BEGIN;
DELETE FROM "times" WHERE "times"."dia_id" > 19841;
DELETE FROM "dias_line_groups" WHERE "dias_line_groups"."dia_id" > 19841;
DELETE FROM "dias" WHERE "dias"."id" > 19841;
COMMIT;

BEGIN;
DELETE FROM "times" USING "dias" WHERE "times"."dia_id" = "dias"."id" AND "dias"."holiday" = TRUE AND "dias"."weekday" = FALSE;
DELETE FROM "dias_line_groups" USING "dias" WHERE "dias_line_groups"."dia_id" = "dias"."id" AND "dias"."holiday" = TRUE AND "dias"."weekday" = FALSE;
DELETE FROM "dias" WHERE "dias"."holiday" = TRUE AND "dias"."weekday" = FALSE;

INSERT INTO "dias" VALUES ( 19842, 191, FALSE, TRUE, 'A0900Z', 12510, 13520 );
INSERT INTO "dias_line_groups" VALUES ( 19842, 10 );
INSERT INTO "times" VALUES ( 19842, 12510, NULL, '09:00:00', 20 );
INSERT INTO "times" VALUES ( 19842, 12520, '09:01:00', '09:01:00', 20 );
INSERT INTO "times" VALUES ( 19842, 12530, '09:03:00', '09:03:00', 20 );
INSERT INTO "times" VALUES ( 19842, 12540, '09:07:00', '09:07:00', 20 );
INSERT INTO "times" VALUES ( 19842, 12870, '09:42:00', '09:42:00', 20 );
INSERT INTO "times" VALUES ( 19842, 12890, '09:45:00', '09:45:00', 20 );
INSERT INTO "times" VALUES ( 19842, 12900, '09:47:00', '09:47:00', 20 );
INSERT INTO "times" VALUES ( 19842, 13520, '09:50:00', NULL, NULL );

INSERT INTO "dias" VALUES ( 19843, 191, FALSE, TRUE, 'A0902Z', 12510, 13520 );
INSERT INTO "dias_line_groups" VALUES ( 19843, 10 );
INSERT INTO "times" VALUES ( 19843, 12510, NULL, '09:30:00', 20 );
INSERT INTO "times" VALUES ( 19843, 12520, '09:31:00', '09:31:00', 20 );
INSERT INTO "times" VALUES ( 19843, 12530, '09:33:00', '09:33:00', 20 );
INSERT INTO "times" VALUES ( 19843, 12540, '09:37:00', '09:37:00', 20 );
INSERT INTO "times" VALUES ( 19843, 12870, '10:12:00', '10:12:00', 20 );
INSERT INTO "times" VALUES ( 19843, 12890, '10:15:00', '10:15:00', 20 );
INSERT INTO "times" VALUES ( 19843, 12900, '10:17:00', '10:17:00', 20 );
INSERT INTO "times" VALUES ( 19843, 13520, '10:20:00', NULL, NULL );

INSERT INTO "dias" VALUES ( 19844, 191, FALSE, TRUE, 'A1000Z', 12510, 13520 );
INSERT INTO "dias_line_groups" VALUES ( 19844, 10 );
INSERT INTO "times" VALUES ( 19844, 12510, NULL, '10:00:00', 20 );
INSERT INTO "times" VALUES ( 19844, 12520, '10:01:00', '10:01:00', 20 );
INSERT INTO "times" VALUES ( 19844, 12530, '10:03:00', '10:03:00', 20 );
INSERT INTO "times" VALUES ( 19844, 12540, '10:07:00', '10:07:00', 20 );
INSERT INTO "times" VALUES ( 19844, 12870, '10:42:00', '10:42:00', 20 );
INSERT INTO "times" VALUES ( 19844, 12890, '10:45:00', '10:45:00', 20 );
INSERT INTO "times" VALUES ( 19844, 12900, '10:47:00', '10:47:00', 20 );
INSERT INTO "times" VALUES ( 19844, 13520, '10:50:00', NULL, NULL );

INSERT INTO "dias" VALUES ( 19845, 191, FALSE, TRUE, 'A1002Z', 12510, 13520 );
INSERT INTO "dias_line_groups" VALUES ( 19845, 10 );
INSERT INTO "times" VALUES ( 19845, 12510, NULL, '10:30:00', 20 );
INSERT INTO "times" VALUES ( 19845, 12520, '10:31:00', '10:31:00', 20 );
INSERT INTO "times" VALUES ( 19845, 12530, '10:33:00', '10:33:00', 20 );
INSERT INTO "times" VALUES ( 19845, 12540, '10:37:00', '10:37:00', 20 );
INSERT INTO "times" VALUES ( 19845, 12870, '11:12:00', '11:12:00', 20 );
INSERT INTO "times" VALUES ( 19845, 12890, '11:15:00', '11:15:00', 20 );
INSERT INTO "times" VALUES ( 19845, 12900, '11:17:00', '11:17:00', 20 );
INSERT INTO "times" VALUES ( 19845, 13520, '11:20:00', NULL, NULL );

INSERT INTO "dias" VALUES ( 19846, 191, FALSE, TRUE, 'A1100Z', 12510, 13520 );
INSERT INTO "dias_line_groups" VALUES ( 19846, 10 );
INSERT INTO "times" VALUES ( 19846, 12510, NULL, '11:00:00', 20 );
INSERT INTO "times" VALUES ( 19846, 12520, '11:01:00', '11:01:00', 20 );
INSERT INTO "times" VALUES ( 19846, 12530, '11:03:00', '11:03:00', 20 );
INSERT INTO "times" VALUES ( 19846, 12540, '11:07:00', '11:07:00', 20 );
INSERT INTO "times" VALUES ( 19846, 12870, '11:42:00', '11:42:00', 20 );
INSERT INTO "times" VALUES ( 19846, 12890, '11:45:00', '11:45:00', 20 );
INSERT INTO "times" VALUES ( 19846, 12900, '11:47:00', '11:47:00', 20 );
INSERT INTO "times" VALUES ( 19846, 13520, '11:50:00', NULL, NULL );

INSERT INTO "dias" VALUES ( 19847, 191, FALSE, TRUE, 'A1501A', 13520, 12510 );
INSERT INTO "dias_line_groups" VALUES ( 19847, 10 );
INSERT INTO "times" VALUES ( 19847, 12510, '16:34:00', NULL, NULL );
INSERT INTO "times" VALUES ( 19847, 12520, '16:32:00', '16:32:00', 20 );
INSERT INTO "times" VALUES ( 19847, 12530, '16:30:00', '16:30:00', 20 );
INSERT INTO "times" VALUES ( 19847, 12540, '16:25:00', '16:26:00', 20 );
INSERT INTO "times" VALUES ( 19847, 12870, '15:50:00', '15:50:00', 20 );
INSERT INTO "times" VALUES ( 19847, 12890, '15:47:00', '15:47:00', 20 );
INSERT INTO "times" VALUES ( 19847, 12900, '15:46:00', '15:46:00', 20 );
INSERT INTO "times" VALUES ( 19847, 13520, NULL, '15:43:00', 30 );

INSERT INTO "dias" VALUES ( 19848, 191, FALSE, TRUE, 'A1601A', 13520, 12510 );
INSERT INTO "dias_line_groups" VALUES ( 19848, 10 );
INSERT INTO "times" VALUES ( 19848, 12510, '17:04:00', NULL, NULL );
INSERT INTO "times" VALUES ( 19848, 12520, '17:02:00', '17:02:00', 20 );
INSERT INTO "times" VALUES ( 19848, 12530, '17:00:00', '17:00:00', 20 );
INSERT INTO "times" VALUES ( 19848, 12540, '16:55:00', '16:56:00', 20 );
INSERT INTO "times" VALUES ( 19848, 12870, '16:20:00', '16:20:00', 20 );
INSERT INTO "times" VALUES ( 19848, 12890, '16:17:00', '16:17:00', 20 );
INSERT INTO "times" VALUES ( 19848, 12900, '16:16:00', '16:16:00', 20 );
INSERT INTO "times" VALUES ( 19848, 13520, NULL, '16:13:00', 30 );

INSERT INTO "dias" VALUES ( 19849, 191, FALSE, TRUE, 'A1603A', 13520, 12510 );
INSERT INTO "dias_line_groups" VALUES ( 19849, 10 );
INSERT INTO "times" VALUES ( 19849, 12510, '17:34:00', NULL, NULL );
INSERT INTO "times" VALUES ( 19849, 12520, '17:32:00', '17:32:00', 20 );
INSERT INTO "times" VALUES ( 19849, 12530, '17:30:00', '17:30:00', 20 );
INSERT INTO "times" VALUES ( 19849, 12540, '17:25:00', '17:26:00', 20 );
INSERT INTO "times" VALUES ( 19849, 12870, '16:50:00', '16:50:00', 20 );
INSERT INTO "times" VALUES ( 19849, 12890, '16:47:00', '16:47:00', 20 );
INSERT INTO "times" VALUES ( 19849, 12900, '16:46:00', '16:46:00', 20 );
INSERT INTO "times" VALUES ( 19849, 13520, NULL, '16:43:00', 30 );

INSERT INTO "dias" VALUES ( 19850, 191, FALSE, TRUE, 'A1701A', 13520, 12510 );
INSERT INTO "dias_line_groups" VALUES ( 19850, 10 );
INSERT INTO "times" VALUES ( 19850, 12510, '18:04:00', NULL, NULL );
INSERT INTO "times" VALUES ( 19850, 12520, '18:02:00', '18:02:00', 20 );
INSERT INTO "times" VALUES ( 19850, 12530, '18:00:00', '18:00:00', 20 );
INSERT INTO "times" VALUES ( 19850, 12540, '17:55:00', '17:56:00', 20 );
INSERT INTO "times" VALUES ( 19850, 12870, '17:20:00', '17:20:00', 20 );
INSERT INTO "times" VALUES ( 19850, 12890, '17:17:00', '17:17:00', 20 );
INSERT INTO "times" VALUES ( 19850, 12900, '17:16:00', '17:16:00', 20 );
INSERT INTO "times" VALUES ( 19850, 13520, NULL, '17:13:00', 30 );

INSERT INTO "dias" VALUES ( 19851, 191, FALSE, TRUE, 'A1703A', 13520, 12510 );
INSERT INTO "dias_line_groups" VALUES ( 19851, 10 );
INSERT INTO "times" VALUES ( 19851, 12510, '18:34:00', NULL, NULL );
INSERT INTO "times" VALUES ( 19851, 12520, '18:32:00', '18:32:00', 20 );
INSERT INTO "times" VALUES ( 19851, 12530, '18:30:00', '18:30:00', 20 );
INSERT INTO "times" VALUES ( 19851, 12540, '18:25:00', '18:26:00', 20 );
INSERT INTO "times" VALUES ( 19851, 12870, '17:50:00', '17:50:00', 20 );
INSERT INTO "times" VALUES ( 19851, 12890, '17:47:00', '17:47:00', 20 );
INSERT INTO "times" VALUES ( 19851, 12900, '17:46:00', '17:46:00', 20 );
INSERT INTO "times" VALUES ( 19851, 13520, NULL, '17:43:00', 30 );

INSERT INTO "dias" VALUES ( 19852, 180, FALSE, TRUE, 'B0600Z', 12510, 13520 );
INSERT INTO "dias_line_groups" VALUES ( 19852, 10 );
INSERT INTO "times" VALUES ( 19852, 12510, NULL, '06:40:00', 20 );
INSERT INTO "times" VALUES ( 19852, 12520, '06:41:00', '06:41:00', 20 );
INSERT INTO "times" VALUES ( 19852, 12530, '06:43:00', '06:43:00', 20 );
INSERT INTO "times" VALUES ( 19852, 12540, '06:47:00', '06:47:00', 20 );
INSERT INTO "times" VALUES ( 19852, 12710, '07:00:00', '07:01:00', 20 );
INSERT INTO "times" VALUES ( 19852, 12740, '07:07:00', '07:07:00', 20 );
INSERT INTO "times" VALUES ( 19852, 12780, '07:17:00', '07:17:00', 20 );
INSERT INTO "times" VALUES ( 19852, 12800, '07:20:00', '07:20:00', 20 );
INSERT INTO "times" VALUES ( 19852, 12870, '07:26:00', '07:26:00', 20 );
INSERT INTO "times" VALUES ( 19852, 12890, '07:29:00', '07:29:00', 20 );
INSERT INTO "times" VALUES ( 19852, 12900, '07:31:00', '07:31:00', 20 );
INSERT INTO "times" VALUES ( 19852, 13520, '07:34:00', NULL, NULL );

INSERT INTO "dias" VALUES ( 19853, 180, FALSE, TRUE, 'B0601A', 13520, 12510 );
INSERT INTO "dias_line_groups" VALUES ( 19853, 10 );
INSERT INTO "times" VALUES ( 19853, 12510, '07:04:00', NULL, NULL );
INSERT INTO "times" VALUES ( 19853, 12520, '07:02:00', '07:02:00', 20 );
INSERT INTO "times" VALUES ( 19853, 12530, '07:00:00', '07:00:00', 20 );
INSERT INTO "times" VALUES ( 19853, 12540, '06:57:00', '06:57:00', 20 );
INSERT INTO "times" VALUES ( 19853, 12710, '06:42:00', '06:43:00', 20 );
INSERT INTO "times" VALUES ( 19853, 12740, '06:36:00', '06:37:00', 20 );
INSERT INTO "times" VALUES ( 19853, 12780, '06:26:00', '06:26:00', 20 );
INSERT INTO "times" VALUES ( 19853, 12800, '06:23:00', '06:23:00', 20 );
INSERT INTO "times" VALUES ( 19853, 12870, '06:17:00', '06:17:00', 20 );
INSERT INTO "times" VALUES ( 19853, 12890, '06:14:00', '06:14:00', 20 );
INSERT INTO "times" VALUES ( 19853, 12900, '06:13:00', '06:13:00', 20 );
INSERT INTO "times" VALUES ( 19853, 13520, NULL, '06:10:00', 30 );

INSERT INTO "dias" VALUES ( 19854, 180, FALSE, TRUE, 'B0603A', 13520, 12510 );
INSERT INTO "dias_line_groups" VALUES ( 19854, 10 );
INSERT INTO "times" VALUES ( 19854, 12510, '07:24:00', NULL, NULL );
INSERT INTO "times" VALUES ( 19854, 12520, '07:22:00', '07:22:00', 20 );
INSERT INTO "times" VALUES ( 19854, 12530, '07:20:00', '07:20:00', 20 );
INSERT INTO "times" VALUES ( 19854, 12540, '07:16:00', '07:17:00', 20 );
INSERT INTO "times" VALUES ( 19854, 12710, '07:02:00', '07:02:00', 20 );
INSERT INTO "times" VALUES ( 19854, 12740, '06:56:00', '06:56:00', 20 );
INSERT INTO "times" VALUES ( 19854, 12780, '06:46:00', '06:46:00', 20 );
INSERT INTO "times" VALUES ( 19854, 12800, '06:43:00', '06:43:00', 20 );
INSERT INTO "times" VALUES ( 19854, 12870, '06:37:00', '06:37:00', 20 );
INSERT INTO "times" VALUES ( 19854, 12890, '06:34:00', '06:34:00', 20 );
INSERT INTO "times" VALUES ( 19854, 12900, '06:33:00', '06:33:00', 20 );
INSERT INTO "times" VALUES ( 19854, 13520, NULL, '06:30:00', 30 );

INSERT INTO "dias" VALUES ( 19855, 180, FALSE, TRUE, 'B0605A', 13520, 12510 );
INSERT INTO "dias_line_groups" VALUES ( 19855, 10 );
INSERT INTO "times" VALUES ( 19855, 12510, '07:45:00', NULL, NULL );
INSERT INTO "times" VALUES ( 19855, 12520, '07:43:00', '07:43:00', 20 );
INSERT INTO "times" VALUES ( 19855, 12530, '07:41:00', '07:41:00', 20 );
INSERT INTO "times" VALUES ( 19855, 12540, '07:38:00', '07:38:00', 20 );
INSERT INTO "times" VALUES ( 19855, 12710, '07:22:00', '07:23:00', 20 );
INSERT INTO "times" VALUES ( 19855, 12740, '07:17:00', '07:17:00', 20 );
INSERT INTO "times" VALUES ( 19855, 12780, '07:06:00', '07:06:00', 20 );
INSERT INTO "times" VALUES ( 19855, 12800, '07:03:00', '07:03:00', 20 );
INSERT INTO "times" VALUES ( 19855, 12870, '06:57:00', '06:57:00', 20 );
INSERT INTO "times" VALUES ( 19855, 12890, '06:54:00', '06:54:00', 20 );
INSERT INTO "times" VALUES ( 19855, 12900, '06:53:00', '06:53:00', 20 );
INSERT INTO "times" VALUES ( 19855, 13520, NULL, '06:50:00', 30 );

INSERT INTO "dias" VALUES ( 19856, 180, FALSE, TRUE, 'B0700Z', 12510, 13520 );
INSERT INTO "dias_line_groups" VALUES ( 19856, 10 );
INSERT INTO "times" VALUES ( 19856, 12510, NULL, '07:00:00', 20 );
INSERT INTO "times" VALUES ( 19856, 12520, '07:01:00', '07:01:00', 20 );
INSERT INTO "times" VALUES ( 19856, 12530, '07:03:00', '07:03:00', 20 );
INSERT INTO "times" VALUES ( 19856, 12540, '07:07:00', '07:07:00', 20 );
INSERT INTO "times" VALUES ( 19856, 12710, '07:21:00', '07:22:00', 20 );
INSERT INTO "times" VALUES ( 19856, 12740, '07:27:00', '07:27:00', 20 );
INSERT INTO "times" VALUES ( 19856, 12780, '07:38:00', '07:38:00', 20 );
INSERT INTO "times" VALUES ( 19856, 12800, '07:40:00', '07:41:00', 20 );
INSERT INTO "times" VALUES ( 19856, 12870, '07:47:00', '07:47:00', 20 );
INSERT INTO "times" VALUES ( 19856, 12890, '07:49:00', '07:49:00', 20 );
INSERT INTO "times" VALUES ( 19856, 12900, '07:52:00', '07:52:00', 20 );
INSERT INTO "times" VALUES ( 19856, 13520, '07:55:00', NULL, NULL );

INSERT INTO "dias" VALUES ( 19857, 180, FALSE, TRUE, 'B0701A', 13520, 12510 );
INSERT INTO "dias_line_groups" VALUES ( 19857, 10 );
INSERT INTO "times" VALUES ( 19857, 12510, '08:05:00', NULL, NULL );
INSERT INTO "times" VALUES ( 19857, 12520, '08:03:00', '08:03:00', 20 );
INSERT INTO "times" VALUES ( 19857, 12530, '08:01:00', '08:01:00', 20 );
INSERT INTO "times" VALUES ( 19857, 12540, '07:58:00', '07:58:00', 20 );
INSERT INTO "times" VALUES ( 19857, 12710, '07:42:00', '07:43:00', 20 );
INSERT INTO "times" VALUES ( 19857, 12740, '07:37:00', '07:37:00', 20 );
INSERT INTO "times" VALUES ( 19857, 12780, '07:26:00', '07:26:00', 20 );
INSERT INTO "times" VALUES ( 19857, 12800, '07:23:00', '07:23:00', 20 );
INSERT INTO "times" VALUES ( 19857, 12870, '07:17:00', '07:17:00', 20 );
INSERT INTO "times" VALUES ( 19857, 12890, '07:14:00', '07:14:00', 20 );
INSERT INTO "times" VALUES ( 19857, 12900, '07:13:00', '07:13:00', 20 );
INSERT INTO "times" VALUES ( 19857, 13520, NULL, '07:10:00', 30 );

INSERT INTO "dias" VALUES ( 19858, 180, FALSE, TRUE, 'B0702Z', 12510, 13520 );
INSERT INTO "dias_line_groups" VALUES ( 19858, 10 );
INSERT INTO "times" VALUES ( 19858, 12510, NULL, '07:20:00', 20 );
INSERT INTO "times" VALUES ( 19858, 12520, '07:21:00', '07:21:00', 20 );
INSERT INTO "times" VALUES ( 19858, 12530, '07:23:00', '07:23:00', 20 );
INSERT INTO "times" VALUES ( 19858, 12540, '07:27:00', '07:27:00', 20 );
INSERT INTO "times" VALUES ( 19858, 12710, '07:41:00', '07:42:00', 20 );
INSERT INTO "times" VALUES ( 19858, 12740, '07:47:00', '07:47:00', 20 );
INSERT INTO "times" VALUES ( 19858, 12780, '07:57:00', '07:58:00', 20 );
INSERT INTO "times" VALUES ( 19858, 12800, '08:01:00', '08:01:00', 20 );
INSERT INTO "times" VALUES ( 19858, 12870, '08:07:00', '08:07:00', 20 );
INSERT INTO "times" VALUES ( 19858, 12890, '08:09:00', '08:09:00', 20 );
INSERT INTO "times" VALUES ( 19858, 12900, '08:11:00', '08:11:00', 20 );
INSERT INTO "times" VALUES ( 19858, 13520, '08:15:00', NULL, NULL );

INSERT INTO "dias" VALUES ( 19859, 180, FALSE, TRUE, 'B0703A', 13520, 12510 );
INSERT INTO "dias_line_groups" VALUES ( 19859, 10 );
INSERT INTO "times" VALUES ( 19859, 12510, '08:25:00', NULL, NULL );
INSERT INTO "times" VALUES ( 19859, 12520, '08:23:00', '08:23:00', 20 );
INSERT INTO "times" VALUES ( 19859, 12530, '08:22:00', '08:22:00', 20 );
INSERT INTO "times" VALUES ( 19859, 12540, '08:18:00', '08:19:00', 20 );
INSERT INTO "times" VALUES ( 19859, 12710, '08:02:00', '08:03:00', 20 );
INSERT INTO "times" VALUES ( 19859, 12740, '07:57:00', '07:57:00', 20 );
INSERT INTO "times" VALUES ( 19859, 12780, '07:46:00', '07:46:00', 20 );
INSERT INTO "times" VALUES ( 19859, 12800, '07:43:00', '07:43:00', 20 );
INSERT INTO "times" VALUES ( 19859, 12870, '07:37:00', '07:37:00', 20 );
INSERT INTO "times" VALUES ( 19859, 12890, '07:34:00', '07:34:00', 20 );
INSERT INTO "times" VALUES ( 19859, 12900, '07:33:00', '07:33:00', 20 );
INSERT INTO "times" VALUES ( 19859, 13520, NULL, '07:30:00', 30 );

INSERT INTO "dias" VALUES ( 19860, 180, FALSE, TRUE, 'B0704Z', 12510, 13520 );
INSERT INTO "dias_line_groups" VALUES ( 19860, 10 );
INSERT INTO "times" VALUES ( 19860, 12510, NULL, '07:30:00', 20 );
INSERT INTO "times" VALUES ( 19860, 12520, '07:31:00', '07:31:00', 20 );
INSERT INTO "times" VALUES ( 19860, 12530, '07:33:00', '07:33:00', 20 );
INSERT INTO "times" VALUES ( 19860, 12540, '07:37:00', '07:37:00', 20 );
INSERT INTO "times" VALUES ( 19860, 12710, '07:52:00', '07:53:00', 20 );
INSERT INTO "times" VALUES ( 19860, 12740, '07:58:00', '07:58:00', 20 );
INSERT INTO "times" VALUES ( 19860, 12780, '08:09:00', '08:09:00', 20 );
INSERT INTO "times" VALUES ( 19860, 12800, '08:12:00', '08:12:00', 20 );
INSERT INTO "times" VALUES ( 19860, 12870, '08:18:00', '08:18:00', 20 );
INSERT INTO "times" VALUES ( 19860, 12890, '08:20:00', '08:20:00', 20 );
INSERT INTO "times" VALUES ( 19860, 12900, '08:22:00', '08:22:00', 20 );
INSERT INTO "times" VALUES ( 19860, 13520, '08:26:00', NULL, NULL );

INSERT INTO "dias" VALUES ( 19861, 180, FALSE, TRUE, 'B0705A', 13520, 12510 );
INSERT INTO "dias_line_groups" VALUES ( 19861, 10 );
INSERT INTO "times" VALUES ( 19861, 12510, '08:45:00', NULL, NULL );
INSERT INTO "times" VALUES ( 19861, 12520, '08:43:00', '08:43:00', 20 );
INSERT INTO "times" VALUES ( 19861, 12530, '08:41:00', '08:41:00', 20 );
INSERT INTO "times" VALUES ( 19861, 12540, '08:38:00', '08:38:00', 20 );
INSERT INTO "times" VALUES ( 19861, 12710, '08:22:00', '08:23:00', 20 );
INSERT INTO "times" VALUES ( 19861, 12740, '08:17:00', '08:17:00', 20 );
INSERT INTO "times" VALUES ( 19861, 12780, '08:06:00', '08:06:00', 20 );
INSERT INTO "times" VALUES ( 19861, 12800, '08:04:00', '08:04:00', 20 );
INSERT INTO "times" VALUES ( 19861, 12870, '07:57:00', '07:57:00', 20 );
INSERT INTO "times" VALUES ( 19861, 12890, '07:54:00', '07:54:00', 20 );
INSERT INTO "times" VALUES ( 19861, 12900, '07:53:00', '07:53:00', 20 );
INSERT INTO "times" VALUES ( 19861, 13520, NULL, '07:50:00', 30 );

INSERT INTO "dias" VALUES ( 19862, 180, FALSE, TRUE, 'B0706Z', 12510, 13520 );
INSERT INTO "dias_line_groups" VALUES ( 19862, 10 );
INSERT INTO "times" VALUES ( 19862, 12510, NULL, '07:40:00', 20 );
INSERT INTO "times" VALUES ( 19862, 12520, '07:41:00', '07:41:00', 20 );
INSERT INTO "times" VALUES ( 19862, 12530, '07:43:00', '07:43:00', 20 );
INSERT INTO "times" VALUES ( 19862, 12540, '07:47:00', '07:47:00', 20 );
INSERT INTO "times" VALUES ( 19862, 12710, '08:02:00', '08:03:00', 20 );
INSERT INTO "times" VALUES ( 19862, 12740, '08:08:00', '08:08:00', 20 );
INSERT INTO "times" VALUES ( 19862, 12780, '08:19:00', '08:19:00', 20 );
INSERT INTO "times" VALUES ( 19862, 12800, '08:22:00', '08:22:00', 20 );
INSERT INTO "times" VALUES ( 19862, 12870, '08:28:00', '08:28:00', 20 );
INSERT INTO "times" VALUES ( 19862, 12890, '08:30:00', '08:30:00', 20 );
INSERT INTO "times" VALUES ( 19862, 12900, '08:32:00', '08:32:00', 20 );
INSERT INTO "times" VALUES ( 19862, 13520, '08:36:00', NULL, NULL );

INSERT INTO "dias" VALUES ( 19863, 180, FALSE, TRUE, 'B0708Z', 12510, 13520 );
INSERT INTO "dias_line_groups" VALUES ( 19863, 10 );
INSERT INTO "times" VALUES ( 19863, 12510, NULL, '07:50:00', 20 );
INSERT INTO "times" VALUES ( 19863, 12520, '07:51:00', '07:51:00', 20 );
INSERT INTO "times" VALUES ( 19863, 12530, '07:53:00', '07:53:00', 20 );
INSERT INTO "times" VALUES ( 19863, 12540, '07:57:00', '07:57:00', 20 );
INSERT INTO "times" VALUES ( 19863, 12710, '08:12:00', '08:13:00', 20 );
INSERT INTO "times" VALUES ( 19863, 12740, '08:18:00', '08:18:00', 20 );
INSERT INTO "times" VALUES ( 19863, 12780, '08:29:00', '08:29:00', 20 );
INSERT INTO "times" VALUES ( 19863, 12800, '08:32:00', '08:32:00', 20 );
INSERT INTO "times" VALUES ( 19863, 12870, '08:38:00', '08:38:00', 20 );
INSERT INTO "times" VALUES ( 19863, 12890, '08:40:00', '08:40:00', 20 );
INSERT INTO "times" VALUES ( 19863, 12900, '08:42:00', '08:42:00', 20 );
INSERT INTO "times" VALUES ( 19863, 13520, '08:46:00', NULL, NULL );

INSERT INTO "dias" VALUES ( 19864, 180, FALSE, TRUE, 'B0800Z', 12510, 13520 );
INSERT INTO "dias_line_groups" VALUES ( 19864, 10 );
INSERT INTO "times" VALUES ( 19864, 12510, NULL, '08:00:00', 20 );
INSERT INTO "times" VALUES ( 19864, 12520, '08:01:00', '08:01:00', 20 );
INSERT INTO "times" VALUES ( 19864, 12530, '08:03:00', '08:03:00', 20 );
INSERT INTO "times" VALUES ( 19864, 12540, '08:07:00', '08:07:00', 20 );
INSERT INTO "times" VALUES ( 19864, 12710, '08:22:00', '08:23:00', 20 );
INSERT INTO "times" VALUES ( 19864, 12740, '08:28:00', '08:28:00', 20 );
INSERT INTO "times" VALUES ( 19864, 12780, '08:39:00', '08:39:00', 20 );
INSERT INTO "times" VALUES ( 19864, 12800, '08:42:00', '08:42:00', 20 );
INSERT INTO "times" VALUES ( 19864, 12870, '08:48:00', '08:48:00', 20 );
INSERT INTO "times" VALUES ( 19864, 12890, '08:50:00', '08:50:00', 20 );
INSERT INTO "times" VALUES ( 19864, 12900, '08:52:00', '08:52:00', 20 );
INSERT INTO "times" VALUES ( 19864, 13520, '08:56:00', NULL, NULL );

INSERT INTO "dias" VALUES ( 19865, 180, FALSE, TRUE, 'B0801A', 13520, 12510 );
INSERT INTO "dias_line_groups" VALUES ( 19865, 10 );
INSERT INTO "times" VALUES ( 19865, 12510, '08:56:00', NULL, NULL );
INSERT INTO "times" VALUES ( 19865, 12520, '08:54:00', '08:54:00', 20 );
INSERT INTO "times" VALUES ( 19865, 12530, '08:52:00', '08:52:00', 20 );
INSERT INTO "times" VALUES ( 19865, 12540, '08:49:00', '08:49:00', 20 );
INSERT INTO "times" VALUES ( 19865, 12710, '08:33:00', '08:34:00', 20 );
INSERT INTO "times" VALUES ( 19865, 12740, '08:28:00', '08:28:00', 20 );
INSERT INTO "times" VALUES ( 19865, 12780, '08:17:00', '08:17:00', 20 );
INSERT INTO "times" VALUES ( 19865, 12800, '08:14:00', '08:14:00', 20 );
INSERT INTO "times" VALUES ( 19865, 12870, '08:08:00', '08:08:00', 20 );
INSERT INTO "times" VALUES ( 19865, 12890, '08:05:00', '08:05:00', 20 );
INSERT INTO "times" VALUES ( 19865, 12900, '08:04:00', '08:04:00', 20 );
INSERT INTO "times" VALUES ( 19865, 13520, NULL, '08:01:00', 30 );

INSERT INTO "dias" VALUES ( 19866, 180, FALSE, TRUE, 'B0802Z', 12510, 13520 );
INSERT INTO "dias_line_groups" VALUES ( 19866, 10 );
INSERT INTO "times" VALUES ( 19866, 12510, NULL, '08:10:00', 20 );
INSERT INTO "times" VALUES ( 19866, 12520, '08:11:00', '08:11:00', 20 );
INSERT INTO "times" VALUES ( 19866, 12530, '08:13:00', '08:13:00', 20 );
INSERT INTO "times" VALUES ( 19866, 12540, '08:17:00', '08:17:00', 20 );
INSERT INTO "times" VALUES ( 19866, 12710, '08:32:00', '08:33:00', 20 );
INSERT INTO "times" VALUES ( 19866, 12740, '08:38:00', '08:38:00', 20 );
INSERT INTO "times" VALUES ( 19866, 12780, '08:49:00', '08:49:00', 20 );
INSERT INTO "times" VALUES ( 19866, 12800, '08:51:00', '08:51:00', 20 );
INSERT INTO "times" VALUES ( 19866, 12870, '08:57:00', '08:57:00', 20 );
INSERT INTO "times" VALUES ( 19866, 12890, '09:00:00', '09:00:00', 20 );
INSERT INTO "times" VALUES ( 19866, 12900, '09:02:00', '09:02:00', 20 );
INSERT INTO "times" VALUES ( 19866, 13520, '09:06:00', NULL, NULL );

INSERT INTO "dias" VALUES ( 19867, 180, FALSE, TRUE, 'B0803A', 13520, 12510 );
INSERT INTO "dias_line_groups" VALUES ( 19867, 10 );
INSERT INTO "times" VALUES ( 19867, 12510, '09:12:00', NULL, NULL );
INSERT INTO "times" VALUES ( 19867, 12520, '09:10:00', '09:10:00', 20 );
INSERT INTO "times" VALUES ( 19867, 12530, '09:08:00', '09:08:00', 20 );
INSERT INTO "times" VALUES ( 19867, 12540, '09:03:00', '09:05:00', 20 );
INSERT INTO "times" VALUES ( 19867, 12710, '08:46:00', '08:47:00', 20 );
INSERT INTO "times" VALUES ( 19867, 12740, '08:41:00', '08:41:00', 20 );
INSERT INTO "times" VALUES ( 19867, 12780, '08:30:00', '08:30:00', 20 );
INSERT INTO "times" VALUES ( 19867, 12800, '08:26:00', '08:27:00', 20 );
INSERT INTO "times" VALUES ( 19867, 12870, '08:20:00', '08:20:00', 20 );
INSERT INTO "times" VALUES ( 19867, 12890, '08:18:00', '08:18:00', 20 );
INSERT INTO "times" VALUES ( 19867, 12900, '08:16:00', '08:16:00', 20 );
INSERT INTO "times" VALUES ( 19867, 13520, NULL, '08:13:00', 30 );

INSERT INTO "dias" VALUES ( 19868, 180, FALSE, TRUE, 'B0804Z', 12510, 13520 );
INSERT INTO "dias_line_groups" VALUES ( 19868, 10 );
INSERT INTO "times" VALUES ( 19868, 12510, NULL, '08:20:00', 20 );
INSERT INTO "times" VALUES ( 19868, 12520, '08:21:00', '08:21:00', 20 );
INSERT INTO "times" VALUES ( 19868, 12530, '08:23:00', '08:23:00', 20 );
INSERT INTO "times" VALUES ( 19868, 12540, '08:27:00', '08:27:00', 20 );
INSERT INTO "times" VALUES ( 19868, 12710, '08:42:00', '08:43:00', 20 );
INSERT INTO "times" VALUES ( 19868, 12740, '08:48:00', '08:48:00', 20 );
INSERT INTO "times" VALUES ( 19868, 12780, '08:59:00', '08:59:00', 20 );
INSERT INTO "times" VALUES ( 19868, 12800, '09:01:00', '09:01:00', 20 );
INSERT INTO "times" VALUES ( 19868, 12870, '09:07:00', '09:07:00', 20 );
INSERT INTO "times" VALUES ( 19868, 12890, '09:10:00', '09:10:00', 20 );
INSERT INTO "times" VALUES ( 19868, 12900, '09:12:00', '09:12:00', 20 );
INSERT INTO "times" VALUES ( 19868, 13520, '09:16:00', NULL, NULL );

INSERT INTO "dias" VALUES ( 19869, 180, FALSE, TRUE, 'B0805A', 13520, 12510 );
INSERT INTO "dias_line_groups" VALUES ( 19869, 10 );
INSERT INTO "times" VALUES ( 19869, 12510, '09:22:00', NULL, NULL );
INSERT INTO "times" VALUES ( 19869, 12520, '09:20:00', '09:20:00', 20 );
INSERT INTO "times" VALUES ( 19869, 12530, '09:18:00', '09:18:00', 20 );
INSERT INTO "times" VALUES ( 19869, 12540, '09:14:00', '09:15:00', 20 );
INSERT INTO "times" VALUES ( 19869, 12710, '08:57:00', '08:58:00', 20 );
INSERT INTO "times" VALUES ( 19869, 12740, '08:52:00', '08:52:00', 20 );
INSERT INTO "times" VALUES ( 19869, 12780, '08:41:00', '08:41:00', 20 );
INSERT INTO "times" VALUES ( 19869, 12800, '08:37:00', '08:38:00', 20 );
INSERT INTO "times" VALUES ( 19869, 12870, '08:31:00', '08:31:00', 20 );
INSERT INTO "times" VALUES ( 19869, 12890, '08:28:00', '08:28:00', 20 );
INSERT INTO "times" VALUES ( 19869, 12900, '08:27:00', '08:27:00', 20 );
INSERT INTO "times" VALUES ( 19869, 13520, NULL, '08:24:00', 30 );

INSERT INTO "dias" VALUES ( 19870, 180, FALSE, TRUE, 'B0806Z', 12510, 13520 );
INSERT INTO "dias_line_groups" VALUES ( 19870, 10 );
INSERT INTO "times" VALUES ( 19870, 12510, NULL, '08:30:00', 20 );
INSERT INTO "times" VALUES ( 19870, 12520, '08:31:00', '08:31:00', 20 );
INSERT INTO "times" VALUES ( 19870, 12530, '08:33:00', '08:33:00', 20 );
INSERT INTO "times" VALUES ( 19870, 12540, '08:37:00', '08:37:00', 20 );
INSERT INTO "times" VALUES ( 19870, 12710, '08:51:00', '08:52:00', 20 );
INSERT INTO "times" VALUES ( 19870, 12740, '08:56:00', '08:57:00', 20 );
INSERT INTO "times" VALUES ( 19870, 12780, '09:09:00', '09:09:00', 20 );
INSERT INTO "times" VALUES ( 19870, 12800, '09:11:00', '09:11:00', 20 );
INSERT INTO "times" VALUES ( 19870, 12870, '09:17:00', '09:17:00', 20 );
INSERT INTO "times" VALUES ( 19870, 12890, '09:20:00', '09:20:00', 20 );
INSERT INTO "times" VALUES ( 19870, 12900, '09:22:00', '09:22:00', 20 );
INSERT INTO "times" VALUES ( 19870, 13520, '09:25:00', NULL, NULL );

INSERT INTO "dias" VALUES ( 19871, 180, FALSE, TRUE, 'B0807A', 13520, 12510 );
INSERT INTO "dias_line_groups" VALUES ( 19871, 10 );
INSERT INTO "times" VALUES ( 19871, 12510, '09:32:00', NULL, NULL );
INSERT INTO "times" VALUES ( 19871, 12520, '09:30:00', '09:30:00', 20 );
INSERT INTO "times" VALUES ( 19871, 12530, '09:28:00', '09:28:00', 20 );
INSERT INTO "times" VALUES ( 19871, 12540, '09:24:00', '09:25:00', 20 );
INSERT INTO "times" VALUES ( 19871, 12710, '09:07:00', '09:08:00', 20 );
INSERT INTO "times" VALUES ( 19871, 12740, '09:01:00', '09:02:00', 20 );
INSERT INTO "times" VALUES ( 19871, 12780, '08:51:00', '08:51:00', 20 );
INSERT INTO "times" VALUES ( 19871, 12800, '08:48:00', '08:48:00', 20 );
INSERT INTO "times" VALUES ( 19871, 12870, '08:41:00', '08:41:00', 20 );
INSERT INTO "times" VALUES ( 19871, 12890, '08:38:00', '08:38:00', 20 );
INSERT INTO "times" VALUES ( 19871, 12900, '08:37:00', '08:37:00', 20 );
INSERT INTO "times" VALUES ( 19871, 13520, NULL, '08:34:00', 30 );

INSERT INTO "dias" VALUES ( 19872, 180, FALSE, TRUE, 'B0808Z', 12510, 13520 );
INSERT INTO "dias_line_groups" VALUES ( 19872, 10 );
INSERT INTO "times" VALUES ( 19872, 12510, NULL, '08:40:00', 20 );
INSERT INTO "times" VALUES ( 19872, 12520, '08:41:00', '08:41:00', 20 );
INSERT INTO "times" VALUES ( 19872, 12530, '08:43:00', '08:43:00', 20 );
INSERT INTO "times" VALUES ( 19872, 12540, '08:47:00', '08:47:00', 20 );
INSERT INTO "times" VALUES ( 19872, 12710, '09:01:00', '09:02:00', 20 );
INSERT INTO "times" VALUES ( 19872, 12740, '09:08:00', '09:08:00', 20 );
INSERT INTO "times" VALUES ( 19872, 12780, '09:19:00', '09:19:00', 20 );
INSERT INTO "times" VALUES ( 19872, 12800, '09:21:00', '09:21:00', 20 );
INSERT INTO "times" VALUES ( 19872, 12870, '09:27:00', '09:27:00', 20 );
INSERT INTO "times" VALUES ( 19872, 12890, '09:30:00', '09:30:00', 20 );
INSERT INTO "times" VALUES ( 19872, 12900, '09:31:00', '09:32:00', 20 );
INSERT INTO "times" VALUES ( 19872, 13520, '09:36:00', NULL, NULL );

INSERT INTO "dias" VALUES ( 19873, 180, FALSE, TRUE, 'B0809A', 13520, 12510 );
INSERT INTO "dias_line_groups" VALUES ( 19873, 10 );
INSERT INTO "times" VALUES ( 19873, 12510, '09:42:00', NULL, NULL );
INSERT INTO "times" VALUES ( 19873, 12520, '09:40:00', '09:40:00', 20 );
INSERT INTO "times" VALUES ( 19873, 12530, '09:38:00', '09:38:00', 20 );
INSERT INTO "times" VALUES ( 19873, 12540, '09:33:00', '09:35:00', 20 );
INSERT INTO "times" VALUES ( 19873, 12710, '09:17:00', '09:18:00', 20 );
INSERT INTO "times" VALUES ( 19873, 12740, '09:11:00', '09:12:00', 20 );
INSERT INTO "times" VALUES ( 19873, 12780, '09:01:00', '09:01:00', 20 );
INSERT INTO "times" VALUES ( 19873, 12800, '08:58:00', '08:58:00', 20 );
INSERT INTO "times" VALUES ( 19873, 12870, '08:51:00', '08:51:00', 20 );
INSERT INTO "times" VALUES ( 19873, 12890, '08:48:00', '08:48:00', 20 );
INSERT INTO "times" VALUES ( 19873, 12900, '08:47:00', '08:47:00', 20 );
INSERT INTO "times" VALUES ( 19873, 13520, NULL, '08:44:00', 30 );

INSERT INTO "dias" VALUES ( 19874, 180, FALSE, TRUE, 'B0810Z', 12510, 13520 );
INSERT INTO "dias_line_groups" VALUES ( 19874, 10 );
INSERT INTO "times" VALUES ( 19874, 12510, NULL, '08:50:00', 20 );
INSERT INTO "times" VALUES ( 19874, 12520, '08:51:00', '08:51:00', 20 );
INSERT INTO "times" VALUES ( 19874, 12530, '08:53:00', '08:53:00', 20 );
INSERT INTO "times" VALUES ( 19874, 12540, '08:57:00', '08:57:00', 20 );
INSERT INTO "times" VALUES ( 19874, 12710, '09:10:00', '09:11:00', 20 );
INSERT INTO "times" VALUES ( 19874, 12740, '09:17:00', '09:17:00', 20 );
INSERT INTO "times" VALUES ( 19874, 12780, '09:28:00', '09:28:00', 20 );
INSERT INTO "times" VALUES ( 19874, 12800, '09:31:00', '09:31:00', 20 );
INSERT INTO "times" VALUES ( 19874, 12870, '09:37:00', '09:37:00', 20 );
INSERT INTO "times" VALUES ( 19874, 12890, '09:40:00', '09:40:00', 20 );
INSERT INTO "times" VALUES ( 19874, 12900, '09:41:00', '09:42:00', 20 );
INSERT INTO "times" VALUES ( 19874, 13520, '09:46:00', NULL, NULL );

INSERT INTO "dias" VALUES ( 19875, 180, FALSE, TRUE, 'B0811A', 13520, 12510 );
INSERT INTO "dias_line_groups" VALUES ( 19875, 10 );
INSERT INTO "times" VALUES ( 19875, 12510, '09:52:00', NULL, NULL );
INSERT INTO "times" VALUES ( 19875, 12520, '09:50:00', '09:50:00', 20 );
INSERT INTO "times" VALUES ( 19875, 12530, '09:48:00', '09:48:00', 20 );
INSERT INTO "times" VALUES ( 19875, 12540, '09:43:00', '09:45:00', 20 );
INSERT INTO "times" VALUES ( 19875, 12710, '09:27:00', '09:28:00', 20 );
INSERT INTO "times" VALUES ( 19875, 12740, '09:22:00', '09:22:00', 20 );
INSERT INTO "times" VALUES ( 19875, 12780, '09:11:00', '09:11:00', 20 );
INSERT INTO "times" VALUES ( 19875, 12800, '09:08:00', '09:08:00', 20 );
INSERT INTO "times" VALUES ( 19875, 12870, '09:01:00', '09:01:00', 20 );
INSERT INTO "times" VALUES ( 19875, 12890, '08:58:00', '08:58:00', 20 );
INSERT INTO "times" VALUES ( 19875, 12900, '08:57:00', '08:57:00', 20 );
INSERT INTO "times" VALUES ( 19875, 13520, NULL, '08:54:00', 30 );

INSERT INTO "dias" VALUES ( 19876, 180, FALSE, TRUE, 'B0900Z', 12510, 13520 );
INSERT INTO "dias_line_groups" VALUES ( 19876, 10 );
INSERT INTO "times" VALUES ( 19876, 12510, NULL, '09:10:00', 20 );
INSERT INTO "times" VALUES ( 19876, 12520, '09:11:00', '09:11:00', 20 );
INSERT INTO "times" VALUES ( 19876, 12530, '09:13:00', '09:13:00', 20 );
INSERT INTO "times" VALUES ( 19876, 12540, '09:17:00', '09:17:00', 20 );
INSERT INTO "times" VALUES ( 19876, 12710, '09:31:00', '09:32:00', 20 );
INSERT INTO "times" VALUES ( 19876, 12740, '09:38:00', '09:38:00', 20 );
INSERT INTO "times" VALUES ( 19876, 12780, '09:49:00', '09:49:00', 20 );
INSERT INTO "times" VALUES ( 19876, 12800, '09:51:00', '09:51:00', 20 );
INSERT INTO "times" VALUES ( 19876, 12870, '09:58:00', '09:58:00', 20 );
INSERT INTO "times" VALUES ( 19876, 12890, '10:01:00', '10:01:00', 20 );
INSERT INTO "times" VALUES ( 19876, 12900, '10:03:00', '10:03:00', 20 );
INSERT INTO "times" VALUES ( 19876, 13520, '10:06:00', NULL, NULL );

INSERT INTO "dias" VALUES ( 19877, 180, FALSE, TRUE, 'B0901A', 13520, 12510 );
INSERT INTO "dias_line_groups" VALUES ( 19877, 10 );
INSERT INTO "times" VALUES ( 19877, 12510, '10:02:00', NULL, NULL );
INSERT INTO "times" VALUES ( 19877, 12520, '10:00:00', '10:00:00', 20 );
INSERT INTO "times" VALUES ( 19877, 12530, '09:58:00', '09:58:00', 20 );
INSERT INTO "times" VALUES ( 19877, 12540, '09:53:00', '09:55:00', 20 );
INSERT INTO "times" VALUES ( 19877, 12710, '09:37:00', '09:38:00', 20 );
INSERT INTO "times" VALUES ( 19877, 12740, '09:32:00', '09:32:00', 20 );
INSERT INTO "times" VALUES ( 19877, 12780, '09:21:00', '09:21:00', 20 );
INSERT INTO "times" VALUES ( 19877, 12800, '09:18:00', '09:18:00', 20 );
INSERT INTO "times" VALUES ( 19877, 12870, '09:11:00', '09:11:00', 20 );
INSERT INTO "times" VALUES ( 19877, 12890, '09:09:00', '09:09:00', 20 );
INSERT INTO "times" VALUES ( 19877, 12900, '09:07:00', '09:08:00', 20 );
INSERT INTO "times" VALUES ( 19877, 13520, NULL, '09:04:00', 30 );

INSERT INTO "dias" VALUES ( 19878, 180, FALSE, TRUE, 'B0902Z', 12510, 13520 );
INSERT INTO "dias_line_groups" VALUES ( 19878, 10 );
INSERT INTO "times" VALUES ( 19878, 12510, NULL, '09:20:00', 20 );
INSERT INTO "times" VALUES ( 19878, 12520, '09:21:00', '09:21:00', 20 );
INSERT INTO "times" VALUES ( 19878, 12530, '09:23:00', '09:23:00', 20 );
INSERT INTO "times" VALUES ( 19878, 12540, '09:27:00', '09:27:00', 20 );
INSERT INTO "times" VALUES ( 19878, 12710, '09:40:00', '09:41:00', 20 );
INSERT INTO "times" VALUES ( 19878, 12740, '09:47:00', '09:47:00', 20 );
INSERT INTO "times" VALUES ( 19878, 12780, '09:58:00', '09:58:00', 20 );
INSERT INTO "times" VALUES ( 19878, 12800, '10:01:00', '10:01:00', 20 );
INSERT INTO "times" VALUES ( 19878, 12870, '10:07:00', '10:07:00', 20 );
INSERT INTO "times" VALUES ( 19878, 12890, '10:10:00', '10:10:00', 20 );
INSERT INTO "times" VALUES ( 19878, 12900, '10:12:00', '10:13:00', 20 );
INSERT INTO "times" VALUES ( 19878, 13520, '10:16:00', NULL, NULL );

INSERT INTO "dias" VALUES ( 19879, 180, FALSE, TRUE, 'B0903A', 13520, 12510 );
INSERT INTO "dias_line_groups" VALUES ( 19879, 10 );
INSERT INTO "times" VALUES ( 19879, 12510, '10:12:00', NULL, NULL );
INSERT INTO "times" VALUES ( 19879, 12520, '10:10:00', '10:10:00', 20 );
INSERT INTO "times" VALUES ( 19879, 12530, '10:08:00', '10:08:00', 20 );
INSERT INTO "times" VALUES ( 19879, 12540, '10:03:00', '10:05:00', 20 );
INSERT INTO "times" VALUES ( 19879, 12710, '09:47:00', '09:48:00', 20 );
INSERT INTO "times" VALUES ( 19879, 12740, '09:42:00', '09:42:00', 20 );
INSERT INTO "times" VALUES ( 19879, 12780, '09:31:00', '09:31:00', 20 );
INSERT INTO "times" VALUES ( 19879, 12800, '09:28:00', '09:28:00', 20 );
INSERT INTO "times" VALUES ( 19879, 12870, '09:21:00', '09:21:00', 20 );
INSERT INTO "times" VALUES ( 19879, 12890, '09:19:00', '09:19:00', 20 );
INSERT INTO "times" VALUES ( 19879, 12900, '09:17:00', '09:18:00', 20 );
INSERT INTO "times" VALUES ( 19879, 13520, NULL, '09:14:00', 30 );

INSERT INTO "dias" VALUES ( 19880, 180, FALSE, TRUE, 'B0904Z', 12510, 13520 );
INSERT INTO "dias_line_groups" VALUES ( 19880, 10 );
INSERT INTO "times" VALUES ( 19880, 12510, NULL, '09:40:00', 20 );
INSERT INTO "times" VALUES ( 19880, 12520, '09:41:00', '09:41:00', 20 );
INSERT INTO "times" VALUES ( 19880, 12530, '09:43:00', '09:43:00', 20 );
INSERT INTO "times" VALUES ( 19880, 12540, '09:46:00', '09:47:00', 20 );
INSERT INTO "times" VALUES ( 19880, 12710, '10:02:00', '10:02:00', 20 );
INSERT INTO "times" VALUES ( 19880, 12740, '10:07:00', '10:08:00', 20 );
INSERT INTO "times" VALUES ( 19880, 12780, '10:19:00', '10:19:00', 20 );
INSERT INTO "times" VALUES ( 19880, 12800, '10:22:00', '10:22:00', 20 );
INSERT INTO "times" VALUES ( 19880, 12870, '10:28:00', '10:28:00', 20 );
INSERT INTO "times" VALUES ( 19880, 12890, '10:31:00', '10:31:00', 20 );
INSERT INTO "times" VALUES ( 19880, 12900, '10:33:00', '10:33:00', 20 );
INSERT INTO "times" VALUES ( 19880, 13520, '10:36:00', NULL, NULL );

INSERT INTO "dias" VALUES ( 19881, 180, FALSE, TRUE, 'B0905A', 13520, 12510 );
INSERT INTO "dias_line_groups" VALUES ( 19881, 10 );
INSERT INTO "times" VALUES ( 19881, 12510, '10:22:00', NULL, NULL );
INSERT INTO "times" VALUES ( 19881, 12520, '10:20:00', '10:20:00', 20 );
INSERT INTO "times" VALUES ( 19881, 12530, '10:18:00', '10:18:00', 20 );
INSERT INTO "times" VALUES ( 19881, 12540, '10:13:00', '10:15:00', 20 );
INSERT INTO "times" VALUES ( 19881, 12710, '09:57:00', '09:58:00', 20 );
INSERT INTO "times" VALUES ( 19881, 12740, '09:52:00', '09:52:00', 20 );
INSERT INTO "times" VALUES ( 19881, 12780, '09:41:00', '09:41:00', 20 );
INSERT INTO "times" VALUES ( 19881, 12800, '09:38:00', '09:38:00', 20 );
INSERT INTO "times" VALUES ( 19881, 12870, '09:32:00', '09:32:00', 20 );
INSERT INTO "times" VALUES ( 19881, 12890, '09:29:00', '09:29:00', 20 );
INSERT INTO "times" VALUES ( 19881, 12900, '09:27:00', '09:28:00', 20 );
INSERT INTO "times" VALUES ( 19881, 13520, NULL, '09:24:00', 30 );

INSERT INTO "dias" VALUES ( 19882, 180, FALSE, TRUE, 'B0906Z', 12510, 13520 );
INSERT INTO "dias_line_groups" VALUES ( 19882, 10 );
INSERT INTO "times" VALUES ( 19882, 12510, NULL, '09:50:00', 20 );
INSERT INTO "times" VALUES ( 19882, 12520, '09:51:00', '09:51:00', 20 );
INSERT INTO "times" VALUES ( 19882, 12530, '09:53:00', '09:53:00', 20 );
INSERT INTO "times" VALUES ( 19882, 12540, '09:57:00', '09:57:00', 20 );
INSERT INTO "times" VALUES ( 19882, 12710, '10:10:00', '10:11:00', 20 );
INSERT INTO "times" VALUES ( 19882, 12740, '10:17:00', '10:17:00', 20 );
INSERT INTO "times" VALUES ( 19882, 12780, '10:28:00', '10:28:00', 20 );
INSERT INTO "times" VALUES ( 19882, 12800, '10:31:00', '10:31:00', 20 );
INSERT INTO "times" VALUES ( 19882, 12870, '10:37:00', '10:37:00', 20 );
INSERT INTO "times" VALUES ( 19882, 12890, '10:40:00', '10:40:00', 20 );
INSERT INTO "times" VALUES ( 19882, 12900, '10:43:00', '10:43:00', 20 );
INSERT INTO "times" VALUES ( 19882, 13520, '10:46:00', NULL, NULL );

INSERT INTO "dias" VALUES ( 19883, 180, FALSE, TRUE, 'B0907A', 13520, 12510 );
INSERT INTO "dias_line_groups" VALUES ( 19883, 10 );
INSERT INTO "times" VALUES ( 19883, 12510, '10:32:00', NULL, NULL );
INSERT INTO "times" VALUES ( 19883, 12520, '10:30:00', '10:30:00', 20 );
INSERT INTO "times" VALUES ( 19883, 12530, '10:28:00', '10:28:00', 20 );
INSERT INTO "times" VALUES ( 19883, 12540, '10:23:00', '10:25:00', 20 );
INSERT INTO "times" VALUES ( 19883, 12710, '10:07:00', '10:08:00', 20 );
INSERT INTO "times" VALUES ( 19883, 12740, '10:03:00', '10:03:00', 20 );
INSERT INTO "times" VALUES ( 19883, 12780, '09:52:00', '09:52:00', 20 );
INSERT INTO "times" VALUES ( 19883, 12800, '09:49:00', '09:49:00', 20 );
INSERT INTO "times" VALUES ( 19883, 12870, '09:42:00', '09:42:00', 20 );
INSERT INTO "times" VALUES ( 19883, 12890, '09:40:00', '09:40:00', 20 );
INSERT INTO "times" VALUES ( 19883, 12900, '09:37:00', '09:38:00', 20 );
INSERT INTO "times" VALUES ( 19883, 13520, NULL, '09:34:00', 30 );

INSERT INTO "dias" VALUES ( 19884, 180, FALSE, TRUE, 'B0909A', 13520, 12510 );
INSERT INTO "dias_line_groups" VALUES ( 19884, 10 );
INSERT INTO "times" VALUES ( 19884, 12510, '10:42:00', NULL, NULL );
INSERT INTO "times" VALUES ( 19884, 12520, '10:40:00', '10:40:00', 20 );
INSERT INTO "times" VALUES ( 19884, 12530, '10:38:00', '10:38:00', 20 );
INSERT INTO "times" VALUES ( 19884, 12540, '10:33:00', '10:35:00', 20 );
INSERT INTO "times" VALUES ( 19884, 12710, '10:17:00', '10:18:00', 20 );
INSERT INTO "times" VALUES ( 19884, 12740, '10:13:00', '10:13:00', 20 );
INSERT INTO "times" VALUES ( 19884, 12780, '10:02:00', '10:02:00', 20 );
INSERT INTO "times" VALUES ( 19884, 12800, '09:59:00', '09:59:00', 20 );
INSERT INTO "times" VALUES ( 19884, 12870, '09:52:00', '09:52:00', 20 );
INSERT INTO "times" VALUES ( 19884, 12890, '09:50:00', '09:50:00', 20 );
INSERT INTO "times" VALUES ( 19884, 12900, '09:47:00', '09:48:00', 20 );
INSERT INTO "times" VALUES ( 19884, 13520, NULL, '09:44:00', 30 );

INSERT INTO "dias" VALUES ( 19885, 180, FALSE, TRUE, 'B0911A', 13520, 12510 );
INSERT INTO "dias_line_groups" VALUES ( 19885, 10 );
INSERT INTO "times" VALUES ( 19885, 12510, '10:52:00', NULL, NULL );
INSERT INTO "times" VALUES ( 19885, 12520, '10:50:00', '10:50:00', 20 );
INSERT INTO "times" VALUES ( 19885, 12530, '10:48:00', '10:48:00', 20 );
INSERT INTO "times" VALUES ( 19885, 12540, '10:44:00', '10:45:00', 20 );
INSERT INTO "times" VALUES ( 19885, 12710, '10:27:00', '10:28:00', 20 );
INSERT INTO "times" VALUES ( 19885, 12740, '10:23:00', '10:23:00', 20 );
INSERT INTO "times" VALUES ( 19885, 12780, '10:12:00', '10:12:00', 20 );
INSERT INTO "times" VALUES ( 19885, 12800, '10:09:00', '10:09:00', 20 );
INSERT INTO "times" VALUES ( 19885, 12870, '10:02:00', '10:02:00', 20 );
INSERT INTO "times" VALUES ( 19885, 12890, '10:00:00', '10:00:00', 20 );
INSERT INTO "times" VALUES ( 19885, 12900, '09:58:00', '09:58:00', 20 );
INSERT INTO "times" VALUES ( 19885, 13520, NULL, '09:55:00', 30 );

INSERT INTO "dias" VALUES ( 19886, 180, FALSE, TRUE, 'B1000Z', 12510, 13520 );
INSERT INTO "dias_line_groups" VALUES ( 19886, 10 );
INSERT INTO "times" VALUES ( 19886, 12510, NULL, '10:10:00', 20 );
INSERT INTO "times" VALUES ( 19886, 12520, '10:11:00', '10:11:00', 20 );
INSERT INTO "times" VALUES ( 19886, 12530, '10:13:00', '10:13:00', 20 );
INSERT INTO "times" VALUES ( 19886, 12540, '10:16:00', '10:17:00', 20 );
INSERT INTO "times" VALUES ( 19886, 12710, '10:31:00', '10:32:00', 20 );
INSERT INTO "times" VALUES ( 19886, 12740, '10:37:00', '10:37:00', 20 );
INSERT INTO "times" VALUES ( 19886, 12780, '10:49:00', '10:49:00', 20 );
INSERT INTO "times" VALUES ( 19886, 12800, '10:51:00', '10:51:00', 20 );
INSERT INTO "times" VALUES ( 19886, 12870, '10:57:00', '10:57:00', 20 );
INSERT INTO "times" VALUES ( 19886, 12890, '11:00:00', '11:00:00', 20 );
INSERT INTO "times" VALUES ( 19886, 12900, '11:03:00', '11:03:00', 20 );
INSERT INTO "times" VALUES ( 19886, 13520, '11:06:00', NULL, NULL );

INSERT INTO "dias" VALUES ( 19887, 180, FALSE, TRUE, 'B1001A', 13520, 12510 );
INSERT INTO "dias_line_groups" VALUES ( 19887, 10 );
INSERT INTO "times" VALUES ( 19887, 12510, '11:02:00', NULL, NULL );
INSERT INTO "times" VALUES ( 19887, 12520, '11:00:00', '11:00:00', 20 );
INSERT INTO "times" VALUES ( 19887, 12530, '10:58:00', '10:58:00', 20 );
INSERT INTO "times" VALUES ( 19887, 12540, '10:53:00', '10:55:00', 20 );
INSERT INTO "times" VALUES ( 19887, 12710, '10:37:00', '10:38:00', 20 );
INSERT INTO "times" VALUES ( 19887, 12740, '10:33:00', '10:33:00', 20 );
INSERT INTO "times" VALUES ( 19887, 12780, '10:22:00', '10:22:00', 20 );
INSERT INTO "times" VALUES ( 19887, 12800, '10:19:00', '10:19:00', 20 );
INSERT INTO "times" VALUES ( 19887, 12870, '10:12:00', '10:12:00', 20 );
INSERT INTO "times" VALUES ( 19887, 12890, '10:10:00', '10:10:00', 20 );
INSERT INTO "times" VALUES ( 19887, 12900, '10:09:00', '10:09:00', 20 );
INSERT INTO "times" VALUES ( 19887, 13520, NULL, '10:05:00', 30 );

INSERT INTO "dias" VALUES ( 19888, 180, FALSE, TRUE, 'B1002Z', 12510, 13520 );
INSERT INTO "dias_line_groups" VALUES ( 19888, 10 );
INSERT INTO "times" VALUES ( 19888, 12510, NULL, '10:20:00', 20 );
INSERT INTO "times" VALUES ( 19888, 12520, '10:21:00', '10:21:00', 20 );
INSERT INTO "times" VALUES ( 19888, 12530, '10:23:00', '10:23:00', 20 );
INSERT INTO "times" VALUES ( 19888, 12540, '10:27:00', '10:27:00', 20 );
INSERT INTO "times" VALUES ( 19888, 12710, '10:40:00', '10:41:00', 20 );
INSERT INTO "times" VALUES ( 19888, 12740, '10:47:00', '10:47:00', 20 );
INSERT INTO "times" VALUES ( 19888, 12780, '10:58:00', '10:58:00', 20 );
INSERT INTO "times" VALUES ( 19888, 12800, '11:01:00', '11:01:00', 20 );
INSERT INTO "times" VALUES ( 19888, 12870, '11:07:00', '11:07:00', 20 );
INSERT INTO "times" VALUES ( 19888, 12890, '11:10:00', '11:10:00', 20 );
INSERT INTO "times" VALUES ( 19888, 12900, '11:12:00', '11:13:00', 20 );
INSERT INTO "times" VALUES ( 19888, 13520, '11:16:00', NULL, NULL );

INSERT INTO "dias" VALUES ( 19889, 180, FALSE, TRUE, 'B1003A', 13520, 12510 );
INSERT INTO "dias_line_groups" VALUES ( 19889, 10 );
INSERT INTO "times" VALUES ( 19889, 12510, '11:12:00', NULL, NULL );
INSERT INTO "times" VALUES ( 19889, 12520, '11:10:00', '11:10:00', 20 );
INSERT INTO "times" VALUES ( 19889, 12530, '11:08:00', '11:08:00', 20 );
INSERT INTO "times" VALUES ( 19889, 12540, '11:03:00', '11:05:00', 20 );
INSERT INTO "times" VALUES ( 19889, 12710, '10:48:00', '10:49:00', 20 );
INSERT INTO "times" VALUES ( 19889, 12740, '10:43:00', '10:43:00', 20 );
INSERT INTO "times" VALUES ( 19889, 12780, '10:32:00', '10:32:00', 20 );
INSERT INTO "times" VALUES ( 19889, 12800, '10:29:00', '10:29:00', 20 );
INSERT INTO "times" VALUES ( 19889, 12870, '10:22:00', '10:22:00', 20 );
INSERT INTO "times" VALUES ( 19889, 12890, '10:20:00', '10:20:00', 20 );
INSERT INTO "times" VALUES ( 19889, 12900, '10:17:00', '10:19:00', 20 );
INSERT INTO "times" VALUES ( 19889, 13520, NULL, '10:14:00', 30 );

INSERT INTO "dias" VALUES ( 19890, 180, FALSE, TRUE, 'B1004Z', 12510, 13520 );
INSERT INTO "dias_line_groups" VALUES ( 19890, 10 );
INSERT INTO "times" VALUES ( 19890, 12510, NULL, '10:40:00', 20 );
INSERT INTO "times" VALUES ( 19890, 12520, '10:41:00', '10:41:00', 20 );
INSERT INTO "times" VALUES ( 19890, 12530, '10:43:00', '10:43:00', 20 );
INSERT INTO "times" VALUES ( 19890, 12540, '10:46:00', '10:47:00', 20 );
INSERT INTO "times" VALUES ( 19890, 12710, '11:01:00', '11:02:00', 20 );
INSERT INTO "times" VALUES ( 19890, 12740, '11:07:00', '11:07:00', 20 );
INSERT INTO "times" VALUES ( 19890, 12780, '11:19:00', '11:19:00', 20 );
INSERT INTO "times" VALUES ( 19890, 12800, '11:21:00', '11:21:00', 20 );
INSERT INTO "times" VALUES ( 19890, 12870, '11:27:00', '11:27:00', 20 );
INSERT INTO "times" VALUES ( 19890, 12890, '11:30:00', '11:30:00', 20 );
INSERT INTO "times" VALUES ( 19890, 12900, '11:33:00', '11:33:00', 20 );
INSERT INTO "times" VALUES ( 19890, 13520, '11:36:00', NULL, NULL );

INSERT INTO "dias" VALUES ( 19891, 180, FALSE, TRUE, 'B1005A', 13520, 12510 );
INSERT INTO "dias_line_groups" VALUES ( 19891, 10 );
INSERT INTO "times" VALUES ( 19891, 12510, '11:22:00', NULL, NULL );
INSERT INTO "times" VALUES ( 19891, 12520, '11:20:00', '11:20:00', 20 );
INSERT INTO "times" VALUES ( 19891, 12530, '11:18:00', '11:18:00', 20 );
INSERT INTO "times" VALUES ( 19891, 12540, '11:14:00', '11:15:00', 20 );
INSERT INTO "times" VALUES ( 19891, 12710, '10:58:00', '10:59:00', 20 );
INSERT INTO "times" VALUES ( 19891, 12740, '10:53:00', '10:53:00', 20 );
INSERT INTO "times" VALUES ( 19891, 12780, '10:42:00', '10:42:00', 20 );
INSERT INTO "times" VALUES ( 19891, 12800, '10:39:00', '10:39:00', 20 );
INSERT INTO "times" VALUES ( 19891, 12870, '10:32:00', '10:32:00', 20 );
INSERT INTO "times" VALUES ( 19891, 12890, '10:30:00', '10:30:00', 20 );
INSERT INTO "times" VALUES ( 19891, 12900, '10:28:00', '10:29:00', 20 );
INSERT INTO "times" VALUES ( 19891, 13520, NULL, '10:25:00', 30 );

INSERT INTO "dias" VALUES ( 19892, 180, FALSE, TRUE, 'B1006Z', 12510, 13520 );
INSERT INTO "dias_line_groups" VALUES ( 19892, 10 );
INSERT INTO "times" VALUES ( 19892, 12510, NULL, '10:50:00', 20 );
INSERT INTO "times" VALUES ( 19892, 12520, '10:51:00', '10:51:00', 20 );
INSERT INTO "times" VALUES ( 19892, 12530, '10:53:00', '10:53:00', 20 );
INSERT INTO "times" VALUES ( 19892, 12540, '10:57:00', '10:57:00', 20 );
INSERT INTO "times" VALUES ( 19892, 12710, '11:10:00', '11:11:00', 20 );
INSERT INTO "times" VALUES ( 19892, 12740, '11:17:00', '11:17:00', 20 );
INSERT INTO "times" VALUES ( 19892, 12780, '11:28:00', '11:28:00', 20 );
INSERT INTO "times" VALUES ( 19892, 12800, '11:31:00', '11:31:00', 20 );
INSERT INTO "times" VALUES ( 19892, 12870, '11:37:00', '11:37:00', 20 );
INSERT INTO "times" VALUES ( 19892, 12890, '11:40:00', '11:40:00', 20 );
INSERT INTO "times" VALUES ( 19892, 12900, '11:42:00', '11:43:00', 20 );
INSERT INTO "times" VALUES ( 19892, 13520, '11:46:00', NULL, NULL );

INSERT INTO "dias" VALUES ( 19893, 180, FALSE, TRUE, 'B1007A', 13520, 12510 );
INSERT INTO "dias_line_groups" VALUES ( 19893, 10 );
INSERT INTO "times" VALUES ( 19893, 12510, '11:32:00', NULL, NULL );
INSERT INTO "times" VALUES ( 19893, 12520, '11:30:00', '11:30:00', 20 );
INSERT INTO "times" VALUES ( 19893, 12530, '11:28:00', '11:28:00', 20 );
INSERT INTO "times" VALUES ( 19893, 12540, '11:24:00', '11:25:00', 20 );
INSERT INTO "times" VALUES ( 19893, 12710, '11:08:00', '11:09:00', 20 );
INSERT INTO "times" VALUES ( 19893, 12740, '11:03:00', '11:03:00', 20 );
INSERT INTO "times" VALUES ( 19893, 12780, '10:51:00', '10:52:00', 20 );
INSERT INTO "times" VALUES ( 19893, 12800, '10:49:00', '10:49:00', 20 );
INSERT INTO "times" VALUES ( 19893, 12870, '10:42:00', '10:42:00', 20 );
INSERT INTO "times" VALUES ( 19893, 12890, '10:40:00', '10:40:00', 20 );
INSERT INTO "times" VALUES ( 19893, 12900, '10:38:00', '10:39:00', 20 );
INSERT INTO "times" VALUES ( 19893, 13520, NULL, '10:35:00', 30 );

INSERT INTO "dias" VALUES ( 19894, 180, FALSE, TRUE, 'B1009A', 13520, 12510 );
INSERT INTO "dias_line_groups" VALUES ( 19894, 10 );
INSERT INTO "times" VALUES ( 19894, 12510, '11:42:00', NULL, NULL );
INSERT INTO "times" VALUES ( 19894, 12520, '11:40:00', '11:40:00', 20 );
INSERT INTO "times" VALUES ( 19894, 12530, '11:38:00', '11:38:00', 20 );
INSERT INTO "times" VALUES ( 19894, 12540, '11:34:00', '11:35:00', 20 );
INSERT INTO "times" VALUES ( 19894, 12710, '11:18:00', '11:19:00', 20 );
INSERT INTO "times" VALUES ( 19894, 12740, '11:13:00', '11:13:00', 20 );
INSERT INTO "times" VALUES ( 19894, 12780, '11:02:00', '11:02:00', 20 );
INSERT INTO "times" VALUES ( 19894, 12800, '10:59:00', '10:59:00', 20 );
INSERT INTO "times" VALUES ( 19894, 12870, '10:52:00', '10:52:00', 20 );
INSERT INTO "times" VALUES ( 19894, 12890, '10:50:00', '10:50:00', 20 );
INSERT INTO "times" VALUES ( 19894, 12900, '10:47:00', '10:49:00', 20 );
INSERT INTO "times" VALUES ( 19894, 13520, NULL, '10:44:00', 30 );

INSERT INTO "dias" VALUES ( 19895, 180, FALSE, TRUE, 'B1011A', 13520, 12510 );
INSERT INTO "dias_line_groups" VALUES ( 19895, 10 );
INSERT INTO "times" VALUES ( 19895, 12510, '11:52:00', NULL, NULL );
INSERT INTO "times" VALUES ( 19895, 12520, '11:50:00', '11:50:00', 20 );
INSERT INTO "times" VALUES ( 19895, 12530, '11:48:00', '11:48:00', 20 );
INSERT INTO "times" VALUES ( 19895, 12540, '11:44:00', '11:45:00', 20 );
INSERT INTO "times" VALUES ( 19895, 12710, '11:28:00', '11:29:00', 20 );
INSERT INTO "times" VALUES ( 19895, 12740, '11:23:00', '11:23:00', 20 );
INSERT INTO "times" VALUES ( 19895, 12780, '11:12:00', '11:12:00', 20 );
INSERT INTO "times" VALUES ( 19895, 12800, '11:09:00', '11:09:00', 20 );
INSERT INTO "times" VALUES ( 19895, 12870, '11:02:00', '11:02:00', 20 );
INSERT INTO "times" VALUES ( 19895, 12890, '11:00:00', '11:00:00', 20 );
INSERT INTO "times" VALUES ( 19895, 12900, '10:58:00', '10:59:00', 20 );
INSERT INTO "times" VALUES ( 19895, 13520, NULL, '10:55:00', 30 );

INSERT INTO "dias" VALUES ( 19896, 180, FALSE, TRUE, 'B1100Z', 12510, 13520 );
INSERT INTO "dias_line_groups" VALUES ( 19896, 10 );
INSERT INTO "times" VALUES ( 19896, 12510, NULL, '11:10:00', 20 );
INSERT INTO "times" VALUES ( 19896, 12520, '11:11:00', '11:11:00', 20 );
INSERT INTO "times" VALUES ( 19896, 12530, '11:14:00', '11:14:00', 20 );
INSERT INTO "times" VALUES ( 19896, 12540, '11:17:00', '11:17:00', 20 );
INSERT INTO "times" VALUES ( 19896, 12710, '11:32:00', '11:33:00', 20 );
INSERT INTO "times" VALUES ( 19896, 12740, '11:38:00', '11:38:00', 20 );
INSERT INTO "times" VALUES ( 19896, 12780, '11:49:00', '11:49:00', 20 );
INSERT INTO "times" VALUES ( 19896, 12800, '11:52:00', '11:52:00', 20 );
INSERT INTO "times" VALUES ( 19896, 12870, '11:58:00', '11:58:00', 20 );
INSERT INTO "times" VALUES ( 19896, 12890, '12:01:00', '12:01:00', 20 );
INSERT INTO "times" VALUES ( 19896, 12900, '12:02:00', '12:03:00', 20 );
INSERT INTO "times" VALUES ( 19896, 13520, '12:06:00', NULL, NULL );

INSERT INTO "dias" VALUES ( 19897, 180, FALSE, TRUE, 'B1101A', 13520, 12510 );
INSERT INTO "dias_line_groups" VALUES ( 19897, 10 );
INSERT INTO "times" VALUES ( 19897, 12510, '12:02:00', NULL, NULL );
INSERT INTO "times" VALUES ( 19897, 12520, '12:00:00', '12:00:00', 20 );
INSERT INTO "times" VALUES ( 19897, 12530, '11:58:00', '11:58:00', 20 );
INSERT INTO "times" VALUES ( 19897, 12540, '11:54:00', '11:55:00', 20 );
INSERT INTO "times" VALUES ( 19897, 12710, '11:38:00', '11:39:00', 20 );
INSERT INTO "times" VALUES ( 19897, 12740, '11:33:00', '11:33:00', 20 );
INSERT INTO "times" VALUES ( 19897, 12780, '11:21:00', '11:22:00', 20 );
INSERT INTO "times" VALUES ( 19897, 12800, '11:19:00', '11:19:00', 20 );
INSERT INTO "times" VALUES ( 19897, 12870, '11:12:00', '11:12:00', 20 );
INSERT INTO "times" VALUES ( 19897, 12890, '11:10:00', '11:10:00', 20 );
INSERT INTO "times" VALUES ( 19897, 12900, '11:08:00', '11:09:00', 20 );
INSERT INTO "times" VALUES ( 19897, 13520, NULL, '11:05:00', 30 );

INSERT INTO "dias" VALUES ( 19898, 180, FALSE, TRUE, 'B1102Z', 12510, 13520 );
INSERT INTO "dias_line_groups" VALUES ( 19898, 10 );
INSERT INTO "times" VALUES ( 19898, 12510, NULL, '11:20:00', 20 );
INSERT INTO "times" VALUES ( 19898, 12520, '11:21:00', '11:21:00', 20 );
INSERT INTO "times" VALUES ( 19898, 12530, '11:24:00', '11:24:00', 20 );
INSERT INTO "times" VALUES ( 19898, 12540, '11:26:00', '11:28:00', 20 );
INSERT INTO "times" VALUES ( 19898, 12710, '11:41:00', '11:42:00', 20 );
INSERT INTO "times" VALUES ( 19898, 12740, '11:47:00', '11:48:00', 20 );
INSERT INTO "times" VALUES ( 19898, 12780, '11:59:00', '11:59:00', 20 );
INSERT INTO "times" VALUES ( 19898, 12800, '12:01:00', '12:01:00', 20 );
INSERT INTO "times" VALUES ( 19898, 12870, '12:07:00', '12:07:00', 20 );
INSERT INTO "times" VALUES ( 19898, 12890, '12:10:00', '12:10:00', 20 );
INSERT INTO "times" VALUES ( 19898, 12900, '12:12:00', '12:12:00', 20 );
INSERT INTO "times" VALUES ( 19898, 13520, '12:15:00', NULL, NULL );

INSERT INTO "dias" VALUES ( 19899, 180, FALSE, TRUE, 'B1103A', 13520, 12510 );
INSERT INTO "dias_line_groups" VALUES ( 19899, 10 );
INSERT INTO "times" VALUES ( 19899, 12510, '12:12:00', NULL, NULL );
INSERT INTO "times" VALUES ( 19899, 12520, '12:10:00', '12:10:00', 20 );
INSERT INTO "times" VALUES ( 19899, 12530, '12:08:00', '12:08:00', 20 );
INSERT INTO "times" VALUES ( 19899, 12540, '12:04:00', '12:05:00', 20 );
INSERT INTO "times" VALUES ( 19899, 12710, '11:48:00', '11:49:00', 20 );
INSERT INTO "times" VALUES ( 19899, 12740, '11:43:00', '11:43:00', 20 );
INSERT INTO "times" VALUES ( 19899, 12780, '11:32:00', '11:32:00', 20 );
INSERT INTO "times" VALUES ( 19899, 12800, '11:29:00', '11:29:00', 20 );
INSERT INTO "times" VALUES ( 19899, 12870, '11:22:00', '11:22:00', 20 );
INSERT INTO "times" VALUES ( 19899, 12890, '11:20:00', '11:20:00', 20 );
INSERT INTO "times" VALUES ( 19899, 12900, '11:17:00', '11:19:00', 20 );
INSERT INTO "times" VALUES ( 19899, 13520, NULL, '11:14:00', 30 );

INSERT INTO "dias" VALUES ( 19900, 180, FALSE, TRUE, 'B1104Z', 12510, 13520 );
INSERT INTO "dias_line_groups" VALUES ( 19900, 10 );
INSERT INTO "times" VALUES ( 19900, 12510, NULL, '11:30:00', 20 );
INSERT INTO "times" VALUES ( 19900, 12520, '11:31:00', '11:31:00', 20 );
INSERT INTO "times" VALUES ( 19900, 12530, '11:33:00', '11:33:00', 20 );
INSERT INTO "times" VALUES ( 19900, 12540, '11:37:00', '11:37:00', 20 );
INSERT INTO "times" VALUES ( 19900, 12710, '11:51:00', '11:52:00', 20 );
INSERT INTO "times" VALUES ( 19900, 12740, '11:57:00', '11:58:00', 20 );
INSERT INTO "times" VALUES ( 19900, 12780, '12:09:00', '12:09:00', 20 );
INSERT INTO "times" VALUES ( 19900, 12800, '12:11:00', '12:11:00', 20 );
INSERT INTO "times" VALUES ( 19900, 12870, '12:17:00', '12:17:00', 20 );
INSERT INTO "times" VALUES ( 19900, 12890, '12:20:00', '12:20:00', 20 );
INSERT INTO "times" VALUES ( 19900, 12900, '12:22:00', '12:22:00', 20 );
INSERT INTO "times" VALUES ( 19900, 13520, '12:25:00', NULL, NULL );

INSERT INTO "dias" VALUES ( 19901, 180, FALSE, TRUE, 'B1105A', 13520, 12510 );
INSERT INTO "dias_line_groups" VALUES ( 19901, 10 );
INSERT INTO "times" VALUES ( 19901, 12510, '12:22:00', NULL, NULL );
INSERT INTO "times" VALUES ( 19901, 12520, '12:20:00', '12:20:00', 20 );
INSERT INTO "times" VALUES ( 19901, 12530, '12:18:00', '12:18:00', 20 );
INSERT INTO "times" VALUES ( 19901, 12540, '12:14:00', '12:15:00', 20 );
INSERT INTO "times" VALUES ( 19901, 12710, '11:58:00', '11:59:00', 20 );
INSERT INTO "times" VALUES ( 19901, 12740, '11:53:00', '11:53:00', 20 );
INSERT INTO "times" VALUES ( 19901, 12780, '11:42:00', '11:42:00', 20 );
INSERT INTO "times" VALUES ( 19901, 12800, '11:39:00', '11:39:00', 20 );
INSERT INTO "times" VALUES ( 19901, 12870, '11:32:00', '11:32:00', 20 );
INSERT INTO "times" VALUES ( 19901, 12890, '11:30:00', '11:30:00', 20 );
INSERT INTO "times" VALUES ( 19901, 12900, '11:28:00', '11:29:00', 20 );
INSERT INTO "times" VALUES ( 19901, 13520, NULL, '11:25:00', 30 );

INSERT INTO "dias" VALUES ( 19902, 180, FALSE, TRUE, 'B1106Z', 12510, 13520 );
INSERT INTO "dias_line_groups" VALUES ( 19902, 10 );
INSERT INTO "times" VALUES ( 19902, 12510, NULL, '11:40:00', 20 );
INSERT INTO "times" VALUES ( 19902, 12520, '11:41:00', '11:41:00', 20 );
INSERT INTO "times" VALUES ( 19902, 12530, '11:44:00', '11:44:00', 20 );
INSERT INTO "times" VALUES ( 19902, 12540, '11:46:00', '11:48:00', 20 );
INSERT INTO "times" VALUES ( 19902, 12710, '12:01:00', '12:02:00', 20 );
INSERT INTO "times" VALUES ( 19902, 12740, '12:08:00', '12:08:00', 20 );
INSERT INTO "times" VALUES ( 19902, 12780, '12:19:00', '12:19:00', 20 );
INSERT INTO "times" VALUES ( 19902, 12800, '12:21:00', '12:21:00', 20 );
INSERT INTO "times" VALUES ( 19902, 12870, '12:27:00', '12:27:00', 20 );
INSERT INTO "times" VALUES ( 19902, 12890, '12:30:00', '12:30:00', 20 );
INSERT INTO "times" VALUES ( 19902, 12900, '12:32:00', '12:32:00', 20 );
INSERT INTO "times" VALUES ( 19902, 13520, '12:35:00', NULL, NULL );

INSERT INTO "dias" VALUES ( 19903, 180, FALSE, TRUE, 'B1107A', 13520, 12510 );
INSERT INTO "dias_line_groups" VALUES ( 19903, 10 );
INSERT INTO "times" VALUES ( 19903, 12510, '12:32:00', NULL, NULL );
INSERT INTO "times" VALUES ( 19903, 12520, '12:30:00', '12:30:00', 20 );
INSERT INTO "times" VALUES ( 19903, 12530, '12:28:00', '12:28:00', 20 );
INSERT INTO "times" VALUES ( 19903, 12540, '12:24:00', '12:25:00', 20 );
INSERT INTO "times" VALUES ( 19903, 12710, '12:08:00', '12:09:00', 20 );
INSERT INTO "times" VALUES ( 19903, 12740, '12:03:00', '12:03:00', 20 );
INSERT INTO "times" VALUES ( 19903, 12780, '11:52:00', '11:52:00', 20 );
INSERT INTO "times" VALUES ( 19903, 12800, '11:49:00', '11:49:00', 20 );
INSERT INTO "times" VALUES ( 19903, 12870, '11:42:00', '11:42:00', 20 );
INSERT INTO "times" VALUES ( 19903, 12890, '11:40:00', '11:40:00', 20 );
INSERT INTO "times" VALUES ( 19903, 12900, '11:38:00', '11:39:00', 20 );
INSERT INTO "times" VALUES ( 19903, 13520, NULL, '11:35:00', 30 );

INSERT INTO "dias" VALUES ( 19904, 180, FALSE, TRUE, 'B1108Z', 12510, 13520 );
INSERT INTO "dias_line_groups" VALUES ( 19904, 10 );
INSERT INTO "times" VALUES ( 19904, 12510, NULL, '11:50:00', 20 );
INSERT INTO "times" VALUES ( 19904, 12520, '11:51:00', '11:51:00', 20 );
INSERT INTO "times" VALUES ( 19904, 12530, '11:54:00', '11:54:00', 20 );
INSERT INTO "times" VALUES ( 19904, 12540, '11:56:00', '11:58:00', 20 );
INSERT INTO "times" VALUES ( 19904, 12710, '12:11:00', '12:12:00', 20 );
INSERT INTO "times" VALUES ( 19904, 12740, '12:17:00', '12:18:00', 20 );
INSERT INTO "times" VALUES ( 19904, 12780, '12:29:00', '12:29:00', 20 );
INSERT INTO "times" VALUES ( 19904, 12800, '12:31:00', '12:31:00', 20 );
INSERT INTO "times" VALUES ( 19904, 12870, '12:37:00', '12:37:00', 20 );
INSERT INTO "times" VALUES ( 19904, 12890, '12:40:00', '12:40:00', 20 );
INSERT INTO "times" VALUES ( 19904, 12900, '12:42:00', '12:42:00', 20 );
INSERT INTO "times" VALUES ( 19904, 13520, '12:45:00', NULL, NULL );

INSERT INTO "dias" VALUES ( 19905, 180, FALSE, TRUE, 'B1109A', 13520, 12510 );
INSERT INTO "dias_line_groups" VALUES ( 19905, 10 );
INSERT INTO "times" VALUES ( 19905, 12510, '12:42:00', NULL, NULL );
INSERT INTO "times" VALUES ( 19905, 12520, '12:40:00', '12:40:00', 20 );
INSERT INTO "times" VALUES ( 19905, 12530, '12:38:00', '12:38:00', 20 );
INSERT INTO "times" VALUES ( 19905, 12540, '12:34:00', '12:35:00', 20 );
INSERT INTO "times" VALUES ( 19905, 12710, '12:19:00', '12:20:00', 20 );
INSERT INTO "times" VALUES ( 19905, 12740, '12:13:00', '12:14:00', 20 );
INSERT INTO "times" VALUES ( 19905, 12780, '12:02:00', '12:03:00', 20 );
INSERT INTO "times" VALUES ( 19905, 12800, '12:00:00', '12:00:00', 20 );
INSERT INTO "times" VALUES ( 19905, 12870, '11:52:00', '11:52:00', 20 );
INSERT INTO "times" VALUES ( 19905, 12890, '11:50:00', '11:50:00', 20 );
INSERT INTO "times" VALUES ( 19905, 12900, '11:47:00', '11:49:00', 20 );
INSERT INTO "times" VALUES ( 19905, 13520, NULL, '11:44:00', 30 );

INSERT INTO "dias" VALUES ( 19906, 180, FALSE, TRUE, 'B1111A', 13520, 12510 );
INSERT INTO "dias_line_groups" VALUES ( 19906, 10 );
INSERT INTO "times" VALUES ( 19906, 12510, '12:52:00', NULL, NULL );
INSERT INTO "times" VALUES ( 19906, 12520, '12:50:00', '12:50:00', 20 );
INSERT INTO "times" VALUES ( 19906, 12530, '12:48:00', '12:48:00', 20 );
INSERT INTO "times" VALUES ( 19906, 12540, '12:44:00', '12:45:00', 20 );
INSERT INTO "times" VALUES ( 19906, 12710, '12:29:00', '12:30:00', 20 );
INSERT INTO "times" VALUES ( 19906, 12740, '12:24:00', '12:24:00', 20 );
INSERT INTO "times" VALUES ( 19906, 12780, '12:13:00', '12:13:00', 20 );
INSERT INTO "times" VALUES ( 19906, 12800, '12:10:00', '12:10:00', 20 );
INSERT INTO "times" VALUES ( 19906, 12870, '12:03:00', '12:03:00', 20 );
INSERT INTO "times" VALUES ( 19906, 12890, '12:01:00', '12:01:00', 20 );
INSERT INTO "times" VALUES ( 19906, 12900, '11:58:00', '12:00:00', 20 );
INSERT INTO "times" VALUES ( 19906, 13520, NULL, '11:55:00', 30 );

INSERT INTO "dias" VALUES ( 19907, 180, FALSE, TRUE, 'B1200Z', 12510, 13520 );
INSERT INTO "dias_line_groups" VALUES ( 19907, 10 );
INSERT INTO "times" VALUES ( 19907, 12510, NULL, '12:00:00', 20 );
INSERT INTO "times" VALUES ( 19907, 12520, '12:01:00', '12:01:00', 20 );
INSERT INTO "times" VALUES ( 19907, 12530, '12:03:00', '12:03:00', 20 );
INSERT INTO "times" VALUES ( 19907, 12540, '12:07:00', '12:07:00', 20 );
INSERT INTO "times" VALUES ( 19907, 12710, '12:21:00', '12:22:00', 20 );
INSERT INTO "times" VALUES ( 19907, 12740, '12:27:00', '12:28:00', 20 );
INSERT INTO "times" VALUES ( 19907, 12780, '12:39:00', '12:39:00', 20 );
INSERT INTO "times" VALUES ( 19907, 12800, '12:41:00', '12:41:00', 20 );
INSERT INTO "times" VALUES ( 19907, 12870, '12:47:00', '12:47:00', 20 );
INSERT INTO "times" VALUES ( 19907, 12890, '12:50:00', '12:50:00', 20 );
INSERT INTO "times" VALUES ( 19907, 12900, '12:52:00', '12:52:00', 20 );
INSERT INTO "times" VALUES ( 19907, 13520, '12:55:00', NULL, NULL );

INSERT INTO "dias" VALUES ( 19908, 180, FALSE, TRUE, 'B1201A', 13520, 12510 );
INSERT INTO "dias_line_groups" VALUES ( 19908, 10 );
INSERT INTO "times" VALUES ( 19908, 12510, '13:02:00', NULL, NULL );
INSERT INTO "times" VALUES ( 19908, 12520, '13:00:00', '13:00:00', 20 );
INSERT INTO "times" VALUES ( 19908, 12530, '12:58:00', '12:58:00', 20 );
INSERT INTO "times" VALUES ( 19908, 12540, '12:54:00', '12:55:00', 20 );
INSERT INTO "times" VALUES ( 19908, 12710, '12:39:00', '12:40:00', 20 );
INSERT INTO "times" VALUES ( 19908, 12740, '12:34:00', '12:34:00', 20 );
INSERT INTO "times" VALUES ( 19908, 12780, '12:23:00', '12:23:00', 20 );
INSERT INTO "times" VALUES ( 19908, 12800, '12:20:00', '12:20:00', 20 );
INSERT INTO "times" VALUES ( 19908, 12870, '12:13:00', '12:13:00', 20 );
INSERT INTO "times" VALUES ( 19908, 12890, '12:11:00', '12:11:00', 20 );
INSERT INTO "times" VALUES ( 19908, 12900, '12:08:00', '12:10:00', 20 );
INSERT INTO "times" VALUES ( 19908, 13520, NULL, '12:05:00', 30 );

INSERT INTO "dias" VALUES ( 19909, 180, FALSE, TRUE, 'B1202Z', 12510, 13520 );
INSERT INTO "dias_line_groups" VALUES ( 19909, 10 );
INSERT INTO "times" VALUES ( 19909, 12510, NULL, '12:10:00', 20 );
INSERT INTO "times" VALUES ( 19909, 12520, '12:11:00', '12:11:00', 20 );
INSERT INTO "times" VALUES ( 19909, 12530, '12:14:00', '12:14:00', 20 );
INSERT INTO "times" VALUES ( 19909, 12540, '12:16:00', '12:18:00', 20 );
INSERT INTO "times" VALUES ( 19909, 12710, '12:31:00', '12:32:00', 20 );
INSERT INTO "times" VALUES ( 19909, 12740, '12:38:00', '12:38:00', 20 );
INSERT INTO "times" VALUES ( 19909, 12780, '12:49:00', '12:49:00', 20 );
INSERT INTO "times" VALUES ( 19909, 12800, '12:51:00', '12:51:00', 20 );
INSERT INTO "times" VALUES ( 19909, 12870, '12:57:00', '12:57:00', 20 );
INSERT INTO "times" VALUES ( 19909, 12890, '13:00:00', '13:00:00', 20 );
INSERT INTO "times" VALUES ( 19909, 12900, '13:02:00', '13:02:00', 20 );
INSERT INTO "times" VALUES ( 19909, 13520, '13:05:00', NULL, NULL );

INSERT INTO "dias" VALUES ( 19910, 180, FALSE, TRUE, 'B1203A', 13520, 12510 );
INSERT INTO "dias_line_groups" VALUES ( 19910, 10 );
INSERT INTO "times" VALUES ( 19910, 12510, '13:12:00', NULL, NULL );
INSERT INTO "times" VALUES ( 19910, 12520, '13:10:00', '13:10:00', 20 );
INSERT INTO "times" VALUES ( 19910, 12530, '13:09:00', '13:09:00', 20 );
INSERT INTO "times" VALUES ( 19910, 12540, '13:05:00', '13:06:00', 20 );
INSERT INTO "times" VALUES ( 19910, 12710, '12:49:00', '12:50:00', 20 );
INSERT INTO "times" VALUES ( 19910, 12740, '12:44:00', '12:44:00', 20 );
INSERT INTO "times" VALUES ( 19910, 12780, '12:33:00', '12:33:00', 20 );
INSERT INTO "times" VALUES ( 19910, 12800, '12:30:00', '12:30:00', 20 );
INSERT INTO "times" VALUES ( 19910, 12870, '12:23:00', '12:23:00', 20 );
INSERT INTO "times" VALUES ( 19910, 12890, '12:21:00', '12:21:00', 20 );
INSERT INTO "times" VALUES ( 19910, 12900, '12:19:00', '12:20:00', 20 );
INSERT INTO "times" VALUES ( 19910, 13520, NULL, '12:16:00', 30 );

INSERT INTO "dias" VALUES ( 19911, 180, FALSE, TRUE, 'B1204Z', 12510, 13520 );
INSERT INTO "dias_line_groups" VALUES ( 19911, 10 );
INSERT INTO "times" VALUES ( 19911, 12510, NULL, '12:20:00', 20 );
INSERT INTO "times" VALUES ( 19911, 12520, '12:21:00', '12:21:00', 20 );
INSERT INTO "times" VALUES ( 19911, 12530, '12:24:00', '12:24:00', 20 );
INSERT INTO "times" VALUES ( 19911, 12540, '12:26:00', '12:28:00', 20 );
INSERT INTO "times" VALUES ( 19911, 12710, '12:41:00', '12:42:00', 20 );
INSERT INTO "times" VALUES ( 19911, 12740, '12:47:00', '12:48:00', 20 );
INSERT INTO "times" VALUES ( 19911, 12780, '12:59:00', '12:59:00', 20 );
INSERT INTO "times" VALUES ( 19911, 12800, '13:01:00', '13:01:00', 20 );
INSERT INTO "times" VALUES ( 19911, 12870, '13:07:00', '13:07:00', 20 );
INSERT INTO "times" VALUES ( 19911, 12890, '13:10:00', '13:10:00', 20 );
INSERT INTO "times" VALUES ( 19911, 12900, '13:12:00', '13:12:00', 20 );
INSERT INTO "times" VALUES ( 19911, 13520, '13:15:00', NULL, NULL );

INSERT INTO "dias" VALUES ( 19912, 180, FALSE, TRUE, 'B1205A', 13520, 12510 );
INSERT INTO "dias_line_groups" VALUES ( 19912, 10 );
INSERT INTO "times" VALUES ( 19912, 12510, '13:22:00', NULL, NULL );
INSERT INTO "times" VALUES ( 19912, 12520, '13:20:00', '13:20:00', 20 );
INSERT INTO "times" VALUES ( 19912, 12530, '13:18:00', '13:18:00', 20 );
INSERT INTO "times" VALUES ( 19912, 12540, '13:14:00', '13:15:00', 20 );
INSERT INTO "times" VALUES ( 19912, 12710, '12:59:00', '13:00:00', 20 );
INSERT INTO "times" VALUES ( 19912, 12740, '12:54:00', '12:54:00', 20 );
INSERT INTO "times" VALUES ( 19912, 12780, '12:43:00', '12:43:00', 20 );
INSERT INTO "times" VALUES ( 19912, 12800, '12:40:00', '12:40:00', 20 );
INSERT INTO "times" VALUES ( 19912, 12870, '12:33:00', '12:33:00', 20 );
INSERT INTO "times" VALUES ( 19912, 12890, '12:31:00', '12:31:00', 20 );
INSERT INTO "times" VALUES ( 19912, 12900, '12:30:00', '12:30:00', 20 );
INSERT INTO "times" VALUES ( 19912, 13520, NULL, '12:26:00', 30 );

INSERT INTO "dias" VALUES ( 19913, 180, FALSE, TRUE, 'B1206Z', 12510, 13520 );
INSERT INTO "dias_line_groups" VALUES ( 19913, 10 );
INSERT INTO "times" VALUES ( 19913, 12510, NULL, '12:30:00', 20 );
INSERT INTO "times" VALUES ( 19913, 12520, '12:31:00', '12:31:00', 20 );
INSERT INTO "times" VALUES ( 19913, 12530, '12:33:00', '12:33:00', 20 );
INSERT INTO "times" VALUES ( 19913, 12540, '12:37:00', '12:37:00', 20 );
INSERT INTO "times" VALUES ( 19913, 12710, '12:51:00', '12:52:00', 20 );
INSERT INTO "times" VALUES ( 19913, 12740, '12:57:00', '12:58:00', 20 );
INSERT INTO "times" VALUES ( 19913, 12780, '13:09:00', '13:09:00', 20 );
INSERT INTO "times" VALUES ( 19913, 12800, '13:11:00', '13:11:00', 20 );
INSERT INTO "times" VALUES ( 19913, 12870, '13:17:00', '13:17:00', 20 );
INSERT INTO "times" VALUES ( 19913, 12890, '13:20:00', '13:20:00', 20 );
INSERT INTO "times" VALUES ( 19913, 12900, '13:22:00', '13:22:00', 20 );
INSERT INTO "times" VALUES ( 19913, 13520, '13:25:00', NULL, NULL );

INSERT INTO "dias" VALUES ( 19914, 180, FALSE, TRUE, 'B1207A', 13520, 12510 );
INSERT INTO "dias_line_groups" VALUES ( 19914, 10 );
INSERT INTO "times" VALUES ( 19914, 12510, '13:32:00', NULL, NULL );
INSERT INTO "times" VALUES ( 19914, 12520, '13:30:00', '13:30:00', 20 );
INSERT INTO "times" VALUES ( 19914, 12530, '13:28:00', '13:28:00', 20 );
INSERT INTO "times" VALUES ( 19914, 12540, '13:24:00', '13:25:00', 20 );
INSERT INTO "times" VALUES ( 19914, 12710, '13:09:00', '13:10:00', 20 );
INSERT INTO "times" VALUES ( 19914, 12740, '13:04:00', '13:04:00', 20 );
INSERT INTO "times" VALUES ( 19914, 12780, '12:53:00', '12:53:00', 20 );
INSERT INTO "times" VALUES ( 19914, 12800, '12:50:00', '12:50:00', 20 );
INSERT INTO "times" VALUES ( 19914, 12870, '12:43:00', '12:43:00', 20 );
INSERT INTO "times" VALUES ( 19914, 12890, '12:41:00', '12:41:00', 20 );
INSERT INTO "times" VALUES ( 19914, 12900, '12:39:00', '12:40:00', 20 );
INSERT INTO "times" VALUES ( 19914, 13520, NULL, '12:36:00', 30 );

INSERT INTO "dias" VALUES ( 19915, 180, FALSE, TRUE, 'B1208Z', 12510, 13520 );
INSERT INTO "dias_line_groups" VALUES ( 19915, 10 );
INSERT INTO "times" VALUES ( 19915, 12510, NULL, '12:40:00', 20 );
INSERT INTO "times" VALUES ( 19915, 12520, '12:41:00', '12:41:00', 20 );
INSERT INTO "times" VALUES ( 19915, 12530, '12:44:00', '12:44:00', 20 );
INSERT INTO "times" VALUES ( 19915, 12540, '12:46:00', '12:48:00', 20 );
INSERT INTO "times" VALUES ( 19915, 12710, '13:01:00', '13:02:00', 20 );
INSERT INTO "times" VALUES ( 19915, 12740, '13:08:00', '13:08:00', 20 );
INSERT INTO "times" VALUES ( 19915, 12780, '13:19:00', '13:19:00', 20 );
INSERT INTO "times" VALUES ( 19915, 12800, '13:21:00', '13:21:00', 20 );
INSERT INTO "times" VALUES ( 19915, 12870, '13:27:00', '13:27:00', 20 );
INSERT INTO "times" VALUES ( 19915, 12890, '13:30:00', '13:30:00', 20 );
INSERT INTO "times" VALUES ( 19915, 12900, '13:32:00', '13:32:00', 20 );
INSERT INTO "times" VALUES ( 19915, 13520, '13:35:00', NULL, NULL );

INSERT INTO "dias" VALUES ( 19916, 180, FALSE, TRUE, 'B1209A', 13520, 12510 );
INSERT INTO "dias_line_groups" VALUES ( 19916, 10 );
INSERT INTO "times" VALUES ( 19916, 12510, '13:42:00', NULL, NULL );
INSERT INTO "times" VALUES ( 19916, 12520, '13:40:00', '13:40:00', 20 );
INSERT INTO "times" VALUES ( 19916, 12530, '13:39:00', '13:39:00', 20 );
INSERT INTO "times" VALUES ( 19916, 12540, '13:35:00', '13:36:00', 20 );
INSERT INTO "times" VALUES ( 19916, 12710, '13:19:00', '13:20:00', 20 );
INSERT INTO "times" VALUES ( 19916, 12740, '13:14:00', '13:14:00', 20 );
INSERT INTO "times" VALUES ( 19916, 12780, '13:03:00', '13:03:00', 20 );
INSERT INTO "times" VALUES ( 19916, 12800, '13:00:00', '13:00:00', 20 );
INSERT INTO "times" VALUES ( 19916, 12870, '12:53:00', '12:53:00', 20 );
INSERT INTO "times" VALUES ( 19916, 12890, '12:51:00', '12:51:00', 20 );
INSERT INTO "times" VALUES ( 19916, 12900, '12:50:00', '12:50:00', 20 );
INSERT INTO "times" VALUES ( 19916, 13520, NULL, '12:46:00', 30 );

INSERT INTO "dias" VALUES ( 19917, 180, FALSE, TRUE, 'B1210Z', 12510, 13520 );
INSERT INTO "dias_line_groups" VALUES ( 19917, 10 );
INSERT INTO "times" VALUES ( 19917, 12510, NULL, '12:50:00', 20 );
INSERT INTO "times" VALUES ( 19917, 12520, '12:51:00', '12:51:00', 20 );
INSERT INTO "times" VALUES ( 19917, 12530, '12:54:00', '12:54:00', 20 );
INSERT INTO "times" VALUES ( 19917, 12540, '12:56:00', '12:58:00', 20 );
INSERT INTO "times" VALUES ( 19917, 12710, '13:11:00', '13:12:00', 20 );
INSERT INTO "times" VALUES ( 19917, 12740, '13:17:00', '13:18:00', 20 );
INSERT INTO "times" VALUES ( 19917, 12780, '13:29:00', '13:29:00', 20 );
INSERT INTO "times" VALUES ( 19917, 12800, '13:31:00', '13:31:00', 20 );
INSERT INTO "times" VALUES ( 19917, 12870, '13:37:00', '13:37:00', 20 );
INSERT INTO "times" VALUES ( 19917, 12890, '13:40:00', '13:40:00', 20 );
INSERT INTO "times" VALUES ( 19917, 12900, '13:42:00', '13:42:00', 20 );
INSERT INTO "times" VALUES ( 19917, 13520, '13:45:00', NULL, NULL );

INSERT INTO "dias" VALUES ( 19918, 180, FALSE, TRUE, 'B1211A', 13520, 12510 );
INSERT INTO "dias_line_groups" VALUES ( 19918, 10 );
INSERT INTO "times" VALUES ( 19918, 12510, '13:52:00', NULL, NULL );
INSERT INTO "times" VALUES ( 19918, 12520, '13:50:00', '13:50:00', 20 );
INSERT INTO "times" VALUES ( 19918, 12530, '13:48:00', '13:48:00', 20 );
INSERT INTO "times" VALUES ( 19918, 12540, '13:44:00', '13:45:00', 20 );
INSERT INTO "times" VALUES ( 19918, 12710, '13:29:00', '13:30:00', 20 );
INSERT INTO "times" VALUES ( 19918, 12740, '13:24:00', '13:24:00', 20 );
INSERT INTO "times" VALUES ( 19918, 12780, '13:13:00', '13:13:00', 20 );
INSERT INTO "times" VALUES ( 19918, 12800, '13:10:00', '13:10:00', 20 );
INSERT INTO "times" VALUES ( 19918, 12870, '13:03:00', '13:03:00', 20 );
INSERT INTO "times" VALUES ( 19918, 12890, '13:01:00', '13:01:00', 20 );
INSERT INTO "times" VALUES ( 19918, 12900, '12:59:00', '13:00:00', 20 );
INSERT INTO "times" VALUES ( 19918, 13520, NULL, '12:56:00', 30 );

INSERT INTO "dias" VALUES ( 19919, 180, FALSE, TRUE, 'B1300Z', 12510, 13520 );
INSERT INTO "dias_line_groups" VALUES ( 19919, 10 );
INSERT INTO "times" VALUES ( 19919, 12510, NULL, '13:00:00', 20 );
INSERT INTO "times" VALUES ( 19919, 12520, '13:01:00', '13:01:00', 20 );
INSERT INTO "times" VALUES ( 19919, 12530, '13:03:00', '13:03:00', 20 );
INSERT INTO "times" VALUES ( 19919, 12540, '13:07:00', '13:07:00', 20 );
INSERT INTO "times" VALUES ( 19919, 12710, '13:21:00', '13:22:00', 20 );
INSERT INTO "times" VALUES ( 19919, 12740, '13:27:00', '13:28:00', 20 );
INSERT INTO "times" VALUES ( 19919, 12780, '13:39:00', '13:39:00', 20 );
INSERT INTO "times" VALUES ( 19919, 12800, '13:41:00', '13:41:00', 20 );
INSERT INTO "times" VALUES ( 19919, 12870, '13:47:00', '13:47:00', 20 );
INSERT INTO "times" VALUES ( 19919, 12890, '13:50:00', '13:50:00', 20 );
INSERT INTO "times" VALUES ( 19919, 12900, '13:52:00', '13:52:00', 20 );
INSERT INTO "times" VALUES ( 19919, 13520, '13:55:00', NULL, NULL );

INSERT INTO "dias" VALUES ( 19920, 180, FALSE, TRUE, 'B1301A', 13520, 12510 );
INSERT INTO "dias_line_groups" VALUES ( 19920, 10 );
INSERT INTO "times" VALUES ( 19920, 12510, '14:02:00', NULL, NULL );
INSERT INTO "times" VALUES ( 19920, 12520, '14:00:00', '14:00:00', 20 );
INSERT INTO "times" VALUES ( 19920, 12530, '13:58:00', '13:58:00', 20 );
INSERT INTO "times" VALUES ( 19920, 12540, '13:54:00', '13:55:00', 20 );
INSERT INTO "times" VALUES ( 19920, 12710, '13:39:00', '13:40:00', 20 );
INSERT INTO "times" VALUES ( 19920, 12740, '13:34:00', '13:34:00', 20 );
INSERT INTO "times" VALUES ( 19920, 12780, '13:23:00', '13:23:00', 20 );
INSERT INTO "times" VALUES ( 19920, 12800, '13:20:00', '13:20:00', 20 );
INSERT INTO "times" VALUES ( 19920, 12870, '13:13:00', '13:13:00', 20 );
INSERT INTO "times" VALUES ( 19920, 12890, '13:11:00', '13:11:00', 20 );
INSERT INTO "times" VALUES ( 19920, 12900, '13:10:00', '13:10:00', 20 );
INSERT INTO "times" VALUES ( 19920, 13520, NULL, '13:06:00', 30 );

INSERT INTO "dias" VALUES ( 19921, 180, FALSE, TRUE, 'B1302Z', 12510, 13520 );
INSERT INTO "dias_line_groups" VALUES ( 19921, 10 );
INSERT INTO "times" VALUES ( 19921, 12510, NULL, '13:10:00', 20 );
INSERT INTO "times" VALUES ( 19921, 12520, '13:12:00', '13:12:00', 20 );
INSERT INTO "times" VALUES ( 19921, 12530, '13:14:00', '13:14:00', 20 );
INSERT INTO "times" VALUES ( 19921, 12540, '13:17:00', '13:18:00', 20 );
INSERT INTO "times" VALUES ( 19921, 12710, '13:31:00', '13:32:00', 20 );
INSERT INTO "times" VALUES ( 19921, 12740, '13:38:00', '13:38:00', 20 );
INSERT INTO "times" VALUES ( 19921, 12780, '13:49:00', '13:49:00', 20 );
INSERT INTO "times" VALUES ( 19921, 12800, '13:51:00', '13:51:00', 20 );
INSERT INTO "times" VALUES ( 19921, 12870, '13:57:00', '13:57:00', 20 );
INSERT INTO "times" VALUES ( 19921, 12890, '14:00:00', '14:00:00', 20 );
INSERT INTO "times" VALUES ( 19921, 12900, '14:02:00', '14:02:00', 20 );
INSERT INTO "times" VALUES ( 19921, 13520, '14:05:00', NULL, NULL );

INSERT INTO "dias" VALUES ( 19922, 180, FALSE, TRUE, 'B1303A', 13520, 12510 );
INSERT INTO "dias_line_groups" VALUES ( 19922, 10 );
INSERT INTO "times" VALUES ( 19922, 12510, '14:12:00', NULL, NULL );
INSERT INTO "times" VALUES ( 19922, 12520, '14:10:00', '14:10:00', 20 );
INSERT INTO "times" VALUES ( 19922, 12530, '14:09:00', '14:09:00', 20 );
INSERT INTO "times" VALUES ( 19922, 12540, '14:05:00', '14:06:00', 20 );
INSERT INTO "times" VALUES ( 19922, 12710, '13:49:00', '13:50:00', 20 );
INSERT INTO "times" VALUES ( 19922, 12740, '13:44:00', '13:44:00', 20 );
INSERT INTO "times" VALUES ( 19922, 12780, '13:33:00', '13:33:00', 20 );
INSERT INTO "times" VALUES ( 19922, 12800, '13:30:00', '13:30:00', 20 );
INSERT INTO "times" VALUES ( 19922, 12870, '13:23:00', '13:23:00', 20 );
INSERT INTO "times" VALUES ( 19922, 12890, '13:21:00', '13:21:00', 20 );
INSERT INTO "times" VALUES ( 19922, 12900, '13:19:00', '13:20:00', 20 );
INSERT INTO "times" VALUES ( 19922, 13520, NULL, '13:16:00', 30 );

INSERT INTO "dias" VALUES ( 19923, 180, FALSE, TRUE, 'B1304Z', 12510, 13520 );
INSERT INTO "dias_line_groups" VALUES ( 19923, 10 );
INSERT INTO "times" VALUES ( 19923, 12510, NULL, '13:20:00', 20 );
INSERT INTO "times" VALUES ( 19923, 12520, '13:21:00', '13:21:00', 20 );
INSERT INTO "times" VALUES ( 19923, 12530, '13:24:00', '13:24:00', 20 );
INSERT INTO "times" VALUES ( 19923, 12540, '13:26:00', '13:28:00', 20 );
INSERT INTO "times" VALUES ( 19923, 12710, '13:41:00', '13:42:00', 20 );
INSERT INTO "times" VALUES ( 19923, 12740, '13:47:00', '13:48:00', 20 );
INSERT INTO "times" VALUES ( 19923, 12780, '13:59:00', '13:59:00', 20 );
INSERT INTO "times" VALUES ( 19923, 12800, '14:01:00', '14:01:00', 20 );
INSERT INTO "times" VALUES ( 19923, 12870, '14:07:00', '14:07:00', 20 );
INSERT INTO "times" VALUES ( 19923, 12890, '14:10:00', '14:10:00', 20 );
INSERT INTO "times" VALUES ( 19923, 12900, '14:12:00', '14:12:00', 20 );
INSERT INTO "times" VALUES ( 19923, 13520, '14:15:00', NULL, NULL );

INSERT INTO "dias" VALUES ( 19924, 180, FALSE, TRUE, 'B1305A', 13520, 12510 );
INSERT INTO "dias_line_groups" VALUES ( 19924, 10 );
INSERT INTO "times" VALUES ( 19924, 12510, '14:22:00', NULL, NULL );
INSERT INTO "times" VALUES ( 19924, 12520, '14:20:00', '14:20:00', 20 );
INSERT INTO "times" VALUES ( 19924, 12530, '14:18:00', '14:18:00', 20 );
INSERT INTO "times" VALUES ( 19924, 12540, '14:14:00', '14:15:00', 20 );
INSERT INTO "times" VALUES ( 19924, 12710, '13:59:00', '14:00:00', 20 );
INSERT INTO "times" VALUES ( 19924, 12740, '13:54:00', '13:54:00', 20 );
INSERT INTO "times" VALUES ( 19924, 12780, '13:43:00', '13:43:00', 20 );
INSERT INTO "times" VALUES ( 19924, 12800, '13:40:00', '13:40:00', 20 );
INSERT INTO "times" VALUES ( 19924, 12870, '13:33:00', '13:33:00', 20 );
INSERT INTO "times" VALUES ( 19924, 12890, '13:31:00', '13:31:00', 20 );
INSERT INTO "times" VALUES ( 19924, 12900, '13:30:00', '13:30:00', 20 );
INSERT INTO "times" VALUES ( 19924, 13520, NULL, '13:26:00', 30 );

INSERT INTO "dias" VALUES ( 19925, 180, FALSE, TRUE, 'B1306Z', 12510, 13520 );
INSERT INTO "dias_line_groups" VALUES ( 19925, 10 );
INSERT INTO "times" VALUES ( 19925, 12510, NULL, '13:30:00', 20 );
INSERT INTO "times" VALUES ( 19925, 12520, '13:31:00', '13:31:00', 20 );
INSERT INTO "times" VALUES ( 19925, 12530, '13:33:00', '13:33:00', 20 );
INSERT INTO "times" VALUES ( 19925, 12540, '13:37:00', '13:37:00', 20 );
INSERT INTO "times" VALUES ( 19925, 12710, '13:51:00', '13:52:00', 20 );
INSERT INTO "times" VALUES ( 19925, 12740, '13:57:00', '13:58:00', 20 );
INSERT INTO "times" VALUES ( 19925, 12780, '14:09:00', '14:09:00', 20 );
INSERT INTO "times" VALUES ( 19925, 12800, '14:11:00', '14:11:00', 20 );
INSERT INTO "times" VALUES ( 19925, 12870, '14:17:00', '14:17:00', 20 );
INSERT INTO "times" VALUES ( 19925, 12890, '14:20:00', '14:20:00', 20 );
INSERT INTO "times" VALUES ( 19925, 12900, '14:22:00', '14:22:00', 20 );
INSERT INTO "times" VALUES ( 19925, 13520, '14:25:00', NULL, NULL );

INSERT INTO "dias" VALUES ( 19926, 180, FALSE, TRUE, 'B1307A', 13520, 12510 );
INSERT INTO "dias_line_groups" VALUES ( 19926, 10 );
INSERT INTO "times" VALUES ( 19926, 12510, '14:32:00', NULL, NULL );
INSERT INTO "times" VALUES ( 19926, 12520, '14:30:00', '14:30:00', 20 );
INSERT INTO "times" VALUES ( 19926, 12530, '14:28:00', '14:28:00', 20 );
INSERT INTO "times" VALUES ( 19926, 12540, '14:24:00', '14:25:00', 20 );
INSERT INTO "times" VALUES ( 19926, 12710, '14:09:00', '14:10:00', 20 );
INSERT INTO "times" VALUES ( 19926, 12740, '14:04:00', '14:04:00', 20 );
INSERT INTO "times" VALUES ( 19926, 12780, '13:53:00', '13:53:00', 20 );
INSERT INTO "times" VALUES ( 19926, 12800, '13:50:00', '13:50:00', 20 );
INSERT INTO "times" VALUES ( 19926, 12870, '13:43:00', '13:43:00', 20 );
INSERT INTO "times" VALUES ( 19926, 12890, '13:41:00', '13:41:00', 20 );
INSERT INTO "times" VALUES ( 19926, 12900, '13:39:00', '13:40:00', 20 );
INSERT INTO "times" VALUES ( 19926, 13520, NULL, '13:36:00', 30 );

INSERT INTO "dias" VALUES ( 19927, 180, FALSE, TRUE, 'B1308Z', 12510, 13520 );
INSERT INTO "dias_line_groups" VALUES ( 19927, 10 );
INSERT INTO "times" VALUES ( 19927, 12510, NULL, '13:40:00', 20 );
INSERT INTO "times" VALUES ( 19927, 12520, '13:42:00', '13:42:00', 20 );
INSERT INTO "times" VALUES ( 19927, 12530, '13:44:00', '13:44:00', 20 );
INSERT INTO "times" VALUES ( 19927, 12540, '13:47:00', '13:48:00', 20 );
INSERT INTO "times" VALUES ( 19927, 12710, '14:01:00', '14:02:00', 20 );
INSERT INTO "times" VALUES ( 19927, 12740, '14:08:00', '14:08:00', 20 );
INSERT INTO "times" VALUES ( 19927, 12780, '14:19:00', '14:19:00', 20 );
INSERT INTO "times" VALUES ( 19927, 12800, '14:21:00', '14:21:00', 20 );
INSERT INTO "times" VALUES ( 19927, 12870, '14:27:00', '14:27:00', 20 );
INSERT INTO "times" VALUES ( 19927, 12890, '14:30:00', '14:30:00', 20 );
INSERT INTO "times" VALUES ( 19927, 12900, '14:32:00', '14:32:00', 20 );
INSERT INTO "times" VALUES ( 19927, 13520, '14:35:00', NULL, NULL );

INSERT INTO "dias" VALUES ( 19928, 180, FALSE, TRUE, 'B1309A', 13520, 12510 );
INSERT INTO "dias_line_groups" VALUES ( 19928, 10 );
INSERT INTO "times" VALUES ( 19928, 12510, '14:42:00', NULL, NULL );
INSERT INTO "times" VALUES ( 19928, 12520, '14:40:00', '14:40:00', 20 );
INSERT INTO "times" VALUES ( 19928, 12530, '14:39:00', '14:39:00', 20 );
INSERT INTO "times" VALUES ( 19928, 12540, '14:35:00', '14:36:00', 20 );
INSERT INTO "times" VALUES ( 19928, 12710, '14:19:00', '14:20:00', 20 );
INSERT INTO "times" VALUES ( 19928, 12740, '14:14:00', '14:14:00', 20 );
INSERT INTO "times" VALUES ( 19928, 12780, '14:03:00', '14:03:00', 20 );
INSERT INTO "times" VALUES ( 19928, 12800, '14:00:00', '14:00:00', 20 );
INSERT INTO "times" VALUES ( 19928, 12870, '13:53:00', '13:53:00', 20 );
INSERT INTO "times" VALUES ( 19928, 12890, '13:51:00', '13:51:00', 20 );
INSERT INTO "times" VALUES ( 19928, 12900, '13:50:00', '13:50:00', 20 );
INSERT INTO "times" VALUES ( 19928, 13520, NULL, '13:46:00', 30 );

INSERT INTO "dias" VALUES ( 19929, 180, FALSE, TRUE, 'B1310Z', 12510, 13520 );
INSERT INTO "dias_line_groups" VALUES ( 19929, 10 );
INSERT INTO "times" VALUES ( 19929, 12510, NULL, '13:50:00', 20 );
INSERT INTO "times" VALUES ( 19929, 12520, '13:51:00', '13:51:00', 20 );
INSERT INTO "times" VALUES ( 19929, 12530, '13:54:00', '13:54:00', 20 );
INSERT INTO "times" VALUES ( 19929, 12540, '13:56:00', '13:58:00', 20 );
INSERT INTO "times" VALUES ( 19929, 12710, '14:11:00', '14:12:00', 20 );
INSERT INTO "times" VALUES ( 19929, 12740, '14:17:00', '14:18:00', 20 );
INSERT INTO "times" VALUES ( 19929, 12780, '14:29:00', '14:29:00', 20 );
INSERT INTO "times" VALUES ( 19929, 12800, '14:31:00', '14:31:00', 20 );
INSERT INTO "times" VALUES ( 19929, 12870, '14:37:00', '14:37:00', 20 );
INSERT INTO "times" VALUES ( 19929, 12890, '14:40:00', '14:40:00', 20 );
INSERT INTO "times" VALUES ( 19929, 12900, '14:42:00', '14:42:00', 20 );
INSERT INTO "times" VALUES ( 19929, 13520, '14:45:00', NULL, NULL );

INSERT INTO "dias" VALUES ( 19930, 180, FALSE, TRUE, 'B1311A', 13520, 12510 );
INSERT INTO "dias_line_groups" VALUES ( 19930, 10 );
INSERT INTO "times" VALUES ( 19930, 12510, '14:52:00', NULL, NULL );
INSERT INTO "times" VALUES ( 19930, 12520, '14:50:00', '14:50:00', 20 );
INSERT INTO "times" VALUES ( 19930, 12530, '14:48:00', '14:48:00', 20 );
INSERT INTO "times" VALUES ( 19930, 12540, '14:44:00', '14:45:00', 20 );
INSERT INTO "times" VALUES ( 19930, 12710, '14:29:00', '14:30:00', 20 );
INSERT INTO "times" VALUES ( 19930, 12740, '14:24:00', '14:24:00', 20 );
INSERT INTO "times" VALUES ( 19930, 12780, '14:13:00', '14:13:00', 20 );
INSERT INTO "times" VALUES ( 19930, 12800, '14:10:00', '14:10:00', 20 );
INSERT INTO "times" VALUES ( 19930, 12870, '14:03:00', '14:03:00', 20 );
INSERT INTO "times" VALUES ( 19930, 12890, '14:01:00', '14:01:00', 20 );
INSERT INTO "times" VALUES ( 19930, 12900, '13:59:00', '14:00:00', 20 );
INSERT INTO "times" VALUES ( 19930, 13520, NULL, '13:56:00', 30 );

INSERT INTO "dias" VALUES ( 19931, 180, FALSE, TRUE, 'B1400Z', 12510, 13520 );
INSERT INTO "dias_line_groups" VALUES ( 19931, 10 );
INSERT INTO "times" VALUES ( 19931, 12510, NULL, '14:00:00', 20 );
INSERT INTO "times" VALUES ( 19931, 12520, '14:01:00', '14:01:00', 20 );
INSERT INTO "times" VALUES ( 19931, 12530, '14:03:00', '14:03:00', 20 );
INSERT INTO "times" VALUES ( 19931, 12540, '14:07:00', '14:07:00', 20 );
INSERT INTO "times" VALUES ( 19931, 12710, '14:21:00', '14:22:00', 20 );
INSERT INTO "times" VALUES ( 19931, 12740, '14:27:00', '14:28:00', 20 );
INSERT INTO "times" VALUES ( 19931, 12780, '14:39:00', '14:39:00', 20 );
INSERT INTO "times" VALUES ( 19931, 12800, '14:41:00', '14:41:00', 20 );
INSERT INTO "times" VALUES ( 19931, 12870, '14:47:00', '14:47:00', 20 );
INSERT INTO "times" VALUES ( 19931, 12890, '14:50:00', '14:50:00', 20 );
INSERT INTO "times" VALUES ( 19931, 12900, '14:52:00', '14:52:00', 20 );
INSERT INTO "times" VALUES ( 19931, 13520, '14:55:00', NULL, NULL );

INSERT INTO "dias" VALUES ( 19932, 180, FALSE, TRUE, 'B1401A', 13520, 12510 );
INSERT INTO "dias_line_groups" VALUES ( 19932, 10 );
INSERT INTO "times" VALUES ( 19932, 12510, '15:02:00', NULL, NULL );
INSERT INTO "times" VALUES ( 19932, 12520, '15:00:00', '15:00:00', 20 );
INSERT INTO "times" VALUES ( 19932, 12530, '14:58:00', '14:58:00', 20 );
INSERT INTO "times" VALUES ( 19932, 12540, '14:54:00', '14:55:00', 20 );
INSERT INTO "times" VALUES ( 19932, 12710, '14:39:00', '14:40:00', 20 );
INSERT INTO "times" VALUES ( 19932, 12740, '14:34:00', '14:34:00', 20 );
INSERT INTO "times" VALUES ( 19932, 12780, '14:23:00', '14:23:00', 20 );
INSERT INTO "times" VALUES ( 19932, 12800, '14:20:00', '14:20:00', 20 );
INSERT INTO "times" VALUES ( 19932, 12870, '14:13:00', '14:13:00', 20 );
INSERT INTO "times" VALUES ( 19932, 12890, '14:11:00', '14:11:00', 20 );
INSERT INTO "times" VALUES ( 19932, 12900, '14:10:00', '14:10:00', 20 );
INSERT INTO "times" VALUES ( 19932, 13520, NULL, '14:06:00', 30 );

INSERT INTO "dias" VALUES ( 19933, 180, FALSE, TRUE, 'B1402Z', 12510, 13520 );
INSERT INTO "dias_line_groups" VALUES ( 19933, 10 );
INSERT INTO "times" VALUES ( 19933, 12510, NULL, '14:10:00', 20 );
INSERT INTO "times" VALUES ( 19933, 12520, '14:12:00', '14:12:00', 20 );
INSERT INTO "times" VALUES ( 19933, 12530, '14:14:00', '14:14:00', 20 );
INSERT INTO "times" VALUES ( 19933, 12540, '14:17:00', '14:18:00', 20 );
INSERT INTO "times" VALUES ( 19933, 12710, '14:31:00', '14:32:00', 20 );
INSERT INTO "times" VALUES ( 19933, 12740, '14:38:00', '14:38:00', 20 );
INSERT INTO "times" VALUES ( 19933, 12780, '14:49:00', '14:49:00', 20 );
INSERT INTO "times" VALUES ( 19933, 12800, '14:51:00', '14:51:00', 20 );
INSERT INTO "times" VALUES ( 19933, 12870, '14:57:00', '14:57:00', 20 );
INSERT INTO "times" VALUES ( 19933, 12890, '15:00:00', '15:00:00', 20 );
INSERT INTO "times" VALUES ( 19933, 12900, '15:02:00', '15:02:00', 20 );
INSERT INTO "times" VALUES ( 19933, 13520, '15:05:00', NULL, NULL );

INSERT INTO "dias" VALUES ( 19934, 180, FALSE, TRUE, 'B1403A', 13520, 12510 );
INSERT INTO "dias_line_groups" VALUES ( 19934, 10 );
INSERT INTO "times" VALUES ( 19934, 12510, '15:12:00', NULL, NULL );
INSERT INTO "times" VALUES ( 19934, 12520, '15:10:00', '15:10:00', 20 );
INSERT INTO "times" VALUES ( 19934, 12530, '15:09:00', '15:09:00', 20 );
INSERT INTO "times" VALUES ( 19934, 12540, '15:05:00', '15:06:00', 20 );
INSERT INTO "times" VALUES ( 19934, 12710, '14:49:00', '14:50:00', 20 );
INSERT INTO "times" VALUES ( 19934, 12740, '14:44:00', '14:44:00', 20 );
INSERT INTO "times" VALUES ( 19934, 12780, '14:33:00', '14:33:00', 20 );
INSERT INTO "times" VALUES ( 19934, 12800, '14:30:00', '14:30:00', 20 );
INSERT INTO "times" VALUES ( 19934, 12870, '14:23:00', '14:23:00', 20 );
INSERT INTO "times" VALUES ( 19934, 12890, '14:21:00', '14:21:00', 20 );
INSERT INTO "times" VALUES ( 19934, 12900, '14:19:00', '14:20:00', 20 );
INSERT INTO "times" VALUES ( 19934, 13520, NULL, '14:16:00', 30 );

INSERT INTO "dias" VALUES ( 19935, 180, FALSE, TRUE, 'B1404Z', 12510, 13520 );
INSERT INTO "dias_line_groups" VALUES ( 19935, 10 );
INSERT INTO "times" VALUES ( 19935, 12510, NULL, '14:20:00', 20 );
INSERT INTO "times" VALUES ( 19935, 12520, '14:21:00', '14:21:00', 20 );
INSERT INTO "times" VALUES ( 19935, 12530, '14:24:00', '14:24:00', 20 );
INSERT INTO "times" VALUES ( 19935, 12540, '14:26:00', '14:28:00', 20 );
INSERT INTO "times" VALUES ( 19935, 12710, '14:41:00', '14:42:00', 20 );
INSERT INTO "times" VALUES ( 19935, 12740, '14:47:00', '14:48:00', 20 );
INSERT INTO "times" VALUES ( 19935, 12780, '14:59:00', '14:59:00', 20 );
INSERT INTO "times" VALUES ( 19935, 12800, '15:01:00', '15:01:00', 20 );
INSERT INTO "times" VALUES ( 19935, 12870, '15:07:00', '15:07:00', 20 );
INSERT INTO "times" VALUES ( 19935, 12890, '15:10:00', '15:10:00', 20 );
INSERT INTO "times" VALUES ( 19935, 12900, '15:12:00', '15:12:00', 20 );
INSERT INTO "times" VALUES ( 19935, 13520, '15:15:00', NULL, NULL );

INSERT INTO "dias" VALUES ( 19936, 180, FALSE, TRUE, 'B1405A', 13520, 12510 );
INSERT INTO "dias_line_groups" VALUES ( 19936, 10 );
INSERT INTO "times" VALUES ( 19936, 12510, '15:22:00', NULL, NULL );
INSERT INTO "times" VALUES ( 19936, 12520, '15:20:00', '15:20:00', 20 );
INSERT INTO "times" VALUES ( 19936, 12530, '15:18:00', '15:18:00', 20 );
INSERT INTO "times" VALUES ( 19936, 12540, '15:14:00', '15:15:00', 20 );
INSERT INTO "times" VALUES ( 19936, 12710, '14:59:00', '15:00:00', 20 );
INSERT INTO "times" VALUES ( 19936, 12740, '14:54:00', '14:54:00', 20 );
INSERT INTO "times" VALUES ( 19936, 12780, '14:43:00', '14:43:00', 20 );
INSERT INTO "times" VALUES ( 19936, 12800, '14:40:00', '14:40:00', 20 );
INSERT INTO "times" VALUES ( 19936, 12870, '14:33:00', '14:33:00', 20 );
INSERT INTO "times" VALUES ( 19936, 12890, '14:31:00', '14:31:00', 20 );
INSERT INTO "times" VALUES ( 19936, 12900, '14:30:00', '14:30:00', 20 );
INSERT INTO "times" VALUES ( 19936, 13520, NULL, '14:26:00', 30 );

INSERT INTO "dias" VALUES ( 19937, 180, FALSE, TRUE, 'B1406Z', 12510, 13520 );
INSERT INTO "dias_line_groups" VALUES ( 19937, 10 );
INSERT INTO "times" VALUES ( 19937, 12510, NULL, '14:30:00', 20 );
INSERT INTO "times" VALUES ( 19937, 12520, '14:31:00', '14:31:00', 20 );
INSERT INTO "times" VALUES ( 19937, 12530, '14:33:00', '14:33:00', 20 );
INSERT INTO "times" VALUES ( 19937, 12540, '14:37:00', '14:37:00', 20 );
INSERT INTO "times" VALUES ( 19937, 12710, '14:51:00', '14:52:00', 20 );
INSERT INTO "times" VALUES ( 19937, 12740, '14:57:00', '14:58:00', 20 );
INSERT INTO "times" VALUES ( 19937, 12780, '15:09:00', '15:09:00', 20 );
INSERT INTO "times" VALUES ( 19937, 12800, '15:11:00', '15:11:00', 20 );
INSERT INTO "times" VALUES ( 19937, 12870, '15:17:00', '15:17:00', 20 );
INSERT INTO "times" VALUES ( 19937, 12890, '15:20:00', '15:20:00', 20 );
INSERT INTO "times" VALUES ( 19937, 12900, '15:22:00', '15:22:00', 20 );
INSERT INTO "times" VALUES ( 19937, 13520, '15:25:00', NULL, NULL );

INSERT INTO "dias" VALUES ( 19938, 180, FALSE, TRUE, 'B1407A', 13520, 12510 );
INSERT INTO "dias_line_groups" VALUES ( 19938, 10 );
INSERT INTO "times" VALUES ( 19938, 12510, '15:32:00', NULL, NULL );
INSERT INTO "times" VALUES ( 19938, 12520, '15:30:00', '15:30:00', 20 );
INSERT INTO "times" VALUES ( 19938, 12530, '15:28:00', '15:28:00', 20 );
INSERT INTO "times" VALUES ( 19938, 12540, '15:24:00', '15:25:00', 20 );
INSERT INTO "times" VALUES ( 19938, 12710, '15:09:00', '15:10:00', 20 );
INSERT INTO "times" VALUES ( 19938, 12740, '15:04:00', '15:04:00', 20 );
INSERT INTO "times" VALUES ( 19938, 12780, '14:53:00', '14:53:00', 20 );
INSERT INTO "times" VALUES ( 19938, 12800, '14:50:00', '14:50:00', 20 );
INSERT INTO "times" VALUES ( 19938, 12870, '14:43:00', '14:43:00', 20 );
INSERT INTO "times" VALUES ( 19938, 12890, '14:41:00', '14:41:00', 20 );
INSERT INTO "times" VALUES ( 19938, 12900, '14:39:00', '14:40:00', 20 );
INSERT INTO "times" VALUES ( 19938, 13520, NULL, '14:36:00', 30 );

INSERT INTO "dias" VALUES ( 19939, 180, FALSE, TRUE, 'B1408Z', 12510, 13520 );
INSERT INTO "dias_line_groups" VALUES ( 19939, 10 );
INSERT INTO "times" VALUES ( 19939, 12510, NULL, '14:40:00', 20 );
INSERT INTO "times" VALUES ( 19939, 12520, '14:42:00', '14:42:00', 20 );
INSERT INTO "times" VALUES ( 19939, 12530, '14:44:00', '14:44:00', 20 );
INSERT INTO "times" VALUES ( 19939, 12540, '14:47:00', '14:48:00', 20 );
INSERT INTO "times" VALUES ( 19939, 12710, '15:01:00', '15:02:00', 20 );
INSERT INTO "times" VALUES ( 19939, 12740, '15:08:00', '15:08:00', 20 );
INSERT INTO "times" VALUES ( 19939, 12780, '15:19:00', '15:19:00', 20 );
INSERT INTO "times" VALUES ( 19939, 12800, '15:21:00', '15:21:00', 20 );
INSERT INTO "times" VALUES ( 19939, 12870, '15:27:00', '15:27:00', 20 );
INSERT INTO "times" VALUES ( 19939, 12890, '15:30:00', '15:30:00', 20 );
INSERT INTO "times" VALUES ( 19939, 12900, '15:32:00', '15:32:00', 20 );
INSERT INTO "times" VALUES ( 19939, 13520, '15:35:00', NULL, NULL );

INSERT INTO "dias" VALUES ( 19940, 180, FALSE, TRUE, 'B1409A', 13520, 12510 );
INSERT INTO "dias_line_groups" VALUES ( 19940, 10 );
INSERT INTO "times" VALUES ( 19940, 12510, '15:42:00', NULL, NULL );
INSERT INTO "times" VALUES ( 19940, 12520, '15:40:00', '15:40:00', 20 );
INSERT INTO "times" VALUES ( 19940, 12530, '15:39:00', '15:39:00', 20 );
INSERT INTO "times" VALUES ( 19940, 12540, '15:35:00', '15:36:00', 20 );
INSERT INTO "times" VALUES ( 19940, 12710, '15:19:00', '15:20:00', 20 );
INSERT INTO "times" VALUES ( 19940, 12740, '15:14:00', '15:14:00', 20 );
INSERT INTO "times" VALUES ( 19940, 12780, '15:03:00', '15:03:00', 20 );
INSERT INTO "times" VALUES ( 19940, 12800, '15:00:00', '15:00:00', 20 );
INSERT INTO "times" VALUES ( 19940, 12870, '14:53:00', '14:53:00', 20 );
INSERT INTO "times" VALUES ( 19940, 12890, '14:51:00', '14:51:00', 20 );
INSERT INTO "times" VALUES ( 19940, 12900, '14:50:00', '14:50:00', 20 );
INSERT INTO "times" VALUES ( 19940, 13520, NULL, '14:46:00', 30 );

INSERT INTO "dias" VALUES ( 19941, 180, FALSE, TRUE, 'B1410Z', 12510, 13520 );
INSERT INTO "dias_line_groups" VALUES ( 19941, 10 );
INSERT INTO "times" VALUES ( 19941, 12510, NULL, '14:50:00', 20 );
INSERT INTO "times" VALUES ( 19941, 12520, '14:51:00', '14:51:00', 20 );
INSERT INTO "times" VALUES ( 19941, 12530, '14:54:00', '14:54:00', 20 );
INSERT INTO "times" VALUES ( 19941, 12540, '14:56:00', '14:58:00', 20 );
INSERT INTO "times" VALUES ( 19941, 12710, '15:11:00', '15:12:00', 20 );
INSERT INTO "times" VALUES ( 19941, 12740, '15:17:00', '15:18:00', 20 );
INSERT INTO "times" VALUES ( 19941, 12780, '15:29:00', '15:29:00', 20 );
INSERT INTO "times" VALUES ( 19941, 12800, '15:31:00', '15:31:00', 20 );
INSERT INTO "times" VALUES ( 19941, 12870, '15:37:00', '15:37:00', 20 );
INSERT INTO "times" VALUES ( 19941, 12890, '15:40:00', '15:40:00', 20 );
INSERT INTO "times" VALUES ( 19941, 12900, '15:41:00', '15:43:00', 20 );
INSERT INTO "times" VALUES ( 19941, 13520, '15:47:00', NULL, NULL );

INSERT INTO "dias" VALUES ( 19942, 180, FALSE, TRUE, 'B1411A', 13520, 12510 );
INSERT INTO "dias_line_groups" VALUES ( 19942, 10 );
INSERT INTO "times" VALUES ( 19942, 12510, '15:52:00', NULL, NULL );
INSERT INTO "times" VALUES ( 19942, 12520, '15:50:00', '15:50:00', 20 );
INSERT INTO "times" VALUES ( 19942, 12530, '15:48:00', '15:48:00', 20 );
INSERT INTO "times" VALUES ( 19942, 12540, '15:44:00', '15:45:00', 20 );
INSERT INTO "times" VALUES ( 19942, 12710, '15:29:00', '15:30:00', 20 );
INSERT INTO "times" VALUES ( 19942, 12740, '15:24:00', '15:24:00', 20 );
INSERT INTO "times" VALUES ( 19942, 12780, '15:13:00', '15:13:00', 20 );
INSERT INTO "times" VALUES ( 19942, 12800, '15:10:00', '15:10:00', 20 );
INSERT INTO "times" VALUES ( 19942, 12870, '15:03:00', '15:03:00', 20 );
INSERT INTO "times" VALUES ( 19942, 12890, '15:01:00', '15:01:00', 20 );
INSERT INTO "times" VALUES ( 19942, 12900, '14:59:00', '15:00:00', 20 );
INSERT INTO "times" VALUES ( 19942, 13520, NULL, '14:56:00', 30 );

INSERT INTO "dias" VALUES ( 19943, 180, FALSE, TRUE, 'B1500Z', 12510, 13520 );
INSERT INTO "dias_line_groups" VALUES ( 19943, 10 );
INSERT INTO "times" VALUES ( 19943, 12510, NULL, '15:00:00', 20 );
INSERT INTO "times" VALUES ( 19943, 12520, '15:01:00', '15:01:00', 20 );
INSERT INTO "times" VALUES ( 19943, 12530, '15:03:00', '15:03:00', 20 );
INSERT INTO "times" VALUES ( 19943, 12540, '15:07:00', '15:07:00', 20 );
INSERT INTO "times" VALUES ( 19943, 12710, '15:21:00', '15:22:00', 20 );
INSERT INTO "times" VALUES ( 19943, 12740, '15:27:00', '15:28:00', 20 );
INSERT INTO "times" VALUES ( 19943, 12780, '15:39:00', '15:39:00', 20 );
INSERT INTO "times" VALUES ( 19943, 12800, '15:41:00', '15:41:00', 20 );
INSERT INTO "times" VALUES ( 19943, 12870, '15:47:00', '15:47:00', 20 );
INSERT INTO "times" VALUES ( 19943, 12890, '15:50:00', '15:50:00', 20 );
INSERT INTO "times" VALUES ( 19943, 12900, '15:52:00', '15:52:00', 20 );
INSERT INTO "times" VALUES ( 19943, 13520, '15:55:00', NULL, NULL );

INSERT INTO "dias" VALUES ( 19944, 180, FALSE, TRUE, 'B1501A', 13520, 12510 );
INSERT INTO "dias_line_groups" VALUES ( 19944, 10 );
INSERT INTO "times" VALUES ( 19944, 12510, '16:02:00', NULL, NULL );
INSERT INTO "times" VALUES ( 19944, 12520, '16:00:00', '16:00:00', 20 );
INSERT INTO "times" VALUES ( 19944, 12530, '15:58:00', '15:58:00', 20 );
INSERT INTO "times" VALUES ( 19944, 12540, '15:54:00', '15:55:00', 20 );
INSERT INTO "times" VALUES ( 19944, 12710, '15:39:00', '15:40:00', 20 );
INSERT INTO "times" VALUES ( 19944, 12740, '15:34:00', '15:34:00', 20 );
INSERT INTO "times" VALUES ( 19944, 12780, '15:23:00', '15:23:00', 20 );
INSERT INTO "times" VALUES ( 19944, 12800, '15:20:00', '15:20:00', 20 );
INSERT INTO "times" VALUES ( 19944, 12870, '15:13:00', '15:13:00', 20 );
INSERT INTO "times" VALUES ( 19944, 12890, '15:11:00', '15:11:00', 20 );
INSERT INTO "times" VALUES ( 19944, 12900, '15:09:00', '15:09:00', 20 );
INSERT INTO "times" VALUES ( 19944, 13520, NULL, '15:06:00', 30 );

INSERT INTO "dias" VALUES ( 19945, 180, FALSE, TRUE, 'B1502Z', 12510, 13520 );
INSERT INTO "dias_line_groups" VALUES ( 19945, 10 );
INSERT INTO "times" VALUES ( 19945, 12510, NULL, '15:10:00', 20 );
INSERT INTO "times" VALUES ( 19945, 12520, '15:12:00', '15:12:00', 20 );
INSERT INTO "times" VALUES ( 19945, 12530, '15:14:00', '15:14:00', 20 );
INSERT INTO "times" VALUES ( 19945, 12540, '15:17:00', '15:18:00', 20 );
INSERT INTO "times" VALUES ( 19945, 12710, '15:31:00', '15:32:00', 20 );
INSERT INTO "times" VALUES ( 19945, 12740, '15:38:00', '15:38:00', 20 );
INSERT INTO "times" VALUES ( 19945, 12780, '15:49:00', '15:49:00', 20 );
INSERT INTO "times" VALUES ( 19945, 12800, '15:51:00', '15:51:00', 20 );
INSERT INTO "times" VALUES ( 19945, 12870, '15:57:00', '15:57:00', 20 );
INSERT INTO "times" VALUES ( 19945, 12890, '16:00:00', '16:00:00', 20 );
INSERT INTO "times" VALUES ( 19945, 12900, '16:02:00', '16:02:00', 20 );
INSERT INTO "times" VALUES ( 19945, 13520, '16:05:00', NULL, NULL );

INSERT INTO "dias" VALUES ( 19946, 180, FALSE, TRUE, 'B1503A', 13520, 12510 );
INSERT INTO "dias_line_groups" VALUES ( 19946, 10 );
INSERT INTO "times" VALUES ( 19946, 12510, '16:12:00', NULL, NULL );
INSERT INTO "times" VALUES ( 19946, 12520, '16:10:00', '16:10:00', 20 );
INSERT INTO "times" VALUES ( 19946, 12530, '16:09:00', '16:09:00', 20 );
INSERT INTO "times" VALUES ( 19946, 12540, '16:05:00', '16:06:00', 20 );
INSERT INTO "times" VALUES ( 19946, 12710, '15:49:00', '15:50:00', 20 );
INSERT INTO "times" VALUES ( 19946, 12740, '15:44:00', '15:44:00', 20 );
INSERT INTO "times" VALUES ( 19946, 12780, '15:33:00', '15:33:00', 20 );
INSERT INTO "times" VALUES ( 19946, 12800, '15:30:00', '15:30:00', 20 );
INSERT INTO "times" VALUES ( 19946, 12870, '15:22:00', '15:22:00', 20 );
INSERT INTO "times" VALUES ( 19946, 12890, '15:20:00', '15:20:00', 20 );
INSERT INTO "times" VALUES ( 19946, 12900, '15:18:00', '15:18:00', 20 );
INSERT INTO "times" VALUES ( 19946, 13520, NULL, '15:15:00', 30 );

INSERT INTO "dias" VALUES ( 19947, 180, FALSE, TRUE, 'B1504Z', 12510, 13520 );
INSERT INTO "dias_line_groups" VALUES ( 19947, 10 );
INSERT INTO "times" VALUES ( 19947, 12510, NULL, '15:20:00', 20 );
INSERT INTO "times" VALUES ( 19947, 12520, '15:21:00', '15:21:00', 20 );
INSERT INTO "times" VALUES ( 19947, 12530, '15:24:00', '15:24:00', 20 );
INSERT INTO "times" VALUES ( 19947, 12540, '15:26:00', '15:28:00', 20 );
INSERT INTO "times" VALUES ( 19947, 12710, '15:41:00', '15:42:00', 20 );
INSERT INTO "times" VALUES ( 19947, 12740, '15:47:00', '15:48:00', 20 );
INSERT INTO "times" VALUES ( 19947, 12780, '15:59:00', '15:59:00', 20 );
INSERT INTO "times" VALUES ( 19947, 12800, '16:01:00', '16:01:00', 20 );
INSERT INTO "times" VALUES ( 19947, 12870, '16:07:00', '16:07:00', 20 );
INSERT INTO "times" VALUES ( 19947, 12890, '16:10:00', '16:10:00', 20 );
INSERT INTO "times" VALUES ( 19947, 12900, '16:11:00', '16:13:00', 20 );
INSERT INTO "times" VALUES ( 19947, 13520, '16:17:00', NULL, NULL );

INSERT INTO "dias" VALUES ( 19948, 180, FALSE, TRUE, 'B1505A', 13520, 12510 );
INSERT INTO "dias_line_groups" VALUES ( 19948, 10 );
INSERT INTO "times" VALUES ( 19948, 12510, '16:22:00', NULL, NULL );
INSERT INTO "times" VALUES ( 19948, 12520, '16:20:00', '16:20:00', 20 );
INSERT INTO "times" VALUES ( 19948, 12530, '16:18:00', '16:18:00', 20 );
INSERT INTO "times" VALUES ( 19948, 12540, '16:14:00', '16:15:00', 20 );
INSERT INTO "times" VALUES ( 19948, 12710, '15:59:00', '16:00:00', 20 );
INSERT INTO "times" VALUES ( 19948, 12740, '15:52:00', '15:53:00', 20 );
INSERT INTO "times" VALUES ( 19948, 12780, '15:42:00', '15:42:00', 20 );
INSERT INTO "times" VALUES ( 19948, 12800, '15:39:00', '15:39:00', 20 );
INSERT INTO "times" VALUES ( 19948, 12870, '15:32:00', '15:32:00', 20 );
INSERT INTO "times" VALUES ( 19948, 12890, '15:30:00', '15:30:00', 20 );
INSERT INTO "times" VALUES ( 19948, 12900, '15:27:00', '15:28:00', 20 );
INSERT INTO "times" VALUES ( 19948, 13520, NULL, '15:24:00', 30 );

INSERT INTO "dias" VALUES ( 19949, 180, FALSE, TRUE, 'B1506Z', 12510, 13520 );
INSERT INTO "dias_line_groups" VALUES ( 19949, 10 );
INSERT INTO "times" VALUES ( 19949, 12510, NULL, '15:30:00', 20 );
INSERT INTO "times" VALUES ( 19949, 12520, '15:31:00', '15:31:00', 20 );
INSERT INTO "times" VALUES ( 19949, 12530, '15:33:00', '15:33:00', 20 );
INSERT INTO "times" VALUES ( 19949, 12540, '15:37:00', '15:37:00', 20 );
INSERT INTO "times" VALUES ( 19949, 12710, '15:51:00', '15:52:00', 20 );
INSERT INTO "times" VALUES ( 19949, 12740, '15:57:00', '15:58:00', 20 );
INSERT INTO "times" VALUES ( 19949, 12780, '16:09:00', '16:09:00', 20 );
INSERT INTO "times" VALUES ( 19949, 12800, '16:11:00', '16:11:00', 20 );
INSERT INTO "times" VALUES ( 19949, 12870, '16:19:00', '16:19:00', 20 );
INSERT INTO "times" VALUES ( 19949, 12890, '16:22:00', '16:22:00', 20 );
INSERT INTO "times" VALUES ( 19949, 12900, '16:24:00', '16:24:00', 20 );
INSERT INTO "times" VALUES ( 19949, 13520, '16:27:00', NULL, NULL );

INSERT INTO "dias" VALUES ( 19950, 180, FALSE, TRUE, 'B1507A', 13520, 12510 );
INSERT INTO "dias_line_groups" VALUES ( 19950, 10 );
INSERT INTO "times" VALUES ( 19950, 12510, '16:32:00', NULL, NULL );
INSERT INTO "times" VALUES ( 19950, 12520, '16:29:00', '16:29:00', 20 );
INSERT INTO "times" VALUES ( 19950, 12530, '16:27:00', '16:27:00', 20 );
INSERT INTO "times" VALUES ( 19950, 12540, '16:23:00', '16:24:00', 20 );
INSERT INTO "times" VALUES ( 19950, 12710, '16:09:00', '16:09:00', 20 );
INSERT INTO "times" VALUES ( 19950, 12740, '16:02:00', '16:03:00', 20 );
INSERT INTO "times" VALUES ( 19950, 12780, '15:52:00', '15:52:00', 20 );
INSERT INTO "times" VALUES ( 19950, 12800, '15:49:00', '15:49:00', 20 );
INSERT INTO "times" VALUES ( 19950, 12870, '15:42:00', '15:42:00', 20 );
INSERT INTO "times" VALUES ( 19950, 12890, '15:40:00', '15:40:00', 20 );
INSERT INTO "times" VALUES ( 19950, 12900, '15:37:00', '15:38:00', 20 );
INSERT INTO "times" VALUES ( 19950, 13520, NULL, '15:33:00', 30 );

INSERT INTO "dias" VALUES ( 19951, 180, FALSE, TRUE, 'B1508Z', 12510, 13520 );
INSERT INTO "dias_line_groups" VALUES ( 19951, 10 );
INSERT INTO "times" VALUES ( 19951, 12510, NULL, '15:40:00', 20 );
INSERT INTO "times" VALUES ( 19951, 12520, '15:42:00', '15:42:00', 20 );
INSERT INTO "times" VALUES ( 19951, 12530, '15:44:00', '15:44:00', 20 );
INSERT INTO "times" VALUES ( 19951, 12540, '15:47:00', '15:48:00', 20 );
INSERT INTO "times" VALUES ( 19951, 12710, '16:01:00', '16:02:00', 20 );
INSERT INTO "times" VALUES ( 19951, 12740, '16:08:00', '16:08:00', 20 );
INSERT INTO "times" VALUES ( 19951, 12780, '16:19:00', '16:19:00', 20 );
INSERT INTO "times" VALUES ( 19951, 12800, '16:21:00', '16:21:00', 20 );
INSERT INTO "times" VALUES ( 19951, 12870, '16:27:00', '16:27:00', 20 );
INSERT INTO "times" VALUES ( 19951, 12890, '16:30:00', '16:30:00', 20 );
INSERT INTO "times" VALUES ( 19951, 12900, '16:32:00', '16:32:00', 20 );
INSERT INTO "times" VALUES ( 19951, 13520, '16:35:00', NULL, NULL );

INSERT INTO "dias" VALUES ( 19952, 180, FALSE, TRUE, 'B1509A', 13520, 12510 );
INSERT INTO "dias_line_groups" VALUES ( 19952, 10 );
INSERT INTO "times" VALUES ( 19952, 12510, '16:42:00', NULL, NULL );
INSERT INTO "times" VALUES ( 19952, 12520, '16:41:00', '16:41:00', 20 );
INSERT INTO "times" VALUES ( 19952, 12530, '16:39:00', '16:39:00', 20 );
INSERT INTO "times" VALUES ( 19952, 12540, '16:36:00', '16:36:00', 20 );
INSERT INTO "times" VALUES ( 19952, 12710, '16:21:00', '16:21:00', 20 );
INSERT INTO "times" VALUES ( 19952, 12740, '16:15:00', '16:15:00', 20 );
INSERT INTO "times" VALUES ( 19952, 12780, '16:04:00', '16:04:00', 20 );
INSERT INTO "times" VALUES ( 19952, 12800, '16:01:00', '16:01:00', 20 );
INSERT INTO "times" VALUES ( 19952, 12870, '15:53:00', '15:53:00', 20 );
INSERT INTO "times" VALUES ( 19952, 12890, '15:50:00', '15:50:00', 20 );
INSERT INTO "times" VALUES ( 19952, 12900, '15:48:00', '15:49:00', 20 );
INSERT INTO "times" VALUES ( 19952, 13520, NULL, '15:45:00', 30 );

INSERT INTO "dias" VALUES ( 19953, 180, FALSE, TRUE, 'B1510Z', 12510, 13520 );
INSERT INTO "dias_line_groups" VALUES ( 19953, 10 );
INSERT INTO "times" VALUES ( 19953, 12510, NULL, '15:50:00', 20 );
INSERT INTO "times" VALUES ( 19953, 12520, '15:51:00', '15:51:00', 20 );
INSERT INTO "times" VALUES ( 19953, 12530, '15:53:00', '15:53:00', 20 );
INSERT INTO "times" VALUES ( 19953, 12540, '15:57:00', '15:57:00', 20 );
INSERT INTO "times" VALUES ( 19953, 12710, '16:11:00', '16:12:00', 20 );
INSERT INTO "times" VALUES ( 19953, 12740, '16:17:00', '16:18:00', 20 );
INSERT INTO "times" VALUES ( 19953, 12780, '16:29:00', '16:29:00', 20 );
INSERT INTO "times" VALUES ( 19953, 12800, '16:31:00', '16:31:00', 20 );
INSERT INTO "times" VALUES ( 19953, 12870, '16:37:00', '16:37:00', 20 );
INSERT INTO "times" VALUES ( 19953, 12890, '16:40:00', '16:40:00', 20 );
INSERT INTO "times" VALUES ( 19953, 12900, '16:41:00', '16:43:00', 20 );
INSERT INTO "times" VALUES ( 19953, 13520, '16:47:00', NULL, NULL );

INSERT INTO "dias" VALUES ( 19954, 180, FALSE, TRUE, 'B1511A', 13520, 12510 );
INSERT INTO "dias_line_groups" VALUES ( 19954, 10 );
INSERT INTO "times" VALUES ( 19954, 12510, '16:52:00', NULL, NULL );
INSERT INTO "times" VALUES ( 19954, 12520, '16:50:00', '16:50:00', 20 );
INSERT INTO "times" VALUES ( 19954, 12530, '16:48:00', '16:48:00', 20 );
INSERT INTO "times" VALUES ( 19954, 12540, '16:45:00', '16:45:00', 20 );
INSERT INTO "times" VALUES ( 19954, 12710, '16:30:00', '16:31:00', 20 );
INSERT INTO "times" VALUES ( 19954, 12740, '16:23:00', '16:25:00', 20 );
INSERT INTO "times" VALUES ( 19954, 12780, '16:12:00', '16:13:00', 20 );
INSERT INTO "times" VALUES ( 19954, 12800, '16:10:00', '16:10:00', 20 );
INSERT INTO "times" VALUES ( 19954, 12870, '16:02:00', '16:02:00', 20 );
INSERT INTO "times" VALUES ( 19954, 12890, '16:00:00', '16:00:00', 20 );
INSERT INTO "times" VALUES ( 19954, 12900, '15:58:00', '15:58:00', 20 );
INSERT INTO "times" VALUES ( 19954, 13520, NULL, '15:55:00', 30 );

INSERT INTO "dias" VALUES ( 19955, 180, FALSE, TRUE, 'B1600Z', 12510, 13520 );
INSERT INTO "dias_line_groups" VALUES ( 19955, 10 );
INSERT INTO "times" VALUES ( 19955, 12510, NULL, '16:00:00', 20 );
INSERT INTO "times" VALUES ( 19955, 12520, '16:01:00', '16:01:00', 20 );
INSERT INTO "times" VALUES ( 19955, 12530, '16:03:00', '16:03:00', 20 );
INSERT INTO "times" VALUES ( 19955, 12540, '16:07:00', '16:07:00', 20 );
INSERT INTO "times" VALUES ( 19955, 12710, '16:21:00', '16:22:00', 20 );
INSERT INTO "times" VALUES ( 19955, 12740, '16:27:00', '16:28:00', 20 );
INSERT INTO "times" VALUES ( 19955, 12780, '16:39:00', '16:39:00', 20 );
INSERT INTO "times" VALUES ( 19955, 12800, '16:41:00', '16:41:00', 20 );
INSERT INTO "times" VALUES ( 19955, 12870, '16:47:00', '16:47:00', 20 );
INSERT INTO "times" VALUES ( 19955, 12890, '16:50:00', '16:50:00', 20 );
INSERT INTO "times" VALUES ( 19955, 12900, '16:52:00', '16:52:00', 20 );
INSERT INTO "times" VALUES ( 19955, 13520, '16:55:00', NULL, NULL );

INSERT INTO "dias" VALUES ( 19956, 180, FALSE, TRUE, 'B1601A', 13520, 12510 );
INSERT INTO "dias_line_groups" VALUES ( 19956, 10 );
INSERT INTO "times" VALUES ( 19956, 12510, '17:02:00', NULL, NULL );
INSERT INTO "times" VALUES ( 19956, 12520, '16:59:00', '16:59:00', 20 );
INSERT INTO "times" VALUES ( 19956, 12530, '16:57:00', '16:57:00', 20 );
INSERT INTO "times" VALUES ( 19956, 12540, '16:53:00', '16:54:00', 20 );
INSERT INTO "times" VALUES ( 19956, 12710, '16:39:00', '16:39:00', 20 );
INSERT INTO "times" VALUES ( 19956, 12740, '16:32:00', '16:33:00', 20 );
INSERT INTO "times" VALUES ( 19956, 12780, '16:22:00', '16:22:00', 20 );
INSERT INTO "times" VALUES ( 19956, 12800, '16:19:00', '16:19:00', 20 );
INSERT INTO "times" VALUES ( 19956, 12870, '16:12:00', '16:12:00', 20 );
INSERT INTO "times" VALUES ( 19956, 12890, '16:10:00', '16:10:00', 20 );
INSERT INTO "times" VALUES ( 19956, 12900, '16:07:00', '16:08:00', 20 );
INSERT INTO "times" VALUES ( 19956, 13520, NULL, '16:03:00', 30 );

INSERT INTO "dias" VALUES ( 19957, 180, FALSE, TRUE, 'B1602Z', 12510, 13520 );
INSERT INTO "dias_line_groups" VALUES ( 19957, 10 );
INSERT INTO "times" VALUES ( 19957, 12510, NULL, '16:10:00', 20 );
INSERT INTO "times" VALUES ( 19957, 12520, '16:12:00', '16:12:00', 20 );
INSERT INTO "times" VALUES ( 19957, 12530, '16:14:00', '16:14:00', 20 );
INSERT INTO "times" VALUES ( 19957, 12540, '16:17:00', '16:18:00', 20 );
INSERT INTO "times" VALUES ( 19957, 12710, '16:31:00', '16:32:00', 20 );
INSERT INTO "times" VALUES ( 19957, 12740, '16:38:00', '16:38:00', 20 );
INSERT INTO "times" VALUES ( 19957, 12780, '16:49:00', '16:49:00', 20 );
INSERT INTO "times" VALUES ( 19957, 12800, '16:51:00', '16:51:00', 20 );
INSERT INTO "times" VALUES ( 19957, 12870, '16:59:00', '16:59:00', 20 );
INSERT INTO "times" VALUES ( 19957, 12890, '17:02:00', '17:02:00', 20 );
INSERT INTO "times" VALUES ( 19957, 12900, '17:04:00', '17:04:00', 20 );
INSERT INTO "times" VALUES ( 19957, 13520, '17:07:00', NULL, NULL );

INSERT INTO "dias" VALUES ( 19958, 180, FALSE, TRUE, 'B1603A', 13520, 12510 );
INSERT INTO "dias_line_groups" VALUES ( 19958, 10 );
INSERT INTO "times" VALUES ( 19958, 12510, '17:13:00', NULL, NULL );
INSERT INTO "times" VALUES ( 19958, 12520, '17:11:00', '17:11:00', 20 );
INSERT INTO "times" VALUES ( 19958, 12530, '17:09:00', '17:09:00', 20 );
INSERT INTO "times" VALUES ( 19958, 12540, '17:05:00', '17:06:00', 20 );
INSERT INTO "times" VALUES ( 19958, 12710, '16:50:00', '16:51:00', 20 );
INSERT INTO "times" VALUES ( 19958, 12740, '16:45:00', '16:45:00', 20 );
INSERT INTO "times" VALUES ( 19958, 12780, '16:34:00', '16:34:00', 20 );
INSERT INTO "times" VALUES ( 19958, 12800, '16:31:00', '16:31:00', 20 );
INSERT INTO "times" VALUES ( 19958, 12870, '16:23:00', '16:23:00', 20 );
INSERT INTO "times" VALUES ( 19958, 12890, '16:20:00', '16:20:00', 20 );
INSERT INTO "times" VALUES ( 19958, 12900, '16:18:00', '16:19:00', 20 );
INSERT INTO "times" VALUES ( 19958, 13520, NULL, '16:15:00', 30 );

INSERT INTO "dias" VALUES ( 19959, 180, FALSE, TRUE, 'B1604Z', 12510, 13520 );
INSERT INTO "dias_line_groups" VALUES ( 19959, 10 );
INSERT INTO "times" VALUES ( 19959, 12510, NULL, '16:20:00', 20 );
INSERT INTO "times" VALUES ( 19959, 12520, '16:21:00', '16:21:00', 20 );
INSERT INTO "times" VALUES ( 19959, 12530, '16:23:00', '16:23:00', 20 );
INSERT INTO "times" VALUES ( 19959, 12540, '16:27:00', '16:27:00', 20 );
INSERT INTO "times" VALUES ( 19959, 12710, '16:41:00', '16:42:00', 20 );
INSERT INTO "times" VALUES ( 19959, 12740, '16:47:00', '16:48:00', 20 );
INSERT INTO "times" VALUES ( 19959, 12780, '16:59:00', '16:59:00', 20 );
INSERT INTO "times" VALUES ( 19959, 12800, '17:01:00', '17:01:00', 20 );
INSERT INTO "times" VALUES ( 19959, 12870, '17:07:00', '17:07:00', 20 );
INSERT INTO "times" VALUES ( 19959, 12890, '17:10:00', '17:10:00', 20 );
INSERT INTO "times" VALUES ( 19959, 12900, '17:11:00', '17:13:00', 20 );
INSERT INTO "times" VALUES ( 19959, 13520, '17:17:00', NULL, NULL );

INSERT INTO "dias" VALUES ( 19960, 180, FALSE, TRUE, 'B1605A', 13520, 12510 );
INSERT INTO "dias_line_groups" VALUES ( 19960, 10 );
INSERT INTO "times" VALUES ( 19960, 12510, '17:22:00', NULL, NULL );
INSERT INTO "times" VALUES ( 19960, 12520, '17:20:00', '17:20:00', 20 );
INSERT INTO "times" VALUES ( 19960, 12530, '17:18:00', '17:18:00', 20 );
INSERT INTO "times" VALUES ( 19960, 12540, '17:14:00', '17:15:00', 20 );
INSERT INTO "times" VALUES ( 19960, 12710, '16:59:00', '17:00:00', 20 );
INSERT INTO "times" VALUES ( 19960, 12740, '16:53:00', '16:53:00', 20 );
INSERT INTO "times" VALUES ( 19960, 12780, '16:42:00', '16:43:00', 20 );
INSERT INTO "times" VALUES ( 19960, 12800, '16:40:00', '16:40:00', 20 );
INSERT INTO "times" VALUES ( 19960, 12870, '16:32:00', '16:32:00', 20 );
INSERT INTO "times" VALUES ( 19960, 12890, '16:30:00', '16:30:00', 20 );
INSERT INTO "times" VALUES ( 19960, 12900, '16:28:00', '16:28:00', 20 );
INSERT INTO "times" VALUES ( 19960, 13520, NULL, '16:25:00', 30 );

INSERT INTO "dias" VALUES ( 19961, 180, FALSE, TRUE, 'B1606Z', 12510, 13520 );
INSERT INTO "dias_line_groups" VALUES ( 19961, 10 );
INSERT INTO "times" VALUES ( 19961, 12510, NULL, '16:30:00', 20 );
INSERT INTO "times" VALUES ( 19961, 12520, '16:31:00', '16:31:00', 20 );
INSERT INTO "times" VALUES ( 19961, 12530, '16:33:00', '16:33:00', 20 );
INSERT INTO "times" VALUES ( 19961, 12540, '16:37:00', '16:37:00', 20 );
INSERT INTO "times" VALUES ( 19961, 12710, '16:51:00', '16:52:00', 20 );
INSERT INTO "times" VALUES ( 19961, 12740, '16:57:00', '16:58:00', 20 );
INSERT INTO "times" VALUES ( 19961, 12780, '17:09:00', '17:09:00', 20 );
INSERT INTO "times" VALUES ( 19961, 12800, '17:11:00', '17:11:00', 20 );
INSERT INTO "times" VALUES ( 19961, 12870, '17:17:00', '17:17:00', 20 );
INSERT INTO "times" VALUES ( 19961, 12890, '17:20:00', '17:20:00', 20 );
INSERT INTO "times" VALUES ( 19961, 12900, '17:22:00', '17:22:00', 20 );
INSERT INTO "times" VALUES ( 19961, 13520, '17:25:00', NULL, NULL );

INSERT INTO "dias" VALUES ( 19962, 180, FALSE, TRUE, 'B1607A', 13520, 12510 );
INSERT INTO "dias_line_groups" VALUES ( 19962, 10 );
INSERT INTO "times" VALUES ( 19962, 12510, '17:32:00', NULL, NULL );
INSERT INTO "times" VALUES ( 19962, 12520, '17:29:00', '17:29:00', 20 );
INSERT INTO "times" VALUES ( 19962, 12530, '17:27:00', '17:27:00', 20 );
INSERT INTO "times" VALUES ( 19962, 12540, '17:23:00', '17:24:00', 20 );
INSERT INTO "times" VALUES ( 19962, 12710, '17:09:00', '17:09:00', 20 );
INSERT INTO "times" VALUES ( 19962, 12740, '17:02:00', '17:03:00', 20 );
INSERT INTO "times" VALUES ( 19962, 12780, '16:52:00', '16:52:00', 20 );
INSERT INTO "times" VALUES ( 19962, 12800, '16:49:00', '16:49:00', 20 );
INSERT INTO "times" VALUES ( 19962, 12870, '16:42:00', '16:42:00', 20 );
INSERT INTO "times" VALUES ( 19962, 12890, '16:40:00', '16:40:00', 20 );
INSERT INTO "times" VALUES ( 19962, 12900, '16:37:00', '16:38:00', 20 );
INSERT INTO "times" VALUES ( 19962, 13520, NULL, '16:33:00', 30 );

INSERT INTO "dias" VALUES ( 19963, 180, FALSE, TRUE, 'B1608Z', 12510, 13520 );
INSERT INTO "dias_line_groups" VALUES ( 19963, 10 );
INSERT INTO "times" VALUES ( 19963, 12510, NULL, '16:40:00', 20 );
INSERT INTO "times" VALUES ( 19963, 12520, '16:42:00', '16:42:00', 20 );
INSERT INTO "times" VALUES ( 19963, 12530, '16:44:00', '16:44:00', 20 );
INSERT INTO "times" VALUES ( 19963, 12540, '16:47:00', '16:48:00', 20 );
INSERT INTO "times" VALUES ( 19963, 12710, '17:01:00', '17:02:00', 20 );
INSERT INTO "times" VALUES ( 19963, 12740, '17:08:00', '17:08:00', 20 );
INSERT INTO "times" VALUES ( 19963, 12780, '17:19:00', '17:19:00', 20 );
INSERT INTO "times" VALUES ( 19963, 12800, '17:21:00', '17:21:00', 20 );
INSERT INTO "times" VALUES ( 19963, 12870, '17:29:00', '17:29:00', 20 );
INSERT INTO "times" VALUES ( 19963, 12890, '17:32:00', '17:32:00', 20 );
INSERT INTO "times" VALUES ( 19963, 12900, '17:34:00', '17:34:00', 20 );
INSERT INTO "times" VALUES ( 19963, 13520, '17:37:00', NULL, NULL );

INSERT INTO "dias" VALUES ( 19964, 180, FALSE, TRUE, 'B1609A', 13520, 12510 );
INSERT INTO "dias_line_groups" VALUES ( 19964, 10 );
INSERT INTO "times" VALUES ( 19964, 12510, '17:43:00', NULL, NULL );
INSERT INTO "times" VALUES ( 19964, 12520, '17:41:00', '17:41:00', 20 );
INSERT INTO "times" VALUES ( 19964, 12530, '17:40:00', '17:40:00', 20 );
INSERT INTO "times" VALUES ( 19964, 12540, '17:36:00', '17:37:00', 20 );
INSERT INTO "times" VALUES ( 19964, 12710, '17:20:00', '17:21:00', 20 );
INSERT INTO "times" VALUES ( 19964, 12740, '17:14:00', '17:15:00', 20 );
INSERT INTO "times" VALUES ( 19964, 12780, '17:04:00', '17:04:00', 20 );
INSERT INTO "times" VALUES ( 19964, 12800, '17:01:00', '17:01:00', 20 );
INSERT INTO "times" VALUES ( 19964, 12870, '16:53:00', '16:53:00', 20 );
INSERT INTO "times" VALUES ( 19964, 12890, '16:50:00', '16:50:00', 20 );
INSERT INTO "times" VALUES ( 19964, 12900, '16:48:00', '16:49:00', 20 );
INSERT INTO "times" VALUES ( 19964, 13520, NULL, '16:45:00', 30 );

INSERT INTO "dias" VALUES ( 19965, 180, FALSE, TRUE, 'B1610Z', 12510, 13520 );
INSERT INTO "dias_line_groups" VALUES ( 19965, 10 );
INSERT INTO "times" VALUES ( 19965, 12510, NULL, '16:50:00', 20 );
INSERT INTO "times" VALUES ( 19965, 12520, '16:51:00', '16:51:00', 20 );
INSERT INTO "times" VALUES ( 19965, 12530, '16:53:00', '16:53:00', 20 );
INSERT INTO "times" VALUES ( 19965, 12540, '16:57:00', '16:57:00', 20 );
INSERT INTO "times" VALUES ( 19965, 12710, '17:11:00', '17:12:00', 20 );
INSERT INTO "times" VALUES ( 19965, 12740, '17:16:00', '17:17:00', 20 );
INSERT INTO "times" VALUES ( 19965, 12780, '17:29:00', '17:29:00', 20 );
INSERT INTO "times" VALUES ( 19965, 12800, '17:31:00', '17:31:00', 20 );
INSERT INTO "times" VALUES ( 19965, 12870, '17:37:00', '17:37:00', 20 );
INSERT INTO "times" VALUES ( 19965, 12890, '17:40:00', '17:40:00', 20 );
INSERT INTO "times" VALUES ( 19965, 12900, '17:42:00', '17:42:00', 20 );
INSERT INTO "times" VALUES ( 19965, 13520, '17:45:00', NULL, NULL );

INSERT INTO "dias" VALUES ( 19966, 180, FALSE, TRUE, 'B1611A', 13520, 12510 );
INSERT INTO "dias_line_groups" VALUES ( 19966, 10 );
INSERT INTO "times" VALUES ( 19966, 12510, '17:52:00', NULL, NULL );
INSERT INTO "times" VALUES ( 19966, 12520, '17:50:00', '17:50:00', 20 );
INSERT INTO "times" VALUES ( 19966, 12530, '17:49:00', '17:49:00', 20 );
INSERT INTO "times" VALUES ( 19966, 12540, '17:45:00', '17:46:00', 20 );
INSERT INTO "times" VALUES ( 19966, 12710, '17:30:00', '17:31:00', 20 );
INSERT INTO "times" VALUES ( 19966, 12740, '17:23:00', '17:25:00', 20 );
INSERT INTO "times" VALUES ( 19966, 12780, '17:12:00', '17:13:00', 20 );
INSERT INTO "times" VALUES ( 19966, 12800, '17:10:00', '17:10:00', 20 );
INSERT INTO "times" VALUES ( 19966, 12870, '17:02:00', '17:02:00', 20 );
INSERT INTO "times" VALUES ( 19966, 12890, '17:00:00', '17:00:00', 20 );
INSERT INTO "times" VALUES ( 19966, 12900, '16:58:00', '16:58:00', 20 );
INSERT INTO "times" VALUES ( 19966, 13520, NULL, '16:55:00', 30 );

INSERT INTO "dias" VALUES ( 19967, 180, FALSE, TRUE, 'B1700Z', 12510, 13520 );
INSERT INTO "dias_line_groups" VALUES ( 19967, 10 );
INSERT INTO "times" VALUES ( 19967, 12510, NULL, '17:00:00', 20 );
INSERT INTO "times" VALUES ( 19967, 12520, '17:01:00', '17:01:00', 20 );
INSERT INTO "times" VALUES ( 19967, 12530, '17:03:00', '17:03:00', 20 );
INSERT INTO "times" VALUES ( 19967, 12540, '17:07:00', '17:07:00', 20 );
INSERT INTO "times" VALUES ( 19967, 12710, '17:21:00', '17:22:00', 20 );
INSERT INTO "times" VALUES ( 19967, 12740, '17:27:00', '17:28:00', 20 );
INSERT INTO "times" VALUES ( 19967, 12780, '17:39:00', '17:39:00', 20 );
INSERT INTO "times" VALUES ( 19967, 12800, '17:41:00', '17:41:00', 20 );
INSERT INTO "times" VALUES ( 19967, 12870, '17:47:00', '17:47:00', 20 );
INSERT INTO "times" VALUES ( 19967, 12890, '17:50:00', '17:50:00', 20 );
INSERT INTO "times" VALUES ( 19967, 12900, '17:52:00', '17:52:00', 20 );
INSERT INTO "times" VALUES ( 19967, 13520, '17:55:00', NULL, NULL );

INSERT INTO "dias" VALUES ( 19968, 180, FALSE, TRUE, 'B1701A', 13520, 12510 );
INSERT INTO "dias_line_groups" VALUES ( 19968, 10 );
INSERT INTO "times" VALUES ( 19968, 12510, '18:02:00', NULL, NULL );
INSERT INTO "times" VALUES ( 19968, 12520, '17:59:00', '17:59:00', 20 );
INSERT INTO "times" VALUES ( 19968, 12530, '17:57:00', '17:57:00', 20 );
INSERT INTO "times" VALUES ( 19968, 12540, '17:53:00', '17:54:00', 20 );
INSERT INTO "times" VALUES ( 19968, 12710, '17:39:00', '17:39:00', 20 );
INSERT INTO "times" VALUES ( 19968, 12740, '17:32:00', '17:33:00', 20 );
INSERT INTO "times" VALUES ( 19968, 12780, '17:22:00', '17:22:00', 20 );
INSERT INTO "times" VALUES ( 19968, 12800, '17:19:00', '17:19:00', 20 );
INSERT INTO "times" VALUES ( 19968, 12870, '17:12:00', '17:12:00', 20 );
INSERT INTO "times" VALUES ( 19968, 12890, '17:10:00', '17:10:00', 20 );
INSERT INTO "times" VALUES ( 19968, 12900, '17:06:00', '17:08:00', 20 );
INSERT INTO "times" VALUES ( 19968, 13520, NULL, '17:03:00', 30 );

INSERT INTO "dias" VALUES ( 19969, 180, FALSE, TRUE, 'B1702Z', 12510, 13520 );
INSERT INTO "dias_line_groups" VALUES ( 19969, 10 );
INSERT INTO "times" VALUES ( 19969, 12510, NULL, '17:11:00', 20 );
INSERT INTO "times" VALUES ( 19969, 12520, '17:12:00', '17:12:00', 20 );
INSERT INTO "times" VALUES ( 19969, 12530, '17:14:00', '17:14:00', 20 );
INSERT INTO "times" VALUES ( 19969, 12540, '17:18:00', '17:18:00', 20 );
INSERT INTO "times" VALUES ( 19969, 12710, '17:31:00', '17:32:00', 20 );
INSERT INTO "times" VALUES ( 19969, 12740, '17:38:00', '17:38:00', 20 );
INSERT INTO "times" VALUES ( 19969, 12780, '17:49:00', '17:49:00', 20 );
INSERT INTO "times" VALUES ( 19969, 12800, '17:51:00', '17:51:00', 20 );
INSERT INTO "times" VALUES ( 19969, 12870, '17:57:00', '17:57:00', 20 );
INSERT INTO "times" VALUES ( 19969, 12890, '18:00:00', '18:00:00', 20 );
INSERT INTO "times" VALUES ( 19969, 12900, '18:02:00', '18:02:00', 20 );
INSERT INTO "times" VALUES ( 19969, 13520, '18:05:00', NULL, NULL );

INSERT INTO "dias" VALUES ( 19970, 180, FALSE, TRUE, 'B1703A', 13520, 12510 );
INSERT INTO "dias_line_groups" VALUES ( 19970, 10 );
INSERT INTO "times" VALUES ( 19970, 12510, '18:13:00', NULL, NULL );
INSERT INTO "times" VALUES ( 19970, 12520, '18:11:00', '18:11:00', 20 );
INSERT INTO "times" VALUES ( 19970, 12530, '18:09:00', '18:09:00', 20 );
INSERT INTO "times" VALUES ( 19970, 12540, '18:05:00', '18:06:00', 20 );
INSERT INTO "times" VALUES ( 19970, 12710, '17:50:00', '17:51:00', 20 );
INSERT INTO "times" VALUES ( 19970, 12740, '17:45:00', '17:45:00', 20 );
INSERT INTO "times" VALUES ( 19970, 12780, '17:34:00', '17:34:00', 20 );
INSERT INTO "times" VALUES ( 19970, 12800, '17:31:00', '17:31:00', 20 );
INSERT INTO "times" VALUES ( 19970, 12870, '17:23:00', '17:23:00', 20 );
INSERT INTO "times" VALUES ( 19970, 12890, '17:20:00', '17:20:00', 20 );
INSERT INTO "times" VALUES ( 19970, 12900, '17:18:00', '17:19:00', 20 );
INSERT INTO "times" VALUES ( 19970, 13520, NULL, '17:15:00', 30 );

INSERT INTO "dias" VALUES ( 19971, 180, FALSE, TRUE, 'B1704Z', 12510, 13520 );
INSERT INTO "dias_line_groups" VALUES ( 19971, 10 );
INSERT INTO "times" VALUES ( 19971, 12510, NULL, '17:20:00', 20 );
INSERT INTO "times" VALUES ( 19971, 12520, '17:21:00', '17:21:00', 20 );
INSERT INTO "times" VALUES ( 19971, 12530, '17:23:00', '17:23:00', 20 );
INSERT INTO "times" VALUES ( 19971, 12540, '17:27:00', '17:27:00', 20 );
INSERT INTO "times" VALUES ( 19971, 12710, '17:41:00', '17:42:00', 20 );
INSERT INTO "times" VALUES ( 19971, 12740, '17:46:00', '17:47:00', 20 );
INSERT INTO "times" VALUES ( 19971, 12780, '17:58:00', '17:59:00', 20 );
INSERT INTO "times" VALUES ( 19971, 12800, '18:01:00', '18:01:00', 20 );
INSERT INTO "times" VALUES ( 19971, 12870, '18:07:00', '18:07:00', 20 );
INSERT INTO "times" VALUES ( 19971, 12890, '18:10:00', '18:10:00', 20 );
INSERT INTO "times" VALUES ( 19971, 12900, '18:12:00', '18:12:00', 20 );
INSERT INTO "times" VALUES ( 19971, 13520, '18:15:00', NULL, NULL );

INSERT INTO "dias" VALUES ( 19972, 180, FALSE, TRUE, 'B1705A', 13520, 12510 );
INSERT INTO "dias_line_groups" VALUES ( 19972, 10 );
INSERT INTO "times" VALUES ( 19972, 12510, '18:22:00', NULL, NULL );
INSERT INTO "times" VALUES ( 19972, 12520, '18:20:00', '18:20:00', 20 );
INSERT INTO "times" VALUES ( 19972, 12530, '18:18:00', '18:18:00', 20 );
INSERT INTO "times" VALUES ( 19972, 12540, '18:14:00', '18:15:00', 20 );
INSERT INTO "times" VALUES ( 19972, 12710, '17:59:00', '18:00:00', 20 );
INSERT INTO "times" VALUES ( 19972, 12740, '17:53:00', '17:53:00', 20 );
INSERT INTO "times" VALUES ( 19972, 12780, '17:43:00', '17:43:00', 20 );
INSERT INTO "times" VALUES ( 19972, 12800, '17:40:00', '17:40:00', 20 );
INSERT INTO "times" VALUES ( 19972, 12870, '17:32:00', '17:32:00', 20 );
INSERT INTO "times" VALUES ( 19972, 12890, '17:30:00', '17:30:00', 20 );
INSERT INTO "times" VALUES ( 19972, 12900, '17:28:00', '17:28:00', 20 );
INSERT INTO "times" VALUES ( 19972, 13520, NULL, '17:25:00', 30 );

INSERT INTO "dias" VALUES ( 19973, 180, FALSE, TRUE, 'B1706Z', 12510, 13520 );
INSERT INTO "dias_line_groups" VALUES ( 19973, 10 );
INSERT INTO "times" VALUES ( 19973, 12510, NULL, '17:30:00', 20 );
INSERT INTO "times" VALUES ( 19973, 12520, '17:31:00', '17:31:00', 20 );
INSERT INTO "times" VALUES ( 19973, 12530, '17:33:00', '17:33:00', 20 );
INSERT INTO "times" VALUES ( 19973, 12540, '17:37:00', '17:37:00', 20 );
INSERT INTO "times" VALUES ( 19973, 12710, '17:51:00', '17:52:00', 20 );
INSERT INTO "times" VALUES ( 19973, 12740, '17:57:00', '17:58:00', 20 );
INSERT INTO "times" VALUES ( 19973, 12780, '18:08:00', '18:09:00', 20 );
INSERT INTO "times" VALUES ( 19973, 12800, '18:11:00', '18:11:00', 20 );
INSERT INTO "times" VALUES ( 19973, 12870, '18:17:00', '18:17:00', 20 );
INSERT INTO "times" VALUES ( 19973, 12890, '18:20:00', '18:20:00', 20 );
INSERT INTO "times" VALUES ( 19973, 12900, '18:22:00', '18:22:00', 20 );
INSERT INTO "times" VALUES ( 19973, 13520, '18:25:00', NULL, NULL );

INSERT INTO "dias" VALUES ( 19974, 180, FALSE, TRUE, 'B1707A', 13520, 12510 );
INSERT INTO "dias_line_groups" VALUES ( 19974, 10 );
INSERT INTO "times" VALUES ( 19974, 12510, '18:32:00', NULL, NULL );
INSERT INTO "times" VALUES ( 19974, 12520, '18:29:00', '18:29:00', 20 );
INSERT INTO "times" VALUES ( 19974, 12530, '18:27:00', '18:27:00', 20 );
INSERT INTO "times" VALUES ( 19974, 12540, '18:23:00', '18:24:00', 20 );
INSERT INTO "times" VALUES ( 19974, 12710, '18:09:00', '18:09:00', 20 );
INSERT INTO "times" VALUES ( 19974, 12740, '18:02:00', '18:03:00', 20 );
INSERT INTO "times" VALUES ( 19974, 12780, '17:52:00', '17:52:00', 20 );
INSERT INTO "times" VALUES ( 19974, 12800, '17:49:00', '17:49:00', 20 );
INSERT INTO "times" VALUES ( 19974, 12870, '17:42:00', '17:42:00', 20 );
INSERT INTO "times" VALUES ( 19974, 12890, '17:40:00', '17:40:00', 20 );
INSERT INTO "times" VALUES ( 19974, 12900, '17:36:00', '17:38:00', 20 );
INSERT INTO "times" VALUES ( 19974, 13520, NULL, '17:33:00', 30 );

INSERT INTO "dias" VALUES ( 19975, 180, FALSE, TRUE, 'B1708Z', 12510, 13520 );
INSERT INTO "dias_line_groups" VALUES ( 19975, 10 );
INSERT INTO "times" VALUES ( 19975, 12510, NULL, '17:41:00', 20 );
INSERT INTO "times" VALUES ( 19975, 12520, '17:42:00', '17:42:00', 20 );
INSERT INTO "times" VALUES ( 19975, 12530, '17:45:00', '17:45:00', 20 );
INSERT INTO "times" VALUES ( 19975, 12540, '17:48:00', '17:48:00', 20 );
INSERT INTO "times" VALUES ( 19975, 12710, '18:01:00', '18:02:00', 20 );
INSERT INTO "times" VALUES ( 19975, 12740, '18:08:00', '18:08:00', 20 );
INSERT INTO "times" VALUES ( 19975, 12780, '18:19:00', '18:19:00', 20 );
INSERT INTO "times" VALUES ( 19975, 12800, '18:21:00', '18:21:00', 20 );
INSERT INTO "times" VALUES ( 19975, 12870, '18:27:00', '18:27:00', 20 );
INSERT INTO "times" VALUES ( 19975, 12890, '18:30:00', '18:30:00', 20 );
INSERT INTO "times" VALUES ( 19975, 12900, '18:32:00', '18:32:00', 20 );
INSERT INTO "times" VALUES ( 19975, 13520, '18:35:00', NULL, NULL );

INSERT INTO "dias" VALUES ( 19976, 180, FALSE, TRUE, 'B1709A', 13520, 12510 );
INSERT INTO "dias_line_groups" VALUES ( 19976, 10 );
INSERT INTO "times" VALUES ( 19976, 12510, '18:43:00', NULL, NULL );
INSERT INTO "times" VALUES ( 19976, 12520, '18:41:00', '18:41:00', 20 );
INSERT INTO "times" VALUES ( 19976, 12530, '18:39:00', '18:39:00', 20 );
INSERT INTO "times" VALUES ( 19976, 12540, '18:35:00', '18:36:00', 20 );
INSERT INTO "times" VALUES ( 19976, 12710, '18:20:00', '18:21:00', 20 );
INSERT INTO "times" VALUES ( 19976, 12740, '18:15:00', '18:15:00', 20 );
INSERT INTO "times" VALUES ( 19976, 12780, '18:04:00', '18:04:00', 20 );
INSERT INTO "times" VALUES ( 19976, 12800, '18:01:00', '18:01:00', 20 );
INSERT INTO "times" VALUES ( 19976, 12870, '17:54:00', '17:54:00', 20 );
INSERT INTO "times" VALUES ( 19976, 12890, '17:51:00', '17:51:00', 20 );
INSERT INTO "times" VALUES ( 19976, 12900, '17:49:00', '17:49:00', 20 );
INSERT INTO "times" VALUES ( 19976, 13520, NULL, '17:46:00', 30 );

INSERT INTO "dias" VALUES ( 19977, 180, FALSE, TRUE, 'B1710Z', 12510, 13520 );
INSERT INTO "dias_line_groups" VALUES ( 19977, 10 );
INSERT INTO "times" VALUES ( 19977, 12510, NULL, '17:50:00', 20 );
INSERT INTO "times" VALUES ( 19977, 12520, '17:51:00', '17:51:00', 20 );
INSERT INTO "times" VALUES ( 19977, 12530, '17:53:00', '17:53:00', 20 );
INSERT INTO "times" VALUES ( 19977, 12540, '17:57:00', '17:57:00', 20 );
INSERT INTO "times" VALUES ( 19977, 12710, '18:11:00', '18:12:00', 20 );
INSERT INTO "times" VALUES ( 19977, 12740, '18:16:00', '18:17:00', 20 );
INSERT INTO "times" VALUES ( 19977, 12780, '18:28:00', '18:29:00', 20 );
INSERT INTO "times" VALUES ( 19977, 12800, '18:31:00', '18:31:00', 20 );
INSERT INTO "times" VALUES ( 19977, 12870, '18:37:00', '18:37:00', 20 );
INSERT INTO "times" VALUES ( 19977, 12890, '18:40:00', '18:40:00', 20 );
INSERT INTO "times" VALUES ( 19977, 12900, '18:42:00', '18:42:00', 20 );
INSERT INTO "times" VALUES ( 19977, 13520, '18:45:00', NULL, NULL );

INSERT INTO "dias" VALUES ( 19978, 180, FALSE, TRUE, 'B1711A', 13520, 12510 );
INSERT INTO "dias_line_groups" VALUES ( 19978, 10 );
INSERT INTO "times" VALUES ( 19978, 12510, '18:52:00', NULL, NULL );
INSERT INTO "times" VALUES ( 19978, 12520, '18:50:00', '18:50:00', 20 );
INSERT INTO "times" VALUES ( 19978, 12530, '18:48:00', '18:48:00', 20 );
INSERT INTO "times" VALUES ( 19978, 12540, '18:44:00', '18:45:00', 20 );
INSERT INTO "times" VALUES ( 19978, 12710, '18:29:00', '18:30:00', 20 );
INSERT INTO "times" VALUES ( 19978, 12740, '18:23:00', '18:24:00', 20 );
INSERT INTO "times" VALUES ( 19978, 12780, '18:13:00', '18:13:00', 20 );
INSERT INTO "times" VALUES ( 19978, 12800, '18:10:00', '18:10:00', 20 );
INSERT INTO "times" VALUES ( 19978, 12870, '18:03:00', '18:03:00', 20 );
INSERT INTO "times" VALUES ( 19978, 12890, '18:01:00', '18:01:00', 20 );
INSERT INTO "times" VALUES ( 19978, 12900, '17:58:00', '17:59:00', 20 );
INSERT INTO "times" VALUES ( 19978, 13520, NULL, '17:56:00', 30 );

INSERT INTO "dias" VALUES ( 19979, 180, FALSE, TRUE, 'B1800Z', 12510, 13520 );
INSERT INTO "dias_line_groups" VALUES ( 19979, 10 );
INSERT INTO "times" VALUES ( 19979, 12510, NULL, '18:00:00', 20 );
INSERT INTO "times" VALUES ( 19979, 12520, '18:01:00', '18:01:00', 20 );
INSERT INTO "times" VALUES ( 19979, 12530, '18:03:00', '18:03:00', 20 );
INSERT INTO "times" VALUES ( 19979, 12540, '18:07:00', '18:07:00', 20 );
INSERT INTO "times" VALUES ( 19979, 12710, '18:21:00', '18:22:00', 20 );
INSERT INTO "times" VALUES ( 19979, 12740, '18:27:00', '18:28:00', 20 );
INSERT INTO "times" VALUES ( 19979, 12780, '18:38:00', '18:39:00', 20 );
INSERT INTO "times" VALUES ( 19979, 12800, '18:41:00', '18:41:00', 20 );
INSERT INTO "times" VALUES ( 19979, 12870, '18:47:00', '18:47:00', 20 );
INSERT INTO "times" VALUES ( 19979, 12890, '18:50:00', '18:50:00', 20 );
INSERT INTO "times" VALUES ( 19979, 12900, '18:52:00', '18:52:00', 20 );
INSERT INTO "times" VALUES ( 19979, 13520, '18:55:00', NULL, NULL );

INSERT INTO "dias" VALUES ( 19980, 180, FALSE, TRUE, 'B1801A', 13520, 12510 );
INSERT INTO "dias_line_groups" VALUES ( 19980, 10 );
INSERT INTO "times" VALUES ( 19980, 12510, '19:02:00', NULL, NULL );
INSERT INTO "times" VALUES ( 19980, 12520, '19:00:00', '19:00:00', 20 );
INSERT INTO "times" VALUES ( 19980, 12530, '18:58:00', '18:58:00', 20 );
INSERT INTO "times" VALUES ( 19980, 12540, '18:54:00', '18:55:00', 20 );
INSERT INTO "times" VALUES ( 19980, 12710, '18:39:00', '18:40:00', 20 );
INSERT INTO "times" VALUES ( 19980, 12740, '18:34:00', '18:34:00', 20 );
INSERT INTO "times" VALUES ( 19980, 12780, '18:23:00', '18:23:00', 20 );
INSERT INTO "times" VALUES ( 19980, 12800, '18:20:00', '18:20:00', 20 );
INSERT INTO "times" VALUES ( 19980, 12870, '18:13:00', '18:13:00', 20 );
INSERT INTO "times" VALUES ( 19980, 12890, '18:11:00', '18:11:00', 20 );
INSERT INTO "times" VALUES ( 19980, 12900, '18:10:00', '18:10:00', 20 );
INSERT INTO "times" VALUES ( 19980, 13520, NULL, '18:06:00', 30 );

INSERT INTO "dias" VALUES ( 19981, 180, FALSE, TRUE, 'B1802Z', 12510, 13520 );
INSERT INTO "dias_line_groups" VALUES ( 19981, 10 );
INSERT INTO "times" VALUES ( 19981, 12510, NULL, '18:11:00', 20 );
INSERT INTO "times" VALUES ( 19981, 12520, '18:12:00', '18:12:00', 20 );
INSERT INTO "times" VALUES ( 19981, 12530, '18:14:00', '18:14:00', 20 );
INSERT INTO "times" VALUES ( 19981, 12540, '18:18:00', '18:18:00', 20 );
INSERT INTO "times" VALUES ( 19981, 12710, '18:31:00', '18:32:00', 20 );
INSERT INTO "times" VALUES ( 19981, 12740, '18:38:00', '18:38:00', 20 );
INSERT INTO "times" VALUES ( 19981, 12780, '18:49:00', '18:49:00', 20 );
INSERT INTO "times" VALUES ( 19981, 12800, '18:51:00', '18:51:00', 20 );
INSERT INTO "times" VALUES ( 19981, 12870, '18:57:00', '18:57:00', 20 );
INSERT INTO "times" VALUES ( 19981, 12890, '19:00:00', '19:00:00', 20 );
INSERT INTO "times" VALUES ( 19981, 12900, '19:02:00', '19:02:00', 20 );
INSERT INTO "times" VALUES ( 19981, 13520, '19:05:00', NULL, NULL );

INSERT INTO "dias" VALUES ( 19982, 180, FALSE, TRUE, 'B1803A', 13520, 12510 );
INSERT INTO "dias_line_groups" VALUES ( 19982, 10 );
INSERT INTO "times" VALUES ( 19982, 12510, '19:12:00', NULL, NULL );
INSERT INTO "times" VALUES ( 19982, 12520, '19:10:00', '19:10:00', 20 );
INSERT INTO "times" VALUES ( 19982, 12530, '19:08:00', '19:08:00', 20 );
INSERT INTO "times" VALUES ( 19982, 12540, '19:04:00', '19:05:00', 20 );
INSERT INTO "times" VALUES ( 19982, 12710, '18:49:00', '18:49:00', 20 );
INSERT INTO "times" VALUES ( 19982, 12740, '18:43:00', '18:43:00', 20 );
INSERT INTO "times" VALUES ( 19982, 12780, '18:33:00', '18:33:00', 20 );
INSERT INTO "times" VALUES ( 19982, 12800, '18:30:00', '18:30:00', 20 );
INSERT INTO "times" VALUES ( 19982, 12870, '18:23:00', '18:23:00', 20 );
INSERT INTO "times" VALUES ( 19982, 12890, '18:21:00', '18:21:00', 20 );
INSERT INTO "times" VALUES ( 19982, 12900, '18:19:00', '18:20:00', 20 );
INSERT INTO "times" VALUES ( 19982, 13520, NULL, '18:16:00', 30 );

INSERT INTO "dias" VALUES ( 19983, 180, FALSE, TRUE, 'B1804Z', 12510, 13520 );
INSERT INTO "dias_line_groups" VALUES ( 19983, 10 );
INSERT INTO "times" VALUES ( 19983, 12510, NULL, '18:20:00', 20 );
INSERT INTO "times" VALUES ( 19983, 12520, '18:21:00', '18:21:00', 20 );
INSERT INTO "times" VALUES ( 19983, 12530, '18:23:00', '18:23:00', 20 );
INSERT INTO "times" VALUES ( 19983, 12540, '18:27:00', '18:27:00', 20 );
INSERT INTO "times" VALUES ( 19983, 12710, '18:41:00', '18:42:00', 20 );
INSERT INTO "times" VALUES ( 19983, 12740, '18:46:00', '18:47:00', 20 );
INSERT INTO "times" VALUES ( 19983, 12780, '18:58:00', '18:59:00', 20 );
INSERT INTO "times" VALUES ( 19983, 12800, '19:01:00', '19:01:00', 20 );
INSERT INTO "times" VALUES ( 19983, 12870, '19:07:00', '19:07:00', 20 );
INSERT INTO "times" VALUES ( 19983, 12890, '19:10:00', '19:10:00', 20 );
INSERT INTO "times" VALUES ( 19983, 12900, '19:12:00', '19:12:00', 20 );
INSERT INTO "times" VALUES ( 19983, 13520, '19:15:00', NULL, NULL );

INSERT INTO "dias" VALUES ( 19984, 180, FALSE, TRUE, 'B1805A', 13520, 12510 );
INSERT INTO "dias_line_groups" VALUES ( 19984, 10 );
INSERT INTO "times" VALUES ( 19984, 12510, '19:22:00', NULL, NULL );
INSERT INTO "times" VALUES ( 19984, 12520, '19:20:00', '19:20:00', 20 );
INSERT INTO "times" VALUES ( 19984, 12530, '19:18:00', '19:18:00', 20 );
INSERT INTO "times" VALUES ( 19984, 12540, '19:14:00', '19:15:00', 20 );
INSERT INTO "times" VALUES ( 19984, 12710, '18:59:00', '19:00:00', 20 );
INSERT INTO "times" VALUES ( 19984, 12740, '18:53:00', '18:54:00', 20 );
INSERT INTO "times" VALUES ( 19984, 12780, '18:42:00', '18:43:00', 20 );
INSERT INTO "times" VALUES ( 19984, 12800, '18:40:00', '18:40:00', 20 );
INSERT INTO "times" VALUES ( 19984, 12870, '18:33:00', '18:33:00', 20 );
INSERT INTO "times" VALUES ( 19984, 12890, '18:31:00', '18:31:00', 20 );
INSERT INTO "times" VALUES ( 19984, 12900, '18:30:00', '18:30:00', 20 );
INSERT INTO "times" VALUES ( 19984, 13520, NULL, '18:26:00', 30 );

INSERT INTO "dias" VALUES ( 19985, 180, FALSE, TRUE, 'B1806Z', 12510, 13520 );
INSERT INTO "dias_line_groups" VALUES ( 19985, 10 );
INSERT INTO "times" VALUES ( 19985, 12510, NULL, '18:30:00', 20 );
INSERT INTO "times" VALUES ( 19985, 12520, '18:31:00', '18:31:00', 20 );
INSERT INTO "times" VALUES ( 19985, 12530, '18:33:00', '18:33:00', 20 );
INSERT INTO "times" VALUES ( 19985, 12540, '18:36:00', '18:37:00', 20 );
INSERT INTO "times" VALUES ( 19985, 12710, '18:51:00', '18:52:00', 20 );
INSERT INTO "times" VALUES ( 19985, 12740, '18:57:00', '18:58:00', 20 );
INSERT INTO "times" VALUES ( 19985, 12780, '19:08:00', '19:09:00', 20 );
INSERT INTO "times" VALUES ( 19985, 12800, '19:11:00', '19:11:00', 20 );
INSERT INTO "times" VALUES ( 19985, 12870, '19:17:00', '19:17:00', 20 );
INSERT INTO "times" VALUES ( 19985, 12890, '19:20:00', '19:20:00', 20 );
INSERT INTO "times" VALUES ( 19985, 12900, '19:22:00', '19:22:00', 20 );
INSERT INTO "times" VALUES ( 19985, 13520, '19:25:00', NULL, NULL );

INSERT INTO "dias" VALUES ( 19986, 180, FALSE, TRUE, 'B1807A', 13520, 12510 );
INSERT INTO "dias_line_groups" VALUES ( 19986, 10 );
INSERT INTO "times" VALUES ( 19986, 12510, '19:32:00', NULL, NULL );
INSERT INTO "times" VALUES ( 19986, 12520, '19:30:00', '19:30:00', 20 );
INSERT INTO "times" VALUES ( 19986, 12530, '19:28:00', '19:28:00', 20 );
INSERT INTO "times" VALUES ( 19986, 12540, '19:23:00', '19:25:00', 20 );
INSERT INTO "times" VALUES ( 19986, 12710, '19:08:00', '19:09:00', 20 );
INSERT INTO "times" VALUES ( 19986, 12740, '19:03:00', '19:03:00', 20 );
INSERT INTO "times" VALUES ( 19986, 12780, '18:53:00', '18:53:00', 20 );
INSERT INTO "times" VALUES ( 19986, 12800, '18:50:00', '18:50:00', 20 );
INSERT INTO "times" VALUES ( 19986, 12870, '18:43:00', '18:43:00', 20 );
INSERT INTO "times" VALUES ( 19986, 12890, '18:41:00', '18:41:00', 20 );
INSERT INTO "times" VALUES ( 19986, 12900, '18:39:00', '18:40:00', 20 );
INSERT INTO "times" VALUES ( 19986, 13520, NULL, '18:36:00', 30 );

INSERT INTO "dias" VALUES ( 19987, 180, FALSE, TRUE, 'B1808Z', 12510, 13520 );
INSERT INTO "dias_line_groups" VALUES ( 19987, 10 );
INSERT INTO "times" VALUES ( 19987, 12510, NULL, '18:41:00', 20 );
INSERT INTO "times" VALUES ( 19987, 12520, '18:42:00', '18:42:00', 20 );
INSERT INTO "times" VALUES ( 19987, 12530, '18:44:00', '18:44:00', 20 );
INSERT INTO "times" VALUES ( 19987, 12540, '18:48:00', '18:48:00', 20 );
INSERT INTO "times" VALUES ( 19987, 12710, '19:02:00', '19:03:00', 20 );
INSERT INTO "times" VALUES ( 19987, 12740, '19:08:00', '19:08:00', 20 );
INSERT INTO "times" VALUES ( 19987, 12780, '19:19:00', '19:19:00', 20 );
INSERT INTO "times" VALUES ( 19987, 12800, '19:22:00', '19:22:00', 20 );
INSERT INTO "times" VALUES ( 19987, 12870, '19:28:00', '19:28:00', 20 );
INSERT INTO "times" VALUES ( 19987, 12890, '19:30:00', '19:30:00', 20 );
INSERT INTO "times" VALUES ( 19987, 12900, '19:32:00', '19:32:00', 20 );
INSERT INTO "times" VALUES ( 19987, 13520, '19:36:00', NULL, NULL );

INSERT INTO "dias" VALUES ( 19988, 180, FALSE, TRUE, 'B1809A', 13520, 12510 );
INSERT INTO "dias_line_groups" VALUES ( 19988, 10 );
INSERT INTO "times" VALUES ( 19988, 12510, '19:42:00', NULL, NULL );
INSERT INTO "times" VALUES ( 19988, 12520, '19:40:00', '19:40:00', 20 );
INSERT INTO "times" VALUES ( 19988, 12530, '19:38:00', '19:38:00', 20 );
INSERT INTO "times" VALUES ( 19988, 12540, '19:34:00', '19:35:00', 20 );
INSERT INTO "times" VALUES ( 19988, 12710, '19:19:00', '19:19:00', 20 );
INSERT INTO "times" VALUES ( 19988, 12740, '19:13:00', '19:13:00', 20 );
INSERT INTO "times" VALUES ( 19988, 12780, '19:03:00', '19:03:00', 20 );
INSERT INTO "times" VALUES ( 19988, 12800, '19:00:00', '19:00:00', 20 );
INSERT INTO "times" VALUES ( 19988, 12870, '18:53:00', '18:53:00', 20 );
INSERT INTO "times" VALUES ( 19988, 12890, '18:51:00', '18:51:00', 20 );
INSERT INTO "times" VALUES ( 19988, 12900, '18:50:00', '18:50:00', 20 );
INSERT INTO "times" VALUES ( 19988, 13520, NULL, '18:46:00', 30 );

INSERT INTO "dias" VALUES ( 19989, 180, FALSE, TRUE, 'B1810Z', 12510, 13520 );
INSERT INTO "dias_line_groups" VALUES ( 19989, 10 );
INSERT INTO "times" VALUES ( 19989, 12510, NULL, '18:50:00', 20 );
INSERT INTO "times" VALUES ( 19989, 12520, '18:51:00', '18:51:00', 20 );
INSERT INTO "times" VALUES ( 19989, 12530, '18:53:00', '18:53:00', 20 );
INSERT INTO "times" VALUES ( 19989, 12540, '18:57:00', '18:57:00', 20 );
INSERT INTO "times" VALUES ( 19989, 12710, '19:11:00', '19:12:00', 20 );
INSERT INTO "times" VALUES ( 19989, 12740, '19:17:00', '19:18:00', 20 );
INSERT INTO "times" VALUES ( 19989, 12780, '19:28:00', '19:29:00', 20 );
INSERT INTO "times" VALUES ( 19989, 12800, '19:31:00', '19:32:00', 20 );
INSERT INTO "times" VALUES ( 19989, 12870, '19:38:00', '19:38:00', 20 );
INSERT INTO "times" VALUES ( 19989, 12890, '19:40:00', '19:40:00', 20 );
INSERT INTO "times" VALUES ( 19989, 12900, '19:42:00', '19:42:00', 20 );
INSERT INTO "times" VALUES ( 19989, 13520, '19:46:00', NULL, NULL );

INSERT INTO "dias" VALUES ( 19990, 180, FALSE, TRUE, 'B1811A', 13520, 12510 );
INSERT INTO "dias_line_groups" VALUES ( 19990, 10 );
INSERT INTO "times" VALUES ( 19990, 12510, '19:52:00', NULL, NULL );
INSERT INTO "times" VALUES ( 19990, 12520, '19:50:00', '19:50:00', 20 );
INSERT INTO "times" VALUES ( 19990, 12530, '19:48:00', '19:48:00', 20 );
INSERT INTO "times" VALUES ( 19990, 12540, '19:44:00', '19:45:00', 20 );
INSERT INTO "times" VALUES ( 19990, 12710, '19:28:00', '19:29:00', 20 );
INSERT INTO "times" VALUES ( 19990, 12740, '19:23:00', '19:23:00', 20 );
INSERT INTO "times" VALUES ( 19990, 12780, '19:13:00', '19:13:00', 20 );
INSERT INTO "times" VALUES ( 19990, 12800, '19:10:00', '19:10:00', 20 );
INSERT INTO "times" VALUES ( 19990, 12870, '19:03:00', '19:03:00', 20 );
INSERT INTO "times" VALUES ( 19990, 12890, '19:01:00', '19:01:00', 20 );
INSERT INTO "times" VALUES ( 19990, 12900, '18:59:00', '19:00:00', 20 );
INSERT INTO "times" VALUES ( 19990, 13520, NULL, '18:56:00', 30 );

INSERT INTO "dias" VALUES ( 19991, 180, FALSE, TRUE, 'B1900Z', 12510, 13520 );
INSERT INTO "dias_line_groups" VALUES ( 19991, 10 );
INSERT INTO "times" VALUES ( 19991, 12510, NULL, '19:00:00', 20 );
INSERT INTO "times" VALUES ( 19991, 12520, '19:01:00', '19:01:00', 20 );
INSERT INTO "times" VALUES ( 19991, 12530, '19:03:00', '19:03:00', 20 );
INSERT INTO "times" VALUES ( 19991, 12540, '19:07:00', '19:07:00', 20 );
INSERT INTO "times" VALUES ( 19991, 12710, '19:22:00', '19:23:00', 20 );
INSERT INTO "times" VALUES ( 19991, 12740, '19:28:00', '19:28:00', 20 );
INSERT INTO "times" VALUES ( 19991, 12780, '19:39:00', '19:39:00', 20 );
INSERT INTO "times" VALUES ( 19991, 12800, '19:42:00', '19:42:00', 20 );
INSERT INTO "times" VALUES ( 19991, 12870, '19:48:00', '19:48:00', 20 );
INSERT INTO "times" VALUES ( 19991, 12890, '19:50:00', '19:50:00', 20 );
INSERT INTO "times" VALUES ( 19991, 12900, '19:52:00', '19:52:00', 20 );
INSERT INTO "times" VALUES ( 19991, 13520, '19:55:00', NULL, NULL );

INSERT INTO "dias" VALUES ( 19992, 180, FALSE, TRUE, 'B1901A', 13520, 12510 );
INSERT INTO "dias_line_groups" VALUES ( 19992, 10 );
INSERT INTO "times" VALUES ( 19992, 12510, '20:02:00', NULL, NULL );
INSERT INTO "times" VALUES ( 19992, 12520, '20:00:00', '20:00:00', 20 );
INSERT INTO "times" VALUES ( 19992, 12530, '19:58:00', '19:58:00', 20 );
INSERT INTO "times" VALUES ( 19992, 12540, '19:54:00', '19:55:00', 20 );
INSERT INTO "times" VALUES ( 19992, 12710, '19:39:00', '19:39:00', 20 );
INSERT INTO "times" VALUES ( 19992, 12740, '19:33:00', '19:33:00', 20 );
INSERT INTO "times" VALUES ( 19992, 12780, '19:23:00', '19:23:00', 20 );
INSERT INTO "times" VALUES ( 19992, 12800, '19:20:00', '19:20:00', 20 );
INSERT INTO "times" VALUES ( 19992, 12870, '19:13:00', '19:13:00', 20 );
INSERT INTO "times" VALUES ( 19992, 12890, '19:11:00', '19:11:00', 20 );
INSERT INTO "times" VALUES ( 19992, 12900, '19:10:00', '19:10:00', 20 );
INSERT INTO "times" VALUES ( 19992, 13520, NULL, '19:06:00', 30 );

INSERT INTO "dias" VALUES ( 19993, 180, FALSE, TRUE, 'B1902Z', 12510, 13520 );
INSERT INTO "dias_line_groups" VALUES ( 19993, 10 );
INSERT INTO "times" VALUES ( 19993, 12510, NULL, '19:10:00', 20 );
INSERT INTO "times" VALUES ( 19993, 12520, '19:12:00', '19:12:00', 20 );
INSERT INTO "times" VALUES ( 19993, 12530, '19:14:00', '19:14:00', 20 );
INSERT INTO "times" VALUES ( 19993, 12540, '19:17:00', '19:17:00', 20 );
INSERT INTO "times" VALUES ( 19993, 12710, '19:32:00', '19:33:00', 20 );
INSERT INTO "times" VALUES ( 19993, 12740, '19:38:00', '19:38:00', 20 );
INSERT INTO "times" VALUES ( 19993, 12780, '19:49:00', '19:49:00', 20 );
INSERT INTO "times" VALUES ( 19993, 12800, '19:52:00', '19:52:00', 20 );
INSERT INTO "times" VALUES ( 19993, 12870, '19:58:00', '19:58:00', 20 );
INSERT INTO "times" VALUES ( 19993, 12890, '20:00:00', '20:00:00', 20 );
INSERT INTO "times" VALUES ( 19993, 12900, '20:02:00', '20:02:00', 20 );
INSERT INTO "times" VALUES ( 19993, 13520, '20:06:00', NULL, NULL );

INSERT INTO "dias" VALUES ( 19994, 180, FALSE, TRUE, 'B1903A', 13520, 12510 );
INSERT INTO "dias_line_groups" VALUES ( 19994, 10 );
INSERT INTO "times" VALUES ( 19994, 12510, '20:12:00', NULL, NULL );
INSERT INTO "times" VALUES ( 19994, 12520, '20:10:00', '20:10:00', 20 );
INSERT INTO "times" VALUES ( 19994, 12530, '20:08:00', '20:08:00', 20 );
INSERT INTO "times" VALUES ( 19994, 12540, '20:04:00', '20:05:00', 20 );
INSERT INTO "times" VALUES ( 19994, 12710, '19:48:00', '19:49:00', 20 );
INSERT INTO "times" VALUES ( 19994, 12740, '19:43:00', '19:43:00', 20 );
INSERT INTO "times" VALUES ( 19994, 12780, '19:33:00', '19:33:00', 20 );
INSERT INTO "times" VALUES ( 19994, 12800, '19:30:00', '19:30:00', 20 );
INSERT INTO "times" VALUES ( 19994, 12870, '19:23:00', '19:23:00', 20 );
INSERT INTO "times" VALUES ( 19994, 12890, '19:21:00', '19:21:00', 20 );
INSERT INTO "times" VALUES ( 19994, 12900, '19:19:00', '19:19:00', 20 );
INSERT INTO "times" VALUES ( 19994, 13520, NULL, '19:16:00', 30 );

INSERT INTO "dias" VALUES ( 19995, 180, FALSE, TRUE, 'B1904Z', 12510, 13520 );
INSERT INTO "dias_line_groups" VALUES ( 19995, 10 );
INSERT INTO "times" VALUES ( 19995, 12510, NULL, '19:20:00', 20 );
INSERT INTO "times" VALUES ( 19995, 12520, '19:21:00', '19:21:00', 20 );
INSERT INTO "times" VALUES ( 19995, 12530, '19:23:00', '19:23:00', 20 );
INSERT INTO "times" VALUES ( 19995, 12540, '19:27:00', '19:27:00', 20 );
INSERT INTO "times" VALUES ( 19995, 12710, '19:42:00', '19:43:00', 20 );
INSERT INTO "times" VALUES ( 19995, 12740, '19:48:00', '19:48:00', 20 );
INSERT INTO "times" VALUES ( 19995, 12780, '19:59:00', '19:59:00', 20 );
INSERT INTO "times" VALUES ( 19995, 12800, '20:02:00', '20:02:00', 20 );
INSERT INTO "times" VALUES ( 19995, 12870, '20:08:00', '20:08:00', 20 );
INSERT INTO "times" VALUES ( 19995, 12890, '20:10:00', '20:10:00', 20 );
INSERT INTO "times" VALUES ( 19995, 12900, '20:12:00', '20:12:00', 20 );
INSERT INTO "times" VALUES ( 19995, 13520, '20:16:00', NULL, NULL );

INSERT INTO "dias" VALUES ( 19996, 180, FALSE, TRUE, 'B1905A', 13520, 12510 );
INSERT INTO "dias_line_groups" VALUES ( 19996, 10 );
INSERT INTO "times" VALUES ( 19996, 12510, '20:22:00', NULL, NULL );
INSERT INTO "times" VALUES ( 19996, 12520, '20:20:00', '20:20:00', 20 );
INSERT INTO "times" VALUES ( 19996, 12530, '20:18:00', '20:18:00', 20 );
INSERT INTO "times" VALUES ( 19996, 12540, '20:14:00', '20:15:00', 20 );
INSERT INTO "times" VALUES ( 19996, 12710, '19:58:00', '19:59:00', 20 );
INSERT INTO "times" VALUES ( 19996, 12740, '19:53:00', '19:53:00', 20 );
INSERT INTO "times" VALUES ( 19996, 12780, '19:43:00', '19:43:00', 20 );
INSERT INTO "times" VALUES ( 19996, 12800, '19:40:00', '19:40:00', 20 );
INSERT INTO "times" VALUES ( 19996, 12870, '19:33:00', '19:33:00', 20 );
INSERT INTO "times" VALUES ( 19996, 12890, '19:31:00', '19:31:00', 20 );
INSERT INTO "times" VALUES ( 19996, 12900, '19:29:00', '19:29:00', 20 );
INSERT INTO "times" VALUES ( 19996, 13520, NULL, '19:26:00', 30 );

INSERT INTO "dias" VALUES ( 19997, 180, FALSE, TRUE, 'B1906Z', 12510, 13520 );
INSERT INTO "dias_line_groups" VALUES ( 19997, 10 );
INSERT INTO "times" VALUES ( 19997, 12510, NULL, '19:30:00', 20 );
INSERT INTO "times" VALUES ( 19997, 12520, '19:31:00', '19:31:00', 20 );
INSERT INTO "times" VALUES ( 19997, 12530, '19:33:00', '19:33:00', 20 );
INSERT INTO "times" VALUES ( 19997, 12540, '19:37:00', '19:37:00', 20 );
INSERT INTO "times" VALUES ( 19997, 12710, '19:52:00', '19:53:00', 20 );
INSERT INTO "times" VALUES ( 19997, 12740, '19:58:00', '19:58:00', 20 );
INSERT INTO "times" VALUES ( 19997, 12780, '20:09:00', '20:09:00', 20 );
INSERT INTO "times" VALUES ( 19997, 12800, '20:12:00', '20:12:00', 20 );
INSERT INTO "times" VALUES ( 19997, 12870, '20:18:00', '20:18:00', 20 );
INSERT INTO "times" VALUES ( 19997, 12890, '20:20:00', '20:20:00', 20 );
INSERT INTO "times" VALUES ( 19997, 12900, '20:22:00', '20:22:00', 20 );
INSERT INTO "times" VALUES ( 19997, 13520, '20:26:00', NULL, NULL );

INSERT INTO "dias" VALUES ( 19998, 180, FALSE, TRUE, 'B1907A', 13520, 12510 );
INSERT INTO "dias_line_groups" VALUES ( 19998, 10 );
INSERT INTO "times" VALUES ( 19998, 12510, '20:32:00', NULL, NULL );
INSERT INTO "times" VALUES ( 19998, 12520, '20:30:00', '20:30:00', 20 );
INSERT INTO "times" VALUES ( 19998, 12530, '20:28:00', '20:28:00', 20 );
INSERT INTO "times" VALUES ( 19998, 12540, '20:24:00', '20:25:00', 20 );
INSERT INTO "times" VALUES ( 19998, 12710, '20:09:00', '20:09:00', 20 );
INSERT INTO "times" VALUES ( 19998, 12740, '20:03:00', '20:03:00', 20 );
INSERT INTO "times" VALUES ( 19998, 12780, '19:53:00', '19:53:00', 20 );
INSERT INTO "times" VALUES ( 19998, 12800, '19:50:00', '19:50:00', 20 );
INSERT INTO "times" VALUES ( 19998, 12870, '19:43:00', '19:43:00', 20 );
INSERT INTO "times" VALUES ( 19998, 12890, '19:40:00', '19:40:00', 20 );
INSERT INTO "times" VALUES ( 19998, 12900, '19:39:00', '19:39:00', 20 );
INSERT INTO "times" VALUES ( 19998, 13520, NULL, '19:36:00', 30 );

INSERT INTO "dias" VALUES ( 19999, 180, FALSE, TRUE, 'B1908Z', 12510, 13520 );
INSERT INTO "dias_line_groups" VALUES ( 19999, 10 );
INSERT INTO "times" VALUES ( 19999, 12510, NULL, '19:40:00', 20 );
INSERT INTO "times" VALUES ( 19999, 12520, '19:41:00', '19:41:00', 20 );
INSERT INTO "times" VALUES ( 19999, 12530, '19:43:00', '19:43:00', 20 );
INSERT INTO "times" VALUES ( 19999, 12540, '19:47:00', '19:47:00', 20 );
INSERT INTO "times" VALUES ( 19999, 12710, '20:02:00', '20:03:00', 20 );
INSERT INTO "times" VALUES ( 19999, 12740, '20:08:00', '20:08:00', 20 );
INSERT INTO "times" VALUES ( 19999, 12780, '20:19:00', '20:19:00', 20 );
INSERT INTO "times" VALUES ( 19999, 12800, '20:22:00', '20:22:00', 20 );
INSERT INTO "times" VALUES ( 19999, 12870, '20:28:00', '20:28:00', 20 );
INSERT INTO "times" VALUES ( 19999, 12890, '20:30:00', '20:30:00', 20 );
INSERT INTO "times" VALUES ( 19999, 12900, '20:32:00', '20:32:00', 20 );
INSERT INTO "times" VALUES ( 19999, 13520, '20:36:00', NULL, NULL );

INSERT INTO "dias" VALUES ( 20000, 180, FALSE, TRUE, 'B1909A', 13520, 12510 );
INSERT INTO "dias_line_groups" VALUES ( 20000, 10 );
INSERT INTO "times" VALUES ( 20000, 12510, '20:42:00', NULL, NULL );
INSERT INTO "times" VALUES ( 20000, 12520, '20:40:00', '20:40:00', 20 );
INSERT INTO "times" VALUES ( 20000, 12530, '20:38:00', '20:38:00', 20 );
INSERT INTO "times" VALUES ( 20000, 12540, '20:34:00', '20:35:00', 20 );
INSERT INTO "times" VALUES ( 20000, 12710, '20:18:00', '20:19:00', 20 );
INSERT INTO "times" VALUES ( 20000, 12740, '20:13:00', '20:13:00', 20 );
INSERT INTO "times" VALUES ( 20000, 12780, '20:02:00', '20:02:00', 20 );
INSERT INTO "times" VALUES ( 20000, 12800, '20:00:00', '20:00:00', 20 );
INSERT INTO "times" VALUES ( 20000, 12870, '19:52:00', '19:52:00', 20 );
INSERT INTO "times" VALUES ( 20000, 12890, '19:50:00', '19:50:00', 20 );
INSERT INTO "times" VALUES ( 20000, 12900, '19:47:00', '19:49:00', 20 );
INSERT INTO "times" VALUES ( 20000, 13520, NULL, '19:44:00', 30 );

INSERT INTO "dias" VALUES ( 20001, 180, FALSE, TRUE, 'B1910Z', 12510, 13520 );
INSERT INTO "dias_line_groups" VALUES ( 20001, 10 );
INSERT INTO "times" VALUES ( 20001, 12510, NULL, '19:50:00', 20 );
INSERT INTO "times" VALUES ( 20001, 12520, '19:51:00', '19:51:00', 20 );
INSERT INTO "times" VALUES ( 20001, 12530, '19:53:00', '19:53:00', 20 );
INSERT INTO "times" VALUES ( 20001, 12540, '19:57:00', '19:57:00', 20 );
INSERT INTO "times" VALUES ( 20001, 12710, '20:12:00', '20:13:00', 20 );
INSERT INTO "times" VALUES ( 20001, 12740, '20:18:00', '20:18:00', 20 );
INSERT INTO "times" VALUES ( 20001, 12780, '20:29:00', '20:29:00', 20 );
INSERT INTO "times" VALUES ( 20001, 12800, '20:32:00', '20:32:00', 20 );
INSERT INTO "times" VALUES ( 20001, 12870, '20:38:00', '20:38:00', 20 );
INSERT INTO "times" VALUES ( 20001, 12890, '20:40:00', '20:40:00', 20 );
INSERT INTO "times" VALUES ( 20001, 12900, '20:42:00', '20:42:00', 20 );
INSERT INTO "times" VALUES ( 20001, 13520, '20:46:00', NULL, NULL );

INSERT INTO "dias" VALUES ( 20002, 180, FALSE, TRUE, 'B1911A', 13520, 12510 );
INSERT INTO "dias_line_groups" VALUES ( 20002, 10 );
INSERT INTO "times" VALUES ( 20002, 12510, '20:52:00', NULL, NULL );
INSERT INTO "times" VALUES ( 20002, 12520, '20:50:00', '20:50:00', 20 );
INSERT INTO "times" VALUES ( 20002, 12530, '20:48:00', '20:48:00', 20 );
INSERT INTO "times" VALUES ( 20002, 12540, '20:44:00', '20:45:00', 20 );
INSERT INTO "times" VALUES ( 20002, 12710, '20:28:00', '20:29:00', 20 );
INSERT INTO "times" VALUES ( 20002, 12740, '20:23:00', '20:23:00', 20 );
INSERT INTO "times" VALUES ( 20002, 12780, '20:11:00', '20:12:00', 20 );
INSERT INTO "times" VALUES ( 20002, 12800, '20:09:00', '20:09:00', 20 );
INSERT INTO "times" VALUES ( 20002, 12870, '20:02:00', '20:02:00', 20 );
INSERT INTO "times" VALUES ( 20002, 12890, '19:59:00', '19:59:00', 20 );
INSERT INTO "times" VALUES ( 20002, 12900, '19:58:00', '19:58:00', 20 );
INSERT INTO "times" VALUES ( 20002, 13520, NULL, '19:54:00', 30 );

INSERT INTO "dias" VALUES ( 20003, 180, FALSE, TRUE, 'B2000Z', 12510, 13520 );
INSERT INTO "dias_line_groups" VALUES ( 20003, 10 );
INSERT INTO "times" VALUES ( 20003, 12510, NULL, '20:00:00', 20 );
INSERT INTO "times" VALUES ( 20003, 12520, '20:01:00', '20:01:00', 20 );
INSERT INTO "times" VALUES ( 20003, 12530, '20:03:00', '20:03:00', 20 );
INSERT INTO "times" VALUES ( 20003, 12540, '20:07:00', '20:07:00', 20 );
INSERT INTO "times" VALUES ( 20003, 12710, '20:22:00', '20:23:00', 20 );
INSERT INTO "times" VALUES ( 20003, 12740, '20:28:00', '20:28:00', 20 );
INSERT INTO "times" VALUES ( 20003, 12780, '20:39:00', '20:39:00', 20 );
INSERT INTO "times" VALUES ( 20003, 12800, '20:42:00', '20:42:00', 20 );
INSERT INTO "times" VALUES ( 20003, 12870, '20:48:00', '20:48:00', 20 );
INSERT INTO "times" VALUES ( 20003, 12890, '20:50:00', '20:50:00', 20 );
INSERT INTO "times" VALUES ( 20003, 12900, '20:52:00', '20:52:00', 20 );
INSERT INTO "times" VALUES ( 20003, 13520, '20:56:00', NULL, NULL );

INSERT INTO "dias" VALUES ( 20004, 180, FALSE, TRUE, 'B2001A', 13520, 12510 );
INSERT INTO "dias_line_groups" VALUES ( 20004, 10 );
INSERT INTO "times" VALUES ( 20004, 12510, '21:02:00', NULL, NULL );
INSERT INTO "times" VALUES ( 20004, 12520, '21:00:00', '21:00:00', 20 );
INSERT INTO "times" VALUES ( 20004, 12530, '20:58:00', '20:58:00', 20 );
INSERT INTO "times" VALUES ( 20004, 12540, '20:54:00', '20:55:00', 20 );
INSERT INTO "times" VALUES ( 20004, 12710, '20:38:00', '20:39:00', 20 );
INSERT INTO "times" VALUES ( 20004, 12740, '20:32:00', '20:33:00', 20 );
INSERT INTO "times" VALUES ( 20004, 12780, '20:20:00', '20:21:00', 20 );
INSERT INTO "times" VALUES ( 20004, 12800, '20:18:00', '20:18:00', 20 );
INSERT INTO "times" VALUES ( 20004, 12870, '20:11:00', '20:11:00', 20 );
INSERT INTO "times" VALUES ( 20004, 12890, '20:08:00', '20:08:00', 20 );
INSERT INTO "times" VALUES ( 20004, 12900, '20:07:00', '20:07:00', 20 );
INSERT INTO "times" VALUES ( 20004, 13520, NULL, '20:04:00', 30 );

INSERT INTO "dias" VALUES ( 20005, 180, FALSE, TRUE, 'B2002Z', 12510, 13520 );
INSERT INTO "dias_line_groups" VALUES ( 20005, 10 );
INSERT INTO "times" VALUES ( 20005, 12510, NULL, '20:10:00', 20 );
INSERT INTO "times" VALUES ( 20005, 12520, '20:11:00', '20:11:00', 20 );
INSERT INTO "times" VALUES ( 20005, 12530, '20:13:00', '20:13:00', 20 );
INSERT INTO "times" VALUES ( 20005, 12540, '20:17:00', '20:17:00', 20 );
INSERT INTO "times" VALUES ( 20005, 12710, '20:32:00', '20:33:00', 20 );
INSERT INTO "times" VALUES ( 20005, 12740, '20:38:00', '20:38:00', 20 );
INSERT INTO "times" VALUES ( 20005, 12780, '20:49:00', '20:49:00', 20 );
INSERT INTO "times" VALUES ( 20005, 12800, '20:52:00', '20:52:00', 20 );
INSERT INTO "times" VALUES ( 20005, 12870, '20:58:00', '20:58:00', 20 );
INSERT INTO "times" VALUES ( 20005, 12890, '21:00:00', '21:00:00', 20 );
INSERT INTO "times" VALUES ( 20005, 12900, '21:02:00', '21:02:00', 20 );
INSERT INTO "times" VALUES ( 20005, 13520, '21:06:00', NULL, NULL );

INSERT INTO "dias" VALUES ( 20006, 180, FALSE, TRUE, 'B2003A', 13520, 12510 );
INSERT INTO "dias_line_groups" VALUES ( 20006, 10 );
INSERT INTO "times" VALUES ( 20006, 12510, '21:22:00', NULL, NULL );
INSERT INTO "times" VALUES ( 20006, 12520, '21:20:00', '21:20:00', 20 );
INSERT INTO "times" VALUES ( 20006, 12530, '21:18:00', '21:18:00', 20 );
INSERT INTO "times" VALUES ( 20006, 12540, '21:14:00', '21:15:00', 20 );
INSERT INTO "times" VALUES ( 20006, 12710, '20:57:00', '20:58:00', 20 );
INSERT INTO "times" VALUES ( 20006, 12740, '20:52:00', '20:52:00', 20 );
INSERT INTO "times" VALUES ( 20006, 12780, '20:40:00', '20:41:00', 20 );
INSERT INTO "times" VALUES ( 20006, 12800, '20:37:00', '20:38:00', 20 );
INSERT INTO "times" VALUES ( 20006, 12870, '20:31:00', '20:31:00', 20 );
INSERT INTO "times" VALUES ( 20006, 12890, '20:28:00', '20:28:00', 20 );
INSERT INTO "times" VALUES ( 20006, 12900, '20:27:00', '20:27:00', 20 );
INSERT INTO "times" VALUES ( 20006, 13520, NULL, '20:24:00', 30 );

INSERT INTO "dias" VALUES ( 20007, 180, FALSE, TRUE, 'B2004Z', 12510, 13520 );
INSERT INTO "dias_line_groups" VALUES ( 20007, 10 );
INSERT INTO "times" VALUES ( 20007, 12510, NULL, '20:20:00', 20 );
INSERT INTO "times" VALUES ( 20007, 12520, '20:21:00', '20:21:00', 20 );
INSERT INTO "times" VALUES ( 20007, 12530, '20:23:00', '20:23:00', 20 );
INSERT INTO "times" VALUES ( 20007, 12540, '20:27:00', '20:27:00', 20 );
INSERT INTO "times" VALUES ( 20007, 12710, '20:42:00', '20:43:00', 20 );
INSERT INTO "times" VALUES ( 20007, 12740, '20:48:00', '20:48:00', 20 );
INSERT INTO "times" VALUES ( 20007, 12780, '20:59:00', '20:59:00', 20 );
INSERT INTO "times" VALUES ( 20007, 12800, '21:02:00', '21:02:00', 20 );
INSERT INTO "times" VALUES ( 20007, 12870, '21:08:00', '21:08:00', 20 );
INSERT INTO "times" VALUES ( 20007, 12890, '21:10:00', '21:10:00', 20 );
INSERT INTO "times" VALUES ( 20007, 12900, '21:12:00', '21:12:00', 20 );
INSERT INTO "times" VALUES ( 20007, 13520, '21:16:00', NULL, NULL );

INSERT INTO "dias" VALUES ( 20008, 180, FALSE, TRUE, 'B2005A', 13520, 12510 );
INSERT INTO "dias_line_groups" VALUES ( 20008, 10 );
INSERT INTO "times" VALUES ( 20008, 12510, '21:42:00', NULL, NULL );
INSERT INTO "times" VALUES ( 20008, 12520, '21:40:00', '21:40:00', 20 );
INSERT INTO "times" VALUES ( 20008, 12530, '21:38:00', '21:38:00', 20 );
INSERT INTO "times" VALUES ( 20008, 12540, '21:34:00', '21:35:00', 20 );
INSERT INTO "times" VALUES ( 20008, 12710, '21:17:00', '21:18:00', 20 );
INSERT INTO "times" VALUES ( 20008, 12740, '21:12:00', '21:12:00', 20 );
INSERT INTO "times" VALUES ( 20008, 12780, '21:00:00', '21:01:00', 20 );
INSERT INTO "times" VALUES ( 20008, 12800, '20:57:00', '20:58:00', 20 );
INSERT INTO "times" VALUES ( 20008, 12870, '20:51:00', '20:51:00', 20 );
INSERT INTO "times" VALUES ( 20008, 12890, '20:48:00', '20:48:00', 20 );
INSERT INTO "times" VALUES ( 20008, 12900, '20:47:00', '20:47:00', 20 );
INSERT INTO "times" VALUES ( 20008, 13520, NULL, '20:44:00', 30 );

INSERT INTO "dias" VALUES ( 20009, 180, FALSE, TRUE, 'B2006Z', 12510, 13520 );
INSERT INTO "dias_line_groups" VALUES ( 20009, 10 );
INSERT INTO "times" VALUES ( 20009, 12510, NULL, '20:30:00', 20 );
INSERT INTO "times" VALUES ( 20009, 12520, '20:31:00', '20:31:00', 20 );
INSERT INTO "times" VALUES ( 20009, 12530, '20:33:00', '20:33:00', 20 );
INSERT INTO "times" VALUES ( 20009, 12540, '20:37:00', '20:37:00', 20 );
INSERT INTO "times" VALUES ( 20009, 12710, '20:52:00', '20:53:00', 20 );
INSERT INTO "times" VALUES ( 20009, 12740, '20:58:00', '20:58:00', 20 );
INSERT INTO "times" VALUES ( 20009, 12780, '21:09:00', '21:09:00', 20 );
INSERT INTO "times" VALUES ( 20009, 12800, '21:12:00', '21:12:00', 20 );
INSERT INTO "times" VALUES ( 20009, 12870, '21:18:00', '21:18:00', 20 );
INSERT INTO "times" VALUES ( 20009, 12890, '21:20:00', '21:20:00', 20 );
INSERT INTO "times" VALUES ( 20009, 12900, '21:22:00', '21:22:00', 20 );
INSERT INTO "times" VALUES ( 20009, 13520, '21:26:00', NULL, NULL );

INSERT INTO "dias" VALUES ( 20010, 180, FALSE, TRUE, 'B2008Z', 12510, 13520 );
INSERT INTO "dias_line_groups" VALUES ( 20010, 10 );
INSERT INTO "times" VALUES ( 20010, 12510, NULL, '20:40:00', 20 );
INSERT INTO "times" VALUES ( 20010, 12520, '20:41:00', '20:41:00', 20 );
INSERT INTO "times" VALUES ( 20010, 12530, '20:43:00', '20:43:00', 20 );
INSERT INTO "times" VALUES ( 20010, 12540, '20:47:00', '20:47:00', 20 );
INSERT INTO "times" VALUES ( 20010, 12710, '21:02:00', '21:03:00', 20 );
INSERT INTO "times" VALUES ( 20010, 12740, '21:08:00', '21:08:00', 20 );
INSERT INTO "times" VALUES ( 20010, 12780, '21:19:00', '21:19:00', 20 );
INSERT INTO "times" VALUES ( 20010, 12800, '21:22:00', '21:22:00', 20 );
INSERT INTO "times" VALUES ( 20010, 12870, '21:28:00', '21:28:00', 20 );
INSERT INTO "times" VALUES ( 20010, 12890, '21:30:00', '21:30:00', 20 );
INSERT INTO "times" VALUES ( 20010, 12900, '21:32:00', '21:32:00', 20 );
INSERT INTO "times" VALUES ( 20010, 13520, '21:36:00', NULL, NULL );

INSERT INTO "dias" VALUES ( 20011, 180, FALSE, TRUE, 'B2010Z', 12510, 13520 );
INSERT INTO "dias_line_groups" VALUES ( 20011, 10 );
INSERT INTO "times" VALUES ( 20011, 12510, NULL, '20:50:00', 20 );
INSERT INTO "times" VALUES ( 20011, 12520, '20:51:00', '20:51:00', 20 );
INSERT INTO "times" VALUES ( 20011, 12530, '20:53:00', '20:53:00', 20 );
INSERT INTO "times" VALUES ( 20011, 12540, '20:57:00', '20:57:00', 20 );
INSERT INTO "times" VALUES ( 20011, 12710, '21:12:00', '21:13:00', 20 );
INSERT INTO "times" VALUES ( 20011, 12740, '21:18:00', '21:18:00', 20 );
INSERT INTO "times" VALUES ( 20011, 12780, '21:29:00', '21:29:00', 20 );
INSERT INTO "times" VALUES ( 20011, 12800, '21:32:00', '21:32:00', 20 );
INSERT INTO "times" VALUES ( 20011, 12870, '21:38:00', '21:38:00', 20 );
INSERT INTO "times" VALUES ( 20011, 12890, '21:40:00', '21:40:00', 20 );
INSERT INTO "times" VALUES ( 20011, 12900, '21:42:00', '21:42:00', 20 );
INSERT INTO "times" VALUES ( 20011, 13520, '21:46:00', NULL, NULL );

INSERT INTO "dias" VALUES ( 20012, 180, FALSE, TRUE, 'B2100Z', 12510, 13520 );
INSERT INTO "dias_line_groups" VALUES ( 20012, 10 );
INSERT INTO "times" VALUES ( 20012, 12510, NULL, '21:00:00', 20 );
INSERT INTO "times" VALUES ( 20012, 12520, '21:01:00', '21:01:00', 20 );
INSERT INTO "times" VALUES ( 20012, 12530, '21:03:00', '21:03:00', 20 );
INSERT INTO "times" VALUES ( 20012, 12540, '21:07:00', '21:07:00', 20 );
INSERT INTO "times" VALUES ( 20012, 12710, '21:22:00', '21:23:00', 20 );
INSERT INTO "times" VALUES ( 20012, 12740, '21:28:00', '21:28:00', 20 );
INSERT INTO "times" VALUES ( 20012, 12780, '21:39:00', '21:39:00', 20 );
INSERT INTO "times" VALUES ( 20012, 12800, '21:42:00', '21:42:00', 20 );
INSERT INTO "times" VALUES ( 20012, 12870, '21:48:00', '21:48:00', 20 );
INSERT INTO "times" VALUES ( 20012, 12890, '21:50:00', '21:50:00', 20 );
INSERT INTO "times" VALUES ( 20012, 12900, '21:52:00', '21:52:00', 20 );
INSERT INTO "times" VALUES ( 20012, 13520, '21:56:00', NULL, NULL );

INSERT INTO "dias" VALUES ( 20013, 180, FALSE, TRUE, 'B2101A', 13520, 12510 );
INSERT INTO "dias_line_groups" VALUES ( 20013, 10 );
INSERT INTO "times" VALUES ( 20013, 12510, '22:02:00', NULL, NULL );
INSERT INTO "times" VALUES ( 20013, 12520, '22:00:00', '22:00:00', 20 );
INSERT INTO "times" VALUES ( 20013, 12530, '21:58:00', '21:58:00', 20 );
INSERT INTO "times" VALUES ( 20013, 12540, '21:54:00', '21:55:00', 20 );
INSERT INTO "times" VALUES ( 20013, 12710, '21:37:00', '21:38:00', 20 );
INSERT INTO "times" VALUES ( 20013, 12740, '21:32:00', '21:32:00', 20 );
INSERT INTO "times" VALUES ( 20013, 12780, '21:20:00', '21:21:00', 20 );
INSERT INTO "times" VALUES ( 20013, 12800, '21:17:00', '21:18:00', 20 );
INSERT INTO "times" VALUES ( 20013, 12870, '21:11:00', '21:11:00', 20 );
INSERT INTO "times" VALUES ( 20013, 12890, '21:08:00', '21:08:00', 20 );
INSERT INTO "times" VALUES ( 20013, 12900, '21:07:00', '21:07:00', 20 );
INSERT INTO "times" VALUES ( 20013, 13520, NULL, '21:04:00', 30 );

INSERT INTO "dias" VALUES ( 20014, 180, FALSE, TRUE, 'B2102Z', 12510, 13520 );
INSERT INTO "dias_line_groups" VALUES ( 20014, 10 );
INSERT INTO "times" VALUES ( 20014, 12510, NULL, '21:20:00', 20 );
INSERT INTO "times" VALUES ( 20014, 12520, '21:21:00', '21:21:00', 20 );
INSERT INTO "times" VALUES ( 20014, 12530, '21:23:00', '21:23:00', 20 );
INSERT INTO "times" VALUES ( 20014, 12540, '21:27:00', '21:27:00', 20 );
INSERT INTO "times" VALUES ( 20014, 12710, '21:42:00', '21:43:00', 20 );
INSERT INTO "times" VALUES ( 20014, 12740, '21:48:00', '21:48:00', 20 );
INSERT INTO "times" VALUES ( 20014, 12780, '21:59:00', '21:59:00', 20 );
INSERT INTO "times" VALUES ( 20014, 12800, '22:02:00', '22:02:00', 20 );
INSERT INTO "times" VALUES ( 20014, 12870, '22:08:00', '22:08:00', 20 );
INSERT INTO "times" VALUES ( 20014, 12890, '22:10:00', '22:10:00', 20 );
INSERT INTO "times" VALUES ( 20014, 12900, '22:13:00', '22:13:00', 20 );
INSERT INTO "times" VALUES ( 20014, 13520, '22:16:00', NULL, NULL );

INSERT INTO "dias" VALUES ( 20015, 180, FALSE, TRUE, 'B2103A', 13520, 12510 );
INSERT INTO "dias_line_groups" VALUES ( 20015, 10 );
INSERT INTO "times" VALUES ( 20015, 12510, '22:22:00', NULL, NULL );
INSERT INTO "times" VALUES ( 20015, 12520, '22:20:00', '22:20:00', 20 );
INSERT INTO "times" VALUES ( 20015, 12530, '22:18:00', '22:18:00', 20 );
INSERT INTO "times" VALUES ( 20015, 12540, '22:14:00', '22:15:00', 20 );
INSERT INTO "times" VALUES ( 20015, 12710, '21:57:00', '21:58:00', 20 );
INSERT INTO "times" VALUES ( 20015, 12740, '21:52:00', '21:52:00', 20 );
INSERT INTO "times" VALUES ( 20015, 12780, '21:40:00', '21:41:00', 20 );
INSERT INTO "times" VALUES ( 20015, 12800, '21:37:00', '21:38:00', 20 );
INSERT INTO "times" VALUES ( 20015, 12870, '21:31:00', '21:31:00', 20 );
INSERT INTO "times" VALUES ( 20015, 12890, '21:28:00', '21:28:00', 20 );
INSERT INTO "times" VALUES ( 20015, 12900, '21:27:00', '21:27:00', 20 );
INSERT INTO "times" VALUES ( 20015, 13520, NULL, '21:24:00', 30 );

INSERT INTO "dias" VALUES ( 20016, 180, FALSE, TRUE, 'B2104Z', 12510, 13520 );
INSERT INTO "dias_line_groups" VALUES ( 20016, 10 );
INSERT INTO "times" VALUES ( 20016, 12510, NULL, '21:40:00', 20 );
INSERT INTO "times" VALUES ( 20016, 12520, '21:41:00', '21:41:00', 20 );
INSERT INTO "times" VALUES ( 20016, 12530, '21:43:00', '21:43:00', 20 );
INSERT INTO "times" VALUES ( 20016, 12540, '21:47:00', '21:47:00', 20 );
INSERT INTO "times" VALUES ( 20016, 12710, '22:02:00', '22:03:00', 20 );
INSERT INTO "times" VALUES ( 20016, 12740, '22:08:00', '22:08:00', 20 );
INSERT INTO "times" VALUES ( 20016, 12780, '22:19:00', '22:19:00', 20 );
INSERT INTO "times" VALUES ( 20016, 12800, '22:22:00', '22:22:00', 20 );
INSERT INTO "times" VALUES ( 20016, 12870, '22:28:00', '22:28:00', 20 );
INSERT INTO "times" VALUES ( 20016, 12890, '22:30:00', '22:30:00', 20 );
INSERT INTO "times" VALUES ( 20016, 12900, '22:33:00', '22:33:00', 20 );
INSERT INTO "times" VALUES ( 20016, 13520, '22:36:00', NULL, NULL );

INSERT INTO "dias" VALUES ( 20017, 180, FALSE, TRUE, 'B2105A', 13520, 12510 );
INSERT INTO "dias_line_groups" VALUES ( 20017, 10 );
INSERT INTO "times" VALUES ( 20017, 12510, '22:42:00', NULL, NULL );
INSERT INTO "times" VALUES ( 20017, 12520, '22:40:00', '22:40:00', 20 );
INSERT INTO "times" VALUES ( 20017, 12530, '22:38:00', '22:38:00', 20 );
INSERT INTO "times" VALUES ( 20017, 12540, '22:34:00', '22:35:00', 20 );
INSERT INTO "times" VALUES ( 20017, 12710, '22:17:00', '22:18:00', 20 );
INSERT INTO "times" VALUES ( 20017, 12740, '22:12:00', '22:12:00', 20 );
INSERT INTO "times" VALUES ( 20017, 12780, '22:00:00', '22:01:00', 20 );
INSERT INTO "times" VALUES ( 20017, 12800, '21:57:00', '21:58:00', 20 );
INSERT INTO "times" VALUES ( 20017, 12870, '21:51:00', '21:51:00', 20 );
INSERT INTO "times" VALUES ( 20017, 12890, '21:48:00', '21:48:00', 20 );
INSERT INTO "times" VALUES ( 20017, 12900, '21:47:00', '21:47:00', 20 );
INSERT INTO "times" VALUES ( 20017, 13520, NULL, '21:44:00', 30 );

INSERT INTO "dias" VALUES ( 20018, 180, FALSE, TRUE, 'B2200Z', 12510, 13520 );
INSERT INTO "dias_line_groups" VALUES ( 20018, 10 );
INSERT INTO "times" VALUES ( 20018, 12510, NULL, '22:00:00', 20 );
INSERT INTO "times" VALUES ( 20018, 12520, '22:01:00', '22:01:00', 20 );
INSERT INTO "times" VALUES ( 20018, 12530, '22:03:00', '22:03:00', 20 );
INSERT INTO "times" VALUES ( 20018, 12540, '22:07:00', '22:07:00', 20 );
INSERT INTO "times" VALUES ( 20018, 12710, '22:22:00', '22:23:00', 20 );
INSERT INTO "times" VALUES ( 20018, 12740, '22:28:00', '22:28:00', 20 );
INSERT INTO "times" VALUES ( 20018, 12780, '22:39:00', '22:39:00', 20 );
INSERT INTO "times" VALUES ( 20018, 12800, '22:42:00', '22:42:00', 20 );
INSERT INTO "times" VALUES ( 20018, 12870, '22:48:00', '22:48:00', 20 );
INSERT INTO "times" VALUES ( 20018, 12890, '22:50:00', '22:50:00', 20 );
INSERT INTO "times" VALUES ( 20018, 12900, '22:52:00', '22:52:00', 20 );
INSERT INTO "times" VALUES ( 20018, 13520, '22:55:00', NULL, NULL );

INSERT INTO "dias" VALUES ( 20019, 180, FALSE, TRUE, 'B2201A', 13520, 12510 );
INSERT INTO "dias_line_groups" VALUES ( 20019, 10 );
INSERT INTO "times" VALUES ( 20019, 12510, '23:02:00', NULL, NULL );
INSERT INTO "times" VALUES ( 20019, 12520, '23:00:00', '23:00:00', 20 );
INSERT INTO "times" VALUES ( 20019, 12530, '22:58:00', '22:58:00', 20 );
INSERT INTO "times" VALUES ( 20019, 12540, '22:55:00', '22:55:00', 20 );
INSERT INTO "times" VALUES ( 20019, 12710, '22:37:00', '22:38:00', 20 );
INSERT INTO "times" VALUES ( 20019, 12740, '22:32:00', '22:32:00', 20 );
INSERT INTO "times" VALUES ( 20019, 12780, '22:20:00', '22:21:00', 20 );
INSERT INTO "times" VALUES ( 20019, 12800, '22:17:00', '22:18:00', 20 );
INSERT INTO "times" VALUES ( 20019, 12870, '22:11:00', '22:11:00', 20 );
INSERT INTO "times" VALUES ( 20019, 12890, '22:08:00', '22:08:00', 20 );
INSERT INTO "times" VALUES ( 20019, 12900, '22:07:00', '22:07:00', 20 );
INSERT INTO "times" VALUES ( 20019, 13520, NULL, '22:04:00', 30 );

INSERT INTO "dias" VALUES ( 20020, 180, FALSE, TRUE, 'B2202Z', 12510, 13520 );
INSERT INTO "dias_line_groups" VALUES ( 20020, 10 );
INSERT INTO "times" VALUES ( 20020, 12510, NULL, '22:20:00', 20 );
INSERT INTO "times" VALUES ( 20020, 12520, '22:21:00', '22:21:00', 20 );
INSERT INTO "times" VALUES ( 20020, 12530, '22:23:00', '22:23:00', 20 );
INSERT INTO "times" VALUES ( 20020, 12540, '22:27:00', '22:27:00', 20 );
INSERT INTO "times" VALUES ( 20020, 12710, '22:42:00', '22:43:00', 20 );
INSERT INTO "times" VALUES ( 20020, 12740, '22:48:00', '22:48:00', 20 );
INSERT INTO "times" VALUES ( 20020, 12780, '22:59:00', '22:59:00', 20 );
INSERT INTO "times" VALUES ( 20020, 12800, '23:02:00', '23:02:00', 20 );
INSERT INTO "times" VALUES ( 20020, 12870, '23:07:00', '23:07:00', 20 );
INSERT INTO "times" VALUES ( 20020, 12890, '23:10:00', '23:10:00', 20 );
INSERT INTO "times" VALUES ( 20020, 12900, '23:12:00', '23:12:00', 20 );
INSERT INTO "times" VALUES ( 20020, 13520, '23:15:00', NULL, NULL );

INSERT INTO "dias" VALUES ( 20021, 180, FALSE, TRUE, 'B2203A', 13520, 12510 );
INSERT INTO "dias_line_groups" VALUES ( 20021, 10 );
INSERT INTO "times" VALUES ( 20021, 12510, '23:22:00', NULL, NULL );
INSERT INTO "times" VALUES ( 20021, 12520, '23:20:00', '23:20:00', 20 );
INSERT INTO "times" VALUES ( 20021, 12530, '23:18:00', '23:18:00', 20 );
INSERT INTO "times" VALUES ( 20021, 12540, '23:15:00', '23:15:00', 20 );
INSERT INTO "times" VALUES ( 20021, 12710, '22:58:00', '22:59:00', 20 );
INSERT INTO "times" VALUES ( 20021, 12740, '22:52:00', '22:53:00', 20 );
INSERT INTO "times" VALUES ( 20021, 12780, '22:42:00', '22:42:00', 20 );
INSERT INTO "times" VALUES ( 20021, 12800, '22:39:00', '22:39:00', 20 );
INSERT INTO "times" VALUES ( 20021, 12870, '22:32:00', '22:32:00', 20 );
INSERT INTO "times" VALUES ( 20021, 12890, '22:29:00', '22:29:00', 20 );
INSERT INTO "times" VALUES ( 20021, 12900, '22:28:00', '22:28:00', 20 );
INSERT INTO "times" VALUES ( 20021, 13520, NULL, '22:25:00', 30 );

INSERT INTO "dias" VALUES ( 20022, 180, FALSE, TRUE, 'B2204Z', 12510, 13520 );
INSERT INTO "dias_line_groups" VALUES ( 20022, 10 );
INSERT INTO "times" VALUES ( 20022, 12510, NULL, '22:40:00', 20 );
INSERT INTO "times" VALUES ( 20022, 12520, '22:41:00', '22:41:00', 20 );
INSERT INTO "times" VALUES ( 20022, 12530, '22:43:00', '22:43:00', 20 );
INSERT INTO "times" VALUES ( 20022, 12540, '22:47:00', '22:47:00', 20 );
INSERT INTO "times" VALUES ( 20022, 12710, '23:01:00', '23:02:00', 20 );
INSERT INTO "times" VALUES ( 20022, 12740, '23:07:00', '23:07:00', 20 );
INSERT INTO "times" VALUES ( 20022, 12780, '23:18:00', '23:19:00', 20 );
INSERT INTO "times" VALUES ( 20022, 12800, '23:22:00', '23:22:00', 20 );
INSERT INTO "times" VALUES ( 20022, 12870, '23:27:00', '23:27:00', 20 );
INSERT INTO "times" VALUES ( 20022, 12890, '23:30:00', '23:30:00', 20 );
INSERT INTO "times" VALUES ( 20022, 12900, '23:32:00', '23:32:00', 20 );
INSERT INTO "times" VALUES ( 20022, 13520, '23:35:00', NULL, NULL );

INSERT INTO "dias" VALUES ( 20023, 180, FALSE, TRUE, 'B2205A', 13520, 12510 );
INSERT INTO "dias_line_groups" VALUES ( 20023, 10 );
INSERT INTO "times" VALUES ( 20023, 12510, '23:47:00', NULL, NULL );
INSERT INTO "times" VALUES ( 20023, 12520, '23:45:00', '23:45:00', 20 );
INSERT INTO "times" VALUES ( 20023, 12530, '23:43:00', '23:43:00', 20 );
INSERT INTO "times" VALUES ( 20023, 12540, '23:40:00', '23:40:00', 20 );
INSERT INTO "times" VALUES ( 20023, 12710, '23:26:00', '23:26:00', 20 );
INSERT INTO "times" VALUES ( 20023, 12740, '23:20:00', '23:20:00', 20 );
INSERT INTO "times" VALUES ( 20023, 12780, '23:09:00', '23:09:00', 20 );
INSERT INTO "times" VALUES ( 20023, 12800, '23:07:00', '23:07:00', 20 );
INSERT INTO "times" VALUES ( 20023, 12870, '23:00:00', '23:00:00', 20 );
INSERT INTO "times" VALUES ( 20023, 12890, '22:57:00', '22:57:00', 20 );
INSERT INTO "times" VALUES ( 20023, 12900, '22:56:00', '22:56:00', 20 );
INSERT INTO "times" VALUES ( 20023, 13520, NULL, '22:53:00', 30 );

INSERT INTO "dias" VALUES ( 20024, 180, FALSE, TRUE, 'B2300Z', 12510, 13520 );
INSERT INTO "dias_line_groups" VALUES ( 20024, 10 );
INSERT INTO "times" VALUES ( 20024, 12510, NULL, '23:00:00', 20 );
INSERT INTO "times" VALUES ( 20024, 12520, '23:01:00', '23:01:00', 20 );
INSERT INTO "times" VALUES ( 20024, 12530, '23:03:00', '23:03:00', 20 );
INSERT INTO "times" VALUES ( 20024, 12540, '23:07:00', '23:07:00', 20 );
INSERT INTO "times" VALUES ( 20024, 12710, '23:22:00', '23:22:00', 20 );
INSERT INTO "times" VALUES ( 20024, 12740, '23:27:00', '23:27:00', 20 );
INSERT INTO "times" VALUES ( 20024, 12780, '23:38:00', '23:38:00', 20 );
INSERT INTO "times" VALUES ( 20024, 12800, '23:41:00', '23:41:00', 20 );
INSERT INTO "times" VALUES ( 20024, 12870, '23:47:00', '23:47:00', 20 );
INSERT INTO "times" VALUES ( 20024, 12890, '23:49:00', '23:49:00', 20 );
INSERT INTO "times" VALUES ( 20024, 12900, '23:51:00', '23:51:00', 20 );
INSERT INTO "times" VALUES ( 20024, 13520, '23:54:00', NULL, NULL );

INSERT INTO "dias" VALUES ( 20025, 180, FALSE, TRUE, 'B2301A', 13520, 12510 );
INSERT INTO "dias_line_groups" VALUES ( 20025, 10 );
INSERT INTO "times" VALUES ( 20025, 12510, '00:13:00', NULL, NULL );
INSERT INTO "times" VALUES ( 20025, 12520, '00:11:00', '00:11:00', 20 );
INSERT INTO "times" VALUES ( 20025, 12530, '00:09:00', '00:09:00', 20 );
INSERT INTO "times" VALUES ( 20025, 12540, '00:07:00', '00:07:00', 20 );
INSERT INTO "times" VALUES ( 20025, 12710, '23:52:00', '23:52:00', 20 );
INSERT INTO "times" VALUES ( 20025, 12740, '23:46:00', '23:46:00', 20 );
INSERT INTO "times" VALUES ( 20025, 12780, '23:36:00', '23:36:00', 20 );
INSERT INTO "times" VALUES ( 20025, 12800, '23:33:00', '23:33:00', 20 );
INSERT INTO "times" VALUES ( 20025, 12870, '23:27:00', '23:27:00', 20 );
INSERT INTO "times" VALUES ( 20025, 12890, '23:24:00', '23:24:00', 20 );
INSERT INTO "times" VALUES ( 20025, 12900, '23:23:00', '23:23:00', 20 );
INSERT INTO "times" VALUES ( 20025, 13520, NULL, '23:20:00', 30 );

INSERT INTO "dias" VALUES ( 20026, 180, FALSE, TRUE, 'B2302Z', 12510, 13520 );
INSERT INTO "dias_line_groups" VALUES ( 20026, 10 );
INSERT INTO "times" VALUES ( 20026, 12510, NULL, '23:20:00', 20 );
INSERT INTO "times" VALUES ( 20026, 12520, '23:21:00', '23:21:00', 20 );
INSERT INTO "times" VALUES ( 20026, 12530, '23:23:00', '23:23:00', 20 );
INSERT INTO "times" VALUES ( 20026, 12540, '23:27:00', '23:27:00', 20 );
INSERT INTO "times" VALUES ( 20026, 12710, '23:41:00', '23:41:00', 20 );
INSERT INTO "times" VALUES ( 20026, 12740, '23:46:00', '23:46:00', 20 );
INSERT INTO "times" VALUES ( 20026, 12780, '23:57:00', '23:57:00', 20 );
INSERT INTO "times" VALUES ( 20026, 12800, '00:00:00', '00:00:00', 20 );
INSERT INTO "times" VALUES ( 20026, 12870, '00:06:00', '00:06:00', 20 );
INSERT INTO "times" VALUES ( 20026, 12890, '00:08:00', '00:08:00', 20 );
INSERT INTO "times" VALUES ( 20026, 12900, '00:10:00', '00:10:00', 20 );
INSERT INTO "times" VALUES ( 20026, 13520, '00:13:00', NULL, NULL );

INSERT INTO "dias" VALUES ( 20027, 180, FALSE, TRUE, 'B2303H', 13520, 12710 );
INSERT INTO "dias_line_groups" VALUES ( 20027, 10 );
INSERT INTO "times" VALUES ( 20027, 12710, '00:31:00', NULL, NULL );
INSERT INTO "times" VALUES ( 20027, 12740, '00:25:00', '00:25:00', 20 );
INSERT INTO "times" VALUES ( 20027, 12780, '00:14:00', '00:15:00', 20 );
INSERT INTO "times" VALUES ( 20027, 12800, '00:11:00', '00:12:00', 20 );
INSERT INTO "times" VALUES ( 20027, 12870, '00:05:00', '00:05:00', 20 );
INSERT INTO "times" VALUES ( 20027, 12890, '00:02:00', '00:02:00', 20 );
INSERT INTO "times" VALUES ( 20027, 12900, '00:01:00', '00:01:00', 20 );
INSERT INTO "times" VALUES ( 20027, 13520, NULL, '23:58:00', 30 );

INSERT INTO "dias" VALUES ( 20028, 180, FALSE, TRUE, 'B2304S', 12510, 12900 );
INSERT INTO "dias_line_groups" VALUES ( 20028, 10 );
INSERT INTO "times" VALUES ( 20028, 12510, NULL, '23:40:00', 20 );
INSERT INTO "times" VALUES ( 20028, 12520, '23:41:00', '23:41:00', 20 );
INSERT INTO "times" VALUES ( 20028, 12530, '23:43:00', '23:43:00', 20 );
INSERT INTO "times" VALUES ( 20028, 12540, '23:47:00', '23:47:00', 20 );
INSERT INTO "times" VALUES ( 20028, 12710, '00:01:00', '00:01:00', 20 );
INSERT INTO "times" VALUES ( 20028, 12740, '00:06:00', '00:06:00', 20 );
INSERT INTO "times" VALUES ( 20028, 12780, '00:17:00', '00:17:00', 20 );
INSERT INTO "times" VALUES ( 20028, 12800, '00:20:00', '00:20:00', 20 );
INSERT INTO "times" VALUES ( 20028, 12870, '00:25:00', '00:25:00', 20 );
INSERT INTO "times" VALUES ( 20028, 12890, '00:28:00', '00:28:00', 20 );
INSERT INTO "times" VALUES ( 20028, 12900, '00:30:00', NULL, NULL );

INSERT INTO "dias" VALUES ( 20029, 180, FALSE, TRUE, 'B2306R', 12510, 12740 );
INSERT INTO "dias_line_groups" VALUES ( 20029, 10 );
INSERT INTO "times" VALUES ( 20029, 12510, NULL, '23:53:00', 20 );
INSERT INTO "times" VALUES ( 20029, 12520, '23:55:00', '23:55:00', 20 );
INSERT INTO "times" VALUES ( 20029, 12530, '23:57:00', '23:57:00', 20 );
INSERT INTO "times" VALUES ( 20029, 12540, '00:00:00', '00:00:00', 20 );
INSERT INTO "times" VALUES ( 20029, 12710, '00:14:00', '00:14:00', 20 );
INSERT INTO "times" VALUES ( 20029, 12740, '00:19:00', NULL, NULL );

INSERT INTO "dias" VALUES ( 20030, 160, FALSE, TRUE, 'D0601A', 13520, 12510 );
INSERT INTO "dias_line_groups" VALUES ( 20030, 10 );
INSERT INTO "times" VALUES ( 20030, 12510, '07:42:00', NULL, NULL );
INSERT INTO "times" VALUES ( 20030, 12520, '07:39:00', '07:39:00', 20 );
INSERT INTO "times" VALUES ( 20030, 12530, '07:38:00', '07:38:00', 20 );
INSERT INTO "times" VALUES ( 20030, 12540, '07:34:00', '07:34:00', 20 );
INSERT INTO "times" VALUES ( 20030, 12610, '07:28:00', '07:29:00', 20 );
INSERT INTO "times" VALUES ( 20030, 12670, '07:22:00', '07:22:00', 20 );
INSERT INTO "times" VALUES ( 20030, 12680, '07:18:00', '07:19:00', 20 );
INSERT INTO "times" VALUES ( 20030, 12710, '07:13:00', '07:14:00', 20 );
INSERT INTO "times" VALUES ( 20030, 12740, '07:06:00', '07:08:00', 20 );
INSERT INTO "times" VALUES ( 20030, 12780, '06:56:00', '06:56:00', 20 );
INSERT INTO "times" VALUES ( 20030, 12800, '06:53:00', '06:53:00', 20 );
INSERT INTO "times" VALUES ( 20030, 12870, '06:47:00', '06:47:00', 20 );
INSERT INTO "times" VALUES ( 20030, 12890, '06:44:00', '06:44:00', 20 );
INSERT INTO "times" VALUES ( 20030, 12900, '06:43:00', '06:43:00', 20 );
INSERT INTO "times" VALUES ( 20030, 13520, NULL, '06:40:00', 30 );

INSERT INTO "dias" VALUES ( 20031, 160, FALSE, TRUE, 'D0701A', 13520, 12510 );
INSERT INTO "dias_line_groups" VALUES ( 20031, 10 );
INSERT INTO "times" VALUES ( 20031, 12510, '08:02:00', NULL, NULL );
INSERT INTO "times" VALUES ( 20031, 12520, '08:00:00', '08:00:00', 20 );
INSERT INTO "times" VALUES ( 20031, 12530, '07:58:00', '07:58:00', 20 );
INSERT INTO "times" VALUES ( 20031, 12540, '07:54:00', '07:55:00', 20 );
INSERT INTO "times" VALUES ( 20031, 12610, '07:49:00', '07:49:00', 20 );
INSERT INTO "times" VALUES ( 20031, 12670, '07:42:00', '07:42:00', 20 );
INSERT INTO "times" VALUES ( 20031, 12680, '07:39:00', '07:40:00', 20 );
INSERT INTO "times" VALUES ( 20031, 12710, '07:33:00', '07:35:00', 20 );
INSERT INTO "times" VALUES ( 20031, 12740, '07:27:00', '07:28:00', 20 );
INSERT INTO "times" VALUES ( 20031, 12780, '07:16:00', '07:16:00', 20 );
INSERT INTO "times" VALUES ( 20031, 12800, '07:13:00', '07:14:00', 20 );
INSERT INTO "times" VALUES ( 20031, 12870, '07:07:00', '07:07:00', 20 );
INSERT INTO "times" VALUES ( 20031, 12890, '07:04:00', '07:04:00', 20 );
INSERT INTO "times" VALUES ( 20031, 12900, '07:03:00', '07:03:00', 20 );
INSERT INTO "times" VALUES ( 20031, 13520, NULL, '07:00:00', 30 );

INSERT INTO "dias" VALUES ( 20032, 160, FALSE, TRUE, 'D0703A', 13520, 12510 );
INSERT INTO "dias_line_groups" VALUES ( 20032, 10 );
INSERT INTO "times" VALUES ( 20032, 12510, '08:22:00', NULL, NULL );
INSERT INTO "times" VALUES ( 20032, 12520, '08:20:00', '08:20:00', 20 );
INSERT INTO "times" VALUES ( 20032, 12530, '08:18:00', '08:18:00', 20 );
INSERT INTO "times" VALUES ( 20032, 12540, '08:14:00', '08:15:00', 20 );
INSERT INTO "times" VALUES ( 20032, 12610, '08:09:00', '08:10:00', 20 );
INSERT INTO "times" VALUES ( 20032, 12670, '08:02:00', '08:02:00', 20 );
INSERT INTO "times" VALUES ( 20032, 12680, '07:59:00', '08:00:00', 20 );
INSERT INTO "times" VALUES ( 20032, 12710, '07:53:00', '07:54:00', 20 );
INSERT INTO "times" VALUES ( 20032, 12740, '07:46:00', '07:48:00', 20 );
INSERT INTO "times" VALUES ( 20032, 12780, '07:36:00', '07:36:00', 20 );
INSERT INTO "times" VALUES ( 20032, 12800, '07:33:00', '07:33:00', 20 );
INSERT INTO "times" VALUES ( 20032, 12870, '07:27:00', '07:27:00', 20 );
INSERT INTO "times" VALUES ( 20032, 12890, '07:24:00', '07:24:00', 20 );
INSERT INTO "times" VALUES ( 20032, 12900, '07:23:00', '07:23:00', 20 );
INSERT INTO "times" VALUES ( 20032, 13520, NULL, '07:20:00', 30 );

INSERT INTO "dias" VALUES ( 20033, 160, FALSE, TRUE, 'D0705A', 13520, 12510 );
INSERT INTO "dias_line_groups" VALUES ( 20033, 10 );
INSERT INTO "times" VALUES ( 20033, 12510, '08:42:00', NULL, NULL );
INSERT INTO "times" VALUES ( 20033, 12520, '08:40:00', '08:40:00', 20 );
INSERT INTO "times" VALUES ( 20033, 12530, '08:38:00', '08:38:00', 20 );
INSERT INTO "times" VALUES ( 20033, 12540, '08:34:00', '08:35:00', 20 );
INSERT INTO "times" VALUES ( 20033, 12610, '08:29:00', '08:29:00', 20 );
INSERT INTO "times" VALUES ( 20033, 12670, '08:22:00', '08:22:00', 20 );
INSERT INTO "times" VALUES ( 20033, 12680, '08:19:00', '08:20:00', 20 );
INSERT INTO "times" VALUES ( 20033, 12710, '08:13:00', '08:14:00', 20 );
INSERT INTO "times" VALUES ( 20033, 12740, '08:07:00', '08:08:00', 20 );
INSERT INTO "times" VALUES ( 20033, 12780, '07:56:00', '07:56:00', 20 );
INSERT INTO "times" VALUES ( 20033, 12800, '07:53:00', '07:53:00', 20 );
INSERT INTO "times" VALUES ( 20033, 12870, '07:47:00', '07:47:00', 20 );
INSERT INTO "times" VALUES ( 20033, 12890, '07:44:00', '07:44:00', 20 );
INSERT INTO "times" VALUES ( 20033, 12900, '07:43:00', '07:43:00', 20 );
INSERT INTO "times" VALUES ( 20033, 13520, NULL, '07:40:00', 30 );

INSERT INTO "dias" VALUES ( 20034, 160, FALSE, TRUE, 'D0800Z', 12510, 13520 );
INSERT INTO "dias_line_groups" VALUES ( 20034, 10 );
INSERT INTO "times" VALUES ( 20034, 12510, NULL, '08:54:00', 20 );
INSERT INTO "times" VALUES ( 20034, 12520, '08:55:00', '08:55:00', 20 );
INSERT INTO "times" VALUES ( 20034, 12530, '08:57:00', '08:57:00', 20 );
INSERT INTO "times" VALUES ( 20034, 12540, '09:01:00', '09:01:00', 20 );
INSERT INTO "times" VALUES ( 20034, 12610, '09:06:00', '09:06:00', 20 );
INSERT INTO "times" VALUES ( 20034, 12670, '09:11:00', '09:11:00', 20 );
INSERT INTO "times" VALUES ( 20034, 12680, '09:15:00', '09:15:00', 20 );
INSERT INTO "times" VALUES ( 20034, 12710, '09:19:00', '09:21:00', 20 );
INSERT INTO "times" VALUES ( 20034, 12740, '09:27:00', '09:27:00', 20 );
INSERT INTO "times" VALUES ( 20034, 12770, '09:35:00', '09:35:00', 20 );
INSERT INTO "times" VALUES ( 20034, 12780, '09:39:00', '09:39:00', 20 );
INSERT INTO "times" VALUES ( 20034, 12800, '09:42:00', '09:42:00', 20 );
INSERT INTO "times" VALUES ( 20034, 12870, '09:48:00', '09:48:00', 20 );
INSERT INTO "times" VALUES ( 20034, 12890, '09:51:00', '09:51:00', 20 );
INSERT INTO "times" VALUES ( 20034, 12900, '09:53:00', '09:53:00', 20 );
INSERT INTO "times" VALUES ( 20034, 13520, '09:57:00', NULL, NULL );

INSERT INTO "dias" VALUES ( 20035, 160, FALSE, TRUE, 'D0900Z', 12510, 13520 );
INSERT INTO "dias_line_groups" VALUES ( 20035, 10 );
INSERT INTO "times" VALUES ( 20035, 12510, NULL, '09:24:00', 20 );
INSERT INTO "times" VALUES ( 20035, 12520, '09:25:00', '09:25:00', 20 );
INSERT INTO "times" VALUES ( 20035, 12530, '09:27:00', '09:27:00', 20 );
INSERT INTO "times" VALUES ( 20035, 12540, '09:31:00', '09:31:00', 20 );
INSERT INTO "times" VALUES ( 20035, 12610, '09:36:00', '09:36:00', 20 );
INSERT INTO "times" VALUES ( 20035, 12670, '09:41:00', '09:41:00', 20 );
INSERT INTO "times" VALUES ( 20035, 12680, '09:45:00', '09:45:00', 20 );
INSERT INTO "times" VALUES ( 20035, 12710, '09:49:00', '09:51:00', 20 );
INSERT INTO "times" VALUES ( 20035, 12740, '09:57:00', '09:57:00', 20 );
INSERT INTO "times" VALUES ( 20035, 12770, '10:05:00', '10:05:00', 20 );
INSERT INTO "times" VALUES ( 20035, 12780, '10:09:00', '10:09:00', 20 );
INSERT INTO "times" VALUES ( 20035, 12800, '10:12:00', '10:12:00', 20 );
INSERT INTO "times" VALUES ( 20035, 12870, '10:18:00', '10:18:00', 20 );
INSERT INTO "times" VALUES ( 20035, 12890, '10:21:00', '10:21:00', 20 );
INSERT INTO "times" VALUES ( 20035, 12900, '10:23:00', '10:23:00', 20 );
INSERT INTO "times" VALUES ( 20035, 13520, '10:27:00', NULL, NULL );

INSERT INTO "dias" VALUES ( 20036, 160, FALSE, TRUE, 'D0902Z', 12510, 13520 );
INSERT INTO "dias_line_groups" VALUES ( 20036, 10 );
INSERT INTO "times" VALUES ( 20036, 12510, NULL, '09:54:00', 20 );
INSERT INTO "times" VALUES ( 20036, 12520, '09:55:00', '09:55:00', 20 );
INSERT INTO "times" VALUES ( 20036, 12530, '09:57:00', '09:57:00', 20 );
INSERT INTO "times" VALUES ( 20036, 12540, '10:01:00', '10:01:00', 20 );
INSERT INTO "times" VALUES ( 20036, 12610, '10:06:00', '10:06:00', 20 );
INSERT INTO "times" VALUES ( 20036, 12670, '10:11:00', '10:11:00', 20 );
INSERT INTO "times" VALUES ( 20036, 12680, '10:15:00', '10:15:00', 20 );
INSERT INTO "times" VALUES ( 20036, 12710, '10:19:00', '10:21:00', 20 );
INSERT INTO "times" VALUES ( 20036, 12740, '10:27:00', '10:27:00', 20 );
INSERT INTO "times" VALUES ( 20036, 12770, '10:35:00', '10:35:00', 20 );
INSERT INTO "times" VALUES ( 20036, 12780, '10:39:00', '10:39:00', 20 );
INSERT INTO "times" VALUES ( 20036, 12800, '10:42:00', '10:42:00', 20 );
INSERT INTO "times" VALUES ( 20036, 12870, '10:48:00', '10:48:00', 20 );
INSERT INTO "times" VALUES ( 20036, 12890, '10:51:00', '10:51:00', 20 );
INSERT INTO "times" VALUES ( 20036, 12900, '10:53:00', '10:53:00', 20 );
INSERT INTO "times" VALUES ( 20036, 13520, '10:57:00', NULL, NULL );

INSERT INTO "dias" VALUES ( 20037, 160, FALSE, TRUE, 'D1000Z', 12510, 13520 );
INSERT INTO "dias_line_groups" VALUES ( 20037, 10 );
INSERT INTO "times" VALUES ( 20037, 12510, NULL, '10:24:00', 20 );
INSERT INTO "times" VALUES ( 20037, 12520, '10:25:00', '10:25:00', 20 );
INSERT INTO "times" VALUES ( 20037, 12530, '10:27:00', '10:27:00', 20 );
INSERT INTO "times" VALUES ( 20037, 12540, '10:31:00', '10:31:00', 20 );
INSERT INTO "times" VALUES ( 20037, 12610, '10:36:00', '10:36:00', 20 );
INSERT INTO "times" VALUES ( 20037, 12670, '10:41:00', '10:41:00', 20 );
INSERT INTO "times" VALUES ( 20037, 12680, '10:45:00', '10:45:00', 20 );
INSERT INTO "times" VALUES ( 20037, 12710, '10:49:00', '10:51:00', 20 );
INSERT INTO "times" VALUES ( 20037, 12740, '10:57:00', '10:57:00', 20 );
INSERT INTO "times" VALUES ( 20037, 12770, '11:05:00', '11:05:00', 20 );
INSERT INTO "times" VALUES ( 20037, 12780, '11:09:00', '11:09:00', 20 );
INSERT INTO "times" VALUES ( 20037, 12800, '11:12:00', '11:12:00', 20 );
INSERT INTO "times" VALUES ( 20037, 12870, '11:18:00', '11:18:00', 20 );
INSERT INTO "times" VALUES ( 20037, 12890, '11:21:00', '11:21:00', 20 );
INSERT INTO "times" VALUES ( 20037, 12900, '11:23:00', '11:23:00', 20 );
INSERT INTO "times" VALUES ( 20037, 13520, '11:27:00', NULL, NULL );

INSERT INTO "dias" VALUES ( 20038, 160, FALSE, TRUE, 'D1002Z', 12510, 13520 );
INSERT INTO "dias_line_groups" VALUES ( 20038, 10 );
INSERT INTO "times" VALUES ( 20038, 12510, NULL, '10:54:00', 20 );
INSERT INTO "times" VALUES ( 20038, 12520, '10:55:00', '10:55:00', 20 );
INSERT INTO "times" VALUES ( 20038, 12530, '10:57:00', '10:57:00', 20 );
INSERT INTO "times" VALUES ( 20038, 12540, '11:01:00', '11:01:00', 20 );
INSERT INTO "times" VALUES ( 20038, 12610, '11:06:00', '11:06:00', 20 );
INSERT INTO "times" VALUES ( 20038, 12670, '11:11:00', '11:11:00', 20 );
INSERT INTO "times" VALUES ( 20038, 12680, '11:15:00', '11:15:00', 20 );
INSERT INTO "times" VALUES ( 20038, 12710, '11:19:00', '11:21:00', 20 );
INSERT INTO "times" VALUES ( 20038, 12740, '11:27:00', '11:27:00', 20 );
INSERT INTO "times" VALUES ( 20038, 12770, '11:35:00', '11:35:00', 20 );
INSERT INTO "times" VALUES ( 20038, 12780, '11:39:00', '11:39:00', 20 );
INSERT INTO "times" VALUES ( 20038, 12800, '11:42:00', '11:42:00', 20 );
INSERT INTO "times" VALUES ( 20038, 12870, '11:48:00', '11:48:00', 20 );
INSERT INTO "times" VALUES ( 20038, 12890, '11:51:00', '11:51:00', 20 );
INSERT INTO "times" VALUES ( 20038, 12900, '11:53:00', '11:53:00', 20 );
INSERT INTO "times" VALUES ( 20038, 13520, '11:57:00', NULL, NULL );

INSERT INTO "dias" VALUES ( 20039, 160, FALSE, TRUE, 'D2001A', 13520, 12510 );
INSERT INTO "dias_line_groups" VALUES ( 20039, 10 );
INSERT INTO "times" VALUES ( 20039, 12510, '21:16:00', NULL, NULL );
INSERT INTO "times" VALUES ( 20039, 12520, '21:14:00', '21:14:00', 20 );
INSERT INTO "times" VALUES ( 20039, 12530, '21:12:00', '21:12:00', 20 );
INSERT INTO "times" VALUES ( 20039, 12540, '21:09:00', '21:09:00', 20 );
INSERT INTO "times" VALUES ( 20039, 12610, '21:04:00', '21:04:00', 20 );
INSERT INTO "times" VALUES ( 20039, 12670, '20:57:00', '20:57:00', 20 );
INSERT INTO "times" VALUES ( 20039, 12680, '20:53:00', '20:55:00', 20 );
INSERT INTO "times" VALUES ( 20039, 12710, '20:48:00', '20:49:00', 20 );
INSERT INTO "times" VALUES ( 20039, 12740, '20:42:00', '20:43:00', 20 );
INSERT INTO "times" VALUES ( 20039, 12780, '20:30:00', '20:31:00', 20 );
INSERT INTO "times" VALUES ( 20039, 12800, '20:27:00', '20:28:00', 20 );
INSERT INTO "times" VALUES ( 20039, 12870, '20:21:00', '20:21:00', 20 );
INSERT INTO "times" VALUES ( 20039, 12890, '20:18:00', '20:18:00', 20 );
INSERT INTO "times" VALUES ( 20039, 12900, '20:17:00', '20:17:00', 20 );
INSERT INTO "times" VALUES ( 20039, 13520, NULL, '20:14:00', 30 );

INSERT INTO "dias" VALUES ( 20040, 160, FALSE, TRUE, 'D2003A', 13520, 12510 );
INSERT INTO "dias_line_groups" VALUES ( 20040, 10 );
INSERT INTO "times" VALUES ( 20040, 12510, '21:36:00', NULL, NULL );
INSERT INTO "times" VALUES ( 20040, 12520, '21:34:00', '21:34:00', 20 );
INSERT INTO "times" VALUES ( 20040, 12530, '21:32:00', '21:32:00', 20 );
INSERT INTO "times" VALUES ( 20040, 12540, '21:29:00', '21:29:00', 20 );
INSERT INTO "times" VALUES ( 20040, 12610, '21:24:00', '21:24:00', 20 );
INSERT INTO "times" VALUES ( 20040, 12670, '21:17:00', '21:17:00', 20 );
INSERT INTO "times" VALUES ( 20040, 12680, '21:13:00', '21:15:00', 20 );
INSERT INTO "times" VALUES ( 20040, 12710, '21:08:00', '21:09:00', 20 );
INSERT INTO "times" VALUES ( 20040, 12740, '21:02:00', '21:03:00', 20 );
INSERT INTO "times" VALUES ( 20040, 12780, '20:50:00', '20:51:00', 20 );
INSERT INTO "times" VALUES ( 20040, 12800, '20:47:00', '20:48:00', 20 );
INSERT INTO "times" VALUES ( 20040, 12870, '20:41:00', '20:41:00', 20 );
INSERT INTO "times" VALUES ( 20040, 12890, '20:38:00', '20:38:00', 20 );
INSERT INTO "times" VALUES ( 20040, 12900, '20:37:00', '20:37:00', 20 );
INSERT INTO "times" VALUES ( 20040, 13520, NULL, '20:34:00', 30 );

INSERT INTO "dias" VALUES ( 20041, 160, FALSE, TRUE, 'D2005A', 13520, 12510 );
INSERT INTO "dias_line_groups" VALUES ( 20041, 10 );
INSERT INTO "times" VALUES ( 20041, 12510, '21:56:00', NULL, NULL );
INSERT INTO "times" VALUES ( 20041, 12520, '21:54:00', '21:54:00', 20 );
INSERT INTO "times" VALUES ( 20041, 12530, '21:52:00', '21:52:00', 20 );
INSERT INTO "times" VALUES ( 20041, 12540, '21:49:00', '21:49:00', 20 );
INSERT INTO "times" VALUES ( 20041, 12610, '21:44:00', '21:44:00', 20 );
INSERT INTO "times" VALUES ( 20041, 12670, '21:37:00', '21:37:00', 20 );
INSERT INTO "times" VALUES ( 20041, 12680, '21:33:00', '21:35:00', 20 );
INSERT INTO "times" VALUES ( 20041, 12710, '21:28:00', '21:29:00', 20 );
INSERT INTO "times" VALUES ( 20041, 12740, '21:22:00', '21:23:00', 20 );
INSERT INTO "times" VALUES ( 20041, 12780, '21:10:00', '21:11:00', 20 );
INSERT INTO "times" VALUES ( 20041, 12800, '21:07:00', '21:08:00', 20 );
INSERT INTO "times" VALUES ( 20041, 12870, '21:01:00', '21:01:00', 20 );
INSERT INTO "times" VALUES ( 20041, 12890, '20:58:00', '20:58:00', 20 );
INSERT INTO "times" VALUES ( 20041, 12900, '20:57:00', '20:57:00', 20 );
INSERT INTO "times" VALUES ( 20041, 13520, NULL, '20:54:00', 30 );

INSERT INTO "dias" VALUES ( 20042, 160, FALSE, TRUE, 'D2101A', 13520, 12510 );
INSERT INTO "dias_line_groups" VALUES ( 20042, 10 );
INSERT INTO "times" VALUES ( 20042, 12510, '22:16:00', NULL, NULL );
INSERT INTO "times" VALUES ( 20042, 12520, '22:14:00', '22:14:00', 20 );
INSERT INTO "times" VALUES ( 20042, 12530, '22:12:00', '22:12:00', 20 );
INSERT INTO "times" VALUES ( 20042, 12540, '22:09:00', '22:09:00', 20 );
INSERT INTO "times" VALUES ( 20042, 12610, '22:03:00', '22:04:00', 20 );
INSERT INTO "times" VALUES ( 20042, 12670, '21:57:00', '21:57:00', 20 );
INSERT INTO "times" VALUES ( 20042, 12680, '21:53:00', '21:54:00', 20 );
INSERT INTO "times" VALUES ( 20042, 12710, '21:48:00', '21:49:00', 20 );
INSERT INTO "times" VALUES ( 20042, 12740, '21:42:00', '21:43:00', 20 );
INSERT INTO "times" VALUES ( 20042, 12780, '21:30:00', '21:31:00', 20 );
INSERT INTO "times" VALUES ( 20042, 12800, '21:27:00', '21:28:00', 20 );
INSERT INTO "times" VALUES ( 20042, 12870, '21:21:00', '21:21:00', 20 );
INSERT INTO "times" VALUES ( 20042, 12890, '21:18:00', '21:18:00', 20 );
INSERT INTO "times" VALUES ( 20042, 12900, '21:17:00', '21:17:00', 20 );
INSERT INTO "times" VALUES ( 20042, 13520, NULL, '21:14:00', 30 );

INSERT INTO "dias" VALUES ( 20043, 160, FALSE, TRUE, 'D2103A', 13520, 12510 );
INSERT INTO "dias_line_groups" VALUES ( 20043, 10 );
INSERT INTO "times" VALUES ( 20043, 12510, '22:35:00', NULL, NULL );
INSERT INTO "times" VALUES ( 20043, 12520, '22:33:00', '22:33:00', 20 );
INSERT INTO "times" VALUES ( 20043, 12530, '22:31:00', '22:31:00', 20 );
INSERT INTO "times" VALUES ( 20043, 12540, '22:29:00', '22:29:00', 20 );
INSERT INTO "times" VALUES ( 20043, 12610, '22:24:00', '22:24:00', 20 );
INSERT INTO "times" VALUES ( 20043, 12670, '22:17:00', '22:17:00', 20 );
INSERT INTO "times" VALUES ( 20043, 12680, '22:13:00', '22:14:00', 20 );
INSERT INTO "times" VALUES ( 20043, 12710, '22:08:00', '22:09:00', 20 );
INSERT INTO "times" VALUES ( 20043, 12740, '22:02:00', '22:03:00', 20 );
INSERT INTO "times" VALUES ( 20043, 12780, '21:50:00', '21:51:00', 20 );
INSERT INTO "times" VALUES ( 20043, 12800, '21:47:00', '21:48:00', 20 );
INSERT INTO "times" VALUES ( 20043, 12870, '21:41:00', '21:41:00', 20 );
INSERT INTO "times" VALUES ( 20043, 12890, '21:38:00', '21:38:00', 20 );
INSERT INTO "times" VALUES ( 20043, 12900, '21:37:00', '21:37:00', 20 );
INSERT INTO "times" VALUES ( 20043, 13520, NULL, '21:34:00', 30 );

INSERT INTO "dias" VALUES ( 20044, 160, FALSE, TRUE, 'D2105A', 13520, 12510 );
INSERT INTO "dias_line_groups" VALUES ( 20044, 10 );
INSERT INTO "times" VALUES ( 20044, 12510, '22:54:00', NULL, NULL );
INSERT INTO "times" VALUES ( 20044, 12520, '22:52:00', '22:52:00', 20 );
INSERT INTO "times" VALUES ( 20044, 12530, '22:51:00', '22:51:00', 20 );
INSERT INTO "times" VALUES ( 20044, 12540, '22:48:00', '22:48:00', 20 );
INSERT INTO "times" VALUES ( 20044, 12610, '22:43:00', '22:43:00', 20 );
INSERT INTO "times" VALUES ( 20044, 12670, '22:36:00', '22:36:00', 20 );
INSERT INTO "times" VALUES ( 20044, 12680, '22:34:00', '22:34:00', 20 );
INSERT INTO "times" VALUES ( 20044, 12710, '22:28:00', '22:29:00', 20 );
INSERT INTO "times" VALUES ( 20044, 12740, '22:22:00', '22:23:00', 20 );
INSERT INTO "times" VALUES ( 20044, 12780, '22:11:00', '22:11:00', 20 );
INSERT INTO "times" VALUES ( 20044, 12800, '22:08:00', '22:08:00', 20 );
INSERT INTO "times" VALUES ( 20044, 12870, '22:01:00', '22:01:00', 20 );
INSERT INTO "times" VALUES ( 20044, 12890, '21:58:00', '21:58:00', 20 );
INSERT INTO "times" VALUES ( 20044, 12900, '21:57:00', '21:57:00', 20 );
INSERT INTO "times" VALUES ( 20044, 13520, NULL, '21:54:00', 30 );

INSERT INTO "dias" VALUES ( 20045, 160, FALSE, TRUE, 'D2201A', 13520, 12510 );
INSERT INTO "dias_line_groups" VALUES ( 20045, 10 );
INSERT INTO "times" VALUES ( 20045, 12510, '23:16:00', NULL, NULL );
INSERT INTO "times" VALUES ( 20045, 12520, '23:14:00', '23:14:00', 20 );
INSERT INTO "times" VALUES ( 20045, 12530, '23:12:00', '23:12:00', 20 );
INSERT INTO "times" VALUES ( 20045, 12540, '23:09:00', '23:09:00', 20 );
INSERT INTO "times" VALUES ( 20045, 12610, '23:04:00', '23:04:00', 20 );
INSERT INTO "times" VALUES ( 20045, 12670, '22:57:00', '22:57:00', 20 );
INSERT INTO "times" VALUES ( 20045, 12680, '22:54:00', '22:55:00', 20 );
INSERT INTO "times" VALUES ( 20045, 12710, '22:48:00', '22:49:00', 20 );
INSERT INTO "times" VALUES ( 20045, 12740, '22:42:00', '22:43:00', 20 );
INSERT INTO "times" VALUES ( 20045, 12780, '22:30:00', '22:31:00', 20 );
INSERT INTO "times" VALUES ( 20045, 12800, '22:28:00', '22:28:00', 20 );
INSERT INTO "times" VALUES ( 20045, 12870, '22:21:00', '22:21:00', 20 );
INSERT INTO "times" VALUES ( 20045, 12890, '22:18:00', '22:18:00', 20 );
INSERT INTO "times" VALUES ( 20045, 12900, '22:17:00', '22:17:00', 20 );
INSERT INTO "times" VALUES ( 20045, 13520, NULL, '22:14:00', 30 );

INSERT INTO "dias" VALUES ( 20046, 160, FALSE, TRUE, 'D2203A', 13520, 12510 );
INSERT INTO "dias_line_groups" VALUES ( 20046, 10 );
INSERT INTO "times" VALUES ( 20046, 12510, '23:37:00', NULL, NULL );
INSERT INTO "times" VALUES ( 20046, 12520, '23:35:00', '23:35:00', 20 );
INSERT INTO "times" VALUES ( 20046, 12530, '23:33:00', '23:33:00', 20 );
INSERT INTO "times" VALUES ( 20046, 12540, '23:30:00', '23:30:00', 20 );
INSERT INTO "times" VALUES ( 20046, 12610, '23:25:00', '23:25:00', 20 );
INSERT INTO "times" VALUES ( 20046, 12670, '23:19:00', '23:19:00', 20 );
INSERT INTO "times" VALUES ( 20046, 12680, '23:16:00', '23:16:00', 20 );
INSERT INTO "times" VALUES ( 20046, 12710, '23:10:00', '23:11:00', 20 );
INSERT INTO "times" VALUES ( 20046, 12740, '23:05:00', '23:05:00', 20 );
INSERT INTO "times" VALUES ( 20046, 12780, '22:54:00', '22:54:00', 20 );
INSERT INTO "times" VALUES ( 20046, 12800, '22:51:00', '22:51:00', 20 );
INSERT INTO "times" VALUES ( 20046, 12870, '22:44:00', '22:44:00', 20 );
INSERT INTO "times" VALUES ( 20046, 12890, '22:42:00', '22:42:00', 20 );
INSERT INTO "times" VALUES ( 20046, 12900, '22:40:00', '22:40:00', 20 );
INSERT INTO "times" VALUES ( 20046, 13520, NULL, '22:37:00', 30 );

INSERT INTO "dias" VALUES ( 20047, 150, FALSE, TRUE, 'E2400R', 12510, 12740 );
INSERT INTO "dias_line_groups" VALUES ( 20047, 10 );
INSERT INTO "times" VALUES ( 20047, 12510, NULL, '00:20:00', 20 );
INSERT INTO "times" VALUES ( 20047, 12520, '00:21:00', '00:21:00', 20 );
INSERT INTO "times" VALUES ( 20047, 12530, '00:23:00', '00:23:00', 20 );
INSERT INTO "times" VALUES ( 20047, 12540, '00:27:00', '00:27:00', 20 );
INSERT INTO "times" VALUES ( 20047, 12670, '00:36:00', '00:36:00', 20 );
INSERT INTO "times" VALUES ( 20047, 12680, '00:39:00', '00:39:00', 20 );
INSERT INTO "times" VALUES ( 20047, 12710, '00:44:00', '00:44:00', 20 );
INSERT INTO "times" VALUES ( 20047, 12740, '00:49:00', NULL, NULL );

INSERT INTO "dias" VALUES ( 20048, 140, FALSE, TRUE, 'F0500Z', 12670, 13520 );
INSERT INTO "dias_line_groups" VALUES ( 20048, 10 );
INSERT INTO "times" VALUES ( 20048, 12670, NULL, '05:36:00', 20 );
INSERT INTO "times" VALUES ( 20048, 12680, '05:39:00', '05:39:00', 20 );
INSERT INTO "times" VALUES ( 20048, 12700, '05:43:00', '05:43:00', 20 );
INSERT INTO "times" VALUES ( 20048, 12710, '05:45:00', '05:45:00', 20 );
INSERT INTO "times" VALUES ( 20048, 12740, '05:50:00', '05:50:00', 20 );
INSERT INTO "times" VALUES ( 20048, 12760, '05:56:00', '05:56:00', 20 );
INSERT INTO "times" VALUES ( 20048, 12780, '06:03:00', '06:03:00', 20 );
INSERT INTO "times" VALUES ( 20048, 12800, '06:06:00', '06:06:00', 20 );
INSERT INTO "times" VALUES ( 20048, 12840, '06:09:00', '06:09:00', 20 );
INSERT INTO "times" VALUES ( 20048, 12870, '06:13:00', '06:13:00', 20 );
INSERT INTO "times" VALUES ( 20048, 12880, '06:14:00', '06:14:00', 20 );
INSERT INTO "times" VALUES ( 20048, 12890, '06:16:00', '06:16:00', 20 );
INSERT INTO "times" VALUES ( 20048, 12900, '06:18:00', '06:18:00', 20 );
INSERT INTO "times" VALUES ( 20048, 13510, '06:20:00', '06:20:00', 30 );
INSERT INTO "times" VALUES ( 20048, 13520, '06:23:00', NULL, NULL );

INSERT INTO "dias" VALUES ( 20049, 140, FALSE, TRUE, 'F0501A', 13520, 12510 );
INSERT INTO "dias_line_groups" VALUES ( 20049, 10 );
INSERT INTO "times" VALUES ( 20049, 12510, '06:37:00', NULL, NULL );
INSERT INTO "times" VALUES ( 20049, 12520, '06:35:00', '06:35:00', 20 );
INSERT INTO "times" VALUES ( 20049, 12530, '06:34:00', '06:34:00', 20 );
INSERT INTO "times" VALUES ( 20049, 12540, '06:31:00', '06:31:00', 20 );
INSERT INTO "times" VALUES ( 20049, 12610, '06:26:00', '06:26:00', 20 );
INSERT INTO "times" VALUES ( 20049, 12670, '06:19:00', '06:19:00', 20 );
INSERT INTO "times" VALUES ( 20049, 12680, '06:16:00', '06:16:00', 20 );
INSERT INTO "times" VALUES ( 20049, 12700, '06:13:00', '06:13:00', 20 );
INSERT INTO "times" VALUES ( 20049, 12710, '06:11:00', '06:11:00', 20 );
INSERT INTO "times" VALUES ( 20049, 12740, '06:05:00', '06:05:00', 20 );
INSERT INTO "times" VALUES ( 20049, 12760, '06:00:00', '06:00:00', 20 );
INSERT INTO "times" VALUES ( 20049, 12780, '05:53:00', '05:53:00', 20 );
INSERT INTO "times" VALUES ( 20049, 12800, '05:51:00', '05:51:00', 20 );
INSERT INTO "times" VALUES ( 20049, 12840, '05:46:00', '05:46:00', 20 );
INSERT INTO "times" VALUES ( 20049, 12870, '05:43:00', '05:43:00', 20 );
INSERT INTO "times" VALUES ( 20049, 12880, '05:41:00', '05:41:00', 20 );
INSERT INTO "times" VALUES ( 20049, 12890, '05:39:00', '05:39:00', 20 );
INSERT INTO "times" VALUES ( 20049, 12900, '05:38:00', '05:38:00', 20 );
INSERT INTO "times" VALUES ( 20049, 13510, '05:36:00', '05:36:00', 30 );
INSERT INTO "times" VALUES ( 20049, 13520, NULL, '05:34:00', 30 );

INSERT INTO "dias" VALUES ( 20050, 140, FALSE, TRUE, 'F0502Z', 12510, 13520 );
INSERT INTO "dias_line_groups" VALUES ( 20050, 10 );
INSERT INTO "times" VALUES ( 20050, 12510, NULL, '05:48:00', 20 );
INSERT INTO "times" VALUES ( 20050, 12520, '05:49:00', '05:49:00', 20 );
INSERT INTO "times" VALUES ( 20050, 12530, '05:51:00', '05:51:00', 20 );
INSERT INTO "times" VALUES ( 20050, 12540, '05:55:00', '05:55:00', 20 );
INSERT INTO "times" VALUES ( 20050, 12610, '06:00:00', '06:00:00', 20 );
INSERT INTO "times" VALUES ( 20050, 12670, '06:05:00', '06:05:00', 20 );
INSERT INTO "times" VALUES ( 20050, 12680, '06:09:00', '06:09:00', 20 );
INSERT INTO "times" VALUES ( 20050, 12700, '06:12:00', '06:12:00', 20 );
INSERT INTO "times" VALUES ( 20050, 12710, '06:14:00', '06:14:00', 20 );
INSERT INTO "times" VALUES ( 20050, 12740, '06:20:00', '06:20:00', 20 );
INSERT INTO "times" VALUES ( 20050, 12760, '06:24:00', '06:24:00', 20 );
INSERT INTO "times" VALUES ( 20050, 12780, '06:32:00', '06:32:00', 20 );
INSERT INTO "times" VALUES ( 20050, 12800, '06:34:00', '06:34:00', 20 );
INSERT INTO "times" VALUES ( 20050, 12840, '06:38:00', '06:38:00', 20 );
INSERT INTO "times" VALUES ( 20050, 12870, '06:41:00', '06:41:00', 20 );
INSERT INTO "times" VALUES ( 20050, 12880, '06:43:00', '06:43:00', 20 );
INSERT INTO "times" VALUES ( 20050, 12890, '06:45:00', '06:45:00', 20 );
INSERT INTO "times" VALUES ( 20050, 12900, '06:47:00', '06:47:00', 20 );
INSERT INTO "times" VALUES ( 20050, 13510, '06:49:00', '06:49:00', 30 );
INSERT INTO "times" VALUES ( 20050, 13520, '06:51:00', NULL, NULL );

INSERT INTO "dias" VALUES ( 20051, 140, FALSE, TRUE, 'F0503A', 13520, 12510 );
INSERT INTO "dias_line_groups" VALUES ( 20051, 10 );
INSERT INTO "times" VALUES ( 20051, 12510, '06:56:00', NULL, NULL );
INSERT INTO "times" VALUES ( 20051, 12520, '06:54:00', '06:54:00', 20 );
INSERT INTO "times" VALUES ( 20051, 12530, '06:52:00', '06:52:00', 20 );
INSERT INTO "times" VALUES ( 20051, 12540, '06:49:00', '06:49:00', 20 );
INSERT INTO "times" VALUES ( 20051, 12610, '06:44:00', '06:44:00', 20 );
INSERT INTO "times" VALUES ( 20051, 12670, '06:38:00', '06:38:00', 20 );
INSERT INTO "times" VALUES ( 20051, 12680, '06:35:00', '06:35:00', 20 );
INSERT INTO "times" VALUES ( 20051, 12700, '06:31:00', '06:31:00', 20 );
INSERT INTO "times" VALUES ( 20051, 12710, '06:30:00', '06:30:00', 20 );
INSERT INTO "times" VALUES ( 20051, 12740, '06:24:00', '06:24:00', 20 );
INSERT INTO "times" VALUES ( 20051, 12760, '06:19:00', '06:19:00', 20 );
INSERT INTO "times" VALUES ( 20051, 12780, '06:12:00', '06:12:00', 20 );
INSERT INTO "times" VALUES ( 20051, 12800, '06:09:00', '06:09:00', 20 );
INSERT INTO "times" VALUES ( 20051, 12840, '06:05:00', '06:05:00', 20 );
INSERT INTO "times" VALUES ( 20051, 12870, '06:01:00', '06:01:00', 20 );
INSERT INTO "times" VALUES ( 20051, 12880, '05:59:00', '05:59:00', 20 );
INSERT INTO "times" VALUES ( 20051, 12890, '05:58:00', '05:58:00', 20 );
INSERT INTO "times" VALUES ( 20051, 12900, '05:56:00', '05:56:00', 20 );
INSERT INTO "times" VALUES ( 20051, 13510, '05:54:00', '05:54:00', 30 );
INSERT INTO "times" VALUES ( 20051, 13520, NULL, '05:52:00', 30 );

INSERT INTO "dias" VALUES ( 20052, 140, FALSE, TRUE, 'F0600Z', 12510, 13520 );
INSERT INTO "dias_line_groups" VALUES ( 20052, 10 );
INSERT INTO "times" VALUES ( 20052, 12510, NULL, '06:08:00', 20 );
INSERT INTO "times" VALUES ( 20052, 12520, '06:10:00', '06:10:00', 20 );
INSERT INTO "times" VALUES ( 20052, 12530, '06:12:00', '06:12:00', 20 );
INSERT INTO "times" VALUES ( 20052, 12540, '06:15:00', '06:15:00', 20 );
INSERT INTO "times" VALUES ( 20052, 12610, '06:20:00', '06:20:00', 20 );
INSERT INTO "times" VALUES ( 20052, 12670, '06:26:00', '06:26:00', 20 );
INSERT INTO "times" VALUES ( 20052, 12680, '06:29:00', '06:29:00', 20 );
INSERT INTO "times" VALUES ( 20052, 12700, '06:32:00', '06:32:00', 20 );
INSERT INTO "times" VALUES ( 20052, 12710, '06:35:00', '06:35:00', 20 );
INSERT INTO "times" VALUES ( 20052, 12740, '06:40:00', '06:40:00', 20 );
INSERT INTO "times" VALUES ( 20052, 12760, '06:45:00', '06:45:00', 20 );
INSERT INTO "times" VALUES ( 20052, 12780, '06:52:00', '06:52:00', 20 );
INSERT INTO "times" VALUES ( 20052, 12800, '06:55:00', '06:55:00', 20 );
INSERT INTO "times" VALUES ( 20052, 12840, '06:58:00', '06:58:00', 20 );
INSERT INTO "times" VALUES ( 20052, 12870, '07:02:00', '07:02:00', 20 );
INSERT INTO "times" VALUES ( 20052, 12880, '07:03:00', '07:03:00', 20 );
INSERT INTO "times" VALUES ( 20052, 12890, '07:05:00', '07:05:00', 20 );
INSERT INTO "times" VALUES ( 20052, 12900, '07:08:00', '07:08:00', 20 );
INSERT INTO "times" VALUES ( 20052, 13510, '07:09:00', '07:09:00', 30 );
INSERT INTO "times" VALUES ( 20052, 13520, '07:12:00', NULL, NULL );

INSERT INTO "dias" VALUES ( 20053, 140, FALSE, TRUE, 'F0601A', 13520, 12510 );
INSERT INTO "dias_line_groups" VALUES ( 20053, 10 );
INSERT INTO "times" VALUES ( 20053, 12510, '07:22:00', NULL, NULL );
INSERT INTO "times" VALUES ( 20053, 12520, '07:19:00', '07:19:00', 20 );
INSERT INTO "times" VALUES ( 20053, 12530, '07:17:00', '07:17:00', 20 );
INSERT INTO "times" VALUES ( 20053, 12540, '07:14:00', '07:14:00', 20 );
INSERT INTO "times" VALUES ( 20053, 12610, '07:09:00', '07:09:00', 20 );
INSERT INTO "times" VALUES ( 20053, 12670, '07:02:00', '07:02:00', 20 );
INSERT INTO "times" VALUES ( 20053, 12680, '07:00:00', '07:00:00', 20 );
INSERT INTO "times" VALUES ( 20053, 12700, '06:56:00', '06:56:00', 20 );
INSERT INTO "times" VALUES ( 20053, 12710, '06:54:00', '06:54:00', 20 );
INSERT INTO "times" VALUES ( 20053, 12740, '06:48:00', '06:48:00', 20 );
INSERT INTO "times" VALUES ( 20053, 12760, '06:43:00', '06:43:00', 20 );
INSERT INTO "times" VALUES ( 20053, 12780, '06:36:00', '06:36:00', 20 );
INSERT INTO "times" VALUES ( 20053, 12800, '06:34:00', '06:34:00', 20 );
INSERT INTO "times" VALUES ( 20053, 12840, '06:29:00', '06:29:00', 20 );
INSERT INTO "times" VALUES ( 20053, 12870, '06:26:00', '06:26:00', 20 );
INSERT INTO "times" VALUES ( 20053, 12880, '06:24:00', '06:24:00', 20 );
INSERT INTO "times" VALUES ( 20053, 12890, '06:22:00', '06:22:00', 20 );
INSERT INTO "times" VALUES ( 20053, 12900, '06:21:00', '06:21:00', 20 );
INSERT INTO "times" VALUES ( 20053, 13510, '06:18:00', '06:18:00', 30 );
INSERT INTO "times" VALUES ( 20053, 13520, NULL, '06:16:00', 30 );

INSERT INTO "dias" VALUES ( 20054, 140, FALSE, TRUE, 'F0602Z', 12510, 13520 );
INSERT INTO "dias_line_groups" VALUES ( 20054, 10 );
INSERT INTO "times" VALUES ( 20054, 12510, NULL, '06:22:00', 20 );
INSERT INTO "times" VALUES ( 20054, 12520, '06:23:00', '06:23:00', 20 );
INSERT INTO "times" VALUES ( 20054, 12530, '06:25:00', '06:25:00', 20 );
INSERT INTO "times" VALUES ( 20054, 12540, '06:29:00', '06:29:00', 20 );
INSERT INTO "times" VALUES ( 20054, 12610, '06:34:00', '06:34:00', 20 );
INSERT INTO "times" VALUES ( 20054, 12670, '06:40:00', '06:40:00', 20 );
INSERT INTO "times" VALUES ( 20054, 12680, '06:43:00', '06:43:00', 20 );
INSERT INTO "times" VALUES ( 20054, 12700, '06:46:00', '06:46:00', 20 );
INSERT INTO "times" VALUES ( 20054, 12710, '06:48:00', '06:48:00', 20 );
INSERT INTO "times" VALUES ( 20054, 12740, '06:54:00', '06:54:00', 20 );
INSERT INTO "times" VALUES ( 20054, 12760, '06:58:00', '06:58:00', 20 );
INSERT INTO "times" VALUES ( 20054, 12780, '07:06:00', '07:06:00', 20 );
INSERT INTO "times" VALUES ( 20054, 12800, '07:08:00', '07:08:00', 20 );
INSERT INTO "times" VALUES ( 20054, 12840, '07:12:00', '07:12:00', 20 );
INSERT INTO "times" VALUES ( 20054, 12870, '07:16:00', '07:16:00', 20 );
INSERT INTO "times" VALUES ( 20054, 12880, '07:17:00', '07:17:00', 20 );
INSERT INTO "times" VALUES ( 20054, 12890, '07:19:00', '07:19:00', 20 );
INSERT INTO "times" VALUES ( 20054, 12900, '07:21:00', '07:21:00', 20 );
INSERT INTO "times" VALUES ( 20054, 13510, '07:23:00', '07:23:00', 30 );
INSERT INTO "times" VALUES ( 20054, 13520, '07:26:00', NULL, NULL );

INSERT INTO "dias" VALUES ( 20055, 140, FALSE, TRUE, 'F0604Z', 12510, 13520 );
INSERT INTO "dias_line_groups" VALUES ( 20055, 10 );
INSERT INTO "times" VALUES ( 20055, 12510, NULL, '06:42:00', 20 );
INSERT INTO "times" VALUES ( 20055, 12520, '06:44:00', '06:44:00', 20 );
INSERT INTO "times" VALUES ( 20055, 12530, '06:46:00', '06:46:00', 20 );
INSERT INTO "times" VALUES ( 20055, 12540, '06:49:00', '06:49:00', 20 );
INSERT INTO "times" VALUES ( 20055, 12610, '06:54:00', '06:54:00', 20 );
INSERT INTO "times" VALUES ( 20055, 12670, '07:00:00', '07:00:00', 20 );
INSERT INTO "times" VALUES ( 20055, 12680, '07:03:00', '07:03:00', 20 );
INSERT INTO "times" VALUES ( 20055, 12700, '07:06:00', '07:06:00', 20 );
INSERT INTO "times" VALUES ( 20055, 12710, '07:08:00', '07:09:00', 20 );
INSERT INTO "times" VALUES ( 20055, 12740, '07:15:00', '07:15:00', 20 );
INSERT INTO "times" VALUES ( 20055, 12760, '07:19:00', '07:19:00', 20 );
INSERT INTO "times" VALUES ( 20055, 12780, '07:27:00', '07:27:00', 20 );
INSERT INTO "times" VALUES ( 20055, 12800, '07:30:00', '07:30:00', 20 );
INSERT INTO "times" VALUES ( 20055, 12840, '07:34:00', '07:34:00', 20 );
INSERT INTO "times" VALUES ( 20055, 12870, '07:37:00', '07:37:00', 20 );
INSERT INTO "times" VALUES ( 20055, 12880, '07:39:00', '07:39:00', 20 );
INSERT INTO "times" VALUES ( 20055, 12890, '07:41:00', '07:41:00', 20 );
INSERT INTO "times" VALUES ( 20055, 12900, '07:42:00', '07:43:00', 20 );
INSERT INTO "times" VALUES ( 20055, 13510, '07:45:00', '07:45:00', 30 );
INSERT INTO "times" VALUES ( 20055, 13520, '07:48:00', NULL, NULL );

INSERT INTO "dias" VALUES ( 20056, 140, FALSE, TRUE, 'F0700Z', 12510, 13520 );
INSERT INTO "dias_line_groups" VALUES ( 20056, 10 );
INSERT INTO "times" VALUES ( 20056, 12510, NULL, '07:02:00', 20 );
INSERT INTO "times" VALUES ( 20056, 12520, '07:03:00', '07:03:00', 20 );
INSERT INTO "times" VALUES ( 20056, 12530, '07:05:00', '07:05:00', 20 );
INSERT INTO "times" VALUES ( 20056, 12540, '07:09:00', '07:09:00', 20 );
INSERT INTO "times" VALUES ( 20056, 12610, '07:14:00', '07:14:00', 20 );
INSERT INTO "times" VALUES ( 20056, 12670, '07:20:00', '07:20:00', 20 );
INSERT INTO "times" VALUES ( 20056, 12680, '07:23:00', '07:23:00', 20 );
INSERT INTO "times" VALUES ( 20056, 12700, '07:27:00', '07:27:00', 20 );
INSERT INTO "times" VALUES ( 20056, 12710, '07:28:00', '07:29:00', 20 );
INSERT INTO "times" VALUES ( 20056, 12740, '07:35:00', '07:35:00', 20 );
INSERT INTO "times" VALUES ( 20056, 12760, '07:40:00', '07:40:00', 20 );
INSERT INTO "times" VALUES ( 20056, 12780, '07:47:00', '07:47:00', 20 );
INSERT INTO "times" VALUES ( 20056, 12800, '07:50:00', '07:50:00', 20 );
INSERT INTO "times" VALUES ( 20056, 12840, '07:54:00', '07:54:00', 20 );
INSERT INTO "times" VALUES ( 20056, 12870, '07:57:00', '07:57:00', 20 );
INSERT INTO "times" VALUES ( 20056, 12880, '07:59:00', '07:59:00', 20 );
INSERT INTO "times" VALUES ( 20056, 12890, '08:01:00', '08:01:00', 20 );
INSERT INTO "times" VALUES ( 20056, 12900, '08:03:00', '08:03:00', 20 );
INSERT INTO "times" VALUES ( 20056, 13510, '08:05:00', '08:05:00', 30 );
INSERT INTO "times" VALUES ( 20056, 13520, '08:07:00', NULL, NULL );

INSERT INTO "dias" VALUES ( 20057, 140, FALSE, TRUE, 'F0702R', 12510, 12740 );
INSERT INTO "dias_line_groups" VALUES ( 20057, 10 );
INSERT INTO "times" VALUES ( 20057, 12510, NULL, '07:22:00', 20 );
INSERT INTO "times" VALUES ( 20057, 12520, '07:24:00', '07:24:00', 20 );
INSERT INTO "times" VALUES ( 20057, 12530, '07:26:00', '07:26:00', 20 );
INSERT INTO "times" VALUES ( 20057, 12540, '07:29:00', '07:29:00', 20 );
INSERT INTO "times" VALUES ( 20057, 12610, '07:34:00', '07:34:00', 20 );
INSERT INTO "times" VALUES ( 20057, 12670, '07:40:00', '07:40:00', 20 );
INSERT INTO "times" VALUES ( 20057, 12680, '07:43:00', '07:43:00', 20 );
INSERT INTO "times" VALUES ( 20057, 12700, '07:46:00', '07:46:00', 20 );
INSERT INTO "times" VALUES ( 20057, 12710, '07:49:00', '07:49:00', 20 );
INSERT INTO "times" VALUES ( 20057, 12740, '07:54:00', NULL, NULL );

INSERT INTO "dias" VALUES ( 20058, 140, FALSE, TRUE, 'F0704R', 12510, 12740 );
INSERT INTO "dias_line_groups" VALUES ( 20058, 10 );
INSERT INTO "times" VALUES ( 20058, 12510, NULL, '07:52:00', 20 );
INSERT INTO "times" VALUES ( 20058, 12520, '07:53:00', '07:53:00', 20 );
INSERT INTO "times" VALUES ( 20058, 12530, '07:55:00', '07:55:00', 20 );
INSERT INTO "times" VALUES ( 20058, 12540, '07:59:00', '07:59:00', 20 );
INSERT INTO "times" VALUES ( 20058, 12610, '08:04:00', '08:04:00', 20 );
INSERT INTO "times" VALUES ( 20058, 12670, '08:10:00', '08:10:00', 20 );
INSERT INTO "times" VALUES ( 20058, 12680, '08:13:00', '08:13:00', 20 );
INSERT INTO "times" VALUES ( 20058, 12700, '08:16:00', '08:16:00', 20 );
INSERT INTO "times" VALUES ( 20058, 12710, '08:19:00', '08:19:00', 20 );
INSERT INTO "times" VALUES ( 20058, 12740, '08:24:00', NULL, NULL );

INSERT INTO "dias" VALUES ( 20059, 140, FALSE, TRUE, 'F0800R', 12510, 12740 );
INSERT INTO "dias_line_groups" VALUES ( 20059, 10 );
INSERT INTO "times" VALUES ( 20059, 12510, NULL, '08:22:00', 20 );
INSERT INTO "times" VALUES ( 20059, 12520, '08:24:00', '08:24:00', 20 );
INSERT INTO "times" VALUES ( 20059, 12530, '08:26:00', '08:26:00', 20 );
INSERT INTO "times" VALUES ( 20059, 12540, '08:29:00', '08:29:00', 20 );
INSERT INTO "times" VALUES ( 20059, 12610, '08:34:00', '08:34:00', 20 );
INSERT INTO "times" VALUES ( 20059, 12670, '08:40:00', '08:40:00', 20 );
INSERT INTO "times" VALUES ( 20059, 12680, '08:43:00', '08:44:00', 20 );
INSERT INTO "times" VALUES ( 20059, 12700, '08:47:00', '08:47:00', 20 );
INSERT INTO "times" VALUES ( 20059, 12710, '08:49:00', '08:49:00', 20 );
INSERT INTO "times" VALUES ( 20059, 12740, '08:54:00', NULL, NULL );

INSERT INTO "dias" VALUES ( 20060, 140, FALSE, TRUE, 'F0801A', 12740, 12510 );
INSERT INTO "dias_line_groups" VALUES ( 20060, 10 );
INSERT INTO "times" VALUES ( 20060, 12510, '09:05:00', NULL, NULL );
INSERT INTO "times" VALUES ( 20060, 12520, '09:03:00', '09:03:00', 20 );
INSERT INTO "times" VALUES ( 20060, 12530, '09:01:00', '09:01:00', 20 );
INSERT INTO "times" VALUES ( 20060, 12540, '08:58:00', '08:58:00', 20 );
INSERT INTO "times" VALUES ( 20060, 12610, '08:53:00', '08:53:00', 20 );
INSERT INTO "times" VALUES ( 20060, 12670, '08:46:00', '08:46:00', 20 );
INSERT INTO "times" VALUES ( 20060, 12680, '08:43:00', '08:43:00', 20 );
INSERT INTO "times" VALUES ( 20060, 12700, '08:39:00', '08:39:00', 20 );
INSERT INTO "times" VALUES ( 20060, 12710, '08:37:00', '08:37:00', 20 );
INSERT INTO "times" VALUES ( 20060, 12740, NULL, '08:31:00', 20 );

INSERT INTO "dias" VALUES ( 20061, 140, FALSE, TRUE, 'F0803A', 12740, 12510 );
INSERT INTO "dias_line_groups" VALUES ( 20061, 10 );
INSERT INTO "times" VALUES ( 20061, 12510, '09:28:00', NULL, NULL );
INSERT INTO "times" VALUES ( 20061, 12520, '09:26:00', '09:26:00', 20 );
INSERT INTO "times" VALUES ( 20061, 12530, '09:25:00', '09:25:00', 20 );
INSERT INTO "times" VALUES ( 20061, 12540, '09:22:00', '09:22:00', 20 );
INSERT INTO "times" VALUES ( 20061, 12610, '09:17:00', '09:17:00', 20 );
INSERT INTO "times" VALUES ( 20061, 12670, '09:10:00', '09:10:00', 20 );
INSERT INTO "times" VALUES ( 20061, 12680, '09:07:00', '09:07:00', 20 );
INSERT INTO "times" VALUES ( 20061, 12700, '09:04:00', '09:04:00', 20 );
INSERT INTO "times" VALUES ( 20061, 12710, '09:02:00', '09:02:00', 20 );
INSERT INTO "times" VALUES ( 20061, 12740, NULL, '08:55:00', 20 );

INSERT INTO "dias" VALUES ( 20062, 140, FALSE, TRUE, 'F0900R', 12510, 12740 );
INSERT INTO "dias_line_groups" VALUES ( 20062, 10 );
INSERT INTO "times" VALUES ( 20062, 12510, NULL, '09:32:00', 20 );
INSERT INTO "times" VALUES ( 20062, 12520, '09:34:00', '09:34:00', 20 );
INSERT INTO "times" VALUES ( 20062, 12530, '09:36:00', '09:36:00', 20 );
INSERT INTO "times" VALUES ( 20062, 12540, '09:39:00', '09:39:00', 20 );
INSERT INTO "times" VALUES ( 20062, 12610, '09:44:00', '09:44:00', 20 );
INSERT INTO "times" VALUES ( 20062, 12670, '09:50:00', '09:50:00', 20 );
INSERT INTO "times" VALUES ( 20062, 12680, '09:53:00', '09:53:00', 20 );
INSERT INTO "times" VALUES ( 20062, 12700, '09:56:00', '09:56:00', 20 );
INSERT INTO "times" VALUES ( 20062, 12710, '09:59:00', '09:59:00', 20 );
INSERT INTO "times" VALUES ( 20062, 12740, '10:04:00', NULL, NULL );

INSERT INTO "dias" VALUES ( 20063, 140, FALSE, TRUE, 'F0901A', 12740, 12510 );
INSERT INTO "dias_line_groups" VALUES ( 20063, 10 );
INSERT INTO "times" VALUES ( 20063, 12510, '09:48:00', NULL, NULL );
INSERT INTO "times" VALUES ( 20063, 12520, '09:46:00', '09:46:00', 20 );
INSERT INTO "times" VALUES ( 20063, 12530, '09:45:00', '09:45:00', 20 );
INSERT INTO "times" VALUES ( 20063, 12540, '09:42:00', '09:42:00', 20 );
INSERT INTO "times" VALUES ( 20063, 12610, '09:37:00', '09:37:00', 20 );
INSERT INTO "times" VALUES ( 20063, 12670, '09:30:00', '09:30:00', 20 );
INSERT INTO "times" VALUES ( 20063, 12680, '09:27:00', '09:27:00', 20 );
INSERT INTO "times" VALUES ( 20063, 12700, '09:24:00', '09:24:00', 20 );
INSERT INTO "times" VALUES ( 20063, 12710, '09:22:00', '09:22:00', 20 );
INSERT INTO "times" VALUES ( 20063, 12740, NULL, '09:15:00', 20 );

INSERT INTO "dias" VALUES ( 20064, 140, FALSE, TRUE, 'F0903A', 12740, 12510 );
INSERT INTO "dias_line_groups" VALUES ( 20064, 10 );
INSERT INTO "times" VALUES ( 20064, 12510, '09:58:00', NULL, NULL );
INSERT INTO "times" VALUES ( 20064, 12520, '09:56:00', '09:56:00', 20 );
INSERT INTO "times" VALUES ( 20064, 12530, '09:55:00', '09:55:00', 20 );
INSERT INTO "times" VALUES ( 20064, 12540, '09:52:00', '09:52:00', 20 );
INSERT INTO "times" VALUES ( 20064, 12610, '09:47:00', '09:47:00', 20 );
INSERT INTO "times" VALUES ( 20064, 12670, '09:40:00', '09:40:00', 20 );
INSERT INTO "times" VALUES ( 20064, 12680, '09:37:00', '09:37:00', 20 );
INSERT INTO "times" VALUES ( 20064, 12700, '09:34:00', '09:34:00', 20 );
INSERT INTO "times" VALUES ( 20064, 12710, '09:32:00', '09:32:00', 20 );
INSERT INTO "times" VALUES ( 20064, 12740, NULL, '09:25:00', 20 );

INSERT INTO "dias" VALUES ( 20065, 140, FALSE, TRUE, 'F0905A', 12740, 12510 );
INSERT INTO "dias_line_groups" VALUES ( 20065, 10 );
INSERT INTO "times" VALUES ( 20065, 12510, '10:18:00', NULL, NULL );
INSERT INTO "times" VALUES ( 20065, 12520, '10:16:00', '10:16:00', 20 );
INSERT INTO "times" VALUES ( 20065, 12530, '10:15:00', '10:15:00', 20 );
INSERT INTO "times" VALUES ( 20065, 12540, '10:12:00', '10:12:00', 20 );
INSERT INTO "times" VALUES ( 20065, 12610, '10:07:00', '10:07:00', 20 );
INSERT INTO "times" VALUES ( 20065, 12670, '10:00:00', '10:00:00', 20 );
INSERT INTO "times" VALUES ( 20065, 12680, '09:57:00', '09:57:00', 20 );
INSERT INTO "times" VALUES ( 20065, 12700, '09:53:00', '09:53:00', 20 );
INSERT INTO "times" VALUES ( 20065, 12710, '09:52:00', '09:52:00', 20 );
INSERT INTO "times" VALUES ( 20065, 12740, NULL, '09:46:00', 20 );

INSERT INTO "dias" VALUES ( 20066, 140, FALSE, TRUE, 'F0907A', 12740, 12510 );
INSERT INTO "dias_line_groups" VALUES ( 20066, 10 );
INSERT INTO "times" VALUES ( 20066, 12510, '10:28:00', NULL, NULL );
INSERT INTO "times" VALUES ( 20066, 12520, '10:26:00', '10:26:00', 20 );
INSERT INTO "times" VALUES ( 20066, 12530, '10:25:00', '10:25:00', 20 );
INSERT INTO "times" VALUES ( 20066, 12540, '10:22:00', '10:22:00', 20 );
INSERT INTO "times" VALUES ( 20066, 12610, '10:17:00', '10:17:00', 20 );
INSERT INTO "times" VALUES ( 20066, 12670, '10:10:00', '10:10:00', 20 );
INSERT INTO "times" VALUES ( 20066, 12680, '10:07:00', '10:07:00', 20 );
INSERT INTO "times" VALUES ( 20066, 12700, '10:04:00', '10:04:00', 20 );
INSERT INTO "times" VALUES ( 20066, 12710, '10:02:00', '10:02:00', 20 );
INSERT INTO "times" VALUES ( 20066, 12740, NULL, '09:55:00', 20 );

INSERT INTO "dias" VALUES ( 20067, 140, FALSE, TRUE, 'F1000R', 12510, 12740 );
INSERT INTO "dias_line_groups" VALUES ( 20067, 10 );
INSERT INTO "times" VALUES ( 20067, 12510, NULL, '10:03:00', 20 );
INSERT INTO "times" VALUES ( 20067, 12520, '10:04:00', '10:04:00', 20 );
INSERT INTO "times" VALUES ( 20067, 12530, '10:06:00', '10:06:00', 20 );
INSERT INTO "times" VALUES ( 20067, 12540, '10:10:00', '10:10:00', 20 );
INSERT INTO "times" VALUES ( 20067, 12610, '10:15:00', '10:15:00', 20 );
INSERT INTO "times" VALUES ( 20067, 12670, '10:20:00', '10:20:00', 20 );
INSERT INTO "times" VALUES ( 20067, 12680, '10:24:00', '10:24:00', 20 );
INSERT INTO "times" VALUES ( 20067, 12700, '10:27:00', '10:27:00', 20 );
INSERT INTO "times" VALUES ( 20067, 12710, '10:29:00', '10:29:00', 20 );
INSERT INTO "times" VALUES ( 20067, 12740, '10:34:00', NULL, NULL );

INSERT INTO "dias" VALUES ( 20068, 140, FALSE, TRUE, 'F1001A', 12740, 12510 );
INSERT INTO "dias_line_groups" VALUES ( 20068, 10 );
INSERT INTO "times" VALUES ( 20068, 12510, '10:49:00', NULL, NULL );
INSERT INTO "times" VALUES ( 20068, 12520, '10:47:00', '10:47:00', 20 );
INSERT INTO "times" VALUES ( 20068, 12530, '10:45:00', '10:45:00', 20 );
INSERT INTO "times" VALUES ( 20068, 12540, '10:42:00', '10:42:00', 20 );
INSERT INTO "times" VALUES ( 20068, 12610, '10:37:00', '10:37:00', 20 );
INSERT INTO "times" VALUES ( 20068, 12670, '10:31:00', '10:31:00', 20 );
INSERT INTO "times" VALUES ( 20068, 12680, '10:28:00', '10:28:00', 20 );
INSERT INTO "times" VALUES ( 20068, 12700, '10:24:00', '10:24:00', 20 );
INSERT INTO "times" VALUES ( 20068, 12710, '10:22:00', '10:22:00', 20 );
INSERT INTO "times" VALUES ( 20068, 12740, NULL, '10:16:00', 20 );

INSERT INTO "dias" VALUES ( 20069, 140, FALSE, TRUE, 'F1002R', 12510, 12740 );
INSERT INTO "dias_line_groups" VALUES ( 20069, 10 );
INSERT INTO "times" VALUES ( 20069, 12510, NULL, '10:33:00', 20 );
INSERT INTO "times" VALUES ( 20069, 12520, '10:34:00', '10:34:00', 20 );
INSERT INTO "times" VALUES ( 20069, 12530, '10:36:00', '10:36:00', 20 );
INSERT INTO "times" VALUES ( 20069, 12540, '10:40:00', '10:40:00', 20 );
INSERT INTO "times" VALUES ( 20069, 12610, '10:45:00', '10:45:00', 20 );
INSERT INTO "times" VALUES ( 20069, 12670, '10:50:00', '10:50:00', 20 );
INSERT INTO "times" VALUES ( 20069, 12680, '10:54:00', '10:54:00', 20 );
INSERT INTO "times" VALUES ( 20069, 12700, '10:57:00', '10:57:00', 20 );
INSERT INTO "times" VALUES ( 20069, 12710, '10:59:00', '10:59:00', 20 );
INSERT INTO "times" VALUES ( 20069, 12740, '11:04:00', NULL, NULL );

INSERT INTO "dias" VALUES ( 20070, 140, FALSE, TRUE, 'F1003A', 12740, 12510 );
INSERT INTO "dias_line_groups" VALUES ( 20070, 10 );
INSERT INTO "times" VALUES ( 20070, 12510, '11:19:00', NULL, NULL );
INSERT INTO "times" VALUES ( 20070, 12520, '11:17:00', '11:17:00', 20 );
INSERT INTO "times" VALUES ( 20070, 12530, '11:15:00', '11:15:00', 20 );
INSERT INTO "times" VALUES ( 20070, 12540, '11:13:00', '11:13:00', 20 );
INSERT INTO "times" VALUES ( 20070, 12610, '11:08:00', '11:08:00', 20 );
INSERT INTO "times" VALUES ( 20070, 12670, '11:01:00', '11:01:00', 20 );
INSERT INTO "times" VALUES ( 20070, 12680, '10:58:00', '10:58:00', 20 );
INSERT INTO "times" VALUES ( 20070, 12700, '10:55:00', '10:55:00', 20 );
INSERT INTO "times" VALUES ( 20070, 12710, '10:53:00', '10:53:00', 20 );
INSERT INTO "times" VALUES ( 20070, 12740, NULL, '10:46:00', 20 );

INSERT INTO "dias" VALUES ( 20071, 140, FALSE, TRUE, 'F1100R', 12510, 12740 );
INSERT INTO "dias_line_groups" VALUES ( 20071, 10 );
INSERT INTO "times" VALUES ( 20071, 12510, NULL, '11:23:00', 20 );
INSERT INTO "times" VALUES ( 20071, 12520, '11:24:00', '11:24:00', 20 );
INSERT INTO "times" VALUES ( 20071, 12530, '11:26:00', '11:26:00', 20 );
INSERT INTO "times" VALUES ( 20071, 12540, '11:30:00', '11:30:00', 20 );
INSERT INTO "times" VALUES ( 20071, 12610, '11:35:00', '11:35:00', 20 );
INSERT INTO "times" VALUES ( 20071, 12670, '11:41:00', '11:41:00', 20 );
INSERT INTO "times" VALUES ( 20071, 12680, '11:44:00', '11:44:00', 20 );
INSERT INTO "times" VALUES ( 20071, 12700, '11:47:00', '11:47:00', 20 );
INSERT INTO "times" VALUES ( 20071, 12710, '11:49:00', '11:49:00', 20 );
INSERT INTO "times" VALUES ( 20071, 12740, '11:54:00', NULL, NULL );

INSERT INTO "dias" VALUES ( 20072, 140, FALSE, TRUE, 'F1101A', 12740, 12510 );
INSERT INTO "dias_line_groups" VALUES ( 20072, 10 );
INSERT INTO "times" VALUES ( 20072, 12510, '11:49:00', NULL, NULL );
INSERT INTO "times" VALUES ( 20072, 12520, '11:47:00', '11:47:00', 20 );
INSERT INTO "times" VALUES ( 20072, 12530, '11:45:00', '11:45:00', 20 );
INSERT INTO "times" VALUES ( 20072, 12540, '11:43:00', '11:43:00', 20 );
INSERT INTO "times" VALUES ( 20072, 12610, '11:38:00', '11:38:00', 20 );
INSERT INTO "times" VALUES ( 20072, 12670, '11:31:00', '11:31:00', 20 );
INSERT INTO "times" VALUES ( 20072, 12680, '11:28:00', '11:28:00', 20 );
INSERT INTO "times" VALUES ( 20072, 12700, '11:25:00', '11:25:00', 20 );
INSERT INTO "times" VALUES ( 20072, 12710, '11:23:00', '11:23:00', 20 );
INSERT INTO "times" VALUES ( 20072, 12740, NULL, '11:16:00', 20 );

INSERT INTO "dias" VALUES ( 20073, 140, FALSE, TRUE, 'F1102R', 12510, 12740 );
INSERT INTO "dias_line_groups" VALUES ( 20073, 10 );
INSERT INTO "times" VALUES ( 20073, 12510, NULL, '11:53:00', 20 );
INSERT INTO "times" VALUES ( 20073, 12520, '11:54:00', '11:54:00', 20 );
INSERT INTO "times" VALUES ( 20073, 12530, '11:56:00', '11:56:00', 20 );
INSERT INTO "times" VALUES ( 20073, 12540, '12:00:00', '12:00:00', 20 );
INSERT INTO "times" VALUES ( 20073, 12610, '12:05:00', '12:05:00', 20 );
INSERT INTO "times" VALUES ( 20073, 12670, '12:11:00', '12:11:00', 20 );
INSERT INTO "times" VALUES ( 20073, 12680, '12:14:00', '12:14:00', 20 );
INSERT INTO "times" VALUES ( 20073, 12700, '12:17:00', '12:17:00', 20 );
INSERT INTO "times" VALUES ( 20073, 12710, '12:19:00', '12:19:00', 20 );
INSERT INTO "times" VALUES ( 20073, 12740, '12:24:00', NULL, NULL );

INSERT INTO "dias" VALUES ( 20074, 140, FALSE, TRUE, 'F1103A', 12740, 12510 );
INSERT INTO "dias_line_groups" VALUES ( 20074, 10 );
INSERT INTO "times" VALUES ( 20074, 12510, '12:19:00', NULL, NULL );
INSERT INTO "times" VALUES ( 20074, 12520, '12:17:00', '12:17:00', 20 );
INSERT INTO "times" VALUES ( 20074, 12530, '12:15:00', '12:15:00', 20 );
INSERT INTO "times" VALUES ( 20074, 12540, '12:13:00', '12:13:00', 20 );
INSERT INTO "times" VALUES ( 20074, 12610, '12:08:00', '12:08:00', 20 );
INSERT INTO "times" VALUES ( 20074, 12670, '12:01:00', '12:01:00', 20 );
INSERT INTO "times" VALUES ( 20074, 12680, '11:58:00', '11:58:00', 20 );
INSERT INTO "times" VALUES ( 20074, 12700, '11:55:00', '11:55:00', 20 );
INSERT INTO "times" VALUES ( 20074, 12710, '11:53:00', '11:53:00', 20 );
INSERT INTO "times" VALUES ( 20074, 12740, NULL, '11:47:00', 20 );

INSERT INTO "dias" VALUES ( 20075, 140, FALSE, TRUE, 'F1200R', 12510, 12740 );
INSERT INTO "dias_line_groups" VALUES ( 20075, 10 );
INSERT INTO "times" VALUES ( 20075, 12510, NULL, '12:23:00', 20 );
INSERT INTO "times" VALUES ( 20075, 12520, '12:24:00', '12:24:00', 20 );
INSERT INTO "times" VALUES ( 20075, 12530, '12:26:00', '12:26:00', 20 );
INSERT INTO "times" VALUES ( 20075, 12540, '12:30:00', '12:30:00', 20 );
INSERT INTO "times" VALUES ( 20075, 12610, '12:35:00', '12:35:00', 20 );
INSERT INTO "times" VALUES ( 20075, 12670, '12:41:00', '12:41:00', 20 );
INSERT INTO "times" VALUES ( 20075, 12680, '12:44:00', '12:44:00', 20 );
INSERT INTO "times" VALUES ( 20075, 12700, '12:47:00', '12:47:00', 20 );
INSERT INTO "times" VALUES ( 20075, 12710, '12:49:00', '12:49:00', 20 );
INSERT INTO "times" VALUES ( 20075, 12740, '12:54:00', NULL, NULL );

INSERT INTO "dias" VALUES ( 20076, 140, FALSE, TRUE, 'F1201A', 12740, 12510 );
INSERT INTO "dias_line_groups" VALUES ( 20076, 10 );
INSERT INTO "times" VALUES ( 20076, 12510, '12:48:00', NULL, NULL );
INSERT INTO "times" VALUES ( 20076, 12520, '12:46:00', '12:46:00', 20 );
INSERT INTO "times" VALUES ( 20076, 12530, '12:45:00', '12:45:00', 20 );
INSERT INTO "times" VALUES ( 20076, 12540, '12:42:00', '12:42:00', 20 );
INSERT INTO "times" VALUES ( 20076, 12610, '12:37:00', '12:37:00', 20 );
INSERT INTO "times" VALUES ( 20076, 12670, '12:30:00', '12:30:00', 20 );
INSERT INTO "times" VALUES ( 20076, 12680, '12:28:00', '12:28:00', 20 );
INSERT INTO "times" VALUES ( 20076, 12700, '12:24:00', '12:24:00', 20 );
INSERT INTO "times" VALUES ( 20076, 12710, '12:22:00', '12:22:00', 20 );
INSERT INTO "times" VALUES ( 20076, 12740, NULL, '12:15:00', 20 );

INSERT INTO "dias" VALUES ( 20077, 140, FALSE, TRUE, 'F1202R', 12510, 12740 );
INSERT INTO "dias_line_groups" VALUES ( 20077, 10 );
INSERT INTO "times" VALUES ( 20077, 12510, NULL, '12:53:00', 20 );
INSERT INTO "times" VALUES ( 20077, 12520, '12:54:00', '12:54:00', 20 );
INSERT INTO "times" VALUES ( 20077, 12530, '12:56:00', '12:56:00', 20 );
INSERT INTO "times" VALUES ( 20077, 12540, '13:00:00', '13:00:00', 20 );
INSERT INTO "times" VALUES ( 20077, 12610, '13:05:00', '13:05:00', 20 );
INSERT INTO "times" VALUES ( 20077, 12670, '13:11:00', '13:11:00', 20 );
INSERT INTO "times" VALUES ( 20077, 12680, '13:14:00', '13:14:00', 20 );
INSERT INTO "times" VALUES ( 20077, 12700, '13:17:00', '13:17:00', 20 );
INSERT INTO "times" VALUES ( 20077, 12710, '13:19:00', '13:19:00', 20 );
INSERT INTO "times" VALUES ( 20077, 12740, '13:24:00', NULL, NULL );

INSERT INTO "dias" VALUES ( 20078, 140, FALSE, TRUE, 'F1203A', 12740, 12510 );
INSERT INTO "dias_line_groups" VALUES ( 20078, 10 );
INSERT INTO "times" VALUES ( 20078, 12510, '13:18:00', NULL, NULL );
INSERT INTO "times" VALUES ( 20078, 12520, '13:16:00', '13:16:00', 20 );
INSERT INTO "times" VALUES ( 20078, 12530, '13:15:00', '13:15:00', 20 );
INSERT INTO "times" VALUES ( 20078, 12540, '13:12:00', '13:12:00', 20 );
INSERT INTO "times" VALUES ( 20078, 12610, '13:07:00', '13:07:00', 20 );
INSERT INTO "times" VALUES ( 20078, 12670, '13:00:00', '13:00:00', 20 );
INSERT INTO "times" VALUES ( 20078, 12680, '12:58:00', '12:58:00', 20 );
INSERT INTO "times" VALUES ( 20078, 12700, '12:54:00', '12:54:00', 20 );
INSERT INTO "times" VALUES ( 20078, 12710, '12:52:00', '12:52:00', 20 );
INSERT INTO "times" VALUES ( 20078, 12740, NULL, '12:45:00', 20 );

INSERT INTO "dias" VALUES ( 20079, 140, FALSE, TRUE, 'F1300R', 12510, 12740 );
INSERT INTO "dias_line_groups" VALUES ( 20079, 10 );
INSERT INTO "times" VALUES ( 20079, 12510, NULL, '13:23:00', 20 );
INSERT INTO "times" VALUES ( 20079, 12520, '13:24:00', '13:24:00', 20 );
INSERT INTO "times" VALUES ( 20079, 12530, '13:26:00', '13:26:00', 20 );
INSERT INTO "times" VALUES ( 20079, 12540, '13:30:00', '13:30:00', 20 );
INSERT INTO "times" VALUES ( 20079, 12610, '13:35:00', '13:35:00', 20 );
INSERT INTO "times" VALUES ( 20079, 12670, '13:41:00', '13:41:00', 20 );
INSERT INTO "times" VALUES ( 20079, 12680, '13:44:00', '13:44:00', 20 );
INSERT INTO "times" VALUES ( 20079, 12700, '13:47:00', '13:47:00', 20 );
INSERT INTO "times" VALUES ( 20079, 12710, '13:49:00', '13:49:00', 20 );
INSERT INTO "times" VALUES ( 20079, 12740, '13:54:00', NULL, NULL );

INSERT INTO "dias" VALUES ( 20080, 140, FALSE, TRUE, 'F1301A', 12740, 12510 );
INSERT INTO "dias_line_groups" VALUES ( 20080, 10 );
INSERT INTO "times" VALUES ( 20080, 12510, '13:48:00', NULL, NULL );
INSERT INTO "times" VALUES ( 20080, 12520, '13:46:00', '13:46:00', 20 );
INSERT INTO "times" VALUES ( 20080, 12530, '13:45:00', '13:45:00', 20 );
INSERT INTO "times" VALUES ( 20080, 12540, '13:42:00', '13:42:00', 20 );
INSERT INTO "times" VALUES ( 20080, 12610, '13:37:00', '13:37:00', 20 );
INSERT INTO "times" VALUES ( 20080, 12670, '13:30:00', '13:30:00', 20 );
INSERT INTO "times" VALUES ( 20080, 12680, '13:28:00', '13:28:00', 20 );
INSERT INTO "times" VALUES ( 20080, 12700, '13:24:00', '13:24:00', 20 );
INSERT INTO "times" VALUES ( 20080, 12710, '13:22:00', '13:22:00', 20 );
INSERT INTO "times" VALUES ( 20080, 12740, NULL, '13:15:00', 20 );

INSERT INTO "dias" VALUES ( 20081, 140, FALSE, TRUE, 'F1302R', 12510, 12740 );
INSERT INTO "dias_line_groups" VALUES ( 20081, 10 );
INSERT INTO "times" VALUES ( 20081, 12510, NULL, '13:53:00', 20 );
INSERT INTO "times" VALUES ( 20081, 12520, '13:54:00', '13:54:00', 20 );
INSERT INTO "times" VALUES ( 20081, 12530, '13:56:00', '13:56:00', 20 );
INSERT INTO "times" VALUES ( 20081, 12540, '14:00:00', '14:00:00', 20 );
INSERT INTO "times" VALUES ( 20081, 12610, '14:05:00', '14:05:00', 20 );
INSERT INTO "times" VALUES ( 20081, 12670, '14:11:00', '14:11:00', 20 );
INSERT INTO "times" VALUES ( 20081, 12680, '14:14:00', '14:14:00', 20 );
INSERT INTO "times" VALUES ( 20081, 12700, '14:17:00', '14:17:00', 20 );
INSERT INTO "times" VALUES ( 20081, 12710, '14:19:00', '14:19:00', 20 );
INSERT INTO "times" VALUES ( 20081, 12740, '14:24:00', NULL, NULL );

INSERT INTO "dias" VALUES ( 20082, 140, FALSE, TRUE, 'F1303A', 12740, 12510 );
INSERT INTO "dias_line_groups" VALUES ( 20082, 10 );
INSERT INTO "times" VALUES ( 20082, 12510, '14:18:00', NULL, NULL );
INSERT INTO "times" VALUES ( 20082, 12520, '14:16:00', '14:16:00', 20 );
INSERT INTO "times" VALUES ( 20082, 12530, '14:15:00', '14:15:00', 20 );
INSERT INTO "times" VALUES ( 20082, 12540, '14:12:00', '14:12:00', 20 );
INSERT INTO "times" VALUES ( 20082, 12610, '14:07:00', '14:07:00', 20 );
INSERT INTO "times" VALUES ( 20082, 12670, '14:00:00', '14:00:00', 20 );
INSERT INTO "times" VALUES ( 20082, 12680, '13:58:00', '13:58:00', 20 );
INSERT INTO "times" VALUES ( 20082, 12700, '13:54:00', '13:54:00', 20 );
INSERT INTO "times" VALUES ( 20082, 12710, '13:52:00', '13:52:00', 20 );
INSERT INTO "times" VALUES ( 20082, 12740, NULL, '13:45:00', 20 );

INSERT INTO "dias" VALUES ( 20083, 140, FALSE, TRUE, 'F1400R', 12510, 12740 );
INSERT INTO "dias_line_groups" VALUES ( 20083, 10 );
INSERT INTO "times" VALUES ( 20083, 12510, NULL, '14:23:00', 20 );
INSERT INTO "times" VALUES ( 20083, 12520, '14:24:00', '14:24:00', 20 );
INSERT INTO "times" VALUES ( 20083, 12530, '14:26:00', '14:26:00', 20 );
INSERT INTO "times" VALUES ( 20083, 12540, '14:30:00', '14:30:00', 20 );
INSERT INTO "times" VALUES ( 20083, 12610, '14:35:00', '14:35:00', 20 );
INSERT INTO "times" VALUES ( 20083, 12670, '14:41:00', '14:41:00', 20 );
INSERT INTO "times" VALUES ( 20083, 12680, '14:44:00', '14:44:00', 20 );
INSERT INTO "times" VALUES ( 20083, 12700, '14:47:00', '14:47:00', 20 );
INSERT INTO "times" VALUES ( 20083, 12710, '14:49:00', '14:49:00', 20 );
INSERT INTO "times" VALUES ( 20083, 12740, '14:54:00', NULL, NULL );

INSERT INTO "dias" VALUES ( 20084, 140, FALSE, TRUE, 'F1401A', 12740, 12510 );
INSERT INTO "dias_line_groups" VALUES ( 20084, 10 );
INSERT INTO "times" VALUES ( 20084, 12510, '14:48:00', NULL, NULL );
INSERT INTO "times" VALUES ( 20084, 12520, '14:46:00', '14:46:00', 20 );
INSERT INTO "times" VALUES ( 20084, 12530, '14:45:00', '14:45:00', 20 );
INSERT INTO "times" VALUES ( 20084, 12540, '14:42:00', '14:42:00', 20 );
INSERT INTO "times" VALUES ( 20084, 12610, '14:37:00', '14:37:00', 20 );
INSERT INTO "times" VALUES ( 20084, 12670, '14:30:00', '14:30:00', 20 );
INSERT INTO "times" VALUES ( 20084, 12680, '14:28:00', '14:28:00', 20 );
INSERT INTO "times" VALUES ( 20084, 12700, '14:24:00', '14:24:00', 20 );
INSERT INTO "times" VALUES ( 20084, 12710, '14:22:00', '14:22:00', 20 );
INSERT INTO "times" VALUES ( 20084, 12740, NULL, '14:15:00', 20 );

INSERT INTO "dias" VALUES ( 20085, 140, FALSE, TRUE, 'F1402R', 12510, 12740 );
INSERT INTO "dias_line_groups" VALUES ( 20085, 10 );
INSERT INTO "times" VALUES ( 20085, 12510, NULL, '14:53:00', 20 );
INSERT INTO "times" VALUES ( 20085, 12520, '14:54:00', '14:54:00', 20 );
INSERT INTO "times" VALUES ( 20085, 12530, '14:56:00', '14:56:00', 20 );
INSERT INTO "times" VALUES ( 20085, 12540, '15:00:00', '15:00:00', 20 );
INSERT INTO "times" VALUES ( 20085, 12610, '15:05:00', '15:05:00', 20 );
INSERT INTO "times" VALUES ( 20085, 12670, '15:11:00', '15:11:00', 20 );
INSERT INTO "times" VALUES ( 20085, 12680, '15:14:00', '15:14:00', 20 );
INSERT INTO "times" VALUES ( 20085, 12700, '15:17:00', '15:17:00', 20 );
INSERT INTO "times" VALUES ( 20085, 12710, '15:19:00', '15:19:00', 20 );
INSERT INTO "times" VALUES ( 20085, 12740, '15:24:00', NULL, NULL );

INSERT INTO "dias" VALUES ( 20086, 140, FALSE, TRUE, 'F1403A', 12740, 12510 );
INSERT INTO "dias_line_groups" VALUES ( 20086, 10 );
INSERT INTO "times" VALUES ( 20086, 12510, '15:18:00', NULL, NULL );
INSERT INTO "times" VALUES ( 20086, 12520, '15:16:00', '15:16:00', 20 );
INSERT INTO "times" VALUES ( 20086, 12530, '15:15:00', '15:15:00', 20 );
INSERT INTO "times" VALUES ( 20086, 12540, '15:12:00', '15:12:00', 20 );
INSERT INTO "times" VALUES ( 20086, 12610, '15:07:00', '15:07:00', 20 );
INSERT INTO "times" VALUES ( 20086, 12670, '15:00:00', '15:00:00', 20 );
INSERT INTO "times" VALUES ( 20086, 12680, '14:58:00', '14:58:00', 20 );
INSERT INTO "times" VALUES ( 20086, 12700, '14:54:00', '14:54:00', 20 );
INSERT INTO "times" VALUES ( 20086, 12710, '14:52:00', '14:52:00', 20 );
INSERT INTO "times" VALUES ( 20086, 12740, NULL, '14:45:00', 20 );

INSERT INTO "dias" VALUES ( 20087, 140, FALSE, TRUE, 'F1500R', 12510, 12740 );
INSERT INTO "dias_line_groups" VALUES ( 20087, 10 );
INSERT INTO "times" VALUES ( 20087, 12510, NULL, '15:23:00', 20 );
INSERT INTO "times" VALUES ( 20087, 12520, '15:24:00', '15:24:00', 20 );
INSERT INTO "times" VALUES ( 20087, 12530, '15:26:00', '15:26:00', 20 );
INSERT INTO "times" VALUES ( 20087, 12540, '15:30:00', '15:30:00', 20 );
INSERT INTO "times" VALUES ( 20087, 12610, '15:35:00', '15:35:00', 20 );
INSERT INTO "times" VALUES ( 20087, 12670, '15:41:00', '15:41:00', 20 );
INSERT INTO "times" VALUES ( 20087, 12680, '15:44:00', '15:44:00', 20 );
INSERT INTO "times" VALUES ( 20087, 12700, '15:47:00', '15:47:00', 20 );
INSERT INTO "times" VALUES ( 20087, 12710, '15:49:00', '15:49:00', 20 );
INSERT INTO "times" VALUES ( 20087, 12740, '15:54:00', NULL, NULL );

INSERT INTO "dias" VALUES ( 20088, 140, FALSE, TRUE, 'F1501A', 12740, 12510 );
INSERT INTO "dias_line_groups" VALUES ( 20088, 10 );
INSERT INTO "times" VALUES ( 20088, 12510, '15:48:00', NULL, NULL );
INSERT INTO "times" VALUES ( 20088, 12520, '15:46:00', '15:46:00', 20 );
INSERT INTO "times" VALUES ( 20088, 12530, '15:45:00', '15:45:00', 20 );
INSERT INTO "times" VALUES ( 20088, 12540, '15:42:00', '15:42:00', 20 );
INSERT INTO "times" VALUES ( 20088, 12610, '15:37:00', '15:37:00', 20 );
INSERT INTO "times" VALUES ( 20088, 12670, '15:30:00', '15:30:00', 20 );
INSERT INTO "times" VALUES ( 20088, 12680, '15:28:00', '15:28:00', 20 );
INSERT INTO "times" VALUES ( 20088, 12700, '15:24:00', '15:24:00', 20 );
INSERT INTO "times" VALUES ( 20088, 12710, '15:22:00', '15:22:00', 20 );
INSERT INTO "times" VALUES ( 20088, 12740, NULL, '15:15:00', 20 );

INSERT INTO "dias" VALUES ( 20089, 140, FALSE, TRUE, 'F1502R', 12510, 12740 );
INSERT INTO "dias_line_groups" VALUES ( 20089, 10 );
INSERT INTO "times" VALUES ( 20089, 12510, NULL, '15:53:00', 20 );
INSERT INTO "times" VALUES ( 20089, 12520, '15:54:00', '15:54:00', 20 );
INSERT INTO "times" VALUES ( 20089, 12530, '15:56:00', '15:56:00', 20 );
INSERT INTO "times" VALUES ( 20089, 12540, '16:00:00', '16:00:00', 20 );
INSERT INTO "times" VALUES ( 20089, 12610, '16:05:00', '16:05:00', 20 );
INSERT INTO "times" VALUES ( 20089, 12670, '16:11:00', '16:11:00', 20 );
INSERT INTO "times" VALUES ( 20089, 12680, '16:14:00', '16:14:00', 20 );
INSERT INTO "times" VALUES ( 20089, 12700, '16:17:00', '16:17:00', 20 );
INSERT INTO "times" VALUES ( 20089, 12710, '16:19:00', '16:19:00', 20 );
INSERT INTO "times" VALUES ( 20089, 12740, '16:24:00', NULL, NULL );

INSERT INTO "dias" VALUES ( 20090, 140, FALSE, TRUE, 'F1503A', 12740, 12510 );
INSERT INTO "dias_line_groups" VALUES ( 20090, 10 );
INSERT INTO "times" VALUES ( 20090, 12510, '16:18:00', NULL, NULL );
INSERT INTO "times" VALUES ( 20090, 12520, '16:16:00', '16:16:00', 20 );
INSERT INTO "times" VALUES ( 20090, 12530, '16:15:00', '16:15:00', 20 );
INSERT INTO "times" VALUES ( 20090, 12540, '16:12:00', '16:12:00', 20 );
INSERT INTO "times" VALUES ( 20090, 12610, '16:07:00', '16:07:00', 20 );
INSERT INTO "times" VALUES ( 20090, 12670, '16:00:00', '16:00:00', 20 );
INSERT INTO "times" VALUES ( 20090, 12680, '15:58:00', '15:58:00', 20 );
INSERT INTO "times" VALUES ( 20090, 12700, '15:54:00', '15:54:00', 20 );
INSERT INTO "times" VALUES ( 20090, 12710, '15:52:00', '15:52:00', 20 );
INSERT INTO "times" VALUES ( 20090, 12740, NULL, '15:45:00', 20 );

INSERT INTO "dias" VALUES ( 20091, 140, FALSE, TRUE, 'F1600R', 12510, 12740 );
INSERT INTO "dias_line_groups" VALUES ( 20091, 10 );
INSERT INTO "times" VALUES ( 20091, 12510, NULL, '16:23:00', 20 );
INSERT INTO "times" VALUES ( 20091, 12520, '16:24:00', '16:24:00', 20 );
INSERT INTO "times" VALUES ( 20091, 12530, '16:26:00', '16:26:00', 20 );
INSERT INTO "times" VALUES ( 20091, 12540, '16:30:00', '16:30:00', 20 );
INSERT INTO "times" VALUES ( 20091, 12610, '16:35:00', '16:35:00', 20 );
INSERT INTO "times" VALUES ( 20091, 12670, '16:41:00', '16:41:00', 20 );
INSERT INTO "times" VALUES ( 20091, 12680, '16:44:00', '16:44:00', 20 );
INSERT INTO "times" VALUES ( 20091, 12700, '16:47:00', '16:47:00', 20 );
INSERT INTO "times" VALUES ( 20091, 12710, '16:49:00', '16:49:00', 20 );
INSERT INTO "times" VALUES ( 20091, 12740, '16:54:00', NULL, NULL );

INSERT INTO "dias" VALUES ( 20092, 140, FALSE, TRUE, 'F1602R', 12510, 12740 );
INSERT INTO "dias_line_groups" VALUES ( 20092, 10 );
INSERT INTO "times" VALUES ( 20092, 12510, NULL, '16:53:00', 20 );
INSERT INTO "times" VALUES ( 20092, 12520, '16:54:00', '16:54:00', 20 );
INSERT INTO "times" VALUES ( 20092, 12530, '16:56:00', '16:56:00', 20 );
INSERT INTO "times" VALUES ( 20092, 12540, '17:00:00', '17:00:00', 20 );
INSERT INTO "times" VALUES ( 20092, 12610, '17:05:00', '17:05:00', 20 );
INSERT INTO "times" VALUES ( 20092, 12670, '17:11:00', '17:11:00', 20 );
INSERT INTO "times" VALUES ( 20092, 12680, '17:14:00', '17:14:00', 20 );
INSERT INTO "times" VALUES ( 20092, 12700, '17:17:00', '17:17:00', 20 );
INSERT INTO "times" VALUES ( 20092, 12710, '17:19:00', '17:19:00', 20 );
INSERT INTO "times" VALUES ( 20092, 12740, '17:24:00', NULL, NULL );

INSERT INTO "dias" VALUES ( 20093, 140, FALSE, TRUE, 'F1700R', 12510, 12740 );
INSERT INTO "dias_line_groups" VALUES ( 20093, 10 );
INSERT INTO "times" VALUES ( 20093, 12510, NULL, '17:23:00', 20 );
INSERT INTO "times" VALUES ( 20093, 12520, '17:24:00', '17:24:00', 20 );
INSERT INTO "times" VALUES ( 20093, 12530, '17:26:00', '17:26:00', 20 );
INSERT INTO "times" VALUES ( 20093, 12540, '17:30:00', '17:30:00', 20 );
INSERT INTO "times" VALUES ( 20093, 12610, '17:35:00', '17:35:00', 20 );
INSERT INTO "times" VALUES ( 20093, 12670, '17:41:00', '17:41:00', 20 );
INSERT INTO "times" VALUES ( 20093, 12680, '17:44:00', '17:44:00', 20 );
INSERT INTO "times" VALUES ( 20093, 12700, '17:47:00', '17:47:00', 20 );
INSERT INTO "times" VALUES ( 20093, 12710, '17:49:00', '17:49:00', 20 );
INSERT INTO "times" VALUES ( 20093, 12740, '17:54:00', NULL, NULL );

INSERT INTO "dias" VALUES ( 20094, 140, FALSE, TRUE, 'F1702R', 12510, 12740 );
INSERT INTO "dias_line_groups" VALUES ( 20094, 10 );
INSERT INTO "times" VALUES ( 20094, 12510, NULL, '17:53:00', 20 );
INSERT INTO "times" VALUES ( 20094, 12520, '17:55:00', '17:55:00', 20 );
INSERT INTO "times" VALUES ( 20094, 12530, '17:57:00', '17:57:00', 20 );
INSERT INTO "times" VALUES ( 20094, 12540, '18:00:00', '18:00:00', 20 );
INSERT INTO "times" VALUES ( 20094, 12610, '18:05:00', '18:05:00', 20 );
INSERT INTO "times" VALUES ( 20094, 12670, '18:11:00', '18:11:00', 20 );
INSERT INTO "times" VALUES ( 20094, 12680, '18:14:00', '18:14:00', 20 );
INSERT INTO "times" VALUES ( 20094, 12700, '18:17:00', '18:17:00', 20 );
INSERT INTO "times" VALUES ( 20094, 12710, '18:19:00', '18:19:00', 20 );
INSERT INTO "times" VALUES ( 20094, 12740, '18:24:00', NULL, NULL );

INSERT INTO "dias" VALUES ( 20095, 140, FALSE, TRUE, 'F1800R', 12510, 12740 );
INSERT INTO "dias_line_groups" VALUES ( 20095, 10 );
INSERT INTO "times" VALUES ( 20095, 12510, NULL, '18:23:00', 20 );
INSERT INTO "times" VALUES ( 20095, 12520, '18:24:00', '18:24:00', 20 );
INSERT INTO "times" VALUES ( 20095, 12530, '18:26:00', '18:26:00', 20 );
INSERT INTO "times" VALUES ( 20095, 12540, '18:30:00', '18:30:00', 20 );
INSERT INTO "times" VALUES ( 20095, 12610, '18:35:00', '18:35:00', 20 );
INSERT INTO "times" VALUES ( 20095, 12670, '18:41:00', '18:41:00', 20 );
INSERT INTO "times" VALUES ( 20095, 12680, '18:44:00', '18:44:00', 20 );
INSERT INTO "times" VALUES ( 20095, 12700, '18:47:00', '18:47:00', 20 );
INSERT INTO "times" VALUES ( 20095, 12710, '18:49:00', '18:49:00', 20 );
INSERT INTO "times" VALUES ( 20095, 12740, '18:54:00', NULL, NULL );

INSERT INTO "dias" VALUES ( 20096, 140, FALSE, TRUE, 'F1801A', 12740, 12510 );
INSERT INTO "dias_line_groups" VALUES ( 20096, 10 );
INSERT INTO "times" VALUES ( 20096, 12510, '19:19:00', NULL, NULL );
INSERT INTO "times" VALUES ( 20096, 12520, '19:17:00', '19:17:00', 20 );
INSERT INTO "times" VALUES ( 20096, 12530, '19:16:00', '19:16:00', 20 );
INSERT INTO "times" VALUES ( 20096, 12540, '19:13:00', '19:13:00', 20 );
INSERT INTO "times" VALUES ( 20096, 12610, '19:08:00', '19:08:00', 20 );
INSERT INTO "times" VALUES ( 20096, 12670, '19:01:00', '19:01:00', 20 );
INSERT INTO "times" VALUES ( 20096, 12680, '18:59:00', '18:59:00', 20 );
INSERT INTO "times" VALUES ( 20096, 12700, '18:55:00', '18:55:00', 20 );
INSERT INTO "times" VALUES ( 20096, 12710, '18:53:00', '18:53:00', 20 );
INSERT INTO "times" VALUES ( 20096, 12740, NULL, '18:47:00', 20 );

INSERT INTO "dias" VALUES ( 20097, 140, FALSE, TRUE, 'F1802R', 12510, 12740 );
INSERT INTO "dias_line_groups" VALUES ( 20097, 10 );
INSERT INTO "times" VALUES ( 20097, 12510, NULL, '18:52:00', 20 );
INSERT INTO "times" VALUES ( 20097, 12520, '18:54:00', '18:54:00', 20 );
INSERT INTO "times" VALUES ( 20097, 12530, '18:56:00', '18:56:00', 20 );
INSERT INTO "times" VALUES ( 20097, 12540, '18:59:00', '18:59:00', 20 );
INSERT INTO "times" VALUES ( 20097, 12610, '19:04:00', '19:04:00', 20 );
INSERT INTO "times" VALUES ( 20097, 12670, '19:10:00', '19:10:00', 20 );
INSERT INTO "times" VALUES ( 20097, 12680, '19:13:00', '19:13:00', 20 );
INSERT INTO "times" VALUES ( 20097, 12700, '19:16:00', '19:16:00', 20 );
INSERT INTO "times" VALUES ( 20097, 12710, '19:19:00', '19:19:00', 20 );
INSERT INTO "times" VALUES ( 20097, 12740, '19:24:00', NULL, NULL );

INSERT INTO "dias" VALUES ( 20098, 140, FALSE, TRUE, 'F1900R', 12510, 12740 );
INSERT INTO "dias_line_groups" VALUES ( 20098, 10 );
INSERT INTO "times" VALUES ( 20098, 12510, NULL, '19:22:00', 20 );
INSERT INTO "times" VALUES ( 20098, 12520, '19:24:00', '19:24:00', 20 );
INSERT INTO "times" VALUES ( 20098, 12530, '19:26:00', '19:26:00', 20 );
INSERT INTO "times" VALUES ( 20098, 12540, '19:29:00', '19:29:00', 20 );
INSERT INTO "times" VALUES ( 20098, 12610, '19:34:00', '19:34:00', 20 );
INSERT INTO "times" VALUES ( 20098, 12670, '19:40:00', '19:40:00', 20 );
INSERT INTO "times" VALUES ( 20098, 12680, '19:43:00', '19:43:00', 20 );
INSERT INTO "times" VALUES ( 20098, 12700, '19:46:00', '19:46:00', 20 );
INSERT INTO "times" VALUES ( 20098, 12710, '19:49:00', '19:49:00', 20 );
INSERT INTO "times" VALUES ( 20098, 12740, '19:54:00', NULL, NULL );

INSERT INTO "dias" VALUES ( 20099, 140, FALSE, TRUE, 'F1901A', 12740, 12510 );
INSERT INTO "dias_line_groups" VALUES ( 20099, 10 );
INSERT INTO "times" VALUES ( 20099, 12510, '19:49:00', NULL, NULL );
INSERT INTO "times" VALUES ( 20099, 12520, '19:47:00', '19:47:00', 20 );
INSERT INTO "times" VALUES ( 20099, 12530, '19:46:00', '19:46:00', 20 );
INSERT INTO "times" VALUES ( 20099, 12540, '19:43:00', '19:43:00', 20 );
INSERT INTO "times" VALUES ( 20099, 12610, '19:38:00', '19:38:00', 20 );
INSERT INTO "times" VALUES ( 20099, 12670, '19:31:00', '19:31:00', 20 );
INSERT INTO "times" VALUES ( 20099, 12680, '19:29:00', '19:29:00', 20 );
INSERT INTO "times" VALUES ( 20099, 12700, '19:25:00', '19:25:00', 20 );
INSERT INTO "times" VALUES ( 20099, 12710, '19:23:00', '19:23:00', 20 );
INSERT INTO "times" VALUES ( 20099, 12740, NULL, '19:17:00', 20 );

INSERT INTO "dias" VALUES ( 20100, 140, FALSE, TRUE, 'F1902R', 12510, 12740 );
INSERT INTO "dias_line_groups" VALUES ( 20100, 10 );
INSERT INTO "times" VALUES ( 20100, 12510, NULL, '19:52:00', 20 );
INSERT INTO "times" VALUES ( 20100, 12520, '19:54:00', '19:54:00', 20 );
INSERT INTO "times" VALUES ( 20100, 12530, '19:56:00', '19:56:00', 20 );
INSERT INTO "times" VALUES ( 20100, 12540, '19:59:00', '19:59:00', 20 );
INSERT INTO "times" VALUES ( 20100, 12610, '20:04:00', '20:04:00', 20 );
INSERT INTO "times" VALUES ( 20100, 12670, '20:10:00', '20:10:00', 20 );
INSERT INTO "times" VALUES ( 20100, 12680, '20:13:00', '20:13:00', 20 );
INSERT INTO "times" VALUES ( 20100, 12700, '20:16:00', '20:16:00', 20 );
INSERT INTO "times" VALUES ( 20100, 12710, '20:19:00', '20:19:00', 20 );
INSERT INTO "times" VALUES ( 20100, 12740, '20:24:00', NULL, NULL );

INSERT INTO "dias" VALUES ( 20101, 140, FALSE, TRUE, 'F1903A', 12740, 12510 );
INSERT INTO "dias_line_groups" VALUES ( 20101, 10 );
INSERT INTO "times" VALUES ( 20101, 12510, '20:09:00', NULL, NULL );
INSERT INTO "times" VALUES ( 20101, 12520, '20:07:00', '20:07:00', 20 );
INSERT INTO "times" VALUES ( 20101, 12530, '20:06:00', '20:06:00', 20 );
INSERT INTO "times" VALUES ( 20101, 12540, '20:03:00', '20:03:00', 20 );
INSERT INTO "times" VALUES ( 20101, 12610, '19:58:00', '19:58:00', 20 );
INSERT INTO "times" VALUES ( 20101, 12670, '19:51:00', '19:51:00', 20 );
INSERT INTO "times" VALUES ( 20101, 12680, '19:49:00', '19:49:00', 20 );
INSERT INTO "times" VALUES ( 20101, 12700, '19:45:00', '19:45:00', 20 );
INSERT INTO "times" VALUES ( 20101, 12710, '19:43:00', '19:43:00', 20 );
INSERT INTO "times" VALUES ( 20101, 12740, NULL, '19:37:00', 20 );

INSERT INTO "dias" VALUES ( 20102, 140, FALSE, TRUE, 'F2000R', 12510, 12740 );
INSERT INTO "dias_line_groups" VALUES ( 20102, 10 );
INSERT INTO "times" VALUES ( 20102, 12510, NULL, '20:12:00', 20 );
INSERT INTO "times" VALUES ( 20102, 12520, '20:14:00', '20:14:00', 20 );
INSERT INTO "times" VALUES ( 20102, 12530, '20:16:00', '20:16:00', 20 );
INSERT INTO "times" VALUES ( 20102, 12540, '20:19:00', '20:19:00', 20 );
INSERT INTO "times" VALUES ( 20102, 12610, '20:24:00', '20:24:00', 20 );
INSERT INTO "times" VALUES ( 20102, 12670, '20:30:00', '20:30:00', 20 );
INSERT INTO "times" VALUES ( 20102, 12680, '20:33:00', '20:33:00', 20 );
INSERT INTO "times" VALUES ( 20102, 12700, '20:36:00', '20:36:00', 20 );
INSERT INTO "times" VALUES ( 20102, 12710, '20:39:00', '20:39:00', 20 );
INSERT INTO "times" VALUES ( 20102, 12740, '20:44:00', NULL, NULL );

INSERT INTO "dias" VALUES ( 20103, 140, FALSE, TRUE, 'F2001A', 12740, 12510 );
INSERT INTO "dias_line_groups" VALUES ( 20103, 10 );
INSERT INTO "times" VALUES ( 20103, 12510, '20:39:00', NULL, NULL );
INSERT INTO "times" VALUES ( 20103, 12520, '20:37:00', '20:37:00', 20 );
INSERT INTO "times" VALUES ( 20103, 12530, '20:36:00', '20:36:00', 20 );
INSERT INTO "times" VALUES ( 20103, 12540, '20:33:00', '20:33:00', 20 );
INSERT INTO "times" VALUES ( 20103, 12610, '20:28:00', '20:28:00', 20 );
INSERT INTO "times" VALUES ( 20103, 12670, '20:21:00', '20:21:00', 20 );
INSERT INTO "times" VALUES ( 20103, 12680, '20:19:00', '20:19:00', 20 );
INSERT INTO "times" VALUES ( 20103, 12700, '20:15:00', '20:15:00', 20 );
INSERT INTO "times" VALUES ( 20103, 12710, '20:13:00', '20:13:00', 20 );
INSERT INTO "times" VALUES ( 20103, 12740, NULL, '20:07:00', 20 );

INSERT INTO "dias" VALUES ( 20104, 140, FALSE, TRUE, 'F2002R', 12510, 12740 );
INSERT INTO "dias_line_groups" VALUES ( 20104, 10 );
INSERT INTO "times" VALUES ( 20104, 12510, NULL, '20:42:00', 20 );
INSERT INTO "times" VALUES ( 20104, 12520, '20:44:00', '20:44:00', 20 );
INSERT INTO "times" VALUES ( 20104, 12530, '20:46:00', '20:46:00', 20 );
INSERT INTO "times" VALUES ( 20104, 12540, '20:49:00', '20:49:00', 20 );
INSERT INTO "times" VALUES ( 20104, 12610, '20:54:00', '20:54:00', 20 );
INSERT INTO "times" VALUES ( 20104, 12670, '21:00:00', '21:00:00', 20 );
INSERT INTO "times" VALUES ( 20104, 12680, '21:03:00', '21:03:00', 20 );
INSERT INTO "times" VALUES ( 20104, 12700, '21:06:00', '21:06:00', 20 );
INSERT INTO "times" VALUES ( 20104, 12710, '21:09:00', '21:09:00', 20 );
INSERT INTO "times" VALUES ( 20104, 12740, '21:14:00', NULL, NULL );

INSERT INTO "dias" VALUES ( 20105, 140, FALSE, TRUE, 'F2003A', 12740, 12510 );
INSERT INTO "dias_line_groups" VALUES ( 20105, 10 );
INSERT INTO "times" VALUES ( 20105, 12510, '20:59:00', NULL, NULL );
INSERT INTO "times" VALUES ( 20105, 12520, '20:57:00', '20:57:00', 20 );
INSERT INTO "times" VALUES ( 20105, 12530, '20:56:00', '20:56:00', 20 );
INSERT INTO "times" VALUES ( 20105, 12540, '20:53:00', '20:53:00', 20 );
INSERT INTO "times" VALUES ( 20105, 12610, '20:48:00', '20:48:00', 20 );
INSERT INTO "times" VALUES ( 20105, 12670, '20:41:00', '20:41:00', 20 );
INSERT INTO "times" VALUES ( 20105, 12680, '20:39:00', '20:39:00', 20 );
INSERT INTO "times" VALUES ( 20105, 12700, '20:35:00', '20:35:00', 20 );
INSERT INTO "times" VALUES ( 20105, 12710, '20:33:00', '20:33:00', 20 );
INSERT INTO "times" VALUES ( 20105, 12740, NULL, '20:27:00', 20 );

INSERT INTO "dias" VALUES ( 20106, 140, FALSE, TRUE, 'F2100Z', 12510, 13520 );
INSERT INTO "dias_line_groups" VALUES ( 20106, 10 );
INSERT INTO "times" VALUES ( 20106, 12510, NULL, '21:04:00', 20 );
INSERT INTO "times" VALUES ( 20106, 12520, '21:06:00', '21:06:00', 20 );
INSERT INTO "times" VALUES ( 20106, 12530, '21:08:00', '21:08:00', 20 );
INSERT INTO "times" VALUES ( 20106, 12540, '21:11:00', '21:11:00', 20 );
INSERT INTO "times" VALUES ( 20106, 12610, '21:16:00', '21:16:00', 20 );
INSERT INTO "times" VALUES ( 20106, 12670, '21:22:00', '21:22:00', 20 );
INSERT INTO "times" VALUES ( 20106, 12680, '21:25:00', '21:25:00', 20 );
INSERT INTO "times" VALUES ( 20106, 12700, '21:28:00', '21:28:00', 20 );
INSERT INTO "times" VALUES ( 20106, 12710, '21:31:00', '21:31:00', 20 );
INSERT INTO "times" VALUES ( 20106, 12740, '21:36:00', '21:36:00', 20 );
INSERT INTO "times" VALUES ( 20106, 12760, '21:41:00', '21:41:00', 20 );
INSERT INTO "times" VALUES ( 20106, 12780, '21:48:00', '21:49:00', 20 );
INSERT INTO "times" VALUES ( 20106, 12800, '21:52:00', '21:52:00', 20 );
INSERT INTO "times" VALUES ( 20106, 12840, '21:55:00', '21:55:00', 20 );
INSERT INTO "times" VALUES ( 20106, 12870, '21:59:00', '21:59:00', 20 );
INSERT INTO "times" VALUES ( 20106, 12880, '22:00:00', '22:00:00', 20 );
INSERT INTO "times" VALUES ( 20106, 12890, '22:02:00', '22:02:00', 20 );
INSERT INTO "times" VALUES ( 20106, 12900, '22:04:00', '22:04:00', 20 );
INSERT INTO "times" VALUES ( 20106, 13510, '22:06:00', '22:06:00', 30 );
INSERT INTO "times" VALUES ( 20106, 13520, '22:09:00', NULL, NULL );

INSERT INTO "dias" VALUES ( 20107, 140, FALSE, TRUE, 'F2102Z', 12510, 13520 );
INSERT INTO "dias_line_groups" VALUES ( 20107, 10 );
INSERT INTO "times" VALUES ( 20107, 12510, NULL, '21:24:00', 20 );
INSERT INTO "times" VALUES ( 20107, 12520, '21:26:00', '21:26:00', 20 );
INSERT INTO "times" VALUES ( 20107, 12530, '21:28:00', '21:28:00', 20 );
INSERT INTO "times" VALUES ( 20107, 12540, '21:31:00', '21:31:00', 20 );
INSERT INTO "times" VALUES ( 20107, 12610, '21:36:00', '21:36:00', 20 );
INSERT INTO "times" VALUES ( 20107, 12670, '21:42:00', '21:42:00', 20 );
INSERT INTO "times" VALUES ( 20107, 12680, '21:45:00', '21:45:00', 20 );
INSERT INTO "times" VALUES ( 20107, 12700, '21:48:00', '21:48:00', 20 );
INSERT INTO "times" VALUES ( 20107, 12710, '21:51:00', '21:51:00', 20 );
INSERT INTO "times" VALUES ( 20107, 12740, '21:56:00', '21:56:00', 20 );
INSERT INTO "times" VALUES ( 20107, 12760, '22:01:00', '22:01:00', 20 );
INSERT INTO "times" VALUES ( 20107, 12780, '22:09:00', '22:09:00', 20 );
INSERT INTO "times" VALUES ( 20107, 12800, '22:11:00', '22:11:00', 20 );
INSERT INTO "times" VALUES ( 20107, 12840, '22:15:00', '22:15:00', 20 );
INSERT INTO "times" VALUES ( 20107, 12870, '22:18:00', '22:18:00', 20 );
INSERT INTO "times" VALUES ( 20107, 12880, '22:20:00', '22:20:00', 20 );
INSERT INTO "times" VALUES ( 20107, 12890, '22:22:00', '22:22:00', 20 );
INSERT INTO "times" VALUES ( 20107, 12900, '22:24:00', '22:24:00', 20 );
INSERT INTO "times" VALUES ( 20107, 13510, '22:26:00', '22:26:00', 30 );
INSERT INTO "times" VALUES ( 20107, 13520, '22:29:00', NULL, NULL );

INSERT INTO "dias" VALUES ( 20108, 140, FALSE, TRUE, 'F2104Z', 12510, 13520 );
INSERT INTO "dias_line_groups" VALUES ( 20108, 10 );
INSERT INTO "times" VALUES ( 20108, 12510, NULL, '21:44:00', 20 );
INSERT INTO "times" VALUES ( 20108, 12520, '21:46:00', '21:46:00', 20 );
INSERT INTO "times" VALUES ( 20108, 12530, '21:48:00', '21:48:00', 20 );
INSERT INTO "times" VALUES ( 20108, 12540, '21:51:00', '21:51:00', 20 );
INSERT INTO "times" VALUES ( 20108, 12610, '21:56:00', '21:56:00', 20 );
INSERT INTO "times" VALUES ( 20108, 12670, '22:02:00', '22:02:00', 20 );
INSERT INTO "times" VALUES ( 20108, 12680, '22:05:00', '22:05:00', 20 );
INSERT INTO "times" VALUES ( 20108, 12700, '22:08:00', '22:08:00', 20 );
INSERT INTO "times" VALUES ( 20108, 12710, '22:11:00', '22:11:00', 20 );
INSERT INTO "times" VALUES ( 20108, 12740, '22:16:00', '22:16:00', 20 );
INSERT INTO "times" VALUES ( 20108, 12760, '22:21:00', '22:21:00', 20 );
INSERT INTO "times" VALUES ( 20108, 12780, '22:29:00', '22:29:00', 20 );
INSERT INTO "times" VALUES ( 20108, 12800, '22:31:00', '22:31:00', 20 );
INSERT INTO "times" VALUES ( 20108, 12840, '22:35:00', '22:35:00', 20 );
INSERT INTO "times" VALUES ( 20108, 12870, '22:38:00', '22:38:00', 20 );
INSERT INTO "times" VALUES ( 20108, 12880, '22:40:00', '22:40:00', 20 );
INSERT INTO "times" VALUES ( 20108, 12890, '22:42:00', '22:42:00', 20 );
INSERT INTO "times" VALUES ( 20108, 12900, '22:44:00', '22:44:00', 20 );
INSERT INTO "times" VALUES ( 20108, 13510, '22:46:00', '22:46:00', 30 );
INSERT INTO "times" VALUES ( 20108, 13520, '22:48:00', NULL, NULL );

INSERT INTO "dias" VALUES ( 20109, 140, FALSE, TRUE, 'F2200R', 12510, 12740 );
INSERT INTO "dias_line_groups" VALUES ( 20109, 10 );
INSERT INTO "times" VALUES ( 20109, 12510, NULL, '22:03:00', 20 );
INSERT INTO "times" VALUES ( 20109, 12520, '22:04:00', '22:04:00', 20 );
INSERT INTO "times" VALUES ( 20109, 12530, '22:06:00', '22:06:00', 20 );
INSERT INTO "times" VALUES ( 20109, 12540, '22:10:00', '22:10:00', 20 );
INSERT INTO "times" VALUES ( 20109, 12610, '22:15:00', '22:15:00', 20 );
INSERT INTO "times" VALUES ( 20109, 12670, '22:21:00', '22:21:00', 20 );
INSERT INTO "times" VALUES ( 20109, 12680, '22:24:00', '22:24:00', 20 );
INSERT INTO "times" VALUES ( 20109, 12700, '22:27:00', '22:27:00', 20 );
INSERT INTO "times" VALUES ( 20109, 12710, '22:29:00', '22:29:00', 20 );
INSERT INTO "times" VALUES ( 20109, 12740, '22:35:00', NULL, NULL );

INSERT INTO "dias" VALUES ( 20110, 140, FALSE, TRUE, 'F2202R', 12510, 12740 );
INSERT INTO "dias_line_groups" VALUES ( 20110, 10 );
INSERT INTO "times" VALUES ( 20110, 12510, NULL, '22:23:00', 20 );
INSERT INTO "times" VALUES ( 20110, 12520, '22:24:00', '22:24:00', 20 );
INSERT INTO "times" VALUES ( 20110, 12530, '22:26:00', '22:26:00', 20 );
INSERT INTO "times" VALUES ( 20110, 12540, '22:30:00', '22:30:00', 20 );
INSERT INTO "times" VALUES ( 20110, 12610, '22:35:00', '22:35:00', 20 );
INSERT INTO "times" VALUES ( 20110, 12670, '22:41:00', '22:41:00', 20 );
INSERT INTO "times" VALUES ( 20110, 12680, '22:44:00', '22:44:00', 20 );
INSERT INTO "times" VALUES ( 20110, 12700, '22:47:00', '22:47:00', 20 );
INSERT INTO "times" VALUES ( 20110, 12710, '22:50:00', '22:50:00', 20 );
INSERT INTO "times" VALUES ( 20110, 12740, '22:55:00', NULL, NULL );

INSERT INTO "dias" VALUES ( 20111, 140, FALSE, TRUE, 'F2301A', 13520, 12510 );
INSERT INTO "dias_line_groups" VALUES ( 20111, 10 );
INSERT INTO "times" VALUES ( 20111, 12510, '00:03:00', NULL, NULL );
INSERT INTO "times" VALUES ( 20111, 12520, '00:01:00', '00:01:00', 20 );
INSERT INTO "times" VALUES ( 20111, 12530, '00:00:00', '00:00:00', 20 );
INSERT INTO "times" VALUES ( 20111, 12540, '23:57:00', '23:57:00', 20 );
INSERT INTO "times" VALUES ( 20111, 12610, '23:52:00', '23:52:00', 20 );
INSERT INTO "times" VALUES ( 20111, 12670, '23:46:00', '23:46:00', 20 );
INSERT INTO "times" VALUES ( 20111, 12680, '23:43:00', '23:43:00', 20 );
INSERT INTO "times" VALUES ( 20111, 12700, '23:39:00', '23:39:00', 20 );
INSERT INTO "times" VALUES ( 20111, 12710, '23:37:00', '23:37:00', 20 );
INSERT INTO "times" VALUES ( 20111, 12740, '23:32:00', '23:32:00', 20 );
INSERT INTO "times" VALUES ( 20111, 12760, '23:27:00', '23:27:00', 20 );
INSERT INTO "times" VALUES ( 20111, 12780, '23:20:00', '23:20:00', 20 );
INSERT INTO "times" VALUES ( 20111, 12800, '23:17:00', '23:17:00', 20 );
INSERT INTO "times" VALUES ( 20111, 12840, '23:13:00', '23:13:00', 20 );
INSERT INTO "times" VALUES ( 20111, 12870, '23:09:00', '23:09:00', 20 );
INSERT INTO "times" VALUES ( 20111, 12880, '23:08:00', '23:08:00', 20 );
INSERT INTO "times" VALUES ( 20111, 12890, '23:06:00', '23:06:00', 20 );
INSERT INTO "times" VALUES ( 20111, 12900, '23:04:00', '23:04:00', 20 );
INSERT INTO "times" VALUES ( 20111, 13510, '23:02:00', '23:02:00', 30 );
INSERT INTO "times" VALUES ( 20111, 13520, NULL, '23:00:00', 30 );

INSERT INTO "dias" VALUES ( 20112, 140, FALSE, TRUE, 'F2303A', 13520, 12510 );
INSERT INTO "dias_line_groups" VALUES ( 20112, 10 );
INSERT INTO "times" VALUES ( 20112, 12510, '00:29:00', NULL, NULL );
INSERT INTO "times" VALUES ( 20112, 12520, '00:27:00', '00:27:00', 20 );
INSERT INTO "times" VALUES ( 20112, 12530, '00:25:00', '00:25:00', 20 );
INSERT INTO "times" VALUES ( 20112, 12540, '00:22:00', '00:22:00', 20 );
INSERT INTO "times" VALUES ( 20112, 12610, '00:17:00', '00:17:00', 20 );
INSERT INTO "times" VALUES ( 20112, 12670, '00:11:00', '00:11:00', 20 );
INSERT INTO "times" VALUES ( 20112, 12680, '00:08:00', '00:08:00', 20 );
INSERT INTO "times" VALUES ( 20112, 12700, '00:04:00', '00:04:00', 20 );
INSERT INTO "times" VALUES ( 20112, 12710, '00:03:00', '00:03:00', 20 );
INSERT INTO "times" VALUES ( 20112, 12740, '23:57:00', '23:57:00', 20 );
INSERT INTO "times" VALUES ( 20112, 12760, '23:52:00', '23:52:00', 20 );
INSERT INTO "times" VALUES ( 20112, 12780, '23:45:00', '23:45:00', 20 );
INSERT INTO "times" VALUES ( 20112, 12800, '23:42:00', '23:42:00', 20 );
INSERT INTO "times" VALUES ( 20112, 12840, '23:38:00', '23:38:00', 20 );
INSERT INTO "times" VALUES ( 20112, 12870, '23:35:00', '23:35:00', 20 );
INSERT INTO "times" VALUES ( 20112, 12880, '23:33:00', '23:33:00', 20 );
INSERT INTO "times" VALUES ( 20112, 12890, '23:31:00', '23:31:00', 20 );
INSERT INTO "times" VALUES ( 20112, 12900, '23:29:00', '23:30:00', 20 );
INSERT INTO "times" VALUES ( 20112, 13510, '23:27:00', '23:27:00', 30 );
INSERT INTO "times" VALUES ( 20112, 13520, NULL, '23:25:00', 30 );

INSERT INTO "dias" VALUES ( 20113, 140, FALSE, TRUE, 'G0500Z', 12770, 13520 );
INSERT INTO "dias_line_groups" VALUES ( 20113, 10 );
INSERT INTO "times" VALUES ( 20113, 12770, NULL, '05:50:00', 20 );
INSERT INTO "times" VALUES ( 20113, 12780, '05:55:00', '05:55:00', 20 );
INSERT INTO "times" VALUES ( 20113, 12800, '05:57:00', '05:57:00', 20 );
INSERT INTO "times" VALUES ( 20113, 12840, '06:01:00', '06:01:00', 20 );
INSERT INTO "times" VALUES ( 20113, 12870, '06:04:00', '06:04:00', 20 );
INSERT INTO "times" VALUES ( 20113, 12880, '06:06:00', '06:06:00', 20 );
INSERT INTO "times" VALUES ( 20113, 12890, '06:08:00', '06:08:00', 20 );
INSERT INTO "times" VALUES ( 20113, 12900, '06:10:00', '06:10:00', 20 );
INSERT INTO "times" VALUES ( 20113, 13510, '06:11:00', '06:11:00', 30 );
INSERT INTO "times" VALUES ( 20113, 13520, '06:14:00', NULL, NULL );

INSERT INTO "dias" VALUES ( 20114, 140, FALSE, TRUE, 'G1500Z', 12770, 13520 );
INSERT INTO "dias_line_groups" VALUES ( 20114, 10 );
INSERT INTO "times" VALUES ( 20114, 12770, NULL, '15:59:00', 20 );
INSERT INTO "times" VALUES ( 20114, 12780, '16:04:00', '16:04:00', 20 );
INSERT INTO "times" VALUES ( 20114, 12800, '16:06:00', '16:08:00', 20 );
INSERT INTO "times" VALUES ( 20114, 12840, '16:12:00', '16:12:00', 20 );
INSERT INTO "times" VALUES ( 20114, 12870, '16:16:00', '16:16:00', 20 );
INSERT INTO "times" VALUES ( 20114, 12880, '16:18:00', '16:18:00', 20 );
INSERT INTO "times" VALUES ( 20114, 12890, '16:20:00', '16:20:00', 20 );
INSERT INTO "times" VALUES ( 20114, 12900, '16:21:00', '16:25:00', 20 );
INSERT INTO "times" VALUES ( 20114, 13510, '16:27:00', '16:27:00', 30 );
INSERT INTO "times" VALUES ( 20114, 13520, '16:30:00', NULL, NULL );

INSERT INTO "dias" VALUES ( 20115, 140, FALSE, TRUE, 'G1600Z', 12770, 13520 );
INSERT INTO "dias_line_groups" VALUES ( 20115, 10 );
INSERT INTO "times" VALUES ( 20115, 12770, NULL, '16:39:00', 20 );
INSERT INTO "times" VALUES ( 20115, 12780, '16:44:00', '16:44:00', 20 );
INSERT INTO "times" VALUES ( 20115, 12800, '16:46:00', '16:48:00', 20 );
INSERT INTO "times" VALUES ( 20115, 12840, '16:52:00', '16:52:00', 20 );
INSERT INTO "times" VALUES ( 20115, 12870, '16:56:00', '16:56:00', 20 );
INSERT INTO "times" VALUES ( 20115, 12880, '16:58:00', '16:58:00', 20 );
INSERT INTO "times" VALUES ( 20115, 12890, '17:00:00', '17:00:00', 20 );
INSERT INTO "times" VALUES ( 20115, 12900, '17:01:00', '17:06:00', 20 );
INSERT INTO "times" VALUES ( 20115, 13510, '17:08:00', '17:08:00', 30 );
INSERT INTO "times" VALUES ( 20115, 13520, '17:11:00', NULL, NULL );

INSERT INTO "dias" VALUES ( 20116, 140, FALSE, TRUE, 'G1601A', 12770, 12510 );
INSERT INTO "dias_line_groups" VALUES ( 20116, 10 );
INSERT INTO "times" VALUES ( 20116, 12510, '16:49:00', NULL, NULL );
INSERT INTO "times" VALUES ( 20116, 12520, '16:48:00', '16:48:00', 20 );
INSERT INTO "times" VALUES ( 20116, 12530, '16:46:00', '16:46:00', 20 );
INSERT INTO "times" VALUES ( 20116, 12540, '16:43:00', '16:43:00', 20 );
INSERT INTO "times" VALUES ( 20116, 12610, '16:38:00', '16:38:00', 20 );
INSERT INTO "times" VALUES ( 20116, 12670, '16:32:00', '16:32:00', 20 );
INSERT INTO "times" VALUES ( 20116, 12680, '16:29:00', '16:29:00', 20 );
INSERT INTO "times" VALUES ( 20116, 12700, '16:25:00', '16:25:00', 20 );
INSERT INTO "times" VALUES ( 20116, 12710, '16:23:00', '16:23:00', 20 );
INSERT INTO "times" VALUES ( 20116, 12740, '16:17:00', '16:17:00', 20 );
INSERT INTO "times" VALUES ( 20116, 12760, '16:13:00', '16:13:00', 20 );
INSERT INTO "times" VALUES ( 20116, 12770, NULL, '16:09:00', 20 );

INSERT INTO "dias" VALUES ( 20117, 140, FALSE, TRUE, 'G1603A', 12770, 12510 );
INSERT INTO "dias_line_groups" VALUES ( 20117, 10 );
INSERT INTO "times" VALUES ( 20117, 12510, '17:36:00', NULL, NULL );
INSERT INTO "times" VALUES ( 20117, 12520, '17:34:00', '17:34:00', 20 );
INSERT INTO "times" VALUES ( 20117, 12530, '17:32:00', '17:32:00', 20 );
INSERT INTO "times" VALUES ( 20117, 12540, '17:30:00', '17:30:00', 20 );
INSERT INTO "times" VALUES ( 20117, 12610, '17:25:00', '17:25:00', 20 );
INSERT INTO "times" VALUES ( 20117, 12670, '17:18:00', '17:18:00', 20 );
INSERT INTO "times" VALUES ( 20117, 12680, '17:11:00', '17:15:00', 20 );
INSERT INTO "times" VALUES ( 20117, 12700, '17:07:00', '17:07:00', 20 );
INSERT INTO "times" VALUES ( 20117, 12710, '17:04:00', '17:05:00', 20 );
INSERT INTO "times" VALUES ( 20117, 12740, '16:56:00', '16:58:00', 20 );
INSERT INTO "times" VALUES ( 20117, 12760, '16:52:00', '16:52:00', 20 );
INSERT INTO "times" VALUES ( 20117, 12770, NULL, '16:47:00', 20 );

INSERT INTO "dias" VALUES ( 20118, 140, FALSE, TRUE, 'G1700Z', 12770, 13520 );
INSERT INTO "dias_line_groups" VALUES ( 20118, 10 );
INSERT INTO "times" VALUES ( 20118, 12770, NULL, '17:09:00', 20 );
INSERT INTO "times" VALUES ( 20118, 12780, '17:14:00', '17:14:00', 20 );
INSERT INTO "times" VALUES ( 20118, 12800, '17:16:00', '17:18:00', 20 );
INSERT INTO "times" VALUES ( 20118, 12840, '17:22:00', '17:22:00', 20 );
INSERT INTO "times" VALUES ( 20118, 12870, '17:26:00', '17:26:00', 20 );
INSERT INTO "times" VALUES ( 20118, 12880, '17:28:00', '17:28:00', 20 );
INSERT INTO "times" VALUES ( 20118, 12890, '17:30:00', '17:30:00', 20 );
INSERT INTO "times" VALUES ( 20118, 12900, '17:31:00', '17:36:00', 20 );
INSERT INTO "times" VALUES ( 20118, 13510, '17:38:00', '17:38:00', 30 );
INSERT INTO "times" VALUES ( 20118, 13520, '17:41:00', NULL, NULL );

INSERT INTO "dias" VALUES ( 20119, 140, FALSE, TRUE, 'G1701A', 12770, 12510 );
INSERT INTO "dias_line_groups" VALUES ( 20119, 10 );
INSERT INTO "times" VALUES ( 20119, 12510, '17:50:00', NULL, NULL );
INSERT INTO "times" VALUES ( 20119, 12520, '17:48:00', '17:48:00', 20 );
INSERT INTO "times" VALUES ( 20119, 12530, '17:46:00', '17:46:00', 20 );
INSERT INTO "times" VALUES ( 20119, 12540, '17:43:00', '17:43:00', 20 );
INSERT INTO "times" VALUES ( 20119, 12610, '17:38:00', '17:38:00', 20 );
INSERT INTO "times" VALUES ( 20119, 12670, '17:31:00', '17:31:00', 20 );
INSERT INTO "times" VALUES ( 20119, 12680, '17:29:00', '17:29:00', 20 );
INSERT INTO "times" VALUES ( 20119, 12700, '17:25:00', '17:25:00', 20 );
INSERT INTO "times" VALUES ( 20119, 12710, '17:23:00', '17:23:00', 20 );
INSERT INTO "times" VALUES ( 20119, 12740, '17:17:00', '17:17:00', 20 );
INSERT INTO "times" VALUES ( 20119, 12760, '17:13:00', '17:13:00', 20 );
INSERT INTO "times" VALUES ( 20119, 12770, NULL, '17:09:00', 20 );

INSERT INTO "dias" VALUES ( 20120, 140, FALSE, TRUE, 'G2201Y', 13520, 12770 );
INSERT INTO "dias_line_groups" VALUES ( 20120, 10 );
INSERT INTO "times" VALUES ( 20120, 12770, '23:09:00', NULL, NULL );
INSERT INTO "times" VALUES ( 20120, 12780, '23:04:00', '23:04:00', 20 );
INSERT INTO "times" VALUES ( 20120, 12800, '23:00:00', '23:01:00', 20 );
INSERT INTO "times" VALUES ( 20120, 12840, '22:56:00', '22:56:00', 20 );
INSERT INTO "times" VALUES ( 20120, 12870, '22:53:00', '22:53:00', 20 );
INSERT INTO "times" VALUES ( 20120, 12880, '22:51:00', '22:51:00', 20 );
INSERT INTO "times" VALUES ( 20120, 12890, '22:49:00', '22:49:00', 20 );
INSERT INTO "times" VALUES ( 20120, 12900, '22:48:00', '22:48:00', 20 );
INSERT INTO "times" VALUES ( 20120, 13510, '22:45:00', '22:45:00', 30 );
INSERT INTO "times" VALUES ( 20120, 13520, NULL, '22:43:00', 30 );

INSERT INTO "dias" VALUES ( 20121, 140, FALSE, TRUE, 'G2301Y', 13520, 12770 );
INSERT INTO "dias_line_groups" VALUES ( 20121, 10 );
INSERT INTO "times" VALUES ( 20121, 12770, '00:06:00', NULL, NULL );
INSERT INTO "times" VALUES ( 20121, 12780, '00:01:00', '00:01:00', 20 );
INSERT INTO "times" VALUES ( 20121, 12800, '23:59:00', '23:59:00', 20 );
INSERT INTO "times" VALUES ( 20121, 12840, '23:54:00', '23:54:00', 20 );
INSERT INTO "times" VALUES ( 20121, 12870, '23:51:00', '23:51:00', 20 );
INSERT INTO "times" VALUES ( 20121, 12880, '23:49:00', '23:49:00', 20 );
INSERT INTO "times" VALUES ( 20121, 12890, '23:47:00', '23:47:00', 20 );
INSERT INTO "times" VALUES ( 20121, 12900, '23:46:00', '23:46:00', 20 );
INSERT INTO "times" VALUES ( 20121, 13510, '23:43:00', '23:43:00', 30 );
INSERT INTO "times" VALUES ( 20121, 13520, NULL, '23:41:00', 30 );

INSERT INTO "dias" VALUES ( 20122, 120, FALSE, TRUE, 'K0501A', 13520, 12510 );
INSERT INTO "dias_line_groups" VALUES ( 20122, 10 );
INSERT INTO "times" VALUES ( 20122, 12510, '06:15:00', NULL, NULL );
INSERT INTO "times" VALUES ( 20122, 12520, '06:13:00', '06:13:00', 20 );
INSERT INTO "times" VALUES ( 20122, 12530, '06:12:00', '06:12:00', 20 );
INSERT INTO "times" VALUES ( 20122, 12540, '06:09:00', '06:09:00', 20 );
INSERT INTO "times" VALUES ( 20122, 12610, '06:04:00', '06:04:00', 20 );
INSERT INTO "times" VALUES ( 20122, 12660, '06:00:00', '06:00:00', 20 );
INSERT INTO "times" VALUES ( 20122, 12670, '05:56:00', '05:56:00', 20 );
INSERT INTO "times" VALUES ( 20122, 12680, '05:54:00', '05:54:00', 20 );
INSERT INTO "times" VALUES ( 20122, 12690, '05:51:00', '05:51:00', 20 );
INSERT INTO "times" VALUES ( 20122, 12700, '05:49:00', '05:49:00', 20 );
INSERT INTO "times" VALUES ( 20122, 12710, '05:47:00', '05:47:00', 20 );
INSERT INTO "times" VALUES ( 20122, 12720, '05:44:00', '05:44:00', 20 );
INSERT INTO "times" VALUES ( 20122, 12730, '05:42:00', '05:42:00', 20 );
INSERT INTO "times" VALUES ( 20122, 12740, '05:39:00', '05:39:00', 20 );
INSERT INTO "times" VALUES ( 20122, 12750, '05:36:00', '05:36:00', 20 );
INSERT INTO "times" VALUES ( 20122, 12760, '05:34:00', '05:34:00', 20 );
INSERT INTO "times" VALUES ( 20122, 12770, '05:30:00', '05:30:00', 20 );
INSERT INTO "times" VALUES ( 20122, 12780, '05:25:00', '05:25:00', 20 );
INSERT INTO "times" VALUES ( 20122, 12790, '05:23:00', '05:23:00', 20 );
INSERT INTO "times" VALUES ( 20122, 12800, '05:22:00', '05:22:00', 20 );
INSERT INTO "times" VALUES ( 20122, 12810, '05:19:00', '05:19:00', 20 );
INSERT INTO "times" VALUES ( 20122, 12820, '05:17:00', '05:17:00', 20 );
INSERT INTO "times" VALUES ( 20122, 12830, '05:16:00', '05:16:00', 20 );
INSERT INTO "times" VALUES ( 20122, 12840, '05:14:00', '05:14:00', 20 );
INSERT INTO "times" VALUES ( 20122, 12850, '05:12:00', '05:12:00', 20 );
INSERT INTO "times" VALUES ( 20122, 12860, '05:11:00', '05:11:00', 20 );
INSERT INTO "times" VALUES ( 20122, 12870, '05:09:00', '05:09:00', 20 );
INSERT INTO "times" VALUES ( 20122, 12880, '05:07:00', '05:07:00', 20 );
INSERT INTO "times" VALUES ( 20122, 12890, '05:05:00', '05:05:00', 20 );
INSERT INTO "times" VALUES ( 20122, 12900, '05:04:00', '05:04:00', 20 );
INSERT INTO "times" VALUES ( 20122, 13510, '05:02:00', '05:02:00', 30 );
INSERT INTO "times" VALUES ( 20122, 13520, NULL, '05:00:00', 30 );

INSERT INTO "dias" VALUES ( 20123, 120, FALSE, TRUE, 'K0503A', 12900, 12510 );
INSERT INTO "dias_line_groups" VALUES ( 20123, 10 );
INSERT INTO "times" VALUES ( 20123, 12510, '07:14:00', NULL, NULL );
INSERT INTO "times" VALUES ( 20123, 12520, '07:11:00', '07:11:00', 20 );
INSERT INTO "times" VALUES ( 20123, 12530, '07:10:00', '07:10:00', 20 );
INSERT INTO "times" VALUES ( 20123, 12540, '07:07:00', '07:07:00', 20 );
INSERT INTO "times" VALUES ( 20123, 12610, '07:02:00', '07:02:00', 20 );
INSERT INTO "times" VALUES ( 20123, 12660, '06:57:00', '06:57:00', 20 );
INSERT INTO "times" VALUES ( 20123, 12670, '06:54:00', '06:54:00', 20 );
INSERT INTO "times" VALUES ( 20123, 12680, '06:51:00', '06:51:00', 20 );
INSERT INTO "times" VALUES ( 20123, 12690, '06:48:00', '06:48:00', 20 );
INSERT INTO "times" VALUES ( 20123, 12700, '06:46:00', '06:46:00', 20 );
INSERT INTO "times" VALUES ( 20123, 12710, '06:40:00', '06:44:00', 20 );
INSERT INTO "times" VALUES ( 20123, 12720, '06:38:00', '06:38:00', 20 );
INSERT INTO "times" VALUES ( 20123, 12730, '06:35:00', '06:35:00', 20 );
INSERT INTO "times" VALUES ( 20123, 12740, '06:33:00', '06:33:00', 20 );
INSERT INTO "times" VALUES ( 20123, 12750, '06:30:00', '06:30:00', 20 );
INSERT INTO "times" VALUES ( 20123, 12760, '06:28:00', '06:28:00', 20 );
INSERT INTO "times" VALUES ( 20123, 12770, '06:24:00', '06:24:00', 20 );
INSERT INTO "times" VALUES ( 20123, 12780, '06:19:00', '06:19:00', 20 );
INSERT INTO "times" VALUES ( 20123, 12790, '06:17:00', '06:17:00', 20 );
INSERT INTO "times" VALUES ( 20123, 12800, '06:16:00', '06:16:00', 20 );
INSERT INTO "times" VALUES ( 20123, 12810, '06:13:00', '06:13:00', 20 );
INSERT INTO "times" VALUES ( 20123, 12820, '06:12:00', '06:12:00', 20 );
INSERT INTO "times" VALUES ( 20123, 12830, '06:10:00', '06:10:00', 20 );
INSERT INTO "times" VALUES ( 20123, 12840, '06:08:00', '06:08:00', 20 );
INSERT INTO "times" VALUES ( 20123, 12850, '06:07:00', '06:07:00', 20 );
INSERT INTO "times" VALUES ( 20123, 12860, '06:05:00', '06:05:00', 20 );
INSERT INTO "times" VALUES ( 20123, 12870, '06:03:00', '06:03:00', 20 );
INSERT INTO "times" VALUES ( 20123, 12880, '06:02:00', '06:02:00', 20 );
INSERT INTO "times" VALUES ( 20123, 12890, '06:00:00', '06:00:00', 20 );
INSERT INTO "times" VALUES ( 20123, 12900, NULL, '05:58:00', 20 );

INSERT INTO "dias" VALUES ( 20124, 120, FALSE, TRUE, 'K0600Z', 12510, 13520 );
INSERT INTO "dias_line_groups" VALUES ( 20124, 10 );
INSERT INTO "times" VALUES ( 20124, 12510, NULL, '06:30:00', 20 );
INSERT INTO "times" VALUES ( 20124, 12520, '06:31:00', '06:31:00', 20 );
INSERT INTO "times" VALUES ( 20124, 12530, '06:33:00', '06:33:00', 20 );
INSERT INTO "times" VALUES ( 20124, 12540, '06:36:00', '06:37:00', 20 );
INSERT INTO "times" VALUES ( 20124, 12610, '06:42:00', '06:42:00', 20 );
INSERT INTO "times" VALUES ( 20124, 12660, '06:46:00', '06:46:00', 20 );
INSERT INTO "times" VALUES ( 20124, 12670, '06:49:00', '06:49:00', 20 );
INSERT INTO "times" VALUES ( 20124, 12680, '06:52:00', '06:52:00', 20 );
INSERT INTO "times" VALUES ( 20124, 12690, '06:54:00', '06:54:00', 20 );
INSERT INTO "times" VALUES ( 20124, 12700, '06:56:00', '06:56:00', 20 );
INSERT INTO "times" VALUES ( 20124, 12710, '06:58:00', '07:03:00', 20 );
INSERT INTO "times" VALUES ( 20124, 12720, '07:05:00', '07:05:00', 20 );
INSERT INTO "times" VALUES ( 20124, 12730, '07:07:00', '07:07:00', 20 );
INSERT INTO "times" VALUES ( 20124, 12740, '07:10:00', '07:10:00', 20 );
INSERT INTO "times" VALUES ( 20124, 12750, '07:13:00', '07:13:00', 20 );
INSERT INTO "times" VALUES ( 20124, 12760, '07:16:00', '07:16:00', 20 );
INSERT INTO "times" VALUES ( 20124, 12770, '07:20:00', '07:20:00', 20 );
INSERT INTO "times" VALUES ( 20124, 12780, '07:24:00', '07:24:00', 20 );
INSERT INTO "times" VALUES ( 20124, 12790, '07:25:00', '07:25:00', 20 );
INSERT INTO "times" VALUES ( 20124, 12800, '07:27:00', '07:31:00', 20 );
INSERT INTO "times" VALUES ( 20124, 12810, '07:33:00', '07:33:00', 20 );
INSERT INTO "times" VALUES ( 20124, 12820, '07:35:00', '07:35:00', 20 );
INSERT INTO "times" VALUES ( 20124, 12830, '07:37:00', '07:37:00', 20 );
INSERT INTO "times" VALUES ( 20124, 12840, '07:38:00', '07:38:00', 20 );
INSERT INTO "times" VALUES ( 20124, 12850, '07:39:00', '07:39:00', 20 );
INSERT INTO "times" VALUES ( 20124, 12860, '07:41:00', '07:41:00', 20 );
INSERT INTO "times" VALUES ( 20124, 12870, '07:43:00', '07:43:00', 20 );
INSERT INTO "times" VALUES ( 20124, 12880, '07:44:00', '07:44:00', 20 );
INSERT INTO "times" VALUES ( 20124, 12890, '07:46:00', '07:46:00', 20 );
INSERT INTO "times" VALUES ( 20124, 12900, '07:48:00', '07:53:00', 20 );
INSERT INTO "times" VALUES ( 20124, 13510, '07:55:00', '07:55:00', 30 );
INSERT INTO "times" VALUES ( 20124, 13520, '07:58:00', NULL, NULL );

INSERT INTO "dias" VALUES ( 20125, 120, FALSE, TRUE, 'K0601A', 13520, 12510 );
INSERT INTO "dias_line_groups" VALUES ( 20125, 10 );
INSERT INTO "times" VALUES ( 20125, 12510, '07:36:00', NULL, NULL );
INSERT INTO "times" VALUES ( 20125, 12520, '07:34:00', '07:34:00', 20 );
INSERT INTO "times" VALUES ( 20125, 12530, '07:32:00', '07:32:00', 20 );
INSERT INTO "times" VALUES ( 20125, 12540, '07:29:00', '07:29:00', 20 );
INSERT INTO "times" VALUES ( 20125, 12610, '07:24:00', '07:24:00', 20 );
INSERT INTO "times" VALUES ( 20125, 12660, '07:18:00', '07:19:00', 20 );
INSERT INTO "times" VALUES ( 20125, 12670, '07:15:00', '07:15:00', 20 );
INSERT INTO "times" VALUES ( 20125, 12680, '07:13:00', '07:13:00', 20 );
INSERT INTO "times" VALUES ( 20125, 12690, '07:10:00', '07:10:00', 20 );
INSERT INTO "times" VALUES ( 20125, 12700, '07:08:00', '07:08:00', 20 );
INSERT INTO "times" VALUES ( 20125, 12710, '07:06:00', '07:06:00', 20 );
INSERT INTO "times" VALUES ( 20125, 12720, '07:03:00', '07:03:00', 20 );
INSERT INTO "times" VALUES ( 20125, 12730, '07:01:00', '07:01:00', 20 );
INSERT INTO "times" VALUES ( 20125, 12740, '06:54:00', '06:58:00', 20 );
INSERT INTO "times" VALUES ( 20125, 12750, '06:50:00', '06:50:00', 20 );
INSERT INTO "times" VALUES ( 20125, 12760, '06:48:00', '06:48:00', 20 );
INSERT INTO "times" VALUES ( 20125, 12770, '06:44:00', '06:44:00', 20 );
INSERT INTO "times" VALUES ( 20125, 12780, '06:39:00', '06:39:00', 20 );
INSERT INTO "times" VALUES ( 20125, 12790, '06:37:00', '06:37:00', 20 );
INSERT INTO "times" VALUES ( 20125, 12800, '06:31:00', '06:35:00', 20 );
INSERT INTO "times" VALUES ( 20125, 12810, '06:29:00', '06:29:00', 20 );
INSERT INTO "times" VALUES ( 20125, 12820, '06:27:00', '06:27:00', 20 );
INSERT INTO "times" VALUES ( 20125, 12830, '06:26:00', '06:26:00', 20 );
INSERT INTO "times" VALUES ( 20125, 12840, '06:24:00', '06:24:00', 20 );
INSERT INTO "times" VALUES ( 20125, 12850, '06:23:00', '06:23:00', 20 );
INSERT INTO "times" VALUES ( 20125, 12860, '06:21:00', '06:21:00', 20 );
INSERT INTO "times" VALUES ( 20125, 12870, '06:19:00', '06:19:00', 20 );
INSERT INTO "times" VALUES ( 20125, 12880, '06:17:00', '06:17:00', 20 );
INSERT INTO "times" VALUES ( 20125, 12890, '06:16:00', '06:16:00', 20 );
INSERT INTO "times" VALUES ( 20125, 12900, '06:11:00', '06:14:00', 20 );
INSERT INTO "times" VALUES ( 20125, 13510, '06:08:00', '06:08:00', 30 );
INSERT INTO "times" VALUES ( 20125, 13520, NULL, '06:06:00', 30 );

INSERT INTO "dias" VALUES ( 20126, 120, FALSE, TRUE, 'K0602Z', 12510, 13520 );
INSERT INTO "dias_line_groups" VALUES ( 20126, 10 );
INSERT INTO "times" VALUES ( 20126, 12510, NULL, '06:51:00', 20 );
INSERT INTO "times" VALUES ( 20126, 12520, '06:53:00', '06:53:00', 20 );
INSERT INTO "times" VALUES ( 20126, 12530, '06:55:00', '06:55:00', 20 );
INSERT INTO "times" VALUES ( 20126, 12540, '06:58:00', '06:58:00', 20 );
INSERT INTO "times" VALUES ( 20126, 12610, '07:03:00', '07:03:00', 20 );
INSERT INTO "times" VALUES ( 20126, 12660, '07:07:00', '07:07:00', 20 );
INSERT INTO "times" VALUES ( 20126, 12670, '07:10:00', '07:10:00', 20 );
INSERT INTO "times" VALUES ( 20126, 12680, '07:13:00', '07:13:00', 20 );
INSERT INTO "times" VALUES ( 20126, 12690, '07:15:00', '07:15:00', 20 );
INSERT INTO "times" VALUES ( 20126, 12700, '07:17:00', '07:17:00', 20 );
INSERT INTO "times" VALUES ( 20126, 12710, '07:19:00', '07:23:00', 20 );
INSERT INTO "times" VALUES ( 20126, 12720, '07:25:00', '07:25:00', 20 );
INSERT INTO "times" VALUES ( 20126, 12730, '07:27:00', '07:27:00', 20 );
INSERT INTO "times" VALUES ( 20126, 12740, '07:31:00', '07:31:00', 20 );
INSERT INTO "times" VALUES ( 20126, 12750, '07:33:00', '07:33:00', 20 );
INSERT INTO "times" VALUES ( 20126, 12760, '07:36:00', '07:36:00', 20 );
INSERT INTO "times" VALUES ( 20126, 12770, '07:40:00', '07:40:00', 20 );
INSERT INTO "times" VALUES ( 20126, 12780, '07:45:00', '07:45:00', 20 );
INSERT INTO "times" VALUES ( 20126, 12790, '07:46:00', '07:46:00', 20 );
INSERT INTO "times" VALUES ( 20126, 12800, '07:48:00', '07:51:00', 20 );
INSERT INTO "times" VALUES ( 20126, 12810, '07:53:00', '07:53:00', 20 );
INSERT INTO "times" VALUES ( 20126, 12820, '07:55:00', '07:55:00', 20 );
INSERT INTO "times" VALUES ( 20126, 12830, '07:57:00', '07:57:00', 20 );
INSERT INTO "times" VALUES ( 20126, 12840, '07:58:00', '07:58:00', 20 );
INSERT INTO "times" VALUES ( 20126, 12850, '07:59:00', '07:59:00', 20 );
INSERT INTO "times" VALUES ( 20126, 12860, '08:01:00', '08:01:00', 20 );
INSERT INTO "times" VALUES ( 20126, 12870, '08:03:00', '08:03:00', 20 );
INSERT INTO "times" VALUES ( 20126, 12880, '08:04:00', '08:04:00', 20 );
INSERT INTO "times" VALUES ( 20126, 12890, '08:06:00', '08:06:00', 20 );
INSERT INTO "times" VALUES ( 20126, 12900, '08:08:00', '08:12:00', 20 );
INSERT INTO "times" VALUES ( 20126, 13510, '08:14:00', '08:14:00', 30 );
INSERT INTO "times" VALUES ( 20126, 13520, '08:17:00', NULL, NULL );

INSERT INTO "dias" VALUES ( 20127, 120, FALSE, TRUE, 'K0603A', 13520, 12510 );
INSERT INTO "dias_line_groups" VALUES ( 20127, 10 );
INSERT INTO "times" VALUES ( 20127, 12510, '07:56:00', NULL, NULL );
INSERT INTO "times" VALUES ( 20127, 12520, '07:54:00', '07:54:00', 20 );
INSERT INTO "times" VALUES ( 20127, 12530, '07:52:00', '07:52:00', 20 );
INSERT INTO "times" VALUES ( 20127, 12540, '07:48:00', '07:49:00', 20 );
INSERT INTO "times" VALUES ( 20127, 12610, '07:43:00', '07:43:00', 20 );
INSERT INTO "times" VALUES ( 20127, 12660, '07:39:00', '07:39:00', 20 );
INSERT INTO "times" VALUES ( 20127, 12670, '07:36:00', '07:36:00', 20 );
INSERT INTO "times" VALUES ( 20127, 12680, '07:33:00', '07:33:00', 20 );
INSERT INTO "times" VALUES ( 20127, 12690, '07:30:00', '07:30:00', 20 );
INSERT INTO "times" VALUES ( 20127, 12700, '07:28:00', '07:28:00', 20 );
INSERT INTO "times" VALUES ( 20127, 12710, '07:26:00', '07:26:00', 20 );
INSERT INTO "times" VALUES ( 20127, 12720, '07:23:00', '07:23:00', 20 );
INSERT INTO "times" VALUES ( 20127, 12730, '07:21:00', '07:21:00', 20 );
INSERT INTO "times" VALUES ( 20127, 12740, '07:14:00', '07:18:00', 20 );
INSERT INTO "times" VALUES ( 20127, 12750, '07:10:00', '07:10:00', 20 );
INSERT INTO "times" VALUES ( 20127, 12760, '07:08:00', '07:08:00', 20 );
INSERT INTO "times" VALUES ( 20127, 12770, '07:04:00', '07:04:00', 20 );
INSERT INTO "times" VALUES ( 20127, 12780, '06:58:00', '06:59:00', 20 );
INSERT INTO "times" VALUES ( 20127, 12790, '06:57:00', '06:57:00', 20 );
INSERT INTO "times" VALUES ( 20127, 12800, '06:51:00', '06:55:00', 20 );
INSERT INTO "times" VALUES ( 20127, 12810, '06:49:00', '06:49:00', 20 );
INSERT INTO "times" VALUES ( 20127, 12820, '06:47:00', '06:47:00', 20 );
INSERT INTO "times" VALUES ( 20127, 12830, '06:46:00', '06:46:00', 20 );
INSERT INTO "times" VALUES ( 20127, 12840, '06:44:00', '06:44:00', 20 );
INSERT INTO "times" VALUES ( 20127, 12850, '06:43:00', '06:43:00', 20 );
INSERT INTO "times" VALUES ( 20127, 12860, '06:41:00', '06:41:00', 20 );
INSERT INTO "times" VALUES ( 20127, 12870, '06:39:00', '06:39:00', 20 );
INSERT INTO "times" VALUES ( 20127, 12880, '06:37:00', '06:37:00', 20 );
INSERT INTO "times" VALUES ( 20127, 12890, '06:36:00', '06:36:00', 20 );
INSERT INTO "times" VALUES ( 20127, 12900, '06:31:00', '06:34:00', 20 );
INSERT INTO "times" VALUES ( 20127, 13510, '06:28:00', '06:28:00', 30 );
INSERT INTO "times" VALUES ( 20127, 13520, NULL, '06:26:00', 30 );

INSERT INTO "dias" VALUES ( 20128, 120, FALSE, TRUE, 'K0605A', 13520, 12510 );
INSERT INTO "dias_line_groups" VALUES ( 20128, 10 );
INSERT INTO "times" VALUES ( 20128, 12510, '08:17:00', NULL, NULL );
INSERT INTO "times" VALUES ( 20128, 12520, '08:15:00', '08:15:00', 20 );
INSERT INTO "times" VALUES ( 20128, 12530, '08:14:00', '08:14:00', 20 );
INSERT INTO "times" VALUES ( 20128, 12540, '08:11:00', '08:11:00', 20 );
INSERT INTO "times" VALUES ( 20128, 12610, '08:05:00', '08:05:00', 20 );
INSERT INTO "times" VALUES ( 20128, 12660, '08:01:00', '08:01:00', 20 );
INSERT INTO "times" VALUES ( 20128, 12670, '07:57:00', '07:57:00', 20 );
INSERT INTO "times" VALUES ( 20128, 12680, '07:54:00', '07:54:00', 20 );
INSERT INTO "times" VALUES ( 20128, 12690, '07:51:00', '07:51:00', 20 );
INSERT INTO "times" VALUES ( 20128, 12700, '07:49:00', '07:49:00', 20 );
INSERT INTO "times" VALUES ( 20128, 12710, '07:47:00', '07:47:00', 20 );
INSERT INTO "times" VALUES ( 20128, 12720, '07:44:00', '07:44:00', 20 );
INSERT INTO "times" VALUES ( 20128, 12730, '07:42:00', '07:42:00', 20 );
INSERT INTO "times" VALUES ( 20128, 12740, '07:34:00', '07:39:00', 20 );
INSERT INTO "times" VALUES ( 20128, 12750, '07:30:00', '07:30:00', 20 );
INSERT INTO "times" VALUES ( 20128, 12760, '07:28:00', '07:28:00', 20 );
INSERT INTO "times" VALUES ( 20128, 12770, '07:24:00', '07:24:00', 20 );
INSERT INTO "times" VALUES ( 20128, 12780, '07:19:00', '07:19:00', 20 );
INSERT INTO "times" VALUES ( 20128, 12790, '07:17:00', '07:17:00', 20 );
INSERT INTO "times" VALUES ( 20128, 12800, '07:11:00', '07:15:00', 20 );
INSERT INTO "times" VALUES ( 20128, 12810, '07:09:00', '07:09:00', 20 );
INSERT INTO "times" VALUES ( 20128, 12820, '07:07:00', '07:07:00', 20 );
INSERT INTO "times" VALUES ( 20128, 12830, '07:06:00', '07:06:00', 20 );
INSERT INTO "times" VALUES ( 20128, 12840, '07:04:00', '07:04:00', 20 );
INSERT INTO "times" VALUES ( 20128, 12850, '07:03:00', '07:03:00', 20 );
INSERT INTO "times" VALUES ( 20128, 12860, '07:01:00', '07:01:00', 20 );
INSERT INTO "times" VALUES ( 20128, 12870, '06:59:00', '06:59:00', 20 );
INSERT INTO "times" VALUES ( 20128, 12880, '06:57:00', '06:57:00', 20 );
INSERT INTO "times" VALUES ( 20128, 12890, '06:56:00', '06:56:00', 20 );
INSERT INTO "times" VALUES ( 20128, 12900, '06:51:00', '06:54:00', 20 );
INSERT INTO "times" VALUES ( 20128, 13510, '06:48:00', '06:48:00', 30 );
INSERT INTO "times" VALUES ( 20128, 13520, NULL, '06:46:00', 30 );

INSERT INTO "dias" VALUES ( 20129, 120, FALSE, TRUE, 'K0700Z', 12510, 13520 );
INSERT INTO "dias_line_groups" VALUES ( 20129, 10 );
INSERT INTO "times" VALUES ( 20129, 12510, NULL, '07:11:00', 20 );
INSERT INTO "times" VALUES ( 20129, 12520, '07:13:00', '07:13:00', 20 );
INSERT INTO "times" VALUES ( 20129, 12530, '07:15:00', '07:15:00', 20 );
INSERT INTO "times" VALUES ( 20129, 12540, '07:18:00', '07:18:00', 20 );
INSERT INTO "times" VALUES ( 20129, 12610, '07:23:00', '07:23:00', 20 );
INSERT INTO "times" VALUES ( 20129, 12660, '07:27:00', '07:27:00', 20 );
INSERT INTO "times" VALUES ( 20129, 12670, '07:30:00', '07:30:00', 20 );
INSERT INTO "times" VALUES ( 20129, 12680, '07:33:00', '07:33:00', 20 );
INSERT INTO "times" VALUES ( 20129, 12690, '07:35:00', '07:35:00', 20 );
INSERT INTO "times" VALUES ( 20129, 12700, '07:37:00', '07:37:00', 20 );
INSERT INTO "times" VALUES ( 20129, 12710, '07:39:00', '07:43:00', 20 );
INSERT INTO "times" VALUES ( 20129, 12720, '07:45:00', '07:45:00', 20 );
INSERT INTO "times" VALUES ( 20129, 12730, '07:47:00', '07:47:00', 20 );
INSERT INTO "times" VALUES ( 20129, 12740, '07:51:00', '07:51:00', 20 );
INSERT INTO "times" VALUES ( 20129, 12750, '07:53:00', '07:53:00', 20 );
INSERT INTO "times" VALUES ( 20129, 12760, '07:56:00', '07:56:00', 20 );
INSERT INTO "times" VALUES ( 20129, 12770, '08:00:00', '08:00:00', 20 );
INSERT INTO "times" VALUES ( 20129, 12780, '08:04:00', '08:05:00', 20 );
INSERT INTO "times" VALUES ( 20129, 12790, '08:06:00', '08:06:00', 20 );
INSERT INTO "times" VALUES ( 20129, 12800, '08:08:00', '08:13:00', 20 );
INSERT INTO "times" VALUES ( 20129, 12810, '08:15:00', '08:15:00', 20 );
INSERT INTO "times" VALUES ( 20129, 12820, '08:17:00', '08:17:00', 20 );
INSERT INTO "times" VALUES ( 20129, 12830, '08:19:00', '08:19:00', 20 );
INSERT INTO "times" VALUES ( 20129, 12840, '08:20:00', '08:20:00', 20 );
INSERT INTO "times" VALUES ( 20129, 12850, '08:21:00', '08:21:00', 20 );
INSERT INTO "times" VALUES ( 20129, 12860, '08:23:00', '08:23:00', 20 );
INSERT INTO "times" VALUES ( 20129, 12870, '08:25:00', '08:25:00', 20 );
INSERT INTO "times" VALUES ( 20129, 12880, '08:26:00', '08:26:00', 20 );
INSERT INTO "times" VALUES ( 20129, 12890, '08:28:00', '08:28:00', 20 );
INSERT INTO "times" VALUES ( 20129, 12900, '08:30:00', '08:33:00', 20 );
INSERT INTO "times" VALUES ( 20129, 13510, '08:35:00', '08:35:00', 30 );
INSERT INTO "times" VALUES ( 20129, 13520, '08:38:00', NULL, NULL );

INSERT INTO "dias" VALUES ( 20130, 120, FALSE, TRUE, 'K0701A', 13520, 12510 );
INSERT INTO "dias_line_groups" VALUES ( 20130, 10 );
INSERT INTO "times" VALUES ( 20130, 12510, '08:36:00', NULL, NULL );
INSERT INTO "times" VALUES ( 20130, 12520, '08:34:00', '08:34:00', 20 );
INSERT INTO "times" VALUES ( 20130, 12530, '08:32:00', '08:32:00', 20 );
INSERT INTO "times" VALUES ( 20130, 12540, '08:29:00', '08:29:00', 20 );
INSERT INTO "times" VALUES ( 20130, 12610, '08:24:00', '08:24:00', 20 );
INSERT INTO "times" VALUES ( 20130, 12660, '08:19:00', '08:19:00', 20 );
INSERT INTO "times" VALUES ( 20130, 12670, '08:16:00', '08:16:00', 20 );
INSERT INTO "times" VALUES ( 20130, 12680, '08:13:00', '08:13:00', 20 );
INSERT INTO "times" VALUES ( 20130, 12690, '08:10:00', '08:10:00', 20 );
INSERT INTO "times" VALUES ( 20130, 12700, '08:08:00', '08:08:00', 20 );
INSERT INTO "times" VALUES ( 20130, 12710, '08:06:00', '08:06:00', 20 );
INSERT INTO "times" VALUES ( 20130, 12720, '08:03:00', '08:03:00', 20 );
INSERT INTO "times" VALUES ( 20130, 12730, '08:01:00', '08:01:00', 20 );
INSERT INTO "times" VALUES ( 20130, 12740, '07:54:00', '07:58:00', 20 );
INSERT INTO "times" VALUES ( 20130, 12750, '07:51:00', '07:51:00', 20 );
INSERT INTO "times" VALUES ( 20130, 12760, '07:48:00', '07:48:00', 20 );
INSERT INTO "times" VALUES ( 20130, 12770, '07:44:00', '07:44:00', 20 );
INSERT INTO "times" VALUES ( 20130, 12780, '07:39:00', '07:39:00', 20 );
INSERT INTO "times" VALUES ( 20130, 12790, '07:37:00', '07:37:00', 20 );
INSERT INTO "times" VALUES ( 20130, 12800, '07:31:00', '07:35:00', 20 );
INSERT INTO "times" VALUES ( 20130, 12810, '07:29:00', '07:29:00', 20 );
INSERT INTO "times" VALUES ( 20130, 12820, '07:27:00', '07:27:00', 20 );
INSERT INTO "times" VALUES ( 20130, 12830, '07:26:00', '07:26:00', 20 );
INSERT INTO "times" VALUES ( 20130, 12840, '07:24:00', '07:24:00', 20 );
INSERT INTO "times" VALUES ( 20130, 12850, '07:23:00', '07:23:00', 20 );
INSERT INTO "times" VALUES ( 20130, 12860, '07:21:00', '07:21:00', 20 );
INSERT INTO "times" VALUES ( 20130, 12870, '07:19:00', '07:19:00', 20 );
INSERT INTO "times" VALUES ( 20130, 12880, '07:17:00', '07:17:00', 20 );
INSERT INTO "times" VALUES ( 20130, 12890, '07:16:00', '07:16:00', 20 );
INSERT INTO "times" VALUES ( 20130, 12900, '07:10:00', '07:14:00', 20 );
INSERT INTO "times" VALUES ( 20130, 13510, '07:08:00', '07:08:00', 30 );
INSERT INTO "times" VALUES ( 20130, 13520, NULL, '07:06:00', 30 );

INSERT INTO "dias" VALUES ( 20131, 120, FALSE, TRUE, 'K0702Z', 12510, 13520 );
INSERT INTO "dias_line_groups" VALUES ( 20131, 10 );
INSERT INTO "times" VALUES ( 20131, 12510, NULL, '07:32:00', 20 );
INSERT INTO "times" VALUES ( 20131, 12520, '07:33:00', '07:33:00', 20 );
INSERT INTO "times" VALUES ( 20131, 12530, '07:35:00', '07:35:00', 20 );
INSERT INTO "times" VALUES ( 20131, 12540, '07:39:00', '07:39:00', 20 );
INSERT INTO "times" VALUES ( 20131, 12610, '07:44:00', '07:44:00', 20 );
INSERT INTO "times" VALUES ( 20131, 12660, '07:49:00', '07:49:00', 20 );
INSERT INTO "times" VALUES ( 20131, 12670, '07:51:00', '07:51:00', 20 );
INSERT INTO "times" VALUES ( 20131, 12680, '07:54:00', '07:54:00', 20 );
INSERT INTO "times" VALUES ( 20131, 12690, '07:56:00', '07:56:00', 20 );
INSERT INTO "times" VALUES ( 20131, 12700, '07:58:00', '07:58:00', 20 );
INSERT INTO "times" VALUES ( 20131, 12710, '08:00:00', '08:04:00', 20 );
INSERT INTO "times" VALUES ( 20131, 12720, '08:07:00', '08:07:00', 20 );
INSERT INTO "times" VALUES ( 20131, 12730, '08:09:00', '08:09:00', 20 );
INSERT INTO "times" VALUES ( 20131, 12740, '08:12:00', '08:12:00', 20 );
INSERT INTO "times" VALUES ( 20131, 12750, '08:15:00', '08:15:00', 20 );
INSERT INTO "times" VALUES ( 20131, 12760, '08:18:00', '08:18:00', 20 );
INSERT INTO "times" VALUES ( 20131, 12770, '08:22:00', '08:22:00', 20 );
INSERT INTO "times" VALUES ( 20131, 12780, '08:26:00', '08:26:00', 20 );
INSERT INTO "times" VALUES ( 20131, 12790, '08:27:00', '08:27:00', 20 );
INSERT INTO "times" VALUES ( 20131, 12800, '08:29:00', '08:33:00', 20 );
INSERT INTO "times" VALUES ( 20131, 12810, '08:35:00', '08:35:00', 20 );
INSERT INTO "times" VALUES ( 20131, 12820, '08:37:00', '08:37:00', 20 );
INSERT INTO "times" VALUES ( 20131, 12830, '08:39:00', '08:39:00', 20 );
INSERT INTO "times" VALUES ( 20131, 12840, '08:40:00', '08:40:00', 20 );
INSERT INTO "times" VALUES ( 20131, 12850, '08:41:00', '08:41:00', 20 );
INSERT INTO "times" VALUES ( 20131, 12860, '08:43:00', '08:43:00', 20 );
INSERT INTO "times" VALUES ( 20131, 12870, '08:45:00', '08:45:00', 20 );
INSERT INTO "times" VALUES ( 20131, 12880, '08:46:00', '08:46:00', 20 );
INSERT INTO "times" VALUES ( 20131, 12890, '08:48:00', '08:48:00', 20 );
INSERT INTO "times" VALUES ( 20131, 12900, '08:50:00', '08:53:00', 20 );
INSERT INTO "times" VALUES ( 20131, 13510, '08:55:00', '08:55:00', 30 );
INSERT INTO "times" VALUES ( 20131, 13520, '08:58:00', NULL, NULL );

INSERT INTO "dias" VALUES ( 20132, 120, FALSE, TRUE, 'K0703A', 13520, 12510 );
INSERT INTO "dias_line_groups" VALUES ( 20132, 10 );
INSERT INTO "times" VALUES ( 20132, 12510, '08:54:00', NULL, NULL );
INSERT INTO "times" VALUES ( 20132, 12520, '08:52:00', '08:52:00', 20 );
INSERT INTO "times" VALUES ( 20132, 12530, '08:50:00', '08:50:00', 20 );
INSERT INTO "times" VALUES ( 20132, 12540, '08:47:00', '08:47:00', 20 );
INSERT INTO "times" VALUES ( 20132, 12610, '08:42:00', '08:42:00', 20 );
INSERT INTO "times" VALUES ( 20132, 12660, '08:38:00', '08:38:00', 20 );
INSERT INTO "times" VALUES ( 20132, 12670, '08:34:00', '08:34:00', 20 );
INSERT INTO "times" VALUES ( 20132, 12680, '08:32:00', '08:32:00', 20 );
INSERT INTO "times" VALUES ( 20132, 12690, '08:29:00', '08:29:00', 20 );
INSERT INTO "times" VALUES ( 20132, 12700, '08:27:00', '08:27:00', 20 );
INSERT INTO "times" VALUES ( 20132, 12710, '08:21:00', '08:25:00', 20 );
INSERT INTO "times" VALUES ( 20132, 12720, '08:18:00', '08:18:00', 20 );
INSERT INTO "times" VALUES ( 20132, 12730, '08:16:00', '08:16:00', 20 );
INSERT INTO "times" VALUES ( 20132, 12740, '08:13:00', '08:13:00', 20 );
INSERT INTO "times" VALUES ( 20132, 12750, '08:10:00', '08:10:00', 20 );
INSERT INTO "times" VALUES ( 20132, 12760, '08:08:00', '08:08:00', 20 );
INSERT INTO "times" VALUES ( 20132, 12770, '08:04:00', '08:04:00', 20 );
INSERT INTO "times" VALUES ( 20132, 12780, '07:59:00', '07:59:00', 20 );
INSERT INTO "times" VALUES ( 20132, 12790, '07:57:00', '07:57:00', 20 );
INSERT INTO "times" VALUES ( 20132, 12800, '07:51:00', '07:55:00', 20 );
INSERT INTO "times" VALUES ( 20132, 12810, '07:49:00', '07:49:00', 20 );
INSERT INTO "times" VALUES ( 20132, 12820, '07:47:00', '07:47:00', 20 );
INSERT INTO "times" VALUES ( 20132, 12830, '07:46:00', '07:46:00', 20 );
INSERT INTO "times" VALUES ( 20132, 12840, '07:44:00', '07:44:00', 20 );
INSERT INTO "times" VALUES ( 20132, 12850, '07:43:00', '07:43:00', 20 );
INSERT INTO "times" VALUES ( 20132, 12860, '07:41:00', '07:41:00', 20 );
INSERT INTO "times" VALUES ( 20132, 12870, '07:39:00', '07:39:00', 20 );
INSERT INTO "times" VALUES ( 20132, 12880, '07:37:00', '07:37:00', 20 );
INSERT INTO "times" VALUES ( 20132, 12890, '07:36:00', '07:36:00', 20 );
INSERT INTO "times" VALUES ( 20132, 12900, '07:31:00', '07:34:00', 20 );
INSERT INTO "times" VALUES ( 20132, 13510, '07:28:00', '07:28:00', 30 );
INSERT INTO "times" VALUES ( 20132, 13520, NULL, '07:26:00', 30 );

INSERT INTO "dias" VALUES ( 20133, 120, FALSE, TRUE, 'K0704Z', 12510, 13520 );
INSERT INTO "dias_line_groups" VALUES ( 20133, 10 );
INSERT INTO "times" VALUES ( 20133, 12510, NULL, '07:42:00', 20 );
INSERT INTO "times" VALUES ( 20133, 12520, '07:43:00', '07:43:00', 20 );
INSERT INTO "times" VALUES ( 20133, 12530, '07:45:00', '07:45:00', 20 );
INSERT INTO "times" VALUES ( 20133, 12540, '07:49:00', '07:49:00', 20 );
INSERT INTO "times" VALUES ( 20133, 12610, '07:54:00', '07:54:00', 20 );
INSERT INTO "times" VALUES ( 20133, 12660, '07:59:00', '07:59:00', 20 );
INSERT INTO "times" VALUES ( 20133, 12670, '08:01:00', '08:01:00', 20 );
INSERT INTO "times" VALUES ( 20133, 12680, '08:04:00', '08:04:00', 20 );
INSERT INTO "times" VALUES ( 20133, 12690, '08:06:00', '08:06:00', 20 );
INSERT INTO "times" VALUES ( 20133, 12700, '08:08:00', '08:08:00', 20 );
INSERT INTO "times" VALUES ( 20133, 12710, '08:10:00', '08:14:00', 20 );
INSERT INTO "times" VALUES ( 20133, 12720, '08:17:00', '08:17:00', 20 );
INSERT INTO "times" VALUES ( 20133, 12730, '08:19:00', '08:19:00', 20 );
INSERT INTO "times" VALUES ( 20133, 12740, '08:22:00', '08:22:00', 20 );
INSERT INTO "times" VALUES ( 20133, 12750, '08:25:00', '08:25:00', 20 );
INSERT INTO "times" VALUES ( 20133, 12760, '08:28:00', '08:28:00', 20 );
INSERT INTO "times" VALUES ( 20133, 12770, '08:32:00', '08:32:00', 20 );
INSERT INTO "times" VALUES ( 20133, 12780, '08:36:00', '08:36:00', 20 );
INSERT INTO "times" VALUES ( 20133, 12790, '08:37:00', '08:37:00', 20 );
INSERT INTO "times" VALUES ( 20133, 12800, '08:39:00', '08:43:00', 20 );
INSERT INTO "times" VALUES ( 20133, 12810, '08:45:00', '08:45:00', 20 );
INSERT INTO "times" VALUES ( 20133, 12820, '08:47:00', '08:47:00', 20 );
INSERT INTO "times" VALUES ( 20133, 12830, '08:49:00', '08:49:00', 20 );
INSERT INTO "times" VALUES ( 20133, 12840, '08:50:00', '08:50:00', 20 );
INSERT INTO "times" VALUES ( 20133, 12850, '08:51:00', '08:51:00', 20 );
INSERT INTO "times" VALUES ( 20133, 12860, '08:53:00', '08:53:00', 20 );
INSERT INTO "times" VALUES ( 20133, 12870, '08:55:00', '08:55:00', 20 );
INSERT INTO "times" VALUES ( 20133, 12880, '08:56:00', '08:56:00', 20 );
INSERT INTO "times" VALUES ( 20133, 12890, '08:58:00', '08:58:00', 20 );
INSERT INTO "times" VALUES ( 20133, 12900, '09:00:00', '09:03:00', 20 );
INSERT INTO "times" VALUES ( 20133, 13510, '09:05:00', '09:05:00', 30 );
INSERT INTO "times" VALUES ( 20133, 13520, '09:08:00', NULL, NULL );

INSERT INTO "dias" VALUES ( 20134, 120, FALSE, TRUE, 'K0800Z', 12510, 13520 );
INSERT INTO "dias_line_groups" VALUES ( 20134, 10 );
INSERT INTO "times" VALUES ( 20134, 12510, NULL, '08:02:00', 20 );
INSERT INTO "times" VALUES ( 20134, 12520, '08:03:00', '08:03:00', 20 );
INSERT INTO "times" VALUES ( 20134, 12530, '08:05:00', '08:05:00', 20 );
INSERT INTO "times" VALUES ( 20134, 12540, '08:09:00', '08:09:00', 20 );
INSERT INTO "times" VALUES ( 20134, 12610, '08:14:00', '08:14:00', 20 );
INSERT INTO "times" VALUES ( 20134, 12660, '08:18:00', '08:18:00', 20 );
INSERT INTO "times" VALUES ( 20134, 12670, '08:21:00', '08:21:00', 20 );
INSERT INTO "times" VALUES ( 20134, 12680, '08:24:00', '08:24:00', 20 );
INSERT INTO "times" VALUES ( 20134, 12690, '08:26:00', '08:26:00', 20 );
INSERT INTO "times" VALUES ( 20134, 12700, '08:28:00', '08:28:00', 20 );
INSERT INTO "times" VALUES ( 20134, 12710, '08:30:00', '08:34:00', 20 );
INSERT INTO "times" VALUES ( 20134, 12720, '08:36:00', '08:36:00', 20 );
INSERT INTO "times" VALUES ( 20134, 12730, '08:39:00', '08:39:00', 20 );
INSERT INTO "times" VALUES ( 20134, 12740, '08:42:00', '08:42:00', 20 );
INSERT INTO "times" VALUES ( 20134, 12750, '08:44:00', '08:44:00', 20 );
INSERT INTO "times" VALUES ( 20134, 12760, '08:47:00', '08:47:00', 20 );
INSERT INTO "times" VALUES ( 20134, 12770, '08:51:00', '08:51:00', 20 );
INSERT INTO "times" VALUES ( 20134, 12780, '08:56:00', '08:56:00', 20 );
INSERT INTO "times" VALUES ( 20134, 12790, '08:57:00', '08:57:00', 20 );
INSERT INTO "times" VALUES ( 20134, 12800, '08:59:00', '09:03:00', 20 );
INSERT INTO "times" VALUES ( 20134, 12810, '09:05:00', '09:05:00', 20 );
INSERT INTO "times" VALUES ( 20134, 12820, '09:06:00', '09:06:00', 20 );
INSERT INTO "times" VALUES ( 20134, 12830, '09:08:00', '09:08:00', 20 );
INSERT INTO "times" VALUES ( 20134, 12840, '09:09:00', '09:09:00', 20 );
INSERT INTO "times" VALUES ( 20134, 12850, '09:11:00', '09:11:00', 20 );
INSERT INTO "times" VALUES ( 20134, 12860, '09:12:00', '09:12:00', 20 );
INSERT INTO "times" VALUES ( 20134, 12870, '09:14:00', '09:14:00', 20 );
INSERT INTO "times" VALUES ( 20134, 12880, '09:16:00', '09:16:00', 20 );
INSERT INTO "times" VALUES ( 20134, 12890, '09:18:00', '09:18:00', 20 );
INSERT INTO "times" VALUES ( 20134, 12900, '09:19:00', '09:23:00', 20 );
INSERT INTO "times" VALUES ( 20134, 13510, '09:25:00', '09:25:00', 30 );
INSERT INTO "times" VALUES ( 20134, 13520, '09:28:00', NULL, NULL );

INSERT INTO "dias" VALUES ( 20135, 120, FALSE, TRUE, 'K0801A', 13520, 12510 );
INSERT INTO "dias_line_groups" VALUES ( 20135, 10 );
INSERT INTO "times" VALUES ( 20135, 12510, '09:39:00', NULL, NULL );
INSERT INTO "times" VALUES ( 20135, 12520, '09:37:00', '09:37:00', 20 );
INSERT INTO "times" VALUES ( 20135, 12530, '09:35:00', '09:35:00', 20 );
INSERT INTO "times" VALUES ( 20135, 12540, '09:31:00', '09:32:00', 20 );
INSERT INTO "times" VALUES ( 20135, 12610, '09:26:00', '09:26:00', 20 );
INSERT INTO "times" VALUES ( 20135, 12660, '09:22:00', '09:22:00', 20 );
INSERT INTO "times" VALUES ( 20135, 12670, '09:19:00', '09:19:00', 20 );
INSERT INTO "times" VALUES ( 20135, 12680, '09:16:00', '09:16:00', 20 );
INSERT INTO "times" VALUES ( 20135, 12690, '09:13:00', '09:13:00', 20 );
INSERT INTO "times" VALUES ( 20135, 12700, '09:11:00', '09:11:00', 20 );
INSERT INTO "times" VALUES ( 20135, 12710, '09:05:00', '09:09:00', 20 );
INSERT INTO "times" VALUES ( 20135, 12720, '09:03:00', '09:03:00', 20 );
INSERT INTO "times" VALUES ( 20135, 12730, '09:00:00', '09:00:00', 20 );
INSERT INTO "times" VALUES ( 20135, 12740, '08:58:00', '08:58:00', 20 );
INSERT INTO "times" VALUES ( 20135, 12750, '08:54:00', '08:54:00', 20 );
INSERT INTO "times" VALUES ( 20135, 12760, '08:52:00', '08:52:00', 20 );
INSERT INTO "times" VALUES ( 20135, 12770, '08:48:00', '08:48:00', 20 );
INSERT INTO "times" VALUES ( 20135, 12780, '08:44:00', '08:44:00', 20 );
INSERT INTO "times" VALUES ( 20135, 12790, '08:41:00', '08:41:00', 20 );
INSERT INTO "times" VALUES ( 20135, 12800, '08:35:00', '08:39:00', 20 );
INSERT INTO "times" VALUES ( 20135, 12810, '08:33:00', '08:33:00', 20 );
INSERT INTO "times" VALUES ( 20135, 12820, '08:32:00', '08:32:00', 20 );
INSERT INTO "times" VALUES ( 20135, 12830, '08:30:00', '08:30:00', 20 );
INSERT INTO "times" VALUES ( 20135, 12840, '08:28:00', '08:28:00', 20 );
INSERT INTO "times" VALUES ( 20135, 12850, '08:27:00', '08:27:00', 20 );
INSERT INTO "times" VALUES ( 20135, 12860, '08:25:00', '08:25:00', 20 );
INSERT INTO "times" VALUES ( 20135, 12870, '08:23:00', '08:23:00', 20 );
INSERT INTO "times" VALUES ( 20135, 12880, '08:22:00', '08:22:00', 20 );
INSERT INTO "times" VALUES ( 20135, 12890, '08:20:00', '08:20:00', 20 );
INSERT INTO "times" VALUES ( 20135, 12900, '08:14:00', '08:18:00', 20 );
INSERT INTO "times" VALUES ( 20135, 13510, '08:11:00', '08:11:00', 30 );
INSERT INTO "times" VALUES ( 20135, 13520, NULL, '08:09:00', 30 );

INSERT INTO "dias" VALUES ( 20136, 120, FALSE, TRUE, 'K0802Z', 12510, 13520 );
INSERT INTO "dias_line_groups" VALUES ( 20136, 10 );
INSERT INTO "times" VALUES ( 20136, 12510, NULL, '08:12:00', 20 );
INSERT INTO "times" VALUES ( 20136, 12520, '08:13:00', '08:13:00', 20 );
INSERT INTO "times" VALUES ( 20136, 12530, '08:15:00', '08:15:00', 20 );
INSERT INTO "times" VALUES ( 20136, 12540, '08:19:00', '08:19:00', 20 );
INSERT INTO "times" VALUES ( 20136, 12610, '08:24:00', '08:24:00', 20 );
INSERT INTO "times" VALUES ( 20136, 12660, '08:28:00', '08:28:00', 20 );
INSERT INTO "times" VALUES ( 20136, 12670, '08:31:00', '08:31:00', 20 );
INSERT INTO "times" VALUES ( 20136, 12680, '08:34:00', '08:34:00', 20 );
INSERT INTO "times" VALUES ( 20136, 12690, '08:36:00', '08:36:00', 20 );
INSERT INTO "times" VALUES ( 20136, 12700, '08:38:00', '08:38:00', 20 );
INSERT INTO "times" VALUES ( 20136, 12710, '08:40:00', '08:44:00', 20 );
INSERT INTO "times" VALUES ( 20136, 12720, '08:46:00', '08:46:00', 20 );
INSERT INTO "times" VALUES ( 20136, 12730, '08:48:00', '08:48:00', 20 );
INSERT INTO "times" VALUES ( 20136, 12740, '08:52:00', '08:52:00', 20 );
INSERT INTO "times" VALUES ( 20136, 12750, '08:54:00', '08:54:00', 20 );
INSERT INTO "times" VALUES ( 20136, 12760, '08:57:00', '08:57:00', 20 );
INSERT INTO "times" VALUES ( 20136, 12770, '09:01:00', '09:01:00', 20 );
INSERT INTO "times" VALUES ( 20136, 12780, '09:06:00', '09:06:00', 20 );
INSERT INTO "times" VALUES ( 20136, 12790, '09:07:00', '09:07:00', 20 );
INSERT INTO "times" VALUES ( 20136, 12800, '09:09:00', '09:13:00', 20 );
INSERT INTO "times" VALUES ( 20136, 12810, '09:14:00', '09:14:00', 20 );
INSERT INTO "times" VALUES ( 20136, 12820, '09:16:00', '09:16:00', 20 );
INSERT INTO "times" VALUES ( 20136, 12830, '09:18:00', '09:18:00', 20 );
INSERT INTO "times" VALUES ( 20136, 12840, '09:19:00', '09:19:00', 20 );
INSERT INTO "times" VALUES ( 20136, 12850, '09:21:00', '09:21:00', 20 );
INSERT INTO "times" VALUES ( 20136, 12860, '09:22:00', '09:22:00', 20 );
INSERT INTO "times" VALUES ( 20136, 12870, '09:24:00', '09:24:00', 20 );
INSERT INTO "times" VALUES ( 20136, 12880, '09:26:00', '09:26:00', 20 );
INSERT INTO "times" VALUES ( 20136, 12890, '09:28:00', '09:28:00', 20 );
INSERT INTO "times" VALUES ( 20136, 12900, '09:29:00', '09:33:00', 20 );
INSERT INTO "times" VALUES ( 20136, 13510, '09:35:00', '09:35:00', 30 );
INSERT INTO "times" VALUES ( 20136, 13520, '09:38:00', NULL, NULL );

INSERT INTO "dias" VALUES ( 20137, 120, FALSE, TRUE, 'K0803A', 13520, 12510 );
INSERT INTO "dias_line_groups" VALUES ( 20137, 10 );
INSERT INTO "times" VALUES ( 20137, 12510, '10:09:00', NULL, NULL );
INSERT INTO "times" VALUES ( 20137, 12520, '10:07:00', '10:07:00', 20 );
INSERT INTO "times" VALUES ( 20137, 12530, '10:05:00', '10:05:00', 20 );
INSERT INTO "times" VALUES ( 20137, 12540, '10:01:00', '10:02:00', 20 );
INSERT INTO "times" VALUES ( 20137, 12610, '09:56:00', '09:56:00', 20 );
INSERT INTO "times" VALUES ( 20137, 12660, '09:52:00', '09:52:00', 20 );
INSERT INTO "times" VALUES ( 20137, 12670, '09:49:00', '09:49:00', 20 );
INSERT INTO "times" VALUES ( 20137, 12680, '09:46:00', '09:46:00', 20 );
INSERT INTO "times" VALUES ( 20137, 12690, '09:43:00', '09:43:00', 20 );
INSERT INTO "times" VALUES ( 20137, 12700, '09:41:00', '09:41:00', 20 );
INSERT INTO "times" VALUES ( 20137, 12710, '09:35:00', '09:39:00', 20 );
INSERT INTO "times" VALUES ( 20137, 12720, '09:33:00', '09:33:00', 20 );
INSERT INTO "times" VALUES ( 20137, 12730, '09:30:00', '09:30:00', 20 );
INSERT INTO "times" VALUES ( 20137, 12740, '09:28:00', '09:28:00', 20 );
INSERT INTO "times" VALUES ( 20137, 12750, '09:24:00', '09:24:00', 20 );
INSERT INTO "times" VALUES ( 20137, 12760, '09:22:00', '09:22:00', 20 );
INSERT INTO "times" VALUES ( 20137, 12770, '09:18:00', '09:18:00', 20 );
INSERT INTO "times" VALUES ( 20137, 12780, '09:14:00', '09:14:00', 20 );
INSERT INTO "times" VALUES ( 20137, 12790, '09:11:00', '09:11:00', 20 );
INSERT INTO "times" VALUES ( 20137, 12800, '09:06:00', '09:09:00', 20 );
INSERT INTO "times" VALUES ( 20137, 12810, '09:04:00', '09:04:00', 20 );
INSERT INTO "times" VALUES ( 20137, 12820, '09:02:00', '09:02:00', 20 );
INSERT INTO "times" VALUES ( 20137, 12830, '09:01:00', '09:01:00', 20 );
INSERT INTO "times" VALUES ( 20137, 12840, '08:59:00', '08:59:00', 20 );
INSERT INTO "times" VALUES ( 20137, 12850, '08:57:00', '08:57:00', 20 );
INSERT INTO "times" VALUES ( 20137, 12860, '08:55:00', '08:55:00', 20 );
INSERT INTO "times" VALUES ( 20137, 12870, '08:54:00', '08:54:00', 20 );
INSERT INTO "times" VALUES ( 20137, 12880, '08:52:00', '08:52:00', 20 );
INSERT INTO "times" VALUES ( 20137, 12890, '08:50:00', '08:50:00', 20 );
INSERT INTO "times" VALUES ( 20137, 12900, '08:45:00', '08:49:00', 20 );
INSERT INTO "times" VALUES ( 20137, 13510, '08:43:00', '08:43:00', 30 );
INSERT INTO "times" VALUES ( 20137, 13520, NULL, '08:41:00', 30 );

INSERT INTO "dias" VALUES ( 20138, 120, FALSE, TRUE, 'K0900Z', 12510, 13520 );
INSERT INTO "dias_line_groups" VALUES ( 20138, 10 );
INSERT INTO "times" VALUES ( 20138, 12510, NULL, '09:02:00', 20 );
INSERT INTO "times" VALUES ( 20138, 12520, '09:03:00', '09:03:00', 20 );
INSERT INTO "times" VALUES ( 20138, 12530, '09:06:00', '09:06:00', 20 );
INSERT INTO "times" VALUES ( 20138, 12540, '09:09:00', '09:09:00', 20 );
INSERT INTO "times" VALUES ( 20138, 12610, '09:14:00', '09:14:00', 20 );
INSERT INTO "times" VALUES ( 20138, 12660, '09:18:00', '09:18:00', 20 );
INSERT INTO "times" VALUES ( 20138, 12670, '09:21:00', '09:21:00', 20 );
INSERT INTO "times" VALUES ( 20138, 12680, '09:24:00', '09:24:00', 20 );
INSERT INTO "times" VALUES ( 20138, 12690, '09:26:00', '09:26:00', 20 );
INSERT INTO "times" VALUES ( 20138, 12700, '09:28:00', '09:28:00', 20 );
INSERT INTO "times" VALUES ( 20138, 12710, '09:30:00', '09:34:00', 20 );
INSERT INTO "times" VALUES ( 20138, 12720, '09:36:00', '09:36:00', 20 );
INSERT INTO "times" VALUES ( 20138, 12730, '09:38:00', '09:38:00', 20 );
INSERT INTO "times" VALUES ( 20138, 12740, '09:41:00', '09:41:00', 20 );
INSERT INTO "times" VALUES ( 20138, 12750, '09:44:00', '09:44:00', 20 );
INSERT INTO "times" VALUES ( 20138, 12760, '09:47:00', '09:47:00', 20 );
INSERT INTO "times" VALUES ( 20138, 12770, '09:51:00', '09:51:00', 20 );
INSERT INTO "times" VALUES ( 20138, 12780, '09:55:00', '09:55:00', 20 );
INSERT INTO "times" VALUES ( 20138, 12790, '09:57:00', '09:57:00', 20 );
INSERT INTO "times" VALUES ( 20138, 12800, '09:58:00', '10:02:00', 20 );
INSERT INTO "times" VALUES ( 20138, 12810, '10:04:00', '10:04:00', 20 );
INSERT INTO "times" VALUES ( 20138, 12820, '10:05:00', '10:05:00', 20 );
INSERT INTO "times" VALUES ( 20138, 12830, '10:07:00', '10:09:00', 20 );
INSERT INTO "times" VALUES ( 20138, 12840, '10:11:00', '10:11:00', 20 );
INSERT INTO "times" VALUES ( 20138, 12850, '10:12:00', '10:12:00', 20 );
INSERT INTO "times" VALUES ( 20138, 12860, '10:14:00', '10:14:00', 20 );
INSERT INTO "times" VALUES ( 20138, 12870, '10:15:00', '10:15:00', 20 );
INSERT INTO "times" VALUES ( 20138, 12880, '10:17:00', '10:17:00', 20 );
INSERT INTO "times" VALUES ( 20138, 12890, '10:19:00', '10:19:00', 20 );
INSERT INTO "times" VALUES ( 20138, 12900, '10:20:00', '10:24:00', 20 );
INSERT INTO "times" VALUES ( 20138, 13510, '10:26:00', '10:26:00', 30 );
INSERT INTO "times" VALUES ( 20138, 13520, '10:29:00', NULL, NULL );

INSERT INTO "dias" VALUES ( 20139, 120, FALSE, TRUE, 'K0901A', 13520, 12510 );
INSERT INTO "dias_line_groups" VALUES ( 20139, 10 );
INSERT INTO "times" VALUES ( 20139, 12510, '10:38:00', NULL, NULL );
INSERT INTO "times" VALUES ( 20139, 12520, '10:36:00', '10:36:00', 20 );
INSERT INTO "times" VALUES ( 20139, 12530, '10:35:00', '10:35:00', 20 );
INSERT INTO "times" VALUES ( 20139, 12540, '10:32:00', '10:32:00', 20 );
INSERT INTO "times" VALUES ( 20139, 12610, '10:27:00', '10:27:00', 20 );
INSERT INTO "times" VALUES ( 20139, 12660, '10:22:00', '10:22:00', 20 );
INSERT INTO "times" VALUES ( 20139, 12670, '10:19:00', '10:19:00', 20 );
INSERT INTO "times" VALUES ( 20139, 12680, '10:17:00', '10:17:00', 20 );
INSERT INTO "times" VALUES ( 20139, 12690, '10:14:00', '10:14:00', 20 );
INSERT INTO "times" VALUES ( 20139, 12700, '10:12:00', '10:12:00', 20 );
INSERT INTO "times" VALUES ( 20139, 12710, '10:06:00', '10:10:00', 20 );
INSERT INTO "times" VALUES ( 20139, 12720, '10:03:00', '10:03:00', 20 );
INSERT INTO "times" VALUES ( 20139, 12730, '10:01:00', '10:01:00', 20 );
INSERT INTO "times" VALUES ( 20139, 12740, '09:57:00', '09:59:00', 20 );
INSERT INTO "times" VALUES ( 20139, 12750, '09:55:00', '09:55:00', 20 );
INSERT INTO "times" VALUES ( 20139, 12760, '09:52:00', '09:52:00', 20 );
INSERT INTO "times" VALUES ( 20139, 12770, '09:48:00', '09:48:00', 20 );
INSERT INTO "times" VALUES ( 20139, 12780, '09:44:00', '09:44:00', 20 );
INSERT INTO "times" VALUES ( 20139, 12790, '09:42:00', '09:42:00', 20 );
INSERT INTO "times" VALUES ( 20139, 12800, '09:36:00', '09:40:00', 20 );
INSERT INTO "times" VALUES ( 20139, 12810, '09:34:00', '09:34:00', 20 );
INSERT INTO "times" VALUES ( 20139, 12820, '09:32:00', '09:32:00', 20 );
INSERT INTO "times" VALUES ( 20139, 12830, '09:31:00', '09:31:00', 20 );
INSERT INTO "times" VALUES ( 20139, 12840, '09:29:00', '09:29:00', 20 );
INSERT INTO "times" VALUES ( 20139, 12850, '09:28:00', '09:28:00', 20 );
INSERT INTO "times" VALUES ( 20139, 12860, '09:26:00', '09:26:00', 20 );
INSERT INTO "times" VALUES ( 20139, 12870, '09:24:00', '09:24:00', 20 );
INSERT INTO "times" VALUES ( 20139, 12880, '09:22:00', '09:22:00', 20 );
INSERT INTO "times" VALUES ( 20139, 12890, '09:21:00', '09:21:00', 20 );
INSERT INTO "times" VALUES ( 20139, 12900, '09:15:00', '09:19:00', 20 );
INSERT INTO "times" VALUES ( 20139, 13510, '09:13:00', '09:13:00', 30 );
INSERT INTO "times" VALUES ( 20139, 13520, NULL, '09:11:00', 30 );

INSERT INTO "dias" VALUES ( 20140, 120, FALSE, TRUE, 'K0903A', 13520, 12510 );
INSERT INTO "dias_line_groups" VALUES ( 20140, 10 );
INSERT INTO "times" VALUES ( 20140, 12510, '10:58:00', NULL, NULL );
INSERT INTO "times" VALUES ( 20140, 12520, '10:56:00', '10:56:00', 20 );
INSERT INTO "times" VALUES ( 20140, 12530, '10:55:00', '10:55:00', 20 );
INSERT INTO "times" VALUES ( 20140, 12540, '10:52:00', '10:52:00', 20 );
INSERT INTO "times" VALUES ( 20140, 12610, '10:47:00', '10:47:00', 20 );
INSERT INTO "times" VALUES ( 20140, 12660, '10:42:00', '10:42:00', 20 );
INSERT INTO "times" VALUES ( 20140, 12670, '10:39:00', '10:39:00', 20 );
INSERT INTO "times" VALUES ( 20140, 12680, '10:37:00', '10:37:00', 20 );
INSERT INTO "times" VALUES ( 20140, 12690, '10:34:00', '10:34:00', 20 );
INSERT INTO "times" VALUES ( 20140, 12700, '10:32:00', '10:32:00', 20 );
INSERT INTO "times" VALUES ( 20140, 12710, '10:26:00', '10:30:00', 20 );
INSERT INTO "times" VALUES ( 20140, 12720, '10:23:00', '10:23:00', 20 );
INSERT INTO "times" VALUES ( 20140, 12730, '10:21:00', '10:21:00', 20 );
INSERT INTO "times" VALUES ( 20140, 12740, '10:19:00', '10:19:00', 20 );
INSERT INTO "times" VALUES ( 20140, 12750, '10:15:00', '10:15:00', 20 );
INSERT INTO "times" VALUES ( 20140, 12760, '10:13:00', '10:13:00', 20 );
INSERT INTO "times" VALUES ( 20140, 12770, '10:09:00', '10:09:00', 20 );
INSERT INTO "times" VALUES ( 20140, 12780, '10:04:00', '10:04:00', 20 );
INSERT INTO "times" VALUES ( 20140, 12790, '10:02:00', '10:02:00', 20 );
INSERT INTO "times" VALUES ( 20140, 12800, '09:57:00', '10:00:00', 20 );
INSERT INTO "times" VALUES ( 20140, 12810, '09:55:00', '09:55:00', 20 );
INSERT INTO "times" VALUES ( 20140, 12820, '09:53:00', '09:53:00', 20 );
INSERT INTO "times" VALUES ( 20140, 12830, '09:52:00', '09:52:00', 20 );
INSERT INTO "times" VALUES ( 20140, 12840, '09:50:00', '09:50:00', 20 );
INSERT INTO "times" VALUES ( 20140, 12850, '09:48:00', '09:48:00', 20 );
INSERT INTO "times" VALUES ( 20140, 12860, '09:46:00', '09:46:00', 20 );
INSERT INTO "times" VALUES ( 20140, 12870, '09:45:00', '09:45:00', 20 );
INSERT INTO "times" VALUES ( 20140, 12880, '09:43:00', '09:43:00', 20 );
INSERT INTO "times" VALUES ( 20140, 12890, '09:41:00', '09:41:00', 20 );
INSERT INTO "times" VALUES ( 20140, 12900, '09:35:00', '09:40:00', 20 );
INSERT INTO "times" VALUES ( 20140, 13510, '09:33:00', '09:33:00', 30 );
INSERT INTO "times" VALUES ( 20140, 13520, NULL, '09:31:00', 30 );

INSERT INTO "dias" VALUES ( 20141, 120, FALSE, TRUE, 'K0905A', 13520, 12510 );
INSERT INTO "dias_line_groups" VALUES ( 20141, 10 );
INSERT INTO "times" VALUES ( 20141, 12510, '11:08:00', NULL, NULL );
INSERT INTO "times" VALUES ( 20141, 12520, '11:06:00', '11:06:00', 20 );
INSERT INTO "times" VALUES ( 20141, 12530, '11:05:00', '11:05:00', 20 );
INSERT INTO "times" VALUES ( 20141, 12540, '11:02:00', '11:02:00', 20 );
INSERT INTO "times" VALUES ( 20141, 12610, '10:57:00', '10:57:00', 20 );
INSERT INTO "times" VALUES ( 20141, 12660, '10:52:00', '10:52:00', 20 );
INSERT INTO "times" VALUES ( 20141, 12670, '10:49:00', '10:49:00', 20 );
INSERT INTO "times" VALUES ( 20141, 12680, '10:47:00', '10:47:00', 20 );
INSERT INTO "times" VALUES ( 20141, 12690, '10:44:00', '10:44:00', 20 );
INSERT INTO "times" VALUES ( 20141, 12700, '10:42:00', '10:42:00', 20 );
INSERT INTO "times" VALUES ( 20141, 12710, '10:36:00', '10:40:00', 20 );
INSERT INTO "times" VALUES ( 20141, 12720, '10:33:00', '10:33:00', 20 );
INSERT INTO "times" VALUES ( 20141, 12730, '10:31:00', '10:31:00', 20 );
INSERT INTO "times" VALUES ( 20141, 12740, '10:29:00', '10:29:00', 20 );
INSERT INTO "times" VALUES ( 20141, 12750, '10:25:00', '10:25:00', 20 );
INSERT INTO "times" VALUES ( 20141, 12760, '10:23:00', '10:23:00', 20 );
INSERT INTO "times" VALUES ( 20141, 12770, '10:19:00', '10:19:00', 20 );
INSERT INTO "times" VALUES ( 20141, 12780, '10:14:00', '10:14:00', 20 );
INSERT INTO "times" VALUES ( 20141, 12790, '10:12:00', '10:12:00', 20 );
INSERT INTO "times" VALUES ( 20141, 12800, '10:07:00', '10:10:00', 20 );
INSERT INTO "times" VALUES ( 20141, 12810, '10:05:00', '10:05:00', 20 );
INSERT INTO "times" VALUES ( 20141, 12820, '10:03:00', '10:03:00', 20 );
INSERT INTO "times" VALUES ( 20141, 12830, '10:02:00', '10:02:00', 20 );
INSERT INTO "times" VALUES ( 20141, 12840, '10:00:00', '10:00:00', 20 );
INSERT INTO "times" VALUES ( 20141, 12850, '09:58:00', '09:58:00', 20 );
INSERT INTO "times" VALUES ( 20141, 12860, '09:56:00', '09:56:00', 20 );
INSERT INTO "times" VALUES ( 20141, 12870, '09:55:00', '09:55:00', 20 );
INSERT INTO "times" VALUES ( 20141, 12880, '09:53:00', '09:53:00', 20 );
INSERT INTO "times" VALUES ( 20141, 12890, '09:51:00', '09:51:00', 20 );
INSERT INTO "times" VALUES ( 20141, 12900, '09:46:00', '09:50:00', 20 );
INSERT INTO "times" VALUES ( 20141, 13510, '09:43:00', '09:43:00', 30 );
INSERT INTO "times" VALUES ( 20141, 13520, NULL, '09:41:00', 30 );

INSERT INTO "dias" VALUES ( 20142, 120, FALSE, TRUE, 'K1001A', 13520, 12510 );
INSERT INTO "dias_line_groups" VALUES ( 20142, 10 );
INSERT INTO "times" VALUES ( 20142, 12510, '11:29:00', NULL, NULL );
INSERT INTO "times" VALUES ( 20142, 12520, '11:27:00', '11:27:00', 20 );
INSERT INTO "times" VALUES ( 20142, 12530, '11:25:00', '11:25:00', 20 );
INSERT INTO "times" VALUES ( 20142, 12540, '11:22:00', '11:22:00', 20 );
INSERT INTO "times" VALUES ( 20142, 12610, '11:17:00', '11:17:00', 20 );
INSERT INTO "times" VALUES ( 20142, 12660, '11:13:00', '11:13:00', 20 );
INSERT INTO "times" VALUES ( 20142, 12670, '11:10:00', '11:10:00', 20 );
INSERT INTO "times" VALUES ( 20142, 12680, '11:07:00', '11:07:00', 20 );
INSERT INTO "times" VALUES ( 20142, 12690, '11:04:00', '11:04:00', 20 );
INSERT INTO "times" VALUES ( 20142, 12700, '11:02:00', '11:02:00', 20 );
INSERT INTO "times" VALUES ( 20142, 12710, '10:56:00', '11:00:00', 20 );
INSERT INTO "times" VALUES ( 20142, 12720, '10:54:00', '10:54:00', 20 );
INSERT INTO "times" VALUES ( 20142, 12730, '10:51:00', '10:51:00', 20 );
INSERT INTO "times" VALUES ( 20142, 12740, '10:49:00', '10:49:00', 20 );
INSERT INTO "times" VALUES ( 20142, 12750, '10:45:00', '10:45:00', 20 );
INSERT INTO "times" VALUES ( 20142, 12760, '10:43:00', '10:43:00', 20 );
INSERT INTO "times" VALUES ( 20142, 12770, '10:39:00', '10:39:00', 20 );
INSERT INTO "times" VALUES ( 20142, 12780, '10:35:00', '10:35:00', 20 );
INSERT INTO "times" VALUES ( 20142, 12790, '10:32:00', '10:32:00', 20 );
INSERT INTO "times" VALUES ( 20142, 12800, '10:27:00', '10:31:00', 20 );
INSERT INTO "times" VALUES ( 20142, 12810, '10:25:00', '10:25:00', 20 );
INSERT INTO "times" VALUES ( 20142, 12820, '10:23:00', '10:23:00', 20 );
INSERT INTO "times" VALUES ( 20142, 12830, '10:22:00', '10:22:00', 20 );
INSERT INTO "times" VALUES ( 20142, 12840, '10:20:00', '10:20:00', 20 );
INSERT INTO "times" VALUES ( 20142, 12850, '10:19:00', '10:19:00', 20 );
INSERT INTO "times" VALUES ( 20142, 12860, '10:17:00', '10:17:00', 20 );
INSERT INTO "times" VALUES ( 20142, 12870, '10:15:00', '10:15:00', 20 );
INSERT INTO "times" VALUES ( 20142, 12880, '10:13:00', '10:13:00', 20 );
INSERT INTO "times" VALUES ( 20142, 12890, '10:12:00', '10:12:00', 20 );
INSERT INTO "times" VALUES ( 20142, 12900, '10:06:00', '10:10:00', 20 );
INSERT INTO "times" VALUES ( 20142, 13510, '10:04:00', '10:04:00', 30 );
INSERT INTO "times" VALUES ( 20142, 13520, NULL, '10:02:00', 30 );

INSERT INTO "dias" VALUES ( 20143, 120, FALSE, TRUE, 'K1003A', 13520, 12510 );
INSERT INTO "dias_line_groups" VALUES ( 20143, 10 );
INSERT INTO "times" VALUES ( 20143, 12510, '11:39:00', NULL, NULL );
INSERT INTO "times" VALUES ( 20143, 12520, '11:37:00', '11:37:00', 20 );
INSERT INTO "times" VALUES ( 20143, 12530, '11:35:00', '11:35:00', 20 );
INSERT INTO "times" VALUES ( 20143, 12540, '11:32:00', '11:32:00', 20 );
INSERT INTO "times" VALUES ( 20143, 12610, '11:27:00', '11:27:00', 20 );
INSERT INTO "times" VALUES ( 20143, 12660, '11:23:00', '11:23:00', 20 );
INSERT INTO "times" VALUES ( 20143, 12670, '11:20:00', '11:20:00', 20 );
INSERT INTO "times" VALUES ( 20143, 12680, '11:17:00', '11:17:00', 20 );
INSERT INTO "times" VALUES ( 20143, 12690, '11:14:00', '11:14:00', 20 );
INSERT INTO "times" VALUES ( 20143, 12700, '11:12:00', '11:12:00', 20 );
INSERT INTO "times" VALUES ( 20143, 12710, '11:06:00', '11:10:00', 20 );
INSERT INTO "times" VALUES ( 20143, 12720, '11:04:00', '11:04:00', 20 );
INSERT INTO "times" VALUES ( 20143, 12730, '11:01:00', '11:01:00', 20 );
INSERT INTO "times" VALUES ( 20143, 12740, '10:59:00', '10:59:00', 20 );
INSERT INTO "times" VALUES ( 20143, 12750, '10:55:00', '10:55:00', 20 );
INSERT INTO "times" VALUES ( 20143, 12760, '10:53:00', '10:53:00', 20 );
INSERT INTO "times" VALUES ( 20143, 12770, '10:49:00', '10:49:00', 20 );
INSERT INTO "times" VALUES ( 20143, 12780, '10:45:00', '10:45:00', 20 );
INSERT INTO "times" VALUES ( 20143, 12790, '10:42:00', '10:42:00', 20 );
INSERT INTO "times" VALUES ( 20143, 12800, '10:37:00', '10:41:00', 20 );
INSERT INTO "times" VALUES ( 20143, 12810, '10:35:00', '10:35:00', 20 );
INSERT INTO "times" VALUES ( 20143, 12820, '10:33:00', '10:33:00', 20 );
INSERT INTO "times" VALUES ( 20143, 12830, '10:32:00', '10:32:00', 20 );
INSERT INTO "times" VALUES ( 20143, 12840, '10:30:00', '10:30:00', 20 );
INSERT INTO "times" VALUES ( 20143, 12850, '10:29:00', '10:29:00', 20 );
INSERT INTO "times" VALUES ( 20143, 12860, '10:27:00', '10:27:00', 20 );
INSERT INTO "times" VALUES ( 20143, 12870, '10:25:00', '10:25:00', 20 );
INSERT INTO "times" VALUES ( 20143, 12880, '10:23:00', '10:23:00', 20 );
INSERT INTO "times" VALUES ( 20143, 12890, '10:22:00', '10:22:00', 20 );
INSERT INTO "times" VALUES ( 20143, 12900, '10:16:00', '10:20:00', 20 );
INSERT INTO "times" VALUES ( 20143, 13510, '10:14:00', '10:14:00', 30 );
INSERT INTO "times" VALUES ( 20143, 13520, NULL, '10:12:00', 30 );

INSERT INTO "dias" VALUES ( 20144, 120, FALSE, TRUE, 'K1005A', 13520, 12510 );
INSERT INTO "dias_line_groups" VALUES ( 20144, 10 );
INSERT INTO "times" VALUES ( 20144, 12510, '11:59:00', NULL, NULL );
INSERT INTO "times" VALUES ( 20144, 12520, '11:57:00', '11:57:00', 20 );
INSERT INTO "times" VALUES ( 20144, 12530, '11:55:00', '11:55:00', 20 );
INSERT INTO "times" VALUES ( 20144, 12540, '11:52:00', '11:52:00', 20 );
INSERT INTO "times" VALUES ( 20144, 12610, '11:47:00', '11:47:00', 20 );
INSERT INTO "times" VALUES ( 20144, 12660, '11:43:00', '11:43:00', 20 );
INSERT INTO "times" VALUES ( 20144, 12670, '11:40:00', '11:40:00', 20 );
INSERT INTO "times" VALUES ( 20144, 12680, '11:37:00', '11:37:00', 20 );
INSERT INTO "times" VALUES ( 20144, 12690, '11:34:00', '11:34:00', 20 );
INSERT INTO "times" VALUES ( 20144, 12700, '11:32:00', '11:32:00', 20 );
INSERT INTO "times" VALUES ( 20144, 12710, '11:26:00', '11:30:00', 20 );
INSERT INTO "times" VALUES ( 20144, 12720, '11:24:00', '11:24:00', 20 );
INSERT INTO "times" VALUES ( 20144, 12730, '11:21:00', '11:21:00', 20 );
INSERT INTO "times" VALUES ( 20144, 12740, '11:19:00', '11:19:00', 20 );
INSERT INTO "times" VALUES ( 20144, 12750, '11:15:00', '11:15:00', 20 );
INSERT INTO "times" VALUES ( 20144, 12760, '11:13:00', '11:13:00', 20 );
INSERT INTO "times" VALUES ( 20144, 12770, '11:09:00', '11:09:00', 20 );
INSERT INTO "times" VALUES ( 20144, 12780, '11:05:00', '11:05:00', 20 );
INSERT INTO "times" VALUES ( 20144, 12790, '11:02:00', '11:02:00', 20 );
INSERT INTO "times" VALUES ( 20144, 12800, '10:57:00', '11:01:00', 20 );
INSERT INTO "times" VALUES ( 20144, 12810, '10:55:00', '10:55:00', 20 );
INSERT INTO "times" VALUES ( 20144, 12820, '10:53:00', '10:53:00', 20 );
INSERT INTO "times" VALUES ( 20144, 12830, '10:52:00', '10:52:00', 20 );
INSERT INTO "times" VALUES ( 20144, 12840, '10:50:00', '10:50:00', 20 );
INSERT INTO "times" VALUES ( 20144, 12850, '10:49:00', '10:49:00', 20 );
INSERT INTO "times" VALUES ( 20144, 12860, '10:47:00', '10:47:00', 20 );
INSERT INTO "times" VALUES ( 20144, 12870, '10:45:00', '10:45:00', 20 );
INSERT INTO "times" VALUES ( 20144, 12880, '10:43:00', '10:43:00', 20 );
INSERT INTO "times" VALUES ( 20144, 12890, '10:42:00', '10:42:00', 20 );
INSERT INTO "times" VALUES ( 20144, 12900, '10:36:00', '10:40:00', 20 );
INSERT INTO "times" VALUES ( 20144, 13510, '10:34:00', '10:34:00', 30 );
INSERT INTO "times" VALUES ( 20144, 13520, NULL, '10:32:00', 30 );

INSERT INTO "dias" VALUES ( 20145, 120, FALSE, TRUE, 'K1007A', 13520, 12510 );
INSERT INTO "dias_line_groups" VALUES ( 20145, 10 );
INSERT INTO "times" VALUES ( 20145, 12510, '12:09:00', NULL, NULL );
INSERT INTO "times" VALUES ( 20145, 12520, '12:07:00', '12:07:00', 20 );
INSERT INTO "times" VALUES ( 20145, 12530, '12:05:00', '12:05:00', 20 );
INSERT INTO "times" VALUES ( 20145, 12540, '12:02:00', '12:02:00', 20 );
INSERT INTO "times" VALUES ( 20145, 12610, '11:57:00', '11:57:00', 20 );
INSERT INTO "times" VALUES ( 20145, 12660, '11:53:00', '11:53:00', 20 );
INSERT INTO "times" VALUES ( 20145, 12670, '11:50:00', '11:50:00', 20 );
INSERT INTO "times" VALUES ( 20145, 12680, '11:47:00', '11:47:00', 20 );
INSERT INTO "times" VALUES ( 20145, 12690, '11:44:00', '11:44:00', 20 );
INSERT INTO "times" VALUES ( 20145, 12700, '11:42:00', '11:42:00', 20 );
INSERT INTO "times" VALUES ( 20145, 12710, '11:36:00', '11:40:00', 20 );
INSERT INTO "times" VALUES ( 20145, 12720, '11:34:00', '11:34:00', 20 );
INSERT INTO "times" VALUES ( 20145, 12730, '11:31:00', '11:31:00', 20 );
INSERT INTO "times" VALUES ( 20145, 12740, '11:29:00', '11:29:00', 20 );
INSERT INTO "times" VALUES ( 20145, 12750, '11:25:00', '11:25:00', 20 );
INSERT INTO "times" VALUES ( 20145, 12760, '11:23:00', '11:23:00', 20 );
INSERT INTO "times" VALUES ( 20145, 12770, '11:19:00', '11:19:00', 20 );
INSERT INTO "times" VALUES ( 20145, 12780, '11:15:00', '11:15:00', 20 );
INSERT INTO "times" VALUES ( 20145, 12790, '11:12:00', '11:12:00', 20 );
INSERT INTO "times" VALUES ( 20145, 12800, '11:07:00', '11:11:00', 20 );
INSERT INTO "times" VALUES ( 20145, 12810, '11:05:00', '11:05:00', 20 );
INSERT INTO "times" VALUES ( 20145, 12820, '11:03:00', '11:03:00', 20 );
INSERT INTO "times" VALUES ( 20145, 12830, '11:02:00', '11:02:00', 20 );
INSERT INTO "times" VALUES ( 20145, 12840, '11:00:00', '11:00:00', 20 );
INSERT INTO "times" VALUES ( 20145, 12850, '10:59:00', '10:59:00', 20 );
INSERT INTO "times" VALUES ( 20145, 12860, '10:57:00', '10:57:00', 20 );
INSERT INTO "times" VALUES ( 20145, 12870, '10:55:00', '10:55:00', 20 );
INSERT INTO "times" VALUES ( 20145, 12880, '10:53:00', '10:53:00', 20 );
INSERT INTO "times" VALUES ( 20145, 12890, '10:52:00', '10:52:00', 20 );
INSERT INTO "times" VALUES ( 20145, 12900, '10:46:00', '10:50:00', 20 );
INSERT INTO "times" VALUES ( 20145, 13510, '10:44:00', '10:44:00', 30 );
INSERT INTO "times" VALUES ( 20145, 13520, NULL, '10:42:00', 30 );

INSERT INTO "dias" VALUES ( 20146, 120, FALSE, TRUE, 'K1100Z', 12510, 13520 );
INSERT INTO "dias_line_groups" VALUES ( 20146, 10 );
INSERT INTO "times" VALUES ( 20146, 12510, NULL, '11:02:00', 20 );
INSERT INTO "times" VALUES ( 20146, 12520, '11:03:00', '11:03:00', 20 );
INSERT INTO "times" VALUES ( 20146, 12530, '11:06:00', '11:06:00', 20 );
INSERT INTO "times" VALUES ( 20146, 12540, '11:09:00', '11:09:00', 20 );
INSERT INTO "times" VALUES ( 20146, 12610, '11:14:00', '11:14:00', 20 );
INSERT INTO "times" VALUES ( 20146, 12660, '11:18:00', '11:18:00', 20 );
INSERT INTO "times" VALUES ( 20146, 12670, '11:21:00', '11:21:00', 20 );
INSERT INTO "times" VALUES ( 20146, 12680, '11:24:00', '11:24:00', 20 );
INSERT INTO "times" VALUES ( 20146, 12690, '11:26:00', '11:26:00', 20 );
INSERT INTO "times" VALUES ( 20146, 12700, '11:28:00', '11:28:00', 20 );
INSERT INTO "times" VALUES ( 20146, 12710, '11:30:00', '11:34:00', 20 );
INSERT INTO "times" VALUES ( 20146, 12720, '11:36:00', '11:36:00', 20 );
INSERT INTO "times" VALUES ( 20146, 12730, '11:39:00', '11:39:00', 20 );
INSERT INTO "times" VALUES ( 20146, 12740, '11:42:00', '11:42:00', 20 );
INSERT INTO "times" VALUES ( 20146, 12750, '11:45:00', '11:45:00', 20 );
INSERT INTO "times" VALUES ( 20146, 12760, '11:48:00', '11:48:00', 20 );
INSERT INTO "times" VALUES ( 20146, 12770, '11:52:00', '11:52:00', 20 );
INSERT INTO "times" VALUES ( 20146, 12780, '11:56:00', '11:56:00', 20 );
INSERT INTO "times" VALUES ( 20146, 12790, '11:57:00', '11:57:00', 20 );
INSERT INTO "times" VALUES ( 20146, 12800, '11:59:00', '12:03:00', 20 );
INSERT INTO "times" VALUES ( 20146, 12810, '12:05:00', '12:05:00', 20 );
INSERT INTO "times" VALUES ( 20146, 12820, '12:06:00', '12:06:00', 20 );
INSERT INTO "times" VALUES ( 20146, 12830, '12:08:00', '12:08:00', 20 );
INSERT INTO "times" VALUES ( 20146, 12840, '12:09:00', '12:09:00', 20 );
INSERT INTO "times" VALUES ( 20146, 12850, '12:11:00', '12:11:00', 20 );
INSERT INTO "times" VALUES ( 20146, 12860, '12:12:00', '12:12:00', 20 );
INSERT INTO "times" VALUES ( 20146, 12870, '12:14:00', '12:14:00', 20 );
INSERT INTO "times" VALUES ( 20146, 12880, '12:16:00', '12:16:00', 20 );
INSERT INTO "times" VALUES ( 20146, 12890, '12:18:00', '12:18:00', 20 );
INSERT INTO "times" VALUES ( 20146, 12900, '12:19:00', '12:23:00', 20 );
INSERT INTO "times" VALUES ( 20146, 13510, '12:25:00', '12:25:00', 30 );
INSERT INTO "times" VALUES ( 20146, 13520, '12:28:00', NULL, NULL );

INSERT INTO "dias" VALUES ( 20147, 120, FALSE, TRUE, 'K1101A', 13520, 12510 );
INSERT INTO "dias_line_groups" VALUES ( 20147, 10 );
INSERT INTO "times" VALUES ( 20147, 12510, '12:29:00', NULL, NULL );
INSERT INTO "times" VALUES ( 20147, 12520, '12:27:00', '12:27:00', 20 );
INSERT INTO "times" VALUES ( 20147, 12530, '12:25:00', '12:25:00', 20 );
INSERT INTO "times" VALUES ( 20147, 12540, '12:22:00', '12:22:00', 20 );
INSERT INTO "times" VALUES ( 20147, 12610, '12:17:00', '12:17:00', 20 );
INSERT INTO "times" VALUES ( 20147, 12660, '12:13:00', '12:13:00', 20 );
INSERT INTO "times" VALUES ( 20147, 12670, '12:10:00', '12:10:00', 20 );
INSERT INTO "times" VALUES ( 20147, 12680, '12:07:00', '12:07:00', 20 );
INSERT INTO "times" VALUES ( 20147, 12690, '12:04:00', '12:04:00', 20 );
INSERT INTO "times" VALUES ( 20147, 12700, '12:02:00', '12:02:00', 20 );
INSERT INTO "times" VALUES ( 20147, 12710, '11:56:00', '12:00:00', 20 );
INSERT INTO "times" VALUES ( 20147, 12720, '11:54:00', '11:54:00', 20 );
INSERT INTO "times" VALUES ( 20147, 12730, '11:51:00', '11:51:00', 20 );
INSERT INTO "times" VALUES ( 20147, 12740, '11:49:00', '11:49:00', 20 );
INSERT INTO "times" VALUES ( 20147, 12750, '11:45:00', '11:45:00', 20 );
INSERT INTO "times" VALUES ( 20147, 12760, '11:43:00', '11:43:00', 20 );
INSERT INTO "times" VALUES ( 20147, 12770, '11:39:00', '11:39:00', 20 );
INSERT INTO "times" VALUES ( 20147, 12780, '11:35:00', '11:35:00', 20 );
INSERT INTO "times" VALUES ( 20147, 12790, '11:32:00', '11:32:00', 20 );
INSERT INTO "times" VALUES ( 20147, 12800, '11:27:00', '11:31:00', 20 );
INSERT INTO "times" VALUES ( 20147, 12810, '11:25:00', '11:25:00', 20 );
INSERT INTO "times" VALUES ( 20147, 12820, '11:23:00', '11:23:00', 20 );
INSERT INTO "times" VALUES ( 20147, 12830, '11:22:00', '11:22:00', 20 );
INSERT INTO "times" VALUES ( 20147, 12840, '11:20:00', '11:20:00', 20 );
INSERT INTO "times" VALUES ( 20147, 12850, '11:19:00', '11:19:00', 20 );
INSERT INTO "times" VALUES ( 20147, 12860, '11:17:00', '11:17:00', 20 );
INSERT INTO "times" VALUES ( 20147, 12870, '11:15:00', '11:15:00', 20 );
INSERT INTO "times" VALUES ( 20147, 12880, '11:13:00', '11:13:00', 20 );
INSERT INTO "times" VALUES ( 20147, 12890, '11:12:00', '11:12:00', 20 );
INSERT INTO "times" VALUES ( 20147, 12900, '11:06:00', '11:10:00', 20 );
INSERT INTO "times" VALUES ( 20147, 13510, '11:04:00', '11:04:00', 30 );
INSERT INTO "times" VALUES ( 20147, 13520, NULL, '11:02:00', 30 );

INSERT INTO "dias" VALUES ( 20148, 120, FALSE, TRUE, 'K1102Z', 12510, 13520 );
INSERT INTO "dias_line_groups" VALUES ( 20148, 10 );
INSERT INTO "times" VALUES ( 20148, 12510, NULL, '11:32:00', 20 );
INSERT INTO "times" VALUES ( 20148, 12520, '11:34:00', '11:34:00', 20 );
INSERT INTO "times" VALUES ( 20148, 12530, '11:36:00', '11:36:00', 20 );
INSERT INTO "times" VALUES ( 20148, 12540, '11:39:00', '11:39:00', 20 );
INSERT INTO "times" VALUES ( 20148, 12610, '11:44:00', '11:44:00', 20 );
INSERT INTO "times" VALUES ( 20148, 12660, '11:48:00', '11:48:00', 20 );
INSERT INTO "times" VALUES ( 20148, 12670, '11:51:00', '11:51:00', 20 );
INSERT INTO "times" VALUES ( 20148, 12680, '11:54:00', '11:54:00', 20 );
INSERT INTO "times" VALUES ( 20148, 12690, '11:56:00', '11:56:00', 20 );
INSERT INTO "times" VALUES ( 20148, 12700, '11:58:00', '11:58:00', 20 );
INSERT INTO "times" VALUES ( 20148, 12710, '12:00:00', '12:04:00', 20 );
INSERT INTO "times" VALUES ( 20148, 12720, '12:06:00', '12:06:00', 20 );
INSERT INTO "times" VALUES ( 20148, 12730, '12:08:00', '12:08:00', 20 );
INSERT INTO "times" VALUES ( 20148, 12740, '12:11:00', '12:12:00', 20 );
INSERT INTO "times" VALUES ( 20148, 12750, '12:15:00', '12:15:00', 20 );
INSERT INTO "times" VALUES ( 20148, 12760, '12:18:00', '12:18:00', 20 );
INSERT INTO "times" VALUES ( 20148, 12770, '12:22:00', '12:22:00', 20 );
INSERT INTO "times" VALUES ( 20148, 12780, '12:26:00', '12:26:00', 20 );
INSERT INTO "times" VALUES ( 20148, 12790, '12:27:00', '12:27:00', 20 );
INSERT INTO "times" VALUES ( 20148, 12800, '12:29:00', '12:33:00', 20 );
INSERT INTO "times" VALUES ( 20148, 12810, '12:35:00', '12:35:00', 20 );
INSERT INTO "times" VALUES ( 20148, 12820, '12:36:00', '12:36:00', 20 );
INSERT INTO "times" VALUES ( 20148, 12830, '12:38:00', '12:38:00', 20 );
INSERT INTO "times" VALUES ( 20148, 12840, '12:39:00', '12:39:00', 20 );
INSERT INTO "times" VALUES ( 20148, 12850, '12:41:00', '12:41:00', 20 );
INSERT INTO "times" VALUES ( 20148, 12860, '12:42:00', '12:42:00', 20 );
INSERT INTO "times" VALUES ( 20148, 12870, '12:44:00', '12:44:00', 20 );
INSERT INTO "times" VALUES ( 20148, 12880, '12:46:00', '12:46:00', 20 );
INSERT INTO "times" VALUES ( 20148, 12890, '12:48:00', '12:48:00', 20 );
INSERT INTO "times" VALUES ( 20148, 12900, '12:49:00', '12:53:00', 20 );
INSERT INTO "times" VALUES ( 20148, 13510, '12:55:00', '12:55:00', 30 );
INSERT INTO "times" VALUES ( 20148, 13520, '12:58:00', NULL, NULL );

INSERT INTO "dias" VALUES ( 20149, 120, FALSE, TRUE, 'K1103A', 13520, 12510 );
INSERT INTO "dias_line_groups" VALUES ( 20149, 10 );
INSERT INTO "times" VALUES ( 20149, 12510, '12:39:00', NULL, NULL );
INSERT INTO "times" VALUES ( 20149, 12520, '12:37:00', '12:37:00', 20 );
INSERT INTO "times" VALUES ( 20149, 12530, '12:35:00', '12:35:00', 20 );
INSERT INTO "times" VALUES ( 20149, 12540, '12:32:00', '12:32:00', 20 );
INSERT INTO "times" VALUES ( 20149, 12610, '12:27:00', '12:27:00', 20 );
INSERT INTO "times" VALUES ( 20149, 12660, '12:23:00', '12:23:00', 20 );
INSERT INTO "times" VALUES ( 20149, 12670, '12:20:00', '12:20:00', 20 );
INSERT INTO "times" VALUES ( 20149, 12680, '12:17:00', '12:17:00', 20 );
INSERT INTO "times" VALUES ( 20149, 12690, '12:14:00', '12:14:00', 20 );
INSERT INTO "times" VALUES ( 20149, 12700, '12:12:00', '12:12:00', 20 );
INSERT INTO "times" VALUES ( 20149, 12710, '12:06:00', '12:10:00', 20 );
INSERT INTO "times" VALUES ( 20149, 12720, '12:04:00', '12:04:00', 20 );
INSERT INTO "times" VALUES ( 20149, 12730, '12:01:00', '12:01:00', 20 );
INSERT INTO "times" VALUES ( 20149, 12740, '11:59:00', '11:59:00', 20 );
INSERT INTO "times" VALUES ( 20149, 12750, '11:55:00', '11:55:00', 20 );
INSERT INTO "times" VALUES ( 20149, 12760, '11:53:00', '11:53:00', 20 );
INSERT INTO "times" VALUES ( 20149, 12770, '11:49:00', '11:49:00', 20 );
INSERT INTO "times" VALUES ( 20149, 12780, '11:45:00', '11:45:00', 20 );
INSERT INTO "times" VALUES ( 20149, 12790, '11:42:00', '11:42:00', 20 );
INSERT INTO "times" VALUES ( 20149, 12800, '11:37:00', '11:41:00', 20 );
INSERT INTO "times" VALUES ( 20149, 12810, '11:35:00', '11:35:00', 20 );
INSERT INTO "times" VALUES ( 20149, 12820, '11:33:00', '11:33:00', 20 );
INSERT INTO "times" VALUES ( 20149, 12830, '11:32:00', '11:32:00', 20 );
INSERT INTO "times" VALUES ( 20149, 12840, '11:30:00', '11:30:00', 20 );
INSERT INTO "times" VALUES ( 20149, 12850, '11:29:00', '11:29:00', 20 );
INSERT INTO "times" VALUES ( 20149, 12860, '11:27:00', '11:27:00', 20 );
INSERT INTO "times" VALUES ( 20149, 12870, '11:25:00', '11:25:00', 20 );
INSERT INTO "times" VALUES ( 20149, 12880, '11:23:00', '11:23:00', 20 );
INSERT INTO "times" VALUES ( 20149, 12890, '11:22:00', '11:22:00', 20 );
INSERT INTO "times" VALUES ( 20149, 12900, '11:16:00', '11:20:00', 20 );
INSERT INTO "times" VALUES ( 20149, 13510, '11:14:00', '11:14:00', 30 );
INSERT INTO "times" VALUES ( 20149, 13520, NULL, '11:12:00', 30 );

INSERT INTO "dias" VALUES ( 20150, 120, FALSE, TRUE, 'K1105A', 13520, 12510 );
INSERT INTO "dias_line_groups" VALUES ( 20150, 10 );
INSERT INTO "times" VALUES ( 20150, 12510, '13:09:00', NULL, NULL );
INSERT INTO "times" VALUES ( 20150, 12520, '13:07:00', '13:07:00', 20 );
INSERT INTO "times" VALUES ( 20150, 12530, '13:06:00', '13:06:00', 20 );
INSERT INTO "times" VALUES ( 20150, 12540, '13:03:00', '13:03:00', 20 );
INSERT INTO "times" VALUES ( 20150, 12610, '12:58:00', '12:58:00', 20 );
INSERT INTO "times" VALUES ( 20150, 12660, '12:53:00', '12:53:00', 20 );
INSERT INTO "times" VALUES ( 20150, 12670, '12:50:00', '12:50:00', 20 );
INSERT INTO "times" VALUES ( 20150, 12680, '12:48:00', '12:48:00', 20 );
INSERT INTO "times" VALUES ( 20150, 12690, '12:45:00', '12:45:00', 20 );
INSERT INTO "times" VALUES ( 20150, 12700, '12:43:00', '12:43:00', 20 );
INSERT INTO "times" VALUES ( 20150, 12710, '12:37:00', '12:41:00', 20 );
INSERT INTO "times" VALUES ( 20150, 12720, '12:34:00', '12:34:00', 20 );
INSERT INTO "times" VALUES ( 20150, 12730, '12:32:00', '12:32:00', 20 );
INSERT INTO "times" VALUES ( 20150, 12740, '12:30:00', '12:30:00', 20 );
INSERT INTO "times" VALUES ( 20150, 12750, '12:26:00', '12:26:00', 20 );
INSERT INTO "times" VALUES ( 20150, 12760, '12:24:00', '12:24:00', 20 );
INSERT INTO "times" VALUES ( 20150, 12770, '12:20:00', '12:20:00', 20 );
INSERT INTO "times" VALUES ( 20150, 12780, '12:15:00', '12:15:00', 20 );
INSERT INTO "times" VALUES ( 20150, 12790, '12:13:00', '12:13:00', 20 );
INSERT INTO "times" VALUES ( 20150, 12800, '12:07:00', '12:11:00', 20 );
INSERT INTO "times" VALUES ( 20150, 12810, '12:05:00', '12:05:00', 20 );
INSERT INTO "times" VALUES ( 20150, 12820, '12:03:00', '12:03:00', 20 );
INSERT INTO "times" VALUES ( 20150, 12830, '12:02:00', '12:02:00', 20 );
INSERT INTO "times" VALUES ( 20150, 12840, '12:00:00', '12:00:00', 20 );
INSERT INTO "times" VALUES ( 20150, 12850, '11:59:00', '11:59:00', 20 );
INSERT INTO "times" VALUES ( 20150, 12860, '11:57:00', '11:57:00', 20 );
INSERT INTO "times" VALUES ( 20150, 12870, '11:55:00', '11:55:00', 20 );
INSERT INTO "times" VALUES ( 20150, 12880, '11:53:00', '11:53:00', 20 );
INSERT INTO "times" VALUES ( 20150, 12890, '11:52:00', '11:52:00', 20 );
INSERT INTO "times" VALUES ( 20150, 12900, '11:46:00', '11:50:00', 20 );
INSERT INTO "times" VALUES ( 20150, 13510, '11:44:00', '11:44:00', 30 );
INSERT INTO "times" VALUES ( 20150, 13520, NULL, '11:42:00', 30 );

INSERT INTO "dias" VALUES ( 20151, 120, FALSE, TRUE, 'K1200Z', 12510, 13520 );
INSERT INTO "dias_line_groups" VALUES ( 20151, 10 );
INSERT INTO "times" VALUES ( 20151, 12510, NULL, '12:02:00', 20 );
INSERT INTO "times" VALUES ( 20151, 12520, '12:04:00', '12:04:00', 20 );
INSERT INTO "times" VALUES ( 20151, 12530, '12:06:00', '12:06:00', 20 );
INSERT INTO "times" VALUES ( 20151, 12540, '12:09:00', '12:09:00', 20 );
INSERT INTO "times" VALUES ( 20151, 12610, '12:14:00', '12:14:00', 20 );
INSERT INTO "times" VALUES ( 20151, 12660, '12:18:00', '12:18:00', 20 );
INSERT INTO "times" VALUES ( 20151, 12670, '12:21:00', '12:21:00', 20 );
INSERT INTO "times" VALUES ( 20151, 12680, '12:24:00', '12:24:00', 20 );
INSERT INTO "times" VALUES ( 20151, 12690, '12:26:00', '12:26:00', 20 );
INSERT INTO "times" VALUES ( 20151, 12700, '12:28:00', '12:28:00', 20 );
INSERT INTO "times" VALUES ( 20151, 12710, '12:30:00', '12:34:00', 20 );
INSERT INTO "times" VALUES ( 20151, 12720, '12:36:00', '12:36:00', 20 );
INSERT INTO "times" VALUES ( 20151, 12730, '12:38:00', '12:38:00', 20 );
INSERT INTO "times" VALUES ( 20151, 12740, '12:41:00', '12:42:00', 20 );
INSERT INTO "times" VALUES ( 20151, 12750, '12:45:00', '12:45:00', 20 );
INSERT INTO "times" VALUES ( 20151, 12760, '12:48:00', '12:48:00', 20 );
INSERT INTO "times" VALUES ( 20151, 12770, '12:52:00', '12:52:00', 20 );
INSERT INTO "times" VALUES ( 20151, 12780, '12:56:00', '12:56:00', 20 );
INSERT INTO "times" VALUES ( 20151, 12790, '12:57:00', '12:57:00', 20 );
INSERT INTO "times" VALUES ( 20151, 12800, '12:59:00', '13:03:00', 20 );
INSERT INTO "times" VALUES ( 20151, 12810, '13:05:00', '13:05:00', 20 );
INSERT INTO "times" VALUES ( 20151, 12820, '13:06:00', '13:06:00', 20 );
INSERT INTO "times" VALUES ( 20151, 12830, '13:08:00', '13:08:00', 20 );
INSERT INTO "times" VALUES ( 20151, 12840, '13:09:00', '13:09:00', 20 );
INSERT INTO "times" VALUES ( 20151, 12850, '13:11:00', '13:11:00', 20 );
INSERT INTO "times" VALUES ( 20151, 12860, '13:12:00', '13:12:00', 20 );
INSERT INTO "times" VALUES ( 20151, 12870, '13:14:00', '13:14:00', 20 );
INSERT INTO "times" VALUES ( 20151, 12880, '13:16:00', '13:16:00', 20 );
INSERT INTO "times" VALUES ( 20151, 12890, '13:18:00', '13:18:00', 20 );
INSERT INTO "times" VALUES ( 20151, 12900, '13:19:00', '13:23:00', 20 );
INSERT INTO "times" VALUES ( 20151, 13510, '13:25:00', '13:25:00', 30 );
INSERT INTO "times" VALUES ( 20151, 13520, '13:28:00', NULL, NULL );

INSERT INTO "dias" VALUES ( 20152, 120, FALSE, TRUE, 'K1201A', 13520, 12510 );
INSERT INTO "dias_line_groups" VALUES ( 20152, 10 );
INSERT INTO "times" VALUES ( 20152, 12510, '13:39:00', NULL, NULL );
INSERT INTO "times" VALUES ( 20152, 12520, '13:37:00', '13:37:00', 20 );
INSERT INTO "times" VALUES ( 20152, 12530, '13:36:00', '13:36:00', 20 );
INSERT INTO "times" VALUES ( 20152, 12540, '13:33:00', '13:33:00', 20 );
INSERT INTO "times" VALUES ( 20152, 12610, '13:28:00', '13:28:00', 20 );
INSERT INTO "times" VALUES ( 20152, 12660, '13:23:00', '13:23:00', 20 );
INSERT INTO "times" VALUES ( 20152, 12670, '13:20:00', '13:20:00', 20 );
INSERT INTO "times" VALUES ( 20152, 12680, '13:18:00', '13:18:00', 20 );
INSERT INTO "times" VALUES ( 20152, 12690, '13:15:00', '13:15:00', 20 );
INSERT INTO "times" VALUES ( 20152, 12700, '13:13:00', '13:13:00', 20 );
INSERT INTO "times" VALUES ( 20152, 12710, '13:07:00', '13:11:00', 20 );
INSERT INTO "times" VALUES ( 20152, 12720, '13:04:00', '13:04:00', 20 );
INSERT INTO "times" VALUES ( 20152, 12730, '13:02:00', '13:02:00', 20 );
INSERT INTO "times" VALUES ( 20152, 12740, '13:00:00', '13:00:00', 20 );
INSERT INTO "times" VALUES ( 20152, 12750, '12:56:00', '12:56:00', 20 );
INSERT INTO "times" VALUES ( 20152, 12760, '12:54:00', '12:54:00', 20 );
INSERT INTO "times" VALUES ( 20152, 12770, '12:50:00', '12:50:00', 20 );
INSERT INTO "times" VALUES ( 20152, 12780, '12:45:00', '12:45:00', 20 );
INSERT INTO "times" VALUES ( 20152, 12790, '12:43:00', '12:43:00', 20 );
INSERT INTO "times" VALUES ( 20152, 12800, '12:38:00', '12:41:00', 20 );
INSERT INTO "times" VALUES ( 20152, 12810, '12:36:00', '12:36:00', 20 );
INSERT INTO "times" VALUES ( 20152, 12820, '12:34:00', '12:34:00', 20 );
INSERT INTO "times" VALUES ( 20152, 12830, '12:33:00', '12:33:00', 20 );
INSERT INTO "times" VALUES ( 20152, 12840, '12:31:00', '12:31:00', 20 );
INSERT INTO "times" VALUES ( 20152, 12850, '12:29:00', '12:29:00', 20 );
INSERT INTO "times" VALUES ( 20152, 12860, '12:28:00', '12:28:00', 20 );
INSERT INTO "times" VALUES ( 20152, 12870, '12:26:00', '12:26:00', 20 );
INSERT INTO "times" VALUES ( 20152, 12880, '12:24:00', '12:24:00', 20 );
INSERT INTO "times" VALUES ( 20152, 12890, '12:22:00', '12:22:00', 20 );
INSERT INTO "times" VALUES ( 20152, 12900, '12:17:00', '12:21:00', 20 );
INSERT INTO "times" VALUES ( 20152, 13510, '12:15:00', '12:15:00', 30 );
INSERT INTO "times" VALUES ( 20152, 13520, NULL, '12:13:00', 30 );

INSERT INTO "dias" VALUES ( 20153, 120, FALSE, TRUE, 'K1202Z', 12510, 13520 );
INSERT INTO "dias_line_groups" VALUES ( 20153, 10 );
INSERT INTO "times" VALUES ( 20153, 12510, NULL, '12:32:00', 20 );
INSERT INTO "times" VALUES ( 20153, 12520, '12:34:00', '12:34:00', 20 );
INSERT INTO "times" VALUES ( 20153, 12530, '12:36:00', '12:36:00', 20 );
INSERT INTO "times" VALUES ( 20153, 12540, '12:39:00', '12:39:00', 20 );
INSERT INTO "times" VALUES ( 20153, 12610, '12:44:00', '12:44:00', 20 );
INSERT INTO "times" VALUES ( 20153, 12660, '12:48:00', '12:48:00', 20 );
INSERT INTO "times" VALUES ( 20153, 12670, '12:51:00', '12:51:00', 20 );
INSERT INTO "times" VALUES ( 20153, 12680, '12:54:00', '12:54:00', 20 );
INSERT INTO "times" VALUES ( 20153, 12690, '12:56:00', '12:56:00', 20 );
INSERT INTO "times" VALUES ( 20153, 12700, '12:58:00', '12:58:00', 20 );
INSERT INTO "times" VALUES ( 20153, 12710, '13:00:00', '13:04:00', 20 );
INSERT INTO "times" VALUES ( 20153, 12720, '13:06:00', '13:06:00', 20 );
INSERT INTO "times" VALUES ( 20153, 12730, '13:08:00', '13:08:00', 20 );
INSERT INTO "times" VALUES ( 20153, 12740, '13:11:00', '13:12:00', 20 );
INSERT INTO "times" VALUES ( 20153, 12750, '13:15:00', '13:15:00', 20 );
INSERT INTO "times" VALUES ( 20153, 12760, '13:18:00', '13:18:00', 20 );
INSERT INTO "times" VALUES ( 20153, 12770, '13:22:00', '13:22:00', 20 );
INSERT INTO "times" VALUES ( 20153, 12780, '13:26:00', '13:26:00', 20 );
INSERT INTO "times" VALUES ( 20153, 12790, '13:27:00', '13:27:00', 20 );
INSERT INTO "times" VALUES ( 20153, 12800, '13:29:00', '13:33:00', 20 );
INSERT INTO "times" VALUES ( 20153, 12810, '13:35:00', '13:35:00', 20 );
INSERT INTO "times" VALUES ( 20153, 12820, '13:36:00', '13:36:00', 20 );
INSERT INTO "times" VALUES ( 20153, 12830, '13:38:00', '13:38:00', 20 );
INSERT INTO "times" VALUES ( 20153, 12840, '13:39:00', '13:39:00', 20 );
INSERT INTO "times" VALUES ( 20153, 12850, '13:41:00', '13:41:00', 20 );
INSERT INTO "times" VALUES ( 20153, 12860, '13:42:00', '13:42:00', 20 );
INSERT INTO "times" VALUES ( 20153, 12870, '13:44:00', '13:44:00', 20 );
INSERT INTO "times" VALUES ( 20153, 12880, '13:46:00', '13:46:00', 20 );
INSERT INTO "times" VALUES ( 20153, 12890, '13:48:00', '13:48:00', 20 );
INSERT INTO "times" VALUES ( 20153, 12900, '13:49:00', '13:53:00', 20 );
INSERT INTO "times" VALUES ( 20153, 13510, '13:55:00', '13:55:00', 30 );
INSERT INTO "times" VALUES ( 20153, 13520, '13:58:00', NULL, NULL );

INSERT INTO "dias" VALUES ( 20154, 120, FALSE, TRUE, 'K1203A', 13520, 12510 );
INSERT INTO "dias_line_groups" VALUES ( 20154, 10 );
INSERT INTO "times" VALUES ( 20154, 12510, '14:09:00', NULL, NULL );
INSERT INTO "times" VALUES ( 20154, 12520, '14:07:00', '14:07:00', 20 );
INSERT INTO "times" VALUES ( 20154, 12530, '14:06:00', '14:06:00', 20 );
INSERT INTO "times" VALUES ( 20154, 12540, '14:03:00', '14:03:00', 20 );
INSERT INTO "times" VALUES ( 20154, 12610, '13:58:00', '13:58:00', 20 );
INSERT INTO "times" VALUES ( 20154, 12660, '13:53:00', '13:53:00', 20 );
INSERT INTO "times" VALUES ( 20154, 12670, '13:50:00', '13:50:00', 20 );
INSERT INTO "times" VALUES ( 20154, 12680, '13:48:00', '13:48:00', 20 );
INSERT INTO "times" VALUES ( 20154, 12690, '13:45:00', '13:45:00', 20 );
INSERT INTO "times" VALUES ( 20154, 12700, '13:43:00', '13:43:00', 20 );
INSERT INTO "times" VALUES ( 20154, 12710, '13:37:00', '13:41:00', 20 );
INSERT INTO "times" VALUES ( 20154, 12720, '13:34:00', '13:34:00', 20 );
INSERT INTO "times" VALUES ( 20154, 12730, '13:32:00', '13:32:00', 20 );
INSERT INTO "times" VALUES ( 20154, 12740, '13:30:00', '13:30:00', 20 );
INSERT INTO "times" VALUES ( 20154, 12750, '13:26:00', '13:26:00', 20 );
INSERT INTO "times" VALUES ( 20154, 12760, '13:24:00', '13:24:00', 20 );
INSERT INTO "times" VALUES ( 20154, 12770, '13:20:00', '13:20:00', 20 );
INSERT INTO "times" VALUES ( 20154, 12780, '13:15:00', '13:15:00', 20 );
INSERT INTO "times" VALUES ( 20154, 12790, '13:13:00', '13:13:00', 20 );
INSERT INTO "times" VALUES ( 20154, 12800, '13:08:00', '13:11:00', 20 );
INSERT INTO "times" VALUES ( 20154, 12810, '13:06:00', '13:06:00', 20 );
INSERT INTO "times" VALUES ( 20154, 12820, '13:04:00', '13:04:00', 20 );
INSERT INTO "times" VALUES ( 20154, 12830, '13:03:00', '13:03:00', 20 );
INSERT INTO "times" VALUES ( 20154, 12840, '13:01:00', '13:01:00', 20 );
INSERT INTO "times" VALUES ( 20154, 12850, '12:59:00', '12:59:00', 20 );
INSERT INTO "times" VALUES ( 20154, 12860, '12:58:00', '12:58:00', 20 );
INSERT INTO "times" VALUES ( 20154, 12870, '12:56:00', '12:56:00', 20 );
INSERT INTO "times" VALUES ( 20154, 12880, '12:54:00', '12:54:00', 20 );
INSERT INTO "times" VALUES ( 20154, 12890, '12:52:00', '12:52:00', 20 );
INSERT INTO "times" VALUES ( 20154, 12900, '12:47:00', '12:51:00', 20 );
INSERT INTO "times" VALUES ( 20154, 13510, '12:45:00', '12:45:00', 30 );
INSERT INTO "times" VALUES ( 20154, 13520, NULL, '12:43:00', 30 );

INSERT INTO "dias" VALUES ( 20155, 120, FALSE, TRUE, 'K1300Z', 12510, 13520 );
INSERT INTO "dias_line_groups" VALUES ( 20155, 10 );
INSERT INTO "times" VALUES ( 20155, 12510, NULL, '13:02:00', 20 );
INSERT INTO "times" VALUES ( 20155, 12520, '13:04:00', '13:04:00', 20 );
INSERT INTO "times" VALUES ( 20155, 12530, '13:06:00', '13:06:00', 20 );
INSERT INTO "times" VALUES ( 20155, 12540, '13:09:00', '13:09:00', 20 );
INSERT INTO "times" VALUES ( 20155, 12610, '13:14:00', '13:14:00', 20 );
INSERT INTO "times" VALUES ( 20155, 12660, '13:18:00', '13:18:00', 20 );
INSERT INTO "times" VALUES ( 20155, 12670, '13:21:00', '13:21:00', 20 );
INSERT INTO "times" VALUES ( 20155, 12680, '13:24:00', '13:24:00', 20 );
INSERT INTO "times" VALUES ( 20155, 12690, '13:26:00', '13:26:00', 20 );
INSERT INTO "times" VALUES ( 20155, 12700, '13:28:00', '13:28:00', 20 );
INSERT INTO "times" VALUES ( 20155, 12710, '13:30:00', '13:34:00', 20 );
INSERT INTO "times" VALUES ( 20155, 12720, '13:36:00', '13:36:00', 20 );
INSERT INTO "times" VALUES ( 20155, 12730, '13:38:00', '13:38:00', 20 );
INSERT INTO "times" VALUES ( 20155, 12740, '13:41:00', '13:42:00', 20 );
INSERT INTO "times" VALUES ( 20155, 12750, '13:45:00', '13:45:00', 20 );
INSERT INTO "times" VALUES ( 20155, 12760, '13:48:00', '13:48:00', 20 );
INSERT INTO "times" VALUES ( 20155, 12770, '13:52:00', '13:52:00', 20 );
INSERT INTO "times" VALUES ( 20155, 12780, '13:56:00', '13:56:00', 20 );
INSERT INTO "times" VALUES ( 20155, 12790, '13:57:00', '13:57:00', 20 );
INSERT INTO "times" VALUES ( 20155, 12800, '13:59:00', '14:03:00', 20 );
INSERT INTO "times" VALUES ( 20155, 12810, '14:05:00', '14:05:00', 20 );
INSERT INTO "times" VALUES ( 20155, 12820, '14:06:00', '14:06:00', 20 );
INSERT INTO "times" VALUES ( 20155, 12830, '14:08:00', '14:08:00', 20 );
INSERT INTO "times" VALUES ( 20155, 12840, '14:09:00', '14:09:00', 20 );
INSERT INTO "times" VALUES ( 20155, 12850, '14:11:00', '14:11:00', 20 );
INSERT INTO "times" VALUES ( 20155, 12860, '14:12:00', '14:12:00', 20 );
INSERT INTO "times" VALUES ( 20155, 12870, '14:14:00', '14:14:00', 20 );
INSERT INTO "times" VALUES ( 20155, 12880, '14:16:00', '14:16:00', 20 );
INSERT INTO "times" VALUES ( 20155, 12890, '14:18:00', '14:18:00', 20 );
INSERT INTO "times" VALUES ( 20155, 12900, '14:19:00', '14:23:00', 20 );
INSERT INTO "times" VALUES ( 20155, 13510, '14:25:00', '14:25:00', 30 );
INSERT INTO "times" VALUES ( 20155, 13520, '14:28:00', NULL, NULL );

INSERT INTO "dias" VALUES ( 20156, 120, FALSE, TRUE, 'K1301A', 13520, 12510 );
INSERT INTO "dias_line_groups" VALUES ( 20156, 10 );
INSERT INTO "times" VALUES ( 20156, 12510, '14:39:00', NULL, NULL );
INSERT INTO "times" VALUES ( 20156, 12520, '14:37:00', '14:37:00', 20 );
INSERT INTO "times" VALUES ( 20156, 12530, '14:36:00', '14:36:00', 20 );
INSERT INTO "times" VALUES ( 20156, 12540, '14:33:00', '14:33:00', 20 );
INSERT INTO "times" VALUES ( 20156, 12610, '14:28:00', '14:28:00', 20 );
INSERT INTO "times" VALUES ( 20156, 12660, '14:23:00', '14:23:00', 20 );
INSERT INTO "times" VALUES ( 20156, 12670, '14:20:00', '14:20:00', 20 );
INSERT INTO "times" VALUES ( 20156, 12680, '14:18:00', '14:18:00', 20 );
INSERT INTO "times" VALUES ( 20156, 12690, '14:15:00', '14:15:00', 20 );
INSERT INTO "times" VALUES ( 20156, 12700, '14:13:00', '14:13:00', 20 );
INSERT INTO "times" VALUES ( 20156, 12710, '14:07:00', '14:11:00', 20 );
INSERT INTO "times" VALUES ( 20156, 12720, '14:04:00', '14:04:00', 20 );
INSERT INTO "times" VALUES ( 20156, 12730, '14:02:00', '14:02:00', 20 );
INSERT INTO "times" VALUES ( 20156, 12740, '14:00:00', '14:00:00', 20 );
INSERT INTO "times" VALUES ( 20156, 12750, '13:56:00', '13:56:00', 20 );
INSERT INTO "times" VALUES ( 20156, 12760, '13:54:00', '13:54:00', 20 );
INSERT INTO "times" VALUES ( 20156, 12770, '13:50:00', '13:50:00', 20 );
INSERT INTO "times" VALUES ( 20156, 12780, '13:45:00', '13:45:00', 20 );
INSERT INTO "times" VALUES ( 20156, 12790, '13:43:00', '13:43:00', 20 );
INSERT INTO "times" VALUES ( 20156, 12800, '13:38:00', '13:41:00', 20 );
INSERT INTO "times" VALUES ( 20156, 12810, '13:36:00', '13:36:00', 20 );
INSERT INTO "times" VALUES ( 20156, 12820, '13:34:00', '13:34:00', 20 );
INSERT INTO "times" VALUES ( 20156, 12830, '13:33:00', '13:33:00', 20 );
INSERT INTO "times" VALUES ( 20156, 12840, '13:31:00', '13:31:00', 20 );
INSERT INTO "times" VALUES ( 20156, 12850, '13:29:00', '13:29:00', 20 );
INSERT INTO "times" VALUES ( 20156, 12860, '13:28:00', '13:28:00', 20 );
INSERT INTO "times" VALUES ( 20156, 12870, '13:26:00', '13:26:00', 20 );
INSERT INTO "times" VALUES ( 20156, 12880, '13:24:00', '13:24:00', 20 );
INSERT INTO "times" VALUES ( 20156, 12890, '13:22:00', '13:22:00', 20 );
INSERT INTO "times" VALUES ( 20156, 12900, '13:17:00', '13:21:00', 20 );
INSERT INTO "times" VALUES ( 20156, 13510, '13:15:00', '13:15:00', 30 );
INSERT INTO "times" VALUES ( 20156, 13520, NULL, '13:13:00', 30 );

INSERT INTO "dias" VALUES ( 20157, 120, FALSE, TRUE, 'K1302Z', 12510, 13520 );
INSERT INTO "dias_line_groups" VALUES ( 20157, 10 );
INSERT INTO "times" VALUES ( 20157, 12510, NULL, '13:32:00', 20 );
INSERT INTO "times" VALUES ( 20157, 12520, '13:34:00', '13:34:00', 20 );
INSERT INTO "times" VALUES ( 20157, 12530, '13:36:00', '13:36:00', 20 );
INSERT INTO "times" VALUES ( 20157, 12540, '13:39:00', '13:39:00', 20 );
INSERT INTO "times" VALUES ( 20157, 12610, '13:44:00', '13:44:00', 20 );
INSERT INTO "times" VALUES ( 20157, 12660, '13:48:00', '13:48:00', 20 );
INSERT INTO "times" VALUES ( 20157, 12670, '13:51:00', '13:51:00', 20 );
INSERT INTO "times" VALUES ( 20157, 12680, '13:54:00', '13:54:00', 20 );
INSERT INTO "times" VALUES ( 20157, 12690, '13:56:00', '13:56:00', 20 );
INSERT INTO "times" VALUES ( 20157, 12700, '13:58:00', '13:58:00', 20 );
INSERT INTO "times" VALUES ( 20157, 12710, '14:00:00', '14:04:00', 20 );
INSERT INTO "times" VALUES ( 20157, 12720, '14:06:00', '14:06:00', 20 );
INSERT INTO "times" VALUES ( 20157, 12730, '14:08:00', '14:08:00', 20 );
INSERT INTO "times" VALUES ( 20157, 12740, '14:11:00', '14:12:00', 20 );
INSERT INTO "times" VALUES ( 20157, 12750, '14:15:00', '14:15:00', 20 );
INSERT INTO "times" VALUES ( 20157, 12760, '14:18:00', '14:18:00', 20 );
INSERT INTO "times" VALUES ( 20157, 12770, '14:22:00', '14:22:00', 20 );
INSERT INTO "times" VALUES ( 20157, 12780, '14:26:00', '14:26:00', 20 );
INSERT INTO "times" VALUES ( 20157, 12790, '14:27:00', '14:27:00', 20 );
INSERT INTO "times" VALUES ( 20157, 12800, '14:29:00', '14:33:00', 20 );
INSERT INTO "times" VALUES ( 20157, 12810, '14:35:00', '14:35:00', 20 );
INSERT INTO "times" VALUES ( 20157, 12820, '14:36:00', '14:36:00', 20 );
INSERT INTO "times" VALUES ( 20157, 12830, '14:38:00', '14:38:00', 20 );
INSERT INTO "times" VALUES ( 20157, 12840, '14:39:00', '14:39:00', 20 );
INSERT INTO "times" VALUES ( 20157, 12850, '14:41:00', '14:41:00', 20 );
INSERT INTO "times" VALUES ( 20157, 12860, '14:42:00', '14:42:00', 20 );
INSERT INTO "times" VALUES ( 20157, 12870, '14:44:00', '14:44:00', 20 );
INSERT INTO "times" VALUES ( 20157, 12880, '14:46:00', '14:46:00', 20 );
INSERT INTO "times" VALUES ( 20157, 12890, '14:48:00', '14:48:00', 20 );
INSERT INTO "times" VALUES ( 20157, 12900, '14:49:00', '14:53:00', 20 );
INSERT INTO "times" VALUES ( 20157, 13510, '14:55:00', '14:55:00', 30 );
INSERT INTO "times" VALUES ( 20157, 13520, '14:58:00', NULL, NULL );

INSERT INTO "dias" VALUES ( 20158, 120, FALSE, TRUE, 'K1303A', 13520, 12510 );
INSERT INTO "dias_line_groups" VALUES ( 20158, 10 );
INSERT INTO "times" VALUES ( 20158, 12510, '15:09:00', NULL, NULL );
INSERT INTO "times" VALUES ( 20158, 12520, '15:07:00', '15:07:00', 20 );
INSERT INTO "times" VALUES ( 20158, 12530, '15:06:00', '15:06:00', 20 );
INSERT INTO "times" VALUES ( 20158, 12540, '15:03:00', '15:03:00', 20 );
INSERT INTO "times" VALUES ( 20158, 12610, '14:58:00', '14:58:00', 20 );
INSERT INTO "times" VALUES ( 20158, 12660, '14:53:00', '14:53:00', 20 );
INSERT INTO "times" VALUES ( 20158, 12670, '14:50:00', '14:50:00', 20 );
INSERT INTO "times" VALUES ( 20158, 12680, '14:48:00', '14:48:00', 20 );
INSERT INTO "times" VALUES ( 20158, 12690, '14:45:00', '14:45:00', 20 );
INSERT INTO "times" VALUES ( 20158, 12700, '14:43:00', '14:43:00', 20 );
INSERT INTO "times" VALUES ( 20158, 12710, '14:37:00', '14:41:00', 20 );
INSERT INTO "times" VALUES ( 20158, 12720, '14:34:00', '14:34:00', 20 );
INSERT INTO "times" VALUES ( 20158, 12730, '14:32:00', '14:32:00', 20 );
INSERT INTO "times" VALUES ( 20158, 12740, '14:30:00', '14:30:00', 20 );
INSERT INTO "times" VALUES ( 20158, 12750, '14:26:00', '14:26:00', 20 );
INSERT INTO "times" VALUES ( 20158, 12760, '14:24:00', '14:24:00', 20 );
INSERT INTO "times" VALUES ( 20158, 12770, '14:20:00', '14:20:00', 20 );
INSERT INTO "times" VALUES ( 20158, 12780, '14:15:00', '14:15:00', 20 );
INSERT INTO "times" VALUES ( 20158, 12790, '14:13:00', '14:13:00', 20 );
INSERT INTO "times" VALUES ( 20158, 12800, '14:08:00', '14:11:00', 20 );
INSERT INTO "times" VALUES ( 20158, 12810, '14:06:00', '14:06:00', 20 );
INSERT INTO "times" VALUES ( 20158, 12820, '14:04:00', '14:04:00', 20 );
INSERT INTO "times" VALUES ( 20158, 12830, '14:03:00', '14:03:00', 20 );
INSERT INTO "times" VALUES ( 20158, 12840, '14:01:00', '14:01:00', 20 );
INSERT INTO "times" VALUES ( 20158, 12850, '13:59:00', '13:59:00', 20 );
INSERT INTO "times" VALUES ( 20158, 12860, '13:58:00', '13:58:00', 20 );
INSERT INTO "times" VALUES ( 20158, 12870, '13:56:00', '13:56:00', 20 );
INSERT INTO "times" VALUES ( 20158, 12880, '13:54:00', '13:54:00', 20 );
INSERT INTO "times" VALUES ( 20158, 12890, '13:52:00', '13:52:00', 20 );
INSERT INTO "times" VALUES ( 20158, 12900, '13:47:00', '13:51:00', 20 );
INSERT INTO "times" VALUES ( 20158, 13510, '13:45:00', '13:45:00', 30 );
INSERT INTO "times" VALUES ( 20158, 13520, NULL, '13:43:00', 30 );

INSERT INTO "dias" VALUES ( 20159, 120, FALSE, TRUE, 'K1400Z', 12510, 13520 );
INSERT INTO "dias_line_groups" VALUES ( 20159, 10 );
INSERT INTO "times" VALUES ( 20159, 12510, NULL, '14:02:00', 20 );
INSERT INTO "times" VALUES ( 20159, 12520, '14:04:00', '14:04:00', 20 );
INSERT INTO "times" VALUES ( 20159, 12530, '14:06:00', '14:06:00', 20 );
INSERT INTO "times" VALUES ( 20159, 12540, '14:09:00', '14:09:00', 20 );
INSERT INTO "times" VALUES ( 20159, 12610, '14:14:00', '14:14:00', 20 );
INSERT INTO "times" VALUES ( 20159, 12660, '14:18:00', '14:18:00', 20 );
INSERT INTO "times" VALUES ( 20159, 12670, '14:21:00', '14:21:00', 20 );
INSERT INTO "times" VALUES ( 20159, 12680, '14:24:00', '14:24:00', 20 );
INSERT INTO "times" VALUES ( 20159, 12690, '14:26:00', '14:26:00', 20 );
INSERT INTO "times" VALUES ( 20159, 12700, '14:28:00', '14:28:00', 20 );
INSERT INTO "times" VALUES ( 20159, 12710, '14:30:00', '14:34:00', 20 );
INSERT INTO "times" VALUES ( 20159, 12720, '14:36:00', '14:36:00', 20 );
INSERT INTO "times" VALUES ( 20159, 12730, '14:38:00', '14:38:00', 20 );
INSERT INTO "times" VALUES ( 20159, 12740, '14:41:00', '14:42:00', 20 );
INSERT INTO "times" VALUES ( 20159, 12750, '14:45:00', '14:45:00', 20 );
INSERT INTO "times" VALUES ( 20159, 12760, '14:48:00', '14:48:00', 20 );
INSERT INTO "times" VALUES ( 20159, 12770, '14:52:00', '14:52:00', 20 );
INSERT INTO "times" VALUES ( 20159, 12780, '14:56:00', '14:56:00', 20 );
INSERT INTO "times" VALUES ( 20159, 12790, '14:57:00', '14:57:00', 20 );
INSERT INTO "times" VALUES ( 20159, 12800, '14:59:00', '15:03:00', 20 );
INSERT INTO "times" VALUES ( 20159, 12810, '15:05:00', '15:05:00', 20 );
INSERT INTO "times" VALUES ( 20159, 12820, '15:06:00', '15:06:00', 20 );
INSERT INTO "times" VALUES ( 20159, 12830, '15:08:00', '15:08:00', 20 );
INSERT INTO "times" VALUES ( 20159, 12840, '15:09:00', '15:09:00', 20 );
INSERT INTO "times" VALUES ( 20159, 12850, '15:11:00', '15:11:00', 20 );
INSERT INTO "times" VALUES ( 20159, 12860, '15:12:00', '15:12:00', 20 );
INSERT INTO "times" VALUES ( 20159, 12870, '15:14:00', '15:14:00', 20 );
INSERT INTO "times" VALUES ( 20159, 12880, '15:16:00', '15:16:00', 20 );
INSERT INTO "times" VALUES ( 20159, 12890, '15:18:00', '15:18:00', 20 );
INSERT INTO "times" VALUES ( 20159, 12900, '15:19:00', '15:23:00', 20 );
INSERT INTO "times" VALUES ( 20159, 13510, '15:25:00', '15:25:00', 30 );
INSERT INTO "times" VALUES ( 20159, 13520, '15:27:00', NULL, NULL );

INSERT INTO "dias" VALUES ( 20160, 120, FALSE, TRUE, 'K1401A', 13520, 12510 );
INSERT INTO "dias_line_groups" VALUES ( 20160, 10 );
INSERT INTO "times" VALUES ( 20160, 12510, '15:39:00', NULL, NULL );
INSERT INTO "times" VALUES ( 20160, 12520, '15:37:00', '15:37:00', 20 );
INSERT INTO "times" VALUES ( 20160, 12530, '15:36:00', '15:36:00', 20 );
INSERT INTO "times" VALUES ( 20160, 12540, '15:33:00', '15:33:00', 20 );
INSERT INTO "times" VALUES ( 20160, 12610, '15:28:00', '15:28:00', 20 );
INSERT INTO "times" VALUES ( 20160, 12660, '15:23:00', '15:23:00', 20 );
INSERT INTO "times" VALUES ( 20160, 12670, '15:20:00', '15:20:00', 20 );
INSERT INTO "times" VALUES ( 20160, 12680, '15:18:00', '15:18:00', 20 );
INSERT INTO "times" VALUES ( 20160, 12690, '15:15:00', '15:15:00', 20 );
INSERT INTO "times" VALUES ( 20160, 12700, '15:13:00', '15:13:00', 20 );
INSERT INTO "times" VALUES ( 20160, 12710, '15:07:00', '15:11:00', 20 );
INSERT INTO "times" VALUES ( 20160, 12720, '15:04:00', '15:04:00', 20 );
INSERT INTO "times" VALUES ( 20160, 12730, '15:02:00', '15:02:00', 20 );
INSERT INTO "times" VALUES ( 20160, 12740, '15:00:00', '15:00:00', 20 );
INSERT INTO "times" VALUES ( 20160, 12750, '14:56:00', '14:56:00', 20 );
INSERT INTO "times" VALUES ( 20160, 12760, '14:54:00', '14:54:00', 20 );
INSERT INTO "times" VALUES ( 20160, 12770, '14:50:00', '14:50:00', 20 );
INSERT INTO "times" VALUES ( 20160, 12780, '14:45:00', '14:45:00', 20 );
INSERT INTO "times" VALUES ( 20160, 12790, '14:43:00', '14:43:00', 20 );
INSERT INTO "times" VALUES ( 20160, 12800, '14:38:00', '14:41:00', 20 );
INSERT INTO "times" VALUES ( 20160, 12810, '14:36:00', '14:36:00', 20 );
INSERT INTO "times" VALUES ( 20160, 12820, '14:34:00', '14:34:00', 20 );
INSERT INTO "times" VALUES ( 20160, 12830, '14:33:00', '14:33:00', 20 );
INSERT INTO "times" VALUES ( 20160, 12840, '14:31:00', '14:31:00', 20 );
INSERT INTO "times" VALUES ( 20160, 12850, '14:29:00', '14:29:00', 20 );
INSERT INTO "times" VALUES ( 20160, 12860, '14:28:00', '14:28:00', 20 );
INSERT INTO "times" VALUES ( 20160, 12870, '14:26:00', '14:26:00', 20 );
INSERT INTO "times" VALUES ( 20160, 12880, '14:24:00', '14:24:00', 20 );
INSERT INTO "times" VALUES ( 20160, 12890, '14:22:00', '14:22:00', 20 );
INSERT INTO "times" VALUES ( 20160, 12900, '14:17:00', '14:21:00', 20 );
INSERT INTO "times" VALUES ( 20160, 13510, '14:15:00', '14:15:00', 30 );
INSERT INTO "times" VALUES ( 20160, 13520, NULL, '14:13:00', 30 );

INSERT INTO "dias" VALUES ( 20161, 120, FALSE, TRUE, 'K1402Z', 12510, 13520 );
INSERT INTO "dias_line_groups" VALUES ( 20161, 10 );
INSERT INTO "times" VALUES ( 20161, 12510, NULL, '14:32:00', 20 );
INSERT INTO "times" VALUES ( 20161, 12520, '14:34:00', '14:34:00', 20 );
INSERT INTO "times" VALUES ( 20161, 12530, '14:36:00', '14:36:00', 20 );
INSERT INTO "times" VALUES ( 20161, 12540, '14:39:00', '14:39:00', 20 );
INSERT INTO "times" VALUES ( 20161, 12610, '14:44:00', '14:44:00', 20 );
INSERT INTO "times" VALUES ( 20161, 12660, '14:48:00', '14:48:00', 20 );
INSERT INTO "times" VALUES ( 20161, 12670, '14:51:00', '14:51:00', 20 );
INSERT INTO "times" VALUES ( 20161, 12680, '14:54:00', '14:54:00', 20 );
INSERT INTO "times" VALUES ( 20161, 12690, '14:56:00', '14:56:00', 20 );
INSERT INTO "times" VALUES ( 20161, 12700, '14:58:00', '14:58:00', 20 );
INSERT INTO "times" VALUES ( 20161, 12710, '15:00:00', '15:04:00', 20 );
INSERT INTO "times" VALUES ( 20161, 12720, '15:06:00', '15:06:00', 20 );
INSERT INTO "times" VALUES ( 20161, 12730, '15:08:00', '15:08:00', 20 );
INSERT INTO "times" VALUES ( 20161, 12740, '15:11:00', '15:12:00', 20 );
INSERT INTO "times" VALUES ( 20161, 12750, '15:15:00', '15:15:00', 20 );
INSERT INTO "times" VALUES ( 20161, 12760, '15:18:00', '15:18:00', 20 );
INSERT INTO "times" VALUES ( 20161, 12770, '15:22:00', '15:22:00', 20 );
INSERT INTO "times" VALUES ( 20161, 12780, '15:26:00', '15:26:00', 20 );
INSERT INTO "times" VALUES ( 20161, 12790, '15:27:00', '15:27:00', 20 );
INSERT INTO "times" VALUES ( 20161, 12800, '15:29:00', '15:33:00', 20 );
INSERT INTO "times" VALUES ( 20161, 12810, '15:35:00', '15:35:00', 20 );
INSERT INTO "times" VALUES ( 20161, 12820, '15:36:00', '15:36:00', 20 );
INSERT INTO "times" VALUES ( 20161, 12830, '15:38:00', '15:38:00', 20 );
INSERT INTO "times" VALUES ( 20161, 12840, '15:39:00', '15:39:00', 20 );
INSERT INTO "times" VALUES ( 20161, 12850, '15:41:00', '15:41:00', 20 );
INSERT INTO "times" VALUES ( 20161, 12860, '15:42:00', '15:42:00', 20 );
INSERT INTO "times" VALUES ( 20161, 12870, '15:44:00', '15:44:00', 20 );
INSERT INTO "times" VALUES ( 20161, 12880, '15:46:00', '15:46:00', 20 );
INSERT INTO "times" VALUES ( 20161, 12890, '15:48:00', '15:48:00', 20 );
INSERT INTO "times" VALUES ( 20161, 12900, '15:49:00', '15:53:00', 20 );
INSERT INTO "times" VALUES ( 20161, 13510, '15:55:00', '15:55:00', 30 );
INSERT INTO "times" VALUES ( 20161, 13520, '15:57:00', NULL, NULL );

INSERT INTO "dias" VALUES ( 20162, 120, FALSE, TRUE, 'K1403A', 13520, 12510 );
INSERT INTO "dias_line_groups" VALUES ( 20162, 10 );
INSERT INTO "times" VALUES ( 20162, 12510, '16:09:00', NULL, NULL );
INSERT INTO "times" VALUES ( 20162, 12520, '16:07:00', '16:07:00', 20 );
INSERT INTO "times" VALUES ( 20162, 12530, '16:06:00', '16:06:00', 20 );
INSERT INTO "times" VALUES ( 20162, 12540, '16:03:00', '16:03:00', 20 );
INSERT INTO "times" VALUES ( 20162, 12610, '15:58:00', '15:58:00', 20 );
INSERT INTO "times" VALUES ( 20162, 12660, '15:53:00', '15:53:00', 20 );
INSERT INTO "times" VALUES ( 20162, 12670, '15:50:00', '15:50:00', 20 );
INSERT INTO "times" VALUES ( 20162, 12680, '15:48:00', '15:48:00', 20 );
INSERT INTO "times" VALUES ( 20162, 12690, '15:45:00', '15:45:00', 20 );
INSERT INTO "times" VALUES ( 20162, 12700, '15:43:00', '15:43:00', 20 );
INSERT INTO "times" VALUES ( 20162, 12710, '15:37:00', '15:41:00', 20 );
INSERT INTO "times" VALUES ( 20162, 12720, '15:34:00', '15:34:00', 20 );
INSERT INTO "times" VALUES ( 20162, 12730, '15:32:00', '15:32:00', 20 );
INSERT INTO "times" VALUES ( 20162, 12740, '15:30:00', '15:30:00', 20 );
INSERT INTO "times" VALUES ( 20162, 12750, '15:26:00', '15:26:00', 20 );
INSERT INTO "times" VALUES ( 20162, 12760, '15:24:00', '15:24:00', 20 );
INSERT INTO "times" VALUES ( 20162, 12770, '15:20:00', '15:20:00', 20 );
INSERT INTO "times" VALUES ( 20162, 12780, '15:15:00', '15:15:00', 20 );
INSERT INTO "times" VALUES ( 20162, 12790, '15:13:00', '15:13:00', 20 );
INSERT INTO "times" VALUES ( 20162, 12800, '15:08:00', '15:11:00', 20 );
INSERT INTO "times" VALUES ( 20162, 12810, '15:06:00', '15:06:00', 20 );
INSERT INTO "times" VALUES ( 20162, 12820, '15:04:00', '15:04:00', 20 );
INSERT INTO "times" VALUES ( 20162, 12830, '15:03:00', '15:03:00', 20 );
INSERT INTO "times" VALUES ( 20162, 12840, '15:01:00', '15:01:00', 20 );
INSERT INTO "times" VALUES ( 20162, 12850, '14:59:00', '14:59:00', 20 );
INSERT INTO "times" VALUES ( 20162, 12860, '14:58:00', '14:58:00', 20 );
INSERT INTO "times" VALUES ( 20162, 12870, '14:56:00', '14:56:00', 20 );
INSERT INTO "times" VALUES ( 20162, 12880, '14:54:00', '14:54:00', 20 );
INSERT INTO "times" VALUES ( 20162, 12890, '14:52:00', '14:52:00', 20 );
INSERT INTO "times" VALUES ( 20162, 12900, '14:47:00', '14:51:00', 20 );
INSERT INTO "times" VALUES ( 20162, 13510, '14:45:00', '14:45:00', 30 );
INSERT INTO "times" VALUES ( 20162, 13520, NULL, '14:43:00', 30 );

INSERT INTO "dias" VALUES ( 20163, 120, FALSE, TRUE, 'K1500Z', 12510, 13520 );
INSERT INTO "dias_line_groups" VALUES ( 20163, 10 );
INSERT INTO "times" VALUES ( 20163, 12510, NULL, '15:02:00', 20 );
INSERT INTO "times" VALUES ( 20163, 12520, '15:04:00', '15:04:00', 20 );
INSERT INTO "times" VALUES ( 20163, 12530, '15:06:00', '15:06:00', 20 );
INSERT INTO "times" VALUES ( 20163, 12540, '15:09:00', '15:09:00', 20 );
INSERT INTO "times" VALUES ( 20163, 12610, '15:14:00', '15:14:00', 20 );
INSERT INTO "times" VALUES ( 20163, 12660, '15:18:00', '15:18:00', 20 );
INSERT INTO "times" VALUES ( 20163, 12670, '15:21:00', '15:21:00', 20 );
INSERT INTO "times" VALUES ( 20163, 12680, '15:24:00', '15:24:00', 20 );
INSERT INTO "times" VALUES ( 20163, 12690, '15:26:00', '15:26:00', 20 );
INSERT INTO "times" VALUES ( 20163, 12700, '15:28:00', '15:28:00', 20 );
INSERT INTO "times" VALUES ( 20163, 12710, '15:30:00', '15:34:00', 20 );
INSERT INTO "times" VALUES ( 20163, 12720, '15:36:00', '15:36:00', 20 );
INSERT INTO "times" VALUES ( 20163, 12730, '15:38:00', '15:38:00', 20 );
INSERT INTO "times" VALUES ( 20163, 12740, '15:41:00', '15:42:00', 20 );
INSERT INTO "times" VALUES ( 20163, 12750, '15:45:00', '15:45:00', 20 );
INSERT INTO "times" VALUES ( 20163, 12760, '15:48:00', '15:48:00', 20 );
INSERT INTO "times" VALUES ( 20163, 12770, '15:52:00', '15:52:00', 20 );
INSERT INTO "times" VALUES ( 20163, 12780, '15:56:00', '15:56:00', 20 );
INSERT INTO "times" VALUES ( 20163, 12790, '15:57:00', '15:57:00', 20 );
INSERT INTO "times" VALUES ( 20163, 12800, '15:59:00', '16:03:00', 20 );
INSERT INTO "times" VALUES ( 20163, 12810, '16:05:00', '16:05:00', 20 );
INSERT INTO "times" VALUES ( 20163, 12820, '16:06:00', '16:06:00', 20 );
INSERT INTO "times" VALUES ( 20163, 12830, '16:08:00', '16:08:00', 20 );
INSERT INTO "times" VALUES ( 20163, 12840, '16:09:00', '16:09:00', 20 );
INSERT INTO "times" VALUES ( 20163, 12850, '16:11:00', '16:11:00', 20 );
INSERT INTO "times" VALUES ( 20163, 12860, '16:12:00', '16:12:00', 20 );
INSERT INTO "times" VALUES ( 20163, 12870, '16:14:00', '16:14:00', 20 );
INSERT INTO "times" VALUES ( 20163, 12880, '16:16:00', '16:16:00', 20 );
INSERT INTO "times" VALUES ( 20163, 12890, '16:18:00', '16:18:00', 20 );
INSERT INTO "times" VALUES ( 20163, 12900, '16:20:00', '16:20:00', 20 );
INSERT INTO "times" VALUES ( 20163, 13510, '16:21:00', '16:21:00', 30 );
INSERT INTO "times" VALUES ( 20163, 13520, '16:24:00', NULL, NULL );

INSERT INTO "dias" VALUES ( 20164, 120, FALSE, TRUE, 'K1501A', 13520, 12510 );
INSERT INTO "dias_line_groups" VALUES ( 20164, 10 );
INSERT INTO "times" VALUES ( 20164, 12510, '16:40:00', NULL, NULL );
INSERT INTO "times" VALUES ( 20164, 12520, '16:38:00', '16:38:00', 20 );
INSERT INTO "times" VALUES ( 20164, 12530, '16:36:00', '16:36:00', 20 );
INSERT INTO "times" VALUES ( 20164, 12540, '16:33:00', '16:33:00', 20 );
INSERT INTO "times" VALUES ( 20164, 12610, '16:28:00', '16:28:00', 20 );
INSERT INTO "times" VALUES ( 20164, 12660, '16:24:00', '16:24:00', 20 );
INSERT INTO "times" VALUES ( 20164, 12670, '16:21:00', '16:21:00', 20 );
INSERT INTO "times" VALUES ( 20164, 12680, '16:18:00', '16:18:00', 20 );
INSERT INTO "times" VALUES ( 20164, 12690, '16:15:00', '16:15:00', 20 );
INSERT INTO "times" VALUES ( 20164, 12700, '16:13:00', '16:13:00', 20 );
INSERT INTO "times" VALUES ( 20164, 12710, '16:06:00', '16:11:00', 20 );
INSERT INTO "times" VALUES ( 20164, 12720, '16:04:00', '16:04:00', 20 );
INSERT INTO "times" VALUES ( 20164, 12730, '16:01:00', '16:01:00', 20 );
INSERT INTO "times" VALUES ( 20164, 12740, '15:59:00', '15:59:00', 20 );
INSERT INTO "times" VALUES ( 20164, 12750, '15:56:00', '15:56:00', 20 );
INSERT INTO "times" VALUES ( 20164, 12760, '15:54:00', '15:54:00', 20 );
INSERT INTO "times" VALUES ( 20164, 12770, '15:50:00', '15:50:00', 20 );
INSERT INTO "times" VALUES ( 20164, 12780, '15:45:00', '15:45:00', 20 );
INSERT INTO "times" VALUES ( 20164, 12790, '15:42:00', '15:42:00', 20 );
INSERT INTO "times" VALUES ( 20164, 12800, '15:37:00', '15:41:00', 20 );
INSERT INTO "times" VALUES ( 20164, 12810, '15:35:00', '15:35:00', 20 );
INSERT INTO "times" VALUES ( 20164, 12820, '15:33:00', '15:33:00', 20 );
INSERT INTO "times" VALUES ( 20164, 12830, '15:32:00', '15:32:00', 20 );
INSERT INTO "times" VALUES ( 20164, 12840, '15:30:00', '15:30:00', 20 );
INSERT INTO "times" VALUES ( 20164, 12850, '15:28:00', '15:28:00', 20 );
INSERT INTO "times" VALUES ( 20164, 12860, '15:26:00', '15:26:00', 20 );
INSERT INTO "times" VALUES ( 20164, 12870, '15:25:00', '15:25:00', 20 );
INSERT INTO "times" VALUES ( 20164, 12880, '15:23:00', '15:23:00', 20 );
INSERT INTO "times" VALUES ( 20164, 12890, '15:21:00', '15:21:00', 20 );
INSERT INTO "times" VALUES ( 20164, 12900, '15:16:00', '15:20:00', 20 );
INSERT INTO "times" VALUES ( 20164, 13510, '15:14:00', '15:14:00', 30 );
INSERT INTO "times" VALUES ( 20164, 13520, NULL, '15:12:00', 30 );

INSERT INTO "dias" VALUES ( 20165, 120, FALSE, TRUE, 'K1502Z', 12510, 13520 );
INSERT INTO "dias_line_groups" VALUES ( 20165, 10 );
INSERT INTO "times" VALUES ( 20165, 12510, NULL, '15:32:00', 20 );
INSERT INTO "times" VALUES ( 20165, 12520, '15:34:00', '15:34:00', 20 );
INSERT INTO "times" VALUES ( 20165, 12530, '15:36:00', '15:36:00', 20 );
INSERT INTO "times" VALUES ( 20165, 12540, '15:39:00', '15:39:00', 20 );
INSERT INTO "times" VALUES ( 20165, 12610, '15:44:00', '15:44:00', 20 );
INSERT INTO "times" VALUES ( 20165, 12660, '15:48:00', '15:48:00', 20 );
INSERT INTO "times" VALUES ( 20165, 12670, '15:51:00', '15:51:00', 20 );
INSERT INTO "times" VALUES ( 20165, 12680, '15:54:00', '15:54:00', 20 );
INSERT INTO "times" VALUES ( 20165, 12690, '15:56:00', '15:56:00', 20 );
INSERT INTO "times" VALUES ( 20165, 12700, '15:58:00', '15:58:00', 20 );
INSERT INTO "times" VALUES ( 20165, 12710, '16:00:00', '16:04:00', 20 );
INSERT INTO "times" VALUES ( 20165, 12720, '16:06:00', '16:06:00', 20 );
INSERT INTO "times" VALUES ( 20165, 12730, '16:08:00', '16:08:00', 20 );
INSERT INTO "times" VALUES ( 20165, 12740, '16:11:00', '16:12:00', 20 );
INSERT INTO "times" VALUES ( 20165, 12750, '16:15:00', '16:15:00', 20 );
INSERT INTO "times" VALUES ( 20165, 12760, '16:18:00', '16:18:00', 20 );
INSERT INTO "times" VALUES ( 20165, 12770, '16:22:00', '16:22:00', 20 );
INSERT INTO "times" VALUES ( 20165, 12780, '16:26:00', '16:26:00', 20 );
INSERT INTO "times" VALUES ( 20165, 12790, '16:27:00', '16:27:00', 20 );
INSERT INTO "times" VALUES ( 20165, 12800, '16:29:00', '16:33:00', 20 );
INSERT INTO "times" VALUES ( 20165, 12810, '16:35:00', '16:35:00', 20 );
INSERT INTO "times" VALUES ( 20165, 12820, '16:36:00', '16:36:00', 20 );
INSERT INTO "times" VALUES ( 20165, 12830, '16:38:00', '16:38:00', 20 );
INSERT INTO "times" VALUES ( 20165, 12840, '16:39:00', '16:39:00', 20 );
INSERT INTO "times" VALUES ( 20165, 12850, '16:41:00', '16:41:00', 20 );
INSERT INTO "times" VALUES ( 20165, 12860, '16:42:00', '16:42:00', 20 );
INSERT INTO "times" VALUES ( 20165, 12870, '16:44:00', '16:44:00', 20 );
INSERT INTO "times" VALUES ( 20165, 12880, '16:46:00', '16:46:00', 20 );
INSERT INTO "times" VALUES ( 20165, 12890, '16:48:00', '16:48:00', 20 );
INSERT INTO "times" VALUES ( 20165, 12900, '16:49:00', '16:53:00', 20 );
INSERT INTO "times" VALUES ( 20165, 13510, '16:55:00', '16:55:00', 30 );
INSERT INTO "times" VALUES ( 20165, 13520, '16:57:00', NULL, NULL );

INSERT INTO "dias" VALUES ( 20166, 120, FALSE, TRUE, 'K1503A', 13520, 12510 );
INSERT INTO "dias_line_groups" VALUES ( 20166, 10 );
INSERT INTO "times" VALUES ( 20166, 12510, '16:58:00', NULL, NULL );
INSERT INTO "times" VALUES ( 20166, 12520, '16:56:00', '16:56:00', 20 );
INSERT INTO "times" VALUES ( 20166, 12530, '16:54:00', '16:54:00', 20 );
INSERT INTO "times" VALUES ( 20166, 12540, '16:51:00', '16:51:00', 20 );
INSERT INTO "times" VALUES ( 20166, 12610, '16:46:00', '16:46:00', 20 );
INSERT INTO "times" VALUES ( 20166, 12660, '16:42:00', '16:42:00', 20 );
INSERT INTO "times" VALUES ( 20166, 12670, '16:39:00', '16:39:00', 20 );
INSERT INTO "times" VALUES ( 20166, 12680, '16:33:00', '16:36:00', 20 );
INSERT INTO "times" VALUES ( 20166, 12690, '16:30:00', '16:30:00', 20 );
INSERT INTO "times" VALUES ( 20166, 12700, '16:28:00', '16:28:00', 20 );
INSERT INTO "times" VALUES ( 20166, 12710, '16:19:00', '16:26:00', 20 );
INSERT INTO "times" VALUES ( 20166, 12720, '16:16:00', '16:16:00', 20 );
INSERT INTO "times" VALUES ( 20166, 12730, '16:14:00', '16:14:00', 20 );
INSERT INTO "times" VALUES ( 20166, 12740, '16:11:00', '16:11:00', 20 );
INSERT INTO "times" VALUES ( 20166, 12750, '16:08:00', '16:08:00', 20 );
INSERT INTO "times" VALUES ( 20166, 12760, '16:06:00', '16:06:00', 20 );
INSERT INTO "times" VALUES ( 20166, 12770, '15:59:00', '16:02:00', 20 );
INSERT INTO "times" VALUES ( 20166, 12780, '15:55:00', '15:55:00', 20 );
INSERT INTO "times" VALUES ( 20166, 12790, '15:52:00', '15:52:00', 20 );
INSERT INTO "times" VALUES ( 20166, 12800, '15:47:00', '15:51:00', 20 );
INSERT INTO "times" VALUES ( 20166, 12810, '15:45:00', '15:45:00', 20 );
INSERT INTO "times" VALUES ( 20166, 12820, '15:43:00', '15:43:00', 20 );
INSERT INTO "times" VALUES ( 20166, 12830, '15:42:00', '15:42:00', 20 );
INSERT INTO "times" VALUES ( 20166, 12840, '15:40:00', '15:40:00', 20 );
INSERT INTO "times" VALUES ( 20166, 12850, '15:38:00', '15:38:00', 20 );
INSERT INTO "times" VALUES ( 20166, 12860, '15:36:00', '15:36:00', 20 );
INSERT INTO "times" VALUES ( 20166, 12870, '15:35:00', '15:35:00', 20 );
INSERT INTO "times" VALUES ( 20166, 12880, '15:33:00', '15:33:00', 20 );
INSERT INTO "times" VALUES ( 20166, 12890, '15:31:00', '15:31:00', 20 );
INSERT INTO "times" VALUES ( 20166, 12900, '15:25:00', '15:30:00', 20 );
INSERT INTO "times" VALUES ( 20166, 13510, '15:23:00', '15:23:00', 30 );
INSERT INTO "times" VALUES ( 20166, 13520, NULL, '15:21:00', 30 );

INSERT INTO "dias" VALUES ( 20167, 120, FALSE, TRUE, 'K1504Z', 12510, 13520 );
INSERT INTO "dias_line_groups" VALUES ( 20167, 10 );
INSERT INTO "times" VALUES ( 20167, 12510, NULL, '15:43:00', 20 );
INSERT INTO "times" VALUES ( 20167, 12520, '15:45:00', '15:45:00', 20 );
INSERT INTO "times" VALUES ( 20167, 12530, '15:47:00', '15:47:00', 20 );
INSERT INTO "times" VALUES ( 20167, 12540, '15:50:00', '15:50:00', 20 );
INSERT INTO "times" VALUES ( 20167, 12610, '15:55:00', '15:55:00', 20 );
INSERT INTO "times" VALUES ( 20167, 12660, '15:59:00', '15:59:00', 20 );
INSERT INTO "times" VALUES ( 20167, 12670, '16:02:00', '16:02:00', 20 );
INSERT INTO "times" VALUES ( 20167, 12680, '16:05:00', '16:08:00', 20 );
INSERT INTO "times" VALUES ( 20167, 12690, '16:10:00', '16:10:00', 20 );
INSERT INTO "times" VALUES ( 20167, 12700, '16:12:00', '16:12:00', 20 );
INSERT INTO "times" VALUES ( 20167, 12710, '16:15:00', '16:15:00', 20 );
INSERT INTO "times" VALUES ( 20167, 12720, '16:16:00', '16:16:00', 20 );
INSERT INTO "times" VALUES ( 20167, 12730, '16:19:00', '16:19:00', 20 );
INSERT INTO "times" VALUES ( 20167, 12740, '16:22:00', '16:22:00', 20 );
INSERT INTO "times" VALUES ( 20167, 12750, '16:25:00', '16:25:00', 20 );
INSERT INTO "times" VALUES ( 20167, 12760, '16:28:00', '16:28:00', 20 );
INSERT INTO "times" VALUES ( 20167, 12770, '16:32:00', '16:32:00', 20 );
INSERT INTO "times" VALUES ( 20167, 12780, '16:36:00', '16:36:00', 20 );
INSERT INTO "times" VALUES ( 20167, 12790, '16:37:00', '16:37:00', 20 );
INSERT INTO "times" VALUES ( 20167, 12800, '16:39:00', '16:43:00', 20 );
INSERT INTO "times" VALUES ( 20167, 12810, '16:45:00', '16:45:00', 20 );
INSERT INTO "times" VALUES ( 20167, 12820, '16:46:00', '16:46:00', 20 );
INSERT INTO "times" VALUES ( 20167, 12830, '16:48:00', '16:48:00', 20 );
INSERT INTO "times" VALUES ( 20167, 12840, '16:49:00', '16:49:00', 20 );
INSERT INTO "times" VALUES ( 20167, 12850, '16:51:00', '16:51:00', 20 );
INSERT INTO "times" VALUES ( 20167, 12860, '16:52:00', '16:52:00', 20 );
INSERT INTO "times" VALUES ( 20167, 12870, '16:54:00', '16:54:00', 20 );
INSERT INTO "times" VALUES ( 20167, 12880, '16:56:00', '16:56:00', 20 );
INSERT INTO "times" VALUES ( 20167, 12890, '16:58:00', '16:58:00', 20 );
INSERT INTO "times" VALUES ( 20167, 12900, '16:59:00', '17:00:00', 20 );
INSERT INTO "times" VALUES ( 20167, 13510, '17:02:00', '17:02:00', 30 );
INSERT INTO "times" VALUES ( 20167, 13520, '17:05:00', NULL, NULL );

INSERT INTO "dias" VALUES ( 20168, 120, FALSE, TRUE, 'K1505A', 13520, 12510 );
INSERT INTO "dias_line_groups" VALUES ( 20168, 10 );
INSERT INTO "times" VALUES ( 20168, 12510, '17:10:00', NULL, NULL );
INSERT INTO "times" VALUES ( 20168, 12520, '17:08:00', '17:08:00', 20 );
INSERT INTO "times" VALUES ( 20168, 12530, '17:06:00', '17:06:00', 20 );
INSERT INTO "times" VALUES ( 20168, 12540, '17:03:00', '17:03:00', 20 );
INSERT INTO "times" VALUES ( 20168, 12610, '16:58:00', '16:58:00', 20 );
INSERT INTO "times" VALUES ( 20168, 12660, '16:54:00', '16:54:00', 20 );
INSERT INTO "times" VALUES ( 20168, 12670, '16:51:00', '16:51:00', 20 );
INSERT INTO "times" VALUES ( 20168, 12680, '16:48:00', '16:48:00', 20 );
INSERT INTO "times" VALUES ( 20168, 12690, '16:46:00', '16:46:00', 20 );
INSERT INTO "times" VALUES ( 20168, 12700, '16:43:00', '16:43:00', 20 );
INSERT INTO "times" VALUES ( 20168, 12710, '16:36:00', '16:42:00', 20 );
INSERT INTO "times" VALUES ( 20168, 12720, '16:34:00', '16:34:00', 20 );
INSERT INTO "times" VALUES ( 20168, 12730, '16:31:00', '16:31:00', 20 );
INSERT INTO "times" VALUES ( 20168, 12740, '16:29:00', '16:29:00', 20 );
INSERT INTO "times" VALUES ( 20168, 12750, '16:26:00', '16:26:00', 20 );
INSERT INTO "times" VALUES ( 20168, 12760, '16:24:00', '16:24:00', 20 );
INSERT INTO "times" VALUES ( 20168, 12770, '16:20:00', '16:20:00', 20 );
INSERT INTO "times" VALUES ( 20168, 12780, '16:15:00', '16:15:00', 20 );
INSERT INTO "times" VALUES ( 20168, 12790, '16:13:00', '16:13:00', 20 );
INSERT INTO "times" VALUES ( 20168, 12800, '16:08:00', '16:11:00', 20 );
INSERT INTO "times" VALUES ( 20168, 12810, '16:05:00', '16:05:00', 20 );
INSERT INTO "times" VALUES ( 20168, 12820, '16:04:00', '16:04:00', 20 );
INSERT INTO "times" VALUES ( 20168, 12830, '16:02:00', '16:02:00', 20 );
INSERT INTO "times" VALUES ( 20168, 12840, '16:00:00', '16:00:00', 20 );
INSERT INTO "times" VALUES ( 20168, 12850, '15:59:00', '15:59:00', 20 );
INSERT INTO "times" VALUES ( 20168, 12860, '15:57:00', '15:57:00', 20 );
INSERT INTO "times" VALUES ( 20168, 12870, '15:55:00', '15:55:00', 20 );
INSERT INTO "times" VALUES ( 20168, 12880, '15:53:00', '15:53:00', 20 );
INSERT INTO "times" VALUES ( 20168, 12890, '15:52:00', '15:52:00', 20 );
INSERT INTO "times" VALUES ( 20168, 12900, '15:44:00', '15:50:00', 20 );
INSERT INTO "times" VALUES ( 20168, 13510, '15:42:00', '15:42:00', 30 );
INSERT INTO "times" VALUES ( 20168, 13520, NULL, '15:40:00', 30 );

INSERT INTO "dias" VALUES ( 20169, 120, FALSE, TRUE, 'K1507A', 13520, 12510 );
INSERT INTO "dias_line_groups" VALUES ( 20169, 10 );
INSERT INTO "times" VALUES ( 20169, 12510, '17:28:00', NULL, NULL );
INSERT INTO "times" VALUES ( 20169, 12520, '17:26:00', '17:26:00', 20 );
INSERT INTO "times" VALUES ( 20169, 12530, '17:24:00', '17:24:00', 20 );
INSERT INTO "times" VALUES ( 20169, 12540, '17:21:00', '17:21:00', 20 );
INSERT INTO "times" VALUES ( 20169, 12610, '17:16:00', '17:16:00', 20 );
INSERT INTO "times" VALUES ( 20169, 12660, '17:12:00', '17:12:00', 20 );
INSERT INTO "times" VALUES ( 20169, 12670, '17:09:00', '17:09:00', 20 );
INSERT INTO "times" VALUES ( 20169, 12680, '17:03:00', '17:06:00', 20 );
INSERT INTO "times" VALUES ( 20169, 12690, '17:00:00', '17:00:00', 20 );
INSERT INTO "times" VALUES ( 20169, 12700, '16:58:00', '16:58:00', 20 );
INSERT INTO "times" VALUES ( 20169, 12710, '16:56:00', '16:56:00', 20 );
INSERT INTO "times" VALUES ( 20169, 12720, '16:53:00', '16:53:00', 20 );
INSERT INTO "times" VALUES ( 20169, 12730, '16:51:00', '16:51:00', 20 );
INSERT INTO "times" VALUES ( 20169, 12740, '16:42:00', '16:48:00', 20 );
INSERT INTO "times" VALUES ( 20169, 12750, '16:38:00', '16:38:00', 20 );
INSERT INTO "times" VALUES ( 20169, 12760, '16:36:00', '16:36:00', 20 );
INSERT INTO "times" VALUES ( 20169, 12770, '16:29:00', '16:32:00', 20 );
INSERT INTO "times" VALUES ( 20169, 12780, '16:25:00', '16:25:00', 20 );
INSERT INTO "times" VALUES ( 20169, 12790, '16:22:00', '16:22:00', 20 );
INSERT INTO "times" VALUES ( 20169, 12800, '16:17:00', '16:21:00', 20 );
INSERT INTO "times" VALUES ( 20169, 12810, '16:15:00', '16:15:00', 20 );
INSERT INTO "times" VALUES ( 20169, 12820, '16:13:00', '16:13:00', 20 );
INSERT INTO "times" VALUES ( 20169, 12830, '16:12:00', '16:12:00', 20 );
INSERT INTO "times" VALUES ( 20169, 12840, '16:10:00', '16:10:00', 20 );
INSERT INTO "times" VALUES ( 20169, 12850, '16:08:00', '16:08:00', 20 );
INSERT INTO "times" VALUES ( 20169, 12860, '16:06:00', '16:06:00', 20 );
INSERT INTO "times" VALUES ( 20169, 12870, '16:05:00', '16:05:00', 20 );
INSERT INTO "times" VALUES ( 20169, 12880, '16:03:00', '16:03:00', 20 );
INSERT INTO "times" VALUES ( 20169, 12890, '16:01:00', '16:01:00', 20 );
INSERT INTO "times" VALUES ( 20169, 12900, '15:56:00', '16:00:00', 20 );
INSERT INTO "times" VALUES ( 20169, 13510, '15:54:00', '15:54:00', 30 );
INSERT INTO "times" VALUES ( 20169, 13520, NULL, '15:52:00', 30 );

INSERT INTO "dias" VALUES ( 20170, 120, FALSE, TRUE, 'K1600Z', 12510, 13520 );
INSERT INTO "dias_line_groups" VALUES ( 20170, 10 );
INSERT INTO "times" VALUES ( 20170, 12510, NULL, '16:02:00', 20 );
INSERT INTO "times" VALUES ( 20170, 12520, '16:04:00', '16:04:00', 20 );
INSERT INTO "times" VALUES ( 20170, 12530, '16:06:00', '16:06:00', 20 );
INSERT INTO "times" VALUES ( 20170, 12540, '16:09:00', '16:09:00', 20 );
INSERT INTO "times" VALUES ( 20170, 12610, '16:14:00', '16:14:00', 20 );
INSERT INTO "times" VALUES ( 20170, 12660, '16:18:00', '16:18:00', 20 );
INSERT INTO "times" VALUES ( 20170, 12670, '16:21:00', '16:21:00', 20 );
INSERT INTO "times" VALUES ( 20170, 12680, '16:24:00', '16:24:00', 20 );
INSERT INTO "times" VALUES ( 20170, 12690, '16:26:00', '16:26:00', 20 );
INSERT INTO "times" VALUES ( 20170, 12700, '16:28:00', '16:28:00', 20 );
INSERT INTO "times" VALUES ( 20170, 12710, '16:30:00', '16:34:00', 20 );
INSERT INTO "times" VALUES ( 20170, 12720, '16:36:00', '16:36:00', 20 );
INSERT INTO "times" VALUES ( 20170, 12730, '16:38:00', '16:38:00', 20 );
INSERT INTO "times" VALUES ( 20170, 12740, '16:41:00', '16:42:00', 20 );
INSERT INTO "times" VALUES ( 20170, 12750, '16:45:00', '16:45:00', 20 );
INSERT INTO "times" VALUES ( 20170, 12760, '16:48:00', '16:48:00', 20 );
INSERT INTO "times" VALUES ( 20170, 12770, '16:52:00', '16:52:00', 20 );
INSERT INTO "times" VALUES ( 20170, 12780, '16:56:00', '16:56:00', 20 );
INSERT INTO "times" VALUES ( 20170, 12790, '16:57:00', '16:57:00', 20 );
INSERT INTO "times" VALUES ( 20170, 12800, '16:59:00', '17:03:00', 20 );
INSERT INTO "times" VALUES ( 20170, 12810, '17:05:00', '17:05:00', 20 );
INSERT INTO "times" VALUES ( 20170, 12820, '17:06:00', '17:06:00', 20 );
INSERT INTO "times" VALUES ( 20170, 12830, '17:08:00', '17:08:00', 20 );
INSERT INTO "times" VALUES ( 20170, 12840, '17:09:00', '17:09:00', 20 );
INSERT INTO "times" VALUES ( 20170, 12850, '17:11:00', '17:11:00', 20 );
INSERT INTO "times" VALUES ( 20170, 12860, '17:12:00', '17:12:00', 20 );
INSERT INTO "times" VALUES ( 20170, 12870, '17:14:00', '17:14:00', 20 );
INSERT INTO "times" VALUES ( 20170, 12880, '17:16:00', '17:16:00', 20 );
INSERT INTO "times" VALUES ( 20170, 12890, '17:18:00', '17:18:00', 20 );
INSERT INTO "times" VALUES ( 20170, 12900, '17:19:00', '17:23:00', 20 );
INSERT INTO "times" VALUES ( 20170, 13510, '17:25:00', '17:25:00', 30 );
INSERT INTO "times" VALUES ( 20170, 13520, '17:27:00', NULL, NULL );

INSERT INTO "dias" VALUES ( 20171, 120, FALSE, TRUE, 'K1601A', 13520, 12510 );
INSERT INTO "dias_line_groups" VALUES ( 20171, 10 );
INSERT INTO "times" VALUES ( 20171, 12510, '17:41:00', NULL, NULL );
INSERT INTO "times" VALUES ( 20171, 12520, '17:38:00', '17:38:00', 20 );
INSERT INTO "times" VALUES ( 20171, 12530, '17:36:00', '17:36:00', 20 );
INSERT INTO "times" VALUES ( 20171, 12540, '17:33:00', '17:33:00', 20 );
INSERT INTO "times" VALUES ( 20171, 12610, '17:28:00', '17:28:00', 20 );
INSERT INTO "times" VALUES ( 20171, 12660, '17:24:00', '17:24:00', 20 );
INSERT INTO "times" VALUES ( 20171, 12670, '17:21:00', '17:21:00', 20 );
INSERT INTO "times" VALUES ( 20171, 12680, '17:18:00', '17:18:00', 20 );
INSERT INTO "times" VALUES ( 20171, 12690, '17:16:00', '17:16:00', 20 );
INSERT INTO "times" VALUES ( 20171, 12700, '17:13:00', '17:13:00', 20 );
INSERT INTO "times" VALUES ( 20171, 12710, '17:07:00', '17:12:00', 20 );
INSERT INTO "times" VALUES ( 20171, 12720, '17:04:00', '17:04:00', 20 );
INSERT INTO "times" VALUES ( 20171, 12730, '17:02:00', '17:02:00', 20 );
INSERT INTO "times" VALUES ( 20171, 12740, '17:00:00', '17:00:00', 20 );
INSERT INTO "times" VALUES ( 20171, 12750, '16:56:00', '16:56:00', 20 );
INSERT INTO "times" VALUES ( 20171, 12760, '16:54:00', '16:54:00', 20 );
INSERT INTO "times" VALUES ( 20171, 12770, '16:50:00', '16:50:00', 20 );
INSERT INTO "times" VALUES ( 20171, 12780, '16:45:00', '16:45:00', 20 );
INSERT INTO "times" VALUES ( 20171, 12790, '16:43:00', '16:43:00', 20 );
INSERT INTO "times" VALUES ( 20171, 12800, '16:38:00', '16:41:00', 20 );
INSERT INTO "times" VALUES ( 20171, 12810, '16:35:00', '16:35:00', 20 );
INSERT INTO "times" VALUES ( 20171, 12820, '16:34:00', '16:34:00', 20 );
INSERT INTO "times" VALUES ( 20171, 12830, '16:32:00', '16:32:00', 20 );
INSERT INTO "times" VALUES ( 20171, 12840, '16:30:00', '16:30:00', 20 );
INSERT INTO "times" VALUES ( 20171, 12850, '16:29:00', '16:29:00', 20 );
INSERT INTO "times" VALUES ( 20171, 12860, '16:27:00', '16:27:00', 20 );
INSERT INTO "times" VALUES ( 20171, 12870, '16:25:00', '16:25:00', 20 );
INSERT INTO "times" VALUES ( 20171, 12880, '16:23:00', '16:23:00', 20 );
INSERT INTO "times" VALUES ( 20171, 12890, '16:22:00', '16:22:00', 20 );
INSERT INTO "times" VALUES ( 20171, 12900, '16:14:00', '16:20:00', 20 );
INSERT INTO "times" VALUES ( 20171, 13510, '16:12:00', '16:12:00', 30 );
INSERT INTO "times" VALUES ( 20171, 13520, NULL, '16:10:00', 30 );

INSERT INTO "dias" VALUES ( 20172, 120, FALSE, TRUE, 'K1602Z', 12510, 13520 );
INSERT INTO "dias_line_groups" VALUES ( 20172, 10 );
INSERT INTO "times" VALUES ( 20172, 12510, NULL, '16:13:00', 20 );
INSERT INTO "times" VALUES ( 20172, 12520, '16:15:00', '16:15:00', 20 );
INSERT INTO "times" VALUES ( 20172, 12530, '16:17:00', '16:17:00', 20 );
INSERT INTO "times" VALUES ( 20172, 12540, '16:20:00', '16:20:00', 20 );
INSERT INTO "times" VALUES ( 20172, 12610, '16:25:00', '16:25:00', 20 );
INSERT INTO "times" VALUES ( 20172, 12660, '16:29:00', '16:29:00', 20 );
INSERT INTO "times" VALUES ( 20172, 12670, '16:32:00', '16:32:00', 20 );
INSERT INTO "times" VALUES ( 20172, 12680, '16:35:00', '16:38:00', 20 );
INSERT INTO "times" VALUES ( 20172, 12690, '16:40:00', '16:40:00', 20 );
INSERT INTO "times" VALUES ( 20172, 12700, '16:42:00', '16:42:00', 20 );
INSERT INTO "times" VALUES ( 20172, 12710, '16:45:00', '16:45:00', 20 );
INSERT INTO "times" VALUES ( 20172, 12720, '16:46:00', '16:46:00', 20 );
INSERT INTO "times" VALUES ( 20172, 12730, '16:49:00', '16:49:00', 20 );
INSERT INTO "times" VALUES ( 20172, 12740, '16:52:00', '16:52:00', 20 );
INSERT INTO "times" VALUES ( 20172, 12750, '16:55:00', '16:55:00', 20 );
INSERT INTO "times" VALUES ( 20172, 12760, '16:58:00', '16:58:00', 20 );
INSERT INTO "times" VALUES ( 20172, 12770, '17:02:00', '17:02:00', 20 );
INSERT INTO "times" VALUES ( 20172, 12780, '17:06:00', '17:06:00', 20 );
INSERT INTO "times" VALUES ( 20172, 12790, '17:07:00', '17:07:00', 20 );
INSERT INTO "times" VALUES ( 20172, 12800, '17:09:00', '17:13:00', 20 );
INSERT INTO "times" VALUES ( 20172, 12810, '17:15:00', '17:15:00', 20 );
INSERT INTO "times" VALUES ( 20172, 12820, '17:16:00', '17:16:00', 20 );
INSERT INTO "times" VALUES ( 20172, 12830, '17:18:00', '17:18:00', 20 );
INSERT INTO "times" VALUES ( 20172, 12840, '17:19:00', '17:19:00', 20 );
INSERT INTO "times" VALUES ( 20172, 12850, '17:21:00', '17:21:00', 20 );
INSERT INTO "times" VALUES ( 20172, 12860, '17:22:00', '17:22:00', 20 );
INSERT INTO "times" VALUES ( 20172, 12870, '17:24:00', '17:24:00', 20 );
INSERT INTO "times" VALUES ( 20172, 12880, '17:26:00', '17:26:00', 20 );
INSERT INTO "times" VALUES ( 20172, 12890, '17:28:00', '17:28:00', 20 );
INSERT INTO "times" VALUES ( 20172, 12900, '17:29:00', '17:30:00', 20 );
INSERT INTO "times" VALUES ( 20172, 13510, '17:32:00', '17:32:00', 30 );
INSERT INTO "times" VALUES ( 20172, 13520, '17:35:00', NULL, NULL );

INSERT INTO "dias" VALUES ( 20173, 120, FALSE, TRUE, 'K1603A', 13520, 12510 );
INSERT INTO "dias_line_groups" VALUES ( 20173, 10 );
INSERT INTO "times" VALUES ( 20173, 12510, '17:58:00', NULL, NULL );
INSERT INTO "times" VALUES ( 20173, 12520, '17:56:00', '17:56:00', 20 );
INSERT INTO "times" VALUES ( 20173, 12530, '17:54:00', '17:54:00', 20 );
INSERT INTO "times" VALUES ( 20173, 12540, '17:51:00', '17:51:00', 20 );
INSERT INTO "times" VALUES ( 20173, 12610, '17:46:00', '17:46:00', 20 );
INSERT INTO "times" VALUES ( 20173, 12660, '17:42:00', '17:42:00', 20 );
INSERT INTO "times" VALUES ( 20173, 12670, '17:39:00', '17:39:00', 20 );
INSERT INTO "times" VALUES ( 20173, 12680, '17:33:00', '17:36:00', 20 );
INSERT INTO "times" VALUES ( 20173, 12690, '17:30:00', '17:30:00', 20 );
INSERT INTO "times" VALUES ( 20173, 12700, '17:28:00', '17:28:00', 20 );
INSERT INTO "times" VALUES ( 20173, 12710, '17:19:00', '17:26:00', 20 );
INSERT INTO "times" VALUES ( 20173, 12720, '17:16:00', '17:16:00', 20 );
INSERT INTO "times" VALUES ( 20173, 12730, '17:14:00', '17:14:00', 20 );
INSERT INTO "times" VALUES ( 20173, 12740, '17:11:00', '17:11:00', 20 );
INSERT INTO "times" VALUES ( 20173, 12750, '17:08:00', '17:08:00', 20 );
INSERT INTO "times" VALUES ( 20173, 12760, '17:06:00', '17:06:00', 20 );
INSERT INTO "times" VALUES ( 20173, 12770, '16:59:00', '17:02:00', 20 );
INSERT INTO "times" VALUES ( 20173, 12780, '16:55:00', '16:55:00', 20 );
INSERT INTO "times" VALUES ( 20173, 12790, '16:53:00', '16:53:00', 20 );
INSERT INTO "times" VALUES ( 20173, 12800, '16:47:00', '16:51:00', 20 );
INSERT INTO "times" VALUES ( 20173, 12810, '16:45:00', '16:45:00', 20 );
INSERT INTO "times" VALUES ( 20173, 12820, '16:43:00', '16:43:00', 20 );
INSERT INTO "times" VALUES ( 20173, 12830, '16:42:00', '16:42:00', 20 );
INSERT INTO "times" VALUES ( 20173, 12840, '16:40:00', '16:40:00', 20 );
INSERT INTO "times" VALUES ( 20173, 12850, '16:39:00', '16:39:00', 20 );
INSERT INTO "times" VALUES ( 20173, 12860, '16:37:00', '16:37:00', 20 );
INSERT INTO "times" VALUES ( 20173, 12870, '16:35:00', '16:35:00', 20 );
INSERT INTO "times" VALUES ( 20173, 12880, '16:33:00', '16:33:00', 20 );
INSERT INTO "times" VALUES ( 20173, 12890, '16:31:00', '16:31:00', 20 );
INSERT INTO "times" VALUES ( 20173, 12900, '16:26:00', '16:30:00', 20 );
INSERT INTO "times" VALUES ( 20173, 13510, '16:24:00', '16:24:00', 30 );
INSERT INTO "times" VALUES ( 20173, 13520, NULL, '16:22:00', 30 );

INSERT INTO "dias" VALUES ( 20174, 120, FALSE, TRUE, 'K1604Z', 12510, 13520 );
INSERT INTO "dias_line_groups" VALUES ( 20174, 10 );
INSERT INTO "times" VALUES ( 20174, 12510, NULL, '16:32:00', 20 );
INSERT INTO "times" VALUES ( 20174, 12520, '16:33:00', '16:33:00', 20 );
INSERT INTO "times" VALUES ( 20174, 12530, '16:35:00', '16:35:00', 20 );
INSERT INTO "times" VALUES ( 20174, 12540, '16:39:00', '16:39:00', 20 );
INSERT INTO "times" VALUES ( 20174, 12610, '16:44:00', '16:44:00', 20 );
INSERT INTO "times" VALUES ( 20174, 12660, '16:48:00', '16:48:00', 20 );
INSERT INTO "times" VALUES ( 20174, 12670, '16:51:00', '16:51:00', 20 );
INSERT INTO "times" VALUES ( 20174, 12680, '16:54:00', '16:54:00', 20 );
INSERT INTO "times" VALUES ( 20174, 12690, '16:56:00', '16:56:00', 20 );
INSERT INTO "times" VALUES ( 20174, 12700, '16:58:00', '16:58:00', 20 );
INSERT INTO "times" VALUES ( 20174, 12710, '17:00:00', '17:04:00', 20 );
INSERT INTO "times" VALUES ( 20174, 12720, '17:06:00', '17:06:00', 20 );
INSERT INTO "times" VALUES ( 20174, 12730, '17:08:00', '17:08:00', 20 );
INSERT INTO "times" VALUES ( 20174, 12740, '17:11:00', '17:12:00', 20 );
INSERT INTO "times" VALUES ( 20174, 12750, '17:15:00', '17:15:00', 20 );
INSERT INTO "times" VALUES ( 20174, 12760, '17:18:00', '17:18:00', 20 );
INSERT INTO "times" VALUES ( 20174, 12770, '17:22:00', '17:22:00', 20 );
INSERT INTO "times" VALUES ( 20174, 12780, '17:26:00', '17:26:00', 20 );
INSERT INTO "times" VALUES ( 20174, 12790, '17:27:00', '17:27:00', 20 );
INSERT INTO "times" VALUES ( 20174, 12800, '17:29:00', '17:33:00', 20 );
INSERT INTO "times" VALUES ( 20174, 12810, '17:35:00', '17:35:00', 20 );
INSERT INTO "times" VALUES ( 20174, 12820, '17:36:00', '17:36:00', 20 );
INSERT INTO "times" VALUES ( 20174, 12830, '17:38:00', '17:38:00', 20 );
INSERT INTO "times" VALUES ( 20174, 12840, '17:39:00', '17:39:00', 20 );
INSERT INTO "times" VALUES ( 20174, 12850, '17:41:00', '17:41:00', 20 );
INSERT INTO "times" VALUES ( 20174, 12860, '17:42:00', '17:42:00', 20 );
INSERT INTO "times" VALUES ( 20174, 12870, '17:44:00', '17:44:00', 20 );
INSERT INTO "times" VALUES ( 20174, 12880, '17:46:00', '17:46:00', 20 );
INSERT INTO "times" VALUES ( 20174, 12890, '17:48:00', '17:48:00', 20 );
INSERT INTO "times" VALUES ( 20174, 12900, '17:49:00', '17:53:00', 20 );
INSERT INTO "times" VALUES ( 20174, 13510, '17:55:00', '17:55:00', 30 );
INSERT INTO "times" VALUES ( 20174, 13520, '17:58:00', NULL, NULL );

INSERT INTO "dias" VALUES ( 20175, 120, FALSE, TRUE, 'K1605A', 13520, 12510 );
INSERT INTO "dias_line_groups" VALUES ( 20175, 10 );
INSERT INTO "times" VALUES ( 20175, 12510, '18:10:00', NULL, NULL );
INSERT INTO "times" VALUES ( 20175, 12520, '18:08:00', '18:08:00', 20 );
INSERT INTO "times" VALUES ( 20175, 12530, '18:06:00', '18:06:00', 20 );
INSERT INTO "times" VALUES ( 20175, 12540, '18:03:00', '18:03:00', 20 );
INSERT INTO "times" VALUES ( 20175, 12610, '17:58:00', '17:58:00', 20 );
INSERT INTO "times" VALUES ( 20175, 12660, '17:54:00', '17:54:00', 20 );
INSERT INTO "times" VALUES ( 20175, 12670, '17:51:00', '17:51:00', 20 );
INSERT INTO "times" VALUES ( 20175, 12680, '17:48:00', '17:48:00', 20 );
INSERT INTO "times" VALUES ( 20175, 12690, '17:46:00', '17:46:00', 20 );
INSERT INTO "times" VALUES ( 20175, 12700, '17:43:00', '17:43:00', 20 );
INSERT INTO "times" VALUES ( 20175, 12710, '17:37:00', '17:42:00', 20 );
INSERT INTO "times" VALUES ( 20175, 12720, '17:34:00', '17:34:00', 20 );
INSERT INTO "times" VALUES ( 20175, 12730, '17:32:00', '17:32:00', 20 );
INSERT INTO "times" VALUES ( 20175, 12740, '17:29:00', '17:29:00', 20 );
INSERT INTO "times" VALUES ( 20175, 12750, '17:26:00', '17:26:00', 20 );
INSERT INTO "times" VALUES ( 20175, 12760, '17:24:00', '17:24:00', 20 );
INSERT INTO "times" VALUES ( 20175, 12770, '17:20:00', '17:20:00', 20 );
INSERT INTO "times" VALUES ( 20175, 12780, '17:15:00', '17:15:00', 20 );
INSERT INTO "times" VALUES ( 20175, 12790, '17:13:00', '17:13:00', 20 );
INSERT INTO "times" VALUES ( 20175, 12800, '17:08:00', '17:11:00', 20 );
INSERT INTO "times" VALUES ( 20175, 12810, '17:05:00', '17:05:00', 20 );
INSERT INTO "times" VALUES ( 20175, 12820, '17:04:00', '17:04:00', 20 );
INSERT INTO "times" VALUES ( 20175, 12830, '17:02:00', '17:02:00', 20 );
INSERT INTO "times" VALUES ( 20175, 12840, '17:00:00', '17:00:00', 20 );
INSERT INTO "times" VALUES ( 20175, 12850, '16:59:00', '16:59:00', 20 );
INSERT INTO "times" VALUES ( 20175, 12860, '16:57:00', '16:57:00', 20 );
INSERT INTO "times" VALUES ( 20175, 12870, '16:55:00', '16:55:00', 20 );
INSERT INTO "times" VALUES ( 20175, 12880, '16:53:00', '16:53:00', 20 );
INSERT INTO "times" VALUES ( 20175, 12890, '16:52:00', '16:52:00', 20 );
INSERT INTO "times" VALUES ( 20175, 12900, '16:44:00', '16:50:00', 20 );
INSERT INTO "times" VALUES ( 20175, 13510, '16:42:00', '16:42:00', 30 );
INSERT INTO "times" VALUES ( 20175, 13520, NULL, '16:40:00', 30 );

INSERT INTO "dias" VALUES ( 20176, 120, FALSE, TRUE, 'K1606Z', 12510, 13520 );
INSERT INTO "dias_line_groups" VALUES ( 20176, 10 );
INSERT INTO "times" VALUES ( 20176, 12510, NULL, '16:43:00', 20 );
INSERT INTO "times" VALUES ( 20176, 12520, '16:45:00', '16:45:00', 20 );
INSERT INTO "times" VALUES ( 20176, 12530, '16:47:00', '16:47:00', 20 );
INSERT INTO "times" VALUES ( 20176, 12540, '16:50:00', '16:50:00', 20 );
INSERT INTO "times" VALUES ( 20176, 12610, '16:55:00', '16:55:00', 20 );
INSERT INTO "times" VALUES ( 20176, 12660, '17:00:00', '17:00:00', 20 );
INSERT INTO "times" VALUES ( 20176, 12670, '17:02:00', '17:02:00', 20 );
INSERT INTO "times" VALUES ( 20176, 12680, '17:05:00', '17:08:00', 20 );
INSERT INTO "times" VALUES ( 20176, 12690, '17:10:00', '17:10:00', 20 );
INSERT INTO "times" VALUES ( 20176, 12700, '17:12:00', '17:12:00', 20 );
INSERT INTO "times" VALUES ( 20176, 12710, '17:15:00', '17:15:00', 20 );
INSERT INTO "times" VALUES ( 20176, 12720, '17:16:00', '17:16:00', 20 );
INSERT INTO "times" VALUES ( 20176, 12730, '17:19:00', '17:19:00', 20 );
INSERT INTO "times" VALUES ( 20176, 12740, '17:22:00', '17:22:00', 20 );
INSERT INTO "times" VALUES ( 20176, 12750, '17:25:00', '17:25:00', 20 );
INSERT INTO "times" VALUES ( 20176, 12760, '17:28:00', '17:28:00', 20 );
INSERT INTO "times" VALUES ( 20176, 12770, '17:32:00', '17:32:00', 20 );
INSERT INTO "times" VALUES ( 20176, 12780, '17:36:00', '17:36:00', 20 );
INSERT INTO "times" VALUES ( 20176, 12790, '17:37:00', '17:37:00', 20 );
INSERT INTO "times" VALUES ( 20176, 12800, '17:39:00', '17:43:00', 20 );
INSERT INTO "times" VALUES ( 20176, 12810, '17:45:00', '17:45:00', 20 );
INSERT INTO "times" VALUES ( 20176, 12820, '17:46:00', '17:46:00', 20 );
INSERT INTO "times" VALUES ( 20176, 12830, '17:48:00', '17:48:00', 20 );
INSERT INTO "times" VALUES ( 20176, 12840, '17:49:00', '17:49:00', 20 );
INSERT INTO "times" VALUES ( 20176, 12850, '17:51:00', '17:51:00', 20 );
INSERT INTO "times" VALUES ( 20176, 12860, '17:52:00', '17:52:00', 20 );
INSERT INTO "times" VALUES ( 20176, 12870, '17:54:00', '17:54:00', 20 );
INSERT INTO "times" VALUES ( 20176, 12880, '17:56:00', '17:56:00', 20 );
INSERT INTO "times" VALUES ( 20176, 12890, '17:58:00', '17:58:00', 20 );
INSERT INTO "times" VALUES ( 20176, 12900, '17:59:00', '18:03:00', 20 );
INSERT INTO "times" VALUES ( 20176, 13510, '18:05:00', '18:05:00', 30 );
INSERT INTO "times" VALUES ( 20176, 13520, '18:08:00', NULL, NULL );

INSERT INTO "dias" VALUES ( 20177, 120, FALSE, TRUE, 'K1700Z', 12510, 13520 );
INSERT INTO "dias_line_groups" VALUES ( 20177, 10 );
INSERT INTO "times" VALUES ( 20177, 12510, NULL, '17:02:00', 20 );
INSERT INTO "times" VALUES ( 20177, 12520, '17:03:00', '17:03:00', 20 );
INSERT INTO "times" VALUES ( 20177, 12530, '17:06:00', '17:06:00', 20 );
INSERT INTO "times" VALUES ( 20177, 12540, '17:09:00', '17:09:00', 20 );
INSERT INTO "times" VALUES ( 20177, 12610, '17:14:00', '17:14:00', 20 );
INSERT INTO "times" VALUES ( 20177, 12660, '17:18:00', '17:18:00', 20 );
INSERT INTO "times" VALUES ( 20177, 12670, '17:21:00', '17:21:00', 20 );
INSERT INTO "times" VALUES ( 20177, 12680, '17:24:00', '17:24:00', 20 );
INSERT INTO "times" VALUES ( 20177, 12690, '17:26:00', '17:26:00', 20 );
INSERT INTO "times" VALUES ( 20177, 12700, '17:28:00', '17:28:00', 20 );
INSERT INTO "times" VALUES ( 20177, 12710, '17:30:00', '17:34:00', 20 );
INSERT INTO "times" VALUES ( 20177, 12720, '17:36:00', '17:36:00', 20 );
INSERT INTO "times" VALUES ( 20177, 12730, '17:38:00', '17:38:00', 20 );
INSERT INTO "times" VALUES ( 20177, 12740, '17:41:00', '17:42:00', 20 );
INSERT INTO "times" VALUES ( 20177, 12750, '17:45:00', '17:45:00', 20 );
INSERT INTO "times" VALUES ( 20177, 12760, '17:48:00', '17:48:00', 20 );
INSERT INTO "times" VALUES ( 20177, 12770, '17:52:00', '17:52:00', 20 );
INSERT INTO "times" VALUES ( 20177, 12780, '17:56:00', '17:56:00', 20 );
INSERT INTO "times" VALUES ( 20177, 12790, '17:57:00', '17:57:00', 20 );
INSERT INTO "times" VALUES ( 20177, 12800, '17:59:00', '18:03:00', 20 );
INSERT INTO "times" VALUES ( 20177, 12810, '18:05:00', '18:05:00', 20 );
INSERT INTO "times" VALUES ( 20177, 12820, '18:06:00', '18:06:00', 20 );
INSERT INTO "times" VALUES ( 20177, 12830, '18:08:00', '18:08:00', 20 );
INSERT INTO "times" VALUES ( 20177, 12840, '18:09:00', '18:09:00', 20 );
INSERT INTO "times" VALUES ( 20177, 12850, '18:11:00', '18:11:00', 20 );
INSERT INTO "times" VALUES ( 20177, 12860, '18:12:00', '18:12:00', 20 );
INSERT INTO "times" VALUES ( 20177, 12870, '18:14:00', '18:14:00', 20 );
INSERT INTO "times" VALUES ( 20177, 12880, '18:16:00', '18:16:00', 20 );
INSERT INTO "times" VALUES ( 20177, 12890, '18:18:00', '18:18:00', 20 );
INSERT INTO "times" VALUES ( 20177, 12900, '18:19:00', '18:23:00', 20 );
INSERT INTO "times" VALUES ( 20177, 13510, '18:25:00', '18:25:00', 30 );
INSERT INTO "times" VALUES ( 20177, 13520, '18:28:00', NULL, NULL );

INSERT INTO "dias" VALUES ( 20178, 120, FALSE, TRUE, 'K1701A', 13520, 12510 );
INSERT INTO "dias_line_groups" VALUES ( 20178, 10 );
INSERT INTO "times" VALUES ( 20178, 12510, '18:40:00', NULL, NULL );
INSERT INTO "times" VALUES ( 20178, 12520, '18:38:00', '18:38:00', 20 );
INSERT INTO "times" VALUES ( 20178, 12530, '18:36:00', '18:36:00', 20 );
INSERT INTO "times" VALUES ( 20178, 12540, '18:33:00', '18:33:00', 20 );
INSERT INTO "times" VALUES ( 20178, 12610, '18:28:00', '18:28:00', 20 );
INSERT INTO "times" VALUES ( 20178, 12660, '18:24:00', '18:24:00', 20 );
INSERT INTO "times" VALUES ( 20178, 12670, '18:21:00', '18:21:00', 20 );
INSERT INTO "times" VALUES ( 20178, 12680, '18:18:00', '18:18:00', 20 );
INSERT INTO "times" VALUES ( 20178, 12690, '18:16:00', '18:16:00', 20 );
INSERT INTO "times" VALUES ( 20178, 12700, '18:13:00', '18:13:00', 20 );
INSERT INTO "times" VALUES ( 20178, 12710, '18:06:00', '18:12:00', 20 );
INSERT INTO "times" VALUES ( 20178, 12720, '18:04:00', '18:04:00', 20 );
INSERT INTO "times" VALUES ( 20178, 12730, '18:01:00', '18:01:00', 20 );
INSERT INTO "times" VALUES ( 20178, 12740, '17:59:00', '17:59:00', 20 );
INSERT INTO "times" VALUES ( 20178, 12750, '17:56:00', '17:56:00', 20 );
INSERT INTO "times" VALUES ( 20178, 12760, '17:54:00', '17:54:00', 20 );
INSERT INTO "times" VALUES ( 20178, 12770, '17:50:00', '17:50:00', 20 );
INSERT INTO "times" VALUES ( 20178, 12780, '17:45:00', '17:45:00', 20 );
INSERT INTO "times" VALUES ( 20178, 12790, '17:43:00', '17:43:00', 20 );
INSERT INTO "times" VALUES ( 20178, 12800, '17:38:00', '17:41:00', 20 );
INSERT INTO "times" VALUES ( 20178, 12810, '17:35:00', '17:35:00', 20 );
INSERT INTO "times" VALUES ( 20178, 12820, '17:34:00', '17:34:00', 20 );
INSERT INTO "times" VALUES ( 20178, 12830, '17:32:00', '17:32:00', 20 );
INSERT INTO "times" VALUES ( 20178, 12840, '17:30:00', '17:30:00', 20 );
INSERT INTO "times" VALUES ( 20178, 12850, '17:29:00', '17:29:00', 20 );
INSERT INTO "times" VALUES ( 20178, 12860, '17:27:00', '17:27:00', 20 );
INSERT INTO "times" VALUES ( 20178, 12870, '17:25:00', '17:25:00', 20 );
INSERT INTO "times" VALUES ( 20178, 12880, '17:23:00', '17:23:00', 20 );
INSERT INTO "times" VALUES ( 20178, 12890, '17:22:00', '17:22:00', 20 );
INSERT INTO "times" VALUES ( 20178, 12900, '17:14:00', '17:20:00', 20 );
INSERT INTO "times" VALUES ( 20178, 13510, '17:12:00', '17:12:00', 30 );
INSERT INTO "times" VALUES ( 20178, 13520, NULL, '17:09:00', 30 );

INSERT INTO "dias" VALUES ( 20179, 120, FALSE, TRUE, 'K1702Z', 12510, 13520 );
INSERT INTO "dias_line_groups" VALUES ( 20179, 10 );
INSERT INTO "times" VALUES ( 20179, 12510, NULL, '17:13:00', 20 );
INSERT INTO "times" VALUES ( 20179, 12520, '17:15:00', '17:15:00', 20 );
INSERT INTO "times" VALUES ( 20179, 12530, '17:17:00', '17:17:00', 20 );
INSERT INTO "times" VALUES ( 20179, 12540, '17:20:00', '17:20:00', 20 );
INSERT INTO "times" VALUES ( 20179, 12610, '17:25:00', '17:25:00', 20 );
INSERT INTO "times" VALUES ( 20179, 12660, '17:29:00', '17:29:00', 20 );
INSERT INTO "times" VALUES ( 20179, 12670, '17:32:00', '17:32:00', 20 );
INSERT INTO "times" VALUES ( 20179, 12680, '17:35:00', '17:38:00', 20 );
INSERT INTO "times" VALUES ( 20179, 12690, '17:40:00', '17:40:00', 20 );
INSERT INTO "times" VALUES ( 20179, 12700, '17:42:00', '17:42:00', 20 );
INSERT INTO "times" VALUES ( 20179, 12710, '17:45:00', '17:45:00', 20 );
INSERT INTO "times" VALUES ( 20179, 12720, '17:46:00', '17:46:00', 20 );
INSERT INTO "times" VALUES ( 20179, 12730, '17:49:00', '17:49:00', 20 );
INSERT INTO "times" VALUES ( 20179, 12740, '17:52:00', '17:52:00', 20 );
INSERT INTO "times" VALUES ( 20179, 12750, '17:55:00', '17:55:00', 20 );
INSERT INTO "times" VALUES ( 20179, 12760, '17:58:00', '17:58:00', 20 );
INSERT INTO "times" VALUES ( 20179, 12770, '18:02:00', '18:02:00', 20 );
INSERT INTO "times" VALUES ( 20179, 12780, '18:06:00', '18:06:00', 20 );
INSERT INTO "times" VALUES ( 20179, 12790, '18:07:00', '18:07:00', 20 );
INSERT INTO "times" VALUES ( 20179, 12800, '18:09:00', '18:13:00', 20 );
INSERT INTO "times" VALUES ( 20179, 12810, '18:15:00', '18:15:00', 20 );
INSERT INTO "times" VALUES ( 20179, 12820, '18:16:00', '18:16:00', 20 );
INSERT INTO "times" VALUES ( 20179, 12830, '18:18:00', '18:18:00', 20 );
INSERT INTO "times" VALUES ( 20179, 12840, '18:19:00', '18:19:00', 20 );
INSERT INTO "times" VALUES ( 20179, 12850, '18:21:00', '18:21:00', 20 );
INSERT INTO "times" VALUES ( 20179, 12860, '18:22:00', '18:22:00', 20 );
INSERT INTO "times" VALUES ( 20179, 12870, '18:24:00', '18:24:00', 20 );
INSERT INTO "times" VALUES ( 20179, 12880, '18:26:00', '18:26:00', 20 );
INSERT INTO "times" VALUES ( 20179, 12890, '18:28:00', '18:28:00', 20 );
INSERT INTO "times" VALUES ( 20179, 12900, '18:29:00', '18:33:00', 20 );
INSERT INTO "times" VALUES ( 20179, 13510, '18:35:00', '18:35:00', 30 );
INSERT INTO "times" VALUES ( 20179, 13520, '18:38:00', NULL, NULL );

INSERT INTO "dias" VALUES ( 20180, 120, FALSE, TRUE, 'K1703A', 13520, 12510 );
INSERT INTO "dias_line_groups" VALUES ( 20180, 10 );
INSERT INTO "times" VALUES ( 20180, 12510, '19:09:00', NULL, NULL );
INSERT INTO "times" VALUES ( 20180, 12520, '19:07:00', '19:07:00', 20 );
INSERT INTO "times" VALUES ( 20180, 12530, '19:06:00', '19:06:00', 20 );
INSERT INTO "times" VALUES ( 20180, 12540, '19:03:00', '19:03:00', 20 );
INSERT INTO "times" VALUES ( 20180, 12610, '18:58:00', '18:58:00', 20 );
INSERT INTO "times" VALUES ( 20180, 12660, '18:53:00', '18:53:00', 20 );
INSERT INTO "times" VALUES ( 20180, 12670, '18:50:00', '18:50:00', 20 );
INSERT INTO "times" VALUES ( 20180, 12680, '18:48:00', '18:48:00', 20 );
INSERT INTO "times" VALUES ( 20180, 12690, '18:45:00', '18:45:00', 20 );
INSERT INTO "times" VALUES ( 20180, 12700, '18:43:00', '18:43:00', 20 );
INSERT INTO "times" VALUES ( 20180, 12710, '18:37:00', '18:41:00', 20 );
INSERT INTO "times" VALUES ( 20180, 12720, '18:34:00', '18:34:00', 20 );
INSERT INTO "times" VALUES ( 20180, 12730, '18:32:00', '18:32:00', 20 );
INSERT INTO "times" VALUES ( 20180, 12740, '18:30:00', '18:30:00', 20 );
INSERT INTO "times" VALUES ( 20180, 12750, '18:26:00', '18:26:00', 20 );
INSERT INTO "times" VALUES ( 20180, 12760, '18:24:00', '18:24:00', 20 );
INSERT INTO "times" VALUES ( 20180, 12770, '18:20:00', '18:20:00', 20 );
INSERT INTO "times" VALUES ( 20180, 12780, '18:15:00', '18:15:00', 20 );
INSERT INTO "times" VALUES ( 20180, 12790, '18:13:00', '18:13:00', 20 );
INSERT INTO "times" VALUES ( 20180, 12800, '18:08:00', '18:11:00', 20 );
INSERT INTO "times" VALUES ( 20180, 12810, '18:06:00', '18:06:00', 20 );
INSERT INTO "times" VALUES ( 20180, 12820, '18:04:00', '18:04:00', 20 );
INSERT INTO "times" VALUES ( 20180, 12830, '18:03:00', '18:03:00', 20 );
INSERT INTO "times" VALUES ( 20180, 12840, '18:01:00', '18:01:00', 20 );
INSERT INTO "times" VALUES ( 20180, 12850, '17:59:00', '17:59:00', 20 );
INSERT INTO "times" VALUES ( 20180, 12860, '17:58:00', '17:58:00', 20 );
INSERT INTO "times" VALUES ( 20180, 12870, '17:56:00', '17:56:00', 20 );
INSERT INTO "times" VALUES ( 20180, 12880, '17:54:00', '17:54:00', 20 );
INSERT INTO "times" VALUES ( 20180, 12890, '17:52:00', '17:52:00', 20 );
INSERT INTO "times" VALUES ( 20180, 12900, '17:44:00', '17:51:00', 20 );
INSERT INTO "times" VALUES ( 20180, 13510, '17:42:00', '17:42:00', 30 );
INSERT INTO "times" VALUES ( 20180, 13520, NULL, '17:39:00', 30 );

INSERT INTO "dias" VALUES ( 20181, 120, FALSE, TRUE, 'K1704Z', 12510, 13520 );
INSERT INTO "dias_line_groups" VALUES ( 20181, 10 );
INSERT INTO "times" VALUES ( 20181, 12510, NULL, '17:32:00', 20 );
INSERT INTO "times" VALUES ( 20181, 12520, '17:33:00', '17:33:00', 20 );
INSERT INTO "times" VALUES ( 20181, 12530, '17:36:00', '17:36:00', 20 );
INSERT INTO "times" VALUES ( 20181, 12540, '17:39:00', '17:39:00', 20 );
INSERT INTO "times" VALUES ( 20181, 12610, '17:44:00', '17:44:00', 20 );
INSERT INTO "times" VALUES ( 20181, 12660, '17:48:00', '17:48:00', 20 );
INSERT INTO "times" VALUES ( 20181, 12670, '17:51:00', '17:51:00', 20 );
INSERT INTO "times" VALUES ( 20181, 12680, '17:54:00', '17:54:00', 20 );
INSERT INTO "times" VALUES ( 20181, 12690, '17:56:00', '17:56:00', 20 );
INSERT INTO "times" VALUES ( 20181, 12700, '17:58:00', '17:58:00', 20 );
INSERT INTO "times" VALUES ( 20181, 12710, '18:00:00', '18:04:00', 20 );
INSERT INTO "times" VALUES ( 20181, 12720, '18:06:00', '18:06:00', 20 );
INSERT INTO "times" VALUES ( 20181, 12730, '18:08:00', '18:08:00', 20 );
INSERT INTO "times" VALUES ( 20181, 12740, '18:11:00', '18:12:00', 20 );
INSERT INTO "times" VALUES ( 20181, 12750, '18:15:00', '18:15:00', 20 );
INSERT INTO "times" VALUES ( 20181, 12760, '18:18:00', '18:18:00', 20 );
INSERT INTO "times" VALUES ( 20181, 12770, '18:22:00', '18:22:00', 20 );
INSERT INTO "times" VALUES ( 20181, 12780, '18:26:00', '18:26:00', 20 );
INSERT INTO "times" VALUES ( 20181, 12790, '18:27:00', '18:27:00', 20 );
INSERT INTO "times" VALUES ( 20181, 12800, '18:29:00', '18:33:00', 20 );
INSERT INTO "times" VALUES ( 20181, 12810, '18:35:00', '18:35:00', 20 );
INSERT INTO "times" VALUES ( 20181, 12820, '18:36:00', '18:36:00', 20 );
INSERT INTO "times" VALUES ( 20181, 12830, '18:38:00', '18:38:00', 20 );
INSERT INTO "times" VALUES ( 20181, 12840, '18:39:00', '18:39:00', 20 );
INSERT INTO "times" VALUES ( 20181, 12850, '18:41:00', '18:41:00', 20 );
INSERT INTO "times" VALUES ( 20181, 12860, '18:42:00', '18:42:00', 20 );
INSERT INTO "times" VALUES ( 20181, 12870, '18:44:00', '18:44:00', 20 );
INSERT INTO "times" VALUES ( 20181, 12880, '18:46:00', '18:46:00', 20 );
INSERT INTO "times" VALUES ( 20181, 12890, '18:48:00', '18:48:00', 20 );
INSERT INTO "times" VALUES ( 20181, 12900, '18:49:00', '18:53:00', 20 );
INSERT INTO "times" VALUES ( 20181, 13510, '18:55:00', '18:55:00', 30 );
INSERT INTO "times" VALUES ( 20181, 13520, '18:58:00', NULL, NULL );

INSERT INTO "dias" VALUES ( 20182, 120, FALSE, TRUE, 'K1706Z', 12510, 13520 );
INSERT INTO "dias_line_groups" VALUES ( 20182, 10 );
INSERT INTO "times" VALUES ( 20182, 12510, NULL, '17:44:00', 20 );
INSERT INTO "times" VALUES ( 20182, 12520, '17:46:00', '17:46:00', 20 );
INSERT INTO "times" VALUES ( 20182, 12530, '17:48:00', '17:48:00', 20 );
INSERT INTO "times" VALUES ( 20182, 12540, '17:51:00', '17:51:00', 20 );
INSERT INTO "times" VALUES ( 20182, 12610, '17:56:00', '17:56:00', 20 );
INSERT INTO "times" VALUES ( 20182, 12660, '18:00:00', '18:00:00', 20 );
INSERT INTO "times" VALUES ( 20182, 12670, '18:03:00', '18:03:00', 20 );
INSERT INTO "times" VALUES ( 20182, 12680, '18:06:00', '18:08:00', 20 );
INSERT INTO "times" VALUES ( 20182, 12690, '18:10:00', '18:10:00', 20 );
INSERT INTO "times" VALUES ( 20182, 12700, '18:12:00', '18:12:00', 20 );
INSERT INTO "times" VALUES ( 20182, 12710, '18:15:00', '18:15:00', 20 );
INSERT INTO "times" VALUES ( 20182, 12720, '18:17:00', '18:17:00', 20 );
INSERT INTO "times" VALUES ( 20182, 12730, '18:19:00', '18:19:00', 20 );
INSERT INTO "times" VALUES ( 20182, 12740, '18:22:00', '18:22:00', 20 );
INSERT INTO "times" VALUES ( 20182, 12750, '18:25:00', '18:25:00', 20 );
INSERT INTO "times" VALUES ( 20182, 12760, '18:28:00', '18:28:00', 20 );
INSERT INTO "times" VALUES ( 20182, 12770, '18:32:00', '18:32:00', 20 );
INSERT INTO "times" VALUES ( 20182, 12780, '18:36:00', '18:36:00', 20 );
INSERT INTO "times" VALUES ( 20182, 12790, '18:37:00', '18:37:00', 20 );
INSERT INTO "times" VALUES ( 20182, 12800, '18:39:00', '18:43:00', 20 );
INSERT INTO "times" VALUES ( 20182, 12810, '18:45:00', '18:45:00', 20 );
INSERT INTO "times" VALUES ( 20182, 12820, '18:46:00', '18:46:00', 20 );
INSERT INTO "times" VALUES ( 20182, 12830, '18:48:00', '18:48:00', 20 );
INSERT INTO "times" VALUES ( 20182, 12840, '18:49:00', '18:49:00', 20 );
INSERT INTO "times" VALUES ( 20182, 12850, '18:51:00', '18:51:00', 20 );
INSERT INTO "times" VALUES ( 20182, 12860, '18:52:00', '18:52:00', 20 );
INSERT INTO "times" VALUES ( 20182, 12870, '18:54:00', '18:54:00', 20 );
INSERT INTO "times" VALUES ( 20182, 12880, '18:56:00', '18:56:00', 20 );
INSERT INTO "times" VALUES ( 20182, 12890, '18:58:00', '18:58:00', 20 );
INSERT INTO "times" VALUES ( 20182, 12900, '18:59:00', '19:03:00', 20 );
INSERT INTO "times" VALUES ( 20182, 13510, '19:05:00', '19:05:00', 30 );
INSERT INTO "times" VALUES ( 20182, 13520, '19:08:00', NULL, NULL );

INSERT INTO "dias" VALUES ( 20183, 120, FALSE, TRUE, 'K1800Z', 12510, 13520 );
INSERT INTO "dias_line_groups" VALUES ( 20183, 10 );
INSERT INTO "times" VALUES ( 20183, 12510, NULL, '18:02:00', 20 );
INSERT INTO "times" VALUES ( 20183, 12520, '18:03:00', '18:03:00', 20 );
INSERT INTO "times" VALUES ( 20183, 12530, '18:06:00', '18:06:00', 20 );
INSERT INTO "times" VALUES ( 20183, 12540, '18:09:00', '18:09:00', 20 );
INSERT INTO "times" VALUES ( 20183, 12610, '18:14:00', '18:14:00', 20 );
INSERT INTO "times" VALUES ( 20183, 12660, '18:18:00', '18:18:00', 20 );
INSERT INTO "times" VALUES ( 20183, 12670, '18:21:00', '18:21:00', 20 );
INSERT INTO "times" VALUES ( 20183, 12680, '18:24:00', '18:24:00', 20 );
INSERT INTO "times" VALUES ( 20183, 12690, '18:26:00', '18:26:00', 20 );
INSERT INTO "times" VALUES ( 20183, 12700, '18:28:00', '18:28:00', 20 );
INSERT INTO "times" VALUES ( 20183, 12710, '18:30:00', '18:34:00', 20 );
INSERT INTO "times" VALUES ( 20183, 12720, '18:36:00', '18:36:00', 20 );
INSERT INTO "times" VALUES ( 20183, 12730, '18:38:00', '18:38:00', 20 );
INSERT INTO "times" VALUES ( 20183, 12740, '18:41:00', '18:42:00', 20 );
INSERT INTO "times" VALUES ( 20183, 12750, '18:45:00', '18:45:00', 20 );
INSERT INTO "times" VALUES ( 20183, 12760, '18:48:00', '18:48:00', 20 );
INSERT INTO "times" VALUES ( 20183, 12770, '18:52:00', '18:52:00', 20 );
INSERT INTO "times" VALUES ( 20183, 12780, '18:56:00', '18:56:00', 20 );
INSERT INTO "times" VALUES ( 20183, 12790, '18:57:00', '18:57:00', 20 );
INSERT INTO "times" VALUES ( 20183, 12800, '18:59:00', '19:03:00', 20 );
INSERT INTO "times" VALUES ( 20183, 12810, '19:05:00', '19:05:00', 20 );
INSERT INTO "times" VALUES ( 20183, 12820, '19:06:00', '19:06:00', 20 );
INSERT INTO "times" VALUES ( 20183, 12830, '19:08:00', '19:08:00', 20 );
INSERT INTO "times" VALUES ( 20183, 12840, '19:09:00', '19:09:00', 20 );
INSERT INTO "times" VALUES ( 20183, 12850, '19:11:00', '19:11:00', 20 );
INSERT INTO "times" VALUES ( 20183, 12860, '19:12:00', '19:12:00', 20 );
INSERT INTO "times" VALUES ( 20183, 12870, '19:14:00', '19:14:00', 20 );
INSERT INTO "times" VALUES ( 20183, 12880, '19:16:00', '19:16:00', 20 );
INSERT INTO "times" VALUES ( 20183, 12890, '19:18:00', '19:18:00', 20 );
INSERT INTO "times" VALUES ( 20183, 12900, '19:19:00', '19:23:00', 20 );
INSERT INTO "times" VALUES ( 20183, 13510, '19:25:00', '19:25:00', 30 );
INSERT INTO "times" VALUES ( 20183, 13520, '19:28:00', NULL, NULL );

INSERT INTO "dias" VALUES ( 20184, 120, FALSE, TRUE, 'K1801A', 13520, 12510 );
INSERT INTO "dias_line_groups" VALUES ( 20184, 10 );
INSERT INTO "times" VALUES ( 20184, 12510, '19:39:00', NULL, NULL );
INSERT INTO "times" VALUES ( 20184, 12520, '19:37:00', '19:37:00', 20 );
INSERT INTO "times" VALUES ( 20184, 12530, '19:35:00', '19:35:00', 20 );
INSERT INTO "times" VALUES ( 20184, 12540, '19:33:00', '19:33:00', 20 );
INSERT INTO "times" VALUES ( 20184, 12610, '19:28:00', '19:28:00', 20 );
INSERT INTO "times" VALUES ( 20184, 12660, '19:23:00', '19:23:00', 20 );
INSERT INTO "times" VALUES ( 20184, 12670, '19:20:00', '19:20:00', 20 );
INSERT INTO "times" VALUES ( 20184, 12680, '19:17:00', '19:17:00', 20 );
INSERT INTO "times" VALUES ( 20184, 12690, '19:15:00', '19:15:00', 20 );
INSERT INTO "times" VALUES ( 20184, 12700, '19:12:00', '19:12:00', 20 );
INSERT INTO "times" VALUES ( 20184, 12710, '19:07:00', '19:11:00', 20 );
INSERT INTO "times" VALUES ( 20184, 12720, '19:04:00', '19:04:00', 20 );
INSERT INTO "times" VALUES ( 20184, 12730, '19:02:00', '19:02:00', 20 );
INSERT INTO "times" VALUES ( 20184, 12740, '19:00:00', '19:00:00', 20 );
INSERT INTO "times" VALUES ( 20184, 12750, '18:56:00', '18:56:00', 20 );
INSERT INTO "times" VALUES ( 20184, 12760, '18:54:00', '18:54:00', 20 );
INSERT INTO "times" VALUES ( 20184, 12770, '18:50:00', '18:50:00', 20 );
INSERT INTO "times" VALUES ( 20184, 12780, '18:45:00', '18:45:00', 20 );
INSERT INTO "times" VALUES ( 20184, 12790, '18:43:00', '18:43:00', 20 );
INSERT INTO "times" VALUES ( 20184, 12800, '18:38:00', '18:41:00', 20 );
INSERT INTO "times" VALUES ( 20184, 12810, '18:36:00', '18:36:00', 20 );
INSERT INTO "times" VALUES ( 20184, 12820, '18:34:00', '18:34:00', 20 );
INSERT INTO "times" VALUES ( 20184, 12830, '18:33:00', '18:33:00', 20 );
INSERT INTO "times" VALUES ( 20184, 12840, '18:31:00', '18:31:00', 20 );
INSERT INTO "times" VALUES ( 20184, 12850, '18:29:00', '18:29:00', 20 );
INSERT INTO "times" VALUES ( 20184, 12860, '18:28:00', '18:28:00', 20 );
INSERT INTO "times" VALUES ( 20184, 12870, '18:26:00', '18:26:00', 20 );
INSERT INTO "times" VALUES ( 20184, 12880, '18:24:00', '18:24:00', 20 );
INSERT INTO "times" VALUES ( 20184, 12890, '18:22:00', '18:22:00', 20 );
INSERT INTO "times" VALUES ( 20184, 12900, '18:17:00', '18:21:00', 20 );
INSERT INTO "times" VALUES ( 20184, 13510, '18:15:00', '18:15:00', 30 );
INSERT INTO "times" VALUES ( 20184, 13520, NULL, '18:13:00', 30 );

INSERT INTO "dias" VALUES ( 20185, 120, FALSE, TRUE, 'K1802Z', 12510, 13520 );
INSERT INTO "dias_line_groups" VALUES ( 20185, 10 );
INSERT INTO "times" VALUES ( 20185, 12510, NULL, '18:13:00', 20 );
INSERT INTO "times" VALUES ( 20185, 12520, '18:15:00', '18:15:00', 20 );
INSERT INTO "times" VALUES ( 20185, 12530, '18:17:00', '18:17:00', 20 );
INSERT INTO "times" VALUES ( 20185, 12540, '18:20:00', '18:20:00', 20 );
INSERT INTO "times" VALUES ( 20185, 12610, '18:25:00', '18:25:00', 20 );
INSERT INTO "times" VALUES ( 20185, 12660, '18:29:00', '18:29:00', 20 );
INSERT INTO "times" VALUES ( 20185, 12670, '18:32:00', '18:32:00', 20 );
INSERT INTO "times" VALUES ( 20185, 12680, '18:35:00', '18:38:00', 20 );
INSERT INTO "times" VALUES ( 20185, 12690, '18:40:00', '18:40:00', 20 );
INSERT INTO "times" VALUES ( 20185, 12700, '18:42:00', '18:42:00', 20 );
INSERT INTO "times" VALUES ( 20185, 12710, '18:45:00', '18:45:00', 20 );
INSERT INTO "times" VALUES ( 20185, 12720, '18:46:00', '18:46:00', 20 );
INSERT INTO "times" VALUES ( 20185, 12730, '18:49:00', '18:49:00', 20 );
INSERT INTO "times" VALUES ( 20185, 12740, '18:52:00', '18:52:00', 20 );
INSERT INTO "times" VALUES ( 20185, 12750, '18:55:00', '18:55:00', 20 );
INSERT INTO "times" VALUES ( 20185, 12760, '18:58:00', '18:58:00', 20 );
INSERT INTO "times" VALUES ( 20185, 12770, '19:02:00', '19:02:00', 20 );
INSERT INTO "times" VALUES ( 20185, 12780, '19:06:00', '19:06:00', 20 );
INSERT INTO "times" VALUES ( 20185, 12790, '19:07:00', '19:07:00', 20 );
INSERT INTO "times" VALUES ( 20185, 12800, '19:09:00', '19:13:00', 20 );
INSERT INTO "times" VALUES ( 20185, 12810, '19:15:00', '19:15:00', 20 );
INSERT INTO "times" VALUES ( 20185, 12820, '19:16:00', '19:16:00', 20 );
INSERT INTO "times" VALUES ( 20185, 12830, '19:18:00', '19:18:00', 20 );
INSERT INTO "times" VALUES ( 20185, 12840, '19:19:00', '19:19:00', 20 );
INSERT INTO "times" VALUES ( 20185, 12850, '19:21:00', '19:21:00', 20 );
INSERT INTO "times" VALUES ( 20185, 12860, '19:22:00', '19:22:00', 20 );
INSERT INTO "times" VALUES ( 20185, 12870, '19:24:00', '19:24:00', 20 );
INSERT INTO "times" VALUES ( 20185, 12880, '19:26:00', '19:26:00', 20 );
INSERT INTO "times" VALUES ( 20185, 12890, '19:28:00', '19:28:00', 20 );
INSERT INTO "times" VALUES ( 20185, 12900, '19:29:00', '19:33:00', 20 );
INSERT INTO "times" VALUES ( 20185, 13510, '19:35:00', '19:35:00', 30 );
INSERT INTO "times" VALUES ( 20185, 13520, '19:38:00', NULL, NULL );

INSERT INTO "dias" VALUES ( 20186, 120, FALSE, TRUE, 'K1803A', 13520, 12510 );
INSERT INTO "dias_line_groups" VALUES ( 20186, 10 );
INSERT INTO "times" VALUES ( 20186, 12510, '19:59:00', NULL, NULL );
INSERT INTO "times" VALUES ( 20186, 12520, '19:57:00', '19:57:00', 20 );
INSERT INTO "times" VALUES ( 20186, 12530, '19:55:00', '19:55:00', 20 );
INSERT INTO "times" VALUES ( 20186, 12540, '19:53:00', '19:53:00', 20 );
INSERT INTO "times" VALUES ( 20186, 12610, '19:48:00', '19:48:00', 20 );
INSERT INTO "times" VALUES ( 20186, 12660, '19:43:00', '19:43:00', 20 );
INSERT INTO "times" VALUES ( 20186, 12670, '19:40:00', '19:40:00', 20 );
INSERT INTO "times" VALUES ( 20186, 12680, '19:37:00', '19:37:00', 20 );
INSERT INTO "times" VALUES ( 20186, 12690, '19:35:00', '19:35:00', 20 );
INSERT INTO "times" VALUES ( 20186, 12700, '19:32:00', '19:32:00', 20 );
INSERT INTO "times" VALUES ( 20186, 12710, '19:27:00', '19:31:00', 20 );
INSERT INTO "times" VALUES ( 20186, 12720, '19:24:00', '19:24:00', 20 );
INSERT INTO "times" VALUES ( 20186, 12730, '19:22:00', '19:22:00', 20 );
INSERT INTO "times" VALUES ( 20186, 12740, '19:20:00', '19:20:00', 20 );
INSERT INTO "times" VALUES ( 20186, 12750, '19:16:00', '19:16:00', 20 );
INSERT INTO "times" VALUES ( 20186, 12760, '19:14:00', '19:14:00', 20 );
INSERT INTO "times" VALUES ( 20186, 12770, '19:10:00', '19:10:00', 20 );
INSERT INTO "times" VALUES ( 20186, 12780, '19:05:00', '19:05:00', 20 );
INSERT INTO "times" VALUES ( 20186, 12790, '19:03:00', '19:03:00', 20 );
INSERT INTO "times" VALUES ( 20186, 12800, '18:58:00', '19:01:00', 20 );
INSERT INTO "times" VALUES ( 20186, 12810, '18:56:00', '18:56:00', 20 );
INSERT INTO "times" VALUES ( 20186, 12820, '18:54:00', '18:54:00', 20 );
INSERT INTO "times" VALUES ( 20186, 12830, '18:53:00', '18:53:00', 20 );
INSERT INTO "times" VALUES ( 20186, 12840, '18:51:00', '18:51:00', 20 );
INSERT INTO "times" VALUES ( 20186, 12850, '18:49:00', '18:49:00', 20 );
INSERT INTO "times" VALUES ( 20186, 12860, '18:48:00', '18:48:00', 20 );
INSERT INTO "times" VALUES ( 20186, 12870, '18:46:00', '18:46:00', 20 );
INSERT INTO "times" VALUES ( 20186, 12880, '18:44:00', '18:44:00', 20 );
INSERT INTO "times" VALUES ( 20186, 12890, '18:42:00', '18:42:00', 20 );
INSERT INTO "times" VALUES ( 20186, 12900, '18:37:00', '18:41:00', 20 );
INSERT INTO "times" VALUES ( 20186, 13510, '18:35:00', '18:35:00', 30 );
INSERT INTO "times" VALUES ( 20186, 13520, NULL, '18:33:00', 30 );

INSERT INTO "dias" VALUES ( 20187, 120, FALSE, TRUE, 'K1804Z', 12510, 13520 );
INSERT INTO "dias_line_groups" VALUES ( 20187, 10 );
INSERT INTO "times" VALUES ( 20187, 12510, NULL, '18:32:00', 20 );
INSERT INTO "times" VALUES ( 20187, 12520, '18:33:00', '18:33:00', 20 );
INSERT INTO "times" VALUES ( 20187, 12530, '18:36:00', '18:36:00', 20 );
INSERT INTO "times" VALUES ( 20187, 12540, '18:39:00', '18:39:00', 20 );
INSERT INTO "times" VALUES ( 20187, 12610, '18:44:00', '18:44:00', 20 );
INSERT INTO "times" VALUES ( 20187, 12660, '18:49:00', '18:49:00', 20 );
INSERT INTO "times" VALUES ( 20187, 12670, '18:51:00', '18:51:00', 20 );
INSERT INTO "times" VALUES ( 20187, 12680, '18:54:00', '18:54:00', 20 );
INSERT INTO "times" VALUES ( 20187, 12690, '18:56:00', '18:56:00', 20 );
INSERT INTO "times" VALUES ( 20187, 12700, '18:59:00', '18:59:00', 20 );
INSERT INTO "times" VALUES ( 20187, 12710, '19:01:00', '19:04:00', 20 );
INSERT INTO "times" VALUES ( 20187, 12720, '19:07:00', '19:07:00', 20 );
INSERT INTO "times" VALUES ( 20187, 12730, '19:09:00', '19:09:00', 20 );
INSERT INTO "times" VALUES ( 20187, 12740, '19:12:00', '19:12:00', 20 );
INSERT INTO "times" VALUES ( 20187, 12750, '19:15:00', '19:15:00', 20 );
INSERT INTO "times" VALUES ( 20187, 12760, '19:18:00', '19:18:00', 20 );
INSERT INTO "times" VALUES ( 20187, 12770, '19:22:00', '19:22:00', 20 );
INSERT INTO "times" VALUES ( 20187, 12780, '19:26:00', '19:26:00', 20 );
INSERT INTO "times" VALUES ( 20187, 12790, '19:27:00', '19:27:00', 20 );
INSERT INTO "times" VALUES ( 20187, 12800, '19:29:00', '19:33:00', 20 );
INSERT INTO "times" VALUES ( 20187, 12810, '19:35:00', '19:35:00', 20 );
INSERT INTO "times" VALUES ( 20187, 12820, '19:37:00', '19:37:00', 20 );
INSERT INTO "times" VALUES ( 20187, 12830, '19:39:00', '19:39:00', 20 );
INSERT INTO "times" VALUES ( 20187, 12840, '19:40:00', '19:40:00', 20 );
INSERT INTO "times" VALUES ( 20187, 12850, '19:41:00', '19:41:00', 20 );
INSERT INTO "times" VALUES ( 20187, 12860, '19:43:00', '19:43:00', 20 );
INSERT INTO "times" VALUES ( 20187, 12870, '19:45:00', '19:45:00', 20 );
INSERT INTO "times" VALUES ( 20187, 12880, '19:46:00', '19:46:00', 20 );
INSERT INTO "times" VALUES ( 20187, 12890, '19:48:00', '19:48:00', 20 );
INSERT INTO "times" VALUES ( 20187, 12900, '19:50:00', '19:53:00', 20 );
INSERT INTO "times" VALUES ( 20187, 13510, '19:55:00', '19:55:00', 30 );
INSERT INTO "times" VALUES ( 20187, 13520, '19:58:00', NULL, NULL );

INSERT INTO "dias" VALUES ( 20188, 120, FALSE, TRUE, 'K1805A', 13520, 12510 );
INSERT INTO "dias_line_groups" VALUES ( 20188, 10 );
INSERT INTO "times" VALUES ( 20188, 12510, '20:19:00', NULL, NULL );
INSERT INTO "times" VALUES ( 20188, 12520, '20:17:00', '20:17:00', 20 );
INSERT INTO "times" VALUES ( 20188, 12530, '20:15:00', '20:15:00', 20 );
INSERT INTO "times" VALUES ( 20188, 12540, '20:13:00', '20:13:00', 20 );
INSERT INTO "times" VALUES ( 20188, 12610, '20:08:00', '20:08:00', 20 );
INSERT INTO "times" VALUES ( 20188, 12660, '20:03:00', '20:03:00', 20 );
INSERT INTO "times" VALUES ( 20188, 12670, '20:00:00', '20:00:00', 20 );
INSERT INTO "times" VALUES ( 20188, 12680, '19:57:00', '19:57:00', 20 );
INSERT INTO "times" VALUES ( 20188, 12690, '19:55:00', '19:55:00', 20 );
INSERT INTO "times" VALUES ( 20188, 12700, '19:52:00', '19:52:00', 20 );
INSERT INTO "times" VALUES ( 20188, 12710, '19:47:00', '19:51:00', 20 );
INSERT INTO "times" VALUES ( 20188, 12720, '19:44:00', '19:44:00', 20 );
INSERT INTO "times" VALUES ( 20188, 12730, '19:42:00', '19:42:00', 20 );
INSERT INTO "times" VALUES ( 20188, 12740, '19:40:00', '19:40:00', 20 );
INSERT INTO "times" VALUES ( 20188, 12750, '19:36:00', '19:36:00', 20 );
INSERT INTO "times" VALUES ( 20188, 12760, '19:34:00', '19:34:00', 20 );
INSERT INTO "times" VALUES ( 20188, 12770, '19:30:00', '19:30:00', 20 );
INSERT INTO "times" VALUES ( 20188, 12780, '19:25:00', '19:25:00', 20 );
INSERT INTO "times" VALUES ( 20188, 12790, '19:23:00', '19:23:00', 20 );
INSERT INTO "times" VALUES ( 20188, 12800, '19:18:00', '19:21:00', 20 );
INSERT INTO "times" VALUES ( 20188, 12810, '19:16:00', '19:16:00', 20 );
INSERT INTO "times" VALUES ( 20188, 12820, '19:14:00', '19:14:00', 20 );
INSERT INTO "times" VALUES ( 20188, 12830, '19:13:00', '19:13:00', 20 );
INSERT INTO "times" VALUES ( 20188, 12840, '19:11:00', '19:11:00', 20 );
INSERT INTO "times" VALUES ( 20188, 12850, '19:09:00', '19:09:00', 20 );
INSERT INTO "times" VALUES ( 20188, 12860, '19:08:00', '19:08:00', 20 );
INSERT INTO "times" VALUES ( 20188, 12870, '19:06:00', '19:06:00', 20 );
INSERT INTO "times" VALUES ( 20188, 12880, '19:04:00', '19:04:00', 20 );
INSERT INTO "times" VALUES ( 20188, 12890, '19:02:00', '19:02:00', 20 );
INSERT INTO "times" VALUES ( 20188, 12900, '18:57:00', '19:01:00', 20 );
INSERT INTO "times" VALUES ( 20188, 13510, '18:55:00', '18:55:00', 30 );
INSERT INTO "times" VALUES ( 20188, 13520, NULL, '18:53:00', 30 );

INSERT INTO "dias" VALUES ( 20189, 120, FALSE, TRUE, 'K1806Z', 12510, 13520 );
INSERT INTO "dias_line_groups" VALUES ( 20189, 10 );
INSERT INTO "times" VALUES ( 20189, 12510, NULL, '18:43:00', 20 );
INSERT INTO "times" VALUES ( 20189, 12520, '18:45:00', '18:45:00', 20 );
INSERT INTO "times" VALUES ( 20189, 12530, '18:47:00', '18:47:00', 20 );
INSERT INTO "times" VALUES ( 20189, 12540, '18:50:00', '18:50:00', 20 );
INSERT INTO "times" VALUES ( 20189, 12610, '18:55:00', '18:55:00', 20 );
INSERT INTO "times" VALUES ( 20189, 12660, '18:59:00', '18:59:00', 20 );
INSERT INTO "times" VALUES ( 20189, 12670, '19:02:00', '19:02:00', 20 );
INSERT INTO "times" VALUES ( 20189, 12680, '19:05:00', '19:08:00', 20 );
INSERT INTO "times" VALUES ( 20189, 12690, '19:10:00', '19:10:00', 20 );
INSERT INTO "times" VALUES ( 20189, 12700, '19:12:00', '19:12:00', 20 );
INSERT INTO "times" VALUES ( 20189, 12710, '19:15:00', '19:15:00', 20 );
INSERT INTO "times" VALUES ( 20189, 12720, '19:16:00', '19:16:00', 20 );
INSERT INTO "times" VALUES ( 20189, 12730, '19:19:00', '19:19:00', 20 );
INSERT INTO "times" VALUES ( 20189, 12740, '19:22:00', '19:22:00', 20 );
INSERT INTO "times" VALUES ( 20189, 12750, '19:25:00', '19:25:00', 20 );
INSERT INTO "times" VALUES ( 20189, 12760, '19:28:00', '19:28:00', 20 );
INSERT INTO "times" VALUES ( 20189, 12770, '19:32:00', '19:32:00', 20 );
INSERT INTO "times" VALUES ( 20189, 12780, '19:36:00', '19:36:00', 20 );
INSERT INTO "times" VALUES ( 20189, 12790, '19:37:00', '19:37:00', 20 );
INSERT INTO "times" VALUES ( 20189, 12800, '19:39:00', '19:43:00', 20 );
INSERT INTO "times" VALUES ( 20189, 12810, '19:45:00', '19:45:00', 20 );
INSERT INTO "times" VALUES ( 20189, 12820, '19:47:00', '19:47:00', 20 );
INSERT INTO "times" VALUES ( 20189, 12830, '19:49:00', '19:49:00', 20 );
INSERT INTO "times" VALUES ( 20189, 12840, '19:50:00', '19:50:00', 20 );
INSERT INTO "times" VALUES ( 20189, 12850, '19:51:00', '19:51:00', 20 );
INSERT INTO "times" VALUES ( 20189, 12860, '19:53:00', '19:53:00', 20 );
INSERT INTO "times" VALUES ( 20189, 12870, '19:55:00', '19:55:00', 20 );
INSERT INTO "times" VALUES ( 20189, 12880, '19:56:00', '19:56:00', 20 );
INSERT INTO "times" VALUES ( 20189, 12890, '19:58:00', '19:58:00', 20 );
INSERT INTO "times" VALUES ( 20189, 12900, '20:00:00', '20:03:00', 20 );
INSERT INTO "times" VALUES ( 20189, 13510, '20:05:00', '20:05:00', 30 );
INSERT INTO "times" VALUES ( 20189, 13520, '20:08:00', NULL, NULL );

INSERT INTO "dias" VALUES ( 20190, 120, FALSE, TRUE, 'K1900Z', 12510, 13520 );
INSERT INTO "dias_line_groups" VALUES ( 20190, 10 );
INSERT INTO "times" VALUES ( 20190, 12510, NULL, '19:02:00', 20 );
INSERT INTO "times" VALUES ( 20190, 12520, '19:04:00', '19:04:00', 20 );
INSERT INTO "times" VALUES ( 20190, 12530, '19:06:00', '19:06:00', 20 );
INSERT INTO "times" VALUES ( 20190, 12540, '19:09:00', '19:09:00', 20 );
INSERT INTO "times" VALUES ( 20190, 12610, '19:14:00', '19:14:00', 20 );
INSERT INTO "times" VALUES ( 20190, 12660, '19:19:00', '19:19:00', 20 );
INSERT INTO "times" VALUES ( 20190, 12670, '19:21:00', '19:21:00', 20 );
INSERT INTO "times" VALUES ( 20190, 12680, '19:24:00', '19:24:00', 20 );
INSERT INTO "times" VALUES ( 20190, 12690, '19:26:00', '19:26:00', 20 );
INSERT INTO "times" VALUES ( 20190, 12700, '19:28:00', '19:28:00', 20 );
INSERT INTO "times" VALUES ( 20190, 12710, '19:30:00', '19:34:00', 20 );
INSERT INTO "times" VALUES ( 20190, 12720, '19:37:00', '19:37:00', 20 );
INSERT INTO "times" VALUES ( 20190, 12730, '19:39:00', '19:39:00', 20 );
INSERT INTO "times" VALUES ( 20190, 12740, '19:42:00', '19:42:00', 20 );
INSERT INTO "times" VALUES ( 20190, 12750, '19:45:00', '19:45:00', 20 );
INSERT INTO "times" VALUES ( 20190, 12760, '19:48:00', '19:48:00', 20 );
INSERT INTO "times" VALUES ( 20190, 12770, '19:52:00', '19:52:00', 20 );
INSERT INTO "times" VALUES ( 20190, 12780, '19:56:00', '19:56:00', 20 );
INSERT INTO "times" VALUES ( 20190, 12790, '19:57:00', '19:57:00', 20 );
INSERT INTO "times" VALUES ( 20190, 12800, '19:59:00', '20:03:00', 20 );
INSERT INTO "times" VALUES ( 20190, 12810, '20:05:00', '20:05:00', 20 );
INSERT INTO "times" VALUES ( 20190, 12820, '20:07:00', '20:07:00', 20 );
INSERT INTO "times" VALUES ( 20190, 12830, '20:09:00', '20:09:00', 20 );
INSERT INTO "times" VALUES ( 20190, 12840, '20:10:00', '20:10:00', 20 );
INSERT INTO "times" VALUES ( 20190, 12850, '20:11:00', '20:11:00', 20 );
INSERT INTO "times" VALUES ( 20190, 12860, '20:13:00', '20:13:00', 20 );
INSERT INTO "times" VALUES ( 20190, 12870, '20:15:00', '20:15:00', 20 );
INSERT INTO "times" VALUES ( 20190, 12880, '20:16:00', '20:16:00', 20 );
INSERT INTO "times" VALUES ( 20190, 12890, '20:18:00', '20:18:00', 20 );
INSERT INTO "times" VALUES ( 20190, 12900, '20:20:00', '20:23:00', 20 );
INSERT INTO "times" VALUES ( 20190, 13510, '20:25:00', '20:25:00', 30 );
INSERT INTO "times" VALUES ( 20190, 13520, '20:28:00', NULL, NULL );

INSERT INTO "dias" VALUES ( 20191, 120, FALSE, TRUE, 'K1901A', 13520, 12510 );
INSERT INTO "dias_line_groups" VALUES ( 20191, 10 );
INSERT INTO "times" VALUES ( 20191, 12510, '20:29:00', NULL, NULL );
INSERT INTO "times" VALUES ( 20191, 12520, '20:27:00', '20:27:00', 20 );
INSERT INTO "times" VALUES ( 20191, 12530, '20:25:00', '20:25:00', 20 );
INSERT INTO "times" VALUES ( 20191, 12540, '20:23:00', '20:23:00', 20 );
INSERT INTO "times" VALUES ( 20191, 12610, '20:18:00', '20:18:00', 20 );
INSERT INTO "times" VALUES ( 20191, 12660, '20:13:00', '20:13:00', 20 );
INSERT INTO "times" VALUES ( 20191, 12670, '20:10:00', '20:10:00', 20 );
INSERT INTO "times" VALUES ( 20191, 12680, '20:07:00', '20:07:00', 20 );
INSERT INTO "times" VALUES ( 20191, 12690, '20:05:00', '20:05:00', 20 );
INSERT INTO "times" VALUES ( 20191, 12700, '20:02:00', '20:02:00', 20 );
INSERT INTO "times" VALUES ( 20191, 12710, '19:57:00', '20:01:00', 20 );
INSERT INTO "times" VALUES ( 20191, 12720, '19:54:00', '19:54:00', 20 );
INSERT INTO "times" VALUES ( 20191, 12730, '19:52:00', '19:52:00', 20 );
INSERT INTO "times" VALUES ( 20191, 12740, '19:50:00', '19:50:00', 20 );
INSERT INTO "times" VALUES ( 20191, 12750, '19:46:00', '19:46:00', 20 );
INSERT INTO "times" VALUES ( 20191, 12760, '19:44:00', '19:44:00', 20 );
INSERT INTO "times" VALUES ( 20191, 12770, '19:40:00', '19:40:00', 20 );
INSERT INTO "times" VALUES ( 20191, 12780, '19:35:00', '19:35:00', 20 );
INSERT INTO "times" VALUES ( 20191, 12790, '19:33:00', '19:33:00', 20 );
INSERT INTO "times" VALUES ( 20191, 12800, '19:28:00', '19:31:00', 20 );
INSERT INTO "times" VALUES ( 20191, 12810, '19:26:00', '19:26:00', 20 );
INSERT INTO "times" VALUES ( 20191, 12820, '19:24:00', '19:24:00', 20 );
INSERT INTO "times" VALUES ( 20191, 12830, '19:23:00', '19:23:00', 20 );
INSERT INTO "times" VALUES ( 20191, 12840, '19:21:00', '19:21:00', 20 );
INSERT INTO "times" VALUES ( 20191, 12850, '19:19:00', '19:19:00', 20 );
INSERT INTO "times" VALUES ( 20191, 12860, '19:18:00', '19:18:00', 20 );
INSERT INTO "times" VALUES ( 20191, 12870, '19:16:00', '19:16:00', 20 );
INSERT INTO "times" VALUES ( 20191, 12880, '19:14:00', '19:14:00', 20 );
INSERT INTO "times" VALUES ( 20191, 12890, '19:12:00', '19:12:00', 20 );
INSERT INTO "times" VALUES ( 20191, 12900, '19:07:00', '19:11:00', 20 );
INSERT INTO "times" VALUES ( 20191, 13510, '19:05:00', '19:05:00', 30 );
INSERT INTO "times" VALUES ( 20191, 13520, NULL, '19:03:00', 30 );

INSERT INTO "dias" VALUES ( 20192, 120, FALSE, TRUE, 'K1902Z', 12510, 13520 );
INSERT INTO "dias_line_groups" VALUES ( 20192, 10 );
INSERT INTO "times" VALUES ( 20192, 12510, NULL, '19:13:00', 20 );
INSERT INTO "times" VALUES ( 20192, 12520, '19:14:00', '19:14:00', 20 );
INSERT INTO "times" VALUES ( 20192, 12530, '19:16:00', '19:16:00', 20 );
INSERT INTO "times" VALUES ( 20192, 12540, '19:20:00', '19:20:00', 20 );
INSERT INTO "times" VALUES ( 20192, 12610, '19:25:00', '19:25:00', 20 );
INSERT INTO "times" VALUES ( 20192, 12660, '19:29:00', '19:29:00', 20 );
INSERT INTO "times" VALUES ( 20192, 12670, '19:31:00', '19:31:00', 20 );
INSERT INTO "times" VALUES ( 20192, 12680, '19:35:00', '19:35:00', 20 );
INSERT INTO "times" VALUES ( 20192, 12690, '19:36:00', '19:36:00', 20 );
INSERT INTO "times" VALUES ( 20192, 12700, '19:39:00', '19:39:00', 20 );
INSERT INTO "times" VALUES ( 20192, 12710, '19:41:00', '19:44:00', 20 );
INSERT INTO "times" VALUES ( 20192, 12720, '19:47:00', '19:47:00', 20 );
INSERT INTO "times" VALUES ( 20192, 12730, '19:49:00', '19:49:00', 20 );
INSERT INTO "times" VALUES ( 20192, 12740, '19:52:00', '19:52:00', 20 );
INSERT INTO "times" VALUES ( 20192, 12750, '19:55:00', '19:55:00', 20 );
INSERT INTO "times" VALUES ( 20192, 12760, '19:58:00', '19:58:00', 20 );
INSERT INTO "times" VALUES ( 20192, 12770, '20:02:00', '20:02:00', 20 );
INSERT INTO "times" VALUES ( 20192, 12780, '20:06:00', '20:06:00', 20 );
INSERT INTO "times" VALUES ( 20192, 12790, '20:07:00', '20:07:00', 20 );
INSERT INTO "times" VALUES ( 20192, 12800, '20:09:00', '20:13:00', 20 );
INSERT INTO "times" VALUES ( 20192, 12810, '20:15:00', '20:15:00', 20 );
INSERT INTO "times" VALUES ( 20192, 12820, '20:17:00', '20:17:00', 20 );
INSERT INTO "times" VALUES ( 20192, 12830, '20:19:00', '20:19:00', 20 );
INSERT INTO "times" VALUES ( 20192, 12840, '20:20:00', '20:20:00', 20 );
INSERT INTO "times" VALUES ( 20192, 12850, '20:21:00', '20:21:00', 20 );
INSERT INTO "times" VALUES ( 20192, 12860, '20:23:00', '20:23:00', 20 );
INSERT INTO "times" VALUES ( 20192, 12870, '20:25:00', '20:25:00', 20 );
INSERT INTO "times" VALUES ( 20192, 12880, '20:26:00', '20:26:00', 20 );
INSERT INTO "times" VALUES ( 20192, 12890, '20:28:00', '20:28:00', 20 );
INSERT INTO "times" VALUES ( 20192, 12900, '20:30:00', '20:33:00', 20 );
INSERT INTO "times" VALUES ( 20192, 13510, '20:35:00', '20:35:00', 30 );
INSERT INTO "times" VALUES ( 20192, 13520, '20:38:00', NULL, NULL );

INSERT INTO "dias" VALUES ( 20193, 120, FALSE, TRUE, 'K1903A', 13520, 12510 );
INSERT INTO "dias_line_groups" VALUES ( 20193, 10 );
INSERT INTO "times" VALUES ( 20193, 12510, '20:49:00', NULL, NULL );
INSERT INTO "times" VALUES ( 20193, 12520, '20:47:00', '20:47:00', 20 );
INSERT INTO "times" VALUES ( 20193, 12530, '20:45:00', '20:45:00', 20 );
INSERT INTO "times" VALUES ( 20193, 12540, '20:42:00', '20:42:00', 20 );
INSERT INTO "times" VALUES ( 20193, 12610, '20:37:00', '20:37:00', 20 );
INSERT INTO "times" VALUES ( 20193, 12660, '20:33:00', '20:33:00', 20 );
INSERT INTO "times" VALUES ( 20193, 12670, '20:30:00', '20:30:00', 20 );
INSERT INTO "times" VALUES ( 20193, 12680, '20:27:00', '20:27:00', 20 );
INSERT INTO "times" VALUES ( 20193, 12690, '20:25:00', '20:25:00', 20 );
INSERT INTO "times" VALUES ( 20193, 12700, '20:22:00', '20:22:00', 20 );
INSERT INTO "times" VALUES ( 20193, 12710, '20:17:00', '20:20:00', 20 );
INSERT INTO "times" VALUES ( 20193, 12720, '20:14:00', '20:14:00', 20 );
INSERT INTO "times" VALUES ( 20193, 12730, '20:12:00', '20:12:00', 20 );
INSERT INTO "times" VALUES ( 20193, 12740, '20:09:00', '20:09:00', 20 );
INSERT INTO "times" VALUES ( 20193, 12750, '20:06:00', '20:06:00', 20 );
INSERT INTO "times" VALUES ( 20193, 12760, '20:04:00', '20:04:00', 20 );
INSERT INTO "times" VALUES ( 20193, 12770, '20:00:00', '20:00:00', 20 );
INSERT INTO "times" VALUES ( 20193, 12780, '19:55:00', '19:55:00', 20 );
INSERT INTO "times" VALUES ( 20193, 12790, '19:53:00', '19:53:00', 20 );
INSERT INTO "times" VALUES ( 20193, 12800, '19:48:00', '19:51:00', 20 );
INSERT INTO "times" VALUES ( 20193, 12810, '19:46:00', '19:46:00', 20 );
INSERT INTO "times" VALUES ( 20193, 12820, '19:44:00', '19:44:00', 20 );
INSERT INTO "times" VALUES ( 20193, 12830, '19:43:00', '19:43:00', 20 );
INSERT INTO "times" VALUES ( 20193, 12840, '19:41:00', '19:41:00', 20 );
INSERT INTO "times" VALUES ( 20193, 12850, '19:39:00', '19:39:00', 20 );
INSERT INTO "times" VALUES ( 20193, 12860, '19:37:00', '19:37:00', 20 );
INSERT INTO "times" VALUES ( 20193, 12870, '19:36:00', '19:36:00', 20 );
INSERT INTO "times" VALUES ( 20193, 12880, '19:34:00', '19:34:00', 20 );
INSERT INTO "times" VALUES ( 20193, 12890, '19:32:00', '19:32:00', 20 );
INSERT INTO "times" VALUES ( 20193, 12900, '19:27:00', '19:31:00', 20 );
INSERT INTO "times" VALUES ( 20193, 13510, '19:25:00', '19:25:00', 30 );
INSERT INTO "times" VALUES ( 20193, 13520, NULL, '19:23:00', 30 );

INSERT INTO "dias" VALUES ( 20194, 120, FALSE, TRUE, 'K1904Z', 12510, 13520 );
INSERT INTO "dias_line_groups" VALUES ( 20194, 10 );
INSERT INTO "times" VALUES ( 20194, 12510, NULL, '19:32:00', 20 );
INSERT INTO "times" VALUES ( 20194, 12520, '19:34:00', '19:34:00', 20 );
INSERT INTO "times" VALUES ( 20194, 12530, '19:36:00', '19:36:00', 20 );
INSERT INTO "times" VALUES ( 20194, 12540, '19:39:00', '19:39:00', 20 );
INSERT INTO "times" VALUES ( 20194, 12610, '19:44:00', '19:44:00', 20 );
INSERT INTO "times" VALUES ( 20194, 12660, '19:49:00', '19:49:00', 20 );
INSERT INTO "times" VALUES ( 20194, 12670, '19:51:00', '19:51:00', 20 );
INSERT INTO "times" VALUES ( 20194, 12680, '19:54:00', '19:54:00', 20 );
INSERT INTO "times" VALUES ( 20194, 12690, '19:56:00', '19:56:00', 20 );
INSERT INTO "times" VALUES ( 20194, 12700, '19:58:00', '19:58:00', 20 );
INSERT INTO "times" VALUES ( 20194, 12710, '20:00:00', '20:04:00', 20 );
INSERT INTO "times" VALUES ( 20194, 12720, '20:07:00', '20:07:00', 20 );
INSERT INTO "times" VALUES ( 20194, 12730, '20:09:00', '20:09:00', 20 );
INSERT INTO "times" VALUES ( 20194, 12740, '20:12:00', '20:12:00', 20 );
INSERT INTO "times" VALUES ( 20194, 12750, '20:15:00', '20:15:00', 20 );
INSERT INTO "times" VALUES ( 20194, 12760, '20:18:00', '20:18:00', 20 );
INSERT INTO "times" VALUES ( 20194, 12770, '20:22:00', '20:22:00', 20 );
INSERT INTO "times" VALUES ( 20194, 12780, '20:26:00', '20:26:00', 20 );
INSERT INTO "times" VALUES ( 20194, 12790, '20:27:00', '20:27:00', 20 );
INSERT INTO "times" VALUES ( 20194, 12800, '20:29:00', '20:33:00', 20 );
INSERT INTO "times" VALUES ( 20194, 12810, '20:35:00', '20:35:00', 20 );
INSERT INTO "times" VALUES ( 20194, 12820, '20:37:00', '20:37:00', 20 );
INSERT INTO "times" VALUES ( 20194, 12830, '20:39:00', '20:39:00', 20 );
INSERT INTO "times" VALUES ( 20194, 12840, '20:40:00', '20:40:00', 20 );
INSERT INTO "times" VALUES ( 20194, 12850, '20:41:00', '20:41:00', 20 );
INSERT INTO "times" VALUES ( 20194, 12860, '20:43:00', '20:43:00', 20 );
INSERT INTO "times" VALUES ( 20194, 12870, '20:45:00', '20:45:00', 20 );
INSERT INTO "times" VALUES ( 20194, 12880, '20:46:00', '20:46:00', 20 );
INSERT INTO "times" VALUES ( 20194, 12890, '20:48:00', '20:48:00', 20 );
INSERT INTO "times" VALUES ( 20194, 12900, '20:50:00', '20:53:00', 20 );
INSERT INTO "times" VALUES ( 20194, 13510, '20:55:00', '20:55:00', 30 );
INSERT INTO "times" VALUES ( 20194, 13520, '20:58:00', NULL, NULL );

INSERT INTO "dias" VALUES ( 20195, 120, FALSE, TRUE, 'K1905A', 13520, 12510 );
INSERT INTO "dias_line_groups" VALUES ( 20195, 10 );
INSERT INTO "times" VALUES ( 20195, 12510, '21:09:00', NULL, NULL );
INSERT INTO "times" VALUES ( 20195, 12520, '21:07:00', '21:07:00', 20 );
INSERT INTO "times" VALUES ( 20195, 12530, '21:05:00', '21:05:00', 20 );
INSERT INTO "times" VALUES ( 20195, 12540, '21:02:00', '21:02:00', 20 );
INSERT INTO "times" VALUES ( 20195, 12610, '20:57:00', '20:57:00', 20 );
INSERT INTO "times" VALUES ( 20195, 12660, '20:53:00', '20:53:00', 20 );
INSERT INTO "times" VALUES ( 20195, 12670, '20:50:00', '20:50:00', 20 );
INSERT INTO "times" VALUES ( 20195, 12680, '20:47:00', '20:47:00', 20 );
INSERT INTO "times" VALUES ( 20195, 12690, '20:44:00', '20:44:00', 20 );
INSERT INTO "times" VALUES ( 20195, 12700, '20:42:00', '20:42:00', 20 );
INSERT INTO "times" VALUES ( 20195, 12710, '20:36:00', '20:40:00', 20 );
INSERT INTO "times" VALUES ( 20195, 12720, '20:34:00', '20:34:00', 20 );
INSERT INTO "times" VALUES ( 20195, 12730, '20:31:00', '20:31:00', 20 );
INSERT INTO "times" VALUES ( 20195, 12740, '20:29:00', '20:29:00', 20 );
INSERT INTO "times" VALUES ( 20195, 12750, '20:26:00', '20:26:00', 20 );
INSERT INTO "times" VALUES ( 20195, 12760, '20:23:00', '20:23:00', 20 );
INSERT INTO "times" VALUES ( 20195, 12770, '20:19:00', '20:19:00', 20 );
INSERT INTO "times" VALUES ( 20195, 12780, '20:15:00', '20:15:00', 20 );
INSERT INTO "times" VALUES ( 20195, 12790, '20:13:00', '20:13:00', 20 );
INSERT INTO "times" VALUES ( 20195, 12800, '20:07:00', '20:11:00', 20 );
INSERT INTO "times" VALUES ( 20195, 12810, '20:05:00', '20:05:00', 20 );
INSERT INTO "times" VALUES ( 20195, 12820, '20:03:00', '20:03:00', 20 );
INSERT INTO "times" VALUES ( 20195, 12830, '20:02:00', '20:02:00', 20 );
INSERT INTO "times" VALUES ( 20195, 12840, '20:00:00', '20:00:00', 20 );
INSERT INTO "times" VALUES ( 20195, 12850, '19:59:00', '19:59:00', 20 );
INSERT INTO "times" VALUES ( 20195, 12860, '19:57:00', '19:57:00', 20 );
INSERT INTO "times" VALUES ( 20195, 12870, '19:55:00', '19:55:00', 20 );
INSERT INTO "times" VALUES ( 20195, 12880, '19:53:00', '19:53:00', 20 );
INSERT INTO "times" VALUES ( 20195, 12890, '19:52:00', '19:52:00', 20 );
INSERT INTO "times" VALUES ( 20195, 12900, '19:46:00', '19:50:00', 20 );
INSERT INTO "times" VALUES ( 20195, 13510, '19:44:00', '19:44:00', 30 );
INSERT INTO "times" VALUES ( 20195, 13520, NULL, '19:42:00', 30 );

INSERT INTO "dias" VALUES ( 20196, 120, FALSE, TRUE, 'K1906Z', 12510, 13520 );
INSERT INTO "dias_line_groups" VALUES ( 20196, 10 );
INSERT INTO "times" VALUES ( 20196, 12510, NULL, '19:42:00', 20 );
INSERT INTO "times" VALUES ( 20196, 12520, '19:44:00', '19:44:00', 20 );
INSERT INTO "times" VALUES ( 20196, 12530, '19:46:00', '19:46:00', 20 );
INSERT INTO "times" VALUES ( 20196, 12540, '19:49:00', '19:49:00', 20 );
INSERT INTO "times" VALUES ( 20196, 12610, '19:54:00', '19:54:00', 20 );
INSERT INTO "times" VALUES ( 20196, 12660, '19:59:00', '19:59:00', 20 );
INSERT INTO "times" VALUES ( 20196, 12670, '20:01:00', '20:01:00', 20 );
INSERT INTO "times" VALUES ( 20196, 12680, '20:04:00', '20:04:00', 20 );
INSERT INTO "times" VALUES ( 20196, 12690, '20:06:00', '20:06:00', 20 );
INSERT INTO "times" VALUES ( 20196, 12700, '20:08:00', '20:08:00', 20 );
INSERT INTO "times" VALUES ( 20196, 12710, '20:10:00', '20:14:00', 20 );
INSERT INTO "times" VALUES ( 20196, 12720, '20:17:00', '20:17:00', 20 );
INSERT INTO "times" VALUES ( 20196, 12730, '20:19:00', '20:19:00', 20 );
INSERT INTO "times" VALUES ( 20196, 12740, '20:22:00', '20:22:00', 20 );
INSERT INTO "times" VALUES ( 20196, 12750, '20:25:00', '20:25:00', 20 );
INSERT INTO "times" VALUES ( 20196, 12760, '20:28:00', '20:28:00', 20 );
INSERT INTO "times" VALUES ( 20196, 12770, '20:32:00', '20:32:00', 20 );
INSERT INTO "times" VALUES ( 20196, 12780, '20:36:00', '20:36:00', 20 );
INSERT INTO "times" VALUES ( 20196, 12790, '20:37:00', '20:37:00', 20 );
INSERT INTO "times" VALUES ( 20196, 12800, '20:39:00', '20:43:00', 20 );
INSERT INTO "times" VALUES ( 20196, 12810, '20:45:00', '20:45:00', 20 );
INSERT INTO "times" VALUES ( 20196, 12820, '20:47:00', '20:47:00', 20 );
INSERT INTO "times" VALUES ( 20196, 12830, '20:49:00', '20:49:00', 20 );
INSERT INTO "times" VALUES ( 20196, 12840, '20:50:00', '20:50:00', 20 );
INSERT INTO "times" VALUES ( 20196, 12850, '20:51:00', '20:51:00', 20 );
INSERT INTO "times" VALUES ( 20196, 12860, '20:53:00', '20:53:00', 20 );
INSERT INTO "times" VALUES ( 20196, 12870, '20:55:00', '20:55:00', 20 );
INSERT INTO "times" VALUES ( 20196, 12880, '20:56:00', '20:56:00', 20 );
INSERT INTO "times" VALUES ( 20196, 12890, '20:58:00', '20:58:00', 20 );
INSERT INTO "times" VALUES ( 20196, 12900, '21:00:00', '21:03:00', 20 );
INSERT INTO "times" VALUES ( 20196, 13510, '21:05:00', '21:05:00', 30 );
INSERT INTO "times" VALUES ( 20196, 13520, '21:08:00', NULL, NULL );

INSERT INTO "dias" VALUES ( 20197, 120, FALSE, TRUE, 'K2000Z', 12510, 13520 );
INSERT INTO "dias_line_groups" VALUES ( 20197, 10 );
INSERT INTO "times" VALUES ( 20197, 12510, NULL, '20:02:00', 20 );
INSERT INTO "times" VALUES ( 20197, 12520, '20:04:00', '20:04:00', 20 );
INSERT INTO "times" VALUES ( 20197, 12530, '20:06:00', '20:06:00', 20 );
INSERT INTO "times" VALUES ( 20197, 12540, '20:09:00', '20:09:00', 20 );
INSERT INTO "times" VALUES ( 20197, 12610, '20:14:00', '20:14:00', 20 );
INSERT INTO "times" VALUES ( 20197, 12660, '20:19:00', '20:19:00', 20 );
INSERT INTO "times" VALUES ( 20197, 12670, '20:21:00', '20:21:00', 20 );
INSERT INTO "times" VALUES ( 20197, 12680, '20:24:00', '20:24:00', 20 );
INSERT INTO "times" VALUES ( 20197, 12690, '20:26:00', '20:26:00', 20 );
INSERT INTO "times" VALUES ( 20197, 12700, '20:28:00', '20:28:00', 20 );
INSERT INTO "times" VALUES ( 20197, 12710, '20:30:00', '20:34:00', 20 );
INSERT INTO "times" VALUES ( 20197, 12720, '20:37:00', '20:37:00', 20 );
INSERT INTO "times" VALUES ( 20197, 12730, '20:39:00', '20:39:00', 20 );
INSERT INTO "times" VALUES ( 20197, 12740, '20:42:00', '20:42:00', 20 );
INSERT INTO "times" VALUES ( 20197, 12750, '20:45:00', '20:45:00', 20 );
INSERT INTO "times" VALUES ( 20197, 12760, '20:48:00', '20:48:00', 20 );
INSERT INTO "times" VALUES ( 20197, 12770, '20:52:00', '20:52:00', 20 );
INSERT INTO "times" VALUES ( 20197, 12780, '20:56:00', '20:56:00', 20 );
INSERT INTO "times" VALUES ( 20197, 12790, '20:57:00', '20:57:00', 20 );
INSERT INTO "times" VALUES ( 20197, 12800, '20:59:00', '21:03:00', 20 );
INSERT INTO "times" VALUES ( 20197, 12810, '21:05:00', '21:05:00', 20 );
INSERT INTO "times" VALUES ( 20197, 12820, '21:07:00', '21:07:00', 20 );
INSERT INTO "times" VALUES ( 20197, 12830, '21:09:00', '21:09:00', 20 );
INSERT INTO "times" VALUES ( 20197, 12840, '21:10:00', '21:10:00', 20 );
INSERT INTO "times" VALUES ( 20197, 12850, '21:11:00', '21:11:00', 20 );
INSERT INTO "times" VALUES ( 20197, 12860, '21:13:00', '21:13:00', 20 );
INSERT INTO "times" VALUES ( 20197, 12870, '21:15:00', '21:15:00', 20 );
INSERT INTO "times" VALUES ( 20197, 12880, '21:16:00', '21:16:00', 20 );
INSERT INTO "times" VALUES ( 20197, 12890, '21:18:00', '21:18:00', 20 );
INSERT INTO "times" VALUES ( 20197, 12900, '21:20:00', '21:23:00', 20 );
INSERT INTO "times" VALUES ( 20197, 13510, '21:25:00', '21:25:00', 30 );
INSERT INTO "times" VALUES ( 20197, 13520, '21:28:00', NULL, NULL );

INSERT INTO "dias" VALUES ( 20198, 120, FALSE, TRUE, 'K2001A', 13520, 12510 );
INSERT INTO "dias_line_groups" VALUES ( 20198, 10 );
INSERT INTO "times" VALUES ( 20198, 12510, '21:28:00', NULL, NULL );
INSERT INTO "times" VALUES ( 20198, 12520, '21:26:00', '21:26:00', 20 );
INSERT INTO "times" VALUES ( 20198, 12530, '21:25:00', '21:25:00', 20 );
INSERT INTO "times" VALUES ( 20198, 12540, '21:22:00', '21:22:00', 20 );
INSERT INTO "times" VALUES ( 20198, 12610, '21:16:00', '21:17:00', 20 );
INSERT INTO "times" VALUES ( 20198, 12660, '21:12:00', '21:12:00', 20 );
INSERT INTO "times" VALUES ( 20198, 12670, '21:09:00', '21:09:00', 20 );
INSERT INTO "times" VALUES ( 20198, 12680, '21:06:00', '21:06:00', 20 );
INSERT INTO "times" VALUES ( 20198, 12690, '21:03:00', '21:03:00', 20 );
INSERT INTO "times" VALUES ( 20198, 12700, '21:01:00', '21:01:00', 20 );
INSERT INTO "times" VALUES ( 20198, 12710, '20:55:00', '20:59:00', 20 );
INSERT INTO "times" VALUES ( 20198, 12720, '20:53:00', '20:53:00', 20 );
INSERT INTO "times" VALUES ( 20198, 12730, '20:50:00', '20:50:00', 20 );
INSERT INTO "times" VALUES ( 20198, 12740, '20:48:00', '20:48:00', 20 );
INSERT INTO "times" VALUES ( 20198, 12750, '20:44:00', '20:44:00', 20 );
INSERT INTO "times" VALUES ( 20198, 12760, '20:42:00', '20:42:00', 20 );
INSERT INTO "times" VALUES ( 20198, 12770, '20:38:00', '20:38:00', 20 );
INSERT INTO "times" VALUES ( 20198, 12780, '20:34:00', '20:34:00', 20 );
INSERT INTO "times" VALUES ( 20198, 12790, '20:31:00', '20:31:00', 20 );
INSERT INTO "times" VALUES ( 20198, 12800, '20:26:00', '20:29:00', 20 );
INSERT INTO "times" VALUES ( 20198, 12810, '20:24:00', '20:24:00', 20 );
INSERT INTO "times" VALUES ( 20198, 12820, '20:22:00', '20:22:00', 20 );
INSERT INTO "times" VALUES ( 20198, 12830, '20:21:00', '20:21:00', 20 );
INSERT INTO "times" VALUES ( 20198, 12840, '20:19:00', '20:19:00', 20 );
INSERT INTO "times" VALUES ( 20198, 12850, '20:17:00', '20:17:00', 20 );
INSERT INTO "times" VALUES ( 20198, 12860, '20:15:00', '20:15:00', 20 );
INSERT INTO "times" VALUES ( 20198, 12870, '20:14:00', '20:14:00', 20 );
INSERT INTO "times" VALUES ( 20198, 12880, '20:12:00', '20:12:00', 20 );
INSERT INTO "times" VALUES ( 20198, 12890, '20:10:00', '20:10:00', 20 );
INSERT INTO "times" VALUES ( 20198, 12900, '20:05:00', '20:09:00', 20 );
INSERT INTO "times" VALUES ( 20198, 13510, '20:03:00', '20:03:00', 30 );
INSERT INTO "times" VALUES ( 20198, 13520, NULL, '20:01:00', 30 );

INSERT INTO "dias" VALUES ( 20199, 120, FALSE, TRUE, 'K2002Z', 12510, 13520 );
INSERT INTO "dias_line_groups" VALUES ( 20199, 10 );
INSERT INTO "times" VALUES ( 20199, 12510, NULL, '20:22:00', 20 );
INSERT INTO "times" VALUES ( 20199, 12520, '20:24:00', '20:24:00', 20 );
INSERT INTO "times" VALUES ( 20199, 12530, '20:26:00', '20:26:00', 20 );
INSERT INTO "times" VALUES ( 20199, 12540, '20:29:00', '20:29:00', 20 );
INSERT INTO "times" VALUES ( 20199, 12610, '20:34:00', '20:34:00', 20 );
INSERT INTO "times" VALUES ( 20199, 12660, '20:39:00', '20:39:00', 20 );
INSERT INTO "times" VALUES ( 20199, 12670, '20:41:00', '20:41:00', 20 );
INSERT INTO "times" VALUES ( 20199, 12680, '20:44:00', '20:44:00', 20 );
INSERT INTO "times" VALUES ( 20199, 12690, '20:46:00', '20:46:00', 20 );
INSERT INTO "times" VALUES ( 20199, 12700, '20:48:00', '20:48:00', 20 );
INSERT INTO "times" VALUES ( 20199, 12710, '20:50:00', '20:54:00', 20 );
INSERT INTO "times" VALUES ( 20199, 12720, '20:57:00', '20:57:00', 20 );
INSERT INTO "times" VALUES ( 20199, 12730, '20:59:00', '20:59:00', 20 );
INSERT INTO "times" VALUES ( 20199, 12740, '21:02:00', '21:02:00', 20 );
INSERT INTO "times" VALUES ( 20199, 12750, '21:05:00', '21:05:00', 20 );
INSERT INTO "times" VALUES ( 20199, 12760, '21:08:00', '21:08:00', 20 );
INSERT INTO "times" VALUES ( 20199, 12770, '21:12:00', '21:12:00', 20 );
INSERT INTO "times" VALUES ( 20199, 12780, '21:16:00', '21:16:00', 20 );
INSERT INTO "times" VALUES ( 20199, 12790, '21:17:00', '21:17:00', 20 );
INSERT INTO "times" VALUES ( 20199, 12800, '21:19:00', '21:23:00', 20 );
INSERT INTO "times" VALUES ( 20199, 12810, '21:25:00', '21:25:00', 20 );
INSERT INTO "times" VALUES ( 20199, 12820, '21:27:00', '21:27:00', 20 );
INSERT INTO "times" VALUES ( 20199, 12830, '21:29:00', '21:29:00', 20 );
INSERT INTO "times" VALUES ( 20199, 12840, '21:30:00', '21:30:00', 20 );
INSERT INTO "times" VALUES ( 20199, 12850, '21:31:00', '21:31:00', 20 );
INSERT INTO "times" VALUES ( 20199, 12860, '21:33:00', '21:33:00', 20 );
INSERT INTO "times" VALUES ( 20199, 12870, '21:35:00', '21:35:00', 20 );
INSERT INTO "times" VALUES ( 20199, 12880, '21:36:00', '21:36:00', 20 );
INSERT INTO "times" VALUES ( 20199, 12890, '21:38:00', '21:38:00', 20 );
INSERT INTO "times" VALUES ( 20199, 12900, '21:40:00', '21:43:00', 20 );
INSERT INTO "times" VALUES ( 20199, 13510, '21:45:00', '21:45:00', 30 );
INSERT INTO "times" VALUES ( 20199, 13520, '21:48:00', NULL, NULL );

INSERT INTO "dias" VALUES ( 20200, 120, FALSE, TRUE, 'K2003A', 13520, 12510 );
INSERT INTO "dias_line_groups" VALUES ( 20200, 10 );
INSERT INTO "times" VALUES ( 20200, 12510, '21:48:00', NULL, NULL );
INSERT INTO "times" VALUES ( 20200, 12520, '21:46:00', '21:46:00', 20 );
INSERT INTO "times" VALUES ( 20200, 12530, '21:45:00', '21:45:00', 20 );
INSERT INTO "times" VALUES ( 20200, 12540, '21:42:00', '21:42:00', 20 );
INSERT INTO "times" VALUES ( 20200, 12610, '21:36:00', '21:37:00', 20 );
INSERT INTO "times" VALUES ( 20200, 12660, '21:32:00', '21:32:00', 20 );
INSERT INTO "times" VALUES ( 20200, 12670, '21:29:00', '21:29:00', 20 );
INSERT INTO "times" VALUES ( 20200, 12680, '21:26:00', '21:26:00', 20 );
INSERT INTO "times" VALUES ( 20200, 12690, '21:23:00', '21:23:00', 20 );
INSERT INTO "times" VALUES ( 20200, 12700, '21:21:00', '21:21:00', 20 );
INSERT INTO "times" VALUES ( 20200, 12710, '21:15:00', '21:19:00', 20 );
INSERT INTO "times" VALUES ( 20200, 12720, '21:13:00', '21:13:00', 20 );
INSERT INTO "times" VALUES ( 20200, 12730, '21:10:00', '21:10:00', 20 );
INSERT INTO "times" VALUES ( 20200, 12740, '21:08:00', '21:08:00', 20 );
INSERT INTO "times" VALUES ( 20200, 12750, '21:04:00', '21:04:00', 20 );
INSERT INTO "times" VALUES ( 20200, 12760, '21:02:00', '21:02:00', 20 );
INSERT INTO "times" VALUES ( 20200, 12770, '20:58:00', '20:58:00', 20 );
INSERT INTO "times" VALUES ( 20200, 12780, '20:54:00', '20:54:00', 20 );
INSERT INTO "times" VALUES ( 20200, 12790, '20:51:00', '20:51:00', 20 );
INSERT INTO "times" VALUES ( 20200, 12800, '20:46:00', '20:49:00', 20 );
INSERT INTO "times" VALUES ( 20200, 12810, '20:44:00', '20:44:00', 20 );
INSERT INTO "times" VALUES ( 20200, 12820, '20:42:00', '20:42:00', 20 );
INSERT INTO "times" VALUES ( 20200, 12830, '20:41:00', '20:41:00', 20 );
INSERT INTO "times" VALUES ( 20200, 12840, '20:39:00', '20:39:00', 20 );
INSERT INTO "times" VALUES ( 20200, 12850, '20:37:00', '20:37:00', 20 );
INSERT INTO "times" VALUES ( 20200, 12860, '20:35:00', '20:35:00', 20 );
INSERT INTO "times" VALUES ( 20200, 12870, '20:34:00', '20:34:00', 20 );
INSERT INTO "times" VALUES ( 20200, 12880, '20:32:00', '20:32:00', 20 );
INSERT INTO "times" VALUES ( 20200, 12890, '20:30:00', '20:30:00', 20 );
INSERT INTO "times" VALUES ( 20200, 12900, '20:25:00', '20:29:00', 20 );
INSERT INTO "times" VALUES ( 20200, 13510, '20:23:00', '20:23:00', 30 );
INSERT INTO "times" VALUES ( 20200, 13520, NULL, '20:21:00', 30 );

INSERT INTO "dias" VALUES ( 20201, 120, FALSE, TRUE, 'K2004Z', 12510, 13520 );
INSERT INTO "dias_line_groups" VALUES ( 20201, 10 );
INSERT INTO "times" VALUES ( 20201, 12510, NULL, '20:32:00', 20 );
INSERT INTO "times" VALUES ( 20201, 12520, '20:34:00', '20:34:00', 20 );
INSERT INTO "times" VALUES ( 20201, 12530, '20:36:00', '20:36:00', 20 );
INSERT INTO "times" VALUES ( 20201, 12540, '20:39:00', '20:39:00', 20 );
INSERT INTO "times" VALUES ( 20201, 12610, '20:44:00', '20:44:00', 20 );
INSERT INTO "times" VALUES ( 20201, 12660, '20:49:00', '20:49:00', 20 );
INSERT INTO "times" VALUES ( 20201, 12670, '20:51:00', '20:51:00', 20 );
INSERT INTO "times" VALUES ( 20201, 12680, '20:54:00', '20:54:00', 20 );
INSERT INTO "times" VALUES ( 20201, 12690, '20:56:00', '20:56:00', 20 );
INSERT INTO "times" VALUES ( 20201, 12700, '20:58:00', '20:58:00', 20 );
INSERT INTO "times" VALUES ( 20201, 12710, '21:00:00', '21:04:00', 20 );
INSERT INTO "times" VALUES ( 20201, 12720, '21:07:00', '21:07:00', 20 );
INSERT INTO "times" VALUES ( 20201, 12730, '21:09:00', '21:09:00', 20 );
INSERT INTO "times" VALUES ( 20201, 12740, '21:12:00', '21:12:00', 20 );
INSERT INTO "times" VALUES ( 20201, 12750, '21:15:00', '21:15:00', 20 );
INSERT INTO "times" VALUES ( 20201, 12760, '21:18:00', '21:18:00', 20 );
INSERT INTO "times" VALUES ( 20201, 12770, '21:22:00', '21:22:00', 20 );
INSERT INTO "times" VALUES ( 20201, 12780, '21:26:00', '21:26:00', 20 );
INSERT INTO "times" VALUES ( 20201, 12790, '21:27:00', '21:27:00', 20 );
INSERT INTO "times" VALUES ( 20201, 12800, '21:29:00', '21:33:00', 20 );
INSERT INTO "times" VALUES ( 20201, 12810, '21:35:00', '21:35:00', 20 );
INSERT INTO "times" VALUES ( 20201, 12820, '21:37:00', '21:37:00', 20 );
INSERT INTO "times" VALUES ( 20201, 12830, '21:39:00', '21:39:00', 20 );
INSERT INTO "times" VALUES ( 20201, 12840, '21:40:00', '21:40:00', 20 );
INSERT INTO "times" VALUES ( 20201, 12850, '21:41:00', '21:41:00', 20 );
INSERT INTO "times" VALUES ( 20201, 12860, '21:43:00', '21:43:00', 20 );
INSERT INTO "times" VALUES ( 20201, 12870, '21:45:00', '21:45:00', 20 );
INSERT INTO "times" VALUES ( 20201, 12880, '21:46:00', '21:46:00', 20 );
INSERT INTO "times" VALUES ( 20201, 12890, '21:48:00', '21:48:00', 20 );
INSERT INTO "times" VALUES ( 20201, 12900, '21:50:00', '21:53:00', 20 );
INSERT INTO "times" VALUES ( 20201, 13510, '21:55:00', '21:55:00', 30 );
INSERT INTO "times" VALUES ( 20201, 13520, '21:58:00', NULL, NULL );

INSERT INTO "dias" VALUES ( 20202, 120, FALSE, TRUE, 'K2005A', 13520, 12510 );
INSERT INTO "dias_line_groups" VALUES ( 20202, 10 );
INSERT INTO "times" VALUES ( 20202, 12510, '22:08:00', NULL, NULL );
INSERT INTO "times" VALUES ( 20202, 12520, '22:06:00', '22:06:00', 20 );
INSERT INTO "times" VALUES ( 20202, 12530, '22:04:00', '22:04:00', 20 );
INSERT INTO "times" VALUES ( 20202, 12540, '22:01:00', '22:01:00', 20 );
INSERT INTO "times" VALUES ( 20202, 12610, '21:56:00', '21:56:00', 20 );
INSERT INTO "times" VALUES ( 20202, 12660, '21:52:00', '21:52:00', 20 );
INSERT INTO "times" VALUES ( 20202, 12670, '21:48:00', '21:48:00', 20 );
INSERT INTO "times" VALUES ( 20202, 12680, '21:46:00', '21:46:00', 20 );
INSERT INTO "times" VALUES ( 20202, 12690, '21:43:00', '21:43:00', 20 );
INSERT INTO "times" VALUES ( 20202, 12700, '21:41:00', '21:41:00', 20 );
INSERT INTO "times" VALUES ( 20202, 12710, '21:35:00', '21:39:00', 20 );
INSERT INTO "times" VALUES ( 20202, 12720, '21:33:00', '21:33:00', 20 );
INSERT INTO "times" VALUES ( 20202, 12730, '21:30:00', '21:30:00', 20 );
INSERT INTO "times" VALUES ( 20202, 12740, '21:28:00', '21:28:00', 20 );
INSERT INTO "times" VALUES ( 20202, 12750, '21:24:00', '21:24:00', 20 );
INSERT INTO "times" VALUES ( 20202, 12760, '21:22:00', '21:22:00', 20 );
INSERT INTO "times" VALUES ( 20202, 12770, '21:18:00', '21:18:00', 20 );
INSERT INTO "times" VALUES ( 20202, 12780, '21:14:00', '21:14:00', 20 );
INSERT INTO "times" VALUES ( 20202, 12790, '21:11:00', '21:11:00', 20 );
INSERT INTO "times" VALUES ( 20202, 12800, '21:06:00', '21:09:00', 20 );
INSERT INTO "times" VALUES ( 20202, 12810, '21:04:00', '21:04:00', 20 );
INSERT INTO "times" VALUES ( 20202, 12820, '21:02:00', '21:02:00', 20 );
INSERT INTO "times" VALUES ( 20202, 12830, '21:01:00', '21:01:00', 20 );
INSERT INTO "times" VALUES ( 20202, 12840, '20:59:00', '20:59:00', 20 );
INSERT INTO "times" VALUES ( 20202, 12850, '20:57:00', '20:57:00', 20 );
INSERT INTO "times" VALUES ( 20202, 12860, '20:55:00', '20:55:00', 20 );
INSERT INTO "times" VALUES ( 20202, 12870, '20:54:00', '20:54:00', 20 );
INSERT INTO "times" VALUES ( 20202, 12880, '20:52:00', '20:52:00', 20 );
INSERT INTO "times" VALUES ( 20202, 12890, '20:50:00', '20:50:00', 20 );
INSERT INTO "times" VALUES ( 20202, 12900, '20:45:00', '20:49:00', 20 );
INSERT INTO "times" VALUES ( 20202, 13510, '20:43:00', '20:43:00', 30 );
INSERT INTO "times" VALUES ( 20202, 13520, NULL, '20:41:00', 30 );

INSERT INTO "dias" VALUES ( 20203, 120, FALSE, TRUE, 'K2006Z', 12510, 13520 );
INSERT INTO "dias_line_groups" VALUES ( 20203, 10 );
INSERT INTO "times" VALUES ( 20203, 12510, NULL, '20:52:00', 20 );
INSERT INTO "times" VALUES ( 20203, 12520, '20:54:00', '20:54:00', 20 );
INSERT INTO "times" VALUES ( 20203, 12530, '20:56:00', '20:56:00', 20 );
INSERT INTO "times" VALUES ( 20203, 12540, '20:59:00', '20:59:00', 20 );
INSERT INTO "times" VALUES ( 20203, 12610, '21:04:00', '21:04:00', 20 );
INSERT INTO "times" VALUES ( 20203, 12660, '21:09:00', '21:09:00', 20 );
INSERT INTO "times" VALUES ( 20203, 12670, '21:11:00', '21:11:00', 20 );
INSERT INTO "times" VALUES ( 20203, 12680, '21:14:00', '21:14:00', 20 );
INSERT INTO "times" VALUES ( 20203, 12690, '21:16:00', '21:16:00', 20 );
INSERT INTO "times" VALUES ( 20203, 12700, '21:18:00', '21:18:00', 20 );
INSERT INTO "times" VALUES ( 20203, 12710, '21:20:00', '21:24:00', 20 );
INSERT INTO "times" VALUES ( 20203, 12720, '21:27:00', '21:27:00', 20 );
INSERT INTO "times" VALUES ( 20203, 12730, '21:29:00', '21:29:00', 20 );
INSERT INTO "times" VALUES ( 20203, 12740, '21:32:00', '21:32:00', 20 );
INSERT INTO "times" VALUES ( 20203, 12750, '21:35:00', '21:35:00', 20 );
INSERT INTO "times" VALUES ( 20203, 12760, '21:38:00', '21:38:00', 20 );
INSERT INTO "times" VALUES ( 20203, 12770, '21:42:00', '21:42:00', 20 );
INSERT INTO "times" VALUES ( 20203, 12780, '21:46:00', '21:46:00', 20 );
INSERT INTO "times" VALUES ( 20203, 12790, '21:47:00', '21:47:00', 20 );
INSERT INTO "times" VALUES ( 20203, 12800, '21:49:00', '21:53:00', 20 );
INSERT INTO "times" VALUES ( 20203, 12810, '21:55:00', '21:55:00', 20 );
INSERT INTO "times" VALUES ( 20203, 12820, '21:57:00', '21:57:00', 20 );
INSERT INTO "times" VALUES ( 20203, 12830, '21:59:00', '21:59:00', 20 );
INSERT INTO "times" VALUES ( 20203, 12840, '22:00:00', '22:00:00', 20 );
INSERT INTO "times" VALUES ( 20203, 12850, '22:01:00', '22:01:00', 20 );
INSERT INTO "times" VALUES ( 20203, 12860, '22:03:00', '22:03:00', 20 );
INSERT INTO "times" VALUES ( 20203, 12870, '22:05:00', '22:05:00', 20 );
INSERT INTO "times" VALUES ( 20203, 12880, '22:06:00', '22:06:00', 20 );
INSERT INTO "times" VALUES ( 20203, 12890, '22:08:00', '22:08:00', 20 );
INSERT INTO "times" VALUES ( 20203, 12900, '22:10:00', '22:13:00', 20 );
INSERT INTO "times" VALUES ( 20203, 13510, '22:15:00', '22:15:00', 30 );
INSERT INTO "times" VALUES ( 20203, 13520, '22:18:00', NULL, NULL );

INSERT INTO "dias" VALUES ( 20204, 120, FALSE, TRUE, 'K2100Z', 12510, 13520 );
INSERT INTO "dias_line_groups" VALUES ( 20204, 10 );
INSERT INTO "times" VALUES ( 20204, 12510, NULL, '21:12:00', 20 );
INSERT INTO "times" VALUES ( 20204, 12520, '21:14:00', '21:14:00', 20 );
INSERT INTO "times" VALUES ( 20204, 12530, '21:16:00', '21:16:00', 20 );
INSERT INTO "times" VALUES ( 20204, 12540, '21:18:00', '21:19:00', 20 );
INSERT INTO "times" VALUES ( 20204, 12610, '21:24:00', '21:24:00', 20 );
INSERT INTO "times" VALUES ( 20204, 12660, '21:29:00', '21:29:00', 20 );
INSERT INTO "times" VALUES ( 20204, 12670, '21:31:00', '21:31:00', 20 );
INSERT INTO "times" VALUES ( 20204, 12680, '21:35:00', '21:35:00', 20 );
INSERT INTO "times" VALUES ( 20204, 12690, '21:36:00', '21:36:00', 20 );
INSERT INTO "times" VALUES ( 20204, 12700, '21:39:00', '21:39:00', 20 );
INSERT INTO "times" VALUES ( 20204, 12710, '21:41:00', '21:44:00', 20 );
INSERT INTO "times" VALUES ( 20204, 12720, '21:47:00', '21:47:00', 20 );
INSERT INTO "times" VALUES ( 20204, 12730, '21:49:00', '21:49:00', 20 );
INSERT INTO "times" VALUES ( 20204, 12740, '21:52:00', '21:52:00', 20 );
INSERT INTO "times" VALUES ( 20204, 12750, '21:55:00', '21:55:00', 20 );
INSERT INTO "times" VALUES ( 20204, 12760, '21:58:00', '21:58:00', 20 );
INSERT INTO "times" VALUES ( 20204, 12770, '22:02:00', '22:02:00', 20 );
INSERT INTO "times" VALUES ( 20204, 12780, '22:06:00', '22:06:00', 20 );
INSERT INTO "times" VALUES ( 20204, 12790, '22:07:00', '22:07:00', 20 );
INSERT INTO "times" VALUES ( 20204, 12800, '22:09:00', '22:13:00', 20 );
INSERT INTO "times" VALUES ( 20204, 12810, '22:15:00', '22:15:00', 20 );
INSERT INTO "times" VALUES ( 20204, 12820, '22:17:00', '22:17:00', 20 );
INSERT INTO "times" VALUES ( 20204, 12830, '22:19:00', '22:19:00', 20 );
INSERT INTO "times" VALUES ( 20204, 12840, '22:20:00', '22:20:00', 20 );
INSERT INTO "times" VALUES ( 20204, 12850, '22:21:00', '22:21:00', 20 );
INSERT INTO "times" VALUES ( 20204, 12860, '22:23:00', '22:23:00', 20 );
INSERT INTO "times" VALUES ( 20204, 12870, '22:25:00', '22:25:00', 20 );
INSERT INTO "times" VALUES ( 20204, 12880, '22:26:00', '22:26:00', 20 );
INSERT INTO "times" VALUES ( 20204, 12890, '22:28:00', '22:28:00', 20 );
INSERT INTO "times" VALUES ( 20204, 12900, '22:30:00', '22:35:00', 20 );
INSERT INTO "times" VALUES ( 20204, 13510, '22:37:00', '22:37:00', 30 );
INSERT INTO "times" VALUES ( 20204, 13520, '22:40:00', NULL, NULL );

INSERT INTO "dias" VALUES ( 20205, 120, FALSE, TRUE, 'K2101A', 13520, 12510 );
INSERT INTO "dias_line_groups" VALUES ( 20205, 10 );
INSERT INTO "times" VALUES ( 20205, 12510, '22:28:00', NULL, NULL );
INSERT INTO "times" VALUES ( 20205, 12520, '22:26:00', '22:26:00', 20 );
INSERT INTO "times" VALUES ( 20205, 12530, '22:24:00', '22:24:00', 20 );
INSERT INTO "times" VALUES ( 20205, 12540, '22:21:00', '22:21:00', 20 );
INSERT INTO "times" VALUES ( 20205, 12610, '22:16:00', '22:16:00', 20 );
INSERT INTO "times" VALUES ( 20205, 12660, '22:12:00', '22:12:00', 20 );
INSERT INTO "times" VALUES ( 20205, 12670, '22:08:00', '22:08:00', 20 );
INSERT INTO "times" VALUES ( 20205, 12680, '22:06:00', '22:06:00', 20 );
INSERT INTO "times" VALUES ( 20205, 12690, '22:03:00', '22:03:00', 20 );
INSERT INTO "times" VALUES ( 20205, 12700, '22:01:00', '22:01:00', 20 );
INSERT INTO "times" VALUES ( 20205, 12710, '21:55:00', '21:59:00', 20 );
INSERT INTO "times" VALUES ( 20205, 12720, '21:52:00', '21:52:00', 20 );
INSERT INTO "times" VALUES ( 20205, 12730, '21:50:00', '21:50:00', 20 );
INSERT INTO "times" VALUES ( 20205, 12740, '21:48:00', '21:48:00', 20 );
INSERT INTO "times" VALUES ( 20205, 12750, '21:44:00', '21:44:00', 20 );
INSERT INTO "times" VALUES ( 20205, 12760, '21:42:00', '21:42:00', 20 );
INSERT INTO "times" VALUES ( 20205, 12770, '21:38:00', '21:38:00', 20 );
INSERT INTO "times" VALUES ( 20205, 12780, '21:34:00', '21:34:00', 20 );
INSERT INTO "times" VALUES ( 20205, 12790, '21:31:00', '21:31:00', 20 );
INSERT INTO "times" VALUES ( 20205, 12800, '21:26:00', '21:29:00', 20 );
INSERT INTO "times" VALUES ( 20205, 12810, '21:24:00', '21:24:00', 20 );
INSERT INTO "times" VALUES ( 20205, 12820, '21:22:00', '21:22:00', 20 );
INSERT INTO "times" VALUES ( 20205, 12830, '21:21:00', '21:21:00', 20 );
INSERT INTO "times" VALUES ( 20205, 12840, '21:19:00', '21:19:00', 20 );
INSERT INTO "times" VALUES ( 20205, 12850, '21:17:00', '21:17:00', 20 );
INSERT INTO "times" VALUES ( 20205, 12860, '21:15:00', '21:15:00', 20 );
INSERT INTO "times" VALUES ( 20205, 12870, '21:14:00', '21:14:00', 20 );
INSERT INTO "times" VALUES ( 20205, 12880, '21:12:00', '21:12:00', 20 );
INSERT INTO "times" VALUES ( 20205, 12890, '21:10:00', '21:10:00', 20 );
INSERT INTO "times" VALUES ( 20205, 12900, '21:05:00', '21:09:00', 20 );
INSERT INTO "times" VALUES ( 20205, 13510, '21:03:00', '21:03:00', 30 );
INSERT INTO "times" VALUES ( 20205, 13520, NULL, '21:01:00', 30 );

INSERT INTO "dias" VALUES ( 20206, 120, FALSE, TRUE, 'K2102Z', 12510, 13520 );
INSERT INTO "dias_line_groups" VALUES ( 20206, 10 );
INSERT INTO "times" VALUES ( 20206, 12510, NULL, '21:32:00', 20 );
INSERT INTO "times" VALUES ( 20206, 12520, '21:34:00', '21:34:00', 20 );
INSERT INTO "times" VALUES ( 20206, 12530, '21:36:00', '21:36:00', 20 );
INSERT INTO "times" VALUES ( 20206, 12540, '21:38:00', '21:39:00', 20 );
INSERT INTO "times" VALUES ( 20206, 12610, '21:44:00', '21:44:00', 20 );
INSERT INTO "times" VALUES ( 20206, 12660, '21:49:00', '21:49:00', 20 );
INSERT INTO "times" VALUES ( 20206, 12670, '21:51:00', '21:51:00', 20 );
INSERT INTO "times" VALUES ( 20206, 12680, '21:55:00', '21:55:00', 20 );
INSERT INTO "times" VALUES ( 20206, 12690, '21:56:00', '21:56:00', 20 );
INSERT INTO "times" VALUES ( 20206, 12700, '21:59:00', '21:59:00', 20 );
INSERT INTO "times" VALUES ( 20206, 12710, '22:01:00', '22:04:00', 20 );
INSERT INTO "times" VALUES ( 20206, 12720, '22:07:00', '22:07:00', 20 );
INSERT INTO "times" VALUES ( 20206, 12730, '22:09:00', '22:09:00', 20 );
INSERT INTO "times" VALUES ( 20206, 12740, '22:12:00', '22:12:00', 20 );
INSERT INTO "times" VALUES ( 20206, 12750, '22:15:00', '22:15:00', 20 );
INSERT INTO "times" VALUES ( 20206, 12760, '22:18:00', '22:18:00', 20 );
INSERT INTO "times" VALUES ( 20206, 12770, '22:22:00', '22:22:00', 20 );
INSERT INTO "times" VALUES ( 20206, 12780, '22:26:00', '22:26:00', 20 );
INSERT INTO "times" VALUES ( 20206, 12790, '22:27:00', '22:27:00', 20 );
INSERT INTO "times" VALUES ( 20206, 12800, '22:29:00', '22:33:00', 20 );
INSERT INTO "times" VALUES ( 20206, 12810, '22:35:00', '22:35:00', 20 );
INSERT INTO "times" VALUES ( 20206, 12820, '22:37:00', '22:37:00', 20 );
INSERT INTO "times" VALUES ( 20206, 12830, '22:39:00', '22:39:00', 20 );
INSERT INTO "times" VALUES ( 20206, 12840, '22:40:00', '22:40:00', 20 );
INSERT INTO "times" VALUES ( 20206, 12850, '22:41:00', '22:41:00', 20 );
INSERT INTO "times" VALUES ( 20206, 12860, '22:43:00', '22:43:00', 20 );
INSERT INTO "times" VALUES ( 20206, 12870, '22:45:00', '22:45:00', 20 );
INSERT INTO "times" VALUES ( 20206, 12880, '22:46:00', '22:46:00', 20 );
INSERT INTO "times" VALUES ( 20206, 12890, '22:48:00', '22:48:00', 20 );
INSERT INTO "times" VALUES ( 20206, 12900, '22:50:00', '22:53:00', 20 );
INSERT INTO "times" VALUES ( 20206, 13510, '22:55:00', '22:55:00', 30 );
INSERT INTO "times" VALUES ( 20206, 13520, '22:58:00', NULL, NULL );

INSERT INTO "dias" VALUES ( 20207, 120, FALSE, TRUE, 'K2103A', 13520, 12510 );
INSERT INTO "dias_line_groups" VALUES ( 20207, 10 );
INSERT INTO "times" VALUES ( 20207, 12510, '22:48:00', NULL, NULL );
INSERT INTO "times" VALUES ( 20207, 12520, '22:46:00', '22:46:00', 20 );
INSERT INTO "times" VALUES ( 20207, 12530, '22:44:00', '22:44:00', 20 );
INSERT INTO "times" VALUES ( 20207, 12540, '22:41:00', '22:41:00', 20 );
INSERT INTO "times" VALUES ( 20207, 12610, '22:36:00', '22:36:00', 20 );
INSERT INTO "times" VALUES ( 20207, 12660, '22:32:00', '22:32:00', 20 );
INSERT INTO "times" VALUES ( 20207, 12670, '22:28:00', '22:28:00', 20 );
INSERT INTO "times" VALUES ( 20207, 12680, '22:26:00', '22:26:00', 20 );
INSERT INTO "times" VALUES ( 20207, 12690, '22:23:00', '22:23:00', 20 );
INSERT INTO "times" VALUES ( 20207, 12700, '22:21:00', '22:21:00', 20 );
INSERT INTO "times" VALUES ( 20207, 12710, '22:15:00', '22:19:00', 20 );
INSERT INTO "times" VALUES ( 20207, 12720, '22:12:00', '22:12:00', 20 );
INSERT INTO "times" VALUES ( 20207, 12730, '22:10:00', '22:10:00', 20 );
INSERT INTO "times" VALUES ( 20207, 12740, '22:08:00', '22:08:00', 20 );
INSERT INTO "times" VALUES ( 20207, 12750, '22:04:00', '22:04:00', 20 );
INSERT INTO "times" VALUES ( 20207, 12760, '22:02:00', '22:02:00', 20 );
INSERT INTO "times" VALUES ( 20207, 12770, '21:58:00', '21:58:00', 20 );
INSERT INTO "times" VALUES ( 20207, 12780, '21:54:00', '21:54:00', 20 );
INSERT INTO "times" VALUES ( 20207, 12790, '21:51:00', '21:51:00', 20 );
INSERT INTO "times" VALUES ( 20207, 12800, '21:46:00', '21:49:00', 20 );
INSERT INTO "times" VALUES ( 20207, 12810, '21:44:00', '21:44:00', 20 );
INSERT INTO "times" VALUES ( 20207, 12820, '21:42:00', '21:42:00', 20 );
INSERT INTO "times" VALUES ( 20207, 12830, '21:41:00', '21:41:00', 20 );
INSERT INTO "times" VALUES ( 20207, 12840, '21:39:00', '21:39:00', 20 );
INSERT INTO "times" VALUES ( 20207, 12850, '21:37:00', '21:37:00', 20 );
INSERT INTO "times" VALUES ( 20207, 12860, '21:35:00', '21:35:00', 20 );
INSERT INTO "times" VALUES ( 20207, 12870, '21:34:00', '21:34:00', 20 );
INSERT INTO "times" VALUES ( 20207, 12880, '21:32:00', '21:32:00', 20 );
INSERT INTO "times" VALUES ( 20207, 12890, '21:30:00', '21:30:00', 20 );
INSERT INTO "times" VALUES ( 20207, 12900, '21:25:00', '21:29:00', 20 );
INSERT INTO "times" VALUES ( 20207, 13510, '21:23:00', '21:23:00', 30 );
INSERT INTO "times" VALUES ( 20207, 13520, NULL, '21:21:00', 30 );

INSERT INTO "dias" VALUES ( 20208, 120, FALSE, TRUE, 'K2104Z', 12510, 13520 );
INSERT INTO "dias_line_groups" VALUES ( 20208, 10 );
INSERT INTO "times" VALUES ( 20208, 12510, NULL, '21:52:00', 20 );
INSERT INTO "times" VALUES ( 20208, 12520, '21:54:00', '21:54:00', 20 );
INSERT INTO "times" VALUES ( 20208, 12530, '21:56:00', '21:56:00', 20 );
INSERT INTO "times" VALUES ( 20208, 12540, '21:58:00', '21:59:00', 20 );
INSERT INTO "times" VALUES ( 20208, 12610, '22:04:00', '22:04:00', 20 );
INSERT INTO "times" VALUES ( 20208, 12660, '22:09:00', '22:09:00', 20 );
INSERT INTO "times" VALUES ( 20208, 12670, '22:11:00', '22:11:00', 20 );
INSERT INTO "times" VALUES ( 20208, 12680, '22:15:00', '22:15:00', 20 );
INSERT INTO "times" VALUES ( 20208, 12690, '22:16:00', '22:16:00', 20 );
INSERT INTO "times" VALUES ( 20208, 12700, '22:19:00', '22:19:00', 20 );
INSERT INTO "times" VALUES ( 20208, 12710, '22:21:00', '22:25:00', 20 );
INSERT INTO "times" VALUES ( 20208, 12720, '22:27:00', '22:27:00', 20 );
INSERT INTO "times" VALUES ( 20208, 12730, '22:29:00', '22:29:00', 20 );
INSERT INTO "times" VALUES ( 20208, 12740, '22:32:00', '22:35:00', 20 );
INSERT INTO "times" VALUES ( 20208, 12750, '22:38:00', '22:38:00', 20 );
INSERT INTO "times" VALUES ( 20208, 12760, '22:41:00', '22:41:00', 20 );
INSERT INTO "times" VALUES ( 20208, 12770, '22:45:00', '22:45:00', 20 );
INSERT INTO "times" VALUES ( 20208, 12780, '22:49:00', '22:50:00', 20 );
INSERT INTO "times" VALUES ( 20208, 12790, '22:51:00', '22:51:00', 20 );
INSERT INTO "times" VALUES ( 20208, 12800, '22:53:00', '22:53:00', 20 );
INSERT INTO "times" VALUES ( 20208, 12810, '22:55:00', '22:55:00', 20 );
INSERT INTO "times" VALUES ( 20208, 12820, '22:57:00', '22:57:00', 20 );
INSERT INTO "times" VALUES ( 20208, 12830, '22:59:00', '22:59:00', 20 );
INSERT INTO "times" VALUES ( 20208, 12840, '23:00:00', '23:00:00', 20 );
INSERT INTO "times" VALUES ( 20208, 12850, '23:01:00', '23:01:00', 20 );
INSERT INTO "times" VALUES ( 20208, 12860, '23:03:00', '23:03:00', 20 );
INSERT INTO "times" VALUES ( 20208, 12870, '23:05:00', '23:05:00', 20 );
INSERT INTO "times" VALUES ( 20208, 12880, '23:06:00', '23:06:00', 20 );
INSERT INTO "times" VALUES ( 20208, 12890, '23:08:00', '23:08:00', 20 );
INSERT INTO "times" VALUES ( 20208, 12900, '23:10:00', '23:13:00', 20 );
INSERT INTO "times" VALUES ( 20208, 13510, '23:15:00', '23:15:00', 30 );
INSERT INTO "times" VALUES ( 20208, 13520, '23:18:00', NULL, NULL );

INSERT INTO "dias" VALUES ( 20209, 120, FALSE, TRUE, 'K2105A', 13520, 12510 );
INSERT INTO "dias_line_groups" VALUES ( 20209, 10 );
INSERT INTO "times" VALUES ( 20209, 12510, '23:08:00', NULL, NULL );
INSERT INTO "times" VALUES ( 20209, 12520, '23:06:00', '23:06:00', 20 );
INSERT INTO "times" VALUES ( 20209, 12530, '23:04:00', '23:04:00', 20 );
INSERT INTO "times" VALUES ( 20209, 12540, '23:01:00', '23:01:00', 20 );
INSERT INTO "times" VALUES ( 20209, 12610, '22:56:00', '22:56:00', 20 );
INSERT INTO "times" VALUES ( 20209, 12660, '22:52:00', '22:52:00', 20 );
INSERT INTO "times" VALUES ( 20209, 12670, '22:48:00', '22:48:00', 20 );
INSERT INTO "times" VALUES ( 20209, 12680, '22:46:00', '22:46:00', 20 );
INSERT INTO "times" VALUES ( 20209, 12690, '22:43:00', '22:43:00', 20 );
INSERT INTO "times" VALUES ( 20209, 12700, '22:41:00', '22:41:00', 20 );
INSERT INTO "times" VALUES ( 20209, 12710, '22:35:00', '22:39:00', 20 );
INSERT INTO "times" VALUES ( 20209, 12720, '22:32:00', '22:32:00', 20 );
INSERT INTO "times" VALUES ( 20209, 12730, '22:30:00', '22:30:00', 20 );
INSERT INTO "times" VALUES ( 20209, 12740, '22:28:00', '22:28:00', 20 );
INSERT INTO "times" VALUES ( 20209, 12750, '22:24:00', '22:24:00', 20 );
INSERT INTO "times" VALUES ( 20209, 12760, '22:22:00', '22:22:00', 20 );
INSERT INTO "times" VALUES ( 20209, 12770, '22:18:00', '22:18:00', 20 );
INSERT INTO "times" VALUES ( 20209, 12780, '22:14:00', '22:14:00', 20 );
INSERT INTO "times" VALUES ( 20209, 12790, '22:11:00', '22:11:00', 20 );
INSERT INTO "times" VALUES ( 20209, 12800, '22:06:00', '22:09:00', 20 );
INSERT INTO "times" VALUES ( 20209, 12810, '22:04:00', '22:04:00', 20 );
INSERT INTO "times" VALUES ( 20209, 12820, '22:02:00', '22:02:00', 20 );
INSERT INTO "times" VALUES ( 20209, 12830, '22:01:00', '22:01:00', 20 );
INSERT INTO "times" VALUES ( 20209, 12840, '21:59:00', '21:59:00', 20 );
INSERT INTO "times" VALUES ( 20209, 12850, '21:57:00', '21:57:00', 20 );
INSERT INTO "times" VALUES ( 20209, 12860, '21:55:00', '21:55:00', 20 );
INSERT INTO "times" VALUES ( 20209, 12870, '21:54:00', '21:54:00', 20 );
INSERT INTO "times" VALUES ( 20209, 12880, '21:52:00', '21:52:00', 20 );
INSERT INTO "times" VALUES ( 20209, 12890, '21:50:00', '21:50:00', 20 );
INSERT INTO "times" VALUES ( 20209, 12900, '21:45:00', '21:49:00', 20 );
INSERT INTO "times" VALUES ( 20209, 13510, '21:43:00', '21:43:00', 30 );
INSERT INTO "times" VALUES ( 20209, 13520, NULL, '21:41:00', 30 );

INSERT INTO "dias" VALUES ( 20210, 120, FALSE, TRUE, 'K2200Z', 12510, 13520 );
INSERT INTO "dias_line_groups" VALUES ( 20210, 10 );
INSERT INTO "times" VALUES ( 20210, 12510, NULL, '22:43:00', 20 );
INSERT INTO "times" VALUES ( 20210, 12520, '22:44:00', '22:44:00', 20 );
INSERT INTO "times" VALUES ( 20210, 12530, '22:46:00', '22:46:00', 20 );
INSERT INTO "times" VALUES ( 20210, 12540, '22:49:00', '22:50:00', 20 );
INSERT INTO "times" VALUES ( 20210, 12610, '22:55:00', '22:55:00', 20 );
INSERT INTO "times" VALUES ( 20210, 12660, '22:59:00', '23:00:00', 20 );
INSERT INTO "times" VALUES ( 20210, 12670, '23:02:00', '23:02:00', 20 );
INSERT INTO "times" VALUES ( 20210, 12680, '23:05:00', '23:06:00', 20 );
INSERT INTO "times" VALUES ( 20210, 12690, '23:08:00', '23:08:00', 20 );
INSERT INTO "times" VALUES ( 20210, 12700, '23:10:00', '23:10:00', 20 );
INSERT INTO "times" VALUES ( 20210, 12710, '23:12:00', '23:13:00', 20 );
INSERT INTO "times" VALUES ( 20210, 12720, '23:15:00', '23:15:00', 20 );
INSERT INTO "times" VALUES ( 20210, 12730, '23:17:00', '23:17:00', 20 );
INSERT INTO "times" VALUES ( 20210, 12740, '23:20:00', '23:20:00', 20 );
INSERT INTO "times" VALUES ( 20210, 12750, '23:23:00', '23:23:00', 20 );
INSERT INTO "times" VALUES ( 20210, 12760, '23:26:00', '23:26:00', 20 );
INSERT INTO "times" VALUES ( 20210, 12770, '23:30:00', '23:30:00', 20 );
INSERT INTO "times" VALUES ( 20210, 12780, '23:35:00', '23:35:00', 20 );
INSERT INTO "times" VALUES ( 20210, 12790, '23:36:00', '23:36:00', 20 );
INSERT INTO "times" VALUES ( 20210, 12800, '23:38:00', '23:42:00', 20 );
INSERT INTO "times" VALUES ( 20210, 12810, '23:44:00', '23:44:00', 20 );
INSERT INTO "times" VALUES ( 20210, 12820, '23:46:00', '23:46:00', 20 );
INSERT INTO "times" VALUES ( 20210, 12830, '23:48:00', '23:48:00', 20 );
INSERT INTO "times" VALUES ( 20210, 12840, '23:49:00', '23:49:00', 20 );
INSERT INTO "times" VALUES ( 20210, 12850, '23:50:00', '23:50:00', 20 );
INSERT INTO "times" VALUES ( 20210, 12860, '23:52:00', '23:52:00', 20 );
INSERT INTO "times" VALUES ( 20210, 12870, '23:54:00', '23:54:00', 20 );
INSERT INTO "times" VALUES ( 20210, 12880, '23:55:00', '23:55:00', 20 );
INSERT INTO "times" VALUES ( 20210, 12890, '23:57:00', '23:57:00', 20 );
INSERT INTO "times" VALUES ( 20210, 12900, '23:59:00', '23:59:00', 20 );
INSERT INTO "times" VALUES ( 20210, 13510, '00:01:00', '00:01:00', 30 );
INSERT INTO "times" VALUES ( 20210, 13520, '00:03:00', NULL, NULL );

INSERT INTO "dias" VALUES ( 20211, 120, FALSE, TRUE, 'K2201A', 13520, 12510 );
INSERT INTO "dias_line_groups" VALUES ( 20211, 10 );
INSERT INTO "times" VALUES ( 20211, 12510, '23:57:00', NULL, NULL );
INSERT INTO "times" VALUES ( 20211, 12520, '23:55:00', '23:55:00', 20 );
INSERT INTO "times" VALUES ( 20211, 12530, '23:53:00', '23:53:00', 20 );
INSERT INTO "times" VALUES ( 20211, 12540, '23:50:00', '23:50:00', 20 );
INSERT INTO "times" VALUES ( 20211, 12610, '23:45:00', '23:45:00', 20 );
INSERT INTO "times" VALUES ( 20211, 12660, '23:40:00', '23:41:00', 20 );
INSERT INTO "times" VALUES ( 20211, 12670, '23:37:00', '23:37:00', 20 );
INSERT INTO "times" VALUES ( 20211, 12680, '23:33:00', '23:34:00', 20 );
INSERT INTO "times" VALUES ( 20211, 12690, '23:31:00', '23:31:00', 20 );
INSERT INTO "times" VALUES ( 20211, 12700, '23:29:00', '23:29:00', 20 );
INSERT INTO "times" VALUES ( 20211, 12710, '23:22:00', '23:27:00', 20 );
INSERT INTO "times" VALUES ( 20211, 12720, '23:19:00', '23:19:00', 20 );
INSERT INTO "times" VALUES ( 20211, 12730, '23:16:00', '23:16:00', 20 );
INSERT INTO "times" VALUES ( 20211, 12740, '23:13:00', '23:14:00', 20 );
INSERT INTO "times" VALUES ( 20211, 12750, '23:10:00', '23:10:00', 20 );
INSERT INTO "times" VALUES ( 20211, 12760, '23:08:00', '23:08:00', 20 );
INSERT INTO "times" VALUES ( 20211, 12770, '23:04:00', '23:04:00', 20 );
INSERT INTO "times" VALUES ( 20211, 12780, '22:58:00', '22:59:00', 20 );
INSERT INTO "times" VALUES ( 20211, 12790, '22:56:00', '22:56:00', 20 );
INSERT INTO "times" VALUES ( 20211, 12800, '22:49:00', '22:54:00', 20 );
INSERT INTO "times" VALUES ( 20211, 12810, '22:47:00', '22:47:00', 20 );
INSERT INTO "times" VALUES ( 20211, 12820, '22:45:00', '22:45:00', 20 );
INSERT INTO "times" VALUES ( 20211, 12830, '22:43:00', '22:44:00', 20 );
INSERT INTO "times" VALUES ( 20211, 12840, '22:41:00', '22:41:00', 20 );
INSERT INTO "times" VALUES ( 20211, 12850, '22:40:00', '22:40:00', 20 );
INSERT INTO "times" VALUES ( 20211, 12860, '22:38:00', '22:38:00', 20 );
INSERT INTO "times" VALUES ( 20211, 12870, '22:36:00', '22:36:00', 20 );
INSERT INTO "times" VALUES ( 20211, 12880, '22:34:00', '22:34:00', 20 );
INSERT INTO "times" VALUES ( 20211, 12890, '22:33:00', '22:33:00', 20 );
INSERT INTO "times" VALUES ( 20211, 12900, '22:26:00', '22:31:00', 20 );
INSERT INTO "times" VALUES ( 20211, 13510, '22:24:00', '22:24:00', 30 );
INSERT INTO "times" VALUES ( 20211, 13520, NULL, '22:22:00', 30 );

INSERT INTO "dias" VALUES ( 20212, 120, FALSE, TRUE, 'K2202Z', 12510, 13520 );
INSERT INTO "dias_line_groups" VALUES ( 20212, 10 );
INSERT INTO "times" VALUES ( 20212, 12510, NULL, '22:52:00', 20 );
INSERT INTO "times" VALUES ( 20212, 12520, '22:53:00', '22:53:00', 20 );
INSERT INTO "times" VALUES ( 20212, 12530, '22:55:00', '22:55:00', 20 );
INSERT INTO "times" VALUES ( 20212, 12540, '22:59:00', '22:59:00', 20 );
INSERT INTO "times" VALUES ( 20212, 12610, '23:04:00', '23:04:00', 20 );
INSERT INTO "times" VALUES ( 20212, 12660, '23:08:00', '23:08:00', 20 );
INSERT INTO "times" VALUES ( 20212, 12670, '23:11:00', '23:11:00', 20 );
INSERT INTO "times" VALUES ( 20212, 12680, '23:14:00', '23:14:00', 20 );
INSERT INTO "times" VALUES ( 20212, 12690, '23:16:00', '23:16:00', 20 );
INSERT INTO "times" VALUES ( 20212, 12700, '23:18:00', '23:18:00', 20 );
INSERT INTO "times" VALUES ( 20212, 12710, '23:20:00', '23:24:00', 20 );
INSERT INTO "times" VALUES ( 20212, 12720, '23:26:00', '23:26:00', 20 );
INSERT INTO "times" VALUES ( 20212, 12730, '23:29:00', '23:29:00', 20 );
INSERT INTO "times" VALUES ( 20212, 12740, '23:31:00', '23:32:00', 20 );
INSERT INTO "times" VALUES ( 20212, 12750, '23:35:00', '23:35:00', 20 );
INSERT INTO "times" VALUES ( 20212, 12760, '23:38:00', '23:38:00', 20 );
INSERT INTO "times" VALUES ( 20212, 12770, '23:42:00', '23:42:00', 20 );
INSERT INTO "times" VALUES ( 20212, 12780, '23:46:00', '23:47:00', 20 );
INSERT INTO "times" VALUES ( 20212, 12790, '23:48:00', '23:48:00', 20 );
INSERT INTO "times" VALUES ( 20212, 12800, '23:50:00', '23:50:00', 20 );
INSERT INTO "times" VALUES ( 20212, 12810, '23:52:00', '23:52:00', 20 );
INSERT INTO "times" VALUES ( 20212, 12820, '23:53:00', '23:53:00', 20 );
INSERT INTO "times" VALUES ( 20212, 12830, '23:55:00', '23:55:00', 20 );
INSERT INTO "times" VALUES ( 20212, 12840, '23:57:00', '23:57:00', 20 );
INSERT INTO "times" VALUES ( 20212, 12850, '23:58:00', '23:58:00', 20 );
INSERT INTO "times" VALUES ( 20212, 12860, '00:00:00', '00:00:00', 20 );
INSERT INTO "times" VALUES ( 20212, 12870, '00:01:00', '00:01:00', 20 );
INSERT INTO "times" VALUES ( 20212, 12880, '00:03:00', '00:03:00', 20 );
INSERT INTO "times" VALUES ( 20212, 12890, '00:05:00', '00:05:00', 20 );
INSERT INTO "times" VALUES ( 20212, 12900, '00:07:00', '00:11:00', 20 );
INSERT INTO "times" VALUES ( 20212, 13510, '00:13:00', '00:13:00', 30 );
INSERT INTO "times" VALUES ( 20212, 13520, '00:15:00', NULL, NULL );

INSERT INTO "dias" VALUES ( 20213, 120, FALSE, TRUE, 'K2300S', 12510, 12900 );
INSERT INTO "dias_line_groups" VALUES ( 20213, 10 );
INSERT INTO "times" VALUES ( 20213, 12510, NULL, '23:13:00', 20 );
INSERT INTO "times" VALUES ( 20213, 12520, '23:14:00', '23:14:00', 20 );
INSERT INTO "times" VALUES ( 20213, 12530, '23:16:00', '23:16:00', 20 );
INSERT INTO "times" VALUES ( 20213, 12540, '23:20:00', '23:20:00', 20 );
INSERT INTO "times" VALUES ( 20213, 12610, '23:25:00', '23:25:00', 20 );
INSERT INTO "times" VALUES ( 20213, 12660, '23:29:00', '23:29:00', 20 );
INSERT INTO "times" VALUES ( 20213, 12670, '23:32:00', '23:32:00', 20 );
INSERT INTO "times" VALUES ( 20213, 12680, '23:35:00', '23:39:00', 20 );
INSERT INTO "times" VALUES ( 20213, 12690, '23:41:00', '23:41:00', 20 );
INSERT INTO "times" VALUES ( 20213, 12700, '23:43:00', '23:43:00', 20 );
INSERT INTO "times" VALUES ( 20213, 12710, '23:46:00', '23:46:00', 20 );
INSERT INTO "times" VALUES ( 20213, 12720, '23:48:00', '23:48:00', 20 );
INSERT INTO "times" VALUES ( 20213, 12730, '23:50:00', '23:50:00', 20 );
INSERT INTO "times" VALUES ( 20213, 12740, '23:53:00', '23:53:00', 20 );
INSERT INTO "times" VALUES ( 20213, 12750, '23:56:00', '23:56:00', 20 );
INSERT INTO "times" VALUES ( 20213, 12760, '23:59:00', '23:59:00', 20 );
INSERT INTO "times" VALUES ( 20213, 12770, '00:03:00', '00:03:00', 20 );
INSERT INTO "times" VALUES ( 20213, 12780, '00:07:00', '00:07:00', 20 );
INSERT INTO "times" VALUES ( 20213, 12790, '00:08:00', '00:08:00', 20 );
INSERT INTO "times" VALUES ( 20213, 12800, '00:10:00', '00:10:00', 20 );
INSERT INTO "times" VALUES ( 20213, 12810, '00:12:00', '00:12:00', 20 );
INSERT INTO "times" VALUES ( 20213, 12820, '00:14:00', '00:14:00', 20 );
INSERT INTO "times" VALUES ( 20213, 12830, '00:16:00', '00:16:00', 20 );
INSERT INTO "times" VALUES ( 20213, 12840, '00:17:00', '00:17:00', 20 );
INSERT INTO "times" VALUES ( 20213, 12850, '00:18:00', '00:18:00', 20 );
INSERT INTO "times" VALUES ( 20213, 12860, '00:20:00', '00:20:00', 20 );
INSERT INTO "times" VALUES ( 20213, 12870, '00:22:00', '00:22:00', 20 );
INSERT INTO "times" VALUES ( 20213, 12880, '00:23:00', '00:23:00', 20 );
INSERT INTO "times" VALUES ( 20213, 12890, '00:25:00', '00:25:00', 20 );
INSERT INTO "times" VALUES ( 20213, 12900, '00:27:00', NULL, NULL );

INSERT INTO "dias" VALUES ( 20214, 120, FALSE, TRUE, 'K2302Z', 12510, 13520 );
INSERT INTO "dias_line_groups" VALUES ( 20214, 10 );
INSERT INTO "times" VALUES ( 20214, 12510, NULL, '23:30:00', 20 );
INSERT INTO "times" VALUES ( 20214, 12520, '23:32:00', '23:32:00', 20 );
INSERT INTO "times" VALUES ( 20214, 12530, '23:34:00', '23:34:00', 20 );
INSERT INTO "times" VALUES ( 20214, 12540, '23:37:00', '23:37:00', 20 );
INSERT INTO "times" VALUES ( 20214, 12610, '23:42:00', '23:42:00', 20 );
INSERT INTO "times" VALUES ( 20214, 12660, '23:47:00', '23:47:00', 20 );
INSERT INTO "times" VALUES ( 20214, 12670, '23:49:00', '23:49:00', 20 );
INSERT INTO "times" VALUES ( 20214, 12680, '23:53:00', '23:53:00', 20 );
INSERT INTO "times" VALUES ( 20214, 12690, '23:54:00', '23:54:00', 20 );
INSERT INTO "times" VALUES ( 20214, 12700, '23:57:00', '23:57:00', 20 );
INSERT INTO "times" VALUES ( 20214, 12710, '23:59:00', '00:03:00', 20 );
INSERT INTO "times" VALUES ( 20214, 12720, '00:05:00', '00:05:00', 20 );
INSERT INTO "times" VALUES ( 20214, 12730, '00:07:00', '00:07:00', 20 );
INSERT INTO "times" VALUES ( 20214, 12740, '00:10:00', '00:10:00', 20 );
INSERT INTO "times" VALUES ( 20214, 12750, '00:13:00', '00:13:00', 20 );
INSERT INTO "times" VALUES ( 20214, 12760, '00:16:00', '00:16:00', 20 );
INSERT INTO "times" VALUES ( 20214, 12770, '00:20:00', '00:20:00', 20 );
INSERT INTO "times" VALUES ( 20214, 12780, '00:25:00', '00:25:00', 20 );
INSERT INTO "times" VALUES ( 20214, 12790, '00:26:00', '00:26:00', 20 );
INSERT INTO "times" VALUES ( 20214, 12800, '00:28:00', '00:28:00', 20 );
INSERT INTO "times" VALUES ( 20214, 12810, '00:30:00', '00:30:00', 20 );
INSERT INTO "times" VALUES ( 20214, 12820, '00:31:00', '00:31:00', 20 );
INSERT INTO "times" VALUES ( 20214, 12830, '00:33:00', '00:33:00', 20 );
INSERT INTO "times" VALUES ( 20214, 12840, '00:35:00', '00:35:00', 20 );
INSERT INTO "times" VALUES ( 20214, 12850, '00:36:00', '00:36:00', 20 );
INSERT INTO "times" VALUES ( 20214, 12860, '00:38:00', '00:38:00', 20 );
INSERT INTO "times" VALUES ( 20214, 12870, '00:40:00', '00:40:00', 20 );
INSERT INTO "times" VALUES ( 20214, 12880, '00:41:00', '00:41:00', 20 );
INSERT INTO "times" VALUES ( 20214, 12890, '00:43:00', '00:43:00', 20 );
INSERT INTO "times" VALUES ( 20214, 12900, '00:45:00', '00:45:00', 20 );
INSERT INTO "times" VALUES ( 20214, 13510, '00:47:00', '00:47:00', 30 );
INSERT INTO "times" VALUES ( 20214, 13520, '00:49:00', NULL, NULL );

INSERT INTO "dias" VALUES ( 20215, 120, FALSE, TRUE, 'M0501A', 12770, 12510 );
INSERT INTO "dias_line_groups" VALUES ( 20215, 10 );
INSERT INTO "times" VALUES ( 20215, 12510, '05:45:00', NULL, NULL );
INSERT INTO "times" VALUES ( 20215, 12520, '05:43:00', '05:43:00', 20 );
INSERT INTO "times" VALUES ( 20215, 12530, '05:42:00', '05:42:00', 20 );
INSERT INTO "times" VALUES ( 20215, 12540, '05:39:00', '05:39:00', 20 );
INSERT INTO "times" VALUES ( 20215, 12610, '05:34:00', '05:34:00', 20 );
INSERT INTO "times" VALUES ( 20215, 12660, '05:30:00', '05:30:00', 20 );
INSERT INTO "times" VALUES ( 20215, 12670, '05:27:00', '05:27:00', 20 );
INSERT INTO "times" VALUES ( 20215, 12680, '05:24:00', '05:24:00', 20 );
INSERT INTO "times" VALUES ( 20215, 12690, '05:21:00', '05:21:00', 20 );
INSERT INTO "times" VALUES ( 20215, 12700, '05:19:00', '05:19:00', 20 );
INSERT INTO "times" VALUES ( 20215, 12710, '05:17:00', '05:17:00', 20 );
INSERT INTO "times" VALUES ( 20215, 12720, '05:14:00', '05:14:00', 20 );
INSERT INTO "times" VALUES ( 20215, 12730, '05:12:00', '05:12:00', 20 );
INSERT INTO "times" VALUES ( 20215, 12740, '05:10:00', '05:10:00', 20 );
INSERT INTO "times" VALUES ( 20215, 12750, '05:06:00', '05:06:00', 20 );
INSERT INTO "times" VALUES ( 20215, 12760, '05:04:00', '05:04:00', 20 );
INSERT INTO "times" VALUES ( 20215, 12770, NULL, '05:00:00', 20 );

INSERT INTO "dias" VALUES ( 20216, 120, FALSE, TRUE, 'M0503A', 12740, 12510 );
INSERT INTO "dias_line_groups" VALUES ( 20216, 10 );
INSERT INTO "times" VALUES ( 20216, 12510, '06:01:00', NULL, NULL );
INSERT INTO "times" VALUES ( 20216, 12520, '05:59:00', '05:59:00', 20 );
INSERT INTO "times" VALUES ( 20216, 12530, '05:57:00', '05:57:00', 20 );
INSERT INTO "times" VALUES ( 20216, 12540, '05:54:00', '05:54:00', 20 );
INSERT INTO "times" VALUES ( 20216, 12610, '05:49:00', '05:49:00', 20 );
INSERT INTO "times" VALUES ( 20216, 12660, '05:45:00', '05:45:00', 20 );
INSERT INTO "times" VALUES ( 20216, 12670, '05:42:00', '05:42:00', 20 );
INSERT INTO "times" VALUES ( 20216, 12680, '05:39:00', '05:39:00', 20 );
INSERT INTO "times" VALUES ( 20216, 12690, '05:37:00', '05:37:00', 20 );
INSERT INTO "times" VALUES ( 20216, 12700, '05:34:00', '05:34:00', 20 );
INSERT INTO "times" VALUES ( 20216, 12710, '05:33:00', '05:33:00', 20 );
INSERT INTO "times" VALUES ( 20216, 12720, '05:30:00', '05:30:00', 20 );
INSERT INTO "times" VALUES ( 20216, 12730, '05:28:00', '05:28:00', 20 );
INSERT INTO "times" VALUES ( 20216, 12740, NULL, '05:25:00', 20 );

INSERT INTO "dias" VALUES ( 20217, 120, FALSE, TRUE, 'M0505A', 12740, 12510 );
INSERT INTO "dias_line_groups" VALUES ( 20217, 10 );
INSERT INTO "times" VALUES ( 20217, 12510, '06:24:00', NULL, NULL );
INSERT INTO "times" VALUES ( 20217, 12520, '06:22:00', '06:22:00', 20 );
INSERT INTO "times" VALUES ( 20217, 12530, '06:20:00', '06:20:00', 20 );
INSERT INTO "times" VALUES ( 20217, 12540, '06:16:00', '06:17:00', 20 );
INSERT INTO "times" VALUES ( 20217, 12610, '06:11:00', '06:11:00', 20 );
INSERT INTO "times" VALUES ( 20217, 12660, '06:07:00', '06:07:00', 20 );
INSERT INTO "times" VALUES ( 20217, 12670, '06:03:00', '06:03:00', 20 );
INSERT INTO "times" VALUES ( 20217, 12680, '06:01:00', '06:01:00', 20 );
INSERT INTO "times" VALUES ( 20217, 12690, '05:58:00', '05:58:00', 20 );
INSERT INTO "times" VALUES ( 20217, 12700, '05:56:00', '05:56:00', 20 );
INSERT INTO "times" VALUES ( 20217, 12710, '05:54:00', '05:54:00', 20 );
INSERT INTO "times" VALUES ( 20217, 12720, '05:51:00', '05:51:00', 20 );
INSERT INTO "times" VALUES ( 20217, 12730, '05:49:00', '05:49:00', 20 );
INSERT INTO "times" VALUES ( 20217, 12740, NULL, '05:46:00', 20 );

INSERT INTO "dias" VALUES ( 20218, 120, FALSE, TRUE, 'M0507A', 12740, 12510 );
INSERT INTO "dias_line_groups" VALUES ( 20218, 10 );
INSERT INTO "times" VALUES ( 20218, 12510, '06:32:00', NULL, NULL );
INSERT INTO "times" VALUES ( 20218, 12520, '06:30:00', '06:30:00', 20 );
INSERT INTO "times" VALUES ( 20218, 12530, '06:28:00', '06:28:00', 20 );
INSERT INTO "times" VALUES ( 20218, 12540, '06:25:00', '06:25:00', 20 );
INSERT INTO "times" VALUES ( 20218, 12610, '06:20:00', '06:20:00', 20 );
INSERT INTO "times" VALUES ( 20218, 12660, '06:15:00', '06:15:00', 20 );
INSERT INTO "times" VALUES ( 20218, 12670, '06:12:00', '06:12:00', 20 );
INSERT INTO "times" VALUES ( 20218, 12680, '06:09:00', '06:09:00', 20 );
INSERT INTO "times" VALUES ( 20218, 12690, '06:06:00', '06:06:00', 20 );
INSERT INTO "times" VALUES ( 20218, 12700, '06:04:00', '06:04:00', 20 );
INSERT INTO "times" VALUES ( 20218, 12710, '06:02:00', '06:02:00', 20 );
INSERT INTO "times" VALUES ( 20218, 12720, '05:59:00', '05:59:00', 20 );
INSERT INTO "times" VALUES ( 20218, 12730, '05:57:00', '05:57:00', 20 );
INSERT INTO "times" VALUES ( 20218, 12740, NULL, '05:54:00', 20 );

INSERT INTO "dias" VALUES ( 20219, 120, FALSE, TRUE, 'M0601A', 12770, 12510 );
INSERT INTO "dias_line_groups" VALUES ( 20219, 10 );
INSERT INTO "times" VALUES ( 20219, 12510, '06:47:00', NULL, NULL );
INSERT INTO "times" VALUES ( 20219, 12520, '06:45:00', '06:45:00', 20 );
INSERT INTO "times" VALUES ( 20219, 12530, '06:43:00', '06:43:00', 20 );
INSERT INTO "times" VALUES ( 20219, 12540, '06:40:00', '06:40:00', 20 );
INSERT INTO "times" VALUES ( 20219, 12610, '06:35:00', '06:35:00', 20 );
INSERT INTO "times" VALUES ( 20219, 12660, '06:31:00', '06:31:00', 20 );
INSERT INTO "times" VALUES ( 20219, 12670, '06:28:00', '06:28:00', 20 );
INSERT INTO "times" VALUES ( 20219, 12680, '06:25:00', '06:25:00', 20 );
INSERT INTO "times" VALUES ( 20219, 12690, '06:22:00', '06:22:00', 20 );
INSERT INTO "times" VALUES ( 20219, 12700, '06:20:00', '06:20:00', 20 );
INSERT INTO "times" VALUES ( 20219, 12710, '06:18:00', '06:18:00', 20 );
INSERT INTO "times" VALUES ( 20219, 12720, '06:15:00', '06:15:00', 20 );
INSERT INTO "times" VALUES ( 20219, 12730, '06:13:00', '06:13:00', 20 );
INSERT INTO "times" VALUES ( 20219, 12740, '06:11:00', '06:11:00', 20 );
INSERT INTO "times" VALUES ( 20219, 12750, '06:07:00', '06:07:00', 20 );
INSERT INTO "times" VALUES ( 20219, 12760, '06:05:00', '06:05:00', 20 );
INSERT INTO "times" VALUES ( 20219, 12770, NULL, '06:01:00', 20 );

INSERT INTO "dias" VALUES ( 20220, 120, FALSE, TRUE, 'M0603A', 12740, 12510 );
INSERT INTO "dias_line_groups" VALUES ( 20220, 10 );
INSERT INTO "times" VALUES ( 20220, 12510, '07:32:00', NULL, NULL );
INSERT INTO "times" VALUES ( 20220, 12520, '07:29:00', '07:29:00', 20 );
INSERT INTO "times" VALUES ( 20220, 12530, '07:28:00', '07:28:00', 20 );
INSERT INTO "times" VALUES ( 20220, 12540, '07:24:00', '07:25:00', 20 );
INSERT INTO "times" VALUES ( 20220, 12610, '07:18:00', '07:19:00', 20 );
INSERT INTO "times" VALUES ( 20220, 12660, '07:14:00', '07:14:00', 20 );
INSERT INTO "times" VALUES ( 20220, 12670, '07:11:00', '07:11:00', 20 );
INSERT INTO "times" VALUES ( 20220, 12680, '07:05:00', '07:08:00', 20 );
INSERT INTO "times" VALUES ( 20220, 12690, '07:02:00', '07:02:00', 20 );
INSERT INTO "times" VALUES ( 20220, 12700, '07:00:00', '07:00:00', 20 );
INSERT INTO "times" VALUES ( 20220, 12710, '06:58:00', '06:58:00', 20 );
INSERT INTO "times" VALUES ( 20220, 12720, '06:55:00', '06:55:00', 20 );
INSERT INTO "times" VALUES ( 20220, 12730, '06:53:00', '06:53:00', 20 );
INSERT INTO "times" VALUES ( 20220, 12740, NULL, '06:50:00', 20 );

INSERT INTO "dias" VALUES ( 20221, 120, FALSE, TRUE, 'M0701A', 12740, 12510 );
INSERT INTO "dias_line_groups" VALUES ( 20221, 10 );
INSERT INTO "times" VALUES ( 20221, 12510, '07:52:00', NULL, NULL );
INSERT INTO "times" VALUES ( 20221, 12520, '07:49:00', '07:49:00', 20 );
INSERT INTO "times" VALUES ( 20221, 12530, '07:48:00', '07:48:00', 20 );
INSERT INTO "times" VALUES ( 20221, 12540, '07:44:00', '07:45:00', 20 );
INSERT INTO "times" VALUES ( 20221, 12610, '07:38:00', '07:39:00', 20 );
INSERT INTO "times" VALUES ( 20221, 12660, '07:34:00', '07:34:00', 20 );
INSERT INTO "times" VALUES ( 20221, 12670, '07:31:00', '07:31:00', 20 );
INSERT INTO "times" VALUES ( 20221, 12680, '07:25:00', '07:28:00', 20 );
INSERT INTO "times" VALUES ( 20221, 12690, '07:22:00', '07:22:00', 20 );
INSERT INTO "times" VALUES ( 20221, 12700, '07:20:00', '07:20:00', 20 );
INSERT INTO "times" VALUES ( 20221, 12710, '07:18:00', '07:18:00', 20 );
INSERT INTO "times" VALUES ( 20221, 12720, '07:15:00', '07:15:00', 20 );
INSERT INTO "times" VALUES ( 20221, 12730, '07:13:00', '07:13:00', 20 );
INSERT INTO "times" VALUES ( 20221, 12740, NULL, '07:10:00', 20 );

INSERT INTO "dias" VALUES ( 20222, 120, FALSE, TRUE, 'M0703A', 12740, 12510 );
INSERT INTO "dias_line_groups" VALUES ( 20222, 10 );
INSERT INTO "times" VALUES ( 20222, 12510, '08:15:00', NULL, NULL );
INSERT INTO "times" VALUES ( 20222, 12520, '08:13:00', '08:13:00', 20 );
INSERT INTO "times" VALUES ( 20222, 12530, '08:11:00', '08:11:00', 20 );
INSERT INTO "times" VALUES ( 20222, 12540, '08:07:00', '08:08:00', 20 );
INSERT INTO "times" VALUES ( 20222, 12610, '08:02:00', '08:02:00', 20 );
INSERT INTO "times" VALUES ( 20222, 12660, '07:57:00', '07:57:00', 20 );
INSERT INTO "times" VALUES ( 20222, 12670, '07:54:00', '07:54:00', 20 );
INSERT INTO "times" VALUES ( 20222, 12680, '07:51:00', '07:51:00', 20 );
INSERT INTO "times" VALUES ( 20222, 12690, '07:48:00', '07:48:00', 20 );
INSERT INTO "times" VALUES ( 20222, 12700, '07:46:00', '07:46:00', 20 );
INSERT INTO "times" VALUES ( 20222, 12710, '07:39:00', '07:44:00', 20 );
INSERT INTO "times" VALUES ( 20222, 12720, '07:36:00', '07:36:00', 20 );
INSERT INTO "times" VALUES ( 20222, 12730, '07:34:00', '07:34:00', 20 );
INSERT INTO "times" VALUES ( 20222, 12740, NULL, '07:31:00', 20 );

INSERT INTO "dias" VALUES ( 20223, 120, FALSE, TRUE, 'M0705A', 12710, 12510 );
INSERT INTO "dias_line_groups" VALUES ( 20223, 10 );
INSERT INTO "times" VALUES ( 20223, 12510, '08:12:00', NULL, NULL );
INSERT INTO "times" VALUES ( 20223, 12520, '08:09:00', '08:09:00', 20 );
INSERT INTO "times" VALUES ( 20223, 12530, '08:08:00', '08:08:00', 20 );
INSERT INTO "times" VALUES ( 20223, 12540, '08:03:00', '08:04:00', 20 );
INSERT INTO "times" VALUES ( 20223, 12610, '07:59:00', '07:59:00', 20 );
INSERT INTO "times" VALUES ( 20223, 12660, '07:54:00', '07:54:00', 20 );
INSERT INTO "times" VALUES ( 20223, 12670, '07:51:00', '07:51:00', 20 );
INSERT INTO "times" VALUES ( 20223, 12680, '07:44:00', '07:48:00', 20 );
INSERT INTO "times" VALUES ( 20223, 12690, '07:41:00', '07:41:00', 20 );
INSERT INTO "times" VALUES ( 20223, 12700, '07:39:00', '07:39:00', 20 );
INSERT INTO "times" VALUES ( 20223, 12710, NULL, '07:37:00', 20 );

INSERT INTO "dias" VALUES ( 20224, 120, FALSE, TRUE, 'M0707A', 12740, 12510 );
INSERT INTO "dias_line_groups" VALUES ( 20224, 10 );
INSERT INTO "times" VALUES ( 20224, 12510, '08:32:00', NULL, NULL );
INSERT INTO "times" VALUES ( 20224, 12520, '08:29:00', '08:29:00', 20 );
INSERT INTO "times" VALUES ( 20224, 12530, '08:28:00', '08:28:00', 20 );
INSERT INTO "times" VALUES ( 20224, 12540, '08:24:00', '08:25:00', 20 );
INSERT INTO "times" VALUES ( 20224, 12610, '08:18:00', '08:19:00', 20 );
INSERT INTO "times" VALUES ( 20224, 12660, '08:14:00', '08:14:00', 20 );
INSERT INTO "times" VALUES ( 20224, 12670, '08:11:00', '08:11:00', 20 );
INSERT INTO "times" VALUES ( 20224, 12680, '08:05:00', '08:08:00', 20 );
INSERT INTO "times" VALUES ( 20224, 12690, '08:02:00', '08:02:00', 20 );
INSERT INTO "times" VALUES ( 20224, 12700, '08:00:00', '08:00:00', 20 );
INSERT INTO "times" VALUES ( 20224, 12710, '07:58:00', '07:58:00', 20 );
INSERT INTO "times" VALUES ( 20224, 12720, '07:55:00', '07:55:00', 20 );
INSERT INTO "times" VALUES ( 20224, 12730, '07:53:00', '07:53:00', 20 );
INSERT INTO "times" VALUES ( 20224, 12740, NULL, '07:50:00', 20 );

INSERT INTO "dias" VALUES ( 20225, 120, FALSE, TRUE, 'M0800R', 12510, 12740 );
INSERT INTO "dias_line_groups" VALUES ( 20225, 10 );
INSERT INTO "times" VALUES ( 20225, 12510, NULL, '08:32:00', 20 );
INSERT INTO "times" VALUES ( 20225, 12520, '08:34:00', '08:34:00', 20 );
INSERT INTO "times" VALUES ( 20225, 12530, '08:36:00', '08:36:00', 20 );
INSERT INTO "times" VALUES ( 20225, 12540, '08:39:00', '08:39:00', 20 );
INSERT INTO "times" VALUES ( 20225, 12610, '08:44:00', '08:44:00', 20 );
INSERT INTO "times" VALUES ( 20225, 12660, '08:48:00', '08:48:00', 20 );
INSERT INTO "times" VALUES ( 20225, 12670, '08:51:00', '08:51:00', 20 );
INSERT INTO "times" VALUES ( 20225, 12680, '08:54:00', '08:54:00', 20 );
INSERT INTO "times" VALUES ( 20225, 12690, '08:56:00', '08:56:00', 20 );
INSERT INTO "times" VALUES ( 20225, 12700, '08:58:00', '08:58:00', 20 );
INSERT INTO "times" VALUES ( 20225, 12710, '09:00:00', '09:05:00', 20 );
INSERT INTO "times" VALUES ( 20225, 12720, '09:07:00', '09:07:00', 20 );
INSERT INTO "times" VALUES ( 20225, 12730, '09:09:00', '09:09:00', 20 );
INSERT INTO "times" VALUES ( 20225, 12740, '09:12:00', NULL, NULL );

INSERT INTO "dias" VALUES ( 20226, 120, FALSE, TRUE, 'M0801A', 12740, 12510 );
INSERT INTO "dias_line_groups" VALUES ( 20226, 10 );
INSERT INTO "times" VALUES ( 20226, 12510, '08:52:00', NULL, NULL );
INSERT INTO "times" VALUES ( 20226, 12520, '08:49:00', '08:49:00', 20 );
INSERT INTO "times" VALUES ( 20226, 12530, '08:47:00', '08:47:00', 20 );
INSERT INTO "times" VALUES ( 20226, 12540, '08:44:00', '08:44:00', 20 );
INSERT INTO "times" VALUES ( 20226, 12610, '08:39:00', '08:39:00', 20 );
INSERT INTO "times" VALUES ( 20226, 12660, '08:35:00', '08:35:00', 20 );
INSERT INTO "times" VALUES ( 20226, 12670, '08:31:00', '08:31:00', 20 );
INSERT INTO "times" VALUES ( 20226, 12680, '08:25:00', '08:28:00', 20 );
INSERT INTO "times" VALUES ( 20226, 12690, '08:23:00', '08:23:00', 20 );
INSERT INTO "times" VALUES ( 20226, 12700, '08:20:00', '08:20:00', 20 );
INSERT INTO "times" VALUES ( 20226, 12710, '08:18:00', '08:19:00', 20 );
INSERT INTO "times" VALUES ( 20226, 12720, '08:15:00', '08:15:00', 20 );
INSERT INTO "times" VALUES ( 20226, 12730, '08:13:00', '08:13:00', 20 );
INSERT INTO "times" VALUES ( 20226, 12740, NULL, '08:10:00', 20 );

INSERT INTO "dias" VALUES ( 20227, 120, FALSE, TRUE, 'M0802R', 12510, 12740 );
INSERT INTO "dias_line_groups" VALUES ( 20227, 10 );
INSERT INTO "times" VALUES ( 20227, 12510, NULL, '08:43:00', 20 );
INSERT INTO "times" VALUES ( 20227, 12520, '08:44:00', '08:44:00', 20 );
INSERT INTO "times" VALUES ( 20227, 12530, '08:46:00', '08:46:00', 20 );
INSERT INTO "times" VALUES ( 20227, 12540, '08:50:00', '08:50:00', 20 );
INSERT INTO "times" VALUES ( 20227, 12610, '08:55:00', '08:55:00', 20 );
INSERT INTO "times" VALUES ( 20227, 12660, '08:59:00', '08:59:00', 20 );
INSERT INTO "times" VALUES ( 20227, 12670, '09:01:00', '09:01:00', 20 );
INSERT INTO "times" VALUES ( 20227, 12680, '09:05:00', '09:08:00', 20 );
INSERT INTO "times" VALUES ( 20227, 12690, '09:11:00', '09:11:00', 20 );
INSERT INTO "times" VALUES ( 20227, 12700, '09:13:00', '09:13:00', 20 );
INSERT INTO "times" VALUES ( 20227, 12710, '09:15:00', '09:16:00', 20 );
INSERT INTO "times" VALUES ( 20227, 12720, '09:18:00', '09:18:00', 20 );
INSERT INTO "times" VALUES ( 20227, 12730, '09:20:00', '09:20:00', 20 );
INSERT INTO "times" VALUES ( 20227, 12740, '09:23:00', NULL, NULL );

INSERT INTO "dias" VALUES ( 20228, 120, FALSE, TRUE, 'M0803A', 12740, 12510 );
INSERT INTO "dias_line_groups" VALUES ( 20228, 10 );
INSERT INTO "times" VALUES ( 20228, 12510, '09:02:00', NULL, NULL );
INSERT INTO "times" VALUES ( 20228, 12520, '09:00:00', '09:00:00', 20 );
INSERT INTO "times" VALUES ( 20228, 12530, '08:58:00', '08:58:00', 20 );
INSERT INTO "times" VALUES ( 20228, 12540, '08:54:00', '08:55:00', 20 );
INSERT INTO "times" VALUES ( 20228, 12610, '08:49:00', '08:49:00', 20 );
INSERT INTO "times" VALUES ( 20228, 12660, '08:45:00', '08:45:00', 20 );
INSERT INTO "times" VALUES ( 20228, 12670, '08:41:00', '08:41:00', 20 );
INSERT INTO "times" VALUES ( 20228, 12680, '08:35:00', '08:38:00', 20 );
INSERT INTO "times" VALUES ( 20228, 12690, '08:32:00', '08:32:00', 20 );
INSERT INTO "times" VALUES ( 20228, 12700, '08:30:00', '08:30:00', 20 );
INSERT INTO "times" VALUES ( 20228, 12710, '08:27:00', '08:28:00', 20 );
INSERT INTO "times" VALUES ( 20228, 12720, '08:25:00', '08:25:00', 20 );
INSERT INTO "times" VALUES ( 20228, 12730, '08:23:00', '08:23:00', 20 );
INSERT INTO "times" VALUES ( 20228, 12740, NULL, '08:20:00', 20 );

INSERT INTO "dias" VALUES ( 20229, 120, FALSE, TRUE, 'M0805A', 12740, 12510 );
INSERT INTO "dias_line_groups" VALUES ( 20229, 10 );
INSERT INTO "times" VALUES ( 20229, 12510, '09:19:00', NULL, NULL );
INSERT INTO "times" VALUES ( 20229, 12520, '09:17:00', '09:17:00', 20 );
INSERT INTO "times" VALUES ( 20229, 12530, '09:15:00', '09:15:00', 20 );
INSERT INTO "times" VALUES ( 20229, 12540, '09:12:00', '09:12:00', 20 );
INSERT INTO "times" VALUES ( 20229, 12610, '09:07:00', '09:07:00', 20 );
INSERT INTO "times" VALUES ( 20229, 12660, '09:02:00', '09:03:00', 20 );
INSERT INTO "times" VALUES ( 20229, 12670, '08:59:00', '08:59:00', 20 );
INSERT INTO "times" VALUES ( 20229, 12680, '08:55:00', '08:56:00', 20 );
INSERT INTO "times" VALUES ( 20229, 12690, '08:53:00', '08:53:00', 20 );
INSERT INTO "times" VALUES ( 20229, 12700, '08:51:00', '08:51:00', 20 );
INSERT INTO "times" VALUES ( 20229, 12710, '08:44:00', '08:49:00', 20 );
INSERT INTO "times" VALUES ( 20229, 12720, '08:41:00', '08:41:00', 20 );
INSERT INTO "times" VALUES ( 20229, 12730, '08:39:00', '08:39:00', 20 );
INSERT INTO "times" VALUES ( 20229, 12740, NULL, '08:36:00', 20 );

INSERT INTO "dias" VALUES ( 20230, 120, FALSE, TRUE, 'M0807A', 12710, 12510 );
INSERT INTO "dias_line_groups" VALUES ( 20230, 10 );
INSERT INTO "times" VALUES ( 20230, 12510, '09:15:00', NULL, NULL );
INSERT INTO "times" VALUES ( 20230, 12520, '09:13:00', '09:13:00', 20 );
INSERT INTO "times" VALUES ( 20230, 12530, '09:11:00', '09:11:00', 20 );
INSERT INTO "times" VALUES ( 20230, 12540, '09:07:00', '09:08:00', 20 );
INSERT INTO "times" VALUES ( 20230, 12610, '09:03:00', '09:03:00', 20 );
INSERT INTO "times" VALUES ( 20230, 12660, '08:58:00', '08:58:00', 20 );
INSERT INTO "times" VALUES ( 20230, 12670, '08:55:00', '08:55:00', 20 );
INSERT INTO "times" VALUES ( 20230, 12680, '08:48:00', '08:52:00', 20 );
INSERT INTO "times" VALUES ( 20230, 12690, '08:46:00', '08:46:00', 20 );
INSERT INTO "times" VALUES ( 20230, 12700, '08:43:00', '08:43:00', 20 );
INSERT INTO "times" VALUES ( 20230, 12710, NULL, '08:42:00', 20 );

INSERT INTO "dias" VALUES ( 20231, 120, FALSE, TRUE, 'M0900R', 12510, 12740 );
INSERT INTO "dias_line_groups" VALUES ( 20231, 10 );
INSERT INTO "times" VALUES ( 20231, 12510, NULL, '09:13:00', 20 );
INSERT INTO "times" VALUES ( 20231, 12520, '09:14:00', '09:14:00', 20 );
INSERT INTO "times" VALUES ( 20231, 12530, '09:16:00', '09:16:00', 20 );
INSERT INTO "times" VALUES ( 20231, 12540, '09:19:00', '09:20:00', 20 );
INSERT INTO "times" VALUES ( 20231, 12610, '09:25:00', '09:25:00', 20 );
INSERT INTO "times" VALUES ( 20231, 12660, '09:29:00', '09:29:00', 20 );
INSERT INTO "times" VALUES ( 20231, 12670, '09:32:00', '09:32:00', 20 );
INSERT INTO "times" VALUES ( 20231, 12680, '09:35:00', '09:38:00', 20 );
INSERT INTO "times" VALUES ( 20231, 12690, '09:41:00', '09:41:00', 20 );
INSERT INTO "times" VALUES ( 20231, 12700, '09:43:00', '09:43:00', 20 );
INSERT INTO "times" VALUES ( 20231, 12710, '09:45:00', '09:46:00', 20 );
INSERT INTO "times" VALUES ( 20231, 12720, '09:48:00', '09:48:00', 20 );
INSERT INTO "times" VALUES ( 20231, 12730, '09:50:00', '09:50:00', 20 );
INSERT INTO "times" VALUES ( 20231, 12740, '09:53:00', NULL, NULL );

INSERT INTO "dias" VALUES ( 20232, 120, FALSE, TRUE, 'M0902H', 12510, 12710 );
INSERT INTO "dias_line_groups" VALUES ( 20232, 10 );
INSERT INTO "times" VALUES ( 20232, 12510, NULL, '09:43:00', 20 );
INSERT INTO "times" VALUES ( 20232, 12520, '09:44:00', '09:44:00', 20 );
INSERT INTO "times" VALUES ( 20232, 12530, '09:46:00', '09:46:00', 20 );
INSERT INTO "times" VALUES ( 20232, 12540, '09:50:00', '09:50:00', 20 );
INSERT INTO "times" VALUES ( 20232, 12610, '09:55:00', '09:55:00', 20 );
INSERT INTO "times" VALUES ( 20232, 12660, '09:59:00', '09:59:00', 20 );
INSERT INTO "times" VALUES ( 20232, 12670, '10:01:00', '10:01:00', 20 );
INSERT INTO "times" VALUES ( 20232, 12680, '10:05:00', '10:08:00', 20 );
INSERT INTO "times" VALUES ( 20232, 12690, '10:11:00', '10:11:00', 20 );
INSERT INTO "times" VALUES ( 20232, 12700, '10:13:00', '10:13:00', 20 );
INSERT INTO "times" VALUES ( 20232, 12710, '10:15:00', NULL, NULL );

INSERT INTO "dias" VALUES ( 20233, 120, FALSE, TRUE, 'M1000H', 12510, 12710 );
INSERT INTO "dias_line_groups" VALUES ( 20233, 10 );
INSERT INTO "times" VALUES ( 20233, 12510, NULL, '10:13:00', 20 );
INSERT INTO "times" VALUES ( 20233, 12520, '10:14:00', '10:14:00', 20 );
INSERT INTO "times" VALUES ( 20233, 12530, '10:16:00', '10:16:00', 20 );
INSERT INTO "times" VALUES ( 20233, 12540, '10:20:00', '10:20:00', 20 );
INSERT INTO "times" VALUES ( 20233, 12610, '10:25:00', '10:25:00', 20 );
INSERT INTO "times" VALUES ( 20233, 12660, '10:29:00', '10:29:00', 20 );
INSERT INTO "times" VALUES ( 20233, 12670, '10:31:00', '10:31:00', 20 );
INSERT INTO "times" VALUES ( 20233, 12680, '10:35:00', '10:38:00', 20 );
INSERT INTO "times" VALUES ( 20233, 12690, '10:41:00', '10:41:00', 20 );
INSERT INTO "times" VALUES ( 20233, 12700, '10:43:00', '10:43:00', 20 );
INSERT INTO "times" VALUES ( 20233, 12710, '10:45:00', NULL, NULL );

INSERT INTO "dias" VALUES ( 20234, 120, FALSE, TRUE, 'M1002H', 12510, 12710 );
INSERT INTO "dias_line_groups" VALUES ( 20234, 10 );
INSERT INTO "times" VALUES ( 20234, 12510, NULL, '10:43:00', 20 );
INSERT INTO "times" VALUES ( 20234, 12520, '10:44:00', '10:44:00', 20 );
INSERT INTO "times" VALUES ( 20234, 12530, '10:46:00', '10:46:00', 20 );
INSERT INTO "times" VALUES ( 20234, 12540, '10:50:00', '10:50:00', 20 );
INSERT INTO "times" VALUES ( 20234, 12610, '10:55:00', '10:55:00', 20 );
INSERT INTO "times" VALUES ( 20234, 12660, '10:59:00', '10:59:00', 20 );
INSERT INTO "times" VALUES ( 20234, 12670, '11:01:00', '11:01:00', 20 );
INSERT INTO "times" VALUES ( 20234, 12680, '11:05:00', '11:08:00', 20 );
INSERT INTO "times" VALUES ( 20234, 12690, '11:11:00', '11:11:00', 20 );
INSERT INTO "times" VALUES ( 20234, 12700, '11:13:00', '11:13:00', 20 );
INSERT INTO "times" VALUES ( 20234, 12710, '11:15:00', NULL, NULL );

INSERT INTO "dias" VALUES ( 20235, 120, FALSE, TRUE, 'M1100H', 12510, 12710 );
INSERT INTO "dias_line_groups" VALUES ( 20235, 10 );
INSERT INTO "times" VALUES ( 20235, 12510, NULL, '11:13:00', 20 );
INSERT INTO "times" VALUES ( 20235, 12520, '11:15:00', '11:15:00', 20 );
INSERT INTO "times" VALUES ( 20235, 12530, '11:17:00', '11:17:00', 20 );
INSERT INTO "times" VALUES ( 20235, 12540, '11:20:00', '11:20:00', 20 );
INSERT INTO "times" VALUES ( 20235, 12610, '11:25:00', '11:25:00', 20 );
INSERT INTO "times" VALUES ( 20235, 12660, '11:29:00', '11:29:00', 20 );
INSERT INTO "times" VALUES ( 20235, 12670, '11:32:00', '11:32:00', 20 );
INSERT INTO "times" VALUES ( 20235, 12680, '11:35:00', '11:39:00', 20 );
INSERT INTO "times" VALUES ( 20235, 12690, '11:41:00', '11:41:00', 20 );
INSERT INTO "times" VALUES ( 20235, 12700, '11:44:00', '11:44:00', 20 );
INSERT INTO "times" VALUES ( 20235, 12710, '11:46:00', NULL, NULL );

INSERT INTO "dias" VALUES ( 20236, 120, FALSE, TRUE, 'M1102H', 12510, 12710 );
INSERT INTO "dias_line_groups" VALUES ( 20236, 10 );
INSERT INTO "times" VALUES ( 20236, 12510, NULL, '11:43:00', 20 );
INSERT INTO "times" VALUES ( 20236, 12520, '11:45:00', '11:45:00', 20 );
INSERT INTO "times" VALUES ( 20236, 12530, '11:47:00', '11:47:00', 20 );
INSERT INTO "times" VALUES ( 20236, 12540, '11:50:00', '11:50:00', 20 );
INSERT INTO "times" VALUES ( 20236, 12610, '11:55:00', '11:55:00', 20 );
INSERT INTO "times" VALUES ( 20236, 12660, '11:59:00', '11:59:00', 20 );
INSERT INTO "times" VALUES ( 20236, 12670, '12:02:00', '12:02:00', 20 );
INSERT INTO "times" VALUES ( 20236, 12680, '12:05:00', '12:09:00', 20 );
INSERT INTO "times" VALUES ( 20236, 12690, '12:11:00', '12:11:00', 20 );
INSERT INTO "times" VALUES ( 20236, 12700, '12:14:00', '12:14:00', 20 );
INSERT INTO "times" VALUES ( 20236, 12710, '12:16:00', NULL, NULL );

INSERT INTO "dias" VALUES ( 20237, 120, FALSE, TRUE, 'M1200H', 12510, 12710 );
INSERT INTO "dias_line_groups" VALUES ( 20237, 10 );
INSERT INTO "times" VALUES ( 20237, 12510, NULL, '12:13:00', 20 );
INSERT INTO "times" VALUES ( 20237, 12520, '12:15:00', '12:15:00', 20 );
INSERT INTO "times" VALUES ( 20237, 12530, '12:17:00', '12:17:00', 20 );
INSERT INTO "times" VALUES ( 20237, 12540, '12:20:00', '12:20:00', 20 );
INSERT INTO "times" VALUES ( 20237, 12610, '12:25:00', '12:25:00', 20 );
INSERT INTO "times" VALUES ( 20237, 12660, '12:29:00', '12:29:00', 20 );
INSERT INTO "times" VALUES ( 20237, 12670, '12:32:00', '12:32:00', 20 );
INSERT INTO "times" VALUES ( 20237, 12680, '12:35:00', '12:39:00', 20 );
INSERT INTO "times" VALUES ( 20237, 12690, '12:41:00', '12:41:00', 20 );
INSERT INTO "times" VALUES ( 20237, 12700, '12:44:00', '12:44:00', 20 );
INSERT INTO "times" VALUES ( 20237, 12710, '12:46:00', NULL, NULL );

INSERT INTO "dias" VALUES ( 20238, 120, FALSE, TRUE, 'M1201A', 12710, 12510 );
INSERT INTO "dias_line_groups" VALUES ( 20238, 10 );
INSERT INTO "times" VALUES ( 20238, 12510, '12:58:00', NULL, NULL );
INSERT INTO "times" VALUES ( 20238, 12520, '12:56:00', '12:56:00', 20 );
INSERT INTO "times" VALUES ( 20238, 12530, '12:55:00', '12:55:00', 20 );
INSERT INTO "times" VALUES ( 20238, 12540, '12:52:00', '12:52:00', 20 );
INSERT INTO "times" VALUES ( 20238, 12610, '12:47:00', '12:47:00', 20 );
INSERT INTO "times" VALUES ( 20238, 12660, '12:41:00', '12:42:00', 20 );
INSERT INTO "times" VALUES ( 20238, 12670, '12:39:00', '12:39:00', 20 );
INSERT INTO "times" VALUES ( 20238, 12680, '12:32:00', '12:36:00', 20 );
INSERT INTO "times" VALUES ( 20238, 12690, '12:30:00', '12:30:00', 20 );
INSERT INTO "times" VALUES ( 20238, 12700, '12:27:00', '12:27:00', 20 );
INSERT INTO "times" VALUES ( 20238, 12710, NULL, '12:25:00', 20 );

INSERT INTO "dias" VALUES ( 20239, 120, FALSE, TRUE, 'M1202H', 12510, 12710 );
INSERT INTO "dias_line_groups" VALUES ( 20239, 10 );
INSERT INTO "times" VALUES ( 20239, 12510, NULL, '12:43:00', 20 );
INSERT INTO "times" VALUES ( 20239, 12520, '12:45:00', '12:45:00', 20 );
INSERT INTO "times" VALUES ( 20239, 12530, '12:47:00', '12:47:00', 20 );
INSERT INTO "times" VALUES ( 20239, 12540, '12:50:00', '12:50:00', 20 );
INSERT INTO "times" VALUES ( 20239, 12610, '12:55:00', '12:55:00', 20 );
INSERT INTO "times" VALUES ( 20239, 12660, '12:59:00', '12:59:00', 20 );
INSERT INTO "times" VALUES ( 20239, 12670, '13:02:00', '13:02:00', 20 );
INSERT INTO "times" VALUES ( 20239, 12680, '13:05:00', '13:09:00', 20 );
INSERT INTO "times" VALUES ( 20239, 12690, '13:11:00', '13:11:00', 20 );
INSERT INTO "times" VALUES ( 20239, 12700, '13:14:00', '13:14:00', 20 );
INSERT INTO "times" VALUES ( 20239, 12710, '13:16:00', NULL, NULL );

INSERT INTO "dias" VALUES ( 20240, 120, FALSE, TRUE, 'M1203A', 12710, 12510 );
INSERT INTO "dias_line_groups" VALUES ( 20240, 10 );
INSERT INTO "times" VALUES ( 20240, 12510, '13:28:00', NULL, NULL );
INSERT INTO "times" VALUES ( 20240, 12520, '13:26:00', '13:26:00', 20 );
INSERT INTO "times" VALUES ( 20240, 12530, '13:25:00', '13:25:00', 20 );
INSERT INTO "times" VALUES ( 20240, 12540, '13:22:00', '13:22:00', 20 );
INSERT INTO "times" VALUES ( 20240, 12610, '13:17:00', '13:17:00', 20 );
INSERT INTO "times" VALUES ( 20240, 12660, '13:11:00', '13:12:00', 20 );
INSERT INTO "times" VALUES ( 20240, 12670, '13:09:00', '13:09:00', 20 );
INSERT INTO "times" VALUES ( 20240, 12680, '13:02:00', '13:06:00', 20 );
INSERT INTO "times" VALUES ( 20240, 12690, '13:00:00', '13:00:00', 20 );
INSERT INTO "times" VALUES ( 20240, 12700, '12:57:00', '12:57:00', 20 );
INSERT INTO "times" VALUES ( 20240, 12710, NULL, '12:55:00', 20 );

INSERT INTO "dias" VALUES ( 20241, 120, FALSE, TRUE, 'M1300H', 12510, 12710 );
INSERT INTO "dias_line_groups" VALUES ( 20241, 10 );
INSERT INTO "times" VALUES ( 20241, 12510, NULL, '13:13:00', 20 );
INSERT INTO "times" VALUES ( 20241, 12520, '13:15:00', '13:15:00', 20 );
INSERT INTO "times" VALUES ( 20241, 12530, '13:17:00', '13:17:00', 20 );
INSERT INTO "times" VALUES ( 20241, 12540, '13:20:00', '13:20:00', 20 );
INSERT INTO "times" VALUES ( 20241, 12610, '13:25:00', '13:25:00', 20 );
INSERT INTO "times" VALUES ( 20241, 12660, '13:29:00', '13:29:00', 20 );
INSERT INTO "times" VALUES ( 20241, 12670, '13:32:00', '13:32:00', 20 );
INSERT INTO "times" VALUES ( 20241, 12680, '13:35:00', '13:39:00', 20 );
INSERT INTO "times" VALUES ( 20241, 12690, '13:41:00', '13:41:00', 20 );
INSERT INTO "times" VALUES ( 20241, 12700, '13:44:00', '13:44:00', 20 );
INSERT INTO "times" VALUES ( 20241, 12710, '13:46:00', NULL, NULL );

INSERT INTO "dias" VALUES ( 20242, 120, FALSE, TRUE, 'M1301A', 12710, 12510 );
INSERT INTO "dias_line_groups" VALUES ( 20242, 10 );
INSERT INTO "times" VALUES ( 20242, 12510, '13:58:00', NULL, NULL );
INSERT INTO "times" VALUES ( 20242, 12520, '13:56:00', '13:56:00', 20 );
INSERT INTO "times" VALUES ( 20242, 12530, '13:55:00', '13:55:00', 20 );
INSERT INTO "times" VALUES ( 20242, 12540, '13:52:00', '13:52:00', 20 );
INSERT INTO "times" VALUES ( 20242, 12610, '13:47:00', '13:47:00', 20 );
INSERT INTO "times" VALUES ( 20242, 12660, '13:41:00', '13:42:00', 20 );
INSERT INTO "times" VALUES ( 20242, 12670, '13:39:00', '13:39:00', 20 );
INSERT INTO "times" VALUES ( 20242, 12680, '13:32:00', '13:36:00', 20 );
INSERT INTO "times" VALUES ( 20242, 12690, '13:30:00', '13:30:00', 20 );
INSERT INTO "times" VALUES ( 20242, 12700, '13:27:00', '13:27:00', 20 );
INSERT INTO "times" VALUES ( 20242, 12710, NULL, '13:25:00', 20 );

INSERT INTO "dias" VALUES ( 20243, 120, FALSE, TRUE, 'M1302H', 12510, 12710 );
INSERT INTO "dias_line_groups" VALUES ( 20243, 10 );
INSERT INTO "times" VALUES ( 20243, 12510, NULL, '13:43:00', 20 );
INSERT INTO "times" VALUES ( 20243, 12520, '13:45:00', '13:45:00', 20 );
INSERT INTO "times" VALUES ( 20243, 12530, '13:47:00', '13:47:00', 20 );
INSERT INTO "times" VALUES ( 20243, 12540, '13:50:00', '13:50:00', 20 );
INSERT INTO "times" VALUES ( 20243, 12610, '13:55:00', '13:55:00', 20 );
INSERT INTO "times" VALUES ( 20243, 12660, '13:59:00', '13:59:00', 20 );
INSERT INTO "times" VALUES ( 20243, 12670, '14:02:00', '14:02:00', 20 );
INSERT INTO "times" VALUES ( 20243, 12680, '14:05:00', '14:09:00', 20 );
INSERT INTO "times" VALUES ( 20243, 12690, '14:11:00', '14:11:00', 20 );
INSERT INTO "times" VALUES ( 20243, 12700, '14:14:00', '14:14:00', 20 );
INSERT INTO "times" VALUES ( 20243, 12710, '14:16:00', NULL, NULL );

INSERT INTO "dias" VALUES ( 20244, 120, FALSE, TRUE, 'M1303A', 12710, 12510 );
INSERT INTO "dias_line_groups" VALUES ( 20244, 10 );
INSERT INTO "times" VALUES ( 20244, 12510, '14:28:00', NULL, NULL );
INSERT INTO "times" VALUES ( 20244, 12520, '14:26:00', '14:26:00', 20 );
INSERT INTO "times" VALUES ( 20244, 12530, '14:25:00', '14:25:00', 20 );
INSERT INTO "times" VALUES ( 20244, 12540, '14:22:00', '14:22:00', 20 );
INSERT INTO "times" VALUES ( 20244, 12610, '14:17:00', '14:17:00', 20 );
INSERT INTO "times" VALUES ( 20244, 12660, '14:11:00', '14:12:00', 20 );
INSERT INTO "times" VALUES ( 20244, 12670, '14:09:00', '14:09:00', 20 );
INSERT INTO "times" VALUES ( 20244, 12680, '14:02:00', '14:06:00', 20 );
INSERT INTO "times" VALUES ( 20244, 12690, '14:00:00', '14:00:00', 20 );
INSERT INTO "times" VALUES ( 20244, 12700, '13:57:00', '13:57:00', 20 );
INSERT INTO "times" VALUES ( 20244, 12710, NULL, '13:55:00', 20 );

INSERT INTO "dias" VALUES ( 20245, 120, FALSE, TRUE, 'M1400H', 12510, 12710 );
INSERT INTO "dias_line_groups" VALUES ( 20245, 10 );
INSERT INTO "times" VALUES ( 20245, 12510, NULL, '14:13:00', 20 );
INSERT INTO "times" VALUES ( 20245, 12520, '14:15:00', '14:15:00', 20 );
INSERT INTO "times" VALUES ( 20245, 12530, '14:17:00', '14:17:00', 20 );
INSERT INTO "times" VALUES ( 20245, 12540, '14:20:00', '14:20:00', 20 );
INSERT INTO "times" VALUES ( 20245, 12610, '14:25:00', '14:25:00', 20 );
INSERT INTO "times" VALUES ( 20245, 12660, '14:29:00', '14:29:00', 20 );
INSERT INTO "times" VALUES ( 20245, 12670, '14:32:00', '14:32:00', 20 );
INSERT INTO "times" VALUES ( 20245, 12680, '14:35:00', '14:39:00', 20 );
INSERT INTO "times" VALUES ( 20245, 12690, '14:41:00', '14:41:00', 20 );
INSERT INTO "times" VALUES ( 20245, 12700, '14:44:00', '14:44:00', 20 );
INSERT INTO "times" VALUES ( 20245, 12710, '14:46:00', NULL, NULL );

INSERT INTO "dias" VALUES ( 20246, 120, FALSE, TRUE, 'M1401A', 12710, 12510 );
INSERT INTO "dias_line_groups" VALUES ( 20246, 10 );
INSERT INTO "times" VALUES ( 20246, 12510, '14:58:00', NULL, NULL );
INSERT INTO "times" VALUES ( 20246, 12520, '14:56:00', '14:56:00', 20 );
INSERT INTO "times" VALUES ( 20246, 12530, '14:55:00', '14:55:00', 20 );
INSERT INTO "times" VALUES ( 20246, 12540, '14:52:00', '14:52:00', 20 );
INSERT INTO "times" VALUES ( 20246, 12610, '14:47:00', '14:47:00', 20 );
INSERT INTO "times" VALUES ( 20246, 12660, '14:41:00', '14:42:00', 20 );
INSERT INTO "times" VALUES ( 20246, 12670, '14:39:00', '14:39:00', 20 );
INSERT INTO "times" VALUES ( 20246, 12680, '14:32:00', '14:36:00', 20 );
INSERT INTO "times" VALUES ( 20246, 12690, '14:30:00', '14:30:00', 20 );
INSERT INTO "times" VALUES ( 20246, 12700, '14:27:00', '14:27:00', 20 );
INSERT INTO "times" VALUES ( 20246, 12710, NULL, '14:25:00', 20 );

INSERT INTO "dias" VALUES ( 20247, 120, FALSE, TRUE, 'M1402H', 12510, 12710 );
INSERT INTO "dias_line_groups" VALUES ( 20247, 10 );
INSERT INTO "times" VALUES ( 20247, 12510, NULL, '14:43:00', 20 );
INSERT INTO "times" VALUES ( 20247, 12520, '14:45:00', '14:45:00', 20 );
INSERT INTO "times" VALUES ( 20247, 12530, '14:47:00', '14:47:00', 20 );
INSERT INTO "times" VALUES ( 20247, 12540, '14:50:00', '14:50:00', 20 );
INSERT INTO "times" VALUES ( 20247, 12610, '14:55:00', '14:55:00', 20 );
INSERT INTO "times" VALUES ( 20247, 12660, '14:59:00', '14:59:00', 20 );
INSERT INTO "times" VALUES ( 20247, 12670, '15:02:00', '15:02:00', 20 );
INSERT INTO "times" VALUES ( 20247, 12680, '15:05:00', '15:09:00', 20 );
INSERT INTO "times" VALUES ( 20247, 12690, '15:11:00', '15:11:00', 20 );
INSERT INTO "times" VALUES ( 20247, 12700, '15:14:00', '15:14:00', 20 );
INSERT INTO "times" VALUES ( 20247, 12710, '15:16:00', NULL, NULL );

INSERT INTO "dias" VALUES ( 20248, 120, FALSE, TRUE, 'M1403A', 12710, 12510 );
INSERT INTO "dias_line_groups" VALUES ( 20248, 10 );
INSERT INTO "times" VALUES ( 20248, 12510, '15:28:00', NULL, NULL );
INSERT INTO "times" VALUES ( 20248, 12520, '15:26:00', '15:26:00', 20 );
INSERT INTO "times" VALUES ( 20248, 12530, '15:25:00', '15:25:00', 20 );
INSERT INTO "times" VALUES ( 20248, 12540, '15:22:00', '15:22:00', 20 );
INSERT INTO "times" VALUES ( 20248, 12610, '15:17:00', '15:17:00', 20 );
INSERT INTO "times" VALUES ( 20248, 12660, '15:11:00', '15:12:00', 20 );
INSERT INTO "times" VALUES ( 20248, 12670, '15:09:00', '15:09:00', 20 );
INSERT INTO "times" VALUES ( 20248, 12680, '15:02:00', '15:06:00', 20 );
INSERT INTO "times" VALUES ( 20248, 12690, '15:00:00', '15:00:00', 20 );
INSERT INTO "times" VALUES ( 20248, 12700, '14:57:00', '14:57:00', 20 );
INSERT INTO "times" VALUES ( 20248, 12710, NULL, '14:55:00', 20 );

INSERT INTO "dias" VALUES ( 20249, 120, FALSE, TRUE, 'M1500H', 12510, 12710 );
INSERT INTO "dias_line_groups" VALUES ( 20249, 10 );
INSERT INTO "times" VALUES ( 20249, 12510, NULL, '15:13:00', 20 );
INSERT INTO "times" VALUES ( 20249, 12520, '15:15:00', '15:15:00', 20 );
INSERT INTO "times" VALUES ( 20249, 12530, '15:17:00', '15:17:00', 20 );
INSERT INTO "times" VALUES ( 20249, 12540, '15:20:00', '15:20:00', 20 );
INSERT INTO "times" VALUES ( 20249, 12610, '15:25:00', '15:25:00', 20 );
INSERT INTO "times" VALUES ( 20249, 12660, '15:29:00', '15:29:00', 20 );
INSERT INTO "times" VALUES ( 20249, 12670, '15:32:00', '15:32:00', 20 );
INSERT INTO "times" VALUES ( 20249, 12680, '15:35:00', '15:39:00', 20 );
INSERT INTO "times" VALUES ( 20249, 12690, '15:41:00', '15:41:00', 20 );
INSERT INTO "times" VALUES ( 20249, 12700, '15:44:00', '15:44:00', 20 );
INSERT INTO "times" VALUES ( 20249, 12710, '15:46:00', NULL, NULL );

INSERT INTO "dias" VALUES ( 20250, 120, FALSE, TRUE, 'M1501A', 12710, 12510 );
INSERT INTO "dias_line_groups" VALUES ( 20250, 10 );
INSERT INTO "times" VALUES ( 20250, 12510, '15:58:00', NULL, NULL );
INSERT INTO "times" VALUES ( 20250, 12520, '15:56:00', '15:56:00', 20 );
INSERT INTO "times" VALUES ( 20250, 12530, '15:55:00', '15:55:00', 20 );
INSERT INTO "times" VALUES ( 20250, 12540, '15:52:00', '15:52:00', 20 );
INSERT INTO "times" VALUES ( 20250, 12610, '15:47:00', '15:47:00', 20 );
INSERT INTO "times" VALUES ( 20250, 12660, '15:41:00', '15:42:00', 20 );
INSERT INTO "times" VALUES ( 20250, 12670, '15:39:00', '15:39:00', 20 );
INSERT INTO "times" VALUES ( 20250, 12680, '15:32:00', '15:36:00', 20 );
INSERT INTO "times" VALUES ( 20250, 12690, '15:30:00', '15:30:00', 20 );
INSERT INTO "times" VALUES ( 20250, 12700, '15:27:00', '15:27:00', 20 );
INSERT INTO "times" VALUES ( 20250, 12710, NULL, '15:25:00', 20 );

INSERT INTO "dias" VALUES ( 20251, 120, FALSE, TRUE, 'M1503A', 12710, 12510 );
INSERT INTO "dias_line_groups" VALUES ( 20251, 10 );
INSERT INTO "times" VALUES ( 20251, 12510, '16:29:00', NULL, NULL );
INSERT INTO "times" VALUES ( 20251, 12520, '16:26:00', '16:26:00', 20 );
INSERT INTO "times" VALUES ( 20251, 12530, '16:24:00', '16:24:00', 20 );
INSERT INTO "times" VALUES ( 20251, 12540, '16:21:00', '16:21:00', 20 );
INSERT INTO "times" VALUES ( 20251, 12610, '16:16:00', '16:16:00', 20 );
INSERT INTO "times" VALUES ( 20251, 12660, '16:12:00', '16:12:00', 20 );
INSERT INTO "times" VALUES ( 20251, 12670, '16:09:00', '16:09:00', 20 );
INSERT INTO "times" VALUES ( 20251, 12680, '16:02:00', '16:06:00', 20 );
INSERT INTO "times" VALUES ( 20251, 12690, '16:00:00', '16:00:00', 20 );
INSERT INTO "times" VALUES ( 20251, 12700, '15:57:00', '15:57:00', 20 );
INSERT INTO "times" VALUES ( 20251, 12710, NULL, '15:55:00', 20 );

INSERT INTO "dias" VALUES ( 20252, 120, FALSE, TRUE, 'M1601A', 12740, 12510 );
INSERT INTO "dias_line_groups" VALUES ( 20252, 10 );
INSERT INTO "times" VALUES ( 20252, 12510, '17:19:00', NULL, NULL );
INSERT INTO "times" VALUES ( 20252, 12520, '17:17:00', '17:17:00', 20 );
INSERT INTO "times" VALUES ( 20252, 12530, '17:15:00', '17:15:00', 20 );
INSERT INTO "times" VALUES ( 20252, 12540, '17:12:00', '17:12:00', 20 );
INSERT INTO "times" VALUES ( 20252, 12610, '17:07:00', '17:07:00', 20 );
INSERT INTO "times" VALUES ( 20252, 12660, '17:03:00', '17:03:00', 20 );
INSERT INTO "times" VALUES ( 20252, 12670, '17:00:00', '17:00:00', 20 );
INSERT INTO "times" VALUES ( 20252, 12680, '16:53:00', '16:57:00', 20 );
INSERT INTO "times" VALUES ( 20252, 12690, '16:51:00', '16:51:00', 20 );
INSERT INTO "times" VALUES ( 20252, 12700, '16:48:00', '16:48:00', 20 );
INSERT INTO "times" VALUES ( 20252, 12710, '16:47:00', '16:47:00', 20 );
INSERT INTO "times" VALUES ( 20252, 12720, '16:44:00', '16:44:00', 20 );
INSERT INTO "times" VALUES ( 20252, 12730, '16:41:00', '16:41:00', 20 );
INSERT INTO "times" VALUES ( 20252, 12740, NULL, '16:39:00', 20 );

INSERT INTO "dias" VALUES ( 20253, 120, FALSE, TRUE, 'M1701A', 12740, 12510 );
INSERT INTO "dias_line_groups" VALUES ( 20253, 10 );
INSERT INTO "times" VALUES ( 20253, 12510, '18:19:00', NULL, NULL );
INSERT INTO "times" VALUES ( 20253, 12520, '18:17:00', '18:17:00', 20 );
INSERT INTO "times" VALUES ( 20253, 12530, '18:15:00', '18:15:00', 20 );
INSERT INTO "times" VALUES ( 20253, 12540, '18:12:00', '18:12:00', 20 );
INSERT INTO "times" VALUES ( 20253, 12610, '18:07:00', '18:07:00', 20 );
INSERT INTO "times" VALUES ( 20253, 12660, '18:02:00', '18:03:00', 20 );
INSERT INTO "times" VALUES ( 20253, 12670, '17:59:00', '17:59:00', 20 );
INSERT INTO "times" VALUES ( 20253, 12680, '17:53:00', '17:56:00', 20 );
INSERT INTO "times" VALUES ( 20253, 12690, '17:51:00', '17:51:00', 20 );
INSERT INTO "times" VALUES ( 20253, 12700, '17:48:00', '17:48:00', 20 );
INSERT INTO "times" VALUES ( 20253, 12710, '17:47:00', '17:47:00', 20 );
INSERT INTO "times" VALUES ( 20253, 12720, '17:44:00', '17:44:00', 20 );
INSERT INTO "times" VALUES ( 20253, 12730, '17:41:00', '17:41:00', 20 );
INSERT INTO "times" VALUES ( 20253, 12740, NULL, '17:39:00', 20 );

INSERT INTO "dias" VALUES ( 20254, 120, FALSE, TRUE, 'M1703A', 12710, 12510 );
INSERT INTO "dias_line_groups" VALUES ( 20254, 10 );
INSERT INTO "times" VALUES ( 20254, 12510, '18:28:00', NULL, NULL );
INSERT INTO "times" VALUES ( 20254, 12520, '18:26:00', '18:26:00', 20 );
INSERT INTO "times" VALUES ( 20254, 12530, '18:24:00', '18:24:00', 20 );
INSERT INTO "times" VALUES ( 20254, 12540, '18:21:00', '18:21:00', 20 );
INSERT INTO "times" VALUES ( 20254, 12610, '18:16:00', '18:16:00', 20 );
INSERT INTO "times" VALUES ( 20254, 12660, '18:12:00', '18:12:00', 20 );
INSERT INTO "times" VALUES ( 20254, 12670, '18:09:00', '18:09:00', 20 );
INSERT INTO "times" VALUES ( 20254, 12680, '18:03:00', '18:06:00', 20 );
INSERT INTO "times" VALUES ( 20254, 12690, '18:00:00', '18:00:00', 20 );
INSERT INTO "times" VALUES ( 20254, 12700, '17:58:00', '17:58:00', 20 );
INSERT INTO "times" VALUES ( 20254, 12710, NULL, '17:56:00', 20 );

INSERT INTO "dias" VALUES ( 20255, 120, FALSE, TRUE, 'M1801A', 12740, 12510 );
INSERT INTO "dias_line_groups" VALUES ( 20255, 10 );
INSERT INTO "times" VALUES ( 20255, 12510, '18:49:00', NULL, NULL );
INSERT INTO "times" VALUES ( 20255, 12520, '18:47:00', '18:47:00', 20 );
INSERT INTO "times" VALUES ( 20255, 12530, '18:45:00', '18:45:00', 20 );
INSERT INTO "times" VALUES ( 20255, 12540, '18:42:00', '18:42:00', 20 );
INSERT INTO "times" VALUES ( 20255, 12610, '18:37:00', '18:37:00', 20 );
INSERT INTO "times" VALUES ( 20255, 12660, '18:32:00', '18:33:00', 20 );
INSERT INTO "times" VALUES ( 20255, 12670, '18:29:00', '18:29:00', 20 );
INSERT INTO "times" VALUES ( 20255, 12680, '18:23:00', '18:26:00', 20 );
INSERT INTO "times" VALUES ( 20255, 12690, '18:21:00', '18:21:00', 20 );
INSERT INTO "times" VALUES ( 20255, 12700, '18:18:00', '18:18:00', 20 );
INSERT INTO "times" VALUES ( 20255, 12710, '18:17:00', '18:17:00', 20 );
INSERT INTO "times" VALUES ( 20255, 12720, '18:14:00', '18:14:00', 20 );
INSERT INTO "times" VALUES ( 20255, 12730, '18:11:00', '18:11:00', 20 );
INSERT INTO "times" VALUES ( 20255, 12740, NULL, '18:09:00', 20 );

INSERT INTO "dias" VALUES ( 20256, 120, FALSE, TRUE, 'M1803A', 12710, 12510 );
INSERT INTO "dias_line_groups" VALUES ( 20256, 10 );
INSERT INTO "times" VALUES ( 20256, 12510, '18:58:00', NULL, NULL );
INSERT INTO "times" VALUES ( 20256, 12520, '18:56:00', '18:56:00', 20 );
INSERT INTO "times" VALUES ( 20256, 12530, '18:55:00', '18:55:00', 20 );
INSERT INTO "times" VALUES ( 20256, 12540, '18:52:00', '18:52:00', 20 );
INSERT INTO "times" VALUES ( 20256, 12610, '18:47:00', '18:47:00', 20 );
INSERT INTO "times" VALUES ( 20256, 12660, '18:41:00', '18:42:00', 20 );
INSERT INTO "times" VALUES ( 20256, 12670, '18:39:00', '18:39:00', 20 );
INSERT INTO "times" VALUES ( 20256, 12680, '18:33:00', '18:36:00', 20 );
INSERT INTO "times" VALUES ( 20256, 12690, '18:30:00', '18:30:00', 20 );
INSERT INTO "times" VALUES ( 20256, 12700, '18:28:00', '18:28:00', 20 );
INSERT INTO "times" VALUES ( 20256, 12710, NULL, '18:26:00', 20 );

INSERT INTO "dias" VALUES ( 20257, 120, FALSE, TRUE, 'M1805A', 12710, 12510 );
INSERT INTO "dias_line_groups" VALUES ( 20257, 10 );
INSERT INTO "times" VALUES ( 20257, 12510, '19:28:00', NULL, NULL );
INSERT INTO "times" VALUES ( 20257, 12520, '19:26:00', '19:26:00', 20 );
INSERT INTO "times" VALUES ( 20257, 12530, '19:25:00', '19:25:00', 20 );
INSERT INTO "times" VALUES ( 20257, 12540, '19:22:00', '19:22:00', 20 );
INSERT INTO "times" VALUES ( 20257, 12610, '19:17:00', '19:17:00', 20 );
INSERT INTO "times" VALUES ( 20257, 12660, '19:11:00', '19:12:00', 20 );
INSERT INTO "times" VALUES ( 20257, 12670, '19:09:00', '19:09:00', 20 );
INSERT INTO "times" VALUES ( 20257, 12680, '19:03:00', '19:06:00', 20 );
INSERT INTO "times" VALUES ( 20257, 12690, '19:00:00', '19:00:00', 20 );
INSERT INTO "times" VALUES ( 20257, 12700, '18:58:00', '18:58:00', 20 );
INSERT INTO "times" VALUES ( 20257, 12710, NULL, '18:56:00', 20 );

INSERT INTO "dias" VALUES ( 20258, 120, FALSE, TRUE, 'M2200Y', 12510, 12770 );
INSERT INTO "dias_line_groups" VALUES ( 20258, 10 );
INSERT INTO "times" VALUES ( 20258, 12510, NULL, '22:12:00', 20 );
INSERT INTO "times" VALUES ( 20258, 12520, '22:13:00', '22:13:00', 20 );
INSERT INTO "times" VALUES ( 20258, 12530, '22:15:00', '22:15:00', 20 );
INSERT INTO "times" VALUES ( 20258, 12540, '22:19:00', '22:19:00', 20 );
INSERT INTO "times" VALUES ( 20258, 12610, '22:24:00', '22:24:00', 20 );
INSERT INTO "times" VALUES ( 20258, 12660, '22:28:00', '22:28:00', 20 );
INSERT INTO "times" VALUES ( 20258, 12670, '22:31:00', '22:31:00', 20 );
INSERT INTO "times" VALUES ( 20258, 12680, '22:34:00', '22:34:00', 20 );
INSERT INTO "times" VALUES ( 20258, 12690, '22:36:00', '22:36:00', 20 );
INSERT INTO "times" VALUES ( 20258, 12700, '22:38:00', '22:38:00', 20 );
INSERT INTO "times" VALUES ( 20258, 12710, '22:40:00', '22:44:00', 20 );
INSERT INTO "times" VALUES ( 20258, 12720, '22:46:00', '22:46:00', 20 );
INSERT INTO "times" VALUES ( 20258, 12730, '22:48:00', '22:48:00', 20 );
INSERT INTO "times" VALUES ( 20258, 12740, '22:52:00', '22:52:00', 20 );
INSERT INTO "times" VALUES ( 20258, 12750, '22:54:00', '22:54:00', 20 );
INSERT INTO "times" VALUES ( 20258, 12760, '22:57:00', '22:57:00', 20 );
INSERT INTO "times" VALUES ( 20258, 12770, '23:01:00', NULL, NULL );

INSERT INTO "dias" VALUES ( 20259, 120, FALSE, TRUE, 'M2201A', 12770, 12510 );
INSERT INTO "dias_line_groups" VALUES ( 20259, 10 );
INSERT INTO "times" VALUES ( 20259, 12510, '23:30:00', NULL, NULL );
INSERT INTO "times" VALUES ( 20259, 12520, '23:27:00', '23:27:00', 20 );
INSERT INTO "times" VALUES ( 20259, 12530, '23:26:00', '23:26:00', 20 );
INSERT INTO "times" VALUES ( 20259, 12540, '23:23:00', '23:23:00', 20 );
INSERT INTO "times" VALUES ( 20259, 12610, '23:18:00', '23:18:00', 20 );
INSERT INTO "times" VALUES ( 20259, 12660, '23:13:00', '23:13:00', 20 );
INSERT INTO "times" VALUES ( 20259, 12670, '23:10:00', '23:10:00', 20 );
INSERT INTO "times" VALUES ( 20259, 12680, '23:07:00', '23:07:00', 20 );
INSERT INTO "times" VALUES ( 20259, 12690, '23:05:00', '23:05:00', 20 );
INSERT INTO "times" VALUES ( 20259, 12700, '23:02:00', '23:02:00', 20 );
INSERT INTO "times" VALUES ( 20259, 12710, '22:56:00', '23:00:00', 20 );
INSERT INTO "times" VALUES ( 20259, 12720, '22:53:00', '22:53:00', 20 );
INSERT INTO "times" VALUES ( 20259, 12730, '22:51:00', '22:51:00', 20 );
INSERT INTO "times" VALUES ( 20259, 12740, '22:49:00', '22:49:00', 20 );
INSERT INTO "times" VALUES ( 20259, 12750, '22:45:00', '22:45:00', 20 );
INSERT INTO "times" VALUES ( 20259, 12760, '22:43:00', '22:43:00', 20 );
INSERT INTO "times" VALUES ( 20259, 12770, NULL, '22:39:00', 20 );

INSERT INTO "dias" VALUES ( 20260, 120, FALSE, TRUE, 'M2202Y', 12510, 12770 );
INSERT INTO "dias_line_groups" VALUES ( 20260, 10 );
INSERT INTO "times" VALUES ( 20260, 12510, NULL, '22:31:00', 20 );
INSERT INTO "times" VALUES ( 20260, 12520, '22:33:00', '22:33:00', 20 );
INSERT INTO "times" VALUES ( 20260, 12530, '22:35:00', '22:35:00', 20 );
INSERT INTO "times" VALUES ( 20260, 12540, '22:37:00', '22:38:00', 20 );
INSERT INTO "times" VALUES ( 20260, 12610, '22:43:00', '22:43:00', 20 );
INSERT INTO "times" VALUES ( 20260, 12660, '22:48:00', '22:48:00', 20 );
INSERT INTO "times" VALUES ( 20260, 12670, '22:50:00', '22:50:00', 20 );
INSERT INTO "times" VALUES ( 20260, 12680, '22:54:00', '22:54:00', 20 );
INSERT INTO "times" VALUES ( 20260, 12690, '22:55:00', '22:55:00', 20 );
INSERT INTO "times" VALUES ( 20260, 12700, '22:58:00', '22:58:00', 20 );
INSERT INTO "times" VALUES ( 20260, 12710, '23:00:00', '23:04:00', 20 );
INSERT INTO "times" VALUES ( 20260, 12720, '23:06:00', '23:06:00', 20 );
INSERT INTO "times" VALUES ( 20260, 12730, '23:08:00', '23:08:00', 20 );
INSERT INTO "times" VALUES ( 20260, 12740, '23:11:00', '23:12:00', 20 );
INSERT INTO "times" VALUES ( 20260, 12750, '23:14:00', '23:14:00', 20 );
INSERT INTO "times" VALUES ( 20260, 12760, '23:17:00', '23:17:00', 20 );
INSERT INTO "times" VALUES ( 20260, 12770, '23:21:00', NULL, NULL );

INSERT INTO "dias" VALUES ( 20261, 120, FALSE, TRUE, 'M2300Y', 12510, 12770 );
INSERT INTO "dias_line_groups" VALUES ( 20261, 10 );
INSERT INTO "times" VALUES ( 20261, 12510, NULL, '23:03:00', 20 );
INSERT INTO "times" VALUES ( 20261, 12520, '23:05:00', '23:05:00', 20 );
INSERT INTO "times" VALUES ( 20261, 12530, '23:07:00', '23:07:00', 20 );
INSERT INTO "times" VALUES ( 20261, 12540, '23:10:00', '23:11:00', 20 );
INSERT INTO "times" VALUES ( 20261, 12610, '23:16:00', '23:16:00', 20 );
INSERT INTO "times" VALUES ( 20261, 12660, '23:20:00', '23:20:00', 20 );
INSERT INTO "times" VALUES ( 20261, 12670, '23:23:00', '23:23:00', 20 );
INSERT INTO "times" VALUES ( 20261, 12680, '23:26:00', '23:26:00', 20 );
INSERT INTO "times" VALUES ( 20261, 12690, '23:28:00', '23:28:00', 20 );
INSERT INTO "times" VALUES ( 20261, 12700, '23:30:00', '23:30:00', 20 );
INSERT INTO "times" VALUES ( 20261, 12710, '23:33:00', '23:33:00', 20 );
INSERT INTO "times" VALUES ( 20261, 12720, '23:34:00', '23:34:00', 20 );
INSERT INTO "times" VALUES ( 20261, 12730, '23:37:00', '23:37:00', 20 );
INSERT INTO "times" VALUES ( 20261, 12740, '23:40:00', '23:40:00', 20 );
INSERT INTO "times" VALUES ( 20261, 12750, '23:43:00', '23:43:00', 20 );
INSERT INTO "times" VALUES ( 20261, 12760, '23:46:00', '23:46:00', 20 );
INSERT INTO "times" VALUES ( 20261, 12770, '23:49:00', NULL, NULL );

INSERT INTO "dias" VALUES ( 20262, 120, FALSE, TRUE, 'M2302Y', 12510, 12770 );
INSERT INTO "dias_line_groups" VALUES ( 20262, 10 );
INSERT INTO "times" VALUES ( 20262, 12510, NULL, '23:44:00', 20 );
INSERT INTO "times" VALUES ( 20262, 12520, '23:45:00', '23:45:00', 20 );
INSERT INTO "times" VALUES ( 20262, 12530, '23:48:00', '23:48:00', 20 );
INSERT INTO "times" VALUES ( 20262, 12540, '23:51:00', '23:51:00', 20 );
INSERT INTO "times" VALUES ( 20262, 12610, '23:56:00', '23:56:00', 20 );
INSERT INTO "times" VALUES ( 20262, 12660, '00:01:00', '00:01:00', 20 );
INSERT INTO "times" VALUES ( 20262, 12670, '00:03:00', '00:03:00', 20 );
INSERT INTO "times" VALUES ( 20262, 12680, '00:06:00', '00:06:00', 20 );
INSERT INTO "times" VALUES ( 20262, 12690, '00:08:00', '00:08:00', 20 );
INSERT INTO "times" VALUES ( 20262, 12700, '00:10:00', '00:10:00', 20 );
INSERT INTO "times" VALUES ( 20262, 12710, '00:12:00', '00:16:00', 20 );
INSERT INTO "times" VALUES ( 20262, 12720, '00:18:00', '00:18:00', 20 );
INSERT INTO "times" VALUES ( 20262, 12730, '00:20:00', '00:20:00', 20 );
INSERT INTO "times" VALUES ( 20262, 12740, '00:24:00', '00:24:00', 20 );
INSERT INTO "times" VALUES ( 20262, 12750, '00:26:00', '00:26:00', 20 );
INSERT INTO "times" VALUES ( 20262, 12760, '00:29:00', '00:29:00', 20 );
INSERT INTO "times" VALUES ( 20262, 12770, '00:33:00', NULL, NULL );

INSERT INTO "dias" VALUES ( 20263, 120, FALSE, TRUE, 'M2304Y', 12510, 12770 );
INSERT INTO "dias_line_groups" VALUES ( 20263, 10 );
INSERT INTO "times" VALUES ( 20263, 12510, NULL, '23:55:00', 20 );
INSERT INTO "times" VALUES ( 20263, 12520, '23:57:00', '23:57:00', 20 );
INSERT INTO "times" VALUES ( 20263, 12530, '23:59:00', '23:59:00', 20 );
INSERT INTO "times" VALUES ( 20263, 12540, '00:02:00', '00:02:00', 20 );
INSERT INTO "times" VALUES ( 20263, 12610, '00:07:00', '00:07:00', 20 );
INSERT INTO "times" VALUES ( 20263, 12660, '00:12:00', '00:12:00', 20 );
INSERT INTO "times" VALUES ( 20263, 12670, '00:14:00', '00:14:00', 20 );
INSERT INTO "times" VALUES ( 20263, 12680, '00:18:00', '00:18:00', 20 );
INSERT INTO "times" VALUES ( 20263, 12690, '00:19:00', '00:19:00', 20 );
INSERT INTO "times" VALUES ( 20263, 12700, '00:22:00', '00:22:00', 20 );
INSERT INTO "times" VALUES ( 20263, 12710, '00:24:00', '00:24:00', 20 );
INSERT INTO "times" VALUES ( 20263, 12720, '00:26:00', '00:26:00', 20 );
INSERT INTO "times" VALUES ( 20263, 12730, '00:28:00', '00:28:00', 20 );
INSERT INTO "times" VALUES ( 20263, 12740, '00:31:00', '00:31:00', 20 );
INSERT INTO "times" VALUES ( 20263, 12750, '00:34:00', '00:34:00', 20 );
INSERT INTO "times" VALUES ( 20263, 12760, '00:37:00', '00:37:00', 20 );
INSERT INTO "times" VALUES ( 20263, 12770, '00:41:00', NULL, NULL );

INSERT INTO "dias" VALUES ( 20264, 120, FALSE, TRUE, 'M2400Y', 12510, 12770 );
INSERT INTO "dias_line_groups" VALUES ( 20264, 10 );
INSERT INTO "times" VALUES ( 20264, 12510, NULL, '00:04:00', 20 );
INSERT INTO "times" VALUES ( 20264, 12520, '00:06:00', '00:06:00', 20 );
INSERT INTO "times" VALUES ( 20264, 12530, '00:08:00', '00:08:00', 20 );
INSERT INTO "times" VALUES ( 20264, 12540, '00:11:00', '00:11:00', 20 );
INSERT INTO "times" VALUES ( 20264, 12610, '00:16:00', '00:16:00', 20 );
INSERT INTO "times" VALUES ( 20264, 12660, '00:21:00', '00:21:00', 20 );
INSERT INTO "times" VALUES ( 20264, 12670, '00:23:00', '00:23:00', 20 );
INSERT INTO "times" VALUES ( 20264, 12680, '00:26:00', '00:26:00', 20 );
INSERT INTO "times" VALUES ( 20264, 12690, '00:28:00', '00:28:00', 20 );
INSERT INTO "times" VALUES ( 20264, 12700, '00:30:00', '00:30:00', 20 );
INSERT INTO "times" VALUES ( 20264, 12710, '00:33:00', '00:33:00', 20 );
INSERT INTO "times" VALUES ( 20264, 12720, '00:35:00', '00:35:00', 20 );
INSERT INTO "times" VALUES ( 20264, 12730, '00:37:00', '00:37:00', 20 );
INSERT INTO "times" VALUES ( 20264, 12740, '00:40:00', '00:40:00', 20 );
INSERT INTO "times" VALUES ( 20264, 12750, '00:43:00', '00:43:00', 20 );
INSERT INTO "times" VALUES ( 20264, 12760, '00:46:00', '00:46:00', 20 );
INSERT INTO "times" VALUES ( 20264, 12770, '00:49:00', NULL, NULL );

INSERT INTO "dias" VALUES ( 20265, 110, FALSE, TRUE, 'P0501B', 12660, 11510 );
INSERT INTO "dias_line_groups" VALUES ( 20265, 10 );
INSERT INTO "times" VALUES ( 20265, 11510, '05:32:00', NULL, NULL );
INSERT INTO "times" VALUES ( 20265, 11520, '05:30:00', '05:30:00', 10 );
INSERT INTO "times" VALUES ( 20265, 11530, '05:28:00', '05:28:00', 10 );
INSERT INTO "times" VALUES ( 20265, 11540, '05:26:00', '05:26:00', 10 );
INSERT INTO "times" VALUES ( 20265, 12530, '05:25:00', '05:25:00', 10 );
INSERT INTO "times" VALUES ( 20265, 12540, '05:21:00', '05:22:00', 20 );
INSERT INTO "times" VALUES ( 20265, 12610, '05:16:00', '05:16:00', 20 );
INSERT INTO "times" VALUES ( 20265, 12620, '05:14:00', '05:14:00', 20 );
INSERT INTO "times" VALUES ( 20265, 12630, '05:12:00', '05:12:00', 20 );
INSERT INTO "times" VALUES ( 20265, 12640, '05:11:00', '05:11:00', 20 );
INSERT INTO "times" VALUES ( 20265, 12650, '05:09:00', '05:09:00', 20 );
INSERT INTO "times" VALUES ( 20265, 12660, NULL, '05:08:00', 20 );

INSERT INTO "dias" VALUES ( 20266, 110, FALSE, TRUE, 'P0503A', 12710, 12510 );
INSERT INTO "dias_line_groups" VALUES ( 20266, 10 );
INSERT INTO "times" VALUES ( 20266, 12510, '05:37:00', NULL, NULL );
INSERT INTO "times" VALUES ( 20266, 12520, '05:35:00', '05:35:00', 20 );
INSERT INTO "times" VALUES ( 20266, 12530, '05:34:00', '05:34:00', 20 );
INSERT INTO "times" VALUES ( 20266, 12540, '05:31:00', '05:31:00', 20 );
INSERT INTO "times" VALUES ( 20266, 12610, '05:26:00', '05:26:00', 20 );
INSERT INTO "times" VALUES ( 20266, 12620, '05:23:00', '05:23:00', 20 );
INSERT INTO "times" VALUES ( 20266, 12630, '05:22:00', '05:22:00', 20 );
INSERT INTO "times" VALUES ( 20266, 12640, '05:20:00', '05:20:00', 20 );
INSERT INTO "times" VALUES ( 20266, 12650, '05:19:00', '05:19:00', 20 );
INSERT INTO "times" VALUES ( 20266, 12660, '05:17:00', '05:17:00', 20 );
INSERT INTO "times" VALUES ( 20266, 12670, '05:14:00', '05:14:00', 20 );
INSERT INTO "times" VALUES ( 20266, 12680, '05:11:00', '05:11:00', 20 );
INSERT INTO "times" VALUES ( 20266, 12690, '05:09:00', '05:09:00', 20 );
INSERT INTO "times" VALUES ( 20266, 12700, '05:07:00', '05:07:00', 20 );
INSERT INTO "times" VALUES ( 20266, 12710, NULL, '05:05:00', 20 );

INSERT INTO "dias" VALUES ( 20267, 110, FALSE, TRUE, 'P0505A', 12660, 12510 );
INSERT INTO "dias_line_groups" VALUES ( 20267, 10 );
INSERT INTO "times" VALUES ( 20267, 12510, '06:10:00', NULL, NULL );
INSERT INTO "times" VALUES ( 20267, 12520, '06:08:00', '06:08:00', 20 );
INSERT INTO "times" VALUES ( 20267, 12530, '06:06:00', '06:06:00', 20 );
INSERT INTO "times" VALUES ( 20267, 12540, '06:03:00', '06:03:00', 20 );
INSERT INTO "times" VALUES ( 20267, 12610, '05:58:00', '05:58:00', 20 );
INSERT INTO "times" VALUES ( 20267, 12620, '05:55:00', '05:55:00', 20 );
INSERT INTO "times" VALUES ( 20267, 12630, '05:53:00', '05:53:00', 20 );
INSERT INTO "times" VALUES ( 20267, 12640, '05:52:00', '05:52:00', 20 );
INSERT INTO "times" VALUES ( 20267, 12650, '05:50:00', '05:50:00', 20 );
INSERT INTO "times" VALUES ( 20267, 12660, NULL, '05:48:00', 20 );

INSERT INTO "dias" VALUES ( 20268, 110, FALSE, TRUE, 'P0601A', 12740, 12510 );
INSERT INTO "dias_line_groups" VALUES ( 20268, 10 );
INSERT INTO "times" VALUES ( 20268, 12510, '07:08:00', NULL, NULL );
INSERT INTO "times" VALUES ( 20268, 12520, '07:06:00', '07:06:00', 20 );
INSERT INTO "times" VALUES ( 20268, 12530, '07:04:00', '07:04:00', 20 );
INSERT INTO "times" VALUES ( 20268, 12540, '07:01:00', '07:01:00', 20 );
INSERT INTO "times" VALUES ( 20268, 12610, '06:56:00', '06:56:00', 20 );
INSERT INTO "times" VALUES ( 20268, 12620, '06:53:00', '06:53:00', 20 );
INSERT INTO "times" VALUES ( 20268, 12630, '06:52:00', '06:52:00', 20 );
INSERT INTO "times" VALUES ( 20268, 12640, '06:50:00', '06:50:00', 20 );
INSERT INTO "times" VALUES ( 20268, 12650, '06:48:00', '06:48:00', 20 );
INSERT INTO "times" VALUES ( 20268, 12660, '06:47:00', '06:47:00', 20 );
INSERT INTO "times" VALUES ( 20268, 12670, '06:43:00', '06:43:00', 20 );
INSERT INTO "times" VALUES ( 20268, 12680, '06:40:00', '06:40:00', 20 );
INSERT INTO "times" VALUES ( 20268, 12690, '06:38:00', '06:38:00', 20 );
INSERT INTO "times" VALUES ( 20268, 12700, '06:35:00', '06:35:00', 20 );
INSERT INTO "times" VALUES ( 20268, 12710, '06:34:00', '06:34:00', 20 );
INSERT INTO "times" VALUES ( 20268, 12720, '06:31:00', '06:31:00', 20 );
INSERT INTO "times" VALUES ( 20268, 12730, '06:28:00', '06:28:00', 20 );
INSERT INTO "times" VALUES ( 20268, 12740, NULL, '06:25:00', 20 );

INSERT INTO "dias" VALUES ( 20269, 110, FALSE, TRUE, 'P0701A', 12660, 12510 );
INSERT INTO "dias_line_groups" VALUES ( 20269, 10 );
INSERT INTO "times" VALUES ( 20269, 12510, '08:07:00', NULL, NULL );
INSERT INTO "times" VALUES ( 20269, 12520, '08:05:00', '08:05:00', 20 );
INSERT INTO "times" VALUES ( 20269, 12530, '08:03:00', '08:03:00', 20 );
INSERT INTO "times" VALUES ( 20269, 12540, '08:00:00', '08:00:00', 20 );
INSERT INTO "times" VALUES ( 20269, 12610, '07:53:00', '07:54:00', 20 );
INSERT INTO "times" VALUES ( 20269, 12620, '07:51:00', '07:51:00', 20 );
INSERT INTO "times" VALUES ( 20269, 12630, '07:50:00', '07:50:00', 20 );
INSERT INTO "times" VALUES ( 20269, 12640, '07:48:00', '07:48:00', 20 );
INSERT INTO "times" VALUES ( 20269, 12650, '07:46:00', '07:46:00', 20 );
INSERT INTO "times" VALUES ( 20269, 12660, NULL, '07:45:00', 20 );

INSERT INTO "dias" VALUES ( 20270, 110, FALSE, TRUE, 'P0800N', 12510, 12660 );
INSERT INTO "dias_line_groups" VALUES ( 20270, 10 );
INSERT INTO "times" VALUES ( 20270, 12510, NULL, '08:05:00', 20 );
INSERT INTO "times" VALUES ( 20270, 12520, '08:06:00', '08:06:00', 20 );
INSERT INTO "times" VALUES ( 20270, 12530, '08:08:00', '08:08:00', 20 );
INSERT INTO "times" VALUES ( 20270, 12540, '08:12:00', '08:12:00', 20 );
INSERT INTO "times" VALUES ( 20270, 12610, '08:17:00', '08:19:00', 20 );
INSERT INTO "times" VALUES ( 20270, 12620, '08:20:00', '08:20:00', 20 );
INSERT INTO "times" VALUES ( 20270, 12630, '08:22:00', '08:22:00', 20 );
INSERT INTO "times" VALUES ( 20270, 12640, '08:23:00', '08:23:00', 20 );
INSERT INTO "times" VALUES ( 20270, 12650, '08:25:00', '08:25:00', 20 );
INSERT INTO "times" VALUES ( 20270, 12660, '08:27:00', NULL, NULL );

INSERT INTO "dias" VALUES ( 20271, 110, FALSE, TRUE, 'P0802N', 12510, 12660 );
INSERT INTO "dias_line_groups" VALUES ( 20271, 10 );
INSERT INTO "times" VALUES ( 20271, 12510, NULL, '08:25:00', 20 );
INSERT INTO "times" VALUES ( 20271, 12520, '08:26:00', '08:26:00', 20 );
INSERT INTO "times" VALUES ( 20271, 12530, '08:28:00', '08:28:00', 20 );
INSERT INTO "times" VALUES ( 20271, 12540, '08:31:00', '08:32:00', 20 );
INSERT INTO "times" VALUES ( 20271, 12610, '08:38:00', '08:39:00', 20 );
INSERT INTO "times" VALUES ( 20271, 12620, '08:40:00', '08:40:00', 20 );
INSERT INTO "times" VALUES ( 20271, 12630, '08:42:00', '08:42:00', 20 );
INSERT INTO "times" VALUES ( 20271, 12640, '08:43:00', '08:43:00', 20 );
INSERT INTO "times" VALUES ( 20271, 12650, '08:45:00', '08:45:00', 20 );
INSERT INTO "times" VALUES ( 20271, 12660, '08:47:00', NULL, NULL );

INSERT INTO "dias" VALUES ( 20272, 110, FALSE, TRUE, 'P0804N', 12510, 12660 );
INSERT INTO "dias_line_groups" VALUES ( 20272, 10 );
INSERT INTO "times" VALUES ( 20272, 12510, NULL, '08:57:00', 20 );
INSERT INTO "times" VALUES ( 20272, 12520, '08:58:00', '08:58:00', 20 );
INSERT INTO "times" VALUES ( 20272, 12530, '09:00:00', '09:00:00', 20 );
INSERT INTO "times" VALUES ( 20272, 12540, '09:03:00', '09:03:00', 20 );
INSERT INTO "times" VALUES ( 20272, 12610, '09:09:00', '09:09:00', 20 );
INSERT INTO "times" VALUES ( 20272, 12620, '09:10:00', '09:10:00', 20 );
INSERT INTO "times" VALUES ( 20272, 12630, '09:12:00', '09:12:00', 20 );
INSERT INTO "times" VALUES ( 20272, 12640, '09:14:00', '09:14:00', 20 );
INSERT INTO "times" VALUES ( 20272, 12650, '09:15:00', '09:15:00', 20 );
INSERT INTO "times" VALUES ( 20272, 12660, '09:17:00', NULL, NULL );

INSERT INTO "dias" VALUES ( 20273, 110, FALSE, TRUE, 'P0900N', 12510, 12660 );
INSERT INTO "dias_line_groups" VALUES ( 20273, 10 );
INSERT INTO "times" VALUES ( 20273, 12510, NULL, '09:17:00', 20 );
INSERT INTO "times" VALUES ( 20273, 12520, '09:18:00', '09:18:00', 20 );
INSERT INTO "times" VALUES ( 20273, 12530, '09:20:00', '09:20:00', 20 );
INSERT INTO "times" VALUES ( 20273, 12540, '09:24:00', '09:24:00', 20 );
INSERT INTO "times" VALUES ( 20273, 12610, '09:29:00', '09:30:00', 20 );
INSERT INTO "times" VALUES ( 20273, 12620, '09:31:00', '09:31:00', 20 );
INSERT INTO "times" VALUES ( 20273, 12630, '09:33:00', '09:33:00', 20 );
INSERT INTO "times" VALUES ( 20273, 12640, '09:35:00', '09:35:00', 20 );
INSERT INTO "times" VALUES ( 20273, 12650, '09:36:00', '09:36:00', 20 );
INSERT INTO "times" VALUES ( 20273, 12660, '09:38:00', NULL, NULL );

INSERT INTO "dias" VALUES ( 20274, 110, FALSE, TRUE, 'P0901A', 12660, 12510 );
INSERT INTO "dias_line_groups" VALUES ( 20274, 10 );
INSERT INTO "times" VALUES ( 20274, 12510, '09:34:00', NULL, NULL );
INSERT INTO "times" VALUES ( 20274, 12520, '09:32:00', '09:32:00', 20 );
INSERT INTO "times" VALUES ( 20274, 12530, '09:31:00', '09:31:00', 20 );
INSERT INTO "times" VALUES ( 20274, 12540, '09:28:00', '09:28:00', 20 );
INSERT INTO "times" VALUES ( 20274, 12610, '09:22:00', '09:22:00', 20 );
INSERT INTO "times" VALUES ( 20274, 12620, '09:19:00', '09:19:00', 20 );
INSERT INTO "times" VALUES ( 20274, 12630, '09:18:00', '09:18:00', 20 );
INSERT INTO "times" VALUES ( 20274, 12640, '09:16:00', '09:16:00', 20 );
INSERT INTO "times" VALUES ( 20274, 12650, '09:14:00', '09:14:00', 20 );
INSERT INTO "times" VALUES ( 20274, 12660, NULL, '09:13:00', 20 );

INSERT INTO "dias" VALUES ( 20275, 110, FALSE, TRUE, 'P0902N', 12510, 12660 );
INSERT INTO "dias_line_groups" VALUES ( 20275, 10 );
INSERT INTO "times" VALUES ( 20275, 12510, NULL, '09:37:00', 20 );
INSERT INTO "times" VALUES ( 20275, 12520, '09:39:00', '09:39:00', 20 );
INSERT INTO "times" VALUES ( 20275, 12530, '09:41:00', '09:41:00', 20 );
INSERT INTO "times" VALUES ( 20275, 12540, '09:44:00', '09:44:00', 20 );
INSERT INTO "times" VALUES ( 20275, 12610, '09:50:00', '09:50:00', 20 );
INSERT INTO "times" VALUES ( 20275, 12620, '09:51:00', '09:51:00', 20 );
INSERT INTO "times" VALUES ( 20275, 12630, '09:53:00', '09:53:00', 20 );
INSERT INTO "times" VALUES ( 20275, 12640, '09:54:00', '09:54:00', 20 );
INSERT INTO "times" VALUES ( 20275, 12650, '09:56:00', '09:56:00', 20 );
INSERT INTO "times" VALUES ( 20275, 12660, '09:58:00', NULL, NULL );

INSERT INTO "dias" VALUES ( 20276, 110, FALSE, TRUE, 'P0903A', 12660, 12510 );
INSERT INTO "dias_line_groups" VALUES ( 20276, 10 );
INSERT INTO "times" VALUES ( 20276, 12510, '10:04:00', NULL, NULL );
INSERT INTO "times" VALUES ( 20276, 12520, '10:02:00', '10:02:00', 20 );
INSERT INTO "times" VALUES ( 20276, 12530, '10:01:00', '10:01:00', 20 );
INSERT INTO "times" VALUES ( 20276, 12540, '09:58:00', '09:58:00', 20 );
INSERT INTO "times" VALUES ( 20276, 12610, '09:52:00', '09:52:00', 20 );
INSERT INTO "times" VALUES ( 20276, 12620, '09:49:00', '09:49:00', 20 );
INSERT INTO "times" VALUES ( 20276, 12630, '09:48:00', '09:48:00', 20 );
INSERT INTO "times" VALUES ( 20276, 12640, '09:46:00', '09:46:00', 20 );
INSERT INTO "times" VALUES ( 20276, 12650, '09:44:00', '09:44:00', 20 );
INSERT INTO "times" VALUES ( 20276, 12660, NULL, '09:43:00', 20 );

INSERT INTO "dias" VALUES ( 20277, 110, FALSE, TRUE, 'P1000N', 12510, 12660 );
INSERT INTO "dias_line_groups" VALUES ( 20277, 10 );
INSERT INTO "times" VALUES ( 20277, 12510, NULL, '10:07:00', 20 );
INSERT INTO "times" VALUES ( 20277, 12520, '10:09:00', '10:09:00', 20 );
INSERT INTO "times" VALUES ( 20277, 12530, '10:11:00', '10:11:00', 20 );
INSERT INTO "times" VALUES ( 20277, 12540, '10:14:00', '10:14:00', 20 );
INSERT INTO "times" VALUES ( 20277, 12610, '10:20:00', '10:20:00', 20 );
INSERT INTO "times" VALUES ( 20277, 12620, '10:21:00', '10:21:00', 20 );
INSERT INTO "times" VALUES ( 20277, 12630, '10:23:00', '10:23:00', 20 );
INSERT INTO "times" VALUES ( 20277, 12640, '10:24:00', '10:24:00', 20 );
INSERT INTO "times" VALUES ( 20277, 12650, '10:26:00', '10:26:00', 20 );
INSERT INTO "times" VALUES ( 20277, 12660, '10:28:00', NULL, NULL );

INSERT INTO "dias" VALUES ( 20278, 110, FALSE, TRUE, 'P1600N', 12510, 12660 );
INSERT INTO "dias_line_groups" VALUES ( 20278, 10 );
INSERT INTO "times" VALUES ( 20278, 12510, NULL, '16:37:00', 20 );
INSERT INTO "times" VALUES ( 20278, 12520, '16:38:00', '16:38:00', 20 );
INSERT INTO "times" VALUES ( 20278, 12530, '16:40:00', '16:40:00', 20 );
INSERT INTO "times" VALUES ( 20278, 12540, '16:44:00', '16:44:00', 20 );
INSERT INTO "times" VALUES ( 20278, 12610, '16:49:00', '16:50:00', 20 );
INSERT INTO "times" VALUES ( 20278, 12620, '16:51:00', '16:51:00', 20 );
INSERT INTO "times" VALUES ( 20278, 12630, '16:53:00', '16:53:00', 20 );
INSERT INTO "times" VALUES ( 20278, 12640, '16:54:00', '16:54:00', 20 );
INSERT INTO "times" VALUES ( 20278, 12650, '16:56:00', '16:56:00', 20 );
INSERT INTO "times" VALUES ( 20278, 12660, '16:58:00', NULL, NULL );

INSERT INTO "dias" VALUES ( 20279, 110, FALSE, TRUE, 'P1700N', 12510, 12660 );
INSERT INTO "dias_line_groups" VALUES ( 20279, 10 );
INSERT INTO "times" VALUES ( 20279, 12510, NULL, '17:07:00', 20 );
INSERT INTO "times" VALUES ( 20279, 12520, '17:08:00', '17:08:00', 20 );
INSERT INTO "times" VALUES ( 20279, 12530, '17:10:00', '17:10:00', 20 );
INSERT INTO "times" VALUES ( 20279, 12540, '17:14:00', '17:14:00', 20 );
INSERT INTO "times" VALUES ( 20279, 12610, '17:19:00', '17:20:00', 20 );
INSERT INTO "times" VALUES ( 20279, 12620, '17:21:00', '17:21:00', 20 );
INSERT INTO "times" VALUES ( 20279, 12630, '17:23:00', '17:23:00', 20 );
INSERT INTO "times" VALUES ( 20279, 12640, '17:24:00', '17:24:00', 20 );
INSERT INTO "times" VALUES ( 20279, 12650, '17:26:00', '17:26:00', 20 );
INSERT INTO "times" VALUES ( 20279, 12660, '17:28:00', NULL, NULL );

INSERT INTO "dias" VALUES ( 20280, 110, FALSE, TRUE, 'P1702N', 12510, 12660 );
INSERT INTO "dias_line_groups" VALUES ( 20280, 10 );
INSERT INTO "times" VALUES ( 20280, 12510, NULL, '17:39:00', 20 );
INSERT INTO "times" VALUES ( 20280, 12520, '17:40:00', '17:40:00', 20 );
INSERT INTO "times" VALUES ( 20280, 12530, '17:42:00', '17:42:00', 20 );
INSERT INTO "times" VALUES ( 20280, 12540, '17:46:00', '17:46:00', 20 );
INSERT INTO "times" VALUES ( 20280, 12610, '17:51:00', '17:51:00', 20 );
INSERT INTO "times" VALUES ( 20280, 12620, '17:53:00', '17:53:00', 20 );
INSERT INTO "times" VALUES ( 20280, 12630, '17:54:00', '17:54:00', 20 );
INSERT INTO "times" VALUES ( 20280, 12640, '17:56:00', '17:56:00', 20 );
INSERT INTO "times" VALUES ( 20280, 12650, '17:58:00', '17:58:00', 20 );
INSERT INTO "times" VALUES ( 20280, 12660, '17:59:00', NULL, NULL );

INSERT INTO "dias" VALUES ( 20281, 110, FALSE, TRUE, 'P1800N', 12510, 12660 );
INSERT INTO "dias_line_groups" VALUES ( 20281, 10 );
INSERT INTO "times" VALUES ( 20281, 12510, NULL, '18:07:00', 20 );
INSERT INTO "times" VALUES ( 20281, 12520, '18:08:00', '18:08:00', 20 );
INSERT INTO "times" VALUES ( 20281, 12530, '18:10:00', '18:10:00', 20 );
INSERT INTO "times" VALUES ( 20281, 12540, '18:14:00', '18:14:00', 20 );
INSERT INTO "times" VALUES ( 20281, 12610, '18:19:00', '18:20:00', 20 );
INSERT INTO "times" VALUES ( 20281, 12620, '18:21:00', '18:21:00', 20 );
INSERT INTO "times" VALUES ( 20281, 12630, '18:23:00', '18:23:00', 20 );
INSERT INTO "times" VALUES ( 20281, 12640, '18:24:00', '18:24:00', 20 );
INSERT INTO "times" VALUES ( 20281, 12650, '18:26:00', '18:26:00', 20 );
INSERT INTO "times" VALUES ( 20281, 12660, '18:28:00', NULL, NULL );

INSERT INTO "dias" VALUES ( 20282, 110, FALSE, TRUE, 'P1802N', 12510, 12660 );
INSERT INTO "dias_line_groups" VALUES ( 20282, 10 );
INSERT INTO "times" VALUES ( 20282, 12510, NULL, '18:37:00', 20 );
INSERT INTO "times" VALUES ( 20282, 12520, '18:38:00', '18:38:00', 20 );
INSERT INTO "times" VALUES ( 20282, 12530, '18:40:00', '18:40:00', 20 );
INSERT INTO "times" VALUES ( 20282, 12540, '18:44:00', '18:44:00', 20 );
INSERT INTO "times" VALUES ( 20282, 12610, '18:49:00', '18:50:00', 20 );
INSERT INTO "times" VALUES ( 20282, 12620, '18:51:00', '18:51:00', 20 );
INSERT INTO "times" VALUES ( 20282, 12630, '18:53:00', '18:53:00', 20 );
INSERT INTO "times" VALUES ( 20282, 12640, '18:54:00', '18:54:00', 20 );
INSERT INTO "times" VALUES ( 20282, 12650, '18:56:00', '18:56:00', 20 );
INSERT INTO "times" VALUES ( 20282, 12660, '18:58:00', NULL, NULL );

INSERT INTO "dias" VALUES ( 20283, 110, FALSE, TRUE, 'P2300H', 11510, 12710 );
INSERT INTO "dias_line_groups" VALUES ( 20283, 10 );
INSERT INTO "times" VALUES ( 20283, 11510, NULL, '23:13:00', 10 );
INSERT INTO "times" VALUES ( 20283, 11520, '23:14:00', '23:14:00', 10 );
INSERT INTO "times" VALUES ( 20283, 11530, '23:16:00', '23:16:00', 10 );
INSERT INTO "times" VALUES ( 20283, 11540, '23:18:00', '23:18:00', 10 );
INSERT INTO "times" VALUES ( 20283, 12530, '23:20:00', '23:20:00', 20 );
INSERT INTO "times" VALUES ( 20283, 12540, '23:23:00', '23:23:00', 20 );
INSERT INTO "times" VALUES ( 20283, 12610, '23:28:00', '23:29:00', 20 );
INSERT INTO "times" VALUES ( 20283, 12620, '23:30:00', '23:30:00', 20 );
INSERT INTO "times" VALUES ( 20283, 12630, '23:32:00', '23:32:00', 20 );
INSERT INTO "times" VALUES ( 20283, 12640, '23:33:00', '23:33:00', 20 );
INSERT INTO "times" VALUES ( 20283, 12650, '23:35:00', '23:35:00', 20 );
INSERT INTO "times" VALUES ( 20283, 12660, '23:38:00', '23:38:00', 20 );
INSERT INTO "times" VALUES ( 20283, 12670, '23:40:00', '23:40:00', 20 );
INSERT INTO "times" VALUES ( 20283, 12680, '23:44:00', '23:44:00', 20 );
INSERT INTO "times" VALUES ( 20283, 12690, '23:46:00', '23:46:00', 20 );
INSERT INTO "times" VALUES ( 20283, 12700, '23:48:00', '23:48:00', 20 );
INSERT INTO "times" VALUES ( 20283, 12710, '23:50:00', NULL, NULL );

INSERT INTO "dias" VALUES ( 20284, 110, FALSE, TRUE, 'P2302N', 12510, 12660 );
INSERT INTO "dias_line_groups" VALUES ( 20284, 10 );
INSERT INTO "times" VALUES ( 20284, 12510, NULL, '23:25:00', 20 );
INSERT INTO "times" VALUES ( 20284, 12520, '23:26:00', '23:26:00', 20 );
INSERT INTO "times" VALUES ( 20284, 12530, '23:28:00', '23:28:00', 20 );
INSERT INTO "times" VALUES ( 20284, 12540, '23:32:00', '23:32:00', 20 );
INSERT INTO "times" VALUES ( 20284, 12610, '23:37:00', '23:37:00', 20 );
INSERT INTO "times" VALUES ( 20284, 12620, '23:39:00', '23:39:00', 20 );
INSERT INTO "times" VALUES ( 20284, 12630, '23:40:00', '23:40:00', 20 );
INSERT INTO "times" VALUES ( 20284, 12640, '23:42:00', '23:42:00', 20 );
INSERT INTO "times" VALUES ( 20284, 12650, '23:44:00', '23:44:00', 20 );
INSERT INTO "times" VALUES ( 20284, 12660, '23:46:00', NULL, NULL );

INSERT INTO "dias" VALUES ( 20285, 100, FALSE, TRUE, 'Q0500Z', 12670, 13520 );
INSERT INTO "dias_line_groups" VALUES ( 20285, 10 );
INSERT INTO "times" VALUES ( 20285, 12670, NULL, '05:01:00', 20 );
INSERT INTO "times" VALUES ( 20285, 12680, '05:05:00', '05:05:00', 20 );
INSERT INTO "times" VALUES ( 20285, 12690, '05:06:00', '05:06:00', 20 );
INSERT INTO "times" VALUES ( 20285, 12700, '05:09:00', '05:09:00', 20 );
INSERT INTO "times" VALUES ( 20285, 12710, '05:11:00', '05:11:00', 20 );
INSERT INTO "times" VALUES ( 20285, 12720, '05:13:00', '05:13:00', 20 );
INSERT INTO "times" VALUES ( 20285, 12730, '05:15:00', '05:15:00', 20 );
INSERT INTO "times" VALUES ( 20285, 12740, '05:18:00', '05:18:00', 20 );
INSERT INTO "times" VALUES ( 20285, 12750, '05:21:00', '05:21:00', 20 );
INSERT INTO "times" VALUES ( 20285, 12760, '05:24:00', '05:24:00', 20 );
INSERT INTO "times" VALUES ( 20285, 12770, '05:28:00', '05:28:00', 20 );
INSERT INTO "times" VALUES ( 20285, 12780, '05:33:00', '05:33:00', 20 );
INSERT INTO "times" VALUES ( 20285, 12790, '05:34:00', '05:34:00', 20 );
INSERT INTO "times" VALUES ( 20285, 12800, '05:36:00', '05:36:00', 20 );
INSERT INTO "times" VALUES ( 20285, 12810, '05:37:00', '05:37:00', 20 );
INSERT INTO "times" VALUES ( 20285, 12820, '05:39:00', '05:39:00', 20 );
INSERT INTO "times" VALUES ( 20285, 12830, '05:41:00', '05:41:00', 20 );
INSERT INTO "times" VALUES ( 20285, 12840, '05:42:00', '05:42:00', 20 );
INSERT INTO "times" VALUES ( 20285, 12850, '05:44:00', '05:44:00', 20 );
INSERT INTO "times" VALUES ( 20285, 12860, '05:45:00', '05:45:00', 20 );
INSERT INTO "times" VALUES ( 20285, 12870, '05:47:00', '05:47:00', 20 );
INSERT INTO "times" VALUES ( 20285, 12880, '05:49:00', '05:49:00', 20 );
INSERT INTO "times" VALUES ( 20285, 12890, '05:51:00', '05:51:00', 20 );
INSERT INTO "times" VALUES ( 20285, 12900, '05:53:00', '05:53:00', 20 );
INSERT INTO "times" VALUES ( 20285, 13510, '05:54:00', '05:54:00', 30 );
INSERT INTO "times" VALUES ( 20285, 13520, '05:57:00', NULL, NULL );

INSERT INTO "dias" VALUES ( 20286, 100, FALSE, TRUE, 'Q0501B', 13520, 11510 );
INSERT INTO "dias_line_groups" VALUES ( 20286, 10 );
INSERT INTO "times" VALUES ( 20286, 11510, '07:01:00', NULL, NULL );
INSERT INTO "times" VALUES ( 20286, 11520, '06:58:00', '06:58:00', 10 );
INSERT INTO "times" VALUES ( 20286, 11530, '06:57:00', '06:57:00', 10 );
INSERT INTO "times" VALUES ( 20286, 11540, '06:55:00', '06:55:00', 10 );
INSERT INTO "times" VALUES ( 20286, 12530, '06:53:00', '06:53:00', 10 );
INSERT INTO "times" VALUES ( 20286, 12540, '06:47:00', '06:51:00', 20 );
INSERT INTO "times" VALUES ( 20286, 12550, '06:45:00', '06:45:00', 20 );
INSERT INTO "times" VALUES ( 20286, 12560, '06:43:00', '06:43:00', 20 );
INSERT INTO "times" VALUES ( 20286, 12570, '06:42:00', '06:42:00', 20 );
INSERT INTO "times" VALUES ( 20286, 12580, '06:40:00', '06:40:00', 20 );
INSERT INTO "times" VALUES ( 20286, 12590, '06:39:00', '06:39:00', 20 );
INSERT INTO "times" VALUES ( 20286, 12600, '06:38:00', '06:38:00', 20 );
INSERT INTO "times" VALUES ( 20286, 12610, '06:34:00', '06:37:00', 20 );
INSERT INTO "times" VALUES ( 20286, 12620, '06:32:00', '06:32:00', 20 );
INSERT INTO "times" VALUES ( 20286, 12630, '06:30:00', '06:30:00', 20 );
INSERT INTO "times" VALUES ( 20286, 12640, '06:29:00', '06:29:00', 20 );
INSERT INTO "times" VALUES ( 20286, 12650, '06:27:00', '06:27:00', 20 );
INSERT INTO "times" VALUES ( 20286, 12660, '06:24:00', '06:25:00', 20 );
INSERT INTO "times" VALUES ( 20286, 12670, '06:22:00', '06:22:00', 20 );
INSERT INTO "times" VALUES ( 20286, 12680, '06:14:00', '06:19:00', 20 );
INSERT INTO "times" VALUES ( 20286, 12690, '06:12:00', '06:12:00', 20 );
INSERT INTO "times" VALUES ( 20286, 12700, '06:10:00', '06:10:00', 20 );
INSERT INTO "times" VALUES ( 20286, 12710, '06:08:00', '06:08:00', 20 );
INSERT INTO "times" VALUES ( 20286, 12720, '06:05:00', '06:05:00', 20 );
INSERT INTO "times" VALUES ( 20286, 12730, '06:03:00', '06:03:00', 20 );
INSERT INTO "times" VALUES ( 20286, 12740, '06:01:00', '06:01:00', 20 );
INSERT INTO "times" VALUES ( 20286, 12750, '05:57:00', '05:57:00', 20 );
INSERT INTO "times" VALUES ( 20286, 12760, '05:55:00', '05:55:00', 20 );
INSERT INTO "times" VALUES ( 20286, 12770, '05:51:00', '05:51:00', 20 );
INSERT INTO "times" VALUES ( 20286, 12780, '05:46:00', '05:46:00', 20 );
INSERT INTO "times" VALUES ( 20286, 12790, '05:44:00', '05:44:00', 20 );
INSERT INTO "times" VALUES ( 20286, 12800, '05:43:00', '05:43:00', 20 );
INSERT INTO "times" VALUES ( 20286, 12810, '05:41:00', '05:41:00', 20 );
INSERT INTO "times" VALUES ( 20286, 12820, '05:39:00', '05:39:00', 20 );
INSERT INTO "times" VALUES ( 20286, 12830, '05:38:00', '05:38:00', 20 );
INSERT INTO "times" VALUES ( 20286, 12840, '05:36:00', '05:36:00', 20 );
INSERT INTO "times" VALUES ( 20286, 12850, '05:34:00', '05:34:00', 20 );
INSERT INTO "times" VALUES ( 20286, 12860, '05:32:00', '05:32:00', 20 );
INSERT INTO "times" VALUES ( 20286, 12870, '05:31:00', '05:31:00', 20 );
INSERT INTO "times" VALUES ( 20286, 12880, '05:29:00', '05:29:00', 20 );
INSERT INTO "times" VALUES ( 20286, 12890, '05:27:00', '05:27:00', 20 );
INSERT INTO "times" VALUES ( 20286, 12900, '05:26:00', '05:26:00', 20 );
INSERT INTO "times" VALUES ( 20286, 13510, '05:24:00', '05:24:00', 30 );
INSERT INTO "times" VALUES ( 20286, 13520, NULL, '05:22:00', 30 );

INSERT INTO "dias" VALUES ( 20287, 100, FALSE, TRUE, 'Q0502Z', 12510, 13520 );
INSERT INTO "dias_line_groups" VALUES ( 20287, 10 );
INSERT INTO "times" VALUES ( 20287, 12510, NULL, '05:04:00', 20 );
INSERT INTO "times" VALUES ( 20287, 12520, '05:05:00', '05:05:00', 20 );
INSERT INTO "times" VALUES ( 20287, 12530, '05:07:00', '05:07:00', 20 );
INSERT INTO "times" VALUES ( 20287, 12540, '05:10:00', '05:10:00', 20 );
INSERT INTO "times" VALUES ( 20287, 12550, '05:12:00', '05:12:00', 20 );
INSERT INTO "times" VALUES ( 20287, 12560, '05:14:00', '05:14:00', 20 );
INSERT INTO "times" VALUES ( 20287, 12570, '05:15:00', '05:15:00', 20 );
INSERT INTO "times" VALUES ( 20287, 12580, '05:17:00', '05:17:00', 20 );
INSERT INTO "times" VALUES ( 20287, 12590, '05:18:00', '05:18:00', 20 );
INSERT INTO "times" VALUES ( 20287, 12600, '05:19:00', '05:19:00', 20 );
INSERT INTO "times" VALUES ( 20287, 12610, '05:21:00', '05:21:00', 20 );
INSERT INTO "times" VALUES ( 20287, 12620, '05:22:00', '05:22:00', 20 );
INSERT INTO "times" VALUES ( 20287, 12630, '05:24:00', '05:24:00', 20 );
INSERT INTO "times" VALUES ( 20287, 12640, '05:25:00', '05:25:00', 20 );
INSERT INTO "times" VALUES ( 20287, 12650, '05:27:00', '05:27:00', 20 );
INSERT INTO "times" VALUES ( 20287, 12660, '05:29:00', '05:29:00', 20 );
INSERT INTO "times" VALUES ( 20287, 12670, '05:32:00', '05:32:00', 20 );
INSERT INTO "times" VALUES ( 20287, 12680, '05:35:00', '05:35:00', 20 );
INSERT INTO "times" VALUES ( 20287, 12690, '05:37:00', '05:37:00', 20 );
INSERT INTO "times" VALUES ( 20287, 12700, '05:39:00', '05:39:00', 20 );
INSERT INTO "times" VALUES ( 20287, 12710, '05:41:00', '05:41:00', 20 );
INSERT INTO "times" VALUES ( 20287, 12720, '05:43:00', '05:43:00', 20 );
INSERT INTO "times" VALUES ( 20287, 12730, '05:45:00', '05:45:00', 20 );
INSERT INTO "times" VALUES ( 20287, 12740, '05:48:00', '05:52:00', 20 );
INSERT INTO "times" VALUES ( 20287, 12750, '05:55:00', '05:55:00', 20 );
INSERT INTO "times" VALUES ( 20287, 12760, '05:58:00', '05:58:00', 20 );
INSERT INTO "times" VALUES ( 20287, 12770, '06:02:00', '06:02:00', 20 );
INSERT INTO "times" VALUES ( 20287, 12780, '06:07:00', '06:07:00', 20 );
INSERT INTO "times" VALUES ( 20287, 12790, '06:08:00', '06:08:00', 20 );
INSERT INTO "times" VALUES ( 20287, 12800, '06:10:00', '06:10:00', 20 );
INSERT INTO "times" VALUES ( 20287, 12810, '06:11:00', '06:11:00', 20 );
INSERT INTO "times" VALUES ( 20287, 12820, '06:13:00', '06:13:00', 20 );
INSERT INTO "times" VALUES ( 20287, 12830, '06:15:00', '06:15:00', 20 );
INSERT INTO "times" VALUES ( 20287, 12840, '06:16:00', '06:16:00', 20 );
INSERT INTO "times" VALUES ( 20287, 12850, '06:18:00', '06:18:00', 20 );
INSERT INTO "times" VALUES ( 20287, 12860, '06:19:00', '06:19:00', 20 );
INSERT INTO "times" VALUES ( 20287, 12870, '06:21:00', '06:21:00', 20 );
INSERT INTO "times" VALUES ( 20287, 12880, '06:23:00', '06:23:00', 20 );
INSERT INTO "times" VALUES ( 20287, 12890, '06:25:00', '06:25:00', 20 );
INSERT INTO "times" VALUES ( 20287, 12900, '06:27:00', '06:27:00', 20 );
INSERT INTO "times" VALUES ( 20287, 13510, '06:28:00', '06:28:00', 30 );
INSERT INTO "times" VALUES ( 20287, 13520, '06:31:00', NULL, NULL );

INSERT INTO "dias" VALUES ( 20288, 100, FALSE, TRUE, 'Q0503B', 13520, 11510 );
INSERT INTO "dias_line_groups" VALUES ( 20288, 10 );
INSERT INTO "times" VALUES ( 20288, 11510, '07:18:00', NULL, NULL );
INSERT INTO "times" VALUES ( 20288, 11520, '07:16:00', '07:16:00', 10 );
INSERT INTO "times" VALUES ( 20288, 11530, '07:14:00', '07:14:00', 10 );
INSERT INTO "times" VALUES ( 20288, 11540, '07:12:00', '07:12:00', 10 );
INSERT INTO "times" VALUES ( 20288, 12530, '07:11:00', '07:11:00', 10 );
INSERT INTO "times" VALUES ( 20288, 12540, '07:04:00', '07:08:00', 20 );
INSERT INTO "times" VALUES ( 20288, 12550, '07:01:00', '07:01:00', 20 );
INSERT INTO "times" VALUES ( 20288, 12560, '07:00:00', '07:00:00', 20 );
INSERT INTO "times" VALUES ( 20288, 12570, '06:58:00', '06:58:00', 20 );
INSERT INTO "times" VALUES ( 20288, 12580, '06:57:00', '06:57:00', 20 );
INSERT INTO "times" VALUES ( 20288, 12590, '06:55:00', '06:55:00', 20 );
INSERT INTO "times" VALUES ( 20288, 12600, '06:54:00', '06:54:00', 20 );
INSERT INTO "times" VALUES ( 20288, 12610, '06:52:00', '06:53:00', 20 );
INSERT INTO "times" VALUES ( 20288, 12620, '06:50:00', '06:50:00', 20 );
INSERT INTO "times" VALUES ( 20288, 12630, '06:49:00', '06:49:00', 20 );
INSERT INTO "times" VALUES ( 20288, 12640, '06:47:00', '06:47:00', 20 );
INSERT INTO "times" VALUES ( 20288, 12650, '06:45:00', '06:45:00', 20 );
INSERT INTO "times" VALUES ( 20288, 12660, '06:44:00', '06:44:00', 20 );
INSERT INTO "times" VALUES ( 20288, 12670, '06:40:00', '06:40:00', 20 );
INSERT INTO "times" VALUES ( 20288, 12680, '06:33:00', '06:37:00', 20 );
INSERT INTO "times" VALUES ( 20288, 12690, '06:31:00', '06:31:00', 20 );
INSERT INTO "times" VALUES ( 20288, 12700, '06:29:00', '06:29:00', 20 );
INSERT INTO "times" VALUES ( 20288, 12710, '06:27:00', '06:27:00', 20 );
INSERT INTO "times" VALUES ( 20288, 12720, '06:24:00', '06:24:00', 20 );
INSERT INTO "times" VALUES ( 20288, 12730, '06:22:00', '06:22:00', 20 );
INSERT INTO "times" VALUES ( 20288, 12740, '06:20:00', '06:20:00', 20 );
INSERT INTO "times" VALUES ( 20288, 12750, '06:16:00', '06:16:00', 20 );
INSERT INTO "times" VALUES ( 20288, 12760, '06:14:00', '06:14:00', 20 );
INSERT INTO "times" VALUES ( 20288, 12770, '06:10:00', '06:10:00', 20 );
INSERT INTO "times" VALUES ( 20288, 12780, '06:05:00', '06:05:00', 20 );
INSERT INTO "times" VALUES ( 20288, 12790, '06:03:00', '06:03:00', 20 );
INSERT INTO "times" VALUES ( 20288, 12800, '06:02:00', '06:02:00', 20 );
INSERT INTO "times" VALUES ( 20288, 12810, '06:00:00', '06:00:00', 20 );
INSERT INTO "times" VALUES ( 20288, 12820, '05:58:00', '05:58:00', 20 );
INSERT INTO "times" VALUES ( 20288, 12830, '05:57:00', '05:57:00', 20 );
INSERT INTO "times" VALUES ( 20288, 12840, '05:55:00', '05:55:00', 20 );
INSERT INTO "times" VALUES ( 20288, 12850, '05:53:00', '05:53:00', 20 );
INSERT INTO "times" VALUES ( 20288, 12860, '05:51:00', '05:51:00', 20 );
INSERT INTO "times" VALUES ( 20288, 12870, '05:50:00', '05:50:00', 20 );
INSERT INTO "times" VALUES ( 20288, 12880, '05:48:00', '05:48:00', 20 );
INSERT INTO "times" VALUES ( 20288, 12890, '05:46:00', '05:46:00', 20 );
INSERT INTO "times" VALUES ( 20288, 12900, '05:45:00', '05:45:00', 20 );
INSERT INTO "times" VALUES ( 20288, 13510, '05:43:00', '05:43:00', 30 );
INSERT INTO "times" VALUES ( 20288, 13520, NULL, '05:41:00', 30 );

INSERT INTO "dias" VALUES ( 20289, 100, FALSE, TRUE, 'Q0504Z', 11510, 13520 );
INSERT INTO "dias_line_groups" VALUES ( 20289, 10 );
INSERT INTO "times" VALUES ( 20289, 11510, NULL, '05:12:00', 10 );
INSERT INTO "times" VALUES ( 20289, 11520, '05:14:00', '05:14:00', 10 );
INSERT INTO "times" VALUES ( 20289, 11530, '05:15:00', '05:15:00', 10 );
INSERT INTO "times" VALUES ( 20289, 11540, '05:17:00', '05:17:00', 10 );
INSERT INTO "times" VALUES ( 20289, 12530, '05:19:00', '05:19:00', 20 );
INSERT INTO "times" VALUES ( 20289, 12540, '05:22:00', '05:22:00', 20 );
INSERT INTO "times" VALUES ( 20289, 12550, '05:24:00', '05:24:00', 20 );
INSERT INTO "times" VALUES ( 20289, 12560, '05:26:00', '05:26:00', 20 );
INSERT INTO "times" VALUES ( 20289, 12570, '05:27:00', '05:27:00', 20 );
INSERT INTO "times" VALUES ( 20289, 12580, '05:28:00', '05:28:00', 20 );
INSERT INTO "times" VALUES ( 20289, 12590, '05:30:00', '05:30:00', 20 );
INSERT INTO "times" VALUES ( 20289, 12600, '05:31:00', '05:31:00', 20 );
INSERT INTO "times" VALUES ( 20289, 12610, '05:33:00', '05:33:00', 20 );
INSERT INTO "times" VALUES ( 20289, 12620, '05:35:00', '05:35:00', 20 );
INSERT INTO "times" VALUES ( 20289, 12630, '05:36:00', '05:36:00', 20 );
INSERT INTO "times" VALUES ( 20289, 12640, '05:38:00', '05:38:00', 20 );
INSERT INTO "times" VALUES ( 20289, 12650, '05:39:00', '05:39:00', 20 );
INSERT INTO "times" VALUES ( 20289, 12660, '05:42:00', '05:42:00', 20 );
INSERT INTO "times" VALUES ( 20289, 12670, '05:45:00', '05:45:00', 20 );
INSERT INTO "times" VALUES ( 20289, 12680, '05:48:00', '05:48:00', 20 );
INSERT INTO "times" VALUES ( 20289, 12690, '05:49:00', '05:49:00', 20 );
INSERT INTO "times" VALUES ( 20289, 12700, '05:52:00', '05:52:00', 20 );
INSERT INTO "times" VALUES ( 20289, 12710, '05:54:00', '05:54:00', 20 );
INSERT INTO "times" VALUES ( 20289, 12720, '05:56:00', '05:56:00', 20 );
INSERT INTO "times" VALUES ( 20289, 12730, '05:58:00', '05:58:00', 20 );
INSERT INTO "times" VALUES ( 20289, 12740, '06:02:00', '06:02:00', 20 );
INSERT INTO "times" VALUES ( 20289, 12750, '06:04:00', '06:04:00', 20 );
INSERT INTO "times" VALUES ( 20289, 12760, '06:07:00', '06:07:00', 20 );
INSERT INTO "times" VALUES ( 20289, 12770, '06:11:00', '06:11:00', 20 );
INSERT INTO "times" VALUES ( 20289, 12780, '06:16:00', '06:16:00', 20 );
INSERT INTO "times" VALUES ( 20289, 12790, '06:17:00', '06:17:00', 20 );
INSERT INTO "times" VALUES ( 20289, 12800, '06:19:00', '06:19:00', 20 );
INSERT INTO "times" VALUES ( 20289, 12810, '06:20:00', '06:20:00', 20 );
INSERT INTO "times" VALUES ( 20289, 12820, '06:22:00', '06:22:00', 20 );
INSERT INTO "times" VALUES ( 20289, 12830, '06:24:00', '06:24:00', 20 );
INSERT INTO "times" VALUES ( 20289, 12840, '06:25:00', '06:25:00', 20 );
INSERT INTO "times" VALUES ( 20289, 12850, '06:27:00', '06:27:00', 20 );
INSERT INTO "times" VALUES ( 20289, 12860, '06:28:00', '06:28:00', 20 );
INSERT INTO "times" VALUES ( 20289, 12870, '06:30:00', '06:30:00', 20 );
INSERT INTO "times" VALUES ( 20289, 12880, '06:32:00', '06:32:00', 20 );
INSERT INTO "times" VALUES ( 20289, 12890, '06:34:00', '06:34:00', 20 );
INSERT INTO "times" VALUES ( 20289, 12900, '06:36:00', '06:36:00', 20 );
INSERT INTO "times" VALUES ( 20289, 13510, '06:37:00', '06:37:00', 30 );
INSERT INTO "times" VALUES ( 20289, 13520, '06:40:00', NULL, NULL );

INSERT INTO "dias" VALUES ( 20290, 100, FALSE, TRUE, 'Q0506Z', 12670, 13520 );
INSERT INTO "dias_line_groups" VALUES ( 20290, 10 );
INSERT INTO "times" VALUES ( 20290, 12670, NULL, '05:20:00', 20 );
INSERT INTO "times" VALUES ( 20290, 12680, '05:23:00', '05:23:00', 20 );
INSERT INTO "times" VALUES ( 20290, 12690, '05:25:00', '05:25:00', 20 );
INSERT INTO "times" VALUES ( 20290, 12700, '05:27:00', '05:27:00', 20 );
INSERT INTO "times" VALUES ( 20290, 12710, '05:29:00', '05:30:00', 20 );
INSERT INTO "times" VALUES ( 20290, 12720, '05:32:00', '05:32:00', 20 );
INSERT INTO "times" VALUES ( 20290, 12730, '05:34:00', '05:34:00', 20 );
INSERT INTO "times" VALUES ( 20290, 12740, '05:38:00', '05:38:00', 20 );
INSERT INTO "times" VALUES ( 20290, 12750, '05:40:00', '05:40:00', 20 );
INSERT INTO "times" VALUES ( 20290, 12760, '05:43:00', '05:43:00', 20 );
INSERT INTO "times" VALUES ( 20290, 12770, '05:47:00', '05:47:00', 20 );
INSERT INTO "times" VALUES ( 20290, 12780, '05:52:00', '05:52:00', 20 );
INSERT INTO "times" VALUES ( 20290, 12790, '05:53:00', '05:53:00', 20 );
INSERT INTO "times" VALUES ( 20290, 12800, '05:55:00', '05:59:00', 20 );
INSERT INTO "times" VALUES ( 20290, 12810, '06:01:00', '06:01:00', 20 );
INSERT INTO "times" VALUES ( 20290, 12820, '06:02:00', '06:02:00', 20 );
INSERT INTO "times" VALUES ( 20290, 12830, '06:04:00', '06:04:00', 20 );
INSERT INTO "times" VALUES ( 20290, 12840, '06:06:00', '06:06:00', 20 );
INSERT INTO "times" VALUES ( 20290, 12850, '06:07:00', '06:07:00', 20 );
INSERT INTO "times" VALUES ( 20290, 12860, '06:09:00', '06:09:00', 20 );
INSERT INTO "times" VALUES ( 20290, 12870, '06:10:00', '06:10:00', 20 );
INSERT INTO "times" VALUES ( 20290, 12880, '06:12:00', '06:12:00', 20 );
INSERT INTO "times" VALUES ( 20290, 12890, '06:14:00', '06:14:00', 20 );
INSERT INTO "times" VALUES ( 20290, 12900, '06:16:00', '06:16:00', 20 );
INSERT INTO "times" VALUES ( 20290, 13510, '06:18:00', '06:18:00', 30 );
INSERT INTO "times" VALUES ( 20290, 13520, '06:20:00', NULL, NULL );

INSERT INTO "dias" VALUES ( 20291, 100, FALSE, TRUE, 'Q0508Z', 12510, 13520 );
INSERT INTO "dias_line_groups" VALUES ( 20291, 10 );
INSERT INTO "times" VALUES ( 20291, 12510, NULL, '05:33:00', 20 );
INSERT INTO "times" VALUES ( 20291, 12520, '05:35:00', '05:35:00', 20 );
INSERT INTO "times" VALUES ( 20291, 12530, '05:37:00', '05:37:00', 20 );
INSERT INTO "times" VALUES ( 20291, 12540, '05:40:00', '05:40:00', 20 );
INSERT INTO "times" VALUES ( 20291, 12550, '05:42:00', '05:42:00', 20 );
INSERT INTO "times" VALUES ( 20291, 12560, '05:43:00', '05:43:00', 20 );
INSERT INTO "times" VALUES ( 20291, 12570, '05:45:00', '05:45:00', 20 );
INSERT INTO "times" VALUES ( 20291, 12580, '05:46:00', '05:46:00', 20 );
INSERT INTO "times" VALUES ( 20291, 12590, '05:47:00', '05:47:00', 20 );
INSERT INTO "times" VALUES ( 20291, 12600, '05:48:00', '05:48:00', 20 );
INSERT INTO "times" VALUES ( 20291, 12610, '05:50:00', '05:50:00', 20 );
INSERT INTO "times" VALUES ( 20291, 12620, '05:52:00', '05:52:00', 20 );
INSERT INTO "times" VALUES ( 20291, 12630, '05:53:00', '05:53:00', 20 );
INSERT INTO "times" VALUES ( 20291, 12640, '05:54:00', '05:54:00', 20 );
INSERT INTO "times" VALUES ( 20291, 12650, '05:56:00', '05:56:00', 20 );
INSERT INTO "times" VALUES ( 20291, 12660, '05:58:00', '05:58:00', 20 );
INSERT INTO "times" VALUES ( 20291, 12670, '06:01:00', '06:01:00', 20 );
INSERT INTO "times" VALUES ( 20291, 12680, '06:04:00', '06:04:00', 20 );
INSERT INTO "times" VALUES ( 20291, 12690, '06:06:00', '06:06:00', 20 );
INSERT INTO "times" VALUES ( 20291, 12700, '06:08:00', '06:08:00', 20 );
INSERT INTO "times" VALUES ( 20291, 12710, '06:11:00', '06:11:00', 20 );
INSERT INTO "times" VALUES ( 20291, 12720, '06:13:00', '06:13:00', 20 );
INSERT INTO "times" VALUES ( 20291, 12730, '06:15:00', '06:15:00', 20 );
INSERT INTO "times" VALUES ( 20291, 12740, '06:18:00', '06:21:00', 20 );
INSERT INTO "times" VALUES ( 20291, 12750, '06:24:00', '06:24:00', 20 );
INSERT INTO "times" VALUES ( 20291, 12760, '06:27:00', '06:27:00', 20 );
INSERT INTO "times" VALUES ( 20291, 12770, '06:31:00', '06:31:00', 20 );
INSERT INTO "times" VALUES ( 20291, 12780, '06:35:00', '06:35:00', 20 );
INSERT INTO "times" VALUES ( 20291, 12790, '06:37:00', '06:37:00', 20 );
INSERT INTO "times" VALUES ( 20291, 12800, '06:39:00', '06:39:00', 20 );
INSERT INTO "times" VALUES ( 20291, 12810, '06:40:00', '06:40:00', 20 );
INSERT INTO "times" VALUES ( 20291, 12820, '06:42:00', '06:42:00', 20 );
INSERT INTO "times" VALUES ( 20291, 12830, '06:44:00', '06:44:00', 20 );
INSERT INTO "times" VALUES ( 20291, 12840, '06:45:00', '06:45:00', 20 );
INSERT INTO "times" VALUES ( 20291, 12850, '06:46:00', '06:46:00', 20 );
INSERT INTO "times" VALUES ( 20291, 12860, '06:48:00', '06:48:00', 20 );
INSERT INTO "times" VALUES ( 20291, 12870, '06:50:00', '06:50:00', 20 );
INSERT INTO "times" VALUES ( 20291, 12880, '06:52:00', '06:52:00', 20 );
INSERT INTO "times" VALUES ( 20291, 12890, '06:53:00', '06:53:00', 20 );
INSERT INTO "times" VALUES ( 20291, 12900, '06:55:00', '06:55:00', 20 );
INSERT INTO "times" VALUES ( 20291, 13510, '06:57:00', '06:57:00', 30 );
INSERT INTO "times" VALUES ( 20291, 13520, '07:00:00', NULL, NULL );

INSERT INTO "dias" VALUES ( 20292, 100, FALSE, TRUE, 'Q0510Z', 11510, 13520 );
INSERT INTO "dias_line_groups" VALUES ( 20292, 10 );
INSERT INTO "times" VALUES ( 20292, 11510, NULL, '05:38:00', 10 );
INSERT INTO "times" VALUES ( 20292, 11520, '05:39:00', '05:39:00', 10 );
INSERT INTO "times" VALUES ( 20292, 11530, '05:41:00', '05:41:00', 10 );
INSERT INTO "times" VALUES ( 20292, 11540, '05:43:00', '05:43:00', 10 );
INSERT INTO "times" VALUES ( 20292, 12530, '05:45:00', '05:45:00', 20 );
INSERT INTO "times" VALUES ( 20292, 12540, '05:48:00', '05:48:00', 20 );
INSERT INTO "times" VALUES ( 20292, 12550, '05:50:00', '05:50:00', 20 );
INSERT INTO "times" VALUES ( 20292, 12560, '05:52:00', '05:52:00', 20 );
INSERT INTO "times" VALUES ( 20292, 12570, '05:53:00', '05:53:00', 20 );
INSERT INTO "times" VALUES ( 20292, 12580, '05:55:00', '05:55:00', 20 );
INSERT INTO "times" VALUES ( 20292, 12590, '05:56:00', '05:56:00', 20 );
INSERT INTO "times" VALUES ( 20292, 12600, '05:57:00', '05:57:00', 20 );
INSERT INTO "times" VALUES ( 20292, 12610, '05:58:00', '06:01:00', 20 );
INSERT INTO "times" VALUES ( 20292, 12620, '06:02:00', '06:02:00', 20 );
INSERT INTO "times" VALUES ( 20292, 12630, '06:03:00', '06:03:00', 20 );
INSERT INTO "times" VALUES ( 20292, 12640, '06:05:00', '06:05:00', 20 );
INSERT INTO "times" VALUES ( 20292, 12650, '06:07:00', '06:07:00', 20 );
INSERT INTO "times" VALUES ( 20292, 12660, '06:09:00', '06:09:00', 20 );
INSERT INTO "times" VALUES ( 20292, 12670, '06:12:00', '06:12:00', 20 );
INSERT INTO "times" VALUES ( 20292, 12680, '06:15:00', '06:15:00', 20 );
INSERT INTO "times" VALUES ( 20292, 12690, '06:16:00', '06:16:00', 20 );
INSERT INTO "times" VALUES ( 20292, 12700, '06:19:00', '06:19:00', 20 );
INSERT INTO "times" VALUES ( 20292, 12710, '06:21:00', '06:21:00', 20 );
INSERT INTO "times" VALUES ( 20292, 12720, '06:23:00', '06:23:00', 20 );
INSERT INTO "times" VALUES ( 20292, 12730, '06:25:00', '06:25:00', 20 );
INSERT INTO "times" VALUES ( 20292, 12740, '06:28:00', '06:28:00', 20 );
INSERT INTO "times" VALUES ( 20292, 12750, '06:31:00', '06:31:00', 20 );
INSERT INTO "times" VALUES ( 20292, 12760, '06:34:00', '06:34:00', 20 );
INSERT INTO "times" VALUES ( 20292, 12770, '06:38:00', '06:38:00', 20 );
INSERT INTO "times" VALUES ( 20292, 12780, '06:42:00', '06:43:00', 20 );
INSERT INTO "times" VALUES ( 20292, 12790, '06:44:00', '06:44:00', 20 );
INSERT INTO "times" VALUES ( 20292, 12800, '06:47:00', '06:47:00', 20 );
INSERT INTO "times" VALUES ( 20292, 12810, '06:48:00', '06:48:00', 20 );
INSERT INTO "times" VALUES ( 20292, 12820, '06:50:00', '06:50:00', 20 );
INSERT INTO "times" VALUES ( 20292, 12830, '06:52:00', '06:52:00', 20 );
INSERT INTO "times" VALUES ( 20292, 12840, '06:53:00', '06:53:00', 20 );
INSERT INTO "times" VALUES ( 20292, 12850, '06:54:00', '06:54:00', 20 );
INSERT INTO "times" VALUES ( 20292, 12860, '06:56:00', '06:56:00', 20 );
INSERT INTO "times" VALUES ( 20292, 12870, '06:58:00', '06:58:00', 20 );
INSERT INTO "times" VALUES ( 20292, 12880, '06:59:00', '06:59:00', 20 );
INSERT INTO "times" VALUES ( 20292, 12890, '07:01:00', '07:01:00', 20 );
INSERT INTO "times" VALUES ( 20292, 12900, '07:03:00', '07:03:00', 20 );
INSERT INTO "times" VALUES ( 20292, 13510, '07:05:00', '07:05:00', 30 );
INSERT INTO "times" VALUES ( 20292, 13520, '07:08:00', NULL, NULL );

INSERT INTO "dias" VALUES ( 20293, 100, FALSE, TRUE, 'Q0512Z', 12510, 13520 );
INSERT INTO "dias_line_groups" VALUES ( 20293, 10 );
INSERT INTO "times" VALUES ( 20293, 12510, NULL, '05:54:00', 20 );
INSERT INTO "times" VALUES ( 20293, 12520, '05:55:00', '05:55:00', 20 );
INSERT INTO "times" VALUES ( 20293, 12530, '05:57:00', '05:57:00', 20 );
INSERT INTO "times" VALUES ( 20293, 12540, '06:00:00', '06:00:00', 20 );
INSERT INTO "times" VALUES ( 20293, 12550, '06:03:00', '06:03:00', 20 );
INSERT INTO "times" VALUES ( 20293, 12560, '06:04:00', '06:04:00', 20 );
INSERT INTO "times" VALUES ( 20293, 12570, '06:05:00', '06:05:00', 20 );
INSERT INTO "times" VALUES ( 20293, 12580, '06:07:00', '06:07:00', 20 );
INSERT INTO "times" VALUES ( 20293, 12590, '06:08:00', '06:08:00', 20 );
INSERT INTO "times" VALUES ( 20293, 12600, '06:09:00', '06:09:00', 20 );
INSERT INTO "times" VALUES ( 20293, 12610, '06:11:00', '06:11:00', 20 );
INSERT INTO "times" VALUES ( 20293, 12620, '06:13:00', '06:13:00', 20 );
INSERT INTO "times" VALUES ( 20293, 12630, '06:14:00', '06:14:00', 20 );
INSERT INTO "times" VALUES ( 20293, 12640, '06:16:00', '06:16:00', 20 );
INSERT INTO "times" VALUES ( 20293, 12650, '06:17:00', '06:17:00', 20 );
INSERT INTO "times" VALUES ( 20293, 12660, '06:19:00', '06:20:00', 20 );
INSERT INTO "times" VALUES ( 20293, 12670, '06:23:00', '06:23:00', 20 );
INSERT INTO "times" VALUES ( 20293, 12680, '06:26:00', '06:31:00', 20 );
INSERT INTO "times" VALUES ( 20293, 12690, '06:33:00', '06:33:00', 20 );
INSERT INTO "times" VALUES ( 20293, 12700, '06:36:00', '06:36:00', 20 );
INSERT INTO "times" VALUES ( 20293, 12710, '06:38:00', '06:39:00', 20 );
INSERT INTO "times" VALUES ( 20293, 12720, '06:40:00', '06:40:00', 20 );
INSERT INTO "times" VALUES ( 20293, 12730, '06:43:00', '06:43:00', 20 );
INSERT INTO "times" VALUES ( 20293, 12740, '06:45:00', '06:46:00', 20 );
INSERT INTO "times" VALUES ( 20293, 12750, '06:49:00', '06:49:00', 20 );
INSERT INTO "times" VALUES ( 20293, 12760, '06:52:00', '06:52:00', 20 );
INSERT INTO "times" VALUES ( 20293, 12770, '06:56:00', '06:56:00', 20 );
INSERT INTO "times" VALUES ( 20293, 12780, '07:00:00', '07:01:00', 20 );
INSERT INTO "times" VALUES ( 20293, 12790, '07:02:00', '07:02:00', 20 );
INSERT INTO "times" VALUES ( 20293, 12800, '07:04:00', '07:10:00', 20 );
INSERT INTO "times" VALUES ( 20293, 12810, '07:12:00', '07:12:00', 20 );
INSERT INTO "times" VALUES ( 20293, 12820, '07:13:00', '07:13:00', 20 );
INSERT INTO "times" VALUES ( 20293, 12830, '07:15:00', '07:15:00', 20 );
INSERT INTO "times" VALUES ( 20293, 12840, '07:16:00', '07:16:00', 20 );
INSERT INTO "times" VALUES ( 20293, 12850, '07:18:00', '07:18:00', 20 );
INSERT INTO "times" VALUES ( 20293, 12860, '07:19:00', '07:19:00', 20 );
INSERT INTO "times" VALUES ( 20293, 12870, '07:21:00', '07:21:00', 20 );
INSERT INTO "times" VALUES ( 20293, 12880, '07:23:00', '07:23:00', 20 );
INSERT INTO "times" VALUES ( 20293, 12890, '07:25:00', '07:25:00', 20 );
INSERT INTO "times" VALUES ( 20293, 12900, '07:27:00', '07:27:00', 20 );
INSERT INTO "times" VALUES ( 20293, 13510, '07:29:00', '07:29:00', 30 );
INSERT INTO "times" VALUES ( 20293, 13520, '07:31:00', NULL, NULL );

INSERT INTO "dias" VALUES ( 20294, 100, FALSE, TRUE, 'Q0600Z', 11510, 13520 );
INSERT INTO "dias_line_groups" VALUES ( 20294, 10 );
INSERT INTO "times" VALUES ( 20294, 11510, NULL, '06:03:00', 10 );
INSERT INTO "times" VALUES ( 20294, 11520, '06:05:00', '06:05:00', 10 );
INSERT INTO "times" VALUES ( 20294, 11530, '06:06:00', '06:06:00', 10 );
INSERT INTO "times" VALUES ( 20294, 11540, '06:08:00', '06:08:00', 10 );
INSERT INTO "times" VALUES ( 20294, 12530, '06:10:00', '06:10:00', 20 );
INSERT INTO "times" VALUES ( 20294, 12540, '06:13:00', '06:15:00', 20 );
INSERT INTO "times" VALUES ( 20294, 12550, '06:18:00', '06:18:00', 20 );
INSERT INTO "times" VALUES ( 20294, 12560, '06:19:00', '06:19:00', 20 );
INSERT INTO "times" VALUES ( 20294, 12570, '06:20:00', '06:20:00', 20 );
INSERT INTO "times" VALUES ( 20294, 12580, '06:22:00', '06:22:00', 20 );
INSERT INTO "times" VALUES ( 20294, 12590, '06:23:00', '06:23:00', 20 );
INSERT INTO "times" VALUES ( 20294, 12600, '06:24:00', '06:24:00', 20 );
INSERT INTO "times" VALUES ( 20294, 12610, '06:27:00', '06:27:00', 20 );
INSERT INTO "times" VALUES ( 20294, 12620, '06:28:00', '06:28:00', 20 );
INSERT INTO "times" VALUES ( 20294, 12630, '06:29:00', '06:29:00', 20 );
INSERT INTO "times" VALUES ( 20294, 12640, '06:31:00', '06:31:00', 20 );
INSERT INTO "times" VALUES ( 20294, 12650, '06:32:00', '06:32:00', 20 );
INSERT INTO "times" VALUES ( 20294, 12660, '06:35:00', '06:35:00', 20 );
INSERT INTO "times" VALUES ( 20294, 12670, '06:38:00', '06:38:00', 20 );
INSERT INTO "times" VALUES ( 20294, 12680, '06:41:00', '06:45:00', 20 );
INSERT INTO "times" VALUES ( 20294, 12690, '06:48:00', '06:48:00', 20 );
INSERT INTO "times" VALUES ( 20294, 12700, '06:50:00', '06:50:00', 20 );
INSERT INTO "times" VALUES ( 20294, 12710, '06:52:00', '06:52:00', 20 );
INSERT INTO "times" VALUES ( 20294, 12720, '06:54:00', '06:54:00', 20 );
INSERT INTO "times" VALUES ( 20294, 12730, '06:56:00', '06:56:00', 20 );
INSERT INTO "times" VALUES ( 20294, 12740, '07:00:00', '07:00:00', 20 );
INSERT INTO "times" VALUES ( 20294, 12750, '07:02:00', '07:02:00', 20 );
INSERT INTO "times" VALUES ( 20294, 12760, '07:05:00', '07:05:00', 20 );
INSERT INTO "times" VALUES ( 20294, 12770, '07:09:00', '07:09:00', 20 );
INSERT INTO "times" VALUES ( 20294, 12780, '07:14:00', '07:14:00', 20 );
INSERT INTO "times" VALUES ( 20294, 12790, '07:15:00', '07:15:00', 20 );
INSERT INTO "times" VALUES ( 20294, 12800, '07:17:00', '07:22:00', 20 );
INSERT INTO "times" VALUES ( 20294, 12810, '07:23:00', '07:23:00', 20 );
INSERT INTO "times" VALUES ( 20294, 12820, '07:25:00', '07:25:00', 20 );
INSERT INTO "times" VALUES ( 20294, 12830, '07:27:00', '07:27:00', 20 );
INSERT INTO "times" VALUES ( 20294, 12840, '07:28:00', '07:28:00', 20 );
INSERT INTO "times" VALUES ( 20294, 12850, '07:29:00', '07:29:00', 20 );
INSERT INTO "times" VALUES ( 20294, 12860, '07:31:00', '07:31:00', 20 );
INSERT INTO "times" VALUES ( 20294, 12870, '07:33:00', '07:33:00', 20 );
INSERT INTO "times" VALUES ( 20294, 12880, '07:35:00', '07:35:00', 20 );
INSERT INTO "times" VALUES ( 20294, 12890, '07:36:00', '07:36:00', 20 );
INSERT INTO "times" VALUES ( 20294, 12900, '07:39:00', '07:39:00', 20 );
INSERT INTO "times" VALUES ( 20294, 13510, '07:40:00', '07:40:00', 30 );
INSERT INTO "times" VALUES ( 20294, 13520, '07:43:00', NULL, NULL );

INSERT INTO "dias" VALUES ( 20295, 100, FALSE, TRUE, 'Q0601B', 13520, 11510 );
INSERT INTO "dias_line_groups" VALUES ( 20295, 10 );
INSERT INTO "times" VALUES ( 20295, 11510, '07:46:00', NULL, NULL );
INSERT INTO "times" VALUES ( 20295, 11520, '07:43:00', '07:43:00', 10 );
INSERT INTO "times" VALUES ( 20295, 11530, '07:42:00', '07:42:00', 10 );
INSERT INTO "times" VALUES ( 20295, 11540, '07:40:00', '07:40:00', 10 );
INSERT INTO "times" VALUES ( 20295, 12530, '07:39:00', '07:39:00', 10 );
INSERT INTO "times" VALUES ( 20295, 12540, '07:32:00', '07:36:00', 20 );
INSERT INTO "times" VALUES ( 20295, 12550, '07:29:00', '07:29:00', 20 );
INSERT INTO "times" VALUES ( 20295, 12560, '07:28:00', '07:28:00', 20 );
INSERT INTO "times" VALUES ( 20295, 12570, '07:26:00', '07:26:00', 20 );
INSERT INTO "times" VALUES ( 20295, 12580, '07:25:00', '07:25:00', 20 );
INSERT INTO "times" VALUES ( 20295, 12590, '07:23:00', '07:23:00', 20 );
INSERT INTO "times" VALUES ( 20295, 12600, '07:22:00', '07:22:00', 20 );
INSERT INTO "times" VALUES ( 20295, 12610, '07:18:00', '07:21:00', 20 );
INSERT INTO "times" VALUES ( 20295, 12620, '07:15:00', '07:15:00', 20 );
INSERT INTO "times" VALUES ( 20295, 12630, '07:14:00', '07:14:00', 20 );
INSERT INTO "times" VALUES ( 20295, 12640, '07:12:00', '07:12:00', 20 );
INSERT INTO "times" VALUES ( 20295, 12650, '07:10:00', '07:10:00', 20 );
INSERT INTO "times" VALUES ( 20295, 12660, '07:08:00', '07:09:00', 20 );
INSERT INTO "times" VALUES ( 20295, 12670, '07:05:00', '07:05:00', 20 );
INSERT INTO "times" VALUES ( 20295, 12680, '06:56:00', '07:02:00', 20 );
INSERT INTO "times" VALUES ( 20295, 12690, '06:54:00', '06:54:00', 20 );
INSERT INTO "times" VALUES ( 20295, 12700, '06:52:00', '06:52:00', 20 );
INSERT INTO "times" VALUES ( 20295, 12710, '06:50:00', '06:50:00', 20 );
INSERT INTO "times" VALUES ( 20295, 12720, '06:47:00', '06:47:00', 20 );
INSERT INTO "times" VALUES ( 20295, 12730, '06:45:00', '06:45:00', 20 );
INSERT INTO "times" VALUES ( 20295, 12740, '06:42:00', '06:42:00', 20 );
INSERT INTO "times" VALUES ( 20295, 12750, '06:39:00', '06:39:00', 20 );
INSERT INTO "times" VALUES ( 20295, 12760, '06:37:00', '06:37:00', 20 );
INSERT INTO "times" VALUES ( 20295, 12770, '06:33:00', '06:33:00', 20 );
INSERT INTO "times" VALUES ( 20295, 12780, '06:28:00', '06:28:00', 20 );
INSERT INTO "times" VALUES ( 20295, 12790, '06:26:00', '06:26:00', 20 );
INSERT INTO "times" VALUES ( 20295, 12800, '06:21:00', '06:24:00', 20 );
INSERT INTO "times" VALUES ( 20295, 12810, '06:19:00', '06:19:00', 20 );
INSERT INTO "times" VALUES ( 20295, 12820, '06:17:00', '06:17:00', 20 );
INSERT INTO "times" VALUES ( 20295, 12830, '06:16:00', '06:16:00', 20 );
INSERT INTO "times" VALUES ( 20295, 12840, '06:14:00', '06:14:00', 20 );
INSERT INTO "times" VALUES ( 20295, 12850, '06:12:00', '06:12:00', 20 );
INSERT INTO "times" VALUES ( 20295, 12860, '06:10:00', '06:10:00', 20 );
INSERT INTO "times" VALUES ( 20295, 12870, '06:09:00', '06:09:00', 20 );
INSERT INTO "times" VALUES ( 20295, 12880, '06:07:00', '06:07:00', 20 );
INSERT INTO "times" VALUES ( 20295, 12890, '06:05:00', '06:05:00', 20 );
INSERT INTO "times" VALUES ( 20295, 12900, '06:04:00', '06:04:00', 20 );
INSERT INTO "times" VALUES ( 20295, 13510, '06:02:00', '06:02:00', 30 );
INSERT INTO "times" VALUES ( 20295, 13520, NULL, '06:00:00', 30 );

INSERT INTO "dias" VALUES ( 20296, 100, FALSE, TRUE, 'Q0602Z', 12670, 13520 );
INSERT INTO "dias_line_groups" VALUES ( 20296, 10 );
INSERT INTO "times" VALUES ( 20296, 12670, NULL, '06:19:00', 20 );
INSERT INTO "times" VALUES ( 20296, 12680, '06:22:00', '06:22:00', 20 );
INSERT INTO "times" VALUES ( 20296, 12690, '06:24:00', '06:24:00', 20 );
INSERT INTO "times" VALUES ( 20296, 12700, '06:26:00', '06:26:00', 20 );
INSERT INTO "times" VALUES ( 20296, 12710, '06:28:00', '06:28:00', 20 );
INSERT INTO "times" VALUES ( 20296, 12720, '06:30:00', '06:30:00', 20 );
INSERT INTO "times" VALUES ( 20296, 12730, '06:32:00', '06:32:00', 20 );
INSERT INTO "times" VALUES ( 20296, 12740, '06:36:00', '06:36:00', 20 );
INSERT INTO "times" VALUES ( 20296, 12750, '06:38:00', '06:38:00', 20 );
INSERT INTO "times" VALUES ( 20296, 12760, '06:41:00', '06:41:00', 20 );
INSERT INTO "times" VALUES ( 20296, 12770, '06:45:00', '06:45:00', 20 );
INSERT INTO "times" VALUES ( 20296, 12780, '06:50:00', '06:50:00', 20 );
INSERT INTO "times" VALUES ( 20296, 12790, '06:51:00', '06:51:00', 20 );
INSERT INTO "times" VALUES ( 20296, 12800, '06:53:00', '06:56:00', 20 );
INSERT INTO "times" VALUES ( 20296, 12810, '06:58:00', '06:58:00', 20 );
INSERT INTO "times" VALUES ( 20296, 12820, '07:00:00', '07:00:00', 20 );
INSERT INTO "times" VALUES ( 20296, 12830, '07:02:00', '07:02:00', 20 );
INSERT INTO "times" VALUES ( 20296, 12840, '07:03:00', '07:03:00', 20 );
INSERT INTO "times" VALUES ( 20296, 12850, '07:04:00', '07:04:00', 20 );
INSERT INTO "times" VALUES ( 20296, 12860, '07:06:00', '07:06:00', 20 );
INSERT INTO "times" VALUES ( 20296, 12870, '07:08:00', '07:08:00', 20 );
INSERT INTO "times" VALUES ( 20296, 12880, '07:09:00', '07:09:00', 20 );
INSERT INTO "times" VALUES ( 20296, 12890, '07:11:00', '07:11:00', 20 );
INSERT INTO "times" VALUES ( 20296, 12900, '07:13:00', '07:13:00', 20 );
INSERT INTO "times" VALUES ( 20296, 13510, '07:15:00', '07:15:00', 30 );
INSERT INTO "times" VALUES ( 20296, 13520, '07:18:00', NULL, NULL );

INSERT INTO "dias" VALUES ( 20297, 100, FALSE, TRUE, 'Q0603B', 13520, 11510 );
INSERT INTO "dias_line_groups" VALUES ( 20297, 10 );
INSERT INTO "times" VALUES ( 20297, 11510, '08:06:00', NULL, NULL );
INSERT INTO "times" VALUES ( 20297, 11520, '08:04:00', '08:04:00', 10 );
INSERT INTO "times" VALUES ( 20297, 11530, '08:02:00', '08:02:00', 10 );
INSERT INTO "times" VALUES ( 20297, 11540, '08:01:00', '08:01:00', 10 );
INSERT INTO "times" VALUES ( 20297, 12530, '07:58:00', '07:59:00', 10 );
INSERT INTO "times" VALUES ( 20297, 12540, '07:52:00', '07:56:00', 20 );
INSERT INTO "times" VALUES ( 20297, 12550, '07:49:00', '07:49:00', 20 );
INSERT INTO "times" VALUES ( 20297, 12560, '07:48:00', '07:48:00', 20 );
INSERT INTO "times" VALUES ( 20297, 12570, '07:46:00', '07:46:00', 20 );
INSERT INTO "times" VALUES ( 20297, 12580, '07:45:00', '07:45:00', 20 );
INSERT INTO "times" VALUES ( 20297, 12590, '07:43:00', '07:43:00', 20 );
INSERT INTO "times" VALUES ( 20297, 12600, '07:42:00', '07:42:00', 20 );
INSERT INTO "times" VALUES ( 20297, 12610, '07:38:00', '07:41:00', 20 );
INSERT INTO "times" VALUES ( 20297, 12620, '07:35:00', '07:35:00', 20 );
INSERT INTO "times" VALUES ( 20297, 12630, '07:34:00', '07:34:00', 20 );
INSERT INTO "times" VALUES ( 20297, 12640, '07:32:00', '07:32:00', 20 );
INSERT INTO "times" VALUES ( 20297, 12650, '07:30:00', '07:30:00', 20 );
INSERT INTO "times" VALUES ( 20297, 12660, '07:27:00', '07:29:00', 20 );
INSERT INTO "times" VALUES ( 20297, 12670, '07:25:00', '07:25:00', 20 );
INSERT INTO "times" VALUES ( 20297, 12680, '07:16:00', '07:22:00', 20 );
INSERT INTO "times" VALUES ( 20297, 12690, '07:14:00', '07:14:00', 20 );
INSERT INTO "times" VALUES ( 20297, 12700, '07:12:00', '07:12:00', 20 );
INSERT INTO "times" VALUES ( 20297, 12710, '07:10:00', '07:10:00', 20 );
INSERT INTO "times" VALUES ( 20297, 12720, '07:07:00', '07:07:00', 20 );
INSERT INTO "times" VALUES ( 20297, 12730, '07:05:00', '07:05:00', 20 );
INSERT INTO "times" VALUES ( 20297, 12740, '07:02:00', '07:02:00', 20 );
INSERT INTO "times" VALUES ( 20297, 12750, '06:59:00', '06:59:00', 20 );
INSERT INTO "times" VALUES ( 20297, 12760, '06:57:00', '06:57:00', 20 );
INSERT INTO "times" VALUES ( 20297, 12770, '06:53:00', '06:53:00', 20 );
INSERT INTO "times" VALUES ( 20297, 12780, '06:48:00', '06:48:00', 20 );
INSERT INTO "times" VALUES ( 20297, 12790, '06:46:00', '06:46:00', 20 );
INSERT INTO "times" VALUES ( 20297, 12800, '06:41:00', '06:44:00', 20 );
INSERT INTO "times" VALUES ( 20297, 12810, '06:39:00', '06:39:00', 20 );
INSERT INTO "times" VALUES ( 20297, 12820, '06:37:00', '06:37:00', 20 );
INSERT INTO "times" VALUES ( 20297, 12830, '06:36:00', '06:36:00', 20 );
INSERT INTO "times" VALUES ( 20297, 12840, '06:34:00', '06:34:00', 20 );
INSERT INTO "times" VALUES ( 20297, 12850, '06:32:00', '06:32:00', 20 );
INSERT INTO "times" VALUES ( 20297, 12860, '06:31:00', '06:31:00', 20 );
INSERT INTO "times" VALUES ( 20297, 12870, '06:29:00', '06:29:00', 20 );
INSERT INTO "times" VALUES ( 20297, 12880, '06:27:00', '06:27:00', 20 );
INSERT INTO "times" VALUES ( 20297, 12890, '06:25:00', '06:25:00', 20 );
INSERT INTO "times" VALUES ( 20297, 12900, '06:24:00', '06:24:00', 20 );
INSERT INTO "times" VALUES ( 20297, 13510, '06:22:00', '06:22:00', 30 );
INSERT INTO "times" VALUES ( 20297, 13520, NULL, '06:20:00', 30 );

INSERT INTO "dias" VALUES ( 20298, 100, FALSE, TRUE, 'Q0604Z', 12510, 13520 );
INSERT INTO "dias_line_groups" VALUES ( 20298, 10 );
INSERT INTO "times" VALUES ( 20298, 12510, NULL, '06:24:00', 20 );
INSERT INTO "times" VALUES ( 20298, 12520, '06:26:00', '06:26:00', 20 );
INSERT INTO "times" VALUES ( 20298, 12530, '06:28:00', '06:28:00', 20 );
INSERT INTO "times" VALUES ( 20298, 12540, '06:31:00', '06:31:00', 20 );
INSERT INTO "times" VALUES ( 20298, 12550, '06:33:00', '06:33:00', 20 );
INSERT INTO "times" VALUES ( 20298, 12560, '06:34:00', '06:34:00', 20 );
INSERT INTO "times" VALUES ( 20298, 12570, '06:36:00', '06:36:00', 20 );
INSERT INTO "times" VALUES ( 20298, 12580, '06:37:00', '06:37:00', 20 );
INSERT INTO "times" VALUES ( 20298, 12590, '06:38:00', '06:38:00', 20 );
INSERT INTO "times" VALUES ( 20298, 12600, '06:39:00', '06:39:00', 20 );
INSERT INTO "times" VALUES ( 20298, 12610, '06:41:00', '06:44:00', 20 );
INSERT INTO "times" VALUES ( 20298, 12620, '06:45:00', '06:45:00', 20 );
INSERT INTO "times" VALUES ( 20298, 12630, '06:47:00', '06:47:00', 20 );
INSERT INTO "times" VALUES ( 20298, 12640, '06:48:00', '06:48:00', 20 );
INSERT INTO "times" VALUES ( 20298, 12650, '06:50:00', '06:50:00', 20 );
INSERT INTO "times" VALUES ( 20298, 12660, '06:52:00', '06:54:00', 20 );
INSERT INTO "times" VALUES ( 20298, 12670, '06:57:00', '06:57:00', 20 );
INSERT INTO "times" VALUES ( 20298, 12680, '07:01:00', '07:05:00', 20 );
INSERT INTO "times" VALUES ( 20298, 12690, '07:07:00', '07:07:00', 20 );
INSERT INTO "times" VALUES ( 20298, 12700, '07:10:00', '07:10:00', 20 );
INSERT INTO "times" VALUES ( 20298, 12710, '07:12:00', '07:13:00', 20 );
INSERT INTO "times" VALUES ( 20298, 12720, '07:14:00', '07:14:00', 20 );
INSERT INTO "times" VALUES ( 20298, 12730, '07:17:00', '07:17:00', 20 );
INSERT INTO "times" VALUES ( 20298, 12740, '07:19:00', '07:20:00', 20 );
INSERT INTO "times" VALUES ( 20298, 12750, '07:23:00', '07:23:00', 20 );
INSERT INTO "times" VALUES ( 20298, 12760, '07:26:00', '07:26:00', 20 );
INSERT INTO "times" VALUES ( 20298, 12770, '07:30:00', '07:30:00', 20 );
INSERT INTO "times" VALUES ( 20298, 12780, '07:35:00', '07:35:00', 20 );
INSERT INTO "times" VALUES ( 20298, 12790, '07:36:00', '07:36:00', 20 );
INSERT INTO "times" VALUES ( 20298, 12800, '07:38:00', '07:42:00', 20 );
INSERT INTO "times" VALUES ( 20298, 12810, '07:44:00', '07:44:00', 20 );
INSERT INTO "times" VALUES ( 20298, 12820, '07:46:00', '07:46:00', 20 );
INSERT INTO "times" VALUES ( 20298, 12830, '07:48:00', '07:48:00', 20 );
INSERT INTO "times" VALUES ( 20298, 12840, '07:49:00', '07:49:00', 20 );
INSERT INTO "times" VALUES ( 20298, 12850, '07:50:00', '07:50:00', 20 );
INSERT INTO "times" VALUES ( 20298, 12860, '07:52:00', '07:52:00', 20 );
INSERT INTO "times" VALUES ( 20298, 12870, '07:54:00', '07:54:00', 20 );
INSERT INTO "times" VALUES ( 20298, 12880, '07:55:00', '07:55:00', 20 );
INSERT INTO "times" VALUES ( 20298, 12890, '07:57:00', '07:57:00', 20 );
INSERT INTO "times" VALUES ( 20298, 12900, '07:59:00', '08:00:00', 20 );
INSERT INTO "times" VALUES ( 20298, 13510, '08:02:00', '08:02:00', 30 );
INSERT INTO "times" VALUES ( 20298, 13520, '08:05:00', NULL, NULL );

INSERT INTO "dias" VALUES ( 20299, 100, FALSE, TRUE, 'Q0605B', 13520, 11510 );
INSERT INTO "dias_line_groups" VALUES ( 20299, 10 );
INSERT INTO "times" VALUES ( 20299, 11510, '08:27:00', NULL, NULL );
INSERT INTO "times" VALUES ( 20299, 11520, '08:24:00', '08:24:00', 10 );
INSERT INTO "times" VALUES ( 20299, 11530, '08:23:00', '08:23:00', 10 );
INSERT INTO "times" VALUES ( 20299, 11540, '08:21:00', '08:21:00', 10 );
INSERT INTO "times" VALUES ( 20299, 12530, '08:20:00', '08:20:00', 10 );
INSERT INTO "times" VALUES ( 20299, 12540, '08:13:00', '08:17:00', 20 );
INSERT INTO "times" VALUES ( 20299, 12550, '08:11:00', '08:11:00', 20 );
INSERT INTO "times" VALUES ( 20299, 12560, '08:09:00', '08:09:00', 20 );
INSERT INTO "times" VALUES ( 20299, 12570, '08:07:00', '08:07:00', 20 );
INSERT INTO "times" VALUES ( 20299, 12580, '08:06:00', '08:06:00', 20 );
INSERT INTO "times" VALUES ( 20299, 12590, '08:05:00', '08:05:00', 20 );
INSERT INTO "times" VALUES ( 20299, 12600, '08:03:00', '08:03:00', 20 );
INSERT INTO "times" VALUES ( 20299, 12610, '07:57:00', '08:02:00', 20 );
INSERT INTO "times" VALUES ( 20299, 12620, '07:55:00', '07:55:00', 20 );
INSERT INTO "times" VALUES ( 20299, 12630, '07:54:00', '07:54:00', 20 );
INSERT INTO "times" VALUES ( 20299, 12640, '07:52:00', '07:52:00', 20 );
INSERT INTO "times" VALUES ( 20299, 12650, '07:50:00', '07:50:00', 20 );
INSERT INTO "times" VALUES ( 20299, 12660, '07:47:00', '07:49:00', 20 );
INSERT INTO "times" VALUES ( 20299, 12670, '07:45:00', '07:45:00', 20 );
INSERT INTO "times" VALUES ( 20299, 12680, '07:37:00', '07:42:00', 20 );
INSERT INTO "times" VALUES ( 20299, 12690, '07:35:00', '07:35:00', 20 );
INSERT INTO "times" VALUES ( 20299, 12700, '07:32:00', '07:32:00', 20 );
INSERT INTO "times" VALUES ( 20299, 12710, '07:31:00', '07:31:00', 20 );
INSERT INTO "times" VALUES ( 20299, 12720, '07:28:00', '07:28:00', 20 );
INSERT INTO "times" VALUES ( 20299, 12730, '07:26:00', '07:26:00', 20 );
INSERT INTO "times" VALUES ( 20299, 12740, '07:23:00', '07:23:00', 20 );
INSERT INTO "times" VALUES ( 20299, 12750, '07:20:00', '07:20:00', 20 );
INSERT INTO "times" VALUES ( 20299, 12760, '07:18:00', '07:18:00', 20 );
INSERT INTO "times" VALUES ( 20299, 12770, '07:14:00', '07:14:00', 20 );
INSERT INTO "times" VALUES ( 20299, 12780, '07:09:00', '07:09:00', 20 );
INSERT INTO "times" VALUES ( 20299, 12790, '07:07:00', '07:07:00', 20 );
INSERT INTO "times" VALUES ( 20299, 12800, '07:01:00', '07:05:00', 20 );
INSERT INTO "times" VALUES ( 20299, 12810, '06:59:00', '06:59:00', 20 );
INSERT INTO "times" VALUES ( 20299, 12820, '06:57:00', '06:57:00', 20 );
INSERT INTO "times" VALUES ( 20299, 12830, '06:56:00', '06:56:00', 20 );
INSERT INTO "times" VALUES ( 20299, 12840, '06:54:00', '06:54:00', 20 );
INSERT INTO "times" VALUES ( 20299, 12850, '06:53:00', '06:53:00', 20 );
INSERT INTO "times" VALUES ( 20299, 12860, '06:51:00', '06:51:00', 20 );
INSERT INTO "times" VALUES ( 20299, 12870, '06:49:00', '06:49:00', 20 );
INSERT INTO "times" VALUES ( 20299, 12880, '06:47:00', '06:47:00', 20 );
INSERT INTO "times" VALUES ( 20299, 12890, '06:46:00', '06:46:00', 20 );
INSERT INTO "times" VALUES ( 20299, 12900, '06:41:00', '06:44:00', 20 );
INSERT INTO "times" VALUES ( 20299, 13510, '06:38:00', '06:38:00', 30 );
INSERT INTO "times" VALUES ( 20299, 13520, NULL, '06:36:00', 30 );

INSERT INTO "dias" VALUES ( 20300, 100, FALSE, TRUE, 'Q0606Z', 11510, 13520 );
INSERT INTO "dias_line_groups" VALUES ( 20300, 10 );
INSERT INTO "times" VALUES ( 20300, 11510, NULL, '06:41:00', 10 );
INSERT INTO "times" VALUES ( 20300, 11520, '06:42:00', '06:42:00', 10 );
INSERT INTO "times" VALUES ( 20300, 11530, '06:44:00', '06:44:00', 10 );
INSERT INTO "times" VALUES ( 20300, 11540, '06:46:00', '06:46:00', 10 );
INSERT INTO "times" VALUES ( 20300, 12530, '06:48:00', '06:48:00', 20 );
INSERT INTO "times" VALUES ( 20300, 12540, '06:51:00', '06:51:00', 20 );
INSERT INTO "times" VALUES ( 20300, 12550, '06:53:00', '06:53:00', 20 );
INSERT INTO "times" VALUES ( 20300, 12560, '06:55:00', '06:55:00', 20 );
INSERT INTO "times" VALUES ( 20300, 12570, '06:56:00', '06:56:00', 20 );
INSERT INTO "times" VALUES ( 20300, 12580, '06:58:00', '06:58:00', 20 );
INSERT INTO "times" VALUES ( 20300, 12590, '06:59:00', '06:59:00', 20 );
INSERT INTO "times" VALUES ( 20300, 12600, '07:00:00', '07:00:00', 20 );
INSERT INTO "times" VALUES ( 20300, 12610, '07:02:00', '07:05:00', 20 );
INSERT INTO "times" VALUES ( 20300, 12620, '07:07:00', '07:07:00', 20 );
INSERT INTO "times" VALUES ( 20300, 12630, '07:08:00', '07:08:00', 20 );
INSERT INTO "times" VALUES ( 20300, 12640, '07:10:00', '07:10:00', 20 );
INSERT INTO "times" VALUES ( 20300, 12650, '07:11:00', '07:11:00', 20 );
INSERT INTO "times" VALUES ( 20300, 12660, '07:13:00', '07:15:00', 20 );
INSERT INTO "times" VALUES ( 20300, 12670, '07:18:00', '07:18:00', 20 );
INSERT INTO "times" VALUES ( 20300, 12680, '07:21:00', '07:25:00', 20 );
INSERT INTO "times" VALUES ( 20300, 12690, '07:28:00', '07:28:00', 20 );
INSERT INTO "times" VALUES ( 20300, 12700, '07:30:00', '07:30:00', 20 );
INSERT INTO "times" VALUES ( 20300, 12710, '07:32:00', '07:33:00', 20 );
INSERT INTO "times" VALUES ( 20300, 12720, '07:35:00', '07:35:00', 20 );
INSERT INTO "times" VALUES ( 20300, 12730, '07:37:00', '07:37:00', 20 );
INSERT INTO "times" VALUES ( 20300, 12740, '07:40:00', '07:40:00', 20 );
INSERT INTO "times" VALUES ( 20300, 12750, '07:43:00', '07:43:00', 20 );
INSERT INTO "times" VALUES ( 20300, 12760, '07:46:00', '07:46:00', 20 );
INSERT INTO "times" VALUES ( 20300, 12770, '07:50:00', '07:50:00', 20 );
INSERT INTO "times" VALUES ( 20300, 12780, '07:54:00', '07:54:00', 20 );
INSERT INTO "times" VALUES ( 20300, 12790, '07:56:00', '07:56:00', 20 );
INSERT INTO "times" VALUES ( 20300, 12800, '07:57:00', '08:02:00', 20 );
INSERT INTO "times" VALUES ( 20300, 12810, '08:04:00', '08:04:00', 20 );
INSERT INTO "times" VALUES ( 20300, 12820, '08:06:00', '08:06:00', 20 );
INSERT INTO "times" VALUES ( 20300, 12830, '08:08:00', '08:08:00', 20 );
INSERT INTO "times" VALUES ( 20300, 12840, '08:09:00', '08:09:00', 20 );
INSERT INTO "times" VALUES ( 20300, 12850, '08:10:00', '08:10:00', 20 );
INSERT INTO "times" VALUES ( 20300, 12860, '08:12:00', '08:12:00', 20 );
INSERT INTO "times" VALUES ( 20300, 12870, '08:14:00', '08:14:00', 20 );
INSERT INTO "times" VALUES ( 20300, 12880, '08:15:00', '08:15:00', 20 );
INSERT INTO "times" VALUES ( 20300, 12890, '08:17:00', '08:17:00', 20 );
INSERT INTO "times" VALUES ( 20300, 12900, '08:19:00', '08:23:00', 20 );
INSERT INTO "times" VALUES ( 20300, 13510, '08:25:00', '08:25:00', 30 );
INSERT INTO "times" VALUES ( 20300, 13520, '08:28:00', NULL, NULL );

INSERT INTO "dias" VALUES ( 20301, 100, FALSE, TRUE, 'Q0607B', 13520, 11510 );
INSERT INTO "dias_line_groups" VALUES ( 20301, 10 );
INSERT INTO "times" VALUES ( 20301, 11510, '08:47:00', NULL, NULL );
INSERT INTO "times" VALUES ( 20301, 11520, '08:44:00', '08:44:00', 10 );
INSERT INTO "times" VALUES ( 20301, 11530, '08:43:00', '08:43:00', 10 );
INSERT INTO "times" VALUES ( 20301, 11540, '08:41:00', '08:41:00', 10 );
INSERT INTO "times" VALUES ( 20301, 12530, '08:38:00', '08:40:00', 10 );
INSERT INTO "times" VALUES ( 20301, 12540, '08:32:00', '08:36:00', 20 );
INSERT INTO "times" VALUES ( 20301, 12550, '08:29:00', '08:29:00', 20 );
INSERT INTO "times" VALUES ( 20301, 12560, '08:28:00', '08:28:00', 20 );
INSERT INTO "times" VALUES ( 20301, 12570, '08:26:00', '08:26:00', 20 );
INSERT INTO "times" VALUES ( 20301, 12580, '08:25:00', '08:25:00', 20 );
INSERT INTO "times" VALUES ( 20301, 12590, '08:23:00', '08:23:00', 20 );
INSERT INTO "times" VALUES ( 20301, 12600, '08:22:00', '08:22:00', 20 );
INSERT INTO "times" VALUES ( 20301, 12610, '08:17:00', '08:21:00', 20 );
INSERT INTO "times" VALUES ( 20301, 12620, '08:15:00', '08:15:00', 20 );
INSERT INTO "times" VALUES ( 20301, 12630, '08:14:00', '08:14:00', 20 );
INSERT INTO "times" VALUES ( 20301, 12640, '08:12:00', '08:12:00', 20 );
INSERT INTO "times" VALUES ( 20301, 12650, '08:10:00', '08:10:00', 20 );
INSERT INTO "times" VALUES ( 20301, 12660, '08:08:00', '08:09:00', 20 );
INSERT INTO "times" VALUES ( 20301, 12670, '08:05:00', '08:05:00', 20 );
INSERT INTO "times" VALUES ( 20301, 12680, '07:57:00', '08:02:00', 20 );
INSERT INTO "times" VALUES ( 20301, 12690, '07:54:00', '07:54:00', 20 );
INSERT INTO "times" VALUES ( 20301, 12700, '07:52:00', '07:52:00', 20 );
INSERT INTO "times" VALUES ( 20301, 12710, '07:50:00', '07:50:00', 20 );
INSERT INTO "times" VALUES ( 20301, 12720, '07:47:00', '07:47:00', 20 );
INSERT INTO "times" VALUES ( 20301, 12730, '07:45:00', '07:45:00', 20 );
INSERT INTO "times" VALUES ( 20301, 12740, '07:43:00', '07:43:00', 20 );
INSERT INTO "times" VALUES ( 20301, 12750, '07:39:00', '07:39:00', 20 );
INSERT INTO "times" VALUES ( 20301, 12760, '07:37:00', '07:37:00', 20 );
INSERT INTO "times" VALUES ( 20301, 12770, '07:33:00', '07:33:00', 20 );
INSERT INTO "times" VALUES ( 20301, 12780, '07:28:00', '07:28:00', 20 );
INSERT INTO "times" VALUES ( 20301, 12790, '07:26:00', '07:26:00', 20 );
INSERT INTO "times" VALUES ( 20301, 12800, '07:21:00', '07:24:00', 20 );
INSERT INTO "times" VALUES ( 20301, 12810, '07:19:00', '07:19:00', 20 );
INSERT INTO "times" VALUES ( 20301, 12820, '07:17:00', '07:17:00', 20 );
INSERT INTO "times" VALUES ( 20301, 12830, '07:16:00', '07:16:00', 20 );
INSERT INTO "times" VALUES ( 20301, 12840, '07:14:00', '07:14:00', 20 );
INSERT INTO "times" VALUES ( 20301, 12850, '07:13:00', '07:13:00', 20 );
INSERT INTO "times" VALUES ( 20301, 12860, '07:11:00', '07:11:00', 20 );
INSERT INTO "times" VALUES ( 20301, 12870, '07:09:00', '07:09:00', 20 );
INSERT INTO "times" VALUES ( 20301, 12880, '07:07:00', '07:07:00', 20 );
INSERT INTO "times" VALUES ( 20301, 12890, '07:06:00', '07:06:00', 20 );
INSERT INTO "times" VALUES ( 20301, 12900, '07:01:00', '07:04:00', 20 );
INSERT INTO "times" VALUES ( 20301, 13510, '06:58:00', '06:58:00', 30 );
INSERT INTO "times" VALUES ( 20301, 13520, NULL, '06:56:00', 30 );

INSERT INTO "dias" VALUES ( 20302, 100, FALSE, TRUE, 'Q0700Z', 11510, 13520 );
INSERT INTO "dias_line_groups" VALUES ( 20302, 10 );
INSERT INTO "times" VALUES ( 20302, 11510, NULL, '07:01:00', 10 );
INSERT INTO "times" VALUES ( 20302, 11520, '07:02:00', '07:02:00', 10 );
INSERT INTO "times" VALUES ( 20302, 11530, '07:04:00', '07:04:00', 10 );
INSERT INTO "times" VALUES ( 20302, 11540, '07:06:00', '07:06:00', 10 );
INSERT INTO "times" VALUES ( 20302, 12530, '07:08:00', '07:08:00', 20 );
INSERT INTO "times" VALUES ( 20302, 12540, '07:11:00', '07:11:00', 20 );
INSERT INTO "times" VALUES ( 20302, 12550, '07:13:00', '07:13:00', 20 );
INSERT INTO "times" VALUES ( 20302, 12560, '07:15:00', '07:15:00', 20 );
INSERT INTO "times" VALUES ( 20302, 12570, '07:16:00', '07:16:00', 20 );
INSERT INTO "times" VALUES ( 20302, 12580, '07:18:00', '07:18:00', 20 );
INSERT INTO "times" VALUES ( 20302, 12590, '07:19:00', '07:19:00', 20 );
INSERT INTO "times" VALUES ( 20302, 12600, '07:20:00', '07:20:00', 20 );
INSERT INTO "times" VALUES ( 20302, 12610, '07:22:00', '07:25:00', 20 );
INSERT INTO "times" VALUES ( 20302, 12620, '07:27:00', '07:27:00', 20 );
INSERT INTO "times" VALUES ( 20302, 12630, '07:28:00', '07:28:00', 20 );
INSERT INTO "times" VALUES ( 20302, 12640, '07:30:00', '07:30:00', 20 );
INSERT INTO "times" VALUES ( 20302, 12650, '07:31:00', '07:31:00', 20 );
INSERT INTO "times" VALUES ( 20302, 12660, '07:33:00', '07:35:00', 20 );
INSERT INTO "times" VALUES ( 20302, 12670, '07:38:00', '07:38:00', 20 );
INSERT INTO "times" VALUES ( 20302, 12680, '07:41:00', '07:44:00', 20 );
INSERT INTO "times" VALUES ( 20302, 12690, '07:46:00', '07:46:00', 20 );
INSERT INTO "times" VALUES ( 20302, 12700, '07:49:00', '07:49:00', 20 );
INSERT INTO "times" VALUES ( 20302, 12710, '07:51:00', '07:54:00', 20 );
INSERT INTO "times" VALUES ( 20302, 12720, '07:57:00', '07:57:00', 20 );
INSERT INTO "times" VALUES ( 20302, 12730, '07:59:00', '07:59:00', 20 );
INSERT INTO "times" VALUES ( 20302, 12740, '08:02:00', '08:02:00', 20 );
INSERT INTO "times" VALUES ( 20302, 12750, '08:05:00', '08:05:00', 20 );
INSERT INTO "times" VALUES ( 20302, 12760, '08:08:00', '08:08:00', 20 );
INSERT INTO "times" VALUES ( 20302, 12770, '08:12:00', '08:12:00', 20 );
INSERT INTO "times" VALUES ( 20302, 12780, '08:16:00', '08:16:00', 20 );
INSERT INTO "times" VALUES ( 20302, 12790, '08:17:00', '08:17:00', 20 );
INSERT INTO "times" VALUES ( 20302, 12800, '08:19:00', '08:23:00', 20 );
INSERT INTO "times" VALUES ( 20302, 12810, '08:25:00', '08:25:00', 20 );
INSERT INTO "times" VALUES ( 20302, 12820, '08:27:00', '08:27:00', 20 );
INSERT INTO "times" VALUES ( 20302, 12830, '08:29:00', '08:29:00', 20 );
INSERT INTO "times" VALUES ( 20302, 12840, '08:30:00', '08:30:00', 20 );
INSERT INTO "times" VALUES ( 20302, 12850, '08:31:00', '08:31:00', 20 );
INSERT INTO "times" VALUES ( 20302, 12860, '08:33:00', '08:33:00', 20 );
INSERT INTO "times" VALUES ( 20302, 12870, '08:35:00', '08:35:00', 20 );
INSERT INTO "times" VALUES ( 20302, 12880, '08:36:00', '08:36:00', 20 );
INSERT INTO "times" VALUES ( 20302, 12890, '08:38:00', '08:38:00', 20 );
INSERT INTO "times" VALUES ( 20302, 12900, '08:40:00', '08:43:00', 20 );
INSERT INTO "times" VALUES ( 20302, 13510, '08:45:00', '08:45:00', 30 );
INSERT INTO "times" VALUES ( 20302, 13520, '08:48:00', NULL, NULL );

INSERT INTO "dias" VALUES ( 20303, 100, FALSE, TRUE, 'Q0701B', 13520, 11510 );
INSERT INTO "dias_line_groups" VALUES ( 20303, 10 );
INSERT INTO "times" VALUES ( 20303, 11510, '09:07:00', NULL, NULL );
INSERT INTO "times" VALUES ( 20303, 11520, '09:04:00', '09:04:00', 10 );
INSERT INTO "times" VALUES ( 20303, 11530, '09:03:00', '09:03:00', 10 );
INSERT INTO "times" VALUES ( 20303, 11540, '09:01:00', '09:01:00', 10 );
INSERT INTO "times" VALUES ( 20303, 12530, '08:59:00', '09:00:00', 10 );
INSERT INTO "times" VALUES ( 20303, 12540, '08:54:00', '08:56:00', 20 );
INSERT INTO "times" VALUES ( 20303, 12550, '08:51:00', '08:51:00', 20 );
INSERT INTO "times" VALUES ( 20303, 12560, '08:49:00', '08:49:00', 20 );
INSERT INTO "times" VALUES ( 20303, 12570, '08:48:00', '08:48:00', 20 );
INSERT INTO "times" VALUES ( 20303, 12580, '08:46:00', '08:46:00', 20 );
INSERT INTO "times" VALUES ( 20303, 12590, '08:45:00', '08:45:00', 20 );
INSERT INTO "times" VALUES ( 20303, 12600, '08:44:00', '08:44:00', 20 );
INSERT INTO "times" VALUES ( 20303, 12610, '08:37:00', '08:42:00', 20 );
INSERT INTO "times" VALUES ( 20303, 12620, '08:35:00', '08:35:00', 20 );
INSERT INTO "times" VALUES ( 20303, 12630, '08:34:00', '08:34:00', 20 );
INSERT INTO "times" VALUES ( 20303, 12640, '08:32:00', '08:32:00', 20 );
INSERT INTO "times" VALUES ( 20303, 12650, '08:30:00', '08:30:00', 20 );
INSERT INTO "times" VALUES ( 20303, 12660, '08:28:00', '08:29:00', 20 );
INSERT INTO "times" VALUES ( 20303, 12670, '08:25:00', '08:25:00', 20 );
INSERT INTO "times" VALUES ( 20303, 12680, '08:17:00', '08:22:00', 20 );
INSERT INTO "times" VALUES ( 20303, 12690, '08:14:00', '08:14:00', 20 );
INSERT INTO "times" VALUES ( 20303, 12700, '08:12:00', '08:12:00', 20 );
INSERT INTO "times" VALUES ( 20303, 12710, '08:10:00', '08:10:00', 20 );
INSERT INTO "times" VALUES ( 20303, 12720, '08:07:00', '08:07:00', 20 );
INSERT INTO "times" VALUES ( 20303, 12730, '08:05:00', '08:05:00', 20 );
INSERT INTO "times" VALUES ( 20303, 12740, '08:03:00', '08:03:00', 20 );
INSERT INTO "times" VALUES ( 20303, 12750, '07:59:00', '07:59:00', 20 );
INSERT INTO "times" VALUES ( 20303, 12760, '07:57:00', '07:57:00', 20 );
INSERT INTO "times" VALUES ( 20303, 12770, '07:53:00', '07:53:00', 20 );
INSERT INTO "times" VALUES ( 20303, 12780, '07:48:00', '07:48:00', 20 );
INSERT INTO "times" VALUES ( 20303, 12790, '07:46:00', '07:46:00', 20 );
INSERT INTO "times" VALUES ( 20303, 12800, '07:41:00', '07:44:00', 20 );
INSERT INTO "times" VALUES ( 20303, 12810, '07:39:00', '07:39:00', 20 );
INSERT INTO "times" VALUES ( 20303, 12820, '07:37:00', '07:37:00', 20 );
INSERT INTO "times" VALUES ( 20303, 12830, '07:36:00', '07:36:00', 20 );
INSERT INTO "times" VALUES ( 20303, 12840, '07:34:00', '07:34:00', 20 );
INSERT INTO "times" VALUES ( 20303, 12850, '07:33:00', '07:33:00', 20 );
INSERT INTO "times" VALUES ( 20303, 12860, '07:31:00', '07:31:00', 20 );
INSERT INTO "times" VALUES ( 20303, 12870, '07:29:00', '07:29:00', 20 );
INSERT INTO "times" VALUES ( 20303, 12880, '07:27:00', '07:27:00', 20 );
INSERT INTO "times" VALUES ( 20303, 12890, '07:26:00', '07:26:00', 20 );
INSERT INTO "times" VALUES ( 20303, 12900, '07:20:00', '07:24:00', 20 );
INSERT INTO "times" VALUES ( 20303, 13510, '07:18:00', '07:18:00', 30 );
INSERT INTO "times" VALUES ( 20303, 13520, NULL, '07:16:00', 30 );

INSERT INTO "dias" VALUES ( 20304, 100, FALSE, TRUE, 'Q0702Z', 11510, 13520 );
INSERT INTO "dias_line_groups" VALUES ( 20304, 10 );
INSERT INTO "times" VALUES ( 20304, 11510, NULL, '07:31:00', 10 );
INSERT INTO "times" VALUES ( 20304, 11520, '07:32:00', '07:32:00', 10 );
INSERT INTO "times" VALUES ( 20304, 11530, '07:34:00', '07:34:00', 10 );
INSERT INTO "times" VALUES ( 20304, 11540, '07:36:00', '07:36:00', 10 );
INSERT INTO "times" VALUES ( 20304, 12530, '07:38:00', '07:38:00', 20 );
INSERT INTO "times" VALUES ( 20304, 12540, '07:41:00', '07:41:00', 20 );
INSERT INTO "times" VALUES ( 20304, 12550, '07:43:00', '07:43:00', 20 );
INSERT INTO "times" VALUES ( 20304, 12560, '07:45:00', '07:45:00', 20 );
INSERT INTO "times" VALUES ( 20304, 12570, '07:46:00', '07:46:00', 20 );
INSERT INTO "times" VALUES ( 20304, 12580, '07:48:00', '07:48:00', 20 );
INSERT INTO "times" VALUES ( 20304, 12590, '07:49:00', '07:49:00', 20 );
INSERT INTO "times" VALUES ( 20304, 12600, '07:50:00', '07:50:00', 20 );
INSERT INTO "times" VALUES ( 20304, 12610, '07:52:00', '07:55:00', 20 );
INSERT INTO "times" VALUES ( 20304, 12620, '07:57:00', '07:57:00', 20 );
INSERT INTO "times" VALUES ( 20304, 12630, '07:58:00', '07:58:00', 20 );
INSERT INTO "times" VALUES ( 20304, 12640, '08:00:00', '08:00:00', 20 );
INSERT INTO "times" VALUES ( 20304, 12650, '08:01:00', '08:01:00', 20 );
INSERT INTO "times" VALUES ( 20304, 12660, '08:03:00', '08:05:00', 20 );
INSERT INTO "times" VALUES ( 20304, 12670, '08:08:00', '08:08:00', 20 );
INSERT INTO "times" VALUES ( 20304, 12680, '08:11:00', '08:14:00', 20 );
INSERT INTO "times" VALUES ( 20304, 12690, '08:16:00', '08:16:00', 20 );
INSERT INTO "times" VALUES ( 20304, 12700, '08:19:00', '08:19:00', 20 );
INSERT INTO "times" VALUES ( 20304, 12710, '08:21:00', '08:25:00', 20 );
INSERT INTO "times" VALUES ( 20304, 12720, '08:27:00', '08:27:00', 20 );
INSERT INTO "times" VALUES ( 20304, 12730, '08:29:00', '08:29:00', 20 );
INSERT INTO "times" VALUES ( 20304, 12740, '08:32:00', '08:32:00', 20 );
INSERT INTO "times" VALUES ( 20304, 12750, '08:35:00', '08:35:00', 20 );
INSERT INTO "times" VALUES ( 20304, 12760, '08:38:00', '08:38:00', 20 );
INSERT INTO "times" VALUES ( 20304, 12770, '08:42:00', '08:42:00', 20 );
INSERT INTO "times" VALUES ( 20304, 12780, '08:46:00', '08:46:00', 20 );
INSERT INTO "times" VALUES ( 20304, 12790, '08:47:00', '08:47:00', 20 );
INSERT INTO "times" VALUES ( 20304, 12800, '08:49:00', '08:53:00', 20 );
INSERT INTO "times" VALUES ( 20304, 12810, '08:55:00', '08:55:00', 20 );
INSERT INTO "times" VALUES ( 20304, 12820, '08:56:00', '08:56:00', 20 );
INSERT INTO "times" VALUES ( 20304, 12830, '08:58:00', '08:58:00', 20 );
INSERT INTO "times" VALUES ( 20304, 12840, '08:59:00', '08:59:00', 20 );
INSERT INTO "times" VALUES ( 20304, 12850, '09:01:00', '09:01:00', 20 );
INSERT INTO "times" VALUES ( 20304, 12860, '09:02:00', '09:02:00', 20 );
INSERT INTO "times" VALUES ( 20304, 12870, '09:04:00', '09:04:00', 20 );
INSERT INTO "times" VALUES ( 20304, 12880, '09:06:00', '09:06:00', 20 );
INSERT INTO "times" VALUES ( 20304, 12890, '09:08:00', '09:08:00', 20 );
INSERT INTO "times" VALUES ( 20304, 12900, '09:09:00', '09:13:00', 20 );
INSERT INTO "times" VALUES ( 20304, 13510, '09:15:00', '09:15:00', 30 );
INSERT INTO "times" VALUES ( 20304, 13520, '09:18:00', NULL, NULL );

INSERT INTO "dias" VALUES ( 20305, 100, FALSE, TRUE, 'Q0703B', 13520, 11510 );
INSERT INTO "dias_line_groups" VALUES ( 20305, 10 );
INSERT INTO "times" VALUES ( 20305, 11510, '09:27:00', NULL, NULL );
INSERT INTO "times" VALUES ( 20305, 11520, '09:24:00', '09:24:00', 10 );
INSERT INTO "times" VALUES ( 20305, 11530, '09:23:00', '09:23:00', 10 );
INSERT INTO "times" VALUES ( 20305, 11540, '09:21:00', '09:21:00', 10 );
INSERT INTO "times" VALUES ( 20305, 12530, '09:20:00', '09:20:00', 10 );
INSERT INTO "times" VALUES ( 20305, 12540, '09:14:00', '09:17:00', 20 );
INSERT INTO "times" VALUES ( 20305, 12550, '09:11:00', '09:11:00', 20 );
INSERT INTO "times" VALUES ( 20305, 12560, '09:10:00', '09:10:00', 20 );
INSERT INTO "times" VALUES ( 20305, 12570, '09:08:00', '09:08:00', 20 );
INSERT INTO "times" VALUES ( 20305, 12580, '09:07:00', '09:07:00', 20 );
INSERT INTO "times" VALUES ( 20305, 12590, '09:05:00', '09:05:00', 20 );
INSERT INTO "times" VALUES ( 20305, 12600, '09:04:00', '09:04:00', 20 );
INSERT INTO "times" VALUES ( 20305, 12610, '09:01:00', '09:03:00', 20 );
INSERT INTO "times" VALUES ( 20305, 12620, '08:59:00', '08:59:00', 20 );
INSERT INTO "times" VALUES ( 20305, 12630, '08:57:00', '08:57:00', 20 );
INSERT INTO "times" VALUES ( 20305, 12640, '08:55:00', '08:55:00', 20 );
INSERT INTO "times" VALUES ( 20305, 12650, '08:54:00', '08:54:00', 20 );
INSERT INTO "times" VALUES ( 20305, 12660, '08:52:00', '08:52:00', 20 );
INSERT INTO "times" VALUES ( 20305, 12670, '08:48:00', '08:48:00', 20 );
INSERT INTO "times" VALUES ( 20305, 12680, '08:41:00', '08:45:00', 20 );
INSERT INTO "times" VALUES ( 20305, 12690, '08:39:00', '08:39:00', 20 );
INSERT INTO "times" VALUES ( 20305, 12700, '08:37:00', '08:37:00', 20 );
INSERT INTO "times" VALUES ( 20305, 12710, '08:31:00', '08:35:00', 20 );
INSERT INTO "times" VALUES ( 20305, 12720, '08:28:00', '08:28:00', 20 );
INSERT INTO "times" VALUES ( 20305, 12730, '08:26:00', '08:26:00', 20 );
INSERT INTO "times" VALUES ( 20305, 12740, '08:24:00', '08:24:00', 20 );
INSERT INTO "times" VALUES ( 20305, 12750, '08:20:00', '08:20:00', 20 );
INSERT INTO "times" VALUES ( 20305, 12760, '08:18:00', '08:18:00', 20 );
INSERT INTO "times" VALUES ( 20305, 12770, '08:14:00', '08:14:00', 20 );
INSERT INTO "times" VALUES ( 20305, 12780, '08:09:00', '08:09:00', 20 );
INSERT INTO "times" VALUES ( 20305, 12790, '08:07:00', '08:07:00', 20 );
INSERT INTO "times" VALUES ( 20305, 12800, '08:02:00', '08:05:00', 20 );
INSERT INTO "times" VALUES ( 20305, 12810, '07:59:00', '07:59:00', 20 );
INSERT INTO "times" VALUES ( 20305, 12820, '07:58:00', '07:58:00', 20 );
INSERT INTO "times" VALUES ( 20305, 12830, '07:57:00', '07:57:00', 20 );
INSERT INTO "times" VALUES ( 20305, 12840, '07:55:00', '07:55:00', 20 );
INSERT INTO "times" VALUES ( 20305, 12850, '07:53:00', '07:53:00', 20 );
INSERT INTO "times" VALUES ( 20305, 12860, '07:51:00', '07:51:00', 20 );
INSERT INTO "times" VALUES ( 20305, 12870, '07:49:00', '07:49:00', 20 );
INSERT INTO "times" VALUES ( 20305, 12880, '07:48:00', '07:48:00', 20 );
INSERT INTO "times" VALUES ( 20305, 12890, '07:46:00', '07:46:00', 20 );
INSERT INTO "times" VALUES ( 20305, 12900, '07:39:00', '07:44:00', 20 );
INSERT INTO "times" VALUES ( 20305, 13510, '07:37:00', '07:37:00', 30 );
INSERT INTO "times" VALUES ( 20305, 13520, NULL, '07:35:00', 30 );

INSERT INTO "dias" VALUES ( 20306, 100, FALSE, TRUE, 'Q0704Z', 11510, 13520 );
INSERT INTO "dias_line_groups" VALUES ( 20306, 10 );
INSERT INTO "times" VALUES ( 20306, 11510, NULL, '07:54:00', 10 );
INSERT INTO "times" VALUES ( 20306, 11520, '07:56:00', '07:56:00', 10 );
INSERT INTO "times" VALUES ( 20306, 11530, '07:57:00', '07:57:00', 10 );
INSERT INTO "times" VALUES ( 20306, 11540, '07:59:00', '07:59:00', 10 );
INSERT INTO "times" VALUES ( 20306, 12530, '08:02:00', '08:02:00', 20 );
INSERT INTO "times" VALUES ( 20306, 12540, '08:04:00', '08:12:00', 20 );
INSERT INTO "times" VALUES ( 20306, 12550, '08:14:00', '08:14:00', 20 );
INSERT INTO "times" VALUES ( 20306, 12560, '08:15:00', '08:15:00', 20 );
INSERT INTO "times" VALUES ( 20306, 12570, '08:17:00', '08:17:00', 20 );
INSERT INTO "times" VALUES ( 20306, 12580, '08:19:00', '08:19:00', 20 );
INSERT INTO "times" VALUES ( 20306, 12590, '08:20:00', '08:20:00', 20 );
INSERT INTO "times" VALUES ( 20306, 12600, '08:21:00', '08:21:00', 20 );
INSERT INTO "times" VALUES ( 20306, 12610, '08:23:00', '08:25:00', 20 );
INSERT INTO "times" VALUES ( 20306, 12620, '08:27:00', '08:27:00', 20 );
INSERT INTO "times" VALUES ( 20306, 12630, '08:28:00', '08:28:00', 20 );
INSERT INTO "times" VALUES ( 20306, 12640, '08:30:00', '08:30:00', 20 );
INSERT INTO "times" VALUES ( 20306, 12650, '08:32:00', '08:32:00', 20 );
INSERT INTO "times" VALUES ( 20306, 12660, '08:34:00', '08:34:00', 20 );
INSERT INTO "times" VALUES ( 20306, 12670, '08:37:00', '08:37:00', 20 );
INSERT INTO "times" VALUES ( 20306, 12680, '08:40:00', '08:40:00', 20 );
INSERT INTO "times" VALUES ( 20306, 12690, '08:42:00', '08:42:00', 20 );
INSERT INTO "times" VALUES ( 20306, 12700, '08:45:00', '08:45:00', 20 );
INSERT INTO "times" VALUES ( 20306, 12710, '08:47:00', '08:53:00', 20 );
INSERT INTO "times" VALUES ( 20306, 12720, '08:55:00', '08:55:00', 20 );
INSERT INTO "times" VALUES ( 20306, 12730, '08:58:00', '08:58:00', 20 );
INSERT INTO "times" VALUES ( 20306, 12740, '09:00:00', '09:02:00', 20 );
INSERT INTO "times" VALUES ( 20306, 12750, '09:04:00', '09:04:00', 20 );
INSERT INTO "times" VALUES ( 20306, 12760, '09:07:00', '09:07:00', 20 );
INSERT INTO "times" VALUES ( 20306, 12770, '09:11:00', '09:11:00', 20 );
INSERT INTO "times" VALUES ( 20306, 12780, '09:16:00', '09:16:00', 20 );
INSERT INTO "times" VALUES ( 20306, 12790, '09:17:00', '09:17:00', 20 );
INSERT INTO "times" VALUES ( 20306, 12800, '09:19:00', '09:23:00', 20 );
INSERT INTO "times" VALUES ( 20306, 12810, '09:24:00', '09:24:00', 20 );
INSERT INTO "times" VALUES ( 20306, 12820, '09:26:00', '09:26:00', 20 );
INSERT INTO "times" VALUES ( 20306, 12830, '09:28:00', '09:28:00', 20 );
INSERT INTO "times" VALUES ( 20306, 12840, '09:29:00', '09:29:00', 20 );
INSERT INTO "times" VALUES ( 20306, 12850, '09:31:00', '09:31:00', 20 );
INSERT INTO "times" VALUES ( 20306, 12860, '09:32:00', '09:32:00', 20 );
INSERT INTO "times" VALUES ( 20306, 12870, '09:34:00', '09:34:00', 20 );
INSERT INTO "times" VALUES ( 20306, 12880, '09:36:00', '09:36:00', 20 );
INSERT INTO "times" VALUES ( 20306, 12890, '09:38:00', '09:38:00', 20 );
INSERT INTO "times" VALUES ( 20306, 12900, '09:39:00', '09:43:00', 20 );
INSERT INTO "times" VALUES ( 20306, 13510, '09:45:00', '09:45:00', 30 );
INSERT INTO "times" VALUES ( 20306, 13520, '09:48:00', NULL, NULL );

INSERT INTO "dias" VALUES ( 20307, 100, FALSE, TRUE, 'Q0705B', 13520, 11510 );
INSERT INTO "dias_line_groups" VALUES ( 20307, 10 );
INSERT INTO "times" VALUES ( 20307, 11510, '09:47:00', NULL, NULL );
INSERT INTO "times" VALUES ( 20307, 11520, '09:44:00', '09:44:00', 10 );
INSERT INTO "times" VALUES ( 20307, 11530, '09:43:00', '09:43:00', 10 );
INSERT INTO "times" VALUES ( 20307, 11540, '09:41:00', '09:41:00', 10 );
INSERT INTO "times" VALUES ( 20307, 12530, '09:40:00', '09:40:00', 10 );
INSERT INTO "times" VALUES ( 20307, 12540, '09:30:00', '09:37:00', 20 );
INSERT INTO "times" VALUES ( 20307, 12550, '09:28:00', '09:28:00', 20 );
INSERT INTO "times" VALUES ( 20307, 12560, '09:26:00', '09:26:00', 20 );
INSERT INTO "times" VALUES ( 20307, 12570, '09:24:00', '09:24:00', 20 );
INSERT INTO "times" VALUES ( 20307, 12580, '09:23:00', '09:23:00', 20 );
INSERT INTO "times" VALUES ( 20307, 12590, '09:22:00', '09:22:00', 20 );
INSERT INTO "times" VALUES ( 20307, 12600, '09:20:00', '09:20:00', 20 );
INSERT INTO "times" VALUES ( 20307, 12610, '09:15:00', '09:19:00', 20 );
INSERT INTO "times" VALUES ( 20307, 12620, '09:13:00', '09:13:00', 20 );
INSERT INTO "times" VALUES ( 20307, 12630, '09:11:00', '09:11:00', 20 );
INSERT INTO "times" VALUES ( 20307, 12640, '09:10:00', '09:10:00', 20 );
INSERT INTO "times" VALUES ( 20307, 12650, '09:08:00', '09:08:00', 20 );
INSERT INTO "times" VALUES ( 20307, 12660, '09:05:00', '09:06:00', 20 );
INSERT INTO "times" VALUES ( 20307, 12670, '09:02:00', '09:02:00', 20 );
INSERT INTO "times" VALUES ( 20307, 12680, '08:59:00', '08:59:00', 20 );
INSERT INTO "times" VALUES ( 20307, 12690, '08:57:00', '08:57:00', 20 );
INSERT INTO "times" VALUES ( 20307, 12700, '08:54:00', '08:54:00', 20 );
INSERT INTO "times" VALUES ( 20307, 12710, '08:52:00', '08:53:00', 20 );
INSERT INTO "times" VALUES ( 20307, 12720, '08:49:00', '08:49:00', 20 );
INSERT INTO "times" VALUES ( 20307, 12730, '08:47:00', '08:47:00', 20 );
INSERT INTO "times" VALUES ( 20307, 12740, '08:38:00', '08:44:00', 20 );
INSERT INTO "times" VALUES ( 20307, 12750, '08:34:00', '08:34:00', 20 );
INSERT INTO "times" VALUES ( 20307, 12760, '08:32:00', '08:32:00', 20 );
INSERT INTO "times" VALUES ( 20307, 12770, '08:27:00', '08:28:00', 20 );
INSERT INTO "times" VALUES ( 20307, 12780, '08:22:00', '08:23:00', 20 );
INSERT INTO "times" VALUES ( 20307, 12790, '08:20:00', '08:20:00', 20 );
INSERT INTO "times" VALUES ( 20307, 12800, '08:19:00', '08:19:00', 20 );
INSERT INTO "times" VALUES ( 20307, 12810, '08:16:00', '08:16:00', 20 );
INSERT INTO "times" VALUES ( 20307, 12820, '08:15:00', '08:15:00', 20 );
INSERT INTO "times" VALUES ( 20307, 12830, '08:10:00', '08:13:00', 20 );
INSERT INTO "times" VALUES ( 20307, 12840, '08:08:00', '08:08:00', 20 );
INSERT INTO "times" VALUES ( 20307, 12850, '08:06:00', '08:06:00', 20 );
INSERT INTO "times" VALUES ( 20307, 12860, '08:04:00', '08:04:00', 20 );
INSERT INTO "times" VALUES ( 20307, 12870, '08:03:00', '08:03:00', 20 );
INSERT INTO "times" VALUES ( 20307, 12880, '08:01:00', '08:01:00', 20 );
INSERT INTO "times" VALUES ( 20307, 12890, '07:59:00', '07:59:00', 20 );
INSERT INTO "times" VALUES ( 20307, 12900, '07:57:00', '07:58:00', 20 );
INSERT INTO "times" VALUES ( 20307, 13510, '07:55:00', '07:55:00', 30 );
INSERT INTO "times" VALUES ( 20307, 13520, NULL, '07:53:00', 30 );

INSERT INTO "dias" VALUES ( 20308, 100, FALSE, TRUE, 'Q0800Z', 11510, 13520 );
INSERT INTO "dias_line_groups" VALUES ( 20308, 10 );
INSERT INTO "times" VALUES ( 20308, 11510, NULL, '08:04:00', 10 );
INSERT INTO "times" VALUES ( 20308, 11520, '08:05:00', '08:05:00', 10 );
INSERT INTO "times" VALUES ( 20308, 11530, '08:07:00', '08:07:00', 10 );
INSERT INTO "times" VALUES ( 20308, 11540, '08:09:00', '08:09:00', 10 );
INSERT INTO "times" VALUES ( 20308, 12530, '08:11:00', '08:12:00', 20 );
INSERT INTO "times" VALUES ( 20308, 12540, '08:14:00', '08:22:00', 20 );
INSERT INTO "times" VALUES ( 20308, 12550, '08:24:00', '08:24:00', 20 );
INSERT INTO "times" VALUES ( 20308, 12560, '08:25:00', '08:25:00', 20 );
INSERT INTO "times" VALUES ( 20308, 12570, '08:27:00', '08:27:00', 20 );
INSERT INTO "times" VALUES ( 20308, 12580, '08:29:00', '08:29:00', 20 );
INSERT INTO "times" VALUES ( 20308, 12590, '08:30:00', '08:30:00', 20 );
INSERT INTO "times" VALUES ( 20308, 12600, '08:31:00', '08:31:00', 20 );
INSERT INTO "times" VALUES ( 20308, 12610, '08:33:00', '08:35:00', 20 );
INSERT INTO "times" VALUES ( 20308, 12620, '08:37:00', '08:37:00', 20 );
INSERT INTO "times" VALUES ( 20308, 12630, '08:38:00', '08:38:00', 20 );
INSERT INTO "times" VALUES ( 20308, 12640, '08:40:00', '08:40:00', 20 );
INSERT INTO "times" VALUES ( 20308, 12650, '08:42:00', '08:42:00', 20 );
INSERT INTO "times" VALUES ( 20308, 12660, '08:44:00', '08:44:00', 20 );
INSERT INTO "times" VALUES ( 20308, 12670, '08:47:00', '08:47:00', 20 );
INSERT INTO "times" VALUES ( 20308, 12680, '08:51:00', '08:51:00', 20 );
INSERT INTO "times" VALUES ( 20308, 12690, '08:52:00', '08:52:00', 20 );
INSERT INTO "times" VALUES ( 20308, 12700, '08:55:00', '08:55:00', 20 );
INSERT INTO "times" VALUES ( 20308, 12710, '08:57:00', '08:58:00', 20 );
INSERT INTO "times" VALUES ( 20308, 12720, '08:59:00', '08:59:00', 20 );
INSERT INTO "times" VALUES ( 20308, 12730, '09:02:00', '09:02:00', 20 );
INSERT INTO "times" VALUES ( 20308, 12740, '09:05:00', '09:10:00', 20 );
INSERT INTO "times" VALUES ( 20308, 12750, '09:13:00', '09:13:00', 20 );
INSERT INTO "times" VALUES ( 20308, 12760, '09:16:00', '09:16:00', 20 );
INSERT INTO "times" VALUES ( 20308, 12770, '09:20:00', '09:21:00', 20 );
INSERT INTO "times" VALUES ( 20308, 12780, '09:25:00', '09:25:00', 20 );
INSERT INTO "times" VALUES ( 20308, 12790, '09:26:00', '09:26:00', 20 );
INSERT INTO "times" VALUES ( 20308, 12800, '09:28:00', '09:32:00', 20 );
INSERT INTO "times" VALUES ( 20308, 12810, '09:34:00', '09:34:00', 20 );
INSERT INTO "times" VALUES ( 20308, 12820, '09:35:00', '09:35:00', 20 );
INSERT INTO "times" VALUES ( 20308, 12830, '09:37:00', '09:39:00', 20 );
INSERT INTO "times" VALUES ( 20308, 12840, '09:41:00', '09:41:00', 20 );
INSERT INTO "times" VALUES ( 20308, 12850, '09:42:00', '09:42:00', 20 );
INSERT INTO "times" VALUES ( 20308, 12860, '09:44:00', '09:44:00', 20 );
INSERT INTO "times" VALUES ( 20308, 12870, '09:45:00', '09:45:00', 20 );
INSERT INTO "times" VALUES ( 20308, 12880, '09:47:00', '09:47:00', 20 );
INSERT INTO "times" VALUES ( 20308, 12890, '09:49:00', '09:49:00', 20 );
INSERT INTO "times" VALUES ( 20308, 12900, '09:50:00', '09:54:00', 20 );
INSERT INTO "times" VALUES ( 20308, 13510, '09:56:00', '09:56:00', 30 );
INSERT INTO "times" VALUES ( 20308, 13520, '09:59:00', NULL, NULL );

INSERT INTO "dias" VALUES ( 20309, 100, FALSE, TRUE, 'Q0801B', 13520, 11510 );
INSERT INTO "dias_line_groups" VALUES ( 20309, 10 );
INSERT INTO "times" VALUES ( 20309, 11510, '09:57:00', NULL, NULL );
INSERT INTO "times" VALUES ( 20309, 11520, '09:54:00', '09:54:00', 10 );
INSERT INTO "times" VALUES ( 20309, 11530, '09:53:00', '09:53:00', 10 );
INSERT INTO "times" VALUES ( 20309, 11540, '09:51:00', '09:51:00', 10 );
INSERT INTO "times" VALUES ( 20309, 12530, '09:50:00', '09:50:00', 10 );
INSERT INTO "times" VALUES ( 20309, 12540, '09:40:00', '09:47:00', 20 );
INSERT INTO "times" VALUES ( 20309, 12550, '09:38:00', '09:38:00', 20 );
INSERT INTO "times" VALUES ( 20309, 12560, '09:36:00', '09:36:00', 20 );
INSERT INTO "times" VALUES ( 20309, 12570, '09:34:00', '09:34:00', 20 );
INSERT INTO "times" VALUES ( 20309, 12580, '09:33:00', '09:33:00', 20 );
INSERT INTO "times" VALUES ( 20309, 12590, '09:32:00', '09:32:00', 20 );
INSERT INTO "times" VALUES ( 20309, 12600, '09:30:00', '09:30:00', 20 );
INSERT INTO "times" VALUES ( 20309, 12610, '09:25:00', '09:29:00', 20 );
INSERT INTO "times" VALUES ( 20309, 12620, '09:23:00', '09:23:00', 20 );
INSERT INTO "times" VALUES ( 20309, 12630, '09:21:00', '09:21:00', 20 );
INSERT INTO "times" VALUES ( 20309, 12640, '09:20:00', '09:20:00', 20 );
INSERT INTO "times" VALUES ( 20309, 12650, '09:18:00', '09:18:00', 20 );
INSERT INTO "times" VALUES ( 20309, 12660, '09:15:00', '09:16:00', 20 );
INSERT INTO "times" VALUES ( 20309, 12670, '09:12:00', '09:12:00', 20 );
INSERT INTO "times" VALUES ( 20309, 12680, '09:06:00', '09:09:00', 20 );
INSERT INTO "times" VALUES ( 20309, 12690, '09:03:00', '09:03:00', 20 );
INSERT INTO "times" VALUES ( 20309, 12700, '09:01:00', '09:01:00', 20 );
INSERT INTO "times" VALUES ( 20309, 12710, '08:55:00', '08:59:00', 20 );
INSERT INTO "times" VALUES ( 20309, 12720, '08:53:00', '08:53:00', 20 );
INSERT INTO "times" VALUES ( 20309, 12730, '08:50:00', '08:50:00', 20 );
INSERT INTO "times" VALUES ( 20309, 12740, '08:48:00', '08:48:00', 20 );
INSERT INTO "times" VALUES ( 20309, 12750, '08:44:00', '08:44:00', 20 );
INSERT INTO "times" VALUES ( 20309, 12760, '08:42:00', '08:42:00', 20 );
INSERT INTO "times" VALUES ( 20309, 12770, '08:38:00', '08:38:00', 20 );
INSERT INTO "times" VALUES ( 20309, 12780, '08:34:00', '08:34:00', 20 );
INSERT INTO "times" VALUES ( 20309, 12790, '08:31:00', '08:31:00', 20 );
INSERT INTO "times" VALUES ( 20309, 12800, '08:25:00', '08:29:00', 20 );
INSERT INTO "times" VALUES ( 20309, 12810, '08:22:00', '08:22:00', 20 );
INSERT INTO "times" VALUES ( 20309, 12820, '08:21:00', '08:21:00', 20 );
INSERT INTO "times" VALUES ( 20309, 12830, '08:20:00', '08:20:00', 20 );
INSERT INTO "times" VALUES ( 20309, 12840, '08:18:00', '08:18:00', 20 );
INSERT INTO "times" VALUES ( 20309, 12850, '08:16:00', '08:16:00', 20 );
INSERT INTO "times" VALUES ( 20309, 12860, '08:14:00', '08:14:00', 20 );
INSERT INTO "times" VALUES ( 20309, 12870, '08:12:00', '08:12:00', 20 );
INSERT INTO "times" VALUES ( 20309, 12880, '08:11:00', '08:11:00', 20 );
INSERT INTO "times" VALUES ( 20309, 12890, '08:09:00', '08:09:00', 20 );
INSERT INTO "times" VALUES ( 20309, 12900, '08:08:00', '08:08:00', 20 );
INSERT INTO "times" VALUES ( 20309, 13510, '08:05:00', '08:05:00', 30 );
INSERT INTO "times" VALUES ( 20309, 13520, NULL, '08:03:00', 30 );

INSERT INTO "dias" VALUES ( 20310, 100, FALSE, TRUE, 'Q0802Z', 11510, 13520 );
INSERT INTO "dias_line_groups" VALUES ( 20310, 10 );
INSERT INTO "times" VALUES ( 20310, 11510, NULL, '08:14:00', 10 );
INSERT INTO "times" VALUES ( 20310, 11520, '08:15:00', '08:15:00', 10 );
INSERT INTO "times" VALUES ( 20310, 11530, '08:17:00', '08:17:00', 10 );
INSERT INTO "times" VALUES ( 20310, 11540, '08:19:00', '08:19:00', 10 );
INSERT INTO "times" VALUES ( 20310, 12530, '08:21:00', '08:22:00', 20 );
INSERT INTO "times" VALUES ( 20310, 12540, '08:24:00', '08:32:00', 20 );
INSERT INTO "times" VALUES ( 20310, 12550, '08:34:00', '08:34:00', 20 );
INSERT INTO "times" VALUES ( 20310, 12560, '08:35:00', '08:35:00', 20 );
INSERT INTO "times" VALUES ( 20310, 12570, '08:37:00', '08:37:00', 20 );
INSERT INTO "times" VALUES ( 20310, 12580, '08:39:00', '08:39:00', 20 );
INSERT INTO "times" VALUES ( 20310, 12590, '08:40:00', '08:40:00', 20 );
INSERT INTO "times" VALUES ( 20310, 12600, '08:41:00', '08:41:00', 20 );
INSERT INTO "times" VALUES ( 20310, 12610, '08:43:00', '08:45:00', 20 );
INSERT INTO "times" VALUES ( 20310, 12620, '08:47:00', '08:47:00', 20 );
INSERT INTO "times" VALUES ( 20310, 12630, '08:48:00', '08:48:00', 20 );
INSERT INTO "times" VALUES ( 20310, 12640, '08:50:00', '08:50:00', 20 );
INSERT INTO "times" VALUES ( 20310, 12650, '08:52:00', '08:52:00', 20 );
INSERT INTO "times" VALUES ( 20310, 12660, '08:54:00', '08:56:00', 20 );
INSERT INTO "times" VALUES ( 20310, 12670, '08:59:00', '08:59:00', 20 );
INSERT INTO "times" VALUES ( 20310, 12680, '09:02:00', '09:02:00', 20 );
INSERT INTO "times" VALUES ( 20310, 12690, '09:03:00', '09:03:00', 20 );
INSERT INTO "times" VALUES ( 20310, 12700, '09:06:00', '09:06:00', 20 );
INSERT INTO "times" VALUES ( 20310, 12710, '09:08:00', '09:13:00', 20 );
INSERT INTO "times" VALUES ( 20310, 12720, '09:15:00', '09:15:00', 20 );
INSERT INTO "times" VALUES ( 20310, 12730, '09:17:00', '09:17:00', 20 );
INSERT INTO "times" VALUES ( 20310, 12740, '09:20:00', '09:20:00', 20 );
INSERT INTO "times" VALUES ( 20310, 12750, '09:23:00', '09:23:00', 20 );
INSERT INTO "times" VALUES ( 20310, 12760, '09:26:00', '09:26:00', 20 );
INSERT INTO "times" VALUES ( 20310, 12770, '09:29:00', '09:32:00', 20 );
INSERT INTO "times" VALUES ( 20310, 12780, '09:37:00', '09:37:00', 20 );
INSERT INTO "times" VALUES ( 20310, 12790, '09:38:00', '09:38:00', 20 );
INSERT INTO "times" VALUES ( 20310, 12800, '09:40:00', '09:43:00', 20 );
INSERT INTO "times" VALUES ( 20310, 12810, '09:45:00', '09:45:00', 20 );
INSERT INTO "times" VALUES ( 20310, 12820, '09:47:00', '09:47:00', 20 );
INSERT INTO "times" VALUES ( 20310, 12830, '09:49:00', '09:49:00', 20 );
INSERT INTO "times" VALUES ( 20310, 12840, '09:50:00', '09:50:00', 20 );
INSERT INTO "times" VALUES ( 20310, 12850, '09:51:00', '09:51:00', 20 );
INSERT INTO "times" VALUES ( 20310, 12860, '09:53:00', '09:53:00', 20 );
INSERT INTO "times" VALUES ( 20310, 12870, '09:55:00', '09:55:00', 20 );
INSERT INTO "times" VALUES ( 20310, 12880, '09:57:00', '09:57:00', 20 );
INSERT INTO "times" VALUES ( 20310, 12890, '09:58:00', '09:58:00', 20 );
INSERT INTO "times" VALUES ( 20310, 12900, '10:00:00', '10:04:00', 20 );
INSERT INTO "times" VALUES ( 20310, 13510, '10:06:00', '10:06:00', 30 );
INSERT INTO "times" VALUES ( 20310, 13520, '10:08:00', NULL, NULL );

INSERT INTO "dias" VALUES ( 20311, 100, FALSE, TRUE, 'Q0803B', 13520, 11510 );
INSERT INTO "dias_line_groups" VALUES ( 20311, 10 );
INSERT INTO "times" VALUES ( 20311, 11510, '10:17:00', NULL, NULL );
INSERT INTO "times" VALUES ( 20311, 11520, '10:14:00', '10:14:00', 10 );
INSERT INTO "times" VALUES ( 20311, 11530, '10:13:00', '10:13:00', 10 );
INSERT INTO "times" VALUES ( 20311, 11540, '10:11:00', '10:11:00', 10 );
INSERT INTO "times" VALUES ( 20311, 12530, '10:10:00', '10:10:00', 10 );
INSERT INTO "times" VALUES ( 20311, 12540, '10:00:00', '10:07:00', 20 );
INSERT INTO "times" VALUES ( 20311, 12550, '09:58:00', '09:58:00', 20 );
INSERT INTO "times" VALUES ( 20311, 12560, '09:56:00', '09:56:00', 20 );
INSERT INTO "times" VALUES ( 20311, 12570, '09:54:00', '09:54:00', 20 );
INSERT INTO "times" VALUES ( 20311, 12580, '09:53:00', '09:53:00', 20 );
INSERT INTO "times" VALUES ( 20311, 12590, '09:52:00', '09:52:00', 20 );
INSERT INTO "times" VALUES ( 20311, 12600, '09:50:00', '09:50:00', 20 );
INSERT INTO "times" VALUES ( 20311, 12610, '09:45:00', '09:49:00', 20 );
INSERT INTO "times" VALUES ( 20311, 12620, '09:43:00', '09:43:00', 20 );
INSERT INTO "times" VALUES ( 20311, 12630, '09:41:00', '09:41:00', 20 );
INSERT INTO "times" VALUES ( 20311, 12640, '09:40:00', '09:40:00', 20 );
INSERT INTO "times" VALUES ( 20311, 12650, '09:38:00', '09:38:00', 20 );
INSERT INTO "times" VALUES ( 20311, 12660, '09:35:00', '09:36:00', 20 );
INSERT INTO "times" VALUES ( 20311, 12670, '09:32:00', '09:32:00', 20 );
INSERT INTO "times" VALUES ( 20311, 12680, '09:26:00', '09:29:00', 20 );
INSERT INTO "times" VALUES ( 20311, 12690, '09:23:00', '09:23:00', 20 );
INSERT INTO "times" VALUES ( 20311, 12700, '09:21:00', '09:21:00', 20 );
INSERT INTO "times" VALUES ( 20311, 12710, '09:15:00', '09:19:00', 20 );
INSERT INTO "times" VALUES ( 20311, 12720, '09:13:00', '09:13:00', 20 );
INSERT INTO "times" VALUES ( 20311, 12730, '09:10:00', '09:10:00', 20 );
INSERT INTO "times" VALUES ( 20311, 12740, '09:08:00', '09:08:00', 20 );
INSERT INTO "times" VALUES ( 20311, 12750, '09:04:00', '09:04:00', 20 );
INSERT INTO "times" VALUES ( 20311, 12760, '09:02:00', '09:02:00', 20 );
INSERT INTO "times" VALUES ( 20311, 12770, '08:58:00', '08:58:00', 20 );
INSERT INTO "times" VALUES ( 20311, 12780, '08:54:00', '08:54:00', 20 );
INSERT INTO "times" VALUES ( 20311, 12790, '08:51:00', '08:51:00', 20 );
INSERT INTO "times" VALUES ( 20311, 12800, '08:46:00', '08:49:00', 20 );
INSERT INTO "times" VALUES ( 20311, 12810, '08:44:00', '08:44:00', 20 );
INSERT INTO "times" VALUES ( 20311, 12820, '08:42:00', '08:42:00', 20 );
INSERT INTO "times" VALUES ( 20311, 12830, '08:41:00', '08:41:00', 20 );
INSERT INTO "times" VALUES ( 20311, 12840, '08:39:00', '08:39:00', 20 );
INSERT INTO "times" VALUES ( 20311, 12850, '08:37:00', '08:37:00', 20 );
INSERT INTO "times" VALUES ( 20311, 12860, '08:35:00', '08:35:00', 20 );
INSERT INTO "times" VALUES ( 20311, 12870, '08:34:00', '08:34:00', 20 );
INSERT INTO "times" VALUES ( 20311, 12880, '08:32:00', '08:32:00', 20 );
INSERT INTO "times" VALUES ( 20311, 12890, '08:30:00', '08:30:00', 20 );
INSERT INTO "times" VALUES ( 20311, 12900, '08:25:00', '08:29:00', 20 );
INSERT INTO "times" VALUES ( 20311, 13510, '08:23:00', '08:23:00', 30 );
INSERT INTO "times" VALUES ( 20311, 13520, NULL, '08:21:00', 30 );

INSERT INTO "dias" VALUES ( 20312, 100, FALSE, TRUE, 'Q0804Z', 11510, 13520 );
INSERT INTO "dias_line_groups" VALUES ( 20312, 10 );
INSERT INTO "times" VALUES ( 20312, 11510, NULL, '08:24:00', 10 );
INSERT INTO "times" VALUES ( 20312, 11520, '08:25:00', '08:25:00', 10 );
INSERT INTO "times" VALUES ( 20312, 11530, '08:27:00', '08:27:00', 10 );
INSERT INTO "times" VALUES ( 20312, 11540, '08:29:00', '08:29:00', 10 );
INSERT INTO "times" VALUES ( 20312, 12530, '08:31:00', '08:31:00', 20 );
INSERT INTO "times" VALUES ( 20312, 12540, '08:35:00', '08:41:00', 20 );
INSERT INTO "times" VALUES ( 20312, 12550, '08:43:00', '08:43:00', 20 );
INSERT INTO "times" VALUES ( 20312, 12560, '08:45:00', '08:45:00', 20 );
INSERT INTO "times" VALUES ( 20312, 12570, '08:46:00', '08:46:00', 20 );
INSERT INTO "times" VALUES ( 20312, 12580, '08:48:00', '08:48:00', 20 );
INSERT INTO "times" VALUES ( 20312, 12590, '08:49:00', '08:49:00', 20 );
INSERT INTO "times" VALUES ( 20312, 12600, '08:50:00', '08:50:00', 20 );
INSERT INTO "times" VALUES ( 20312, 12610, '08:52:00', '08:55:00', 20 );
INSERT INTO "times" VALUES ( 20312, 12620, '08:57:00', '08:57:00', 20 );
INSERT INTO "times" VALUES ( 20312, 12630, '08:58:00', '08:58:00', 20 );
INSERT INTO "times" VALUES ( 20312, 12640, '09:00:00', '09:00:00', 20 );
INSERT INTO "times" VALUES ( 20312, 12650, '09:02:00', '09:02:00', 20 );
INSERT INTO "times" VALUES ( 20312, 12660, '09:04:00', '09:05:00', 20 );
INSERT INTO "times" VALUES ( 20312, 12670, '09:08:00', '09:08:00', 20 );
INSERT INTO "times" VALUES ( 20312, 12680, '09:12:00', '09:18:00', 20 );
INSERT INTO "times" VALUES ( 20312, 12690, '09:20:00', '09:20:00', 20 );
INSERT INTO "times" VALUES ( 20312, 12700, '09:22:00', '09:22:00', 20 );
INSERT INTO "times" VALUES ( 20312, 12710, '09:25:00', '09:25:00', 20 );
INSERT INTO "times" VALUES ( 20312, 12720, '09:26:00', '09:26:00', 20 );
INSERT INTO "times" VALUES ( 20312, 12730, '09:29:00', '09:29:00', 20 );
INSERT INTO "times" VALUES ( 20312, 12740, '09:32:00', '09:32:00', 20 );
INSERT INTO "times" VALUES ( 20312, 12750, '09:34:00', '09:34:00', 20 );
INSERT INTO "times" VALUES ( 20312, 12760, '09:37:00', '09:37:00', 20 );
INSERT INTO "times" VALUES ( 20312, 12770, '09:41:00', '09:41:00', 20 );
INSERT INTO "times" VALUES ( 20312, 12780, '09:46:00', '09:46:00', 20 );
INSERT INTO "times" VALUES ( 20312, 12790, '09:47:00', '09:47:00', 20 );
INSERT INTO "times" VALUES ( 20312, 12800, '09:49:00', '09:53:00', 20 );
INSERT INTO "times" VALUES ( 20312, 12810, '09:54:00', '09:54:00', 20 );
INSERT INTO "times" VALUES ( 20312, 12820, '09:56:00', '09:56:00', 20 );
INSERT INTO "times" VALUES ( 20312, 12830, '09:58:00', '09:58:00', 20 );
INSERT INTO "times" VALUES ( 20312, 12840, '09:59:00', '09:59:00', 20 );
INSERT INTO "times" VALUES ( 20312, 12850, '10:01:00', '10:01:00', 20 );
INSERT INTO "times" VALUES ( 20312, 12860, '10:02:00', '10:02:00', 20 );
INSERT INTO "times" VALUES ( 20312, 12870, '10:04:00', '10:04:00', 20 );
INSERT INTO "times" VALUES ( 20312, 12880, '10:06:00', '10:06:00', 20 );
INSERT INTO "times" VALUES ( 20312, 12890, '10:08:00', '10:08:00', 20 );
INSERT INTO "times" VALUES ( 20312, 12900, '10:09:00', '10:14:00', 20 );
INSERT INTO "times" VALUES ( 20312, 13510, '10:16:00', '10:16:00', 30 );
INSERT INTO "times" VALUES ( 20312, 13520, '10:18:00', NULL, NULL );

INSERT INTO "dias" VALUES ( 20313, 100, FALSE, TRUE, 'Q0805B', 13520, 11510 );
INSERT INTO "dias_line_groups" VALUES ( 20313, 10 );
INSERT INTO "times" VALUES ( 20313, 11510, '10:27:00', NULL, NULL );
INSERT INTO "times" VALUES ( 20313, 11520, '10:24:00', '10:24:00', 10 );
INSERT INTO "times" VALUES ( 20313, 11530, '10:23:00', '10:23:00', 10 );
INSERT INTO "times" VALUES ( 20313, 11540, '10:21:00', '10:21:00', 10 );
INSERT INTO "times" VALUES ( 20313, 12530, '10:20:00', '10:20:00', 10 );
INSERT INTO "times" VALUES ( 20313, 12540, '10:10:00', '10:17:00', 20 );
INSERT INTO "times" VALUES ( 20313, 12550, '10:08:00', '10:08:00', 20 );
INSERT INTO "times" VALUES ( 20313, 12560, '10:06:00', '10:06:00', 20 );
INSERT INTO "times" VALUES ( 20313, 12570, '10:04:00', '10:04:00', 20 );
INSERT INTO "times" VALUES ( 20313, 12580, '10:03:00', '10:03:00', 20 );
INSERT INTO "times" VALUES ( 20313, 12590, '10:02:00', '10:02:00', 20 );
INSERT INTO "times" VALUES ( 20313, 12600, '10:00:00', '10:00:00', 20 );
INSERT INTO "times" VALUES ( 20313, 12610, '09:55:00', '09:59:00', 20 );
INSERT INTO "times" VALUES ( 20313, 12620, '09:53:00', '09:53:00', 20 );
INSERT INTO "times" VALUES ( 20313, 12630, '09:51:00', '09:51:00', 20 );
INSERT INTO "times" VALUES ( 20313, 12640, '09:50:00', '09:50:00', 20 );
INSERT INTO "times" VALUES ( 20313, 12650, '09:48:00', '09:48:00', 20 );
INSERT INTO "times" VALUES ( 20313, 12660, '09:45:00', '09:46:00', 20 );
INSERT INTO "times" VALUES ( 20313, 12670, '09:42:00', '09:42:00', 20 );
INSERT INTO "times" VALUES ( 20313, 12680, '09:36:00', '09:39:00', 20 );
INSERT INTO "times" VALUES ( 20313, 12690, '09:33:00', '09:33:00', 20 );
INSERT INTO "times" VALUES ( 20313, 12700, '09:31:00', '09:31:00', 20 );
INSERT INTO "times" VALUES ( 20313, 12710, '09:25:00', '09:29:00', 20 );
INSERT INTO "times" VALUES ( 20313, 12720, '09:23:00', '09:23:00', 20 );
INSERT INTO "times" VALUES ( 20313, 12730, '09:20:00', '09:20:00', 20 );
INSERT INTO "times" VALUES ( 20313, 12740, '09:18:00', '09:18:00', 20 );
INSERT INTO "times" VALUES ( 20313, 12750, '09:14:00', '09:14:00', 20 );
INSERT INTO "times" VALUES ( 20313, 12760, '09:12:00', '09:12:00', 20 );
INSERT INTO "times" VALUES ( 20313, 12770, '09:08:00', '09:08:00', 20 );
INSERT INTO "times" VALUES ( 20313, 12780, '09:04:00', '09:04:00', 20 );
INSERT INTO "times" VALUES ( 20313, 12790, '09:01:00', '09:01:00', 20 );
INSERT INTO "times" VALUES ( 20313, 12800, '08:56:00', '08:59:00', 20 );
INSERT INTO "times" VALUES ( 20313, 12810, '08:54:00', '08:54:00', 20 );
INSERT INTO "times" VALUES ( 20313, 12820, '08:52:00', '08:52:00', 20 );
INSERT INTO "times" VALUES ( 20313, 12830, '08:51:00', '08:51:00', 20 );
INSERT INTO "times" VALUES ( 20313, 12840, '08:49:00', '08:49:00', 20 );
INSERT INTO "times" VALUES ( 20313, 12850, '08:47:00', '08:47:00', 20 );
INSERT INTO "times" VALUES ( 20313, 12860, '08:45:00', '08:45:00', 20 );
INSERT INTO "times" VALUES ( 20313, 12870, '08:44:00', '08:44:00', 20 );
INSERT INTO "times" VALUES ( 20313, 12880, '08:42:00', '08:42:00', 20 );
INSERT INTO "times" VALUES ( 20313, 12890, '08:40:00', '08:40:00', 20 );
INSERT INTO "times" VALUES ( 20313, 12900, '08:35:00', '08:39:00', 20 );
INSERT INTO "times" VALUES ( 20313, 13510, '08:33:00', '08:33:00', 30 );
INSERT INTO "times" VALUES ( 20313, 13520, NULL, '08:31:00', 30 );

INSERT INTO "dias" VALUES ( 20314, 100, FALSE, TRUE, 'Q0806Z', 11510, 13520 );
INSERT INTO "dias_line_groups" VALUES ( 20314, 10 );
INSERT INTO "times" VALUES ( 20314, 11510, NULL, '08:44:00', 10 );
INSERT INTO "times" VALUES ( 20314, 11520, '08:45:00', '08:45:00', 10 );
INSERT INTO "times" VALUES ( 20314, 11530, '08:47:00', '08:47:00', 10 );
INSERT INTO "times" VALUES ( 20314, 11540, '08:49:00', '08:49:00', 10 );
INSERT INTO "times" VALUES ( 20314, 12530, '08:51:00', '08:52:00', 20 );
INSERT INTO "times" VALUES ( 20314, 12540, '08:54:00', '09:01:00', 20 );
INSERT INTO "times" VALUES ( 20314, 12550, '09:03:00', '09:03:00', 20 );
INSERT INTO "times" VALUES ( 20314, 12560, '09:05:00', '09:05:00', 20 );
INSERT INTO "times" VALUES ( 20314, 12570, '09:06:00', '09:06:00', 20 );
INSERT INTO "times" VALUES ( 20314, 12580, '09:08:00', '09:08:00', 20 );
INSERT INTO "times" VALUES ( 20314, 12590, '09:09:00', '09:09:00', 20 );
INSERT INTO "times" VALUES ( 20314, 12600, '09:10:00', '09:10:00', 20 );
INSERT INTO "times" VALUES ( 20314, 12610, '09:12:00', '09:16:00', 20 );
INSERT INTO "times" VALUES ( 20314, 12620, '09:17:00', '09:17:00', 20 );
INSERT INTO "times" VALUES ( 20314, 12630, '09:19:00', '09:19:00', 20 );
INSERT INTO "times" VALUES ( 20314, 12640, '09:20:00', '09:20:00', 20 );
INSERT INTO "times" VALUES ( 20314, 12650, '09:22:00', '09:22:00', 20 );
INSERT INTO "times" VALUES ( 20314, 12660, '09:24:00', '09:26:00', 20 );
INSERT INTO "times" VALUES ( 20314, 12670, '09:29:00', '09:29:00', 20 );
INSERT INTO "times" VALUES ( 20314, 12680, '09:32:00', '09:32:00', 20 );
INSERT INTO "times" VALUES ( 20314, 12690, '09:34:00', '09:34:00', 20 );
INSERT INTO "times" VALUES ( 20314, 12700, '09:37:00', '09:37:00', 20 );
INSERT INTO "times" VALUES ( 20314, 12710, '09:39:00', '09:43:00', 20 );
INSERT INTO "times" VALUES ( 20314, 12720, '09:45:00', '09:45:00', 20 );
INSERT INTO "times" VALUES ( 20314, 12730, '09:47:00', '09:47:00', 20 );
INSERT INTO "times" VALUES ( 20314, 12740, '09:50:00', '09:50:00', 20 );
INSERT INTO "times" VALUES ( 20314, 12750, '09:53:00', '09:53:00', 20 );
INSERT INTO "times" VALUES ( 20314, 12760, '09:56:00', '09:56:00', 20 );
INSERT INTO "times" VALUES ( 20314, 12770, '09:59:00', '10:02:00', 20 );
INSERT INTO "times" VALUES ( 20314, 12780, '10:07:00', '10:07:00', 20 );
INSERT INTO "times" VALUES ( 20314, 12790, '10:08:00', '10:08:00', 20 );
INSERT INTO "times" VALUES ( 20314, 12800, '10:10:00', '10:13:00', 20 );
INSERT INTO "times" VALUES ( 20314, 12810, '10:15:00', '10:15:00', 20 );
INSERT INTO "times" VALUES ( 20314, 12820, '10:17:00', '10:17:00', 20 );
INSERT INTO "times" VALUES ( 20314, 12830, '10:19:00', '10:19:00', 20 );
INSERT INTO "times" VALUES ( 20314, 12840, '10:20:00', '10:20:00', 20 );
INSERT INTO "times" VALUES ( 20314, 12850, '10:21:00', '10:21:00', 20 );
INSERT INTO "times" VALUES ( 20314, 12860, '10:23:00', '10:23:00', 20 );
INSERT INTO "times" VALUES ( 20314, 12870, '10:25:00', '10:25:00', 20 );
INSERT INTO "times" VALUES ( 20314, 12880, '10:27:00', '10:27:00', 20 );
INSERT INTO "times" VALUES ( 20314, 12890, '10:28:00', '10:28:00', 20 );
INSERT INTO "times" VALUES ( 20314, 12900, '10:30:00', '10:34:00', 20 );
INSERT INTO "times" VALUES ( 20314, 13510, '10:36:00', '10:36:00', 30 );
INSERT INTO "times" VALUES ( 20314, 13520, '10:38:00', NULL, NULL );

INSERT INTO "dias" VALUES ( 20315, 100, FALSE, TRUE, 'Q0807B', 13520, 11510 );
INSERT INTO "dias_line_groups" VALUES ( 20315, 10 );
INSERT INTO "times" VALUES ( 20315, 11510, '10:47:00', NULL, NULL );
INSERT INTO "times" VALUES ( 20315, 11520, '10:44:00', '10:44:00', 10 );
INSERT INTO "times" VALUES ( 20315, 11530, '10:43:00', '10:43:00', 10 );
INSERT INTO "times" VALUES ( 20315, 11540, '10:41:00', '10:41:00', 10 );
INSERT INTO "times" VALUES ( 20315, 12530, '10:40:00', '10:40:00', 10 );
INSERT INTO "times" VALUES ( 20315, 12540, '10:30:00', '10:37:00', 20 );
INSERT INTO "times" VALUES ( 20315, 12550, '10:28:00', '10:28:00', 20 );
INSERT INTO "times" VALUES ( 20315, 12560, '10:26:00', '10:26:00', 20 );
INSERT INTO "times" VALUES ( 20315, 12570, '10:24:00', '10:24:00', 20 );
INSERT INTO "times" VALUES ( 20315, 12580, '10:23:00', '10:23:00', 20 );
INSERT INTO "times" VALUES ( 20315, 12590, '10:22:00', '10:22:00', 20 );
INSERT INTO "times" VALUES ( 20315, 12600, '10:20:00', '10:20:00', 20 );
INSERT INTO "times" VALUES ( 20315, 12610, '10:15:00', '10:19:00', 20 );
INSERT INTO "times" VALUES ( 20315, 12620, '10:13:00', '10:13:00', 20 );
INSERT INTO "times" VALUES ( 20315, 12630, '10:12:00', '10:12:00', 20 );
INSERT INTO "times" VALUES ( 20315, 12640, '10:10:00', '10:10:00', 20 );
INSERT INTO "times" VALUES ( 20315, 12650, '10:08:00', '10:08:00', 20 );
INSERT INTO "times" VALUES ( 20315, 12660, '10:05:00', '10:07:00', 20 );
INSERT INTO "times" VALUES ( 20315, 12670, '10:02:00', '10:02:00', 20 );
INSERT INTO "times" VALUES ( 20315, 12680, '09:55:00', '09:59:00', 20 );
INSERT INTO "times" VALUES ( 20315, 12690, '09:53:00', '09:53:00', 20 );
INSERT INTO "times" VALUES ( 20315, 12700, '09:51:00', '09:51:00', 20 );
INSERT INTO "times" VALUES ( 20315, 12710, '09:45:00', '09:49:00', 20 );
INSERT INTO "times" VALUES ( 20315, 12720, '09:43:00', '09:43:00', 20 );
INSERT INTO "times" VALUES ( 20315, 12730, '09:40:00', '09:40:00', 20 );
INSERT INTO "times" VALUES ( 20315, 12740, '09:38:00', '09:38:00', 20 );
INSERT INTO "times" VALUES ( 20315, 12750, '09:34:00', '09:34:00', 20 );
INSERT INTO "times" VALUES ( 20315, 12760, '09:32:00', '09:32:00', 20 );
INSERT INTO "times" VALUES ( 20315, 12770, '09:28:00', '09:28:00', 20 );
INSERT INTO "times" VALUES ( 20315, 12780, '09:24:00', '09:24:00', 20 );
INSERT INTO "times" VALUES ( 20315, 12790, '09:21:00', '09:21:00', 20 );
INSERT INTO "times" VALUES ( 20315, 12800, '09:16:00', '09:19:00', 20 );
INSERT INTO "times" VALUES ( 20315, 12810, '09:14:00', '09:14:00', 20 );
INSERT INTO "times" VALUES ( 20315, 12820, '09:12:00', '09:12:00', 20 );
INSERT INTO "times" VALUES ( 20315, 12830, '09:11:00', '09:11:00', 20 );
INSERT INTO "times" VALUES ( 20315, 12840, '09:09:00', '09:09:00', 20 );
INSERT INTO "times" VALUES ( 20315, 12850, '09:07:00', '09:07:00', 20 );
INSERT INTO "times" VALUES ( 20315, 12860, '09:05:00', '09:05:00', 20 );
INSERT INTO "times" VALUES ( 20315, 12870, '09:04:00', '09:04:00', 20 );
INSERT INTO "times" VALUES ( 20315, 12880, '09:02:00', '09:02:00', 20 );
INSERT INTO "times" VALUES ( 20315, 12890, '09:00:00', '09:00:00', 20 );
INSERT INTO "times" VALUES ( 20315, 12900, '08:55:00', '08:59:00', 20 );
INSERT INTO "times" VALUES ( 20315, 13510, '08:53:00', '08:53:00', 30 );
INSERT INTO "times" VALUES ( 20315, 13520, NULL, '08:51:00', 30 );

INSERT INTO "dias" VALUES ( 20316, 100, FALSE, TRUE, 'Q0808Z', 11510, 13520 );
INSERT INTO "dias_line_groups" VALUES ( 20316, 10 );
INSERT INTO "times" VALUES ( 20316, 11510, NULL, '08:54:00', 10 );
INSERT INTO "times" VALUES ( 20316, 11520, '08:55:00', '08:55:00', 10 );
INSERT INTO "times" VALUES ( 20316, 11530, '08:57:00', '08:57:00', 10 );
INSERT INTO "times" VALUES ( 20316, 11540, '08:59:00', '08:59:00', 10 );
INSERT INTO "times" VALUES ( 20316, 12530, '09:01:00', '09:02:00', 20 );
INSERT INTO "times" VALUES ( 20316, 12540, '09:04:00', '09:11:00', 20 );
INSERT INTO "times" VALUES ( 20316, 12550, '09:13:00', '09:13:00', 20 );
INSERT INTO "times" VALUES ( 20316, 12560, '09:15:00', '09:15:00', 20 );
INSERT INTO "times" VALUES ( 20316, 12570, '09:16:00', '09:16:00', 20 );
INSERT INTO "times" VALUES ( 20316, 12580, '09:18:00', '09:18:00', 20 );
INSERT INTO "times" VALUES ( 20316, 12590, '09:19:00', '09:19:00', 20 );
INSERT INTO "times" VALUES ( 20316, 12600, '09:20:00', '09:20:00', 20 );
INSERT INTO "times" VALUES ( 20316, 12610, '09:22:00', '09:25:00', 20 );
INSERT INTO "times" VALUES ( 20316, 12620, '09:27:00', '09:27:00', 20 );
INSERT INTO "times" VALUES ( 20316, 12630, '09:28:00', '09:28:00', 20 );
INSERT INTO "times" VALUES ( 20316, 12640, '09:30:00', '09:30:00', 20 );
INSERT INTO "times" VALUES ( 20316, 12650, '09:32:00', '09:32:00', 20 );
INSERT INTO "times" VALUES ( 20316, 12660, '09:34:00', '09:35:00', 20 );
INSERT INTO "times" VALUES ( 20316, 12670, '09:38:00', '09:38:00', 20 );
INSERT INTO "times" VALUES ( 20316, 12680, '09:42:00', '09:48:00', 20 );
INSERT INTO "times" VALUES ( 20316, 12690, '09:50:00', '09:50:00', 20 );
INSERT INTO "times" VALUES ( 20316, 12700, '09:52:00', '09:52:00', 20 );
INSERT INTO "times" VALUES ( 20316, 12710, '09:55:00', '09:55:00', 20 );
INSERT INTO "times" VALUES ( 20316, 12720, '09:56:00', '09:56:00', 20 );
INSERT INTO "times" VALUES ( 20316, 12730, '09:59:00', '09:59:00', 20 );
INSERT INTO "times" VALUES ( 20316, 12740, '10:02:00', '10:02:00', 20 );
INSERT INTO "times" VALUES ( 20316, 12750, '10:04:00', '10:04:00', 20 );
INSERT INTO "times" VALUES ( 20316, 12760, '10:07:00', '10:07:00', 20 );
INSERT INTO "times" VALUES ( 20316, 12770, '10:11:00', '10:11:00', 20 );
INSERT INTO "times" VALUES ( 20316, 12780, '10:16:00', '10:16:00', 20 );
INSERT INTO "times" VALUES ( 20316, 12790, '10:17:00', '10:17:00', 20 );
INSERT INTO "times" VALUES ( 20316, 12800, '10:19:00', '10:23:00', 20 );
INSERT INTO "times" VALUES ( 20316, 12810, '10:25:00', '10:25:00', 20 );
INSERT INTO "times" VALUES ( 20316, 12820, '10:27:00', '10:27:00', 20 );
INSERT INTO "times" VALUES ( 20316, 12830, '10:29:00', '10:29:00', 20 );
INSERT INTO "times" VALUES ( 20316, 12840, '10:30:00', '10:30:00', 20 );
INSERT INTO "times" VALUES ( 20316, 12850, '10:31:00', '10:31:00', 20 );
INSERT INTO "times" VALUES ( 20316, 12860, '10:33:00', '10:33:00', 20 );
INSERT INTO "times" VALUES ( 20316, 12870, '10:35:00', '10:35:00', 20 );
INSERT INTO "times" VALUES ( 20316, 12880, '10:37:00', '10:37:00', 20 );
INSERT INTO "times" VALUES ( 20316, 12890, '10:38:00', '10:38:00', 20 );
INSERT INTO "times" VALUES ( 20316, 12900, '10:40:00', '10:44:00', 20 );
INSERT INTO "times" VALUES ( 20316, 13510, '10:46:00', '10:46:00', 30 );
INSERT INTO "times" VALUES ( 20316, 13520, '10:48:00', NULL, NULL );

INSERT INTO "dias" VALUES ( 20317, 100, FALSE, TRUE, 'Q0900Z', 11510, 13520 );
INSERT INTO "dias_line_groups" VALUES ( 20317, 10 );
INSERT INTO "times" VALUES ( 20317, 11510, NULL, '09:04:00', 10 );
INSERT INTO "times" VALUES ( 20317, 11520, '09:05:00', '09:05:00', 10 );
INSERT INTO "times" VALUES ( 20317, 11530, '09:07:00', '09:07:00', 10 );
INSERT INTO "times" VALUES ( 20317, 11540, '09:09:00', '09:09:00', 10 );
INSERT INTO "times" VALUES ( 20317, 12530, '09:11:00', '09:12:00', 20 );
INSERT INTO "times" VALUES ( 20317, 12540, '09:14:00', '09:21:00', 20 );
INSERT INTO "times" VALUES ( 20317, 12550, '09:23:00', '09:23:00', 20 );
INSERT INTO "times" VALUES ( 20317, 12560, '09:25:00', '09:25:00', 20 );
INSERT INTO "times" VALUES ( 20317, 12570, '09:26:00', '09:26:00', 20 );
INSERT INTO "times" VALUES ( 20317, 12580, '09:28:00', '09:28:00', 20 );
INSERT INTO "times" VALUES ( 20317, 12590, '09:29:00', '09:29:00', 20 );
INSERT INTO "times" VALUES ( 20317, 12600, '09:30:00', '09:30:00', 20 );
INSERT INTO "times" VALUES ( 20317, 12610, '09:32:00', '09:36:00', 20 );
INSERT INTO "times" VALUES ( 20317, 12620, '09:37:00', '09:37:00', 20 );
INSERT INTO "times" VALUES ( 20317, 12630, '09:39:00', '09:39:00', 20 );
INSERT INTO "times" VALUES ( 20317, 12640, '09:40:00', '09:40:00', 20 );
INSERT INTO "times" VALUES ( 20317, 12650, '09:42:00', '09:42:00', 20 );
INSERT INTO "times" VALUES ( 20317, 12660, '09:44:00', '09:44:00', 20 );
INSERT INTO "times" VALUES ( 20317, 12670, '09:47:00', '09:47:00', 20 );
INSERT INTO "times" VALUES ( 20317, 12680, '09:51:00', '09:51:00', 20 );
INSERT INTO "times" VALUES ( 20317, 12690, '09:52:00', '09:52:00', 20 );
INSERT INTO "times" VALUES ( 20317, 12700, '09:55:00', '09:55:00', 20 );
INSERT INTO "times" VALUES ( 20317, 12710, '09:56:00', '10:04:00', 20 );
INSERT INTO "times" VALUES ( 20317, 12720, '10:06:00', '10:06:00', 20 );
INSERT INTO "times" VALUES ( 20317, 12730, '10:08:00', '10:08:00', 20 );
INSERT INTO "times" VALUES ( 20317, 12740, '10:11:00', '10:11:00', 20 );
INSERT INTO "times" VALUES ( 20317, 12750, '10:14:00', '10:14:00', 20 );
INSERT INTO "times" VALUES ( 20317, 12760, '10:17:00', '10:17:00', 20 );
INSERT INTO "times" VALUES ( 20317, 12770, '10:21:00', '10:21:00', 20 );
INSERT INTO "times" VALUES ( 20317, 12780, '10:25:00', '10:25:00', 20 );
INSERT INTO "times" VALUES ( 20317, 12790, '10:27:00', '10:27:00', 20 );
INSERT INTO "times" VALUES ( 20317, 12800, '10:28:00', '10:32:00', 20 );
INSERT INTO "times" VALUES ( 20317, 12810, '10:34:00', '10:34:00', 20 );
INSERT INTO "times" VALUES ( 20317, 12820, '10:35:00', '10:35:00', 20 );
INSERT INTO "times" VALUES ( 20317, 12830, '10:37:00', '10:39:00', 20 );
INSERT INTO "times" VALUES ( 20317, 12840, '10:41:00', '10:41:00', 20 );
INSERT INTO "times" VALUES ( 20317, 12850, '10:42:00', '10:42:00', 20 );
INSERT INTO "times" VALUES ( 20317, 12860, '10:44:00', '10:44:00', 20 );
INSERT INTO "times" VALUES ( 20317, 12870, '10:45:00', '10:45:00', 20 );
INSERT INTO "times" VALUES ( 20317, 12880, '10:47:00', '10:47:00', 20 );
INSERT INTO "times" VALUES ( 20317, 12890, '10:49:00', '10:49:00', 20 );
INSERT INTO "times" VALUES ( 20317, 12900, '10:50:00', '10:54:00', 20 );
INSERT INTO "times" VALUES ( 20317, 13510, '10:56:00', '10:56:00', 30 );
INSERT INTO "times" VALUES ( 20317, 13520, '10:59:00', NULL, NULL );

INSERT INTO "dias" VALUES ( 20318, 100, FALSE, TRUE, 'Q0901B', 13520, 11510 );
INSERT INTO "dias_line_groups" VALUES ( 20318, 10 );
INSERT INTO "times" VALUES ( 20318, 11510, '10:57:00', NULL, NULL );
INSERT INTO "times" VALUES ( 20318, 11520, '10:54:00', '10:54:00', 10 );
INSERT INTO "times" VALUES ( 20318, 11530, '10:53:00', '10:53:00', 10 );
INSERT INTO "times" VALUES ( 20318, 11540, '10:51:00', '10:51:00', 10 );
INSERT INTO "times" VALUES ( 20318, 12530, '10:50:00', '10:50:00', 10 );
INSERT INTO "times" VALUES ( 20318, 12540, '10:40:00', '10:47:00', 20 );
INSERT INTO "times" VALUES ( 20318, 12550, '10:38:00', '10:38:00', 20 );
INSERT INTO "times" VALUES ( 20318, 12560, '10:36:00', '10:36:00', 20 );
INSERT INTO "times" VALUES ( 20318, 12570, '10:34:00', '10:34:00', 20 );
INSERT INTO "times" VALUES ( 20318, 12580, '10:33:00', '10:33:00', 20 );
INSERT INTO "times" VALUES ( 20318, 12590, '10:32:00', '10:32:00', 20 );
INSERT INTO "times" VALUES ( 20318, 12600, '10:30:00', '10:30:00', 20 );
INSERT INTO "times" VALUES ( 20318, 12610, '10:26:00', '10:29:00', 20 );
INSERT INTO "times" VALUES ( 20318, 12620, '10:24:00', '10:24:00', 20 );
INSERT INTO "times" VALUES ( 20318, 12630, '10:22:00', '10:22:00', 20 );
INSERT INTO "times" VALUES ( 20318, 12640, '10:21:00', '10:21:00', 20 );
INSERT INTO "times" VALUES ( 20318, 12650, '10:19:00', '10:19:00', 20 );
INSERT INTO "times" VALUES ( 20318, 12660, '10:15:00', '10:17:00', 20 );
INSERT INTO "times" VALUES ( 20318, 12670, '10:12:00', '10:12:00', 20 );
INSERT INTO "times" VALUES ( 20318, 12680, '10:06:00', '10:09:00', 20 );
INSERT INTO "times" VALUES ( 20318, 12690, '10:03:00', '10:03:00', 20 );
INSERT INTO "times" VALUES ( 20318, 12700, '10:01:00', '10:01:00', 20 );
INSERT INTO "times" VALUES ( 20318, 12710, '09:55:00', '09:59:00', 20 );
INSERT INTO "times" VALUES ( 20318, 12720, '09:53:00', '09:53:00', 20 );
INSERT INTO "times" VALUES ( 20318, 12730, '09:50:00', '09:50:00', 20 );
INSERT INTO "times" VALUES ( 20318, 12740, '09:48:00', '09:48:00', 20 );
INSERT INTO "times" VALUES ( 20318, 12750, '09:45:00', '09:45:00', 20 );
INSERT INTO "times" VALUES ( 20318, 12760, '09:42:00', '09:42:00', 20 );
INSERT INTO "times" VALUES ( 20318, 12770, '09:38:00', '09:38:00', 20 );
INSERT INTO "times" VALUES ( 20318, 12780, '09:34:00', '09:34:00', 20 );
INSERT INTO "times" VALUES ( 20318, 12790, '09:32:00', '09:32:00', 20 );
INSERT INTO "times" VALUES ( 20318, 12800, '09:26:00', '09:30:00', 20 );
INSERT INTO "times" VALUES ( 20318, 12810, '09:24:00', '09:24:00', 20 );
INSERT INTO "times" VALUES ( 20318, 12820, '09:22:00', '09:22:00', 20 );
INSERT INTO "times" VALUES ( 20318, 12830, '09:21:00', '09:21:00', 20 );
INSERT INTO "times" VALUES ( 20318, 12840, '09:19:00', '09:19:00', 20 );
INSERT INTO "times" VALUES ( 20318, 12850, '09:18:00', '09:18:00', 20 );
INSERT INTO "times" VALUES ( 20318, 12860, '09:16:00', '09:16:00', 20 );
INSERT INTO "times" VALUES ( 20318, 12870, '09:14:00', '09:14:00', 20 );
INSERT INTO "times" VALUES ( 20318, 12880, '09:12:00', '09:12:00', 20 );
INSERT INTO "times" VALUES ( 20318, 12890, '09:11:00', '09:11:00', 20 );
INSERT INTO "times" VALUES ( 20318, 12900, '09:05:00', '09:09:00', 20 );
INSERT INTO "times" VALUES ( 20318, 13510, '09:03:00', '09:03:00', 30 );
INSERT INTO "times" VALUES ( 20318, 13520, NULL, '09:01:00', 30 );

INSERT INTO "dias" VALUES ( 20319, 100, FALSE, TRUE, 'Q0902Z', 11510, 13520 );
INSERT INTO "dias_line_groups" VALUES ( 20319, 10 );
INSERT INTO "times" VALUES ( 20319, 11510, NULL, '09:14:00', 10 );
INSERT INTO "times" VALUES ( 20319, 11520, '09:15:00', '09:15:00', 10 );
INSERT INTO "times" VALUES ( 20319, 11530, '09:17:00', '09:17:00', 10 );
INSERT INTO "times" VALUES ( 20319, 11540, '09:19:00', '09:19:00', 10 );
INSERT INTO "times" VALUES ( 20319, 12530, '09:21:00', '09:22:00', 20 );
INSERT INTO "times" VALUES ( 20319, 12540, '09:25:00', '09:31:00', 20 );
INSERT INTO "times" VALUES ( 20319, 12550, '09:33:00', '09:33:00', 20 );
INSERT INTO "times" VALUES ( 20319, 12560, '09:35:00', '09:35:00', 20 );
INSERT INTO "times" VALUES ( 20319, 12570, '09:36:00', '09:36:00', 20 );
INSERT INTO "times" VALUES ( 20319, 12580, '09:38:00', '09:38:00', 20 );
INSERT INTO "times" VALUES ( 20319, 12590, '09:39:00', '09:39:00', 20 );
INSERT INTO "times" VALUES ( 20319, 12600, '09:40:00', '09:40:00', 20 );
INSERT INTO "times" VALUES ( 20319, 12610, '09:42:00', '09:45:00', 20 );
INSERT INTO "times" VALUES ( 20319, 12620, '09:46:00', '09:46:00', 20 );
INSERT INTO "times" VALUES ( 20319, 12630, '09:48:00', '09:48:00', 20 );
INSERT INTO "times" VALUES ( 20319, 12640, '09:49:00', '09:49:00', 20 );
INSERT INTO "times" VALUES ( 20319, 12650, '09:51:00', '09:51:00', 20 );
INSERT INTO "times" VALUES ( 20319, 12660, '09:53:00', '09:56:00', 20 );
INSERT INTO "times" VALUES ( 20319, 12670, '09:59:00', '09:59:00', 20 );
INSERT INTO "times" VALUES ( 20319, 12680, '10:02:00', '10:02:00', 20 );
INSERT INTO "times" VALUES ( 20319, 12690, '10:04:00', '10:04:00', 20 );
INSERT INTO "times" VALUES ( 20319, 12700, '10:06:00', '10:06:00', 20 );
INSERT INTO "times" VALUES ( 20319, 12710, '10:08:00', '10:13:00', 20 );
INSERT INTO "times" VALUES ( 20319, 12720, '10:15:00', '10:15:00', 20 );
INSERT INTO "times" VALUES ( 20319, 12730, '10:17:00', '10:17:00', 20 );
INSERT INTO "times" VALUES ( 20319, 12740, '10:20:00', '10:20:00', 20 );
INSERT INTO "times" VALUES ( 20319, 12750, '10:23:00', '10:23:00', 20 );
INSERT INTO "times" VALUES ( 20319, 12760, '10:26:00', '10:26:00', 20 );
INSERT INTO "times" VALUES ( 20319, 12770, '10:29:00', '10:32:00', 20 );
INSERT INTO "times" VALUES ( 20319, 12780, '10:37:00', '10:37:00', 20 );
INSERT INTO "times" VALUES ( 20319, 12790, '10:38:00', '10:38:00', 20 );
INSERT INTO "times" VALUES ( 20319, 12800, '10:40:00', '10:43:00', 20 );
INSERT INTO "times" VALUES ( 20319, 12810, '10:45:00', '10:45:00', 20 );
INSERT INTO "times" VALUES ( 20319, 12820, '10:47:00', '10:47:00', 20 );
INSERT INTO "times" VALUES ( 20319, 12830, '10:49:00', '10:49:00', 20 );
INSERT INTO "times" VALUES ( 20319, 12840, '10:50:00', '10:50:00', 20 );
INSERT INTO "times" VALUES ( 20319, 12850, '10:51:00', '10:51:00', 20 );
INSERT INTO "times" VALUES ( 20319, 12860, '10:53:00', '10:53:00', 20 );
INSERT INTO "times" VALUES ( 20319, 12870, '10:55:00', '10:55:00', 20 );
INSERT INTO "times" VALUES ( 20319, 12880, '10:57:00', '10:57:00', 20 );
INSERT INTO "times" VALUES ( 20319, 12890, '10:58:00', '10:58:00', 20 );
INSERT INTO "times" VALUES ( 20319, 12900, '11:00:00', '11:04:00', 20 );
INSERT INTO "times" VALUES ( 20319, 13510, '11:06:00', '11:06:00', 30 );
INSERT INTO "times" VALUES ( 20319, 13520, '11:08:00', NULL, NULL );

INSERT INTO "dias" VALUES ( 20320, 100, FALSE, TRUE, 'Q0903B', 13520, 11510 );
INSERT INTO "dias_line_groups" VALUES ( 20320, 10 );
INSERT INTO "times" VALUES ( 20320, 11510, '11:17:00', NULL, NULL );
INSERT INTO "times" VALUES ( 20320, 11520, '11:14:00', '11:14:00', 10 );
INSERT INTO "times" VALUES ( 20320, 11530, '11:13:00', '11:13:00', 10 );
INSERT INTO "times" VALUES ( 20320, 11540, '11:11:00', '11:11:00', 10 );
INSERT INTO "times" VALUES ( 20320, 12530, '11:10:00', '11:10:00', 10 );
INSERT INTO "times" VALUES ( 20320, 12540, '11:00:00', '11:07:00', 20 );
INSERT INTO "times" VALUES ( 20320, 12550, '10:58:00', '10:58:00', 20 );
INSERT INTO "times" VALUES ( 20320, 12560, '10:56:00', '10:56:00', 20 );
INSERT INTO "times" VALUES ( 20320, 12570, '10:54:00', '10:54:00', 20 );
INSERT INTO "times" VALUES ( 20320, 12580, '10:53:00', '10:53:00', 20 );
INSERT INTO "times" VALUES ( 20320, 12590, '10:52:00', '10:52:00', 20 );
INSERT INTO "times" VALUES ( 20320, 12600, '10:50:00', '10:50:00', 20 );
INSERT INTO "times" VALUES ( 20320, 12610, '10:46:00', '10:49:00', 20 );
INSERT INTO "times" VALUES ( 20320, 12620, '10:44:00', '10:44:00', 20 );
INSERT INTO "times" VALUES ( 20320, 12630, '10:42:00', '10:42:00', 20 );
INSERT INTO "times" VALUES ( 20320, 12640, '10:41:00', '10:41:00', 20 );
INSERT INTO "times" VALUES ( 20320, 12650, '10:39:00', '10:39:00', 20 );
INSERT INTO "times" VALUES ( 20320, 12660, '10:36:00', '10:37:00', 20 );
INSERT INTO "times" VALUES ( 20320, 12670, '10:33:00', '10:33:00', 20 );
INSERT INTO "times" VALUES ( 20320, 12680, '10:26:00', '10:30:00', 20 );
INSERT INTO "times" VALUES ( 20320, 12690, '10:24:00', '10:24:00', 20 );
INSERT INTO "times" VALUES ( 20320, 12700, '10:22:00', '10:22:00', 20 );
INSERT INTO "times" VALUES ( 20320, 12710, '10:16:00', '10:20:00', 20 );
INSERT INTO "times" VALUES ( 20320, 12720, '10:13:00', '10:13:00', 20 );
INSERT INTO "times" VALUES ( 20320, 12730, '10:11:00', '10:11:00', 20 );
INSERT INTO "times" VALUES ( 20320, 12740, '10:09:00', '10:09:00', 20 );
INSERT INTO "times" VALUES ( 20320, 12750, '10:05:00', '10:05:00', 20 );
INSERT INTO "times" VALUES ( 20320, 12760, '10:03:00', '10:03:00', 20 );
INSERT INTO "times" VALUES ( 20320, 12770, '09:59:00', '09:59:00', 20 );
INSERT INTO "times" VALUES ( 20320, 12780, '09:54:00', '09:54:00', 20 );
INSERT INTO "times" VALUES ( 20320, 12790, '09:52:00', '09:52:00', 20 );
INSERT INTO "times" VALUES ( 20320, 12800, '09:47:00', '09:50:00', 20 );
INSERT INTO "times" VALUES ( 20320, 12810, '09:45:00', '09:45:00', 20 );
INSERT INTO "times" VALUES ( 20320, 12820, '09:43:00', '09:43:00', 20 );
INSERT INTO "times" VALUES ( 20320, 12830, '09:42:00', '09:42:00', 20 );
INSERT INTO "times" VALUES ( 20320, 12840, '09:40:00', '09:40:00', 20 );
INSERT INTO "times" VALUES ( 20320, 12850, '09:38:00', '09:38:00', 20 );
INSERT INTO "times" VALUES ( 20320, 12860, '09:36:00', '09:36:00', 20 );
INSERT INTO "times" VALUES ( 20320, 12870, '09:35:00', '09:35:00', 20 );
INSERT INTO "times" VALUES ( 20320, 12880, '09:33:00', '09:33:00', 20 );
INSERT INTO "times" VALUES ( 20320, 12890, '09:31:00', '09:31:00', 20 );
INSERT INTO "times" VALUES ( 20320, 12900, '09:25:00', '09:30:00', 20 );
INSERT INTO "times" VALUES ( 20320, 13510, '09:23:00', '09:23:00', 30 );
INSERT INTO "times" VALUES ( 20320, 13520, NULL, '09:21:00', 30 );

INSERT INTO "dias" VALUES ( 20321, 100, FALSE, TRUE, 'Q0904Z', 11510, 13520 );
INSERT INTO "dias_line_groups" VALUES ( 20321, 10 );
INSERT INTO "times" VALUES ( 20321, 11510, NULL, '09:24:00', 10 );
INSERT INTO "times" VALUES ( 20321, 11520, '09:25:00', '09:25:00', 10 );
INSERT INTO "times" VALUES ( 20321, 11530, '09:27:00', '09:27:00', 10 );
INSERT INTO "times" VALUES ( 20321, 11540, '09:29:00', '09:29:00', 10 );
INSERT INTO "times" VALUES ( 20321, 12530, '09:31:00', '09:32:00', 20 );
INSERT INTO "times" VALUES ( 20321, 12540, '09:34:00', '09:41:00', 20 );
INSERT INTO "times" VALUES ( 20321, 12550, '09:43:00', '09:43:00', 20 );
INSERT INTO "times" VALUES ( 20321, 12560, '09:45:00', '09:45:00', 20 );
INSERT INTO "times" VALUES ( 20321, 12570, '09:46:00', '09:46:00', 20 );
INSERT INTO "times" VALUES ( 20321, 12580, '09:48:00', '09:48:00', 20 );
INSERT INTO "times" VALUES ( 20321, 12590, '09:49:00', '09:49:00', 20 );
INSERT INTO "times" VALUES ( 20321, 12600, '09:50:00', '09:50:00', 20 );
INSERT INTO "times" VALUES ( 20321, 12610, '09:52:00', '09:55:00', 20 );
INSERT INTO "times" VALUES ( 20321, 12620, '09:57:00', '09:57:00', 20 );
INSERT INTO "times" VALUES ( 20321, 12630, '09:58:00', '09:58:00', 20 );
INSERT INTO "times" VALUES ( 20321, 12640, '10:00:00', '10:00:00', 20 );
INSERT INTO "times" VALUES ( 20321, 12650, '10:02:00', '10:02:00', 20 );
INSERT INTO "times" VALUES ( 20321, 12660, '10:04:00', '10:05:00', 20 );
INSERT INTO "times" VALUES ( 20321, 12670, '10:08:00', '10:08:00', 20 );
INSERT INTO "times" VALUES ( 20321, 12680, '10:12:00', '10:18:00', 20 );
INSERT INTO "times" VALUES ( 20321, 12690, '10:20:00', '10:20:00', 20 );
INSERT INTO "times" VALUES ( 20321, 12700, '10:22:00', '10:22:00', 20 );
INSERT INTO "times" VALUES ( 20321, 12710, '10:25:00', '10:25:00', 20 );
INSERT INTO "times" VALUES ( 20321, 12720, '10:27:00', '10:27:00', 20 );
INSERT INTO "times" VALUES ( 20321, 12730, '10:29:00', '10:29:00', 20 );
INSERT INTO "times" VALUES ( 20321, 12740, '10:32:00', '10:32:00', 20 );
INSERT INTO "times" VALUES ( 20321, 12750, '10:35:00', '10:35:00', 20 );
INSERT INTO "times" VALUES ( 20321, 12760, '10:38:00', '10:38:00', 20 );
INSERT INTO "times" VALUES ( 20321, 12770, '10:42:00', '10:42:00', 20 );
INSERT INTO "times" VALUES ( 20321, 12780, '10:46:00', '10:46:00', 20 );
INSERT INTO "times" VALUES ( 20321, 12790, '10:47:00', '10:47:00', 20 );
INSERT INTO "times" VALUES ( 20321, 12800, '10:49:00', '10:53:00', 20 );
INSERT INTO "times" VALUES ( 20321, 12810, '10:54:00', '10:54:00', 20 );
INSERT INTO "times" VALUES ( 20321, 12820, '10:56:00', '10:56:00', 20 );
INSERT INTO "times" VALUES ( 20321, 12830, '10:58:00', '10:58:00', 20 );
INSERT INTO "times" VALUES ( 20321, 12840, '10:59:00', '10:59:00', 20 );
INSERT INTO "times" VALUES ( 20321, 12850, '11:01:00', '11:01:00', 20 );
INSERT INTO "times" VALUES ( 20321, 12860, '11:02:00', '11:02:00', 20 );
INSERT INTO "times" VALUES ( 20321, 12870, '11:04:00', '11:04:00', 20 );
INSERT INTO "times" VALUES ( 20321, 12880, '11:06:00', '11:06:00', 20 );
INSERT INTO "times" VALUES ( 20321, 12890, '11:08:00', '11:08:00', 20 );
INSERT INTO "times" VALUES ( 20321, 12900, '11:09:00', '11:14:00', 20 );
INSERT INTO "times" VALUES ( 20321, 13510, '11:16:00', '11:16:00', 30 );
INSERT INTO "times" VALUES ( 20321, 13520, '11:18:00', NULL, NULL );

INSERT INTO "dias" VALUES ( 20322, 100, FALSE, TRUE, 'Q0905B', 13520, 11510 );
INSERT INTO "dias_line_groups" VALUES ( 20322, 10 );
INSERT INTO "times" VALUES ( 20322, 11510, '11:47:00', NULL, NULL );
INSERT INTO "times" VALUES ( 20322, 11520, '11:44:00', '11:44:00', 10 );
INSERT INTO "times" VALUES ( 20322, 11530, '11:43:00', '11:43:00', 10 );
INSERT INTO "times" VALUES ( 20322, 11540, '11:41:00', '11:41:00', 10 );
INSERT INTO "times" VALUES ( 20322, 12530, '11:40:00', '11:40:00', 10 );
INSERT INTO "times" VALUES ( 20322, 12540, '11:30:00', '11:37:00', 20 );
INSERT INTO "times" VALUES ( 20322, 12550, '11:28:00', '11:28:00', 20 );
INSERT INTO "times" VALUES ( 20322, 12560, '11:26:00', '11:26:00', 20 );
INSERT INTO "times" VALUES ( 20322, 12570, '11:24:00', '11:24:00', 20 );
INSERT INTO "times" VALUES ( 20322, 12580, '11:23:00', '11:23:00', 20 );
INSERT INTO "times" VALUES ( 20322, 12590, '11:22:00', '11:22:00', 20 );
INSERT INTO "times" VALUES ( 20322, 12600, '11:20:00', '11:20:00', 20 );
INSERT INTO "times" VALUES ( 20322, 12610, '11:16:00', '11:19:00', 20 );
INSERT INTO "times" VALUES ( 20322, 12620, '11:14:00', '11:14:00', 20 );
INSERT INTO "times" VALUES ( 20322, 12630, '11:12:00', '11:12:00', 20 );
INSERT INTO "times" VALUES ( 20322, 12640, '11:11:00', '11:11:00', 20 );
INSERT INTO "times" VALUES ( 20322, 12650, '11:09:00', '11:09:00', 20 );
INSERT INTO "times" VALUES ( 20322, 12660, '11:06:00', '11:07:00', 20 );
INSERT INTO "times" VALUES ( 20322, 12670, '11:03:00', '11:03:00', 20 );
INSERT INTO "times" VALUES ( 20322, 12680, '10:57:00', '11:00:00', 20 );
INSERT INTO "times" VALUES ( 20322, 12690, '10:54:00', '10:54:00', 20 );
INSERT INTO "times" VALUES ( 20322, 12700, '10:52:00', '10:52:00', 20 );
INSERT INTO "times" VALUES ( 20322, 12710, '10:46:00', '10:50:00', 20 );
INSERT INTO "times" VALUES ( 20322, 12720, '10:44:00', '10:44:00', 20 );
INSERT INTO "times" VALUES ( 20322, 12730, '10:41:00', '10:41:00', 20 );
INSERT INTO "times" VALUES ( 20322, 12740, '10:39:00', '10:39:00', 20 );
INSERT INTO "times" VALUES ( 20322, 12750, '10:35:00', '10:35:00', 20 );
INSERT INTO "times" VALUES ( 20322, 12760, '10:33:00', '10:33:00', 20 );
INSERT INTO "times" VALUES ( 20322, 12770, '10:29:00', '10:29:00', 20 );
INSERT INTO "times" VALUES ( 20322, 12780, '10:24:00', '10:24:00', 20 );
INSERT INTO "times" VALUES ( 20322, 12790, '10:22:00', '10:22:00', 20 );
INSERT INTO "times" VALUES ( 20322, 12800, '10:17:00', '10:20:00', 20 );
INSERT INTO "times" VALUES ( 20322, 12810, '10:15:00', '10:15:00', 20 );
INSERT INTO "times" VALUES ( 20322, 12820, '10:13:00', '10:13:00', 20 );
INSERT INTO "times" VALUES ( 20322, 12830, '10:12:00', '10:12:00', 20 );
INSERT INTO "times" VALUES ( 20322, 12840, '10:10:00', '10:10:00', 20 );
INSERT INTO "times" VALUES ( 20322, 12850, '10:08:00', '10:08:00', 20 );
INSERT INTO "times" VALUES ( 20322, 12860, '10:06:00', '10:06:00', 20 );
INSERT INTO "times" VALUES ( 20322, 12870, '10:05:00', '10:05:00', 20 );
INSERT INTO "times" VALUES ( 20322, 12880, '10:03:00', '10:03:00', 20 );
INSERT INTO "times" VALUES ( 20322, 12890, '10:01:00', '10:01:00', 20 );
INSERT INTO "times" VALUES ( 20322, 12900, '09:56:00', '10:00:00', 20 );
INSERT INTO "times" VALUES ( 20322, 13510, '09:54:00', '09:54:00', 30 );
INSERT INTO "times" VALUES ( 20322, 13520, NULL, '09:52:00', 30 );

INSERT INTO "dias" VALUES ( 20323, 100, FALSE, TRUE, 'Q0906Z', 11510, 13520 );
INSERT INTO "dias_line_groups" VALUES ( 20323, 10 );
INSERT INTO "times" VALUES ( 20323, 11510, NULL, '09:34:00', 10 );
INSERT INTO "times" VALUES ( 20323, 11520, '09:35:00', '09:35:00', 10 );
INSERT INTO "times" VALUES ( 20323, 11530, '09:37:00', '09:37:00', 10 );
INSERT INTO "times" VALUES ( 20323, 11540, '09:39:00', '09:39:00', 10 );
INSERT INTO "times" VALUES ( 20323, 12530, '09:41:00', '09:42:00', 20 );
INSERT INTO "times" VALUES ( 20323, 12540, '09:45:00', '09:51:00', 20 );
INSERT INTO "times" VALUES ( 20323, 12550, '09:53:00', '09:53:00', 20 );
INSERT INTO "times" VALUES ( 20323, 12560, '09:55:00', '09:55:00', 20 );
INSERT INTO "times" VALUES ( 20323, 12570, '09:56:00', '09:56:00', 20 );
INSERT INTO "times" VALUES ( 20323, 12580, '09:58:00', '09:58:00', 20 );
INSERT INTO "times" VALUES ( 20323, 12590, '09:59:00', '09:59:00', 20 );
INSERT INTO "times" VALUES ( 20323, 12600, '10:00:00', '10:00:00', 20 );
INSERT INTO "times" VALUES ( 20323, 12610, '10:02:00', '10:06:00', 20 );
INSERT INTO "times" VALUES ( 20323, 12620, '10:07:00', '10:07:00', 20 );
INSERT INTO "times" VALUES ( 20323, 12630, '10:09:00', '10:09:00', 20 );
INSERT INTO "times" VALUES ( 20323, 12640, '10:10:00', '10:10:00', 20 );
INSERT INTO "times" VALUES ( 20323, 12650, '10:12:00', '10:12:00', 20 );
INSERT INTO "times" VALUES ( 20323, 12660, '10:15:00', '10:15:00', 20 );
INSERT INTO "times" VALUES ( 20323, 12670, '10:18:00', '10:18:00', 20 );
INSERT INTO "times" VALUES ( 20323, 12680, '10:21:00', '10:21:00', 20 );
INSERT INTO "times" VALUES ( 20323, 12690, '10:22:00', '10:22:00', 20 );
INSERT INTO "times" VALUES ( 20323, 12700, '10:25:00', '10:25:00', 20 );
INSERT INTO "times" VALUES ( 20323, 12710, '10:27:00', '10:33:00', 20 );
INSERT INTO "times" VALUES ( 20323, 12720, '10:35:00', '10:35:00', 20 );
INSERT INTO "times" VALUES ( 20323, 12730, '10:38:00', '10:38:00', 20 );
INSERT INTO "times" VALUES ( 20323, 12740, '10:41:00', '10:41:00', 20 );
INSERT INTO "times" VALUES ( 20323, 12750, '10:43:00', '10:43:00', 20 );
INSERT INTO "times" VALUES ( 20323, 12760, '10:46:00', '10:46:00', 20 );
INSERT INTO "times" VALUES ( 20323, 12770, '10:51:00', '10:51:00', 20 );
INSERT INTO "times" VALUES ( 20323, 12780, '10:55:00', '10:55:00', 20 );
INSERT INTO "times" VALUES ( 20323, 12790, '10:56:00', '10:56:00', 20 );
INSERT INTO "times" VALUES ( 20323, 12800, '10:58:00', '11:02:00', 20 );
INSERT INTO "times" VALUES ( 20323, 12810, '11:04:00', '11:04:00', 20 );
INSERT INTO "times" VALUES ( 20323, 12820, '11:05:00', '11:05:00', 20 );
INSERT INTO "times" VALUES ( 20323, 12830, '11:07:00', '11:09:00', 20 );
INSERT INTO "times" VALUES ( 20323, 12840, '11:11:00', '11:11:00', 20 );
INSERT INTO "times" VALUES ( 20323, 12850, '11:12:00', '11:12:00', 20 );
INSERT INTO "times" VALUES ( 20323, 12860, '11:14:00', '11:14:00', 20 );
INSERT INTO "times" VALUES ( 20323, 12870, '11:15:00', '11:15:00', 20 );
INSERT INTO "times" VALUES ( 20323, 12880, '11:17:00', '11:17:00', 20 );
INSERT INTO "times" VALUES ( 20323, 12890, '11:19:00', '11:19:00', 20 );
INSERT INTO "times" VALUES ( 20323, 12900, '11:20:00', '11:24:00', 20 );
INSERT INTO "times" VALUES ( 20323, 13510, '11:26:00', '11:26:00', 30 );
INSERT INTO "times" VALUES ( 20323, 13520, '11:29:00', NULL, NULL );

INSERT INTO "dias" VALUES ( 20324, 100, FALSE, TRUE, 'Q0908Z', 11510, 13520 );
INSERT INTO "dias_line_groups" VALUES ( 20324, 10 );
INSERT INTO "times" VALUES ( 20324, 11510, NULL, '09:44:00', 10 );
INSERT INTO "times" VALUES ( 20324, 11520, '09:45:00', '09:45:00', 10 );
INSERT INTO "times" VALUES ( 20324, 11530, '09:47:00', '09:47:00', 10 );
INSERT INTO "times" VALUES ( 20324, 11540, '09:49:00', '09:49:00', 10 );
INSERT INTO "times" VALUES ( 20324, 12530, '09:51:00', '09:52:00', 20 );
INSERT INTO "times" VALUES ( 20324, 12540, '09:54:00', '10:01:00', 20 );
INSERT INTO "times" VALUES ( 20324, 12550, '10:03:00', '10:03:00', 20 );
INSERT INTO "times" VALUES ( 20324, 12560, '10:05:00', '10:05:00', 20 );
INSERT INTO "times" VALUES ( 20324, 12570, '10:06:00', '10:06:00', 20 );
INSERT INTO "times" VALUES ( 20324, 12580, '10:08:00', '10:08:00', 20 );
INSERT INTO "times" VALUES ( 20324, 12590, '10:09:00', '10:09:00', 20 );
INSERT INTO "times" VALUES ( 20324, 12600, '10:10:00', '10:10:00', 20 );
INSERT INTO "times" VALUES ( 20324, 12610, '10:12:00', '10:15:00', 20 );
INSERT INTO "times" VALUES ( 20324, 12620, '10:17:00', '10:17:00', 20 );
INSERT INTO "times" VALUES ( 20324, 12630, '10:18:00', '10:18:00', 20 );
INSERT INTO "times" VALUES ( 20324, 12640, '10:20:00', '10:20:00', 20 );
INSERT INTO "times" VALUES ( 20324, 12650, '10:22:00', '10:22:00', 20 );
INSERT INTO "times" VALUES ( 20324, 12660, '10:24:00', '10:26:00', 20 );
INSERT INTO "times" VALUES ( 20324, 12670, '10:29:00', '10:29:00', 20 );
INSERT INTO "times" VALUES ( 20324, 12680, '10:32:00', '10:32:00', 20 );
INSERT INTO "times" VALUES ( 20324, 12690, '10:34:00', '10:34:00', 20 );
INSERT INTO "times" VALUES ( 20324, 12700, '10:36:00', '10:36:00', 20 );
INSERT INTO "times" VALUES ( 20324, 12710, '10:38:00', '10:43:00', 20 );
INSERT INTO "times" VALUES ( 20324, 12720, '10:45:00', '10:45:00', 20 );
INSERT INTO "times" VALUES ( 20324, 12730, '10:47:00', '10:47:00', 20 );
INSERT INTO "times" VALUES ( 20324, 12740, '10:50:00', '10:50:00', 20 );
INSERT INTO "times" VALUES ( 20324, 12750, '10:53:00', '10:53:00', 20 );
INSERT INTO "times" VALUES ( 20324, 12760, '10:56:00', '10:56:00', 20 );
INSERT INTO "times" VALUES ( 20324, 12770, '10:59:00', '11:02:00', 20 );
INSERT INTO "times" VALUES ( 20324, 12780, '11:07:00', '11:07:00', 20 );
INSERT INTO "times" VALUES ( 20324, 12790, '11:08:00', '11:08:00', 20 );
INSERT INTO "times" VALUES ( 20324, 12800, '11:10:00', '11:13:00', 20 );
INSERT INTO "times" VALUES ( 20324, 12810, '11:15:00', '11:15:00', 20 );
INSERT INTO "times" VALUES ( 20324, 12820, '11:17:00', '11:17:00', 20 );
INSERT INTO "times" VALUES ( 20324, 12830, '11:19:00', '11:19:00', 20 );
INSERT INTO "times" VALUES ( 20324, 12840, '11:20:00', '11:20:00', 20 );
INSERT INTO "times" VALUES ( 20324, 12850, '11:21:00', '11:21:00', 20 );
INSERT INTO "times" VALUES ( 20324, 12860, '11:23:00', '11:23:00', 20 );
INSERT INTO "times" VALUES ( 20324, 12870, '11:25:00', '11:25:00', 20 );
INSERT INTO "times" VALUES ( 20324, 12880, '11:27:00', '11:27:00', 20 );
INSERT INTO "times" VALUES ( 20324, 12890, '11:28:00', '11:28:00', 20 );
INSERT INTO "times" VALUES ( 20324, 12900, '11:30:00', '11:34:00', 20 );
INSERT INTO "times" VALUES ( 20324, 13510, '11:36:00', '11:36:00', 30 );
INSERT INTO "times" VALUES ( 20324, 13520, '11:38:00', NULL, NULL );

INSERT INTO "dias" VALUES ( 20325, 100, FALSE, TRUE, 'Q0910Z', 11510, 13520 );
INSERT INTO "dias_line_groups" VALUES ( 20325, 10 );
INSERT INTO "times" VALUES ( 20325, 11510, NULL, '09:54:00', 10 );
INSERT INTO "times" VALUES ( 20325, 11520, '09:55:00', '09:55:00', 10 );
INSERT INTO "times" VALUES ( 20325, 11530, '09:57:00', '09:57:00', 10 );
INSERT INTO "times" VALUES ( 20325, 11540, '09:59:00', '09:59:00', 10 );
INSERT INTO "times" VALUES ( 20325, 12530, '10:01:00', '10:02:00', 20 );
INSERT INTO "times" VALUES ( 20325, 12540, '10:04:00', '10:11:00', 20 );
INSERT INTO "times" VALUES ( 20325, 12550, '10:13:00', '10:13:00', 20 );
INSERT INTO "times" VALUES ( 20325, 12560, '10:15:00', '10:15:00', 20 );
INSERT INTO "times" VALUES ( 20325, 12570, '10:16:00', '10:16:00', 20 );
INSERT INTO "times" VALUES ( 20325, 12580, '10:18:00', '10:18:00', 20 );
INSERT INTO "times" VALUES ( 20325, 12590, '10:19:00', '10:19:00', 20 );
INSERT INTO "times" VALUES ( 20325, 12600, '10:20:00', '10:20:00', 20 );
INSERT INTO "times" VALUES ( 20325, 12610, '10:22:00', '10:25:00', 20 );
INSERT INTO "times" VALUES ( 20325, 12620, '10:27:00', '10:27:00', 20 );
INSERT INTO "times" VALUES ( 20325, 12630, '10:28:00', '10:28:00', 20 );
INSERT INTO "times" VALUES ( 20325, 12640, '10:30:00', '10:30:00', 20 );
INSERT INTO "times" VALUES ( 20325, 12650, '10:32:00', '10:32:00', 20 );
INSERT INTO "times" VALUES ( 20325, 12660, '10:34:00', '10:35:00', 20 );
INSERT INTO "times" VALUES ( 20325, 12670, '10:38:00', '10:38:00', 20 );
INSERT INTO "times" VALUES ( 20325, 12680, '10:42:00', '10:48:00', 20 );
INSERT INTO "times" VALUES ( 20325, 12690, '10:50:00', '10:50:00', 20 );
INSERT INTO "times" VALUES ( 20325, 12700, '10:52:00', '10:52:00', 20 );
INSERT INTO "times" VALUES ( 20325, 12710, '10:55:00', '10:55:00', 20 );
INSERT INTO "times" VALUES ( 20325, 12720, '10:57:00', '10:57:00', 20 );
INSERT INTO "times" VALUES ( 20325, 12730, '10:59:00', '10:59:00', 20 );
INSERT INTO "times" VALUES ( 20325, 12740, '11:02:00', '11:02:00', 20 );
INSERT INTO "times" VALUES ( 20325, 12750, '11:05:00', '11:05:00', 20 );
INSERT INTO "times" VALUES ( 20325, 12760, '11:08:00', '11:08:00', 20 );
INSERT INTO "times" VALUES ( 20325, 12770, '11:12:00', '11:12:00', 20 );
INSERT INTO "times" VALUES ( 20325, 12780, '11:16:00', '11:16:00', 20 );
INSERT INTO "times" VALUES ( 20325, 12790, '11:17:00', '11:17:00', 20 );
INSERT INTO "times" VALUES ( 20325, 12800, '11:19:00', '11:23:00', 20 );
INSERT INTO "times" VALUES ( 20325, 12810, '11:24:00', '11:24:00', 20 );
INSERT INTO "times" VALUES ( 20325, 12820, '11:26:00', '11:26:00', 20 );
INSERT INTO "times" VALUES ( 20325, 12830, '11:28:00', '11:28:00', 20 );
INSERT INTO "times" VALUES ( 20325, 12840, '11:29:00', '11:29:00', 20 );
INSERT INTO "times" VALUES ( 20325, 12850, '11:31:00', '11:31:00', 20 );
INSERT INTO "times" VALUES ( 20325, 12860, '11:32:00', '11:32:00', 20 );
INSERT INTO "times" VALUES ( 20325, 12870, '11:34:00', '11:34:00', 20 );
INSERT INTO "times" VALUES ( 20325, 12880, '11:36:00', '11:36:00', 20 );
INSERT INTO "times" VALUES ( 20325, 12890, '11:38:00', '11:38:00', 20 );
INSERT INTO "times" VALUES ( 20325, 12900, '11:39:00', '11:44:00', 20 );
INSERT INTO "times" VALUES ( 20325, 13510, '11:46:00', '11:46:00', 30 );
INSERT INTO "times" VALUES ( 20325, 13520, '11:48:00', NULL, NULL );

INSERT INTO "dias" VALUES ( 20326, 100, FALSE, TRUE, 'Q1000Z', 11510, 13520 );
INSERT INTO "dias_line_groups" VALUES ( 20326, 10 );
INSERT INTO "times" VALUES ( 20326, 11510, NULL, '10:04:00', 10 );
INSERT INTO "times" VALUES ( 20326, 11520, '10:05:00', '10:05:00', 10 );
INSERT INTO "times" VALUES ( 20326, 11530, '10:07:00', '10:07:00', 10 );
INSERT INTO "times" VALUES ( 20326, 11540, '10:09:00', '10:09:00', 10 );
INSERT INTO "times" VALUES ( 20326, 12530, '10:11:00', '10:12:00', 20 );
INSERT INTO "times" VALUES ( 20326, 12540, '10:15:00', '10:21:00', 20 );
INSERT INTO "times" VALUES ( 20326, 12550, '10:23:00', '10:23:00', 20 );
INSERT INTO "times" VALUES ( 20326, 12560, '10:25:00', '10:25:00', 20 );
INSERT INTO "times" VALUES ( 20326, 12570, '10:26:00', '10:26:00', 20 );
INSERT INTO "times" VALUES ( 20326, 12580, '10:28:00', '10:28:00', 20 );
INSERT INTO "times" VALUES ( 20326, 12590, '10:29:00', '10:29:00', 20 );
INSERT INTO "times" VALUES ( 20326, 12600, '10:30:00', '10:30:00', 20 );
INSERT INTO "times" VALUES ( 20326, 12610, '10:32:00', '10:36:00', 20 );
INSERT INTO "times" VALUES ( 20326, 12620, '10:37:00', '10:37:00', 20 );
INSERT INTO "times" VALUES ( 20326, 12630, '10:39:00', '10:39:00', 20 );
INSERT INTO "times" VALUES ( 20326, 12640, '10:40:00', '10:40:00', 20 );
INSERT INTO "times" VALUES ( 20326, 12650, '10:42:00', '10:42:00', 20 );
INSERT INTO "times" VALUES ( 20326, 12660, '10:45:00', '10:45:00', 20 );
INSERT INTO "times" VALUES ( 20326, 12670, '10:48:00', '10:48:00', 20 );
INSERT INTO "times" VALUES ( 20326, 12680, '10:51:00', '10:51:00', 20 );
INSERT INTO "times" VALUES ( 20326, 12690, '10:52:00', '10:52:00', 20 );
INSERT INTO "times" VALUES ( 20326, 12700, '10:55:00', '10:55:00', 20 );
INSERT INTO "times" VALUES ( 20326, 12710, '10:57:00', '11:03:00', 20 );
INSERT INTO "times" VALUES ( 20326, 12720, '11:05:00', '11:05:00', 20 );
INSERT INTO "times" VALUES ( 20326, 12730, '11:08:00', '11:08:00', 20 );
INSERT INTO "times" VALUES ( 20326, 12740, '11:11:00', '11:11:00', 20 );
INSERT INTO "times" VALUES ( 20326, 12750, '11:13:00', '11:13:00', 20 );
INSERT INTO "times" VALUES ( 20326, 12760, '11:16:00', '11:16:00', 20 );
INSERT INTO "times" VALUES ( 20326, 12770, '11:21:00', '11:21:00', 20 );
INSERT INTO "times" VALUES ( 20326, 12780, '11:25:00', '11:25:00', 20 );
INSERT INTO "times" VALUES ( 20326, 12790, '11:26:00', '11:26:00', 20 );
INSERT INTO "times" VALUES ( 20326, 12800, '11:28:00', '11:32:00', 20 );
INSERT INTO "times" VALUES ( 20326, 12810, '11:34:00', '11:34:00', 20 );
INSERT INTO "times" VALUES ( 20326, 12820, '11:35:00', '11:35:00', 20 );
INSERT INTO "times" VALUES ( 20326, 12830, '11:37:00', '11:39:00', 20 );
INSERT INTO "times" VALUES ( 20326, 12840, '11:41:00', '11:41:00', 20 );
INSERT INTO "times" VALUES ( 20326, 12850, '11:42:00', '11:42:00', 20 );
INSERT INTO "times" VALUES ( 20326, 12860, '11:44:00', '11:44:00', 20 );
INSERT INTO "times" VALUES ( 20326, 12870, '11:45:00', '11:45:00', 20 );
INSERT INTO "times" VALUES ( 20326, 12880, '11:47:00', '11:47:00', 20 );
INSERT INTO "times" VALUES ( 20326, 12890, '11:49:00', '11:49:00', 20 );
INSERT INTO "times" VALUES ( 20326, 12900, '11:50:00', '11:54:00', 20 );
INSERT INTO "times" VALUES ( 20326, 13510, '11:56:00', '11:56:00', 30 );
INSERT INTO "times" VALUES ( 20326, 13520, '11:59:00', NULL, NULL );

INSERT INTO "dias" VALUES ( 20327, 100, FALSE, TRUE, 'Q1001B', 13520, 11510 );
INSERT INTO "dias_line_groups" VALUES ( 20327, 10 );
INSERT INTO "times" VALUES ( 20327, 11510, '12:17:00', NULL, NULL );
INSERT INTO "times" VALUES ( 20327, 11520, '12:14:00', '12:14:00', 10 );
INSERT INTO "times" VALUES ( 20327, 11530, '12:13:00', '12:13:00', 10 );
INSERT INTO "times" VALUES ( 20327, 11540, '12:11:00', '12:11:00', 10 );
INSERT INTO "times" VALUES ( 20327, 12530, '12:10:00', '12:10:00', 10 );
INSERT INTO "times" VALUES ( 20327, 12540, '12:00:00', '12:07:00', 20 );
INSERT INTO "times" VALUES ( 20327, 12550, '11:58:00', '11:58:00', 20 );
INSERT INTO "times" VALUES ( 20327, 12560, '11:56:00', '11:56:00', 20 );
INSERT INTO "times" VALUES ( 20327, 12570, '11:54:00', '11:54:00', 20 );
INSERT INTO "times" VALUES ( 20327, 12580, '11:53:00', '11:53:00', 20 );
INSERT INTO "times" VALUES ( 20327, 12590, '11:52:00', '11:52:00', 20 );
INSERT INTO "times" VALUES ( 20327, 12600, '11:50:00', '11:50:00', 20 );
INSERT INTO "times" VALUES ( 20327, 12610, '11:46:00', '11:49:00', 20 );
INSERT INTO "times" VALUES ( 20327, 12620, '11:44:00', '11:44:00', 20 );
INSERT INTO "times" VALUES ( 20327, 12630, '11:42:00', '11:42:00', 20 );
INSERT INTO "times" VALUES ( 20327, 12640, '11:41:00', '11:41:00', 20 );
INSERT INTO "times" VALUES ( 20327, 12650, '11:39:00', '11:39:00', 20 );
INSERT INTO "times" VALUES ( 20327, 12660, '11:36:00', '11:37:00', 20 );
INSERT INTO "times" VALUES ( 20327, 12670, '11:33:00', '11:33:00', 20 );
INSERT INTO "times" VALUES ( 20327, 12680, '11:27:00', '11:30:00', 20 );
INSERT INTO "times" VALUES ( 20327, 12690, '11:24:00', '11:24:00', 20 );
INSERT INTO "times" VALUES ( 20327, 12700, '11:22:00', '11:22:00', 20 );
INSERT INTO "times" VALUES ( 20327, 12710, '11:16:00', '11:20:00', 20 );
INSERT INTO "times" VALUES ( 20327, 12720, '11:14:00', '11:14:00', 20 );
INSERT INTO "times" VALUES ( 20327, 12730, '11:11:00', '11:11:00', 20 );
INSERT INTO "times" VALUES ( 20327, 12740, '11:09:00', '11:09:00', 20 );
INSERT INTO "times" VALUES ( 20327, 12750, '11:05:00', '11:05:00', 20 );
INSERT INTO "times" VALUES ( 20327, 12760, '11:03:00', '11:03:00', 20 );
INSERT INTO "times" VALUES ( 20327, 12770, '10:59:00', '10:59:00', 20 );
INSERT INTO "times" VALUES ( 20327, 12780, '10:54:00', '10:54:00', 20 );
INSERT INTO "times" VALUES ( 20327, 12790, '10:52:00', '10:52:00', 20 );
INSERT INTO "times" VALUES ( 20327, 12800, '10:47:00', '10:50:00', 20 );
INSERT INTO "times" VALUES ( 20327, 12810, '10:45:00', '10:45:00', 20 );
INSERT INTO "times" VALUES ( 20327, 12820, '10:43:00', '10:43:00', 20 );
INSERT INTO "times" VALUES ( 20327, 12830, '10:42:00', '10:42:00', 20 );
INSERT INTO "times" VALUES ( 20327, 12840, '10:40:00', '10:40:00', 20 );
INSERT INTO "times" VALUES ( 20327, 12850, '10:39:00', '10:39:00', 20 );
INSERT INTO "times" VALUES ( 20327, 12860, '10:37:00', '10:37:00', 20 );
INSERT INTO "times" VALUES ( 20327, 12870, '10:35:00', '10:35:00', 20 );
INSERT INTO "times" VALUES ( 20327, 12880, '10:33:00', '10:33:00', 20 );
INSERT INTO "times" VALUES ( 20327, 12890, '10:32:00', '10:32:00', 20 );
INSERT INTO "times" VALUES ( 20327, 12900, '10:26:00', '10:30:00', 20 );
INSERT INTO "times" VALUES ( 20327, 13510, '10:24:00', '10:24:00', 30 );
INSERT INTO "times" VALUES ( 20327, 13520, NULL, '10:22:00', 30 );

INSERT INTO "dias" VALUES ( 20328, 100, FALSE, TRUE, 'Q1002Z', 11510, 13520 );
INSERT INTO "dias_line_groups" VALUES ( 20328, 10 );
INSERT INTO "times" VALUES ( 20328, 11510, NULL, '10:14:00', 10 );
INSERT INTO "times" VALUES ( 20328, 11520, '10:15:00', '10:15:00', 10 );
INSERT INTO "times" VALUES ( 20328, 11530, '10:17:00', '10:17:00', 10 );
INSERT INTO "times" VALUES ( 20328, 11540, '10:19:00', '10:19:00', 10 );
INSERT INTO "times" VALUES ( 20328, 12530, '10:21:00', '10:22:00', 20 );
INSERT INTO "times" VALUES ( 20328, 12540, '10:24:00', '10:31:00', 20 );
INSERT INTO "times" VALUES ( 20328, 12550, '10:33:00', '10:33:00', 20 );
INSERT INTO "times" VALUES ( 20328, 12560, '10:35:00', '10:35:00', 20 );
INSERT INTO "times" VALUES ( 20328, 12570, '10:36:00', '10:36:00', 20 );
INSERT INTO "times" VALUES ( 20328, 12580, '10:38:00', '10:38:00', 20 );
INSERT INTO "times" VALUES ( 20328, 12590, '10:39:00', '10:39:00', 20 );
INSERT INTO "times" VALUES ( 20328, 12600, '10:40:00', '10:40:00', 20 );
INSERT INTO "times" VALUES ( 20328, 12610, '10:42:00', '10:45:00', 20 );
INSERT INTO "times" VALUES ( 20328, 12620, '10:47:00', '10:47:00', 20 );
INSERT INTO "times" VALUES ( 20328, 12630, '10:48:00', '10:48:00', 20 );
INSERT INTO "times" VALUES ( 20328, 12640, '10:50:00', '10:50:00', 20 );
INSERT INTO "times" VALUES ( 20328, 12650, '10:52:00', '10:52:00', 20 );
INSERT INTO "times" VALUES ( 20328, 12660, '10:54:00', '10:56:00', 20 );
INSERT INTO "times" VALUES ( 20328, 12670, '10:59:00', '10:59:00', 20 );
INSERT INTO "times" VALUES ( 20328, 12680, '11:02:00', '11:02:00', 20 );
INSERT INTO "times" VALUES ( 20328, 12690, '11:04:00', '11:04:00', 20 );
INSERT INTO "times" VALUES ( 20328, 12700, '11:06:00', '11:06:00', 20 );
INSERT INTO "times" VALUES ( 20328, 12710, '11:08:00', '11:13:00', 20 );
INSERT INTO "times" VALUES ( 20328, 12720, '11:15:00', '11:15:00', 20 );
INSERT INTO "times" VALUES ( 20328, 12730, '11:17:00', '11:17:00', 20 );
INSERT INTO "times" VALUES ( 20328, 12740, '11:20:00', '11:20:00', 20 );
INSERT INTO "times" VALUES ( 20328, 12750, '11:23:00', '11:23:00', 20 );
INSERT INTO "times" VALUES ( 20328, 12760, '11:26:00', '11:26:00', 20 );
INSERT INTO "times" VALUES ( 20328, 12770, '11:29:00', '11:32:00', 20 );
INSERT INTO "times" VALUES ( 20328, 12780, '11:37:00', '11:37:00', 20 );
INSERT INTO "times" VALUES ( 20328, 12790, '11:38:00', '11:38:00', 20 );
INSERT INTO "times" VALUES ( 20328, 12800, '11:40:00', '11:43:00', 20 );
INSERT INTO "times" VALUES ( 20328, 12810, '11:45:00', '11:45:00', 20 );
INSERT INTO "times" VALUES ( 20328, 12820, '11:47:00', '11:47:00', 20 );
INSERT INTO "times" VALUES ( 20328, 12830, '11:49:00', '11:49:00', 20 );
INSERT INTO "times" VALUES ( 20328, 12840, '11:50:00', '11:50:00', 20 );
INSERT INTO "times" VALUES ( 20328, 12850, '11:51:00', '11:51:00', 20 );
INSERT INTO "times" VALUES ( 20328, 12860, '11:53:00', '11:53:00', 20 );
INSERT INTO "times" VALUES ( 20328, 12870, '11:55:00', '11:55:00', 20 );
INSERT INTO "times" VALUES ( 20328, 12880, '11:57:00', '11:57:00', 20 );
INSERT INTO "times" VALUES ( 20328, 12890, '11:58:00', '11:58:00', 20 );
INSERT INTO "times" VALUES ( 20328, 12900, '12:00:00', '12:04:00', 20 );
INSERT INTO "times" VALUES ( 20328, 13510, '12:06:00', '12:06:00', 30 );
INSERT INTO "times" VALUES ( 20328, 13520, '12:09:00', NULL, NULL );

INSERT INTO "dias" VALUES ( 20329, 100, FALSE, TRUE, 'Q1003B', 13520, 11510 );
INSERT INTO "dias_line_groups" VALUES ( 20329, 10 );
INSERT INTO "times" VALUES ( 20329, 11510, '12:47:00', NULL, NULL );
INSERT INTO "times" VALUES ( 20329, 11520, '12:44:00', '12:44:00', 10 );
INSERT INTO "times" VALUES ( 20329, 11530, '12:43:00', '12:43:00', 10 );
INSERT INTO "times" VALUES ( 20329, 11540, '12:41:00', '12:41:00', 10 );
INSERT INTO "times" VALUES ( 20329, 12530, '12:40:00', '12:40:00', 10 );
INSERT INTO "times" VALUES ( 20329, 12540, '12:30:00', '12:37:00', 20 );
INSERT INTO "times" VALUES ( 20329, 12550, '12:28:00', '12:28:00', 20 );
INSERT INTO "times" VALUES ( 20329, 12560, '12:26:00', '12:26:00', 20 );
INSERT INTO "times" VALUES ( 20329, 12570, '12:24:00', '12:24:00', 20 );
INSERT INTO "times" VALUES ( 20329, 12580, '12:23:00', '12:23:00', 20 );
INSERT INTO "times" VALUES ( 20329, 12590, '12:22:00', '12:22:00', 20 );
INSERT INTO "times" VALUES ( 20329, 12600, '12:20:00', '12:20:00', 20 );
INSERT INTO "times" VALUES ( 20329, 12610, '12:16:00', '12:19:00', 20 );
INSERT INTO "times" VALUES ( 20329, 12620, '12:14:00', '12:14:00', 20 );
INSERT INTO "times" VALUES ( 20329, 12630, '12:12:00', '12:12:00', 20 );
INSERT INTO "times" VALUES ( 20329, 12640, '12:11:00', '12:11:00', 20 );
INSERT INTO "times" VALUES ( 20329, 12650, '12:09:00', '12:09:00', 20 );
INSERT INTO "times" VALUES ( 20329, 12660, '12:06:00', '12:07:00', 20 );
INSERT INTO "times" VALUES ( 20329, 12670, '12:03:00', '12:03:00', 20 );
INSERT INTO "times" VALUES ( 20329, 12680, '11:57:00', '12:00:00', 20 );
INSERT INTO "times" VALUES ( 20329, 12690, '11:54:00', '11:54:00', 20 );
INSERT INTO "times" VALUES ( 20329, 12700, '11:52:00', '11:52:00', 20 );
INSERT INTO "times" VALUES ( 20329, 12710, '11:46:00', '11:50:00', 20 );
INSERT INTO "times" VALUES ( 20329, 12720, '11:44:00', '11:44:00', 20 );
INSERT INTO "times" VALUES ( 20329, 12730, '11:41:00', '11:41:00', 20 );
INSERT INTO "times" VALUES ( 20329, 12740, '11:39:00', '11:39:00', 20 );
INSERT INTO "times" VALUES ( 20329, 12750, '11:35:00', '11:35:00', 20 );
INSERT INTO "times" VALUES ( 20329, 12760, '11:33:00', '11:33:00', 20 );
INSERT INTO "times" VALUES ( 20329, 12770, '11:29:00', '11:29:00', 20 );
INSERT INTO "times" VALUES ( 20329, 12780, '11:24:00', '11:24:00', 20 );
INSERT INTO "times" VALUES ( 20329, 12790, '11:22:00', '11:22:00', 20 );
INSERT INTO "times" VALUES ( 20329, 12800, '11:17:00', '11:20:00', 20 );
INSERT INTO "times" VALUES ( 20329, 12810, '11:15:00', '11:15:00', 20 );
INSERT INTO "times" VALUES ( 20329, 12820, '11:13:00', '11:13:00', 20 );
INSERT INTO "times" VALUES ( 20329, 12830, '11:12:00', '11:12:00', 20 );
INSERT INTO "times" VALUES ( 20329, 12840, '11:10:00', '11:10:00', 20 );
INSERT INTO "times" VALUES ( 20329, 12850, '11:09:00', '11:09:00', 20 );
INSERT INTO "times" VALUES ( 20329, 12860, '11:07:00', '11:07:00', 20 );
INSERT INTO "times" VALUES ( 20329, 12870, '11:05:00', '11:05:00', 20 );
INSERT INTO "times" VALUES ( 20329, 12880, '11:03:00', '11:03:00', 20 );
INSERT INTO "times" VALUES ( 20329, 12890, '11:02:00', '11:02:00', 20 );
INSERT INTO "times" VALUES ( 20329, 12900, '10:56:00', '11:00:00', 20 );
INSERT INTO "times" VALUES ( 20329, 13510, '10:54:00', '10:54:00', 30 );
INSERT INTO "times" VALUES ( 20329, 13520, NULL, '10:52:00', 30 );

INSERT INTO "dias" VALUES ( 20330, 100, FALSE, TRUE, 'Q1004Z', 11510, 13520 );
INSERT INTO "dias_line_groups" VALUES ( 20330, 10 );
INSERT INTO "times" VALUES ( 20330, 11510, NULL, '10:24:00', 10 );
INSERT INTO "times" VALUES ( 20330, 11520, '10:25:00', '10:25:00', 10 );
INSERT INTO "times" VALUES ( 20330, 11530, '10:27:00', '10:27:00', 10 );
INSERT INTO "times" VALUES ( 20330, 11540, '10:29:00', '10:29:00', 10 );
INSERT INTO "times" VALUES ( 20330, 12530, '10:31:00', '10:32:00', 20 );
INSERT INTO "times" VALUES ( 20330, 12540, '10:34:00', '10:41:00', 20 );
INSERT INTO "times" VALUES ( 20330, 12550, '10:43:00', '10:43:00', 20 );
INSERT INTO "times" VALUES ( 20330, 12560, '10:45:00', '10:45:00', 20 );
INSERT INTO "times" VALUES ( 20330, 12570, '10:46:00', '10:46:00', 20 );
INSERT INTO "times" VALUES ( 20330, 12580, '10:48:00', '10:48:00', 20 );
INSERT INTO "times" VALUES ( 20330, 12590, '10:49:00', '10:49:00', 20 );
INSERT INTO "times" VALUES ( 20330, 12600, '10:50:00', '10:50:00', 20 );
INSERT INTO "times" VALUES ( 20330, 12610, '10:52:00', '10:55:00', 20 );
INSERT INTO "times" VALUES ( 20330, 12620, '10:57:00', '10:57:00', 20 );
INSERT INTO "times" VALUES ( 20330, 12630, '10:58:00', '10:58:00', 20 );
INSERT INTO "times" VALUES ( 20330, 12640, '11:00:00', '11:00:00', 20 );
INSERT INTO "times" VALUES ( 20330, 12650, '11:02:00', '11:02:00', 20 );
INSERT INTO "times" VALUES ( 20330, 12660, '11:04:00', '11:05:00', 20 );
INSERT INTO "times" VALUES ( 20330, 12670, '11:08:00', '11:08:00', 20 );
INSERT INTO "times" VALUES ( 20330, 12680, '11:12:00', '11:18:00', 20 );
INSERT INTO "times" VALUES ( 20330, 12690, '11:20:00', '11:20:00', 20 );
INSERT INTO "times" VALUES ( 20330, 12700, '11:22:00', '11:22:00', 20 );
INSERT INTO "times" VALUES ( 20330, 12710, '11:25:00', '11:25:00', 20 );
INSERT INTO "times" VALUES ( 20330, 12720, '11:26:00', '11:26:00', 20 );
INSERT INTO "times" VALUES ( 20330, 12730, '11:29:00', '11:29:00', 20 );
INSERT INTO "times" VALUES ( 20330, 12740, '11:32:00', '11:32:00', 20 );
INSERT INTO "times" VALUES ( 20330, 12750, '11:35:00', '11:35:00', 20 );
INSERT INTO "times" VALUES ( 20330, 12760, '11:38:00', '11:38:00', 20 );
INSERT INTO "times" VALUES ( 20330, 12770, '11:42:00', '11:42:00', 20 );
INSERT INTO "times" VALUES ( 20330, 12780, '11:46:00', '11:46:00', 20 );
INSERT INTO "times" VALUES ( 20330, 12790, '11:47:00', '11:47:00', 20 );
INSERT INTO "times" VALUES ( 20330, 12800, '11:49:00', '11:53:00', 20 );
INSERT INTO "times" VALUES ( 20330, 12810, '11:55:00', '11:55:00', 20 );
INSERT INTO "times" VALUES ( 20330, 12820, '11:57:00', '11:57:00', 20 );
INSERT INTO "times" VALUES ( 20330, 12830, '11:59:00', '11:59:00', 20 );
INSERT INTO "times" VALUES ( 20330, 12840, '12:00:00', '12:00:00', 20 );
INSERT INTO "times" VALUES ( 20330, 12850, '12:01:00', '12:01:00', 20 );
INSERT INTO "times" VALUES ( 20330, 12860, '12:03:00', '12:03:00', 20 );
INSERT INTO "times" VALUES ( 20330, 12870, '12:05:00', '12:05:00', 20 );
INSERT INTO "times" VALUES ( 20330, 12880, '12:06:00', '12:06:00', 20 );
INSERT INTO "times" VALUES ( 20330, 12890, '12:08:00', '12:08:00', 20 );
INSERT INTO "times" VALUES ( 20330, 12900, '12:10:00', '12:13:00', 20 );
INSERT INTO "times" VALUES ( 20330, 13510, '12:15:00', '12:15:00', 30 );
INSERT INTO "times" VALUES ( 20330, 13520, '12:18:00', NULL, NULL );

INSERT INTO "dias" VALUES ( 20331, 100, FALSE, TRUE, 'Q1006Z', 11510, 13520 );
INSERT INTO "dias_line_groups" VALUES ( 20331, 10 );
INSERT INTO "times" VALUES ( 20331, 11510, NULL, '10:44:00', 10 );
INSERT INTO "times" VALUES ( 20331, 11520, '10:45:00', '10:45:00', 10 );
INSERT INTO "times" VALUES ( 20331, 11530, '10:47:00', '10:47:00', 10 );
INSERT INTO "times" VALUES ( 20331, 11540, '10:49:00', '10:49:00', 10 );
INSERT INTO "times" VALUES ( 20331, 12530, '10:51:00', '10:52:00', 20 );
INSERT INTO "times" VALUES ( 20331, 12540, '10:54:00', '11:01:00', 20 );
INSERT INTO "times" VALUES ( 20331, 12550, '11:03:00', '11:03:00', 20 );
INSERT INTO "times" VALUES ( 20331, 12560, '11:05:00', '11:05:00', 20 );
INSERT INTO "times" VALUES ( 20331, 12570, '11:06:00', '11:06:00', 20 );
INSERT INTO "times" VALUES ( 20331, 12580, '11:08:00', '11:08:00', 20 );
INSERT INTO "times" VALUES ( 20331, 12590, '11:09:00', '11:09:00', 20 );
INSERT INTO "times" VALUES ( 20331, 12600, '11:10:00', '11:10:00', 20 );
INSERT INTO "times" VALUES ( 20331, 12610, '11:12:00', '11:15:00', 20 );
INSERT INTO "times" VALUES ( 20331, 12620, '11:17:00', '11:17:00', 20 );
INSERT INTO "times" VALUES ( 20331, 12630, '11:18:00', '11:18:00', 20 );
INSERT INTO "times" VALUES ( 20331, 12640, '11:20:00', '11:20:00', 20 );
INSERT INTO "times" VALUES ( 20331, 12650, '11:22:00', '11:22:00', 20 );
INSERT INTO "times" VALUES ( 20331, 12660, '11:24:00', '11:26:00', 20 );
INSERT INTO "times" VALUES ( 20331, 12670, '11:29:00', '11:29:00', 20 );
INSERT INTO "times" VALUES ( 20331, 12680, '11:31:00', '11:32:00', 20 );
INSERT INTO "times" VALUES ( 20331, 12690, '11:34:00', '11:34:00', 20 );
INSERT INTO "times" VALUES ( 20331, 12700, '11:36:00', '11:36:00', 20 );
INSERT INTO "times" VALUES ( 20331, 12710, '11:38:00', '11:44:00', 20 );
INSERT INTO "times" VALUES ( 20331, 12720, '11:46:00', '11:46:00', 20 );
INSERT INTO "times" VALUES ( 20331, 12730, '11:48:00', '11:48:00', 20 );
INSERT INTO "times" VALUES ( 20331, 12740, '11:51:00', '11:52:00', 20 );
INSERT INTO "times" VALUES ( 20331, 12750, '11:55:00', '11:55:00', 20 );
INSERT INTO "times" VALUES ( 20331, 12760, '11:58:00', '11:58:00', 20 );
INSERT INTO "times" VALUES ( 20331, 12770, '12:02:00', '12:02:00', 20 );
INSERT INTO "times" VALUES ( 20331, 12780, '12:06:00', '12:06:00', 20 );
INSERT INTO "times" VALUES ( 20331, 12790, '12:07:00', '12:07:00', 20 );
INSERT INTO "times" VALUES ( 20331, 12800, '12:09:00', '12:13:00', 20 );
INSERT INTO "times" VALUES ( 20331, 12810, '12:15:00', '12:15:00', 20 );
INSERT INTO "times" VALUES ( 20331, 12820, '12:16:00', '12:16:00', 20 );
INSERT INTO "times" VALUES ( 20331, 12830, '12:18:00', '12:18:00', 20 );
INSERT INTO "times" VALUES ( 20331, 12840, '12:19:00', '12:19:00', 20 );
INSERT INTO "times" VALUES ( 20331, 12850, '12:21:00', '12:21:00', 20 );
INSERT INTO "times" VALUES ( 20331, 12860, '12:22:00', '12:22:00', 20 );
INSERT INTO "times" VALUES ( 20331, 12870, '12:24:00', '12:24:00', 20 );
INSERT INTO "times" VALUES ( 20331, 12880, '12:26:00', '12:26:00', 20 );
INSERT INTO "times" VALUES ( 20331, 12890, '12:28:00', '12:28:00', 20 );
INSERT INTO "times" VALUES ( 20331, 12900, '12:29:00', '12:33:00', 20 );
INSERT INTO "times" VALUES ( 20331, 13510, '12:35:00', '12:35:00', 30 );
INSERT INTO "times" VALUES ( 20331, 13520, '12:38:00', NULL, NULL );

INSERT INTO "dias" VALUES ( 20332, 100, FALSE, TRUE, 'Q1008Z', 11510, 13520 );
INSERT INTO "dias_line_groups" VALUES ( 20332, 10 );
INSERT INTO "times" VALUES ( 20332, 11510, NULL, '10:54:00', 10 );
INSERT INTO "times" VALUES ( 20332, 11520, '10:55:00', '10:55:00', 10 );
INSERT INTO "times" VALUES ( 20332, 11530, '10:57:00', '10:57:00', 10 );
INSERT INTO "times" VALUES ( 20332, 11540, '10:59:00', '10:59:00', 10 );
INSERT INTO "times" VALUES ( 20332, 12530, '11:01:00', '11:02:00', 20 );
INSERT INTO "times" VALUES ( 20332, 12540, '11:04:00', '11:11:00', 20 );
INSERT INTO "times" VALUES ( 20332, 12550, '11:13:00', '11:13:00', 20 );
INSERT INTO "times" VALUES ( 20332, 12560, '11:15:00', '11:15:00', 20 );
INSERT INTO "times" VALUES ( 20332, 12570, '11:16:00', '11:16:00', 20 );
INSERT INTO "times" VALUES ( 20332, 12580, '11:18:00', '11:18:00', 20 );
INSERT INTO "times" VALUES ( 20332, 12590, '11:19:00', '11:19:00', 20 );
INSERT INTO "times" VALUES ( 20332, 12600, '11:20:00', '11:20:00', 20 );
INSERT INTO "times" VALUES ( 20332, 12610, '11:22:00', '11:25:00', 20 );
INSERT INTO "times" VALUES ( 20332, 12620, '11:27:00', '11:27:00', 20 );
INSERT INTO "times" VALUES ( 20332, 12630, '11:28:00', '11:28:00', 20 );
INSERT INTO "times" VALUES ( 20332, 12640, '11:30:00', '11:30:00', 20 );
INSERT INTO "times" VALUES ( 20332, 12650, '11:32:00', '11:32:00', 20 );
INSERT INTO "times" VALUES ( 20332, 12660, '11:34:00', '11:35:00', 20 );
INSERT INTO "times" VALUES ( 20332, 12670, '11:38:00', '11:38:00', 20 );
INSERT INTO "times" VALUES ( 20332, 12680, '11:42:00', '11:48:00', 20 );
INSERT INTO "times" VALUES ( 20332, 12690, '11:50:00', '11:50:00', 20 );
INSERT INTO "times" VALUES ( 20332, 12700, '11:52:00', '11:52:00', 20 );
INSERT INTO "times" VALUES ( 20332, 12710, '11:55:00', '11:55:00', 20 );
INSERT INTO "times" VALUES ( 20332, 12720, '11:56:00', '11:56:00', 20 );
INSERT INTO "times" VALUES ( 20332, 12730, '11:59:00', '11:59:00', 20 );
INSERT INTO "times" VALUES ( 20332, 12740, '12:02:00', '12:02:00', 20 );
INSERT INTO "times" VALUES ( 20332, 12750, '12:05:00', '12:05:00', 20 );
INSERT INTO "times" VALUES ( 20332, 12760, '12:08:00', '12:08:00', 20 );
INSERT INTO "times" VALUES ( 20332, 12770, '12:12:00', '12:12:00', 20 );
INSERT INTO "times" VALUES ( 20332, 12780, '12:16:00', '12:16:00', 20 );
INSERT INTO "times" VALUES ( 20332, 12790, '12:17:00', '12:17:00', 20 );
INSERT INTO "times" VALUES ( 20332, 12800, '12:19:00', '12:23:00', 20 );
INSERT INTO "times" VALUES ( 20332, 12810, '12:25:00', '12:25:00', 20 );
INSERT INTO "times" VALUES ( 20332, 12820, '12:26:00', '12:26:00', 20 );
INSERT INTO "times" VALUES ( 20332, 12830, '12:28:00', '12:28:00', 20 );
INSERT INTO "times" VALUES ( 20332, 12840, '12:29:00', '12:29:00', 20 );
INSERT INTO "times" VALUES ( 20332, 12850, '12:31:00', '12:31:00', 20 );
INSERT INTO "times" VALUES ( 20332, 12860, '12:32:00', '12:32:00', 20 );
INSERT INTO "times" VALUES ( 20332, 12870, '12:34:00', '12:34:00', 20 );
INSERT INTO "times" VALUES ( 20332, 12880, '12:36:00', '12:36:00', 20 );
INSERT INTO "times" VALUES ( 20332, 12890, '12:38:00', '12:38:00', 20 );
INSERT INTO "times" VALUES ( 20332, 12900, '12:39:00', '12:43:00', 20 );
INSERT INTO "times" VALUES ( 20332, 13510, '12:45:00', '12:45:00', 30 );
INSERT INTO "times" VALUES ( 20332, 13520, '12:48:00', NULL, NULL );

INSERT INTO "dias" VALUES ( 20333, 100, FALSE, TRUE, 'Q1100Z', 11510, 13520 );
INSERT INTO "dias_line_groups" VALUES ( 20333, 10 );
INSERT INTO "times" VALUES ( 20333, 11510, NULL, '11:14:00', 10 );
INSERT INTO "times" VALUES ( 20333, 11520, '11:15:00', '11:15:00', 10 );
INSERT INTO "times" VALUES ( 20333, 11530, '11:17:00', '11:17:00', 10 );
INSERT INTO "times" VALUES ( 20333, 11540, '11:19:00', '11:19:00', 10 );
INSERT INTO "times" VALUES ( 20333, 12530, '11:21:00', '11:22:00', 20 );
INSERT INTO "times" VALUES ( 20333, 12540, '11:24:00', '11:31:00', 20 );
INSERT INTO "times" VALUES ( 20333, 12550, '11:33:00', '11:33:00', 20 );
INSERT INTO "times" VALUES ( 20333, 12560, '11:35:00', '11:35:00', 20 );
INSERT INTO "times" VALUES ( 20333, 12570, '11:36:00', '11:36:00', 20 );
INSERT INTO "times" VALUES ( 20333, 12580, '11:38:00', '11:38:00', 20 );
INSERT INTO "times" VALUES ( 20333, 12590, '11:39:00', '11:39:00', 20 );
INSERT INTO "times" VALUES ( 20333, 12600, '11:40:00', '11:40:00', 20 );
INSERT INTO "times" VALUES ( 20333, 12610, '11:42:00', '11:45:00', 20 );
INSERT INTO "times" VALUES ( 20333, 12620, '11:47:00', '11:47:00', 20 );
INSERT INTO "times" VALUES ( 20333, 12630, '11:48:00', '11:48:00', 20 );
INSERT INTO "times" VALUES ( 20333, 12640, '11:50:00', '11:50:00', 20 );
INSERT INTO "times" VALUES ( 20333, 12650, '11:52:00', '11:52:00', 20 );
INSERT INTO "times" VALUES ( 20333, 12660, '11:54:00', '11:56:00', 20 );
INSERT INTO "times" VALUES ( 20333, 12670, '11:59:00', '11:59:00', 20 );
INSERT INTO "times" VALUES ( 20333, 12680, '12:01:00', '12:02:00', 20 );
INSERT INTO "times" VALUES ( 20333, 12690, '12:04:00', '12:04:00', 20 );
INSERT INTO "times" VALUES ( 20333, 12700, '12:06:00', '12:06:00', 20 );
INSERT INTO "times" VALUES ( 20333, 12710, '12:08:00', '12:14:00', 20 );
INSERT INTO "times" VALUES ( 20333, 12720, '12:16:00', '12:16:00', 20 );
INSERT INTO "times" VALUES ( 20333, 12730, '12:18:00', '12:18:00', 20 );
INSERT INTO "times" VALUES ( 20333, 12740, '12:21:00', '12:22:00', 20 );
INSERT INTO "times" VALUES ( 20333, 12750, '12:25:00', '12:25:00', 20 );
INSERT INTO "times" VALUES ( 20333, 12760, '12:28:00', '12:28:00', 20 );
INSERT INTO "times" VALUES ( 20333, 12770, '12:32:00', '12:32:00', 20 );
INSERT INTO "times" VALUES ( 20333, 12780, '12:36:00', '12:36:00', 20 );
INSERT INTO "times" VALUES ( 20333, 12790, '12:37:00', '12:37:00', 20 );
INSERT INTO "times" VALUES ( 20333, 12800, '12:39:00', '12:43:00', 20 );
INSERT INTO "times" VALUES ( 20333, 12810, '12:45:00', '12:45:00', 20 );
INSERT INTO "times" VALUES ( 20333, 12820, '12:46:00', '12:46:00', 20 );
INSERT INTO "times" VALUES ( 20333, 12830, '12:48:00', '12:48:00', 20 );
INSERT INTO "times" VALUES ( 20333, 12840, '12:49:00', '12:49:00', 20 );
INSERT INTO "times" VALUES ( 20333, 12850, '12:51:00', '12:51:00', 20 );
INSERT INTO "times" VALUES ( 20333, 12860, '12:52:00', '12:52:00', 20 );
INSERT INTO "times" VALUES ( 20333, 12870, '12:54:00', '12:54:00', 20 );
INSERT INTO "times" VALUES ( 20333, 12880, '12:56:00', '12:56:00', 20 );
INSERT INTO "times" VALUES ( 20333, 12890, '12:58:00', '12:58:00', 20 );
INSERT INTO "times" VALUES ( 20333, 12900, '12:59:00', '13:03:00', 20 );
INSERT INTO "times" VALUES ( 20333, 13510, '13:05:00', '13:05:00', 30 );
INSERT INTO "times" VALUES ( 20333, 13520, '13:08:00', NULL, NULL );

INSERT INTO "dias" VALUES ( 20334, 100, FALSE, TRUE, 'Q1101B', 13520, 11510 );
INSERT INTO "dias_line_groups" VALUES ( 20334, 10 );
INSERT INTO "times" VALUES ( 20334, 11510, '13:17:00', NULL, NULL );
INSERT INTO "times" VALUES ( 20334, 11520, '13:15:00', '13:15:00', 10 );
INSERT INTO "times" VALUES ( 20334, 11530, '13:13:00', '13:13:00', 10 );
INSERT INTO "times" VALUES ( 20334, 11540, '13:12:00', '13:12:00', 10 );
INSERT INTO "times" VALUES ( 20334, 12530, '13:10:00', '13:10:00', 10 );
INSERT INTO "times" VALUES ( 20334, 12540, '13:00:00', '13:07:00', 20 );
INSERT INTO "times" VALUES ( 20334, 12550, '12:58:00', '12:58:00', 20 );
INSERT INTO "times" VALUES ( 20334, 12560, '12:56:00', '12:56:00', 20 );
INSERT INTO "times" VALUES ( 20334, 12570, '12:54:00', '12:54:00', 20 );
INSERT INTO "times" VALUES ( 20334, 12580, '12:53:00', '12:53:00', 20 );
INSERT INTO "times" VALUES ( 20334, 12590, '12:52:00', '12:52:00', 20 );
INSERT INTO "times" VALUES ( 20334, 12600, '12:50:00', '12:50:00', 20 );
INSERT INTO "times" VALUES ( 20334, 12610, '12:46:00', '12:49:00', 20 );
INSERT INTO "times" VALUES ( 20334, 12620, '12:44:00', '12:44:00', 20 );
INSERT INTO "times" VALUES ( 20334, 12630, '12:42:00', '12:42:00', 20 );
INSERT INTO "times" VALUES ( 20334, 12640, '12:41:00', '12:41:00', 20 );
INSERT INTO "times" VALUES ( 20334, 12650, '12:39:00', '12:39:00', 20 );
INSERT INTO "times" VALUES ( 20334, 12660, '12:35:00', '12:37:00', 20 );
INSERT INTO "times" VALUES ( 20334, 12670, '12:32:00', '12:32:00', 20 );
INSERT INTO "times" VALUES ( 20334, 12680, '12:23:00', '12:29:00', 20 );
INSERT INTO "times" VALUES ( 20334, 12690, '12:21:00', '12:21:00', 20 );
INSERT INTO "times" VALUES ( 20334, 12700, '12:18:00', '12:18:00', 20 );
INSERT INTO "times" VALUES ( 20334, 12710, '12:17:00', '12:17:00', 20 );
INSERT INTO "times" VALUES ( 20334, 12720, '12:14:00', '12:14:00', 20 );
INSERT INTO "times" VALUES ( 20334, 12730, '12:11:00', '12:11:00', 20 );
INSERT INTO "times" VALUES ( 20334, 12740, '12:09:00', '12:09:00', 20 );
INSERT INTO "times" VALUES ( 20334, 12750, '12:05:00', '12:05:00', 20 );
INSERT INTO "times" VALUES ( 20334, 12760, '12:03:00', '12:03:00', 20 );
INSERT INTO "times" VALUES ( 20334, 12770, '11:59:00', '11:59:00', 20 );
INSERT INTO "times" VALUES ( 20334, 12780, '11:55:00', '11:55:00', 20 );
INSERT INTO "times" VALUES ( 20334, 12790, '11:52:00', '11:52:00', 20 );
INSERT INTO "times" VALUES ( 20334, 12800, '11:47:00', '11:51:00', 20 );
INSERT INTO "times" VALUES ( 20334, 12810, '11:45:00', '11:45:00', 20 );
INSERT INTO "times" VALUES ( 20334, 12820, '11:43:00', '11:43:00', 20 );
INSERT INTO "times" VALUES ( 20334, 12830, '11:42:00', '11:42:00', 20 );
INSERT INTO "times" VALUES ( 20334, 12840, '11:40:00', '11:40:00', 20 );
INSERT INTO "times" VALUES ( 20334, 12850, '11:39:00', '11:39:00', 20 );
INSERT INTO "times" VALUES ( 20334, 12860, '11:37:00', '11:37:00', 20 );
INSERT INTO "times" VALUES ( 20334, 12870, '11:35:00', '11:35:00', 20 );
INSERT INTO "times" VALUES ( 20334, 12880, '11:33:00', '11:33:00', 20 );
INSERT INTO "times" VALUES ( 20334, 12890, '11:32:00', '11:32:00', 20 );
INSERT INTO "times" VALUES ( 20334, 12900, '11:26:00', '11:30:00', 20 );
INSERT INTO "times" VALUES ( 20334, 13510, '11:24:00', '11:24:00', 30 );
INSERT INTO "times" VALUES ( 20334, 13520, NULL, '11:22:00', 30 );

INSERT INTO "dias" VALUES ( 20335, 100, FALSE, TRUE, 'Q1102Z', 11510, 13520 );
INSERT INTO "dias_line_groups" VALUES ( 20335, 10 );
INSERT INTO "times" VALUES ( 20335, 11510, NULL, '11:24:00', 10 );
INSERT INTO "times" VALUES ( 20335, 11520, '11:25:00', '11:25:00', 10 );
INSERT INTO "times" VALUES ( 20335, 11530, '11:27:00', '11:27:00', 10 );
INSERT INTO "times" VALUES ( 20335, 11540, '11:29:00', '11:29:00', 10 );
INSERT INTO "times" VALUES ( 20335, 12530, '11:31:00', '11:32:00', 20 );
INSERT INTO "times" VALUES ( 20335, 12540, '11:34:00', '11:41:00', 20 );
INSERT INTO "times" VALUES ( 20335, 12550, '11:43:00', '11:43:00', 20 );
INSERT INTO "times" VALUES ( 20335, 12560, '11:45:00', '11:45:00', 20 );
INSERT INTO "times" VALUES ( 20335, 12570, '11:46:00', '11:46:00', 20 );
INSERT INTO "times" VALUES ( 20335, 12580, '11:48:00', '11:48:00', 20 );
INSERT INTO "times" VALUES ( 20335, 12590, '11:49:00', '11:49:00', 20 );
INSERT INTO "times" VALUES ( 20335, 12600, '11:50:00', '11:50:00', 20 );
INSERT INTO "times" VALUES ( 20335, 12610, '11:52:00', '11:55:00', 20 );
INSERT INTO "times" VALUES ( 20335, 12620, '11:57:00', '11:57:00', 20 );
INSERT INTO "times" VALUES ( 20335, 12630, '11:58:00', '11:58:00', 20 );
INSERT INTO "times" VALUES ( 20335, 12640, '12:00:00', '12:00:00', 20 );
INSERT INTO "times" VALUES ( 20335, 12650, '12:02:00', '12:02:00', 20 );
INSERT INTO "times" VALUES ( 20335, 12660, '12:04:00', '12:05:00', 20 );
INSERT INTO "times" VALUES ( 20335, 12670, '12:08:00', '12:08:00', 20 );
INSERT INTO "times" VALUES ( 20335, 12680, '12:12:00', '12:18:00', 20 );
INSERT INTO "times" VALUES ( 20335, 12690, '12:20:00', '12:20:00', 20 );
INSERT INTO "times" VALUES ( 20335, 12700, '12:22:00', '12:22:00', 20 );
INSERT INTO "times" VALUES ( 20335, 12710, '12:25:00', '12:25:00', 20 );
INSERT INTO "times" VALUES ( 20335, 12720, '12:26:00', '12:26:00', 20 );
INSERT INTO "times" VALUES ( 20335, 12730, '12:29:00', '12:29:00', 20 );
INSERT INTO "times" VALUES ( 20335, 12740, '12:32:00', '12:32:00', 20 );
INSERT INTO "times" VALUES ( 20335, 12750, '12:35:00', '12:35:00', 20 );
INSERT INTO "times" VALUES ( 20335, 12760, '12:38:00', '12:38:00', 20 );
INSERT INTO "times" VALUES ( 20335, 12770, '12:42:00', '12:42:00', 20 );
INSERT INTO "times" VALUES ( 20335, 12780, '12:46:00', '12:46:00', 20 );
INSERT INTO "times" VALUES ( 20335, 12790, '12:47:00', '12:47:00', 20 );
INSERT INTO "times" VALUES ( 20335, 12800, '12:49:00', '12:53:00', 20 );
INSERT INTO "times" VALUES ( 20335, 12810, '12:55:00', '12:55:00', 20 );
INSERT INTO "times" VALUES ( 20335, 12820, '12:56:00', '12:56:00', 20 );
INSERT INTO "times" VALUES ( 20335, 12830, '12:58:00', '12:58:00', 20 );
INSERT INTO "times" VALUES ( 20335, 12840, '12:59:00', '12:59:00', 20 );
INSERT INTO "times" VALUES ( 20335, 12850, '13:01:00', '13:01:00', 20 );
INSERT INTO "times" VALUES ( 20335, 12860, '13:02:00', '13:02:00', 20 );
INSERT INTO "times" VALUES ( 20335, 12870, '13:04:00', '13:04:00', 20 );
INSERT INTO "times" VALUES ( 20335, 12880, '13:06:00', '13:06:00', 20 );
INSERT INTO "times" VALUES ( 20335, 12890, '13:08:00', '13:08:00', 20 );
INSERT INTO "times" VALUES ( 20335, 12900, '13:09:00', '13:13:00', 20 );
INSERT INTO "times" VALUES ( 20335, 13510, '13:15:00', '13:15:00', 30 );
INSERT INTO "times" VALUES ( 20335, 13520, '13:18:00', NULL, NULL );

INSERT INTO "dias" VALUES ( 20336, 100, FALSE, TRUE, 'Q1103B', 13520, 11510 );
INSERT INTO "dias_line_groups" VALUES ( 20336, 10 );
INSERT INTO "times" VALUES ( 20336, 11510, '13:27:00', NULL, NULL );
INSERT INTO "times" VALUES ( 20336, 11520, '13:24:00', '13:24:00', 10 );
INSERT INTO "times" VALUES ( 20336, 11530, '13:23:00', '13:23:00', 10 );
INSERT INTO "times" VALUES ( 20336, 11540, '13:21:00', '13:21:00', 10 );
INSERT INTO "times" VALUES ( 20336, 12530, '13:20:00', '13:20:00', 10 );
INSERT INTO "times" VALUES ( 20336, 12540, '13:10:00', '13:17:00', 20 );
INSERT INTO "times" VALUES ( 20336, 12550, '13:08:00', '13:08:00', 20 );
INSERT INTO "times" VALUES ( 20336, 12560, '13:06:00', '13:06:00', 20 );
INSERT INTO "times" VALUES ( 20336, 12570, '13:04:00', '13:04:00', 20 );
INSERT INTO "times" VALUES ( 20336, 12580, '13:03:00', '13:03:00', 20 );
INSERT INTO "times" VALUES ( 20336, 12590, '13:02:00', '13:02:00', 20 );
INSERT INTO "times" VALUES ( 20336, 12600, '13:00:00', '13:00:00', 20 );
INSERT INTO "times" VALUES ( 20336, 12610, '12:56:00', '12:59:00', 20 );
INSERT INTO "times" VALUES ( 20336, 12620, '12:54:00', '12:54:00', 20 );
INSERT INTO "times" VALUES ( 20336, 12630, '12:52:00', '12:52:00', 20 );
INSERT INTO "times" VALUES ( 20336, 12640, '12:51:00', '12:51:00', 20 );
INSERT INTO "times" VALUES ( 20336, 12650, '12:49:00', '12:49:00', 20 );
INSERT INTO "times" VALUES ( 20336, 12660, '12:45:00', '12:47:00', 20 );
INSERT INTO "times" VALUES ( 20336, 12670, '12:42:00', '12:42:00', 20 );
INSERT INTO "times" VALUES ( 20336, 12680, '12:39:00', '12:40:00', 20 );
INSERT INTO "times" VALUES ( 20336, 12690, '12:37:00', '12:37:00', 20 );
INSERT INTO "times" VALUES ( 20336, 12700, '12:34:00', '12:34:00', 20 );
INSERT INTO "times" VALUES ( 20336, 12710, '12:27:00', '12:32:00', 20 );
INSERT INTO "times" VALUES ( 20336, 12720, '12:24:00', '12:24:00', 20 );
INSERT INTO "times" VALUES ( 20336, 12730, '12:22:00', '12:22:00', 20 );
INSERT INTO "times" VALUES ( 20336, 12740, '12:19:00', '12:20:00', 20 );
INSERT INTO "times" VALUES ( 20336, 12750, '12:16:00', '12:16:00', 20 );
INSERT INTO "times" VALUES ( 20336, 12760, '12:14:00', '12:14:00', 20 );
INSERT INTO "times" VALUES ( 20336, 12770, '12:10:00', '12:10:00', 20 );
INSERT INTO "times" VALUES ( 20336, 12780, '12:05:00', '12:05:00', 20 );
INSERT INTO "times" VALUES ( 20336, 12790, '12:03:00', '12:03:00', 20 );
INSERT INTO "times" VALUES ( 20336, 12800, '11:57:00', '12:01:00', 20 );
INSERT INTO "times" VALUES ( 20336, 12810, '11:55:00', '11:55:00', 20 );
INSERT INTO "times" VALUES ( 20336, 12820, '11:53:00', '11:53:00', 20 );
INSERT INTO "times" VALUES ( 20336, 12830, '11:52:00', '11:52:00', 20 );
INSERT INTO "times" VALUES ( 20336, 12840, '11:50:00', '11:50:00', 20 );
INSERT INTO "times" VALUES ( 20336, 12850, '11:49:00', '11:49:00', 20 );
INSERT INTO "times" VALUES ( 20336, 12860, '11:47:00', '11:47:00', 20 );
INSERT INTO "times" VALUES ( 20336, 12870, '11:45:00', '11:45:00', 20 );
INSERT INTO "times" VALUES ( 20336, 12880, '11:43:00', '11:43:00', 20 );
INSERT INTO "times" VALUES ( 20336, 12890, '11:42:00', '11:42:00', 20 );
INSERT INTO "times" VALUES ( 20336, 12900, '11:36:00', '11:40:00', 20 );
INSERT INTO "times" VALUES ( 20336, 13510, '11:34:00', '11:34:00', 30 );
INSERT INTO "times" VALUES ( 20336, 13520, NULL, '11:32:00', 30 );

INSERT INTO "dias" VALUES ( 20337, 100, FALSE, TRUE, 'Q1104Z', 11510, 13520 );
INSERT INTO "dias_line_groups" VALUES ( 20337, 10 );
INSERT INTO "times" VALUES ( 20337, 11510, NULL, '11:44:00', 10 );
INSERT INTO "times" VALUES ( 20337, 11520, '11:45:00', '11:45:00', 10 );
INSERT INTO "times" VALUES ( 20337, 11530, '11:47:00', '11:47:00', 10 );
INSERT INTO "times" VALUES ( 20337, 11540, '11:49:00', '11:49:00', 10 );
INSERT INTO "times" VALUES ( 20337, 12530, '11:51:00', '11:52:00', 20 );
INSERT INTO "times" VALUES ( 20337, 12540, '11:54:00', '12:01:00', 20 );
INSERT INTO "times" VALUES ( 20337, 12550, '12:03:00', '12:03:00', 20 );
INSERT INTO "times" VALUES ( 20337, 12560, '12:05:00', '12:05:00', 20 );
INSERT INTO "times" VALUES ( 20337, 12570, '12:06:00', '12:06:00', 20 );
INSERT INTO "times" VALUES ( 20337, 12580, '12:08:00', '12:08:00', 20 );
INSERT INTO "times" VALUES ( 20337, 12590, '12:09:00', '12:09:00', 20 );
INSERT INTO "times" VALUES ( 20337, 12600, '12:10:00', '12:10:00', 20 );
INSERT INTO "times" VALUES ( 20337, 12610, '12:12:00', '12:15:00', 20 );
INSERT INTO "times" VALUES ( 20337, 12620, '12:17:00', '12:17:00', 20 );
INSERT INTO "times" VALUES ( 20337, 12630, '12:18:00', '12:18:00', 20 );
INSERT INTO "times" VALUES ( 20337, 12640, '12:20:00', '12:20:00', 20 );
INSERT INTO "times" VALUES ( 20337, 12650, '12:22:00', '12:22:00', 20 );
INSERT INTO "times" VALUES ( 20337, 12660, '12:24:00', '12:26:00', 20 );
INSERT INTO "times" VALUES ( 20337, 12670, '12:29:00', '12:29:00', 20 );
INSERT INTO "times" VALUES ( 20337, 12680, '12:31:00', '12:32:00', 20 );
INSERT INTO "times" VALUES ( 20337, 12690, '12:34:00', '12:34:00', 20 );
INSERT INTO "times" VALUES ( 20337, 12700, '12:36:00', '12:36:00', 20 );
INSERT INTO "times" VALUES ( 20337, 12710, '12:38:00', '12:44:00', 20 );
INSERT INTO "times" VALUES ( 20337, 12720, '12:46:00', '12:46:00', 20 );
INSERT INTO "times" VALUES ( 20337, 12730, '12:48:00', '12:48:00', 20 );
INSERT INTO "times" VALUES ( 20337, 12740, '12:51:00', '12:52:00', 20 );
INSERT INTO "times" VALUES ( 20337, 12750, '12:55:00', '12:55:00', 20 );
INSERT INTO "times" VALUES ( 20337, 12760, '12:58:00', '12:58:00', 20 );
INSERT INTO "times" VALUES ( 20337, 12770, '13:02:00', '13:02:00', 20 );
INSERT INTO "times" VALUES ( 20337, 12780, '13:06:00', '13:06:00', 20 );
INSERT INTO "times" VALUES ( 20337, 12790, '13:07:00', '13:07:00', 20 );
INSERT INTO "times" VALUES ( 20337, 12800, '13:09:00', '13:13:00', 20 );
INSERT INTO "times" VALUES ( 20337, 12810, '13:15:00', '13:15:00', 20 );
INSERT INTO "times" VALUES ( 20337, 12820, '13:16:00', '13:16:00', 20 );
INSERT INTO "times" VALUES ( 20337, 12830, '13:18:00', '13:18:00', 20 );
INSERT INTO "times" VALUES ( 20337, 12840, '13:19:00', '13:19:00', 20 );
INSERT INTO "times" VALUES ( 20337, 12850, '13:21:00', '13:21:00', 20 );
INSERT INTO "times" VALUES ( 20337, 12860, '13:22:00', '13:22:00', 20 );
INSERT INTO "times" VALUES ( 20337, 12870, '13:24:00', '13:24:00', 20 );
INSERT INTO "times" VALUES ( 20337, 12880, '13:26:00', '13:26:00', 20 );
INSERT INTO "times" VALUES ( 20337, 12890, '13:28:00', '13:28:00', 20 );
INSERT INTO "times" VALUES ( 20337, 12900, '13:29:00', '13:33:00', 20 );
INSERT INTO "times" VALUES ( 20337, 13510, '13:35:00', '13:35:00', 30 );
INSERT INTO "times" VALUES ( 20337, 13520, '13:38:00', NULL, NULL );

INSERT INTO "dias" VALUES ( 20338, 100, FALSE, TRUE, 'Q1105B', 13520, 11510 );
INSERT INTO "dias_line_groups" VALUES ( 20338, 10 );
INSERT INTO "times" VALUES ( 20338, 11510, '13:47:00', NULL, NULL );
INSERT INTO "times" VALUES ( 20338, 11520, '13:45:00', '13:45:00', 10 );
INSERT INTO "times" VALUES ( 20338, 11530, '13:43:00', '13:43:00', 10 );
INSERT INTO "times" VALUES ( 20338, 11540, '13:42:00', '13:42:00', 10 );
INSERT INTO "times" VALUES ( 20338, 12530, '13:40:00', '13:40:00', 10 );
INSERT INTO "times" VALUES ( 20338, 12540, '13:30:00', '13:37:00', 20 );
INSERT INTO "times" VALUES ( 20338, 12550, '13:28:00', '13:28:00', 20 );
INSERT INTO "times" VALUES ( 20338, 12560, '13:26:00', '13:26:00', 20 );
INSERT INTO "times" VALUES ( 20338, 12570, '13:24:00', '13:24:00', 20 );
INSERT INTO "times" VALUES ( 20338, 12580, '13:23:00', '13:23:00', 20 );
INSERT INTO "times" VALUES ( 20338, 12590, '13:22:00', '13:22:00', 20 );
INSERT INTO "times" VALUES ( 20338, 12600, '13:20:00', '13:20:00', 20 );
INSERT INTO "times" VALUES ( 20338, 12610, '13:16:00', '13:19:00', 20 );
INSERT INTO "times" VALUES ( 20338, 12620, '13:14:00', '13:14:00', 20 );
INSERT INTO "times" VALUES ( 20338, 12630, '13:12:00', '13:12:00', 20 );
INSERT INTO "times" VALUES ( 20338, 12640, '13:11:00', '13:11:00', 20 );
INSERT INTO "times" VALUES ( 20338, 12650, '13:09:00', '13:09:00', 20 );
INSERT INTO "times" VALUES ( 20338, 12660, '13:05:00', '13:07:00', 20 );
INSERT INTO "times" VALUES ( 20338, 12670, '13:02:00', '13:02:00', 20 );
INSERT INTO "times" VALUES ( 20338, 12680, '12:54:00', '12:59:00', 20 );
INSERT INTO "times" VALUES ( 20338, 12690, '12:51:00', '12:51:00', 20 );
INSERT INTO "times" VALUES ( 20338, 12700, '12:49:00', '12:49:00', 20 );
INSERT INTO "times" VALUES ( 20338, 12710, '12:47:00', '12:47:00', 20 );
INSERT INTO "times" VALUES ( 20338, 12720, '12:44:00', '12:44:00', 20 );
INSERT INTO "times" VALUES ( 20338, 12730, '12:42:00', '12:42:00', 20 );
INSERT INTO "times" VALUES ( 20338, 12740, '12:40:00', '12:40:00', 20 );
INSERT INTO "times" VALUES ( 20338, 12750, '12:36:00', '12:36:00', 20 );
INSERT INTO "times" VALUES ( 20338, 12760, '12:34:00', '12:34:00', 20 );
INSERT INTO "times" VALUES ( 20338, 12770, '12:30:00', '12:30:00', 20 );
INSERT INTO "times" VALUES ( 20338, 12780, '12:25:00', '12:25:00', 20 );
INSERT INTO "times" VALUES ( 20338, 12790, '12:23:00', '12:23:00', 20 );
INSERT INTO "times" VALUES ( 20338, 12800, '12:18:00', '12:21:00', 20 );
INSERT INTO "times" VALUES ( 20338, 12810, '12:16:00', '12:16:00', 20 );
INSERT INTO "times" VALUES ( 20338, 12820, '12:14:00', '12:14:00', 20 );
INSERT INTO "times" VALUES ( 20338, 12830, '12:13:00', '12:13:00', 20 );
INSERT INTO "times" VALUES ( 20338, 12840, '12:11:00', '12:11:00', 20 );
INSERT INTO "times" VALUES ( 20338, 12850, '12:09:00', '12:09:00', 20 );
INSERT INTO "times" VALUES ( 20338, 12860, '12:08:00', '12:08:00', 20 );
INSERT INTO "times" VALUES ( 20338, 12870, '12:06:00', '12:06:00', 20 );
INSERT INTO "times" VALUES ( 20338, 12880, '12:04:00', '12:04:00', 20 );
INSERT INTO "times" VALUES ( 20338, 12890, '12:02:00', '12:02:00', 20 );
INSERT INTO "times" VALUES ( 20338, 12900, '11:56:00', '12:01:00', 20 );
INSERT INTO "times" VALUES ( 20338, 13510, '11:54:00', '11:54:00', 30 );
INSERT INTO "times" VALUES ( 20338, 13520, NULL, '11:52:00', 30 );

INSERT INTO "dias" VALUES ( 20339, 100, FALSE, TRUE, 'Q1106Z', 11510, 13520 );
INSERT INTO "dias_line_groups" VALUES ( 20339, 10 );
INSERT INTO "times" VALUES ( 20339, 11510, NULL, '11:54:00', 10 );
INSERT INTO "times" VALUES ( 20339, 11520, '11:55:00', '11:55:00', 10 );
INSERT INTO "times" VALUES ( 20339, 11530, '11:57:00', '11:57:00', 10 );
INSERT INTO "times" VALUES ( 20339, 11540, '11:59:00', '11:59:00', 10 );
INSERT INTO "times" VALUES ( 20339, 12530, '12:01:00', '12:02:00', 20 );
INSERT INTO "times" VALUES ( 20339, 12540, '12:04:00', '12:11:00', 20 );
INSERT INTO "times" VALUES ( 20339, 12550, '12:13:00', '12:13:00', 20 );
INSERT INTO "times" VALUES ( 20339, 12560, '12:15:00', '12:15:00', 20 );
INSERT INTO "times" VALUES ( 20339, 12570, '12:16:00', '12:16:00', 20 );
INSERT INTO "times" VALUES ( 20339, 12580, '12:18:00', '12:18:00', 20 );
INSERT INTO "times" VALUES ( 20339, 12590, '12:19:00', '12:19:00', 20 );
INSERT INTO "times" VALUES ( 20339, 12600, '12:20:00', '12:20:00', 20 );
INSERT INTO "times" VALUES ( 20339, 12610, '12:22:00', '12:25:00', 20 );
INSERT INTO "times" VALUES ( 20339, 12620, '12:27:00', '12:27:00', 20 );
INSERT INTO "times" VALUES ( 20339, 12630, '12:28:00', '12:28:00', 20 );
INSERT INTO "times" VALUES ( 20339, 12640, '12:30:00', '12:30:00', 20 );
INSERT INTO "times" VALUES ( 20339, 12650, '12:32:00', '12:32:00', 20 );
INSERT INTO "times" VALUES ( 20339, 12660, '12:34:00', '12:35:00', 20 );
INSERT INTO "times" VALUES ( 20339, 12670, '12:38:00', '12:38:00', 20 );
INSERT INTO "times" VALUES ( 20339, 12680, '12:42:00', '12:48:00', 20 );
INSERT INTO "times" VALUES ( 20339, 12690, '12:50:00', '12:50:00', 20 );
INSERT INTO "times" VALUES ( 20339, 12700, '12:52:00', '12:52:00', 20 );
INSERT INTO "times" VALUES ( 20339, 12710, '12:55:00', '12:55:00', 20 );
INSERT INTO "times" VALUES ( 20339, 12720, '12:56:00', '12:56:00', 20 );
INSERT INTO "times" VALUES ( 20339, 12730, '12:59:00', '12:59:00', 20 );
INSERT INTO "times" VALUES ( 20339, 12740, '13:02:00', '13:02:00', 20 );
INSERT INTO "times" VALUES ( 20339, 12750, '13:05:00', '13:05:00', 20 );
INSERT INTO "times" VALUES ( 20339, 12760, '13:08:00', '13:08:00', 20 );
INSERT INTO "times" VALUES ( 20339, 12770, '13:12:00', '13:12:00', 20 );
INSERT INTO "times" VALUES ( 20339, 12780, '13:16:00', '13:16:00', 20 );
INSERT INTO "times" VALUES ( 20339, 12790, '13:17:00', '13:17:00', 20 );
INSERT INTO "times" VALUES ( 20339, 12800, '13:19:00', '13:23:00', 20 );
INSERT INTO "times" VALUES ( 20339, 12810, '13:25:00', '13:25:00', 20 );
INSERT INTO "times" VALUES ( 20339, 12820, '13:26:00', '13:26:00', 20 );
INSERT INTO "times" VALUES ( 20339, 12830, '13:28:00', '13:28:00', 20 );
INSERT INTO "times" VALUES ( 20339, 12840, '13:29:00', '13:29:00', 20 );
INSERT INTO "times" VALUES ( 20339, 12850, '13:31:00', '13:31:00', 20 );
INSERT INTO "times" VALUES ( 20339, 12860, '13:32:00', '13:32:00', 20 );
INSERT INTO "times" VALUES ( 20339, 12870, '13:34:00', '13:34:00', 20 );
INSERT INTO "times" VALUES ( 20339, 12880, '13:36:00', '13:36:00', 20 );
INSERT INTO "times" VALUES ( 20339, 12890, '13:38:00', '13:38:00', 20 );
INSERT INTO "times" VALUES ( 20339, 12900, '13:39:00', '13:43:00', 20 );
INSERT INTO "times" VALUES ( 20339, 13510, '13:45:00', '13:45:00', 30 );
INSERT INTO "times" VALUES ( 20339, 13520, '13:48:00', NULL, NULL );

INSERT INTO "dias" VALUES ( 20340, 100, FALSE, TRUE, 'Q1200Z', 11510, 13520 );
INSERT INTO "dias_line_groups" VALUES ( 20340, 10 );
INSERT INTO "times" VALUES ( 20340, 11510, NULL, '12:14:00', 10 );
INSERT INTO "times" VALUES ( 20340, 11520, '12:15:00', '12:15:00', 10 );
INSERT INTO "times" VALUES ( 20340, 11530, '12:17:00', '12:17:00', 10 );
INSERT INTO "times" VALUES ( 20340, 11540, '12:19:00', '12:19:00', 10 );
INSERT INTO "times" VALUES ( 20340, 12530, '12:21:00', '12:22:00', 20 );
INSERT INTO "times" VALUES ( 20340, 12540, '12:24:00', '12:31:00', 20 );
INSERT INTO "times" VALUES ( 20340, 12550, '12:33:00', '12:33:00', 20 );
INSERT INTO "times" VALUES ( 20340, 12560, '12:35:00', '12:35:00', 20 );
INSERT INTO "times" VALUES ( 20340, 12570, '12:36:00', '12:36:00', 20 );
INSERT INTO "times" VALUES ( 20340, 12580, '12:38:00', '12:38:00', 20 );
INSERT INTO "times" VALUES ( 20340, 12590, '12:39:00', '12:39:00', 20 );
INSERT INTO "times" VALUES ( 20340, 12600, '12:40:00', '12:40:00', 20 );
INSERT INTO "times" VALUES ( 20340, 12610, '12:42:00', '12:45:00', 20 );
INSERT INTO "times" VALUES ( 20340, 12620, '12:47:00', '12:47:00', 20 );
INSERT INTO "times" VALUES ( 20340, 12630, '12:48:00', '12:48:00', 20 );
INSERT INTO "times" VALUES ( 20340, 12640, '12:50:00', '12:50:00', 20 );
INSERT INTO "times" VALUES ( 20340, 12650, '12:52:00', '12:52:00', 20 );
INSERT INTO "times" VALUES ( 20340, 12660, '12:54:00', '12:56:00', 20 );
INSERT INTO "times" VALUES ( 20340, 12670, '12:59:00', '12:59:00', 20 );
INSERT INTO "times" VALUES ( 20340, 12680, '13:01:00', '13:02:00', 20 );
INSERT INTO "times" VALUES ( 20340, 12690, '13:04:00', '13:04:00', 20 );
INSERT INTO "times" VALUES ( 20340, 12700, '13:06:00', '13:06:00', 20 );
INSERT INTO "times" VALUES ( 20340, 12710, '13:08:00', '13:14:00', 20 );
INSERT INTO "times" VALUES ( 20340, 12720, '13:16:00', '13:16:00', 20 );
INSERT INTO "times" VALUES ( 20340, 12730, '13:18:00', '13:18:00', 20 );
INSERT INTO "times" VALUES ( 20340, 12740, '13:21:00', '13:22:00', 20 );
INSERT INTO "times" VALUES ( 20340, 12750, '13:25:00', '13:25:00', 20 );
INSERT INTO "times" VALUES ( 20340, 12760, '13:28:00', '13:28:00', 20 );
INSERT INTO "times" VALUES ( 20340, 12770, '13:32:00', '13:32:00', 20 );
INSERT INTO "times" VALUES ( 20340, 12780, '13:36:00', '13:36:00', 20 );
INSERT INTO "times" VALUES ( 20340, 12790, '13:37:00', '13:37:00', 20 );
INSERT INTO "times" VALUES ( 20340, 12800, '13:39:00', '13:43:00', 20 );
INSERT INTO "times" VALUES ( 20340, 12810, '13:45:00', '13:45:00', 20 );
INSERT INTO "times" VALUES ( 20340, 12820, '13:46:00', '13:46:00', 20 );
INSERT INTO "times" VALUES ( 20340, 12830, '13:48:00', '13:48:00', 20 );
INSERT INTO "times" VALUES ( 20340, 12840, '13:49:00', '13:49:00', 20 );
INSERT INTO "times" VALUES ( 20340, 12850, '13:51:00', '13:51:00', 20 );
INSERT INTO "times" VALUES ( 20340, 12860, '13:52:00', '13:52:00', 20 );
INSERT INTO "times" VALUES ( 20340, 12870, '13:54:00', '13:54:00', 20 );
INSERT INTO "times" VALUES ( 20340, 12880, '13:56:00', '13:56:00', 20 );
INSERT INTO "times" VALUES ( 20340, 12890, '13:58:00', '13:58:00', 20 );
INSERT INTO "times" VALUES ( 20340, 12900, '13:59:00', '14:03:00', 20 );
INSERT INTO "times" VALUES ( 20340, 13510, '14:05:00', '14:05:00', 30 );
INSERT INTO "times" VALUES ( 20340, 13520, '14:08:00', NULL, NULL );

INSERT INTO "dias" VALUES ( 20341, 100, FALSE, TRUE, 'Q1201B', 13520, 11510 );
INSERT INTO "dias_line_groups" VALUES ( 20341, 10 );
INSERT INTO "times" VALUES ( 20341, 11510, '13:57:00', NULL, NULL );
INSERT INTO "times" VALUES ( 20341, 11520, '13:54:00', '13:54:00', 10 );
INSERT INTO "times" VALUES ( 20341, 11530, '13:53:00', '13:53:00', 10 );
INSERT INTO "times" VALUES ( 20341, 11540, '13:51:00', '13:51:00', 10 );
INSERT INTO "times" VALUES ( 20341, 12530, '13:50:00', '13:50:00', 10 );
INSERT INTO "times" VALUES ( 20341, 12540, '13:40:00', '13:47:00', 20 );
INSERT INTO "times" VALUES ( 20341, 12550, '13:38:00', '13:38:00', 20 );
INSERT INTO "times" VALUES ( 20341, 12560, '13:36:00', '13:36:00', 20 );
INSERT INTO "times" VALUES ( 20341, 12570, '13:34:00', '13:34:00', 20 );
INSERT INTO "times" VALUES ( 20341, 12580, '13:33:00', '13:33:00', 20 );
INSERT INTO "times" VALUES ( 20341, 12590, '13:32:00', '13:32:00', 20 );
INSERT INTO "times" VALUES ( 20341, 12600, '13:30:00', '13:30:00', 20 );
INSERT INTO "times" VALUES ( 20341, 12610, '13:26:00', '13:29:00', 20 );
INSERT INTO "times" VALUES ( 20341, 12620, '13:24:00', '13:24:00', 20 );
INSERT INTO "times" VALUES ( 20341, 12630, '13:22:00', '13:22:00', 20 );
INSERT INTO "times" VALUES ( 20341, 12640, '13:21:00', '13:21:00', 20 );
INSERT INTO "times" VALUES ( 20341, 12650, '13:19:00', '13:19:00', 20 );
INSERT INTO "times" VALUES ( 20341, 12660, '13:15:00', '13:17:00', 20 );
INSERT INTO "times" VALUES ( 20341, 12670, '13:12:00', '13:12:00', 20 );
INSERT INTO "times" VALUES ( 20341, 12680, '13:09:00', '13:10:00', 20 );
INSERT INTO "times" VALUES ( 20341, 12690, '13:07:00', '13:07:00', 20 );
INSERT INTO "times" VALUES ( 20341, 12700, '13:04:00', '13:04:00', 20 );
INSERT INTO "times" VALUES ( 20341, 12710, '12:57:00', '13:02:00', 20 );
INSERT INTO "times" VALUES ( 20341, 12720, '12:54:00', '12:54:00', 20 );
INSERT INTO "times" VALUES ( 20341, 12730, '12:52:00', '12:52:00', 20 );
INSERT INTO "times" VALUES ( 20341, 12740, '12:50:00', '12:50:00', 20 );
INSERT INTO "times" VALUES ( 20341, 12750, '12:46:00', '12:46:00', 20 );
INSERT INTO "times" VALUES ( 20341, 12760, '12:44:00', '12:44:00', 20 );
INSERT INTO "times" VALUES ( 20341, 12770, '12:40:00', '12:40:00', 20 );
INSERT INTO "times" VALUES ( 20341, 12780, '12:35:00', '12:35:00', 20 );
INSERT INTO "times" VALUES ( 20341, 12790, '12:33:00', '12:33:00', 20 );
INSERT INTO "times" VALUES ( 20341, 12800, '12:28:00', '12:31:00', 20 );
INSERT INTO "times" VALUES ( 20341, 12810, '12:26:00', '12:26:00', 20 );
INSERT INTO "times" VALUES ( 20341, 12820, '12:24:00', '12:24:00', 20 );
INSERT INTO "times" VALUES ( 20341, 12830, '12:23:00', '12:23:00', 20 );
INSERT INTO "times" VALUES ( 20341, 12840, '12:21:00', '12:21:00', 20 );
INSERT INTO "times" VALUES ( 20341, 12850, '12:19:00', '12:19:00', 20 );
INSERT INTO "times" VALUES ( 20341, 12860, '12:18:00', '12:18:00', 20 );
INSERT INTO "times" VALUES ( 20341, 12870, '12:16:00', '12:16:00', 20 );
INSERT INTO "times" VALUES ( 20341, 12880, '12:14:00', '12:14:00', 20 );
INSERT INTO "times" VALUES ( 20341, 12890, '12:12:00', '12:12:00', 20 );
INSERT INTO "times" VALUES ( 20341, 12900, '12:06:00', '12:11:00', 20 );
INSERT INTO "times" VALUES ( 20341, 13510, '12:04:00', '12:04:00', 30 );
INSERT INTO "times" VALUES ( 20341, 13520, NULL, '12:02:00', 30 );

INSERT INTO "dias" VALUES ( 20342, 100, FALSE, TRUE, 'Q1202Z', 11510, 13520 );
INSERT INTO "dias_line_groups" VALUES ( 20342, 10 );
INSERT INTO "times" VALUES ( 20342, 11510, NULL, '12:24:00', 10 );
INSERT INTO "times" VALUES ( 20342, 11520, '12:25:00', '12:25:00', 10 );
INSERT INTO "times" VALUES ( 20342, 11530, '12:27:00', '12:27:00', 10 );
INSERT INTO "times" VALUES ( 20342, 11540, '12:29:00', '12:29:00', 10 );
INSERT INTO "times" VALUES ( 20342, 12530, '12:31:00', '12:32:00', 20 );
INSERT INTO "times" VALUES ( 20342, 12540, '12:34:00', '12:41:00', 20 );
INSERT INTO "times" VALUES ( 20342, 12550, '12:43:00', '12:43:00', 20 );
INSERT INTO "times" VALUES ( 20342, 12560, '12:45:00', '12:45:00', 20 );
INSERT INTO "times" VALUES ( 20342, 12570, '12:46:00', '12:46:00', 20 );
INSERT INTO "times" VALUES ( 20342, 12580, '12:48:00', '12:48:00', 20 );
INSERT INTO "times" VALUES ( 20342, 12590, '12:49:00', '12:49:00', 20 );
INSERT INTO "times" VALUES ( 20342, 12600, '12:50:00', '12:50:00', 20 );
INSERT INTO "times" VALUES ( 20342, 12610, '12:52:00', '12:55:00', 20 );
INSERT INTO "times" VALUES ( 20342, 12620, '12:57:00', '12:57:00', 20 );
INSERT INTO "times" VALUES ( 20342, 12630, '12:58:00', '12:58:00', 20 );
INSERT INTO "times" VALUES ( 20342, 12640, '13:00:00', '13:00:00', 20 );
INSERT INTO "times" VALUES ( 20342, 12650, '13:02:00', '13:02:00', 20 );
INSERT INTO "times" VALUES ( 20342, 12660, '13:04:00', '13:05:00', 20 );
INSERT INTO "times" VALUES ( 20342, 12670, '13:08:00', '13:08:00', 20 );
INSERT INTO "times" VALUES ( 20342, 12680, '13:12:00', '13:18:00', 20 );
INSERT INTO "times" VALUES ( 20342, 12690, '13:20:00', '13:20:00', 20 );
INSERT INTO "times" VALUES ( 20342, 12700, '13:22:00', '13:22:00', 20 );
INSERT INTO "times" VALUES ( 20342, 12710, '13:25:00', '13:25:00', 20 );
INSERT INTO "times" VALUES ( 20342, 12720, '13:26:00', '13:26:00', 20 );
INSERT INTO "times" VALUES ( 20342, 12730, '13:29:00', '13:29:00', 20 );
INSERT INTO "times" VALUES ( 20342, 12740, '13:32:00', '13:32:00', 20 );
INSERT INTO "times" VALUES ( 20342, 12750, '13:35:00', '13:35:00', 20 );
INSERT INTO "times" VALUES ( 20342, 12760, '13:38:00', '13:38:00', 20 );
INSERT INTO "times" VALUES ( 20342, 12770, '13:42:00', '13:42:00', 20 );
INSERT INTO "times" VALUES ( 20342, 12780, '13:46:00', '13:46:00', 20 );
INSERT INTO "times" VALUES ( 20342, 12790, '13:47:00', '13:47:00', 20 );
INSERT INTO "times" VALUES ( 20342, 12800, '13:49:00', '13:53:00', 20 );
INSERT INTO "times" VALUES ( 20342, 12810, '13:55:00', '13:55:00', 20 );
INSERT INTO "times" VALUES ( 20342, 12820, '13:56:00', '13:56:00', 20 );
INSERT INTO "times" VALUES ( 20342, 12830, '13:58:00', '13:58:00', 20 );
INSERT INTO "times" VALUES ( 20342, 12840, '13:59:00', '13:59:00', 20 );
INSERT INTO "times" VALUES ( 20342, 12850, '14:01:00', '14:01:00', 20 );
INSERT INTO "times" VALUES ( 20342, 12860, '14:02:00', '14:02:00', 20 );
INSERT INTO "times" VALUES ( 20342, 12870, '14:04:00', '14:04:00', 20 );
INSERT INTO "times" VALUES ( 20342, 12880, '14:06:00', '14:06:00', 20 );
INSERT INTO "times" VALUES ( 20342, 12890, '14:08:00', '14:08:00', 20 );
INSERT INTO "times" VALUES ( 20342, 12900, '14:09:00', '14:13:00', 20 );
INSERT INTO "times" VALUES ( 20342, 13510, '14:15:00', '14:15:00', 30 );
INSERT INTO "times" VALUES ( 20342, 13520, '14:18:00', NULL, NULL );

INSERT INTO "dias" VALUES ( 20343, 100, FALSE, TRUE, 'Q1203B', 13520, 11510 );
INSERT INTO "dias_line_groups" VALUES ( 20343, 10 );
INSERT INTO "times" VALUES ( 20343, 11510, '14:17:00', NULL, NULL );
INSERT INTO "times" VALUES ( 20343, 11520, '14:15:00', '14:15:00', 10 );
INSERT INTO "times" VALUES ( 20343, 11530, '14:13:00', '14:13:00', 10 );
INSERT INTO "times" VALUES ( 20343, 11540, '14:12:00', '14:12:00', 10 );
INSERT INTO "times" VALUES ( 20343, 12530, '14:10:00', '14:10:00', 10 );
INSERT INTO "times" VALUES ( 20343, 12540, '14:00:00', '14:07:00', 20 );
INSERT INTO "times" VALUES ( 20343, 12550, '13:58:00', '13:58:00', 20 );
INSERT INTO "times" VALUES ( 20343, 12560, '13:56:00', '13:56:00', 20 );
INSERT INTO "times" VALUES ( 20343, 12570, '13:54:00', '13:54:00', 20 );
INSERT INTO "times" VALUES ( 20343, 12580, '13:53:00', '13:53:00', 20 );
INSERT INTO "times" VALUES ( 20343, 12590, '13:52:00', '13:52:00', 20 );
INSERT INTO "times" VALUES ( 20343, 12600, '13:50:00', '13:50:00', 20 );
INSERT INTO "times" VALUES ( 20343, 12610, '13:46:00', '13:49:00', 20 );
INSERT INTO "times" VALUES ( 20343, 12620, '13:44:00', '13:44:00', 20 );
INSERT INTO "times" VALUES ( 20343, 12630, '13:42:00', '13:42:00', 20 );
INSERT INTO "times" VALUES ( 20343, 12640, '13:41:00', '13:41:00', 20 );
INSERT INTO "times" VALUES ( 20343, 12650, '13:39:00', '13:39:00', 20 );
INSERT INTO "times" VALUES ( 20343, 12660, '13:35:00', '13:37:00', 20 );
INSERT INTO "times" VALUES ( 20343, 12670, '13:32:00', '13:32:00', 20 );
INSERT INTO "times" VALUES ( 20343, 12680, '13:24:00', '13:29:00', 20 );
INSERT INTO "times" VALUES ( 20343, 12690, '13:21:00', '13:21:00', 20 );
INSERT INTO "times" VALUES ( 20343, 12700, '13:19:00', '13:19:00', 20 );
INSERT INTO "times" VALUES ( 20343, 12710, '13:17:00', '13:17:00', 20 );
INSERT INTO "times" VALUES ( 20343, 12720, '13:14:00', '13:14:00', 20 );
INSERT INTO "times" VALUES ( 20343, 12730, '13:12:00', '13:12:00', 20 );
INSERT INTO "times" VALUES ( 20343, 12740, '13:10:00', '13:10:00', 20 );
INSERT INTO "times" VALUES ( 20343, 12750, '13:06:00', '13:06:00', 20 );
INSERT INTO "times" VALUES ( 20343, 12760, '13:04:00', '13:04:00', 20 );
INSERT INTO "times" VALUES ( 20343, 12770, '13:00:00', '13:00:00', 20 );
INSERT INTO "times" VALUES ( 20343, 12780, '12:55:00', '12:55:00', 20 );
INSERT INTO "times" VALUES ( 20343, 12790, '12:53:00', '12:53:00', 20 );
INSERT INTO "times" VALUES ( 20343, 12800, '12:48:00', '12:51:00', 20 );
INSERT INTO "times" VALUES ( 20343, 12810, '12:46:00', '12:46:00', 20 );
INSERT INTO "times" VALUES ( 20343, 12820, '12:44:00', '12:44:00', 20 );
INSERT INTO "times" VALUES ( 20343, 12830, '12:43:00', '12:43:00', 20 );
INSERT INTO "times" VALUES ( 20343, 12840, '12:41:00', '12:41:00', 20 );
INSERT INTO "times" VALUES ( 20343, 12850, '12:39:00', '12:39:00', 20 );
INSERT INTO "times" VALUES ( 20343, 12860, '12:38:00', '12:38:00', 20 );
INSERT INTO "times" VALUES ( 20343, 12870, '12:36:00', '12:36:00', 20 );
INSERT INTO "times" VALUES ( 20343, 12880, '12:34:00', '12:34:00', 20 );
INSERT INTO "times" VALUES ( 20343, 12890, '12:32:00', '12:32:00', 20 );
INSERT INTO "times" VALUES ( 20343, 12900, '12:27:00', '12:31:00', 20 );
INSERT INTO "times" VALUES ( 20343, 13510, '12:25:00', '12:25:00', 30 );
INSERT INTO "times" VALUES ( 20343, 13520, NULL, '12:23:00', 30 );

INSERT INTO "dias" VALUES ( 20344, 100, FALSE, TRUE, 'Q1204Z', 11510, 13520 );
INSERT INTO "dias_line_groups" VALUES ( 20344, 10 );
INSERT INTO "times" VALUES ( 20344, 11510, NULL, '12:44:00', 10 );
INSERT INTO "times" VALUES ( 20344, 11520, '12:45:00', '12:45:00', 10 );
INSERT INTO "times" VALUES ( 20344, 11530, '12:47:00', '12:47:00', 10 );
INSERT INTO "times" VALUES ( 20344, 11540, '12:49:00', '12:49:00', 10 );
INSERT INTO "times" VALUES ( 20344, 12530, '12:51:00', '12:52:00', 20 );
INSERT INTO "times" VALUES ( 20344, 12540, '12:54:00', '13:01:00', 20 );
INSERT INTO "times" VALUES ( 20344, 12550, '13:03:00', '13:03:00', 20 );
INSERT INTO "times" VALUES ( 20344, 12560, '13:05:00', '13:05:00', 20 );
INSERT INTO "times" VALUES ( 20344, 12570, '13:06:00', '13:06:00', 20 );
INSERT INTO "times" VALUES ( 20344, 12580, '13:08:00', '13:08:00', 20 );
INSERT INTO "times" VALUES ( 20344, 12590, '13:09:00', '13:09:00', 20 );
INSERT INTO "times" VALUES ( 20344, 12600, '13:10:00', '13:10:00', 20 );
INSERT INTO "times" VALUES ( 20344, 12610, '13:12:00', '13:15:00', 20 );
INSERT INTO "times" VALUES ( 20344, 12620, '13:17:00', '13:17:00', 20 );
INSERT INTO "times" VALUES ( 20344, 12630, '13:18:00', '13:18:00', 20 );
INSERT INTO "times" VALUES ( 20344, 12640, '13:20:00', '13:20:00', 20 );
INSERT INTO "times" VALUES ( 20344, 12650, '13:22:00', '13:22:00', 20 );
INSERT INTO "times" VALUES ( 20344, 12660, '13:24:00', '13:26:00', 20 );
INSERT INTO "times" VALUES ( 20344, 12670, '13:29:00', '13:29:00', 20 );
INSERT INTO "times" VALUES ( 20344, 12680, '13:31:00', '13:32:00', 20 );
INSERT INTO "times" VALUES ( 20344, 12690, '13:34:00', '13:34:00', 20 );
INSERT INTO "times" VALUES ( 20344, 12700, '13:36:00', '13:36:00', 20 );
INSERT INTO "times" VALUES ( 20344, 12710, '13:38:00', '13:44:00', 20 );
INSERT INTO "times" VALUES ( 20344, 12720, '13:46:00', '13:46:00', 20 );
INSERT INTO "times" VALUES ( 20344, 12730, '13:48:00', '13:48:00', 20 );
INSERT INTO "times" VALUES ( 20344, 12740, '13:51:00', '13:52:00', 20 );
INSERT INTO "times" VALUES ( 20344, 12750, '13:55:00', '13:55:00', 20 );
INSERT INTO "times" VALUES ( 20344, 12760, '13:58:00', '13:58:00', 20 );
INSERT INTO "times" VALUES ( 20344, 12770, '14:02:00', '14:02:00', 20 );
INSERT INTO "times" VALUES ( 20344, 12780, '14:06:00', '14:06:00', 20 );
INSERT INTO "times" VALUES ( 20344, 12790, '14:07:00', '14:07:00', 20 );
INSERT INTO "times" VALUES ( 20344, 12800, '14:09:00', '14:13:00', 20 );
INSERT INTO "times" VALUES ( 20344, 12810, '14:15:00', '14:15:00', 20 );
INSERT INTO "times" VALUES ( 20344, 12820, '14:16:00', '14:16:00', 20 );
INSERT INTO "times" VALUES ( 20344, 12830, '14:18:00', '14:18:00', 20 );
INSERT INTO "times" VALUES ( 20344, 12840, '14:19:00', '14:19:00', 20 );
INSERT INTO "times" VALUES ( 20344, 12850, '14:21:00', '14:21:00', 20 );
INSERT INTO "times" VALUES ( 20344, 12860, '14:22:00', '14:22:00', 20 );
INSERT INTO "times" VALUES ( 20344, 12870, '14:24:00', '14:24:00', 20 );
INSERT INTO "times" VALUES ( 20344, 12880, '14:26:00', '14:26:00', 20 );
INSERT INTO "times" VALUES ( 20344, 12890, '14:28:00', '14:28:00', 20 );
INSERT INTO "times" VALUES ( 20344, 12900, '14:29:00', '14:33:00', 20 );
INSERT INTO "times" VALUES ( 20344, 13510, '14:35:00', '14:35:00', 30 );
INSERT INTO "times" VALUES ( 20344, 13520, '14:38:00', NULL, NULL );

INSERT INTO "dias" VALUES ( 20345, 100, FALSE, TRUE, 'Q1205B', 13520, 11510 );
INSERT INTO "dias_line_groups" VALUES ( 20345, 10 );
INSERT INTO "times" VALUES ( 20345, 11510, '14:27:00', NULL, NULL );
INSERT INTO "times" VALUES ( 20345, 11520, '14:24:00', '14:24:00', 10 );
INSERT INTO "times" VALUES ( 20345, 11530, '14:23:00', '14:23:00', 10 );
INSERT INTO "times" VALUES ( 20345, 11540, '14:21:00', '14:21:00', 10 );
INSERT INTO "times" VALUES ( 20345, 12530, '14:20:00', '14:20:00', 10 );
INSERT INTO "times" VALUES ( 20345, 12540, '14:10:00', '14:17:00', 20 );
INSERT INTO "times" VALUES ( 20345, 12550, '14:08:00', '14:08:00', 20 );
INSERT INTO "times" VALUES ( 20345, 12560, '14:06:00', '14:06:00', 20 );
INSERT INTO "times" VALUES ( 20345, 12570, '14:04:00', '14:04:00', 20 );
INSERT INTO "times" VALUES ( 20345, 12580, '14:03:00', '14:03:00', 20 );
INSERT INTO "times" VALUES ( 20345, 12590, '14:02:00', '14:02:00', 20 );
INSERT INTO "times" VALUES ( 20345, 12600, '14:00:00', '14:00:00', 20 );
INSERT INTO "times" VALUES ( 20345, 12610, '13:56:00', '13:59:00', 20 );
INSERT INTO "times" VALUES ( 20345, 12620, '13:54:00', '13:54:00', 20 );
INSERT INTO "times" VALUES ( 20345, 12630, '13:52:00', '13:52:00', 20 );
INSERT INTO "times" VALUES ( 20345, 12640, '13:51:00', '13:51:00', 20 );
INSERT INTO "times" VALUES ( 20345, 12650, '13:49:00', '13:49:00', 20 );
INSERT INTO "times" VALUES ( 20345, 12660, '13:45:00', '13:47:00', 20 );
INSERT INTO "times" VALUES ( 20345, 12670, '13:42:00', '13:42:00', 20 );
INSERT INTO "times" VALUES ( 20345, 12680, '13:39:00', '13:40:00', 20 );
INSERT INTO "times" VALUES ( 20345, 12690, '13:37:00', '13:37:00', 20 );
INSERT INTO "times" VALUES ( 20345, 12700, '13:34:00', '13:34:00', 20 );
INSERT INTO "times" VALUES ( 20345, 12710, '13:27:00', '13:32:00', 20 );
INSERT INTO "times" VALUES ( 20345, 12720, '13:24:00', '13:24:00', 20 );
INSERT INTO "times" VALUES ( 20345, 12730, '13:22:00', '13:22:00', 20 );
INSERT INTO "times" VALUES ( 20345, 12740, '13:20:00', '13:20:00', 20 );
INSERT INTO "times" VALUES ( 20345, 12750, '13:16:00', '13:16:00', 20 );
INSERT INTO "times" VALUES ( 20345, 12760, '13:14:00', '13:14:00', 20 );
INSERT INTO "times" VALUES ( 20345, 12770, '13:10:00', '13:10:00', 20 );
INSERT INTO "times" VALUES ( 20345, 12780, '13:05:00', '13:05:00', 20 );
INSERT INTO "times" VALUES ( 20345, 12790, '13:03:00', '13:03:00', 20 );
INSERT INTO "times" VALUES ( 20345, 12800, '12:58:00', '13:01:00', 20 );
INSERT INTO "times" VALUES ( 20345, 12810, '12:56:00', '12:56:00', 20 );
INSERT INTO "times" VALUES ( 20345, 12820, '12:54:00', '12:54:00', 20 );
INSERT INTO "times" VALUES ( 20345, 12830, '12:53:00', '12:53:00', 20 );
INSERT INTO "times" VALUES ( 20345, 12840, '12:51:00', '12:51:00', 20 );
INSERT INTO "times" VALUES ( 20345, 12850, '12:49:00', '12:49:00', 20 );
INSERT INTO "times" VALUES ( 20345, 12860, '12:48:00', '12:48:00', 20 );
INSERT INTO "times" VALUES ( 20345, 12870, '12:46:00', '12:46:00', 20 );
INSERT INTO "times" VALUES ( 20345, 12880, '12:44:00', '12:44:00', 20 );
INSERT INTO "times" VALUES ( 20345, 12890, '12:42:00', '12:42:00', 20 );
INSERT INTO "times" VALUES ( 20345, 12900, '12:37:00', '12:41:00', 20 );
INSERT INTO "times" VALUES ( 20345, 13510, '12:35:00', '12:35:00', 30 );
INSERT INTO "times" VALUES ( 20345, 13520, NULL, '12:33:00', 30 );

INSERT INTO "dias" VALUES ( 20346, 100, FALSE, TRUE, 'Q1206Z', 11510, 13520 );
INSERT INTO "dias_line_groups" VALUES ( 20346, 10 );
INSERT INTO "times" VALUES ( 20346, 11510, NULL, '12:54:00', 10 );
INSERT INTO "times" VALUES ( 20346, 11520, '12:55:00', '12:55:00', 10 );
INSERT INTO "times" VALUES ( 20346, 11530, '12:57:00', '12:57:00', 10 );
INSERT INTO "times" VALUES ( 20346, 11540, '12:59:00', '12:59:00', 10 );
INSERT INTO "times" VALUES ( 20346, 12530, '13:01:00', '13:02:00', 20 );
INSERT INTO "times" VALUES ( 20346, 12540, '13:04:00', '13:11:00', 20 );
INSERT INTO "times" VALUES ( 20346, 12550, '13:13:00', '13:13:00', 20 );
INSERT INTO "times" VALUES ( 20346, 12560, '13:15:00', '13:15:00', 20 );
INSERT INTO "times" VALUES ( 20346, 12570, '13:16:00', '13:16:00', 20 );
INSERT INTO "times" VALUES ( 20346, 12580, '13:18:00', '13:18:00', 20 );
INSERT INTO "times" VALUES ( 20346, 12590, '13:19:00', '13:19:00', 20 );
INSERT INTO "times" VALUES ( 20346, 12600, '13:20:00', '13:20:00', 20 );
INSERT INTO "times" VALUES ( 20346, 12610, '13:22:00', '13:25:00', 20 );
INSERT INTO "times" VALUES ( 20346, 12620, '13:27:00', '13:27:00', 20 );
INSERT INTO "times" VALUES ( 20346, 12630, '13:28:00', '13:28:00', 20 );
INSERT INTO "times" VALUES ( 20346, 12640, '13:30:00', '13:30:00', 20 );
INSERT INTO "times" VALUES ( 20346, 12650, '13:32:00', '13:32:00', 20 );
INSERT INTO "times" VALUES ( 20346, 12660, '13:34:00', '13:36:00', 20 );
INSERT INTO "times" VALUES ( 20346, 12670, '13:38:00', '13:38:00', 20 );
INSERT INTO "times" VALUES ( 20346, 12680, '13:42:00', '13:48:00', 20 );
INSERT INTO "times" VALUES ( 20346, 12690, '13:50:00', '13:50:00', 20 );
INSERT INTO "times" VALUES ( 20346, 12700, '13:52:00', '13:52:00', 20 );
INSERT INTO "times" VALUES ( 20346, 12710, '13:55:00', '13:55:00', 20 );
INSERT INTO "times" VALUES ( 20346, 12720, '13:56:00', '13:56:00', 20 );
INSERT INTO "times" VALUES ( 20346, 12730, '13:59:00', '13:59:00', 20 );
INSERT INTO "times" VALUES ( 20346, 12740, '14:02:00', '14:02:00', 20 );
INSERT INTO "times" VALUES ( 20346, 12750, '14:05:00', '14:05:00', 20 );
INSERT INTO "times" VALUES ( 20346, 12760, '14:08:00', '14:08:00', 20 );
INSERT INTO "times" VALUES ( 20346, 12770, '14:12:00', '14:12:00', 20 );
INSERT INTO "times" VALUES ( 20346, 12780, '14:16:00', '14:16:00', 20 );
INSERT INTO "times" VALUES ( 20346, 12790, '14:17:00', '14:17:00', 20 );
INSERT INTO "times" VALUES ( 20346, 12800, '14:19:00', '14:23:00', 20 );
INSERT INTO "times" VALUES ( 20346, 12810, '14:25:00', '14:25:00', 20 );
INSERT INTO "times" VALUES ( 20346, 12820, '14:26:00', '14:26:00', 20 );
INSERT INTO "times" VALUES ( 20346, 12830, '14:28:00', '14:28:00', 20 );
INSERT INTO "times" VALUES ( 20346, 12840, '14:29:00', '14:29:00', 20 );
INSERT INTO "times" VALUES ( 20346, 12850, '14:31:00', '14:31:00', 20 );
INSERT INTO "times" VALUES ( 20346, 12860, '14:32:00', '14:32:00', 20 );
INSERT INTO "times" VALUES ( 20346, 12870, '14:34:00', '14:34:00', 20 );
INSERT INTO "times" VALUES ( 20346, 12880, '14:36:00', '14:36:00', 20 );
INSERT INTO "times" VALUES ( 20346, 12890, '14:38:00', '14:38:00', 20 );
INSERT INTO "times" VALUES ( 20346, 12900, '14:39:00', '14:43:00', 20 );
INSERT INTO "times" VALUES ( 20346, 13510, '14:45:00', '14:45:00', 30 );
INSERT INTO "times" VALUES ( 20346, 13520, '14:48:00', NULL, NULL );

INSERT INTO "dias" VALUES ( 20347, 100, FALSE, TRUE, 'Q1207B', 13520, 11510 );
INSERT INTO "dias_line_groups" VALUES ( 20347, 10 );
INSERT INTO "times" VALUES ( 20347, 11510, '14:47:00', NULL, NULL );
INSERT INTO "times" VALUES ( 20347, 11520, '14:45:00', '14:45:00', 10 );
INSERT INTO "times" VALUES ( 20347, 11530, '14:43:00', '14:43:00', 10 );
INSERT INTO "times" VALUES ( 20347, 11540, '14:42:00', '14:42:00', 10 );
INSERT INTO "times" VALUES ( 20347, 12530, '14:40:00', '14:40:00', 10 );
INSERT INTO "times" VALUES ( 20347, 12540, '14:30:00', '14:37:00', 20 );
INSERT INTO "times" VALUES ( 20347, 12550, '14:28:00', '14:28:00', 20 );
INSERT INTO "times" VALUES ( 20347, 12560, '14:26:00', '14:26:00', 20 );
INSERT INTO "times" VALUES ( 20347, 12570, '14:24:00', '14:24:00', 20 );
INSERT INTO "times" VALUES ( 20347, 12580, '14:23:00', '14:23:00', 20 );
INSERT INTO "times" VALUES ( 20347, 12590, '14:22:00', '14:22:00', 20 );
INSERT INTO "times" VALUES ( 20347, 12600, '14:20:00', '14:20:00', 20 );
INSERT INTO "times" VALUES ( 20347, 12610, '14:16:00', '14:19:00', 20 );
INSERT INTO "times" VALUES ( 20347, 12620, '14:14:00', '14:14:00', 20 );
INSERT INTO "times" VALUES ( 20347, 12630, '14:12:00', '14:12:00', 20 );
INSERT INTO "times" VALUES ( 20347, 12640, '14:11:00', '14:11:00', 20 );
INSERT INTO "times" VALUES ( 20347, 12650, '14:09:00', '14:09:00', 20 );
INSERT INTO "times" VALUES ( 20347, 12660, '14:05:00', '14:07:00', 20 );
INSERT INTO "times" VALUES ( 20347, 12670, '14:02:00', '14:02:00', 20 );
INSERT INTO "times" VALUES ( 20347, 12680, '13:54:00', '13:59:00', 20 );
INSERT INTO "times" VALUES ( 20347, 12690, '13:51:00', '13:51:00', 20 );
INSERT INTO "times" VALUES ( 20347, 12700, '13:49:00', '13:49:00', 20 );
INSERT INTO "times" VALUES ( 20347, 12710, '13:47:00', '13:47:00', 20 );
INSERT INTO "times" VALUES ( 20347, 12720, '13:44:00', '13:44:00', 20 );
INSERT INTO "times" VALUES ( 20347, 12730, '13:42:00', '13:42:00', 20 );
INSERT INTO "times" VALUES ( 20347, 12740, '13:40:00', '13:40:00', 20 );
INSERT INTO "times" VALUES ( 20347, 12750, '13:36:00', '13:36:00', 20 );
INSERT INTO "times" VALUES ( 20347, 12760, '13:34:00', '13:34:00', 20 );
INSERT INTO "times" VALUES ( 20347, 12770, '13:30:00', '13:30:00', 20 );
INSERT INTO "times" VALUES ( 20347, 12780, '13:25:00', '13:25:00', 20 );
INSERT INTO "times" VALUES ( 20347, 12790, '13:23:00', '13:23:00', 20 );
INSERT INTO "times" VALUES ( 20347, 12800, '13:18:00', '13:21:00', 20 );
INSERT INTO "times" VALUES ( 20347, 12810, '13:16:00', '13:16:00', 20 );
INSERT INTO "times" VALUES ( 20347, 12820, '13:14:00', '13:14:00', 20 );
INSERT INTO "times" VALUES ( 20347, 12830, '13:13:00', '13:13:00', 20 );
INSERT INTO "times" VALUES ( 20347, 12840, '13:11:00', '13:11:00', 20 );
INSERT INTO "times" VALUES ( 20347, 12850, '13:09:00', '13:09:00', 20 );
INSERT INTO "times" VALUES ( 20347, 12860, '13:08:00', '13:08:00', 20 );
INSERT INTO "times" VALUES ( 20347, 12870, '13:06:00', '13:06:00', 20 );
INSERT INTO "times" VALUES ( 20347, 12880, '13:04:00', '13:04:00', 20 );
INSERT INTO "times" VALUES ( 20347, 12890, '13:02:00', '13:02:00', 20 );
INSERT INTO "times" VALUES ( 20347, 12900, '12:57:00', '13:01:00', 20 );
INSERT INTO "times" VALUES ( 20347, 13510, '12:55:00', '12:55:00', 30 );
INSERT INTO "times" VALUES ( 20347, 13520, NULL, '12:53:00', 30 );

INSERT INTO "dias" VALUES ( 20348, 100, FALSE, TRUE, 'Q1300Z', 11510, 13520 );
INSERT INTO "dias_line_groups" VALUES ( 20348, 10 );
INSERT INTO "times" VALUES ( 20348, 11510, NULL, '13:14:00', 10 );
INSERT INTO "times" VALUES ( 20348, 11520, '13:15:00', '13:15:00', 10 );
INSERT INTO "times" VALUES ( 20348, 11530, '13:17:00', '13:17:00', 10 );
INSERT INTO "times" VALUES ( 20348, 11540, '13:19:00', '13:19:00', 10 );
INSERT INTO "times" VALUES ( 20348, 12530, '13:21:00', '13:22:00', 20 );
INSERT INTO "times" VALUES ( 20348, 12540, '13:24:00', '13:31:00', 20 );
INSERT INTO "times" VALUES ( 20348, 12550, '13:33:00', '13:33:00', 20 );
INSERT INTO "times" VALUES ( 20348, 12560, '13:35:00', '13:35:00', 20 );
INSERT INTO "times" VALUES ( 20348, 12570, '13:36:00', '13:36:00', 20 );
INSERT INTO "times" VALUES ( 20348, 12580, '13:38:00', '13:38:00', 20 );
INSERT INTO "times" VALUES ( 20348, 12590, '13:39:00', '13:39:00', 20 );
INSERT INTO "times" VALUES ( 20348, 12600, '13:40:00', '13:40:00', 20 );
INSERT INTO "times" VALUES ( 20348, 12610, '13:42:00', '13:45:00', 20 );
INSERT INTO "times" VALUES ( 20348, 12620, '13:47:00', '13:47:00', 20 );
INSERT INTO "times" VALUES ( 20348, 12630, '13:48:00', '13:48:00', 20 );
INSERT INTO "times" VALUES ( 20348, 12640, '13:50:00', '13:50:00', 20 );
INSERT INTO "times" VALUES ( 20348, 12650, '13:52:00', '13:52:00', 20 );
INSERT INTO "times" VALUES ( 20348, 12660, '13:54:00', '13:56:00', 20 );
INSERT INTO "times" VALUES ( 20348, 12670, '13:59:00', '13:59:00', 20 );
INSERT INTO "times" VALUES ( 20348, 12680, '14:01:00', '14:02:00', 20 );
INSERT INTO "times" VALUES ( 20348, 12690, '14:04:00', '14:04:00', 20 );
INSERT INTO "times" VALUES ( 20348, 12700, '14:06:00', '14:06:00', 20 );
INSERT INTO "times" VALUES ( 20348, 12710, '14:08:00', '14:14:00', 20 );
INSERT INTO "times" VALUES ( 20348, 12720, '14:16:00', '14:16:00', 20 );
INSERT INTO "times" VALUES ( 20348, 12730, '14:18:00', '14:18:00', 20 );
INSERT INTO "times" VALUES ( 20348, 12740, '14:21:00', '14:22:00', 20 );
INSERT INTO "times" VALUES ( 20348, 12750, '14:25:00', '14:25:00', 20 );
INSERT INTO "times" VALUES ( 20348, 12760, '14:28:00', '14:28:00', 20 );
INSERT INTO "times" VALUES ( 20348, 12770, '14:32:00', '14:32:00', 20 );
INSERT INTO "times" VALUES ( 20348, 12780, '14:36:00', '14:36:00', 20 );
INSERT INTO "times" VALUES ( 20348, 12790, '14:37:00', '14:37:00', 20 );
INSERT INTO "times" VALUES ( 20348, 12800, '14:39:00', '14:43:00', 20 );
INSERT INTO "times" VALUES ( 20348, 12810, '14:45:00', '14:45:00', 20 );
INSERT INTO "times" VALUES ( 20348, 12820, '14:46:00', '14:46:00', 20 );
INSERT INTO "times" VALUES ( 20348, 12830, '14:48:00', '14:48:00', 20 );
INSERT INTO "times" VALUES ( 20348, 12840, '14:49:00', '14:49:00', 20 );
INSERT INTO "times" VALUES ( 20348, 12850, '14:51:00', '14:51:00', 20 );
INSERT INTO "times" VALUES ( 20348, 12860, '14:52:00', '14:52:00', 20 );
INSERT INTO "times" VALUES ( 20348, 12870, '14:54:00', '14:54:00', 20 );
INSERT INTO "times" VALUES ( 20348, 12880, '14:56:00', '14:56:00', 20 );
INSERT INTO "times" VALUES ( 20348, 12890, '14:58:00', '14:58:00', 20 );
INSERT INTO "times" VALUES ( 20348, 12900, '14:59:00', '15:03:00', 20 );
INSERT INTO "times" VALUES ( 20348, 13510, '15:05:00', '15:05:00', 30 );
INSERT INTO "times" VALUES ( 20348, 13520, '15:08:00', NULL, NULL );

INSERT INTO "dias" VALUES ( 20349, 100, FALSE, TRUE, 'Q1301B', 13520, 11510 );
INSERT INTO "dias_line_groups" VALUES ( 20349, 10 );
INSERT INTO "times" VALUES ( 20349, 11510, '14:57:00', NULL, NULL );
INSERT INTO "times" VALUES ( 20349, 11520, '14:54:00', '14:54:00', 10 );
INSERT INTO "times" VALUES ( 20349, 11530, '14:53:00', '14:53:00', 10 );
INSERT INTO "times" VALUES ( 20349, 11540, '14:51:00', '14:51:00', 10 );
INSERT INTO "times" VALUES ( 20349, 12530, '14:50:00', '14:50:00', 10 );
INSERT INTO "times" VALUES ( 20349, 12540, '14:40:00', '14:47:00', 20 );
INSERT INTO "times" VALUES ( 20349, 12550, '14:38:00', '14:38:00', 20 );
INSERT INTO "times" VALUES ( 20349, 12560, '14:36:00', '14:36:00', 20 );
INSERT INTO "times" VALUES ( 20349, 12570, '14:34:00', '14:34:00', 20 );
INSERT INTO "times" VALUES ( 20349, 12580, '14:33:00', '14:33:00', 20 );
INSERT INTO "times" VALUES ( 20349, 12590, '14:32:00', '14:32:00', 20 );
INSERT INTO "times" VALUES ( 20349, 12600, '14:30:00', '14:30:00', 20 );
INSERT INTO "times" VALUES ( 20349, 12610, '14:26:00', '14:29:00', 20 );
INSERT INTO "times" VALUES ( 20349, 12620, '14:24:00', '14:24:00', 20 );
INSERT INTO "times" VALUES ( 20349, 12630, '14:22:00', '14:22:00', 20 );
INSERT INTO "times" VALUES ( 20349, 12640, '14:21:00', '14:21:00', 20 );
INSERT INTO "times" VALUES ( 20349, 12650, '14:19:00', '14:19:00', 20 );
INSERT INTO "times" VALUES ( 20349, 12660, '14:15:00', '14:17:00', 20 );
INSERT INTO "times" VALUES ( 20349, 12670, '14:12:00', '14:12:00', 20 );
INSERT INTO "times" VALUES ( 20349, 12680, '14:08:00', '14:10:00', 20 );
INSERT INTO "times" VALUES ( 20349, 12690, '14:06:00', '14:06:00', 20 );
INSERT INTO "times" VALUES ( 20349, 12700, '14:04:00', '14:04:00', 20 );
INSERT INTO "times" VALUES ( 20349, 12710, '13:57:00', '14:02:00', 20 );
INSERT INTO "times" VALUES ( 20349, 12720, '13:54:00', '13:54:00', 20 );
INSERT INTO "times" VALUES ( 20349, 12730, '13:52:00', '13:52:00', 20 );
INSERT INTO "times" VALUES ( 20349, 12740, '13:50:00', '13:50:00', 20 );
INSERT INTO "times" VALUES ( 20349, 12750, '13:46:00', '13:46:00', 20 );
INSERT INTO "times" VALUES ( 20349, 12760, '13:44:00', '13:44:00', 20 );
INSERT INTO "times" VALUES ( 20349, 12770, '13:40:00', '13:40:00', 20 );
INSERT INTO "times" VALUES ( 20349, 12780, '13:35:00', '13:35:00', 20 );
INSERT INTO "times" VALUES ( 20349, 12790, '13:33:00', '13:33:00', 20 );
INSERT INTO "times" VALUES ( 20349, 12800, '13:28:00', '13:31:00', 20 );
INSERT INTO "times" VALUES ( 20349, 12810, '13:26:00', '13:26:00', 20 );
INSERT INTO "times" VALUES ( 20349, 12820, '13:24:00', '13:24:00', 20 );
INSERT INTO "times" VALUES ( 20349, 12830, '13:23:00', '13:23:00', 20 );
INSERT INTO "times" VALUES ( 20349, 12840, '13:21:00', '13:21:00', 20 );
INSERT INTO "times" VALUES ( 20349, 12850, '13:19:00', '13:19:00', 20 );
INSERT INTO "times" VALUES ( 20349, 12860, '13:18:00', '13:18:00', 20 );
INSERT INTO "times" VALUES ( 20349, 12870, '13:16:00', '13:16:00', 20 );
INSERT INTO "times" VALUES ( 20349, 12880, '13:14:00', '13:14:00', 20 );
INSERT INTO "times" VALUES ( 20349, 12890, '13:12:00', '13:12:00', 20 );
INSERT INTO "times" VALUES ( 20349, 12900, '13:07:00', '13:11:00', 20 );
INSERT INTO "times" VALUES ( 20349, 13510, '13:05:00', '13:05:00', 30 );
INSERT INTO "times" VALUES ( 20349, 13520, NULL, '13:03:00', 30 );

INSERT INTO "dias" VALUES ( 20350, 100, FALSE, TRUE, 'Q1302Z', 11510, 13520 );
INSERT INTO "dias_line_groups" VALUES ( 20350, 10 );
INSERT INTO "times" VALUES ( 20350, 11510, NULL, '13:24:00', 10 );
INSERT INTO "times" VALUES ( 20350, 11520, '13:25:00', '13:25:00', 10 );
INSERT INTO "times" VALUES ( 20350, 11530, '13:27:00', '13:27:00', 10 );
INSERT INTO "times" VALUES ( 20350, 11540, '13:29:00', '13:29:00', 10 );
INSERT INTO "times" VALUES ( 20350, 12530, '13:31:00', '13:32:00', 20 );
INSERT INTO "times" VALUES ( 20350, 12540, '13:34:00', '13:41:00', 20 );
INSERT INTO "times" VALUES ( 20350, 12550, '13:43:00', '13:43:00', 20 );
INSERT INTO "times" VALUES ( 20350, 12560, '13:45:00', '13:45:00', 20 );
INSERT INTO "times" VALUES ( 20350, 12570, '13:46:00', '13:46:00', 20 );
INSERT INTO "times" VALUES ( 20350, 12580, '13:48:00', '13:48:00', 20 );
INSERT INTO "times" VALUES ( 20350, 12590, '13:49:00', '13:49:00', 20 );
INSERT INTO "times" VALUES ( 20350, 12600, '13:50:00', '13:50:00', 20 );
INSERT INTO "times" VALUES ( 20350, 12610, '13:52:00', '13:55:00', 20 );
INSERT INTO "times" VALUES ( 20350, 12620, '13:57:00', '13:57:00', 20 );
INSERT INTO "times" VALUES ( 20350, 12630, '13:58:00', '13:58:00', 20 );
INSERT INTO "times" VALUES ( 20350, 12640, '14:00:00', '14:00:00', 20 );
INSERT INTO "times" VALUES ( 20350, 12650, '14:02:00', '14:02:00', 20 );
INSERT INTO "times" VALUES ( 20350, 12660, '14:04:00', '14:05:00', 20 );
INSERT INTO "times" VALUES ( 20350, 12670, '14:08:00', '14:08:00', 20 );
INSERT INTO "times" VALUES ( 20350, 12680, '14:12:00', '14:18:00', 20 );
INSERT INTO "times" VALUES ( 20350, 12690, '14:20:00', '14:20:00', 20 );
INSERT INTO "times" VALUES ( 20350, 12700, '14:22:00', '14:22:00', 20 );
INSERT INTO "times" VALUES ( 20350, 12710, '14:25:00', '14:25:00', 20 );
INSERT INTO "times" VALUES ( 20350, 12720, '14:26:00', '14:26:00', 20 );
INSERT INTO "times" VALUES ( 20350, 12730, '14:29:00', '14:29:00', 20 );
INSERT INTO "times" VALUES ( 20350, 12740, '14:32:00', '14:32:00', 20 );
INSERT INTO "times" VALUES ( 20350, 12750, '14:35:00', '14:35:00', 20 );
INSERT INTO "times" VALUES ( 20350, 12760, '14:38:00', '14:38:00', 20 );
INSERT INTO "times" VALUES ( 20350, 12770, '14:42:00', '14:42:00', 20 );
INSERT INTO "times" VALUES ( 20350, 12780, '14:46:00', '14:46:00', 20 );
INSERT INTO "times" VALUES ( 20350, 12790, '14:47:00', '14:47:00', 20 );
INSERT INTO "times" VALUES ( 20350, 12800, '14:49:00', '14:53:00', 20 );
INSERT INTO "times" VALUES ( 20350, 12810, '14:55:00', '14:55:00', 20 );
INSERT INTO "times" VALUES ( 20350, 12820, '14:56:00', '14:56:00', 20 );
INSERT INTO "times" VALUES ( 20350, 12830, '14:58:00', '14:58:00', 20 );
INSERT INTO "times" VALUES ( 20350, 12840, '14:59:00', '14:59:00', 20 );
INSERT INTO "times" VALUES ( 20350, 12850, '15:01:00', '15:01:00', 20 );
INSERT INTO "times" VALUES ( 20350, 12860, '15:02:00', '15:02:00', 20 );
INSERT INTO "times" VALUES ( 20350, 12870, '15:04:00', '15:04:00', 20 );
INSERT INTO "times" VALUES ( 20350, 12880, '15:06:00', '15:06:00', 20 );
INSERT INTO "times" VALUES ( 20350, 12890, '15:08:00', '15:08:00', 20 );
INSERT INTO "times" VALUES ( 20350, 12900, '15:09:00', '15:13:00', 20 );
INSERT INTO "times" VALUES ( 20350, 13510, '15:15:00', '15:15:00', 30 );
INSERT INTO "times" VALUES ( 20350, 13520, '15:18:00', NULL, NULL );

INSERT INTO "dias" VALUES ( 20351, 100, FALSE, TRUE, 'Q1303B', 13520, 11510 );
INSERT INTO "dias_line_groups" VALUES ( 20351, 10 );
INSERT INTO "times" VALUES ( 20351, 11510, '15:17:00', NULL, NULL );
INSERT INTO "times" VALUES ( 20351, 11520, '15:15:00', '15:15:00', 10 );
INSERT INTO "times" VALUES ( 20351, 11530, '15:13:00', '15:13:00', 10 );
INSERT INTO "times" VALUES ( 20351, 11540, '15:12:00', '15:12:00', 10 );
INSERT INTO "times" VALUES ( 20351, 12530, '15:10:00', '15:10:00', 10 );
INSERT INTO "times" VALUES ( 20351, 12540, '15:00:00', '15:07:00', 20 );
INSERT INTO "times" VALUES ( 20351, 12550, '14:58:00', '14:58:00', 20 );
INSERT INTO "times" VALUES ( 20351, 12560, '14:56:00', '14:56:00', 20 );
INSERT INTO "times" VALUES ( 20351, 12570, '14:54:00', '14:54:00', 20 );
INSERT INTO "times" VALUES ( 20351, 12580, '14:53:00', '14:53:00', 20 );
INSERT INTO "times" VALUES ( 20351, 12590, '14:52:00', '14:52:00', 20 );
INSERT INTO "times" VALUES ( 20351, 12600, '14:50:00', '14:50:00', 20 );
INSERT INTO "times" VALUES ( 20351, 12610, '14:46:00', '14:49:00', 20 );
INSERT INTO "times" VALUES ( 20351, 12620, '14:44:00', '14:44:00', 20 );
INSERT INTO "times" VALUES ( 20351, 12630, '14:42:00', '14:42:00', 20 );
INSERT INTO "times" VALUES ( 20351, 12640, '14:41:00', '14:41:00', 20 );
INSERT INTO "times" VALUES ( 20351, 12650, '14:39:00', '14:39:00', 20 );
INSERT INTO "times" VALUES ( 20351, 12660, '14:35:00', '14:37:00', 20 );
INSERT INTO "times" VALUES ( 20351, 12670, '14:32:00', '14:32:00', 20 );
INSERT INTO "times" VALUES ( 20351, 12680, '14:24:00', '14:29:00', 20 );
INSERT INTO "times" VALUES ( 20351, 12690, '14:21:00', '14:21:00', 20 );
INSERT INTO "times" VALUES ( 20351, 12700, '14:19:00', '14:19:00', 20 );
INSERT INTO "times" VALUES ( 20351, 12710, '14:17:00', '14:17:00', 20 );
INSERT INTO "times" VALUES ( 20351, 12720, '14:14:00', '14:14:00', 20 );
INSERT INTO "times" VALUES ( 20351, 12730, '14:12:00', '14:12:00', 20 );
INSERT INTO "times" VALUES ( 20351, 12740, '14:10:00', '14:10:00', 20 );
INSERT INTO "times" VALUES ( 20351, 12750, '14:06:00', '14:06:00', 20 );
INSERT INTO "times" VALUES ( 20351, 12760, '14:04:00', '14:04:00', 20 );
INSERT INTO "times" VALUES ( 20351, 12770, '14:00:00', '14:00:00', 20 );
INSERT INTO "times" VALUES ( 20351, 12780, '13:55:00', '13:55:00', 20 );
INSERT INTO "times" VALUES ( 20351, 12790, '13:53:00', '13:53:00', 20 );
INSERT INTO "times" VALUES ( 20351, 12800, '13:48:00', '13:51:00', 20 );
INSERT INTO "times" VALUES ( 20351, 12810, '13:46:00', '13:46:00', 20 );
INSERT INTO "times" VALUES ( 20351, 12820, '13:44:00', '13:44:00', 20 );
INSERT INTO "times" VALUES ( 20351, 12830, '13:43:00', '13:43:00', 20 );
INSERT INTO "times" VALUES ( 20351, 12840, '13:41:00', '13:41:00', 20 );
INSERT INTO "times" VALUES ( 20351, 12850, '13:39:00', '13:39:00', 20 );
INSERT INTO "times" VALUES ( 20351, 12860, '13:38:00', '13:38:00', 20 );
INSERT INTO "times" VALUES ( 20351, 12870, '13:36:00', '13:36:00', 20 );
INSERT INTO "times" VALUES ( 20351, 12880, '13:34:00', '13:34:00', 20 );
INSERT INTO "times" VALUES ( 20351, 12890, '13:32:00', '13:32:00', 20 );
INSERT INTO "times" VALUES ( 20351, 12900, '13:27:00', '13:31:00', 20 );
INSERT INTO "times" VALUES ( 20351, 13510, '13:25:00', '13:25:00', 30 );
INSERT INTO "times" VALUES ( 20351, 13520, NULL, '13:23:00', 30 );

INSERT INTO "dias" VALUES ( 20352, 100, FALSE, TRUE, 'Q1304Z', 11510, 13520 );
INSERT INTO "dias_line_groups" VALUES ( 20352, 10 );
INSERT INTO "times" VALUES ( 20352, 11510, NULL, '13:44:00', 10 );
INSERT INTO "times" VALUES ( 20352, 11520, '13:45:00', '13:45:00', 10 );
INSERT INTO "times" VALUES ( 20352, 11530, '13:47:00', '13:47:00', 10 );
INSERT INTO "times" VALUES ( 20352, 11540, '13:49:00', '13:49:00', 10 );
INSERT INTO "times" VALUES ( 20352, 12530, '13:51:00', '13:52:00', 20 );
INSERT INTO "times" VALUES ( 20352, 12540, '13:54:00', '14:01:00', 20 );
INSERT INTO "times" VALUES ( 20352, 12550, '14:03:00', '14:03:00', 20 );
INSERT INTO "times" VALUES ( 20352, 12560, '14:05:00', '14:05:00', 20 );
INSERT INTO "times" VALUES ( 20352, 12570, '14:06:00', '14:06:00', 20 );
INSERT INTO "times" VALUES ( 20352, 12580, '14:08:00', '14:08:00', 20 );
INSERT INTO "times" VALUES ( 20352, 12590, '14:09:00', '14:09:00', 20 );
INSERT INTO "times" VALUES ( 20352, 12600, '14:10:00', '14:10:00', 20 );
INSERT INTO "times" VALUES ( 20352, 12610, '14:12:00', '14:15:00', 20 );
INSERT INTO "times" VALUES ( 20352, 12620, '14:17:00', '14:17:00', 20 );
INSERT INTO "times" VALUES ( 20352, 12630, '14:18:00', '14:18:00', 20 );
INSERT INTO "times" VALUES ( 20352, 12640, '14:20:00', '14:20:00', 20 );
INSERT INTO "times" VALUES ( 20352, 12650, '14:22:00', '14:22:00', 20 );
INSERT INTO "times" VALUES ( 20352, 12660, '14:24:00', '14:26:00', 20 );
INSERT INTO "times" VALUES ( 20352, 12670, '14:29:00', '14:29:00', 20 );
INSERT INTO "times" VALUES ( 20352, 12680, '14:31:00', '14:32:00', 20 );
INSERT INTO "times" VALUES ( 20352, 12690, '14:34:00', '14:34:00', 20 );
INSERT INTO "times" VALUES ( 20352, 12700, '14:36:00', '14:36:00', 20 );
INSERT INTO "times" VALUES ( 20352, 12710, '14:38:00', '14:44:00', 20 );
INSERT INTO "times" VALUES ( 20352, 12720, '14:46:00', '14:46:00', 20 );
INSERT INTO "times" VALUES ( 20352, 12730, '14:48:00', '14:48:00', 20 );
INSERT INTO "times" VALUES ( 20352, 12740, '14:51:00', '14:52:00', 20 );
INSERT INTO "times" VALUES ( 20352, 12750, '14:55:00', '14:55:00', 20 );
INSERT INTO "times" VALUES ( 20352, 12760, '14:58:00', '14:58:00', 20 );
INSERT INTO "times" VALUES ( 20352, 12770, '15:02:00', '15:02:00', 20 );
INSERT INTO "times" VALUES ( 20352, 12780, '15:06:00', '15:06:00', 20 );
INSERT INTO "times" VALUES ( 20352, 12790, '15:07:00', '15:07:00', 20 );
INSERT INTO "times" VALUES ( 20352, 12800, '15:09:00', '15:13:00', 20 );
INSERT INTO "times" VALUES ( 20352, 12810, '15:15:00', '15:15:00', 20 );
INSERT INTO "times" VALUES ( 20352, 12820, '15:16:00', '15:16:00', 20 );
INSERT INTO "times" VALUES ( 20352, 12830, '15:18:00', '15:18:00', 20 );
INSERT INTO "times" VALUES ( 20352, 12840, '15:19:00', '15:19:00', 20 );
INSERT INTO "times" VALUES ( 20352, 12850, '15:21:00', '15:21:00', 20 );
INSERT INTO "times" VALUES ( 20352, 12860, '15:22:00', '15:22:00', 20 );
INSERT INTO "times" VALUES ( 20352, 12870, '15:24:00', '15:24:00', 20 );
INSERT INTO "times" VALUES ( 20352, 12880, '15:26:00', '15:26:00', 20 );
INSERT INTO "times" VALUES ( 20352, 12890, '15:28:00', '15:28:00', 20 );
INSERT INTO "times" VALUES ( 20352, 12900, '15:29:00', '15:33:00', 20 );
INSERT INTO "times" VALUES ( 20352, 13510, '15:34:00', '15:34:00', 30 );
INSERT INTO "times" VALUES ( 20352, 13520, '15:37:00', NULL, NULL );

INSERT INTO "dias" VALUES ( 20353, 100, FALSE, TRUE, 'Q1305B', 13520, 11510 );
INSERT INTO "dias_line_groups" VALUES ( 20353, 10 );
INSERT INTO "times" VALUES ( 20353, 11510, '15:27:00', NULL, NULL );
INSERT INTO "times" VALUES ( 20353, 11520, '15:24:00', '15:24:00', 10 );
INSERT INTO "times" VALUES ( 20353, 11530, '15:23:00', '15:23:00', 10 );
INSERT INTO "times" VALUES ( 20353, 11540, '15:21:00', '15:21:00', 10 );
INSERT INTO "times" VALUES ( 20353, 12530, '15:20:00', '15:20:00', 10 );
INSERT INTO "times" VALUES ( 20353, 12540, '15:10:00', '15:17:00', 20 );
INSERT INTO "times" VALUES ( 20353, 12550, '15:08:00', '15:08:00', 20 );
INSERT INTO "times" VALUES ( 20353, 12560, '15:06:00', '15:06:00', 20 );
INSERT INTO "times" VALUES ( 20353, 12570, '15:04:00', '15:04:00', 20 );
INSERT INTO "times" VALUES ( 20353, 12580, '15:03:00', '15:03:00', 20 );
INSERT INTO "times" VALUES ( 20353, 12590, '15:02:00', '15:02:00', 20 );
INSERT INTO "times" VALUES ( 20353, 12600, '15:00:00', '15:00:00', 20 );
INSERT INTO "times" VALUES ( 20353, 12610, '14:56:00', '14:59:00', 20 );
INSERT INTO "times" VALUES ( 20353, 12620, '14:54:00', '14:54:00', 20 );
INSERT INTO "times" VALUES ( 20353, 12630, '14:52:00', '14:52:00', 20 );
INSERT INTO "times" VALUES ( 20353, 12640, '14:51:00', '14:51:00', 20 );
INSERT INTO "times" VALUES ( 20353, 12650, '14:49:00', '14:49:00', 20 );
INSERT INTO "times" VALUES ( 20353, 12660, '14:45:00', '14:47:00', 20 );
INSERT INTO "times" VALUES ( 20353, 12670, '14:42:00', '14:42:00', 20 );
INSERT INTO "times" VALUES ( 20353, 12680, '14:39:00', '14:40:00', 20 );
INSERT INTO "times" VALUES ( 20353, 12690, '14:37:00', '14:37:00', 20 );
INSERT INTO "times" VALUES ( 20353, 12700, '14:34:00', '14:34:00', 20 );
INSERT INTO "times" VALUES ( 20353, 12710, '14:27:00', '14:32:00', 20 );
INSERT INTO "times" VALUES ( 20353, 12720, '14:24:00', '14:24:00', 20 );
INSERT INTO "times" VALUES ( 20353, 12730, '14:22:00', '14:22:00', 20 );
INSERT INTO "times" VALUES ( 20353, 12740, '14:20:00', '14:20:00', 20 );
INSERT INTO "times" VALUES ( 20353, 12750, '14:16:00', '14:16:00', 20 );
INSERT INTO "times" VALUES ( 20353, 12760, '14:14:00', '14:14:00', 20 );
INSERT INTO "times" VALUES ( 20353, 12770, '14:10:00', '14:10:00', 20 );
INSERT INTO "times" VALUES ( 20353, 12780, '14:05:00', '14:05:00', 20 );
INSERT INTO "times" VALUES ( 20353, 12790, '14:03:00', '14:03:00', 20 );
INSERT INTO "times" VALUES ( 20353, 12800, '13:58:00', '14:01:00', 20 );
INSERT INTO "times" VALUES ( 20353, 12810, '13:56:00', '13:56:00', 20 );
INSERT INTO "times" VALUES ( 20353, 12820, '13:54:00', '13:54:00', 20 );
INSERT INTO "times" VALUES ( 20353, 12830, '13:53:00', '13:53:00', 20 );
INSERT INTO "times" VALUES ( 20353, 12840, '13:51:00', '13:51:00', 20 );
INSERT INTO "times" VALUES ( 20353, 12850, '13:49:00', '13:49:00', 20 );
INSERT INTO "times" VALUES ( 20353, 12860, '13:48:00', '13:48:00', 20 );
INSERT INTO "times" VALUES ( 20353, 12870, '13:46:00', '13:46:00', 20 );
INSERT INTO "times" VALUES ( 20353, 12880, '13:44:00', '13:44:00', 20 );
INSERT INTO "times" VALUES ( 20353, 12890, '13:42:00', '13:42:00', 20 );
INSERT INTO "times" VALUES ( 20353, 12900, '13:37:00', '13:41:00', 20 );
INSERT INTO "times" VALUES ( 20353, 13510, '13:35:00', '13:35:00', 30 );
INSERT INTO "times" VALUES ( 20353, 13520, NULL, '13:33:00', 30 );

INSERT INTO "dias" VALUES ( 20354, 100, FALSE, TRUE, 'Q1306Z', 11510, 13520 );
INSERT INTO "dias_line_groups" VALUES ( 20354, 10 );
INSERT INTO "times" VALUES ( 20354, 11510, NULL, '13:54:00', 10 );
INSERT INTO "times" VALUES ( 20354, 11520, '13:55:00', '13:55:00', 10 );
INSERT INTO "times" VALUES ( 20354, 11530, '13:57:00', '13:57:00', 10 );
INSERT INTO "times" VALUES ( 20354, 11540, '13:59:00', '13:59:00', 10 );
INSERT INTO "times" VALUES ( 20354, 12530, '14:01:00', '14:02:00', 20 );
INSERT INTO "times" VALUES ( 20354, 12540, '14:04:00', '14:11:00', 20 );
INSERT INTO "times" VALUES ( 20354, 12550, '14:13:00', '14:13:00', 20 );
INSERT INTO "times" VALUES ( 20354, 12560, '14:15:00', '14:15:00', 20 );
INSERT INTO "times" VALUES ( 20354, 12570, '14:16:00', '14:16:00', 20 );
INSERT INTO "times" VALUES ( 20354, 12580, '14:18:00', '14:18:00', 20 );
INSERT INTO "times" VALUES ( 20354, 12590, '14:19:00', '14:19:00', 20 );
INSERT INTO "times" VALUES ( 20354, 12600, '14:20:00', '14:20:00', 20 );
INSERT INTO "times" VALUES ( 20354, 12610, '14:22:00', '14:25:00', 20 );
INSERT INTO "times" VALUES ( 20354, 12620, '14:27:00', '14:27:00', 20 );
INSERT INTO "times" VALUES ( 20354, 12630, '14:28:00', '14:28:00', 20 );
INSERT INTO "times" VALUES ( 20354, 12640, '14:30:00', '14:30:00', 20 );
INSERT INTO "times" VALUES ( 20354, 12650, '14:32:00', '14:32:00', 20 );
INSERT INTO "times" VALUES ( 20354, 12660, '14:34:00', '14:35:00', 20 );
INSERT INTO "times" VALUES ( 20354, 12670, '14:38:00', '14:38:00', 20 );
INSERT INTO "times" VALUES ( 20354, 12680, '14:42:00', '14:48:00', 20 );
INSERT INTO "times" VALUES ( 20354, 12690, '14:50:00', '14:50:00', 20 );
INSERT INTO "times" VALUES ( 20354, 12700, '14:52:00', '14:52:00', 20 );
INSERT INTO "times" VALUES ( 20354, 12710, '14:55:00', '14:55:00', 20 );
INSERT INTO "times" VALUES ( 20354, 12720, '14:56:00', '14:56:00', 20 );
INSERT INTO "times" VALUES ( 20354, 12730, '14:59:00', '14:59:00', 20 );
INSERT INTO "times" VALUES ( 20354, 12740, '15:02:00', '15:02:00', 20 );
INSERT INTO "times" VALUES ( 20354, 12750, '15:05:00', '15:05:00', 20 );
INSERT INTO "times" VALUES ( 20354, 12760, '15:08:00', '15:08:00', 20 );
INSERT INTO "times" VALUES ( 20354, 12770, '15:12:00', '15:12:00', 20 );
INSERT INTO "times" VALUES ( 20354, 12780, '15:16:00', '15:16:00', 20 );
INSERT INTO "times" VALUES ( 20354, 12790, '15:17:00', '15:17:00', 20 );
INSERT INTO "times" VALUES ( 20354, 12800, '15:19:00', '15:23:00', 20 );
INSERT INTO "times" VALUES ( 20354, 12810, '15:25:00', '15:25:00', 20 );
INSERT INTO "times" VALUES ( 20354, 12820, '15:26:00', '15:26:00', 20 );
INSERT INTO "times" VALUES ( 20354, 12830, '15:28:00', '15:28:00', 20 );
INSERT INTO "times" VALUES ( 20354, 12840, '15:29:00', '15:29:00', 20 );
INSERT INTO "times" VALUES ( 20354, 12850, '15:31:00', '15:31:00', 20 );
INSERT INTO "times" VALUES ( 20354, 12860, '15:32:00', '15:32:00', 20 );
INSERT INTO "times" VALUES ( 20354, 12870, '15:34:00', '15:34:00', 20 );
INSERT INTO "times" VALUES ( 20354, 12880, '15:36:00', '15:36:00', 20 );
INSERT INTO "times" VALUES ( 20354, 12890, '15:38:00', '15:38:00', 20 );
INSERT INTO "times" VALUES ( 20354, 12900, '15:39:00', '15:44:00', 20 );
INSERT INTO "times" VALUES ( 20354, 13510, '15:46:00', '15:46:00', 30 );
INSERT INTO "times" VALUES ( 20354, 13520, '15:49:00', NULL, NULL );

INSERT INTO "dias" VALUES ( 20355, 100, FALSE, TRUE, 'Q1307B', 13520, 11510 );
INSERT INTO "dias_line_groups" VALUES ( 20355, 10 );
INSERT INTO "times" VALUES ( 20355, 11510, '15:47:00', NULL, NULL );
INSERT INTO "times" VALUES ( 20355, 11520, '15:45:00', '15:45:00', 10 );
INSERT INTO "times" VALUES ( 20355, 11530, '15:43:00', '15:43:00', 10 );
INSERT INTO "times" VALUES ( 20355, 11540, '15:42:00', '15:42:00', 10 );
INSERT INTO "times" VALUES ( 20355, 12530, '15:40:00', '15:40:00', 10 );
INSERT INTO "times" VALUES ( 20355, 12540, '15:30:00', '15:37:00', 20 );
INSERT INTO "times" VALUES ( 20355, 12550, '15:28:00', '15:28:00', 20 );
INSERT INTO "times" VALUES ( 20355, 12560, '15:26:00', '15:26:00', 20 );
INSERT INTO "times" VALUES ( 20355, 12570, '15:24:00', '15:24:00', 20 );
INSERT INTO "times" VALUES ( 20355, 12580, '15:23:00', '15:23:00', 20 );
INSERT INTO "times" VALUES ( 20355, 12590, '15:22:00', '15:22:00', 20 );
INSERT INTO "times" VALUES ( 20355, 12600, '15:20:00', '15:20:00', 20 );
INSERT INTO "times" VALUES ( 20355, 12610, '15:16:00', '15:19:00', 20 );
INSERT INTO "times" VALUES ( 20355, 12620, '15:14:00', '15:14:00', 20 );
INSERT INTO "times" VALUES ( 20355, 12630, '15:12:00', '15:12:00', 20 );
INSERT INTO "times" VALUES ( 20355, 12640, '15:11:00', '15:11:00', 20 );
INSERT INTO "times" VALUES ( 20355, 12650, '15:09:00', '15:09:00', 20 );
INSERT INTO "times" VALUES ( 20355, 12660, '15:05:00', '15:07:00', 20 );
INSERT INTO "times" VALUES ( 20355, 12670, '15:02:00', '15:02:00', 20 );
INSERT INTO "times" VALUES ( 20355, 12680, '14:54:00', '14:59:00', 20 );
INSERT INTO "times" VALUES ( 20355, 12690, '14:51:00', '14:51:00', 20 );
INSERT INTO "times" VALUES ( 20355, 12700, '14:49:00', '14:49:00', 20 );
INSERT INTO "times" VALUES ( 20355, 12710, '14:47:00', '14:47:00', 20 );
INSERT INTO "times" VALUES ( 20355, 12720, '14:44:00', '14:44:00', 20 );
INSERT INTO "times" VALUES ( 20355, 12730, '14:42:00', '14:42:00', 20 );
INSERT INTO "times" VALUES ( 20355, 12740, '14:40:00', '14:40:00', 20 );
INSERT INTO "times" VALUES ( 20355, 12750, '14:36:00', '14:36:00', 20 );
INSERT INTO "times" VALUES ( 20355, 12760, '14:34:00', '14:34:00', 20 );
INSERT INTO "times" VALUES ( 20355, 12770, '14:30:00', '14:30:00', 20 );
INSERT INTO "times" VALUES ( 20355, 12780, '14:25:00', '14:25:00', 20 );
INSERT INTO "times" VALUES ( 20355, 12790, '14:23:00', '14:23:00', 20 );
INSERT INTO "times" VALUES ( 20355, 12800, '14:18:00', '14:21:00', 20 );
INSERT INTO "times" VALUES ( 20355, 12810, '14:16:00', '14:16:00', 20 );
INSERT INTO "times" VALUES ( 20355, 12820, '14:14:00', '14:14:00', 20 );
INSERT INTO "times" VALUES ( 20355, 12830, '14:13:00', '14:13:00', 20 );
INSERT INTO "times" VALUES ( 20355, 12840, '14:11:00', '14:11:00', 20 );
INSERT INTO "times" VALUES ( 20355, 12850, '14:09:00', '14:09:00', 20 );
INSERT INTO "times" VALUES ( 20355, 12860, '14:08:00', '14:08:00', 20 );
INSERT INTO "times" VALUES ( 20355, 12870, '14:06:00', '14:06:00', 20 );
INSERT INTO "times" VALUES ( 20355, 12880, '14:04:00', '14:04:00', 20 );
INSERT INTO "times" VALUES ( 20355, 12890, '14:02:00', '14:02:00', 20 );
INSERT INTO "times" VALUES ( 20355, 12900, '13:57:00', '14:01:00', 20 );
INSERT INTO "times" VALUES ( 20355, 13510, '13:55:00', '13:55:00', 30 );
INSERT INTO "times" VALUES ( 20355, 13520, NULL, '13:53:00', 30 );

INSERT INTO "dias" VALUES ( 20356, 100, FALSE, TRUE, 'Q1400Z', 11510, 13520 );
INSERT INTO "dias_line_groups" VALUES ( 20356, 10 );
INSERT INTO "times" VALUES ( 20356, 11510, NULL, '14:14:00', 10 );
INSERT INTO "times" VALUES ( 20356, 11520, '14:15:00', '14:15:00', 10 );
INSERT INTO "times" VALUES ( 20356, 11530, '14:17:00', '14:17:00', 10 );
INSERT INTO "times" VALUES ( 20356, 11540, '14:19:00', '14:19:00', 10 );
INSERT INTO "times" VALUES ( 20356, 12530, '14:21:00', '14:22:00', 20 );
INSERT INTO "times" VALUES ( 20356, 12540, '14:24:00', '14:31:00', 20 );
INSERT INTO "times" VALUES ( 20356, 12550, '14:33:00', '14:33:00', 20 );
INSERT INTO "times" VALUES ( 20356, 12560, '14:35:00', '14:35:00', 20 );
INSERT INTO "times" VALUES ( 20356, 12570, '14:36:00', '14:36:00', 20 );
INSERT INTO "times" VALUES ( 20356, 12580, '14:38:00', '14:38:00', 20 );
INSERT INTO "times" VALUES ( 20356, 12590, '14:39:00', '14:39:00', 20 );
INSERT INTO "times" VALUES ( 20356, 12600, '14:40:00', '14:40:00', 20 );
INSERT INTO "times" VALUES ( 20356, 12610, '14:42:00', '14:45:00', 20 );
INSERT INTO "times" VALUES ( 20356, 12620, '14:47:00', '14:47:00', 20 );
INSERT INTO "times" VALUES ( 20356, 12630, '14:48:00', '14:48:00', 20 );
INSERT INTO "times" VALUES ( 20356, 12640, '14:50:00', '14:50:00', 20 );
INSERT INTO "times" VALUES ( 20356, 12650, '14:52:00', '14:52:00', 20 );
INSERT INTO "times" VALUES ( 20356, 12660, '14:54:00', '14:56:00', 20 );
INSERT INTO "times" VALUES ( 20356, 12670, '14:59:00', '14:59:00', 20 );
INSERT INTO "times" VALUES ( 20356, 12680, '15:01:00', '15:02:00', 20 );
INSERT INTO "times" VALUES ( 20356, 12690, '15:04:00', '15:04:00', 20 );
INSERT INTO "times" VALUES ( 20356, 12700, '15:06:00', '15:06:00', 20 );
INSERT INTO "times" VALUES ( 20356, 12710, '15:08:00', '15:14:00', 20 );
INSERT INTO "times" VALUES ( 20356, 12720, '15:16:00', '15:16:00', 20 );
INSERT INTO "times" VALUES ( 20356, 12730, '15:18:00', '15:18:00', 20 );
INSERT INTO "times" VALUES ( 20356, 12740, '15:21:00', '15:22:00', 20 );
INSERT INTO "times" VALUES ( 20356, 12750, '15:25:00', '15:25:00', 20 );
INSERT INTO "times" VALUES ( 20356, 12760, '15:28:00', '15:28:00', 20 );
INSERT INTO "times" VALUES ( 20356, 12770, '15:32:00', '15:32:00', 20 );
INSERT INTO "times" VALUES ( 20356, 12780, '15:36:00', '15:36:00', 20 );
INSERT INTO "times" VALUES ( 20356, 12790, '15:37:00', '15:37:00', 20 );
INSERT INTO "times" VALUES ( 20356, 12800, '15:39:00', '15:43:00', 20 );
INSERT INTO "times" VALUES ( 20356, 12810, '15:45:00', '15:45:00', 20 );
INSERT INTO "times" VALUES ( 20356, 12820, '15:46:00', '15:46:00', 20 );
INSERT INTO "times" VALUES ( 20356, 12830, '15:48:00', '15:48:00', 20 );
INSERT INTO "times" VALUES ( 20356, 12840, '15:49:00', '15:49:00', 20 );
INSERT INTO "times" VALUES ( 20356, 12850, '15:51:00', '15:51:00', 20 );
INSERT INTO "times" VALUES ( 20356, 12860, '15:52:00', '15:52:00', 20 );
INSERT INTO "times" VALUES ( 20356, 12870, '15:54:00', '15:54:00', 20 );
INSERT INTO "times" VALUES ( 20356, 12880, '15:56:00', '15:56:00', 20 );
INSERT INTO "times" VALUES ( 20356, 12890, '15:58:00', '15:58:00', 20 );
INSERT INTO "times" VALUES ( 20356, 12900, '15:59:00', '16:03:00', 20 );
INSERT INTO "times" VALUES ( 20356, 13510, '16:04:00', '16:04:00', 30 );
INSERT INTO "times" VALUES ( 20356, 13520, '16:07:00', NULL, NULL );

INSERT INTO "dias" VALUES ( 20357, 100, FALSE, TRUE, 'Q1401B', 13520, 11510 );
INSERT INTO "dias_line_groups" VALUES ( 20357, 10 );
INSERT INTO "times" VALUES ( 20357, 11510, '15:57:00', NULL, NULL );
INSERT INTO "times" VALUES ( 20357, 11520, '15:54:00', '15:54:00', 10 );
INSERT INTO "times" VALUES ( 20357, 11530, '15:53:00', '15:53:00', 10 );
INSERT INTO "times" VALUES ( 20357, 11540, '15:51:00', '15:51:00', 10 );
INSERT INTO "times" VALUES ( 20357, 12530, '15:50:00', '15:50:00', 10 );
INSERT INTO "times" VALUES ( 20357, 12540, '15:40:00', '15:47:00', 20 );
INSERT INTO "times" VALUES ( 20357, 12550, '15:38:00', '15:38:00', 20 );
INSERT INTO "times" VALUES ( 20357, 12560, '15:36:00', '15:36:00', 20 );
INSERT INTO "times" VALUES ( 20357, 12570, '15:34:00', '15:34:00', 20 );
INSERT INTO "times" VALUES ( 20357, 12580, '15:33:00', '15:33:00', 20 );
INSERT INTO "times" VALUES ( 20357, 12590, '15:32:00', '15:32:00', 20 );
INSERT INTO "times" VALUES ( 20357, 12600, '15:30:00', '15:30:00', 20 );
INSERT INTO "times" VALUES ( 20357, 12610, '15:26:00', '15:29:00', 20 );
INSERT INTO "times" VALUES ( 20357, 12620, '15:24:00', '15:24:00', 20 );
INSERT INTO "times" VALUES ( 20357, 12630, '15:22:00', '15:22:00', 20 );
INSERT INTO "times" VALUES ( 20357, 12640, '15:21:00', '15:21:00', 20 );
INSERT INTO "times" VALUES ( 20357, 12650, '15:19:00', '15:19:00', 20 );
INSERT INTO "times" VALUES ( 20357, 12660, '15:15:00', '15:17:00', 20 );
INSERT INTO "times" VALUES ( 20357, 12670, '15:12:00', '15:12:00', 20 );
INSERT INTO "times" VALUES ( 20357, 12680, '15:09:00', '15:10:00', 20 );
INSERT INTO "times" VALUES ( 20357, 12690, '15:07:00', '15:07:00', 20 );
INSERT INTO "times" VALUES ( 20357, 12700, '15:04:00', '15:04:00', 20 );
INSERT INTO "times" VALUES ( 20357, 12710, '14:57:00', '15:02:00', 20 );
INSERT INTO "times" VALUES ( 20357, 12720, '14:54:00', '14:54:00', 20 );
INSERT INTO "times" VALUES ( 20357, 12730, '14:52:00', '14:52:00', 20 );
INSERT INTO "times" VALUES ( 20357, 12740, '14:50:00', '14:50:00', 20 );
INSERT INTO "times" VALUES ( 20357, 12750, '14:46:00', '14:46:00', 20 );
INSERT INTO "times" VALUES ( 20357, 12760, '14:44:00', '14:44:00', 20 );
INSERT INTO "times" VALUES ( 20357, 12770, '14:40:00', '14:40:00', 20 );
INSERT INTO "times" VALUES ( 20357, 12780, '14:35:00', '14:35:00', 20 );
INSERT INTO "times" VALUES ( 20357, 12790, '14:33:00', '14:33:00', 20 );
INSERT INTO "times" VALUES ( 20357, 12800, '14:28:00', '14:31:00', 20 );
INSERT INTO "times" VALUES ( 20357, 12810, '14:26:00', '14:26:00', 20 );
INSERT INTO "times" VALUES ( 20357, 12820, '14:24:00', '14:24:00', 20 );
INSERT INTO "times" VALUES ( 20357, 12830, '14:23:00', '14:23:00', 20 );
INSERT INTO "times" VALUES ( 20357, 12840, '14:21:00', '14:21:00', 20 );
INSERT INTO "times" VALUES ( 20357, 12850, '14:19:00', '14:19:00', 20 );
INSERT INTO "times" VALUES ( 20357, 12860, '14:18:00', '14:18:00', 20 );
INSERT INTO "times" VALUES ( 20357, 12870, '14:16:00', '14:16:00', 20 );
INSERT INTO "times" VALUES ( 20357, 12880, '14:14:00', '14:14:00', 20 );
INSERT INTO "times" VALUES ( 20357, 12890, '14:12:00', '14:12:00', 20 );
INSERT INTO "times" VALUES ( 20357, 12900, '14:07:00', '14:11:00', 20 );
INSERT INTO "times" VALUES ( 20357, 13510, '14:05:00', '14:05:00', 30 );
INSERT INTO "times" VALUES ( 20357, 13520, NULL, '14:03:00', 30 );

INSERT INTO "dias" VALUES ( 20358, 100, FALSE, TRUE, 'Q1402Z', 11510, 13520 );
INSERT INTO "dias_line_groups" VALUES ( 20358, 10 );
INSERT INTO "times" VALUES ( 20358, 11510, NULL, '14:24:00', 10 );
INSERT INTO "times" VALUES ( 20358, 11520, '14:25:00', '14:25:00', 10 );
INSERT INTO "times" VALUES ( 20358, 11530, '14:27:00', '14:27:00', 10 );
INSERT INTO "times" VALUES ( 20358, 11540, '14:29:00', '14:29:00', 10 );
INSERT INTO "times" VALUES ( 20358, 12530, '14:31:00', '14:32:00', 20 );
INSERT INTO "times" VALUES ( 20358, 12540, '14:34:00', '14:41:00', 20 );
INSERT INTO "times" VALUES ( 20358, 12550, '14:43:00', '14:43:00', 20 );
INSERT INTO "times" VALUES ( 20358, 12560, '14:45:00', '14:45:00', 20 );
INSERT INTO "times" VALUES ( 20358, 12570, '14:46:00', '14:46:00', 20 );
INSERT INTO "times" VALUES ( 20358, 12580, '14:48:00', '14:48:00', 20 );
INSERT INTO "times" VALUES ( 20358, 12590, '14:49:00', '14:49:00', 20 );
INSERT INTO "times" VALUES ( 20358, 12600, '14:50:00', '14:50:00', 20 );
INSERT INTO "times" VALUES ( 20358, 12610, '14:52:00', '14:55:00', 20 );
INSERT INTO "times" VALUES ( 20358, 12620, '14:57:00', '14:57:00', 20 );
INSERT INTO "times" VALUES ( 20358, 12630, '14:58:00', '14:58:00', 20 );
INSERT INTO "times" VALUES ( 20358, 12640, '15:00:00', '15:00:00', 20 );
INSERT INTO "times" VALUES ( 20358, 12650, '15:02:00', '15:02:00', 20 );
INSERT INTO "times" VALUES ( 20358, 12660, '15:04:00', '15:05:00', 20 );
INSERT INTO "times" VALUES ( 20358, 12670, '15:08:00', '15:08:00', 20 );
INSERT INTO "times" VALUES ( 20358, 12680, '15:12:00', '15:18:00', 20 );
INSERT INTO "times" VALUES ( 20358, 12690, '15:20:00', '15:20:00', 20 );
INSERT INTO "times" VALUES ( 20358, 12700, '15:22:00', '15:22:00', 20 );
INSERT INTO "times" VALUES ( 20358, 12710, '15:25:00', '15:25:00', 20 );
INSERT INTO "times" VALUES ( 20358, 12720, '15:26:00', '15:26:00', 20 );
INSERT INTO "times" VALUES ( 20358, 12730, '15:29:00', '15:29:00', 20 );
INSERT INTO "times" VALUES ( 20358, 12740, '15:32:00', '15:32:00', 20 );
INSERT INTO "times" VALUES ( 20358, 12750, '15:35:00', '15:35:00', 20 );
INSERT INTO "times" VALUES ( 20358, 12760, '15:38:00', '15:38:00', 20 );
INSERT INTO "times" VALUES ( 20358, 12770, '15:42:00', '15:42:00', 20 );
INSERT INTO "times" VALUES ( 20358, 12780, '15:46:00', '15:46:00', 20 );
INSERT INTO "times" VALUES ( 20358, 12790, '15:47:00', '15:47:00', 20 );
INSERT INTO "times" VALUES ( 20358, 12800, '15:49:00', '15:53:00', 20 );
INSERT INTO "times" VALUES ( 20358, 12810, '15:55:00', '15:55:00', 20 );
INSERT INTO "times" VALUES ( 20358, 12820, '15:56:00', '15:56:00', 20 );
INSERT INTO "times" VALUES ( 20358, 12830, '15:58:00', '15:58:00', 20 );
INSERT INTO "times" VALUES ( 20358, 12840, '15:59:00', '15:59:00', 20 );
INSERT INTO "times" VALUES ( 20358, 12850, '16:01:00', '16:01:00', 20 );
INSERT INTO "times" VALUES ( 20358, 12860, '16:02:00', '16:02:00', 20 );
INSERT INTO "times" VALUES ( 20358, 12870, '16:04:00', '16:04:00', 20 );
INSERT INTO "times" VALUES ( 20358, 12880, '16:06:00', '16:06:00', 20 );
INSERT INTO "times" VALUES ( 20358, 12890, '16:08:00', '16:08:00', 20 );
INSERT INTO "times" VALUES ( 20358, 12900, '16:09:00', '16:14:00', 20 );
INSERT INTO "times" VALUES ( 20358, 13510, '16:16:00', '16:16:00', 30 );
INSERT INTO "times" VALUES ( 20358, 13520, '16:19:00', NULL, NULL );

INSERT INTO "dias" VALUES ( 20359, 100, FALSE, TRUE, 'Q1403B', 13520, 11510 );
INSERT INTO "dias_line_groups" VALUES ( 20359, 10 );
INSERT INTO "times" VALUES ( 20359, 11510, '16:17:00', NULL, NULL );
INSERT INTO "times" VALUES ( 20359, 11520, '16:15:00', '16:15:00', 10 );
INSERT INTO "times" VALUES ( 20359, 11530, '16:13:00', '16:13:00', 10 );
INSERT INTO "times" VALUES ( 20359, 11540, '16:12:00', '16:12:00', 10 );
INSERT INTO "times" VALUES ( 20359, 12530, '16:10:00', '16:10:00', 10 );
INSERT INTO "times" VALUES ( 20359, 12540, '16:00:00', '16:07:00', 20 );
INSERT INTO "times" VALUES ( 20359, 12550, '15:58:00', '15:58:00', 20 );
INSERT INTO "times" VALUES ( 20359, 12560, '15:56:00', '15:56:00', 20 );
INSERT INTO "times" VALUES ( 20359, 12570, '15:54:00', '15:54:00', 20 );
INSERT INTO "times" VALUES ( 20359, 12580, '15:53:00', '15:53:00', 20 );
INSERT INTO "times" VALUES ( 20359, 12590, '15:52:00', '15:52:00', 20 );
INSERT INTO "times" VALUES ( 20359, 12600, '15:50:00', '15:50:00', 20 );
INSERT INTO "times" VALUES ( 20359, 12610, '15:46:00', '15:49:00', 20 );
INSERT INTO "times" VALUES ( 20359, 12620, '15:44:00', '15:44:00', 20 );
INSERT INTO "times" VALUES ( 20359, 12630, '15:42:00', '15:42:00', 20 );
INSERT INTO "times" VALUES ( 20359, 12640, '15:41:00', '15:41:00', 20 );
INSERT INTO "times" VALUES ( 20359, 12650, '15:39:00', '15:39:00', 20 );
INSERT INTO "times" VALUES ( 20359, 12660, '15:35:00', '15:37:00', 20 );
INSERT INTO "times" VALUES ( 20359, 12670, '15:32:00', '15:32:00', 20 );
INSERT INTO "times" VALUES ( 20359, 12680, '15:24:00', '15:29:00', 20 );
INSERT INTO "times" VALUES ( 20359, 12690, '15:21:00', '15:21:00', 20 );
INSERT INTO "times" VALUES ( 20359, 12700, '15:19:00', '15:19:00', 20 );
INSERT INTO "times" VALUES ( 20359, 12710, '15:17:00', '15:17:00', 20 );
INSERT INTO "times" VALUES ( 20359, 12720, '15:14:00', '15:14:00', 20 );
INSERT INTO "times" VALUES ( 20359, 12730, '15:12:00', '15:12:00', 20 );
INSERT INTO "times" VALUES ( 20359, 12740, '15:10:00', '15:10:00', 20 );
INSERT INTO "times" VALUES ( 20359, 12750, '15:06:00', '15:06:00', 20 );
INSERT INTO "times" VALUES ( 20359, 12760, '15:04:00', '15:04:00', 20 );
INSERT INTO "times" VALUES ( 20359, 12770, '15:00:00', '15:00:00', 20 );
INSERT INTO "times" VALUES ( 20359, 12780, '14:55:00', '14:55:00', 20 );
INSERT INTO "times" VALUES ( 20359, 12790, '14:53:00', '14:53:00', 20 );
INSERT INTO "times" VALUES ( 20359, 12800, '14:48:00', '14:51:00', 20 );
INSERT INTO "times" VALUES ( 20359, 12810, '14:46:00', '14:46:00', 20 );
INSERT INTO "times" VALUES ( 20359, 12820, '14:44:00', '14:44:00', 20 );
INSERT INTO "times" VALUES ( 20359, 12830, '14:43:00', '14:43:00', 20 );
INSERT INTO "times" VALUES ( 20359, 12840, '14:41:00', '14:41:00', 20 );
INSERT INTO "times" VALUES ( 20359, 12850, '14:39:00', '14:39:00', 20 );
INSERT INTO "times" VALUES ( 20359, 12860, '14:38:00', '14:38:00', 20 );
INSERT INTO "times" VALUES ( 20359, 12870, '14:36:00', '14:36:00', 20 );
INSERT INTO "times" VALUES ( 20359, 12880, '14:34:00', '14:34:00', 20 );
INSERT INTO "times" VALUES ( 20359, 12890, '14:32:00', '14:32:00', 20 );
INSERT INTO "times" VALUES ( 20359, 12900, '14:27:00', '14:31:00', 20 );
INSERT INTO "times" VALUES ( 20359, 13510, '14:25:00', '14:25:00', 30 );
INSERT INTO "times" VALUES ( 20359, 13520, NULL, '14:23:00', 30 );

INSERT INTO "dias" VALUES ( 20360, 100, FALSE, TRUE, 'Q1404Z', 11510, 13520 );
INSERT INTO "dias_line_groups" VALUES ( 20360, 10 );
INSERT INTO "times" VALUES ( 20360, 11510, NULL, '14:44:00', 10 );
INSERT INTO "times" VALUES ( 20360, 11520, '14:45:00', '14:45:00', 10 );
INSERT INTO "times" VALUES ( 20360, 11530, '14:47:00', '14:47:00', 10 );
INSERT INTO "times" VALUES ( 20360, 11540, '14:49:00', '14:49:00', 10 );
INSERT INTO "times" VALUES ( 20360, 12530, '14:51:00', '14:52:00', 20 );
INSERT INTO "times" VALUES ( 20360, 12540, '14:54:00', '15:01:00', 20 );
INSERT INTO "times" VALUES ( 20360, 12550, '15:03:00', '15:03:00', 20 );
INSERT INTO "times" VALUES ( 20360, 12560, '15:05:00', '15:05:00', 20 );
INSERT INTO "times" VALUES ( 20360, 12570, '15:06:00', '15:06:00', 20 );
INSERT INTO "times" VALUES ( 20360, 12580, '15:08:00', '15:08:00', 20 );
INSERT INTO "times" VALUES ( 20360, 12590, '15:09:00', '15:09:00', 20 );
INSERT INTO "times" VALUES ( 20360, 12600, '15:10:00', '15:10:00', 20 );
INSERT INTO "times" VALUES ( 20360, 12610, '15:12:00', '15:15:00', 20 );
INSERT INTO "times" VALUES ( 20360, 12620, '15:17:00', '15:17:00', 20 );
INSERT INTO "times" VALUES ( 20360, 12630, '15:18:00', '15:18:00', 20 );
INSERT INTO "times" VALUES ( 20360, 12640, '15:20:00', '15:20:00', 20 );
INSERT INTO "times" VALUES ( 20360, 12650, '15:22:00', '15:22:00', 20 );
INSERT INTO "times" VALUES ( 20360, 12660, '15:24:00', '15:26:00', 20 );
INSERT INTO "times" VALUES ( 20360, 12670, '15:29:00', '15:29:00', 20 );
INSERT INTO "times" VALUES ( 20360, 12680, '15:31:00', '15:32:00', 20 );
INSERT INTO "times" VALUES ( 20360, 12690, '15:34:00', '15:34:00', 20 );
INSERT INTO "times" VALUES ( 20360, 12700, '15:36:00', '15:36:00', 20 );
INSERT INTO "times" VALUES ( 20360, 12710, '15:38:00', '15:44:00', 20 );
INSERT INTO "times" VALUES ( 20360, 12720, '15:46:00', '15:46:00', 20 );
INSERT INTO "times" VALUES ( 20360, 12730, '15:48:00', '15:48:00', 20 );
INSERT INTO "times" VALUES ( 20360, 12740, '15:51:00', '15:52:00', 20 );
INSERT INTO "times" VALUES ( 20360, 12750, '15:55:00', '15:55:00', 20 );
INSERT INTO "times" VALUES ( 20360, 12760, '15:58:00', '15:58:00', 20 );
INSERT INTO "times" VALUES ( 20360, 12770, '16:02:00', '16:02:00', 20 );
INSERT INTO "times" VALUES ( 20360, 12780, '16:06:00', '16:06:00', 20 );
INSERT INTO "times" VALUES ( 20360, 12790, '16:07:00', '16:07:00', 20 );
INSERT INTO "times" VALUES ( 20360, 12800, '16:09:00', '16:13:00', 20 );
INSERT INTO "times" VALUES ( 20360, 12810, '16:15:00', '16:15:00', 20 );
INSERT INTO "times" VALUES ( 20360, 12820, '16:16:00', '16:16:00', 20 );
INSERT INTO "times" VALUES ( 20360, 12830, '16:18:00', '16:18:00', 20 );
INSERT INTO "times" VALUES ( 20360, 12840, '16:19:00', '16:19:00', 20 );
INSERT INTO "times" VALUES ( 20360, 12850, '16:21:00', '16:21:00', 20 );
INSERT INTO "times" VALUES ( 20360, 12860, '16:22:00', '16:22:00', 20 );
INSERT INTO "times" VALUES ( 20360, 12870, '16:24:00', '16:24:00', 20 );
INSERT INTO "times" VALUES ( 20360, 12880, '16:26:00', '16:26:00', 20 );
INSERT INTO "times" VALUES ( 20360, 12890, '16:28:00', '16:28:00', 20 );
INSERT INTO "times" VALUES ( 20360, 12900, '16:29:00', '16:33:00', 20 );
INSERT INTO "times" VALUES ( 20360, 13510, '16:34:00', '16:34:00', 30 );
INSERT INTO "times" VALUES ( 20360, 13520, '16:37:00', NULL, NULL );

INSERT INTO "dias" VALUES ( 20361, 100, FALSE, TRUE, 'Q1405B', 13520, 11510 );
INSERT INTO "dias_line_groups" VALUES ( 20361, 10 );
INSERT INTO "times" VALUES ( 20361, 11510, '16:27:00', NULL, NULL );
INSERT INTO "times" VALUES ( 20361, 11520, '16:24:00', '16:24:00', 10 );
INSERT INTO "times" VALUES ( 20361, 11530, '16:23:00', '16:23:00', 10 );
INSERT INTO "times" VALUES ( 20361, 11540, '16:21:00', '16:21:00', 10 );
INSERT INTO "times" VALUES ( 20361, 12530, '16:18:00', '16:20:00', 10 );
INSERT INTO "times" VALUES ( 20361, 12540, '16:10:00', '16:16:00', 20 );
INSERT INTO "times" VALUES ( 20361, 12550, '16:08:00', '16:08:00', 20 );
INSERT INTO "times" VALUES ( 20361, 12560, '16:06:00', '16:06:00', 20 );
INSERT INTO "times" VALUES ( 20361, 12570, '16:04:00', '16:04:00', 20 );
INSERT INTO "times" VALUES ( 20361, 12580, '16:03:00', '16:03:00', 20 );
INSERT INTO "times" VALUES ( 20361, 12590, '16:02:00', '16:02:00', 20 );
INSERT INTO "times" VALUES ( 20361, 12600, '16:00:00', '16:00:00', 20 );
INSERT INTO "times" VALUES ( 20361, 12610, '15:56:00', '15:59:00', 20 );
INSERT INTO "times" VALUES ( 20361, 12620, '15:54:00', '15:54:00', 20 );
INSERT INTO "times" VALUES ( 20361, 12630, '15:52:00', '15:52:00', 20 );
INSERT INTO "times" VALUES ( 20361, 12640, '15:51:00', '15:51:00', 20 );
INSERT INTO "times" VALUES ( 20361, 12650, '15:49:00', '15:49:00', 20 );
INSERT INTO "times" VALUES ( 20361, 12660, '15:45:00', '15:47:00', 20 );
INSERT INTO "times" VALUES ( 20361, 12670, '15:42:00', '15:42:00', 20 );
INSERT INTO "times" VALUES ( 20361, 12680, '15:39:00', '15:40:00', 20 );
INSERT INTO "times" VALUES ( 20361, 12690, '15:37:00', '15:37:00', 20 );
INSERT INTO "times" VALUES ( 20361, 12700, '15:34:00', '15:34:00', 20 );
INSERT INTO "times" VALUES ( 20361, 12710, '15:27:00', '15:32:00', 20 );
INSERT INTO "times" VALUES ( 20361, 12720, '15:24:00', '15:24:00', 20 );
INSERT INTO "times" VALUES ( 20361, 12730, '15:22:00', '15:22:00', 20 );
INSERT INTO "times" VALUES ( 20361, 12740, '15:20:00', '15:20:00', 20 );
INSERT INTO "times" VALUES ( 20361, 12750, '15:16:00', '15:16:00', 20 );
INSERT INTO "times" VALUES ( 20361, 12760, '15:14:00', '15:14:00', 20 );
INSERT INTO "times" VALUES ( 20361, 12770, '15:10:00', '15:10:00', 20 );
INSERT INTO "times" VALUES ( 20361, 12780, '15:05:00', '15:05:00', 20 );
INSERT INTO "times" VALUES ( 20361, 12790, '15:03:00', '15:03:00', 20 );
INSERT INTO "times" VALUES ( 20361, 12800, '14:58:00', '15:01:00', 20 );
INSERT INTO "times" VALUES ( 20361, 12810, '14:56:00', '14:56:00', 20 );
INSERT INTO "times" VALUES ( 20361, 12820, '14:54:00', '14:54:00', 20 );
INSERT INTO "times" VALUES ( 20361, 12830, '14:53:00', '14:53:00', 20 );
INSERT INTO "times" VALUES ( 20361, 12840, '14:51:00', '14:51:00', 20 );
INSERT INTO "times" VALUES ( 20361, 12850, '14:49:00', '14:49:00', 20 );
INSERT INTO "times" VALUES ( 20361, 12860, '14:48:00', '14:48:00', 20 );
INSERT INTO "times" VALUES ( 20361, 12870, '14:46:00', '14:46:00', 20 );
INSERT INTO "times" VALUES ( 20361, 12880, '14:44:00', '14:44:00', 20 );
INSERT INTO "times" VALUES ( 20361, 12890, '14:42:00', '14:42:00', 20 );
INSERT INTO "times" VALUES ( 20361, 12900, '14:37:00', '14:41:00', 20 );
INSERT INTO "times" VALUES ( 20361, 13510, '14:35:00', '14:35:00', 30 );
INSERT INTO "times" VALUES ( 20361, 13520, NULL, '14:33:00', 30 );

INSERT INTO "dias" VALUES ( 20362, 100, FALSE, TRUE, 'Q1406Z', 11510, 13520 );
INSERT INTO "dias_line_groups" VALUES ( 20362, 10 );
INSERT INTO "times" VALUES ( 20362, 11510, NULL, '14:54:00', 10 );
INSERT INTO "times" VALUES ( 20362, 11520, '14:55:00', '14:55:00', 10 );
INSERT INTO "times" VALUES ( 20362, 11530, '14:57:00', '14:57:00', 10 );
INSERT INTO "times" VALUES ( 20362, 11540, '14:59:00', '14:59:00', 10 );
INSERT INTO "times" VALUES ( 20362, 12530, '15:01:00', '15:02:00', 20 );
INSERT INTO "times" VALUES ( 20362, 12540, '15:04:00', '15:11:00', 20 );
INSERT INTO "times" VALUES ( 20362, 12550, '15:13:00', '15:13:00', 20 );
INSERT INTO "times" VALUES ( 20362, 12560, '15:15:00', '15:15:00', 20 );
INSERT INTO "times" VALUES ( 20362, 12570, '15:16:00', '15:16:00', 20 );
INSERT INTO "times" VALUES ( 20362, 12580, '15:18:00', '15:18:00', 20 );
INSERT INTO "times" VALUES ( 20362, 12590, '15:19:00', '15:19:00', 20 );
INSERT INTO "times" VALUES ( 20362, 12600, '15:20:00', '15:20:00', 20 );
INSERT INTO "times" VALUES ( 20362, 12610, '15:22:00', '15:25:00', 20 );
INSERT INTO "times" VALUES ( 20362, 12620, '15:27:00', '15:27:00', 20 );
INSERT INTO "times" VALUES ( 20362, 12630, '15:28:00', '15:28:00', 20 );
INSERT INTO "times" VALUES ( 20362, 12640, '15:30:00', '15:30:00', 20 );
INSERT INTO "times" VALUES ( 20362, 12650, '15:32:00', '15:32:00', 20 );
INSERT INTO "times" VALUES ( 20362, 12660, '15:34:00', '15:35:00', 20 );
INSERT INTO "times" VALUES ( 20362, 12670, '15:38:00', '15:38:00', 20 );
INSERT INTO "times" VALUES ( 20362, 12680, '15:42:00', '15:48:00', 20 );
INSERT INTO "times" VALUES ( 20362, 12690, '15:50:00', '15:50:00', 20 );
INSERT INTO "times" VALUES ( 20362, 12700, '15:52:00', '15:52:00', 20 );
INSERT INTO "times" VALUES ( 20362, 12710, '15:55:00', '15:55:00', 20 );
INSERT INTO "times" VALUES ( 20362, 12720, '15:56:00', '15:56:00', 20 );
INSERT INTO "times" VALUES ( 20362, 12730, '15:59:00', '15:59:00', 20 );
INSERT INTO "times" VALUES ( 20362, 12740, '16:02:00', '16:02:00', 20 );
INSERT INTO "times" VALUES ( 20362, 12750, '16:05:00', '16:05:00', 20 );
INSERT INTO "times" VALUES ( 20362, 12760, '16:08:00', '16:08:00', 20 );
INSERT INTO "times" VALUES ( 20362, 12770, '16:12:00', '16:12:00', 20 );
INSERT INTO "times" VALUES ( 20362, 12780, '16:16:00', '16:16:00', 20 );
INSERT INTO "times" VALUES ( 20362, 12790, '16:17:00', '16:17:00', 20 );
INSERT INTO "times" VALUES ( 20362, 12800, '16:19:00', '16:23:00', 20 );
INSERT INTO "times" VALUES ( 20362, 12810, '16:25:00', '16:25:00', 20 );
INSERT INTO "times" VALUES ( 20362, 12820, '16:26:00', '16:26:00', 20 );
INSERT INTO "times" VALUES ( 20362, 12830, '16:28:00', '16:28:00', 20 );
INSERT INTO "times" VALUES ( 20362, 12840, '16:29:00', '16:29:00', 20 );
INSERT INTO "times" VALUES ( 20362, 12850, '16:31:00', '16:31:00', 20 );
INSERT INTO "times" VALUES ( 20362, 12860, '16:32:00', '16:32:00', 20 );
INSERT INTO "times" VALUES ( 20362, 12870, '16:34:00', '16:34:00', 20 );
INSERT INTO "times" VALUES ( 20362, 12880, '16:36:00', '16:36:00', 20 );
INSERT INTO "times" VALUES ( 20362, 12890, '16:38:00', '16:38:00', 20 );
INSERT INTO "times" VALUES ( 20362, 12900, '16:39:00', '16:44:00', 20 );
INSERT INTO "times" VALUES ( 20362, 13510, '16:46:00', '16:46:00', 30 );
INSERT INTO "times" VALUES ( 20362, 13520, '16:49:00', NULL, NULL );

INSERT INTO "dias" VALUES ( 20363, 100, FALSE, TRUE, 'Q1407B', 13520, 11510 );
INSERT INTO "dias_line_groups" VALUES ( 20363, 10 );
INSERT INTO "times" VALUES ( 20363, 11510, '16:48:00', NULL, NULL );
INSERT INTO "times" VALUES ( 20363, 11520, '16:45:00', '16:45:00', 10 );
INSERT INTO "times" VALUES ( 20363, 11530, '16:44:00', '16:44:00', 10 );
INSERT INTO "times" VALUES ( 20363, 11540, '16:42:00', '16:42:00', 10 );
INSERT INTO "times" VALUES ( 20363, 12530, '16:41:00', '16:41:00', 10 );
INSERT INTO "times" VALUES ( 20363, 12540, '16:31:00', '16:38:00', 20 );
INSERT INTO "times" VALUES ( 20363, 12550, '16:28:00', '16:28:00', 20 );
INSERT INTO "times" VALUES ( 20363, 12560, '16:26:00', '16:26:00', 20 );
INSERT INTO "times" VALUES ( 20363, 12570, '16:25:00', '16:25:00', 20 );
INSERT INTO "times" VALUES ( 20363, 12580, '16:23:00', '16:23:00', 20 );
INSERT INTO "times" VALUES ( 20363, 12590, '16:22:00', '16:22:00', 20 );
INSERT INTO "times" VALUES ( 20363, 12600, '16:21:00', '16:21:00', 20 );
INSERT INTO "times" VALUES ( 20363, 12610, '16:15:00', '16:20:00', 20 );
INSERT INTO "times" VALUES ( 20363, 12620, '16:13:00', '16:13:00', 20 );
INSERT INTO "times" VALUES ( 20363, 12630, '16:11:00', '16:11:00', 20 );
INSERT INTO "times" VALUES ( 20363, 12640, '16:10:00', '16:10:00', 20 );
INSERT INTO "times" VALUES ( 20363, 12650, '16:08:00', '16:08:00', 20 );
INSERT INTO "times" VALUES ( 20363, 12660, '16:05:00', '16:06:00', 20 );
INSERT INTO "times" VALUES ( 20363, 12670, '16:02:00', '16:02:00', 20 );
INSERT INTO "times" VALUES ( 20363, 12680, '15:54:00', '15:59:00', 20 );
INSERT INTO "times" VALUES ( 20363, 12690, '15:51:00', '15:51:00', 20 );
INSERT INTO "times" VALUES ( 20363, 12700, '15:49:00', '15:49:00', 20 );
INSERT INTO "times" VALUES ( 20363, 12710, '15:47:00', '15:47:00', 20 );
INSERT INTO "times" VALUES ( 20363, 12720, '15:44:00', '15:44:00', 20 );
INSERT INTO "times" VALUES ( 20363, 12730, '15:42:00', '15:42:00', 20 );
INSERT INTO "times" VALUES ( 20363, 12740, '15:40:00', '15:40:00', 20 );
INSERT INTO "times" VALUES ( 20363, 12750, '15:36:00', '15:36:00', 20 );
INSERT INTO "times" VALUES ( 20363, 12760, '15:34:00', '15:34:00', 20 );
INSERT INTO "times" VALUES ( 20363, 12770, '15:30:00', '15:30:00', 20 );
INSERT INTO "times" VALUES ( 20363, 12780, '15:25:00', '15:25:00', 20 );
INSERT INTO "times" VALUES ( 20363, 12790, '15:23:00', '15:23:00', 20 );
INSERT INTO "times" VALUES ( 20363, 12800, '15:18:00', '15:21:00', 20 );
INSERT INTO "times" VALUES ( 20363, 12810, '15:16:00', '15:16:00', 20 );
INSERT INTO "times" VALUES ( 20363, 12820, '15:14:00', '15:14:00', 20 );
INSERT INTO "times" VALUES ( 20363, 12830, '15:13:00', '15:13:00', 20 );
INSERT INTO "times" VALUES ( 20363, 12840, '15:11:00', '15:11:00', 20 );
INSERT INTO "times" VALUES ( 20363, 12850, '15:09:00', '15:09:00', 20 );
INSERT INTO "times" VALUES ( 20363, 12860, '15:08:00', '15:08:00', 20 );
INSERT INTO "times" VALUES ( 20363, 12870, '15:06:00', '15:06:00', 20 );
INSERT INTO "times" VALUES ( 20363, 12880, '15:04:00', '15:04:00', 20 );
INSERT INTO "times" VALUES ( 20363, 12890, '15:02:00', '15:02:00', 20 );
INSERT INTO "times" VALUES ( 20363, 12900, '14:57:00', '15:01:00', 20 );
INSERT INTO "times" VALUES ( 20363, 13510, '14:55:00', '14:55:00', 30 );
INSERT INTO "times" VALUES ( 20363, 13520, NULL, '14:53:00', 30 );

INSERT INTO "dias" VALUES ( 20364, 100, FALSE, TRUE, 'Q1500Z', 11510, 13520 );
INSERT INTO "dias_line_groups" VALUES ( 20364, 10 );
INSERT INTO "times" VALUES ( 20364, 11510, NULL, '15:24:00', 10 );
INSERT INTO "times" VALUES ( 20364, 11520, '15:25:00', '15:25:00', 10 );
INSERT INTO "times" VALUES ( 20364, 11530, '15:27:00', '15:27:00', 10 );
INSERT INTO "times" VALUES ( 20364, 11540, '15:29:00', '15:29:00', 10 );
INSERT INTO "times" VALUES ( 20364, 12530, '15:31:00', '15:32:00', 20 );
INSERT INTO "times" VALUES ( 20364, 12540, '15:34:00', '15:41:00', 20 );
INSERT INTO "times" VALUES ( 20364, 12550, '15:43:00', '15:43:00', 20 );
INSERT INTO "times" VALUES ( 20364, 12560, '15:45:00', '15:45:00', 20 );
INSERT INTO "times" VALUES ( 20364, 12570, '15:46:00', '15:46:00', 20 );
INSERT INTO "times" VALUES ( 20364, 12580, '15:48:00', '15:48:00', 20 );
INSERT INTO "times" VALUES ( 20364, 12590, '15:49:00', '15:49:00', 20 );
INSERT INTO "times" VALUES ( 20364, 12600, '15:50:00', '15:50:00', 20 );
INSERT INTO "times" VALUES ( 20364, 12610, '15:52:00', '15:55:00', 20 );
INSERT INTO "times" VALUES ( 20364, 12620, '15:57:00', '15:57:00', 20 );
INSERT INTO "times" VALUES ( 20364, 12630, '15:58:00', '15:58:00', 20 );
INSERT INTO "times" VALUES ( 20364, 12640, '16:00:00', '16:00:00', 20 );
INSERT INTO "times" VALUES ( 20364, 12650, '16:02:00', '16:02:00', 20 );
INSERT INTO "times" VALUES ( 20364, 12660, '16:04:00', '16:05:00', 20 );
INSERT INTO "times" VALUES ( 20364, 12670, '16:08:00', '16:08:00', 20 );
INSERT INTO "times" VALUES ( 20364, 12680, '16:11:00', '16:18:00', 20 );
INSERT INTO "times" VALUES ( 20364, 12690, '16:20:00', '16:20:00', 20 );
INSERT INTO "times" VALUES ( 20364, 12700, '16:22:00', '16:22:00', 20 );
INSERT INTO "times" VALUES ( 20364, 12710, '16:25:00', '16:25:00', 20 );
INSERT INTO "times" VALUES ( 20364, 12720, '16:26:00', '16:26:00', 20 );
INSERT INTO "times" VALUES ( 20364, 12730, '16:29:00', '16:29:00', 20 );
INSERT INTO "times" VALUES ( 20364, 12740, '16:32:00', '16:32:00', 20 );
INSERT INTO "times" VALUES ( 20364, 12750, '16:35:00', '16:35:00', 20 );
INSERT INTO "times" VALUES ( 20364, 12760, '16:38:00', '16:38:00', 20 );
INSERT INTO "times" VALUES ( 20364, 12770, '16:42:00', '16:42:00', 20 );
INSERT INTO "times" VALUES ( 20364, 12780, '16:46:00', '16:46:00', 20 );
INSERT INTO "times" VALUES ( 20364, 12790, '16:47:00', '16:47:00', 20 );
INSERT INTO "times" VALUES ( 20364, 12800, '16:49:00', '16:53:00', 20 );
INSERT INTO "times" VALUES ( 20364, 12810, '16:55:00', '16:55:00', 20 );
INSERT INTO "times" VALUES ( 20364, 12820, '16:56:00', '16:56:00', 20 );
INSERT INTO "times" VALUES ( 20364, 12830, '16:58:00', '16:58:00', 20 );
INSERT INTO "times" VALUES ( 20364, 12840, '16:59:00', '16:59:00', 20 );
INSERT INTO "times" VALUES ( 20364, 12850, '17:01:00', '17:01:00', 20 );
INSERT INTO "times" VALUES ( 20364, 12860, '17:02:00', '17:02:00', 20 );
INSERT INTO "times" VALUES ( 20364, 12870, '17:04:00', '17:04:00', 20 );
INSERT INTO "times" VALUES ( 20364, 12880, '17:06:00', '17:06:00', 20 );
INSERT INTO "times" VALUES ( 20364, 12890, '17:08:00', '17:08:00', 20 );
INSERT INTO "times" VALUES ( 20364, 12900, '17:09:00', '17:14:00', 20 );
INSERT INTO "times" VALUES ( 20364, 13510, '17:16:00', '17:16:00', 30 );
INSERT INTO "times" VALUES ( 20364, 13520, '17:19:00', NULL, NULL );

INSERT INTO "dias" VALUES ( 20365, 100, FALSE, TRUE, 'Q1501B', 13520, 11510 );
INSERT INTO "dias_line_groups" VALUES ( 20365, 10 );
INSERT INTO "times" VALUES ( 20365, 11510, '16:57:00', NULL, NULL );
INSERT INTO "times" VALUES ( 20365, 11520, '16:54:00', '16:54:00', 10 );
INSERT INTO "times" VALUES ( 20365, 11530, '16:53:00', '16:53:00', 10 );
INSERT INTO "times" VALUES ( 20365, 11540, '16:51:00', '16:51:00', 10 );
INSERT INTO "times" VALUES ( 20365, 12530, '16:50:00', '16:50:00', 10 );
INSERT INTO "times" VALUES ( 20365, 12540, '16:41:00', '16:47:00', 20 );
INSERT INTO "times" VALUES ( 20365, 12550, '16:39:00', '16:39:00', 20 );
INSERT INTO "times" VALUES ( 20365, 12560, '16:37:00', '16:37:00', 20 );
INSERT INTO "times" VALUES ( 20365, 12570, '16:35:00', '16:35:00', 20 );
INSERT INTO "times" VALUES ( 20365, 12580, '16:34:00', '16:34:00', 20 );
INSERT INTO "times" VALUES ( 20365, 12590, '16:33:00', '16:33:00', 20 );
INSERT INTO "times" VALUES ( 20365, 12600, '16:31:00', '16:31:00', 20 );
INSERT INTO "times" VALUES ( 20365, 12610, '16:26:00', '16:30:00', 20 );
INSERT INTO "times" VALUES ( 20365, 12620, '16:24:00', '16:24:00', 20 );
INSERT INTO "times" VALUES ( 20365, 12630, '16:22:00', '16:22:00', 20 );
INSERT INTO "times" VALUES ( 20365, 12640, '16:21:00', '16:21:00', 20 );
INSERT INTO "times" VALUES ( 20365, 12650, '16:19:00', '16:19:00', 20 );
INSERT INTO "times" VALUES ( 20365, 12660, '16:15:00', '16:17:00', 20 );
INSERT INTO "times" VALUES ( 20365, 12670, '16:12:00', '16:12:00', 20 );
INSERT INTO "times" VALUES ( 20365, 12680, '16:08:00', '16:09:00', 20 );
INSERT INTO "times" VALUES ( 20365, 12690, '16:06:00', '16:06:00', 20 );
INSERT INTO "times" VALUES ( 20365, 12700, '16:04:00', '16:04:00', 20 );
INSERT INTO "times" VALUES ( 20365, 12710, '15:57:00', '16:02:00', 20 );
INSERT INTO "times" VALUES ( 20365, 12720, '15:54:00', '15:54:00', 20 );
INSERT INTO "times" VALUES ( 20365, 12730, '15:52:00', '15:52:00', 20 );
INSERT INTO "times" VALUES ( 20365, 12740, '15:50:00', '15:50:00', 20 );
INSERT INTO "times" VALUES ( 20365, 12750, '15:46:00', '15:46:00', 20 );
INSERT INTO "times" VALUES ( 20365, 12760, '15:44:00', '15:44:00', 20 );
INSERT INTO "times" VALUES ( 20365, 12770, '15:40:00', '15:40:00', 20 );
INSERT INTO "times" VALUES ( 20365, 12780, '15:35:00', '15:35:00', 20 );
INSERT INTO "times" VALUES ( 20365, 12790, '15:33:00', '15:33:00', 20 );
INSERT INTO "times" VALUES ( 20365, 12800, '15:28:00', '15:31:00', 20 );
INSERT INTO "times" VALUES ( 20365, 12810, '15:26:00', '15:26:00', 20 );
INSERT INTO "times" VALUES ( 20365, 12820, '15:24:00', '15:24:00', 20 );
INSERT INTO "times" VALUES ( 20365, 12830, '15:23:00', '15:23:00', 20 );
INSERT INTO "times" VALUES ( 20365, 12840, '15:21:00', '15:21:00', 20 );
INSERT INTO "times" VALUES ( 20365, 12850, '15:19:00', '15:19:00', 20 );
INSERT INTO "times" VALUES ( 20365, 12860, '15:18:00', '15:18:00', 20 );
INSERT INTO "times" VALUES ( 20365, 12870, '15:16:00', '15:16:00', 20 );
INSERT INTO "times" VALUES ( 20365, 12880, '15:14:00', '15:14:00', 20 );
INSERT INTO "times" VALUES ( 20365, 12890, '15:12:00', '15:12:00', 20 );
INSERT INTO "times" VALUES ( 20365, 12900, '15:07:00', '15:11:00', 20 );
INSERT INTO "times" VALUES ( 20365, 13510, '15:05:00', '15:05:00', 30 );
INSERT INTO "times" VALUES ( 20365, 13520, NULL, '15:03:00', 30 );

INSERT INTO "dias" VALUES ( 20366, 100, FALSE, TRUE, 'Q1502Z', 11510, 13520 );
INSERT INTO "dias_line_groups" VALUES ( 20366, 10 );
INSERT INTO "times" VALUES ( 20366, 11510, NULL, '15:54:00', 10 );
INSERT INTO "times" VALUES ( 20366, 11520, '15:55:00', '15:55:00', 10 );
INSERT INTO "times" VALUES ( 20366, 11530, '15:57:00', '15:57:00', 10 );
INSERT INTO "times" VALUES ( 20366, 11540, '15:59:00', '15:59:00', 10 );
INSERT INTO "times" VALUES ( 20366, 12530, '16:01:00', '16:02:00', 20 );
INSERT INTO "times" VALUES ( 20366, 12540, '16:04:00', '16:11:00', 20 );
INSERT INTO "times" VALUES ( 20366, 12550, '16:13:00', '16:13:00', 20 );
INSERT INTO "times" VALUES ( 20366, 12560, '16:15:00', '16:15:00', 20 );
INSERT INTO "times" VALUES ( 20366, 12570, '16:16:00', '16:16:00', 20 );
INSERT INTO "times" VALUES ( 20366, 12580, '16:18:00', '16:18:00', 20 );
INSERT INTO "times" VALUES ( 20366, 12590, '16:19:00', '16:19:00', 20 );
INSERT INTO "times" VALUES ( 20366, 12600, '16:20:00', '16:20:00', 20 );
INSERT INTO "times" VALUES ( 20366, 12610, '16:22:00', '16:25:00', 20 );
INSERT INTO "times" VALUES ( 20366, 12620, '16:27:00', '16:27:00', 20 );
INSERT INTO "times" VALUES ( 20366, 12630, '16:28:00', '16:28:00', 20 );
INSERT INTO "times" VALUES ( 20366, 12640, '16:30:00', '16:30:00', 20 );
INSERT INTO "times" VALUES ( 20366, 12650, '16:32:00', '16:32:00', 20 );
INSERT INTO "times" VALUES ( 20366, 12660, '16:34:00', '16:35:00', 20 );
INSERT INTO "times" VALUES ( 20366, 12670, '16:38:00', '16:38:00', 20 );
INSERT INTO "times" VALUES ( 20366, 12680, '16:41:00', '16:48:00', 20 );
INSERT INTO "times" VALUES ( 20366, 12690, '16:50:00', '16:50:00', 20 );
INSERT INTO "times" VALUES ( 20366, 12700, '16:52:00', '16:52:00', 20 );
INSERT INTO "times" VALUES ( 20366, 12710, '16:55:00', '16:55:00', 20 );
INSERT INTO "times" VALUES ( 20366, 12720, '16:56:00', '16:56:00', 20 );
INSERT INTO "times" VALUES ( 20366, 12730, '16:59:00', '16:59:00', 20 );
INSERT INTO "times" VALUES ( 20366, 12740, '17:02:00', '17:02:00', 20 );
INSERT INTO "times" VALUES ( 20366, 12750, '17:05:00', '17:05:00', 20 );
INSERT INTO "times" VALUES ( 20366, 12760, '17:08:00', '17:08:00', 20 );
INSERT INTO "times" VALUES ( 20366, 12770, '17:12:00', '17:12:00', 20 );
INSERT INTO "times" VALUES ( 20366, 12780, '17:16:00', '17:16:00', 20 );
INSERT INTO "times" VALUES ( 20366, 12790, '17:17:00', '17:17:00', 20 );
INSERT INTO "times" VALUES ( 20366, 12800, '17:19:00', '17:23:00', 20 );
INSERT INTO "times" VALUES ( 20366, 12810, '17:25:00', '17:25:00', 20 );
INSERT INTO "times" VALUES ( 20366, 12820, '17:26:00', '17:26:00', 20 );
INSERT INTO "times" VALUES ( 20366, 12830, '17:28:00', '17:28:00', 20 );
INSERT INTO "times" VALUES ( 20366, 12840, '17:29:00', '17:29:00', 20 );
INSERT INTO "times" VALUES ( 20366, 12850, '17:31:00', '17:31:00', 20 );
INSERT INTO "times" VALUES ( 20366, 12860, '17:32:00', '17:32:00', 20 );
INSERT INTO "times" VALUES ( 20366, 12870, '17:34:00', '17:34:00', 20 );
INSERT INTO "times" VALUES ( 20366, 12880, '17:36:00', '17:36:00', 20 );
INSERT INTO "times" VALUES ( 20366, 12890, '17:38:00', '17:38:00', 20 );
INSERT INTO "times" VALUES ( 20366, 12900, '17:39:00', '17:44:00', 20 );
INSERT INTO "times" VALUES ( 20366, 13510, '17:45:00', '17:45:00', 30 );
INSERT INTO "times" VALUES ( 20366, 13520, '17:48:00', NULL, NULL );

INSERT INTO "dias" VALUES ( 20367, 100, FALSE, TRUE, 'Q1503B', 13520, 11510 );
INSERT INTO "dias_line_groups" VALUES ( 20367, 10 );
INSERT INTO "times" VALUES ( 20367, 11510, '17:27:00', NULL, NULL );
INSERT INTO "times" VALUES ( 20367, 11520, '17:24:00', '17:24:00', 10 );
INSERT INTO "times" VALUES ( 20367, 11530, '17:23:00', '17:23:00', 10 );
INSERT INTO "times" VALUES ( 20367, 11540, '17:21:00', '17:21:00', 10 );
INSERT INTO "times" VALUES ( 20367, 12530, '17:20:00', '17:20:00', 10 );
INSERT INTO "times" VALUES ( 20367, 12540, '17:10:00', '17:17:00', 20 );
INSERT INTO "times" VALUES ( 20367, 12550, '17:08:00', '17:08:00', 20 );
INSERT INTO "times" VALUES ( 20367, 12560, '17:06:00', '17:06:00', 20 );
INSERT INTO "times" VALUES ( 20367, 12570, '17:04:00', '17:04:00', 20 );
INSERT INTO "times" VALUES ( 20367, 12580, '17:03:00', '17:03:00', 20 );
INSERT INTO "times" VALUES ( 20367, 12590, '17:02:00', '17:02:00', 20 );
INSERT INTO "times" VALUES ( 20367, 12600, '17:00:00', '17:00:00', 20 );
INSERT INTO "times" VALUES ( 20367, 12610, '16:55:00', '16:59:00', 20 );
INSERT INTO "times" VALUES ( 20367, 12620, '16:53:00', '16:53:00', 20 );
INSERT INTO "times" VALUES ( 20367, 12630, '16:51:00', '16:51:00', 20 );
INSERT INTO "times" VALUES ( 20367, 12640, '16:49:00', '16:49:00', 20 );
INSERT INTO "times" VALUES ( 20367, 12650, '16:48:00', '16:48:00', 20 );
INSERT INTO "times" VALUES ( 20367, 12660, '16:44:00', '16:46:00', 20 );
INSERT INTO "times" VALUES ( 20367, 12670, '16:42:00', '16:42:00', 20 );
INSERT INTO "times" VALUES ( 20367, 12680, '16:39:00', '16:39:00', 20 );
INSERT INTO "times" VALUES ( 20367, 12690, '16:36:00', '16:36:00', 20 );
INSERT INTO "times" VALUES ( 20367, 12700, '16:34:00', '16:34:00', 20 );
INSERT INTO "times" VALUES ( 20367, 12710, '16:29:00', '16:32:00', 20 );
INSERT INTO "times" VALUES ( 20367, 12720, '16:26:00', '16:26:00', 20 );
INSERT INTO "times" VALUES ( 20367, 12730, '16:24:00', '16:24:00', 20 );
INSERT INTO "times" VALUES ( 20367, 12740, '16:21:00', '16:21:00', 20 );
INSERT INTO "times" VALUES ( 20367, 12750, '16:18:00', '16:18:00', 20 );
INSERT INTO "times" VALUES ( 20367, 12760, '16:16:00', '16:16:00', 20 );
INSERT INTO "times" VALUES ( 20367, 12770, '16:12:00', '16:12:00', 20 );
INSERT INTO "times" VALUES ( 20367, 12780, '16:07:00', '16:07:00', 20 );
INSERT INTO "times" VALUES ( 20367, 12790, '16:05:00', '16:05:00', 20 );
INSERT INTO "times" VALUES ( 20367, 12800, '15:59:00', '16:03:00', 20 );
INSERT INTO "times" VALUES ( 20367, 12810, '15:57:00', '15:57:00', 20 );
INSERT INTO "times" VALUES ( 20367, 12820, '15:56:00', '15:56:00', 20 );
INSERT INTO "times" VALUES ( 20367, 12830, '15:52:00', '15:54:00', 20 );
INSERT INTO "times" VALUES ( 20367, 12840, '15:50:00', '15:50:00', 20 );
INSERT INTO "times" VALUES ( 20367, 12850, '15:48:00', '15:48:00', 20 );
INSERT INTO "times" VALUES ( 20367, 12860, '15:46:00', '15:46:00', 20 );
INSERT INTO "times" VALUES ( 20367, 12870, '15:45:00', '15:45:00', 20 );
INSERT INTO "times" VALUES ( 20367, 12880, '15:43:00', '15:43:00', 20 );
INSERT INTO "times" VALUES ( 20367, 12890, '15:41:00', '15:41:00', 20 );
INSERT INTO "times" VALUES ( 20367, 12900, '15:35:00', '15:40:00', 20 );
INSERT INTO "times" VALUES ( 20367, 13510, '15:33:00', '15:33:00', 30 );
INSERT INTO "times" VALUES ( 20367, 13520, NULL, '15:31:00', 30 );

INSERT INTO "dias" VALUES ( 20368, 100, FALSE, TRUE, 'Q1600Z', 11510, 13520 );
INSERT INTO "dias_line_groups" VALUES ( 20368, 10 );
INSERT INTO "times" VALUES ( 20368, 11510, NULL, '16:24:00', 10 );
INSERT INTO "times" VALUES ( 20368, 11520, '16:25:00', '16:25:00', 10 );
INSERT INTO "times" VALUES ( 20368, 11530, '16:27:00', '16:27:00', 10 );
INSERT INTO "times" VALUES ( 20368, 11540, '16:29:00', '16:29:00', 10 );
INSERT INTO "times" VALUES ( 20368, 12530, '16:31:00', '16:32:00', 20 );
INSERT INTO "times" VALUES ( 20368, 12540, '16:34:00', '16:41:00', 20 );
INSERT INTO "times" VALUES ( 20368, 12550, '16:43:00', '16:43:00', 20 );
INSERT INTO "times" VALUES ( 20368, 12560, '16:45:00', '16:45:00', 20 );
INSERT INTO "times" VALUES ( 20368, 12570, '16:46:00', '16:46:00', 20 );
INSERT INTO "times" VALUES ( 20368, 12580, '16:48:00', '16:48:00', 20 );
INSERT INTO "times" VALUES ( 20368, 12590, '16:49:00', '16:49:00', 20 );
INSERT INTO "times" VALUES ( 20368, 12600, '16:50:00', '16:50:00', 20 );
INSERT INTO "times" VALUES ( 20368, 12610, '16:52:00', '16:55:00', 20 );
INSERT INTO "times" VALUES ( 20368, 12620, '16:57:00', '16:57:00', 20 );
INSERT INTO "times" VALUES ( 20368, 12630, '16:58:00', '16:58:00', 20 );
INSERT INTO "times" VALUES ( 20368, 12640, '17:00:00', '17:00:00', 20 );
INSERT INTO "times" VALUES ( 20368, 12650, '17:02:00', '17:02:00', 20 );
INSERT INTO "times" VALUES ( 20368, 12660, '17:04:00', '17:05:00', 20 );
INSERT INTO "times" VALUES ( 20368, 12670, '17:08:00', '17:08:00', 20 );
INSERT INTO "times" VALUES ( 20368, 12680, '17:11:00', '17:18:00', 20 );
INSERT INTO "times" VALUES ( 20368, 12690, '17:20:00', '17:20:00', 20 );
INSERT INTO "times" VALUES ( 20368, 12700, '17:22:00', '17:22:00', 20 );
INSERT INTO "times" VALUES ( 20368, 12710, '17:25:00', '17:25:00', 20 );
INSERT INTO "times" VALUES ( 20368, 12720, '17:26:00', '17:26:00', 20 );
INSERT INTO "times" VALUES ( 20368, 12730, '17:29:00', '17:29:00', 20 );
INSERT INTO "times" VALUES ( 20368, 12740, '17:32:00', '17:32:00', 20 );
INSERT INTO "times" VALUES ( 20368, 12750, '17:35:00', '17:35:00', 20 );
INSERT INTO "times" VALUES ( 20368, 12760, '17:38:00', '17:38:00', 20 );
INSERT INTO "times" VALUES ( 20368, 12770, '17:42:00', '17:42:00', 20 );
INSERT INTO "times" VALUES ( 20368, 12780, '17:46:00', '17:46:00', 20 );
INSERT INTO "times" VALUES ( 20368, 12790, '17:47:00', '17:47:00', 20 );
INSERT INTO "times" VALUES ( 20368, 12800, '17:49:00', '17:53:00', 20 );
INSERT INTO "times" VALUES ( 20368, 12810, '17:55:00', '17:55:00', 20 );
INSERT INTO "times" VALUES ( 20368, 12820, '17:56:00', '17:56:00', 20 );
INSERT INTO "times" VALUES ( 20368, 12830, '17:58:00', '17:58:00', 20 );
INSERT INTO "times" VALUES ( 20368, 12840, '17:59:00', '17:59:00', 20 );
INSERT INTO "times" VALUES ( 20368, 12850, '18:01:00', '18:01:00', 20 );
INSERT INTO "times" VALUES ( 20368, 12860, '18:02:00', '18:02:00', 20 );
INSERT INTO "times" VALUES ( 20368, 12870, '18:04:00', '18:04:00', 20 );
INSERT INTO "times" VALUES ( 20368, 12880, '18:06:00', '18:06:00', 20 );
INSERT INTO "times" VALUES ( 20368, 12890, '18:08:00', '18:08:00', 20 );
INSERT INTO "times" VALUES ( 20368, 12900, '18:09:00', '18:13:00', 20 );
INSERT INTO "times" VALUES ( 20368, 13510, '18:15:00', '18:15:00', 30 );
INSERT INTO "times" VALUES ( 20368, 13520, '18:18:00', NULL, NULL );

INSERT INTO "dias" VALUES ( 20369, 100, FALSE, TRUE, 'Q1601B', 13520, 11510 );
INSERT INTO "dias_line_groups" VALUES ( 20369, 10 );
INSERT INTO "times" VALUES ( 20369, 11510, '17:57:00', NULL, NULL );
INSERT INTO "times" VALUES ( 20369, 11520, '17:55:00', '17:55:00', 10 );
INSERT INTO "times" VALUES ( 20369, 11530, '17:53:00', '17:53:00', 10 );
INSERT INTO "times" VALUES ( 20369, 11540, '17:52:00', '17:52:00', 10 );
INSERT INTO "times" VALUES ( 20369, 12530, '17:50:00', '17:50:00', 10 );
INSERT INTO "times" VALUES ( 20369, 12540, '17:41:00', '17:47:00', 20 );
INSERT INTO "times" VALUES ( 20369, 12550, '17:39:00', '17:39:00', 20 );
INSERT INTO "times" VALUES ( 20369, 12560, '17:37:00', '17:37:00', 20 );
INSERT INTO "times" VALUES ( 20369, 12570, '17:35:00', '17:35:00', 20 );
INSERT INTO "times" VALUES ( 20369, 12580, '17:34:00', '17:34:00', 20 );
INSERT INTO "times" VALUES ( 20369, 12590, '17:33:00', '17:33:00', 20 );
INSERT INTO "times" VALUES ( 20369, 12600, '17:31:00', '17:31:00', 20 );
INSERT INTO "times" VALUES ( 20369, 12610, '17:26:00', '17:30:00', 20 );
INSERT INTO "times" VALUES ( 20369, 12620, '17:24:00', '17:24:00', 20 );
INSERT INTO "times" VALUES ( 20369, 12630, '17:22:00', '17:22:00', 20 );
INSERT INTO "times" VALUES ( 20369, 12640, '17:21:00', '17:21:00', 20 );
INSERT INTO "times" VALUES ( 20369, 12650, '17:19:00', '17:19:00', 20 );
INSERT INTO "times" VALUES ( 20369, 12660, '17:15:00', '17:17:00', 20 );
INSERT INTO "times" VALUES ( 20369, 12670, '17:12:00', '17:12:00', 20 );
INSERT INTO "times" VALUES ( 20369, 12680, '17:09:00', '17:09:00', 20 );
INSERT INTO "times" VALUES ( 20369, 12690, '17:07:00', '17:07:00', 20 );
INSERT INTO "times" VALUES ( 20369, 12700, '17:04:00', '17:04:00', 20 );
INSERT INTO "times" VALUES ( 20369, 12710, '17:03:00', '17:03:00', 20 );
INSERT INTO "times" VALUES ( 20369, 12720, '17:00:00', '17:00:00', 20 );
INSERT INTO "times" VALUES ( 20369, 12730, '16:57:00', '16:57:00', 20 );
INSERT INTO "times" VALUES ( 20369, 12740, '16:51:00', '16:55:00', 20 );
INSERT INTO "times" VALUES ( 20369, 12750, '16:48:00', '16:48:00', 20 );
INSERT INTO "times" VALUES ( 20369, 12760, '16:46:00', '16:46:00', 20 );
INSERT INTO "times" VALUES ( 20369, 12770, '16:42:00', '16:42:00', 20 );
INSERT INTO "times" VALUES ( 20369, 12780, '16:37:00', '16:37:00', 20 );
INSERT INTO "times" VALUES ( 20369, 12790, '16:35:00', '16:35:00', 20 );
INSERT INTO "times" VALUES ( 20369, 12800, '16:29:00', '16:33:00', 20 );
INSERT INTO "times" VALUES ( 20369, 12810, '16:27:00', '16:27:00', 20 );
INSERT INTO "times" VALUES ( 20369, 12820, '16:26:00', '16:26:00', 20 );
INSERT INTO "times" VALUES ( 20369, 12830, '16:22:00', '16:24:00', 20 );
INSERT INTO "times" VALUES ( 20369, 12840, '16:20:00', '16:20:00', 20 );
INSERT INTO "times" VALUES ( 20369, 12850, '16:18:00', '16:18:00', 20 );
INSERT INTO "times" VALUES ( 20369, 12860, '16:16:00', '16:16:00', 20 );
INSERT INTO "times" VALUES ( 20369, 12870, '16:15:00', '16:15:00', 20 );
INSERT INTO "times" VALUES ( 20369, 12880, '16:13:00', '16:13:00', 20 );
INSERT INTO "times" VALUES ( 20369, 12890, '16:11:00', '16:11:00', 20 );
INSERT INTO "times" VALUES ( 20369, 12900, '16:05:00', '16:10:00', 20 );
INSERT INTO "times" VALUES ( 20369, 13510, '16:03:00', '16:03:00', 30 );
INSERT INTO "times" VALUES ( 20369, 13520, NULL, '16:01:00', 30 );

INSERT INTO "dias" VALUES ( 20370, 100, FALSE, TRUE, 'Q1602Z', 11510, 13520 );
INSERT INTO "dias_line_groups" VALUES ( 20370, 10 );
INSERT INTO "times" VALUES ( 20370, 11510, NULL, '16:54:00', 10 );
INSERT INTO "times" VALUES ( 20370, 11520, '16:55:00', '16:55:00', 10 );
INSERT INTO "times" VALUES ( 20370, 11530, '16:57:00', '16:57:00', 10 );
INSERT INTO "times" VALUES ( 20370, 11540, '16:59:00', '16:59:00', 10 );
INSERT INTO "times" VALUES ( 20370, 12530, '17:01:00', '17:02:00', 20 );
INSERT INTO "times" VALUES ( 20370, 12540, '17:04:00', '17:11:00', 20 );
INSERT INTO "times" VALUES ( 20370, 12550, '17:13:00', '17:13:00', 20 );
INSERT INTO "times" VALUES ( 20370, 12560, '17:15:00', '17:15:00', 20 );
INSERT INTO "times" VALUES ( 20370, 12570, '17:16:00', '17:16:00', 20 );
INSERT INTO "times" VALUES ( 20370, 12580, '17:18:00', '17:18:00', 20 );
INSERT INTO "times" VALUES ( 20370, 12590, '17:19:00', '17:19:00', 20 );
INSERT INTO "times" VALUES ( 20370, 12600, '17:20:00', '17:20:00', 20 );
INSERT INTO "times" VALUES ( 20370, 12610, '17:22:00', '17:25:00', 20 );
INSERT INTO "times" VALUES ( 20370, 12620, '17:27:00', '17:27:00', 20 );
INSERT INTO "times" VALUES ( 20370, 12630, '17:28:00', '17:28:00', 20 );
INSERT INTO "times" VALUES ( 20370, 12640, '17:30:00', '17:30:00', 20 );
INSERT INTO "times" VALUES ( 20370, 12650, '17:32:00', '17:32:00', 20 );
INSERT INTO "times" VALUES ( 20370, 12660, '17:34:00', '17:35:00', 20 );
INSERT INTO "times" VALUES ( 20370, 12670, '17:38:00', '17:38:00', 20 );
INSERT INTO "times" VALUES ( 20370, 12680, '17:41:00', '17:48:00', 20 );
INSERT INTO "times" VALUES ( 20370, 12690, '17:50:00', '17:50:00', 20 );
INSERT INTO "times" VALUES ( 20370, 12700, '17:52:00', '17:52:00', 20 );
INSERT INTO "times" VALUES ( 20370, 12710, '17:55:00', '17:55:00', 20 );
INSERT INTO "times" VALUES ( 20370, 12720, '17:56:00', '17:56:00', 20 );
INSERT INTO "times" VALUES ( 20370, 12730, '17:59:00', '17:59:00', 20 );
INSERT INTO "times" VALUES ( 20370, 12740, '18:02:00', '18:02:00', 20 );
INSERT INTO "times" VALUES ( 20370, 12750, '18:05:00', '18:05:00', 20 );
INSERT INTO "times" VALUES ( 20370, 12760, '18:08:00', '18:08:00', 20 );
INSERT INTO "times" VALUES ( 20370, 12770, '18:12:00', '18:12:00', 20 );
INSERT INTO "times" VALUES ( 20370, 12780, '18:16:00', '18:16:00', 20 );
INSERT INTO "times" VALUES ( 20370, 12790, '18:17:00', '18:17:00', 20 );
INSERT INTO "times" VALUES ( 20370, 12800, '18:19:00', '18:23:00', 20 );
INSERT INTO "times" VALUES ( 20370, 12810, '18:25:00', '18:25:00', 20 );
INSERT INTO "times" VALUES ( 20370, 12820, '18:26:00', '18:26:00', 20 );
INSERT INTO "times" VALUES ( 20370, 12830, '18:28:00', '18:28:00', 20 );
INSERT INTO "times" VALUES ( 20370, 12840, '18:29:00', '18:29:00', 20 );
INSERT INTO "times" VALUES ( 20370, 12850, '18:31:00', '18:31:00', 20 );
INSERT INTO "times" VALUES ( 20370, 12860, '18:32:00', '18:32:00', 20 );
INSERT INTO "times" VALUES ( 20370, 12870, '18:34:00', '18:34:00', 20 );
INSERT INTO "times" VALUES ( 20370, 12880, '18:36:00', '18:36:00', 20 );
INSERT INTO "times" VALUES ( 20370, 12890, '18:38:00', '18:38:00', 20 );
INSERT INTO "times" VALUES ( 20370, 12900, '18:39:00', '18:43:00', 20 );
INSERT INTO "times" VALUES ( 20370, 13510, '18:45:00', '18:45:00', 30 );
INSERT INTO "times" VALUES ( 20370, 13520, '18:48:00', NULL, NULL );

INSERT INTO "dias" VALUES ( 20371, 100, FALSE, TRUE, 'Q1603B', 13520, 11510 );
INSERT INTO "dias_line_groups" VALUES ( 20371, 10 );
INSERT INTO "times" VALUES ( 20371, 11510, '18:27:00', NULL, NULL );
INSERT INTO "times" VALUES ( 20371, 11520, '18:24:00', '18:24:00', 10 );
INSERT INTO "times" VALUES ( 20371, 11530, '18:23:00', '18:23:00', 10 );
INSERT INTO "times" VALUES ( 20371, 11540, '18:21:00', '18:21:00', 10 );
INSERT INTO "times" VALUES ( 20371, 12530, '18:20:00', '18:20:00', 10 );
INSERT INTO "times" VALUES ( 20371, 12540, '18:10:00', '18:17:00', 20 );
INSERT INTO "times" VALUES ( 20371, 12550, '18:08:00', '18:08:00', 20 );
INSERT INTO "times" VALUES ( 20371, 12560, '18:06:00', '18:06:00', 20 );
INSERT INTO "times" VALUES ( 20371, 12570, '18:04:00', '18:04:00', 20 );
INSERT INTO "times" VALUES ( 20371, 12580, '18:03:00', '18:03:00', 20 );
INSERT INTO "times" VALUES ( 20371, 12590, '18:02:00', '18:02:00', 20 );
INSERT INTO "times" VALUES ( 20371, 12600, '18:00:00', '18:00:00', 20 );
INSERT INTO "times" VALUES ( 20371, 12610, '17:56:00', '17:59:00', 20 );
INSERT INTO "times" VALUES ( 20371, 12620, '17:54:00', '17:54:00', 20 );
INSERT INTO "times" VALUES ( 20371, 12630, '17:52:00', '17:52:00', 20 );
INSERT INTO "times" VALUES ( 20371, 12640, '17:51:00', '17:51:00', 20 );
INSERT INTO "times" VALUES ( 20371, 12650, '17:49:00', '17:49:00', 20 );
INSERT INTO "times" VALUES ( 20371, 12660, '17:45:00', '17:47:00', 20 );
INSERT INTO "times" VALUES ( 20371, 12670, '17:42:00', '17:42:00', 20 );
INSERT INTO "times" VALUES ( 20371, 12680, '17:39:00', '17:39:00', 20 );
INSERT INTO "times" VALUES ( 20371, 12690, '17:36:00', '17:36:00', 20 );
INSERT INTO "times" VALUES ( 20371, 12700, '17:34:00', '17:34:00', 20 );
INSERT INTO "times" VALUES ( 20371, 12710, '17:29:00', '17:32:00', 20 );
INSERT INTO "times" VALUES ( 20371, 12720, '17:26:00', '17:26:00', 20 );
INSERT INTO "times" VALUES ( 20371, 12730, '17:24:00', '17:24:00', 20 );
INSERT INTO "times" VALUES ( 20371, 12740, '17:21:00', '17:21:00', 20 );
INSERT INTO "times" VALUES ( 20371, 12750, '17:18:00', '17:18:00', 20 );
INSERT INTO "times" VALUES ( 20371, 12760, '17:16:00', '17:16:00', 20 );
INSERT INTO "times" VALUES ( 20371, 12770, '17:12:00', '17:12:00', 20 );
INSERT INTO "times" VALUES ( 20371, 12780, '17:07:00', '17:07:00', 20 );
INSERT INTO "times" VALUES ( 20371, 12790, '17:05:00', '17:05:00', 20 );
INSERT INTO "times" VALUES ( 20371, 12800, '16:59:00', '17:03:00', 20 );
INSERT INTO "times" VALUES ( 20371, 12810, '16:57:00', '16:57:00', 20 );
INSERT INTO "times" VALUES ( 20371, 12820, '16:56:00', '16:56:00', 20 );
INSERT INTO "times" VALUES ( 20371, 12830, '16:52:00', '16:54:00', 20 );
INSERT INTO "times" VALUES ( 20371, 12840, '16:50:00', '16:50:00', 20 );
INSERT INTO "times" VALUES ( 20371, 12850, '16:48:00', '16:48:00', 20 );
INSERT INTO "times" VALUES ( 20371, 12860, '16:46:00', '16:46:00', 20 );
INSERT INTO "times" VALUES ( 20371, 12870, '16:45:00', '16:45:00', 20 );
INSERT INTO "times" VALUES ( 20371, 12880, '16:43:00', '16:43:00', 20 );
INSERT INTO "times" VALUES ( 20371, 12890, '16:41:00', '16:41:00', 20 );
INSERT INTO "times" VALUES ( 20371, 12900, '16:35:00', '16:40:00', 20 );
INSERT INTO "times" VALUES ( 20371, 13510, '16:33:00', '16:33:00', 30 );
INSERT INTO "times" VALUES ( 20371, 13520, NULL, '16:31:00', 30 );

INSERT INTO "dias" VALUES ( 20372, 100, FALSE, TRUE, 'Q1605B', 13520, 11510 );
INSERT INTO "dias_line_groups" VALUES ( 20372, 10 );
INSERT INTO "times" VALUES ( 20372, 11510, '18:47:00', NULL, NULL );
INSERT INTO "times" VALUES ( 20372, 11520, '18:45:00', '18:45:00', 10 );
INSERT INTO "times" VALUES ( 20372, 11530, '18:43:00', '18:43:00', 10 );
INSERT INTO "times" VALUES ( 20372, 11540, '18:42:00', '18:42:00', 10 );
INSERT INTO "times" VALUES ( 20372, 12530, '18:40:00', '18:40:00', 10 );
INSERT INTO "times" VALUES ( 20372, 12540, '18:31:00', '18:37:00', 20 );
INSERT INTO "times" VALUES ( 20372, 12550, '18:29:00', '18:29:00', 20 );
INSERT INTO "times" VALUES ( 20372, 12560, '18:27:00', '18:27:00', 20 );
INSERT INTO "times" VALUES ( 20372, 12570, '18:25:00', '18:25:00', 20 );
INSERT INTO "times" VALUES ( 20372, 12580, '18:24:00', '18:24:00', 20 );
INSERT INTO "times" VALUES ( 20372, 12590, '18:23:00', '18:23:00', 20 );
INSERT INTO "times" VALUES ( 20372, 12600, '18:21:00', '18:21:00', 20 );
INSERT INTO "times" VALUES ( 20372, 12610, '18:15:00', '18:20:00', 20 );
INSERT INTO "times" VALUES ( 20372, 12620, '18:13:00', '18:13:00', 20 );
INSERT INTO "times" VALUES ( 20372, 12630, '18:12:00', '18:12:00', 20 );
INSERT INTO "times" VALUES ( 20372, 12640, '18:10:00', '18:10:00', 20 );
INSERT INTO "times" VALUES ( 20372, 12650, '18:08:00', '18:08:00', 20 );
INSERT INTO "times" VALUES ( 20372, 12660, '18:07:00', '18:07:00', 20 );
INSERT INTO "times" VALUES ( 20372, 12670, '18:03:00', '18:03:00', 20 );
INSERT INTO "times" VALUES ( 20372, 12680, '18:00:00', '18:00:00', 20 );
INSERT INTO "times" VALUES ( 20372, 12690, '17:58:00', '17:58:00', 20 );
INSERT INTO "times" VALUES ( 20372, 12700, '17:55:00', '17:55:00', 20 );
INSERT INTO "times" VALUES ( 20372, 12710, '17:54:00', '17:54:00', 20 );
INSERT INTO "times" VALUES ( 20372, 12720, '17:51:00', '17:51:00', 20 );
INSERT INTO "times" VALUES ( 20372, 12730, '17:49:00', '17:49:00', 20 );
INSERT INTO "times" VALUES ( 20372, 12740, '17:41:00', '17:46:00', 20 );
INSERT INTO "times" VALUES ( 20372, 12750, '17:38:00', '17:38:00', 20 );
INSERT INTO "times" VALUES ( 20372, 12760, '17:36:00', '17:36:00', 20 );
INSERT INTO "times" VALUES ( 20372, 12770, '17:29:00', '17:32:00', 20 );
INSERT INTO "times" VALUES ( 20372, 12780, '17:25:00', '17:25:00', 20 );
INSERT INTO "times" VALUES ( 20372, 12790, '17:22:00', '17:22:00', 20 );
INSERT INTO "times" VALUES ( 20372, 12800, '17:17:00', '17:21:00', 20 );
INSERT INTO "times" VALUES ( 20372, 12810, '17:15:00', '17:15:00', 20 );
INSERT INTO "times" VALUES ( 20372, 12820, '17:13:00', '17:13:00', 20 );
INSERT INTO "times" VALUES ( 20372, 12830, '17:12:00', '17:12:00', 20 );
INSERT INTO "times" VALUES ( 20372, 12840, '17:10:00', '17:10:00', 20 );
INSERT INTO "times" VALUES ( 20372, 12850, '17:08:00', '17:08:00', 20 );
INSERT INTO "times" VALUES ( 20372, 12860, '17:07:00', '17:07:00', 20 );
INSERT INTO "times" VALUES ( 20372, 12870, '17:05:00', '17:05:00', 20 );
INSERT INTO "times" VALUES ( 20372, 12880, '17:03:00', '17:03:00', 20 );
INSERT INTO "times" VALUES ( 20372, 12890, '17:01:00', '17:01:00', 20 );
INSERT INTO "times" VALUES ( 20372, 12900, '16:56:00', '17:00:00', 20 );
INSERT INTO "times" VALUES ( 20372, 13510, '16:54:00', '16:54:00', 30 );
INSERT INTO "times" VALUES ( 20372, 13520, NULL, '16:52:00', 30 );

INSERT INTO "dias" VALUES ( 20373, 100, FALSE, TRUE, 'Q1700Z', 11510, 13520 );
INSERT INTO "dias_line_groups" VALUES ( 20373, 10 );
INSERT INTO "times" VALUES ( 20373, 11510, NULL, '17:24:00', 10 );
INSERT INTO "times" VALUES ( 20373, 11520, '17:25:00', '17:25:00', 10 );
INSERT INTO "times" VALUES ( 20373, 11530, '17:27:00', '17:27:00', 10 );
INSERT INTO "times" VALUES ( 20373, 11540, '17:29:00', '17:29:00', 10 );
INSERT INTO "times" VALUES ( 20373, 12530, '17:31:00', '17:32:00', 20 );
INSERT INTO "times" VALUES ( 20373, 12540, '17:34:00', '17:41:00', 20 );
INSERT INTO "times" VALUES ( 20373, 12550, '17:44:00', '17:44:00', 20 );
INSERT INTO "times" VALUES ( 20373, 12560, '17:45:00', '17:45:00', 20 );
INSERT INTO "times" VALUES ( 20373, 12570, '17:47:00', '17:47:00', 20 );
INSERT INTO "times" VALUES ( 20373, 12580, '17:48:00', '17:48:00', 20 );
INSERT INTO "times" VALUES ( 20373, 12590, '17:50:00', '17:50:00', 20 );
INSERT INTO "times" VALUES ( 20373, 12600, '17:51:00', '17:51:00', 20 );
INSERT INTO "times" VALUES ( 20373, 12610, '17:53:00', '17:56:00', 20 );
INSERT INTO "times" VALUES ( 20373, 12620, '17:58:00', '17:58:00', 20 );
INSERT INTO "times" VALUES ( 20373, 12630, '17:59:00', '17:59:00', 20 );
INSERT INTO "times" VALUES ( 20373, 12640, '18:01:00', '18:01:00', 20 );
INSERT INTO "times" VALUES ( 20373, 12650, '18:03:00', '18:03:00', 20 );
INSERT INTO "times" VALUES ( 20373, 12660, '18:05:00', '18:05:00', 20 );
INSERT INTO "times" VALUES ( 20373, 12670, '18:08:00', '18:08:00', 20 );
INSERT INTO "times" VALUES ( 20373, 12680, '18:12:00', '18:18:00', 20 );
INSERT INTO "times" VALUES ( 20373, 12690, '18:20:00', '18:20:00', 20 );
INSERT INTO "times" VALUES ( 20373, 12700, '18:22:00', '18:22:00', 20 );
INSERT INTO "times" VALUES ( 20373, 12710, '18:25:00', '18:25:00', 20 );
INSERT INTO "times" VALUES ( 20373, 12720, '18:26:00', '18:26:00', 20 );
INSERT INTO "times" VALUES ( 20373, 12730, '18:29:00', '18:29:00', 20 );
INSERT INTO "times" VALUES ( 20373, 12740, '18:32:00', '18:32:00', 20 );
INSERT INTO "times" VALUES ( 20373, 12750, '18:35:00', '18:35:00', 20 );
INSERT INTO "times" VALUES ( 20373, 12760, '18:38:00', '18:38:00', 20 );
INSERT INTO "times" VALUES ( 20373, 12770, '18:42:00', '18:42:00', 20 );
INSERT INTO "times" VALUES ( 20373, 12780, '18:46:00', '18:46:00', 20 );
INSERT INTO "times" VALUES ( 20373, 12790, '18:47:00', '18:47:00', 20 );
INSERT INTO "times" VALUES ( 20373, 12800, '18:49:00', '18:53:00', 20 );
INSERT INTO "times" VALUES ( 20373, 12810, '18:55:00', '18:55:00', 20 );
INSERT INTO "times" VALUES ( 20373, 12820, '18:56:00', '18:56:00', 20 );
INSERT INTO "times" VALUES ( 20373, 12830, '18:58:00', '18:58:00', 20 );
INSERT INTO "times" VALUES ( 20373, 12840, '18:59:00', '18:59:00', 20 );
INSERT INTO "times" VALUES ( 20373, 12850, '19:01:00', '19:01:00', 20 );
INSERT INTO "times" VALUES ( 20373, 12860, '19:02:00', '19:02:00', 20 );
INSERT INTO "times" VALUES ( 20373, 12870, '19:04:00', '19:04:00', 20 );
INSERT INTO "times" VALUES ( 20373, 12880, '19:06:00', '19:06:00', 20 );
INSERT INTO "times" VALUES ( 20373, 12890, '19:08:00', '19:08:00', 20 );
INSERT INTO "times" VALUES ( 20373, 12900, '19:09:00', '19:13:00', 20 );
INSERT INTO "times" VALUES ( 20373, 13510, '19:15:00', '19:15:00', 30 );
INSERT INTO "times" VALUES ( 20373, 13520, '19:18:00', NULL, NULL );

INSERT INTO "dias" VALUES ( 20374, 100, FALSE, TRUE, 'Q1701B', 13520, 11510 );
INSERT INTO "dias_line_groups" VALUES ( 20374, 10 );
INSERT INTO "times" VALUES ( 20374, 11510, '18:57:00', NULL, NULL );
INSERT INTO "times" VALUES ( 20374, 11520, '18:54:00', '18:54:00', 10 );
INSERT INTO "times" VALUES ( 20374, 11530, '18:53:00', '18:53:00', 10 );
INSERT INTO "times" VALUES ( 20374, 11540, '18:51:00', '18:51:00', 10 );
INSERT INTO "times" VALUES ( 20374, 12530, '18:50:00', '18:50:00', 10 );
INSERT INTO "times" VALUES ( 20374, 12540, '18:41:00', '18:47:00', 20 );
INSERT INTO "times" VALUES ( 20374, 12550, '18:39:00', '18:39:00', 20 );
INSERT INTO "times" VALUES ( 20374, 12560, '18:37:00', '18:37:00', 20 );
INSERT INTO "times" VALUES ( 20374, 12570, '18:35:00', '18:35:00', 20 );
INSERT INTO "times" VALUES ( 20374, 12580, '18:34:00', '18:34:00', 20 );
INSERT INTO "times" VALUES ( 20374, 12590, '18:33:00', '18:33:00', 20 );
INSERT INTO "times" VALUES ( 20374, 12600, '18:31:00', '18:31:00', 20 );
INSERT INTO "times" VALUES ( 20374, 12610, '18:26:00', '18:30:00', 20 );
INSERT INTO "times" VALUES ( 20374, 12620, '18:24:00', '18:24:00', 20 );
INSERT INTO "times" VALUES ( 20374, 12630, '18:22:00', '18:22:00', 20 );
INSERT INTO "times" VALUES ( 20374, 12640, '18:21:00', '18:21:00', 20 );
INSERT INTO "times" VALUES ( 20374, 12650, '18:19:00', '18:19:00', 20 );
INSERT INTO "times" VALUES ( 20374, 12660, '18:15:00', '18:17:00', 20 );
INSERT INTO "times" VALUES ( 20374, 12670, '18:12:00', '18:12:00', 20 );
INSERT INTO "times" VALUES ( 20374, 12680, '18:09:00', '18:09:00', 20 );
INSERT INTO "times" VALUES ( 20374, 12690, '18:07:00', '18:07:00', 20 );
INSERT INTO "times" VALUES ( 20374, 12700, '18:04:00', '18:04:00', 20 );
INSERT INTO "times" VALUES ( 20374, 12710, '18:03:00', '18:03:00', 20 );
INSERT INTO "times" VALUES ( 20374, 12720, '18:00:00', '18:00:00', 20 );
INSERT INTO "times" VALUES ( 20374, 12730, '17:57:00', '17:57:00', 20 );
INSERT INTO "times" VALUES ( 20374, 12740, '17:51:00', '17:55:00', 20 );
INSERT INTO "times" VALUES ( 20374, 12750, '17:48:00', '17:48:00', 20 );
INSERT INTO "times" VALUES ( 20374, 12760, '17:46:00', '17:46:00', 20 );
INSERT INTO "times" VALUES ( 20374, 12770, '17:42:00', '17:42:00', 20 );
INSERT INTO "times" VALUES ( 20374, 12780, '17:37:00', '17:37:00', 20 );
INSERT INTO "times" VALUES ( 20374, 12790, '17:35:00', '17:35:00', 20 );
INSERT INTO "times" VALUES ( 20374, 12800, '17:29:00', '17:33:00', 20 );
INSERT INTO "times" VALUES ( 20374, 12810, '17:27:00', '17:27:00', 20 );
INSERT INTO "times" VALUES ( 20374, 12820, '17:26:00', '17:26:00', 20 );
INSERT INTO "times" VALUES ( 20374, 12830, '17:22:00', '17:24:00', 20 );
INSERT INTO "times" VALUES ( 20374, 12840, '17:20:00', '17:20:00', 20 );
INSERT INTO "times" VALUES ( 20374, 12850, '17:18:00', '17:18:00', 20 );
INSERT INTO "times" VALUES ( 20374, 12860, '17:16:00', '17:16:00', 20 );
INSERT INTO "times" VALUES ( 20374, 12870, '17:15:00', '17:15:00', 20 );
INSERT INTO "times" VALUES ( 20374, 12880, '17:13:00', '17:13:00', 20 );
INSERT INTO "times" VALUES ( 20374, 12890, '17:11:00', '17:11:00', 20 );
INSERT INTO "times" VALUES ( 20374, 12900, '17:05:00', '17:10:00', 20 );
INSERT INTO "times" VALUES ( 20374, 13510, '17:02:00', '17:02:00', 30 );
INSERT INTO "times" VALUES ( 20374, 13520, NULL, '17:01:00', 30 );

INSERT INTO "dias" VALUES ( 20375, 100, FALSE, TRUE, 'Q1702Z', 11510, 13520 );
INSERT INTO "dias_line_groups" VALUES ( 20375, 10 );
INSERT INTO "times" VALUES ( 20375, 11510, NULL, '17:54:00', 10 );
INSERT INTO "times" VALUES ( 20375, 11520, '17:55:00', '17:55:00', 10 );
INSERT INTO "times" VALUES ( 20375, 11530, '17:57:00', '17:57:00', 10 );
INSERT INTO "times" VALUES ( 20375, 11540, '17:59:00', '17:59:00', 10 );
INSERT INTO "times" VALUES ( 20375, 12530, '18:01:00', '18:02:00', 20 );
INSERT INTO "times" VALUES ( 20375, 12540, '18:04:00', '18:11:00', 20 );
INSERT INTO "times" VALUES ( 20375, 12550, '18:13:00', '18:13:00', 20 );
INSERT INTO "times" VALUES ( 20375, 12560, '18:15:00', '18:15:00', 20 );
INSERT INTO "times" VALUES ( 20375, 12570, '18:16:00', '18:16:00', 20 );
INSERT INTO "times" VALUES ( 20375, 12580, '18:18:00', '18:18:00', 20 );
INSERT INTO "times" VALUES ( 20375, 12590, '18:19:00', '18:19:00', 20 );
INSERT INTO "times" VALUES ( 20375, 12600, '18:20:00', '18:20:00', 20 );
INSERT INTO "times" VALUES ( 20375, 12610, '18:22:00', '18:25:00', 20 );
INSERT INTO "times" VALUES ( 20375, 12620, '18:27:00', '18:27:00', 20 );
INSERT INTO "times" VALUES ( 20375, 12630, '18:28:00', '18:28:00', 20 );
INSERT INTO "times" VALUES ( 20375, 12640, '18:30:00', '18:30:00', 20 );
INSERT INTO "times" VALUES ( 20375, 12650, '18:32:00', '18:32:00', 20 );
INSERT INTO "times" VALUES ( 20375, 12660, '18:34:00', '18:35:00', 20 );
INSERT INTO "times" VALUES ( 20375, 12670, '18:38:00', '18:38:00', 20 );
INSERT INTO "times" VALUES ( 20375, 12680, '18:42:00', '18:48:00', 20 );
INSERT INTO "times" VALUES ( 20375, 12690, '18:50:00', '18:50:00', 20 );
INSERT INTO "times" VALUES ( 20375, 12700, '18:52:00', '18:52:00', 20 );
INSERT INTO "times" VALUES ( 20375, 12710, '18:55:00', '18:55:00', 20 );
INSERT INTO "times" VALUES ( 20375, 12720, '18:57:00', '18:57:00', 20 );
INSERT INTO "times" VALUES ( 20375, 12730, '18:59:00', '18:59:00', 20 );
INSERT INTO "times" VALUES ( 20375, 12740, '19:02:00', '19:02:00', 20 );
INSERT INTO "times" VALUES ( 20375, 12750, '19:05:00', '19:05:00', 20 );
INSERT INTO "times" VALUES ( 20375, 12760, '19:08:00', '19:08:00', 20 );
INSERT INTO "times" VALUES ( 20375, 12770, '19:12:00', '19:12:00', 20 );
INSERT INTO "times" VALUES ( 20375, 12780, '19:16:00', '19:16:00', 20 );
INSERT INTO "times" VALUES ( 20375, 12790, '19:18:00', '19:18:00', 20 );
INSERT INTO "times" VALUES ( 20375, 12800, '19:19:00', '19:23:00', 20 );
INSERT INTO "times" VALUES ( 20375, 12810, '19:25:00', '19:25:00', 20 );
INSERT INTO "times" VALUES ( 20375, 12820, '19:27:00', '19:27:00', 20 );
INSERT INTO "times" VALUES ( 20375, 12830, '19:29:00', '19:29:00', 20 );
INSERT INTO "times" VALUES ( 20375, 12840, '19:30:00', '19:30:00', 20 );
INSERT INTO "times" VALUES ( 20375, 12850, '19:31:00', '19:31:00', 20 );
INSERT INTO "times" VALUES ( 20375, 12860, '19:33:00', '19:33:00', 20 );
INSERT INTO "times" VALUES ( 20375, 12870, '19:35:00', '19:35:00', 20 );
INSERT INTO "times" VALUES ( 20375, 12880, '19:36:00', '19:36:00', 20 );
INSERT INTO "times" VALUES ( 20375, 12890, '19:38:00', '19:38:00', 20 );
INSERT INTO "times" VALUES ( 20375, 12900, '19:40:00', '19:43:00', 20 );
INSERT INTO "times" VALUES ( 20375, 13510, '19:45:00', '19:45:00', 30 );
INSERT INTO "times" VALUES ( 20375, 13520, '19:48:00', NULL, NULL );

INSERT INTO "dias" VALUES ( 20376, 100, FALSE, TRUE, 'Q1703B', 13520, 11510 );
INSERT INTO "dias_line_groups" VALUES ( 20376, 10 );
INSERT INTO "times" VALUES ( 20376, 11510, '19:17:00', NULL, NULL );
INSERT INTO "times" VALUES ( 20376, 11520, '19:14:00', '19:14:00', 10 );
INSERT INTO "times" VALUES ( 20376, 11530, '19:13:00', '19:13:00', 10 );
INSERT INTO "times" VALUES ( 20376, 11540, '19:11:00', '19:11:00', 10 );
INSERT INTO "times" VALUES ( 20376, 12530, '19:10:00', '19:10:00', 10 );
INSERT INTO "times" VALUES ( 20376, 12540, '19:00:00', '19:07:00', 20 );
INSERT INTO "times" VALUES ( 20376, 12550, '18:58:00', '18:58:00', 20 );
INSERT INTO "times" VALUES ( 20376, 12560, '18:56:00', '18:56:00', 20 );
INSERT INTO "times" VALUES ( 20376, 12570, '18:54:00', '18:54:00', 20 );
INSERT INTO "times" VALUES ( 20376, 12580, '18:53:00', '18:53:00', 20 );
INSERT INTO "times" VALUES ( 20376, 12590, '18:52:00', '18:52:00', 20 );
INSERT INTO "times" VALUES ( 20376, 12600, '18:50:00', '18:50:00', 20 );
INSERT INTO "times" VALUES ( 20376, 12610, '18:46:00', '18:49:00', 20 );
INSERT INTO "times" VALUES ( 20376, 12620, '18:44:00', '18:44:00', 20 );
INSERT INTO "times" VALUES ( 20376, 12630, '18:42:00', '18:42:00', 20 );
INSERT INTO "times" VALUES ( 20376, 12640, '18:41:00', '18:41:00', 20 );
INSERT INTO "times" VALUES ( 20376, 12650, '18:39:00', '18:39:00', 20 );
INSERT INTO "times" VALUES ( 20376, 12660, '18:36:00', '18:37:00', 20 );
INSERT INTO "times" VALUES ( 20376, 12670, '18:33:00', '18:33:00', 20 );
INSERT INTO "times" VALUES ( 20376, 12680, '18:31:00', '18:31:00', 20 );
INSERT INTO "times" VALUES ( 20376, 12690, '18:28:00', '18:28:00', 20 );
INSERT INTO "times" VALUES ( 20376, 12700, '18:26:00', '18:26:00', 20 );
INSERT INTO "times" VALUES ( 20376, 12710, '18:24:00', '18:24:00', 20 );
INSERT INTO "times" VALUES ( 20376, 12720, '18:21:00', '18:21:00', 20 );
INSERT INTO "times" VALUES ( 20376, 12730, '18:19:00', '18:19:00', 20 );
INSERT INTO "times" VALUES ( 20376, 12740, '18:12:00', '18:16:00', 20 );
INSERT INTO "times" VALUES ( 20376, 12750, '18:08:00', '18:08:00', 20 );
INSERT INTO "times" VALUES ( 20376, 12760, '18:06:00', '18:06:00', 20 );
INSERT INTO "times" VALUES ( 20376, 12770, '17:59:00', '18:02:00', 20 );
INSERT INTO "times" VALUES ( 20376, 12780, '17:55:00', '17:55:00', 20 );
INSERT INTO "times" VALUES ( 20376, 12790, '17:52:00', '17:52:00', 20 );
INSERT INTO "times" VALUES ( 20376, 12800, '17:47:00', '17:51:00', 20 );
INSERT INTO "times" VALUES ( 20376, 12810, '17:45:00', '17:45:00', 20 );
INSERT INTO "times" VALUES ( 20376, 12820, '17:43:00', '17:43:00', 20 );
INSERT INTO "times" VALUES ( 20376, 12830, '17:42:00', '17:42:00', 20 );
INSERT INTO "times" VALUES ( 20376, 12840, '17:40:00', '17:40:00', 20 );
INSERT INTO "times" VALUES ( 20376, 12850, '17:38:00', '17:38:00', 20 );
INSERT INTO "times" VALUES ( 20376, 12860, '17:37:00', '17:37:00', 20 );
INSERT INTO "times" VALUES ( 20376, 12870, '17:35:00', '17:35:00', 20 );
INSERT INTO "times" VALUES ( 20376, 12880, '17:33:00', '17:33:00', 20 );
INSERT INTO "times" VALUES ( 20376, 12890, '17:31:00', '17:31:00', 20 );
INSERT INTO "times" VALUES ( 20376, 12900, '17:26:00', '17:30:00', 20 );
INSERT INTO "times" VALUES ( 20376, 13510, '17:24:00', '17:24:00', 30 );
INSERT INTO "times" VALUES ( 20376, 13520, NULL, '17:22:00', 30 );

INSERT INTO "dias" VALUES ( 20377, 100, FALSE, TRUE, 'Q1705B', 13520, 11510 );
INSERT INTO "dias_line_groups" VALUES ( 20377, 10 );
INSERT INTO "times" VALUES ( 20377, 11510, '19:27:00', NULL, NULL );
INSERT INTO "times" VALUES ( 20377, 11520, '19:24:00', '19:24:00', 10 );
INSERT INTO "times" VALUES ( 20377, 11530, '19:23:00', '19:23:00', 10 );
INSERT INTO "times" VALUES ( 20377, 11540, '19:21:00', '19:21:00', 10 );
INSERT INTO "times" VALUES ( 20377, 12530, '19:20:00', '19:20:00', 10 );
INSERT INTO "times" VALUES ( 20377, 12540, '19:10:00', '19:17:00', 20 );
INSERT INTO "times" VALUES ( 20377, 12550, '19:08:00', '19:08:00', 20 );
INSERT INTO "times" VALUES ( 20377, 12560, '19:06:00', '19:06:00', 20 );
INSERT INTO "times" VALUES ( 20377, 12570, '19:04:00', '19:04:00', 20 );
INSERT INTO "times" VALUES ( 20377, 12580, '19:03:00', '19:03:00', 20 );
INSERT INTO "times" VALUES ( 20377, 12590, '19:02:00', '19:02:00', 20 );
INSERT INTO "times" VALUES ( 20377, 12600, '19:00:00', '19:00:00', 20 );
INSERT INTO "times" VALUES ( 20377, 12610, '18:56:00', '18:59:00', 20 );
INSERT INTO "times" VALUES ( 20377, 12620, '18:54:00', '18:54:00', 20 );
INSERT INTO "times" VALUES ( 20377, 12630, '18:52:00', '18:52:00', 20 );
INSERT INTO "times" VALUES ( 20377, 12640, '18:51:00', '18:51:00', 20 );
INSERT INTO "times" VALUES ( 20377, 12650, '18:49:00', '18:49:00', 20 );
INSERT INTO "times" VALUES ( 20377, 12660, '18:45:00', '18:47:00', 20 );
INSERT INTO "times" VALUES ( 20377, 12670, '18:43:00', '18:43:00', 20 );
INSERT INTO "times" VALUES ( 20377, 12680, '18:40:00', '18:40:00', 20 );
INSERT INTO "times" VALUES ( 20377, 12690, '18:37:00', '18:37:00', 20 );
INSERT INTO "times" VALUES ( 20377, 12700, '18:35:00', '18:35:00', 20 );
INSERT INTO "times" VALUES ( 20377, 12710, '18:33:00', '18:33:00', 20 );
INSERT INTO "times" VALUES ( 20377, 12720, '18:30:00', '18:30:00', 20 );
INSERT INTO "times" VALUES ( 20377, 12730, '18:28:00', '18:28:00', 20 );
INSERT INTO "times" VALUES ( 20377, 12740, '18:21:00', '18:25:00', 20 );
INSERT INTO "times" VALUES ( 20377, 12750, '18:18:00', '18:18:00', 20 );
INSERT INTO "times" VALUES ( 20377, 12760, '18:16:00', '18:16:00', 20 );
INSERT INTO "times" VALUES ( 20377, 12770, '18:12:00', '18:12:00', 20 );
INSERT INTO "times" VALUES ( 20377, 12780, '18:07:00', '18:07:00', 20 );
INSERT INTO "times" VALUES ( 20377, 12790, '18:05:00', '18:05:00', 20 );
INSERT INTO "times" VALUES ( 20377, 12800, '17:59:00', '18:03:00', 20 );
INSERT INTO "times" VALUES ( 20377, 12810, '17:57:00', '17:57:00', 20 );
INSERT INTO "times" VALUES ( 20377, 12820, '17:56:00', '17:56:00', 20 );
INSERT INTO "times" VALUES ( 20377, 12830, '17:52:00', '17:54:00', 20 );
INSERT INTO "times" VALUES ( 20377, 12840, '17:50:00', '17:50:00', 20 );
INSERT INTO "times" VALUES ( 20377, 12850, '17:48:00', '17:48:00', 20 );
INSERT INTO "times" VALUES ( 20377, 12860, '17:46:00', '17:46:00', 20 );
INSERT INTO "times" VALUES ( 20377, 12870, '17:45:00', '17:45:00', 20 );
INSERT INTO "times" VALUES ( 20377, 12880, '17:43:00', '17:43:00', 20 );
INSERT INTO "times" VALUES ( 20377, 12890, '17:41:00', '17:41:00', 20 );
INSERT INTO "times" VALUES ( 20377, 12900, '17:35:00', '17:40:00', 20 );
INSERT INTO "times" VALUES ( 20377, 13510, '17:33:00', '17:33:00', 30 );
INSERT INTO "times" VALUES ( 20377, 13520, NULL, '17:31:00', 30 );

INSERT INTO "dias" VALUES ( 20378, 100, FALSE, TRUE, 'Q1707B', 13520, 11510 );
INSERT INTO "dias_line_groups" VALUES ( 20378, 10 );
INSERT INTO "times" VALUES ( 20378, 11510, '19:47:00', NULL, NULL );
INSERT INTO "times" VALUES ( 20378, 11520, '19:44:00', '19:44:00', 10 );
INSERT INTO "times" VALUES ( 20378, 11530, '19:43:00', '19:43:00', 10 );
INSERT INTO "times" VALUES ( 20378, 11540, '19:41:00', '19:41:00', 10 );
INSERT INTO "times" VALUES ( 20378, 12530, '19:40:00', '19:40:00', 10 );
INSERT INTO "times" VALUES ( 20378, 12540, '19:30:00', '19:37:00', 20 );
INSERT INTO "times" VALUES ( 20378, 12550, '19:28:00', '19:28:00', 20 );
INSERT INTO "times" VALUES ( 20378, 12560, '19:26:00', '19:26:00', 20 );
INSERT INTO "times" VALUES ( 20378, 12570, '19:24:00', '19:24:00', 20 );
INSERT INTO "times" VALUES ( 20378, 12580, '19:23:00', '19:23:00', 20 );
INSERT INTO "times" VALUES ( 20378, 12590, '19:22:00', '19:22:00', 20 );
INSERT INTO "times" VALUES ( 20378, 12600, '19:20:00', '19:20:00', 20 );
INSERT INTO "times" VALUES ( 20378, 12610, '19:16:00', '19:19:00', 20 );
INSERT INTO "times" VALUES ( 20378, 12620, '19:14:00', '19:14:00', 20 );
INSERT INTO "times" VALUES ( 20378, 12630, '19:12:00', '19:12:00', 20 );
INSERT INTO "times" VALUES ( 20378, 12640, '19:11:00', '19:11:00', 20 );
INSERT INTO "times" VALUES ( 20378, 12650, '19:09:00', '19:09:00', 20 );
INSERT INTO "times" VALUES ( 20378, 12660, '19:07:00', '19:07:00', 20 );
INSERT INTO "times" VALUES ( 20378, 12670, '19:04:00', '19:04:00', 20 );
INSERT INTO "times" VALUES ( 20378, 12680, '18:57:00', '19:01:00', 20 );
INSERT INTO "times" VALUES ( 20378, 12690, '18:55:00', '18:55:00', 20 );
INSERT INTO "times" VALUES ( 20378, 12700, '18:52:00', '18:52:00', 20 );
INSERT INTO "times" VALUES ( 20378, 12710, '18:47:00', '18:50:00', 20 );
INSERT INTO "times" VALUES ( 20378, 12720, '18:44:00', '18:44:00', 20 );
INSERT INTO "times" VALUES ( 20378, 12730, '18:42:00', '18:42:00', 20 );
INSERT INTO "times" VALUES ( 20378, 12740, '18:40:00', '18:40:00', 20 );
INSERT INTO "times" VALUES ( 20378, 12750, '18:36:00', '18:36:00', 20 );
INSERT INTO "times" VALUES ( 20378, 12760, '18:34:00', '18:34:00', 20 );
INSERT INTO "times" VALUES ( 20378, 12770, '18:30:00', '18:30:00', 20 );
INSERT INTO "times" VALUES ( 20378, 12780, '18:25:00', '18:25:00', 20 );
INSERT INTO "times" VALUES ( 20378, 12790, '18:23:00', '18:23:00', 20 );
INSERT INTO "times" VALUES ( 20378, 12800, '18:18:00', '18:21:00', 20 );
INSERT INTO "times" VALUES ( 20378, 12810, '18:16:00', '18:16:00', 20 );
INSERT INTO "times" VALUES ( 20378, 12820, '18:14:00', '18:14:00', 20 );
INSERT INTO "times" VALUES ( 20378, 12830, '18:13:00', '18:13:00', 20 );
INSERT INTO "times" VALUES ( 20378, 12840, '18:11:00', '18:11:00', 20 );
INSERT INTO "times" VALUES ( 20378, 12850, '18:09:00', '18:09:00', 20 );
INSERT INTO "times" VALUES ( 20378, 12860, '18:07:00', '18:07:00', 20 );
INSERT INTO "times" VALUES ( 20378, 12870, '18:06:00', '18:06:00', 20 );
INSERT INTO "times" VALUES ( 20378, 12880, '18:04:00', '18:04:00', 20 );
INSERT INTO "times" VALUES ( 20378, 12890, '18:02:00', '18:02:00', 20 );
INSERT INTO "times" VALUES ( 20378, 12900, '17:56:00', '18:01:00', 20 );
INSERT INTO "times" VALUES ( 20378, 13510, '17:54:00', '17:54:00', 30 );
INSERT INTO "times" VALUES ( 20378, 13520, NULL, '17:52:00', 30 );

INSERT INTO "dias" VALUES ( 20379, 100, FALSE, TRUE, 'Q1800Z', 11510, 13520 );
INSERT INTO "dias_line_groups" VALUES ( 20379, 10 );
INSERT INTO "times" VALUES ( 20379, 11510, NULL, '18:24:00', 10 );
INSERT INTO "times" VALUES ( 20379, 11520, '18:25:00', '18:25:00', 10 );
INSERT INTO "times" VALUES ( 20379, 11530, '18:27:00', '18:27:00', 10 );
INSERT INTO "times" VALUES ( 20379, 11540, '18:29:00', '18:29:00', 10 );
INSERT INTO "times" VALUES ( 20379, 12530, '18:31:00', '18:32:00', 20 );
INSERT INTO "times" VALUES ( 20379, 12540, '18:34:00', '18:41:00', 20 );
INSERT INTO "times" VALUES ( 20379, 12550, '18:43:00', '18:43:00', 20 );
INSERT INTO "times" VALUES ( 20379, 12560, '18:45:00', '18:45:00', 20 );
INSERT INTO "times" VALUES ( 20379, 12570, '18:46:00', '18:46:00', 20 );
INSERT INTO "times" VALUES ( 20379, 12580, '18:48:00', '18:48:00', 20 );
INSERT INTO "times" VALUES ( 20379, 12590, '18:49:00', '18:49:00', 20 );
INSERT INTO "times" VALUES ( 20379, 12600, '18:50:00', '18:50:00', 20 );
INSERT INTO "times" VALUES ( 20379, 12610, '18:52:00', '18:55:00', 20 );
INSERT INTO "times" VALUES ( 20379, 12620, '18:57:00', '18:57:00', 20 );
INSERT INTO "times" VALUES ( 20379, 12630, '18:58:00', '18:58:00', 20 );
INSERT INTO "times" VALUES ( 20379, 12640, '19:00:00', '19:00:00', 20 );
INSERT INTO "times" VALUES ( 20379, 12650, '19:02:00', '19:02:00', 20 );
INSERT INTO "times" VALUES ( 20379, 12660, '19:05:00', '19:05:00', 20 );
INSERT INTO "times" VALUES ( 20379, 12670, '19:08:00', '19:08:00', 20 );
INSERT INTO "times" VALUES ( 20379, 12680, '19:11:00', '19:14:00', 20 );
INSERT INTO "times" VALUES ( 20379, 12690, '19:16:00', '19:16:00', 20 );
INSERT INTO "times" VALUES ( 20379, 12700, '19:19:00', '19:19:00', 20 );
INSERT INTO "times" VALUES ( 20379, 12710, '19:21:00', '19:24:00', 20 );
INSERT INTO "times" VALUES ( 20379, 12720, '19:27:00', '19:27:00', 20 );
INSERT INTO "times" VALUES ( 20379, 12730, '19:29:00', '19:29:00', 20 );
INSERT INTO "times" VALUES ( 20379, 12740, '19:32:00', '19:32:00', 20 );
INSERT INTO "times" VALUES ( 20379, 12750, '19:35:00', '19:35:00', 20 );
INSERT INTO "times" VALUES ( 20379, 12760, '19:38:00', '19:38:00', 20 );
INSERT INTO "times" VALUES ( 20379, 12770, '19:42:00', '19:42:00', 20 );
INSERT INTO "times" VALUES ( 20379, 12780, '19:46:00', '19:46:00', 20 );
INSERT INTO "times" VALUES ( 20379, 12790, '19:47:00', '19:47:00', 20 );
INSERT INTO "times" VALUES ( 20379, 12800, '19:49:00', '19:53:00', 20 );
INSERT INTO "times" VALUES ( 20379, 12810, '19:55:00', '19:55:00', 20 );
INSERT INTO "times" VALUES ( 20379, 12820, '19:57:00', '19:57:00', 20 );
INSERT INTO "times" VALUES ( 20379, 12830, '19:59:00', '19:59:00', 20 );
INSERT INTO "times" VALUES ( 20379, 12840, '20:00:00', '20:00:00', 20 );
INSERT INTO "times" VALUES ( 20379, 12850, '20:01:00', '20:01:00', 20 );
INSERT INTO "times" VALUES ( 20379, 12860, '20:03:00', '20:03:00', 20 );
INSERT INTO "times" VALUES ( 20379, 12870, '20:05:00', '20:05:00', 20 );
INSERT INTO "times" VALUES ( 20379, 12880, '20:06:00', '20:06:00', 20 );
INSERT INTO "times" VALUES ( 20379, 12890, '20:08:00', '20:08:00', 20 );
INSERT INTO "times" VALUES ( 20379, 12900, '20:10:00', '20:13:00', 20 );
INSERT INTO "times" VALUES ( 20379, 13510, '20:15:00', '20:15:00', 30 );
INSERT INTO "times" VALUES ( 20379, 13520, '20:18:00', NULL, NULL );

INSERT INTO "dias" VALUES ( 20380, 100, FALSE, TRUE, 'Q1801B', 13520, 11510 );
INSERT INTO "dias_line_groups" VALUES ( 20380, 10 );
INSERT INTO "times" VALUES ( 20380, 11510, '19:57:00', NULL, NULL );
INSERT INTO "times" VALUES ( 20380, 11520, '19:54:00', '19:54:00', 10 );
INSERT INTO "times" VALUES ( 20380, 11530, '19:53:00', '19:53:00', 10 );
INSERT INTO "times" VALUES ( 20380, 11540, '19:51:00', '19:51:00', 10 );
INSERT INTO "times" VALUES ( 20380, 12530, '19:50:00', '19:50:00', 10 );
INSERT INTO "times" VALUES ( 20380, 12540, '19:40:00', '19:47:00', 20 );
INSERT INTO "times" VALUES ( 20380, 12550, '19:38:00', '19:38:00', 20 );
INSERT INTO "times" VALUES ( 20380, 12560, '19:36:00', '19:36:00', 20 );
INSERT INTO "times" VALUES ( 20380, 12570, '19:34:00', '19:34:00', 20 );
INSERT INTO "times" VALUES ( 20380, 12580, '19:33:00', '19:33:00', 20 );
INSERT INTO "times" VALUES ( 20380, 12590, '19:32:00', '19:32:00', 20 );
INSERT INTO "times" VALUES ( 20380, 12600, '19:30:00', '19:30:00', 20 );
INSERT INTO "times" VALUES ( 20380, 12610, '19:26:00', '19:29:00', 20 );
INSERT INTO "times" VALUES ( 20380, 12620, '19:24:00', '19:24:00', 20 );
INSERT INTO "times" VALUES ( 20380, 12630, '19:22:00', '19:22:00', 20 );
INSERT INTO "times" VALUES ( 20380, 12640, '19:21:00', '19:21:00', 20 );
INSERT INTO "times" VALUES ( 20380, 12650, '19:19:00', '19:19:00', 20 );
INSERT INTO "times" VALUES ( 20380, 12660, '19:15:00', '19:17:00', 20 );
INSERT INTO "times" VALUES ( 20380, 12670, '19:12:00', '19:12:00', 20 );
INSERT INTO "times" VALUES ( 20380, 12680, '19:08:00', '19:09:00', 20 );
INSERT INTO "times" VALUES ( 20380, 12690, '19:06:00', '19:06:00', 20 );
INSERT INTO "times" VALUES ( 20380, 12700, '19:04:00', '19:04:00', 20 );
INSERT INTO "times" VALUES ( 20380, 12710, '18:58:00', '19:02:00', 20 );
INSERT INTO "times" VALUES ( 20380, 12720, '18:55:00', '18:55:00', 20 );
INSERT INTO "times" VALUES ( 20380, 12730, '18:52:00', '18:52:00', 20 );
INSERT INTO "times" VALUES ( 20380, 12740, '18:49:00', '18:50:00', 20 );
INSERT INTO "times" VALUES ( 20380, 12750, '18:46:00', '18:46:00', 20 );
INSERT INTO "times" VALUES ( 20380, 12760, '18:44:00', '18:44:00', 20 );
INSERT INTO "times" VALUES ( 20380, 12770, '18:40:00', '18:40:00', 20 );
INSERT INTO "times" VALUES ( 20380, 12780, '18:35:00', '18:35:00', 20 );
INSERT INTO "times" VALUES ( 20380, 12790, '18:33:00', '18:33:00', 20 );
INSERT INTO "times" VALUES ( 20380, 12800, '18:28:00', '18:31:00', 20 );
INSERT INTO "times" VALUES ( 20380, 12810, '18:26:00', '18:26:00', 20 );
INSERT INTO "times" VALUES ( 20380, 12820, '18:24:00', '18:24:00', 20 );
INSERT INTO "times" VALUES ( 20380, 12830, '18:23:00', '18:23:00', 20 );
INSERT INTO "times" VALUES ( 20380, 12840, '18:21:00', '18:21:00', 20 );
INSERT INTO "times" VALUES ( 20380, 12850, '18:19:00', '18:19:00', 20 );
INSERT INTO "times" VALUES ( 20380, 12860, '18:18:00', '18:18:00', 20 );
INSERT INTO "times" VALUES ( 20380, 12870, '18:16:00', '18:16:00', 20 );
INSERT INTO "times" VALUES ( 20380, 12880, '18:14:00', '18:14:00', 20 );
INSERT INTO "times" VALUES ( 20380, 12890, '18:12:00', '18:12:00', 20 );
INSERT INTO "times" VALUES ( 20380, 12900, '18:07:00', '18:11:00', 20 );
INSERT INTO "times" VALUES ( 20380, 13510, '18:05:00', '18:05:00', 30 );
INSERT INTO "times" VALUES ( 20380, 13520, NULL, '18:03:00', 30 );

INSERT INTO "dias" VALUES ( 20381, 100, FALSE, TRUE, 'Q1802Z', 11510, 13520 );
INSERT INTO "dias_line_groups" VALUES ( 20381, 10 );
INSERT INTO "times" VALUES ( 20381, 11510, NULL, '18:54:00', 10 );
INSERT INTO "times" VALUES ( 20381, 11520, '18:55:00', '18:55:00', 10 );
INSERT INTO "times" VALUES ( 20381, 11530, '18:57:00', '18:57:00', 10 );
INSERT INTO "times" VALUES ( 20381, 11540, '18:59:00', '18:59:00', 10 );
INSERT INTO "times" VALUES ( 20381, 12530, '19:01:00', '19:02:00', 20 );
INSERT INTO "times" VALUES ( 20381, 12540, '19:04:00', '19:11:00', 20 );
INSERT INTO "times" VALUES ( 20381, 12550, '19:13:00', '19:13:00', 20 );
INSERT INTO "times" VALUES ( 20381, 12560, '19:15:00', '19:15:00', 20 );
INSERT INTO "times" VALUES ( 20381, 12570, '19:16:00', '19:16:00', 20 );
INSERT INTO "times" VALUES ( 20381, 12580, '19:18:00', '19:18:00', 20 );
INSERT INTO "times" VALUES ( 20381, 12590, '19:19:00', '19:19:00', 20 );
INSERT INTO "times" VALUES ( 20381, 12600, '19:20:00', '19:20:00', 20 );
INSERT INTO "times" VALUES ( 20381, 12610, '19:22:00', '19:25:00', 20 );
INSERT INTO "times" VALUES ( 20381, 12620, '19:27:00', '19:27:00', 20 );
INSERT INTO "times" VALUES ( 20381, 12630, '19:28:00', '19:28:00', 20 );
INSERT INTO "times" VALUES ( 20381, 12640, '19:30:00', '19:30:00', 20 );
INSERT INTO "times" VALUES ( 20381, 12650, '19:32:00', '19:32:00', 20 );
INSERT INTO "times" VALUES ( 20381, 12660, '19:35:00', '19:35:00', 20 );
INSERT INTO "times" VALUES ( 20381, 12670, '19:38:00', '19:38:00', 20 );
INSERT INTO "times" VALUES ( 20381, 12680, '19:41:00', '19:44:00', 20 );
INSERT INTO "times" VALUES ( 20381, 12690, '19:46:00', '19:46:00', 20 );
INSERT INTO "times" VALUES ( 20381, 12700, '19:49:00', '19:49:00', 20 );
INSERT INTO "times" VALUES ( 20381, 12710, '19:51:00', '19:54:00', 20 );
INSERT INTO "times" VALUES ( 20381, 12720, '19:57:00', '19:57:00', 20 );
INSERT INTO "times" VALUES ( 20381, 12730, '19:59:00', '19:59:00', 20 );
INSERT INTO "times" VALUES ( 20381, 12740, '20:02:00', '20:02:00', 20 );
INSERT INTO "times" VALUES ( 20381, 12750, '20:05:00', '20:05:00', 20 );
INSERT INTO "times" VALUES ( 20381, 12760, '20:08:00', '20:08:00', 20 );
INSERT INTO "times" VALUES ( 20381, 12770, '20:12:00', '20:12:00', 20 );
INSERT INTO "times" VALUES ( 20381, 12780, '20:16:00', '20:16:00', 20 );
INSERT INTO "times" VALUES ( 20381, 12790, '20:17:00', '20:17:00', 20 );
INSERT INTO "times" VALUES ( 20381, 12800, '20:19:00', '20:23:00', 20 );
INSERT INTO "times" VALUES ( 20381, 12810, '20:25:00', '20:25:00', 20 );
INSERT INTO "times" VALUES ( 20381, 12820, '20:27:00', '20:27:00', 20 );
INSERT INTO "times" VALUES ( 20381, 12830, '20:29:00', '20:29:00', 20 );
INSERT INTO "times" VALUES ( 20381, 12840, '20:30:00', '20:30:00', 20 );
INSERT INTO "times" VALUES ( 20381, 12850, '20:31:00', '20:31:00', 20 );
INSERT INTO "times" VALUES ( 20381, 12860, '20:33:00', '20:33:00', 20 );
INSERT INTO "times" VALUES ( 20381, 12870, '20:35:00', '20:35:00', 20 );
INSERT INTO "times" VALUES ( 20381, 12880, '20:36:00', '20:36:00', 20 );
INSERT INTO "times" VALUES ( 20381, 12890, '20:38:00', '20:38:00', 20 );
INSERT INTO "times" VALUES ( 20381, 12900, '20:40:00', '20:43:00', 20 );
INSERT INTO "times" VALUES ( 20381, 13510, '20:45:00', '20:45:00', 30 );
INSERT INTO "times" VALUES ( 20381, 13520, '20:48:00', NULL, NULL );

INSERT INTO "dias" VALUES ( 20382, 100, FALSE, TRUE, 'Q1803B', 13520, 11510 );
INSERT INTO "dias_line_groups" VALUES ( 20382, 10 );
INSERT INTO "times" VALUES ( 20382, 11510, '20:17:00', NULL, NULL );
INSERT INTO "times" VALUES ( 20382, 11520, '20:14:00', '20:14:00', 10 );
INSERT INTO "times" VALUES ( 20382, 11530, '20:13:00', '20:13:00', 10 );
INSERT INTO "times" VALUES ( 20382, 11540, '20:11:00', '20:11:00', 10 );
INSERT INTO "times" VALUES ( 20382, 12530, '20:10:00', '20:10:00', 10 );
INSERT INTO "times" VALUES ( 20382, 12540, '20:00:00', '20:07:00', 20 );
INSERT INTO "times" VALUES ( 20382, 12550, '19:58:00', '19:58:00', 20 );
INSERT INTO "times" VALUES ( 20382, 12560, '19:56:00', '19:56:00', 20 );
INSERT INTO "times" VALUES ( 20382, 12570, '19:54:00', '19:54:00', 20 );
INSERT INTO "times" VALUES ( 20382, 12580, '19:53:00', '19:53:00', 20 );
INSERT INTO "times" VALUES ( 20382, 12590, '19:52:00', '19:52:00', 20 );
INSERT INTO "times" VALUES ( 20382, 12600, '19:50:00', '19:50:00', 20 );
INSERT INTO "times" VALUES ( 20382, 12610, '19:46:00', '19:49:00', 20 );
INSERT INTO "times" VALUES ( 20382, 12620, '19:44:00', '19:44:00', 20 );
INSERT INTO "times" VALUES ( 20382, 12630, '19:42:00', '19:42:00', 20 );
INSERT INTO "times" VALUES ( 20382, 12640, '19:40:00', '19:40:00', 20 );
INSERT INTO "times" VALUES ( 20382, 12650, '19:39:00', '19:39:00', 20 );
INSERT INTO "times" VALUES ( 20382, 12660, '19:37:00', '19:37:00', 20 );
INSERT INTO "times" VALUES ( 20382, 12670, '19:34:00', '19:34:00', 20 );
INSERT INTO "times" VALUES ( 20382, 12680, '19:27:00', '19:31:00', 20 );
INSERT INTO "times" VALUES ( 20382, 12690, '19:25:00', '19:25:00', 20 );
INSERT INTO "times" VALUES ( 20382, 12700, '19:22:00', '19:22:00', 20 );
INSERT INTO "times" VALUES ( 20382, 12710, '19:17:00', '19:20:00', 20 );
INSERT INTO "times" VALUES ( 20382, 12720, '19:14:00', '19:14:00', 20 );
INSERT INTO "times" VALUES ( 20382, 12730, '19:12:00', '19:12:00', 20 );
INSERT INTO "times" VALUES ( 20382, 12740, '19:10:00', '19:10:00', 20 );
INSERT INTO "times" VALUES ( 20382, 12750, '19:06:00', '19:06:00', 20 );
INSERT INTO "times" VALUES ( 20382, 12760, '19:04:00', '19:04:00', 20 );
INSERT INTO "times" VALUES ( 20382, 12770, '19:00:00', '19:00:00', 20 );
INSERT INTO "times" VALUES ( 20382, 12780, '18:55:00', '18:55:00', 20 );
INSERT INTO "times" VALUES ( 20382, 12790, '18:53:00', '18:53:00', 20 );
INSERT INTO "times" VALUES ( 20382, 12800, '18:48:00', '18:51:00', 20 );
INSERT INTO "times" VALUES ( 20382, 12810, '18:46:00', '18:46:00', 20 );
INSERT INTO "times" VALUES ( 20382, 12820, '18:44:00', '18:44:00', 20 );
INSERT INTO "times" VALUES ( 20382, 12830, '18:43:00', '18:43:00', 20 );
INSERT INTO "times" VALUES ( 20382, 12840, '18:41:00', '18:41:00', 20 );
INSERT INTO "times" VALUES ( 20382, 12850, '18:39:00', '18:39:00', 20 );
INSERT INTO "times" VALUES ( 20382, 12860, '18:38:00', '18:38:00', 20 );
INSERT INTO "times" VALUES ( 20382, 12870, '18:36:00', '18:36:00', 20 );
INSERT INTO "times" VALUES ( 20382, 12880, '18:34:00', '18:34:00', 20 );
INSERT INTO "times" VALUES ( 20382, 12890, '18:32:00', '18:32:00', 20 );
INSERT INTO "times" VALUES ( 20382, 12900, '18:27:00', '18:31:00', 20 );
INSERT INTO "times" VALUES ( 20382, 13510, '18:25:00', '18:25:00', 30 );
INSERT INTO "times" VALUES ( 20382, 13520, NULL, '18:23:00', 30 );

INSERT INTO "dias" VALUES ( 20383, 100, FALSE, TRUE, 'Q1805B', 13520, 11510 );
INSERT INTO "dias_line_groups" VALUES ( 20383, 10 );
INSERT INTO "times" VALUES ( 20383, 11510, '20:37:00', NULL, NULL );
INSERT INTO "times" VALUES ( 20383, 11520, '20:34:00', '20:34:00', 10 );
INSERT INTO "times" VALUES ( 20383, 11530, '20:33:00', '20:33:00', 10 );
INSERT INTO "times" VALUES ( 20383, 11540, '20:31:00', '20:31:00', 10 );
INSERT INTO "times" VALUES ( 20383, 12530, '20:30:00', '20:30:00', 10 );
INSERT INTO "times" VALUES ( 20383, 12540, '20:20:00', '20:27:00', 20 );
INSERT INTO "times" VALUES ( 20383, 12550, '20:18:00', '20:18:00', 20 );
INSERT INTO "times" VALUES ( 20383, 12560, '20:16:00', '20:16:00', 20 );
INSERT INTO "times" VALUES ( 20383, 12570, '20:14:00', '20:14:00', 20 );
INSERT INTO "times" VALUES ( 20383, 12580, '20:13:00', '20:13:00', 20 );
INSERT INTO "times" VALUES ( 20383, 12590, '20:12:00', '20:12:00', 20 );
INSERT INTO "times" VALUES ( 20383, 12600, '20:10:00', '20:10:00', 20 );
INSERT INTO "times" VALUES ( 20383, 12610, '20:06:00', '20:09:00', 20 );
INSERT INTO "times" VALUES ( 20383, 12620, '20:04:00', '20:04:00', 20 );
INSERT INTO "times" VALUES ( 20383, 12630, '20:02:00', '20:02:00', 20 );
INSERT INTO "times" VALUES ( 20383, 12640, '20:01:00', '20:01:00', 20 );
INSERT INTO "times" VALUES ( 20383, 12650, '19:59:00', '19:59:00', 20 );
INSERT INTO "times" VALUES ( 20383, 12660, '19:57:00', '19:57:00', 20 );
INSERT INTO "times" VALUES ( 20383, 12670, '19:54:00', '19:54:00', 20 );
INSERT INTO "times" VALUES ( 20383, 12680, '19:47:00', '19:51:00', 20 );
INSERT INTO "times" VALUES ( 20383, 12690, '19:45:00', '19:45:00', 20 );
INSERT INTO "times" VALUES ( 20383, 12700, '19:42:00', '19:42:00', 20 );
INSERT INTO "times" VALUES ( 20383, 12710, '19:37:00', '19:40:00', 20 );
INSERT INTO "times" VALUES ( 20383, 12720, '19:34:00', '19:34:00', 20 );
INSERT INTO "times" VALUES ( 20383, 12730, '19:32:00', '19:32:00', 20 );
INSERT INTO "times" VALUES ( 20383, 12740, '19:30:00', '19:30:00', 20 );
INSERT INTO "times" VALUES ( 20383, 12750, '19:26:00', '19:26:00', 20 );
INSERT INTO "times" VALUES ( 20383, 12760, '19:24:00', '19:24:00', 20 );
INSERT INTO "times" VALUES ( 20383, 12770, '19:20:00', '19:20:00', 20 );
INSERT INTO "times" VALUES ( 20383, 12780, '19:15:00', '19:15:00', 20 );
INSERT INTO "times" VALUES ( 20383, 12790, '19:13:00', '19:13:00', 20 );
INSERT INTO "times" VALUES ( 20383, 12800, '19:08:00', '19:11:00', 20 );
INSERT INTO "times" VALUES ( 20383, 12810, '19:06:00', '19:06:00', 20 );
INSERT INTO "times" VALUES ( 20383, 12820, '19:04:00', '19:04:00', 20 );
INSERT INTO "times" VALUES ( 20383, 12830, '19:03:00', '19:03:00', 20 );
INSERT INTO "times" VALUES ( 20383, 12840, '19:01:00', '19:01:00', 20 );
INSERT INTO "times" VALUES ( 20383, 12850, '18:59:00', '18:59:00', 20 );
INSERT INTO "times" VALUES ( 20383, 12860, '18:58:00', '18:58:00', 20 );
INSERT INTO "times" VALUES ( 20383, 12870, '18:56:00', '18:56:00', 20 );
INSERT INTO "times" VALUES ( 20383, 12880, '18:54:00', '18:54:00', 20 );
INSERT INTO "times" VALUES ( 20383, 12890, '18:52:00', '18:52:00', 20 );
INSERT INTO "times" VALUES ( 20383, 12900, '18:47:00', '18:51:00', 20 );
INSERT INTO "times" VALUES ( 20383, 13510, '18:45:00', '18:45:00', 30 );
INSERT INTO "times" VALUES ( 20383, 13520, NULL, '18:43:00', 30 );

INSERT INTO "dias" VALUES ( 20384, 100, FALSE, TRUE, 'Q1900Z', 11510, 13520 );
INSERT INTO "dias_line_groups" VALUES ( 20384, 10 );
INSERT INTO "times" VALUES ( 20384, 11510, NULL, '19:24:00', 10 );
INSERT INTO "times" VALUES ( 20384, 11520, '19:25:00', '19:25:00', 10 );
INSERT INTO "times" VALUES ( 20384, 11530, '19:27:00', '19:27:00', 10 );
INSERT INTO "times" VALUES ( 20384, 11540, '19:29:00', '19:29:00', 10 );
INSERT INTO "times" VALUES ( 20384, 12530, '19:31:00', '19:32:00', 20 );
INSERT INTO "times" VALUES ( 20384, 12540, '19:34:00', '19:41:00', 20 );
INSERT INTO "times" VALUES ( 20384, 12550, '19:43:00', '19:43:00', 20 );
INSERT INTO "times" VALUES ( 20384, 12560, '19:44:00', '19:44:00', 20 );
INSERT INTO "times" VALUES ( 20384, 12570, '19:46:00', '19:46:00', 20 );
INSERT INTO "times" VALUES ( 20384, 12580, '19:47:00', '19:47:00', 20 );
INSERT INTO "times" VALUES ( 20384, 12590, '19:49:00', '19:49:00', 20 );
INSERT INTO "times" VALUES ( 20384, 12600, '19:50:00', '19:50:00', 20 );
INSERT INTO "times" VALUES ( 20384, 12610, '19:52:00', '19:55:00', 20 );
INSERT INTO "times" VALUES ( 20384, 12620, '19:57:00', '19:57:00', 20 );
INSERT INTO "times" VALUES ( 20384, 12630, '19:58:00', '19:58:00', 20 );
INSERT INTO "times" VALUES ( 20384, 12640, '20:00:00', '20:00:00', 20 );
INSERT INTO "times" VALUES ( 20384, 12650, '20:02:00', '20:02:00', 20 );
INSERT INTO "times" VALUES ( 20384, 12660, '20:05:00', '20:05:00', 20 );
INSERT INTO "times" VALUES ( 20384, 12670, '20:08:00', '20:08:00', 20 );
INSERT INTO "times" VALUES ( 20384, 12680, '20:11:00', '20:14:00', 20 );
INSERT INTO "times" VALUES ( 20384, 12690, '20:16:00', '20:16:00', 20 );
INSERT INTO "times" VALUES ( 20384, 12700, '20:19:00', '20:19:00', 20 );
INSERT INTO "times" VALUES ( 20384, 12710, '20:21:00', '20:24:00', 20 );
INSERT INTO "times" VALUES ( 20384, 12720, '20:27:00', '20:27:00', 20 );
INSERT INTO "times" VALUES ( 20384, 12730, '20:29:00', '20:29:00', 20 );
INSERT INTO "times" VALUES ( 20384, 12740, '20:32:00', '20:32:00', 20 );
INSERT INTO "times" VALUES ( 20384, 12750, '20:35:00', '20:35:00', 20 );
INSERT INTO "times" VALUES ( 20384, 12760, '20:38:00', '20:38:00', 20 );
INSERT INTO "times" VALUES ( 20384, 12770, '20:42:00', '20:42:00', 20 );
INSERT INTO "times" VALUES ( 20384, 12780, '20:46:00', '20:46:00', 20 );
INSERT INTO "times" VALUES ( 20384, 12790, '20:47:00', '20:47:00', 20 );
INSERT INTO "times" VALUES ( 20384, 12800, '20:49:00', '20:53:00', 20 );
INSERT INTO "times" VALUES ( 20384, 12810, '20:55:00', '20:55:00', 20 );
INSERT INTO "times" VALUES ( 20384, 12820, '20:57:00', '20:57:00', 20 );
INSERT INTO "times" VALUES ( 20384, 12830, '20:59:00', '20:59:00', 20 );
INSERT INTO "times" VALUES ( 20384, 12840, '21:00:00', '21:00:00', 20 );
INSERT INTO "times" VALUES ( 20384, 12850, '21:01:00', '21:01:00', 20 );
INSERT INTO "times" VALUES ( 20384, 12860, '21:03:00', '21:03:00', 20 );
INSERT INTO "times" VALUES ( 20384, 12870, '21:05:00', '21:05:00', 20 );
INSERT INTO "times" VALUES ( 20384, 12880, '21:06:00', '21:06:00', 20 );
INSERT INTO "times" VALUES ( 20384, 12890, '21:08:00', '21:08:00', 20 );
INSERT INTO "times" VALUES ( 20384, 12900, '21:10:00', '21:13:00', 20 );
INSERT INTO "times" VALUES ( 20384, 13510, '21:15:00', '21:15:00', 30 );
INSERT INTO "times" VALUES ( 20384, 13520, '21:18:00', NULL, NULL );

INSERT INTO "dias" VALUES ( 20385, 100, FALSE, TRUE, 'Q1901B', 13520, 11510 );
INSERT INTO "dias_line_groups" VALUES ( 20385, 10 );
INSERT INTO "times" VALUES ( 20385, 11510, '21:07:00', NULL, NULL );
INSERT INTO "times" VALUES ( 20385, 11520, '21:04:00', '21:04:00', 10 );
INSERT INTO "times" VALUES ( 20385, 11530, '21:03:00', '21:03:00', 10 );
INSERT INTO "times" VALUES ( 20385, 11540, '21:01:00', '21:01:00', 10 );
INSERT INTO "times" VALUES ( 20385, 12530, '21:00:00', '21:00:00', 10 );
INSERT INTO "times" VALUES ( 20385, 12540, '20:50:00', '20:57:00', 20 );
INSERT INTO "times" VALUES ( 20385, 12550, '20:48:00', '20:48:00', 20 );
INSERT INTO "times" VALUES ( 20385, 12560, '20:46:00', '20:46:00', 20 );
INSERT INTO "times" VALUES ( 20385, 12570, '20:44:00', '20:44:00', 20 );
INSERT INTO "times" VALUES ( 20385, 12580, '20:43:00', '20:43:00', 20 );
INSERT INTO "times" VALUES ( 20385, 12590, '20:42:00', '20:42:00', 20 );
INSERT INTO "times" VALUES ( 20385, 12600, '20:40:00', '20:40:00', 20 );
INSERT INTO "times" VALUES ( 20385, 12610, '20:36:00', '20:39:00', 20 );
INSERT INTO "times" VALUES ( 20385, 12620, '20:34:00', '20:34:00', 20 );
INSERT INTO "times" VALUES ( 20385, 12630, '20:32:00', '20:32:00', 20 );
INSERT INTO "times" VALUES ( 20385, 12640, '20:31:00', '20:31:00', 20 );
INSERT INTO "times" VALUES ( 20385, 12650, '20:29:00', '20:29:00', 20 );
INSERT INTO "times" VALUES ( 20385, 12660, '20:27:00', '20:27:00', 20 );
INSERT INTO "times" VALUES ( 20385, 12670, '20:23:00', '20:23:00', 20 );
INSERT INTO "times" VALUES ( 20385, 12680, '20:17:00', '20:20:00', 20 );
INSERT INTO "times" VALUES ( 20385, 12690, '20:14:00', '20:14:00', 20 );
INSERT INTO "times" VALUES ( 20385, 12700, '20:12:00', '20:12:00', 20 );
INSERT INTO "times" VALUES ( 20385, 12710, '20:07:00', '20:10:00', 20 );
INSERT INTO "times" VALUES ( 20385, 12720, '20:04:00', '20:04:00', 20 );
INSERT INTO "times" VALUES ( 20385, 12730, '20:02:00', '20:02:00', 20 );
INSERT INTO "times" VALUES ( 20385, 12740, '19:59:00', '19:59:00', 20 );
INSERT INTO "times" VALUES ( 20385, 12750, '19:56:00', '19:56:00', 20 );
INSERT INTO "times" VALUES ( 20385, 12760, '19:54:00', '19:54:00', 20 );
INSERT INTO "times" VALUES ( 20385, 12770, '19:50:00', '19:50:00', 20 );
INSERT INTO "times" VALUES ( 20385, 12780, '19:45:00', '19:45:00', 20 );
INSERT INTO "times" VALUES ( 20385, 12790, '19:43:00', '19:43:00', 20 );
INSERT INTO "times" VALUES ( 20385, 12800, '19:38:00', '19:41:00', 20 );
INSERT INTO "times" VALUES ( 20385, 12810, '19:36:00', '19:36:00', 20 );
INSERT INTO "times" VALUES ( 20385, 12820, '19:34:00', '19:34:00', 20 );
INSERT INTO "times" VALUES ( 20385, 12830, '19:33:00', '19:33:00', 20 );
INSERT INTO "times" VALUES ( 20385, 12840, '19:31:00', '19:31:00', 20 );
INSERT INTO "times" VALUES ( 20385, 12850, '19:29:00', '19:29:00', 20 );
INSERT INTO "times" VALUES ( 20385, 12860, '19:27:00', '19:27:00', 20 );
INSERT INTO "times" VALUES ( 20385, 12870, '19:26:00', '19:26:00', 20 );
INSERT INTO "times" VALUES ( 20385, 12880, '19:24:00', '19:24:00', 20 );
INSERT INTO "times" VALUES ( 20385, 12890, '19:22:00', '19:22:00', 20 );
INSERT INTO "times" VALUES ( 20385, 12900, '19:17:00', '19:21:00', 20 );
INSERT INTO "times" VALUES ( 20385, 13510, '19:15:00', '19:15:00', 30 );
INSERT INTO "times" VALUES ( 20385, 13520, NULL, '19:13:00', 30 );

INSERT INTO "dias" VALUES ( 20386, 100, FALSE, TRUE, 'Q1902Z', 11510, 13520 );
INSERT INTO "dias_line_groups" VALUES ( 20386, 10 );
INSERT INTO "times" VALUES ( 20386, 11510, NULL, '19:44:00', 10 );
INSERT INTO "times" VALUES ( 20386, 11520, '19:45:00', '19:45:00', 10 );
INSERT INTO "times" VALUES ( 20386, 11530, '19:47:00', '19:47:00', 10 );
INSERT INTO "times" VALUES ( 20386, 11540, '19:49:00', '19:49:00', 10 );
INSERT INTO "times" VALUES ( 20386, 12530, '19:51:00', '19:52:00', 20 );
INSERT INTO "times" VALUES ( 20386, 12540, '19:54:00', '20:00:00', 20 );
INSERT INTO "times" VALUES ( 20386, 12550, '20:03:00', '20:03:00', 20 );
INSERT INTO "times" VALUES ( 20386, 12560, '20:04:00', '20:04:00', 20 );
INSERT INTO "times" VALUES ( 20386, 12570, '20:06:00', '20:06:00', 20 );
INSERT INTO "times" VALUES ( 20386, 12580, '20:07:00', '20:07:00', 20 );
INSERT INTO "times" VALUES ( 20386, 12590, '20:09:00', '20:09:00', 20 );
INSERT INTO "times" VALUES ( 20386, 12600, '20:10:00', '20:10:00', 20 );
INSERT INTO "times" VALUES ( 20386, 12610, '20:12:00', '20:15:00', 20 );
INSERT INTO "times" VALUES ( 20386, 12620, '20:17:00', '20:17:00', 20 );
INSERT INTO "times" VALUES ( 20386, 12630, '20:18:00', '20:18:00', 20 );
INSERT INTO "times" VALUES ( 20386, 12640, '20:20:00', '20:20:00', 20 );
INSERT INTO "times" VALUES ( 20386, 12650, '20:22:00', '20:22:00', 20 );
INSERT INTO "times" VALUES ( 20386, 12660, '20:25:00', '20:25:00', 20 );
INSERT INTO "times" VALUES ( 20386, 12670, '20:28:00', '20:28:00', 20 );
INSERT INTO "times" VALUES ( 20386, 12680, '20:31:00', '20:34:00', 20 );
INSERT INTO "times" VALUES ( 20386, 12690, '20:36:00', '20:36:00', 20 );
INSERT INTO "times" VALUES ( 20386, 12700, '20:39:00', '20:39:00', 20 );
INSERT INTO "times" VALUES ( 20386, 12710, '20:41:00', '20:44:00', 20 );
INSERT INTO "times" VALUES ( 20386, 12720, '20:47:00', '20:47:00', 20 );
INSERT INTO "times" VALUES ( 20386, 12730, '20:49:00', '20:49:00', 20 );
INSERT INTO "times" VALUES ( 20386, 12740, '20:52:00', '20:52:00', 20 );
INSERT INTO "times" VALUES ( 20386, 12750, '20:55:00', '20:55:00', 20 );
INSERT INTO "times" VALUES ( 20386, 12760, '20:58:00', '20:58:00', 20 );
INSERT INTO "times" VALUES ( 20386, 12770, '21:02:00', '21:02:00', 20 );
INSERT INTO "times" VALUES ( 20386, 12780, '21:06:00', '21:06:00', 20 );
INSERT INTO "times" VALUES ( 20386, 12790, '21:07:00', '21:07:00', 20 );
INSERT INTO "times" VALUES ( 20386, 12800, '21:09:00', '21:13:00', 20 );
INSERT INTO "times" VALUES ( 20386, 12810, '21:15:00', '21:15:00', 20 );
INSERT INTO "times" VALUES ( 20386, 12820, '21:17:00', '21:17:00', 20 );
INSERT INTO "times" VALUES ( 20386, 12830, '21:19:00', '21:19:00', 20 );
INSERT INTO "times" VALUES ( 20386, 12840, '21:20:00', '21:20:00', 20 );
INSERT INTO "times" VALUES ( 20386, 12850, '21:21:00', '21:21:00', 20 );
INSERT INTO "times" VALUES ( 20386, 12860, '21:23:00', '21:23:00', 20 );
INSERT INTO "times" VALUES ( 20386, 12870, '21:25:00', '21:25:00', 20 );
INSERT INTO "times" VALUES ( 20386, 12880, '21:26:00', '21:26:00', 20 );
INSERT INTO "times" VALUES ( 20386, 12890, '21:28:00', '21:28:00', 20 );
INSERT INTO "times" VALUES ( 20386, 12900, '21:30:00', '21:33:00', 20 );
INSERT INTO "times" VALUES ( 20386, 13510, '21:35:00', '21:35:00', 30 );
INSERT INTO "times" VALUES ( 20386, 13520, '21:38:00', NULL, NULL );

INSERT INTO "dias" VALUES ( 20387, 100, FALSE, TRUE, 'Q1903B', 13520, 11510 );
INSERT INTO "dias_line_groups" VALUES ( 20387, 10 );
INSERT INTO "times" VALUES ( 20387, 11510, '21:21:00', NULL, NULL );
INSERT INTO "times" VALUES ( 20387, 11520, '21:19:00', '21:19:00', 10 );
INSERT INTO "times" VALUES ( 20387, 11530, '21:17:00', '21:17:00', 10 );
INSERT INTO "times" VALUES ( 20387, 11540, '21:16:00', '21:16:00', 10 );
INSERT INTO "times" VALUES ( 20387, 12530, '21:13:00', '21:14:00', 10 );
INSERT INTO "times" VALUES ( 20387, 12540, '21:08:00', '21:11:00', 20 );
INSERT INTO "times" VALUES ( 20387, 12550, '21:06:00', '21:06:00', 20 );
INSERT INTO "times" VALUES ( 20387, 12560, '21:04:00', '21:04:00', 20 );
INSERT INTO "times" VALUES ( 20387, 12570, '21:03:00', '21:03:00', 20 );
INSERT INTO "times" VALUES ( 20387, 12580, '21:01:00', '21:01:00', 20 );
INSERT INTO "times" VALUES ( 20387, 12590, '21:00:00', '21:00:00', 20 );
INSERT INTO "times" VALUES ( 20387, 12600, '20:59:00', '20:59:00', 20 );
INSERT INTO "times" VALUES ( 20387, 12610, '20:56:00', '20:58:00', 20 );
INSERT INTO "times" VALUES ( 20387, 12620, '20:54:00', '20:54:00', 20 );
INSERT INTO "times" VALUES ( 20387, 12630, '20:52:00', '20:52:00', 20 );
INSERT INTO "times" VALUES ( 20387, 12640, '20:51:00', '20:51:00', 20 );
INSERT INTO "times" VALUES ( 20387, 12650, '20:49:00', '20:49:00', 20 );
INSERT INTO "times" VALUES ( 20387, 12660, '20:46:00', '20:47:00', 20 );
INSERT INTO "times" VALUES ( 20387, 12670, '20:43:00', '20:43:00', 20 );
INSERT INTO "times" VALUES ( 20387, 12680, '20:37:00', '20:40:00', 20 );
INSERT INTO "times" VALUES ( 20387, 12690, '20:34:00', '20:34:00', 20 );
INSERT INTO "times" VALUES ( 20387, 12700, '20:32:00', '20:32:00', 20 );
INSERT INTO "times" VALUES ( 20387, 12710, '20:27:00', '20:30:00', 20 );
INSERT INTO "times" VALUES ( 20387, 12720, '20:24:00', '20:24:00', 20 );
INSERT INTO "times" VALUES ( 20387, 12730, '20:22:00', '20:22:00', 20 );
INSERT INTO "times" VALUES ( 20387, 12740, '20:19:00', '20:19:00', 20 );
INSERT INTO "times" VALUES ( 20387, 12750, '20:16:00', '20:16:00', 20 );
INSERT INTO "times" VALUES ( 20387, 12760, '20:14:00', '20:14:00', 20 );
INSERT INTO "times" VALUES ( 20387, 12770, '20:10:00', '20:10:00', 20 );
INSERT INTO "times" VALUES ( 20387, 12780, '20:05:00', '20:05:00', 20 );
INSERT INTO "times" VALUES ( 20387, 12790, '20:03:00', '20:03:00', 20 );
INSERT INTO "times" VALUES ( 20387, 12800, '19:58:00', '20:01:00', 20 );
INSERT INTO "times" VALUES ( 20387, 12810, '19:56:00', '19:56:00', 20 );
INSERT INTO "times" VALUES ( 20387, 12820, '19:54:00', '19:54:00', 20 );
INSERT INTO "times" VALUES ( 20387, 12830, '19:53:00', '19:53:00', 20 );
INSERT INTO "times" VALUES ( 20387, 12840, '19:51:00', '19:51:00', 20 );
INSERT INTO "times" VALUES ( 20387, 12850, '19:49:00', '19:49:00', 20 );
INSERT INTO "times" VALUES ( 20387, 12860, '19:47:00', '19:47:00', 20 );
INSERT INTO "times" VALUES ( 20387, 12870, '19:46:00', '19:46:00', 20 );
INSERT INTO "times" VALUES ( 20387, 12880, '19:44:00', '19:44:00', 20 );
INSERT INTO "times" VALUES ( 20387, 12890, '19:42:00', '19:42:00', 20 );
INSERT INTO "times" VALUES ( 20387, 12900, '19:37:00', '19:41:00', 20 );
INSERT INTO "times" VALUES ( 20387, 13510, '19:35:00', '19:35:00', 30 );
INSERT INTO "times" VALUES ( 20387, 13520, NULL, '19:33:00', 30 );

INSERT INTO "dias" VALUES ( 20388, 100, FALSE, TRUE, 'Q1905B', 13520, 11510 );
INSERT INTO "dias_line_groups" VALUES ( 20388, 10 );
INSERT INTO "times" VALUES ( 20388, 11510, '21:41:00', NULL, NULL );
INSERT INTO "times" VALUES ( 20388, 11520, '21:38:00', '21:38:00', 10 );
INSERT INTO "times" VALUES ( 20388, 11530, '21:37:00', '21:37:00', 10 );
INSERT INTO "times" VALUES ( 20388, 11540, '21:35:00', '21:35:00', 10 );
INSERT INTO "times" VALUES ( 20388, 12530, '21:34:00', '21:34:00', 10 );
INSERT INTO "times" VALUES ( 20388, 12540, '21:28:00', '21:31:00', 20 );
INSERT INTO "times" VALUES ( 20388, 12550, '21:25:00', '21:25:00', 20 );
INSERT INTO "times" VALUES ( 20388, 12560, '21:24:00', '21:24:00', 20 );
INSERT INTO "times" VALUES ( 20388, 12570, '21:22:00', '21:22:00', 20 );
INSERT INTO "times" VALUES ( 20388, 12580, '21:21:00', '21:21:00', 20 );
INSERT INTO "times" VALUES ( 20388, 12590, '21:19:00', '21:19:00', 20 );
INSERT INTO "times" VALUES ( 20388, 12600, '21:18:00', '21:18:00', 20 );
INSERT INTO "times" VALUES ( 20388, 12610, '21:13:00', '21:17:00', 20 );
INSERT INTO "times" VALUES ( 20388, 12620, '21:11:00', '21:11:00', 20 );
INSERT INTO "times" VALUES ( 20388, 12630, '21:09:00', '21:09:00', 20 );
INSERT INTO "times" VALUES ( 20388, 12640, '21:08:00', '21:08:00', 20 );
INSERT INTO "times" VALUES ( 20388, 12650, '21:06:00', '21:06:00', 20 );
INSERT INTO "times" VALUES ( 20388, 12660, '21:03:00', '21:04:00', 20 );
INSERT INTO "times" VALUES ( 20388, 12670, '21:00:00', '21:00:00', 20 );
INSERT INTO "times" VALUES ( 20388, 12680, '20:52:00', '20:57:00', 20 );
INSERT INTO "times" VALUES ( 20388, 12690, '20:49:00', '20:49:00', 20 );
INSERT INTO "times" VALUES ( 20388, 12700, '20:47:00', '20:47:00', 20 );
INSERT INTO "times" VALUES ( 20388, 12710, '20:45:00', '20:45:00', 20 );
INSERT INTO "times" VALUES ( 20388, 12720, '20:43:00', '20:43:00', 20 );
INSERT INTO "times" VALUES ( 20388, 12730, '20:40:00', '20:40:00', 20 );
INSERT INTO "times" VALUES ( 20388, 12740, '20:38:00', '20:38:00', 20 );
INSERT INTO "times" VALUES ( 20388, 12750, '20:34:00', '20:34:00', 20 );
INSERT INTO "times" VALUES ( 20388, 12760, '20:32:00', '20:32:00', 20 );
INSERT INTO "times" VALUES ( 20388, 12770, '20:28:00', '20:28:00', 20 );
INSERT INTO "times" VALUES ( 20388, 12780, '20:24:00', '20:24:00', 20 );
INSERT INTO "times" VALUES ( 20388, 12790, '20:21:00', '20:21:00', 20 );
INSERT INTO "times" VALUES ( 20388, 12800, '20:16:00', '20:19:00', 20 );
INSERT INTO "times" VALUES ( 20388, 12810, '20:14:00', '20:14:00', 20 );
INSERT INTO "times" VALUES ( 20388, 12820, '20:12:00', '20:12:00', 20 );
INSERT INTO "times" VALUES ( 20388, 12830, '20:11:00', '20:11:00', 20 );
INSERT INTO "times" VALUES ( 20388, 12840, '20:09:00', '20:09:00', 20 );
INSERT INTO "times" VALUES ( 20388, 12850, '20:08:00', '20:08:00', 20 );
INSERT INTO "times" VALUES ( 20388, 12860, '20:06:00', '20:06:00', 20 );
INSERT INTO "times" VALUES ( 20388, 12870, '20:04:00', '20:04:00', 20 );
INSERT INTO "times" VALUES ( 20388, 12880, '20:02:00', '20:02:00', 20 );
INSERT INTO "times" VALUES ( 20388, 12890, '20:01:00', '20:01:00', 20 );
INSERT INTO "times" VALUES ( 20388, 12900, '19:56:00', '19:59:00', 20 );
INSERT INTO "times" VALUES ( 20388, 13510, '19:53:00', '19:53:00', 30 );
INSERT INTO "times" VALUES ( 20388, 13520, NULL, '19:51:00', 30 );

INSERT INTO "dias" VALUES ( 20389, 100, FALSE, TRUE, 'Q2000Z', 11510, 13520 );
INSERT INTO "dias_line_groups" VALUES ( 20389, 10 );
INSERT INTO "times" VALUES ( 20389, 11510, NULL, '20:14:00', 10 );
INSERT INTO "times" VALUES ( 20389, 11520, '20:15:00', '20:15:00', 10 );
INSERT INTO "times" VALUES ( 20389, 11530, '20:17:00', '20:17:00', 10 );
INSERT INTO "times" VALUES ( 20389, 11540, '20:19:00', '20:19:00', 10 );
INSERT INTO "times" VALUES ( 20389, 12530, '20:21:00', '20:22:00', 20 );
INSERT INTO "times" VALUES ( 20389, 12540, '20:24:00', '20:30:00', 20 );
INSERT INTO "times" VALUES ( 20389, 12550, '20:33:00', '20:33:00', 20 );
INSERT INTO "times" VALUES ( 20389, 12560, '20:34:00', '20:34:00', 20 );
INSERT INTO "times" VALUES ( 20389, 12570, '20:36:00', '20:36:00', 20 );
INSERT INTO "times" VALUES ( 20389, 12580, '20:37:00', '20:37:00', 20 );
INSERT INTO "times" VALUES ( 20389, 12590, '20:39:00', '20:39:00', 20 );
INSERT INTO "times" VALUES ( 20389, 12600, '20:40:00', '20:40:00', 20 );
INSERT INTO "times" VALUES ( 20389, 12610, '20:42:00', '20:45:00', 20 );
INSERT INTO "times" VALUES ( 20389, 12620, '20:47:00', '20:47:00', 20 );
INSERT INTO "times" VALUES ( 20389, 12630, '20:48:00', '20:48:00', 20 );
INSERT INTO "times" VALUES ( 20389, 12640, '20:50:00', '20:50:00', 20 );
INSERT INTO "times" VALUES ( 20389, 12650, '20:52:00', '20:52:00', 20 );
INSERT INTO "times" VALUES ( 20389, 12660, '20:55:00', '20:55:00', 20 );
INSERT INTO "times" VALUES ( 20389, 12670, '20:58:00', '20:58:00', 20 );
INSERT INTO "times" VALUES ( 20389, 12680, '21:01:00', '21:04:00', 20 );
INSERT INTO "times" VALUES ( 20389, 12690, '21:06:00', '21:06:00', 20 );
INSERT INTO "times" VALUES ( 20389, 12700, '21:09:00', '21:09:00', 20 );
INSERT INTO "times" VALUES ( 20389, 12710, '21:11:00', '21:14:00', 20 );
INSERT INTO "times" VALUES ( 20389, 12720, '21:17:00', '21:17:00', 20 );
INSERT INTO "times" VALUES ( 20389, 12730, '21:19:00', '21:19:00', 20 );
INSERT INTO "times" VALUES ( 20389, 12740, '21:22:00', '21:22:00', 20 );
INSERT INTO "times" VALUES ( 20389, 12750, '21:25:00', '21:25:00', 20 );
INSERT INTO "times" VALUES ( 20389, 12760, '21:28:00', '21:28:00', 20 );
INSERT INTO "times" VALUES ( 20389, 12770, '21:32:00', '21:32:00', 20 );
INSERT INTO "times" VALUES ( 20389, 12780, '21:36:00', '21:36:00', 20 );
INSERT INTO "times" VALUES ( 20389, 12790, '21:37:00', '21:37:00', 20 );
INSERT INTO "times" VALUES ( 20389, 12800, '21:39:00', '21:43:00', 20 );
INSERT INTO "times" VALUES ( 20389, 12810, '21:45:00', '21:45:00', 20 );
INSERT INTO "times" VALUES ( 20389, 12820, '21:47:00', '21:47:00', 20 );
INSERT INTO "times" VALUES ( 20389, 12830, '21:49:00', '21:49:00', 20 );
INSERT INTO "times" VALUES ( 20389, 12840, '21:50:00', '21:50:00', 20 );
INSERT INTO "times" VALUES ( 20389, 12850, '21:51:00', '21:51:00', 20 );
INSERT INTO "times" VALUES ( 20389, 12860, '21:53:00', '21:53:00', 20 );
INSERT INTO "times" VALUES ( 20389, 12870, '21:55:00', '21:55:00', 20 );
INSERT INTO "times" VALUES ( 20389, 12880, '21:56:00', '21:56:00', 20 );
INSERT INTO "times" VALUES ( 20389, 12890, '21:58:00', '21:58:00', 20 );
INSERT INTO "times" VALUES ( 20389, 12900, '22:00:00', '22:00:00', 20 );
INSERT INTO "times" VALUES ( 20389, 13510, '22:02:00', '22:02:00', 30 );
INSERT INTO "times" VALUES ( 20389, 13520, '22:05:00', NULL, NULL );

INSERT INTO "dias" VALUES ( 20390, 100, FALSE, TRUE, 'Q2001B', 13520, 11510 );
INSERT INTO "dias_line_groups" VALUES ( 20390, 10 );
INSERT INTO "times" VALUES ( 20390, 11510, '22:01:00', NULL, NULL );
INSERT INTO "times" VALUES ( 20390, 11520, '21:58:00', '21:58:00', 10 );
INSERT INTO "times" VALUES ( 20390, 11530, '21:57:00', '21:57:00', 10 );
INSERT INTO "times" VALUES ( 20390, 11540, '21:55:00', '21:55:00', 10 );
INSERT INTO "times" VALUES ( 20390, 12530, '21:54:00', '21:54:00', 10 );
INSERT INTO "times" VALUES ( 20390, 12540, '21:48:00', '21:51:00', 20 );
INSERT INTO "times" VALUES ( 20390, 12550, '21:46:00', '21:46:00', 20 );
INSERT INTO "times" VALUES ( 20390, 12560, '21:44:00', '21:44:00', 20 );
INSERT INTO "times" VALUES ( 20390, 12570, '21:43:00', '21:43:00', 20 );
INSERT INTO "times" VALUES ( 20390, 12580, '21:41:00', '21:41:00', 20 );
INSERT INTO "times" VALUES ( 20390, 12590, '21:40:00', '21:40:00', 20 );
INSERT INTO "times" VALUES ( 20390, 12600, '21:38:00', '21:38:00', 20 );
INSERT INTO "times" VALUES ( 20390, 12610, '21:33:00', '21:37:00', 20 );
INSERT INTO "times" VALUES ( 20390, 12620, '21:31:00', '21:31:00', 20 );
INSERT INTO "times" VALUES ( 20390, 12630, '21:29:00', '21:29:00', 20 );
INSERT INTO "times" VALUES ( 20390, 12640, '21:28:00', '21:28:00', 20 );
INSERT INTO "times" VALUES ( 20390, 12650, '21:26:00', '21:26:00', 20 );
INSERT INTO "times" VALUES ( 20390, 12660, '21:23:00', '21:24:00', 20 );
INSERT INTO "times" VALUES ( 20390, 12670, '21:20:00', '21:20:00', 20 );
INSERT INTO "times" VALUES ( 20390, 12680, '21:12:00', '21:17:00', 20 );
INSERT INTO "times" VALUES ( 20390, 12690, '21:09:00', '21:09:00', 20 );
INSERT INTO "times" VALUES ( 20390, 12700, '21:07:00', '21:07:00', 20 );
INSERT INTO "times" VALUES ( 20390, 12710, '21:05:00', '21:05:00', 20 );
INSERT INTO "times" VALUES ( 20390, 12720, '21:03:00', '21:03:00', 20 );
INSERT INTO "times" VALUES ( 20390, 12730, '21:00:00', '21:00:00', 20 );
INSERT INTO "times" VALUES ( 20390, 12740, '20:58:00', '20:58:00', 20 );
INSERT INTO "times" VALUES ( 20390, 12750, '20:54:00', '20:54:00', 20 );
INSERT INTO "times" VALUES ( 20390, 12760, '20:52:00', '20:52:00', 20 );
INSERT INTO "times" VALUES ( 20390, 12770, '20:48:00', '20:48:00', 20 );
INSERT INTO "times" VALUES ( 20390, 12780, '20:44:00', '20:44:00', 20 );
INSERT INTO "times" VALUES ( 20390, 12790, '20:41:00', '20:41:00', 20 );
INSERT INTO "times" VALUES ( 20390, 12800, '20:36:00', '20:39:00', 20 );
INSERT INTO "times" VALUES ( 20390, 12810, '20:34:00', '20:34:00', 20 );
INSERT INTO "times" VALUES ( 20390, 12820, '20:32:00', '20:32:00', 20 );
INSERT INTO "times" VALUES ( 20390, 12830, '20:31:00', '20:31:00', 20 );
INSERT INTO "times" VALUES ( 20390, 12840, '20:29:00', '20:29:00', 20 );
INSERT INTO "times" VALUES ( 20390, 12850, '20:27:00', '20:27:00', 20 );
INSERT INTO "times" VALUES ( 20390, 12860, '20:25:00', '20:25:00', 20 );
INSERT INTO "times" VALUES ( 20390, 12870, '20:24:00', '20:24:00', 20 );
INSERT INTO "times" VALUES ( 20390, 12880, '20:22:00', '20:22:00', 20 );
INSERT INTO "times" VALUES ( 20390, 12890, '20:20:00', '20:20:00', 20 );
INSERT INTO "times" VALUES ( 20390, 12900, '20:15:00', '20:19:00', 20 );
INSERT INTO "times" VALUES ( 20390, 13510, '20:13:00', '20:13:00', 30 );
INSERT INTO "times" VALUES ( 20390, 13520, NULL, '20:11:00', 30 );

INSERT INTO "dias" VALUES ( 20391, 100, FALSE, TRUE, 'Q2002Z', 11510, 13520 );
INSERT INTO "dias_line_groups" VALUES ( 20391, 10 );
INSERT INTO "times" VALUES ( 20391, 11510, NULL, '20:34:00', 10 );
INSERT INTO "times" VALUES ( 20391, 11520, '20:35:00', '20:35:00', 10 );
INSERT INTO "times" VALUES ( 20391, 11530, '20:37:00', '20:37:00', 10 );
INSERT INTO "times" VALUES ( 20391, 11540, '20:39:00', '20:39:00', 10 );
INSERT INTO "times" VALUES ( 20391, 12530, '20:41:00', '20:42:00', 20 );
INSERT INTO "times" VALUES ( 20391, 12540, '20:44:00', '20:50:00', 20 );
INSERT INTO "times" VALUES ( 20391, 12550, '20:52:00', '20:52:00', 20 );
INSERT INTO "times" VALUES ( 20391, 12560, '20:54:00', '20:54:00', 20 );
INSERT INTO "times" VALUES ( 20391, 12570, '20:56:00', '20:56:00', 20 );
INSERT INTO "times" VALUES ( 20391, 12580, '20:57:00', '20:57:00', 20 );
INSERT INTO "times" VALUES ( 20391, 12590, '20:58:00', '20:58:00', 20 );
INSERT INTO "times" VALUES ( 20391, 12600, '21:00:00', '21:00:00', 20 );
INSERT INTO "times" VALUES ( 20391, 12610, '21:01:00', '21:05:00', 20 );
INSERT INTO "times" VALUES ( 20391, 12620, '21:06:00', '21:06:00', 20 );
INSERT INTO "times" VALUES ( 20391, 12630, '21:08:00', '21:08:00', 20 );
INSERT INTO "times" VALUES ( 20391, 12640, '21:09:00', '21:09:00', 20 );
INSERT INTO "times" VALUES ( 20391, 12650, '21:11:00', '21:11:00', 20 );
INSERT INTO "times" VALUES ( 20391, 12660, '21:13:00', '21:15:00', 20 );
INSERT INTO "times" VALUES ( 20391, 12670, '21:18:00', '21:18:00', 20 );
INSERT INTO "times" VALUES ( 20391, 12680, '21:21:00', '21:27:00', 20 );
INSERT INTO "times" VALUES ( 20391, 12690, '21:29:00', '21:29:00', 20 );
INSERT INTO "times" VALUES ( 20391, 12700, '21:31:00', '21:31:00', 20 );
INSERT INTO "times" VALUES ( 20391, 12710, '21:33:00', '21:34:00', 20 );
INSERT INTO "times" VALUES ( 20391, 12720, '21:36:00', '21:36:00', 20 );
INSERT INTO "times" VALUES ( 20391, 12730, '21:38:00', '21:38:00', 20 );
INSERT INTO "times" VALUES ( 20391, 12740, '21:41:00', '21:41:00', 20 );
INSERT INTO "times" VALUES ( 20391, 12750, '21:44:00', '21:44:00', 20 );
INSERT INTO "times" VALUES ( 20391, 12760, '21:47:00', '21:47:00', 20 );
INSERT INTO "times" VALUES ( 20391, 12770, '21:51:00', '21:51:00', 20 );
INSERT INTO "times" VALUES ( 20391, 12780, '21:56:00', '21:56:00', 20 );
INSERT INTO "times" VALUES ( 20391, 12790, '21:57:00', '21:57:00', 20 );
INSERT INTO "times" VALUES ( 20391, 12800, '21:59:00', '22:04:00', 20 );
INSERT INTO "times" VALUES ( 20391, 12810, '22:05:00', '22:05:00', 20 );
INSERT INTO "times" VALUES ( 20391, 12820, '22:07:00', '22:07:00', 20 );
INSERT INTO "times" VALUES ( 20391, 12830, '22:09:00', '22:09:00', 20 );
INSERT INTO "times" VALUES ( 20391, 12840, '22:10:00', '22:10:00', 20 );
INSERT INTO "times" VALUES ( 20391, 12850, '22:12:00', '22:12:00', 20 );
INSERT INTO "times" VALUES ( 20391, 12860, '22:13:00', '22:13:00', 20 );
INSERT INTO "times" VALUES ( 20391, 12870, '22:15:00', '22:15:00', 20 );
INSERT INTO "times" VALUES ( 20391, 12880, '22:17:00', '22:17:00', 20 );
INSERT INTO "times" VALUES ( 20391, 12890, '22:19:00', '22:19:00', 20 );
INSERT INTO "times" VALUES ( 20391, 12900, '22:20:00', '22:22:00', 20 );
INSERT INTO "times" VALUES ( 20391, 13510, '22:24:00', '22:24:00', 30 );
INSERT INTO "times" VALUES ( 20391, 13520, '22:27:00', NULL, NULL );

INSERT INTO "dias" VALUES ( 20392, 100, FALSE, TRUE, 'Q2003B', 13520, 11510 );
INSERT INTO "dias_line_groups" VALUES ( 20392, 10 );
INSERT INTO "times" VALUES ( 20392, 11510, '22:20:00', NULL, NULL );
INSERT INTO "times" VALUES ( 20392, 11520, '22:18:00', '22:18:00', 10 );
INSERT INTO "times" VALUES ( 20392, 11530, '22:16:00', '22:16:00', 10 );
INSERT INTO "times" VALUES ( 20392, 11540, '22:15:00', '22:15:00', 10 );
INSERT INTO "times" VALUES ( 20392, 12530, '22:13:00', '22:13:00', 10 );
INSERT INTO "times" VALUES ( 20392, 12540, '22:08:00', '22:10:00', 20 );
INSERT INTO "times" VALUES ( 20392, 12550, '22:05:00', '22:05:00', 20 );
INSERT INTO "times" VALUES ( 20392, 12560, '22:04:00', '22:04:00', 20 );
INSERT INTO "times" VALUES ( 20392, 12570, '22:02:00', '22:02:00', 20 );
INSERT INTO "times" VALUES ( 20392, 12580, '22:00:00', '22:00:00', 20 );
INSERT INTO "times" VALUES ( 20392, 12590, '21:59:00', '21:59:00', 20 );
INSERT INTO "times" VALUES ( 20392, 12600, '21:58:00', '21:58:00', 20 );
INSERT INTO "times" VALUES ( 20392, 12610, '21:53:00', '21:57:00', 20 );
INSERT INTO "times" VALUES ( 20392, 12620, '21:51:00', '21:51:00', 20 );
INSERT INTO "times" VALUES ( 20392, 12630, '21:49:00', '21:49:00', 20 );
INSERT INTO "times" VALUES ( 20392, 12640, '21:48:00', '21:48:00', 20 );
INSERT INTO "times" VALUES ( 20392, 12650, '21:46:00', '21:46:00', 20 );
INSERT INTO "times" VALUES ( 20392, 12660, '21:43:00', '21:44:00', 20 );
INSERT INTO "times" VALUES ( 20392, 12670, '21:40:00', '21:40:00', 20 );
INSERT INTO "times" VALUES ( 20392, 12680, '21:32:00', '21:37:00', 20 );
INSERT INTO "times" VALUES ( 20392, 12690, '21:29:00', '21:29:00', 20 );
INSERT INTO "times" VALUES ( 20392, 12700, '21:27:00', '21:27:00', 20 );
INSERT INTO "times" VALUES ( 20392, 12710, '21:25:00', '21:25:00', 20 );
INSERT INTO "times" VALUES ( 20392, 12720, '21:23:00', '21:23:00', 20 );
INSERT INTO "times" VALUES ( 20392, 12730, '21:20:00', '21:20:00', 20 );
INSERT INTO "times" VALUES ( 20392, 12740, '21:18:00', '21:18:00', 20 );
INSERT INTO "times" VALUES ( 20392, 12750, '21:14:00', '21:14:00', 20 );
INSERT INTO "times" VALUES ( 20392, 12760, '21:12:00', '21:12:00', 20 );
INSERT INTO "times" VALUES ( 20392, 12770, '21:08:00', '21:08:00', 20 );
INSERT INTO "times" VALUES ( 20392, 12780, '21:04:00', '21:04:00', 20 );
INSERT INTO "times" VALUES ( 20392, 12790, '21:01:00', '21:01:00', 20 );
INSERT INTO "times" VALUES ( 20392, 12800, '20:56:00', '20:59:00', 20 );
INSERT INTO "times" VALUES ( 20392, 12810, '20:54:00', '20:54:00', 20 );
INSERT INTO "times" VALUES ( 20392, 12820, '20:52:00', '20:52:00', 20 );
INSERT INTO "times" VALUES ( 20392, 12830, '20:51:00', '20:51:00', 20 );
INSERT INTO "times" VALUES ( 20392, 12840, '20:49:00', '20:49:00', 20 );
INSERT INTO "times" VALUES ( 20392, 12850, '20:47:00', '20:47:00', 20 );
INSERT INTO "times" VALUES ( 20392, 12860, '20:45:00', '20:45:00', 20 );
INSERT INTO "times" VALUES ( 20392, 12870, '20:44:00', '20:44:00', 20 );
INSERT INTO "times" VALUES ( 20392, 12880, '20:42:00', '20:42:00', 20 );
INSERT INTO "times" VALUES ( 20392, 12890, '20:40:00', '20:40:00', 20 );
INSERT INTO "times" VALUES ( 20392, 12900, '20:35:00', '20:39:00', 20 );
INSERT INTO "times" VALUES ( 20392, 13510, '20:33:00', '20:33:00', 30 );
INSERT INTO "times" VALUES ( 20392, 13520, NULL, '20:31:00', 30 );

INSERT INTO "dias" VALUES ( 20393, 100, FALSE, TRUE, 'Q2004S', 11510, 12900 );
INSERT INTO "dias_line_groups" VALUES ( 20393, 10 );
INSERT INTO "times" VALUES ( 20393, 11510, NULL, '20:54:00', 10 );
INSERT INTO "times" VALUES ( 20393, 11520, '20:55:00', '20:55:00', 10 );
INSERT INTO "times" VALUES ( 20393, 11530, '20:57:00', '20:57:00', 10 );
INSERT INTO "times" VALUES ( 20393, 11540, '20:59:00', '20:59:00', 10 );
INSERT INTO "times" VALUES ( 20393, 12530, '21:01:00', '21:02:00', 20 );
INSERT INTO "times" VALUES ( 20393, 12540, '21:04:00', '21:12:00', 20 );
INSERT INTO "times" VALUES ( 20393, 12550, '21:14:00', '21:14:00', 20 );
INSERT INTO "times" VALUES ( 20393, 12560, '21:15:00', '21:15:00', 20 );
INSERT INTO "times" VALUES ( 20393, 12570, '21:17:00', '21:17:00', 20 );
INSERT INTO "times" VALUES ( 20393, 12580, '21:19:00', '21:19:00', 20 );
INSERT INTO "times" VALUES ( 20393, 12590, '21:20:00', '21:20:00', 20 );
INSERT INTO "times" VALUES ( 20393, 12600, '21:21:00', '21:21:00', 20 );
INSERT INTO "times" VALUES ( 20393, 12610, '21:23:00', '21:26:00', 20 );
INSERT INTO "times" VALUES ( 20393, 12620, '21:27:00', '21:27:00', 20 );
INSERT INTO "times" VALUES ( 20393, 12630, '21:29:00', '21:29:00', 20 );
INSERT INTO "times" VALUES ( 20393, 12640, '21:30:00', '21:30:00', 20 );
INSERT INTO "times" VALUES ( 20393, 12650, '21:32:00', '21:32:00', 20 );
INSERT INTO "times" VALUES ( 20393, 12660, '21:34:00', '21:35:00', 20 );
INSERT INTO "times" VALUES ( 20393, 12670, '21:38:00', '21:38:00', 20 );
INSERT INTO "times" VALUES ( 20393, 12680, '21:42:00', '21:47:00', 20 );
INSERT INTO "times" VALUES ( 20393, 12690, '21:49:00', '21:49:00', 20 );
INSERT INTO "times" VALUES ( 20393, 12700, '21:51:00', '21:51:00', 20 );
INSERT INTO "times" VALUES ( 20393, 12710, '21:53:00', '21:54:00', 20 );
INSERT INTO "times" VALUES ( 20393, 12720, '21:56:00', '21:56:00', 20 );
INSERT INTO "times" VALUES ( 20393, 12730, '21:58:00', '21:58:00', 20 );
INSERT INTO "times" VALUES ( 20393, 12740, '22:02:00', '22:02:00', 20 );
INSERT INTO "times" VALUES ( 20393, 12750, '22:04:00', '22:04:00', 20 );
INSERT INTO "times" VALUES ( 20393, 12760, '22:07:00', '22:07:00', 20 );
INSERT INTO "times" VALUES ( 20393, 12770, '22:11:00', '22:11:00', 20 );
INSERT INTO "times" VALUES ( 20393, 12780, '22:16:00', '22:16:00', 20 );
INSERT INTO "times" VALUES ( 20393, 12790, '22:17:00', '22:17:00', 20 );
INSERT INTO "times" VALUES ( 20393, 12800, '22:19:00', '22:24:00', 20 );
INSERT INTO "times" VALUES ( 20393, 12810, '22:25:00', '22:25:00', 20 );
INSERT INTO "times" VALUES ( 20393, 12820, '22:27:00', '22:27:00', 20 );
INSERT INTO "times" VALUES ( 20393, 12830, '22:29:00', '22:29:00', 20 );
INSERT INTO "times" VALUES ( 20393, 12840, '22:30:00', '22:30:00', 20 );
INSERT INTO "times" VALUES ( 20393, 12850, '22:32:00', '22:32:00', 20 );
INSERT INTO "times" VALUES ( 20393, 12860, '22:33:00', '22:33:00', 20 );
INSERT INTO "times" VALUES ( 20393, 12870, '22:35:00', '22:35:00', 20 );
INSERT INTO "times" VALUES ( 20393, 12880, '22:37:00', '22:37:00', 20 );
INSERT INTO "times" VALUES ( 20393, 12890, '22:39:00', '22:39:00', 20 );
INSERT INTO "times" VALUES ( 20393, 12900, '22:40:00', NULL, NULL );

INSERT INTO "dias" VALUES ( 20394, 100, FALSE, TRUE, 'Q2005B', 13520, 11510 );
INSERT INTO "dias_line_groups" VALUES ( 20394, 10 );
INSERT INTO "times" VALUES ( 20394, 11510, '22:40:00', NULL, NULL );
INSERT INTO "times" VALUES ( 20394, 11520, '22:38:00', '22:38:00', 10 );
INSERT INTO "times" VALUES ( 20394, 11530, '22:36:00', '22:36:00', 10 );
INSERT INTO "times" VALUES ( 20394, 11540, '22:35:00', '22:35:00', 10 );
INSERT INTO "times" VALUES ( 20394, 12530, '22:32:00', '22:33:00', 10 );
INSERT INTO "times" VALUES ( 20394, 12540, '22:28:00', '22:30:00', 20 );
INSERT INTO "times" VALUES ( 20394, 12550, '22:25:00', '22:25:00', 20 );
INSERT INTO "times" VALUES ( 20394, 12560, '22:24:00', '22:24:00', 20 );
INSERT INTO "times" VALUES ( 20394, 12570, '22:22:00', '22:22:00', 20 );
INSERT INTO "times" VALUES ( 20394, 12580, '22:20:00', '22:20:00', 20 );
INSERT INTO "times" VALUES ( 20394, 12590, '22:19:00', '22:19:00', 20 );
INSERT INTO "times" VALUES ( 20394, 12600, '22:18:00', '22:18:00', 20 );
INSERT INTO "times" VALUES ( 20394, 12610, '22:13:00', '22:17:00', 20 );
INSERT INTO "times" VALUES ( 20394, 12620, '22:11:00', '22:11:00', 20 );
INSERT INTO "times" VALUES ( 20394, 12630, '22:09:00', '22:09:00', 20 );
INSERT INTO "times" VALUES ( 20394, 12640, '22:08:00', '22:08:00', 20 );
INSERT INTO "times" VALUES ( 20394, 12650, '22:06:00', '22:06:00', 20 );
INSERT INTO "times" VALUES ( 20394, 12660, '22:03:00', '22:04:00', 20 );
INSERT INTO "times" VALUES ( 20394, 12670, '22:00:00', '22:00:00', 20 );
INSERT INTO "times" VALUES ( 20394, 12680, '21:52:00', '21:57:00', 20 );
INSERT INTO "times" VALUES ( 20394, 12690, '21:49:00', '21:49:00', 20 );
INSERT INTO "times" VALUES ( 20394, 12700, '21:47:00', '21:47:00', 20 );
INSERT INTO "times" VALUES ( 20394, 12710, '21:45:00', '21:45:00', 20 );
INSERT INTO "times" VALUES ( 20394, 12720, '21:43:00', '21:43:00', 20 );
INSERT INTO "times" VALUES ( 20394, 12730, '21:40:00', '21:40:00', 20 );
INSERT INTO "times" VALUES ( 20394, 12740, '21:38:00', '21:38:00', 20 );
INSERT INTO "times" VALUES ( 20394, 12750, '21:34:00', '21:34:00', 20 );
INSERT INTO "times" VALUES ( 20394, 12760, '21:32:00', '21:32:00', 20 );
INSERT INTO "times" VALUES ( 20394, 12770, '21:28:00', '21:28:00', 20 );
INSERT INTO "times" VALUES ( 20394, 12780, '21:24:00', '21:24:00', 20 );
INSERT INTO "times" VALUES ( 20394, 12790, '21:21:00', '21:21:00', 20 );
INSERT INTO "times" VALUES ( 20394, 12800, '21:16:00', '21:19:00', 20 );
INSERT INTO "times" VALUES ( 20394, 12810, '21:14:00', '21:14:00', 20 );
INSERT INTO "times" VALUES ( 20394, 12820, '21:12:00', '21:12:00', 20 );
INSERT INTO "times" VALUES ( 20394, 12830, '21:11:00', '21:11:00', 20 );
INSERT INTO "times" VALUES ( 20394, 12840, '21:09:00', '21:09:00', 20 );
INSERT INTO "times" VALUES ( 20394, 12850, '21:07:00', '21:07:00', 20 );
INSERT INTO "times" VALUES ( 20394, 12860, '21:05:00', '21:05:00', 20 );
INSERT INTO "times" VALUES ( 20394, 12870, '21:04:00', '21:04:00', 20 );
INSERT INTO "times" VALUES ( 20394, 12880, '21:02:00', '21:02:00', 20 );
INSERT INTO "times" VALUES ( 20394, 12890, '21:00:00', '21:00:00', 20 );
INSERT INTO "times" VALUES ( 20394, 12900, '20:55:00', '20:59:00', 20 );
INSERT INTO "times" VALUES ( 20394, 13510, '20:53:00', '20:53:00', 30 );
INSERT INTO "times" VALUES ( 20394, 13520, NULL, '20:51:00', 30 );

INSERT INTO "dias" VALUES ( 20395, 100, FALSE, TRUE, 'Q2100Z', 11510, 13520 );
INSERT INTO "dias_line_groups" VALUES ( 20395, 10 );
INSERT INTO "times" VALUES ( 20395, 11510, NULL, '21:19:00', 10 );
INSERT INTO "times" VALUES ( 20395, 11520, '21:20:00', '21:20:00', 10 );
INSERT INTO "times" VALUES ( 20395, 11530, '21:22:00', '21:22:00', 10 );
INSERT INTO "times" VALUES ( 20395, 11540, '21:24:00', '21:24:00', 10 );
INSERT INTO "times" VALUES ( 20395, 12530, '21:26:00', '21:26:00', 20 );
INSERT INTO "times" VALUES ( 20395, 12540, '21:29:00', '21:32:00', 20 );
INSERT INTO "times" VALUES ( 20395, 12550, '21:34:00', '21:34:00', 20 );
INSERT INTO "times" VALUES ( 20395, 12560, '21:35:00', '21:35:00', 20 );
INSERT INTO "times" VALUES ( 20395, 12570, '21:37:00', '21:37:00', 20 );
INSERT INTO "times" VALUES ( 20395, 12580, '21:39:00', '21:39:00', 20 );
INSERT INTO "times" VALUES ( 20395, 12590, '21:40:00', '21:40:00', 20 );
INSERT INTO "times" VALUES ( 20395, 12600, '21:41:00', '21:41:00', 20 );
INSERT INTO "times" VALUES ( 20395, 12610, '21:43:00', '21:46:00', 20 );
INSERT INTO "times" VALUES ( 20395, 12620, '21:47:00', '21:47:00', 20 );
INSERT INTO "times" VALUES ( 20395, 12630, '21:49:00', '21:49:00', 20 );
INSERT INTO "times" VALUES ( 20395, 12640, '21:50:00', '21:50:00', 20 );
INSERT INTO "times" VALUES ( 20395, 12650, '21:52:00', '21:52:00', 20 );
INSERT INTO "times" VALUES ( 20395, 12660, '21:54:00', '21:55:00', 20 );
INSERT INTO "times" VALUES ( 20395, 12670, '21:58:00', '21:58:00', 20 );
INSERT INTO "times" VALUES ( 20395, 12680, '22:02:00', '22:07:00', 20 );
INSERT INTO "times" VALUES ( 20395, 12690, '22:09:00', '22:09:00', 20 );
INSERT INTO "times" VALUES ( 20395, 12700, '22:11:00', '22:11:00', 20 );
INSERT INTO "times" VALUES ( 20395, 12710, '22:13:00', '22:14:00', 20 );
INSERT INTO "times" VALUES ( 20395, 12720, '22:16:00', '22:16:00', 20 );
INSERT INTO "times" VALUES ( 20395, 12730, '22:18:00', '22:18:00', 20 );
INSERT INTO "times" VALUES ( 20395, 12740, '22:22:00', '22:22:00', 20 );
INSERT INTO "times" VALUES ( 20395, 12750, '22:24:00', '22:24:00', 20 );
INSERT INTO "times" VALUES ( 20395, 12760, '22:27:00', '22:27:00', 20 );
INSERT INTO "times" VALUES ( 20395, 12770, '22:31:00', '22:31:00', 20 );
INSERT INTO "times" VALUES ( 20395, 12780, '22:36:00', '22:36:00', 20 );
INSERT INTO "times" VALUES ( 20395, 12790, '22:37:00', '22:37:00', 20 );
INSERT INTO "times" VALUES ( 20395, 12800, '22:39:00', '22:43:00', 20 );
INSERT INTO "times" VALUES ( 20395, 12810, '22:45:00', '22:45:00', 20 );
INSERT INTO "times" VALUES ( 20395, 12820, '22:47:00', '22:47:00', 20 );
INSERT INTO "times" VALUES ( 20395, 12830, '22:49:00', '22:49:00', 20 );
INSERT INTO "times" VALUES ( 20395, 12840, '22:50:00', '22:50:00', 20 );
INSERT INTO "times" VALUES ( 20395, 12850, '22:51:00', '22:51:00', 20 );
INSERT INTO "times" VALUES ( 20395, 12860, '22:53:00', '22:53:00', 20 );
INSERT INTO "times" VALUES ( 20395, 12870, '22:55:00', '22:55:00', 20 );
INSERT INTO "times" VALUES ( 20395, 12880, '22:56:00', '22:56:00', 20 );
INSERT INTO "times" VALUES ( 20395, 12890, '22:58:00', '22:58:00', 20 );
INSERT INTO "times" VALUES ( 20395, 12900, '23:00:00', '23:00:00', 20 );
INSERT INTO "times" VALUES ( 20395, 13510, '23:02:00', '23:02:00', 30 );
INSERT INTO "times" VALUES ( 20395, 13520, '23:05:00', NULL, NULL );

INSERT INTO "dias" VALUES ( 20396, 100, FALSE, TRUE, 'Q2101A', 13520, 12510 );
INSERT INTO "dias_line_groups" VALUES ( 20396, 10 );
INSERT INTO "times" VALUES ( 20396, 12510, '22:57:00', NULL, NULL );
INSERT INTO "times" VALUES ( 20396, 12520, '22:55:00', '22:55:00', 20 );
INSERT INTO "times" VALUES ( 20396, 12530, '22:53:00', '22:53:00', 20 );
INSERT INTO "times" VALUES ( 20396, 12540, '22:49:00', '22:50:00', 20 );
INSERT INTO "times" VALUES ( 20396, 12550, '22:46:00', '22:46:00', 20 );
INSERT INTO "times" VALUES ( 20396, 12560, '22:44:00', '22:44:00', 20 );
INSERT INTO "times" VALUES ( 20396, 12570, '22:43:00', '22:43:00', 20 );
INSERT INTO "times" VALUES ( 20396, 12580, '22:41:00', '22:41:00', 20 );
INSERT INTO "times" VALUES ( 20396, 12590, '22:40:00', '22:40:00', 20 );
INSERT INTO "times" VALUES ( 20396, 12600, '22:39:00', '22:39:00', 20 );
INSERT INTO "times" VALUES ( 20396, 12610, '22:33:00', '22:38:00', 20 );
INSERT INTO "times" VALUES ( 20396, 12620, '22:31:00', '22:31:00', 20 );
INSERT INTO "times" VALUES ( 20396, 12630, '22:29:00', '22:29:00', 20 );
INSERT INTO "times" VALUES ( 20396, 12640, '22:28:00', '22:28:00', 20 );
INSERT INTO "times" VALUES ( 20396, 12650, '22:26:00', '22:26:00', 20 );
INSERT INTO "times" VALUES ( 20396, 12660, '22:23:00', '22:24:00', 20 );
INSERT INTO "times" VALUES ( 20396, 12670, '22:20:00', '22:20:00', 20 );
INSERT INTO "times" VALUES ( 20396, 12680, '22:12:00', '22:17:00', 20 );
INSERT INTO "times" VALUES ( 20396, 12690, '22:09:00', '22:09:00', 20 );
INSERT INTO "times" VALUES ( 20396, 12700, '22:07:00', '22:07:00', 20 );
INSERT INTO "times" VALUES ( 20396, 12710, '22:05:00', '22:05:00', 20 );
INSERT INTO "times" VALUES ( 20396, 12720, '22:03:00', '22:03:00', 20 );
INSERT INTO "times" VALUES ( 20396, 12730, '22:00:00', '22:00:00', 20 );
INSERT INTO "times" VALUES ( 20396, 12740, '21:58:00', '21:58:00', 20 );
INSERT INTO "times" VALUES ( 20396, 12750, '21:54:00', '21:54:00', 20 );
INSERT INTO "times" VALUES ( 20396, 12760, '21:52:00', '21:52:00', 20 );
INSERT INTO "times" VALUES ( 20396, 12770, '21:48:00', '21:48:00', 20 );
INSERT INTO "times" VALUES ( 20396, 12780, '21:44:00', '21:44:00', 20 );
INSERT INTO "times" VALUES ( 20396, 12790, '21:41:00', '21:41:00', 20 );
INSERT INTO "times" VALUES ( 20396, 12800, '21:36:00', '21:39:00', 20 );
INSERT INTO "times" VALUES ( 20396, 12810, '21:34:00', '21:34:00', 20 );
INSERT INTO "times" VALUES ( 20396, 12820, '21:32:00', '21:32:00', 20 );
INSERT INTO "times" VALUES ( 20396, 12830, '21:31:00', '21:31:00', 20 );
INSERT INTO "times" VALUES ( 20396, 12840, '21:29:00', '21:29:00', 20 );
INSERT INTO "times" VALUES ( 20396, 12850, '21:27:00', '21:27:00', 20 );
INSERT INTO "times" VALUES ( 20396, 12860, '21:25:00', '21:25:00', 20 );
INSERT INTO "times" VALUES ( 20396, 12870, '21:24:00', '21:24:00', 20 );
INSERT INTO "times" VALUES ( 20396, 12880, '21:22:00', '21:22:00', 20 );
INSERT INTO "times" VALUES ( 20396, 12890, '21:20:00', '21:20:00', 20 );
INSERT INTO "times" VALUES ( 20396, 12900, '21:15:00', '21:19:00', 20 );
INSERT INTO "times" VALUES ( 20396, 13510, '21:13:00', '21:13:00', 30 );
INSERT INTO "times" VALUES ( 20396, 13520, NULL, '21:11:00', 30 );

INSERT INTO "dias" VALUES ( 20397, 100, FALSE, TRUE, 'Q2102Z', 11510, 13520 );
INSERT INTO "dias_line_groups" VALUES ( 20397, 10 );
INSERT INTO "times" VALUES ( 20397, 11510, NULL, '21:38:00', 10 );
INSERT INTO "times" VALUES ( 20397, 11520, '21:40:00', '21:40:00', 10 );
INSERT INTO "times" VALUES ( 20397, 11530, '21:41:00', '21:41:00', 10 );
INSERT INTO "times" VALUES ( 20397, 11540, '21:43:00', '21:43:00', 10 );
INSERT INTO "times" VALUES ( 20397, 12530, '21:45:00', '21:46:00', 20 );
INSERT INTO "times" VALUES ( 20397, 12540, '21:48:00', '21:52:00', 20 );
INSERT INTO "times" VALUES ( 20397, 12550, '21:54:00', '21:54:00', 20 );
INSERT INTO "times" VALUES ( 20397, 12560, '21:55:00', '21:55:00', 20 );
INSERT INTO "times" VALUES ( 20397, 12570, '21:57:00', '21:57:00', 20 );
INSERT INTO "times" VALUES ( 20397, 12580, '21:59:00', '21:59:00', 20 );
INSERT INTO "times" VALUES ( 20397, 12590, '22:00:00', '22:00:00', 20 );
INSERT INTO "times" VALUES ( 20397, 12600, '22:01:00', '22:01:00', 20 );
INSERT INTO "times" VALUES ( 20397, 12610, '22:03:00', '22:06:00', 20 );
INSERT INTO "times" VALUES ( 20397, 12620, '22:07:00', '22:07:00', 20 );
INSERT INTO "times" VALUES ( 20397, 12630, '22:09:00', '22:09:00', 20 );
INSERT INTO "times" VALUES ( 20397, 12640, '22:10:00', '22:10:00', 20 );
INSERT INTO "times" VALUES ( 20397, 12650, '22:12:00', '22:12:00', 20 );
INSERT INTO "times" VALUES ( 20397, 12660, '22:15:00', '22:15:00', 20 );
INSERT INTO "times" VALUES ( 20397, 12670, '22:18:00', '22:18:00', 20 );
INSERT INTO "times" VALUES ( 20397, 12680, '22:21:00', '22:26:00', 20 );
INSERT INTO "times" VALUES ( 20397, 12690, '22:29:00', '22:29:00', 20 );
INSERT INTO "times" VALUES ( 20397, 12700, '22:31:00', '22:31:00', 20 );
INSERT INTO "times" VALUES ( 20397, 12710, '22:33:00', '22:34:00', 20 );
INSERT INTO "times" VALUES ( 20397, 12720, '22:36:00', '22:36:00', 20 );
INSERT INTO "times" VALUES ( 20397, 12730, '22:38:00', '22:38:00', 20 );
INSERT INTO "times" VALUES ( 20397, 12740, '22:41:00', '22:42:00', 20 );
INSERT INTO "times" VALUES ( 20397, 12750, '22:44:00', '22:44:00', 20 );
INSERT INTO "times" VALUES ( 20397, 12760, '22:47:00', '22:47:00', 20 );
INSERT INTO "times" VALUES ( 20397, 12770, '22:51:00', '22:52:00', 20 );
INSERT INTO "times" VALUES ( 20397, 12780, '22:56:00', '22:56:00', 20 );
INSERT INTO "times" VALUES ( 20397, 12790, '22:57:00', '22:57:00', 20 );
INSERT INTO "times" VALUES ( 20397, 12800, '22:59:00', '23:04:00', 20 );
INSERT INTO "times" VALUES ( 20397, 12810, '23:06:00', '23:06:00', 20 );
INSERT INTO "times" VALUES ( 20397, 12820, '23:08:00', '23:08:00', 20 );
INSERT INTO "times" VALUES ( 20397, 12830, '23:10:00', '23:10:00', 20 );
INSERT INTO "times" VALUES ( 20397, 12840, '23:11:00', '23:11:00', 20 );
INSERT INTO "times" VALUES ( 20397, 12850, '23:12:00', '23:12:00', 20 );
INSERT INTO "times" VALUES ( 20397, 12860, '23:14:00', '23:14:00', 20 );
INSERT INTO "times" VALUES ( 20397, 12870, '23:16:00', '23:16:00', 20 );
INSERT INTO "times" VALUES ( 20397, 12880, '23:18:00', '23:18:00', 20 );
INSERT INTO "times" VALUES ( 20397, 12890, '23:19:00', '23:19:00', 20 );
INSERT INTO "times" VALUES ( 20397, 12900, '23:21:00', '23:22:00', 20 );
INSERT INTO "times" VALUES ( 20397, 13510, '23:24:00', '23:24:00', 30 );
INSERT INTO "times" VALUES ( 20397, 13520, '23:27:00', NULL, NULL );

INSERT INTO "dias" VALUES ( 20398, 100, FALSE, TRUE, 'Q2103B', 13520, 11510 );
INSERT INTO "dias_line_groups" VALUES ( 20398, 10 );
INSERT INTO "times" VALUES ( 20398, 11510, '23:22:00', NULL, NULL );
INSERT INTO "times" VALUES ( 20398, 11520, '23:19:00', '23:19:00', 10 );
INSERT INTO "times" VALUES ( 20398, 11530, '23:18:00', '23:18:00', 10 );
INSERT INTO "times" VALUES ( 20398, 11540, '23:16:00', '23:16:00', 10 );
INSERT INTO "times" VALUES ( 20398, 12530, '23:14:00', '23:14:00', 10 );
INSERT INTO "times" VALUES ( 20398, 12540, '23:08:00', '23:11:00', 20 );
INSERT INTO "times" VALUES ( 20398, 12550, '23:05:00', '23:05:00', 20 );
INSERT INTO "times" VALUES ( 20398, 12560, '23:04:00', '23:04:00', 20 );
INSERT INTO "times" VALUES ( 20398, 12570, '23:02:00', '23:02:00', 20 );
INSERT INTO "times" VALUES ( 20398, 12580, '23:00:00', '23:00:00', 20 );
INSERT INTO "times" VALUES ( 20398, 12590, '22:59:00', '22:59:00', 20 );
INSERT INTO "times" VALUES ( 20398, 12600, '22:58:00', '22:58:00', 20 );
INSERT INTO "times" VALUES ( 20398, 12610, '22:53:00', '22:57:00', 20 );
INSERT INTO "times" VALUES ( 20398, 12620, '22:51:00', '22:51:00', 20 );
INSERT INTO "times" VALUES ( 20398, 12630, '22:49:00', '22:49:00', 20 );
INSERT INTO "times" VALUES ( 20398, 12640, '22:48:00', '22:48:00', 20 );
INSERT INTO "times" VALUES ( 20398, 12650, '22:46:00', '22:46:00', 20 );
INSERT INTO "times" VALUES ( 20398, 12660, '22:43:00', '22:44:00', 20 );
INSERT INTO "times" VALUES ( 20398, 12670, '22:40:00', '22:40:00', 20 );
INSERT INTO "times" VALUES ( 20398, 12680, '22:32:00', '22:37:00', 20 );
INSERT INTO "times" VALUES ( 20398, 12690, '22:29:00', '22:29:00', 20 );
INSERT INTO "times" VALUES ( 20398, 12700, '22:27:00', '22:27:00', 20 );
INSERT INTO "times" VALUES ( 20398, 12710, '22:25:00', '22:25:00', 20 );
INSERT INTO "times" VALUES ( 20398, 12720, '22:22:00', '22:22:00', 20 );
INSERT INTO "times" VALUES ( 20398, 12730, '22:20:00', '22:20:00', 20 );
INSERT INTO "times" VALUES ( 20398, 12740, '22:18:00', '22:18:00', 20 );
INSERT INTO "times" VALUES ( 20398, 12750, '22:14:00', '22:14:00', 20 );
INSERT INTO "times" VALUES ( 20398, 12760, '22:12:00', '22:12:00', 20 );
INSERT INTO "times" VALUES ( 20398, 12770, '22:08:00', '22:08:00', 20 );
INSERT INTO "times" VALUES ( 20398, 12780, '22:04:00', '22:04:00', 20 );
INSERT INTO "times" VALUES ( 20398, 12790, '22:01:00', '22:01:00', 20 );
INSERT INTO "times" VALUES ( 20398, 12800, '21:56:00', '21:59:00', 20 );
INSERT INTO "times" VALUES ( 20398, 12810, '21:54:00', '21:54:00', 20 );
INSERT INTO "times" VALUES ( 20398, 12820, '21:52:00', '21:52:00', 20 );
INSERT INTO "times" VALUES ( 20398, 12830, '21:51:00', '21:51:00', 20 );
INSERT INTO "times" VALUES ( 20398, 12840, '21:49:00', '21:49:00', 20 );
INSERT INTO "times" VALUES ( 20398, 12850, '21:47:00', '21:47:00', 20 );
INSERT INTO "times" VALUES ( 20398, 12860, '21:45:00', '21:45:00', 20 );
INSERT INTO "times" VALUES ( 20398, 12870, '21:44:00', '21:44:00', 20 );
INSERT INTO "times" VALUES ( 20398, 12880, '21:42:00', '21:42:00', 20 );
INSERT INTO "times" VALUES ( 20398, 12890, '21:40:00', '21:40:00', 20 );
INSERT INTO "times" VALUES ( 20398, 12900, '21:35:00', '21:39:00', 20 );
INSERT INTO "times" VALUES ( 20398, 13510, '21:33:00', '21:33:00', 30 );
INSERT INTO "times" VALUES ( 20398, 13520, NULL, '21:31:00', 30 );

INSERT INTO "dias" VALUES ( 20399, 100, FALSE, TRUE, 'Q2104Z', 11510, 13520 );
INSERT INTO "dias_line_groups" VALUES ( 20399, 10 );
INSERT INTO "times" VALUES ( 20399, 11510, NULL, '21:57:00', 10 );
INSERT INTO "times" VALUES ( 20399, 11520, '21:59:00', '21:59:00', 10 );
INSERT INTO "times" VALUES ( 20399, 11530, '22:00:00', '22:00:00', 10 );
INSERT INTO "times" VALUES ( 20399, 11540, '22:02:00', '22:02:00', 10 );
INSERT INTO "times" VALUES ( 20399, 12530, '22:04:00', '22:05:00', 20 );
INSERT INTO "times" VALUES ( 20399, 12540, '22:08:00', '22:12:00', 20 );
INSERT INTO "times" VALUES ( 20399, 12550, '22:14:00', '22:14:00', 20 );
INSERT INTO "times" VALUES ( 20399, 12560, '22:15:00', '22:15:00', 20 );
INSERT INTO "times" VALUES ( 20399, 12570, '22:17:00', '22:17:00', 20 );
INSERT INTO "times" VALUES ( 20399, 12580, '22:19:00', '22:19:00', 20 );
INSERT INTO "times" VALUES ( 20399, 12590, '22:20:00', '22:20:00', 20 );
INSERT INTO "times" VALUES ( 20399, 12600, '22:21:00', '22:21:00', 20 );
INSERT INTO "times" VALUES ( 20399, 12610, '22:23:00', '22:26:00', 20 );
INSERT INTO "times" VALUES ( 20399, 12620, '22:27:00', '22:27:00', 20 );
INSERT INTO "times" VALUES ( 20399, 12630, '22:29:00', '22:29:00', 20 );
INSERT INTO "times" VALUES ( 20399, 12640, '22:30:00', '22:30:00', 20 );
INSERT INTO "times" VALUES ( 20399, 12650, '22:32:00', '22:32:00', 20 );
INSERT INTO "times" VALUES ( 20399, 12660, '22:34:00', '22:35:00', 20 );
INSERT INTO "times" VALUES ( 20399, 12670, '22:38:00', '22:38:00', 20 );
INSERT INTO "times" VALUES ( 20399, 12680, '22:41:00', '22:45:00', 20 );
INSERT INTO "times" VALUES ( 20399, 12690, '22:47:00', '22:47:00', 20 );
INSERT INTO "times" VALUES ( 20399, 12700, '22:50:00', '22:50:00', 20 );
INSERT INTO "times" VALUES ( 20399, 12710, '22:52:00', '22:52:00', 20 );
INSERT INTO "times" VALUES ( 20399, 12720, '22:54:00', '22:54:00', 20 );
INSERT INTO "times" VALUES ( 20399, 12730, '22:56:00', '22:56:00', 20 );
INSERT INTO "times" VALUES ( 20399, 12740, '22:59:00', '23:00:00', 20 );
INSERT INTO "times" VALUES ( 20399, 12750, '23:02:00', '23:02:00', 20 );
INSERT INTO "times" VALUES ( 20399, 12760, '23:05:00', '23:05:00', 20 );
INSERT INTO "times" VALUES ( 20399, 12770, '23:09:00', '23:09:00', 20 );
INSERT INTO "times" VALUES ( 20399, 12780, '23:14:00', '23:14:00', 20 );
INSERT INTO "times" VALUES ( 20399, 12790, '23:15:00', '23:15:00', 20 );
INSERT INTO "times" VALUES ( 20399, 12800, '23:17:00', '23:23:00', 20 );
INSERT INTO "times" VALUES ( 20399, 12810, '23:25:00', '23:25:00', 20 );
INSERT INTO "times" VALUES ( 20399, 12820, '23:27:00', '23:27:00', 20 );
INSERT INTO "times" VALUES ( 20399, 12830, '23:29:00', '23:29:00', 20 );
INSERT INTO "times" VALUES ( 20399, 12840, '23:30:00', '23:30:00', 20 );
INSERT INTO "times" VALUES ( 20399, 12850, '23:31:00', '23:31:00', 20 );
INSERT INTO "times" VALUES ( 20399, 12860, '23:33:00', '23:33:00', 20 );
INSERT INTO "times" VALUES ( 20399, 12870, '23:35:00', '23:35:00', 20 );
INSERT INTO "times" VALUES ( 20399, 12880, '23:36:00', '23:36:00', 20 );
INSERT INTO "times" VALUES ( 20399, 12890, '23:38:00', '23:38:00', 20 );
INSERT INTO "times" VALUES ( 20399, 12900, '23:41:00', '23:41:00', 20 );
INSERT INTO "times" VALUES ( 20399, 13510, '23:42:00', '23:42:00', 30 );
INSERT INTO "times" VALUES ( 20399, 13520, '23:45:00', NULL, NULL );

INSERT INTO "dias" VALUES ( 20400, 100, FALSE, TRUE, 'Q2105B', 13520, 11510 );
INSERT INTO "dias_line_groups" VALUES ( 20400, 10 );
INSERT INTO "times" VALUES ( 20400, 11510, '23:42:00', NULL, NULL );
INSERT INTO "times" VALUES ( 20400, 11520, '23:39:00', '23:39:00', 10 );
INSERT INTO "times" VALUES ( 20400, 11530, '23:37:00', '23:37:00', 10 );
INSERT INTO "times" VALUES ( 20400, 11540, '23:36:00', '23:36:00', 10 );
INSERT INTO "times" VALUES ( 20400, 12530, '23:34:00', '23:34:00', 10 );
INSERT INTO "times" VALUES ( 20400, 12540, '23:28:00', '23:31:00', 20 );
INSERT INTO "times" VALUES ( 20400, 12550, '23:26:00', '23:26:00', 20 );
INSERT INTO "times" VALUES ( 20400, 12560, '23:24:00', '23:24:00', 20 );
INSERT INTO "times" VALUES ( 20400, 12570, '23:23:00', '23:23:00', 20 );
INSERT INTO "times" VALUES ( 20400, 12580, '23:21:00', '23:21:00', 20 );
INSERT INTO "times" VALUES ( 20400, 12590, '23:20:00', '23:20:00', 20 );
INSERT INTO "times" VALUES ( 20400, 12600, '23:19:00', '23:19:00', 20 );
INSERT INTO "times" VALUES ( 20400, 12610, '23:14:00', '23:18:00', 20 );
INSERT INTO "times" VALUES ( 20400, 12620, '23:12:00', '23:12:00', 20 );
INSERT INTO "times" VALUES ( 20400, 12630, '23:10:00', '23:10:00', 20 );
INSERT INTO "times" VALUES ( 20400, 12640, '23:09:00', '23:09:00', 20 );
INSERT INTO "times" VALUES ( 20400, 12650, '23:07:00', '23:07:00', 20 );
INSERT INTO "times" VALUES ( 20400, 12660, '23:04:00', '23:06:00', 20 );
INSERT INTO "times" VALUES ( 20400, 12670, '23:01:00', '23:01:00', 20 );
INSERT INTO "times" VALUES ( 20400, 12680, '22:52:00', '22:58:00', 20 );
INSERT INTO "times" VALUES ( 20400, 12690, '22:49:00', '22:49:00', 20 );
INSERT INTO "times" VALUES ( 20400, 12700, '22:47:00', '22:47:00', 20 );
INSERT INTO "times" VALUES ( 20400, 12710, '22:45:00', '22:45:00', 20 );
INSERT INTO "times" VALUES ( 20400, 12720, '22:42:00', '22:42:00', 20 );
INSERT INTO "times" VALUES ( 20400, 12730, '22:40:00', '22:40:00', 20 );
INSERT INTO "times" VALUES ( 20400, 12740, '22:38:00', '22:38:00', 20 );
INSERT INTO "times" VALUES ( 20400, 12750, '22:34:00', '22:34:00', 20 );
INSERT INTO "times" VALUES ( 20400, 12760, '22:32:00', '22:32:00', 20 );
INSERT INTO "times" VALUES ( 20400, 12770, '22:28:00', '22:28:00', 20 );
INSERT INTO "times" VALUES ( 20400, 12780, '22:24:00', '22:24:00', 20 );
INSERT INTO "times" VALUES ( 20400, 12790, '22:21:00', '22:21:00', 20 );
INSERT INTO "times" VALUES ( 20400, 12800, '22:16:00', '22:19:00', 20 );
INSERT INTO "times" VALUES ( 20400, 12810, '22:13:00', '22:13:00', 20 );
INSERT INTO "times" VALUES ( 20400, 12820, '22:12:00', '22:12:00', 20 );
INSERT INTO "times" VALUES ( 20400, 12830, '22:11:00', '22:11:00', 20 );
INSERT INTO "times" VALUES ( 20400, 12840, '22:09:00', '22:09:00', 20 );
INSERT INTO "times" VALUES ( 20400, 12850, '22:07:00', '22:07:00', 20 );
INSERT INTO "times" VALUES ( 20400, 12860, '22:05:00', '22:05:00', 20 );
INSERT INTO "times" VALUES ( 20400, 12870, '22:03:00', '22:03:00', 20 );
INSERT INTO "times" VALUES ( 20400, 12880, '22:02:00', '22:02:00', 20 );
INSERT INTO "times" VALUES ( 20400, 12890, '22:00:00', '22:00:00', 20 );
INSERT INTO "times" VALUES ( 20400, 12900, '21:55:00', '21:58:00', 20 );
INSERT INTO "times" VALUES ( 20400, 13510, '21:53:00', '21:53:00', 30 );
INSERT INTO "times" VALUES ( 20400, 13520, NULL, '21:51:00', 30 );

INSERT INTO "dias" VALUES ( 20401, 100, FALSE, TRUE, 'Q2201A', 13520, 12510 );
INSERT INTO "dias_line_groups" VALUES ( 20401, 10 );
INSERT INTO "times" VALUES ( 20401, 12510, '23:51:00', NULL, NULL );
INSERT INTO "times" VALUES ( 20401, 12520, '23:49:00', '23:49:00', 20 );
INSERT INTO "times" VALUES ( 20401, 12530, '23:48:00', '23:48:00', 20 );
INSERT INTO "times" VALUES ( 20401, 12540, '23:45:00', '23:45:00', 20 );
INSERT INTO "times" VALUES ( 20401, 12550, '23:42:00', '23:42:00', 20 );
INSERT INTO "times" VALUES ( 20401, 12560, '23:40:00', '23:40:00', 20 );
INSERT INTO "times" VALUES ( 20401, 12570, '23:39:00', '23:39:00', 20 );
INSERT INTO "times" VALUES ( 20401, 12580, '23:37:00', '23:37:00', 20 );
INSERT INTO "times" VALUES ( 20401, 12590, '23:36:00', '23:36:00', 20 );
INSERT INTO "times" VALUES ( 20401, 12600, '23:35:00', '23:35:00', 20 );
INSERT INTO "times" VALUES ( 20401, 12610, '23:34:00', '23:34:00', 20 );
INSERT INTO "times" VALUES ( 20401, 12620, '23:31:00', '23:31:00', 20 );
INSERT INTO "times" VALUES ( 20401, 12630, '23:30:00', '23:30:00', 20 );
INSERT INTO "times" VALUES ( 20401, 12640, '23:28:00', '23:28:00', 20 );
INSERT INTO "times" VALUES ( 20401, 12650, '23:27:00', '23:27:00', 20 );
INSERT INTO "times" VALUES ( 20401, 12660, '23:25:00', '23:25:00', 20 );
INSERT INTO "times" VALUES ( 20401, 12670, '23:22:00', '23:22:00', 20 );
INSERT INTO "times" VALUES ( 20401, 12680, '23:13:00', '23:19:00', 20 );
INSERT INTO "times" VALUES ( 20401, 12690, '23:11:00', '23:11:00', 20 );
INSERT INTO "times" VALUES ( 20401, 12700, '23:09:00', '23:09:00', 20 );
INSERT INTO "times" VALUES ( 20401, 12710, '23:06:00', '23:07:00', 20 );
INSERT INTO "times" VALUES ( 20401, 12720, '23:04:00', '23:04:00', 20 );
INSERT INTO "times" VALUES ( 20401, 12730, '23:01:00', '23:01:00', 20 );
INSERT INTO "times" VALUES ( 20401, 12740, '22:59:00', '22:59:00', 20 );
INSERT INTO "times" VALUES ( 20401, 12750, '22:56:00', '22:56:00', 20 );
INSERT INTO "times" VALUES ( 20401, 12760, '22:53:00', '22:53:00', 20 );
INSERT INTO "times" VALUES ( 20401, 12770, '22:49:00', '22:49:00', 20 );
INSERT INTO "times" VALUES ( 20401, 12780, '22:45:00', '22:45:00', 20 );
INSERT INTO "times" VALUES ( 20401, 12790, '22:42:00', '22:42:00', 20 );
INSERT INTO "times" VALUES ( 20401, 12800, '22:36:00', '22:40:00', 20 );
INSERT INTO "times" VALUES ( 20401, 12810, '22:34:00', '22:34:00', 20 );
INSERT INTO "times" VALUES ( 20401, 12820, '22:32:00', '22:32:00', 20 );
INSERT INTO "times" VALUES ( 20401, 12830, '22:31:00', '22:31:00', 20 );
INSERT INTO "times" VALUES ( 20401, 12840, '22:29:00', '22:29:00', 20 );
INSERT INTO "times" VALUES ( 20401, 12850, '22:27:00', '22:27:00', 20 );
INSERT INTO "times" VALUES ( 20401, 12860, '22:25:00', '22:25:00', 20 );
INSERT INTO "times" VALUES ( 20401, 12870, '22:24:00', '22:24:00', 20 );
INSERT INTO "times" VALUES ( 20401, 12880, '22:22:00', '22:22:00', 20 );
INSERT INTO "times" VALUES ( 20401, 12890, '22:20:00', '22:20:00', 20 );
INSERT INTO "times" VALUES ( 20401, 12900, '22:15:00', '22:19:00', 20 );
INSERT INTO "times" VALUES ( 20401, 13510, '22:12:00', '22:12:00', 30 );
INSERT INTO "times" VALUES ( 20401, 13520, NULL, '22:10:00', 30 );

INSERT INTO "dias" VALUES ( 20402, 100, FALSE, TRUE, 'Q2203A', 13520, 12510 );
INSERT INTO "dias_line_groups" VALUES ( 20402, 10 );
INSERT INTO "times" VALUES ( 20402, 12510, '00:17:00', NULL, NULL );
INSERT INTO "times" VALUES ( 20402, 12520, '00:15:00', '00:15:00', 20 );
INSERT INTO "times" VALUES ( 20402, 12530, '00:14:00', '00:14:00', 20 );
INSERT INTO "times" VALUES ( 20402, 12540, '00:11:00', '00:11:00', 20 );
INSERT INTO "times" VALUES ( 20402, 12550, '00:08:00', '00:08:00', 20 );
INSERT INTO "times" VALUES ( 20402, 12560, '00:06:00', '00:06:00', 20 );
INSERT INTO "times" VALUES ( 20402, 12570, '00:05:00', '00:05:00', 20 );
INSERT INTO "times" VALUES ( 20402, 12580, '00:03:00', '00:03:00', 20 );
INSERT INTO "times" VALUES ( 20402, 12590, '00:02:00', '00:02:00', 20 );
INSERT INTO "times" VALUES ( 20402, 12600, '00:01:00', '00:01:00', 20 );
INSERT INTO "times" VALUES ( 20402, 12610, '00:00:00', '00:00:00', 20 );
INSERT INTO "times" VALUES ( 20402, 12620, '23:57:00', '23:57:00', 20 );
INSERT INTO "times" VALUES ( 20402, 12630, '23:56:00', '23:56:00', 20 );
INSERT INTO "times" VALUES ( 20402, 12640, '23:54:00', '23:54:00', 20 );
INSERT INTO "times" VALUES ( 20402, 12650, '23:53:00', '23:53:00', 20 );
INSERT INTO "times" VALUES ( 20402, 12660, '23:51:00', '23:51:00', 20 );
INSERT INTO "times" VALUES ( 20402, 12670, '23:48:00', '23:48:00', 20 );
INSERT INTO "times" VALUES ( 20402, 12680, '23:41:00', '23:45:00', 20 );
INSERT INTO "times" VALUES ( 20402, 12690, '23:38:00', '23:38:00', 20 );
INSERT INTO "times" VALUES ( 20402, 12700, '23:36:00', '23:36:00', 20 );
INSERT INTO "times" VALUES ( 20402, 12710, '23:34:00', '23:34:00', 20 );
INSERT INTO "times" VALUES ( 20402, 12720, '23:31:00', '23:31:00', 20 );
INSERT INTO "times" VALUES ( 20402, 12730, '23:29:00', '23:29:00', 20 );
INSERT INTO "times" VALUES ( 20402, 12740, '23:27:00', '23:27:00', 20 );
INSERT INTO "times" VALUES ( 20402, 12750, '23:23:00', '23:23:00', 20 );
INSERT INTO "times" VALUES ( 20402, 12760, '23:21:00', '23:21:00', 20 );
INSERT INTO "times" VALUES ( 20402, 12770, '23:17:00', '23:17:00', 20 );
INSERT INTO "times" VALUES ( 20402, 12780, '23:12:00', '23:12:00', 20 );
INSERT INTO "times" VALUES ( 20402, 12790, '23:10:00', '23:10:00', 20 );
INSERT INTO "times" VALUES ( 20402, 12800, '23:04:00', '23:08:00', 20 );
INSERT INTO "times" VALUES ( 20402, 12810, '23:02:00', '23:02:00', 20 );
INSERT INTO "times" VALUES ( 20402, 12820, '23:00:00', '23:00:00', 20 );
INSERT INTO "times" VALUES ( 20402, 12830, '22:55:00', '22:59:00', 20 );
INSERT INTO "times" VALUES ( 20402, 12840, '22:53:00', '22:53:00', 20 );
INSERT INTO "times" VALUES ( 20402, 12850, '22:52:00', '22:52:00', 20 );
INSERT INTO "times" VALUES ( 20402, 12860, '22:50:00', '22:50:00', 20 );
INSERT INTO "times" VALUES ( 20402, 12870, '22:48:00', '22:48:00', 20 );
INSERT INTO "times" VALUES ( 20402, 12880, '22:46:00', '22:46:00', 20 );
INSERT INTO "times" VALUES ( 20402, 12890, '22:45:00', '22:45:00', 20 );
INSERT INTO "times" VALUES ( 20402, 12900, '22:38:00', '22:43:00', 20 );
INSERT INTO "times" VALUES ( 20402, 13510, '22:36:00', '22:36:00', 30 );
INSERT INTO "times" VALUES ( 20402, 13520, NULL, '22:34:00', 30 );

INSERT INTO "dias" VALUES ( 20403, 100, FALSE, TRUE, 'Q2301N', 13520, 12670 );
INSERT INTO "dias_line_groups" VALUES ( 20403, 10 );
INSERT INTO "times" VALUES ( 20403, 12670, '00:02:00', NULL, NULL );
INSERT INTO "times" VALUES ( 20403, 12680, '00:00:00', '00:00:00', 20 );
INSERT INTO "times" VALUES ( 20403, 12690, '23:57:00', '23:57:00', 20 );
INSERT INTO "times" VALUES ( 20403, 12700, '23:55:00', '23:55:00', 20 );
INSERT INTO "times" VALUES ( 20403, 12710, '23:50:00', '23:53:00', 20 );
INSERT INTO "times" VALUES ( 20403, 12720, '23:47:00', '23:47:00', 20 );
INSERT INTO "times" VALUES ( 20403, 12730, '23:45:00', '23:45:00', 20 );
INSERT INTO "times" VALUES ( 20403, 12740, '23:42:00', '23:42:00', 20 );
INSERT INTO "times" VALUES ( 20403, 12750, '23:39:00', '23:39:00', 20 );
INSERT INTO "times" VALUES ( 20403, 12760, '23:37:00', '23:37:00', 20 );
INSERT INTO "times" VALUES ( 20403, 12770, '23:33:00', '23:33:00', 20 );
INSERT INTO "times" VALUES ( 20403, 12780, '23:28:00', '23:28:00', 20 );
INSERT INTO "times" VALUES ( 20403, 12790, '23:26:00', '23:26:00', 20 );
INSERT INTO "times" VALUES ( 20403, 12800, '23:25:00', '23:25:00', 20 );
INSERT INTO "times" VALUES ( 20403, 12810, '23:22:00', '23:22:00', 20 );
INSERT INTO "times" VALUES ( 20403, 12820, '23:21:00', '23:21:00', 20 );
INSERT INTO "times" VALUES ( 20403, 12830, '23:19:00', '23:19:00', 20 );
INSERT INTO "times" VALUES ( 20403, 12840, '23:17:00', '23:17:00', 20 );
INSERT INTO "times" VALUES ( 20403, 12850, '23:16:00', '23:16:00', 20 );
INSERT INTO "times" VALUES ( 20403, 12860, '23:14:00', '23:14:00', 20 );
INSERT INTO "times" VALUES ( 20403, 12870, '23:12:00', '23:12:00', 20 );
INSERT INTO "times" VALUES ( 20403, 12880, '23:10:00', '23:10:00', 20 );
INSERT INTO "times" VALUES ( 20403, 12890, '23:09:00', '23:09:00', 20 );
INSERT INTO "times" VALUES ( 20403, 12900, '23:07:00', '23:07:00', 20 );
INSERT INTO "times" VALUES ( 20403, 13510, '23:05:00', '23:05:00', 30 );
INSERT INTO "times" VALUES ( 20403, 13520, NULL, '23:03:00', 30 );

INSERT INTO "dias" VALUES ( 20404, 100, FALSE, TRUE, 'Q2303M', 13520, 12610 );
INSERT INTO "dias_line_groups" VALUES ( 20404, 10 );
INSERT INTO "times" VALUES ( 20404, 12610, '00:25:00', NULL, NULL );
INSERT INTO "times" VALUES ( 20404, 12620, '00:23:00', '00:23:00', 20 );
INSERT INTO "times" VALUES ( 20404, 12630, '00:21:00', '00:21:00', 20 );
INSERT INTO "times" VALUES ( 20404, 12640, '00:20:00', '00:20:00', 20 );
INSERT INTO "times" VALUES ( 20404, 12650, '00:18:00', '00:18:00', 20 );
INSERT INTO "times" VALUES ( 20404, 12660, '00:17:00', '00:17:00', 20 );
INSERT INTO "times" VALUES ( 20404, 12670, '00:13:00', '00:13:00', 20 );
INSERT INTO "times" VALUES ( 20404, 12680, '00:06:00', '00:10:00', 20 );
INSERT INTO "times" VALUES ( 20404, 12690, '00:04:00', '00:04:00', 20 );
INSERT INTO "times" VALUES ( 20404, 12700, '00:02:00', '00:02:00', 20 );
INSERT INTO "times" VALUES ( 20404, 12710, '00:00:00', '00:00:00', 20 );
INSERT INTO "times" VALUES ( 20404, 12720, '23:57:00', '23:57:00', 20 );
INSERT INTO "times" VALUES ( 20404, 12730, '23:55:00', '23:55:00', 20 );
INSERT INTO "times" VALUES ( 20404, 12740, '23:52:00', '23:52:00', 20 );
INSERT INTO "times" VALUES ( 20404, 12750, '23:49:00', '23:49:00', 20 );
INSERT INTO "times" VALUES ( 20404, 12760, '23:47:00', '23:47:00', 20 );
INSERT INTO "times" VALUES ( 20404, 12770, '23:43:00', '23:43:00', 20 );
INSERT INTO "times" VALUES ( 20404, 12780, '23:38:00', '23:38:00', 20 );
INSERT INTO "times" VALUES ( 20404, 12790, '23:36:00', '23:36:00', 20 );
INSERT INTO "times" VALUES ( 20404, 12800, '23:31:00', '23:34:00', 20 );
INSERT INTO "times" VALUES ( 20404, 12810, '23:29:00', '23:29:00', 20 );
INSERT INTO "times" VALUES ( 20404, 12820, '23:27:00', '23:27:00', 20 );
INSERT INTO "times" VALUES ( 20404, 12830, '23:26:00', '23:26:00', 20 );
INSERT INTO "times" VALUES ( 20404, 12840, '23:24:00', '23:24:00', 20 );
INSERT INTO "times" VALUES ( 20404, 12850, '23:23:00', '23:23:00', 20 );
INSERT INTO "times" VALUES ( 20404, 12860, '23:21:00', '23:21:00', 20 );
INSERT INTO "times" VALUES ( 20404, 12870, '23:19:00', '23:19:00', 20 );
INSERT INTO "times" VALUES ( 20404, 12880, '23:17:00', '23:17:00', 20 );
INSERT INTO "times" VALUES ( 20404, 12890, '23:16:00', '23:16:00', 20 );
INSERT INTO "times" VALUES ( 20404, 12900, '23:14:00', '23:14:00', 20 );
INSERT INTO "times" VALUES ( 20404, 13510, '23:12:00', '23:12:00', 30 );
INSERT INTO "times" VALUES ( 20404, 13520, NULL, '23:10:00', 30 );

INSERT INTO "dias" VALUES ( 20405, 100, FALSE, TRUE, 'Q2305N', 13520, 12670 );
INSERT INTO "dias_line_groups" VALUES ( 20405, 10 );
INSERT INTO "times" VALUES ( 20405, 12670, '00:26:00', NULL, NULL );
INSERT INTO "times" VALUES ( 20405, 12680, '00:23:00', '00:23:00', 20 );
INSERT INTO "times" VALUES ( 20405, 12690, '00:21:00', '00:21:00', 20 );
INSERT INTO "times" VALUES ( 20405, 12700, '00:19:00', '00:19:00', 20 );
INSERT INTO "times" VALUES ( 20405, 12710, '00:17:00', '00:17:00', 20 );
INSERT INTO "times" VALUES ( 20405, 12720, '00:14:00', '00:14:00', 20 );
INSERT INTO "times" VALUES ( 20405, 12730, '00:12:00', '00:12:00', 20 );
INSERT INTO "times" VALUES ( 20405, 12740, '00:09:00', '00:09:00', 20 );
INSERT INTO "times" VALUES ( 20405, 12750, '00:06:00', '00:06:00', 20 );
INSERT INTO "times" VALUES ( 20405, 12760, '00:04:00', '00:04:00', 20 );
INSERT INTO "times" VALUES ( 20405, 12770, '00:00:00', '00:00:00', 20 );
INSERT INTO "times" VALUES ( 20405, 12780, '23:54:00', '23:55:00', 20 );
INSERT INTO "times" VALUES ( 20405, 12790, '23:52:00', '23:52:00', 20 );
INSERT INTO "times" VALUES ( 20405, 12800, '23:51:00', '23:51:00', 20 );
INSERT INTO "times" VALUES ( 20405, 12810, '23:48:00', '23:48:00', 20 );
INSERT INTO "times" VALUES ( 20405, 12820, '23:47:00', '23:47:00', 20 );
INSERT INTO "times" VALUES ( 20405, 12830, '23:46:00', '23:46:00', 20 );
INSERT INTO "times" VALUES ( 20405, 12840, '23:44:00', '23:44:00', 20 );
INSERT INTO "times" VALUES ( 20405, 12850, '23:42:00', '23:42:00', 20 );
INSERT INTO "times" VALUES ( 20405, 12860, '23:40:00', '23:40:00', 20 );
INSERT INTO "times" VALUES ( 20405, 12870, '23:38:00', '23:38:00', 20 );
INSERT INTO "times" VALUES ( 20405, 12880, '23:37:00', '23:37:00', 20 );
INSERT INTO "times" VALUES ( 20405, 12890, '23:35:00', '23:35:00', 20 );
INSERT INTO "times" VALUES ( 20405, 12900, '23:34:00', '23:34:00', 20 );
INSERT INTO "times" VALUES ( 20405, 13510, '23:31:00', '23:31:00', 30 );
INSERT INTO "times" VALUES ( 20405, 13520, NULL, '23:29:00', 30 );

INSERT INTO "dias" VALUES ( 20406, 100, FALSE, TRUE, 'Q2307N', 13520, 12670 );
INSERT INTO "dias_line_groups" VALUES ( 20406, 10 );
INSERT INTO "times" VALUES ( 20406, 12670, '00:46:00', NULL, NULL );
INSERT INTO "times" VALUES ( 20406, 12680, '00:43:00', '00:44:00', 20 );
INSERT INTO "times" VALUES ( 20406, 12690, '00:41:00', '00:41:00', 20 );
INSERT INTO "times" VALUES ( 20406, 12700, '00:38:00', '00:38:00', 20 );
INSERT INTO "times" VALUES ( 20406, 12710, '00:35:00', '00:36:00', 20 );
INSERT INTO "times" VALUES ( 20406, 12720, '00:33:00', '00:33:00', 20 );
INSERT INTO "times" VALUES ( 20406, 12730, '00:30:00', '00:30:00', 20 );
INSERT INTO "times" VALUES ( 20406, 12740, '00:23:00', '00:27:00', 20 );
INSERT INTO "times" VALUES ( 20406, 12750, '00:20:00', '00:20:00', 20 );
INSERT INTO "times" VALUES ( 20406, 12760, '00:18:00', '00:18:00', 20 );
INSERT INTO "times" VALUES ( 20406, 12770, '00:14:00', '00:14:00', 20 );
INSERT INTO "times" VALUES ( 20406, 12780, '00:09:00', '00:09:00', 20 );
INSERT INTO "times" VALUES ( 20406, 12790, '00:07:00', '00:07:00', 20 );
INSERT INTO "times" VALUES ( 20406, 12800, '00:06:00', '00:06:00', 20 );
INSERT INTO "times" VALUES ( 20406, 12810, '00:03:00', '00:03:00', 20 );
INSERT INTO "times" VALUES ( 20406, 12820, '00:02:00', '00:02:00', 20 );
INSERT INTO "times" VALUES ( 20406, 12830, '00:00:00', '00:00:00', 20 );
INSERT INTO "times" VALUES ( 20406, 12840, '23:58:00', '23:58:00', 20 );
INSERT INTO "times" VALUES ( 20406, 12850, '23:57:00', '23:57:00', 20 );
INSERT INTO "times" VALUES ( 20406, 12860, '23:55:00', '23:55:00', 20 );
INSERT INTO "times" VALUES ( 20406, 12870, '23:53:00', '23:53:00', 20 );
INSERT INTO "times" VALUES ( 20406, 12880, '23:52:00', '23:52:00', 20 );
INSERT INTO "times" VALUES ( 20406, 12890, '23:50:00', '23:50:00', 20 );
INSERT INTO "times" VALUES ( 20406, 12900, '23:48:00', '23:48:00', 20 );
INSERT INTO "times" VALUES ( 20406, 13510, '23:46:00', '23:46:00', 30 );
INSERT INTO "times" VALUES ( 20406, 13520, NULL, '23:44:00', 30 );

INSERT INTO "dias" VALUES ( 20407, 100, FALSE, TRUE, 'Q2401R', 13520, 12740 );
INSERT INTO "dias_line_groups" VALUES ( 20407, 10 );
INSERT INTO "times" VALUES ( 20407, 12740, '00:39:00', NULL, NULL );
INSERT INTO "times" VALUES ( 20407, 12750, '00:36:00', '00:36:00', 20 );
INSERT INTO "times" VALUES ( 20407, 12760, '00:33:00', '00:33:00', 20 );
INSERT INTO "times" VALUES ( 20407, 12770, '00:29:00', '00:29:00', 20 );
INSERT INTO "times" VALUES ( 20407, 12780, '00:25:00', '00:25:00', 20 );
INSERT INTO "times" VALUES ( 20407, 12790, '00:23:00', '00:23:00', 20 );
INSERT INTO "times" VALUES ( 20407, 12800, '00:21:00', '00:21:00', 20 );
INSERT INTO "times" VALUES ( 20407, 12810, '00:19:00', '00:19:00', 20 );
INSERT INTO "times" VALUES ( 20407, 12820, '00:17:00', '00:17:00', 20 );
INSERT INTO "times" VALUES ( 20407, 12830, '00:16:00', '00:16:00', 20 );
INSERT INTO "times" VALUES ( 20407, 12840, '00:14:00', '00:14:00', 20 );
INSERT INTO "times" VALUES ( 20407, 12850, '00:13:00', '00:13:00', 20 );
INSERT INTO "times" VALUES ( 20407, 12860, '00:11:00', '00:11:00', 20 );
INSERT INTO "times" VALUES ( 20407, 12870, '00:09:00', '00:09:00', 20 );
INSERT INTO "times" VALUES ( 20407, 12880, '00:07:00', '00:07:00', 20 );
INSERT INTO "times" VALUES ( 20407, 12890, '00:06:00', '00:06:00', 20 );
INSERT INTO "times" VALUES ( 20407, 12900, '00:04:00', '00:04:00', 20 );
INSERT INTO "times" VALUES ( 20407, 13510, '00:02:00', '00:02:00', 30 );
INSERT INTO "times" VALUES ( 20407, 13520, NULL, '00:00:00', 30 );

INSERT INTO "dias" VALUES ( 20408, 100, FALSE, TRUE, 'R0501A', 12660, 12510 );
INSERT INTO "dias_line_groups" VALUES ( 20408, 10 );
INSERT INTO "times" VALUES ( 20408, 12510, '05:28:00', NULL, NULL );
INSERT INTO "times" VALUES ( 20408, 12520, '05:27:00', '05:27:00', 20 );
INSERT INTO "times" VALUES ( 20408, 12530, '05:25:00', '05:25:00', 20 );
INSERT INTO "times" VALUES ( 20408, 12540, '05:22:00', '05:22:00', 20 );
INSERT INTO "times" VALUES ( 20408, 12550, '05:19:00', '05:19:00', 20 );
INSERT INTO "times" VALUES ( 20408, 12560, '05:18:00', '05:18:00', 20 );
INSERT INTO "times" VALUES ( 20408, 12570, '05:16:00', '05:16:00', 20 );
INSERT INTO "times" VALUES ( 20408, 12580, '05:15:00', '05:15:00', 20 );
INSERT INTO "times" VALUES ( 20408, 12590, '05:14:00', '05:14:00', 20 );
INSERT INTO "times" VALUES ( 20408, 12600, '05:13:00', '05:13:00', 20 );
INSERT INTO "times" VALUES ( 20408, 12610, '05:11:00', '05:11:00', 20 );
INSERT INTO "times" VALUES ( 20408, 12620, '05:08:00', '05:08:00', 20 );
INSERT INTO "times" VALUES ( 20408, 12630, '05:07:00', '05:07:00', 20 );
INSERT INTO "times" VALUES ( 20408, 12640, '05:05:00', '05:05:00', 20 );
INSERT INTO "times" VALUES ( 20408, 12650, '05:04:00', '05:04:00', 20 );
INSERT INTO "times" VALUES ( 20408, 12660, NULL, '05:02:00', 20 );

INSERT INTO "dias" VALUES ( 20409, 100, FALSE, TRUE, 'R0503A', 12660, 12510 );
INSERT INTO "dias_line_groups" VALUES ( 20409, 10 );
INSERT INTO "times" VALUES ( 20409, 12510, '05:52:00', NULL, NULL );
INSERT INTO "times" VALUES ( 20409, 12520, '05:50:00', '05:50:00', 20 );
INSERT INTO "times" VALUES ( 20409, 12530, '05:48:00', '05:48:00', 20 );
INSERT INTO "times" VALUES ( 20409, 12540, '05:45:00', '05:45:00', 20 );
INSERT INTO "times" VALUES ( 20409, 12550, '05:42:00', '05:42:00', 20 );
INSERT INTO "times" VALUES ( 20409, 12560, '05:41:00', '05:41:00', 20 );
INSERT INTO "times" VALUES ( 20409, 12570, '05:39:00', '05:39:00', 20 );
INSERT INTO "times" VALUES ( 20409, 12580, '05:38:00', '05:38:00', 20 );
INSERT INTO "times" VALUES ( 20409, 12590, '05:37:00', '05:37:00', 20 );
INSERT INTO "times" VALUES ( 20409, 12600, '05:36:00', '05:36:00', 20 );
INSERT INTO "times" VALUES ( 20409, 12610, '05:33:00', '05:35:00', 20 );
INSERT INTO "times" VALUES ( 20409, 12620, '05:31:00', '05:31:00', 20 );
INSERT INTO "times" VALUES ( 20409, 12630, '05:29:00', '05:29:00', 20 );
INSERT INTO "times" VALUES ( 20409, 12640, '05:28:00', '05:28:00', 20 );
INSERT INTO "times" VALUES ( 20409, 12650, '05:26:00', '05:26:00', 20 );
INSERT INTO "times" VALUES ( 20409, 12660, NULL, '05:25:00', 20 );

INSERT INTO "dias" VALUES ( 20410, 100, FALSE, TRUE, 'R0505B', 12610, 11510 );
INSERT INTO "dias_line_groups" VALUES ( 20410, 10 );
INSERT INTO "times" VALUES ( 20410, 11510, '05:50:00', NULL, NULL );
INSERT INTO "times" VALUES ( 20410, 11520, '05:48:00', '05:48:00', 10 );
INSERT INTO "times" VALUES ( 20410, 11530, '05:46:00', '05:46:00', 10 );
INSERT INTO "times" VALUES ( 20410, 11540, '05:45:00', '05:45:00', 10 );
INSERT INTO "times" VALUES ( 20410, 12530, '05:43:00', '05:43:00', 10 );
INSERT INTO "times" VALUES ( 20410, 12540, '05:37:00', '05:40:00', 20 );
INSERT INTO "times" VALUES ( 20410, 12550, '05:35:00', '05:35:00', 20 );
INSERT INTO "times" VALUES ( 20410, 12560, '05:34:00', '05:34:00', 20 );
INSERT INTO "times" VALUES ( 20410, 12570, '05:32:00', '05:32:00', 20 );
INSERT INTO "times" VALUES ( 20410, 12580, '05:31:00', '05:31:00', 20 );
INSERT INTO "times" VALUES ( 20410, 12590, '05:30:00', '05:30:00', 20 );
INSERT INTO "times" VALUES ( 20410, 12600, '05:28:00', '05:28:00', 20 );
INSERT INTO "times" VALUES ( 20410, 12610, NULL, '05:27:00', 20 );

INSERT INTO "dias" VALUES ( 20411, 100, FALSE, TRUE, 'R0507B', 12660, 11510 );
INSERT INTO "dias_line_groups" VALUES ( 20411, 10 );
INSERT INTO "times" VALUES ( 20411, 11510, '06:06:00', NULL, NULL );
INSERT INTO "times" VALUES ( 20411, 11520, '06:03:00', '06:03:00', 10 );
INSERT INTO "times" VALUES ( 20411, 11530, '06:02:00', '06:02:00', 10 );
INSERT INTO "times" VALUES ( 20411, 11540, '06:00:00', '06:00:00', 10 );
INSERT INTO "times" VALUES ( 20411, 12530, '05:58:00', '05:58:00', 10 );
INSERT INTO "times" VALUES ( 20411, 12540, '05:52:00', '05:56:00', 20 );
INSERT INTO "times" VALUES ( 20411, 12550, '05:49:00', '05:49:00', 20 );
INSERT INTO "times" VALUES ( 20411, 12560, '05:48:00', '05:48:00', 20 );
INSERT INTO "times" VALUES ( 20411, 12570, '05:46:00', '05:46:00', 20 );
INSERT INTO "times" VALUES ( 20411, 12580, '05:45:00', '05:45:00', 20 );
INSERT INTO "times" VALUES ( 20411, 12590, '05:44:00', '05:44:00', 20 );
INSERT INTO "times" VALUES ( 20411, 12600, '05:43:00', '05:43:00', 20 );
INSERT INTO "times" VALUES ( 20411, 12610, '05:42:00', '05:42:00', 20 );
INSERT INTO "times" VALUES ( 20411, 12620, '05:39:00', '05:39:00', 20 );
INSERT INTO "times" VALUES ( 20411, 12630, '05:38:00', '05:38:00', 20 );
INSERT INTO "times" VALUES ( 20411, 12640, '05:36:00', '05:36:00', 20 );
INSERT INTO "times" VALUES ( 20411, 12650, '05:34:00', '05:34:00', 20 );
INSERT INTO "times" VALUES ( 20411, 12660, NULL, '05:33:00', 20 );

INSERT INTO "dias" VALUES ( 20412, 100, FALSE, TRUE, 'R0509B', 12660, 11510 );
INSERT INTO "dias_line_groups" VALUES ( 20412, 10 );
INSERT INTO "times" VALUES ( 20412, 11510, '06:15:00', NULL, NULL );
INSERT INTO "times" VALUES ( 20412, 11520, '06:13:00', '06:13:00', 10 );
INSERT INTO "times" VALUES ( 20412, 11530, '06:11:00', '06:11:00', 10 );
INSERT INTO "times" VALUES ( 20412, 11540, '06:10:00', '06:10:00', 10 );
INSERT INTO "times" VALUES ( 20412, 12530, '06:07:00', '06:08:00', 10 );
INSERT INTO "times" VALUES ( 20412, 12540, '06:01:00', '06:05:00', 20 );
INSERT INTO "times" VALUES ( 20412, 12550, '05:58:00', '05:58:00', 20 );
INSERT INTO "times" VALUES ( 20412, 12560, '05:57:00', '05:57:00', 20 );
INSERT INTO "times" VALUES ( 20412, 12570, '05:55:00', '05:55:00', 20 );
INSERT INTO "times" VALUES ( 20412, 12580, '05:54:00', '05:54:00', 20 );
INSERT INTO "times" VALUES ( 20412, 12590, '05:53:00', '05:53:00', 20 );
INSERT INTO "times" VALUES ( 20412, 12600, '05:52:00', '05:52:00', 20 );
INSERT INTO "times" VALUES ( 20412, 12610, '05:48:00', '05:51:00', 20 );
INSERT INTO "times" VALUES ( 20412, 12620, '05:46:00', '05:46:00', 20 );
INSERT INTO "times" VALUES ( 20412, 12630, '05:45:00', '05:45:00', 20 );
INSERT INTO "times" VALUES ( 20412, 12640, '05:43:00', '05:43:00', 20 );
INSERT INTO "times" VALUES ( 20412, 12650, '05:41:00', '05:41:00', 20 );
INSERT INTO "times" VALUES ( 20412, 12660, NULL, '05:40:00', 20 );

INSERT INTO "dias" VALUES ( 20413, 100, FALSE, TRUE, 'R0511B', 12660, 11510 );
INSERT INTO "dias_line_groups" VALUES ( 20413, 10 );
INSERT INTO "times" VALUES ( 20413, 11510, '06:28:00', NULL, NULL );
INSERT INTO "times" VALUES ( 20413, 11520, '06:26:00', '06:26:00', 10 );
INSERT INTO "times" VALUES ( 20413, 11530, '06:24:00', '06:24:00', 10 );
INSERT INTO "times" VALUES ( 20413, 11540, '06:22:00', '06:22:00', 10 );
INSERT INTO "times" VALUES ( 20413, 12530, '06:21:00', '06:21:00', 10 );
INSERT INTO "times" VALUES ( 20413, 12540, '06:14:00', '06:18:00', 20 );
INSERT INTO "times" VALUES ( 20413, 12550, '06:12:00', '06:12:00', 20 );
INSERT INTO "times" VALUES ( 20413, 12560, '06:11:00', '06:11:00', 20 );
INSERT INTO "times" VALUES ( 20413, 12570, '06:09:00', '06:09:00', 20 );
INSERT INTO "times" VALUES ( 20413, 12580, '06:08:00', '06:08:00', 20 );
INSERT INTO "times" VALUES ( 20413, 12590, '06:07:00', '06:07:00', 20 );
INSERT INTO "times" VALUES ( 20413, 12600, '06:05:00', '06:05:00', 20 );
INSERT INTO "times" VALUES ( 20413, 12610, '06:02:00', '06:04:00', 20 );
INSERT INTO "times" VALUES ( 20413, 12620, '06:00:00', '06:00:00', 20 );
INSERT INTO "times" VALUES ( 20413, 12630, '05:58:00', '05:58:00', 20 );
INSERT INTO "times" VALUES ( 20413, 12640, '05:57:00', '05:57:00', 20 );
INSERT INTO "times" VALUES ( 20413, 12650, '05:55:00', '05:55:00', 20 );
INSERT INTO "times" VALUES ( 20413, 12660, NULL, '05:54:00', 20 );

INSERT INTO "dias" VALUES ( 20414, 100, FALSE, TRUE, 'R0513B', 12660, 11510 );
INSERT INTO "dias_line_groups" VALUES ( 20414, 10 );
INSERT INTO "times" VALUES ( 20414, 11510, '06:36:00', NULL, NULL );
INSERT INTO "times" VALUES ( 20414, 11520, '06:34:00', '06:34:00', 10 );
INSERT INTO "times" VALUES ( 20414, 11530, '06:32:00', '06:32:00', 10 );
INSERT INTO "times" VALUES ( 20414, 11540, '06:30:00', '06:30:00', 10 );
INSERT INTO "times" VALUES ( 20414, 12530, '06:29:00', '06:29:00', 10 );
INSERT INTO "times" VALUES ( 20414, 12540, '06:22:00', '06:26:00', 20 );
INSERT INTO "times" VALUES ( 20414, 12550, '06:20:00', '06:20:00', 20 );
INSERT INTO "times" VALUES ( 20414, 12560, '06:18:00', '06:18:00', 20 );
INSERT INTO "times" VALUES ( 20414, 12570, '06:17:00', '06:17:00', 20 );
INSERT INTO "times" VALUES ( 20414, 12580, '06:15:00', '06:15:00', 20 );
INSERT INTO "times" VALUES ( 20414, 12590, '06:14:00', '06:14:00', 20 );
INSERT INTO "times" VALUES ( 20414, 12600, '06:13:00', '06:13:00', 20 );
INSERT INTO "times" VALUES ( 20414, 12610, '06:08:00', '06:12:00', 20 );
INSERT INTO "times" VALUES ( 20414, 12620, '06:06:00', '06:06:00', 20 );
INSERT INTO "times" VALUES ( 20414, 12630, '06:05:00', '06:05:00', 20 );
INSERT INTO "times" VALUES ( 20414, 12640, '06:03:00', '06:03:00', 20 );
INSERT INTO "times" VALUES ( 20414, 12650, '06:02:00', '06:02:00', 20 );
INSERT INTO "times" VALUES ( 20414, 12660, NULL, '06:00:00', 20 );

INSERT INTO "dias" VALUES ( 20415, 100, FALSE, TRUE, 'R0600N', 12510, 12660 );
INSERT INTO "dias_line_groups" VALUES ( 20415, 10 );
INSERT INTO "times" VALUES ( 20415, 12510, NULL, '06:01:00', 20 );
INSERT INTO "times" VALUES ( 20415, 12520, '06:03:00', '06:03:00', 20 );
INSERT INTO "times" VALUES ( 20415, 12530, '06:05:00', '06:05:00', 20 );
INSERT INTO "times" VALUES ( 20415, 12540, '06:08:00', '06:08:00', 20 );
INSERT INTO "times" VALUES ( 20415, 12550, '06:10:00', '06:10:00', 20 );
INSERT INTO "times" VALUES ( 20415, 12560, '06:11:00', '06:11:00', 20 );
INSERT INTO "times" VALUES ( 20415, 12570, '06:13:00', '06:13:00', 20 );
INSERT INTO "times" VALUES ( 20415, 12580, '06:14:00', '06:14:00', 20 );
INSERT INTO "times" VALUES ( 20415, 12590, '06:15:00', '06:15:00', 20 );
INSERT INTO "times" VALUES ( 20415, 12600, '06:16:00', '06:16:00', 20 );
INSERT INTO "times" VALUES ( 20415, 12610, '06:18:00', '06:21:00', 20 );
INSERT INTO "times" VALUES ( 20415, 12620, '06:22:00', '06:22:00', 20 );
INSERT INTO "times" VALUES ( 20415, 12630, '06:23:00', '06:23:00', 20 );
INSERT INTO "times" VALUES ( 20415, 12640, '06:25:00', '06:25:00', 20 );
INSERT INTO "times" VALUES ( 20415, 12650, '06:26:00', '06:26:00', 20 );
INSERT INTO "times" VALUES ( 20415, 12660, '06:28:00', NULL, NULL );

INSERT INTO "dias" VALUES ( 20416, 100, FALSE, TRUE, 'R0601A', 12660, 12510 );
INSERT INTO "dias_line_groups" VALUES ( 20416, 10 );
INSERT INTO "times" VALUES ( 20416, 12510, '06:42:00', NULL, NULL );
INSERT INTO "times" VALUES ( 20416, 12520, '06:40:00', '06:40:00', 20 );
INSERT INTO "times" VALUES ( 20416, 12530, '06:38:00', '06:38:00', 20 );
INSERT INTO "times" VALUES ( 20416, 12540, '06:33:00', '06:35:00', 20 );
INSERT INTO "times" VALUES ( 20416, 12550, '06:30:00', '06:30:00', 20 );
INSERT INTO "times" VALUES ( 20416, 12560, '06:29:00', '06:29:00', 20 );
INSERT INTO "times" VALUES ( 20416, 12570, '06:27:00', '06:27:00', 20 );
INSERT INTO "times" VALUES ( 20416, 12580, '06:26:00', '06:26:00', 20 );
INSERT INTO "times" VALUES ( 20416, 12590, '06:24:00', '06:24:00', 20 );
INSERT INTO "times" VALUES ( 20416, 12600, '06:23:00', '06:23:00', 20 );
INSERT INTO "times" VALUES ( 20416, 12610, '06:18:00', '06:22:00', 20 );
INSERT INTO "times" VALUES ( 20416, 12620, '06:16:00', '06:16:00', 20 );
INSERT INTO "times" VALUES ( 20416, 12630, '06:14:00', '06:14:00', 20 );
INSERT INTO "times" VALUES ( 20416, 12640, '06:12:00', '06:12:00', 20 );
INSERT INTO "times" VALUES ( 20416, 12650, '06:11:00', '06:11:00', 20 );
INSERT INTO "times" VALUES ( 20416, 12660, NULL, '06:09:00', 20 );

INSERT INTO "dias" VALUES ( 20417, 100, FALSE, TRUE, 'R0602N', 11510, 12660 );
INSERT INTO "dias_line_groups" VALUES ( 20417, 10 );
INSERT INTO "times" VALUES ( 20417, 11510, NULL, '06:12:00', 10 );
INSERT INTO "times" VALUES ( 20417, 11520, '06:13:00', '06:13:00', 10 );
INSERT INTO "times" VALUES ( 20417, 11530, '06:15:00', '06:15:00', 10 );
INSERT INTO "times" VALUES ( 20417, 11540, '06:17:00', '06:17:00', 10 );
INSERT INTO "times" VALUES ( 20417, 12530, '06:19:00', '06:19:00', 20 );
INSERT INTO "times" VALUES ( 20417, 12540, '06:22:00', '06:22:00', 20 );
INSERT INTO "times" VALUES ( 20417, 12550, '06:24:00', '06:24:00', 20 );
INSERT INTO "times" VALUES ( 20417, 12560, '06:26:00', '06:26:00', 20 );
INSERT INTO "times" VALUES ( 20417, 12570, '06:27:00', '06:27:00', 20 );
INSERT INTO "times" VALUES ( 20417, 12580, '06:29:00', '06:29:00', 20 );
INSERT INTO "times" VALUES ( 20417, 12590, '06:30:00', '06:30:00', 20 );
INSERT INTO "times" VALUES ( 20417, 12600, '06:31:00', '06:31:00', 20 );
INSERT INTO "times" VALUES ( 20417, 12610, '06:32:00', '06:35:00', 20 );
INSERT INTO "times" VALUES ( 20417, 12620, '06:36:00', '06:36:00', 20 );
INSERT INTO "times" VALUES ( 20417, 12630, '06:38:00', '06:38:00', 20 );
INSERT INTO "times" VALUES ( 20417, 12640, '06:39:00', '06:39:00', 20 );
INSERT INTO "times" VALUES ( 20417, 12650, '06:41:00', '06:41:00', 20 );
INSERT INTO "times" VALUES ( 20417, 12660, '06:43:00', NULL, NULL );

INSERT INTO "dias" VALUES ( 20418, 100, FALSE, TRUE, 'R0603B', 12660, 11510 );
INSERT INTO "dias_line_groups" VALUES ( 20418, 10 );
INSERT INTO "times" VALUES ( 20418, 11510, '06:52:00', NULL, NULL );
INSERT INTO "times" VALUES ( 20418, 11520, '06:49:00', '06:49:00', 10 );
INSERT INTO "times" VALUES ( 20418, 11530, '06:48:00', '06:48:00', 10 );
INSERT INTO "times" VALUES ( 20418, 11540, '06:46:00', '06:46:00', 10 );
INSERT INTO "times" VALUES ( 20418, 12530, '06:45:00', '06:45:00', 10 );
INSERT INTO "times" VALUES ( 20418, 12540, '06:38:00', '06:42:00', 20 );
INSERT INTO "times" VALUES ( 20418, 12550, '06:35:00', '06:35:00', 20 );
INSERT INTO "times" VALUES ( 20418, 12560, '06:34:00', '06:34:00', 20 );
INSERT INTO "times" VALUES ( 20418, 12570, '06:32:00', '06:32:00', 20 );
INSERT INTO "times" VALUES ( 20418, 12580, '06:31:00', '06:31:00', 20 );
INSERT INTO "times" VALUES ( 20418, 12590, '06:29:00', '06:29:00', 20 );
INSERT INTO "times" VALUES ( 20418, 12600, '06:28:00', '06:28:00', 20 );
INSERT INTO "times" VALUES ( 20418, 12610, '06:25:00', '06:27:00', 20 );
INSERT INTO "times" VALUES ( 20418, 12620, '06:23:00', '06:23:00', 20 );
INSERT INTO "times" VALUES ( 20418, 12630, '06:21:00', '06:21:00', 20 );
INSERT INTO "times" VALUES ( 20418, 12640, '06:19:00', '06:19:00', 20 );
INSERT INTO "times" VALUES ( 20418, 12650, '06:18:00', '06:18:00', 20 );
INSERT INTO "times" VALUES ( 20418, 12660, NULL, '06:16:00', 20 );

INSERT INTO "dias" VALUES ( 20419, 100, FALSE, TRUE, 'R0604N', 11510, 12660 );
INSERT INTO "dias_line_groups" VALUES ( 20419, 10 );
INSERT INTO "times" VALUES ( 20419, 11510, NULL, '06:30:00', 10 );
INSERT INTO "times" VALUES ( 20419, 11520, '06:31:00', '06:31:00', 10 );
INSERT INTO "times" VALUES ( 20419, 11530, '06:33:00', '06:33:00', 10 );
INSERT INTO "times" VALUES ( 20419, 11540, '06:35:00', '06:35:00', 10 );
INSERT INTO "times" VALUES ( 20419, 12530, '06:37:00', '06:37:00', 20 );
INSERT INTO "times" VALUES ( 20419, 12540, '06:40:00', '06:41:00', 20 );
INSERT INTO "times" VALUES ( 20419, 12550, '06:43:00', '06:43:00', 20 );
INSERT INTO "times" VALUES ( 20419, 12560, '06:44:00', '06:44:00', 20 );
INSERT INTO "times" VALUES ( 20419, 12570, '06:46:00', '06:46:00', 20 );
INSERT INTO "times" VALUES ( 20419, 12580, '06:47:00', '06:47:00', 20 );
INSERT INTO "times" VALUES ( 20419, 12590, '06:49:00', '06:49:00', 20 );
INSERT INTO "times" VALUES ( 20419, 12600, '06:50:00', '06:50:00', 20 );
INSERT INTO "times" VALUES ( 20419, 12610, '06:52:00', '06:56:00', 20 );
INSERT INTO "times" VALUES ( 20419, 12620, '06:57:00', '06:57:00', 20 );
INSERT INTO "times" VALUES ( 20419, 12630, '06:58:00', '06:58:00', 20 );
INSERT INTO "times" VALUES ( 20419, 12640, '07:00:00', '07:00:00', 20 );
INSERT INTO "times" VALUES ( 20419, 12650, '07:02:00', '07:02:00', 20 );
INSERT INTO "times" VALUES ( 20419, 12660, '07:03:00', NULL, NULL );

INSERT INTO "dias" VALUES ( 20420, 100, FALSE, TRUE, 'R0605B', 12660, 11510 );
INSERT INTO "dias_line_groups" VALUES ( 20420, 10 );
INSERT INTO "times" VALUES ( 20420, 11510, '07:09:00', NULL, NULL );
INSERT INTO "times" VALUES ( 20420, 11520, '07:06:00', '07:06:00', 10 );
INSERT INTO "times" VALUES ( 20420, 11530, '07:05:00', '07:05:00', 10 );
INSERT INTO "times" VALUES ( 20420, 11540, '07:03:00', '07:03:00', 10 );
INSERT INTO "times" VALUES ( 20420, 12530, '07:02:00', '07:02:00', 10 );
INSERT INTO "times" VALUES ( 20420, 12540, '06:56:00', '06:59:00', 20 );
INSERT INTO "times" VALUES ( 20420, 12550, '06:53:00', '06:53:00', 20 );
INSERT INTO "times" VALUES ( 20420, 12560, '06:52:00', '06:52:00', 20 );
INSERT INTO "times" VALUES ( 20420, 12570, '06:50:00', '06:50:00', 20 );
INSERT INTO "times" VALUES ( 20420, 12580, '06:49:00', '06:49:00', 20 );
INSERT INTO "times" VALUES ( 20420, 12590, '06:47:00', '06:47:00', 20 );
INSERT INTO "times" VALUES ( 20420, 12600, '06:46:00', '06:46:00', 20 );
INSERT INTO "times" VALUES ( 20420, 12610, '06:42:00', '06:45:00', 20 );
INSERT INTO "times" VALUES ( 20420, 12620, '06:40:00', '06:40:00', 20 );
INSERT INTO "times" VALUES ( 20420, 12630, '06:38:00', '06:38:00', 20 );
INSERT INTO "times" VALUES ( 20420, 12640, '06:37:00', '06:37:00', 20 );
INSERT INTO "times" VALUES ( 20420, 12650, '06:35:00', '06:35:00', 20 );
INSERT INTO "times" VALUES ( 20420, 12660, NULL, '06:33:00', 20 );

INSERT INTO "dias" VALUES ( 20421, 100, FALSE, TRUE, 'R0606N', 11510, 12660 );
INSERT INTO "dias_line_groups" VALUES ( 20421, 10 );
INSERT INTO "times" VALUES ( 20421, 11510, NULL, '06:49:00', 10 );
INSERT INTO "times" VALUES ( 20421, 11520, '06:51:00', '06:51:00', 10 );
INSERT INTO "times" VALUES ( 20421, 11530, '06:52:00', '06:52:00', 10 );
INSERT INTO "times" VALUES ( 20421, 11540, '06:54:00', '06:54:00', 10 );
INSERT INTO "times" VALUES ( 20421, 12530, '06:56:00', '06:57:00', 20 );
INSERT INTO "times" VALUES ( 20421, 12540, '07:00:00', '07:01:00', 20 );
INSERT INTO "times" VALUES ( 20421, 12550, '07:03:00', '07:03:00', 20 );
INSERT INTO "times" VALUES ( 20421, 12560, '07:05:00', '07:05:00', 20 );
INSERT INTO "times" VALUES ( 20421, 12570, '07:06:00', '07:06:00', 20 );
INSERT INTO "times" VALUES ( 20421, 12580, '07:07:00', '07:07:00', 20 );
INSERT INTO "times" VALUES ( 20421, 12590, '07:09:00', '07:09:00', 20 );
INSERT INTO "times" VALUES ( 20421, 12600, '07:10:00', '07:10:00', 20 );
INSERT INTO "times" VALUES ( 20421, 12610, '07:12:00', '07:16:00', 20 );
INSERT INTO "times" VALUES ( 20421, 12620, '07:18:00', '07:18:00', 20 );
INSERT INTO "times" VALUES ( 20421, 12630, '07:19:00', '07:19:00', 20 );
INSERT INTO "times" VALUES ( 20421, 12640, '07:20:00', '07:20:00', 20 );
INSERT INTO "times" VALUES ( 20421, 12650, '07:22:00', '07:22:00', 20 );
INSERT INTO "times" VALUES ( 20421, 12660, '07:24:00', NULL, NULL );

INSERT INTO "dias" VALUES ( 20422, 100, FALSE, TRUE, 'R0607B', 12660, 11510 );
INSERT INTO "dias_line_groups" VALUES ( 20422, 10 );
INSERT INTO "times" VALUES ( 20422, 11510, '07:28:00', NULL, NULL );
INSERT INTO "times" VALUES ( 20422, 11520, '07:26:00', '07:26:00', 10 );
INSERT INTO "times" VALUES ( 20422, 11530, '07:24:00', '07:24:00', 10 );
INSERT INTO "times" VALUES ( 20422, 11540, '07:23:00', '07:23:00', 10 );
INSERT INTO "times" VALUES ( 20422, 12530, '07:21:00', '07:21:00', 10 );
INSERT INTO "times" VALUES ( 20422, 12540, '07:13:00', '07:18:00', 20 );
INSERT INTO "times" VALUES ( 20422, 12550, '07:10:00', '07:10:00', 20 );
INSERT INTO "times" VALUES ( 20422, 12560, '07:09:00', '07:09:00', 20 );
INSERT INTO "times" VALUES ( 20422, 12570, '07:07:00', '07:07:00', 20 );
INSERT INTO "times" VALUES ( 20422, 12580, '07:06:00', '07:06:00', 20 );
INSERT INTO "times" VALUES ( 20422, 12590, '07:04:00', '07:04:00', 20 );
INSERT INTO "times" VALUES ( 20422, 12600, '07:03:00', '07:03:00', 20 );
INSERT INTO "times" VALUES ( 20422, 12610, '07:00:00', '07:02:00', 20 );
INSERT INTO "times" VALUES ( 20422, 12620, '06:58:00', '06:58:00', 20 );
INSERT INTO "times" VALUES ( 20422, 12630, '06:57:00', '06:57:00', 20 );
INSERT INTO "times" VALUES ( 20422, 12640, '06:55:00', '06:55:00', 20 );
INSERT INTO "times" VALUES ( 20422, 12650, '06:53:00', '06:53:00', 20 );
INSERT INTO "times" VALUES ( 20422, 12660, NULL, '06:52:00', 20 );

INSERT INTO "dias" VALUES ( 20423, 100, FALSE, TRUE, 'R0609B', 12660, 11510 );
INSERT INTO "dias_line_groups" VALUES ( 20423, 10 );
INSERT INTO "times" VALUES ( 20423, 11510, '07:36:00', NULL, NULL );
INSERT INTO "times" VALUES ( 20423, 11520, '07:34:00', '07:34:00', 10 );
INSERT INTO "times" VALUES ( 20423, 11530, '07:32:00', '07:32:00', 10 );
INSERT INTO "times" VALUES ( 20423, 11540, '07:30:00', '07:30:00', 10 );
INSERT INTO "times" VALUES ( 20423, 12530, '07:29:00', '07:29:00', 10 );
INSERT INTO "times" VALUES ( 20423, 12540, '07:22:00', '07:26:00', 20 );
INSERT INTO "times" VALUES ( 20423, 12550, '07:19:00', '07:19:00', 20 );
INSERT INTO "times" VALUES ( 20423, 12560, '07:18:00', '07:18:00', 20 );
INSERT INTO "times" VALUES ( 20423, 12570, '07:16:00', '07:16:00', 20 );
INSERT INTO "times" VALUES ( 20423, 12580, '07:14:00', '07:14:00', 20 );
INSERT INTO "times" VALUES ( 20423, 12590, '07:13:00', '07:13:00', 20 );
INSERT INTO "times" VALUES ( 20423, 12600, '07:12:00', '07:12:00', 20 );
INSERT INTO "times" VALUES ( 20423, 12610, '07:08:00', '07:11:00', 20 );
INSERT INTO "times" VALUES ( 20423, 12620, '07:05:00', '07:05:00', 20 );
INSERT INTO "times" VALUES ( 20423, 12630, '07:04:00', '07:04:00', 20 );
INSERT INTO "times" VALUES ( 20423, 12640, '07:02:00', '07:02:00', 20 );
INSERT INTO "times" VALUES ( 20423, 12650, '07:00:00', '07:00:00', 20 );
INSERT INTO "times" VALUES ( 20423, 12660, NULL, '06:59:00', 20 );

INSERT INTO "dias" VALUES ( 20424, 100, FALSE, TRUE, 'R0700N', 11510, 12660 );
INSERT INTO "dias_line_groups" VALUES ( 20424, 10 );
INSERT INTO "times" VALUES ( 20424, 11510, NULL, '07:11:00', 10 );
INSERT INTO "times" VALUES ( 20424, 11520, '07:12:00', '07:12:00', 10 );
INSERT INTO "times" VALUES ( 20424, 11530, '07:14:00', '07:14:00', 10 );
INSERT INTO "times" VALUES ( 20424, 11540, '07:16:00', '07:16:00', 10 );
INSERT INTO "times" VALUES ( 20424, 12530, '07:18:00', '07:18:00', 20 );
INSERT INTO "times" VALUES ( 20424, 12540, '07:21:00', '07:21:00', 20 );
INSERT INTO "times" VALUES ( 20424, 12550, '07:23:00', '07:23:00', 20 );
INSERT INTO "times" VALUES ( 20424, 12560, '07:25:00', '07:25:00', 20 );
INSERT INTO "times" VALUES ( 20424, 12570, '07:26:00', '07:26:00', 20 );
INSERT INTO "times" VALUES ( 20424, 12580, '07:27:00', '07:27:00', 20 );
INSERT INTO "times" VALUES ( 20424, 12590, '07:29:00', '07:29:00', 20 );
INSERT INTO "times" VALUES ( 20424, 12600, '07:30:00', '07:30:00', 20 );
INSERT INTO "times" VALUES ( 20424, 12610, '07:31:00', '07:36:00', 20 );
INSERT INTO "times" VALUES ( 20424, 12620, '07:38:00', '07:38:00', 20 );
INSERT INTO "times" VALUES ( 20424, 12630, '07:39:00', '07:39:00', 20 );
INSERT INTO "times" VALUES ( 20424, 12640, '07:40:00', '07:40:00', 20 );
INSERT INTO "times" VALUES ( 20424, 12650, '07:42:00', '07:42:00', 20 );
INSERT INTO "times" VALUES ( 20424, 12660, '07:44:00', NULL, NULL );

INSERT INTO "dias" VALUES ( 20425, 100, FALSE, TRUE, 'R0701B', 12660, 11510 );
INSERT INTO "dias_line_groups" VALUES ( 20425, 10 );
INSERT INTO "times" VALUES ( 20425, 11510, '07:56:00', NULL, NULL );
INSERT INTO "times" VALUES ( 20425, 11520, '07:54:00', '07:54:00', 10 );
INSERT INTO "times" VALUES ( 20425, 11530, '07:52:00', '07:52:00', 10 );
INSERT INTO "times" VALUES ( 20425, 11540, '07:50:00', '07:50:00', 10 );
INSERT INTO "times" VALUES ( 20425, 12530, '07:49:00', '07:49:00', 10 );
INSERT INTO "times" VALUES ( 20425, 12540, '07:42:00', '07:46:00', 20 );
INSERT INTO "times" VALUES ( 20425, 12550, '07:39:00', '07:39:00', 20 );
INSERT INTO "times" VALUES ( 20425, 12560, '07:38:00', '07:38:00', 20 );
INSERT INTO "times" VALUES ( 20425, 12570, '07:36:00', '07:36:00', 20 );
INSERT INTO "times" VALUES ( 20425, 12580, '07:35:00', '07:35:00', 20 );
INSERT INTO "times" VALUES ( 20425, 12590, '07:33:00', '07:33:00', 20 );
INSERT INTO "times" VALUES ( 20425, 12600, '07:32:00', '07:32:00', 20 );
INSERT INTO "times" VALUES ( 20425, 12610, '07:28:00', '07:31:00', 20 );
INSERT INTO "times" VALUES ( 20425, 12620, '07:26:00', '07:26:00', 20 );
INSERT INTO "times" VALUES ( 20425, 12630, '07:24:00', '07:24:00', 20 );
INSERT INTO "times" VALUES ( 20425, 12640, '07:23:00', '07:23:00', 20 );
INSERT INTO "times" VALUES ( 20425, 12650, '07:21:00', '07:21:00', 20 );
INSERT INTO "times" VALUES ( 20425, 12660, NULL, '07:19:00', 20 );

INSERT INTO "dias" VALUES ( 20426, 100, FALSE, TRUE, 'R0702N', 11510, 12660 );
INSERT INTO "dias_line_groups" VALUES ( 20426, 10 );
INSERT INTO "times" VALUES ( 20426, 11510, NULL, '07:21:00', 10 );
INSERT INTO "times" VALUES ( 20426, 11520, '07:22:00', '07:22:00', 10 );
INSERT INTO "times" VALUES ( 20426, 11530, '07:24:00', '07:24:00', 10 );
INSERT INTO "times" VALUES ( 20426, 11540, '07:26:00', '07:26:00', 10 );
INSERT INTO "times" VALUES ( 20426, 12530, '07:28:00', '07:29:00', 20 );
INSERT INTO "times" VALUES ( 20426, 12540, '07:31:00', '07:32:00', 20 );
INSERT INTO "times" VALUES ( 20426, 12550, '07:34:00', '07:34:00', 20 );
INSERT INTO "times" VALUES ( 20426, 12560, '07:36:00', '07:36:00', 20 );
INSERT INTO "times" VALUES ( 20426, 12570, '07:37:00', '07:37:00', 20 );
INSERT INTO "times" VALUES ( 20426, 12580, '07:39:00', '07:39:00', 20 );
INSERT INTO "times" VALUES ( 20426, 12590, '07:40:00', '07:40:00', 20 );
INSERT INTO "times" VALUES ( 20426, 12600, '07:41:00', '07:41:00', 20 );
INSERT INTO "times" VALUES ( 20426, 12610, '07:43:00', '07:46:00', 20 );
INSERT INTO "times" VALUES ( 20426, 12620, '07:47:00', '07:47:00', 20 );
INSERT INTO "times" VALUES ( 20426, 12630, '07:49:00', '07:49:00', 20 );
INSERT INTO "times" VALUES ( 20426, 12640, '07:50:00', '07:50:00', 20 );
INSERT INTO "times" VALUES ( 20426, 12650, '07:52:00', '07:52:00', 20 );
INSERT INTO "times" VALUES ( 20426, 12660, '07:54:00', NULL, NULL );

INSERT INTO "dias" VALUES ( 20427, 100, FALSE, TRUE, 'R0703B', 12660, 11510 );
INSERT INTO "dias_line_groups" VALUES ( 20427, 10 );
INSERT INTO "times" VALUES ( 20427, 11510, '08:16:00', NULL, NULL );
INSERT INTO "times" VALUES ( 20427, 11520, '08:14:00', '08:14:00', 10 );
INSERT INTO "times" VALUES ( 20427, 11530, '08:12:00', '08:12:00', 10 );
INSERT INTO "times" VALUES ( 20427, 11540, '08:11:00', '08:11:00', 10 );
INSERT INTO "times" VALUES ( 20427, 12530, '08:08:00', '08:09:00', 10 );
INSERT INTO "times" VALUES ( 20427, 12540, '08:02:00', '08:06:00', 20 );
INSERT INTO "times" VALUES ( 20427, 12550, '07:59:00', '07:59:00', 20 );
INSERT INTO "times" VALUES ( 20427, 12560, '07:58:00', '07:58:00', 20 );
INSERT INTO "times" VALUES ( 20427, 12570, '07:56:00', '07:56:00', 20 );
INSERT INTO "times" VALUES ( 20427, 12580, '07:55:00', '07:55:00', 20 );
INSERT INTO "times" VALUES ( 20427, 12590, '07:53:00', '07:53:00', 20 );
INSERT INTO "times" VALUES ( 20427, 12600, '07:52:00', '07:52:00', 20 );
INSERT INTO "times" VALUES ( 20427, 12610, '07:48:00', '07:51:00', 20 );
INSERT INTO "times" VALUES ( 20427, 12620, '07:46:00', '07:46:00', 20 );
INSERT INTO "times" VALUES ( 20427, 12630, '07:44:00', '07:44:00', 20 );
INSERT INTO "times" VALUES ( 20427, 12640, '07:42:00', '07:42:00', 20 );
INSERT INTO "times" VALUES ( 20427, 12650, '07:41:00', '07:41:00', 20 );
INSERT INTO "times" VALUES ( 20427, 12660, NULL, '07:39:00', 20 );

INSERT INTO "dias" VALUES ( 20428, 100, FALSE, TRUE, 'R0704N', 11510, 12660 );
INSERT INTO "dias_line_groups" VALUES ( 20428, 10 );
INSERT INTO "times" VALUES ( 20428, 11510, NULL, '07:41:00', 10 );
INSERT INTO "times" VALUES ( 20428, 11520, '07:42:00', '07:42:00', 10 );
INSERT INTO "times" VALUES ( 20428, 11530, '07:44:00', '07:44:00', 10 );
INSERT INTO "times" VALUES ( 20428, 11540, '07:46:00', '07:46:00', 10 );
INSERT INTO "times" VALUES ( 20428, 12530, '07:48:00', '07:48:00', 20 );
INSERT INTO "times" VALUES ( 20428, 12540, '07:51:00', '07:51:00', 20 );
INSERT INTO "times" VALUES ( 20428, 12550, '07:54:00', '07:54:00', 20 );
INSERT INTO "times" VALUES ( 20428, 12560, '07:55:00', '07:55:00', 20 );
INSERT INTO "times" VALUES ( 20428, 12570, '07:56:00', '07:56:00', 20 );
INSERT INTO "times" VALUES ( 20428, 12580, '07:58:00', '07:58:00', 20 );
INSERT INTO "times" VALUES ( 20428, 12590, '07:59:00', '07:59:00', 20 );
INSERT INTO "times" VALUES ( 20428, 12600, '08:00:00', '08:00:00', 20 );
INSERT INTO "times" VALUES ( 20428, 12610, '08:02:00', '08:05:00', 20 );
INSERT INTO "times" VALUES ( 20428, 12620, '08:06:00', '08:06:00', 20 );
INSERT INTO "times" VALUES ( 20428, 12630, '08:08:00', '08:08:00', 20 );
INSERT INTO "times" VALUES ( 20428, 12640, '08:09:00', '08:09:00', 20 );
INSERT INTO "times" VALUES ( 20428, 12650, '08:11:00', '08:11:00', 20 );
INSERT INTO "times" VALUES ( 20428, 12660, '08:13:00', NULL, NULL );

INSERT INTO "dias" VALUES ( 20429, 100, FALSE, TRUE, 'R0705B', 12660, 11510 );
INSERT INTO "dias_line_groups" VALUES ( 20429, 10 );
INSERT INTO "times" VALUES ( 20429, 11510, '08:37:00', NULL, NULL );
INSERT INTO "times" VALUES ( 20429, 11520, '08:34:00', '08:34:00', 10 );
INSERT INTO "times" VALUES ( 20429, 11530, '08:33:00', '08:33:00', 10 );
INSERT INTO "times" VALUES ( 20429, 11540, '08:31:00', '08:31:00', 10 );
INSERT INTO "times" VALUES ( 20429, 12530, '08:28:00', '08:30:00', 10 );
INSERT INTO "times" VALUES ( 20429, 12540, '08:22:00', '08:26:00', 20 );
INSERT INTO "times" VALUES ( 20429, 12550, '08:19:00', '08:19:00', 20 );
INSERT INTO "times" VALUES ( 20429, 12560, '08:18:00', '08:18:00', 20 );
INSERT INTO "times" VALUES ( 20429, 12570, '08:16:00', '08:16:00', 20 );
INSERT INTO "times" VALUES ( 20429, 12580, '08:15:00', '08:15:00', 20 );
INSERT INTO "times" VALUES ( 20429, 12590, '08:13:00', '08:13:00', 20 );
INSERT INTO "times" VALUES ( 20429, 12600, '08:12:00', '08:12:00', 20 );
INSERT INTO "times" VALUES ( 20429, 12610, '08:07:00', '08:11:00', 20 );
INSERT INTO "times" VALUES ( 20429, 12620, '08:05:00', '08:05:00', 20 );
INSERT INTO "times" VALUES ( 20429, 12630, '08:03:00', '08:03:00', 20 );
INSERT INTO "times" VALUES ( 20429, 12640, '08:02:00', '08:02:00', 20 );
INSERT INTO "times" VALUES ( 20429, 12650, '08:00:00', '08:00:00', 20 );
INSERT INTO "times" VALUES ( 20429, 12660, NULL, '07:58:00', 20 );

INSERT INTO "dias" VALUES ( 20430, 100, FALSE, TRUE, 'R0706N', 11510, 12660 );
INSERT INTO "dias_line_groups" VALUES ( 20430, 10 );
INSERT INTO "times" VALUES ( 20430, 11510, NULL, '07:51:00', 10 );
INSERT INTO "times" VALUES ( 20430, 11520, '07:52:00', '07:52:00', 10 );
INSERT INTO "times" VALUES ( 20430, 11530, '07:54:00', '07:54:00', 10 );
INSERT INTO "times" VALUES ( 20430, 11540, '07:56:00', '07:56:00', 10 );
INSERT INTO "times" VALUES ( 20430, 12530, '07:58:00', '07:58:00', 20 );
INSERT INTO "times" VALUES ( 20430, 12540, '08:01:00', '08:02:00', 20 );
INSERT INTO "times" VALUES ( 20430, 12550, '08:04:00', '08:04:00', 20 );
INSERT INTO "times" VALUES ( 20430, 12560, '08:05:00', '08:05:00', 20 );
INSERT INTO "times" VALUES ( 20430, 12570, '08:07:00', '08:07:00', 20 );
INSERT INTO "times" VALUES ( 20430, 12580, '08:09:00', '08:09:00', 20 );
INSERT INTO "times" VALUES ( 20430, 12590, '08:10:00', '08:10:00', 20 );
INSERT INTO "times" VALUES ( 20430, 12600, '08:11:00', '08:11:00', 20 );
INSERT INTO "times" VALUES ( 20430, 12610, '08:13:00', '08:15:00', 20 );
INSERT INTO "times" VALUES ( 20430, 12620, '08:17:00', '08:17:00', 20 );
INSERT INTO "times" VALUES ( 20430, 12630, '08:18:00', '08:18:00', 20 );
INSERT INTO "times" VALUES ( 20430, 12640, '08:20:00', '08:20:00', 20 );
INSERT INTO "times" VALUES ( 20430, 12650, '08:22:00', '08:22:00', 20 );
INSERT INTO "times" VALUES ( 20430, 12660, '08:24:00', NULL, NULL );

INSERT INTO "dias" VALUES ( 20431, 100, FALSE, TRUE, 'R0800N', 11510, 12660 );
INSERT INTO "dias_line_groups" VALUES ( 20431, 10 );
INSERT INTO "times" VALUES ( 20431, 11510, NULL, '08:34:00', 10 );
INSERT INTO "times" VALUES ( 20431, 11520, '08:35:00', '08:35:00', 10 );
INSERT INTO "times" VALUES ( 20431, 11530, '08:37:00', '08:37:00', 10 );
INSERT INTO "times" VALUES ( 20431, 11540, '08:39:00', '08:39:00', 10 );
INSERT INTO "times" VALUES ( 20431, 12530, '08:41:00', '08:42:00', 20 );
INSERT INTO "times" VALUES ( 20431, 12540, '08:44:00', '08:51:00', 20 );
INSERT INTO "times" VALUES ( 20431, 12550, '08:53:00', '08:53:00', 20 );
INSERT INTO "times" VALUES ( 20431, 12560, '08:55:00', '08:55:00', 20 );
INSERT INTO "times" VALUES ( 20431, 12570, '08:56:00', '08:56:00', 20 );
INSERT INTO "times" VALUES ( 20431, 12580, '08:58:00', '08:58:00', 20 );
INSERT INTO "times" VALUES ( 20431, 12590, '08:59:00', '08:59:00', 20 );
INSERT INTO "times" VALUES ( 20431, 12600, '09:00:00', '09:00:00', 20 );
INSERT INTO "times" VALUES ( 20431, 12610, '09:02:00', '09:06:00', 20 );
INSERT INTO "times" VALUES ( 20431, 12620, '09:07:00', '09:07:00', 20 );
INSERT INTO "times" VALUES ( 20431, 12630, '09:08:00', '09:08:00', 20 );
INSERT INTO "times" VALUES ( 20431, 12640, '09:10:00', '09:10:00', 20 );
INSERT INTO "times" VALUES ( 20431, 12650, '09:12:00', '09:12:00', 20 );
INSERT INTO "times" VALUES ( 20431, 12660, '09:14:00', NULL, NULL );

INSERT INTO "dias" VALUES ( 20432, 100, FALSE, TRUE, 'R0801B', 12660, 11510 );
INSERT INTO "dias_line_groups" VALUES ( 20432, 10 );
INSERT INTO "times" VALUES ( 20432, 11510, '08:57:00', NULL, NULL );
INSERT INTO "times" VALUES ( 20432, 11520, '08:54:00', '08:54:00', 10 );
INSERT INTO "times" VALUES ( 20432, 11530, '08:53:00', '08:53:00', 10 );
INSERT INTO "times" VALUES ( 20432, 11540, '08:51:00', '08:51:00', 10 );
INSERT INTO "times" VALUES ( 20432, 12530, '08:48:00', '08:50:00', 10 );
INSERT INTO "times" VALUES ( 20432, 12540, '08:42:00', '08:46:00', 20 );
INSERT INTO "times" VALUES ( 20432, 12550, '08:39:00', '08:39:00', 20 );
INSERT INTO "times" VALUES ( 20432, 12560, '08:38:00', '08:38:00', 20 );
INSERT INTO "times" VALUES ( 20432, 12570, '08:36:00', '08:36:00', 20 );
INSERT INTO "times" VALUES ( 20432, 12580, '08:34:00', '08:34:00', 20 );
INSERT INTO "times" VALUES ( 20432, 12590, '08:33:00', '08:33:00', 20 );
INSERT INTO "times" VALUES ( 20432, 12600, '08:32:00', '08:32:00', 20 );
INSERT INTO "times" VALUES ( 20432, 12610, '08:28:00', '08:31:00', 20 );
INSERT INTO "times" VALUES ( 20432, 12620, '08:26:00', '08:26:00', 20 );
INSERT INTO "times" VALUES ( 20432, 12630, '08:25:00', '08:25:00', 20 );
INSERT INTO "times" VALUES ( 20432, 12640, '08:23:00', '08:23:00', 20 );
INSERT INTO "times" VALUES ( 20432, 12650, '08:21:00', '08:21:00', 20 );
INSERT INTO "times" VALUES ( 20432, 12660, NULL, '08:20:00', 20 );

INSERT INTO "dias" VALUES ( 20433, 100, FALSE, TRUE, 'R0803B', 12660, 11510 );
INSERT INTO "dias_line_groups" VALUES ( 20433, 10 );
INSERT INTO "times" VALUES ( 20433, 11510, '09:17:00', NULL, NULL );
INSERT INTO "times" VALUES ( 20433, 11520, '09:14:00', '09:14:00', 10 );
INSERT INTO "times" VALUES ( 20433, 11530, '09:13:00', '09:13:00', 10 );
INSERT INTO "times" VALUES ( 20433, 11540, '09:11:00', '09:11:00', 10 );
INSERT INTO "times" VALUES ( 20433, 12530, '09:09:00', '09:10:00', 10 );
INSERT INTO "times" VALUES ( 20433, 12540, '09:04:00', '09:06:00', 20 );
INSERT INTO "times" VALUES ( 20433, 12550, '09:01:00', '09:01:00', 20 );
INSERT INTO "times" VALUES ( 20433, 12560, '09:00:00', '09:00:00', 20 );
INSERT INTO "times" VALUES ( 20433, 12570, '08:58:00', '08:58:00', 20 );
INSERT INTO "times" VALUES ( 20433, 12580, '08:57:00', '08:57:00', 20 );
INSERT INTO "times" VALUES ( 20433, 12590, '08:55:00', '08:55:00', 20 );
INSERT INTO "times" VALUES ( 20433, 12600, '08:54:00', '08:54:00', 20 );
INSERT INTO "times" VALUES ( 20433, 12610, '08:49:00', '08:53:00', 20 );
INSERT INTO "times" VALUES ( 20433, 12620, '08:46:00', '08:46:00', 20 );
INSERT INTO "times" VALUES ( 20433, 12630, '08:45:00', '08:45:00', 20 );
INSERT INTO "times" VALUES ( 20433, 12640, '08:43:00', '08:43:00', 20 );
INSERT INTO "times" VALUES ( 20433, 12650, '08:41:00', '08:41:00', 20 );
INSERT INTO "times" VALUES ( 20433, 12660, NULL, '08:40:00', 20 );

INSERT INTO "dias" VALUES ( 20434, 100, FALSE, TRUE, 'R0805B', 12660, 11510 );
INSERT INTO "dias_line_groups" VALUES ( 20434, 10 );
INSERT INTO "times" VALUES ( 20434, 11510, '09:37:00', NULL, NULL );
INSERT INTO "times" VALUES ( 20434, 11520, '09:34:00', '09:34:00', 10 );
INSERT INTO "times" VALUES ( 20434, 11530, '09:33:00', '09:33:00', 10 );
INSERT INTO "times" VALUES ( 20434, 11540, '09:31:00', '09:31:00', 10 );
INSERT INTO "times" VALUES ( 20434, 12530, '09:29:00', '09:30:00', 10 );
INSERT INTO "times" VALUES ( 20434, 12540, '09:20:00', '09:26:00', 20 );
INSERT INTO "times" VALUES ( 20434, 12550, '09:18:00', '09:18:00', 20 );
INSERT INTO "times" VALUES ( 20434, 12560, '09:16:00', '09:16:00', 20 );
INSERT INTO "times" VALUES ( 20434, 12570, '09:14:00', '09:14:00', 20 );
INSERT INTO "times" VALUES ( 20434, 12580, '09:13:00', '09:13:00', 20 );
INSERT INTO "times" VALUES ( 20434, 12590, '09:12:00', '09:12:00', 20 );
INSERT INTO "times" VALUES ( 20434, 12600, '09:10:00', '09:10:00', 20 );
INSERT INTO "times" VALUES ( 20434, 12610, '09:07:00', '09:09:00', 20 );
INSERT INTO "times" VALUES ( 20434, 12620, '09:05:00', '09:05:00', 20 );
INSERT INTO "times" VALUES ( 20434, 12630, '09:03:00', '09:03:00', 20 );
INSERT INTO "times" VALUES ( 20434, 12640, '09:01:00', '09:01:00', 20 );
INSERT INTO "times" VALUES ( 20434, 12650, '09:00:00', '09:00:00', 20 );
INSERT INTO "times" VALUES ( 20434, 12660, NULL, '08:58:00', 20 );

INSERT INTO "dias" VALUES ( 20435, 100, FALSE, TRUE, 'R0901B', 12740, 11510 );
INSERT INTO "dias_line_groups" VALUES ( 20435, 10 );
INSERT INTO "times" VALUES ( 20435, 11510, '10:07:00', NULL, NULL );
INSERT INTO "times" VALUES ( 20435, 11520, '10:04:00', '10:04:00', 10 );
INSERT INTO "times" VALUES ( 20435, 11530, '10:03:00', '10:03:00', 10 );
INSERT INTO "times" VALUES ( 20435, 11540, '10:01:00', '10:01:00', 10 );
INSERT INTO "times" VALUES ( 20435, 12530, '09:58:00', '10:00:00', 10 );
INSERT INTO "times" VALUES ( 20435, 12540, '09:50:00', '09:56:00', 20 );
INSERT INTO "times" VALUES ( 20435, 12550, '09:48:00', '09:48:00', 20 );
INSERT INTO "times" VALUES ( 20435, 12560, '09:46:00', '09:46:00', 20 );
INSERT INTO "times" VALUES ( 20435, 12570, '09:44:00', '09:44:00', 20 );
INSERT INTO "times" VALUES ( 20435, 12580, '09:43:00', '09:43:00', 20 );
INSERT INTO "times" VALUES ( 20435, 12590, '09:42:00', '09:42:00', 20 );
INSERT INTO "times" VALUES ( 20435, 12600, '09:40:00', '09:40:00', 20 );
INSERT INTO "times" VALUES ( 20435, 12610, '09:35:00', '09:39:00', 20 );
INSERT INTO "times" VALUES ( 20435, 12620, '09:33:00', '09:33:00', 20 );
INSERT INTO "times" VALUES ( 20435, 12630, '09:31:00', '09:31:00', 20 );
INSERT INTO "times" VALUES ( 20435, 12640, '09:30:00', '09:30:00', 20 );
INSERT INTO "times" VALUES ( 20435, 12650, '09:28:00', '09:28:00', 20 );
INSERT INTO "times" VALUES ( 20435, 12660, '09:25:00', '09:26:00', 20 );
INSERT INTO "times" VALUES ( 20435, 12670, '09:22:00', '09:22:00', 20 );
INSERT INTO "times" VALUES ( 20435, 12680, '09:19:00', '09:19:00', 20 );
INSERT INTO "times" VALUES ( 20435, 12690, '09:16:00', '09:16:00', 20 );
INSERT INTO "times" VALUES ( 20435, 12700, '09:14:00', '09:14:00', 20 );
INSERT INTO "times" VALUES ( 20435, 12710, '09:12:00', '09:12:00', 20 );
INSERT INTO "times" VALUES ( 20435, 12720, '09:09:00', '09:09:00', 20 );
INSERT INTO "times" VALUES ( 20435, 12730, '09:07:00', '09:07:00', 20 );
INSERT INTO "times" VALUES ( 20435, 12740, NULL, '09:05:00', 20 );

INSERT INTO "dias" VALUES ( 20436, 100, FALSE, TRUE, 'R0903B', 12660, 11510 );
INSERT INTO "dias_line_groups" VALUES ( 20436, 10 );
INSERT INTO "times" VALUES ( 20436, 11510, '10:37:00', NULL, NULL );
INSERT INTO "times" VALUES ( 20436, 11520, '10:34:00', '10:34:00', 10 );
INSERT INTO "times" VALUES ( 20436, 11530, '10:33:00', '10:33:00', 10 );
INSERT INTO "times" VALUES ( 20436, 11540, '10:31:00', '10:31:00', 10 );
INSERT INTO "times" VALUES ( 20436, 12530, '10:30:00', '10:30:00', 10 );
INSERT INTO "times" VALUES ( 20436, 12540, '10:20:00', '10:27:00', 20 );
INSERT INTO "times" VALUES ( 20436, 12550, '10:18:00', '10:18:00', 20 );
INSERT INTO "times" VALUES ( 20436, 12560, '10:16:00', '10:16:00', 20 );
INSERT INTO "times" VALUES ( 20436, 12570, '10:14:00', '10:14:00', 20 );
INSERT INTO "times" VALUES ( 20436, 12580, '10:13:00', '10:13:00', 20 );
INSERT INTO "times" VALUES ( 20436, 12590, '10:12:00', '10:12:00', 20 );
INSERT INTO "times" VALUES ( 20436, 12600, '10:10:00', '10:10:00', 20 );
INSERT INTO "times" VALUES ( 20436, 12610, '10:05:00', '10:09:00', 20 );
INSERT INTO "times" VALUES ( 20436, 12620, '10:03:00', '10:03:00', 20 );
INSERT INTO "times" VALUES ( 20436, 12630, '10:01:00', '10:01:00', 20 );
INSERT INTO "times" VALUES ( 20436, 12640, '10:00:00', '10:00:00', 20 );
INSERT INTO "times" VALUES ( 20436, 12650, '09:58:00', '09:58:00', 20 );
INSERT INTO "times" VALUES ( 20436, 12660, NULL, '09:56:00', 20 );

INSERT INTO "dias" VALUES ( 20437, 100, FALSE, TRUE, 'R1000N', 11510, 12660 );
INSERT INTO "dias_line_groups" VALUES ( 20437, 10 );
INSERT INTO "times" VALUES ( 20437, 11510, NULL, '10:34:00', 10 );
INSERT INTO "times" VALUES ( 20437, 11520, '10:35:00', '10:35:00', 10 );
INSERT INTO "times" VALUES ( 20437, 11530, '10:37:00', '10:37:00', 10 );
INSERT INTO "times" VALUES ( 20437, 11540, '10:39:00', '10:39:00', 10 );
INSERT INTO "times" VALUES ( 20437, 12530, '10:41:00', '10:42:00', 20 );
INSERT INTO "times" VALUES ( 20437, 12540, '10:44:00', '10:51:00', 20 );
INSERT INTO "times" VALUES ( 20437, 12550, '10:53:00', '10:53:00', 20 );
INSERT INTO "times" VALUES ( 20437, 12560, '10:55:00', '10:55:00', 20 );
INSERT INTO "times" VALUES ( 20437, 12570, '10:56:00', '10:56:00', 20 );
INSERT INTO "times" VALUES ( 20437, 12580, '10:58:00', '10:58:00', 20 );
INSERT INTO "times" VALUES ( 20437, 12590, '10:59:00', '10:59:00', 20 );
INSERT INTO "times" VALUES ( 20437, 12600, '11:00:00', '11:00:00', 20 );
INSERT INTO "times" VALUES ( 20437, 12610, '11:02:00', '11:06:00', 20 );
INSERT INTO "times" VALUES ( 20437, 12620, '11:07:00', '11:07:00', 20 );
INSERT INTO "times" VALUES ( 20437, 12630, '11:09:00', '11:09:00', 20 );
INSERT INTO "times" VALUES ( 20437, 12640, '11:10:00', '11:10:00', 20 );
INSERT INTO "times" VALUES ( 20437, 12650, '11:12:00', '11:12:00', 20 );
INSERT INTO "times" VALUES ( 20437, 12660, '11:14:00', NULL, NULL );

INSERT INTO "dias" VALUES ( 20438, 100, FALSE, TRUE, 'R1001B', 12660, 11510 );
INSERT INTO "dias_line_groups" VALUES ( 20438, 10 );
INSERT INTO "times" VALUES ( 20438, 11510, '11:07:00', NULL, NULL );
INSERT INTO "times" VALUES ( 20438, 11520, '11:04:00', '11:04:00', 10 );
INSERT INTO "times" VALUES ( 20438, 11530, '11:03:00', '11:03:00', 10 );
INSERT INTO "times" VALUES ( 20438, 11540, '11:01:00', '11:01:00', 10 );
INSERT INTO "times" VALUES ( 20438, 12530, '11:00:00', '11:00:00', 10 );
INSERT INTO "times" VALUES ( 20438, 12540, '10:50:00', '10:57:00', 20 );
INSERT INTO "times" VALUES ( 20438, 12550, '10:48:00', '10:48:00', 20 );
INSERT INTO "times" VALUES ( 20438, 12560, '10:46:00', '10:46:00', 20 );
INSERT INTO "times" VALUES ( 20438, 12570, '10:44:00', '10:44:00', 20 );
INSERT INTO "times" VALUES ( 20438, 12580, '10:43:00', '10:43:00', 20 );
INSERT INTO "times" VALUES ( 20438, 12590, '10:42:00', '10:42:00', 20 );
INSERT INTO "times" VALUES ( 20438, 12600, '10:40:00', '10:40:00', 20 );
INSERT INTO "times" VALUES ( 20438, 12610, '10:36:00', '10:39:00', 20 );
INSERT INTO "times" VALUES ( 20438, 12620, '10:34:00', '10:34:00', 20 );
INSERT INTO "times" VALUES ( 20438, 12630, '10:32:00', '10:32:00', 20 );
INSERT INTO "times" VALUES ( 20438, 12640, '10:31:00', '10:31:00', 20 );
INSERT INTO "times" VALUES ( 20438, 12650, '10:29:00', '10:29:00', 20 );
INSERT INTO "times" VALUES ( 20438, 12660, NULL, '10:27:00', 20 );

INSERT INTO "dias" VALUES ( 20439, 100, FALSE, TRUE, 'R1003B', 12710, 11510 );
INSERT INTO "dias_line_groups" VALUES ( 20439, 10 );
INSERT INTO "times" VALUES ( 20439, 11510, '11:27:00', NULL, NULL );
INSERT INTO "times" VALUES ( 20439, 11520, '11:24:00', '11:24:00', 10 );
INSERT INTO "times" VALUES ( 20439, 11530, '11:23:00', '11:23:00', 10 );
INSERT INTO "times" VALUES ( 20439, 11540, '11:21:00', '11:21:00', 10 );
INSERT INTO "times" VALUES ( 20439, 12530, '11:20:00', '11:20:00', 10 );
INSERT INTO "times" VALUES ( 20439, 12540, '11:10:00', '11:17:00', 20 );
INSERT INTO "times" VALUES ( 20439, 12550, '11:08:00', '11:08:00', 20 );
INSERT INTO "times" VALUES ( 20439, 12560, '11:06:00', '11:06:00', 20 );
INSERT INTO "times" VALUES ( 20439, 12570, '11:04:00', '11:04:00', 20 );
INSERT INTO "times" VALUES ( 20439, 12580, '11:03:00', '11:03:00', 20 );
INSERT INTO "times" VALUES ( 20439, 12590, '11:02:00', '11:02:00', 20 );
INSERT INTO "times" VALUES ( 20439, 12600, '11:00:00', '11:00:00', 20 );
INSERT INTO "times" VALUES ( 20439, 12610, '10:56:00', '10:59:00', 20 );
INSERT INTO "times" VALUES ( 20439, 12620, '10:54:00', '10:54:00', 20 );
INSERT INTO "times" VALUES ( 20439, 12630, '10:52:00', '10:52:00', 20 );
INSERT INTO "times" VALUES ( 20439, 12640, '10:51:00', '10:51:00', 20 );
INSERT INTO "times" VALUES ( 20439, 12650, '10:49:00', '10:49:00', 20 );
INSERT INTO "times" VALUES ( 20439, 12660, '10:45:00', '10:47:00', 20 );
INSERT INTO "times" VALUES ( 20439, 12670, '10:42:00', '10:42:00', 20 );
INSERT INTO "times" VALUES ( 20439, 12680, '10:40:00', '10:40:00', 20 );
INSERT INTO "times" VALUES ( 20439, 12690, '10:37:00', '10:37:00', 20 );
INSERT INTO "times" VALUES ( 20439, 12700, '10:35:00', '10:35:00', 20 );
INSERT INTO "times" VALUES ( 20439, 12710, NULL, '10:33:00', 20 );

INSERT INTO "dias" VALUES ( 20440, 100, FALSE, TRUE, 'R1005B', 12660, 11510 );
INSERT INTO "dias_line_groups" VALUES ( 20440, 10 );
INSERT INTO "times" VALUES ( 20440, 11510, '11:37:00', NULL, NULL );
INSERT INTO "times" VALUES ( 20440, 11520, '11:34:00', '11:34:00', 10 );
INSERT INTO "times" VALUES ( 20440, 11530, '11:33:00', '11:33:00', 10 );
INSERT INTO "times" VALUES ( 20440, 11540, '11:31:00', '11:31:00', 10 );
INSERT INTO "times" VALUES ( 20440, 12530, '11:30:00', '11:30:00', 10 );
INSERT INTO "times" VALUES ( 20440, 12540, '11:20:00', '11:27:00', 20 );
INSERT INTO "times" VALUES ( 20440, 12550, '11:18:00', '11:18:00', 20 );
INSERT INTO "times" VALUES ( 20440, 12560, '11:16:00', '11:16:00', 20 );
INSERT INTO "times" VALUES ( 20440, 12570, '11:14:00', '11:14:00', 20 );
INSERT INTO "times" VALUES ( 20440, 12580, '11:13:00', '11:13:00', 20 );
INSERT INTO "times" VALUES ( 20440, 12590, '11:12:00', '11:12:00', 20 );
INSERT INTO "times" VALUES ( 20440, 12600, '11:10:00', '11:10:00', 20 );
INSERT INTO "times" VALUES ( 20440, 12610, '11:06:00', '11:09:00', 20 );
INSERT INTO "times" VALUES ( 20440, 12620, '11:04:00', '11:04:00', 20 );
INSERT INTO "times" VALUES ( 20440, 12630, '11:02:00', '11:02:00', 20 );
INSERT INTO "times" VALUES ( 20440, 12640, '11:01:00', '11:01:00', 20 );
INSERT INTO "times" VALUES ( 20440, 12650, '10:59:00', '10:59:00', 20 );
INSERT INTO "times" VALUES ( 20440, 12660, NULL, '10:57:00', 20 );

INSERT INTO "dias" VALUES ( 20441, 100, FALSE, TRUE, 'R1100N', 11510, 12660 );
INSERT INTO "dias_line_groups" VALUES ( 20441, 10 );
INSERT INTO "times" VALUES ( 20441, 11510, NULL, '11:04:00', 10 );
INSERT INTO "times" VALUES ( 20441, 11520, '11:05:00', '11:05:00', 10 );
INSERT INTO "times" VALUES ( 20441, 11530, '11:07:00', '11:07:00', 10 );
INSERT INTO "times" VALUES ( 20441, 11540, '11:09:00', '11:09:00', 10 );
INSERT INTO "times" VALUES ( 20441, 12530, '11:11:00', '11:12:00', 20 );
INSERT INTO "times" VALUES ( 20441, 12540, '11:14:00', '11:21:00', 20 );
INSERT INTO "times" VALUES ( 20441, 12550, '11:23:00', '11:23:00', 20 );
INSERT INTO "times" VALUES ( 20441, 12560, '11:25:00', '11:25:00', 20 );
INSERT INTO "times" VALUES ( 20441, 12570, '11:26:00', '11:26:00', 20 );
INSERT INTO "times" VALUES ( 20441, 12580, '11:28:00', '11:28:00', 20 );
INSERT INTO "times" VALUES ( 20441, 12590, '11:29:00', '11:29:00', 20 );
INSERT INTO "times" VALUES ( 20441, 12600, '11:30:00', '11:30:00', 20 );
INSERT INTO "times" VALUES ( 20441, 12610, '11:32:00', '11:35:00', 20 );
INSERT INTO "times" VALUES ( 20441, 12620, '11:37:00', '11:37:00', 20 );
INSERT INTO "times" VALUES ( 20441, 12630, '11:38:00', '11:38:00', 20 );
INSERT INTO "times" VALUES ( 20441, 12640, '11:40:00', '11:40:00', 20 );
INSERT INTO "times" VALUES ( 20441, 12650, '11:42:00', '11:42:00', 20 );
INSERT INTO "times" VALUES ( 20441, 12660, '11:44:00', NULL, NULL );

INSERT INTO "dias" VALUES ( 20442, 100, FALSE, TRUE, 'R1101B', 12710, 11510 );
INSERT INTO "dias_line_groups" VALUES ( 20442, 10 );
INSERT INTO "times" VALUES ( 20442, 11510, '11:57:00', NULL, NULL );
INSERT INTO "times" VALUES ( 20442, 11520, '11:54:00', '11:54:00', 10 );
INSERT INTO "times" VALUES ( 20442, 11530, '11:53:00', '11:53:00', 10 );
INSERT INTO "times" VALUES ( 20442, 11540, '11:51:00', '11:51:00', 10 );
INSERT INTO "times" VALUES ( 20442, 12530, '11:50:00', '11:50:00', 10 );
INSERT INTO "times" VALUES ( 20442, 12540, '11:40:00', '11:47:00', 20 );
INSERT INTO "times" VALUES ( 20442, 12550, '11:38:00', '11:38:00', 20 );
INSERT INTO "times" VALUES ( 20442, 12560, '11:36:00', '11:36:00', 20 );
INSERT INTO "times" VALUES ( 20442, 12570, '11:34:00', '11:34:00', 20 );
INSERT INTO "times" VALUES ( 20442, 12580, '11:33:00', '11:33:00', 20 );
INSERT INTO "times" VALUES ( 20442, 12590, '11:32:00', '11:32:00', 20 );
INSERT INTO "times" VALUES ( 20442, 12600, '11:30:00', '11:30:00', 20 );
INSERT INTO "times" VALUES ( 20442, 12610, '11:26:00', '11:29:00', 20 );
INSERT INTO "times" VALUES ( 20442, 12620, '11:24:00', '11:24:00', 20 );
INSERT INTO "times" VALUES ( 20442, 12630, '11:22:00', '11:22:00', 20 );
INSERT INTO "times" VALUES ( 20442, 12640, '11:21:00', '11:21:00', 20 );
INSERT INTO "times" VALUES ( 20442, 12650, '11:19:00', '11:19:00', 20 );
INSERT INTO "times" VALUES ( 20442, 12660, '11:16:00', '11:17:00', 20 );
INSERT INTO "times" VALUES ( 20442, 12670, '11:13:00', '11:13:00', 20 );
INSERT INTO "times" VALUES ( 20442, 12680, '11:10:00', '11:10:00', 20 );
INSERT INTO "times" VALUES ( 20442, 12690, '11:08:00', '11:08:00', 20 );
INSERT INTO "times" VALUES ( 20442, 12700, '11:05:00', '11:05:00', 20 );
INSERT INTO "times" VALUES ( 20442, 12710, NULL, '11:04:00', 20 );

INSERT INTO "dias" VALUES ( 20443, 100, FALSE, TRUE, 'R1102N', 11510, 12660 );
INSERT INTO "dias_line_groups" VALUES ( 20443, 10 );
INSERT INTO "times" VALUES ( 20443, 11510, NULL, '11:34:00', 10 );
INSERT INTO "times" VALUES ( 20443, 11520, '11:35:00', '11:35:00', 10 );
INSERT INTO "times" VALUES ( 20443, 11530, '11:37:00', '11:37:00', 10 );
INSERT INTO "times" VALUES ( 20443, 11540, '11:39:00', '11:39:00', 10 );
INSERT INTO "times" VALUES ( 20443, 12530, '11:41:00', '11:42:00', 20 );
INSERT INTO "times" VALUES ( 20443, 12540, '11:44:00', '11:51:00', 20 );
INSERT INTO "times" VALUES ( 20443, 12550, '11:53:00', '11:53:00', 20 );
INSERT INTO "times" VALUES ( 20443, 12560, '11:55:00', '11:55:00', 20 );
INSERT INTO "times" VALUES ( 20443, 12570, '11:56:00', '11:56:00', 20 );
INSERT INTO "times" VALUES ( 20443, 12580, '11:58:00', '11:58:00', 20 );
INSERT INTO "times" VALUES ( 20443, 12590, '11:59:00', '11:59:00', 20 );
INSERT INTO "times" VALUES ( 20443, 12600, '12:00:00', '12:00:00', 20 );
INSERT INTO "times" VALUES ( 20443, 12610, '12:02:00', '12:05:00', 20 );
INSERT INTO "times" VALUES ( 20443, 12620, '12:07:00', '12:07:00', 20 );
INSERT INTO "times" VALUES ( 20443, 12630, '12:08:00', '12:08:00', 20 );
INSERT INTO "times" VALUES ( 20443, 12640, '12:10:00', '12:10:00', 20 );
INSERT INTO "times" VALUES ( 20443, 12650, '12:12:00', '12:12:00', 20 );
INSERT INTO "times" VALUES ( 20443, 12660, '12:14:00', NULL, NULL );

INSERT INTO "dias" VALUES ( 20444, 100, FALSE, TRUE, 'R1103B', 12660, 11510 );
INSERT INTO "dias_line_groups" VALUES ( 20444, 10 );
INSERT INTO "times" VALUES ( 20444, 11510, '12:07:00', NULL, NULL );
INSERT INTO "times" VALUES ( 20444, 11520, '12:04:00', '12:04:00', 10 );
INSERT INTO "times" VALUES ( 20444, 11530, '12:03:00', '12:03:00', 10 );
INSERT INTO "times" VALUES ( 20444, 11540, '12:01:00', '12:01:00', 10 );
INSERT INTO "times" VALUES ( 20444, 12530, '12:00:00', '12:00:00', 10 );
INSERT INTO "times" VALUES ( 20444, 12540, '11:50:00', '11:57:00', 20 );
INSERT INTO "times" VALUES ( 20444, 12550, '11:48:00', '11:48:00', 20 );
INSERT INTO "times" VALUES ( 20444, 12560, '11:46:00', '11:46:00', 20 );
INSERT INTO "times" VALUES ( 20444, 12570, '11:44:00', '11:44:00', 20 );
INSERT INTO "times" VALUES ( 20444, 12580, '11:43:00', '11:43:00', 20 );
INSERT INTO "times" VALUES ( 20444, 12590, '11:42:00', '11:42:00', 20 );
INSERT INTO "times" VALUES ( 20444, 12600, '11:40:00', '11:40:00', 20 );
INSERT INTO "times" VALUES ( 20444, 12610, '11:36:00', '11:39:00', 20 );
INSERT INTO "times" VALUES ( 20444, 12620, '11:34:00', '11:34:00', 20 );
INSERT INTO "times" VALUES ( 20444, 12630, '11:32:00', '11:32:00', 20 );
INSERT INTO "times" VALUES ( 20444, 12640, '11:31:00', '11:31:00', 20 );
INSERT INTO "times" VALUES ( 20444, 12650, '11:29:00', '11:29:00', 20 );
INSERT INTO "times" VALUES ( 20444, 12660, NULL, '11:27:00', 20 );

INSERT INTO "dias" VALUES ( 20445, 100, FALSE, TRUE, 'R1105B', 12710, 11510 );
INSERT INTO "dias_line_groups" VALUES ( 20445, 10 );
INSERT INTO "times" VALUES ( 20445, 11510, '12:27:00', NULL, NULL );
INSERT INTO "times" VALUES ( 20445, 11520, '12:24:00', '12:24:00', 10 );
INSERT INTO "times" VALUES ( 20445, 11530, '12:23:00', '12:23:00', 10 );
INSERT INTO "times" VALUES ( 20445, 11540, '12:21:00', '12:21:00', 10 );
INSERT INTO "times" VALUES ( 20445, 12530, '12:20:00', '12:20:00', 10 );
INSERT INTO "times" VALUES ( 20445, 12540, '12:10:00', '12:17:00', 20 );
INSERT INTO "times" VALUES ( 20445, 12550, '12:08:00', '12:08:00', 20 );
INSERT INTO "times" VALUES ( 20445, 12560, '12:06:00', '12:06:00', 20 );
INSERT INTO "times" VALUES ( 20445, 12570, '12:04:00', '12:04:00', 20 );
INSERT INTO "times" VALUES ( 20445, 12580, '12:03:00', '12:03:00', 20 );
INSERT INTO "times" VALUES ( 20445, 12590, '12:02:00', '12:02:00', 20 );
INSERT INTO "times" VALUES ( 20445, 12600, '12:00:00', '12:00:00', 20 );
INSERT INTO "times" VALUES ( 20445, 12610, '11:56:00', '11:59:00', 20 );
INSERT INTO "times" VALUES ( 20445, 12620, '11:54:00', '11:54:00', 20 );
INSERT INTO "times" VALUES ( 20445, 12630, '11:52:00', '11:52:00', 20 );
INSERT INTO "times" VALUES ( 20445, 12640, '11:51:00', '11:51:00', 20 );
INSERT INTO "times" VALUES ( 20445, 12650, '11:49:00', '11:49:00', 20 );
INSERT INTO "times" VALUES ( 20445, 12660, '11:46:00', '11:47:00', 20 );
INSERT INTO "times" VALUES ( 20445, 12670, '11:43:00', '11:43:00', 20 );
INSERT INTO "times" VALUES ( 20445, 12680, '11:40:00', '11:40:00', 20 );
INSERT INTO "times" VALUES ( 20445, 12690, '11:38:00', '11:38:00', 20 );
INSERT INTO "times" VALUES ( 20445, 12700, '11:35:00', '11:35:00', 20 );
INSERT INTO "times" VALUES ( 20445, 12710, NULL, '11:34:00', 20 );

INSERT INTO "dias" VALUES ( 20446, 100, FALSE, TRUE, 'R1107B', 12660, 11510 );
INSERT INTO "dias_line_groups" VALUES ( 20446, 10 );
INSERT INTO "times" VALUES ( 20446, 11510, '12:37:00', NULL, NULL );
INSERT INTO "times" VALUES ( 20446, 11520, '12:34:00', '12:34:00', 10 );
INSERT INTO "times" VALUES ( 20446, 11530, '12:33:00', '12:33:00', 10 );
INSERT INTO "times" VALUES ( 20446, 11540, '12:31:00', '12:31:00', 10 );
INSERT INTO "times" VALUES ( 20446, 12530, '12:30:00', '12:30:00', 10 );
INSERT INTO "times" VALUES ( 20446, 12540, '12:20:00', '12:27:00', 20 );
INSERT INTO "times" VALUES ( 20446, 12550, '12:18:00', '12:18:00', 20 );
INSERT INTO "times" VALUES ( 20446, 12560, '12:16:00', '12:16:00', 20 );
INSERT INTO "times" VALUES ( 20446, 12570, '12:14:00', '12:14:00', 20 );
INSERT INTO "times" VALUES ( 20446, 12580, '12:13:00', '12:13:00', 20 );
INSERT INTO "times" VALUES ( 20446, 12590, '12:12:00', '12:12:00', 20 );
INSERT INTO "times" VALUES ( 20446, 12600, '12:10:00', '12:10:00', 20 );
INSERT INTO "times" VALUES ( 20446, 12610, '12:06:00', '12:09:00', 20 );
INSERT INTO "times" VALUES ( 20446, 12620, '12:04:00', '12:04:00', 20 );
INSERT INTO "times" VALUES ( 20446, 12630, '12:02:00', '12:02:00', 20 );
INSERT INTO "times" VALUES ( 20446, 12640, '12:01:00', '12:01:00', 20 );
INSERT INTO "times" VALUES ( 20446, 12650, '11:59:00', '11:59:00', 20 );
INSERT INTO "times" VALUES ( 20446, 12660, NULL, '11:57:00', 20 );

INSERT INTO "dias" VALUES ( 20447, 100, FALSE, TRUE, 'R1200N', 11510, 12660 );
INSERT INTO "dias_line_groups" VALUES ( 20447, 10 );
INSERT INTO "times" VALUES ( 20447, 11510, NULL, '12:04:00', 10 );
INSERT INTO "times" VALUES ( 20447, 11520, '12:05:00', '12:05:00', 10 );
INSERT INTO "times" VALUES ( 20447, 11530, '12:07:00', '12:07:00', 10 );
INSERT INTO "times" VALUES ( 20447, 11540, '12:09:00', '12:09:00', 10 );
INSERT INTO "times" VALUES ( 20447, 12530, '12:11:00', '12:12:00', 20 );
INSERT INTO "times" VALUES ( 20447, 12540, '12:14:00', '12:21:00', 20 );
INSERT INTO "times" VALUES ( 20447, 12550, '12:23:00', '12:23:00', 20 );
INSERT INTO "times" VALUES ( 20447, 12560, '12:25:00', '12:25:00', 20 );
INSERT INTO "times" VALUES ( 20447, 12570, '12:26:00', '12:26:00', 20 );
INSERT INTO "times" VALUES ( 20447, 12580, '12:28:00', '12:28:00', 20 );
INSERT INTO "times" VALUES ( 20447, 12590, '12:29:00', '12:29:00', 20 );
INSERT INTO "times" VALUES ( 20447, 12600, '12:30:00', '12:30:00', 20 );
INSERT INTO "times" VALUES ( 20447, 12610, '12:32:00', '12:35:00', 20 );
INSERT INTO "times" VALUES ( 20447, 12620, '12:37:00', '12:37:00', 20 );
INSERT INTO "times" VALUES ( 20447, 12630, '12:38:00', '12:38:00', 20 );
INSERT INTO "times" VALUES ( 20447, 12640, '12:40:00', '12:40:00', 20 );
INSERT INTO "times" VALUES ( 20447, 12650, '12:42:00', '12:42:00', 20 );
INSERT INTO "times" VALUES ( 20447, 12660, '12:44:00', NULL, NULL );

INSERT INTO "dias" VALUES ( 20448, 100, FALSE, TRUE, 'R1201B', 12710, 11510 );
INSERT INTO "dias_line_groups" VALUES ( 20448, 10 );
INSERT INTO "times" VALUES ( 20448, 11510, '12:57:00', NULL, NULL );
INSERT INTO "times" VALUES ( 20448, 11520, '12:54:00', '12:54:00', 10 );
INSERT INTO "times" VALUES ( 20448, 11530, '12:53:00', '12:53:00', 10 );
INSERT INTO "times" VALUES ( 20448, 11540, '12:51:00', '12:51:00', 10 );
INSERT INTO "times" VALUES ( 20448, 12530, '12:50:00', '12:50:00', 10 );
INSERT INTO "times" VALUES ( 20448, 12540, '12:40:00', '12:47:00', 20 );
INSERT INTO "times" VALUES ( 20448, 12550, '12:38:00', '12:38:00', 20 );
INSERT INTO "times" VALUES ( 20448, 12560, '12:36:00', '12:36:00', 20 );
INSERT INTO "times" VALUES ( 20448, 12570, '12:34:00', '12:34:00', 20 );
INSERT INTO "times" VALUES ( 20448, 12580, '12:33:00', '12:33:00', 20 );
INSERT INTO "times" VALUES ( 20448, 12590, '12:32:00', '12:32:00', 20 );
INSERT INTO "times" VALUES ( 20448, 12600, '12:30:00', '12:30:00', 20 );
INSERT INTO "times" VALUES ( 20448, 12610, '12:26:00', '12:29:00', 20 );
INSERT INTO "times" VALUES ( 20448, 12620, '12:24:00', '12:24:00', 20 );
INSERT INTO "times" VALUES ( 20448, 12630, '12:22:00', '12:22:00', 20 );
INSERT INTO "times" VALUES ( 20448, 12640, '12:21:00', '12:21:00', 20 );
INSERT INTO "times" VALUES ( 20448, 12650, '12:19:00', '12:19:00', 20 );
INSERT INTO "times" VALUES ( 20448, 12660, '12:16:00', '12:17:00', 20 );
INSERT INTO "times" VALUES ( 20448, 12670, '12:13:00', '12:13:00', 20 );
INSERT INTO "times" VALUES ( 20448, 12680, '12:10:00', '12:10:00', 20 );
INSERT INTO "times" VALUES ( 20448, 12690, '12:08:00', '12:08:00', 20 );
INSERT INTO "times" VALUES ( 20448, 12700, '12:05:00', '12:05:00', 20 );
INSERT INTO "times" VALUES ( 20448, 12710, NULL, '12:04:00', 20 );

INSERT INTO "dias" VALUES ( 20449, 100, FALSE, TRUE, 'R1202N', 11510, 12660 );
INSERT INTO "dias_line_groups" VALUES ( 20449, 10 );
INSERT INTO "times" VALUES ( 20449, 11510, NULL, '12:34:00', 10 );
INSERT INTO "times" VALUES ( 20449, 11520, '12:35:00', '12:35:00', 10 );
INSERT INTO "times" VALUES ( 20449, 11530, '12:37:00', '12:37:00', 10 );
INSERT INTO "times" VALUES ( 20449, 11540, '12:39:00', '12:39:00', 10 );
INSERT INTO "times" VALUES ( 20449, 12530, '12:41:00', '12:42:00', 20 );
INSERT INTO "times" VALUES ( 20449, 12540, '12:44:00', '12:51:00', 20 );
INSERT INTO "times" VALUES ( 20449, 12550, '12:53:00', '12:53:00', 20 );
INSERT INTO "times" VALUES ( 20449, 12560, '12:55:00', '12:55:00', 20 );
INSERT INTO "times" VALUES ( 20449, 12570, '12:56:00', '12:56:00', 20 );
INSERT INTO "times" VALUES ( 20449, 12580, '12:58:00', '12:58:00', 20 );
INSERT INTO "times" VALUES ( 20449, 12590, '12:59:00', '12:59:00', 20 );
INSERT INTO "times" VALUES ( 20449, 12600, '13:00:00', '13:00:00', 20 );
INSERT INTO "times" VALUES ( 20449, 12610, '13:02:00', '13:05:00', 20 );
INSERT INTO "times" VALUES ( 20449, 12620, '13:07:00', '13:07:00', 20 );
INSERT INTO "times" VALUES ( 20449, 12630, '13:08:00', '13:08:00', 20 );
INSERT INTO "times" VALUES ( 20449, 12640, '13:10:00', '13:10:00', 20 );
INSERT INTO "times" VALUES ( 20449, 12650, '13:12:00', '13:12:00', 20 );
INSERT INTO "times" VALUES ( 20449, 12660, '13:14:00', NULL, NULL );

INSERT INTO "dias" VALUES ( 20450, 100, FALSE, TRUE, 'R1203B', 12660, 11510 );
INSERT INTO "dias_line_groups" VALUES ( 20450, 10 );
INSERT INTO "times" VALUES ( 20450, 11510, '13:07:00', NULL, NULL );
INSERT INTO "times" VALUES ( 20450, 11520, '13:04:00', '13:04:00', 10 );
INSERT INTO "times" VALUES ( 20450, 11530, '13:03:00', '13:03:00', 10 );
INSERT INTO "times" VALUES ( 20450, 11540, '13:01:00', '13:01:00', 10 );
INSERT INTO "times" VALUES ( 20450, 12530, '13:00:00', '13:00:00', 10 );
INSERT INTO "times" VALUES ( 20450, 12540, '12:50:00', '12:57:00', 20 );
INSERT INTO "times" VALUES ( 20450, 12550, '12:48:00', '12:48:00', 20 );
INSERT INTO "times" VALUES ( 20450, 12560, '12:46:00', '12:46:00', 20 );
INSERT INTO "times" VALUES ( 20450, 12570, '12:44:00', '12:44:00', 20 );
INSERT INTO "times" VALUES ( 20450, 12580, '12:43:00', '12:43:00', 20 );
INSERT INTO "times" VALUES ( 20450, 12590, '12:42:00', '12:42:00', 20 );
INSERT INTO "times" VALUES ( 20450, 12600, '12:40:00', '12:40:00', 20 );
INSERT INTO "times" VALUES ( 20450, 12610, '12:36:00', '12:39:00', 20 );
INSERT INTO "times" VALUES ( 20450, 12620, '12:34:00', '12:34:00', 20 );
INSERT INTO "times" VALUES ( 20450, 12630, '12:32:00', '12:32:00', 20 );
INSERT INTO "times" VALUES ( 20450, 12640, '12:31:00', '12:31:00', 20 );
INSERT INTO "times" VALUES ( 20450, 12650, '12:29:00', '12:29:00', 20 );
INSERT INTO "times" VALUES ( 20450, 12660, NULL, '12:27:00', 20 );

INSERT INTO "dias" VALUES ( 20451, 100, FALSE, TRUE, 'R1205B', 12660, 11510 );
INSERT INTO "dias_line_groups" VALUES ( 20451, 10 );
INSERT INTO "times" VALUES ( 20451, 11510, '13:37:00', NULL, NULL );
INSERT INTO "times" VALUES ( 20451, 11520, '13:34:00', '13:34:00', 10 );
INSERT INTO "times" VALUES ( 20451, 11530, '13:33:00', '13:33:00', 10 );
INSERT INTO "times" VALUES ( 20451, 11540, '13:31:00', '13:31:00', 10 );
INSERT INTO "times" VALUES ( 20451, 12530, '13:30:00', '13:30:00', 10 );
INSERT INTO "times" VALUES ( 20451, 12540, '13:20:00', '13:27:00', 20 );
INSERT INTO "times" VALUES ( 20451, 12550, '13:18:00', '13:18:00', 20 );
INSERT INTO "times" VALUES ( 20451, 12560, '13:16:00', '13:16:00', 20 );
INSERT INTO "times" VALUES ( 20451, 12570, '13:14:00', '13:14:00', 20 );
INSERT INTO "times" VALUES ( 20451, 12580, '13:13:00', '13:13:00', 20 );
INSERT INTO "times" VALUES ( 20451, 12590, '13:12:00', '13:12:00', 20 );
INSERT INTO "times" VALUES ( 20451, 12600, '13:10:00', '13:10:00', 20 );
INSERT INTO "times" VALUES ( 20451, 12610, '13:06:00', '13:09:00', 20 );
INSERT INTO "times" VALUES ( 20451, 12620, '13:04:00', '13:04:00', 20 );
INSERT INTO "times" VALUES ( 20451, 12630, '13:02:00', '13:02:00', 20 );
INSERT INTO "times" VALUES ( 20451, 12640, '13:01:00', '13:01:00', 20 );
INSERT INTO "times" VALUES ( 20451, 12650, '12:59:00', '12:59:00', 20 );
INSERT INTO "times" VALUES ( 20451, 12660, NULL, '12:57:00', 20 );

INSERT INTO "dias" VALUES ( 20452, 100, FALSE, TRUE, 'R1300N', 11510, 12660 );
INSERT INTO "dias_line_groups" VALUES ( 20452, 10 );
INSERT INTO "times" VALUES ( 20452, 11510, NULL, '13:04:00', 10 );
INSERT INTO "times" VALUES ( 20452, 11520, '13:05:00', '13:05:00', 10 );
INSERT INTO "times" VALUES ( 20452, 11530, '13:07:00', '13:07:00', 10 );
INSERT INTO "times" VALUES ( 20452, 11540, '13:09:00', '13:09:00', 10 );
INSERT INTO "times" VALUES ( 20452, 12530, '13:11:00', '13:12:00', 20 );
INSERT INTO "times" VALUES ( 20452, 12540, '13:14:00', '13:21:00', 20 );
INSERT INTO "times" VALUES ( 20452, 12550, '13:23:00', '13:23:00', 20 );
INSERT INTO "times" VALUES ( 20452, 12560, '13:25:00', '13:25:00', 20 );
INSERT INTO "times" VALUES ( 20452, 12570, '13:26:00', '13:26:00', 20 );
INSERT INTO "times" VALUES ( 20452, 12580, '13:28:00', '13:28:00', 20 );
INSERT INTO "times" VALUES ( 20452, 12590, '13:29:00', '13:29:00', 20 );
INSERT INTO "times" VALUES ( 20452, 12600, '13:30:00', '13:30:00', 20 );
INSERT INTO "times" VALUES ( 20452, 12610, '13:32:00', '13:35:00', 20 );
INSERT INTO "times" VALUES ( 20452, 12620, '13:37:00', '13:37:00', 20 );
INSERT INTO "times" VALUES ( 20452, 12630, '13:38:00', '13:38:00', 20 );
INSERT INTO "times" VALUES ( 20452, 12640, '13:40:00', '13:40:00', 20 );
INSERT INTO "times" VALUES ( 20452, 12650, '13:42:00', '13:42:00', 20 );
INSERT INTO "times" VALUES ( 20452, 12660, '13:44:00', NULL, NULL );

INSERT INTO "dias" VALUES ( 20453, 100, FALSE, TRUE, 'R1301B', 12660, 11510 );
INSERT INTO "dias_line_groups" VALUES ( 20453, 10 );
INSERT INTO "times" VALUES ( 20453, 11510, '14:07:00', NULL, NULL );
INSERT INTO "times" VALUES ( 20453, 11520, '14:04:00', '14:04:00', 10 );
INSERT INTO "times" VALUES ( 20453, 11530, '14:03:00', '14:03:00', 10 );
INSERT INTO "times" VALUES ( 20453, 11540, '14:01:00', '14:01:00', 10 );
INSERT INTO "times" VALUES ( 20453, 12530, '14:00:00', '14:00:00', 10 );
INSERT INTO "times" VALUES ( 20453, 12540, '13:50:00', '13:57:00', 20 );
INSERT INTO "times" VALUES ( 20453, 12550, '13:48:00', '13:48:00', 20 );
INSERT INTO "times" VALUES ( 20453, 12560, '13:46:00', '13:46:00', 20 );
INSERT INTO "times" VALUES ( 20453, 12570, '13:44:00', '13:44:00', 20 );
INSERT INTO "times" VALUES ( 20453, 12580, '13:43:00', '13:43:00', 20 );
INSERT INTO "times" VALUES ( 20453, 12590, '13:42:00', '13:42:00', 20 );
INSERT INTO "times" VALUES ( 20453, 12600, '13:40:00', '13:40:00', 20 );
INSERT INTO "times" VALUES ( 20453, 12610, '13:36:00', '13:39:00', 20 );
INSERT INTO "times" VALUES ( 20453, 12620, '13:34:00', '13:34:00', 20 );
INSERT INTO "times" VALUES ( 20453, 12630, '13:32:00', '13:32:00', 20 );
INSERT INTO "times" VALUES ( 20453, 12640, '13:31:00', '13:31:00', 20 );
INSERT INTO "times" VALUES ( 20453, 12650, '13:29:00', '13:29:00', 20 );
INSERT INTO "times" VALUES ( 20453, 12660, NULL, '13:27:00', 20 );

INSERT INTO "dias" VALUES ( 20454, 100, FALSE, TRUE, 'R1302N', 11510, 12660 );
INSERT INTO "dias_line_groups" VALUES ( 20454, 10 );
INSERT INTO "times" VALUES ( 20454, 11510, NULL, '13:34:00', 10 );
INSERT INTO "times" VALUES ( 20454, 11520, '13:35:00', '13:35:00', 10 );
INSERT INTO "times" VALUES ( 20454, 11530, '13:37:00', '13:37:00', 10 );
INSERT INTO "times" VALUES ( 20454, 11540, '13:39:00', '13:39:00', 10 );
INSERT INTO "times" VALUES ( 20454, 12530, '13:41:00', '13:42:00', 20 );
INSERT INTO "times" VALUES ( 20454, 12540, '13:44:00', '13:52:00', 20 );
INSERT INTO "times" VALUES ( 20454, 12550, '13:54:00', '13:54:00', 20 );
INSERT INTO "times" VALUES ( 20454, 12560, '13:56:00', '13:56:00', 20 );
INSERT INTO "times" VALUES ( 20454, 12570, '13:57:00', '13:57:00', 20 );
INSERT INTO "times" VALUES ( 20454, 12580, '13:59:00', '13:59:00', 20 );
INSERT INTO "times" VALUES ( 20454, 12590, '14:00:00', '14:00:00', 20 );
INSERT INTO "times" VALUES ( 20454, 12600, '14:01:00', '14:01:00', 20 );
INSERT INTO "times" VALUES ( 20454, 12610, '14:03:00', '14:05:00', 20 );
INSERT INTO "times" VALUES ( 20454, 12620, '14:07:00', '14:07:00', 20 );
INSERT INTO "times" VALUES ( 20454, 12630, '14:08:00', '14:08:00', 20 );
INSERT INTO "times" VALUES ( 20454, 12640, '14:10:00', '14:10:00', 20 );
INSERT INTO "times" VALUES ( 20454, 12650, '14:12:00', '14:12:00', 20 );
INSERT INTO "times" VALUES ( 20454, 12660, '14:14:00', NULL, NULL );

INSERT INTO "dias" VALUES ( 20455, 100, FALSE, TRUE, 'R1303B', 12660, 11510 );
INSERT INTO "dias_line_groups" VALUES ( 20455, 10 );
INSERT INTO "times" VALUES ( 20455, 11510, '14:37:00', NULL, NULL );
INSERT INTO "times" VALUES ( 20455, 11520, '14:34:00', '14:34:00', 10 );
INSERT INTO "times" VALUES ( 20455, 11530, '14:33:00', '14:33:00', 10 );
INSERT INTO "times" VALUES ( 20455, 11540, '14:31:00', '14:31:00', 10 );
INSERT INTO "times" VALUES ( 20455, 12530, '14:30:00', '14:30:00', 10 );
INSERT INTO "times" VALUES ( 20455, 12540, '14:20:00', '14:27:00', 20 );
INSERT INTO "times" VALUES ( 20455, 12550, '14:18:00', '14:18:00', 20 );
INSERT INTO "times" VALUES ( 20455, 12560, '14:16:00', '14:16:00', 20 );
INSERT INTO "times" VALUES ( 20455, 12570, '14:14:00', '14:14:00', 20 );
INSERT INTO "times" VALUES ( 20455, 12580, '14:13:00', '14:13:00', 20 );
INSERT INTO "times" VALUES ( 20455, 12590, '14:12:00', '14:12:00', 20 );
INSERT INTO "times" VALUES ( 20455, 12600, '14:10:00', '14:10:00', 20 );
INSERT INTO "times" VALUES ( 20455, 12610, '14:06:00', '14:09:00', 20 );
INSERT INTO "times" VALUES ( 20455, 12620, '14:04:00', '14:04:00', 20 );
INSERT INTO "times" VALUES ( 20455, 12630, '14:02:00', '14:02:00', 20 );
INSERT INTO "times" VALUES ( 20455, 12640, '14:01:00', '14:01:00', 20 );
INSERT INTO "times" VALUES ( 20455, 12650, '13:59:00', '13:59:00', 20 );
INSERT INTO "times" VALUES ( 20455, 12660, NULL, '13:57:00', 20 );

INSERT INTO "dias" VALUES ( 20456, 100, FALSE, TRUE, 'R1400N', 11510, 12660 );
INSERT INTO "dias_line_groups" VALUES ( 20456, 10 );
INSERT INTO "times" VALUES ( 20456, 11510, NULL, '14:04:00', 10 );
INSERT INTO "times" VALUES ( 20456, 11520, '14:05:00', '14:05:00', 10 );
INSERT INTO "times" VALUES ( 20456, 11530, '14:07:00', '14:07:00', 10 );
INSERT INTO "times" VALUES ( 20456, 11540, '14:09:00', '14:09:00', 10 );
INSERT INTO "times" VALUES ( 20456, 12530, '14:11:00', '14:12:00', 20 );
INSERT INTO "times" VALUES ( 20456, 12540, '14:14:00', '14:21:00', 20 );
INSERT INTO "times" VALUES ( 20456, 12550, '14:23:00', '14:23:00', 20 );
INSERT INTO "times" VALUES ( 20456, 12560, '14:25:00', '14:25:00', 20 );
INSERT INTO "times" VALUES ( 20456, 12570, '14:26:00', '14:26:00', 20 );
INSERT INTO "times" VALUES ( 20456, 12580, '14:28:00', '14:28:00', 20 );
INSERT INTO "times" VALUES ( 20456, 12590, '14:29:00', '14:29:00', 20 );
INSERT INTO "times" VALUES ( 20456, 12600, '14:30:00', '14:30:00', 20 );
INSERT INTO "times" VALUES ( 20456, 12610, '14:32:00', '14:35:00', 20 );
INSERT INTO "times" VALUES ( 20456, 12620, '14:37:00', '14:37:00', 20 );
INSERT INTO "times" VALUES ( 20456, 12630, '14:38:00', '14:38:00', 20 );
INSERT INTO "times" VALUES ( 20456, 12640, '14:40:00', '14:40:00', 20 );
INSERT INTO "times" VALUES ( 20456, 12650, '14:42:00', '14:42:00', 20 );
INSERT INTO "times" VALUES ( 20456, 12660, '14:44:00', NULL, NULL );

INSERT INTO "dias" VALUES ( 20457, 100, FALSE, TRUE, 'R1401B', 12660, 11510 );
INSERT INTO "dias_line_groups" VALUES ( 20457, 10 );
INSERT INTO "times" VALUES ( 20457, 11510, '15:07:00', NULL, NULL );
INSERT INTO "times" VALUES ( 20457, 11520, '15:04:00', '15:04:00', 10 );
INSERT INTO "times" VALUES ( 20457, 11530, '15:03:00', '15:03:00', 10 );
INSERT INTO "times" VALUES ( 20457, 11540, '15:01:00', '15:01:00', 10 );
INSERT INTO "times" VALUES ( 20457, 12530, '15:00:00', '15:00:00', 10 );
INSERT INTO "times" VALUES ( 20457, 12540, '14:50:00', '14:57:00', 20 );
INSERT INTO "times" VALUES ( 20457, 12550, '14:48:00', '14:48:00', 20 );
INSERT INTO "times" VALUES ( 20457, 12560, '14:46:00', '14:46:00', 20 );
INSERT INTO "times" VALUES ( 20457, 12570, '14:44:00', '14:44:00', 20 );
INSERT INTO "times" VALUES ( 20457, 12580, '14:43:00', '14:43:00', 20 );
INSERT INTO "times" VALUES ( 20457, 12590, '14:42:00', '14:42:00', 20 );
INSERT INTO "times" VALUES ( 20457, 12600, '14:40:00', '14:40:00', 20 );
INSERT INTO "times" VALUES ( 20457, 12610, '14:36:00', '14:39:00', 20 );
INSERT INTO "times" VALUES ( 20457, 12620, '14:34:00', '14:34:00', 20 );
INSERT INTO "times" VALUES ( 20457, 12630, '14:32:00', '14:32:00', 20 );
INSERT INTO "times" VALUES ( 20457, 12640, '14:31:00', '14:31:00', 20 );
INSERT INTO "times" VALUES ( 20457, 12650, '14:29:00', '14:29:00', 20 );
INSERT INTO "times" VALUES ( 20457, 12660, NULL, '14:27:00', 20 );

INSERT INTO "dias" VALUES ( 20458, 100, FALSE, TRUE, 'R1402N', 11510, 12660 );
INSERT INTO "dias_line_groups" VALUES ( 20458, 10 );
INSERT INTO "times" VALUES ( 20458, 11510, NULL, '14:34:00', 10 );
INSERT INTO "times" VALUES ( 20458, 11520, '14:35:00', '14:35:00', 10 );
INSERT INTO "times" VALUES ( 20458, 11530, '14:37:00', '14:37:00', 10 );
INSERT INTO "times" VALUES ( 20458, 11540, '14:39:00', '14:39:00', 10 );
INSERT INTO "times" VALUES ( 20458, 12530, '14:41:00', '14:42:00', 20 );
INSERT INTO "times" VALUES ( 20458, 12540, '14:44:00', '14:51:00', 20 );
INSERT INTO "times" VALUES ( 20458, 12550, '14:53:00', '14:53:00', 20 );
INSERT INTO "times" VALUES ( 20458, 12560, '14:55:00', '14:55:00', 20 );
INSERT INTO "times" VALUES ( 20458, 12570, '14:56:00', '14:56:00', 20 );
INSERT INTO "times" VALUES ( 20458, 12580, '14:58:00', '14:58:00', 20 );
INSERT INTO "times" VALUES ( 20458, 12590, '14:59:00', '14:59:00', 20 );
INSERT INTO "times" VALUES ( 20458, 12600, '15:00:00', '15:00:00', 20 );
INSERT INTO "times" VALUES ( 20458, 12610, '15:02:00', '15:05:00', 20 );
INSERT INTO "times" VALUES ( 20458, 12620, '15:07:00', '15:07:00', 20 );
INSERT INTO "times" VALUES ( 20458, 12630, '15:08:00', '15:08:00', 20 );
INSERT INTO "times" VALUES ( 20458, 12640, '15:10:00', '15:10:00', 20 );
INSERT INTO "times" VALUES ( 20458, 12650, '15:12:00', '15:12:00', 20 );
INSERT INTO "times" VALUES ( 20458, 12660, '15:14:00', NULL, NULL );

INSERT INTO "dias" VALUES ( 20459, 100, FALSE, TRUE, 'R1403B', 12660, 11510 );
INSERT INTO "dias_line_groups" VALUES ( 20459, 10 );
INSERT INTO "times" VALUES ( 20459, 11510, '15:37:00', NULL, NULL );
INSERT INTO "times" VALUES ( 20459, 11520, '15:34:00', '15:34:00', 10 );
INSERT INTO "times" VALUES ( 20459, 11530, '15:33:00', '15:33:00', 10 );
INSERT INTO "times" VALUES ( 20459, 11540, '15:31:00', '15:31:00', 10 );
INSERT INTO "times" VALUES ( 20459, 12530, '15:30:00', '15:30:00', 10 );
INSERT INTO "times" VALUES ( 20459, 12540, '15:20:00', '15:27:00', 20 );
INSERT INTO "times" VALUES ( 20459, 12550, '15:18:00', '15:18:00', 20 );
INSERT INTO "times" VALUES ( 20459, 12560, '15:16:00', '15:16:00', 20 );
INSERT INTO "times" VALUES ( 20459, 12570, '15:14:00', '15:14:00', 20 );
INSERT INTO "times" VALUES ( 20459, 12580, '15:13:00', '15:13:00', 20 );
INSERT INTO "times" VALUES ( 20459, 12590, '15:12:00', '15:12:00', 20 );
INSERT INTO "times" VALUES ( 20459, 12600, '15:10:00', '15:10:00', 20 );
INSERT INTO "times" VALUES ( 20459, 12610, '15:06:00', '15:09:00', 20 );
INSERT INTO "times" VALUES ( 20459, 12620, '15:04:00', '15:04:00', 20 );
INSERT INTO "times" VALUES ( 20459, 12630, '15:02:00', '15:02:00', 20 );
INSERT INTO "times" VALUES ( 20459, 12640, '15:01:00', '15:01:00', 20 );
INSERT INTO "times" VALUES ( 20459, 12650, '14:59:00', '14:59:00', 20 );
INSERT INTO "times" VALUES ( 20459, 12660, NULL, '14:57:00', 20 );

INSERT INTO "dias" VALUES ( 20460, 100, FALSE, TRUE, 'R1500N', 11510, 12660 );
INSERT INTO "dias_line_groups" VALUES ( 20460, 10 );
INSERT INTO "times" VALUES ( 20460, 11510, NULL, '15:04:00', 10 );
INSERT INTO "times" VALUES ( 20460, 11520, '15:05:00', '15:05:00', 10 );
INSERT INTO "times" VALUES ( 20460, 11530, '15:07:00', '15:07:00', 10 );
INSERT INTO "times" VALUES ( 20460, 11540, '15:09:00', '15:09:00', 10 );
INSERT INTO "times" VALUES ( 20460, 12530, '15:11:00', '15:12:00', 20 );
INSERT INTO "times" VALUES ( 20460, 12540, '15:14:00', '15:21:00', 20 );
INSERT INTO "times" VALUES ( 20460, 12550, '15:23:00', '15:23:00', 20 );
INSERT INTO "times" VALUES ( 20460, 12560, '15:25:00', '15:25:00', 20 );
INSERT INTO "times" VALUES ( 20460, 12570, '15:26:00', '15:26:00', 20 );
INSERT INTO "times" VALUES ( 20460, 12580, '15:28:00', '15:28:00', 20 );
INSERT INTO "times" VALUES ( 20460, 12590, '15:29:00', '15:29:00', 20 );
INSERT INTO "times" VALUES ( 20460, 12600, '15:30:00', '15:30:00', 20 );
INSERT INTO "times" VALUES ( 20460, 12610, '15:32:00', '15:35:00', 20 );
INSERT INTO "times" VALUES ( 20460, 12620, '15:37:00', '15:37:00', 20 );
INSERT INTO "times" VALUES ( 20460, 12630, '15:38:00', '15:38:00', 20 );
INSERT INTO "times" VALUES ( 20460, 12640, '15:40:00', '15:40:00', 20 );
INSERT INTO "times" VALUES ( 20460, 12650, '15:42:00', '15:42:00', 20 );
INSERT INTO "times" VALUES ( 20460, 12660, '15:44:00', NULL, NULL );

INSERT INTO "dias" VALUES ( 20461, 100, FALSE, TRUE, 'R1501B', 12660, 11510 );
INSERT INTO "dias_line_groups" VALUES ( 20461, 10 );
INSERT INTO "times" VALUES ( 20461, 11510, '16:07:00', NULL, NULL );
INSERT INTO "times" VALUES ( 20461, 11520, '16:04:00', '16:04:00', 10 );
INSERT INTO "times" VALUES ( 20461, 11530, '16:03:00', '16:03:00', 10 );
INSERT INTO "times" VALUES ( 20461, 11540, '16:01:00', '16:01:00', 10 );
INSERT INTO "times" VALUES ( 20461, 12530, '16:00:00', '16:00:00', 10 );
INSERT INTO "times" VALUES ( 20461, 12540, '15:50:00', '15:57:00', 20 );
INSERT INTO "times" VALUES ( 20461, 12550, '15:48:00', '15:48:00', 20 );
INSERT INTO "times" VALUES ( 20461, 12560, '15:46:00', '15:46:00', 20 );
INSERT INTO "times" VALUES ( 20461, 12570, '15:44:00', '15:44:00', 20 );
INSERT INTO "times" VALUES ( 20461, 12580, '15:43:00', '15:43:00', 20 );
INSERT INTO "times" VALUES ( 20461, 12590, '15:42:00', '15:42:00', 20 );
INSERT INTO "times" VALUES ( 20461, 12600, '15:40:00', '15:40:00', 20 );
INSERT INTO "times" VALUES ( 20461, 12610, '15:36:00', '15:39:00', 20 );
INSERT INTO "times" VALUES ( 20461, 12620, '15:34:00', '15:34:00', 20 );
INSERT INTO "times" VALUES ( 20461, 12630, '15:32:00', '15:32:00', 20 );
INSERT INTO "times" VALUES ( 20461, 12640, '15:31:00', '15:31:00', 20 );
INSERT INTO "times" VALUES ( 20461, 12650, '15:29:00', '15:29:00', 20 );
INSERT INTO "times" VALUES ( 20461, 12660, NULL, '15:27:00', 20 );

INSERT INTO "dias" VALUES ( 20462, 100, FALSE, TRUE, 'R1502H', 11510, 12710 );
INSERT INTO "dias_line_groups" VALUES ( 20462, 10 );
INSERT INTO "times" VALUES ( 20462, 11510, NULL, '15:14:00', 10 );
INSERT INTO "times" VALUES ( 20462, 11520, '15:15:00', '15:15:00', 10 );
INSERT INTO "times" VALUES ( 20462, 11530, '15:17:00', '15:17:00', 10 );
INSERT INTO "times" VALUES ( 20462, 11540, '15:19:00', '15:19:00', 10 );
INSERT INTO "times" VALUES ( 20462, 12530, '15:21:00', '15:22:00', 20 );
INSERT INTO "times" VALUES ( 20462, 12540, '15:24:00', '15:31:00', 20 );
INSERT INTO "times" VALUES ( 20462, 12550, '15:33:00', '15:33:00', 20 );
INSERT INTO "times" VALUES ( 20462, 12560, '15:35:00', '15:35:00', 20 );
INSERT INTO "times" VALUES ( 20462, 12570, '15:36:00', '15:36:00', 20 );
INSERT INTO "times" VALUES ( 20462, 12580, '15:38:00', '15:38:00', 20 );
INSERT INTO "times" VALUES ( 20462, 12590, '15:39:00', '15:39:00', 20 );
INSERT INTO "times" VALUES ( 20462, 12600, '15:40:00', '15:40:00', 20 );
INSERT INTO "times" VALUES ( 20462, 12610, '15:42:00', '15:45:00', 20 );
INSERT INTO "times" VALUES ( 20462, 12620, '15:47:00', '15:47:00', 20 );
INSERT INTO "times" VALUES ( 20462, 12630, '15:48:00', '15:48:00', 20 );
INSERT INTO "times" VALUES ( 20462, 12640, '15:50:00', '15:50:00', 20 );
INSERT INTO "times" VALUES ( 20462, 12650, '15:52:00', '15:52:00', 20 );
INSERT INTO "times" VALUES ( 20462, 12660, '15:54:00', '15:56:00', 20 );
INSERT INTO "times" VALUES ( 20462, 12670, '15:59:00', '15:59:00', 20 );
INSERT INTO "times" VALUES ( 20462, 12680, '16:02:00', '16:02:00', 20 );
INSERT INTO "times" VALUES ( 20462, 12690, '16:03:00', '16:03:00', 20 );
INSERT INTO "times" VALUES ( 20462, 12700, '16:06:00', '16:06:00', 20 );
INSERT INTO "times" VALUES ( 20462, 12710, '16:08:00', NULL, NULL );

INSERT INTO "dias" VALUES ( 20463, 100, FALSE, TRUE, 'R1503B', 12660, 11510 );
INSERT INTO "dias_line_groups" VALUES ( 20463, 10 );
INSERT INTO "times" VALUES ( 20463, 11510, '16:38:00', NULL, NULL );
INSERT INTO "times" VALUES ( 20463, 11520, '16:35:00', '16:35:00', 10 );
INSERT INTO "times" VALUES ( 20463, 11530, '16:34:00', '16:34:00', 10 );
INSERT INTO "times" VALUES ( 20463, 11540, '16:32:00', '16:32:00', 10 );
INSERT INTO "times" VALUES ( 20463, 12530, '16:31:00', '16:31:00', 10 );
INSERT INTO "times" VALUES ( 20463, 12540, '16:20:00', '16:28:00', 20 );
INSERT INTO "times" VALUES ( 20463, 12550, '16:18:00', '16:18:00', 20 );
INSERT INTO "times" VALUES ( 20463, 12560, '16:16:00', '16:16:00', 20 );
INSERT INTO "times" VALUES ( 20463, 12570, '16:14:00', '16:14:00', 20 );
INSERT INTO "times" VALUES ( 20463, 12580, '16:13:00', '16:13:00', 20 );
INSERT INTO "times" VALUES ( 20463, 12590, '16:12:00', '16:12:00', 20 );
INSERT INTO "times" VALUES ( 20463, 12600, '16:10:00', '16:10:00', 20 );
INSERT INTO "times" VALUES ( 20463, 12610, '16:06:00', '16:09:00', 20 );
INSERT INTO "times" VALUES ( 20463, 12620, '16:04:00', '16:04:00', 20 );
INSERT INTO "times" VALUES ( 20463, 12630, '16:02:00', '16:02:00', 20 );
INSERT INTO "times" VALUES ( 20463, 12640, '16:01:00', '16:01:00', 20 );
INSERT INTO "times" VALUES ( 20463, 12650, '15:59:00', '15:59:00', 20 );
INSERT INTO "times" VALUES ( 20463, 12660, NULL, '15:57:00', 20 );

INSERT INTO "dias" VALUES ( 20464, 100, FALSE, TRUE, 'R1504N', 11510, 12660 );
INSERT INTO "dias_line_groups" VALUES ( 20464, 10 );
INSERT INTO "times" VALUES ( 20464, 11510, NULL, '15:34:00', 10 );
INSERT INTO "times" VALUES ( 20464, 11520, '15:35:00', '15:35:00', 10 );
INSERT INTO "times" VALUES ( 20464, 11530, '15:37:00', '15:37:00', 10 );
INSERT INTO "times" VALUES ( 20464, 11540, '15:39:00', '15:39:00', 10 );
INSERT INTO "times" VALUES ( 20464, 12530, '15:41:00', '15:42:00', 20 );
INSERT INTO "times" VALUES ( 20464, 12540, '15:44:00', '15:51:00', 20 );
INSERT INTO "times" VALUES ( 20464, 12550, '15:53:00', '15:53:00', 20 );
INSERT INTO "times" VALUES ( 20464, 12560, '15:55:00', '15:55:00', 20 );
INSERT INTO "times" VALUES ( 20464, 12570, '15:56:00', '15:56:00', 20 );
INSERT INTO "times" VALUES ( 20464, 12580, '15:58:00', '15:58:00', 20 );
INSERT INTO "times" VALUES ( 20464, 12590, '15:59:00', '15:59:00', 20 );
INSERT INTO "times" VALUES ( 20464, 12600, '16:00:00', '16:00:00', 20 );
INSERT INTO "times" VALUES ( 20464, 12610, '16:02:00', '16:05:00', 20 );
INSERT INTO "times" VALUES ( 20464, 12620, '16:07:00', '16:07:00', 20 );
INSERT INTO "times" VALUES ( 20464, 12630, '16:08:00', '16:08:00', 20 );
INSERT INTO "times" VALUES ( 20464, 12640, '16:10:00', '16:10:00', 20 );
INSERT INTO "times" VALUES ( 20464, 12650, '16:12:00', '16:12:00', 20 );
INSERT INTO "times" VALUES ( 20464, 12660, '16:14:00', NULL, NULL );

INSERT INTO "dias" VALUES ( 20465, 100, FALSE, TRUE, 'R1506H', 11510, 12710 );
INSERT INTO "dias_line_groups" VALUES ( 20465, 10 );
INSERT INTO "times" VALUES ( 20465, 11510, NULL, '15:44:00', 10 );
INSERT INTO "times" VALUES ( 20465, 11520, '15:45:00', '15:45:00', 10 );
INSERT INTO "times" VALUES ( 20465, 11530, '15:47:00', '15:47:00', 10 );
INSERT INTO "times" VALUES ( 20465, 11540, '15:49:00', '15:49:00', 10 );
INSERT INTO "times" VALUES ( 20465, 12530, '15:51:00', '15:52:00', 20 );
INSERT INTO "times" VALUES ( 20465, 12540, '15:54:00', '16:01:00', 20 );
INSERT INTO "times" VALUES ( 20465, 12550, '16:03:00', '16:03:00', 20 );
INSERT INTO "times" VALUES ( 20465, 12560, '16:05:00', '16:05:00', 20 );
INSERT INTO "times" VALUES ( 20465, 12570, '16:06:00', '16:06:00', 20 );
INSERT INTO "times" VALUES ( 20465, 12580, '16:08:00', '16:08:00', 20 );
INSERT INTO "times" VALUES ( 20465, 12590, '16:09:00', '16:09:00', 20 );
INSERT INTO "times" VALUES ( 20465, 12600, '16:10:00', '16:10:00', 20 );
INSERT INTO "times" VALUES ( 20465, 12610, '16:12:00', '16:15:00', 20 );
INSERT INTO "times" VALUES ( 20465, 12620, '16:17:00', '16:17:00', 20 );
INSERT INTO "times" VALUES ( 20465, 12630, '16:18:00', '16:18:00', 20 );
INSERT INTO "times" VALUES ( 20465, 12640, '16:20:00', '16:20:00', 20 );
INSERT INTO "times" VALUES ( 20465, 12650, '16:22:00', '16:22:00', 20 );
INSERT INTO "times" VALUES ( 20465, 12660, '16:24:00', '16:26:00', 20 );
INSERT INTO "times" VALUES ( 20465, 12670, '16:29:00', '16:29:00', 20 );
INSERT INTO "times" VALUES ( 20465, 12680, '16:31:00', '16:32:00', 20 );
INSERT INTO "times" VALUES ( 20465, 12690, '16:34:00', '16:34:00', 20 );
INSERT INTO "times" VALUES ( 20465, 12700, '16:36:00', '16:36:00', 20 );
INSERT INTO "times" VALUES ( 20465, 12710, '16:38:00', NULL, NULL );

INSERT INTO "dias" VALUES ( 20466, 100, FALSE, TRUE, 'R1600N', 11510, 12660 );
INSERT INTO "dias_line_groups" VALUES ( 20466, 10 );
INSERT INTO "times" VALUES ( 20466, 11510, NULL, '16:04:00', 10 );
INSERT INTO "times" VALUES ( 20466, 11520, '16:05:00', '16:05:00', 10 );
INSERT INTO "times" VALUES ( 20466, 11530, '16:07:00', '16:07:00', 10 );
INSERT INTO "times" VALUES ( 20466, 11540, '16:09:00', '16:09:00', 10 );
INSERT INTO "times" VALUES ( 20466, 12530, '16:11:00', '16:12:00', 20 );
INSERT INTO "times" VALUES ( 20466, 12540, '16:14:00', '16:21:00', 20 );
INSERT INTO "times" VALUES ( 20466, 12550, '16:23:00', '16:23:00', 20 );
INSERT INTO "times" VALUES ( 20466, 12560, '16:25:00', '16:25:00', 20 );
INSERT INTO "times" VALUES ( 20466, 12570, '16:26:00', '16:26:00', 20 );
INSERT INTO "times" VALUES ( 20466, 12580, '16:28:00', '16:28:00', 20 );
INSERT INTO "times" VALUES ( 20466, 12590, '16:29:00', '16:29:00', 20 );
INSERT INTO "times" VALUES ( 20466, 12600, '16:30:00', '16:30:00', 20 );
INSERT INTO "times" VALUES ( 20466, 12610, '16:32:00', '16:35:00', 20 );
INSERT INTO "times" VALUES ( 20466, 12620, '16:37:00', '16:37:00', 20 );
INSERT INTO "times" VALUES ( 20466, 12630, '16:38:00', '16:38:00', 20 );
INSERT INTO "times" VALUES ( 20466, 12640, '16:40:00', '16:40:00', 20 );
INSERT INTO "times" VALUES ( 20466, 12650, '16:42:00', '16:42:00', 20 );
INSERT INTO "times" VALUES ( 20466, 12660, '16:44:00', NULL, NULL );

INSERT INTO "dias" VALUES ( 20467, 100, FALSE, TRUE, 'R1601B', 12710, 11510 );
INSERT INTO "dias_line_groups" VALUES ( 20467, 10 );
INSERT INTO "times" VALUES ( 20467, 11510, '17:17:00', NULL, NULL );
INSERT INTO "times" VALUES ( 20467, 11520, '17:15:00', '17:15:00', 10 );
INSERT INTO "times" VALUES ( 20467, 11530, '17:13:00', '17:13:00', 10 );
INSERT INTO "times" VALUES ( 20467, 11540, '17:12:00', '17:12:00', 10 );
INSERT INTO "times" VALUES ( 20467, 12530, '17:10:00', '17:10:00', 10 );
INSERT INTO "times" VALUES ( 20467, 12540, '17:00:00', '17:07:00', 20 );
INSERT INTO "times" VALUES ( 20467, 12550, '16:58:00', '16:58:00', 20 );
INSERT INTO "times" VALUES ( 20467, 12560, '16:56:00', '16:56:00', 20 );
INSERT INTO "times" VALUES ( 20467, 12570, '16:54:00', '16:54:00', 20 );
INSERT INTO "times" VALUES ( 20467, 12580, '16:53:00', '16:53:00', 20 );
INSERT INTO "times" VALUES ( 20467, 12590, '16:52:00', '16:52:00', 20 );
INSERT INTO "times" VALUES ( 20467, 12600, '16:50:00', '16:50:00', 20 );
INSERT INTO "times" VALUES ( 20467, 12610, '16:45:00', '16:49:00', 20 );
INSERT INTO "times" VALUES ( 20467, 12620, '16:43:00', '16:43:00', 20 );
INSERT INTO "times" VALUES ( 20467, 12630, '16:42:00', '16:42:00', 20 );
INSERT INTO "times" VALUES ( 20467, 12640, '16:40:00', '16:40:00', 20 );
INSERT INTO "times" VALUES ( 20467, 12650, '16:39:00', '16:39:00', 20 );
INSERT INTO "times" VALUES ( 20467, 12660, '16:37:00', '16:37:00', 20 );
INSERT INTO "times" VALUES ( 20467, 12670, '16:34:00', '16:34:00', 20 );
INSERT INTO "times" VALUES ( 20467, 12680, '16:23:00', '16:31:00', 20 );
INSERT INTO "times" VALUES ( 20467, 12690, '16:21:00', '16:21:00', 20 );
INSERT INTO "times" VALUES ( 20467, 12700, '16:18:00', '16:18:00', 20 );
INSERT INTO "times" VALUES ( 20467, 12710, NULL, '16:17:00', 20 );

INSERT INTO "dias" VALUES ( 20468, 100, FALSE, TRUE, 'R1602H', 11510, 12710 );
INSERT INTO "dias_line_groups" VALUES ( 20468, 10 );
INSERT INTO "times" VALUES ( 20468, 11510, NULL, '16:14:00', 10 );
INSERT INTO "times" VALUES ( 20468, 11520, '16:15:00', '16:15:00', 10 );
INSERT INTO "times" VALUES ( 20468, 11530, '16:17:00', '16:17:00', 10 );
INSERT INTO "times" VALUES ( 20468, 11540, '16:19:00', '16:19:00', 10 );
INSERT INTO "times" VALUES ( 20468, 12530, '16:21:00', '16:22:00', 20 );
INSERT INTO "times" VALUES ( 20468, 12540, '16:24:00', '16:31:00', 20 );
INSERT INTO "times" VALUES ( 20468, 12550, '16:33:00', '16:33:00', 20 );
INSERT INTO "times" VALUES ( 20468, 12560, '16:35:00', '16:35:00', 20 );
INSERT INTO "times" VALUES ( 20468, 12570, '16:36:00', '16:36:00', 20 );
INSERT INTO "times" VALUES ( 20468, 12580, '16:38:00', '16:38:00', 20 );
INSERT INTO "times" VALUES ( 20468, 12590, '16:39:00', '16:39:00', 20 );
INSERT INTO "times" VALUES ( 20468, 12600, '16:40:00', '16:40:00', 20 );
INSERT INTO "times" VALUES ( 20468, 12610, '16:42:00', '16:45:00', 20 );
INSERT INTO "times" VALUES ( 20468, 12620, '16:47:00', '16:47:00', 20 );
INSERT INTO "times" VALUES ( 20468, 12630, '16:48:00', '16:48:00', 20 );
INSERT INTO "times" VALUES ( 20468, 12640, '16:50:00', '16:50:00', 20 );
INSERT INTO "times" VALUES ( 20468, 12650, '16:52:00', '16:52:00', 20 );
INSERT INTO "times" VALUES ( 20468, 12660, '16:54:00', '16:55:00', 20 );
INSERT INTO "times" VALUES ( 20468, 12670, '16:59:00', '16:59:00', 20 );
INSERT INTO "times" VALUES ( 20468, 12680, '17:02:00', '17:02:00', 20 );
INSERT INTO "times" VALUES ( 20468, 12690, '17:03:00', '17:03:00', 20 );
INSERT INTO "times" VALUES ( 20468, 12700, '17:06:00', '17:06:00', 20 );
INSERT INTO "times" VALUES ( 20468, 12710, '17:08:00', NULL, NULL );

INSERT INTO "dias" VALUES ( 20469, 100, FALSE, TRUE, 'R1603B', 12660, 11510 );
INSERT INTO "dias_line_groups" VALUES ( 20469, 10 );
INSERT INTO "times" VALUES ( 20469, 11510, '17:08:00', NULL, NULL );
INSERT INTO "times" VALUES ( 20469, 11520, '17:05:00', '17:05:00', 10 );
INSERT INTO "times" VALUES ( 20469, 11530, '17:04:00', '17:04:00', 10 );
INSERT INTO "times" VALUES ( 20469, 11540, '17:02:00', '17:02:00', 10 );
INSERT INTO "times" VALUES ( 20469, 12530, '17:01:00', '17:01:00', 10 );
INSERT INTO "times" VALUES ( 20469, 12540, '16:50:00', '16:58:00', 20 );
INSERT INTO "times" VALUES ( 20469, 12550, '16:48:00', '16:48:00', 20 );
INSERT INTO "times" VALUES ( 20469, 12560, '16:46:00', '16:46:00', 20 );
INSERT INTO "times" VALUES ( 20469, 12570, '16:44:00', '16:44:00', 20 );
INSERT INTO "times" VALUES ( 20469, 12580, '16:43:00', '16:43:00', 20 );
INSERT INTO "times" VALUES ( 20469, 12590, '16:42:00', '16:42:00', 20 );
INSERT INTO "times" VALUES ( 20469, 12600, '16:40:00', '16:40:00', 20 );
INSERT INTO "times" VALUES ( 20469, 12610, '16:36:00', '16:39:00', 20 );
INSERT INTO "times" VALUES ( 20469, 12620, '16:34:00', '16:34:00', 20 );
INSERT INTO "times" VALUES ( 20469, 12630, '16:32:00', '16:32:00', 20 );
INSERT INTO "times" VALUES ( 20469, 12640, '16:31:00', '16:31:00', 20 );
INSERT INTO "times" VALUES ( 20469, 12650, '16:29:00', '16:29:00', 20 );
INSERT INTO "times" VALUES ( 20469, 12660, NULL, '16:27:00', 20 );

INSERT INTO "dias" VALUES ( 20470, 100, FALSE, TRUE, 'R1604N', 11510, 12660 );
INSERT INTO "dias_line_groups" VALUES ( 20470, 10 );
INSERT INTO "times" VALUES ( 20470, 11510, NULL, '16:35:00', 10 );
INSERT INTO "times" VALUES ( 20470, 11520, '16:36:00', '16:36:00', 10 );
INSERT INTO "times" VALUES ( 20470, 11530, '16:38:00', '16:38:00', 10 );
INSERT INTO "times" VALUES ( 20470, 11540, '16:40:00', '16:40:00', 10 );
INSERT INTO "times" VALUES ( 20470, 12530, '16:42:00', '16:42:00', 20 );
INSERT INTO "times" VALUES ( 20470, 12540, '16:45:00', '16:51:00', 20 );
INSERT INTO "times" VALUES ( 20470, 12550, '16:53:00', '16:53:00', 20 );
INSERT INTO "times" VALUES ( 20470, 12560, '16:55:00', '16:55:00', 20 );
INSERT INTO "times" VALUES ( 20470, 12570, '16:56:00', '16:56:00', 20 );
INSERT INTO "times" VALUES ( 20470, 12580, '16:58:00', '16:58:00', 20 );
INSERT INTO "times" VALUES ( 20470, 12590, '16:59:00', '16:59:00', 20 );
INSERT INTO "times" VALUES ( 20470, 12600, '17:00:00', '17:00:00', 20 );
INSERT INTO "times" VALUES ( 20470, 12610, '17:02:00', '17:05:00', 20 );
INSERT INTO "times" VALUES ( 20470, 12620, '17:07:00', '17:07:00', 20 );
INSERT INTO "times" VALUES ( 20470, 12630, '17:08:00', '17:08:00', 20 );
INSERT INTO "times" VALUES ( 20470, 12640, '17:10:00', '17:10:00', 20 );
INSERT INTO "times" VALUES ( 20470, 12650, '17:12:00', '17:12:00', 20 );
INSERT INTO "times" VALUES ( 20470, 12660, '17:14:00', NULL, NULL );

INSERT INTO "dias" VALUES ( 20471, 100, FALSE, TRUE, 'R1605B', 12660, 11510 );
INSERT INTO "dias_line_groups" VALUES ( 20471, 10 );
INSERT INTO "times" VALUES ( 20471, 11510, '17:38:00', NULL, NULL );
INSERT INTO "times" VALUES ( 20471, 11520, '17:35:00', '17:35:00', 10 );
INSERT INTO "times" VALUES ( 20471, 11530, '17:34:00', '17:34:00', 10 );
INSERT INTO "times" VALUES ( 20471, 11540, '17:32:00', '17:32:00', 10 );
INSERT INTO "times" VALUES ( 20471, 12530, '17:31:00', '17:31:00', 10 );
INSERT INTO "times" VALUES ( 20471, 12540, '17:20:00', '17:28:00', 20 );
INSERT INTO "times" VALUES ( 20471, 12550, '17:18:00', '17:18:00', 20 );
INSERT INTO "times" VALUES ( 20471, 12560, '17:16:00', '17:16:00', 20 );
INSERT INTO "times" VALUES ( 20471, 12570, '17:14:00', '17:14:00', 20 );
INSERT INTO "times" VALUES ( 20471, 12580, '17:13:00', '17:13:00', 20 );
INSERT INTO "times" VALUES ( 20471, 12590, '17:12:00', '17:12:00', 20 );
INSERT INTO "times" VALUES ( 20471, 12600, '17:10:00', '17:10:00', 20 );
INSERT INTO "times" VALUES ( 20471, 12610, '17:06:00', '17:09:00', 20 );
INSERT INTO "times" VALUES ( 20471, 12620, '17:04:00', '17:04:00', 20 );
INSERT INTO "times" VALUES ( 20471, 12630, '17:02:00', '17:02:00', 20 );
INSERT INTO "times" VALUES ( 20471, 12640, '17:01:00', '17:01:00', 20 );
INSERT INTO "times" VALUES ( 20471, 12650, '16:59:00', '16:59:00', 20 );
INSERT INTO "times" VALUES ( 20471, 12660, NULL, '16:57:00', 20 );

INSERT INTO "dias" VALUES ( 20472, 100, FALSE, TRUE, 'R1606H', 11510, 12710 );
INSERT INTO "dias_line_groups" VALUES ( 20472, 10 );
INSERT INTO "times" VALUES ( 20472, 11510, NULL, '16:44:00', 10 );
INSERT INTO "times" VALUES ( 20472, 11520, '16:45:00', '16:45:00', 10 );
INSERT INTO "times" VALUES ( 20472, 11530, '16:47:00', '16:47:00', 10 );
INSERT INTO "times" VALUES ( 20472, 11540, '16:49:00', '16:49:00', 10 );
INSERT INTO "times" VALUES ( 20472, 12530, '16:51:00', '16:52:00', 20 );
INSERT INTO "times" VALUES ( 20472, 12540, '16:54:00', '17:01:00', 20 );
INSERT INTO "times" VALUES ( 20472, 12550, '17:03:00', '17:03:00', 20 );
INSERT INTO "times" VALUES ( 20472, 12560, '17:05:00', '17:05:00', 20 );
INSERT INTO "times" VALUES ( 20472, 12570, '17:06:00', '17:06:00', 20 );
INSERT INTO "times" VALUES ( 20472, 12580, '17:08:00', '17:08:00', 20 );
INSERT INTO "times" VALUES ( 20472, 12590, '17:09:00', '17:09:00', 20 );
INSERT INTO "times" VALUES ( 20472, 12600, '17:10:00', '17:10:00', 20 );
INSERT INTO "times" VALUES ( 20472, 12610, '17:12:00', '17:15:00', 20 );
INSERT INTO "times" VALUES ( 20472, 12620, '17:17:00', '17:17:00', 20 );
INSERT INTO "times" VALUES ( 20472, 12630, '17:18:00', '17:18:00', 20 );
INSERT INTO "times" VALUES ( 20472, 12640, '17:20:00', '17:20:00', 20 );
INSERT INTO "times" VALUES ( 20472, 12650, '17:22:00', '17:22:00', 20 );
INSERT INTO "times" VALUES ( 20472, 12660, '17:24:00', '17:26:00', 20 );
INSERT INTO "times" VALUES ( 20472, 12670, '17:29:00', '17:29:00', 20 );
INSERT INTO "times" VALUES ( 20472, 12680, '17:31:00', '17:32:00', 20 );
INSERT INTO "times" VALUES ( 20472, 12690, '17:34:00', '17:34:00', 20 );
INSERT INTO "times" VALUES ( 20472, 12700, '17:36:00', '17:36:00', 20 );
INSERT INTO "times" VALUES ( 20472, 12710, '17:38:00', NULL, NULL );

INSERT INTO "dias" VALUES ( 20473, 100, FALSE, TRUE, 'R1607B', 12710, 11510 );
INSERT INTO "dias_line_groups" VALUES ( 20473, 10 );
INSERT INTO "times" VALUES ( 20473, 11510, '17:48:00', NULL, NULL );
INSERT INTO "times" VALUES ( 20473, 11520, '17:46:00', '17:46:00', 10 );
INSERT INTO "times" VALUES ( 20473, 11530, '17:44:00', '17:44:00', 10 );
INSERT INTO "times" VALUES ( 20473, 11540, '17:43:00', '17:43:00', 10 );
INSERT INTO "times" VALUES ( 20473, 12530, '17:41:00', '17:41:00', 10 );
INSERT INTO "times" VALUES ( 20473, 12540, '17:31:00', '17:38:00', 20 );
INSERT INTO "times" VALUES ( 20473, 12550, '17:28:00', '17:28:00', 20 );
INSERT INTO "times" VALUES ( 20473, 12560, '17:27:00', '17:27:00', 20 );
INSERT INTO "times" VALUES ( 20473, 12570, '17:25:00', '17:25:00', 20 );
INSERT INTO "times" VALUES ( 20473, 12580, '17:23:00', '17:23:00', 20 );
INSERT INTO "times" VALUES ( 20473, 12590, '17:22:00', '17:22:00', 20 );
INSERT INTO "times" VALUES ( 20473, 12600, '17:21:00', '17:21:00', 20 );
INSERT INTO "times" VALUES ( 20473, 12610, '17:15:00', '17:20:00', 20 );
INSERT INTO "times" VALUES ( 20473, 12620, '17:13:00', '17:13:00', 20 );
INSERT INTO "times" VALUES ( 20473, 12630, '17:12:00', '17:12:00', 20 );
INSERT INTO "times" VALUES ( 20473, 12640, '17:10:00', '17:10:00', 20 );
INSERT INTO "times" VALUES ( 20473, 12650, '17:09:00', '17:09:00', 20 );
INSERT INTO "times" VALUES ( 20473, 12660, '17:06:00', '17:07:00', 20 );
INSERT INTO "times" VALUES ( 20473, 12670, '17:03:00', '17:03:00', 20 );
INSERT INTO "times" VALUES ( 20473, 12680, '17:00:00', '17:00:00', 20 );
INSERT INTO "times" VALUES ( 20473, 12690, '16:58:00', '16:58:00', 20 );
INSERT INTO "times" VALUES ( 20473, 12700, '16:55:00', '16:55:00', 20 );
INSERT INTO "times" VALUES ( 20473, 12710, NULL, '16:54:00', 20 );

INSERT INTO "dias" VALUES ( 20474, 100, FALSE, TRUE, 'R1700N', 11510, 12660 );
INSERT INTO "dias_line_groups" VALUES ( 20474, 10 );
INSERT INTO "times" VALUES ( 20474, 11510, NULL, '17:04:00', 10 );
INSERT INTO "times" VALUES ( 20474, 11520, '17:05:00', '17:05:00', 10 );
INSERT INTO "times" VALUES ( 20474, 11530, '17:07:00', '17:07:00', 10 );
INSERT INTO "times" VALUES ( 20474, 11540, '17:09:00', '17:09:00', 10 );
INSERT INTO "times" VALUES ( 20474, 12530, '17:11:00', '17:12:00', 20 );
INSERT INTO "times" VALUES ( 20474, 12540, '17:15:00', '17:21:00', 20 );
INSERT INTO "times" VALUES ( 20474, 12550, '17:23:00', '17:23:00', 20 );
INSERT INTO "times" VALUES ( 20474, 12560, '17:25:00', '17:25:00', 20 );
INSERT INTO "times" VALUES ( 20474, 12570, '17:26:00', '17:26:00', 20 );
INSERT INTO "times" VALUES ( 20474, 12580, '17:28:00', '17:28:00', 20 );
INSERT INTO "times" VALUES ( 20474, 12590, '17:29:00', '17:29:00', 20 );
INSERT INTO "times" VALUES ( 20474, 12600, '17:30:00', '17:30:00', 20 );
INSERT INTO "times" VALUES ( 20474, 12610, '17:32:00', '17:35:00', 20 );
INSERT INTO "times" VALUES ( 20474, 12620, '17:37:00', '17:37:00', 20 );
INSERT INTO "times" VALUES ( 20474, 12630, '17:38:00', '17:38:00', 20 );
INSERT INTO "times" VALUES ( 20474, 12640, '17:40:00', '17:40:00', 20 );
INSERT INTO "times" VALUES ( 20474, 12650, '17:42:00', '17:42:00', 20 );
INSERT INTO "times" VALUES ( 20474, 12660, '17:44:00', NULL, NULL );

INSERT INTO "dias" VALUES ( 20475, 100, FALSE, TRUE, 'R1701B', 12710, 11510 );
INSERT INTO "dias_line_groups" VALUES ( 20475, 10 );
INSERT INTO "times" VALUES ( 20475, 11510, '18:17:00', NULL, NULL );
INSERT INTO "times" VALUES ( 20475, 11520, '18:15:00', '18:15:00', 10 );
INSERT INTO "times" VALUES ( 20475, 11530, '18:13:00', '18:13:00', 10 );
INSERT INTO "times" VALUES ( 20475, 11540, '18:12:00', '18:12:00', 10 );
INSERT INTO "times" VALUES ( 20475, 12530, '18:10:00', '18:10:00', 10 );
INSERT INTO "times" VALUES ( 20475, 12540, '18:00:00', '18:07:00', 20 );
INSERT INTO "times" VALUES ( 20475, 12550, '17:58:00', '17:58:00', 20 );
INSERT INTO "times" VALUES ( 20475, 12560, '17:56:00', '17:56:00', 20 );
INSERT INTO "times" VALUES ( 20475, 12570, '17:54:00', '17:54:00', 20 );
INSERT INTO "times" VALUES ( 20475, 12580, '17:53:00', '17:53:00', 20 );
INSERT INTO "times" VALUES ( 20475, 12590, '17:52:00', '17:52:00', 20 );
INSERT INTO "times" VALUES ( 20475, 12600, '17:50:00', '17:50:00', 20 );
INSERT INTO "times" VALUES ( 20475, 12610, '17:46:00', '17:49:00', 20 );
INSERT INTO "times" VALUES ( 20475, 12620, '17:44:00', '17:44:00', 20 );
INSERT INTO "times" VALUES ( 20475, 12630, '17:42:00', '17:42:00', 20 );
INSERT INTO "times" VALUES ( 20475, 12640, '17:40:00', '17:40:00', 20 );
INSERT INTO "times" VALUES ( 20475, 12650, '17:39:00', '17:39:00', 20 );
INSERT INTO "times" VALUES ( 20475, 12660, '17:37:00', '17:37:00', 20 );
INSERT INTO "times" VALUES ( 20475, 12670, '17:34:00', '17:34:00', 20 );
INSERT INTO "times" VALUES ( 20475, 12680, '17:24:00', '17:31:00', 20 );
INSERT INTO "times" VALUES ( 20475, 12690, '17:21:00', '17:21:00', 20 );
INSERT INTO "times" VALUES ( 20475, 12700, '17:19:00', '17:19:00', 20 );
INSERT INTO "times" VALUES ( 20475, 12710, NULL, '17:17:00', 20 );

INSERT INTO "dias" VALUES ( 20476, 100, FALSE, TRUE, 'R1702H', 11510, 12710 );
INSERT INTO "dias_line_groups" VALUES ( 20476, 10 );
INSERT INTO "times" VALUES ( 20476, 11510, NULL, '17:14:00', 10 );
INSERT INTO "times" VALUES ( 20476, 11520, '17:15:00', '17:15:00', 10 );
INSERT INTO "times" VALUES ( 20476, 11530, '17:17:00', '17:17:00', 10 );
INSERT INTO "times" VALUES ( 20476, 11540, '17:19:00', '17:19:00', 10 );
INSERT INTO "times" VALUES ( 20476, 12530, '17:21:00', '17:22:00', 20 );
INSERT INTO "times" VALUES ( 20476, 12540, '17:24:00', '17:31:00', 20 );
INSERT INTO "times" VALUES ( 20476, 12550, '17:33:00', '17:33:00', 20 );
INSERT INTO "times" VALUES ( 20476, 12560, '17:35:00', '17:35:00', 20 );
INSERT INTO "times" VALUES ( 20476, 12570, '17:36:00', '17:36:00', 20 );
INSERT INTO "times" VALUES ( 20476, 12580, '17:38:00', '17:38:00', 20 );
INSERT INTO "times" VALUES ( 20476, 12590, '17:39:00', '17:39:00', 20 );
INSERT INTO "times" VALUES ( 20476, 12600, '17:40:00', '17:40:00', 20 );
INSERT INTO "times" VALUES ( 20476, 12610, '17:42:00', '17:45:00', 20 );
INSERT INTO "times" VALUES ( 20476, 12620, '17:47:00', '17:47:00', 20 );
INSERT INTO "times" VALUES ( 20476, 12630, '17:48:00', '17:48:00', 20 );
INSERT INTO "times" VALUES ( 20476, 12640, '17:50:00', '17:50:00', 20 );
INSERT INTO "times" VALUES ( 20476, 12650, '17:52:00', '17:52:00', 20 );
INSERT INTO "times" VALUES ( 20476, 12660, '17:54:00', '17:56:00', 20 );
INSERT INTO "times" VALUES ( 20476, 12670, '17:59:00', '17:59:00', 20 );
INSERT INTO "times" VALUES ( 20476, 12680, '18:01:00', '18:02:00', 20 );
INSERT INTO "times" VALUES ( 20476, 12690, '18:04:00', '18:04:00', 20 );
INSERT INTO "times" VALUES ( 20476, 12700, '18:07:00', '18:07:00', 20 );
INSERT INTO "times" VALUES ( 20476, 12710, '18:09:00', NULL, NULL );

INSERT INTO "dias" VALUES ( 20477, 100, FALSE, TRUE, 'R1703B', 12660, 11510 );
INSERT INTO "dias_line_groups" VALUES ( 20477, 10 );
INSERT INTO "times" VALUES ( 20477, 11510, '18:08:00', NULL, NULL );
INSERT INTO "times" VALUES ( 20477, 11520, '18:05:00', '18:05:00', 10 );
INSERT INTO "times" VALUES ( 20477, 11530, '18:04:00', '18:04:00', 10 );
INSERT INTO "times" VALUES ( 20477, 11540, '18:02:00', '18:02:00', 10 );
INSERT INTO "times" VALUES ( 20477, 12530, '18:01:00', '18:01:00', 10 );
INSERT INTO "times" VALUES ( 20477, 12540, '17:50:00', '17:58:00', 20 );
INSERT INTO "times" VALUES ( 20477, 12550, '17:48:00', '17:48:00', 20 );
INSERT INTO "times" VALUES ( 20477, 12560, '17:46:00', '17:46:00', 20 );
INSERT INTO "times" VALUES ( 20477, 12570, '17:44:00', '17:44:00', 20 );
INSERT INTO "times" VALUES ( 20477, 12580, '17:43:00', '17:43:00', 20 );
INSERT INTO "times" VALUES ( 20477, 12590, '17:42:00', '17:42:00', 20 );
INSERT INTO "times" VALUES ( 20477, 12600, '17:40:00', '17:40:00', 20 );
INSERT INTO "times" VALUES ( 20477, 12610, '17:36:00', '17:39:00', 20 );
INSERT INTO "times" VALUES ( 20477, 12620, '17:34:00', '17:34:00', 20 );
INSERT INTO "times" VALUES ( 20477, 12630, '17:32:00', '17:32:00', 20 );
INSERT INTO "times" VALUES ( 20477, 12640, '17:31:00', '17:31:00', 20 );
INSERT INTO "times" VALUES ( 20477, 12650, '17:29:00', '17:29:00', 20 );
INSERT INTO "times" VALUES ( 20477, 12660, NULL, '17:27:00', 20 );

INSERT INTO "dias" VALUES ( 20478, 100, FALSE, TRUE, 'R1704N', 11510, 12660 );
INSERT INTO "dias_line_groups" VALUES ( 20478, 10 );
INSERT INTO "times" VALUES ( 20478, 11510, NULL, '17:34:00', 10 );
INSERT INTO "times" VALUES ( 20478, 11520, '17:35:00', '17:35:00', 10 );
INSERT INTO "times" VALUES ( 20478, 11530, '17:37:00', '17:37:00', 10 );
INSERT INTO "times" VALUES ( 20478, 11540, '17:39:00', '17:39:00', 10 );
INSERT INTO "times" VALUES ( 20478, 12530, '17:41:00', '17:41:00', 20 );
INSERT INTO "times" VALUES ( 20478, 12540, '17:44:00', '17:51:00', 20 );
INSERT INTO "times" VALUES ( 20478, 12550, '17:54:00', '17:54:00', 20 );
INSERT INTO "times" VALUES ( 20478, 12560, '17:55:00', '17:55:00', 20 );
INSERT INTO "times" VALUES ( 20478, 12570, '17:57:00', '17:57:00', 20 );
INSERT INTO "times" VALUES ( 20478, 12580, '17:58:00', '17:58:00', 20 );
INSERT INTO "times" VALUES ( 20478, 12590, '18:00:00', '18:00:00', 20 );
INSERT INTO "times" VALUES ( 20478, 12600, '18:01:00', '18:01:00', 20 );
INSERT INTO "times" VALUES ( 20478, 12610, '18:03:00', '18:05:00', 20 );
INSERT INTO "times" VALUES ( 20478, 12620, '18:07:00', '18:07:00', 20 );
INSERT INTO "times" VALUES ( 20478, 12630, '18:08:00', '18:08:00', 20 );
INSERT INTO "times" VALUES ( 20478, 12640, '18:10:00', '18:10:00', 20 );
INSERT INTO "times" VALUES ( 20478, 12650, '18:12:00', '18:12:00', 20 );
INSERT INTO "times" VALUES ( 20478, 12660, '18:14:00', NULL, NULL );

INSERT INTO "dias" VALUES ( 20479, 100, FALSE, TRUE, 'R1705B', 12660, 11510 );
INSERT INTO "dias_line_groups" VALUES ( 20479, 10 );
INSERT INTO "times" VALUES ( 20479, 11510, '18:38:00', NULL, NULL );
INSERT INTO "times" VALUES ( 20479, 11520, '18:35:00', '18:35:00', 10 );
INSERT INTO "times" VALUES ( 20479, 11530, '18:34:00', '18:34:00', 10 );
INSERT INTO "times" VALUES ( 20479, 11540, '18:32:00', '18:32:00', 10 );
INSERT INTO "times" VALUES ( 20479, 12530, '18:31:00', '18:31:00', 10 );
INSERT INTO "times" VALUES ( 20479, 12540, '18:20:00', '18:28:00', 20 );
INSERT INTO "times" VALUES ( 20479, 12550, '18:18:00', '18:18:00', 20 );
INSERT INTO "times" VALUES ( 20479, 12560, '18:16:00', '18:16:00', 20 );
INSERT INTO "times" VALUES ( 20479, 12570, '18:14:00', '18:14:00', 20 );
INSERT INTO "times" VALUES ( 20479, 12580, '18:13:00', '18:13:00', 20 );
INSERT INTO "times" VALUES ( 20479, 12590, '18:12:00', '18:12:00', 20 );
INSERT INTO "times" VALUES ( 20479, 12600, '18:10:00', '18:10:00', 20 );
INSERT INTO "times" VALUES ( 20479, 12610, '18:06:00', '18:09:00', 20 );
INSERT INTO "times" VALUES ( 20479, 12620, '18:04:00', '18:04:00', 20 );
INSERT INTO "times" VALUES ( 20479, 12630, '18:02:00', '18:02:00', 20 );
INSERT INTO "times" VALUES ( 20479, 12640, '18:01:00', '18:01:00', 20 );
INSERT INTO "times" VALUES ( 20479, 12650, '17:59:00', '17:59:00', 20 );
INSERT INTO "times" VALUES ( 20479, 12660, NULL, '17:57:00', 20 );

INSERT INTO "dias" VALUES ( 20480, 100, FALSE, TRUE, 'R1706H', 11510, 12710 );
INSERT INTO "dias_line_groups" VALUES ( 20480, 10 );
INSERT INTO "times" VALUES ( 20480, 11510, NULL, '17:44:00', 10 );
INSERT INTO "times" VALUES ( 20480, 11520, '17:45:00', '17:45:00', 10 );
INSERT INTO "times" VALUES ( 20480, 11530, '17:47:00', '17:47:00', 10 );
INSERT INTO "times" VALUES ( 20480, 11540, '17:49:00', '17:49:00', 10 );
INSERT INTO "times" VALUES ( 20480, 12530, '17:51:00', '17:52:00', 20 );
INSERT INTO "times" VALUES ( 20480, 12540, '17:54:00', '18:01:00', 20 );
INSERT INTO "times" VALUES ( 20480, 12550, '18:03:00', '18:03:00', 20 );
INSERT INTO "times" VALUES ( 20480, 12560, '18:05:00', '18:05:00', 20 );
INSERT INTO "times" VALUES ( 20480, 12570, '18:06:00', '18:06:00', 20 );
INSERT INTO "times" VALUES ( 20480, 12580, '18:08:00', '18:08:00', 20 );
INSERT INTO "times" VALUES ( 20480, 12590, '18:09:00', '18:09:00', 20 );
INSERT INTO "times" VALUES ( 20480, 12600, '18:10:00', '18:10:00', 20 );
INSERT INTO "times" VALUES ( 20480, 12610, '18:12:00', '18:15:00', 20 );
INSERT INTO "times" VALUES ( 20480, 12620, '18:17:00', '18:17:00', 20 );
INSERT INTO "times" VALUES ( 20480, 12630, '18:18:00', '18:18:00', 20 );
INSERT INTO "times" VALUES ( 20480, 12640, '18:20:00', '18:20:00', 20 );
INSERT INTO "times" VALUES ( 20480, 12650, '18:22:00', '18:22:00', 20 );
INSERT INTO "times" VALUES ( 20480, 12660, '18:24:00', '18:26:00', 20 );
INSERT INTO "times" VALUES ( 20480, 12670, '18:29:00', '18:29:00', 20 );
INSERT INTO "times" VALUES ( 20480, 12680, '18:31:00', '18:32:00', 20 );
INSERT INTO "times" VALUES ( 20480, 12690, '18:34:00', '18:34:00', 20 );
INSERT INTO "times" VALUES ( 20480, 12700, '18:36:00', '18:36:00', 20 );
INSERT INTO "times" VALUES ( 20480, 12710, '18:38:00', NULL, NULL );

INSERT INTO "dias" VALUES ( 20481, 100, FALSE, TRUE, 'R1800N', 11510, 12660 );
INSERT INTO "dias_line_groups" VALUES ( 20481, 10 );
INSERT INTO "times" VALUES ( 20481, 11510, NULL, '18:04:00', 10 );
INSERT INTO "times" VALUES ( 20481, 11520, '18:06:00', '18:06:00', 10 );
INSERT INTO "times" VALUES ( 20481, 11530, '18:07:00', '18:07:00', 10 );
INSERT INTO "times" VALUES ( 20481, 11540, '18:09:00', '18:09:00', 10 );
INSERT INTO "times" VALUES ( 20481, 12530, '18:11:00', '18:12:00', 20 );
INSERT INTO "times" VALUES ( 20481, 12540, '18:15:00', '18:21:00', 20 );
INSERT INTO "times" VALUES ( 20481, 12550, '18:23:00', '18:23:00', 20 );
INSERT INTO "times" VALUES ( 20481, 12560, '18:25:00', '18:25:00', 20 );
INSERT INTO "times" VALUES ( 20481, 12570, '18:26:00', '18:26:00', 20 );
INSERT INTO "times" VALUES ( 20481, 12580, '18:28:00', '18:28:00', 20 );
INSERT INTO "times" VALUES ( 20481, 12590, '18:29:00', '18:29:00', 20 );
INSERT INTO "times" VALUES ( 20481, 12600, '18:30:00', '18:30:00', 20 );
INSERT INTO "times" VALUES ( 20481, 12610, '18:32:00', '18:35:00', 20 );
INSERT INTO "times" VALUES ( 20481, 12620, '18:37:00', '18:37:00', 20 );
INSERT INTO "times" VALUES ( 20481, 12630, '18:38:00', '18:38:00', 20 );
INSERT INTO "times" VALUES ( 20481, 12640, '18:40:00', '18:40:00', 20 );
INSERT INTO "times" VALUES ( 20481, 12650, '18:42:00', '18:42:00', 20 );
INSERT INTO "times" VALUES ( 20481, 12660, '18:44:00', NULL, NULL );

INSERT INTO "dias" VALUES ( 20482, 100, FALSE, TRUE, 'R1801B', 12660, 11510 );
INSERT INTO "dias_line_groups" VALUES ( 20482, 10 );
INSERT INTO "times" VALUES ( 20482, 11510, '19:07:00', NULL, NULL );
INSERT INTO "times" VALUES ( 20482, 11520, '19:04:00', '19:04:00', 10 );
INSERT INTO "times" VALUES ( 20482, 11530, '19:03:00', '19:03:00', 10 );
INSERT INTO "times" VALUES ( 20482, 11540, '19:01:00', '19:01:00', 10 );
INSERT INTO "times" VALUES ( 20482, 12530, '19:00:00', '19:00:00', 10 );
INSERT INTO "times" VALUES ( 20482, 12540, '18:50:00', '18:57:00', 20 );
INSERT INTO "times" VALUES ( 20482, 12550, '18:48:00', '18:48:00', 20 );
INSERT INTO "times" VALUES ( 20482, 12560, '18:46:00', '18:46:00', 20 );
INSERT INTO "times" VALUES ( 20482, 12570, '18:44:00', '18:44:00', 20 );
INSERT INTO "times" VALUES ( 20482, 12580, '18:43:00', '18:43:00', 20 );
INSERT INTO "times" VALUES ( 20482, 12590, '18:42:00', '18:42:00', 20 );
INSERT INTO "times" VALUES ( 20482, 12600, '18:40:00', '18:40:00', 20 );
INSERT INTO "times" VALUES ( 20482, 12610, '18:36:00', '18:39:00', 20 );
INSERT INTO "times" VALUES ( 20482, 12620, '18:34:00', '18:34:00', 20 );
INSERT INTO "times" VALUES ( 20482, 12630, '18:32:00', '18:32:00', 20 );
INSERT INTO "times" VALUES ( 20482, 12640, '18:31:00', '18:31:00', 20 );
INSERT INTO "times" VALUES ( 20482, 12650, '18:29:00', '18:29:00', 20 );
INSERT INTO "times" VALUES ( 20482, 12660, NULL, '18:27:00', 20 );

INSERT INTO "dias" VALUES ( 20483, 100, FALSE, TRUE, 'R1802R', 11510, 12740 );
INSERT INTO "dias_line_groups" VALUES ( 20483, 10 );
INSERT INTO "times" VALUES ( 20483, 11510, NULL, '18:14:00', 10 );
INSERT INTO "times" VALUES ( 20483, 11520, '18:15:00', '18:15:00', 10 );
INSERT INTO "times" VALUES ( 20483, 11530, '18:17:00', '18:17:00', 10 );
INSERT INTO "times" VALUES ( 20483, 11540, '18:19:00', '18:19:00', 10 );
INSERT INTO "times" VALUES ( 20483, 12530, '18:21:00', '18:22:00', 20 );
INSERT INTO "times" VALUES ( 20483, 12540, '18:24:00', '18:31:00', 20 );
INSERT INTO "times" VALUES ( 20483, 12550, '18:33:00', '18:33:00', 20 );
INSERT INTO "times" VALUES ( 20483, 12560, '18:35:00', '18:35:00', 20 );
INSERT INTO "times" VALUES ( 20483, 12570, '18:36:00', '18:36:00', 20 );
INSERT INTO "times" VALUES ( 20483, 12580, '18:38:00', '18:38:00', 20 );
INSERT INTO "times" VALUES ( 20483, 12590, '18:39:00', '18:39:00', 20 );
INSERT INTO "times" VALUES ( 20483, 12600, '18:40:00', '18:40:00', 20 );
INSERT INTO "times" VALUES ( 20483, 12610, '18:42:00', '18:45:00', 20 );
INSERT INTO "times" VALUES ( 20483, 12620, '18:47:00', '18:47:00', 20 );
INSERT INTO "times" VALUES ( 20483, 12630, '18:48:00', '18:48:00', 20 );
INSERT INTO "times" VALUES ( 20483, 12640, '18:50:00', '18:50:00', 20 );
INSERT INTO "times" VALUES ( 20483, 12650, '18:52:00', '18:52:00', 20 );
INSERT INTO "times" VALUES ( 20483, 12660, '18:54:00', '18:56:00', 20 );
INSERT INTO "times" VALUES ( 20483, 12670, '18:59:00', '18:59:00', 20 );
INSERT INTO "times" VALUES ( 20483, 12680, '19:02:00', '19:02:00', 20 );
INSERT INTO "times" VALUES ( 20483, 12690, '19:03:00', '19:03:00', 20 );
INSERT INTO "times" VALUES ( 20483, 12700, '19:06:00', '19:06:00', 20 );
INSERT INTO "times" VALUES ( 20483, 12710, '19:08:00', '19:08:00', 20 );
INSERT INTO "times" VALUES ( 20483, 12720, '19:10:00', '19:10:00', 20 );
INSERT INTO "times" VALUES ( 20483, 12730, '19:12:00', '19:12:00', 20 );
INSERT INTO "times" VALUES ( 20483, 12740, '19:15:00', NULL, NULL );

INSERT INTO "dias" VALUES ( 20484, 100, FALSE, TRUE, 'R1803B', 12660, 11510 );
INSERT INTO "dias_line_groups" VALUES ( 20484, 10 );
INSERT INTO "times" VALUES ( 20484, 11510, '19:37:00', NULL, NULL );
INSERT INTO "times" VALUES ( 20484, 11520, '19:34:00', '19:34:00', 10 );
INSERT INTO "times" VALUES ( 20484, 11530, '19:33:00', '19:33:00', 10 );
INSERT INTO "times" VALUES ( 20484, 11540, '19:31:00', '19:31:00', 10 );
INSERT INTO "times" VALUES ( 20484, 12530, '19:30:00', '19:30:00', 10 );
INSERT INTO "times" VALUES ( 20484, 12540, '19:20:00', '19:27:00', 20 );
INSERT INTO "times" VALUES ( 20484, 12550, '19:18:00', '19:18:00', 20 );
INSERT INTO "times" VALUES ( 20484, 12560, '19:16:00', '19:16:00', 20 );
INSERT INTO "times" VALUES ( 20484, 12570, '19:14:00', '19:14:00', 20 );
INSERT INTO "times" VALUES ( 20484, 12580, '19:13:00', '19:13:00', 20 );
INSERT INTO "times" VALUES ( 20484, 12590, '19:12:00', '19:12:00', 20 );
INSERT INTO "times" VALUES ( 20484, 12600, '19:10:00', '19:10:00', 20 );
INSERT INTO "times" VALUES ( 20484, 12610, '19:06:00', '19:09:00', 20 );
INSERT INTO "times" VALUES ( 20484, 12620, '19:04:00', '19:04:00', 20 );
INSERT INTO "times" VALUES ( 20484, 12630, '19:02:00', '19:02:00', 20 );
INSERT INTO "times" VALUES ( 20484, 12640, '19:01:00', '19:01:00', 20 );
INSERT INTO "times" VALUES ( 20484, 12650, '18:59:00', '18:59:00', 20 );
INSERT INTO "times" VALUES ( 20484, 12660, NULL, '18:57:00', 20 );

INSERT INTO "dias" VALUES ( 20485, 100, FALSE, TRUE, 'R1804R', 11510, 12740 );
INSERT INTO "dias_line_groups" VALUES ( 20485, 10 );
INSERT INTO "times" VALUES ( 20485, 11510, NULL, '18:34:00', 10 );
INSERT INTO "times" VALUES ( 20485, 11520, '18:35:00', '18:35:00', 10 );
INSERT INTO "times" VALUES ( 20485, 11530, '18:37:00', '18:37:00', 10 );
INSERT INTO "times" VALUES ( 20485, 11540, '18:39:00', '18:39:00', 10 );
INSERT INTO "times" VALUES ( 20485, 12530, '18:41:00', '18:42:00', 20 );
INSERT INTO "times" VALUES ( 20485, 12540, '18:45:00', '18:51:00', 20 );
INSERT INTO "times" VALUES ( 20485, 12550, '18:53:00', '18:53:00', 20 );
INSERT INTO "times" VALUES ( 20485, 12560, '18:55:00', '18:55:00', 20 );
INSERT INTO "times" VALUES ( 20485, 12570, '18:56:00', '18:56:00', 20 );
INSERT INTO "times" VALUES ( 20485, 12580, '18:58:00', '18:58:00', 20 );
INSERT INTO "times" VALUES ( 20485, 12590, '18:59:00', '18:59:00', 20 );
INSERT INTO "times" VALUES ( 20485, 12600, '19:00:00', '19:00:00', 20 );
INSERT INTO "times" VALUES ( 20485, 12610, '19:02:00', '19:05:00', 20 );
INSERT INTO "times" VALUES ( 20485, 12620, '19:07:00', '19:07:00', 20 );
INSERT INTO "times" VALUES ( 20485, 12630, '19:08:00', '19:08:00', 20 );
INSERT INTO "times" VALUES ( 20485, 12640, '19:10:00', '19:10:00', 20 );
INSERT INTO "times" VALUES ( 20485, 12650, '19:12:00', '19:12:00', 20 );
INSERT INTO "times" VALUES ( 20485, 12660, '19:14:00', '19:15:00', 20 );
INSERT INTO "times" VALUES ( 20485, 12670, '19:18:00', '19:18:00', 20 );
INSERT INTO "times" VALUES ( 20485, 12680, '19:21:00', '19:21:00', 20 );
INSERT INTO "times" VALUES ( 20485, 12690, '19:23:00', '19:23:00', 20 );
INSERT INTO "times" VALUES ( 20485, 12700, '19:25:00', '19:25:00', 20 );
INSERT INTO "times" VALUES ( 20485, 12710, '19:28:00', '19:28:00', 20 );
INSERT INTO "times" VALUES ( 20485, 12720, '19:29:00', '19:29:00', 20 );
INSERT INTO "times" VALUES ( 20485, 12730, '19:32:00', '19:32:00', 20 );
INSERT INTO "times" VALUES ( 20485, 12740, '19:35:00', NULL, NULL );

INSERT INTO "dias" VALUES ( 20486, 100, FALSE, TRUE, 'R1806N', 11510, 12660 );
INSERT INTO "dias_line_groups" VALUES ( 20486, 10 );
INSERT INTO "times" VALUES ( 20486, 11510, NULL, '18:44:00', 10 );
INSERT INTO "times" VALUES ( 20486, 11520, '18:45:00', '18:45:00', 10 );
INSERT INTO "times" VALUES ( 20486, 11530, '18:47:00', '18:47:00', 10 );
INSERT INTO "times" VALUES ( 20486, 11540, '18:49:00', '18:49:00', 10 );
INSERT INTO "times" VALUES ( 20486, 12530, '18:51:00', '18:52:00', 20 );
INSERT INTO "times" VALUES ( 20486, 12540, '18:54:00', '19:01:00', 20 );
INSERT INTO "times" VALUES ( 20486, 12550, '19:03:00', '19:03:00', 20 );
INSERT INTO "times" VALUES ( 20486, 12560, '19:05:00', '19:05:00', 20 );
INSERT INTO "times" VALUES ( 20486, 12570, '19:06:00', '19:06:00', 20 );
INSERT INTO "times" VALUES ( 20486, 12580, '19:08:00', '19:08:00', 20 );
INSERT INTO "times" VALUES ( 20486, 12590, '19:09:00', '19:09:00', 20 );
INSERT INTO "times" VALUES ( 20486, 12600, '19:10:00', '19:10:00', 20 );
INSERT INTO "times" VALUES ( 20486, 12610, '19:12:00', '19:15:00', 20 );
INSERT INTO "times" VALUES ( 20486, 12620, '19:17:00', '19:17:00', 20 );
INSERT INTO "times" VALUES ( 20486, 12630, '19:18:00', '19:18:00', 20 );
INSERT INTO "times" VALUES ( 20486, 12640, '19:20:00', '19:20:00', 20 );
INSERT INTO "times" VALUES ( 20486, 12650, '19:22:00', '19:22:00', 20 );
INSERT INTO "times" VALUES ( 20486, 12660, '19:24:00', NULL, NULL );

INSERT INTO "dias" VALUES ( 20487, 100, FALSE, TRUE, 'R1900N', 11510, 12660 );
INSERT INTO "dias_line_groups" VALUES ( 20487, 10 );
INSERT INTO "times" VALUES ( 20487, 11510, NULL, '19:04:00', 10 );
INSERT INTO "times" VALUES ( 20487, 11520, '19:05:00', '19:05:00', 10 );
INSERT INTO "times" VALUES ( 20487, 11530, '19:07:00', '19:07:00', 10 );
INSERT INTO "times" VALUES ( 20487, 11540, '19:09:00', '19:09:00', 10 );
INSERT INTO "times" VALUES ( 20487, 12530, '19:11:00', '19:12:00', 20 );
INSERT INTO "times" VALUES ( 20487, 12540, '19:14:00', '19:21:00', 20 );
INSERT INTO "times" VALUES ( 20487, 12550, '19:23:00', '19:23:00', 20 );
INSERT INTO "times" VALUES ( 20487, 12560, '19:25:00', '19:25:00', 20 );
INSERT INTO "times" VALUES ( 20487, 12570, '19:26:00', '19:26:00', 20 );
INSERT INTO "times" VALUES ( 20487, 12580, '19:28:00', '19:28:00', 20 );
INSERT INTO "times" VALUES ( 20487, 12590, '19:29:00', '19:29:00', 20 );
INSERT INTO "times" VALUES ( 20487, 12600, '19:30:00', '19:30:00', 20 );
INSERT INTO "times" VALUES ( 20487, 12610, '19:32:00', '19:35:00', 20 );
INSERT INTO "times" VALUES ( 20487, 12620, '19:37:00', '19:37:00', 20 );
INSERT INTO "times" VALUES ( 20487, 12630, '19:38:00', '19:38:00', 20 );
INSERT INTO "times" VALUES ( 20487, 12640, '19:40:00', '19:40:00', 20 );
INSERT INTO "times" VALUES ( 20487, 12650, '19:42:00', '19:42:00', 20 );
INSERT INTO "times" VALUES ( 20487, 12660, '19:44:00', NULL, NULL );

INSERT INTO "dias" VALUES ( 20488, 100, FALSE, TRUE, 'R1901B', 12660, 11510 );
INSERT INTO "dias_line_groups" VALUES ( 20488, 10 );
INSERT INTO "times" VALUES ( 20488, 11510, '20:07:00', NULL, NULL );
INSERT INTO "times" VALUES ( 20488, 11520, '20:04:00', '20:04:00', 10 );
INSERT INTO "times" VALUES ( 20488, 11530, '20:03:00', '20:03:00', 10 );
INSERT INTO "times" VALUES ( 20488, 11540, '20:01:00', '20:01:00', 10 );
INSERT INTO "times" VALUES ( 20488, 12530, '20:00:00', '20:00:00', 10 );
INSERT INTO "times" VALUES ( 20488, 12540, '19:50:00', '19:57:00', 20 );
INSERT INTO "times" VALUES ( 20488, 12550, '19:48:00', '19:48:00', 20 );
INSERT INTO "times" VALUES ( 20488, 12560, '19:46:00', '19:46:00', 20 );
INSERT INTO "times" VALUES ( 20488, 12570, '19:44:00', '19:44:00', 20 );
INSERT INTO "times" VALUES ( 20488, 12580, '19:43:00', '19:43:00', 20 );
INSERT INTO "times" VALUES ( 20488, 12590, '19:42:00', '19:42:00', 20 );
INSERT INTO "times" VALUES ( 20488, 12600, '19:40:00', '19:40:00', 20 );
INSERT INTO "times" VALUES ( 20488, 12610, '19:36:00', '19:39:00', 20 );
INSERT INTO "times" VALUES ( 20488, 12620, '19:34:00', '19:34:00', 20 );
INSERT INTO "times" VALUES ( 20488, 12630, '19:32:00', '19:32:00', 20 );
INSERT INTO "times" VALUES ( 20488, 12640, '19:31:00', '19:31:00', 20 );
INSERT INTO "times" VALUES ( 20488, 12650, '19:29:00', '19:29:00', 20 );
INSERT INTO "times" VALUES ( 20488, 12660, NULL, '19:27:00', 20 );

INSERT INTO "dias" VALUES ( 20489, 100, FALSE, TRUE, 'R1902R', 11510, 12740 );
INSERT INTO "dias_line_groups" VALUES ( 20489, 10 );
INSERT INTO "times" VALUES ( 20489, 11510, NULL, '19:14:00', 10 );
INSERT INTO "times" VALUES ( 20489, 11520, '19:15:00', '19:15:00', 10 );
INSERT INTO "times" VALUES ( 20489, 11530, '19:17:00', '19:17:00', 10 );
INSERT INTO "times" VALUES ( 20489, 11540, '19:19:00', '19:19:00', 10 );
INSERT INTO "times" VALUES ( 20489, 12530, '19:21:00', '19:22:00', 20 );
INSERT INTO "times" VALUES ( 20489, 12540, '19:24:00', '19:31:00', 20 );
INSERT INTO "times" VALUES ( 20489, 12550, '19:33:00', '19:33:00', 20 );
INSERT INTO "times" VALUES ( 20489, 12560, '19:35:00', '19:35:00', 20 );
INSERT INTO "times" VALUES ( 20489, 12570, '19:36:00', '19:36:00', 20 );
INSERT INTO "times" VALUES ( 20489, 12580, '19:38:00', '19:38:00', 20 );
INSERT INTO "times" VALUES ( 20489, 12590, '19:39:00', '19:39:00', 20 );
INSERT INTO "times" VALUES ( 20489, 12600, '19:40:00', '19:40:00', 20 );
INSERT INTO "times" VALUES ( 20489, 12610, '19:42:00', '19:45:00', 20 );
INSERT INTO "times" VALUES ( 20489, 12620, '19:47:00', '19:47:00', 20 );
INSERT INTO "times" VALUES ( 20489, 12630, '19:48:00', '19:48:00', 20 );
INSERT INTO "times" VALUES ( 20489, 12640, '19:50:00', '19:50:00', 20 );
INSERT INTO "times" VALUES ( 20489, 12650, '19:52:00', '19:52:00', 20 );
INSERT INTO "times" VALUES ( 20489, 12660, '19:55:00', '19:55:00', 20 );
INSERT INTO "times" VALUES ( 20489, 12670, '19:58:00', '19:58:00', 20 );
INSERT INTO "times" VALUES ( 20489, 12680, '20:01:00', '20:01:00', 20 );
INSERT INTO "times" VALUES ( 20489, 12690, '20:02:00', '20:02:00', 20 );
INSERT INTO "times" VALUES ( 20489, 12700, '20:05:00', '20:05:00', 20 );
INSERT INTO "times" VALUES ( 20489, 12710, '20:07:00', '20:07:00', 20 );
INSERT INTO "times" VALUES ( 20489, 12720, '20:09:00', '20:09:00', 20 );
INSERT INTO "times" VALUES ( 20489, 12730, '20:11:00', '20:11:00', 20 );
INSERT INTO "times" VALUES ( 20489, 12740, '20:14:00', NULL, NULL );

INSERT INTO "dias" VALUES ( 20490, 100, FALSE, TRUE, 'R1903B', 12660, 11510 );
INSERT INTO "dias_line_groups" VALUES ( 20490, 10 );
INSERT INTO "times" VALUES ( 20490, 11510, '20:27:00', NULL, NULL );
INSERT INTO "times" VALUES ( 20490, 11520, '20:24:00', '20:24:00', 10 );
INSERT INTO "times" VALUES ( 20490, 11530, '20:23:00', '20:23:00', 10 );
INSERT INTO "times" VALUES ( 20490, 11540, '20:21:00', '20:21:00', 10 );
INSERT INTO "times" VALUES ( 20490, 12530, '20:20:00', '20:20:00', 10 );
INSERT INTO "times" VALUES ( 20490, 12540, '20:10:00', '20:17:00', 20 );
INSERT INTO "times" VALUES ( 20490, 12550, '20:08:00', '20:08:00', 20 );
INSERT INTO "times" VALUES ( 20490, 12560, '20:06:00', '20:06:00', 20 );
INSERT INTO "times" VALUES ( 20490, 12570, '20:04:00', '20:04:00', 20 );
INSERT INTO "times" VALUES ( 20490, 12580, '20:03:00', '20:03:00', 20 );
INSERT INTO "times" VALUES ( 20490, 12590, '20:02:00', '20:02:00', 20 );
INSERT INTO "times" VALUES ( 20490, 12600, '20:00:00', '20:00:00', 20 );
INSERT INTO "times" VALUES ( 20490, 12610, '19:56:00', '19:59:00', 20 );
INSERT INTO "times" VALUES ( 20490, 12620, '19:54:00', '19:54:00', 20 );
INSERT INTO "times" VALUES ( 20490, 12630, '19:52:00', '19:52:00', 20 );
INSERT INTO "times" VALUES ( 20490, 12640, '19:51:00', '19:51:00', 20 );
INSERT INTO "times" VALUES ( 20490, 12650, '19:49:00', '19:49:00', 20 );
INSERT INTO "times" VALUES ( 20490, 12660, NULL, '19:47:00', 20 );

INSERT INTO "dias" VALUES ( 20491, 100, FALSE, TRUE, 'R1904N', 11510, 12660 );
INSERT INTO "dias_line_groups" VALUES ( 20491, 10 );
INSERT INTO "times" VALUES ( 20491, 11510, NULL, '19:34:00', 10 );
INSERT INTO "times" VALUES ( 20491, 11520, '19:35:00', '19:35:00', 10 );
INSERT INTO "times" VALUES ( 20491, 11530, '19:37:00', '19:37:00', 10 );
INSERT INTO "times" VALUES ( 20491, 11540, '19:39:00', '19:39:00', 10 );
INSERT INTO "times" VALUES ( 20491, 12530, '19:41:00', '19:42:00', 20 );
INSERT INTO "times" VALUES ( 20491, 12540, '19:44:00', '19:51:00', 20 );
INSERT INTO "times" VALUES ( 20491, 12550, '19:53:00', '19:53:00', 20 );
INSERT INTO "times" VALUES ( 20491, 12560, '19:54:00', '19:54:00', 20 );
INSERT INTO "times" VALUES ( 20491, 12570, '19:56:00', '19:56:00', 20 );
INSERT INTO "times" VALUES ( 20491, 12580, '19:57:00', '19:57:00', 20 );
INSERT INTO "times" VALUES ( 20491, 12590, '19:59:00', '19:59:00', 20 );
INSERT INTO "times" VALUES ( 20491, 12600, '20:00:00', '20:00:00', 20 );
INSERT INTO "times" VALUES ( 20491, 12610, '20:02:00', '20:05:00', 20 );
INSERT INTO "times" VALUES ( 20491, 12620, '20:07:00', '20:07:00', 20 );
INSERT INTO "times" VALUES ( 20491, 12630, '20:08:00', '20:08:00', 20 );
INSERT INTO "times" VALUES ( 20491, 12640, '20:10:00', '20:10:00', 20 );
INSERT INTO "times" VALUES ( 20491, 12650, '20:12:00', '20:12:00', 20 );
INSERT INTO "times" VALUES ( 20491, 12660, '20:14:00', NULL, NULL );

INSERT INTO "dias" VALUES ( 20492, 100, FALSE, TRUE, 'R1906R', 11510, 12740 );
INSERT INTO "dias_line_groups" VALUES ( 20492, 10 );
INSERT INTO "times" VALUES ( 20492, 11510, NULL, '19:54:00', 10 );
INSERT INTO "times" VALUES ( 20492, 11520, '19:55:00', '19:55:00', 10 );
INSERT INTO "times" VALUES ( 20492, 11530, '19:57:00', '19:57:00', 10 );
INSERT INTO "times" VALUES ( 20492, 11540, '19:59:00', '19:59:00', 10 );
INSERT INTO "times" VALUES ( 20492, 12530, '20:01:00', '20:02:00', 20 );
INSERT INTO "times" VALUES ( 20492, 12540, '20:04:00', '20:10:00', 20 );
INSERT INTO "times" VALUES ( 20492, 12550, '20:13:00', '20:13:00', 20 );
INSERT INTO "times" VALUES ( 20492, 12560, '20:14:00', '20:14:00', 20 );
INSERT INTO "times" VALUES ( 20492, 12570, '20:16:00', '20:16:00', 20 );
INSERT INTO "times" VALUES ( 20492, 12580, '20:17:00', '20:17:00', 20 );
INSERT INTO "times" VALUES ( 20492, 12590, '20:19:00', '20:19:00', 20 );
INSERT INTO "times" VALUES ( 20492, 12600, '20:20:00', '20:20:00', 20 );
INSERT INTO "times" VALUES ( 20492, 12610, '20:22:00', '20:25:00', 20 );
INSERT INTO "times" VALUES ( 20492, 12620, '20:27:00', '20:27:00', 20 );
INSERT INTO "times" VALUES ( 20492, 12630, '20:28:00', '20:28:00', 20 );
INSERT INTO "times" VALUES ( 20492, 12640, '20:30:00', '20:30:00', 20 );
INSERT INTO "times" VALUES ( 20492, 12650, '20:32:00', '20:32:00', 20 );
INSERT INTO "times" VALUES ( 20492, 12660, '20:34:00', '20:35:00', 20 );
INSERT INTO "times" VALUES ( 20492, 12670, '20:38:00', '20:38:00', 20 );
INSERT INTO "times" VALUES ( 20492, 12680, '20:41:00', '20:41:00', 20 );
INSERT INTO "times" VALUES ( 20492, 12690, '20:43:00', '20:43:00', 20 );
INSERT INTO "times" VALUES ( 20492, 12700, '20:45:00', '20:45:00', 20 );
INSERT INTO "times" VALUES ( 20492, 12710, '20:48:00', '20:48:00', 20 );
INSERT INTO "times" VALUES ( 20492, 12720, '20:50:00', '20:50:00', 20 );
INSERT INTO "times" VALUES ( 20492, 12730, '20:52:00', '20:52:00', 20 );
INSERT INTO "times" VALUES ( 20492, 12740, '20:55:00', NULL, NULL );

INSERT INTO "dias" VALUES ( 20493, 100, FALSE, TRUE, 'R2000N', 11510, 12660 );
INSERT INTO "dias_line_groups" VALUES ( 20493, 10 );
INSERT INTO "times" VALUES ( 20493, 11510, NULL, '20:04:00', 10 );
INSERT INTO "times" VALUES ( 20493, 11520, '20:05:00', '20:05:00', 10 );
INSERT INTO "times" VALUES ( 20493, 11530, '20:07:00', '20:07:00', 10 );
INSERT INTO "times" VALUES ( 20493, 11540, '20:09:00', '20:09:00', 10 );
INSERT INTO "times" VALUES ( 20493, 12530, '20:11:00', '20:12:00', 20 );
INSERT INTO "times" VALUES ( 20493, 12540, '20:14:00', '20:20:00', 20 );
INSERT INTO "times" VALUES ( 20493, 12550, '20:23:00', '20:23:00', 20 );
INSERT INTO "times" VALUES ( 20493, 12560, '20:24:00', '20:24:00', 20 );
INSERT INTO "times" VALUES ( 20493, 12570, '20:26:00', '20:26:00', 20 );
INSERT INTO "times" VALUES ( 20493, 12580, '20:27:00', '20:27:00', 20 );
INSERT INTO "times" VALUES ( 20493, 12590, '20:29:00', '20:29:00', 20 );
INSERT INTO "times" VALUES ( 20493, 12600, '20:30:00', '20:30:00', 20 );
INSERT INTO "times" VALUES ( 20493, 12610, '20:32:00', '20:35:00', 20 );
INSERT INTO "times" VALUES ( 20493, 12620, '20:37:00', '20:37:00', 20 );
INSERT INTO "times" VALUES ( 20493, 12630, '20:38:00', '20:38:00', 20 );
INSERT INTO "times" VALUES ( 20493, 12640, '20:40:00', '20:40:00', 20 );
INSERT INTO "times" VALUES ( 20493, 12650, '20:42:00', '20:42:00', 20 );
INSERT INTO "times" VALUES ( 20493, 12660, '20:44:00', NULL, NULL );

INSERT INTO "dias" VALUES ( 20494, 100, FALSE, TRUE, 'R2001B', 12660, 11510 );
INSERT INTO "dias_line_groups" VALUES ( 20494, 10 );
INSERT INTO "times" VALUES ( 20494, 11510, '20:47:00', NULL, NULL );
INSERT INTO "times" VALUES ( 20494, 11520, '20:44:00', '20:44:00', 10 );
INSERT INTO "times" VALUES ( 20494, 11530, '20:43:00', '20:43:00', 10 );
INSERT INTO "times" VALUES ( 20494, 11540, '20:41:00', '20:41:00', 10 );
INSERT INTO "times" VALUES ( 20494, 12530, '20:40:00', '20:40:00', 10 );
INSERT INTO "times" VALUES ( 20494, 12540, '20:30:00', '20:37:00', 20 );
INSERT INTO "times" VALUES ( 20494, 12550, '20:28:00', '20:28:00', 20 );
INSERT INTO "times" VALUES ( 20494, 12560, '20:26:00', '20:26:00', 20 );
INSERT INTO "times" VALUES ( 20494, 12570, '20:24:00', '20:24:00', 20 );
INSERT INTO "times" VALUES ( 20494, 12580, '20:23:00', '20:23:00', 20 );
INSERT INTO "times" VALUES ( 20494, 12590, '20:22:00', '20:22:00', 20 );
INSERT INTO "times" VALUES ( 20494, 12600, '20:20:00', '20:20:00', 20 );
INSERT INTO "times" VALUES ( 20494, 12610, '20:16:00', '20:19:00', 20 );
INSERT INTO "times" VALUES ( 20494, 12620, '20:14:00', '20:14:00', 20 );
INSERT INTO "times" VALUES ( 20494, 12630, '20:12:00', '20:12:00', 20 );
INSERT INTO "times" VALUES ( 20494, 12640, '20:11:00', '20:11:00', 20 );
INSERT INTO "times" VALUES ( 20494, 12650, '20:09:00', '20:09:00', 20 );
INSERT INTO "times" VALUES ( 20494, 12660, NULL, '20:07:00', 20 );

INSERT INTO "dias" VALUES ( 20495, 100, FALSE, TRUE, 'R2002N', 11510, 12660 );
INSERT INTO "dias_line_groups" VALUES ( 20495, 10 );
INSERT INTO "times" VALUES ( 20495, 11510, NULL, '20:24:00', 10 );
INSERT INTO "times" VALUES ( 20495, 11520, '20:25:00', '20:25:00', 10 );
INSERT INTO "times" VALUES ( 20495, 11530, '20:27:00', '20:27:00', 10 );
INSERT INTO "times" VALUES ( 20495, 11540, '20:29:00', '20:29:00', 10 );
INSERT INTO "times" VALUES ( 20495, 12530, '20:31:00', '20:32:00', 20 );
INSERT INTO "times" VALUES ( 20495, 12540, '20:34:00', '20:40:00', 20 );
INSERT INTO "times" VALUES ( 20495, 12550, '20:43:00', '20:43:00', 20 );
INSERT INTO "times" VALUES ( 20495, 12560, '20:44:00', '20:44:00', 20 );
INSERT INTO "times" VALUES ( 20495, 12570, '20:46:00', '20:46:00', 20 );
INSERT INTO "times" VALUES ( 20495, 12580, '20:47:00', '20:47:00', 20 );
INSERT INTO "times" VALUES ( 20495, 12590, '20:49:00', '20:49:00', 20 );
INSERT INTO "times" VALUES ( 20495, 12600, '20:50:00', '20:50:00', 20 );
INSERT INTO "times" VALUES ( 20495, 12610, '20:52:00', '20:55:00', 20 );
INSERT INTO "times" VALUES ( 20495, 12620, '20:56:00', '20:56:00', 20 );
INSERT INTO "times" VALUES ( 20495, 12630, '20:58:00', '20:58:00', 20 );
INSERT INTO "times" VALUES ( 20495, 12640, '20:59:00', '20:59:00', 20 );
INSERT INTO "times" VALUES ( 20495, 12650, '21:01:00', '21:01:00', 20 );
INSERT INTO "times" VALUES ( 20495, 12660, '21:03:00', NULL, NULL );

INSERT INTO "dias" VALUES ( 20496, 100, FALSE, TRUE, 'R2003B', 12660, 11510 );
INSERT INTO "dias_line_groups" VALUES ( 20496, 10 );
INSERT INTO "times" VALUES ( 20496, 11510, '20:57:00', NULL, NULL );
INSERT INTO "times" VALUES ( 20496, 11520, '20:54:00', '20:54:00', 10 );
INSERT INTO "times" VALUES ( 20496, 11530, '20:53:00', '20:53:00', 10 );
INSERT INTO "times" VALUES ( 20496, 11540, '20:51:00', '20:51:00', 10 );
INSERT INTO "times" VALUES ( 20496, 12530, '20:50:00', '20:50:00', 10 );
INSERT INTO "times" VALUES ( 20496, 12540, '20:40:00', '20:47:00', 20 );
INSERT INTO "times" VALUES ( 20496, 12550, '20:37:00', '20:37:00', 20 );
INSERT INTO "times" VALUES ( 20496, 12560, '20:36:00', '20:36:00', 20 );
INSERT INTO "times" VALUES ( 20496, 12570, '20:34:00', '20:34:00', 20 );
INSERT INTO "times" VALUES ( 20496, 12580, '20:33:00', '20:33:00', 20 );
INSERT INTO "times" VALUES ( 20496, 12590, '20:31:00', '20:31:00', 20 );
INSERT INTO "times" VALUES ( 20496, 12600, '20:30:00', '20:30:00', 20 );
INSERT INTO "times" VALUES ( 20496, 12610, '20:26:00', '20:29:00', 20 );
INSERT INTO "times" VALUES ( 20496, 12620, '20:24:00', '20:24:00', 20 );
INSERT INTO "times" VALUES ( 20496, 12630, '20:22:00', '20:22:00', 20 );
INSERT INTO "times" VALUES ( 20496, 12640, '20:21:00', '20:21:00', 20 );
INSERT INTO "times" VALUES ( 20496, 12650, '20:19:00', '20:19:00', 20 );
INSERT INTO "times" VALUES ( 20496, 12660, NULL, '20:17:00', 20 );

INSERT INTO "dias" VALUES ( 20497, 100, FALSE, TRUE, 'R2004N', 11510, 12660 );
INSERT INTO "dias_line_groups" VALUES ( 20497, 10 );
INSERT INTO "times" VALUES ( 20497, 11510, NULL, '20:44:00', 10 );
INSERT INTO "times" VALUES ( 20497, 11520, '20:45:00', '20:45:00', 10 );
INSERT INTO "times" VALUES ( 20497, 11530, '20:47:00', '20:47:00', 10 );
INSERT INTO "times" VALUES ( 20497, 11540, '20:49:00', '20:49:00', 10 );
INSERT INTO "times" VALUES ( 20497, 12530, '20:51:00', '20:52:00', 20 );
INSERT INTO "times" VALUES ( 20497, 12540, '20:54:00', '21:01:00', 20 );
INSERT INTO "times" VALUES ( 20497, 12550, '21:03:00', '21:03:00', 20 );
INSERT INTO "times" VALUES ( 20497, 12560, '21:05:00', '21:05:00', 20 );
INSERT INTO "times" VALUES ( 20497, 12570, '21:07:00', '21:07:00', 20 );
INSERT INTO "times" VALUES ( 20497, 12580, '21:08:00', '21:08:00', 20 );
INSERT INTO "times" VALUES ( 20497, 12590, '21:10:00', '21:10:00', 20 );
INSERT INTO "times" VALUES ( 20497, 12600, '21:11:00', '21:11:00', 20 );
INSERT INTO "times" VALUES ( 20497, 12610, '21:13:00', '21:17:00', 20 );
INSERT INTO "times" VALUES ( 20497, 12620, '21:18:00', '21:18:00', 20 );
INSERT INTO "times" VALUES ( 20497, 12630, '21:20:00', '21:20:00', 20 );
INSERT INTO "times" VALUES ( 20497, 12640, '21:21:00', '21:21:00', 20 );
INSERT INTO "times" VALUES ( 20497, 12650, '21:23:00', '21:23:00', 20 );
INSERT INTO "times" VALUES ( 20497, 12660, '21:25:00', NULL, NULL );

INSERT INTO "dias" VALUES ( 20498, 100, FALSE, TRUE, 'R2005B', 12660, 11510 );
INSERT INTO "dias_line_groups" VALUES ( 20498, 10 );
INSERT INTO "times" VALUES ( 20498, 11510, '21:14:00', NULL, NULL );
INSERT INTO "times" VALUES ( 20498, 11520, '21:12:00', '21:12:00', 10 );
INSERT INTO "times" VALUES ( 20498, 11530, '21:10:00', '21:10:00', 10 );
INSERT INTO "times" VALUES ( 20498, 11540, '21:09:00', '21:09:00', 10 );
INSERT INTO "times" VALUES ( 20498, 12530, '21:07:00', '21:07:00', 10 );
INSERT INTO "times" VALUES ( 20498, 12540, '21:00:00', '21:04:00', 20 );
INSERT INTO "times" VALUES ( 20498, 12550, '20:57:00', '20:57:00', 20 );
INSERT INTO "times" VALUES ( 20498, 12560, '20:56:00', '20:56:00', 20 );
INSERT INTO "times" VALUES ( 20498, 12570, '20:54:00', '20:54:00', 20 );
INSERT INTO "times" VALUES ( 20498, 12580, '20:52:00', '20:52:00', 20 );
INSERT INTO "times" VALUES ( 20498, 12590, '20:51:00', '20:51:00', 20 );
INSERT INTO "times" VALUES ( 20498, 12600, '20:50:00', '20:50:00', 20 );
INSERT INTO "times" VALUES ( 20498, 12610, '20:46:00', '20:49:00', 20 );
INSERT INTO "times" VALUES ( 20498, 12620, '20:44:00', '20:44:00', 20 );
INSERT INTO "times" VALUES ( 20498, 12630, '20:42:00', '20:42:00', 20 );
INSERT INTO "times" VALUES ( 20498, 12640, '20:41:00', '20:41:00', 20 );
INSERT INTO "times" VALUES ( 20498, 12650, '20:39:00', '20:39:00', 20 );
INSERT INTO "times" VALUES ( 20498, 12660, NULL, '20:37:00', 20 );

INSERT INTO "dias" VALUES ( 20499, 100, FALSE, TRUE, 'R2007B', 12660, 11510 );
INSERT INTO "dias_line_groups" VALUES ( 20499, 10 );
INSERT INTO "times" VALUES ( 20499, 11510, '21:33:00', NULL, NULL );
INSERT INTO "times" VALUES ( 20499, 11520, '21:31:00', '21:31:00', 10 );
INSERT INTO "times" VALUES ( 20499, 11530, '21:29:00', '21:29:00', 10 );
INSERT INTO "times" VALUES ( 20499, 11540, '21:27:00', '21:27:00', 10 );
INSERT INTO "times" VALUES ( 20499, 12530, '21:26:00', '21:26:00', 10 );
INSERT INTO "times" VALUES ( 20499, 12540, '21:18:00', '21:23:00', 20 );
INSERT INTO "times" VALUES ( 20499, 12550, '21:15:00', '21:15:00', 20 );
INSERT INTO "times" VALUES ( 20499, 12560, '21:14:00', '21:14:00', 20 );
INSERT INTO "times" VALUES ( 20499, 12570, '21:12:00', '21:12:00', 20 );
INSERT INTO "times" VALUES ( 20499, 12580, '21:11:00', '21:11:00', 20 );
INSERT INTO "times" VALUES ( 20499, 12590, '21:09:00', '21:09:00', 20 );
INSERT INTO "times" VALUES ( 20499, 12600, '21:08:00', '21:08:00', 20 );
INSERT INTO "times" VALUES ( 20499, 12610, '21:03:00', '21:07:00', 20 );
INSERT INTO "times" VALUES ( 20499, 12620, '21:01:00', '21:01:00', 20 );
INSERT INTO "times" VALUES ( 20499, 12630, '20:59:00', '20:59:00', 20 );
INSERT INTO "times" VALUES ( 20499, 12640, '20:58:00', '20:58:00', 20 );
INSERT INTO "times" VALUES ( 20499, 12650, '20:56:00', '20:56:00', 20 );
INSERT INTO "times" VALUES ( 20499, 12660, NULL, '20:54:00', 20 );

INSERT INTO "dias" VALUES ( 20500, 100, FALSE, TRUE, 'R2100N', 11510, 12660 );
INSERT INTO "dias_line_groups" VALUES ( 20500, 10 );
INSERT INTO "times" VALUES ( 20500, 11510, NULL, '21:07:00', 10 );
INSERT INTO "times" VALUES ( 20500, 11520, '21:08:00', '21:08:00', 10 );
INSERT INTO "times" VALUES ( 20500, 11530, '21:10:00', '21:10:00', 10 );
INSERT INTO "times" VALUES ( 20500, 11540, '21:12:00', '21:12:00', 10 );
INSERT INTO "times" VALUES ( 20500, 12530, '21:14:00', '21:14:00', 20 );
INSERT INTO "times" VALUES ( 20500, 12540, '21:17:00', '21:21:00', 20 );
INSERT INTO "times" VALUES ( 20500, 12550, '21:23:00', '21:23:00', 20 );
INSERT INTO "times" VALUES ( 20500, 12560, '21:25:00', '21:25:00', 20 );
INSERT INTO "times" VALUES ( 20500, 12570, '21:26:00', '21:26:00', 20 );
INSERT INTO "times" VALUES ( 20500, 12580, '21:28:00', '21:28:00', 20 );
INSERT INTO "times" VALUES ( 20500, 12590, '21:30:00', '21:30:00', 20 );
INSERT INTO "times" VALUES ( 20500, 12600, '21:31:00', '21:31:00', 20 );
INSERT INTO "times" VALUES ( 20500, 12610, '21:33:00', '21:37:00', 20 );
INSERT INTO "times" VALUES ( 20500, 12620, '21:38:00', '21:38:00', 20 );
INSERT INTO "times" VALUES ( 20500, 12630, '21:40:00', '21:40:00', 20 );
INSERT INTO "times" VALUES ( 20500, 12640, '21:41:00', '21:41:00', 20 );
INSERT INTO "times" VALUES ( 20500, 12650, '21:43:00', '21:43:00', 20 );
INSERT INTO "times" VALUES ( 20500, 12660, '21:45:00', NULL, NULL );

INSERT INTO "dias" VALUES ( 20501, 100, FALSE, TRUE, 'R2101B', 12660, 11510 );
INSERT INTO "dias_line_groups" VALUES ( 20501, 10 );
INSERT INTO "times" VALUES ( 20501, 11510, '21:53:00', NULL, NULL );
INSERT INTO "times" VALUES ( 20501, 11520, '21:51:00', '21:51:00', 10 );
INSERT INTO "times" VALUES ( 20501, 11530, '21:49:00', '21:49:00', 10 );
INSERT INTO "times" VALUES ( 20501, 11540, '21:47:00', '21:47:00', 10 );
INSERT INTO "times" VALUES ( 20501, 12530, '21:46:00', '21:46:00', 10 );
INSERT INTO "times" VALUES ( 20501, 12540, '21:38:00', '21:43:00', 20 );
INSERT INTO "times" VALUES ( 20501, 12550, '21:35:00', '21:35:00', 20 );
INSERT INTO "times" VALUES ( 20501, 12560, '21:34:00', '21:34:00', 20 );
INSERT INTO "times" VALUES ( 20501, 12570, '21:32:00', '21:32:00', 20 );
INSERT INTO "times" VALUES ( 20501, 12580, '21:31:00', '21:31:00', 20 );
INSERT INTO "times" VALUES ( 20501, 12590, '21:29:00', '21:29:00', 20 );
INSERT INTO "times" VALUES ( 20501, 12600, '21:28:00', '21:28:00', 20 );
INSERT INTO "times" VALUES ( 20501, 12610, '21:23:00', '21:27:00', 20 );
INSERT INTO "times" VALUES ( 20501, 12620, '21:21:00', '21:21:00', 20 );
INSERT INTO "times" VALUES ( 20501, 12630, '21:19:00', '21:19:00', 20 );
INSERT INTO "times" VALUES ( 20501, 12640, '21:18:00', '21:18:00', 20 );
INSERT INTO "times" VALUES ( 20501, 12650, '21:16:00', '21:16:00', 20 );
INSERT INTO "times" VALUES ( 20501, 12660, NULL, '21:14:00', 20 );

INSERT INTO "dias" VALUES ( 20502, 100, FALSE, TRUE, 'R2102N', 11510, 12660 );
INSERT INTO "dias_line_groups" VALUES ( 20502, 10 );
INSERT INTO "times" VALUES ( 20502, 11510, NULL, '21:27:00', 10 );
INSERT INTO "times" VALUES ( 20502, 11520, '21:29:00', '21:29:00', 10 );
INSERT INTO "times" VALUES ( 20502, 11530, '21:30:00', '21:30:00', 10 );
INSERT INTO "times" VALUES ( 20502, 11540, '21:32:00', '21:32:00', 10 );
INSERT INTO "times" VALUES ( 20502, 12530, '21:34:00', '21:34:00', 20 );
INSERT INTO "times" VALUES ( 20502, 12540, '21:37:00', '21:41:00', 20 );
INSERT INTO "times" VALUES ( 20502, 12550, '21:43:00', '21:43:00', 20 );
INSERT INTO "times" VALUES ( 20502, 12560, '21:45:00', '21:45:00', 20 );
INSERT INTO "times" VALUES ( 20502, 12570, '21:46:00', '21:46:00', 20 );
INSERT INTO "times" VALUES ( 20502, 12580, '21:48:00', '21:48:00', 20 );
INSERT INTO "times" VALUES ( 20502, 12590, '21:50:00', '21:50:00', 20 );
INSERT INTO "times" VALUES ( 20502, 12600, '21:51:00', '21:51:00', 20 );
INSERT INTO "times" VALUES ( 20502, 12610, '21:53:00', '21:56:00', 20 );
INSERT INTO "times" VALUES ( 20502, 12620, '21:58:00', '21:58:00', 20 );
INSERT INTO "times" VALUES ( 20502, 12630, '21:59:00', '21:59:00', 20 );
INSERT INTO "times" VALUES ( 20502, 12640, '22:01:00', '22:01:00', 20 );
INSERT INTO "times" VALUES ( 20502, 12650, '22:03:00', '22:03:00', 20 );
INSERT INTO "times" VALUES ( 20502, 12660, '22:05:00', NULL, NULL );

INSERT INTO "dias" VALUES ( 20503, 100, FALSE, TRUE, 'R2103A', 12660, 12510 );
INSERT INTO "dias_line_groups" VALUES ( 20503, 10 );
INSERT INTO "times" VALUES ( 20503, 12510, '22:05:00', NULL, NULL );
INSERT INTO "times" VALUES ( 20503, 12520, '22:03:00', '22:03:00', 20 );
INSERT INTO "times" VALUES ( 20503, 12530, '22:01:00', '22:01:00', 20 );
INSERT INTO "times" VALUES ( 20503, 12540, '21:57:00', '21:58:00', 20 );
INSERT INTO "times" VALUES ( 20503, 12550, '21:54:00', '21:54:00', 20 );
INSERT INTO "times" VALUES ( 20503, 12560, '21:53:00', '21:53:00', 20 );
INSERT INTO "times" VALUES ( 20503, 12570, '21:51:00', '21:51:00', 20 );
INSERT INTO "times" VALUES ( 20503, 12580, '21:50:00', '21:50:00', 20 );
INSERT INTO "times" VALUES ( 20503, 12590, '21:48:00', '21:48:00', 20 );
INSERT INTO "times" VALUES ( 20503, 12600, '21:47:00', '21:47:00', 20 );
INSERT INTO "times" VALUES ( 20503, 12610, '21:42:00', '21:46:00', 20 );
INSERT INTO "times" VALUES ( 20503, 12620, '21:40:00', '21:40:00', 20 );
INSERT INTO "times" VALUES ( 20503, 12630, '21:38:00', '21:38:00', 20 );
INSERT INTO "times" VALUES ( 20503, 12640, '21:37:00', '21:37:00', 20 );
INSERT INTO "times" VALUES ( 20503, 12650, '21:35:00', '21:35:00', 20 );
INSERT INTO "times" VALUES ( 20503, 12660, NULL, '21:33:00', 20 );

INSERT INTO "dias" VALUES ( 20504, 100, FALSE, TRUE, 'R2104N', 11510, 12660 );
INSERT INTO "dias_line_groups" VALUES ( 20504, 10 );
INSERT INTO "times" VALUES ( 20504, 11510, NULL, '21:47:00', 10 );
INSERT INTO "times" VALUES ( 20504, 11520, '21:49:00', '21:49:00', 10 );
INSERT INTO "times" VALUES ( 20504, 11530, '21:50:00', '21:50:00', 10 );
INSERT INTO "times" VALUES ( 20504, 11540, '21:52:00', '21:52:00', 10 );
INSERT INTO "times" VALUES ( 20504, 12530, '21:54:00', '21:54:00', 20 );
INSERT INTO "times" VALUES ( 20504, 12540, '21:57:00', '22:01:00', 20 );
INSERT INTO "times" VALUES ( 20504, 12550, '22:03:00', '22:03:00', 20 );
INSERT INTO "times" VALUES ( 20504, 12560, '22:05:00', '22:05:00', 20 );
INSERT INTO "times" VALUES ( 20504, 12570, '22:06:00', '22:06:00', 20 );
INSERT INTO "times" VALUES ( 20504, 12580, '22:08:00', '22:08:00', 20 );
INSERT INTO "times" VALUES ( 20504, 12590, '22:10:00', '22:10:00', 20 );
INSERT INTO "times" VALUES ( 20504, 12600, '22:11:00', '22:11:00', 20 );
INSERT INTO "times" VALUES ( 20504, 12610, '22:13:00', '22:16:00', 20 );
INSERT INTO "times" VALUES ( 20504, 12620, '22:17:00', '22:17:00', 20 );
INSERT INTO "times" VALUES ( 20504, 12630, '22:19:00', '22:19:00', 20 );
INSERT INTO "times" VALUES ( 20504, 12640, '22:20:00', '22:20:00', 20 );
INSERT INTO "times" VALUES ( 20504, 12650, '22:22:00', '22:22:00', 20 );
INSERT INTO "times" VALUES ( 20504, 12660, '22:24:00', NULL, NULL );

INSERT INTO "dias" VALUES ( 20505, 100, FALSE, TRUE, 'R2105A', 12660, 12510 );
INSERT INTO "dias_line_groups" VALUES ( 20505, 10 );
INSERT INTO "times" VALUES ( 20505, 12510, '22:25:00', NULL, NULL );
INSERT INTO "times" VALUES ( 20505, 12520, '22:23:00', '22:23:00', 20 );
INSERT INTO "times" VALUES ( 20505, 12530, '22:21:00', '22:21:00', 20 );
INSERT INTO "times" VALUES ( 20505, 12540, '22:17:00', '22:18:00', 20 );
INSERT INTO "times" VALUES ( 20505, 12550, '22:14:00', '22:14:00', 20 );
INSERT INTO "times" VALUES ( 20505, 12560, '22:13:00', '22:13:00', 20 );
INSERT INTO "times" VALUES ( 20505, 12570, '22:11:00', '22:11:00', 20 );
INSERT INTO "times" VALUES ( 20505, 12580, '22:09:00', '22:09:00', 20 );
INSERT INTO "times" VALUES ( 20505, 12590, '22:08:00', '22:08:00', 20 );
INSERT INTO "times" VALUES ( 20505, 12600, '22:07:00', '22:07:00', 20 );
INSERT INTO "times" VALUES ( 20505, 12610, '22:02:00', '22:06:00', 20 );
INSERT INTO "times" VALUES ( 20505, 12620, '22:00:00', '22:00:00', 20 );
INSERT INTO "times" VALUES ( 20505, 12630, '21:58:00', '21:58:00', 20 );
INSERT INTO "times" VALUES ( 20505, 12640, '21:57:00', '21:57:00', 20 );
INSERT INTO "times" VALUES ( 20505, 12650, '21:55:00', '21:55:00', 20 );
INSERT INTO "times" VALUES ( 20505, 12660, NULL, '21:53:00', 20 );

INSERT INTO "dias" VALUES ( 20506, 100, FALSE, TRUE, 'R2200N', 11510, 12660 );
INSERT INTO "dias_line_groups" VALUES ( 20506, 10 );
INSERT INTO "times" VALUES ( 20506, 11510, NULL, '22:12:00', 10 );
INSERT INTO "times" VALUES ( 20506, 11520, '22:13:00', '22:13:00', 10 );
INSERT INTO "times" VALUES ( 20506, 11530, '22:15:00', '22:15:00', 10 );
INSERT INTO "times" VALUES ( 20506, 11540, '22:17:00', '22:17:00', 10 );
INSERT INTO "times" VALUES ( 20506, 12530, '22:19:00', '22:19:00', 20 );
INSERT INTO "times" VALUES ( 20506, 12540, '22:22:00', '22:22:00', 20 );
INSERT INTO "times" VALUES ( 20506, 12550, '22:24:00', '22:24:00', 20 );
INSERT INTO "times" VALUES ( 20506, 12560, '22:26:00', '22:26:00', 20 );
INSERT INTO "times" VALUES ( 20506, 12570, '22:27:00', '22:27:00', 20 );
INSERT INTO "times" VALUES ( 20506, 12580, '22:29:00', '22:29:00', 20 );
INSERT INTO "times" VALUES ( 20506, 12590, '22:30:00', '22:30:00', 20 );
INSERT INTO "times" VALUES ( 20506, 12600, '22:31:00', '22:31:00', 20 );
INSERT INTO "times" VALUES ( 20506, 12610, '22:33:00', '22:36:00', 20 );
INSERT INTO "times" VALUES ( 20506, 12620, '22:37:00', '22:37:00', 20 );
INSERT INTO "times" VALUES ( 20506, 12630, '22:39:00', '22:39:00', 20 );
INSERT INTO "times" VALUES ( 20506, 12640, '22:40:00', '22:40:00', 20 );
INSERT INTO "times" VALUES ( 20506, 12650, '22:42:00', '22:42:00', 20 );
INSERT INTO "times" VALUES ( 20506, 12660, '22:44:00', NULL, NULL );

INSERT INTO "dias" VALUES ( 20507, 100, FALSE, TRUE, 'R2201B', 12660, 11510 );
INSERT INTO "dias_line_groups" VALUES ( 20507, 10 );
INSERT INTO "times" VALUES ( 20507, 11510, '22:48:00', NULL, NULL );
INSERT INTO "times" VALUES ( 20507, 11520, '22:45:00', '22:45:00', 10 );
INSERT INTO "times" VALUES ( 20507, 11530, '22:44:00', '22:44:00', 10 );
INSERT INTO "times" VALUES ( 20507, 11540, '22:42:00', '22:42:00', 10 );
INSERT INTO "times" VALUES ( 20507, 12530, '22:40:00', '22:40:00', 10 );
INSERT INTO "times" VALUES ( 20507, 12540, '22:38:00', '22:38:00', 20 );
INSERT INTO "times" VALUES ( 20507, 12550, '22:34:00', '22:34:00', 20 );
INSERT INTO "times" VALUES ( 20507, 12560, '22:33:00', '22:33:00', 20 );
INSERT INTO "times" VALUES ( 20507, 12570, '22:31:00', '22:31:00', 20 );
INSERT INTO "times" VALUES ( 20507, 12580, '22:30:00', '22:30:00', 20 );
INSERT INTO "times" VALUES ( 20507, 12590, '22:28:00', '22:28:00', 20 );
INSERT INTO "times" VALUES ( 20507, 12600, '22:27:00', '22:27:00', 20 );
INSERT INTO "times" VALUES ( 20507, 12610, '22:23:00', '22:26:00', 20 );
INSERT INTO "times" VALUES ( 20507, 12620, '22:20:00', '22:20:00', 20 );
INSERT INTO "times" VALUES ( 20507, 12630, '22:19:00', '22:19:00', 20 );
INSERT INTO "times" VALUES ( 20507, 12640, '22:17:00', '22:17:00', 20 );
INSERT INTO "times" VALUES ( 20507, 12650, '22:15:00', '22:15:00', 20 );
INSERT INTO "times" VALUES ( 20507, 12660, NULL, '22:14:00', 20 );

INSERT INTO "dias" VALUES ( 20508, 100, FALSE, TRUE, 'R2202N', 12510, 12660 );
INSERT INTO "dias_line_groups" VALUES ( 20508, 10 );
INSERT INTO "times" VALUES ( 20508, 12510, NULL, '22:25:00', 20 );
INSERT INTO "times" VALUES ( 20508, 12520, '22:26:00', '22:26:00', 20 );
INSERT INTO "times" VALUES ( 20508, 12530, '22:28:00', '22:28:00', 20 );
INSERT INTO "times" VALUES ( 20508, 12540, '22:31:00', '22:31:00', 20 );
INSERT INTO "times" VALUES ( 20508, 12550, '22:34:00', '22:34:00', 20 );
INSERT INTO "times" VALUES ( 20508, 12560, '22:35:00', '22:35:00', 20 );
INSERT INTO "times" VALUES ( 20508, 12570, '22:37:00', '22:37:00', 20 );
INSERT INTO "times" VALUES ( 20508, 12580, '22:38:00', '22:38:00', 20 );
INSERT INTO "times" VALUES ( 20508, 12590, '22:40:00', '22:40:00', 20 );
INSERT INTO "times" VALUES ( 20508, 12600, '22:41:00', '22:41:00', 20 );
INSERT INTO "times" VALUES ( 20508, 12610, '22:43:00', '22:45:00', 20 );
INSERT INTO "times" VALUES ( 20508, 12620, '22:46:00', '22:46:00', 20 );
INSERT INTO "times" VALUES ( 20508, 12630, '22:48:00', '22:48:00', 20 );
INSERT INTO "times" VALUES ( 20508, 12640, '22:49:00', '22:49:00', 20 );
INSERT INTO "times" VALUES ( 20508, 12650, '22:51:00', '22:51:00', 20 );
INSERT INTO "times" VALUES ( 20508, 12660, '22:53:00', NULL, NULL );

INSERT INTO "dias" VALUES ( 20509, 100, FALSE, TRUE, 'R2203B', 12660, 11510 );
INSERT INTO "dias_line_groups" VALUES ( 20509, 10 );
INSERT INTO "times" VALUES ( 20509, 11510, '23:06:00', NULL, NULL );
INSERT INTO "times" VALUES ( 20509, 11520, '23:04:00', '23:04:00', 10 );
INSERT INTO "times" VALUES ( 20509, 11530, '23:02:00', '23:02:00', 10 );
INSERT INTO "times" VALUES ( 20509, 11540, '23:01:00', '23:01:00', 10 );
INSERT INTO "times" VALUES ( 20509, 12530, '22:59:00', '22:59:00', 10 );
INSERT INTO "times" VALUES ( 20509, 12540, '22:54:00', '22:56:00', 20 );
INSERT INTO "times" VALUES ( 20509, 12550, '22:51:00', '22:51:00', 20 );
INSERT INTO "times" VALUES ( 20509, 12560, '22:50:00', '22:50:00', 20 );
INSERT INTO "times" VALUES ( 20509, 12570, '22:48:00', '22:48:00', 20 );
INSERT INTO "times" VALUES ( 20509, 12580, '22:47:00', '22:47:00', 20 );
INSERT INTO "times" VALUES ( 20509, 12590, '22:46:00', '22:46:00', 20 );
INSERT INTO "times" VALUES ( 20509, 12600, '22:44:00', '22:44:00', 20 );
INSERT INTO "times" VALUES ( 20509, 12610, '22:42:00', '22:43:00', 20 );
INSERT INTO "times" VALUES ( 20509, 12620, '22:40:00', '22:40:00', 20 );
INSERT INTO "times" VALUES ( 20509, 12630, '22:38:00', '22:38:00', 20 );
INSERT INTO "times" VALUES ( 20509, 12640, '22:36:00', '22:36:00', 20 );
INSERT INTO "times" VALUES ( 20509, 12650, '22:35:00', '22:35:00', 20 );
INSERT INTO "times" VALUES ( 20509, 12660, NULL, '22:33:00', 20 );

INSERT INTO "dias" VALUES ( 20510, 100, FALSE, TRUE, 'R2204N', 11510, 12660 );
INSERT INTO "dias_line_groups" VALUES ( 20510, 10 );
INSERT INTO "times" VALUES ( 20510, 11510, NULL, '22:26:00', 10 );
INSERT INTO "times" VALUES ( 20510, 11520, '22:28:00', '22:28:00', 10 );
INSERT INTO "times" VALUES ( 20510, 11530, '22:29:00', '22:29:00', 10 );
INSERT INTO "times" VALUES ( 20510, 11540, '22:31:00', '22:31:00', 10 );
INSERT INTO "times" VALUES ( 20510, 12530, '22:33:00', '22:33:00', 20 );
INSERT INTO "times" VALUES ( 20510, 12540, '22:36:00', '22:41:00', 20 );
INSERT INTO "times" VALUES ( 20510, 12550, '22:43:00', '22:43:00', 20 );
INSERT INTO "times" VALUES ( 20510, 12560, '22:45:00', '22:45:00', 20 );
INSERT INTO "times" VALUES ( 20510, 12570, '22:46:00', '22:46:00', 20 );
INSERT INTO "times" VALUES ( 20510, 12580, '22:48:00', '22:48:00', 20 );
INSERT INTO "times" VALUES ( 20510, 12590, '22:49:00', '22:49:00', 20 );
INSERT INTO "times" VALUES ( 20510, 12600, '22:50:00', '22:50:00', 20 );
INSERT INTO "times" VALUES ( 20510, 12610, '22:52:00', '22:56:00', 20 );
INSERT INTO "times" VALUES ( 20510, 12620, '22:57:00', '22:57:00', 20 );
INSERT INTO "times" VALUES ( 20510, 12630, '22:58:00', '22:58:00', 20 );
INSERT INTO "times" VALUES ( 20510, 12640, '23:00:00', '23:00:00', 20 );
INSERT INTO "times" VALUES ( 20510, 12650, '23:02:00', '23:02:00', 20 );
INSERT INTO "times" VALUES ( 20510, 12660, '23:04:00', NULL, NULL );

INSERT INTO "dias" VALUES ( 20511, 100, FALSE, TRUE, 'R2205A', 12660, 12510 );
INSERT INTO "dias_line_groups" VALUES ( 20511, 10 );
INSERT INTO "times" VALUES ( 20511, 12510, '23:25:00', NULL, NULL );
INSERT INTO "times" VALUES ( 20511, 12520, '23:23:00', '23:23:00', 20 );
INSERT INTO "times" VALUES ( 20511, 12530, '23:21:00', '23:21:00', 20 );
INSERT INTO "times" VALUES ( 20511, 12540, '23:17:00', '23:18:00', 20 );
INSERT INTO "times" VALUES ( 20511, 12550, '23:14:00', '23:14:00', 20 );
INSERT INTO "times" VALUES ( 20511, 12560, '23:13:00', '23:13:00', 20 );
INSERT INTO "times" VALUES ( 20511, 12570, '23:11:00', '23:11:00', 20 );
INSERT INTO "times" VALUES ( 20511, 12580, '23:10:00', '23:10:00', 20 );
INSERT INTO "times" VALUES ( 20511, 12590, '23:08:00', '23:08:00', 20 );
INSERT INTO "times" VALUES ( 20511, 12600, '23:07:00', '23:07:00', 20 );
INSERT INTO "times" VALUES ( 20511, 12610, '23:03:00', '23:06:00', 20 );
INSERT INTO "times" VALUES ( 20511, 12620, '23:01:00', '23:01:00', 20 );
INSERT INTO "times" VALUES ( 20511, 12630, '22:59:00', '22:59:00', 20 );
INSERT INTO "times" VALUES ( 20511, 12640, '22:58:00', '22:58:00', 20 );
INSERT INTO "times" VALUES ( 20511, 12650, '22:56:00', '22:56:00', 20 );
INSERT INTO "times" VALUES ( 20511, 12660, NULL, '22:54:00', 20 );

INSERT INTO "dias" VALUES ( 20512, 100, FALSE, TRUE, 'R2206N', 11510, 12660 );
INSERT INTO "dias_line_groups" VALUES ( 20512, 10 );
INSERT INTO "times" VALUES ( 20512, 11510, NULL, '22:38:00', 10 );
INSERT INTO "times" VALUES ( 20512, 11520, '22:39:00', '22:39:00', 10 );
INSERT INTO "times" VALUES ( 20512, 11530, '22:41:00', '22:41:00', 10 );
INSERT INTO "times" VALUES ( 20512, 11540, '22:43:00', '22:43:00', 10 );
INSERT INTO "times" VALUES ( 20512, 12530, '22:45:00', '22:45:00', 20 );
INSERT INTO "times" VALUES ( 20512, 12540, '22:48:00', '22:52:00', 20 );
INSERT INTO "times" VALUES ( 20512, 12550, '22:54:00', '22:54:00', 20 );
INSERT INTO "times" VALUES ( 20512, 12560, '22:55:00', '22:55:00', 20 );
INSERT INTO "times" VALUES ( 20512, 12570, '22:57:00', '22:57:00', 20 );
INSERT INTO "times" VALUES ( 20512, 12580, '22:58:00', '22:58:00', 20 );
INSERT INTO "times" VALUES ( 20512, 12590, '23:00:00', '23:00:00', 20 );
INSERT INTO "times" VALUES ( 20512, 12600, '23:01:00', '23:01:00', 20 );
INSERT INTO "times" VALUES ( 20512, 12610, '23:03:00', '23:05:00', 20 );
INSERT INTO "times" VALUES ( 20512, 12620, '23:07:00', '23:07:00', 20 );
INSERT INTO "times" VALUES ( 20512, 12630, '23:08:00', '23:08:00', 20 );
INSERT INTO "times" VALUES ( 20512, 12640, '23:10:00', '23:10:00', 20 );
INSERT INTO "times" VALUES ( 20512, 12650, '23:12:00', '23:12:00', 20 );
INSERT INTO "times" VALUES ( 20512, 12660, '23:14:00', NULL, NULL );

INSERT INTO "dias" VALUES ( 20513, 100, FALSE, TRUE, 'R2208N', 12510, 12660 );
INSERT INTO "dias_line_groups" VALUES ( 20513, 10 );
INSERT INTO "times" VALUES ( 20513, 12510, NULL, '22:55:00', 20 );
INSERT INTO "times" VALUES ( 20513, 12520, '22:56:00', '22:56:00', 20 );
INSERT INTO "times" VALUES ( 20513, 12530, '22:59:00', '22:59:00', 20 );
INSERT INTO "times" VALUES ( 20513, 12540, '23:02:00', '23:02:00', 20 );
INSERT INTO "times" VALUES ( 20513, 12550, '23:04:00', '23:04:00', 20 );
INSERT INTO "times" VALUES ( 20513, 12560, '23:05:00', '23:05:00', 20 );
INSERT INTO "times" VALUES ( 20513, 12570, '23:07:00', '23:07:00', 20 );
INSERT INTO "times" VALUES ( 20513, 12580, '23:08:00', '23:08:00', 20 );
INSERT INTO "times" VALUES ( 20513, 12590, '23:10:00', '23:10:00', 20 );
INSERT INTO "times" VALUES ( 20513, 12600, '23:11:00', '23:11:00', 20 );
INSERT INTO "times" VALUES ( 20513, 12610, '23:13:00', '23:17:00', 20 );
INSERT INTO "times" VALUES ( 20513, 12620, '23:18:00', '23:18:00', 20 );
INSERT INTO "times" VALUES ( 20513, 12630, '23:19:00', '23:19:00', 20 );
INSERT INTO "times" VALUES ( 20513, 12640, '23:21:00', '23:21:00', 20 );
INSERT INTO "times" VALUES ( 20513, 12650, '23:22:00', '23:22:00', 20 );
INSERT INTO "times" VALUES ( 20513, 12660, '23:24:00', NULL, NULL );

INSERT INTO "dias" VALUES ( 20514, 100, FALSE, TRUE, 'R2210N', 11510, 12660 );
INSERT INTO "dias_line_groups" VALUES ( 20514, 10 );
INSERT INTO "times" VALUES ( 20514, 11510, NULL, '22:55:00', 10 );
INSERT INTO "times" VALUES ( 20514, 11520, '22:57:00', '22:57:00', 10 );
INSERT INTO "times" VALUES ( 20514, 11530, '22:58:00', '22:58:00', 10 );
INSERT INTO "times" VALUES ( 20514, 11540, '23:00:00', '23:00:00', 10 );
INSERT INTO "times" VALUES ( 20514, 12530, '23:02:00', '23:02:00', 20 );
INSERT INTO "times" VALUES ( 20514, 12540, '23:05:00', '23:12:00', 20 );
INSERT INTO "times" VALUES ( 20514, 12550, '23:14:00', '23:14:00', 20 );
INSERT INTO "times" VALUES ( 20514, 12560, '23:15:00', '23:15:00', 20 );
INSERT INTO "times" VALUES ( 20514, 12570, '23:17:00', '23:17:00', 20 );
INSERT INTO "times" VALUES ( 20514, 12580, '23:18:00', '23:18:00', 20 );
INSERT INTO "times" VALUES ( 20514, 12590, '23:20:00', '23:20:00', 20 );
INSERT INTO "times" VALUES ( 20514, 12600, '23:21:00', '23:21:00', 20 );
INSERT INTO "times" VALUES ( 20514, 12610, '23:23:00', '23:26:00', 20 );
INSERT INTO "times" VALUES ( 20514, 12620, '23:27:00', '23:27:00', 20 );
INSERT INTO "times" VALUES ( 20514, 12630, '23:29:00', '23:29:00', 20 );
INSERT INTO "times" VALUES ( 20514, 12640, '23:30:00', '23:30:00', 20 );
INSERT INTO "times" VALUES ( 20514, 12650, '23:32:00', '23:32:00', 20 );
INSERT INTO "times" VALUES ( 20514, 12660, '23:34:00', NULL, NULL );

INSERT INTO "dias" VALUES ( 20515, 100, FALSE, TRUE, 'R2300N', 12510, 12660 );
INSERT INTO "dias_line_groups" VALUES ( 20515, 10 );
INSERT INTO "times" VALUES ( 20515, 12510, NULL, '23:22:00', 20 );
INSERT INTO "times" VALUES ( 20515, 12520, '23:24:00', '23:24:00', 20 );
INSERT INTO "times" VALUES ( 20515, 12530, '23:26:00', '23:26:00', 20 );
INSERT INTO "times" VALUES ( 20515, 12540, '23:28:00', '23:29:00', 20 );
INSERT INTO "times" VALUES ( 20515, 12550, '23:31:00', '23:31:00', 20 );
INSERT INTO "times" VALUES ( 20515, 12560, '23:33:00', '23:33:00', 20 );
INSERT INTO "times" VALUES ( 20515, 12570, '23:34:00', '23:34:00', 20 );
INSERT INTO "times" VALUES ( 20515, 12580, '23:35:00', '23:35:00', 20 );
INSERT INTO "times" VALUES ( 20515, 12590, '23:37:00', '23:37:00', 20 );
INSERT INTO "times" VALUES ( 20515, 12600, '23:38:00', '23:38:00', 20 );
INSERT INTO "times" VALUES ( 20515, 12610, '23:40:00', '23:43:00', 20 );
INSERT INTO "times" VALUES ( 20515, 12620, '23:45:00', '23:45:00', 20 );
INSERT INTO "times" VALUES ( 20515, 12630, '23:46:00', '23:46:00', 20 );
INSERT INTO "times" VALUES ( 20515, 12640, '23:48:00', '23:48:00', 20 );
INSERT INTO "times" VALUES ( 20515, 12650, '23:50:00', '23:50:00', 20 );
INSERT INTO "times" VALUES ( 20515, 12660, '23:52:00', NULL, NULL );

INSERT INTO "dias" VALUES ( 20516, 100, FALSE, TRUE, 'R2301B', 12660, 11510 );
INSERT INTO "dias_line_groups" VALUES ( 20516, 10 );
INSERT INTO "times" VALUES ( 20516, 11510, '23:52:00', NULL, NULL );
INSERT INTO "times" VALUES ( 20516, 11520, '23:49:00', '23:49:00', 10 );
INSERT INTO "times" VALUES ( 20516, 11530, '23:48:00', '23:48:00', 10 );
INSERT INTO "times" VALUES ( 20516, 11540, '23:46:00', '23:46:00', 10 );
INSERT INTO "times" VALUES ( 20516, 12530, '23:45:00', '23:45:00', 10 );
INSERT INTO "times" VALUES ( 20516, 12540, '23:38:00', '23:42:00', 20 );
INSERT INTO "times" VALUES ( 20516, 12550, '23:35:00', '23:35:00', 20 );
INSERT INTO "times" VALUES ( 20516, 12560, '23:34:00', '23:34:00', 20 );
INSERT INTO "times" VALUES ( 20516, 12570, '23:32:00', '23:32:00', 20 );
INSERT INTO "times" VALUES ( 20516, 12580, '23:31:00', '23:31:00', 20 );
INSERT INTO "times" VALUES ( 20516, 12590, '23:30:00', '23:30:00', 20 );
INSERT INTO "times" VALUES ( 20516, 12600, '23:29:00', '23:29:00', 20 );
INSERT INTO "times" VALUES ( 20516, 12610, '23:24:00', '23:28:00', 20 );
INSERT INTO "times" VALUES ( 20516, 12620, '23:22:00', '23:22:00', 20 );
INSERT INTO "times" VALUES ( 20516, 12630, '23:20:00', '23:20:00', 20 );
INSERT INTO "times" VALUES ( 20516, 12640, '23:19:00', '23:19:00', 20 );
INSERT INTO "times" VALUES ( 20516, 12650, '23:17:00', '23:17:00', 20 );
INSERT INTO "times" VALUES ( 20516, 12660, NULL, '23:16:00', 20 );

INSERT INTO "dias" VALUES ( 20517, 100, FALSE, TRUE, 'R2302N', 11510, 12660 );
INSERT INTO "dias_line_groups" VALUES ( 20517, 10 );
INSERT INTO "times" VALUES ( 20517, 11510, NULL, '23:33:00', 10 );
INSERT INTO "times" VALUES ( 20517, 11520, '23:34:00', '23:34:00', 10 );
INSERT INTO "times" VALUES ( 20517, 11530, '23:36:00', '23:36:00', 10 );
INSERT INTO "times" VALUES ( 20517, 11540, '23:38:00', '23:38:00', 10 );
INSERT INTO "times" VALUES ( 20517, 12530, '23:40:00', '23:40:00', 20 );
INSERT INTO "times" VALUES ( 20517, 12540, '23:43:00', '23:43:00', 20 );
INSERT INTO "times" VALUES ( 20517, 12550, '23:45:00', '23:45:00', 20 );
INSERT INTO "times" VALUES ( 20517, 12560, '23:47:00', '23:47:00', 20 );
INSERT INTO "times" VALUES ( 20517, 12570, '23:48:00', '23:48:00', 20 );
INSERT INTO "times" VALUES ( 20517, 12580, '23:50:00', '23:50:00', 20 );
INSERT INTO "times" VALUES ( 20517, 12590, '23:51:00', '23:51:00', 20 );
INSERT INTO "times" VALUES ( 20517, 12600, '23:53:00', '23:53:00', 20 );
INSERT INTO "times" VALUES ( 20517, 12610, '23:54:00', '23:57:00', 20 );
INSERT INTO "times" VALUES ( 20517, 12620, '23:58:00', '23:58:00', 20 );
INSERT INTO "times" VALUES ( 20517, 12630, '00:00:00', '00:00:00', 20 );
INSERT INTO "times" VALUES ( 20517, 12640, '00:02:00', '00:02:00', 20 );
INSERT INTO "times" VALUES ( 20517, 12650, '00:03:00', '00:03:00', 20 );
INSERT INTO "times" VALUES ( 20517, 12660, '00:05:00', NULL, NULL );

INSERT INTO "dias" VALUES ( 20518, 100, FALSE, TRUE, 'R2303B', 12660, 11510 );
INSERT INTO "dias_line_groups" VALUES ( 20518, 10 );
INSERT INTO "times" VALUES ( 20518, 11510, '00:08:00', NULL, NULL );
INSERT INTO "times" VALUES ( 20518, 11520, '00:06:00', '00:06:00', 10 );
INSERT INTO "times" VALUES ( 20518, 11530, '00:04:00', '00:04:00', 10 );
INSERT INTO "times" VALUES ( 20518, 11540, '00:03:00', '00:03:00', 10 );
INSERT INTO "times" VALUES ( 20518, 12530, '00:01:00', '00:01:00', 10 );
INSERT INTO "times" VALUES ( 20518, 12540, '23:56:00', '23:58:00', 20 );
INSERT INTO "times" VALUES ( 20518, 12550, '23:54:00', '23:54:00', 20 );
INSERT INTO "times" VALUES ( 20518, 12560, '23:52:00', '23:52:00', 20 );
INSERT INTO "times" VALUES ( 20518, 12570, '23:51:00', '23:51:00', 20 );
INSERT INTO "times" VALUES ( 20518, 12580, '23:49:00', '23:49:00', 20 );
INSERT INTO "times" VALUES ( 20518, 12590, '23:48:00', '23:48:00', 20 );
INSERT INTO "times" VALUES ( 20518, 12600, '23:47:00', '23:47:00', 20 );
INSERT INTO "times" VALUES ( 20518, 12610, '23:44:00', '23:46:00', 20 );
INSERT INTO "times" VALUES ( 20518, 12620, '23:43:00', '23:43:00', 20 );
INSERT INTO "times" VALUES ( 20518, 12630, '23:41:00', '23:41:00', 20 );
INSERT INTO "times" VALUES ( 20518, 12640, '23:40:00', '23:40:00', 20 );
INSERT INTO "times" VALUES ( 20518, 12650, '23:38:00', '23:38:00', 20 );
INSERT INTO "times" VALUES ( 20518, 12660, NULL, '23:37:00', 20 );

INSERT INTO "dias" VALUES ( 20519, 100, FALSE, TRUE, 'R2304N', 11510, 12660 );
INSERT INTO "dias_line_groups" VALUES ( 20519, 10 );
INSERT INTO "times" VALUES ( 20519, 11510, NULL, '23:45:00', 10 );
INSERT INTO "times" VALUES ( 20519, 11520, '23:46:00', '23:46:00', 10 );
INSERT INTO "times" VALUES ( 20519, 11530, '23:48:00', '23:48:00', 10 );
INSERT INTO "times" VALUES ( 20519, 11540, '23:50:00', '23:50:00', 10 );
INSERT INTO "times" VALUES ( 20519, 12530, '23:52:00', '23:52:00', 20 );
INSERT INTO "times" VALUES ( 20519, 12540, '23:55:00', '23:55:00', 20 );
INSERT INTO "times" VALUES ( 20519, 12550, '23:57:00', '23:57:00', 20 );
INSERT INTO "times" VALUES ( 20519, 12560, '23:59:00', '23:59:00', 20 );
INSERT INTO "times" VALUES ( 20519, 12570, '00:00:00', '00:00:00', 20 );
INSERT INTO "times" VALUES ( 20519, 12580, '00:02:00', '00:02:00', 20 );
INSERT INTO "times" VALUES ( 20519, 12590, '00:03:00', '00:03:00', 20 );
INSERT INTO "times" VALUES ( 20519, 12600, '00:04:00', '00:04:00', 20 );
INSERT INTO "times" VALUES ( 20519, 12610, '00:06:00', '00:08:00', 20 );
INSERT INTO "times" VALUES ( 20519, 12620, '00:09:00', '00:09:00', 20 );
INSERT INTO "times" VALUES ( 20519, 12630, '00:10:00', '00:10:00', 20 );
INSERT INTO "times" VALUES ( 20519, 12640, '00:12:00', '00:12:00', 20 );
INSERT INTO "times" VALUES ( 20519, 12650, '00:14:00', '00:14:00', 20 );
INSERT INTO "times" VALUES ( 20519, 12660, '00:15:00', NULL, NULL );

INSERT INTO "dias" VALUES ( 20520, 100, FALSE, TRUE, 'R2306K', 11510, 12680 );
INSERT INTO "dias_line_groups" VALUES ( 20520, 10 );
INSERT INTO "times" VALUES ( 20520, 11510, NULL, '23:54:00', 10 );
INSERT INTO "times" VALUES ( 20520, 11520, '23:55:00', '23:55:00', 10 );
INSERT INTO "times" VALUES ( 20520, 11530, '23:57:00', '23:57:00', 10 );
INSERT INTO "times" VALUES ( 20520, 11540, '23:59:00', '23:59:00', 10 );
INSERT INTO "times" VALUES ( 20520, 12530, '00:01:00', '00:01:00', 20 );
INSERT INTO "times" VALUES ( 20520, 12540, '00:04:00', '00:04:00', 20 );
INSERT INTO "times" VALUES ( 20520, 12550, '00:06:00', '00:06:00', 20 );
INSERT INTO "times" VALUES ( 20520, 12560, '00:08:00', '00:08:00', 20 );
INSERT INTO "times" VALUES ( 20520, 12570, '00:09:00', '00:09:00', 20 );
INSERT INTO "times" VALUES ( 20520, 12580, '00:11:00', '00:11:00', 20 );
INSERT INTO "times" VALUES ( 20520, 12590, '00:12:00', '00:12:00', 20 );
INSERT INTO "times" VALUES ( 20520, 12600, '00:13:00', '00:13:00', 20 );
INSERT INTO "times" VALUES ( 20520, 12610, '00:15:00', '00:16:00', 20 );
INSERT INTO "times" VALUES ( 20520, 12620, '00:18:00', '00:18:00', 20 );
INSERT INTO "times" VALUES ( 20520, 12630, '00:19:00', '00:19:00', 20 );
INSERT INTO "times" VALUES ( 20520, 12640, '00:21:00', '00:21:00', 20 );
INSERT INTO "times" VALUES ( 20520, 12650, '00:22:00', '00:22:00', 20 );
INSERT INTO "times" VALUES ( 20520, 12660, '00:25:00', '00:25:00', 20 );
INSERT INTO "times" VALUES ( 20520, 12670, '00:28:00', '00:28:00', 20 );
INSERT INTO "times" VALUES ( 20520, 12680, '00:31:00', NULL, NULL );

INSERT INTO "dias" VALUES ( 20521, 100, FALSE, TRUE, 'R2400N', 12510, 12660 );
INSERT INTO "dias_line_groups" VALUES ( 20521, 10 );
INSERT INTO "times" VALUES ( 20521, 12510, NULL, '00:07:00', 20 );
INSERT INTO "times" VALUES ( 20521, 12520, '00:09:00', '00:09:00', 20 );
INSERT INTO "times" VALUES ( 20521, 12530, '00:11:00', '00:11:00', 20 );
INSERT INTO "times" VALUES ( 20521, 12540, '00:14:00', '00:14:00', 20 );
INSERT INTO "times" VALUES ( 20521, 12550, '00:16:00', '00:16:00', 20 );
INSERT INTO "times" VALUES ( 20521, 12560, '00:17:00', '00:17:00', 20 );
INSERT INTO "times" VALUES ( 20521, 12570, '00:19:00', '00:19:00', 20 );
INSERT INTO "times" VALUES ( 20521, 12580, '00:20:00', '00:20:00', 20 );
INSERT INTO "times" VALUES ( 20521, 12590, '00:21:00', '00:21:00', 20 );
INSERT INTO "times" VALUES ( 20521, 12600, '00:22:00', '00:22:00', 20 );
INSERT INTO "times" VALUES ( 20521, 12610, '00:25:00', '00:25:00', 20 );
INSERT INTO "times" VALUES ( 20521, 12620, '00:26:00', '00:26:00', 20 );
INSERT INTO "times" VALUES ( 20521, 12630, '00:28:00', '00:28:00', 20 );
INSERT INTO "times" VALUES ( 20521, 12640, '00:29:00', '00:29:00', 20 );
INSERT INTO "times" VALUES ( 20521, 12650, '00:31:00', '00:31:00', 20 );
INSERT INTO "times" VALUES ( 20521, 12660, '00:33:00', NULL, NULL );

INSERT INTO "dias" VALUES ( 20522, 100, FALSE, TRUE, 'R2402N', 11510, 12660 );
INSERT INTO "dias_line_groups" VALUES ( 20522, 10 );
INSERT INTO "times" VALUES ( 20522, 11510, NULL, '00:12:00', 10 );
INSERT INTO "times" VALUES ( 20522, 11520, '00:13:00', '00:13:00', 10 );
INSERT INTO "times" VALUES ( 20522, 11530, '00:15:00', '00:15:00', 10 );
INSERT INTO "times" VALUES ( 20522, 11540, '00:17:00', '00:17:00', 10 );
INSERT INTO "times" VALUES ( 20522, 12530, '00:19:00', '00:19:00', 20 );
INSERT INTO "times" VALUES ( 20522, 12540, '00:22:00', '00:22:00', 20 );
INSERT INTO "times" VALUES ( 20522, 12550, '00:24:00', '00:24:00', 20 );
INSERT INTO "times" VALUES ( 20522, 12560, '00:26:00', '00:26:00', 20 );
INSERT INTO "times" VALUES ( 20522, 12570, '00:27:00', '00:27:00', 20 );
INSERT INTO "times" VALUES ( 20522, 12580, '00:28:00', '00:28:00', 20 );
INSERT INTO "times" VALUES ( 20522, 12590, '00:30:00', '00:30:00', 20 );
INSERT INTO "times" VALUES ( 20522, 12600, '00:31:00', '00:31:00', 20 );
INSERT INTO "times" VALUES ( 20522, 12610, '00:33:00', '00:33:00', 20 );
INSERT INTO "times" VALUES ( 20522, 12620, '00:34:00', '00:34:00', 20 );
INSERT INTO "times" VALUES ( 20522, 12630, '00:36:00', '00:36:00', 20 );
INSERT INTO "times" VALUES ( 20522, 12640, '00:37:00', '00:37:00', 20 );
INSERT INTO "times" VALUES ( 20522, 12650, '00:39:00', '00:39:00', 20 );
INSERT INTO "times" VALUES ( 20522, 12660, '00:41:00', NULL, NULL );

INSERT INTO "dias" VALUES ( 20523, 100, FALSE, TRUE, 'R2404N', 12510, 12660 );
INSERT INTO "dias_line_groups" VALUES ( 20523, 10 );
INSERT INTO "times" VALUES ( 20523, 12510, NULL, '00:22:00', 20 );
INSERT INTO "times" VALUES ( 20523, 12520, '00:23:00', '00:23:00', 20 );
INSERT INTO "times" VALUES ( 20523, 12530, '00:25:00', '00:25:00', 20 );
INSERT INTO "times" VALUES ( 20523, 12540, '00:28:00', '00:28:00', 20 );
INSERT INTO "times" VALUES ( 20523, 12550, '00:30:00', '00:30:00', 20 );
INSERT INTO "times" VALUES ( 20523, 12560, '00:32:00', '00:32:00', 20 );
INSERT INTO "times" VALUES ( 20523, 12570, '00:33:00', '00:33:00', 20 );
INSERT INTO "times" VALUES ( 20523, 12580, '00:34:00', '00:34:00', 20 );
INSERT INTO "times" VALUES ( 20523, 12590, '00:36:00', '00:36:00', 20 );
INSERT INTO "times" VALUES ( 20523, 12600, '00:37:00', '00:37:00', 20 );
INSERT INTO "times" VALUES ( 20523, 12610, '00:39:00', '00:39:00', 20 );
INSERT INTO "times" VALUES ( 20523, 12620, '00:40:00', '00:40:00', 20 );
INSERT INTO "times" VALUES ( 20523, 12630, '00:41:00', '00:41:00', 20 );
INSERT INTO "times" VALUES ( 20523, 12640, '00:43:00', '00:43:00', 20 );
INSERT INTO "times" VALUES ( 20523, 12650, '00:45:00', '00:45:00', 20 );
INSERT INTO "times" VALUES ( 20523, 12660, '00:46:00', NULL, NULL );

INSERT INTO "dias" VALUES ( 20524, 100, FALSE, TRUE, 'S0500Z', 12770, 13520 );
INSERT INTO "dias_line_groups" VALUES ( 20524, 10 );
INSERT INTO "times" VALUES ( 20524, 12770, NULL, '05:00:00', 20 );
INSERT INTO "times" VALUES ( 20524, 12780, '05:05:00', '05:05:00', 20 );
INSERT INTO "times" VALUES ( 20524, 12790, '05:06:00', '05:06:00', 20 );
INSERT INTO "times" VALUES ( 20524, 12800, '05:08:00', '05:08:00', 20 );
INSERT INTO "times" VALUES ( 20524, 12810, '05:09:00', '05:09:00', 20 );
INSERT INTO "times" VALUES ( 20524, 12820, '05:11:00', '05:11:00', 20 );
INSERT INTO "times" VALUES ( 20524, 12830, '05:13:00', '05:13:00', 20 );
INSERT INTO "times" VALUES ( 20524, 12840, '05:14:00', '05:14:00', 20 );
INSERT INTO "times" VALUES ( 20524, 12850, '05:16:00', '05:16:00', 20 );
INSERT INTO "times" VALUES ( 20524, 12860, '05:17:00', '05:17:00', 20 );
INSERT INTO "times" VALUES ( 20524, 12870, '05:19:00', '05:19:00', 20 );
INSERT INTO "times" VALUES ( 20524, 12880, '05:21:00', '05:21:00', 20 );
INSERT INTO "times" VALUES ( 20524, 12890, '05:23:00', '05:23:00', 20 );
INSERT INTO "times" VALUES ( 20524, 12900, '05:25:00', '05:25:00', 20 );
INSERT INTO "times" VALUES ( 20524, 13510, '05:26:00', '05:26:00', 30 );
INSERT INTO "times" VALUES ( 20524, 13520, '05:29:00', NULL, NULL );

INSERT INTO "dias" VALUES ( 20525, 100, FALSE, TRUE, 'S0502Z', 12770, 13520 );
INSERT INTO "dias_line_groups" VALUES ( 20525, 10 );
INSERT INTO "times" VALUES ( 20525, 12770, NULL, '05:07:00', 20 );
INSERT INTO "times" VALUES ( 20525, 12780, '05:11:00', '05:12:00', 20 );
INSERT INTO "times" VALUES ( 20525, 12790, '05:13:00', '05:13:00', 20 );
INSERT INTO "times" VALUES ( 20525, 12800, '05:15:00', '05:15:00', 20 );
INSERT INTO "times" VALUES ( 20525, 12810, '05:17:00', '05:17:00', 20 );
INSERT INTO "times" VALUES ( 20525, 12820, '05:19:00', '05:19:00', 20 );
INSERT INTO "times" VALUES ( 20525, 12830, '05:21:00', '05:21:00', 20 );
INSERT INTO "times" VALUES ( 20525, 12840, '05:22:00', '05:22:00', 20 );
INSERT INTO "times" VALUES ( 20525, 12850, '05:23:00', '05:23:00', 20 );
INSERT INTO "times" VALUES ( 20525, 12860, '05:25:00', '05:25:00', 20 );
INSERT INTO "times" VALUES ( 20525, 12870, '05:27:00', '05:27:00', 20 );
INSERT INTO "times" VALUES ( 20525, 12880, '05:28:00', '05:28:00', 20 );
INSERT INTO "times" VALUES ( 20525, 12890, '05:30:00', '05:30:00', 20 );
INSERT INTO "times" VALUES ( 20525, 12900, '05:32:00', '05:32:00', 20 );
INSERT INTO "times" VALUES ( 20525, 13510, '05:34:00', '05:34:00', 30 );
INSERT INTO "times" VALUES ( 20525, 13520, '05:36:00', NULL, NULL );

INSERT INTO "dias" VALUES ( 20526, 100, FALSE, TRUE, 'S0504Z', 12900, 13520 );
INSERT INTO "dias_line_groups" VALUES ( 20526, 10 );
INSERT INTO "times" VALUES ( 20526, 12900, NULL, '05:07:00', 20 );
INSERT INTO "times" VALUES ( 20526, 13510, '05:09:00', '05:09:00', 30 );
INSERT INTO "times" VALUES ( 20526, 13520, '05:11:00', NULL, NULL );

INSERT INTO "dias" VALUES ( 20527, 100, FALSE, TRUE, 'S0506Z', 12770, 13520 );
INSERT INTO "dias_line_groups" VALUES ( 20527, 10 );
INSERT INTO "times" VALUES ( 20527, 12770, NULL, '05:19:00', 20 );
INSERT INTO "times" VALUES ( 20527, 12780, '05:23:00', '05:23:00', 20 );
INSERT INTO "times" VALUES ( 20527, 12790, '05:25:00', '05:25:00', 20 );
INSERT INTO "times" VALUES ( 20527, 12800, '05:27:00', '05:27:00', 20 );
INSERT INTO "times" VALUES ( 20527, 12810, '05:28:00', '05:28:00', 20 );
INSERT INTO "times" VALUES ( 20527, 12820, '05:30:00', '05:30:00', 20 );
INSERT INTO "times" VALUES ( 20527, 12830, '05:32:00', '05:32:00', 20 );
INSERT INTO "times" VALUES ( 20527, 12840, '05:33:00', '05:33:00', 20 );
INSERT INTO "times" VALUES ( 20527, 12850, '05:35:00', '05:35:00', 20 );
INSERT INTO "times" VALUES ( 20527, 12860, '05:36:00', '05:36:00', 20 );
INSERT INTO "times" VALUES ( 20527, 12870, '05:38:00', '05:38:00', 20 );
INSERT INTO "times" VALUES ( 20527, 12880, '05:40:00', '05:40:00', 20 );
INSERT INTO "times" VALUES ( 20527, 12890, '05:42:00', '05:42:00', 20 );
INSERT INTO "times" VALUES ( 20527, 12900, '05:44:00', '05:44:00', 20 );
INSERT INTO "times" VALUES ( 20527, 13510, '05:45:00', '05:45:00', 30 );
INSERT INTO "times" VALUES ( 20527, 13520, '05:48:00', NULL, NULL );

INSERT INTO "dias" VALUES ( 20528, 100, FALSE, TRUE, 'S0508Z', 12770, 13520 );
INSERT INTO "dias_line_groups" VALUES ( 20528, 10 );
INSERT INTO "times" VALUES ( 20528, 12770, NULL, '05:40:00', 20 );
INSERT INTO "times" VALUES ( 20528, 12780, '05:44:00', '05:44:00', 20 );
INSERT INTO "times" VALUES ( 20528, 12790, '05:46:00', '05:46:00', 20 );
INSERT INTO "times" VALUES ( 20528, 12800, '05:48:00', '05:48:00', 20 );
INSERT INTO "times" VALUES ( 20528, 12810, '05:49:00', '05:49:00', 20 );
INSERT INTO "times" VALUES ( 20528, 12820, '05:51:00', '05:51:00', 20 );
INSERT INTO "times" VALUES ( 20528, 12830, '05:53:00', '05:53:00', 20 );
INSERT INTO "times" VALUES ( 20528, 12840, '05:54:00', '05:54:00', 20 );
INSERT INTO "times" VALUES ( 20528, 12850, '05:56:00', '05:56:00', 20 );
INSERT INTO "times" VALUES ( 20528, 12860, '05:57:00', '05:57:00', 20 );
INSERT INTO "times" VALUES ( 20528, 12870, '05:59:00', '05:59:00', 20 );
INSERT INTO "times" VALUES ( 20528, 12880, '06:01:00', '06:01:00', 20 );
INSERT INTO "times" VALUES ( 20528, 12890, '06:03:00', '06:03:00', 20 );
INSERT INTO "times" VALUES ( 20528, 12900, '06:05:00', '06:05:00', 20 );
INSERT INTO "times" VALUES ( 20528, 13510, '06:06:00', '06:06:00', 30 );
INSERT INTO "times" VALUES ( 20528, 13520, '06:09:00', NULL, NULL );

INSERT INTO "dias" VALUES ( 20529, 100, FALSE, TRUE, 'S0600Z', 12770, 13520 );
INSERT INTO "dias_line_groups" VALUES ( 20529, 10 );
INSERT INTO "times" VALUES ( 20529, 12770, NULL, '06:19:00', 20 );
INSERT INTO "times" VALUES ( 20529, 12780, '06:24:00', '06:24:00', 20 );
INSERT INTO "times" VALUES ( 20529, 12790, '06:25:00', '06:25:00', 20 );
INSERT INTO "times" VALUES ( 20529, 12800, '06:27:00', '06:27:00', 20 );
INSERT INTO "times" VALUES ( 20529, 12810, '06:29:00', '06:29:00', 20 );
INSERT INTO "times" VALUES ( 20529, 12820, '06:30:00', '06:30:00', 20 );
INSERT INTO "times" VALUES ( 20529, 12830, '06:32:00', '06:32:00', 20 );
INSERT INTO "times" VALUES ( 20529, 12840, '06:33:00', '06:33:00', 20 );
INSERT INTO "times" VALUES ( 20529, 12850, '06:35:00', '06:35:00', 20 );
INSERT INTO "times" VALUES ( 20529, 12860, '06:36:00', '06:36:00', 20 );
INSERT INTO "times" VALUES ( 20529, 12870, '06:38:00', '06:38:00', 20 );
INSERT INTO "times" VALUES ( 20529, 12880, '06:40:00', '06:40:00', 20 );
INSERT INTO "times" VALUES ( 20529, 12890, '06:42:00', '06:42:00', 20 );
INSERT INTO "times" VALUES ( 20529, 12900, '06:44:00', '06:44:00', 20 );
INSERT INTO "times" VALUES ( 20529, 13510, '06:46:00', '06:46:00', 30 );
INSERT INTO "times" VALUES ( 20529, 13520, '06:48:00', NULL, NULL );

INSERT INTO "dias" VALUES ( 20530, 100, FALSE, TRUE, 'S0700Z', 12900, 13520 );
INSERT INTO "dias_line_groups" VALUES ( 20530, 10 );
INSERT INTO "times" VALUES ( 20530, 12900, NULL, '07:32:00', 20 );
INSERT INTO "times" VALUES ( 20530, 13510, '07:34:00', '07:34:00', 30 );
INSERT INTO "times" VALUES ( 20530, 13520, '07:37:00', NULL, NULL );

INSERT INTO "dias" VALUES ( 20531, 100, FALSE, TRUE, 'S0701Y', 13520, 12770 );
INSERT INTO "dias_line_groups" VALUES ( 20531, 10 );
INSERT INTO "times" VALUES ( 20531, 12770, '08:24:00', NULL, NULL );
INSERT INTO "times" VALUES ( 20531, 12780, '08:20:00', '08:20:00', 20 );
INSERT INTO "times" VALUES ( 20531, 12790, '08:18:00', '08:18:00', 20 );
INSERT INTO "times" VALUES ( 20531, 12800, '08:12:00', '08:16:00', 20 );
INSERT INTO "times" VALUES ( 20531, 12810, '08:10:00', '08:10:00', 20 );
INSERT INTO "times" VALUES ( 20531, 12820, '08:08:00', '08:08:00', 20 );
INSERT INTO "times" VALUES ( 20531, 12830, '08:07:00', '08:07:00', 20 );
INSERT INTO "times" VALUES ( 20531, 12840, '08:05:00', '08:05:00', 20 );
INSERT INTO "times" VALUES ( 20531, 12850, '08:03:00', '08:03:00', 20 );
INSERT INTO "times" VALUES ( 20531, 12860, '08:01:00', '08:01:00', 20 );
INSERT INTO "times" VALUES ( 20531, 12870, '08:00:00', '08:00:00', 20 );
INSERT INTO "times" VALUES ( 20531, 12880, '07:58:00', '07:58:00', 20 );
INSERT INTO "times" VALUES ( 20531, 12890, '07:56:00', '07:56:00', 20 );
INSERT INTO "times" VALUES ( 20531, 12900, '07:50:00', '07:55:00', 20 );
INSERT INTO "times" VALUES ( 20531, 13510, '07:48:00', '07:48:00', 30 );
INSERT INTO "times" VALUES ( 20531, 13520, NULL, '07:46:00', 30 );

INSERT INTO "dias" VALUES ( 20532, 100, FALSE, TRUE, 'S2201Y', 13520, 12770 );
INSERT INTO "dias_line_groups" VALUES ( 20532, 10 );
INSERT INTO "times" VALUES ( 20532, 12770, '22:38:00', NULL, NULL );
INSERT INTO "times" VALUES ( 20532, 12780, '22:33:00', '22:33:00', 20 );
INSERT INTO "times" VALUES ( 20532, 12790, '22:31:00', '22:31:00', 20 );
INSERT INTO "times" VALUES ( 20532, 12800, '22:26:00', '22:29:00', 20 );
INSERT INTO "times" VALUES ( 20532, 12810, '22:23:00', '22:23:00', 20 );
INSERT INTO "times" VALUES ( 20532, 12820, '22:22:00', '22:22:00', 20 );
INSERT INTO "times" VALUES ( 20532, 12830, '22:21:00', '22:21:00', 20 );
INSERT INTO "times" VALUES ( 20532, 12840, '22:19:00', '22:19:00', 20 );
INSERT INTO "times" VALUES ( 20532, 12850, '22:17:00', '22:17:00', 20 );
INSERT INTO "times" VALUES ( 20532, 12860, '22:15:00', '22:15:00', 20 );
INSERT INTO "times" VALUES ( 20532, 12870, '22:13:00', '22:13:00', 20 );
INSERT INTO "times" VALUES ( 20532, 12880, '22:12:00', '22:12:00', 20 );
INSERT INTO "times" VALUES ( 20532, 12890, '22:10:00', '22:10:00', 20 );
INSERT INTO "times" VALUES ( 20532, 12900, '22:05:00', '22:08:00', 20 );
INSERT INTO "times" VALUES ( 20532, 13510, '22:03:00', '22:03:00', 30 );
INSERT INTO "times" VALUES ( 20532, 13520, NULL, '22:01:00', 30 );

INSERT INTO "dias" VALUES ( 20533, 100, FALSE, TRUE, 'S2203Y', 13520, 12770 );
INSERT INTO "dias_line_groups" VALUES ( 20533, 10 );
INSERT INTO "times" VALUES ( 20533, 12770, '23:28:00', NULL, NULL );
INSERT INTO "times" VALUES ( 20533, 12780, '23:23:00', '23:23:00', 20 );
INSERT INTO "times" VALUES ( 20533, 12790, '23:21:00', '23:21:00', 20 );
INSERT INTO "times" VALUES ( 20533, 12800, '23:15:00', '23:19:00', 20 );
INSERT INTO "times" VALUES ( 20533, 12810, '23:13:00', '23:13:00', 20 );
INSERT INTO "times" VALUES ( 20533, 12820, '23:11:00', '23:11:00', 20 );
INSERT INTO "times" VALUES ( 20533, 12830, '23:10:00', '23:10:00', 20 );
INSERT INTO "times" VALUES ( 20533, 12840, '23:08:00', '23:08:00', 20 );
INSERT INTO "times" VALUES ( 20533, 12850, '23:06:00', '23:06:00', 20 );
INSERT INTO "times" VALUES ( 20533, 12860, '23:05:00', '23:05:00', 20 );
INSERT INTO "times" VALUES ( 20533, 12870, '23:03:00', '23:03:00', 20 );
INSERT INTO "times" VALUES ( 20533, 12880, '23:01:00', '23:01:00', 20 );
INSERT INTO "times" VALUES ( 20533, 12890, '22:59:00', '22:59:00', 20 );
INSERT INTO "times" VALUES ( 20533, 12900, '22:53:00', '22:58:00', 20 );
INSERT INTO "times" VALUES ( 20533, 13510, '22:51:00', '22:51:00', 30 );
INSERT INTO "times" VALUES ( 20533, 13520, NULL, '22:49:00', 30 );

INSERT INTO "dias" VALUES ( 20534, 100, FALSE, TRUE, 'S2400Z', 12900, 13520 );
INSERT INTO "dias_line_groups" VALUES ( 20534, 10 );
INSERT INTO "times" VALUES ( 20534, 12900, NULL, '00:31:00', 20 );
INSERT INTO "times" VALUES ( 20534, 13510, '00:33:00', '00:33:00', 30 );
INSERT INTO "times" VALUES ( 20534, 13520, '00:35:00', NULL, NULL );

INSERT INTO "dias" VALUES ( 20535, 100, FALSE, TRUE, 'S2401Y', 13520, 12770 );
INSERT INTO "dias_line_groups" VALUES ( 20535, 10 );
INSERT INTO "times" VALUES ( 20535, 12770, '00:48:00', NULL, NULL );
INSERT INTO "times" VALUES ( 20535, 12780, '00:44:00', '00:44:00', 20 );
INSERT INTO "times" VALUES ( 20535, 12790, '00:42:00', '00:42:00', 20 );
INSERT INTO "times" VALUES ( 20535, 12800, '00:40:00', '00:40:00', 20 );
INSERT INTO "times" VALUES ( 20535, 12810, '00:38:00', '00:38:00', 20 );
INSERT INTO "times" VALUES ( 20535, 12820, '00:36:00', '00:36:00', 20 );
INSERT INTO "times" VALUES ( 20535, 12830, '00:35:00', '00:35:00', 20 );
INSERT INTO "times" VALUES ( 20535, 12840, '00:33:00', '00:33:00', 20 );
INSERT INTO "times" VALUES ( 20535, 12850, '00:32:00', '00:32:00', 20 );
INSERT INTO "times" VALUES ( 20535, 12860, '00:30:00', '00:30:00', 20 );
INSERT INTO "times" VALUES ( 20535, 12870, '00:28:00', '00:28:00', 20 );
INSERT INTO "times" VALUES ( 20535, 12880, '00:26:00', '00:26:00', 20 );
INSERT INTO "times" VALUES ( 20535, 12890, '00:25:00', '00:25:00', 20 );
INSERT INTO "times" VALUES ( 20535, 12900, '00:23:00', '00:23:00', 20 );
INSERT INTO "times" VALUES ( 20535, 13510, '00:21:00', '00:21:00', 30 );
INSERT INTO "times" VALUES ( 20535, 13520, NULL, '00:19:00', 30 );

INSERT INTO "dias" VALUES ( 20536, 100, FALSE, TRUE, 'T0500H', 14510, 12710 );
INSERT INTO "dias_line_groups" VALUES ( 20536, 20 );
INSERT INTO "times" VALUES ( 20536, 12710, '05:27:00', NULL, NULL );
INSERT INTO "times" VALUES ( 20536, 14510, NULL, '05:15:00', 40 );
INSERT INTO "times" VALUES ( 20536, 14520, '05:16:00', '05:16:00', 40 );
INSERT INTO "times" VALUES ( 20536, 14530, '05:19:00', '05:19:00', 40 );
INSERT INTO "times" VALUES ( 20536, 14540, '05:20:00', '05:20:00', 40 );
INSERT INTO "times" VALUES ( 20536, 14550, '05:22:00', '05:22:00', 40 );
INSERT INTO "times" VALUES ( 20536, 14560, '05:24:00', '05:24:00', 40 );
INSERT INTO "times" VALUES ( 20536, 14570, '05:25:00', '05:25:00', 40 );

INSERT INTO "dias" VALUES ( 20537, 100, FALSE, TRUE, 'T0501W', 12710, 14510 );
INSERT INTO "dias_line_groups" VALUES ( 20537, 20 );
INSERT INTO "times" VALUES ( 20537, 12710, NULL, '05:00:00', 40 );
INSERT INTO "times" VALUES ( 20537, 14510, '05:12:00', NULL, NULL );
INSERT INTO "times" VALUES ( 20537, 14520, '05:10:00', '05:10:00', 40 );
INSERT INTO "times" VALUES ( 20537, 14530, '05:08:00', '05:08:00', 40 );
INSERT INTO "times" VALUES ( 20537, 14540, '05:06:00', '05:06:00', 40 );
INSERT INTO "times" VALUES ( 20537, 14550, '05:04:00', '05:04:00', 40 );
INSERT INTO "times" VALUES ( 20537, 14560, '05:03:00', '05:03:00', 40 );
INSERT INTO "times" VALUES ( 20537, 14570, '05:01:00', '05:01:00', 40 );

INSERT INTO "dias" VALUES ( 20538, 100, FALSE, TRUE, 'T0502H', 14510, 12710 );
INSERT INTO "dias_line_groups" VALUES ( 20538, 20 );
INSERT INTO "times" VALUES ( 20538, 12710, '05:43:00', NULL, NULL );
INSERT INTO "times" VALUES ( 20538, 14510, NULL, '05:29:00', 40 );
INSERT INTO "times" VALUES ( 20538, 14520, '05:31:00', '05:31:00', 40 );
INSERT INTO "times" VALUES ( 20538, 14530, '05:33:00', '05:33:00', 40 );
INSERT INTO "times" VALUES ( 20538, 14540, '05:35:00', '05:35:00', 40 );
INSERT INTO "times" VALUES ( 20538, 14550, '05:37:00', '05:37:00', 40 );
INSERT INTO "times" VALUES ( 20538, 14560, '05:39:00', '05:39:00', 40 );
INSERT INTO "times" VALUES ( 20538, 14570, '05:40:00', '05:40:00', 40 );

INSERT INTO "dias" VALUES ( 20539, 100, FALSE, TRUE, 'T0503W', 12710, 14510 );
INSERT INTO "dias_line_groups" VALUES ( 20539, 20 );
INSERT INTO "times" VALUES ( 20539, 12710, NULL, '05:14:00', 40 );
INSERT INTO "times" VALUES ( 20539, 14510, '05:27:00', NULL, NULL );
INSERT INTO "times" VALUES ( 20539, 14520, '05:25:00', '05:25:00', 40 );
INSERT INTO "times" VALUES ( 20539, 14530, '05:22:00', '05:22:00', 40 );
INSERT INTO "times" VALUES ( 20539, 14540, '05:20:00', '05:20:00', 40 );
INSERT INTO "times" VALUES ( 20539, 14550, '05:19:00', '05:19:00', 40 );
INSERT INTO "times" VALUES ( 20539, 14560, '05:17:00', '05:17:00', 40 );
INSERT INTO "times" VALUES ( 20539, 14570, '05:16:00', '05:16:00', 40 );

INSERT INTO "dias" VALUES ( 20540, 100, FALSE, TRUE, 'T0504H', 14510, 12710 );
INSERT INTO "dias_line_groups" VALUES ( 20540, 20 );
INSERT INTO "times" VALUES ( 20540, 12710, '05:57:00', NULL, NULL );
INSERT INTO "times" VALUES ( 20540, 14510, NULL, '05:43:00', 40 );
INSERT INTO "times" VALUES ( 20540, 14520, '05:45:00', '05:45:00', 40 );
INSERT INTO "times" VALUES ( 20540, 14530, '05:47:00', '05:47:00', 40 );
INSERT INTO "times" VALUES ( 20540, 14540, '05:49:00', '05:49:00', 40 );
INSERT INTO "times" VALUES ( 20540, 14550, '05:51:00', '05:51:00', 40 );
INSERT INTO "times" VALUES ( 20540, 14560, '05:53:00', '05:53:00', 40 );
INSERT INTO "times" VALUES ( 20540, 14570, '05:54:00', '05:54:00', 40 );

INSERT INTO "dias" VALUES ( 20541, 100, FALSE, TRUE, 'T0505W', 12710, 14510 );
INSERT INTO "dias_line_groups" VALUES ( 20541, 20 );
INSERT INTO "times" VALUES ( 20541, 12710, NULL, '05:23:00', 40 );
INSERT INTO "times" VALUES ( 20541, 14510, '05:36:00', NULL, NULL );
INSERT INTO "times" VALUES ( 20541, 14520, '05:34:00', '05:34:00', 40 );
INSERT INTO "times" VALUES ( 20541, 14530, '05:32:00', '05:32:00', 40 );
INSERT INTO "times" VALUES ( 20541, 14540, '05:30:00', '05:30:00', 40 );
INSERT INTO "times" VALUES ( 20541, 14550, '05:28:00', '05:28:00', 40 );
INSERT INTO "times" VALUES ( 20541, 14560, '05:26:00', '05:26:00', 40 );
INSERT INTO "times" VALUES ( 20541, 14570, '05:25:00', '05:25:00', 40 );

INSERT INTO "dias" VALUES ( 20542, 100, FALSE, TRUE, 'T0506H', 14510, 12710 );
INSERT INTO "dias_line_groups" VALUES ( 20542, 20 );
INSERT INTO "times" VALUES ( 20542, 12710, '06:08:00', NULL, NULL );
INSERT INTO "times" VALUES ( 20542, 14510, NULL, '05:55:00', 40 );
INSERT INTO "times" VALUES ( 20542, 14520, '05:56:00', '05:56:00', 40 );
INSERT INTO "times" VALUES ( 20542, 14530, '05:59:00', '05:59:00', 40 );
INSERT INTO "times" VALUES ( 20542, 14540, '06:01:00', '06:01:00', 40 );
INSERT INTO "times" VALUES ( 20542, 14550, '06:03:00', '06:03:00', 40 );
INSERT INTO "times" VALUES ( 20542, 14560, '06:04:00', '06:04:00', 40 );
INSERT INTO "times" VALUES ( 20542, 14570, '06:06:00', '06:06:00', 40 );

INSERT INTO "dias" VALUES ( 20543, 100, FALSE, TRUE, 'T0507W', 12710, 14510 );
INSERT INTO "dias_line_groups" VALUES ( 20543, 20 );
INSERT INTO "times" VALUES ( 20543, 12710, NULL, '05:35:00', 40 );
INSERT INTO "times" VALUES ( 20543, 14510, '05:48:00', NULL, NULL );
INSERT INTO "times" VALUES ( 20543, 14520, '05:47:00', '05:47:00', 40 );
INSERT INTO "times" VALUES ( 20543, 14530, '05:44:00', '05:44:00', 40 );
INSERT INTO "times" VALUES ( 20543, 14540, '05:42:00', '05:42:00', 40 );
INSERT INTO "times" VALUES ( 20543, 14550, '05:40:00', '05:40:00', 40 );
INSERT INTO "times" VALUES ( 20543, 14560, '05:39:00', '05:39:00', 40 );
INSERT INTO "times" VALUES ( 20543, 14570, '05:37:00', '05:37:00', 40 );

INSERT INTO "dias" VALUES ( 20544, 100, FALSE, TRUE, 'T0509W', 12710, 14510 );
INSERT INTO "dias_line_groups" VALUES ( 20544, 20 );
INSERT INTO "times" VALUES ( 20544, 12710, NULL, '05:49:00', 40 );
INSERT INTO "times" VALUES ( 20544, 14510, '06:02:00', NULL, NULL );
INSERT INTO "times" VALUES ( 20544, 14520, '06:00:00', '06:00:00', 40 );
INSERT INTO "times" VALUES ( 20544, 14530, '05:58:00', '05:58:00', 40 );
INSERT INTO "times" VALUES ( 20544, 14540, '05:56:00', '05:56:00', 40 );
INSERT INTO "times" VALUES ( 20544, 14550, '05:54:00', '05:54:00', 40 );
INSERT INTO "times" VALUES ( 20544, 14560, '05:52:00', '05:52:00', 40 );
INSERT INTO "times" VALUES ( 20544, 14570, '05:51:00', '05:51:00', 40 );

INSERT INTO "dias" VALUES ( 20545, 100, FALSE, TRUE, 'T0600H', 14510, 12710 );
INSERT INTO "dias_line_groups" VALUES ( 20545, 20 );
INSERT INTO "times" VALUES ( 20545, 12710, '06:23:00', NULL, NULL );
INSERT INTO "times" VALUES ( 20545, 14510, NULL, '06:10:00', 40 );
INSERT INTO "times" VALUES ( 20545, 14520, '06:11:00', '06:11:00', 40 );
INSERT INTO "times" VALUES ( 20545, 14530, '06:14:00', '06:14:00', 40 );
INSERT INTO "times" VALUES ( 20545, 14540, '06:16:00', '06:16:00', 40 );
INSERT INTO "times" VALUES ( 20545, 14550, '06:18:00', '06:18:00', 40 );
INSERT INTO "times" VALUES ( 20545, 14560, '06:19:00', '06:19:00', 40 );
INSERT INTO "times" VALUES ( 20545, 14570, '06:21:00', '06:21:00', 40 );

INSERT INTO "dias" VALUES ( 20546, 100, FALSE, TRUE, 'T0601W', 12710, 14510 );
INSERT INTO "dias_line_groups" VALUES ( 20546, 20 );
INSERT INTO "times" VALUES ( 20546, 12710, NULL, '06:02:00', 40 );
INSERT INTO "times" VALUES ( 20546, 14510, '06:15:00', NULL, NULL );
INSERT INTO "times" VALUES ( 20546, 14520, '06:13:00', '06:13:00', 40 );
INSERT INTO "times" VALUES ( 20546, 14530, '06:11:00', '06:11:00', 40 );
INSERT INTO "times" VALUES ( 20546, 14540, '06:09:00', '06:09:00', 40 );
INSERT INTO "times" VALUES ( 20546, 14550, '06:07:00', '06:07:00', 40 );
INSERT INTO "times" VALUES ( 20546, 14560, '06:05:00', '06:05:00', 40 );
INSERT INTO "times" VALUES ( 20546, 14570, '06:04:00', '06:04:00', 40 );

INSERT INTO "dias" VALUES ( 20547, 100, FALSE, TRUE, 'T0602H', 14510, 12710 );
INSERT INTO "dias_line_groups" VALUES ( 20547, 20 );
INSERT INTO "times" VALUES ( 20547, 12710, '06:32:00', NULL, NULL );
INSERT INTO "times" VALUES ( 20547, 14510, NULL, '06:18:00', 40 );
INSERT INTO "times" VALUES ( 20547, 14520, '06:20:00', '06:20:00', 40 );
INSERT INTO "times" VALUES ( 20547, 14530, '06:23:00', '06:23:00', 40 );
INSERT INTO "times" VALUES ( 20547, 14540, '06:24:00', '06:24:00', 40 );
INSERT INTO "times" VALUES ( 20547, 14550, '06:26:00', '06:26:00', 40 );
INSERT INTO "times" VALUES ( 20547, 14560, '06:28:00', '06:28:00', 40 );
INSERT INTO "times" VALUES ( 20547, 14570, '06:30:00', '06:30:00', 40 );

INSERT INTO "dias" VALUES ( 20548, 100, FALSE, TRUE, 'T0603W', 12710, 14510 );
INSERT INTO "dias_line_groups" VALUES ( 20548, 20 );
INSERT INTO "times" VALUES ( 20548, 12710, NULL, '06:16:00', 40 );
INSERT INTO "times" VALUES ( 20548, 14510, '06:29:00', NULL, NULL );
INSERT INTO "times" VALUES ( 20548, 14520, '06:27:00', '06:27:00', 40 );
INSERT INTO "times" VALUES ( 20548, 14530, '06:25:00', '06:25:00', 40 );
INSERT INTO "times" VALUES ( 20548, 14540, '06:23:00', '06:23:00', 40 );
INSERT INTO "times" VALUES ( 20548, 14550, '06:21:00', '06:21:00', 40 );
INSERT INTO "times" VALUES ( 20548, 14560, '06:20:00', '06:20:00', 40 );
INSERT INTO "times" VALUES ( 20548, 14570, '06:18:00', '06:18:00', 40 );

INSERT INTO "dias" VALUES ( 20549, 100, FALSE, TRUE, 'T0604H', 14510, 12710 );
INSERT INTO "dias_line_groups" VALUES ( 20549, 20 );
INSERT INTO "times" VALUES ( 20549, 12710, '06:46:00', NULL, NULL );
INSERT INTO "times" VALUES ( 20549, 14510, NULL, '06:32:00', 40 );
INSERT INTO "times" VALUES ( 20549, 14520, '06:34:00', '06:34:00', 40 );
INSERT INTO "times" VALUES ( 20549, 14530, '06:36:00', '06:36:00', 40 );
INSERT INTO "times" VALUES ( 20549, 14540, '06:38:00', '06:38:00', 40 );
INSERT INTO "times" VALUES ( 20549, 14550, '06:40:00', '06:40:00', 40 );
INSERT INTO "times" VALUES ( 20549, 14560, '06:42:00', '06:42:00', 40 );
INSERT INTO "times" VALUES ( 20549, 14570, '06:43:00', '06:43:00', 40 );

INSERT INTO "dias" VALUES ( 20550, 100, FALSE, TRUE, 'T0605W', 12710, 14510 );
INSERT INTO "dias_line_groups" VALUES ( 20550, 20 );
INSERT INTO "times" VALUES ( 20550, 12710, NULL, '06:26:00', 40 );
INSERT INTO "times" VALUES ( 20550, 14510, '06:40:00', NULL, NULL );
INSERT INTO "times" VALUES ( 20550, 14520, '06:38:00', '06:38:00', 40 );
INSERT INTO "times" VALUES ( 20550, 14530, '06:35:00', '06:35:00', 40 );
INSERT INTO "times" VALUES ( 20550, 14540, '06:33:00', '06:33:00', 40 );
INSERT INTO "times" VALUES ( 20550, 14550, '06:32:00', '06:32:00', 40 );
INSERT INTO "times" VALUES ( 20550, 14560, '06:30:00', '06:30:00', 40 );
INSERT INTO "times" VALUES ( 20550, 14570, '06:28:00', '06:28:00', 40 );

INSERT INTO "dias" VALUES ( 20551, 100, FALSE, TRUE, 'T0606H', 14510, 12710 );
INSERT INTO "dias_line_groups" VALUES ( 20551, 20 );
INSERT INTO "times" VALUES ( 20551, 12710, '06:56:00', NULL, NULL );
INSERT INTO "times" VALUES ( 20551, 14510, NULL, '06:43:00', 40 );
INSERT INTO "times" VALUES ( 20551, 14520, '06:44:00', '06:44:00', 40 );
INSERT INTO "times" VALUES ( 20551, 14530, '06:47:00', '06:47:00', 40 );
INSERT INTO "times" VALUES ( 20551, 14540, '06:49:00', '06:49:00', 40 );
INSERT INTO "times" VALUES ( 20551, 14550, '06:51:00', '06:51:00', 40 );
INSERT INTO "times" VALUES ( 20551, 14560, '06:52:00', '06:52:00', 40 );
INSERT INTO "times" VALUES ( 20551, 14570, '06:54:00', '06:54:00', 40 );

INSERT INTO "dias" VALUES ( 20552, 100, FALSE, TRUE, 'T0607W', 12710, 14510 );
INSERT INTO "dias_line_groups" VALUES ( 20552, 20 );
INSERT INTO "times" VALUES ( 20552, 12710, NULL, '06:36:00', 40 );
INSERT INTO "times" VALUES ( 20552, 14510, '06:50:00', NULL, NULL );
INSERT INTO "times" VALUES ( 20552, 14520, '06:48:00', '06:48:00', 40 );
INSERT INTO "times" VALUES ( 20552, 14530, '06:45:00', '06:45:00', 40 );
INSERT INTO "times" VALUES ( 20552, 14540, '06:43:00', '06:43:00', 40 );
INSERT INTO "times" VALUES ( 20552, 14550, '06:42:00', '06:42:00', 40 );
INSERT INTO "times" VALUES ( 20552, 14560, '06:40:00', '06:40:00', 40 );
INSERT INTO "times" VALUES ( 20552, 14570, '06:38:00', '06:38:00', 40 );

INSERT INTO "dias" VALUES ( 20553, 100, FALSE, TRUE, 'T0608H', 14510, 12710 );
INSERT INTO "dias_line_groups" VALUES ( 20553, 20 );
INSERT INTO "times" VALUES ( 20553, 12710, '07:07:00', NULL, NULL );
INSERT INTO "times" VALUES ( 20553, 14510, NULL, '06:53:00', 40 );
INSERT INTO "times" VALUES ( 20553, 14520, '06:55:00', '06:55:00', 40 );
INSERT INTO "times" VALUES ( 20553, 14530, '06:57:00', '06:57:00', 40 );
INSERT INTO "times" VALUES ( 20553, 14540, '06:59:00', '06:59:00', 40 );
INSERT INTO "times" VALUES ( 20553, 14550, '07:01:00', '07:01:00', 40 );
INSERT INTO "times" VALUES ( 20553, 14560, '07:03:00', '07:03:00', 40 );
INSERT INTO "times" VALUES ( 20553, 14570, '07:04:00', '07:04:00', 40 );

INSERT INTO "dias" VALUES ( 20554, 100, FALSE, TRUE, 'T0609W', 12710, 14510 );
INSERT INTO "dias_line_groups" VALUES ( 20554, 20 );
INSERT INTO "times" VALUES ( 20554, 12710, NULL, '06:46:00', 40 );
INSERT INTO "times" VALUES ( 20554, 14510, '06:59:00', NULL, NULL );
INSERT INTO "times" VALUES ( 20554, 14520, '06:57:00', '06:57:00', 40 );
INSERT INTO "times" VALUES ( 20554, 14530, '06:55:00', '06:55:00', 40 );
INSERT INTO "times" VALUES ( 20554, 14540, '06:53:00', '06:53:00', 40 );
INSERT INTO "times" VALUES ( 20554, 14550, '06:51:00', '06:51:00', 40 );
INSERT INTO "times" VALUES ( 20554, 14560, '06:50:00', '06:50:00', 40 );
INSERT INTO "times" VALUES ( 20554, 14570, '06:48:00', '06:48:00', 40 );

INSERT INTO "dias" VALUES ( 20555, 100, FALSE, TRUE, 'T0611W', 12710, 14510 );
INSERT INTO "dias_line_groups" VALUES ( 20555, 20 );
INSERT INTO "times" VALUES ( 20555, 12710, NULL, '06:56:00', 40 );
INSERT INTO "times" VALUES ( 20555, 14510, '07:10:00', NULL, NULL );
INSERT INTO "times" VALUES ( 20555, 14520, '07:08:00', '07:08:00', 40 );
INSERT INTO "times" VALUES ( 20555, 14530, '07:05:00', '07:05:00', 40 );
INSERT INTO "times" VALUES ( 20555, 14540, '07:03:00', '07:03:00', 40 );
INSERT INTO "times" VALUES ( 20555, 14550, '07:02:00', '07:02:00', 40 );
INSERT INTO "times" VALUES ( 20555, 14560, '07:00:00', '07:00:00', 40 );
INSERT INTO "times" VALUES ( 20555, 14570, '06:58:00', '06:58:00', 40 );

INSERT INTO "dias" VALUES ( 20556, 100, FALSE, TRUE, 'T0700H', 14510, 12710 );
INSERT INTO "dias_line_groups" VALUES ( 20556, 20 );
INSERT INTO "times" VALUES ( 20556, 12710, '07:16:00', NULL, NULL );
INSERT INTO "times" VALUES ( 20556, 14510, NULL, '07:02:00', 40 );
INSERT INTO "times" VALUES ( 20556, 14520, '07:04:00', '07:04:00', 40 );
INSERT INTO "times" VALUES ( 20556, 14530, '07:06:00', '07:06:00', 40 );
INSERT INTO "times" VALUES ( 20556, 14540, '07:08:00', '07:08:00', 40 );
INSERT INTO "times" VALUES ( 20556, 14550, '07:10:00', '07:10:00', 40 );
INSERT INTO "times" VALUES ( 20556, 14560, '07:12:00', '07:12:00', 40 );
INSERT INTO "times" VALUES ( 20556, 14570, '07:13:00', '07:13:00', 40 );

INSERT INTO "dias" VALUES ( 20557, 100, FALSE, TRUE, 'T0701W', 12710, 14510 );
INSERT INTO "dias_line_groups" VALUES ( 20557, 20 );
INSERT INTO "times" VALUES ( 20557, 12710, NULL, '07:05:00', 40 );
INSERT INTO "times" VALUES ( 20557, 14510, '07:18:00', NULL, NULL );
INSERT INTO "times" VALUES ( 20557, 14520, '07:17:00', '07:17:00', 40 );
INSERT INTO "times" VALUES ( 20557, 14530, '07:14:00', '07:14:00', 40 );
INSERT INTO "times" VALUES ( 20557, 14540, '07:12:00', '07:12:00', 40 );
INSERT INTO "times" VALUES ( 20557, 14550, '07:10:00', '07:10:00', 40 );
INSERT INTO "times" VALUES ( 20557, 14560, '07:09:00', '07:09:00', 40 );
INSERT INTO "times" VALUES ( 20557, 14570, '07:07:00', '07:07:00', 40 );

INSERT INTO "dias" VALUES ( 20558, 100, FALSE, TRUE, 'T0702H', 14510, 12710 );
INSERT INTO "dias_line_groups" VALUES ( 20558, 20 );
INSERT INTO "times" VALUES ( 20558, 12710, '07:26:00', NULL, NULL );
INSERT INTO "times" VALUES ( 20558, 14510, NULL, '07:13:00', 40 );
INSERT INTO "times" VALUES ( 20558, 14520, '07:14:00', '07:14:00', 40 );
INSERT INTO "times" VALUES ( 20558, 14530, '07:17:00', '07:17:00', 40 );
INSERT INTO "times" VALUES ( 20558, 14540, '07:19:00', '07:19:00', 40 );
INSERT INTO "times" VALUES ( 20558, 14550, '07:21:00', '07:21:00', 40 );
INSERT INTO "times" VALUES ( 20558, 14560, '07:22:00', '07:22:00', 40 );
INSERT INTO "times" VALUES ( 20558, 14570, '07:24:00', '07:24:00', 40 );

INSERT INTO "dias" VALUES ( 20559, 100, FALSE, TRUE, 'T0703W', 12710, 14510 );
INSERT INTO "dias_line_groups" VALUES ( 20559, 20 );
INSERT INTO "times" VALUES ( 20559, 12710, NULL, '07:16:00', 40 );
INSERT INTO "times" VALUES ( 20559, 14510, '07:29:00', NULL, NULL );
INSERT INTO "times" VALUES ( 20559, 14520, '07:28:00', '07:28:00', 40 );
INSERT INTO "times" VALUES ( 20559, 14530, '07:25:00', '07:25:00', 40 );
INSERT INTO "times" VALUES ( 20559, 14540, '07:23:00', '07:23:00', 40 );
INSERT INTO "times" VALUES ( 20559, 14550, '07:21:00', '07:21:00', 40 );
INSERT INTO "times" VALUES ( 20559, 14560, '07:20:00', '07:20:00', 40 );
INSERT INTO "times" VALUES ( 20559, 14570, '07:18:00', '07:18:00', 40 );

INSERT INTO "dias" VALUES ( 20560, 100, FALSE, TRUE, 'T0704H', 14510, 12710 );
INSERT INTO "dias_line_groups" VALUES ( 20560, 20 );
INSERT INTO "times" VALUES ( 20560, 12710, '07:38:00', NULL, NULL );
INSERT INTO "times" VALUES ( 20560, 14510, NULL, '07:25:00', 40 );
INSERT INTO "times" VALUES ( 20560, 14520, '07:26:00', '07:26:00', 40 );
INSERT INTO "times" VALUES ( 20560, 14530, '07:29:00', '07:29:00', 40 );
INSERT INTO "times" VALUES ( 20560, 14540, '07:31:00', '07:31:00', 40 );
INSERT INTO "times" VALUES ( 20560, 14550, '07:33:00', '07:33:00', 40 );
INSERT INTO "times" VALUES ( 20560, 14560, '07:34:00', '07:34:00', 40 );
INSERT INTO "times" VALUES ( 20560, 14570, '07:36:00', '07:36:00', 40 );

INSERT INTO "dias" VALUES ( 20561, 100, FALSE, TRUE, 'T0705W', 12710, 14510 );
INSERT INTO "dias_line_groups" VALUES ( 20561, 20 );
INSERT INTO "times" VALUES ( 20561, 12710, NULL, '07:26:00', 40 );
INSERT INTO "times" VALUES ( 20561, 14510, '07:40:00', NULL, NULL );
INSERT INTO "times" VALUES ( 20561, 14520, '07:38:00', '07:38:00', 40 );
INSERT INTO "times" VALUES ( 20561, 14530, '07:35:00', '07:35:00', 40 );
INSERT INTO "times" VALUES ( 20561, 14540, '07:33:00', '07:33:00', 40 );
INSERT INTO "times" VALUES ( 20561, 14550, '07:32:00', '07:32:00', 40 );
INSERT INTO "times" VALUES ( 20561, 14560, '07:30:00', '07:30:00', 40 );
INSERT INTO "times" VALUES ( 20561, 14570, '07:28:00', '07:28:00', 40 );

INSERT INTO "dias" VALUES ( 20562, 100, FALSE, TRUE, 'T0706H', 14510, 12710 );
INSERT INTO "dias_line_groups" VALUES ( 20562, 20 );
INSERT INTO "times" VALUES ( 20562, 12710, '07:48:00', NULL, NULL );
INSERT INTO "times" VALUES ( 20562, 14510, NULL, '07:35:00', 40 );
INSERT INTO "times" VALUES ( 20562, 14520, '07:36:00', '07:36:00', 40 );
INSERT INTO "times" VALUES ( 20562, 14530, '07:39:00', '07:39:00', 40 );
INSERT INTO "times" VALUES ( 20562, 14540, '07:41:00', '07:41:00', 40 );
INSERT INTO "times" VALUES ( 20562, 14550, '07:43:00', '07:43:00', 40 );
INSERT INTO "times" VALUES ( 20562, 14560, '07:44:00', '07:44:00', 40 );
INSERT INTO "times" VALUES ( 20562, 14570, '07:46:00', '07:46:00', 40 );

INSERT INTO "dias" VALUES ( 20563, 100, FALSE, TRUE, 'T0707W', 12710, 14510 );
INSERT INTO "dias_line_groups" VALUES ( 20563, 20 );
INSERT INTO "times" VALUES ( 20563, 12710, NULL, '07:35:00', 40 );
INSERT INTO "times" VALUES ( 20563, 14510, '07:49:00', NULL, NULL );
INSERT INTO "times" VALUES ( 20563, 14520, '07:47:00', '07:47:00', 40 );
INSERT INTO "times" VALUES ( 20563, 14530, '07:44:00', '07:44:00', 40 );
INSERT INTO "times" VALUES ( 20563, 14540, '07:42:00', '07:42:00', 40 );
INSERT INTO "times" VALUES ( 20563, 14550, '07:41:00', '07:41:00', 40 );
INSERT INTO "times" VALUES ( 20563, 14560, '07:39:00', '07:39:00', 40 );
INSERT INTO "times" VALUES ( 20563, 14570, '07:37:00', '07:37:00', 40 );

INSERT INTO "dias" VALUES ( 20564, 100, FALSE, TRUE, 'T0708H', 14510, 12710 );
INSERT INTO "dias_line_groups" VALUES ( 20564, 20 );
INSERT INTO "times" VALUES ( 20564, 12710, '07:58:00', NULL, NULL );
INSERT INTO "times" VALUES ( 20564, 14510, NULL, '07:45:00', 40 );
INSERT INTO "times" VALUES ( 20564, 14520, '07:46:00', '07:46:00', 40 );
INSERT INTO "times" VALUES ( 20564, 14530, '07:49:00', '07:49:00', 40 );
INSERT INTO "times" VALUES ( 20564, 14540, '07:51:00', '07:51:00', 40 );
INSERT INTO "times" VALUES ( 20564, 14550, '07:53:00', '07:53:00', 40 );
INSERT INTO "times" VALUES ( 20564, 14560, '07:54:00', '07:54:00', 40 );
INSERT INTO "times" VALUES ( 20564, 14570, '07:56:00', '07:56:00', 40 );

INSERT INTO "dias" VALUES ( 20565, 100, FALSE, TRUE, 'T0709W', 12710, 14510 );
INSERT INTO "dias_line_groups" VALUES ( 20565, 20 );
INSERT INTO "times" VALUES ( 20565, 12710, NULL, '07:45:00', 40 );
INSERT INTO "times" VALUES ( 20565, 14510, '07:58:00', NULL, NULL );
INSERT INTO "times" VALUES ( 20565, 14520, '07:57:00', '07:57:00', 40 );
INSERT INTO "times" VALUES ( 20565, 14530, '07:54:00', '07:54:00', 40 );
INSERT INTO "times" VALUES ( 20565, 14540, '07:52:00', '07:52:00', 40 );
INSERT INTO "times" VALUES ( 20565, 14550, '07:50:00', '07:50:00', 40 );
INSERT INTO "times" VALUES ( 20565, 14560, '07:49:00', '07:49:00', 40 );
INSERT INTO "times" VALUES ( 20565, 14570, '07:47:00', '07:47:00', 40 );

INSERT INTO "dias" VALUES ( 20566, 100, FALSE, TRUE, 'T0710H', 14510, 12710 );
INSERT INTO "dias_line_groups" VALUES ( 20566, 20 );
INSERT INTO "times" VALUES ( 20566, 12710, '08:08:00', NULL, NULL );
INSERT INTO "times" VALUES ( 20566, 14510, NULL, '07:54:00', 40 );
INSERT INTO "times" VALUES ( 20566, 14520, '07:56:00', '07:56:00', 40 );
INSERT INTO "times" VALUES ( 20566, 14530, '07:58:00', '07:58:00', 40 );
INSERT INTO "times" VALUES ( 20566, 14540, '08:00:00', '08:00:00', 40 );
INSERT INTO "times" VALUES ( 20566, 14550, '08:02:00', '08:02:00', 40 );
INSERT INTO "times" VALUES ( 20566, 14560, '08:04:00', '08:04:00', 40 );
INSERT INTO "times" VALUES ( 20566, 14570, '08:05:00', '08:05:00', 40 );

INSERT INTO "dias" VALUES ( 20567, 100, FALSE, TRUE, 'T0711W', 12710, 14510 );
INSERT INTO "dias_line_groups" VALUES ( 20567, 20 );
INSERT INTO "times" VALUES ( 20567, 12710, NULL, '07:55:00', 40 );
INSERT INTO "times" VALUES ( 20567, 14510, '08:09:00', NULL, NULL );
INSERT INTO "times" VALUES ( 20567, 14520, '08:07:00', '08:07:00', 40 );
INSERT INTO "times" VALUES ( 20567, 14530, '08:04:00', '08:04:00', 40 );
INSERT INTO "times" VALUES ( 20567, 14540, '08:02:00', '08:02:00', 40 );
INSERT INTO "times" VALUES ( 20567, 14550, '08:01:00', '08:01:00', 40 );
INSERT INTO "times" VALUES ( 20567, 14560, '07:59:00', '07:59:00', 40 );
INSERT INTO "times" VALUES ( 20567, 14570, '07:57:00', '07:57:00', 40 );

INSERT INTO "dias" VALUES ( 20568, 100, FALSE, TRUE, 'T0800H', 14510, 12710 );
INSERT INTO "dias_line_groups" VALUES ( 20568, 20 );
INSERT INTO "times" VALUES ( 20568, 12710, '08:19:00', NULL, NULL );
INSERT INTO "times" VALUES ( 20568, 14510, NULL, '08:05:00', 40 );
INSERT INTO "times" VALUES ( 20568, 14520, '08:07:00', '08:07:00', 40 );
INSERT INTO "times" VALUES ( 20568, 14530, '08:09:00', '08:09:00', 40 );
INSERT INTO "times" VALUES ( 20568, 14540, '08:11:00', '08:11:00', 40 );
INSERT INTO "times" VALUES ( 20568, 14550, '08:13:00', '08:13:00', 40 );
INSERT INTO "times" VALUES ( 20568, 14560, '08:15:00', '08:15:00', 40 );
INSERT INTO "times" VALUES ( 20568, 14570, '08:16:00', '08:16:00', 40 );

INSERT INTO "dias" VALUES ( 20569, 100, FALSE, TRUE, 'T0801W', 12710, 14510 );
INSERT INTO "dias_line_groups" VALUES ( 20569, 20 );
INSERT INTO "times" VALUES ( 20569, 12710, NULL, '08:05:00', 40 );
INSERT INTO "times" VALUES ( 20569, 14510, '08:18:00', NULL, NULL );
INSERT INTO "times" VALUES ( 20569, 14520, '08:16:00', '08:16:00', 40 );
INSERT INTO "times" VALUES ( 20569, 14530, '08:14:00', '08:14:00', 40 );
INSERT INTO "times" VALUES ( 20569, 14540, '08:12:00', '08:12:00', 40 );
INSERT INTO "times" VALUES ( 20569, 14550, '08:10:00', '08:10:00', 40 );
INSERT INTO "times" VALUES ( 20569, 14560, '08:08:00', '08:08:00', 40 );
INSERT INTO "times" VALUES ( 20569, 14570, '08:07:00', '08:07:00', 40 );

INSERT INTO "dias" VALUES ( 20570, 100, FALSE, TRUE, 'T0802H', 14510, 12710 );
INSERT INTO "dias_line_groups" VALUES ( 20570, 20 );
INSERT INTO "times" VALUES ( 20570, 12710, '08:29:00', NULL, NULL );
INSERT INTO "times" VALUES ( 20570, 14510, NULL, '08:15:00', 40 );
INSERT INTO "times" VALUES ( 20570, 14520, '08:17:00', '08:17:00', 40 );
INSERT INTO "times" VALUES ( 20570, 14530, '08:19:00', '08:19:00', 40 );
INSERT INTO "times" VALUES ( 20570, 14540, '08:21:00', '08:21:00', 40 );
INSERT INTO "times" VALUES ( 20570, 14550, '08:23:00', '08:23:00', 40 );
INSERT INTO "times" VALUES ( 20570, 14560, '08:25:00', '08:25:00', 40 );
INSERT INTO "times" VALUES ( 20570, 14570, '08:26:00', '08:26:00', 40 );

INSERT INTO "dias" VALUES ( 20571, 100, FALSE, TRUE, 'T0803W', 12710, 14510 );
INSERT INTO "dias_line_groups" VALUES ( 20571, 20 );
INSERT INTO "times" VALUES ( 20571, 12710, NULL, '08:15:00', 40 );
INSERT INTO "times" VALUES ( 20571, 14510, '08:28:00', NULL, NULL );
INSERT INTO "times" VALUES ( 20571, 14520, '08:26:00', '08:26:00', 40 );
INSERT INTO "times" VALUES ( 20571, 14530, '08:24:00', '08:24:00', 40 );
INSERT INTO "times" VALUES ( 20571, 14540, '08:22:00', '08:22:00', 40 );
INSERT INTO "times" VALUES ( 20571, 14550, '08:20:00', '08:20:00', 40 );
INSERT INTO "times" VALUES ( 20571, 14560, '08:18:00', '08:18:00', 40 );
INSERT INTO "times" VALUES ( 20571, 14570, '08:17:00', '08:17:00', 40 );

INSERT INTO "dias" VALUES ( 20572, 100, FALSE, TRUE, 'T0804H', 14510, 12710 );
INSERT INTO "dias_line_groups" VALUES ( 20572, 20 );
INSERT INTO "times" VALUES ( 20572, 12710, '08:34:00', NULL, NULL );
INSERT INTO "times" VALUES ( 20572, 14510, NULL, '08:21:00', 40 );
INSERT INTO "times" VALUES ( 20572, 14520, '08:23:00', '08:23:00', 40 );
INSERT INTO "times" VALUES ( 20572, 14530, '08:25:00', '08:25:00', 40 );
INSERT INTO "times" VALUES ( 20572, 14540, '08:27:00', '08:27:00', 40 );
INSERT INTO "times" VALUES ( 20572, 14550, '08:29:00', '08:29:00', 40 );
INSERT INTO "times" VALUES ( 20572, 14560, '08:31:00', '08:31:00', 40 );
INSERT INTO "times" VALUES ( 20572, 14570, '08:32:00', '08:32:00', 40 );

INSERT INTO "dias" VALUES ( 20573, 100, FALSE, TRUE, 'T0805W', 12710, 14510 );
INSERT INTO "dias_line_groups" VALUES ( 20573, 20 );
INSERT INTO "times" VALUES ( 20573, 12710, NULL, '08:25:00', 40 );
INSERT INTO "times" VALUES ( 20573, 14510, '08:39:00', NULL, NULL );
INSERT INTO "times" VALUES ( 20573, 14520, '08:37:00', '08:37:00', 40 );
INSERT INTO "times" VALUES ( 20573, 14530, '08:34:00', '08:34:00', 40 );
INSERT INTO "times" VALUES ( 20573, 14540, '08:32:00', '08:32:00', 40 );
INSERT INTO "times" VALUES ( 20573, 14550, '08:31:00', '08:31:00', 40 );
INSERT INTO "times" VALUES ( 20573, 14560, '08:29:00', '08:29:00', 40 );
INSERT INTO "times" VALUES ( 20573, 14570, '08:27:00', '08:27:00', 40 );

INSERT INTO "dias" VALUES ( 20574, 100, FALSE, TRUE, 'T0806H', 14510, 12710 );
INSERT INTO "dias_line_groups" VALUES ( 20574, 20 );
INSERT INTO "times" VALUES ( 20574, 12710, '08:44:00', NULL, NULL );
INSERT INTO "times" VALUES ( 20574, 14510, NULL, '08:31:00', 40 );
INSERT INTO "times" VALUES ( 20574, 14520, '08:33:00', '08:33:00', 40 );
INSERT INTO "times" VALUES ( 20574, 14530, '08:35:00', '08:35:00', 40 );
INSERT INTO "times" VALUES ( 20574, 14540, '08:37:00', '08:37:00', 40 );
INSERT INTO "times" VALUES ( 20574, 14550, '08:39:00', '08:39:00', 40 );
INSERT INTO "times" VALUES ( 20574, 14560, '08:41:00', '08:41:00', 40 );
INSERT INTO "times" VALUES ( 20574, 14570, '08:42:00', '08:42:00', 40 );

INSERT INTO "dias" VALUES ( 20575, 100, FALSE, TRUE, 'T0807W', 12710, 14510 );
INSERT INTO "dias_line_groups" VALUES ( 20575, 20 );
INSERT INTO "times" VALUES ( 20575, 12710, NULL, '08:35:00', 40 );
INSERT INTO "times" VALUES ( 20575, 14510, '08:49:00', NULL, NULL );
INSERT INTO "times" VALUES ( 20575, 14520, '08:47:00', '08:47:00', 40 );
INSERT INTO "times" VALUES ( 20575, 14530, '08:44:00', '08:44:00', 40 );
INSERT INTO "times" VALUES ( 20575, 14540, '08:42:00', '08:42:00', 40 );
INSERT INTO "times" VALUES ( 20575, 14550, '08:41:00', '08:41:00', 40 );
INSERT INTO "times" VALUES ( 20575, 14560, '08:39:00', '08:39:00', 40 );
INSERT INTO "times" VALUES ( 20575, 14570, '08:37:00', '08:37:00', 40 );

INSERT INTO "dias" VALUES ( 20576, 100, FALSE, TRUE, 'T0808H', 14510, 12710 );
INSERT INTO "dias_line_groups" VALUES ( 20576, 20 );
INSERT INTO "times" VALUES ( 20576, 12710, '08:55:00', NULL, NULL );
INSERT INTO "times" VALUES ( 20576, 14510, NULL, '08:42:00', 40 );
INSERT INTO "times" VALUES ( 20576, 14520, '08:43:00', '08:43:00', 40 );
INSERT INTO "times" VALUES ( 20576, 14530, '08:46:00', '08:46:00', 40 );
INSERT INTO "times" VALUES ( 20576, 14540, '08:48:00', '08:48:00', 40 );
INSERT INTO "times" VALUES ( 20576, 14550, '08:50:00', '08:50:00', 40 );
INSERT INTO "times" VALUES ( 20576, 14560, '08:51:00', '08:51:00', 40 );
INSERT INTO "times" VALUES ( 20576, 14570, '08:53:00', '08:53:00', 40 );

INSERT INTO "dias" VALUES ( 20577, 100, FALSE, TRUE, 'T0809W', 12710, 14510 );
INSERT INTO "dias_line_groups" VALUES ( 20577, 20 );
INSERT INTO "times" VALUES ( 20577, 12710, NULL, '08:45:00', 40 );
INSERT INTO "times" VALUES ( 20577, 14510, '08:59:00', NULL, NULL );
INSERT INTO "times" VALUES ( 20577, 14520, '08:57:00', '08:57:00', 40 );
INSERT INTO "times" VALUES ( 20577, 14530, '08:54:00', '08:54:00', 40 );
INSERT INTO "times" VALUES ( 20577, 14540, '08:52:00', '08:52:00', 40 );
INSERT INTO "times" VALUES ( 20577, 14550, '08:51:00', '08:51:00', 40 );
INSERT INTO "times" VALUES ( 20577, 14560, '08:49:00', '08:49:00', 40 );
INSERT INTO "times" VALUES ( 20577, 14570, '08:47:00', '08:47:00', 40 );

INSERT INTO "dias" VALUES ( 20578, 100, FALSE, TRUE, 'T0810H', 14510, 12710 );
INSERT INTO "dias_line_groups" VALUES ( 20578, 20 );
INSERT INTO "times" VALUES ( 20578, 12710, '09:05:00', NULL, NULL );
INSERT INTO "times" VALUES ( 20578, 14510, NULL, '08:52:00', 40 );
INSERT INTO "times" VALUES ( 20578, 14520, '08:53:00', '08:53:00', 40 );
INSERT INTO "times" VALUES ( 20578, 14530, '08:56:00', '08:56:00', 40 );
INSERT INTO "times" VALUES ( 20578, 14540, '08:58:00', '08:58:00', 40 );
INSERT INTO "times" VALUES ( 20578, 14550, '09:00:00', '09:00:00', 40 );
INSERT INTO "times" VALUES ( 20578, 14560, '09:01:00', '09:01:00', 40 );
INSERT INTO "times" VALUES ( 20578, 14570, '09:03:00', '09:03:00', 40 );

INSERT INTO "dias" VALUES ( 20579, 100, FALSE, TRUE, 'T0811W', 12710, 14510 );
INSERT INTO "dias_line_groups" VALUES ( 20579, 20 );
INSERT INTO "times" VALUES ( 20579, 12710, NULL, '08:55:00', 40 );
INSERT INTO "times" VALUES ( 20579, 14510, '09:09:00', NULL, NULL );
INSERT INTO "times" VALUES ( 20579, 14520, '09:07:00', '09:07:00', 40 );
INSERT INTO "times" VALUES ( 20579, 14530, '09:04:00', '09:04:00', 40 );
INSERT INTO "times" VALUES ( 20579, 14540, '09:02:00', '09:02:00', 40 );
INSERT INTO "times" VALUES ( 20579, 14550, '09:01:00', '09:01:00', 40 );
INSERT INTO "times" VALUES ( 20579, 14560, '08:59:00', '08:59:00', 40 );
INSERT INTO "times" VALUES ( 20579, 14570, '08:57:00', '08:57:00', 40 );

INSERT INTO "dias" VALUES ( 20580, 100, FALSE, TRUE, 'T0900H', 14510, 12710 );
INSERT INTO "dias_line_groups" VALUES ( 20580, 20 );
INSERT INTO "times" VALUES ( 20580, 12710, '09:15:00', NULL, NULL );
INSERT INTO "times" VALUES ( 20580, 14510, NULL, '09:02:00', 40 );
INSERT INTO "times" VALUES ( 20580, 14520, '09:03:00', '09:03:00', 40 );
INSERT INTO "times" VALUES ( 20580, 14530, '09:06:00', '09:06:00', 40 );
INSERT INTO "times" VALUES ( 20580, 14540, '09:08:00', '09:08:00', 40 );
INSERT INTO "times" VALUES ( 20580, 14550, '09:10:00', '09:10:00', 40 );
INSERT INTO "times" VALUES ( 20580, 14560, '09:11:00', '09:11:00', 40 );
INSERT INTO "times" VALUES ( 20580, 14570, '09:13:00', '09:13:00', 40 );

INSERT INTO "dias" VALUES ( 20581, 100, FALSE, TRUE, 'T0901W', 12710, 14510 );
INSERT INTO "dias_line_groups" VALUES ( 20581, 20 );
INSERT INTO "times" VALUES ( 20581, 12710, NULL, '09:05:00', 40 );
INSERT INTO "times" VALUES ( 20581, 14510, '09:19:00', NULL, NULL );
INSERT INTO "times" VALUES ( 20581, 14520, '09:17:00', '09:17:00', 40 );
INSERT INTO "times" VALUES ( 20581, 14530, '09:14:00', '09:14:00', 40 );
INSERT INTO "times" VALUES ( 20581, 14540, '09:12:00', '09:12:00', 40 );
INSERT INTO "times" VALUES ( 20581, 14550, '09:11:00', '09:11:00', 40 );
INSERT INTO "times" VALUES ( 20581, 14560, '09:09:00', '09:09:00', 40 );
INSERT INTO "times" VALUES ( 20581, 14570, '09:07:00', '09:07:00', 40 );

INSERT INTO "dias" VALUES ( 20582, 100, FALSE, TRUE, 'T0902H', 14510, 12710 );
INSERT INTO "dias_line_groups" VALUES ( 20582, 20 );
INSERT INTO "times" VALUES ( 20582, 12710, '09:25:00', NULL, NULL );
INSERT INTO "times" VALUES ( 20582, 14510, NULL, '09:12:00', 40 );
INSERT INTO "times" VALUES ( 20582, 14520, '09:13:00', '09:13:00', 40 );
INSERT INTO "times" VALUES ( 20582, 14530, '09:16:00', '09:16:00', 40 );
INSERT INTO "times" VALUES ( 20582, 14540, '09:18:00', '09:18:00', 40 );
INSERT INTO "times" VALUES ( 20582, 14550, '09:20:00', '09:20:00', 40 );
INSERT INTO "times" VALUES ( 20582, 14560, '09:21:00', '09:21:00', 40 );
INSERT INTO "times" VALUES ( 20582, 14570, '09:23:00', '09:23:00', 40 );

INSERT INTO "dias" VALUES ( 20583, 100, FALSE, TRUE, 'T0903W', 12710, 14510 );
INSERT INTO "dias_line_groups" VALUES ( 20583, 20 );
INSERT INTO "times" VALUES ( 20583, 12710, NULL, '09:15:00', 40 );
INSERT INTO "times" VALUES ( 20583, 14510, '09:29:00', NULL, NULL );
INSERT INTO "times" VALUES ( 20583, 14520, '09:27:00', '09:27:00', 40 );
INSERT INTO "times" VALUES ( 20583, 14530, '09:24:00', '09:24:00', 40 );
INSERT INTO "times" VALUES ( 20583, 14540, '09:22:00', '09:22:00', 40 );
INSERT INTO "times" VALUES ( 20583, 14550, '09:21:00', '09:21:00', 40 );
INSERT INTO "times" VALUES ( 20583, 14560, '09:19:00', '09:19:00', 40 );
INSERT INTO "times" VALUES ( 20583, 14570, '09:17:00', '09:17:00', 40 );

INSERT INTO "dias" VALUES ( 20584, 100, FALSE, TRUE, 'T0904H', 14510, 12710 );
INSERT INTO "dias_line_groups" VALUES ( 20584, 20 );
INSERT INTO "times" VALUES ( 20584, 12710, '09:35:00', NULL, NULL );
INSERT INTO "times" VALUES ( 20584, 14510, NULL, '09:22:00', 40 );
INSERT INTO "times" VALUES ( 20584, 14520, '09:23:00', '09:23:00', 40 );
INSERT INTO "times" VALUES ( 20584, 14530, '09:26:00', '09:26:00', 40 );
INSERT INTO "times" VALUES ( 20584, 14540, '09:28:00', '09:28:00', 40 );
INSERT INTO "times" VALUES ( 20584, 14550, '09:30:00', '09:30:00', 40 );
INSERT INTO "times" VALUES ( 20584, 14560, '09:31:00', '09:31:00', 40 );
INSERT INTO "times" VALUES ( 20584, 14570, '09:33:00', '09:33:00', 40 );

INSERT INTO "dias" VALUES ( 20585, 100, FALSE, TRUE, 'T0905W', 12710, 14510 );
INSERT INTO "dias_line_groups" VALUES ( 20585, 20 );
INSERT INTO "times" VALUES ( 20585, 12710, NULL, '09:25:00', 40 );
INSERT INTO "times" VALUES ( 20585, 14510, '09:39:00', NULL, NULL );
INSERT INTO "times" VALUES ( 20585, 14520, '09:37:00', '09:37:00', 40 );
INSERT INTO "times" VALUES ( 20585, 14530, '09:34:00', '09:34:00', 40 );
INSERT INTO "times" VALUES ( 20585, 14540, '09:32:00', '09:32:00', 40 );
INSERT INTO "times" VALUES ( 20585, 14550, '09:31:00', '09:31:00', 40 );
INSERT INTO "times" VALUES ( 20585, 14560, '09:29:00', '09:29:00', 40 );
INSERT INTO "times" VALUES ( 20585, 14570, '09:27:00', '09:27:00', 40 );

INSERT INTO "dias" VALUES ( 20586, 100, FALSE, TRUE, 'T0906H', 14510, 12710 );
INSERT INTO "dias_line_groups" VALUES ( 20586, 20 );
INSERT INTO "times" VALUES ( 20586, 12710, '09:45:00', NULL, NULL );
INSERT INTO "times" VALUES ( 20586, 14510, NULL, '09:32:00', 40 );
INSERT INTO "times" VALUES ( 20586, 14520, '09:33:00', '09:33:00', 40 );
INSERT INTO "times" VALUES ( 20586, 14530, '09:36:00', '09:36:00', 40 );
INSERT INTO "times" VALUES ( 20586, 14540, '09:38:00', '09:38:00', 40 );
INSERT INTO "times" VALUES ( 20586, 14550, '09:40:00', '09:40:00', 40 );
INSERT INTO "times" VALUES ( 20586, 14560, '09:41:00', '09:41:00', 40 );
INSERT INTO "times" VALUES ( 20586, 14570, '09:43:00', '09:43:00', 40 );

INSERT INTO "dias" VALUES ( 20587, 100, FALSE, TRUE, 'T0907W', 12710, 14510 );
INSERT INTO "dias_line_groups" VALUES ( 20587, 20 );
INSERT INTO "times" VALUES ( 20587, 12710, NULL, '09:35:00', 40 );
INSERT INTO "times" VALUES ( 20587, 14510, '09:49:00', NULL, NULL );
INSERT INTO "times" VALUES ( 20587, 14520, '09:47:00', '09:47:00', 40 );
INSERT INTO "times" VALUES ( 20587, 14530, '09:44:00', '09:44:00', 40 );
INSERT INTO "times" VALUES ( 20587, 14540, '09:42:00', '09:42:00', 40 );
INSERT INTO "times" VALUES ( 20587, 14550, '09:41:00', '09:41:00', 40 );
INSERT INTO "times" VALUES ( 20587, 14560, '09:39:00', '09:39:00', 40 );
INSERT INTO "times" VALUES ( 20587, 14570, '09:37:00', '09:37:00', 40 );

INSERT INTO "dias" VALUES ( 20588, 100, FALSE, TRUE, 'T0908H', 14510, 12710 );
INSERT INTO "dias_line_groups" VALUES ( 20588, 20 );
INSERT INTO "times" VALUES ( 20588, 12710, '09:55:00', NULL, NULL );
INSERT INTO "times" VALUES ( 20588, 14510, NULL, '09:42:00', 40 );
INSERT INTO "times" VALUES ( 20588, 14520, '09:43:00', '09:43:00', 40 );
INSERT INTO "times" VALUES ( 20588, 14530, '09:46:00', '09:46:00', 40 );
INSERT INTO "times" VALUES ( 20588, 14540, '09:48:00', '09:48:00', 40 );
INSERT INTO "times" VALUES ( 20588, 14550, '09:50:00', '09:50:00', 40 );
INSERT INTO "times" VALUES ( 20588, 14560, '09:51:00', '09:51:00', 40 );
INSERT INTO "times" VALUES ( 20588, 14570, '09:53:00', '09:53:00', 40 );

INSERT INTO "dias" VALUES ( 20589, 100, FALSE, TRUE, 'T0909W', 12710, 14510 );
INSERT INTO "dias_line_groups" VALUES ( 20589, 20 );
INSERT INTO "times" VALUES ( 20589, 12710, NULL, '09:45:00', 40 );
INSERT INTO "times" VALUES ( 20589, 14510, '09:59:00', NULL, NULL );
INSERT INTO "times" VALUES ( 20589, 14520, '09:57:00', '09:57:00', 40 );
INSERT INTO "times" VALUES ( 20589, 14530, '09:54:00', '09:54:00', 40 );
INSERT INTO "times" VALUES ( 20589, 14540, '09:52:00', '09:52:00', 40 );
INSERT INTO "times" VALUES ( 20589, 14550, '09:51:00', '09:51:00', 40 );
INSERT INTO "times" VALUES ( 20589, 14560, '09:49:00', '09:49:00', 40 );
INSERT INTO "times" VALUES ( 20589, 14570, '09:47:00', '09:47:00', 40 );

INSERT INTO "dias" VALUES ( 20590, 100, FALSE, TRUE, 'T0910H', 14510, 12710 );
INSERT INTO "dias_line_groups" VALUES ( 20590, 20 );
INSERT INTO "times" VALUES ( 20590, 12710, '10:05:00', NULL, NULL );
INSERT INTO "times" VALUES ( 20590, 14510, NULL, '09:52:00', 40 );
INSERT INTO "times" VALUES ( 20590, 14520, '09:53:00', '09:53:00', 40 );
INSERT INTO "times" VALUES ( 20590, 14530, '09:56:00', '09:56:00', 40 );
INSERT INTO "times" VALUES ( 20590, 14540, '09:58:00', '09:58:00', 40 );
INSERT INTO "times" VALUES ( 20590, 14550, '10:00:00', '10:00:00', 40 );
INSERT INTO "times" VALUES ( 20590, 14560, '10:01:00', '10:01:00', 40 );
INSERT INTO "times" VALUES ( 20590, 14570, '10:03:00', '10:03:00', 40 );

INSERT INTO "dias" VALUES ( 20591, 100, FALSE, TRUE, 'T0911W', 12710, 14510 );
INSERT INTO "dias_line_groups" VALUES ( 20591, 20 );
INSERT INTO "times" VALUES ( 20591, 12710, NULL, '09:55:00', 40 );
INSERT INTO "times" VALUES ( 20591, 14510, '10:09:00', NULL, NULL );
INSERT INTO "times" VALUES ( 20591, 14520, '10:07:00', '10:07:00', 40 );
INSERT INTO "times" VALUES ( 20591, 14530, '10:04:00', '10:04:00', 40 );
INSERT INTO "times" VALUES ( 20591, 14540, '10:02:00', '10:02:00', 40 );
INSERT INTO "times" VALUES ( 20591, 14550, '10:01:00', '10:01:00', 40 );
INSERT INTO "times" VALUES ( 20591, 14560, '09:59:00', '09:59:00', 40 );
INSERT INTO "times" VALUES ( 20591, 14570, '09:57:00', '09:57:00', 40 );

INSERT INTO "dias" VALUES ( 20592, 100, FALSE, TRUE, 'T1000H', 14510, 12710 );
INSERT INTO "dias_line_groups" VALUES ( 20592, 20 );
INSERT INTO "times" VALUES ( 20592, 12710, '10:15:00', NULL, NULL );
INSERT INTO "times" VALUES ( 20592, 14510, NULL, '10:02:00', 40 );
INSERT INTO "times" VALUES ( 20592, 14520, '10:03:00', '10:03:00', 40 );
INSERT INTO "times" VALUES ( 20592, 14530, '10:06:00', '10:06:00', 40 );
INSERT INTO "times" VALUES ( 20592, 14540, '10:08:00', '10:08:00', 40 );
INSERT INTO "times" VALUES ( 20592, 14550, '10:10:00', '10:10:00', 40 );
INSERT INTO "times" VALUES ( 20592, 14560, '10:11:00', '10:11:00', 40 );
INSERT INTO "times" VALUES ( 20592, 14570, '10:13:00', '10:13:00', 40 );

INSERT INTO "dias" VALUES ( 20593, 100, FALSE, TRUE, 'T1001W', 12710, 14510 );
INSERT INTO "dias_line_groups" VALUES ( 20593, 20 );
INSERT INTO "times" VALUES ( 20593, 12710, NULL, '10:05:00', 40 );
INSERT INTO "times" VALUES ( 20593, 14510, '10:19:00', NULL, NULL );
INSERT INTO "times" VALUES ( 20593, 14520, '10:17:00', '10:17:00', 40 );
INSERT INTO "times" VALUES ( 20593, 14530, '10:14:00', '10:14:00', 40 );
INSERT INTO "times" VALUES ( 20593, 14540, '10:12:00', '10:12:00', 40 );
INSERT INTO "times" VALUES ( 20593, 14550, '10:11:00', '10:11:00', 40 );
INSERT INTO "times" VALUES ( 20593, 14560, '10:09:00', '10:09:00', 40 );
INSERT INTO "times" VALUES ( 20593, 14570, '10:07:00', '10:07:00', 40 );

INSERT INTO "dias" VALUES ( 20594, 100, FALSE, TRUE, 'T1002H', 14510, 12710 );
INSERT INTO "dias_line_groups" VALUES ( 20594, 20 );
INSERT INTO "times" VALUES ( 20594, 12710, '10:25:00', NULL, NULL );
INSERT INTO "times" VALUES ( 20594, 14510, NULL, '10:12:00', 40 );
INSERT INTO "times" VALUES ( 20594, 14520, '10:13:00', '10:13:00', 40 );
INSERT INTO "times" VALUES ( 20594, 14530, '10:16:00', '10:16:00', 40 );
INSERT INTO "times" VALUES ( 20594, 14540, '10:18:00', '10:18:00', 40 );
INSERT INTO "times" VALUES ( 20594, 14550, '10:20:00', '10:20:00', 40 );
INSERT INTO "times" VALUES ( 20594, 14560, '10:21:00', '10:21:00', 40 );
INSERT INTO "times" VALUES ( 20594, 14570, '10:23:00', '10:23:00', 40 );

INSERT INTO "dias" VALUES ( 20595, 100, FALSE, TRUE, 'T1003W', 12710, 14510 );
INSERT INTO "dias_line_groups" VALUES ( 20595, 20 );
INSERT INTO "times" VALUES ( 20595, 12710, NULL, '10:15:00', 40 );
INSERT INTO "times" VALUES ( 20595, 14510, '10:29:00', NULL, NULL );
INSERT INTO "times" VALUES ( 20595, 14520, '10:27:00', '10:27:00', 40 );
INSERT INTO "times" VALUES ( 20595, 14530, '10:24:00', '10:24:00', 40 );
INSERT INTO "times" VALUES ( 20595, 14540, '10:22:00', '10:22:00', 40 );
INSERT INTO "times" VALUES ( 20595, 14550, '10:21:00', '10:21:00', 40 );
INSERT INTO "times" VALUES ( 20595, 14560, '10:19:00', '10:19:00', 40 );
INSERT INTO "times" VALUES ( 20595, 14570, '10:17:00', '10:17:00', 40 );

INSERT INTO "dias" VALUES ( 20596, 100, FALSE, TRUE, 'T1004H', 14510, 12710 );
INSERT INTO "dias_line_groups" VALUES ( 20596, 20 );
INSERT INTO "times" VALUES ( 20596, 12710, '10:35:00', NULL, NULL );
INSERT INTO "times" VALUES ( 20596, 14510, NULL, '10:22:00', 40 );
INSERT INTO "times" VALUES ( 20596, 14520, '10:23:00', '10:23:00', 40 );
INSERT INTO "times" VALUES ( 20596, 14530, '10:26:00', '10:26:00', 40 );
INSERT INTO "times" VALUES ( 20596, 14540, '10:28:00', '10:28:00', 40 );
INSERT INTO "times" VALUES ( 20596, 14550, '10:30:00', '10:30:00', 40 );
INSERT INTO "times" VALUES ( 20596, 14560, '10:31:00', '10:31:00', 40 );
INSERT INTO "times" VALUES ( 20596, 14570, '10:33:00', '10:33:00', 40 );

INSERT INTO "dias" VALUES ( 20597, 100, FALSE, TRUE, 'T1005W', 12710, 14510 );
INSERT INTO "dias_line_groups" VALUES ( 20597, 20 );
INSERT INTO "times" VALUES ( 20597, 12710, NULL, '10:25:00', 40 );
INSERT INTO "times" VALUES ( 20597, 14510, '10:39:00', NULL, NULL );
INSERT INTO "times" VALUES ( 20597, 14520, '10:37:00', '10:37:00', 40 );
INSERT INTO "times" VALUES ( 20597, 14530, '10:34:00', '10:34:00', 40 );
INSERT INTO "times" VALUES ( 20597, 14540, '10:32:00', '10:32:00', 40 );
INSERT INTO "times" VALUES ( 20597, 14550, '10:31:00', '10:31:00', 40 );
INSERT INTO "times" VALUES ( 20597, 14560, '10:29:00', '10:29:00', 40 );
INSERT INTO "times" VALUES ( 20597, 14570, '10:27:00', '10:27:00', 40 );

INSERT INTO "dias" VALUES ( 20598, 100, FALSE, TRUE, 'T1006H', 14510, 12710 );
INSERT INTO "dias_line_groups" VALUES ( 20598, 20 );
INSERT INTO "times" VALUES ( 20598, 12710, '10:45:00', NULL, NULL );
INSERT INTO "times" VALUES ( 20598, 14510, NULL, '10:32:00', 40 );
INSERT INTO "times" VALUES ( 20598, 14520, '10:33:00', '10:33:00', 40 );
INSERT INTO "times" VALUES ( 20598, 14530, '10:36:00', '10:36:00', 40 );
INSERT INTO "times" VALUES ( 20598, 14540, '10:38:00', '10:38:00', 40 );
INSERT INTO "times" VALUES ( 20598, 14550, '10:40:00', '10:40:00', 40 );
INSERT INTO "times" VALUES ( 20598, 14560, '10:41:00', '10:41:00', 40 );
INSERT INTO "times" VALUES ( 20598, 14570, '10:43:00', '10:43:00', 40 );

INSERT INTO "dias" VALUES ( 20599, 100, FALSE, TRUE, 'T1007W', 12710, 14510 );
INSERT INTO "dias_line_groups" VALUES ( 20599, 20 );
INSERT INTO "times" VALUES ( 20599, 12710, NULL, '10:35:00', 40 );
INSERT INTO "times" VALUES ( 20599, 14510, '10:49:00', NULL, NULL );
INSERT INTO "times" VALUES ( 20599, 14520, '10:47:00', '10:47:00', 40 );
INSERT INTO "times" VALUES ( 20599, 14530, '10:44:00', '10:44:00', 40 );
INSERT INTO "times" VALUES ( 20599, 14540, '10:42:00', '10:42:00', 40 );
INSERT INTO "times" VALUES ( 20599, 14550, '10:41:00', '10:41:00', 40 );
INSERT INTO "times" VALUES ( 20599, 14560, '10:39:00', '10:39:00', 40 );
INSERT INTO "times" VALUES ( 20599, 14570, '10:37:00', '10:37:00', 40 );

INSERT INTO "dias" VALUES ( 20600, 100, FALSE, TRUE, 'T1008H', 14510, 12710 );
INSERT INTO "dias_line_groups" VALUES ( 20600, 20 );
INSERT INTO "times" VALUES ( 20600, 12710, '10:55:00', NULL, NULL );
INSERT INTO "times" VALUES ( 20600, 14510, NULL, '10:42:00', 40 );
INSERT INTO "times" VALUES ( 20600, 14520, '10:43:00', '10:43:00', 40 );
INSERT INTO "times" VALUES ( 20600, 14530, '10:46:00', '10:46:00', 40 );
INSERT INTO "times" VALUES ( 20600, 14540, '10:48:00', '10:48:00', 40 );
INSERT INTO "times" VALUES ( 20600, 14550, '10:50:00', '10:50:00', 40 );
INSERT INTO "times" VALUES ( 20600, 14560, '10:51:00', '10:51:00', 40 );
INSERT INTO "times" VALUES ( 20600, 14570, '10:53:00', '10:53:00', 40 );

INSERT INTO "dias" VALUES ( 20601, 100, FALSE, TRUE, 'T1009W', 12710, 14510 );
INSERT INTO "dias_line_groups" VALUES ( 20601, 20 );
INSERT INTO "times" VALUES ( 20601, 12710, NULL, '10:45:00', 40 );
INSERT INTO "times" VALUES ( 20601, 14510, '10:59:00', NULL, NULL );
INSERT INTO "times" VALUES ( 20601, 14520, '10:57:00', '10:57:00', 40 );
INSERT INTO "times" VALUES ( 20601, 14530, '10:54:00', '10:54:00', 40 );
INSERT INTO "times" VALUES ( 20601, 14540, '10:52:00', '10:52:00', 40 );
INSERT INTO "times" VALUES ( 20601, 14550, '10:51:00', '10:51:00', 40 );
INSERT INTO "times" VALUES ( 20601, 14560, '10:49:00', '10:49:00', 40 );
INSERT INTO "times" VALUES ( 20601, 14570, '10:47:00', '10:47:00', 40 );

INSERT INTO "dias" VALUES ( 20602, 100, FALSE, TRUE, 'T1010H', 14510, 12710 );
INSERT INTO "dias_line_groups" VALUES ( 20602, 20 );
INSERT INTO "times" VALUES ( 20602, 12710, '11:05:00', NULL, NULL );
INSERT INTO "times" VALUES ( 20602, 14510, NULL, '10:52:00', 40 );
INSERT INTO "times" VALUES ( 20602, 14520, '10:53:00', '10:53:00', 40 );
INSERT INTO "times" VALUES ( 20602, 14530, '10:56:00', '10:56:00', 40 );
INSERT INTO "times" VALUES ( 20602, 14540, '10:58:00', '10:58:00', 40 );
INSERT INTO "times" VALUES ( 20602, 14550, '11:00:00', '11:00:00', 40 );
INSERT INTO "times" VALUES ( 20602, 14560, '11:01:00', '11:01:00', 40 );
INSERT INTO "times" VALUES ( 20602, 14570, '11:03:00', '11:03:00', 40 );

INSERT INTO "dias" VALUES ( 20603, 100, FALSE, TRUE, 'T1011W', 12710, 14510 );
INSERT INTO "dias_line_groups" VALUES ( 20603, 20 );
INSERT INTO "times" VALUES ( 20603, 12710, NULL, '10:55:00', 40 );
INSERT INTO "times" VALUES ( 20603, 14510, '11:09:00', NULL, NULL );
INSERT INTO "times" VALUES ( 20603, 14520, '11:07:00', '11:07:00', 40 );
INSERT INTO "times" VALUES ( 20603, 14530, '11:04:00', '11:04:00', 40 );
INSERT INTO "times" VALUES ( 20603, 14540, '11:02:00', '11:02:00', 40 );
INSERT INTO "times" VALUES ( 20603, 14550, '11:01:00', '11:01:00', 40 );
INSERT INTO "times" VALUES ( 20603, 14560, '10:59:00', '10:59:00', 40 );
INSERT INTO "times" VALUES ( 20603, 14570, '10:57:00', '10:57:00', 40 );

INSERT INTO "dias" VALUES ( 20604, 100, FALSE, TRUE, 'T1100H', 14510, 12710 );
INSERT INTO "dias_line_groups" VALUES ( 20604, 20 );
INSERT INTO "times" VALUES ( 20604, 12710, '11:15:00', NULL, NULL );
INSERT INTO "times" VALUES ( 20604, 14510, NULL, '11:02:00', 40 );
INSERT INTO "times" VALUES ( 20604, 14520, '11:03:00', '11:03:00', 40 );
INSERT INTO "times" VALUES ( 20604, 14530, '11:06:00', '11:06:00', 40 );
INSERT INTO "times" VALUES ( 20604, 14540, '11:08:00', '11:08:00', 40 );
INSERT INTO "times" VALUES ( 20604, 14550, '11:10:00', '11:10:00', 40 );
INSERT INTO "times" VALUES ( 20604, 14560, '11:11:00', '11:11:00', 40 );
INSERT INTO "times" VALUES ( 20604, 14570, '11:13:00', '11:13:00', 40 );

INSERT INTO "dias" VALUES ( 20605, 100, FALSE, TRUE, 'T1101W', 12710, 14510 );
INSERT INTO "dias_line_groups" VALUES ( 20605, 20 );
INSERT INTO "times" VALUES ( 20605, 12710, NULL, '11:05:00', 40 );
INSERT INTO "times" VALUES ( 20605, 14510, '11:19:00', NULL, NULL );
INSERT INTO "times" VALUES ( 20605, 14520, '11:17:00', '11:17:00', 40 );
INSERT INTO "times" VALUES ( 20605, 14530, '11:14:00', '11:14:00', 40 );
INSERT INTO "times" VALUES ( 20605, 14540, '11:12:00', '11:12:00', 40 );
INSERT INTO "times" VALUES ( 20605, 14550, '11:11:00', '11:11:00', 40 );
INSERT INTO "times" VALUES ( 20605, 14560, '11:09:00', '11:09:00', 40 );
INSERT INTO "times" VALUES ( 20605, 14570, '11:07:00', '11:07:00', 40 );

INSERT INTO "dias" VALUES ( 20606, 100, FALSE, TRUE, 'T1102H', 14510, 12710 );
INSERT INTO "dias_line_groups" VALUES ( 20606, 20 );
INSERT INTO "times" VALUES ( 20606, 12710, '11:25:00', NULL, NULL );
INSERT INTO "times" VALUES ( 20606, 14510, NULL, '11:12:00', 40 );
INSERT INTO "times" VALUES ( 20606, 14520, '11:13:00', '11:13:00', 40 );
INSERT INTO "times" VALUES ( 20606, 14530, '11:16:00', '11:16:00', 40 );
INSERT INTO "times" VALUES ( 20606, 14540, '11:18:00', '11:18:00', 40 );
INSERT INTO "times" VALUES ( 20606, 14550, '11:20:00', '11:20:00', 40 );
INSERT INTO "times" VALUES ( 20606, 14560, '11:21:00', '11:21:00', 40 );
INSERT INTO "times" VALUES ( 20606, 14570, '11:23:00', '11:23:00', 40 );

INSERT INTO "dias" VALUES ( 20607, 100, FALSE, TRUE, 'T1103W', 12710, 14510 );
INSERT INTO "dias_line_groups" VALUES ( 20607, 20 );
INSERT INTO "times" VALUES ( 20607, 12710, NULL, '11:15:00', 40 );
INSERT INTO "times" VALUES ( 20607, 14510, '11:29:00', NULL, NULL );
INSERT INTO "times" VALUES ( 20607, 14520, '11:27:00', '11:27:00', 40 );
INSERT INTO "times" VALUES ( 20607, 14530, '11:24:00', '11:24:00', 40 );
INSERT INTO "times" VALUES ( 20607, 14540, '11:22:00', '11:22:00', 40 );
INSERT INTO "times" VALUES ( 20607, 14550, '11:21:00', '11:21:00', 40 );
INSERT INTO "times" VALUES ( 20607, 14560, '11:19:00', '11:19:00', 40 );
INSERT INTO "times" VALUES ( 20607, 14570, '11:17:00', '11:17:00', 40 );

INSERT INTO "dias" VALUES ( 20608, 100, FALSE, TRUE, 'T1104H', 14510, 12710 );
INSERT INTO "dias_line_groups" VALUES ( 20608, 20 );
INSERT INTO "times" VALUES ( 20608, 12710, '11:35:00', NULL, NULL );
INSERT INTO "times" VALUES ( 20608, 14510, NULL, '11:22:00', 40 );
INSERT INTO "times" VALUES ( 20608, 14520, '11:23:00', '11:23:00', 40 );
INSERT INTO "times" VALUES ( 20608, 14530, '11:26:00', '11:26:00', 40 );
INSERT INTO "times" VALUES ( 20608, 14540, '11:28:00', '11:28:00', 40 );
INSERT INTO "times" VALUES ( 20608, 14550, '11:30:00', '11:30:00', 40 );
INSERT INTO "times" VALUES ( 20608, 14560, '11:31:00', '11:31:00', 40 );
INSERT INTO "times" VALUES ( 20608, 14570, '11:33:00', '11:33:00', 40 );

INSERT INTO "dias" VALUES ( 20609, 100, FALSE, TRUE, 'T1105W', 12710, 14510 );
INSERT INTO "dias_line_groups" VALUES ( 20609, 20 );
INSERT INTO "times" VALUES ( 20609, 12710, NULL, '11:25:00', 40 );
INSERT INTO "times" VALUES ( 20609, 14510, '11:39:00', NULL, NULL );
INSERT INTO "times" VALUES ( 20609, 14520, '11:37:00', '11:37:00', 40 );
INSERT INTO "times" VALUES ( 20609, 14530, '11:34:00', '11:34:00', 40 );
INSERT INTO "times" VALUES ( 20609, 14540, '11:32:00', '11:32:00', 40 );
INSERT INTO "times" VALUES ( 20609, 14550, '11:31:00', '11:31:00', 40 );
INSERT INTO "times" VALUES ( 20609, 14560, '11:29:00', '11:29:00', 40 );
INSERT INTO "times" VALUES ( 20609, 14570, '11:27:00', '11:27:00', 40 );

INSERT INTO "dias" VALUES ( 20610, 100, FALSE, TRUE, 'T1106H', 14510, 12710 );
INSERT INTO "dias_line_groups" VALUES ( 20610, 20 );
INSERT INTO "times" VALUES ( 20610, 12710, '11:45:00', NULL, NULL );
INSERT INTO "times" VALUES ( 20610, 14510, NULL, '11:32:00', 40 );
INSERT INTO "times" VALUES ( 20610, 14520, '11:33:00', '11:33:00', 40 );
INSERT INTO "times" VALUES ( 20610, 14530, '11:36:00', '11:36:00', 40 );
INSERT INTO "times" VALUES ( 20610, 14540, '11:38:00', '11:38:00', 40 );
INSERT INTO "times" VALUES ( 20610, 14550, '11:40:00', '11:40:00', 40 );
INSERT INTO "times" VALUES ( 20610, 14560, '11:41:00', '11:41:00', 40 );
INSERT INTO "times" VALUES ( 20610, 14570, '11:43:00', '11:43:00', 40 );

INSERT INTO "dias" VALUES ( 20611, 100, FALSE, TRUE, 'T1107W', 12710, 14510 );
INSERT INTO "dias_line_groups" VALUES ( 20611, 20 );
INSERT INTO "times" VALUES ( 20611, 12710, NULL, '11:35:00', 40 );
INSERT INTO "times" VALUES ( 20611, 14510, '11:49:00', NULL, NULL );
INSERT INTO "times" VALUES ( 20611, 14520, '11:47:00', '11:47:00', 40 );
INSERT INTO "times" VALUES ( 20611, 14530, '11:44:00', '11:44:00', 40 );
INSERT INTO "times" VALUES ( 20611, 14540, '11:42:00', '11:42:00', 40 );
INSERT INTO "times" VALUES ( 20611, 14550, '11:41:00', '11:41:00', 40 );
INSERT INTO "times" VALUES ( 20611, 14560, '11:39:00', '11:39:00', 40 );
INSERT INTO "times" VALUES ( 20611, 14570, '11:37:00', '11:37:00', 40 );

INSERT INTO "dias" VALUES ( 20612, 100, FALSE, TRUE, 'T1108H', 14510, 12710 );
INSERT INTO "dias_line_groups" VALUES ( 20612, 20 );
INSERT INTO "times" VALUES ( 20612, 12710, '11:55:00', NULL, NULL );
INSERT INTO "times" VALUES ( 20612, 14510, NULL, '11:42:00', 40 );
INSERT INTO "times" VALUES ( 20612, 14520, '11:43:00', '11:43:00', 40 );
INSERT INTO "times" VALUES ( 20612, 14530, '11:46:00', '11:46:00', 40 );
INSERT INTO "times" VALUES ( 20612, 14540, '11:48:00', '11:48:00', 40 );
INSERT INTO "times" VALUES ( 20612, 14550, '11:50:00', '11:50:00', 40 );
INSERT INTO "times" VALUES ( 20612, 14560, '11:51:00', '11:51:00', 40 );
INSERT INTO "times" VALUES ( 20612, 14570, '11:53:00', '11:53:00', 40 );

INSERT INTO "dias" VALUES ( 20613, 100, FALSE, TRUE, 'T1109W', 12710, 14510 );
INSERT INTO "dias_line_groups" VALUES ( 20613, 20 );
INSERT INTO "times" VALUES ( 20613, 12710, NULL, '11:45:00', 40 );
INSERT INTO "times" VALUES ( 20613, 14510, '11:59:00', NULL, NULL );
INSERT INTO "times" VALUES ( 20613, 14520, '11:57:00', '11:57:00', 40 );
INSERT INTO "times" VALUES ( 20613, 14530, '11:54:00', '11:54:00', 40 );
INSERT INTO "times" VALUES ( 20613, 14540, '11:52:00', '11:52:00', 40 );
INSERT INTO "times" VALUES ( 20613, 14550, '11:51:00', '11:51:00', 40 );
INSERT INTO "times" VALUES ( 20613, 14560, '11:49:00', '11:49:00', 40 );
INSERT INTO "times" VALUES ( 20613, 14570, '11:47:00', '11:47:00', 40 );

INSERT INTO "dias" VALUES ( 20614, 100, FALSE, TRUE, 'T1110H', 14510, 12710 );
INSERT INTO "dias_line_groups" VALUES ( 20614, 20 );
INSERT INTO "times" VALUES ( 20614, 12710, '12:05:00', NULL, NULL );
INSERT INTO "times" VALUES ( 20614, 14510, NULL, '11:52:00', 40 );
INSERT INTO "times" VALUES ( 20614, 14520, '11:53:00', '11:53:00', 40 );
INSERT INTO "times" VALUES ( 20614, 14530, '11:56:00', '11:56:00', 40 );
INSERT INTO "times" VALUES ( 20614, 14540, '11:58:00', '11:58:00', 40 );
INSERT INTO "times" VALUES ( 20614, 14550, '12:00:00', '12:00:00', 40 );
INSERT INTO "times" VALUES ( 20614, 14560, '12:01:00', '12:01:00', 40 );
INSERT INTO "times" VALUES ( 20614, 14570, '12:03:00', '12:03:00', 40 );

INSERT INTO "dias" VALUES ( 20615, 100, FALSE, TRUE, 'T1111W', 12710, 14510 );
INSERT INTO "dias_line_groups" VALUES ( 20615, 20 );
INSERT INTO "times" VALUES ( 20615, 12710, NULL, '11:55:00', 40 );
INSERT INTO "times" VALUES ( 20615, 14510, '12:09:00', NULL, NULL );
INSERT INTO "times" VALUES ( 20615, 14520, '12:07:00', '12:07:00', 40 );
INSERT INTO "times" VALUES ( 20615, 14530, '12:04:00', '12:04:00', 40 );
INSERT INTO "times" VALUES ( 20615, 14540, '12:02:00', '12:02:00', 40 );
INSERT INTO "times" VALUES ( 20615, 14550, '12:01:00', '12:01:00', 40 );
INSERT INTO "times" VALUES ( 20615, 14560, '11:59:00', '11:59:00', 40 );
INSERT INTO "times" VALUES ( 20615, 14570, '11:57:00', '11:57:00', 40 );

INSERT INTO "dias" VALUES ( 20616, 100, FALSE, TRUE, 'T1200H', 14510, 12710 );
INSERT INTO "dias_line_groups" VALUES ( 20616, 20 );
INSERT INTO "times" VALUES ( 20616, 12710, '12:15:00', NULL, NULL );
INSERT INTO "times" VALUES ( 20616, 14510, NULL, '12:02:00', 40 );
INSERT INTO "times" VALUES ( 20616, 14520, '12:03:00', '12:03:00', 40 );
INSERT INTO "times" VALUES ( 20616, 14530, '12:06:00', '12:06:00', 40 );
INSERT INTO "times" VALUES ( 20616, 14540, '12:08:00', '12:08:00', 40 );
INSERT INTO "times" VALUES ( 20616, 14550, '12:10:00', '12:10:00', 40 );
INSERT INTO "times" VALUES ( 20616, 14560, '12:11:00', '12:11:00', 40 );
INSERT INTO "times" VALUES ( 20616, 14570, '12:13:00', '12:13:00', 40 );

INSERT INTO "dias" VALUES ( 20617, 100, FALSE, TRUE, 'T1201W', 12710, 14510 );
INSERT INTO "dias_line_groups" VALUES ( 20617, 20 );
INSERT INTO "times" VALUES ( 20617, 12710, NULL, '12:05:00', 40 );
INSERT INTO "times" VALUES ( 20617, 14510, '12:19:00', NULL, NULL );
INSERT INTO "times" VALUES ( 20617, 14520, '12:17:00', '12:17:00', 40 );
INSERT INTO "times" VALUES ( 20617, 14530, '12:14:00', '12:14:00', 40 );
INSERT INTO "times" VALUES ( 20617, 14540, '12:12:00', '12:12:00', 40 );
INSERT INTO "times" VALUES ( 20617, 14550, '12:11:00', '12:11:00', 40 );
INSERT INTO "times" VALUES ( 20617, 14560, '12:09:00', '12:09:00', 40 );
INSERT INTO "times" VALUES ( 20617, 14570, '12:07:00', '12:07:00', 40 );

INSERT INTO "dias" VALUES ( 20618, 100, FALSE, TRUE, 'T1202H', 14510, 12710 );
INSERT INTO "dias_line_groups" VALUES ( 20618, 20 );
INSERT INTO "times" VALUES ( 20618, 12710, '12:25:00', NULL, NULL );
INSERT INTO "times" VALUES ( 20618, 14510, NULL, '12:12:00', 40 );
INSERT INTO "times" VALUES ( 20618, 14520, '12:13:00', '12:13:00', 40 );
INSERT INTO "times" VALUES ( 20618, 14530, '12:16:00', '12:16:00', 40 );
INSERT INTO "times" VALUES ( 20618, 14540, '12:18:00', '12:18:00', 40 );
INSERT INTO "times" VALUES ( 20618, 14550, '12:20:00', '12:20:00', 40 );
INSERT INTO "times" VALUES ( 20618, 14560, '12:21:00', '12:21:00', 40 );
INSERT INTO "times" VALUES ( 20618, 14570, '12:23:00', '12:23:00', 40 );

INSERT INTO "dias" VALUES ( 20619, 100, FALSE, TRUE, 'T1203W', 12710, 14510 );
INSERT INTO "dias_line_groups" VALUES ( 20619, 20 );
INSERT INTO "times" VALUES ( 20619, 12710, NULL, '12:15:00', 40 );
INSERT INTO "times" VALUES ( 20619, 14510, '12:29:00', NULL, NULL );
INSERT INTO "times" VALUES ( 20619, 14520, '12:27:00', '12:27:00', 40 );
INSERT INTO "times" VALUES ( 20619, 14530, '12:24:00', '12:24:00', 40 );
INSERT INTO "times" VALUES ( 20619, 14540, '12:22:00', '12:22:00', 40 );
INSERT INTO "times" VALUES ( 20619, 14550, '12:21:00', '12:21:00', 40 );
INSERT INTO "times" VALUES ( 20619, 14560, '12:19:00', '12:19:00', 40 );
INSERT INTO "times" VALUES ( 20619, 14570, '12:17:00', '12:17:00', 40 );

INSERT INTO "dias" VALUES ( 20620, 100, FALSE, TRUE, 'T1204H', 14510, 12710 );
INSERT INTO "dias_line_groups" VALUES ( 20620, 20 );
INSERT INTO "times" VALUES ( 20620, 12710, '12:35:00', NULL, NULL );
INSERT INTO "times" VALUES ( 20620, 14510, NULL, '12:22:00', 40 );
INSERT INTO "times" VALUES ( 20620, 14520, '12:23:00', '12:23:00', 40 );
INSERT INTO "times" VALUES ( 20620, 14530, '12:26:00', '12:26:00', 40 );
INSERT INTO "times" VALUES ( 20620, 14540, '12:28:00', '12:28:00', 40 );
INSERT INTO "times" VALUES ( 20620, 14550, '12:30:00', '12:30:00', 40 );
INSERT INTO "times" VALUES ( 20620, 14560, '12:31:00', '12:31:00', 40 );
INSERT INTO "times" VALUES ( 20620, 14570, '12:33:00', '12:33:00', 40 );

INSERT INTO "dias" VALUES ( 20621, 100, FALSE, TRUE, 'T1205W', 12710, 14510 );
INSERT INTO "dias_line_groups" VALUES ( 20621, 20 );
INSERT INTO "times" VALUES ( 20621, 12710, NULL, '12:25:00', 40 );
INSERT INTO "times" VALUES ( 20621, 14510, '12:39:00', NULL, NULL );
INSERT INTO "times" VALUES ( 20621, 14520, '12:37:00', '12:37:00', 40 );
INSERT INTO "times" VALUES ( 20621, 14530, '12:34:00', '12:34:00', 40 );
INSERT INTO "times" VALUES ( 20621, 14540, '12:32:00', '12:32:00', 40 );
INSERT INTO "times" VALUES ( 20621, 14550, '12:31:00', '12:31:00', 40 );
INSERT INTO "times" VALUES ( 20621, 14560, '12:29:00', '12:29:00', 40 );
INSERT INTO "times" VALUES ( 20621, 14570, '12:27:00', '12:27:00', 40 );

INSERT INTO "dias" VALUES ( 20622, 100, FALSE, TRUE, 'T1206H', 14510, 12710 );
INSERT INTO "dias_line_groups" VALUES ( 20622, 20 );
INSERT INTO "times" VALUES ( 20622, 12710, '12:45:00', NULL, NULL );
INSERT INTO "times" VALUES ( 20622, 14510, NULL, '12:32:00', 40 );
INSERT INTO "times" VALUES ( 20622, 14520, '12:33:00', '12:33:00', 40 );
INSERT INTO "times" VALUES ( 20622, 14530, '12:36:00', '12:36:00', 40 );
INSERT INTO "times" VALUES ( 20622, 14540, '12:38:00', '12:38:00', 40 );
INSERT INTO "times" VALUES ( 20622, 14550, '12:40:00', '12:40:00', 40 );
INSERT INTO "times" VALUES ( 20622, 14560, '12:41:00', '12:41:00', 40 );
INSERT INTO "times" VALUES ( 20622, 14570, '12:43:00', '12:43:00', 40 );

INSERT INTO "dias" VALUES ( 20623, 100, FALSE, TRUE, 'T1207W', 12710, 14510 );
INSERT INTO "dias_line_groups" VALUES ( 20623, 20 );
INSERT INTO "times" VALUES ( 20623, 12710, NULL, '12:35:00', 40 );
INSERT INTO "times" VALUES ( 20623, 14510, '12:49:00', NULL, NULL );
INSERT INTO "times" VALUES ( 20623, 14520, '12:47:00', '12:47:00', 40 );
INSERT INTO "times" VALUES ( 20623, 14530, '12:44:00', '12:44:00', 40 );
INSERT INTO "times" VALUES ( 20623, 14540, '12:42:00', '12:42:00', 40 );
INSERT INTO "times" VALUES ( 20623, 14550, '12:41:00', '12:41:00', 40 );
INSERT INTO "times" VALUES ( 20623, 14560, '12:39:00', '12:39:00', 40 );
INSERT INTO "times" VALUES ( 20623, 14570, '12:37:00', '12:37:00', 40 );

INSERT INTO "dias" VALUES ( 20624, 100, FALSE, TRUE, 'T1208H', 14510, 12710 );
INSERT INTO "dias_line_groups" VALUES ( 20624, 20 );
INSERT INTO "times" VALUES ( 20624, 12710, '12:55:00', NULL, NULL );
INSERT INTO "times" VALUES ( 20624, 14510, NULL, '12:42:00', 40 );
INSERT INTO "times" VALUES ( 20624, 14520, '12:43:00', '12:43:00', 40 );
INSERT INTO "times" VALUES ( 20624, 14530, '12:46:00', '12:46:00', 40 );
INSERT INTO "times" VALUES ( 20624, 14540, '12:48:00', '12:48:00', 40 );
INSERT INTO "times" VALUES ( 20624, 14550, '12:50:00', '12:50:00', 40 );
INSERT INTO "times" VALUES ( 20624, 14560, '12:51:00', '12:51:00', 40 );
INSERT INTO "times" VALUES ( 20624, 14570, '12:53:00', '12:53:00', 40 );

INSERT INTO "dias" VALUES ( 20625, 100, FALSE, TRUE, 'T1209W', 12710, 14510 );
INSERT INTO "dias_line_groups" VALUES ( 20625, 20 );
INSERT INTO "times" VALUES ( 20625, 12710, NULL, '12:45:00', 40 );
INSERT INTO "times" VALUES ( 20625, 14510, '12:59:00', NULL, NULL );
INSERT INTO "times" VALUES ( 20625, 14520, '12:57:00', '12:57:00', 40 );
INSERT INTO "times" VALUES ( 20625, 14530, '12:54:00', '12:54:00', 40 );
INSERT INTO "times" VALUES ( 20625, 14540, '12:52:00', '12:52:00', 40 );
INSERT INTO "times" VALUES ( 20625, 14550, '12:51:00', '12:51:00', 40 );
INSERT INTO "times" VALUES ( 20625, 14560, '12:49:00', '12:49:00', 40 );
INSERT INTO "times" VALUES ( 20625, 14570, '12:47:00', '12:47:00', 40 );

INSERT INTO "dias" VALUES ( 20626, 100, FALSE, TRUE, 'T1210H', 14510, 12710 );
INSERT INTO "dias_line_groups" VALUES ( 20626, 20 );
INSERT INTO "times" VALUES ( 20626, 12710, '13:05:00', NULL, NULL );
INSERT INTO "times" VALUES ( 20626, 14510, NULL, '12:52:00', 40 );
INSERT INTO "times" VALUES ( 20626, 14520, '12:53:00', '12:53:00', 40 );
INSERT INTO "times" VALUES ( 20626, 14530, '12:56:00', '12:56:00', 40 );
INSERT INTO "times" VALUES ( 20626, 14540, '12:58:00', '12:58:00', 40 );
INSERT INTO "times" VALUES ( 20626, 14550, '13:00:00', '13:00:00', 40 );
INSERT INTO "times" VALUES ( 20626, 14560, '13:01:00', '13:01:00', 40 );
INSERT INTO "times" VALUES ( 20626, 14570, '13:03:00', '13:03:00', 40 );

INSERT INTO "dias" VALUES ( 20627, 100, FALSE, TRUE, 'T1211W', 12710, 14510 );
INSERT INTO "dias_line_groups" VALUES ( 20627, 20 );
INSERT INTO "times" VALUES ( 20627, 12710, NULL, '12:55:00', 40 );
INSERT INTO "times" VALUES ( 20627, 14510, '13:09:00', NULL, NULL );
INSERT INTO "times" VALUES ( 20627, 14520, '13:07:00', '13:07:00', 40 );
INSERT INTO "times" VALUES ( 20627, 14530, '13:04:00', '13:04:00', 40 );
INSERT INTO "times" VALUES ( 20627, 14540, '13:02:00', '13:02:00', 40 );
INSERT INTO "times" VALUES ( 20627, 14550, '13:01:00', '13:01:00', 40 );
INSERT INTO "times" VALUES ( 20627, 14560, '12:59:00', '12:59:00', 40 );
INSERT INTO "times" VALUES ( 20627, 14570, '12:57:00', '12:57:00', 40 );

INSERT INTO "dias" VALUES ( 20628, 100, FALSE, TRUE, 'T1300H', 14510, 12710 );
INSERT INTO "dias_line_groups" VALUES ( 20628, 20 );
INSERT INTO "times" VALUES ( 20628, 12710, '13:15:00', NULL, NULL );
INSERT INTO "times" VALUES ( 20628, 14510, NULL, '13:02:00', 40 );
INSERT INTO "times" VALUES ( 20628, 14520, '13:03:00', '13:03:00', 40 );
INSERT INTO "times" VALUES ( 20628, 14530, '13:06:00', '13:06:00', 40 );
INSERT INTO "times" VALUES ( 20628, 14540, '13:08:00', '13:08:00', 40 );
INSERT INTO "times" VALUES ( 20628, 14550, '13:10:00', '13:10:00', 40 );
INSERT INTO "times" VALUES ( 20628, 14560, '13:11:00', '13:11:00', 40 );
INSERT INTO "times" VALUES ( 20628, 14570, '13:13:00', '13:13:00', 40 );

INSERT INTO "dias" VALUES ( 20629, 100, FALSE, TRUE, 'T1301W', 12710, 14510 );
INSERT INTO "dias_line_groups" VALUES ( 20629, 20 );
INSERT INTO "times" VALUES ( 20629, 12710, NULL, '13:05:00', 40 );
INSERT INTO "times" VALUES ( 20629, 14510, '13:19:00', NULL, NULL );
INSERT INTO "times" VALUES ( 20629, 14520, '13:17:00', '13:17:00', 40 );
INSERT INTO "times" VALUES ( 20629, 14530, '13:14:00', '13:14:00', 40 );
INSERT INTO "times" VALUES ( 20629, 14540, '13:12:00', '13:12:00', 40 );
INSERT INTO "times" VALUES ( 20629, 14550, '13:11:00', '13:11:00', 40 );
INSERT INTO "times" VALUES ( 20629, 14560, '13:09:00', '13:09:00', 40 );
INSERT INTO "times" VALUES ( 20629, 14570, '13:07:00', '13:07:00', 40 );

INSERT INTO "dias" VALUES ( 20630, 100, FALSE, TRUE, 'T1302H', 14510, 12710 );
INSERT INTO "dias_line_groups" VALUES ( 20630, 20 );
INSERT INTO "times" VALUES ( 20630, 12710, '13:25:00', NULL, NULL );
INSERT INTO "times" VALUES ( 20630, 14510, NULL, '13:12:00', 40 );
INSERT INTO "times" VALUES ( 20630, 14520, '13:13:00', '13:13:00', 40 );
INSERT INTO "times" VALUES ( 20630, 14530, '13:16:00', '13:16:00', 40 );
INSERT INTO "times" VALUES ( 20630, 14540, '13:18:00', '13:18:00', 40 );
INSERT INTO "times" VALUES ( 20630, 14550, '13:20:00', '13:20:00', 40 );
INSERT INTO "times" VALUES ( 20630, 14560, '13:21:00', '13:21:00', 40 );
INSERT INTO "times" VALUES ( 20630, 14570, '13:23:00', '13:23:00', 40 );

INSERT INTO "dias" VALUES ( 20631, 100, FALSE, TRUE, 'T1303W', 12710, 14510 );
INSERT INTO "dias_line_groups" VALUES ( 20631, 20 );
INSERT INTO "times" VALUES ( 20631, 12710, NULL, '13:15:00', 40 );
INSERT INTO "times" VALUES ( 20631, 14510, '13:29:00', NULL, NULL );
INSERT INTO "times" VALUES ( 20631, 14520, '13:27:00', '13:27:00', 40 );
INSERT INTO "times" VALUES ( 20631, 14530, '13:24:00', '13:24:00', 40 );
INSERT INTO "times" VALUES ( 20631, 14540, '13:22:00', '13:22:00', 40 );
INSERT INTO "times" VALUES ( 20631, 14550, '13:21:00', '13:21:00', 40 );
INSERT INTO "times" VALUES ( 20631, 14560, '13:19:00', '13:19:00', 40 );
INSERT INTO "times" VALUES ( 20631, 14570, '13:17:00', '13:17:00', 40 );

INSERT INTO "dias" VALUES ( 20632, 100, FALSE, TRUE, 'T1304H', 14510, 12710 );
INSERT INTO "dias_line_groups" VALUES ( 20632, 20 );
INSERT INTO "times" VALUES ( 20632, 12710, '13:35:00', NULL, NULL );
INSERT INTO "times" VALUES ( 20632, 14510, NULL, '13:22:00', 40 );
INSERT INTO "times" VALUES ( 20632, 14520, '13:23:00', '13:23:00', 40 );
INSERT INTO "times" VALUES ( 20632, 14530, '13:26:00', '13:26:00', 40 );
INSERT INTO "times" VALUES ( 20632, 14540, '13:28:00', '13:28:00', 40 );
INSERT INTO "times" VALUES ( 20632, 14550, '13:30:00', '13:30:00', 40 );
INSERT INTO "times" VALUES ( 20632, 14560, '13:31:00', '13:31:00', 40 );
INSERT INTO "times" VALUES ( 20632, 14570, '13:33:00', '13:33:00', 40 );

INSERT INTO "dias" VALUES ( 20633, 100, FALSE, TRUE, 'T1305W', 12710, 14510 );
INSERT INTO "dias_line_groups" VALUES ( 20633, 20 );
INSERT INTO "times" VALUES ( 20633, 12710, NULL, '13:25:00', 40 );
INSERT INTO "times" VALUES ( 20633, 14510, '13:39:00', NULL, NULL );
INSERT INTO "times" VALUES ( 20633, 14520, '13:37:00', '13:37:00', 40 );
INSERT INTO "times" VALUES ( 20633, 14530, '13:34:00', '13:34:00', 40 );
INSERT INTO "times" VALUES ( 20633, 14540, '13:32:00', '13:32:00', 40 );
INSERT INTO "times" VALUES ( 20633, 14550, '13:31:00', '13:31:00', 40 );
INSERT INTO "times" VALUES ( 20633, 14560, '13:29:00', '13:29:00', 40 );
INSERT INTO "times" VALUES ( 20633, 14570, '13:27:00', '13:27:00', 40 );

INSERT INTO "dias" VALUES ( 20634, 100, FALSE, TRUE, 'T1306H', 14510, 12710 );
INSERT INTO "dias_line_groups" VALUES ( 20634, 20 );
INSERT INTO "times" VALUES ( 20634, 12710, '13:45:00', NULL, NULL );
INSERT INTO "times" VALUES ( 20634, 14510, NULL, '13:32:00', 40 );
INSERT INTO "times" VALUES ( 20634, 14520, '13:33:00', '13:33:00', 40 );
INSERT INTO "times" VALUES ( 20634, 14530, '13:36:00', '13:36:00', 40 );
INSERT INTO "times" VALUES ( 20634, 14540, '13:38:00', '13:38:00', 40 );
INSERT INTO "times" VALUES ( 20634, 14550, '13:40:00', '13:40:00', 40 );
INSERT INTO "times" VALUES ( 20634, 14560, '13:41:00', '13:41:00', 40 );
INSERT INTO "times" VALUES ( 20634, 14570, '13:43:00', '13:43:00', 40 );

INSERT INTO "dias" VALUES ( 20635, 100, FALSE, TRUE, 'T1307W', 12710, 14510 );
INSERT INTO "dias_line_groups" VALUES ( 20635, 20 );
INSERT INTO "times" VALUES ( 20635, 12710, NULL, '13:35:00', 40 );
INSERT INTO "times" VALUES ( 20635, 14510, '13:49:00', NULL, NULL );
INSERT INTO "times" VALUES ( 20635, 14520, '13:47:00', '13:47:00', 40 );
INSERT INTO "times" VALUES ( 20635, 14530, '13:44:00', '13:44:00', 40 );
INSERT INTO "times" VALUES ( 20635, 14540, '13:42:00', '13:42:00', 40 );
INSERT INTO "times" VALUES ( 20635, 14550, '13:41:00', '13:41:00', 40 );
INSERT INTO "times" VALUES ( 20635, 14560, '13:39:00', '13:39:00', 40 );
INSERT INTO "times" VALUES ( 20635, 14570, '13:37:00', '13:37:00', 40 );

INSERT INTO "dias" VALUES ( 20636, 100, FALSE, TRUE, 'T1308H', 14510, 12710 );
INSERT INTO "dias_line_groups" VALUES ( 20636, 20 );
INSERT INTO "times" VALUES ( 20636, 12710, '13:55:00', NULL, NULL );
INSERT INTO "times" VALUES ( 20636, 14510, NULL, '13:42:00', 40 );
INSERT INTO "times" VALUES ( 20636, 14520, '13:43:00', '13:43:00', 40 );
INSERT INTO "times" VALUES ( 20636, 14530, '13:46:00', '13:46:00', 40 );
INSERT INTO "times" VALUES ( 20636, 14540, '13:48:00', '13:48:00', 40 );
INSERT INTO "times" VALUES ( 20636, 14550, '13:50:00', '13:50:00', 40 );
INSERT INTO "times" VALUES ( 20636, 14560, '13:51:00', '13:51:00', 40 );
INSERT INTO "times" VALUES ( 20636, 14570, '13:53:00', '13:53:00', 40 );

INSERT INTO "dias" VALUES ( 20637, 100, FALSE, TRUE, 'T1309W', 12710, 14510 );
INSERT INTO "dias_line_groups" VALUES ( 20637, 20 );
INSERT INTO "times" VALUES ( 20637, 12710, NULL, '13:45:00', 40 );
INSERT INTO "times" VALUES ( 20637, 14510, '13:59:00', NULL, NULL );
INSERT INTO "times" VALUES ( 20637, 14520, '13:57:00', '13:57:00', 40 );
INSERT INTO "times" VALUES ( 20637, 14530, '13:54:00', '13:54:00', 40 );
INSERT INTO "times" VALUES ( 20637, 14540, '13:52:00', '13:52:00', 40 );
INSERT INTO "times" VALUES ( 20637, 14550, '13:51:00', '13:51:00', 40 );
INSERT INTO "times" VALUES ( 20637, 14560, '13:49:00', '13:49:00', 40 );
INSERT INTO "times" VALUES ( 20637, 14570, '13:47:00', '13:47:00', 40 );

INSERT INTO "dias" VALUES ( 20638, 100, FALSE, TRUE, 'T1310H', 14510, 12710 );
INSERT INTO "dias_line_groups" VALUES ( 20638, 20 );
INSERT INTO "times" VALUES ( 20638, 12710, '14:05:00', NULL, NULL );
INSERT INTO "times" VALUES ( 20638, 14510, NULL, '13:52:00', 40 );
INSERT INTO "times" VALUES ( 20638, 14520, '13:53:00', '13:53:00', 40 );
INSERT INTO "times" VALUES ( 20638, 14530, '13:56:00', '13:56:00', 40 );
INSERT INTO "times" VALUES ( 20638, 14540, '13:58:00', '13:58:00', 40 );
INSERT INTO "times" VALUES ( 20638, 14550, '14:00:00', '14:00:00', 40 );
INSERT INTO "times" VALUES ( 20638, 14560, '14:01:00', '14:01:00', 40 );
INSERT INTO "times" VALUES ( 20638, 14570, '14:03:00', '14:03:00', 40 );

INSERT INTO "dias" VALUES ( 20639, 100, FALSE, TRUE, 'T1311W', 12710, 14510 );
INSERT INTO "dias_line_groups" VALUES ( 20639, 20 );
INSERT INTO "times" VALUES ( 20639, 12710, NULL, '13:55:00', 40 );
INSERT INTO "times" VALUES ( 20639, 14510, '14:09:00', NULL, NULL );
INSERT INTO "times" VALUES ( 20639, 14520, '14:07:00', '14:07:00', 40 );
INSERT INTO "times" VALUES ( 20639, 14530, '14:04:00', '14:04:00', 40 );
INSERT INTO "times" VALUES ( 20639, 14540, '14:02:00', '14:02:00', 40 );
INSERT INTO "times" VALUES ( 20639, 14550, '14:01:00', '14:01:00', 40 );
INSERT INTO "times" VALUES ( 20639, 14560, '13:59:00', '13:59:00', 40 );
INSERT INTO "times" VALUES ( 20639, 14570, '13:57:00', '13:57:00', 40 );

INSERT INTO "dias" VALUES ( 20640, 100, FALSE, TRUE, 'T1400H', 14510, 12710 );
INSERT INTO "dias_line_groups" VALUES ( 20640, 20 );
INSERT INTO "times" VALUES ( 20640, 12710, '14:15:00', NULL, NULL );
INSERT INTO "times" VALUES ( 20640, 14510, NULL, '14:02:00', 40 );
INSERT INTO "times" VALUES ( 20640, 14520, '14:03:00', '14:03:00', 40 );
INSERT INTO "times" VALUES ( 20640, 14530, '14:06:00', '14:06:00', 40 );
INSERT INTO "times" VALUES ( 20640, 14540, '14:08:00', '14:08:00', 40 );
INSERT INTO "times" VALUES ( 20640, 14550, '14:10:00', '14:10:00', 40 );
INSERT INTO "times" VALUES ( 20640, 14560, '14:11:00', '14:11:00', 40 );
INSERT INTO "times" VALUES ( 20640, 14570, '14:13:00', '14:13:00', 40 );

INSERT INTO "dias" VALUES ( 20641, 100, FALSE, TRUE, 'T1401W', 12710, 14510 );
INSERT INTO "dias_line_groups" VALUES ( 20641, 20 );
INSERT INTO "times" VALUES ( 20641, 12710, NULL, '14:05:00', 40 );
INSERT INTO "times" VALUES ( 20641, 14510, '14:19:00', NULL, NULL );
INSERT INTO "times" VALUES ( 20641, 14520, '14:17:00', '14:17:00', 40 );
INSERT INTO "times" VALUES ( 20641, 14530, '14:14:00', '14:14:00', 40 );
INSERT INTO "times" VALUES ( 20641, 14540, '14:12:00', '14:12:00', 40 );
INSERT INTO "times" VALUES ( 20641, 14550, '14:11:00', '14:11:00', 40 );
INSERT INTO "times" VALUES ( 20641, 14560, '14:09:00', '14:09:00', 40 );
INSERT INTO "times" VALUES ( 20641, 14570, '14:07:00', '14:07:00', 40 );

INSERT INTO "dias" VALUES ( 20642, 100, FALSE, TRUE, 'T1402H', 14510, 12710 );
INSERT INTO "dias_line_groups" VALUES ( 20642, 20 );
INSERT INTO "times" VALUES ( 20642, 12710, '14:25:00', NULL, NULL );
INSERT INTO "times" VALUES ( 20642, 14510, NULL, '14:12:00', 40 );
INSERT INTO "times" VALUES ( 20642, 14520, '14:13:00', '14:13:00', 40 );
INSERT INTO "times" VALUES ( 20642, 14530, '14:16:00', '14:16:00', 40 );
INSERT INTO "times" VALUES ( 20642, 14540, '14:18:00', '14:18:00', 40 );
INSERT INTO "times" VALUES ( 20642, 14550, '14:20:00', '14:20:00', 40 );
INSERT INTO "times" VALUES ( 20642, 14560, '14:21:00', '14:21:00', 40 );
INSERT INTO "times" VALUES ( 20642, 14570, '14:23:00', '14:23:00', 40 );

INSERT INTO "dias" VALUES ( 20643, 100, FALSE, TRUE, 'T1403W', 12710, 14510 );
INSERT INTO "dias_line_groups" VALUES ( 20643, 20 );
INSERT INTO "times" VALUES ( 20643, 12710, NULL, '14:15:00', 40 );
INSERT INTO "times" VALUES ( 20643, 14510, '14:29:00', NULL, NULL );
INSERT INTO "times" VALUES ( 20643, 14520, '14:27:00', '14:27:00', 40 );
INSERT INTO "times" VALUES ( 20643, 14530, '14:24:00', '14:24:00', 40 );
INSERT INTO "times" VALUES ( 20643, 14540, '14:22:00', '14:22:00', 40 );
INSERT INTO "times" VALUES ( 20643, 14550, '14:21:00', '14:21:00', 40 );
INSERT INTO "times" VALUES ( 20643, 14560, '14:19:00', '14:19:00', 40 );
INSERT INTO "times" VALUES ( 20643, 14570, '14:17:00', '14:17:00', 40 );

INSERT INTO "dias" VALUES ( 20644, 100, FALSE, TRUE, 'T1404H', 14510, 12710 );
INSERT INTO "dias_line_groups" VALUES ( 20644, 20 );
INSERT INTO "times" VALUES ( 20644, 12710, '14:35:00', NULL, NULL );
INSERT INTO "times" VALUES ( 20644, 14510, NULL, '14:22:00', 40 );
INSERT INTO "times" VALUES ( 20644, 14520, '14:23:00', '14:23:00', 40 );
INSERT INTO "times" VALUES ( 20644, 14530, '14:26:00', '14:26:00', 40 );
INSERT INTO "times" VALUES ( 20644, 14540, '14:28:00', '14:28:00', 40 );
INSERT INTO "times" VALUES ( 20644, 14550, '14:30:00', '14:30:00', 40 );
INSERT INTO "times" VALUES ( 20644, 14560, '14:31:00', '14:31:00', 40 );
INSERT INTO "times" VALUES ( 20644, 14570, '14:33:00', '14:33:00', 40 );

INSERT INTO "dias" VALUES ( 20645, 100, FALSE, TRUE, 'T1405W', 12710, 14510 );
INSERT INTO "dias_line_groups" VALUES ( 20645, 20 );
INSERT INTO "times" VALUES ( 20645, 12710, NULL, '14:25:00', 40 );
INSERT INTO "times" VALUES ( 20645, 14510, '14:39:00', NULL, NULL );
INSERT INTO "times" VALUES ( 20645, 14520, '14:37:00', '14:37:00', 40 );
INSERT INTO "times" VALUES ( 20645, 14530, '14:34:00', '14:34:00', 40 );
INSERT INTO "times" VALUES ( 20645, 14540, '14:32:00', '14:32:00', 40 );
INSERT INTO "times" VALUES ( 20645, 14550, '14:31:00', '14:31:00', 40 );
INSERT INTO "times" VALUES ( 20645, 14560, '14:29:00', '14:29:00', 40 );
INSERT INTO "times" VALUES ( 20645, 14570, '14:27:00', '14:27:00', 40 );

INSERT INTO "dias" VALUES ( 20646, 100, FALSE, TRUE, 'T1406H', 14510, 12710 );
INSERT INTO "dias_line_groups" VALUES ( 20646, 20 );
INSERT INTO "times" VALUES ( 20646, 12710, '14:45:00', NULL, NULL );
INSERT INTO "times" VALUES ( 20646, 14510, NULL, '14:32:00', 40 );
INSERT INTO "times" VALUES ( 20646, 14520, '14:33:00', '14:33:00', 40 );
INSERT INTO "times" VALUES ( 20646, 14530, '14:36:00', '14:36:00', 40 );
INSERT INTO "times" VALUES ( 20646, 14540, '14:38:00', '14:38:00', 40 );
INSERT INTO "times" VALUES ( 20646, 14550, '14:40:00', '14:40:00', 40 );
INSERT INTO "times" VALUES ( 20646, 14560, '14:41:00', '14:41:00', 40 );
INSERT INTO "times" VALUES ( 20646, 14570, '14:43:00', '14:43:00', 40 );

INSERT INTO "dias" VALUES ( 20647, 100, FALSE, TRUE, 'T1407W', 12710, 14510 );
INSERT INTO "dias_line_groups" VALUES ( 20647, 20 );
INSERT INTO "times" VALUES ( 20647, 12710, NULL, '14:35:00', 40 );
INSERT INTO "times" VALUES ( 20647, 14510, '14:49:00', NULL, NULL );
INSERT INTO "times" VALUES ( 20647, 14520, '14:47:00', '14:47:00', 40 );
INSERT INTO "times" VALUES ( 20647, 14530, '14:44:00', '14:44:00', 40 );
INSERT INTO "times" VALUES ( 20647, 14540, '14:42:00', '14:42:00', 40 );
INSERT INTO "times" VALUES ( 20647, 14550, '14:41:00', '14:41:00', 40 );
INSERT INTO "times" VALUES ( 20647, 14560, '14:39:00', '14:39:00', 40 );
INSERT INTO "times" VALUES ( 20647, 14570, '14:37:00', '14:37:00', 40 );

INSERT INTO "dias" VALUES ( 20648, 100, FALSE, TRUE, 'T1408H', 14510, 12710 );
INSERT INTO "dias_line_groups" VALUES ( 20648, 20 );
INSERT INTO "times" VALUES ( 20648, 12710, '14:55:00', NULL, NULL );
INSERT INTO "times" VALUES ( 20648, 14510, NULL, '14:42:00', 40 );
INSERT INTO "times" VALUES ( 20648, 14520, '14:43:00', '14:43:00', 40 );
INSERT INTO "times" VALUES ( 20648, 14530, '14:46:00', '14:46:00', 40 );
INSERT INTO "times" VALUES ( 20648, 14540, '14:48:00', '14:48:00', 40 );
INSERT INTO "times" VALUES ( 20648, 14550, '14:50:00', '14:50:00', 40 );
INSERT INTO "times" VALUES ( 20648, 14560, '14:51:00', '14:51:00', 40 );
INSERT INTO "times" VALUES ( 20648, 14570, '14:53:00', '14:53:00', 40 );

INSERT INTO "dias" VALUES ( 20649, 100, FALSE, TRUE, 'T1409W', 12710, 14510 );
INSERT INTO "dias_line_groups" VALUES ( 20649, 20 );
INSERT INTO "times" VALUES ( 20649, 12710, NULL, '14:45:00', 40 );
INSERT INTO "times" VALUES ( 20649, 14510, '14:59:00', NULL, NULL );
INSERT INTO "times" VALUES ( 20649, 14520, '14:57:00', '14:57:00', 40 );
INSERT INTO "times" VALUES ( 20649, 14530, '14:54:00', '14:54:00', 40 );
INSERT INTO "times" VALUES ( 20649, 14540, '14:52:00', '14:52:00', 40 );
INSERT INTO "times" VALUES ( 20649, 14550, '14:51:00', '14:51:00', 40 );
INSERT INTO "times" VALUES ( 20649, 14560, '14:49:00', '14:49:00', 40 );
INSERT INTO "times" VALUES ( 20649, 14570, '14:47:00', '14:47:00', 40 );

INSERT INTO "dias" VALUES ( 20650, 100, FALSE, TRUE, 'T1410H', 14510, 12710 );
INSERT INTO "dias_line_groups" VALUES ( 20650, 20 );
INSERT INTO "times" VALUES ( 20650, 12710, '15:05:00', NULL, NULL );
INSERT INTO "times" VALUES ( 20650, 14510, NULL, '14:52:00', 40 );
INSERT INTO "times" VALUES ( 20650, 14520, '14:53:00', '14:53:00', 40 );
INSERT INTO "times" VALUES ( 20650, 14530, '14:56:00', '14:56:00', 40 );
INSERT INTO "times" VALUES ( 20650, 14540, '14:58:00', '14:58:00', 40 );
INSERT INTO "times" VALUES ( 20650, 14550, '15:00:00', '15:00:00', 40 );
INSERT INTO "times" VALUES ( 20650, 14560, '15:01:00', '15:01:00', 40 );
INSERT INTO "times" VALUES ( 20650, 14570, '15:03:00', '15:03:00', 40 );

INSERT INTO "dias" VALUES ( 20651, 100, FALSE, TRUE, 'T1411W', 12710, 14510 );
INSERT INTO "dias_line_groups" VALUES ( 20651, 20 );
INSERT INTO "times" VALUES ( 20651, 12710, NULL, '14:55:00', 40 );
INSERT INTO "times" VALUES ( 20651, 14510, '15:09:00', NULL, NULL );
INSERT INTO "times" VALUES ( 20651, 14520, '15:07:00', '15:07:00', 40 );
INSERT INTO "times" VALUES ( 20651, 14530, '15:04:00', '15:04:00', 40 );
INSERT INTO "times" VALUES ( 20651, 14540, '15:02:00', '15:02:00', 40 );
INSERT INTO "times" VALUES ( 20651, 14550, '15:01:00', '15:01:00', 40 );
INSERT INTO "times" VALUES ( 20651, 14560, '14:59:00', '14:59:00', 40 );
INSERT INTO "times" VALUES ( 20651, 14570, '14:57:00', '14:57:00', 40 );

INSERT INTO "dias" VALUES ( 20652, 100, FALSE, TRUE, 'T1500H', 14510, 12710 );
INSERT INTO "dias_line_groups" VALUES ( 20652, 20 );
INSERT INTO "times" VALUES ( 20652, 12710, '15:15:00', NULL, NULL );
INSERT INTO "times" VALUES ( 20652, 14510, NULL, '15:02:00', 40 );
INSERT INTO "times" VALUES ( 20652, 14520, '15:03:00', '15:03:00', 40 );
INSERT INTO "times" VALUES ( 20652, 14530, '15:06:00', '15:06:00', 40 );
INSERT INTO "times" VALUES ( 20652, 14540, '15:08:00', '15:08:00', 40 );
INSERT INTO "times" VALUES ( 20652, 14550, '15:10:00', '15:10:00', 40 );
INSERT INTO "times" VALUES ( 20652, 14560, '15:11:00', '15:11:00', 40 );
INSERT INTO "times" VALUES ( 20652, 14570, '15:13:00', '15:13:00', 40 );

INSERT INTO "dias" VALUES ( 20653, 100, FALSE, TRUE, 'T1501W', 12710, 14510 );
INSERT INTO "dias_line_groups" VALUES ( 20653, 20 );
INSERT INTO "times" VALUES ( 20653, 12710, NULL, '15:05:00', 40 );
INSERT INTO "times" VALUES ( 20653, 14510, '15:19:00', NULL, NULL );
INSERT INTO "times" VALUES ( 20653, 14520, '15:17:00', '15:17:00', 40 );
INSERT INTO "times" VALUES ( 20653, 14530, '15:14:00', '15:14:00', 40 );
INSERT INTO "times" VALUES ( 20653, 14540, '15:12:00', '15:12:00', 40 );
INSERT INTO "times" VALUES ( 20653, 14550, '15:11:00', '15:11:00', 40 );
INSERT INTO "times" VALUES ( 20653, 14560, '15:09:00', '15:09:00', 40 );
INSERT INTO "times" VALUES ( 20653, 14570, '15:07:00', '15:07:00', 40 );

INSERT INTO "dias" VALUES ( 20654, 100, FALSE, TRUE, 'T1502H', 14510, 12710 );
INSERT INTO "dias_line_groups" VALUES ( 20654, 20 );
INSERT INTO "times" VALUES ( 20654, 12710, '15:25:00', NULL, NULL );
INSERT INTO "times" VALUES ( 20654, 14510, NULL, '15:12:00', 40 );
INSERT INTO "times" VALUES ( 20654, 14520, '15:13:00', '15:13:00', 40 );
INSERT INTO "times" VALUES ( 20654, 14530, '15:16:00', '15:16:00', 40 );
INSERT INTO "times" VALUES ( 20654, 14540, '15:18:00', '15:18:00', 40 );
INSERT INTO "times" VALUES ( 20654, 14550, '15:20:00', '15:20:00', 40 );
INSERT INTO "times" VALUES ( 20654, 14560, '15:21:00', '15:21:00', 40 );
INSERT INTO "times" VALUES ( 20654, 14570, '15:23:00', '15:23:00', 40 );

INSERT INTO "dias" VALUES ( 20655, 100, FALSE, TRUE, 'T1503W', 12710, 14510 );
INSERT INTO "dias_line_groups" VALUES ( 20655, 20 );
INSERT INTO "times" VALUES ( 20655, 12710, NULL, '15:15:00', 40 );
INSERT INTO "times" VALUES ( 20655, 14510, '15:29:00', NULL, NULL );
INSERT INTO "times" VALUES ( 20655, 14520, '15:27:00', '15:27:00', 40 );
INSERT INTO "times" VALUES ( 20655, 14530, '15:24:00', '15:24:00', 40 );
INSERT INTO "times" VALUES ( 20655, 14540, '15:22:00', '15:22:00', 40 );
INSERT INTO "times" VALUES ( 20655, 14550, '15:21:00', '15:21:00', 40 );
INSERT INTO "times" VALUES ( 20655, 14560, '15:19:00', '15:19:00', 40 );
INSERT INTO "times" VALUES ( 20655, 14570, '15:17:00', '15:17:00', 40 );

INSERT INTO "dias" VALUES ( 20656, 100, FALSE, TRUE, 'T1504H', 14510, 12710 );
INSERT INTO "dias_line_groups" VALUES ( 20656, 20 );
INSERT INTO "times" VALUES ( 20656, 12710, '15:35:00', NULL, NULL );
INSERT INTO "times" VALUES ( 20656, 14510, NULL, '15:22:00', 40 );
INSERT INTO "times" VALUES ( 20656, 14520, '15:23:00', '15:23:00', 40 );
INSERT INTO "times" VALUES ( 20656, 14530, '15:26:00', '15:26:00', 40 );
INSERT INTO "times" VALUES ( 20656, 14540, '15:28:00', '15:28:00', 40 );
INSERT INTO "times" VALUES ( 20656, 14550, '15:30:00', '15:30:00', 40 );
INSERT INTO "times" VALUES ( 20656, 14560, '15:31:00', '15:31:00', 40 );
INSERT INTO "times" VALUES ( 20656, 14570, '15:33:00', '15:33:00', 40 );

INSERT INTO "dias" VALUES ( 20657, 100, FALSE, TRUE, 'T1505W', 12710, 14510 );
INSERT INTO "dias_line_groups" VALUES ( 20657, 20 );
INSERT INTO "times" VALUES ( 20657, 12710, NULL, '15:25:00', 40 );
INSERT INTO "times" VALUES ( 20657, 14510, '15:39:00', NULL, NULL );
INSERT INTO "times" VALUES ( 20657, 14520, '15:37:00', '15:37:00', 40 );
INSERT INTO "times" VALUES ( 20657, 14530, '15:34:00', '15:34:00', 40 );
INSERT INTO "times" VALUES ( 20657, 14540, '15:32:00', '15:32:00', 40 );
INSERT INTO "times" VALUES ( 20657, 14550, '15:31:00', '15:31:00', 40 );
INSERT INTO "times" VALUES ( 20657, 14560, '15:29:00', '15:29:00', 40 );
INSERT INTO "times" VALUES ( 20657, 14570, '15:27:00', '15:27:00', 40 );

INSERT INTO "dias" VALUES ( 20658, 100, FALSE, TRUE, 'T1506H', 14510, 12710 );
INSERT INTO "dias_line_groups" VALUES ( 20658, 20 );
INSERT INTO "times" VALUES ( 20658, 12710, '15:45:00', NULL, NULL );
INSERT INTO "times" VALUES ( 20658, 14510, NULL, '15:32:00', 40 );
INSERT INTO "times" VALUES ( 20658, 14520, '15:33:00', '15:33:00', 40 );
INSERT INTO "times" VALUES ( 20658, 14530, '15:36:00', '15:36:00', 40 );
INSERT INTO "times" VALUES ( 20658, 14540, '15:38:00', '15:38:00', 40 );
INSERT INTO "times" VALUES ( 20658, 14550, '15:40:00', '15:40:00', 40 );
INSERT INTO "times" VALUES ( 20658, 14560, '15:41:00', '15:41:00', 40 );
INSERT INTO "times" VALUES ( 20658, 14570, '15:43:00', '15:43:00', 40 );

INSERT INTO "dias" VALUES ( 20659, 100, FALSE, TRUE, 'T1507W', 12710, 14510 );
INSERT INTO "dias_line_groups" VALUES ( 20659, 20 );
INSERT INTO "times" VALUES ( 20659, 12710, NULL, '15:35:00', 40 );
INSERT INTO "times" VALUES ( 20659, 14510, '15:49:00', NULL, NULL );
INSERT INTO "times" VALUES ( 20659, 14520, '15:47:00', '15:47:00', 40 );
INSERT INTO "times" VALUES ( 20659, 14530, '15:44:00', '15:44:00', 40 );
INSERT INTO "times" VALUES ( 20659, 14540, '15:42:00', '15:42:00', 40 );
INSERT INTO "times" VALUES ( 20659, 14550, '15:41:00', '15:41:00', 40 );
INSERT INTO "times" VALUES ( 20659, 14560, '15:39:00', '15:39:00', 40 );
INSERT INTO "times" VALUES ( 20659, 14570, '15:37:00', '15:37:00', 40 );

INSERT INTO "dias" VALUES ( 20660, 100, FALSE, TRUE, 'T1508H', 14510, 12710 );
INSERT INTO "dias_line_groups" VALUES ( 20660, 20 );
INSERT INTO "times" VALUES ( 20660, 12710, '15:55:00', NULL, NULL );
INSERT INTO "times" VALUES ( 20660, 14510, NULL, '15:42:00', 40 );
INSERT INTO "times" VALUES ( 20660, 14520, '15:43:00', '15:43:00', 40 );
INSERT INTO "times" VALUES ( 20660, 14530, '15:46:00', '15:46:00', 40 );
INSERT INTO "times" VALUES ( 20660, 14540, '15:48:00', '15:48:00', 40 );
INSERT INTO "times" VALUES ( 20660, 14550, '15:50:00', '15:50:00', 40 );
INSERT INTO "times" VALUES ( 20660, 14560, '15:51:00', '15:51:00', 40 );
INSERT INTO "times" VALUES ( 20660, 14570, '15:53:00', '15:53:00', 40 );

INSERT INTO "dias" VALUES ( 20661, 100, FALSE, TRUE, 'T1509W', 12710, 14510 );
INSERT INTO "dias_line_groups" VALUES ( 20661, 20 );
INSERT INTO "times" VALUES ( 20661, 12710, NULL, '15:45:00', 40 );
INSERT INTO "times" VALUES ( 20661, 14510, '15:59:00', NULL, NULL );
INSERT INTO "times" VALUES ( 20661, 14520, '15:57:00', '15:57:00', 40 );
INSERT INTO "times" VALUES ( 20661, 14530, '15:54:00', '15:54:00', 40 );
INSERT INTO "times" VALUES ( 20661, 14540, '15:52:00', '15:52:00', 40 );
INSERT INTO "times" VALUES ( 20661, 14550, '15:51:00', '15:51:00', 40 );
INSERT INTO "times" VALUES ( 20661, 14560, '15:49:00', '15:49:00', 40 );
INSERT INTO "times" VALUES ( 20661, 14570, '15:47:00', '15:47:00', 40 );

INSERT INTO "dias" VALUES ( 20662, 100, FALSE, TRUE, 'T1510H', 14510, 12710 );
INSERT INTO "dias_line_groups" VALUES ( 20662, 20 );
INSERT INTO "times" VALUES ( 20662, 12710, '16:05:00', NULL, NULL );
INSERT INTO "times" VALUES ( 20662, 14510, NULL, '15:52:00', 40 );
INSERT INTO "times" VALUES ( 20662, 14520, '15:53:00', '15:53:00', 40 );
INSERT INTO "times" VALUES ( 20662, 14530, '15:56:00', '15:56:00', 40 );
INSERT INTO "times" VALUES ( 20662, 14540, '15:58:00', '15:58:00', 40 );
INSERT INTO "times" VALUES ( 20662, 14550, '16:00:00', '16:00:00', 40 );
INSERT INTO "times" VALUES ( 20662, 14560, '16:01:00', '16:01:00', 40 );
INSERT INTO "times" VALUES ( 20662, 14570, '16:03:00', '16:03:00', 40 );

INSERT INTO "dias" VALUES ( 20663, 100, FALSE, TRUE, 'T1511W', 12710, 14510 );
INSERT INTO "dias_line_groups" VALUES ( 20663, 20 );
INSERT INTO "times" VALUES ( 20663, 12710, NULL, '15:55:00', 40 );
INSERT INTO "times" VALUES ( 20663, 14510, '16:09:00', NULL, NULL );
INSERT INTO "times" VALUES ( 20663, 14520, '16:07:00', '16:07:00', 40 );
INSERT INTO "times" VALUES ( 20663, 14530, '16:04:00', '16:04:00', 40 );
INSERT INTO "times" VALUES ( 20663, 14540, '16:02:00', '16:02:00', 40 );
INSERT INTO "times" VALUES ( 20663, 14550, '16:01:00', '16:01:00', 40 );
INSERT INTO "times" VALUES ( 20663, 14560, '15:59:00', '15:59:00', 40 );
INSERT INTO "times" VALUES ( 20663, 14570, '15:57:00', '15:57:00', 40 );

INSERT INTO "dias" VALUES ( 20664, 100, FALSE, TRUE, 'T1600H', 14510, 12710 );
INSERT INTO "dias_line_groups" VALUES ( 20664, 20 );
INSERT INTO "times" VALUES ( 20664, 12710, '16:15:00', NULL, NULL );
INSERT INTO "times" VALUES ( 20664, 14510, NULL, '16:02:00', 40 );
INSERT INTO "times" VALUES ( 20664, 14520, '16:03:00', '16:03:00', 40 );
INSERT INTO "times" VALUES ( 20664, 14530, '16:06:00', '16:06:00', 40 );
INSERT INTO "times" VALUES ( 20664, 14540, '16:08:00', '16:08:00', 40 );
INSERT INTO "times" VALUES ( 20664, 14550, '16:10:00', '16:10:00', 40 );
INSERT INTO "times" VALUES ( 20664, 14560, '16:11:00', '16:11:00', 40 );
INSERT INTO "times" VALUES ( 20664, 14570, '16:13:00', '16:13:00', 40 );

INSERT INTO "dias" VALUES ( 20665, 100, FALSE, TRUE, 'T1601W', 12710, 14510 );
INSERT INTO "dias_line_groups" VALUES ( 20665, 20 );
INSERT INTO "times" VALUES ( 20665, 12710, NULL, '16:05:00', 40 );
INSERT INTO "times" VALUES ( 20665, 14510, '16:19:00', NULL, NULL );
INSERT INTO "times" VALUES ( 20665, 14520, '16:17:00', '16:17:00', 40 );
INSERT INTO "times" VALUES ( 20665, 14530, '16:14:00', '16:14:00', 40 );
INSERT INTO "times" VALUES ( 20665, 14540, '16:12:00', '16:12:00', 40 );
INSERT INTO "times" VALUES ( 20665, 14550, '16:11:00', '16:11:00', 40 );
INSERT INTO "times" VALUES ( 20665, 14560, '16:09:00', '16:09:00', 40 );
INSERT INTO "times" VALUES ( 20665, 14570, '16:07:00', '16:07:00', 40 );

INSERT INTO "dias" VALUES ( 20666, 100, FALSE, TRUE, 'T1602H', 14510, 12710 );
INSERT INTO "dias_line_groups" VALUES ( 20666, 20 );
INSERT INTO "times" VALUES ( 20666, 12710, '16:25:00', NULL, NULL );
INSERT INTO "times" VALUES ( 20666, 14510, NULL, '16:12:00', 40 );
INSERT INTO "times" VALUES ( 20666, 14520, '16:13:00', '16:13:00', 40 );
INSERT INTO "times" VALUES ( 20666, 14530, '16:16:00', '16:16:00', 40 );
INSERT INTO "times" VALUES ( 20666, 14540, '16:18:00', '16:18:00', 40 );
INSERT INTO "times" VALUES ( 20666, 14550, '16:20:00', '16:20:00', 40 );
INSERT INTO "times" VALUES ( 20666, 14560, '16:21:00', '16:21:00', 40 );
INSERT INTO "times" VALUES ( 20666, 14570, '16:23:00', '16:23:00', 40 );

INSERT INTO "dias" VALUES ( 20667, 100, FALSE, TRUE, 'T1603W', 12710, 14510 );
INSERT INTO "dias_line_groups" VALUES ( 20667, 20 );
INSERT INTO "times" VALUES ( 20667, 12710, NULL, '16:15:00', 40 );
INSERT INTO "times" VALUES ( 20667, 14510, '16:29:00', NULL, NULL );
INSERT INTO "times" VALUES ( 20667, 14520, '16:27:00', '16:27:00', 40 );
INSERT INTO "times" VALUES ( 20667, 14530, '16:24:00', '16:24:00', 40 );
INSERT INTO "times" VALUES ( 20667, 14540, '16:22:00', '16:22:00', 40 );
INSERT INTO "times" VALUES ( 20667, 14550, '16:21:00', '16:21:00', 40 );
INSERT INTO "times" VALUES ( 20667, 14560, '16:19:00', '16:19:00', 40 );
INSERT INTO "times" VALUES ( 20667, 14570, '16:17:00', '16:17:00', 40 );

INSERT INTO "dias" VALUES ( 20668, 100, FALSE, TRUE, 'T1604H', 14510, 12710 );
INSERT INTO "dias_line_groups" VALUES ( 20668, 20 );
INSERT INTO "times" VALUES ( 20668, 12710, '16:35:00', NULL, NULL );
INSERT INTO "times" VALUES ( 20668, 14510, NULL, '16:22:00', 40 );
INSERT INTO "times" VALUES ( 20668, 14520, '16:23:00', '16:23:00', 40 );
INSERT INTO "times" VALUES ( 20668, 14530, '16:26:00', '16:26:00', 40 );
INSERT INTO "times" VALUES ( 20668, 14540, '16:28:00', '16:28:00', 40 );
INSERT INTO "times" VALUES ( 20668, 14550, '16:30:00', '16:30:00', 40 );
INSERT INTO "times" VALUES ( 20668, 14560, '16:31:00', '16:31:00', 40 );
INSERT INTO "times" VALUES ( 20668, 14570, '16:33:00', '16:33:00', 40 );

INSERT INTO "dias" VALUES ( 20669, 100, FALSE, TRUE, 'T1605W', 12710, 14510 );
INSERT INTO "dias_line_groups" VALUES ( 20669, 20 );
INSERT INTO "times" VALUES ( 20669, 12710, NULL, '16:25:00', 40 );
INSERT INTO "times" VALUES ( 20669, 14510, '16:39:00', NULL, NULL );
INSERT INTO "times" VALUES ( 20669, 14520, '16:37:00', '16:37:00', 40 );
INSERT INTO "times" VALUES ( 20669, 14530, '16:34:00', '16:34:00', 40 );
INSERT INTO "times" VALUES ( 20669, 14540, '16:32:00', '16:32:00', 40 );
INSERT INTO "times" VALUES ( 20669, 14550, '16:31:00', '16:31:00', 40 );
INSERT INTO "times" VALUES ( 20669, 14560, '16:29:00', '16:29:00', 40 );
INSERT INTO "times" VALUES ( 20669, 14570, '16:27:00', '16:27:00', 40 );

INSERT INTO "dias" VALUES ( 20670, 100, FALSE, TRUE, 'T1606H', 14510, 12710 );
INSERT INTO "dias_line_groups" VALUES ( 20670, 20 );
INSERT INTO "times" VALUES ( 20670, 12710, '16:45:00', NULL, NULL );
INSERT INTO "times" VALUES ( 20670, 14510, NULL, '16:32:00', 40 );
INSERT INTO "times" VALUES ( 20670, 14520, '16:33:00', '16:33:00', 40 );
INSERT INTO "times" VALUES ( 20670, 14530, '16:36:00', '16:36:00', 40 );
INSERT INTO "times" VALUES ( 20670, 14540, '16:38:00', '16:38:00', 40 );
INSERT INTO "times" VALUES ( 20670, 14550, '16:40:00', '16:40:00', 40 );
INSERT INTO "times" VALUES ( 20670, 14560, '16:41:00', '16:41:00', 40 );
INSERT INTO "times" VALUES ( 20670, 14570, '16:43:00', '16:43:00', 40 );

INSERT INTO "dias" VALUES ( 20671, 100, FALSE, TRUE, 'T1607W', 12710, 14510 );
INSERT INTO "dias_line_groups" VALUES ( 20671, 20 );
INSERT INTO "times" VALUES ( 20671, 12710, NULL, '16:35:00', 40 );
INSERT INTO "times" VALUES ( 20671, 14510, '16:49:00', NULL, NULL );
INSERT INTO "times" VALUES ( 20671, 14520, '16:47:00', '16:47:00', 40 );
INSERT INTO "times" VALUES ( 20671, 14530, '16:44:00', '16:44:00', 40 );
INSERT INTO "times" VALUES ( 20671, 14540, '16:42:00', '16:42:00', 40 );
INSERT INTO "times" VALUES ( 20671, 14550, '16:41:00', '16:41:00', 40 );
INSERT INTO "times" VALUES ( 20671, 14560, '16:39:00', '16:39:00', 40 );
INSERT INTO "times" VALUES ( 20671, 14570, '16:37:00', '16:37:00', 40 );

INSERT INTO "dias" VALUES ( 20672, 100, FALSE, TRUE, 'T1608H', 14510, 12710 );
INSERT INTO "dias_line_groups" VALUES ( 20672, 20 );
INSERT INTO "times" VALUES ( 20672, 12710, '16:55:00', NULL, NULL );
INSERT INTO "times" VALUES ( 20672, 14510, NULL, '16:42:00', 40 );
INSERT INTO "times" VALUES ( 20672, 14520, '16:43:00', '16:43:00', 40 );
INSERT INTO "times" VALUES ( 20672, 14530, '16:46:00', '16:46:00', 40 );
INSERT INTO "times" VALUES ( 20672, 14540, '16:48:00', '16:48:00', 40 );
INSERT INTO "times" VALUES ( 20672, 14550, '16:50:00', '16:50:00', 40 );
INSERT INTO "times" VALUES ( 20672, 14560, '16:51:00', '16:51:00', 40 );
INSERT INTO "times" VALUES ( 20672, 14570, '16:53:00', '16:53:00', 40 );

INSERT INTO "dias" VALUES ( 20673, 100, FALSE, TRUE, 'T1609W', 12710, 14510 );
INSERT INTO "dias_line_groups" VALUES ( 20673, 20 );
INSERT INTO "times" VALUES ( 20673, 12710, NULL, '16:45:00', 40 );
INSERT INTO "times" VALUES ( 20673, 14510, '16:59:00', NULL, NULL );
INSERT INTO "times" VALUES ( 20673, 14520, '16:57:00', '16:57:00', 40 );
INSERT INTO "times" VALUES ( 20673, 14530, '16:54:00', '16:54:00', 40 );
INSERT INTO "times" VALUES ( 20673, 14540, '16:52:00', '16:52:00', 40 );
INSERT INTO "times" VALUES ( 20673, 14550, '16:51:00', '16:51:00', 40 );
INSERT INTO "times" VALUES ( 20673, 14560, '16:49:00', '16:49:00', 40 );
INSERT INTO "times" VALUES ( 20673, 14570, '16:47:00', '16:47:00', 40 );

INSERT INTO "dias" VALUES ( 20674, 100, FALSE, TRUE, 'T1610H', 14510, 12710 );
INSERT INTO "dias_line_groups" VALUES ( 20674, 20 );
INSERT INTO "times" VALUES ( 20674, 12710, '17:05:00', NULL, NULL );
INSERT INTO "times" VALUES ( 20674, 14510, NULL, '16:52:00', 40 );
INSERT INTO "times" VALUES ( 20674, 14520, '16:53:00', '16:53:00', 40 );
INSERT INTO "times" VALUES ( 20674, 14530, '16:56:00', '16:56:00', 40 );
INSERT INTO "times" VALUES ( 20674, 14540, '16:58:00', '16:58:00', 40 );
INSERT INTO "times" VALUES ( 20674, 14550, '17:00:00', '17:00:00', 40 );
INSERT INTO "times" VALUES ( 20674, 14560, '17:01:00', '17:01:00', 40 );
INSERT INTO "times" VALUES ( 20674, 14570, '17:03:00', '17:03:00', 40 );

INSERT INTO "dias" VALUES ( 20675, 100, FALSE, TRUE, 'T1611W', 12710, 14510 );
INSERT INTO "dias_line_groups" VALUES ( 20675, 20 );
INSERT INTO "times" VALUES ( 20675, 12710, NULL, '16:55:00', 40 );
INSERT INTO "times" VALUES ( 20675, 14510, '17:09:00', NULL, NULL );
INSERT INTO "times" VALUES ( 20675, 14520, '17:07:00', '17:07:00', 40 );
INSERT INTO "times" VALUES ( 20675, 14530, '17:04:00', '17:04:00', 40 );
INSERT INTO "times" VALUES ( 20675, 14540, '17:02:00', '17:02:00', 40 );
INSERT INTO "times" VALUES ( 20675, 14550, '17:01:00', '17:01:00', 40 );
INSERT INTO "times" VALUES ( 20675, 14560, '16:59:00', '16:59:00', 40 );
INSERT INTO "times" VALUES ( 20675, 14570, '16:57:00', '16:57:00', 40 );

INSERT INTO "dias" VALUES ( 20676, 100, FALSE, TRUE, 'T1700H', 14510, 12710 );
INSERT INTO "dias_line_groups" VALUES ( 20676, 20 );
INSERT INTO "times" VALUES ( 20676, 12710, '17:15:00', NULL, NULL );
INSERT INTO "times" VALUES ( 20676, 14510, NULL, '17:02:00', 40 );
INSERT INTO "times" VALUES ( 20676, 14520, '17:03:00', '17:03:00', 40 );
INSERT INTO "times" VALUES ( 20676, 14530, '17:06:00', '17:06:00', 40 );
INSERT INTO "times" VALUES ( 20676, 14540, '17:08:00', '17:08:00', 40 );
INSERT INTO "times" VALUES ( 20676, 14550, '17:10:00', '17:10:00', 40 );
INSERT INTO "times" VALUES ( 20676, 14560, '17:11:00', '17:11:00', 40 );
INSERT INTO "times" VALUES ( 20676, 14570, '17:13:00', '17:13:00', 40 );

INSERT INTO "dias" VALUES ( 20677, 100, FALSE, TRUE, 'T1701W', 12710, 14510 );
INSERT INTO "dias_line_groups" VALUES ( 20677, 20 );
INSERT INTO "times" VALUES ( 20677, 12710, NULL, '17:05:00', 40 );
INSERT INTO "times" VALUES ( 20677, 14510, '17:19:00', NULL, NULL );
INSERT INTO "times" VALUES ( 20677, 14520, '17:17:00', '17:17:00', 40 );
INSERT INTO "times" VALUES ( 20677, 14530, '17:14:00', '17:14:00', 40 );
INSERT INTO "times" VALUES ( 20677, 14540, '17:12:00', '17:12:00', 40 );
INSERT INTO "times" VALUES ( 20677, 14550, '17:11:00', '17:11:00', 40 );
INSERT INTO "times" VALUES ( 20677, 14560, '17:09:00', '17:09:00', 40 );
INSERT INTO "times" VALUES ( 20677, 14570, '17:07:00', '17:07:00', 40 );

INSERT INTO "dias" VALUES ( 20678, 100, FALSE, TRUE, 'T1702H', 14510, 12710 );
INSERT INTO "dias_line_groups" VALUES ( 20678, 20 );
INSERT INTO "times" VALUES ( 20678, 12710, '17:25:00', NULL, NULL );
INSERT INTO "times" VALUES ( 20678, 14510, NULL, '17:12:00', 40 );
INSERT INTO "times" VALUES ( 20678, 14520, '17:13:00', '17:13:00', 40 );
INSERT INTO "times" VALUES ( 20678, 14530, '17:16:00', '17:16:00', 40 );
INSERT INTO "times" VALUES ( 20678, 14540, '17:18:00', '17:18:00', 40 );
INSERT INTO "times" VALUES ( 20678, 14550, '17:20:00', '17:20:00', 40 );
INSERT INTO "times" VALUES ( 20678, 14560, '17:21:00', '17:21:00', 40 );
INSERT INTO "times" VALUES ( 20678, 14570, '17:23:00', '17:23:00', 40 );

INSERT INTO "dias" VALUES ( 20679, 100, FALSE, TRUE, 'T1703W', 12710, 14510 );
INSERT INTO "dias_line_groups" VALUES ( 20679, 20 );
INSERT INTO "times" VALUES ( 20679, 12710, NULL, '17:15:00', 40 );
INSERT INTO "times" VALUES ( 20679, 14510, '17:29:00', NULL, NULL );
INSERT INTO "times" VALUES ( 20679, 14520, '17:27:00', '17:27:00', 40 );
INSERT INTO "times" VALUES ( 20679, 14530, '17:24:00', '17:24:00', 40 );
INSERT INTO "times" VALUES ( 20679, 14540, '17:22:00', '17:22:00', 40 );
INSERT INTO "times" VALUES ( 20679, 14550, '17:21:00', '17:21:00', 40 );
INSERT INTO "times" VALUES ( 20679, 14560, '17:19:00', '17:19:00', 40 );
INSERT INTO "times" VALUES ( 20679, 14570, '17:17:00', '17:17:00', 40 );

INSERT INTO "dias" VALUES ( 20680, 100, FALSE, TRUE, 'T1704H', 14510, 12710 );
INSERT INTO "dias_line_groups" VALUES ( 20680, 20 );
INSERT INTO "times" VALUES ( 20680, 12710, '17:35:00', NULL, NULL );
INSERT INTO "times" VALUES ( 20680, 14510, NULL, '17:22:00', 40 );
INSERT INTO "times" VALUES ( 20680, 14520, '17:23:00', '17:23:00', 40 );
INSERT INTO "times" VALUES ( 20680, 14530, '17:26:00', '17:26:00', 40 );
INSERT INTO "times" VALUES ( 20680, 14540, '17:28:00', '17:28:00', 40 );
INSERT INTO "times" VALUES ( 20680, 14550, '17:30:00', '17:30:00', 40 );
INSERT INTO "times" VALUES ( 20680, 14560, '17:31:00', '17:31:00', 40 );
INSERT INTO "times" VALUES ( 20680, 14570, '17:33:00', '17:33:00', 40 );

INSERT INTO "dias" VALUES ( 20681, 100, FALSE, TRUE, 'T1705W', 12710, 14510 );
INSERT INTO "dias_line_groups" VALUES ( 20681, 20 );
INSERT INTO "times" VALUES ( 20681, 12710, NULL, '17:25:00', 40 );
INSERT INTO "times" VALUES ( 20681, 14510, '17:39:00', NULL, NULL );
INSERT INTO "times" VALUES ( 20681, 14520, '17:37:00', '17:37:00', 40 );
INSERT INTO "times" VALUES ( 20681, 14530, '17:34:00', '17:34:00', 40 );
INSERT INTO "times" VALUES ( 20681, 14540, '17:32:00', '17:32:00', 40 );
INSERT INTO "times" VALUES ( 20681, 14550, '17:31:00', '17:31:00', 40 );
INSERT INTO "times" VALUES ( 20681, 14560, '17:29:00', '17:29:00', 40 );
INSERT INTO "times" VALUES ( 20681, 14570, '17:27:00', '17:27:00', 40 );

INSERT INTO "dias" VALUES ( 20682, 100, FALSE, TRUE, 'T1706H', 14510, 12710 );
INSERT INTO "dias_line_groups" VALUES ( 20682, 20 );
INSERT INTO "times" VALUES ( 20682, 12710, '17:45:00', NULL, NULL );
INSERT INTO "times" VALUES ( 20682, 14510, NULL, '17:32:00', 40 );
INSERT INTO "times" VALUES ( 20682, 14520, '17:33:00', '17:33:00', 40 );
INSERT INTO "times" VALUES ( 20682, 14530, '17:36:00', '17:36:00', 40 );
INSERT INTO "times" VALUES ( 20682, 14540, '17:38:00', '17:38:00', 40 );
INSERT INTO "times" VALUES ( 20682, 14550, '17:40:00', '17:40:00', 40 );
INSERT INTO "times" VALUES ( 20682, 14560, '17:41:00', '17:41:00', 40 );
INSERT INTO "times" VALUES ( 20682, 14570, '17:43:00', '17:43:00', 40 );

INSERT INTO "dias" VALUES ( 20683, 100, FALSE, TRUE, 'T1707W', 12710, 14510 );
INSERT INTO "dias_line_groups" VALUES ( 20683, 20 );
INSERT INTO "times" VALUES ( 20683, 12710, NULL, '17:35:00', 40 );
INSERT INTO "times" VALUES ( 20683, 14510, '17:49:00', NULL, NULL );
INSERT INTO "times" VALUES ( 20683, 14520, '17:47:00', '17:47:00', 40 );
INSERT INTO "times" VALUES ( 20683, 14530, '17:44:00', '17:44:00', 40 );
INSERT INTO "times" VALUES ( 20683, 14540, '17:42:00', '17:42:00', 40 );
INSERT INTO "times" VALUES ( 20683, 14550, '17:41:00', '17:41:00', 40 );
INSERT INTO "times" VALUES ( 20683, 14560, '17:39:00', '17:39:00', 40 );
INSERT INTO "times" VALUES ( 20683, 14570, '17:37:00', '17:37:00', 40 );

INSERT INTO "dias" VALUES ( 20684, 100, FALSE, TRUE, 'T1708H', 14510, 12710 );
INSERT INTO "dias_line_groups" VALUES ( 20684, 20 );
INSERT INTO "times" VALUES ( 20684, 12710, '17:55:00', NULL, NULL );
INSERT INTO "times" VALUES ( 20684, 14510, NULL, '17:42:00', 40 );
INSERT INTO "times" VALUES ( 20684, 14520, '17:43:00', '17:43:00', 40 );
INSERT INTO "times" VALUES ( 20684, 14530, '17:46:00', '17:46:00', 40 );
INSERT INTO "times" VALUES ( 20684, 14540, '17:48:00', '17:48:00', 40 );
INSERT INTO "times" VALUES ( 20684, 14550, '17:50:00', '17:50:00', 40 );
INSERT INTO "times" VALUES ( 20684, 14560, '17:51:00', '17:51:00', 40 );
INSERT INTO "times" VALUES ( 20684, 14570, '17:53:00', '17:53:00', 40 );

INSERT INTO "dias" VALUES ( 20685, 100, FALSE, TRUE, 'T1709W', 12710, 14510 );
INSERT INTO "dias_line_groups" VALUES ( 20685, 20 );
INSERT INTO "times" VALUES ( 20685, 12710, NULL, '17:45:00', 40 );
INSERT INTO "times" VALUES ( 20685, 14510, '17:59:00', NULL, NULL );
INSERT INTO "times" VALUES ( 20685, 14520, '17:57:00', '17:57:00', 40 );
INSERT INTO "times" VALUES ( 20685, 14530, '17:54:00', '17:54:00', 40 );
INSERT INTO "times" VALUES ( 20685, 14540, '17:52:00', '17:52:00', 40 );
INSERT INTO "times" VALUES ( 20685, 14550, '17:51:00', '17:51:00', 40 );
INSERT INTO "times" VALUES ( 20685, 14560, '17:49:00', '17:49:00', 40 );
INSERT INTO "times" VALUES ( 20685, 14570, '17:47:00', '17:47:00', 40 );

INSERT INTO "dias" VALUES ( 20686, 100, FALSE, TRUE, 'T1710H', 14510, 12710 );
INSERT INTO "dias_line_groups" VALUES ( 20686, 20 );
INSERT INTO "times" VALUES ( 20686, 12710, '18:05:00', NULL, NULL );
INSERT INTO "times" VALUES ( 20686, 14510, NULL, '17:52:00', 40 );
INSERT INTO "times" VALUES ( 20686, 14520, '17:53:00', '17:53:00', 40 );
INSERT INTO "times" VALUES ( 20686, 14530, '17:56:00', '17:56:00', 40 );
INSERT INTO "times" VALUES ( 20686, 14540, '17:58:00', '17:58:00', 40 );
INSERT INTO "times" VALUES ( 20686, 14550, '18:00:00', '18:00:00', 40 );
INSERT INTO "times" VALUES ( 20686, 14560, '18:01:00', '18:01:00', 40 );
INSERT INTO "times" VALUES ( 20686, 14570, '18:03:00', '18:03:00', 40 );

INSERT INTO "dias" VALUES ( 20687, 100, FALSE, TRUE, 'T1711W', 12710, 14510 );
INSERT INTO "dias_line_groups" VALUES ( 20687, 20 );
INSERT INTO "times" VALUES ( 20687, 12710, NULL, '17:55:00', 40 );
INSERT INTO "times" VALUES ( 20687, 14510, '18:09:00', NULL, NULL );
INSERT INTO "times" VALUES ( 20687, 14520, '18:07:00', '18:07:00', 40 );
INSERT INTO "times" VALUES ( 20687, 14530, '18:04:00', '18:04:00', 40 );
INSERT INTO "times" VALUES ( 20687, 14540, '18:02:00', '18:02:00', 40 );
INSERT INTO "times" VALUES ( 20687, 14550, '18:01:00', '18:01:00', 40 );
INSERT INTO "times" VALUES ( 20687, 14560, '17:59:00', '17:59:00', 40 );
INSERT INTO "times" VALUES ( 20687, 14570, '17:57:00', '17:57:00', 40 );

INSERT INTO "dias" VALUES ( 20688, 100, FALSE, TRUE, 'T1800H', 14510, 12710 );
INSERT INTO "dias_line_groups" VALUES ( 20688, 20 );
INSERT INTO "times" VALUES ( 20688, 12710, '18:15:00', NULL, NULL );
INSERT INTO "times" VALUES ( 20688, 14510, NULL, '18:02:00', 40 );
INSERT INTO "times" VALUES ( 20688, 14520, '18:03:00', '18:03:00', 40 );
INSERT INTO "times" VALUES ( 20688, 14530, '18:06:00', '18:06:00', 40 );
INSERT INTO "times" VALUES ( 20688, 14540, '18:08:00', '18:08:00', 40 );
INSERT INTO "times" VALUES ( 20688, 14550, '18:10:00', '18:10:00', 40 );
INSERT INTO "times" VALUES ( 20688, 14560, '18:11:00', '18:11:00', 40 );
INSERT INTO "times" VALUES ( 20688, 14570, '18:13:00', '18:13:00', 40 );

INSERT INTO "dias" VALUES ( 20689, 100, FALSE, TRUE, 'T1801W', 12710, 14510 );
INSERT INTO "dias_line_groups" VALUES ( 20689, 20 );
INSERT INTO "times" VALUES ( 20689, 12710, NULL, '18:05:00', 40 );
INSERT INTO "times" VALUES ( 20689, 14510, '18:19:00', NULL, NULL );
INSERT INTO "times" VALUES ( 20689, 14520, '18:17:00', '18:17:00', 40 );
INSERT INTO "times" VALUES ( 20689, 14530, '18:14:00', '18:14:00', 40 );
INSERT INTO "times" VALUES ( 20689, 14540, '18:12:00', '18:12:00', 40 );
INSERT INTO "times" VALUES ( 20689, 14550, '18:11:00', '18:11:00', 40 );
INSERT INTO "times" VALUES ( 20689, 14560, '18:09:00', '18:09:00', 40 );
INSERT INTO "times" VALUES ( 20689, 14570, '18:07:00', '18:07:00', 40 );

INSERT INTO "dias" VALUES ( 20690, 100, FALSE, TRUE, 'T1802H', 14510, 12710 );
INSERT INTO "dias_line_groups" VALUES ( 20690, 20 );
INSERT INTO "times" VALUES ( 20690, 12710, '18:25:00', NULL, NULL );
INSERT INTO "times" VALUES ( 20690, 14510, NULL, '18:12:00', 40 );
INSERT INTO "times" VALUES ( 20690, 14520, '18:13:00', '18:13:00', 40 );
INSERT INTO "times" VALUES ( 20690, 14530, '18:16:00', '18:16:00', 40 );
INSERT INTO "times" VALUES ( 20690, 14540, '18:18:00', '18:18:00', 40 );
INSERT INTO "times" VALUES ( 20690, 14550, '18:20:00', '18:20:00', 40 );
INSERT INTO "times" VALUES ( 20690, 14560, '18:21:00', '18:21:00', 40 );
INSERT INTO "times" VALUES ( 20690, 14570, '18:23:00', '18:23:00', 40 );

INSERT INTO "dias" VALUES ( 20691, 100, FALSE, TRUE, 'T1803W', 12710, 14510 );
INSERT INTO "dias_line_groups" VALUES ( 20691, 20 );
INSERT INTO "times" VALUES ( 20691, 12710, NULL, '18:15:00', 40 );
INSERT INTO "times" VALUES ( 20691, 14510, '18:29:00', NULL, NULL );
INSERT INTO "times" VALUES ( 20691, 14520, '18:27:00', '18:27:00', 40 );
INSERT INTO "times" VALUES ( 20691, 14530, '18:24:00', '18:24:00', 40 );
INSERT INTO "times" VALUES ( 20691, 14540, '18:22:00', '18:22:00', 40 );
INSERT INTO "times" VALUES ( 20691, 14550, '18:21:00', '18:21:00', 40 );
INSERT INTO "times" VALUES ( 20691, 14560, '18:19:00', '18:19:00', 40 );
INSERT INTO "times" VALUES ( 20691, 14570, '18:17:00', '18:17:00', 40 );

INSERT INTO "dias" VALUES ( 20692, 100, FALSE, TRUE, 'T1804H', 14510, 12710 );
INSERT INTO "dias_line_groups" VALUES ( 20692, 20 );
INSERT INTO "times" VALUES ( 20692, 12710, '18:35:00', NULL, NULL );
INSERT INTO "times" VALUES ( 20692, 14510, NULL, '18:22:00', 40 );
INSERT INTO "times" VALUES ( 20692, 14520, '18:23:00', '18:23:00', 40 );
INSERT INTO "times" VALUES ( 20692, 14530, '18:26:00', '18:26:00', 40 );
INSERT INTO "times" VALUES ( 20692, 14540, '18:28:00', '18:28:00', 40 );
INSERT INTO "times" VALUES ( 20692, 14550, '18:30:00', '18:30:00', 40 );
INSERT INTO "times" VALUES ( 20692, 14560, '18:31:00', '18:31:00', 40 );
INSERT INTO "times" VALUES ( 20692, 14570, '18:33:00', '18:33:00', 40 );

INSERT INTO "dias" VALUES ( 20693, 100, FALSE, TRUE, 'T1805W', 12710, 14510 );
INSERT INTO "dias_line_groups" VALUES ( 20693, 20 );
INSERT INTO "times" VALUES ( 20693, 12710, NULL, '18:25:00', 40 );
INSERT INTO "times" VALUES ( 20693, 14510, '18:39:00', NULL, NULL );
INSERT INTO "times" VALUES ( 20693, 14520, '18:37:00', '18:37:00', 40 );
INSERT INTO "times" VALUES ( 20693, 14530, '18:34:00', '18:34:00', 40 );
INSERT INTO "times" VALUES ( 20693, 14540, '18:32:00', '18:32:00', 40 );
INSERT INTO "times" VALUES ( 20693, 14550, '18:31:00', '18:31:00', 40 );
INSERT INTO "times" VALUES ( 20693, 14560, '18:29:00', '18:29:00', 40 );
INSERT INTO "times" VALUES ( 20693, 14570, '18:27:00', '18:27:00', 40 );

INSERT INTO "dias" VALUES ( 20694, 100, FALSE, TRUE, 'T1806H', 14510, 12710 );
INSERT INTO "dias_line_groups" VALUES ( 20694, 20 );
INSERT INTO "times" VALUES ( 20694, 12710, '18:45:00', NULL, NULL );
INSERT INTO "times" VALUES ( 20694, 14510, NULL, '18:32:00', 40 );
INSERT INTO "times" VALUES ( 20694, 14520, '18:33:00', '18:33:00', 40 );
INSERT INTO "times" VALUES ( 20694, 14530, '18:36:00', '18:36:00', 40 );
INSERT INTO "times" VALUES ( 20694, 14540, '18:38:00', '18:38:00', 40 );
INSERT INTO "times" VALUES ( 20694, 14550, '18:40:00', '18:40:00', 40 );
INSERT INTO "times" VALUES ( 20694, 14560, '18:41:00', '18:41:00', 40 );
INSERT INTO "times" VALUES ( 20694, 14570, '18:43:00', '18:43:00', 40 );

INSERT INTO "dias" VALUES ( 20695, 100, FALSE, TRUE, 'T1807W', 12710, 14510 );
INSERT INTO "dias_line_groups" VALUES ( 20695, 20 );
INSERT INTO "times" VALUES ( 20695, 12710, NULL, '18:35:00', 40 );
INSERT INTO "times" VALUES ( 20695, 14510, '18:49:00', NULL, NULL );
INSERT INTO "times" VALUES ( 20695, 14520, '18:47:00', '18:47:00', 40 );
INSERT INTO "times" VALUES ( 20695, 14530, '18:44:00', '18:44:00', 40 );
INSERT INTO "times" VALUES ( 20695, 14540, '18:42:00', '18:42:00', 40 );
INSERT INTO "times" VALUES ( 20695, 14550, '18:41:00', '18:41:00', 40 );
INSERT INTO "times" VALUES ( 20695, 14560, '18:39:00', '18:39:00', 40 );
INSERT INTO "times" VALUES ( 20695, 14570, '18:37:00', '18:37:00', 40 );

INSERT INTO "dias" VALUES ( 20696, 100, FALSE, TRUE, 'T1808H', 14510, 12710 );
INSERT INTO "dias_line_groups" VALUES ( 20696, 20 );
INSERT INTO "times" VALUES ( 20696, 12710, '18:55:00', NULL, NULL );
INSERT INTO "times" VALUES ( 20696, 14510, NULL, '18:42:00', 40 );
INSERT INTO "times" VALUES ( 20696, 14520, '18:43:00', '18:43:00', 40 );
INSERT INTO "times" VALUES ( 20696, 14530, '18:46:00', '18:46:00', 40 );
INSERT INTO "times" VALUES ( 20696, 14540, '18:48:00', '18:48:00', 40 );
INSERT INTO "times" VALUES ( 20696, 14550, '18:50:00', '18:50:00', 40 );
INSERT INTO "times" VALUES ( 20696, 14560, '18:51:00', '18:51:00', 40 );
INSERT INTO "times" VALUES ( 20696, 14570, '18:53:00', '18:53:00', 40 );

INSERT INTO "dias" VALUES ( 20697, 100, FALSE, TRUE, 'T1809W', 12710, 14510 );
INSERT INTO "dias_line_groups" VALUES ( 20697, 20 );
INSERT INTO "times" VALUES ( 20697, 12710, NULL, '18:45:00', 40 );
INSERT INTO "times" VALUES ( 20697, 14510, '18:59:00', NULL, NULL );
INSERT INTO "times" VALUES ( 20697, 14520, '18:57:00', '18:57:00', 40 );
INSERT INTO "times" VALUES ( 20697, 14530, '18:54:00', '18:54:00', 40 );
INSERT INTO "times" VALUES ( 20697, 14540, '18:52:00', '18:52:00', 40 );
INSERT INTO "times" VALUES ( 20697, 14550, '18:51:00', '18:51:00', 40 );
INSERT INTO "times" VALUES ( 20697, 14560, '18:49:00', '18:49:00', 40 );
INSERT INTO "times" VALUES ( 20697, 14570, '18:47:00', '18:47:00', 40 );

INSERT INTO "dias" VALUES ( 20698, 100, FALSE, TRUE, 'T1810H', 14510, 12710 );
INSERT INTO "dias_line_groups" VALUES ( 20698, 20 );
INSERT INTO "times" VALUES ( 20698, 12710, '19:05:00', NULL, NULL );
INSERT INTO "times" VALUES ( 20698, 14510, NULL, '18:52:00', 40 );
INSERT INTO "times" VALUES ( 20698, 14520, '18:53:00', '18:53:00', 40 );
INSERT INTO "times" VALUES ( 20698, 14530, '18:56:00', '18:56:00', 40 );
INSERT INTO "times" VALUES ( 20698, 14540, '18:58:00', '18:58:00', 40 );
INSERT INTO "times" VALUES ( 20698, 14550, '19:00:00', '19:00:00', 40 );
INSERT INTO "times" VALUES ( 20698, 14560, '19:01:00', '19:01:00', 40 );
INSERT INTO "times" VALUES ( 20698, 14570, '19:03:00', '19:03:00', 40 );

INSERT INTO "dias" VALUES ( 20699, 100, FALSE, TRUE, 'T1811W', 12710, 14510 );
INSERT INTO "dias_line_groups" VALUES ( 20699, 20 );
INSERT INTO "times" VALUES ( 20699, 12710, NULL, '18:55:00', 40 );
INSERT INTO "times" VALUES ( 20699, 14510, '19:09:00', NULL, NULL );
INSERT INTO "times" VALUES ( 20699, 14520, '19:07:00', '19:07:00', 40 );
INSERT INTO "times" VALUES ( 20699, 14530, '19:04:00', '19:04:00', 40 );
INSERT INTO "times" VALUES ( 20699, 14540, '19:02:00', '19:02:00', 40 );
INSERT INTO "times" VALUES ( 20699, 14550, '19:01:00', '19:01:00', 40 );
INSERT INTO "times" VALUES ( 20699, 14560, '18:59:00', '18:59:00', 40 );
INSERT INTO "times" VALUES ( 20699, 14570, '18:57:00', '18:57:00', 40 );

INSERT INTO "dias" VALUES ( 20700, 100, FALSE, TRUE, 'T1900H', 14510, 12710 );
INSERT INTO "dias_line_groups" VALUES ( 20700, 20 );
INSERT INTO "times" VALUES ( 20700, 12710, '19:15:00', NULL, NULL );
INSERT INTO "times" VALUES ( 20700, 14510, NULL, '19:02:00', 40 );
INSERT INTO "times" VALUES ( 20700, 14520, '19:03:00', '19:03:00', 40 );
INSERT INTO "times" VALUES ( 20700, 14530, '19:06:00', '19:06:00', 40 );
INSERT INTO "times" VALUES ( 20700, 14540, '19:08:00', '19:08:00', 40 );
INSERT INTO "times" VALUES ( 20700, 14550, '19:10:00', '19:10:00', 40 );
INSERT INTO "times" VALUES ( 20700, 14560, '19:11:00', '19:11:00', 40 );
INSERT INTO "times" VALUES ( 20700, 14570, '19:13:00', '19:13:00', 40 );

INSERT INTO "dias" VALUES ( 20701, 100, FALSE, TRUE, 'T1901W', 12710, 14510 );
INSERT INTO "dias_line_groups" VALUES ( 20701, 20 );
INSERT INTO "times" VALUES ( 20701, 12710, NULL, '19:05:00', 40 );
INSERT INTO "times" VALUES ( 20701, 14510, '19:19:00', NULL, NULL );
INSERT INTO "times" VALUES ( 20701, 14520, '19:17:00', '19:17:00', 40 );
INSERT INTO "times" VALUES ( 20701, 14530, '19:14:00', '19:14:00', 40 );
INSERT INTO "times" VALUES ( 20701, 14540, '19:12:00', '19:12:00', 40 );
INSERT INTO "times" VALUES ( 20701, 14550, '19:11:00', '19:11:00', 40 );
INSERT INTO "times" VALUES ( 20701, 14560, '19:09:00', '19:09:00', 40 );
INSERT INTO "times" VALUES ( 20701, 14570, '19:07:00', '19:07:00', 40 );

INSERT INTO "dias" VALUES ( 20702, 100, FALSE, TRUE, 'T1902H', 14510, 12710 );
INSERT INTO "dias_line_groups" VALUES ( 20702, 20 );
INSERT INTO "times" VALUES ( 20702, 12710, '19:25:00', NULL, NULL );
INSERT INTO "times" VALUES ( 20702, 14510, NULL, '19:12:00', 40 );
INSERT INTO "times" VALUES ( 20702, 14520, '19:13:00', '19:13:00', 40 );
INSERT INTO "times" VALUES ( 20702, 14530, '19:16:00', '19:16:00', 40 );
INSERT INTO "times" VALUES ( 20702, 14540, '19:18:00', '19:18:00', 40 );
INSERT INTO "times" VALUES ( 20702, 14550, '19:20:00', '19:20:00', 40 );
INSERT INTO "times" VALUES ( 20702, 14560, '19:21:00', '19:21:00', 40 );
INSERT INTO "times" VALUES ( 20702, 14570, '19:23:00', '19:23:00', 40 );

INSERT INTO "dias" VALUES ( 20703, 100, FALSE, TRUE, 'T1903W', 12710, 14510 );
INSERT INTO "dias_line_groups" VALUES ( 20703, 20 );
INSERT INTO "times" VALUES ( 20703, 12710, NULL, '19:15:00', 40 );
INSERT INTO "times" VALUES ( 20703, 14510, '19:29:00', NULL, NULL );
INSERT INTO "times" VALUES ( 20703, 14520, '19:27:00', '19:27:00', 40 );
INSERT INTO "times" VALUES ( 20703, 14530, '19:24:00', '19:24:00', 40 );
INSERT INTO "times" VALUES ( 20703, 14540, '19:22:00', '19:22:00', 40 );
INSERT INTO "times" VALUES ( 20703, 14550, '19:21:00', '19:21:00', 40 );
INSERT INTO "times" VALUES ( 20703, 14560, '19:19:00', '19:19:00', 40 );
INSERT INTO "times" VALUES ( 20703, 14570, '19:17:00', '19:17:00', 40 );

INSERT INTO "dias" VALUES ( 20704, 100, FALSE, TRUE, 'T1904H', 14510, 12710 );
INSERT INTO "dias_line_groups" VALUES ( 20704, 20 );
INSERT INTO "times" VALUES ( 20704, 12710, '19:35:00', NULL, NULL );
INSERT INTO "times" VALUES ( 20704, 14510, NULL, '19:22:00', 40 );
INSERT INTO "times" VALUES ( 20704, 14520, '19:23:00', '19:23:00', 40 );
INSERT INTO "times" VALUES ( 20704, 14530, '19:26:00', '19:26:00', 40 );
INSERT INTO "times" VALUES ( 20704, 14540, '19:28:00', '19:28:00', 40 );
INSERT INTO "times" VALUES ( 20704, 14550, '19:30:00', '19:30:00', 40 );
INSERT INTO "times" VALUES ( 20704, 14560, '19:31:00', '19:31:00', 40 );
INSERT INTO "times" VALUES ( 20704, 14570, '19:33:00', '19:33:00', 40 );

INSERT INTO "dias" VALUES ( 20705, 100, FALSE, TRUE, 'T1905W', 12710, 14510 );
INSERT INTO "dias_line_groups" VALUES ( 20705, 20 );
INSERT INTO "times" VALUES ( 20705, 12710, NULL, '19:25:00', 40 );
INSERT INTO "times" VALUES ( 20705, 14510, '19:39:00', NULL, NULL );
INSERT INTO "times" VALUES ( 20705, 14520, '19:37:00', '19:37:00', 40 );
INSERT INTO "times" VALUES ( 20705, 14530, '19:34:00', '19:34:00', 40 );
INSERT INTO "times" VALUES ( 20705, 14540, '19:32:00', '19:32:00', 40 );
INSERT INTO "times" VALUES ( 20705, 14550, '19:31:00', '19:31:00', 40 );
INSERT INTO "times" VALUES ( 20705, 14560, '19:29:00', '19:29:00', 40 );
INSERT INTO "times" VALUES ( 20705, 14570, '19:27:00', '19:27:00', 40 );

INSERT INTO "dias" VALUES ( 20706, 100, FALSE, TRUE, 'T1906H', 14510, 12710 );
INSERT INTO "dias_line_groups" VALUES ( 20706, 20 );
INSERT INTO "times" VALUES ( 20706, 12710, '19:45:00', NULL, NULL );
INSERT INTO "times" VALUES ( 20706, 14510, NULL, '19:32:00', 40 );
INSERT INTO "times" VALUES ( 20706, 14520, '19:33:00', '19:33:00', 40 );
INSERT INTO "times" VALUES ( 20706, 14530, '19:36:00', '19:36:00', 40 );
INSERT INTO "times" VALUES ( 20706, 14540, '19:38:00', '19:38:00', 40 );
INSERT INTO "times" VALUES ( 20706, 14550, '19:40:00', '19:40:00', 40 );
INSERT INTO "times" VALUES ( 20706, 14560, '19:41:00', '19:41:00', 40 );
INSERT INTO "times" VALUES ( 20706, 14570, '19:43:00', '19:43:00', 40 );

INSERT INTO "dias" VALUES ( 20707, 100, FALSE, TRUE, 'T1907W', 12710, 14510 );
INSERT INTO "dias_line_groups" VALUES ( 20707, 20 );
INSERT INTO "times" VALUES ( 20707, 12710, NULL, '19:35:00', 40 );
INSERT INTO "times" VALUES ( 20707, 14510, '19:49:00', NULL, NULL );
INSERT INTO "times" VALUES ( 20707, 14520, '19:47:00', '19:47:00', 40 );
INSERT INTO "times" VALUES ( 20707, 14530, '19:44:00', '19:44:00', 40 );
INSERT INTO "times" VALUES ( 20707, 14540, '19:42:00', '19:42:00', 40 );
INSERT INTO "times" VALUES ( 20707, 14550, '19:41:00', '19:41:00', 40 );
INSERT INTO "times" VALUES ( 20707, 14560, '19:39:00', '19:39:00', 40 );
INSERT INTO "times" VALUES ( 20707, 14570, '19:37:00', '19:37:00', 40 );

INSERT INTO "dias" VALUES ( 20708, 100, FALSE, TRUE, 'T1908H', 14510, 12710 );
INSERT INTO "dias_line_groups" VALUES ( 20708, 20 );
INSERT INTO "times" VALUES ( 20708, 12710, '19:55:00', NULL, NULL );
INSERT INTO "times" VALUES ( 20708, 14510, NULL, '19:42:00', 40 );
INSERT INTO "times" VALUES ( 20708, 14520, '19:43:00', '19:43:00', 40 );
INSERT INTO "times" VALUES ( 20708, 14530, '19:46:00', '19:46:00', 40 );
INSERT INTO "times" VALUES ( 20708, 14540, '19:48:00', '19:48:00', 40 );
INSERT INTO "times" VALUES ( 20708, 14550, '19:50:00', '19:50:00', 40 );
INSERT INTO "times" VALUES ( 20708, 14560, '19:51:00', '19:51:00', 40 );
INSERT INTO "times" VALUES ( 20708, 14570, '19:53:00', '19:53:00', 40 );

INSERT INTO "dias" VALUES ( 20709, 100, FALSE, TRUE, 'T1909W', 12710, 14510 );
INSERT INTO "dias_line_groups" VALUES ( 20709, 20 );
INSERT INTO "times" VALUES ( 20709, 12710, NULL, '19:45:00', 40 );
INSERT INTO "times" VALUES ( 20709, 14510, '19:59:00', NULL, NULL );
INSERT INTO "times" VALUES ( 20709, 14520, '19:57:00', '19:57:00', 40 );
INSERT INTO "times" VALUES ( 20709, 14530, '19:54:00', '19:54:00', 40 );
INSERT INTO "times" VALUES ( 20709, 14540, '19:52:00', '19:52:00', 40 );
INSERT INTO "times" VALUES ( 20709, 14550, '19:51:00', '19:51:00', 40 );
INSERT INTO "times" VALUES ( 20709, 14560, '19:49:00', '19:49:00', 40 );
INSERT INTO "times" VALUES ( 20709, 14570, '19:47:00', '19:47:00', 40 );

INSERT INTO "dias" VALUES ( 20710, 100, FALSE, TRUE, 'T1910H', 14510, 12710 );
INSERT INTO "dias_line_groups" VALUES ( 20710, 20 );
INSERT INTO "times" VALUES ( 20710, 12710, '20:05:00', NULL, NULL );
INSERT INTO "times" VALUES ( 20710, 14510, NULL, '19:52:00', 40 );
INSERT INTO "times" VALUES ( 20710, 14520, '19:53:00', '19:53:00', 40 );
INSERT INTO "times" VALUES ( 20710, 14530, '19:56:00', '19:56:00', 40 );
INSERT INTO "times" VALUES ( 20710, 14540, '19:58:00', '19:58:00', 40 );
INSERT INTO "times" VALUES ( 20710, 14550, '20:00:00', '20:00:00', 40 );
INSERT INTO "times" VALUES ( 20710, 14560, '20:01:00', '20:01:00', 40 );
INSERT INTO "times" VALUES ( 20710, 14570, '20:03:00', '20:03:00', 40 );

INSERT INTO "dias" VALUES ( 20711, 100, FALSE, TRUE, 'T1911W', 12710, 14510 );
INSERT INTO "dias_line_groups" VALUES ( 20711, 20 );
INSERT INTO "times" VALUES ( 20711, 12710, NULL, '19:55:00', 40 );
INSERT INTO "times" VALUES ( 20711, 14510, '20:09:00', NULL, NULL );
INSERT INTO "times" VALUES ( 20711, 14520, '20:07:00', '20:07:00', 40 );
INSERT INTO "times" VALUES ( 20711, 14530, '20:04:00', '20:04:00', 40 );
INSERT INTO "times" VALUES ( 20711, 14540, '20:02:00', '20:02:00', 40 );
INSERT INTO "times" VALUES ( 20711, 14550, '20:01:00', '20:01:00', 40 );
INSERT INTO "times" VALUES ( 20711, 14560, '19:59:00', '19:59:00', 40 );
INSERT INTO "times" VALUES ( 20711, 14570, '19:57:00', '19:57:00', 40 );

INSERT INTO "dias" VALUES ( 20712, 100, FALSE, TRUE, 'T2000H', 14510, 12710 );
INSERT INTO "dias_line_groups" VALUES ( 20712, 20 );
INSERT INTO "times" VALUES ( 20712, 12710, '20:15:00', NULL, NULL );
INSERT INTO "times" VALUES ( 20712, 14510, NULL, '20:02:00', 40 );
INSERT INTO "times" VALUES ( 20712, 14520, '20:03:00', '20:03:00', 40 );
INSERT INTO "times" VALUES ( 20712, 14530, '20:06:00', '20:06:00', 40 );
INSERT INTO "times" VALUES ( 20712, 14540, '20:08:00', '20:08:00', 40 );
INSERT INTO "times" VALUES ( 20712, 14550, '20:10:00', '20:10:00', 40 );
INSERT INTO "times" VALUES ( 20712, 14560, '20:11:00', '20:11:00', 40 );
INSERT INTO "times" VALUES ( 20712, 14570, '20:13:00', '20:13:00', 40 );

INSERT INTO "dias" VALUES ( 20713, 100, FALSE, TRUE, 'T2001W', 12710, 14510 );
INSERT INTO "dias_line_groups" VALUES ( 20713, 20 );
INSERT INTO "times" VALUES ( 20713, 12710, NULL, '20:05:00', 40 );
INSERT INTO "times" VALUES ( 20713, 14510, '20:19:00', NULL, NULL );
INSERT INTO "times" VALUES ( 20713, 14520, '20:17:00', '20:17:00', 40 );
INSERT INTO "times" VALUES ( 20713, 14530, '20:14:00', '20:14:00', 40 );
INSERT INTO "times" VALUES ( 20713, 14540, '20:12:00', '20:12:00', 40 );
INSERT INTO "times" VALUES ( 20713, 14550, '20:11:00', '20:11:00', 40 );
INSERT INTO "times" VALUES ( 20713, 14560, '20:09:00', '20:09:00', 40 );
INSERT INTO "times" VALUES ( 20713, 14570, '20:07:00', '20:07:00', 40 );

INSERT INTO "dias" VALUES ( 20714, 100, FALSE, TRUE, 'T2002H', 14510, 12710 );
INSERT INTO "dias_line_groups" VALUES ( 20714, 20 );
INSERT INTO "times" VALUES ( 20714, 12710, '20:25:00', NULL, NULL );
INSERT INTO "times" VALUES ( 20714, 14510, NULL, '20:12:00', 40 );
INSERT INTO "times" VALUES ( 20714, 14520, '20:13:00', '20:13:00', 40 );
INSERT INTO "times" VALUES ( 20714, 14530, '20:16:00', '20:16:00', 40 );
INSERT INTO "times" VALUES ( 20714, 14540, '20:18:00', '20:18:00', 40 );
INSERT INTO "times" VALUES ( 20714, 14550, '20:20:00', '20:20:00', 40 );
INSERT INTO "times" VALUES ( 20714, 14560, '20:21:00', '20:21:00', 40 );
INSERT INTO "times" VALUES ( 20714, 14570, '20:23:00', '20:23:00', 40 );

INSERT INTO "dias" VALUES ( 20715, 100, FALSE, TRUE, 'T2003W', 12710, 14510 );
INSERT INTO "dias_line_groups" VALUES ( 20715, 20 );
INSERT INTO "times" VALUES ( 20715, 12710, NULL, '20:15:00', 40 );
INSERT INTO "times" VALUES ( 20715, 14510, '20:29:00', NULL, NULL );
INSERT INTO "times" VALUES ( 20715, 14520, '20:27:00', '20:27:00', 40 );
INSERT INTO "times" VALUES ( 20715, 14530, '20:24:00', '20:24:00', 40 );
INSERT INTO "times" VALUES ( 20715, 14540, '20:22:00', '20:22:00', 40 );
INSERT INTO "times" VALUES ( 20715, 14550, '20:21:00', '20:21:00', 40 );
INSERT INTO "times" VALUES ( 20715, 14560, '20:19:00', '20:19:00', 40 );
INSERT INTO "times" VALUES ( 20715, 14570, '20:17:00', '20:17:00', 40 );

INSERT INTO "dias" VALUES ( 20716, 100, FALSE, TRUE, 'T2004H', 14510, 12710 );
INSERT INTO "dias_line_groups" VALUES ( 20716, 20 );
INSERT INTO "times" VALUES ( 20716, 12710, '20:35:00', NULL, NULL );
INSERT INTO "times" VALUES ( 20716, 14510, NULL, '20:22:00', 40 );
INSERT INTO "times" VALUES ( 20716, 14520, '20:23:00', '20:23:00', 40 );
INSERT INTO "times" VALUES ( 20716, 14530, '20:26:00', '20:26:00', 40 );
INSERT INTO "times" VALUES ( 20716, 14540, '20:28:00', '20:28:00', 40 );
INSERT INTO "times" VALUES ( 20716, 14550, '20:30:00', '20:30:00', 40 );
INSERT INTO "times" VALUES ( 20716, 14560, '20:31:00', '20:31:00', 40 );
INSERT INTO "times" VALUES ( 20716, 14570, '20:33:00', '20:33:00', 40 );

INSERT INTO "dias" VALUES ( 20717, 100, FALSE, TRUE, 'T2005W', 12710, 14510 );
INSERT INTO "dias_line_groups" VALUES ( 20717, 20 );
INSERT INTO "times" VALUES ( 20717, 12710, NULL, '20:25:00', 40 );
INSERT INTO "times" VALUES ( 20717, 14510, '20:39:00', NULL, NULL );
INSERT INTO "times" VALUES ( 20717, 14520, '20:37:00', '20:37:00', 40 );
INSERT INTO "times" VALUES ( 20717, 14530, '20:34:00', '20:34:00', 40 );
INSERT INTO "times" VALUES ( 20717, 14540, '20:32:00', '20:32:00', 40 );
INSERT INTO "times" VALUES ( 20717, 14550, '20:31:00', '20:31:00', 40 );
INSERT INTO "times" VALUES ( 20717, 14560, '20:29:00', '20:29:00', 40 );
INSERT INTO "times" VALUES ( 20717, 14570, '20:27:00', '20:27:00', 40 );

INSERT INTO "dias" VALUES ( 20718, 100, FALSE, TRUE, 'T2006H', 14510, 12710 );
INSERT INTO "dias_line_groups" VALUES ( 20718, 20 );
INSERT INTO "times" VALUES ( 20718, 12710, '20:45:00', NULL, NULL );
INSERT INTO "times" VALUES ( 20718, 14510, NULL, '20:32:00', 40 );
INSERT INTO "times" VALUES ( 20718, 14520, '20:33:00', '20:33:00', 40 );
INSERT INTO "times" VALUES ( 20718, 14530, '20:36:00', '20:36:00', 40 );
INSERT INTO "times" VALUES ( 20718, 14540, '20:38:00', '20:38:00', 40 );
INSERT INTO "times" VALUES ( 20718, 14550, '20:40:00', '20:40:00', 40 );
INSERT INTO "times" VALUES ( 20718, 14560, '20:41:00', '20:41:00', 40 );
INSERT INTO "times" VALUES ( 20718, 14570, '20:43:00', '20:43:00', 40 );

INSERT INTO "dias" VALUES ( 20719, 100, FALSE, TRUE, 'T2007W', 12710, 14510 );
INSERT INTO "dias_line_groups" VALUES ( 20719, 20 );
INSERT INTO "times" VALUES ( 20719, 12710, NULL, '20:35:00', 40 );
INSERT INTO "times" VALUES ( 20719, 14510, '20:49:00', NULL, NULL );
INSERT INTO "times" VALUES ( 20719, 14520, '20:47:00', '20:47:00', 40 );
INSERT INTO "times" VALUES ( 20719, 14530, '20:44:00', '20:44:00', 40 );
INSERT INTO "times" VALUES ( 20719, 14540, '20:42:00', '20:42:00', 40 );
INSERT INTO "times" VALUES ( 20719, 14550, '20:41:00', '20:41:00', 40 );
INSERT INTO "times" VALUES ( 20719, 14560, '20:39:00', '20:39:00', 40 );
INSERT INTO "times" VALUES ( 20719, 14570, '20:37:00', '20:37:00', 40 );

INSERT INTO "dias" VALUES ( 20720, 100, FALSE, TRUE, 'T2008H', 14510, 12710 );
INSERT INTO "dias_line_groups" VALUES ( 20720, 20 );
INSERT INTO "times" VALUES ( 20720, 12710, '20:55:00', NULL, NULL );
INSERT INTO "times" VALUES ( 20720, 14510, NULL, '20:42:00', 40 );
INSERT INTO "times" VALUES ( 20720, 14520, '20:43:00', '20:43:00', 40 );
INSERT INTO "times" VALUES ( 20720, 14530, '20:46:00', '20:46:00', 40 );
INSERT INTO "times" VALUES ( 20720, 14540, '20:48:00', '20:48:00', 40 );
INSERT INTO "times" VALUES ( 20720, 14550, '20:50:00', '20:50:00', 40 );
INSERT INTO "times" VALUES ( 20720, 14560, '20:51:00', '20:51:00', 40 );
INSERT INTO "times" VALUES ( 20720, 14570, '20:53:00', '20:53:00', 40 );

INSERT INTO "dias" VALUES ( 20721, 100, FALSE, TRUE, 'T2009W', 12710, 14510 );
INSERT INTO "dias_line_groups" VALUES ( 20721, 20 );
INSERT INTO "times" VALUES ( 20721, 12710, NULL, '20:45:00', 40 );
INSERT INTO "times" VALUES ( 20721, 14510, '20:59:00', NULL, NULL );
INSERT INTO "times" VALUES ( 20721, 14520, '20:57:00', '20:57:00', 40 );
INSERT INTO "times" VALUES ( 20721, 14530, '20:54:00', '20:54:00', 40 );
INSERT INTO "times" VALUES ( 20721, 14540, '20:52:00', '20:52:00', 40 );
INSERT INTO "times" VALUES ( 20721, 14550, '20:51:00', '20:51:00', 40 );
INSERT INTO "times" VALUES ( 20721, 14560, '20:49:00', '20:49:00', 40 );
INSERT INTO "times" VALUES ( 20721, 14570, '20:47:00', '20:47:00', 40 );

INSERT INTO "dias" VALUES ( 20722, 100, FALSE, TRUE, 'T2010H', 14510, 12710 );
INSERT INTO "dias_line_groups" VALUES ( 20722, 20 );
INSERT INTO "times" VALUES ( 20722, 12710, '21:05:00', NULL, NULL );
INSERT INTO "times" VALUES ( 20722, 14510, NULL, '20:52:00', 40 );
INSERT INTO "times" VALUES ( 20722, 14520, '20:53:00', '20:53:00', 40 );
INSERT INTO "times" VALUES ( 20722, 14530, '20:56:00', '20:56:00', 40 );
INSERT INTO "times" VALUES ( 20722, 14540, '20:58:00', '20:58:00', 40 );
INSERT INTO "times" VALUES ( 20722, 14550, '21:00:00', '21:00:00', 40 );
INSERT INTO "times" VALUES ( 20722, 14560, '21:01:00', '21:01:00', 40 );
INSERT INTO "times" VALUES ( 20722, 14570, '21:03:00', '21:03:00', 40 );

INSERT INTO "dias" VALUES ( 20723, 100, FALSE, TRUE, 'T2011W', 12710, 14510 );
INSERT INTO "dias_line_groups" VALUES ( 20723, 20 );
INSERT INTO "times" VALUES ( 20723, 12710, NULL, '20:55:00', 40 );
INSERT INTO "times" VALUES ( 20723, 14510, '21:09:00', NULL, NULL );
INSERT INTO "times" VALUES ( 20723, 14520, '21:07:00', '21:07:00', 40 );
INSERT INTO "times" VALUES ( 20723, 14530, '21:04:00', '21:04:00', 40 );
INSERT INTO "times" VALUES ( 20723, 14540, '21:02:00', '21:02:00', 40 );
INSERT INTO "times" VALUES ( 20723, 14550, '21:01:00', '21:01:00', 40 );
INSERT INTO "times" VALUES ( 20723, 14560, '20:59:00', '20:59:00', 40 );
INSERT INTO "times" VALUES ( 20723, 14570, '20:57:00', '20:57:00', 40 );

INSERT INTO "dias" VALUES ( 20724, 100, FALSE, TRUE, 'T2100H', 14510, 12710 );
INSERT INTO "dias_line_groups" VALUES ( 20724, 20 );
INSERT INTO "times" VALUES ( 20724, 12710, '21:15:00', NULL, NULL );
INSERT INTO "times" VALUES ( 20724, 14510, NULL, '21:02:00', 40 );
INSERT INTO "times" VALUES ( 20724, 14520, '21:03:00', '21:03:00', 40 );
INSERT INTO "times" VALUES ( 20724, 14530, '21:06:00', '21:06:00', 40 );
INSERT INTO "times" VALUES ( 20724, 14540, '21:08:00', '21:08:00', 40 );
INSERT INTO "times" VALUES ( 20724, 14550, '21:10:00', '21:10:00', 40 );
INSERT INTO "times" VALUES ( 20724, 14560, '21:11:00', '21:11:00', 40 );
INSERT INTO "times" VALUES ( 20724, 14570, '21:13:00', '21:13:00', 40 );

INSERT INTO "dias" VALUES ( 20725, 100, FALSE, TRUE, 'T2101W', 12710, 14510 );
INSERT INTO "dias_line_groups" VALUES ( 20725, 20 );
INSERT INTO "times" VALUES ( 20725, 12710, NULL, '21:05:00', 40 );
INSERT INTO "times" VALUES ( 20725, 14510, '21:19:00', NULL, NULL );
INSERT INTO "times" VALUES ( 20725, 14520, '21:17:00', '21:17:00', 40 );
INSERT INTO "times" VALUES ( 20725, 14530, '21:14:00', '21:14:00', 40 );
INSERT INTO "times" VALUES ( 20725, 14540, '21:12:00', '21:12:00', 40 );
INSERT INTO "times" VALUES ( 20725, 14550, '21:11:00', '21:11:00', 40 );
INSERT INTO "times" VALUES ( 20725, 14560, '21:09:00', '21:09:00', 40 );
INSERT INTO "times" VALUES ( 20725, 14570, '21:07:00', '21:07:00', 40 );

INSERT INTO "dias" VALUES ( 20726, 100, FALSE, TRUE, 'T2102H', 14510, 12710 );
INSERT INTO "dias_line_groups" VALUES ( 20726, 20 );
INSERT INTO "times" VALUES ( 20726, 12710, '21:25:00', NULL, NULL );
INSERT INTO "times" VALUES ( 20726, 14510, NULL, '21:12:00', 40 );
INSERT INTO "times" VALUES ( 20726, 14520, '21:13:00', '21:13:00', 40 );
INSERT INTO "times" VALUES ( 20726, 14530, '21:16:00', '21:16:00', 40 );
INSERT INTO "times" VALUES ( 20726, 14540, '21:18:00', '21:18:00', 40 );
INSERT INTO "times" VALUES ( 20726, 14550, '21:20:00', '21:20:00', 40 );
INSERT INTO "times" VALUES ( 20726, 14560, '21:21:00', '21:21:00', 40 );
INSERT INTO "times" VALUES ( 20726, 14570, '21:23:00', '21:23:00', 40 );

INSERT INTO "dias" VALUES ( 20727, 100, FALSE, TRUE, 'T2103W', 12710, 14510 );
INSERT INTO "dias_line_groups" VALUES ( 20727, 20 );
INSERT INTO "times" VALUES ( 20727, 12710, NULL, '21:15:00', 40 );
INSERT INTO "times" VALUES ( 20727, 14510, '21:29:00', NULL, NULL );
INSERT INTO "times" VALUES ( 20727, 14520, '21:27:00', '21:27:00', 40 );
INSERT INTO "times" VALUES ( 20727, 14530, '21:24:00', '21:24:00', 40 );
INSERT INTO "times" VALUES ( 20727, 14540, '21:22:00', '21:22:00', 40 );
INSERT INTO "times" VALUES ( 20727, 14550, '21:21:00', '21:21:00', 40 );
INSERT INTO "times" VALUES ( 20727, 14560, '21:19:00', '21:19:00', 40 );
INSERT INTO "times" VALUES ( 20727, 14570, '21:17:00', '21:17:00', 40 );

INSERT INTO "dias" VALUES ( 20728, 100, FALSE, TRUE, 'T2104H', 14510, 12710 );
INSERT INTO "dias_line_groups" VALUES ( 20728, 20 );
INSERT INTO "times" VALUES ( 20728, 12710, '21:35:00', NULL, NULL );
INSERT INTO "times" VALUES ( 20728, 14510, NULL, '21:22:00', 40 );
INSERT INTO "times" VALUES ( 20728, 14520, '21:23:00', '21:23:00', 40 );
INSERT INTO "times" VALUES ( 20728, 14530, '21:26:00', '21:26:00', 40 );
INSERT INTO "times" VALUES ( 20728, 14540, '21:28:00', '21:28:00', 40 );
INSERT INTO "times" VALUES ( 20728, 14550, '21:30:00', '21:30:00', 40 );
INSERT INTO "times" VALUES ( 20728, 14560, '21:31:00', '21:31:00', 40 );
INSERT INTO "times" VALUES ( 20728, 14570, '21:33:00', '21:33:00', 40 );

INSERT INTO "dias" VALUES ( 20729, 100, FALSE, TRUE, 'T2105W', 12710, 14510 );
INSERT INTO "dias_line_groups" VALUES ( 20729, 20 );
INSERT INTO "times" VALUES ( 20729, 12710, NULL, '21:25:00', 40 );
INSERT INTO "times" VALUES ( 20729, 14510, '21:39:00', NULL, NULL );
INSERT INTO "times" VALUES ( 20729, 14520, '21:37:00', '21:37:00', 40 );
INSERT INTO "times" VALUES ( 20729, 14530, '21:34:00', '21:34:00', 40 );
INSERT INTO "times" VALUES ( 20729, 14540, '21:32:00', '21:32:00', 40 );
INSERT INTO "times" VALUES ( 20729, 14550, '21:31:00', '21:31:00', 40 );
INSERT INTO "times" VALUES ( 20729, 14560, '21:29:00', '21:29:00', 40 );
INSERT INTO "times" VALUES ( 20729, 14570, '21:27:00', '21:27:00', 40 );

INSERT INTO "dias" VALUES ( 20730, 100, FALSE, TRUE, 'T2106H', 14510, 12710 );
INSERT INTO "dias_line_groups" VALUES ( 20730, 20 );
INSERT INTO "times" VALUES ( 20730, 12710, '21:45:00', NULL, NULL );
INSERT INTO "times" VALUES ( 20730, 14510, NULL, '21:32:00', 40 );
INSERT INTO "times" VALUES ( 20730, 14520, '21:33:00', '21:33:00', 40 );
INSERT INTO "times" VALUES ( 20730, 14530, '21:36:00', '21:36:00', 40 );
INSERT INTO "times" VALUES ( 20730, 14540, '21:38:00', '21:38:00', 40 );
INSERT INTO "times" VALUES ( 20730, 14550, '21:40:00', '21:40:00', 40 );
INSERT INTO "times" VALUES ( 20730, 14560, '21:41:00', '21:41:00', 40 );
INSERT INTO "times" VALUES ( 20730, 14570, '21:43:00', '21:43:00', 40 );

INSERT INTO "dias" VALUES ( 20731, 100, FALSE, TRUE, 'T2107W', 12710, 14510 );
INSERT INTO "dias_line_groups" VALUES ( 20731, 20 );
INSERT INTO "times" VALUES ( 20731, 12710, NULL, '21:35:00', 40 );
INSERT INTO "times" VALUES ( 20731, 14510, '21:49:00', NULL, NULL );
INSERT INTO "times" VALUES ( 20731, 14520, '21:47:00', '21:47:00', 40 );
INSERT INTO "times" VALUES ( 20731, 14530, '21:44:00', '21:44:00', 40 );
INSERT INTO "times" VALUES ( 20731, 14540, '21:42:00', '21:42:00', 40 );
INSERT INTO "times" VALUES ( 20731, 14550, '21:41:00', '21:41:00', 40 );
INSERT INTO "times" VALUES ( 20731, 14560, '21:39:00', '21:39:00', 40 );
INSERT INTO "times" VALUES ( 20731, 14570, '21:37:00', '21:37:00', 40 );

INSERT INTO "dias" VALUES ( 20732, 100, FALSE, TRUE, 'T2108H', 14510, 12710 );
INSERT INTO "dias_line_groups" VALUES ( 20732, 20 );
INSERT INTO "times" VALUES ( 20732, 12710, '21:55:00', NULL, NULL );
INSERT INTO "times" VALUES ( 20732, 14510, NULL, '21:42:00', 40 );
INSERT INTO "times" VALUES ( 20732, 14520, '21:43:00', '21:43:00', 40 );
INSERT INTO "times" VALUES ( 20732, 14530, '21:46:00', '21:46:00', 40 );
INSERT INTO "times" VALUES ( 20732, 14540, '21:48:00', '21:48:00', 40 );
INSERT INTO "times" VALUES ( 20732, 14550, '21:50:00', '21:50:00', 40 );
INSERT INTO "times" VALUES ( 20732, 14560, '21:51:00', '21:51:00', 40 );
INSERT INTO "times" VALUES ( 20732, 14570, '21:53:00', '21:53:00', 40 );

INSERT INTO "dias" VALUES ( 20733, 100, FALSE, TRUE, 'T2109W', 12710, 14510 );
INSERT INTO "dias_line_groups" VALUES ( 20733, 20 );
INSERT INTO "times" VALUES ( 20733, 12710, NULL, '21:45:00', 40 );
INSERT INTO "times" VALUES ( 20733, 14510, '21:59:00', NULL, NULL );
INSERT INTO "times" VALUES ( 20733, 14520, '21:57:00', '21:57:00', 40 );
INSERT INTO "times" VALUES ( 20733, 14530, '21:54:00', '21:54:00', 40 );
INSERT INTO "times" VALUES ( 20733, 14540, '21:52:00', '21:52:00', 40 );
INSERT INTO "times" VALUES ( 20733, 14550, '21:51:00', '21:51:00', 40 );
INSERT INTO "times" VALUES ( 20733, 14560, '21:49:00', '21:49:00', 40 );
INSERT INTO "times" VALUES ( 20733, 14570, '21:47:00', '21:47:00', 40 );

INSERT INTO "dias" VALUES ( 20734, 100, FALSE, TRUE, 'T2110H', 14510, 12710 );
INSERT INTO "dias_line_groups" VALUES ( 20734, 20 );
INSERT INTO "times" VALUES ( 20734, 12710, '22:05:00', NULL, NULL );
INSERT INTO "times" VALUES ( 20734, 14510, NULL, '21:52:00', 40 );
INSERT INTO "times" VALUES ( 20734, 14520, '21:53:00', '21:53:00', 40 );
INSERT INTO "times" VALUES ( 20734, 14530, '21:56:00', '21:56:00', 40 );
INSERT INTO "times" VALUES ( 20734, 14540, '21:58:00', '21:58:00', 40 );
INSERT INTO "times" VALUES ( 20734, 14550, '22:00:00', '22:00:00', 40 );
INSERT INTO "times" VALUES ( 20734, 14560, '22:01:00', '22:01:00', 40 );
INSERT INTO "times" VALUES ( 20734, 14570, '22:03:00', '22:03:00', 40 );

INSERT INTO "dias" VALUES ( 20735, 100, FALSE, TRUE, 'T2200H', 14510, 12710 );
INSERT INTO "dias_line_groups" VALUES ( 20735, 20 );
INSERT INTO "times" VALUES ( 20735, 12710, '22:20:00', NULL, NULL );
INSERT INTO "times" VALUES ( 20735, 14510, NULL, '22:06:00', 40 );
INSERT INTO "times" VALUES ( 20735, 14520, '22:08:00', '22:08:00', 40 );
INSERT INTO "times" VALUES ( 20735, 14530, '22:10:00', '22:10:00', 40 );
INSERT INTO "times" VALUES ( 20735, 14540, '22:12:00', '22:12:00', 40 );
INSERT INTO "times" VALUES ( 20735, 14550, '22:14:00', '22:14:00', 40 );
INSERT INTO "times" VALUES ( 20735, 14560, '22:16:00', '22:16:00', 40 );
INSERT INTO "times" VALUES ( 20735, 14570, '22:17:00', '22:17:00', 40 );

INSERT INTO "dias" VALUES ( 20736, 100, FALSE, TRUE, 'T2201W', 12710, 14510 );
INSERT INTO "dias_line_groups" VALUES ( 20736, 20 );
INSERT INTO "times" VALUES ( 20736, 12710, NULL, '22:00:00', 40 );
INSERT INTO "times" VALUES ( 20736, 14510, '22:13:00', NULL, NULL );
INSERT INTO "times" VALUES ( 20736, 14520, '22:11:00', '22:11:00', 40 );
INSERT INTO "times" VALUES ( 20736, 14530, '22:09:00', '22:09:00', 40 );
INSERT INTO "times" VALUES ( 20736, 14540, '22:07:00', '22:07:00', 40 );
INSERT INTO "times" VALUES ( 20736, 14550, '22:05:00', '22:05:00', 40 );
INSERT INTO "times" VALUES ( 20736, 14560, '22:03:00', '22:03:00', 40 );
INSERT INTO "times" VALUES ( 20736, 14570, '22:02:00', '22:02:00', 40 );

INSERT INTO "dias" VALUES ( 20737, 100, FALSE, TRUE, 'T2202H', 14510, 12710 );
INSERT INTO "dias_line_groups" VALUES ( 20737, 20 );
INSERT INTO "times" VALUES ( 20737, 12710, '22:35:00', NULL, NULL );
INSERT INTO "times" VALUES ( 20737, 14510, NULL, '22:22:00', 40 );
INSERT INTO "times" VALUES ( 20737, 14520, '22:23:00', '22:23:00', 40 );
INSERT INTO "times" VALUES ( 20737, 14530, '22:26:00', '22:26:00', 40 );
INSERT INTO "times" VALUES ( 20737, 14540, '22:28:00', '22:28:00', 40 );
INSERT INTO "times" VALUES ( 20737, 14550, '22:30:00', '22:30:00', 40 );
INSERT INTO "times" VALUES ( 20737, 14560, '22:31:00', '22:31:00', 40 );
INSERT INTO "times" VALUES ( 20737, 14570, '22:33:00', '22:33:00', 40 );

INSERT INTO "dias" VALUES ( 20738, 100, FALSE, TRUE, 'T2203W', 12710, 14510 );
INSERT INTO "dias_line_groups" VALUES ( 20738, 20 );
INSERT INTO "times" VALUES ( 20738, 12710, NULL, '22:15:00', 40 );
INSERT INTO "times" VALUES ( 20738, 14510, '22:28:00', NULL, NULL );
INSERT INTO "times" VALUES ( 20738, 14520, '22:26:00', '22:26:00', 40 );
INSERT INTO "times" VALUES ( 20738, 14530, '22:24:00', '22:24:00', 40 );
INSERT INTO "times" VALUES ( 20738, 14540, '22:22:00', '22:22:00', 40 );
INSERT INTO "times" VALUES ( 20738, 14550, '22:20:00', '22:20:00', 40 );
INSERT INTO "times" VALUES ( 20738, 14560, '22:18:00', '22:18:00', 40 );
INSERT INTO "times" VALUES ( 20738, 14570, '22:17:00', '22:17:00', 40 );

INSERT INTO "dias" VALUES ( 20739, 100, FALSE, TRUE, 'T2204H', 14510, 12710 );
INSERT INTO "dias_line_groups" VALUES ( 20739, 20 );
INSERT INTO "times" VALUES ( 20739, 12710, '22:53:00', NULL, NULL );
INSERT INTO "times" VALUES ( 20739, 14510, NULL, '22:39:00', 40 );
INSERT INTO "times" VALUES ( 20739, 14520, '22:41:00', '22:41:00', 40 );
INSERT INTO "times" VALUES ( 20739, 14530, '22:43:00', '22:43:00', 40 );
INSERT INTO "times" VALUES ( 20739, 14540, '22:45:00', '22:45:00', 40 );
INSERT INTO "times" VALUES ( 20739, 14550, '22:47:00', '22:47:00', 40 );
INSERT INTO "times" VALUES ( 20739, 14560, '22:49:00', '22:49:00', 40 );
INSERT INTO "times" VALUES ( 20739, 14570, '22:50:00', '22:50:00', 40 );

INSERT INTO "dias" VALUES ( 20740, 100, FALSE, TRUE, 'T2205W', 12710, 14510 );
INSERT INTO "dias_line_groups" VALUES ( 20740, 20 );
INSERT INTO "times" VALUES ( 20740, 12710, NULL, '22:32:00', 40 );
INSERT INTO "times" VALUES ( 20740, 14510, '22:46:00', NULL, NULL );
INSERT INTO "times" VALUES ( 20740, 14520, '22:44:00', '22:44:00', 40 );
INSERT INTO "times" VALUES ( 20740, 14530, '22:41:00', '22:41:00', 40 );
INSERT INTO "times" VALUES ( 20740, 14540, '22:39:00', '22:39:00', 40 );
INSERT INTO "times" VALUES ( 20740, 14550, '22:38:00', '22:38:00', 40 );
INSERT INTO "times" VALUES ( 20740, 14560, '22:36:00', '22:36:00', 40 );
INSERT INTO "times" VALUES ( 20740, 14570, '22:34:00', '22:34:00', 40 );

INSERT INTO "dias" VALUES ( 20741, 100, FALSE, TRUE, 'T2206H', 14510, 12710 );
INSERT INTO "dias_line_groups" VALUES ( 20741, 20 );
INSERT INTO "times" VALUES ( 20741, 12710, '23:08:00', NULL, NULL );
INSERT INTO "times" VALUES ( 20741, 14510, NULL, '22:54:00', 40 );
INSERT INTO "times" VALUES ( 20741, 14520, '22:56:00', '22:56:00', 40 );
INSERT INTO "times" VALUES ( 20741, 14530, '22:58:00', '22:58:00', 40 );
INSERT INTO "times" VALUES ( 20741, 14540, '23:00:00', '23:00:00', 40 );
INSERT INTO "times" VALUES ( 20741, 14550, '23:02:00', '23:02:00', 40 );
INSERT INTO "times" VALUES ( 20741, 14560, '23:04:00', '23:04:00', 40 );
INSERT INTO "times" VALUES ( 20741, 14570, '23:05:00', '23:05:00', 40 );

INSERT INTO "dias" VALUES ( 20742, 100, FALSE, TRUE, 'T2207W', 12710, 14510 );
INSERT INTO "dias_line_groups" VALUES ( 20742, 20 );
INSERT INTO "times" VALUES ( 20742, 12710, NULL, '22:45:00', 40 );
INSERT INTO "times" VALUES ( 20742, 14510, '22:58:00', NULL, NULL );
INSERT INTO "times" VALUES ( 20742, 14520, '22:57:00', '22:57:00', 40 );
INSERT INTO "times" VALUES ( 20742, 14530, '22:54:00', '22:54:00', 40 );
INSERT INTO "times" VALUES ( 20742, 14540, '22:52:00', '22:52:00', 40 );
INSERT INTO "times" VALUES ( 20742, 14550, '22:50:00', '22:50:00', 40 );
INSERT INTO "times" VALUES ( 20742, 14560, '22:49:00', '22:49:00', 40 );
INSERT INTO "times" VALUES ( 20742, 14570, '22:47:00', '22:47:00', 40 );

INSERT INTO "dias" VALUES ( 20743, 100, FALSE, TRUE, 'T2300H', 14510, 12710 );
INSERT INTO "dias_line_groups" VALUES ( 20743, 20 );
INSERT INTO "times" VALUES ( 20743, 12710, '23:19:00', NULL, NULL );
INSERT INTO "times" VALUES ( 20743, 14510, NULL, '23:06:00', 40 );
INSERT INTO "times" VALUES ( 20743, 14520, '23:07:00', '23:07:00', 40 );
INSERT INTO "times" VALUES ( 20743, 14530, '23:10:00', '23:10:00', 40 );
INSERT INTO "times" VALUES ( 20743, 14540, '23:12:00', '23:12:00', 40 );
INSERT INTO "times" VALUES ( 20743, 14550, '23:14:00', '23:14:00', 40 );
INSERT INTO "times" VALUES ( 20743, 14560, '23:15:00', '23:15:00', 40 );
INSERT INTO "times" VALUES ( 20743, 14570, '23:17:00', '23:17:00', 40 );

INSERT INTO "dias" VALUES ( 20744, 100, FALSE, TRUE, 'T2301W', 12710, 14510 );
INSERT INTO "dias_line_groups" VALUES ( 20744, 20 );
INSERT INTO "times" VALUES ( 20744, 12710, NULL, '23:04:00', 40 );
INSERT INTO "times" VALUES ( 20744, 14510, '23:17:00', NULL, NULL );
INSERT INTO "times" VALUES ( 20744, 14520, '23:16:00', '23:16:00', 40 );
INSERT INTO "times" VALUES ( 20744, 14530, '23:13:00', '23:13:00', 40 );
INSERT INTO "times" VALUES ( 20744, 14540, '23:11:00', '23:11:00', 40 );
INSERT INTO "times" VALUES ( 20744, 14550, '23:09:00', '23:09:00', 40 );
INSERT INTO "times" VALUES ( 20744, 14560, '23:08:00', '23:08:00', 40 );
INSERT INTO "times" VALUES ( 20744, 14570, '23:06:00', '23:06:00', 40 );

INSERT INTO "dias" VALUES ( 20745, 100, FALSE, TRUE, 'T2302H', 14510, 12710 );
INSERT INTO "dias_line_groups" VALUES ( 20745, 20 );
INSERT INTO "times" VALUES ( 20745, 12710, '23:35:00', NULL, NULL );
INSERT INTO "times" VALUES ( 20745, 14510, NULL, '23:21:00', 40 );
INSERT INTO "times" VALUES ( 20745, 14520, '23:23:00', '23:23:00', 40 );
INSERT INTO "times" VALUES ( 20745, 14530, '23:25:00', '23:25:00', 40 );
INSERT INTO "times" VALUES ( 20745, 14540, '23:27:00', '23:27:00', 40 );
INSERT INTO "times" VALUES ( 20745, 14550, '23:29:00', '23:29:00', 40 );
INSERT INTO "times" VALUES ( 20745, 14560, '23:31:00', '23:31:00', 40 );
INSERT INTO "times" VALUES ( 20745, 14570, '23:32:00', '23:32:00', 40 );

INSERT INTO "dias" VALUES ( 20746, 100, FALSE, TRUE, 'T2303W', 12710, 14510 );
INSERT INTO "dias_line_groups" VALUES ( 20746, 20 );
INSERT INTO "times" VALUES ( 20746, 12710, NULL, '23:15:00', 40 );
INSERT INTO "times" VALUES ( 20746, 14510, '23:28:00', NULL, NULL );
INSERT INTO "times" VALUES ( 20746, 14520, '23:27:00', '23:27:00', 40 );
INSERT INTO "times" VALUES ( 20746, 14530, '23:24:00', '23:24:00', 40 );
INSERT INTO "times" VALUES ( 20746, 14540, '23:22:00', '23:22:00', 40 );
INSERT INTO "times" VALUES ( 20746, 14550, '23:20:00', '23:20:00', 40 );
INSERT INTO "times" VALUES ( 20746, 14560, '23:19:00', '23:19:00', 40 );
INSERT INTO "times" VALUES ( 20746, 14570, '23:17:00', '23:17:00', 40 );

INSERT INTO "dias" VALUES ( 20747, 100, FALSE, TRUE, 'T2304H', 14510, 12710 );
INSERT INTO "dias_line_groups" VALUES ( 20747, 20 );
INSERT INTO "times" VALUES ( 20747, 12710, '23:48:00', NULL, NULL );
INSERT INTO "times" VALUES ( 20747, 14510, NULL, '23:34:00', 40 );
INSERT INTO "times" VALUES ( 20747, 14520, '23:36:00', '23:36:00', 40 );
INSERT INTO "times" VALUES ( 20747, 14530, '23:38:00', '23:38:00', 40 );
INSERT INTO "times" VALUES ( 20747, 14540, '23:40:00', '23:40:00', 40 );
INSERT INTO "times" VALUES ( 20747, 14550, '23:42:00', '23:42:00', 40 );
INSERT INTO "times" VALUES ( 20747, 14560, '23:44:00', '23:44:00', 40 );
INSERT INTO "times" VALUES ( 20747, 14570, '23:45:00', '23:45:00', 40 );

INSERT INTO "dias" VALUES ( 20748, 100, FALSE, TRUE, 'T2305W', 12710, 14510 );
INSERT INTO "dias_line_groups" VALUES ( 20748, 20 );
INSERT INTO "times" VALUES ( 20748, 12710, NULL, '23:29:00', 40 );
INSERT INTO "times" VALUES ( 20748, 14510, '23:42:00', NULL, NULL );
INSERT INTO "times" VALUES ( 20748, 14520, '23:40:00', '23:40:00', 40 );
INSERT INTO "times" VALUES ( 20748, 14530, '23:38:00', '23:38:00', 40 );
INSERT INTO "times" VALUES ( 20748, 14540, '23:36:00', '23:36:00', 40 );
INSERT INTO "times" VALUES ( 20748, 14550, '23:34:00', '23:34:00', 40 );
INSERT INTO "times" VALUES ( 20748, 14560, '23:32:00', '23:32:00', 40 );
INSERT INTO "times" VALUES ( 20748, 14570, '23:31:00', '23:31:00', 40 );

INSERT INTO "dias" VALUES ( 20749, 100, FALSE, TRUE, 'T2306H', 14510, 12710 );
INSERT INTO "dias_line_groups" VALUES ( 20749, 20 );
INSERT INTO "times" VALUES ( 20749, 12710, '23:58:00', NULL, NULL );
INSERT INTO "times" VALUES ( 20749, 14510, NULL, '23:45:00', 40 );
INSERT INTO "times" VALUES ( 20749, 14520, '23:46:00', '23:46:00', 40 );
INSERT INTO "times" VALUES ( 20749, 14530, '23:49:00', '23:49:00', 40 );
INSERT INTO "times" VALUES ( 20749, 14540, '23:51:00', '23:51:00', 40 );
INSERT INTO "times" VALUES ( 20749, 14550, '23:53:00', '23:53:00', 40 );
INSERT INTO "times" VALUES ( 20749, 14560, '23:54:00', '23:54:00', 40 );
INSERT INTO "times" VALUES ( 20749, 14570, '23:56:00', '23:56:00', 40 );

INSERT INTO "dias" VALUES ( 20750, 100, FALSE, TRUE, 'T2307W', 12710, 14510 );
INSERT INTO "dias_line_groups" VALUES ( 20750, 20 );
INSERT INTO "times" VALUES ( 20750, 12710, NULL, '23:44:00', 40 );
INSERT INTO "times" VALUES ( 20750, 14510, '23:57:00', NULL, NULL );
INSERT INTO "times" VALUES ( 20750, 14520, '23:56:00', '23:56:00', 40 );
INSERT INTO "times" VALUES ( 20750, 14530, '23:53:00', '23:53:00', 40 );
INSERT INTO "times" VALUES ( 20750, 14540, '23:51:00', '23:51:00', 40 );
INSERT INTO "times" VALUES ( 20750, 14550, '23:49:00', '23:49:00', 40 );
INSERT INTO "times" VALUES ( 20750, 14560, '23:48:00', '23:48:00', 40 );
INSERT INTO "times" VALUES ( 20750, 14570, '23:46:00', '23:46:00', 40 );

INSERT INTO "dias" VALUES ( 20751, 100, FALSE, TRUE, 'T2400H', 14510, 12710 );
INSERT INTO "dias_line_groups" VALUES ( 20751, 20 );
INSERT INTO "times" VALUES ( 20751, 12710, '00:14:00', NULL, NULL );
INSERT INTO "times" VALUES ( 20751, 14510, NULL, '00:01:00', 40 );
INSERT INTO "times" VALUES ( 20751, 14520, '00:02:00', '00:02:00', 40 );
INSERT INTO "times" VALUES ( 20751, 14530, '00:05:00', '00:05:00', 40 );
INSERT INTO "times" VALUES ( 20751, 14540, '00:07:00', '00:07:00', 40 );
INSERT INTO "times" VALUES ( 20751, 14550, '00:09:00', '00:09:00', 40 );
INSERT INTO "times" VALUES ( 20751, 14560, '00:10:00', '00:10:00', 40 );
INSERT INTO "times" VALUES ( 20751, 14570, '00:12:00', '00:12:00', 40 );

INSERT INTO "dias" VALUES ( 20752, 100, FALSE, TRUE, 'T2401W', 12710, 14510 );
INSERT INTO "dias_line_groups" VALUES ( 20752, 20 );
INSERT INTO "times" VALUES ( 20752, 12710, NULL, '00:05:00', 40 );
INSERT INTO "times" VALUES ( 20752, 14510, '00:18:00', NULL, NULL );
INSERT INTO "times" VALUES ( 20752, 14520, '00:16:00', '00:16:00', 40 );
INSERT INTO "times" VALUES ( 20752, 14530, '00:14:00', '00:14:00', 40 );
INSERT INTO "times" VALUES ( 20752, 14540, '00:12:00', '00:12:00', 40 );
INSERT INTO "times" VALUES ( 20752, 14550, '00:10:00', '00:10:00', 40 );
INSERT INTO "times" VALUES ( 20752, 14560, '00:09:00', '00:09:00', 40 );
INSERT INTO "times" VALUES ( 20752, 14570, '00:07:00', '00:07:00', 40 );

INSERT INTO "dias" VALUES ( 20753, 100, FALSE, TRUE, 'T2402H', 14510, 12710 );
INSERT INTO "dias_line_groups" VALUES ( 20753, 20 );
INSERT INTO "times" VALUES ( 20753, 12710, '00:34:00', NULL, NULL );
INSERT INTO "times" VALUES ( 20753, 14510, NULL, '00:21:00', 40 );
INSERT INTO "times" VALUES ( 20753, 14520, '00:22:00', '00:22:00', 40 );
INSERT INTO "times" VALUES ( 20753, 14530, '00:25:00', '00:25:00', 40 );
INSERT INTO "times" VALUES ( 20753, 14540, '00:27:00', '00:27:00', 40 );
INSERT INTO "times" VALUES ( 20753, 14550, '00:29:00', '00:29:00', 40 );
INSERT INTO "times" VALUES ( 20753, 14560, '00:30:00', '00:30:00', 40 );
INSERT INTO "times" VALUES ( 20753, 14570, '00:32:00', '00:32:00', 40 );

INSERT INTO "dias" VALUES ( 20754, 100, FALSE, TRUE, 'T2403W', 12710, 14510 );
INSERT INTO "dias_line_groups" VALUES ( 20754, 20 );
INSERT INTO "times" VALUES ( 20754, 12710, NULL, '00:20:00', 40 );
INSERT INTO "times" VALUES ( 20754, 14510, '00:33:00', NULL, NULL );
INSERT INTO "times" VALUES ( 20754, 14520, '00:31:00', '00:31:00', 40 );
INSERT INTO "times" VALUES ( 20754, 14530, '00:29:00', '00:29:00', 40 );
INSERT INTO "times" VALUES ( 20754, 14540, '00:27:00', '00:27:00', 40 );
INSERT INTO "times" VALUES ( 20754, 14550, '00:25:00', '00:25:00', 40 );
INSERT INTO "times" VALUES ( 20754, 14560, '00:23:00', '00:23:00', 40 );
INSERT INTO "times" VALUES ( 20754, 14570, '00:22:00', '00:22:00', 40 );

INSERT INTO "dias" VALUES ( 20755, 100, FALSE, TRUE, 'T2404H', 14510, 12710 );
INSERT INTO "dias_line_groups" VALUES ( 20755, 20 );
INSERT INTO "times" VALUES ( 20755, 12710, '00:49:00', NULL, NULL );
INSERT INTO "times" VALUES ( 20755, 14510, NULL, '00:36:00', 40 );
INSERT INTO "times" VALUES ( 20755, 14520, '00:37:00', '00:37:00', 40 );
INSERT INTO "times" VALUES ( 20755, 14530, '00:40:00', '00:40:00', 40 );
INSERT INTO "times" VALUES ( 20755, 14540, '00:42:00', '00:42:00', 40 );
INSERT INTO "times" VALUES ( 20755, 14550, '00:44:00', '00:44:00', 40 );
INSERT INTO "times" VALUES ( 20755, 14560, '00:45:00', '00:45:00', 40 );
INSERT INTO "times" VALUES ( 20755, 14570, '00:47:00', '00:47:00', 40 );

INSERT INTO "dias" VALUES ( 20756, 100, FALSE, TRUE, 'V0500C', 15510, 12780 );
INSERT INTO "dias_line_groups" VALUES ( 20756, 30 );
INSERT INTO "times" VALUES ( 20756, 12780, '05:31:00', NULL, NULL );
INSERT INTO "times" VALUES ( 20756, 15510, NULL, '05:17:00', 50 );
INSERT INTO "times" VALUES ( 20756, 15520, '05:18:00', '05:18:00', 50 );
INSERT INTO "times" VALUES ( 20756, 15530, '05:20:00', '05:20:00', 50 );
INSERT INTO "times" VALUES ( 20756, 15540, '05:22:00', '05:22:00', 50 );
INSERT INTO "times" VALUES ( 20756, 15550, '05:24:00', '05:24:00', 50 );
INSERT INTO "times" VALUES ( 20756, 15560, '05:26:00', '05:26:00', 50 );
INSERT INTO "times" VALUES ( 20756, 15570, '05:28:00', '05:28:00', 50 );

INSERT INTO "dias" VALUES ( 20757, 100, FALSE, TRUE, 'V0501U', 12780, 15510 );
INSERT INTO "dias_line_groups" VALUES ( 20757, 30 );
INSERT INTO "times" VALUES ( 20757, 12780, NULL, '05:00:00', 50 );
INSERT INTO "times" VALUES ( 20757, 15510, '05:14:00', NULL, NULL );
INSERT INTO "times" VALUES ( 20757, 15520, '05:12:00', '05:12:00', 50 );
INSERT INTO "times" VALUES ( 20757, 15530, '05:09:00', '05:09:00', 50 );
INSERT INTO "times" VALUES ( 20757, 15540, '05:07:00', '05:07:00', 50 );
INSERT INTO "times" VALUES ( 20757, 15550, '05:06:00', '05:06:00', 50 );
INSERT INTO "times" VALUES ( 20757, 15560, '05:04:00', '05:04:00', 50 );
INSERT INTO "times" VALUES ( 20757, 15570, '05:02:00', '05:02:00', 50 );

INSERT INTO "dias" VALUES ( 20758, 100, FALSE, TRUE, 'V0502C', 15510, 12780 );
INSERT INTO "dias_line_groups" VALUES ( 20758, 30 );
INSERT INTO "times" VALUES ( 20758, 12780, '05:45:00', NULL, NULL );
INSERT INTO "times" VALUES ( 20758, 15510, NULL, '05:31:00', 50 );
INSERT INTO "times" VALUES ( 20758, 15520, '05:32:00', '05:32:00', 50 );
INSERT INTO "times" VALUES ( 20758, 15530, '05:34:00', '05:34:00', 50 );
INSERT INTO "times" VALUES ( 20758, 15540, '05:37:00', '05:37:00', 50 );
INSERT INTO "times" VALUES ( 20758, 15550, '05:39:00', '05:39:00', 50 );
INSERT INTO "times" VALUES ( 20758, 15560, '05:40:00', '05:40:00', 50 );
INSERT INTO "times" VALUES ( 20758, 15570, '05:43:00', '05:43:00', 50 );

INSERT INTO "dias" VALUES ( 20759, 100, FALSE, TRUE, 'V0503U', 12780, 15510 );
INSERT INTO "dias_line_groups" VALUES ( 20759, 30 );
INSERT INTO "times" VALUES ( 20759, 12780, NULL, '05:13:00', 50 );
INSERT INTO "times" VALUES ( 20759, 15510, '05:28:00', NULL, NULL );
INSERT INTO "times" VALUES ( 20759, 15520, '05:26:00', '05:26:00', 50 );
INSERT INTO "times" VALUES ( 20759, 15530, '05:23:00', '05:23:00', 50 );
INSERT INTO "times" VALUES ( 20759, 15540, '05:21:00', '05:21:00', 50 );
INSERT INTO "times" VALUES ( 20759, 15550, '05:19:00', '05:19:00', 50 );
INSERT INTO "times" VALUES ( 20759, 15560, '05:17:00', '05:17:00', 50 );
INSERT INTO "times" VALUES ( 20759, 15570, '05:15:00', '05:15:00', 50 );

INSERT INTO "dias" VALUES ( 20760, 100, FALSE, TRUE, 'V0504C', 15510, 12780 );
INSERT INTO "dias_line_groups" VALUES ( 20760, 30 );
INSERT INTO "times" VALUES ( 20760, 12780, '06:00:00', NULL, NULL );
INSERT INTO "times" VALUES ( 20760, 15510, NULL, '05:45:00', 50 );
INSERT INTO "times" VALUES ( 20760, 15520, '05:46:00', '05:46:00', 50 );
INSERT INTO "times" VALUES ( 20760, 15530, '05:49:00', '05:49:00', 50 );
INSERT INTO "times" VALUES ( 20760, 15540, '05:52:00', '05:52:00', 50 );
INSERT INTO "times" VALUES ( 20760, 15550, '05:53:00', '05:53:00', 50 );
INSERT INTO "times" VALUES ( 20760, 15560, '05:55:00', '05:55:00', 50 );
INSERT INTO "times" VALUES ( 20760, 15570, '05:58:00', '05:58:00', 50 );

INSERT INTO "dias" VALUES ( 20761, 100, FALSE, TRUE, 'V0505U', 12780, 15510 );
INSERT INTO "dias_line_groups" VALUES ( 20761, 30 );
INSERT INTO "times" VALUES ( 20761, 12780, NULL, '05:26:00', 50 );
INSERT INTO "times" VALUES ( 20761, 15510, '05:41:00', NULL, NULL );
INSERT INTO "times" VALUES ( 20761, 15520, '05:39:00', '05:39:00', 50 );
INSERT INTO "times" VALUES ( 20761, 15530, '05:36:00', '05:36:00', 50 );
INSERT INTO "times" VALUES ( 20761, 15540, '05:34:00', '05:34:00', 50 );
INSERT INTO "times" VALUES ( 20761, 15550, '05:32:00', '05:32:00', 50 );
INSERT INTO "times" VALUES ( 20761, 15560, '05:30:00', '05:30:00', 50 );
INSERT INTO "times" VALUES ( 20761, 15570, '05:28:00', '05:28:00', 50 );

INSERT INTO "dias" VALUES ( 20762, 100, FALSE, TRUE, 'V0506C', 15510, 12780 );
INSERT INTO "dias_line_groups" VALUES ( 20762, 30 );
INSERT INTO "times" VALUES ( 20762, 12780, '06:11:00', NULL, NULL );
INSERT INTO "times" VALUES ( 20762, 15510, NULL, '05:56:00', 50 );
INSERT INTO "times" VALUES ( 20762, 15520, '05:57:00', '05:57:00', 50 );
INSERT INTO "times" VALUES ( 20762, 15530, '06:00:00', '06:00:00', 50 );
INSERT INTO "times" VALUES ( 20762, 15540, '06:02:00', '06:02:00', 50 );
INSERT INTO "times" VALUES ( 20762, 15550, '06:04:00', '06:04:00', 50 );
INSERT INTO "times" VALUES ( 20762, 15560, '06:06:00', '06:06:00', 50 );
INSERT INTO "times" VALUES ( 20762, 15570, '06:08:00', '06:08:00', 50 );

INSERT INTO "dias" VALUES ( 20763, 100, FALSE, TRUE, 'V0507U', 12780, 15510 );
INSERT INTO "dias_line_groups" VALUES ( 20763, 30 );
INSERT INTO "times" VALUES ( 20763, 12780, NULL, '05:38:00', 50 );
INSERT INTO "times" VALUES ( 20763, 15510, '05:53:00', NULL, NULL );
INSERT INTO "times" VALUES ( 20763, 15520, '05:51:00', '05:51:00', 50 );
INSERT INTO "times" VALUES ( 20763, 15530, '05:49:00', '05:49:00', 50 );
INSERT INTO "times" VALUES ( 20763, 15540, '05:46:00', '05:46:00', 50 );
INSERT INTO "times" VALUES ( 20763, 15550, '05:44:00', '05:44:00', 50 );
INSERT INTO "times" VALUES ( 20763, 15560, '05:43:00', '05:43:00', 50 );
INSERT INTO "times" VALUES ( 20763, 15570, '05:40:00', '05:40:00', 50 );

INSERT INTO "dias" VALUES ( 20764, 100, FALSE, TRUE, 'V0509U', 12780, 15510 );
INSERT INTO "dias_line_groups" VALUES ( 20764, 30 );
INSERT INTO "times" VALUES ( 20764, 12780, NULL, '05:49:00', 50 );
INSERT INTO "times" VALUES ( 20764, 15510, '06:04:00', NULL, NULL );
INSERT INTO "times" VALUES ( 20764, 15520, '06:02:00', '06:02:00', 50 );
INSERT INTO "times" VALUES ( 20764, 15530, '05:59:00', '05:59:00', 50 );
INSERT INTO "times" VALUES ( 20764, 15540, '05:57:00', '05:57:00', 50 );
INSERT INTO "times" VALUES ( 20764, 15550, '05:55:00', '05:55:00', 50 );
INSERT INTO "times" VALUES ( 20764, 15560, '05:53:00', '05:53:00', 50 );
INSERT INTO "times" VALUES ( 20764, 15570, '05:51:00', '05:51:00', 50 );

INSERT INTO "dias" VALUES ( 20765, 100, FALSE, TRUE, 'V0511U', 12780, 15510 );
INSERT INTO "dias_line_groups" VALUES ( 20765, 30 );
INSERT INTO "times" VALUES ( 20765, 12780, NULL, '05:57:00', 50 );
INSERT INTO "times" VALUES ( 20765, 15510, '06:12:00', NULL, NULL );
INSERT INTO "times" VALUES ( 20765, 15520, '06:10:00', '06:10:00', 50 );
INSERT INTO "times" VALUES ( 20765, 15530, '06:07:00', '06:07:00', 50 );
INSERT INTO "times" VALUES ( 20765, 15540, '06:05:00', '06:05:00', 50 );
INSERT INTO "times" VALUES ( 20765, 15550, '06:03:00', '06:03:00', 50 );
INSERT INTO "times" VALUES ( 20765, 15560, '06:01:00', '06:01:00', 50 );
INSERT INTO "times" VALUES ( 20765, 15570, '05:59:00', '05:59:00', 50 );

INSERT INTO "dias" VALUES ( 20766, 100, FALSE, TRUE, 'V0600C', 15510, 12780 );
INSERT INTO "dias_line_groups" VALUES ( 20766, 30 );
INSERT INTO "times" VALUES ( 20766, 12780, '06:22:00', NULL, NULL );
INSERT INTO "times" VALUES ( 20766, 15510, NULL, '06:07:00', 50 );
INSERT INTO "times" VALUES ( 20766, 15520, '06:08:00', '06:08:00', 50 );
INSERT INTO "times" VALUES ( 20766, 15530, '06:10:00', '06:10:00', 50 );
INSERT INTO "times" VALUES ( 20766, 15540, '06:13:00', '06:13:00', 50 );
INSERT INTO "times" VALUES ( 20766, 15550, '06:15:00', '06:15:00', 50 );
INSERT INTO "times" VALUES ( 20766, 15560, '06:16:00', '06:16:00', 50 );
INSERT INTO "times" VALUES ( 20766, 15570, '06:19:00', '06:19:00', 50 );

INSERT INTO "dias" VALUES ( 20767, 100, FALSE, TRUE, 'V0601U', 12780, 15510 );
INSERT INTO "dias_line_groups" VALUES ( 20767, 30 );
INSERT INTO "times" VALUES ( 20767, 12780, NULL, '06:08:00', 50 );
INSERT INTO "times" VALUES ( 20767, 15510, '06:23:00', NULL, NULL );
INSERT INTO "times" VALUES ( 20767, 15520, '06:21:00', '06:21:00', 50 );
INSERT INTO "times" VALUES ( 20767, 15530, '06:19:00', '06:19:00', 50 );
INSERT INTO "times" VALUES ( 20767, 15540, '06:16:00', '06:16:00', 50 );
INSERT INTO "times" VALUES ( 20767, 15550, '06:14:00', '06:14:00', 50 );
INSERT INTO "times" VALUES ( 20767, 15560, '06:13:00', '06:13:00', 50 );
INSERT INTO "times" VALUES ( 20767, 15570, '06:10:00', '06:10:00', 50 );

INSERT INTO "dias" VALUES ( 20768, 100, FALSE, TRUE, 'V0602C', 15510, 12780 );
INSERT INTO "dias_line_groups" VALUES ( 20768, 30 );
INSERT INTO "times" VALUES ( 20768, 12780, '06:30:00', NULL, NULL );
INSERT INTO "times" VALUES ( 20768, 15510, NULL, '06:15:00', 50 );
INSERT INTO "times" VALUES ( 20768, 15520, '06:16:00', '06:16:00', 50 );
INSERT INTO "times" VALUES ( 20768, 15530, '06:18:00', '06:18:00', 50 );
INSERT INTO "times" VALUES ( 20768, 15540, '06:21:00', '06:21:00', 50 );
INSERT INTO "times" VALUES ( 20768, 15550, '06:23:00', '06:23:00', 50 );
INSERT INTO "times" VALUES ( 20768, 15560, '06:24:00', '06:24:00', 50 );
INSERT INTO "times" VALUES ( 20768, 15570, '06:27:00', '06:27:00', 50 );

INSERT INTO "dias" VALUES ( 20769, 100, FALSE, TRUE, 'V0603U', 12780, 15510 );
INSERT INTO "dias_line_groups" VALUES ( 20769, 30 );
INSERT INTO "times" VALUES ( 20769, 12780, NULL, '06:15:00', 50 );
INSERT INTO "times" VALUES ( 20769, 15510, '06:30:00', NULL, NULL );
INSERT INTO "times" VALUES ( 20769, 15520, '06:28:00', '06:28:00', 50 );
INSERT INTO "times" VALUES ( 20769, 15530, '06:26:00', '06:26:00', 50 );
INSERT INTO "times" VALUES ( 20769, 15540, '06:23:00', '06:23:00', 50 );
INSERT INTO "times" VALUES ( 20769, 15550, '06:21:00', '06:21:00', 50 );
INSERT INTO "times" VALUES ( 20769, 15560, '06:20:00', '06:20:00', 50 );
INSERT INTO "times" VALUES ( 20769, 15570, '06:17:00', '06:17:00', 50 );

INSERT INTO "dias" VALUES ( 20770, 100, FALSE, TRUE, 'V0604C', 15510, 12780 );
INSERT INTO "dias_line_groups" VALUES ( 20770, 30 );
INSERT INTO "times" VALUES ( 20770, 12780, '06:41:00', NULL, NULL );
INSERT INTO "times" VALUES ( 20770, 15510, NULL, '06:26:00', 50 );
INSERT INTO "times" VALUES ( 20770, 15520, '06:27:00', '06:27:00', 50 );
INSERT INTO "times" VALUES ( 20770, 15530, '06:30:00', '06:30:00', 50 );
INSERT INTO "times" VALUES ( 20770, 15540, '06:33:00', '06:33:00', 50 );
INSERT INTO "times" VALUES ( 20770, 15550, '06:34:00', '06:34:00', 50 );
INSERT INTO "times" VALUES ( 20770, 15560, '06:36:00', '06:36:00', 50 );
INSERT INTO "times" VALUES ( 20770, 15570, '06:39:00', '06:39:00', 50 );

INSERT INTO "dias" VALUES ( 20771, 100, FALSE, TRUE, 'V0605U', 12780, 15510 );
INSERT INTO "dias_line_groups" VALUES ( 20771, 30 );
INSERT INTO "times" VALUES ( 20771, 12780, NULL, '06:27:00', 50 );
INSERT INTO "times" VALUES ( 20771, 15510, '06:41:00', NULL, NULL );
INSERT INTO "times" VALUES ( 20771, 15520, '06:40:00', '06:40:00', 50 );
INSERT INTO "times" VALUES ( 20771, 15530, '06:37:00', '06:37:00', 50 );
INSERT INTO "times" VALUES ( 20771, 15540, '06:35:00', '06:35:00', 50 );
INSERT INTO "times" VALUES ( 20771, 15550, '06:33:00', '06:33:00', 50 );
INSERT INTO "times" VALUES ( 20771, 15560, '06:31:00', '06:31:00', 50 );
INSERT INTO "times" VALUES ( 20771, 15570, '06:29:00', '06:29:00', 50 );

INSERT INTO "dias" VALUES ( 20772, 100, FALSE, TRUE, 'V0606C', 15510, 12780 );
INSERT INTO "dias_line_groups" VALUES ( 20772, 30 );
INSERT INTO "times" VALUES ( 20772, 12780, '06:50:00', NULL, NULL );
INSERT INTO "times" VALUES ( 20772, 15510, NULL, '06:35:00', 50 );
INSERT INTO "times" VALUES ( 20772, 15520, '06:36:00', '06:36:00', 50 );
INSERT INTO "times" VALUES ( 20772, 15530, '06:38:00', '06:38:00', 50 );
INSERT INTO "times" VALUES ( 20772, 15540, '06:41:00', '06:41:00', 50 );
INSERT INTO "times" VALUES ( 20772, 15550, '06:43:00', '06:43:00', 50 );
INSERT INTO "times" VALUES ( 20772, 15560, '06:44:00', '06:44:00', 50 );
INSERT INTO "times" VALUES ( 20772, 15570, '06:47:00', '06:47:00', 50 );

INSERT INTO "dias" VALUES ( 20773, 100, FALSE, TRUE, 'V0607U', 12780, 15510 );
INSERT INTO "dias_line_groups" VALUES ( 20773, 30 );
INSERT INTO "times" VALUES ( 20773, 12780, NULL, '06:37:00', 50 );
INSERT INTO "times" VALUES ( 20773, 15510, '06:52:00', NULL, NULL );
INSERT INTO "times" VALUES ( 20773, 15520, '06:50:00', '06:50:00', 50 );
INSERT INTO "times" VALUES ( 20773, 15530, '06:48:00', '06:48:00', 50 );
INSERT INTO "times" VALUES ( 20773, 15540, '06:45:00', '06:45:00', 50 );
INSERT INTO "times" VALUES ( 20773, 15550, '06:43:00', '06:43:00', 50 );
INSERT INTO "times" VALUES ( 20773, 15560, '06:42:00', '06:42:00', 50 );
INSERT INTO "times" VALUES ( 20773, 15570, '06:39:00', '06:39:00', 50 );

INSERT INTO "dias" VALUES ( 20774, 100, FALSE, TRUE, 'V0608C', 15510, 12780 );
INSERT INTO "dias_line_groups" VALUES ( 20774, 30 );
INSERT INTO "times" VALUES ( 20774, 12780, '07:03:00', NULL, NULL );
INSERT INTO "times" VALUES ( 20774, 15510, NULL, '06:48:00', 50 );
INSERT INTO "times" VALUES ( 20774, 15520, '06:49:00', '06:49:00', 50 );
INSERT INTO "times" VALUES ( 20774, 15530, '06:51:00', '06:51:00', 50 );
INSERT INTO "times" VALUES ( 20774, 15540, '06:54:00', '06:54:00', 50 );
INSERT INTO "times" VALUES ( 20774, 15550, '06:56:00', '06:56:00', 50 );
INSERT INTO "times" VALUES ( 20774, 15560, '06:57:00', '06:57:00', 50 );
INSERT INTO "times" VALUES ( 20774, 15570, '07:00:00', '07:00:00', 50 );

INSERT INTO "dias" VALUES ( 20775, 100, FALSE, TRUE, 'V0609U', 12780, 15510 );
INSERT INTO "dias_line_groups" VALUES ( 20775, 30 );
INSERT INTO "times" VALUES ( 20775, 12780, NULL, '06:47:00', 50 );
INSERT INTO "times" VALUES ( 20775, 15510, '07:01:00', NULL, NULL );
INSERT INTO "times" VALUES ( 20775, 15520, '07:00:00', '07:00:00', 50 );
INSERT INTO "times" VALUES ( 20775, 15530, '06:57:00', '06:57:00', 50 );
INSERT INTO "times" VALUES ( 20775, 15540, '06:55:00', '06:55:00', 50 );
INSERT INTO "times" VALUES ( 20775, 15550, '06:53:00', '06:53:00', 50 );
INSERT INTO "times" VALUES ( 20775, 15560, '06:51:00', '06:51:00', 50 );
INSERT INTO "times" VALUES ( 20775, 15570, '06:49:00', '06:49:00', 50 );

INSERT INTO "dias" VALUES ( 20776, 100, FALSE, TRUE, 'V0610C', 15510, 12780 );
INSERT INTO "dias_line_groups" VALUES ( 20776, 30 );
INSERT INTO "times" VALUES ( 20776, 12780, '07:14:00', NULL, NULL );
INSERT INTO "times" VALUES ( 20776, 15510, NULL, '06:59:00', 50 );
INSERT INTO "times" VALUES ( 20776, 15520, '07:00:00', '07:00:00', 50 );
INSERT INTO "times" VALUES ( 20776, 15530, '07:03:00', '07:03:00', 50 );
INSERT INTO "times" VALUES ( 20776, 15540, '07:06:00', '07:06:00', 50 );
INSERT INTO "times" VALUES ( 20776, 15550, '07:07:00', '07:07:00', 50 );
INSERT INTO "times" VALUES ( 20776, 15560, '07:09:00', '07:09:00', 50 );
INSERT INTO "times" VALUES ( 20776, 15570, '07:12:00', '07:12:00', 50 );

INSERT INTO "dias" VALUES ( 20777, 100, FALSE, TRUE, 'V0611U', 12780, 15510 );
INSERT INTO "dias_line_groups" VALUES ( 20777, 30 );
INSERT INTO "times" VALUES ( 20777, 12780, NULL, '06:59:00', 50 );
INSERT INTO "times" VALUES ( 20777, 15510, '07:14:00', NULL, NULL );
INSERT INTO "times" VALUES ( 20777, 15520, '07:12:00', '07:12:00', 50 );
INSERT INTO "times" VALUES ( 20777, 15530, '07:10:00', '07:10:00', 50 );
INSERT INTO "times" VALUES ( 20777, 15540, '07:07:00', '07:07:00', 50 );
INSERT INTO "times" VALUES ( 20777, 15550, '07:06:00', '07:06:00', 50 );
INSERT INTO "times" VALUES ( 20777, 15560, '07:04:00', '07:04:00', 50 );
INSERT INTO "times" VALUES ( 20777, 15570, '07:01:00', '07:01:00', 50 );

INSERT INTO "dias" VALUES ( 20778, 100, FALSE, TRUE, 'V0700C', 15510, 12780 );
INSERT INTO "dias_line_groups" VALUES ( 20778, 30 );
INSERT INTO "times" VALUES ( 20778, 12780, '07:24:00', NULL, NULL );
INSERT INTO "times" VALUES ( 20778, 15510, NULL, '07:09:00', 50 );
INSERT INTO "times" VALUES ( 20778, 15520, '07:10:00', '07:10:00', 50 );
INSERT INTO "times" VALUES ( 20778, 15530, '07:13:00', '07:13:00', 50 );
INSERT INTO "times" VALUES ( 20778, 15540, '07:16:00', '07:16:00', 50 );
INSERT INTO "times" VALUES ( 20778, 15550, '07:17:00', '07:17:00', 50 );
INSERT INTO "times" VALUES ( 20778, 15560, '07:19:00', '07:19:00', 50 );
INSERT INTO "times" VALUES ( 20778, 15570, '07:22:00', '07:22:00', 50 );

INSERT INTO "dias" VALUES ( 20779, 100, FALSE, TRUE, 'V0701U', 12780, 15510 );
INSERT INTO "dias_line_groups" VALUES ( 20779, 30 );
INSERT INTO "times" VALUES ( 20779, 12780, NULL, '07:10:00', 50 );
INSERT INTO "times" VALUES ( 20779, 15510, '07:24:00', NULL, NULL );
INSERT INTO "times" VALUES ( 20779, 15520, '07:23:00', '07:23:00', 50 );
INSERT INTO "times" VALUES ( 20779, 15530, '07:20:00', '07:20:00', 50 );
INSERT INTO "times" VALUES ( 20779, 15540, '07:18:00', '07:18:00', 50 );
INSERT INTO "times" VALUES ( 20779, 15550, '07:16:00', '07:16:00', 50 );
INSERT INTO "times" VALUES ( 20779, 15560, '07:14:00', '07:14:00', 50 );
INSERT INTO "times" VALUES ( 20779, 15570, '07:12:00', '07:12:00', 50 );

INSERT INTO "dias" VALUES ( 20780, 100, FALSE, TRUE, 'V0702C', 15510, 12780 );
INSERT INTO "dias_line_groups" VALUES ( 20780, 30 );
INSERT INTO "times" VALUES ( 20780, 12780, '07:35:00', NULL, NULL );
INSERT INTO "times" VALUES ( 20780, 15510, NULL, '07:20:00', 50 );
INSERT INTO "times" VALUES ( 20780, 15520, '07:21:00', '07:21:00', 50 );
INSERT INTO "times" VALUES ( 20780, 15530, '07:23:00', '07:23:00', 50 );
INSERT INTO "times" VALUES ( 20780, 15540, '07:26:00', '07:26:00', 50 );
INSERT INTO "times" VALUES ( 20780, 15550, '07:28:00', '07:28:00', 50 );
INSERT INTO "times" VALUES ( 20780, 15560, '07:29:00', '07:29:00', 50 );
INSERT INTO "times" VALUES ( 20780, 15570, '07:32:00', '07:32:00', 50 );

INSERT INTO "dias" VALUES ( 20781, 100, FALSE, TRUE, 'V0703U', 12780, 15510 );
INSERT INTO "dias_line_groups" VALUES ( 20781, 30 );
INSERT INTO "times" VALUES ( 20781, 12780, NULL, '07:20:00', 50 );
INSERT INTO "times" VALUES ( 20781, 15510, '07:34:00', NULL, NULL );
INSERT INTO "times" VALUES ( 20781, 15520, '07:33:00', '07:33:00', 50 );
INSERT INTO "times" VALUES ( 20781, 15530, '07:30:00', '07:30:00', 50 );
INSERT INTO "times" VALUES ( 20781, 15540, '07:28:00', '07:28:00', 50 );
INSERT INTO "times" VALUES ( 20781, 15550, '07:26:00', '07:26:00', 50 );
INSERT INTO "times" VALUES ( 20781, 15560, '07:24:00', '07:24:00', 50 );
INSERT INTO "times" VALUES ( 20781, 15570, '07:22:00', '07:22:00', 50 );

INSERT INTO "dias" VALUES ( 20782, 100, FALSE, TRUE, 'V0704C', 15510, 12780 );
INSERT INTO "dias_line_groups" VALUES ( 20782, 30 );
INSERT INTO "times" VALUES ( 20782, 12780, '07:45:00', NULL, NULL );
INSERT INTO "times" VALUES ( 20782, 15510, NULL, '07:30:00', 50 );
INSERT INTO "times" VALUES ( 20782, 15520, '07:31:00', '07:31:00', 50 );
INSERT INTO "times" VALUES ( 20782, 15530, '07:33:00', '07:33:00', 50 );
INSERT INTO "times" VALUES ( 20782, 15540, '07:36:00', '07:36:00', 50 );
INSERT INTO "times" VALUES ( 20782, 15550, '07:38:00', '07:38:00', 50 );
INSERT INTO "times" VALUES ( 20782, 15560, '07:39:00', '07:39:00', 50 );
INSERT INTO "times" VALUES ( 20782, 15570, '07:42:00', '07:42:00', 50 );

INSERT INTO "dias" VALUES ( 20783, 100, FALSE, TRUE, 'V0705U', 12780, 15510 );
INSERT INTO "dias_line_groups" VALUES ( 20783, 30 );
INSERT INTO "times" VALUES ( 20783, 12780, NULL, '07:30:00', 50 );
INSERT INTO "times" VALUES ( 20783, 15510, '07:44:00', NULL, NULL );
INSERT INTO "times" VALUES ( 20783, 15520, '07:43:00', '07:43:00', 50 );
INSERT INTO "times" VALUES ( 20783, 15530, '07:40:00', '07:40:00', 50 );
INSERT INTO "times" VALUES ( 20783, 15540, '07:38:00', '07:38:00', 50 );
INSERT INTO "times" VALUES ( 20783, 15550, '07:36:00', '07:36:00', 50 );
INSERT INTO "times" VALUES ( 20783, 15560, '07:34:00', '07:34:00', 50 );
INSERT INTO "times" VALUES ( 20783, 15570, '07:32:00', '07:32:00', 50 );

INSERT INTO "dias" VALUES ( 20784, 100, FALSE, TRUE, 'V0706C', 15510, 12780 );
INSERT INTO "dias_line_groups" VALUES ( 20784, 30 );
INSERT INTO "times" VALUES ( 20784, 12780, '07:55:00', NULL, NULL );
INSERT INTO "times" VALUES ( 20784, 15510, NULL, '07:40:00', 50 );
INSERT INTO "times" VALUES ( 20784, 15520, '07:41:00', '07:41:00', 50 );
INSERT INTO "times" VALUES ( 20784, 15530, '07:44:00', '07:44:00', 50 );
INSERT INTO "times" VALUES ( 20784, 15540, '07:46:00', '07:46:00', 50 );
INSERT INTO "times" VALUES ( 20784, 15550, '07:48:00', '07:48:00', 50 );
INSERT INTO "times" VALUES ( 20784, 15560, '07:50:00', '07:50:00', 50 );
INSERT INTO "times" VALUES ( 20784, 15570, '07:52:00', '07:52:00', 50 );

INSERT INTO "dias" VALUES ( 20785, 100, FALSE, TRUE, 'V0707U', 12780, 15510 );
INSERT INTO "dias_line_groups" VALUES ( 20785, 30 );
INSERT INTO "times" VALUES ( 20785, 12780, NULL, '07:41:00', 50 );
INSERT INTO "times" VALUES ( 20785, 15510, '07:55:00', NULL, NULL );
INSERT INTO "times" VALUES ( 20785, 15520, '07:54:00', '07:54:00', 50 );
INSERT INTO "times" VALUES ( 20785, 15530, '07:51:00', '07:51:00', 50 );
INSERT INTO "times" VALUES ( 20785, 15540, '07:49:00', '07:49:00', 50 );
INSERT INTO "times" VALUES ( 20785, 15550, '07:47:00', '07:47:00', 50 );
INSERT INTO "times" VALUES ( 20785, 15560, '07:45:00', '07:45:00', 50 );
INSERT INTO "times" VALUES ( 20785, 15570, '07:43:00', '07:43:00', 50 );

INSERT INTO "dias" VALUES ( 20786, 100, FALSE, TRUE, 'V0708C', 15510, 12780 );
INSERT INTO "dias_line_groups" VALUES ( 20786, 30 );
INSERT INTO "times" VALUES ( 20786, 12780, '08:05:00', NULL, NULL );
INSERT INTO "times" VALUES ( 20786, 15510, NULL, '07:50:00', 50 );
INSERT INTO "times" VALUES ( 20786, 15520, '07:51:00', '07:51:00', 50 );
INSERT INTO "times" VALUES ( 20786, 15530, '07:54:00', '07:54:00', 50 );
INSERT INTO "times" VALUES ( 20786, 15540, '07:57:00', '07:57:00', 50 );
INSERT INTO "times" VALUES ( 20786, 15550, '07:58:00', '07:58:00', 50 );
INSERT INTO "times" VALUES ( 20786, 15560, '08:00:00', '08:00:00', 50 );
INSERT INTO "times" VALUES ( 20786, 15570, '08:03:00', '08:03:00', 50 );

INSERT INTO "dias" VALUES ( 20787, 100, FALSE, TRUE, 'V0709U', 12780, 15510 );
INSERT INTO "dias_line_groups" VALUES ( 20787, 30 );
INSERT INTO "times" VALUES ( 20787, 12780, NULL, '07:52:00', 50 );
INSERT INTO "times" VALUES ( 20787, 15510, '08:06:00', NULL, NULL );
INSERT INTO "times" VALUES ( 20787, 15520, '08:05:00', '08:05:00', 50 );
INSERT INTO "times" VALUES ( 20787, 15530, '08:02:00', '08:02:00', 50 );
INSERT INTO "times" VALUES ( 20787, 15540, '08:00:00', '08:00:00', 50 );
INSERT INTO "times" VALUES ( 20787, 15550, '07:58:00', '07:58:00', 50 );
INSERT INTO "times" VALUES ( 20787, 15560, '07:56:00', '07:56:00', 50 );
INSERT INTO "times" VALUES ( 20787, 15570, '07:54:00', '07:54:00', 50 );

INSERT INTO "dias" VALUES ( 20788, 100, FALSE, TRUE, 'V0800C', 15510, 12780 );
INSERT INTO "dias_line_groups" VALUES ( 20788, 30 );
INSERT INTO "times" VALUES ( 20788, 12780, '08:16:00', NULL, NULL );
INSERT INTO "times" VALUES ( 20788, 15510, NULL, '08:01:00', 50 );
INSERT INTO "times" VALUES ( 20788, 15520, '08:02:00', '08:02:00', 50 );
INSERT INTO "times" VALUES ( 20788, 15530, '08:04:00', '08:04:00', 50 );
INSERT INTO "times" VALUES ( 20788, 15540, '08:07:00', '08:07:00', 50 );
INSERT INTO "times" VALUES ( 20788, 15550, '08:09:00', '08:09:00', 50 );
INSERT INTO "times" VALUES ( 20788, 15560, '08:10:00', '08:10:00', 50 );
INSERT INTO "times" VALUES ( 20788, 15570, '08:13:00', '08:13:00', 50 );

INSERT INTO "dias" VALUES ( 20789, 100, FALSE, TRUE, 'V0801U', 12780, 15510 );
INSERT INTO "dias_line_groups" VALUES ( 20789, 30 );
INSERT INTO "times" VALUES ( 20789, 12780, NULL, '08:02:00', 50 );
INSERT INTO "times" VALUES ( 20789, 15510, '08:16:00', NULL, NULL );
INSERT INTO "times" VALUES ( 20789, 15520, '08:15:00', '08:15:00', 50 );
INSERT INTO "times" VALUES ( 20789, 15530, '08:12:00', '08:12:00', 50 );
INSERT INTO "times" VALUES ( 20789, 15540, '08:10:00', '08:10:00', 50 );
INSERT INTO "times" VALUES ( 20789, 15550, '08:08:00', '08:08:00', 50 );
INSERT INTO "times" VALUES ( 20789, 15560, '08:06:00', '08:06:00', 50 );
INSERT INTO "times" VALUES ( 20789, 15570, '08:04:00', '08:04:00', 50 );

INSERT INTO "dias" VALUES ( 20790, 100, FALSE, TRUE, 'V0802C', 15510, 12780 );
INSERT INTO "dias_line_groups" VALUES ( 20790, 30 );
INSERT INTO "times" VALUES ( 20790, 12780, '08:26:00', NULL, NULL );
INSERT INTO "times" VALUES ( 20790, 15510, NULL, '08:11:00', 50 );
INSERT INTO "times" VALUES ( 20790, 15520, '08:12:00', '08:12:00', 50 );
INSERT INTO "times" VALUES ( 20790, 15530, '08:14:00', '08:14:00', 50 );
INSERT INTO "times" VALUES ( 20790, 15540, '08:17:00', '08:17:00', 50 );
INSERT INTO "times" VALUES ( 20790, 15550, '08:19:00', '08:19:00', 50 );
INSERT INTO "times" VALUES ( 20790, 15560, '08:20:00', '08:20:00', 50 );
INSERT INTO "times" VALUES ( 20790, 15570, '08:23:00', '08:23:00', 50 );

INSERT INTO "dias" VALUES ( 20791, 100, FALSE, TRUE, 'V0803U', 12780, 15510 );
INSERT INTO "dias_line_groups" VALUES ( 20791, 30 );
INSERT INTO "times" VALUES ( 20791, 12780, NULL, '08:12:00', 50 );
INSERT INTO "times" VALUES ( 20791, 15510, '08:26:00', NULL, NULL );
INSERT INTO "times" VALUES ( 20791, 15520, '08:25:00', '08:25:00', 50 );
INSERT INTO "times" VALUES ( 20791, 15530, '08:22:00', '08:22:00', 50 );
INSERT INTO "times" VALUES ( 20791, 15540, '08:20:00', '08:20:00', 50 );
INSERT INTO "times" VALUES ( 20791, 15550, '08:18:00', '08:18:00', 50 );
INSERT INTO "times" VALUES ( 20791, 15560, '08:16:00', '08:16:00', 50 );
INSERT INTO "times" VALUES ( 20791, 15570, '08:14:00', '08:14:00', 50 );

INSERT INTO "dias" VALUES ( 20792, 100, FALSE, TRUE, 'V0804C', 15510, 12780 );
INSERT INTO "dias_line_groups" VALUES ( 20792, 30 );
INSERT INTO "times" VALUES ( 20792, 12780, '08:36:00', NULL, NULL );
INSERT INTO "times" VALUES ( 20792, 15510, NULL, '08:21:00', 50 );
INSERT INTO "times" VALUES ( 20792, 15520, '08:22:00', '08:22:00', 50 );
INSERT INTO "times" VALUES ( 20792, 15530, '08:24:00', '08:24:00', 50 );
INSERT INTO "times" VALUES ( 20792, 15540, '08:27:00', '08:27:00', 50 );
INSERT INTO "times" VALUES ( 20792, 15550, '08:29:00', '08:29:00', 50 );
INSERT INTO "times" VALUES ( 20792, 15560, '08:30:00', '08:30:00', 50 );
INSERT INTO "times" VALUES ( 20792, 15570, '08:33:00', '08:33:00', 50 );

INSERT INTO "dias" VALUES ( 20793, 100, FALSE, TRUE, 'V0805U', 12780, 15510 );
INSERT INTO "dias_line_groups" VALUES ( 20793, 30 );
INSERT INTO "times" VALUES ( 20793, 12780, NULL, '08:23:00', 50 );
INSERT INTO "times" VALUES ( 20793, 15510, '08:37:00', NULL, NULL );
INSERT INTO "times" VALUES ( 20793, 15520, '08:36:00', '08:36:00', 50 );
INSERT INTO "times" VALUES ( 20793, 15530, '08:33:00', '08:33:00', 50 );
INSERT INTO "times" VALUES ( 20793, 15540, '08:31:00', '08:31:00', 50 );
INSERT INTO "times" VALUES ( 20793, 15550, '08:29:00', '08:29:00', 50 );
INSERT INTO "times" VALUES ( 20793, 15560, '08:27:00', '08:27:00', 50 );
INSERT INTO "times" VALUES ( 20793, 15570, '08:25:00', '08:25:00', 50 );

INSERT INTO "dias" VALUES ( 20794, 100, FALSE, TRUE, 'V0806C', 15510, 12780 );
INSERT INTO "dias_line_groups" VALUES ( 20794, 30 );
INSERT INTO "times" VALUES ( 20794, 12780, '08:46:00', NULL, NULL );
INSERT INTO "times" VALUES ( 20794, 15510, NULL, '08:31:00', 50 );
INSERT INTO "times" VALUES ( 20794, 15520, '08:32:00', '08:32:00', 50 );
INSERT INTO "times" VALUES ( 20794, 15530, '08:34:00', '08:34:00', 50 );
INSERT INTO "times" VALUES ( 20794, 15540, '08:37:00', '08:37:00', 50 );
INSERT INTO "times" VALUES ( 20794, 15550, '08:39:00', '08:39:00', 50 );
INSERT INTO "times" VALUES ( 20794, 15560, '08:40:00', '08:40:00', 50 );
INSERT INTO "times" VALUES ( 20794, 15570, '08:43:00', '08:43:00', 50 );

INSERT INTO "dias" VALUES ( 20795, 100, FALSE, TRUE, 'V0807U', 12780, 15510 );
INSERT INTO "dias_line_groups" VALUES ( 20795, 30 );
INSERT INTO "times" VALUES ( 20795, 12780, NULL, '08:32:00', 50 );
INSERT INTO "times" VALUES ( 20795, 15510, '08:46:00', NULL, NULL );
INSERT INTO "times" VALUES ( 20795, 15520, '08:45:00', '08:45:00', 50 );
INSERT INTO "times" VALUES ( 20795, 15530, '08:42:00', '08:42:00', 50 );
INSERT INTO "times" VALUES ( 20795, 15540, '08:40:00', '08:40:00', 50 );
INSERT INTO "times" VALUES ( 20795, 15550, '08:38:00', '08:38:00', 50 );
INSERT INTO "times" VALUES ( 20795, 15560, '08:36:00', '08:36:00', 50 );
INSERT INTO "times" VALUES ( 20795, 15570, '08:34:00', '08:34:00', 50 );

INSERT INTO "dias" VALUES ( 20796, 100, FALSE, TRUE, 'V0808C', 15510, 12780 );
INSERT INTO "dias_line_groups" VALUES ( 20796, 30 );
INSERT INTO "times" VALUES ( 20796, 12780, '08:56:00', NULL, NULL );
INSERT INTO "times" VALUES ( 20796, 15510, NULL, '08:41:00', 50 );
INSERT INTO "times" VALUES ( 20796, 15520, '08:42:00', '08:42:00', 50 );
INSERT INTO "times" VALUES ( 20796, 15530, '08:44:00', '08:44:00', 50 );
INSERT INTO "times" VALUES ( 20796, 15540, '08:47:00', '08:47:00', 50 );
INSERT INTO "times" VALUES ( 20796, 15550, '08:49:00', '08:49:00', 50 );
INSERT INTO "times" VALUES ( 20796, 15560, '08:50:00', '08:50:00', 50 );
INSERT INTO "times" VALUES ( 20796, 15570, '08:53:00', '08:53:00', 50 );

INSERT INTO "dias" VALUES ( 20797, 100, FALSE, TRUE, 'V0809U', 12780, 15510 );
INSERT INTO "dias_line_groups" VALUES ( 20797, 30 );
INSERT INTO "times" VALUES ( 20797, 12780, NULL, '08:42:00', 50 );
INSERT INTO "times" VALUES ( 20797, 15510, '08:56:00', NULL, NULL );
INSERT INTO "times" VALUES ( 20797, 15520, '08:55:00', '08:55:00', 50 );
INSERT INTO "times" VALUES ( 20797, 15530, '08:52:00', '08:52:00', 50 );
INSERT INTO "times" VALUES ( 20797, 15540, '08:50:00', '08:50:00', 50 );
INSERT INTO "times" VALUES ( 20797, 15550, '08:48:00', '08:48:00', 50 );
INSERT INTO "times" VALUES ( 20797, 15560, '08:46:00', '08:46:00', 50 );
INSERT INTO "times" VALUES ( 20797, 15570, '08:44:00', '08:44:00', 50 );

INSERT INTO "dias" VALUES ( 20798, 100, FALSE, TRUE, 'V0810C', 15510, 12780 );
INSERT INTO "dias_line_groups" VALUES ( 20798, 30 );
INSERT INTO "times" VALUES ( 20798, 12780, '09:06:00', NULL, NULL );
INSERT INTO "times" VALUES ( 20798, 15510, NULL, '08:51:00', 50 );
INSERT INTO "times" VALUES ( 20798, 15520, '08:52:00', '08:52:00', 50 );
INSERT INTO "times" VALUES ( 20798, 15530, '08:54:00', '08:54:00', 50 );
INSERT INTO "times" VALUES ( 20798, 15540, '08:57:00', '08:57:00', 50 );
INSERT INTO "times" VALUES ( 20798, 15550, '08:59:00', '08:59:00', 50 );
INSERT INTO "times" VALUES ( 20798, 15560, '09:00:00', '09:00:00', 50 );
INSERT INTO "times" VALUES ( 20798, 15570, '09:03:00', '09:03:00', 50 );

INSERT INTO "dias" VALUES ( 20799, 100, FALSE, TRUE, 'V0811U', 12780, 15510 );
INSERT INTO "dias_line_groups" VALUES ( 20799, 30 );
INSERT INTO "times" VALUES ( 20799, 12780, NULL, '08:52:00', 50 );
INSERT INTO "times" VALUES ( 20799, 15510, '09:06:00', NULL, NULL );
INSERT INTO "times" VALUES ( 20799, 15520, '09:05:00', '09:05:00', 50 );
INSERT INTO "times" VALUES ( 20799, 15530, '09:02:00', '09:02:00', 50 );
INSERT INTO "times" VALUES ( 20799, 15540, '09:00:00', '09:00:00', 50 );
INSERT INTO "times" VALUES ( 20799, 15550, '08:58:00', '08:58:00', 50 );
INSERT INTO "times" VALUES ( 20799, 15560, '08:56:00', '08:56:00', 50 );
INSERT INTO "times" VALUES ( 20799, 15570, '08:54:00', '08:54:00', 50 );

INSERT INTO "dias" VALUES ( 20800, 100, FALSE, TRUE, 'V0900C', 15510, 12780 );
INSERT INTO "dias_line_groups" VALUES ( 20800, 30 );
INSERT INTO "times" VALUES ( 20800, 12780, '09:16:00', NULL, NULL );
INSERT INTO "times" VALUES ( 20800, 15510, NULL, '09:01:00', 50 );
INSERT INTO "times" VALUES ( 20800, 15520, '09:02:00', '09:02:00', 50 );
INSERT INTO "times" VALUES ( 20800, 15530, '09:04:00', '09:04:00', 50 );
INSERT INTO "times" VALUES ( 20800, 15540, '09:07:00', '09:07:00', 50 );
INSERT INTO "times" VALUES ( 20800, 15550, '09:09:00', '09:09:00', 50 );
INSERT INTO "times" VALUES ( 20800, 15560, '09:10:00', '09:10:00', 50 );
INSERT INTO "times" VALUES ( 20800, 15570, '09:13:00', '09:13:00', 50 );

INSERT INTO "dias" VALUES ( 20801, 100, FALSE, TRUE, 'V0901U', 12780, 15510 );
INSERT INTO "dias_line_groups" VALUES ( 20801, 30 );
INSERT INTO "times" VALUES ( 20801, 12780, NULL, '09:02:00', 50 );
INSERT INTO "times" VALUES ( 20801, 15510, '09:16:00', NULL, NULL );
INSERT INTO "times" VALUES ( 20801, 15520, '09:15:00', '09:15:00', 50 );
INSERT INTO "times" VALUES ( 20801, 15530, '09:12:00', '09:12:00', 50 );
INSERT INTO "times" VALUES ( 20801, 15540, '09:10:00', '09:10:00', 50 );
INSERT INTO "times" VALUES ( 20801, 15550, '09:08:00', '09:08:00', 50 );
INSERT INTO "times" VALUES ( 20801, 15560, '09:06:00', '09:06:00', 50 );
INSERT INTO "times" VALUES ( 20801, 15570, '09:04:00', '09:04:00', 50 );

INSERT INTO "dias" VALUES ( 20802, 100, FALSE, TRUE, 'V0902C', 15510, 12780 );
INSERT INTO "dias_line_groups" VALUES ( 20802, 30 );
INSERT INTO "times" VALUES ( 20802, 12780, '09:25:00', NULL, NULL );
INSERT INTO "times" VALUES ( 20802, 15510, NULL, '09:11:00', 50 );
INSERT INTO "times" VALUES ( 20802, 15520, '09:12:00', '09:12:00', 50 );
INSERT INTO "times" VALUES ( 20802, 15530, '09:14:00', '09:14:00', 50 );
INSERT INTO "times" VALUES ( 20802, 15540, '09:17:00', '09:17:00', 50 );
INSERT INTO "times" VALUES ( 20802, 15550, '09:19:00', '09:19:00', 50 );
INSERT INTO "times" VALUES ( 20802, 15560, '09:20:00', '09:20:00', 50 );
INSERT INTO "times" VALUES ( 20802, 15570, '09:23:00', '09:23:00', 50 );

INSERT INTO "dias" VALUES ( 20803, 100, FALSE, TRUE, 'V0903U', 12780, 15510 );
INSERT INTO "dias_line_groups" VALUES ( 20803, 30 );
INSERT INTO "times" VALUES ( 20803, 12780, NULL, '09:12:00', 50 );
INSERT INTO "times" VALUES ( 20803, 15510, '09:26:00', NULL, NULL );
INSERT INTO "times" VALUES ( 20803, 15520, '09:25:00', '09:25:00', 50 );
INSERT INTO "times" VALUES ( 20803, 15530, '09:22:00', '09:22:00', 50 );
INSERT INTO "times" VALUES ( 20803, 15540, '09:20:00', '09:20:00', 50 );
INSERT INTO "times" VALUES ( 20803, 15550, '09:18:00', '09:18:00', 50 );
INSERT INTO "times" VALUES ( 20803, 15560, '09:16:00', '09:16:00', 50 );
INSERT INTO "times" VALUES ( 20803, 15570, '09:14:00', '09:14:00', 50 );

INSERT INTO "dias" VALUES ( 20804, 100, FALSE, TRUE, 'V0904C', 15510, 12780 );
INSERT INTO "dias_line_groups" VALUES ( 20804, 30 );
INSERT INTO "times" VALUES ( 20804, 12780, '09:36:00', NULL, NULL );
INSERT INTO "times" VALUES ( 20804, 15510, NULL, '09:21:00', 50 );
INSERT INTO "times" VALUES ( 20804, 15520, '09:22:00', '09:22:00', 50 );
INSERT INTO "times" VALUES ( 20804, 15530, '09:24:00', '09:24:00', 50 );
INSERT INTO "times" VALUES ( 20804, 15540, '09:27:00', '09:27:00', 50 );
INSERT INTO "times" VALUES ( 20804, 15550, '09:29:00', '09:29:00', 50 );
INSERT INTO "times" VALUES ( 20804, 15560, '09:30:00', '09:30:00', 50 );
INSERT INTO "times" VALUES ( 20804, 15570, '09:33:00', '09:33:00', 50 );

INSERT INTO "dias" VALUES ( 20805, 100, FALSE, TRUE, 'V0905U', 12780, 15510 );
INSERT INTO "dias_line_groups" VALUES ( 20805, 30 );
INSERT INTO "times" VALUES ( 20805, 12780, NULL, '09:22:00', 50 );
INSERT INTO "times" VALUES ( 20805, 15510, '09:36:00', NULL, NULL );
INSERT INTO "times" VALUES ( 20805, 15520, '09:35:00', '09:35:00', 50 );
INSERT INTO "times" VALUES ( 20805, 15530, '09:32:00', '09:32:00', 50 );
INSERT INTO "times" VALUES ( 20805, 15540, '09:30:00', '09:30:00', 50 );
INSERT INTO "times" VALUES ( 20805, 15550, '09:28:00', '09:28:00', 50 );
INSERT INTO "times" VALUES ( 20805, 15560, '09:26:00', '09:26:00', 50 );
INSERT INTO "times" VALUES ( 20805, 15570, '09:24:00', '09:24:00', 50 );

INSERT INTO "dias" VALUES ( 20806, 100, FALSE, TRUE, 'V0906C', 15510, 12780 );
INSERT INTO "dias_line_groups" VALUES ( 20806, 30 );
INSERT INTO "times" VALUES ( 20806, 12780, '09:46:00', NULL, NULL );
INSERT INTO "times" VALUES ( 20806, 15510, NULL, '09:31:00', 50 );
INSERT INTO "times" VALUES ( 20806, 15520, '09:32:00', '09:32:00', 50 );
INSERT INTO "times" VALUES ( 20806, 15530, '09:34:00', '09:34:00', 50 );
INSERT INTO "times" VALUES ( 20806, 15540, '09:37:00', '09:37:00', 50 );
INSERT INTO "times" VALUES ( 20806, 15550, '09:39:00', '09:39:00', 50 );
INSERT INTO "times" VALUES ( 20806, 15560, '09:40:00', '09:40:00', 50 );
INSERT INTO "times" VALUES ( 20806, 15570, '09:43:00', '09:43:00', 50 );

INSERT INTO "dias" VALUES ( 20807, 100, FALSE, TRUE, 'V0907U', 12780, 15510 );
INSERT INTO "dias_line_groups" VALUES ( 20807, 30 );
INSERT INTO "times" VALUES ( 20807, 12780, NULL, '09:32:00', 50 );
INSERT INTO "times" VALUES ( 20807, 15510, '09:46:00', NULL, NULL );
INSERT INTO "times" VALUES ( 20807, 15520, '09:45:00', '09:45:00', 50 );
INSERT INTO "times" VALUES ( 20807, 15530, '09:42:00', '09:42:00', 50 );
INSERT INTO "times" VALUES ( 20807, 15540, '09:40:00', '09:40:00', 50 );
INSERT INTO "times" VALUES ( 20807, 15550, '09:38:00', '09:38:00', 50 );
INSERT INTO "times" VALUES ( 20807, 15560, '09:36:00', '09:36:00', 50 );
INSERT INTO "times" VALUES ( 20807, 15570, '09:34:00', '09:34:00', 50 );

INSERT INTO "dias" VALUES ( 20808, 100, FALSE, TRUE, 'V0908C', 15510, 12780 );
INSERT INTO "dias_line_groups" VALUES ( 20808, 30 );
INSERT INTO "times" VALUES ( 20808, 12780, '09:55:00', NULL, NULL );
INSERT INTO "times" VALUES ( 20808, 15510, NULL, '09:41:00', 50 );
INSERT INTO "times" VALUES ( 20808, 15520, '09:42:00', '09:42:00', 50 );
INSERT INTO "times" VALUES ( 20808, 15530, '09:44:00', '09:44:00', 50 );
INSERT INTO "times" VALUES ( 20808, 15540, '09:47:00', '09:47:00', 50 );
INSERT INTO "times" VALUES ( 20808, 15550, '09:49:00', '09:49:00', 50 );
INSERT INTO "times" VALUES ( 20808, 15560, '09:50:00', '09:50:00', 50 );
INSERT INTO "times" VALUES ( 20808, 15570, '09:53:00', '09:53:00', 50 );

INSERT INTO "dias" VALUES ( 20809, 100, FALSE, TRUE, 'V0909U', 12780, 15510 );
INSERT INTO "dias_line_groups" VALUES ( 20809, 30 );
INSERT INTO "times" VALUES ( 20809, 12780, NULL, '09:42:00', 50 );
INSERT INTO "times" VALUES ( 20809, 15510, '09:56:00', NULL, NULL );
INSERT INTO "times" VALUES ( 20809, 15520, '09:55:00', '09:55:00', 50 );
INSERT INTO "times" VALUES ( 20809, 15530, '09:52:00', '09:52:00', 50 );
INSERT INTO "times" VALUES ( 20809, 15540, '09:50:00', '09:50:00', 50 );
INSERT INTO "times" VALUES ( 20809, 15550, '09:48:00', '09:48:00', 50 );
INSERT INTO "times" VALUES ( 20809, 15560, '09:46:00', '09:46:00', 50 );
INSERT INTO "times" VALUES ( 20809, 15570, '09:44:00', '09:44:00', 50 );

INSERT INTO "dias" VALUES ( 20810, 100, FALSE, TRUE, 'V0910C', 15510, 12780 );
INSERT INTO "dias_line_groups" VALUES ( 20810, 30 );
INSERT INTO "times" VALUES ( 20810, 12780, '10:06:00', NULL, NULL );
INSERT INTO "times" VALUES ( 20810, 15510, NULL, '09:51:00', 50 );
INSERT INTO "times" VALUES ( 20810, 15520, '09:52:00', '09:52:00', 50 );
INSERT INTO "times" VALUES ( 20810, 15530, '09:54:00', '09:54:00', 50 );
INSERT INTO "times" VALUES ( 20810, 15540, '09:57:00', '09:57:00', 50 );
INSERT INTO "times" VALUES ( 20810, 15550, '09:59:00', '09:59:00', 50 );
INSERT INTO "times" VALUES ( 20810, 15560, '10:00:00', '10:00:00', 50 );
INSERT INTO "times" VALUES ( 20810, 15570, '10:03:00', '10:03:00', 50 );

INSERT INTO "dias" VALUES ( 20811, 100, FALSE, TRUE, 'V0911U', 12780, 15510 );
INSERT INTO "dias_line_groups" VALUES ( 20811, 30 );
INSERT INTO "times" VALUES ( 20811, 12780, NULL, '09:52:00', 50 );
INSERT INTO "times" VALUES ( 20811, 15510, '10:07:00', NULL, NULL );
INSERT INTO "times" VALUES ( 20811, 15520, '10:05:00', '10:05:00', 50 );
INSERT INTO "times" VALUES ( 20811, 15530, '10:03:00', '10:03:00', 50 );
INSERT INTO "times" VALUES ( 20811, 15540, '10:00:00', '10:00:00', 50 );
INSERT INTO "times" VALUES ( 20811, 15550, '09:58:00', '09:58:00', 50 );
INSERT INTO "times" VALUES ( 20811, 15560, '09:57:00', '09:57:00', 50 );
INSERT INTO "times" VALUES ( 20811, 15570, '09:54:00', '09:54:00', 50 );

INSERT INTO "dias" VALUES ( 20812, 100, FALSE, TRUE, 'V1000C', 15510, 12780 );
INSERT INTO "dias_line_groups" VALUES ( 20812, 30 );
INSERT INTO "times" VALUES ( 20812, 12780, '10:16:00', NULL, NULL );
INSERT INTO "times" VALUES ( 20812, 15510, NULL, '10:01:00', 50 );
INSERT INTO "times" VALUES ( 20812, 15520, '10:02:00', '10:02:00', 50 );
INSERT INTO "times" VALUES ( 20812, 15530, '10:04:00', '10:04:00', 50 );
INSERT INTO "times" VALUES ( 20812, 15540, '10:07:00', '10:07:00', 50 );
INSERT INTO "times" VALUES ( 20812, 15550, '10:09:00', '10:09:00', 50 );
INSERT INTO "times" VALUES ( 20812, 15560, '10:10:00', '10:10:00', 50 );
INSERT INTO "times" VALUES ( 20812, 15570, '10:13:00', '10:13:00', 50 );

INSERT INTO "dias" VALUES ( 20813, 100, FALSE, TRUE, 'V1001U', 12780, 15510 );
INSERT INTO "dias_line_groups" VALUES ( 20813, 30 );
INSERT INTO "times" VALUES ( 20813, 12780, NULL, '10:02:00', 50 );
INSERT INTO "times" VALUES ( 20813, 15510, '10:17:00', NULL, NULL );
INSERT INTO "times" VALUES ( 20813, 15520, '10:15:00', '10:15:00', 50 );
INSERT INTO "times" VALUES ( 20813, 15530, '10:13:00', '10:13:00', 50 );
INSERT INTO "times" VALUES ( 20813, 15540, '10:10:00', '10:10:00', 50 );
INSERT INTO "times" VALUES ( 20813, 15550, '10:09:00', '10:09:00', 50 );
INSERT INTO "times" VALUES ( 20813, 15560, '10:07:00', '10:07:00', 50 );
INSERT INTO "times" VALUES ( 20813, 15570, '10:04:00', '10:04:00', 50 );

INSERT INTO "dias" VALUES ( 20814, 100, FALSE, TRUE, 'V1002C', 15510, 12780 );
INSERT INTO "dias_line_groups" VALUES ( 20814, 30 );
INSERT INTO "times" VALUES ( 20814, 12780, '10:25:00', NULL, NULL );
INSERT INTO "times" VALUES ( 20814, 15510, NULL, '10:11:00', 50 );
INSERT INTO "times" VALUES ( 20814, 15520, '10:12:00', '10:12:00', 50 );
INSERT INTO "times" VALUES ( 20814, 15530, '10:14:00', '10:14:00', 50 );
INSERT INTO "times" VALUES ( 20814, 15540, '10:17:00', '10:17:00', 50 );
INSERT INTO "times" VALUES ( 20814, 15550, '10:19:00', '10:19:00', 50 );
INSERT INTO "times" VALUES ( 20814, 15560, '10:20:00', '10:20:00', 50 );
INSERT INTO "times" VALUES ( 20814, 15570, '10:23:00', '10:23:00', 50 );

INSERT INTO "dias" VALUES ( 20815, 100, FALSE, TRUE, 'V1003U', 12780, 15510 );
INSERT INTO "dias_line_groups" VALUES ( 20815, 30 );
INSERT INTO "times" VALUES ( 20815, 12780, NULL, '10:12:00', 50 );
INSERT INTO "times" VALUES ( 20815, 15510, '10:27:00', NULL, NULL );
INSERT INTO "times" VALUES ( 20815, 15520, '10:25:00', '10:25:00', 50 );
INSERT INTO "times" VALUES ( 20815, 15530, '10:23:00', '10:23:00', 50 );
INSERT INTO "times" VALUES ( 20815, 15540, '10:20:00', '10:20:00', 50 );
INSERT INTO "times" VALUES ( 20815, 15550, '10:19:00', '10:19:00', 50 );
INSERT INTO "times" VALUES ( 20815, 15560, '10:17:00', '10:17:00', 50 );
INSERT INTO "times" VALUES ( 20815, 15570, '10:14:00', '10:14:00', 50 );

INSERT INTO "dias" VALUES ( 20816, 100, FALSE, TRUE, 'V1004C', 15510, 12780 );
INSERT INTO "dias_line_groups" VALUES ( 20816, 30 );
INSERT INTO "times" VALUES ( 20816, 12780, '10:36:00', NULL, NULL );
INSERT INTO "times" VALUES ( 20816, 15510, NULL, '10:21:00', 50 );
INSERT INTO "times" VALUES ( 20816, 15520, '10:22:00', '10:22:00', 50 );
INSERT INTO "times" VALUES ( 20816, 15530, '10:24:00', '10:24:00', 50 );
INSERT INTO "times" VALUES ( 20816, 15540, '10:27:00', '10:27:00', 50 );
INSERT INTO "times" VALUES ( 20816, 15550, '10:29:00', '10:29:00', 50 );
INSERT INTO "times" VALUES ( 20816, 15560, '10:30:00', '10:30:00', 50 );
INSERT INTO "times" VALUES ( 20816, 15570, '10:33:00', '10:33:00', 50 );

INSERT INTO "dias" VALUES ( 20817, 100, FALSE, TRUE, 'V1005U', 12780, 15510 );
INSERT INTO "dias_line_groups" VALUES ( 20817, 30 );
INSERT INTO "times" VALUES ( 20817, 12780, NULL, '10:22:00', 50 );
INSERT INTO "times" VALUES ( 20817, 15510, '10:37:00', NULL, NULL );
INSERT INTO "times" VALUES ( 20817, 15520, '10:35:00', '10:35:00', 50 );
INSERT INTO "times" VALUES ( 20817, 15530, '10:33:00', '10:33:00', 50 );
INSERT INTO "times" VALUES ( 20817, 15540, '10:30:00', '10:30:00', 50 );
INSERT INTO "times" VALUES ( 20817, 15550, '10:29:00', '10:29:00', 50 );
INSERT INTO "times" VALUES ( 20817, 15560, '10:27:00', '10:27:00', 50 );
INSERT INTO "times" VALUES ( 20817, 15570, '10:24:00', '10:24:00', 50 );

INSERT INTO "dias" VALUES ( 20818, 100, FALSE, TRUE, 'V1006C', 15510, 12780 );
INSERT INTO "dias_line_groups" VALUES ( 20818, 30 );
INSERT INTO "times" VALUES ( 20818, 12780, '10:46:00', NULL, NULL );
INSERT INTO "times" VALUES ( 20818, 15510, NULL, '10:31:00', 50 );
INSERT INTO "times" VALUES ( 20818, 15520, '10:32:00', '10:32:00', 50 );
INSERT INTO "times" VALUES ( 20818, 15530, '10:34:00', '10:34:00', 50 );
INSERT INTO "times" VALUES ( 20818, 15540, '10:37:00', '10:37:00', 50 );
INSERT INTO "times" VALUES ( 20818, 15550, '10:39:00', '10:39:00', 50 );
INSERT INTO "times" VALUES ( 20818, 15560, '10:40:00', '10:40:00', 50 );
INSERT INTO "times" VALUES ( 20818, 15570, '10:43:00', '10:43:00', 50 );

INSERT INTO "dias" VALUES ( 20819, 100, FALSE, TRUE, 'V1007U', 12780, 15510 );
INSERT INTO "dias_line_groups" VALUES ( 20819, 30 );
INSERT INTO "times" VALUES ( 20819, 12780, NULL, '10:32:00', 50 );
INSERT INTO "times" VALUES ( 20819, 15510, '10:47:00', NULL, NULL );
INSERT INTO "times" VALUES ( 20819, 15520, '10:45:00', '10:45:00', 50 );
INSERT INTO "times" VALUES ( 20819, 15530, '10:43:00', '10:43:00', 50 );
INSERT INTO "times" VALUES ( 20819, 15540, '10:40:00', '10:40:00', 50 );
INSERT INTO "times" VALUES ( 20819, 15550, '10:39:00', '10:39:00', 50 );
INSERT INTO "times" VALUES ( 20819, 15560, '10:37:00', '10:37:00', 50 );
INSERT INTO "times" VALUES ( 20819, 15570, '10:34:00', '10:34:00', 50 );

INSERT INTO "dias" VALUES ( 20820, 100, FALSE, TRUE, 'V1008C', 15510, 12780 );
INSERT INTO "dias_line_groups" VALUES ( 20820, 30 );
INSERT INTO "times" VALUES ( 20820, 12780, '10:55:00', NULL, NULL );
INSERT INTO "times" VALUES ( 20820, 15510, NULL, '10:41:00', 50 );
INSERT INTO "times" VALUES ( 20820, 15520, '10:42:00', '10:42:00', 50 );
INSERT INTO "times" VALUES ( 20820, 15530, '10:44:00', '10:44:00', 50 );
INSERT INTO "times" VALUES ( 20820, 15540, '10:47:00', '10:47:00', 50 );
INSERT INTO "times" VALUES ( 20820, 15550, '10:49:00', '10:49:00', 50 );
INSERT INTO "times" VALUES ( 20820, 15560, '10:50:00', '10:50:00', 50 );
INSERT INTO "times" VALUES ( 20820, 15570, '10:53:00', '10:53:00', 50 );

INSERT INTO "dias" VALUES ( 20821, 100, FALSE, TRUE, 'V1009U', 12780, 15510 );
INSERT INTO "dias_line_groups" VALUES ( 20821, 30 );
INSERT INTO "times" VALUES ( 20821, 12780, NULL, '10:42:00', 50 );
INSERT INTO "times" VALUES ( 20821, 15510, '10:57:00', NULL, NULL );
INSERT INTO "times" VALUES ( 20821, 15520, '10:55:00', '10:55:00', 50 );
INSERT INTO "times" VALUES ( 20821, 15530, '10:53:00', '10:53:00', 50 );
INSERT INTO "times" VALUES ( 20821, 15540, '10:50:00', '10:50:00', 50 );
INSERT INTO "times" VALUES ( 20821, 15550, '10:49:00', '10:49:00', 50 );
INSERT INTO "times" VALUES ( 20821, 15560, '10:47:00', '10:47:00', 50 );
INSERT INTO "times" VALUES ( 20821, 15570, '10:44:00', '10:44:00', 50 );

INSERT INTO "dias" VALUES ( 20822, 100, FALSE, TRUE, 'V1010C', 15510, 12780 );
INSERT INTO "dias_line_groups" VALUES ( 20822, 30 );
INSERT INTO "times" VALUES ( 20822, 12780, '11:06:00', NULL, NULL );
INSERT INTO "times" VALUES ( 20822, 15510, NULL, '10:51:00', 50 );
INSERT INTO "times" VALUES ( 20822, 15520, '10:52:00', '10:52:00', 50 );
INSERT INTO "times" VALUES ( 20822, 15530, '10:54:00', '10:54:00', 50 );
INSERT INTO "times" VALUES ( 20822, 15540, '10:57:00', '10:57:00', 50 );
INSERT INTO "times" VALUES ( 20822, 15550, '10:59:00', '10:59:00', 50 );
INSERT INTO "times" VALUES ( 20822, 15560, '11:00:00', '11:00:00', 50 );
INSERT INTO "times" VALUES ( 20822, 15570, '11:03:00', '11:03:00', 50 );

INSERT INTO "dias" VALUES ( 20823, 100, FALSE, TRUE, 'V1011U', 12780, 15510 );
INSERT INTO "dias_line_groups" VALUES ( 20823, 30 );
INSERT INTO "times" VALUES ( 20823, 12780, NULL, '10:52:00', 50 );
INSERT INTO "times" VALUES ( 20823, 15510, '11:07:00', NULL, NULL );
INSERT INTO "times" VALUES ( 20823, 15520, '11:05:00', '11:05:00', 50 );
INSERT INTO "times" VALUES ( 20823, 15530, '11:03:00', '11:03:00', 50 );
INSERT INTO "times" VALUES ( 20823, 15540, '11:00:00', '11:00:00', 50 );
INSERT INTO "times" VALUES ( 20823, 15550, '10:59:00', '10:59:00', 50 );
INSERT INTO "times" VALUES ( 20823, 15560, '10:57:00', '10:57:00', 50 );
INSERT INTO "times" VALUES ( 20823, 15570, '10:54:00', '10:54:00', 50 );

INSERT INTO "dias" VALUES ( 20824, 100, FALSE, TRUE, 'V1100C', 15510, 12780 );
INSERT INTO "dias_line_groups" VALUES ( 20824, 30 );
INSERT INTO "times" VALUES ( 20824, 12780, '11:16:00', NULL, NULL );
INSERT INTO "times" VALUES ( 20824, 15510, NULL, '11:01:00', 50 );
INSERT INTO "times" VALUES ( 20824, 15520, '11:02:00', '11:02:00', 50 );
INSERT INTO "times" VALUES ( 20824, 15530, '11:04:00', '11:04:00', 50 );
INSERT INTO "times" VALUES ( 20824, 15540, '11:07:00', '11:07:00', 50 );
INSERT INTO "times" VALUES ( 20824, 15550, '11:09:00', '11:09:00', 50 );
INSERT INTO "times" VALUES ( 20824, 15560, '11:10:00', '11:10:00', 50 );
INSERT INTO "times" VALUES ( 20824, 15570, '11:13:00', '11:13:00', 50 );

INSERT INTO "dias" VALUES ( 20825, 100, FALSE, TRUE, 'V1101U', 12780, 15510 );
INSERT INTO "dias_line_groups" VALUES ( 20825, 30 );
INSERT INTO "times" VALUES ( 20825, 12780, NULL, '11:02:00', 50 );
INSERT INTO "times" VALUES ( 20825, 15510, '11:17:00', NULL, NULL );
INSERT INTO "times" VALUES ( 20825, 15520, '11:15:00', '11:15:00', 50 );
INSERT INTO "times" VALUES ( 20825, 15530, '11:13:00', '11:13:00', 50 );
INSERT INTO "times" VALUES ( 20825, 15540, '11:10:00', '11:10:00', 50 );
INSERT INTO "times" VALUES ( 20825, 15550, '11:09:00', '11:09:00', 50 );
INSERT INTO "times" VALUES ( 20825, 15560, '11:07:00', '11:07:00', 50 );
INSERT INTO "times" VALUES ( 20825, 15570, '11:04:00', '11:04:00', 50 );

INSERT INTO "dias" VALUES ( 20826, 100, FALSE, TRUE, 'V1102C', 15510, 12780 );
INSERT INTO "dias_line_groups" VALUES ( 20826, 30 );
INSERT INTO "times" VALUES ( 20826, 12780, '11:25:00', NULL, NULL );
INSERT INTO "times" VALUES ( 20826, 15510, NULL, '11:11:00', 50 );
INSERT INTO "times" VALUES ( 20826, 15520, '11:12:00', '11:12:00', 50 );
INSERT INTO "times" VALUES ( 20826, 15530, '11:14:00', '11:14:00', 50 );
INSERT INTO "times" VALUES ( 20826, 15540, '11:17:00', '11:17:00', 50 );
INSERT INTO "times" VALUES ( 20826, 15550, '11:19:00', '11:19:00', 50 );
INSERT INTO "times" VALUES ( 20826, 15560, '11:20:00', '11:20:00', 50 );
INSERT INTO "times" VALUES ( 20826, 15570, '11:23:00', '11:23:00', 50 );

INSERT INTO "dias" VALUES ( 20827, 100, FALSE, TRUE, 'V1103U', 12780, 15510 );
INSERT INTO "dias_line_groups" VALUES ( 20827, 30 );
INSERT INTO "times" VALUES ( 20827, 12780, NULL, '11:12:00', 50 );
INSERT INTO "times" VALUES ( 20827, 15510, '11:27:00', NULL, NULL );
INSERT INTO "times" VALUES ( 20827, 15520, '11:25:00', '11:25:00', 50 );
INSERT INTO "times" VALUES ( 20827, 15530, '11:23:00', '11:23:00', 50 );
INSERT INTO "times" VALUES ( 20827, 15540, '11:20:00', '11:20:00', 50 );
INSERT INTO "times" VALUES ( 20827, 15550, '11:19:00', '11:19:00', 50 );
INSERT INTO "times" VALUES ( 20827, 15560, '11:17:00', '11:17:00', 50 );
INSERT INTO "times" VALUES ( 20827, 15570, '11:14:00', '11:14:00', 50 );

INSERT INTO "dias" VALUES ( 20828, 100, FALSE, TRUE, 'V1104C', 15510, 12780 );
INSERT INTO "dias_line_groups" VALUES ( 20828, 30 );
INSERT INTO "times" VALUES ( 20828, 12780, '11:36:00', NULL, NULL );
INSERT INTO "times" VALUES ( 20828, 15510, NULL, '11:21:00', 50 );
INSERT INTO "times" VALUES ( 20828, 15520, '11:22:00', '11:22:00', 50 );
INSERT INTO "times" VALUES ( 20828, 15530, '11:24:00', '11:24:00', 50 );
INSERT INTO "times" VALUES ( 20828, 15540, '11:27:00', '11:27:00', 50 );
INSERT INTO "times" VALUES ( 20828, 15550, '11:29:00', '11:29:00', 50 );
INSERT INTO "times" VALUES ( 20828, 15560, '11:30:00', '11:30:00', 50 );
INSERT INTO "times" VALUES ( 20828, 15570, '11:33:00', '11:33:00', 50 );

INSERT INTO "dias" VALUES ( 20829, 100, FALSE, TRUE, 'V1105U', 12780, 15510 );
INSERT INTO "dias_line_groups" VALUES ( 20829, 30 );
INSERT INTO "times" VALUES ( 20829, 12780, NULL, '11:22:00', 50 );
INSERT INTO "times" VALUES ( 20829, 15510, '11:37:00', NULL, NULL );
INSERT INTO "times" VALUES ( 20829, 15520, '11:35:00', '11:35:00', 50 );
INSERT INTO "times" VALUES ( 20829, 15530, '11:33:00', '11:33:00', 50 );
INSERT INTO "times" VALUES ( 20829, 15540, '11:30:00', '11:30:00', 50 );
INSERT INTO "times" VALUES ( 20829, 15550, '11:29:00', '11:29:00', 50 );
INSERT INTO "times" VALUES ( 20829, 15560, '11:27:00', '11:27:00', 50 );
INSERT INTO "times" VALUES ( 20829, 15570, '11:24:00', '11:24:00', 50 );

INSERT INTO "dias" VALUES ( 20830, 100, FALSE, TRUE, 'V1106C', 15510, 12780 );
INSERT INTO "dias_line_groups" VALUES ( 20830, 30 );
INSERT INTO "times" VALUES ( 20830, 12780, '11:46:00', NULL, NULL );
INSERT INTO "times" VALUES ( 20830, 15510, NULL, '11:31:00', 50 );
INSERT INTO "times" VALUES ( 20830, 15520, '11:32:00', '11:32:00', 50 );
INSERT INTO "times" VALUES ( 20830, 15530, '11:34:00', '11:34:00', 50 );
INSERT INTO "times" VALUES ( 20830, 15540, '11:37:00', '11:37:00', 50 );
INSERT INTO "times" VALUES ( 20830, 15550, '11:39:00', '11:39:00', 50 );
INSERT INTO "times" VALUES ( 20830, 15560, '11:40:00', '11:40:00', 50 );
INSERT INTO "times" VALUES ( 20830, 15570, '11:43:00', '11:43:00', 50 );

INSERT INTO "dias" VALUES ( 20831, 100, FALSE, TRUE, 'V1107U', 12780, 15510 );
INSERT INTO "dias_line_groups" VALUES ( 20831, 30 );
INSERT INTO "times" VALUES ( 20831, 12780, NULL, '11:32:00', 50 );
INSERT INTO "times" VALUES ( 20831, 15510, '11:47:00', NULL, NULL );
INSERT INTO "times" VALUES ( 20831, 15520, '11:45:00', '11:45:00', 50 );
INSERT INTO "times" VALUES ( 20831, 15530, '11:43:00', '11:43:00', 50 );
INSERT INTO "times" VALUES ( 20831, 15540, '11:40:00', '11:40:00', 50 );
INSERT INTO "times" VALUES ( 20831, 15550, '11:39:00', '11:39:00', 50 );
INSERT INTO "times" VALUES ( 20831, 15560, '11:37:00', '11:37:00', 50 );
INSERT INTO "times" VALUES ( 20831, 15570, '11:34:00', '11:34:00', 50 );

INSERT INTO "dias" VALUES ( 20832, 100, FALSE, TRUE, 'V1108C', 15510, 12780 );
INSERT INTO "dias_line_groups" VALUES ( 20832, 30 );
INSERT INTO "times" VALUES ( 20832, 12780, '11:56:00', NULL, NULL );
INSERT INTO "times" VALUES ( 20832, 15510, NULL, '11:41:00', 50 );
INSERT INTO "times" VALUES ( 20832, 15520, '11:42:00', '11:42:00', 50 );
INSERT INTO "times" VALUES ( 20832, 15530, '11:44:00', '11:44:00', 50 );
INSERT INTO "times" VALUES ( 20832, 15540, '11:47:00', '11:47:00', 50 );
INSERT INTO "times" VALUES ( 20832, 15550, '11:49:00', '11:49:00', 50 );
INSERT INTO "times" VALUES ( 20832, 15560, '11:50:00', '11:50:00', 50 );
INSERT INTO "times" VALUES ( 20832, 15570, '11:53:00', '11:53:00', 50 );

INSERT INTO "dias" VALUES ( 20833, 100, FALSE, TRUE, 'V1109U', 12780, 15510 );
INSERT INTO "dias_line_groups" VALUES ( 20833, 30 );
INSERT INTO "times" VALUES ( 20833, 12780, NULL, '11:42:00', 50 );
INSERT INTO "times" VALUES ( 20833, 15510, '11:57:00', NULL, NULL );
INSERT INTO "times" VALUES ( 20833, 15520, '11:55:00', '11:55:00', 50 );
INSERT INTO "times" VALUES ( 20833, 15530, '11:53:00', '11:53:00', 50 );
INSERT INTO "times" VALUES ( 20833, 15540, '11:50:00', '11:50:00', 50 );
INSERT INTO "times" VALUES ( 20833, 15550, '11:49:00', '11:49:00', 50 );
INSERT INTO "times" VALUES ( 20833, 15560, '11:47:00', '11:47:00', 50 );
INSERT INTO "times" VALUES ( 20833, 15570, '11:44:00', '11:44:00', 50 );

INSERT INTO "dias" VALUES ( 20834, 100, FALSE, TRUE, 'V1110C', 15510, 12780 );
INSERT INTO "dias_line_groups" VALUES ( 20834, 30 );
INSERT INTO "times" VALUES ( 20834, 12780, '12:06:00', NULL, NULL );
INSERT INTO "times" VALUES ( 20834, 15510, NULL, '11:51:00', 50 );
INSERT INTO "times" VALUES ( 20834, 15520, '11:52:00', '11:52:00', 50 );
INSERT INTO "times" VALUES ( 20834, 15530, '11:55:00', '11:55:00', 50 );
INSERT INTO "times" VALUES ( 20834, 15540, '11:58:00', '11:58:00', 50 );
INSERT INTO "times" VALUES ( 20834, 15550, '11:59:00', '11:59:00', 50 );
INSERT INTO "times" VALUES ( 20834, 15560, '12:01:00', '12:01:00', 50 );
INSERT INTO "times" VALUES ( 20834, 15570, '12:04:00', '12:04:00', 50 );

INSERT INTO "dias" VALUES ( 20835, 100, FALSE, TRUE, 'V1111U', 12780, 15510 );
INSERT INTO "dias_line_groups" VALUES ( 20835, 30 );
INSERT INTO "times" VALUES ( 20835, 12780, NULL, '11:52:00', 50 );
INSERT INTO "times" VALUES ( 20835, 15510, '12:07:00', NULL, NULL );
INSERT INTO "times" VALUES ( 20835, 15520, '12:05:00', '12:05:00', 50 );
INSERT INTO "times" VALUES ( 20835, 15530, '12:03:00', '12:03:00', 50 );
INSERT INTO "times" VALUES ( 20835, 15540, '12:00:00', '12:00:00', 50 );
INSERT INTO "times" VALUES ( 20835, 15550, '11:59:00', '11:59:00', 50 );
INSERT INTO "times" VALUES ( 20835, 15560, '11:57:00', '11:57:00', 50 );
INSERT INTO "times" VALUES ( 20835, 15570, '11:54:00', '11:54:00', 50 );

INSERT INTO "dias" VALUES ( 20836, 100, FALSE, TRUE, 'V1200C', 15510, 12780 );
INSERT INTO "dias_line_groups" VALUES ( 20836, 30 );
INSERT INTO "times" VALUES ( 20836, 12780, '12:16:00', NULL, NULL );
INSERT INTO "times" VALUES ( 20836, 15510, NULL, '12:02:00', 50 );
INSERT INTO "times" VALUES ( 20836, 15520, '12:03:00', '12:03:00', 50 );
INSERT INTO "times" VALUES ( 20836, 15530, '12:05:00', '12:05:00', 50 );
INSERT INTO "times" VALUES ( 20836, 15540, '12:08:00', '12:08:00', 50 );
INSERT INTO "times" VALUES ( 20836, 15550, '12:10:00', '12:10:00', 50 );
INSERT INTO "times" VALUES ( 20836, 15560, '12:11:00', '12:11:00', 50 );
INSERT INTO "times" VALUES ( 20836, 15570, '12:14:00', '12:14:00', 50 );

INSERT INTO "dias" VALUES ( 20837, 100, FALSE, TRUE, 'V1201U', 12780, 15510 );
INSERT INTO "dias_line_groups" VALUES ( 20837, 30 );
INSERT INTO "times" VALUES ( 20837, 12780, NULL, '12:03:00', 50 );
INSERT INTO "times" VALUES ( 20837, 15510, '12:17:00', NULL, NULL );
INSERT INTO "times" VALUES ( 20837, 15520, '12:16:00', '12:16:00', 50 );
INSERT INTO "times" VALUES ( 20837, 15530, '12:13:00', '12:13:00', 50 );
INSERT INTO "times" VALUES ( 20837, 15540, '12:11:00', '12:11:00', 50 );
INSERT INTO "times" VALUES ( 20837, 15550, '12:09:00', '12:09:00', 50 );
INSERT INTO "times" VALUES ( 20837, 15560, '12:07:00', '12:07:00', 50 );
INSERT INTO "times" VALUES ( 20837, 15570, '12:05:00', '12:05:00', 50 );

INSERT INTO "dias" VALUES ( 20838, 100, FALSE, TRUE, 'V1202C', 15510, 12780 );
INSERT INTO "dias_line_groups" VALUES ( 20838, 30 );
INSERT INTO "times" VALUES ( 20838, 12780, '12:26:00', NULL, NULL );
INSERT INTO "times" VALUES ( 20838, 15510, NULL, '12:12:00', 50 );
INSERT INTO "times" VALUES ( 20838, 15520, '12:13:00', '12:13:00', 50 );
INSERT INTO "times" VALUES ( 20838, 15530, '12:15:00', '12:15:00', 50 );
INSERT INTO "times" VALUES ( 20838, 15540, '12:18:00', '12:18:00', 50 );
INSERT INTO "times" VALUES ( 20838, 15550, '12:20:00', '12:20:00', 50 );
INSERT INTO "times" VALUES ( 20838, 15560, '12:21:00', '12:21:00', 50 );
INSERT INTO "times" VALUES ( 20838, 15570, '12:24:00', '12:24:00', 50 );

INSERT INTO "dias" VALUES ( 20839, 100, FALSE, TRUE, 'V1203U', 12780, 15510 );
INSERT INTO "dias_line_groups" VALUES ( 20839, 30 );
INSERT INTO "times" VALUES ( 20839, 12780, NULL, '12:13:00', 50 );
INSERT INTO "times" VALUES ( 20839, 15510, '12:28:00', NULL, NULL );
INSERT INTO "times" VALUES ( 20839, 15520, '12:26:00', '12:26:00', 50 );
INSERT INTO "times" VALUES ( 20839, 15530, '12:24:00', '12:24:00', 50 );
INSERT INTO "times" VALUES ( 20839, 15540, '12:21:00', '12:21:00', 50 );
INSERT INTO "times" VALUES ( 20839, 15550, '12:20:00', '12:20:00', 50 );
INSERT INTO "times" VALUES ( 20839, 15560, '12:18:00', '12:18:00', 50 );
INSERT INTO "times" VALUES ( 20839, 15570, '12:15:00', '12:15:00', 50 );

INSERT INTO "dias" VALUES ( 20840, 100, FALSE, TRUE, 'V1204C', 15510, 12780 );
INSERT INTO "dias_line_groups" VALUES ( 20840, 30 );
INSERT INTO "times" VALUES ( 20840, 12780, '12:36:00', NULL, NULL );
INSERT INTO "times" VALUES ( 20840, 15510, NULL, '12:22:00', 50 );
INSERT INTO "times" VALUES ( 20840, 15520, '12:23:00', '12:23:00', 50 );
INSERT INTO "times" VALUES ( 20840, 15530, '12:25:00', '12:25:00', 50 );
INSERT INTO "times" VALUES ( 20840, 15540, '12:28:00', '12:28:00', 50 );
INSERT INTO "times" VALUES ( 20840, 15550, '12:30:00', '12:30:00', 50 );
INSERT INTO "times" VALUES ( 20840, 15560, '12:31:00', '12:31:00', 50 );
INSERT INTO "times" VALUES ( 20840, 15570, '12:34:00', '12:34:00', 50 );

INSERT INTO "dias" VALUES ( 20841, 100, FALSE, TRUE, 'V1205U', 12780, 15510 );
INSERT INTO "dias_line_groups" VALUES ( 20841, 30 );
INSERT INTO "times" VALUES ( 20841, 12780, NULL, '12:23:00', 50 );
INSERT INTO "times" VALUES ( 20841, 15510, '12:38:00', NULL, NULL );
INSERT INTO "times" VALUES ( 20841, 15520, '12:36:00', '12:36:00', 50 );
INSERT INTO "times" VALUES ( 20841, 15530, '12:34:00', '12:34:00', 50 );
INSERT INTO "times" VALUES ( 20841, 15540, '12:31:00', '12:31:00', 50 );
INSERT INTO "times" VALUES ( 20841, 15550, '12:30:00', '12:30:00', 50 );
INSERT INTO "times" VALUES ( 20841, 15560, '12:28:00', '12:28:00', 50 );
INSERT INTO "times" VALUES ( 20841, 15570, '12:25:00', '12:25:00', 50 );

INSERT INTO "dias" VALUES ( 20842, 100, FALSE, TRUE, 'V1206C', 15510, 12780 );
INSERT INTO "dias_line_groups" VALUES ( 20842, 30 );
INSERT INTO "times" VALUES ( 20842, 12780, '12:46:00', NULL, NULL );
INSERT INTO "times" VALUES ( 20842, 15510, NULL, '12:32:00', 50 );
INSERT INTO "times" VALUES ( 20842, 15520, '12:33:00', '12:33:00', 50 );
INSERT INTO "times" VALUES ( 20842, 15530, '12:35:00', '12:35:00', 50 );
INSERT INTO "times" VALUES ( 20842, 15540, '12:38:00', '12:38:00', 50 );
INSERT INTO "times" VALUES ( 20842, 15550, '12:40:00', '12:40:00', 50 );
INSERT INTO "times" VALUES ( 20842, 15560, '12:41:00', '12:41:00', 50 );
INSERT INTO "times" VALUES ( 20842, 15570, '12:44:00', '12:44:00', 50 );

INSERT INTO "dias" VALUES ( 20843, 100, FALSE, TRUE, 'V1207U', 12780, 15510 );
INSERT INTO "dias_line_groups" VALUES ( 20843, 30 );
INSERT INTO "times" VALUES ( 20843, 12780, NULL, '12:33:00', 50 );
INSERT INTO "times" VALUES ( 20843, 15510, '12:48:00', NULL, NULL );
INSERT INTO "times" VALUES ( 20843, 15520, '12:46:00', '12:46:00', 50 );
INSERT INTO "times" VALUES ( 20843, 15530, '12:44:00', '12:44:00', 50 );
INSERT INTO "times" VALUES ( 20843, 15540, '12:41:00', '12:41:00', 50 );
INSERT INTO "times" VALUES ( 20843, 15550, '12:40:00', '12:40:00', 50 );
INSERT INTO "times" VALUES ( 20843, 15560, '12:38:00', '12:38:00', 50 );
INSERT INTO "times" VALUES ( 20843, 15570, '12:35:00', '12:35:00', 50 );

INSERT INTO "dias" VALUES ( 20844, 100, FALSE, TRUE, 'V1208C', 15510, 12780 );
INSERT INTO "dias_line_groups" VALUES ( 20844, 30 );
INSERT INTO "times" VALUES ( 20844, 12780, '12:56:00', NULL, NULL );
INSERT INTO "times" VALUES ( 20844, 15510, NULL, '12:42:00', 50 );
INSERT INTO "times" VALUES ( 20844, 15520, '12:43:00', '12:43:00', 50 );
INSERT INTO "times" VALUES ( 20844, 15530, '12:45:00', '12:45:00', 50 );
INSERT INTO "times" VALUES ( 20844, 15540, '12:48:00', '12:48:00', 50 );
INSERT INTO "times" VALUES ( 20844, 15550, '12:50:00', '12:50:00', 50 );
INSERT INTO "times" VALUES ( 20844, 15560, '12:51:00', '12:51:00', 50 );
INSERT INTO "times" VALUES ( 20844, 15570, '12:54:00', '12:54:00', 50 );

INSERT INTO "dias" VALUES ( 20845, 100, FALSE, TRUE, 'V1209U', 12780, 15510 );
INSERT INTO "dias_line_groups" VALUES ( 20845, 30 );
INSERT INTO "times" VALUES ( 20845, 12780, NULL, '12:43:00', 50 );
INSERT INTO "times" VALUES ( 20845, 15510, '12:58:00', NULL, NULL );
INSERT INTO "times" VALUES ( 20845, 15520, '12:56:00', '12:56:00', 50 );
INSERT INTO "times" VALUES ( 20845, 15530, '12:54:00', '12:54:00', 50 );
INSERT INTO "times" VALUES ( 20845, 15540, '12:51:00', '12:51:00', 50 );
INSERT INTO "times" VALUES ( 20845, 15550, '12:50:00', '12:50:00', 50 );
INSERT INTO "times" VALUES ( 20845, 15560, '12:48:00', '12:48:00', 50 );
INSERT INTO "times" VALUES ( 20845, 15570, '12:45:00', '12:45:00', 50 );

INSERT INTO "dias" VALUES ( 20846, 100, FALSE, TRUE, 'V1210C', 15510, 12780 );
INSERT INTO "dias_line_groups" VALUES ( 20846, 30 );
INSERT INTO "times" VALUES ( 20846, 12780, '13:06:00', NULL, NULL );
INSERT INTO "times" VALUES ( 20846, 15510, NULL, '12:52:00', 50 );
INSERT INTO "times" VALUES ( 20846, 15520, '12:53:00', '12:53:00', 50 );
INSERT INTO "times" VALUES ( 20846, 15530, '12:55:00', '12:55:00', 50 );
INSERT INTO "times" VALUES ( 20846, 15540, '12:58:00', '12:58:00', 50 );
INSERT INTO "times" VALUES ( 20846, 15550, '13:00:00', '13:00:00', 50 );
INSERT INTO "times" VALUES ( 20846, 15560, '13:01:00', '13:01:00', 50 );
INSERT INTO "times" VALUES ( 20846, 15570, '13:04:00', '13:04:00', 50 );

INSERT INTO "dias" VALUES ( 20847, 100, FALSE, TRUE, 'V1211U', 12780, 15510 );
INSERT INTO "dias_line_groups" VALUES ( 20847, 30 );
INSERT INTO "times" VALUES ( 20847, 12780, NULL, '12:53:00', 50 );
INSERT INTO "times" VALUES ( 20847, 15510, '13:08:00', NULL, NULL );
INSERT INTO "times" VALUES ( 20847, 15520, '13:06:00', '13:06:00', 50 );
INSERT INTO "times" VALUES ( 20847, 15530, '13:04:00', '13:04:00', 50 );
INSERT INTO "times" VALUES ( 20847, 15540, '13:01:00', '13:01:00', 50 );
INSERT INTO "times" VALUES ( 20847, 15550, '13:00:00', '13:00:00', 50 );
INSERT INTO "times" VALUES ( 20847, 15560, '12:58:00', '12:58:00', 50 );
INSERT INTO "times" VALUES ( 20847, 15570, '12:55:00', '12:55:00', 50 );

INSERT INTO "dias" VALUES ( 20848, 100, FALSE, TRUE, 'V1300C', 15510, 12780 );
INSERT INTO "dias_line_groups" VALUES ( 20848, 30 );
INSERT INTO "times" VALUES ( 20848, 12780, '13:16:00', NULL, NULL );
INSERT INTO "times" VALUES ( 20848, 15510, NULL, '13:02:00', 50 );
INSERT INTO "times" VALUES ( 20848, 15520, '13:03:00', '13:03:00', 50 );
INSERT INTO "times" VALUES ( 20848, 15530, '13:05:00', '13:05:00', 50 );
INSERT INTO "times" VALUES ( 20848, 15540, '13:08:00', '13:08:00', 50 );
INSERT INTO "times" VALUES ( 20848, 15550, '13:10:00', '13:10:00', 50 );
INSERT INTO "times" VALUES ( 20848, 15560, '13:11:00', '13:11:00', 50 );
INSERT INTO "times" VALUES ( 20848, 15570, '13:14:00', '13:14:00', 50 );

INSERT INTO "dias" VALUES ( 20849, 100, FALSE, TRUE, 'V1301U', 12780, 15510 );
INSERT INTO "dias_line_groups" VALUES ( 20849, 30 );
INSERT INTO "times" VALUES ( 20849, 12780, NULL, '13:03:00', 50 );
INSERT INTO "times" VALUES ( 20849, 15510, '13:18:00', NULL, NULL );
INSERT INTO "times" VALUES ( 20849, 15520, '13:16:00', '13:16:00', 50 );
INSERT INTO "times" VALUES ( 20849, 15530, '13:14:00', '13:14:00', 50 );
INSERT INTO "times" VALUES ( 20849, 15540, '13:11:00', '13:11:00', 50 );
INSERT INTO "times" VALUES ( 20849, 15550, '13:10:00', '13:10:00', 50 );
INSERT INTO "times" VALUES ( 20849, 15560, '13:08:00', '13:08:00', 50 );
INSERT INTO "times" VALUES ( 20849, 15570, '13:05:00', '13:05:00', 50 );

INSERT INTO "dias" VALUES ( 20850, 100, FALSE, TRUE, 'V1302C', 15510, 12780 );
INSERT INTO "dias_line_groups" VALUES ( 20850, 30 );
INSERT INTO "times" VALUES ( 20850, 12780, '13:26:00', NULL, NULL );
INSERT INTO "times" VALUES ( 20850, 15510, NULL, '13:12:00', 50 );
INSERT INTO "times" VALUES ( 20850, 15520, '13:13:00', '13:13:00', 50 );
INSERT INTO "times" VALUES ( 20850, 15530, '13:15:00', '13:15:00', 50 );
INSERT INTO "times" VALUES ( 20850, 15540, '13:18:00', '13:18:00', 50 );
INSERT INTO "times" VALUES ( 20850, 15550, '13:20:00', '13:20:00', 50 );
INSERT INTO "times" VALUES ( 20850, 15560, '13:21:00', '13:21:00', 50 );
INSERT INTO "times" VALUES ( 20850, 15570, '13:24:00', '13:24:00', 50 );

INSERT INTO "dias" VALUES ( 20851, 100, FALSE, TRUE, 'V1303U', 12780, 15510 );
INSERT INTO "dias_line_groups" VALUES ( 20851, 30 );
INSERT INTO "times" VALUES ( 20851, 12780, NULL, '13:13:00', 50 );
INSERT INTO "times" VALUES ( 20851, 15510, '13:28:00', NULL, NULL );
INSERT INTO "times" VALUES ( 20851, 15520, '13:26:00', '13:26:00', 50 );
INSERT INTO "times" VALUES ( 20851, 15530, '13:24:00', '13:24:00', 50 );
INSERT INTO "times" VALUES ( 20851, 15540, '13:21:00', '13:21:00', 50 );
INSERT INTO "times" VALUES ( 20851, 15550, '13:20:00', '13:20:00', 50 );
INSERT INTO "times" VALUES ( 20851, 15560, '13:18:00', '13:18:00', 50 );
INSERT INTO "times" VALUES ( 20851, 15570, '13:15:00', '13:15:00', 50 );

INSERT INTO "dias" VALUES ( 20852, 100, FALSE, TRUE, 'V1304C', 15510, 12780 );
INSERT INTO "dias_line_groups" VALUES ( 20852, 30 );
INSERT INTO "times" VALUES ( 20852, 12780, '13:36:00', NULL, NULL );
INSERT INTO "times" VALUES ( 20852, 15510, NULL, '13:22:00', 50 );
INSERT INTO "times" VALUES ( 20852, 15520, '13:23:00', '13:23:00', 50 );
INSERT INTO "times" VALUES ( 20852, 15530, '13:25:00', '13:25:00', 50 );
INSERT INTO "times" VALUES ( 20852, 15540, '13:28:00', '13:28:00', 50 );
INSERT INTO "times" VALUES ( 20852, 15550, '13:30:00', '13:30:00', 50 );
INSERT INTO "times" VALUES ( 20852, 15560, '13:31:00', '13:31:00', 50 );
INSERT INTO "times" VALUES ( 20852, 15570, '13:34:00', '13:34:00', 50 );

INSERT INTO "dias" VALUES ( 20853, 100, FALSE, TRUE, 'V1305U', 12780, 15510 );
INSERT INTO "dias_line_groups" VALUES ( 20853, 30 );
INSERT INTO "times" VALUES ( 20853, 12780, NULL, '13:23:00', 50 );
INSERT INTO "times" VALUES ( 20853, 15510, '13:38:00', NULL, NULL );
INSERT INTO "times" VALUES ( 20853, 15520, '13:36:00', '13:36:00', 50 );
INSERT INTO "times" VALUES ( 20853, 15530, '13:34:00', '13:34:00', 50 );
INSERT INTO "times" VALUES ( 20853, 15540, '13:31:00', '13:31:00', 50 );
INSERT INTO "times" VALUES ( 20853, 15550, '13:30:00', '13:30:00', 50 );
INSERT INTO "times" VALUES ( 20853, 15560, '13:28:00', '13:28:00', 50 );
INSERT INTO "times" VALUES ( 20853, 15570, '13:25:00', '13:25:00', 50 );

INSERT INTO "dias" VALUES ( 20854, 100, FALSE, TRUE, 'V1306C', 15510, 12780 );
INSERT INTO "dias_line_groups" VALUES ( 20854, 30 );
INSERT INTO "times" VALUES ( 20854, 12780, '13:46:00', NULL, NULL );
INSERT INTO "times" VALUES ( 20854, 15510, NULL, '13:32:00', 50 );
INSERT INTO "times" VALUES ( 20854, 15520, '13:33:00', '13:33:00', 50 );
INSERT INTO "times" VALUES ( 20854, 15530, '13:35:00', '13:35:00', 50 );
INSERT INTO "times" VALUES ( 20854, 15540, '13:38:00', '13:38:00', 50 );
INSERT INTO "times" VALUES ( 20854, 15550, '13:40:00', '13:40:00', 50 );
INSERT INTO "times" VALUES ( 20854, 15560, '13:41:00', '13:41:00', 50 );
INSERT INTO "times" VALUES ( 20854, 15570, '13:44:00', '13:44:00', 50 );

INSERT INTO "dias" VALUES ( 20855, 100, FALSE, TRUE, 'V1307U', 12780, 15510 );
INSERT INTO "dias_line_groups" VALUES ( 20855, 30 );
INSERT INTO "times" VALUES ( 20855, 12780, NULL, '13:33:00', 50 );
INSERT INTO "times" VALUES ( 20855, 15510, '13:48:00', NULL, NULL );
INSERT INTO "times" VALUES ( 20855, 15520, '13:46:00', '13:46:00', 50 );
INSERT INTO "times" VALUES ( 20855, 15530, '13:44:00', '13:44:00', 50 );
INSERT INTO "times" VALUES ( 20855, 15540, '13:41:00', '13:41:00', 50 );
INSERT INTO "times" VALUES ( 20855, 15550, '13:40:00', '13:40:00', 50 );
INSERT INTO "times" VALUES ( 20855, 15560, '13:38:00', '13:38:00', 50 );
INSERT INTO "times" VALUES ( 20855, 15570, '13:35:00', '13:35:00', 50 );

INSERT INTO "dias" VALUES ( 20856, 100, FALSE, TRUE, 'V1308C', 15510, 12780 );
INSERT INTO "dias_line_groups" VALUES ( 20856, 30 );
INSERT INTO "times" VALUES ( 20856, 12780, '13:56:00', NULL, NULL );
INSERT INTO "times" VALUES ( 20856, 15510, NULL, '13:42:00', 50 );
INSERT INTO "times" VALUES ( 20856, 15520, '13:43:00', '13:43:00', 50 );
INSERT INTO "times" VALUES ( 20856, 15530, '13:45:00', '13:45:00', 50 );
INSERT INTO "times" VALUES ( 20856, 15540, '13:48:00', '13:48:00', 50 );
INSERT INTO "times" VALUES ( 20856, 15550, '13:50:00', '13:50:00', 50 );
INSERT INTO "times" VALUES ( 20856, 15560, '13:51:00', '13:51:00', 50 );
INSERT INTO "times" VALUES ( 20856, 15570, '13:54:00', '13:54:00', 50 );

INSERT INTO "dias" VALUES ( 20857, 100, FALSE, TRUE, 'V1309U', 12780, 15510 );
INSERT INTO "dias_line_groups" VALUES ( 20857, 30 );
INSERT INTO "times" VALUES ( 20857, 12780, NULL, '13:43:00', 50 );
INSERT INTO "times" VALUES ( 20857, 15510, '13:58:00', NULL, NULL );
INSERT INTO "times" VALUES ( 20857, 15520, '13:56:00', '13:56:00', 50 );
INSERT INTO "times" VALUES ( 20857, 15530, '13:54:00', '13:54:00', 50 );
INSERT INTO "times" VALUES ( 20857, 15540, '13:51:00', '13:51:00', 50 );
INSERT INTO "times" VALUES ( 20857, 15550, '13:50:00', '13:50:00', 50 );
INSERT INTO "times" VALUES ( 20857, 15560, '13:48:00', '13:48:00', 50 );
INSERT INTO "times" VALUES ( 20857, 15570, '13:45:00', '13:45:00', 50 );

INSERT INTO "dias" VALUES ( 20858, 100, FALSE, TRUE, 'V1310C', 15510, 12780 );
INSERT INTO "dias_line_groups" VALUES ( 20858, 30 );
INSERT INTO "times" VALUES ( 20858, 12780, '14:06:00', NULL, NULL );
INSERT INTO "times" VALUES ( 20858, 15510, NULL, '13:52:00', 50 );
INSERT INTO "times" VALUES ( 20858, 15520, '13:53:00', '13:53:00', 50 );
INSERT INTO "times" VALUES ( 20858, 15530, '13:55:00', '13:55:00', 50 );
INSERT INTO "times" VALUES ( 20858, 15540, '13:58:00', '13:58:00', 50 );
INSERT INTO "times" VALUES ( 20858, 15550, '14:00:00', '14:00:00', 50 );
INSERT INTO "times" VALUES ( 20858, 15560, '14:01:00', '14:01:00', 50 );
INSERT INTO "times" VALUES ( 20858, 15570, '14:04:00', '14:04:00', 50 );

INSERT INTO "dias" VALUES ( 20859, 100, FALSE, TRUE, 'V1311U', 12780, 15510 );
INSERT INTO "dias_line_groups" VALUES ( 20859, 30 );
INSERT INTO "times" VALUES ( 20859, 12780, NULL, '13:53:00', 50 );
INSERT INTO "times" VALUES ( 20859, 15510, '14:08:00', NULL, NULL );
INSERT INTO "times" VALUES ( 20859, 15520, '14:06:00', '14:06:00', 50 );
INSERT INTO "times" VALUES ( 20859, 15530, '14:04:00', '14:04:00', 50 );
INSERT INTO "times" VALUES ( 20859, 15540, '14:01:00', '14:01:00', 50 );
INSERT INTO "times" VALUES ( 20859, 15550, '14:00:00', '14:00:00', 50 );
INSERT INTO "times" VALUES ( 20859, 15560, '13:58:00', '13:58:00', 50 );
INSERT INTO "times" VALUES ( 20859, 15570, '13:55:00', '13:55:00', 50 );

INSERT INTO "dias" VALUES ( 20860, 100, FALSE, TRUE, 'V1400C', 15510, 12780 );
INSERT INTO "dias_line_groups" VALUES ( 20860, 30 );
INSERT INTO "times" VALUES ( 20860, 12780, '14:16:00', NULL, NULL );
INSERT INTO "times" VALUES ( 20860, 15510, NULL, '14:02:00', 50 );
INSERT INTO "times" VALUES ( 20860, 15520, '14:03:00', '14:03:00', 50 );
INSERT INTO "times" VALUES ( 20860, 15530, '14:05:00', '14:05:00', 50 );
INSERT INTO "times" VALUES ( 20860, 15540, '14:08:00', '14:08:00', 50 );
INSERT INTO "times" VALUES ( 20860, 15550, '14:10:00', '14:10:00', 50 );
INSERT INTO "times" VALUES ( 20860, 15560, '14:11:00', '14:11:00', 50 );
INSERT INTO "times" VALUES ( 20860, 15570, '14:14:00', '14:14:00', 50 );

INSERT INTO "dias" VALUES ( 20861, 100, FALSE, TRUE, 'V1401U', 12780, 15510 );
INSERT INTO "dias_line_groups" VALUES ( 20861, 30 );
INSERT INTO "times" VALUES ( 20861, 12780, NULL, '14:03:00', 50 );
INSERT INTO "times" VALUES ( 20861, 15510, '14:18:00', NULL, NULL );
INSERT INTO "times" VALUES ( 20861, 15520, '14:16:00', '14:16:00', 50 );
INSERT INTO "times" VALUES ( 20861, 15530, '14:14:00', '14:14:00', 50 );
INSERT INTO "times" VALUES ( 20861, 15540, '14:11:00', '14:11:00', 50 );
INSERT INTO "times" VALUES ( 20861, 15550, '14:10:00', '14:10:00', 50 );
INSERT INTO "times" VALUES ( 20861, 15560, '14:08:00', '14:08:00', 50 );
INSERT INTO "times" VALUES ( 20861, 15570, '14:05:00', '14:05:00', 50 );

INSERT INTO "dias" VALUES ( 20862, 100, FALSE, TRUE, 'V1402C', 15510, 12780 );
INSERT INTO "dias_line_groups" VALUES ( 20862, 30 );
INSERT INTO "times" VALUES ( 20862, 12780, '14:26:00', NULL, NULL );
INSERT INTO "times" VALUES ( 20862, 15510, NULL, '14:12:00', 50 );
INSERT INTO "times" VALUES ( 20862, 15520, '14:13:00', '14:13:00', 50 );
INSERT INTO "times" VALUES ( 20862, 15530, '14:15:00', '14:15:00', 50 );
INSERT INTO "times" VALUES ( 20862, 15540, '14:18:00', '14:18:00', 50 );
INSERT INTO "times" VALUES ( 20862, 15550, '14:20:00', '14:20:00', 50 );
INSERT INTO "times" VALUES ( 20862, 15560, '14:21:00', '14:21:00', 50 );
INSERT INTO "times" VALUES ( 20862, 15570, '14:24:00', '14:24:00', 50 );

INSERT INTO "dias" VALUES ( 20863, 100, FALSE, TRUE, 'V1403U', 12780, 15510 );
INSERT INTO "dias_line_groups" VALUES ( 20863, 30 );
INSERT INTO "times" VALUES ( 20863, 12780, NULL, '14:13:00', 50 );
INSERT INTO "times" VALUES ( 20863, 15510, '14:28:00', NULL, NULL );
INSERT INTO "times" VALUES ( 20863, 15520, '14:26:00', '14:26:00', 50 );
INSERT INTO "times" VALUES ( 20863, 15530, '14:24:00', '14:24:00', 50 );
INSERT INTO "times" VALUES ( 20863, 15540, '14:21:00', '14:21:00', 50 );
INSERT INTO "times" VALUES ( 20863, 15550, '14:20:00', '14:20:00', 50 );
INSERT INTO "times" VALUES ( 20863, 15560, '14:18:00', '14:18:00', 50 );
INSERT INTO "times" VALUES ( 20863, 15570, '14:15:00', '14:15:00', 50 );

INSERT INTO "dias" VALUES ( 20864, 100, FALSE, TRUE, 'V1404C', 15510, 12780 );
INSERT INTO "dias_line_groups" VALUES ( 20864, 30 );
INSERT INTO "times" VALUES ( 20864, 12780, '14:36:00', NULL, NULL );
INSERT INTO "times" VALUES ( 20864, 15510, NULL, '14:22:00', 50 );
INSERT INTO "times" VALUES ( 20864, 15520, '14:23:00', '14:23:00', 50 );
INSERT INTO "times" VALUES ( 20864, 15530, '14:25:00', '14:25:00', 50 );
INSERT INTO "times" VALUES ( 20864, 15540, '14:28:00', '14:28:00', 50 );
INSERT INTO "times" VALUES ( 20864, 15550, '14:30:00', '14:30:00', 50 );
INSERT INTO "times" VALUES ( 20864, 15560, '14:31:00', '14:31:00', 50 );
INSERT INTO "times" VALUES ( 20864, 15570, '14:34:00', '14:34:00', 50 );

INSERT INTO "dias" VALUES ( 20865, 100, FALSE, TRUE, 'V1405U', 12780, 15510 );
INSERT INTO "dias_line_groups" VALUES ( 20865, 30 );
INSERT INTO "times" VALUES ( 20865, 12780, NULL, '14:23:00', 50 );
INSERT INTO "times" VALUES ( 20865, 15510, '14:38:00', NULL, NULL );
INSERT INTO "times" VALUES ( 20865, 15520, '14:36:00', '14:36:00', 50 );
INSERT INTO "times" VALUES ( 20865, 15530, '14:34:00', '14:34:00', 50 );
INSERT INTO "times" VALUES ( 20865, 15540, '14:31:00', '14:31:00', 50 );
INSERT INTO "times" VALUES ( 20865, 15550, '14:30:00', '14:30:00', 50 );
INSERT INTO "times" VALUES ( 20865, 15560, '14:28:00', '14:28:00', 50 );
INSERT INTO "times" VALUES ( 20865, 15570, '14:25:00', '14:25:00', 50 );

INSERT INTO "dias" VALUES ( 20866, 100, FALSE, TRUE, 'V1406C', 15510, 12780 );
INSERT INTO "dias_line_groups" VALUES ( 20866, 30 );
INSERT INTO "times" VALUES ( 20866, 12780, '14:46:00', NULL, NULL );
INSERT INTO "times" VALUES ( 20866, 15510, NULL, '14:32:00', 50 );
INSERT INTO "times" VALUES ( 20866, 15520, '14:33:00', '14:33:00', 50 );
INSERT INTO "times" VALUES ( 20866, 15530, '14:35:00', '14:35:00', 50 );
INSERT INTO "times" VALUES ( 20866, 15540, '14:38:00', '14:38:00', 50 );
INSERT INTO "times" VALUES ( 20866, 15550, '14:40:00', '14:40:00', 50 );
INSERT INTO "times" VALUES ( 20866, 15560, '14:41:00', '14:41:00', 50 );
INSERT INTO "times" VALUES ( 20866, 15570, '14:44:00', '14:44:00', 50 );

INSERT INTO "dias" VALUES ( 20867, 100, FALSE, TRUE, 'V1407U', 12780, 15510 );
INSERT INTO "dias_line_groups" VALUES ( 20867, 30 );
INSERT INTO "times" VALUES ( 20867, 12780, NULL, '14:33:00', 50 );
INSERT INTO "times" VALUES ( 20867, 15510, '14:48:00', NULL, NULL );
INSERT INTO "times" VALUES ( 20867, 15520, '14:46:00', '14:46:00', 50 );
INSERT INTO "times" VALUES ( 20867, 15530, '14:44:00', '14:44:00', 50 );
INSERT INTO "times" VALUES ( 20867, 15540, '14:41:00', '14:41:00', 50 );
INSERT INTO "times" VALUES ( 20867, 15550, '14:40:00', '14:40:00', 50 );
INSERT INTO "times" VALUES ( 20867, 15560, '14:38:00', '14:38:00', 50 );
INSERT INTO "times" VALUES ( 20867, 15570, '14:35:00', '14:35:00', 50 );

INSERT INTO "dias" VALUES ( 20868, 100, FALSE, TRUE, 'V1408C', 15510, 12780 );
INSERT INTO "dias_line_groups" VALUES ( 20868, 30 );
INSERT INTO "times" VALUES ( 20868, 12780, '14:56:00', NULL, NULL );
INSERT INTO "times" VALUES ( 20868, 15510, NULL, '14:42:00', 50 );
INSERT INTO "times" VALUES ( 20868, 15520, '14:43:00', '14:43:00', 50 );
INSERT INTO "times" VALUES ( 20868, 15530, '14:45:00', '14:45:00', 50 );
INSERT INTO "times" VALUES ( 20868, 15540, '14:48:00', '14:48:00', 50 );
INSERT INTO "times" VALUES ( 20868, 15550, '14:50:00', '14:50:00', 50 );
INSERT INTO "times" VALUES ( 20868, 15560, '14:51:00', '14:51:00', 50 );
INSERT INTO "times" VALUES ( 20868, 15570, '14:54:00', '14:54:00', 50 );

INSERT INTO "dias" VALUES ( 20869, 100, FALSE, TRUE, 'V1409U', 12780, 15510 );
INSERT INTO "dias_line_groups" VALUES ( 20869, 30 );
INSERT INTO "times" VALUES ( 20869, 12780, NULL, '14:43:00', 50 );
INSERT INTO "times" VALUES ( 20869, 15510, '14:58:00', NULL, NULL );
INSERT INTO "times" VALUES ( 20869, 15520, '14:56:00', '14:56:00', 50 );
INSERT INTO "times" VALUES ( 20869, 15530, '14:54:00', '14:54:00', 50 );
INSERT INTO "times" VALUES ( 20869, 15540, '14:51:00', '14:51:00', 50 );
INSERT INTO "times" VALUES ( 20869, 15550, '14:50:00', '14:50:00', 50 );
INSERT INTO "times" VALUES ( 20869, 15560, '14:48:00', '14:48:00', 50 );
INSERT INTO "times" VALUES ( 20869, 15570, '14:45:00', '14:45:00', 50 );

INSERT INTO "dias" VALUES ( 20870, 100, FALSE, TRUE, 'V1410C', 15510, 12780 );
INSERT INTO "dias_line_groups" VALUES ( 20870, 30 );
INSERT INTO "times" VALUES ( 20870, 12780, '15:06:00', NULL, NULL );
INSERT INTO "times" VALUES ( 20870, 15510, NULL, '14:52:00', 50 );
INSERT INTO "times" VALUES ( 20870, 15520, '14:53:00', '14:53:00', 50 );
INSERT INTO "times" VALUES ( 20870, 15530, '14:55:00', '14:55:00', 50 );
INSERT INTO "times" VALUES ( 20870, 15540, '14:58:00', '14:58:00', 50 );
INSERT INTO "times" VALUES ( 20870, 15550, '15:00:00', '15:00:00', 50 );
INSERT INTO "times" VALUES ( 20870, 15560, '15:01:00', '15:01:00', 50 );
INSERT INTO "times" VALUES ( 20870, 15570, '15:04:00', '15:04:00', 50 );

INSERT INTO "dias" VALUES ( 20871, 100, FALSE, TRUE, 'V1411U', 12780, 15510 );
INSERT INTO "dias_line_groups" VALUES ( 20871, 30 );
INSERT INTO "times" VALUES ( 20871, 12780, NULL, '14:53:00', 50 );
INSERT INTO "times" VALUES ( 20871, 15510, '15:08:00', NULL, NULL );
INSERT INTO "times" VALUES ( 20871, 15520, '15:06:00', '15:06:00', 50 );
INSERT INTO "times" VALUES ( 20871, 15530, '15:04:00', '15:04:00', 50 );
INSERT INTO "times" VALUES ( 20871, 15540, '15:01:00', '15:01:00', 50 );
INSERT INTO "times" VALUES ( 20871, 15550, '15:00:00', '15:00:00', 50 );
INSERT INTO "times" VALUES ( 20871, 15560, '14:58:00', '14:58:00', 50 );
INSERT INTO "times" VALUES ( 20871, 15570, '14:55:00', '14:55:00', 50 );

INSERT INTO "dias" VALUES ( 20872, 100, FALSE, TRUE, 'V1500C', 15510, 12780 );
INSERT INTO "dias_line_groups" VALUES ( 20872, 30 );
INSERT INTO "times" VALUES ( 20872, 12780, '15:16:00', NULL, NULL );
INSERT INTO "times" VALUES ( 20872, 15510, NULL, '15:02:00', 50 );
INSERT INTO "times" VALUES ( 20872, 15520, '15:03:00', '15:03:00', 50 );
INSERT INTO "times" VALUES ( 20872, 15530, '15:05:00', '15:05:00', 50 );
INSERT INTO "times" VALUES ( 20872, 15540, '15:08:00', '15:08:00', 50 );
INSERT INTO "times" VALUES ( 20872, 15550, '15:10:00', '15:10:00', 50 );
INSERT INTO "times" VALUES ( 20872, 15560, '15:11:00', '15:11:00', 50 );
INSERT INTO "times" VALUES ( 20872, 15570, '15:14:00', '15:14:00', 50 );

INSERT INTO "dias" VALUES ( 20873, 100, FALSE, TRUE, 'V1501U', 12780, 15510 );
INSERT INTO "dias_line_groups" VALUES ( 20873, 30 );
INSERT INTO "times" VALUES ( 20873, 12780, NULL, '15:03:00', 50 );
INSERT INTO "times" VALUES ( 20873, 15510, '15:18:00', NULL, NULL );
INSERT INTO "times" VALUES ( 20873, 15520, '15:16:00', '15:16:00', 50 );
INSERT INTO "times" VALUES ( 20873, 15530, '15:14:00', '15:14:00', 50 );
INSERT INTO "times" VALUES ( 20873, 15540, '15:11:00', '15:11:00', 50 );
INSERT INTO "times" VALUES ( 20873, 15550, '15:10:00', '15:10:00', 50 );
INSERT INTO "times" VALUES ( 20873, 15560, '15:08:00', '15:08:00', 50 );
INSERT INTO "times" VALUES ( 20873, 15570, '15:05:00', '15:05:00', 50 );

INSERT INTO "dias" VALUES ( 20874, 100, FALSE, TRUE, 'V1502C', 15510, 12780 );
INSERT INTO "dias_line_groups" VALUES ( 20874, 30 );
INSERT INTO "times" VALUES ( 20874, 12780, '15:26:00', NULL, NULL );
INSERT INTO "times" VALUES ( 20874, 15510, NULL, '15:12:00', 50 );
INSERT INTO "times" VALUES ( 20874, 15520, '15:13:00', '15:13:00', 50 );
INSERT INTO "times" VALUES ( 20874, 15530, '15:15:00', '15:15:00', 50 );
INSERT INTO "times" VALUES ( 20874, 15540, '15:18:00', '15:18:00', 50 );
INSERT INTO "times" VALUES ( 20874, 15550, '15:20:00', '15:20:00', 50 );
INSERT INTO "times" VALUES ( 20874, 15560, '15:21:00', '15:21:00', 50 );
INSERT INTO "times" VALUES ( 20874, 15570, '15:24:00', '15:24:00', 50 );

INSERT INTO "dias" VALUES ( 20875, 100, FALSE, TRUE, 'V1503U', 12780, 15510 );
INSERT INTO "dias_line_groups" VALUES ( 20875, 30 );
INSERT INTO "times" VALUES ( 20875, 12780, NULL, '15:13:00', 50 );
INSERT INTO "times" VALUES ( 20875, 15510, '15:28:00', NULL, NULL );
INSERT INTO "times" VALUES ( 20875, 15520, '15:26:00', '15:26:00', 50 );
INSERT INTO "times" VALUES ( 20875, 15530, '15:24:00', '15:24:00', 50 );
INSERT INTO "times" VALUES ( 20875, 15540, '15:21:00', '15:21:00', 50 );
INSERT INTO "times" VALUES ( 20875, 15550, '15:20:00', '15:20:00', 50 );
INSERT INTO "times" VALUES ( 20875, 15560, '15:18:00', '15:18:00', 50 );
INSERT INTO "times" VALUES ( 20875, 15570, '15:15:00', '15:15:00', 50 );

INSERT INTO "dias" VALUES ( 20876, 100, FALSE, TRUE, 'V1504C', 15510, 12780 );
INSERT INTO "dias_line_groups" VALUES ( 20876, 30 );
INSERT INTO "times" VALUES ( 20876, 12780, '15:36:00', NULL, NULL );
INSERT INTO "times" VALUES ( 20876, 15510, NULL, '15:22:00', 50 );
INSERT INTO "times" VALUES ( 20876, 15520, '15:23:00', '15:23:00', 50 );
INSERT INTO "times" VALUES ( 20876, 15530, '15:25:00', '15:25:00', 50 );
INSERT INTO "times" VALUES ( 20876, 15540, '15:28:00', '15:28:00', 50 );
INSERT INTO "times" VALUES ( 20876, 15550, '15:30:00', '15:30:00', 50 );
INSERT INTO "times" VALUES ( 20876, 15560, '15:31:00', '15:31:00', 50 );
INSERT INTO "times" VALUES ( 20876, 15570, '15:34:00', '15:34:00', 50 );

INSERT INTO "dias" VALUES ( 20877, 100, FALSE, TRUE, 'V1505U', 12780, 15510 );
INSERT INTO "dias_line_groups" VALUES ( 20877, 30 );
INSERT INTO "times" VALUES ( 20877, 12780, NULL, '15:23:00', 50 );
INSERT INTO "times" VALUES ( 20877, 15510, '15:38:00', NULL, NULL );
INSERT INTO "times" VALUES ( 20877, 15520, '15:36:00', '15:36:00', 50 );
INSERT INTO "times" VALUES ( 20877, 15530, '15:34:00', '15:34:00', 50 );
INSERT INTO "times" VALUES ( 20877, 15540, '15:31:00', '15:31:00', 50 );
INSERT INTO "times" VALUES ( 20877, 15550, '15:30:00', '15:30:00', 50 );
INSERT INTO "times" VALUES ( 20877, 15560, '15:28:00', '15:28:00', 50 );
INSERT INTO "times" VALUES ( 20877, 15570, '15:25:00', '15:25:00', 50 );

INSERT INTO "dias" VALUES ( 20878, 100, FALSE, TRUE, 'V1506C', 15510, 12780 );
INSERT INTO "dias_line_groups" VALUES ( 20878, 30 );
INSERT INTO "times" VALUES ( 20878, 12780, '15:46:00', NULL, NULL );
INSERT INTO "times" VALUES ( 20878, 15510, NULL, '15:32:00', 50 );
INSERT INTO "times" VALUES ( 20878, 15520, '15:33:00', '15:33:00', 50 );
INSERT INTO "times" VALUES ( 20878, 15530, '15:35:00', '15:35:00', 50 );
INSERT INTO "times" VALUES ( 20878, 15540, '15:38:00', '15:38:00', 50 );
INSERT INTO "times" VALUES ( 20878, 15550, '15:40:00', '15:40:00', 50 );
INSERT INTO "times" VALUES ( 20878, 15560, '15:41:00', '15:41:00', 50 );
INSERT INTO "times" VALUES ( 20878, 15570, '15:44:00', '15:44:00', 50 );

INSERT INTO "dias" VALUES ( 20879, 100, FALSE, TRUE, 'V1507U', 12780, 15510 );
INSERT INTO "dias_line_groups" VALUES ( 20879, 30 );
INSERT INTO "times" VALUES ( 20879, 12780, NULL, '15:33:00', 50 );
INSERT INTO "times" VALUES ( 20879, 15510, '15:48:00', NULL, NULL );
INSERT INTO "times" VALUES ( 20879, 15520, '15:46:00', '15:46:00', 50 );
INSERT INTO "times" VALUES ( 20879, 15530, '15:44:00', '15:44:00', 50 );
INSERT INTO "times" VALUES ( 20879, 15540, '15:41:00', '15:41:00', 50 );
INSERT INTO "times" VALUES ( 20879, 15550, '15:40:00', '15:40:00', 50 );
INSERT INTO "times" VALUES ( 20879, 15560, '15:38:00', '15:38:00', 50 );
INSERT INTO "times" VALUES ( 20879, 15570, '15:35:00', '15:35:00', 50 );

INSERT INTO "dias" VALUES ( 20880, 100, FALSE, TRUE, 'V1508C', 15510, 12780 );
INSERT INTO "dias_line_groups" VALUES ( 20880, 30 );
INSERT INTO "times" VALUES ( 20880, 12780, '15:56:00', NULL, NULL );
INSERT INTO "times" VALUES ( 20880, 15510, NULL, '15:42:00', 50 );
INSERT INTO "times" VALUES ( 20880, 15520, '15:43:00', '15:43:00', 50 );
INSERT INTO "times" VALUES ( 20880, 15530, '15:45:00', '15:45:00', 50 );
INSERT INTO "times" VALUES ( 20880, 15540, '15:48:00', '15:48:00', 50 );
INSERT INTO "times" VALUES ( 20880, 15550, '15:50:00', '15:50:00', 50 );
INSERT INTO "times" VALUES ( 20880, 15560, '15:51:00', '15:51:00', 50 );
INSERT INTO "times" VALUES ( 20880, 15570, '15:54:00', '15:54:00', 50 );

INSERT INTO "dias" VALUES ( 20881, 100, FALSE, TRUE, 'V1509U', 12780, 15510 );
INSERT INTO "dias_line_groups" VALUES ( 20881, 30 );
INSERT INTO "times" VALUES ( 20881, 12780, NULL, '15:43:00', 50 );
INSERT INTO "times" VALUES ( 20881, 15510, '15:57:00', NULL, NULL );
INSERT INTO "times" VALUES ( 20881, 15520, '15:56:00', '15:56:00', 50 );
INSERT INTO "times" VALUES ( 20881, 15530, '15:53:00', '15:53:00', 50 );
INSERT INTO "times" VALUES ( 20881, 15540, '15:51:00', '15:51:00', 50 );
INSERT INTO "times" VALUES ( 20881, 15550, '15:49:00', '15:49:00', 50 );
INSERT INTO "times" VALUES ( 20881, 15560, '15:47:00', '15:47:00', 50 );
INSERT INTO "times" VALUES ( 20881, 15570, '15:45:00', '15:45:00', 50 );

INSERT INTO "dias" VALUES ( 20882, 100, FALSE, TRUE, 'V1510C', 15510, 12780 );
INSERT INTO "dias_line_groups" VALUES ( 20882, 30 );
INSERT INTO "times" VALUES ( 20882, 12780, '16:06:00', NULL, NULL );
INSERT INTO "times" VALUES ( 20882, 15510, NULL, '15:52:00', 50 );
INSERT INTO "times" VALUES ( 20882, 15520, '15:53:00', '15:53:00', 50 );
INSERT INTO "times" VALUES ( 20882, 15530, '15:55:00', '15:55:00', 50 );
INSERT INTO "times" VALUES ( 20882, 15540, '15:58:00', '15:58:00', 50 );
INSERT INTO "times" VALUES ( 20882, 15550, '16:00:00', '16:00:00', 50 );
INSERT INTO "times" VALUES ( 20882, 15560, '16:01:00', '16:01:00', 50 );
INSERT INTO "times" VALUES ( 20882, 15570, '16:04:00', '16:04:00', 50 );

INSERT INTO "dias" VALUES ( 20883, 100, FALSE, TRUE, 'V1511U', 12780, 15510 );
INSERT INTO "dias_line_groups" VALUES ( 20883, 30 );
INSERT INTO "times" VALUES ( 20883, 12780, NULL, '15:53:00', 50 );
INSERT INTO "times" VALUES ( 20883, 15510, '16:07:00', NULL, NULL );
INSERT INTO "times" VALUES ( 20883, 15520, '16:06:00', '16:06:00', 50 );
INSERT INTO "times" VALUES ( 20883, 15530, '16:03:00', '16:03:00', 50 );
INSERT INTO "times" VALUES ( 20883, 15540, '16:01:00', '16:01:00', 50 );
INSERT INTO "times" VALUES ( 20883, 15550, '15:59:00', '15:59:00', 50 );
INSERT INTO "times" VALUES ( 20883, 15560, '15:57:00', '15:57:00', 50 );
INSERT INTO "times" VALUES ( 20883, 15570, '15:55:00', '15:55:00', 50 );

INSERT INTO "dias" VALUES ( 20884, 100, FALSE, TRUE, 'V1600C', 15510, 12780 );
INSERT INTO "dias_line_groups" VALUES ( 20884, 30 );
INSERT INTO "times" VALUES ( 20884, 12780, '16:16:00', NULL, NULL );
INSERT INTO "times" VALUES ( 20884, 15510, NULL, '16:02:00', 50 );
INSERT INTO "times" VALUES ( 20884, 15520, '16:03:00', '16:03:00', 50 );
INSERT INTO "times" VALUES ( 20884, 15530, '16:05:00', '16:05:00', 50 );
INSERT INTO "times" VALUES ( 20884, 15540, '16:08:00', '16:08:00', 50 );
INSERT INTO "times" VALUES ( 20884, 15550, '16:10:00', '16:10:00', 50 );
INSERT INTO "times" VALUES ( 20884, 15560, '16:11:00', '16:11:00', 50 );
INSERT INTO "times" VALUES ( 20884, 15570, '16:14:00', '16:14:00', 50 );

INSERT INTO "dias" VALUES ( 20885, 100, FALSE, TRUE, 'V1601U', 12780, 15510 );
INSERT INTO "dias_line_groups" VALUES ( 20885, 30 );
INSERT INTO "times" VALUES ( 20885, 12780, NULL, '16:04:00', 50 );
INSERT INTO "times" VALUES ( 20885, 15510, '16:19:00', NULL, NULL );
INSERT INTO "times" VALUES ( 20885, 15520, '16:17:00', '16:17:00', 50 );
INSERT INTO "times" VALUES ( 20885, 15530, '16:14:00', '16:14:00', 50 );
INSERT INTO "times" VALUES ( 20885, 15540, '16:12:00', '16:12:00', 50 );
INSERT INTO "times" VALUES ( 20885, 15550, '16:10:00', '16:10:00', 50 );
INSERT INTO "times" VALUES ( 20885, 15560, '16:08:00', '16:08:00', 50 );
INSERT INTO "times" VALUES ( 20885, 15570, '16:06:00', '16:06:00', 50 );

INSERT INTO "dias" VALUES ( 20886, 100, FALSE, TRUE, 'V1602C', 15510, 12780 );
INSERT INTO "dias_line_groups" VALUES ( 20886, 30 );
INSERT INTO "times" VALUES ( 20886, 12780, '16:26:00', NULL, NULL );
INSERT INTO "times" VALUES ( 20886, 15510, NULL, '16:12:00', 50 );
INSERT INTO "times" VALUES ( 20886, 15520, '16:13:00', '16:13:00', 50 );
INSERT INTO "times" VALUES ( 20886, 15530, '16:15:00', '16:15:00', 50 );
INSERT INTO "times" VALUES ( 20886, 15540, '16:18:00', '16:18:00', 50 );
INSERT INTO "times" VALUES ( 20886, 15550, '16:20:00', '16:20:00', 50 );
INSERT INTO "times" VALUES ( 20886, 15560, '16:21:00', '16:21:00', 50 );
INSERT INTO "times" VALUES ( 20886, 15570, '16:24:00', '16:24:00', 50 );

INSERT INTO "dias" VALUES ( 20887, 100, FALSE, TRUE, 'V1603U', 12780, 15510 );
INSERT INTO "dias_line_groups" VALUES ( 20887, 30 );
INSERT INTO "times" VALUES ( 20887, 12780, NULL, '16:13:00', 50 );
INSERT INTO "times" VALUES ( 20887, 15510, '16:27:00', NULL, NULL );
INSERT INTO "times" VALUES ( 20887, 15520, '16:26:00', '16:26:00', 50 );
INSERT INTO "times" VALUES ( 20887, 15530, '16:23:00', '16:23:00', 50 );
INSERT INTO "times" VALUES ( 20887, 15540, '16:21:00', '16:21:00', 50 );
INSERT INTO "times" VALUES ( 20887, 15550, '16:19:00', '16:19:00', 50 );
INSERT INTO "times" VALUES ( 20887, 15560, '16:17:00', '16:17:00', 50 );
INSERT INTO "times" VALUES ( 20887, 15570, '16:15:00', '16:15:00', 50 );

INSERT INTO "dias" VALUES ( 20888, 100, FALSE, TRUE, 'V1604C', 15510, 12780 );
INSERT INTO "dias_line_groups" VALUES ( 20888, 30 );
INSERT INTO "times" VALUES ( 20888, 12780, '16:36:00', NULL, NULL );
INSERT INTO "times" VALUES ( 20888, 15510, NULL, '16:22:00', 50 );
INSERT INTO "times" VALUES ( 20888, 15520, '16:23:00', '16:23:00', 50 );
INSERT INTO "times" VALUES ( 20888, 15530, '16:25:00', '16:25:00', 50 );
INSERT INTO "times" VALUES ( 20888, 15540, '16:28:00', '16:28:00', 50 );
INSERT INTO "times" VALUES ( 20888, 15550, '16:30:00', '16:30:00', 50 );
INSERT INTO "times" VALUES ( 20888, 15560, '16:31:00', '16:31:00', 50 );
INSERT INTO "times" VALUES ( 20888, 15570, '16:34:00', '16:34:00', 50 );

INSERT INTO "dias" VALUES ( 20889, 100, FALSE, TRUE, 'V1605U', 12780, 15510 );
INSERT INTO "dias_line_groups" VALUES ( 20889, 30 );
INSERT INTO "times" VALUES ( 20889, 12780, NULL, '16:23:00', 50 );
INSERT INTO "times" VALUES ( 20889, 15510, '16:37:00', NULL, NULL );
INSERT INTO "times" VALUES ( 20889, 15520, '16:36:00', '16:36:00', 50 );
INSERT INTO "times" VALUES ( 20889, 15530, '16:33:00', '16:33:00', 50 );
INSERT INTO "times" VALUES ( 20889, 15540, '16:31:00', '16:31:00', 50 );
INSERT INTO "times" VALUES ( 20889, 15550, '16:29:00', '16:29:00', 50 );
INSERT INTO "times" VALUES ( 20889, 15560, '16:27:00', '16:27:00', 50 );
INSERT INTO "times" VALUES ( 20889, 15570, '16:25:00', '16:25:00', 50 );

INSERT INTO "dias" VALUES ( 20890, 100, FALSE, TRUE, 'V1606C', 15510, 12780 );
INSERT INTO "dias_line_groups" VALUES ( 20890, 30 );
INSERT INTO "times" VALUES ( 20890, 12780, '16:46:00', NULL, NULL );
INSERT INTO "times" VALUES ( 20890, 15510, NULL, '16:32:00', 50 );
INSERT INTO "times" VALUES ( 20890, 15520, '16:33:00', '16:33:00', 50 );
INSERT INTO "times" VALUES ( 20890, 15530, '16:35:00', '16:35:00', 50 );
INSERT INTO "times" VALUES ( 20890, 15540, '16:38:00', '16:38:00', 50 );
INSERT INTO "times" VALUES ( 20890, 15550, '16:40:00', '16:40:00', 50 );
INSERT INTO "times" VALUES ( 20890, 15560, '16:41:00', '16:41:00', 50 );
INSERT INTO "times" VALUES ( 20890, 15570, '16:44:00', '16:44:00', 50 );

INSERT INTO "dias" VALUES ( 20891, 100, FALSE, TRUE, 'V1607U', 12780, 15510 );
INSERT INTO "dias_line_groups" VALUES ( 20891, 30 );
INSERT INTO "times" VALUES ( 20891, 12780, NULL, '16:34:00', 50 );
INSERT INTO "times" VALUES ( 20891, 15510, '16:49:00', NULL, NULL );
INSERT INTO "times" VALUES ( 20891, 15520, '16:47:00', '16:47:00', 50 );
INSERT INTO "times" VALUES ( 20891, 15530, '16:44:00', '16:44:00', 50 );
INSERT INTO "times" VALUES ( 20891, 15540, '16:42:00', '16:42:00', 50 );
INSERT INTO "times" VALUES ( 20891, 15550, '16:40:00', '16:40:00', 50 );
INSERT INTO "times" VALUES ( 20891, 15560, '16:38:00', '16:38:00', 50 );
INSERT INTO "times" VALUES ( 20891, 15570, '16:36:00', '16:36:00', 50 );

INSERT INTO "dias" VALUES ( 20892, 100, FALSE, TRUE, 'V1608C', 15510, 12780 );
INSERT INTO "dias_line_groups" VALUES ( 20892, 30 );
INSERT INTO "times" VALUES ( 20892, 12780, '16:56:00', NULL, NULL );
INSERT INTO "times" VALUES ( 20892, 15510, NULL, '16:42:00', 50 );
INSERT INTO "times" VALUES ( 20892, 15520, '16:43:00', '16:43:00', 50 );
INSERT INTO "times" VALUES ( 20892, 15530, '16:45:00', '16:45:00', 50 );
INSERT INTO "times" VALUES ( 20892, 15540, '16:48:00', '16:48:00', 50 );
INSERT INTO "times" VALUES ( 20892, 15550, '16:50:00', '16:50:00', 50 );
INSERT INTO "times" VALUES ( 20892, 15560, '16:51:00', '16:51:00', 50 );
INSERT INTO "times" VALUES ( 20892, 15570, '16:54:00', '16:54:00', 50 );

INSERT INTO "dias" VALUES ( 20893, 100, FALSE, TRUE, 'V1609U', 12780, 15510 );
INSERT INTO "dias_line_groups" VALUES ( 20893, 30 );
INSERT INTO "times" VALUES ( 20893, 12780, NULL, '16:43:00', 50 );
INSERT INTO "times" VALUES ( 20893, 15510, '16:57:00', NULL, NULL );
INSERT INTO "times" VALUES ( 20893, 15520, '16:56:00', '16:56:00', 50 );
INSERT INTO "times" VALUES ( 20893, 15530, '16:53:00', '16:53:00', 50 );
INSERT INTO "times" VALUES ( 20893, 15540, '16:51:00', '16:51:00', 50 );
INSERT INTO "times" VALUES ( 20893, 15550, '16:49:00', '16:49:00', 50 );
INSERT INTO "times" VALUES ( 20893, 15560, '16:47:00', '16:47:00', 50 );
INSERT INTO "times" VALUES ( 20893, 15570, '16:45:00', '16:45:00', 50 );

INSERT INTO "dias" VALUES ( 20894, 100, FALSE, TRUE, 'V1610C', 15510, 12780 );
INSERT INTO "dias_line_groups" VALUES ( 20894, 30 );
INSERT INTO "times" VALUES ( 20894, 12780, '17:06:00', NULL, NULL );
INSERT INTO "times" VALUES ( 20894, 15510, NULL, '16:52:00', 50 );
INSERT INTO "times" VALUES ( 20894, 15520, '16:53:00', '16:53:00', 50 );
INSERT INTO "times" VALUES ( 20894, 15530, '16:55:00', '16:55:00', 50 );
INSERT INTO "times" VALUES ( 20894, 15540, '16:58:00', '16:58:00', 50 );
INSERT INTO "times" VALUES ( 20894, 15550, '17:00:00', '17:00:00', 50 );
INSERT INTO "times" VALUES ( 20894, 15560, '17:01:00', '17:01:00', 50 );
INSERT INTO "times" VALUES ( 20894, 15570, '17:04:00', '17:04:00', 50 );

INSERT INTO "dias" VALUES ( 20895, 100, FALSE, TRUE, 'V1611U', 12780, 15510 );
INSERT INTO "dias_line_groups" VALUES ( 20895, 30 );
INSERT INTO "times" VALUES ( 20895, 12780, NULL, '16:53:00', 50 );
INSERT INTO "times" VALUES ( 20895, 15510, '17:07:00', NULL, NULL );
INSERT INTO "times" VALUES ( 20895, 15520, '17:06:00', '17:06:00', 50 );
INSERT INTO "times" VALUES ( 20895, 15530, '17:03:00', '17:03:00', 50 );
INSERT INTO "times" VALUES ( 20895, 15540, '17:01:00', '17:01:00', 50 );
INSERT INTO "times" VALUES ( 20895, 15550, '16:59:00', '16:59:00', 50 );
INSERT INTO "times" VALUES ( 20895, 15560, '16:57:00', '16:57:00', 50 );
INSERT INTO "times" VALUES ( 20895, 15570, '16:55:00', '16:55:00', 50 );

INSERT INTO "dias" VALUES ( 20896, 100, FALSE, TRUE, 'V1700C', 15510, 12780 );
INSERT INTO "dias_line_groups" VALUES ( 20896, 30 );
INSERT INTO "times" VALUES ( 20896, 12780, '17:16:00', NULL, NULL );
INSERT INTO "times" VALUES ( 20896, 15510, NULL, '17:02:00', 50 );
INSERT INTO "times" VALUES ( 20896, 15520, '17:03:00', '17:03:00', 50 );
INSERT INTO "times" VALUES ( 20896, 15530, '17:05:00', '17:05:00', 50 );
INSERT INTO "times" VALUES ( 20896, 15540, '17:08:00', '17:08:00', 50 );
INSERT INTO "times" VALUES ( 20896, 15550, '17:10:00', '17:10:00', 50 );
INSERT INTO "times" VALUES ( 20896, 15560, '17:11:00', '17:11:00', 50 );
INSERT INTO "times" VALUES ( 20896, 15570, '17:14:00', '17:14:00', 50 );

INSERT INTO "dias" VALUES ( 20897, 100, FALSE, TRUE, 'V1701U', 12780, 15510 );
INSERT INTO "dias_line_groups" VALUES ( 20897, 30 );
INSERT INTO "times" VALUES ( 20897, 12780, NULL, '17:04:00', 50 );
INSERT INTO "times" VALUES ( 20897, 15510, '17:19:00', NULL, NULL );
INSERT INTO "times" VALUES ( 20897, 15520, '17:17:00', '17:17:00', 50 );
INSERT INTO "times" VALUES ( 20897, 15530, '17:14:00', '17:14:00', 50 );
INSERT INTO "times" VALUES ( 20897, 15540, '17:12:00', '17:12:00', 50 );
INSERT INTO "times" VALUES ( 20897, 15550, '17:10:00', '17:10:00', 50 );
INSERT INTO "times" VALUES ( 20897, 15560, '17:08:00', '17:08:00', 50 );
INSERT INTO "times" VALUES ( 20897, 15570, '17:06:00', '17:06:00', 50 );

INSERT INTO "dias" VALUES ( 20898, 100, FALSE, TRUE, 'V1702C', 15510, 12780 );
INSERT INTO "dias_line_groups" VALUES ( 20898, 30 );
INSERT INTO "times" VALUES ( 20898, 12780, '17:26:00', NULL, NULL );
INSERT INTO "times" VALUES ( 20898, 15510, NULL, '17:12:00', 50 );
INSERT INTO "times" VALUES ( 20898, 15520, '17:13:00', '17:13:00', 50 );
INSERT INTO "times" VALUES ( 20898, 15530, '17:15:00', '17:15:00', 50 );
INSERT INTO "times" VALUES ( 20898, 15540, '17:18:00', '17:18:00', 50 );
INSERT INTO "times" VALUES ( 20898, 15550, '17:20:00', '17:20:00', 50 );
INSERT INTO "times" VALUES ( 20898, 15560, '17:21:00', '17:21:00', 50 );
INSERT INTO "times" VALUES ( 20898, 15570, '17:24:00', '17:24:00', 50 );

INSERT INTO "dias" VALUES ( 20899, 100, FALSE, TRUE, 'V1703U', 12780, 15510 );
INSERT INTO "dias_line_groups" VALUES ( 20899, 30 );
INSERT INTO "times" VALUES ( 20899, 12780, NULL, '17:13:00', 50 );
INSERT INTO "times" VALUES ( 20899, 15510, '17:27:00', NULL, NULL );
INSERT INTO "times" VALUES ( 20899, 15520, '17:26:00', '17:26:00', 50 );
INSERT INTO "times" VALUES ( 20899, 15530, '17:23:00', '17:23:00', 50 );
INSERT INTO "times" VALUES ( 20899, 15540, '17:21:00', '17:21:00', 50 );
INSERT INTO "times" VALUES ( 20899, 15550, '17:19:00', '17:19:00', 50 );
INSERT INTO "times" VALUES ( 20899, 15560, '17:17:00', '17:17:00', 50 );
INSERT INTO "times" VALUES ( 20899, 15570, '17:15:00', '17:15:00', 50 );

INSERT INTO "dias" VALUES ( 20900, 100, FALSE, TRUE, 'V1704C', 15510, 12780 );
INSERT INTO "dias_line_groups" VALUES ( 20900, 30 );
INSERT INTO "times" VALUES ( 20900, 12780, '17:36:00', NULL, NULL );
INSERT INTO "times" VALUES ( 20900, 15510, NULL, '17:22:00', 50 );
INSERT INTO "times" VALUES ( 20900, 15520, '17:23:00', '17:23:00', 50 );
INSERT INTO "times" VALUES ( 20900, 15530, '17:25:00', '17:25:00', 50 );
INSERT INTO "times" VALUES ( 20900, 15540, '17:28:00', '17:28:00', 50 );
INSERT INTO "times" VALUES ( 20900, 15550, '17:30:00', '17:30:00', 50 );
INSERT INTO "times" VALUES ( 20900, 15560, '17:31:00', '17:31:00', 50 );
INSERT INTO "times" VALUES ( 20900, 15570, '17:34:00', '17:34:00', 50 );

INSERT INTO "dias" VALUES ( 20901, 100, FALSE, TRUE, 'V1705U', 12780, 15510 );
INSERT INTO "dias_line_groups" VALUES ( 20901, 30 );
INSERT INTO "times" VALUES ( 20901, 12780, NULL, '17:23:00', 50 );
INSERT INTO "times" VALUES ( 20901, 15510, '17:37:00', NULL, NULL );
INSERT INTO "times" VALUES ( 20901, 15520, '17:36:00', '17:36:00', 50 );
INSERT INTO "times" VALUES ( 20901, 15530, '17:33:00', '17:33:00', 50 );
INSERT INTO "times" VALUES ( 20901, 15540, '17:31:00', '17:31:00', 50 );
INSERT INTO "times" VALUES ( 20901, 15550, '17:29:00', '17:29:00', 50 );
INSERT INTO "times" VALUES ( 20901, 15560, '17:27:00', '17:27:00', 50 );
INSERT INTO "times" VALUES ( 20901, 15570, '17:25:00', '17:25:00', 50 );

INSERT INTO "dias" VALUES ( 20902, 100, FALSE, TRUE, 'V1706C', 15510, 12780 );
INSERT INTO "dias_line_groups" VALUES ( 20902, 30 );
INSERT INTO "times" VALUES ( 20902, 12780, '17:46:00', NULL, NULL );
INSERT INTO "times" VALUES ( 20902, 15510, NULL, '17:32:00', 50 );
INSERT INTO "times" VALUES ( 20902, 15520, '17:33:00', '17:33:00', 50 );
INSERT INTO "times" VALUES ( 20902, 15530, '17:35:00', '17:35:00', 50 );
INSERT INTO "times" VALUES ( 20902, 15540, '17:38:00', '17:38:00', 50 );
INSERT INTO "times" VALUES ( 20902, 15550, '17:40:00', '17:40:00', 50 );
INSERT INTO "times" VALUES ( 20902, 15560, '17:41:00', '17:41:00', 50 );
INSERT INTO "times" VALUES ( 20902, 15570, '17:44:00', '17:44:00', 50 );

INSERT INTO "dias" VALUES ( 20903, 100, FALSE, TRUE, 'V1707U', 12780, 15510 );
INSERT INTO "dias_line_groups" VALUES ( 20903, 30 );
INSERT INTO "times" VALUES ( 20903, 12780, NULL, '17:34:00', 50 );
INSERT INTO "times" VALUES ( 20903, 15510, '17:49:00', NULL, NULL );
INSERT INTO "times" VALUES ( 20903, 15520, '17:47:00', '17:47:00', 50 );
INSERT INTO "times" VALUES ( 20903, 15530, '17:44:00', '17:44:00', 50 );
INSERT INTO "times" VALUES ( 20903, 15540, '17:42:00', '17:42:00', 50 );
INSERT INTO "times" VALUES ( 20903, 15550, '17:40:00', '17:40:00', 50 );
INSERT INTO "times" VALUES ( 20903, 15560, '17:38:00', '17:38:00', 50 );
INSERT INTO "times" VALUES ( 20903, 15570, '17:36:00', '17:36:00', 50 );

INSERT INTO "dias" VALUES ( 20904, 100, FALSE, TRUE, 'V1708C', 15510, 12780 );
INSERT INTO "dias_line_groups" VALUES ( 20904, 30 );
INSERT INTO "times" VALUES ( 20904, 12780, '17:56:00', NULL, NULL );
INSERT INTO "times" VALUES ( 20904, 15510, NULL, '17:42:00', 50 );
INSERT INTO "times" VALUES ( 20904, 15520, '17:43:00', '17:43:00', 50 );
INSERT INTO "times" VALUES ( 20904, 15530, '17:45:00', '17:45:00', 50 );
INSERT INTO "times" VALUES ( 20904, 15540, '17:48:00', '17:48:00', 50 );
INSERT INTO "times" VALUES ( 20904, 15550, '17:50:00', '17:50:00', 50 );
INSERT INTO "times" VALUES ( 20904, 15560, '17:51:00', '17:51:00', 50 );
INSERT INTO "times" VALUES ( 20904, 15570, '17:54:00', '17:54:00', 50 );

INSERT INTO "dias" VALUES ( 20905, 100, FALSE, TRUE, 'V1709U', 12780, 15510 );
INSERT INTO "dias_line_groups" VALUES ( 20905, 30 );
INSERT INTO "times" VALUES ( 20905, 12780, NULL, '17:43:00', 50 );
INSERT INTO "times" VALUES ( 20905, 15510, '17:57:00', NULL, NULL );
INSERT INTO "times" VALUES ( 20905, 15520, '17:56:00', '17:56:00', 50 );
INSERT INTO "times" VALUES ( 20905, 15530, '17:53:00', '17:53:00', 50 );
INSERT INTO "times" VALUES ( 20905, 15540, '17:51:00', '17:51:00', 50 );
INSERT INTO "times" VALUES ( 20905, 15550, '17:49:00', '17:49:00', 50 );
INSERT INTO "times" VALUES ( 20905, 15560, '17:47:00', '17:47:00', 50 );
INSERT INTO "times" VALUES ( 20905, 15570, '17:45:00', '17:45:00', 50 );

INSERT INTO "dias" VALUES ( 20906, 100, FALSE, TRUE, 'V1710C', 15510, 12780 );
INSERT INTO "dias_line_groups" VALUES ( 20906, 30 );
INSERT INTO "times" VALUES ( 20906, 12780, '18:06:00', NULL, NULL );
INSERT INTO "times" VALUES ( 20906, 15510, NULL, '17:52:00', 50 );
INSERT INTO "times" VALUES ( 20906, 15520, '17:53:00', '17:53:00', 50 );
INSERT INTO "times" VALUES ( 20906, 15530, '17:55:00', '17:55:00', 50 );
INSERT INTO "times" VALUES ( 20906, 15540, '17:58:00', '17:58:00', 50 );
INSERT INTO "times" VALUES ( 20906, 15550, '18:00:00', '18:00:00', 50 );
INSERT INTO "times" VALUES ( 20906, 15560, '18:01:00', '18:01:00', 50 );
INSERT INTO "times" VALUES ( 20906, 15570, '18:04:00', '18:04:00', 50 );

INSERT INTO "dias" VALUES ( 20907, 100, FALSE, TRUE, 'V1711U', 12780, 15510 );
INSERT INTO "dias_line_groups" VALUES ( 20907, 30 );
INSERT INTO "times" VALUES ( 20907, 12780, NULL, '17:53:00', 50 );
INSERT INTO "times" VALUES ( 20907, 15510, '18:07:00', NULL, NULL );
INSERT INTO "times" VALUES ( 20907, 15520, '18:06:00', '18:06:00', 50 );
INSERT INTO "times" VALUES ( 20907, 15530, '18:03:00', '18:03:00', 50 );
INSERT INTO "times" VALUES ( 20907, 15540, '18:01:00', '18:01:00', 50 );
INSERT INTO "times" VALUES ( 20907, 15550, '17:59:00', '17:59:00', 50 );
INSERT INTO "times" VALUES ( 20907, 15560, '17:57:00', '17:57:00', 50 );
INSERT INTO "times" VALUES ( 20907, 15570, '17:55:00', '17:55:00', 50 );

INSERT INTO "dias" VALUES ( 20908, 100, FALSE, TRUE, 'V1800C', 15510, 12780 );
INSERT INTO "dias_line_groups" VALUES ( 20908, 30 );
INSERT INTO "times" VALUES ( 20908, 12780, '18:16:00', NULL, NULL );
INSERT INTO "times" VALUES ( 20908, 15510, NULL, '18:02:00', 50 );
INSERT INTO "times" VALUES ( 20908, 15520, '18:03:00', '18:03:00', 50 );
INSERT INTO "times" VALUES ( 20908, 15530, '18:05:00', '18:05:00', 50 );
INSERT INTO "times" VALUES ( 20908, 15540, '18:08:00', '18:08:00', 50 );
INSERT INTO "times" VALUES ( 20908, 15550, '18:10:00', '18:10:00', 50 );
INSERT INTO "times" VALUES ( 20908, 15560, '18:11:00', '18:11:00', 50 );
INSERT INTO "times" VALUES ( 20908, 15570, '18:14:00', '18:14:00', 50 );

INSERT INTO "dias" VALUES ( 20909, 100, FALSE, TRUE, 'V1801U', 12780, 15510 );
INSERT INTO "dias_line_groups" VALUES ( 20909, 30 );
INSERT INTO "times" VALUES ( 20909, 12780, NULL, '18:04:00', 50 );
INSERT INTO "times" VALUES ( 20909, 15510, '18:19:00', NULL, NULL );
INSERT INTO "times" VALUES ( 20909, 15520, '18:17:00', '18:17:00', 50 );
INSERT INTO "times" VALUES ( 20909, 15530, '18:14:00', '18:14:00', 50 );
INSERT INTO "times" VALUES ( 20909, 15540, '18:12:00', '18:12:00', 50 );
INSERT INTO "times" VALUES ( 20909, 15550, '18:10:00', '18:10:00', 50 );
INSERT INTO "times" VALUES ( 20909, 15560, '18:08:00', '18:08:00', 50 );
INSERT INTO "times" VALUES ( 20909, 15570, '18:06:00', '18:06:00', 50 );

INSERT INTO "dias" VALUES ( 20910, 100, FALSE, TRUE, 'V1802C', 15510, 12780 );
INSERT INTO "dias_line_groups" VALUES ( 20910, 30 );
INSERT INTO "times" VALUES ( 20910, 12780, '18:26:00', NULL, NULL );
INSERT INTO "times" VALUES ( 20910, 15510, NULL, '18:12:00', 50 );
INSERT INTO "times" VALUES ( 20910, 15520, '18:13:00', '18:13:00', 50 );
INSERT INTO "times" VALUES ( 20910, 15530, '18:15:00', '18:15:00', 50 );
INSERT INTO "times" VALUES ( 20910, 15540, '18:18:00', '18:18:00', 50 );
INSERT INTO "times" VALUES ( 20910, 15550, '18:20:00', '18:20:00', 50 );
INSERT INTO "times" VALUES ( 20910, 15560, '18:21:00', '18:21:00', 50 );
INSERT INTO "times" VALUES ( 20910, 15570, '18:24:00', '18:24:00', 50 );

INSERT INTO "dias" VALUES ( 20911, 100, FALSE, TRUE, 'V1803U', 12780, 15510 );
INSERT INTO "dias_line_groups" VALUES ( 20911, 30 );
INSERT INTO "times" VALUES ( 20911, 12780, NULL, '18:13:00', 50 );
INSERT INTO "times" VALUES ( 20911, 15510, '18:28:00', NULL, NULL );
INSERT INTO "times" VALUES ( 20911, 15520, '18:26:00', '18:26:00', 50 );
INSERT INTO "times" VALUES ( 20911, 15530, '18:24:00', '18:24:00', 50 );
INSERT INTO "times" VALUES ( 20911, 15540, '18:21:00', '18:21:00', 50 );
INSERT INTO "times" VALUES ( 20911, 15550, '18:20:00', '18:20:00', 50 );
INSERT INTO "times" VALUES ( 20911, 15560, '18:18:00', '18:18:00', 50 );
INSERT INTO "times" VALUES ( 20911, 15570, '18:15:00', '18:15:00', 50 );

INSERT INTO "dias" VALUES ( 20912, 100, FALSE, TRUE, 'V1804C', 15510, 12780 );
INSERT INTO "dias_line_groups" VALUES ( 20912, 30 );
INSERT INTO "times" VALUES ( 20912, 12780, '18:36:00', NULL, NULL );
INSERT INTO "times" VALUES ( 20912, 15510, NULL, '18:22:00', 50 );
INSERT INTO "times" VALUES ( 20912, 15520, '18:23:00', '18:23:00', 50 );
INSERT INTO "times" VALUES ( 20912, 15530, '18:25:00', '18:25:00', 50 );
INSERT INTO "times" VALUES ( 20912, 15540, '18:28:00', '18:28:00', 50 );
INSERT INTO "times" VALUES ( 20912, 15550, '18:30:00', '18:30:00', 50 );
INSERT INTO "times" VALUES ( 20912, 15560, '18:31:00', '18:31:00', 50 );
INSERT INTO "times" VALUES ( 20912, 15570, '18:34:00', '18:34:00', 50 );

INSERT INTO "dias" VALUES ( 20913, 100, FALSE, TRUE, 'V1805U', 12780, 15510 );
INSERT INTO "dias_line_groups" VALUES ( 20913, 30 );
INSERT INTO "times" VALUES ( 20913, 12780, NULL, '18:23:00', 50 );
INSERT INTO "times" VALUES ( 20913, 15510, '18:38:00', NULL, NULL );
INSERT INTO "times" VALUES ( 20913, 15520, '18:36:00', '18:36:00', 50 );
INSERT INTO "times" VALUES ( 20913, 15530, '18:34:00', '18:34:00', 50 );
INSERT INTO "times" VALUES ( 20913, 15540, '18:31:00', '18:31:00', 50 );
INSERT INTO "times" VALUES ( 20913, 15550, '18:30:00', '18:30:00', 50 );
INSERT INTO "times" VALUES ( 20913, 15560, '18:28:00', '18:28:00', 50 );
INSERT INTO "times" VALUES ( 20913, 15570, '18:25:00', '18:25:00', 50 );

INSERT INTO "dias" VALUES ( 20914, 100, FALSE, TRUE, 'V1806C', 15510, 12780 );
INSERT INTO "dias_line_groups" VALUES ( 20914, 30 );
INSERT INTO "times" VALUES ( 20914, 12780, '18:46:00', NULL, NULL );
INSERT INTO "times" VALUES ( 20914, 15510, NULL, '18:32:00', 50 );
INSERT INTO "times" VALUES ( 20914, 15520, '18:33:00', '18:33:00', 50 );
INSERT INTO "times" VALUES ( 20914, 15530, '18:35:00', '18:35:00', 50 );
INSERT INTO "times" VALUES ( 20914, 15540, '18:38:00', '18:38:00', 50 );
INSERT INTO "times" VALUES ( 20914, 15550, '18:40:00', '18:40:00', 50 );
INSERT INTO "times" VALUES ( 20914, 15560, '18:41:00', '18:41:00', 50 );
INSERT INTO "times" VALUES ( 20914, 15570, '18:44:00', '18:44:00', 50 );

INSERT INTO "dias" VALUES ( 20915, 100, FALSE, TRUE, 'V1807U', 12780, 15510 );
INSERT INTO "dias_line_groups" VALUES ( 20915, 30 );
INSERT INTO "times" VALUES ( 20915, 12780, NULL, '18:33:00', 50 );
INSERT INTO "times" VALUES ( 20915, 15510, '18:48:00', NULL, NULL );
INSERT INTO "times" VALUES ( 20915, 15520, '18:46:00', '18:46:00', 50 );
INSERT INTO "times" VALUES ( 20915, 15530, '18:44:00', '18:44:00', 50 );
INSERT INTO "times" VALUES ( 20915, 15540, '18:41:00', '18:41:00', 50 );
INSERT INTO "times" VALUES ( 20915, 15550, '18:40:00', '18:40:00', 50 );
INSERT INTO "times" VALUES ( 20915, 15560, '18:38:00', '18:38:00', 50 );
INSERT INTO "times" VALUES ( 20915, 15570, '18:35:00', '18:35:00', 50 );

INSERT INTO "dias" VALUES ( 20916, 100, FALSE, TRUE, 'V1808C', 15510, 12780 );
INSERT INTO "dias_line_groups" VALUES ( 20916, 30 );
INSERT INTO "times" VALUES ( 20916, 12780, '18:56:00', NULL, NULL );
INSERT INTO "times" VALUES ( 20916, 15510, NULL, '18:42:00', 50 );
INSERT INTO "times" VALUES ( 20916, 15520, '18:43:00', '18:43:00', 50 );
INSERT INTO "times" VALUES ( 20916, 15530, '18:45:00', '18:45:00', 50 );
INSERT INTO "times" VALUES ( 20916, 15540, '18:48:00', '18:48:00', 50 );
INSERT INTO "times" VALUES ( 20916, 15550, '18:50:00', '18:50:00', 50 );
INSERT INTO "times" VALUES ( 20916, 15560, '18:51:00', '18:51:00', 50 );
INSERT INTO "times" VALUES ( 20916, 15570, '18:54:00', '18:54:00', 50 );

INSERT INTO "dias" VALUES ( 20917, 100, FALSE, TRUE, 'V1809U', 12780, 15510 );
INSERT INTO "dias_line_groups" VALUES ( 20917, 30 );
INSERT INTO "times" VALUES ( 20917, 12780, NULL, '18:43:00', 50 );
INSERT INTO "times" VALUES ( 20917, 15510, '18:58:00', NULL, NULL );
INSERT INTO "times" VALUES ( 20917, 15520, '18:56:00', '18:56:00', 50 );
INSERT INTO "times" VALUES ( 20917, 15530, '18:54:00', '18:54:00', 50 );
INSERT INTO "times" VALUES ( 20917, 15540, '18:51:00', '18:51:00', 50 );
INSERT INTO "times" VALUES ( 20917, 15550, '18:50:00', '18:50:00', 50 );
INSERT INTO "times" VALUES ( 20917, 15560, '18:48:00', '18:48:00', 50 );
INSERT INTO "times" VALUES ( 20917, 15570, '18:45:00', '18:45:00', 50 );

INSERT INTO "dias" VALUES ( 20918, 100, FALSE, TRUE, 'V1810C', 15510, 12780 );
INSERT INTO "dias_line_groups" VALUES ( 20918, 30 );
INSERT INTO "times" VALUES ( 20918, 12780, '19:06:00', NULL, NULL );
INSERT INTO "times" VALUES ( 20918, 15510, NULL, '18:52:00', 50 );
INSERT INTO "times" VALUES ( 20918, 15520, '18:53:00', '18:53:00', 50 );
INSERT INTO "times" VALUES ( 20918, 15530, '18:55:00', '18:55:00', 50 );
INSERT INTO "times" VALUES ( 20918, 15540, '18:58:00', '18:58:00', 50 );
INSERT INTO "times" VALUES ( 20918, 15550, '19:00:00', '19:00:00', 50 );
INSERT INTO "times" VALUES ( 20918, 15560, '19:01:00', '19:01:00', 50 );
INSERT INTO "times" VALUES ( 20918, 15570, '19:04:00', '19:04:00', 50 );

INSERT INTO "dias" VALUES ( 20919, 100, FALSE, TRUE, 'V1811U', 12780, 15510 );
INSERT INTO "dias_line_groups" VALUES ( 20919, 30 );
INSERT INTO "times" VALUES ( 20919, 12780, NULL, '18:53:00', 50 );
INSERT INTO "times" VALUES ( 20919, 15510, '19:08:00', NULL, NULL );
INSERT INTO "times" VALUES ( 20919, 15520, '19:06:00', '19:06:00', 50 );
INSERT INTO "times" VALUES ( 20919, 15530, '19:04:00', '19:04:00', 50 );
INSERT INTO "times" VALUES ( 20919, 15540, '19:01:00', '19:01:00', 50 );
INSERT INTO "times" VALUES ( 20919, 15550, '18:59:00', '18:59:00', 50 );
INSERT INTO "times" VALUES ( 20919, 15560, '18:58:00', '18:58:00', 50 );
INSERT INTO "times" VALUES ( 20919, 15570, '18:55:00', '18:55:00', 50 );

INSERT INTO "dias" VALUES ( 20920, 100, FALSE, TRUE, 'V1900C', 15510, 12780 );
INSERT INTO "dias_line_groups" VALUES ( 20920, 30 );
INSERT INTO "times" VALUES ( 20920, 12780, '19:16:00', NULL, NULL );
INSERT INTO "times" VALUES ( 20920, 15510, NULL, '19:02:00', 50 );
INSERT INTO "times" VALUES ( 20920, 15520, '19:03:00', '19:03:00', 50 );
INSERT INTO "times" VALUES ( 20920, 15530, '19:05:00', '19:05:00', 50 );
INSERT INTO "times" VALUES ( 20920, 15540, '19:08:00', '19:08:00', 50 );
INSERT INTO "times" VALUES ( 20920, 15550, '19:10:00', '19:10:00', 50 );
INSERT INTO "times" VALUES ( 20920, 15560, '19:11:00', '19:11:00', 50 );
INSERT INTO "times" VALUES ( 20920, 15570, '19:14:00', '19:14:00', 50 );

INSERT INTO "dias" VALUES ( 20921, 100, FALSE, TRUE, 'V1901U', 12780, 15510 );
INSERT INTO "dias_line_groups" VALUES ( 20921, 30 );
INSERT INTO "times" VALUES ( 20921, 12780, NULL, '19:03:00', 50 );
INSERT INTO "times" VALUES ( 20921, 15510, '19:18:00', NULL, NULL );
INSERT INTO "times" VALUES ( 20921, 15520, '19:16:00', '19:16:00', 50 );
INSERT INTO "times" VALUES ( 20921, 15530, '19:14:00', '19:14:00', 50 );
INSERT INTO "times" VALUES ( 20921, 15540, '19:11:00', '19:11:00', 50 );
INSERT INTO "times" VALUES ( 20921, 15550, '19:09:00', '19:09:00', 50 );
INSERT INTO "times" VALUES ( 20921, 15560, '19:08:00', '19:08:00', 50 );
INSERT INTO "times" VALUES ( 20921, 15570, '19:05:00', '19:05:00', 50 );

INSERT INTO "dias" VALUES ( 20922, 100, FALSE, TRUE, 'V1902C', 15510, 12780 );
INSERT INTO "dias_line_groups" VALUES ( 20922, 30 );
INSERT INTO "times" VALUES ( 20922, 12780, '19:26:00', NULL, NULL );
INSERT INTO "times" VALUES ( 20922, 15510, NULL, '19:12:00', 50 );
INSERT INTO "times" VALUES ( 20922, 15520, '19:13:00', '19:13:00', 50 );
INSERT INTO "times" VALUES ( 20922, 15530, '19:15:00', '19:15:00', 50 );
INSERT INTO "times" VALUES ( 20922, 15540, '19:18:00', '19:18:00', 50 );
INSERT INTO "times" VALUES ( 20922, 15550, '19:20:00', '19:20:00', 50 );
INSERT INTO "times" VALUES ( 20922, 15560, '19:21:00', '19:21:00', 50 );
INSERT INTO "times" VALUES ( 20922, 15570, '19:24:00', '19:24:00', 50 );

INSERT INTO "dias" VALUES ( 20923, 100, FALSE, TRUE, 'V1903U', 12780, 15510 );
INSERT INTO "dias_line_groups" VALUES ( 20923, 30 );
INSERT INTO "times" VALUES ( 20923, 12780, NULL, '19:13:00', 50 );
INSERT INTO "times" VALUES ( 20923, 15510, '19:28:00', NULL, NULL );
INSERT INTO "times" VALUES ( 20923, 15520, '19:26:00', '19:26:00', 50 );
INSERT INTO "times" VALUES ( 20923, 15530, '19:24:00', '19:24:00', 50 );
INSERT INTO "times" VALUES ( 20923, 15540, '19:21:00', '19:21:00', 50 );
INSERT INTO "times" VALUES ( 20923, 15550, '19:19:00', '19:19:00', 50 );
INSERT INTO "times" VALUES ( 20923, 15560, '19:18:00', '19:18:00', 50 );
INSERT INTO "times" VALUES ( 20923, 15570, '19:15:00', '19:15:00', 50 );

INSERT INTO "dias" VALUES ( 20924, 100, FALSE, TRUE, 'V1904C', 15510, 12780 );
INSERT INTO "dias_line_groups" VALUES ( 20924, 30 );
INSERT INTO "times" VALUES ( 20924, 12780, '19:36:00', NULL, NULL );
INSERT INTO "times" VALUES ( 20924, 15510, NULL, '19:22:00', 50 );
INSERT INTO "times" VALUES ( 20924, 15520, '19:23:00', '19:23:00', 50 );
INSERT INTO "times" VALUES ( 20924, 15530, '19:25:00', '19:25:00', 50 );
INSERT INTO "times" VALUES ( 20924, 15540, '19:28:00', '19:28:00', 50 );
INSERT INTO "times" VALUES ( 20924, 15550, '19:30:00', '19:30:00', 50 );
INSERT INTO "times" VALUES ( 20924, 15560, '19:31:00', '19:31:00', 50 );
INSERT INTO "times" VALUES ( 20924, 15570, '19:34:00', '19:34:00', 50 );

INSERT INTO "dias" VALUES ( 20925, 100, FALSE, TRUE, 'V1905U', 12780, 15510 );
INSERT INTO "dias_line_groups" VALUES ( 20925, 30 );
INSERT INTO "times" VALUES ( 20925, 12780, NULL, '19:23:00', 50 );
INSERT INTO "times" VALUES ( 20925, 15510, '19:38:00', NULL, NULL );
INSERT INTO "times" VALUES ( 20925, 15520, '19:36:00', '19:36:00', 50 );
INSERT INTO "times" VALUES ( 20925, 15530, '19:34:00', '19:34:00', 50 );
INSERT INTO "times" VALUES ( 20925, 15540, '19:31:00', '19:31:00', 50 );
INSERT INTO "times" VALUES ( 20925, 15550, '19:29:00', '19:29:00', 50 );
INSERT INTO "times" VALUES ( 20925, 15560, '19:28:00', '19:28:00', 50 );
INSERT INTO "times" VALUES ( 20925, 15570, '19:25:00', '19:25:00', 50 );

INSERT INTO "dias" VALUES ( 20926, 100, FALSE, TRUE, 'V1906C', 15510, 12780 );
INSERT INTO "dias_line_groups" VALUES ( 20926, 30 );
INSERT INTO "times" VALUES ( 20926, 12780, '19:46:00', NULL, NULL );
INSERT INTO "times" VALUES ( 20926, 15510, NULL, '19:32:00', 50 );
INSERT INTO "times" VALUES ( 20926, 15520, '19:33:00', '19:33:00', 50 );
INSERT INTO "times" VALUES ( 20926, 15530, '19:35:00', '19:35:00', 50 );
INSERT INTO "times" VALUES ( 20926, 15540, '19:38:00', '19:38:00', 50 );
INSERT INTO "times" VALUES ( 20926, 15550, '19:40:00', '19:40:00', 50 );
INSERT INTO "times" VALUES ( 20926, 15560, '19:41:00', '19:41:00', 50 );
INSERT INTO "times" VALUES ( 20926, 15570, '19:44:00', '19:44:00', 50 );

INSERT INTO "dias" VALUES ( 20927, 100, FALSE, TRUE, 'V1907U', 12780, 15510 );
INSERT INTO "dias_line_groups" VALUES ( 20927, 30 );
INSERT INTO "times" VALUES ( 20927, 12780, NULL, '19:33:00', 50 );
INSERT INTO "times" VALUES ( 20927, 15510, '19:48:00', NULL, NULL );
INSERT INTO "times" VALUES ( 20927, 15520, '19:46:00', '19:46:00', 50 );
INSERT INTO "times" VALUES ( 20927, 15530, '19:44:00', '19:44:00', 50 );
INSERT INTO "times" VALUES ( 20927, 15540, '19:41:00', '19:41:00', 50 );
INSERT INTO "times" VALUES ( 20927, 15550, '19:39:00', '19:39:00', 50 );
INSERT INTO "times" VALUES ( 20927, 15560, '19:38:00', '19:38:00', 50 );
INSERT INTO "times" VALUES ( 20927, 15570, '19:35:00', '19:35:00', 50 );

INSERT INTO "dias" VALUES ( 20928, 100, FALSE, TRUE, 'V1908C', 15510, 12780 );
INSERT INTO "dias_line_groups" VALUES ( 20928, 30 );
INSERT INTO "times" VALUES ( 20928, 12780, '19:56:00', NULL, NULL );
INSERT INTO "times" VALUES ( 20928, 15510, NULL, '19:42:00', 50 );
INSERT INTO "times" VALUES ( 20928, 15520, '19:43:00', '19:43:00', 50 );
INSERT INTO "times" VALUES ( 20928, 15530, '19:45:00', '19:45:00', 50 );
INSERT INTO "times" VALUES ( 20928, 15540, '19:48:00', '19:48:00', 50 );
INSERT INTO "times" VALUES ( 20928, 15550, '19:50:00', '19:50:00', 50 );
INSERT INTO "times" VALUES ( 20928, 15560, '19:51:00', '19:51:00', 50 );
INSERT INTO "times" VALUES ( 20928, 15570, '19:54:00', '19:54:00', 50 );

INSERT INTO "dias" VALUES ( 20929, 100, FALSE, TRUE, 'V1909U', 12780, 15510 );
INSERT INTO "dias_line_groups" VALUES ( 20929, 30 );
INSERT INTO "times" VALUES ( 20929, 12780, NULL, '19:43:00', 50 );
INSERT INTO "times" VALUES ( 20929, 15510, '19:58:00', NULL, NULL );
INSERT INTO "times" VALUES ( 20929, 15520, '19:56:00', '19:56:00', 50 );
INSERT INTO "times" VALUES ( 20929, 15530, '19:54:00', '19:54:00', 50 );
INSERT INTO "times" VALUES ( 20929, 15540, '19:51:00', '19:51:00', 50 );
INSERT INTO "times" VALUES ( 20929, 15550, '19:49:00', '19:49:00', 50 );
INSERT INTO "times" VALUES ( 20929, 15560, '19:48:00', '19:48:00', 50 );
INSERT INTO "times" VALUES ( 20929, 15570, '19:45:00', '19:45:00', 50 );

INSERT INTO "dias" VALUES ( 20930, 100, FALSE, TRUE, 'V1910C', 15510, 12780 );
INSERT INTO "dias_line_groups" VALUES ( 20930, 30 );
INSERT INTO "times" VALUES ( 20930, 12780, '20:06:00', NULL, NULL );
INSERT INTO "times" VALUES ( 20930, 15510, NULL, '19:52:00', 50 );
INSERT INTO "times" VALUES ( 20930, 15520, '19:53:00', '19:53:00', 50 );
INSERT INTO "times" VALUES ( 20930, 15530, '19:55:00', '19:55:00', 50 );
INSERT INTO "times" VALUES ( 20930, 15540, '19:58:00', '19:58:00', 50 );
INSERT INTO "times" VALUES ( 20930, 15550, '20:00:00', '20:00:00', 50 );
INSERT INTO "times" VALUES ( 20930, 15560, '20:01:00', '20:01:00', 50 );
INSERT INTO "times" VALUES ( 20930, 15570, '20:04:00', '20:04:00', 50 );

INSERT INTO "dias" VALUES ( 20931, 100, FALSE, TRUE, 'V1911U', 12780, 15510 );
INSERT INTO "dias_line_groups" VALUES ( 20931, 30 );
INSERT INTO "times" VALUES ( 20931, 12780, NULL, '19:53:00', 50 );
INSERT INTO "times" VALUES ( 20931, 15510, '20:07:00', NULL, NULL );
INSERT INTO "times" VALUES ( 20931, 15520, '20:06:00', '20:06:00', 50 );
INSERT INTO "times" VALUES ( 20931, 15530, '20:03:00', '20:03:00', 50 );
INSERT INTO "times" VALUES ( 20931, 15540, '20:01:00', '20:01:00', 50 );
INSERT INTO "times" VALUES ( 20931, 15550, '19:59:00', '19:59:00', 50 );
INSERT INTO "times" VALUES ( 20931, 15560, '19:57:00', '19:57:00', 50 );
INSERT INTO "times" VALUES ( 20931, 15570, '19:55:00', '19:55:00', 50 );

INSERT INTO "dias" VALUES ( 20932, 100, FALSE, TRUE, 'V2000C', 15510, 12780 );
INSERT INTO "dias_line_groups" VALUES ( 20932, 30 );
INSERT INTO "times" VALUES ( 20932, 12780, '20:16:00', NULL, NULL );
INSERT INTO "times" VALUES ( 20932, 15510, NULL, '20:02:00', 50 );
INSERT INTO "times" VALUES ( 20932, 15520, '20:03:00', '20:03:00', 50 );
INSERT INTO "times" VALUES ( 20932, 15530, '20:05:00', '20:05:00', 50 );
INSERT INTO "times" VALUES ( 20932, 15540, '20:08:00', '20:08:00', 50 );
INSERT INTO "times" VALUES ( 20932, 15550, '20:10:00', '20:10:00', 50 );
INSERT INTO "times" VALUES ( 20932, 15560, '20:11:00', '20:11:00', 50 );
INSERT INTO "times" VALUES ( 20932, 15570, '20:14:00', '20:14:00', 50 );

INSERT INTO "dias" VALUES ( 20933, 100, FALSE, TRUE, 'V2001U', 12780, 15510 );
INSERT INTO "dias_line_groups" VALUES ( 20933, 30 );
INSERT INTO "times" VALUES ( 20933, 12780, NULL, '20:03:00', 50 );
INSERT INTO "times" VALUES ( 20933, 15510, '20:17:00', NULL, NULL );
INSERT INTO "times" VALUES ( 20933, 15520, '20:16:00', '20:16:00', 50 );
INSERT INTO "times" VALUES ( 20933, 15530, '20:13:00', '20:13:00', 50 );
INSERT INTO "times" VALUES ( 20933, 15540, '20:11:00', '20:11:00', 50 );
INSERT INTO "times" VALUES ( 20933, 15550, '20:09:00', '20:09:00', 50 );
INSERT INTO "times" VALUES ( 20933, 15560, '20:07:00', '20:07:00', 50 );
INSERT INTO "times" VALUES ( 20933, 15570, '20:05:00', '20:05:00', 50 );

INSERT INTO "dias" VALUES ( 20934, 100, FALSE, TRUE, 'V2002C', 15510, 12780 );
INSERT INTO "dias_line_groups" VALUES ( 20934, 30 );
INSERT INTO "times" VALUES ( 20934, 12780, '20:26:00', NULL, NULL );
INSERT INTO "times" VALUES ( 20934, 15510, NULL, '20:12:00', 50 );
INSERT INTO "times" VALUES ( 20934, 15520, '20:13:00', '20:13:00', 50 );
INSERT INTO "times" VALUES ( 20934, 15530, '20:15:00', '20:15:00', 50 );
INSERT INTO "times" VALUES ( 20934, 15540, '20:18:00', '20:18:00', 50 );
INSERT INTO "times" VALUES ( 20934, 15550, '20:20:00', '20:20:00', 50 );
INSERT INTO "times" VALUES ( 20934, 15560, '20:21:00', '20:21:00', 50 );
INSERT INTO "times" VALUES ( 20934, 15570, '20:24:00', '20:24:00', 50 );

INSERT INTO "dias" VALUES ( 20935, 100, FALSE, TRUE, 'V2003U', 12780, 15510 );
INSERT INTO "dias_line_groups" VALUES ( 20935, 30 );
INSERT INTO "times" VALUES ( 20935, 12780, NULL, '20:13:00', 50 );
INSERT INTO "times" VALUES ( 20935, 15510, '20:27:00', NULL, NULL );
INSERT INTO "times" VALUES ( 20935, 15520, '20:26:00', '20:26:00', 50 );
INSERT INTO "times" VALUES ( 20935, 15530, '20:23:00', '20:23:00', 50 );
INSERT INTO "times" VALUES ( 20935, 15540, '20:21:00', '20:21:00', 50 );
INSERT INTO "times" VALUES ( 20935, 15550, '20:19:00', '20:19:00', 50 );
INSERT INTO "times" VALUES ( 20935, 15560, '20:17:00', '20:17:00', 50 );
INSERT INTO "times" VALUES ( 20935, 15570, '20:15:00', '20:15:00', 50 );

INSERT INTO "dias" VALUES ( 20936, 100, FALSE, TRUE, 'V2004C', 15510, 12780 );
INSERT INTO "dias_line_groups" VALUES ( 20936, 30 );
INSERT INTO "times" VALUES ( 20936, 12780, '20:36:00', NULL, NULL );
INSERT INTO "times" VALUES ( 20936, 15510, NULL, '20:22:00', 50 );
INSERT INTO "times" VALUES ( 20936, 15520, '20:23:00', '20:23:00', 50 );
INSERT INTO "times" VALUES ( 20936, 15530, '20:25:00', '20:25:00', 50 );
INSERT INTO "times" VALUES ( 20936, 15540, '20:28:00', '20:28:00', 50 );
INSERT INTO "times" VALUES ( 20936, 15550, '20:30:00', '20:30:00', 50 );
INSERT INTO "times" VALUES ( 20936, 15560, '20:31:00', '20:31:00', 50 );
INSERT INTO "times" VALUES ( 20936, 15570, '20:34:00', '20:34:00', 50 );

INSERT INTO "dias" VALUES ( 20937, 100, FALSE, TRUE, 'V2005U', 12780, 15510 );
INSERT INTO "dias_line_groups" VALUES ( 20937, 30 );
INSERT INTO "times" VALUES ( 20937, 12780, NULL, '20:24:00', 50 );
INSERT INTO "times" VALUES ( 20937, 15510, '20:38:00', NULL, NULL );
INSERT INTO "times" VALUES ( 20937, 15520, '20:37:00', '20:37:00', 50 );
INSERT INTO "times" VALUES ( 20937, 15530, '20:34:00', '20:34:00', 50 );
INSERT INTO "times" VALUES ( 20937, 15540, '20:32:00', '20:32:00', 50 );
INSERT INTO "times" VALUES ( 20937, 15550, '20:30:00', '20:30:00', 50 );
INSERT INTO "times" VALUES ( 20937, 15560, '20:28:00', '20:28:00', 50 );
INSERT INTO "times" VALUES ( 20937, 15570, '20:26:00', '20:26:00', 50 );

INSERT INTO "dias" VALUES ( 20938, 100, FALSE, TRUE, 'V2006C', 15510, 12780 );
INSERT INTO "dias_line_groups" VALUES ( 20938, 30 );
INSERT INTO "times" VALUES ( 20938, 12780, '20:46:00', NULL, NULL );
INSERT INTO "times" VALUES ( 20938, 15510, NULL, '20:32:00', 50 );
INSERT INTO "times" VALUES ( 20938, 15520, '20:33:00', '20:33:00', 50 );
INSERT INTO "times" VALUES ( 20938, 15530, '20:35:00', '20:35:00', 50 );
INSERT INTO "times" VALUES ( 20938, 15540, '20:38:00', '20:38:00', 50 );
INSERT INTO "times" VALUES ( 20938, 15550, '20:40:00', '20:40:00', 50 );
INSERT INTO "times" VALUES ( 20938, 15560, '20:41:00', '20:41:00', 50 );
INSERT INTO "times" VALUES ( 20938, 15570, '20:44:00', '20:44:00', 50 );

INSERT INTO "dias" VALUES ( 20939, 100, FALSE, TRUE, 'V2007U', 12780, 15510 );
INSERT INTO "dias_line_groups" VALUES ( 20939, 30 );
INSERT INTO "times" VALUES ( 20939, 12780, NULL, '20:34:00', 50 );
INSERT INTO "times" VALUES ( 20939, 15510, '20:48:00', NULL, NULL );
INSERT INTO "times" VALUES ( 20939, 15520, '20:47:00', '20:47:00', 50 );
INSERT INTO "times" VALUES ( 20939, 15530, '20:44:00', '20:44:00', 50 );
INSERT INTO "times" VALUES ( 20939, 15540, '20:42:00', '20:42:00', 50 );
INSERT INTO "times" VALUES ( 20939, 15550, '20:40:00', '20:40:00', 50 );
INSERT INTO "times" VALUES ( 20939, 15560, '20:38:00', '20:38:00', 50 );
INSERT INTO "times" VALUES ( 20939, 15570, '20:36:00', '20:36:00', 50 );

INSERT INTO "dias" VALUES ( 20940, 100, FALSE, TRUE, 'V2008C', 15510, 12780 );
INSERT INTO "dias_line_groups" VALUES ( 20940, 30 );
INSERT INTO "times" VALUES ( 20940, 12780, '20:56:00', NULL, NULL );
INSERT INTO "times" VALUES ( 20940, 15510, NULL, '20:42:00', 50 );
INSERT INTO "times" VALUES ( 20940, 15520, '20:43:00', '20:43:00', 50 );
INSERT INTO "times" VALUES ( 20940, 15530, '20:45:00', '20:45:00', 50 );
INSERT INTO "times" VALUES ( 20940, 15540, '20:48:00', '20:48:00', 50 );
INSERT INTO "times" VALUES ( 20940, 15550, '20:50:00', '20:50:00', 50 );
INSERT INTO "times" VALUES ( 20940, 15560, '20:51:00', '20:51:00', 50 );
INSERT INTO "times" VALUES ( 20940, 15570, '20:54:00', '20:54:00', 50 );

INSERT INTO "dias" VALUES ( 20941, 100, FALSE, TRUE, 'V2009U', 12780, 15510 );
INSERT INTO "dias_line_groups" VALUES ( 20941, 30 );
INSERT INTO "times" VALUES ( 20941, 12780, NULL, '20:44:00', 50 );
INSERT INTO "times" VALUES ( 20941, 15510, '20:58:00', NULL, NULL );
INSERT INTO "times" VALUES ( 20941, 15520, '20:57:00', '20:57:00', 50 );
INSERT INTO "times" VALUES ( 20941, 15530, '20:54:00', '20:54:00', 50 );
INSERT INTO "times" VALUES ( 20941, 15540, '20:52:00', '20:52:00', 50 );
INSERT INTO "times" VALUES ( 20941, 15550, '20:50:00', '20:50:00', 50 );
INSERT INTO "times" VALUES ( 20941, 15560, '20:48:00', '20:48:00', 50 );
INSERT INTO "times" VALUES ( 20941, 15570, '20:46:00', '20:46:00', 50 );

INSERT INTO "dias" VALUES ( 20942, 100, FALSE, TRUE, 'V2010C', 15510, 12780 );
INSERT INTO "dias_line_groups" VALUES ( 20942, 30 );
INSERT INTO "times" VALUES ( 20942, 12780, '21:06:00', NULL, NULL );
INSERT INTO "times" VALUES ( 20942, 15510, NULL, '20:52:00', 50 );
INSERT INTO "times" VALUES ( 20942, 15520, '20:53:00', '20:53:00', 50 );
INSERT INTO "times" VALUES ( 20942, 15530, '20:55:00', '20:55:00', 50 );
INSERT INTO "times" VALUES ( 20942, 15540, '20:58:00', '20:58:00', 50 );
INSERT INTO "times" VALUES ( 20942, 15550, '21:00:00', '21:00:00', 50 );
INSERT INTO "times" VALUES ( 20942, 15560, '21:01:00', '21:01:00', 50 );
INSERT INTO "times" VALUES ( 20942, 15570, '21:04:00', '21:04:00', 50 );

INSERT INTO "dias" VALUES ( 20943, 100, FALSE, TRUE, 'V2011U', 12780, 15510 );
INSERT INTO "dias_line_groups" VALUES ( 20943, 30 );
INSERT INTO "times" VALUES ( 20943, 12780, NULL, '20:54:00', 50 );
INSERT INTO "times" VALUES ( 20943, 15510, '21:08:00', NULL, NULL );
INSERT INTO "times" VALUES ( 20943, 15520, '21:07:00', '21:07:00', 50 );
INSERT INTO "times" VALUES ( 20943, 15530, '21:04:00', '21:04:00', 50 );
INSERT INTO "times" VALUES ( 20943, 15540, '21:02:00', '21:02:00', 50 );
INSERT INTO "times" VALUES ( 20943, 15550, '21:00:00', '21:00:00', 50 );
INSERT INTO "times" VALUES ( 20943, 15560, '20:58:00', '20:58:00', 50 );
INSERT INTO "times" VALUES ( 20943, 15570, '20:56:00', '20:56:00', 50 );

INSERT INTO "dias" VALUES ( 20944, 100, FALSE, TRUE, 'V2100C', 15510, 12780 );
INSERT INTO "dias_line_groups" VALUES ( 20944, 30 );
INSERT INTO "times" VALUES ( 20944, 12780, '21:16:00', NULL, NULL );
INSERT INTO "times" VALUES ( 20944, 15510, NULL, '21:02:00', 50 );
INSERT INTO "times" VALUES ( 20944, 15520, '21:03:00', '21:03:00', 50 );
INSERT INTO "times" VALUES ( 20944, 15530, '21:05:00', '21:05:00', 50 );
INSERT INTO "times" VALUES ( 20944, 15540, '21:08:00', '21:08:00', 50 );
INSERT INTO "times" VALUES ( 20944, 15550, '21:10:00', '21:10:00', 50 );
INSERT INTO "times" VALUES ( 20944, 15560, '21:11:00', '21:11:00', 50 );
INSERT INTO "times" VALUES ( 20944, 15570, '21:14:00', '21:14:00', 50 );

INSERT INTO "dias" VALUES ( 20945, 100, FALSE, TRUE, 'V2101U', 12780, 15510 );
INSERT INTO "dias_line_groups" VALUES ( 20945, 30 );
INSERT INTO "times" VALUES ( 20945, 12780, NULL, '21:04:00', 50 );
INSERT INTO "times" VALUES ( 20945, 15510, '21:18:00', NULL, NULL );
INSERT INTO "times" VALUES ( 20945, 15520, '21:17:00', '21:17:00', 50 );
INSERT INTO "times" VALUES ( 20945, 15530, '21:14:00', '21:14:00', 50 );
INSERT INTO "times" VALUES ( 20945, 15540, '21:12:00', '21:12:00', 50 );
INSERT INTO "times" VALUES ( 20945, 15550, '21:10:00', '21:10:00', 50 );
INSERT INTO "times" VALUES ( 20945, 15560, '21:08:00', '21:08:00', 50 );
INSERT INTO "times" VALUES ( 20945, 15570, '21:06:00', '21:06:00', 50 );

INSERT INTO "dias" VALUES ( 20946, 100, FALSE, TRUE, 'V2102C', 15510, 12780 );
INSERT INTO "dias_line_groups" VALUES ( 20946, 30 );
INSERT INTO "times" VALUES ( 20946, 12780, '21:26:00', NULL, NULL );
INSERT INTO "times" VALUES ( 20946, 15510, NULL, '21:12:00', 50 );
INSERT INTO "times" VALUES ( 20946, 15520, '21:13:00', '21:13:00', 50 );
INSERT INTO "times" VALUES ( 20946, 15530, '21:15:00', '21:15:00', 50 );
INSERT INTO "times" VALUES ( 20946, 15540, '21:18:00', '21:18:00', 50 );
INSERT INTO "times" VALUES ( 20946, 15550, '21:20:00', '21:20:00', 50 );
INSERT INTO "times" VALUES ( 20946, 15560, '21:21:00', '21:21:00', 50 );
INSERT INTO "times" VALUES ( 20946, 15570, '21:24:00', '21:24:00', 50 );

INSERT INTO "dias" VALUES ( 20947, 100, FALSE, TRUE, 'V2103U', 12780, 15510 );
INSERT INTO "dias_line_groups" VALUES ( 20947, 30 );
INSERT INTO "times" VALUES ( 20947, 12780, NULL, '21:14:00', 50 );
INSERT INTO "times" VALUES ( 20947, 15510, '21:28:00', NULL, NULL );
INSERT INTO "times" VALUES ( 20947, 15520, '21:27:00', '21:27:00', 50 );
INSERT INTO "times" VALUES ( 20947, 15530, '21:24:00', '21:24:00', 50 );
INSERT INTO "times" VALUES ( 20947, 15540, '21:22:00', '21:22:00', 50 );
INSERT INTO "times" VALUES ( 20947, 15550, '21:20:00', '21:20:00', 50 );
INSERT INTO "times" VALUES ( 20947, 15560, '21:18:00', '21:18:00', 50 );
INSERT INTO "times" VALUES ( 20947, 15570, '21:16:00', '21:16:00', 50 );

INSERT INTO "dias" VALUES ( 20948, 100, FALSE, TRUE, 'V2104C', 15510, 12780 );
INSERT INTO "dias_line_groups" VALUES ( 20948, 30 );
INSERT INTO "times" VALUES ( 20948, 12780, '21:36:00', NULL, NULL );
INSERT INTO "times" VALUES ( 20948, 15510, NULL, '21:22:00', 50 );
INSERT INTO "times" VALUES ( 20948, 15520, '21:23:00', '21:23:00', 50 );
INSERT INTO "times" VALUES ( 20948, 15530, '21:25:00', '21:25:00', 50 );
INSERT INTO "times" VALUES ( 20948, 15540, '21:28:00', '21:28:00', 50 );
INSERT INTO "times" VALUES ( 20948, 15550, '21:30:00', '21:30:00', 50 );
INSERT INTO "times" VALUES ( 20948, 15560, '21:31:00', '21:31:00', 50 );
INSERT INTO "times" VALUES ( 20948, 15570, '21:34:00', '21:34:00', 50 );

INSERT INTO "dias" VALUES ( 20949, 100, FALSE, TRUE, 'V2105U', 12780, 15510 );
INSERT INTO "dias_line_groups" VALUES ( 20949, 30 );
INSERT INTO "times" VALUES ( 20949, 12780, NULL, '21:24:00', 50 );
INSERT INTO "times" VALUES ( 20949, 15510, '21:38:00', NULL, NULL );
INSERT INTO "times" VALUES ( 20949, 15520, '21:37:00', '21:37:00', 50 );
INSERT INTO "times" VALUES ( 20949, 15530, '21:34:00', '21:34:00', 50 );
INSERT INTO "times" VALUES ( 20949, 15540, '21:32:00', '21:32:00', 50 );
INSERT INTO "times" VALUES ( 20949, 15550, '21:30:00', '21:30:00', 50 );
INSERT INTO "times" VALUES ( 20949, 15560, '21:28:00', '21:28:00', 50 );
INSERT INTO "times" VALUES ( 20949, 15570, '21:26:00', '21:26:00', 50 );

INSERT INTO "dias" VALUES ( 20950, 100, FALSE, TRUE, 'V2106C', 15510, 12780 );
INSERT INTO "dias_line_groups" VALUES ( 20950, 30 );
INSERT INTO "times" VALUES ( 20950, 12780, '21:46:00', NULL, NULL );
INSERT INTO "times" VALUES ( 20950, 15510, NULL, '21:32:00', 50 );
INSERT INTO "times" VALUES ( 20950, 15520, '21:33:00', '21:33:00', 50 );
INSERT INTO "times" VALUES ( 20950, 15530, '21:35:00', '21:35:00', 50 );
INSERT INTO "times" VALUES ( 20950, 15540, '21:38:00', '21:38:00', 50 );
INSERT INTO "times" VALUES ( 20950, 15550, '21:40:00', '21:40:00', 50 );
INSERT INTO "times" VALUES ( 20950, 15560, '21:41:00', '21:41:00', 50 );
INSERT INTO "times" VALUES ( 20950, 15570, '21:44:00', '21:44:00', 50 );

INSERT INTO "dias" VALUES ( 20951, 100, FALSE, TRUE, 'V2107U', 12780, 15510 );
INSERT INTO "dias_line_groups" VALUES ( 20951, 30 );
INSERT INTO "times" VALUES ( 20951, 12780, NULL, '21:34:00', 50 );
INSERT INTO "times" VALUES ( 20951, 15510, '21:48:00', NULL, NULL );
INSERT INTO "times" VALUES ( 20951, 15520, '21:47:00', '21:47:00', 50 );
INSERT INTO "times" VALUES ( 20951, 15530, '21:44:00', '21:44:00', 50 );
INSERT INTO "times" VALUES ( 20951, 15540, '21:42:00', '21:42:00', 50 );
INSERT INTO "times" VALUES ( 20951, 15550, '21:40:00', '21:40:00', 50 );
INSERT INTO "times" VALUES ( 20951, 15560, '21:38:00', '21:38:00', 50 );
INSERT INTO "times" VALUES ( 20951, 15570, '21:36:00', '21:36:00', 50 );

INSERT INTO "dias" VALUES ( 20952, 100, FALSE, TRUE, 'V2108C', 15510, 12780 );
INSERT INTO "dias_line_groups" VALUES ( 20952, 30 );
INSERT INTO "times" VALUES ( 20952, 12780, '21:56:00', NULL, NULL );
INSERT INTO "times" VALUES ( 20952, 15510, NULL, '21:42:00', 50 );
INSERT INTO "times" VALUES ( 20952, 15520, '21:43:00', '21:43:00', 50 );
INSERT INTO "times" VALUES ( 20952, 15530, '21:45:00', '21:45:00', 50 );
INSERT INTO "times" VALUES ( 20952, 15540, '21:48:00', '21:48:00', 50 );
INSERT INTO "times" VALUES ( 20952, 15550, '21:50:00', '21:50:00', 50 );
INSERT INTO "times" VALUES ( 20952, 15560, '21:51:00', '21:51:00', 50 );
INSERT INTO "times" VALUES ( 20952, 15570, '21:54:00', '21:54:00', 50 );

INSERT INTO "dias" VALUES ( 20953, 100, FALSE, TRUE, 'V2109U', 12780, 15510 );
INSERT INTO "dias_line_groups" VALUES ( 20953, 30 );
INSERT INTO "times" VALUES ( 20953, 12780, NULL, '21:44:00', 50 );
INSERT INTO "times" VALUES ( 20953, 15510, '21:58:00', NULL, NULL );
INSERT INTO "times" VALUES ( 20953, 15520, '21:57:00', '21:57:00', 50 );
INSERT INTO "times" VALUES ( 20953, 15530, '21:54:00', '21:54:00', 50 );
INSERT INTO "times" VALUES ( 20953, 15540, '21:52:00', '21:52:00', 50 );
INSERT INTO "times" VALUES ( 20953, 15550, '21:50:00', '21:50:00', 50 );
INSERT INTO "times" VALUES ( 20953, 15560, '21:48:00', '21:48:00', 50 );
INSERT INTO "times" VALUES ( 20953, 15570, '21:46:00', '21:46:00', 50 );

INSERT INTO "dias" VALUES ( 20954, 100, FALSE, TRUE, 'V2110C', 15510, 12780 );
INSERT INTO "dias_line_groups" VALUES ( 20954, 30 );
INSERT INTO "times" VALUES ( 20954, 12780, '22:06:00', NULL, NULL );
INSERT INTO "times" VALUES ( 20954, 15510, NULL, '21:52:00', 50 );
INSERT INTO "times" VALUES ( 20954, 15520, '21:53:00', '21:53:00', 50 );
INSERT INTO "times" VALUES ( 20954, 15530, '21:55:00', '21:55:00', 50 );
INSERT INTO "times" VALUES ( 20954, 15540, '21:58:00', '21:58:00', 50 );
INSERT INTO "times" VALUES ( 20954, 15550, '22:00:00', '22:00:00', 50 );
INSERT INTO "times" VALUES ( 20954, 15560, '22:01:00', '22:01:00', 50 );
INSERT INTO "times" VALUES ( 20954, 15570, '22:04:00', '22:04:00', 50 );

INSERT INTO "dias" VALUES ( 20955, 100, FALSE, TRUE, 'V2111U', 12780, 15510 );
INSERT INTO "dias_line_groups" VALUES ( 20955, 30 );
INSERT INTO "times" VALUES ( 20955, 12780, NULL, '21:54:00', 50 );
INSERT INTO "times" VALUES ( 20955, 15510, '22:08:00', NULL, NULL );
INSERT INTO "times" VALUES ( 20955, 15520, '22:07:00', '22:07:00', 50 );
INSERT INTO "times" VALUES ( 20955, 15530, '22:04:00', '22:04:00', 50 );
INSERT INTO "times" VALUES ( 20955, 15540, '22:02:00', '22:02:00', 50 );
INSERT INTO "times" VALUES ( 20955, 15550, '22:00:00', '22:00:00', 50 );
INSERT INTO "times" VALUES ( 20955, 15560, '21:58:00', '21:58:00', 50 );
INSERT INTO "times" VALUES ( 20955, 15570, '21:56:00', '21:56:00', 50 );

INSERT INTO "dias" VALUES ( 20956, 100, FALSE, TRUE, 'V2200C', 15510, 12780 );
INSERT INTO "dias_line_groups" VALUES ( 20956, 30 );
INSERT INTO "times" VALUES ( 20956, 12780, '22:16:00', NULL, NULL );
INSERT INTO "times" VALUES ( 20956, 15510, NULL, '22:02:00', 50 );
INSERT INTO "times" VALUES ( 20956, 15520, '22:03:00', '22:03:00', 50 );
INSERT INTO "times" VALUES ( 20956, 15530, '22:05:00', '22:05:00', 50 );
INSERT INTO "times" VALUES ( 20956, 15540, '22:08:00', '22:08:00', 50 );
INSERT INTO "times" VALUES ( 20956, 15550, '22:10:00', '22:10:00', 50 );
INSERT INTO "times" VALUES ( 20956, 15560, '22:11:00', '22:11:00', 50 );
INSERT INTO "times" VALUES ( 20956, 15570, '22:14:00', '22:14:00', 50 );

INSERT INTO "dias" VALUES ( 20957, 100, FALSE, TRUE, 'V2201U', 12780, 15510 );
INSERT INTO "dias_line_groups" VALUES ( 20957, 30 );
INSERT INTO "times" VALUES ( 20957, 12780, NULL, '22:04:00', 50 );
INSERT INTO "times" VALUES ( 20957, 15510, '22:18:00', NULL, NULL );
INSERT INTO "times" VALUES ( 20957, 15520, '22:17:00', '22:17:00', 50 );
INSERT INTO "times" VALUES ( 20957, 15530, '22:14:00', '22:14:00', 50 );
INSERT INTO "times" VALUES ( 20957, 15540, '22:12:00', '22:12:00', 50 );
INSERT INTO "times" VALUES ( 20957, 15550, '22:10:00', '22:10:00', 50 );
INSERT INTO "times" VALUES ( 20957, 15560, '22:08:00', '22:08:00', 50 );
INSERT INTO "times" VALUES ( 20957, 15570, '22:06:00', '22:06:00', 50 );

INSERT INTO "dias" VALUES ( 20958, 100, FALSE, TRUE, 'V2202C', 15510, 12780 );
INSERT INTO "dias_line_groups" VALUES ( 20958, 30 );
INSERT INTO "times" VALUES ( 20958, 12780, '22:26:00', NULL, NULL );
INSERT INTO "times" VALUES ( 20958, 15510, NULL, '22:12:00', 50 );
INSERT INTO "times" VALUES ( 20958, 15520, '22:13:00', '22:13:00', 50 );
INSERT INTO "times" VALUES ( 20958, 15530, '22:15:00', '22:15:00', 50 );
INSERT INTO "times" VALUES ( 20958, 15540, '22:18:00', '22:18:00', 50 );
INSERT INTO "times" VALUES ( 20958, 15550, '22:20:00', '22:20:00', 50 );
INSERT INTO "times" VALUES ( 20958, 15560, '22:21:00', '22:21:00', 50 );
INSERT INTO "times" VALUES ( 20958, 15570, '22:24:00', '22:24:00', 50 );

INSERT INTO "dias" VALUES ( 20959, 100, FALSE, TRUE, 'V2203U', 12780, 15510 );
INSERT INTO "dias_line_groups" VALUES ( 20959, 30 );
INSERT INTO "times" VALUES ( 20959, 12780, NULL, '22:14:00', 50 );
INSERT INTO "times" VALUES ( 20959, 15510, '22:28:00', NULL, NULL );
INSERT INTO "times" VALUES ( 20959, 15520, '22:27:00', '22:27:00', 50 );
INSERT INTO "times" VALUES ( 20959, 15530, '22:24:00', '22:24:00', 50 );
INSERT INTO "times" VALUES ( 20959, 15540, '22:22:00', '22:22:00', 50 );
INSERT INTO "times" VALUES ( 20959, 15550, '22:20:00', '22:20:00', 50 );
INSERT INTO "times" VALUES ( 20959, 15560, '22:18:00', '22:18:00', 50 );
INSERT INTO "times" VALUES ( 20959, 15570, '22:16:00', '22:16:00', 50 );

INSERT INTO "dias" VALUES ( 20960, 100, FALSE, TRUE, 'V2204C', 15510, 12780 );
INSERT INTO "dias_line_groups" VALUES ( 20960, 30 );
INSERT INTO "times" VALUES ( 20960, 12780, '22:36:00', NULL, NULL );
INSERT INTO "times" VALUES ( 20960, 15510, NULL, '22:22:00', 50 );
INSERT INTO "times" VALUES ( 20960, 15520, '22:23:00', '22:23:00', 50 );
INSERT INTO "times" VALUES ( 20960, 15530, '22:25:00', '22:25:00', 50 );
INSERT INTO "times" VALUES ( 20960, 15540, '22:28:00', '22:28:00', 50 );
INSERT INTO "times" VALUES ( 20960, 15550, '22:30:00', '22:30:00', 50 );
INSERT INTO "times" VALUES ( 20960, 15560, '22:31:00', '22:31:00', 50 );
INSERT INTO "times" VALUES ( 20960, 15570, '22:34:00', '22:34:00', 50 );

INSERT INTO "dias" VALUES ( 20961, 100, FALSE, TRUE, 'V2205U', 12780, 15510 );
INSERT INTO "dias_line_groups" VALUES ( 20961, 30 );
INSERT INTO "times" VALUES ( 20961, 12780, NULL, '22:24:00', 50 );
INSERT INTO "times" VALUES ( 20961, 15510, '22:38:00', NULL, NULL );
INSERT INTO "times" VALUES ( 20961, 15520, '22:37:00', '22:37:00', 50 );
INSERT INTO "times" VALUES ( 20961, 15530, '22:34:00', '22:34:00', 50 );
INSERT INTO "times" VALUES ( 20961, 15540, '22:32:00', '22:32:00', 50 );
INSERT INTO "times" VALUES ( 20961, 15550, '22:30:00', '22:30:00', 50 );
INSERT INTO "times" VALUES ( 20961, 15560, '22:28:00', '22:28:00', 50 );
INSERT INTO "times" VALUES ( 20961, 15570, '22:26:00', '22:26:00', 50 );

INSERT INTO "dias" VALUES ( 20962, 100, FALSE, TRUE, 'V2206C', 15510, 12780 );
INSERT INTO "dias_line_groups" VALUES ( 20962, 30 );
INSERT INTO "times" VALUES ( 20962, 12780, '22:47:00', NULL, NULL );
INSERT INTO "times" VALUES ( 20962, 15510, NULL, '22:32:00', 50 );
INSERT INTO "times" VALUES ( 20962, 15520, '22:33:00', '22:33:00', 50 );
INSERT INTO "times" VALUES ( 20962, 15530, '22:36:00', '22:36:00', 50 );
INSERT INTO "times" VALUES ( 20962, 15540, '22:39:00', '22:39:00', 50 );
INSERT INTO "times" VALUES ( 20962, 15550, '22:40:00', '22:40:00', 50 );
INSERT INTO "times" VALUES ( 20962, 15560, '22:42:00', '22:42:00', 50 );
INSERT INTO "times" VALUES ( 20962, 15570, '22:45:00', '22:45:00', 50 );

INSERT INTO "dias" VALUES ( 20963, 100, FALSE, TRUE, 'V2207U', 12780, 15510 );
INSERT INTO "dias_line_groups" VALUES ( 20963, 30 );
INSERT INTO "times" VALUES ( 20963, 12780, NULL, '22:34:00', 50 );
INSERT INTO "times" VALUES ( 20963, 15510, '22:48:00', NULL, NULL );
INSERT INTO "times" VALUES ( 20963, 15520, '22:47:00', '22:47:00', 50 );
INSERT INTO "times" VALUES ( 20963, 15530, '22:44:00', '22:44:00', 50 );
INSERT INTO "times" VALUES ( 20963, 15540, '22:42:00', '22:42:00', 50 );
INSERT INTO "times" VALUES ( 20963, 15550, '22:40:00', '22:40:00', 50 );
INSERT INTO "times" VALUES ( 20963, 15560, '22:38:00', '22:38:00', 50 );
INSERT INTO "times" VALUES ( 20963, 15570, '22:36:00', '22:36:00', 50 );

INSERT INTO "dias" VALUES ( 20964, 100, FALSE, TRUE, 'V2208C', 15510, 12780 );
INSERT INTO "dias_line_groups" VALUES ( 20964, 30 );
INSERT INTO "times" VALUES ( 20964, 12780, '22:56:00', NULL, NULL );
INSERT INTO "times" VALUES ( 20964, 15510, NULL, '22:42:00', 50 );
INSERT INTO "times" VALUES ( 20964, 15520, '22:43:00', '22:43:00', 50 );
INSERT INTO "times" VALUES ( 20964, 15530, '22:45:00', '22:45:00', 50 );
INSERT INTO "times" VALUES ( 20964, 15540, '22:48:00', '22:48:00', 50 );
INSERT INTO "times" VALUES ( 20964, 15550, '22:50:00', '22:50:00', 50 );
INSERT INTO "times" VALUES ( 20964, 15560, '22:51:00', '22:51:00', 50 );
INSERT INTO "times" VALUES ( 20964, 15570, '22:54:00', '22:54:00', 50 );

INSERT INTO "dias" VALUES ( 20965, 100, FALSE, TRUE, 'V2209U', 12780, 15510 );
INSERT INTO "dias_line_groups" VALUES ( 20965, 30 );
INSERT INTO "times" VALUES ( 20965, 12780, NULL, '22:45:00', 50 );
INSERT INTO "times" VALUES ( 20965, 15510, '22:59:00', NULL, NULL );
INSERT INTO "times" VALUES ( 20965, 15520, '22:58:00', '22:58:00', 50 );
INSERT INTO "times" VALUES ( 20965, 15530, '22:55:00', '22:55:00', 50 );
INSERT INTO "times" VALUES ( 20965, 15540, '22:53:00', '22:53:00', 50 );
INSERT INTO "times" VALUES ( 20965, 15550, '22:51:00', '22:51:00', 50 );
INSERT INTO "times" VALUES ( 20965, 15560, '22:49:00', '22:49:00', 50 );
INSERT INTO "times" VALUES ( 20965, 15570, '22:47:00', '22:47:00', 50 );

INSERT INTO "dias" VALUES ( 20966, 100, FALSE, TRUE, 'V2210C', 15510, 12780 );
INSERT INTO "dias_line_groups" VALUES ( 20966, 30 );
INSERT INTO "times" VALUES ( 20966, 12780, '23:06:00', NULL, NULL );
INSERT INTO "times" VALUES ( 20966, 15510, NULL, '22:52:00', 50 );
INSERT INTO "times" VALUES ( 20966, 15520, '22:53:00', '22:53:00', 50 );
INSERT INTO "times" VALUES ( 20966, 15530, '22:55:00', '22:55:00', 50 );
INSERT INTO "times" VALUES ( 20966, 15540, '22:58:00', '22:58:00', 50 );
INSERT INTO "times" VALUES ( 20966, 15550, '23:00:00', '23:00:00', 50 );
INSERT INTO "times" VALUES ( 20966, 15560, '23:01:00', '23:01:00', 50 );
INSERT INTO "times" VALUES ( 20966, 15570, '23:04:00', '23:04:00', 50 );

INSERT INTO "dias" VALUES ( 20967, 100, FALSE, TRUE, 'V2300C', 15510, 12780 );
INSERT INTO "dias_line_groups" VALUES ( 20967, 30 );
INSERT INTO "times" VALUES ( 20967, 12780, '23:16:00', NULL, NULL );
INSERT INTO "times" VALUES ( 20967, 15510, NULL, '23:02:00', 50 );
INSERT INTO "times" VALUES ( 20967, 15520, '23:03:00', '23:03:00', 50 );
INSERT INTO "times" VALUES ( 20967, 15530, '23:06:00', '23:06:00', 50 );
INSERT INTO "times" VALUES ( 20967, 15540, '23:08:00', '23:08:00', 50 );
INSERT INTO "times" VALUES ( 20967, 15550, '23:10:00', '23:10:00', 50 );
INSERT INTO "times" VALUES ( 20967, 15560, '23:12:00', '23:12:00', 50 );
INSERT INTO "times" VALUES ( 20967, 15570, '23:14:00', '23:14:00', 50 );

INSERT INTO "dias" VALUES ( 20968, 100, FALSE, TRUE, 'V2301U', 12780, 15510 );
INSERT INTO "dias_line_groups" VALUES ( 20968, 30 );
INSERT INTO "times" VALUES ( 20968, 12780, NULL, '23:02:00', 50 );
INSERT INTO "times" VALUES ( 20968, 15510, '23:16:00', NULL, NULL );
INSERT INTO "times" VALUES ( 20968, 15520, '23:15:00', '23:15:00', 50 );
INSERT INTO "times" VALUES ( 20968, 15530, '23:12:00', '23:12:00', 50 );
INSERT INTO "times" VALUES ( 20968, 15540, '23:10:00', '23:10:00', 50 );
INSERT INTO "times" VALUES ( 20968, 15550, '23:08:00', '23:08:00', 50 );
INSERT INTO "times" VALUES ( 20968, 15560, '23:06:00', '23:06:00', 50 );
INSERT INTO "times" VALUES ( 20968, 15570, '23:04:00', '23:04:00', 50 );

INSERT INTO "dias" VALUES ( 20969, 100, FALSE, TRUE, 'V2302C', 15510, 12780 );
INSERT INTO "dias_line_groups" VALUES ( 20969, 30 );
INSERT INTO "times" VALUES ( 20969, 12780, '23:35:00', NULL, NULL );
INSERT INTO "times" VALUES ( 20969, 15510, NULL, '23:20:00', 50 );
INSERT INTO "times" VALUES ( 20969, 15520, '23:21:00', '23:21:00', 50 );
INSERT INTO "times" VALUES ( 20969, 15530, '23:24:00', '23:24:00', 50 );
INSERT INTO "times" VALUES ( 20969, 15540, '23:26:00', '23:26:00', 50 );
INSERT INTO "times" VALUES ( 20969, 15550, '23:28:00', '23:28:00', 50 );
INSERT INTO "times" VALUES ( 20969, 15560, '23:30:00', '23:30:00', 50 );
INSERT INTO "times" VALUES ( 20969, 15570, '23:32:00', '23:32:00', 50 );

INSERT INTO "dias" VALUES ( 20970, 100, FALSE, TRUE, 'V2303U', 12780, 15510 );
INSERT INTO "dias_line_groups" VALUES ( 20970, 30 );
INSERT INTO "times" VALUES ( 20970, 12780, NULL, '23:13:00', 50 );
INSERT INTO "times" VALUES ( 20970, 15510, '23:28:00', NULL, NULL );
INSERT INTO "times" VALUES ( 20970, 15520, '23:26:00', '23:26:00', 50 );
INSERT INTO "times" VALUES ( 20970, 15530, '23:24:00', '23:24:00', 50 );
INSERT INTO "times" VALUES ( 20970, 15540, '23:21:00', '23:21:00', 50 );
INSERT INTO "times" VALUES ( 20970, 15550, '23:19:00', '23:19:00', 50 );
INSERT INTO "times" VALUES ( 20970, 15560, '23:18:00', '23:18:00', 50 );
INSERT INTO "times" VALUES ( 20970, 15570, '23:15:00', '23:15:00', 50 );

INSERT INTO "dias" VALUES ( 20971, 100, FALSE, TRUE, 'V2304C', 15510, 12780 );
INSERT INTO "dias_line_groups" VALUES ( 20971, 30 );
INSERT INTO "times" VALUES ( 20971, 12780, '23:54:00', NULL, NULL );
INSERT INTO "times" VALUES ( 20971, 15510, NULL, '23:39:00', 50 );
INSERT INTO "times" VALUES ( 20971, 15520, '23:40:00', '23:40:00', 50 );
INSERT INTO "times" VALUES ( 20971, 15530, '23:43:00', '23:43:00', 50 );
INSERT INTO "times" VALUES ( 20971, 15540, '23:45:00', '23:45:00', 50 );
INSERT INTO "times" VALUES ( 20971, 15550, '23:47:00', '23:47:00', 50 );
INSERT INTO "times" VALUES ( 20971, 15560, '23:49:00', '23:49:00', 50 );
INSERT INTO "times" VALUES ( 20971, 15570, '23:51:00', '23:51:00', 50 );

INSERT INTO "dias" VALUES ( 20972, 100, FALSE, TRUE, 'V2305U', 12780, 15510 );
INSERT INTO "dias_line_groups" VALUES ( 20972, 30 );
INSERT INTO "times" VALUES ( 20972, 12780, NULL, '23:28:00', 50 );
INSERT INTO "times" VALUES ( 20972, 15510, '23:43:00', NULL, NULL );
INSERT INTO "times" VALUES ( 20972, 15520, '23:41:00', '23:41:00', 50 );
INSERT INTO "times" VALUES ( 20972, 15530, '23:39:00', '23:39:00', 50 );
INSERT INTO "times" VALUES ( 20972, 15540, '23:36:00', '23:36:00', 50 );
INSERT INTO "times" VALUES ( 20972, 15550, '23:34:00', '23:34:00', 50 );
INSERT INTO "times" VALUES ( 20972, 15560, '23:33:00', '23:33:00', 50 );
INSERT INTO "times" VALUES ( 20972, 15570, '23:30:00', '23:30:00', 50 );

INSERT INTO "dias" VALUES ( 20973, 100, FALSE, TRUE, 'V2306C', 15510, 12780 );
INSERT INTO "dias_line_groups" VALUES ( 20973, 30 );
INSERT INTO "times" VALUES ( 20973, 12780, '00:04:00', NULL, NULL );
INSERT INTO "times" VALUES ( 20973, 15510, NULL, '23:50:00', 50 );
INSERT INTO "times" VALUES ( 20973, 15520, '23:51:00', '23:51:00', 50 );
INSERT INTO "times" VALUES ( 20973, 15530, '23:53:00', '23:53:00', 50 );
INSERT INTO "times" VALUES ( 20973, 15540, '23:56:00', '23:56:00', 50 );
INSERT INTO "times" VALUES ( 20973, 15550, '23:58:00', '23:58:00', 50 );
INSERT INTO "times" VALUES ( 20973, 15560, '23:59:00', '23:59:00', 50 );
INSERT INTO "times" VALUES ( 20973, 15570, '00:02:00', '00:02:00', 50 );

INSERT INTO "dias" VALUES ( 20974, 100, FALSE, TRUE, 'V2307U', 12780, 15510 );
INSERT INTO "dias_line_groups" VALUES ( 20974, 30 );
INSERT INTO "times" VALUES ( 20974, 12780, NULL, '23:45:00', 50 );
INSERT INTO "times" VALUES ( 20974, 15510, '00:00:00', NULL, NULL );
INSERT INTO "times" VALUES ( 20974, 15520, '23:58:00', '23:58:00', 50 );
INSERT INTO "times" VALUES ( 20974, 15530, '23:56:00', '23:56:00', 50 );
INSERT INTO "times" VALUES ( 20974, 15540, '23:53:00', '23:53:00', 50 );
INSERT INTO "times" VALUES ( 20974, 15550, '23:51:00', '23:51:00', 50 );
INSERT INTO "times" VALUES ( 20974, 15560, '23:50:00', '23:50:00', 50 );
INSERT INTO "times" VALUES ( 20974, 15570, '23:47:00', '23:47:00', 50 );

INSERT INTO "dias" VALUES ( 20975, 100, FALSE, TRUE, 'V2400C', 15510, 12780 );
INSERT INTO "dias_line_groups" VALUES ( 20975, 30 );
INSERT INTO "times" VALUES ( 20975, 12780, '00:22:00', NULL, NULL );
INSERT INTO "times" VALUES ( 20975, 15510, NULL, '00:07:00', 50 );
INSERT INTO "times" VALUES ( 20975, 15520, '00:08:00', '00:08:00', 50 );
INSERT INTO "times" VALUES ( 20975, 15530, '00:11:00', '00:11:00', 50 );
INSERT INTO "times" VALUES ( 20975, 15540, '00:13:00', '00:13:00', 50 );
INSERT INTO "times" VALUES ( 20975, 15550, '00:15:00', '00:15:00', 50 );
INSERT INTO "times" VALUES ( 20975, 15560, '00:17:00', '00:17:00', 50 );
INSERT INTO "times" VALUES ( 20975, 15570, '00:19:00', '00:19:00', 50 );

INSERT INTO "dias" VALUES ( 20976, 100, FALSE, TRUE, 'V2401U', 12780, 15510 );
INSERT INTO "dias_line_groups" VALUES ( 20976, 30 );
INSERT INTO "times" VALUES ( 20976, 12780, NULL, '00:01:00', 50 );
INSERT INTO "times" VALUES ( 20976, 15510, '00:16:00', NULL, NULL );
INSERT INTO "times" VALUES ( 20976, 15520, '00:15:00', '00:15:00', 50 );
INSERT INTO "times" VALUES ( 20976, 15530, '00:12:00', '00:12:00', 50 );
INSERT INTO "times" VALUES ( 20976, 15540, '00:09:00', '00:09:00', 50 );
INSERT INTO "times" VALUES ( 20976, 15550, '00:08:00', '00:08:00', 50 );
INSERT INTO "times" VALUES ( 20976, 15560, '00:06:00', '00:06:00', 50 );
INSERT INTO "times" VALUES ( 20976, 15570, '00:03:00', '00:03:00', 50 );

INSERT INTO "dias" VALUES ( 20977, 100, FALSE, TRUE, 'V2402C', 15510, 12780 );
INSERT INTO "dias_line_groups" VALUES ( 20977, 30 );
INSERT INTO "times" VALUES ( 20977, 12780, '00:34:00', NULL, NULL );
INSERT INTO "times" VALUES ( 20977, 15510, NULL, '00:20:00', 50 );
INSERT INTO "times" VALUES ( 20977, 15520, '00:21:00', '00:21:00', 50 );
INSERT INTO "times" VALUES ( 20977, 15530, '00:23:00', '00:23:00', 50 );
INSERT INTO "times" VALUES ( 20977, 15540, '00:26:00', '00:26:00', 50 );
INSERT INTO "times" VALUES ( 20977, 15550, '00:27:00', '00:27:00', 50 );
INSERT INTO "times" VALUES ( 20977, 15560, '00:29:00', '00:29:00', 50 );
INSERT INTO "times" VALUES ( 20977, 15570, '00:32:00', '00:32:00', 50 );

INSERT INTO "dias" VALUES ( 20978, 100, FALSE, TRUE, 'V2403U', 12780, 15510 );
INSERT INTO "dias_line_groups" VALUES ( 20978, 30 );
INSERT INTO "times" VALUES ( 20978, 12780, NULL, '00:19:00', 50 );
INSERT INTO "times" VALUES ( 20978, 15510, '00:33:00', NULL, NULL );
INSERT INTO "times" VALUES ( 20978, 15520, '00:31:00', '00:31:00', 50 );
INSERT INTO "times" VALUES ( 20978, 15530, '00:29:00', '00:29:00', 50 );
INSERT INTO "times" VALUES ( 20978, 15540, '00:26:00', '00:26:00', 50 );
INSERT INTO "times" VALUES ( 20978, 15550, '00:25:00', '00:25:00', 50 );
INSERT INTO "times" VALUES ( 20978, 15560, '00:23:00', '00:23:00', 50 );
INSERT INTO "times" VALUES ( 20978, 15570, '00:20:00', '00:20:00', 50 );

INSERT INTO "dias" VALUES ( 20979, 100, FALSE, TRUE, 'V2404C', 15510, 12780 );
INSERT INTO "dias_line_groups" VALUES ( 20979, 30 );
INSERT INTO "times" VALUES ( 20979, 12780, '00:49:00', NULL, NULL );
INSERT INTO "times" VALUES ( 20979, 15510, NULL, '00:36:00', 50 );
INSERT INTO "times" VALUES ( 20979, 15520, '00:37:00', '00:37:00', 50 );
INSERT INTO "times" VALUES ( 20979, 15530, '00:39:00', '00:39:00', 50 );
INSERT INTO "times" VALUES ( 20979, 15540, '00:42:00', '00:42:00', 50 );
INSERT INTO "times" VALUES ( 20979, 15550, '00:43:00', '00:43:00', 50 );
INSERT INTO "times" VALUES ( 20979, 15560, '00:45:00', '00:45:00', 50 );
INSERT INTO "times" VALUES ( 20979, 15570, '00:47:00', '00:47:00', 50 );

COMMIT;
