BEGIN;
DELETE FROM "times" WHERE "times"."dia_id" > 18703;
DELETE FROM "dias_line_groups" WHERE "dias_line_groups"."dia_id" > 18703;
DELETE FROM "dias" WHERE "dias"."id" > 18703;
COMMIT;

BEGIN;
DELETE FROM "times" USING "dias" WHERE "times"."dia_id" = "dias"."id" AND "dias"."holiday" = TRUE AND "dias"."weekday" = FALSE;
DELETE FROM "dias_line_groups" USING "dias" WHERE "dias_line_groups"."dia_id" = "dias"."id" AND "dias"."holiday" = TRUE AND "dias"."weekday" = FALSE;
DELETE FROM "dias" WHERE "dias"."holiday" = TRUE AND "dias"."weekday" = FALSE;

INSERT INTO "dias" VALUES ( 18704, 191, FALSE, TRUE, 'A0900Z', 12510, 13520 );
INSERT INTO "dias_line_groups" VALUES ( 18704, 10 );
INSERT INTO "times" VALUES ( 18704, 12510, NULL, '09:00:00', 20 );
INSERT INTO "times" VALUES ( 18704, 12520, '09:01:00', '09:01:00', 20 );
INSERT INTO "times" VALUES ( 18704, 12530, '09:03:00', '09:03:00', 20 );
INSERT INTO "times" VALUES ( 18704, 12540, '09:07:00', '09:07:00', 20 );
INSERT INTO "times" VALUES ( 18704, 12870, '09:42:00', '09:42:00', 20 );
INSERT INTO "times" VALUES ( 18704, 12890, '09:45:00', '09:45:00', 20 );
INSERT INTO "times" VALUES ( 18704, 12900, '09:47:00', '09:47:00', 20 );
INSERT INTO "times" VALUES ( 18704, 13520, '09:50:00', NULL, NULL );

INSERT INTO "dias" VALUES ( 18705, 191, FALSE, TRUE, 'A0902Z', 12510, 13520 );
INSERT INTO "dias_line_groups" VALUES ( 18705, 10 );
INSERT INTO "times" VALUES ( 18705, 12510, NULL, '09:30:00', 20 );
INSERT INTO "times" VALUES ( 18705, 12520, '09:31:00', '09:31:00', 20 );
INSERT INTO "times" VALUES ( 18705, 12530, '09:33:00', '09:33:00', 20 );
INSERT INTO "times" VALUES ( 18705, 12540, '09:37:00', '09:37:00', 20 );
INSERT INTO "times" VALUES ( 18705, 12870, '10:12:00', '10:12:00', 20 );
INSERT INTO "times" VALUES ( 18705, 12890, '10:15:00', '10:15:00', 20 );
INSERT INTO "times" VALUES ( 18705, 12900, '10:17:00', '10:17:00', 20 );
INSERT INTO "times" VALUES ( 18705, 13520, '10:20:00', NULL, NULL );

INSERT INTO "dias" VALUES ( 18706, 191, FALSE, TRUE, 'A1000Z', 12510, 13520 );
INSERT INTO "dias_line_groups" VALUES ( 18706, 10 );
INSERT INTO "times" VALUES ( 18706, 12510, NULL, '10:00:00', 20 );
INSERT INTO "times" VALUES ( 18706, 12520, '10:01:00', '10:01:00', 20 );
INSERT INTO "times" VALUES ( 18706, 12530, '10:03:00', '10:03:00', 20 );
INSERT INTO "times" VALUES ( 18706, 12540, '10:07:00', '10:07:00', 20 );
INSERT INTO "times" VALUES ( 18706, 12870, '10:42:00', '10:42:00', 20 );
INSERT INTO "times" VALUES ( 18706, 12890, '10:45:00', '10:45:00', 20 );
INSERT INTO "times" VALUES ( 18706, 12900, '10:47:00', '10:47:00', 20 );
INSERT INTO "times" VALUES ( 18706, 13520, '10:50:00', NULL, NULL );

INSERT INTO "dias" VALUES ( 18707, 191, FALSE, TRUE, 'A1002Z', 12510, 13520 );
INSERT INTO "dias_line_groups" VALUES ( 18707, 10 );
INSERT INTO "times" VALUES ( 18707, 12510, NULL, '10:30:00', 20 );
INSERT INTO "times" VALUES ( 18707, 12520, '10:31:00', '10:31:00', 20 );
INSERT INTO "times" VALUES ( 18707, 12530, '10:33:00', '10:33:00', 20 );
INSERT INTO "times" VALUES ( 18707, 12540, '10:37:00', '10:37:00', 20 );
INSERT INTO "times" VALUES ( 18707, 12870, '11:12:00', '11:12:00', 20 );
INSERT INTO "times" VALUES ( 18707, 12890, '11:15:00', '11:15:00', 20 );
INSERT INTO "times" VALUES ( 18707, 12900, '11:17:00', '11:17:00', 20 );
INSERT INTO "times" VALUES ( 18707, 13520, '11:20:00', NULL, NULL );

INSERT INTO "dias" VALUES ( 18708, 191, FALSE, TRUE, 'A1100Z', 12510, 13520 );
INSERT INTO "dias_line_groups" VALUES ( 18708, 10 );
INSERT INTO "times" VALUES ( 18708, 12510, NULL, '11:00:00', 20 );
INSERT INTO "times" VALUES ( 18708, 12520, '11:01:00', '11:01:00', 20 );
INSERT INTO "times" VALUES ( 18708, 12530, '11:03:00', '11:03:00', 20 );
INSERT INTO "times" VALUES ( 18708, 12540, '11:07:00', '11:07:00', 20 );
INSERT INTO "times" VALUES ( 18708, 12870, '11:42:00', '11:42:00', 20 );
INSERT INTO "times" VALUES ( 18708, 12890, '11:45:00', '11:45:00', 20 );
INSERT INTO "times" VALUES ( 18708, 12900, '11:47:00', '11:47:00', 20 );
INSERT INTO "times" VALUES ( 18708, 13520, '11:50:00', NULL, NULL );

INSERT INTO "dias" VALUES ( 18709, 191, FALSE, TRUE, 'A1501A', 13520, 12510 );
INSERT INTO "dias_line_groups" VALUES ( 18709, 10 );
INSERT INTO "times" VALUES ( 18709, 12510, '16:34:00', NULL, NULL );
INSERT INTO "times" VALUES ( 18709, 12520, '16:32:00', '16:32:00', 20 );
INSERT INTO "times" VALUES ( 18709, 12530, '16:30:00', '16:30:00', 20 );
INSERT INTO "times" VALUES ( 18709, 12540, '16:25:00', '16:26:00', 20 );
INSERT INTO "times" VALUES ( 18709, 12870, '15:50:00', '15:50:00', 20 );
INSERT INTO "times" VALUES ( 18709, 12890, '15:47:00', '15:47:00', 20 );
INSERT INTO "times" VALUES ( 18709, 12900, '15:46:00', '15:46:00', 20 );
INSERT INTO "times" VALUES ( 18709, 13520, NULL, '15:43:00', 30 );

INSERT INTO "dias" VALUES ( 18710, 191, FALSE, TRUE, 'A1601A', 13520, 12510 );
INSERT INTO "dias_line_groups" VALUES ( 18710, 10 );
INSERT INTO "times" VALUES ( 18710, 12510, '17:04:00', NULL, NULL );
INSERT INTO "times" VALUES ( 18710, 12520, '17:02:00', '17:02:00', 20 );
INSERT INTO "times" VALUES ( 18710, 12530, '17:00:00', '17:00:00', 20 );
INSERT INTO "times" VALUES ( 18710, 12540, '16:55:00', '16:56:00', 20 );
INSERT INTO "times" VALUES ( 18710, 12870, '16:20:00', '16:20:00', 20 );
INSERT INTO "times" VALUES ( 18710, 12890, '16:17:00', '16:17:00', 20 );
INSERT INTO "times" VALUES ( 18710, 12900, '16:16:00', '16:16:00', 20 );
INSERT INTO "times" VALUES ( 18710, 13520, NULL, '16:13:00', 30 );

INSERT INTO "dias" VALUES ( 18711, 191, FALSE, TRUE, 'A1603A', 13520, 12510 );
INSERT INTO "dias_line_groups" VALUES ( 18711, 10 );
INSERT INTO "times" VALUES ( 18711, 12510, '17:34:00', NULL, NULL );
INSERT INTO "times" VALUES ( 18711, 12520, '17:32:00', '17:32:00', 20 );
INSERT INTO "times" VALUES ( 18711, 12530, '17:30:00', '17:30:00', 20 );
INSERT INTO "times" VALUES ( 18711, 12540, '17:25:00', '17:26:00', 20 );
INSERT INTO "times" VALUES ( 18711, 12870, '16:50:00', '16:50:00', 20 );
INSERT INTO "times" VALUES ( 18711, 12890, '16:47:00', '16:47:00', 20 );
INSERT INTO "times" VALUES ( 18711, 12900, '16:46:00', '16:46:00', 20 );
INSERT INTO "times" VALUES ( 18711, 13520, NULL, '16:43:00', 30 );

INSERT INTO "dias" VALUES ( 18712, 191, FALSE, TRUE, 'A1701A', 13520, 12510 );
INSERT INTO "dias_line_groups" VALUES ( 18712, 10 );
INSERT INTO "times" VALUES ( 18712, 12510, '18:04:00', NULL, NULL );
INSERT INTO "times" VALUES ( 18712, 12520, '18:02:00', '18:02:00', 20 );
INSERT INTO "times" VALUES ( 18712, 12530, '18:00:00', '18:00:00', 20 );
INSERT INTO "times" VALUES ( 18712, 12540, '17:55:00', '17:56:00', 20 );
INSERT INTO "times" VALUES ( 18712, 12870, '17:20:00', '17:20:00', 20 );
INSERT INTO "times" VALUES ( 18712, 12890, '17:17:00', '17:17:00', 20 );
INSERT INTO "times" VALUES ( 18712, 12900, '17:16:00', '17:16:00', 20 );
INSERT INTO "times" VALUES ( 18712, 13520, NULL, '17:13:00', 30 );

INSERT INTO "dias" VALUES ( 18713, 191, FALSE, TRUE, 'A1703A', 13520, 12510 );
INSERT INTO "dias_line_groups" VALUES ( 18713, 10 );
INSERT INTO "times" VALUES ( 18713, 12510, '18:34:00', NULL, NULL );
INSERT INTO "times" VALUES ( 18713, 12520, '18:32:00', '18:32:00', 20 );
INSERT INTO "times" VALUES ( 18713, 12530, '18:30:00', '18:30:00', 20 );
INSERT INTO "times" VALUES ( 18713, 12540, '18:25:00', '18:26:00', 20 );
INSERT INTO "times" VALUES ( 18713, 12870, '17:50:00', '17:50:00', 20 );
INSERT INTO "times" VALUES ( 18713, 12890, '17:47:00', '17:47:00', 20 );
INSERT INTO "times" VALUES ( 18713, 12900, '17:46:00', '17:46:00', 20 );
INSERT INTO "times" VALUES ( 18713, 13520, NULL, '17:43:00', 30 );

INSERT INTO "dias" VALUES ( 18714, 180, FALSE, TRUE, 'B0600Z', 12510, 13520 );
INSERT INTO "dias_line_groups" VALUES ( 18714, 10 );
INSERT INTO "times" VALUES ( 18714, 12510, NULL, '06:40:00', 20 );
INSERT INTO "times" VALUES ( 18714, 12520, '06:41:00', '06:41:00', 20 );
INSERT INTO "times" VALUES ( 18714, 12530, '06:43:00', '06:43:00', 20 );
INSERT INTO "times" VALUES ( 18714, 12540, '06:47:00', '06:47:00', 20 );
INSERT INTO "times" VALUES ( 18714, 12710, '07:00:00', '07:01:00', 20 );
INSERT INTO "times" VALUES ( 18714, 12740, '07:07:00', '07:07:00', 20 );
INSERT INTO "times" VALUES ( 18714, 12780, '07:17:00', '07:17:00', 20 );
INSERT INTO "times" VALUES ( 18714, 12800, '07:20:00', '07:20:00', 20 );
INSERT INTO "times" VALUES ( 18714, 12870, '07:26:00', '07:26:00', 20 );
INSERT INTO "times" VALUES ( 18714, 12890, '07:29:00', '07:29:00', 20 );
INSERT INTO "times" VALUES ( 18714, 12900, '07:31:00', '07:31:00', 20 );
INSERT INTO "times" VALUES ( 18714, 13520, '07:34:00', NULL, NULL );

INSERT INTO "dias" VALUES ( 18715, 180, FALSE, TRUE, 'B0601A', 13520, 12510 );
INSERT INTO "dias_line_groups" VALUES ( 18715, 10 );
INSERT INTO "times" VALUES ( 18715, 12510, '07:04:00', NULL, NULL );
INSERT INTO "times" VALUES ( 18715, 12520, '07:02:00', '07:02:00', 20 );
INSERT INTO "times" VALUES ( 18715, 12530, '07:00:00', '07:00:00', 20 );
INSERT INTO "times" VALUES ( 18715, 12540, '06:57:00', '06:57:00', 20 );
INSERT INTO "times" VALUES ( 18715, 12710, '06:42:00', '06:43:00', 20 );
INSERT INTO "times" VALUES ( 18715, 12740, '06:36:00', '06:37:00', 20 );
INSERT INTO "times" VALUES ( 18715, 12780, '06:26:00', '06:26:00', 20 );
INSERT INTO "times" VALUES ( 18715, 12800, '06:23:00', '06:23:00', 20 );
INSERT INTO "times" VALUES ( 18715, 12870, '06:17:00', '06:17:00', 20 );
INSERT INTO "times" VALUES ( 18715, 12890, '06:14:00', '06:14:00', 20 );
INSERT INTO "times" VALUES ( 18715, 12900, '06:13:00', '06:13:00', 20 );
INSERT INTO "times" VALUES ( 18715, 13520, NULL, '06:10:00', 30 );

INSERT INTO "dias" VALUES ( 18716, 180, FALSE, TRUE, 'B0603A', 13520, 12510 );
INSERT INTO "dias_line_groups" VALUES ( 18716, 10 );
INSERT INTO "times" VALUES ( 18716, 12510, '07:24:00', NULL, NULL );
INSERT INTO "times" VALUES ( 18716, 12520, '07:22:00', '07:22:00', 20 );
INSERT INTO "times" VALUES ( 18716, 12530, '07:20:00', '07:20:00', 20 );
INSERT INTO "times" VALUES ( 18716, 12540, '07:16:00', '07:17:00', 20 );
INSERT INTO "times" VALUES ( 18716, 12710, '07:02:00', '07:02:00', 20 );
INSERT INTO "times" VALUES ( 18716, 12740, '06:56:00', '06:56:00', 20 );
INSERT INTO "times" VALUES ( 18716, 12780, '06:46:00', '06:46:00', 20 );
INSERT INTO "times" VALUES ( 18716, 12800, '06:43:00', '06:43:00', 20 );
INSERT INTO "times" VALUES ( 18716, 12870, '06:37:00', '06:37:00', 20 );
INSERT INTO "times" VALUES ( 18716, 12890, '06:34:00', '06:34:00', 20 );
INSERT INTO "times" VALUES ( 18716, 12900, '06:33:00', '06:33:00', 20 );
INSERT INTO "times" VALUES ( 18716, 13520, NULL, '06:30:00', 30 );

INSERT INTO "dias" VALUES ( 18717, 180, FALSE, TRUE, 'B0605A', 13520, 12510 );
INSERT INTO "dias_line_groups" VALUES ( 18717, 10 );
INSERT INTO "times" VALUES ( 18717, 12510, '07:45:00', NULL, NULL );
INSERT INTO "times" VALUES ( 18717, 12520, '07:43:00', '07:43:00', 20 );
INSERT INTO "times" VALUES ( 18717, 12530, '07:41:00', '07:41:00', 20 );
INSERT INTO "times" VALUES ( 18717, 12540, '07:38:00', '07:38:00', 20 );
INSERT INTO "times" VALUES ( 18717, 12710, '07:22:00', '07:23:00', 20 );
INSERT INTO "times" VALUES ( 18717, 12740, '07:17:00', '07:17:00', 20 );
INSERT INTO "times" VALUES ( 18717, 12780, '07:06:00', '07:06:00', 20 );
INSERT INTO "times" VALUES ( 18717, 12800, '07:03:00', '07:03:00', 20 );
INSERT INTO "times" VALUES ( 18717, 12870, '06:57:00', '06:57:00', 20 );
INSERT INTO "times" VALUES ( 18717, 12890, '06:54:00', '06:54:00', 20 );
INSERT INTO "times" VALUES ( 18717, 12900, '06:53:00', '06:53:00', 20 );
INSERT INTO "times" VALUES ( 18717, 13520, NULL, '06:50:00', 30 );

INSERT INTO "dias" VALUES ( 18718, 180, FALSE, TRUE, 'B0700Z', 12510, 13520 );
INSERT INTO "dias_line_groups" VALUES ( 18718, 10 );
INSERT INTO "times" VALUES ( 18718, 12510, NULL, '07:00:00', 20 );
INSERT INTO "times" VALUES ( 18718, 12520, '07:01:00', '07:01:00', 20 );
INSERT INTO "times" VALUES ( 18718, 12530, '07:03:00', '07:03:00', 20 );
INSERT INTO "times" VALUES ( 18718, 12540, '07:07:00', '07:07:00', 20 );
INSERT INTO "times" VALUES ( 18718, 12710, '07:21:00', '07:22:00', 20 );
INSERT INTO "times" VALUES ( 18718, 12740, '07:27:00', '07:27:00', 20 );
INSERT INTO "times" VALUES ( 18718, 12780, '07:38:00', '07:38:00', 20 );
INSERT INTO "times" VALUES ( 18718, 12800, '07:40:00', '07:41:00', 20 );
INSERT INTO "times" VALUES ( 18718, 12870, '07:47:00', '07:47:00', 20 );
INSERT INTO "times" VALUES ( 18718, 12890, '07:49:00', '07:49:00', 20 );
INSERT INTO "times" VALUES ( 18718, 12900, '07:52:00', '07:52:00', 20 );
INSERT INTO "times" VALUES ( 18718, 13520, '07:55:00', NULL, NULL );

INSERT INTO "dias" VALUES ( 18719, 180, FALSE, TRUE, 'B0701A', 13520, 12510 );
INSERT INTO "dias_line_groups" VALUES ( 18719, 10 );
INSERT INTO "times" VALUES ( 18719, 12510, '08:05:00', NULL, NULL );
INSERT INTO "times" VALUES ( 18719, 12520, '08:03:00', '08:03:00', 20 );
INSERT INTO "times" VALUES ( 18719, 12530, '08:01:00', '08:01:00', 20 );
INSERT INTO "times" VALUES ( 18719, 12540, '07:58:00', '07:58:00', 20 );
INSERT INTO "times" VALUES ( 18719, 12710, '07:42:00', '07:43:00', 20 );
INSERT INTO "times" VALUES ( 18719, 12740, '07:37:00', '07:37:00', 20 );
INSERT INTO "times" VALUES ( 18719, 12780, '07:26:00', '07:26:00', 20 );
INSERT INTO "times" VALUES ( 18719, 12800, '07:23:00', '07:23:00', 20 );
INSERT INTO "times" VALUES ( 18719, 12870, '07:17:00', '07:17:00', 20 );
INSERT INTO "times" VALUES ( 18719, 12890, '07:14:00', '07:14:00', 20 );
INSERT INTO "times" VALUES ( 18719, 12900, '07:13:00', '07:13:00', 20 );
INSERT INTO "times" VALUES ( 18719, 13520, NULL, '07:10:00', 30 );

INSERT INTO "dias" VALUES ( 18720, 180, FALSE, TRUE, 'B0702Z', 12510, 13520 );
INSERT INTO "dias_line_groups" VALUES ( 18720, 10 );
INSERT INTO "times" VALUES ( 18720, 12510, NULL, '07:20:00', 20 );
INSERT INTO "times" VALUES ( 18720, 12520, '07:21:00', '07:21:00', 20 );
INSERT INTO "times" VALUES ( 18720, 12530, '07:23:00', '07:23:00', 20 );
INSERT INTO "times" VALUES ( 18720, 12540, '07:27:00', '07:27:00', 20 );
INSERT INTO "times" VALUES ( 18720, 12710, '07:41:00', '07:42:00', 20 );
INSERT INTO "times" VALUES ( 18720, 12740, '07:47:00', '07:47:00', 20 );
INSERT INTO "times" VALUES ( 18720, 12780, '07:57:00', '07:58:00', 20 );
INSERT INTO "times" VALUES ( 18720, 12800, '08:01:00', '08:01:00', 20 );
INSERT INTO "times" VALUES ( 18720, 12870, '08:07:00', '08:07:00', 20 );
INSERT INTO "times" VALUES ( 18720, 12890, '08:09:00', '08:09:00', 20 );
INSERT INTO "times" VALUES ( 18720, 12900, '08:11:00', '08:11:00', 20 );
INSERT INTO "times" VALUES ( 18720, 13520, '08:15:00', NULL, NULL );

INSERT INTO "dias" VALUES ( 18721, 180, FALSE, TRUE, 'B0703A', 13520, 12510 );
INSERT INTO "dias_line_groups" VALUES ( 18721, 10 );
INSERT INTO "times" VALUES ( 18721, 12510, '08:25:00', NULL, NULL );
INSERT INTO "times" VALUES ( 18721, 12520, '08:23:00', '08:23:00', 20 );
INSERT INTO "times" VALUES ( 18721, 12530, '08:22:00', '08:22:00', 20 );
INSERT INTO "times" VALUES ( 18721, 12540, '08:18:00', '08:19:00', 20 );
INSERT INTO "times" VALUES ( 18721, 12710, '08:02:00', '08:03:00', 20 );
INSERT INTO "times" VALUES ( 18721, 12740, '07:57:00', '07:57:00', 20 );
INSERT INTO "times" VALUES ( 18721, 12780, '07:46:00', '07:46:00', 20 );
INSERT INTO "times" VALUES ( 18721, 12800, '07:43:00', '07:43:00', 20 );
INSERT INTO "times" VALUES ( 18721, 12870, '07:37:00', '07:37:00', 20 );
INSERT INTO "times" VALUES ( 18721, 12890, '07:34:00', '07:34:00', 20 );
INSERT INTO "times" VALUES ( 18721, 12900, '07:33:00', '07:33:00', 20 );
INSERT INTO "times" VALUES ( 18721, 13520, NULL, '07:30:00', 30 );

INSERT INTO "dias" VALUES ( 18722, 180, FALSE, TRUE, 'B0704Z', 12510, 13520 );
INSERT INTO "dias_line_groups" VALUES ( 18722, 10 );
INSERT INTO "times" VALUES ( 18722, 12510, NULL, '07:30:00', 20 );
INSERT INTO "times" VALUES ( 18722, 12520, '07:31:00', '07:31:00', 20 );
INSERT INTO "times" VALUES ( 18722, 12530, '07:33:00', '07:33:00', 20 );
INSERT INTO "times" VALUES ( 18722, 12540, '07:37:00', '07:37:00', 20 );
INSERT INTO "times" VALUES ( 18722, 12710, '07:52:00', '07:53:00', 20 );
INSERT INTO "times" VALUES ( 18722, 12740, '07:58:00', '07:58:00', 20 );
INSERT INTO "times" VALUES ( 18722, 12780, '08:09:00', '08:09:00', 20 );
INSERT INTO "times" VALUES ( 18722, 12800, '08:12:00', '08:12:00', 20 );
INSERT INTO "times" VALUES ( 18722, 12870, '08:18:00', '08:18:00', 20 );
INSERT INTO "times" VALUES ( 18722, 12890, '08:20:00', '08:20:00', 20 );
INSERT INTO "times" VALUES ( 18722, 12900, '08:22:00', '08:22:00', 20 );
INSERT INTO "times" VALUES ( 18722, 13520, '08:26:00', NULL, NULL );

INSERT INTO "dias" VALUES ( 18723, 180, FALSE, TRUE, 'B0705A', 13520, 12510 );
INSERT INTO "dias_line_groups" VALUES ( 18723, 10 );
INSERT INTO "times" VALUES ( 18723, 12510, '08:45:00', NULL, NULL );
INSERT INTO "times" VALUES ( 18723, 12520, '08:43:00', '08:43:00', 20 );
INSERT INTO "times" VALUES ( 18723, 12530, '08:41:00', '08:41:00', 20 );
INSERT INTO "times" VALUES ( 18723, 12540, '08:38:00', '08:38:00', 20 );
INSERT INTO "times" VALUES ( 18723, 12710, '08:22:00', '08:23:00', 20 );
INSERT INTO "times" VALUES ( 18723, 12740, '08:17:00', '08:17:00', 20 );
INSERT INTO "times" VALUES ( 18723, 12780, '08:06:00', '08:06:00', 20 );
INSERT INTO "times" VALUES ( 18723, 12800, '08:04:00', '08:04:00', 20 );
INSERT INTO "times" VALUES ( 18723, 12870, '07:57:00', '07:57:00', 20 );
INSERT INTO "times" VALUES ( 18723, 12890, '07:54:00', '07:54:00', 20 );
INSERT INTO "times" VALUES ( 18723, 12900, '07:53:00', '07:53:00', 20 );
INSERT INTO "times" VALUES ( 18723, 13520, NULL, '07:50:00', 30 );

INSERT INTO "dias" VALUES ( 18724, 180, FALSE, TRUE, 'B0706Z', 12510, 13520 );
INSERT INTO "dias_line_groups" VALUES ( 18724, 10 );
INSERT INTO "times" VALUES ( 18724, 12510, NULL, '07:40:00', 20 );
INSERT INTO "times" VALUES ( 18724, 12520, '07:41:00', '07:41:00', 20 );
INSERT INTO "times" VALUES ( 18724, 12530, '07:43:00', '07:43:00', 20 );
INSERT INTO "times" VALUES ( 18724, 12540, '07:47:00', '07:47:00', 20 );
INSERT INTO "times" VALUES ( 18724, 12710, '08:02:00', '08:03:00', 20 );
INSERT INTO "times" VALUES ( 18724, 12740, '08:08:00', '08:08:00', 20 );
INSERT INTO "times" VALUES ( 18724, 12780, '08:19:00', '08:19:00', 20 );
INSERT INTO "times" VALUES ( 18724, 12800, '08:22:00', '08:22:00', 20 );
INSERT INTO "times" VALUES ( 18724, 12870, '08:28:00', '08:28:00', 20 );
INSERT INTO "times" VALUES ( 18724, 12890, '08:30:00', '08:30:00', 20 );
INSERT INTO "times" VALUES ( 18724, 12900, '08:32:00', '08:32:00', 20 );
INSERT INTO "times" VALUES ( 18724, 13520, '08:36:00', NULL, NULL );

INSERT INTO "dias" VALUES ( 18725, 180, FALSE, TRUE, 'B0708Z', 12510, 13520 );
INSERT INTO "dias_line_groups" VALUES ( 18725, 10 );
INSERT INTO "times" VALUES ( 18725, 12510, NULL, '07:50:00', 20 );
INSERT INTO "times" VALUES ( 18725, 12520, '07:51:00', '07:51:00', 20 );
INSERT INTO "times" VALUES ( 18725, 12530, '07:53:00', '07:53:00', 20 );
INSERT INTO "times" VALUES ( 18725, 12540, '07:57:00', '07:57:00', 20 );
INSERT INTO "times" VALUES ( 18725, 12710, '08:12:00', '08:13:00', 20 );
INSERT INTO "times" VALUES ( 18725, 12740, '08:18:00', '08:18:00', 20 );
INSERT INTO "times" VALUES ( 18725, 12780, '08:29:00', '08:29:00', 20 );
INSERT INTO "times" VALUES ( 18725, 12800, '08:32:00', '08:32:00', 20 );
INSERT INTO "times" VALUES ( 18725, 12870, '08:38:00', '08:38:00', 20 );
INSERT INTO "times" VALUES ( 18725, 12890, '08:40:00', '08:40:00', 20 );
INSERT INTO "times" VALUES ( 18725, 12900, '08:42:00', '08:42:00', 20 );
INSERT INTO "times" VALUES ( 18725, 13520, '08:46:00', NULL, NULL );

INSERT INTO "dias" VALUES ( 18726, 180, FALSE, TRUE, 'B0800Z', 12510, 13520 );
INSERT INTO "dias_line_groups" VALUES ( 18726, 10 );
INSERT INTO "times" VALUES ( 18726, 12510, NULL, '08:00:00', 20 );
INSERT INTO "times" VALUES ( 18726, 12520, '08:01:00', '08:01:00', 20 );
INSERT INTO "times" VALUES ( 18726, 12530, '08:03:00', '08:03:00', 20 );
INSERT INTO "times" VALUES ( 18726, 12540, '08:07:00', '08:07:00', 20 );
INSERT INTO "times" VALUES ( 18726, 12710, '08:22:00', '08:23:00', 20 );
INSERT INTO "times" VALUES ( 18726, 12740, '08:28:00', '08:28:00', 20 );
INSERT INTO "times" VALUES ( 18726, 12780, '08:39:00', '08:39:00', 20 );
INSERT INTO "times" VALUES ( 18726, 12800, '08:42:00', '08:42:00', 20 );
INSERT INTO "times" VALUES ( 18726, 12870, '08:48:00', '08:48:00', 20 );
INSERT INTO "times" VALUES ( 18726, 12890, '08:50:00', '08:50:00', 20 );
INSERT INTO "times" VALUES ( 18726, 12900, '08:52:00', '08:52:00', 20 );
INSERT INTO "times" VALUES ( 18726, 13520, '08:56:00', NULL, NULL );

INSERT INTO "dias" VALUES ( 18727, 180, FALSE, TRUE, 'B0801A', 13520, 12510 );
INSERT INTO "dias_line_groups" VALUES ( 18727, 10 );
INSERT INTO "times" VALUES ( 18727, 12510, '08:56:00', NULL, NULL );
INSERT INTO "times" VALUES ( 18727, 12520, '08:54:00', '08:54:00', 20 );
INSERT INTO "times" VALUES ( 18727, 12530, '08:52:00', '08:52:00', 20 );
INSERT INTO "times" VALUES ( 18727, 12540, '08:49:00', '08:49:00', 20 );
INSERT INTO "times" VALUES ( 18727, 12710, '08:33:00', '08:34:00', 20 );
INSERT INTO "times" VALUES ( 18727, 12740, '08:28:00', '08:28:00', 20 );
INSERT INTO "times" VALUES ( 18727, 12780, '08:17:00', '08:17:00', 20 );
INSERT INTO "times" VALUES ( 18727, 12800, '08:14:00', '08:14:00', 20 );
INSERT INTO "times" VALUES ( 18727, 12870, '08:08:00', '08:08:00', 20 );
INSERT INTO "times" VALUES ( 18727, 12890, '08:05:00', '08:05:00', 20 );
INSERT INTO "times" VALUES ( 18727, 12900, '08:04:00', '08:04:00', 20 );
INSERT INTO "times" VALUES ( 18727, 13520, NULL, '08:01:00', 30 );

INSERT INTO "dias" VALUES ( 18728, 180, FALSE, TRUE, 'B0802Z', 12510, 13520 );
INSERT INTO "dias_line_groups" VALUES ( 18728, 10 );
INSERT INTO "times" VALUES ( 18728, 12510, NULL, '08:10:00', 20 );
INSERT INTO "times" VALUES ( 18728, 12520, '08:11:00', '08:11:00', 20 );
INSERT INTO "times" VALUES ( 18728, 12530, '08:13:00', '08:13:00', 20 );
INSERT INTO "times" VALUES ( 18728, 12540, '08:17:00', '08:17:00', 20 );
INSERT INTO "times" VALUES ( 18728, 12710, '08:32:00', '08:33:00', 20 );
INSERT INTO "times" VALUES ( 18728, 12740, '08:38:00', '08:38:00', 20 );
INSERT INTO "times" VALUES ( 18728, 12780, '08:49:00', '08:49:00', 20 );
INSERT INTO "times" VALUES ( 18728, 12800, '08:51:00', '08:51:00', 20 );
INSERT INTO "times" VALUES ( 18728, 12870, '08:57:00', '08:57:00', 20 );
INSERT INTO "times" VALUES ( 18728, 12890, '09:00:00', '09:00:00', 20 );
INSERT INTO "times" VALUES ( 18728, 12900, '09:02:00', '09:02:00', 20 );
INSERT INTO "times" VALUES ( 18728, 13520, '09:06:00', NULL, NULL );

INSERT INTO "dias" VALUES ( 18729, 180, FALSE, TRUE, 'B0803A', 13520, 12510 );
INSERT INTO "dias_line_groups" VALUES ( 18729, 10 );
INSERT INTO "times" VALUES ( 18729, 12510, '09:12:00', NULL, NULL );
INSERT INTO "times" VALUES ( 18729, 12520, '09:10:00', '09:10:00', 20 );
INSERT INTO "times" VALUES ( 18729, 12530, '09:08:00', '09:08:00', 20 );
INSERT INTO "times" VALUES ( 18729, 12540, '09:03:00', '09:05:00', 20 );
INSERT INTO "times" VALUES ( 18729, 12710, '08:46:00', '08:47:00', 20 );
INSERT INTO "times" VALUES ( 18729, 12740, '08:41:00', '08:41:00', 20 );
INSERT INTO "times" VALUES ( 18729, 12780, '08:30:00', '08:30:00', 20 );
INSERT INTO "times" VALUES ( 18729, 12800, '08:26:00', '08:27:00', 20 );
INSERT INTO "times" VALUES ( 18729, 12870, '08:20:00', '08:20:00', 20 );
INSERT INTO "times" VALUES ( 18729, 12890, '08:18:00', '08:18:00', 20 );
INSERT INTO "times" VALUES ( 18729, 12900, '08:16:00', '08:16:00', 20 );
INSERT INTO "times" VALUES ( 18729, 13520, NULL, '08:13:00', 30 );

INSERT INTO "dias" VALUES ( 18730, 180, FALSE, TRUE, 'B0804Z', 12510, 13520 );
INSERT INTO "dias_line_groups" VALUES ( 18730, 10 );
INSERT INTO "times" VALUES ( 18730, 12510, NULL, '08:20:00', 20 );
INSERT INTO "times" VALUES ( 18730, 12520, '08:21:00', '08:21:00', 20 );
INSERT INTO "times" VALUES ( 18730, 12530, '08:23:00', '08:23:00', 20 );
INSERT INTO "times" VALUES ( 18730, 12540, '08:27:00', '08:27:00', 20 );
INSERT INTO "times" VALUES ( 18730, 12710, '08:42:00', '08:43:00', 20 );
INSERT INTO "times" VALUES ( 18730, 12740, '08:48:00', '08:48:00', 20 );
INSERT INTO "times" VALUES ( 18730, 12780, '08:59:00', '08:59:00', 20 );
INSERT INTO "times" VALUES ( 18730, 12800, '09:01:00', '09:01:00', 20 );
INSERT INTO "times" VALUES ( 18730, 12870, '09:07:00', '09:07:00', 20 );
INSERT INTO "times" VALUES ( 18730, 12890, '09:10:00', '09:10:00', 20 );
INSERT INTO "times" VALUES ( 18730, 12900, '09:12:00', '09:12:00', 20 );
INSERT INTO "times" VALUES ( 18730, 13520, '09:16:00', NULL, NULL );

INSERT INTO "dias" VALUES ( 18731, 180, FALSE, TRUE, 'B0805A', 13520, 12510 );
INSERT INTO "dias_line_groups" VALUES ( 18731, 10 );
INSERT INTO "times" VALUES ( 18731, 12510, '09:22:00', NULL, NULL );
INSERT INTO "times" VALUES ( 18731, 12520, '09:20:00', '09:20:00', 20 );
INSERT INTO "times" VALUES ( 18731, 12530, '09:18:00', '09:18:00', 20 );
INSERT INTO "times" VALUES ( 18731, 12540, '09:14:00', '09:15:00', 20 );
INSERT INTO "times" VALUES ( 18731, 12710, '08:57:00', '08:58:00', 20 );
INSERT INTO "times" VALUES ( 18731, 12740, '08:52:00', '08:52:00', 20 );
INSERT INTO "times" VALUES ( 18731, 12780, '08:41:00', '08:41:00', 20 );
INSERT INTO "times" VALUES ( 18731, 12800, '08:37:00', '08:38:00', 20 );
INSERT INTO "times" VALUES ( 18731, 12870, '08:31:00', '08:31:00', 20 );
INSERT INTO "times" VALUES ( 18731, 12890, '08:28:00', '08:28:00', 20 );
INSERT INTO "times" VALUES ( 18731, 12900, '08:27:00', '08:27:00', 20 );
INSERT INTO "times" VALUES ( 18731, 13520, NULL, '08:24:00', 30 );

INSERT INTO "dias" VALUES ( 18732, 180, FALSE, TRUE, 'B0806Z', 12510, 13520 );
INSERT INTO "dias_line_groups" VALUES ( 18732, 10 );
INSERT INTO "times" VALUES ( 18732, 12510, NULL, '08:30:00', 20 );
INSERT INTO "times" VALUES ( 18732, 12520, '08:31:00', '08:31:00', 20 );
INSERT INTO "times" VALUES ( 18732, 12530, '08:33:00', '08:33:00', 20 );
INSERT INTO "times" VALUES ( 18732, 12540, '08:37:00', '08:37:00', 20 );
INSERT INTO "times" VALUES ( 18732, 12710, '08:51:00', '08:52:00', 20 );
INSERT INTO "times" VALUES ( 18732, 12740, '08:56:00', '08:57:00', 20 );
INSERT INTO "times" VALUES ( 18732, 12780, '09:09:00', '09:09:00', 20 );
INSERT INTO "times" VALUES ( 18732, 12800, '09:11:00', '09:11:00', 20 );
INSERT INTO "times" VALUES ( 18732, 12870, '09:17:00', '09:17:00', 20 );
INSERT INTO "times" VALUES ( 18732, 12890, '09:20:00', '09:20:00', 20 );
INSERT INTO "times" VALUES ( 18732, 12900, '09:22:00', '09:22:00', 20 );
INSERT INTO "times" VALUES ( 18732, 13520, '09:25:00', NULL, NULL );

INSERT INTO "dias" VALUES ( 18733, 180, FALSE, TRUE, 'B0807A', 13520, 12510 );
INSERT INTO "dias_line_groups" VALUES ( 18733, 10 );
INSERT INTO "times" VALUES ( 18733, 12510, '09:32:00', NULL, NULL );
INSERT INTO "times" VALUES ( 18733, 12520, '09:30:00', '09:30:00', 20 );
INSERT INTO "times" VALUES ( 18733, 12530, '09:28:00', '09:28:00', 20 );
INSERT INTO "times" VALUES ( 18733, 12540, '09:24:00', '09:25:00', 20 );
INSERT INTO "times" VALUES ( 18733, 12710, '09:07:00', '09:08:00', 20 );
INSERT INTO "times" VALUES ( 18733, 12740, '09:01:00', '09:02:00', 20 );
INSERT INTO "times" VALUES ( 18733, 12780, '08:51:00', '08:51:00', 20 );
INSERT INTO "times" VALUES ( 18733, 12800, '08:48:00', '08:48:00', 20 );
INSERT INTO "times" VALUES ( 18733, 12870, '08:41:00', '08:41:00', 20 );
INSERT INTO "times" VALUES ( 18733, 12890, '08:38:00', '08:38:00', 20 );
INSERT INTO "times" VALUES ( 18733, 12900, '08:37:00', '08:37:00', 20 );
INSERT INTO "times" VALUES ( 18733, 13520, NULL, '08:34:00', 30 );

INSERT INTO "dias" VALUES ( 18734, 180, FALSE, TRUE, 'B0808Z', 12510, 13520 );
INSERT INTO "dias_line_groups" VALUES ( 18734, 10 );
INSERT INTO "times" VALUES ( 18734, 12510, NULL, '08:40:00', 20 );
INSERT INTO "times" VALUES ( 18734, 12520, '08:41:00', '08:41:00', 20 );
INSERT INTO "times" VALUES ( 18734, 12530, '08:43:00', '08:43:00', 20 );
INSERT INTO "times" VALUES ( 18734, 12540, '08:47:00', '08:47:00', 20 );
INSERT INTO "times" VALUES ( 18734, 12710, '09:01:00', '09:02:00', 20 );
INSERT INTO "times" VALUES ( 18734, 12740, '09:08:00', '09:08:00', 20 );
INSERT INTO "times" VALUES ( 18734, 12780, '09:19:00', '09:19:00', 20 );
INSERT INTO "times" VALUES ( 18734, 12800, '09:21:00', '09:21:00', 20 );
INSERT INTO "times" VALUES ( 18734, 12870, '09:27:00', '09:27:00', 20 );
INSERT INTO "times" VALUES ( 18734, 12890, '09:30:00', '09:30:00', 20 );
INSERT INTO "times" VALUES ( 18734, 12900, '09:31:00', '09:32:00', 20 );
INSERT INTO "times" VALUES ( 18734, 13520, '09:36:00', NULL, NULL );

INSERT INTO "dias" VALUES ( 18735, 180, FALSE, TRUE, 'B0809A', 13520, 12510 );
INSERT INTO "dias_line_groups" VALUES ( 18735, 10 );
INSERT INTO "times" VALUES ( 18735, 12510, '09:42:00', NULL, NULL );
INSERT INTO "times" VALUES ( 18735, 12520, '09:40:00', '09:40:00', 20 );
INSERT INTO "times" VALUES ( 18735, 12530, '09:38:00', '09:38:00', 20 );
INSERT INTO "times" VALUES ( 18735, 12540, '09:33:00', '09:35:00', 20 );
INSERT INTO "times" VALUES ( 18735, 12710, '09:17:00', '09:18:00', 20 );
INSERT INTO "times" VALUES ( 18735, 12740, '09:11:00', '09:12:00', 20 );
INSERT INTO "times" VALUES ( 18735, 12780, '09:01:00', '09:01:00', 20 );
INSERT INTO "times" VALUES ( 18735, 12800, '08:58:00', '08:58:00', 20 );
INSERT INTO "times" VALUES ( 18735, 12870, '08:51:00', '08:51:00', 20 );
INSERT INTO "times" VALUES ( 18735, 12890, '08:48:00', '08:48:00', 20 );
INSERT INTO "times" VALUES ( 18735, 12900, '08:47:00', '08:47:00', 20 );
INSERT INTO "times" VALUES ( 18735, 13520, NULL, '08:44:00', 30 );

INSERT INTO "dias" VALUES ( 18736, 180, FALSE, TRUE, 'B0810Z', 12510, 13520 );
INSERT INTO "dias_line_groups" VALUES ( 18736, 10 );
INSERT INTO "times" VALUES ( 18736, 12510, NULL, '08:50:00', 20 );
INSERT INTO "times" VALUES ( 18736, 12520, '08:51:00', '08:51:00', 20 );
INSERT INTO "times" VALUES ( 18736, 12530, '08:53:00', '08:53:00', 20 );
INSERT INTO "times" VALUES ( 18736, 12540, '08:57:00', '08:57:00', 20 );
INSERT INTO "times" VALUES ( 18736, 12710, '09:10:00', '09:11:00', 20 );
INSERT INTO "times" VALUES ( 18736, 12740, '09:17:00', '09:17:00', 20 );
INSERT INTO "times" VALUES ( 18736, 12780, '09:28:00', '09:28:00', 20 );
INSERT INTO "times" VALUES ( 18736, 12800, '09:31:00', '09:31:00', 20 );
INSERT INTO "times" VALUES ( 18736, 12870, '09:37:00', '09:37:00', 20 );
INSERT INTO "times" VALUES ( 18736, 12890, '09:40:00', '09:40:00', 20 );
INSERT INTO "times" VALUES ( 18736, 12900, '09:41:00', '09:42:00', 20 );
INSERT INTO "times" VALUES ( 18736, 13520, '09:46:00', NULL, NULL );

INSERT INTO "dias" VALUES ( 18737, 180, FALSE, TRUE, 'B0811A', 13520, 12510 );
INSERT INTO "dias_line_groups" VALUES ( 18737, 10 );
INSERT INTO "times" VALUES ( 18737, 12510, '09:52:00', NULL, NULL );
INSERT INTO "times" VALUES ( 18737, 12520, '09:50:00', '09:50:00', 20 );
INSERT INTO "times" VALUES ( 18737, 12530, '09:48:00', '09:48:00', 20 );
INSERT INTO "times" VALUES ( 18737, 12540, '09:43:00', '09:45:00', 20 );
INSERT INTO "times" VALUES ( 18737, 12710, '09:27:00', '09:28:00', 20 );
INSERT INTO "times" VALUES ( 18737, 12740, '09:22:00', '09:22:00', 20 );
INSERT INTO "times" VALUES ( 18737, 12780, '09:11:00', '09:11:00', 20 );
INSERT INTO "times" VALUES ( 18737, 12800, '09:08:00', '09:08:00', 20 );
INSERT INTO "times" VALUES ( 18737, 12870, '09:01:00', '09:01:00', 20 );
INSERT INTO "times" VALUES ( 18737, 12890, '08:58:00', '08:58:00', 20 );
INSERT INTO "times" VALUES ( 18737, 12900, '08:57:00', '08:57:00', 20 );
INSERT INTO "times" VALUES ( 18737, 13520, NULL, '08:54:00', 30 );

INSERT INTO "dias" VALUES ( 18738, 180, FALSE, TRUE, 'B0900Z', 12510, 13520 );
INSERT INTO "dias_line_groups" VALUES ( 18738, 10 );
INSERT INTO "times" VALUES ( 18738, 12510, NULL, '09:10:00', 20 );
INSERT INTO "times" VALUES ( 18738, 12520, '09:11:00', '09:11:00', 20 );
INSERT INTO "times" VALUES ( 18738, 12530, '09:13:00', '09:13:00', 20 );
INSERT INTO "times" VALUES ( 18738, 12540, '09:17:00', '09:17:00', 20 );
INSERT INTO "times" VALUES ( 18738, 12710, '09:31:00', '09:32:00', 20 );
INSERT INTO "times" VALUES ( 18738, 12740, '09:38:00', '09:38:00', 20 );
INSERT INTO "times" VALUES ( 18738, 12780, '09:49:00', '09:49:00', 20 );
INSERT INTO "times" VALUES ( 18738, 12800, '09:51:00', '09:51:00', 20 );
INSERT INTO "times" VALUES ( 18738, 12870, '09:58:00', '09:58:00', 20 );
INSERT INTO "times" VALUES ( 18738, 12890, '10:01:00', '10:01:00', 20 );
INSERT INTO "times" VALUES ( 18738, 12900, '10:03:00', '10:03:00', 20 );
INSERT INTO "times" VALUES ( 18738, 13520, '10:06:00', NULL, NULL );

INSERT INTO "dias" VALUES ( 18739, 180, FALSE, TRUE, 'B0901A', 13520, 12510 );
INSERT INTO "dias_line_groups" VALUES ( 18739, 10 );
INSERT INTO "times" VALUES ( 18739, 12510, '10:02:00', NULL, NULL );
INSERT INTO "times" VALUES ( 18739, 12520, '10:00:00', '10:00:00', 20 );
INSERT INTO "times" VALUES ( 18739, 12530, '09:58:00', '09:58:00', 20 );
INSERT INTO "times" VALUES ( 18739, 12540, '09:53:00', '09:55:00', 20 );
INSERT INTO "times" VALUES ( 18739, 12710, '09:37:00', '09:38:00', 20 );
INSERT INTO "times" VALUES ( 18739, 12740, '09:32:00', '09:32:00', 20 );
INSERT INTO "times" VALUES ( 18739, 12780, '09:21:00', '09:21:00', 20 );
INSERT INTO "times" VALUES ( 18739, 12800, '09:18:00', '09:18:00', 20 );
INSERT INTO "times" VALUES ( 18739, 12870, '09:11:00', '09:11:00', 20 );
INSERT INTO "times" VALUES ( 18739, 12890, '09:09:00', '09:09:00', 20 );
INSERT INTO "times" VALUES ( 18739, 12900, '09:07:00', '09:08:00', 20 );
INSERT INTO "times" VALUES ( 18739, 13520, NULL, '09:04:00', 30 );

INSERT INTO "dias" VALUES ( 18740, 180, FALSE, TRUE, 'B0902Z', 12510, 13520 );
INSERT INTO "dias_line_groups" VALUES ( 18740, 10 );
INSERT INTO "times" VALUES ( 18740, 12510, NULL, '09:20:00', 20 );
INSERT INTO "times" VALUES ( 18740, 12520, '09:21:00', '09:21:00', 20 );
INSERT INTO "times" VALUES ( 18740, 12530, '09:23:00', '09:23:00', 20 );
INSERT INTO "times" VALUES ( 18740, 12540, '09:27:00', '09:27:00', 20 );
INSERT INTO "times" VALUES ( 18740, 12710, '09:40:00', '09:41:00', 20 );
INSERT INTO "times" VALUES ( 18740, 12740, '09:47:00', '09:47:00', 20 );
INSERT INTO "times" VALUES ( 18740, 12780, '09:58:00', '09:58:00', 20 );
INSERT INTO "times" VALUES ( 18740, 12800, '10:01:00', '10:01:00', 20 );
INSERT INTO "times" VALUES ( 18740, 12870, '10:07:00', '10:07:00', 20 );
INSERT INTO "times" VALUES ( 18740, 12890, '10:10:00', '10:10:00', 20 );
INSERT INTO "times" VALUES ( 18740, 12900, '10:12:00', '10:13:00', 20 );
INSERT INTO "times" VALUES ( 18740, 13520, '10:16:00', NULL, NULL );

INSERT INTO "dias" VALUES ( 18741, 180, FALSE, TRUE, 'B0903A', 13520, 12510 );
INSERT INTO "dias_line_groups" VALUES ( 18741, 10 );
INSERT INTO "times" VALUES ( 18741, 12510, '10:12:00', NULL, NULL );
INSERT INTO "times" VALUES ( 18741, 12520, '10:10:00', '10:10:00', 20 );
INSERT INTO "times" VALUES ( 18741, 12530, '10:08:00', '10:08:00', 20 );
INSERT INTO "times" VALUES ( 18741, 12540, '10:03:00', '10:05:00', 20 );
INSERT INTO "times" VALUES ( 18741, 12710, '09:47:00', '09:48:00', 20 );
INSERT INTO "times" VALUES ( 18741, 12740, '09:42:00', '09:42:00', 20 );
INSERT INTO "times" VALUES ( 18741, 12780, '09:31:00', '09:31:00', 20 );
INSERT INTO "times" VALUES ( 18741, 12800, '09:28:00', '09:28:00', 20 );
INSERT INTO "times" VALUES ( 18741, 12870, '09:21:00', '09:21:00', 20 );
INSERT INTO "times" VALUES ( 18741, 12890, '09:19:00', '09:19:00', 20 );
INSERT INTO "times" VALUES ( 18741, 12900, '09:17:00', '09:18:00', 20 );
INSERT INTO "times" VALUES ( 18741, 13520, NULL, '09:14:00', 30 );

INSERT INTO "dias" VALUES ( 18742, 180, FALSE, TRUE, 'B0904Z', 12510, 13520 );
INSERT INTO "dias_line_groups" VALUES ( 18742, 10 );
INSERT INTO "times" VALUES ( 18742, 12510, NULL, '09:40:00', 20 );
INSERT INTO "times" VALUES ( 18742, 12520, '09:41:00', '09:41:00', 20 );
INSERT INTO "times" VALUES ( 18742, 12530, '09:43:00', '09:43:00', 20 );
INSERT INTO "times" VALUES ( 18742, 12540, '09:46:00', '09:47:00', 20 );
INSERT INTO "times" VALUES ( 18742, 12710, '10:02:00', '10:02:00', 20 );
INSERT INTO "times" VALUES ( 18742, 12740, '10:07:00', '10:08:00', 20 );
INSERT INTO "times" VALUES ( 18742, 12780, '10:19:00', '10:19:00', 20 );
INSERT INTO "times" VALUES ( 18742, 12800, '10:22:00', '10:22:00', 20 );
INSERT INTO "times" VALUES ( 18742, 12870, '10:28:00', '10:28:00', 20 );
INSERT INTO "times" VALUES ( 18742, 12890, '10:31:00', '10:31:00', 20 );
INSERT INTO "times" VALUES ( 18742, 12900, '10:33:00', '10:33:00', 20 );
INSERT INTO "times" VALUES ( 18742, 13520, '10:36:00', NULL, NULL );

INSERT INTO "dias" VALUES ( 18743, 180, FALSE, TRUE, 'B0905A', 13520, 12510 );
INSERT INTO "dias_line_groups" VALUES ( 18743, 10 );
INSERT INTO "times" VALUES ( 18743, 12510, '10:22:00', NULL, NULL );
INSERT INTO "times" VALUES ( 18743, 12520, '10:20:00', '10:20:00', 20 );
INSERT INTO "times" VALUES ( 18743, 12530, '10:18:00', '10:18:00', 20 );
INSERT INTO "times" VALUES ( 18743, 12540, '10:13:00', '10:15:00', 20 );
INSERT INTO "times" VALUES ( 18743, 12710, '09:57:00', '09:58:00', 20 );
INSERT INTO "times" VALUES ( 18743, 12740, '09:52:00', '09:52:00', 20 );
INSERT INTO "times" VALUES ( 18743, 12780, '09:41:00', '09:41:00', 20 );
INSERT INTO "times" VALUES ( 18743, 12800, '09:38:00', '09:38:00', 20 );
INSERT INTO "times" VALUES ( 18743, 12870, '09:32:00', '09:32:00', 20 );
INSERT INTO "times" VALUES ( 18743, 12890, '09:29:00', '09:29:00', 20 );
INSERT INTO "times" VALUES ( 18743, 12900, '09:27:00', '09:28:00', 20 );
INSERT INTO "times" VALUES ( 18743, 13520, NULL, '09:24:00', 30 );

INSERT INTO "dias" VALUES ( 18744, 180, FALSE, TRUE, 'B0906Z', 12510, 13520 );
INSERT INTO "dias_line_groups" VALUES ( 18744, 10 );
INSERT INTO "times" VALUES ( 18744, 12510, NULL, '09:50:00', 20 );
INSERT INTO "times" VALUES ( 18744, 12520, '09:51:00', '09:51:00', 20 );
INSERT INTO "times" VALUES ( 18744, 12530, '09:53:00', '09:53:00', 20 );
INSERT INTO "times" VALUES ( 18744, 12540, '09:57:00', '09:57:00', 20 );
INSERT INTO "times" VALUES ( 18744, 12710, '10:10:00', '10:11:00', 20 );
INSERT INTO "times" VALUES ( 18744, 12740, '10:17:00', '10:17:00', 20 );
INSERT INTO "times" VALUES ( 18744, 12780, '10:28:00', '10:28:00', 20 );
INSERT INTO "times" VALUES ( 18744, 12800, '10:31:00', '10:31:00', 20 );
INSERT INTO "times" VALUES ( 18744, 12870, '10:37:00', '10:37:00', 20 );
INSERT INTO "times" VALUES ( 18744, 12890, '10:40:00', '10:40:00', 20 );
INSERT INTO "times" VALUES ( 18744, 12900, '10:43:00', '10:43:00', 20 );
INSERT INTO "times" VALUES ( 18744, 13520, '10:46:00', NULL, NULL );

INSERT INTO "dias" VALUES ( 18745, 180, FALSE, TRUE, 'B0907A', 13520, 12510 );
INSERT INTO "dias_line_groups" VALUES ( 18745, 10 );
INSERT INTO "times" VALUES ( 18745, 12510, '10:32:00', NULL, NULL );
INSERT INTO "times" VALUES ( 18745, 12520, '10:30:00', '10:30:00', 20 );
INSERT INTO "times" VALUES ( 18745, 12530, '10:28:00', '10:28:00', 20 );
INSERT INTO "times" VALUES ( 18745, 12540, '10:23:00', '10:25:00', 20 );
INSERT INTO "times" VALUES ( 18745, 12710, '10:07:00', '10:08:00', 20 );
INSERT INTO "times" VALUES ( 18745, 12740, '10:03:00', '10:03:00', 20 );
INSERT INTO "times" VALUES ( 18745, 12780, '09:52:00', '09:52:00', 20 );
INSERT INTO "times" VALUES ( 18745, 12800, '09:49:00', '09:49:00', 20 );
INSERT INTO "times" VALUES ( 18745, 12870, '09:42:00', '09:42:00', 20 );
INSERT INTO "times" VALUES ( 18745, 12890, '09:40:00', '09:40:00', 20 );
INSERT INTO "times" VALUES ( 18745, 12900, '09:37:00', '09:38:00', 20 );
INSERT INTO "times" VALUES ( 18745, 13520, NULL, '09:34:00', 30 );

INSERT INTO "dias" VALUES ( 18746, 180, FALSE, TRUE, 'B0909A', 13520, 12510 );
INSERT INTO "dias_line_groups" VALUES ( 18746, 10 );
INSERT INTO "times" VALUES ( 18746, 12510, '10:42:00', NULL, NULL );
INSERT INTO "times" VALUES ( 18746, 12520, '10:40:00', '10:40:00', 20 );
INSERT INTO "times" VALUES ( 18746, 12530, '10:38:00', '10:38:00', 20 );
INSERT INTO "times" VALUES ( 18746, 12540, '10:33:00', '10:35:00', 20 );
INSERT INTO "times" VALUES ( 18746, 12710, '10:17:00', '10:18:00', 20 );
INSERT INTO "times" VALUES ( 18746, 12740, '10:13:00', '10:13:00', 20 );
INSERT INTO "times" VALUES ( 18746, 12780, '10:02:00', '10:02:00', 20 );
INSERT INTO "times" VALUES ( 18746, 12800, '09:59:00', '09:59:00', 20 );
INSERT INTO "times" VALUES ( 18746, 12870, '09:52:00', '09:52:00', 20 );
INSERT INTO "times" VALUES ( 18746, 12890, '09:50:00', '09:50:00', 20 );
INSERT INTO "times" VALUES ( 18746, 12900, '09:47:00', '09:48:00', 20 );
INSERT INTO "times" VALUES ( 18746, 13520, NULL, '09:44:00', 30 );

INSERT INTO "dias" VALUES ( 18747, 180, FALSE, TRUE, 'B0911A', 13520, 12510 );
INSERT INTO "dias_line_groups" VALUES ( 18747, 10 );
INSERT INTO "times" VALUES ( 18747, 12510, '10:52:00', NULL, NULL );
INSERT INTO "times" VALUES ( 18747, 12520, '10:50:00', '10:50:00', 20 );
INSERT INTO "times" VALUES ( 18747, 12530, '10:48:00', '10:48:00', 20 );
INSERT INTO "times" VALUES ( 18747, 12540, '10:44:00', '10:45:00', 20 );
INSERT INTO "times" VALUES ( 18747, 12710, '10:27:00', '10:28:00', 20 );
INSERT INTO "times" VALUES ( 18747, 12740, '10:23:00', '10:23:00', 20 );
INSERT INTO "times" VALUES ( 18747, 12780, '10:12:00', '10:12:00', 20 );
INSERT INTO "times" VALUES ( 18747, 12800, '10:09:00', '10:09:00', 20 );
INSERT INTO "times" VALUES ( 18747, 12870, '10:02:00', '10:02:00', 20 );
INSERT INTO "times" VALUES ( 18747, 12890, '10:00:00', '10:00:00', 20 );
INSERT INTO "times" VALUES ( 18747, 12900, '09:58:00', '09:58:00', 20 );
INSERT INTO "times" VALUES ( 18747, 13520, NULL, '09:55:00', 30 );

INSERT INTO "dias" VALUES ( 18748, 180, FALSE, TRUE, 'B1000Z', 12510, 13520 );
INSERT INTO "dias_line_groups" VALUES ( 18748, 10 );
INSERT INTO "times" VALUES ( 18748, 12510, NULL, '10:10:00', 20 );
INSERT INTO "times" VALUES ( 18748, 12520, '10:11:00', '10:11:00', 20 );
INSERT INTO "times" VALUES ( 18748, 12530, '10:13:00', '10:13:00', 20 );
INSERT INTO "times" VALUES ( 18748, 12540, '10:16:00', '10:17:00', 20 );
INSERT INTO "times" VALUES ( 18748, 12710, '10:31:00', '10:32:00', 20 );
INSERT INTO "times" VALUES ( 18748, 12740, '10:37:00', '10:37:00', 20 );
INSERT INTO "times" VALUES ( 18748, 12780, '10:49:00', '10:49:00', 20 );
INSERT INTO "times" VALUES ( 18748, 12800, '10:51:00', '10:51:00', 20 );
INSERT INTO "times" VALUES ( 18748, 12870, '10:57:00', '10:57:00', 20 );
INSERT INTO "times" VALUES ( 18748, 12890, '11:00:00', '11:00:00', 20 );
INSERT INTO "times" VALUES ( 18748, 12900, '11:03:00', '11:03:00', 20 );
INSERT INTO "times" VALUES ( 18748, 13520, '11:06:00', NULL, NULL );

INSERT INTO "dias" VALUES ( 18749, 180, FALSE, TRUE, 'B1001A', 13520, 12510 );
INSERT INTO "dias_line_groups" VALUES ( 18749, 10 );
INSERT INTO "times" VALUES ( 18749, 12510, '11:02:00', NULL, NULL );
INSERT INTO "times" VALUES ( 18749, 12520, '11:00:00', '11:00:00', 20 );
INSERT INTO "times" VALUES ( 18749, 12530, '10:58:00', '10:58:00', 20 );
INSERT INTO "times" VALUES ( 18749, 12540, '10:53:00', '10:55:00', 20 );
INSERT INTO "times" VALUES ( 18749, 12710, '10:37:00', '10:38:00', 20 );
INSERT INTO "times" VALUES ( 18749, 12740, '10:33:00', '10:33:00', 20 );
INSERT INTO "times" VALUES ( 18749, 12780, '10:22:00', '10:22:00', 20 );
INSERT INTO "times" VALUES ( 18749, 12800, '10:19:00', '10:19:00', 20 );
INSERT INTO "times" VALUES ( 18749, 12870, '10:12:00', '10:12:00', 20 );
INSERT INTO "times" VALUES ( 18749, 12890, '10:10:00', '10:10:00', 20 );
INSERT INTO "times" VALUES ( 18749, 12900, '10:09:00', '10:09:00', 20 );
INSERT INTO "times" VALUES ( 18749, 13520, NULL, '10:05:00', 30 );

INSERT INTO "dias" VALUES ( 18750, 180, FALSE, TRUE, 'B1002Z', 12510, 13520 );
INSERT INTO "dias_line_groups" VALUES ( 18750, 10 );
INSERT INTO "times" VALUES ( 18750, 12510, NULL, '10:20:00', 20 );
INSERT INTO "times" VALUES ( 18750, 12520, '10:21:00', '10:21:00', 20 );
INSERT INTO "times" VALUES ( 18750, 12530, '10:23:00', '10:23:00', 20 );
INSERT INTO "times" VALUES ( 18750, 12540, '10:27:00', '10:27:00', 20 );
INSERT INTO "times" VALUES ( 18750, 12710, '10:40:00', '10:41:00', 20 );
INSERT INTO "times" VALUES ( 18750, 12740, '10:47:00', '10:47:00', 20 );
INSERT INTO "times" VALUES ( 18750, 12780, '10:58:00', '10:58:00', 20 );
INSERT INTO "times" VALUES ( 18750, 12800, '11:01:00', '11:01:00', 20 );
INSERT INTO "times" VALUES ( 18750, 12870, '11:07:00', '11:07:00', 20 );
INSERT INTO "times" VALUES ( 18750, 12890, '11:10:00', '11:10:00', 20 );
INSERT INTO "times" VALUES ( 18750, 12900, '11:12:00', '11:13:00', 20 );
INSERT INTO "times" VALUES ( 18750, 13520, '11:16:00', NULL, NULL );

INSERT INTO "dias" VALUES ( 18751, 180, FALSE, TRUE, 'B1003A', 13520, 12510 );
INSERT INTO "dias_line_groups" VALUES ( 18751, 10 );
INSERT INTO "times" VALUES ( 18751, 12510, '11:12:00', NULL, NULL );
INSERT INTO "times" VALUES ( 18751, 12520, '11:10:00', '11:10:00', 20 );
INSERT INTO "times" VALUES ( 18751, 12530, '11:08:00', '11:08:00', 20 );
INSERT INTO "times" VALUES ( 18751, 12540, '11:03:00', '11:05:00', 20 );
INSERT INTO "times" VALUES ( 18751, 12710, '10:48:00', '10:49:00', 20 );
INSERT INTO "times" VALUES ( 18751, 12740, '10:43:00', '10:43:00', 20 );
INSERT INTO "times" VALUES ( 18751, 12780, '10:32:00', '10:32:00', 20 );
INSERT INTO "times" VALUES ( 18751, 12800, '10:29:00', '10:29:00', 20 );
INSERT INTO "times" VALUES ( 18751, 12870, '10:22:00', '10:22:00', 20 );
INSERT INTO "times" VALUES ( 18751, 12890, '10:20:00', '10:20:00', 20 );
INSERT INTO "times" VALUES ( 18751, 12900, '10:17:00', '10:19:00', 20 );
INSERT INTO "times" VALUES ( 18751, 13520, NULL, '10:14:00', 30 );

INSERT INTO "dias" VALUES ( 18752, 180, FALSE, TRUE, 'B1004Z', 12510, 13520 );
INSERT INTO "dias_line_groups" VALUES ( 18752, 10 );
INSERT INTO "times" VALUES ( 18752, 12510, NULL, '10:40:00', 20 );
INSERT INTO "times" VALUES ( 18752, 12520, '10:41:00', '10:41:00', 20 );
INSERT INTO "times" VALUES ( 18752, 12530, '10:43:00', '10:43:00', 20 );
INSERT INTO "times" VALUES ( 18752, 12540, '10:46:00', '10:47:00', 20 );
INSERT INTO "times" VALUES ( 18752, 12710, '11:01:00', '11:02:00', 20 );
INSERT INTO "times" VALUES ( 18752, 12740, '11:07:00', '11:07:00', 20 );
INSERT INTO "times" VALUES ( 18752, 12780, '11:19:00', '11:19:00', 20 );
INSERT INTO "times" VALUES ( 18752, 12800, '11:21:00', '11:21:00', 20 );
INSERT INTO "times" VALUES ( 18752, 12870, '11:27:00', '11:27:00', 20 );
INSERT INTO "times" VALUES ( 18752, 12890, '11:30:00', '11:30:00', 20 );
INSERT INTO "times" VALUES ( 18752, 12900, '11:33:00', '11:33:00', 20 );
INSERT INTO "times" VALUES ( 18752, 13520, '11:36:00', NULL, NULL );

INSERT INTO "dias" VALUES ( 18753, 180, FALSE, TRUE, 'B1005A', 13520, 12510 );
INSERT INTO "dias_line_groups" VALUES ( 18753, 10 );
INSERT INTO "times" VALUES ( 18753, 12510, '11:22:00', NULL, NULL );
INSERT INTO "times" VALUES ( 18753, 12520, '11:20:00', '11:20:00', 20 );
INSERT INTO "times" VALUES ( 18753, 12530, '11:18:00', '11:18:00', 20 );
INSERT INTO "times" VALUES ( 18753, 12540, '11:14:00', '11:15:00', 20 );
INSERT INTO "times" VALUES ( 18753, 12710, '10:58:00', '10:59:00', 20 );
INSERT INTO "times" VALUES ( 18753, 12740, '10:53:00', '10:53:00', 20 );
INSERT INTO "times" VALUES ( 18753, 12780, '10:42:00', '10:42:00', 20 );
INSERT INTO "times" VALUES ( 18753, 12800, '10:39:00', '10:39:00', 20 );
INSERT INTO "times" VALUES ( 18753, 12870, '10:32:00', '10:32:00', 20 );
INSERT INTO "times" VALUES ( 18753, 12890, '10:30:00', '10:30:00', 20 );
INSERT INTO "times" VALUES ( 18753, 12900, '10:28:00', '10:29:00', 20 );
INSERT INTO "times" VALUES ( 18753, 13520, NULL, '10:25:00', 30 );

INSERT INTO "dias" VALUES ( 18754, 180, FALSE, TRUE, 'B1006Z', 12510, 13520 );
INSERT INTO "dias_line_groups" VALUES ( 18754, 10 );
INSERT INTO "times" VALUES ( 18754, 12510, NULL, '10:50:00', 20 );
INSERT INTO "times" VALUES ( 18754, 12520, '10:51:00', '10:51:00', 20 );
INSERT INTO "times" VALUES ( 18754, 12530, '10:53:00', '10:53:00', 20 );
INSERT INTO "times" VALUES ( 18754, 12540, '10:57:00', '10:57:00', 20 );
INSERT INTO "times" VALUES ( 18754, 12710, '11:10:00', '11:11:00', 20 );
INSERT INTO "times" VALUES ( 18754, 12740, '11:17:00', '11:17:00', 20 );
INSERT INTO "times" VALUES ( 18754, 12780, '11:28:00', '11:28:00', 20 );
INSERT INTO "times" VALUES ( 18754, 12800, '11:31:00', '11:31:00', 20 );
INSERT INTO "times" VALUES ( 18754, 12870, '11:37:00', '11:37:00', 20 );
INSERT INTO "times" VALUES ( 18754, 12890, '11:40:00', '11:40:00', 20 );
INSERT INTO "times" VALUES ( 18754, 12900, '11:42:00', '11:43:00', 20 );
INSERT INTO "times" VALUES ( 18754, 13520, '11:46:00', NULL, NULL );

INSERT INTO "dias" VALUES ( 18755, 180, FALSE, TRUE, 'B1007A', 13520, 12510 );
INSERT INTO "dias_line_groups" VALUES ( 18755, 10 );
INSERT INTO "times" VALUES ( 18755, 12510, '11:32:00', NULL, NULL );
INSERT INTO "times" VALUES ( 18755, 12520, '11:30:00', '11:30:00', 20 );
INSERT INTO "times" VALUES ( 18755, 12530, '11:28:00', '11:28:00', 20 );
INSERT INTO "times" VALUES ( 18755, 12540, '11:24:00', '11:25:00', 20 );
INSERT INTO "times" VALUES ( 18755, 12710, '11:08:00', '11:09:00', 20 );
INSERT INTO "times" VALUES ( 18755, 12740, '11:03:00', '11:03:00', 20 );
INSERT INTO "times" VALUES ( 18755, 12780, '10:51:00', '10:52:00', 20 );
INSERT INTO "times" VALUES ( 18755, 12800, '10:49:00', '10:49:00', 20 );
INSERT INTO "times" VALUES ( 18755, 12870, '10:42:00', '10:42:00', 20 );
INSERT INTO "times" VALUES ( 18755, 12890, '10:40:00', '10:40:00', 20 );
INSERT INTO "times" VALUES ( 18755, 12900, '10:38:00', '10:39:00', 20 );
INSERT INTO "times" VALUES ( 18755, 13520, NULL, '10:35:00', 30 );

INSERT INTO "dias" VALUES ( 18756, 180, FALSE, TRUE, 'B1009A', 13520, 12510 );
INSERT INTO "dias_line_groups" VALUES ( 18756, 10 );
INSERT INTO "times" VALUES ( 18756, 12510, '11:42:00', NULL, NULL );
INSERT INTO "times" VALUES ( 18756, 12520, '11:40:00', '11:40:00', 20 );
INSERT INTO "times" VALUES ( 18756, 12530, '11:38:00', '11:38:00', 20 );
INSERT INTO "times" VALUES ( 18756, 12540, '11:34:00', '11:35:00', 20 );
INSERT INTO "times" VALUES ( 18756, 12710, '11:18:00', '11:19:00', 20 );
INSERT INTO "times" VALUES ( 18756, 12740, '11:13:00', '11:13:00', 20 );
INSERT INTO "times" VALUES ( 18756, 12780, '11:02:00', '11:02:00', 20 );
INSERT INTO "times" VALUES ( 18756, 12800, '10:59:00', '10:59:00', 20 );
INSERT INTO "times" VALUES ( 18756, 12870, '10:52:00', '10:52:00', 20 );
INSERT INTO "times" VALUES ( 18756, 12890, '10:50:00', '10:50:00', 20 );
INSERT INTO "times" VALUES ( 18756, 12900, '10:47:00', '10:49:00', 20 );
INSERT INTO "times" VALUES ( 18756, 13520, NULL, '10:44:00', 30 );

INSERT INTO "dias" VALUES ( 18757, 180, FALSE, TRUE, 'B1011A', 13520, 12510 );
INSERT INTO "dias_line_groups" VALUES ( 18757, 10 );
INSERT INTO "times" VALUES ( 18757, 12510, '11:52:00', NULL, NULL );
INSERT INTO "times" VALUES ( 18757, 12520, '11:50:00', '11:50:00', 20 );
INSERT INTO "times" VALUES ( 18757, 12530, '11:48:00', '11:48:00', 20 );
INSERT INTO "times" VALUES ( 18757, 12540, '11:44:00', '11:45:00', 20 );
INSERT INTO "times" VALUES ( 18757, 12710, '11:28:00', '11:29:00', 20 );
INSERT INTO "times" VALUES ( 18757, 12740, '11:23:00', '11:23:00', 20 );
INSERT INTO "times" VALUES ( 18757, 12780, '11:12:00', '11:12:00', 20 );
INSERT INTO "times" VALUES ( 18757, 12800, '11:09:00', '11:09:00', 20 );
INSERT INTO "times" VALUES ( 18757, 12870, '11:02:00', '11:02:00', 20 );
INSERT INTO "times" VALUES ( 18757, 12890, '11:00:00', '11:00:00', 20 );
INSERT INTO "times" VALUES ( 18757, 12900, '10:58:00', '10:59:00', 20 );
INSERT INTO "times" VALUES ( 18757, 13520, NULL, '10:55:00', 30 );

INSERT INTO "dias" VALUES ( 18758, 180, FALSE, TRUE, 'B1100Z', 12510, 13520 );
INSERT INTO "dias_line_groups" VALUES ( 18758, 10 );
INSERT INTO "times" VALUES ( 18758, 12510, NULL, '11:10:00', 20 );
INSERT INTO "times" VALUES ( 18758, 12520, '11:11:00', '11:11:00', 20 );
INSERT INTO "times" VALUES ( 18758, 12530, '11:14:00', '11:14:00', 20 );
INSERT INTO "times" VALUES ( 18758, 12540, '11:17:00', '11:17:00', 20 );
INSERT INTO "times" VALUES ( 18758, 12710, '11:32:00', '11:33:00', 20 );
INSERT INTO "times" VALUES ( 18758, 12740, '11:38:00', '11:38:00', 20 );
INSERT INTO "times" VALUES ( 18758, 12780, '11:49:00', '11:49:00', 20 );
INSERT INTO "times" VALUES ( 18758, 12800, '11:52:00', '11:52:00', 20 );
INSERT INTO "times" VALUES ( 18758, 12870, '11:58:00', '11:58:00', 20 );
INSERT INTO "times" VALUES ( 18758, 12890, '12:01:00', '12:01:00', 20 );
INSERT INTO "times" VALUES ( 18758, 12900, '12:02:00', '12:03:00', 20 );
INSERT INTO "times" VALUES ( 18758, 13520, '12:06:00', NULL, NULL );

INSERT INTO "dias" VALUES ( 18759, 180, FALSE, TRUE, 'B1101A', 13520, 12510 );
INSERT INTO "dias_line_groups" VALUES ( 18759, 10 );
INSERT INTO "times" VALUES ( 18759, 12510, '12:02:00', NULL, NULL );
INSERT INTO "times" VALUES ( 18759, 12520, '12:00:00', '12:00:00', 20 );
INSERT INTO "times" VALUES ( 18759, 12530, '11:58:00', '11:58:00', 20 );
INSERT INTO "times" VALUES ( 18759, 12540, '11:54:00', '11:55:00', 20 );
INSERT INTO "times" VALUES ( 18759, 12710, '11:38:00', '11:39:00', 20 );
INSERT INTO "times" VALUES ( 18759, 12740, '11:33:00', '11:33:00', 20 );
INSERT INTO "times" VALUES ( 18759, 12780, '11:21:00', '11:22:00', 20 );
INSERT INTO "times" VALUES ( 18759, 12800, '11:19:00', '11:19:00', 20 );
INSERT INTO "times" VALUES ( 18759, 12870, '11:12:00', '11:12:00', 20 );
INSERT INTO "times" VALUES ( 18759, 12890, '11:10:00', '11:10:00', 20 );
INSERT INTO "times" VALUES ( 18759, 12900, '11:08:00', '11:09:00', 20 );
INSERT INTO "times" VALUES ( 18759, 13520, NULL, '11:05:00', 30 );

INSERT INTO "dias" VALUES ( 18760, 180, FALSE, TRUE, 'B1102Z', 12510, 13520 );
INSERT INTO "dias_line_groups" VALUES ( 18760, 10 );
INSERT INTO "times" VALUES ( 18760, 12510, NULL, '11:20:00', 20 );
INSERT INTO "times" VALUES ( 18760, 12520, '11:21:00', '11:21:00', 20 );
INSERT INTO "times" VALUES ( 18760, 12530, '11:24:00', '11:24:00', 20 );
INSERT INTO "times" VALUES ( 18760, 12540, '11:26:00', '11:28:00', 20 );
INSERT INTO "times" VALUES ( 18760, 12710, '11:41:00', '11:42:00', 20 );
INSERT INTO "times" VALUES ( 18760, 12740, '11:47:00', '11:48:00', 20 );
INSERT INTO "times" VALUES ( 18760, 12780, '11:59:00', '11:59:00', 20 );
INSERT INTO "times" VALUES ( 18760, 12800, '12:01:00', '12:01:00', 20 );
INSERT INTO "times" VALUES ( 18760, 12870, '12:07:00', '12:07:00', 20 );
INSERT INTO "times" VALUES ( 18760, 12890, '12:10:00', '12:10:00', 20 );
INSERT INTO "times" VALUES ( 18760, 12900, '12:12:00', '12:12:00', 20 );
INSERT INTO "times" VALUES ( 18760, 13520, '12:15:00', NULL, NULL );

INSERT INTO "dias" VALUES ( 18761, 180, FALSE, TRUE, 'B1103A', 13520, 12510 );
INSERT INTO "dias_line_groups" VALUES ( 18761, 10 );
INSERT INTO "times" VALUES ( 18761, 12510, '12:12:00', NULL, NULL );
INSERT INTO "times" VALUES ( 18761, 12520, '12:10:00', '12:10:00', 20 );
INSERT INTO "times" VALUES ( 18761, 12530, '12:08:00', '12:08:00', 20 );
INSERT INTO "times" VALUES ( 18761, 12540, '12:04:00', '12:05:00', 20 );
INSERT INTO "times" VALUES ( 18761, 12710, '11:48:00', '11:49:00', 20 );
INSERT INTO "times" VALUES ( 18761, 12740, '11:43:00', '11:43:00', 20 );
INSERT INTO "times" VALUES ( 18761, 12780, '11:32:00', '11:32:00', 20 );
INSERT INTO "times" VALUES ( 18761, 12800, '11:29:00', '11:29:00', 20 );
INSERT INTO "times" VALUES ( 18761, 12870, '11:22:00', '11:22:00', 20 );
INSERT INTO "times" VALUES ( 18761, 12890, '11:20:00', '11:20:00', 20 );
INSERT INTO "times" VALUES ( 18761, 12900, '11:17:00', '11:19:00', 20 );
INSERT INTO "times" VALUES ( 18761, 13520, NULL, '11:14:00', 30 );

INSERT INTO "dias" VALUES ( 18762, 180, FALSE, TRUE, 'B1104Z', 12510, 13520 );
INSERT INTO "dias_line_groups" VALUES ( 18762, 10 );
INSERT INTO "times" VALUES ( 18762, 12510, NULL, '11:30:00', 20 );
INSERT INTO "times" VALUES ( 18762, 12520, '11:31:00', '11:31:00', 20 );
INSERT INTO "times" VALUES ( 18762, 12530, '11:33:00', '11:33:00', 20 );
INSERT INTO "times" VALUES ( 18762, 12540, '11:37:00', '11:37:00', 20 );
INSERT INTO "times" VALUES ( 18762, 12710, '11:51:00', '11:52:00', 20 );
INSERT INTO "times" VALUES ( 18762, 12740, '11:57:00', '11:58:00', 20 );
INSERT INTO "times" VALUES ( 18762, 12780, '12:09:00', '12:09:00', 20 );
INSERT INTO "times" VALUES ( 18762, 12800, '12:11:00', '12:11:00', 20 );
INSERT INTO "times" VALUES ( 18762, 12870, '12:17:00', '12:17:00', 20 );
INSERT INTO "times" VALUES ( 18762, 12890, '12:20:00', '12:20:00', 20 );
INSERT INTO "times" VALUES ( 18762, 12900, '12:22:00', '12:22:00', 20 );
INSERT INTO "times" VALUES ( 18762, 13520, '12:25:00', NULL, NULL );

INSERT INTO "dias" VALUES ( 18763, 180, FALSE, TRUE, 'B1105A', 13520, 12510 );
INSERT INTO "dias_line_groups" VALUES ( 18763, 10 );
INSERT INTO "times" VALUES ( 18763, 12510, '12:22:00', NULL, NULL );
INSERT INTO "times" VALUES ( 18763, 12520, '12:20:00', '12:20:00', 20 );
INSERT INTO "times" VALUES ( 18763, 12530, '12:18:00', '12:18:00', 20 );
INSERT INTO "times" VALUES ( 18763, 12540, '12:14:00', '12:15:00', 20 );
INSERT INTO "times" VALUES ( 18763, 12710, '11:58:00', '11:59:00', 20 );
INSERT INTO "times" VALUES ( 18763, 12740, '11:53:00', '11:53:00', 20 );
INSERT INTO "times" VALUES ( 18763, 12780, '11:42:00', '11:42:00', 20 );
INSERT INTO "times" VALUES ( 18763, 12800, '11:39:00', '11:39:00', 20 );
INSERT INTO "times" VALUES ( 18763, 12870, '11:32:00', '11:32:00', 20 );
INSERT INTO "times" VALUES ( 18763, 12890, '11:30:00', '11:30:00', 20 );
INSERT INTO "times" VALUES ( 18763, 12900, '11:28:00', '11:29:00', 20 );
INSERT INTO "times" VALUES ( 18763, 13520, NULL, '11:25:00', 30 );

INSERT INTO "dias" VALUES ( 18764, 180, FALSE, TRUE, 'B1106Z', 12510, 13520 );
INSERT INTO "dias_line_groups" VALUES ( 18764, 10 );
INSERT INTO "times" VALUES ( 18764, 12510, NULL, '11:40:00', 20 );
INSERT INTO "times" VALUES ( 18764, 12520, '11:41:00', '11:41:00', 20 );
INSERT INTO "times" VALUES ( 18764, 12530, '11:44:00', '11:44:00', 20 );
INSERT INTO "times" VALUES ( 18764, 12540, '11:46:00', '11:48:00', 20 );
INSERT INTO "times" VALUES ( 18764, 12710, '12:01:00', '12:02:00', 20 );
INSERT INTO "times" VALUES ( 18764, 12740, '12:08:00', '12:08:00', 20 );
INSERT INTO "times" VALUES ( 18764, 12780, '12:19:00', '12:19:00', 20 );
INSERT INTO "times" VALUES ( 18764, 12800, '12:21:00', '12:21:00', 20 );
INSERT INTO "times" VALUES ( 18764, 12870, '12:27:00', '12:27:00', 20 );
INSERT INTO "times" VALUES ( 18764, 12890, '12:30:00', '12:30:00', 20 );
INSERT INTO "times" VALUES ( 18764, 12900, '12:32:00', '12:32:00', 20 );
INSERT INTO "times" VALUES ( 18764, 13520, '12:35:00', NULL, NULL );

INSERT INTO "dias" VALUES ( 18765, 180, FALSE, TRUE, 'B1107A', 13520, 12510 );
INSERT INTO "dias_line_groups" VALUES ( 18765, 10 );
INSERT INTO "times" VALUES ( 18765, 12510, '12:32:00', NULL, NULL );
INSERT INTO "times" VALUES ( 18765, 12520, '12:30:00', '12:30:00', 20 );
INSERT INTO "times" VALUES ( 18765, 12530, '12:28:00', '12:28:00', 20 );
INSERT INTO "times" VALUES ( 18765, 12540, '12:24:00', '12:25:00', 20 );
INSERT INTO "times" VALUES ( 18765, 12710, '12:08:00', '12:09:00', 20 );
INSERT INTO "times" VALUES ( 18765, 12740, '12:03:00', '12:03:00', 20 );
INSERT INTO "times" VALUES ( 18765, 12780, '11:52:00', '11:52:00', 20 );
INSERT INTO "times" VALUES ( 18765, 12800, '11:49:00', '11:49:00', 20 );
INSERT INTO "times" VALUES ( 18765, 12870, '11:42:00', '11:42:00', 20 );
INSERT INTO "times" VALUES ( 18765, 12890, '11:40:00', '11:40:00', 20 );
INSERT INTO "times" VALUES ( 18765, 12900, '11:38:00', '11:39:00', 20 );
INSERT INTO "times" VALUES ( 18765, 13520, NULL, '11:35:00', 30 );

INSERT INTO "dias" VALUES ( 18766, 180, FALSE, TRUE, 'B1108Z', 12510, 13520 );
INSERT INTO "dias_line_groups" VALUES ( 18766, 10 );
INSERT INTO "times" VALUES ( 18766, 12510, NULL, '11:50:00', 20 );
INSERT INTO "times" VALUES ( 18766, 12520, '11:51:00', '11:51:00', 20 );
INSERT INTO "times" VALUES ( 18766, 12530, '11:54:00', '11:54:00', 20 );
INSERT INTO "times" VALUES ( 18766, 12540, '11:56:00', '11:58:00', 20 );
INSERT INTO "times" VALUES ( 18766, 12710, '12:11:00', '12:12:00', 20 );
INSERT INTO "times" VALUES ( 18766, 12740, '12:17:00', '12:18:00', 20 );
INSERT INTO "times" VALUES ( 18766, 12780, '12:29:00', '12:29:00', 20 );
INSERT INTO "times" VALUES ( 18766, 12800, '12:31:00', '12:31:00', 20 );
INSERT INTO "times" VALUES ( 18766, 12870, '12:37:00', '12:37:00', 20 );
INSERT INTO "times" VALUES ( 18766, 12890, '12:40:00', '12:40:00', 20 );
INSERT INTO "times" VALUES ( 18766, 12900, '12:42:00', '12:42:00', 20 );
INSERT INTO "times" VALUES ( 18766, 13520, '12:45:00', NULL, NULL );

INSERT INTO "dias" VALUES ( 18767, 180, FALSE, TRUE, 'B1109A', 13520, 12510 );
INSERT INTO "dias_line_groups" VALUES ( 18767, 10 );
INSERT INTO "times" VALUES ( 18767, 12510, '12:42:00', NULL, NULL );
INSERT INTO "times" VALUES ( 18767, 12520, '12:40:00', '12:40:00', 20 );
INSERT INTO "times" VALUES ( 18767, 12530, '12:38:00', '12:38:00', 20 );
INSERT INTO "times" VALUES ( 18767, 12540, '12:34:00', '12:35:00', 20 );
INSERT INTO "times" VALUES ( 18767, 12710, '12:19:00', '12:20:00', 20 );
INSERT INTO "times" VALUES ( 18767, 12740, '12:13:00', '12:14:00', 20 );
INSERT INTO "times" VALUES ( 18767, 12780, '12:02:00', '12:03:00', 20 );
INSERT INTO "times" VALUES ( 18767, 12800, '12:00:00', '12:00:00', 20 );
INSERT INTO "times" VALUES ( 18767, 12870, '11:52:00', '11:52:00', 20 );
INSERT INTO "times" VALUES ( 18767, 12890, '11:50:00', '11:50:00', 20 );
INSERT INTO "times" VALUES ( 18767, 12900, '11:47:00', '11:49:00', 20 );
INSERT INTO "times" VALUES ( 18767, 13520, NULL, '11:44:00', 30 );

INSERT INTO "dias" VALUES ( 18768, 180, FALSE, TRUE, 'B1111A', 13520, 12510 );
INSERT INTO "dias_line_groups" VALUES ( 18768, 10 );
INSERT INTO "times" VALUES ( 18768, 12510, '12:52:00', NULL, NULL );
INSERT INTO "times" VALUES ( 18768, 12520, '12:50:00', '12:50:00', 20 );
INSERT INTO "times" VALUES ( 18768, 12530, '12:48:00', '12:48:00', 20 );
INSERT INTO "times" VALUES ( 18768, 12540, '12:44:00', '12:45:00', 20 );
INSERT INTO "times" VALUES ( 18768, 12710, '12:29:00', '12:30:00', 20 );
INSERT INTO "times" VALUES ( 18768, 12740, '12:24:00', '12:24:00', 20 );
INSERT INTO "times" VALUES ( 18768, 12780, '12:13:00', '12:13:00', 20 );
INSERT INTO "times" VALUES ( 18768, 12800, '12:10:00', '12:10:00', 20 );
INSERT INTO "times" VALUES ( 18768, 12870, '12:03:00', '12:03:00', 20 );
INSERT INTO "times" VALUES ( 18768, 12890, '12:01:00', '12:01:00', 20 );
INSERT INTO "times" VALUES ( 18768, 12900, '11:58:00', '12:00:00', 20 );
INSERT INTO "times" VALUES ( 18768, 13520, NULL, '11:55:00', 30 );

INSERT INTO "dias" VALUES ( 18769, 180, FALSE, TRUE, 'B1200Z', 12510, 13520 );
INSERT INTO "dias_line_groups" VALUES ( 18769, 10 );
INSERT INTO "times" VALUES ( 18769, 12510, NULL, '12:00:00', 20 );
INSERT INTO "times" VALUES ( 18769, 12520, '12:01:00', '12:01:00', 20 );
INSERT INTO "times" VALUES ( 18769, 12530, '12:03:00', '12:03:00', 20 );
INSERT INTO "times" VALUES ( 18769, 12540, '12:07:00', '12:07:00', 20 );
INSERT INTO "times" VALUES ( 18769, 12710, '12:21:00', '12:22:00', 20 );
INSERT INTO "times" VALUES ( 18769, 12740, '12:27:00', '12:28:00', 20 );
INSERT INTO "times" VALUES ( 18769, 12780, '12:39:00', '12:39:00', 20 );
INSERT INTO "times" VALUES ( 18769, 12800, '12:41:00', '12:41:00', 20 );
INSERT INTO "times" VALUES ( 18769, 12870, '12:47:00', '12:47:00', 20 );
INSERT INTO "times" VALUES ( 18769, 12890, '12:50:00', '12:50:00', 20 );
INSERT INTO "times" VALUES ( 18769, 12900, '12:52:00', '12:52:00', 20 );
INSERT INTO "times" VALUES ( 18769, 13520, '12:55:00', NULL, NULL );

INSERT INTO "dias" VALUES ( 18770, 180, FALSE, TRUE, 'B1201A', 13520, 12510 );
INSERT INTO "dias_line_groups" VALUES ( 18770, 10 );
INSERT INTO "times" VALUES ( 18770, 12510, '13:02:00', NULL, NULL );
INSERT INTO "times" VALUES ( 18770, 12520, '13:00:00', '13:00:00', 20 );
INSERT INTO "times" VALUES ( 18770, 12530, '12:58:00', '12:58:00', 20 );
INSERT INTO "times" VALUES ( 18770, 12540, '12:54:00', '12:55:00', 20 );
INSERT INTO "times" VALUES ( 18770, 12710, '12:39:00', '12:40:00', 20 );
INSERT INTO "times" VALUES ( 18770, 12740, '12:34:00', '12:34:00', 20 );
INSERT INTO "times" VALUES ( 18770, 12780, '12:23:00', '12:23:00', 20 );
INSERT INTO "times" VALUES ( 18770, 12800, '12:20:00', '12:20:00', 20 );
INSERT INTO "times" VALUES ( 18770, 12870, '12:13:00', '12:13:00', 20 );
INSERT INTO "times" VALUES ( 18770, 12890, '12:11:00', '12:11:00', 20 );
INSERT INTO "times" VALUES ( 18770, 12900, '12:08:00', '12:10:00', 20 );
INSERT INTO "times" VALUES ( 18770, 13520, NULL, '12:05:00', 30 );

INSERT INTO "dias" VALUES ( 18771, 180, FALSE, TRUE, 'B1202Z', 12510, 13520 );
INSERT INTO "dias_line_groups" VALUES ( 18771, 10 );
INSERT INTO "times" VALUES ( 18771, 12510, NULL, '12:10:00', 20 );
INSERT INTO "times" VALUES ( 18771, 12520, '12:11:00', '12:11:00', 20 );
INSERT INTO "times" VALUES ( 18771, 12530, '12:14:00', '12:14:00', 20 );
INSERT INTO "times" VALUES ( 18771, 12540, '12:16:00', '12:18:00', 20 );
INSERT INTO "times" VALUES ( 18771, 12710, '12:31:00', '12:32:00', 20 );
INSERT INTO "times" VALUES ( 18771, 12740, '12:38:00', '12:38:00', 20 );
INSERT INTO "times" VALUES ( 18771, 12780, '12:49:00', '12:49:00', 20 );
INSERT INTO "times" VALUES ( 18771, 12800, '12:51:00', '12:51:00', 20 );
INSERT INTO "times" VALUES ( 18771, 12870, '12:57:00', '12:57:00', 20 );
INSERT INTO "times" VALUES ( 18771, 12890, '13:00:00', '13:00:00', 20 );
INSERT INTO "times" VALUES ( 18771, 12900, '13:02:00', '13:02:00', 20 );
INSERT INTO "times" VALUES ( 18771, 13520, '13:05:00', NULL, NULL );

INSERT INTO "dias" VALUES ( 18772, 180, FALSE, TRUE, 'B1203A', 13520, 12510 );
INSERT INTO "dias_line_groups" VALUES ( 18772, 10 );
INSERT INTO "times" VALUES ( 18772, 12510, '13:12:00', NULL, NULL );
INSERT INTO "times" VALUES ( 18772, 12520, '13:10:00', '13:10:00', 20 );
INSERT INTO "times" VALUES ( 18772, 12530, '13:09:00', '13:09:00', 20 );
INSERT INTO "times" VALUES ( 18772, 12540, '13:05:00', '13:06:00', 20 );
INSERT INTO "times" VALUES ( 18772, 12710, '12:49:00', '12:50:00', 20 );
INSERT INTO "times" VALUES ( 18772, 12740, '12:44:00', '12:44:00', 20 );
INSERT INTO "times" VALUES ( 18772, 12780, '12:33:00', '12:33:00', 20 );
INSERT INTO "times" VALUES ( 18772, 12800, '12:30:00', '12:30:00', 20 );
INSERT INTO "times" VALUES ( 18772, 12870, '12:23:00', '12:23:00', 20 );
INSERT INTO "times" VALUES ( 18772, 12890, '12:21:00', '12:21:00', 20 );
INSERT INTO "times" VALUES ( 18772, 12900, '12:19:00', '12:20:00', 20 );
INSERT INTO "times" VALUES ( 18772, 13520, NULL, '12:16:00', 30 );

INSERT INTO "dias" VALUES ( 18773, 180, FALSE, TRUE, 'B1204Z', 12510, 13520 );
INSERT INTO "dias_line_groups" VALUES ( 18773, 10 );
INSERT INTO "times" VALUES ( 18773, 12510, NULL, '12:20:00', 20 );
INSERT INTO "times" VALUES ( 18773, 12520, '12:21:00', '12:21:00', 20 );
INSERT INTO "times" VALUES ( 18773, 12530, '12:24:00', '12:24:00', 20 );
INSERT INTO "times" VALUES ( 18773, 12540, '12:26:00', '12:28:00', 20 );
INSERT INTO "times" VALUES ( 18773, 12710, '12:41:00', '12:42:00', 20 );
INSERT INTO "times" VALUES ( 18773, 12740, '12:47:00', '12:48:00', 20 );
INSERT INTO "times" VALUES ( 18773, 12780, '12:59:00', '12:59:00', 20 );
INSERT INTO "times" VALUES ( 18773, 12800, '13:01:00', '13:01:00', 20 );
INSERT INTO "times" VALUES ( 18773, 12870, '13:07:00', '13:07:00', 20 );
INSERT INTO "times" VALUES ( 18773, 12890, '13:10:00', '13:10:00', 20 );
INSERT INTO "times" VALUES ( 18773, 12900, '13:12:00', '13:12:00', 20 );
INSERT INTO "times" VALUES ( 18773, 13520, '13:15:00', NULL, NULL );

INSERT INTO "dias" VALUES ( 18774, 180, FALSE, TRUE, 'B1205A', 13520, 12510 );
INSERT INTO "dias_line_groups" VALUES ( 18774, 10 );
INSERT INTO "times" VALUES ( 18774, 12510, '13:22:00', NULL, NULL );
INSERT INTO "times" VALUES ( 18774, 12520, '13:20:00', '13:20:00', 20 );
INSERT INTO "times" VALUES ( 18774, 12530, '13:18:00', '13:18:00', 20 );
INSERT INTO "times" VALUES ( 18774, 12540, '13:14:00', '13:15:00', 20 );
INSERT INTO "times" VALUES ( 18774, 12710, '12:59:00', '13:00:00', 20 );
INSERT INTO "times" VALUES ( 18774, 12740, '12:54:00', '12:54:00', 20 );
INSERT INTO "times" VALUES ( 18774, 12780, '12:43:00', '12:43:00', 20 );
INSERT INTO "times" VALUES ( 18774, 12800, '12:40:00', '12:40:00', 20 );
INSERT INTO "times" VALUES ( 18774, 12870, '12:33:00', '12:33:00', 20 );
INSERT INTO "times" VALUES ( 18774, 12890, '12:31:00', '12:31:00', 20 );
INSERT INTO "times" VALUES ( 18774, 12900, '12:30:00', '12:30:00', 20 );
INSERT INTO "times" VALUES ( 18774, 13520, NULL, '12:26:00', 30 );

INSERT INTO "dias" VALUES ( 18775, 180, FALSE, TRUE, 'B1206Z', 12510, 13520 );
INSERT INTO "dias_line_groups" VALUES ( 18775, 10 );
INSERT INTO "times" VALUES ( 18775, 12510, NULL, '12:30:00', 20 );
INSERT INTO "times" VALUES ( 18775, 12520, '12:31:00', '12:31:00', 20 );
INSERT INTO "times" VALUES ( 18775, 12530, '12:33:00', '12:33:00', 20 );
INSERT INTO "times" VALUES ( 18775, 12540, '12:37:00', '12:37:00', 20 );
INSERT INTO "times" VALUES ( 18775, 12710, '12:51:00', '12:52:00', 20 );
INSERT INTO "times" VALUES ( 18775, 12740, '12:57:00', '12:58:00', 20 );
INSERT INTO "times" VALUES ( 18775, 12780, '13:09:00', '13:09:00', 20 );
INSERT INTO "times" VALUES ( 18775, 12800, '13:11:00', '13:11:00', 20 );
INSERT INTO "times" VALUES ( 18775, 12870, '13:17:00', '13:17:00', 20 );
INSERT INTO "times" VALUES ( 18775, 12890, '13:20:00', '13:20:00', 20 );
INSERT INTO "times" VALUES ( 18775, 12900, '13:22:00', '13:22:00', 20 );
INSERT INTO "times" VALUES ( 18775, 13520, '13:25:00', NULL, NULL );

INSERT INTO "dias" VALUES ( 18776, 180, FALSE, TRUE, 'B1207A', 13520, 12510 );
INSERT INTO "dias_line_groups" VALUES ( 18776, 10 );
INSERT INTO "times" VALUES ( 18776, 12510, '13:32:00', NULL, NULL );
INSERT INTO "times" VALUES ( 18776, 12520, '13:30:00', '13:30:00', 20 );
INSERT INTO "times" VALUES ( 18776, 12530, '13:28:00', '13:28:00', 20 );
INSERT INTO "times" VALUES ( 18776, 12540, '13:24:00', '13:25:00', 20 );
INSERT INTO "times" VALUES ( 18776, 12710, '13:09:00', '13:10:00', 20 );
INSERT INTO "times" VALUES ( 18776, 12740, '13:04:00', '13:04:00', 20 );
INSERT INTO "times" VALUES ( 18776, 12780, '12:53:00', '12:53:00', 20 );
INSERT INTO "times" VALUES ( 18776, 12800, '12:50:00', '12:50:00', 20 );
INSERT INTO "times" VALUES ( 18776, 12870, '12:43:00', '12:43:00', 20 );
INSERT INTO "times" VALUES ( 18776, 12890, '12:41:00', '12:41:00', 20 );
INSERT INTO "times" VALUES ( 18776, 12900, '12:39:00', '12:40:00', 20 );
INSERT INTO "times" VALUES ( 18776, 13520, NULL, '12:36:00', 30 );

INSERT INTO "dias" VALUES ( 18777, 180, FALSE, TRUE, 'B1208Z', 12510, 13520 );
INSERT INTO "dias_line_groups" VALUES ( 18777, 10 );
INSERT INTO "times" VALUES ( 18777, 12510, NULL, '12:40:00', 20 );
INSERT INTO "times" VALUES ( 18777, 12520, '12:41:00', '12:41:00', 20 );
INSERT INTO "times" VALUES ( 18777, 12530, '12:44:00', '12:44:00', 20 );
INSERT INTO "times" VALUES ( 18777, 12540, '12:46:00', '12:48:00', 20 );
INSERT INTO "times" VALUES ( 18777, 12710, '13:01:00', '13:02:00', 20 );
INSERT INTO "times" VALUES ( 18777, 12740, '13:08:00', '13:08:00', 20 );
INSERT INTO "times" VALUES ( 18777, 12780, '13:19:00', '13:19:00', 20 );
INSERT INTO "times" VALUES ( 18777, 12800, '13:21:00', '13:21:00', 20 );
INSERT INTO "times" VALUES ( 18777, 12870, '13:27:00', '13:27:00', 20 );
INSERT INTO "times" VALUES ( 18777, 12890, '13:30:00', '13:30:00', 20 );
INSERT INTO "times" VALUES ( 18777, 12900, '13:32:00', '13:32:00', 20 );
INSERT INTO "times" VALUES ( 18777, 13520, '13:35:00', NULL, NULL );

INSERT INTO "dias" VALUES ( 18778, 180, FALSE, TRUE, 'B1209A', 13520, 12510 );
INSERT INTO "dias_line_groups" VALUES ( 18778, 10 );
INSERT INTO "times" VALUES ( 18778, 12510, '13:42:00', NULL, NULL );
INSERT INTO "times" VALUES ( 18778, 12520, '13:40:00', '13:40:00', 20 );
INSERT INTO "times" VALUES ( 18778, 12530, '13:39:00', '13:39:00', 20 );
INSERT INTO "times" VALUES ( 18778, 12540, '13:35:00', '13:36:00', 20 );
INSERT INTO "times" VALUES ( 18778, 12710, '13:19:00', '13:20:00', 20 );
INSERT INTO "times" VALUES ( 18778, 12740, '13:14:00', '13:14:00', 20 );
INSERT INTO "times" VALUES ( 18778, 12780, '13:03:00', '13:03:00', 20 );
INSERT INTO "times" VALUES ( 18778, 12800, '13:00:00', '13:00:00', 20 );
INSERT INTO "times" VALUES ( 18778, 12870, '12:53:00', '12:53:00', 20 );
INSERT INTO "times" VALUES ( 18778, 12890, '12:51:00', '12:51:00', 20 );
INSERT INTO "times" VALUES ( 18778, 12900, '12:50:00', '12:50:00', 20 );
INSERT INTO "times" VALUES ( 18778, 13520, NULL, '12:46:00', 30 );

INSERT INTO "dias" VALUES ( 18779, 180, FALSE, TRUE, 'B1210Z', 12510, 13520 );
INSERT INTO "dias_line_groups" VALUES ( 18779, 10 );
INSERT INTO "times" VALUES ( 18779, 12510, NULL, '12:50:00', 20 );
INSERT INTO "times" VALUES ( 18779, 12520, '12:51:00', '12:51:00', 20 );
INSERT INTO "times" VALUES ( 18779, 12530, '12:54:00', '12:54:00', 20 );
INSERT INTO "times" VALUES ( 18779, 12540, '12:56:00', '12:58:00', 20 );
INSERT INTO "times" VALUES ( 18779, 12710, '13:11:00', '13:12:00', 20 );
INSERT INTO "times" VALUES ( 18779, 12740, '13:17:00', '13:18:00', 20 );
INSERT INTO "times" VALUES ( 18779, 12780, '13:29:00', '13:29:00', 20 );
INSERT INTO "times" VALUES ( 18779, 12800, '13:31:00', '13:31:00', 20 );
INSERT INTO "times" VALUES ( 18779, 12870, '13:37:00', '13:37:00', 20 );
INSERT INTO "times" VALUES ( 18779, 12890, '13:40:00', '13:40:00', 20 );
INSERT INTO "times" VALUES ( 18779, 12900, '13:42:00', '13:42:00', 20 );
INSERT INTO "times" VALUES ( 18779, 13520, '13:45:00', NULL, NULL );

INSERT INTO "dias" VALUES ( 18780, 180, FALSE, TRUE, 'B1211A', 13520, 12510 );
INSERT INTO "dias_line_groups" VALUES ( 18780, 10 );
INSERT INTO "times" VALUES ( 18780, 12510, '13:52:00', NULL, NULL );
INSERT INTO "times" VALUES ( 18780, 12520, '13:50:00', '13:50:00', 20 );
INSERT INTO "times" VALUES ( 18780, 12530, '13:48:00', '13:48:00', 20 );
INSERT INTO "times" VALUES ( 18780, 12540, '13:44:00', '13:45:00', 20 );
INSERT INTO "times" VALUES ( 18780, 12710, '13:29:00', '13:30:00', 20 );
INSERT INTO "times" VALUES ( 18780, 12740, '13:24:00', '13:24:00', 20 );
INSERT INTO "times" VALUES ( 18780, 12780, '13:13:00', '13:13:00', 20 );
INSERT INTO "times" VALUES ( 18780, 12800, '13:10:00', '13:10:00', 20 );
INSERT INTO "times" VALUES ( 18780, 12870, '13:03:00', '13:03:00', 20 );
INSERT INTO "times" VALUES ( 18780, 12890, '13:01:00', '13:01:00', 20 );
INSERT INTO "times" VALUES ( 18780, 12900, '12:59:00', '13:00:00', 20 );
INSERT INTO "times" VALUES ( 18780, 13520, NULL, '12:56:00', 30 );

INSERT INTO "dias" VALUES ( 18781, 180, FALSE, TRUE, 'B1300Z', 12510, 13520 );
INSERT INTO "dias_line_groups" VALUES ( 18781, 10 );
INSERT INTO "times" VALUES ( 18781, 12510, NULL, '13:00:00', 20 );
INSERT INTO "times" VALUES ( 18781, 12520, '13:01:00', '13:01:00', 20 );
INSERT INTO "times" VALUES ( 18781, 12530, '13:03:00', '13:03:00', 20 );
INSERT INTO "times" VALUES ( 18781, 12540, '13:07:00', '13:07:00', 20 );
INSERT INTO "times" VALUES ( 18781, 12710, '13:21:00', '13:22:00', 20 );
INSERT INTO "times" VALUES ( 18781, 12740, '13:27:00', '13:28:00', 20 );
INSERT INTO "times" VALUES ( 18781, 12780, '13:39:00', '13:39:00', 20 );
INSERT INTO "times" VALUES ( 18781, 12800, '13:41:00', '13:41:00', 20 );
INSERT INTO "times" VALUES ( 18781, 12870, '13:47:00', '13:47:00', 20 );
INSERT INTO "times" VALUES ( 18781, 12890, '13:50:00', '13:50:00', 20 );
INSERT INTO "times" VALUES ( 18781, 12900, '13:52:00', '13:52:00', 20 );
INSERT INTO "times" VALUES ( 18781, 13520, '13:55:00', NULL, NULL );

INSERT INTO "dias" VALUES ( 18782, 180, FALSE, TRUE, 'B1301A', 13520, 12510 );
INSERT INTO "dias_line_groups" VALUES ( 18782, 10 );
INSERT INTO "times" VALUES ( 18782, 12510, '14:02:00', NULL, NULL );
INSERT INTO "times" VALUES ( 18782, 12520, '14:00:00', '14:00:00', 20 );
INSERT INTO "times" VALUES ( 18782, 12530, '13:58:00', '13:58:00', 20 );
INSERT INTO "times" VALUES ( 18782, 12540, '13:54:00', '13:55:00', 20 );
INSERT INTO "times" VALUES ( 18782, 12710, '13:39:00', '13:40:00', 20 );
INSERT INTO "times" VALUES ( 18782, 12740, '13:34:00', '13:34:00', 20 );
INSERT INTO "times" VALUES ( 18782, 12780, '13:23:00', '13:23:00', 20 );
INSERT INTO "times" VALUES ( 18782, 12800, '13:20:00', '13:20:00', 20 );
INSERT INTO "times" VALUES ( 18782, 12870, '13:13:00', '13:13:00', 20 );
INSERT INTO "times" VALUES ( 18782, 12890, '13:11:00', '13:11:00', 20 );
INSERT INTO "times" VALUES ( 18782, 12900, '13:10:00', '13:10:00', 20 );
INSERT INTO "times" VALUES ( 18782, 13520, NULL, '13:06:00', 30 );

INSERT INTO "dias" VALUES ( 18783, 180, FALSE, TRUE, 'B1302Z', 12510, 13520 );
INSERT INTO "dias_line_groups" VALUES ( 18783, 10 );
INSERT INTO "times" VALUES ( 18783, 12510, NULL, '13:10:00', 20 );
INSERT INTO "times" VALUES ( 18783, 12520, '13:12:00', '13:12:00', 20 );
INSERT INTO "times" VALUES ( 18783, 12530, '13:14:00', '13:14:00', 20 );
INSERT INTO "times" VALUES ( 18783, 12540, '13:17:00', '13:18:00', 20 );
INSERT INTO "times" VALUES ( 18783, 12710, '13:31:00', '13:32:00', 20 );
INSERT INTO "times" VALUES ( 18783, 12740, '13:38:00', '13:38:00', 20 );
INSERT INTO "times" VALUES ( 18783, 12780, '13:49:00', '13:49:00', 20 );
INSERT INTO "times" VALUES ( 18783, 12800, '13:51:00', '13:51:00', 20 );
INSERT INTO "times" VALUES ( 18783, 12870, '13:57:00', '13:57:00', 20 );
INSERT INTO "times" VALUES ( 18783, 12890, '14:00:00', '14:00:00', 20 );
INSERT INTO "times" VALUES ( 18783, 12900, '14:02:00', '14:02:00', 20 );
INSERT INTO "times" VALUES ( 18783, 13520, '14:05:00', NULL, NULL );

INSERT INTO "dias" VALUES ( 18784, 180, FALSE, TRUE, 'B1303A', 13520, 12510 );
INSERT INTO "dias_line_groups" VALUES ( 18784, 10 );
INSERT INTO "times" VALUES ( 18784, 12510, '14:12:00', NULL, NULL );
INSERT INTO "times" VALUES ( 18784, 12520, '14:10:00', '14:10:00', 20 );
INSERT INTO "times" VALUES ( 18784, 12530, '14:09:00', '14:09:00', 20 );
INSERT INTO "times" VALUES ( 18784, 12540, '14:05:00', '14:06:00', 20 );
INSERT INTO "times" VALUES ( 18784, 12710, '13:49:00', '13:50:00', 20 );
INSERT INTO "times" VALUES ( 18784, 12740, '13:44:00', '13:44:00', 20 );
INSERT INTO "times" VALUES ( 18784, 12780, '13:33:00', '13:33:00', 20 );
INSERT INTO "times" VALUES ( 18784, 12800, '13:30:00', '13:30:00', 20 );
INSERT INTO "times" VALUES ( 18784, 12870, '13:23:00', '13:23:00', 20 );
INSERT INTO "times" VALUES ( 18784, 12890, '13:21:00', '13:21:00', 20 );
INSERT INTO "times" VALUES ( 18784, 12900, '13:19:00', '13:20:00', 20 );
INSERT INTO "times" VALUES ( 18784, 13520, NULL, '13:16:00', 30 );

INSERT INTO "dias" VALUES ( 18785, 180, FALSE, TRUE, 'B1304Z', 12510, 13520 );
INSERT INTO "dias_line_groups" VALUES ( 18785, 10 );
INSERT INTO "times" VALUES ( 18785, 12510, NULL, '13:20:00', 20 );
INSERT INTO "times" VALUES ( 18785, 12520, '13:21:00', '13:21:00', 20 );
INSERT INTO "times" VALUES ( 18785, 12530, '13:24:00', '13:24:00', 20 );
INSERT INTO "times" VALUES ( 18785, 12540, '13:26:00', '13:28:00', 20 );
INSERT INTO "times" VALUES ( 18785, 12710, '13:41:00', '13:42:00', 20 );
INSERT INTO "times" VALUES ( 18785, 12740, '13:47:00', '13:48:00', 20 );
INSERT INTO "times" VALUES ( 18785, 12780, '13:59:00', '13:59:00', 20 );
INSERT INTO "times" VALUES ( 18785, 12800, '14:01:00', '14:01:00', 20 );
INSERT INTO "times" VALUES ( 18785, 12870, '14:07:00', '14:07:00', 20 );
INSERT INTO "times" VALUES ( 18785, 12890, '14:10:00', '14:10:00', 20 );
INSERT INTO "times" VALUES ( 18785, 12900, '14:12:00', '14:12:00', 20 );
INSERT INTO "times" VALUES ( 18785, 13520, '14:15:00', NULL, NULL );

INSERT INTO "dias" VALUES ( 18786, 180, FALSE, TRUE, 'B1305A', 13520, 12510 );
INSERT INTO "dias_line_groups" VALUES ( 18786, 10 );
INSERT INTO "times" VALUES ( 18786, 12510, '14:22:00', NULL, NULL );
INSERT INTO "times" VALUES ( 18786, 12520, '14:20:00', '14:20:00', 20 );
INSERT INTO "times" VALUES ( 18786, 12530, '14:18:00', '14:18:00', 20 );
INSERT INTO "times" VALUES ( 18786, 12540, '14:14:00', '14:15:00', 20 );
INSERT INTO "times" VALUES ( 18786, 12710, '13:59:00', '14:00:00', 20 );
INSERT INTO "times" VALUES ( 18786, 12740, '13:54:00', '13:54:00', 20 );
INSERT INTO "times" VALUES ( 18786, 12780, '13:43:00', '13:43:00', 20 );
INSERT INTO "times" VALUES ( 18786, 12800, '13:40:00', '13:40:00', 20 );
INSERT INTO "times" VALUES ( 18786, 12870, '13:33:00', '13:33:00', 20 );
INSERT INTO "times" VALUES ( 18786, 12890, '13:31:00', '13:31:00', 20 );
INSERT INTO "times" VALUES ( 18786, 12900, '13:30:00', '13:30:00', 20 );
INSERT INTO "times" VALUES ( 18786, 13520, NULL, '13:26:00', 30 );

INSERT INTO "dias" VALUES ( 18787, 180, FALSE, TRUE, 'B1306Z', 12510, 13520 );
INSERT INTO "dias_line_groups" VALUES ( 18787, 10 );
INSERT INTO "times" VALUES ( 18787, 12510, NULL, '13:30:00', 20 );
INSERT INTO "times" VALUES ( 18787, 12520, '13:31:00', '13:31:00', 20 );
INSERT INTO "times" VALUES ( 18787, 12530, '13:33:00', '13:33:00', 20 );
INSERT INTO "times" VALUES ( 18787, 12540, '13:37:00', '13:37:00', 20 );
INSERT INTO "times" VALUES ( 18787, 12710, '13:51:00', '13:52:00', 20 );
INSERT INTO "times" VALUES ( 18787, 12740, '13:57:00', '13:58:00', 20 );
INSERT INTO "times" VALUES ( 18787, 12780, '14:09:00', '14:09:00', 20 );
INSERT INTO "times" VALUES ( 18787, 12800, '14:11:00', '14:11:00', 20 );
INSERT INTO "times" VALUES ( 18787, 12870, '14:17:00', '14:17:00', 20 );
INSERT INTO "times" VALUES ( 18787, 12890, '14:20:00', '14:20:00', 20 );
INSERT INTO "times" VALUES ( 18787, 12900, '14:22:00', '14:22:00', 20 );
INSERT INTO "times" VALUES ( 18787, 13520, '14:25:00', NULL, NULL );

INSERT INTO "dias" VALUES ( 18788, 180, FALSE, TRUE, 'B1307A', 13520, 12510 );
INSERT INTO "dias_line_groups" VALUES ( 18788, 10 );
INSERT INTO "times" VALUES ( 18788, 12510, '14:32:00', NULL, NULL );
INSERT INTO "times" VALUES ( 18788, 12520, '14:30:00', '14:30:00', 20 );
INSERT INTO "times" VALUES ( 18788, 12530, '14:28:00', '14:28:00', 20 );
INSERT INTO "times" VALUES ( 18788, 12540, '14:24:00', '14:25:00', 20 );
INSERT INTO "times" VALUES ( 18788, 12710, '14:09:00', '14:10:00', 20 );
INSERT INTO "times" VALUES ( 18788, 12740, '14:04:00', '14:04:00', 20 );
INSERT INTO "times" VALUES ( 18788, 12780, '13:53:00', '13:53:00', 20 );
INSERT INTO "times" VALUES ( 18788, 12800, '13:50:00', '13:50:00', 20 );
INSERT INTO "times" VALUES ( 18788, 12870, '13:43:00', '13:43:00', 20 );
INSERT INTO "times" VALUES ( 18788, 12890, '13:41:00', '13:41:00', 20 );
INSERT INTO "times" VALUES ( 18788, 12900, '13:39:00', '13:40:00', 20 );
INSERT INTO "times" VALUES ( 18788, 13520, NULL, '13:36:00', 30 );

INSERT INTO "dias" VALUES ( 18789, 180, FALSE, TRUE, 'B1308Z', 12510, 13520 );
INSERT INTO "dias_line_groups" VALUES ( 18789, 10 );
INSERT INTO "times" VALUES ( 18789, 12510, NULL, '13:40:00', 20 );
INSERT INTO "times" VALUES ( 18789, 12520, '13:42:00', '13:42:00', 20 );
INSERT INTO "times" VALUES ( 18789, 12530, '13:44:00', '13:44:00', 20 );
INSERT INTO "times" VALUES ( 18789, 12540, '13:47:00', '13:48:00', 20 );
INSERT INTO "times" VALUES ( 18789, 12710, '14:01:00', '14:02:00', 20 );
INSERT INTO "times" VALUES ( 18789, 12740, '14:08:00', '14:08:00', 20 );
INSERT INTO "times" VALUES ( 18789, 12780, '14:19:00', '14:19:00', 20 );
INSERT INTO "times" VALUES ( 18789, 12800, '14:21:00', '14:21:00', 20 );
INSERT INTO "times" VALUES ( 18789, 12870, '14:27:00', '14:27:00', 20 );
INSERT INTO "times" VALUES ( 18789, 12890, '14:30:00', '14:30:00', 20 );
INSERT INTO "times" VALUES ( 18789, 12900, '14:32:00', '14:32:00', 20 );
INSERT INTO "times" VALUES ( 18789, 13520, '14:35:00', NULL, NULL );

INSERT INTO "dias" VALUES ( 18790, 180, FALSE, TRUE, 'B1309A', 13520, 12510 );
INSERT INTO "dias_line_groups" VALUES ( 18790, 10 );
INSERT INTO "times" VALUES ( 18790, 12510, '14:42:00', NULL, NULL );
INSERT INTO "times" VALUES ( 18790, 12520, '14:40:00', '14:40:00', 20 );
INSERT INTO "times" VALUES ( 18790, 12530, '14:39:00', '14:39:00', 20 );
INSERT INTO "times" VALUES ( 18790, 12540, '14:35:00', '14:36:00', 20 );
INSERT INTO "times" VALUES ( 18790, 12710, '14:19:00', '14:20:00', 20 );
INSERT INTO "times" VALUES ( 18790, 12740, '14:14:00', '14:14:00', 20 );
INSERT INTO "times" VALUES ( 18790, 12780, '14:03:00', '14:03:00', 20 );
INSERT INTO "times" VALUES ( 18790, 12800, '14:00:00', '14:00:00', 20 );
INSERT INTO "times" VALUES ( 18790, 12870, '13:53:00', '13:53:00', 20 );
INSERT INTO "times" VALUES ( 18790, 12890, '13:51:00', '13:51:00', 20 );
INSERT INTO "times" VALUES ( 18790, 12900, '13:50:00', '13:50:00', 20 );
INSERT INTO "times" VALUES ( 18790, 13520, NULL, '13:46:00', 30 );

INSERT INTO "dias" VALUES ( 18791, 180, FALSE, TRUE, 'B1310Z', 12510, 13520 );
INSERT INTO "dias_line_groups" VALUES ( 18791, 10 );
INSERT INTO "times" VALUES ( 18791, 12510, NULL, '13:50:00', 20 );
INSERT INTO "times" VALUES ( 18791, 12520, '13:51:00', '13:51:00', 20 );
INSERT INTO "times" VALUES ( 18791, 12530, '13:54:00', '13:54:00', 20 );
INSERT INTO "times" VALUES ( 18791, 12540, '13:56:00', '13:58:00', 20 );
INSERT INTO "times" VALUES ( 18791, 12710, '14:11:00', '14:12:00', 20 );
INSERT INTO "times" VALUES ( 18791, 12740, '14:17:00', '14:18:00', 20 );
INSERT INTO "times" VALUES ( 18791, 12780, '14:29:00', '14:29:00', 20 );
INSERT INTO "times" VALUES ( 18791, 12800, '14:31:00', '14:31:00', 20 );
INSERT INTO "times" VALUES ( 18791, 12870, '14:37:00', '14:37:00', 20 );
INSERT INTO "times" VALUES ( 18791, 12890, '14:40:00', '14:40:00', 20 );
INSERT INTO "times" VALUES ( 18791, 12900, '14:42:00', '14:42:00', 20 );
INSERT INTO "times" VALUES ( 18791, 13520, '14:45:00', NULL, NULL );

INSERT INTO "dias" VALUES ( 18792, 180, FALSE, TRUE, 'B1311A', 13520, 12510 );
INSERT INTO "dias_line_groups" VALUES ( 18792, 10 );
INSERT INTO "times" VALUES ( 18792, 12510, '14:52:00', NULL, NULL );
INSERT INTO "times" VALUES ( 18792, 12520, '14:50:00', '14:50:00', 20 );
INSERT INTO "times" VALUES ( 18792, 12530, '14:48:00', '14:48:00', 20 );
INSERT INTO "times" VALUES ( 18792, 12540, '14:44:00', '14:45:00', 20 );
INSERT INTO "times" VALUES ( 18792, 12710, '14:29:00', '14:30:00', 20 );
INSERT INTO "times" VALUES ( 18792, 12740, '14:24:00', '14:24:00', 20 );
INSERT INTO "times" VALUES ( 18792, 12780, '14:13:00', '14:13:00', 20 );
INSERT INTO "times" VALUES ( 18792, 12800, '14:10:00', '14:10:00', 20 );
INSERT INTO "times" VALUES ( 18792, 12870, '14:03:00', '14:03:00', 20 );
INSERT INTO "times" VALUES ( 18792, 12890, '14:01:00', '14:01:00', 20 );
INSERT INTO "times" VALUES ( 18792, 12900, '13:59:00', '14:00:00', 20 );
INSERT INTO "times" VALUES ( 18792, 13520, NULL, '13:56:00', 30 );

INSERT INTO "dias" VALUES ( 18793, 180, FALSE, TRUE, 'B1400Z', 12510, 13520 );
INSERT INTO "dias_line_groups" VALUES ( 18793, 10 );
INSERT INTO "times" VALUES ( 18793, 12510, NULL, '14:00:00', 20 );
INSERT INTO "times" VALUES ( 18793, 12520, '14:01:00', '14:01:00', 20 );
INSERT INTO "times" VALUES ( 18793, 12530, '14:03:00', '14:03:00', 20 );
INSERT INTO "times" VALUES ( 18793, 12540, '14:07:00', '14:07:00', 20 );
INSERT INTO "times" VALUES ( 18793, 12710, '14:21:00', '14:22:00', 20 );
INSERT INTO "times" VALUES ( 18793, 12740, '14:27:00', '14:28:00', 20 );
INSERT INTO "times" VALUES ( 18793, 12780, '14:39:00', '14:39:00', 20 );
INSERT INTO "times" VALUES ( 18793, 12800, '14:41:00', '14:41:00', 20 );
INSERT INTO "times" VALUES ( 18793, 12870, '14:47:00', '14:47:00', 20 );
INSERT INTO "times" VALUES ( 18793, 12890, '14:50:00', '14:50:00', 20 );
INSERT INTO "times" VALUES ( 18793, 12900, '14:52:00', '14:52:00', 20 );
INSERT INTO "times" VALUES ( 18793, 13520, '14:55:00', NULL, NULL );

INSERT INTO "dias" VALUES ( 18794, 180, FALSE, TRUE, 'B1401A', 13520, 12510 );
INSERT INTO "dias_line_groups" VALUES ( 18794, 10 );
INSERT INTO "times" VALUES ( 18794, 12510, '15:02:00', NULL, NULL );
INSERT INTO "times" VALUES ( 18794, 12520, '15:00:00', '15:00:00', 20 );
INSERT INTO "times" VALUES ( 18794, 12530, '14:58:00', '14:58:00', 20 );
INSERT INTO "times" VALUES ( 18794, 12540, '14:54:00', '14:55:00', 20 );
INSERT INTO "times" VALUES ( 18794, 12710, '14:39:00', '14:40:00', 20 );
INSERT INTO "times" VALUES ( 18794, 12740, '14:34:00', '14:34:00', 20 );
INSERT INTO "times" VALUES ( 18794, 12780, '14:23:00', '14:23:00', 20 );
INSERT INTO "times" VALUES ( 18794, 12800, '14:20:00', '14:20:00', 20 );
INSERT INTO "times" VALUES ( 18794, 12870, '14:13:00', '14:13:00', 20 );
INSERT INTO "times" VALUES ( 18794, 12890, '14:11:00', '14:11:00', 20 );
INSERT INTO "times" VALUES ( 18794, 12900, '14:10:00', '14:10:00', 20 );
INSERT INTO "times" VALUES ( 18794, 13520, NULL, '14:06:00', 30 );

INSERT INTO "dias" VALUES ( 18795, 180, FALSE, TRUE, 'B1402Z', 12510, 13520 );
INSERT INTO "dias_line_groups" VALUES ( 18795, 10 );
INSERT INTO "times" VALUES ( 18795, 12510, NULL, '14:10:00', 20 );
INSERT INTO "times" VALUES ( 18795, 12520, '14:12:00', '14:12:00', 20 );
INSERT INTO "times" VALUES ( 18795, 12530, '14:14:00', '14:14:00', 20 );
INSERT INTO "times" VALUES ( 18795, 12540, '14:17:00', '14:18:00', 20 );
INSERT INTO "times" VALUES ( 18795, 12710, '14:31:00', '14:32:00', 20 );
INSERT INTO "times" VALUES ( 18795, 12740, '14:38:00', '14:38:00', 20 );
INSERT INTO "times" VALUES ( 18795, 12780, '14:49:00', '14:49:00', 20 );
INSERT INTO "times" VALUES ( 18795, 12800, '14:51:00', '14:51:00', 20 );
INSERT INTO "times" VALUES ( 18795, 12870, '14:57:00', '14:57:00', 20 );
INSERT INTO "times" VALUES ( 18795, 12890, '15:00:00', '15:00:00', 20 );
INSERT INTO "times" VALUES ( 18795, 12900, '15:02:00', '15:02:00', 20 );
INSERT INTO "times" VALUES ( 18795, 13520, '15:05:00', NULL, NULL );

INSERT INTO "dias" VALUES ( 18796, 180, FALSE, TRUE, 'B1403A', 13520, 12510 );
INSERT INTO "dias_line_groups" VALUES ( 18796, 10 );
INSERT INTO "times" VALUES ( 18796, 12510, '15:12:00', NULL, NULL );
INSERT INTO "times" VALUES ( 18796, 12520, '15:10:00', '15:10:00', 20 );
INSERT INTO "times" VALUES ( 18796, 12530, '15:09:00', '15:09:00', 20 );
INSERT INTO "times" VALUES ( 18796, 12540, '15:05:00', '15:06:00', 20 );
INSERT INTO "times" VALUES ( 18796, 12710, '14:49:00', '14:50:00', 20 );
INSERT INTO "times" VALUES ( 18796, 12740, '14:44:00', '14:44:00', 20 );
INSERT INTO "times" VALUES ( 18796, 12780, '14:33:00', '14:33:00', 20 );
INSERT INTO "times" VALUES ( 18796, 12800, '14:30:00', '14:30:00', 20 );
INSERT INTO "times" VALUES ( 18796, 12870, '14:23:00', '14:23:00', 20 );
INSERT INTO "times" VALUES ( 18796, 12890, '14:21:00', '14:21:00', 20 );
INSERT INTO "times" VALUES ( 18796, 12900, '14:19:00', '14:20:00', 20 );
INSERT INTO "times" VALUES ( 18796, 13520, NULL, '14:16:00', 30 );

INSERT INTO "dias" VALUES ( 18797, 180, FALSE, TRUE, 'B1404Z', 12510, 13520 );
INSERT INTO "dias_line_groups" VALUES ( 18797, 10 );
INSERT INTO "times" VALUES ( 18797, 12510, NULL, '14:20:00', 20 );
INSERT INTO "times" VALUES ( 18797, 12520, '14:21:00', '14:21:00', 20 );
INSERT INTO "times" VALUES ( 18797, 12530, '14:24:00', '14:24:00', 20 );
INSERT INTO "times" VALUES ( 18797, 12540, '14:26:00', '14:28:00', 20 );
INSERT INTO "times" VALUES ( 18797, 12710, '14:41:00', '14:42:00', 20 );
INSERT INTO "times" VALUES ( 18797, 12740, '14:47:00', '14:48:00', 20 );
INSERT INTO "times" VALUES ( 18797, 12780, '14:59:00', '14:59:00', 20 );
INSERT INTO "times" VALUES ( 18797, 12800, '15:01:00', '15:01:00', 20 );
INSERT INTO "times" VALUES ( 18797, 12870, '15:07:00', '15:07:00', 20 );
INSERT INTO "times" VALUES ( 18797, 12890, '15:10:00', '15:10:00', 20 );
INSERT INTO "times" VALUES ( 18797, 12900, '15:12:00', '15:12:00', 20 );
INSERT INTO "times" VALUES ( 18797, 13520, '15:15:00', NULL, NULL );

INSERT INTO "dias" VALUES ( 18798, 180, FALSE, TRUE, 'B1405A', 13520, 12510 );
INSERT INTO "dias_line_groups" VALUES ( 18798, 10 );
INSERT INTO "times" VALUES ( 18798, 12510, '15:22:00', NULL, NULL );
INSERT INTO "times" VALUES ( 18798, 12520, '15:20:00', '15:20:00', 20 );
INSERT INTO "times" VALUES ( 18798, 12530, '15:18:00', '15:18:00', 20 );
INSERT INTO "times" VALUES ( 18798, 12540, '15:14:00', '15:15:00', 20 );
INSERT INTO "times" VALUES ( 18798, 12710, '14:59:00', '15:00:00', 20 );
INSERT INTO "times" VALUES ( 18798, 12740, '14:54:00', '14:54:00', 20 );
INSERT INTO "times" VALUES ( 18798, 12780, '14:43:00', '14:43:00', 20 );
INSERT INTO "times" VALUES ( 18798, 12800, '14:40:00', '14:40:00', 20 );
INSERT INTO "times" VALUES ( 18798, 12870, '14:33:00', '14:33:00', 20 );
INSERT INTO "times" VALUES ( 18798, 12890, '14:31:00', '14:31:00', 20 );
INSERT INTO "times" VALUES ( 18798, 12900, '14:30:00', '14:30:00', 20 );
INSERT INTO "times" VALUES ( 18798, 13520, NULL, '14:26:00', 30 );

INSERT INTO "dias" VALUES ( 18799, 180, FALSE, TRUE, 'B1406Z', 12510, 13520 );
INSERT INTO "dias_line_groups" VALUES ( 18799, 10 );
INSERT INTO "times" VALUES ( 18799, 12510, NULL, '14:30:00', 20 );
INSERT INTO "times" VALUES ( 18799, 12520, '14:31:00', '14:31:00', 20 );
INSERT INTO "times" VALUES ( 18799, 12530, '14:33:00', '14:33:00', 20 );
INSERT INTO "times" VALUES ( 18799, 12540, '14:37:00', '14:37:00', 20 );
INSERT INTO "times" VALUES ( 18799, 12710, '14:51:00', '14:52:00', 20 );
INSERT INTO "times" VALUES ( 18799, 12740, '14:57:00', '14:58:00', 20 );
INSERT INTO "times" VALUES ( 18799, 12780, '15:09:00', '15:09:00', 20 );
INSERT INTO "times" VALUES ( 18799, 12800, '15:11:00', '15:11:00', 20 );
INSERT INTO "times" VALUES ( 18799, 12870, '15:17:00', '15:17:00', 20 );
INSERT INTO "times" VALUES ( 18799, 12890, '15:20:00', '15:20:00', 20 );
INSERT INTO "times" VALUES ( 18799, 12900, '15:22:00', '15:22:00', 20 );
INSERT INTO "times" VALUES ( 18799, 13520, '15:25:00', NULL, NULL );

INSERT INTO "dias" VALUES ( 18800, 180, FALSE, TRUE, 'B1407A', 13520, 12510 );
INSERT INTO "dias_line_groups" VALUES ( 18800, 10 );
INSERT INTO "times" VALUES ( 18800, 12510, '15:32:00', NULL, NULL );
INSERT INTO "times" VALUES ( 18800, 12520, '15:30:00', '15:30:00', 20 );
INSERT INTO "times" VALUES ( 18800, 12530, '15:28:00', '15:28:00', 20 );
INSERT INTO "times" VALUES ( 18800, 12540, '15:24:00', '15:25:00', 20 );
INSERT INTO "times" VALUES ( 18800, 12710, '15:09:00', '15:10:00', 20 );
INSERT INTO "times" VALUES ( 18800, 12740, '15:04:00', '15:04:00', 20 );
INSERT INTO "times" VALUES ( 18800, 12780, '14:53:00', '14:53:00', 20 );
INSERT INTO "times" VALUES ( 18800, 12800, '14:50:00', '14:50:00', 20 );
INSERT INTO "times" VALUES ( 18800, 12870, '14:43:00', '14:43:00', 20 );
INSERT INTO "times" VALUES ( 18800, 12890, '14:41:00', '14:41:00', 20 );
INSERT INTO "times" VALUES ( 18800, 12900, '14:39:00', '14:40:00', 20 );
INSERT INTO "times" VALUES ( 18800, 13520, NULL, '14:36:00', 30 );

INSERT INTO "dias" VALUES ( 18801, 180, FALSE, TRUE, 'B1408Z', 12510, 13520 );
INSERT INTO "dias_line_groups" VALUES ( 18801, 10 );
INSERT INTO "times" VALUES ( 18801, 12510, NULL, '14:40:00', 20 );
INSERT INTO "times" VALUES ( 18801, 12520, '14:42:00', '14:42:00', 20 );
INSERT INTO "times" VALUES ( 18801, 12530, '14:44:00', '14:44:00', 20 );
INSERT INTO "times" VALUES ( 18801, 12540, '14:47:00', '14:48:00', 20 );
INSERT INTO "times" VALUES ( 18801, 12710, '15:01:00', '15:02:00', 20 );
INSERT INTO "times" VALUES ( 18801, 12740, '15:08:00', '15:08:00', 20 );
INSERT INTO "times" VALUES ( 18801, 12780, '15:19:00', '15:19:00', 20 );
INSERT INTO "times" VALUES ( 18801, 12800, '15:21:00', '15:21:00', 20 );
INSERT INTO "times" VALUES ( 18801, 12870, '15:27:00', '15:27:00', 20 );
INSERT INTO "times" VALUES ( 18801, 12890, '15:30:00', '15:30:00', 20 );
INSERT INTO "times" VALUES ( 18801, 12900, '15:32:00', '15:32:00', 20 );
INSERT INTO "times" VALUES ( 18801, 13520, '15:35:00', NULL, NULL );

INSERT INTO "dias" VALUES ( 18802, 180, FALSE, TRUE, 'B1409A', 13520, 12510 );
INSERT INTO "dias_line_groups" VALUES ( 18802, 10 );
INSERT INTO "times" VALUES ( 18802, 12510, '15:42:00', NULL, NULL );
INSERT INTO "times" VALUES ( 18802, 12520, '15:40:00', '15:40:00', 20 );
INSERT INTO "times" VALUES ( 18802, 12530, '15:39:00', '15:39:00', 20 );
INSERT INTO "times" VALUES ( 18802, 12540, '15:35:00', '15:36:00', 20 );
INSERT INTO "times" VALUES ( 18802, 12710, '15:19:00', '15:20:00', 20 );
INSERT INTO "times" VALUES ( 18802, 12740, '15:14:00', '15:14:00', 20 );
INSERT INTO "times" VALUES ( 18802, 12780, '15:03:00', '15:03:00', 20 );
INSERT INTO "times" VALUES ( 18802, 12800, '15:00:00', '15:00:00', 20 );
INSERT INTO "times" VALUES ( 18802, 12870, '14:53:00', '14:53:00', 20 );
INSERT INTO "times" VALUES ( 18802, 12890, '14:51:00', '14:51:00', 20 );
INSERT INTO "times" VALUES ( 18802, 12900, '14:50:00', '14:50:00', 20 );
INSERT INTO "times" VALUES ( 18802, 13520, NULL, '14:46:00', 30 );

INSERT INTO "dias" VALUES ( 18803, 180, FALSE, TRUE, 'B1410Z', 12510, 13520 );
INSERT INTO "dias_line_groups" VALUES ( 18803, 10 );
INSERT INTO "times" VALUES ( 18803, 12510, NULL, '14:50:00', 20 );
INSERT INTO "times" VALUES ( 18803, 12520, '14:51:00', '14:51:00', 20 );
INSERT INTO "times" VALUES ( 18803, 12530, '14:54:00', '14:54:00', 20 );
INSERT INTO "times" VALUES ( 18803, 12540, '14:56:00', '14:58:00', 20 );
INSERT INTO "times" VALUES ( 18803, 12710, '15:11:00', '15:12:00', 20 );
INSERT INTO "times" VALUES ( 18803, 12740, '15:17:00', '15:18:00', 20 );
INSERT INTO "times" VALUES ( 18803, 12780, '15:29:00', '15:29:00', 20 );
INSERT INTO "times" VALUES ( 18803, 12800, '15:31:00', '15:31:00', 20 );
INSERT INTO "times" VALUES ( 18803, 12870, '15:37:00', '15:37:00', 20 );
INSERT INTO "times" VALUES ( 18803, 12890, '15:40:00', '15:40:00', 20 );
INSERT INTO "times" VALUES ( 18803, 12900, '15:41:00', '15:43:00', 20 );
INSERT INTO "times" VALUES ( 18803, 13520, '15:47:00', NULL, NULL );

INSERT INTO "dias" VALUES ( 18804, 180, FALSE, TRUE, 'B1411A', 13520, 12510 );
INSERT INTO "dias_line_groups" VALUES ( 18804, 10 );
INSERT INTO "times" VALUES ( 18804, 12510, '15:52:00', NULL, NULL );
INSERT INTO "times" VALUES ( 18804, 12520, '15:50:00', '15:50:00', 20 );
INSERT INTO "times" VALUES ( 18804, 12530, '15:48:00', '15:48:00', 20 );
INSERT INTO "times" VALUES ( 18804, 12540, '15:44:00', '15:45:00', 20 );
INSERT INTO "times" VALUES ( 18804, 12710, '15:29:00', '15:30:00', 20 );
INSERT INTO "times" VALUES ( 18804, 12740, '15:24:00', '15:24:00', 20 );
INSERT INTO "times" VALUES ( 18804, 12780, '15:13:00', '15:13:00', 20 );
INSERT INTO "times" VALUES ( 18804, 12800, '15:10:00', '15:10:00', 20 );
INSERT INTO "times" VALUES ( 18804, 12870, '15:03:00', '15:03:00', 20 );
INSERT INTO "times" VALUES ( 18804, 12890, '15:01:00', '15:01:00', 20 );
INSERT INTO "times" VALUES ( 18804, 12900, '14:59:00', '15:00:00', 20 );
INSERT INTO "times" VALUES ( 18804, 13520, NULL, '14:56:00', 30 );

INSERT INTO "dias" VALUES ( 18805, 180, FALSE, TRUE, 'B1500Z', 12510, 13520 );
INSERT INTO "dias_line_groups" VALUES ( 18805, 10 );
INSERT INTO "times" VALUES ( 18805, 12510, NULL, '15:00:00', 20 );
INSERT INTO "times" VALUES ( 18805, 12520, '15:01:00', '15:01:00', 20 );
INSERT INTO "times" VALUES ( 18805, 12530, '15:03:00', '15:03:00', 20 );
INSERT INTO "times" VALUES ( 18805, 12540, '15:07:00', '15:07:00', 20 );
INSERT INTO "times" VALUES ( 18805, 12710, '15:21:00', '15:22:00', 20 );
INSERT INTO "times" VALUES ( 18805, 12740, '15:27:00', '15:28:00', 20 );
INSERT INTO "times" VALUES ( 18805, 12780, '15:39:00', '15:39:00', 20 );
INSERT INTO "times" VALUES ( 18805, 12800, '15:41:00', '15:41:00', 20 );
INSERT INTO "times" VALUES ( 18805, 12870, '15:47:00', '15:47:00', 20 );
INSERT INTO "times" VALUES ( 18805, 12890, '15:50:00', '15:50:00', 20 );
INSERT INTO "times" VALUES ( 18805, 12900, '15:52:00', '15:52:00', 20 );
INSERT INTO "times" VALUES ( 18805, 13520, '15:55:00', NULL, NULL );

INSERT INTO "dias" VALUES ( 18806, 180, FALSE, TRUE, 'B1501A', 13520, 12510 );
INSERT INTO "dias_line_groups" VALUES ( 18806, 10 );
INSERT INTO "times" VALUES ( 18806, 12510, '16:02:00', NULL, NULL );
INSERT INTO "times" VALUES ( 18806, 12520, '16:00:00', '16:00:00', 20 );
INSERT INTO "times" VALUES ( 18806, 12530, '15:58:00', '15:58:00', 20 );
INSERT INTO "times" VALUES ( 18806, 12540, '15:54:00', '15:55:00', 20 );
INSERT INTO "times" VALUES ( 18806, 12710, '15:39:00', '15:40:00', 20 );
INSERT INTO "times" VALUES ( 18806, 12740, '15:34:00', '15:34:00', 20 );
INSERT INTO "times" VALUES ( 18806, 12780, '15:23:00', '15:23:00', 20 );
INSERT INTO "times" VALUES ( 18806, 12800, '15:20:00', '15:20:00', 20 );
INSERT INTO "times" VALUES ( 18806, 12870, '15:13:00', '15:13:00', 20 );
INSERT INTO "times" VALUES ( 18806, 12890, '15:11:00', '15:11:00', 20 );
INSERT INTO "times" VALUES ( 18806, 12900, '15:09:00', '15:09:00', 20 );
INSERT INTO "times" VALUES ( 18806, 13520, NULL, '15:06:00', 30 );

INSERT INTO "dias" VALUES ( 18807, 180, FALSE, TRUE, 'B1502Z', 12510, 13520 );
INSERT INTO "dias_line_groups" VALUES ( 18807, 10 );
INSERT INTO "times" VALUES ( 18807, 12510, NULL, '15:10:00', 20 );
INSERT INTO "times" VALUES ( 18807, 12520, '15:12:00', '15:12:00', 20 );
INSERT INTO "times" VALUES ( 18807, 12530, '15:14:00', '15:14:00', 20 );
INSERT INTO "times" VALUES ( 18807, 12540, '15:17:00', '15:18:00', 20 );
INSERT INTO "times" VALUES ( 18807, 12710, '15:31:00', '15:32:00', 20 );
INSERT INTO "times" VALUES ( 18807, 12740, '15:38:00', '15:38:00', 20 );
INSERT INTO "times" VALUES ( 18807, 12780, '15:49:00', '15:49:00', 20 );
INSERT INTO "times" VALUES ( 18807, 12800, '15:51:00', '15:51:00', 20 );
INSERT INTO "times" VALUES ( 18807, 12870, '15:57:00', '15:57:00', 20 );
INSERT INTO "times" VALUES ( 18807, 12890, '16:00:00', '16:00:00', 20 );
INSERT INTO "times" VALUES ( 18807, 12900, '16:02:00', '16:02:00', 20 );
INSERT INTO "times" VALUES ( 18807, 13520, '16:05:00', NULL, NULL );

INSERT INTO "dias" VALUES ( 18808, 180, FALSE, TRUE, 'B1503A', 13520, 12510 );
INSERT INTO "dias_line_groups" VALUES ( 18808, 10 );
INSERT INTO "times" VALUES ( 18808, 12510, '16:12:00', NULL, NULL );
INSERT INTO "times" VALUES ( 18808, 12520, '16:10:00', '16:10:00', 20 );
INSERT INTO "times" VALUES ( 18808, 12530, '16:09:00', '16:09:00', 20 );
INSERT INTO "times" VALUES ( 18808, 12540, '16:05:00', '16:06:00', 20 );
INSERT INTO "times" VALUES ( 18808, 12710, '15:49:00', '15:50:00', 20 );
INSERT INTO "times" VALUES ( 18808, 12740, '15:44:00', '15:44:00', 20 );
INSERT INTO "times" VALUES ( 18808, 12780, '15:33:00', '15:33:00', 20 );
INSERT INTO "times" VALUES ( 18808, 12800, '15:30:00', '15:30:00', 20 );
INSERT INTO "times" VALUES ( 18808, 12870, '15:22:00', '15:22:00', 20 );
INSERT INTO "times" VALUES ( 18808, 12890, '15:20:00', '15:20:00', 20 );
INSERT INTO "times" VALUES ( 18808, 12900, '15:18:00', '15:18:00', 20 );
INSERT INTO "times" VALUES ( 18808, 13520, NULL, '15:15:00', 30 );

INSERT INTO "dias" VALUES ( 18809, 180, FALSE, TRUE, 'B1504Z', 12510, 13520 );
INSERT INTO "dias_line_groups" VALUES ( 18809, 10 );
INSERT INTO "times" VALUES ( 18809, 12510, NULL, '15:20:00', 20 );
INSERT INTO "times" VALUES ( 18809, 12520, '15:21:00', '15:21:00', 20 );
INSERT INTO "times" VALUES ( 18809, 12530, '15:24:00', '15:24:00', 20 );
INSERT INTO "times" VALUES ( 18809, 12540, '15:26:00', '15:28:00', 20 );
INSERT INTO "times" VALUES ( 18809, 12710, '15:41:00', '15:42:00', 20 );
INSERT INTO "times" VALUES ( 18809, 12740, '15:47:00', '15:48:00', 20 );
INSERT INTO "times" VALUES ( 18809, 12780, '15:59:00', '15:59:00', 20 );
INSERT INTO "times" VALUES ( 18809, 12800, '16:01:00', '16:01:00', 20 );
INSERT INTO "times" VALUES ( 18809, 12870, '16:07:00', '16:07:00', 20 );
INSERT INTO "times" VALUES ( 18809, 12890, '16:10:00', '16:10:00', 20 );
INSERT INTO "times" VALUES ( 18809, 12900, '16:11:00', '16:13:00', 20 );
INSERT INTO "times" VALUES ( 18809, 13520, '16:17:00', NULL, NULL );

INSERT INTO "dias" VALUES ( 18810, 180, FALSE, TRUE, 'B1505A', 13520, 12510 );
INSERT INTO "dias_line_groups" VALUES ( 18810, 10 );
INSERT INTO "times" VALUES ( 18810, 12510, '16:22:00', NULL, NULL );
INSERT INTO "times" VALUES ( 18810, 12520, '16:20:00', '16:20:00', 20 );
INSERT INTO "times" VALUES ( 18810, 12530, '16:18:00', '16:18:00', 20 );
INSERT INTO "times" VALUES ( 18810, 12540, '16:14:00', '16:15:00', 20 );
INSERT INTO "times" VALUES ( 18810, 12710, '15:59:00', '16:00:00', 20 );
INSERT INTO "times" VALUES ( 18810, 12740, '15:52:00', '15:53:00', 20 );
INSERT INTO "times" VALUES ( 18810, 12780, '15:42:00', '15:42:00', 20 );
INSERT INTO "times" VALUES ( 18810, 12800, '15:39:00', '15:39:00', 20 );
INSERT INTO "times" VALUES ( 18810, 12870, '15:32:00', '15:32:00', 20 );
INSERT INTO "times" VALUES ( 18810, 12890, '15:30:00', '15:30:00', 20 );
INSERT INTO "times" VALUES ( 18810, 12900, '15:27:00', '15:28:00', 20 );
INSERT INTO "times" VALUES ( 18810, 13520, NULL, '15:24:00', 30 );

INSERT INTO "dias" VALUES ( 18811, 180, FALSE, TRUE, 'B1506Z', 12510, 13520 );
INSERT INTO "dias_line_groups" VALUES ( 18811, 10 );
INSERT INTO "times" VALUES ( 18811, 12510, NULL, '15:30:00', 20 );
INSERT INTO "times" VALUES ( 18811, 12520, '15:31:00', '15:31:00', 20 );
INSERT INTO "times" VALUES ( 18811, 12530, '15:33:00', '15:33:00', 20 );
INSERT INTO "times" VALUES ( 18811, 12540, '15:37:00', '15:37:00', 20 );
INSERT INTO "times" VALUES ( 18811, 12710, '15:51:00', '15:52:00', 20 );
INSERT INTO "times" VALUES ( 18811, 12740, '15:57:00', '15:58:00', 20 );
INSERT INTO "times" VALUES ( 18811, 12780, '16:09:00', '16:09:00', 20 );
INSERT INTO "times" VALUES ( 18811, 12800, '16:11:00', '16:11:00', 20 );
INSERT INTO "times" VALUES ( 18811, 12870, '16:19:00', '16:19:00', 20 );
INSERT INTO "times" VALUES ( 18811, 12890, '16:22:00', '16:22:00', 20 );
INSERT INTO "times" VALUES ( 18811, 12900, '16:24:00', '16:24:00', 20 );
INSERT INTO "times" VALUES ( 18811, 13520, '16:27:00', NULL, NULL );

INSERT INTO "dias" VALUES ( 18812, 180, FALSE, TRUE, 'B1507A', 13520, 12510 );
INSERT INTO "dias_line_groups" VALUES ( 18812, 10 );
INSERT INTO "times" VALUES ( 18812, 12510, '16:32:00', NULL, NULL );
INSERT INTO "times" VALUES ( 18812, 12520, '16:29:00', '16:29:00', 20 );
INSERT INTO "times" VALUES ( 18812, 12530, '16:27:00', '16:27:00', 20 );
INSERT INTO "times" VALUES ( 18812, 12540, '16:23:00', '16:24:00', 20 );
INSERT INTO "times" VALUES ( 18812, 12710, '16:09:00', '16:09:00', 20 );
INSERT INTO "times" VALUES ( 18812, 12740, '16:02:00', '16:03:00', 20 );
INSERT INTO "times" VALUES ( 18812, 12780, '15:52:00', '15:52:00', 20 );
INSERT INTO "times" VALUES ( 18812, 12800, '15:49:00', '15:49:00', 20 );
INSERT INTO "times" VALUES ( 18812, 12870, '15:42:00', '15:42:00', 20 );
INSERT INTO "times" VALUES ( 18812, 12890, '15:40:00', '15:40:00', 20 );
INSERT INTO "times" VALUES ( 18812, 12900, '15:37:00', '15:38:00', 20 );
INSERT INTO "times" VALUES ( 18812, 13520, NULL, '15:33:00', 30 );

INSERT INTO "dias" VALUES ( 18813, 180, FALSE, TRUE, 'B1508Z', 12510, 13520 );
INSERT INTO "dias_line_groups" VALUES ( 18813, 10 );
INSERT INTO "times" VALUES ( 18813, 12510, NULL, '15:40:00', 20 );
INSERT INTO "times" VALUES ( 18813, 12520, '15:42:00', '15:42:00', 20 );
INSERT INTO "times" VALUES ( 18813, 12530, '15:44:00', '15:44:00', 20 );
INSERT INTO "times" VALUES ( 18813, 12540, '15:47:00', '15:48:00', 20 );
INSERT INTO "times" VALUES ( 18813, 12710, '16:01:00', '16:02:00', 20 );
INSERT INTO "times" VALUES ( 18813, 12740, '16:08:00', '16:08:00', 20 );
INSERT INTO "times" VALUES ( 18813, 12780, '16:19:00', '16:19:00', 20 );
INSERT INTO "times" VALUES ( 18813, 12800, '16:21:00', '16:21:00', 20 );
INSERT INTO "times" VALUES ( 18813, 12870, '16:27:00', '16:27:00', 20 );
INSERT INTO "times" VALUES ( 18813, 12890, '16:30:00', '16:30:00', 20 );
INSERT INTO "times" VALUES ( 18813, 12900, '16:32:00', '16:32:00', 20 );
INSERT INTO "times" VALUES ( 18813, 13520, '16:35:00', NULL, NULL );

INSERT INTO "dias" VALUES ( 18814, 180, FALSE, TRUE, 'B1509A', 13520, 12510 );
INSERT INTO "dias_line_groups" VALUES ( 18814, 10 );
INSERT INTO "times" VALUES ( 18814, 12510, '16:42:00', NULL, NULL );
INSERT INTO "times" VALUES ( 18814, 12520, '16:41:00', '16:41:00', 20 );
INSERT INTO "times" VALUES ( 18814, 12530, '16:39:00', '16:39:00', 20 );
INSERT INTO "times" VALUES ( 18814, 12540, '16:36:00', '16:36:00', 20 );
INSERT INTO "times" VALUES ( 18814, 12710, '16:21:00', '16:21:00', 20 );
INSERT INTO "times" VALUES ( 18814, 12740, '16:15:00', '16:15:00', 20 );
INSERT INTO "times" VALUES ( 18814, 12780, '16:04:00', '16:04:00', 20 );
INSERT INTO "times" VALUES ( 18814, 12800, '16:01:00', '16:01:00', 20 );
INSERT INTO "times" VALUES ( 18814, 12870, '15:53:00', '15:53:00', 20 );
INSERT INTO "times" VALUES ( 18814, 12890, '15:50:00', '15:50:00', 20 );
INSERT INTO "times" VALUES ( 18814, 12900, '15:48:00', '15:49:00', 20 );
INSERT INTO "times" VALUES ( 18814, 13520, NULL, '15:45:00', 30 );

INSERT INTO "dias" VALUES ( 18815, 180, FALSE, TRUE, 'B1510Z', 12510, 13520 );
INSERT INTO "dias_line_groups" VALUES ( 18815, 10 );
INSERT INTO "times" VALUES ( 18815, 12510, NULL, '15:50:00', 20 );
INSERT INTO "times" VALUES ( 18815, 12520, '15:51:00', '15:51:00', 20 );
INSERT INTO "times" VALUES ( 18815, 12530, '15:53:00', '15:53:00', 20 );
INSERT INTO "times" VALUES ( 18815, 12540, '15:57:00', '15:57:00', 20 );
INSERT INTO "times" VALUES ( 18815, 12710, '16:11:00', '16:12:00', 20 );
INSERT INTO "times" VALUES ( 18815, 12740, '16:17:00', '16:18:00', 20 );
INSERT INTO "times" VALUES ( 18815, 12780, '16:29:00', '16:29:00', 20 );
INSERT INTO "times" VALUES ( 18815, 12800, '16:31:00', '16:31:00', 20 );
INSERT INTO "times" VALUES ( 18815, 12870, '16:37:00', '16:37:00', 20 );
INSERT INTO "times" VALUES ( 18815, 12890, '16:40:00', '16:40:00', 20 );
INSERT INTO "times" VALUES ( 18815, 12900, '16:41:00', '16:43:00', 20 );
INSERT INTO "times" VALUES ( 18815, 13520, '16:47:00', NULL, NULL );

INSERT INTO "dias" VALUES ( 18816, 180, FALSE, TRUE, 'B1511A', 13520, 12510 );
INSERT INTO "dias_line_groups" VALUES ( 18816, 10 );
INSERT INTO "times" VALUES ( 18816, 12510, '16:52:00', NULL, NULL );
INSERT INTO "times" VALUES ( 18816, 12520, '16:50:00', '16:50:00', 20 );
INSERT INTO "times" VALUES ( 18816, 12530, '16:48:00', '16:48:00', 20 );
INSERT INTO "times" VALUES ( 18816, 12540, '16:45:00', '16:45:00', 20 );
INSERT INTO "times" VALUES ( 18816, 12710, '16:30:00', '16:31:00', 20 );
INSERT INTO "times" VALUES ( 18816, 12740, '16:23:00', '16:25:00', 20 );
INSERT INTO "times" VALUES ( 18816, 12780, '16:12:00', '16:13:00', 20 );
INSERT INTO "times" VALUES ( 18816, 12800, '16:10:00', '16:10:00', 20 );
INSERT INTO "times" VALUES ( 18816, 12870, '16:02:00', '16:02:00', 20 );
INSERT INTO "times" VALUES ( 18816, 12890, '16:00:00', '16:00:00', 20 );
INSERT INTO "times" VALUES ( 18816, 12900, '15:58:00', '15:58:00', 20 );
INSERT INTO "times" VALUES ( 18816, 13520, NULL, '15:55:00', 30 );

INSERT INTO "dias" VALUES ( 18817, 180, FALSE, TRUE, 'B1600Z', 12510, 13520 );
INSERT INTO "dias_line_groups" VALUES ( 18817, 10 );
INSERT INTO "times" VALUES ( 18817, 12510, NULL, '16:00:00', 20 );
INSERT INTO "times" VALUES ( 18817, 12520, '16:01:00', '16:01:00', 20 );
INSERT INTO "times" VALUES ( 18817, 12530, '16:03:00', '16:03:00', 20 );
INSERT INTO "times" VALUES ( 18817, 12540, '16:07:00', '16:07:00', 20 );
INSERT INTO "times" VALUES ( 18817, 12710, '16:21:00', '16:22:00', 20 );
INSERT INTO "times" VALUES ( 18817, 12740, '16:27:00', '16:28:00', 20 );
INSERT INTO "times" VALUES ( 18817, 12780, '16:39:00', '16:39:00', 20 );
INSERT INTO "times" VALUES ( 18817, 12800, '16:41:00', '16:41:00', 20 );
INSERT INTO "times" VALUES ( 18817, 12870, '16:47:00', '16:47:00', 20 );
INSERT INTO "times" VALUES ( 18817, 12890, '16:50:00', '16:50:00', 20 );
INSERT INTO "times" VALUES ( 18817, 12900, '16:52:00', '16:52:00', 20 );
INSERT INTO "times" VALUES ( 18817, 13520, '16:55:00', NULL, NULL );

INSERT INTO "dias" VALUES ( 18818, 180, FALSE, TRUE, 'B1601A', 13520, 12510 );
INSERT INTO "dias_line_groups" VALUES ( 18818, 10 );
INSERT INTO "times" VALUES ( 18818, 12510, '17:02:00', NULL, NULL );
INSERT INTO "times" VALUES ( 18818, 12520, '16:59:00', '16:59:00', 20 );
INSERT INTO "times" VALUES ( 18818, 12530, '16:57:00', '16:57:00', 20 );
INSERT INTO "times" VALUES ( 18818, 12540, '16:53:00', '16:54:00', 20 );
INSERT INTO "times" VALUES ( 18818, 12710, '16:39:00', '16:39:00', 20 );
INSERT INTO "times" VALUES ( 18818, 12740, '16:32:00', '16:33:00', 20 );
INSERT INTO "times" VALUES ( 18818, 12780, '16:22:00', '16:22:00', 20 );
INSERT INTO "times" VALUES ( 18818, 12800, '16:19:00', '16:19:00', 20 );
INSERT INTO "times" VALUES ( 18818, 12870, '16:12:00', '16:12:00', 20 );
INSERT INTO "times" VALUES ( 18818, 12890, '16:10:00', '16:10:00', 20 );
INSERT INTO "times" VALUES ( 18818, 12900, '16:07:00', '16:08:00', 20 );
INSERT INTO "times" VALUES ( 18818, 13520, NULL, '16:03:00', 30 );

INSERT INTO "dias" VALUES ( 18819, 180, FALSE, TRUE, 'B1602Z', 12510, 13520 );
INSERT INTO "dias_line_groups" VALUES ( 18819, 10 );
INSERT INTO "times" VALUES ( 18819, 12510, NULL, '16:10:00', 20 );
INSERT INTO "times" VALUES ( 18819, 12520, '16:12:00', '16:12:00', 20 );
INSERT INTO "times" VALUES ( 18819, 12530, '16:14:00', '16:14:00', 20 );
INSERT INTO "times" VALUES ( 18819, 12540, '16:17:00', '16:18:00', 20 );
INSERT INTO "times" VALUES ( 18819, 12710, '16:31:00', '16:32:00', 20 );
INSERT INTO "times" VALUES ( 18819, 12740, '16:38:00', '16:38:00', 20 );
INSERT INTO "times" VALUES ( 18819, 12780, '16:49:00', '16:49:00', 20 );
INSERT INTO "times" VALUES ( 18819, 12800, '16:51:00', '16:51:00', 20 );
INSERT INTO "times" VALUES ( 18819, 12870, '16:59:00', '16:59:00', 20 );
INSERT INTO "times" VALUES ( 18819, 12890, '17:02:00', '17:02:00', 20 );
INSERT INTO "times" VALUES ( 18819, 12900, '17:04:00', '17:04:00', 20 );
INSERT INTO "times" VALUES ( 18819, 13520, '17:07:00', NULL, NULL );

INSERT INTO "dias" VALUES ( 18820, 180, FALSE, TRUE, 'B1603A', 13520, 12510 );
INSERT INTO "dias_line_groups" VALUES ( 18820, 10 );
INSERT INTO "times" VALUES ( 18820, 12510, '17:13:00', NULL, NULL );
INSERT INTO "times" VALUES ( 18820, 12520, '17:11:00', '17:11:00', 20 );
INSERT INTO "times" VALUES ( 18820, 12530, '17:09:00', '17:09:00', 20 );
INSERT INTO "times" VALUES ( 18820, 12540, '17:05:00', '17:06:00', 20 );
INSERT INTO "times" VALUES ( 18820, 12710, '16:50:00', '16:51:00', 20 );
INSERT INTO "times" VALUES ( 18820, 12740, '16:45:00', '16:45:00', 20 );
INSERT INTO "times" VALUES ( 18820, 12780, '16:34:00', '16:34:00', 20 );
INSERT INTO "times" VALUES ( 18820, 12800, '16:31:00', '16:31:00', 20 );
INSERT INTO "times" VALUES ( 18820, 12870, '16:23:00', '16:23:00', 20 );
INSERT INTO "times" VALUES ( 18820, 12890, '16:20:00', '16:20:00', 20 );
INSERT INTO "times" VALUES ( 18820, 12900, '16:18:00', '16:19:00', 20 );
INSERT INTO "times" VALUES ( 18820, 13520, NULL, '16:15:00', 30 );

INSERT INTO "dias" VALUES ( 18821, 180, FALSE, TRUE, 'B1604Z', 12510, 13520 );
INSERT INTO "dias_line_groups" VALUES ( 18821, 10 );
INSERT INTO "times" VALUES ( 18821, 12510, NULL, '16:20:00', 20 );
INSERT INTO "times" VALUES ( 18821, 12520, '16:21:00', '16:21:00', 20 );
INSERT INTO "times" VALUES ( 18821, 12530, '16:23:00', '16:23:00', 20 );
INSERT INTO "times" VALUES ( 18821, 12540, '16:27:00', '16:27:00', 20 );
INSERT INTO "times" VALUES ( 18821, 12710, '16:41:00', '16:42:00', 20 );
INSERT INTO "times" VALUES ( 18821, 12740, '16:47:00', '16:48:00', 20 );
INSERT INTO "times" VALUES ( 18821, 12780, '16:59:00', '16:59:00', 20 );
INSERT INTO "times" VALUES ( 18821, 12800, '17:01:00', '17:01:00', 20 );
INSERT INTO "times" VALUES ( 18821, 12870, '17:07:00', '17:07:00', 20 );
INSERT INTO "times" VALUES ( 18821, 12890, '17:10:00', '17:10:00', 20 );
INSERT INTO "times" VALUES ( 18821, 12900, '17:11:00', '17:13:00', 20 );
INSERT INTO "times" VALUES ( 18821, 13520, '17:17:00', NULL, NULL );

INSERT INTO "dias" VALUES ( 18822, 180, FALSE, TRUE, 'B1605A', 13520, 12510 );
INSERT INTO "dias_line_groups" VALUES ( 18822, 10 );
INSERT INTO "times" VALUES ( 18822, 12510, '17:22:00', NULL, NULL );
INSERT INTO "times" VALUES ( 18822, 12520, '17:20:00', '17:20:00', 20 );
INSERT INTO "times" VALUES ( 18822, 12530, '17:18:00', '17:18:00', 20 );
INSERT INTO "times" VALUES ( 18822, 12540, '17:14:00', '17:15:00', 20 );
INSERT INTO "times" VALUES ( 18822, 12710, '16:59:00', '17:00:00', 20 );
INSERT INTO "times" VALUES ( 18822, 12740, '16:53:00', '16:53:00', 20 );
INSERT INTO "times" VALUES ( 18822, 12780, '16:42:00', '16:43:00', 20 );
INSERT INTO "times" VALUES ( 18822, 12800, '16:40:00', '16:40:00', 20 );
INSERT INTO "times" VALUES ( 18822, 12870, '16:32:00', '16:32:00', 20 );
INSERT INTO "times" VALUES ( 18822, 12890, '16:30:00', '16:30:00', 20 );
INSERT INTO "times" VALUES ( 18822, 12900, '16:28:00', '16:28:00', 20 );
INSERT INTO "times" VALUES ( 18822, 13520, NULL, '16:25:00', 30 );

INSERT INTO "dias" VALUES ( 18823, 180, FALSE, TRUE, 'B1606Z', 12510, 13520 );
INSERT INTO "dias_line_groups" VALUES ( 18823, 10 );
INSERT INTO "times" VALUES ( 18823, 12510, NULL, '16:30:00', 20 );
INSERT INTO "times" VALUES ( 18823, 12520, '16:31:00', '16:31:00', 20 );
INSERT INTO "times" VALUES ( 18823, 12530, '16:33:00', '16:33:00', 20 );
INSERT INTO "times" VALUES ( 18823, 12540, '16:37:00', '16:37:00', 20 );
INSERT INTO "times" VALUES ( 18823, 12710, '16:51:00', '16:52:00', 20 );
INSERT INTO "times" VALUES ( 18823, 12740, '16:57:00', '16:58:00', 20 );
INSERT INTO "times" VALUES ( 18823, 12780, '17:09:00', '17:09:00', 20 );
INSERT INTO "times" VALUES ( 18823, 12800, '17:11:00', '17:11:00', 20 );
INSERT INTO "times" VALUES ( 18823, 12870, '17:17:00', '17:17:00', 20 );
INSERT INTO "times" VALUES ( 18823, 12890, '17:20:00', '17:20:00', 20 );
INSERT INTO "times" VALUES ( 18823, 12900, '17:22:00', '17:22:00', 20 );
INSERT INTO "times" VALUES ( 18823, 13520, '17:25:00', NULL, NULL );

INSERT INTO "dias" VALUES ( 18824, 180, FALSE, TRUE, 'B1607A', 13520, 12510 );
INSERT INTO "dias_line_groups" VALUES ( 18824, 10 );
INSERT INTO "times" VALUES ( 18824, 12510, '17:32:00', NULL, NULL );
INSERT INTO "times" VALUES ( 18824, 12520, '17:29:00', '17:29:00', 20 );
INSERT INTO "times" VALUES ( 18824, 12530, '17:27:00', '17:27:00', 20 );
INSERT INTO "times" VALUES ( 18824, 12540, '17:23:00', '17:24:00', 20 );
INSERT INTO "times" VALUES ( 18824, 12710, '17:09:00', '17:09:00', 20 );
INSERT INTO "times" VALUES ( 18824, 12740, '17:02:00', '17:03:00', 20 );
INSERT INTO "times" VALUES ( 18824, 12780, '16:52:00', '16:52:00', 20 );
INSERT INTO "times" VALUES ( 18824, 12800, '16:49:00', '16:49:00', 20 );
INSERT INTO "times" VALUES ( 18824, 12870, '16:42:00', '16:42:00', 20 );
INSERT INTO "times" VALUES ( 18824, 12890, '16:40:00', '16:40:00', 20 );
INSERT INTO "times" VALUES ( 18824, 12900, '16:37:00', '16:38:00', 20 );
INSERT INTO "times" VALUES ( 18824, 13520, NULL, '16:33:00', 30 );

INSERT INTO "dias" VALUES ( 18825, 180, FALSE, TRUE, 'B1608Z', 12510, 13520 );
INSERT INTO "dias_line_groups" VALUES ( 18825, 10 );
INSERT INTO "times" VALUES ( 18825, 12510, NULL, '16:40:00', 20 );
INSERT INTO "times" VALUES ( 18825, 12520, '16:42:00', '16:42:00', 20 );
INSERT INTO "times" VALUES ( 18825, 12530, '16:44:00', '16:44:00', 20 );
INSERT INTO "times" VALUES ( 18825, 12540, '16:47:00', '16:48:00', 20 );
INSERT INTO "times" VALUES ( 18825, 12710, '17:01:00', '17:02:00', 20 );
INSERT INTO "times" VALUES ( 18825, 12740, '17:08:00', '17:08:00', 20 );
INSERT INTO "times" VALUES ( 18825, 12780, '17:19:00', '17:19:00', 20 );
INSERT INTO "times" VALUES ( 18825, 12800, '17:21:00', '17:21:00', 20 );
INSERT INTO "times" VALUES ( 18825, 12870, '17:29:00', '17:29:00', 20 );
INSERT INTO "times" VALUES ( 18825, 12890, '17:32:00', '17:32:00', 20 );
INSERT INTO "times" VALUES ( 18825, 12900, '17:34:00', '17:34:00', 20 );
INSERT INTO "times" VALUES ( 18825, 13520, '17:37:00', NULL, NULL );

INSERT INTO "dias" VALUES ( 18826, 180, FALSE, TRUE, 'B1609A', 13520, 12510 );
INSERT INTO "dias_line_groups" VALUES ( 18826, 10 );
INSERT INTO "times" VALUES ( 18826, 12510, '17:43:00', NULL, NULL );
INSERT INTO "times" VALUES ( 18826, 12520, '17:41:00', '17:41:00', 20 );
INSERT INTO "times" VALUES ( 18826, 12530, '17:40:00', '17:40:00', 20 );
INSERT INTO "times" VALUES ( 18826, 12540, '17:36:00', '17:37:00', 20 );
INSERT INTO "times" VALUES ( 18826, 12710, '17:20:00', '17:21:00', 20 );
INSERT INTO "times" VALUES ( 18826, 12740, '17:14:00', '17:15:00', 20 );
INSERT INTO "times" VALUES ( 18826, 12780, '17:04:00', '17:04:00', 20 );
INSERT INTO "times" VALUES ( 18826, 12800, '17:01:00', '17:01:00', 20 );
INSERT INTO "times" VALUES ( 18826, 12870, '16:53:00', '16:53:00', 20 );
INSERT INTO "times" VALUES ( 18826, 12890, '16:50:00', '16:50:00', 20 );
INSERT INTO "times" VALUES ( 18826, 12900, '16:48:00', '16:49:00', 20 );
INSERT INTO "times" VALUES ( 18826, 13520, NULL, '16:45:00', 30 );

INSERT INTO "dias" VALUES ( 18827, 180, FALSE, TRUE, 'B1610Z', 12510, 13520 );
INSERT INTO "dias_line_groups" VALUES ( 18827, 10 );
INSERT INTO "times" VALUES ( 18827, 12510, NULL, '16:50:00', 20 );
INSERT INTO "times" VALUES ( 18827, 12520, '16:51:00', '16:51:00', 20 );
INSERT INTO "times" VALUES ( 18827, 12530, '16:53:00', '16:53:00', 20 );
INSERT INTO "times" VALUES ( 18827, 12540, '16:57:00', '16:57:00', 20 );
INSERT INTO "times" VALUES ( 18827, 12710, '17:11:00', '17:12:00', 20 );
INSERT INTO "times" VALUES ( 18827, 12740, '17:16:00', '17:17:00', 20 );
INSERT INTO "times" VALUES ( 18827, 12780, '17:29:00', '17:29:00', 20 );
INSERT INTO "times" VALUES ( 18827, 12800, '17:31:00', '17:31:00', 20 );
INSERT INTO "times" VALUES ( 18827, 12870, '17:37:00', '17:37:00', 20 );
INSERT INTO "times" VALUES ( 18827, 12890, '17:40:00', '17:40:00', 20 );
INSERT INTO "times" VALUES ( 18827, 12900, '17:42:00', '17:42:00', 20 );
INSERT INTO "times" VALUES ( 18827, 13520, '17:45:00', NULL, NULL );

INSERT INTO "dias" VALUES ( 18828, 180, FALSE, TRUE, 'B1611A', 13520, 12510 );
INSERT INTO "dias_line_groups" VALUES ( 18828, 10 );
INSERT INTO "times" VALUES ( 18828, 12510, '17:52:00', NULL, NULL );
INSERT INTO "times" VALUES ( 18828, 12520, '17:50:00', '17:50:00', 20 );
INSERT INTO "times" VALUES ( 18828, 12530, '17:49:00', '17:49:00', 20 );
INSERT INTO "times" VALUES ( 18828, 12540, '17:45:00', '17:46:00', 20 );
INSERT INTO "times" VALUES ( 18828, 12710, '17:30:00', '17:31:00', 20 );
INSERT INTO "times" VALUES ( 18828, 12740, '17:23:00', '17:25:00', 20 );
INSERT INTO "times" VALUES ( 18828, 12780, '17:12:00', '17:13:00', 20 );
INSERT INTO "times" VALUES ( 18828, 12800, '17:10:00', '17:10:00', 20 );
INSERT INTO "times" VALUES ( 18828, 12870, '17:02:00', '17:02:00', 20 );
INSERT INTO "times" VALUES ( 18828, 12890, '17:00:00', '17:00:00', 20 );
INSERT INTO "times" VALUES ( 18828, 12900, '16:58:00', '16:58:00', 20 );
INSERT INTO "times" VALUES ( 18828, 13520, NULL, '16:55:00', 30 );

INSERT INTO "dias" VALUES ( 18829, 180, FALSE, TRUE, 'B1700Z', 12510, 13520 );
INSERT INTO "dias_line_groups" VALUES ( 18829, 10 );
INSERT INTO "times" VALUES ( 18829, 12510, NULL, '17:00:00', 20 );
INSERT INTO "times" VALUES ( 18829, 12520, '17:01:00', '17:01:00', 20 );
INSERT INTO "times" VALUES ( 18829, 12530, '17:03:00', '17:03:00', 20 );
INSERT INTO "times" VALUES ( 18829, 12540, '17:07:00', '17:07:00', 20 );
INSERT INTO "times" VALUES ( 18829, 12710, '17:21:00', '17:22:00', 20 );
INSERT INTO "times" VALUES ( 18829, 12740, '17:27:00', '17:28:00', 20 );
INSERT INTO "times" VALUES ( 18829, 12780, '17:39:00', '17:39:00', 20 );
INSERT INTO "times" VALUES ( 18829, 12800, '17:41:00', '17:41:00', 20 );
INSERT INTO "times" VALUES ( 18829, 12870, '17:47:00', '17:47:00', 20 );
INSERT INTO "times" VALUES ( 18829, 12890, '17:50:00', '17:50:00', 20 );
INSERT INTO "times" VALUES ( 18829, 12900, '17:52:00', '17:52:00', 20 );
INSERT INTO "times" VALUES ( 18829, 13520, '17:55:00', NULL, NULL );

INSERT INTO "dias" VALUES ( 18830, 180, FALSE, TRUE, 'B1701A', 13520, 12510 );
INSERT INTO "dias_line_groups" VALUES ( 18830, 10 );
INSERT INTO "times" VALUES ( 18830, 12510, '18:02:00', NULL, NULL );
INSERT INTO "times" VALUES ( 18830, 12520, '17:59:00', '17:59:00', 20 );
INSERT INTO "times" VALUES ( 18830, 12530, '17:57:00', '17:57:00', 20 );
INSERT INTO "times" VALUES ( 18830, 12540, '17:53:00', '17:54:00', 20 );
INSERT INTO "times" VALUES ( 18830, 12710, '17:39:00', '17:39:00', 20 );
INSERT INTO "times" VALUES ( 18830, 12740, '17:32:00', '17:33:00', 20 );
INSERT INTO "times" VALUES ( 18830, 12780, '17:22:00', '17:22:00', 20 );
INSERT INTO "times" VALUES ( 18830, 12800, '17:19:00', '17:19:00', 20 );
INSERT INTO "times" VALUES ( 18830, 12870, '17:12:00', '17:12:00', 20 );
INSERT INTO "times" VALUES ( 18830, 12890, '17:10:00', '17:10:00', 20 );
INSERT INTO "times" VALUES ( 18830, 12900, '17:06:00', '17:08:00', 20 );
INSERT INTO "times" VALUES ( 18830, 13520, NULL, '17:03:00', 30 );

INSERT INTO "dias" VALUES ( 18831, 180, FALSE, TRUE, 'B1702Z', 12510, 13520 );
INSERT INTO "dias_line_groups" VALUES ( 18831, 10 );
INSERT INTO "times" VALUES ( 18831, 12510, NULL, '17:11:00', 20 );
INSERT INTO "times" VALUES ( 18831, 12520, '17:12:00', '17:12:00', 20 );
INSERT INTO "times" VALUES ( 18831, 12530, '17:14:00', '17:14:00', 20 );
INSERT INTO "times" VALUES ( 18831, 12540, '17:18:00', '17:18:00', 20 );
INSERT INTO "times" VALUES ( 18831, 12710, '17:31:00', '17:32:00', 20 );
INSERT INTO "times" VALUES ( 18831, 12740, '17:38:00', '17:38:00', 20 );
INSERT INTO "times" VALUES ( 18831, 12780, '17:49:00', '17:49:00', 20 );
INSERT INTO "times" VALUES ( 18831, 12800, '17:51:00', '17:51:00', 20 );
INSERT INTO "times" VALUES ( 18831, 12870, '17:57:00', '17:57:00', 20 );
INSERT INTO "times" VALUES ( 18831, 12890, '18:00:00', '18:00:00', 20 );
INSERT INTO "times" VALUES ( 18831, 12900, '18:02:00', '18:02:00', 20 );
INSERT INTO "times" VALUES ( 18831, 13520, '18:05:00', NULL, NULL );

INSERT INTO "dias" VALUES ( 18832, 180, FALSE, TRUE, 'B1703A', 13520, 12510 );
INSERT INTO "dias_line_groups" VALUES ( 18832, 10 );
INSERT INTO "times" VALUES ( 18832, 12510, '18:13:00', NULL, NULL );
INSERT INTO "times" VALUES ( 18832, 12520, '18:11:00', '18:11:00', 20 );
INSERT INTO "times" VALUES ( 18832, 12530, '18:09:00', '18:09:00', 20 );
INSERT INTO "times" VALUES ( 18832, 12540, '18:05:00', '18:06:00', 20 );
INSERT INTO "times" VALUES ( 18832, 12710, '17:50:00', '17:51:00', 20 );
INSERT INTO "times" VALUES ( 18832, 12740, '17:45:00', '17:45:00', 20 );
INSERT INTO "times" VALUES ( 18832, 12780, '17:34:00', '17:34:00', 20 );
INSERT INTO "times" VALUES ( 18832, 12800, '17:31:00', '17:31:00', 20 );
INSERT INTO "times" VALUES ( 18832, 12870, '17:23:00', '17:23:00', 20 );
INSERT INTO "times" VALUES ( 18832, 12890, '17:20:00', '17:20:00', 20 );
INSERT INTO "times" VALUES ( 18832, 12900, '17:18:00', '17:19:00', 20 );
INSERT INTO "times" VALUES ( 18832, 13520, NULL, '17:15:00', 30 );

INSERT INTO "dias" VALUES ( 18833, 180, FALSE, TRUE, 'B1704Z', 12510, 13520 );
INSERT INTO "dias_line_groups" VALUES ( 18833, 10 );
INSERT INTO "times" VALUES ( 18833, 12510, NULL, '17:20:00', 20 );
INSERT INTO "times" VALUES ( 18833, 12520, '17:21:00', '17:21:00', 20 );
INSERT INTO "times" VALUES ( 18833, 12530, '17:23:00', '17:23:00', 20 );
INSERT INTO "times" VALUES ( 18833, 12540, '17:27:00', '17:27:00', 20 );
INSERT INTO "times" VALUES ( 18833, 12710, '17:41:00', '17:42:00', 20 );
INSERT INTO "times" VALUES ( 18833, 12740, '17:46:00', '17:47:00', 20 );
INSERT INTO "times" VALUES ( 18833, 12780, '17:58:00', '17:59:00', 20 );
INSERT INTO "times" VALUES ( 18833, 12800, '18:01:00', '18:01:00', 20 );
INSERT INTO "times" VALUES ( 18833, 12870, '18:07:00', '18:07:00', 20 );
INSERT INTO "times" VALUES ( 18833, 12890, '18:10:00', '18:10:00', 20 );
INSERT INTO "times" VALUES ( 18833, 12900, '18:12:00', '18:12:00', 20 );
INSERT INTO "times" VALUES ( 18833, 13520, '18:15:00', NULL, NULL );

INSERT INTO "dias" VALUES ( 18834, 180, FALSE, TRUE, 'B1705A', 13520, 12510 );
INSERT INTO "dias_line_groups" VALUES ( 18834, 10 );
INSERT INTO "times" VALUES ( 18834, 12510, '18:22:00', NULL, NULL );
INSERT INTO "times" VALUES ( 18834, 12520, '18:20:00', '18:20:00', 20 );
INSERT INTO "times" VALUES ( 18834, 12530, '18:18:00', '18:18:00', 20 );
INSERT INTO "times" VALUES ( 18834, 12540, '18:14:00', '18:15:00', 20 );
INSERT INTO "times" VALUES ( 18834, 12710, '17:59:00', '18:00:00', 20 );
INSERT INTO "times" VALUES ( 18834, 12740, '17:53:00', '17:53:00', 20 );
INSERT INTO "times" VALUES ( 18834, 12780, '17:43:00', '17:43:00', 20 );
INSERT INTO "times" VALUES ( 18834, 12800, '17:40:00', '17:40:00', 20 );
INSERT INTO "times" VALUES ( 18834, 12870, '17:32:00', '17:32:00', 20 );
INSERT INTO "times" VALUES ( 18834, 12890, '17:30:00', '17:30:00', 20 );
INSERT INTO "times" VALUES ( 18834, 12900, '17:28:00', '17:28:00', 20 );
INSERT INTO "times" VALUES ( 18834, 13520, NULL, '17:25:00', 30 );

INSERT INTO "dias" VALUES ( 18835, 180, FALSE, TRUE, 'B1706Z', 12510, 13520 );
INSERT INTO "dias_line_groups" VALUES ( 18835, 10 );
INSERT INTO "times" VALUES ( 18835, 12510, NULL, '17:30:00', 20 );
INSERT INTO "times" VALUES ( 18835, 12520, '17:31:00', '17:31:00', 20 );
INSERT INTO "times" VALUES ( 18835, 12530, '17:33:00', '17:33:00', 20 );
INSERT INTO "times" VALUES ( 18835, 12540, '17:37:00', '17:37:00', 20 );
INSERT INTO "times" VALUES ( 18835, 12710, '17:51:00', '17:52:00', 20 );
INSERT INTO "times" VALUES ( 18835, 12740, '17:57:00', '17:58:00', 20 );
INSERT INTO "times" VALUES ( 18835, 12780, '18:08:00', '18:09:00', 20 );
INSERT INTO "times" VALUES ( 18835, 12800, '18:11:00', '18:11:00', 20 );
INSERT INTO "times" VALUES ( 18835, 12870, '18:17:00', '18:17:00', 20 );
INSERT INTO "times" VALUES ( 18835, 12890, '18:20:00', '18:20:00', 20 );
INSERT INTO "times" VALUES ( 18835, 12900, '18:22:00', '18:22:00', 20 );
INSERT INTO "times" VALUES ( 18835, 13520, '18:25:00', NULL, NULL );

INSERT INTO "dias" VALUES ( 18836, 180, FALSE, TRUE, 'B1707A', 13520, 12510 );
INSERT INTO "dias_line_groups" VALUES ( 18836, 10 );
INSERT INTO "times" VALUES ( 18836, 12510, '18:32:00', NULL, NULL );
INSERT INTO "times" VALUES ( 18836, 12520, '18:29:00', '18:29:00', 20 );
INSERT INTO "times" VALUES ( 18836, 12530, '18:27:00', '18:27:00', 20 );
INSERT INTO "times" VALUES ( 18836, 12540, '18:23:00', '18:24:00', 20 );
INSERT INTO "times" VALUES ( 18836, 12710, '18:09:00', '18:09:00', 20 );
INSERT INTO "times" VALUES ( 18836, 12740, '18:02:00', '18:03:00', 20 );
INSERT INTO "times" VALUES ( 18836, 12780, '17:52:00', '17:52:00', 20 );
INSERT INTO "times" VALUES ( 18836, 12800, '17:49:00', '17:49:00', 20 );
INSERT INTO "times" VALUES ( 18836, 12870, '17:42:00', '17:42:00', 20 );
INSERT INTO "times" VALUES ( 18836, 12890, '17:40:00', '17:40:00', 20 );
INSERT INTO "times" VALUES ( 18836, 12900, '17:36:00', '17:38:00', 20 );
INSERT INTO "times" VALUES ( 18836, 13520, NULL, '17:33:00', 30 );

INSERT INTO "dias" VALUES ( 18837, 180, FALSE, TRUE, 'B1708Z', 12510, 13520 );
INSERT INTO "dias_line_groups" VALUES ( 18837, 10 );
INSERT INTO "times" VALUES ( 18837, 12510, NULL, '17:41:00', 20 );
INSERT INTO "times" VALUES ( 18837, 12520, '17:42:00', '17:42:00', 20 );
INSERT INTO "times" VALUES ( 18837, 12530, '17:45:00', '17:45:00', 20 );
INSERT INTO "times" VALUES ( 18837, 12540, '17:48:00', '17:48:00', 20 );
INSERT INTO "times" VALUES ( 18837, 12710, '18:01:00', '18:02:00', 20 );
INSERT INTO "times" VALUES ( 18837, 12740, '18:08:00', '18:08:00', 20 );
INSERT INTO "times" VALUES ( 18837, 12780, '18:19:00', '18:19:00', 20 );
INSERT INTO "times" VALUES ( 18837, 12800, '18:21:00', '18:21:00', 20 );
INSERT INTO "times" VALUES ( 18837, 12870, '18:27:00', '18:27:00', 20 );
INSERT INTO "times" VALUES ( 18837, 12890, '18:30:00', '18:30:00', 20 );
INSERT INTO "times" VALUES ( 18837, 12900, '18:32:00', '18:32:00', 20 );
INSERT INTO "times" VALUES ( 18837, 13520, '18:35:00', NULL, NULL );

INSERT INTO "dias" VALUES ( 18838, 180, FALSE, TRUE, 'B1709A', 13520, 12510 );
INSERT INTO "dias_line_groups" VALUES ( 18838, 10 );
INSERT INTO "times" VALUES ( 18838, 12510, '18:43:00', NULL, NULL );
INSERT INTO "times" VALUES ( 18838, 12520, '18:41:00', '18:41:00', 20 );
INSERT INTO "times" VALUES ( 18838, 12530, '18:39:00', '18:39:00', 20 );
INSERT INTO "times" VALUES ( 18838, 12540, '18:35:00', '18:36:00', 20 );
INSERT INTO "times" VALUES ( 18838, 12710, '18:20:00', '18:21:00', 20 );
INSERT INTO "times" VALUES ( 18838, 12740, '18:15:00', '18:15:00', 20 );
INSERT INTO "times" VALUES ( 18838, 12780, '18:04:00', '18:04:00', 20 );
INSERT INTO "times" VALUES ( 18838, 12800, '18:01:00', '18:01:00', 20 );
INSERT INTO "times" VALUES ( 18838, 12870, '17:54:00', '17:54:00', 20 );
INSERT INTO "times" VALUES ( 18838, 12890, '17:51:00', '17:51:00', 20 );
INSERT INTO "times" VALUES ( 18838, 12900, '17:49:00', '17:49:00', 20 );
INSERT INTO "times" VALUES ( 18838, 13520, NULL, '17:46:00', 30 );

INSERT INTO "dias" VALUES ( 18839, 180, FALSE, TRUE, 'B1710Z', 12510, 13520 );
INSERT INTO "dias_line_groups" VALUES ( 18839, 10 );
INSERT INTO "times" VALUES ( 18839, 12510, NULL, '17:50:00', 20 );
INSERT INTO "times" VALUES ( 18839, 12520, '17:51:00', '17:51:00', 20 );
INSERT INTO "times" VALUES ( 18839, 12530, '17:53:00', '17:53:00', 20 );
INSERT INTO "times" VALUES ( 18839, 12540, '17:57:00', '17:57:00', 20 );
INSERT INTO "times" VALUES ( 18839, 12710, '18:11:00', '18:12:00', 20 );
INSERT INTO "times" VALUES ( 18839, 12740, '18:16:00', '18:17:00', 20 );
INSERT INTO "times" VALUES ( 18839, 12780, '18:28:00', '18:29:00', 20 );
INSERT INTO "times" VALUES ( 18839, 12800, '18:31:00', '18:31:00', 20 );
INSERT INTO "times" VALUES ( 18839, 12870, '18:37:00', '18:37:00', 20 );
INSERT INTO "times" VALUES ( 18839, 12890, '18:40:00', '18:40:00', 20 );
INSERT INTO "times" VALUES ( 18839, 12900, '18:42:00', '18:42:00', 20 );
INSERT INTO "times" VALUES ( 18839, 13520, '18:45:00', NULL, NULL );

INSERT INTO "dias" VALUES ( 18840, 180, FALSE, TRUE, 'B1711A', 13520, 12510 );
INSERT INTO "dias_line_groups" VALUES ( 18840, 10 );
INSERT INTO "times" VALUES ( 18840, 12510, '18:52:00', NULL, NULL );
INSERT INTO "times" VALUES ( 18840, 12520, '18:50:00', '18:50:00', 20 );
INSERT INTO "times" VALUES ( 18840, 12530, '18:48:00', '18:48:00', 20 );
INSERT INTO "times" VALUES ( 18840, 12540, '18:44:00', '18:45:00', 20 );
INSERT INTO "times" VALUES ( 18840, 12710, '18:29:00', '18:30:00', 20 );
INSERT INTO "times" VALUES ( 18840, 12740, '18:23:00', '18:24:00', 20 );
INSERT INTO "times" VALUES ( 18840, 12780, '18:13:00', '18:13:00', 20 );
INSERT INTO "times" VALUES ( 18840, 12800, '18:10:00', '18:10:00', 20 );
INSERT INTO "times" VALUES ( 18840, 12870, '18:03:00', '18:03:00', 20 );
INSERT INTO "times" VALUES ( 18840, 12890, '18:01:00', '18:01:00', 20 );
INSERT INTO "times" VALUES ( 18840, 12900, '17:58:00', '17:59:00', 20 );
INSERT INTO "times" VALUES ( 18840, 13520, NULL, '17:56:00', 30 );

INSERT INTO "dias" VALUES ( 18841, 180, FALSE, TRUE, 'B1800Z', 12510, 13520 );
INSERT INTO "dias_line_groups" VALUES ( 18841, 10 );
INSERT INTO "times" VALUES ( 18841, 12510, NULL, '18:00:00', 20 );
INSERT INTO "times" VALUES ( 18841, 12520, '18:01:00', '18:01:00', 20 );
INSERT INTO "times" VALUES ( 18841, 12530, '18:03:00', '18:03:00', 20 );
INSERT INTO "times" VALUES ( 18841, 12540, '18:07:00', '18:07:00', 20 );
INSERT INTO "times" VALUES ( 18841, 12710, '18:21:00', '18:22:00', 20 );
INSERT INTO "times" VALUES ( 18841, 12740, '18:27:00', '18:28:00', 20 );
INSERT INTO "times" VALUES ( 18841, 12780, '18:38:00', '18:39:00', 20 );
INSERT INTO "times" VALUES ( 18841, 12800, '18:41:00', '18:41:00', 20 );
INSERT INTO "times" VALUES ( 18841, 12870, '18:47:00', '18:47:00', 20 );
INSERT INTO "times" VALUES ( 18841, 12890, '18:50:00', '18:50:00', 20 );
INSERT INTO "times" VALUES ( 18841, 12900, '18:52:00', '18:52:00', 20 );
INSERT INTO "times" VALUES ( 18841, 13520, '18:55:00', NULL, NULL );

INSERT INTO "dias" VALUES ( 18842, 180, FALSE, TRUE, 'B1801A', 13520, 12510 );
INSERT INTO "dias_line_groups" VALUES ( 18842, 10 );
INSERT INTO "times" VALUES ( 18842, 12510, '19:02:00', NULL, NULL );
INSERT INTO "times" VALUES ( 18842, 12520, '19:00:00', '19:00:00', 20 );
INSERT INTO "times" VALUES ( 18842, 12530, '18:58:00', '18:58:00', 20 );
INSERT INTO "times" VALUES ( 18842, 12540, '18:54:00', '18:55:00', 20 );
INSERT INTO "times" VALUES ( 18842, 12710, '18:39:00', '18:40:00', 20 );
INSERT INTO "times" VALUES ( 18842, 12740, '18:34:00', '18:34:00', 20 );
INSERT INTO "times" VALUES ( 18842, 12780, '18:23:00', '18:23:00', 20 );
INSERT INTO "times" VALUES ( 18842, 12800, '18:20:00', '18:20:00', 20 );
INSERT INTO "times" VALUES ( 18842, 12870, '18:13:00', '18:13:00', 20 );
INSERT INTO "times" VALUES ( 18842, 12890, '18:11:00', '18:11:00', 20 );
INSERT INTO "times" VALUES ( 18842, 12900, '18:10:00', '18:10:00', 20 );
INSERT INTO "times" VALUES ( 18842, 13520, NULL, '18:06:00', 30 );

INSERT INTO "dias" VALUES ( 18843, 180, FALSE, TRUE, 'B1802Z', 12510, 13520 );
INSERT INTO "dias_line_groups" VALUES ( 18843, 10 );
INSERT INTO "times" VALUES ( 18843, 12510, NULL, '18:11:00', 20 );
INSERT INTO "times" VALUES ( 18843, 12520, '18:12:00', '18:12:00', 20 );
INSERT INTO "times" VALUES ( 18843, 12530, '18:14:00', '18:14:00', 20 );
INSERT INTO "times" VALUES ( 18843, 12540, '18:18:00', '18:18:00', 20 );
INSERT INTO "times" VALUES ( 18843, 12710, '18:31:00', '18:32:00', 20 );
INSERT INTO "times" VALUES ( 18843, 12740, '18:38:00', '18:38:00', 20 );
INSERT INTO "times" VALUES ( 18843, 12780, '18:49:00', '18:49:00', 20 );
INSERT INTO "times" VALUES ( 18843, 12800, '18:51:00', '18:51:00', 20 );
INSERT INTO "times" VALUES ( 18843, 12870, '18:57:00', '18:57:00', 20 );
INSERT INTO "times" VALUES ( 18843, 12890, '19:00:00', '19:00:00', 20 );
INSERT INTO "times" VALUES ( 18843, 12900, '19:02:00', '19:02:00', 20 );
INSERT INTO "times" VALUES ( 18843, 13520, '19:05:00', NULL, NULL );

INSERT INTO "dias" VALUES ( 18844, 180, FALSE, TRUE, 'B1803A', 13520, 12510 );
INSERT INTO "dias_line_groups" VALUES ( 18844, 10 );
INSERT INTO "times" VALUES ( 18844, 12510, '19:12:00', NULL, NULL );
INSERT INTO "times" VALUES ( 18844, 12520, '19:10:00', '19:10:00', 20 );
INSERT INTO "times" VALUES ( 18844, 12530, '19:08:00', '19:08:00', 20 );
INSERT INTO "times" VALUES ( 18844, 12540, '19:04:00', '19:05:00', 20 );
INSERT INTO "times" VALUES ( 18844, 12710, '18:49:00', '18:49:00', 20 );
INSERT INTO "times" VALUES ( 18844, 12740, '18:43:00', '18:43:00', 20 );
INSERT INTO "times" VALUES ( 18844, 12780, '18:33:00', '18:33:00', 20 );
INSERT INTO "times" VALUES ( 18844, 12800, '18:30:00', '18:30:00', 20 );
INSERT INTO "times" VALUES ( 18844, 12870, '18:23:00', '18:23:00', 20 );
INSERT INTO "times" VALUES ( 18844, 12890, '18:21:00', '18:21:00', 20 );
INSERT INTO "times" VALUES ( 18844, 12900, '18:19:00', '18:20:00', 20 );
INSERT INTO "times" VALUES ( 18844, 13520, NULL, '18:16:00', 30 );

INSERT INTO "dias" VALUES ( 18845, 180, FALSE, TRUE, 'B1804Z', 12510, 13520 );
INSERT INTO "dias_line_groups" VALUES ( 18845, 10 );
INSERT INTO "times" VALUES ( 18845, 12510, NULL, '18:20:00', 20 );
INSERT INTO "times" VALUES ( 18845, 12520, '18:21:00', '18:21:00', 20 );
INSERT INTO "times" VALUES ( 18845, 12530, '18:23:00', '18:23:00', 20 );
INSERT INTO "times" VALUES ( 18845, 12540, '18:27:00', '18:27:00', 20 );
INSERT INTO "times" VALUES ( 18845, 12710, '18:41:00', '18:42:00', 20 );
INSERT INTO "times" VALUES ( 18845, 12740, '18:46:00', '18:47:00', 20 );
INSERT INTO "times" VALUES ( 18845, 12780, '18:58:00', '18:59:00', 20 );
INSERT INTO "times" VALUES ( 18845, 12800, '19:01:00', '19:01:00', 20 );
INSERT INTO "times" VALUES ( 18845, 12870, '19:07:00', '19:07:00', 20 );
INSERT INTO "times" VALUES ( 18845, 12890, '19:10:00', '19:10:00', 20 );
INSERT INTO "times" VALUES ( 18845, 12900, '19:12:00', '19:12:00', 20 );
INSERT INTO "times" VALUES ( 18845, 13520, '19:15:00', NULL, NULL );

INSERT INTO "dias" VALUES ( 18846, 180, FALSE, TRUE, 'B1805A', 13520, 12510 );
INSERT INTO "dias_line_groups" VALUES ( 18846, 10 );
INSERT INTO "times" VALUES ( 18846, 12510, '19:22:00', NULL, NULL );
INSERT INTO "times" VALUES ( 18846, 12520, '19:20:00', '19:20:00', 20 );
INSERT INTO "times" VALUES ( 18846, 12530, '19:18:00', '19:18:00', 20 );
INSERT INTO "times" VALUES ( 18846, 12540, '19:14:00', '19:15:00', 20 );
INSERT INTO "times" VALUES ( 18846, 12710, '18:59:00', '19:00:00', 20 );
INSERT INTO "times" VALUES ( 18846, 12740, '18:53:00', '18:54:00', 20 );
INSERT INTO "times" VALUES ( 18846, 12780, '18:42:00', '18:43:00', 20 );
INSERT INTO "times" VALUES ( 18846, 12800, '18:40:00', '18:40:00', 20 );
INSERT INTO "times" VALUES ( 18846, 12870, '18:33:00', '18:33:00', 20 );
INSERT INTO "times" VALUES ( 18846, 12890, '18:31:00', '18:31:00', 20 );
INSERT INTO "times" VALUES ( 18846, 12900, '18:30:00', '18:30:00', 20 );
INSERT INTO "times" VALUES ( 18846, 13520, NULL, '18:26:00', 30 );

INSERT INTO "dias" VALUES ( 18847, 180, FALSE, TRUE, 'B1806Z', 12510, 13520 );
INSERT INTO "dias_line_groups" VALUES ( 18847, 10 );
INSERT INTO "times" VALUES ( 18847, 12510, NULL, '18:30:00', 20 );
INSERT INTO "times" VALUES ( 18847, 12520, '18:31:00', '18:31:00', 20 );
INSERT INTO "times" VALUES ( 18847, 12530, '18:33:00', '18:33:00', 20 );
INSERT INTO "times" VALUES ( 18847, 12540, '18:36:00', '18:37:00', 20 );
INSERT INTO "times" VALUES ( 18847, 12710, '18:51:00', '18:52:00', 20 );
INSERT INTO "times" VALUES ( 18847, 12740, '18:57:00', '18:58:00', 20 );
INSERT INTO "times" VALUES ( 18847, 12780, '19:08:00', '19:09:00', 20 );
INSERT INTO "times" VALUES ( 18847, 12800, '19:11:00', '19:11:00', 20 );
INSERT INTO "times" VALUES ( 18847, 12870, '19:17:00', '19:17:00', 20 );
INSERT INTO "times" VALUES ( 18847, 12890, '19:20:00', '19:20:00', 20 );
INSERT INTO "times" VALUES ( 18847, 12900, '19:22:00', '19:22:00', 20 );
INSERT INTO "times" VALUES ( 18847, 13520, '19:25:00', NULL, NULL );

INSERT INTO "dias" VALUES ( 18848, 180, FALSE, TRUE, 'B1807A', 13520, 12510 );
INSERT INTO "dias_line_groups" VALUES ( 18848, 10 );
INSERT INTO "times" VALUES ( 18848, 12510, '19:32:00', NULL, NULL );
INSERT INTO "times" VALUES ( 18848, 12520, '19:30:00', '19:30:00', 20 );
INSERT INTO "times" VALUES ( 18848, 12530, '19:28:00', '19:28:00', 20 );
INSERT INTO "times" VALUES ( 18848, 12540, '19:23:00', '19:25:00', 20 );
INSERT INTO "times" VALUES ( 18848, 12710, '19:08:00', '19:09:00', 20 );
INSERT INTO "times" VALUES ( 18848, 12740, '19:03:00', '19:03:00', 20 );
INSERT INTO "times" VALUES ( 18848, 12780, '18:53:00', '18:53:00', 20 );
INSERT INTO "times" VALUES ( 18848, 12800, '18:50:00', '18:50:00', 20 );
INSERT INTO "times" VALUES ( 18848, 12870, '18:43:00', '18:43:00', 20 );
INSERT INTO "times" VALUES ( 18848, 12890, '18:41:00', '18:41:00', 20 );
INSERT INTO "times" VALUES ( 18848, 12900, '18:39:00', '18:40:00', 20 );
INSERT INTO "times" VALUES ( 18848, 13520, NULL, '18:36:00', 30 );

INSERT INTO "dias" VALUES ( 18849, 180, FALSE, TRUE, 'B1808Z', 12510, 13520 );
INSERT INTO "dias_line_groups" VALUES ( 18849, 10 );
INSERT INTO "times" VALUES ( 18849, 12510, NULL, '18:41:00', 20 );
INSERT INTO "times" VALUES ( 18849, 12520, '18:42:00', '18:42:00', 20 );
INSERT INTO "times" VALUES ( 18849, 12530, '18:44:00', '18:44:00', 20 );
INSERT INTO "times" VALUES ( 18849, 12540, '18:48:00', '18:48:00', 20 );
INSERT INTO "times" VALUES ( 18849, 12710, '19:02:00', '19:03:00', 20 );
INSERT INTO "times" VALUES ( 18849, 12740, '19:08:00', '19:08:00', 20 );
INSERT INTO "times" VALUES ( 18849, 12780, '19:19:00', '19:19:00', 20 );
INSERT INTO "times" VALUES ( 18849, 12800, '19:22:00', '19:22:00', 20 );
INSERT INTO "times" VALUES ( 18849, 12870, '19:28:00', '19:28:00', 20 );
INSERT INTO "times" VALUES ( 18849, 12890, '19:30:00', '19:30:00', 20 );
INSERT INTO "times" VALUES ( 18849, 12900, '19:32:00', '19:32:00', 20 );
INSERT INTO "times" VALUES ( 18849, 13520, '19:36:00', NULL, NULL );

INSERT INTO "dias" VALUES ( 18850, 180, FALSE, TRUE, 'B1809A', 13520, 12510 );
INSERT INTO "dias_line_groups" VALUES ( 18850, 10 );
INSERT INTO "times" VALUES ( 18850, 12510, '19:42:00', NULL, NULL );
INSERT INTO "times" VALUES ( 18850, 12520, '19:40:00', '19:40:00', 20 );
INSERT INTO "times" VALUES ( 18850, 12530, '19:38:00', '19:38:00', 20 );
INSERT INTO "times" VALUES ( 18850, 12540, '19:34:00', '19:35:00', 20 );
INSERT INTO "times" VALUES ( 18850, 12710, '19:19:00', '19:19:00', 20 );
INSERT INTO "times" VALUES ( 18850, 12740, '19:13:00', '19:13:00', 20 );
INSERT INTO "times" VALUES ( 18850, 12780, '19:03:00', '19:03:00', 20 );
INSERT INTO "times" VALUES ( 18850, 12800, '19:00:00', '19:00:00', 20 );
INSERT INTO "times" VALUES ( 18850, 12870, '18:53:00', '18:53:00', 20 );
INSERT INTO "times" VALUES ( 18850, 12890, '18:51:00', '18:51:00', 20 );
INSERT INTO "times" VALUES ( 18850, 12900, '18:50:00', '18:50:00', 20 );
INSERT INTO "times" VALUES ( 18850, 13520, NULL, '18:46:00', 30 );

INSERT INTO "dias" VALUES ( 18851, 180, FALSE, TRUE, 'B1810Z', 12510, 13520 );
INSERT INTO "dias_line_groups" VALUES ( 18851, 10 );
INSERT INTO "times" VALUES ( 18851, 12510, NULL, '18:50:00', 20 );
INSERT INTO "times" VALUES ( 18851, 12520, '18:51:00', '18:51:00', 20 );
INSERT INTO "times" VALUES ( 18851, 12530, '18:53:00', '18:53:00', 20 );
INSERT INTO "times" VALUES ( 18851, 12540, '18:57:00', '18:57:00', 20 );
INSERT INTO "times" VALUES ( 18851, 12710, '19:11:00', '19:12:00', 20 );
INSERT INTO "times" VALUES ( 18851, 12740, '19:17:00', '19:18:00', 20 );
INSERT INTO "times" VALUES ( 18851, 12780, '19:28:00', '19:29:00', 20 );
INSERT INTO "times" VALUES ( 18851, 12800, '19:31:00', '19:32:00', 20 );
INSERT INTO "times" VALUES ( 18851, 12870, '19:38:00', '19:38:00', 20 );
INSERT INTO "times" VALUES ( 18851, 12890, '19:40:00', '19:40:00', 20 );
INSERT INTO "times" VALUES ( 18851, 12900, '19:42:00', '19:42:00', 20 );
INSERT INTO "times" VALUES ( 18851, 13520, '19:46:00', NULL, NULL );

INSERT INTO "dias" VALUES ( 18852, 180, FALSE, TRUE, 'B1811A', 13520, 12510 );
INSERT INTO "dias_line_groups" VALUES ( 18852, 10 );
INSERT INTO "times" VALUES ( 18852, 12510, '19:52:00', NULL, NULL );
INSERT INTO "times" VALUES ( 18852, 12520, '19:50:00', '19:50:00', 20 );
INSERT INTO "times" VALUES ( 18852, 12530, '19:48:00', '19:48:00', 20 );
INSERT INTO "times" VALUES ( 18852, 12540, '19:44:00', '19:45:00', 20 );
INSERT INTO "times" VALUES ( 18852, 12710, '19:28:00', '19:29:00', 20 );
INSERT INTO "times" VALUES ( 18852, 12740, '19:23:00', '19:23:00', 20 );
INSERT INTO "times" VALUES ( 18852, 12780, '19:13:00', '19:13:00', 20 );
INSERT INTO "times" VALUES ( 18852, 12800, '19:10:00', '19:10:00', 20 );
INSERT INTO "times" VALUES ( 18852, 12870, '19:03:00', '19:03:00', 20 );
INSERT INTO "times" VALUES ( 18852, 12890, '19:01:00', '19:01:00', 20 );
INSERT INTO "times" VALUES ( 18852, 12900, '18:59:00', '19:00:00', 20 );
INSERT INTO "times" VALUES ( 18852, 13520, NULL, '18:56:00', 30 );

INSERT INTO "dias" VALUES ( 18853, 180, FALSE, TRUE, 'B1900Z', 12510, 13520 );
INSERT INTO "dias_line_groups" VALUES ( 18853, 10 );
INSERT INTO "times" VALUES ( 18853, 12510, NULL, '19:00:00', 20 );
INSERT INTO "times" VALUES ( 18853, 12520, '19:01:00', '19:01:00', 20 );
INSERT INTO "times" VALUES ( 18853, 12530, '19:03:00', '19:03:00', 20 );
INSERT INTO "times" VALUES ( 18853, 12540, '19:07:00', '19:07:00', 20 );
INSERT INTO "times" VALUES ( 18853, 12710, '19:22:00', '19:23:00', 20 );
INSERT INTO "times" VALUES ( 18853, 12740, '19:28:00', '19:28:00', 20 );
INSERT INTO "times" VALUES ( 18853, 12780, '19:39:00', '19:39:00', 20 );
INSERT INTO "times" VALUES ( 18853, 12800, '19:42:00', '19:42:00', 20 );
INSERT INTO "times" VALUES ( 18853, 12870, '19:48:00', '19:48:00', 20 );
INSERT INTO "times" VALUES ( 18853, 12890, '19:50:00', '19:50:00', 20 );
INSERT INTO "times" VALUES ( 18853, 12900, '19:52:00', '19:52:00', 20 );
INSERT INTO "times" VALUES ( 18853, 13520, '19:55:00', NULL, NULL );

INSERT INTO "dias" VALUES ( 18854, 180, FALSE, TRUE, 'B1901A', 13520, 12510 );
INSERT INTO "dias_line_groups" VALUES ( 18854, 10 );
INSERT INTO "times" VALUES ( 18854, 12510, '20:02:00', NULL, NULL );
INSERT INTO "times" VALUES ( 18854, 12520, '20:00:00', '20:00:00', 20 );
INSERT INTO "times" VALUES ( 18854, 12530, '19:58:00', '19:58:00', 20 );
INSERT INTO "times" VALUES ( 18854, 12540, '19:54:00', '19:55:00', 20 );
INSERT INTO "times" VALUES ( 18854, 12710, '19:39:00', '19:39:00', 20 );
INSERT INTO "times" VALUES ( 18854, 12740, '19:33:00', '19:33:00', 20 );
INSERT INTO "times" VALUES ( 18854, 12780, '19:23:00', '19:23:00', 20 );
INSERT INTO "times" VALUES ( 18854, 12800, '19:20:00', '19:20:00', 20 );
INSERT INTO "times" VALUES ( 18854, 12870, '19:13:00', '19:13:00', 20 );
INSERT INTO "times" VALUES ( 18854, 12890, '19:11:00', '19:11:00', 20 );
INSERT INTO "times" VALUES ( 18854, 12900, '19:10:00', '19:10:00', 20 );
INSERT INTO "times" VALUES ( 18854, 13520, NULL, '19:06:00', 30 );

INSERT INTO "dias" VALUES ( 18855, 180, FALSE, TRUE, 'B1902Z', 12510, 13520 );
INSERT INTO "dias_line_groups" VALUES ( 18855, 10 );
INSERT INTO "times" VALUES ( 18855, 12510, NULL, '19:10:00', 20 );
INSERT INTO "times" VALUES ( 18855, 12520, '19:12:00', '19:12:00', 20 );
INSERT INTO "times" VALUES ( 18855, 12530, '19:14:00', '19:14:00', 20 );
INSERT INTO "times" VALUES ( 18855, 12540, '19:17:00', '19:17:00', 20 );
INSERT INTO "times" VALUES ( 18855, 12710, '19:32:00', '19:33:00', 20 );
INSERT INTO "times" VALUES ( 18855, 12740, '19:38:00', '19:38:00', 20 );
INSERT INTO "times" VALUES ( 18855, 12780, '19:49:00', '19:49:00', 20 );
INSERT INTO "times" VALUES ( 18855, 12800, '19:52:00', '19:52:00', 20 );
INSERT INTO "times" VALUES ( 18855, 12870, '19:58:00', '19:58:00', 20 );
INSERT INTO "times" VALUES ( 18855, 12890, '20:00:00', '20:00:00', 20 );
INSERT INTO "times" VALUES ( 18855, 12900, '20:02:00', '20:02:00', 20 );
INSERT INTO "times" VALUES ( 18855, 13520, '20:06:00', NULL, NULL );

INSERT INTO "dias" VALUES ( 18856, 180, FALSE, TRUE, 'B1903A', 13520, 12510 );
INSERT INTO "dias_line_groups" VALUES ( 18856, 10 );
INSERT INTO "times" VALUES ( 18856, 12510, '20:12:00', NULL, NULL );
INSERT INTO "times" VALUES ( 18856, 12520, '20:10:00', '20:10:00', 20 );
INSERT INTO "times" VALUES ( 18856, 12530, '20:08:00', '20:08:00', 20 );
INSERT INTO "times" VALUES ( 18856, 12540, '20:04:00', '20:05:00', 20 );
INSERT INTO "times" VALUES ( 18856, 12710, '19:48:00', '19:49:00', 20 );
INSERT INTO "times" VALUES ( 18856, 12740, '19:43:00', '19:43:00', 20 );
INSERT INTO "times" VALUES ( 18856, 12780, '19:33:00', '19:33:00', 20 );
INSERT INTO "times" VALUES ( 18856, 12800, '19:30:00', '19:30:00', 20 );
INSERT INTO "times" VALUES ( 18856, 12870, '19:23:00', '19:23:00', 20 );
INSERT INTO "times" VALUES ( 18856, 12890, '19:21:00', '19:21:00', 20 );
INSERT INTO "times" VALUES ( 18856, 12900, '19:19:00', '19:19:00', 20 );
INSERT INTO "times" VALUES ( 18856, 13520, NULL, '19:16:00', 30 );

INSERT INTO "dias" VALUES ( 18857, 180, FALSE, TRUE, 'B1904Z', 12510, 13520 );
INSERT INTO "dias_line_groups" VALUES ( 18857, 10 );
INSERT INTO "times" VALUES ( 18857, 12510, NULL, '19:20:00', 20 );
INSERT INTO "times" VALUES ( 18857, 12520, '19:21:00', '19:21:00', 20 );
INSERT INTO "times" VALUES ( 18857, 12530, '19:23:00', '19:23:00', 20 );
INSERT INTO "times" VALUES ( 18857, 12540, '19:27:00', '19:27:00', 20 );
INSERT INTO "times" VALUES ( 18857, 12710, '19:42:00', '19:43:00', 20 );
INSERT INTO "times" VALUES ( 18857, 12740, '19:48:00', '19:48:00', 20 );
INSERT INTO "times" VALUES ( 18857, 12780, '19:59:00', '19:59:00', 20 );
INSERT INTO "times" VALUES ( 18857, 12800, '20:02:00', '20:02:00', 20 );
INSERT INTO "times" VALUES ( 18857, 12870, '20:08:00', '20:08:00', 20 );
INSERT INTO "times" VALUES ( 18857, 12890, '20:10:00', '20:10:00', 20 );
INSERT INTO "times" VALUES ( 18857, 12900, '20:12:00', '20:12:00', 20 );
INSERT INTO "times" VALUES ( 18857, 13520, '20:16:00', NULL, NULL );

INSERT INTO "dias" VALUES ( 18858, 180, FALSE, TRUE, 'B1905A', 13520, 12510 );
INSERT INTO "dias_line_groups" VALUES ( 18858, 10 );
INSERT INTO "times" VALUES ( 18858, 12510, '20:22:00', NULL, NULL );
INSERT INTO "times" VALUES ( 18858, 12520, '20:20:00', '20:20:00', 20 );
INSERT INTO "times" VALUES ( 18858, 12530, '20:18:00', '20:18:00', 20 );
INSERT INTO "times" VALUES ( 18858, 12540, '20:14:00', '20:15:00', 20 );
INSERT INTO "times" VALUES ( 18858, 12710, '19:58:00', '19:59:00', 20 );
INSERT INTO "times" VALUES ( 18858, 12740, '19:53:00', '19:53:00', 20 );
INSERT INTO "times" VALUES ( 18858, 12780, '19:43:00', '19:43:00', 20 );
INSERT INTO "times" VALUES ( 18858, 12800, '19:40:00', '19:40:00', 20 );
INSERT INTO "times" VALUES ( 18858, 12870, '19:33:00', '19:33:00', 20 );
INSERT INTO "times" VALUES ( 18858, 12890, '19:31:00', '19:31:00', 20 );
INSERT INTO "times" VALUES ( 18858, 12900, '19:29:00', '19:29:00', 20 );
INSERT INTO "times" VALUES ( 18858, 13520, NULL, '19:26:00', 30 );

INSERT INTO "dias" VALUES ( 18859, 180, FALSE, TRUE, 'B1906Z', 12510, 13520 );
INSERT INTO "dias_line_groups" VALUES ( 18859, 10 );
INSERT INTO "times" VALUES ( 18859, 12510, NULL, '19:30:00', 20 );
INSERT INTO "times" VALUES ( 18859, 12520, '19:31:00', '19:31:00', 20 );
INSERT INTO "times" VALUES ( 18859, 12530, '19:33:00', '19:33:00', 20 );
INSERT INTO "times" VALUES ( 18859, 12540, '19:37:00', '19:37:00', 20 );
INSERT INTO "times" VALUES ( 18859, 12710, '19:52:00', '19:53:00', 20 );
INSERT INTO "times" VALUES ( 18859, 12740, '19:58:00', '19:58:00', 20 );
INSERT INTO "times" VALUES ( 18859, 12780, '20:09:00', '20:09:00', 20 );
INSERT INTO "times" VALUES ( 18859, 12800, '20:12:00', '20:12:00', 20 );
INSERT INTO "times" VALUES ( 18859, 12870, '20:18:00', '20:18:00', 20 );
INSERT INTO "times" VALUES ( 18859, 12890, '20:20:00', '20:20:00', 20 );
INSERT INTO "times" VALUES ( 18859, 12900, '20:22:00', '20:22:00', 20 );
INSERT INTO "times" VALUES ( 18859, 13520, '20:26:00', NULL, NULL );

INSERT INTO "dias" VALUES ( 18860, 180, FALSE, TRUE, 'B1907A', 13520, 12510 );
INSERT INTO "dias_line_groups" VALUES ( 18860, 10 );
INSERT INTO "times" VALUES ( 18860, 12510, '20:32:00', NULL, NULL );
INSERT INTO "times" VALUES ( 18860, 12520, '20:30:00', '20:30:00', 20 );
INSERT INTO "times" VALUES ( 18860, 12530, '20:28:00', '20:28:00', 20 );
INSERT INTO "times" VALUES ( 18860, 12540, '20:24:00', '20:25:00', 20 );
INSERT INTO "times" VALUES ( 18860, 12710, '20:09:00', '20:09:00', 20 );
INSERT INTO "times" VALUES ( 18860, 12740, '20:03:00', '20:03:00', 20 );
INSERT INTO "times" VALUES ( 18860, 12780, '19:53:00', '19:53:00', 20 );
INSERT INTO "times" VALUES ( 18860, 12800, '19:50:00', '19:50:00', 20 );
INSERT INTO "times" VALUES ( 18860, 12870, '19:43:00', '19:43:00', 20 );
INSERT INTO "times" VALUES ( 18860, 12890, '19:40:00', '19:40:00', 20 );
INSERT INTO "times" VALUES ( 18860, 12900, '19:39:00', '19:39:00', 20 );
INSERT INTO "times" VALUES ( 18860, 13520, NULL, '19:36:00', 30 );

INSERT INTO "dias" VALUES ( 18861, 180, FALSE, TRUE, 'B1908Z', 12510, 13520 );
INSERT INTO "dias_line_groups" VALUES ( 18861, 10 );
INSERT INTO "times" VALUES ( 18861, 12510, NULL, '19:40:00', 20 );
INSERT INTO "times" VALUES ( 18861, 12520, '19:41:00', '19:41:00', 20 );
INSERT INTO "times" VALUES ( 18861, 12530, '19:43:00', '19:43:00', 20 );
INSERT INTO "times" VALUES ( 18861, 12540, '19:47:00', '19:47:00', 20 );
INSERT INTO "times" VALUES ( 18861, 12710, '20:02:00', '20:03:00', 20 );
INSERT INTO "times" VALUES ( 18861, 12740, '20:08:00', '20:08:00', 20 );
INSERT INTO "times" VALUES ( 18861, 12780, '20:19:00', '20:19:00', 20 );
INSERT INTO "times" VALUES ( 18861, 12800, '20:22:00', '20:22:00', 20 );
INSERT INTO "times" VALUES ( 18861, 12870, '20:28:00', '20:28:00', 20 );
INSERT INTO "times" VALUES ( 18861, 12890, '20:30:00', '20:30:00', 20 );
INSERT INTO "times" VALUES ( 18861, 12900, '20:32:00', '20:32:00', 20 );
INSERT INTO "times" VALUES ( 18861, 13520, '20:36:00', NULL, NULL );

INSERT INTO "dias" VALUES ( 18862, 180, FALSE, TRUE, 'B1909A', 13520, 12510 );
INSERT INTO "dias_line_groups" VALUES ( 18862, 10 );
INSERT INTO "times" VALUES ( 18862, 12510, '20:42:00', NULL, NULL );
INSERT INTO "times" VALUES ( 18862, 12520, '20:40:00', '20:40:00', 20 );
INSERT INTO "times" VALUES ( 18862, 12530, '20:38:00', '20:38:00', 20 );
INSERT INTO "times" VALUES ( 18862, 12540, '20:34:00', '20:35:00', 20 );
INSERT INTO "times" VALUES ( 18862, 12710, '20:18:00', '20:19:00', 20 );
INSERT INTO "times" VALUES ( 18862, 12740, '20:13:00', '20:13:00', 20 );
INSERT INTO "times" VALUES ( 18862, 12780, '20:02:00', '20:02:00', 20 );
INSERT INTO "times" VALUES ( 18862, 12800, '20:00:00', '20:00:00', 20 );
INSERT INTO "times" VALUES ( 18862, 12870, '19:52:00', '19:52:00', 20 );
INSERT INTO "times" VALUES ( 18862, 12890, '19:50:00', '19:50:00', 20 );
INSERT INTO "times" VALUES ( 18862, 12900, '19:47:00', '19:49:00', 20 );
INSERT INTO "times" VALUES ( 18862, 13520, NULL, '19:44:00', 30 );

INSERT INTO "dias" VALUES ( 18863, 180, FALSE, TRUE, 'B1910Z', 12510, 13520 );
INSERT INTO "dias_line_groups" VALUES ( 18863, 10 );
INSERT INTO "times" VALUES ( 18863, 12510, NULL, '19:50:00', 20 );
INSERT INTO "times" VALUES ( 18863, 12520, '19:51:00', '19:51:00', 20 );
INSERT INTO "times" VALUES ( 18863, 12530, '19:53:00', '19:53:00', 20 );
INSERT INTO "times" VALUES ( 18863, 12540, '19:57:00', '19:57:00', 20 );
INSERT INTO "times" VALUES ( 18863, 12710, '20:12:00', '20:13:00', 20 );
INSERT INTO "times" VALUES ( 18863, 12740, '20:18:00', '20:18:00', 20 );
INSERT INTO "times" VALUES ( 18863, 12780, '20:29:00', '20:29:00', 20 );
INSERT INTO "times" VALUES ( 18863, 12800, '20:32:00', '20:32:00', 20 );
INSERT INTO "times" VALUES ( 18863, 12870, '20:38:00', '20:38:00', 20 );
INSERT INTO "times" VALUES ( 18863, 12890, '20:40:00', '20:40:00', 20 );
INSERT INTO "times" VALUES ( 18863, 12900, '20:42:00', '20:42:00', 20 );
INSERT INTO "times" VALUES ( 18863, 13520, '20:46:00', NULL, NULL );

INSERT INTO "dias" VALUES ( 18864, 180, FALSE, TRUE, 'B1911A', 13520, 12510 );
INSERT INTO "dias_line_groups" VALUES ( 18864, 10 );
INSERT INTO "times" VALUES ( 18864, 12510, '20:52:00', NULL, NULL );
INSERT INTO "times" VALUES ( 18864, 12520, '20:50:00', '20:50:00', 20 );
INSERT INTO "times" VALUES ( 18864, 12530, '20:48:00', '20:48:00', 20 );
INSERT INTO "times" VALUES ( 18864, 12540, '20:44:00', '20:45:00', 20 );
INSERT INTO "times" VALUES ( 18864, 12710, '20:28:00', '20:29:00', 20 );
INSERT INTO "times" VALUES ( 18864, 12740, '20:23:00', '20:23:00', 20 );
INSERT INTO "times" VALUES ( 18864, 12780, '20:11:00', '20:12:00', 20 );
INSERT INTO "times" VALUES ( 18864, 12800, '20:09:00', '20:09:00', 20 );
INSERT INTO "times" VALUES ( 18864, 12870, '20:02:00', '20:02:00', 20 );
INSERT INTO "times" VALUES ( 18864, 12890, '19:59:00', '19:59:00', 20 );
INSERT INTO "times" VALUES ( 18864, 12900, '19:58:00', '19:58:00', 20 );
INSERT INTO "times" VALUES ( 18864, 13520, NULL, '19:54:00', 30 );

INSERT INTO "dias" VALUES ( 18865, 180, FALSE, TRUE, 'B2000Z', 12510, 13520 );
INSERT INTO "dias_line_groups" VALUES ( 18865, 10 );
INSERT INTO "times" VALUES ( 18865, 12510, NULL, '20:00:00', 20 );
INSERT INTO "times" VALUES ( 18865, 12520, '20:01:00', '20:01:00', 20 );
INSERT INTO "times" VALUES ( 18865, 12530, '20:03:00', '20:03:00', 20 );
INSERT INTO "times" VALUES ( 18865, 12540, '20:07:00', '20:07:00', 20 );
INSERT INTO "times" VALUES ( 18865, 12710, '20:22:00', '20:23:00', 20 );
INSERT INTO "times" VALUES ( 18865, 12740, '20:28:00', '20:28:00', 20 );
INSERT INTO "times" VALUES ( 18865, 12780, '20:39:00', '20:39:00', 20 );
INSERT INTO "times" VALUES ( 18865, 12800, '20:42:00', '20:42:00', 20 );
INSERT INTO "times" VALUES ( 18865, 12870, '20:48:00', '20:48:00', 20 );
INSERT INTO "times" VALUES ( 18865, 12890, '20:50:00', '20:50:00', 20 );
INSERT INTO "times" VALUES ( 18865, 12900, '20:52:00', '20:52:00', 20 );
INSERT INTO "times" VALUES ( 18865, 13520, '20:56:00', NULL, NULL );

INSERT INTO "dias" VALUES ( 18866, 180, FALSE, TRUE, 'B2001A', 13520, 12510 );
INSERT INTO "dias_line_groups" VALUES ( 18866, 10 );
INSERT INTO "times" VALUES ( 18866, 12510, '21:02:00', NULL, NULL );
INSERT INTO "times" VALUES ( 18866, 12520, '21:00:00', '21:00:00', 20 );
INSERT INTO "times" VALUES ( 18866, 12530, '20:58:00', '20:58:00', 20 );
INSERT INTO "times" VALUES ( 18866, 12540, '20:54:00', '20:55:00', 20 );
INSERT INTO "times" VALUES ( 18866, 12710, '20:38:00', '20:39:00', 20 );
INSERT INTO "times" VALUES ( 18866, 12740, '20:32:00', '20:33:00', 20 );
INSERT INTO "times" VALUES ( 18866, 12780, '20:20:00', '20:21:00', 20 );
INSERT INTO "times" VALUES ( 18866, 12800, '20:18:00', '20:18:00', 20 );
INSERT INTO "times" VALUES ( 18866, 12870, '20:11:00', '20:11:00', 20 );
INSERT INTO "times" VALUES ( 18866, 12890, '20:08:00', '20:08:00', 20 );
INSERT INTO "times" VALUES ( 18866, 12900, '20:07:00', '20:07:00', 20 );
INSERT INTO "times" VALUES ( 18866, 13520, NULL, '20:04:00', 30 );

INSERT INTO "dias" VALUES ( 18867, 180, FALSE, TRUE, 'B2002Z', 12510, 13520 );
INSERT INTO "dias_line_groups" VALUES ( 18867, 10 );
INSERT INTO "times" VALUES ( 18867, 12510, NULL, '20:10:00', 20 );
INSERT INTO "times" VALUES ( 18867, 12520, '20:11:00', '20:11:00', 20 );
INSERT INTO "times" VALUES ( 18867, 12530, '20:13:00', '20:13:00', 20 );
INSERT INTO "times" VALUES ( 18867, 12540, '20:17:00', '20:17:00', 20 );
INSERT INTO "times" VALUES ( 18867, 12710, '20:32:00', '20:33:00', 20 );
INSERT INTO "times" VALUES ( 18867, 12740, '20:38:00', '20:38:00', 20 );
INSERT INTO "times" VALUES ( 18867, 12780, '20:49:00', '20:49:00', 20 );
INSERT INTO "times" VALUES ( 18867, 12800, '20:52:00', '20:52:00', 20 );
INSERT INTO "times" VALUES ( 18867, 12870, '20:58:00', '20:58:00', 20 );
INSERT INTO "times" VALUES ( 18867, 12890, '21:00:00', '21:00:00', 20 );
INSERT INTO "times" VALUES ( 18867, 12900, '21:02:00', '21:02:00', 20 );
INSERT INTO "times" VALUES ( 18867, 13520, '21:06:00', NULL, NULL );

INSERT INTO "dias" VALUES ( 18868, 180, FALSE, TRUE, 'B2003A', 13520, 12510 );
INSERT INTO "dias_line_groups" VALUES ( 18868, 10 );
INSERT INTO "times" VALUES ( 18868, 12510, '21:22:00', NULL, NULL );
INSERT INTO "times" VALUES ( 18868, 12520, '21:20:00', '21:20:00', 20 );
INSERT INTO "times" VALUES ( 18868, 12530, '21:18:00', '21:18:00', 20 );
INSERT INTO "times" VALUES ( 18868, 12540, '21:14:00', '21:15:00', 20 );
INSERT INTO "times" VALUES ( 18868, 12710, '20:57:00', '20:58:00', 20 );
INSERT INTO "times" VALUES ( 18868, 12740, '20:52:00', '20:52:00', 20 );
INSERT INTO "times" VALUES ( 18868, 12780, '20:40:00', '20:41:00', 20 );
INSERT INTO "times" VALUES ( 18868, 12800, '20:37:00', '20:38:00', 20 );
INSERT INTO "times" VALUES ( 18868, 12870, '20:31:00', '20:31:00', 20 );
INSERT INTO "times" VALUES ( 18868, 12890, '20:28:00', '20:28:00', 20 );
INSERT INTO "times" VALUES ( 18868, 12900, '20:27:00', '20:27:00', 20 );
INSERT INTO "times" VALUES ( 18868, 13520, NULL, '20:24:00', 30 );

INSERT INTO "dias" VALUES ( 18869, 180, FALSE, TRUE, 'B2004Z', 12510, 13520 );
INSERT INTO "dias_line_groups" VALUES ( 18869, 10 );
INSERT INTO "times" VALUES ( 18869, 12510, NULL, '20:20:00', 20 );
INSERT INTO "times" VALUES ( 18869, 12520, '20:21:00', '20:21:00', 20 );
INSERT INTO "times" VALUES ( 18869, 12530, '20:23:00', '20:23:00', 20 );
INSERT INTO "times" VALUES ( 18869, 12540, '20:27:00', '20:27:00', 20 );
INSERT INTO "times" VALUES ( 18869, 12710, '20:42:00', '20:43:00', 20 );
INSERT INTO "times" VALUES ( 18869, 12740, '20:48:00', '20:48:00', 20 );
INSERT INTO "times" VALUES ( 18869, 12780, '20:59:00', '20:59:00', 20 );
INSERT INTO "times" VALUES ( 18869, 12800, '21:02:00', '21:02:00', 20 );
INSERT INTO "times" VALUES ( 18869, 12870, '21:08:00', '21:08:00', 20 );
INSERT INTO "times" VALUES ( 18869, 12890, '21:10:00', '21:10:00', 20 );
INSERT INTO "times" VALUES ( 18869, 12900, '21:12:00', '21:12:00', 20 );
INSERT INTO "times" VALUES ( 18869, 13520, '21:16:00', NULL, NULL );

INSERT INTO "dias" VALUES ( 18870, 180, FALSE, TRUE, 'B2005A', 13520, 12510 );
INSERT INTO "dias_line_groups" VALUES ( 18870, 10 );
INSERT INTO "times" VALUES ( 18870, 12510, '21:42:00', NULL, NULL );
INSERT INTO "times" VALUES ( 18870, 12520, '21:40:00', '21:40:00', 20 );
INSERT INTO "times" VALUES ( 18870, 12530, '21:38:00', '21:38:00', 20 );
INSERT INTO "times" VALUES ( 18870, 12540, '21:34:00', '21:35:00', 20 );
INSERT INTO "times" VALUES ( 18870, 12710, '21:17:00', '21:18:00', 20 );
INSERT INTO "times" VALUES ( 18870, 12740, '21:12:00', '21:12:00', 20 );
INSERT INTO "times" VALUES ( 18870, 12780, '21:00:00', '21:01:00', 20 );
INSERT INTO "times" VALUES ( 18870, 12800, '20:57:00', '20:58:00', 20 );
INSERT INTO "times" VALUES ( 18870, 12870, '20:51:00', '20:51:00', 20 );
INSERT INTO "times" VALUES ( 18870, 12890, '20:48:00', '20:48:00', 20 );
INSERT INTO "times" VALUES ( 18870, 12900, '20:47:00', '20:47:00', 20 );
INSERT INTO "times" VALUES ( 18870, 13520, NULL, '20:44:00', 30 );

INSERT INTO "dias" VALUES ( 18871, 180, FALSE, TRUE, 'B2006Z', 12510, 13520 );
INSERT INTO "dias_line_groups" VALUES ( 18871, 10 );
INSERT INTO "times" VALUES ( 18871, 12510, NULL, '20:30:00', 20 );
INSERT INTO "times" VALUES ( 18871, 12520, '20:31:00', '20:31:00', 20 );
INSERT INTO "times" VALUES ( 18871, 12530, '20:33:00', '20:33:00', 20 );
INSERT INTO "times" VALUES ( 18871, 12540, '20:37:00', '20:37:00', 20 );
INSERT INTO "times" VALUES ( 18871, 12710, '20:52:00', '20:53:00', 20 );
INSERT INTO "times" VALUES ( 18871, 12740, '20:58:00', '20:58:00', 20 );
INSERT INTO "times" VALUES ( 18871, 12780, '21:09:00', '21:09:00', 20 );
INSERT INTO "times" VALUES ( 18871, 12800, '21:12:00', '21:12:00', 20 );
INSERT INTO "times" VALUES ( 18871, 12870, '21:18:00', '21:18:00', 20 );
INSERT INTO "times" VALUES ( 18871, 12890, '21:20:00', '21:20:00', 20 );
INSERT INTO "times" VALUES ( 18871, 12900, '21:22:00', '21:22:00', 20 );
INSERT INTO "times" VALUES ( 18871, 13520, '21:26:00', NULL, NULL );

INSERT INTO "dias" VALUES ( 18872, 180, FALSE, TRUE, 'B2008Z', 12510, 13520 );
INSERT INTO "dias_line_groups" VALUES ( 18872, 10 );
INSERT INTO "times" VALUES ( 18872, 12510, NULL, '20:40:00', 20 );
INSERT INTO "times" VALUES ( 18872, 12520, '20:41:00', '20:41:00', 20 );
INSERT INTO "times" VALUES ( 18872, 12530, '20:43:00', '20:43:00', 20 );
INSERT INTO "times" VALUES ( 18872, 12540, '20:47:00', '20:47:00', 20 );
INSERT INTO "times" VALUES ( 18872, 12710, '21:02:00', '21:03:00', 20 );
INSERT INTO "times" VALUES ( 18872, 12740, '21:08:00', '21:08:00', 20 );
INSERT INTO "times" VALUES ( 18872, 12780, '21:19:00', '21:19:00', 20 );
INSERT INTO "times" VALUES ( 18872, 12800, '21:22:00', '21:22:00', 20 );
INSERT INTO "times" VALUES ( 18872, 12870, '21:28:00', '21:28:00', 20 );
INSERT INTO "times" VALUES ( 18872, 12890, '21:30:00', '21:30:00', 20 );
INSERT INTO "times" VALUES ( 18872, 12900, '21:32:00', '21:32:00', 20 );
INSERT INTO "times" VALUES ( 18872, 13520, '21:36:00', NULL, NULL );

INSERT INTO "dias" VALUES ( 18873, 180, FALSE, TRUE, 'B2010Z', 12510, 13520 );
INSERT INTO "dias_line_groups" VALUES ( 18873, 10 );
INSERT INTO "times" VALUES ( 18873, 12510, NULL, '20:50:00', 20 );
INSERT INTO "times" VALUES ( 18873, 12520, '20:51:00', '20:51:00', 20 );
INSERT INTO "times" VALUES ( 18873, 12530, '20:53:00', '20:53:00', 20 );
INSERT INTO "times" VALUES ( 18873, 12540, '20:57:00', '20:57:00', 20 );
INSERT INTO "times" VALUES ( 18873, 12710, '21:12:00', '21:13:00', 20 );
INSERT INTO "times" VALUES ( 18873, 12740, '21:18:00', '21:18:00', 20 );
INSERT INTO "times" VALUES ( 18873, 12780, '21:29:00', '21:29:00', 20 );
INSERT INTO "times" VALUES ( 18873, 12800, '21:32:00', '21:32:00', 20 );
INSERT INTO "times" VALUES ( 18873, 12870, '21:38:00', '21:38:00', 20 );
INSERT INTO "times" VALUES ( 18873, 12890, '21:40:00', '21:40:00', 20 );
INSERT INTO "times" VALUES ( 18873, 12900, '21:42:00', '21:42:00', 20 );
INSERT INTO "times" VALUES ( 18873, 13520, '21:46:00', NULL, NULL );

INSERT INTO "dias" VALUES ( 18874, 180, FALSE, TRUE, 'B2100Z', 12510, 13520 );
INSERT INTO "dias_line_groups" VALUES ( 18874, 10 );
INSERT INTO "times" VALUES ( 18874, 12510, NULL, '21:00:00', 20 );
INSERT INTO "times" VALUES ( 18874, 12520, '21:01:00', '21:01:00', 20 );
INSERT INTO "times" VALUES ( 18874, 12530, '21:03:00', '21:03:00', 20 );
INSERT INTO "times" VALUES ( 18874, 12540, '21:07:00', '21:07:00', 20 );
INSERT INTO "times" VALUES ( 18874, 12710, '21:22:00', '21:23:00', 20 );
INSERT INTO "times" VALUES ( 18874, 12740, '21:28:00', '21:28:00', 20 );
INSERT INTO "times" VALUES ( 18874, 12780, '21:39:00', '21:39:00', 20 );
INSERT INTO "times" VALUES ( 18874, 12800, '21:42:00', '21:42:00', 20 );
INSERT INTO "times" VALUES ( 18874, 12870, '21:48:00', '21:48:00', 20 );
INSERT INTO "times" VALUES ( 18874, 12890, '21:50:00', '21:50:00', 20 );
INSERT INTO "times" VALUES ( 18874, 12900, '21:52:00', '21:52:00', 20 );
INSERT INTO "times" VALUES ( 18874, 13520, '21:56:00', NULL, NULL );

INSERT INTO "dias" VALUES ( 18875, 180, FALSE, TRUE, 'B2101A', 13520, 12510 );
INSERT INTO "dias_line_groups" VALUES ( 18875, 10 );
INSERT INTO "times" VALUES ( 18875, 12510, '22:02:00', NULL, NULL );
INSERT INTO "times" VALUES ( 18875, 12520, '22:00:00', '22:00:00', 20 );
INSERT INTO "times" VALUES ( 18875, 12530, '21:58:00', '21:58:00', 20 );
INSERT INTO "times" VALUES ( 18875, 12540, '21:54:00', '21:55:00', 20 );
INSERT INTO "times" VALUES ( 18875, 12710, '21:37:00', '21:38:00', 20 );
INSERT INTO "times" VALUES ( 18875, 12740, '21:32:00', '21:32:00', 20 );
INSERT INTO "times" VALUES ( 18875, 12780, '21:20:00', '21:21:00', 20 );
INSERT INTO "times" VALUES ( 18875, 12800, '21:17:00', '21:18:00', 20 );
INSERT INTO "times" VALUES ( 18875, 12870, '21:11:00', '21:11:00', 20 );
INSERT INTO "times" VALUES ( 18875, 12890, '21:08:00', '21:08:00', 20 );
INSERT INTO "times" VALUES ( 18875, 12900, '21:07:00', '21:07:00', 20 );
INSERT INTO "times" VALUES ( 18875, 13520, NULL, '21:04:00', 30 );

INSERT INTO "dias" VALUES ( 18876, 180, FALSE, TRUE, 'B2102Z', 12510, 13520 );
INSERT INTO "dias_line_groups" VALUES ( 18876, 10 );
INSERT INTO "times" VALUES ( 18876, 12510, NULL, '21:20:00', 20 );
INSERT INTO "times" VALUES ( 18876, 12520, '21:21:00', '21:21:00', 20 );
INSERT INTO "times" VALUES ( 18876, 12530, '21:23:00', '21:23:00', 20 );
INSERT INTO "times" VALUES ( 18876, 12540, '21:27:00', '21:27:00', 20 );
INSERT INTO "times" VALUES ( 18876, 12710, '21:42:00', '21:43:00', 20 );
INSERT INTO "times" VALUES ( 18876, 12740, '21:48:00', '21:48:00', 20 );
INSERT INTO "times" VALUES ( 18876, 12780, '21:59:00', '21:59:00', 20 );
INSERT INTO "times" VALUES ( 18876, 12800, '22:02:00', '22:02:00', 20 );
INSERT INTO "times" VALUES ( 18876, 12870, '22:08:00', '22:08:00', 20 );
INSERT INTO "times" VALUES ( 18876, 12890, '22:10:00', '22:10:00', 20 );
INSERT INTO "times" VALUES ( 18876, 12900, '22:13:00', '22:13:00', 20 );
INSERT INTO "times" VALUES ( 18876, 13520, '22:16:00', NULL, NULL );

INSERT INTO "dias" VALUES ( 18877, 180, FALSE, TRUE, 'B2103A', 13520, 12510 );
INSERT INTO "dias_line_groups" VALUES ( 18877, 10 );
INSERT INTO "times" VALUES ( 18877, 12510, '22:22:00', NULL, NULL );
INSERT INTO "times" VALUES ( 18877, 12520, '22:20:00', '22:20:00', 20 );
INSERT INTO "times" VALUES ( 18877, 12530, '22:18:00', '22:18:00', 20 );
INSERT INTO "times" VALUES ( 18877, 12540, '22:14:00', '22:15:00', 20 );
INSERT INTO "times" VALUES ( 18877, 12710, '21:57:00', '21:58:00', 20 );
INSERT INTO "times" VALUES ( 18877, 12740, '21:52:00', '21:52:00', 20 );
INSERT INTO "times" VALUES ( 18877, 12780, '21:40:00', '21:41:00', 20 );
INSERT INTO "times" VALUES ( 18877, 12800, '21:37:00', '21:38:00', 20 );
INSERT INTO "times" VALUES ( 18877, 12870, '21:31:00', '21:31:00', 20 );
INSERT INTO "times" VALUES ( 18877, 12890, '21:28:00', '21:28:00', 20 );
INSERT INTO "times" VALUES ( 18877, 12900, '21:27:00', '21:27:00', 20 );
INSERT INTO "times" VALUES ( 18877, 13520, NULL, '21:24:00', 30 );

INSERT INTO "dias" VALUES ( 18878, 180, FALSE, TRUE, 'B2104Z', 12510, 13520 );
INSERT INTO "dias_line_groups" VALUES ( 18878, 10 );
INSERT INTO "times" VALUES ( 18878, 12510, NULL, '21:40:00', 20 );
INSERT INTO "times" VALUES ( 18878, 12520, '21:41:00', '21:41:00', 20 );
INSERT INTO "times" VALUES ( 18878, 12530, '21:43:00', '21:43:00', 20 );
INSERT INTO "times" VALUES ( 18878, 12540, '21:47:00', '21:47:00', 20 );
INSERT INTO "times" VALUES ( 18878, 12710, '22:02:00', '22:03:00', 20 );
INSERT INTO "times" VALUES ( 18878, 12740, '22:08:00', '22:08:00', 20 );
INSERT INTO "times" VALUES ( 18878, 12780, '22:19:00', '22:19:00', 20 );
INSERT INTO "times" VALUES ( 18878, 12800, '22:22:00', '22:22:00', 20 );
INSERT INTO "times" VALUES ( 18878, 12870, '22:28:00', '22:28:00', 20 );
INSERT INTO "times" VALUES ( 18878, 12890, '22:30:00', '22:30:00', 20 );
INSERT INTO "times" VALUES ( 18878, 12900, '22:33:00', '22:33:00', 20 );
INSERT INTO "times" VALUES ( 18878, 13520, '22:36:00', NULL, NULL );

INSERT INTO "dias" VALUES ( 18879, 180, FALSE, TRUE, 'B2105A', 13520, 12510 );
INSERT INTO "dias_line_groups" VALUES ( 18879, 10 );
INSERT INTO "times" VALUES ( 18879, 12510, '22:42:00', NULL, NULL );
INSERT INTO "times" VALUES ( 18879, 12520, '22:40:00', '22:40:00', 20 );
INSERT INTO "times" VALUES ( 18879, 12530, '22:38:00', '22:38:00', 20 );
INSERT INTO "times" VALUES ( 18879, 12540, '22:34:00', '22:35:00', 20 );
INSERT INTO "times" VALUES ( 18879, 12710, '22:17:00', '22:18:00', 20 );
INSERT INTO "times" VALUES ( 18879, 12740, '22:12:00', '22:12:00', 20 );
INSERT INTO "times" VALUES ( 18879, 12780, '22:00:00', '22:01:00', 20 );
INSERT INTO "times" VALUES ( 18879, 12800, '21:57:00', '21:58:00', 20 );
INSERT INTO "times" VALUES ( 18879, 12870, '21:51:00', '21:51:00', 20 );
INSERT INTO "times" VALUES ( 18879, 12890, '21:48:00', '21:48:00', 20 );
INSERT INTO "times" VALUES ( 18879, 12900, '21:47:00', '21:47:00', 20 );
INSERT INTO "times" VALUES ( 18879, 13520, NULL, '21:44:00', 30 );

INSERT INTO "dias" VALUES ( 18880, 180, FALSE, TRUE, 'B2200Z', 12510, 13520 );
INSERT INTO "dias_line_groups" VALUES ( 18880, 10 );
INSERT INTO "times" VALUES ( 18880, 12510, NULL, '22:00:00', 20 );
INSERT INTO "times" VALUES ( 18880, 12520, '22:01:00', '22:01:00', 20 );
INSERT INTO "times" VALUES ( 18880, 12530, '22:03:00', '22:03:00', 20 );
INSERT INTO "times" VALUES ( 18880, 12540, '22:07:00', '22:07:00', 20 );
INSERT INTO "times" VALUES ( 18880, 12710, '22:22:00', '22:23:00', 20 );
INSERT INTO "times" VALUES ( 18880, 12740, '22:28:00', '22:28:00', 20 );
INSERT INTO "times" VALUES ( 18880, 12780, '22:39:00', '22:39:00', 20 );
INSERT INTO "times" VALUES ( 18880, 12800, '22:42:00', '22:42:00', 20 );
INSERT INTO "times" VALUES ( 18880, 12870, '22:48:00', '22:48:00', 20 );
INSERT INTO "times" VALUES ( 18880, 12890, '22:50:00', '22:50:00', 20 );
INSERT INTO "times" VALUES ( 18880, 12900, '22:52:00', '22:52:00', 20 );
INSERT INTO "times" VALUES ( 18880, 13520, '22:55:00', NULL, NULL );

INSERT INTO "dias" VALUES ( 18881, 180, FALSE, TRUE, 'B2201A', 13520, 12510 );
INSERT INTO "dias_line_groups" VALUES ( 18881, 10 );
INSERT INTO "times" VALUES ( 18881, 12510, '23:02:00', NULL, NULL );
INSERT INTO "times" VALUES ( 18881, 12520, '23:00:00', '23:00:00', 20 );
INSERT INTO "times" VALUES ( 18881, 12530, '22:58:00', '22:58:00', 20 );
INSERT INTO "times" VALUES ( 18881, 12540, '22:55:00', '22:55:00', 20 );
INSERT INTO "times" VALUES ( 18881, 12710, '22:37:00', '22:38:00', 20 );
INSERT INTO "times" VALUES ( 18881, 12740, '22:32:00', '22:32:00', 20 );
INSERT INTO "times" VALUES ( 18881, 12780, '22:20:00', '22:21:00', 20 );
INSERT INTO "times" VALUES ( 18881, 12800, '22:17:00', '22:18:00', 20 );
INSERT INTO "times" VALUES ( 18881, 12870, '22:11:00', '22:11:00', 20 );
INSERT INTO "times" VALUES ( 18881, 12890, '22:08:00', '22:08:00', 20 );
INSERT INTO "times" VALUES ( 18881, 12900, '22:07:00', '22:07:00', 20 );
INSERT INTO "times" VALUES ( 18881, 13520, NULL, '22:04:00', 30 );

INSERT INTO "dias" VALUES ( 18882, 180, FALSE, TRUE, 'B2202Z', 12510, 13520 );
INSERT INTO "dias_line_groups" VALUES ( 18882, 10 );
INSERT INTO "times" VALUES ( 18882, 12510, NULL, '22:20:00', 20 );
INSERT INTO "times" VALUES ( 18882, 12520, '22:21:00', '22:21:00', 20 );
INSERT INTO "times" VALUES ( 18882, 12530, '22:23:00', '22:23:00', 20 );
INSERT INTO "times" VALUES ( 18882, 12540, '22:27:00', '22:27:00', 20 );
INSERT INTO "times" VALUES ( 18882, 12710, '22:42:00', '22:43:00', 20 );
INSERT INTO "times" VALUES ( 18882, 12740, '22:48:00', '22:48:00', 20 );
INSERT INTO "times" VALUES ( 18882, 12780, '22:59:00', '22:59:00', 20 );
INSERT INTO "times" VALUES ( 18882, 12800, '23:02:00', '23:02:00', 20 );
INSERT INTO "times" VALUES ( 18882, 12870, '23:07:00', '23:07:00', 20 );
INSERT INTO "times" VALUES ( 18882, 12890, '23:10:00', '23:10:00', 20 );
INSERT INTO "times" VALUES ( 18882, 12900, '23:12:00', '23:12:00', 20 );
INSERT INTO "times" VALUES ( 18882, 13520, '23:15:00', NULL, NULL );

INSERT INTO "dias" VALUES ( 18883, 180, FALSE, TRUE, 'B2203A', 13520, 12510 );
INSERT INTO "dias_line_groups" VALUES ( 18883, 10 );
INSERT INTO "times" VALUES ( 18883, 12510, '23:22:00', NULL, NULL );
INSERT INTO "times" VALUES ( 18883, 12520, '23:20:00', '23:20:00', 20 );
INSERT INTO "times" VALUES ( 18883, 12530, '23:18:00', '23:18:00', 20 );
INSERT INTO "times" VALUES ( 18883, 12540, '23:15:00', '23:15:00', 20 );
INSERT INTO "times" VALUES ( 18883, 12710, '22:58:00', '22:59:00', 20 );
INSERT INTO "times" VALUES ( 18883, 12740, '22:52:00', '22:53:00', 20 );
INSERT INTO "times" VALUES ( 18883, 12780, '22:42:00', '22:42:00', 20 );
INSERT INTO "times" VALUES ( 18883, 12800, '22:39:00', '22:39:00', 20 );
INSERT INTO "times" VALUES ( 18883, 12870, '22:32:00', '22:32:00', 20 );
INSERT INTO "times" VALUES ( 18883, 12890, '22:29:00', '22:29:00', 20 );
INSERT INTO "times" VALUES ( 18883, 12900, '22:28:00', '22:28:00', 20 );
INSERT INTO "times" VALUES ( 18883, 13520, NULL, '22:25:00', 30 );

INSERT INTO "dias" VALUES ( 18884, 180, FALSE, TRUE, 'B2204Z', 12510, 13520 );
INSERT INTO "dias_line_groups" VALUES ( 18884, 10 );
INSERT INTO "times" VALUES ( 18884, 12510, NULL, '22:40:00', 20 );
INSERT INTO "times" VALUES ( 18884, 12520, '22:41:00', '22:41:00', 20 );
INSERT INTO "times" VALUES ( 18884, 12530, '22:43:00', '22:43:00', 20 );
INSERT INTO "times" VALUES ( 18884, 12540, '22:47:00', '22:47:00', 20 );
INSERT INTO "times" VALUES ( 18884, 12710, '23:01:00', '23:02:00', 20 );
INSERT INTO "times" VALUES ( 18884, 12740, '23:07:00', '23:07:00', 20 );
INSERT INTO "times" VALUES ( 18884, 12780, '23:18:00', '23:19:00', 20 );
INSERT INTO "times" VALUES ( 18884, 12800, '23:22:00', '23:22:00', 20 );
INSERT INTO "times" VALUES ( 18884, 12870, '23:27:00', '23:27:00', 20 );
INSERT INTO "times" VALUES ( 18884, 12890, '23:30:00', '23:30:00', 20 );
INSERT INTO "times" VALUES ( 18884, 12900, '23:32:00', '23:32:00', 20 );
INSERT INTO "times" VALUES ( 18884, 13520, '23:35:00', NULL, NULL );

INSERT INTO "dias" VALUES ( 18885, 180, FALSE, TRUE, 'B2205A', 13520, 12510 );
INSERT INTO "dias_line_groups" VALUES ( 18885, 10 );
INSERT INTO "times" VALUES ( 18885, 12510, '23:47:00', NULL, NULL );
INSERT INTO "times" VALUES ( 18885, 12520, '23:45:00', '23:45:00', 20 );
INSERT INTO "times" VALUES ( 18885, 12530, '23:43:00', '23:43:00', 20 );
INSERT INTO "times" VALUES ( 18885, 12540, '23:40:00', '23:40:00', 20 );
INSERT INTO "times" VALUES ( 18885, 12710, '23:26:00', '23:26:00', 20 );
INSERT INTO "times" VALUES ( 18885, 12740, '23:20:00', '23:20:00', 20 );
INSERT INTO "times" VALUES ( 18885, 12780, '23:09:00', '23:09:00', 20 );
INSERT INTO "times" VALUES ( 18885, 12800, '23:07:00', '23:07:00', 20 );
INSERT INTO "times" VALUES ( 18885, 12870, '23:00:00', '23:00:00', 20 );
INSERT INTO "times" VALUES ( 18885, 12890, '22:57:00', '22:57:00', 20 );
INSERT INTO "times" VALUES ( 18885, 12900, '22:56:00', '22:56:00', 20 );
INSERT INTO "times" VALUES ( 18885, 13520, NULL, '22:53:00', 30 );

INSERT INTO "dias" VALUES ( 18886, 180, FALSE, TRUE, 'B2300Z', 12510, 13520 );
INSERT INTO "dias_line_groups" VALUES ( 18886, 10 );
INSERT INTO "times" VALUES ( 18886, 12510, NULL, '23:00:00', 20 );
INSERT INTO "times" VALUES ( 18886, 12520, '23:01:00', '23:01:00', 20 );
INSERT INTO "times" VALUES ( 18886, 12530, '23:03:00', '23:03:00', 20 );
INSERT INTO "times" VALUES ( 18886, 12540, '23:07:00', '23:07:00', 20 );
INSERT INTO "times" VALUES ( 18886, 12710, '23:22:00', '23:22:00', 20 );
INSERT INTO "times" VALUES ( 18886, 12740, '23:27:00', '23:27:00', 20 );
INSERT INTO "times" VALUES ( 18886, 12780, '23:38:00', '23:38:00', 20 );
INSERT INTO "times" VALUES ( 18886, 12800, '23:41:00', '23:41:00', 20 );
INSERT INTO "times" VALUES ( 18886, 12870, '23:47:00', '23:47:00', 20 );
INSERT INTO "times" VALUES ( 18886, 12890, '23:49:00', '23:49:00', 20 );
INSERT INTO "times" VALUES ( 18886, 12900, '23:51:00', '23:51:00', 20 );
INSERT INTO "times" VALUES ( 18886, 13520, '23:54:00', NULL, NULL );

INSERT INTO "dias" VALUES ( 18887, 180, FALSE, TRUE, 'B2301A', 13520, 12510 );
INSERT INTO "dias_line_groups" VALUES ( 18887, 10 );
INSERT INTO "times" VALUES ( 18887, 12510, '00:13:00', NULL, NULL );
INSERT INTO "times" VALUES ( 18887, 12520, '00:11:00', '00:11:00', 20 );
INSERT INTO "times" VALUES ( 18887, 12530, '00:09:00', '00:09:00', 20 );
INSERT INTO "times" VALUES ( 18887, 12540, '00:07:00', '00:07:00', 20 );
INSERT INTO "times" VALUES ( 18887, 12710, '23:52:00', '23:52:00', 20 );
INSERT INTO "times" VALUES ( 18887, 12740, '23:46:00', '23:46:00', 20 );
INSERT INTO "times" VALUES ( 18887, 12780, '23:36:00', '23:36:00', 20 );
INSERT INTO "times" VALUES ( 18887, 12800, '23:33:00', '23:33:00', 20 );
INSERT INTO "times" VALUES ( 18887, 12870, '23:27:00', '23:27:00', 20 );
INSERT INTO "times" VALUES ( 18887, 12890, '23:24:00', '23:24:00', 20 );
INSERT INTO "times" VALUES ( 18887, 12900, '23:23:00', '23:23:00', 20 );
INSERT INTO "times" VALUES ( 18887, 13520, NULL, '23:20:00', 30 );

INSERT INTO "dias" VALUES ( 18888, 180, FALSE, TRUE, 'B2302Z', 12510, 13520 );
INSERT INTO "dias_line_groups" VALUES ( 18888, 10 );
INSERT INTO "times" VALUES ( 18888, 12510, NULL, '23:20:00', 20 );
INSERT INTO "times" VALUES ( 18888, 12520, '23:21:00', '23:21:00', 20 );
INSERT INTO "times" VALUES ( 18888, 12530, '23:23:00', '23:23:00', 20 );
INSERT INTO "times" VALUES ( 18888, 12540, '23:27:00', '23:27:00', 20 );
INSERT INTO "times" VALUES ( 18888, 12710, '23:41:00', '23:41:00', 20 );
INSERT INTO "times" VALUES ( 18888, 12740, '23:46:00', '23:46:00', 20 );
INSERT INTO "times" VALUES ( 18888, 12780, '23:57:00', '23:57:00', 20 );
INSERT INTO "times" VALUES ( 18888, 12800, '00:00:00', '00:00:00', 20 );
INSERT INTO "times" VALUES ( 18888, 12870, '00:06:00', '00:06:00', 20 );
INSERT INTO "times" VALUES ( 18888, 12890, '00:08:00', '00:08:00', 20 );
INSERT INTO "times" VALUES ( 18888, 12900, '00:10:00', '00:10:00', 20 );
INSERT INTO "times" VALUES ( 18888, 13520, '00:13:00', NULL, NULL );

INSERT INTO "dias" VALUES ( 18889, 180, FALSE, TRUE, 'B2303H', 13520, 12710 );
INSERT INTO "dias_line_groups" VALUES ( 18889, 10 );
INSERT INTO "times" VALUES ( 18889, 12710, '00:31:00', NULL, NULL );
INSERT INTO "times" VALUES ( 18889, 12740, '00:25:00', '00:25:00', 20 );
INSERT INTO "times" VALUES ( 18889, 12780, '00:14:00', '00:15:00', 20 );
INSERT INTO "times" VALUES ( 18889, 12800, '00:11:00', '00:12:00', 20 );
INSERT INTO "times" VALUES ( 18889, 12870, '00:05:00', '00:05:00', 20 );
INSERT INTO "times" VALUES ( 18889, 12890, '00:02:00', '00:02:00', 20 );
INSERT INTO "times" VALUES ( 18889, 12900, '00:01:00', '00:01:00', 20 );
INSERT INTO "times" VALUES ( 18889, 13520, NULL, '23:58:00', 30 );

INSERT INTO "dias" VALUES ( 18890, 180, FALSE, TRUE, 'B2304S', 12510, 12900 );
INSERT INTO "dias_line_groups" VALUES ( 18890, 10 );
INSERT INTO "times" VALUES ( 18890, 12510, NULL, '23:40:00', 20 );
INSERT INTO "times" VALUES ( 18890, 12520, '23:41:00', '23:41:00', 20 );
INSERT INTO "times" VALUES ( 18890, 12530, '23:43:00', '23:43:00', 20 );
INSERT INTO "times" VALUES ( 18890, 12540, '23:47:00', '23:47:00', 20 );
INSERT INTO "times" VALUES ( 18890, 12710, '00:01:00', '00:01:00', 20 );
INSERT INTO "times" VALUES ( 18890, 12740, '00:06:00', '00:06:00', 20 );
INSERT INTO "times" VALUES ( 18890, 12780, '00:17:00', '00:17:00', 20 );
INSERT INTO "times" VALUES ( 18890, 12800, '00:20:00', '00:20:00', 20 );
INSERT INTO "times" VALUES ( 18890, 12870, '00:25:00', '00:25:00', 20 );
INSERT INTO "times" VALUES ( 18890, 12890, '00:28:00', '00:28:00', 20 );
INSERT INTO "times" VALUES ( 18890, 12900, '00:30:00', NULL, NULL );

INSERT INTO "dias" VALUES ( 18891, 180, FALSE, TRUE, 'B2306R', 12510, 12740 );
INSERT INTO "dias_line_groups" VALUES ( 18891, 10 );
INSERT INTO "times" VALUES ( 18891, 12510, NULL, '23:53:00', 20 );
INSERT INTO "times" VALUES ( 18891, 12520, '23:55:00', '23:55:00', 20 );
INSERT INTO "times" VALUES ( 18891, 12530, '23:57:00', '23:57:00', 20 );
INSERT INTO "times" VALUES ( 18891, 12540, '00:00:00', '00:00:00', 20 );
INSERT INTO "times" VALUES ( 18891, 12710, '00:14:00', '00:14:00', 20 );
INSERT INTO "times" VALUES ( 18891, 12740, '00:19:00', NULL, NULL );

INSERT INTO "dias" VALUES ( 18892, 160, FALSE, TRUE, 'D0601A', 13520, 12510 );
INSERT INTO "dias_line_groups" VALUES ( 18892, 10 );
INSERT INTO "times" VALUES ( 18892, 12510, '07:42:00', NULL, NULL );
INSERT INTO "times" VALUES ( 18892, 12520, '07:39:00', '07:39:00', 20 );
INSERT INTO "times" VALUES ( 18892, 12530, '07:38:00', '07:38:00', 20 );
INSERT INTO "times" VALUES ( 18892, 12540, '07:34:00', '07:34:00', 20 );
INSERT INTO "times" VALUES ( 18892, 12610, '07:28:00', '07:29:00', 20 );
INSERT INTO "times" VALUES ( 18892, 12670, '07:22:00', '07:22:00', 20 );
INSERT INTO "times" VALUES ( 18892, 12680, '07:18:00', '07:19:00', 20 );
INSERT INTO "times" VALUES ( 18892, 12710, '07:13:00', '07:14:00', 20 );
INSERT INTO "times" VALUES ( 18892, 12740, '07:06:00', '07:08:00', 20 );
INSERT INTO "times" VALUES ( 18892, 12780, '06:56:00', '06:56:00', 20 );
INSERT INTO "times" VALUES ( 18892, 12800, '06:53:00', '06:53:00', 20 );
INSERT INTO "times" VALUES ( 18892, 12870, '06:47:00', '06:47:00', 20 );
INSERT INTO "times" VALUES ( 18892, 12890, '06:44:00', '06:44:00', 20 );
INSERT INTO "times" VALUES ( 18892, 12900, '06:43:00', '06:43:00', 20 );
INSERT INTO "times" VALUES ( 18892, 13520, NULL, '06:40:00', 30 );

INSERT INTO "dias" VALUES ( 18893, 160, FALSE, TRUE, 'D0701A', 13520, 12510 );
INSERT INTO "dias_line_groups" VALUES ( 18893, 10 );
INSERT INTO "times" VALUES ( 18893, 12510, '08:02:00', NULL, NULL );
INSERT INTO "times" VALUES ( 18893, 12520, '08:00:00', '08:00:00', 20 );
INSERT INTO "times" VALUES ( 18893, 12530, '07:58:00', '07:58:00', 20 );
INSERT INTO "times" VALUES ( 18893, 12540, '07:54:00', '07:55:00', 20 );
INSERT INTO "times" VALUES ( 18893, 12610, '07:49:00', '07:49:00', 20 );
INSERT INTO "times" VALUES ( 18893, 12670, '07:42:00', '07:42:00', 20 );
INSERT INTO "times" VALUES ( 18893, 12680, '07:39:00', '07:40:00', 20 );
INSERT INTO "times" VALUES ( 18893, 12710, '07:33:00', '07:35:00', 20 );
INSERT INTO "times" VALUES ( 18893, 12740, '07:27:00', '07:28:00', 20 );
INSERT INTO "times" VALUES ( 18893, 12780, '07:16:00', '07:16:00', 20 );
INSERT INTO "times" VALUES ( 18893, 12800, '07:13:00', '07:14:00', 20 );
INSERT INTO "times" VALUES ( 18893, 12870, '07:07:00', '07:07:00', 20 );
INSERT INTO "times" VALUES ( 18893, 12890, '07:04:00', '07:04:00', 20 );
INSERT INTO "times" VALUES ( 18893, 12900, '07:03:00', '07:03:00', 20 );
INSERT INTO "times" VALUES ( 18893, 13520, NULL, '07:00:00', 30 );

INSERT INTO "dias" VALUES ( 18894, 160, FALSE, TRUE, 'D0703A', 13520, 12510 );
INSERT INTO "dias_line_groups" VALUES ( 18894, 10 );
INSERT INTO "times" VALUES ( 18894, 12510, '08:22:00', NULL, NULL );
INSERT INTO "times" VALUES ( 18894, 12520, '08:20:00', '08:20:00', 20 );
INSERT INTO "times" VALUES ( 18894, 12530, '08:18:00', '08:18:00', 20 );
INSERT INTO "times" VALUES ( 18894, 12540, '08:14:00', '08:15:00', 20 );
INSERT INTO "times" VALUES ( 18894, 12610, '08:09:00', '08:10:00', 20 );
INSERT INTO "times" VALUES ( 18894, 12670, '08:02:00', '08:02:00', 20 );
INSERT INTO "times" VALUES ( 18894, 12680, '07:59:00', '08:00:00', 20 );
INSERT INTO "times" VALUES ( 18894, 12710, '07:53:00', '07:54:00', 20 );
INSERT INTO "times" VALUES ( 18894, 12740, '07:46:00', '07:48:00', 20 );
INSERT INTO "times" VALUES ( 18894, 12780, '07:36:00', '07:36:00', 20 );
INSERT INTO "times" VALUES ( 18894, 12800, '07:33:00', '07:33:00', 20 );
INSERT INTO "times" VALUES ( 18894, 12870, '07:27:00', '07:27:00', 20 );
INSERT INTO "times" VALUES ( 18894, 12890, '07:24:00', '07:24:00', 20 );
INSERT INTO "times" VALUES ( 18894, 12900, '07:23:00', '07:23:00', 20 );
INSERT INTO "times" VALUES ( 18894, 13520, NULL, '07:20:00', 30 );

INSERT INTO "dias" VALUES ( 18895, 160, FALSE, TRUE, 'D0705A', 13520, 12510 );
INSERT INTO "dias_line_groups" VALUES ( 18895, 10 );
INSERT INTO "times" VALUES ( 18895, 12510, '08:42:00', NULL, NULL );
INSERT INTO "times" VALUES ( 18895, 12520, '08:40:00', '08:40:00', 20 );
INSERT INTO "times" VALUES ( 18895, 12530, '08:38:00', '08:38:00', 20 );
INSERT INTO "times" VALUES ( 18895, 12540, '08:34:00', '08:35:00', 20 );
INSERT INTO "times" VALUES ( 18895, 12610, '08:29:00', '08:29:00', 20 );
INSERT INTO "times" VALUES ( 18895, 12670, '08:22:00', '08:22:00', 20 );
INSERT INTO "times" VALUES ( 18895, 12680, '08:19:00', '08:20:00', 20 );
INSERT INTO "times" VALUES ( 18895, 12710, '08:13:00', '08:14:00', 20 );
INSERT INTO "times" VALUES ( 18895, 12740, '08:07:00', '08:08:00', 20 );
INSERT INTO "times" VALUES ( 18895, 12780, '07:56:00', '07:56:00', 20 );
INSERT INTO "times" VALUES ( 18895, 12800, '07:53:00', '07:53:00', 20 );
INSERT INTO "times" VALUES ( 18895, 12870, '07:47:00', '07:47:00', 20 );
INSERT INTO "times" VALUES ( 18895, 12890, '07:44:00', '07:44:00', 20 );
INSERT INTO "times" VALUES ( 18895, 12900, '07:43:00', '07:43:00', 20 );
INSERT INTO "times" VALUES ( 18895, 13520, NULL, '07:40:00', 30 );

INSERT INTO "dias" VALUES ( 18896, 160, FALSE, TRUE, 'D0800Z', 12510, 13520 );
INSERT INTO "dias_line_groups" VALUES ( 18896, 10 );
INSERT INTO "times" VALUES ( 18896, 12510, NULL, '08:54:00', 20 );
INSERT INTO "times" VALUES ( 18896, 12520, '08:55:00', '08:55:00', 20 );
INSERT INTO "times" VALUES ( 18896, 12530, '08:57:00', '08:57:00', 20 );
INSERT INTO "times" VALUES ( 18896, 12540, '09:01:00', '09:01:00', 20 );
INSERT INTO "times" VALUES ( 18896, 12610, '09:06:00', '09:06:00', 20 );
INSERT INTO "times" VALUES ( 18896, 12670, '09:11:00', '09:11:00', 20 );
INSERT INTO "times" VALUES ( 18896, 12680, '09:15:00', '09:15:00', 20 );
INSERT INTO "times" VALUES ( 18896, 12710, '09:19:00', '09:21:00', 20 );
INSERT INTO "times" VALUES ( 18896, 12740, '09:27:00', '09:27:00', 20 );
INSERT INTO "times" VALUES ( 18896, 12770, '09:35:00', '09:35:00', 20 );
INSERT INTO "times" VALUES ( 18896, 12780, '09:39:00', '09:39:00', 20 );
INSERT INTO "times" VALUES ( 18896, 12800, '09:42:00', '09:42:00', 20 );
INSERT INTO "times" VALUES ( 18896, 12870, '09:48:00', '09:48:00', 20 );
INSERT INTO "times" VALUES ( 18896, 12890, '09:51:00', '09:51:00', 20 );
INSERT INTO "times" VALUES ( 18896, 12900, '09:53:00', '09:53:00', 20 );
INSERT INTO "times" VALUES ( 18896, 13520, '09:57:00', NULL, NULL );

INSERT INTO "dias" VALUES ( 18897, 160, FALSE, TRUE, 'D0900Z', 12510, 13520 );
INSERT INTO "dias_line_groups" VALUES ( 18897, 10 );
INSERT INTO "times" VALUES ( 18897, 12510, NULL, '09:24:00', 20 );
INSERT INTO "times" VALUES ( 18897, 12520, '09:25:00', '09:25:00', 20 );
INSERT INTO "times" VALUES ( 18897, 12530, '09:27:00', '09:27:00', 20 );
INSERT INTO "times" VALUES ( 18897, 12540, '09:31:00', '09:31:00', 20 );
INSERT INTO "times" VALUES ( 18897, 12610, '09:36:00', '09:36:00', 20 );
INSERT INTO "times" VALUES ( 18897, 12670, '09:41:00', '09:41:00', 20 );
INSERT INTO "times" VALUES ( 18897, 12680, '09:45:00', '09:45:00', 20 );
INSERT INTO "times" VALUES ( 18897, 12710, '09:49:00', '09:51:00', 20 );
INSERT INTO "times" VALUES ( 18897, 12740, '09:57:00', '09:57:00', 20 );
INSERT INTO "times" VALUES ( 18897, 12770, '10:05:00', '10:05:00', 20 );
INSERT INTO "times" VALUES ( 18897, 12780, '10:09:00', '10:09:00', 20 );
INSERT INTO "times" VALUES ( 18897, 12800, '10:12:00', '10:12:00', 20 );
INSERT INTO "times" VALUES ( 18897, 12870, '10:18:00', '10:18:00', 20 );
INSERT INTO "times" VALUES ( 18897, 12890, '10:21:00', '10:21:00', 20 );
INSERT INTO "times" VALUES ( 18897, 12900, '10:23:00', '10:23:00', 20 );
INSERT INTO "times" VALUES ( 18897, 13520, '10:27:00', NULL, NULL );

INSERT INTO "dias" VALUES ( 18898, 160, FALSE, TRUE, 'D0902Z', 12510, 13520 );
INSERT INTO "dias_line_groups" VALUES ( 18898, 10 );
INSERT INTO "times" VALUES ( 18898, 12510, NULL, '09:54:00', 20 );
INSERT INTO "times" VALUES ( 18898, 12520, '09:55:00', '09:55:00', 20 );
INSERT INTO "times" VALUES ( 18898, 12530, '09:57:00', '09:57:00', 20 );
INSERT INTO "times" VALUES ( 18898, 12540, '10:01:00', '10:01:00', 20 );
INSERT INTO "times" VALUES ( 18898, 12610, '10:06:00', '10:06:00', 20 );
INSERT INTO "times" VALUES ( 18898, 12670, '10:11:00', '10:11:00', 20 );
INSERT INTO "times" VALUES ( 18898, 12680, '10:15:00', '10:15:00', 20 );
INSERT INTO "times" VALUES ( 18898, 12710, '10:19:00', '10:21:00', 20 );
INSERT INTO "times" VALUES ( 18898, 12740, '10:27:00', '10:27:00', 20 );
INSERT INTO "times" VALUES ( 18898, 12770, '10:35:00', '10:35:00', 20 );
INSERT INTO "times" VALUES ( 18898, 12780, '10:39:00', '10:39:00', 20 );
INSERT INTO "times" VALUES ( 18898, 12800, '10:42:00', '10:42:00', 20 );
INSERT INTO "times" VALUES ( 18898, 12870, '10:48:00', '10:48:00', 20 );
INSERT INTO "times" VALUES ( 18898, 12890, '10:51:00', '10:51:00', 20 );
INSERT INTO "times" VALUES ( 18898, 12900, '10:53:00', '10:53:00', 20 );
INSERT INTO "times" VALUES ( 18898, 13520, '10:57:00', NULL, NULL );

INSERT INTO "dias" VALUES ( 18899, 160, FALSE, TRUE, 'D1000Z', 12510, 13520 );
INSERT INTO "dias_line_groups" VALUES ( 18899, 10 );
INSERT INTO "times" VALUES ( 18899, 12510, NULL, '10:24:00', 20 );
INSERT INTO "times" VALUES ( 18899, 12520, '10:25:00', '10:25:00', 20 );
INSERT INTO "times" VALUES ( 18899, 12530, '10:27:00', '10:27:00', 20 );
INSERT INTO "times" VALUES ( 18899, 12540, '10:31:00', '10:31:00', 20 );
INSERT INTO "times" VALUES ( 18899, 12610, '10:36:00', '10:36:00', 20 );
INSERT INTO "times" VALUES ( 18899, 12670, '10:41:00', '10:41:00', 20 );
INSERT INTO "times" VALUES ( 18899, 12680, '10:45:00', '10:45:00', 20 );
INSERT INTO "times" VALUES ( 18899, 12710, '10:49:00', '10:51:00', 20 );
INSERT INTO "times" VALUES ( 18899, 12740, '10:57:00', '10:57:00', 20 );
INSERT INTO "times" VALUES ( 18899, 12770, '11:05:00', '11:05:00', 20 );
INSERT INTO "times" VALUES ( 18899, 12780, '11:09:00', '11:09:00', 20 );
INSERT INTO "times" VALUES ( 18899, 12800, '11:12:00', '11:12:00', 20 );
INSERT INTO "times" VALUES ( 18899, 12870, '11:18:00', '11:18:00', 20 );
INSERT INTO "times" VALUES ( 18899, 12890, '11:21:00', '11:21:00', 20 );
INSERT INTO "times" VALUES ( 18899, 12900, '11:23:00', '11:23:00', 20 );
INSERT INTO "times" VALUES ( 18899, 13520, '11:27:00', NULL, NULL );

INSERT INTO "dias" VALUES ( 18900, 160, FALSE, TRUE, 'D1002Z', 12510, 13520 );
INSERT INTO "dias_line_groups" VALUES ( 18900, 10 );
INSERT INTO "times" VALUES ( 18900, 12510, NULL, '10:54:00', 20 );
INSERT INTO "times" VALUES ( 18900, 12520, '10:55:00', '10:55:00', 20 );
INSERT INTO "times" VALUES ( 18900, 12530, '10:57:00', '10:57:00', 20 );
INSERT INTO "times" VALUES ( 18900, 12540, '11:01:00', '11:01:00', 20 );
INSERT INTO "times" VALUES ( 18900, 12610, '11:06:00', '11:06:00', 20 );
INSERT INTO "times" VALUES ( 18900, 12670, '11:11:00', '11:11:00', 20 );
INSERT INTO "times" VALUES ( 18900, 12680, '11:15:00', '11:15:00', 20 );
INSERT INTO "times" VALUES ( 18900, 12710, '11:19:00', '11:21:00', 20 );
INSERT INTO "times" VALUES ( 18900, 12740, '11:27:00', '11:27:00', 20 );
INSERT INTO "times" VALUES ( 18900, 12770, '11:35:00', '11:35:00', 20 );
INSERT INTO "times" VALUES ( 18900, 12780, '11:39:00', '11:39:00', 20 );
INSERT INTO "times" VALUES ( 18900, 12800, '11:42:00', '11:42:00', 20 );
INSERT INTO "times" VALUES ( 18900, 12870, '11:48:00', '11:48:00', 20 );
INSERT INTO "times" VALUES ( 18900, 12890, '11:51:00', '11:51:00', 20 );
INSERT INTO "times" VALUES ( 18900, 12900, '11:53:00', '11:53:00', 20 );
INSERT INTO "times" VALUES ( 18900, 13520, '11:57:00', NULL, NULL );

INSERT INTO "dias" VALUES ( 18901, 160, FALSE, TRUE, 'D2001A', 13520, 12510 );
INSERT INTO "dias_line_groups" VALUES ( 18901, 10 );
INSERT INTO "times" VALUES ( 18901, 12510, '21:16:00', NULL, NULL );
INSERT INTO "times" VALUES ( 18901, 12520, '21:14:00', '21:14:00', 20 );
INSERT INTO "times" VALUES ( 18901, 12530, '21:12:00', '21:12:00', 20 );
INSERT INTO "times" VALUES ( 18901, 12540, '21:09:00', '21:09:00', 20 );
INSERT INTO "times" VALUES ( 18901, 12610, '21:04:00', '21:04:00', 20 );
INSERT INTO "times" VALUES ( 18901, 12670, '20:57:00', '20:57:00', 20 );
INSERT INTO "times" VALUES ( 18901, 12680, '20:53:00', '20:55:00', 20 );
INSERT INTO "times" VALUES ( 18901, 12710, '20:48:00', '20:49:00', 20 );
INSERT INTO "times" VALUES ( 18901, 12740, '20:42:00', '20:43:00', 20 );
INSERT INTO "times" VALUES ( 18901, 12780, '20:30:00', '20:31:00', 20 );
INSERT INTO "times" VALUES ( 18901, 12800, '20:27:00', '20:28:00', 20 );
INSERT INTO "times" VALUES ( 18901, 12870, '20:21:00', '20:21:00', 20 );
INSERT INTO "times" VALUES ( 18901, 12890, '20:18:00', '20:18:00', 20 );
INSERT INTO "times" VALUES ( 18901, 12900, '20:17:00', '20:17:00', 20 );
INSERT INTO "times" VALUES ( 18901, 13520, NULL, '20:14:00', 30 );

INSERT INTO "dias" VALUES ( 18902, 160, FALSE, TRUE, 'D2003A', 13520, 12510 );
INSERT INTO "dias_line_groups" VALUES ( 18902, 10 );
INSERT INTO "times" VALUES ( 18902, 12510, '21:36:00', NULL, NULL );
INSERT INTO "times" VALUES ( 18902, 12520, '21:34:00', '21:34:00', 20 );
INSERT INTO "times" VALUES ( 18902, 12530, '21:32:00', '21:32:00', 20 );
INSERT INTO "times" VALUES ( 18902, 12540, '21:29:00', '21:29:00', 20 );
INSERT INTO "times" VALUES ( 18902, 12610, '21:24:00', '21:24:00', 20 );
INSERT INTO "times" VALUES ( 18902, 12670, '21:17:00', '21:17:00', 20 );
INSERT INTO "times" VALUES ( 18902, 12680, '21:13:00', '21:15:00', 20 );
INSERT INTO "times" VALUES ( 18902, 12710, '21:08:00', '21:09:00', 20 );
INSERT INTO "times" VALUES ( 18902, 12740, '21:02:00', '21:03:00', 20 );
INSERT INTO "times" VALUES ( 18902, 12780, '20:50:00', '20:51:00', 20 );
INSERT INTO "times" VALUES ( 18902, 12800, '20:47:00', '20:48:00', 20 );
INSERT INTO "times" VALUES ( 18902, 12870, '20:41:00', '20:41:00', 20 );
INSERT INTO "times" VALUES ( 18902, 12890, '20:38:00', '20:38:00', 20 );
INSERT INTO "times" VALUES ( 18902, 12900, '20:37:00', '20:37:00', 20 );
INSERT INTO "times" VALUES ( 18902, 13520, NULL, '20:34:00', 30 );

INSERT INTO "dias" VALUES ( 18903, 160, FALSE, TRUE, 'D2005A', 13520, 12510 );
INSERT INTO "dias_line_groups" VALUES ( 18903, 10 );
INSERT INTO "times" VALUES ( 18903, 12510, '21:56:00', NULL, NULL );
INSERT INTO "times" VALUES ( 18903, 12520, '21:54:00', '21:54:00', 20 );
INSERT INTO "times" VALUES ( 18903, 12530, '21:52:00', '21:52:00', 20 );
INSERT INTO "times" VALUES ( 18903, 12540, '21:49:00', '21:49:00', 20 );
INSERT INTO "times" VALUES ( 18903, 12610, '21:44:00', '21:44:00', 20 );
INSERT INTO "times" VALUES ( 18903, 12670, '21:37:00', '21:37:00', 20 );
INSERT INTO "times" VALUES ( 18903, 12680, '21:33:00', '21:35:00', 20 );
INSERT INTO "times" VALUES ( 18903, 12710, '21:28:00', '21:29:00', 20 );
INSERT INTO "times" VALUES ( 18903, 12740, '21:22:00', '21:23:00', 20 );
INSERT INTO "times" VALUES ( 18903, 12780, '21:10:00', '21:11:00', 20 );
INSERT INTO "times" VALUES ( 18903, 12800, '21:07:00', '21:08:00', 20 );
INSERT INTO "times" VALUES ( 18903, 12870, '21:01:00', '21:01:00', 20 );
INSERT INTO "times" VALUES ( 18903, 12890, '20:58:00', '20:58:00', 20 );
INSERT INTO "times" VALUES ( 18903, 12900, '20:57:00', '20:57:00', 20 );
INSERT INTO "times" VALUES ( 18903, 13520, NULL, '20:54:00', 30 );

INSERT INTO "dias" VALUES ( 18904, 160, FALSE, TRUE, 'D2101A', 13520, 12510 );
INSERT INTO "dias_line_groups" VALUES ( 18904, 10 );
INSERT INTO "times" VALUES ( 18904, 12510, '22:16:00', NULL, NULL );
INSERT INTO "times" VALUES ( 18904, 12520, '22:14:00', '22:14:00', 20 );
INSERT INTO "times" VALUES ( 18904, 12530, '22:12:00', '22:12:00', 20 );
INSERT INTO "times" VALUES ( 18904, 12540, '22:09:00', '22:09:00', 20 );
INSERT INTO "times" VALUES ( 18904, 12610, '22:03:00', '22:04:00', 20 );
INSERT INTO "times" VALUES ( 18904, 12670, '21:57:00', '21:57:00', 20 );
INSERT INTO "times" VALUES ( 18904, 12680, '21:53:00', '21:54:00', 20 );
INSERT INTO "times" VALUES ( 18904, 12710, '21:48:00', '21:49:00', 20 );
INSERT INTO "times" VALUES ( 18904, 12740, '21:42:00', '21:43:00', 20 );
INSERT INTO "times" VALUES ( 18904, 12780, '21:30:00', '21:31:00', 20 );
INSERT INTO "times" VALUES ( 18904, 12800, '21:27:00', '21:28:00', 20 );
INSERT INTO "times" VALUES ( 18904, 12870, '21:21:00', '21:21:00', 20 );
INSERT INTO "times" VALUES ( 18904, 12890, '21:18:00', '21:18:00', 20 );
INSERT INTO "times" VALUES ( 18904, 12900, '21:17:00', '21:17:00', 20 );
INSERT INTO "times" VALUES ( 18904, 13520, NULL, '21:14:00', 30 );

INSERT INTO "dias" VALUES ( 18905, 160, FALSE, TRUE, 'D2103A', 13520, 12510 );
INSERT INTO "dias_line_groups" VALUES ( 18905, 10 );
INSERT INTO "times" VALUES ( 18905, 12510, '22:35:00', NULL, NULL );
INSERT INTO "times" VALUES ( 18905, 12520, '22:33:00', '22:33:00', 20 );
INSERT INTO "times" VALUES ( 18905, 12530, '22:31:00', '22:31:00', 20 );
INSERT INTO "times" VALUES ( 18905, 12540, '22:29:00', '22:29:00', 20 );
INSERT INTO "times" VALUES ( 18905, 12610, '22:24:00', '22:24:00', 20 );
INSERT INTO "times" VALUES ( 18905, 12670, '22:17:00', '22:17:00', 20 );
INSERT INTO "times" VALUES ( 18905, 12680, '22:13:00', '22:14:00', 20 );
INSERT INTO "times" VALUES ( 18905, 12710, '22:08:00', '22:09:00', 20 );
INSERT INTO "times" VALUES ( 18905, 12740, '22:02:00', '22:03:00', 20 );
INSERT INTO "times" VALUES ( 18905, 12780, '21:50:00', '21:51:00', 20 );
INSERT INTO "times" VALUES ( 18905, 12800, '21:47:00', '21:48:00', 20 );
INSERT INTO "times" VALUES ( 18905, 12870, '21:41:00', '21:41:00', 20 );
INSERT INTO "times" VALUES ( 18905, 12890, '21:38:00', '21:38:00', 20 );
INSERT INTO "times" VALUES ( 18905, 12900, '21:37:00', '21:37:00', 20 );
INSERT INTO "times" VALUES ( 18905, 13520, NULL, '21:34:00', 30 );

INSERT INTO "dias" VALUES ( 18906, 160, FALSE, TRUE, 'D2105A', 13520, 12510 );
INSERT INTO "dias_line_groups" VALUES ( 18906, 10 );
INSERT INTO "times" VALUES ( 18906, 12510, '22:54:00', NULL, NULL );
INSERT INTO "times" VALUES ( 18906, 12520, '22:52:00', '22:52:00', 20 );
INSERT INTO "times" VALUES ( 18906, 12530, '22:51:00', '22:51:00', 20 );
INSERT INTO "times" VALUES ( 18906, 12540, '22:48:00', '22:48:00', 20 );
INSERT INTO "times" VALUES ( 18906, 12610, '22:43:00', '22:43:00', 20 );
INSERT INTO "times" VALUES ( 18906, 12670, '22:36:00', '22:36:00', 20 );
INSERT INTO "times" VALUES ( 18906, 12680, '22:34:00', '22:34:00', 20 );
INSERT INTO "times" VALUES ( 18906, 12710, '22:28:00', '22:29:00', 20 );
INSERT INTO "times" VALUES ( 18906, 12740, '22:22:00', '22:23:00', 20 );
INSERT INTO "times" VALUES ( 18906, 12780, '22:11:00', '22:11:00', 20 );
INSERT INTO "times" VALUES ( 18906, 12800, '22:08:00', '22:08:00', 20 );
INSERT INTO "times" VALUES ( 18906, 12870, '22:01:00', '22:01:00', 20 );
INSERT INTO "times" VALUES ( 18906, 12890, '21:58:00', '21:58:00', 20 );
INSERT INTO "times" VALUES ( 18906, 12900, '21:57:00', '21:57:00', 20 );
INSERT INTO "times" VALUES ( 18906, 13520, NULL, '21:54:00', 30 );

INSERT INTO "dias" VALUES ( 18907, 160, FALSE, TRUE, 'D2201A', 13520, 12510 );
INSERT INTO "dias_line_groups" VALUES ( 18907, 10 );
INSERT INTO "times" VALUES ( 18907, 12510, '23:16:00', NULL, NULL );
INSERT INTO "times" VALUES ( 18907, 12520, '23:14:00', '23:14:00', 20 );
INSERT INTO "times" VALUES ( 18907, 12530, '23:12:00', '23:12:00', 20 );
INSERT INTO "times" VALUES ( 18907, 12540, '23:09:00', '23:09:00', 20 );
INSERT INTO "times" VALUES ( 18907, 12610, '23:04:00', '23:04:00', 20 );
INSERT INTO "times" VALUES ( 18907, 12670, '22:57:00', '22:57:00', 20 );
INSERT INTO "times" VALUES ( 18907, 12680, '22:54:00', '22:55:00', 20 );
INSERT INTO "times" VALUES ( 18907, 12710, '22:48:00', '22:49:00', 20 );
INSERT INTO "times" VALUES ( 18907, 12740, '22:42:00', '22:43:00', 20 );
INSERT INTO "times" VALUES ( 18907, 12780, '22:30:00', '22:31:00', 20 );
INSERT INTO "times" VALUES ( 18907, 12800, '22:28:00', '22:28:00', 20 );
INSERT INTO "times" VALUES ( 18907, 12870, '22:21:00', '22:21:00', 20 );
INSERT INTO "times" VALUES ( 18907, 12890, '22:18:00', '22:18:00', 20 );
INSERT INTO "times" VALUES ( 18907, 12900, '22:17:00', '22:17:00', 20 );
INSERT INTO "times" VALUES ( 18907, 13520, NULL, '22:14:00', 30 );

INSERT INTO "dias" VALUES ( 18908, 160, FALSE, TRUE, 'D2203A', 13520, 12510 );
INSERT INTO "dias_line_groups" VALUES ( 18908, 10 );
INSERT INTO "times" VALUES ( 18908, 12510, '23:37:00', NULL, NULL );
INSERT INTO "times" VALUES ( 18908, 12520, '23:35:00', '23:35:00', 20 );
INSERT INTO "times" VALUES ( 18908, 12530, '23:33:00', '23:33:00', 20 );
INSERT INTO "times" VALUES ( 18908, 12540, '23:30:00', '23:30:00', 20 );
INSERT INTO "times" VALUES ( 18908, 12610, '23:25:00', '23:25:00', 20 );
INSERT INTO "times" VALUES ( 18908, 12670, '23:19:00', '23:19:00', 20 );
INSERT INTO "times" VALUES ( 18908, 12680, '23:16:00', '23:16:00', 20 );
INSERT INTO "times" VALUES ( 18908, 12710, '23:10:00', '23:11:00', 20 );
INSERT INTO "times" VALUES ( 18908, 12740, '23:05:00', '23:05:00', 20 );
INSERT INTO "times" VALUES ( 18908, 12780, '22:54:00', '22:54:00', 20 );
INSERT INTO "times" VALUES ( 18908, 12800, '22:51:00', '22:51:00', 20 );
INSERT INTO "times" VALUES ( 18908, 12870, '22:44:00', '22:44:00', 20 );
INSERT INTO "times" VALUES ( 18908, 12890, '22:42:00', '22:42:00', 20 );
INSERT INTO "times" VALUES ( 18908, 12900, '22:40:00', '22:40:00', 20 );
INSERT INTO "times" VALUES ( 18908, 13520, NULL, '22:37:00', 30 );

INSERT INTO "dias" VALUES ( 18909, 150, FALSE, TRUE, 'E2400R', 12510, 12740 );
INSERT INTO "dias_line_groups" VALUES ( 18909, 10 );
INSERT INTO "times" VALUES ( 18909, 12510, NULL, '00:20:00', 20 );
INSERT INTO "times" VALUES ( 18909, 12520, '00:21:00', '00:21:00', 20 );
INSERT INTO "times" VALUES ( 18909, 12530, '00:23:00', '00:23:00', 20 );
INSERT INTO "times" VALUES ( 18909, 12540, '00:27:00', '00:27:00', 20 );
INSERT INTO "times" VALUES ( 18909, 12670, '00:36:00', '00:36:00', 20 );
INSERT INTO "times" VALUES ( 18909, 12680, '00:39:00', '00:39:00', 20 );
INSERT INTO "times" VALUES ( 18909, 12710, '00:44:00', '00:44:00', 20 );
INSERT INTO "times" VALUES ( 18909, 12740, '00:49:00', NULL, NULL );

INSERT INTO "dias" VALUES ( 18910, 140, FALSE, TRUE, 'F0500Z', 12670, 13520 );
INSERT INTO "dias_line_groups" VALUES ( 18910, 10 );
INSERT INTO "times" VALUES ( 18910, 12670, NULL, '05:36:00', 20 );
INSERT INTO "times" VALUES ( 18910, 12680, '05:39:00', '05:39:00', 20 );
INSERT INTO "times" VALUES ( 18910, 12700, '05:43:00', '05:43:00', 20 );
INSERT INTO "times" VALUES ( 18910, 12710, '05:45:00', '05:45:00', 20 );
INSERT INTO "times" VALUES ( 18910, 12740, '05:50:00', '05:50:00', 20 );
INSERT INTO "times" VALUES ( 18910, 12760, '05:56:00', '05:56:00', 20 );
INSERT INTO "times" VALUES ( 18910, 12780, '06:03:00', '06:03:00', 20 );
INSERT INTO "times" VALUES ( 18910, 12800, '06:06:00', '06:06:00', 20 );
INSERT INTO "times" VALUES ( 18910, 12840, '06:09:00', '06:09:00', 20 );
INSERT INTO "times" VALUES ( 18910, 12870, '06:13:00', '06:13:00', 20 );
INSERT INTO "times" VALUES ( 18910, 12880, '06:14:00', '06:14:00', 20 );
INSERT INTO "times" VALUES ( 18910, 12890, '06:16:00', '06:16:00', 20 );
INSERT INTO "times" VALUES ( 18910, 12900, '06:18:00', '06:18:00', 20 );
INSERT INTO "times" VALUES ( 18910, 13510, '06:20:00', '06:20:00', 30 );
INSERT INTO "times" VALUES ( 18910, 13520, '06:23:00', NULL, NULL );

INSERT INTO "dias" VALUES ( 18911, 140, FALSE, TRUE, 'F0501A', 13520, 12510 );
INSERT INTO "dias_line_groups" VALUES ( 18911, 10 );
INSERT INTO "times" VALUES ( 18911, 12510, '06:37:00', NULL, NULL );
INSERT INTO "times" VALUES ( 18911, 12520, '06:35:00', '06:35:00', 20 );
INSERT INTO "times" VALUES ( 18911, 12530, '06:34:00', '06:34:00', 20 );
INSERT INTO "times" VALUES ( 18911, 12540, '06:31:00', '06:31:00', 20 );
INSERT INTO "times" VALUES ( 18911, 12610, '06:26:00', '06:26:00', 20 );
INSERT INTO "times" VALUES ( 18911, 12670, '06:19:00', '06:19:00', 20 );
INSERT INTO "times" VALUES ( 18911, 12680, '06:16:00', '06:16:00', 20 );
INSERT INTO "times" VALUES ( 18911, 12700, '06:13:00', '06:13:00', 20 );
INSERT INTO "times" VALUES ( 18911, 12710, '06:11:00', '06:11:00', 20 );
INSERT INTO "times" VALUES ( 18911, 12740, '06:05:00', '06:05:00', 20 );
INSERT INTO "times" VALUES ( 18911, 12760, '06:00:00', '06:00:00', 20 );
INSERT INTO "times" VALUES ( 18911, 12780, '05:53:00', '05:53:00', 20 );
INSERT INTO "times" VALUES ( 18911, 12800, '05:51:00', '05:51:00', 20 );
INSERT INTO "times" VALUES ( 18911, 12840, '05:46:00', '05:46:00', 20 );
INSERT INTO "times" VALUES ( 18911, 12870, '05:43:00', '05:43:00', 20 );
INSERT INTO "times" VALUES ( 18911, 12880, '05:41:00', '05:41:00', 20 );
INSERT INTO "times" VALUES ( 18911, 12890, '05:39:00', '05:39:00', 20 );
INSERT INTO "times" VALUES ( 18911, 12900, '05:38:00', '05:38:00', 20 );
INSERT INTO "times" VALUES ( 18911, 13510, '05:36:00', '05:36:00', 30 );
INSERT INTO "times" VALUES ( 18911, 13520, NULL, '05:34:00', 30 );

INSERT INTO "dias" VALUES ( 18912, 140, FALSE, TRUE, 'F0502Z', 12510, 13520 );
INSERT INTO "dias_line_groups" VALUES ( 18912, 10 );
INSERT INTO "times" VALUES ( 18912, 12510, NULL, '05:48:00', 20 );
INSERT INTO "times" VALUES ( 18912, 12520, '05:49:00', '05:49:00', 20 );
INSERT INTO "times" VALUES ( 18912, 12530, '05:51:00', '05:51:00', 20 );
INSERT INTO "times" VALUES ( 18912, 12540, '05:55:00', '05:55:00', 20 );
INSERT INTO "times" VALUES ( 18912, 12610, '06:00:00', '06:00:00', 20 );
INSERT INTO "times" VALUES ( 18912, 12670, '06:05:00', '06:05:00', 20 );
INSERT INTO "times" VALUES ( 18912, 12680, '06:09:00', '06:09:00', 20 );
INSERT INTO "times" VALUES ( 18912, 12700, '06:12:00', '06:12:00', 20 );
INSERT INTO "times" VALUES ( 18912, 12710, '06:14:00', '06:14:00', 20 );
INSERT INTO "times" VALUES ( 18912, 12740, '06:20:00', '06:20:00', 20 );
INSERT INTO "times" VALUES ( 18912, 12760, '06:24:00', '06:24:00', 20 );
INSERT INTO "times" VALUES ( 18912, 12780, '06:32:00', '06:32:00', 20 );
INSERT INTO "times" VALUES ( 18912, 12800, '06:34:00', '06:34:00', 20 );
INSERT INTO "times" VALUES ( 18912, 12840, '06:38:00', '06:38:00', 20 );
INSERT INTO "times" VALUES ( 18912, 12870, '06:41:00', '06:41:00', 20 );
INSERT INTO "times" VALUES ( 18912, 12880, '06:43:00', '06:43:00', 20 );
INSERT INTO "times" VALUES ( 18912, 12890, '06:45:00', '06:45:00', 20 );
INSERT INTO "times" VALUES ( 18912, 12900, '06:47:00', '06:47:00', 20 );
INSERT INTO "times" VALUES ( 18912, 13510, '06:49:00', '06:49:00', 30 );
INSERT INTO "times" VALUES ( 18912, 13520, '06:51:00', NULL, NULL );

INSERT INTO "dias" VALUES ( 18913, 140, FALSE, TRUE, 'F0503A', 13520, 12510 );
INSERT INTO "dias_line_groups" VALUES ( 18913, 10 );
INSERT INTO "times" VALUES ( 18913, 12510, '06:56:00', NULL, NULL );
INSERT INTO "times" VALUES ( 18913, 12520, '06:54:00', '06:54:00', 20 );
INSERT INTO "times" VALUES ( 18913, 12530, '06:52:00', '06:52:00', 20 );
INSERT INTO "times" VALUES ( 18913, 12540, '06:49:00', '06:49:00', 20 );
INSERT INTO "times" VALUES ( 18913, 12610, '06:44:00', '06:44:00', 20 );
INSERT INTO "times" VALUES ( 18913, 12670, '06:38:00', '06:38:00', 20 );
INSERT INTO "times" VALUES ( 18913, 12680, '06:35:00', '06:35:00', 20 );
INSERT INTO "times" VALUES ( 18913, 12700, '06:31:00', '06:31:00', 20 );
INSERT INTO "times" VALUES ( 18913, 12710, '06:30:00', '06:30:00', 20 );
INSERT INTO "times" VALUES ( 18913, 12740, '06:24:00', '06:24:00', 20 );
INSERT INTO "times" VALUES ( 18913, 12760, '06:19:00', '06:19:00', 20 );
INSERT INTO "times" VALUES ( 18913, 12780, '06:12:00', '06:12:00', 20 );
INSERT INTO "times" VALUES ( 18913, 12800, '06:09:00', '06:09:00', 20 );
INSERT INTO "times" VALUES ( 18913, 12840, '06:05:00', '06:05:00', 20 );
INSERT INTO "times" VALUES ( 18913, 12870, '06:01:00', '06:01:00', 20 );
INSERT INTO "times" VALUES ( 18913, 12880, '05:59:00', '05:59:00', 20 );
INSERT INTO "times" VALUES ( 18913, 12890, '05:58:00', '05:58:00', 20 );
INSERT INTO "times" VALUES ( 18913, 12900, '05:56:00', '05:56:00', 20 );
INSERT INTO "times" VALUES ( 18913, 13510, '05:54:00', '05:54:00', 30 );
INSERT INTO "times" VALUES ( 18913, 13520, NULL, '05:52:00', 30 );

INSERT INTO "dias" VALUES ( 18914, 140, FALSE, TRUE, 'F0600Z', 12510, 13520 );
INSERT INTO "dias_line_groups" VALUES ( 18914, 10 );
INSERT INTO "times" VALUES ( 18914, 12510, NULL, '06:08:00', 20 );
INSERT INTO "times" VALUES ( 18914, 12520, '06:10:00', '06:10:00', 20 );
INSERT INTO "times" VALUES ( 18914, 12530, '06:12:00', '06:12:00', 20 );
INSERT INTO "times" VALUES ( 18914, 12540, '06:15:00', '06:15:00', 20 );
INSERT INTO "times" VALUES ( 18914, 12610, '06:20:00', '06:20:00', 20 );
INSERT INTO "times" VALUES ( 18914, 12670, '06:26:00', '06:26:00', 20 );
INSERT INTO "times" VALUES ( 18914, 12680, '06:29:00', '06:29:00', 20 );
INSERT INTO "times" VALUES ( 18914, 12700, '06:32:00', '06:32:00', 20 );
INSERT INTO "times" VALUES ( 18914, 12710, '06:35:00', '06:35:00', 20 );
INSERT INTO "times" VALUES ( 18914, 12740, '06:40:00', '06:40:00', 20 );
INSERT INTO "times" VALUES ( 18914, 12760, '06:45:00', '06:45:00', 20 );
INSERT INTO "times" VALUES ( 18914, 12780, '06:52:00', '06:52:00', 20 );
INSERT INTO "times" VALUES ( 18914, 12800, '06:55:00', '06:55:00', 20 );
INSERT INTO "times" VALUES ( 18914, 12840, '06:58:00', '06:58:00', 20 );
INSERT INTO "times" VALUES ( 18914, 12870, '07:02:00', '07:02:00', 20 );
INSERT INTO "times" VALUES ( 18914, 12880, '07:03:00', '07:03:00', 20 );
INSERT INTO "times" VALUES ( 18914, 12890, '07:05:00', '07:05:00', 20 );
INSERT INTO "times" VALUES ( 18914, 12900, '07:08:00', '07:08:00', 20 );
INSERT INTO "times" VALUES ( 18914, 13510, '07:09:00', '07:09:00', 30 );
INSERT INTO "times" VALUES ( 18914, 13520, '07:12:00', NULL, NULL );

INSERT INTO "dias" VALUES ( 18915, 140, FALSE, TRUE, 'F0601A', 13520, 12510 );
INSERT INTO "dias_line_groups" VALUES ( 18915, 10 );
INSERT INTO "times" VALUES ( 18915, 12510, '07:22:00', NULL, NULL );
INSERT INTO "times" VALUES ( 18915, 12520, '07:19:00', '07:19:00', 20 );
INSERT INTO "times" VALUES ( 18915, 12530, '07:17:00', '07:17:00', 20 );
INSERT INTO "times" VALUES ( 18915, 12540, '07:14:00', '07:14:00', 20 );
INSERT INTO "times" VALUES ( 18915, 12610, '07:09:00', '07:09:00', 20 );
INSERT INTO "times" VALUES ( 18915, 12670, '07:02:00', '07:02:00', 20 );
INSERT INTO "times" VALUES ( 18915, 12680, '07:00:00', '07:00:00', 20 );
INSERT INTO "times" VALUES ( 18915, 12700, '06:56:00', '06:56:00', 20 );
INSERT INTO "times" VALUES ( 18915, 12710, '06:54:00', '06:54:00', 20 );
INSERT INTO "times" VALUES ( 18915, 12740, '06:48:00', '06:48:00', 20 );
INSERT INTO "times" VALUES ( 18915, 12760, '06:43:00', '06:43:00', 20 );
INSERT INTO "times" VALUES ( 18915, 12780, '06:36:00', '06:36:00', 20 );
INSERT INTO "times" VALUES ( 18915, 12800, '06:34:00', '06:34:00', 20 );
INSERT INTO "times" VALUES ( 18915, 12840, '06:29:00', '06:29:00', 20 );
INSERT INTO "times" VALUES ( 18915, 12870, '06:26:00', '06:26:00', 20 );
INSERT INTO "times" VALUES ( 18915, 12880, '06:24:00', '06:24:00', 20 );
INSERT INTO "times" VALUES ( 18915, 12890, '06:22:00', '06:22:00', 20 );
INSERT INTO "times" VALUES ( 18915, 12900, '06:21:00', '06:21:00', 20 );
INSERT INTO "times" VALUES ( 18915, 13510, '06:18:00', '06:18:00', 30 );
INSERT INTO "times" VALUES ( 18915, 13520, NULL, '06:16:00', 30 );

INSERT INTO "dias" VALUES ( 18916, 140, FALSE, TRUE, 'F0602Z', 12510, 13520 );
INSERT INTO "dias_line_groups" VALUES ( 18916, 10 );
INSERT INTO "times" VALUES ( 18916, 12510, NULL, '06:22:00', 20 );
INSERT INTO "times" VALUES ( 18916, 12520, '06:23:00', '06:23:00', 20 );
INSERT INTO "times" VALUES ( 18916, 12530, '06:25:00', '06:25:00', 20 );
INSERT INTO "times" VALUES ( 18916, 12540, '06:29:00', '06:29:00', 20 );
INSERT INTO "times" VALUES ( 18916, 12610, '06:34:00', '06:34:00', 20 );
INSERT INTO "times" VALUES ( 18916, 12670, '06:40:00', '06:40:00', 20 );
INSERT INTO "times" VALUES ( 18916, 12680, '06:43:00', '06:43:00', 20 );
INSERT INTO "times" VALUES ( 18916, 12700, '06:46:00', '06:46:00', 20 );
INSERT INTO "times" VALUES ( 18916, 12710, '06:48:00', '06:48:00', 20 );
INSERT INTO "times" VALUES ( 18916, 12740, '06:54:00', '06:54:00', 20 );
INSERT INTO "times" VALUES ( 18916, 12760, '06:58:00', '06:58:00', 20 );
INSERT INTO "times" VALUES ( 18916, 12780, '07:06:00', '07:06:00', 20 );
INSERT INTO "times" VALUES ( 18916, 12800, '07:08:00', '07:08:00', 20 );
INSERT INTO "times" VALUES ( 18916, 12840, '07:12:00', '07:12:00', 20 );
INSERT INTO "times" VALUES ( 18916, 12870, '07:16:00', '07:16:00', 20 );
INSERT INTO "times" VALUES ( 18916, 12880, '07:17:00', '07:17:00', 20 );
INSERT INTO "times" VALUES ( 18916, 12890, '07:19:00', '07:19:00', 20 );
INSERT INTO "times" VALUES ( 18916, 12900, '07:21:00', '07:21:00', 20 );
INSERT INTO "times" VALUES ( 18916, 13510, '07:23:00', '07:23:00', 30 );
INSERT INTO "times" VALUES ( 18916, 13520, '07:26:00', NULL, NULL );

INSERT INTO "dias" VALUES ( 18917, 140, FALSE, TRUE, 'F0604Z', 12510, 13520 );
INSERT INTO "dias_line_groups" VALUES ( 18917, 10 );
INSERT INTO "times" VALUES ( 18917, 12510, NULL, '06:42:00', 20 );
INSERT INTO "times" VALUES ( 18917, 12520, '06:44:00', '06:44:00', 20 );
INSERT INTO "times" VALUES ( 18917, 12530, '06:46:00', '06:46:00', 20 );
INSERT INTO "times" VALUES ( 18917, 12540, '06:49:00', '06:49:00', 20 );
INSERT INTO "times" VALUES ( 18917, 12610, '06:54:00', '06:54:00', 20 );
INSERT INTO "times" VALUES ( 18917, 12670, '07:00:00', '07:00:00', 20 );
INSERT INTO "times" VALUES ( 18917, 12680, '07:03:00', '07:03:00', 20 );
INSERT INTO "times" VALUES ( 18917, 12700, '07:06:00', '07:06:00', 20 );
INSERT INTO "times" VALUES ( 18917, 12710, '07:08:00', '07:09:00', 20 );
INSERT INTO "times" VALUES ( 18917, 12740, '07:15:00', '07:15:00', 20 );
INSERT INTO "times" VALUES ( 18917, 12760, '07:19:00', '07:19:00', 20 );
INSERT INTO "times" VALUES ( 18917, 12780, '07:27:00', '07:27:00', 20 );
INSERT INTO "times" VALUES ( 18917, 12800, '07:30:00', '07:30:00', 20 );
INSERT INTO "times" VALUES ( 18917, 12840, '07:34:00', '07:34:00', 20 );
INSERT INTO "times" VALUES ( 18917, 12870, '07:37:00', '07:37:00', 20 );
INSERT INTO "times" VALUES ( 18917, 12880, '07:39:00', '07:39:00', 20 );
INSERT INTO "times" VALUES ( 18917, 12890, '07:41:00', '07:41:00', 20 );
INSERT INTO "times" VALUES ( 18917, 12900, '07:42:00', '07:43:00', 20 );
INSERT INTO "times" VALUES ( 18917, 13510, '07:45:00', '07:45:00', 30 );
INSERT INTO "times" VALUES ( 18917, 13520, '07:48:00', NULL, NULL );

INSERT INTO "dias" VALUES ( 18918, 140, FALSE, TRUE, 'F0700Z', 12510, 13520 );
INSERT INTO "dias_line_groups" VALUES ( 18918, 10 );
INSERT INTO "times" VALUES ( 18918, 12510, NULL, '07:02:00', 20 );
INSERT INTO "times" VALUES ( 18918, 12520, '07:03:00', '07:03:00', 20 );
INSERT INTO "times" VALUES ( 18918, 12530, '07:05:00', '07:05:00', 20 );
INSERT INTO "times" VALUES ( 18918, 12540, '07:09:00', '07:09:00', 20 );
INSERT INTO "times" VALUES ( 18918, 12610, '07:14:00', '07:14:00', 20 );
INSERT INTO "times" VALUES ( 18918, 12670, '07:20:00', '07:20:00', 20 );
INSERT INTO "times" VALUES ( 18918, 12680, '07:23:00', '07:23:00', 20 );
INSERT INTO "times" VALUES ( 18918, 12700, '07:27:00', '07:27:00', 20 );
INSERT INTO "times" VALUES ( 18918, 12710, '07:28:00', '07:29:00', 20 );
INSERT INTO "times" VALUES ( 18918, 12740, '07:35:00', '07:35:00', 20 );
INSERT INTO "times" VALUES ( 18918, 12760, '07:40:00', '07:40:00', 20 );
INSERT INTO "times" VALUES ( 18918, 12780, '07:47:00', '07:47:00', 20 );
INSERT INTO "times" VALUES ( 18918, 12800, '07:50:00', '07:50:00', 20 );
INSERT INTO "times" VALUES ( 18918, 12840, '07:54:00', '07:54:00', 20 );
INSERT INTO "times" VALUES ( 18918, 12870, '07:57:00', '07:57:00', 20 );
INSERT INTO "times" VALUES ( 18918, 12880, '07:59:00', '07:59:00', 20 );
INSERT INTO "times" VALUES ( 18918, 12890, '08:01:00', '08:01:00', 20 );
INSERT INTO "times" VALUES ( 18918, 12900, '08:03:00', '08:03:00', 20 );
INSERT INTO "times" VALUES ( 18918, 13510, '08:05:00', '08:05:00', 30 );
INSERT INTO "times" VALUES ( 18918, 13520, '08:07:00', NULL, NULL );

INSERT INTO "dias" VALUES ( 18919, 140, FALSE, TRUE, 'F0702R', 12510, 12740 );
INSERT INTO "dias_line_groups" VALUES ( 18919, 10 );
INSERT INTO "times" VALUES ( 18919, 12510, NULL, '07:22:00', 20 );
INSERT INTO "times" VALUES ( 18919, 12520, '07:24:00', '07:24:00', 20 );
INSERT INTO "times" VALUES ( 18919, 12530, '07:26:00', '07:26:00', 20 );
INSERT INTO "times" VALUES ( 18919, 12540, '07:29:00', '07:29:00', 20 );
INSERT INTO "times" VALUES ( 18919, 12610, '07:34:00', '07:34:00', 20 );
INSERT INTO "times" VALUES ( 18919, 12670, '07:40:00', '07:40:00', 20 );
INSERT INTO "times" VALUES ( 18919, 12680, '07:43:00', '07:43:00', 20 );
INSERT INTO "times" VALUES ( 18919, 12700, '07:46:00', '07:46:00', 20 );
INSERT INTO "times" VALUES ( 18919, 12710, '07:49:00', '07:49:00', 20 );
INSERT INTO "times" VALUES ( 18919, 12740, '07:54:00', NULL, NULL );

INSERT INTO "dias" VALUES ( 18920, 140, FALSE, TRUE, 'F0704R', 12510, 12740 );
INSERT INTO "dias_line_groups" VALUES ( 18920, 10 );
INSERT INTO "times" VALUES ( 18920, 12510, NULL, '07:52:00', 20 );
INSERT INTO "times" VALUES ( 18920, 12520, '07:53:00', '07:53:00', 20 );
INSERT INTO "times" VALUES ( 18920, 12530, '07:55:00', '07:55:00', 20 );
INSERT INTO "times" VALUES ( 18920, 12540, '07:59:00', '07:59:00', 20 );
INSERT INTO "times" VALUES ( 18920, 12610, '08:04:00', '08:04:00', 20 );
INSERT INTO "times" VALUES ( 18920, 12670, '08:10:00', '08:10:00', 20 );
INSERT INTO "times" VALUES ( 18920, 12680, '08:13:00', '08:13:00', 20 );
INSERT INTO "times" VALUES ( 18920, 12700, '08:16:00', '08:16:00', 20 );
INSERT INTO "times" VALUES ( 18920, 12710, '08:19:00', '08:19:00', 20 );
INSERT INTO "times" VALUES ( 18920, 12740, '08:24:00', NULL, NULL );

INSERT INTO "dias" VALUES ( 18921, 140, FALSE, TRUE, 'F0800R', 12510, 12740 );
INSERT INTO "dias_line_groups" VALUES ( 18921, 10 );
INSERT INTO "times" VALUES ( 18921, 12510, NULL, '08:22:00', 20 );
INSERT INTO "times" VALUES ( 18921, 12520, '08:24:00', '08:24:00', 20 );
INSERT INTO "times" VALUES ( 18921, 12530, '08:26:00', '08:26:00', 20 );
INSERT INTO "times" VALUES ( 18921, 12540, '08:29:00', '08:29:00', 20 );
INSERT INTO "times" VALUES ( 18921, 12610, '08:34:00', '08:34:00', 20 );
INSERT INTO "times" VALUES ( 18921, 12670, '08:40:00', '08:40:00', 20 );
INSERT INTO "times" VALUES ( 18921, 12680, '08:43:00', '08:44:00', 20 );
INSERT INTO "times" VALUES ( 18921, 12700, '08:47:00', '08:47:00', 20 );
INSERT INTO "times" VALUES ( 18921, 12710, '08:49:00', '08:49:00', 20 );
INSERT INTO "times" VALUES ( 18921, 12740, '08:54:00', NULL, NULL );

INSERT INTO "dias" VALUES ( 18922, 140, FALSE, TRUE, 'F0801A', 12740, 12510 );
INSERT INTO "dias_line_groups" VALUES ( 18922, 10 );
INSERT INTO "times" VALUES ( 18922, 12510, '09:05:00', NULL, NULL );
INSERT INTO "times" VALUES ( 18922, 12520, '09:03:00', '09:03:00', 20 );
INSERT INTO "times" VALUES ( 18922, 12530, '09:01:00', '09:01:00', 20 );
INSERT INTO "times" VALUES ( 18922, 12540, '08:58:00', '08:58:00', 20 );
INSERT INTO "times" VALUES ( 18922, 12610, '08:53:00', '08:53:00', 20 );
INSERT INTO "times" VALUES ( 18922, 12670, '08:46:00', '08:46:00', 20 );
INSERT INTO "times" VALUES ( 18922, 12680, '08:43:00', '08:43:00', 20 );
INSERT INTO "times" VALUES ( 18922, 12700, '08:39:00', '08:39:00', 20 );
INSERT INTO "times" VALUES ( 18922, 12710, '08:37:00', '08:37:00', 20 );
INSERT INTO "times" VALUES ( 18922, 12740, NULL, '08:31:00', 20 );

INSERT INTO "dias" VALUES ( 18923, 140, FALSE, TRUE, 'F0803A', 12740, 12510 );
INSERT INTO "dias_line_groups" VALUES ( 18923, 10 );
INSERT INTO "times" VALUES ( 18923, 12510, '09:28:00', NULL, NULL );
INSERT INTO "times" VALUES ( 18923, 12520, '09:26:00', '09:26:00', 20 );
INSERT INTO "times" VALUES ( 18923, 12530, '09:25:00', '09:25:00', 20 );
INSERT INTO "times" VALUES ( 18923, 12540, '09:22:00', '09:22:00', 20 );
INSERT INTO "times" VALUES ( 18923, 12610, '09:17:00', '09:17:00', 20 );
INSERT INTO "times" VALUES ( 18923, 12670, '09:10:00', '09:10:00', 20 );
INSERT INTO "times" VALUES ( 18923, 12680, '09:07:00', '09:07:00', 20 );
INSERT INTO "times" VALUES ( 18923, 12700, '09:04:00', '09:04:00', 20 );
INSERT INTO "times" VALUES ( 18923, 12710, '09:02:00', '09:02:00', 20 );
INSERT INTO "times" VALUES ( 18923, 12740, NULL, '08:55:00', 20 );

INSERT INTO "dias" VALUES ( 18924, 140, FALSE, TRUE, 'F0900R', 12510, 12740 );
INSERT INTO "dias_line_groups" VALUES ( 18924, 10 );
INSERT INTO "times" VALUES ( 18924, 12510, NULL, '09:32:00', 20 );
INSERT INTO "times" VALUES ( 18924, 12520, '09:34:00', '09:34:00', 20 );
INSERT INTO "times" VALUES ( 18924, 12530, '09:36:00', '09:36:00', 20 );
INSERT INTO "times" VALUES ( 18924, 12540, '09:39:00', '09:39:00', 20 );
INSERT INTO "times" VALUES ( 18924, 12610, '09:44:00', '09:44:00', 20 );
INSERT INTO "times" VALUES ( 18924, 12670, '09:50:00', '09:50:00', 20 );
INSERT INTO "times" VALUES ( 18924, 12680, '09:53:00', '09:53:00', 20 );
INSERT INTO "times" VALUES ( 18924, 12700, '09:56:00', '09:56:00', 20 );
INSERT INTO "times" VALUES ( 18924, 12710, '09:59:00', '09:59:00', 20 );
INSERT INTO "times" VALUES ( 18924, 12740, '10:04:00', NULL, NULL );

INSERT INTO "dias" VALUES ( 18925, 140, FALSE, TRUE, 'F0901A', 12740, 12510 );
INSERT INTO "dias_line_groups" VALUES ( 18925, 10 );
INSERT INTO "times" VALUES ( 18925, 12510, '09:48:00', NULL, NULL );
INSERT INTO "times" VALUES ( 18925, 12520, '09:46:00', '09:46:00', 20 );
INSERT INTO "times" VALUES ( 18925, 12530, '09:45:00', '09:45:00', 20 );
INSERT INTO "times" VALUES ( 18925, 12540, '09:42:00', '09:42:00', 20 );
INSERT INTO "times" VALUES ( 18925, 12610, '09:37:00', '09:37:00', 20 );
INSERT INTO "times" VALUES ( 18925, 12670, '09:30:00', '09:30:00', 20 );
INSERT INTO "times" VALUES ( 18925, 12680, '09:27:00', '09:27:00', 20 );
INSERT INTO "times" VALUES ( 18925, 12700, '09:24:00', '09:24:00', 20 );
INSERT INTO "times" VALUES ( 18925, 12710, '09:22:00', '09:22:00', 20 );
INSERT INTO "times" VALUES ( 18925, 12740, NULL, '09:15:00', 20 );

INSERT INTO "dias" VALUES ( 18926, 140, FALSE, TRUE, 'F0903A', 12740, 12510 );
INSERT INTO "dias_line_groups" VALUES ( 18926, 10 );
INSERT INTO "times" VALUES ( 18926, 12510, '09:58:00', NULL, NULL );
INSERT INTO "times" VALUES ( 18926, 12520, '09:56:00', '09:56:00', 20 );
INSERT INTO "times" VALUES ( 18926, 12530, '09:55:00', '09:55:00', 20 );
INSERT INTO "times" VALUES ( 18926, 12540, '09:52:00', '09:52:00', 20 );
INSERT INTO "times" VALUES ( 18926, 12610, '09:47:00', '09:47:00', 20 );
INSERT INTO "times" VALUES ( 18926, 12670, '09:40:00', '09:40:00', 20 );
INSERT INTO "times" VALUES ( 18926, 12680, '09:37:00', '09:37:00', 20 );
INSERT INTO "times" VALUES ( 18926, 12700, '09:34:00', '09:34:00', 20 );
INSERT INTO "times" VALUES ( 18926, 12710, '09:32:00', '09:32:00', 20 );
INSERT INTO "times" VALUES ( 18926, 12740, NULL, '09:25:00', 20 );

INSERT INTO "dias" VALUES ( 18927, 140, FALSE, TRUE, 'F0905A', 12740, 12510 );
INSERT INTO "dias_line_groups" VALUES ( 18927, 10 );
INSERT INTO "times" VALUES ( 18927, 12510, '10:18:00', NULL, NULL );
INSERT INTO "times" VALUES ( 18927, 12520, '10:16:00', '10:16:00', 20 );
INSERT INTO "times" VALUES ( 18927, 12530, '10:15:00', '10:15:00', 20 );
INSERT INTO "times" VALUES ( 18927, 12540, '10:12:00', '10:12:00', 20 );
INSERT INTO "times" VALUES ( 18927, 12610, '10:07:00', '10:07:00', 20 );
INSERT INTO "times" VALUES ( 18927, 12670, '10:00:00', '10:00:00', 20 );
INSERT INTO "times" VALUES ( 18927, 12680, '09:57:00', '09:57:00', 20 );
INSERT INTO "times" VALUES ( 18927, 12700, '09:53:00', '09:53:00', 20 );
INSERT INTO "times" VALUES ( 18927, 12710, '09:52:00', '09:52:00', 20 );
INSERT INTO "times" VALUES ( 18927, 12740, NULL, '09:46:00', 20 );

INSERT INTO "dias" VALUES ( 18928, 140, FALSE, TRUE, 'F0907A', 12740, 12510 );
INSERT INTO "dias_line_groups" VALUES ( 18928, 10 );
INSERT INTO "times" VALUES ( 18928, 12510, '10:28:00', NULL, NULL );
INSERT INTO "times" VALUES ( 18928, 12520, '10:26:00', '10:26:00', 20 );
INSERT INTO "times" VALUES ( 18928, 12530, '10:25:00', '10:25:00', 20 );
INSERT INTO "times" VALUES ( 18928, 12540, '10:22:00', '10:22:00', 20 );
INSERT INTO "times" VALUES ( 18928, 12610, '10:17:00', '10:17:00', 20 );
INSERT INTO "times" VALUES ( 18928, 12670, '10:10:00', '10:10:00', 20 );
INSERT INTO "times" VALUES ( 18928, 12680, '10:07:00', '10:07:00', 20 );
INSERT INTO "times" VALUES ( 18928, 12700, '10:04:00', '10:04:00', 20 );
INSERT INTO "times" VALUES ( 18928, 12710, '10:02:00', '10:02:00', 20 );
INSERT INTO "times" VALUES ( 18928, 12740, NULL, '09:55:00', 20 );

INSERT INTO "dias" VALUES ( 18929, 140, FALSE, TRUE, 'F1000R', 12510, 12740 );
INSERT INTO "dias_line_groups" VALUES ( 18929, 10 );
INSERT INTO "times" VALUES ( 18929, 12510, NULL, '10:03:00', 20 );
INSERT INTO "times" VALUES ( 18929, 12520, '10:04:00', '10:04:00', 20 );
INSERT INTO "times" VALUES ( 18929, 12530, '10:06:00', '10:06:00', 20 );
INSERT INTO "times" VALUES ( 18929, 12540, '10:10:00', '10:10:00', 20 );
INSERT INTO "times" VALUES ( 18929, 12610, '10:15:00', '10:15:00', 20 );
INSERT INTO "times" VALUES ( 18929, 12670, '10:20:00', '10:20:00', 20 );
INSERT INTO "times" VALUES ( 18929, 12680, '10:24:00', '10:24:00', 20 );
INSERT INTO "times" VALUES ( 18929, 12700, '10:27:00', '10:27:00', 20 );
INSERT INTO "times" VALUES ( 18929, 12710, '10:29:00', '10:29:00', 20 );
INSERT INTO "times" VALUES ( 18929, 12740, '10:34:00', NULL, NULL );

INSERT INTO "dias" VALUES ( 18930, 140, FALSE, TRUE, 'F1001A', 12740, 12510 );
INSERT INTO "dias_line_groups" VALUES ( 18930, 10 );
INSERT INTO "times" VALUES ( 18930, 12510, '10:49:00', NULL, NULL );
INSERT INTO "times" VALUES ( 18930, 12520, '10:47:00', '10:47:00', 20 );
INSERT INTO "times" VALUES ( 18930, 12530, '10:45:00', '10:45:00', 20 );
INSERT INTO "times" VALUES ( 18930, 12540, '10:42:00', '10:42:00', 20 );
INSERT INTO "times" VALUES ( 18930, 12610, '10:37:00', '10:37:00', 20 );
INSERT INTO "times" VALUES ( 18930, 12670, '10:31:00', '10:31:00', 20 );
INSERT INTO "times" VALUES ( 18930, 12680, '10:28:00', '10:28:00', 20 );
INSERT INTO "times" VALUES ( 18930, 12700, '10:24:00', '10:24:00', 20 );
INSERT INTO "times" VALUES ( 18930, 12710, '10:22:00', '10:22:00', 20 );
INSERT INTO "times" VALUES ( 18930, 12740, NULL, '10:16:00', 20 );

INSERT INTO "dias" VALUES ( 18931, 140, FALSE, TRUE, 'F1002R', 12510, 12740 );
INSERT INTO "dias_line_groups" VALUES ( 18931, 10 );
INSERT INTO "times" VALUES ( 18931, 12510, NULL, '10:33:00', 20 );
INSERT INTO "times" VALUES ( 18931, 12520, '10:34:00', '10:34:00', 20 );
INSERT INTO "times" VALUES ( 18931, 12530, '10:36:00', '10:36:00', 20 );
INSERT INTO "times" VALUES ( 18931, 12540, '10:40:00', '10:40:00', 20 );
INSERT INTO "times" VALUES ( 18931, 12610, '10:45:00', '10:45:00', 20 );
INSERT INTO "times" VALUES ( 18931, 12670, '10:50:00', '10:50:00', 20 );
INSERT INTO "times" VALUES ( 18931, 12680, '10:54:00', '10:54:00', 20 );
INSERT INTO "times" VALUES ( 18931, 12700, '10:57:00', '10:57:00', 20 );
INSERT INTO "times" VALUES ( 18931, 12710, '10:59:00', '10:59:00', 20 );
INSERT INTO "times" VALUES ( 18931, 12740, '11:04:00', NULL, NULL );

INSERT INTO "dias" VALUES ( 18932, 140, FALSE, TRUE, 'F1003A', 12740, 12510 );
INSERT INTO "dias_line_groups" VALUES ( 18932, 10 );
INSERT INTO "times" VALUES ( 18932, 12510, '11:19:00', NULL, NULL );
INSERT INTO "times" VALUES ( 18932, 12520, '11:17:00', '11:17:00', 20 );
INSERT INTO "times" VALUES ( 18932, 12530, '11:15:00', '11:15:00', 20 );
INSERT INTO "times" VALUES ( 18932, 12540, '11:13:00', '11:13:00', 20 );
INSERT INTO "times" VALUES ( 18932, 12610, '11:08:00', '11:08:00', 20 );
INSERT INTO "times" VALUES ( 18932, 12670, '11:01:00', '11:01:00', 20 );
INSERT INTO "times" VALUES ( 18932, 12680, '10:58:00', '10:58:00', 20 );
INSERT INTO "times" VALUES ( 18932, 12700, '10:55:00', '10:55:00', 20 );
INSERT INTO "times" VALUES ( 18932, 12710, '10:53:00', '10:53:00', 20 );
INSERT INTO "times" VALUES ( 18932, 12740, NULL, '10:46:00', 20 );

INSERT INTO "dias" VALUES ( 18933, 140, FALSE, TRUE, 'F1100R', 12510, 12740 );
INSERT INTO "dias_line_groups" VALUES ( 18933, 10 );
INSERT INTO "times" VALUES ( 18933, 12510, NULL, '11:23:00', 20 );
INSERT INTO "times" VALUES ( 18933, 12520, '11:24:00', '11:24:00', 20 );
INSERT INTO "times" VALUES ( 18933, 12530, '11:26:00', '11:26:00', 20 );
INSERT INTO "times" VALUES ( 18933, 12540, '11:30:00', '11:30:00', 20 );
INSERT INTO "times" VALUES ( 18933, 12610, '11:35:00', '11:35:00', 20 );
INSERT INTO "times" VALUES ( 18933, 12670, '11:41:00', '11:41:00', 20 );
INSERT INTO "times" VALUES ( 18933, 12680, '11:44:00', '11:44:00', 20 );
INSERT INTO "times" VALUES ( 18933, 12700, '11:47:00', '11:47:00', 20 );
INSERT INTO "times" VALUES ( 18933, 12710, '11:49:00', '11:49:00', 20 );
INSERT INTO "times" VALUES ( 18933, 12740, '11:54:00', NULL, NULL );

INSERT INTO "dias" VALUES ( 18934, 140, FALSE, TRUE, 'F1101A', 12740, 12510 );
INSERT INTO "dias_line_groups" VALUES ( 18934, 10 );
INSERT INTO "times" VALUES ( 18934, 12510, '11:49:00', NULL, NULL );
INSERT INTO "times" VALUES ( 18934, 12520, '11:47:00', '11:47:00', 20 );
INSERT INTO "times" VALUES ( 18934, 12530, '11:45:00', '11:45:00', 20 );
INSERT INTO "times" VALUES ( 18934, 12540, '11:43:00', '11:43:00', 20 );
INSERT INTO "times" VALUES ( 18934, 12610, '11:38:00', '11:38:00', 20 );
INSERT INTO "times" VALUES ( 18934, 12670, '11:31:00', '11:31:00', 20 );
INSERT INTO "times" VALUES ( 18934, 12680, '11:28:00', '11:28:00', 20 );
INSERT INTO "times" VALUES ( 18934, 12700, '11:25:00', '11:25:00', 20 );
INSERT INTO "times" VALUES ( 18934, 12710, '11:23:00', '11:23:00', 20 );
INSERT INTO "times" VALUES ( 18934, 12740, NULL, '11:16:00', 20 );

INSERT INTO "dias" VALUES ( 18935, 140, FALSE, TRUE, 'F1102R', 12510, 12740 );
INSERT INTO "dias_line_groups" VALUES ( 18935, 10 );
INSERT INTO "times" VALUES ( 18935, 12510, NULL, '11:53:00', 20 );
INSERT INTO "times" VALUES ( 18935, 12520, '11:54:00', '11:54:00', 20 );
INSERT INTO "times" VALUES ( 18935, 12530, '11:56:00', '11:56:00', 20 );
INSERT INTO "times" VALUES ( 18935, 12540, '12:00:00', '12:00:00', 20 );
INSERT INTO "times" VALUES ( 18935, 12610, '12:05:00', '12:05:00', 20 );
INSERT INTO "times" VALUES ( 18935, 12670, '12:11:00', '12:11:00', 20 );
INSERT INTO "times" VALUES ( 18935, 12680, '12:14:00', '12:14:00', 20 );
INSERT INTO "times" VALUES ( 18935, 12700, '12:17:00', '12:17:00', 20 );
INSERT INTO "times" VALUES ( 18935, 12710, '12:19:00', '12:19:00', 20 );
INSERT INTO "times" VALUES ( 18935, 12740, '12:24:00', NULL, NULL );

INSERT INTO "dias" VALUES ( 18936, 140, FALSE, TRUE, 'F1103A', 12740, 12510 );
INSERT INTO "dias_line_groups" VALUES ( 18936, 10 );
INSERT INTO "times" VALUES ( 18936, 12510, '12:19:00', NULL, NULL );
INSERT INTO "times" VALUES ( 18936, 12520, '12:17:00', '12:17:00', 20 );
INSERT INTO "times" VALUES ( 18936, 12530, '12:15:00', '12:15:00', 20 );
INSERT INTO "times" VALUES ( 18936, 12540, '12:13:00', '12:13:00', 20 );
INSERT INTO "times" VALUES ( 18936, 12610, '12:08:00', '12:08:00', 20 );
INSERT INTO "times" VALUES ( 18936, 12670, '12:01:00', '12:01:00', 20 );
INSERT INTO "times" VALUES ( 18936, 12680, '11:58:00', '11:58:00', 20 );
INSERT INTO "times" VALUES ( 18936, 12700, '11:55:00', '11:55:00', 20 );
INSERT INTO "times" VALUES ( 18936, 12710, '11:53:00', '11:53:00', 20 );
INSERT INTO "times" VALUES ( 18936, 12740, NULL, '11:47:00', 20 );

INSERT INTO "dias" VALUES ( 18937, 140, FALSE, TRUE, 'F1200R', 12510, 12740 );
INSERT INTO "dias_line_groups" VALUES ( 18937, 10 );
INSERT INTO "times" VALUES ( 18937, 12510, NULL, '12:23:00', 20 );
INSERT INTO "times" VALUES ( 18937, 12520, '12:24:00', '12:24:00', 20 );
INSERT INTO "times" VALUES ( 18937, 12530, '12:26:00', '12:26:00', 20 );
INSERT INTO "times" VALUES ( 18937, 12540, '12:30:00', '12:30:00', 20 );
INSERT INTO "times" VALUES ( 18937, 12610, '12:35:00', '12:35:00', 20 );
INSERT INTO "times" VALUES ( 18937, 12670, '12:41:00', '12:41:00', 20 );
INSERT INTO "times" VALUES ( 18937, 12680, '12:44:00', '12:44:00', 20 );
INSERT INTO "times" VALUES ( 18937, 12700, '12:47:00', '12:47:00', 20 );
INSERT INTO "times" VALUES ( 18937, 12710, '12:49:00', '12:49:00', 20 );
INSERT INTO "times" VALUES ( 18937, 12740, '12:54:00', NULL, NULL );

INSERT INTO "dias" VALUES ( 18938, 140, FALSE, TRUE, 'F1201A', 12740, 12510 );
INSERT INTO "dias_line_groups" VALUES ( 18938, 10 );
INSERT INTO "times" VALUES ( 18938, 12510, '12:48:00', NULL, NULL );
INSERT INTO "times" VALUES ( 18938, 12520, '12:46:00', '12:46:00', 20 );
INSERT INTO "times" VALUES ( 18938, 12530, '12:45:00', '12:45:00', 20 );
INSERT INTO "times" VALUES ( 18938, 12540, '12:42:00', '12:42:00', 20 );
INSERT INTO "times" VALUES ( 18938, 12610, '12:37:00', '12:37:00', 20 );
INSERT INTO "times" VALUES ( 18938, 12670, '12:30:00', '12:30:00', 20 );
INSERT INTO "times" VALUES ( 18938, 12680, '12:28:00', '12:28:00', 20 );
INSERT INTO "times" VALUES ( 18938, 12700, '12:24:00', '12:24:00', 20 );
INSERT INTO "times" VALUES ( 18938, 12710, '12:22:00', '12:22:00', 20 );
INSERT INTO "times" VALUES ( 18938, 12740, NULL, '12:15:00', 20 );

INSERT INTO "dias" VALUES ( 18939, 140, FALSE, TRUE, 'F1202R', 12510, 12740 );
INSERT INTO "dias_line_groups" VALUES ( 18939, 10 );
INSERT INTO "times" VALUES ( 18939, 12510, NULL, '12:53:00', 20 );
INSERT INTO "times" VALUES ( 18939, 12520, '12:54:00', '12:54:00', 20 );
INSERT INTO "times" VALUES ( 18939, 12530, '12:56:00', '12:56:00', 20 );
INSERT INTO "times" VALUES ( 18939, 12540, '13:00:00', '13:00:00', 20 );
INSERT INTO "times" VALUES ( 18939, 12610, '13:05:00', '13:05:00', 20 );
INSERT INTO "times" VALUES ( 18939, 12670, '13:11:00', '13:11:00', 20 );
INSERT INTO "times" VALUES ( 18939, 12680, '13:14:00', '13:14:00', 20 );
INSERT INTO "times" VALUES ( 18939, 12700, '13:17:00', '13:17:00', 20 );
INSERT INTO "times" VALUES ( 18939, 12710, '13:19:00', '13:19:00', 20 );
INSERT INTO "times" VALUES ( 18939, 12740, '13:24:00', NULL, NULL );

INSERT INTO "dias" VALUES ( 18940, 140, FALSE, TRUE, 'F1203A', 12740, 12510 );
INSERT INTO "dias_line_groups" VALUES ( 18940, 10 );
INSERT INTO "times" VALUES ( 18940, 12510, '13:18:00', NULL, NULL );
INSERT INTO "times" VALUES ( 18940, 12520, '13:16:00', '13:16:00', 20 );
INSERT INTO "times" VALUES ( 18940, 12530, '13:15:00', '13:15:00', 20 );
INSERT INTO "times" VALUES ( 18940, 12540, '13:12:00', '13:12:00', 20 );
INSERT INTO "times" VALUES ( 18940, 12610, '13:07:00', '13:07:00', 20 );
INSERT INTO "times" VALUES ( 18940, 12670, '13:00:00', '13:00:00', 20 );
INSERT INTO "times" VALUES ( 18940, 12680, '12:58:00', '12:58:00', 20 );
INSERT INTO "times" VALUES ( 18940, 12700, '12:54:00', '12:54:00', 20 );
INSERT INTO "times" VALUES ( 18940, 12710, '12:52:00', '12:52:00', 20 );
INSERT INTO "times" VALUES ( 18940, 12740, NULL, '12:45:00', 20 );

INSERT INTO "dias" VALUES ( 18941, 140, FALSE, TRUE, 'F1300R', 12510, 12740 );
INSERT INTO "dias_line_groups" VALUES ( 18941, 10 );
INSERT INTO "times" VALUES ( 18941, 12510, NULL, '13:23:00', 20 );
INSERT INTO "times" VALUES ( 18941, 12520, '13:24:00', '13:24:00', 20 );
INSERT INTO "times" VALUES ( 18941, 12530, '13:26:00', '13:26:00', 20 );
INSERT INTO "times" VALUES ( 18941, 12540, '13:30:00', '13:30:00', 20 );
INSERT INTO "times" VALUES ( 18941, 12610, '13:35:00', '13:35:00', 20 );
INSERT INTO "times" VALUES ( 18941, 12670, '13:41:00', '13:41:00', 20 );
INSERT INTO "times" VALUES ( 18941, 12680, '13:44:00', '13:44:00', 20 );
INSERT INTO "times" VALUES ( 18941, 12700, '13:47:00', '13:47:00', 20 );
INSERT INTO "times" VALUES ( 18941, 12710, '13:49:00', '13:49:00', 20 );
INSERT INTO "times" VALUES ( 18941, 12740, '13:54:00', NULL, NULL );

INSERT INTO "dias" VALUES ( 18942, 140, FALSE, TRUE, 'F1301A', 12740, 12510 );
INSERT INTO "dias_line_groups" VALUES ( 18942, 10 );
INSERT INTO "times" VALUES ( 18942, 12510, '13:48:00', NULL, NULL );
INSERT INTO "times" VALUES ( 18942, 12520, '13:46:00', '13:46:00', 20 );
INSERT INTO "times" VALUES ( 18942, 12530, '13:45:00', '13:45:00', 20 );
INSERT INTO "times" VALUES ( 18942, 12540, '13:42:00', '13:42:00', 20 );
INSERT INTO "times" VALUES ( 18942, 12610, '13:37:00', '13:37:00', 20 );
INSERT INTO "times" VALUES ( 18942, 12670, '13:30:00', '13:30:00', 20 );
INSERT INTO "times" VALUES ( 18942, 12680, '13:28:00', '13:28:00', 20 );
INSERT INTO "times" VALUES ( 18942, 12700, '13:24:00', '13:24:00', 20 );
INSERT INTO "times" VALUES ( 18942, 12710, '13:22:00', '13:22:00', 20 );
INSERT INTO "times" VALUES ( 18942, 12740, NULL, '13:15:00', 20 );

INSERT INTO "dias" VALUES ( 18943, 140, FALSE, TRUE, 'F1302R', 12510, 12740 );
INSERT INTO "dias_line_groups" VALUES ( 18943, 10 );
INSERT INTO "times" VALUES ( 18943, 12510, NULL, '13:53:00', 20 );
INSERT INTO "times" VALUES ( 18943, 12520, '13:54:00', '13:54:00', 20 );
INSERT INTO "times" VALUES ( 18943, 12530, '13:56:00', '13:56:00', 20 );
INSERT INTO "times" VALUES ( 18943, 12540, '14:00:00', '14:00:00', 20 );
INSERT INTO "times" VALUES ( 18943, 12610, '14:05:00', '14:05:00', 20 );
INSERT INTO "times" VALUES ( 18943, 12670, '14:11:00', '14:11:00', 20 );
INSERT INTO "times" VALUES ( 18943, 12680, '14:14:00', '14:14:00', 20 );
INSERT INTO "times" VALUES ( 18943, 12700, '14:17:00', '14:17:00', 20 );
INSERT INTO "times" VALUES ( 18943, 12710, '14:19:00', '14:19:00', 20 );
INSERT INTO "times" VALUES ( 18943, 12740, '14:24:00', NULL, NULL );

INSERT INTO "dias" VALUES ( 18944, 140, FALSE, TRUE, 'F1303A', 12740, 12510 );
INSERT INTO "dias_line_groups" VALUES ( 18944, 10 );
INSERT INTO "times" VALUES ( 18944, 12510, '14:18:00', NULL, NULL );
INSERT INTO "times" VALUES ( 18944, 12520, '14:16:00', '14:16:00', 20 );
INSERT INTO "times" VALUES ( 18944, 12530, '14:15:00', '14:15:00', 20 );
INSERT INTO "times" VALUES ( 18944, 12540, '14:12:00', '14:12:00', 20 );
INSERT INTO "times" VALUES ( 18944, 12610, '14:07:00', '14:07:00', 20 );
INSERT INTO "times" VALUES ( 18944, 12670, '14:00:00', '14:00:00', 20 );
INSERT INTO "times" VALUES ( 18944, 12680, '13:58:00', '13:58:00', 20 );
INSERT INTO "times" VALUES ( 18944, 12700, '13:54:00', '13:54:00', 20 );
INSERT INTO "times" VALUES ( 18944, 12710, '13:52:00', '13:52:00', 20 );
INSERT INTO "times" VALUES ( 18944, 12740, NULL, '13:45:00', 20 );

INSERT INTO "dias" VALUES ( 18945, 140, FALSE, TRUE, 'F1400R', 12510, 12740 );
INSERT INTO "dias_line_groups" VALUES ( 18945, 10 );
INSERT INTO "times" VALUES ( 18945, 12510, NULL, '14:23:00', 20 );
INSERT INTO "times" VALUES ( 18945, 12520, '14:24:00', '14:24:00', 20 );
INSERT INTO "times" VALUES ( 18945, 12530, '14:26:00', '14:26:00', 20 );
INSERT INTO "times" VALUES ( 18945, 12540, '14:30:00', '14:30:00', 20 );
INSERT INTO "times" VALUES ( 18945, 12610, '14:35:00', '14:35:00', 20 );
INSERT INTO "times" VALUES ( 18945, 12670, '14:41:00', '14:41:00', 20 );
INSERT INTO "times" VALUES ( 18945, 12680, '14:44:00', '14:44:00', 20 );
INSERT INTO "times" VALUES ( 18945, 12700, '14:47:00', '14:47:00', 20 );
INSERT INTO "times" VALUES ( 18945, 12710, '14:49:00', '14:49:00', 20 );
INSERT INTO "times" VALUES ( 18945, 12740, '14:54:00', NULL, NULL );

INSERT INTO "dias" VALUES ( 18946, 140, FALSE, TRUE, 'F1401A', 12740, 12510 );
INSERT INTO "dias_line_groups" VALUES ( 18946, 10 );
INSERT INTO "times" VALUES ( 18946, 12510, '14:48:00', NULL, NULL );
INSERT INTO "times" VALUES ( 18946, 12520, '14:46:00', '14:46:00', 20 );
INSERT INTO "times" VALUES ( 18946, 12530, '14:45:00', '14:45:00', 20 );
INSERT INTO "times" VALUES ( 18946, 12540, '14:42:00', '14:42:00', 20 );
INSERT INTO "times" VALUES ( 18946, 12610, '14:37:00', '14:37:00', 20 );
INSERT INTO "times" VALUES ( 18946, 12670, '14:30:00', '14:30:00', 20 );
INSERT INTO "times" VALUES ( 18946, 12680, '14:28:00', '14:28:00', 20 );
INSERT INTO "times" VALUES ( 18946, 12700, '14:24:00', '14:24:00', 20 );
INSERT INTO "times" VALUES ( 18946, 12710, '14:22:00', '14:22:00', 20 );
INSERT INTO "times" VALUES ( 18946, 12740, NULL, '14:15:00', 20 );

INSERT INTO "dias" VALUES ( 18947, 140, FALSE, TRUE, 'F1402R', 12510, 12740 );
INSERT INTO "dias_line_groups" VALUES ( 18947, 10 );
INSERT INTO "times" VALUES ( 18947, 12510, NULL, '14:53:00', 20 );
INSERT INTO "times" VALUES ( 18947, 12520, '14:54:00', '14:54:00', 20 );
INSERT INTO "times" VALUES ( 18947, 12530, '14:56:00', '14:56:00', 20 );
INSERT INTO "times" VALUES ( 18947, 12540, '15:00:00', '15:00:00', 20 );
INSERT INTO "times" VALUES ( 18947, 12610, '15:05:00', '15:05:00', 20 );
INSERT INTO "times" VALUES ( 18947, 12670, '15:11:00', '15:11:00', 20 );
INSERT INTO "times" VALUES ( 18947, 12680, '15:14:00', '15:14:00', 20 );
INSERT INTO "times" VALUES ( 18947, 12700, '15:17:00', '15:17:00', 20 );
INSERT INTO "times" VALUES ( 18947, 12710, '15:19:00', '15:19:00', 20 );
INSERT INTO "times" VALUES ( 18947, 12740, '15:24:00', NULL, NULL );

INSERT INTO "dias" VALUES ( 18948, 140, FALSE, TRUE, 'F1403A', 12740, 12510 );
INSERT INTO "dias_line_groups" VALUES ( 18948, 10 );
INSERT INTO "times" VALUES ( 18948, 12510, '15:18:00', NULL, NULL );
INSERT INTO "times" VALUES ( 18948, 12520, '15:16:00', '15:16:00', 20 );
INSERT INTO "times" VALUES ( 18948, 12530, '15:15:00', '15:15:00', 20 );
INSERT INTO "times" VALUES ( 18948, 12540, '15:12:00', '15:12:00', 20 );
INSERT INTO "times" VALUES ( 18948, 12610, '15:07:00', '15:07:00', 20 );
INSERT INTO "times" VALUES ( 18948, 12670, '15:00:00', '15:00:00', 20 );
INSERT INTO "times" VALUES ( 18948, 12680, '14:58:00', '14:58:00', 20 );
INSERT INTO "times" VALUES ( 18948, 12700, '14:54:00', '14:54:00', 20 );
INSERT INTO "times" VALUES ( 18948, 12710, '14:52:00', '14:52:00', 20 );
INSERT INTO "times" VALUES ( 18948, 12740, NULL, '14:45:00', 20 );

INSERT INTO "dias" VALUES ( 18949, 140, FALSE, TRUE, 'F1500R', 12510, 12740 );
INSERT INTO "dias_line_groups" VALUES ( 18949, 10 );
INSERT INTO "times" VALUES ( 18949, 12510, NULL, '15:23:00', 20 );
INSERT INTO "times" VALUES ( 18949, 12520, '15:24:00', '15:24:00', 20 );
INSERT INTO "times" VALUES ( 18949, 12530, '15:26:00', '15:26:00', 20 );
INSERT INTO "times" VALUES ( 18949, 12540, '15:30:00', '15:30:00', 20 );
INSERT INTO "times" VALUES ( 18949, 12610, '15:35:00', '15:35:00', 20 );
INSERT INTO "times" VALUES ( 18949, 12670, '15:41:00', '15:41:00', 20 );
INSERT INTO "times" VALUES ( 18949, 12680, '15:44:00', '15:44:00', 20 );
INSERT INTO "times" VALUES ( 18949, 12700, '15:47:00', '15:47:00', 20 );
INSERT INTO "times" VALUES ( 18949, 12710, '15:49:00', '15:49:00', 20 );
INSERT INTO "times" VALUES ( 18949, 12740, '15:54:00', NULL, NULL );

INSERT INTO "dias" VALUES ( 18950, 140, FALSE, TRUE, 'F1501A', 12740, 12510 );
INSERT INTO "dias_line_groups" VALUES ( 18950, 10 );
INSERT INTO "times" VALUES ( 18950, 12510, '15:48:00', NULL, NULL );
INSERT INTO "times" VALUES ( 18950, 12520, '15:46:00', '15:46:00', 20 );
INSERT INTO "times" VALUES ( 18950, 12530, '15:45:00', '15:45:00', 20 );
INSERT INTO "times" VALUES ( 18950, 12540, '15:42:00', '15:42:00', 20 );
INSERT INTO "times" VALUES ( 18950, 12610, '15:37:00', '15:37:00', 20 );
INSERT INTO "times" VALUES ( 18950, 12670, '15:30:00', '15:30:00', 20 );
INSERT INTO "times" VALUES ( 18950, 12680, '15:28:00', '15:28:00', 20 );
INSERT INTO "times" VALUES ( 18950, 12700, '15:24:00', '15:24:00', 20 );
INSERT INTO "times" VALUES ( 18950, 12710, '15:22:00', '15:22:00', 20 );
INSERT INTO "times" VALUES ( 18950, 12740, NULL, '15:15:00', 20 );

INSERT INTO "dias" VALUES ( 18951, 140, FALSE, TRUE, 'F1502R', 12510, 12740 );
INSERT INTO "dias_line_groups" VALUES ( 18951, 10 );
INSERT INTO "times" VALUES ( 18951, 12510, NULL, '15:53:00', 20 );
INSERT INTO "times" VALUES ( 18951, 12520, '15:54:00', '15:54:00', 20 );
INSERT INTO "times" VALUES ( 18951, 12530, '15:56:00', '15:56:00', 20 );
INSERT INTO "times" VALUES ( 18951, 12540, '16:00:00', '16:00:00', 20 );
INSERT INTO "times" VALUES ( 18951, 12610, '16:05:00', '16:05:00', 20 );
INSERT INTO "times" VALUES ( 18951, 12670, '16:11:00', '16:11:00', 20 );
INSERT INTO "times" VALUES ( 18951, 12680, '16:14:00', '16:14:00', 20 );
INSERT INTO "times" VALUES ( 18951, 12700, '16:17:00', '16:17:00', 20 );
INSERT INTO "times" VALUES ( 18951, 12710, '16:19:00', '16:19:00', 20 );
INSERT INTO "times" VALUES ( 18951, 12740, '16:24:00', NULL, NULL );

INSERT INTO "dias" VALUES ( 18952, 140, FALSE, TRUE, 'F1503A', 12740, 12510 );
INSERT INTO "dias_line_groups" VALUES ( 18952, 10 );
INSERT INTO "times" VALUES ( 18952, 12510, '16:18:00', NULL, NULL );
INSERT INTO "times" VALUES ( 18952, 12520, '16:16:00', '16:16:00', 20 );
INSERT INTO "times" VALUES ( 18952, 12530, '16:15:00', '16:15:00', 20 );
INSERT INTO "times" VALUES ( 18952, 12540, '16:12:00', '16:12:00', 20 );
INSERT INTO "times" VALUES ( 18952, 12610, '16:07:00', '16:07:00', 20 );
INSERT INTO "times" VALUES ( 18952, 12670, '16:00:00', '16:00:00', 20 );
INSERT INTO "times" VALUES ( 18952, 12680, '15:58:00', '15:58:00', 20 );
INSERT INTO "times" VALUES ( 18952, 12700, '15:54:00', '15:54:00', 20 );
INSERT INTO "times" VALUES ( 18952, 12710, '15:52:00', '15:52:00', 20 );
INSERT INTO "times" VALUES ( 18952, 12740, NULL, '15:45:00', 20 );

INSERT INTO "dias" VALUES ( 18953, 140, FALSE, TRUE, 'F1600R', 12510, 12740 );
INSERT INTO "dias_line_groups" VALUES ( 18953, 10 );
INSERT INTO "times" VALUES ( 18953, 12510, NULL, '16:23:00', 20 );
INSERT INTO "times" VALUES ( 18953, 12520, '16:24:00', '16:24:00', 20 );
INSERT INTO "times" VALUES ( 18953, 12530, '16:26:00', '16:26:00', 20 );
INSERT INTO "times" VALUES ( 18953, 12540, '16:30:00', '16:30:00', 20 );
INSERT INTO "times" VALUES ( 18953, 12610, '16:35:00', '16:35:00', 20 );
INSERT INTO "times" VALUES ( 18953, 12670, '16:41:00', '16:41:00', 20 );
INSERT INTO "times" VALUES ( 18953, 12680, '16:44:00', '16:44:00', 20 );
INSERT INTO "times" VALUES ( 18953, 12700, '16:47:00', '16:47:00', 20 );
INSERT INTO "times" VALUES ( 18953, 12710, '16:49:00', '16:49:00', 20 );
INSERT INTO "times" VALUES ( 18953, 12740, '16:54:00', NULL, NULL );

INSERT INTO "dias" VALUES ( 18954, 140, FALSE, TRUE, 'F1602R', 12510, 12740 );
INSERT INTO "dias_line_groups" VALUES ( 18954, 10 );
INSERT INTO "times" VALUES ( 18954, 12510, NULL, '16:53:00', 20 );
INSERT INTO "times" VALUES ( 18954, 12520, '16:54:00', '16:54:00', 20 );
INSERT INTO "times" VALUES ( 18954, 12530, '16:56:00', '16:56:00', 20 );
INSERT INTO "times" VALUES ( 18954, 12540, '17:00:00', '17:00:00', 20 );
INSERT INTO "times" VALUES ( 18954, 12610, '17:05:00', '17:05:00', 20 );
INSERT INTO "times" VALUES ( 18954, 12670, '17:11:00', '17:11:00', 20 );
INSERT INTO "times" VALUES ( 18954, 12680, '17:14:00', '17:14:00', 20 );
INSERT INTO "times" VALUES ( 18954, 12700, '17:17:00', '17:17:00', 20 );
INSERT INTO "times" VALUES ( 18954, 12710, '17:19:00', '17:19:00', 20 );
INSERT INTO "times" VALUES ( 18954, 12740, '17:24:00', NULL, NULL );

INSERT INTO "dias" VALUES ( 18955, 140, FALSE, TRUE, 'F1700R', 12510, 12740 );
INSERT INTO "dias_line_groups" VALUES ( 18955, 10 );
INSERT INTO "times" VALUES ( 18955, 12510, NULL, '17:23:00', 20 );
INSERT INTO "times" VALUES ( 18955, 12520, '17:24:00', '17:24:00', 20 );
INSERT INTO "times" VALUES ( 18955, 12530, '17:26:00', '17:26:00', 20 );
INSERT INTO "times" VALUES ( 18955, 12540, '17:30:00', '17:30:00', 20 );
INSERT INTO "times" VALUES ( 18955, 12610, '17:35:00', '17:35:00', 20 );
INSERT INTO "times" VALUES ( 18955, 12670, '17:41:00', '17:41:00', 20 );
INSERT INTO "times" VALUES ( 18955, 12680, '17:44:00', '17:44:00', 20 );
INSERT INTO "times" VALUES ( 18955, 12700, '17:47:00', '17:47:00', 20 );
INSERT INTO "times" VALUES ( 18955, 12710, '17:49:00', '17:49:00', 20 );
INSERT INTO "times" VALUES ( 18955, 12740, '17:54:00', NULL, NULL );

INSERT INTO "dias" VALUES ( 18956, 140, FALSE, TRUE, 'F1702R', 12510, 12740 );
INSERT INTO "dias_line_groups" VALUES ( 18956, 10 );
INSERT INTO "times" VALUES ( 18956, 12510, NULL, '17:53:00', 20 );
INSERT INTO "times" VALUES ( 18956, 12520, '17:55:00', '17:55:00', 20 );
INSERT INTO "times" VALUES ( 18956, 12530, '17:57:00', '17:57:00', 20 );
INSERT INTO "times" VALUES ( 18956, 12540, '18:00:00', '18:00:00', 20 );
INSERT INTO "times" VALUES ( 18956, 12610, '18:05:00', '18:05:00', 20 );
INSERT INTO "times" VALUES ( 18956, 12670, '18:11:00', '18:11:00', 20 );
INSERT INTO "times" VALUES ( 18956, 12680, '18:14:00', '18:14:00', 20 );
INSERT INTO "times" VALUES ( 18956, 12700, '18:17:00', '18:17:00', 20 );
INSERT INTO "times" VALUES ( 18956, 12710, '18:19:00', '18:19:00', 20 );
INSERT INTO "times" VALUES ( 18956, 12740, '18:24:00', NULL, NULL );

INSERT INTO "dias" VALUES ( 18957, 140, FALSE, TRUE, 'F1800R', 12510, 12740 );
INSERT INTO "dias_line_groups" VALUES ( 18957, 10 );
INSERT INTO "times" VALUES ( 18957, 12510, NULL, '18:23:00', 20 );
INSERT INTO "times" VALUES ( 18957, 12520, '18:24:00', '18:24:00', 20 );
INSERT INTO "times" VALUES ( 18957, 12530, '18:26:00', '18:26:00', 20 );
INSERT INTO "times" VALUES ( 18957, 12540, '18:30:00', '18:30:00', 20 );
INSERT INTO "times" VALUES ( 18957, 12610, '18:35:00', '18:35:00', 20 );
INSERT INTO "times" VALUES ( 18957, 12670, '18:41:00', '18:41:00', 20 );
INSERT INTO "times" VALUES ( 18957, 12680, '18:44:00', '18:44:00', 20 );
INSERT INTO "times" VALUES ( 18957, 12700, '18:47:00', '18:47:00', 20 );
INSERT INTO "times" VALUES ( 18957, 12710, '18:49:00', '18:49:00', 20 );
INSERT INTO "times" VALUES ( 18957, 12740, '18:54:00', NULL, NULL );

INSERT INTO "dias" VALUES ( 18958, 140, FALSE, TRUE, 'F1801A', 12740, 12510 );
INSERT INTO "dias_line_groups" VALUES ( 18958, 10 );
INSERT INTO "times" VALUES ( 18958, 12510, '19:19:00', NULL, NULL );
INSERT INTO "times" VALUES ( 18958, 12520, '19:17:00', '19:17:00', 20 );
INSERT INTO "times" VALUES ( 18958, 12530, '19:16:00', '19:16:00', 20 );
INSERT INTO "times" VALUES ( 18958, 12540, '19:13:00', '19:13:00', 20 );
INSERT INTO "times" VALUES ( 18958, 12610, '19:08:00', '19:08:00', 20 );
INSERT INTO "times" VALUES ( 18958, 12670, '19:01:00', '19:01:00', 20 );
INSERT INTO "times" VALUES ( 18958, 12680, '18:59:00', '18:59:00', 20 );
INSERT INTO "times" VALUES ( 18958, 12700, '18:55:00', '18:55:00', 20 );
INSERT INTO "times" VALUES ( 18958, 12710, '18:53:00', '18:53:00', 20 );
INSERT INTO "times" VALUES ( 18958, 12740, NULL, '18:47:00', 20 );

INSERT INTO "dias" VALUES ( 18959, 140, FALSE, TRUE, 'F1802R', 12510, 12740 );
INSERT INTO "dias_line_groups" VALUES ( 18959, 10 );
INSERT INTO "times" VALUES ( 18959, 12510, NULL, '18:52:00', 20 );
INSERT INTO "times" VALUES ( 18959, 12520, '18:54:00', '18:54:00', 20 );
INSERT INTO "times" VALUES ( 18959, 12530, '18:56:00', '18:56:00', 20 );
INSERT INTO "times" VALUES ( 18959, 12540, '18:59:00', '18:59:00', 20 );
INSERT INTO "times" VALUES ( 18959, 12610, '19:04:00', '19:04:00', 20 );
INSERT INTO "times" VALUES ( 18959, 12670, '19:10:00', '19:10:00', 20 );
INSERT INTO "times" VALUES ( 18959, 12680, '19:13:00', '19:13:00', 20 );
INSERT INTO "times" VALUES ( 18959, 12700, '19:16:00', '19:16:00', 20 );
INSERT INTO "times" VALUES ( 18959, 12710, '19:19:00', '19:19:00', 20 );
INSERT INTO "times" VALUES ( 18959, 12740, '19:24:00', NULL, NULL );

INSERT INTO "dias" VALUES ( 18960, 140, FALSE, TRUE, 'F1900R', 12510, 12740 );
INSERT INTO "dias_line_groups" VALUES ( 18960, 10 );
INSERT INTO "times" VALUES ( 18960, 12510, NULL, '19:22:00', 20 );
INSERT INTO "times" VALUES ( 18960, 12520, '19:24:00', '19:24:00', 20 );
INSERT INTO "times" VALUES ( 18960, 12530, '19:26:00', '19:26:00', 20 );
INSERT INTO "times" VALUES ( 18960, 12540, '19:29:00', '19:29:00', 20 );
INSERT INTO "times" VALUES ( 18960, 12610, '19:34:00', '19:34:00', 20 );
INSERT INTO "times" VALUES ( 18960, 12670, '19:40:00', '19:40:00', 20 );
INSERT INTO "times" VALUES ( 18960, 12680, '19:43:00', '19:43:00', 20 );
INSERT INTO "times" VALUES ( 18960, 12700, '19:46:00', '19:46:00', 20 );
INSERT INTO "times" VALUES ( 18960, 12710, '19:49:00', '19:49:00', 20 );
INSERT INTO "times" VALUES ( 18960, 12740, '19:54:00', NULL, NULL );

INSERT INTO "dias" VALUES ( 18961, 140, FALSE, TRUE, 'F1901A', 12740, 12510 );
INSERT INTO "dias_line_groups" VALUES ( 18961, 10 );
INSERT INTO "times" VALUES ( 18961, 12510, '19:49:00', NULL, NULL );
INSERT INTO "times" VALUES ( 18961, 12520, '19:47:00', '19:47:00', 20 );
INSERT INTO "times" VALUES ( 18961, 12530, '19:46:00', '19:46:00', 20 );
INSERT INTO "times" VALUES ( 18961, 12540, '19:43:00', '19:43:00', 20 );
INSERT INTO "times" VALUES ( 18961, 12610, '19:38:00', '19:38:00', 20 );
INSERT INTO "times" VALUES ( 18961, 12670, '19:31:00', '19:31:00', 20 );
INSERT INTO "times" VALUES ( 18961, 12680, '19:29:00', '19:29:00', 20 );
INSERT INTO "times" VALUES ( 18961, 12700, '19:25:00', '19:25:00', 20 );
INSERT INTO "times" VALUES ( 18961, 12710, '19:23:00', '19:23:00', 20 );
INSERT INTO "times" VALUES ( 18961, 12740, NULL, '19:17:00', 20 );

INSERT INTO "dias" VALUES ( 18962, 140, FALSE, TRUE, 'F1902R', 12510, 12740 );
INSERT INTO "dias_line_groups" VALUES ( 18962, 10 );
INSERT INTO "times" VALUES ( 18962, 12510, NULL, '19:52:00', 20 );
INSERT INTO "times" VALUES ( 18962, 12520, '19:54:00', '19:54:00', 20 );
INSERT INTO "times" VALUES ( 18962, 12530, '19:56:00', '19:56:00', 20 );
INSERT INTO "times" VALUES ( 18962, 12540, '19:59:00', '19:59:00', 20 );
INSERT INTO "times" VALUES ( 18962, 12610, '20:04:00', '20:04:00', 20 );
INSERT INTO "times" VALUES ( 18962, 12670, '20:10:00', '20:10:00', 20 );
INSERT INTO "times" VALUES ( 18962, 12680, '20:13:00', '20:13:00', 20 );
INSERT INTO "times" VALUES ( 18962, 12700, '20:16:00', '20:16:00', 20 );
INSERT INTO "times" VALUES ( 18962, 12710, '20:19:00', '20:19:00', 20 );
INSERT INTO "times" VALUES ( 18962, 12740, '20:24:00', NULL, NULL );

INSERT INTO "dias" VALUES ( 18963, 140, FALSE, TRUE, 'F1903A', 12740, 12510 );
INSERT INTO "dias_line_groups" VALUES ( 18963, 10 );
INSERT INTO "times" VALUES ( 18963, 12510, '20:09:00', NULL, NULL );
INSERT INTO "times" VALUES ( 18963, 12520, '20:07:00', '20:07:00', 20 );
INSERT INTO "times" VALUES ( 18963, 12530, '20:06:00', '20:06:00', 20 );
INSERT INTO "times" VALUES ( 18963, 12540, '20:03:00', '20:03:00', 20 );
INSERT INTO "times" VALUES ( 18963, 12610, '19:58:00', '19:58:00', 20 );
INSERT INTO "times" VALUES ( 18963, 12670, '19:51:00', '19:51:00', 20 );
INSERT INTO "times" VALUES ( 18963, 12680, '19:49:00', '19:49:00', 20 );
INSERT INTO "times" VALUES ( 18963, 12700, '19:45:00', '19:45:00', 20 );
INSERT INTO "times" VALUES ( 18963, 12710, '19:43:00', '19:43:00', 20 );
INSERT INTO "times" VALUES ( 18963, 12740, NULL, '19:37:00', 20 );

INSERT INTO "dias" VALUES ( 18964, 140, FALSE, TRUE, 'F2000R', 12510, 12740 );
INSERT INTO "dias_line_groups" VALUES ( 18964, 10 );
INSERT INTO "times" VALUES ( 18964, 12510, NULL, '20:12:00', 20 );
INSERT INTO "times" VALUES ( 18964, 12520, '20:14:00', '20:14:00', 20 );
INSERT INTO "times" VALUES ( 18964, 12530, '20:16:00', '20:16:00', 20 );
INSERT INTO "times" VALUES ( 18964, 12540, '20:19:00', '20:19:00', 20 );
INSERT INTO "times" VALUES ( 18964, 12610, '20:24:00', '20:24:00', 20 );
INSERT INTO "times" VALUES ( 18964, 12670, '20:30:00', '20:30:00', 20 );
INSERT INTO "times" VALUES ( 18964, 12680, '20:33:00', '20:33:00', 20 );
INSERT INTO "times" VALUES ( 18964, 12700, '20:36:00', '20:36:00', 20 );
INSERT INTO "times" VALUES ( 18964, 12710, '20:39:00', '20:39:00', 20 );
INSERT INTO "times" VALUES ( 18964, 12740, '20:44:00', NULL, NULL );

INSERT INTO "dias" VALUES ( 18965, 140, FALSE, TRUE, 'F2001A', 12740, 12510 );
INSERT INTO "dias_line_groups" VALUES ( 18965, 10 );
INSERT INTO "times" VALUES ( 18965, 12510, '20:39:00', NULL, NULL );
INSERT INTO "times" VALUES ( 18965, 12520, '20:37:00', '20:37:00', 20 );
INSERT INTO "times" VALUES ( 18965, 12530, '20:36:00', '20:36:00', 20 );
INSERT INTO "times" VALUES ( 18965, 12540, '20:33:00', '20:33:00', 20 );
INSERT INTO "times" VALUES ( 18965, 12610, '20:28:00', '20:28:00', 20 );
INSERT INTO "times" VALUES ( 18965, 12670, '20:21:00', '20:21:00', 20 );
INSERT INTO "times" VALUES ( 18965, 12680, '20:19:00', '20:19:00', 20 );
INSERT INTO "times" VALUES ( 18965, 12700, '20:15:00', '20:15:00', 20 );
INSERT INTO "times" VALUES ( 18965, 12710, '20:13:00', '20:13:00', 20 );
INSERT INTO "times" VALUES ( 18965, 12740, NULL, '20:07:00', 20 );

INSERT INTO "dias" VALUES ( 18966, 140, FALSE, TRUE, 'F2002R', 12510, 12740 );
INSERT INTO "dias_line_groups" VALUES ( 18966, 10 );
INSERT INTO "times" VALUES ( 18966, 12510, NULL, '20:42:00', 20 );
INSERT INTO "times" VALUES ( 18966, 12520, '20:44:00', '20:44:00', 20 );
INSERT INTO "times" VALUES ( 18966, 12530, '20:46:00', '20:46:00', 20 );
INSERT INTO "times" VALUES ( 18966, 12540, '20:49:00', '20:49:00', 20 );
INSERT INTO "times" VALUES ( 18966, 12610, '20:54:00', '20:54:00', 20 );
INSERT INTO "times" VALUES ( 18966, 12670, '21:00:00', '21:00:00', 20 );
INSERT INTO "times" VALUES ( 18966, 12680, '21:03:00', '21:03:00', 20 );
INSERT INTO "times" VALUES ( 18966, 12700, '21:06:00', '21:06:00', 20 );
INSERT INTO "times" VALUES ( 18966, 12710, '21:09:00', '21:09:00', 20 );
INSERT INTO "times" VALUES ( 18966, 12740, '21:14:00', NULL, NULL );

INSERT INTO "dias" VALUES ( 18967, 140, FALSE, TRUE, 'F2003A', 12740, 12510 );
INSERT INTO "dias_line_groups" VALUES ( 18967, 10 );
INSERT INTO "times" VALUES ( 18967, 12510, '20:59:00', NULL, NULL );
INSERT INTO "times" VALUES ( 18967, 12520, '20:57:00', '20:57:00', 20 );
INSERT INTO "times" VALUES ( 18967, 12530, '20:56:00', '20:56:00', 20 );
INSERT INTO "times" VALUES ( 18967, 12540, '20:53:00', '20:53:00', 20 );
INSERT INTO "times" VALUES ( 18967, 12610, '20:48:00', '20:48:00', 20 );
INSERT INTO "times" VALUES ( 18967, 12670, '20:41:00', '20:41:00', 20 );
INSERT INTO "times" VALUES ( 18967, 12680, '20:39:00', '20:39:00', 20 );
INSERT INTO "times" VALUES ( 18967, 12700, '20:35:00', '20:35:00', 20 );
INSERT INTO "times" VALUES ( 18967, 12710, '20:33:00', '20:33:00', 20 );
INSERT INTO "times" VALUES ( 18967, 12740, NULL, '20:27:00', 20 );

INSERT INTO "dias" VALUES ( 18968, 140, FALSE, TRUE, 'F2100Z', 12510, 13520 );
INSERT INTO "dias_line_groups" VALUES ( 18968, 10 );
INSERT INTO "times" VALUES ( 18968, 12510, NULL, '21:04:00', 20 );
INSERT INTO "times" VALUES ( 18968, 12520, '21:06:00', '21:06:00', 20 );
INSERT INTO "times" VALUES ( 18968, 12530, '21:08:00', '21:08:00', 20 );
INSERT INTO "times" VALUES ( 18968, 12540, '21:11:00', '21:11:00', 20 );
INSERT INTO "times" VALUES ( 18968, 12610, '21:16:00', '21:16:00', 20 );
INSERT INTO "times" VALUES ( 18968, 12670, '21:22:00', '21:22:00', 20 );
INSERT INTO "times" VALUES ( 18968, 12680, '21:25:00', '21:25:00', 20 );
INSERT INTO "times" VALUES ( 18968, 12700, '21:28:00', '21:28:00', 20 );
INSERT INTO "times" VALUES ( 18968, 12710, '21:31:00', '21:31:00', 20 );
INSERT INTO "times" VALUES ( 18968, 12740, '21:36:00', '21:36:00', 20 );
INSERT INTO "times" VALUES ( 18968, 12760, '21:41:00', '21:41:00', 20 );
INSERT INTO "times" VALUES ( 18968, 12780, '21:48:00', '21:49:00', 20 );
INSERT INTO "times" VALUES ( 18968, 12800, '21:52:00', '21:52:00', 20 );
INSERT INTO "times" VALUES ( 18968, 12840, '21:55:00', '21:55:00', 20 );
INSERT INTO "times" VALUES ( 18968, 12870, '21:59:00', '21:59:00', 20 );
INSERT INTO "times" VALUES ( 18968, 12880, '22:00:00', '22:00:00', 20 );
INSERT INTO "times" VALUES ( 18968, 12890, '22:02:00', '22:02:00', 20 );
INSERT INTO "times" VALUES ( 18968, 12900, '22:04:00', '22:04:00', 20 );
INSERT INTO "times" VALUES ( 18968, 13510, '22:06:00', '22:06:00', 30 );
INSERT INTO "times" VALUES ( 18968, 13520, '22:09:00', NULL, NULL );

INSERT INTO "dias" VALUES ( 18969, 140, FALSE, TRUE, 'F2102Z', 12510, 13520 );
INSERT INTO "dias_line_groups" VALUES ( 18969, 10 );
INSERT INTO "times" VALUES ( 18969, 12510, NULL, '21:24:00', 20 );
INSERT INTO "times" VALUES ( 18969, 12520, '21:26:00', '21:26:00', 20 );
INSERT INTO "times" VALUES ( 18969, 12530, '21:28:00', '21:28:00', 20 );
INSERT INTO "times" VALUES ( 18969, 12540, '21:31:00', '21:31:00', 20 );
INSERT INTO "times" VALUES ( 18969, 12610, '21:36:00', '21:36:00', 20 );
INSERT INTO "times" VALUES ( 18969, 12670, '21:42:00', '21:42:00', 20 );
INSERT INTO "times" VALUES ( 18969, 12680, '21:45:00', '21:45:00', 20 );
INSERT INTO "times" VALUES ( 18969, 12700, '21:48:00', '21:48:00', 20 );
INSERT INTO "times" VALUES ( 18969, 12710, '21:51:00', '21:51:00', 20 );
INSERT INTO "times" VALUES ( 18969, 12740, '21:56:00', '21:56:00', 20 );
INSERT INTO "times" VALUES ( 18969, 12760, '22:01:00', '22:01:00', 20 );
INSERT INTO "times" VALUES ( 18969, 12780, '22:09:00', '22:09:00', 20 );
INSERT INTO "times" VALUES ( 18969, 12800, '22:11:00', '22:11:00', 20 );
INSERT INTO "times" VALUES ( 18969, 12840, '22:15:00', '22:15:00', 20 );
INSERT INTO "times" VALUES ( 18969, 12870, '22:18:00', '22:18:00', 20 );
INSERT INTO "times" VALUES ( 18969, 12880, '22:20:00', '22:20:00', 20 );
INSERT INTO "times" VALUES ( 18969, 12890, '22:22:00', '22:22:00', 20 );
INSERT INTO "times" VALUES ( 18969, 12900, '22:24:00', '22:24:00', 20 );
INSERT INTO "times" VALUES ( 18969, 13510, '22:26:00', '22:26:00', 30 );
INSERT INTO "times" VALUES ( 18969, 13520, '22:29:00', NULL, NULL );

INSERT INTO "dias" VALUES ( 18970, 140, FALSE, TRUE, 'F2104Z', 12510, 13520 );
INSERT INTO "dias_line_groups" VALUES ( 18970, 10 );
INSERT INTO "times" VALUES ( 18970, 12510, NULL, '21:44:00', 20 );
INSERT INTO "times" VALUES ( 18970, 12520, '21:46:00', '21:46:00', 20 );
INSERT INTO "times" VALUES ( 18970, 12530, '21:48:00', '21:48:00', 20 );
INSERT INTO "times" VALUES ( 18970, 12540, '21:51:00', '21:51:00', 20 );
INSERT INTO "times" VALUES ( 18970, 12610, '21:56:00', '21:56:00', 20 );
INSERT INTO "times" VALUES ( 18970, 12670, '22:02:00', '22:02:00', 20 );
INSERT INTO "times" VALUES ( 18970, 12680, '22:05:00', '22:05:00', 20 );
INSERT INTO "times" VALUES ( 18970, 12700, '22:08:00', '22:08:00', 20 );
INSERT INTO "times" VALUES ( 18970, 12710, '22:11:00', '22:11:00', 20 );
INSERT INTO "times" VALUES ( 18970, 12740, '22:16:00', '22:16:00', 20 );
INSERT INTO "times" VALUES ( 18970, 12760, '22:21:00', '22:21:00', 20 );
INSERT INTO "times" VALUES ( 18970, 12780, '22:29:00', '22:29:00', 20 );
INSERT INTO "times" VALUES ( 18970, 12800, '22:31:00', '22:31:00', 20 );
INSERT INTO "times" VALUES ( 18970, 12840, '22:35:00', '22:35:00', 20 );
INSERT INTO "times" VALUES ( 18970, 12870, '22:38:00', '22:38:00', 20 );
INSERT INTO "times" VALUES ( 18970, 12880, '22:40:00', '22:40:00', 20 );
INSERT INTO "times" VALUES ( 18970, 12890, '22:42:00', '22:42:00', 20 );
INSERT INTO "times" VALUES ( 18970, 12900, '22:44:00', '22:44:00', 20 );
INSERT INTO "times" VALUES ( 18970, 13510, '22:46:00', '22:46:00', 30 );
INSERT INTO "times" VALUES ( 18970, 13520, '22:48:00', NULL, NULL );

INSERT INTO "dias" VALUES ( 18971, 140, FALSE, TRUE, 'F2200R', 12510, 12740 );
INSERT INTO "dias_line_groups" VALUES ( 18971, 10 );
INSERT INTO "times" VALUES ( 18971, 12510, NULL, '22:03:00', 20 );
INSERT INTO "times" VALUES ( 18971, 12520, '22:04:00', '22:04:00', 20 );
INSERT INTO "times" VALUES ( 18971, 12530, '22:06:00', '22:06:00', 20 );
INSERT INTO "times" VALUES ( 18971, 12540, '22:10:00', '22:10:00', 20 );
INSERT INTO "times" VALUES ( 18971, 12610, '22:15:00', '22:15:00', 20 );
INSERT INTO "times" VALUES ( 18971, 12670, '22:21:00', '22:21:00', 20 );
INSERT INTO "times" VALUES ( 18971, 12680, '22:24:00', '22:24:00', 20 );
INSERT INTO "times" VALUES ( 18971, 12700, '22:27:00', '22:27:00', 20 );
INSERT INTO "times" VALUES ( 18971, 12710, '22:29:00', '22:29:00', 20 );
INSERT INTO "times" VALUES ( 18971, 12740, '22:35:00', NULL, NULL );

INSERT INTO "dias" VALUES ( 18972, 140, FALSE, TRUE, 'F2202R', 12510, 12740 );
INSERT INTO "dias_line_groups" VALUES ( 18972, 10 );
INSERT INTO "times" VALUES ( 18972, 12510, NULL, '22:23:00', 20 );
INSERT INTO "times" VALUES ( 18972, 12520, '22:24:00', '22:24:00', 20 );
INSERT INTO "times" VALUES ( 18972, 12530, '22:26:00', '22:26:00', 20 );
INSERT INTO "times" VALUES ( 18972, 12540, '22:30:00', '22:30:00', 20 );
INSERT INTO "times" VALUES ( 18972, 12610, '22:35:00', '22:35:00', 20 );
INSERT INTO "times" VALUES ( 18972, 12670, '22:41:00', '22:41:00', 20 );
INSERT INTO "times" VALUES ( 18972, 12680, '22:44:00', '22:44:00', 20 );
INSERT INTO "times" VALUES ( 18972, 12700, '22:47:00', '22:47:00', 20 );
INSERT INTO "times" VALUES ( 18972, 12710, '22:50:00', '22:50:00', 20 );
INSERT INTO "times" VALUES ( 18972, 12740, '22:55:00', NULL, NULL );

INSERT INTO "dias" VALUES ( 18973, 140, FALSE, TRUE, 'F2301A', 13520, 12510 );
INSERT INTO "dias_line_groups" VALUES ( 18973, 10 );
INSERT INTO "times" VALUES ( 18973, 12510, '00:03:00', NULL, NULL );
INSERT INTO "times" VALUES ( 18973, 12520, '00:01:00', '00:01:00', 20 );
INSERT INTO "times" VALUES ( 18973, 12530, '00:00:00', '00:00:00', 20 );
INSERT INTO "times" VALUES ( 18973, 12540, '23:57:00', '23:57:00', 20 );
INSERT INTO "times" VALUES ( 18973, 12610, '23:52:00', '23:52:00', 20 );
INSERT INTO "times" VALUES ( 18973, 12670, '23:46:00', '23:46:00', 20 );
INSERT INTO "times" VALUES ( 18973, 12680, '23:43:00', '23:43:00', 20 );
INSERT INTO "times" VALUES ( 18973, 12700, '23:39:00', '23:39:00', 20 );
INSERT INTO "times" VALUES ( 18973, 12710, '23:37:00', '23:37:00', 20 );
INSERT INTO "times" VALUES ( 18973, 12740, '23:32:00', '23:32:00', 20 );
INSERT INTO "times" VALUES ( 18973, 12760, '23:27:00', '23:27:00', 20 );
INSERT INTO "times" VALUES ( 18973, 12780, '23:20:00', '23:20:00', 20 );
INSERT INTO "times" VALUES ( 18973, 12800, '23:17:00', '23:17:00', 20 );
INSERT INTO "times" VALUES ( 18973, 12840, '23:13:00', '23:13:00', 20 );
INSERT INTO "times" VALUES ( 18973, 12870, '23:09:00', '23:09:00', 20 );
INSERT INTO "times" VALUES ( 18973, 12880, '23:08:00', '23:08:00', 20 );
INSERT INTO "times" VALUES ( 18973, 12890, '23:06:00', '23:06:00', 20 );
INSERT INTO "times" VALUES ( 18973, 12900, '23:04:00', '23:04:00', 20 );
INSERT INTO "times" VALUES ( 18973, 13510, '23:02:00', '23:02:00', 30 );
INSERT INTO "times" VALUES ( 18973, 13520, NULL, '23:00:00', 30 );

INSERT INTO "dias" VALUES ( 18974, 140, FALSE, TRUE, 'F2303A', 13520, 12510 );
INSERT INTO "dias_line_groups" VALUES ( 18974, 10 );
INSERT INTO "times" VALUES ( 18974, 12510, '00:29:00', NULL, NULL );
INSERT INTO "times" VALUES ( 18974, 12520, '00:27:00', '00:27:00', 20 );
INSERT INTO "times" VALUES ( 18974, 12530, '00:25:00', '00:25:00', 20 );
INSERT INTO "times" VALUES ( 18974, 12540, '00:22:00', '00:22:00', 20 );
INSERT INTO "times" VALUES ( 18974, 12610, '00:17:00', '00:17:00', 20 );
INSERT INTO "times" VALUES ( 18974, 12670, '00:11:00', '00:11:00', 20 );
INSERT INTO "times" VALUES ( 18974, 12680, '00:08:00', '00:08:00', 20 );
INSERT INTO "times" VALUES ( 18974, 12700, '00:04:00', '00:04:00', 20 );
INSERT INTO "times" VALUES ( 18974, 12710, '00:03:00', '00:03:00', 20 );
INSERT INTO "times" VALUES ( 18974, 12740, '23:57:00', '23:57:00', 20 );
INSERT INTO "times" VALUES ( 18974, 12760, '23:52:00', '23:52:00', 20 );
INSERT INTO "times" VALUES ( 18974, 12780, '23:45:00', '23:45:00', 20 );
INSERT INTO "times" VALUES ( 18974, 12800, '23:42:00', '23:42:00', 20 );
INSERT INTO "times" VALUES ( 18974, 12840, '23:38:00', '23:38:00', 20 );
INSERT INTO "times" VALUES ( 18974, 12870, '23:35:00', '23:35:00', 20 );
INSERT INTO "times" VALUES ( 18974, 12880, '23:33:00', '23:33:00', 20 );
INSERT INTO "times" VALUES ( 18974, 12890, '23:31:00', '23:31:00', 20 );
INSERT INTO "times" VALUES ( 18974, 12900, '23:29:00', '23:30:00', 20 );
INSERT INTO "times" VALUES ( 18974, 13510, '23:27:00', '23:27:00', 30 );
INSERT INTO "times" VALUES ( 18974, 13520, NULL, '23:25:00', 30 );

INSERT INTO "dias" VALUES ( 18975, 140, FALSE, TRUE, 'G0500Z', 12770, 13520 );
INSERT INTO "dias_line_groups" VALUES ( 18975, 10 );
INSERT INTO "times" VALUES ( 18975, 12770, NULL, '05:50:00', 20 );
INSERT INTO "times" VALUES ( 18975, 12780, '05:55:00', '05:55:00', 20 );
INSERT INTO "times" VALUES ( 18975, 12800, '05:57:00', '05:57:00', 20 );
INSERT INTO "times" VALUES ( 18975, 12840, '06:01:00', '06:01:00', 20 );
INSERT INTO "times" VALUES ( 18975, 12870, '06:04:00', '06:04:00', 20 );
INSERT INTO "times" VALUES ( 18975, 12880, '06:06:00', '06:06:00', 20 );
INSERT INTO "times" VALUES ( 18975, 12890, '06:08:00', '06:08:00', 20 );
INSERT INTO "times" VALUES ( 18975, 12900, '06:10:00', '06:10:00', 20 );
INSERT INTO "times" VALUES ( 18975, 13510, '06:11:00', '06:11:00', 30 );
INSERT INTO "times" VALUES ( 18975, 13520, '06:14:00', NULL, NULL );

INSERT INTO "dias" VALUES ( 18976, 140, FALSE, TRUE, 'G1500Z', 12770, 13520 );
INSERT INTO "dias_line_groups" VALUES ( 18976, 10 );
INSERT INTO "times" VALUES ( 18976, 12770, NULL, '15:59:00', 20 );
INSERT INTO "times" VALUES ( 18976, 12780, '16:04:00', '16:04:00', 20 );
INSERT INTO "times" VALUES ( 18976, 12800, '16:06:00', '16:08:00', 20 );
INSERT INTO "times" VALUES ( 18976, 12840, '16:12:00', '16:12:00', 20 );
INSERT INTO "times" VALUES ( 18976, 12870, '16:16:00', '16:16:00', 20 );
INSERT INTO "times" VALUES ( 18976, 12880, '16:18:00', '16:18:00', 20 );
INSERT INTO "times" VALUES ( 18976, 12890, '16:20:00', '16:20:00', 20 );
INSERT INTO "times" VALUES ( 18976, 12900, '16:21:00', '16:25:00', 20 );
INSERT INTO "times" VALUES ( 18976, 13510, '16:27:00', '16:27:00', 30 );
INSERT INTO "times" VALUES ( 18976, 13520, '16:30:00', NULL, NULL );

INSERT INTO "dias" VALUES ( 18977, 140, FALSE, TRUE, 'G1600Z', 12770, 13520 );
INSERT INTO "dias_line_groups" VALUES ( 18977, 10 );
INSERT INTO "times" VALUES ( 18977, 12770, NULL, '16:39:00', 20 );
INSERT INTO "times" VALUES ( 18977, 12780, '16:44:00', '16:44:00', 20 );
INSERT INTO "times" VALUES ( 18977, 12800, '16:46:00', '16:48:00', 20 );
INSERT INTO "times" VALUES ( 18977, 12840, '16:52:00', '16:52:00', 20 );
INSERT INTO "times" VALUES ( 18977, 12870, '16:56:00', '16:56:00', 20 );
INSERT INTO "times" VALUES ( 18977, 12880, '16:58:00', '16:58:00', 20 );
INSERT INTO "times" VALUES ( 18977, 12890, '17:00:00', '17:00:00', 20 );
INSERT INTO "times" VALUES ( 18977, 12900, '17:01:00', '17:06:00', 20 );
INSERT INTO "times" VALUES ( 18977, 13510, '17:08:00', '17:08:00', 30 );
INSERT INTO "times" VALUES ( 18977, 13520, '17:11:00', NULL, NULL );

INSERT INTO "dias" VALUES ( 18978, 140, FALSE, TRUE, 'G1601A', 12770, 12510 );
INSERT INTO "dias_line_groups" VALUES ( 18978, 10 );
INSERT INTO "times" VALUES ( 18978, 12510, '16:49:00', NULL, NULL );
INSERT INTO "times" VALUES ( 18978, 12520, '16:48:00', '16:48:00', 20 );
INSERT INTO "times" VALUES ( 18978, 12530, '16:46:00', '16:46:00', 20 );
INSERT INTO "times" VALUES ( 18978, 12540, '16:43:00', '16:43:00', 20 );
INSERT INTO "times" VALUES ( 18978, 12610, '16:38:00', '16:38:00', 20 );
INSERT INTO "times" VALUES ( 18978, 12670, '16:32:00', '16:32:00', 20 );
INSERT INTO "times" VALUES ( 18978, 12680, '16:29:00', '16:29:00', 20 );
INSERT INTO "times" VALUES ( 18978, 12700, '16:25:00', '16:25:00', 20 );
INSERT INTO "times" VALUES ( 18978, 12710, '16:23:00', '16:23:00', 20 );
INSERT INTO "times" VALUES ( 18978, 12740, '16:17:00', '16:17:00', 20 );
INSERT INTO "times" VALUES ( 18978, 12760, '16:13:00', '16:13:00', 20 );
INSERT INTO "times" VALUES ( 18978, 12770, NULL, '16:09:00', 20 );

INSERT INTO "dias" VALUES ( 18979, 140, FALSE, TRUE, 'G1603A', 12770, 12510 );
INSERT INTO "dias_line_groups" VALUES ( 18979, 10 );
INSERT INTO "times" VALUES ( 18979, 12510, '17:36:00', NULL, NULL );
INSERT INTO "times" VALUES ( 18979, 12520, '17:34:00', '17:34:00', 20 );
INSERT INTO "times" VALUES ( 18979, 12530, '17:32:00', '17:32:00', 20 );
INSERT INTO "times" VALUES ( 18979, 12540, '17:30:00', '17:30:00', 20 );
INSERT INTO "times" VALUES ( 18979, 12610, '17:25:00', '17:25:00', 20 );
INSERT INTO "times" VALUES ( 18979, 12670, '17:18:00', '17:18:00', 20 );
INSERT INTO "times" VALUES ( 18979, 12680, '17:11:00', '17:15:00', 20 );
INSERT INTO "times" VALUES ( 18979, 12700, '17:07:00', '17:07:00', 20 );
INSERT INTO "times" VALUES ( 18979, 12710, '17:04:00', '17:05:00', 20 );
INSERT INTO "times" VALUES ( 18979, 12740, '16:56:00', '16:58:00', 20 );
INSERT INTO "times" VALUES ( 18979, 12760, '16:52:00', '16:52:00', 20 );
INSERT INTO "times" VALUES ( 18979, 12770, NULL, '16:47:00', 20 );

INSERT INTO "dias" VALUES ( 18980, 140, FALSE, TRUE, 'G1700Z', 12770, 13520 );
INSERT INTO "dias_line_groups" VALUES ( 18980, 10 );
INSERT INTO "times" VALUES ( 18980, 12770, NULL, '17:09:00', 20 );
INSERT INTO "times" VALUES ( 18980, 12780, '17:14:00', '17:14:00', 20 );
INSERT INTO "times" VALUES ( 18980, 12800, '17:16:00', '17:18:00', 20 );
INSERT INTO "times" VALUES ( 18980, 12840, '17:22:00', '17:22:00', 20 );
INSERT INTO "times" VALUES ( 18980, 12870, '17:26:00', '17:26:00', 20 );
INSERT INTO "times" VALUES ( 18980, 12880, '17:28:00', '17:28:00', 20 );
INSERT INTO "times" VALUES ( 18980, 12890, '17:30:00', '17:30:00', 20 );
INSERT INTO "times" VALUES ( 18980, 12900, '17:31:00', '17:36:00', 20 );
INSERT INTO "times" VALUES ( 18980, 13510, '17:38:00', '17:38:00', 30 );
INSERT INTO "times" VALUES ( 18980, 13520, '17:41:00', NULL, NULL );

INSERT INTO "dias" VALUES ( 18981, 140, FALSE, TRUE, 'G1701A', 12770, 12510 );
INSERT INTO "dias_line_groups" VALUES ( 18981, 10 );
INSERT INTO "times" VALUES ( 18981, 12510, '17:50:00', NULL, NULL );
INSERT INTO "times" VALUES ( 18981, 12520, '17:48:00', '17:48:00', 20 );
INSERT INTO "times" VALUES ( 18981, 12530, '17:46:00', '17:46:00', 20 );
INSERT INTO "times" VALUES ( 18981, 12540, '17:43:00', '17:43:00', 20 );
INSERT INTO "times" VALUES ( 18981, 12610, '17:38:00', '17:38:00', 20 );
INSERT INTO "times" VALUES ( 18981, 12670, '17:31:00', '17:31:00', 20 );
INSERT INTO "times" VALUES ( 18981, 12680, '17:29:00', '17:29:00', 20 );
INSERT INTO "times" VALUES ( 18981, 12700, '17:25:00', '17:25:00', 20 );
INSERT INTO "times" VALUES ( 18981, 12710, '17:23:00', '17:23:00', 20 );
INSERT INTO "times" VALUES ( 18981, 12740, '17:17:00', '17:17:00', 20 );
INSERT INTO "times" VALUES ( 18981, 12760, '17:13:00', '17:13:00', 20 );
INSERT INTO "times" VALUES ( 18981, 12770, NULL, '17:09:00', 20 );

INSERT INTO "dias" VALUES ( 18982, 140, FALSE, TRUE, 'G2201Y', 13520, 12770 );
INSERT INTO "dias_line_groups" VALUES ( 18982, 10 );
INSERT INTO "times" VALUES ( 18982, 12770, '23:09:00', NULL, NULL );
INSERT INTO "times" VALUES ( 18982, 12780, '23:04:00', '23:04:00', 20 );
INSERT INTO "times" VALUES ( 18982, 12800, '23:00:00', '23:01:00', 20 );
INSERT INTO "times" VALUES ( 18982, 12840, '22:56:00', '22:56:00', 20 );
INSERT INTO "times" VALUES ( 18982, 12870, '22:53:00', '22:53:00', 20 );
INSERT INTO "times" VALUES ( 18982, 12880, '22:51:00', '22:51:00', 20 );
INSERT INTO "times" VALUES ( 18982, 12890, '22:49:00', '22:49:00', 20 );
INSERT INTO "times" VALUES ( 18982, 12900, '22:48:00', '22:48:00', 20 );
INSERT INTO "times" VALUES ( 18982, 13510, '22:45:00', '22:45:00', 30 );
INSERT INTO "times" VALUES ( 18982, 13520, NULL, '22:43:00', 30 );

INSERT INTO "dias" VALUES ( 18983, 140, FALSE, TRUE, 'G2301Y', 13520, 12770 );
INSERT INTO "dias_line_groups" VALUES ( 18983, 10 );
INSERT INTO "times" VALUES ( 18983, 12770, '00:06:00', NULL, NULL );
INSERT INTO "times" VALUES ( 18983, 12780, '00:01:00', '00:01:00', 20 );
INSERT INTO "times" VALUES ( 18983, 12800, '23:59:00', '23:59:00', 20 );
INSERT INTO "times" VALUES ( 18983, 12840, '23:54:00', '23:54:00', 20 );
INSERT INTO "times" VALUES ( 18983, 12870, '23:51:00', '23:51:00', 20 );
INSERT INTO "times" VALUES ( 18983, 12880, '23:49:00', '23:49:00', 20 );
INSERT INTO "times" VALUES ( 18983, 12890, '23:47:00', '23:47:00', 20 );
INSERT INTO "times" VALUES ( 18983, 12900, '23:46:00', '23:46:00', 20 );
INSERT INTO "times" VALUES ( 18983, 13510, '23:43:00', '23:43:00', 30 );
INSERT INTO "times" VALUES ( 18983, 13520, NULL, '23:41:00', 30 );

INSERT INTO "dias" VALUES ( 18984, 120, FALSE, TRUE, 'K0501A', 13520, 12510 );
INSERT INTO "dias_line_groups" VALUES ( 18984, 10 );
INSERT INTO "times" VALUES ( 18984, 12510, '06:15:00', NULL, NULL );
INSERT INTO "times" VALUES ( 18984, 12520, '06:13:00', '06:13:00', 20 );
INSERT INTO "times" VALUES ( 18984, 12530, '06:12:00', '06:12:00', 20 );
INSERT INTO "times" VALUES ( 18984, 12540, '06:09:00', '06:09:00', 20 );
INSERT INTO "times" VALUES ( 18984, 12610, '06:04:00', '06:04:00', 20 );
INSERT INTO "times" VALUES ( 18984, 12660, '06:00:00', '06:00:00', 20 );
INSERT INTO "times" VALUES ( 18984, 12670, '05:56:00', '05:56:00', 20 );
INSERT INTO "times" VALUES ( 18984, 12680, '05:54:00', '05:54:00', 20 );
INSERT INTO "times" VALUES ( 18984, 12690, '05:51:00', '05:51:00', 20 );
INSERT INTO "times" VALUES ( 18984, 12700, '05:49:00', '05:49:00', 20 );
INSERT INTO "times" VALUES ( 18984, 12710, '05:47:00', '05:47:00', 20 );
INSERT INTO "times" VALUES ( 18984, 12720, '05:44:00', '05:44:00', 20 );
INSERT INTO "times" VALUES ( 18984, 12730, '05:42:00', '05:42:00', 20 );
INSERT INTO "times" VALUES ( 18984, 12740, '05:39:00', '05:39:00', 20 );
INSERT INTO "times" VALUES ( 18984, 12750, '05:36:00', '05:36:00', 20 );
INSERT INTO "times" VALUES ( 18984, 12760, '05:34:00', '05:34:00', 20 );
INSERT INTO "times" VALUES ( 18984, 12770, '05:30:00', '05:30:00', 20 );
INSERT INTO "times" VALUES ( 18984, 12780, '05:25:00', '05:25:00', 20 );
INSERT INTO "times" VALUES ( 18984, 12790, '05:23:00', '05:23:00', 20 );
INSERT INTO "times" VALUES ( 18984, 12800, '05:22:00', '05:22:00', 20 );
INSERT INTO "times" VALUES ( 18984, 12810, '05:19:00', '05:19:00', 20 );
INSERT INTO "times" VALUES ( 18984, 12820, '05:17:00', '05:17:00', 20 );
INSERT INTO "times" VALUES ( 18984, 12830, '05:16:00', '05:16:00', 20 );
INSERT INTO "times" VALUES ( 18984, 12840, '05:14:00', '05:14:00', 20 );
INSERT INTO "times" VALUES ( 18984, 12850, '05:12:00', '05:12:00', 20 );
INSERT INTO "times" VALUES ( 18984, 12860, '05:11:00', '05:11:00', 20 );
INSERT INTO "times" VALUES ( 18984, 12870, '05:09:00', '05:09:00', 20 );
INSERT INTO "times" VALUES ( 18984, 12880, '05:07:00', '05:07:00', 20 );
INSERT INTO "times" VALUES ( 18984, 12890, '05:05:00', '05:05:00', 20 );
INSERT INTO "times" VALUES ( 18984, 12900, '05:04:00', '05:04:00', 20 );
INSERT INTO "times" VALUES ( 18984, 13510, '05:02:00', '05:02:00', 30 );
INSERT INTO "times" VALUES ( 18984, 13520, NULL, '05:00:00', 30 );

INSERT INTO "dias" VALUES ( 18985, 120, FALSE, TRUE, 'K0503A', 12900, 12510 );
INSERT INTO "dias_line_groups" VALUES ( 18985, 10 );
INSERT INTO "times" VALUES ( 18985, 12510, '07:14:00', NULL, NULL );
INSERT INTO "times" VALUES ( 18985, 12520, '07:11:00', '07:11:00', 20 );
INSERT INTO "times" VALUES ( 18985, 12530, '07:10:00', '07:10:00', 20 );
INSERT INTO "times" VALUES ( 18985, 12540, '07:07:00', '07:07:00', 20 );
INSERT INTO "times" VALUES ( 18985, 12610, '07:02:00', '07:02:00', 20 );
INSERT INTO "times" VALUES ( 18985, 12660, '06:57:00', '06:57:00', 20 );
INSERT INTO "times" VALUES ( 18985, 12670, '06:54:00', '06:54:00', 20 );
INSERT INTO "times" VALUES ( 18985, 12680, '06:51:00', '06:51:00', 20 );
INSERT INTO "times" VALUES ( 18985, 12690, '06:48:00', '06:48:00', 20 );
INSERT INTO "times" VALUES ( 18985, 12700, '06:46:00', '06:46:00', 20 );
INSERT INTO "times" VALUES ( 18985, 12710, '06:40:00', '06:44:00', 20 );
INSERT INTO "times" VALUES ( 18985, 12720, '06:38:00', '06:38:00', 20 );
INSERT INTO "times" VALUES ( 18985, 12730, '06:35:00', '06:35:00', 20 );
INSERT INTO "times" VALUES ( 18985, 12740, '06:33:00', '06:33:00', 20 );
INSERT INTO "times" VALUES ( 18985, 12750, '06:30:00', '06:30:00', 20 );
INSERT INTO "times" VALUES ( 18985, 12760, '06:28:00', '06:28:00', 20 );
INSERT INTO "times" VALUES ( 18985, 12770, '06:24:00', '06:24:00', 20 );
INSERT INTO "times" VALUES ( 18985, 12780, '06:19:00', '06:19:00', 20 );
INSERT INTO "times" VALUES ( 18985, 12790, '06:17:00', '06:17:00', 20 );
INSERT INTO "times" VALUES ( 18985, 12800, '06:16:00', '06:16:00', 20 );
INSERT INTO "times" VALUES ( 18985, 12810, '06:13:00', '06:13:00', 20 );
INSERT INTO "times" VALUES ( 18985, 12820, '06:12:00', '06:12:00', 20 );
INSERT INTO "times" VALUES ( 18985, 12830, '06:10:00', '06:10:00', 20 );
INSERT INTO "times" VALUES ( 18985, 12840, '06:08:00', '06:08:00', 20 );
INSERT INTO "times" VALUES ( 18985, 12850, '06:07:00', '06:07:00', 20 );
INSERT INTO "times" VALUES ( 18985, 12860, '06:05:00', '06:05:00', 20 );
INSERT INTO "times" VALUES ( 18985, 12870, '06:03:00', '06:03:00', 20 );
INSERT INTO "times" VALUES ( 18985, 12880, '06:02:00', '06:02:00', 20 );
INSERT INTO "times" VALUES ( 18985, 12890, '06:00:00', '06:00:00', 20 );
INSERT INTO "times" VALUES ( 18985, 12900, NULL, '05:58:00', 20 );

INSERT INTO "dias" VALUES ( 18986, 120, FALSE, TRUE, 'K0600Z', 12510, 13520 );
INSERT INTO "dias_line_groups" VALUES ( 18986, 10 );
INSERT INTO "times" VALUES ( 18986, 12510, NULL, '06:30:00', 20 );
INSERT INTO "times" VALUES ( 18986, 12520, '06:31:00', '06:31:00', 20 );
INSERT INTO "times" VALUES ( 18986, 12530, '06:33:00', '06:33:00', 20 );
INSERT INTO "times" VALUES ( 18986, 12540, '06:36:00', '06:37:00', 20 );
INSERT INTO "times" VALUES ( 18986, 12610, '06:42:00', '06:42:00', 20 );
INSERT INTO "times" VALUES ( 18986, 12660, '06:46:00', '06:46:00', 20 );
INSERT INTO "times" VALUES ( 18986, 12670, '06:49:00', '06:49:00', 20 );
INSERT INTO "times" VALUES ( 18986, 12680, '06:52:00', '06:52:00', 20 );
INSERT INTO "times" VALUES ( 18986, 12690, '06:54:00', '06:54:00', 20 );
INSERT INTO "times" VALUES ( 18986, 12700, '06:56:00', '06:56:00', 20 );
INSERT INTO "times" VALUES ( 18986, 12710, '06:58:00', '07:03:00', 20 );
INSERT INTO "times" VALUES ( 18986, 12720, '07:05:00', '07:05:00', 20 );
INSERT INTO "times" VALUES ( 18986, 12730, '07:07:00', '07:07:00', 20 );
INSERT INTO "times" VALUES ( 18986, 12740, '07:10:00', '07:10:00', 20 );
INSERT INTO "times" VALUES ( 18986, 12750, '07:13:00', '07:13:00', 20 );
INSERT INTO "times" VALUES ( 18986, 12760, '07:16:00', '07:16:00', 20 );
INSERT INTO "times" VALUES ( 18986, 12770, '07:20:00', '07:20:00', 20 );
INSERT INTO "times" VALUES ( 18986, 12780, '07:24:00', '07:24:00', 20 );
INSERT INTO "times" VALUES ( 18986, 12790, '07:25:00', '07:25:00', 20 );
INSERT INTO "times" VALUES ( 18986, 12800, '07:27:00', '07:31:00', 20 );
INSERT INTO "times" VALUES ( 18986, 12810, '07:33:00', '07:33:00', 20 );
INSERT INTO "times" VALUES ( 18986, 12820, '07:35:00', '07:35:00', 20 );
INSERT INTO "times" VALUES ( 18986, 12830, '07:37:00', '07:37:00', 20 );
INSERT INTO "times" VALUES ( 18986, 12840, '07:38:00', '07:38:00', 20 );
INSERT INTO "times" VALUES ( 18986, 12850, '07:39:00', '07:39:00', 20 );
INSERT INTO "times" VALUES ( 18986, 12860, '07:41:00', '07:41:00', 20 );
INSERT INTO "times" VALUES ( 18986, 12870, '07:43:00', '07:43:00', 20 );
INSERT INTO "times" VALUES ( 18986, 12880, '07:44:00', '07:44:00', 20 );
INSERT INTO "times" VALUES ( 18986, 12890, '07:46:00', '07:46:00', 20 );
INSERT INTO "times" VALUES ( 18986, 12900, '07:48:00', '07:53:00', 20 );
INSERT INTO "times" VALUES ( 18986, 13510, '07:55:00', '07:55:00', 30 );
INSERT INTO "times" VALUES ( 18986, 13520, '07:58:00', NULL, NULL );

INSERT INTO "dias" VALUES ( 18987, 120, FALSE, TRUE, 'K0601A', 13520, 12510 );
INSERT INTO "dias_line_groups" VALUES ( 18987, 10 );
INSERT INTO "times" VALUES ( 18987, 12510, '07:36:00', NULL, NULL );
INSERT INTO "times" VALUES ( 18987, 12520, '07:34:00', '07:34:00', 20 );
INSERT INTO "times" VALUES ( 18987, 12530, '07:32:00', '07:32:00', 20 );
INSERT INTO "times" VALUES ( 18987, 12540, '07:29:00', '07:29:00', 20 );
INSERT INTO "times" VALUES ( 18987, 12610, '07:24:00', '07:24:00', 20 );
INSERT INTO "times" VALUES ( 18987, 12660, '07:18:00', '07:19:00', 20 );
INSERT INTO "times" VALUES ( 18987, 12670, '07:15:00', '07:15:00', 20 );
INSERT INTO "times" VALUES ( 18987, 12680, '07:13:00', '07:13:00', 20 );
INSERT INTO "times" VALUES ( 18987, 12690, '07:10:00', '07:10:00', 20 );
INSERT INTO "times" VALUES ( 18987, 12700, '07:08:00', '07:08:00', 20 );
INSERT INTO "times" VALUES ( 18987, 12710, '07:06:00', '07:06:00', 20 );
INSERT INTO "times" VALUES ( 18987, 12720, '07:03:00', '07:03:00', 20 );
INSERT INTO "times" VALUES ( 18987, 12730, '07:01:00', '07:01:00', 20 );
INSERT INTO "times" VALUES ( 18987, 12740, '06:54:00', '06:58:00', 20 );
INSERT INTO "times" VALUES ( 18987, 12750, '06:50:00', '06:50:00', 20 );
INSERT INTO "times" VALUES ( 18987, 12760, '06:48:00', '06:48:00', 20 );
INSERT INTO "times" VALUES ( 18987, 12770, '06:44:00', '06:44:00', 20 );
INSERT INTO "times" VALUES ( 18987, 12780, '06:39:00', '06:39:00', 20 );
INSERT INTO "times" VALUES ( 18987, 12790, '06:37:00', '06:37:00', 20 );
INSERT INTO "times" VALUES ( 18987, 12800, '06:31:00', '06:35:00', 20 );
INSERT INTO "times" VALUES ( 18987, 12810, '06:29:00', '06:29:00', 20 );
INSERT INTO "times" VALUES ( 18987, 12820, '06:27:00', '06:27:00', 20 );
INSERT INTO "times" VALUES ( 18987, 12830, '06:26:00', '06:26:00', 20 );
INSERT INTO "times" VALUES ( 18987, 12840, '06:24:00', '06:24:00', 20 );
INSERT INTO "times" VALUES ( 18987, 12850, '06:23:00', '06:23:00', 20 );
INSERT INTO "times" VALUES ( 18987, 12860, '06:21:00', '06:21:00', 20 );
INSERT INTO "times" VALUES ( 18987, 12870, '06:19:00', '06:19:00', 20 );
INSERT INTO "times" VALUES ( 18987, 12880, '06:17:00', '06:17:00', 20 );
INSERT INTO "times" VALUES ( 18987, 12890, '06:16:00', '06:16:00', 20 );
INSERT INTO "times" VALUES ( 18987, 12900, '06:11:00', '06:14:00', 20 );
INSERT INTO "times" VALUES ( 18987, 13510, '06:08:00', '06:08:00', 30 );
INSERT INTO "times" VALUES ( 18987, 13520, NULL, '06:06:00', 30 );

INSERT INTO "dias" VALUES ( 18988, 120, FALSE, TRUE, 'K0602Z', 12510, 13520 );
INSERT INTO "dias_line_groups" VALUES ( 18988, 10 );
INSERT INTO "times" VALUES ( 18988, 12510, NULL, '06:51:00', 20 );
INSERT INTO "times" VALUES ( 18988, 12520, '06:53:00', '06:53:00', 20 );
INSERT INTO "times" VALUES ( 18988, 12530, '06:55:00', '06:55:00', 20 );
INSERT INTO "times" VALUES ( 18988, 12540, '06:58:00', '06:58:00', 20 );
INSERT INTO "times" VALUES ( 18988, 12610, '07:03:00', '07:03:00', 20 );
INSERT INTO "times" VALUES ( 18988, 12660, '07:07:00', '07:07:00', 20 );
INSERT INTO "times" VALUES ( 18988, 12670, '07:10:00', '07:10:00', 20 );
INSERT INTO "times" VALUES ( 18988, 12680, '07:13:00', '07:13:00', 20 );
INSERT INTO "times" VALUES ( 18988, 12690, '07:15:00', '07:15:00', 20 );
INSERT INTO "times" VALUES ( 18988, 12700, '07:17:00', '07:17:00', 20 );
INSERT INTO "times" VALUES ( 18988, 12710, '07:19:00', '07:23:00', 20 );
INSERT INTO "times" VALUES ( 18988, 12720, '07:25:00', '07:25:00', 20 );
INSERT INTO "times" VALUES ( 18988, 12730, '07:27:00', '07:27:00', 20 );
INSERT INTO "times" VALUES ( 18988, 12740, '07:31:00', '07:31:00', 20 );
INSERT INTO "times" VALUES ( 18988, 12750, '07:33:00', '07:33:00', 20 );
INSERT INTO "times" VALUES ( 18988, 12760, '07:36:00', '07:36:00', 20 );
INSERT INTO "times" VALUES ( 18988, 12770, '07:40:00', '07:40:00', 20 );
INSERT INTO "times" VALUES ( 18988, 12780, '07:45:00', '07:45:00', 20 );
INSERT INTO "times" VALUES ( 18988, 12790, '07:46:00', '07:46:00', 20 );
INSERT INTO "times" VALUES ( 18988, 12800, '07:48:00', '07:51:00', 20 );
INSERT INTO "times" VALUES ( 18988, 12810, '07:53:00', '07:53:00', 20 );
INSERT INTO "times" VALUES ( 18988, 12820, '07:55:00', '07:55:00', 20 );
INSERT INTO "times" VALUES ( 18988, 12830, '07:57:00', '07:57:00', 20 );
INSERT INTO "times" VALUES ( 18988, 12840, '07:58:00', '07:58:00', 20 );
INSERT INTO "times" VALUES ( 18988, 12850, '07:59:00', '07:59:00', 20 );
INSERT INTO "times" VALUES ( 18988, 12860, '08:01:00', '08:01:00', 20 );
INSERT INTO "times" VALUES ( 18988, 12870, '08:03:00', '08:03:00', 20 );
INSERT INTO "times" VALUES ( 18988, 12880, '08:04:00', '08:04:00', 20 );
INSERT INTO "times" VALUES ( 18988, 12890, '08:06:00', '08:06:00', 20 );
INSERT INTO "times" VALUES ( 18988, 12900, '08:08:00', '08:12:00', 20 );
INSERT INTO "times" VALUES ( 18988, 13510, '08:14:00', '08:14:00', 30 );
INSERT INTO "times" VALUES ( 18988, 13520, '08:17:00', NULL, NULL );

INSERT INTO "dias" VALUES ( 18989, 120, FALSE, TRUE, 'K0603A', 13520, 12510 );
INSERT INTO "dias_line_groups" VALUES ( 18989, 10 );
INSERT INTO "times" VALUES ( 18989, 12510, '07:56:00', NULL, NULL );
INSERT INTO "times" VALUES ( 18989, 12520, '07:54:00', '07:54:00', 20 );
INSERT INTO "times" VALUES ( 18989, 12530, '07:52:00', '07:52:00', 20 );
INSERT INTO "times" VALUES ( 18989, 12540, '07:48:00', '07:49:00', 20 );
INSERT INTO "times" VALUES ( 18989, 12610, '07:43:00', '07:43:00', 20 );
INSERT INTO "times" VALUES ( 18989, 12660, '07:39:00', '07:39:00', 20 );
INSERT INTO "times" VALUES ( 18989, 12670, '07:36:00', '07:36:00', 20 );
INSERT INTO "times" VALUES ( 18989, 12680, '07:33:00', '07:33:00', 20 );
INSERT INTO "times" VALUES ( 18989, 12690, '07:30:00', '07:30:00', 20 );
INSERT INTO "times" VALUES ( 18989, 12700, '07:28:00', '07:28:00', 20 );
INSERT INTO "times" VALUES ( 18989, 12710, '07:26:00', '07:26:00', 20 );
INSERT INTO "times" VALUES ( 18989, 12720, '07:23:00', '07:23:00', 20 );
INSERT INTO "times" VALUES ( 18989, 12730, '07:21:00', '07:21:00', 20 );
INSERT INTO "times" VALUES ( 18989, 12740, '07:14:00', '07:18:00', 20 );
INSERT INTO "times" VALUES ( 18989, 12750, '07:10:00', '07:10:00', 20 );
INSERT INTO "times" VALUES ( 18989, 12760, '07:08:00', '07:08:00', 20 );
INSERT INTO "times" VALUES ( 18989, 12770, '07:04:00', '07:04:00', 20 );
INSERT INTO "times" VALUES ( 18989, 12780, '06:58:00', '06:59:00', 20 );
INSERT INTO "times" VALUES ( 18989, 12790, '06:57:00', '06:57:00', 20 );
INSERT INTO "times" VALUES ( 18989, 12800, '06:51:00', '06:55:00', 20 );
INSERT INTO "times" VALUES ( 18989, 12810, '06:49:00', '06:49:00', 20 );
INSERT INTO "times" VALUES ( 18989, 12820, '06:47:00', '06:47:00', 20 );
INSERT INTO "times" VALUES ( 18989, 12830, '06:46:00', '06:46:00', 20 );
INSERT INTO "times" VALUES ( 18989, 12840, '06:44:00', '06:44:00', 20 );
INSERT INTO "times" VALUES ( 18989, 12850, '06:43:00', '06:43:00', 20 );
INSERT INTO "times" VALUES ( 18989, 12860, '06:41:00', '06:41:00', 20 );
INSERT INTO "times" VALUES ( 18989, 12870, '06:39:00', '06:39:00', 20 );
INSERT INTO "times" VALUES ( 18989, 12880, '06:37:00', '06:37:00', 20 );
INSERT INTO "times" VALUES ( 18989, 12890, '06:36:00', '06:36:00', 20 );
INSERT INTO "times" VALUES ( 18989, 12900, '06:31:00', '06:34:00', 20 );
INSERT INTO "times" VALUES ( 18989, 13510, '06:28:00', '06:28:00', 30 );
INSERT INTO "times" VALUES ( 18989, 13520, NULL, '06:26:00', 30 );

INSERT INTO "dias" VALUES ( 18990, 120, FALSE, TRUE, 'K0605A', 13520, 12510 );
INSERT INTO "dias_line_groups" VALUES ( 18990, 10 );
INSERT INTO "times" VALUES ( 18990, 12510, '08:17:00', NULL, NULL );
INSERT INTO "times" VALUES ( 18990, 12520, '08:15:00', '08:15:00', 20 );
INSERT INTO "times" VALUES ( 18990, 12530, '08:14:00', '08:14:00', 20 );
INSERT INTO "times" VALUES ( 18990, 12540, '08:11:00', '08:11:00', 20 );
INSERT INTO "times" VALUES ( 18990, 12610, '08:05:00', '08:05:00', 20 );
INSERT INTO "times" VALUES ( 18990, 12660, '08:01:00', '08:01:00', 20 );
INSERT INTO "times" VALUES ( 18990, 12670, '07:57:00', '07:57:00', 20 );
INSERT INTO "times" VALUES ( 18990, 12680, '07:54:00', '07:54:00', 20 );
INSERT INTO "times" VALUES ( 18990, 12690, '07:51:00', '07:51:00', 20 );
INSERT INTO "times" VALUES ( 18990, 12700, '07:49:00', '07:49:00', 20 );
INSERT INTO "times" VALUES ( 18990, 12710, '07:47:00', '07:47:00', 20 );
INSERT INTO "times" VALUES ( 18990, 12720, '07:44:00', '07:44:00', 20 );
INSERT INTO "times" VALUES ( 18990, 12730, '07:42:00', '07:42:00', 20 );
INSERT INTO "times" VALUES ( 18990, 12740, '07:34:00', '07:39:00', 20 );
INSERT INTO "times" VALUES ( 18990, 12750, '07:30:00', '07:30:00', 20 );
INSERT INTO "times" VALUES ( 18990, 12760, '07:28:00', '07:28:00', 20 );
INSERT INTO "times" VALUES ( 18990, 12770, '07:24:00', '07:24:00', 20 );
INSERT INTO "times" VALUES ( 18990, 12780, '07:19:00', '07:19:00', 20 );
INSERT INTO "times" VALUES ( 18990, 12790, '07:17:00', '07:17:00', 20 );
INSERT INTO "times" VALUES ( 18990, 12800, '07:11:00', '07:15:00', 20 );
INSERT INTO "times" VALUES ( 18990, 12810, '07:09:00', '07:09:00', 20 );
INSERT INTO "times" VALUES ( 18990, 12820, '07:07:00', '07:07:00', 20 );
INSERT INTO "times" VALUES ( 18990, 12830, '07:06:00', '07:06:00', 20 );
INSERT INTO "times" VALUES ( 18990, 12840, '07:04:00', '07:04:00', 20 );
INSERT INTO "times" VALUES ( 18990, 12850, '07:03:00', '07:03:00', 20 );
INSERT INTO "times" VALUES ( 18990, 12860, '07:01:00', '07:01:00', 20 );
INSERT INTO "times" VALUES ( 18990, 12870, '06:59:00', '06:59:00', 20 );
INSERT INTO "times" VALUES ( 18990, 12880, '06:57:00', '06:57:00', 20 );
INSERT INTO "times" VALUES ( 18990, 12890, '06:56:00', '06:56:00', 20 );
INSERT INTO "times" VALUES ( 18990, 12900, '06:51:00', '06:54:00', 20 );
INSERT INTO "times" VALUES ( 18990, 13510, '06:48:00', '06:48:00', 30 );
INSERT INTO "times" VALUES ( 18990, 13520, NULL, '06:46:00', 30 );

INSERT INTO "dias" VALUES ( 18991, 120, FALSE, TRUE, 'K0700Z', 12510, 13520 );
INSERT INTO "dias_line_groups" VALUES ( 18991, 10 );
INSERT INTO "times" VALUES ( 18991, 12510, NULL, '07:11:00', 20 );
INSERT INTO "times" VALUES ( 18991, 12520, '07:13:00', '07:13:00', 20 );
INSERT INTO "times" VALUES ( 18991, 12530, '07:15:00', '07:15:00', 20 );
INSERT INTO "times" VALUES ( 18991, 12540, '07:18:00', '07:18:00', 20 );
INSERT INTO "times" VALUES ( 18991, 12610, '07:23:00', '07:23:00', 20 );
INSERT INTO "times" VALUES ( 18991, 12660, '07:27:00', '07:27:00', 20 );
INSERT INTO "times" VALUES ( 18991, 12670, '07:30:00', '07:30:00', 20 );
INSERT INTO "times" VALUES ( 18991, 12680, '07:33:00', '07:33:00', 20 );
INSERT INTO "times" VALUES ( 18991, 12690, '07:35:00', '07:35:00', 20 );
INSERT INTO "times" VALUES ( 18991, 12700, '07:37:00', '07:37:00', 20 );
INSERT INTO "times" VALUES ( 18991, 12710, '07:39:00', '07:43:00', 20 );
INSERT INTO "times" VALUES ( 18991, 12720, '07:45:00', '07:45:00', 20 );
INSERT INTO "times" VALUES ( 18991, 12730, '07:47:00', '07:47:00', 20 );
INSERT INTO "times" VALUES ( 18991, 12740, '07:51:00', '07:51:00', 20 );
INSERT INTO "times" VALUES ( 18991, 12750, '07:53:00', '07:53:00', 20 );
INSERT INTO "times" VALUES ( 18991, 12760, '07:56:00', '07:56:00', 20 );
INSERT INTO "times" VALUES ( 18991, 12770, '08:00:00', '08:00:00', 20 );
INSERT INTO "times" VALUES ( 18991, 12780, '08:04:00', '08:05:00', 20 );
INSERT INTO "times" VALUES ( 18991, 12790, '08:06:00', '08:06:00', 20 );
INSERT INTO "times" VALUES ( 18991, 12800, '08:08:00', '08:13:00', 20 );
INSERT INTO "times" VALUES ( 18991, 12810, '08:15:00', '08:15:00', 20 );
INSERT INTO "times" VALUES ( 18991, 12820, '08:17:00', '08:17:00', 20 );
INSERT INTO "times" VALUES ( 18991, 12830, '08:19:00', '08:19:00', 20 );
INSERT INTO "times" VALUES ( 18991, 12840, '08:20:00', '08:20:00', 20 );
INSERT INTO "times" VALUES ( 18991, 12850, '08:21:00', '08:21:00', 20 );
INSERT INTO "times" VALUES ( 18991, 12860, '08:23:00', '08:23:00', 20 );
INSERT INTO "times" VALUES ( 18991, 12870, '08:25:00', '08:25:00', 20 );
INSERT INTO "times" VALUES ( 18991, 12880, '08:26:00', '08:26:00', 20 );
INSERT INTO "times" VALUES ( 18991, 12890, '08:28:00', '08:28:00', 20 );
INSERT INTO "times" VALUES ( 18991, 12900, '08:30:00', '08:33:00', 20 );
INSERT INTO "times" VALUES ( 18991, 13510, '08:35:00', '08:35:00', 30 );
INSERT INTO "times" VALUES ( 18991, 13520, '08:38:00', NULL, NULL );

INSERT INTO "dias" VALUES ( 18992, 120, FALSE, TRUE, 'K0701A', 13520, 12510 );
INSERT INTO "dias_line_groups" VALUES ( 18992, 10 );
INSERT INTO "times" VALUES ( 18992, 12510, '08:36:00', NULL, NULL );
INSERT INTO "times" VALUES ( 18992, 12520, '08:34:00', '08:34:00', 20 );
INSERT INTO "times" VALUES ( 18992, 12530, '08:32:00', '08:32:00', 20 );
INSERT INTO "times" VALUES ( 18992, 12540, '08:29:00', '08:29:00', 20 );
INSERT INTO "times" VALUES ( 18992, 12610, '08:24:00', '08:24:00', 20 );
INSERT INTO "times" VALUES ( 18992, 12660, '08:19:00', '08:19:00', 20 );
INSERT INTO "times" VALUES ( 18992, 12670, '08:16:00', '08:16:00', 20 );
INSERT INTO "times" VALUES ( 18992, 12680, '08:13:00', '08:13:00', 20 );
INSERT INTO "times" VALUES ( 18992, 12690, '08:10:00', '08:10:00', 20 );
INSERT INTO "times" VALUES ( 18992, 12700, '08:08:00', '08:08:00', 20 );
INSERT INTO "times" VALUES ( 18992, 12710, '08:06:00', '08:06:00', 20 );
INSERT INTO "times" VALUES ( 18992, 12720, '08:03:00', '08:03:00', 20 );
INSERT INTO "times" VALUES ( 18992, 12730, '08:01:00', '08:01:00', 20 );
INSERT INTO "times" VALUES ( 18992, 12740, '07:54:00', '07:58:00', 20 );
INSERT INTO "times" VALUES ( 18992, 12750, '07:51:00', '07:51:00', 20 );
INSERT INTO "times" VALUES ( 18992, 12760, '07:48:00', '07:48:00', 20 );
INSERT INTO "times" VALUES ( 18992, 12770, '07:44:00', '07:44:00', 20 );
INSERT INTO "times" VALUES ( 18992, 12780, '07:39:00', '07:39:00', 20 );
INSERT INTO "times" VALUES ( 18992, 12790, '07:37:00', '07:37:00', 20 );
INSERT INTO "times" VALUES ( 18992, 12800, '07:31:00', '07:35:00', 20 );
INSERT INTO "times" VALUES ( 18992, 12810, '07:29:00', '07:29:00', 20 );
INSERT INTO "times" VALUES ( 18992, 12820, '07:27:00', '07:27:00', 20 );
INSERT INTO "times" VALUES ( 18992, 12830, '07:26:00', '07:26:00', 20 );
INSERT INTO "times" VALUES ( 18992, 12840, '07:24:00', '07:24:00', 20 );
INSERT INTO "times" VALUES ( 18992, 12850, '07:23:00', '07:23:00', 20 );
INSERT INTO "times" VALUES ( 18992, 12860, '07:21:00', '07:21:00', 20 );
INSERT INTO "times" VALUES ( 18992, 12870, '07:19:00', '07:19:00', 20 );
INSERT INTO "times" VALUES ( 18992, 12880, '07:17:00', '07:17:00', 20 );
INSERT INTO "times" VALUES ( 18992, 12890, '07:16:00', '07:16:00', 20 );
INSERT INTO "times" VALUES ( 18992, 12900, '07:10:00', '07:14:00', 20 );
INSERT INTO "times" VALUES ( 18992, 13510, '07:08:00', '07:08:00', 30 );
INSERT INTO "times" VALUES ( 18992, 13520, NULL, '07:06:00', 30 );

INSERT INTO "dias" VALUES ( 18993, 120, FALSE, TRUE, 'K0702Z', 12510, 13520 );
INSERT INTO "dias_line_groups" VALUES ( 18993, 10 );
INSERT INTO "times" VALUES ( 18993, 12510, NULL, '07:32:00', 20 );
INSERT INTO "times" VALUES ( 18993, 12520, '07:33:00', '07:33:00', 20 );
INSERT INTO "times" VALUES ( 18993, 12530, '07:35:00', '07:35:00', 20 );
INSERT INTO "times" VALUES ( 18993, 12540, '07:39:00', '07:39:00', 20 );
INSERT INTO "times" VALUES ( 18993, 12610, '07:44:00', '07:44:00', 20 );
INSERT INTO "times" VALUES ( 18993, 12660, '07:49:00', '07:49:00', 20 );
INSERT INTO "times" VALUES ( 18993, 12670, '07:51:00', '07:51:00', 20 );
INSERT INTO "times" VALUES ( 18993, 12680, '07:54:00', '07:54:00', 20 );
INSERT INTO "times" VALUES ( 18993, 12690, '07:56:00', '07:56:00', 20 );
INSERT INTO "times" VALUES ( 18993, 12700, '07:58:00', '07:58:00', 20 );
INSERT INTO "times" VALUES ( 18993, 12710, '08:00:00', '08:04:00', 20 );
INSERT INTO "times" VALUES ( 18993, 12720, '08:07:00', '08:07:00', 20 );
INSERT INTO "times" VALUES ( 18993, 12730, '08:09:00', '08:09:00', 20 );
INSERT INTO "times" VALUES ( 18993, 12740, '08:12:00', '08:12:00', 20 );
INSERT INTO "times" VALUES ( 18993, 12750, '08:15:00', '08:15:00', 20 );
INSERT INTO "times" VALUES ( 18993, 12760, '08:18:00', '08:18:00', 20 );
INSERT INTO "times" VALUES ( 18993, 12770, '08:22:00', '08:22:00', 20 );
INSERT INTO "times" VALUES ( 18993, 12780, '08:26:00', '08:26:00', 20 );
INSERT INTO "times" VALUES ( 18993, 12790, '08:27:00', '08:27:00', 20 );
INSERT INTO "times" VALUES ( 18993, 12800, '08:29:00', '08:33:00', 20 );
INSERT INTO "times" VALUES ( 18993, 12810, '08:35:00', '08:35:00', 20 );
INSERT INTO "times" VALUES ( 18993, 12820, '08:37:00', '08:37:00', 20 );
INSERT INTO "times" VALUES ( 18993, 12830, '08:39:00', '08:39:00', 20 );
INSERT INTO "times" VALUES ( 18993, 12840, '08:40:00', '08:40:00', 20 );
INSERT INTO "times" VALUES ( 18993, 12850, '08:41:00', '08:41:00', 20 );
INSERT INTO "times" VALUES ( 18993, 12860, '08:43:00', '08:43:00', 20 );
INSERT INTO "times" VALUES ( 18993, 12870, '08:45:00', '08:45:00', 20 );
INSERT INTO "times" VALUES ( 18993, 12880, '08:46:00', '08:46:00', 20 );
INSERT INTO "times" VALUES ( 18993, 12890, '08:48:00', '08:48:00', 20 );
INSERT INTO "times" VALUES ( 18993, 12900, '08:50:00', '08:53:00', 20 );
INSERT INTO "times" VALUES ( 18993, 13510, '08:55:00', '08:55:00', 30 );
INSERT INTO "times" VALUES ( 18993, 13520, '08:58:00', NULL, NULL );

INSERT INTO "dias" VALUES ( 18994, 120, FALSE, TRUE, 'K0703A', 13520, 12510 );
INSERT INTO "dias_line_groups" VALUES ( 18994, 10 );
INSERT INTO "times" VALUES ( 18994, 12510, '08:54:00', NULL, NULL );
INSERT INTO "times" VALUES ( 18994, 12520, '08:52:00', '08:52:00', 20 );
INSERT INTO "times" VALUES ( 18994, 12530, '08:50:00', '08:50:00', 20 );
INSERT INTO "times" VALUES ( 18994, 12540, '08:47:00', '08:47:00', 20 );
INSERT INTO "times" VALUES ( 18994, 12610, '08:42:00', '08:42:00', 20 );
INSERT INTO "times" VALUES ( 18994, 12660, '08:38:00', '08:38:00', 20 );
INSERT INTO "times" VALUES ( 18994, 12670, '08:34:00', '08:34:00', 20 );
INSERT INTO "times" VALUES ( 18994, 12680, '08:32:00', '08:32:00', 20 );
INSERT INTO "times" VALUES ( 18994, 12690, '08:29:00', '08:29:00', 20 );
INSERT INTO "times" VALUES ( 18994, 12700, '08:27:00', '08:27:00', 20 );
INSERT INTO "times" VALUES ( 18994, 12710, '08:21:00', '08:25:00', 20 );
INSERT INTO "times" VALUES ( 18994, 12720, '08:18:00', '08:18:00', 20 );
INSERT INTO "times" VALUES ( 18994, 12730, '08:16:00', '08:16:00', 20 );
INSERT INTO "times" VALUES ( 18994, 12740, '08:13:00', '08:13:00', 20 );
INSERT INTO "times" VALUES ( 18994, 12750, '08:10:00', '08:10:00', 20 );
INSERT INTO "times" VALUES ( 18994, 12760, '08:08:00', '08:08:00', 20 );
INSERT INTO "times" VALUES ( 18994, 12770, '08:04:00', '08:04:00', 20 );
INSERT INTO "times" VALUES ( 18994, 12780, '07:59:00', '07:59:00', 20 );
INSERT INTO "times" VALUES ( 18994, 12790, '07:57:00', '07:57:00', 20 );
INSERT INTO "times" VALUES ( 18994, 12800, '07:51:00', '07:55:00', 20 );
INSERT INTO "times" VALUES ( 18994, 12810, '07:49:00', '07:49:00', 20 );
INSERT INTO "times" VALUES ( 18994, 12820, '07:47:00', '07:47:00', 20 );
INSERT INTO "times" VALUES ( 18994, 12830, '07:46:00', '07:46:00', 20 );
INSERT INTO "times" VALUES ( 18994, 12840, '07:44:00', '07:44:00', 20 );
INSERT INTO "times" VALUES ( 18994, 12850, '07:43:00', '07:43:00', 20 );
INSERT INTO "times" VALUES ( 18994, 12860, '07:41:00', '07:41:00', 20 );
INSERT INTO "times" VALUES ( 18994, 12870, '07:39:00', '07:39:00', 20 );
INSERT INTO "times" VALUES ( 18994, 12880, '07:37:00', '07:37:00', 20 );
INSERT INTO "times" VALUES ( 18994, 12890, '07:36:00', '07:36:00', 20 );
INSERT INTO "times" VALUES ( 18994, 12900, '07:31:00', '07:34:00', 20 );
INSERT INTO "times" VALUES ( 18994, 13510, '07:28:00', '07:28:00', 30 );
INSERT INTO "times" VALUES ( 18994, 13520, NULL, '07:26:00', 30 );

INSERT INTO "dias" VALUES ( 18995, 120, FALSE, TRUE, 'K0704Z', 12510, 13520 );
INSERT INTO "dias_line_groups" VALUES ( 18995, 10 );
INSERT INTO "times" VALUES ( 18995, 12510, NULL, '07:42:00', 20 );
INSERT INTO "times" VALUES ( 18995, 12520, '07:43:00', '07:43:00', 20 );
INSERT INTO "times" VALUES ( 18995, 12530, '07:45:00', '07:45:00', 20 );
INSERT INTO "times" VALUES ( 18995, 12540, '07:49:00', '07:49:00', 20 );
INSERT INTO "times" VALUES ( 18995, 12610, '07:54:00', '07:54:00', 20 );
INSERT INTO "times" VALUES ( 18995, 12660, '07:59:00', '07:59:00', 20 );
INSERT INTO "times" VALUES ( 18995, 12670, '08:01:00', '08:01:00', 20 );
INSERT INTO "times" VALUES ( 18995, 12680, '08:04:00', '08:04:00', 20 );
INSERT INTO "times" VALUES ( 18995, 12690, '08:06:00', '08:06:00', 20 );
INSERT INTO "times" VALUES ( 18995, 12700, '08:08:00', '08:08:00', 20 );
INSERT INTO "times" VALUES ( 18995, 12710, '08:10:00', '08:14:00', 20 );
INSERT INTO "times" VALUES ( 18995, 12720, '08:17:00', '08:17:00', 20 );
INSERT INTO "times" VALUES ( 18995, 12730, '08:19:00', '08:19:00', 20 );
INSERT INTO "times" VALUES ( 18995, 12740, '08:22:00', '08:22:00', 20 );
INSERT INTO "times" VALUES ( 18995, 12750, '08:25:00', '08:25:00', 20 );
INSERT INTO "times" VALUES ( 18995, 12760, '08:28:00', '08:28:00', 20 );
INSERT INTO "times" VALUES ( 18995, 12770, '08:32:00', '08:32:00', 20 );
INSERT INTO "times" VALUES ( 18995, 12780, '08:36:00', '08:36:00', 20 );
INSERT INTO "times" VALUES ( 18995, 12790, '08:37:00', '08:37:00', 20 );
INSERT INTO "times" VALUES ( 18995, 12800, '08:39:00', '08:43:00', 20 );
INSERT INTO "times" VALUES ( 18995, 12810, '08:45:00', '08:45:00', 20 );
INSERT INTO "times" VALUES ( 18995, 12820, '08:47:00', '08:47:00', 20 );
INSERT INTO "times" VALUES ( 18995, 12830, '08:49:00', '08:49:00', 20 );
INSERT INTO "times" VALUES ( 18995, 12840, '08:50:00', '08:50:00', 20 );
INSERT INTO "times" VALUES ( 18995, 12850, '08:51:00', '08:51:00', 20 );
INSERT INTO "times" VALUES ( 18995, 12860, '08:53:00', '08:53:00', 20 );
INSERT INTO "times" VALUES ( 18995, 12870, '08:55:00', '08:55:00', 20 );
INSERT INTO "times" VALUES ( 18995, 12880, '08:56:00', '08:56:00', 20 );
INSERT INTO "times" VALUES ( 18995, 12890, '08:58:00', '08:58:00', 20 );
INSERT INTO "times" VALUES ( 18995, 12900, '09:00:00', '09:03:00', 20 );
INSERT INTO "times" VALUES ( 18995, 13510, '09:05:00', '09:05:00', 30 );
INSERT INTO "times" VALUES ( 18995, 13520, '09:08:00', NULL, NULL );

INSERT INTO "dias" VALUES ( 18996, 120, FALSE, TRUE, 'K0800Z', 12510, 13520 );
INSERT INTO "dias_line_groups" VALUES ( 18996, 10 );
INSERT INTO "times" VALUES ( 18996, 12510, NULL, '08:02:00', 20 );
INSERT INTO "times" VALUES ( 18996, 12520, '08:03:00', '08:03:00', 20 );
INSERT INTO "times" VALUES ( 18996, 12530, '08:05:00', '08:05:00', 20 );
INSERT INTO "times" VALUES ( 18996, 12540, '08:09:00', '08:09:00', 20 );
INSERT INTO "times" VALUES ( 18996, 12610, '08:14:00', '08:14:00', 20 );
INSERT INTO "times" VALUES ( 18996, 12660, '08:18:00', '08:18:00', 20 );
INSERT INTO "times" VALUES ( 18996, 12670, '08:21:00', '08:21:00', 20 );
INSERT INTO "times" VALUES ( 18996, 12680, '08:24:00', '08:24:00', 20 );
INSERT INTO "times" VALUES ( 18996, 12690, '08:26:00', '08:26:00', 20 );
INSERT INTO "times" VALUES ( 18996, 12700, '08:28:00', '08:28:00', 20 );
INSERT INTO "times" VALUES ( 18996, 12710, '08:30:00', '08:34:00', 20 );
INSERT INTO "times" VALUES ( 18996, 12720, '08:36:00', '08:36:00', 20 );
INSERT INTO "times" VALUES ( 18996, 12730, '08:39:00', '08:39:00', 20 );
INSERT INTO "times" VALUES ( 18996, 12740, '08:42:00', '08:42:00', 20 );
INSERT INTO "times" VALUES ( 18996, 12750, '08:44:00', '08:44:00', 20 );
INSERT INTO "times" VALUES ( 18996, 12760, '08:47:00', '08:47:00', 20 );
INSERT INTO "times" VALUES ( 18996, 12770, '08:51:00', '08:51:00', 20 );
INSERT INTO "times" VALUES ( 18996, 12780, '08:56:00', '08:56:00', 20 );
INSERT INTO "times" VALUES ( 18996, 12790, '08:57:00', '08:57:00', 20 );
INSERT INTO "times" VALUES ( 18996, 12800, '08:59:00', '09:03:00', 20 );
INSERT INTO "times" VALUES ( 18996, 12810, '09:05:00', '09:05:00', 20 );
INSERT INTO "times" VALUES ( 18996, 12820, '09:06:00', '09:06:00', 20 );
INSERT INTO "times" VALUES ( 18996, 12830, '09:08:00', '09:08:00', 20 );
INSERT INTO "times" VALUES ( 18996, 12840, '09:09:00', '09:09:00', 20 );
INSERT INTO "times" VALUES ( 18996, 12850, '09:11:00', '09:11:00', 20 );
INSERT INTO "times" VALUES ( 18996, 12860, '09:12:00', '09:12:00', 20 );
INSERT INTO "times" VALUES ( 18996, 12870, '09:14:00', '09:14:00', 20 );
INSERT INTO "times" VALUES ( 18996, 12880, '09:16:00', '09:16:00', 20 );
INSERT INTO "times" VALUES ( 18996, 12890, '09:18:00', '09:18:00', 20 );
INSERT INTO "times" VALUES ( 18996, 12900, '09:19:00', '09:23:00', 20 );
INSERT INTO "times" VALUES ( 18996, 13510, '09:25:00', '09:25:00', 30 );
INSERT INTO "times" VALUES ( 18996, 13520, '09:28:00', NULL, NULL );

INSERT INTO "dias" VALUES ( 18997, 120, FALSE, TRUE, 'K0801A', 13520, 12510 );
INSERT INTO "dias_line_groups" VALUES ( 18997, 10 );
INSERT INTO "times" VALUES ( 18997, 12510, '09:39:00', NULL, NULL );
INSERT INTO "times" VALUES ( 18997, 12520, '09:37:00', '09:37:00', 20 );
INSERT INTO "times" VALUES ( 18997, 12530, '09:35:00', '09:35:00', 20 );
INSERT INTO "times" VALUES ( 18997, 12540, '09:31:00', '09:32:00', 20 );
INSERT INTO "times" VALUES ( 18997, 12610, '09:26:00', '09:26:00', 20 );
INSERT INTO "times" VALUES ( 18997, 12660, '09:22:00', '09:22:00', 20 );
INSERT INTO "times" VALUES ( 18997, 12670, '09:19:00', '09:19:00', 20 );
INSERT INTO "times" VALUES ( 18997, 12680, '09:16:00', '09:16:00', 20 );
INSERT INTO "times" VALUES ( 18997, 12690, '09:13:00', '09:13:00', 20 );
INSERT INTO "times" VALUES ( 18997, 12700, '09:11:00', '09:11:00', 20 );
INSERT INTO "times" VALUES ( 18997, 12710, '09:05:00', '09:09:00', 20 );
INSERT INTO "times" VALUES ( 18997, 12720, '09:03:00', '09:03:00', 20 );
INSERT INTO "times" VALUES ( 18997, 12730, '09:00:00', '09:00:00', 20 );
INSERT INTO "times" VALUES ( 18997, 12740, '08:58:00', '08:58:00', 20 );
INSERT INTO "times" VALUES ( 18997, 12750, '08:54:00', '08:54:00', 20 );
INSERT INTO "times" VALUES ( 18997, 12760, '08:52:00', '08:52:00', 20 );
INSERT INTO "times" VALUES ( 18997, 12770, '08:48:00', '08:48:00', 20 );
INSERT INTO "times" VALUES ( 18997, 12780, '08:44:00', '08:44:00', 20 );
INSERT INTO "times" VALUES ( 18997, 12790, '08:41:00', '08:41:00', 20 );
INSERT INTO "times" VALUES ( 18997, 12800, '08:35:00', '08:39:00', 20 );
INSERT INTO "times" VALUES ( 18997, 12810, '08:33:00', '08:33:00', 20 );
INSERT INTO "times" VALUES ( 18997, 12820, '08:32:00', '08:32:00', 20 );
INSERT INTO "times" VALUES ( 18997, 12830, '08:30:00', '08:30:00', 20 );
INSERT INTO "times" VALUES ( 18997, 12840, '08:28:00', '08:28:00', 20 );
INSERT INTO "times" VALUES ( 18997, 12850, '08:27:00', '08:27:00', 20 );
INSERT INTO "times" VALUES ( 18997, 12860, '08:25:00', '08:25:00', 20 );
INSERT INTO "times" VALUES ( 18997, 12870, '08:23:00', '08:23:00', 20 );
INSERT INTO "times" VALUES ( 18997, 12880, '08:22:00', '08:22:00', 20 );
INSERT INTO "times" VALUES ( 18997, 12890, '08:20:00', '08:20:00', 20 );
INSERT INTO "times" VALUES ( 18997, 12900, '08:14:00', '08:18:00', 20 );
INSERT INTO "times" VALUES ( 18997, 13510, '08:11:00', '08:11:00', 30 );
INSERT INTO "times" VALUES ( 18997, 13520, NULL, '08:09:00', 30 );

INSERT INTO "dias" VALUES ( 18998, 120, FALSE, TRUE, 'K0802Z', 12510, 13520 );
INSERT INTO "dias_line_groups" VALUES ( 18998, 10 );
INSERT INTO "times" VALUES ( 18998, 12510, NULL, '08:12:00', 20 );
INSERT INTO "times" VALUES ( 18998, 12520, '08:13:00', '08:13:00', 20 );
INSERT INTO "times" VALUES ( 18998, 12530, '08:15:00', '08:15:00', 20 );
INSERT INTO "times" VALUES ( 18998, 12540, '08:19:00', '08:19:00', 20 );
INSERT INTO "times" VALUES ( 18998, 12610, '08:24:00', '08:24:00', 20 );
INSERT INTO "times" VALUES ( 18998, 12660, '08:28:00', '08:28:00', 20 );
INSERT INTO "times" VALUES ( 18998, 12670, '08:31:00', '08:31:00', 20 );
INSERT INTO "times" VALUES ( 18998, 12680, '08:34:00', '08:34:00', 20 );
INSERT INTO "times" VALUES ( 18998, 12690, '08:36:00', '08:36:00', 20 );
INSERT INTO "times" VALUES ( 18998, 12700, '08:38:00', '08:38:00', 20 );
INSERT INTO "times" VALUES ( 18998, 12710, '08:40:00', '08:44:00', 20 );
INSERT INTO "times" VALUES ( 18998, 12720, '08:46:00', '08:46:00', 20 );
INSERT INTO "times" VALUES ( 18998, 12730, '08:48:00', '08:48:00', 20 );
INSERT INTO "times" VALUES ( 18998, 12740, '08:52:00', '08:52:00', 20 );
INSERT INTO "times" VALUES ( 18998, 12750, '08:54:00', '08:54:00', 20 );
INSERT INTO "times" VALUES ( 18998, 12760, '08:57:00', '08:57:00', 20 );
INSERT INTO "times" VALUES ( 18998, 12770, '09:01:00', '09:01:00', 20 );
INSERT INTO "times" VALUES ( 18998, 12780, '09:06:00', '09:06:00', 20 );
INSERT INTO "times" VALUES ( 18998, 12790, '09:07:00', '09:07:00', 20 );
INSERT INTO "times" VALUES ( 18998, 12800, '09:09:00', '09:13:00', 20 );
INSERT INTO "times" VALUES ( 18998, 12810, '09:14:00', '09:14:00', 20 );
INSERT INTO "times" VALUES ( 18998, 12820, '09:16:00', '09:16:00', 20 );
INSERT INTO "times" VALUES ( 18998, 12830, '09:18:00', '09:18:00', 20 );
INSERT INTO "times" VALUES ( 18998, 12840, '09:19:00', '09:19:00', 20 );
INSERT INTO "times" VALUES ( 18998, 12850, '09:21:00', '09:21:00', 20 );
INSERT INTO "times" VALUES ( 18998, 12860, '09:22:00', '09:22:00', 20 );
INSERT INTO "times" VALUES ( 18998, 12870, '09:24:00', '09:24:00', 20 );
INSERT INTO "times" VALUES ( 18998, 12880, '09:26:00', '09:26:00', 20 );
INSERT INTO "times" VALUES ( 18998, 12890, '09:28:00', '09:28:00', 20 );
INSERT INTO "times" VALUES ( 18998, 12900, '09:29:00', '09:33:00', 20 );
INSERT INTO "times" VALUES ( 18998, 13510, '09:35:00', '09:35:00', 30 );
INSERT INTO "times" VALUES ( 18998, 13520, '09:38:00', NULL, NULL );

INSERT INTO "dias" VALUES ( 18999, 120, FALSE, TRUE, 'K0803A', 13520, 12510 );
INSERT INTO "dias_line_groups" VALUES ( 18999, 10 );
INSERT INTO "times" VALUES ( 18999, 12510, '10:09:00', NULL, NULL );
INSERT INTO "times" VALUES ( 18999, 12520, '10:07:00', '10:07:00', 20 );
INSERT INTO "times" VALUES ( 18999, 12530, '10:05:00', '10:05:00', 20 );
INSERT INTO "times" VALUES ( 18999, 12540, '10:01:00', '10:02:00', 20 );
INSERT INTO "times" VALUES ( 18999, 12610, '09:56:00', '09:56:00', 20 );
INSERT INTO "times" VALUES ( 18999, 12660, '09:52:00', '09:52:00', 20 );
INSERT INTO "times" VALUES ( 18999, 12670, '09:49:00', '09:49:00', 20 );
INSERT INTO "times" VALUES ( 18999, 12680, '09:46:00', '09:46:00', 20 );
INSERT INTO "times" VALUES ( 18999, 12690, '09:43:00', '09:43:00', 20 );
INSERT INTO "times" VALUES ( 18999, 12700, '09:41:00', '09:41:00', 20 );
INSERT INTO "times" VALUES ( 18999, 12710, '09:35:00', '09:39:00', 20 );
INSERT INTO "times" VALUES ( 18999, 12720, '09:33:00', '09:33:00', 20 );
INSERT INTO "times" VALUES ( 18999, 12730, '09:30:00', '09:30:00', 20 );
INSERT INTO "times" VALUES ( 18999, 12740, '09:28:00', '09:28:00', 20 );
INSERT INTO "times" VALUES ( 18999, 12750, '09:24:00', '09:24:00', 20 );
INSERT INTO "times" VALUES ( 18999, 12760, '09:22:00', '09:22:00', 20 );
INSERT INTO "times" VALUES ( 18999, 12770, '09:18:00', '09:18:00', 20 );
INSERT INTO "times" VALUES ( 18999, 12780, '09:14:00', '09:14:00', 20 );
INSERT INTO "times" VALUES ( 18999, 12790, '09:11:00', '09:11:00', 20 );
INSERT INTO "times" VALUES ( 18999, 12800, '09:06:00', '09:09:00', 20 );
INSERT INTO "times" VALUES ( 18999, 12810, '09:04:00', '09:04:00', 20 );
INSERT INTO "times" VALUES ( 18999, 12820, '09:02:00', '09:02:00', 20 );
INSERT INTO "times" VALUES ( 18999, 12830, '09:01:00', '09:01:00', 20 );
INSERT INTO "times" VALUES ( 18999, 12840, '08:59:00', '08:59:00', 20 );
INSERT INTO "times" VALUES ( 18999, 12850, '08:57:00', '08:57:00', 20 );
INSERT INTO "times" VALUES ( 18999, 12860, '08:55:00', '08:55:00', 20 );
INSERT INTO "times" VALUES ( 18999, 12870, '08:54:00', '08:54:00', 20 );
INSERT INTO "times" VALUES ( 18999, 12880, '08:52:00', '08:52:00', 20 );
INSERT INTO "times" VALUES ( 18999, 12890, '08:50:00', '08:50:00', 20 );
INSERT INTO "times" VALUES ( 18999, 12900, '08:45:00', '08:49:00', 20 );
INSERT INTO "times" VALUES ( 18999, 13510, '08:43:00', '08:43:00', 30 );
INSERT INTO "times" VALUES ( 18999, 13520, NULL, '08:41:00', 30 );

INSERT INTO "dias" VALUES ( 19000, 120, FALSE, TRUE, 'K0900Z', 12510, 13520 );
INSERT INTO "dias_line_groups" VALUES ( 19000, 10 );
INSERT INTO "times" VALUES ( 19000, 12510, NULL, '09:02:00', 20 );
INSERT INTO "times" VALUES ( 19000, 12520, '09:03:00', '09:03:00', 20 );
INSERT INTO "times" VALUES ( 19000, 12530, '09:06:00', '09:06:00', 20 );
INSERT INTO "times" VALUES ( 19000, 12540, '09:09:00', '09:09:00', 20 );
INSERT INTO "times" VALUES ( 19000, 12610, '09:14:00', '09:14:00', 20 );
INSERT INTO "times" VALUES ( 19000, 12660, '09:18:00', '09:18:00', 20 );
INSERT INTO "times" VALUES ( 19000, 12670, '09:21:00', '09:21:00', 20 );
INSERT INTO "times" VALUES ( 19000, 12680, '09:24:00', '09:24:00', 20 );
INSERT INTO "times" VALUES ( 19000, 12690, '09:26:00', '09:26:00', 20 );
INSERT INTO "times" VALUES ( 19000, 12700, '09:28:00', '09:28:00', 20 );
INSERT INTO "times" VALUES ( 19000, 12710, '09:30:00', '09:34:00', 20 );
INSERT INTO "times" VALUES ( 19000, 12720, '09:36:00', '09:36:00', 20 );
INSERT INTO "times" VALUES ( 19000, 12730, '09:38:00', '09:38:00', 20 );
INSERT INTO "times" VALUES ( 19000, 12740, '09:41:00', '09:41:00', 20 );
INSERT INTO "times" VALUES ( 19000, 12750, '09:44:00', '09:44:00', 20 );
INSERT INTO "times" VALUES ( 19000, 12760, '09:47:00', '09:47:00', 20 );
INSERT INTO "times" VALUES ( 19000, 12770, '09:51:00', '09:51:00', 20 );
INSERT INTO "times" VALUES ( 19000, 12780, '09:55:00', '09:55:00', 20 );
INSERT INTO "times" VALUES ( 19000, 12790, '09:57:00', '09:57:00', 20 );
INSERT INTO "times" VALUES ( 19000, 12800, '09:58:00', '10:02:00', 20 );
INSERT INTO "times" VALUES ( 19000, 12810, '10:04:00', '10:04:00', 20 );
INSERT INTO "times" VALUES ( 19000, 12820, '10:05:00', '10:05:00', 20 );
INSERT INTO "times" VALUES ( 19000, 12830, '10:07:00', '10:09:00', 20 );
INSERT INTO "times" VALUES ( 19000, 12840, '10:11:00', '10:11:00', 20 );
INSERT INTO "times" VALUES ( 19000, 12850, '10:12:00', '10:12:00', 20 );
INSERT INTO "times" VALUES ( 19000, 12860, '10:14:00', '10:14:00', 20 );
INSERT INTO "times" VALUES ( 19000, 12870, '10:15:00', '10:15:00', 20 );
INSERT INTO "times" VALUES ( 19000, 12880, '10:17:00', '10:17:00', 20 );
INSERT INTO "times" VALUES ( 19000, 12890, '10:19:00', '10:19:00', 20 );
INSERT INTO "times" VALUES ( 19000, 12900, '10:20:00', '10:24:00', 20 );
INSERT INTO "times" VALUES ( 19000, 13510, '10:26:00', '10:26:00', 30 );
INSERT INTO "times" VALUES ( 19000, 13520, '10:29:00', NULL, NULL );

INSERT INTO "dias" VALUES ( 19001, 120, FALSE, TRUE, 'K0901A', 13520, 12510 );
INSERT INTO "dias_line_groups" VALUES ( 19001, 10 );
INSERT INTO "times" VALUES ( 19001, 12510, '10:38:00', NULL, NULL );
INSERT INTO "times" VALUES ( 19001, 12520, '10:36:00', '10:36:00', 20 );
INSERT INTO "times" VALUES ( 19001, 12530, '10:35:00', '10:35:00', 20 );
INSERT INTO "times" VALUES ( 19001, 12540, '10:32:00', '10:32:00', 20 );
INSERT INTO "times" VALUES ( 19001, 12610, '10:27:00', '10:27:00', 20 );
INSERT INTO "times" VALUES ( 19001, 12660, '10:22:00', '10:22:00', 20 );
INSERT INTO "times" VALUES ( 19001, 12670, '10:19:00', '10:19:00', 20 );
INSERT INTO "times" VALUES ( 19001, 12680, '10:17:00', '10:17:00', 20 );
INSERT INTO "times" VALUES ( 19001, 12690, '10:14:00', '10:14:00', 20 );
INSERT INTO "times" VALUES ( 19001, 12700, '10:12:00', '10:12:00', 20 );
INSERT INTO "times" VALUES ( 19001, 12710, '10:06:00', '10:10:00', 20 );
INSERT INTO "times" VALUES ( 19001, 12720, '10:03:00', '10:03:00', 20 );
INSERT INTO "times" VALUES ( 19001, 12730, '10:01:00', '10:01:00', 20 );
INSERT INTO "times" VALUES ( 19001, 12740, '09:57:00', '09:59:00', 20 );
INSERT INTO "times" VALUES ( 19001, 12750, '09:55:00', '09:55:00', 20 );
INSERT INTO "times" VALUES ( 19001, 12760, '09:52:00', '09:52:00', 20 );
INSERT INTO "times" VALUES ( 19001, 12770, '09:48:00', '09:48:00', 20 );
INSERT INTO "times" VALUES ( 19001, 12780, '09:44:00', '09:44:00', 20 );
INSERT INTO "times" VALUES ( 19001, 12790, '09:42:00', '09:42:00', 20 );
INSERT INTO "times" VALUES ( 19001, 12800, '09:36:00', '09:40:00', 20 );
INSERT INTO "times" VALUES ( 19001, 12810, '09:34:00', '09:34:00', 20 );
INSERT INTO "times" VALUES ( 19001, 12820, '09:32:00', '09:32:00', 20 );
INSERT INTO "times" VALUES ( 19001, 12830, '09:31:00', '09:31:00', 20 );
INSERT INTO "times" VALUES ( 19001, 12840, '09:29:00', '09:29:00', 20 );
INSERT INTO "times" VALUES ( 19001, 12850, '09:28:00', '09:28:00', 20 );
INSERT INTO "times" VALUES ( 19001, 12860, '09:26:00', '09:26:00', 20 );
INSERT INTO "times" VALUES ( 19001, 12870, '09:24:00', '09:24:00', 20 );
INSERT INTO "times" VALUES ( 19001, 12880, '09:22:00', '09:22:00', 20 );
INSERT INTO "times" VALUES ( 19001, 12890, '09:21:00', '09:21:00', 20 );
INSERT INTO "times" VALUES ( 19001, 12900, '09:15:00', '09:19:00', 20 );
INSERT INTO "times" VALUES ( 19001, 13510, '09:13:00', '09:13:00', 30 );
INSERT INTO "times" VALUES ( 19001, 13520, NULL, '09:11:00', 30 );

INSERT INTO "dias" VALUES ( 19002, 120, FALSE, TRUE, 'K0903A', 13520, 12510 );
INSERT INTO "dias_line_groups" VALUES ( 19002, 10 );
INSERT INTO "times" VALUES ( 19002, 12510, '10:58:00', NULL, NULL );
INSERT INTO "times" VALUES ( 19002, 12520, '10:56:00', '10:56:00', 20 );
INSERT INTO "times" VALUES ( 19002, 12530, '10:55:00', '10:55:00', 20 );
INSERT INTO "times" VALUES ( 19002, 12540, '10:52:00', '10:52:00', 20 );
INSERT INTO "times" VALUES ( 19002, 12610, '10:47:00', '10:47:00', 20 );
INSERT INTO "times" VALUES ( 19002, 12660, '10:42:00', '10:42:00', 20 );
INSERT INTO "times" VALUES ( 19002, 12670, '10:39:00', '10:39:00', 20 );
INSERT INTO "times" VALUES ( 19002, 12680, '10:37:00', '10:37:00', 20 );
INSERT INTO "times" VALUES ( 19002, 12690, '10:34:00', '10:34:00', 20 );
INSERT INTO "times" VALUES ( 19002, 12700, '10:32:00', '10:32:00', 20 );
INSERT INTO "times" VALUES ( 19002, 12710, '10:26:00', '10:30:00', 20 );
INSERT INTO "times" VALUES ( 19002, 12720, '10:23:00', '10:23:00', 20 );
INSERT INTO "times" VALUES ( 19002, 12730, '10:21:00', '10:21:00', 20 );
INSERT INTO "times" VALUES ( 19002, 12740, '10:19:00', '10:19:00', 20 );
INSERT INTO "times" VALUES ( 19002, 12750, '10:15:00', '10:15:00', 20 );
INSERT INTO "times" VALUES ( 19002, 12760, '10:13:00', '10:13:00', 20 );
INSERT INTO "times" VALUES ( 19002, 12770, '10:09:00', '10:09:00', 20 );
INSERT INTO "times" VALUES ( 19002, 12780, '10:04:00', '10:04:00', 20 );
INSERT INTO "times" VALUES ( 19002, 12790, '10:02:00', '10:02:00', 20 );
INSERT INTO "times" VALUES ( 19002, 12800, '09:57:00', '10:00:00', 20 );
INSERT INTO "times" VALUES ( 19002, 12810, '09:55:00', '09:55:00', 20 );
INSERT INTO "times" VALUES ( 19002, 12820, '09:53:00', '09:53:00', 20 );
INSERT INTO "times" VALUES ( 19002, 12830, '09:52:00', '09:52:00', 20 );
INSERT INTO "times" VALUES ( 19002, 12840, '09:50:00', '09:50:00', 20 );
INSERT INTO "times" VALUES ( 19002, 12850, '09:48:00', '09:48:00', 20 );
INSERT INTO "times" VALUES ( 19002, 12860, '09:46:00', '09:46:00', 20 );
INSERT INTO "times" VALUES ( 19002, 12870, '09:45:00', '09:45:00', 20 );
INSERT INTO "times" VALUES ( 19002, 12880, '09:43:00', '09:43:00', 20 );
INSERT INTO "times" VALUES ( 19002, 12890, '09:41:00', '09:41:00', 20 );
INSERT INTO "times" VALUES ( 19002, 12900, '09:35:00', '09:40:00', 20 );
INSERT INTO "times" VALUES ( 19002, 13510, '09:33:00', '09:33:00', 30 );
INSERT INTO "times" VALUES ( 19002, 13520, NULL, '09:31:00', 30 );

INSERT INTO "dias" VALUES ( 19003, 120, FALSE, TRUE, 'K0905A', 13520, 12510 );
INSERT INTO "dias_line_groups" VALUES ( 19003, 10 );
INSERT INTO "times" VALUES ( 19003, 12510, '11:08:00', NULL, NULL );
INSERT INTO "times" VALUES ( 19003, 12520, '11:06:00', '11:06:00', 20 );
INSERT INTO "times" VALUES ( 19003, 12530, '11:05:00', '11:05:00', 20 );
INSERT INTO "times" VALUES ( 19003, 12540, '11:02:00', '11:02:00', 20 );
INSERT INTO "times" VALUES ( 19003, 12610, '10:57:00', '10:57:00', 20 );
INSERT INTO "times" VALUES ( 19003, 12660, '10:52:00', '10:52:00', 20 );
INSERT INTO "times" VALUES ( 19003, 12670, '10:49:00', '10:49:00', 20 );
INSERT INTO "times" VALUES ( 19003, 12680, '10:47:00', '10:47:00', 20 );
INSERT INTO "times" VALUES ( 19003, 12690, '10:44:00', '10:44:00', 20 );
INSERT INTO "times" VALUES ( 19003, 12700, '10:42:00', '10:42:00', 20 );
INSERT INTO "times" VALUES ( 19003, 12710, '10:36:00', '10:40:00', 20 );
INSERT INTO "times" VALUES ( 19003, 12720, '10:33:00', '10:33:00', 20 );
INSERT INTO "times" VALUES ( 19003, 12730, '10:31:00', '10:31:00', 20 );
INSERT INTO "times" VALUES ( 19003, 12740, '10:29:00', '10:29:00', 20 );
INSERT INTO "times" VALUES ( 19003, 12750, '10:25:00', '10:25:00', 20 );
INSERT INTO "times" VALUES ( 19003, 12760, '10:23:00', '10:23:00', 20 );
INSERT INTO "times" VALUES ( 19003, 12770, '10:19:00', '10:19:00', 20 );
INSERT INTO "times" VALUES ( 19003, 12780, '10:14:00', '10:14:00', 20 );
INSERT INTO "times" VALUES ( 19003, 12790, '10:12:00', '10:12:00', 20 );
INSERT INTO "times" VALUES ( 19003, 12800, '10:07:00', '10:10:00', 20 );
INSERT INTO "times" VALUES ( 19003, 12810, '10:05:00', '10:05:00', 20 );
INSERT INTO "times" VALUES ( 19003, 12820, '10:03:00', '10:03:00', 20 );
INSERT INTO "times" VALUES ( 19003, 12830, '10:02:00', '10:02:00', 20 );
INSERT INTO "times" VALUES ( 19003, 12840, '10:00:00', '10:00:00', 20 );
INSERT INTO "times" VALUES ( 19003, 12850, '09:58:00', '09:58:00', 20 );
INSERT INTO "times" VALUES ( 19003, 12860, '09:56:00', '09:56:00', 20 );
INSERT INTO "times" VALUES ( 19003, 12870, '09:55:00', '09:55:00', 20 );
INSERT INTO "times" VALUES ( 19003, 12880, '09:53:00', '09:53:00', 20 );
INSERT INTO "times" VALUES ( 19003, 12890, '09:51:00', '09:51:00', 20 );
INSERT INTO "times" VALUES ( 19003, 12900, '09:46:00', '09:50:00', 20 );
INSERT INTO "times" VALUES ( 19003, 13510, '09:43:00', '09:43:00', 30 );
INSERT INTO "times" VALUES ( 19003, 13520, NULL, '09:41:00', 30 );

INSERT INTO "dias" VALUES ( 19004, 120, FALSE, TRUE, 'K1001A', 13520, 12510 );
INSERT INTO "dias_line_groups" VALUES ( 19004, 10 );
INSERT INTO "times" VALUES ( 19004, 12510, '11:29:00', NULL, NULL );
INSERT INTO "times" VALUES ( 19004, 12520, '11:27:00', '11:27:00', 20 );
INSERT INTO "times" VALUES ( 19004, 12530, '11:25:00', '11:25:00', 20 );
INSERT INTO "times" VALUES ( 19004, 12540, '11:22:00', '11:22:00', 20 );
INSERT INTO "times" VALUES ( 19004, 12610, '11:17:00', '11:17:00', 20 );
INSERT INTO "times" VALUES ( 19004, 12660, '11:13:00', '11:13:00', 20 );
INSERT INTO "times" VALUES ( 19004, 12670, '11:10:00', '11:10:00', 20 );
INSERT INTO "times" VALUES ( 19004, 12680, '11:07:00', '11:07:00', 20 );
INSERT INTO "times" VALUES ( 19004, 12690, '11:04:00', '11:04:00', 20 );
INSERT INTO "times" VALUES ( 19004, 12700, '11:02:00', '11:02:00', 20 );
INSERT INTO "times" VALUES ( 19004, 12710, '10:56:00', '11:00:00', 20 );
INSERT INTO "times" VALUES ( 19004, 12720, '10:54:00', '10:54:00', 20 );
INSERT INTO "times" VALUES ( 19004, 12730, '10:51:00', '10:51:00', 20 );
INSERT INTO "times" VALUES ( 19004, 12740, '10:49:00', '10:49:00', 20 );
INSERT INTO "times" VALUES ( 19004, 12750, '10:45:00', '10:45:00', 20 );
INSERT INTO "times" VALUES ( 19004, 12760, '10:43:00', '10:43:00', 20 );
INSERT INTO "times" VALUES ( 19004, 12770, '10:39:00', '10:39:00', 20 );
INSERT INTO "times" VALUES ( 19004, 12780, '10:35:00', '10:35:00', 20 );
INSERT INTO "times" VALUES ( 19004, 12790, '10:32:00', '10:32:00', 20 );
INSERT INTO "times" VALUES ( 19004, 12800, '10:27:00', '10:31:00', 20 );
INSERT INTO "times" VALUES ( 19004, 12810, '10:25:00', '10:25:00', 20 );
INSERT INTO "times" VALUES ( 19004, 12820, '10:23:00', '10:23:00', 20 );
INSERT INTO "times" VALUES ( 19004, 12830, '10:22:00', '10:22:00', 20 );
INSERT INTO "times" VALUES ( 19004, 12840, '10:20:00', '10:20:00', 20 );
INSERT INTO "times" VALUES ( 19004, 12850, '10:19:00', '10:19:00', 20 );
INSERT INTO "times" VALUES ( 19004, 12860, '10:17:00', '10:17:00', 20 );
INSERT INTO "times" VALUES ( 19004, 12870, '10:15:00', '10:15:00', 20 );
INSERT INTO "times" VALUES ( 19004, 12880, '10:13:00', '10:13:00', 20 );
INSERT INTO "times" VALUES ( 19004, 12890, '10:12:00', '10:12:00', 20 );
INSERT INTO "times" VALUES ( 19004, 12900, '10:06:00', '10:10:00', 20 );
INSERT INTO "times" VALUES ( 19004, 13510, '10:04:00', '10:04:00', 30 );
INSERT INTO "times" VALUES ( 19004, 13520, NULL, '10:02:00', 30 );

INSERT INTO "dias" VALUES ( 19005, 120, FALSE, TRUE, 'K1003A', 13520, 12510 );
INSERT INTO "dias_line_groups" VALUES ( 19005, 10 );
INSERT INTO "times" VALUES ( 19005, 12510, '11:39:00', NULL, NULL );
INSERT INTO "times" VALUES ( 19005, 12520, '11:37:00', '11:37:00', 20 );
INSERT INTO "times" VALUES ( 19005, 12530, '11:35:00', '11:35:00', 20 );
INSERT INTO "times" VALUES ( 19005, 12540, '11:32:00', '11:32:00', 20 );
INSERT INTO "times" VALUES ( 19005, 12610, '11:27:00', '11:27:00', 20 );
INSERT INTO "times" VALUES ( 19005, 12660, '11:23:00', '11:23:00', 20 );
INSERT INTO "times" VALUES ( 19005, 12670, '11:20:00', '11:20:00', 20 );
INSERT INTO "times" VALUES ( 19005, 12680, '11:17:00', '11:17:00', 20 );
INSERT INTO "times" VALUES ( 19005, 12690, '11:14:00', '11:14:00', 20 );
INSERT INTO "times" VALUES ( 19005, 12700, '11:12:00', '11:12:00', 20 );
INSERT INTO "times" VALUES ( 19005, 12710, '11:06:00', '11:10:00', 20 );
INSERT INTO "times" VALUES ( 19005, 12720, '11:04:00', '11:04:00', 20 );
INSERT INTO "times" VALUES ( 19005, 12730, '11:01:00', '11:01:00', 20 );
INSERT INTO "times" VALUES ( 19005, 12740, '10:59:00', '10:59:00', 20 );
INSERT INTO "times" VALUES ( 19005, 12750, '10:55:00', '10:55:00', 20 );
INSERT INTO "times" VALUES ( 19005, 12760, '10:53:00', '10:53:00', 20 );
INSERT INTO "times" VALUES ( 19005, 12770, '10:49:00', '10:49:00', 20 );
INSERT INTO "times" VALUES ( 19005, 12780, '10:45:00', '10:45:00', 20 );
INSERT INTO "times" VALUES ( 19005, 12790, '10:42:00', '10:42:00', 20 );
INSERT INTO "times" VALUES ( 19005, 12800, '10:37:00', '10:41:00', 20 );
INSERT INTO "times" VALUES ( 19005, 12810, '10:35:00', '10:35:00', 20 );
INSERT INTO "times" VALUES ( 19005, 12820, '10:33:00', '10:33:00', 20 );
INSERT INTO "times" VALUES ( 19005, 12830, '10:32:00', '10:32:00', 20 );
INSERT INTO "times" VALUES ( 19005, 12840, '10:30:00', '10:30:00', 20 );
INSERT INTO "times" VALUES ( 19005, 12850, '10:29:00', '10:29:00', 20 );
INSERT INTO "times" VALUES ( 19005, 12860, '10:27:00', '10:27:00', 20 );
INSERT INTO "times" VALUES ( 19005, 12870, '10:25:00', '10:25:00', 20 );
INSERT INTO "times" VALUES ( 19005, 12880, '10:23:00', '10:23:00', 20 );
INSERT INTO "times" VALUES ( 19005, 12890, '10:22:00', '10:22:00', 20 );
INSERT INTO "times" VALUES ( 19005, 12900, '10:16:00', '10:20:00', 20 );
INSERT INTO "times" VALUES ( 19005, 13510, '10:14:00', '10:14:00', 30 );
INSERT INTO "times" VALUES ( 19005, 13520, NULL, '10:12:00', 30 );

INSERT INTO "dias" VALUES ( 19006, 120, FALSE, TRUE, 'K1005A', 13520, 12510 );
INSERT INTO "dias_line_groups" VALUES ( 19006, 10 );
INSERT INTO "times" VALUES ( 19006, 12510, '11:59:00', NULL, NULL );
INSERT INTO "times" VALUES ( 19006, 12520, '11:57:00', '11:57:00', 20 );
INSERT INTO "times" VALUES ( 19006, 12530, '11:55:00', '11:55:00', 20 );
INSERT INTO "times" VALUES ( 19006, 12540, '11:52:00', '11:52:00', 20 );
INSERT INTO "times" VALUES ( 19006, 12610, '11:47:00', '11:47:00', 20 );
INSERT INTO "times" VALUES ( 19006, 12660, '11:43:00', '11:43:00', 20 );
INSERT INTO "times" VALUES ( 19006, 12670, '11:40:00', '11:40:00', 20 );
INSERT INTO "times" VALUES ( 19006, 12680, '11:37:00', '11:37:00', 20 );
INSERT INTO "times" VALUES ( 19006, 12690, '11:34:00', '11:34:00', 20 );
INSERT INTO "times" VALUES ( 19006, 12700, '11:32:00', '11:32:00', 20 );
INSERT INTO "times" VALUES ( 19006, 12710, '11:26:00', '11:30:00', 20 );
INSERT INTO "times" VALUES ( 19006, 12720, '11:24:00', '11:24:00', 20 );
INSERT INTO "times" VALUES ( 19006, 12730, '11:21:00', '11:21:00', 20 );
INSERT INTO "times" VALUES ( 19006, 12740, '11:19:00', '11:19:00', 20 );
INSERT INTO "times" VALUES ( 19006, 12750, '11:15:00', '11:15:00', 20 );
INSERT INTO "times" VALUES ( 19006, 12760, '11:13:00', '11:13:00', 20 );
INSERT INTO "times" VALUES ( 19006, 12770, '11:09:00', '11:09:00', 20 );
INSERT INTO "times" VALUES ( 19006, 12780, '11:05:00', '11:05:00', 20 );
INSERT INTO "times" VALUES ( 19006, 12790, '11:02:00', '11:02:00', 20 );
INSERT INTO "times" VALUES ( 19006, 12800, '10:57:00', '11:01:00', 20 );
INSERT INTO "times" VALUES ( 19006, 12810, '10:55:00', '10:55:00', 20 );
INSERT INTO "times" VALUES ( 19006, 12820, '10:53:00', '10:53:00', 20 );
INSERT INTO "times" VALUES ( 19006, 12830, '10:52:00', '10:52:00', 20 );
INSERT INTO "times" VALUES ( 19006, 12840, '10:50:00', '10:50:00', 20 );
INSERT INTO "times" VALUES ( 19006, 12850, '10:49:00', '10:49:00', 20 );
INSERT INTO "times" VALUES ( 19006, 12860, '10:47:00', '10:47:00', 20 );
INSERT INTO "times" VALUES ( 19006, 12870, '10:45:00', '10:45:00', 20 );
INSERT INTO "times" VALUES ( 19006, 12880, '10:43:00', '10:43:00', 20 );
INSERT INTO "times" VALUES ( 19006, 12890, '10:42:00', '10:42:00', 20 );
INSERT INTO "times" VALUES ( 19006, 12900, '10:36:00', '10:40:00', 20 );
INSERT INTO "times" VALUES ( 19006, 13510, '10:34:00', '10:34:00', 30 );
INSERT INTO "times" VALUES ( 19006, 13520, NULL, '10:32:00', 30 );

INSERT INTO "dias" VALUES ( 19007, 120, FALSE, TRUE, 'K1007A', 13520, 12510 );
INSERT INTO "dias_line_groups" VALUES ( 19007, 10 );
INSERT INTO "times" VALUES ( 19007, 12510, '12:09:00', NULL, NULL );
INSERT INTO "times" VALUES ( 19007, 12520, '12:07:00', '12:07:00', 20 );
INSERT INTO "times" VALUES ( 19007, 12530, '12:05:00', '12:05:00', 20 );
INSERT INTO "times" VALUES ( 19007, 12540, '12:02:00', '12:02:00', 20 );
INSERT INTO "times" VALUES ( 19007, 12610, '11:57:00', '11:57:00', 20 );
INSERT INTO "times" VALUES ( 19007, 12660, '11:53:00', '11:53:00', 20 );
INSERT INTO "times" VALUES ( 19007, 12670, '11:50:00', '11:50:00', 20 );
INSERT INTO "times" VALUES ( 19007, 12680, '11:47:00', '11:47:00', 20 );
INSERT INTO "times" VALUES ( 19007, 12690, '11:44:00', '11:44:00', 20 );
INSERT INTO "times" VALUES ( 19007, 12700, '11:42:00', '11:42:00', 20 );
INSERT INTO "times" VALUES ( 19007, 12710, '11:36:00', '11:40:00', 20 );
INSERT INTO "times" VALUES ( 19007, 12720, '11:34:00', '11:34:00', 20 );
INSERT INTO "times" VALUES ( 19007, 12730, '11:31:00', '11:31:00', 20 );
INSERT INTO "times" VALUES ( 19007, 12740, '11:29:00', '11:29:00', 20 );
INSERT INTO "times" VALUES ( 19007, 12750, '11:25:00', '11:25:00', 20 );
INSERT INTO "times" VALUES ( 19007, 12760, '11:23:00', '11:23:00', 20 );
INSERT INTO "times" VALUES ( 19007, 12770, '11:19:00', '11:19:00', 20 );
INSERT INTO "times" VALUES ( 19007, 12780, '11:15:00', '11:15:00', 20 );
INSERT INTO "times" VALUES ( 19007, 12790, '11:12:00', '11:12:00', 20 );
INSERT INTO "times" VALUES ( 19007, 12800, '11:07:00', '11:11:00', 20 );
INSERT INTO "times" VALUES ( 19007, 12810, '11:05:00', '11:05:00', 20 );
INSERT INTO "times" VALUES ( 19007, 12820, '11:03:00', '11:03:00', 20 );
INSERT INTO "times" VALUES ( 19007, 12830, '11:02:00', '11:02:00', 20 );
INSERT INTO "times" VALUES ( 19007, 12840, '11:00:00', '11:00:00', 20 );
INSERT INTO "times" VALUES ( 19007, 12850, '10:59:00', '10:59:00', 20 );
INSERT INTO "times" VALUES ( 19007, 12860, '10:57:00', '10:57:00', 20 );
INSERT INTO "times" VALUES ( 19007, 12870, '10:55:00', '10:55:00', 20 );
INSERT INTO "times" VALUES ( 19007, 12880, '10:53:00', '10:53:00', 20 );
INSERT INTO "times" VALUES ( 19007, 12890, '10:52:00', '10:52:00', 20 );
INSERT INTO "times" VALUES ( 19007, 12900, '10:46:00', '10:50:00', 20 );
INSERT INTO "times" VALUES ( 19007, 13510, '10:44:00', '10:44:00', 30 );
INSERT INTO "times" VALUES ( 19007, 13520, NULL, '10:42:00', 30 );

INSERT INTO "dias" VALUES ( 19008, 120, FALSE, TRUE, 'K1100Z', 12510, 13520 );
INSERT INTO "dias_line_groups" VALUES ( 19008, 10 );
INSERT INTO "times" VALUES ( 19008, 12510, NULL, '11:02:00', 20 );
INSERT INTO "times" VALUES ( 19008, 12520, '11:03:00', '11:03:00', 20 );
INSERT INTO "times" VALUES ( 19008, 12530, '11:06:00', '11:06:00', 20 );
INSERT INTO "times" VALUES ( 19008, 12540, '11:09:00', '11:09:00', 20 );
INSERT INTO "times" VALUES ( 19008, 12610, '11:14:00', '11:14:00', 20 );
INSERT INTO "times" VALUES ( 19008, 12660, '11:18:00', '11:18:00', 20 );
INSERT INTO "times" VALUES ( 19008, 12670, '11:21:00', '11:21:00', 20 );
INSERT INTO "times" VALUES ( 19008, 12680, '11:24:00', '11:24:00', 20 );
INSERT INTO "times" VALUES ( 19008, 12690, '11:26:00', '11:26:00', 20 );
INSERT INTO "times" VALUES ( 19008, 12700, '11:28:00', '11:28:00', 20 );
INSERT INTO "times" VALUES ( 19008, 12710, '11:30:00', '11:34:00', 20 );
INSERT INTO "times" VALUES ( 19008, 12720, '11:36:00', '11:36:00', 20 );
INSERT INTO "times" VALUES ( 19008, 12730, '11:39:00', '11:39:00', 20 );
INSERT INTO "times" VALUES ( 19008, 12740, '11:42:00', '11:42:00', 20 );
INSERT INTO "times" VALUES ( 19008, 12750, '11:45:00', '11:45:00', 20 );
INSERT INTO "times" VALUES ( 19008, 12760, '11:48:00', '11:48:00', 20 );
INSERT INTO "times" VALUES ( 19008, 12770, '11:52:00', '11:52:00', 20 );
INSERT INTO "times" VALUES ( 19008, 12780, '11:56:00', '11:56:00', 20 );
INSERT INTO "times" VALUES ( 19008, 12790, '11:57:00', '11:57:00', 20 );
INSERT INTO "times" VALUES ( 19008, 12800, '11:59:00', '12:03:00', 20 );
INSERT INTO "times" VALUES ( 19008, 12810, '12:05:00', '12:05:00', 20 );
INSERT INTO "times" VALUES ( 19008, 12820, '12:06:00', '12:06:00', 20 );
INSERT INTO "times" VALUES ( 19008, 12830, '12:08:00', '12:08:00', 20 );
INSERT INTO "times" VALUES ( 19008, 12840, '12:09:00', '12:09:00', 20 );
INSERT INTO "times" VALUES ( 19008, 12850, '12:11:00', '12:11:00', 20 );
INSERT INTO "times" VALUES ( 19008, 12860, '12:12:00', '12:12:00', 20 );
INSERT INTO "times" VALUES ( 19008, 12870, '12:14:00', '12:14:00', 20 );
INSERT INTO "times" VALUES ( 19008, 12880, '12:16:00', '12:16:00', 20 );
INSERT INTO "times" VALUES ( 19008, 12890, '12:18:00', '12:18:00', 20 );
INSERT INTO "times" VALUES ( 19008, 12900, '12:19:00', '12:23:00', 20 );
INSERT INTO "times" VALUES ( 19008, 13510, '12:25:00', '12:25:00', 30 );
INSERT INTO "times" VALUES ( 19008, 13520, '12:28:00', NULL, NULL );

INSERT INTO "dias" VALUES ( 19009, 120, FALSE, TRUE, 'K1101A', 13520, 12510 );
INSERT INTO "dias_line_groups" VALUES ( 19009, 10 );
INSERT INTO "times" VALUES ( 19009, 12510, '12:29:00', NULL, NULL );
INSERT INTO "times" VALUES ( 19009, 12520, '12:27:00', '12:27:00', 20 );
INSERT INTO "times" VALUES ( 19009, 12530, '12:25:00', '12:25:00', 20 );
INSERT INTO "times" VALUES ( 19009, 12540, '12:22:00', '12:22:00', 20 );
INSERT INTO "times" VALUES ( 19009, 12610, '12:17:00', '12:17:00', 20 );
INSERT INTO "times" VALUES ( 19009, 12660, '12:13:00', '12:13:00', 20 );
INSERT INTO "times" VALUES ( 19009, 12670, '12:10:00', '12:10:00', 20 );
INSERT INTO "times" VALUES ( 19009, 12680, '12:07:00', '12:07:00', 20 );
INSERT INTO "times" VALUES ( 19009, 12690, '12:04:00', '12:04:00', 20 );
INSERT INTO "times" VALUES ( 19009, 12700, '12:02:00', '12:02:00', 20 );
INSERT INTO "times" VALUES ( 19009, 12710, '11:56:00', '12:00:00', 20 );
INSERT INTO "times" VALUES ( 19009, 12720, '11:54:00', '11:54:00', 20 );
INSERT INTO "times" VALUES ( 19009, 12730, '11:51:00', '11:51:00', 20 );
INSERT INTO "times" VALUES ( 19009, 12740, '11:49:00', '11:49:00', 20 );
INSERT INTO "times" VALUES ( 19009, 12750, '11:45:00', '11:45:00', 20 );
INSERT INTO "times" VALUES ( 19009, 12760, '11:43:00', '11:43:00', 20 );
INSERT INTO "times" VALUES ( 19009, 12770, '11:39:00', '11:39:00', 20 );
INSERT INTO "times" VALUES ( 19009, 12780, '11:35:00', '11:35:00', 20 );
INSERT INTO "times" VALUES ( 19009, 12790, '11:32:00', '11:32:00', 20 );
INSERT INTO "times" VALUES ( 19009, 12800, '11:27:00', '11:31:00', 20 );
INSERT INTO "times" VALUES ( 19009, 12810, '11:25:00', '11:25:00', 20 );
INSERT INTO "times" VALUES ( 19009, 12820, '11:23:00', '11:23:00', 20 );
INSERT INTO "times" VALUES ( 19009, 12830, '11:22:00', '11:22:00', 20 );
INSERT INTO "times" VALUES ( 19009, 12840, '11:20:00', '11:20:00', 20 );
INSERT INTO "times" VALUES ( 19009, 12850, '11:19:00', '11:19:00', 20 );
INSERT INTO "times" VALUES ( 19009, 12860, '11:17:00', '11:17:00', 20 );
INSERT INTO "times" VALUES ( 19009, 12870, '11:15:00', '11:15:00', 20 );
INSERT INTO "times" VALUES ( 19009, 12880, '11:13:00', '11:13:00', 20 );
INSERT INTO "times" VALUES ( 19009, 12890, '11:12:00', '11:12:00', 20 );
INSERT INTO "times" VALUES ( 19009, 12900, '11:06:00', '11:10:00', 20 );
INSERT INTO "times" VALUES ( 19009, 13510, '11:04:00', '11:04:00', 30 );
INSERT INTO "times" VALUES ( 19009, 13520, NULL, '11:02:00', 30 );

INSERT INTO "dias" VALUES ( 19010, 120, FALSE, TRUE, 'K1102Z', 12510, 13520 );
INSERT INTO "dias_line_groups" VALUES ( 19010, 10 );
INSERT INTO "times" VALUES ( 19010, 12510, NULL, '11:32:00', 20 );
INSERT INTO "times" VALUES ( 19010, 12520, '11:34:00', '11:34:00', 20 );
INSERT INTO "times" VALUES ( 19010, 12530, '11:36:00', '11:36:00', 20 );
INSERT INTO "times" VALUES ( 19010, 12540, '11:39:00', '11:39:00', 20 );
INSERT INTO "times" VALUES ( 19010, 12610, '11:44:00', '11:44:00', 20 );
INSERT INTO "times" VALUES ( 19010, 12660, '11:48:00', '11:48:00', 20 );
INSERT INTO "times" VALUES ( 19010, 12670, '11:51:00', '11:51:00', 20 );
INSERT INTO "times" VALUES ( 19010, 12680, '11:54:00', '11:54:00', 20 );
INSERT INTO "times" VALUES ( 19010, 12690, '11:56:00', '11:56:00', 20 );
INSERT INTO "times" VALUES ( 19010, 12700, '11:58:00', '11:58:00', 20 );
INSERT INTO "times" VALUES ( 19010, 12710, '12:00:00', '12:04:00', 20 );
INSERT INTO "times" VALUES ( 19010, 12720, '12:06:00', '12:06:00', 20 );
INSERT INTO "times" VALUES ( 19010, 12730, '12:08:00', '12:08:00', 20 );
INSERT INTO "times" VALUES ( 19010, 12740, '12:11:00', '12:12:00', 20 );
INSERT INTO "times" VALUES ( 19010, 12750, '12:15:00', '12:15:00', 20 );
INSERT INTO "times" VALUES ( 19010, 12760, '12:18:00', '12:18:00', 20 );
INSERT INTO "times" VALUES ( 19010, 12770, '12:22:00', '12:22:00', 20 );
INSERT INTO "times" VALUES ( 19010, 12780, '12:26:00', '12:26:00', 20 );
INSERT INTO "times" VALUES ( 19010, 12790, '12:27:00', '12:27:00', 20 );
INSERT INTO "times" VALUES ( 19010, 12800, '12:29:00', '12:33:00', 20 );
INSERT INTO "times" VALUES ( 19010, 12810, '12:35:00', '12:35:00', 20 );
INSERT INTO "times" VALUES ( 19010, 12820, '12:36:00', '12:36:00', 20 );
INSERT INTO "times" VALUES ( 19010, 12830, '12:38:00', '12:38:00', 20 );
INSERT INTO "times" VALUES ( 19010, 12840, '12:39:00', '12:39:00', 20 );
INSERT INTO "times" VALUES ( 19010, 12850, '12:41:00', '12:41:00', 20 );
INSERT INTO "times" VALUES ( 19010, 12860, '12:42:00', '12:42:00', 20 );
INSERT INTO "times" VALUES ( 19010, 12870, '12:44:00', '12:44:00', 20 );
INSERT INTO "times" VALUES ( 19010, 12880, '12:46:00', '12:46:00', 20 );
INSERT INTO "times" VALUES ( 19010, 12890, '12:48:00', '12:48:00', 20 );
INSERT INTO "times" VALUES ( 19010, 12900, '12:49:00', '12:53:00', 20 );
INSERT INTO "times" VALUES ( 19010, 13510, '12:55:00', '12:55:00', 30 );
INSERT INTO "times" VALUES ( 19010, 13520, '12:58:00', NULL, NULL );

INSERT INTO "dias" VALUES ( 19011, 120, FALSE, TRUE, 'K1103A', 13520, 12510 );
INSERT INTO "dias_line_groups" VALUES ( 19011, 10 );
INSERT INTO "times" VALUES ( 19011, 12510, '12:39:00', NULL, NULL );
INSERT INTO "times" VALUES ( 19011, 12520, '12:37:00', '12:37:00', 20 );
INSERT INTO "times" VALUES ( 19011, 12530, '12:35:00', '12:35:00', 20 );
INSERT INTO "times" VALUES ( 19011, 12540, '12:32:00', '12:32:00', 20 );
INSERT INTO "times" VALUES ( 19011, 12610, '12:27:00', '12:27:00', 20 );
INSERT INTO "times" VALUES ( 19011, 12660, '12:23:00', '12:23:00', 20 );
INSERT INTO "times" VALUES ( 19011, 12670, '12:20:00', '12:20:00', 20 );
INSERT INTO "times" VALUES ( 19011, 12680, '12:17:00', '12:17:00', 20 );
INSERT INTO "times" VALUES ( 19011, 12690, '12:14:00', '12:14:00', 20 );
INSERT INTO "times" VALUES ( 19011, 12700, '12:12:00', '12:12:00', 20 );
INSERT INTO "times" VALUES ( 19011, 12710, '12:06:00', '12:10:00', 20 );
INSERT INTO "times" VALUES ( 19011, 12720, '12:04:00', '12:04:00', 20 );
INSERT INTO "times" VALUES ( 19011, 12730, '12:01:00', '12:01:00', 20 );
INSERT INTO "times" VALUES ( 19011, 12740, '11:59:00', '11:59:00', 20 );
INSERT INTO "times" VALUES ( 19011, 12750, '11:55:00', '11:55:00', 20 );
INSERT INTO "times" VALUES ( 19011, 12760, '11:53:00', '11:53:00', 20 );
INSERT INTO "times" VALUES ( 19011, 12770, '11:49:00', '11:49:00', 20 );
INSERT INTO "times" VALUES ( 19011, 12780, '11:45:00', '11:45:00', 20 );
INSERT INTO "times" VALUES ( 19011, 12790, '11:42:00', '11:42:00', 20 );
INSERT INTO "times" VALUES ( 19011, 12800, '11:37:00', '11:41:00', 20 );
INSERT INTO "times" VALUES ( 19011, 12810, '11:35:00', '11:35:00', 20 );
INSERT INTO "times" VALUES ( 19011, 12820, '11:33:00', '11:33:00', 20 );
INSERT INTO "times" VALUES ( 19011, 12830, '11:32:00', '11:32:00', 20 );
INSERT INTO "times" VALUES ( 19011, 12840, '11:30:00', '11:30:00', 20 );
INSERT INTO "times" VALUES ( 19011, 12850, '11:29:00', '11:29:00', 20 );
INSERT INTO "times" VALUES ( 19011, 12860, '11:27:00', '11:27:00', 20 );
INSERT INTO "times" VALUES ( 19011, 12870, '11:25:00', '11:25:00', 20 );
INSERT INTO "times" VALUES ( 19011, 12880, '11:23:00', '11:23:00', 20 );
INSERT INTO "times" VALUES ( 19011, 12890, '11:22:00', '11:22:00', 20 );
INSERT INTO "times" VALUES ( 19011, 12900, '11:16:00', '11:20:00', 20 );
INSERT INTO "times" VALUES ( 19011, 13510, '11:14:00', '11:14:00', 30 );
INSERT INTO "times" VALUES ( 19011, 13520, NULL, '11:12:00', 30 );

INSERT INTO "dias" VALUES ( 19012, 120, FALSE, TRUE, 'K1105A', 13520, 12510 );
INSERT INTO "dias_line_groups" VALUES ( 19012, 10 );
INSERT INTO "times" VALUES ( 19012, 12510, '13:09:00', NULL, NULL );
INSERT INTO "times" VALUES ( 19012, 12520, '13:07:00', '13:07:00', 20 );
INSERT INTO "times" VALUES ( 19012, 12530, '13:06:00', '13:06:00', 20 );
INSERT INTO "times" VALUES ( 19012, 12540, '13:03:00', '13:03:00', 20 );
INSERT INTO "times" VALUES ( 19012, 12610, '12:58:00', '12:58:00', 20 );
INSERT INTO "times" VALUES ( 19012, 12660, '12:53:00', '12:53:00', 20 );
INSERT INTO "times" VALUES ( 19012, 12670, '12:50:00', '12:50:00', 20 );
INSERT INTO "times" VALUES ( 19012, 12680, '12:48:00', '12:48:00', 20 );
INSERT INTO "times" VALUES ( 19012, 12690, '12:45:00', '12:45:00', 20 );
INSERT INTO "times" VALUES ( 19012, 12700, '12:43:00', '12:43:00', 20 );
INSERT INTO "times" VALUES ( 19012, 12710, '12:37:00', '12:41:00', 20 );
INSERT INTO "times" VALUES ( 19012, 12720, '12:34:00', '12:34:00', 20 );
INSERT INTO "times" VALUES ( 19012, 12730, '12:32:00', '12:32:00', 20 );
INSERT INTO "times" VALUES ( 19012, 12740, '12:30:00', '12:30:00', 20 );
INSERT INTO "times" VALUES ( 19012, 12750, '12:26:00', '12:26:00', 20 );
INSERT INTO "times" VALUES ( 19012, 12760, '12:24:00', '12:24:00', 20 );
INSERT INTO "times" VALUES ( 19012, 12770, '12:20:00', '12:20:00', 20 );
INSERT INTO "times" VALUES ( 19012, 12780, '12:15:00', '12:15:00', 20 );
INSERT INTO "times" VALUES ( 19012, 12790, '12:13:00', '12:13:00', 20 );
INSERT INTO "times" VALUES ( 19012, 12800, '12:07:00', '12:11:00', 20 );
INSERT INTO "times" VALUES ( 19012, 12810, '12:05:00', '12:05:00', 20 );
INSERT INTO "times" VALUES ( 19012, 12820, '12:03:00', '12:03:00', 20 );
INSERT INTO "times" VALUES ( 19012, 12830, '12:02:00', '12:02:00', 20 );
INSERT INTO "times" VALUES ( 19012, 12840, '12:00:00', '12:00:00', 20 );
INSERT INTO "times" VALUES ( 19012, 12850, '11:59:00', '11:59:00', 20 );
INSERT INTO "times" VALUES ( 19012, 12860, '11:57:00', '11:57:00', 20 );
INSERT INTO "times" VALUES ( 19012, 12870, '11:55:00', '11:55:00', 20 );
INSERT INTO "times" VALUES ( 19012, 12880, '11:53:00', '11:53:00', 20 );
INSERT INTO "times" VALUES ( 19012, 12890, '11:52:00', '11:52:00', 20 );
INSERT INTO "times" VALUES ( 19012, 12900, '11:46:00', '11:50:00', 20 );
INSERT INTO "times" VALUES ( 19012, 13510, '11:44:00', '11:44:00', 30 );
INSERT INTO "times" VALUES ( 19012, 13520, NULL, '11:42:00', 30 );

INSERT INTO "dias" VALUES ( 19013, 120, FALSE, TRUE, 'K1200Z', 12510, 13520 );
INSERT INTO "dias_line_groups" VALUES ( 19013, 10 );
INSERT INTO "times" VALUES ( 19013, 12510, NULL, '12:02:00', 20 );
INSERT INTO "times" VALUES ( 19013, 12520, '12:04:00', '12:04:00', 20 );
INSERT INTO "times" VALUES ( 19013, 12530, '12:06:00', '12:06:00', 20 );
INSERT INTO "times" VALUES ( 19013, 12540, '12:09:00', '12:09:00', 20 );
INSERT INTO "times" VALUES ( 19013, 12610, '12:14:00', '12:14:00', 20 );
INSERT INTO "times" VALUES ( 19013, 12660, '12:18:00', '12:18:00', 20 );
INSERT INTO "times" VALUES ( 19013, 12670, '12:21:00', '12:21:00', 20 );
INSERT INTO "times" VALUES ( 19013, 12680, '12:24:00', '12:24:00', 20 );
INSERT INTO "times" VALUES ( 19013, 12690, '12:26:00', '12:26:00', 20 );
INSERT INTO "times" VALUES ( 19013, 12700, '12:28:00', '12:28:00', 20 );
INSERT INTO "times" VALUES ( 19013, 12710, '12:30:00', '12:34:00', 20 );
INSERT INTO "times" VALUES ( 19013, 12720, '12:36:00', '12:36:00', 20 );
INSERT INTO "times" VALUES ( 19013, 12730, '12:38:00', '12:38:00', 20 );
INSERT INTO "times" VALUES ( 19013, 12740, '12:41:00', '12:42:00', 20 );
INSERT INTO "times" VALUES ( 19013, 12750, '12:45:00', '12:45:00', 20 );
INSERT INTO "times" VALUES ( 19013, 12760, '12:48:00', '12:48:00', 20 );
INSERT INTO "times" VALUES ( 19013, 12770, '12:52:00', '12:52:00', 20 );
INSERT INTO "times" VALUES ( 19013, 12780, '12:56:00', '12:56:00', 20 );
INSERT INTO "times" VALUES ( 19013, 12790, '12:57:00', '12:57:00', 20 );
INSERT INTO "times" VALUES ( 19013, 12800, '12:59:00', '13:03:00', 20 );
INSERT INTO "times" VALUES ( 19013, 12810, '13:05:00', '13:05:00', 20 );
INSERT INTO "times" VALUES ( 19013, 12820, '13:06:00', '13:06:00', 20 );
INSERT INTO "times" VALUES ( 19013, 12830, '13:08:00', '13:08:00', 20 );
INSERT INTO "times" VALUES ( 19013, 12840, '13:09:00', '13:09:00', 20 );
INSERT INTO "times" VALUES ( 19013, 12850, '13:11:00', '13:11:00', 20 );
INSERT INTO "times" VALUES ( 19013, 12860, '13:12:00', '13:12:00', 20 );
INSERT INTO "times" VALUES ( 19013, 12870, '13:14:00', '13:14:00', 20 );
INSERT INTO "times" VALUES ( 19013, 12880, '13:16:00', '13:16:00', 20 );
INSERT INTO "times" VALUES ( 19013, 12890, '13:18:00', '13:18:00', 20 );
INSERT INTO "times" VALUES ( 19013, 12900, '13:19:00', '13:23:00', 20 );
INSERT INTO "times" VALUES ( 19013, 13510, '13:25:00', '13:25:00', 30 );
INSERT INTO "times" VALUES ( 19013, 13520, '13:28:00', NULL, NULL );

INSERT INTO "dias" VALUES ( 19014, 120, FALSE, TRUE, 'K1201A', 13520, 12510 );
INSERT INTO "dias_line_groups" VALUES ( 19014, 10 );
INSERT INTO "times" VALUES ( 19014, 12510, '13:39:00', NULL, NULL );
INSERT INTO "times" VALUES ( 19014, 12520, '13:37:00', '13:37:00', 20 );
INSERT INTO "times" VALUES ( 19014, 12530, '13:36:00', '13:36:00', 20 );
INSERT INTO "times" VALUES ( 19014, 12540, '13:33:00', '13:33:00', 20 );
INSERT INTO "times" VALUES ( 19014, 12610, '13:28:00', '13:28:00', 20 );
INSERT INTO "times" VALUES ( 19014, 12660, '13:23:00', '13:23:00', 20 );
INSERT INTO "times" VALUES ( 19014, 12670, '13:20:00', '13:20:00', 20 );
INSERT INTO "times" VALUES ( 19014, 12680, '13:18:00', '13:18:00', 20 );
INSERT INTO "times" VALUES ( 19014, 12690, '13:15:00', '13:15:00', 20 );
INSERT INTO "times" VALUES ( 19014, 12700, '13:13:00', '13:13:00', 20 );
INSERT INTO "times" VALUES ( 19014, 12710, '13:07:00', '13:11:00', 20 );
INSERT INTO "times" VALUES ( 19014, 12720, '13:04:00', '13:04:00', 20 );
INSERT INTO "times" VALUES ( 19014, 12730, '13:02:00', '13:02:00', 20 );
INSERT INTO "times" VALUES ( 19014, 12740, '13:00:00', '13:00:00', 20 );
INSERT INTO "times" VALUES ( 19014, 12750, '12:56:00', '12:56:00', 20 );
INSERT INTO "times" VALUES ( 19014, 12760, '12:54:00', '12:54:00', 20 );
INSERT INTO "times" VALUES ( 19014, 12770, '12:50:00', '12:50:00', 20 );
INSERT INTO "times" VALUES ( 19014, 12780, '12:45:00', '12:45:00', 20 );
INSERT INTO "times" VALUES ( 19014, 12790, '12:43:00', '12:43:00', 20 );
INSERT INTO "times" VALUES ( 19014, 12800, '12:38:00', '12:41:00', 20 );
INSERT INTO "times" VALUES ( 19014, 12810, '12:36:00', '12:36:00', 20 );
INSERT INTO "times" VALUES ( 19014, 12820, '12:34:00', '12:34:00', 20 );
INSERT INTO "times" VALUES ( 19014, 12830, '12:33:00', '12:33:00', 20 );
INSERT INTO "times" VALUES ( 19014, 12840, '12:31:00', '12:31:00', 20 );
INSERT INTO "times" VALUES ( 19014, 12850, '12:29:00', '12:29:00', 20 );
INSERT INTO "times" VALUES ( 19014, 12860, '12:28:00', '12:28:00', 20 );
INSERT INTO "times" VALUES ( 19014, 12870, '12:26:00', '12:26:00', 20 );
INSERT INTO "times" VALUES ( 19014, 12880, '12:24:00', '12:24:00', 20 );
INSERT INTO "times" VALUES ( 19014, 12890, '12:22:00', '12:22:00', 20 );
INSERT INTO "times" VALUES ( 19014, 12900, '12:17:00', '12:21:00', 20 );
INSERT INTO "times" VALUES ( 19014, 13510, '12:15:00', '12:15:00', 30 );
INSERT INTO "times" VALUES ( 19014, 13520, NULL, '12:13:00', 30 );

INSERT INTO "dias" VALUES ( 19015, 120, FALSE, TRUE, 'K1202Z', 12510, 13520 );
INSERT INTO "dias_line_groups" VALUES ( 19015, 10 );
INSERT INTO "times" VALUES ( 19015, 12510, NULL, '12:32:00', 20 );
INSERT INTO "times" VALUES ( 19015, 12520, '12:34:00', '12:34:00', 20 );
INSERT INTO "times" VALUES ( 19015, 12530, '12:36:00', '12:36:00', 20 );
INSERT INTO "times" VALUES ( 19015, 12540, '12:39:00', '12:39:00', 20 );
INSERT INTO "times" VALUES ( 19015, 12610, '12:44:00', '12:44:00', 20 );
INSERT INTO "times" VALUES ( 19015, 12660, '12:48:00', '12:48:00', 20 );
INSERT INTO "times" VALUES ( 19015, 12670, '12:51:00', '12:51:00', 20 );
INSERT INTO "times" VALUES ( 19015, 12680, '12:54:00', '12:54:00', 20 );
INSERT INTO "times" VALUES ( 19015, 12690, '12:56:00', '12:56:00', 20 );
INSERT INTO "times" VALUES ( 19015, 12700, '12:58:00', '12:58:00', 20 );
INSERT INTO "times" VALUES ( 19015, 12710, '13:00:00', '13:04:00', 20 );
INSERT INTO "times" VALUES ( 19015, 12720, '13:06:00', '13:06:00', 20 );
INSERT INTO "times" VALUES ( 19015, 12730, '13:08:00', '13:08:00', 20 );
INSERT INTO "times" VALUES ( 19015, 12740, '13:11:00', '13:12:00', 20 );
INSERT INTO "times" VALUES ( 19015, 12750, '13:15:00', '13:15:00', 20 );
INSERT INTO "times" VALUES ( 19015, 12760, '13:18:00', '13:18:00', 20 );
INSERT INTO "times" VALUES ( 19015, 12770, '13:22:00', '13:22:00', 20 );
INSERT INTO "times" VALUES ( 19015, 12780, '13:26:00', '13:26:00', 20 );
INSERT INTO "times" VALUES ( 19015, 12790, '13:27:00', '13:27:00', 20 );
INSERT INTO "times" VALUES ( 19015, 12800, '13:29:00', '13:33:00', 20 );
INSERT INTO "times" VALUES ( 19015, 12810, '13:35:00', '13:35:00', 20 );
INSERT INTO "times" VALUES ( 19015, 12820, '13:36:00', '13:36:00', 20 );
INSERT INTO "times" VALUES ( 19015, 12830, '13:38:00', '13:38:00', 20 );
INSERT INTO "times" VALUES ( 19015, 12840, '13:39:00', '13:39:00', 20 );
INSERT INTO "times" VALUES ( 19015, 12850, '13:41:00', '13:41:00', 20 );
INSERT INTO "times" VALUES ( 19015, 12860, '13:42:00', '13:42:00', 20 );
INSERT INTO "times" VALUES ( 19015, 12870, '13:44:00', '13:44:00', 20 );
INSERT INTO "times" VALUES ( 19015, 12880, '13:46:00', '13:46:00', 20 );
INSERT INTO "times" VALUES ( 19015, 12890, '13:48:00', '13:48:00', 20 );
INSERT INTO "times" VALUES ( 19015, 12900, '13:49:00', '13:53:00', 20 );
INSERT INTO "times" VALUES ( 19015, 13510, '13:55:00', '13:55:00', 30 );
INSERT INTO "times" VALUES ( 19015, 13520, '13:58:00', NULL, NULL );

INSERT INTO "dias" VALUES ( 19016, 120, FALSE, TRUE, 'K1203A', 13520, 12510 );
INSERT INTO "dias_line_groups" VALUES ( 19016, 10 );
INSERT INTO "times" VALUES ( 19016, 12510, '14:09:00', NULL, NULL );
INSERT INTO "times" VALUES ( 19016, 12520, '14:07:00', '14:07:00', 20 );
INSERT INTO "times" VALUES ( 19016, 12530, '14:06:00', '14:06:00', 20 );
INSERT INTO "times" VALUES ( 19016, 12540, '14:03:00', '14:03:00', 20 );
INSERT INTO "times" VALUES ( 19016, 12610, '13:58:00', '13:58:00', 20 );
INSERT INTO "times" VALUES ( 19016, 12660, '13:53:00', '13:53:00', 20 );
INSERT INTO "times" VALUES ( 19016, 12670, '13:50:00', '13:50:00', 20 );
INSERT INTO "times" VALUES ( 19016, 12680, '13:48:00', '13:48:00', 20 );
INSERT INTO "times" VALUES ( 19016, 12690, '13:45:00', '13:45:00', 20 );
INSERT INTO "times" VALUES ( 19016, 12700, '13:43:00', '13:43:00', 20 );
INSERT INTO "times" VALUES ( 19016, 12710, '13:37:00', '13:41:00', 20 );
INSERT INTO "times" VALUES ( 19016, 12720, '13:34:00', '13:34:00', 20 );
INSERT INTO "times" VALUES ( 19016, 12730, '13:32:00', '13:32:00', 20 );
INSERT INTO "times" VALUES ( 19016, 12740, '13:30:00', '13:30:00', 20 );
INSERT INTO "times" VALUES ( 19016, 12750, '13:26:00', '13:26:00', 20 );
INSERT INTO "times" VALUES ( 19016, 12760, '13:24:00', '13:24:00', 20 );
INSERT INTO "times" VALUES ( 19016, 12770, '13:20:00', '13:20:00', 20 );
INSERT INTO "times" VALUES ( 19016, 12780, '13:15:00', '13:15:00', 20 );
INSERT INTO "times" VALUES ( 19016, 12790, '13:13:00', '13:13:00', 20 );
INSERT INTO "times" VALUES ( 19016, 12800, '13:08:00', '13:11:00', 20 );
INSERT INTO "times" VALUES ( 19016, 12810, '13:06:00', '13:06:00', 20 );
INSERT INTO "times" VALUES ( 19016, 12820, '13:04:00', '13:04:00', 20 );
INSERT INTO "times" VALUES ( 19016, 12830, '13:03:00', '13:03:00', 20 );
INSERT INTO "times" VALUES ( 19016, 12840, '13:01:00', '13:01:00', 20 );
INSERT INTO "times" VALUES ( 19016, 12850, '12:59:00', '12:59:00', 20 );
INSERT INTO "times" VALUES ( 19016, 12860, '12:58:00', '12:58:00', 20 );
INSERT INTO "times" VALUES ( 19016, 12870, '12:56:00', '12:56:00', 20 );
INSERT INTO "times" VALUES ( 19016, 12880, '12:54:00', '12:54:00', 20 );
INSERT INTO "times" VALUES ( 19016, 12890, '12:52:00', '12:52:00', 20 );
INSERT INTO "times" VALUES ( 19016, 12900, '12:47:00', '12:51:00', 20 );
INSERT INTO "times" VALUES ( 19016, 13510, '12:45:00', '12:45:00', 30 );
INSERT INTO "times" VALUES ( 19016, 13520, NULL, '12:43:00', 30 );

INSERT INTO "dias" VALUES ( 19017, 120, FALSE, TRUE, 'K1300Z', 12510, 13520 );
INSERT INTO "dias_line_groups" VALUES ( 19017, 10 );
INSERT INTO "times" VALUES ( 19017, 12510, NULL, '13:02:00', 20 );
INSERT INTO "times" VALUES ( 19017, 12520, '13:04:00', '13:04:00', 20 );
INSERT INTO "times" VALUES ( 19017, 12530, '13:06:00', '13:06:00', 20 );
INSERT INTO "times" VALUES ( 19017, 12540, '13:09:00', '13:09:00', 20 );
INSERT INTO "times" VALUES ( 19017, 12610, '13:14:00', '13:14:00', 20 );
INSERT INTO "times" VALUES ( 19017, 12660, '13:18:00', '13:18:00', 20 );
INSERT INTO "times" VALUES ( 19017, 12670, '13:21:00', '13:21:00', 20 );
INSERT INTO "times" VALUES ( 19017, 12680, '13:24:00', '13:24:00', 20 );
INSERT INTO "times" VALUES ( 19017, 12690, '13:26:00', '13:26:00', 20 );
INSERT INTO "times" VALUES ( 19017, 12700, '13:28:00', '13:28:00', 20 );
INSERT INTO "times" VALUES ( 19017, 12710, '13:30:00', '13:34:00', 20 );
INSERT INTO "times" VALUES ( 19017, 12720, '13:36:00', '13:36:00', 20 );
INSERT INTO "times" VALUES ( 19017, 12730, '13:38:00', '13:38:00', 20 );
INSERT INTO "times" VALUES ( 19017, 12740, '13:41:00', '13:42:00', 20 );
INSERT INTO "times" VALUES ( 19017, 12750, '13:45:00', '13:45:00', 20 );
INSERT INTO "times" VALUES ( 19017, 12760, '13:48:00', '13:48:00', 20 );
INSERT INTO "times" VALUES ( 19017, 12770, '13:52:00', '13:52:00', 20 );
INSERT INTO "times" VALUES ( 19017, 12780, '13:56:00', '13:56:00', 20 );
INSERT INTO "times" VALUES ( 19017, 12790, '13:57:00', '13:57:00', 20 );
INSERT INTO "times" VALUES ( 19017, 12800, '13:59:00', '14:03:00', 20 );
INSERT INTO "times" VALUES ( 19017, 12810, '14:05:00', '14:05:00', 20 );
INSERT INTO "times" VALUES ( 19017, 12820, '14:06:00', '14:06:00', 20 );
INSERT INTO "times" VALUES ( 19017, 12830, '14:08:00', '14:08:00', 20 );
INSERT INTO "times" VALUES ( 19017, 12840, '14:09:00', '14:09:00', 20 );
INSERT INTO "times" VALUES ( 19017, 12850, '14:11:00', '14:11:00', 20 );
INSERT INTO "times" VALUES ( 19017, 12860, '14:12:00', '14:12:00', 20 );
INSERT INTO "times" VALUES ( 19017, 12870, '14:14:00', '14:14:00', 20 );
INSERT INTO "times" VALUES ( 19017, 12880, '14:16:00', '14:16:00', 20 );
INSERT INTO "times" VALUES ( 19017, 12890, '14:18:00', '14:18:00', 20 );
INSERT INTO "times" VALUES ( 19017, 12900, '14:19:00', '14:23:00', 20 );
INSERT INTO "times" VALUES ( 19017, 13510, '14:25:00', '14:25:00', 30 );
INSERT INTO "times" VALUES ( 19017, 13520, '14:28:00', NULL, NULL );

INSERT INTO "dias" VALUES ( 19018, 120, FALSE, TRUE, 'K1301A', 13520, 12510 );
INSERT INTO "dias_line_groups" VALUES ( 19018, 10 );
INSERT INTO "times" VALUES ( 19018, 12510, '14:39:00', NULL, NULL );
INSERT INTO "times" VALUES ( 19018, 12520, '14:37:00', '14:37:00', 20 );
INSERT INTO "times" VALUES ( 19018, 12530, '14:36:00', '14:36:00', 20 );
INSERT INTO "times" VALUES ( 19018, 12540, '14:33:00', '14:33:00', 20 );
INSERT INTO "times" VALUES ( 19018, 12610, '14:28:00', '14:28:00', 20 );
INSERT INTO "times" VALUES ( 19018, 12660, '14:23:00', '14:23:00', 20 );
INSERT INTO "times" VALUES ( 19018, 12670, '14:20:00', '14:20:00', 20 );
INSERT INTO "times" VALUES ( 19018, 12680, '14:18:00', '14:18:00', 20 );
INSERT INTO "times" VALUES ( 19018, 12690, '14:15:00', '14:15:00', 20 );
INSERT INTO "times" VALUES ( 19018, 12700, '14:13:00', '14:13:00', 20 );
INSERT INTO "times" VALUES ( 19018, 12710, '14:07:00', '14:11:00', 20 );
INSERT INTO "times" VALUES ( 19018, 12720, '14:04:00', '14:04:00', 20 );
INSERT INTO "times" VALUES ( 19018, 12730, '14:02:00', '14:02:00', 20 );
INSERT INTO "times" VALUES ( 19018, 12740, '14:00:00', '14:00:00', 20 );
INSERT INTO "times" VALUES ( 19018, 12750, '13:56:00', '13:56:00', 20 );
INSERT INTO "times" VALUES ( 19018, 12760, '13:54:00', '13:54:00', 20 );
INSERT INTO "times" VALUES ( 19018, 12770, '13:50:00', '13:50:00', 20 );
INSERT INTO "times" VALUES ( 19018, 12780, '13:45:00', '13:45:00', 20 );
INSERT INTO "times" VALUES ( 19018, 12790, '13:43:00', '13:43:00', 20 );
INSERT INTO "times" VALUES ( 19018, 12800, '13:38:00', '13:41:00', 20 );
INSERT INTO "times" VALUES ( 19018, 12810, '13:36:00', '13:36:00', 20 );
INSERT INTO "times" VALUES ( 19018, 12820, '13:34:00', '13:34:00', 20 );
INSERT INTO "times" VALUES ( 19018, 12830, '13:33:00', '13:33:00', 20 );
INSERT INTO "times" VALUES ( 19018, 12840, '13:31:00', '13:31:00', 20 );
INSERT INTO "times" VALUES ( 19018, 12850, '13:29:00', '13:29:00', 20 );
INSERT INTO "times" VALUES ( 19018, 12860, '13:28:00', '13:28:00', 20 );
INSERT INTO "times" VALUES ( 19018, 12870, '13:26:00', '13:26:00', 20 );
INSERT INTO "times" VALUES ( 19018, 12880, '13:24:00', '13:24:00', 20 );
INSERT INTO "times" VALUES ( 19018, 12890, '13:22:00', '13:22:00', 20 );
INSERT INTO "times" VALUES ( 19018, 12900, '13:17:00', '13:21:00', 20 );
INSERT INTO "times" VALUES ( 19018, 13510, '13:15:00', '13:15:00', 30 );
INSERT INTO "times" VALUES ( 19018, 13520, NULL, '13:13:00', 30 );

INSERT INTO "dias" VALUES ( 19019, 120, FALSE, TRUE, 'K1302Z', 12510, 13520 );
INSERT INTO "dias_line_groups" VALUES ( 19019, 10 );
INSERT INTO "times" VALUES ( 19019, 12510, NULL, '13:32:00', 20 );
INSERT INTO "times" VALUES ( 19019, 12520, '13:34:00', '13:34:00', 20 );
INSERT INTO "times" VALUES ( 19019, 12530, '13:36:00', '13:36:00', 20 );
INSERT INTO "times" VALUES ( 19019, 12540, '13:39:00', '13:39:00', 20 );
INSERT INTO "times" VALUES ( 19019, 12610, '13:44:00', '13:44:00', 20 );
INSERT INTO "times" VALUES ( 19019, 12660, '13:48:00', '13:48:00', 20 );
INSERT INTO "times" VALUES ( 19019, 12670, '13:51:00', '13:51:00', 20 );
INSERT INTO "times" VALUES ( 19019, 12680, '13:54:00', '13:54:00', 20 );
INSERT INTO "times" VALUES ( 19019, 12690, '13:56:00', '13:56:00', 20 );
INSERT INTO "times" VALUES ( 19019, 12700, '13:58:00', '13:58:00', 20 );
INSERT INTO "times" VALUES ( 19019, 12710, '14:00:00', '14:04:00', 20 );
INSERT INTO "times" VALUES ( 19019, 12720, '14:06:00', '14:06:00', 20 );
INSERT INTO "times" VALUES ( 19019, 12730, '14:08:00', '14:08:00', 20 );
INSERT INTO "times" VALUES ( 19019, 12740, '14:11:00', '14:12:00', 20 );
INSERT INTO "times" VALUES ( 19019, 12750, '14:15:00', '14:15:00', 20 );
INSERT INTO "times" VALUES ( 19019, 12760, '14:18:00', '14:18:00', 20 );
INSERT INTO "times" VALUES ( 19019, 12770, '14:22:00', '14:22:00', 20 );
INSERT INTO "times" VALUES ( 19019, 12780, '14:26:00', '14:26:00', 20 );
INSERT INTO "times" VALUES ( 19019, 12790, '14:27:00', '14:27:00', 20 );
INSERT INTO "times" VALUES ( 19019, 12800, '14:29:00', '14:33:00', 20 );
INSERT INTO "times" VALUES ( 19019, 12810, '14:35:00', '14:35:00', 20 );
INSERT INTO "times" VALUES ( 19019, 12820, '14:36:00', '14:36:00', 20 );
INSERT INTO "times" VALUES ( 19019, 12830, '14:38:00', '14:38:00', 20 );
INSERT INTO "times" VALUES ( 19019, 12840, '14:39:00', '14:39:00', 20 );
INSERT INTO "times" VALUES ( 19019, 12850, '14:41:00', '14:41:00', 20 );
INSERT INTO "times" VALUES ( 19019, 12860, '14:42:00', '14:42:00', 20 );
INSERT INTO "times" VALUES ( 19019, 12870, '14:44:00', '14:44:00', 20 );
INSERT INTO "times" VALUES ( 19019, 12880, '14:46:00', '14:46:00', 20 );
INSERT INTO "times" VALUES ( 19019, 12890, '14:48:00', '14:48:00', 20 );
INSERT INTO "times" VALUES ( 19019, 12900, '14:49:00', '14:53:00', 20 );
INSERT INTO "times" VALUES ( 19019, 13510, '14:55:00', '14:55:00', 30 );
INSERT INTO "times" VALUES ( 19019, 13520, '14:58:00', NULL, NULL );

INSERT INTO "dias" VALUES ( 19020, 120, FALSE, TRUE, 'K1303A', 13520, 12510 );
INSERT INTO "dias_line_groups" VALUES ( 19020, 10 );
INSERT INTO "times" VALUES ( 19020, 12510, '15:09:00', NULL, NULL );
INSERT INTO "times" VALUES ( 19020, 12520, '15:07:00', '15:07:00', 20 );
INSERT INTO "times" VALUES ( 19020, 12530, '15:06:00', '15:06:00', 20 );
INSERT INTO "times" VALUES ( 19020, 12540, '15:03:00', '15:03:00', 20 );
INSERT INTO "times" VALUES ( 19020, 12610, '14:58:00', '14:58:00', 20 );
INSERT INTO "times" VALUES ( 19020, 12660, '14:53:00', '14:53:00', 20 );
INSERT INTO "times" VALUES ( 19020, 12670, '14:50:00', '14:50:00', 20 );
INSERT INTO "times" VALUES ( 19020, 12680, '14:48:00', '14:48:00', 20 );
INSERT INTO "times" VALUES ( 19020, 12690, '14:45:00', '14:45:00', 20 );
INSERT INTO "times" VALUES ( 19020, 12700, '14:43:00', '14:43:00', 20 );
INSERT INTO "times" VALUES ( 19020, 12710, '14:37:00', '14:41:00', 20 );
INSERT INTO "times" VALUES ( 19020, 12720, '14:34:00', '14:34:00', 20 );
INSERT INTO "times" VALUES ( 19020, 12730, '14:32:00', '14:32:00', 20 );
INSERT INTO "times" VALUES ( 19020, 12740, '14:30:00', '14:30:00', 20 );
INSERT INTO "times" VALUES ( 19020, 12750, '14:26:00', '14:26:00', 20 );
INSERT INTO "times" VALUES ( 19020, 12760, '14:24:00', '14:24:00', 20 );
INSERT INTO "times" VALUES ( 19020, 12770, '14:20:00', '14:20:00', 20 );
INSERT INTO "times" VALUES ( 19020, 12780, '14:15:00', '14:15:00', 20 );
INSERT INTO "times" VALUES ( 19020, 12790, '14:13:00', '14:13:00', 20 );
INSERT INTO "times" VALUES ( 19020, 12800, '14:08:00', '14:11:00', 20 );
INSERT INTO "times" VALUES ( 19020, 12810, '14:06:00', '14:06:00', 20 );
INSERT INTO "times" VALUES ( 19020, 12820, '14:04:00', '14:04:00', 20 );
INSERT INTO "times" VALUES ( 19020, 12830, '14:03:00', '14:03:00', 20 );
INSERT INTO "times" VALUES ( 19020, 12840, '14:01:00', '14:01:00', 20 );
INSERT INTO "times" VALUES ( 19020, 12850, '13:59:00', '13:59:00', 20 );
INSERT INTO "times" VALUES ( 19020, 12860, '13:58:00', '13:58:00', 20 );
INSERT INTO "times" VALUES ( 19020, 12870, '13:56:00', '13:56:00', 20 );
INSERT INTO "times" VALUES ( 19020, 12880, '13:54:00', '13:54:00', 20 );
INSERT INTO "times" VALUES ( 19020, 12890, '13:52:00', '13:52:00', 20 );
INSERT INTO "times" VALUES ( 19020, 12900, '13:47:00', '13:51:00', 20 );
INSERT INTO "times" VALUES ( 19020, 13510, '13:45:00', '13:45:00', 30 );
INSERT INTO "times" VALUES ( 19020, 13520, NULL, '13:43:00', 30 );

INSERT INTO "dias" VALUES ( 19021, 120, FALSE, TRUE, 'K1400Z', 12510, 13520 );
INSERT INTO "dias_line_groups" VALUES ( 19021, 10 );
INSERT INTO "times" VALUES ( 19021, 12510, NULL, '14:02:00', 20 );
INSERT INTO "times" VALUES ( 19021, 12520, '14:04:00', '14:04:00', 20 );
INSERT INTO "times" VALUES ( 19021, 12530, '14:06:00', '14:06:00', 20 );
INSERT INTO "times" VALUES ( 19021, 12540, '14:09:00', '14:09:00', 20 );
INSERT INTO "times" VALUES ( 19021, 12610, '14:14:00', '14:14:00', 20 );
INSERT INTO "times" VALUES ( 19021, 12660, '14:18:00', '14:18:00', 20 );
INSERT INTO "times" VALUES ( 19021, 12670, '14:21:00', '14:21:00', 20 );
INSERT INTO "times" VALUES ( 19021, 12680, '14:24:00', '14:24:00', 20 );
INSERT INTO "times" VALUES ( 19021, 12690, '14:26:00', '14:26:00', 20 );
INSERT INTO "times" VALUES ( 19021, 12700, '14:28:00', '14:28:00', 20 );
INSERT INTO "times" VALUES ( 19021, 12710, '14:30:00', '14:34:00', 20 );
INSERT INTO "times" VALUES ( 19021, 12720, '14:36:00', '14:36:00', 20 );
INSERT INTO "times" VALUES ( 19021, 12730, '14:38:00', '14:38:00', 20 );
INSERT INTO "times" VALUES ( 19021, 12740, '14:41:00', '14:42:00', 20 );
INSERT INTO "times" VALUES ( 19021, 12750, '14:45:00', '14:45:00', 20 );
INSERT INTO "times" VALUES ( 19021, 12760, '14:48:00', '14:48:00', 20 );
INSERT INTO "times" VALUES ( 19021, 12770, '14:52:00', '14:52:00', 20 );
INSERT INTO "times" VALUES ( 19021, 12780, '14:56:00', '14:56:00', 20 );
INSERT INTO "times" VALUES ( 19021, 12790, '14:57:00', '14:57:00', 20 );
INSERT INTO "times" VALUES ( 19021, 12800, '14:59:00', '15:03:00', 20 );
INSERT INTO "times" VALUES ( 19021, 12810, '15:05:00', '15:05:00', 20 );
INSERT INTO "times" VALUES ( 19021, 12820, '15:06:00', '15:06:00', 20 );
INSERT INTO "times" VALUES ( 19021, 12830, '15:08:00', '15:08:00', 20 );
INSERT INTO "times" VALUES ( 19021, 12840, '15:09:00', '15:09:00', 20 );
INSERT INTO "times" VALUES ( 19021, 12850, '15:11:00', '15:11:00', 20 );
INSERT INTO "times" VALUES ( 19021, 12860, '15:12:00', '15:12:00', 20 );
INSERT INTO "times" VALUES ( 19021, 12870, '15:14:00', '15:14:00', 20 );
INSERT INTO "times" VALUES ( 19021, 12880, '15:16:00', '15:16:00', 20 );
INSERT INTO "times" VALUES ( 19021, 12890, '15:18:00', '15:18:00', 20 );
INSERT INTO "times" VALUES ( 19021, 12900, '15:19:00', '15:23:00', 20 );
INSERT INTO "times" VALUES ( 19021, 13510, '15:25:00', '15:25:00', 30 );
INSERT INTO "times" VALUES ( 19021, 13520, '15:27:00', NULL, NULL );

INSERT INTO "dias" VALUES ( 19022, 120, FALSE, TRUE, 'K1401A', 13520, 12510 );
INSERT INTO "dias_line_groups" VALUES ( 19022, 10 );
INSERT INTO "times" VALUES ( 19022, 12510, '15:39:00', NULL, NULL );
INSERT INTO "times" VALUES ( 19022, 12520, '15:37:00', '15:37:00', 20 );
INSERT INTO "times" VALUES ( 19022, 12530, '15:36:00', '15:36:00', 20 );
INSERT INTO "times" VALUES ( 19022, 12540, '15:33:00', '15:33:00', 20 );
INSERT INTO "times" VALUES ( 19022, 12610, '15:28:00', '15:28:00', 20 );
INSERT INTO "times" VALUES ( 19022, 12660, '15:23:00', '15:23:00', 20 );
INSERT INTO "times" VALUES ( 19022, 12670, '15:20:00', '15:20:00', 20 );
INSERT INTO "times" VALUES ( 19022, 12680, '15:18:00', '15:18:00', 20 );
INSERT INTO "times" VALUES ( 19022, 12690, '15:15:00', '15:15:00', 20 );
INSERT INTO "times" VALUES ( 19022, 12700, '15:13:00', '15:13:00', 20 );
INSERT INTO "times" VALUES ( 19022, 12710, '15:07:00', '15:11:00', 20 );
INSERT INTO "times" VALUES ( 19022, 12720, '15:04:00', '15:04:00', 20 );
INSERT INTO "times" VALUES ( 19022, 12730, '15:02:00', '15:02:00', 20 );
INSERT INTO "times" VALUES ( 19022, 12740, '15:00:00', '15:00:00', 20 );
INSERT INTO "times" VALUES ( 19022, 12750, '14:56:00', '14:56:00', 20 );
INSERT INTO "times" VALUES ( 19022, 12760, '14:54:00', '14:54:00', 20 );
INSERT INTO "times" VALUES ( 19022, 12770, '14:50:00', '14:50:00', 20 );
INSERT INTO "times" VALUES ( 19022, 12780, '14:45:00', '14:45:00', 20 );
INSERT INTO "times" VALUES ( 19022, 12790, '14:43:00', '14:43:00', 20 );
INSERT INTO "times" VALUES ( 19022, 12800, '14:38:00', '14:41:00', 20 );
INSERT INTO "times" VALUES ( 19022, 12810, '14:36:00', '14:36:00', 20 );
INSERT INTO "times" VALUES ( 19022, 12820, '14:34:00', '14:34:00', 20 );
INSERT INTO "times" VALUES ( 19022, 12830, '14:33:00', '14:33:00', 20 );
INSERT INTO "times" VALUES ( 19022, 12840, '14:31:00', '14:31:00', 20 );
INSERT INTO "times" VALUES ( 19022, 12850, '14:29:00', '14:29:00', 20 );
INSERT INTO "times" VALUES ( 19022, 12860, '14:28:00', '14:28:00', 20 );
INSERT INTO "times" VALUES ( 19022, 12870, '14:26:00', '14:26:00', 20 );
INSERT INTO "times" VALUES ( 19022, 12880, '14:24:00', '14:24:00', 20 );
INSERT INTO "times" VALUES ( 19022, 12890, '14:22:00', '14:22:00', 20 );
INSERT INTO "times" VALUES ( 19022, 12900, '14:17:00', '14:21:00', 20 );
INSERT INTO "times" VALUES ( 19022, 13510, '14:15:00', '14:15:00', 30 );
INSERT INTO "times" VALUES ( 19022, 13520, NULL, '14:13:00', 30 );

INSERT INTO "dias" VALUES ( 19023, 120, FALSE, TRUE, 'K1402Z', 12510, 13520 );
INSERT INTO "dias_line_groups" VALUES ( 19023, 10 );
INSERT INTO "times" VALUES ( 19023, 12510, NULL, '14:32:00', 20 );
INSERT INTO "times" VALUES ( 19023, 12520, '14:34:00', '14:34:00', 20 );
INSERT INTO "times" VALUES ( 19023, 12530, '14:36:00', '14:36:00', 20 );
INSERT INTO "times" VALUES ( 19023, 12540, '14:39:00', '14:39:00', 20 );
INSERT INTO "times" VALUES ( 19023, 12610, '14:44:00', '14:44:00', 20 );
INSERT INTO "times" VALUES ( 19023, 12660, '14:48:00', '14:48:00', 20 );
INSERT INTO "times" VALUES ( 19023, 12670, '14:51:00', '14:51:00', 20 );
INSERT INTO "times" VALUES ( 19023, 12680, '14:54:00', '14:54:00', 20 );
INSERT INTO "times" VALUES ( 19023, 12690, '14:56:00', '14:56:00', 20 );
INSERT INTO "times" VALUES ( 19023, 12700, '14:58:00', '14:58:00', 20 );
INSERT INTO "times" VALUES ( 19023, 12710, '15:00:00', '15:04:00', 20 );
INSERT INTO "times" VALUES ( 19023, 12720, '15:06:00', '15:06:00', 20 );
INSERT INTO "times" VALUES ( 19023, 12730, '15:08:00', '15:08:00', 20 );
INSERT INTO "times" VALUES ( 19023, 12740, '15:11:00', '15:12:00', 20 );
INSERT INTO "times" VALUES ( 19023, 12750, '15:15:00', '15:15:00', 20 );
INSERT INTO "times" VALUES ( 19023, 12760, '15:18:00', '15:18:00', 20 );
INSERT INTO "times" VALUES ( 19023, 12770, '15:22:00', '15:22:00', 20 );
INSERT INTO "times" VALUES ( 19023, 12780, '15:26:00', '15:26:00', 20 );
INSERT INTO "times" VALUES ( 19023, 12790, '15:27:00', '15:27:00', 20 );
INSERT INTO "times" VALUES ( 19023, 12800, '15:29:00', '15:33:00', 20 );
INSERT INTO "times" VALUES ( 19023, 12810, '15:35:00', '15:35:00', 20 );
INSERT INTO "times" VALUES ( 19023, 12820, '15:36:00', '15:36:00', 20 );
INSERT INTO "times" VALUES ( 19023, 12830, '15:38:00', '15:38:00', 20 );
INSERT INTO "times" VALUES ( 19023, 12840, '15:39:00', '15:39:00', 20 );
INSERT INTO "times" VALUES ( 19023, 12850, '15:41:00', '15:41:00', 20 );
INSERT INTO "times" VALUES ( 19023, 12860, '15:42:00', '15:42:00', 20 );
INSERT INTO "times" VALUES ( 19023, 12870, '15:44:00', '15:44:00', 20 );
INSERT INTO "times" VALUES ( 19023, 12880, '15:46:00', '15:46:00', 20 );
INSERT INTO "times" VALUES ( 19023, 12890, '15:48:00', '15:48:00', 20 );
INSERT INTO "times" VALUES ( 19023, 12900, '15:49:00', '15:53:00', 20 );
INSERT INTO "times" VALUES ( 19023, 13510, '15:55:00', '15:55:00', 30 );
INSERT INTO "times" VALUES ( 19023, 13520, '15:57:00', NULL, NULL );

INSERT INTO "dias" VALUES ( 19024, 120, FALSE, TRUE, 'K1403A', 13520, 12510 );
INSERT INTO "dias_line_groups" VALUES ( 19024, 10 );
INSERT INTO "times" VALUES ( 19024, 12510, '16:09:00', NULL, NULL );
INSERT INTO "times" VALUES ( 19024, 12520, '16:07:00', '16:07:00', 20 );
INSERT INTO "times" VALUES ( 19024, 12530, '16:06:00', '16:06:00', 20 );
INSERT INTO "times" VALUES ( 19024, 12540, '16:03:00', '16:03:00', 20 );
INSERT INTO "times" VALUES ( 19024, 12610, '15:58:00', '15:58:00', 20 );
INSERT INTO "times" VALUES ( 19024, 12660, '15:53:00', '15:53:00', 20 );
INSERT INTO "times" VALUES ( 19024, 12670, '15:50:00', '15:50:00', 20 );
INSERT INTO "times" VALUES ( 19024, 12680, '15:48:00', '15:48:00', 20 );
INSERT INTO "times" VALUES ( 19024, 12690, '15:45:00', '15:45:00', 20 );
INSERT INTO "times" VALUES ( 19024, 12700, '15:43:00', '15:43:00', 20 );
INSERT INTO "times" VALUES ( 19024, 12710, '15:37:00', '15:41:00', 20 );
INSERT INTO "times" VALUES ( 19024, 12720, '15:34:00', '15:34:00', 20 );
INSERT INTO "times" VALUES ( 19024, 12730, '15:32:00', '15:32:00', 20 );
INSERT INTO "times" VALUES ( 19024, 12740, '15:30:00', '15:30:00', 20 );
INSERT INTO "times" VALUES ( 19024, 12750, '15:26:00', '15:26:00', 20 );
INSERT INTO "times" VALUES ( 19024, 12760, '15:24:00', '15:24:00', 20 );
INSERT INTO "times" VALUES ( 19024, 12770, '15:20:00', '15:20:00', 20 );
INSERT INTO "times" VALUES ( 19024, 12780, '15:15:00', '15:15:00', 20 );
INSERT INTO "times" VALUES ( 19024, 12790, '15:13:00', '15:13:00', 20 );
INSERT INTO "times" VALUES ( 19024, 12800, '15:08:00', '15:11:00', 20 );
INSERT INTO "times" VALUES ( 19024, 12810, '15:06:00', '15:06:00', 20 );
INSERT INTO "times" VALUES ( 19024, 12820, '15:04:00', '15:04:00', 20 );
INSERT INTO "times" VALUES ( 19024, 12830, '15:03:00', '15:03:00', 20 );
INSERT INTO "times" VALUES ( 19024, 12840, '15:01:00', '15:01:00', 20 );
INSERT INTO "times" VALUES ( 19024, 12850, '14:59:00', '14:59:00', 20 );
INSERT INTO "times" VALUES ( 19024, 12860, '14:58:00', '14:58:00', 20 );
INSERT INTO "times" VALUES ( 19024, 12870, '14:56:00', '14:56:00', 20 );
INSERT INTO "times" VALUES ( 19024, 12880, '14:54:00', '14:54:00', 20 );
INSERT INTO "times" VALUES ( 19024, 12890, '14:52:00', '14:52:00', 20 );
INSERT INTO "times" VALUES ( 19024, 12900, '14:47:00', '14:51:00', 20 );
INSERT INTO "times" VALUES ( 19024, 13510, '14:45:00', '14:45:00', 30 );
INSERT INTO "times" VALUES ( 19024, 13520, NULL, '14:43:00', 30 );

INSERT INTO "dias" VALUES ( 19025, 120, FALSE, TRUE, 'K1500Z', 12510, 13520 );
INSERT INTO "dias_line_groups" VALUES ( 19025, 10 );
INSERT INTO "times" VALUES ( 19025, 12510, NULL, '15:02:00', 20 );
INSERT INTO "times" VALUES ( 19025, 12520, '15:04:00', '15:04:00', 20 );
INSERT INTO "times" VALUES ( 19025, 12530, '15:06:00', '15:06:00', 20 );
INSERT INTO "times" VALUES ( 19025, 12540, '15:09:00', '15:09:00', 20 );
INSERT INTO "times" VALUES ( 19025, 12610, '15:14:00', '15:14:00', 20 );
INSERT INTO "times" VALUES ( 19025, 12660, '15:18:00', '15:18:00', 20 );
INSERT INTO "times" VALUES ( 19025, 12670, '15:21:00', '15:21:00', 20 );
INSERT INTO "times" VALUES ( 19025, 12680, '15:24:00', '15:24:00', 20 );
INSERT INTO "times" VALUES ( 19025, 12690, '15:26:00', '15:26:00', 20 );
INSERT INTO "times" VALUES ( 19025, 12700, '15:28:00', '15:28:00', 20 );
INSERT INTO "times" VALUES ( 19025, 12710, '15:30:00', '15:34:00', 20 );
INSERT INTO "times" VALUES ( 19025, 12720, '15:36:00', '15:36:00', 20 );
INSERT INTO "times" VALUES ( 19025, 12730, '15:38:00', '15:38:00', 20 );
INSERT INTO "times" VALUES ( 19025, 12740, '15:41:00', '15:42:00', 20 );
INSERT INTO "times" VALUES ( 19025, 12750, '15:45:00', '15:45:00', 20 );
INSERT INTO "times" VALUES ( 19025, 12760, '15:48:00', '15:48:00', 20 );
INSERT INTO "times" VALUES ( 19025, 12770, '15:52:00', '15:52:00', 20 );
INSERT INTO "times" VALUES ( 19025, 12780, '15:56:00', '15:56:00', 20 );
INSERT INTO "times" VALUES ( 19025, 12790, '15:57:00', '15:57:00', 20 );
INSERT INTO "times" VALUES ( 19025, 12800, '15:59:00', '16:03:00', 20 );
INSERT INTO "times" VALUES ( 19025, 12810, '16:05:00', '16:05:00', 20 );
INSERT INTO "times" VALUES ( 19025, 12820, '16:06:00', '16:06:00', 20 );
INSERT INTO "times" VALUES ( 19025, 12830, '16:08:00', '16:08:00', 20 );
INSERT INTO "times" VALUES ( 19025, 12840, '16:09:00', '16:09:00', 20 );
INSERT INTO "times" VALUES ( 19025, 12850, '16:11:00', '16:11:00', 20 );
INSERT INTO "times" VALUES ( 19025, 12860, '16:12:00', '16:12:00', 20 );
INSERT INTO "times" VALUES ( 19025, 12870, '16:14:00', '16:14:00', 20 );
INSERT INTO "times" VALUES ( 19025, 12880, '16:16:00', '16:16:00', 20 );
INSERT INTO "times" VALUES ( 19025, 12890, '16:18:00', '16:18:00', 20 );
INSERT INTO "times" VALUES ( 19025, 12900, '16:20:00', '16:20:00', 20 );
INSERT INTO "times" VALUES ( 19025, 13510, '16:21:00', '16:21:00', 30 );
INSERT INTO "times" VALUES ( 19025, 13520, '16:24:00', NULL, NULL );

INSERT INTO "dias" VALUES ( 19026, 120, FALSE, TRUE, 'K1501A', 13520, 12510 );
INSERT INTO "dias_line_groups" VALUES ( 19026, 10 );
INSERT INTO "times" VALUES ( 19026, 12510, '16:40:00', NULL, NULL );
INSERT INTO "times" VALUES ( 19026, 12520, '16:38:00', '16:38:00', 20 );
INSERT INTO "times" VALUES ( 19026, 12530, '16:36:00', '16:36:00', 20 );
INSERT INTO "times" VALUES ( 19026, 12540, '16:33:00', '16:33:00', 20 );
INSERT INTO "times" VALUES ( 19026, 12610, '16:28:00', '16:28:00', 20 );
INSERT INTO "times" VALUES ( 19026, 12660, '16:24:00', '16:24:00', 20 );
INSERT INTO "times" VALUES ( 19026, 12670, '16:21:00', '16:21:00', 20 );
INSERT INTO "times" VALUES ( 19026, 12680, '16:18:00', '16:18:00', 20 );
INSERT INTO "times" VALUES ( 19026, 12690, '16:15:00', '16:15:00', 20 );
INSERT INTO "times" VALUES ( 19026, 12700, '16:13:00', '16:13:00', 20 );
INSERT INTO "times" VALUES ( 19026, 12710, '16:06:00', '16:11:00', 20 );
INSERT INTO "times" VALUES ( 19026, 12720, '16:04:00', '16:04:00', 20 );
INSERT INTO "times" VALUES ( 19026, 12730, '16:01:00', '16:01:00', 20 );
INSERT INTO "times" VALUES ( 19026, 12740, '15:59:00', '15:59:00', 20 );
INSERT INTO "times" VALUES ( 19026, 12750, '15:56:00', '15:56:00', 20 );
INSERT INTO "times" VALUES ( 19026, 12760, '15:54:00', '15:54:00', 20 );
INSERT INTO "times" VALUES ( 19026, 12770, '15:50:00', '15:50:00', 20 );
INSERT INTO "times" VALUES ( 19026, 12780, '15:45:00', '15:45:00', 20 );
INSERT INTO "times" VALUES ( 19026, 12790, '15:42:00', '15:42:00', 20 );
INSERT INTO "times" VALUES ( 19026, 12800, '15:37:00', '15:41:00', 20 );
INSERT INTO "times" VALUES ( 19026, 12810, '15:35:00', '15:35:00', 20 );
INSERT INTO "times" VALUES ( 19026, 12820, '15:33:00', '15:33:00', 20 );
INSERT INTO "times" VALUES ( 19026, 12830, '15:32:00', '15:32:00', 20 );
INSERT INTO "times" VALUES ( 19026, 12840, '15:30:00', '15:30:00', 20 );
INSERT INTO "times" VALUES ( 19026, 12850, '15:28:00', '15:28:00', 20 );
INSERT INTO "times" VALUES ( 19026, 12860, '15:26:00', '15:26:00', 20 );
INSERT INTO "times" VALUES ( 19026, 12870, '15:25:00', '15:25:00', 20 );
INSERT INTO "times" VALUES ( 19026, 12880, '15:23:00', '15:23:00', 20 );
INSERT INTO "times" VALUES ( 19026, 12890, '15:21:00', '15:21:00', 20 );
INSERT INTO "times" VALUES ( 19026, 12900, '15:16:00', '15:20:00', 20 );
INSERT INTO "times" VALUES ( 19026, 13510, '15:14:00', '15:14:00', 30 );
INSERT INTO "times" VALUES ( 19026, 13520, NULL, '15:12:00', 30 );

INSERT INTO "dias" VALUES ( 19027, 120, FALSE, TRUE, 'K1502Z', 12510, 13520 );
INSERT INTO "dias_line_groups" VALUES ( 19027, 10 );
INSERT INTO "times" VALUES ( 19027, 12510, NULL, '15:32:00', 20 );
INSERT INTO "times" VALUES ( 19027, 12520, '15:34:00', '15:34:00', 20 );
INSERT INTO "times" VALUES ( 19027, 12530, '15:36:00', '15:36:00', 20 );
INSERT INTO "times" VALUES ( 19027, 12540, '15:39:00', '15:39:00', 20 );
INSERT INTO "times" VALUES ( 19027, 12610, '15:44:00', '15:44:00', 20 );
INSERT INTO "times" VALUES ( 19027, 12660, '15:48:00', '15:48:00', 20 );
INSERT INTO "times" VALUES ( 19027, 12670, '15:51:00', '15:51:00', 20 );
INSERT INTO "times" VALUES ( 19027, 12680, '15:54:00', '15:54:00', 20 );
INSERT INTO "times" VALUES ( 19027, 12690, '15:56:00', '15:56:00', 20 );
INSERT INTO "times" VALUES ( 19027, 12700, '15:58:00', '15:58:00', 20 );
INSERT INTO "times" VALUES ( 19027, 12710, '16:00:00', '16:04:00', 20 );
INSERT INTO "times" VALUES ( 19027, 12720, '16:06:00', '16:06:00', 20 );
INSERT INTO "times" VALUES ( 19027, 12730, '16:08:00', '16:08:00', 20 );
INSERT INTO "times" VALUES ( 19027, 12740, '16:11:00', '16:12:00', 20 );
INSERT INTO "times" VALUES ( 19027, 12750, '16:15:00', '16:15:00', 20 );
INSERT INTO "times" VALUES ( 19027, 12760, '16:18:00', '16:18:00', 20 );
INSERT INTO "times" VALUES ( 19027, 12770, '16:22:00', '16:22:00', 20 );
INSERT INTO "times" VALUES ( 19027, 12780, '16:26:00', '16:26:00', 20 );
INSERT INTO "times" VALUES ( 19027, 12790, '16:27:00', '16:27:00', 20 );
INSERT INTO "times" VALUES ( 19027, 12800, '16:29:00', '16:33:00', 20 );
INSERT INTO "times" VALUES ( 19027, 12810, '16:35:00', '16:35:00', 20 );
INSERT INTO "times" VALUES ( 19027, 12820, '16:36:00', '16:36:00', 20 );
INSERT INTO "times" VALUES ( 19027, 12830, '16:38:00', '16:38:00', 20 );
INSERT INTO "times" VALUES ( 19027, 12840, '16:39:00', '16:39:00', 20 );
INSERT INTO "times" VALUES ( 19027, 12850, '16:41:00', '16:41:00', 20 );
INSERT INTO "times" VALUES ( 19027, 12860, '16:42:00', '16:42:00', 20 );
INSERT INTO "times" VALUES ( 19027, 12870, '16:44:00', '16:44:00', 20 );
INSERT INTO "times" VALUES ( 19027, 12880, '16:46:00', '16:46:00', 20 );
INSERT INTO "times" VALUES ( 19027, 12890, '16:48:00', '16:48:00', 20 );
INSERT INTO "times" VALUES ( 19027, 12900, '16:49:00', '16:53:00', 20 );
INSERT INTO "times" VALUES ( 19027, 13510, '16:55:00', '16:55:00', 30 );
INSERT INTO "times" VALUES ( 19027, 13520, '16:57:00', NULL, NULL );

INSERT INTO "dias" VALUES ( 19028, 120, FALSE, TRUE, 'K1503A', 13520, 12510 );
INSERT INTO "dias_line_groups" VALUES ( 19028, 10 );
INSERT INTO "times" VALUES ( 19028, 12510, '16:58:00', NULL, NULL );
INSERT INTO "times" VALUES ( 19028, 12520, '16:56:00', '16:56:00', 20 );
INSERT INTO "times" VALUES ( 19028, 12530, '16:54:00', '16:54:00', 20 );
INSERT INTO "times" VALUES ( 19028, 12540, '16:51:00', '16:51:00', 20 );
INSERT INTO "times" VALUES ( 19028, 12610, '16:46:00', '16:46:00', 20 );
INSERT INTO "times" VALUES ( 19028, 12660, '16:42:00', '16:42:00', 20 );
INSERT INTO "times" VALUES ( 19028, 12670, '16:39:00', '16:39:00', 20 );
INSERT INTO "times" VALUES ( 19028, 12680, '16:33:00', '16:36:00', 20 );
INSERT INTO "times" VALUES ( 19028, 12690, '16:30:00', '16:30:00', 20 );
INSERT INTO "times" VALUES ( 19028, 12700, '16:28:00', '16:28:00', 20 );
INSERT INTO "times" VALUES ( 19028, 12710, '16:19:00', '16:26:00', 20 );
INSERT INTO "times" VALUES ( 19028, 12720, '16:16:00', '16:16:00', 20 );
INSERT INTO "times" VALUES ( 19028, 12730, '16:14:00', '16:14:00', 20 );
INSERT INTO "times" VALUES ( 19028, 12740, '16:11:00', '16:11:00', 20 );
INSERT INTO "times" VALUES ( 19028, 12750, '16:08:00', '16:08:00', 20 );
INSERT INTO "times" VALUES ( 19028, 12760, '16:06:00', '16:06:00', 20 );
INSERT INTO "times" VALUES ( 19028, 12770, '15:59:00', '16:02:00', 20 );
INSERT INTO "times" VALUES ( 19028, 12780, '15:55:00', '15:55:00', 20 );
INSERT INTO "times" VALUES ( 19028, 12790, '15:52:00', '15:52:00', 20 );
INSERT INTO "times" VALUES ( 19028, 12800, '15:47:00', '15:51:00', 20 );
INSERT INTO "times" VALUES ( 19028, 12810, '15:45:00', '15:45:00', 20 );
INSERT INTO "times" VALUES ( 19028, 12820, '15:43:00', '15:43:00', 20 );
INSERT INTO "times" VALUES ( 19028, 12830, '15:42:00', '15:42:00', 20 );
INSERT INTO "times" VALUES ( 19028, 12840, '15:40:00', '15:40:00', 20 );
INSERT INTO "times" VALUES ( 19028, 12850, '15:38:00', '15:38:00', 20 );
INSERT INTO "times" VALUES ( 19028, 12860, '15:36:00', '15:36:00', 20 );
INSERT INTO "times" VALUES ( 19028, 12870, '15:35:00', '15:35:00', 20 );
INSERT INTO "times" VALUES ( 19028, 12880, '15:33:00', '15:33:00', 20 );
INSERT INTO "times" VALUES ( 19028, 12890, '15:31:00', '15:31:00', 20 );
INSERT INTO "times" VALUES ( 19028, 12900, '15:25:00', '15:30:00', 20 );
INSERT INTO "times" VALUES ( 19028, 13510, '15:23:00', '15:23:00', 30 );
INSERT INTO "times" VALUES ( 19028, 13520, NULL, '15:21:00', 30 );

INSERT INTO "dias" VALUES ( 19029, 120, FALSE, TRUE, 'K1504Z', 12510, 13520 );
INSERT INTO "dias_line_groups" VALUES ( 19029, 10 );
INSERT INTO "times" VALUES ( 19029, 12510, NULL, '15:43:00', 20 );
INSERT INTO "times" VALUES ( 19029, 12520, '15:45:00', '15:45:00', 20 );
INSERT INTO "times" VALUES ( 19029, 12530, '15:47:00', '15:47:00', 20 );
INSERT INTO "times" VALUES ( 19029, 12540, '15:50:00', '15:50:00', 20 );
INSERT INTO "times" VALUES ( 19029, 12610, '15:55:00', '15:55:00', 20 );
INSERT INTO "times" VALUES ( 19029, 12660, '15:59:00', '15:59:00', 20 );
INSERT INTO "times" VALUES ( 19029, 12670, '16:02:00', '16:02:00', 20 );
INSERT INTO "times" VALUES ( 19029, 12680, '16:05:00', '16:08:00', 20 );
INSERT INTO "times" VALUES ( 19029, 12690, '16:10:00', '16:10:00', 20 );
INSERT INTO "times" VALUES ( 19029, 12700, '16:12:00', '16:12:00', 20 );
INSERT INTO "times" VALUES ( 19029, 12710, '16:15:00', '16:15:00', 20 );
INSERT INTO "times" VALUES ( 19029, 12720, '16:16:00', '16:16:00', 20 );
INSERT INTO "times" VALUES ( 19029, 12730, '16:19:00', '16:19:00', 20 );
INSERT INTO "times" VALUES ( 19029, 12740, '16:22:00', '16:22:00', 20 );
INSERT INTO "times" VALUES ( 19029, 12750, '16:25:00', '16:25:00', 20 );
INSERT INTO "times" VALUES ( 19029, 12760, '16:28:00', '16:28:00', 20 );
INSERT INTO "times" VALUES ( 19029, 12770, '16:32:00', '16:32:00', 20 );
INSERT INTO "times" VALUES ( 19029, 12780, '16:36:00', '16:36:00', 20 );
INSERT INTO "times" VALUES ( 19029, 12790, '16:37:00', '16:37:00', 20 );
INSERT INTO "times" VALUES ( 19029, 12800, '16:39:00', '16:43:00', 20 );
INSERT INTO "times" VALUES ( 19029, 12810, '16:45:00', '16:45:00', 20 );
INSERT INTO "times" VALUES ( 19029, 12820, '16:46:00', '16:46:00', 20 );
INSERT INTO "times" VALUES ( 19029, 12830, '16:48:00', '16:48:00', 20 );
INSERT INTO "times" VALUES ( 19029, 12840, '16:49:00', '16:49:00', 20 );
INSERT INTO "times" VALUES ( 19029, 12850, '16:51:00', '16:51:00', 20 );
INSERT INTO "times" VALUES ( 19029, 12860, '16:52:00', '16:52:00', 20 );
INSERT INTO "times" VALUES ( 19029, 12870, '16:54:00', '16:54:00', 20 );
INSERT INTO "times" VALUES ( 19029, 12880, '16:56:00', '16:56:00', 20 );
INSERT INTO "times" VALUES ( 19029, 12890, '16:58:00', '16:58:00', 20 );
INSERT INTO "times" VALUES ( 19029, 12900, '16:59:00', '17:00:00', 20 );
INSERT INTO "times" VALUES ( 19029, 13510, '17:02:00', '17:02:00', 30 );
INSERT INTO "times" VALUES ( 19029, 13520, '17:05:00', NULL, NULL );

INSERT INTO "dias" VALUES ( 19030, 120, FALSE, TRUE, 'K1505A', 13520, 12510 );
INSERT INTO "dias_line_groups" VALUES ( 19030, 10 );
INSERT INTO "times" VALUES ( 19030, 12510, '17:10:00', NULL, NULL );
INSERT INTO "times" VALUES ( 19030, 12520, '17:08:00', '17:08:00', 20 );
INSERT INTO "times" VALUES ( 19030, 12530, '17:06:00', '17:06:00', 20 );
INSERT INTO "times" VALUES ( 19030, 12540, '17:03:00', '17:03:00', 20 );
INSERT INTO "times" VALUES ( 19030, 12610, '16:58:00', '16:58:00', 20 );
INSERT INTO "times" VALUES ( 19030, 12660, '16:54:00', '16:54:00', 20 );
INSERT INTO "times" VALUES ( 19030, 12670, '16:51:00', '16:51:00', 20 );
INSERT INTO "times" VALUES ( 19030, 12680, '16:48:00', '16:48:00', 20 );
INSERT INTO "times" VALUES ( 19030, 12690, '16:46:00', '16:46:00', 20 );
INSERT INTO "times" VALUES ( 19030, 12700, '16:43:00', '16:43:00', 20 );
INSERT INTO "times" VALUES ( 19030, 12710, '16:36:00', '16:42:00', 20 );
INSERT INTO "times" VALUES ( 19030, 12720, '16:34:00', '16:34:00', 20 );
INSERT INTO "times" VALUES ( 19030, 12730, '16:31:00', '16:31:00', 20 );
INSERT INTO "times" VALUES ( 19030, 12740, '16:29:00', '16:29:00', 20 );
INSERT INTO "times" VALUES ( 19030, 12750, '16:26:00', '16:26:00', 20 );
INSERT INTO "times" VALUES ( 19030, 12760, '16:24:00', '16:24:00', 20 );
INSERT INTO "times" VALUES ( 19030, 12770, '16:20:00', '16:20:00', 20 );
INSERT INTO "times" VALUES ( 19030, 12780, '16:15:00', '16:15:00', 20 );
INSERT INTO "times" VALUES ( 19030, 12790, '16:13:00', '16:13:00', 20 );
INSERT INTO "times" VALUES ( 19030, 12800, '16:08:00', '16:11:00', 20 );
INSERT INTO "times" VALUES ( 19030, 12810, '16:05:00', '16:05:00', 20 );
INSERT INTO "times" VALUES ( 19030, 12820, '16:04:00', '16:04:00', 20 );
INSERT INTO "times" VALUES ( 19030, 12830, '16:02:00', '16:02:00', 20 );
INSERT INTO "times" VALUES ( 19030, 12840, '16:00:00', '16:00:00', 20 );
INSERT INTO "times" VALUES ( 19030, 12850, '15:59:00', '15:59:00', 20 );
INSERT INTO "times" VALUES ( 19030, 12860, '15:57:00', '15:57:00', 20 );
INSERT INTO "times" VALUES ( 19030, 12870, '15:55:00', '15:55:00', 20 );
INSERT INTO "times" VALUES ( 19030, 12880, '15:53:00', '15:53:00', 20 );
INSERT INTO "times" VALUES ( 19030, 12890, '15:52:00', '15:52:00', 20 );
INSERT INTO "times" VALUES ( 19030, 12900, '15:44:00', '15:50:00', 20 );
INSERT INTO "times" VALUES ( 19030, 13510, '15:42:00', '15:42:00', 30 );
INSERT INTO "times" VALUES ( 19030, 13520, NULL, '15:40:00', 30 );

INSERT INTO "dias" VALUES ( 19031, 120, FALSE, TRUE, 'K1507A', 13520, 12510 );
INSERT INTO "dias_line_groups" VALUES ( 19031, 10 );
INSERT INTO "times" VALUES ( 19031, 12510, '17:28:00', NULL, NULL );
INSERT INTO "times" VALUES ( 19031, 12520, '17:26:00', '17:26:00', 20 );
INSERT INTO "times" VALUES ( 19031, 12530, '17:24:00', '17:24:00', 20 );
INSERT INTO "times" VALUES ( 19031, 12540, '17:21:00', '17:21:00', 20 );
INSERT INTO "times" VALUES ( 19031, 12610, '17:16:00', '17:16:00', 20 );
INSERT INTO "times" VALUES ( 19031, 12660, '17:12:00', '17:12:00', 20 );
INSERT INTO "times" VALUES ( 19031, 12670, '17:09:00', '17:09:00', 20 );
INSERT INTO "times" VALUES ( 19031, 12680, '17:03:00', '17:06:00', 20 );
INSERT INTO "times" VALUES ( 19031, 12690, '17:00:00', '17:00:00', 20 );
INSERT INTO "times" VALUES ( 19031, 12700, '16:58:00', '16:58:00', 20 );
INSERT INTO "times" VALUES ( 19031, 12710, '16:56:00', '16:56:00', 20 );
INSERT INTO "times" VALUES ( 19031, 12720, '16:53:00', '16:53:00', 20 );
INSERT INTO "times" VALUES ( 19031, 12730, '16:51:00', '16:51:00', 20 );
INSERT INTO "times" VALUES ( 19031, 12740, '16:42:00', '16:48:00', 20 );
INSERT INTO "times" VALUES ( 19031, 12750, '16:38:00', '16:38:00', 20 );
INSERT INTO "times" VALUES ( 19031, 12760, '16:36:00', '16:36:00', 20 );
INSERT INTO "times" VALUES ( 19031, 12770, '16:29:00', '16:32:00', 20 );
INSERT INTO "times" VALUES ( 19031, 12780, '16:25:00', '16:25:00', 20 );
INSERT INTO "times" VALUES ( 19031, 12790, '16:22:00', '16:22:00', 20 );
INSERT INTO "times" VALUES ( 19031, 12800, '16:17:00', '16:21:00', 20 );
INSERT INTO "times" VALUES ( 19031, 12810, '16:15:00', '16:15:00', 20 );
INSERT INTO "times" VALUES ( 19031, 12820, '16:13:00', '16:13:00', 20 );
INSERT INTO "times" VALUES ( 19031, 12830, '16:12:00', '16:12:00', 20 );
INSERT INTO "times" VALUES ( 19031, 12840, '16:10:00', '16:10:00', 20 );
INSERT INTO "times" VALUES ( 19031, 12850, '16:08:00', '16:08:00', 20 );
INSERT INTO "times" VALUES ( 19031, 12860, '16:06:00', '16:06:00', 20 );
INSERT INTO "times" VALUES ( 19031, 12870, '16:05:00', '16:05:00', 20 );
INSERT INTO "times" VALUES ( 19031, 12880, '16:03:00', '16:03:00', 20 );
INSERT INTO "times" VALUES ( 19031, 12890, '16:01:00', '16:01:00', 20 );
INSERT INTO "times" VALUES ( 19031, 12900, '15:56:00', '16:00:00', 20 );
INSERT INTO "times" VALUES ( 19031, 13510, '15:54:00', '15:54:00', 30 );
INSERT INTO "times" VALUES ( 19031, 13520, NULL, '15:52:00', 30 );

INSERT INTO "dias" VALUES ( 19032, 120, FALSE, TRUE, 'K1600Z', 12510, 13520 );
INSERT INTO "dias_line_groups" VALUES ( 19032, 10 );
INSERT INTO "times" VALUES ( 19032, 12510, NULL, '16:02:00', 20 );
INSERT INTO "times" VALUES ( 19032, 12520, '16:04:00', '16:04:00', 20 );
INSERT INTO "times" VALUES ( 19032, 12530, '16:06:00', '16:06:00', 20 );
INSERT INTO "times" VALUES ( 19032, 12540, '16:09:00', '16:09:00', 20 );
INSERT INTO "times" VALUES ( 19032, 12610, '16:14:00', '16:14:00', 20 );
INSERT INTO "times" VALUES ( 19032, 12660, '16:18:00', '16:18:00', 20 );
INSERT INTO "times" VALUES ( 19032, 12670, '16:21:00', '16:21:00', 20 );
INSERT INTO "times" VALUES ( 19032, 12680, '16:24:00', '16:24:00', 20 );
INSERT INTO "times" VALUES ( 19032, 12690, '16:26:00', '16:26:00', 20 );
INSERT INTO "times" VALUES ( 19032, 12700, '16:28:00', '16:28:00', 20 );
INSERT INTO "times" VALUES ( 19032, 12710, '16:30:00', '16:34:00', 20 );
INSERT INTO "times" VALUES ( 19032, 12720, '16:36:00', '16:36:00', 20 );
INSERT INTO "times" VALUES ( 19032, 12730, '16:38:00', '16:38:00', 20 );
INSERT INTO "times" VALUES ( 19032, 12740, '16:41:00', '16:42:00', 20 );
INSERT INTO "times" VALUES ( 19032, 12750, '16:45:00', '16:45:00', 20 );
INSERT INTO "times" VALUES ( 19032, 12760, '16:48:00', '16:48:00', 20 );
INSERT INTO "times" VALUES ( 19032, 12770, '16:52:00', '16:52:00', 20 );
INSERT INTO "times" VALUES ( 19032, 12780, '16:56:00', '16:56:00', 20 );
INSERT INTO "times" VALUES ( 19032, 12790, '16:57:00', '16:57:00', 20 );
INSERT INTO "times" VALUES ( 19032, 12800, '16:59:00', '17:03:00', 20 );
INSERT INTO "times" VALUES ( 19032, 12810, '17:05:00', '17:05:00', 20 );
INSERT INTO "times" VALUES ( 19032, 12820, '17:06:00', '17:06:00', 20 );
INSERT INTO "times" VALUES ( 19032, 12830, '17:08:00', '17:08:00', 20 );
INSERT INTO "times" VALUES ( 19032, 12840, '17:09:00', '17:09:00', 20 );
INSERT INTO "times" VALUES ( 19032, 12850, '17:11:00', '17:11:00', 20 );
INSERT INTO "times" VALUES ( 19032, 12860, '17:12:00', '17:12:00', 20 );
INSERT INTO "times" VALUES ( 19032, 12870, '17:14:00', '17:14:00', 20 );
INSERT INTO "times" VALUES ( 19032, 12880, '17:16:00', '17:16:00', 20 );
INSERT INTO "times" VALUES ( 19032, 12890, '17:18:00', '17:18:00', 20 );
INSERT INTO "times" VALUES ( 19032, 12900, '17:19:00', '17:23:00', 20 );
INSERT INTO "times" VALUES ( 19032, 13510, '17:25:00', '17:25:00', 30 );
INSERT INTO "times" VALUES ( 19032, 13520, '17:27:00', NULL, NULL );

INSERT INTO "dias" VALUES ( 19033, 120, FALSE, TRUE, 'K1601A', 13520, 12510 );
INSERT INTO "dias_line_groups" VALUES ( 19033, 10 );
INSERT INTO "times" VALUES ( 19033, 12510, '17:41:00', NULL, NULL );
INSERT INTO "times" VALUES ( 19033, 12520, '17:38:00', '17:38:00', 20 );
INSERT INTO "times" VALUES ( 19033, 12530, '17:36:00', '17:36:00', 20 );
INSERT INTO "times" VALUES ( 19033, 12540, '17:33:00', '17:33:00', 20 );
INSERT INTO "times" VALUES ( 19033, 12610, '17:28:00', '17:28:00', 20 );
INSERT INTO "times" VALUES ( 19033, 12660, '17:24:00', '17:24:00', 20 );
INSERT INTO "times" VALUES ( 19033, 12670, '17:21:00', '17:21:00', 20 );
INSERT INTO "times" VALUES ( 19033, 12680, '17:18:00', '17:18:00', 20 );
INSERT INTO "times" VALUES ( 19033, 12690, '17:16:00', '17:16:00', 20 );
INSERT INTO "times" VALUES ( 19033, 12700, '17:13:00', '17:13:00', 20 );
INSERT INTO "times" VALUES ( 19033, 12710, '17:07:00', '17:12:00', 20 );
INSERT INTO "times" VALUES ( 19033, 12720, '17:04:00', '17:04:00', 20 );
INSERT INTO "times" VALUES ( 19033, 12730, '17:02:00', '17:02:00', 20 );
INSERT INTO "times" VALUES ( 19033, 12740, '17:00:00', '17:00:00', 20 );
INSERT INTO "times" VALUES ( 19033, 12750, '16:56:00', '16:56:00', 20 );
INSERT INTO "times" VALUES ( 19033, 12760, '16:54:00', '16:54:00', 20 );
INSERT INTO "times" VALUES ( 19033, 12770, '16:50:00', '16:50:00', 20 );
INSERT INTO "times" VALUES ( 19033, 12780, '16:45:00', '16:45:00', 20 );
INSERT INTO "times" VALUES ( 19033, 12790, '16:43:00', '16:43:00', 20 );
INSERT INTO "times" VALUES ( 19033, 12800, '16:38:00', '16:41:00', 20 );
INSERT INTO "times" VALUES ( 19033, 12810, '16:35:00', '16:35:00', 20 );
INSERT INTO "times" VALUES ( 19033, 12820, '16:34:00', '16:34:00', 20 );
INSERT INTO "times" VALUES ( 19033, 12830, '16:32:00', '16:32:00', 20 );
INSERT INTO "times" VALUES ( 19033, 12840, '16:30:00', '16:30:00', 20 );
INSERT INTO "times" VALUES ( 19033, 12850, '16:29:00', '16:29:00', 20 );
INSERT INTO "times" VALUES ( 19033, 12860, '16:27:00', '16:27:00', 20 );
INSERT INTO "times" VALUES ( 19033, 12870, '16:25:00', '16:25:00', 20 );
INSERT INTO "times" VALUES ( 19033, 12880, '16:23:00', '16:23:00', 20 );
INSERT INTO "times" VALUES ( 19033, 12890, '16:22:00', '16:22:00', 20 );
INSERT INTO "times" VALUES ( 19033, 12900, '16:14:00', '16:20:00', 20 );
INSERT INTO "times" VALUES ( 19033, 13510, '16:12:00', '16:12:00', 30 );
INSERT INTO "times" VALUES ( 19033, 13520, NULL, '16:10:00', 30 );

INSERT INTO "dias" VALUES ( 19034, 120, FALSE, TRUE, 'K1602Z', 12510, 13520 );
INSERT INTO "dias_line_groups" VALUES ( 19034, 10 );
INSERT INTO "times" VALUES ( 19034, 12510, NULL, '16:13:00', 20 );
INSERT INTO "times" VALUES ( 19034, 12520, '16:15:00', '16:15:00', 20 );
INSERT INTO "times" VALUES ( 19034, 12530, '16:17:00', '16:17:00', 20 );
INSERT INTO "times" VALUES ( 19034, 12540, '16:20:00', '16:20:00', 20 );
INSERT INTO "times" VALUES ( 19034, 12610, '16:25:00', '16:25:00', 20 );
INSERT INTO "times" VALUES ( 19034, 12660, '16:29:00', '16:29:00', 20 );
INSERT INTO "times" VALUES ( 19034, 12670, '16:32:00', '16:32:00', 20 );
INSERT INTO "times" VALUES ( 19034, 12680, '16:35:00', '16:38:00', 20 );
INSERT INTO "times" VALUES ( 19034, 12690, '16:40:00', '16:40:00', 20 );
INSERT INTO "times" VALUES ( 19034, 12700, '16:42:00', '16:42:00', 20 );
INSERT INTO "times" VALUES ( 19034, 12710, '16:45:00', '16:45:00', 20 );
INSERT INTO "times" VALUES ( 19034, 12720, '16:46:00', '16:46:00', 20 );
INSERT INTO "times" VALUES ( 19034, 12730, '16:49:00', '16:49:00', 20 );
INSERT INTO "times" VALUES ( 19034, 12740, '16:52:00', '16:52:00', 20 );
INSERT INTO "times" VALUES ( 19034, 12750, '16:55:00', '16:55:00', 20 );
INSERT INTO "times" VALUES ( 19034, 12760, '16:58:00', '16:58:00', 20 );
INSERT INTO "times" VALUES ( 19034, 12770, '17:02:00', '17:02:00', 20 );
INSERT INTO "times" VALUES ( 19034, 12780, '17:06:00', '17:06:00', 20 );
INSERT INTO "times" VALUES ( 19034, 12790, '17:07:00', '17:07:00', 20 );
INSERT INTO "times" VALUES ( 19034, 12800, '17:09:00', '17:13:00', 20 );
INSERT INTO "times" VALUES ( 19034, 12810, '17:15:00', '17:15:00', 20 );
INSERT INTO "times" VALUES ( 19034, 12820, '17:16:00', '17:16:00', 20 );
INSERT INTO "times" VALUES ( 19034, 12830, '17:18:00', '17:18:00', 20 );
INSERT INTO "times" VALUES ( 19034, 12840, '17:19:00', '17:19:00', 20 );
INSERT INTO "times" VALUES ( 19034, 12850, '17:21:00', '17:21:00', 20 );
INSERT INTO "times" VALUES ( 19034, 12860, '17:22:00', '17:22:00', 20 );
INSERT INTO "times" VALUES ( 19034, 12870, '17:24:00', '17:24:00', 20 );
INSERT INTO "times" VALUES ( 19034, 12880, '17:26:00', '17:26:00', 20 );
INSERT INTO "times" VALUES ( 19034, 12890, '17:28:00', '17:28:00', 20 );
INSERT INTO "times" VALUES ( 19034, 12900, '17:29:00', '17:30:00', 20 );
INSERT INTO "times" VALUES ( 19034, 13510, '17:32:00', '17:32:00', 30 );
INSERT INTO "times" VALUES ( 19034, 13520, '17:35:00', NULL, NULL );

INSERT INTO "dias" VALUES ( 19035, 120, FALSE, TRUE, 'K1603A', 13520, 12510 );
INSERT INTO "dias_line_groups" VALUES ( 19035, 10 );
INSERT INTO "times" VALUES ( 19035, 12510, '17:58:00', NULL, NULL );
INSERT INTO "times" VALUES ( 19035, 12520, '17:56:00', '17:56:00', 20 );
INSERT INTO "times" VALUES ( 19035, 12530, '17:54:00', '17:54:00', 20 );
INSERT INTO "times" VALUES ( 19035, 12540, '17:51:00', '17:51:00', 20 );
INSERT INTO "times" VALUES ( 19035, 12610, '17:46:00', '17:46:00', 20 );
INSERT INTO "times" VALUES ( 19035, 12660, '17:42:00', '17:42:00', 20 );
INSERT INTO "times" VALUES ( 19035, 12670, '17:39:00', '17:39:00', 20 );
INSERT INTO "times" VALUES ( 19035, 12680, '17:33:00', '17:36:00', 20 );
INSERT INTO "times" VALUES ( 19035, 12690, '17:30:00', '17:30:00', 20 );
INSERT INTO "times" VALUES ( 19035, 12700, '17:28:00', '17:28:00', 20 );
INSERT INTO "times" VALUES ( 19035, 12710, '17:19:00', '17:26:00', 20 );
INSERT INTO "times" VALUES ( 19035, 12720, '17:16:00', '17:16:00', 20 );
INSERT INTO "times" VALUES ( 19035, 12730, '17:14:00', '17:14:00', 20 );
INSERT INTO "times" VALUES ( 19035, 12740, '17:11:00', '17:11:00', 20 );
INSERT INTO "times" VALUES ( 19035, 12750, '17:08:00', '17:08:00', 20 );
INSERT INTO "times" VALUES ( 19035, 12760, '17:06:00', '17:06:00', 20 );
INSERT INTO "times" VALUES ( 19035, 12770, '16:59:00', '17:02:00', 20 );
INSERT INTO "times" VALUES ( 19035, 12780, '16:55:00', '16:55:00', 20 );
INSERT INTO "times" VALUES ( 19035, 12790, '16:53:00', '16:53:00', 20 );
INSERT INTO "times" VALUES ( 19035, 12800, '16:47:00', '16:51:00', 20 );
INSERT INTO "times" VALUES ( 19035, 12810, '16:45:00', '16:45:00', 20 );
INSERT INTO "times" VALUES ( 19035, 12820, '16:43:00', '16:43:00', 20 );
INSERT INTO "times" VALUES ( 19035, 12830, '16:42:00', '16:42:00', 20 );
INSERT INTO "times" VALUES ( 19035, 12840, '16:40:00', '16:40:00', 20 );
INSERT INTO "times" VALUES ( 19035, 12850, '16:39:00', '16:39:00', 20 );
INSERT INTO "times" VALUES ( 19035, 12860, '16:37:00', '16:37:00', 20 );
INSERT INTO "times" VALUES ( 19035, 12870, '16:35:00', '16:35:00', 20 );
INSERT INTO "times" VALUES ( 19035, 12880, '16:33:00', '16:33:00', 20 );
INSERT INTO "times" VALUES ( 19035, 12890, '16:31:00', '16:31:00', 20 );
INSERT INTO "times" VALUES ( 19035, 12900, '16:26:00', '16:30:00', 20 );
INSERT INTO "times" VALUES ( 19035, 13510, '16:24:00', '16:24:00', 30 );
INSERT INTO "times" VALUES ( 19035, 13520, NULL, '16:22:00', 30 );

INSERT INTO "dias" VALUES ( 19036, 120, FALSE, TRUE, 'K1604Z', 12510, 13520 );
INSERT INTO "dias_line_groups" VALUES ( 19036, 10 );
INSERT INTO "times" VALUES ( 19036, 12510, NULL, '16:32:00', 20 );
INSERT INTO "times" VALUES ( 19036, 12520, '16:33:00', '16:33:00', 20 );
INSERT INTO "times" VALUES ( 19036, 12530, '16:35:00', '16:35:00', 20 );
INSERT INTO "times" VALUES ( 19036, 12540, '16:39:00', '16:39:00', 20 );
INSERT INTO "times" VALUES ( 19036, 12610, '16:44:00', '16:44:00', 20 );
INSERT INTO "times" VALUES ( 19036, 12660, '16:48:00', '16:48:00', 20 );
INSERT INTO "times" VALUES ( 19036, 12670, '16:51:00', '16:51:00', 20 );
INSERT INTO "times" VALUES ( 19036, 12680, '16:54:00', '16:54:00', 20 );
INSERT INTO "times" VALUES ( 19036, 12690, '16:56:00', '16:56:00', 20 );
INSERT INTO "times" VALUES ( 19036, 12700, '16:58:00', '16:58:00', 20 );
INSERT INTO "times" VALUES ( 19036, 12710, '17:00:00', '17:04:00', 20 );
INSERT INTO "times" VALUES ( 19036, 12720, '17:06:00', '17:06:00', 20 );
INSERT INTO "times" VALUES ( 19036, 12730, '17:08:00', '17:08:00', 20 );
INSERT INTO "times" VALUES ( 19036, 12740, '17:11:00', '17:12:00', 20 );
INSERT INTO "times" VALUES ( 19036, 12750, '17:15:00', '17:15:00', 20 );
INSERT INTO "times" VALUES ( 19036, 12760, '17:18:00', '17:18:00', 20 );
INSERT INTO "times" VALUES ( 19036, 12770, '17:22:00', '17:22:00', 20 );
INSERT INTO "times" VALUES ( 19036, 12780, '17:26:00', '17:26:00', 20 );
INSERT INTO "times" VALUES ( 19036, 12790, '17:27:00', '17:27:00', 20 );
INSERT INTO "times" VALUES ( 19036, 12800, '17:29:00', '17:33:00', 20 );
INSERT INTO "times" VALUES ( 19036, 12810, '17:35:00', '17:35:00', 20 );
INSERT INTO "times" VALUES ( 19036, 12820, '17:36:00', '17:36:00', 20 );
INSERT INTO "times" VALUES ( 19036, 12830, '17:38:00', '17:38:00', 20 );
INSERT INTO "times" VALUES ( 19036, 12840, '17:39:00', '17:39:00', 20 );
INSERT INTO "times" VALUES ( 19036, 12850, '17:41:00', '17:41:00', 20 );
INSERT INTO "times" VALUES ( 19036, 12860, '17:42:00', '17:42:00', 20 );
INSERT INTO "times" VALUES ( 19036, 12870, '17:44:00', '17:44:00', 20 );
INSERT INTO "times" VALUES ( 19036, 12880, '17:46:00', '17:46:00', 20 );
INSERT INTO "times" VALUES ( 19036, 12890, '17:48:00', '17:48:00', 20 );
INSERT INTO "times" VALUES ( 19036, 12900, '17:49:00', '17:53:00', 20 );
INSERT INTO "times" VALUES ( 19036, 13510, '17:55:00', '17:55:00', 30 );
INSERT INTO "times" VALUES ( 19036, 13520, '17:58:00', NULL, NULL );

INSERT INTO "dias" VALUES ( 19037, 120, FALSE, TRUE, 'K1605A', 13520, 12510 );
INSERT INTO "dias_line_groups" VALUES ( 19037, 10 );
INSERT INTO "times" VALUES ( 19037, 12510, '18:10:00', NULL, NULL );
INSERT INTO "times" VALUES ( 19037, 12520, '18:08:00', '18:08:00', 20 );
INSERT INTO "times" VALUES ( 19037, 12530, '18:06:00', '18:06:00', 20 );
INSERT INTO "times" VALUES ( 19037, 12540, '18:03:00', '18:03:00', 20 );
INSERT INTO "times" VALUES ( 19037, 12610, '17:58:00', '17:58:00', 20 );
INSERT INTO "times" VALUES ( 19037, 12660, '17:54:00', '17:54:00', 20 );
INSERT INTO "times" VALUES ( 19037, 12670, '17:51:00', '17:51:00', 20 );
INSERT INTO "times" VALUES ( 19037, 12680, '17:48:00', '17:48:00', 20 );
INSERT INTO "times" VALUES ( 19037, 12690, '17:46:00', '17:46:00', 20 );
INSERT INTO "times" VALUES ( 19037, 12700, '17:43:00', '17:43:00', 20 );
INSERT INTO "times" VALUES ( 19037, 12710, '17:37:00', '17:42:00', 20 );
INSERT INTO "times" VALUES ( 19037, 12720, '17:34:00', '17:34:00', 20 );
INSERT INTO "times" VALUES ( 19037, 12730, '17:32:00', '17:32:00', 20 );
INSERT INTO "times" VALUES ( 19037, 12740, '17:29:00', '17:29:00', 20 );
INSERT INTO "times" VALUES ( 19037, 12750, '17:26:00', '17:26:00', 20 );
INSERT INTO "times" VALUES ( 19037, 12760, '17:24:00', '17:24:00', 20 );
INSERT INTO "times" VALUES ( 19037, 12770, '17:20:00', '17:20:00', 20 );
INSERT INTO "times" VALUES ( 19037, 12780, '17:15:00', '17:15:00', 20 );
INSERT INTO "times" VALUES ( 19037, 12790, '17:13:00', '17:13:00', 20 );
INSERT INTO "times" VALUES ( 19037, 12800, '17:08:00', '17:11:00', 20 );
INSERT INTO "times" VALUES ( 19037, 12810, '17:05:00', '17:05:00', 20 );
INSERT INTO "times" VALUES ( 19037, 12820, '17:04:00', '17:04:00', 20 );
INSERT INTO "times" VALUES ( 19037, 12830, '17:02:00', '17:02:00', 20 );
INSERT INTO "times" VALUES ( 19037, 12840, '17:00:00', '17:00:00', 20 );
INSERT INTO "times" VALUES ( 19037, 12850, '16:59:00', '16:59:00', 20 );
INSERT INTO "times" VALUES ( 19037, 12860, '16:57:00', '16:57:00', 20 );
INSERT INTO "times" VALUES ( 19037, 12870, '16:55:00', '16:55:00', 20 );
INSERT INTO "times" VALUES ( 19037, 12880, '16:53:00', '16:53:00', 20 );
INSERT INTO "times" VALUES ( 19037, 12890, '16:52:00', '16:52:00', 20 );
INSERT INTO "times" VALUES ( 19037, 12900, '16:44:00', '16:50:00', 20 );
INSERT INTO "times" VALUES ( 19037, 13510, '16:42:00', '16:42:00', 30 );
INSERT INTO "times" VALUES ( 19037, 13520, NULL, '16:40:00', 30 );

INSERT INTO "dias" VALUES ( 19038, 120, FALSE, TRUE, 'K1606Z', 12510, 13520 );
INSERT INTO "dias_line_groups" VALUES ( 19038, 10 );
INSERT INTO "times" VALUES ( 19038, 12510, NULL, '16:43:00', 20 );
INSERT INTO "times" VALUES ( 19038, 12520, '16:45:00', '16:45:00', 20 );
INSERT INTO "times" VALUES ( 19038, 12530, '16:47:00', '16:47:00', 20 );
INSERT INTO "times" VALUES ( 19038, 12540, '16:50:00', '16:50:00', 20 );
INSERT INTO "times" VALUES ( 19038, 12610, '16:55:00', '16:55:00', 20 );
INSERT INTO "times" VALUES ( 19038, 12660, '17:00:00', '17:00:00', 20 );
INSERT INTO "times" VALUES ( 19038, 12670, '17:02:00', '17:02:00', 20 );
INSERT INTO "times" VALUES ( 19038, 12680, '17:05:00', '17:08:00', 20 );
INSERT INTO "times" VALUES ( 19038, 12690, '17:10:00', '17:10:00', 20 );
INSERT INTO "times" VALUES ( 19038, 12700, '17:12:00', '17:12:00', 20 );
INSERT INTO "times" VALUES ( 19038, 12710, '17:15:00', '17:15:00', 20 );
INSERT INTO "times" VALUES ( 19038, 12720, '17:16:00', '17:16:00', 20 );
INSERT INTO "times" VALUES ( 19038, 12730, '17:19:00', '17:19:00', 20 );
INSERT INTO "times" VALUES ( 19038, 12740, '17:22:00', '17:22:00', 20 );
INSERT INTO "times" VALUES ( 19038, 12750, '17:25:00', '17:25:00', 20 );
INSERT INTO "times" VALUES ( 19038, 12760, '17:28:00', '17:28:00', 20 );
INSERT INTO "times" VALUES ( 19038, 12770, '17:32:00', '17:32:00', 20 );
INSERT INTO "times" VALUES ( 19038, 12780, '17:36:00', '17:36:00', 20 );
INSERT INTO "times" VALUES ( 19038, 12790, '17:37:00', '17:37:00', 20 );
INSERT INTO "times" VALUES ( 19038, 12800, '17:39:00', '17:43:00', 20 );
INSERT INTO "times" VALUES ( 19038, 12810, '17:45:00', '17:45:00', 20 );
INSERT INTO "times" VALUES ( 19038, 12820, '17:46:00', '17:46:00', 20 );
INSERT INTO "times" VALUES ( 19038, 12830, '17:48:00', '17:48:00', 20 );
INSERT INTO "times" VALUES ( 19038, 12840, '17:49:00', '17:49:00', 20 );
INSERT INTO "times" VALUES ( 19038, 12850, '17:51:00', '17:51:00', 20 );
INSERT INTO "times" VALUES ( 19038, 12860, '17:52:00', '17:52:00', 20 );
INSERT INTO "times" VALUES ( 19038, 12870, '17:54:00', '17:54:00', 20 );
INSERT INTO "times" VALUES ( 19038, 12880, '17:56:00', '17:56:00', 20 );
INSERT INTO "times" VALUES ( 19038, 12890, '17:58:00', '17:58:00', 20 );
INSERT INTO "times" VALUES ( 19038, 12900, '17:59:00', '18:03:00', 20 );
INSERT INTO "times" VALUES ( 19038, 13510, '18:05:00', '18:05:00', 30 );
INSERT INTO "times" VALUES ( 19038, 13520, '18:08:00', NULL, NULL );

INSERT INTO "dias" VALUES ( 19039, 120, FALSE, TRUE, 'K1700Z', 12510, 13520 );
INSERT INTO "dias_line_groups" VALUES ( 19039, 10 );
INSERT INTO "times" VALUES ( 19039, 12510, NULL, '17:02:00', 20 );
INSERT INTO "times" VALUES ( 19039, 12520, '17:03:00', '17:03:00', 20 );
INSERT INTO "times" VALUES ( 19039, 12530, '17:06:00', '17:06:00', 20 );
INSERT INTO "times" VALUES ( 19039, 12540, '17:09:00', '17:09:00', 20 );
INSERT INTO "times" VALUES ( 19039, 12610, '17:14:00', '17:14:00', 20 );
INSERT INTO "times" VALUES ( 19039, 12660, '17:18:00', '17:18:00', 20 );
INSERT INTO "times" VALUES ( 19039, 12670, '17:21:00', '17:21:00', 20 );
INSERT INTO "times" VALUES ( 19039, 12680, '17:24:00', '17:24:00', 20 );
INSERT INTO "times" VALUES ( 19039, 12690, '17:26:00', '17:26:00', 20 );
INSERT INTO "times" VALUES ( 19039, 12700, '17:28:00', '17:28:00', 20 );
INSERT INTO "times" VALUES ( 19039, 12710, '17:30:00', '17:34:00', 20 );
INSERT INTO "times" VALUES ( 19039, 12720, '17:36:00', '17:36:00', 20 );
INSERT INTO "times" VALUES ( 19039, 12730, '17:38:00', '17:38:00', 20 );
INSERT INTO "times" VALUES ( 19039, 12740, '17:41:00', '17:42:00', 20 );
INSERT INTO "times" VALUES ( 19039, 12750, '17:45:00', '17:45:00', 20 );
INSERT INTO "times" VALUES ( 19039, 12760, '17:48:00', '17:48:00', 20 );
INSERT INTO "times" VALUES ( 19039, 12770, '17:52:00', '17:52:00', 20 );
INSERT INTO "times" VALUES ( 19039, 12780, '17:56:00', '17:56:00', 20 );
INSERT INTO "times" VALUES ( 19039, 12790, '17:57:00', '17:57:00', 20 );
INSERT INTO "times" VALUES ( 19039, 12800, '17:59:00', '18:03:00', 20 );
INSERT INTO "times" VALUES ( 19039, 12810, '18:05:00', '18:05:00', 20 );
INSERT INTO "times" VALUES ( 19039, 12820, '18:06:00', '18:06:00', 20 );
INSERT INTO "times" VALUES ( 19039, 12830, '18:08:00', '18:08:00', 20 );
INSERT INTO "times" VALUES ( 19039, 12840, '18:09:00', '18:09:00', 20 );
INSERT INTO "times" VALUES ( 19039, 12850, '18:11:00', '18:11:00', 20 );
INSERT INTO "times" VALUES ( 19039, 12860, '18:12:00', '18:12:00', 20 );
INSERT INTO "times" VALUES ( 19039, 12870, '18:14:00', '18:14:00', 20 );
INSERT INTO "times" VALUES ( 19039, 12880, '18:16:00', '18:16:00', 20 );
INSERT INTO "times" VALUES ( 19039, 12890, '18:18:00', '18:18:00', 20 );
INSERT INTO "times" VALUES ( 19039, 12900, '18:19:00', '18:23:00', 20 );
INSERT INTO "times" VALUES ( 19039, 13510, '18:25:00', '18:25:00', 30 );
INSERT INTO "times" VALUES ( 19039, 13520, '18:28:00', NULL, NULL );

INSERT INTO "dias" VALUES ( 19040, 120, FALSE, TRUE, 'K1701A', 13520, 12510 );
INSERT INTO "dias_line_groups" VALUES ( 19040, 10 );
INSERT INTO "times" VALUES ( 19040, 12510, '18:40:00', NULL, NULL );
INSERT INTO "times" VALUES ( 19040, 12520, '18:38:00', '18:38:00', 20 );
INSERT INTO "times" VALUES ( 19040, 12530, '18:36:00', '18:36:00', 20 );
INSERT INTO "times" VALUES ( 19040, 12540, '18:33:00', '18:33:00', 20 );
INSERT INTO "times" VALUES ( 19040, 12610, '18:28:00', '18:28:00', 20 );
INSERT INTO "times" VALUES ( 19040, 12660, '18:24:00', '18:24:00', 20 );
INSERT INTO "times" VALUES ( 19040, 12670, '18:21:00', '18:21:00', 20 );
INSERT INTO "times" VALUES ( 19040, 12680, '18:18:00', '18:18:00', 20 );
INSERT INTO "times" VALUES ( 19040, 12690, '18:16:00', '18:16:00', 20 );
INSERT INTO "times" VALUES ( 19040, 12700, '18:13:00', '18:13:00', 20 );
INSERT INTO "times" VALUES ( 19040, 12710, '18:06:00', '18:12:00', 20 );
INSERT INTO "times" VALUES ( 19040, 12720, '18:04:00', '18:04:00', 20 );
INSERT INTO "times" VALUES ( 19040, 12730, '18:01:00', '18:01:00', 20 );
INSERT INTO "times" VALUES ( 19040, 12740, '17:59:00', '17:59:00', 20 );
INSERT INTO "times" VALUES ( 19040, 12750, '17:56:00', '17:56:00', 20 );
INSERT INTO "times" VALUES ( 19040, 12760, '17:54:00', '17:54:00', 20 );
INSERT INTO "times" VALUES ( 19040, 12770, '17:50:00', '17:50:00', 20 );
INSERT INTO "times" VALUES ( 19040, 12780, '17:45:00', '17:45:00', 20 );
INSERT INTO "times" VALUES ( 19040, 12790, '17:43:00', '17:43:00', 20 );
INSERT INTO "times" VALUES ( 19040, 12800, '17:38:00', '17:41:00', 20 );
INSERT INTO "times" VALUES ( 19040, 12810, '17:35:00', '17:35:00', 20 );
INSERT INTO "times" VALUES ( 19040, 12820, '17:34:00', '17:34:00', 20 );
INSERT INTO "times" VALUES ( 19040, 12830, '17:32:00', '17:32:00', 20 );
INSERT INTO "times" VALUES ( 19040, 12840, '17:30:00', '17:30:00', 20 );
INSERT INTO "times" VALUES ( 19040, 12850, '17:29:00', '17:29:00', 20 );
INSERT INTO "times" VALUES ( 19040, 12860, '17:27:00', '17:27:00', 20 );
INSERT INTO "times" VALUES ( 19040, 12870, '17:25:00', '17:25:00', 20 );
INSERT INTO "times" VALUES ( 19040, 12880, '17:23:00', '17:23:00', 20 );
INSERT INTO "times" VALUES ( 19040, 12890, '17:22:00', '17:22:00', 20 );
INSERT INTO "times" VALUES ( 19040, 12900, '17:14:00', '17:20:00', 20 );
INSERT INTO "times" VALUES ( 19040, 13510, '17:12:00', '17:12:00', 30 );
INSERT INTO "times" VALUES ( 19040, 13520, NULL, '17:09:00', 30 );

INSERT INTO "dias" VALUES ( 19041, 120, FALSE, TRUE, 'K1702Z', 12510, 13520 );
INSERT INTO "dias_line_groups" VALUES ( 19041, 10 );
INSERT INTO "times" VALUES ( 19041, 12510, NULL, '17:13:00', 20 );
INSERT INTO "times" VALUES ( 19041, 12520, '17:15:00', '17:15:00', 20 );
INSERT INTO "times" VALUES ( 19041, 12530, '17:17:00', '17:17:00', 20 );
INSERT INTO "times" VALUES ( 19041, 12540, '17:20:00', '17:20:00', 20 );
INSERT INTO "times" VALUES ( 19041, 12610, '17:25:00', '17:25:00', 20 );
INSERT INTO "times" VALUES ( 19041, 12660, '17:29:00', '17:29:00', 20 );
INSERT INTO "times" VALUES ( 19041, 12670, '17:32:00', '17:32:00', 20 );
INSERT INTO "times" VALUES ( 19041, 12680, '17:35:00', '17:38:00', 20 );
INSERT INTO "times" VALUES ( 19041, 12690, '17:40:00', '17:40:00', 20 );
INSERT INTO "times" VALUES ( 19041, 12700, '17:42:00', '17:42:00', 20 );
INSERT INTO "times" VALUES ( 19041, 12710, '17:45:00', '17:45:00', 20 );
INSERT INTO "times" VALUES ( 19041, 12720, '17:46:00', '17:46:00', 20 );
INSERT INTO "times" VALUES ( 19041, 12730, '17:49:00', '17:49:00', 20 );
INSERT INTO "times" VALUES ( 19041, 12740, '17:52:00', '17:52:00', 20 );
INSERT INTO "times" VALUES ( 19041, 12750, '17:55:00', '17:55:00', 20 );
INSERT INTO "times" VALUES ( 19041, 12760, '17:58:00', '17:58:00', 20 );
INSERT INTO "times" VALUES ( 19041, 12770, '18:02:00', '18:02:00', 20 );
INSERT INTO "times" VALUES ( 19041, 12780, '18:06:00', '18:06:00', 20 );
INSERT INTO "times" VALUES ( 19041, 12790, '18:07:00', '18:07:00', 20 );
INSERT INTO "times" VALUES ( 19041, 12800, '18:09:00', '18:13:00', 20 );
INSERT INTO "times" VALUES ( 19041, 12810, '18:15:00', '18:15:00', 20 );
INSERT INTO "times" VALUES ( 19041, 12820, '18:16:00', '18:16:00', 20 );
INSERT INTO "times" VALUES ( 19041, 12830, '18:18:00', '18:18:00', 20 );
INSERT INTO "times" VALUES ( 19041, 12840, '18:19:00', '18:19:00', 20 );
INSERT INTO "times" VALUES ( 19041, 12850, '18:21:00', '18:21:00', 20 );
INSERT INTO "times" VALUES ( 19041, 12860, '18:22:00', '18:22:00', 20 );
INSERT INTO "times" VALUES ( 19041, 12870, '18:24:00', '18:24:00', 20 );
INSERT INTO "times" VALUES ( 19041, 12880, '18:26:00', '18:26:00', 20 );
INSERT INTO "times" VALUES ( 19041, 12890, '18:28:00', '18:28:00', 20 );
INSERT INTO "times" VALUES ( 19041, 12900, '18:29:00', '18:33:00', 20 );
INSERT INTO "times" VALUES ( 19041, 13510, '18:35:00', '18:35:00', 30 );
INSERT INTO "times" VALUES ( 19041, 13520, '18:38:00', NULL, NULL );

INSERT INTO "dias" VALUES ( 19042, 120, FALSE, TRUE, 'K1703A', 13520, 12510 );
INSERT INTO "dias_line_groups" VALUES ( 19042, 10 );
INSERT INTO "times" VALUES ( 19042, 12510, '19:09:00', NULL, NULL );
INSERT INTO "times" VALUES ( 19042, 12520, '19:07:00', '19:07:00', 20 );
INSERT INTO "times" VALUES ( 19042, 12530, '19:06:00', '19:06:00', 20 );
INSERT INTO "times" VALUES ( 19042, 12540, '19:03:00', '19:03:00', 20 );
INSERT INTO "times" VALUES ( 19042, 12610, '18:58:00', '18:58:00', 20 );
INSERT INTO "times" VALUES ( 19042, 12660, '18:53:00', '18:53:00', 20 );
INSERT INTO "times" VALUES ( 19042, 12670, '18:50:00', '18:50:00', 20 );
INSERT INTO "times" VALUES ( 19042, 12680, '18:48:00', '18:48:00', 20 );
INSERT INTO "times" VALUES ( 19042, 12690, '18:45:00', '18:45:00', 20 );
INSERT INTO "times" VALUES ( 19042, 12700, '18:43:00', '18:43:00', 20 );
INSERT INTO "times" VALUES ( 19042, 12710, '18:37:00', '18:41:00', 20 );
INSERT INTO "times" VALUES ( 19042, 12720, '18:34:00', '18:34:00', 20 );
INSERT INTO "times" VALUES ( 19042, 12730, '18:32:00', '18:32:00', 20 );
INSERT INTO "times" VALUES ( 19042, 12740, '18:30:00', '18:30:00', 20 );
INSERT INTO "times" VALUES ( 19042, 12750, '18:26:00', '18:26:00', 20 );
INSERT INTO "times" VALUES ( 19042, 12760, '18:24:00', '18:24:00', 20 );
INSERT INTO "times" VALUES ( 19042, 12770, '18:20:00', '18:20:00', 20 );
INSERT INTO "times" VALUES ( 19042, 12780, '18:15:00', '18:15:00', 20 );
INSERT INTO "times" VALUES ( 19042, 12790, '18:13:00', '18:13:00', 20 );
INSERT INTO "times" VALUES ( 19042, 12800, '18:08:00', '18:11:00', 20 );
INSERT INTO "times" VALUES ( 19042, 12810, '18:06:00', '18:06:00', 20 );
INSERT INTO "times" VALUES ( 19042, 12820, '18:04:00', '18:04:00', 20 );
INSERT INTO "times" VALUES ( 19042, 12830, '18:03:00', '18:03:00', 20 );
INSERT INTO "times" VALUES ( 19042, 12840, '18:01:00', '18:01:00', 20 );
INSERT INTO "times" VALUES ( 19042, 12850, '17:59:00', '17:59:00', 20 );
INSERT INTO "times" VALUES ( 19042, 12860, '17:58:00', '17:58:00', 20 );
INSERT INTO "times" VALUES ( 19042, 12870, '17:56:00', '17:56:00', 20 );
INSERT INTO "times" VALUES ( 19042, 12880, '17:54:00', '17:54:00', 20 );
INSERT INTO "times" VALUES ( 19042, 12890, '17:52:00', '17:52:00', 20 );
INSERT INTO "times" VALUES ( 19042, 12900, '17:44:00', '17:51:00', 20 );
INSERT INTO "times" VALUES ( 19042, 13510, '17:42:00', '17:42:00', 30 );
INSERT INTO "times" VALUES ( 19042, 13520, NULL, '17:39:00', 30 );

INSERT INTO "dias" VALUES ( 19043, 120, FALSE, TRUE, 'K1704Z', 12510, 13520 );
INSERT INTO "dias_line_groups" VALUES ( 19043, 10 );
INSERT INTO "times" VALUES ( 19043, 12510, NULL, '17:32:00', 20 );
INSERT INTO "times" VALUES ( 19043, 12520, '17:33:00', '17:33:00', 20 );
INSERT INTO "times" VALUES ( 19043, 12530, '17:36:00', '17:36:00', 20 );
INSERT INTO "times" VALUES ( 19043, 12540, '17:39:00', '17:39:00', 20 );
INSERT INTO "times" VALUES ( 19043, 12610, '17:44:00', '17:44:00', 20 );
INSERT INTO "times" VALUES ( 19043, 12660, '17:48:00', '17:48:00', 20 );
INSERT INTO "times" VALUES ( 19043, 12670, '17:51:00', '17:51:00', 20 );
INSERT INTO "times" VALUES ( 19043, 12680, '17:54:00', '17:54:00', 20 );
INSERT INTO "times" VALUES ( 19043, 12690, '17:56:00', '17:56:00', 20 );
INSERT INTO "times" VALUES ( 19043, 12700, '17:58:00', '17:58:00', 20 );
INSERT INTO "times" VALUES ( 19043, 12710, '18:00:00', '18:04:00', 20 );
INSERT INTO "times" VALUES ( 19043, 12720, '18:06:00', '18:06:00', 20 );
INSERT INTO "times" VALUES ( 19043, 12730, '18:08:00', '18:08:00', 20 );
INSERT INTO "times" VALUES ( 19043, 12740, '18:11:00', '18:12:00', 20 );
INSERT INTO "times" VALUES ( 19043, 12750, '18:15:00', '18:15:00', 20 );
INSERT INTO "times" VALUES ( 19043, 12760, '18:18:00', '18:18:00', 20 );
INSERT INTO "times" VALUES ( 19043, 12770, '18:22:00', '18:22:00', 20 );
INSERT INTO "times" VALUES ( 19043, 12780, '18:26:00', '18:26:00', 20 );
INSERT INTO "times" VALUES ( 19043, 12790, '18:27:00', '18:27:00', 20 );
INSERT INTO "times" VALUES ( 19043, 12800, '18:29:00', '18:33:00', 20 );
INSERT INTO "times" VALUES ( 19043, 12810, '18:35:00', '18:35:00', 20 );
INSERT INTO "times" VALUES ( 19043, 12820, '18:36:00', '18:36:00', 20 );
INSERT INTO "times" VALUES ( 19043, 12830, '18:38:00', '18:38:00', 20 );
INSERT INTO "times" VALUES ( 19043, 12840, '18:39:00', '18:39:00', 20 );
INSERT INTO "times" VALUES ( 19043, 12850, '18:41:00', '18:41:00', 20 );
INSERT INTO "times" VALUES ( 19043, 12860, '18:42:00', '18:42:00', 20 );
INSERT INTO "times" VALUES ( 19043, 12870, '18:44:00', '18:44:00', 20 );
INSERT INTO "times" VALUES ( 19043, 12880, '18:46:00', '18:46:00', 20 );
INSERT INTO "times" VALUES ( 19043, 12890, '18:48:00', '18:48:00', 20 );
INSERT INTO "times" VALUES ( 19043, 12900, '18:49:00', '18:53:00', 20 );
INSERT INTO "times" VALUES ( 19043, 13510, '18:55:00', '18:55:00', 30 );
INSERT INTO "times" VALUES ( 19043, 13520, '18:58:00', NULL, NULL );

INSERT INTO "dias" VALUES ( 19044, 120, FALSE, TRUE, 'K1706Z', 12510, 13520 );
INSERT INTO "dias_line_groups" VALUES ( 19044, 10 );
INSERT INTO "times" VALUES ( 19044, 12510, NULL, '17:44:00', 20 );
INSERT INTO "times" VALUES ( 19044, 12520, '17:46:00', '17:46:00', 20 );
INSERT INTO "times" VALUES ( 19044, 12530, '17:48:00', '17:48:00', 20 );
INSERT INTO "times" VALUES ( 19044, 12540, '17:51:00', '17:51:00', 20 );
INSERT INTO "times" VALUES ( 19044, 12610, '17:56:00', '17:56:00', 20 );
INSERT INTO "times" VALUES ( 19044, 12660, '18:00:00', '18:00:00', 20 );
INSERT INTO "times" VALUES ( 19044, 12670, '18:03:00', '18:03:00', 20 );
INSERT INTO "times" VALUES ( 19044, 12680, '18:06:00', '18:08:00', 20 );
INSERT INTO "times" VALUES ( 19044, 12690, '18:10:00', '18:10:00', 20 );
INSERT INTO "times" VALUES ( 19044, 12700, '18:12:00', '18:12:00', 20 );
INSERT INTO "times" VALUES ( 19044, 12710, '18:15:00', '18:15:00', 20 );
INSERT INTO "times" VALUES ( 19044, 12720, '18:17:00', '18:17:00', 20 );
INSERT INTO "times" VALUES ( 19044, 12730, '18:19:00', '18:19:00', 20 );
INSERT INTO "times" VALUES ( 19044, 12740, '18:22:00', '18:22:00', 20 );
INSERT INTO "times" VALUES ( 19044, 12750, '18:25:00', '18:25:00', 20 );
INSERT INTO "times" VALUES ( 19044, 12760, '18:28:00', '18:28:00', 20 );
INSERT INTO "times" VALUES ( 19044, 12770, '18:32:00', '18:32:00', 20 );
INSERT INTO "times" VALUES ( 19044, 12780, '18:36:00', '18:36:00', 20 );
INSERT INTO "times" VALUES ( 19044, 12790, '18:37:00', '18:37:00', 20 );
INSERT INTO "times" VALUES ( 19044, 12800, '18:39:00', '18:43:00', 20 );
INSERT INTO "times" VALUES ( 19044, 12810, '18:45:00', '18:45:00', 20 );
INSERT INTO "times" VALUES ( 19044, 12820, '18:46:00', '18:46:00', 20 );
INSERT INTO "times" VALUES ( 19044, 12830, '18:48:00', '18:48:00', 20 );
INSERT INTO "times" VALUES ( 19044, 12840, '18:49:00', '18:49:00', 20 );
INSERT INTO "times" VALUES ( 19044, 12850, '18:51:00', '18:51:00', 20 );
INSERT INTO "times" VALUES ( 19044, 12860, '18:52:00', '18:52:00', 20 );
INSERT INTO "times" VALUES ( 19044, 12870, '18:54:00', '18:54:00', 20 );
INSERT INTO "times" VALUES ( 19044, 12880, '18:56:00', '18:56:00', 20 );
INSERT INTO "times" VALUES ( 19044, 12890, '18:58:00', '18:58:00', 20 );
INSERT INTO "times" VALUES ( 19044, 12900, '18:59:00', '19:03:00', 20 );
INSERT INTO "times" VALUES ( 19044, 13510, '19:05:00', '19:05:00', 30 );
INSERT INTO "times" VALUES ( 19044, 13520, '19:08:00', NULL, NULL );

INSERT INTO "dias" VALUES ( 19045, 120, FALSE, TRUE, 'K1800Z', 12510, 13520 );
INSERT INTO "dias_line_groups" VALUES ( 19045, 10 );
INSERT INTO "times" VALUES ( 19045, 12510, NULL, '18:02:00', 20 );
INSERT INTO "times" VALUES ( 19045, 12520, '18:03:00', '18:03:00', 20 );
INSERT INTO "times" VALUES ( 19045, 12530, '18:06:00', '18:06:00', 20 );
INSERT INTO "times" VALUES ( 19045, 12540, '18:09:00', '18:09:00', 20 );
INSERT INTO "times" VALUES ( 19045, 12610, '18:14:00', '18:14:00', 20 );
INSERT INTO "times" VALUES ( 19045, 12660, '18:18:00', '18:18:00', 20 );
INSERT INTO "times" VALUES ( 19045, 12670, '18:21:00', '18:21:00', 20 );
INSERT INTO "times" VALUES ( 19045, 12680, '18:24:00', '18:24:00', 20 );
INSERT INTO "times" VALUES ( 19045, 12690, '18:26:00', '18:26:00', 20 );
INSERT INTO "times" VALUES ( 19045, 12700, '18:28:00', '18:28:00', 20 );
INSERT INTO "times" VALUES ( 19045, 12710, '18:30:00', '18:34:00', 20 );
INSERT INTO "times" VALUES ( 19045, 12720, '18:36:00', '18:36:00', 20 );
INSERT INTO "times" VALUES ( 19045, 12730, '18:38:00', '18:38:00', 20 );
INSERT INTO "times" VALUES ( 19045, 12740, '18:41:00', '18:42:00', 20 );
INSERT INTO "times" VALUES ( 19045, 12750, '18:45:00', '18:45:00', 20 );
INSERT INTO "times" VALUES ( 19045, 12760, '18:48:00', '18:48:00', 20 );
INSERT INTO "times" VALUES ( 19045, 12770, '18:52:00', '18:52:00', 20 );
INSERT INTO "times" VALUES ( 19045, 12780, '18:56:00', '18:56:00', 20 );
INSERT INTO "times" VALUES ( 19045, 12790, '18:57:00', '18:57:00', 20 );
INSERT INTO "times" VALUES ( 19045, 12800, '18:59:00', '19:03:00', 20 );
INSERT INTO "times" VALUES ( 19045, 12810, '19:05:00', '19:05:00', 20 );
INSERT INTO "times" VALUES ( 19045, 12820, '19:06:00', '19:06:00', 20 );
INSERT INTO "times" VALUES ( 19045, 12830, '19:08:00', '19:08:00', 20 );
INSERT INTO "times" VALUES ( 19045, 12840, '19:09:00', '19:09:00', 20 );
INSERT INTO "times" VALUES ( 19045, 12850, '19:11:00', '19:11:00', 20 );
INSERT INTO "times" VALUES ( 19045, 12860, '19:12:00', '19:12:00', 20 );
INSERT INTO "times" VALUES ( 19045, 12870, '19:14:00', '19:14:00', 20 );
INSERT INTO "times" VALUES ( 19045, 12880, '19:16:00', '19:16:00', 20 );
INSERT INTO "times" VALUES ( 19045, 12890, '19:18:00', '19:18:00', 20 );
INSERT INTO "times" VALUES ( 19045, 12900, '19:19:00', '19:23:00', 20 );
INSERT INTO "times" VALUES ( 19045, 13510, '19:25:00', '19:25:00', 30 );
INSERT INTO "times" VALUES ( 19045, 13520, '19:28:00', NULL, NULL );

INSERT INTO "dias" VALUES ( 19046, 120, FALSE, TRUE, 'K1801A', 13520, 12510 );
INSERT INTO "dias_line_groups" VALUES ( 19046, 10 );
INSERT INTO "times" VALUES ( 19046, 12510, '19:39:00', NULL, NULL );
INSERT INTO "times" VALUES ( 19046, 12520, '19:37:00', '19:37:00', 20 );
INSERT INTO "times" VALUES ( 19046, 12530, '19:35:00', '19:35:00', 20 );
INSERT INTO "times" VALUES ( 19046, 12540, '19:33:00', '19:33:00', 20 );
INSERT INTO "times" VALUES ( 19046, 12610, '19:28:00', '19:28:00', 20 );
INSERT INTO "times" VALUES ( 19046, 12660, '19:23:00', '19:23:00', 20 );
INSERT INTO "times" VALUES ( 19046, 12670, '19:20:00', '19:20:00', 20 );
INSERT INTO "times" VALUES ( 19046, 12680, '19:17:00', '19:17:00', 20 );
INSERT INTO "times" VALUES ( 19046, 12690, '19:15:00', '19:15:00', 20 );
INSERT INTO "times" VALUES ( 19046, 12700, '19:12:00', '19:12:00', 20 );
INSERT INTO "times" VALUES ( 19046, 12710, '19:07:00', '19:11:00', 20 );
INSERT INTO "times" VALUES ( 19046, 12720, '19:04:00', '19:04:00', 20 );
INSERT INTO "times" VALUES ( 19046, 12730, '19:02:00', '19:02:00', 20 );
INSERT INTO "times" VALUES ( 19046, 12740, '19:00:00', '19:00:00', 20 );
INSERT INTO "times" VALUES ( 19046, 12750, '18:56:00', '18:56:00', 20 );
INSERT INTO "times" VALUES ( 19046, 12760, '18:54:00', '18:54:00', 20 );
INSERT INTO "times" VALUES ( 19046, 12770, '18:50:00', '18:50:00', 20 );
INSERT INTO "times" VALUES ( 19046, 12780, '18:45:00', '18:45:00', 20 );
INSERT INTO "times" VALUES ( 19046, 12790, '18:43:00', '18:43:00', 20 );
INSERT INTO "times" VALUES ( 19046, 12800, '18:38:00', '18:41:00', 20 );
INSERT INTO "times" VALUES ( 19046, 12810, '18:36:00', '18:36:00', 20 );
INSERT INTO "times" VALUES ( 19046, 12820, '18:34:00', '18:34:00', 20 );
INSERT INTO "times" VALUES ( 19046, 12830, '18:33:00', '18:33:00', 20 );
INSERT INTO "times" VALUES ( 19046, 12840, '18:31:00', '18:31:00', 20 );
INSERT INTO "times" VALUES ( 19046, 12850, '18:29:00', '18:29:00', 20 );
INSERT INTO "times" VALUES ( 19046, 12860, '18:28:00', '18:28:00', 20 );
INSERT INTO "times" VALUES ( 19046, 12870, '18:26:00', '18:26:00', 20 );
INSERT INTO "times" VALUES ( 19046, 12880, '18:24:00', '18:24:00', 20 );
INSERT INTO "times" VALUES ( 19046, 12890, '18:22:00', '18:22:00', 20 );
INSERT INTO "times" VALUES ( 19046, 12900, '18:17:00', '18:21:00', 20 );
INSERT INTO "times" VALUES ( 19046, 13510, '18:15:00', '18:15:00', 30 );
INSERT INTO "times" VALUES ( 19046, 13520, NULL, '18:13:00', 30 );

INSERT INTO "dias" VALUES ( 19047, 120, FALSE, TRUE, 'K1802Z', 12510, 13520 );
INSERT INTO "dias_line_groups" VALUES ( 19047, 10 );
INSERT INTO "times" VALUES ( 19047, 12510, NULL, '18:13:00', 20 );
INSERT INTO "times" VALUES ( 19047, 12520, '18:15:00', '18:15:00', 20 );
INSERT INTO "times" VALUES ( 19047, 12530, '18:17:00', '18:17:00', 20 );
INSERT INTO "times" VALUES ( 19047, 12540, '18:20:00', '18:20:00', 20 );
INSERT INTO "times" VALUES ( 19047, 12610, '18:25:00', '18:25:00', 20 );
INSERT INTO "times" VALUES ( 19047, 12660, '18:29:00', '18:29:00', 20 );
INSERT INTO "times" VALUES ( 19047, 12670, '18:32:00', '18:32:00', 20 );
INSERT INTO "times" VALUES ( 19047, 12680, '18:35:00', '18:38:00', 20 );
INSERT INTO "times" VALUES ( 19047, 12690, '18:40:00', '18:40:00', 20 );
INSERT INTO "times" VALUES ( 19047, 12700, '18:42:00', '18:42:00', 20 );
INSERT INTO "times" VALUES ( 19047, 12710, '18:45:00', '18:45:00', 20 );
INSERT INTO "times" VALUES ( 19047, 12720, '18:46:00', '18:46:00', 20 );
INSERT INTO "times" VALUES ( 19047, 12730, '18:49:00', '18:49:00', 20 );
INSERT INTO "times" VALUES ( 19047, 12740, '18:52:00', '18:52:00', 20 );
INSERT INTO "times" VALUES ( 19047, 12750, '18:55:00', '18:55:00', 20 );
INSERT INTO "times" VALUES ( 19047, 12760, '18:58:00', '18:58:00', 20 );
INSERT INTO "times" VALUES ( 19047, 12770, '19:02:00', '19:02:00', 20 );
INSERT INTO "times" VALUES ( 19047, 12780, '19:06:00', '19:06:00', 20 );
INSERT INTO "times" VALUES ( 19047, 12790, '19:07:00', '19:07:00', 20 );
INSERT INTO "times" VALUES ( 19047, 12800, '19:09:00', '19:13:00', 20 );
INSERT INTO "times" VALUES ( 19047, 12810, '19:15:00', '19:15:00', 20 );
INSERT INTO "times" VALUES ( 19047, 12820, '19:16:00', '19:16:00', 20 );
INSERT INTO "times" VALUES ( 19047, 12830, '19:18:00', '19:18:00', 20 );
INSERT INTO "times" VALUES ( 19047, 12840, '19:19:00', '19:19:00', 20 );
INSERT INTO "times" VALUES ( 19047, 12850, '19:21:00', '19:21:00', 20 );
INSERT INTO "times" VALUES ( 19047, 12860, '19:22:00', '19:22:00', 20 );
INSERT INTO "times" VALUES ( 19047, 12870, '19:24:00', '19:24:00', 20 );
INSERT INTO "times" VALUES ( 19047, 12880, '19:26:00', '19:26:00', 20 );
INSERT INTO "times" VALUES ( 19047, 12890, '19:28:00', '19:28:00', 20 );
INSERT INTO "times" VALUES ( 19047, 12900, '19:29:00', '19:33:00', 20 );
INSERT INTO "times" VALUES ( 19047, 13510, '19:35:00', '19:35:00', 30 );
INSERT INTO "times" VALUES ( 19047, 13520, '19:38:00', NULL, NULL );

INSERT INTO "dias" VALUES ( 19048, 120, FALSE, TRUE, 'K1803A', 13520, 12510 );
INSERT INTO "dias_line_groups" VALUES ( 19048, 10 );
INSERT INTO "times" VALUES ( 19048, 12510, '19:59:00', NULL, NULL );
INSERT INTO "times" VALUES ( 19048, 12520, '19:57:00', '19:57:00', 20 );
INSERT INTO "times" VALUES ( 19048, 12530, '19:55:00', '19:55:00', 20 );
INSERT INTO "times" VALUES ( 19048, 12540, '19:53:00', '19:53:00', 20 );
INSERT INTO "times" VALUES ( 19048, 12610, '19:48:00', '19:48:00', 20 );
INSERT INTO "times" VALUES ( 19048, 12660, '19:43:00', '19:43:00', 20 );
INSERT INTO "times" VALUES ( 19048, 12670, '19:40:00', '19:40:00', 20 );
INSERT INTO "times" VALUES ( 19048, 12680, '19:37:00', '19:37:00', 20 );
INSERT INTO "times" VALUES ( 19048, 12690, '19:35:00', '19:35:00', 20 );
INSERT INTO "times" VALUES ( 19048, 12700, '19:32:00', '19:32:00', 20 );
INSERT INTO "times" VALUES ( 19048, 12710, '19:27:00', '19:31:00', 20 );
INSERT INTO "times" VALUES ( 19048, 12720, '19:24:00', '19:24:00', 20 );
INSERT INTO "times" VALUES ( 19048, 12730, '19:22:00', '19:22:00', 20 );
INSERT INTO "times" VALUES ( 19048, 12740, '19:20:00', '19:20:00', 20 );
INSERT INTO "times" VALUES ( 19048, 12750, '19:16:00', '19:16:00', 20 );
INSERT INTO "times" VALUES ( 19048, 12760, '19:14:00', '19:14:00', 20 );
INSERT INTO "times" VALUES ( 19048, 12770, '19:10:00', '19:10:00', 20 );
INSERT INTO "times" VALUES ( 19048, 12780, '19:05:00', '19:05:00', 20 );
INSERT INTO "times" VALUES ( 19048, 12790, '19:03:00', '19:03:00', 20 );
INSERT INTO "times" VALUES ( 19048, 12800, '18:58:00', '19:01:00', 20 );
INSERT INTO "times" VALUES ( 19048, 12810, '18:56:00', '18:56:00', 20 );
INSERT INTO "times" VALUES ( 19048, 12820, '18:54:00', '18:54:00', 20 );
INSERT INTO "times" VALUES ( 19048, 12830, '18:53:00', '18:53:00', 20 );
INSERT INTO "times" VALUES ( 19048, 12840, '18:51:00', '18:51:00', 20 );
INSERT INTO "times" VALUES ( 19048, 12850, '18:49:00', '18:49:00', 20 );
INSERT INTO "times" VALUES ( 19048, 12860, '18:48:00', '18:48:00', 20 );
INSERT INTO "times" VALUES ( 19048, 12870, '18:46:00', '18:46:00', 20 );
INSERT INTO "times" VALUES ( 19048, 12880, '18:44:00', '18:44:00', 20 );
INSERT INTO "times" VALUES ( 19048, 12890, '18:42:00', '18:42:00', 20 );
INSERT INTO "times" VALUES ( 19048, 12900, '18:37:00', '18:41:00', 20 );
INSERT INTO "times" VALUES ( 19048, 13510, '18:35:00', '18:35:00', 30 );
INSERT INTO "times" VALUES ( 19048, 13520, NULL, '18:33:00', 30 );

INSERT INTO "dias" VALUES ( 19049, 120, FALSE, TRUE, 'K1804Z', 12510, 13520 );
INSERT INTO "dias_line_groups" VALUES ( 19049, 10 );
INSERT INTO "times" VALUES ( 19049, 12510, NULL, '18:32:00', 20 );
INSERT INTO "times" VALUES ( 19049, 12520, '18:33:00', '18:33:00', 20 );
INSERT INTO "times" VALUES ( 19049, 12530, '18:36:00', '18:36:00', 20 );
INSERT INTO "times" VALUES ( 19049, 12540, '18:39:00', '18:39:00', 20 );
INSERT INTO "times" VALUES ( 19049, 12610, '18:44:00', '18:44:00', 20 );
INSERT INTO "times" VALUES ( 19049, 12660, '18:49:00', '18:49:00', 20 );
INSERT INTO "times" VALUES ( 19049, 12670, '18:51:00', '18:51:00', 20 );
INSERT INTO "times" VALUES ( 19049, 12680, '18:54:00', '18:54:00', 20 );
INSERT INTO "times" VALUES ( 19049, 12690, '18:56:00', '18:56:00', 20 );
INSERT INTO "times" VALUES ( 19049, 12700, '18:59:00', '18:59:00', 20 );
INSERT INTO "times" VALUES ( 19049, 12710, '19:01:00', '19:04:00', 20 );
INSERT INTO "times" VALUES ( 19049, 12720, '19:07:00', '19:07:00', 20 );
INSERT INTO "times" VALUES ( 19049, 12730, '19:09:00', '19:09:00', 20 );
INSERT INTO "times" VALUES ( 19049, 12740, '19:12:00', '19:12:00', 20 );
INSERT INTO "times" VALUES ( 19049, 12750, '19:15:00', '19:15:00', 20 );
INSERT INTO "times" VALUES ( 19049, 12760, '19:18:00', '19:18:00', 20 );
INSERT INTO "times" VALUES ( 19049, 12770, '19:22:00', '19:22:00', 20 );
INSERT INTO "times" VALUES ( 19049, 12780, '19:26:00', '19:26:00', 20 );
INSERT INTO "times" VALUES ( 19049, 12790, '19:27:00', '19:27:00', 20 );
INSERT INTO "times" VALUES ( 19049, 12800, '19:29:00', '19:33:00', 20 );
INSERT INTO "times" VALUES ( 19049, 12810, '19:35:00', '19:35:00', 20 );
INSERT INTO "times" VALUES ( 19049, 12820, '19:37:00', '19:37:00', 20 );
INSERT INTO "times" VALUES ( 19049, 12830, '19:39:00', '19:39:00', 20 );
INSERT INTO "times" VALUES ( 19049, 12840, '19:40:00', '19:40:00', 20 );
INSERT INTO "times" VALUES ( 19049, 12850, '19:41:00', '19:41:00', 20 );
INSERT INTO "times" VALUES ( 19049, 12860, '19:43:00', '19:43:00', 20 );
INSERT INTO "times" VALUES ( 19049, 12870, '19:45:00', '19:45:00', 20 );
INSERT INTO "times" VALUES ( 19049, 12880, '19:46:00', '19:46:00', 20 );
INSERT INTO "times" VALUES ( 19049, 12890, '19:48:00', '19:48:00', 20 );
INSERT INTO "times" VALUES ( 19049, 12900, '19:50:00', '19:53:00', 20 );
INSERT INTO "times" VALUES ( 19049, 13510, '19:55:00', '19:55:00', 30 );
INSERT INTO "times" VALUES ( 19049, 13520, '19:58:00', NULL, NULL );

INSERT INTO "dias" VALUES ( 19050, 120, FALSE, TRUE, 'K1805A', 13520, 12510 );
INSERT INTO "dias_line_groups" VALUES ( 19050, 10 );
INSERT INTO "times" VALUES ( 19050, 12510, '20:19:00', NULL, NULL );
INSERT INTO "times" VALUES ( 19050, 12520, '20:17:00', '20:17:00', 20 );
INSERT INTO "times" VALUES ( 19050, 12530, '20:15:00', '20:15:00', 20 );
INSERT INTO "times" VALUES ( 19050, 12540, '20:13:00', '20:13:00', 20 );
INSERT INTO "times" VALUES ( 19050, 12610, '20:08:00', '20:08:00', 20 );
INSERT INTO "times" VALUES ( 19050, 12660, '20:03:00', '20:03:00', 20 );
INSERT INTO "times" VALUES ( 19050, 12670, '20:00:00', '20:00:00', 20 );
INSERT INTO "times" VALUES ( 19050, 12680, '19:57:00', '19:57:00', 20 );
INSERT INTO "times" VALUES ( 19050, 12690, '19:55:00', '19:55:00', 20 );
INSERT INTO "times" VALUES ( 19050, 12700, '19:52:00', '19:52:00', 20 );
INSERT INTO "times" VALUES ( 19050, 12710, '19:47:00', '19:51:00', 20 );
INSERT INTO "times" VALUES ( 19050, 12720, '19:44:00', '19:44:00', 20 );
INSERT INTO "times" VALUES ( 19050, 12730, '19:42:00', '19:42:00', 20 );
INSERT INTO "times" VALUES ( 19050, 12740, '19:40:00', '19:40:00', 20 );
INSERT INTO "times" VALUES ( 19050, 12750, '19:36:00', '19:36:00', 20 );
INSERT INTO "times" VALUES ( 19050, 12760, '19:34:00', '19:34:00', 20 );
INSERT INTO "times" VALUES ( 19050, 12770, '19:30:00', '19:30:00', 20 );
INSERT INTO "times" VALUES ( 19050, 12780, '19:25:00', '19:25:00', 20 );
INSERT INTO "times" VALUES ( 19050, 12790, '19:23:00', '19:23:00', 20 );
INSERT INTO "times" VALUES ( 19050, 12800, '19:18:00', '19:21:00', 20 );
INSERT INTO "times" VALUES ( 19050, 12810, '19:16:00', '19:16:00', 20 );
INSERT INTO "times" VALUES ( 19050, 12820, '19:14:00', '19:14:00', 20 );
INSERT INTO "times" VALUES ( 19050, 12830, '19:13:00', '19:13:00', 20 );
INSERT INTO "times" VALUES ( 19050, 12840, '19:11:00', '19:11:00', 20 );
INSERT INTO "times" VALUES ( 19050, 12850, '19:09:00', '19:09:00', 20 );
INSERT INTO "times" VALUES ( 19050, 12860, '19:08:00', '19:08:00', 20 );
INSERT INTO "times" VALUES ( 19050, 12870, '19:06:00', '19:06:00', 20 );
INSERT INTO "times" VALUES ( 19050, 12880, '19:04:00', '19:04:00', 20 );
INSERT INTO "times" VALUES ( 19050, 12890, '19:02:00', '19:02:00', 20 );
INSERT INTO "times" VALUES ( 19050, 12900, '18:57:00', '19:01:00', 20 );
INSERT INTO "times" VALUES ( 19050, 13510, '18:55:00', '18:55:00', 30 );
INSERT INTO "times" VALUES ( 19050, 13520, NULL, '18:53:00', 30 );

INSERT INTO "dias" VALUES ( 19051, 120, FALSE, TRUE, 'K1806Z', 12510, 13520 );
INSERT INTO "dias_line_groups" VALUES ( 19051, 10 );
INSERT INTO "times" VALUES ( 19051, 12510, NULL, '18:43:00', 20 );
INSERT INTO "times" VALUES ( 19051, 12520, '18:45:00', '18:45:00', 20 );
INSERT INTO "times" VALUES ( 19051, 12530, '18:47:00', '18:47:00', 20 );
INSERT INTO "times" VALUES ( 19051, 12540, '18:50:00', '18:50:00', 20 );
INSERT INTO "times" VALUES ( 19051, 12610, '18:55:00', '18:55:00', 20 );
INSERT INTO "times" VALUES ( 19051, 12660, '18:59:00', '18:59:00', 20 );
INSERT INTO "times" VALUES ( 19051, 12670, '19:02:00', '19:02:00', 20 );
INSERT INTO "times" VALUES ( 19051, 12680, '19:05:00', '19:08:00', 20 );
INSERT INTO "times" VALUES ( 19051, 12690, '19:10:00', '19:10:00', 20 );
INSERT INTO "times" VALUES ( 19051, 12700, '19:12:00', '19:12:00', 20 );
INSERT INTO "times" VALUES ( 19051, 12710, '19:15:00', '19:15:00', 20 );
INSERT INTO "times" VALUES ( 19051, 12720, '19:16:00', '19:16:00', 20 );
INSERT INTO "times" VALUES ( 19051, 12730, '19:19:00', '19:19:00', 20 );
INSERT INTO "times" VALUES ( 19051, 12740, '19:22:00', '19:22:00', 20 );
INSERT INTO "times" VALUES ( 19051, 12750, '19:25:00', '19:25:00', 20 );
INSERT INTO "times" VALUES ( 19051, 12760, '19:28:00', '19:28:00', 20 );
INSERT INTO "times" VALUES ( 19051, 12770, '19:32:00', '19:32:00', 20 );
INSERT INTO "times" VALUES ( 19051, 12780, '19:36:00', '19:36:00', 20 );
INSERT INTO "times" VALUES ( 19051, 12790, '19:37:00', '19:37:00', 20 );
INSERT INTO "times" VALUES ( 19051, 12800, '19:39:00', '19:43:00', 20 );
INSERT INTO "times" VALUES ( 19051, 12810, '19:45:00', '19:45:00', 20 );
INSERT INTO "times" VALUES ( 19051, 12820, '19:47:00', '19:47:00', 20 );
INSERT INTO "times" VALUES ( 19051, 12830, '19:49:00', '19:49:00', 20 );
INSERT INTO "times" VALUES ( 19051, 12840, '19:50:00', '19:50:00', 20 );
INSERT INTO "times" VALUES ( 19051, 12850, '19:51:00', '19:51:00', 20 );
INSERT INTO "times" VALUES ( 19051, 12860, '19:53:00', '19:53:00', 20 );
INSERT INTO "times" VALUES ( 19051, 12870, '19:55:00', '19:55:00', 20 );
INSERT INTO "times" VALUES ( 19051, 12880, '19:56:00', '19:56:00', 20 );
INSERT INTO "times" VALUES ( 19051, 12890, '19:58:00', '19:58:00', 20 );
INSERT INTO "times" VALUES ( 19051, 12900, '20:00:00', '20:03:00', 20 );
INSERT INTO "times" VALUES ( 19051, 13510, '20:05:00', '20:05:00', 30 );
INSERT INTO "times" VALUES ( 19051, 13520, '20:08:00', NULL, NULL );

INSERT INTO "dias" VALUES ( 19052, 120, FALSE, TRUE, 'K1900Z', 12510, 13520 );
INSERT INTO "dias_line_groups" VALUES ( 19052, 10 );
INSERT INTO "times" VALUES ( 19052, 12510, NULL, '19:02:00', 20 );
INSERT INTO "times" VALUES ( 19052, 12520, '19:04:00', '19:04:00', 20 );
INSERT INTO "times" VALUES ( 19052, 12530, '19:06:00', '19:06:00', 20 );
INSERT INTO "times" VALUES ( 19052, 12540, '19:09:00', '19:09:00', 20 );
INSERT INTO "times" VALUES ( 19052, 12610, '19:14:00', '19:14:00', 20 );
INSERT INTO "times" VALUES ( 19052, 12660, '19:19:00', '19:19:00', 20 );
INSERT INTO "times" VALUES ( 19052, 12670, '19:21:00', '19:21:00', 20 );
INSERT INTO "times" VALUES ( 19052, 12680, '19:24:00', '19:24:00', 20 );
INSERT INTO "times" VALUES ( 19052, 12690, '19:26:00', '19:26:00', 20 );
INSERT INTO "times" VALUES ( 19052, 12700, '19:28:00', '19:28:00', 20 );
INSERT INTO "times" VALUES ( 19052, 12710, '19:30:00', '19:34:00', 20 );
INSERT INTO "times" VALUES ( 19052, 12720, '19:37:00', '19:37:00', 20 );
INSERT INTO "times" VALUES ( 19052, 12730, '19:39:00', '19:39:00', 20 );
INSERT INTO "times" VALUES ( 19052, 12740, '19:42:00', '19:42:00', 20 );
INSERT INTO "times" VALUES ( 19052, 12750, '19:45:00', '19:45:00', 20 );
INSERT INTO "times" VALUES ( 19052, 12760, '19:48:00', '19:48:00', 20 );
INSERT INTO "times" VALUES ( 19052, 12770, '19:52:00', '19:52:00', 20 );
INSERT INTO "times" VALUES ( 19052, 12780, '19:56:00', '19:56:00', 20 );
INSERT INTO "times" VALUES ( 19052, 12790, '19:57:00', '19:57:00', 20 );
INSERT INTO "times" VALUES ( 19052, 12800, '19:59:00', '20:03:00', 20 );
INSERT INTO "times" VALUES ( 19052, 12810, '20:05:00', '20:05:00', 20 );
INSERT INTO "times" VALUES ( 19052, 12820, '20:07:00', '20:07:00', 20 );
INSERT INTO "times" VALUES ( 19052, 12830, '20:09:00', '20:09:00', 20 );
INSERT INTO "times" VALUES ( 19052, 12840, '20:10:00', '20:10:00', 20 );
INSERT INTO "times" VALUES ( 19052, 12850, '20:11:00', '20:11:00', 20 );
INSERT INTO "times" VALUES ( 19052, 12860, '20:13:00', '20:13:00', 20 );
INSERT INTO "times" VALUES ( 19052, 12870, '20:15:00', '20:15:00', 20 );
INSERT INTO "times" VALUES ( 19052, 12880, '20:16:00', '20:16:00', 20 );
INSERT INTO "times" VALUES ( 19052, 12890, '20:18:00', '20:18:00', 20 );
INSERT INTO "times" VALUES ( 19052, 12900, '20:20:00', '20:23:00', 20 );
INSERT INTO "times" VALUES ( 19052, 13510, '20:25:00', '20:25:00', 30 );
INSERT INTO "times" VALUES ( 19052, 13520, '20:28:00', NULL, NULL );

INSERT INTO "dias" VALUES ( 19053, 120, FALSE, TRUE, 'K1901A', 13520, 12510 );
INSERT INTO "dias_line_groups" VALUES ( 19053, 10 );
INSERT INTO "times" VALUES ( 19053, 12510, '20:29:00', NULL, NULL );
INSERT INTO "times" VALUES ( 19053, 12520, '20:27:00', '20:27:00', 20 );
INSERT INTO "times" VALUES ( 19053, 12530, '20:25:00', '20:25:00', 20 );
INSERT INTO "times" VALUES ( 19053, 12540, '20:23:00', '20:23:00', 20 );
INSERT INTO "times" VALUES ( 19053, 12610, '20:18:00', '20:18:00', 20 );
INSERT INTO "times" VALUES ( 19053, 12660, '20:13:00', '20:13:00', 20 );
INSERT INTO "times" VALUES ( 19053, 12670, '20:10:00', '20:10:00', 20 );
INSERT INTO "times" VALUES ( 19053, 12680, '20:07:00', '20:07:00', 20 );
INSERT INTO "times" VALUES ( 19053, 12690, '20:05:00', '20:05:00', 20 );
INSERT INTO "times" VALUES ( 19053, 12700, '20:02:00', '20:02:00', 20 );
INSERT INTO "times" VALUES ( 19053, 12710, '19:57:00', '20:01:00', 20 );
INSERT INTO "times" VALUES ( 19053, 12720, '19:54:00', '19:54:00', 20 );
INSERT INTO "times" VALUES ( 19053, 12730, '19:52:00', '19:52:00', 20 );
INSERT INTO "times" VALUES ( 19053, 12740, '19:50:00', '19:50:00', 20 );
INSERT INTO "times" VALUES ( 19053, 12750, '19:46:00', '19:46:00', 20 );
INSERT INTO "times" VALUES ( 19053, 12760, '19:44:00', '19:44:00', 20 );
INSERT INTO "times" VALUES ( 19053, 12770, '19:40:00', '19:40:00', 20 );
INSERT INTO "times" VALUES ( 19053, 12780, '19:35:00', '19:35:00', 20 );
INSERT INTO "times" VALUES ( 19053, 12790, '19:33:00', '19:33:00', 20 );
INSERT INTO "times" VALUES ( 19053, 12800, '19:28:00', '19:31:00', 20 );
INSERT INTO "times" VALUES ( 19053, 12810, '19:26:00', '19:26:00', 20 );
INSERT INTO "times" VALUES ( 19053, 12820, '19:24:00', '19:24:00', 20 );
INSERT INTO "times" VALUES ( 19053, 12830, '19:23:00', '19:23:00', 20 );
INSERT INTO "times" VALUES ( 19053, 12840, '19:21:00', '19:21:00', 20 );
INSERT INTO "times" VALUES ( 19053, 12850, '19:19:00', '19:19:00', 20 );
INSERT INTO "times" VALUES ( 19053, 12860, '19:18:00', '19:18:00', 20 );
INSERT INTO "times" VALUES ( 19053, 12870, '19:16:00', '19:16:00', 20 );
INSERT INTO "times" VALUES ( 19053, 12880, '19:14:00', '19:14:00', 20 );
INSERT INTO "times" VALUES ( 19053, 12890, '19:12:00', '19:12:00', 20 );
INSERT INTO "times" VALUES ( 19053, 12900, '19:07:00', '19:11:00', 20 );
INSERT INTO "times" VALUES ( 19053, 13510, '19:05:00', '19:05:00', 30 );
INSERT INTO "times" VALUES ( 19053, 13520, NULL, '19:03:00', 30 );

INSERT INTO "dias" VALUES ( 19054, 120, FALSE, TRUE, 'K1902Z', 12510, 13520 );
INSERT INTO "dias_line_groups" VALUES ( 19054, 10 );
INSERT INTO "times" VALUES ( 19054, 12510, NULL, '19:13:00', 20 );
INSERT INTO "times" VALUES ( 19054, 12520, '19:14:00', '19:14:00', 20 );
INSERT INTO "times" VALUES ( 19054, 12530, '19:16:00', '19:16:00', 20 );
INSERT INTO "times" VALUES ( 19054, 12540, '19:20:00', '19:20:00', 20 );
INSERT INTO "times" VALUES ( 19054, 12610, '19:25:00', '19:25:00', 20 );
INSERT INTO "times" VALUES ( 19054, 12660, '19:29:00', '19:29:00', 20 );
INSERT INTO "times" VALUES ( 19054, 12670, '19:31:00', '19:31:00', 20 );
INSERT INTO "times" VALUES ( 19054, 12680, '19:35:00', '19:35:00', 20 );
INSERT INTO "times" VALUES ( 19054, 12690, '19:36:00', '19:36:00', 20 );
INSERT INTO "times" VALUES ( 19054, 12700, '19:39:00', '19:39:00', 20 );
INSERT INTO "times" VALUES ( 19054, 12710, '19:41:00', '19:44:00', 20 );
INSERT INTO "times" VALUES ( 19054, 12720, '19:47:00', '19:47:00', 20 );
INSERT INTO "times" VALUES ( 19054, 12730, '19:49:00', '19:49:00', 20 );
INSERT INTO "times" VALUES ( 19054, 12740, '19:52:00', '19:52:00', 20 );
INSERT INTO "times" VALUES ( 19054, 12750, '19:55:00', '19:55:00', 20 );
INSERT INTO "times" VALUES ( 19054, 12760, '19:58:00', '19:58:00', 20 );
INSERT INTO "times" VALUES ( 19054, 12770, '20:02:00', '20:02:00', 20 );
INSERT INTO "times" VALUES ( 19054, 12780, '20:06:00', '20:06:00', 20 );
INSERT INTO "times" VALUES ( 19054, 12790, '20:07:00', '20:07:00', 20 );
INSERT INTO "times" VALUES ( 19054, 12800, '20:09:00', '20:13:00', 20 );
INSERT INTO "times" VALUES ( 19054, 12810, '20:15:00', '20:15:00', 20 );
INSERT INTO "times" VALUES ( 19054, 12820, '20:17:00', '20:17:00', 20 );
INSERT INTO "times" VALUES ( 19054, 12830, '20:19:00', '20:19:00', 20 );
INSERT INTO "times" VALUES ( 19054, 12840, '20:20:00', '20:20:00', 20 );
INSERT INTO "times" VALUES ( 19054, 12850, '20:21:00', '20:21:00', 20 );
INSERT INTO "times" VALUES ( 19054, 12860, '20:23:00', '20:23:00', 20 );
INSERT INTO "times" VALUES ( 19054, 12870, '20:25:00', '20:25:00', 20 );
INSERT INTO "times" VALUES ( 19054, 12880, '20:26:00', '20:26:00', 20 );
INSERT INTO "times" VALUES ( 19054, 12890, '20:28:00', '20:28:00', 20 );
INSERT INTO "times" VALUES ( 19054, 12900, '20:30:00', '20:33:00', 20 );
INSERT INTO "times" VALUES ( 19054, 13510, '20:35:00', '20:35:00', 30 );
INSERT INTO "times" VALUES ( 19054, 13520, '20:38:00', NULL, NULL );

INSERT INTO "dias" VALUES ( 19055, 120, FALSE, TRUE, 'K1903A', 13520, 12510 );
INSERT INTO "dias_line_groups" VALUES ( 19055, 10 );
INSERT INTO "times" VALUES ( 19055, 12510, '20:49:00', NULL, NULL );
INSERT INTO "times" VALUES ( 19055, 12520, '20:47:00', '20:47:00', 20 );
INSERT INTO "times" VALUES ( 19055, 12530, '20:45:00', '20:45:00', 20 );
INSERT INTO "times" VALUES ( 19055, 12540, '20:42:00', '20:42:00', 20 );
INSERT INTO "times" VALUES ( 19055, 12610, '20:37:00', '20:37:00', 20 );
INSERT INTO "times" VALUES ( 19055, 12660, '20:33:00', '20:33:00', 20 );
INSERT INTO "times" VALUES ( 19055, 12670, '20:30:00', '20:30:00', 20 );
INSERT INTO "times" VALUES ( 19055, 12680, '20:27:00', '20:27:00', 20 );
INSERT INTO "times" VALUES ( 19055, 12690, '20:25:00', '20:25:00', 20 );
INSERT INTO "times" VALUES ( 19055, 12700, '20:22:00', '20:22:00', 20 );
INSERT INTO "times" VALUES ( 19055, 12710, '20:17:00', '20:20:00', 20 );
INSERT INTO "times" VALUES ( 19055, 12720, '20:14:00', '20:14:00', 20 );
INSERT INTO "times" VALUES ( 19055, 12730, '20:12:00', '20:12:00', 20 );
INSERT INTO "times" VALUES ( 19055, 12740, '20:09:00', '20:09:00', 20 );
INSERT INTO "times" VALUES ( 19055, 12750, '20:06:00', '20:06:00', 20 );
INSERT INTO "times" VALUES ( 19055, 12760, '20:04:00', '20:04:00', 20 );
INSERT INTO "times" VALUES ( 19055, 12770, '20:00:00', '20:00:00', 20 );
INSERT INTO "times" VALUES ( 19055, 12780, '19:55:00', '19:55:00', 20 );
INSERT INTO "times" VALUES ( 19055, 12790, '19:53:00', '19:53:00', 20 );
INSERT INTO "times" VALUES ( 19055, 12800, '19:48:00', '19:51:00', 20 );
INSERT INTO "times" VALUES ( 19055, 12810, '19:46:00', '19:46:00', 20 );
INSERT INTO "times" VALUES ( 19055, 12820, '19:44:00', '19:44:00', 20 );
INSERT INTO "times" VALUES ( 19055, 12830, '19:43:00', '19:43:00', 20 );
INSERT INTO "times" VALUES ( 19055, 12840, '19:41:00', '19:41:00', 20 );
INSERT INTO "times" VALUES ( 19055, 12850, '19:39:00', '19:39:00', 20 );
INSERT INTO "times" VALUES ( 19055, 12860, '19:37:00', '19:37:00', 20 );
INSERT INTO "times" VALUES ( 19055, 12870, '19:36:00', '19:36:00', 20 );
INSERT INTO "times" VALUES ( 19055, 12880, '19:34:00', '19:34:00', 20 );
INSERT INTO "times" VALUES ( 19055, 12890, '19:32:00', '19:32:00', 20 );
INSERT INTO "times" VALUES ( 19055, 12900, '19:27:00', '19:31:00', 20 );
INSERT INTO "times" VALUES ( 19055, 13510, '19:25:00', '19:25:00', 30 );
INSERT INTO "times" VALUES ( 19055, 13520, NULL, '19:23:00', 30 );

INSERT INTO "dias" VALUES ( 19056, 120, FALSE, TRUE, 'K1904Z', 12510, 13520 );
INSERT INTO "dias_line_groups" VALUES ( 19056, 10 );
INSERT INTO "times" VALUES ( 19056, 12510, NULL, '19:32:00', 20 );
INSERT INTO "times" VALUES ( 19056, 12520, '19:34:00', '19:34:00', 20 );
INSERT INTO "times" VALUES ( 19056, 12530, '19:36:00', '19:36:00', 20 );
INSERT INTO "times" VALUES ( 19056, 12540, '19:39:00', '19:39:00', 20 );
INSERT INTO "times" VALUES ( 19056, 12610, '19:44:00', '19:44:00', 20 );
INSERT INTO "times" VALUES ( 19056, 12660, '19:49:00', '19:49:00', 20 );
INSERT INTO "times" VALUES ( 19056, 12670, '19:51:00', '19:51:00', 20 );
INSERT INTO "times" VALUES ( 19056, 12680, '19:54:00', '19:54:00', 20 );
INSERT INTO "times" VALUES ( 19056, 12690, '19:56:00', '19:56:00', 20 );
INSERT INTO "times" VALUES ( 19056, 12700, '19:58:00', '19:58:00', 20 );
INSERT INTO "times" VALUES ( 19056, 12710, '20:00:00', '20:04:00', 20 );
INSERT INTO "times" VALUES ( 19056, 12720, '20:07:00', '20:07:00', 20 );
INSERT INTO "times" VALUES ( 19056, 12730, '20:09:00', '20:09:00', 20 );
INSERT INTO "times" VALUES ( 19056, 12740, '20:12:00', '20:12:00', 20 );
INSERT INTO "times" VALUES ( 19056, 12750, '20:15:00', '20:15:00', 20 );
INSERT INTO "times" VALUES ( 19056, 12760, '20:18:00', '20:18:00', 20 );
INSERT INTO "times" VALUES ( 19056, 12770, '20:22:00', '20:22:00', 20 );
INSERT INTO "times" VALUES ( 19056, 12780, '20:26:00', '20:26:00', 20 );
INSERT INTO "times" VALUES ( 19056, 12790, '20:27:00', '20:27:00', 20 );
INSERT INTO "times" VALUES ( 19056, 12800, '20:29:00', '20:33:00', 20 );
INSERT INTO "times" VALUES ( 19056, 12810, '20:35:00', '20:35:00', 20 );
INSERT INTO "times" VALUES ( 19056, 12820, '20:37:00', '20:37:00', 20 );
INSERT INTO "times" VALUES ( 19056, 12830, '20:39:00', '20:39:00', 20 );
INSERT INTO "times" VALUES ( 19056, 12840, '20:40:00', '20:40:00', 20 );
INSERT INTO "times" VALUES ( 19056, 12850, '20:41:00', '20:41:00', 20 );
INSERT INTO "times" VALUES ( 19056, 12860, '20:43:00', '20:43:00', 20 );
INSERT INTO "times" VALUES ( 19056, 12870, '20:45:00', '20:45:00', 20 );
INSERT INTO "times" VALUES ( 19056, 12880, '20:46:00', '20:46:00', 20 );
INSERT INTO "times" VALUES ( 19056, 12890, '20:48:00', '20:48:00', 20 );
INSERT INTO "times" VALUES ( 19056, 12900, '20:50:00', '20:53:00', 20 );
INSERT INTO "times" VALUES ( 19056, 13510, '20:55:00', '20:55:00', 30 );
INSERT INTO "times" VALUES ( 19056, 13520, '20:58:00', NULL, NULL );

INSERT INTO "dias" VALUES ( 19057, 120, FALSE, TRUE, 'K1905A', 13520, 12510 );
INSERT INTO "dias_line_groups" VALUES ( 19057, 10 );
INSERT INTO "times" VALUES ( 19057, 12510, '21:09:00', NULL, NULL );
INSERT INTO "times" VALUES ( 19057, 12520, '21:07:00', '21:07:00', 20 );
INSERT INTO "times" VALUES ( 19057, 12530, '21:05:00', '21:05:00', 20 );
INSERT INTO "times" VALUES ( 19057, 12540, '21:02:00', '21:02:00', 20 );
INSERT INTO "times" VALUES ( 19057, 12610, '20:57:00', '20:57:00', 20 );
INSERT INTO "times" VALUES ( 19057, 12660, '20:53:00', '20:53:00', 20 );
INSERT INTO "times" VALUES ( 19057, 12670, '20:50:00', '20:50:00', 20 );
INSERT INTO "times" VALUES ( 19057, 12680, '20:47:00', '20:47:00', 20 );
INSERT INTO "times" VALUES ( 19057, 12690, '20:44:00', '20:44:00', 20 );
INSERT INTO "times" VALUES ( 19057, 12700, '20:42:00', '20:42:00', 20 );
INSERT INTO "times" VALUES ( 19057, 12710, '20:36:00', '20:40:00', 20 );
INSERT INTO "times" VALUES ( 19057, 12720, '20:34:00', '20:34:00', 20 );
INSERT INTO "times" VALUES ( 19057, 12730, '20:31:00', '20:31:00', 20 );
INSERT INTO "times" VALUES ( 19057, 12740, '20:29:00', '20:29:00', 20 );
INSERT INTO "times" VALUES ( 19057, 12750, '20:26:00', '20:26:00', 20 );
INSERT INTO "times" VALUES ( 19057, 12760, '20:23:00', '20:23:00', 20 );
INSERT INTO "times" VALUES ( 19057, 12770, '20:19:00', '20:19:00', 20 );
INSERT INTO "times" VALUES ( 19057, 12780, '20:15:00', '20:15:00', 20 );
INSERT INTO "times" VALUES ( 19057, 12790, '20:13:00', '20:13:00', 20 );
INSERT INTO "times" VALUES ( 19057, 12800, '20:07:00', '20:11:00', 20 );
INSERT INTO "times" VALUES ( 19057, 12810, '20:05:00', '20:05:00', 20 );
INSERT INTO "times" VALUES ( 19057, 12820, '20:03:00', '20:03:00', 20 );
INSERT INTO "times" VALUES ( 19057, 12830, '20:02:00', '20:02:00', 20 );
INSERT INTO "times" VALUES ( 19057, 12840, '20:00:00', '20:00:00', 20 );
INSERT INTO "times" VALUES ( 19057, 12850, '19:59:00', '19:59:00', 20 );
INSERT INTO "times" VALUES ( 19057, 12860, '19:57:00', '19:57:00', 20 );
INSERT INTO "times" VALUES ( 19057, 12870, '19:55:00', '19:55:00', 20 );
INSERT INTO "times" VALUES ( 19057, 12880, '19:53:00', '19:53:00', 20 );
INSERT INTO "times" VALUES ( 19057, 12890, '19:52:00', '19:52:00', 20 );
INSERT INTO "times" VALUES ( 19057, 12900, '19:46:00', '19:50:00', 20 );
INSERT INTO "times" VALUES ( 19057, 13510, '19:44:00', '19:44:00', 30 );
INSERT INTO "times" VALUES ( 19057, 13520, NULL, '19:42:00', 30 );

INSERT INTO "dias" VALUES ( 19058, 120, FALSE, TRUE, 'K1906Z', 12510, 13520 );
INSERT INTO "dias_line_groups" VALUES ( 19058, 10 );
INSERT INTO "times" VALUES ( 19058, 12510, NULL, '19:42:00', 20 );
INSERT INTO "times" VALUES ( 19058, 12520, '19:44:00', '19:44:00', 20 );
INSERT INTO "times" VALUES ( 19058, 12530, '19:46:00', '19:46:00', 20 );
INSERT INTO "times" VALUES ( 19058, 12540, '19:49:00', '19:49:00', 20 );
INSERT INTO "times" VALUES ( 19058, 12610, '19:54:00', '19:54:00', 20 );
INSERT INTO "times" VALUES ( 19058, 12660, '19:59:00', '19:59:00', 20 );
INSERT INTO "times" VALUES ( 19058, 12670, '20:01:00', '20:01:00', 20 );
INSERT INTO "times" VALUES ( 19058, 12680, '20:04:00', '20:04:00', 20 );
INSERT INTO "times" VALUES ( 19058, 12690, '20:06:00', '20:06:00', 20 );
INSERT INTO "times" VALUES ( 19058, 12700, '20:08:00', '20:08:00', 20 );
INSERT INTO "times" VALUES ( 19058, 12710, '20:10:00', '20:14:00', 20 );
INSERT INTO "times" VALUES ( 19058, 12720, '20:17:00', '20:17:00', 20 );
INSERT INTO "times" VALUES ( 19058, 12730, '20:19:00', '20:19:00', 20 );
INSERT INTO "times" VALUES ( 19058, 12740, '20:22:00', '20:22:00', 20 );
INSERT INTO "times" VALUES ( 19058, 12750, '20:25:00', '20:25:00', 20 );
INSERT INTO "times" VALUES ( 19058, 12760, '20:28:00', '20:28:00', 20 );
INSERT INTO "times" VALUES ( 19058, 12770, '20:32:00', '20:32:00', 20 );
INSERT INTO "times" VALUES ( 19058, 12780, '20:36:00', '20:36:00', 20 );
INSERT INTO "times" VALUES ( 19058, 12790, '20:37:00', '20:37:00', 20 );
INSERT INTO "times" VALUES ( 19058, 12800, '20:39:00', '20:43:00', 20 );
INSERT INTO "times" VALUES ( 19058, 12810, '20:45:00', '20:45:00', 20 );
INSERT INTO "times" VALUES ( 19058, 12820, '20:47:00', '20:47:00', 20 );
INSERT INTO "times" VALUES ( 19058, 12830, '20:49:00', '20:49:00', 20 );
INSERT INTO "times" VALUES ( 19058, 12840, '20:50:00', '20:50:00', 20 );
INSERT INTO "times" VALUES ( 19058, 12850, '20:51:00', '20:51:00', 20 );
INSERT INTO "times" VALUES ( 19058, 12860, '20:53:00', '20:53:00', 20 );
INSERT INTO "times" VALUES ( 19058, 12870, '20:55:00', '20:55:00', 20 );
INSERT INTO "times" VALUES ( 19058, 12880, '20:56:00', '20:56:00', 20 );
INSERT INTO "times" VALUES ( 19058, 12890, '20:58:00', '20:58:00', 20 );
INSERT INTO "times" VALUES ( 19058, 12900, '21:00:00', '21:03:00', 20 );
INSERT INTO "times" VALUES ( 19058, 13510, '21:05:00', '21:05:00', 30 );
INSERT INTO "times" VALUES ( 19058, 13520, '21:08:00', NULL, NULL );

INSERT INTO "dias" VALUES ( 19059, 120, FALSE, TRUE, 'K2000Z', 12510, 13520 );
INSERT INTO "dias_line_groups" VALUES ( 19059, 10 );
INSERT INTO "times" VALUES ( 19059, 12510, NULL, '20:02:00', 20 );
INSERT INTO "times" VALUES ( 19059, 12520, '20:04:00', '20:04:00', 20 );
INSERT INTO "times" VALUES ( 19059, 12530, '20:06:00', '20:06:00', 20 );
INSERT INTO "times" VALUES ( 19059, 12540, '20:09:00', '20:09:00', 20 );
INSERT INTO "times" VALUES ( 19059, 12610, '20:14:00', '20:14:00', 20 );
INSERT INTO "times" VALUES ( 19059, 12660, '20:19:00', '20:19:00', 20 );
INSERT INTO "times" VALUES ( 19059, 12670, '20:21:00', '20:21:00', 20 );
INSERT INTO "times" VALUES ( 19059, 12680, '20:24:00', '20:24:00', 20 );
INSERT INTO "times" VALUES ( 19059, 12690, '20:26:00', '20:26:00', 20 );
INSERT INTO "times" VALUES ( 19059, 12700, '20:28:00', '20:28:00', 20 );
INSERT INTO "times" VALUES ( 19059, 12710, '20:30:00', '20:34:00', 20 );
INSERT INTO "times" VALUES ( 19059, 12720, '20:37:00', '20:37:00', 20 );
INSERT INTO "times" VALUES ( 19059, 12730, '20:39:00', '20:39:00', 20 );
INSERT INTO "times" VALUES ( 19059, 12740, '20:42:00', '20:42:00', 20 );
INSERT INTO "times" VALUES ( 19059, 12750, '20:45:00', '20:45:00', 20 );
INSERT INTO "times" VALUES ( 19059, 12760, '20:48:00', '20:48:00', 20 );
INSERT INTO "times" VALUES ( 19059, 12770, '20:52:00', '20:52:00', 20 );
INSERT INTO "times" VALUES ( 19059, 12780, '20:56:00', '20:56:00', 20 );
INSERT INTO "times" VALUES ( 19059, 12790, '20:57:00', '20:57:00', 20 );
INSERT INTO "times" VALUES ( 19059, 12800, '20:59:00', '21:03:00', 20 );
INSERT INTO "times" VALUES ( 19059, 12810, '21:05:00', '21:05:00', 20 );
INSERT INTO "times" VALUES ( 19059, 12820, '21:07:00', '21:07:00', 20 );
INSERT INTO "times" VALUES ( 19059, 12830, '21:09:00', '21:09:00', 20 );
INSERT INTO "times" VALUES ( 19059, 12840, '21:10:00', '21:10:00', 20 );
INSERT INTO "times" VALUES ( 19059, 12850, '21:11:00', '21:11:00', 20 );
INSERT INTO "times" VALUES ( 19059, 12860, '21:13:00', '21:13:00', 20 );
INSERT INTO "times" VALUES ( 19059, 12870, '21:15:00', '21:15:00', 20 );
INSERT INTO "times" VALUES ( 19059, 12880, '21:16:00', '21:16:00', 20 );
INSERT INTO "times" VALUES ( 19059, 12890, '21:18:00', '21:18:00', 20 );
INSERT INTO "times" VALUES ( 19059, 12900, '21:20:00', '21:23:00', 20 );
INSERT INTO "times" VALUES ( 19059, 13510, '21:25:00', '21:25:00', 30 );
INSERT INTO "times" VALUES ( 19059, 13520, '21:28:00', NULL, NULL );

INSERT INTO "dias" VALUES ( 19060, 120, FALSE, TRUE, 'K2001A', 13520, 12510 );
INSERT INTO "dias_line_groups" VALUES ( 19060, 10 );
INSERT INTO "times" VALUES ( 19060, 12510, '21:28:00', NULL, NULL );
INSERT INTO "times" VALUES ( 19060, 12520, '21:26:00', '21:26:00', 20 );
INSERT INTO "times" VALUES ( 19060, 12530, '21:25:00', '21:25:00', 20 );
INSERT INTO "times" VALUES ( 19060, 12540, '21:22:00', '21:22:00', 20 );
INSERT INTO "times" VALUES ( 19060, 12610, '21:16:00', '21:17:00', 20 );
INSERT INTO "times" VALUES ( 19060, 12660, '21:12:00', '21:12:00', 20 );
INSERT INTO "times" VALUES ( 19060, 12670, '21:09:00', '21:09:00', 20 );
INSERT INTO "times" VALUES ( 19060, 12680, '21:06:00', '21:06:00', 20 );
INSERT INTO "times" VALUES ( 19060, 12690, '21:03:00', '21:03:00', 20 );
INSERT INTO "times" VALUES ( 19060, 12700, '21:01:00', '21:01:00', 20 );
INSERT INTO "times" VALUES ( 19060, 12710, '20:55:00', '20:59:00', 20 );
INSERT INTO "times" VALUES ( 19060, 12720, '20:53:00', '20:53:00', 20 );
INSERT INTO "times" VALUES ( 19060, 12730, '20:50:00', '20:50:00', 20 );
INSERT INTO "times" VALUES ( 19060, 12740, '20:48:00', '20:48:00', 20 );
INSERT INTO "times" VALUES ( 19060, 12750, '20:44:00', '20:44:00', 20 );
INSERT INTO "times" VALUES ( 19060, 12760, '20:42:00', '20:42:00', 20 );
INSERT INTO "times" VALUES ( 19060, 12770, '20:38:00', '20:38:00', 20 );
INSERT INTO "times" VALUES ( 19060, 12780, '20:34:00', '20:34:00', 20 );
INSERT INTO "times" VALUES ( 19060, 12790, '20:31:00', '20:31:00', 20 );
INSERT INTO "times" VALUES ( 19060, 12800, '20:26:00', '20:29:00', 20 );
INSERT INTO "times" VALUES ( 19060, 12810, '20:24:00', '20:24:00', 20 );
INSERT INTO "times" VALUES ( 19060, 12820, '20:22:00', '20:22:00', 20 );
INSERT INTO "times" VALUES ( 19060, 12830, '20:21:00', '20:21:00', 20 );
INSERT INTO "times" VALUES ( 19060, 12840, '20:19:00', '20:19:00', 20 );
INSERT INTO "times" VALUES ( 19060, 12850, '20:17:00', '20:17:00', 20 );
INSERT INTO "times" VALUES ( 19060, 12860, '20:15:00', '20:15:00', 20 );
INSERT INTO "times" VALUES ( 19060, 12870, '20:14:00', '20:14:00', 20 );
INSERT INTO "times" VALUES ( 19060, 12880, '20:12:00', '20:12:00', 20 );
INSERT INTO "times" VALUES ( 19060, 12890, '20:10:00', '20:10:00', 20 );
INSERT INTO "times" VALUES ( 19060, 12900, '20:05:00', '20:09:00', 20 );
INSERT INTO "times" VALUES ( 19060, 13510, '20:03:00', '20:03:00', 30 );
INSERT INTO "times" VALUES ( 19060, 13520, NULL, '20:01:00', 30 );

INSERT INTO "dias" VALUES ( 19061, 120, FALSE, TRUE, 'K2002Z', 12510, 13520 );
INSERT INTO "dias_line_groups" VALUES ( 19061, 10 );
INSERT INTO "times" VALUES ( 19061, 12510, NULL, '20:22:00', 20 );
INSERT INTO "times" VALUES ( 19061, 12520, '20:24:00', '20:24:00', 20 );
INSERT INTO "times" VALUES ( 19061, 12530, '20:26:00', '20:26:00', 20 );
INSERT INTO "times" VALUES ( 19061, 12540, '20:29:00', '20:29:00', 20 );
INSERT INTO "times" VALUES ( 19061, 12610, '20:34:00', '20:34:00', 20 );
INSERT INTO "times" VALUES ( 19061, 12660, '20:39:00', '20:39:00', 20 );
INSERT INTO "times" VALUES ( 19061, 12670, '20:41:00', '20:41:00', 20 );
INSERT INTO "times" VALUES ( 19061, 12680, '20:44:00', '20:44:00', 20 );
INSERT INTO "times" VALUES ( 19061, 12690, '20:46:00', '20:46:00', 20 );
INSERT INTO "times" VALUES ( 19061, 12700, '20:48:00', '20:48:00', 20 );
INSERT INTO "times" VALUES ( 19061, 12710, '20:50:00', '20:54:00', 20 );
INSERT INTO "times" VALUES ( 19061, 12720, '20:57:00', '20:57:00', 20 );
INSERT INTO "times" VALUES ( 19061, 12730, '20:59:00', '20:59:00', 20 );
INSERT INTO "times" VALUES ( 19061, 12740, '21:02:00', '21:02:00', 20 );
INSERT INTO "times" VALUES ( 19061, 12750, '21:05:00', '21:05:00', 20 );
INSERT INTO "times" VALUES ( 19061, 12760, '21:08:00', '21:08:00', 20 );
INSERT INTO "times" VALUES ( 19061, 12770, '21:12:00', '21:12:00', 20 );
INSERT INTO "times" VALUES ( 19061, 12780, '21:16:00', '21:16:00', 20 );
INSERT INTO "times" VALUES ( 19061, 12790, '21:17:00', '21:17:00', 20 );
INSERT INTO "times" VALUES ( 19061, 12800, '21:19:00', '21:23:00', 20 );
INSERT INTO "times" VALUES ( 19061, 12810, '21:25:00', '21:25:00', 20 );
INSERT INTO "times" VALUES ( 19061, 12820, '21:27:00', '21:27:00', 20 );
INSERT INTO "times" VALUES ( 19061, 12830, '21:29:00', '21:29:00', 20 );
INSERT INTO "times" VALUES ( 19061, 12840, '21:30:00', '21:30:00', 20 );
INSERT INTO "times" VALUES ( 19061, 12850, '21:31:00', '21:31:00', 20 );
INSERT INTO "times" VALUES ( 19061, 12860, '21:33:00', '21:33:00', 20 );
INSERT INTO "times" VALUES ( 19061, 12870, '21:35:00', '21:35:00', 20 );
INSERT INTO "times" VALUES ( 19061, 12880, '21:36:00', '21:36:00', 20 );
INSERT INTO "times" VALUES ( 19061, 12890, '21:38:00', '21:38:00', 20 );
INSERT INTO "times" VALUES ( 19061, 12900, '21:40:00', '21:43:00', 20 );
INSERT INTO "times" VALUES ( 19061, 13510, '21:45:00', '21:45:00', 30 );
INSERT INTO "times" VALUES ( 19061, 13520, '21:48:00', NULL, NULL );

INSERT INTO "dias" VALUES ( 19062, 120, FALSE, TRUE, 'K2003A', 13520, 12510 );
INSERT INTO "dias_line_groups" VALUES ( 19062, 10 );
INSERT INTO "times" VALUES ( 19062, 12510, '21:48:00', NULL, NULL );
INSERT INTO "times" VALUES ( 19062, 12520, '21:46:00', '21:46:00', 20 );
INSERT INTO "times" VALUES ( 19062, 12530, '21:45:00', '21:45:00', 20 );
INSERT INTO "times" VALUES ( 19062, 12540, '21:42:00', '21:42:00', 20 );
INSERT INTO "times" VALUES ( 19062, 12610, '21:36:00', '21:37:00', 20 );
INSERT INTO "times" VALUES ( 19062, 12660, '21:32:00', '21:32:00', 20 );
INSERT INTO "times" VALUES ( 19062, 12670, '21:29:00', '21:29:00', 20 );
INSERT INTO "times" VALUES ( 19062, 12680, '21:26:00', '21:26:00', 20 );
INSERT INTO "times" VALUES ( 19062, 12690, '21:23:00', '21:23:00', 20 );
INSERT INTO "times" VALUES ( 19062, 12700, '21:21:00', '21:21:00', 20 );
INSERT INTO "times" VALUES ( 19062, 12710, '21:15:00', '21:19:00', 20 );
INSERT INTO "times" VALUES ( 19062, 12720, '21:13:00', '21:13:00', 20 );
INSERT INTO "times" VALUES ( 19062, 12730, '21:10:00', '21:10:00', 20 );
INSERT INTO "times" VALUES ( 19062, 12740, '21:08:00', '21:08:00', 20 );
INSERT INTO "times" VALUES ( 19062, 12750, '21:04:00', '21:04:00', 20 );
INSERT INTO "times" VALUES ( 19062, 12760, '21:02:00', '21:02:00', 20 );
INSERT INTO "times" VALUES ( 19062, 12770, '20:58:00', '20:58:00', 20 );
INSERT INTO "times" VALUES ( 19062, 12780, '20:54:00', '20:54:00', 20 );
INSERT INTO "times" VALUES ( 19062, 12790, '20:51:00', '20:51:00', 20 );
INSERT INTO "times" VALUES ( 19062, 12800, '20:46:00', '20:49:00', 20 );
INSERT INTO "times" VALUES ( 19062, 12810, '20:44:00', '20:44:00', 20 );
INSERT INTO "times" VALUES ( 19062, 12820, '20:42:00', '20:42:00', 20 );
INSERT INTO "times" VALUES ( 19062, 12830, '20:41:00', '20:41:00', 20 );
INSERT INTO "times" VALUES ( 19062, 12840, '20:39:00', '20:39:00', 20 );
INSERT INTO "times" VALUES ( 19062, 12850, '20:37:00', '20:37:00', 20 );
INSERT INTO "times" VALUES ( 19062, 12860, '20:35:00', '20:35:00', 20 );
INSERT INTO "times" VALUES ( 19062, 12870, '20:34:00', '20:34:00', 20 );
INSERT INTO "times" VALUES ( 19062, 12880, '20:32:00', '20:32:00', 20 );
INSERT INTO "times" VALUES ( 19062, 12890, '20:30:00', '20:30:00', 20 );
INSERT INTO "times" VALUES ( 19062, 12900, '20:25:00', '20:29:00', 20 );
INSERT INTO "times" VALUES ( 19062, 13510, '20:23:00', '20:23:00', 30 );
INSERT INTO "times" VALUES ( 19062, 13520, NULL, '20:21:00', 30 );

INSERT INTO "dias" VALUES ( 19063, 120, FALSE, TRUE, 'K2004Z', 12510, 13520 );
INSERT INTO "dias_line_groups" VALUES ( 19063, 10 );
INSERT INTO "times" VALUES ( 19063, 12510, NULL, '20:32:00', 20 );
INSERT INTO "times" VALUES ( 19063, 12520, '20:34:00', '20:34:00', 20 );
INSERT INTO "times" VALUES ( 19063, 12530, '20:36:00', '20:36:00', 20 );
INSERT INTO "times" VALUES ( 19063, 12540, '20:39:00', '20:39:00', 20 );
INSERT INTO "times" VALUES ( 19063, 12610, '20:44:00', '20:44:00', 20 );
INSERT INTO "times" VALUES ( 19063, 12660, '20:49:00', '20:49:00', 20 );
INSERT INTO "times" VALUES ( 19063, 12670, '20:51:00', '20:51:00', 20 );
INSERT INTO "times" VALUES ( 19063, 12680, '20:54:00', '20:54:00', 20 );
INSERT INTO "times" VALUES ( 19063, 12690, '20:56:00', '20:56:00', 20 );
INSERT INTO "times" VALUES ( 19063, 12700, '20:58:00', '20:58:00', 20 );
INSERT INTO "times" VALUES ( 19063, 12710, '21:00:00', '21:04:00', 20 );
INSERT INTO "times" VALUES ( 19063, 12720, '21:07:00', '21:07:00', 20 );
INSERT INTO "times" VALUES ( 19063, 12730, '21:09:00', '21:09:00', 20 );
INSERT INTO "times" VALUES ( 19063, 12740, '21:12:00', '21:12:00', 20 );
INSERT INTO "times" VALUES ( 19063, 12750, '21:15:00', '21:15:00', 20 );
INSERT INTO "times" VALUES ( 19063, 12760, '21:18:00', '21:18:00', 20 );
INSERT INTO "times" VALUES ( 19063, 12770, '21:22:00', '21:22:00', 20 );
INSERT INTO "times" VALUES ( 19063, 12780, '21:26:00', '21:26:00', 20 );
INSERT INTO "times" VALUES ( 19063, 12790, '21:27:00', '21:27:00', 20 );
INSERT INTO "times" VALUES ( 19063, 12800, '21:29:00', '21:33:00', 20 );
INSERT INTO "times" VALUES ( 19063, 12810, '21:35:00', '21:35:00', 20 );
INSERT INTO "times" VALUES ( 19063, 12820, '21:37:00', '21:37:00', 20 );
INSERT INTO "times" VALUES ( 19063, 12830, '21:39:00', '21:39:00', 20 );
INSERT INTO "times" VALUES ( 19063, 12840, '21:40:00', '21:40:00', 20 );
INSERT INTO "times" VALUES ( 19063, 12850, '21:41:00', '21:41:00', 20 );
INSERT INTO "times" VALUES ( 19063, 12860, '21:43:00', '21:43:00', 20 );
INSERT INTO "times" VALUES ( 19063, 12870, '21:45:00', '21:45:00', 20 );
INSERT INTO "times" VALUES ( 19063, 12880, '21:46:00', '21:46:00', 20 );
INSERT INTO "times" VALUES ( 19063, 12890, '21:48:00', '21:48:00', 20 );
INSERT INTO "times" VALUES ( 19063, 12900, '21:50:00', '21:53:00', 20 );
INSERT INTO "times" VALUES ( 19063, 13510, '21:55:00', '21:55:00', 30 );
INSERT INTO "times" VALUES ( 19063, 13520, '21:58:00', NULL, NULL );

INSERT INTO "dias" VALUES ( 19064, 120, FALSE, TRUE, 'K2005A', 13520, 12510 );
INSERT INTO "dias_line_groups" VALUES ( 19064, 10 );
INSERT INTO "times" VALUES ( 19064, 12510, '22:08:00', NULL, NULL );
INSERT INTO "times" VALUES ( 19064, 12520, '22:06:00', '22:06:00', 20 );
INSERT INTO "times" VALUES ( 19064, 12530, '22:04:00', '22:04:00', 20 );
INSERT INTO "times" VALUES ( 19064, 12540, '22:01:00', '22:01:00', 20 );
INSERT INTO "times" VALUES ( 19064, 12610, '21:56:00', '21:56:00', 20 );
INSERT INTO "times" VALUES ( 19064, 12660, '21:52:00', '21:52:00', 20 );
INSERT INTO "times" VALUES ( 19064, 12670, '21:48:00', '21:48:00', 20 );
INSERT INTO "times" VALUES ( 19064, 12680, '21:46:00', '21:46:00', 20 );
INSERT INTO "times" VALUES ( 19064, 12690, '21:43:00', '21:43:00', 20 );
INSERT INTO "times" VALUES ( 19064, 12700, '21:41:00', '21:41:00', 20 );
INSERT INTO "times" VALUES ( 19064, 12710, '21:35:00', '21:39:00', 20 );
INSERT INTO "times" VALUES ( 19064, 12720, '21:33:00', '21:33:00', 20 );
INSERT INTO "times" VALUES ( 19064, 12730, '21:30:00', '21:30:00', 20 );
INSERT INTO "times" VALUES ( 19064, 12740, '21:28:00', '21:28:00', 20 );
INSERT INTO "times" VALUES ( 19064, 12750, '21:24:00', '21:24:00', 20 );
INSERT INTO "times" VALUES ( 19064, 12760, '21:22:00', '21:22:00', 20 );
INSERT INTO "times" VALUES ( 19064, 12770, '21:18:00', '21:18:00', 20 );
INSERT INTO "times" VALUES ( 19064, 12780, '21:14:00', '21:14:00', 20 );
INSERT INTO "times" VALUES ( 19064, 12790, '21:11:00', '21:11:00', 20 );
INSERT INTO "times" VALUES ( 19064, 12800, '21:06:00', '21:09:00', 20 );
INSERT INTO "times" VALUES ( 19064, 12810, '21:04:00', '21:04:00', 20 );
INSERT INTO "times" VALUES ( 19064, 12820, '21:02:00', '21:02:00', 20 );
INSERT INTO "times" VALUES ( 19064, 12830, '21:01:00', '21:01:00', 20 );
INSERT INTO "times" VALUES ( 19064, 12840, '20:59:00', '20:59:00', 20 );
INSERT INTO "times" VALUES ( 19064, 12850, '20:57:00', '20:57:00', 20 );
INSERT INTO "times" VALUES ( 19064, 12860, '20:55:00', '20:55:00', 20 );
INSERT INTO "times" VALUES ( 19064, 12870, '20:54:00', '20:54:00', 20 );
INSERT INTO "times" VALUES ( 19064, 12880, '20:52:00', '20:52:00', 20 );
INSERT INTO "times" VALUES ( 19064, 12890, '20:50:00', '20:50:00', 20 );
INSERT INTO "times" VALUES ( 19064, 12900, '20:45:00', '20:49:00', 20 );
INSERT INTO "times" VALUES ( 19064, 13510, '20:43:00', '20:43:00', 30 );
INSERT INTO "times" VALUES ( 19064, 13520, NULL, '20:41:00', 30 );

INSERT INTO "dias" VALUES ( 19065, 120, FALSE, TRUE, 'K2006Z', 12510, 13520 );
INSERT INTO "dias_line_groups" VALUES ( 19065, 10 );
INSERT INTO "times" VALUES ( 19065, 12510, NULL, '20:52:00', 20 );
INSERT INTO "times" VALUES ( 19065, 12520, '20:54:00', '20:54:00', 20 );
INSERT INTO "times" VALUES ( 19065, 12530, '20:56:00', '20:56:00', 20 );
INSERT INTO "times" VALUES ( 19065, 12540, '20:59:00', '20:59:00', 20 );
INSERT INTO "times" VALUES ( 19065, 12610, '21:04:00', '21:04:00', 20 );
INSERT INTO "times" VALUES ( 19065, 12660, '21:09:00', '21:09:00', 20 );
INSERT INTO "times" VALUES ( 19065, 12670, '21:11:00', '21:11:00', 20 );
INSERT INTO "times" VALUES ( 19065, 12680, '21:14:00', '21:14:00', 20 );
INSERT INTO "times" VALUES ( 19065, 12690, '21:16:00', '21:16:00', 20 );
INSERT INTO "times" VALUES ( 19065, 12700, '21:18:00', '21:18:00', 20 );
INSERT INTO "times" VALUES ( 19065, 12710, '21:20:00', '21:24:00', 20 );
INSERT INTO "times" VALUES ( 19065, 12720, '21:27:00', '21:27:00', 20 );
INSERT INTO "times" VALUES ( 19065, 12730, '21:29:00', '21:29:00', 20 );
INSERT INTO "times" VALUES ( 19065, 12740, '21:32:00', '21:32:00', 20 );
INSERT INTO "times" VALUES ( 19065, 12750, '21:35:00', '21:35:00', 20 );
INSERT INTO "times" VALUES ( 19065, 12760, '21:38:00', '21:38:00', 20 );
INSERT INTO "times" VALUES ( 19065, 12770, '21:42:00', '21:42:00', 20 );
INSERT INTO "times" VALUES ( 19065, 12780, '21:46:00', '21:46:00', 20 );
INSERT INTO "times" VALUES ( 19065, 12790, '21:47:00', '21:47:00', 20 );
INSERT INTO "times" VALUES ( 19065, 12800, '21:49:00', '21:53:00', 20 );
INSERT INTO "times" VALUES ( 19065, 12810, '21:55:00', '21:55:00', 20 );
INSERT INTO "times" VALUES ( 19065, 12820, '21:57:00', '21:57:00', 20 );
INSERT INTO "times" VALUES ( 19065, 12830, '21:59:00', '21:59:00', 20 );
INSERT INTO "times" VALUES ( 19065, 12840, '22:00:00', '22:00:00', 20 );
INSERT INTO "times" VALUES ( 19065, 12850, '22:01:00', '22:01:00', 20 );
INSERT INTO "times" VALUES ( 19065, 12860, '22:03:00', '22:03:00', 20 );
INSERT INTO "times" VALUES ( 19065, 12870, '22:05:00', '22:05:00', 20 );
INSERT INTO "times" VALUES ( 19065, 12880, '22:06:00', '22:06:00', 20 );
INSERT INTO "times" VALUES ( 19065, 12890, '22:08:00', '22:08:00', 20 );
INSERT INTO "times" VALUES ( 19065, 12900, '22:10:00', '22:13:00', 20 );
INSERT INTO "times" VALUES ( 19065, 13510, '22:15:00', '22:15:00', 30 );
INSERT INTO "times" VALUES ( 19065, 13520, '22:18:00', NULL, NULL );

INSERT INTO "dias" VALUES ( 19066, 120, FALSE, TRUE, 'K2100Z', 12510, 13520 );
INSERT INTO "dias_line_groups" VALUES ( 19066, 10 );
INSERT INTO "times" VALUES ( 19066, 12510, NULL, '21:12:00', 20 );
INSERT INTO "times" VALUES ( 19066, 12520, '21:14:00', '21:14:00', 20 );
INSERT INTO "times" VALUES ( 19066, 12530, '21:16:00', '21:16:00', 20 );
INSERT INTO "times" VALUES ( 19066, 12540, '21:18:00', '21:19:00', 20 );
INSERT INTO "times" VALUES ( 19066, 12610, '21:24:00', '21:24:00', 20 );
INSERT INTO "times" VALUES ( 19066, 12660, '21:29:00', '21:29:00', 20 );
INSERT INTO "times" VALUES ( 19066, 12670, '21:31:00', '21:31:00', 20 );
INSERT INTO "times" VALUES ( 19066, 12680, '21:35:00', '21:35:00', 20 );
INSERT INTO "times" VALUES ( 19066, 12690, '21:36:00', '21:36:00', 20 );
INSERT INTO "times" VALUES ( 19066, 12700, '21:39:00', '21:39:00', 20 );
INSERT INTO "times" VALUES ( 19066, 12710, '21:41:00', '21:44:00', 20 );
INSERT INTO "times" VALUES ( 19066, 12720, '21:47:00', '21:47:00', 20 );
INSERT INTO "times" VALUES ( 19066, 12730, '21:49:00', '21:49:00', 20 );
INSERT INTO "times" VALUES ( 19066, 12740, '21:52:00', '21:52:00', 20 );
INSERT INTO "times" VALUES ( 19066, 12750, '21:55:00', '21:55:00', 20 );
INSERT INTO "times" VALUES ( 19066, 12760, '21:58:00', '21:58:00', 20 );
INSERT INTO "times" VALUES ( 19066, 12770, '22:02:00', '22:02:00', 20 );
INSERT INTO "times" VALUES ( 19066, 12780, '22:06:00', '22:06:00', 20 );
INSERT INTO "times" VALUES ( 19066, 12790, '22:07:00', '22:07:00', 20 );
INSERT INTO "times" VALUES ( 19066, 12800, '22:09:00', '22:13:00', 20 );
INSERT INTO "times" VALUES ( 19066, 12810, '22:15:00', '22:15:00', 20 );
INSERT INTO "times" VALUES ( 19066, 12820, '22:17:00', '22:17:00', 20 );
INSERT INTO "times" VALUES ( 19066, 12830, '22:19:00', '22:19:00', 20 );
INSERT INTO "times" VALUES ( 19066, 12840, '22:20:00', '22:20:00', 20 );
INSERT INTO "times" VALUES ( 19066, 12850, '22:21:00', '22:21:00', 20 );
INSERT INTO "times" VALUES ( 19066, 12860, '22:23:00', '22:23:00', 20 );
INSERT INTO "times" VALUES ( 19066, 12870, '22:25:00', '22:25:00', 20 );
INSERT INTO "times" VALUES ( 19066, 12880, '22:26:00', '22:26:00', 20 );
INSERT INTO "times" VALUES ( 19066, 12890, '22:28:00', '22:28:00', 20 );
INSERT INTO "times" VALUES ( 19066, 12900, '22:30:00', '22:35:00', 20 );
INSERT INTO "times" VALUES ( 19066, 13510, '22:37:00', '22:37:00', 30 );
INSERT INTO "times" VALUES ( 19066, 13520, '22:40:00', NULL, NULL );

INSERT INTO "dias" VALUES ( 19067, 120, FALSE, TRUE, 'K2101A', 13520, 12510 );
INSERT INTO "dias_line_groups" VALUES ( 19067, 10 );
INSERT INTO "times" VALUES ( 19067, 12510, '22:28:00', NULL, NULL );
INSERT INTO "times" VALUES ( 19067, 12520, '22:26:00', '22:26:00', 20 );
INSERT INTO "times" VALUES ( 19067, 12530, '22:24:00', '22:24:00', 20 );
INSERT INTO "times" VALUES ( 19067, 12540, '22:21:00', '22:21:00', 20 );
INSERT INTO "times" VALUES ( 19067, 12610, '22:16:00', '22:16:00', 20 );
INSERT INTO "times" VALUES ( 19067, 12660, '22:12:00', '22:12:00', 20 );
INSERT INTO "times" VALUES ( 19067, 12670, '22:08:00', '22:08:00', 20 );
INSERT INTO "times" VALUES ( 19067, 12680, '22:06:00', '22:06:00', 20 );
INSERT INTO "times" VALUES ( 19067, 12690, '22:03:00', '22:03:00', 20 );
INSERT INTO "times" VALUES ( 19067, 12700, '22:01:00', '22:01:00', 20 );
INSERT INTO "times" VALUES ( 19067, 12710, '21:55:00', '21:59:00', 20 );
INSERT INTO "times" VALUES ( 19067, 12720, '21:52:00', '21:52:00', 20 );
INSERT INTO "times" VALUES ( 19067, 12730, '21:50:00', '21:50:00', 20 );
INSERT INTO "times" VALUES ( 19067, 12740, '21:48:00', '21:48:00', 20 );
INSERT INTO "times" VALUES ( 19067, 12750, '21:44:00', '21:44:00', 20 );
INSERT INTO "times" VALUES ( 19067, 12760, '21:42:00', '21:42:00', 20 );
INSERT INTO "times" VALUES ( 19067, 12770, '21:38:00', '21:38:00', 20 );
INSERT INTO "times" VALUES ( 19067, 12780, '21:34:00', '21:34:00', 20 );
INSERT INTO "times" VALUES ( 19067, 12790, '21:31:00', '21:31:00', 20 );
INSERT INTO "times" VALUES ( 19067, 12800, '21:26:00', '21:29:00', 20 );
INSERT INTO "times" VALUES ( 19067, 12810, '21:24:00', '21:24:00', 20 );
INSERT INTO "times" VALUES ( 19067, 12820, '21:22:00', '21:22:00', 20 );
INSERT INTO "times" VALUES ( 19067, 12830, '21:21:00', '21:21:00', 20 );
INSERT INTO "times" VALUES ( 19067, 12840, '21:19:00', '21:19:00', 20 );
INSERT INTO "times" VALUES ( 19067, 12850, '21:17:00', '21:17:00', 20 );
INSERT INTO "times" VALUES ( 19067, 12860, '21:15:00', '21:15:00', 20 );
INSERT INTO "times" VALUES ( 19067, 12870, '21:14:00', '21:14:00', 20 );
INSERT INTO "times" VALUES ( 19067, 12880, '21:12:00', '21:12:00', 20 );
INSERT INTO "times" VALUES ( 19067, 12890, '21:10:00', '21:10:00', 20 );
INSERT INTO "times" VALUES ( 19067, 12900, '21:05:00', '21:09:00', 20 );
INSERT INTO "times" VALUES ( 19067, 13510, '21:03:00', '21:03:00', 30 );
INSERT INTO "times" VALUES ( 19067, 13520, NULL, '21:01:00', 30 );

INSERT INTO "dias" VALUES ( 19068, 120, FALSE, TRUE, 'K2102Z', 12510, 13520 );
INSERT INTO "dias_line_groups" VALUES ( 19068, 10 );
INSERT INTO "times" VALUES ( 19068, 12510, NULL, '21:32:00', 20 );
INSERT INTO "times" VALUES ( 19068, 12520, '21:34:00', '21:34:00', 20 );
INSERT INTO "times" VALUES ( 19068, 12530, '21:36:00', '21:36:00', 20 );
INSERT INTO "times" VALUES ( 19068, 12540, '21:38:00', '21:39:00', 20 );
INSERT INTO "times" VALUES ( 19068, 12610, '21:44:00', '21:44:00', 20 );
INSERT INTO "times" VALUES ( 19068, 12660, '21:49:00', '21:49:00', 20 );
INSERT INTO "times" VALUES ( 19068, 12670, '21:51:00', '21:51:00', 20 );
INSERT INTO "times" VALUES ( 19068, 12680, '21:55:00', '21:55:00', 20 );
INSERT INTO "times" VALUES ( 19068, 12690, '21:56:00', '21:56:00', 20 );
INSERT INTO "times" VALUES ( 19068, 12700, '21:59:00', '21:59:00', 20 );
INSERT INTO "times" VALUES ( 19068, 12710, '22:01:00', '22:04:00', 20 );
INSERT INTO "times" VALUES ( 19068, 12720, '22:07:00', '22:07:00', 20 );
INSERT INTO "times" VALUES ( 19068, 12730, '22:09:00', '22:09:00', 20 );
INSERT INTO "times" VALUES ( 19068, 12740, '22:12:00', '22:12:00', 20 );
INSERT INTO "times" VALUES ( 19068, 12750, '22:15:00', '22:15:00', 20 );
INSERT INTO "times" VALUES ( 19068, 12760, '22:18:00', '22:18:00', 20 );
INSERT INTO "times" VALUES ( 19068, 12770, '22:22:00', '22:22:00', 20 );
INSERT INTO "times" VALUES ( 19068, 12780, '22:26:00', '22:26:00', 20 );
INSERT INTO "times" VALUES ( 19068, 12790, '22:27:00', '22:27:00', 20 );
INSERT INTO "times" VALUES ( 19068, 12800, '22:29:00', '22:33:00', 20 );
INSERT INTO "times" VALUES ( 19068, 12810, '22:35:00', '22:35:00', 20 );
INSERT INTO "times" VALUES ( 19068, 12820, '22:37:00', '22:37:00', 20 );
INSERT INTO "times" VALUES ( 19068, 12830, '22:39:00', '22:39:00', 20 );
INSERT INTO "times" VALUES ( 19068, 12840, '22:40:00', '22:40:00', 20 );
INSERT INTO "times" VALUES ( 19068, 12850, '22:41:00', '22:41:00', 20 );
INSERT INTO "times" VALUES ( 19068, 12860, '22:43:00', '22:43:00', 20 );
INSERT INTO "times" VALUES ( 19068, 12870, '22:45:00', '22:45:00', 20 );
INSERT INTO "times" VALUES ( 19068, 12880, '22:46:00', '22:46:00', 20 );
INSERT INTO "times" VALUES ( 19068, 12890, '22:48:00', '22:48:00', 20 );
INSERT INTO "times" VALUES ( 19068, 12900, '22:50:00', '22:53:00', 20 );
INSERT INTO "times" VALUES ( 19068, 13510, '22:55:00', '22:55:00', 30 );
INSERT INTO "times" VALUES ( 19068, 13520, '22:58:00', NULL, NULL );

INSERT INTO "dias" VALUES ( 19069, 120, FALSE, TRUE, 'K2103A', 13520, 12510 );
INSERT INTO "dias_line_groups" VALUES ( 19069, 10 );
INSERT INTO "times" VALUES ( 19069, 12510, '22:48:00', NULL, NULL );
INSERT INTO "times" VALUES ( 19069, 12520, '22:46:00', '22:46:00', 20 );
INSERT INTO "times" VALUES ( 19069, 12530, '22:44:00', '22:44:00', 20 );
INSERT INTO "times" VALUES ( 19069, 12540, '22:41:00', '22:41:00', 20 );
INSERT INTO "times" VALUES ( 19069, 12610, '22:36:00', '22:36:00', 20 );
INSERT INTO "times" VALUES ( 19069, 12660, '22:32:00', '22:32:00', 20 );
INSERT INTO "times" VALUES ( 19069, 12670, '22:28:00', '22:28:00', 20 );
INSERT INTO "times" VALUES ( 19069, 12680, '22:26:00', '22:26:00', 20 );
INSERT INTO "times" VALUES ( 19069, 12690, '22:23:00', '22:23:00', 20 );
INSERT INTO "times" VALUES ( 19069, 12700, '22:21:00', '22:21:00', 20 );
INSERT INTO "times" VALUES ( 19069, 12710, '22:15:00', '22:19:00', 20 );
INSERT INTO "times" VALUES ( 19069, 12720, '22:12:00', '22:12:00', 20 );
INSERT INTO "times" VALUES ( 19069, 12730, '22:10:00', '22:10:00', 20 );
INSERT INTO "times" VALUES ( 19069, 12740, '22:08:00', '22:08:00', 20 );
INSERT INTO "times" VALUES ( 19069, 12750, '22:04:00', '22:04:00', 20 );
INSERT INTO "times" VALUES ( 19069, 12760, '22:02:00', '22:02:00', 20 );
INSERT INTO "times" VALUES ( 19069, 12770, '21:58:00', '21:58:00', 20 );
INSERT INTO "times" VALUES ( 19069, 12780, '21:54:00', '21:54:00', 20 );
INSERT INTO "times" VALUES ( 19069, 12790, '21:51:00', '21:51:00', 20 );
INSERT INTO "times" VALUES ( 19069, 12800, '21:46:00', '21:49:00', 20 );
INSERT INTO "times" VALUES ( 19069, 12810, '21:44:00', '21:44:00', 20 );
INSERT INTO "times" VALUES ( 19069, 12820, '21:42:00', '21:42:00', 20 );
INSERT INTO "times" VALUES ( 19069, 12830, '21:41:00', '21:41:00', 20 );
INSERT INTO "times" VALUES ( 19069, 12840, '21:39:00', '21:39:00', 20 );
INSERT INTO "times" VALUES ( 19069, 12850, '21:37:00', '21:37:00', 20 );
INSERT INTO "times" VALUES ( 19069, 12860, '21:35:00', '21:35:00', 20 );
INSERT INTO "times" VALUES ( 19069, 12870, '21:34:00', '21:34:00', 20 );
INSERT INTO "times" VALUES ( 19069, 12880, '21:32:00', '21:32:00', 20 );
INSERT INTO "times" VALUES ( 19069, 12890, '21:30:00', '21:30:00', 20 );
INSERT INTO "times" VALUES ( 19069, 12900, '21:25:00', '21:29:00', 20 );
INSERT INTO "times" VALUES ( 19069, 13510, '21:23:00', '21:23:00', 30 );
INSERT INTO "times" VALUES ( 19069, 13520, NULL, '21:21:00', 30 );

INSERT INTO "dias" VALUES ( 19070, 120, FALSE, TRUE, 'K2104Z', 12510, 13520 );
INSERT INTO "dias_line_groups" VALUES ( 19070, 10 );
INSERT INTO "times" VALUES ( 19070, 12510, NULL, '21:52:00', 20 );
INSERT INTO "times" VALUES ( 19070, 12520, '21:54:00', '21:54:00', 20 );
INSERT INTO "times" VALUES ( 19070, 12530, '21:56:00', '21:56:00', 20 );
INSERT INTO "times" VALUES ( 19070, 12540, '21:58:00', '21:59:00', 20 );
INSERT INTO "times" VALUES ( 19070, 12610, '22:04:00', '22:04:00', 20 );
INSERT INTO "times" VALUES ( 19070, 12660, '22:09:00', '22:09:00', 20 );
INSERT INTO "times" VALUES ( 19070, 12670, '22:11:00', '22:11:00', 20 );
INSERT INTO "times" VALUES ( 19070, 12680, '22:15:00', '22:15:00', 20 );
INSERT INTO "times" VALUES ( 19070, 12690, '22:16:00', '22:16:00', 20 );
INSERT INTO "times" VALUES ( 19070, 12700, '22:19:00', '22:19:00', 20 );
INSERT INTO "times" VALUES ( 19070, 12710, '22:21:00', '22:25:00', 20 );
INSERT INTO "times" VALUES ( 19070, 12720, '22:27:00', '22:27:00', 20 );
INSERT INTO "times" VALUES ( 19070, 12730, '22:29:00', '22:29:00', 20 );
INSERT INTO "times" VALUES ( 19070, 12740, '22:32:00', '22:35:00', 20 );
INSERT INTO "times" VALUES ( 19070, 12750, '22:38:00', '22:38:00', 20 );
INSERT INTO "times" VALUES ( 19070, 12760, '22:41:00', '22:41:00', 20 );
INSERT INTO "times" VALUES ( 19070, 12770, '22:45:00', '22:45:00', 20 );
INSERT INTO "times" VALUES ( 19070, 12780, '22:49:00', '22:50:00', 20 );
INSERT INTO "times" VALUES ( 19070, 12790, '22:51:00', '22:51:00', 20 );
INSERT INTO "times" VALUES ( 19070, 12800, '22:53:00', '22:53:00', 20 );
INSERT INTO "times" VALUES ( 19070, 12810, '22:55:00', '22:55:00', 20 );
INSERT INTO "times" VALUES ( 19070, 12820, '22:57:00', '22:57:00', 20 );
INSERT INTO "times" VALUES ( 19070, 12830, '22:59:00', '22:59:00', 20 );
INSERT INTO "times" VALUES ( 19070, 12840, '23:00:00', '23:00:00', 20 );
INSERT INTO "times" VALUES ( 19070, 12850, '23:01:00', '23:01:00', 20 );
INSERT INTO "times" VALUES ( 19070, 12860, '23:03:00', '23:03:00', 20 );
INSERT INTO "times" VALUES ( 19070, 12870, '23:05:00', '23:05:00', 20 );
INSERT INTO "times" VALUES ( 19070, 12880, '23:06:00', '23:06:00', 20 );
INSERT INTO "times" VALUES ( 19070, 12890, '23:08:00', '23:08:00', 20 );
INSERT INTO "times" VALUES ( 19070, 12900, '23:10:00', '23:13:00', 20 );
INSERT INTO "times" VALUES ( 19070, 13510, '23:15:00', '23:15:00', 30 );
INSERT INTO "times" VALUES ( 19070, 13520, '23:18:00', NULL, NULL );

INSERT INTO "dias" VALUES ( 19071, 120, FALSE, TRUE, 'K2105A', 13520, 12510 );
INSERT INTO "dias_line_groups" VALUES ( 19071, 10 );
INSERT INTO "times" VALUES ( 19071, 12510, '23:08:00', NULL, NULL );
INSERT INTO "times" VALUES ( 19071, 12520, '23:06:00', '23:06:00', 20 );
INSERT INTO "times" VALUES ( 19071, 12530, '23:04:00', '23:04:00', 20 );
INSERT INTO "times" VALUES ( 19071, 12540, '23:01:00', '23:01:00', 20 );
INSERT INTO "times" VALUES ( 19071, 12610, '22:56:00', '22:56:00', 20 );
INSERT INTO "times" VALUES ( 19071, 12660, '22:52:00', '22:52:00', 20 );
INSERT INTO "times" VALUES ( 19071, 12670, '22:48:00', '22:48:00', 20 );
INSERT INTO "times" VALUES ( 19071, 12680, '22:46:00', '22:46:00', 20 );
INSERT INTO "times" VALUES ( 19071, 12690, '22:43:00', '22:43:00', 20 );
INSERT INTO "times" VALUES ( 19071, 12700, '22:41:00', '22:41:00', 20 );
INSERT INTO "times" VALUES ( 19071, 12710, '22:35:00', '22:39:00', 20 );
INSERT INTO "times" VALUES ( 19071, 12720, '22:32:00', '22:32:00', 20 );
INSERT INTO "times" VALUES ( 19071, 12730, '22:30:00', '22:30:00', 20 );
INSERT INTO "times" VALUES ( 19071, 12740, '22:28:00', '22:28:00', 20 );
INSERT INTO "times" VALUES ( 19071, 12750, '22:24:00', '22:24:00', 20 );
INSERT INTO "times" VALUES ( 19071, 12760, '22:22:00', '22:22:00', 20 );
INSERT INTO "times" VALUES ( 19071, 12770, '22:18:00', '22:18:00', 20 );
INSERT INTO "times" VALUES ( 19071, 12780, '22:14:00', '22:14:00', 20 );
INSERT INTO "times" VALUES ( 19071, 12790, '22:11:00', '22:11:00', 20 );
INSERT INTO "times" VALUES ( 19071, 12800, '22:06:00', '22:09:00', 20 );
INSERT INTO "times" VALUES ( 19071, 12810, '22:04:00', '22:04:00', 20 );
INSERT INTO "times" VALUES ( 19071, 12820, '22:02:00', '22:02:00', 20 );
INSERT INTO "times" VALUES ( 19071, 12830, '22:01:00', '22:01:00', 20 );
INSERT INTO "times" VALUES ( 19071, 12840, '21:59:00', '21:59:00', 20 );
INSERT INTO "times" VALUES ( 19071, 12850, '21:57:00', '21:57:00', 20 );
INSERT INTO "times" VALUES ( 19071, 12860, '21:55:00', '21:55:00', 20 );
INSERT INTO "times" VALUES ( 19071, 12870, '21:54:00', '21:54:00', 20 );
INSERT INTO "times" VALUES ( 19071, 12880, '21:52:00', '21:52:00', 20 );
INSERT INTO "times" VALUES ( 19071, 12890, '21:50:00', '21:50:00', 20 );
INSERT INTO "times" VALUES ( 19071, 12900, '21:45:00', '21:49:00', 20 );
INSERT INTO "times" VALUES ( 19071, 13510, '21:43:00', '21:43:00', 30 );
INSERT INTO "times" VALUES ( 19071, 13520, NULL, '21:41:00', 30 );

INSERT INTO "dias" VALUES ( 19072, 120, FALSE, TRUE, 'K2200Z', 12510, 13520 );
INSERT INTO "dias_line_groups" VALUES ( 19072, 10 );
INSERT INTO "times" VALUES ( 19072, 12510, NULL, '22:43:00', 20 );
INSERT INTO "times" VALUES ( 19072, 12520, '22:44:00', '22:44:00', 20 );
INSERT INTO "times" VALUES ( 19072, 12530, '22:46:00', '22:46:00', 20 );
INSERT INTO "times" VALUES ( 19072, 12540, '22:49:00', '22:50:00', 20 );
INSERT INTO "times" VALUES ( 19072, 12610, '22:55:00', '22:55:00', 20 );
INSERT INTO "times" VALUES ( 19072, 12660, '22:59:00', '23:00:00', 20 );
INSERT INTO "times" VALUES ( 19072, 12670, '23:02:00', '23:02:00', 20 );
INSERT INTO "times" VALUES ( 19072, 12680, '23:05:00', '23:06:00', 20 );
INSERT INTO "times" VALUES ( 19072, 12690, '23:08:00', '23:08:00', 20 );
INSERT INTO "times" VALUES ( 19072, 12700, '23:10:00', '23:10:00', 20 );
INSERT INTO "times" VALUES ( 19072, 12710, '23:12:00', '23:13:00', 20 );
INSERT INTO "times" VALUES ( 19072, 12720, '23:15:00', '23:15:00', 20 );
INSERT INTO "times" VALUES ( 19072, 12730, '23:17:00', '23:17:00', 20 );
INSERT INTO "times" VALUES ( 19072, 12740, '23:20:00', '23:20:00', 20 );
INSERT INTO "times" VALUES ( 19072, 12750, '23:23:00', '23:23:00', 20 );
INSERT INTO "times" VALUES ( 19072, 12760, '23:26:00', '23:26:00', 20 );
INSERT INTO "times" VALUES ( 19072, 12770, '23:30:00', '23:30:00', 20 );
INSERT INTO "times" VALUES ( 19072, 12780, '23:35:00', '23:35:00', 20 );
INSERT INTO "times" VALUES ( 19072, 12790, '23:36:00', '23:36:00', 20 );
INSERT INTO "times" VALUES ( 19072, 12800, '23:38:00', '23:42:00', 20 );
INSERT INTO "times" VALUES ( 19072, 12810, '23:44:00', '23:44:00', 20 );
INSERT INTO "times" VALUES ( 19072, 12820, '23:46:00', '23:46:00', 20 );
INSERT INTO "times" VALUES ( 19072, 12830, '23:48:00', '23:48:00', 20 );
INSERT INTO "times" VALUES ( 19072, 12840, '23:49:00', '23:49:00', 20 );
INSERT INTO "times" VALUES ( 19072, 12850, '23:50:00', '23:50:00', 20 );
INSERT INTO "times" VALUES ( 19072, 12860, '23:52:00', '23:52:00', 20 );
INSERT INTO "times" VALUES ( 19072, 12870, '23:54:00', '23:54:00', 20 );
INSERT INTO "times" VALUES ( 19072, 12880, '23:55:00', '23:55:00', 20 );
INSERT INTO "times" VALUES ( 19072, 12890, '23:57:00', '23:57:00', 20 );
INSERT INTO "times" VALUES ( 19072, 12900, '23:59:00', '23:59:00', 20 );
INSERT INTO "times" VALUES ( 19072, 13510, '00:01:00', '00:01:00', 30 );
INSERT INTO "times" VALUES ( 19072, 13520, '00:03:00', NULL, NULL );

INSERT INTO "dias" VALUES ( 19073, 120, FALSE, TRUE, 'K2201A', 13520, 12510 );
INSERT INTO "dias_line_groups" VALUES ( 19073, 10 );
INSERT INTO "times" VALUES ( 19073, 12510, '23:57:00', NULL, NULL );
INSERT INTO "times" VALUES ( 19073, 12520, '23:55:00', '23:55:00', 20 );
INSERT INTO "times" VALUES ( 19073, 12530, '23:53:00', '23:53:00', 20 );
INSERT INTO "times" VALUES ( 19073, 12540, '23:50:00', '23:50:00', 20 );
INSERT INTO "times" VALUES ( 19073, 12610, '23:45:00', '23:45:00', 20 );
INSERT INTO "times" VALUES ( 19073, 12660, '23:40:00', '23:41:00', 20 );
INSERT INTO "times" VALUES ( 19073, 12670, '23:37:00', '23:37:00', 20 );
INSERT INTO "times" VALUES ( 19073, 12680, '23:33:00', '23:34:00', 20 );
INSERT INTO "times" VALUES ( 19073, 12690, '23:31:00', '23:31:00', 20 );
INSERT INTO "times" VALUES ( 19073, 12700, '23:29:00', '23:29:00', 20 );
INSERT INTO "times" VALUES ( 19073, 12710, '23:22:00', '23:27:00', 20 );
INSERT INTO "times" VALUES ( 19073, 12720, '23:19:00', '23:19:00', 20 );
INSERT INTO "times" VALUES ( 19073, 12730, '23:16:00', '23:16:00', 20 );
INSERT INTO "times" VALUES ( 19073, 12740, '23:13:00', '23:14:00', 20 );
INSERT INTO "times" VALUES ( 19073, 12750, '23:10:00', '23:10:00', 20 );
INSERT INTO "times" VALUES ( 19073, 12760, '23:08:00', '23:08:00', 20 );
INSERT INTO "times" VALUES ( 19073, 12770, '23:04:00', '23:04:00', 20 );
INSERT INTO "times" VALUES ( 19073, 12780, '22:58:00', '22:59:00', 20 );
INSERT INTO "times" VALUES ( 19073, 12790, '22:56:00', '22:56:00', 20 );
INSERT INTO "times" VALUES ( 19073, 12800, '22:49:00', '22:54:00', 20 );
INSERT INTO "times" VALUES ( 19073, 12810, '22:47:00', '22:47:00', 20 );
INSERT INTO "times" VALUES ( 19073, 12820, '22:45:00', '22:45:00', 20 );
INSERT INTO "times" VALUES ( 19073, 12830, '22:43:00', '22:44:00', 20 );
INSERT INTO "times" VALUES ( 19073, 12840, '22:41:00', '22:41:00', 20 );
INSERT INTO "times" VALUES ( 19073, 12850, '22:40:00', '22:40:00', 20 );
INSERT INTO "times" VALUES ( 19073, 12860, '22:38:00', '22:38:00', 20 );
INSERT INTO "times" VALUES ( 19073, 12870, '22:36:00', '22:36:00', 20 );
INSERT INTO "times" VALUES ( 19073, 12880, '22:34:00', '22:34:00', 20 );
INSERT INTO "times" VALUES ( 19073, 12890, '22:33:00', '22:33:00', 20 );
INSERT INTO "times" VALUES ( 19073, 12900, '22:26:00', '22:31:00', 20 );
INSERT INTO "times" VALUES ( 19073, 13510, '22:24:00', '22:24:00', 30 );
INSERT INTO "times" VALUES ( 19073, 13520, NULL, '22:22:00', 30 );

INSERT INTO "dias" VALUES ( 19074, 120, FALSE, TRUE, 'K2202Z', 12510, 13520 );
INSERT INTO "dias_line_groups" VALUES ( 19074, 10 );
INSERT INTO "times" VALUES ( 19074, 12510, NULL, '22:52:00', 20 );
INSERT INTO "times" VALUES ( 19074, 12520, '22:53:00', '22:53:00', 20 );
INSERT INTO "times" VALUES ( 19074, 12530, '22:55:00', '22:55:00', 20 );
INSERT INTO "times" VALUES ( 19074, 12540, '22:59:00', '22:59:00', 20 );
INSERT INTO "times" VALUES ( 19074, 12610, '23:04:00', '23:04:00', 20 );
INSERT INTO "times" VALUES ( 19074, 12660, '23:08:00', '23:08:00', 20 );
INSERT INTO "times" VALUES ( 19074, 12670, '23:11:00', '23:11:00', 20 );
INSERT INTO "times" VALUES ( 19074, 12680, '23:14:00', '23:14:00', 20 );
INSERT INTO "times" VALUES ( 19074, 12690, '23:16:00', '23:16:00', 20 );
INSERT INTO "times" VALUES ( 19074, 12700, '23:18:00', '23:18:00', 20 );
INSERT INTO "times" VALUES ( 19074, 12710, '23:20:00', '23:24:00', 20 );
INSERT INTO "times" VALUES ( 19074, 12720, '23:26:00', '23:26:00', 20 );
INSERT INTO "times" VALUES ( 19074, 12730, '23:29:00', '23:29:00', 20 );
INSERT INTO "times" VALUES ( 19074, 12740, '23:31:00', '23:32:00', 20 );
INSERT INTO "times" VALUES ( 19074, 12750, '23:35:00', '23:35:00', 20 );
INSERT INTO "times" VALUES ( 19074, 12760, '23:38:00', '23:38:00', 20 );
INSERT INTO "times" VALUES ( 19074, 12770, '23:42:00', '23:42:00', 20 );
INSERT INTO "times" VALUES ( 19074, 12780, '23:46:00', '23:47:00', 20 );
INSERT INTO "times" VALUES ( 19074, 12790, '23:48:00', '23:48:00', 20 );
INSERT INTO "times" VALUES ( 19074, 12800, '23:50:00', '23:50:00', 20 );
INSERT INTO "times" VALUES ( 19074, 12810, '23:52:00', '23:52:00', 20 );
INSERT INTO "times" VALUES ( 19074, 12820, '23:53:00', '23:53:00', 20 );
INSERT INTO "times" VALUES ( 19074, 12830, '23:55:00', '23:55:00', 20 );
INSERT INTO "times" VALUES ( 19074, 12840, '23:57:00', '23:57:00', 20 );
INSERT INTO "times" VALUES ( 19074, 12850, '23:58:00', '23:58:00', 20 );
INSERT INTO "times" VALUES ( 19074, 12860, '00:00:00', '00:00:00', 20 );
INSERT INTO "times" VALUES ( 19074, 12870, '00:01:00', '00:01:00', 20 );
INSERT INTO "times" VALUES ( 19074, 12880, '00:03:00', '00:03:00', 20 );
INSERT INTO "times" VALUES ( 19074, 12890, '00:05:00', '00:05:00', 20 );
INSERT INTO "times" VALUES ( 19074, 12900, '00:07:00', '00:11:00', 20 );
INSERT INTO "times" VALUES ( 19074, 13510, '00:13:00', '00:13:00', 30 );
INSERT INTO "times" VALUES ( 19074, 13520, '00:15:00', NULL, NULL );

INSERT INTO "dias" VALUES ( 19075, 120, FALSE, TRUE, 'K2300S', 12510, 12900 );
INSERT INTO "dias_line_groups" VALUES ( 19075, 10 );
INSERT INTO "times" VALUES ( 19075, 12510, NULL, '23:13:00', 20 );
INSERT INTO "times" VALUES ( 19075, 12520, '23:14:00', '23:14:00', 20 );
INSERT INTO "times" VALUES ( 19075, 12530, '23:16:00', '23:16:00', 20 );
INSERT INTO "times" VALUES ( 19075, 12540, '23:20:00', '23:20:00', 20 );
INSERT INTO "times" VALUES ( 19075, 12610, '23:25:00', '23:25:00', 20 );
INSERT INTO "times" VALUES ( 19075, 12660, '23:29:00', '23:29:00', 20 );
INSERT INTO "times" VALUES ( 19075, 12670, '23:32:00', '23:32:00', 20 );
INSERT INTO "times" VALUES ( 19075, 12680, '23:35:00', '23:39:00', 20 );
INSERT INTO "times" VALUES ( 19075, 12690, '23:41:00', '23:41:00', 20 );
INSERT INTO "times" VALUES ( 19075, 12700, '23:43:00', '23:43:00', 20 );
INSERT INTO "times" VALUES ( 19075, 12710, '23:46:00', '23:46:00', 20 );
INSERT INTO "times" VALUES ( 19075, 12720, '23:48:00', '23:48:00', 20 );
INSERT INTO "times" VALUES ( 19075, 12730, '23:50:00', '23:50:00', 20 );
INSERT INTO "times" VALUES ( 19075, 12740, '23:53:00', '23:53:00', 20 );
INSERT INTO "times" VALUES ( 19075, 12750, '23:56:00', '23:56:00', 20 );
INSERT INTO "times" VALUES ( 19075, 12760, '23:59:00', '23:59:00', 20 );
INSERT INTO "times" VALUES ( 19075, 12770, '00:03:00', '00:03:00', 20 );
INSERT INTO "times" VALUES ( 19075, 12780, '00:07:00', '00:07:00', 20 );
INSERT INTO "times" VALUES ( 19075, 12790, '00:08:00', '00:08:00', 20 );
INSERT INTO "times" VALUES ( 19075, 12800, '00:10:00', '00:10:00', 20 );
INSERT INTO "times" VALUES ( 19075, 12810, '00:12:00', '00:12:00', 20 );
INSERT INTO "times" VALUES ( 19075, 12820, '00:14:00', '00:14:00', 20 );
INSERT INTO "times" VALUES ( 19075, 12830, '00:16:00', '00:16:00', 20 );
INSERT INTO "times" VALUES ( 19075, 12840, '00:17:00', '00:17:00', 20 );
INSERT INTO "times" VALUES ( 19075, 12850, '00:18:00', '00:18:00', 20 );
INSERT INTO "times" VALUES ( 19075, 12860, '00:20:00', '00:20:00', 20 );
INSERT INTO "times" VALUES ( 19075, 12870, '00:22:00', '00:22:00', 20 );
INSERT INTO "times" VALUES ( 19075, 12880, '00:23:00', '00:23:00', 20 );
INSERT INTO "times" VALUES ( 19075, 12890, '00:25:00', '00:25:00', 20 );
INSERT INTO "times" VALUES ( 19075, 12900, '00:27:00', NULL, NULL );

INSERT INTO "dias" VALUES ( 19076, 120, FALSE, TRUE, 'K2302Z', 12510, 13520 );
INSERT INTO "dias_line_groups" VALUES ( 19076, 10 );
INSERT INTO "times" VALUES ( 19076, 12510, NULL, '23:30:00', 20 );
INSERT INTO "times" VALUES ( 19076, 12520, '23:32:00', '23:32:00', 20 );
INSERT INTO "times" VALUES ( 19076, 12530, '23:34:00', '23:34:00', 20 );
INSERT INTO "times" VALUES ( 19076, 12540, '23:37:00', '23:37:00', 20 );
INSERT INTO "times" VALUES ( 19076, 12610, '23:42:00', '23:42:00', 20 );
INSERT INTO "times" VALUES ( 19076, 12660, '23:47:00', '23:47:00', 20 );
INSERT INTO "times" VALUES ( 19076, 12670, '23:49:00', '23:49:00', 20 );
INSERT INTO "times" VALUES ( 19076, 12680, '23:53:00', '23:53:00', 20 );
INSERT INTO "times" VALUES ( 19076, 12690, '23:54:00', '23:54:00', 20 );
INSERT INTO "times" VALUES ( 19076, 12700, '23:57:00', '23:57:00', 20 );
INSERT INTO "times" VALUES ( 19076, 12710, '23:59:00', '00:03:00', 20 );
INSERT INTO "times" VALUES ( 19076, 12720, '00:05:00', '00:05:00', 20 );
INSERT INTO "times" VALUES ( 19076, 12730, '00:07:00', '00:07:00', 20 );
INSERT INTO "times" VALUES ( 19076, 12740, '00:10:00', '00:10:00', 20 );
INSERT INTO "times" VALUES ( 19076, 12750, '00:13:00', '00:13:00', 20 );
INSERT INTO "times" VALUES ( 19076, 12760, '00:16:00', '00:16:00', 20 );
INSERT INTO "times" VALUES ( 19076, 12770, '00:20:00', '00:20:00', 20 );
INSERT INTO "times" VALUES ( 19076, 12780, '00:25:00', '00:25:00', 20 );
INSERT INTO "times" VALUES ( 19076, 12790, '00:26:00', '00:26:00', 20 );
INSERT INTO "times" VALUES ( 19076, 12800, '00:28:00', '00:28:00', 20 );
INSERT INTO "times" VALUES ( 19076, 12810, '00:30:00', '00:30:00', 20 );
INSERT INTO "times" VALUES ( 19076, 12820, '00:31:00', '00:31:00', 20 );
INSERT INTO "times" VALUES ( 19076, 12830, '00:33:00', '00:33:00', 20 );
INSERT INTO "times" VALUES ( 19076, 12840, '00:35:00', '00:35:00', 20 );
INSERT INTO "times" VALUES ( 19076, 12850, '00:36:00', '00:36:00', 20 );
INSERT INTO "times" VALUES ( 19076, 12860, '00:38:00', '00:38:00', 20 );
INSERT INTO "times" VALUES ( 19076, 12870, '00:40:00', '00:40:00', 20 );
INSERT INTO "times" VALUES ( 19076, 12880, '00:41:00', '00:41:00', 20 );
INSERT INTO "times" VALUES ( 19076, 12890, '00:43:00', '00:43:00', 20 );
INSERT INTO "times" VALUES ( 19076, 12900, '00:45:00', '00:45:00', 20 );
INSERT INTO "times" VALUES ( 19076, 13510, '00:47:00', '00:47:00', 30 );
INSERT INTO "times" VALUES ( 19076, 13520, '00:49:00', NULL, NULL );

INSERT INTO "dias" VALUES ( 19077, 120, FALSE, TRUE, 'M0501A', 12770, 12510 );
INSERT INTO "dias_line_groups" VALUES ( 19077, 10 );
INSERT INTO "times" VALUES ( 19077, 12510, '05:45:00', NULL, NULL );
INSERT INTO "times" VALUES ( 19077, 12520, '05:43:00', '05:43:00', 20 );
INSERT INTO "times" VALUES ( 19077, 12530, '05:42:00', '05:42:00', 20 );
INSERT INTO "times" VALUES ( 19077, 12540, '05:39:00', '05:39:00', 20 );
INSERT INTO "times" VALUES ( 19077, 12610, '05:34:00', '05:34:00', 20 );
INSERT INTO "times" VALUES ( 19077, 12660, '05:30:00', '05:30:00', 20 );
INSERT INTO "times" VALUES ( 19077, 12670, '05:27:00', '05:27:00', 20 );
INSERT INTO "times" VALUES ( 19077, 12680, '05:24:00', '05:24:00', 20 );
INSERT INTO "times" VALUES ( 19077, 12690, '05:21:00', '05:21:00', 20 );
INSERT INTO "times" VALUES ( 19077, 12700, '05:19:00', '05:19:00', 20 );
INSERT INTO "times" VALUES ( 19077, 12710, '05:17:00', '05:17:00', 20 );
INSERT INTO "times" VALUES ( 19077, 12720, '05:14:00', '05:14:00', 20 );
INSERT INTO "times" VALUES ( 19077, 12730, '05:12:00', '05:12:00', 20 );
INSERT INTO "times" VALUES ( 19077, 12740, '05:10:00', '05:10:00', 20 );
INSERT INTO "times" VALUES ( 19077, 12750, '05:06:00', '05:06:00', 20 );
INSERT INTO "times" VALUES ( 19077, 12760, '05:04:00', '05:04:00', 20 );
INSERT INTO "times" VALUES ( 19077, 12770, NULL, '05:00:00', 20 );

INSERT INTO "dias" VALUES ( 19078, 120, FALSE, TRUE, 'M0503A', 12740, 12510 );
INSERT INTO "dias_line_groups" VALUES ( 19078, 10 );
INSERT INTO "times" VALUES ( 19078, 12510, '06:01:00', NULL, NULL );
INSERT INTO "times" VALUES ( 19078, 12520, '05:59:00', '05:59:00', 20 );
INSERT INTO "times" VALUES ( 19078, 12530, '05:57:00', '05:57:00', 20 );
INSERT INTO "times" VALUES ( 19078, 12540, '05:54:00', '05:54:00', 20 );
INSERT INTO "times" VALUES ( 19078, 12610, '05:49:00', '05:49:00', 20 );
INSERT INTO "times" VALUES ( 19078, 12660, '05:45:00', '05:45:00', 20 );
INSERT INTO "times" VALUES ( 19078, 12670, '05:42:00', '05:42:00', 20 );
INSERT INTO "times" VALUES ( 19078, 12680, '05:39:00', '05:39:00', 20 );
INSERT INTO "times" VALUES ( 19078, 12690, '05:37:00', '05:37:00', 20 );
INSERT INTO "times" VALUES ( 19078, 12700, '05:34:00', '05:34:00', 20 );
INSERT INTO "times" VALUES ( 19078, 12710, '05:33:00', '05:33:00', 20 );
INSERT INTO "times" VALUES ( 19078, 12720, '05:30:00', '05:30:00', 20 );
INSERT INTO "times" VALUES ( 19078, 12730, '05:28:00', '05:28:00', 20 );
INSERT INTO "times" VALUES ( 19078, 12740, NULL, '05:25:00', 20 );

INSERT INTO "dias" VALUES ( 19079, 120, FALSE, TRUE, 'M0505A', 12740, 12510 );
INSERT INTO "dias_line_groups" VALUES ( 19079, 10 );
INSERT INTO "times" VALUES ( 19079, 12510, '06:24:00', NULL, NULL );
INSERT INTO "times" VALUES ( 19079, 12520, '06:22:00', '06:22:00', 20 );
INSERT INTO "times" VALUES ( 19079, 12530, '06:20:00', '06:20:00', 20 );
INSERT INTO "times" VALUES ( 19079, 12540, '06:16:00', '06:17:00', 20 );
INSERT INTO "times" VALUES ( 19079, 12610, '06:11:00', '06:11:00', 20 );
INSERT INTO "times" VALUES ( 19079, 12660, '06:07:00', '06:07:00', 20 );
INSERT INTO "times" VALUES ( 19079, 12670, '06:03:00', '06:03:00', 20 );
INSERT INTO "times" VALUES ( 19079, 12680, '06:01:00', '06:01:00', 20 );
INSERT INTO "times" VALUES ( 19079, 12690, '05:58:00', '05:58:00', 20 );
INSERT INTO "times" VALUES ( 19079, 12700, '05:56:00', '05:56:00', 20 );
INSERT INTO "times" VALUES ( 19079, 12710, '05:54:00', '05:54:00', 20 );
INSERT INTO "times" VALUES ( 19079, 12720, '05:51:00', '05:51:00', 20 );
INSERT INTO "times" VALUES ( 19079, 12730, '05:49:00', '05:49:00', 20 );
INSERT INTO "times" VALUES ( 19079, 12740, NULL, '05:46:00', 20 );

INSERT INTO "dias" VALUES ( 19080, 120, FALSE, TRUE, 'M0507A', 12740, 12510 );
INSERT INTO "dias_line_groups" VALUES ( 19080, 10 );
INSERT INTO "times" VALUES ( 19080, 12510, '06:32:00', NULL, NULL );
INSERT INTO "times" VALUES ( 19080, 12520, '06:30:00', '06:30:00', 20 );
INSERT INTO "times" VALUES ( 19080, 12530, '06:28:00', '06:28:00', 20 );
INSERT INTO "times" VALUES ( 19080, 12540, '06:25:00', '06:25:00', 20 );
INSERT INTO "times" VALUES ( 19080, 12610, '06:20:00', '06:20:00', 20 );
INSERT INTO "times" VALUES ( 19080, 12660, '06:15:00', '06:15:00', 20 );
INSERT INTO "times" VALUES ( 19080, 12670, '06:12:00', '06:12:00', 20 );
INSERT INTO "times" VALUES ( 19080, 12680, '06:09:00', '06:09:00', 20 );
INSERT INTO "times" VALUES ( 19080, 12690, '06:06:00', '06:06:00', 20 );
INSERT INTO "times" VALUES ( 19080, 12700, '06:04:00', '06:04:00', 20 );
INSERT INTO "times" VALUES ( 19080, 12710, '06:02:00', '06:02:00', 20 );
INSERT INTO "times" VALUES ( 19080, 12720, '05:59:00', '05:59:00', 20 );
INSERT INTO "times" VALUES ( 19080, 12730, '05:57:00', '05:57:00', 20 );
INSERT INTO "times" VALUES ( 19080, 12740, NULL, '05:54:00', 20 );

INSERT INTO "dias" VALUES ( 19081, 120, FALSE, TRUE, 'M0601A', 12770, 12510 );
INSERT INTO "dias_line_groups" VALUES ( 19081, 10 );
INSERT INTO "times" VALUES ( 19081, 12510, '06:47:00', NULL, NULL );
INSERT INTO "times" VALUES ( 19081, 12520, '06:45:00', '06:45:00', 20 );
INSERT INTO "times" VALUES ( 19081, 12530, '06:43:00', '06:43:00', 20 );
INSERT INTO "times" VALUES ( 19081, 12540, '06:40:00', '06:40:00', 20 );
INSERT INTO "times" VALUES ( 19081, 12610, '06:35:00', '06:35:00', 20 );
INSERT INTO "times" VALUES ( 19081, 12660, '06:31:00', '06:31:00', 20 );
INSERT INTO "times" VALUES ( 19081, 12670, '06:28:00', '06:28:00', 20 );
INSERT INTO "times" VALUES ( 19081, 12680, '06:25:00', '06:25:00', 20 );
INSERT INTO "times" VALUES ( 19081, 12690, '06:22:00', '06:22:00', 20 );
INSERT INTO "times" VALUES ( 19081, 12700, '06:20:00', '06:20:00', 20 );
INSERT INTO "times" VALUES ( 19081, 12710, '06:18:00', '06:18:00', 20 );
INSERT INTO "times" VALUES ( 19081, 12720, '06:15:00', '06:15:00', 20 );
INSERT INTO "times" VALUES ( 19081, 12730, '06:13:00', '06:13:00', 20 );
INSERT INTO "times" VALUES ( 19081, 12740, '06:11:00', '06:11:00', 20 );
INSERT INTO "times" VALUES ( 19081, 12750, '06:07:00', '06:07:00', 20 );
INSERT INTO "times" VALUES ( 19081, 12760, '06:05:00', '06:05:00', 20 );
INSERT INTO "times" VALUES ( 19081, 12770, NULL, '06:01:00', 20 );

INSERT INTO "dias" VALUES ( 19082, 120, FALSE, TRUE, 'M0603A', 12740, 12510 );
INSERT INTO "dias_line_groups" VALUES ( 19082, 10 );
INSERT INTO "times" VALUES ( 19082, 12510, '07:32:00', NULL, NULL );
INSERT INTO "times" VALUES ( 19082, 12520, '07:29:00', '07:29:00', 20 );
INSERT INTO "times" VALUES ( 19082, 12530, '07:28:00', '07:28:00', 20 );
INSERT INTO "times" VALUES ( 19082, 12540, '07:24:00', '07:25:00', 20 );
INSERT INTO "times" VALUES ( 19082, 12610, '07:18:00', '07:19:00', 20 );
INSERT INTO "times" VALUES ( 19082, 12660, '07:14:00', '07:14:00', 20 );
INSERT INTO "times" VALUES ( 19082, 12670, '07:11:00', '07:11:00', 20 );
INSERT INTO "times" VALUES ( 19082, 12680, '07:05:00', '07:08:00', 20 );
INSERT INTO "times" VALUES ( 19082, 12690, '07:02:00', '07:02:00', 20 );
INSERT INTO "times" VALUES ( 19082, 12700, '07:00:00', '07:00:00', 20 );
INSERT INTO "times" VALUES ( 19082, 12710, '06:58:00', '06:58:00', 20 );
INSERT INTO "times" VALUES ( 19082, 12720, '06:55:00', '06:55:00', 20 );
INSERT INTO "times" VALUES ( 19082, 12730, '06:53:00', '06:53:00', 20 );
INSERT INTO "times" VALUES ( 19082, 12740, NULL, '06:50:00', 20 );

INSERT INTO "dias" VALUES ( 19083, 120, FALSE, TRUE, 'M0701A', 12740, 12510 );
INSERT INTO "dias_line_groups" VALUES ( 19083, 10 );
INSERT INTO "times" VALUES ( 19083, 12510, '07:52:00', NULL, NULL );
INSERT INTO "times" VALUES ( 19083, 12520, '07:49:00', '07:49:00', 20 );
INSERT INTO "times" VALUES ( 19083, 12530, '07:48:00', '07:48:00', 20 );
INSERT INTO "times" VALUES ( 19083, 12540, '07:44:00', '07:45:00', 20 );
INSERT INTO "times" VALUES ( 19083, 12610, '07:38:00', '07:39:00', 20 );
INSERT INTO "times" VALUES ( 19083, 12660, '07:34:00', '07:34:00', 20 );
INSERT INTO "times" VALUES ( 19083, 12670, '07:31:00', '07:31:00', 20 );
INSERT INTO "times" VALUES ( 19083, 12680, '07:25:00', '07:28:00', 20 );
INSERT INTO "times" VALUES ( 19083, 12690, '07:22:00', '07:22:00', 20 );
INSERT INTO "times" VALUES ( 19083, 12700, '07:20:00', '07:20:00', 20 );
INSERT INTO "times" VALUES ( 19083, 12710, '07:18:00', '07:18:00', 20 );
INSERT INTO "times" VALUES ( 19083, 12720, '07:15:00', '07:15:00', 20 );
INSERT INTO "times" VALUES ( 19083, 12730, '07:13:00', '07:13:00', 20 );
INSERT INTO "times" VALUES ( 19083, 12740, NULL, '07:10:00', 20 );

INSERT INTO "dias" VALUES ( 19084, 120, FALSE, TRUE, 'M0703A', 12740, 12510 );
INSERT INTO "dias_line_groups" VALUES ( 19084, 10 );
INSERT INTO "times" VALUES ( 19084, 12510, '08:15:00', NULL, NULL );
INSERT INTO "times" VALUES ( 19084, 12520, '08:13:00', '08:13:00', 20 );
INSERT INTO "times" VALUES ( 19084, 12530, '08:11:00', '08:11:00', 20 );
INSERT INTO "times" VALUES ( 19084, 12540, '08:07:00', '08:08:00', 20 );
INSERT INTO "times" VALUES ( 19084, 12610, '08:02:00', '08:02:00', 20 );
INSERT INTO "times" VALUES ( 19084, 12660, '07:57:00', '07:57:00', 20 );
INSERT INTO "times" VALUES ( 19084, 12670, '07:54:00', '07:54:00', 20 );
INSERT INTO "times" VALUES ( 19084, 12680, '07:51:00', '07:51:00', 20 );
INSERT INTO "times" VALUES ( 19084, 12690, '07:48:00', '07:48:00', 20 );
INSERT INTO "times" VALUES ( 19084, 12700, '07:46:00', '07:46:00', 20 );
INSERT INTO "times" VALUES ( 19084, 12710, '07:39:00', '07:44:00', 20 );
INSERT INTO "times" VALUES ( 19084, 12720, '07:36:00', '07:36:00', 20 );
INSERT INTO "times" VALUES ( 19084, 12730, '07:34:00', '07:34:00', 20 );
INSERT INTO "times" VALUES ( 19084, 12740, NULL, '07:31:00', 20 );

INSERT INTO "dias" VALUES ( 19085, 120, FALSE, TRUE, 'M0705A', 12710, 12510 );
INSERT INTO "dias_line_groups" VALUES ( 19085, 10 );
INSERT INTO "times" VALUES ( 19085, 12510, '08:12:00', NULL, NULL );
INSERT INTO "times" VALUES ( 19085, 12520, '08:09:00', '08:09:00', 20 );
INSERT INTO "times" VALUES ( 19085, 12530, '08:08:00', '08:08:00', 20 );
INSERT INTO "times" VALUES ( 19085, 12540, '08:03:00', '08:04:00', 20 );
INSERT INTO "times" VALUES ( 19085, 12610, '07:59:00', '07:59:00', 20 );
INSERT INTO "times" VALUES ( 19085, 12660, '07:54:00', '07:54:00', 20 );
INSERT INTO "times" VALUES ( 19085, 12670, '07:51:00', '07:51:00', 20 );
INSERT INTO "times" VALUES ( 19085, 12680, '07:44:00', '07:48:00', 20 );
INSERT INTO "times" VALUES ( 19085, 12690, '07:41:00', '07:41:00', 20 );
INSERT INTO "times" VALUES ( 19085, 12700, '07:39:00', '07:39:00', 20 );
INSERT INTO "times" VALUES ( 19085, 12710, NULL, '07:37:00', 20 );

INSERT INTO "dias" VALUES ( 19086, 120, FALSE, TRUE, 'M0707A', 12740, 12510 );
INSERT INTO "dias_line_groups" VALUES ( 19086, 10 );
INSERT INTO "times" VALUES ( 19086, 12510, '08:32:00', NULL, NULL );
INSERT INTO "times" VALUES ( 19086, 12520, '08:29:00', '08:29:00', 20 );
INSERT INTO "times" VALUES ( 19086, 12530, '08:28:00', '08:28:00', 20 );
INSERT INTO "times" VALUES ( 19086, 12540, '08:24:00', '08:25:00', 20 );
INSERT INTO "times" VALUES ( 19086, 12610, '08:18:00', '08:19:00', 20 );
INSERT INTO "times" VALUES ( 19086, 12660, '08:14:00', '08:14:00', 20 );
INSERT INTO "times" VALUES ( 19086, 12670, '08:11:00', '08:11:00', 20 );
INSERT INTO "times" VALUES ( 19086, 12680, '08:05:00', '08:08:00', 20 );
INSERT INTO "times" VALUES ( 19086, 12690, '08:02:00', '08:02:00', 20 );
INSERT INTO "times" VALUES ( 19086, 12700, '08:00:00', '08:00:00', 20 );
INSERT INTO "times" VALUES ( 19086, 12710, '07:58:00', '07:58:00', 20 );
INSERT INTO "times" VALUES ( 19086, 12720, '07:55:00', '07:55:00', 20 );
INSERT INTO "times" VALUES ( 19086, 12730, '07:53:00', '07:53:00', 20 );
INSERT INTO "times" VALUES ( 19086, 12740, NULL, '07:50:00', 20 );

INSERT INTO "dias" VALUES ( 19087, 120, FALSE, TRUE, 'M0800R', 12510, 12740 );
INSERT INTO "dias_line_groups" VALUES ( 19087, 10 );
INSERT INTO "times" VALUES ( 19087, 12510, NULL, '08:32:00', 20 );
INSERT INTO "times" VALUES ( 19087, 12520, '08:34:00', '08:34:00', 20 );
INSERT INTO "times" VALUES ( 19087, 12530, '08:36:00', '08:36:00', 20 );
INSERT INTO "times" VALUES ( 19087, 12540, '08:39:00', '08:39:00', 20 );
INSERT INTO "times" VALUES ( 19087, 12610, '08:44:00', '08:44:00', 20 );
INSERT INTO "times" VALUES ( 19087, 12660, '08:48:00', '08:48:00', 20 );
INSERT INTO "times" VALUES ( 19087, 12670, '08:51:00', '08:51:00', 20 );
INSERT INTO "times" VALUES ( 19087, 12680, '08:54:00', '08:54:00', 20 );
INSERT INTO "times" VALUES ( 19087, 12690, '08:56:00', '08:56:00', 20 );
INSERT INTO "times" VALUES ( 19087, 12700, '08:58:00', '08:58:00', 20 );
INSERT INTO "times" VALUES ( 19087, 12710, '09:00:00', '09:05:00', 20 );
INSERT INTO "times" VALUES ( 19087, 12720, '09:07:00', '09:07:00', 20 );
INSERT INTO "times" VALUES ( 19087, 12730, '09:09:00', '09:09:00', 20 );
INSERT INTO "times" VALUES ( 19087, 12740, '09:12:00', NULL, NULL );

INSERT INTO "dias" VALUES ( 19088, 120, FALSE, TRUE, 'M0801A', 12740, 12510 );
INSERT INTO "dias_line_groups" VALUES ( 19088, 10 );
INSERT INTO "times" VALUES ( 19088, 12510, '08:52:00', NULL, NULL );
INSERT INTO "times" VALUES ( 19088, 12520, '08:49:00', '08:49:00', 20 );
INSERT INTO "times" VALUES ( 19088, 12530, '08:47:00', '08:47:00', 20 );
INSERT INTO "times" VALUES ( 19088, 12540, '08:44:00', '08:44:00', 20 );
INSERT INTO "times" VALUES ( 19088, 12610, '08:39:00', '08:39:00', 20 );
INSERT INTO "times" VALUES ( 19088, 12660, '08:35:00', '08:35:00', 20 );
INSERT INTO "times" VALUES ( 19088, 12670, '08:31:00', '08:31:00', 20 );
INSERT INTO "times" VALUES ( 19088, 12680, '08:25:00', '08:28:00', 20 );
INSERT INTO "times" VALUES ( 19088, 12690, '08:23:00', '08:23:00', 20 );
INSERT INTO "times" VALUES ( 19088, 12700, '08:20:00', '08:20:00', 20 );
INSERT INTO "times" VALUES ( 19088, 12710, '08:18:00', '08:19:00', 20 );
INSERT INTO "times" VALUES ( 19088, 12720, '08:15:00', '08:15:00', 20 );
INSERT INTO "times" VALUES ( 19088, 12730, '08:13:00', '08:13:00', 20 );
INSERT INTO "times" VALUES ( 19088, 12740, NULL, '08:10:00', 20 );

INSERT INTO "dias" VALUES ( 19089, 120, FALSE, TRUE, 'M0802R', 12510, 12740 );
INSERT INTO "dias_line_groups" VALUES ( 19089, 10 );
INSERT INTO "times" VALUES ( 19089, 12510, NULL, '08:43:00', 20 );
INSERT INTO "times" VALUES ( 19089, 12520, '08:44:00', '08:44:00', 20 );
INSERT INTO "times" VALUES ( 19089, 12530, '08:46:00', '08:46:00', 20 );
INSERT INTO "times" VALUES ( 19089, 12540, '08:50:00', '08:50:00', 20 );
INSERT INTO "times" VALUES ( 19089, 12610, '08:55:00', '08:55:00', 20 );
INSERT INTO "times" VALUES ( 19089, 12660, '08:59:00', '08:59:00', 20 );
INSERT INTO "times" VALUES ( 19089, 12670, '09:01:00', '09:01:00', 20 );
INSERT INTO "times" VALUES ( 19089, 12680, '09:05:00', '09:08:00', 20 );
INSERT INTO "times" VALUES ( 19089, 12690, '09:11:00', '09:11:00', 20 );
INSERT INTO "times" VALUES ( 19089, 12700, '09:13:00', '09:13:00', 20 );
INSERT INTO "times" VALUES ( 19089, 12710, '09:15:00', '09:16:00', 20 );
INSERT INTO "times" VALUES ( 19089, 12720, '09:18:00', '09:18:00', 20 );
INSERT INTO "times" VALUES ( 19089, 12730, '09:20:00', '09:20:00', 20 );
INSERT INTO "times" VALUES ( 19089, 12740, '09:23:00', NULL, NULL );

INSERT INTO "dias" VALUES ( 19090, 120, FALSE, TRUE, 'M0803A', 12740, 12510 );
INSERT INTO "dias_line_groups" VALUES ( 19090, 10 );
INSERT INTO "times" VALUES ( 19090, 12510, '09:02:00', NULL, NULL );
INSERT INTO "times" VALUES ( 19090, 12520, '09:00:00', '09:00:00', 20 );
INSERT INTO "times" VALUES ( 19090, 12530, '08:58:00', '08:58:00', 20 );
INSERT INTO "times" VALUES ( 19090, 12540, '08:54:00', '08:55:00', 20 );
INSERT INTO "times" VALUES ( 19090, 12610, '08:49:00', '08:49:00', 20 );
INSERT INTO "times" VALUES ( 19090, 12660, '08:45:00', '08:45:00', 20 );
INSERT INTO "times" VALUES ( 19090, 12670, '08:41:00', '08:41:00', 20 );
INSERT INTO "times" VALUES ( 19090, 12680, '08:35:00', '08:38:00', 20 );
INSERT INTO "times" VALUES ( 19090, 12690, '08:32:00', '08:32:00', 20 );
INSERT INTO "times" VALUES ( 19090, 12700, '08:30:00', '08:30:00', 20 );
INSERT INTO "times" VALUES ( 19090, 12710, '08:27:00', '08:28:00', 20 );
INSERT INTO "times" VALUES ( 19090, 12720, '08:25:00', '08:25:00', 20 );
INSERT INTO "times" VALUES ( 19090, 12730, '08:23:00', '08:23:00', 20 );
INSERT INTO "times" VALUES ( 19090, 12740, NULL, '08:20:00', 20 );

INSERT INTO "dias" VALUES ( 19091, 120, FALSE, TRUE, 'M0805A', 12740, 12510 );
INSERT INTO "dias_line_groups" VALUES ( 19091, 10 );
INSERT INTO "times" VALUES ( 19091, 12510, '09:19:00', NULL, NULL );
INSERT INTO "times" VALUES ( 19091, 12520, '09:17:00', '09:17:00', 20 );
INSERT INTO "times" VALUES ( 19091, 12530, '09:15:00', '09:15:00', 20 );
INSERT INTO "times" VALUES ( 19091, 12540, '09:12:00', '09:12:00', 20 );
INSERT INTO "times" VALUES ( 19091, 12610, '09:07:00', '09:07:00', 20 );
INSERT INTO "times" VALUES ( 19091, 12660, '09:02:00', '09:03:00', 20 );
INSERT INTO "times" VALUES ( 19091, 12670, '08:59:00', '08:59:00', 20 );
INSERT INTO "times" VALUES ( 19091, 12680, '08:55:00', '08:56:00', 20 );
INSERT INTO "times" VALUES ( 19091, 12690, '08:53:00', '08:53:00', 20 );
INSERT INTO "times" VALUES ( 19091, 12700, '08:51:00', '08:51:00', 20 );
INSERT INTO "times" VALUES ( 19091, 12710, '08:44:00', '08:49:00', 20 );
INSERT INTO "times" VALUES ( 19091, 12720, '08:41:00', '08:41:00', 20 );
INSERT INTO "times" VALUES ( 19091, 12730, '08:39:00', '08:39:00', 20 );
INSERT INTO "times" VALUES ( 19091, 12740, NULL, '08:36:00', 20 );

INSERT INTO "dias" VALUES ( 19092, 120, FALSE, TRUE, 'M0807A', 12710, 12510 );
INSERT INTO "dias_line_groups" VALUES ( 19092, 10 );
INSERT INTO "times" VALUES ( 19092, 12510, '09:15:00', NULL, NULL );
INSERT INTO "times" VALUES ( 19092, 12520, '09:13:00', '09:13:00', 20 );
INSERT INTO "times" VALUES ( 19092, 12530, '09:11:00', '09:11:00', 20 );
INSERT INTO "times" VALUES ( 19092, 12540, '09:07:00', '09:08:00', 20 );
INSERT INTO "times" VALUES ( 19092, 12610, '09:03:00', '09:03:00', 20 );
INSERT INTO "times" VALUES ( 19092, 12660, '08:58:00', '08:58:00', 20 );
INSERT INTO "times" VALUES ( 19092, 12670, '08:55:00', '08:55:00', 20 );
INSERT INTO "times" VALUES ( 19092, 12680, '08:48:00', '08:52:00', 20 );
INSERT INTO "times" VALUES ( 19092, 12690, '08:46:00', '08:46:00', 20 );
INSERT INTO "times" VALUES ( 19092, 12700, '08:43:00', '08:43:00', 20 );
INSERT INTO "times" VALUES ( 19092, 12710, NULL, '08:42:00', 20 );

INSERT INTO "dias" VALUES ( 19093, 120, FALSE, TRUE, 'M0900R', 12510, 12740 );
INSERT INTO "dias_line_groups" VALUES ( 19093, 10 );
INSERT INTO "times" VALUES ( 19093, 12510, NULL, '09:13:00', 20 );
INSERT INTO "times" VALUES ( 19093, 12520, '09:14:00', '09:14:00', 20 );
INSERT INTO "times" VALUES ( 19093, 12530, '09:16:00', '09:16:00', 20 );
INSERT INTO "times" VALUES ( 19093, 12540, '09:19:00', '09:20:00', 20 );
INSERT INTO "times" VALUES ( 19093, 12610, '09:25:00', '09:25:00', 20 );
INSERT INTO "times" VALUES ( 19093, 12660, '09:29:00', '09:29:00', 20 );
INSERT INTO "times" VALUES ( 19093, 12670, '09:32:00', '09:32:00', 20 );
INSERT INTO "times" VALUES ( 19093, 12680, '09:35:00', '09:38:00', 20 );
INSERT INTO "times" VALUES ( 19093, 12690, '09:41:00', '09:41:00', 20 );
INSERT INTO "times" VALUES ( 19093, 12700, '09:43:00', '09:43:00', 20 );
INSERT INTO "times" VALUES ( 19093, 12710, '09:45:00', '09:46:00', 20 );
INSERT INTO "times" VALUES ( 19093, 12720, '09:48:00', '09:48:00', 20 );
INSERT INTO "times" VALUES ( 19093, 12730, '09:50:00', '09:50:00', 20 );
INSERT INTO "times" VALUES ( 19093, 12740, '09:53:00', NULL, NULL );

INSERT INTO "dias" VALUES ( 19094, 120, FALSE, TRUE, 'M0902H', 12510, 12710 );
INSERT INTO "dias_line_groups" VALUES ( 19094, 10 );
INSERT INTO "times" VALUES ( 19094, 12510, NULL, '09:43:00', 20 );
INSERT INTO "times" VALUES ( 19094, 12520, '09:44:00', '09:44:00', 20 );
INSERT INTO "times" VALUES ( 19094, 12530, '09:46:00', '09:46:00', 20 );
INSERT INTO "times" VALUES ( 19094, 12540, '09:50:00', '09:50:00', 20 );
INSERT INTO "times" VALUES ( 19094, 12610, '09:55:00', '09:55:00', 20 );
INSERT INTO "times" VALUES ( 19094, 12660, '09:59:00', '09:59:00', 20 );
INSERT INTO "times" VALUES ( 19094, 12670, '10:01:00', '10:01:00', 20 );
INSERT INTO "times" VALUES ( 19094, 12680, '10:05:00', '10:08:00', 20 );
INSERT INTO "times" VALUES ( 19094, 12690, '10:11:00', '10:11:00', 20 );
INSERT INTO "times" VALUES ( 19094, 12700, '10:13:00', '10:13:00', 20 );
INSERT INTO "times" VALUES ( 19094, 12710, '10:15:00', NULL, NULL );

INSERT INTO "dias" VALUES ( 19095, 120, FALSE, TRUE, 'M1000H', 12510, 12710 );
INSERT INTO "dias_line_groups" VALUES ( 19095, 10 );
INSERT INTO "times" VALUES ( 19095, 12510, NULL, '10:13:00', 20 );
INSERT INTO "times" VALUES ( 19095, 12520, '10:14:00', '10:14:00', 20 );
INSERT INTO "times" VALUES ( 19095, 12530, '10:16:00', '10:16:00', 20 );
INSERT INTO "times" VALUES ( 19095, 12540, '10:20:00', '10:20:00', 20 );
INSERT INTO "times" VALUES ( 19095, 12610, '10:25:00', '10:25:00', 20 );
INSERT INTO "times" VALUES ( 19095, 12660, '10:29:00', '10:29:00', 20 );
INSERT INTO "times" VALUES ( 19095, 12670, '10:31:00', '10:31:00', 20 );
INSERT INTO "times" VALUES ( 19095, 12680, '10:35:00', '10:38:00', 20 );
INSERT INTO "times" VALUES ( 19095, 12690, '10:41:00', '10:41:00', 20 );
INSERT INTO "times" VALUES ( 19095, 12700, '10:43:00', '10:43:00', 20 );
INSERT INTO "times" VALUES ( 19095, 12710, '10:45:00', NULL, NULL );

INSERT INTO "dias" VALUES ( 19096, 120, FALSE, TRUE, 'M1002H', 12510, 12710 );
INSERT INTO "dias_line_groups" VALUES ( 19096, 10 );
INSERT INTO "times" VALUES ( 19096, 12510, NULL, '10:43:00', 20 );
INSERT INTO "times" VALUES ( 19096, 12520, '10:44:00', '10:44:00', 20 );
INSERT INTO "times" VALUES ( 19096, 12530, '10:46:00', '10:46:00', 20 );
INSERT INTO "times" VALUES ( 19096, 12540, '10:50:00', '10:50:00', 20 );
INSERT INTO "times" VALUES ( 19096, 12610, '10:55:00', '10:55:00', 20 );
INSERT INTO "times" VALUES ( 19096, 12660, '10:59:00', '10:59:00', 20 );
INSERT INTO "times" VALUES ( 19096, 12670, '11:01:00', '11:01:00', 20 );
INSERT INTO "times" VALUES ( 19096, 12680, '11:05:00', '11:08:00', 20 );
INSERT INTO "times" VALUES ( 19096, 12690, '11:11:00', '11:11:00', 20 );
INSERT INTO "times" VALUES ( 19096, 12700, '11:13:00', '11:13:00', 20 );
INSERT INTO "times" VALUES ( 19096, 12710, '11:15:00', NULL, NULL );

INSERT INTO "dias" VALUES ( 19097, 120, FALSE, TRUE, 'M1100H', 12510, 12710 );
INSERT INTO "dias_line_groups" VALUES ( 19097, 10 );
INSERT INTO "times" VALUES ( 19097, 12510, NULL, '11:13:00', 20 );
INSERT INTO "times" VALUES ( 19097, 12520, '11:15:00', '11:15:00', 20 );
INSERT INTO "times" VALUES ( 19097, 12530, '11:17:00', '11:17:00', 20 );
INSERT INTO "times" VALUES ( 19097, 12540, '11:20:00', '11:20:00', 20 );
INSERT INTO "times" VALUES ( 19097, 12610, '11:25:00', '11:25:00', 20 );
INSERT INTO "times" VALUES ( 19097, 12660, '11:29:00', '11:29:00', 20 );
INSERT INTO "times" VALUES ( 19097, 12670, '11:32:00', '11:32:00', 20 );
INSERT INTO "times" VALUES ( 19097, 12680, '11:35:00', '11:39:00', 20 );
INSERT INTO "times" VALUES ( 19097, 12690, '11:41:00', '11:41:00', 20 );
INSERT INTO "times" VALUES ( 19097, 12700, '11:44:00', '11:44:00', 20 );
INSERT INTO "times" VALUES ( 19097, 12710, '11:46:00', NULL, NULL );

INSERT INTO "dias" VALUES ( 19098, 120, FALSE, TRUE, 'M1102H', 12510, 12710 );
INSERT INTO "dias_line_groups" VALUES ( 19098, 10 );
INSERT INTO "times" VALUES ( 19098, 12510, NULL, '11:43:00', 20 );
INSERT INTO "times" VALUES ( 19098, 12520, '11:45:00', '11:45:00', 20 );
INSERT INTO "times" VALUES ( 19098, 12530, '11:47:00', '11:47:00', 20 );
INSERT INTO "times" VALUES ( 19098, 12540, '11:50:00', '11:50:00', 20 );
INSERT INTO "times" VALUES ( 19098, 12610, '11:55:00', '11:55:00', 20 );
INSERT INTO "times" VALUES ( 19098, 12660, '11:59:00', '11:59:00', 20 );
INSERT INTO "times" VALUES ( 19098, 12670, '12:02:00', '12:02:00', 20 );
INSERT INTO "times" VALUES ( 19098, 12680, '12:05:00', '12:09:00', 20 );
INSERT INTO "times" VALUES ( 19098, 12690, '12:11:00', '12:11:00', 20 );
INSERT INTO "times" VALUES ( 19098, 12700, '12:14:00', '12:14:00', 20 );
INSERT INTO "times" VALUES ( 19098, 12710, '12:16:00', NULL, NULL );

INSERT INTO "dias" VALUES ( 19099, 120, FALSE, TRUE, 'M1200H', 12510, 12710 );
INSERT INTO "dias_line_groups" VALUES ( 19099, 10 );
INSERT INTO "times" VALUES ( 19099, 12510, NULL, '12:13:00', 20 );
INSERT INTO "times" VALUES ( 19099, 12520, '12:15:00', '12:15:00', 20 );
INSERT INTO "times" VALUES ( 19099, 12530, '12:17:00', '12:17:00', 20 );
INSERT INTO "times" VALUES ( 19099, 12540, '12:20:00', '12:20:00', 20 );
INSERT INTO "times" VALUES ( 19099, 12610, '12:25:00', '12:25:00', 20 );
INSERT INTO "times" VALUES ( 19099, 12660, '12:29:00', '12:29:00', 20 );
INSERT INTO "times" VALUES ( 19099, 12670, '12:32:00', '12:32:00', 20 );
INSERT INTO "times" VALUES ( 19099, 12680, '12:35:00', '12:39:00', 20 );
INSERT INTO "times" VALUES ( 19099, 12690, '12:41:00', '12:41:00', 20 );
INSERT INTO "times" VALUES ( 19099, 12700, '12:44:00', '12:44:00', 20 );
INSERT INTO "times" VALUES ( 19099, 12710, '12:46:00', NULL, NULL );

INSERT INTO "dias" VALUES ( 19100, 120, FALSE, TRUE, 'M1201A', 12710, 12510 );
INSERT INTO "dias_line_groups" VALUES ( 19100, 10 );
INSERT INTO "times" VALUES ( 19100, 12510, '12:58:00', NULL, NULL );
INSERT INTO "times" VALUES ( 19100, 12520, '12:56:00', '12:56:00', 20 );
INSERT INTO "times" VALUES ( 19100, 12530, '12:55:00', '12:55:00', 20 );
INSERT INTO "times" VALUES ( 19100, 12540, '12:52:00', '12:52:00', 20 );
INSERT INTO "times" VALUES ( 19100, 12610, '12:47:00', '12:47:00', 20 );
INSERT INTO "times" VALUES ( 19100, 12660, '12:41:00', '12:42:00', 20 );
INSERT INTO "times" VALUES ( 19100, 12670, '12:39:00', '12:39:00', 20 );
INSERT INTO "times" VALUES ( 19100, 12680, '12:32:00', '12:36:00', 20 );
INSERT INTO "times" VALUES ( 19100, 12690, '12:30:00', '12:30:00', 20 );
INSERT INTO "times" VALUES ( 19100, 12700, '12:27:00', '12:27:00', 20 );
INSERT INTO "times" VALUES ( 19100, 12710, NULL, '12:25:00', 20 );

INSERT INTO "dias" VALUES ( 19101, 120, FALSE, TRUE, 'M1202H', 12510, 12710 );
INSERT INTO "dias_line_groups" VALUES ( 19101, 10 );
INSERT INTO "times" VALUES ( 19101, 12510, NULL, '12:43:00', 20 );
INSERT INTO "times" VALUES ( 19101, 12520, '12:45:00', '12:45:00', 20 );
INSERT INTO "times" VALUES ( 19101, 12530, '12:47:00', '12:47:00', 20 );
INSERT INTO "times" VALUES ( 19101, 12540, '12:50:00', '12:50:00', 20 );
INSERT INTO "times" VALUES ( 19101, 12610, '12:55:00', '12:55:00', 20 );
INSERT INTO "times" VALUES ( 19101, 12660, '12:59:00', '12:59:00', 20 );
INSERT INTO "times" VALUES ( 19101, 12670, '13:02:00', '13:02:00', 20 );
INSERT INTO "times" VALUES ( 19101, 12680, '13:05:00', '13:09:00', 20 );
INSERT INTO "times" VALUES ( 19101, 12690, '13:11:00', '13:11:00', 20 );
INSERT INTO "times" VALUES ( 19101, 12700, '13:14:00', '13:14:00', 20 );
INSERT INTO "times" VALUES ( 19101, 12710, '13:16:00', NULL, NULL );

INSERT INTO "dias" VALUES ( 19102, 120, FALSE, TRUE, 'M1203A', 12710, 12510 );
INSERT INTO "dias_line_groups" VALUES ( 19102, 10 );
INSERT INTO "times" VALUES ( 19102, 12510, '13:28:00', NULL, NULL );
INSERT INTO "times" VALUES ( 19102, 12520, '13:26:00', '13:26:00', 20 );
INSERT INTO "times" VALUES ( 19102, 12530, '13:25:00', '13:25:00', 20 );
INSERT INTO "times" VALUES ( 19102, 12540, '13:22:00', '13:22:00', 20 );
INSERT INTO "times" VALUES ( 19102, 12610, '13:17:00', '13:17:00', 20 );
INSERT INTO "times" VALUES ( 19102, 12660, '13:11:00', '13:12:00', 20 );
INSERT INTO "times" VALUES ( 19102, 12670, '13:09:00', '13:09:00', 20 );
INSERT INTO "times" VALUES ( 19102, 12680, '13:02:00', '13:06:00', 20 );
INSERT INTO "times" VALUES ( 19102, 12690, '13:00:00', '13:00:00', 20 );
INSERT INTO "times" VALUES ( 19102, 12700, '12:57:00', '12:57:00', 20 );
INSERT INTO "times" VALUES ( 19102, 12710, NULL, '12:55:00', 20 );

INSERT INTO "dias" VALUES ( 19103, 120, FALSE, TRUE, 'M1300H', 12510, 12710 );
INSERT INTO "dias_line_groups" VALUES ( 19103, 10 );
INSERT INTO "times" VALUES ( 19103, 12510, NULL, '13:13:00', 20 );
INSERT INTO "times" VALUES ( 19103, 12520, '13:15:00', '13:15:00', 20 );
INSERT INTO "times" VALUES ( 19103, 12530, '13:17:00', '13:17:00', 20 );
INSERT INTO "times" VALUES ( 19103, 12540, '13:20:00', '13:20:00', 20 );
INSERT INTO "times" VALUES ( 19103, 12610, '13:25:00', '13:25:00', 20 );
INSERT INTO "times" VALUES ( 19103, 12660, '13:29:00', '13:29:00', 20 );
INSERT INTO "times" VALUES ( 19103, 12670, '13:32:00', '13:32:00', 20 );
INSERT INTO "times" VALUES ( 19103, 12680, '13:35:00', '13:39:00', 20 );
INSERT INTO "times" VALUES ( 19103, 12690, '13:41:00', '13:41:00', 20 );
INSERT INTO "times" VALUES ( 19103, 12700, '13:44:00', '13:44:00', 20 );
INSERT INTO "times" VALUES ( 19103, 12710, '13:46:00', NULL, NULL );

INSERT INTO "dias" VALUES ( 19104, 120, FALSE, TRUE, 'M1301A', 12710, 12510 );
INSERT INTO "dias_line_groups" VALUES ( 19104, 10 );
INSERT INTO "times" VALUES ( 19104, 12510, '13:58:00', NULL, NULL );
INSERT INTO "times" VALUES ( 19104, 12520, '13:56:00', '13:56:00', 20 );
INSERT INTO "times" VALUES ( 19104, 12530, '13:55:00', '13:55:00', 20 );
INSERT INTO "times" VALUES ( 19104, 12540, '13:52:00', '13:52:00', 20 );
INSERT INTO "times" VALUES ( 19104, 12610, '13:47:00', '13:47:00', 20 );
INSERT INTO "times" VALUES ( 19104, 12660, '13:41:00', '13:42:00', 20 );
INSERT INTO "times" VALUES ( 19104, 12670, '13:39:00', '13:39:00', 20 );
INSERT INTO "times" VALUES ( 19104, 12680, '13:32:00', '13:36:00', 20 );
INSERT INTO "times" VALUES ( 19104, 12690, '13:30:00', '13:30:00', 20 );
INSERT INTO "times" VALUES ( 19104, 12700, '13:27:00', '13:27:00', 20 );
INSERT INTO "times" VALUES ( 19104, 12710, NULL, '13:25:00', 20 );

INSERT INTO "dias" VALUES ( 19105, 120, FALSE, TRUE, 'M1302H', 12510, 12710 );
INSERT INTO "dias_line_groups" VALUES ( 19105, 10 );
INSERT INTO "times" VALUES ( 19105, 12510, NULL, '13:43:00', 20 );
INSERT INTO "times" VALUES ( 19105, 12520, '13:45:00', '13:45:00', 20 );
INSERT INTO "times" VALUES ( 19105, 12530, '13:47:00', '13:47:00', 20 );
INSERT INTO "times" VALUES ( 19105, 12540, '13:50:00', '13:50:00', 20 );
INSERT INTO "times" VALUES ( 19105, 12610, '13:55:00', '13:55:00', 20 );
INSERT INTO "times" VALUES ( 19105, 12660, '13:59:00', '13:59:00', 20 );
INSERT INTO "times" VALUES ( 19105, 12670, '14:02:00', '14:02:00', 20 );
INSERT INTO "times" VALUES ( 19105, 12680, '14:05:00', '14:09:00', 20 );
INSERT INTO "times" VALUES ( 19105, 12690, '14:11:00', '14:11:00', 20 );
INSERT INTO "times" VALUES ( 19105, 12700, '14:14:00', '14:14:00', 20 );
INSERT INTO "times" VALUES ( 19105, 12710, '14:16:00', NULL, NULL );

INSERT INTO "dias" VALUES ( 19106, 120, FALSE, TRUE, 'M1303A', 12710, 12510 );
INSERT INTO "dias_line_groups" VALUES ( 19106, 10 );
INSERT INTO "times" VALUES ( 19106, 12510, '14:28:00', NULL, NULL );
INSERT INTO "times" VALUES ( 19106, 12520, '14:26:00', '14:26:00', 20 );
INSERT INTO "times" VALUES ( 19106, 12530, '14:25:00', '14:25:00', 20 );
INSERT INTO "times" VALUES ( 19106, 12540, '14:22:00', '14:22:00', 20 );
INSERT INTO "times" VALUES ( 19106, 12610, '14:17:00', '14:17:00', 20 );
INSERT INTO "times" VALUES ( 19106, 12660, '14:11:00', '14:12:00', 20 );
INSERT INTO "times" VALUES ( 19106, 12670, '14:09:00', '14:09:00', 20 );
INSERT INTO "times" VALUES ( 19106, 12680, '14:02:00', '14:06:00', 20 );
INSERT INTO "times" VALUES ( 19106, 12690, '14:00:00', '14:00:00', 20 );
INSERT INTO "times" VALUES ( 19106, 12700, '13:57:00', '13:57:00', 20 );
INSERT INTO "times" VALUES ( 19106, 12710, NULL, '13:55:00', 20 );

INSERT INTO "dias" VALUES ( 19107, 120, FALSE, TRUE, 'M1400H', 12510, 12710 );
INSERT INTO "dias_line_groups" VALUES ( 19107, 10 );
INSERT INTO "times" VALUES ( 19107, 12510, NULL, '14:13:00', 20 );
INSERT INTO "times" VALUES ( 19107, 12520, '14:15:00', '14:15:00', 20 );
INSERT INTO "times" VALUES ( 19107, 12530, '14:17:00', '14:17:00', 20 );
INSERT INTO "times" VALUES ( 19107, 12540, '14:20:00', '14:20:00', 20 );
INSERT INTO "times" VALUES ( 19107, 12610, '14:25:00', '14:25:00', 20 );
INSERT INTO "times" VALUES ( 19107, 12660, '14:29:00', '14:29:00', 20 );
INSERT INTO "times" VALUES ( 19107, 12670, '14:32:00', '14:32:00', 20 );
INSERT INTO "times" VALUES ( 19107, 12680, '14:35:00', '14:39:00', 20 );
INSERT INTO "times" VALUES ( 19107, 12690, '14:41:00', '14:41:00', 20 );
INSERT INTO "times" VALUES ( 19107, 12700, '14:44:00', '14:44:00', 20 );
INSERT INTO "times" VALUES ( 19107, 12710, '14:46:00', NULL, NULL );

INSERT INTO "dias" VALUES ( 19108, 120, FALSE, TRUE, 'M1401A', 12710, 12510 );
INSERT INTO "dias_line_groups" VALUES ( 19108, 10 );
INSERT INTO "times" VALUES ( 19108, 12510, '14:58:00', NULL, NULL );
INSERT INTO "times" VALUES ( 19108, 12520, '14:56:00', '14:56:00', 20 );
INSERT INTO "times" VALUES ( 19108, 12530, '14:55:00', '14:55:00', 20 );
INSERT INTO "times" VALUES ( 19108, 12540, '14:52:00', '14:52:00', 20 );
INSERT INTO "times" VALUES ( 19108, 12610, '14:47:00', '14:47:00', 20 );
INSERT INTO "times" VALUES ( 19108, 12660, '14:41:00', '14:42:00', 20 );
INSERT INTO "times" VALUES ( 19108, 12670, '14:39:00', '14:39:00', 20 );
INSERT INTO "times" VALUES ( 19108, 12680, '14:32:00', '14:36:00', 20 );
INSERT INTO "times" VALUES ( 19108, 12690, '14:30:00', '14:30:00', 20 );
INSERT INTO "times" VALUES ( 19108, 12700, '14:27:00', '14:27:00', 20 );
INSERT INTO "times" VALUES ( 19108, 12710, NULL, '14:25:00', 20 );

INSERT INTO "dias" VALUES ( 19109, 120, FALSE, TRUE, 'M1402H', 12510, 12710 );
INSERT INTO "dias_line_groups" VALUES ( 19109, 10 );
INSERT INTO "times" VALUES ( 19109, 12510, NULL, '14:43:00', 20 );
INSERT INTO "times" VALUES ( 19109, 12520, '14:45:00', '14:45:00', 20 );
INSERT INTO "times" VALUES ( 19109, 12530, '14:47:00', '14:47:00', 20 );
INSERT INTO "times" VALUES ( 19109, 12540, '14:50:00', '14:50:00', 20 );
INSERT INTO "times" VALUES ( 19109, 12610, '14:55:00', '14:55:00', 20 );
INSERT INTO "times" VALUES ( 19109, 12660, '14:59:00', '14:59:00', 20 );
INSERT INTO "times" VALUES ( 19109, 12670, '15:02:00', '15:02:00', 20 );
INSERT INTO "times" VALUES ( 19109, 12680, '15:05:00', '15:09:00', 20 );
INSERT INTO "times" VALUES ( 19109, 12690, '15:11:00', '15:11:00', 20 );
INSERT INTO "times" VALUES ( 19109, 12700, '15:14:00', '15:14:00', 20 );
INSERT INTO "times" VALUES ( 19109, 12710, '15:16:00', NULL, NULL );

INSERT INTO "dias" VALUES ( 19110, 120, FALSE, TRUE, 'M1403A', 12710, 12510 );
INSERT INTO "dias_line_groups" VALUES ( 19110, 10 );
INSERT INTO "times" VALUES ( 19110, 12510, '15:28:00', NULL, NULL );
INSERT INTO "times" VALUES ( 19110, 12520, '15:26:00', '15:26:00', 20 );
INSERT INTO "times" VALUES ( 19110, 12530, '15:25:00', '15:25:00', 20 );
INSERT INTO "times" VALUES ( 19110, 12540, '15:22:00', '15:22:00', 20 );
INSERT INTO "times" VALUES ( 19110, 12610, '15:17:00', '15:17:00', 20 );
INSERT INTO "times" VALUES ( 19110, 12660, '15:11:00', '15:12:00', 20 );
INSERT INTO "times" VALUES ( 19110, 12670, '15:09:00', '15:09:00', 20 );
INSERT INTO "times" VALUES ( 19110, 12680, '15:02:00', '15:06:00', 20 );
INSERT INTO "times" VALUES ( 19110, 12690, '15:00:00', '15:00:00', 20 );
INSERT INTO "times" VALUES ( 19110, 12700, '14:57:00', '14:57:00', 20 );
INSERT INTO "times" VALUES ( 19110, 12710, NULL, '14:55:00', 20 );

INSERT INTO "dias" VALUES ( 19111, 120, FALSE, TRUE, 'M1500H', 12510, 12710 );
INSERT INTO "dias_line_groups" VALUES ( 19111, 10 );
INSERT INTO "times" VALUES ( 19111, 12510, NULL, '15:13:00', 20 );
INSERT INTO "times" VALUES ( 19111, 12520, '15:15:00', '15:15:00', 20 );
INSERT INTO "times" VALUES ( 19111, 12530, '15:17:00', '15:17:00', 20 );
INSERT INTO "times" VALUES ( 19111, 12540, '15:20:00', '15:20:00', 20 );
INSERT INTO "times" VALUES ( 19111, 12610, '15:25:00', '15:25:00', 20 );
INSERT INTO "times" VALUES ( 19111, 12660, '15:29:00', '15:29:00', 20 );
INSERT INTO "times" VALUES ( 19111, 12670, '15:32:00', '15:32:00', 20 );
INSERT INTO "times" VALUES ( 19111, 12680, '15:35:00', '15:39:00', 20 );
INSERT INTO "times" VALUES ( 19111, 12690, '15:41:00', '15:41:00', 20 );
INSERT INTO "times" VALUES ( 19111, 12700, '15:44:00', '15:44:00', 20 );
INSERT INTO "times" VALUES ( 19111, 12710, '15:46:00', NULL, NULL );

INSERT INTO "dias" VALUES ( 19112, 120, FALSE, TRUE, 'M1501A', 12710, 12510 );
INSERT INTO "dias_line_groups" VALUES ( 19112, 10 );
INSERT INTO "times" VALUES ( 19112, 12510, '15:58:00', NULL, NULL );
INSERT INTO "times" VALUES ( 19112, 12520, '15:56:00', '15:56:00', 20 );
INSERT INTO "times" VALUES ( 19112, 12530, '15:55:00', '15:55:00', 20 );
INSERT INTO "times" VALUES ( 19112, 12540, '15:52:00', '15:52:00', 20 );
INSERT INTO "times" VALUES ( 19112, 12610, '15:47:00', '15:47:00', 20 );
INSERT INTO "times" VALUES ( 19112, 12660, '15:41:00', '15:42:00', 20 );
INSERT INTO "times" VALUES ( 19112, 12670, '15:39:00', '15:39:00', 20 );
INSERT INTO "times" VALUES ( 19112, 12680, '15:32:00', '15:36:00', 20 );
INSERT INTO "times" VALUES ( 19112, 12690, '15:30:00', '15:30:00', 20 );
INSERT INTO "times" VALUES ( 19112, 12700, '15:27:00', '15:27:00', 20 );
INSERT INTO "times" VALUES ( 19112, 12710, NULL, '15:25:00', 20 );

INSERT INTO "dias" VALUES ( 19113, 120, FALSE, TRUE, 'M1503A', 12710, 12510 );
INSERT INTO "dias_line_groups" VALUES ( 19113, 10 );
INSERT INTO "times" VALUES ( 19113, 12510, '16:29:00', NULL, NULL );
INSERT INTO "times" VALUES ( 19113, 12520, '16:26:00', '16:26:00', 20 );
INSERT INTO "times" VALUES ( 19113, 12530, '16:24:00', '16:24:00', 20 );
INSERT INTO "times" VALUES ( 19113, 12540, '16:21:00', '16:21:00', 20 );
INSERT INTO "times" VALUES ( 19113, 12610, '16:16:00', '16:16:00', 20 );
INSERT INTO "times" VALUES ( 19113, 12660, '16:12:00', '16:12:00', 20 );
INSERT INTO "times" VALUES ( 19113, 12670, '16:09:00', '16:09:00', 20 );
INSERT INTO "times" VALUES ( 19113, 12680, '16:02:00', '16:06:00', 20 );
INSERT INTO "times" VALUES ( 19113, 12690, '16:00:00', '16:00:00', 20 );
INSERT INTO "times" VALUES ( 19113, 12700, '15:57:00', '15:57:00', 20 );
INSERT INTO "times" VALUES ( 19113, 12710, NULL, '15:55:00', 20 );

INSERT INTO "dias" VALUES ( 19114, 120, FALSE, TRUE, 'M1601A', 12740, 12510 );
INSERT INTO "dias_line_groups" VALUES ( 19114, 10 );
INSERT INTO "times" VALUES ( 19114, 12510, '17:19:00', NULL, NULL );
INSERT INTO "times" VALUES ( 19114, 12520, '17:17:00', '17:17:00', 20 );
INSERT INTO "times" VALUES ( 19114, 12530, '17:15:00', '17:15:00', 20 );
INSERT INTO "times" VALUES ( 19114, 12540, '17:12:00', '17:12:00', 20 );
INSERT INTO "times" VALUES ( 19114, 12610, '17:07:00', '17:07:00', 20 );
INSERT INTO "times" VALUES ( 19114, 12660, '17:03:00', '17:03:00', 20 );
INSERT INTO "times" VALUES ( 19114, 12670, '17:00:00', '17:00:00', 20 );
INSERT INTO "times" VALUES ( 19114, 12680, '16:53:00', '16:57:00', 20 );
INSERT INTO "times" VALUES ( 19114, 12690, '16:51:00', '16:51:00', 20 );
INSERT INTO "times" VALUES ( 19114, 12700, '16:48:00', '16:48:00', 20 );
INSERT INTO "times" VALUES ( 19114, 12710, '16:47:00', '16:47:00', 20 );
INSERT INTO "times" VALUES ( 19114, 12720, '16:44:00', '16:44:00', 20 );
INSERT INTO "times" VALUES ( 19114, 12730, '16:41:00', '16:41:00', 20 );
INSERT INTO "times" VALUES ( 19114, 12740, NULL, '16:39:00', 20 );

INSERT INTO "dias" VALUES ( 19115, 120, FALSE, TRUE, 'M1701A', 12740, 12510 );
INSERT INTO "dias_line_groups" VALUES ( 19115, 10 );
INSERT INTO "times" VALUES ( 19115, 12510, '18:19:00', NULL, NULL );
INSERT INTO "times" VALUES ( 19115, 12520, '18:17:00', '18:17:00', 20 );
INSERT INTO "times" VALUES ( 19115, 12530, '18:15:00', '18:15:00', 20 );
INSERT INTO "times" VALUES ( 19115, 12540, '18:12:00', '18:12:00', 20 );
INSERT INTO "times" VALUES ( 19115, 12610, '18:07:00', '18:07:00', 20 );
INSERT INTO "times" VALUES ( 19115, 12660, '18:02:00', '18:03:00', 20 );
INSERT INTO "times" VALUES ( 19115, 12670, '17:59:00', '17:59:00', 20 );
INSERT INTO "times" VALUES ( 19115, 12680, '17:53:00', '17:56:00', 20 );
INSERT INTO "times" VALUES ( 19115, 12690, '17:51:00', '17:51:00', 20 );
INSERT INTO "times" VALUES ( 19115, 12700, '17:48:00', '17:48:00', 20 );
INSERT INTO "times" VALUES ( 19115, 12710, '17:47:00', '17:47:00', 20 );
INSERT INTO "times" VALUES ( 19115, 12720, '17:44:00', '17:44:00', 20 );
INSERT INTO "times" VALUES ( 19115, 12730, '17:41:00', '17:41:00', 20 );
INSERT INTO "times" VALUES ( 19115, 12740, NULL, '17:39:00', 20 );

INSERT INTO "dias" VALUES ( 19116, 120, FALSE, TRUE, 'M1703A', 12710, 12510 );
INSERT INTO "dias_line_groups" VALUES ( 19116, 10 );
INSERT INTO "times" VALUES ( 19116, 12510, '18:28:00', NULL, NULL );
INSERT INTO "times" VALUES ( 19116, 12520, '18:26:00', '18:26:00', 20 );
INSERT INTO "times" VALUES ( 19116, 12530, '18:24:00', '18:24:00', 20 );
INSERT INTO "times" VALUES ( 19116, 12540, '18:21:00', '18:21:00', 20 );
INSERT INTO "times" VALUES ( 19116, 12610, '18:16:00', '18:16:00', 20 );
INSERT INTO "times" VALUES ( 19116, 12660, '18:12:00', '18:12:00', 20 );
INSERT INTO "times" VALUES ( 19116, 12670, '18:09:00', '18:09:00', 20 );
INSERT INTO "times" VALUES ( 19116, 12680, '18:03:00', '18:06:00', 20 );
INSERT INTO "times" VALUES ( 19116, 12690, '18:00:00', '18:00:00', 20 );
INSERT INTO "times" VALUES ( 19116, 12700, '17:58:00', '17:58:00', 20 );
INSERT INTO "times" VALUES ( 19116, 12710, NULL, '17:56:00', 20 );

INSERT INTO "dias" VALUES ( 19117, 120, FALSE, TRUE, 'M1801A', 12740, 12510 );
INSERT INTO "dias_line_groups" VALUES ( 19117, 10 );
INSERT INTO "times" VALUES ( 19117, 12510, '18:49:00', NULL, NULL );
INSERT INTO "times" VALUES ( 19117, 12520, '18:47:00', '18:47:00', 20 );
INSERT INTO "times" VALUES ( 19117, 12530, '18:45:00', '18:45:00', 20 );
INSERT INTO "times" VALUES ( 19117, 12540, '18:42:00', '18:42:00', 20 );
INSERT INTO "times" VALUES ( 19117, 12610, '18:37:00', '18:37:00', 20 );
INSERT INTO "times" VALUES ( 19117, 12660, '18:32:00', '18:33:00', 20 );
INSERT INTO "times" VALUES ( 19117, 12670, '18:29:00', '18:29:00', 20 );
INSERT INTO "times" VALUES ( 19117, 12680, '18:23:00', '18:26:00', 20 );
INSERT INTO "times" VALUES ( 19117, 12690, '18:21:00', '18:21:00', 20 );
INSERT INTO "times" VALUES ( 19117, 12700, '18:18:00', '18:18:00', 20 );
INSERT INTO "times" VALUES ( 19117, 12710, '18:17:00', '18:17:00', 20 );
INSERT INTO "times" VALUES ( 19117, 12720, '18:14:00', '18:14:00', 20 );
INSERT INTO "times" VALUES ( 19117, 12730, '18:11:00', '18:11:00', 20 );
INSERT INTO "times" VALUES ( 19117, 12740, NULL, '18:09:00', 20 );

INSERT INTO "dias" VALUES ( 19118, 120, FALSE, TRUE, 'M1803A', 12710, 12510 );
INSERT INTO "dias_line_groups" VALUES ( 19118, 10 );
INSERT INTO "times" VALUES ( 19118, 12510, '18:58:00', NULL, NULL );
INSERT INTO "times" VALUES ( 19118, 12520, '18:56:00', '18:56:00', 20 );
INSERT INTO "times" VALUES ( 19118, 12530, '18:55:00', '18:55:00', 20 );
INSERT INTO "times" VALUES ( 19118, 12540, '18:52:00', '18:52:00', 20 );
INSERT INTO "times" VALUES ( 19118, 12610, '18:47:00', '18:47:00', 20 );
INSERT INTO "times" VALUES ( 19118, 12660, '18:41:00', '18:42:00', 20 );
INSERT INTO "times" VALUES ( 19118, 12670, '18:39:00', '18:39:00', 20 );
INSERT INTO "times" VALUES ( 19118, 12680, '18:33:00', '18:36:00', 20 );
INSERT INTO "times" VALUES ( 19118, 12690, '18:30:00', '18:30:00', 20 );
INSERT INTO "times" VALUES ( 19118, 12700, '18:28:00', '18:28:00', 20 );
INSERT INTO "times" VALUES ( 19118, 12710, NULL, '18:26:00', 20 );

INSERT INTO "dias" VALUES ( 19119, 120, FALSE, TRUE, 'M1805A', 12710, 12510 );
INSERT INTO "dias_line_groups" VALUES ( 19119, 10 );
INSERT INTO "times" VALUES ( 19119, 12510, '19:28:00', NULL, NULL );
INSERT INTO "times" VALUES ( 19119, 12520, '19:26:00', '19:26:00', 20 );
INSERT INTO "times" VALUES ( 19119, 12530, '19:25:00', '19:25:00', 20 );
INSERT INTO "times" VALUES ( 19119, 12540, '19:22:00', '19:22:00', 20 );
INSERT INTO "times" VALUES ( 19119, 12610, '19:17:00', '19:17:00', 20 );
INSERT INTO "times" VALUES ( 19119, 12660, '19:11:00', '19:12:00', 20 );
INSERT INTO "times" VALUES ( 19119, 12670, '19:09:00', '19:09:00', 20 );
INSERT INTO "times" VALUES ( 19119, 12680, '19:03:00', '19:06:00', 20 );
INSERT INTO "times" VALUES ( 19119, 12690, '19:00:00', '19:00:00', 20 );
INSERT INTO "times" VALUES ( 19119, 12700, '18:58:00', '18:58:00', 20 );
INSERT INTO "times" VALUES ( 19119, 12710, NULL, '18:56:00', 20 );

INSERT INTO "dias" VALUES ( 19120, 120, FALSE, TRUE, 'M2200Y', 12510, 12770 );
INSERT INTO "dias_line_groups" VALUES ( 19120, 10 );
INSERT INTO "times" VALUES ( 19120, 12510, NULL, '22:12:00', 20 );
INSERT INTO "times" VALUES ( 19120, 12520, '22:13:00', '22:13:00', 20 );
INSERT INTO "times" VALUES ( 19120, 12530, '22:15:00', '22:15:00', 20 );
INSERT INTO "times" VALUES ( 19120, 12540, '22:19:00', '22:19:00', 20 );
INSERT INTO "times" VALUES ( 19120, 12610, '22:24:00', '22:24:00', 20 );
INSERT INTO "times" VALUES ( 19120, 12660, '22:28:00', '22:28:00', 20 );
INSERT INTO "times" VALUES ( 19120, 12670, '22:31:00', '22:31:00', 20 );
INSERT INTO "times" VALUES ( 19120, 12680, '22:34:00', '22:34:00', 20 );
INSERT INTO "times" VALUES ( 19120, 12690, '22:36:00', '22:36:00', 20 );
INSERT INTO "times" VALUES ( 19120, 12700, '22:38:00', '22:38:00', 20 );
INSERT INTO "times" VALUES ( 19120, 12710, '22:40:00', '22:44:00', 20 );
INSERT INTO "times" VALUES ( 19120, 12720, '22:46:00', '22:46:00', 20 );
INSERT INTO "times" VALUES ( 19120, 12730, '22:48:00', '22:48:00', 20 );
INSERT INTO "times" VALUES ( 19120, 12740, '22:52:00', '22:52:00', 20 );
INSERT INTO "times" VALUES ( 19120, 12750, '22:54:00', '22:54:00', 20 );
INSERT INTO "times" VALUES ( 19120, 12760, '22:57:00', '22:57:00', 20 );
INSERT INTO "times" VALUES ( 19120, 12770, '23:01:00', NULL, NULL );

INSERT INTO "dias" VALUES ( 19121, 120, FALSE, TRUE, 'M2201A', 12770, 12510 );
INSERT INTO "dias_line_groups" VALUES ( 19121, 10 );
INSERT INTO "times" VALUES ( 19121, 12510, '23:30:00', NULL, NULL );
INSERT INTO "times" VALUES ( 19121, 12520, '23:27:00', '23:27:00', 20 );
INSERT INTO "times" VALUES ( 19121, 12530, '23:26:00', '23:26:00', 20 );
INSERT INTO "times" VALUES ( 19121, 12540, '23:23:00', '23:23:00', 20 );
INSERT INTO "times" VALUES ( 19121, 12610, '23:18:00', '23:18:00', 20 );
INSERT INTO "times" VALUES ( 19121, 12660, '23:13:00', '23:13:00', 20 );
INSERT INTO "times" VALUES ( 19121, 12670, '23:10:00', '23:10:00', 20 );
INSERT INTO "times" VALUES ( 19121, 12680, '23:07:00', '23:07:00', 20 );
INSERT INTO "times" VALUES ( 19121, 12690, '23:05:00', '23:05:00', 20 );
INSERT INTO "times" VALUES ( 19121, 12700, '23:02:00', '23:02:00', 20 );
INSERT INTO "times" VALUES ( 19121, 12710, '22:56:00', '23:00:00', 20 );
INSERT INTO "times" VALUES ( 19121, 12720, '22:53:00', '22:53:00', 20 );
INSERT INTO "times" VALUES ( 19121, 12730, '22:51:00', '22:51:00', 20 );
INSERT INTO "times" VALUES ( 19121, 12740, '22:49:00', '22:49:00', 20 );
INSERT INTO "times" VALUES ( 19121, 12750, '22:45:00', '22:45:00', 20 );
INSERT INTO "times" VALUES ( 19121, 12760, '22:43:00', '22:43:00', 20 );
INSERT INTO "times" VALUES ( 19121, 12770, NULL, '22:39:00', 20 );

INSERT INTO "dias" VALUES ( 19122, 120, FALSE, TRUE, 'M2202Y', 12510, 12770 );
INSERT INTO "dias_line_groups" VALUES ( 19122, 10 );
INSERT INTO "times" VALUES ( 19122, 12510, NULL, '22:31:00', 20 );
INSERT INTO "times" VALUES ( 19122, 12520, '22:33:00', '22:33:00', 20 );
INSERT INTO "times" VALUES ( 19122, 12530, '22:35:00', '22:35:00', 20 );
INSERT INTO "times" VALUES ( 19122, 12540, '22:37:00', '22:38:00', 20 );
INSERT INTO "times" VALUES ( 19122, 12610, '22:43:00', '22:43:00', 20 );
INSERT INTO "times" VALUES ( 19122, 12660, '22:48:00', '22:48:00', 20 );
INSERT INTO "times" VALUES ( 19122, 12670, '22:50:00', '22:50:00', 20 );
INSERT INTO "times" VALUES ( 19122, 12680, '22:54:00', '22:54:00', 20 );
INSERT INTO "times" VALUES ( 19122, 12690, '22:55:00', '22:55:00', 20 );
INSERT INTO "times" VALUES ( 19122, 12700, '22:58:00', '22:58:00', 20 );
INSERT INTO "times" VALUES ( 19122, 12710, '23:00:00', '23:04:00', 20 );
INSERT INTO "times" VALUES ( 19122, 12720, '23:06:00', '23:06:00', 20 );
INSERT INTO "times" VALUES ( 19122, 12730, '23:08:00', '23:08:00', 20 );
INSERT INTO "times" VALUES ( 19122, 12740, '23:11:00', '23:12:00', 20 );
INSERT INTO "times" VALUES ( 19122, 12750, '23:14:00', '23:14:00', 20 );
INSERT INTO "times" VALUES ( 19122, 12760, '23:17:00', '23:17:00', 20 );
INSERT INTO "times" VALUES ( 19122, 12770, '23:21:00', NULL, NULL );

INSERT INTO "dias" VALUES ( 19123, 120, FALSE, TRUE, 'M2300Y', 12510, 12770 );
INSERT INTO "dias_line_groups" VALUES ( 19123, 10 );
INSERT INTO "times" VALUES ( 19123, 12510, NULL, '23:03:00', 20 );
INSERT INTO "times" VALUES ( 19123, 12520, '23:05:00', '23:05:00', 20 );
INSERT INTO "times" VALUES ( 19123, 12530, '23:07:00', '23:07:00', 20 );
INSERT INTO "times" VALUES ( 19123, 12540, '23:10:00', '23:11:00', 20 );
INSERT INTO "times" VALUES ( 19123, 12610, '23:16:00', '23:16:00', 20 );
INSERT INTO "times" VALUES ( 19123, 12660, '23:20:00', '23:20:00', 20 );
INSERT INTO "times" VALUES ( 19123, 12670, '23:23:00', '23:23:00', 20 );
INSERT INTO "times" VALUES ( 19123, 12680, '23:26:00', '23:26:00', 20 );
INSERT INTO "times" VALUES ( 19123, 12690, '23:28:00', '23:28:00', 20 );
INSERT INTO "times" VALUES ( 19123, 12700, '23:30:00', '23:30:00', 20 );
INSERT INTO "times" VALUES ( 19123, 12710, '23:33:00', '23:33:00', 20 );
INSERT INTO "times" VALUES ( 19123, 12720, '23:34:00', '23:34:00', 20 );
INSERT INTO "times" VALUES ( 19123, 12730, '23:37:00', '23:37:00', 20 );
INSERT INTO "times" VALUES ( 19123, 12740, '23:40:00', '23:40:00', 20 );
INSERT INTO "times" VALUES ( 19123, 12750, '23:43:00', '23:43:00', 20 );
INSERT INTO "times" VALUES ( 19123, 12760, '23:46:00', '23:46:00', 20 );
INSERT INTO "times" VALUES ( 19123, 12770, '23:49:00', NULL, NULL );

INSERT INTO "dias" VALUES ( 19124, 120, FALSE, TRUE, 'M2302Y', 12510, 12770 );
INSERT INTO "dias_line_groups" VALUES ( 19124, 10 );
INSERT INTO "times" VALUES ( 19124, 12510, NULL, '23:44:00', 20 );
INSERT INTO "times" VALUES ( 19124, 12520, '23:45:00', '23:45:00', 20 );
INSERT INTO "times" VALUES ( 19124, 12530, '23:48:00', '23:48:00', 20 );
INSERT INTO "times" VALUES ( 19124, 12540, '23:51:00', '23:51:00', 20 );
INSERT INTO "times" VALUES ( 19124, 12610, '23:56:00', '23:56:00', 20 );
INSERT INTO "times" VALUES ( 19124, 12660, '00:01:00', '00:01:00', 20 );
INSERT INTO "times" VALUES ( 19124, 12670, '00:03:00', '00:03:00', 20 );
INSERT INTO "times" VALUES ( 19124, 12680, '00:06:00', '00:06:00', 20 );
INSERT INTO "times" VALUES ( 19124, 12690, '00:08:00', '00:08:00', 20 );
INSERT INTO "times" VALUES ( 19124, 12700, '00:10:00', '00:10:00', 20 );
INSERT INTO "times" VALUES ( 19124, 12710, '00:12:00', '00:16:00', 20 );
INSERT INTO "times" VALUES ( 19124, 12720, '00:18:00', '00:18:00', 20 );
INSERT INTO "times" VALUES ( 19124, 12730, '00:20:00', '00:20:00', 20 );
INSERT INTO "times" VALUES ( 19124, 12740, '00:24:00', '00:24:00', 20 );
INSERT INTO "times" VALUES ( 19124, 12750, '00:26:00', '00:26:00', 20 );
INSERT INTO "times" VALUES ( 19124, 12760, '00:29:00', '00:29:00', 20 );
INSERT INTO "times" VALUES ( 19124, 12770, '00:33:00', NULL, NULL );

INSERT INTO "dias" VALUES ( 19125, 120, FALSE, TRUE, 'M2304Y', 12510, 12770 );
INSERT INTO "dias_line_groups" VALUES ( 19125, 10 );
INSERT INTO "times" VALUES ( 19125, 12510, NULL, '23:55:00', 20 );
INSERT INTO "times" VALUES ( 19125, 12520, '23:57:00', '23:57:00', 20 );
INSERT INTO "times" VALUES ( 19125, 12530, '23:59:00', '23:59:00', 20 );
INSERT INTO "times" VALUES ( 19125, 12540, '00:02:00', '00:02:00', 20 );
INSERT INTO "times" VALUES ( 19125, 12610, '00:07:00', '00:07:00', 20 );
INSERT INTO "times" VALUES ( 19125, 12660, '00:12:00', '00:12:00', 20 );
INSERT INTO "times" VALUES ( 19125, 12670, '00:14:00', '00:14:00', 20 );
INSERT INTO "times" VALUES ( 19125, 12680, '00:18:00', '00:18:00', 20 );
INSERT INTO "times" VALUES ( 19125, 12690, '00:19:00', '00:19:00', 20 );
INSERT INTO "times" VALUES ( 19125, 12700, '00:22:00', '00:22:00', 20 );
INSERT INTO "times" VALUES ( 19125, 12710, '00:24:00', '00:24:00', 20 );
INSERT INTO "times" VALUES ( 19125, 12720, '00:26:00', '00:26:00', 20 );
INSERT INTO "times" VALUES ( 19125, 12730, '00:28:00', '00:28:00', 20 );
INSERT INTO "times" VALUES ( 19125, 12740, '00:31:00', '00:31:00', 20 );
INSERT INTO "times" VALUES ( 19125, 12750, '00:34:00', '00:34:00', 20 );
INSERT INTO "times" VALUES ( 19125, 12760, '00:37:00', '00:37:00', 20 );
INSERT INTO "times" VALUES ( 19125, 12770, '00:41:00', NULL, NULL );

INSERT INTO "dias" VALUES ( 19126, 120, FALSE, TRUE, 'M2400Y', 12510, 12770 );
INSERT INTO "dias_line_groups" VALUES ( 19126, 10 );
INSERT INTO "times" VALUES ( 19126, 12510, NULL, '00:04:00', 20 );
INSERT INTO "times" VALUES ( 19126, 12520, '00:06:00', '00:06:00', 20 );
INSERT INTO "times" VALUES ( 19126, 12530, '00:08:00', '00:08:00', 20 );
INSERT INTO "times" VALUES ( 19126, 12540, '00:11:00', '00:11:00', 20 );
INSERT INTO "times" VALUES ( 19126, 12610, '00:16:00', '00:16:00', 20 );
INSERT INTO "times" VALUES ( 19126, 12660, '00:21:00', '00:21:00', 20 );
INSERT INTO "times" VALUES ( 19126, 12670, '00:23:00', '00:23:00', 20 );
INSERT INTO "times" VALUES ( 19126, 12680, '00:26:00', '00:26:00', 20 );
INSERT INTO "times" VALUES ( 19126, 12690, '00:28:00', '00:28:00', 20 );
INSERT INTO "times" VALUES ( 19126, 12700, '00:30:00', '00:30:00', 20 );
INSERT INTO "times" VALUES ( 19126, 12710, '00:33:00', '00:33:00', 20 );
INSERT INTO "times" VALUES ( 19126, 12720, '00:35:00', '00:35:00', 20 );
INSERT INTO "times" VALUES ( 19126, 12730, '00:37:00', '00:37:00', 20 );
INSERT INTO "times" VALUES ( 19126, 12740, '00:40:00', '00:40:00', 20 );
INSERT INTO "times" VALUES ( 19126, 12750, '00:43:00', '00:43:00', 20 );
INSERT INTO "times" VALUES ( 19126, 12760, '00:46:00', '00:46:00', 20 );
INSERT INTO "times" VALUES ( 19126, 12770, '00:49:00', NULL, NULL );

INSERT INTO "dias" VALUES ( 19127, 110, FALSE, TRUE, 'P0501B', 12660, 11510 );
INSERT INTO "dias_line_groups" VALUES ( 19127, 10 );
INSERT INTO "times" VALUES ( 19127, 11510, '05:32:00', NULL, NULL );
INSERT INTO "times" VALUES ( 19127, 11520, '05:30:00', '05:30:00', 10 );
INSERT INTO "times" VALUES ( 19127, 11530, '05:28:00', '05:28:00', 10 );
INSERT INTO "times" VALUES ( 19127, 11540, '05:26:00', '05:26:00', 10 );
INSERT INTO "times" VALUES ( 19127, 12530, '05:25:00', '05:25:00', 10 );
INSERT INTO "times" VALUES ( 19127, 12540, '05:21:00', '05:22:00', 20 );
INSERT INTO "times" VALUES ( 19127, 12610, '05:16:00', '05:16:00', 20 );
INSERT INTO "times" VALUES ( 19127, 12620, '05:14:00', '05:14:00', 20 );
INSERT INTO "times" VALUES ( 19127, 12630, '05:12:00', '05:12:00', 20 );
INSERT INTO "times" VALUES ( 19127, 12640, '05:11:00', '05:11:00', 20 );
INSERT INTO "times" VALUES ( 19127, 12650, '05:09:00', '05:09:00', 20 );
INSERT INTO "times" VALUES ( 19127, 12660, NULL, '05:08:00', 20 );

INSERT INTO "dias" VALUES ( 19128, 110, FALSE, TRUE, 'P0503A', 12710, 12510 );
INSERT INTO "dias_line_groups" VALUES ( 19128, 10 );
INSERT INTO "times" VALUES ( 19128, 12510, '05:37:00', NULL, NULL );
INSERT INTO "times" VALUES ( 19128, 12520, '05:35:00', '05:35:00', 20 );
INSERT INTO "times" VALUES ( 19128, 12530, '05:34:00', '05:34:00', 20 );
INSERT INTO "times" VALUES ( 19128, 12540, '05:31:00', '05:31:00', 20 );
INSERT INTO "times" VALUES ( 19128, 12610, '05:26:00', '05:26:00', 20 );
INSERT INTO "times" VALUES ( 19128, 12620, '05:23:00', '05:23:00', 20 );
INSERT INTO "times" VALUES ( 19128, 12630, '05:22:00', '05:22:00', 20 );
INSERT INTO "times" VALUES ( 19128, 12640, '05:20:00', '05:20:00', 20 );
INSERT INTO "times" VALUES ( 19128, 12650, '05:19:00', '05:19:00', 20 );
INSERT INTO "times" VALUES ( 19128, 12660, '05:17:00', '05:17:00', 20 );
INSERT INTO "times" VALUES ( 19128, 12670, '05:14:00', '05:14:00', 20 );
INSERT INTO "times" VALUES ( 19128, 12680, '05:11:00', '05:11:00', 20 );
INSERT INTO "times" VALUES ( 19128, 12690, '05:09:00', '05:09:00', 20 );
INSERT INTO "times" VALUES ( 19128, 12700, '05:07:00', '05:07:00', 20 );
INSERT INTO "times" VALUES ( 19128, 12710, NULL, '05:05:00', 20 );

INSERT INTO "dias" VALUES ( 19129, 110, FALSE, TRUE, 'P0505A', 12660, 12510 );
INSERT INTO "dias_line_groups" VALUES ( 19129, 10 );
INSERT INTO "times" VALUES ( 19129, 12510, '06:10:00', NULL, NULL );
INSERT INTO "times" VALUES ( 19129, 12520, '06:08:00', '06:08:00', 20 );
INSERT INTO "times" VALUES ( 19129, 12530, '06:06:00', '06:06:00', 20 );
INSERT INTO "times" VALUES ( 19129, 12540, '06:03:00', '06:03:00', 20 );
INSERT INTO "times" VALUES ( 19129, 12610, '05:58:00', '05:58:00', 20 );
INSERT INTO "times" VALUES ( 19129, 12620, '05:55:00', '05:55:00', 20 );
INSERT INTO "times" VALUES ( 19129, 12630, '05:53:00', '05:53:00', 20 );
INSERT INTO "times" VALUES ( 19129, 12640, '05:52:00', '05:52:00', 20 );
INSERT INTO "times" VALUES ( 19129, 12650, '05:50:00', '05:50:00', 20 );
INSERT INTO "times" VALUES ( 19129, 12660, NULL, '05:48:00', 20 );

INSERT INTO "dias" VALUES ( 19130, 110, FALSE, TRUE, 'P0601A', 12740, 12510 );
INSERT INTO "dias_line_groups" VALUES ( 19130, 10 );
INSERT INTO "times" VALUES ( 19130, 12510, '07:08:00', NULL, NULL );
INSERT INTO "times" VALUES ( 19130, 12520, '07:06:00', '07:06:00', 20 );
INSERT INTO "times" VALUES ( 19130, 12530, '07:04:00', '07:04:00', 20 );
INSERT INTO "times" VALUES ( 19130, 12540, '07:01:00', '07:01:00', 20 );
INSERT INTO "times" VALUES ( 19130, 12610, '06:56:00', '06:56:00', 20 );
INSERT INTO "times" VALUES ( 19130, 12620, '06:53:00', '06:53:00', 20 );
INSERT INTO "times" VALUES ( 19130, 12630, '06:52:00', '06:52:00', 20 );
INSERT INTO "times" VALUES ( 19130, 12640, '06:50:00', '06:50:00', 20 );
INSERT INTO "times" VALUES ( 19130, 12650, '06:48:00', '06:48:00', 20 );
INSERT INTO "times" VALUES ( 19130, 12660, '06:47:00', '06:47:00', 20 );
INSERT INTO "times" VALUES ( 19130, 12670, '06:43:00', '06:43:00', 20 );
INSERT INTO "times" VALUES ( 19130, 12680, '06:40:00', '06:40:00', 20 );
INSERT INTO "times" VALUES ( 19130, 12690, '06:38:00', '06:38:00', 20 );
INSERT INTO "times" VALUES ( 19130, 12700, '06:35:00', '06:35:00', 20 );
INSERT INTO "times" VALUES ( 19130, 12710, '06:34:00', '06:34:00', 20 );
INSERT INTO "times" VALUES ( 19130, 12720, '06:31:00', '06:31:00', 20 );
INSERT INTO "times" VALUES ( 19130, 12730, '06:28:00', '06:28:00', 20 );
INSERT INTO "times" VALUES ( 19130, 12740, NULL, '06:25:00', 20 );

INSERT INTO "dias" VALUES ( 19131, 110, FALSE, TRUE, 'P0701A', 12660, 12510 );
INSERT INTO "dias_line_groups" VALUES ( 19131, 10 );
INSERT INTO "times" VALUES ( 19131, 12510, '08:07:00', NULL, NULL );
INSERT INTO "times" VALUES ( 19131, 12520, '08:05:00', '08:05:00', 20 );
INSERT INTO "times" VALUES ( 19131, 12530, '08:03:00', '08:03:00', 20 );
INSERT INTO "times" VALUES ( 19131, 12540, '08:00:00', '08:00:00', 20 );
INSERT INTO "times" VALUES ( 19131, 12610, '07:53:00', '07:54:00', 20 );
INSERT INTO "times" VALUES ( 19131, 12620, '07:51:00', '07:51:00', 20 );
INSERT INTO "times" VALUES ( 19131, 12630, '07:50:00', '07:50:00', 20 );
INSERT INTO "times" VALUES ( 19131, 12640, '07:48:00', '07:48:00', 20 );
INSERT INTO "times" VALUES ( 19131, 12650, '07:46:00', '07:46:00', 20 );
INSERT INTO "times" VALUES ( 19131, 12660, NULL, '07:45:00', 20 );

INSERT INTO "dias" VALUES ( 19132, 110, FALSE, TRUE, 'P0800N', 12510, 12660 );
INSERT INTO "dias_line_groups" VALUES ( 19132, 10 );
INSERT INTO "times" VALUES ( 19132, 12510, NULL, '08:05:00', 20 );
INSERT INTO "times" VALUES ( 19132, 12520, '08:06:00', '08:06:00', 20 );
INSERT INTO "times" VALUES ( 19132, 12530, '08:08:00', '08:08:00', 20 );
INSERT INTO "times" VALUES ( 19132, 12540, '08:12:00', '08:12:00', 20 );
INSERT INTO "times" VALUES ( 19132, 12610, '08:17:00', '08:19:00', 20 );
INSERT INTO "times" VALUES ( 19132, 12620, '08:20:00', '08:20:00', 20 );
INSERT INTO "times" VALUES ( 19132, 12630, '08:22:00', '08:22:00', 20 );
INSERT INTO "times" VALUES ( 19132, 12640, '08:23:00', '08:23:00', 20 );
INSERT INTO "times" VALUES ( 19132, 12650, '08:25:00', '08:25:00', 20 );
INSERT INTO "times" VALUES ( 19132, 12660, '08:27:00', NULL, NULL );

INSERT INTO "dias" VALUES ( 19133, 110, FALSE, TRUE, 'P0802N', 12510, 12660 );
INSERT INTO "dias_line_groups" VALUES ( 19133, 10 );
INSERT INTO "times" VALUES ( 19133, 12510, NULL, '08:25:00', 20 );
INSERT INTO "times" VALUES ( 19133, 12520, '08:26:00', '08:26:00', 20 );
INSERT INTO "times" VALUES ( 19133, 12530, '08:28:00', '08:28:00', 20 );
INSERT INTO "times" VALUES ( 19133, 12540, '08:31:00', '08:32:00', 20 );
INSERT INTO "times" VALUES ( 19133, 12610, '08:38:00', '08:39:00', 20 );
INSERT INTO "times" VALUES ( 19133, 12620, '08:40:00', '08:40:00', 20 );
INSERT INTO "times" VALUES ( 19133, 12630, '08:42:00', '08:42:00', 20 );
INSERT INTO "times" VALUES ( 19133, 12640, '08:43:00', '08:43:00', 20 );
INSERT INTO "times" VALUES ( 19133, 12650, '08:45:00', '08:45:00', 20 );
INSERT INTO "times" VALUES ( 19133, 12660, '08:47:00', NULL, NULL );

INSERT INTO "dias" VALUES ( 19134, 110, FALSE, TRUE, 'P0804N', 12510, 12660 );
INSERT INTO "dias_line_groups" VALUES ( 19134, 10 );
INSERT INTO "times" VALUES ( 19134, 12510, NULL, '08:57:00', 20 );
INSERT INTO "times" VALUES ( 19134, 12520, '08:58:00', '08:58:00', 20 );
INSERT INTO "times" VALUES ( 19134, 12530, '09:00:00', '09:00:00', 20 );
INSERT INTO "times" VALUES ( 19134, 12540, '09:03:00', '09:03:00', 20 );
INSERT INTO "times" VALUES ( 19134, 12610, '09:09:00', '09:09:00', 20 );
INSERT INTO "times" VALUES ( 19134, 12620, '09:10:00', '09:10:00', 20 );
INSERT INTO "times" VALUES ( 19134, 12630, '09:12:00', '09:12:00', 20 );
INSERT INTO "times" VALUES ( 19134, 12640, '09:14:00', '09:14:00', 20 );
INSERT INTO "times" VALUES ( 19134, 12650, '09:15:00', '09:15:00', 20 );
INSERT INTO "times" VALUES ( 19134, 12660, '09:17:00', NULL, NULL );

INSERT INTO "dias" VALUES ( 19135, 110, FALSE, TRUE, 'P0900N', 12510, 12660 );
INSERT INTO "dias_line_groups" VALUES ( 19135, 10 );
INSERT INTO "times" VALUES ( 19135, 12510, NULL, '09:17:00', 20 );
INSERT INTO "times" VALUES ( 19135, 12520, '09:18:00', '09:18:00', 20 );
INSERT INTO "times" VALUES ( 19135, 12530, '09:20:00', '09:20:00', 20 );
INSERT INTO "times" VALUES ( 19135, 12540, '09:24:00', '09:24:00', 20 );
INSERT INTO "times" VALUES ( 19135, 12610, '09:29:00', '09:30:00', 20 );
INSERT INTO "times" VALUES ( 19135, 12620, '09:31:00', '09:31:00', 20 );
INSERT INTO "times" VALUES ( 19135, 12630, '09:33:00', '09:33:00', 20 );
INSERT INTO "times" VALUES ( 19135, 12640, '09:35:00', '09:35:00', 20 );
INSERT INTO "times" VALUES ( 19135, 12650, '09:36:00', '09:36:00', 20 );
INSERT INTO "times" VALUES ( 19135, 12660, '09:38:00', NULL, NULL );

INSERT INTO "dias" VALUES ( 19136, 110, FALSE, TRUE, 'P0901A', 12660, 12510 );
INSERT INTO "dias_line_groups" VALUES ( 19136, 10 );
INSERT INTO "times" VALUES ( 19136, 12510, '09:34:00', NULL, NULL );
INSERT INTO "times" VALUES ( 19136, 12520, '09:32:00', '09:32:00', 20 );
INSERT INTO "times" VALUES ( 19136, 12530, '09:31:00', '09:31:00', 20 );
INSERT INTO "times" VALUES ( 19136, 12540, '09:28:00', '09:28:00', 20 );
INSERT INTO "times" VALUES ( 19136, 12610, '09:22:00', '09:22:00', 20 );
INSERT INTO "times" VALUES ( 19136, 12620, '09:19:00', '09:19:00', 20 );
INSERT INTO "times" VALUES ( 19136, 12630, '09:18:00', '09:18:00', 20 );
INSERT INTO "times" VALUES ( 19136, 12640, '09:16:00', '09:16:00', 20 );
INSERT INTO "times" VALUES ( 19136, 12650, '09:14:00', '09:14:00', 20 );
INSERT INTO "times" VALUES ( 19136, 12660, NULL, '09:13:00', 20 );

INSERT INTO "dias" VALUES ( 19137, 110, FALSE, TRUE, 'P0902N', 12510, 12660 );
INSERT INTO "dias_line_groups" VALUES ( 19137, 10 );
INSERT INTO "times" VALUES ( 19137, 12510, NULL, '09:37:00', 20 );
INSERT INTO "times" VALUES ( 19137, 12520, '09:39:00', '09:39:00', 20 );
INSERT INTO "times" VALUES ( 19137, 12530, '09:41:00', '09:41:00', 20 );
INSERT INTO "times" VALUES ( 19137, 12540, '09:44:00', '09:44:00', 20 );
INSERT INTO "times" VALUES ( 19137, 12610, '09:50:00', '09:50:00', 20 );
INSERT INTO "times" VALUES ( 19137, 12620, '09:51:00', '09:51:00', 20 );
INSERT INTO "times" VALUES ( 19137, 12630, '09:53:00', '09:53:00', 20 );
INSERT INTO "times" VALUES ( 19137, 12640, '09:54:00', '09:54:00', 20 );
INSERT INTO "times" VALUES ( 19137, 12650, '09:56:00', '09:56:00', 20 );
INSERT INTO "times" VALUES ( 19137, 12660, '09:58:00', NULL, NULL );

INSERT INTO "dias" VALUES ( 19138, 110, FALSE, TRUE, 'P0903A', 12660, 12510 );
INSERT INTO "dias_line_groups" VALUES ( 19138, 10 );
INSERT INTO "times" VALUES ( 19138, 12510, '10:04:00', NULL, NULL );
INSERT INTO "times" VALUES ( 19138, 12520, '10:02:00', '10:02:00', 20 );
INSERT INTO "times" VALUES ( 19138, 12530, '10:01:00', '10:01:00', 20 );
INSERT INTO "times" VALUES ( 19138, 12540, '09:58:00', '09:58:00', 20 );
INSERT INTO "times" VALUES ( 19138, 12610, '09:52:00', '09:52:00', 20 );
INSERT INTO "times" VALUES ( 19138, 12620, '09:49:00', '09:49:00', 20 );
INSERT INTO "times" VALUES ( 19138, 12630, '09:48:00', '09:48:00', 20 );
INSERT INTO "times" VALUES ( 19138, 12640, '09:46:00', '09:46:00', 20 );
INSERT INTO "times" VALUES ( 19138, 12650, '09:44:00', '09:44:00', 20 );
INSERT INTO "times" VALUES ( 19138, 12660, NULL, '09:43:00', 20 );

INSERT INTO "dias" VALUES ( 19139, 110, FALSE, TRUE, 'P1000N', 12510, 12660 );
INSERT INTO "dias_line_groups" VALUES ( 19139, 10 );
INSERT INTO "times" VALUES ( 19139, 12510, NULL, '10:07:00', 20 );
INSERT INTO "times" VALUES ( 19139, 12520, '10:09:00', '10:09:00', 20 );
INSERT INTO "times" VALUES ( 19139, 12530, '10:11:00', '10:11:00', 20 );
INSERT INTO "times" VALUES ( 19139, 12540, '10:14:00', '10:14:00', 20 );
INSERT INTO "times" VALUES ( 19139, 12610, '10:20:00', '10:20:00', 20 );
INSERT INTO "times" VALUES ( 19139, 12620, '10:21:00', '10:21:00', 20 );
INSERT INTO "times" VALUES ( 19139, 12630, '10:23:00', '10:23:00', 20 );
INSERT INTO "times" VALUES ( 19139, 12640, '10:24:00', '10:24:00', 20 );
INSERT INTO "times" VALUES ( 19139, 12650, '10:26:00', '10:26:00', 20 );
INSERT INTO "times" VALUES ( 19139, 12660, '10:28:00', NULL, NULL );

INSERT INTO "dias" VALUES ( 19140, 110, FALSE, TRUE, 'P1600N', 12510, 12660 );
INSERT INTO "dias_line_groups" VALUES ( 19140, 10 );
INSERT INTO "times" VALUES ( 19140, 12510, NULL, '16:37:00', 20 );
INSERT INTO "times" VALUES ( 19140, 12520, '16:38:00', '16:38:00', 20 );
INSERT INTO "times" VALUES ( 19140, 12530, '16:40:00', '16:40:00', 20 );
INSERT INTO "times" VALUES ( 19140, 12540, '16:44:00', '16:44:00', 20 );
INSERT INTO "times" VALUES ( 19140, 12610, '16:49:00', '16:50:00', 20 );
INSERT INTO "times" VALUES ( 19140, 12620, '16:51:00', '16:51:00', 20 );
INSERT INTO "times" VALUES ( 19140, 12630, '16:53:00', '16:53:00', 20 );
INSERT INTO "times" VALUES ( 19140, 12640, '16:54:00', '16:54:00', 20 );
INSERT INTO "times" VALUES ( 19140, 12650, '16:56:00', '16:56:00', 20 );
INSERT INTO "times" VALUES ( 19140, 12660, '16:58:00', NULL, NULL );

INSERT INTO "dias" VALUES ( 19141, 110, FALSE, TRUE, 'P1700N', 12510, 12660 );
INSERT INTO "dias_line_groups" VALUES ( 19141, 10 );
INSERT INTO "times" VALUES ( 19141, 12510, NULL, '17:07:00', 20 );
INSERT INTO "times" VALUES ( 19141, 12520, '17:08:00', '17:08:00', 20 );
INSERT INTO "times" VALUES ( 19141, 12530, '17:10:00', '17:10:00', 20 );
INSERT INTO "times" VALUES ( 19141, 12540, '17:14:00', '17:14:00', 20 );
INSERT INTO "times" VALUES ( 19141, 12610, '17:19:00', '17:20:00', 20 );
INSERT INTO "times" VALUES ( 19141, 12620, '17:21:00', '17:21:00', 20 );
INSERT INTO "times" VALUES ( 19141, 12630, '17:23:00', '17:23:00', 20 );
INSERT INTO "times" VALUES ( 19141, 12640, '17:24:00', '17:24:00', 20 );
INSERT INTO "times" VALUES ( 19141, 12650, '17:26:00', '17:26:00', 20 );
INSERT INTO "times" VALUES ( 19141, 12660, '17:28:00', NULL, NULL );

INSERT INTO "dias" VALUES ( 19142, 110, FALSE, TRUE, 'P1702N', 12510, 12660 );
INSERT INTO "dias_line_groups" VALUES ( 19142, 10 );
INSERT INTO "times" VALUES ( 19142, 12510, NULL, '17:39:00', 20 );
INSERT INTO "times" VALUES ( 19142, 12520, '17:40:00', '17:40:00', 20 );
INSERT INTO "times" VALUES ( 19142, 12530, '17:42:00', '17:42:00', 20 );
INSERT INTO "times" VALUES ( 19142, 12540, '17:46:00', '17:46:00', 20 );
INSERT INTO "times" VALUES ( 19142, 12610, '17:51:00', '17:51:00', 20 );
INSERT INTO "times" VALUES ( 19142, 12620, '17:53:00', '17:53:00', 20 );
INSERT INTO "times" VALUES ( 19142, 12630, '17:54:00', '17:54:00', 20 );
INSERT INTO "times" VALUES ( 19142, 12640, '17:56:00', '17:56:00', 20 );
INSERT INTO "times" VALUES ( 19142, 12650, '17:58:00', '17:58:00', 20 );
INSERT INTO "times" VALUES ( 19142, 12660, '17:59:00', NULL, NULL );

INSERT INTO "dias" VALUES ( 19143, 110, FALSE, TRUE, 'P1800N', 12510, 12660 );
INSERT INTO "dias_line_groups" VALUES ( 19143, 10 );
INSERT INTO "times" VALUES ( 19143, 12510, NULL, '18:07:00', 20 );
INSERT INTO "times" VALUES ( 19143, 12520, '18:08:00', '18:08:00', 20 );
INSERT INTO "times" VALUES ( 19143, 12530, '18:10:00', '18:10:00', 20 );
INSERT INTO "times" VALUES ( 19143, 12540, '18:14:00', '18:14:00', 20 );
INSERT INTO "times" VALUES ( 19143, 12610, '18:19:00', '18:20:00', 20 );
INSERT INTO "times" VALUES ( 19143, 12620, '18:21:00', '18:21:00', 20 );
INSERT INTO "times" VALUES ( 19143, 12630, '18:23:00', '18:23:00', 20 );
INSERT INTO "times" VALUES ( 19143, 12640, '18:24:00', '18:24:00', 20 );
INSERT INTO "times" VALUES ( 19143, 12650, '18:26:00', '18:26:00', 20 );
INSERT INTO "times" VALUES ( 19143, 12660, '18:28:00', NULL, NULL );

INSERT INTO "dias" VALUES ( 19144, 110, FALSE, TRUE, 'P1802N', 12510, 12660 );
INSERT INTO "dias_line_groups" VALUES ( 19144, 10 );
INSERT INTO "times" VALUES ( 19144, 12510, NULL, '18:37:00', 20 );
INSERT INTO "times" VALUES ( 19144, 12520, '18:38:00', '18:38:00', 20 );
INSERT INTO "times" VALUES ( 19144, 12530, '18:40:00', '18:40:00', 20 );
INSERT INTO "times" VALUES ( 19144, 12540, '18:44:00', '18:44:00', 20 );
INSERT INTO "times" VALUES ( 19144, 12610, '18:49:00', '18:50:00', 20 );
INSERT INTO "times" VALUES ( 19144, 12620, '18:51:00', '18:51:00', 20 );
INSERT INTO "times" VALUES ( 19144, 12630, '18:53:00', '18:53:00', 20 );
INSERT INTO "times" VALUES ( 19144, 12640, '18:54:00', '18:54:00', 20 );
INSERT INTO "times" VALUES ( 19144, 12650, '18:56:00', '18:56:00', 20 );
INSERT INTO "times" VALUES ( 19144, 12660, '18:58:00', NULL, NULL );

INSERT INTO "dias" VALUES ( 19145, 110, FALSE, TRUE, 'P2300H', 11510, 12710 );
INSERT INTO "dias_line_groups" VALUES ( 19145, 10 );
INSERT INTO "times" VALUES ( 19145, 11510, NULL, '23:13:00', 10 );
INSERT INTO "times" VALUES ( 19145, 11520, '23:14:00', '23:14:00', 10 );
INSERT INTO "times" VALUES ( 19145, 11530, '23:16:00', '23:16:00', 10 );
INSERT INTO "times" VALUES ( 19145, 11540, '23:18:00', '23:18:00', 10 );
INSERT INTO "times" VALUES ( 19145, 12530, '23:20:00', '23:20:00', 20 );
INSERT INTO "times" VALUES ( 19145, 12540, '23:23:00', '23:23:00', 20 );
INSERT INTO "times" VALUES ( 19145, 12610, '23:28:00', '23:29:00', 20 );
INSERT INTO "times" VALUES ( 19145, 12620, '23:30:00', '23:30:00', 20 );
INSERT INTO "times" VALUES ( 19145, 12630, '23:32:00', '23:32:00', 20 );
INSERT INTO "times" VALUES ( 19145, 12640, '23:33:00', '23:33:00', 20 );
INSERT INTO "times" VALUES ( 19145, 12650, '23:35:00', '23:35:00', 20 );
INSERT INTO "times" VALUES ( 19145, 12660, '23:38:00', '23:38:00', 20 );
INSERT INTO "times" VALUES ( 19145, 12670, '23:40:00', '23:40:00', 20 );
INSERT INTO "times" VALUES ( 19145, 12680, '23:44:00', '23:44:00', 20 );
INSERT INTO "times" VALUES ( 19145, 12690, '23:46:00', '23:46:00', 20 );
INSERT INTO "times" VALUES ( 19145, 12700, '23:48:00', '23:48:00', 20 );
INSERT INTO "times" VALUES ( 19145, 12710, '23:50:00', NULL, NULL );

INSERT INTO "dias" VALUES ( 19146, 110, FALSE, TRUE, 'P2302N', 12510, 12660 );
INSERT INTO "dias_line_groups" VALUES ( 19146, 10 );
INSERT INTO "times" VALUES ( 19146, 12510, NULL, '23:25:00', 20 );
INSERT INTO "times" VALUES ( 19146, 12520, '23:26:00', '23:26:00', 20 );
INSERT INTO "times" VALUES ( 19146, 12530, '23:28:00', '23:28:00', 20 );
INSERT INTO "times" VALUES ( 19146, 12540, '23:32:00', '23:32:00', 20 );
INSERT INTO "times" VALUES ( 19146, 12610, '23:37:00', '23:37:00', 20 );
INSERT INTO "times" VALUES ( 19146, 12620, '23:39:00', '23:39:00', 20 );
INSERT INTO "times" VALUES ( 19146, 12630, '23:40:00', '23:40:00', 20 );
INSERT INTO "times" VALUES ( 19146, 12640, '23:42:00', '23:42:00', 20 );
INSERT INTO "times" VALUES ( 19146, 12650, '23:44:00', '23:44:00', 20 );
INSERT INTO "times" VALUES ( 19146, 12660, '23:46:00', NULL, NULL );

INSERT INTO "dias" VALUES ( 19147, 100, FALSE, TRUE, 'Q0500Z', 12670, 13520 );
INSERT INTO "dias_line_groups" VALUES ( 19147, 10 );
INSERT INTO "times" VALUES ( 19147, 12670, NULL, '05:01:00', 20 );
INSERT INTO "times" VALUES ( 19147, 12680, '05:05:00', '05:05:00', 20 );
INSERT INTO "times" VALUES ( 19147, 12690, '05:06:00', '05:06:00', 20 );
INSERT INTO "times" VALUES ( 19147, 12700, '05:09:00', '05:09:00', 20 );
INSERT INTO "times" VALUES ( 19147, 12710, '05:11:00', '05:11:00', 20 );
INSERT INTO "times" VALUES ( 19147, 12720, '05:13:00', '05:13:00', 20 );
INSERT INTO "times" VALUES ( 19147, 12730, '05:15:00', '05:15:00', 20 );
INSERT INTO "times" VALUES ( 19147, 12740, '05:18:00', '05:18:00', 20 );
INSERT INTO "times" VALUES ( 19147, 12750, '05:21:00', '05:21:00', 20 );
INSERT INTO "times" VALUES ( 19147, 12760, '05:24:00', '05:24:00', 20 );
INSERT INTO "times" VALUES ( 19147, 12770, '05:28:00', '05:28:00', 20 );
INSERT INTO "times" VALUES ( 19147, 12780, '05:33:00', '05:33:00', 20 );
INSERT INTO "times" VALUES ( 19147, 12790, '05:34:00', '05:34:00', 20 );
INSERT INTO "times" VALUES ( 19147, 12800, '05:36:00', '05:36:00', 20 );
INSERT INTO "times" VALUES ( 19147, 12810, '05:37:00', '05:37:00', 20 );
INSERT INTO "times" VALUES ( 19147, 12820, '05:39:00', '05:39:00', 20 );
INSERT INTO "times" VALUES ( 19147, 12830, '05:41:00', '05:41:00', 20 );
INSERT INTO "times" VALUES ( 19147, 12840, '05:42:00', '05:42:00', 20 );
INSERT INTO "times" VALUES ( 19147, 12850, '05:44:00', '05:44:00', 20 );
INSERT INTO "times" VALUES ( 19147, 12860, '05:45:00', '05:45:00', 20 );
INSERT INTO "times" VALUES ( 19147, 12870, '05:47:00', '05:47:00', 20 );
INSERT INTO "times" VALUES ( 19147, 12880, '05:49:00', '05:49:00', 20 );
INSERT INTO "times" VALUES ( 19147, 12890, '05:51:00', '05:51:00', 20 );
INSERT INTO "times" VALUES ( 19147, 12900, '05:53:00', '05:53:00', 20 );
INSERT INTO "times" VALUES ( 19147, 13510, '05:54:00', '05:54:00', 30 );
INSERT INTO "times" VALUES ( 19147, 13520, '05:57:00', NULL, NULL );

INSERT INTO "dias" VALUES ( 19148, 100, FALSE, TRUE, 'Q0501B', 13520, 11510 );
INSERT INTO "dias_line_groups" VALUES ( 19148, 10 );
INSERT INTO "times" VALUES ( 19148, 11510, '07:01:00', NULL, NULL );
INSERT INTO "times" VALUES ( 19148, 11520, '06:58:00', '06:58:00', 10 );
INSERT INTO "times" VALUES ( 19148, 11530, '06:57:00', '06:57:00', 10 );
INSERT INTO "times" VALUES ( 19148, 11540, '06:55:00', '06:55:00', 10 );
INSERT INTO "times" VALUES ( 19148, 12530, '06:53:00', '06:53:00', 10 );
INSERT INTO "times" VALUES ( 19148, 12540, '06:47:00', '06:51:00', 20 );
INSERT INTO "times" VALUES ( 19148, 12550, '06:45:00', '06:45:00', 20 );
INSERT INTO "times" VALUES ( 19148, 12560, '06:43:00', '06:43:00', 20 );
INSERT INTO "times" VALUES ( 19148, 12570, '06:42:00', '06:42:00', 20 );
INSERT INTO "times" VALUES ( 19148, 12580, '06:40:00', '06:40:00', 20 );
INSERT INTO "times" VALUES ( 19148, 12590, '06:39:00', '06:39:00', 20 );
INSERT INTO "times" VALUES ( 19148, 12600, '06:38:00', '06:38:00', 20 );
INSERT INTO "times" VALUES ( 19148, 12610, '06:34:00', '06:37:00', 20 );
INSERT INTO "times" VALUES ( 19148, 12620, '06:32:00', '06:32:00', 20 );
INSERT INTO "times" VALUES ( 19148, 12630, '06:30:00', '06:30:00', 20 );
INSERT INTO "times" VALUES ( 19148, 12640, '06:29:00', '06:29:00', 20 );
INSERT INTO "times" VALUES ( 19148, 12650, '06:27:00', '06:27:00', 20 );
INSERT INTO "times" VALUES ( 19148, 12660, '06:24:00', '06:25:00', 20 );
INSERT INTO "times" VALUES ( 19148, 12670, '06:22:00', '06:22:00', 20 );
INSERT INTO "times" VALUES ( 19148, 12680, '06:14:00', '06:19:00', 20 );
INSERT INTO "times" VALUES ( 19148, 12690, '06:12:00', '06:12:00', 20 );
INSERT INTO "times" VALUES ( 19148, 12700, '06:10:00', '06:10:00', 20 );
INSERT INTO "times" VALUES ( 19148, 12710, '06:08:00', '06:08:00', 20 );
INSERT INTO "times" VALUES ( 19148, 12720, '06:05:00', '06:05:00', 20 );
INSERT INTO "times" VALUES ( 19148, 12730, '06:03:00', '06:03:00', 20 );
INSERT INTO "times" VALUES ( 19148, 12740, '06:01:00', '06:01:00', 20 );
INSERT INTO "times" VALUES ( 19148, 12750, '05:57:00', '05:57:00', 20 );
INSERT INTO "times" VALUES ( 19148, 12760, '05:55:00', '05:55:00', 20 );
INSERT INTO "times" VALUES ( 19148, 12770, '05:51:00', '05:51:00', 20 );
INSERT INTO "times" VALUES ( 19148, 12780, '05:46:00', '05:46:00', 20 );
INSERT INTO "times" VALUES ( 19148, 12790, '05:44:00', '05:44:00', 20 );
INSERT INTO "times" VALUES ( 19148, 12800, '05:43:00', '05:43:00', 20 );
INSERT INTO "times" VALUES ( 19148, 12810, '05:41:00', '05:41:00', 20 );
INSERT INTO "times" VALUES ( 19148, 12820, '05:39:00', '05:39:00', 20 );
INSERT INTO "times" VALUES ( 19148, 12830, '05:38:00', '05:38:00', 20 );
INSERT INTO "times" VALUES ( 19148, 12840, '05:36:00', '05:36:00', 20 );
INSERT INTO "times" VALUES ( 19148, 12850, '05:34:00', '05:34:00', 20 );
INSERT INTO "times" VALUES ( 19148, 12860, '05:32:00', '05:32:00', 20 );
INSERT INTO "times" VALUES ( 19148, 12870, '05:31:00', '05:31:00', 20 );
INSERT INTO "times" VALUES ( 19148, 12880, '05:29:00', '05:29:00', 20 );
INSERT INTO "times" VALUES ( 19148, 12890, '05:27:00', '05:27:00', 20 );
INSERT INTO "times" VALUES ( 19148, 12900, '05:26:00', '05:26:00', 20 );
INSERT INTO "times" VALUES ( 19148, 13510, '05:24:00', '05:24:00', 30 );
INSERT INTO "times" VALUES ( 19148, 13520, NULL, '05:22:00', 30 );

INSERT INTO "dias" VALUES ( 19149, 100, FALSE, TRUE, 'Q0502Z', 12510, 13520 );
INSERT INTO "dias_line_groups" VALUES ( 19149, 10 );
INSERT INTO "times" VALUES ( 19149, 12510, NULL, '05:04:00', 20 );
INSERT INTO "times" VALUES ( 19149, 12520, '05:05:00', '05:05:00', 20 );
INSERT INTO "times" VALUES ( 19149, 12530, '05:07:00', '05:07:00', 20 );
INSERT INTO "times" VALUES ( 19149, 12540, '05:10:00', '05:10:00', 20 );
INSERT INTO "times" VALUES ( 19149, 12550, '05:12:00', '05:12:00', 20 );
INSERT INTO "times" VALUES ( 19149, 12560, '05:14:00', '05:14:00', 20 );
INSERT INTO "times" VALUES ( 19149, 12570, '05:15:00', '05:15:00', 20 );
INSERT INTO "times" VALUES ( 19149, 12580, '05:17:00', '05:17:00', 20 );
INSERT INTO "times" VALUES ( 19149, 12590, '05:18:00', '05:18:00', 20 );
INSERT INTO "times" VALUES ( 19149, 12600, '05:19:00', '05:19:00', 20 );
INSERT INTO "times" VALUES ( 19149, 12610, '05:21:00', '05:21:00', 20 );
INSERT INTO "times" VALUES ( 19149, 12620, '05:22:00', '05:22:00', 20 );
INSERT INTO "times" VALUES ( 19149, 12630, '05:24:00', '05:24:00', 20 );
INSERT INTO "times" VALUES ( 19149, 12640, '05:25:00', '05:25:00', 20 );
INSERT INTO "times" VALUES ( 19149, 12650, '05:27:00', '05:27:00', 20 );
INSERT INTO "times" VALUES ( 19149, 12660, '05:29:00', '05:29:00', 20 );
INSERT INTO "times" VALUES ( 19149, 12670, '05:32:00', '05:32:00', 20 );
INSERT INTO "times" VALUES ( 19149, 12680, '05:35:00', '05:35:00', 20 );
INSERT INTO "times" VALUES ( 19149, 12690, '05:37:00', '05:37:00', 20 );
INSERT INTO "times" VALUES ( 19149, 12700, '05:39:00', '05:39:00', 20 );
INSERT INTO "times" VALUES ( 19149, 12710, '05:41:00', '05:41:00', 20 );
INSERT INTO "times" VALUES ( 19149, 12720, '05:43:00', '05:43:00', 20 );
INSERT INTO "times" VALUES ( 19149, 12730, '05:45:00', '05:45:00', 20 );
INSERT INTO "times" VALUES ( 19149, 12740, '05:48:00', '05:52:00', 20 );
INSERT INTO "times" VALUES ( 19149, 12750, '05:55:00', '05:55:00', 20 );
INSERT INTO "times" VALUES ( 19149, 12760, '05:58:00', '05:58:00', 20 );
INSERT INTO "times" VALUES ( 19149, 12770, '06:02:00', '06:02:00', 20 );
INSERT INTO "times" VALUES ( 19149, 12780, '06:07:00', '06:07:00', 20 );
INSERT INTO "times" VALUES ( 19149, 12790, '06:08:00', '06:08:00', 20 );
INSERT INTO "times" VALUES ( 19149, 12800, '06:10:00', '06:10:00', 20 );
INSERT INTO "times" VALUES ( 19149, 12810, '06:11:00', '06:11:00', 20 );
INSERT INTO "times" VALUES ( 19149, 12820, '06:13:00', '06:13:00', 20 );
INSERT INTO "times" VALUES ( 19149, 12830, '06:15:00', '06:15:00', 20 );
INSERT INTO "times" VALUES ( 19149, 12840, '06:16:00', '06:16:00', 20 );
INSERT INTO "times" VALUES ( 19149, 12850, '06:18:00', '06:18:00', 20 );
INSERT INTO "times" VALUES ( 19149, 12860, '06:19:00', '06:19:00', 20 );
INSERT INTO "times" VALUES ( 19149, 12870, '06:21:00', '06:21:00', 20 );
INSERT INTO "times" VALUES ( 19149, 12880, '06:23:00', '06:23:00', 20 );
INSERT INTO "times" VALUES ( 19149, 12890, '06:25:00', '06:25:00', 20 );
INSERT INTO "times" VALUES ( 19149, 12900, '06:27:00', '06:27:00', 20 );
INSERT INTO "times" VALUES ( 19149, 13510, '06:28:00', '06:28:00', 30 );
INSERT INTO "times" VALUES ( 19149, 13520, '06:31:00', NULL, NULL );

INSERT INTO "dias" VALUES ( 19150, 100, FALSE, TRUE, 'Q0503B', 13520, 11510 );
INSERT INTO "dias_line_groups" VALUES ( 19150, 10 );
INSERT INTO "times" VALUES ( 19150, 11510, '07:18:00', NULL, NULL );
INSERT INTO "times" VALUES ( 19150, 11520, '07:16:00', '07:16:00', 10 );
INSERT INTO "times" VALUES ( 19150, 11530, '07:14:00', '07:14:00', 10 );
INSERT INTO "times" VALUES ( 19150, 11540, '07:12:00', '07:12:00', 10 );
INSERT INTO "times" VALUES ( 19150, 12530, '07:11:00', '07:11:00', 10 );
INSERT INTO "times" VALUES ( 19150, 12540, '07:04:00', '07:08:00', 20 );
INSERT INTO "times" VALUES ( 19150, 12550, '07:01:00', '07:01:00', 20 );
INSERT INTO "times" VALUES ( 19150, 12560, '07:00:00', '07:00:00', 20 );
INSERT INTO "times" VALUES ( 19150, 12570, '06:58:00', '06:58:00', 20 );
INSERT INTO "times" VALUES ( 19150, 12580, '06:57:00', '06:57:00', 20 );
INSERT INTO "times" VALUES ( 19150, 12590, '06:55:00', '06:55:00', 20 );
INSERT INTO "times" VALUES ( 19150, 12600, '06:54:00', '06:54:00', 20 );
INSERT INTO "times" VALUES ( 19150, 12610, '06:52:00', '06:53:00', 20 );
INSERT INTO "times" VALUES ( 19150, 12620, '06:50:00', '06:50:00', 20 );
INSERT INTO "times" VALUES ( 19150, 12630, '06:49:00', '06:49:00', 20 );
INSERT INTO "times" VALUES ( 19150, 12640, '06:47:00', '06:47:00', 20 );
INSERT INTO "times" VALUES ( 19150, 12650, '06:45:00', '06:45:00', 20 );
INSERT INTO "times" VALUES ( 19150, 12660, '06:44:00', '06:44:00', 20 );
INSERT INTO "times" VALUES ( 19150, 12670, '06:40:00', '06:40:00', 20 );
INSERT INTO "times" VALUES ( 19150, 12680, '06:33:00', '06:37:00', 20 );
INSERT INTO "times" VALUES ( 19150, 12690, '06:31:00', '06:31:00', 20 );
INSERT INTO "times" VALUES ( 19150, 12700, '06:29:00', '06:29:00', 20 );
INSERT INTO "times" VALUES ( 19150, 12710, '06:27:00', '06:27:00', 20 );
INSERT INTO "times" VALUES ( 19150, 12720, '06:24:00', '06:24:00', 20 );
INSERT INTO "times" VALUES ( 19150, 12730, '06:22:00', '06:22:00', 20 );
INSERT INTO "times" VALUES ( 19150, 12740, '06:20:00', '06:20:00', 20 );
INSERT INTO "times" VALUES ( 19150, 12750, '06:16:00', '06:16:00', 20 );
INSERT INTO "times" VALUES ( 19150, 12760, '06:14:00', '06:14:00', 20 );
INSERT INTO "times" VALUES ( 19150, 12770, '06:10:00', '06:10:00', 20 );
INSERT INTO "times" VALUES ( 19150, 12780, '06:05:00', '06:05:00', 20 );
INSERT INTO "times" VALUES ( 19150, 12790, '06:03:00', '06:03:00', 20 );
INSERT INTO "times" VALUES ( 19150, 12800, '06:02:00', '06:02:00', 20 );
INSERT INTO "times" VALUES ( 19150, 12810, '06:00:00', '06:00:00', 20 );
INSERT INTO "times" VALUES ( 19150, 12820, '05:58:00', '05:58:00', 20 );
INSERT INTO "times" VALUES ( 19150, 12830, '05:57:00', '05:57:00', 20 );
INSERT INTO "times" VALUES ( 19150, 12840, '05:55:00', '05:55:00', 20 );
INSERT INTO "times" VALUES ( 19150, 12850, '05:53:00', '05:53:00', 20 );
INSERT INTO "times" VALUES ( 19150, 12860, '05:51:00', '05:51:00', 20 );
INSERT INTO "times" VALUES ( 19150, 12870, '05:50:00', '05:50:00', 20 );
INSERT INTO "times" VALUES ( 19150, 12880, '05:48:00', '05:48:00', 20 );
INSERT INTO "times" VALUES ( 19150, 12890, '05:46:00', '05:46:00', 20 );
INSERT INTO "times" VALUES ( 19150, 12900, '05:45:00', '05:45:00', 20 );
INSERT INTO "times" VALUES ( 19150, 13510, '05:43:00', '05:43:00', 30 );
INSERT INTO "times" VALUES ( 19150, 13520, NULL, '05:41:00', 30 );

INSERT INTO "dias" VALUES ( 19151, 100, FALSE, TRUE, 'Q0504Z', 11510, 13520 );
INSERT INTO "dias_line_groups" VALUES ( 19151, 10 );
INSERT INTO "times" VALUES ( 19151, 11510, NULL, '05:12:00', 10 );
INSERT INTO "times" VALUES ( 19151, 11520, '05:14:00', '05:14:00', 10 );
INSERT INTO "times" VALUES ( 19151, 11530, '05:15:00', '05:15:00', 10 );
INSERT INTO "times" VALUES ( 19151, 11540, '05:17:00', '05:17:00', 10 );
INSERT INTO "times" VALUES ( 19151, 12530, '05:19:00', '05:19:00', 20 );
INSERT INTO "times" VALUES ( 19151, 12540, '05:22:00', '05:22:00', 20 );
INSERT INTO "times" VALUES ( 19151, 12550, '05:24:00', '05:24:00', 20 );
INSERT INTO "times" VALUES ( 19151, 12560, '05:26:00', '05:26:00', 20 );
INSERT INTO "times" VALUES ( 19151, 12570, '05:27:00', '05:27:00', 20 );
INSERT INTO "times" VALUES ( 19151, 12580, '05:28:00', '05:28:00', 20 );
INSERT INTO "times" VALUES ( 19151, 12590, '05:30:00', '05:30:00', 20 );
INSERT INTO "times" VALUES ( 19151, 12600, '05:31:00', '05:31:00', 20 );
INSERT INTO "times" VALUES ( 19151, 12610, '05:33:00', '05:33:00', 20 );
INSERT INTO "times" VALUES ( 19151, 12620, '05:35:00', '05:35:00', 20 );
INSERT INTO "times" VALUES ( 19151, 12630, '05:36:00', '05:36:00', 20 );
INSERT INTO "times" VALUES ( 19151, 12640, '05:38:00', '05:38:00', 20 );
INSERT INTO "times" VALUES ( 19151, 12650, '05:39:00', '05:39:00', 20 );
INSERT INTO "times" VALUES ( 19151, 12660, '05:42:00', '05:42:00', 20 );
INSERT INTO "times" VALUES ( 19151, 12670, '05:45:00', '05:45:00', 20 );
INSERT INTO "times" VALUES ( 19151, 12680, '05:48:00', '05:48:00', 20 );
INSERT INTO "times" VALUES ( 19151, 12690, '05:49:00', '05:49:00', 20 );
INSERT INTO "times" VALUES ( 19151, 12700, '05:52:00', '05:52:00', 20 );
INSERT INTO "times" VALUES ( 19151, 12710, '05:54:00', '05:54:00', 20 );
INSERT INTO "times" VALUES ( 19151, 12720, '05:56:00', '05:56:00', 20 );
INSERT INTO "times" VALUES ( 19151, 12730, '05:58:00', '05:58:00', 20 );
INSERT INTO "times" VALUES ( 19151, 12740, '06:02:00', '06:02:00', 20 );
INSERT INTO "times" VALUES ( 19151, 12750, '06:04:00', '06:04:00', 20 );
INSERT INTO "times" VALUES ( 19151, 12760, '06:07:00', '06:07:00', 20 );
INSERT INTO "times" VALUES ( 19151, 12770, '06:11:00', '06:11:00', 20 );
INSERT INTO "times" VALUES ( 19151, 12780, '06:16:00', '06:16:00', 20 );
INSERT INTO "times" VALUES ( 19151, 12790, '06:17:00', '06:17:00', 20 );
INSERT INTO "times" VALUES ( 19151, 12800, '06:19:00', '06:19:00', 20 );
INSERT INTO "times" VALUES ( 19151, 12810, '06:20:00', '06:20:00', 20 );
INSERT INTO "times" VALUES ( 19151, 12820, '06:22:00', '06:22:00', 20 );
INSERT INTO "times" VALUES ( 19151, 12830, '06:24:00', '06:24:00', 20 );
INSERT INTO "times" VALUES ( 19151, 12840, '06:25:00', '06:25:00', 20 );
INSERT INTO "times" VALUES ( 19151, 12850, '06:27:00', '06:27:00', 20 );
INSERT INTO "times" VALUES ( 19151, 12860, '06:28:00', '06:28:00', 20 );
INSERT INTO "times" VALUES ( 19151, 12870, '06:30:00', '06:30:00', 20 );
INSERT INTO "times" VALUES ( 19151, 12880, '06:32:00', '06:32:00', 20 );
INSERT INTO "times" VALUES ( 19151, 12890, '06:34:00', '06:34:00', 20 );
INSERT INTO "times" VALUES ( 19151, 12900, '06:36:00', '06:36:00', 20 );
INSERT INTO "times" VALUES ( 19151, 13510, '06:37:00', '06:37:00', 30 );
INSERT INTO "times" VALUES ( 19151, 13520, '06:40:00', NULL, NULL );

INSERT INTO "dias" VALUES ( 19152, 100, FALSE, TRUE, 'Q0506Z', 12670, 13520 );
INSERT INTO "dias_line_groups" VALUES ( 19152, 10 );
INSERT INTO "times" VALUES ( 19152, 12670, NULL, '05:20:00', 20 );
INSERT INTO "times" VALUES ( 19152, 12680, '05:23:00', '05:23:00', 20 );
INSERT INTO "times" VALUES ( 19152, 12690, '05:25:00', '05:25:00', 20 );
INSERT INTO "times" VALUES ( 19152, 12700, '05:27:00', '05:27:00', 20 );
INSERT INTO "times" VALUES ( 19152, 12710, '05:29:00', '05:30:00', 20 );
INSERT INTO "times" VALUES ( 19152, 12720, '05:32:00', '05:32:00', 20 );
INSERT INTO "times" VALUES ( 19152, 12730, '05:34:00', '05:34:00', 20 );
INSERT INTO "times" VALUES ( 19152, 12740, '05:38:00', '05:38:00', 20 );
INSERT INTO "times" VALUES ( 19152, 12750, '05:40:00', '05:40:00', 20 );
INSERT INTO "times" VALUES ( 19152, 12760, '05:43:00', '05:43:00', 20 );
INSERT INTO "times" VALUES ( 19152, 12770, '05:47:00', '05:47:00', 20 );
INSERT INTO "times" VALUES ( 19152, 12780, '05:52:00', '05:52:00', 20 );
INSERT INTO "times" VALUES ( 19152, 12790, '05:53:00', '05:53:00', 20 );
INSERT INTO "times" VALUES ( 19152, 12800, '05:55:00', '05:59:00', 20 );
INSERT INTO "times" VALUES ( 19152, 12810, '06:01:00', '06:01:00', 20 );
INSERT INTO "times" VALUES ( 19152, 12820, '06:02:00', '06:02:00', 20 );
INSERT INTO "times" VALUES ( 19152, 12830, '06:04:00', '06:04:00', 20 );
INSERT INTO "times" VALUES ( 19152, 12840, '06:06:00', '06:06:00', 20 );
INSERT INTO "times" VALUES ( 19152, 12850, '06:07:00', '06:07:00', 20 );
INSERT INTO "times" VALUES ( 19152, 12860, '06:09:00', '06:09:00', 20 );
INSERT INTO "times" VALUES ( 19152, 12870, '06:10:00', '06:10:00', 20 );
INSERT INTO "times" VALUES ( 19152, 12880, '06:12:00', '06:12:00', 20 );
INSERT INTO "times" VALUES ( 19152, 12890, '06:14:00', '06:14:00', 20 );
INSERT INTO "times" VALUES ( 19152, 12900, '06:16:00', '06:16:00', 20 );
INSERT INTO "times" VALUES ( 19152, 13510, '06:18:00', '06:18:00', 30 );
INSERT INTO "times" VALUES ( 19152, 13520, '06:20:00', NULL, NULL );

INSERT INTO "dias" VALUES ( 19153, 100, FALSE, TRUE, 'Q0508Z', 12510, 13520 );
INSERT INTO "dias_line_groups" VALUES ( 19153, 10 );
INSERT INTO "times" VALUES ( 19153, 12510, NULL, '05:33:00', 20 );
INSERT INTO "times" VALUES ( 19153, 12520, '05:35:00', '05:35:00', 20 );
INSERT INTO "times" VALUES ( 19153, 12530, '05:37:00', '05:37:00', 20 );
INSERT INTO "times" VALUES ( 19153, 12540, '05:40:00', '05:40:00', 20 );
INSERT INTO "times" VALUES ( 19153, 12550, '05:42:00', '05:42:00', 20 );
INSERT INTO "times" VALUES ( 19153, 12560, '05:43:00', '05:43:00', 20 );
INSERT INTO "times" VALUES ( 19153, 12570, '05:45:00', '05:45:00', 20 );
INSERT INTO "times" VALUES ( 19153, 12580, '05:46:00', '05:46:00', 20 );
INSERT INTO "times" VALUES ( 19153, 12590, '05:47:00', '05:47:00', 20 );
INSERT INTO "times" VALUES ( 19153, 12600, '05:48:00', '05:48:00', 20 );
INSERT INTO "times" VALUES ( 19153, 12610, '05:50:00', '05:50:00', 20 );
INSERT INTO "times" VALUES ( 19153, 12620, '05:52:00', '05:52:00', 20 );
INSERT INTO "times" VALUES ( 19153, 12630, '05:53:00', '05:53:00', 20 );
INSERT INTO "times" VALUES ( 19153, 12640, '05:54:00', '05:54:00', 20 );
INSERT INTO "times" VALUES ( 19153, 12650, '05:56:00', '05:56:00', 20 );
INSERT INTO "times" VALUES ( 19153, 12660, '05:58:00', '05:58:00', 20 );
INSERT INTO "times" VALUES ( 19153, 12670, '06:01:00', '06:01:00', 20 );
INSERT INTO "times" VALUES ( 19153, 12680, '06:04:00', '06:04:00', 20 );
INSERT INTO "times" VALUES ( 19153, 12690, '06:06:00', '06:06:00', 20 );
INSERT INTO "times" VALUES ( 19153, 12700, '06:08:00', '06:08:00', 20 );
INSERT INTO "times" VALUES ( 19153, 12710, '06:11:00', '06:11:00', 20 );
INSERT INTO "times" VALUES ( 19153, 12720, '06:13:00', '06:13:00', 20 );
INSERT INTO "times" VALUES ( 19153, 12730, '06:15:00', '06:15:00', 20 );
INSERT INTO "times" VALUES ( 19153, 12740, '06:18:00', '06:21:00', 20 );
INSERT INTO "times" VALUES ( 19153, 12750, '06:24:00', '06:24:00', 20 );
INSERT INTO "times" VALUES ( 19153, 12760, '06:27:00', '06:27:00', 20 );
INSERT INTO "times" VALUES ( 19153, 12770, '06:31:00', '06:31:00', 20 );
INSERT INTO "times" VALUES ( 19153, 12780, '06:35:00', '06:35:00', 20 );
INSERT INTO "times" VALUES ( 19153, 12790, '06:37:00', '06:37:00', 20 );
INSERT INTO "times" VALUES ( 19153, 12800, '06:39:00', '06:39:00', 20 );
INSERT INTO "times" VALUES ( 19153, 12810, '06:40:00', '06:40:00', 20 );
INSERT INTO "times" VALUES ( 19153, 12820, '06:42:00', '06:42:00', 20 );
INSERT INTO "times" VALUES ( 19153, 12830, '06:44:00', '06:44:00', 20 );
INSERT INTO "times" VALUES ( 19153, 12840, '06:45:00', '06:45:00', 20 );
INSERT INTO "times" VALUES ( 19153, 12850, '06:46:00', '06:46:00', 20 );
INSERT INTO "times" VALUES ( 19153, 12860, '06:48:00', '06:48:00', 20 );
INSERT INTO "times" VALUES ( 19153, 12870, '06:50:00', '06:50:00', 20 );
INSERT INTO "times" VALUES ( 19153, 12880, '06:52:00', '06:52:00', 20 );
INSERT INTO "times" VALUES ( 19153, 12890, '06:53:00', '06:53:00', 20 );
INSERT INTO "times" VALUES ( 19153, 12900, '06:55:00', '06:55:00', 20 );
INSERT INTO "times" VALUES ( 19153, 13510, '06:57:00', '06:57:00', 30 );
INSERT INTO "times" VALUES ( 19153, 13520, '07:00:00', NULL, NULL );

INSERT INTO "dias" VALUES ( 19154, 100, FALSE, TRUE, 'Q0510Z', 11510, 13520 );
INSERT INTO "dias_line_groups" VALUES ( 19154, 10 );
INSERT INTO "times" VALUES ( 19154, 11510, NULL, '05:38:00', 10 );
INSERT INTO "times" VALUES ( 19154, 11520, '05:39:00', '05:39:00', 10 );
INSERT INTO "times" VALUES ( 19154, 11530, '05:41:00', '05:41:00', 10 );
INSERT INTO "times" VALUES ( 19154, 11540, '05:43:00', '05:43:00', 10 );
INSERT INTO "times" VALUES ( 19154, 12530, '05:45:00', '05:45:00', 20 );
INSERT INTO "times" VALUES ( 19154, 12540, '05:48:00', '05:48:00', 20 );
INSERT INTO "times" VALUES ( 19154, 12550, '05:50:00', '05:50:00', 20 );
INSERT INTO "times" VALUES ( 19154, 12560, '05:52:00', '05:52:00', 20 );
INSERT INTO "times" VALUES ( 19154, 12570, '05:53:00', '05:53:00', 20 );
INSERT INTO "times" VALUES ( 19154, 12580, '05:55:00', '05:55:00', 20 );
INSERT INTO "times" VALUES ( 19154, 12590, '05:56:00', '05:56:00', 20 );
INSERT INTO "times" VALUES ( 19154, 12600, '05:57:00', '05:57:00', 20 );
INSERT INTO "times" VALUES ( 19154, 12610, '05:58:00', '06:01:00', 20 );
INSERT INTO "times" VALUES ( 19154, 12620, '06:02:00', '06:02:00', 20 );
INSERT INTO "times" VALUES ( 19154, 12630, '06:03:00', '06:03:00', 20 );
INSERT INTO "times" VALUES ( 19154, 12640, '06:05:00', '06:05:00', 20 );
INSERT INTO "times" VALUES ( 19154, 12650, '06:07:00', '06:07:00', 20 );
INSERT INTO "times" VALUES ( 19154, 12660, '06:09:00', '06:09:00', 20 );
INSERT INTO "times" VALUES ( 19154, 12670, '06:12:00', '06:12:00', 20 );
INSERT INTO "times" VALUES ( 19154, 12680, '06:15:00', '06:15:00', 20 );
INSERT INTO "times" VALUES ( 19154, 12690, '06:16:00', '06:16:00', 20 );
INSERT INTO "times" VALUES ( 19154, 12700, '06:19:00', '06:19:00', 20 );
INSERT INTO "times" VALUES ( 19154, 12710, '06:21:00', '06:21:00', 20 );
INSERT INTO "times" VALUES ( 19154, 12720, '06:23:00', '06:23:00', 20 );
INSERT INTO "times" VALUES ( 19154, 12730, '06:25:00', '06:25:00', 20 );
INSERT INTO "times" VALUES ( 19154, 12740, '06:28:00', '06:28:00', 20 );
INSERT INTO "times" VALUES ( 19154, 12750, '06:31:00', '06:31:00', 20 );
INSERT INTO "times" VALUES ( 19154, 12760, '06:34:00', '06:34:00', 20 );
INSERT INTO "times" VALUES ( 19154, 12770, '06:38:00', '06:38:00', 20 );
INSERT INTO "times" VALUES ( 19154, 12780, '06:42:00', '06:43:00', 20 );
INSERT INTO "times" VALUES ( 19154, 12790, '06:44:00', '06:44:00', 20 );
INSERT INTO "times" VALUES ( 19154, 12800, '06:47:00', '06:47:00', 20 );
INSERT INTO "times" VALUES ( 19154, 12810, '06:48:00', '06:48:00', 20 );
INSERT INTO "times" VALUES ( 19154, 12820, '06:50:00', '06:50:00', 20 );
INSERT INTO "times" VALUES ( 19154, 12830, '06:52:00', '06:52:00', 20 );
INSERT INTO "times" VALUES ( 19154, 12840, '06:53:00', '06:53:00', 20 );
INSERT INTO "times" VALUES ( 19154, 12850, '06:54:00', '06:54:00', 20 );
INSERT INTO "times" VALUES ( 19154, 12860, '06:56:00', '06:56:00', 20 );
INSERT INTO "times" VALUES ( 19154, 12870, '06:58:00', '06:58:00', 20 );
INSERT INTO "times" VALUES ( 19154, 12880, '06:59:00', '06:59:00', 20 );
INSERT INTO "times" VALUES ( 19154, 12890, '07:01:00', '07:01:00', 20 );
INSERT INTO "times" VALUES ( 19154, 12900, '07:03:00', '07:03:00', 20 );
INSERT INTO "times" VALUES ( 19154, 13510, '07:05:00', '07:05:00', 30 );
INSERT INTO "times" VALUES ( 19154, 13520, '07:08:00', NULL, NULL );

INSERT INTO "dias" VALUES ( 19155, 100, FALSE, TRUE, 'Q0512Z', 12510, 13520 );
INSERT INTO "dias_line_groups" VALUES ( 19155, 10 );
INSERT INTO "times" VALUES ( 19155, 12510, NULL, '05:54:00', 20 );
INSERT INTO "times" VALUES ( 19155, 12520, '05:55:00', '05:55:00', 20 );
INSERT INTO "times" VALUES ( 19155, 12530, '05:57:00', '05:57:00', 20 );
INSERT INTO "times" VALUES ( 19155, 12540, '06:00:00', '06:00:00', 20 );
INSERT INTO "times" VALUES ( 19155, 12550, '06:03:00', '06:03:00', 20 );
INSERT INTO "times" VALUES ( 19155, 12560, '06:04:00', '06:04:00', 20 );
INSERT INTO "times" VALUES ( 19155, 12570, '06:05:00', '06:05:00', 20 );
INSERT INTO "times" VALUES ( 19155, 12580, '06:07:00', '06:07:00', 20 );
INSERT INTO "times" VALUES ( 19155, 12590, '06:08:00', '06:08:00', 20 );
INSERT INTO "times" VALUES ( 19155, 12600, '06:09:00', '06:09:00', 20 );
INSERT INTO "times" VALUES ( 19155, 12610, '06:11:00', '06:11:00', 20 );
INSERT INTO "times" VALUES ( 19155, 12620, '06:13:00', '06:13:00', 20 );
INSERT INTO "times" VALUES ( 19155, 12630, '06:14:00', '06:14:00', 20 );
INSERT INTO "times" VALUES ( 19155, 12640, '06:16:00', '06:16:00', 20 );
INSERT INTO "times" VALUES ( 19155, 12650, '06:17:00', '06:17:00', 20 );
INSERT INTO "times" VALUES ( 19155, 12660, '06:19:00', '06:20:00', 20 );
INSERT INTO "times" VALUES ( 19155, 12670, '06:23:00', '06:23:00', 20 );
INSERT INTO "times" VALUES ( 19155, 12680, '06:26:00', '06:31:00', 20 );
INSERT INTO "times" VALUES ( 19155, 12690, '06:33:00', '06:33:00', 20 );
INSERT INTO "times" VALUES ( 19155, 12700, '06:36:00', '06:36:00', 20 );
INSERT INTO "times" VALUES ( 19155, 12710, '06:38:00', '06:39:00', 20 );
INSERT INTO "times" VALUES ( 19155, 12720, '06:40:00', '06:40:00', 20 );
INSERT INTO "times" VALUES ( 19155, 12730, '06:43:00', '06:43:00', 20 );
INSERT INTO "times" VALUES ( 19155, 12740, '06:45:00', '06:46:00', 20 );
INSERT INTO "times" VALUES ( 19155, 12750, '06:49:00', '06:49:00', 20 );
INSERT INTO "times" VALUES ( 19155, 12760, '06:52:00', '06:52:00', 20 );
INSERT INTO "times" VALUES ( 19155, 12770, '06:56:00', '06:56:00', 20 );
INSERT INTO "times" VALUES ( 19155, 12780, '07:00:00', '07:01:00', 20 );
INSERT INTO "times" VALUES ( 19155, 12790, '07:02:00', '07:02:00', 20 );
INSERT INTO "times" VALUES ( 19155, 12800, '07:04:00', '07:10:00', 20 );
INSERT INTO "times" VALUES ( 19155, 12810, '07:12:00', '07:12:00', 20 );
INSERT INTO "times" VALUES ( 19155, 12820, '07:13:00', '07:13:00', 20 );
INSERT INTO "times" VALUES ( 19155, 12830, '07:15:00', '07:15:00', 20 );
INSERT INTO "times" VALUES ( 19155, 12840, '07:16:00', '07:16:00', 20 );
INSERT INTO "times" VALUES ( 19155, 12850, '07:18:00', '07:18:00', 20 );
INSERT INTO "times" VALUES ( 19155, 12860, '07:19:00', '07:19:00', 20 );
INSERT INTO "times" VALUES ( 19155, 12870, '07:21:00', '07:21:00', 20 );
INSERT INTO "times" VALUES ( 19155, 12880, '07:23:00', '07:23:00', 20 );
INSERT INTO "times" VALUES ( 19155, 12890, '07:25:00', '07:25:00', 20 );
INSERT INTO "times" VALUES ( 19155, 12900, '07:27:00', '07:27:00', 20 );
INSERT INTO "times" VALUES ( 19155, 13510, '07:29:00', '07:29:00', 30 );
INSERT INTO "times" VALUES ( 19155, 13520, '07:31:00', NULL, NULL );

INSERT INTO "dias" VALUES ( 19156, 100, FALSE, TRUE, 'Q0600Z', 11510, 13520 );
INSERT INTO "dias_line_groups" VALUES ( 19156, 10 );
INSERT INTO "times" VALUES ( 19156, 11510, NULL, '06:03:00', 10 );
INSERT INTO "times" VALUES ( 19156, 11520, '06:05:00', '06:05:00', 10 );
INSERT INTO "times" VALUES ( 19156, 11530, '06:06:00', '06:06:00', 10 );
INSERT INTO "times" VALUES ( 19156, 11540, '06:08:00', '06:08:00', 10 );
INSERT INTO "times" VALUES ( 19156, 12530, '06:10:00', '06:10:00', 20 );
INSERT INTO "times" VALUES ( 19156, 12540, '06:13:00', '06:15:00', 20 );
INSERT INTO "times" VALUES ( 19156, 12550, '06:18:00', '06:18:00', 20 );
INSERT INTO "times" VALUES ( 19156, 12560, '06:19:00', '06:19:00', 20 );
INSERT INTO "times" VALUES ( 19156, 12570, '06:20:00', '06:20:00', 20 );
INSERT INTO "times" VALUES ( 19156, 12580, '06:22:00', '06:22:00', 20 );
INSERT INTO "times" VALUES ( 19156, 12590, '06:23:00', '06:23:00', 20 );
INSERT INTO "times" VALUES ( 19156, 12600, '06:24:00', '06:24:00', 20 );
INSERT INTO "times" VALUES ( 19156, 12610, '06:27:00', '06:27:00', 20 );
INSERT INTO "times" VALUES ( 19156, 12620, '06:28:00', '06:28:00', 20 );
INSERT INTO "times" VALUES ( 19156, 12630, '06:29:00', '06:29:00', 20 );
INSERT INTO "times" VALUES ( 19156, 12640, '06:31:00', '06:31:00', 20 );
INSERT INTO "times" VALUES ( 19156, 12650, '06:32:00', '06:32:00', 20 );
INSERT INTO "times" VALUES ( 19156, 12660, '06:35:00', '06:35:00', 20 );
INSERT INTO "times" VALUES ( 19156, 12670, '06:38:00', '06:38:00', 20 );
INSERT INTO "times" VALUES ( 19156, 12680, '06:41:00', '06:45:00', 20 );
INSERT INTO "times" VALUES ( 19156, 12690, '06:48:00', '06:48:00', 20 );
INSERT INTO "times" VALUES ( 19156, 12700, '06:50:00', '06:50:00', 20 );
INSERT INTO "times" VALUES ( 19156, 12710, '06:52:00', '06:52:00', 20 );
INSERT INTO "times" VALUES ( 19156, 12720, '06:54:00', '06:54:00', 20 );
INSERT INTO "times" VALUES ( 19156, 12730, '06:56:00', '06:56:00', 20 );
INSERT INTO "times" VALUES ( 19156, 12740, '07:00:00', '07:00:00', 20 );
INSERT INTO "times" VALUES ( 19156, 12750, '07:02:00', '07:02:00', 20 );
INSERT INTO "times" VALUES ( 19156, 12760, '07:05:00', '07:05:00', 20 );
INSERT INTO "times" VALUES ( 19156, 12770, '07:09:00', '07:09:00', 20 );
INSERT INTO "times" VALUES ( 19156, 12780, '07:14:00', '07:14:00', 20 );
INSERT INTO "times" VALUES ( 19156, 12790, '07:15:00', '07:15:00', 20 );
INSERT INTO "times" VALUES ( 19156, 12800, '07:17:00', '07:22:00', 20 );
INSERT INTO "times" VALUES ( 19156, 12810, '07:23:00', '07:23:00', 20 );
INSERT INTO "times" VALUES ( 19156, 12820, '07:25:00', '07:25:00', 20 );
INSERT INTO "times" VALUES ( 19156, 12830, '07:27:00', '07:27:00', 20 );
INSERT INTO "times" VALUES ( 19156, 12840, '07:28:00', '07:28:00', 20 );
INSERT INTO "times" VALUES ( 19156, 12850, '07:29:00', '07:29:00', 20 );
INSERT INTO "times" VALUES ( 19156, 12860, '07:31:00', '07:31:00', 20 );
INSERT INTO "times" VALUES ( 19156, 12870, '07:33:00', '07:33:00', 20 );
INSERT INTO "times" VALUES ( 19156, 12880, '07:35:00', '07:35:00', 20 );
INSERT INTO "times" VALUES ( 19156, 12890, '07:36:00', '07:36:00', 20 );
INSERT INTO "times" VALUES ( 19156, 12900, '07:39:00', '07:39:00', 20 );
INSERT INTO "times" VALUES ( 19156, 13510, '07:40:00', '07:40:00', 30 );
INSERT INTO "times" VALUES ( 19156, 13520, '07:43:00', NULL, NULL );

INSERT INTO "dias" VALUES ( 19157, 100, FALSE, TRUE, 'Q0601B', 13520, 11510 );
INSERT INTO "dias_line_groups" VALUES ( 19157, 10 );
INSERT INTO "times" VALUES ( 19157, 11510, '07:46:00', NULL, NULL );
INSERT INTO "times" VALUES ( 19157, 11520, '07:43:00', '07:43:00', 10 );
INSERT INTO "times" VALUES ( 19157, 11530, '07:42:00', '07:42:00', 10 );
INSERT INTO "times" VALUES ( 19157, 11540, '07:40:00', '07:40:00', 10 );
INSERT INTO "times" VALUES ( 19157, 12530, '07:39:00', '07:39:00', 10 );
INSERT INTO "times" VALUES ( 19157, 12540, '07:32:00', '07:36:00', 20 );
INSERT INTO "times" VALUES ( 19157, 12550, '07:29:00', '07:29:00', 20 );
INSERT INTO "times" VALUES ( 19157, 12560, '07:28:00', '07:28:00', 20 );
INSERT INTO "times" VALUES ( 19157, 12570, '07:26:00', '07:26:00', 20 );
INSERT INTO "times" VALUES ( 19157, 12580, '07:25:00', '07:25:00', 20 );
INSERT INTO "times" VALUES ( 19157, 12590, '07:23:00', '07:23:00', 20 );
INSERT INTO "times" VALUES ( 19157, 12600, '07:22:00', '07:22:00', 20 );
INSERT INTO "times" VALUES ( 19157, 12610, '07:18:00', '07:21:00', 20 );
INSERT INTO "times" VALUES ( 19157, 12620, '07:15:00', '07:15:00', 20 );
INSERT INTO "times" VALUES ( 19157, 12630, '07:14:00', '07:14:00', 20 );
INSERT INTO "times" VALUES ( 19157, 12640, '07:12:00', '07:12:00', 20 );
INSERT INTO "times" VALUES ( 19157, 12650, '07:10:00', '07:10:00', 20 );
INSERT INTO "times" VALUES ( 19157, 12660, '07:08:00', '07:09:00', 20 );
INSERT INTO "times" VALUES ( 19157, 12670, '07:05:00', '07:05:00', 20 );
INSERT INTO "times" VALUES ( 19157, 12680, '06:56:00', '07:02:00', 20 );
INSERT INTO "times" VALUES ( 19157, 12690, '06:54:00', '06:54:00', 20 );
INSERT INTO "times" VALUES ( 19157, 12700, '06:52:00', '06:52:00', 20 );
INSERT INTO "times" VALUES ( 19157, 12710, '06:50:00', '06:50:00', 20 );
INSERT INTO "times" VALUES ( 19157, 12720, '06:47:00', '06:47:00', 20 );
INSERT INTO "times" VALUES ( 19157, 12730, '06:45:00', '06:45:00', 20 );
INSERT INTO "times" VALUES ( 19157, 12740, '06:42:00', '06:42:00', 20 );
INSERT INTO "times" VALUES ( 19157, 12750, '06:39:00', '06:39:00', 20 );
INSERT INTO "times" VALUES ( 19157, 12760, '06:37:00', '06:37:00', 20 );
INSERT INTO "times" VALUES ( 19157, 12770, '06:33:00', '06:33:00', 20 );
INSERT INTO "times" VALUES ( 19157, 12780, '06:28:00', '06:28:00', 20 );
INSERT INTO "times" VALUES ( 19157, 12790, '06:26:00', '06:26:00', 20 );
INSERT INTO "times" VALUES ( 19157, 12800, '06:21:00', '06:24:00', 20 );
INSERT INTO "times" VALUES ( 19157, 12810, '06:19:00', '06:19:00', 20 );
INSERT INTO "times" VALUES ( 19157, 12820, '06:17:00', '06:17:00', 20 );
INSERT INTO "times" VALUES ( 19157, 12830, '06:16:00', '06:16:00', 20 );
INSERT INTO "times" VALUES ( 19157, 12840, '06:14:00', '06:14:00', 20 );
INSERT INTO "times" VALUES ( 19157, 12850, '06:12:00', '06:12:00', 20 );
INSERT INTO "times" VALUES ( 19157, 12860, '06:10:00', '06:10:00', 20 );
INSERT INTO "times" VALUES ( 19157, 12870, '06:09:00', '06:09:00', 20 );
INSERT INTO "times" VALUES ( 19157, 12880, '06:07:00', '06:07:00', 20 );
INSERT INTO "times" VALUES ( 19157, 12890, '06:05:00', '06:05:00', 20 );
INSERT INTO "times" VALUES ( 19157, 12900, '06:04:00', '06:04:00', 20 );
INSERT INTO "times" VALUES ( 19157, 13510, '06:02:00', '06:02:00', 30 );
INSERT INTO "times" VALUES ( 19157, 13520, NULL, '06:00:00', 30 );

INSERT INTO "dias" VALUES ( 19158, 100, FALSE, TRUE, 'Q0602Z', 12670, 13520 );
INSERT INTO "dias_line_groups" VALUES ( 19158, 10 );
INSERT INTO "times" VALUES ( 19158, 12670, NULL, '06:19:00', 20 );
INSERT INTO "times" VALUES ( 19158, 12680, '06:22:00', '06:22:00', 20 );
INSERT INTO "times" VALUES ( 19158, 12690, '06:24:00', '06:24:00', 20 );
INSERT INTO "times" VALUES ( 19158, 12700, '06:26:00', '06:26:00', 20 );
INSERT INTO "times" VALUES ( 19158, 12710, '06:28:00', '06:28:00', 20 );
INSERT INTO "times" VALUES ( 19158, 12720, '06:30:00', '06:30:00', 20 );
INSERT INTO "times" VALUES ( 19158, 12730, '06:32:00', '06:32:00', 20 );
INSERT INTO "times" VALUES ( 19158, 12740, '06:36:00', '06:36:00', 20 );
INSERT INTO "times" VALUES ( 19158, 12750, '06:38:00', '06:38:00', 20 );
INSERT INTO "times" VALUES ( 19158, 12760, '06:41:00', '06:41:00', 20 );
INSERT INTO "times" VALUES ( 19158, 12770, '06:45:00', '06:45:00', 20 );
INSERT INTO "times" VALUES ( 19158, 12780, '06:50:00', '06:50:00', 20 );
INSERT INTO "times" VALUES ( 19158, 12790, '06:51:00', '06:51:00', 20 );
INSERT INTO "times" VALUES ( 19158, 12800, '06:53:00', '06:56:00', 20 );
INSERT INTO "times" VALUES ( 19158, 12810, '06:58:00', '06:58:00', 20 );
INSERT INTO "times" VALUES ( 19158, 12820, '07:00:00', '07:00:00', 20 );
INSERT INTO "times" VALUES ( 19158, 12830, '07:02:00', '07:02:00', 20 );
INSERT INTO "times" VALUES ( 19158, 12840, '07:03:00', '07:03:00', 20 );
INSERT INTO "times" VALUES ( 19158, 12850, '07:04:00', '07:04:00', 20 );
INSERT INTO "times" VALUES ( 19158, 12860, '07:06:00', '07:06:00', 20 );
INSERT INTO "times" VALUES ( 19158, 12870, '07:08:00', '07:08:00', 20 );
INSERT INTO "times" VALUES ( 19158, 12880, '07:09:00', '07:09:00', 20 );
INSERT INTO "times" VALUES ( 19158, 12890, '07:11:00', '07:11:00', 20 );
INSERT INTO "times" VALUES ( 19158, 12900, '07:13:00', '07:13:00', 20 );
INSERT INTO "times" VALUES ( 19158, 13510, '07:15:00', '07:15:00', 30 );
INSERT INTO "times" VALUES ( 19158, 13520, '07:18:00', NULL, NULL );

INSERT INTO "dias" VALUES ( 19159, 100, FALSE, TRUE, 'Q0603B', 13520, 11510 );
INSERT INTO "dias_line_groups" VALUES ( 19159, 10 );
INSERT INTO "times" VALUES ( 19159, 11510, '08:06:00', NULL, NULL );
INSERT INTO "times" VALUES ( 19159, 11520, '08:04:00', '08:04:00', 10 );
INSERT INTO "times" VALUES ( 19159, 11530, '08:02:00', '08:02:00', 10 );
INSERT INTO "times" VALUES ( 19159, 11540, '08:01:00', '08:01:00', 10 );
INSERT INTO "times" VALUES ( 19159, 12530, '07:58:00', '07:59:00', 10 );
INSERT INTO "times" VALUES ( 19159, 12540, '07:52:00', '07:56:00', 20 );
INSERT INTO "times" VALUES ( 19159, 12550, '07:49:00', '07:49:00', 20 );
INSERT INTO "times" VALUES ( 19159, 12560, '07:48:00', '07:48:00', 20 );
INSERT INTO "times" VALUES ( 19159, 12570, '07:46:00', '07:46:00', 20 );
INSERT INTO "times" VALUES ( 19159, 12580, '07:45:00', '07:45:00', 20 );
INSERT INTO "times" VALUES ( 19159, 12590, '07:43:00', '07:43:00', 20 );
INSERT INTO "times" VALUES ( 19159, 12600, '07:42:00', '07:42:00', 20 );
INSERT INTO "times" VALUES ( 19159, 12610, '07:38:00', '07:41:00', 20 );
INSERT INTO "times" VALUES ( 19159, 12620, '07:35:00', '07:35:00', 20 );
INSERT INTO "times" VALUES ( 19159, 12630, '07:34:00', '07:34:00', 20 );
INSERT INTO "times" VALUES ( 19159, 12640, '07:32:00', '07:32:00', 20 );
INSERT INTO "times" VALUES ( 19159, 12650, '07:30:00', '07:30:00', 20 );
INSERT INTO "times" VALUES ( 19159, 12660, '07:27:00', '07:29:00', 20 );
INSERT INTO "times" VALUES ( 19159, 12670, '07:25:00', '07:25:00', 20 );
INSERT INTO "times" VALUES ( 19159, 12680, '07:16:00', '07:22:00', 20 );
INSERT INTO "times" VALUES ( 19159, 12690, '07:14:00', '07:14:00', 20 );
INSERT INTO "times" VALUES ( 19159, 12700, '07:12:00', '07:12:00', 20 );
INSERT INTO "times" VALUES ( 19159, 12710, '07:10:00', '07:10:00', 20 );
INSERT INTO "times" VALUES ( 19159, 12720, '07:07:00', '07:07:00', 20 );
INSERT INTO "times" VALUES ( 19159, 12730, '07:05:00', '07:05:00', 20 );
INSERT INTO "times" VALUES ( 19159, 12740, '07:02:00', '07:02:00', 20 );
INSERT INTO "times" VALUES ( 19159, 12750, '06:59:00', '06:59:00', 20 );
INSERT INTO "times" VALUES ( 19159, 12760, '06:57:00', '06:57:00', 20 );
INSERT INTO "times" VALUES ( 19159, 12770, '06:53:00', '06:53:00', 20 );
INSERT INTO "times" VALUES ( 19159, 12780, '06:48:00', '06:48:00', 20 );
INSERT INTO "times" VALUES ( 19159, 12790, '06:46:00', '06:46:00', 20 );
INSERT INTO "times" VALUES ( 19159, 12800, '06:41:00', '06:44:00', 20 );
INSERT INTO "times" VALUES ( 19159, 12810, '06:39:00', '06:39:00', 20 );
INSERT INTO "times" VALUES ( 19159, 12820, '06:37:00', '06:37:00', 20 );
INSERT INTO "times" VALUES ( 19159, 12830, '06:36:00', '06:36:00', 20 );
INSERT INTO "times" VALUES ( 19159, 12840, '06:34:00', '06:34:00', 20 );
INSERT INTO "times" VALUES ( 19159, 12850, '06:32:00', '06:32:00', 20 );
INSERT INTO "times" VALUES ( 19159, 12860, '06:31:00', '06:31:00', 20 );
INSERT INTO "times" VALUES ( 19159, 12870, '06:29:00', '06:29:00', 20 );
INSERT INTO "times" VALUES ( 19159, 12880, '06:27:00', '06:27:00', 20 );
INSERT INTO "times" VALUES ( 19159, 12890, '06:25:00', '06:25:00', 20 );
INSERT INTO "times" VALUES ( 19159, 12900, '06:24:00', '06:24:00', 20 );
INSERT INTO "times" VALUES ( 19159, 13510, '06:22:00', '06:22:00', 30 );
INSERT INTO "times" VALUES ( 19159, 13520, NULL, '06:20:00', 30 );

INSERT INTO "dias" VALUES ( 19160, 100, FALSE, TRUE, 'Q0604Z', 12510, 13520 );
INSERT INTO "dias_line_groups" VALUES ( 19160, 10 );
INSERT INTO "times" VALUES ( 19160, 12510, NULL, '06:24:00', 20 );
INSERT INTO "times" VALUES ( 19160, 12520, '06:26:00', '06:26:00', 20 );
INSERT INTO "times" VALUES ( 19160, 12530, '06:28:00', '06:28:00', 20 );
INSERT INTO "times" VALUES ( 19160, 12540, '06:31:00', '06:31:00', 20 );
INSERT INTO "times" VALUES ( 19160, 12550, '06:33:00', '06:33:00', 20 );
INSERT INTO "times" VALUES ( 19160, 12560, '06:34:00', '06:34:00', 20 );
INSERT INTO "times" VALUES ( 19160, 12570, '06:36:00', '06:36:00', 20 );
INSERT INTO "times" VALUES ( 19160, 12580, '06:37:00', '06:37:00', 20 );
INSERT INTO "times" VALUES ( 19160, 12590, '06:38:00', '06:38:00', 20 );
INSERT INTO "times" VALUES ( 19160, 12600, '06:39:00', '06:39:00', 20 );
INSERT INTO "times" VALUES ( 19160, 12610, '06:41:00', '06:44:00', 20 );
INSERT INTO "times" VALUES ( 19160, 12620, '06:45:00', '06:45:00', 20 );
INSERT INTO "times" VALUES ( 19160, 12630, '06:47:00', '06:47:00', 20 );
INSERT INTO "times" VALUES ( 19160, 12640, '06:48:00', '06:48:00', 20 );
INSERT INTO "times" VALUES ( 19160, 12650, '06:50:00', '06:50:00', 20 );
INSERT INTO "times" VALUES ( 19160, 12660, '06:52:00', '06:54:00', 20 );
INSERT INTO "times" VALUES ( 19160, 12670, '06:57:00', '06:57:00', 20 );
INSERT INTO "times" VALUES ( 19160, 12680, '07:01:00', '07:05:00', 20 );
INSERT INTO "times" VALUES ( 19160, 12690, '07:07:00', '07:07:00', 20 );
INSERT INTO "times" VALUES ( 19160, 12700, '07:10:00', '07:10:00', 20 );
INSERT INTO "times" VALUES ( 19160, 12710, '07:12:00', '07:13:00', 20 );
INSERT INTO "times" VALUES ( 19160, 12720, '07:14:00', '07:14:00', 20 );
INSERT INTO "times" VALUES ( 19160, 12730, '07:17:00', '07:17:00', 20 );
INSERT INTO "times" VALUES ( 19160, 12740, '07:19:00', '07:20:00', 20 );
INSERT INTO "times" VALUES ( 19160, 12750, '07:23:00', '07:23:00', 20 );
INSERT INTO "times" VALUES ( 19160, 12760, '07:26:00', '07:26:00', 20 );
INSERT INTO "times" VALUES ( 19160, 12770, '07:30:00', '07:30:00', 20 );
INSERT INTO "times" VALUES ( 19160, 12780, '07:35:00', '07:35:00', 20 );
INSERT INTO "times" VALUES ( 19160, 12790, '07:36:00', '07:36:00', 20 );
INSERT INTO "times" VALUES ( 19160, 12800, '07:38:00', '07:42:00', 20 );
INSERT INTO "times" VALUES ( 19160, 12810, '07:44:00', '07:44:00', 20 );
INSERT INTO "times" VALUES ( 19160, 12820, '07:46:00', '07:46:00', 20 );
INSERT INTO "times" VALUES ( 19160, 12830, '07:48:00', '07:48:00', 20 );
INSERT INTO "times" VALUES ( 19160, 12840, '07:49:00', '07:49:00', 20 );
INSERT INTO "times" VALUES ( 19160, 12850, '07:50:00', '07:50:00', 20 );
INSERT INTO "times" VALUES ( 19160, 12860, '07:52:00', '07:52:00', 20 );
INSERT INTO "times" VALUES ( 19160, 12870, '07:54:00', '07:54:00', 20 );
INSERT INTO "times" VALUES ( 19160, 12880, '07:55:00', '07:55:00', 20 );
INSERT INTO "times" VALUES ( 19160, 12890, '07:57:00', '07:57:00', 20 );
INSERT INTO "times" VALUES ( 19160, 12900, '07:59:00', '08:00:00', 20 );
INSERT INTO "times" VALUES ( 19160, 13510, '08:02:00', '08:02:00', 30 );
INSERT INTO "times" VALUES ( 19160, 13520, '08:05:00', NULL, NULL );

INSERT INTO "dias" VALUES ( 19161, 100, FALSE, TRUE, 'Q0605B', 13520, 11510 );
INSERT INTO "dias_line_groups" VALUES ( 19161, 10 );
INSERT INTO "times" VALUES ( 19161, 11510, '08:27:00', NULL, NULL );
INSERT INTO "times" VALUES ( 19161, 11520, '08:24:00', '08:24:00', 10 );
INSERT INTO "times" VALUES ( 19161, 11530, '08:23:00', '08:23:00', 10 );
INSERT INTO "times" VALUES ( 19161, 11540, '08:21:00', '08:21:00', 10 );
INSERT INTO "times" VALUES ( 19161, 12530, '08:20:00', '08:20:00', 10 );
INSERT INTO "times" VALUES ( 19161, 12540, '08:13:00', '08:17:00', 20 );
INSERT INTO "times" VALUES ( 19161, 12550, '08:11:00', '08:11:00', 20 );
INSERT INTO "times" VALUES ( 19161, 12560, '08:09:00', '08:09:00', 20 );
INSERT INTO "times" VALUES ( 19161, 12570, '08:07:00', '08:07:00', 20 );
INSERT INTO "times" VALUES ( 19161, 12580, '08:06:00', '08:06:00', 20 );
INSERT INTO "times" VALUES ( 19161, 12590, '08:05:00', '08:05:00', 20 );
INSERT INTO "times" VALUES ( 19161, 12600, '08:03:00', '08:03:00', 20 );
INSERT INTO "times" VALUES ( 19161, 12610, '07:57:00', '08:02:00', 20 );
INSERT INTO "times" VALUES ( 19161, 12620, '07:55:00', '07:55:00', 20 );
INSERT INTO "times" VALUES ( 19161, 12630, '07:54:00', '07:54:00', 20 );
INSERT INTO "times" VALUES ( 19161, 12640, '07:52:00', '07:52:00', 20 );
INSERT INTO "times" VALUES ( 19161, 12650, '07:50:00', '07:50:00', 20 );
INSERT INTO "times" VALUES ( 19161, 12660, '07:47:00', '07:49:00', 20 );
INSERT INTO "times" VALUES ( 19161, 12670, '07:45:00', '07:45:00', 20 );
INSERT INTO "times" VALUES ( 19161, 12680, '07:37:00', '07:42:00', 20 );
INSERT INTO "times" VALUES ( 19161, 12690, '07:35:00', '07:35:00', 20 );
INSERT INTO "times" VALUES ( 19161, 12700, '07:32:00', '07:32:00', 20 );
INSERT INTO "times" VALUES ( 19161, 12710, '07:31:00', '07:31:00', 20 );
INSERT INTO "times" VALUES ( 19161, 12720, '07:28:00', '07:28:00', 20 );
INSERT INTO "times" VALUES ( 19161, 12730, '07:26:00', '07:26:00', 20 );
INSERT INTO "times" VALUES ( 19161, 12740, '07:23:00', '07:23:00', 20 );
INSERT INTO "times" VALUES ( 19161, 12750, '07:20:00', '07:20:00', 20 );
INSERT INTO "times" VALUES ( 19161, 12760, '07:18:00', '07:18:00', 20 );
INSERT INTO "times" VALUES ( 19161, 12770, '07:14:00', '07:14:00', 20 );
INSERT INTO "times" VALUES ( 19161, 12780, '07:09:00', '07:09:00', 20 );
INSERT INTO "times" VALUES ( 19161, 12790, '07:07:00', '07:07:00', 20 );
INSERT INTO "times" VALUES ( 19161, 12800, '07:01:00', '07:05:00', 20 );
INSERT INTO "times" VALUES ( 19161, 12810, '06:59:00', '06:59:00', 20 );
INSERT INTO "times" VALUES ( 19161, 12820, '06:57:00', '06:57:00', 20 );
INSERT INTO "times" VALUES ( 19161, 12830, '06:56:00', '06:56:00', 20 );
INSERT INTO "times" VALUES ( 19161, 12840, '06:54:00', '06:54:00', 20 );
INSERT INTO "times" VALUES ( 19161, 12850, '06:53:00', '06:53:00', 20 );
INSERT INTO "times" VALUES ( 19161, 12860, '06:51:00', '06:51:00', 20 );
INSERT INTO "times" VALUES ( 19161, 12870, '06:49:00', '06:49:00', 20 );
INSERT INTO "times" VALUES ( 19161, 12880, '06:47:00', '06:47:00', 20 );
INSERT INTO "times" VALUES ( 19161, 12890, '06:46:00', '06:46:00', 20 );
INSERT INTO "times" VALUES ( 19161, 12900, '06:41:00', '06:44:00', 20 );
INSERT INTO "times" VALUES ( 19161, 13510, '06:38:00', '06:38:00', 30 );
INSERT INTO "times" VALUES ( 19161, 13520, NULL, '06:36:00', 30 );

INSERT INTO "dias" VALUES ( 19162, 100, FALSE, TRUE, 'Q0606Z', 11510, 13520 );
INSERT INTO "dias_line_groups" VALUES ( 19162, 10 );
INSERT INTO "times" VALUES ( 19162, 11510, NULL, '06:41:00', 10 );
INSERT INTO "times" VALUES ( 19162, 11520, '06:42:00', '06:42:00', 10 );
INSERT INTO "times" VALUES ( 19162, 11530, '06:44:00', '06:44:00', 10 );
INSERT INTO "times" VALUES ( 19162, 11540, '06:46:00', '06:46:00', 10 );
INSERT INTO "times" VALUES ( 19162, 12530, '06:48:00', '06:48:00', 20 );
INSERT INTO "times" VALUES ( 19162, 12540, '06:51:00', '06:51:00', 20 );
INSERT INTO "times" VALUES ( 19162, 12550, '06:53:00', '06:53:00', 20 );
INSERT INTO "times" VALUES ( 19162, 12560, '06:55:00', '06:55:00', 20 );
INSERT INTO "times" VALUES ( 19162, 12570, '06:56:00', '06:56:00', 20 );
INSERT INTO "times" VALUES ( 19162, 12580, '06:58:00', '06:58:00', 20 );
INSERT INTO "times" VALUES ( 19162, 12590, '06:59:00', '06:59:00', 20 );
INSERT INTO "times" VALUES ( 19162, 12600, '07:00:00', '07:00:00', 20 );
INSERT INTO "times" VALUES ( 19162, 12610, '07:02:00', '07:05:00', 20 );
INSERT INTO "times" VALUES ( 19162, 12620, '07:07:00', '07:07:00', 20 );
INSERT INTO "times" VALUES ( 19162, 12630, '07:08:00', '07:08:00', 20 );
INSERT INTO "times" VALUES ( 19162, 12640, '07:10:00', '07:10:00', 20 );
INSERT INTO "times" VALUES ( 19162, 12650, '07:11:00', '07:11:00', 20 );
INSERT INTO "times" VALUES ( 19162, 12660, '07:13:00', '07:15:00', 20 );
INSERT INTO "times" VALUES ( 19162, 12670, '07:18:00', '07:18:00', 20 );
INSERT INTO "times" VALUES ( 19162, 12680, '07:21:00', '07:25:00', 20 );
INSERT INTO "times" VALUES ( 19162, 12690, '07:28:00', '07:28:00', 20 );
INSERT INTO "times" VALUES ( 19162, 12700, '07:30:00', '07:30:00', 20 );
INSERT INTO "times" VALUES ( 19162, 12710, '07:32:00', '07:33:00', 20 );
INSERT INTO "times" VALUES ( 19162, 12720, '07:35:00', '07:35:00', 20 );
INSERT INTO "times" VALUES ( 19162, 12730, '07:37:00', '07:37:00', 20 );
INSERT INTO "times" VALUES ( 19162, 12740, '07:40:00', '07:40:00', 20 );
INSERT INTO "times" VALUES ( 19162, 12750, '07:43:00', '07:43:00', 20 );
INSERT INTO "times" VALUES ( 19162, 12760, '07:46:00', '07:46:00', 20 );
INSERT INTO "times" VALUES ( 19162, 12770, '07:50:00', '07:50:00', 20 );
INSERT INTO "times" VALUES ( 19162, 12780, '07:54:00', '07:54:00', 20 );
INSERT INTO "times" VALUES ( 19162, 12790, '07:56:00', '07:56:00', 20 );
INSERT INTO "times" VALUES ( 19162, 12800, '07:57:00', '08:02:00', 20 );
INSERT INTO "times" VALUES ( 19162, 12810, '08:04:00', '08:04:00', 20 );
INSERT INTO "times" VALUES ( 19162, 12820, '08:06:00', '08:06:00', 20 );
INSERT INTO "times" VALUES ( 19162, 12830, '08:08:00', '08:08:00', 20 );
INSERT INTO "times" VALUES ( 19162, 12840, '08:09:00', '08:09:00', 20 );
INSERT INTO "times" VALUES ( 19162, 12850, '08:10:00', '08:10:00', 20 );
INSERT INTO "times" VALUES ( 19162, 12860, '08:12:00', '08:12:00', 20 );
INSERT INTO "times" VALUES ( 19162, 12870, '08:14:00', '08:14:00', 20 );
INSERT INTO "times" VALUES ( 19162, 12880, '08:15:00', '08:15:00', 20 );
INSERT INTO "times" VALUES ( 19162, 12890, '08:17:00', '08:17:00', 20 );
INSERT INTO "times" VALUES ( 19162, 12900, '08:19:00', '08:23:00', 20 );
INSERT INTO "times" VALUES ( 19162, 13510, '08:25:00', '08:25:00', 30 );
INSERT INTO "times" VALUES ( 19162, 13520, '08:28:00', NULL, NULL );

INSERT INTO "dias" VALUES ( 19163, 100, FALSE, TRUE, 'Q0607B', 13520, 11510 );
INSERT INTO "dias_line_groups" VALUES ( 19163, 10 );
INSERT INTO "times" VALUES ( 19163, 11510, '08:47:00', NULL, NULL );
INSERT INTO "times" VALUES ( 19163, 11520, '08:44:00', '08:44:00', 10 );
INSERT INTO "times" VALUES ( 19163, 11530, '08:43:00', '08:43:00', 10 );
INSERT INTO "times" VALUES ( 19163, 11540, '08:41:00', '08:41:00', 10 );
INSERT INTO "times" VALUES ( 19163, 12530, '08:38:00', '08:40:00', 10 );
INSERT INTO "times" VALUES ( 19163, 12540, '08:32:00', '08:36:00', 20 );
INSERT INTO "times" VALUES ( 19163, 12550, '08:29:00', '08:29:00', 20 );
INSERT INTO "times" VALUES ( 19163, 12560, '08:28:00', '08:28:00', 20 );
INSERT INTO "times" VALUES ( 19163, 12570, '08:26:00', '08:26:00', 20 );
INSERT INTO "times" VALUES ( 19163, 12580, '08:25:00', '08:25:00', 20 );
INSERT INTO "times" VALUES ( 19163, 12590, '08:23:00', '08:23:00', 20 );
INSERT INTO "times" VALUES ( 19163, 12600, '08:22:00', '08:22:00', 20 );
INSERT INTO "times" VALUES ( 19163, 12610, '08:17:00', '08:21:00', 20 );
INSERT INTO "times" VALUES ( 19163, 12620, '08:15:00', '08:15:00', 20 );
INSERT INTO "times" VALUES ( 19163, 12630, '08:14:00', '08:14:00', 20 );
INSERT INTO "times" VALUES ( 19163, 12640, '08:12:00', '08:12:00', 20 );
INSERT INTO "times" VALUES ( 19163, 12650, '08:10:00', '08:10:00', 20 );
INSERT INTO "times" VALUES ( 19163, 12660, '08:08:00', '08:09:00', 20 );
INSERT INTO "times" VALUES ( 19163, 12670, '08:05:00', '08:05:00', 20 );
INSERT INTO "times" VALUES ( 19163, 12680, '07:57:00', '08:02:00', 20 );
INSERT INTO "times" VALUES ( 19163, 12690, '07:54:00', '07:54:00', 20 );
INSERT INTO "times" VALUES ( 19163, 12700, '07:52:00', '07:52:00', 20 );
INSERT INTO "times" VALUES ( 19163, 12710, '07:50:00', '07:50:00', 20 );
INSERT INTO "times" VALUES ( 19163, 12720, '07:47:00', '07:47:00', 20 );
INSERT INTO "times" VALUES ( 19163, 12730, '07:45:00', '07:45:00', 20 );
INSERT INTO "times" VALUES ( 19163, 12740, '07:43:00', '07:43:00', 20 );
INSERT INTO "times" VALUES ( 19163, 12750, '07:39:00', '07:39:00', 20 );
INSERT INTO "times" VALUES ( 19163, 12760, '07:37:00', '07:37:00', 20 );
INSERT INTO "times" VALUES ( 19163, 12770, '07:33:00', '07:33:00', 20 );
INSERT INTO "times" VALUES ( 19163, 12780, '07:28:00', '07:28:00', 20 );
INSERT INTO "times" VALUES ( 19163, 12790, '07:26:00', '07:26:00', 20 );
INSERT INTO "times" VALUES ( 19163, 12800, '07:21:00', '07:24:00', 20 );
INSERT INTO "times" VALUES ( 19163, 12810, '07:19:00', '07:19:00', 20 );
INSERT INTO "times" VALUES ( 19163, 12820, '07:17:00', '07:17:00', 20 );
INSERT INTO "times" VALUES ( 19163, 12830, '07:16:00', '07:16:00', 20 );
INSERT INTO "times" VALUES ( 19163, 12840, '07:14:00', '07:14:00', 20 );
INSERT INTO "times" VALUES ( 19163, 12850, '07:13:00', '07:13:00', 20 );
INSERT INTO "times" VALUES ( 19163, 12860, '07:11:00', '07:11:00', 20 );
INSERT INTO "times" VALUES ( 19163, 12870, '07:09:00', '07:09:00', 20 );
INSERT INTO "times" VALUES ( 19163, 12880, '07:07:00', '07:07:00', 20 );
INSERT INTO "times" VALUES ( 19163, 12890, '07:06:00', '07:06:00', 20 );
INSERT INTO "times" VALUES ( 19163, 12900, '07:01:00', '07:04:00', 20 );
INSERT INTO "times" VALUES ( 19163, 13510, '06:58:00', '06:58:00', 30 );
INSERT INTO "times" VALUES ( 19163, 13520, NULL, '06:56:00', 30 );

INSERT INTO "dias" VALUES ( 19164, 100, FALSE, TRUE, 'Q0700Z', 11510, 13520 );
INSERT INTO "dias_line_groups" VALUES ( 19164, 10 );
INSERT INTO "times" VALUES ( 19164, 11510, NULL, '07:01:00', 10 );
INSERT INTO "times" VALUES ( 19164, 11520, '07:02:00', '07:02:00', 10 );
INSERT INTO "times" VALUES ( 19164, 11530, '07:04:00', '07:04:00', 10 );
INSERT INTO "times" VALUES ( 19164, 11540, '07:06:00', '07:06:00', 10 );
INSERT INTO "times" VALUES ( 19164, 12530, '07:08:00', '07:08:00', 20 );
INSERT INTO "times" VALUES ( 19164, 12540, '07:11:00', '07:11:00', 20 );
INSERT INTO "times" VALUES ( 19164, 12550, '07:13:00', '07:13:00', 20 );
INSERT INTO "times" VALUES ( 19164, 12560, '07:15:00', '07:15:00', 20 );
INSERT INTO "times" VALUES ( 19164, 12570, '07:16:00', '07:16:00', 20 );
INSERT INTO "times" VALUES ( 19164, 12580, '07:18:00', '07:18:00', 20 );
INSERT INTO "times" VALUES ( 19164, 12590, '07:19:00', '07:19:00', 20 );
INSERT INTO "times" VALUES ( 19164, 12600, '07:20:00', '07:20:00', 20 );
INSERT INTO "times" VALUES ( 19164, 12610, '07:22:00', '07:25:00', 20 );
INSERT INTO "times" VALUES ( 19164, 12620, '07:27:00', '07:27:00', 20 );
INSERT INTO "times" VALUES ( 19164, 12630, '07:28:00', '07:28:00', 20 );
INSERT INTO "times" VALUES ( 19164, 12640, '07:30:00', '07:30:00', 20 );
INSERT INTO "times" VALUES ( 19164, 12650, '07:31:00', '07:31:00', 20 );
INSERT INTO "times" VALUES ( 19164, 12660, '07:33:00', '07:35:00', 20 );
INSERT INTO "times" VALUES ( 19164, 12670, '07:38:00', '07:38:00', 20 );
INSERT INTO "times" VALUES ( 19164, 12680, '07:41:00', '07:44:00', 20 );
INSERT INTO "times" VALUES ( 19164, 12690, '07:46:00', '07:46:00', 20 );
INSERT INTO "times" VALUES ( 19164, 12700, '07:49:00', '07:49:00', 20 );
INSERT INTO "times" VALUES ( 19164, 12710, '07:51:00', '07:54:00', 20 );
INSERT INTO "times" VALUES ( 19164, 12720, '07:57:00', '07:57:00', 20 );
INSERT INTO "times" VALUES ( 19164, 12730, '07:59:00', '07:59:00', 20 );
INSERT INTO "times" VALUES ( 19164, 12740, '08:02:00', '08:02:00', 20 );
INSERT INTO "times" VALUES ( 19164, 12750, '08:05:00', '08:05:00', 20 );
INSERT INTO "times" VALUES ( 19164, 12760, '08:08:00', '08:08:00', 20 );
INSERT INTO "times" VALUES ( 19164, 12770, '08:12:00', '08:12:00', 20 );
INSERT INTO "times" VALUES ( 19164, 12780, '08:16:00', '08:16:00', 20 );
INSERT INTO "times" VALUES ( 19164, 12790, '08:17:00', '08:17:00', 20 );
INSERT INTO "times" VALUES ( 19164, 12800, '08:19:00', '08:23:00', 20 );
INSERT INTO "times" VALUES ( 19164, 12810, '08:25:00', '08:25:00', 20 );
INSERT INTO "times" VALUES ( 19164, 12820, '08:27:00', '08:27:00', 20 );
INSERT INTO "times" VALUES ( 19164, 12830, '08:29:00', '08:29:00', 20 );
INSERT INTO "times" VALUES ( 19164, 12840, '08:30:00', '08:30:00', 20 );
INSERT INTO "times" VALUES ( 19164, 12850, '08:31:00', '08:31:00', 20 );
INSERT INTO "times" VALUES ( 19164, 12860, '08:33:00', '08:33:00', 20 );
INSERT INTO "times" VALUES ( 19164, 12870, '08:35:00', '08:35:00', 20 );
INSERT INTO "times" VALUES ( 19164, 12880, '08:36:00', '08:36:00', 20 );
INSERT INTO "times" VALUES ( 19164, 12890, '08:38:00', '08:38:00', 20 );
INSERT INTO "times" VALUES ( 19164, 12900, '08:40:00', '08:43:00', 20 );
INSERT INTO "times" VALUES ( 19164, 13510, '08:45:00', '08:45:00', 30 );
INSERT INTO "times" VALUES ( 19164, 13520, '08:48:00', NULL, NULL );

INSERT INTO "dias" VALUES ( 19165, 100, FALSE, TRUE, 'Q0701B', 13520, 11510 );
INSERT INTO "dias_line_groups" VALUES ( 19165, 10 );
INSERT INTO "times" VALUES ( 19165, 11510, '09:07:00', NULL, NULL );
INSERT INTO "times" VALUES ( 19165, 11520, '09:04:00', '09:04:00', 10 );
INSERT INTO "times" VALUES ( 19165, 11530, '09:03:00', '09:03:00', 10 );
INSERT INTO "times" VALUES ( 19165, 11540, '09:01:00', '09:01:00', 10 );
INSERT INTO "times" VALUES ( 19165, 12530, '08:59:00', '09:00:00', 10 );
INSERT INTO "times" VALUES ( 19165, 12540, '08:54:00', '08:56:00', 20 );
INSERT INTO "times" VALUES ( 19165, 12550, '08:51:00', '08:51:00', 20 );
INSERT INTO "times" VALUES ( 19165, 12560, '08:49:00', '08:49:00', 20 );
INSERT INTO "times" VALUES ( 19165, 12570, '08:48:00', '08:48:00', 20 );
INSERT INTO "times" VALUES ( 19165, 12580, '08:46:00', '08:46:00', 20 );
INSERT INTO "times" VALUES ( 19165, 12590, '08:45:00', '08:45:00', 20 );
INSERT INTO "times" VALUES ( 19165, 12600, '08:44:00', '08:44:00', 20 );
INSERT INTO "times" VALUES ( 19165, 12610, '08:37:00', '08:42:00', 20 );
INSERT INTO "times" VALUES ( 19165, 12620, '08:35:00', '08:35:00', 20 );
INSERT INTO "times" VALUES ( 19165, 12630, '08:34:00', '08:34:00', 20 );
INSERT INTO "times" VALUES ( 19165, 12640, '08:32:00', '08:32:00', 20 );
INSERT INTO "times" VALUES ( 19165, 12650, '08:30:00', '08:30:00', 20 );
INSERT INTO "times" VALUES ( 19165, 12660, '08:28:00', '08:29:00', 20 );
INSERT INTO "times" VALUES ( 19165, 12670, '08:25:00', '08:25:00', 20 );
INSERT INTO "times" VALUES ( 19165, 12680, '08:17:00', '08:22:00', 20 );
INSERT INTO "times" VALUES ( 19165, 12690, '08:14:00', '08:14:00', 20 );
INSERT INTO "times" VALUES ( 19165, 12700, '08:12:00', '08:12:00', 20 );
INSERT INTO "times" VALUES ( 19165, 12710, '08:10:00', '08:10:00', 20 );
INSERT INTO "times" VALUES ( 19165, 12720, '08:07:00', '08:07:00', 20 );
INSERT INTO "times" VALUES ( 19165, 12730, '08:05:00', '08:05:00', 20 );
INSERT INTO "times" VALUES ( 19165, 12740, '08:03:00', '08:03:00', 20 );
INSERT INTO "times" VALUES ( 19165, 12750, '07:59:00', '07:59:00', 20 );
INSERT INTO "times" VALUES ( 19165, 12760, '07:57:00', '07:57:00', 20 );
INSERT INTO "times" VALUES ( 19165, 12770, '07:53:00', '07:53:00', 20 );
INSERT INTO "times" VALUES ( 19165, 12780, '07:48:00', '07:48:00', 20 );
INSERT INTO "times" VALUES ( 19165, 12790, '07:46:00', '07:46:00', 20 );
INSERT INTO "times" VALUES ( 19165, 12800, '07:41:00', '07:44:00', 20 );
INSERT INTO "times" VALUES ( 19165, 12810, '07:39:00', '07:39:00', 20 );
INSERT INTO "times" VALUES ( 19165, 12820, '07:37:00', '07:37:00', 20 );
INSERT INTO "times" VALUES ( 19165, 12830, '07:36:00', '07:36:00', 20 );
INSERT INTO "times" VALUES ( 19165, 12840, '07:34:00', '07:34:00', 20 );
INSERT INTO "times" VALUES ( 19165, 12850, '07:33:00', '07:33:00', 20 );
INSERT INTO "times" VALUES ( 19165, 12860, '07:31:00', '07:31:00', 20 );
INSERT INTO "times" VALUES ( 19165, 12870, '07:29:00', '07:29:00', 20 );
INSERT INTO "times" VALUES ( 19165, 12880, '07:27:00', '07:27:00', 20 );
INSERT INTO "times" VALUES ( 19165, 12890, '07:26:00', '07:26:00', 20 );
INSERT INTO "times" VALUES ( 19165, 12900, '07:20:00', '07:24:00', 20 );
INSERT INTO "times" VALUES ( 19165, 13510, '07:18:00', '07:18:00', 30 );
INSERT INTO "times" VALUES ( 19165, 13520, NULL, '07:16:00', 30 );

INSERT INTO "dias" VALUES ( 19166, 100, FALSE, TRUE, 'Q0702Z', 11510, 13520 );
INSERT INTO "dias_line_groups" VALUES ( 19166, 10 );
INSERT INTO "times" VALUES ( 19166, 11510, NULL, '07:31:00', 10 );
INSERT INTO "times" VALUES ( 19166, 11520, '07:32:00', '07:32:00', 10 );
INSERT INTO "times" VALUES ( 19166, 11530, '07:34:00', '07:34:00', 10 );
INSERT INTO "times" VALUES ( 19166, 11540, '07:36:00', '07:36:00', 10 );
INSERT INTO "times" VALUES ( 19166, 12530, '07:38:00', '07:38:00', 20 );
INSERT INTO "times" VALUES ( 19166, 12540, '07:41:00', '07:41:00', 20 );
INSERT INTO "times" VALUES ( 19166, 12550, '07:43:00', '07:43:00', 20 );
INSERT INTO "times" VALUES ( 19166, 12560, '07:45:00', '07:45:00', 20 );
INSERT INTO "times" VALUES ( 19166, 12570, '07:46:00', '07:46:00', 20 );
INSERT INTO "times" VALUES ( 19166, 12580, '07:48:00', '07:48:00', 20 );
INSERT INTO "times" VALUES ( 19166, 12590, '07:49:00', '07:49:00', 20 );
INSERT INTO "times" VALUES ( 19166, 12600, '07:50:00', '07:50:00', 20 );
INSERT INTO "times" VALUES ( 19166, 12610, '07:52:00', '07:55:00', 20 );
INSERT INTO "times" VALUES ( 19166, 12620, '07:57:00', '07:57:00', 20 );
INSERT INTO "times" VALUES ( 19166, 12630, '07:58:00', '07:58:00', 20 );
INSERT INTO "times" VALUES ( 19166, 12640, '08:00:00', '08:00:00', 20 );
INSERT INTO "times" VALUES ( 19166, 12650, '08:01:00', '08:01:00', 20 );
INSERT INTO "times" VALUES ( 19166, 12660, '08:03:00', '08:05:00', 20 );
INSERT INTO "times" VALUES ( 19166, 12670, '08:08:00', '08:08:00', 20 );
INSERT INTO "times" VALUES ( 19166, 12680, '08:11:00', '08:14:00', 20 );
INSERT INTO "times" VALUES ( 19166, 12690, '08:16:00', '08:16:00', 20 );
INSERT INTO "times" VALUES ( 19166, 12700, '08:19:00', '08:19:00', 20 );
INSERT INTO "times" VALUES ( 19166, 12710, '08:21:00', '08:25:00', 20 );
INSERT INTO "times" VALUES ( 19166, 12720, '08:27:00', '08:27:00', 20 );
INSERT INTO "times" VALUES ( 19166, 12730, '08:29:00', '08:29:00', 20 );
INSERT INTO "times" VALUES ( 19166, 12740, '08:32:00', '08:32:00', 20 );
INSERT INTO "times" VALUES ( 19166, 12750, '08:35:00', '08:35:00', 20 );
INSERT INTO "times" VALUES ( 19166, 12760, '08:38:00', '08:38:00', 20 );
INSERT INTO "times" VALUES ( 19166, 12770, '08:42:00', '08:42:00', 20 );
INSERT INTO "times" VALUES ( 19166, 12780, '08:46:00', '08:46:00', 20 );
INSERT INTO "times" VALUES ( 19166, 12790, '08:47:00', '08:47:00', 20 );
INSERT INTO "times" VALUES ( 19166, 12800, '08:49:00', '08:53:00', 20 );
INSERT INTO "times" VALUES ( 19166, 12810, '08:55:00', '08:55:00', 20 );
INSERT INTO "times" VALUES ( 19166, 12820, '08:56:00', '08:56:00', 20 );
INSERT INTO "times" VALUES ( 19166, 12830, '08:58:00', '08:58:00', 20 );
INSERT INTO "times" VALUES ( 19166, 12840, '08:59:00', '08:59:00', 20 );
INSERT INTO "times" VALUES ( 19166, 12850, '09:01:00', '09:01:00', 20 );
INSERT INTO "times" VALUES ( 19166, 12860, '09:02:00', '09:02:00', 20 );
INSERT INTO "times" VALUES ( 19166, 12870, '09:04:00', '09:04:00', 20 );
INSERT INTO "times" VALUES ( 19166, 12880, '09:06:00', '09:06:00', 20 );
INSERT INTO "times" VALUES ( 19166, 12890, '09:08:00', '09:08:00', 20 );
INSERT INTO "times" VALUES ( 19166, 12900, '09:09:00', '09:13:00', 20 );
INSERT INTO "times" VALUES ( 19166, 13510, '09:15:00', '09:15:00', 30 );
INSERT INTO "times" VALUES ( 19166, 13520, '09:18:00', NULL, NULL );

INSERT INTO "dias" VALUES ( 19167, 100, FALSE, TRUE, 'Q0703B', 13520, 11510 );
INSERT INTO "dias_line_groups" VALUES ( 19167, 10 );
INSERT INTO "times" VALUES ( 19167, 11510, '09:27:00', NULL, NULL );
INSERT INTO "times" VALUES ( 19167, 11520, '09:24:00', '09:24:00', 10 );
INSERT INTO "times" VALUES ( 19167, 11530, '09:23:00', '09:23:00', 10 );
INSERT INTO "times" VALUES ( 19167, 11540, '09:21:00', '09:21:00', 10 );
INSERT INTO "times" VALUES ( 19167, 12530, '09:20:00', '09:20:00', 10 );
INSERT INTO "times" VALUES ( 19167, 12540, '09:14:00', '09:17:00', 20 );
INSERT INTO "times" VALUES ( 19167, 12550, '09:11:00', '09:11:00', 20 );
INSERT INTO "times" VALUES ( 19167, 12560, '09:10:00', '09:10:00', 20 );
INSERT INTO "times" VALUES ( 19167, 12570, '09:08:00', '09:08:00', 20 );
INSERT INTO "times" VALUES ( 19167, 12580, '09:07:00', '09:07:00', 20 );
INSERT INTO "times" VALUES ( 19167, 12590, '09:05:00', '09:05:00', 20 );
INSERT INTO "times" VALUES ( 19167, 12600, '09:04:00', '09:04:00', 20 );
INSERT INTO "times" VALUES ( 19167, 12610, '09:01:00', '09:03:00', 20 );
INSERT INTO "times" VALUES ( 19167, 12620, '08:59:00', '08:59:00', 20 );
INSERT INTO "times" VALUES ( 19167, 12630, '08:57:00', '08:57:00', 20 );
INSERT INTO "times" VALUES ( 19167, 12640, '08:55:00', '08:55:00', 20 );
INSERT INTO "times" VALUES ( 19167, 12650, '08:54:00', '08:54:00', 20 );
INSERT INTO "times" VALUES ( 19167, 12660, '08:52:00', '08:52:00', 20 );
INSERT INTO "times" VALUES ( 19167, 12670, '08:48:00', '08:48:00', 20 );
INSERT INTO "times" VALUES ( 19167, 12680, '08:41:00', '08:45:00', 20 );
INSERT INTO "times" VALUES ( 19167, 12690, '08:39:00', '08:39:00', 20 );
INSERT INTO "times" VALUES ( 19167, 12700, '08:37:00', '08:37:00', 20 );
INSERT INTO "times" VALUES ( 19167, 12710, '08:31:00', '08:35:00', 20 );
INSERT INTO "times" VALUES ( 19167, 12720, '08:28:00', '08:28:00', 20 );
INSERT INTO "times" VALUES ( 19167, 12730, '08:26:00', '08:26:00', 20 );
INSERT INTO "times" VALUES ( 19167, 12740, '08:24:00', '08:24:00', 20 );
INSERT INTO "times" VALUES ( 19167, 12750, '08:20:00', '08:20:00', 20 );
INSERT INTO "times" VALUES ( 19167, 12760, '08:18:00', '08:18:00', 20 );
INSERT INTO "times" VALUES ( 19167, 12770, '08:14:00', '08:14:00', 20 );
INSERT INTO "times" VALUES ( 19167, 12780, '08:09:00', '08:09:00', 20 );
INSERT INTO "times" VALUES ( 19167, 12790, '08:07:00', '08:07:00', 20 );
INSERT INTO "times" VALUES ( 19167, 12800, '08:02:00', '08:05:00', 20 );
INSERT INTO "times" VALUES ( 19167, 12810, '07:59:00', '07:59:00', 20 );
INSERT INTO "times" VALUES ( 19167, 12820, '07:58:00', '07:58:00', 20 );
INSERT INTO "times" VALUES ( 19167, 12830, '07:57:00', '07:57:00', 20 );
INSERT INTO "times" VALUES ( 19167, 12840, '07:55:00', '07:55:00', 20 );
INSERT INTO "times" VALUES ( 19167, 12850, '07:53:00', '07:53:00', 20 );
INSERT INTO "times" VALUES ( 19167, 12860, '07:51:00', '07:51:00', 20 );
INSERT INTO "times" VALUES ( 19167, 12870, '07:49:00', '07:49:00', 20 );
INSERT INTO "times" VALUES ( 19167, 12880, '07:48:00', '07:48:00', 20 );
INSERT INTO "times" VALUES ( 19167, 12890, '07:46:00', '07:46:00', 20 );
INSERT INTO "times" VALUES ( 19167, 12900, '07:39:00', '07:44:00', 20 );
INSERT INTO "times" VALUES ( 19167, 13510, '07:37:00', '07:37:00', 30 );
INSERT INTO "times" VALUES ( 19167, 13520, NULL, '07:35:00', 30 );

INSERT INTO "dias" VALUES ( 19168, 100, FALSE, TRUE, 'Q0704Z', 11510, 13520 );
INSERT INTO "dias_line_groups" VALUES ( 19168, 10 );
INSERT INTO "times" VALUES ( 19168, 11510, NULL, '07:54:00', 10 );
INSERT INTO "times" VALUES ( 19168, 11520, '07:56:00', '07:56:00', 10 );
INSERT INTO "times" VALUES ( 19168, 11530, '07:57:00', '07:57:00', 10 );
INSERT INTO "times" VALUES ( 19168, 11540, '07:59:00', '07:59:00', 10 );
INSERT INTO "times" VALUES ( 19168, 12530, '08:02:00', '08:02:00', 20 );
INSERT INTO "times" VALUES ( 19168, 12540, '08:04:00', '08:12:00', 20 );
INSERT INTO "times" VALUES ( 19168, 12550, '08:14:00', '08:14:00', 20 );
INSERT INTO "times" VALUES ( 19168, 12560, '08:15:00', '08:15:00', 20 );
INSERT INTO "times" VALUES ( 19168, 12570, '08:17:00', '08:17:00', 20 );
INSERT INTO "times" VALUES ( 19168, 12580, '08:19:00', '08:19:00', 20 );
INSERT INTO "times" VALUES ( 19168, 12590, '08:20:00', '08:20:00', 20 );
INSERT INTO "times" VALUES ( 19168, 12600, '08:21:00', '08:21:00', 20 );
INSERT INTO "times" VALUES ( 19168, 12610, '08:23:00', '08:25:00', 20 );
INSERT INTO "times" VALUES ( 19168, 12620, '08:27:00', '08:27:00', 20 );
INSERT INTO "times" VALUES ( 19168, 12630, '08:28:00', '08:28:00', 20 );
INSERT INTO "times" VALUES ( 19168, 12640, '08:30:00', '08:30:00', 20 );
INSERT INTO "times" VALUES ( 19168, 12650, '08:32:00', '08:32:00', 20 );
INSERT INTO "times" VALUES ( 19168, 12660, '08:34:00', '08:34:00', 20 );
INSERT INTO "times" VALUES ( 19168, 12670, '08:37:00', '08:37:00', 20 );
INSERT INTO "times" VALUES ( 19168, 12680, '08:40:00', '08:40:00', 20 );
INSERT INTO "times" VALUES ( 19168, 12690, '08:42:00', '08:42:00', 20 );
INSERT INTO "times" VALUES ( 19168, 12700, '08:45:00', '08:45:00', 20 );
INSERT INTO "times" VALUES ( 19168, 12710, '08:47:00', '08:53:00', 20 );
INSERT INTO "times" VALUES ( 19168, 12720, '08:55:00', '08:55:00', 20 );
INSERT INTO "times" VALUES ( 19168, 12730, '08:58:00', '08:58:00', 20 );
INSERT INTO "times" VALUES ( 19168, 12740, '09:00:00', '09:02:00', 20 );
INSERT INTO "times" VALUES ( 19168, 12750, '09:04:00', '09:04:00', 20 );
INSERT INTO "times" VALUES ( 19168, 12760, '09:07:00', '09:07:00', 20 );
INSERT INTO "times" VALUES ( 19168, 12770, '09:11:00', '09:11:00', 20 );
INSERT INTO "times" VALUES ( 19168, 12780, '09:16:00', '09:16:00', 20 );
INSERT INTO "times" VALUES ( 19168, 12790, '09:17:00', '09:17:00', 20 );
INSERT INTO "times" VALUES ( 19168, 12800, '09:19:00', '09:23:00', 20 );
INSERT INTO "times" VALUES ( 19168, 12810, '09:24:00', '09:24:00', 20 );
INSERT INTO "times" VALUES ( 19168, 12820, '09:26:00', '09:26:00', 20 );
INSERT INTO "times" VALUES ( 19168, 12830, '09:28:00', '09:28:00', 20 );
INSERT INTO "times" VALUES ( 19168, 12840, '09:29:00', '09:29:00', 20 );
INSERT INTO "times" VALUES ( 19168, 12850, '09:31:00', '09:31:00', 20 );
INSERT INTO "times" VALUES ( 19168, 12860, '09:32:00', '09:32:00', 20 );
INSERT INTO "times" VALUES ( 19168, 12870, '09:34:00', '09:34:00', 20 );
INSERT INTO "times" VALUES ( 19168, 12880, '09:36:00', '09:36:00', 20 );
INSERT INTO "times" VALUES ( 19168, 12890, '09:38:00', '09:38:00', 20 );
INSERT INTO "times" VALUES ( 19168, 12900, '09:39:00', '09:43:00', 20 );
INSERT INTO "times" VALUES ( 19168, 13510, '09:45:00', '09:45:00', 30 );
INSERT INTO "times" VALUES ( 19168, 13520, '09:48:00', NULL, NULL );

INSERT INTO "dias" VALUES ( 19169, 100, FALSE, TRUE, 'Q0705B', 13520, 11510 );
INSERT INTO "dias_line_groups" VALUES ( 19169, 10 );
INSERT INTO "times" VALUES ( 19169, 11510, '09:47:00', NULL, NULL );
INSERT INTO "times" VALUES ( 19169, 11520, '09:44:00', '09:44:00', 10 );
INSERT INTO "times" VALUES ( 19169, 11530, '09:43:00', '09:43:00', 10 );
INSERT INTO "times" VALUES ( 19169, 11540, '09:41:00', '09:41:00', 10 );
INSERT INTO "times" VALUES ( 19169, 12530, '09:40:00', '09:40:00', 10 );
INSERT INTO "times" VALUES ( 19169, 12540, '09:30:00', '09:37:00', 20 );
INSERT INTO "times" VALUES ( 19169, 12550, '09:28:00', '09:28:00', 20 );
INSERT INTO "times" VALUES ( 19169, 12560, '09:26:00', '09:26:00', 20 );
INSERT INTO "times" VALUES ( 19169, 12570, '09:24:00', '09:24:00', 20 );
INSERT INTO "times" VALUES ( 19169, 12580, '09:23:00', '09:23:00', 20 );
INSERT INTO "times" VALUES ( 19169, 12590, '09:22:00', '09:22:00', 20 );
INSERT INTO "times" VALUES ( 19169, 12600, '09:20:00', '09:20:00', 20 );
INSERT INTO "times" VALUES ( 19169, 12610, '09:15:00', '09:19:00', 20 );
INSERT INTO "times" VALUES ( 19169, 12620, '09:13:00', '09:13:00', 20 );
INSERT INTO "times" VALUES ( 19169, 12630, '09:11:00', '09:11:00', 20 );
INSERT INTO "times" VALUES ( 19169, 12640, '09:10:00', '09:10:00', 20 );
INSERT INTO "times" VALUES ( 19169, 12650, '09:08:00', '09:08:00', 20 );
INSERT INTO "times" VALUES ( 19169, 12660, '09:05:00', '09:06:00', 20 );
INSERT INTO "times" VALUES ( 19169, 12670, '09:02:00', '09:02:00', 20 );
INSERT INTO "times" VALUES ( 19169, 12680, '08:59:00', '08:59:00', 20 );
INSERT INTO "times" VALUES ( 19169, 12690, '08:57:00', '08:57:00', 20 );
INSERT INTO "times" VALUES ( 19169, 12700, '08:54:00', '08:54:00', 20 );
INSERT INTO "times" VALUES ( 19169, 12710, '08:52:00', '08:53:00', 20 );
INSERT INTO "times" VALUES ( 19169, 12720, '08:49:00', '08:49:00', 20 );
INSERT INTO "times" VALUES ( 19169, 12730, '08:47:00', '08:47:00', 20 );
INSERT INTO "times" VALUES ( 19169, 12740, '08:38:00', '08:44:00', 20 );
INSERT INTO "times" VALUES ( 19169, 12750, '08:34:00', '08:34:00', 20 );
INSERT INTO "times" VALUES ( 19169, 12760, '08:32:00', '08:32:00', 20 );
INSERT INTO "times" VALUES ( 19169, 12770, '08:27:00', '08:28:00', 20 );
INSERT INTO "times" VALUES ( 19169, 12780, '08:22:00', '08:23:00', 20 );
INSERT INTO "times" VALUES ( 19169, 12790, '08:20:00', '08:20:00', 20 );
INSERT INTO "times" VALUES ( 19169, 12800, '08:19:00', '08:19:00', 20 );
INSERT INTO "times" VALUES ( 19169, 12810, '08:16:00', '08:16:00', 20 );
INSERT INTO "times" VALUES ( 19169, 12820, '08:15:00', '08:15:00', 20 );
INSERT INTO "times" VALUES ( 19169, 12830, '08:10:00', '08:13:00', 20 );
INSERT INTO "times" VALUES ( 19169, 12840, '08:08:00', '08:08:00', 20 );
INSERT INTO "times" VALUES ( 19169, 12850, '08:06:00', '08:06:00', 20 );
INSERT INTO "times" VALUES ( 19169, 12860, '08:04:00', '08:04:00', 20 );
INSERT INTO "times" VALUES ( 19169, 12870, '08:03:00', '08:03:00', 20 );
INSERT INTO "times" VALUES ( 19169, 12880, '08:01:00', '08:01:00', 20 );
INSERT INTO "times" VALUES ( 19169, 12890, '07:59:00', '07:59:00', 20 );
INSERT INTO "times" VALUES ( 19169, 12900, '07:57:00', '07:58:00', 20 );
INSERT INTO "times" VALUES ( 19169, 13510, '07:55:00', '07:55:00', 30 );
INSERT INTO "times" VALUES ( 19169, 13520, NULL, '07:53:00', 30 );

INSERT INTO "dias" VALUES ( 19170, 100, FALSE, TRUE, 'Q0800Z', 11510, 13520 );
INSERT INTO "dias_line_groups" VALUES ( 19170, 10 );
INSERT INTO "times" VALUES ( 19170, 11510, NULL, '08:04:00', 10 );
INSERT INTO "times" VALUES ( 19170, 11520, '08:05:00', '08:05:00', 10 );
INSERT INTO "times" VALUES ( 19170, 11530, '08:07:00', '08:07:00', 10 );
INSERT INTO "times" VALUES ( 19170, 11540, '08:09:00', '08:09:00', 10 );
INSERT INTO "times" VALUES ( 19170, 12530, '08:11:00', '08:12:00', 20 );
INSERT INTO "times" VALUES ( 19170, 12540, '08:14:00', '08:22:00', 20 );
INSERT INTO "times" VALUES ( 19170, 12550, '08:24:00', '08:24:00', 20 );
INSERT INTO "times" VALUES ( 19170, 12560, '08:25:00', '08:25:00', 20 );
INSERT INTO "times" VALUES ( 19170, 12570, '08:27:00', '08:27:00', 20 );
INSERT INTO "times" VALUES ( 19170, 12580, '08:29:00', '08:29:00', 20 );
INSERT INTO "times" VALUES ( 19170, 12590, '08:30:00', '08:30:00', 20 );
INSERT INTO "times" VALUES ( 19170, 12600, '08:31:00', '08:31:00', 20 );
INSERT INTO "times" VALUES ( 19170, 12610, '08:33:00', '08:35:00', 20 );
INSERT INTO "times" VALUES ( 19170, 12620, '08:37:00', '08:37:00', 20 );
INSERT INTO "times" VALUES ( 19170, 12630, '08:38:00', '08:38:00', 20 );
INSERT INTO "times" VALUES ( 19170, 12640, '08:40:00', '08:40:00', 20 );
INSERT INTO "times" VALUES ( 19170, 12650, '08:42:00', '08:42:00', 20 );
INSERT INTO "times" VALUES ( 19170, 12660, '08:44:00', '08:44:00', 20 );
INSERT INTO "times" VALUES ( 19170, 12670, '08:47:00', '08:47:00', 20 );
INSERT INTO "times" VALUES ( 19170, 12680, '08:51:00', '08:51:00', 20 );
INSERT INTO "times" VALUES ( 19170, 12690, '08:52:00', '08:52:00', 20 );
INSERT INTO "times" VALUES ( 19170, 12700, '08:55:00', '08:55:00', 20 );
INSERT INTO "times" VALUES ( 19170, 12710, '08:57:00', '08:58:00', 20 );
INSERT INTO "times" VALUES ( 19170, 12720, '08:59:00', '08:59:00', 20 );
INSERT INTO "times" VALUES ( 19170, 12730, '09:02:00', '09:02:00', 20 );
INSERT INTO "times" VALUES ( 19170, 12740, '09:05:00', '09:10:00', 20 );
INSERT INTO "times" VALUES ( 19170, 12750, '09:13:00', '09:13:00', 20 );
INSERT INTO "times" VALUES ( 19170, 12760, '09:16:00', '09:16:00', 20 );
INSERT INTO "times" VALUES ( 19170, 12770, '09:20:00', '09:21:00', 20 );
INSERT INTO "times" VALUES ( 19170, 12780, '09:25:00', '09:25:00', 20 );
INSERT INTO "times" VALUES ( 19170, 12790, '09:26:00', '09:26:00', 20 );
INSERT INTO "times" VALUES ( 19170, 12800, '09:28:00', '09:32:00', 20 );
INSERT INTO "times" VALUES ( 19170, 12810, '09:34:00', '09:34:00', 20 );
INSERT INTO "times" VALUES ( 19170, 12820, '09:35:00', '09:35:00', 20 );
INSERT INTO "times" VALUES ( 19170, 12830, '09:37:00', '09:39:00', 20 );
INSERT INTO "times" VALUES ( 19170, 12840, '09:41:00', '09:41:00', 20 );
INSERT INTO "times" VALUES ( 19170, 12850, '09:42:00', '09:42:00', 20 );
INSERT INTO "times" VALUES ( 19170, 12860, '09:44:00', '09:44:00', 20 );
INSERT INTO "times" VALUES ( 19170, 12870, '09:45:00', '09:45:00', 20 );
INSERT INTO "times" VALUES ( 19170, 12880, '09:47:00', '09:47:00', 20 );
INSERT INTO "times" VALUES ( 19170, 12890, '09:49:00', '09:49:00', 20 );
INSERT INTO "times" VALUES ( 19170, 12900, '09:50:00', '09:54:00', 20 );
INSERT INTO "times" VALUES ( 19170, 13510, '09:56:00', '09:56:00', 30 );
INSERT INTO "times" VALUES ( 19170, 13520, '09:59:00', NULL, NULL );

INSERT INTO "dias" VALUES ( 19171, 100, FALSE, TRUE, 'Q0801B', 13520, 11510 );
INSERT INTO "dias_line_groups" VALUES ( 19171, 10 );
INSERT INTO "times" VALUES ( 19171, 11510, '09:57:00', NULL, NULL );
INSERT INTO "times" VALUES ( 19171, 11520, '09:54:00', '09:54:00', 10 );
INSERT INTO "times" VALUES ( 19171, 11530, '09:53:00', '09:53:00', 10 );
INSERT INTO "times" VALUES ( 19171, 11540, '09:51:00', '09:51:00', 10 );
INSERT INTO "times" VALUES ( 19171, 12530, '09:50:00', '09:50:00', 10 );
INSERT INTO "times" VALUES ( 19171, 12540, '09:40:00', '09:47:00', 20 );
INSERT INTO "times" VALUES ( 19171, 12550, '09:38:00', '09:38:00', 20 );
INSERT INTO "times" VALUES ( 19171, 12560, '09:36:00', '09:36:00', 20 );
INSERT INTO "times" VALUES ( 19171, 12570, '09:34:00', '09:34:00', 20 );
INSERT INTO "times" VALUES ( 19171, 12580, '09:33:00', '09:33:00', 20 );
INSERT INTO "times" VALUES ( 19171, 12590, '09:32:00', '09:32:00', 20 );
INSERT INTO "times" VALUES ( 19171, 12600, '09:30:00', '09:30:00', 20 );
INSERT INTO "times" VALUES ( 19171, 12610, '09:25:00', '09:29:00', 20 );
INSERT INTO "times" VALUES ( 19171, 12620, '09:23:00', '09:23:00', 20 );
INSERT INTO "times" VALUES ( 19171, 12630, '09:21:00', '09:21:00', 20 );
INSERT INTO "times" VALUES ( 19171, 12640, '09:20:00', '09:20:00', 20 );
INSERT INTO "times" VALUES ( 19171, 12650, '09:18:00', '09:18:00', 20 );
INSERT INTO "times" VALUES ( 19171, 12660, '09:15:00', '09:16:00', 20 );
INSERT INTO "times" VALUES ( 19171, 12670, '09:12:00', '09:12:00', 20 );
INSERT INTO "times" VALUES ( 19171, 12680, '09:06:00', '09:09:00', 20 );
INSERT INTO "times" VALUES ( 19171, 12690, '09:03:00', '09:03:00', 20 );
INSERT INTO "times" VALUES ( 19171, 12700, '09:01:00', '09:01:00', 20 );
INSERT INTO "times" VALUES ( 19171, 12710, '08:55:00', '08:59:00', 20 );
INSERT INTO "times" VALUES ( 19171, 12720, '08:53:00', '08:53:00', 20 );
INSERT INTO "times" VALUES ( 19171, 12730, '08:50:00', '08:50:00', 20 );
INSERT INTO "times" VALUES ( 19171, 12740, '08:48:00', '08:48:00', 20 );
INSERT INTO "times" VALUES ( 19171, 12750, '08:44:00', '08:44:00', 20 );
INSERT INTO "times" VALUES ( 19171, 12760, '08:42:00', '08:42:00', 20 );
INSERT INTO "times" VALUES ( 19171, 12770, '08:38:00', '08:38:00', 20 );
INSERT INTO "times" VALUES ( 19171, 12780, '08:34:00', '08:34:00', 20 );
INSERT INTO "times" VALUES ( 19171, 12790, '08:31:00', '08:31:00', 20 );
INSERT INTO "times" VALUES ( 19171, 12800, '08:25:00', '08:29:00', 20 );
INSERT INTO "times" VALUES ( 19171, 12810, '08:22:00', '08:22:00', 20 );
INSERT INTO "times" VALUES ( 19171, 12820, '08:21:00', '08:21:00', 20 );
INSERT INTO "times" VALUES ( 19171, 12830, '08:20:00', '08:20:00', 20 );
INSERT INTO "times" VALUES ( 19171, 12840, '08:18:00', '08:18:00', 20 );
INSERT INTO "times" VALUES ( 19171, 12850, '08:16:00', '08:16:00', 20 );
INSERT INTO "times" VALUES ( 19171, 12860, '08:14:00', '08:14:00', 20 );
INSERT INTO "times" VALUES ( 19171, 12870, '08:12:00', '08:12:00', 20 );
INSERT INTO "times" VALUES ( 19171, 12880, '08:11:00', '08:11:00', 20 );
INSERT INTO "times" VALUES ( 19171, 12890, '08:09:00', '08:09:00', 20 );
INSERT INTO "times" VALUES ( 19171, 12900, '08:08:00', '08:08:00', 20 );
INSERT INTO "times" VALUES ( 19171, 13510, '08:05:00', '08:05:00', 30 );
INSERT INTO "times" VALUES ( 19171, 13520, NULL, '08:03:00', 30 );

INSERT INTO "dias" VALUES ( 19172, 100, FALSE, TRUE, 'Q0802Z', 11510, 13520 );
INSERT INTO "dias_line_groups" VALUES ( 19172, 10 );
INSERT INTO "times" VALUES ( 19172, 11510, NULL, '08:14:00', 10 );
INSERT INTO "times" VALUES ( 19172, 11520, '08:15:00', '08:15:00', 10 );
INSERT INTO "times" VALUES ( 19172, 11530, '08:17:00', '08:17:00', 10 );
INSERT INTO "times" VALUES ( 19172, 11540, '08:19:00', '08:19:00', 10 );
INSERT INTO "times" VALUES ( 19172, 12530, '08:21:00', '08:22:00', 20 );
INSERT INTO "times" VALUES ( 19172, 12540, '08:24:00', '08:32:00', 20 );
INSERT INTO "times" VALUES ( 19172, 12550, '08:34:00', '08:34:00', 20 );
INSERT INTO "times" VALUES ( 19172, 12560, '08:35:00', '08:35:00', 20 );
INSERT INTO "times" VALUES ( 19172, 12570, '08:37:00', '08:37:00', 20 );
INSERT INTO "times" VALUES ( 19172, 12580, '08:39:00', '08:39:00', 20 );
INSERT INTO "times" VALUES ( 19172, 12590, '08:40:00', '08:40:00', 20 );
INSERT INTO "times" VALUES ( 19172, 12600, '08:41:00', '08:41:00', 20 );
INSERT INTO "times" VALUES ( 19172, 12610, '08:43:00', '08:45:00', 20 );
INSERT INTO "times" VALUES ( 19172, 12620, '08:47:00', '08:47:00', 20 );
INSERT INTO "times" VALUES ( 19172, 12630, '08:48:00', '08:48:00', 20 );
INSERT INTO "times" VALUES ( 19172, 12640, '08:50:00', '08:50:00', 20 );
INSERT INTO "times" VALUES ( 19172, 12650, '08:52:00', '08:52:00', 20 );
INSERT INTO "times" VALUES ( 19172, 12660, '08:54:00', '08:56:00', 20 );
INSERT INTO "times" VALUES ( 19172, 12670, '08:59:00', '08:59:00', 20 );
INSERT INTO "times" VALUES ( 19172, 12680, '09:02:00', '09:02:00', 20 );
INSERT INTO "times" VALUES ( 19172, 12690, '09:03:00', '09:03:00', 20 );
INSERT INTO "times" VALUES ( 19172, 12700, '09:06:00', '09:06:00', 20 );
INSERT INTO "times" VALUES ( 19172, 12710, '09:08:00', '09:13:00', 20 );
INSERT INTO "times" VALUES ( 19172, 12720, '09:15:00', '09:15:00', 20 );
INSERT INTO "times" VALUES ( 19172, 12730, '09:17:00', '09:17:00', 20 );
INSERT INTO "times" VALUES ( 19172, 12740, '09:20:00', '09:20:00', 20 );
INSERT INTO "times" VALUES ( 19172, 12750, '09:23:00', '09:23:00', 20 );
INSERT INTO "times" VALUES ( 19172, 12760, '09:26:00', '09:26:00', 20 );
INSERT INTO "times" VALUES ( 19172, 12770, '09:29:00', '09:32:00', 20 );
INSERT INTO "times" VALUES ( 19172, 12780, '09:37:00', '09:37:00', 20 );
INSERT INTO "times" VALUES ( 19172, 12790, '09:38:00', '09:38:00', 20 );
INSERT INTO "times" VALUES ( 19172, 12800, '09:40:00', '09:43:00', 20 );
INSERT INTO "times" VALUES ( 19172, 12810, '09:45:00', '09:45:00', 20 );
INSERT INTO "times" VALUES ( 19172, 12820, '09:47:00', '09:47:00', 20 );
INSERT INTO "times" VALUES ( 19172, 12830, '09:49:00', '09:49:00', 20 );
INSERT INTO "times" VALUES ( 19172, 12840, '09:50:00', '09:50:00', 20 );
INSERT INTO "times" VALUES ( 19172, 12850, '09:51:00', '09:51:00', 20 );
INSERT INTO "times" VALUES ( 19172, 12860, '09:53:00', '09:53:00', 20 );
INSERT INTO "times" VALUES ( 19172, 12870, '09:55:00', '09:55:00', 20 );
INSERT INTO "times" VALUES ( 19172, 12880, '09:57:00', '09:57:00', 20 );
INSERT INTO "times" VALUES ( 19172, 12890, '09:58:00', '09:58:00', 20 );
INSERT INTO "times" VALUES ( 19172, 12900, '10:00:00', '10:04:00', 20 );
INSERT INTO "times" VALUES ( 19172, 13510, '10:06:00', '10:06:00', 30 );
INSERT INTO "times" VALUES ( 19172, 13520, '10:08:00', NULL, NULL );

INSERT INTO "dias" VALUES ( 19173, 100, FALSE, TRUE, 'Q0803B', 13520, 11510 );
INSERT INTO "dias_line_groups" VALUES ( 19173, 10 );
INSERT INTO "times" VALUES ( 19173, 11510, '10:17:00', NULL, NULL );
INSERT INTO "times" VALUES ( 19173, 11520, '10:14:00', '10:14:00', 10 );
INSERT INTO "times" VALUES ( 19173, 11530, '10:13:00', '10:13:00', 10 );
INSERT INTO "times" VALUES ( 19173, 11540, '10:11:00', '10:11:00', 10 );
INSERT INTO "times" VALUES ( 19173, 12530, '10:10:00', '10:10:00', 10 );
INSERT INTO "times" VALUES ( 19173, 12540, '10:00:00', '10:07:00', 20 );
INSERT INTO "times" VALUES ( 19173, 12550, '09:58:00', '09:58:00', 20 );
INSERT INTO "times" VALUES ( 19173, 12560, '09:56:00', '09:56:00', 20 );
INSERT INTO "times" VALUES ( 19173, 12570, '09:54:00', '09:54:00', 20 );
INSERT INTO "times" VALUES ( 19173, 12580, '09:53:00', '09:53:00', 20 );
INSERT INTO "times" VALUES ( 19173, 12590, '09:52:00', '09:52:00', 20 );
INSERT INTO "times" VALUES ( 19173, 12600, '09:50:00', '09:50:00', 20 );
INSERT INTO "times" VALUES ( 19173, 12610, '09:45:00', '09:49:00', 20 );
INSERT INTO "times" VALUES ( 19173, 12620, '09:43:00', '09:43:00', 20 );
INSERT INTO "times" VALUES ( 19173, 12630, '09:41:00', '09:41:00', 20 );
INSERT INTO "times" VALUES ( 19173, 12640, '09:40:00', '09:40:00', 20 );
INSERT INTO "times" VALUES ( 19173, 12650, '09:38:00', '09:38:00', 20 );
INSERT INTO "times" VALUES ( 19173, 12660, '09:35:00', '09:36:00', 20 );
INSERT INTO "times" VALUES ( 19173, 12670, '09:32:00', '09:32:00', 20 );
INSERT INTO "times" VALUES ( 19173, 12680, '09:26:00', '09:29:00', 20 );
INSERT INTO "times" VALUES ( 19173, 12690, '09:23:00', '09:23:00', 20 );
INSERT INTO "times" VALUES ( 19173, 12700, '09:21:00', '09:21:00', 20 );
INSERT INTO "times" VALUES ( 19173, 12710, '09:15:00', '09:19:00', 20 );
INSERT INTO "times" VALUES ( 19173, 12720, '09:13:00', '09:13:00', 20 );
INSERT INTO "times" VALUES ( 19173, 12730, '09:10:00', '09:10:00', 20 );
INSERT INTO "times" VALUES ( 19173, 12740, '09:08:00', '09:08:00', 20 );
INSERT INTO "times" VALUES ( 19173, 12750, '09:04:00', '09:04:00', 20 );
INSERT INTO "times" VALUES ( 19173, 12760, '09:02:00', '09:02:00', 20 );
INSERT INTO "times" VALUES ( 19173, 12770, '08:58:00', '08:58:00', 20 );
INSERT INTO "times" VALUES ( 19173, 12780, '08:54:00', '08:54:00', 20 );
INSERT INTO "times" VALUES ( 19173, 12790, '08:51:00', '08:51:00', 20 );
INSERT INTO "times" VALUES ( 19173, 12800, '08:46:00', '08:49:00', 20 );
INSERT INTO "times" VALUES ( 19173, 12810, '08:44:00', '08:44:00', 20 );
INSERT INTO "times" VALUES ( 19173, 12820, '08:42:00', '08:42:00', 20 );
INSERT INTO "times" VALUES ( 19173, 12830, '08:41:00', '08:41:00', 20 );
INSERT INTO "times" VALUES ( 19173, 12840, '08:39:00', '08:39:00', 20 );
INSERT INTO "times" VALUES ( 19173, 12850, '08:37:00', '08:37:00', 20 );
INSERT INTO "times" VALUES ( 19173, 12860, '08:35:00', '08:35:00', 20 );
INSERT INTO "times" VALUES ( 19173, 12870, '08:34:00', '08:34:00', 20 );
INSERT INTO "times" VALUES ( 19173, 12880, '08:32:00', '08:32:00', 20 );
INSERT INTO "times" VALUES ( 19173, 12890, '08:30:00', '08:30:00', 20 );
INSERT INTO "times" VALUES ( 19173, 12900, '08:25:00', '08:29:00', 20 );
INSERT INTO "times" VALUES ( 19173, 13510, '08:23:00', '08:23:00', 30 );
INSERT INTO "times" VALUES ( 19173, 13520, NULL, '08:21:00', 30 );

INSERT INTO "dias" VALUES ( 19174, 100, FALSE, TRUE, 'Q0804Z', 11510, 13520 );
INSERT INTO "dias_line_groups" VALUES ( 19174, 10 );
INSERT INTO "times" VALUES ( 19174, 11510, NULL, '08:24:00', 10 );
INSERT INTO "times" VALUES ( 19174, 11520, '08:25:00', '08:25:00', 10 );
INSERT INTO "times" VALUES ( 19174, 11530, '08:27:00', '08:27:00', 10 );
INSERT INTO "times" VALUES ( 19174, 11540, '08:29:00', '08:29:00', 10 );
INSERT INTO "times" VALUES ( 19174, 12530, '08:31:00', '08:31:00', 20 );
INSERT INTO "times" VALUES ( 19174, 12540, '08:35:00', '08:41:00', 20 );
INSERT INTO "times" VALUES ( 19174, 12550, '08:43:00', '08:43:00', 20 );
INSERT INTO "times" VALUES ( 19174, 12560, '08:45:00', '08:45:00', 20 );
INSERT INTO "times" VALUES ( 19174, 12570, '08:46:00', '08:46:00', 20 );
INSERT INTO "times" VALUES ( 19174, 12580, '08:48:00', '08:48:00', 20 );
INSERT INTO "times" VALUES ( 19174, 12590, '08:49:00', '08:49:00', 20 );
INSERT INTO "times" VALUES ( 19174, 12600, '08:50:00', '08:50:00', 20 );
INSERT INTO "times" VALUES ( 19174, 12610, '08:52:00', '08:55:00', 20 );
INSERT INTO "times" VALUES ( 19174, 12620, '08:57:00', '08:57:00', 20 );
INSERT INTO "times" VALUES ( 19174, 12630, '08:58:00', '08:58:00', 20 );
INSERT INTO "times" VALUES ( 19174, 12640, '09:00:00', '09:00:00', 20 );
INSERT INTO "times" VALUES ( 19174, 12650, '09:02:00', '09:02:00', 20 );
INSERT INTO "times" VALUES ( 19174, 12660, '09:04:00', '09:05:00', 20 );
INSERT INTO "times" VALUES ( 19174, 12670, '09:08:00', '09:08:00', 20 );
INSERT INTO "times" VALUES ( 19174, 12680, '09:12:00', '09:18:00', 20 );
INSERT INTO "times" VALUES ( 19174, 12690, '09:20:00', '09:20:00', 20 );
INSERT INTO "times" VALUES ( 19174, 12700, '09:22:00', '09:22:00', 20 );
INSERT INTO "times" VALUES ( 19174, 12710, '09:25:00', '09:25:00', 20 );
INSERT INTO "times" VALUES ( 19174, 12720, '09:26:00', '09:26:00', 20 );
INSERT INTO "times" VALUES ( 19174, 12730, '09:29:00', '09:29:00', 20 );
INSERT INTO "times" VALUES ( 19174, 12740, '09:32:00', '09:32:00', 20 );
INSERT INTO "times" VALUES ( 19174, 12750, '09:34:00', '09:34:00', 20 );
INSERT INTO "times" VALUES ( 19174, 12760, '09:37:00', '09:37:00', 20 );
INSERT INTO "times" VALUES ( 19174, 12770, '09:41:00', '09:41:00', 20 );
INSERT INTO "times" VALUES ( 19174, 12780, '09:46:00', '09:46:00', 20 );
INSERT INTO "times" VALUES ( 19174, 12790, '09:47:00', '09:47:00', 20 );
INSERT INTO "times" VALUES ( 19174, 12800, '09:49:00', '09:53:00', 20 );
INSERT INTO "times" VALUES ( 19174, 12810, '09:54:00', '09:54:00', 20 );
INSERT INTO "times" VALUES ( 19174, 12820, '09:56:00', '09:56:00', 20 );
INSERT INTO "times" VALUES ( 19174, 12830, '09:58:00', '09:58:00', 20 );
INSERT INTO "times" VALUES ( 19174, 12840, '09:59:00', '09:59:00', 20 );
INSERT INTO "times" VALUES ( 19174, 12850, '10:01:00', '10:01:00', 20 );
INSERT INTO "times" VALUES ( 19174, 12860, '10:02:00', '10:02:00', 20 );
INSERT INTO "times" VALUES ( 19174, 12870, '10:04:00', '10:04:00', 20 );
INSERT INTO "times" VALUES ( 19174, 12880, '10:06:00', '10:06:00', 20 );
INSERT INTO "times" VALUES ( 19174, 12890, '10:08:00', '10:08:00', 20 );
INSERT INTO "times" VALUES ( 19174, 12900, '10:09:00', '10:14:00', 20 );
INSERT INTO "times" VALUES ( 19174, 13510, '10:16:00', '10:16:00', 30 );
INSERT INTO "times" VALUES ( 19174, 13520, '10:18:00', NULL, NULL );

INSERT INTO "dias" VALUES ( 19175, 100, FALSE, TRUE, 'Q0805B', 13520, 11510 );
INSERT INTO "dias_line_groups" VALUES ( 19175, 10 );
INSERT INTO "times" VALUES ( 19175, 11510, '10:27:00', NULL, NULL );
INSERT INTO "times" VALUES ( 19175, 11520, '10:24:00', '10:24:00', 10 );
INSERT INTO "times" VALUES ( 19175, 11530, '10:23:00', '10:23:00', 10 );
INSERT INTO "times" VALUES ( 19175, 11540, '10:21:00', '10:21:00', 10 );
INSERT INTO "times" VALUES ( 19175, 12530, '10:20:00', '10:20:00', 10 );
INSERT INTO "times" VALUES ( 19175, 12540, '10:10:00', '10:17:00', 20 );
INSERT INTO "times" VALUES ( 19175, 12550, '10:08:00', '10:08:00', 20 );
INSERT INTO "times" VALUES ( 19175, 12560, '10:06:00', '10:06:00', 20 );
INSERT INTO "times" VALUES ( 19175, 12570, '10:04:00', '10:04:00', 20 );
INSERT INTO "times" VALUES ( 19175, 12580, '10:03:00', '10:03:00', 20 );
INSERT INTO "times" VALUES ( 19175, 12590, '10:02:00', '10:02:00', 20 );
INSERT INTO "times" VALUES ( 19175, 12600, '10:00:00', '10:00:00', 20 );
INSERT INTO "times" VALUES ( 19175, 12610, '09:55:00', '09:59:00', 20 );
INSERT INTO "times" VALUES ( 19175, 12620, '09:53:00', '09:53:00', 20 );
INSERT INTO "times" VALUES ( 19175, 12630, '09:51:00', '09:51:00', 20 );
INSERT INTO "times" VALUES ( 19175, 12640, '09:50:00', '09:50:00', 20 );
INSERT INTO "times" VALUES ( 19175, 12650, '09:48:00', '09:48:00', 20 );
INSERT INTO "times" VALUES ( 19175, 12660, '09:45:00', '09:46:00', 20 );
INSERT INTO "times" VALUES ( 19175, 12670, '09:42:00', '09:42:00', 20 );
INSERT INTO "times" VALUES ( 19175, 12680, '09:36:00', '09:39:00', 20 );
INSERT INTO "times" VALUES ( 19175, 12690, '09:33:00', '09:33:00', 20 );
INSERT INTO "times" VALUES ( 19175, 12700, '09:31:00', '09:31:00', 20 );
INSERT INTO "times" VALUES ( 19175, 12710, '09:25:00', '09:29:00', 20 );
INSERT INTO "times" VALUES ( 19175, 12720, '09:23:00', '09:23:00', 20 );
INSERT INTO "times" VALUES ( 19175, 12730, '09:20:00', '09:20:00', 20 );
INSERT INTO "times" VALUES ( 19175, 12740, '09:18:00', '09:18:00', 20 );
INSERT INTO "times" VALUES ( 19175, 12750, '09:14:00', '09:14:00', 20 );
INSERT INTO "times" VALUES ( 19175, 12760, '09:12:00', '09:12:00', 20 );
INSERT INTO "times" VALUES ( 19175, 12770, '09:08:00', '09:08:00', 20 );
INSERT INTO "times" VALUES ( 19175, 12780, '09:04:00', '09:04:00', 20 );
INSERT INTO "times" VALUES ( 19175, 12790, '09:01:00', '09:01:00', 20 );
INSERT INTO "times" VALUES ( 19175, 12800, '08:56:00', '08:59:00', 20 );
INSERT INTO "times" VALUES ( 19175, 12810, '08:54:00', '08:54:00', 20 );
INSERT INTO "times" VALUES ( 19175, 12820, '08:52:00', '08:52:00', 20 );
INSERT INTO "times" VALUES ( 19175, 12830, '08:51:00', '08:51:00', 20 );
INSERT INTO "times" VALUES ( 19175, 12840, '08:49:00', '08:49:00', 20 );
INSERT INTO "times" VALUES ( 19175, 12850, '08:47:00', '08:47:00', 20 );
INSERT INTO "times" VALUES ( 19175, 12860, '08:45:00', '08:45:00', 20 );
INSERT INTO "times" VALUES ( 19175, 12870, '08:44:00', '08:44:00', 20 );
INSERT INTO "times" VALUES ( 19175, 12880, '08:42:00', '08:42:00', 20 );
INSERT INTO "times" VALUES ( 19175, 12890, '08:40:00', '08:40:00', 20 );
INSERT INTO "times" VALUES ( 19175, 12900, '08:35:00', '08:39:00', 20 );
INSERT INTO "times" VALUES ( 19175, 13510, '08:33:00', '08:33:00', 30 );
INSERT INTO "times" VALUES ( 19175, 13520, NULL, '08:31:00', 30 );

INSERT INTO "dias" VALUES ( 19176, 100, FALSE, TRUE, 'Q0806Z', 11510, 13520 );
INSERT INTO "dias_line_groups" VALUES ( 19176, 10 );
INSERT INTO "times" VALUES ( 19176, 11510, NULL, '08:44:00', 10 );
INSERT INTO "times" VALUES ( 19176, 11520, '08:45:00', '08:45:00', 10 );
INSERT INTO "times" VALUES ( 19176, 11530, '08:47:00', '08:47:00', 10 );
INSERT INTO "times" VALUES ( 19176, 11540, '08:49:00', '08:49:00', 10 );
INSERT INTO "times" VALUES ( 19176, 12530, '08:51:00', '08:52:00', 20 );
INSERT INTO "times" VALUES ( 19176, 12540, '08:54:00', '09:01:00', 20 );
INSERT INTO "times" VALUES ( 19176, 12550, '09:03:00', '09:03:00', 20 );
INSERT INTO "times" VALUES ( 19176, 12560, '09:05:00', '09:05:00', 20 );
INSERT INTO "times" VALUES ( 19176, 12570, '09:06:00', '09:06:00', 20 );
INSERT INTO "times" VALUES ( 19176, 12580, '09:08:00', '09:08:00', 20 );
INSERT INTO "times" VALUES ( 19176, 12590, '09:09:00', '09:09:00', 20 );
INSERT INTO "times" VALUES ( 19176, 12600, '09:10:00', '09:10:00', 20 );
INSERT INTO "times" VALUES ( 19176, 12610, '09:12:00', '09:16:00', 20 );
INSERT INTO "times" VALUES ( 19176, 12620, '09:17:00', '09:17:00', 20 );
INSERT INTO "times" VALUES ( 19176, 12630, '09:19:00', '09:19:00', 20 );
INSERT INTO "times" VALUES ( 19176, 12640, '09:20:00', '09:20:00', 20 );
INSERT INTO "times" VALUES ( 19176, 12650, '09:22:00', '09:22:00', 20 );
INSERT INTO "times" VALUES ( 19176, 12660, '09:24:00', '09:26:00', 20 );
INSERT INTO "times" VALUES ( 19176, 12670, '09:29:00', '09:29:00', 20 );
INSERT INTO "times" VALUES ( 19176, 12680, '09:32:00', '09:32:00', 20 );
INSERT INTO "times" VALUES ( 19176, 12690, '09:34:00', '09:34:00', 20 );
INSERT INTO "times" VALUES ( 19176, 12700, '09:37:00', '09:37:00', 20 );
INSERT INTO "times" VALUES ( 19176, 12710, '09:39:00', '09:43:00', 20 );
INSERT INTO "times" VALUES ( 19176, 12720, '09:45:00', '09:45:00', 20 );
INSERT INTO "times" VALUES ( 19176, 12730, '09:47:00', '09:47:00', 20 );
INSERT INTO "times" VALUES ( 19176, 12740, '09:50:00', '09:50:00', 20 );
INSERT INTO "times" VALUES ( 19176, 12750, '09:53:00', '09:53:00', 20 );
INSERT INTO "times" VALUES ( 19176, 12760, '09:56:00', '09:56:00', 20 );
INSERT INTO "times" VALUES ( 19176, 12770, '09:59:00', '10:02:00', 20 );
INSERT INTO "times" VALUES ( 19176, 12780, '10:07:00', '10:07:00', 20 );
INSERT INTO "times" VALUES ( 19176, 12790, '10:08:00', '10:08:00', 20 );
INSERT INTO "times" VALUES ( 19176, 12800, '10:10:00', '10:13:00', 20 );
INSERT INTO "times" VALUES ( 19176, 12810, '10:15:00', '10:15:00', 20 );
INSERT INTO "times" VALUES ( 19176, 12820, '10:17:00', '10:17:00', 20 );
INSERT INTO "times" VALUES ( 19176, 12830, '10:19:00', '10:19:00', 20 );
INSERT INTO "times" VALUES ( 19176, 12840, '10:20:00', '10:20:00', 20 );
INSERT INTO "times" VALUES ( 19176, 12850, '10:21:00', '10:21:00', 20 );
INSERT INTO "times" VALUES ( 19176, 12860, '10:23:00', '10:23:00', 20 );
INSERT INTO "times" VALUES ( 19176, 12870, '10:25:00', '10:25:00', 20 );
INSERT INTO "times" VALUES ( 19176, 12880, '10:27:00', '10:27:00', 20 );
INSERT INTO "times" VALUES ( 19176, 12890, '10:28:00', '10:28:00', 20 );
INSERT INTO "times" VALUES ( 19176, 12900, '10:30:00', '10:34:00', 20 );
INSERT INTO "times" VALUES ( 19176, 13510, '10:36:00', '10:36:00', 30 );
INSERT INTO "times" VALUES ( 19176, 13520, '10:38:00', NULL, NULL );

INSERT INTO "dias" VALUES ( 19177, 100, FALSE, TRUE, 'Q0807B', 13520, 11510 );
INSERT INTO "dias_line_groups" VALUES ( 19177, 10 );
INSERT INTO "times" VALUES ( 19177, 11510, '10:47:00', NULL, NULL );
INSERT INTO "times" VALUES ( 19177, 11520, '10:44:00', '10:44:00', 10 );
INSERT INTO "times" VALUES ( 19177, 11530, '10:43:00', '10:43:00', 10 );
INSERT INTO "times" VALUES ( 19177, 11540, '10:41:00', '10:41:00', 10 );
INSERT INTO "times" VALUES ( 19177, 12530, '10:40:00', '10:40:00', 10 );
INSERT INTO "times" VALUES ( 19177, 12540, '10:30:00', '10:37:00', 20 );
INSERT INTO "times" VALUES ( 19177, 12550, '10:28:00', '10:28:00', 20 );
INSERT INTO "times" VALUES ( 19177, 12560, '10:26:00', '10:26:00', 20 );
INSERT INTO "times" VALUES ( 19177, 12570, '10:24:00', '10:24:00', 20 );
INSERT INTO "times" VALUES ( 19177, 12580, '10:23:00', '10:23:00', 20 );
INSERT INTO "times" VALUES ( 19177, 12590, '10:22:00', '10:22:00', 20 );
INSERT INTO "times" VALUES ( 19177, 12600, '10:20:00', '10:20:00', 20 );
INSERT INTO "times" VALUES ( 19177, 12610, '10:15:00', '10:19:00', 20 );
INSERT INTO "times" VALUES ( 19177, 12620, '10:13:00', '10:13:00', 20 );
INSERT INTO "times" VALUES ( 19177, 12630, '10:12:00', '10:12:00', 20 );
INSERT INTO "times" VALUES ( 19177, 12640, '10:10:00', '10:10:00', 20 );
INSERT INTO "times" VALUES ( 19177, 12650, '10:08:00', '10:08:00', 20 );
INSERT INTO "times" VALUES ( 19177, 12660, '10:05:00', '10:07:00', 20 );
INSERT INTO "times" VALUES ( 19177, 12670, '10:02:00', '10:02:00', 20 );
INSERT INTO "times" VALUES ( 19177, 12680, '09:55:00', '09:59:00', 20 );
INSERT INTO "times" VALUES ( 19177, 12690, '09:53:00', '09:53:00', 20 );
INSERT INTO "times" VALUES ( 19177, 12700, '09:51:00', '09:51:00', 20 );
INSERT INTO "times" VALUES ( 19177, 12710, '09:45:00', '09:49:00', 20 );
INSERT INTO "times" VALUES ( 19177, 12720, '09:43:00', '09:43:00', 20 );
INSERT INTO "times" VALUES ( 19177, 12730, '09:40:00', '09:40:00', 20 );
INSERT INTO "times" VALUES ( 19177, 12740, '09:38:00', '09:38:00', 20 );
INSERT INTO "times" VALUES ( 19177, 12750, '09:34:00', '09:34:00', 20 );
INSERT INTO "times" VALUES ( 19177, 12760, '09:32:00', '09:32:00', 20 );
INSERT INTO "times" VALUES ( 19177, 12770, '09:28:00', '09:28:00', 20 );
INSERT INTO "times" VALUES ( 19177, 12780, '09:24:00', '09:24:00', 20 );
INSERT INTO "times" VALUES ( 19177, 12790, '09:21:00', '09:21:00', 20 );
INSERT INTO "times" VALUES ( 19177, 12800, '09:16:00', '09:19:00', 20 );
INSERT INTO "times" VALUES ( 19177, 12810, '09:14:00', '09:14:00', 20 );
INSERT INTO "times" VALUES ( 19177, 12820, '09:12:00', '09:12:00', 20 );
INSERT INTO "times" VALUES ( 19177, 12830, '09:11:00', '09:11:00', 20 );
INSERT INTO "times" VALUES ( 19177, 12840, '09:09:00', '09:09:00', 20 );
INSERT INTO "times" VALUES ( 19177, 12850, '09:07:00', '09:07:00', 20 );
INSERT INTO "times" VALUES ( 19177, 12860, '09:05:00', '09:05:00', 20 );
INSERT INTO "times" VALUES ( 19177, 12870, '09:04:00', '09:04:00', 20 );
INSERT INTO "times" VALUES ( 19177, 12880, '09:02:00', '09:02:00', 20 );
INSERT INTO "times" VALUES ( 19177, 12890, '09:00:00', '09:00:00', 20 );
INSERT INTO "times" VALUES ( 19177, 12900, '08:55:00', '08:59:00', 20 );
INSERT INTO "times" VALUES ( 19177, 13510, '08:53:00', '08:53:00', 30 );
INSERT INTO "times" VALUES ( 19177, 13520, NULL, '08:51:00', 30 );

INSERT INTO "dias" VALUES ( 19178, 100, FALSE, TRUE, 'Q0808Z', 11510, 13520 );
INSERT INTO "dias_line_groups" VALUES ( 19178, 10 );
INSERT INTO "times" VALUES ( 19178, 11510, NULL, '08:54:00', 10 );
INSERT INTO "times" VALUES ( 19178, 11520, '08:55:00', '08:55:00', 10 );
INSERT INTO "times" VALUES ( 19178, 11530, '08:57:00', '08:57:00', 10 );
INSERT INTO "times" VALUES ( 19178, 11540, '08:59:00', '08:59:00', 10 );
INSERT INTO "times" VALUES ( 19178, 12530, '09:01:00', '09:02:00', 20 );
INSERT INTO "times" VALUES ( 19178, 12540, '09:04:00', '09:11:00', 20 );
INSERT INTO "times" VALUES ( 19178, 12550, '09:13:00', '09:13:00', 20 );
INSERT INTO "times" VALUES ( 19178, 12560, '09:15:00', '09:15:00', 20 );
INSERT INTO "times" VALUES ( 19178, 12570, '09:16:00', '09:16:00', 20 );
INSERT INTO "times" VALUES ( 19178, 12580, '09:18:00', '09:18:00', 20 );
INSERT INTO "times" VALUES ( 19178, 12590, '09:19:00', '09:19:00', 20 );
INSERT INTO "times" VALUES ( 19178, 12600, '09:20:00', '09:20:00', 20 );
INSERT INTO "times" VALUES ( 19178, 12610, '09:22:00', '09:25:00', 20 );
INSERT INTO "times" VALUES ( 19178, 12620, '09:27:00', '09:27:00', 20 );
INSERT INTO "times" VALUES ( 19178, 12630, '09:28:00', '09:28:00', 20 );
INSERT INTO "times" VALUES ( 19178, 12640, '09:30:00', '09:30:00', 20 );
INSERT INTO "times" VALUES ( 19178, 12650, '09:32:00', '09:32:00', 20 );
INSERT INTO "times" VALUES ( 19178, 12660, '09:34:00', '09:35:00', 20 );
INSERT INTO "times" VALUES ( 19178, 12670, '09:38:00', '09:38:00', 20 );
INSERT INTO "times" VALUES ( 19178, 12680, '09:42:00', '09:48:00', 20 );
INSERT INTO "times" VALUES ( 19178, 12690, '09:50:00', '09:50:00', 20 );
INSERT INTO "times" VALUES ( 19178, 12700, '09:52:00', '09:52:00', 20 );
INSERT INTO "times" VALUES ( 19178, 12710, '09:55:00', '09:55:00', 20 );
INSERT INTO "times" VALUES ( 19178, 12720, '09:56:00', '09:56:00', 20 );
INSERT INTO "times" VALUES ( 19178, 12730, '09:59:00', '09:59:00', 20 );
INSERT INTO "times" VALUES ( 19178, 12740, '10:02:00', '10:02:00', 20 );
INSERT INTO "times" VALUES ( 19178, 12750, '10:04:00', '10:04:00', 20 );
INSERT INTO "times" VALUES ( 19178, 12760, '10:07:00', '10:07:00', 20 );
INSERT INTO "times" VALUES ( 19178, 12770, '10:11:00', '10:11:00', 20 );
INSERT INTO "times" VALUES ( 19178, 12780, '10:16:00', '10:16:00', 20 );
INSERT INTO "times" VALUES ( 19178, 12790, '10:17:00', '10:17:00', 20 );
INSERT INTO "times" VALUES ( 19178, 12800, '10:19:00', '10:23:00', 20 );
INSERT INTO "times" VALUES ( 19178, 12810, '10:25:00', '10:25:00', 20 );
INSERT INTO "times" VALUES ( 19178, 12820, '10:27:00', '10:27:00', 20 );
INSERT INTO "times" VALUES ( 19178, 12830, '10:29:00', '10:29:00', 20 );
INSERT INTO "times" VALUES ( 19178, 12840, '10:30:00', '10:30:00', 20 );
INSERT INTO "times" VALUES ( 19178, 12850, '10:31:00', '10:31:00', 20 );
INSERT INTO "times" VALUES ( 19178, 12860, '10:33:00', '10:33:00', 20 );
INSERT INTO "times" VALUES ( 19178, 12870, '10:35:00', '10:35:00', 20 );
INSERT INTO "times" VALUES ( 19178, 12880, '10:37:00', '10:37:00', 20 );
INSERT INTO "times" VALUES ( 19178, 12890, '10:38:00', '10:38:00', 20 );
INSERT INTO "times" VALUES ( 19178, 12900, '10:40:00', '10:44:00', 20 );
INSERT INTO "times" VALUES ( 19178, 13510, '10:46:00', '10:46:00', 30 );
INSERT INTO "times" VALUES ( 19178, 13520, '10:48:00', NULL, NULL );

INSERT INTO "dias" VALUES ( 19179, 100, FALSE, TRUE, 'Q0900Z', 11510, 13520 );
INSERT INTO "dias_line_groups" VALUES ( 19179, 10 );
INSERT INTO "times" VALUES ( 19179, 11510, NULL, '09:04:00', 10 );
INSERT INTO "times" VALUES ( 19179, 11520, '09:05:00', '09:05:00', 10 );
INSERT INTO "times" VALUES ( 19179, 11530, '09:07:00', '09:07:00', 10 );
INSERT INTO "times" VALUES ( 19179, 11540, '09:09:00', '09:09:00', 10 );
INSERT INTO "times" VALUES ( 19179, 12530, '09:11:00', '09:12:00', 20 );
INSERT INTO "times" VALUES ( 19179, 12540, '09:14:00', '09:21:00', 20 );
INSERT INTO "times" VALUES ( 19179, 12550, '09:23:00', '09:23:00', 20 );
INSERT INTO "times" VALUES ( 19179, 12560, '09:25:00', '09:25:00', 20 );
INSERT INTO "times" VALUES ( 19179, 12570, '09:26:00', '09:26:00', 20 );
INSERT INTO "times" VALUES ( 19179, 12580, '09:28:00', '09:28:00', 20 );
INSERT INTO "times" VALUES ( 19179, 12590, '09:29:00', '09:29:00', 20 );
INSERT INTO "times" VALUES ( 19179, 12600, '09:30:00', '09:30:00', 20 );
INSERT INTO "times" VALUES ( 19179, 12610, '09:32:00', '09:36:00', 20 );
INSERT INTO "times" VALUES ( 19179, 12620, '09:37:00', '09:37:00', 20 );
INSERT INTO "times" VALUES ( 19179, 12630, '09:39:00', '09:39:00', 20 );
INSERT INTO "times" VALUES ( 19179, 12640, '09:40:00', '09:40:00', 20 );
INSERT INTO "times" VALUES ( 19179, 12650, '09:42:00', '09:42:00', 20 );
INSERT INTO "times" VALUES ( 19179, 12660, '09:44:00', '09:44:00', 20 );
INSERT INTO "times" VALUES ( 19179, 12670, '09:47:00', '09:47:00', 20 );
INSERT INTO "times" VALUES ( 19179, 12680, '09:51:00', '09:51:00', 20 );
INSERT INTO "times" VALUES ( 19179, 12690, '09:52:00', '09:52:00', 20 );
INSERT INTO "times" VALUES ( 19179, 12700, '09:55:00', '09:55:00', 20 );
INSERT INTO "times" VALUES ( 19179, 12710, '09:56:00', '10:04:00', 20 );
INSERT INTO "times" VALUES ( 19179, 12720, '10:06:00', '10:06:00', 20 );
INSERT INTO "times" VALUES ( 19179, 12730, '10:08:00', '10:08:00', 20 );
INSERT INTO "times" VALUES ( 19179, 12740, '10:11:00', '10:11:00', 20 );
INSERT INTO "times" VALUES ( 19179, 12750, '10:14:00', '10:14:00', 20 );
INSERT INTO "times" VALUES ( 19179, 12760, '10:17:00', '10:17:00', 20 );
INSERT INTO "times" VALUES ( 19179, 12770, '10:21:00', '10:21:00', 20 );
INSERT INTO "times" VALUES ( 19179, 12780, '10:25:00', '10:25:00', 20 );
INSERT INTO "times" VALUES ( 19179, 12790, '10:27:00', '10:27:00', 20 );
INSERT INTO "times" VALUES ( 19179, 12800, '10:28:00', '10:32:00', 20 );
INSERT INTO "times" VALUES ( 19179, 12810, '10:34:00', '10:34:00', 20 );
INSERT INTO "times" VALUES ( 19179, 12820, '10:35:00', '10:35:00', 20 );
INSERT INTO "times" VALUES ( 19179, 12830, '10:37:00', '10:39:00', 20 );
INSERT INTO "times" VALUES ( 19179, 12840, '10:41:00', '10:41:00', 20 );
INSERT INTO "times" VALUES ( 19179, 12850, '10:42:00', '10:42:00', 20 );
INSERT INTO "times" VALUES ( 19179, 12860, '10:44:00', '10:44:00', 20 );
INSERT INTO "times" VALUES ( 19179, 12870, '10:45:00', '10:45:00', 20 );
INSERT INTO "times" VALUES ( 19179, 12880, '10:47:00', '10:47:00', 20 );
INSERT INTO "times" VALUES ( 19179, 12890, '10:49:00', '10:49:00', 20 );
INSERT INTO "times" VALUES ( 19179, 12900, '10:50:00', '10:54:00', 20 );
INSERT INTO "times" VALUES ( 19179, 13510, '10:56:00', '10:56:00', 30 );
INSERT INTO "times" VALUES ( 19179, 13520, '10:59:00', NULL, NULL );

INSERT INTO "dias" VALUES ( 19180, 100, FALSE, TRUE, 'Q0901B', 13520, 11510 );
INSERT INTO "dias_line_groups" VALUES ( 19180, 10 );
INSERT INTO "times" VALUES ( 19180, 11510, '10:57:00', NULL, NULL );
INSERT INTO "times" VALUES ( 19180, 11520, '10:54:00', '10:54:00', 10 );
INSERT INTO "times" VALUES ( 19180, 11530, '10:53:00', '10:53:00', 10 );
INSERT INTO "times" VALUES ( 19180, 11540, '10:51:00', '10:51:00', 10 );
INSERT INTO "times" VALUES ( 19180, 12530, '10:50:00', '10:50:00', 10 );
INSERT INTO "times" VALUES ( 19180, 12540, '10:40:00', '10:47:00', 20 );
INSERT INTO "times" VALUES ( 19180, 12550, '10:38:00', '10:38:00', 20 );
INSERT INTO "times" VALUES ( 19180, 12560, '10:36:00', '10:36:00', 20 );
INSERT INTO "times" VALUES ( 19180, 12570, '10:34:00', '10:34:00', 20 );
INSERT INTO "times" VALUES ( 19180, 12580, '10:33:00', '10:33:00', 20 );
INSERT INTO "times" VALUES ( 19180, 12590, '10:32:00', '10:32:00', 20 );
INSERT INTO "times" VALUES ( 19180, 12600, '10:30:00', '10:30:00', 20 );
INSERT INTO "times" VALUES ( 19180, 12610, '10:26:00', '10:29:00', 20 );
INSERT INTO "times" VALUES ( 19180, 12620, '10:24:00', '10:24:00', 20 );
INSERT INTO "times" VALUES ( 19180, 12630, '10:22:00', '10:22:00', 20 );
INSERT INTO "times" VALUES ( 19180, 12640, '10:21:00', '10:21:00', 20 );
INSERT INTO "times" VALUES ( 19180, 12650, '10:19:00', '10:19:00', 20 );
INSERT INTO "times" VALUES ( 19180, 12660, '10:15:00', '10:17:00', 20 );
INSERT INTO "times" VALUES ( 19180, 12670, '10:12:00', '10:12:00', 20 );
INSERT INTO "times" VALUES ( 19180, 12680, '10:06:00', '10:09:00', 20 );
INSERT INTO "times" VALUES ( 19180, 12690, '10:03:00', '10:03:00', 20 );
INSERT INTO "times" VALUES ( 19180, 12700, '10:01:00', '10:01:00', 20 );
INSERT INTO "times" VALUES ( 19180, 12710, '09:55:00', '09:59:00', 20 );
INSERT INTO "times" VALUES ( 19180, 12720, '09:53:00', '09:53:00', 20 );
INSERT INTO "times" VALUES ( 19180, 12730, '09:50:00', '09:50:00', 20 );
INSERT INTO "times" VALUES ( 19180, 12740, '09:48:00', '09:48:00', 20 );
INSERT INTO "times" VALUES ( 19180, 12750, '09:45:00', '09:45:00', 20 );
INSERT INTO "times" VALUES ( 19180, 12760, '09:42:00', '09:42:00', 20 );
INSERT INTO "times" VALUES ( 19180, 12770, '09:38:00', '09:38:00', 20 );
INSERT INTO "times" VALUES ( 19180, 12780, '09:34:00', '09:34:00', 20 );
INSERT INTO "times" VALUES ( 19180, 12790, '09:32:00', '09:32:00', 20 );
INSERT INTO "times" VALUES ( 19180, 12800, '09:26:00', '09:30:00', 20 );
INSERT INTO "times" VALUES ( 19180, 12810, '09:24:00', '09:24:00', 20 );
INSERT INTO "times" VALUES ( 19180, 12820, '09:22:00', '09:22:00', 20 );
INSERT INTO "times" VALUES ( 19180, 12830, '09:21:00', '09:21:00', 20 );
INSERT INTO "times" VALUES ( 19180, 12840, '09:19:00', '09:19:00', 20 );
INSERT INTO "times" VALUES ( 19180, 12850, '09:18:00', '09:18:00', 20 );
INSERT INTO "times" VALUES ( 19180, 12860, '09:16:00', '09:16:00', 20 );
INSERT INTO "times" VALUES ( 19180, 12870, '09:14:00', '09:14:00', 20 );
INSERT INTO "times" VALUES ( 19180, 12880, '09:12:00', '09:12:00', 20 );
INSERT INTO "times" VALUES ( 19180, 12890, '09:11:00', '09:11:00', 20 );
INSERT INTO "times" VALUES ( 19180, 12900, '09:05:00', '09:09:00', 20 );
INSERT INTO "times" VALUES ( 19180, 13510, '09:03:00', '09:03:00', 30 );
INSERT INTO "times" VALUES ( 19180, 13520, NULL, '09:01:00', 30 );

INSERT INTO "dias" VALUES ( 19181, 100, FALSE, TRUE, 'Q0902Z', 11510, 13520 );
INSERT INTO "dias_line_groups" VALUES ( 19181, 10 );
INSERT INTO "times" VALUES ( 19181, 11510, NULL, '09:14:00', 10 );
INSERT INTO "times" VALUES ( 19181, 11520, '09:15:00', '09:15:00', 10 );
INSERT INTO "times" VALUES ( 19181, 11530, '09:17:00', '09:17:00', 10 );
INSERT INTO "times" VALUES ( 19181, 11540, '09:19:00', '09:19:00', 10 );
INSERT INTO "times" VALUES ( 19181, 12530, '09:21:00', '09:22:00', 20 );
INSERT INTO "times" VALUES ( 19181, 12540, '09:25:00', '09:31:00', 20 );
INSERT INTO "times" VALUES ( 19181, 12550, '09:33:00', '09:33:00', 20 );
INSERT INTO "times" VALUES ( 19181, 12560, '09:35:00', '09:35:00', 20 );
INSERT INTO "times" VALUES ( 19181, 12570, '09:36:00', '09:36:00', 20 );
INSERT INTO "times" VALUES ( 19181, 12580, '09:38:00', '09:38:00', 20 );
INSERT INTO "times" VALUES ( 19181, 12590, '09:39:00', '09:39:00', 20 );
INSERT INTO "times" VALUES ( 19181, 12600, '09:40:00', '09:40:00', 20 );
INSERT INTO "times" VALUES ( 19181, 12610, '09:42:00', '09:45:00', 20 );
INSERT INTO "times" VALUES ( 19181, 12620, '09:46:00', '09:46:00', 20 );
INSERT INTO "times" VALUES ( 19181, 12630, '09:48:00', '09:48:00', 20 );
INSERT INTO "times" VALUES ( 19181, 12640, '09:49:00', '09:49:00', 20 );
INSERT INTO "times" VALUES ( 19181, 12650, '09:51:00', '09:51:00', 20 );
INSERT INTO "times" VALUES ( 19181, 12660, '09:53:00', '09:56:00', 20 );
INSERT INTO "times" VALUES ( 19181, 12670, '09:59:00', '09:59:00', 20 );
INSERT INTO "times" VALUES ( 19181, 12680, '10:02:00', '10:02:00', 20 );
INSERT INTO "times" VALUES ( 19181, 12690, '10:04:00', '10:04:00', 20 );
INSERT INTO "times" VALUES ( 19181, 12700, '10:06:00', '10:06:00', 20 );
INSERT INTO "times" VALUES ( 19181, 12710, '10:08:00', '10:13:00', 20 );
INSERT INTO "times" VALUES ( 19181, 12720, '10:15:00', '10:15:00', 20 );
INSERT INTO "times" VALUES ( 19181, 12730, '10:17:00', '10:17:00', 20 );
INSERT INTO "times" VALUES ( 19181, 12740, '10:20:00', '10:20:00', 20 );
INSERT INTO "times" VALUES ( 19181, 12750, '10:23:00', '10:23:00', 20 );
INSERT INTO "times" VALUES ( 19181, 12760, '10:26:00', '10:26:00', 20 );
INSERT INTO "times" VALUES ( 19181, 12770, '10:29:00', '10:32:00', 20 );
INSERT INTO "times" VALUES ( 19181, 12780, '10:37:00', '10:37:00', 20 );
INSERT INTO "times" VALUES ( 19181, 12790, '10:38:00', '10:38:00', 20 );
INSERT INTO "times" VALUES ( 19181, 12800, '10:40:00', '10:43:00', 20 );
INSERT INTO "times" VALUES ( 19181, 12810, '10:45:00', '10:45:00', 20 );
INSERT INTO "times" VALUES ( 19181, 12820, '10:47:00', '10:47:00', 20 );
INSERT INTO "times" VALUES ( 19181, 12830, '10:49:00', '10:49:00', 20 );
INSERT INTO "times" VALUES ( 19181, 12840, '10:50:00', '10:50:00', 20 );
INSERT INTO "times" VALUES ( 19181, 12850, '10:51:00', '10:51:00', 20 );
INSERT INTO "times" VALUES ( 19181, 12860, '10:53:00', '10:53:00', 20 );
INSERT INTO "times" VALUES ( 19181, 12870, '10:55:00', '10:55:00', 20 );
INSERT INTO "times" VALUES ( 19181, 12880, '10:57:00', '10:57:00', 20 );
INSERT INTO "times" VALUES ( 19181, 12890, '10:58:00', '10:58:00', 20 );
INSERT INTO "times" VALUES ( 19181, 12900, '11:00:00', '11:04:00', 20 );
INSERT INTO "times" VALUES ( 19181, 13510, '11:06:00', '11:06:00', 30 );
INSERT INTO "times" VALUES ( 19181, 13520, '11:08:00', NULL, NULL );

INSERT INTO "dias" VALUES ( 19182, 100, FALSE, TRUE, 'Q0903B', 13520, 11510 );
INSERT INTO "dias_line_groups" VALUES ( 19182, 10 );
INSERT INTO "times" VALUES ( 19182, 11510, '11:17:00', NULL, NULL );
INSERT INTO "times" VALUES ( 19182, 11520, '11:14:00', '11:14:00', 10 );
INSERT INTO "times" VALUES ( 19182, 11530, '11:13:00', '11:13:00', 10 );
INSERT INTO "times" VALUES ( 19182, 11540, '11:11:00', '11:11:00', 10 );
INSERT INTO "times" VALUES ( 19182, 12530, '11:10:00', '11:10:00', 10 );
INSERT INTO "times" VALUES ( 19182, 12540, '11:00:00', '11:07:00', 20 );
INSERT INTO "times" VALUES ( 19182, 12550, '10:58:00', '10:58:00', 20 );
INSERT INTO "times" VALUES ( 19182, 12560, '10:56:00', '10:56:00', 20 );
INSERT INTO "times" VALUES ( 19182, 12570, '10:54:00', '10:54:00', 20 );
INSERT INTO "times" VALUES ( 19182, 12580, '10:53:00', '10:53:00', 20 );
INSERT INTO "times" VALUES ( 19182, 12590, '10:52:00', '10:52:00', 20 );
INSERT INTO "times" VALUES ( 19182, 12600, '10:50:00', '10:50:00', 20 );
INSERT INTO "times" VALUES ( 19182, 12610, '10:46:00', '10:49:00', 20 );
INSERT INTO "times" VALUES ( 19182, 12620, '10:44:00', '10:44:00', 20 );
INSERT INTO "times" VALUES ( 19182, 12630, '10:42:00', '10:42:00', 20 );
INSERT INTO "times" VALUES ( 19182, 12640, '10:41:00', '10:41:00', 20 );
INSERT INTO "times" VALUES ( 19182, 12650, '10:39:00', '10:39:00', 20 );
INSERT INTO "times" VALUES ( 19182, 12660, '10:36:00', '10:37:00', 20 );
INSERT INTO "times" VALUES ( 19182, 12670, '10:33:00', '10:33:00', 20 );
INSERT INTO "times" VALUES ( 19182, 12680, '10:26:00', '10:30:00', 20 );
INSERT INTO "times" VALUES ( 19182, 12690, '10:24:00', '10:24:00', 20 );
INSERT INTO "times" VALUES ( 19182, 12700, '10:22:00', '10:22:00', 20 );
INSERT INTO "times" VALUES ( 19182, 12710, '10:16:00', '10:20:00', 20 );
INSERT INTO "times" VALUES ( 19182, 12720, '10:13:00', '10:13:00', 20 );
INSERT INTO "times" VALUES ( 19182, 12730, '10:11:00', '10:11:00', 20 );
INSERT INTO "times" VALUES ( 19182, 12740, '10:09:00', '10:09:00', 20 );
INSERT INTO "times" VALUES ( 19182, 12750, '10:05:00', '10:05:00', 20 );
INSERT INTO "times" VALUES ( 19182, 12760, '10:03:00', '10:03:00', 20 );
INSERT INTO "times" VALUES ( 19182, 12770, '09:59:00', '09:59:00', 20 );
INSERT INTO "times" VALUES ( 19182, 12780, '09:54:00', '09:54:00', 20 );
INSERT INTO "times" VALUES ( 19182, 12790, '09:52:00', '09:52:00', 20 );
INSERT INTO "times" VALUES ( 19182, 12800, '09:47:00', '09:50:00', 20 );
INSERT INTO "times" VALUES ( 19182, 12810, '09:45:00', '09:45:00', 20 );
INSERT INTO "times" VALUES ( 19182, 12820, '09:43:00', '09:43:00', 20 );
INSERT INTO "times" VALUES ( 19182, 12830, '09:42:00', '09:42:00', 20 );
INSERT INTO "times" VALUES ( 19182, 12840, '09:40:00', '09:40:00', 20 );
INSERT INTO "times" VALUES ( 19182, 12850, '09:38:00', '09:38:00', 20 );
INSERT INTO "times" VALUES ( 19182, 12860, '09:36:00', '09:36:00', 20 );
INSERT INTO "times" VALUES ( 19182, 12870, '09:35:00', '09:35:00', 20 );
INSERT INTO "times" VALUES ( 19182, 12880, '09:33:00', '09:33:00', 20 );
INSERT INTO "times" VALUES ( 19182, 12890, '09:31:00', '09:31:00', 20 );
INSERT INTO "times" VALUES ( 19182, 12900, '09:25:00', '09:30:00', 20 );
INSERT INTO "times" VALUES ( 19182, 13510, '09:23:00', '09:23:00', 30 );
INSERT INTO "times" VALUES ( 19182, 13520, NULL, '09:21:00', 30 );

INSERT INTO "dias" VALUES ( 19183, 100, FALSE, TRUE, 'Q0904Z', 11510, 13520 );
INSERT INTO "dias_line_groups" VALUES ( 19183, 10 );
INSERT INTO "times" VALUES ( 19183, 11510, NULL, '09:24:00', 10 );
INSERT INTO "times" VALUES ( 19183, 11520, '09:25:00', '09:25:00', 10 );
INSERT INTO "times" VALUES ( 19183, 11530, '09:27:00', '09:27:00', 10 );
INSERT INTO "times" VALUES ( 19183, 11540, '09:29:00', '09:29:00', 10 );
INSERT INTO "times" VALUES ( 19183, 12530, '09:31:00', '09:32:00', 20 );
INSERT INTO "times" VALUES ( 19183, 12540, '09:34:00', '09:41:00', 20 );
INSERT INTO "times" VALUES ( 19183, 12550, '09:43:00', '09:43:00', 20 );
INSERT INTO "times" VALUES ( 19183, 12560, '09:45:00', '09:45:00', 20 );
INSERT INTO "times" VALUES ( 19183, 12570, '09:46:00', '09:46:00', 20 );
INSERT INTO "times" VALUES ( 19183, 12580, '09:48:00', '09:48:00', 20 );
INSERT INTO "times" VALUES ( 19183, 12590, '09:49:00', '09:49:00', 20 );
INSERT INTO "times" VALUES ( 19183, 12600, '09:50:00', '09:50:00', 20 );
INSERT INTO "times" VALUES ( 19183, 12610, '09:52:00', '09:55:00', 20 );
INSERT INTO "times" VALUES ( 19183, 12620, '09:57:00', '09:57:00', 20 );
INSERT INTO "times" VALUES ( 19183, 12630, '09:58:00', '09:58:00', 20 );
INSERT INTO "times" VALUES ( 19183, 12640, '10:00:00', '10:00:00', 20 );
INSERT INTO "times" VALUES ( 19183, 12650, '10:02:00', '10:02:00', 20 );
INSERT INTO "times" VALUES ( 19183, 12660, '10:04:00', '10:05:00', 20 );
INSERT INTO "times" VALUES ( 19183, 12670, '10:08:00', '10:08:00', 20 );
INSERT INTO "times" VALUES ( 19183, 12680, '10:12:00', '10:18:00', 20 );
INSERT INTO "times" VALUES ( 19183, 12690, '10:20:00', '10:20:00', 20 );
INSERT INTO "times" VALUES ( 19183, 12700, '10:22:00', '10:22:00', 20 );
INSERT INTO "times" VALUES ( 19183, 12710, '10:25:00', '10:25:00', 20 );
INSERT INTO "times" VALUES ( 19183, 12720, '10:27:00', '10:27:00', 20 );
INSERT INTO "times" VALUES ( 19183, 12730, '10:29:00', '10:29:00', 20 );
INSERT INTO "times" VALUES ( 19183, 12740, '10:32:00', '10:32:00', 20 );
INSERT INTO "times" VALUES ( 19183, 12750, '10:35:00', '10:35:00', 20 );
INSERT INTO "times" VALUES ( 19183, 12760, '10:38:00', '10:38:00', 20 );
INSERT INTO "times" VALUES ( 19183, 12770, '10:42:00', '10:42:00', 20 );
INSERT INTO "times" VALUES ( 19183, 12780, '10:46:00', '10:46:00', 20 );
INSERT INTO "times" VALUES ( 19183, 12790, '10:47:00', '10:47:00', 20 );
INSERT INTO "times" VALUES ( 19183, 12800, '10:49:00', '10:53:00', 20 );
INSERT INTO "times" VALUES ( 19183, 12810, '10:54:00', '10:54:00', 20 );
INSERT INTO "times" VALUES ( 19183, 12820, '10:56:00', '10:56:00', 20 );
INSERT INTO "times" VALUES ( 19183, 12830, '10:58:00', '10:58:00', 20 );
INSERT INTO "times" VALUES ( 19183, 12840, '10:59:00', '10:59:00', 20 );
INSERT INTO "times" VALUES ( 19183, 12850, '11:01:00', '11:01:00', 20 );
INSERT INTO "times" VALUES ( 19183, 12860, '11:02:00', '11:02:00', 20 );
INSERT INTO "times" VALUES ( 19183, 12870, '11:04:00', '11:04:00', 20 );
INSERT INTO "times" VALUES ( 19183, 12880, '11:06:00', '11:06:00', 20 );
INSERT INTO "times" VALUES ( 19183, 12890, '11:08:00', '11:08:00', 20 );
INSERT INTO "times" VALUES ( 19183, 12900, '11:09:00', '11:14:00', 20 );
INSERT INTO "times" VALUES ( 19183, 13510, '11:16:00', '11:16:00', 30 );
INSERT INTO "times" VALUES ( 19183, 13520, '11:18:00', NULL, NULL );

INSERT INTO "dias" VALUES ( 19184, 100, FALSE, TRUE, 'Q0905B', 13520, 11510 );
INSERT INTO "dias_line_groups" VALUES ( 19184, 10 );
INSERT INTO "times" VALUES ( 19184, 11510, '11:47:00', NULL, NULL );
INSERT INTO "times" VALUES ( 19184, 11520, '11:44:00', '11:44:00', 10 );
INSERT INTO "times" VALUES ( 19184, 11530, '11:43:00', '11:43:00', 10 );
INSERT INTO "times" VALUES ( 19184, 11540, '11:41:00', '11:41:00', 10 );
INSERT INTO "times" VALUES ( 19184, 12530, '11:40:00', '11:40:00', 10 );
INSERT INTO "times" VALUES ( 19184, 12540, '11:30:00', '11:37:00', 20 );
INSERT INTO "times" VALUES ( 19184, 12550, '11:28:00', '11:28:00', 20 );
INSERT INTO "times" VALUES ( 19184, 12560, '11:26:00', '11:26:00', 20 );
INSERT INTO "times" VALUES ( 19184, 12570, '11:24:00', '11:24:00', 20 );
INSERT INTO "times" VALUES ( 19184, 12580, '11:23:00', '11:23:00', 20 );
INSERT INTO "times" VALUES ( 19184, 12590, '11:22:00', '11:22:00', 20 );
INSERT INTO "times" VALUES ( 19184, 12600, '11:20:00', '11:20:00', 20 );
INSERT INTO "times" VALUES ( 19184, 12610, '11:16:00', '11:19:00', 20 );
INSERT INTO "times" VALUES ( 19184, 12620, '11:14:00', '11:14:00', 20 );
INSERT INTO "times" VALUES ( 19184, 12630, '11:12:00', '11:12:00', 20 );
INSERT INTO "times" VALUES ( 19184, 12640, '11:11:00', '11:11:00', 20 );
INSERT INTO "times" VALUES ( 19184, 12650, '11:09:00', '11:09:00', 20 );
INSERT INTO "times" VALUES ( 19184, 12660, '11:06:00', '11:07:00', 20 );
INSERT INTO "times" VALUES ( 19184, 12670, '11:03:00', '11:03:00', 20 );
INSERT INTO "times" VALUES ( 19184, 12680, '10:57:00', '11:00:00', 20 );
INSERT INTO "times" VALUES ( 19184, 12690, '10:54:00', '10:54:00', 20 );
INSERT INTO "times" VALUES ( 19184, 12700, '10:52:00', '10:52:00', 20 );
INSERT INTO "times" VALUES ( 19184, 12710, '10:46:00', '10:50:00', 20 );
INSERT INTO "times" VALUES ( 19184, 12720, '10:44:00', '10:44:00', 20 );
INSERT INTO "times" VALUES ( 19184, 12730, '10:41:00', '10:41:00', 20 );
INSERT INTO "times" VALUES ( 19184, 12740, '10:39:00', '10:39:00', 20 );
INSERT INTO "times" VALUES ( 19184, 12750, '10:35:00', '10:35:00', 20 );
INSERT INTO "times" VALUES ( 19184, 12760, '10:33:00', '10:33:00', 20 );
INSERT INTO "times" VALUES ( 19184, 12770, '10:29:00', '10:29:00', 20 );
INSERT INTO "times" VALUES ( 19184, 12780, '10:24:00', '10:24:00', 20 );
INSERT INTO "times" VALUES ( 19184, 12790, '10:22:00', '10:22:00', 20 );
INSERT INTO "times" VALUES ( 19184, 12800, '10:17:00', '10:20:00', 20 );
INSERT INTO "times" VALUES ( 19184, 12810, '10:15:00', '10:15:00', 20 );
INSERT INTO "times" VALUES ( 19184, 12820, '10:13:00', '10:13:00', 20 );
INSERT INTO "times" VALUES ( 19184, 12830, '10:12:00', '10:12:00', 20 );
INSERT INTO "times" VALUES ( 19184, 12840, '10:10:00', '10:10:00', 20 );
INSERT INTO "times" VALUES ( 19184, 12850, '10:08:00', '10:08:00', 20 );
INSERT INTO "times" VALUES ( 19184, 12860, '10:06:00', '10:06:00', 20 );
INSERT INTO "times" VALUES ( 19184, 12870, '10:05:00', '10:05:00', 20 );
INSERT INTO "times" VALUES ( 19184, 12880, '10:03:00', '10:03:00', 20 );
INSERT INTO "times" VALUES ( 19184, 12890, '10:01:00', '10:01:00', 20 );
INSERT INTO "times" VALUES ( 19184, 12900, '09:56:00', '10:00:00', 20 );
INSERT INTO "times" VALUES ( 19184, 13510, '09:54:00', '09:54:00', 30 );
INSERT INTO "times" VALUES ( 19184, 13520, NULL, '09:52:00', 30 );

INSERT INTO "dias" VALUES ( 19185, 100, FALSE, TRUE, 'Q0906Z', 11510, 13520 );
INSERT INTO "dias_line_groups" VALUES ( 19185, 10 );
INSERT INTO "times" VALUES ( 19185, 11510, NULL, '09:34:00', 10 );
INSERT INTO "times" VALUES ( 19185, 11520, '09:35:00', '09:35:00', 10 );
INSERT INTO "times" VALUES ( 19185, 11530, '09:37:00', '09:37:00', 10 );
INSERT INTO "times" VALUES ( 19185, 11540, '09:39:00', '09:39:00', 10 );
INSERT INTO "times" VALUES ( 19185, 12530, '09:41:00', '09:42:00', 20 );
INSERT INTO "times" VALUES ( 19185, 12540, '09:45:00', '09:51:00', 20 );
INSERT INTO "times" VALUES ( 19185, 12550, '09:53:00', '09:53:00', 20 );
INSERT INTO "times" VALUES ( 19185, 12560, '09:55:00', '09:55:00', 20 );
INSERT INTO "times" VALUES ( 19185, 12570, '09:56:00', '09:56:00', 20 );
INSERT INTO "times" VALUES ( 19185, 12580, '09:58:00', '09:58:00', 20 );
INSERT INTO "times" VALUES ( 19185, 12590, '09:59:00', '09:59:00', 20 );
INSERT INTO "times" VALUES ( 19185, 12600, '10:00:00', '10:00:00', 20 );
INSERT INTO "times" VALUES ( 19185, 12610, '10:02:00', '10:06:00', 20 );
INSERT INTO "times" VALUES ( 19185, 12620, '10:07:00', '10:07:00', 20 );
INSERT INTO "times" VALUES ( 19185, 12630, '10:09:00', '10:09:00', 20 );
INSERT INTO "times" VALUES ( 19185, 12640, '10:10:00', '10:10:00', 20 );
INSERT INTO "times" VALUES ( 19185, 12650, '10:12:00', '10:12:00', 20 );
INSERT INTO "times" VALUES ( 19185, 12660, '10:15:00', '10:15:00', 20 );
INSERT INTO "times" VALUES ( 19185, 12670, '10:18:00', '10:18:00', 20 );
INSERT INTO "times" VALUES ( 19185, 12680, '10:21:00', '10:21:00', 20 );
INSERT INTO "times" VALUES ( 19185, 12690, '10:22:00', '10:22:00', 20 );
INSERT INTO "times" VALUES ( 19185, 12700, '10:25:00', '10:25:00', 20 );
INSERT INTO "times" VALUES ( 19185, 12710, '10:27:00', '10:33:00', 20 );
INSERT INTO "times" VALUES ( 19185, 12720, '10:35:00', '10:35:00', 20 );
INSERT INTO "times" VALUES ( 19185, 12730, '10:38:00', '10:38:00', 20 );
INSERT INTO "times" VALUES ( 19185, 12740, '10:41:00', '10:41:00', 20 );
INSERT INTO "times" VALUES ( 19185, 12750, '10:43:00', '10:43:00', 20 );
INSERT INTO "times" VALUES ( 19185, 12760, '10:46:00', '10:46:00', 20 );
INSERT INTO "times" VALUES ( 19185, 12770, '10:51:00', '10:51:00', 20 );
INSERT INTO "times" VALUES ( 19185, 12780, '10:55:00', '10:55:00', 20 );
INSERT INTO "times" VALUES ( 19185, 12790, '10:56:00', '10:56:00', 20 );
INSERT INTO "times" VALUES ( 19185, 12800, '10:58:00', '11:02:00', 20 );
INSERT INTO "times" VALUES ( 19185, 12810, '11:04:00', '11:04:00', 20 );
INSERT INTO "times" VALUES ( 19185, 12820, '11:05:00', '11:05:00', 20 );
INSERT INTO "times" VALUES ( 19185, 12830, '11:07:00', '11:09:00', 20 );
INSERT INTO "times" VALUES ( 19185, 12840, '11:11:00', '11:11:00', 20 );
INSERT INTO "times" VALUES ( 19185, 12850, '11:12:00', '11:12:00', 20 );
INSERT INTO "times" VALUES ( 19185, 12860, '11:14:00', '11:14:00', 20 );
INSERT INTO "times" VALUES ( 19185, 12870, '11:15:00', '11:15:00', 20 );
INSERT INTO "times" VALUES ( 19185, 12880, '11:17:00', '11:17:00', 20 );
INSERT INTO "times" VALUES ( 19185, 12890, '11:19:00', '11:19:00', 20 );
INSERT INTO "times" VALUES ( 19185, 12900, '11:20:00', '11:24:00', 20 );
INSERT INTO "times" VALUES ( 19185, 13510, '11:26:00', '11:26:00', 30 );
INSERT INTO "times" VALUES ( 19185, 13520, '11:29:00', NULL, NULL );

INSERT INTO "dias" VALUES ( 19186, 100, FALSE, TRUE, 'Q0908Z', 11510, 13520 );
INSERT INTO "dias_line_groups" VALUES ( 19186, 10 );
INSERT INTO "times" VALUES ( 19186, 11510, NULL, '09:44:00', 10 );
INSERT INTO "times" VALUES ( 19186, 11520, '09:45:00', '09:45:00', 10 );
INSERT INTO "times" VALUES ( 19186, 11530, '09:47:00', '09:47:00', 10 );
INSERT INTO "times" VALUES ( 19186, 11540, '09:49:00', '09:49:00', 10 );
INSERT INTO "times" VALUES ( 19186, 12530, '09:51:00', '09:52:00', 20 );
INSERT INTO "times" VALUES ( 19186, 12540, '09:54:00', '10:01:00', 20 );
INSERT INTO "times" VALUES ( 19186, 12550, '10:03:00', '10:03:00', 20 );
INSERT INTO "times" VALUES ( 19186, 12560, '10:05:00', '10:05:00', 20 );
INSERT INTO "times" VALUES ( 19186, 12570, '10:06:00', '10:06:00', 20 );
INSERT INTO "times" VALUES ( 19186, 12580, '10:08:00', '10:08:00', 20 );
INSERT INTO "times" VALUES ( 19186, 12590, '10:09:00', '10:09:00', 20 );
INSERT INTO "times" VALUES ( 19186, 12600, '10:10:00', '10:10:00', 20 );
INSERT INTO "times" VALUES ( 19186, 12610, '10:12:00', '10:15:00', 20 );
INSERT INTO "times" VALUES ( 19186, 12620, '10:17:00', '10:17:00', 20 );
INSERT INTO "times" VALUES ( 19186, 12630, '10:18:00', '10:18:00', 20 );
INSERT INTO "times" VALUES ( 19186, 12640, '10:20:00', '10:20:00', 20 );
INSERT INTO "times" VALUES ( 19186, 12650, '10:22:00', '10:22:00', 20 );
INSERT INTO "times" VALUES ( 19186, 12660, '10:24:00', '10:26:00', 20 );
INSERT INTO "times" VALUES ( 19186, 12670, '10:29:00', '10:29:00', 20 );
INSERT INTO "times" VALUES ( 19186, 12680, '10:32:00', '10:32:00', 20 );
INSERT INTO "times" VALUES ( 19186, 12690, '10:34:00', '10:34:00', 20 );
INSERT INTO "times" VALUES ( 19186, 12700, '10:36:00', '10:36:00', 20 );
INSERT INTO "times" VALUES ( 19186, 12710, '10:38:00', '10:43:00', 20 );
INSERT INTO "times" VALUES ( 19186, 12720, '10:45:00', '10:45:00', 20 );
INSERT INTO "times" VALUES ( 19186, 12730, '10:47:00', '10:47:00', 20 );
INSERT INTO "times" VALUES ( 19186, 12740, '10:50:00', '10:50:00', 20 );
INSERT INTO "times" VALUES ( 19186, 12750, '10:53:00', '10:53:00', 20 );
INSERT INTO "times" VALUES ( 19186, 12760, '10:56:00', '10:56:00', 20 );
INSERT INTO "times" VALUES ( 19186, 12770, '10:59:00', '11:02:00', 20 );
INSERT INTO "times" VALUES ( 19186, 12780, '11:07:00', '11:07:00', 20 );
INSERT INTO "times" VALUES ( 19186, 12790, '11:08:00', '11:08:00', 20 );
INSERT INTO "times" VALUES ( 19186, 12800, '11:10:00', '11:13:00', 20 );
INSERT INTO "times" VALUES ( 19186, 12810, '11:15:00', '11:15:00', 20 );
INSERT INTO "times" VALUES ( 19186, 12820, '11:17:00', '11:17:00', 20 );
INSERT INTO "times" VALUES ( 19186, 12830, '11:19:00', '11:19:00', 20 );
INSERT INTO "times" VALUES ( 19186, 12840, '11:20:00', '11:20:00', 20 );
INSERT INTO "times" VALUES ( 19186, 12850, '11:21:00', '11:21:00', 20 );
INSERT INTO "times" VALUES ( 19186, 12860, '11:23:00', '11:23:00', 20 );
INSERT INTO "times" VALUES ( 19186, 12870, '11:25:00', '11:25:00', 20 );
INSERT INTO "times" VALUES ( 19186, 12880, '11:27:00', '11:27:00', 20 );
INSERT INTO "times" VALUES ( 19186, 12890, '11:28:00', '11:28:00', 20 );
INSERT INTO "times" VALUES ( 19186, 12900, '11:30:00', '11:34:00', 20 );
INSERT INTO "times" VALUES ( 19186, 13510, '11:36:00', '11:36:00', 30 );
INSERT INTO "times" VALUES ( 19186, 13520, '11:38:00', NULL, NULL );

INSERT INTO "dias" VALUES ( 19187, 100, FALSE, TRUE, 'Q0910Z', 11510, 13520 );
INSERT INTO "dias_line_groups" VALUES ( 19187, 10 );
INSERT INTO "times" VALUES ( 19187, 11510, NULL, '09:54:00', 10 );
INSERT INTO "times" VALUES ( 19187, 11520, '09:55:00', '09:55:00', 10 );
INSERT INTO "times" VALUES ( 19187, 11530, '09:57:00', '09:57:00', 10 );
INSERT INTO "times" VALUES ( 19187, 11540, '09:59:00', '09:59:00', 10 );
INSERT INTO "times" VALUES ( 19187, 12530, '10:01:00', '10:02:00', 20 );
INSERT INTO "times" VALUES ( 19187, 12540, '10:04:00', '10:11:00', 20 );
INSERT INTO "times" VALUES ( 19187, 12550, '10:13:00', '10:13:00', 20 );
INSERT INTO "times" VALUES ( 19187, 12560, '10:15:00', '10:15:00', 20 );
INSERT INTO "times" VALUES ( 19187, 12570, '10:16:00', '10:16:00', 20 );
INSERT INTO "times" VALUES ( 19187, 12580, '10:18:00', '10:18:00', 20 );
INSERT INTO "times" VALUES ( 19187, 12590, '10:19:00', '10:19:00', 20 );
INSERT INTO "times" VALUES ( 19187, 12600, '10:20:00', '10:20:00', 20 );
INSERT INTO "times" VALUES ( 19187, 12610, '10:22:00', '10:25:00', 20 );
INSERT INTO "times" VALUES ( 19187, 12620, '10:27:00', '10:27:00', 20 );
INSERT INTO "times" VALUES ( 19187, 12630, '10:28:00', '10:28:00', 20 );
INSERT INTO "times" VALUES ( 19187, 12640, '10:30:00', '10:30:00', 20 );
INSERT INTO "times" VALUES ( 19187, 12650, '10:32:00', '10:32:00', 20 );
INSERT INTO "times" VALUES ( 19187, 12660, '10:34:00', '10:35:00', 20 );
INSERT INTO "times" VALUES ( 19187, 12670, '10:38:00', '10:38:00', 20 );
INSERT INTO "times" VALUES ( 19187, 12680, '10:42:00', '10:48:00', 20 );
INSERT INTO "times" VALUES ( 19187, 12690, '10:50:00', '10:50:00', 20 );
INSERT INTO "times" VALUES ( 19187, 12700, '10:52:00', '10:52:00', 20 );
INSERT INTO "times" VALUES ( 19187, 12710, '10:55:00', '10:55:00', 20 );
INSERT INTO "times" VALUES ( 19187, 12720, '10:57:00', '10:57:00', 20 );
INSERT INTO "times" VALUES ( 19187, 12730, '10:59:00', '10:59:00', 20 );
INSERT INTO "times" VALUES ( 19187, 12740, '11:02:00', '11:02:00', 20 );
INSERT INTO "times" VALUES ( 19187, 12750, '11:05:00', '11:05:00', 20 );
INSERT INTO "times" VALUES ( 19187, 12760, '11:08:00', '11:08:00', 20 );
INSERT INTO "times" VALUES ( 19187, 12770, '11:12:00', '11:12:00', 20 );
INSERT INTO "times" VALUES ( 19187, 12780, '11:16:00', '11:16:00', 20 );
INSERT INTO "times" VALUES ( 19187, 12790, '11:17:00', '11:17:00', 20 );
INSERT INTO "times" VALUES ( 19187, 12800, '11:19:00', '11:23:00', 20 );
INSERT INTO "times" VALUES ( 19187, 12810, '11:24:00', '11:24:00', 20 );
INSERT INTO "times" VALUES ( 19187, 12820, '11:26:00', '11:26:00', 20 );
INSERT INTO "times" VALUES ( 19187, 12830, '11:28:00', '11:28:00', 20 );
INSERT INTO "times" VALUES ( 19187, 12840, '11:29:00', '11:29:00', 20 );
INSERT INTO "times" VALUES ( 19187, 12850, '11:31:00', '11:31:00', 20 );
INSERT INTO "times" VALUES ( 19187, 12860, '11:32:00', '11:32:00', 20 );
INSERT INTO "times" VALUES ( 19187, 12870, '11:34:00', '11:34:00', 20 );
INSERT INTO "times" VALUES ( 19187, 12880, '11:36:00', '11:36:00', 20 );
INSERT INTO "times" VALUES ( 19187, 12890, '11:38:00', '11:38:00', 20 );
INSERT INTO "times" VALUES ( 19187, 12900, '11:39:00', '11:44:00', 20 );
INSERT INTO "times" VALUES ( 19187, 13510, '11:46:00', '11:46:00', 30 );
INSERT INTO "times" VALUES ( 19187, 13520, '11:48:00', NULL, NULL );

INSERT INTO "dias" VALUES ( 19188, 100, FALSE, TRUE, 'Q1000Z', 11510, 13520 );
INSERT INTO "dias_line_groups" VALUES ( 19188, 10 );
INSERT INTO "times" VALUES ( 19188, 11510, NULL, '10:04:00', 10 );
INSERT INTO "times" VALUES ( 19188, 11520, '10:05:00', '10:05:00', 10 );
INSERT INTO "times" VALUES ( 19188, 11530, '10:07:00', '10:07:00', 10 );
INSERT INTO "times" VALUES ( 19188, 11540, '10:09:00', '10:09:00', 10 );
INSERT INTO "times" VALUES ( 19188, 12530, '10:11:00', '10:12:00', 20 );
INSERT INTO "times" VALUES ( 19188, 12540, '10:15:00', '10:21:00', 20 );
INSERT INTO "times" VALUES ( 19188, 12550, '10:23:00', '10:23:00', 20 );
INSERT INTO "times" VALUES ( 19188, 12560, '10:25:00', '10:25:00', 20 );
INSERT INTO "times" VALUES ( 19188, 12570, '10:26:00', '10:26:00', 20 );
INSERT INTO "times" VALUES ( 19188, 12580, '10:28:00', '10:28:00', 20 );
INSERT INTO "times" VALUES ( 19188, 12590, '10:29:00', '10:29:00', 20 );
INSERT INTO "times" VALUES ( 19188, 12600, '10:30:00', '10:30:00', 20 );
INSERT INTO "times" VALUES ( 19188, 12610, '10:32:00', '10:36:00', 20 );
INSERT INTO "times" VALUES ( 19188, 12620, '10:37:00', '10:37:00', 20 );
INSERT INTO "times" VALUES ( 19188, 12630, '10:39:00', '10:39:00', 20 );
INSERT INTO "times" VALUES ( 19188, 12640, '10:40:00', '10:40:00', 20 );
INSERT INTO "times" VALUES ( 19188, 12650, '10:42:00', '10:42:00', 20 );
INSERT INTO "times" VALUES ( 19188, 12660, '10:45:00', '10:45:00', 20 );
INSERT INTO "times" VALUES ( 19188, 12670, '10:48:00', '10:48:00', 20 );
INSERT INTO "times" VALUES ( 19188, 12680, '10:51:00', '10:51:00', 20 );
INSERT INTO "times" VALUES ( 19188, 12690, '10:52:00', '10:52:00', 20 );
INSERT INTO "times" VALUES ( 19188, 12700, '10:55:00', '10:55:00', 20 );
INSERT INTO "times" VALUES ( 19188, 12710, '10:57:00', '11:03:00', 20 );
INSERT INTO "times" VALUES ( 19188, 12720, '11:05:00', '11:05:00', 20 );
INSERT INTO "times" VALUES ( 19188, 12730, '11:08:00', '11:08:00', 20 );
INSERT INTO "times" VALUES ( 19188, 12740, '11:11:00', '11:11:00', 20 );
INSERT INTO "times" VALUES ( 19188, 12750, '11:13:00', '11:13:00', 20 );
INSERT INTO "times" VALUES ( 19188, 12760, '11:16:00', '11:16:00', 20 );
INSERT INTO "times" VALUES ( 19188, 12770, '11:21:00', '11:21:00', 20 );
INSERT INTO "times" VALUES ( 19188, 12780, '11:25:00', '11:25:00', 20 );
INSERT INTO "times" VALUES ( 19188, 12790, '11:26:00', '11:26:00', 20 );
INSERT INTO "times" VALUES ( 19188, 12800, '11:28:00', '11:32:00', 20 );
INSERT INTO "times" VALUES ( 19188, 12810, '11:34:00', '11:34:00', 20 );
INSERT INTO "times" VALUES ( 19188, 12820, '11:35:00', '11:35:00', 20 );
INSERT INTO "times" VALUES ( 19188, 12830, '11:37:00', '11:39:00', 20 );
INSERT INTO "times" VALUES ( 19188, 12840, '11:41:00', '11:41:00', 20 );
INSERT INTO "times" VALUES ( 19188, 12850, '11:42:00', '11:42:00', 20 );
INSERT INTO "times" VALUES ( 19188, 12860, '11:44:00', '11:44:00', 20 );
INSERT INTO "times" VALUES ( 19188, 12870, '11:45:00', '11:45:00', 20 );
INSERT INTO "times" VALUES ( 19188, 12880, '11:47:00', '11:47:00', 20 );
INSERT INTO "times" VALUES ( 19188, 12890, '11:49:00', '11:49:00', 20 );
INSERT INTO "times" VALUES ( 19188, 12900, '11:50:00', '11:54:00', 20 );
INSERT INTO "times" VALUES ( 19188, 13510, '11:56:00', '11:56:00', 30 );
INSERT INTO "times" VALUES ( 19188, 13520, '11:59:00', NULL, NULL );

INSERT INTO "dias" VALUES ( 19189, 100, FALSE, TRUE, 'Q1001B', 13520, 11510 );
INSERT INTO "dias_line_groups" VALUES ( 19189, 10 );
INSERT INTO "times" VALUES ( 19189, 11510, '12:17:00', NULL, NULL );
INSERT INTO "times" VALUES ( 19189, 11520, '12:14:00', '12:14:00', 10 );
INSERT INTO "times" VALUES ( 19189, 11530, '12:13:00', '12:13:00', 10 );
INSERT INTO "times" VALUES ( 19189, 11540, '12:11:00', '12:11:00', 10 );
INSERT INTO "times" VALUES ( 19189, 12530, '12:10:00', '12:10:00', 10 );
INSERT INTO "times" VALUES ( 19189, 12540, '12:00:00', '12:07:00', 20 );
INSERT INTO "times" VALUES ( 19189, 12550, '11:58:00', '11:58:00', 20 );
INSERT INTO "times" VALUES ( 19189, 12560, '11:56:00', '11:56:00', 20 );
INSERT INTO "times" VALUES ( 19189, 12570, '11:54:00', '11:54:00', 20 );
INSERT INTO "times" VALUES ( 19189, 12580, '11:53:00', '11:53:00', 20 );
INSERT INTO "times" VALUES ( 19189, 12590, '11:52:00', '11:52:00', 20 );
INSERT INTO "times" VALUES ( 19189, 12600, '11:50:00', '11:50:00', 20 );
INSERT INTO "times" VALUES ( 19189, 12610, '11:46:00', '11:49:00', 20 );
INSERT INTO "times" VALUES ( 19189, 12620, '11:44:00', '11:44:00', 20 );
INSERT INTO "times" VALUES ( 19189, 12630, '11:42:00', '11:42:00', 20 );
INSERT INTO "times" VALUES ( 19189, 12640, '11:41:00', '11:41:00', 20 );
INSERT INTO "times" VALUES ( 19189, 12650, '11:39:00', '11:39:00', 20 );
INSERT INTO "times" VALUES ( 19189, 12660, '11:36:00', '11:37:00', 20 );
INSERT INTO "times" VALUES ( 19189, 12670, '11:33:00', '11:33:00', 20 );
INSERT INTO "times" VALUES ( 19189, 12680, '11:27:00', '11:30:00', 20 );
INSERT INTO "times" VALUES ( 19189, 12690, '11:24:00', '11:24:00', 20 );
INSERT INTO "times" VALUES ( 19189, 12700, '11:22:00', '11:22:00', 20 );
INSERT INTO "times" VALUES ( 19189, 12710, '11:16:00', '11:20:00', 20 );
INSERT INTO "times" VALUES ( 19189, 12720, '11:14:00', '11:14:00', 20 );
INSERT INTO "times" VALUES ( 19189, 12730, '11:11:00', '11:11:00', 20 );
INSERT INTO "times" VALUES ( 19189, 12740, '11:09:00', '11:09:00', 20 );
INSERT INTO "times" VALUES ( 19189, 12750, '11:05:00', '11:05:00', 20 );
INSERT INTO "times" VALUES ( 19189, 12760, '11:03:00', '11:03:00', 20 );
INSERT INTO "times" VALUES ( 19189, 12770, '10:59:00', '10:59:00', 20 );
INSERT INTO "times" VALUES ( 19189, 12780, '10:54:00', '10:54:00', 20 );
INSERT INTO "times" VALUES ( 19189, 12790, '10:52:00', '10:52:00', 20 );
INSERT INTO "times" VALUES ( 19189, 12800, '10:47:00', '10:50:00', 20 );
INSERT INTO "times" VALUES ( 19189, 12810, '10:45:00', '10:45:00', 20 );
INSERT INTO "times" VALUES ( 19189, 12820, '10:43:00', '10:43:00', 20 );
INSERT INTO "times" VALUES ( 19189, 12830, '10:42:00', '10:42:00', 20 );
INSERT INTO "times" VALUES ( 19189, 12840, '10:40:00', '10:40:00', 20 );
INSERT INTO "times" VALUES ( 19189, 12850, '10:39:00', '10:39:00', 20 );
INSERT INTO "times" VALUES ( 19189, 12860, '10:37:00', '10:37:00', 20 );
INSERT INTO "times" VALUES ( 19189, 12870, '10:35:00', '10:35:00', 20 );
INSERT INTO "times" VALUES ( 19189, 12880, '10:33:00', '10:33:00', 20 );
INSERT INTO "times" VALUES ( 19189, 12890, '10:32:00', '10:32:00', 20 );
INSERT INTO "times" VALUES ( 19189, 12900, '10:26:00', '10:30:00', 20 );
INSERT INTO "times" VALUES ( 19189, 13510, '10:24:00', '10:24:00', 30 );
INSERT INTO "times" VALUES ( 19189, 13520, NULL, '10:22:00', 30 );

INSERT INTO "dias" VALUES ( 19190, 100, FALSE, TRUE, 'Q1002Z', 11510, 13520 );
INSERT INTO "dias_line_groups" VALUES ( 19190, 10 );
INSERT INTO "times" VALUES ( 19190, 11510, NULL, '10:14:00', 10 );
INSERT INTO "times" VALUES ( 19190, 11520, '10:15:00', '10:15:00', 10 );
INSERT INTO "times" VALUES ( 19190, 11530, '10:17:00', '10:17:00', 10 );
INSERT INTO "times" VALUES ( 19190, 11540, '10:19:00', '10:19:00', 10 );
INSERT INTO "times" VALUES ( 19190, 12530, '10:21:00', '10:22:00', 20 );
INSERT INTO "times" VALUES ( 19190, 12540, '10:24:00', '10:31:00', 20 );
INSERT INTO "times" VALUES ( 19190, 12550, '10:33:00', '10:33:00', 20 );
INSERT INTO "times" VALUES ( 19190, 12560, '10:35:00', '10:35:00', 20 );
INSERT INTO "times" VALUES ( 19190, 12570, '10:36:00', '10:36:00', 20 );
INSERT INTO "times" VALUES ( 19190, 12580, '10:38:00', '10:38:00', 20 );
INSERT INTO "times" VALUES ( 19190, 12590, '10:39:00', '10:39:00', 20 );
INSERT INTO "times" VALUES ( 19190, 12600, '10:40:00', '10:40:00', 20 );
INSERT INTO "times" VALUES ( 19190, 12610, '10:42:00', '10:45:00', 20 );
INSERT INTO "times" VALUES ( 19190, 12620, '10:47:00', '10:47:00', 20 );
INSERT INTO "times" VALUES ( 19190, 12630, '10:48:00', '10:48:00', 20 );
INSERT INTO "times" VALUES ( 19190, 12640, '10:50:00', '10:50:00', 20 );
INSERT INTO "times" VALUES ( 19190, 12650, '10:52:00', '10:52:00', 20 );
INSERT INTO "times" VALUES ( 19190, 12660, '10:54:00', '10:56:00', 20 );
INSERT INTO "times" VALUES ( 19190, 12670, '10:59:00', '10:59:00', 20 );
INSERT INTO "times" VALUES ( 19190, 12680, '11:02:00', '11:02:00', 20 );
INSERT INTO "times" VALUES ( 19190, 12690, '11:04:00', '11:04:00', 20 );
INSERT INTO "times" VALUES ( 19190, 12700, '11:06:00', '11:06:00', 20 );
INSERT INTO "times" VALUES ( 19190, 12710, '11:08:00', '11:13:00', 20 );
INSERT INTO "times" VALUES ( 19190, 12720, '11:15:00', '11:15:00', 20 );
INSERT INTO "times" VALUES ( 19190, 12730, '11:17:00', '11:17:00', 20 );
INSERT INTO "times" VALUES ( 19190, 12740, '11:20:00', '11:20:00', 20 );
INSERT INTO "times" VALUES ( 19190, 12750, '11:23:00', '11:23:00', 20 );
INSERT INTO "times" VALUES ( 19190, 12760, '11:26:00', '11:26:00', 20 );
INSERT INTO "times" VALUES ( 19190, 12770, '11:29:00', '11:32:00', 20 );
INSERT INTO "times" VALUES ( 19190, 12780, '11:37:00', '11:37:00', 20 );
INSERT INTO "times" VALUES ( 19190, 12790, '11:38:00', '11:38:00', 20 );
INSERT INTO "times" VALUES ( 19190, 12800, '11:40:00', '11:43:00', 20 );
INSERT INTO "times" VALUES ( 19190, 12810, '11:45:00', '11:45:00', 20 );
INSERT INTO "times" VALUES ( 19190, 12820, '11:47:00', '11:47:00', 20 );
INSERT INTO "times" VALUES ( 19190, 12830, '11:49:00', '11:49:00', 20 );
INSERT INTO "times" VALUES ( 19190, 12840, '11:50:00', '11:50:00', 20 );
INSERT INTO "times" VALUES ( 19190, 12850, '11:51:00', '11:51:00', 20 );
INSERT INTO "times" VALUES ( 19190, 12860, '11:53:00', '11:53:00', 20 );
INSERT INTO "times" VALUES ( 19190, 12870, '11:55:00', '11:55:00', 20 );
INSERT INTO "times" VALUES ( 19190, 12880, '11:57:00', '11:57:00', 20 );
INSERT INTO "times" VALUES ( 19190, 12890, '11:58:00', '11:58:00', 20 );
INSERT INTO "times" VALUES ( 19190, 12900, '12:00:00', '12:04:00', 20 );
INSERT INTO "times" VALUES ( 19190, 13510, '12:06:00', '12:06:00', 30 );
INSERT INTO "times" VALUES ( 19190, 13520, '12:09:00', NULL, NULL );

INSERT INTO "dias" VALUES ( 19191, 100, FALSE, TRUE, 'Q1003B', 13520, 11510 );
INSERT INTO "dias_line_groups" VALUES ( 19191, 10 );
INSERT INTO "times" VALUES ( 19191, 11510, '12:47:00', NULL, NULL );
INSERT INTO "times" VALUES ( 19191, 11520, '12:44:00', '12:44:00', 10 );
INSERT INTO "times" VALUES ( 19191, 11530, '12:43:00', '12:43:00', 10 );
INSERT INTO "times" VALUES ( 19191, 11540, '12:41:00', '12:41:00', 10 );
INSERT INTO "times" VALUES ( 19191, 12530, '12:40:00', '12:40:00', 10 );
INSERT INTO "times" VALUES ( 19191, 12540, '12:30:00', '12:37:00', 20 );
INSERT INTO "times" VALUES ( 19191, 12550, '12:28:00', '12:28:00', 20 );
INSERT INTO "times" VALUES ( 19191, 12560, '12:26:00', '12:26:00', 20 );
INSERT INTO "times" VALUES ( 19191, 12570, '12:24:00', '12:24:00', 20 );
INSERT INTO "times" VALUES ( 19191, 12580, '12:23:00', '12:23:00', 20 );
INSERT INTO "times" VALUES ( 19191, 12590, '12:22:00', '12:22:00', 20 );
INSERT INTO "times" VALUES ( 19191, 12600, '12:20:00', '12:20:00', 20 );
INSERT INTO "times" VALUES ( 19191, 12610, '12:16:00', '12:19:00', 20 );
INSERT INTO "times" VALUES ( 19191, 12620, '12:14:00', '12:14:00', 20 );
INSERT INTO "times" VALUES ( 19191, 12630, '12:12:00', '12:12:00', 20 );
INSERT INTO "times" VALUES ( 19191, 12640, '12:11:00', '12:11:00', 20 );
INSERT INTO "times" VALUES ( 19191, 12650, '12:09:00', '12:09:00', 20 );
INSERT INTO "times" VALUES ( 19191, 12660, '12:06:00', '12:07:00', 20 );
INSERT INTO "times" VALUES ( 19191, 12670, '12:03:00', '12:03:00', 20 );
INSERT INTO "times" VALUES ( 19191, 12680, '11:57:00', '12:00:00', 20 );
INSERT INTO "times" VALUES ( 19191, 12690, '11:54:00', '11:54:00', 20 );
INSERT INTO "times" VALUES ( 19191, 12700, '11:52:00', '11:52:00', 20 );
INSERT INTO "times" VALUES ( 19191, 12710, '11:46:00', '11:50:00', 20 );
INSERT INTO "times" VALUES ( 19191, 12720, '11:44:00', '11:44:00', 20 );
INSERT INTO "times" VALUES ( 19191, 12730, '11:41:00', '11:41:00', 20 );
INSERT INTO "times" VALUES ( 19191, 12740, '11:39:00', '11:39:00', 20 );
INSERT INTO "times" VALUES ( 19191, 12750, '11:35:00', '11:35:00', 20 );
INSERT INTO "times" VALUES ( 19191, 12760, '11:33:00', '11:33:00', 20 );
INSERT INTO "times" VALUES ( 19191, 12770, '11:29:00', '11:29:00', 20 );
INSERT INTO "times" VALUES ( 19191, 12780, '11:24:00', '11:24:00', 20 );
INSERT INTO "times" VALUES ( 19191, 12790, '11:22:00', '11:22:00', 20 );
INSERT INTO "times" VALUES ( 19191, 12800, '11:17:00', '11:20:00', 20 );
INSERT INTO "times" VALUES ( 19191, 12810, '11:15:00', '11:15:00', 20 );
INSERT INTO "times" VALUES ( 19191, 12820, '11:13:00', '11:13:00', 20 );
INSERT INTO "times" VALUES ( 19191, 12830, '11:12:00', '11:12:00', 20 );
INSERT INTO "times" VALUES ( 19191, 12840, '11:10:00', '11:10:00', 20 );
INSERT INTO "times" VALUES ( 19191, 12850, '11:09:00', '11:09:00', 20 );
INSERT INTO "times" VALUES ( 19191, 12860, '11:07:00', '11:07:00', 20 );
INSERT INTO "times" VALUES ( 19191, 12870, '11:05:00', '11:05:00', 20 );
INSERT INTO "times" VALUES ( 19191, 12880, '11:03:00', '11:03:00', 20 );
INSERT INTO "times" VALUES ( 19191, 12890, '11:02:00', '11:02:00', 20 );
INSERT INTO "times" VALUES ( 19191, 12900, '10:56:00', '11:00:00', 20 );
INSERT INTO "times" VALUES ( 19191, 13510, '10:54:00', '10:54:00', 30 );
INSERT INTO "times" VALUES ( 19191, 13520, NULL, '10:52:00', 30 );

INSERT INTO "dias" VALUES ( 19192, 100, FALSE, TRUE, 'Q1004Z', 11510, 13520 );
INSERT INTO "dias_line_groups" VALUES ( 19192, 10 );
INSERT INTO "times" VALUES ( 19192, 11510, NULL, '10:24:00', 10 );
INSERT INTO "times" VALUES ( 19192, 11520, '10:25:00', '10:25:00', 10 );
INSERT INTO "times" VALUES ( 19192, 11530, '10:27:00', '10:27:00', 10 );
INSERT INTO "times" VALUES ( 19192, 11540, '10:29:00', '10:29:00', 10 );
INSERT INTO "times" VALUES ( 19192, 12530, '10:31:00', '10:32:00', 20 );
INSERT INTO "times" VALUES ( 19192, 12540, '10:34:00', '10:41:00', 20 );
INSERT INTO "times" VALUES ( 19192, 12550, '10:43:00', '10:43:00', 20 );
INSERT INTO "times" VALUES ( 19192, 12560, '10:45:00', '10:45:00', 20 );
INSERT INTO "times" VALUES ( 19192, 12570, '10:46:00', '10:46:00', 20 );
INSERT INTO "times" VALUES ( 19192, 12580, '10:48:00', '10:48:00', 20 );
INSERT INTO "times" VALUES ( 19192, 12590, '10:49:00', '10:49:00', 20 );
INSERT INTO "times" VALUES ( 19192, 12600, '10:50:00', '10:50:00', 20 );
INSERT INTO "times" VALUES ( 19192, 12610, '10:52:00', '10:55:00', 20 );
INSERT INTO "times" VALUES ( 19192, 12620, '10:57:00', '10:57:00', 20 );
INSERT INTO "times" VALUES ( 19192, 12630, '10:58:00', '10:58:00', 20 );
INSERT INTO "times" VALUES ( 19192, 12640, '11:00:00', '11:00:00', 20 );
INSERT INTO "times" VALUES ( 19192, 12650, '11:02:00', '11:02:00', 20 );
INSERT INTO "times" VALUES ( 19192, 12660, '11:04:00', '11:05:00', 20 );
INSERT INTO "times" VALUES ( 19192, 12670, '11:08:00', '11:08:00', 20 );
INSERT INTO "times" VALUES ( 19192, 12680, '11:12:00', '11:18:00', 20 );
INSERT INTO "times" VALUES ( 19192, 12690, '11:20:00', '11:20:00', 20 );
INSERT INTO "times" VALUES ( 19192, 12700, '11:22:00', '11:22:00', 20 );
INSERT INTO "times" VALUES ( 19192, 12710, '11:25:00', '11:25:00', 20 );
INSERT INTO "times" VALUES ( 19192, 12720, '11:26:00', '11:26:00', 20 );
INSERT INTO "times" VALUES ( 19192, 12730, '11:29:00', '11:29:00', 20 );
INSERT INTO "times" VALUES ( 19192, 12740, '11:32:00', '11:32:00', 20 );
INSERT INTO "times" VALUES ( 19192, 12750, '11:35:00', '11:35:00', 20 );
INSERT INTO "times" VALUES ( 19192, 12760, '11:38:00', '11:38:00', 20 );
INSERT INTO "times" VALUES ( 19192, 12770, '11:42:00', '11:42:00', 20 );
INSERT INTO "times" VALUES ( 19192, 12780, '11:46:00', '11:46:00', 20 );
INSERT INTO "times" VALUES ( 19192, 12790, '11:47:00', '11:47:00', 20 );
INSERT INTO "times" VALUES ( 19192, 12800, '11:49:00', '11:53:00', 20 );
INSERT INTO "times" VALUES ( 19192, 12810, '11:55:00', '11:55:00', 20 );
INSERT INTO "times" VALUES ( 19192, 12820, '11:57:00', '11:57:00', 20 );
INSERT INTO "times" VALUES ( 19192, 12830, '11:59:00', '11:59:00', 20 );
INSERT INTO "times" VALUES ( 19192, 12840, '12:00:00', '12:00:00', 20 );
INSERT INTO "times" VALUES ( 19192, 12850, '12:01:00', '12:01:00', 20 );
INSERT INTO "times" VALUES ( 19192, 12860, '12:03:00', '12:03:00', 20 );
INSERT INTO "times" VALUES ( 19192, 12870, '12:05:00', '12:05:00', 20 );
INSERT INTO "times" VALUES ( 19192, 12880, '12:06:00', '12:06:00', 20 );
INSERT INTO "times" VALUES ( 19192, 12890, '12:08:00', '12:08:00', 20 );
INSERT INTO "times" VALUES ( 19192, 12900, '12:10:00', '12:13:00', 20 );
INSERT INTO "times" VALUES ( 19192, 13510, '12:15:00', '12:15:00', 30 );
INSERT INTO "times" VALUES ( 19192, 13520, '12:18:00', NULL, NULL );

INSERT INTO "dias" VALUES ( 19193, 100, FALSE, TRUE, 'Q1006Z', 11510, 13520 );
INSERT INTO "dias_line_groups" VALUES ( 19193, 10 );
INSERT INTO "times" VALUES ( 19193, 11510, NULL, '10:44:00', 10 );
INSERT INTO "times" VALUES ( 19193, 11520, '10:45:00', '10:45:00', 10 );
INSERT INTO "times" VALUES ( 19193, 11530, '10:47:00', '10:47:00', 10 );
INSERT INTO "times" VALUES ( 19193, 11540, '10:49:00', '10:49:00', 10 );
INSERT INTO "times" VALUES ( 19193, 12530, '10:51:00', '10:52:00', 20 );
INSERT INTO "times" VALUES ( 19193, 12540, '10:54:00', '11:01:00', 20 );
INSERT INTO "times" VALUES ( 19193, 12550, '11:03:00', '11:03:00', 20 );
INSERT INTO "times" VALUES ( 19193, 12560, '11:05:00', '11:05:00', 20 );
INSERT INTO "times" VALUES ( 19193, 12570, '11:06:00', '11:06:00', 20 );
INSERT INTO "times" VALUES ( 19193, 12580, '11:08:00', '11:08:00', 20 );
INSERT INTO "times" VALUES ( 19193, 12590, '11:09:00', '11:09:00', 20 );
INSERT INTO "times" VALUES ( 19193, 12600, '11:10:00', '11:10:00', 20 );
INSERT INTO "times" VALUES ( 19193, 12610, '11:12:00', '11:15:00', 20 );
INSERT INTO "times" VALUES ( 19193, 12620, '11:17:00', '11:17:00', 20 );
INSERT INTO "times" VALUES ( 19193, 12630, '11:18:00', '11:18:00', 20 );
INSERT INTO "times" VALUES ( 19193, 12640, '11:20:00', '11:20:00', 20 );
INSERT INTO "times" VALUES ( 19193, 12650, '11:22:00', '11:22:00', 20 );
INSERT INTO "times" VALUES ( 19193, 12660, '11:24:00', '11:26:00', 20 );
INSERT INTO "times" VALUES ( 19193, 12670, '11:29:00', '11:29:00', 20 );
INSERT INTO "times" VALUES ( 19193, 12680, '11:31:00', '11:32:00', 20 );
INSERT INTO "times" VALUES ( 19193, 12690, '11:34:00', '11:34:00', 20 );
INSERT INTO "times" VALUES ( 19193, 12700, '11:36:00', '11:36:00', 20 );
INSERT INTO "times" VALUES ( 19193, 12710, '11:38:00', '11:44:00', 20 );
INSERT INTO "times" VALUES ( 19193, 12720, '11:46:00', '11:46:00', 20 );
INSERT INTO "times" VALUES ( 19193, 12730, '11:48:00', '11:48:00', 20 );
INSERT INTO "times" VALUES ( 19193, 12740, '11:51:00', '11:52:00', 20 );
INSERT INTO "times" VALUES ( 19193, 12750, '11:55:00', '11:55:00', 20 );
INSERT INTO "times" VALUES ( 19193, 12760, '11:58:00', '11:58:00', 20 );
INSERT INTO "times" VALUES ( 19193, 12770, '12:02:00', '12:02:00', 20 );
INSERT INTO "times" VALUES ( 19193, 12780, '12:06:00', '12:06:00', 20 );
INSERT INTO "times" VALUES ( 19193, 12790, '12:07:00', '12:07:00', 20 );
INSERT INTO "times" VALUES ( 19193, 12800, '12:09:00', '12:13:00', 20 );
INSERT INTO "times" VALUES ( 19193, 12810, '12:15:00', '12:15:00', 20 );
INSERT INTO "times" VALUES ( 19193, 12820, '12:16:00', '12:16:00', 20 );
INSERT INTO "times" VALUES ( 19193, 12830, '12:18:00', '12:18:00', 20 );
INSERT INTO "times" VALUES ( 19193, 12840, '12:19:00', '12:19:00', 20 );
INSERT INTO "times" VALUES ( 19193, 12850, '12:21:00', '12:21:00', 20 );
INSERT INTO "times" VALUES ( 19193, 12860, '12:22:00', '12:22:00', 20 );
INSERT INTO "times" VALUES ( 19193, 12870, '12:24:00', '12:24:00', 20 );
INSERT INTO "times" VALUES ( 19193, 12880, '12:26:00', '12:26:00', 20 );
INSERT INTO "times" VALUES ( 19193, 12890, '12:28:00', '12:28:00', 20 );
INSERT INTO "times" VALUES ( 19193, 12900, '12:29:00', '12:33:00', 20 );
INSERT INTO "times" VALUES ( 19193, 13510, '12:35:00', '12:35:00', 30 );
INSERT INTO "times" VALUES ( 19193, 13520, '12:38:00', NULL, NULL );

INSERT INTO "dias" VALUES ( 19194, 100, FALSE, TRUE, 'Q1008Z', 11510, 13520 );
INSERT INTO "dias_line_groups" VALUES ( 19194, 10 );
INSERT INTO "times" VALUES ( 19194, 11510, NULL, '10:54:00', 10 );
INSERT INTO "times" VALUES ( 19194, 11520, '10:55:00', '10:55:00', 10 );
INSERT INTO "times" VALUES ( 19194, 11530, '10:57:00', '10:57:00', 10 );
INSERT INTO "times" VALUES ( 19194, 11540, '10:59:00', '10:59:00', 10 );
INSERT INTO "times" VALUES ( 19194, 12530, '11:01:00', '11:02:00', 20 );
INSERT INTO "times" VALUES ( 19194, 12540, '11:04:00', '11:11:00', 20 );
INSERT INTO "times" VALUES ( 19194, 12550, '11:13:00', '11:13:00', 20 );
INSERT INTO "times" VALUES ( 19194, 12560, '11:15:00', '11:15:00', 20 );
INSERT INTO "times" VALUES ( 19194, 12570, '11:16:00', '11:16:00', 20 );
INSERT INTO "times" VALUES ( 19194, 12580, '11:18:00', '11:18:00', 20 );
INSERT INTO "times" VALUES ( 19194, 12590, '11:19:00', '11:19:00', 20 );
INSERT INTO "times" VALUES ( 19194, 12600, '11:20:00', '11:20:00', 20 );
INSERT INTO "times" VALUES ( 19194, 12610, '11:22:00', '11:25:00', 20 );
INSERT INTO "times" VALUES ( 19194, 12620, '11:27:00', '11:27:00', 20 );
INSERT INTO "times" VALUES ( 19194, 12630, '11:28:00', '11:28:00', 20 );
INSERT INTO "times" VALUES ( 19194, 12640, '11:30:00', '11:30:00', 20 );
INSERT INTO "times" VALUES ( 19194, 12650, '11:32:00', '11:32:00', 20 );
INSERT INTO "times" VALUES ( 19194, 12660, '11:34:00', '11:35:00', 20 );
INSERT INTO "times" VALUES ( 19194, 12670, '11:38:00', '11:38:00', 20 );
INSERT INTO "times" VALUES ( 19194, 12680, '11:42:00', '11:48:00', 20 );
INSERT INTO "times" VALUES ( 19194, 12690, '11:50:00', '11:50:00', 20 );
INSERT INTO "times" VALUES ( 19194, 12700, '11:52:00', '11:52:00', 20 );
INSERT INTO "times" VALUES ( 19194, 12710, '11:55:00', '11:55:00', 20 );
INSERT INTO "times" VALUES ( 19194, 12720, '11:56:00', '11:56:00', 20 );
INSERT INTO "times" VALUES ( 19194, 12730, '11:59:00', '11:59:00', 20 );
INSERT INTO "times" VALUES ( 19194, 12740, '12:02:00', '12:02:00', 20 );
INSERT INTO "times" VALUES ( 19194, 12750, '12:05:00', '12:05:00', 20 );
INSERT INTO "times" VALUES ( 19194, 12760, '12:08:00', '12:08:00', 20 );
INSERT INTO "times" VALUES ( 19194, 12770, '12:12:00', '12:12:00', 20 );
INSERT INTO "times" VALUES ( 19194, 12780, '12:16:00', '12:16:00', 20 );
INSERT INTO "times" VALUES ( 19194, 12790, '12:17:00', '12:17:00', 20 );
INSERT INTO "times" VALUES ( 19194, 12800, '12:19:00', '12:23:00', 20 );
INSERT INTO "times" VALUES ( 19194, 12810, '12:25:00', '12:25:00', 20 );
INSERT INTO "times" VALUES ( 19194, 12820, '12:26:00', '12:26:00', 20 );
INSERT INTO "times" VALUES ( 19194, 12830, '12:28:00', '12:28:00', 20 );
INSERT INTO "times" VALUES ( 19194, 12840, '12:29:00', '12:29:00', 20 );
INSERT INTO "times" VALUES ( 19194, 12850, '12:31:00', '12:31:00', 20 );
INSERT INTO "times" VALUES ( 19194, 12860, '12:32:00', '12:32:00', 20 );
INSERT INTO "times" VALUES ( 19194, 12870, '12:34:00', '12:34:00', 20 );
INSERT INTO "times" VALUES ( 19194, 12880, '12:36:00', '12:36:00', 20 );
INSERT INTO "times" VALUES ( 19194, 12890, '12:38:00', '12:38:00', 20 );
INSERT INTO "times" VALUES ( 19194, 12900, '12:39:00', '12:43:00', 20 );
INSERT INTO "times" VALUES ( 19194, 13510, '12:45:00', '12:45:00', 30 );
INSERT INTO "times" VALUES ( 19194, 13520, '12:48:00', NULL, NULL );

INSERT INTO "dias" VALUES ( 19195, 100, FALSE, TRUE, 'Q1100Z', 11510, 13520 );
INSERT INTO "dias_line_groups" VALUES ( 19195, 10 );
INSERT INTO "times" VALUES ( 19195, 11510, NULL, '11:14:00', 10 );
INSERT INTO "times" VALUES ( 19195, 11520, '11:15:00', '11:15:00', 10 );
INSERT INTO "times" VALUES ( 19195, 11530, '11:17:00', '11:17:00', 10 );
INSERT INTO "times" VALUES ( 19195, 11540, '11:19:00', '11:19:00', 10 );
INSERT INTO "times" VALUES ( 19195, 12530, '11:21:00', '11:22:00', 20 );
INSERT INTO "times" VALUES ( 19195, 12540, '11:24:00', '11:31:00', 20 );
INSERT INTO "times" VALUES ( 19195, 12550, '11:33:00', '11:33:00', 20 );
INSERT INTO "times" VALUES ( 19195, 12560, '11:35:00', '11:35:00', 20 );
INSERT INTO "times" VALUES ( 19195, 12570, '11:36:00', '11:36:00', 20 );
INSERT INTO "times" VALUES ( 19195, 12580, '11:38:00', '11:38:00', 20 );
INSERT INTO "times" VALUES ( 19195, 12590, '11:39:00', '11:39:00', 20 );
INSERT INTO "times" VALUES ( 19195, 12600, '11:40:00', '11:40:00', 20 );
INSERT INTO "times" VALUES ( 19195, 12610, '11:42:00', '11:45:00', 20 );
INSERT INTO "times" VALUES ( 19195, 12620, '11:47:00', '11:47:00', 20 );
INSERT INTO "times" VALUES ( 19195, 12630, '11:48:00', '11:48:00', 20 );
INSERT INTO "times" VALUES ( 19195, 12640, '11:50:00', '11:50:00', 20 );
INSERT INTO "times" VALUES ( 19195, 12650, '11:52:00', '11:52:00', 20 );
INSERT INTO "times" VALUES ( 19195, 12660, '11:54:00', '11:56:00', 20 );
INSERT INTO "times" VALUES ( 19195, 12670, '11:59:00', '11:59:00', 20 );
INSERT INTO "times" VALUES ( 19195, 12680, '12:01:00', '12:02:00', 20 );
INSERT INTO "times" VALUES ( 19195, 12690, '12:04:00', '12:04:00', 20 );
INSERT INTO "times" VALUES ( 19195, 12700, '12:06:00', '12:06:00', 20 );
INSERT INTO "times" VALUES ( 19195, 12710, '12:08:00', '12:14:00', 20 );
INSERT INTO "times" VALUES ( 19195, 12720, '12:16:00', '12:16:00', 20 );
INSERT INTO "times" VALUES ( 19195, 12730, '12:18:00', '12:18:00', 20 );
INSERT INTO "times" VALUES ( 19195, 12740, '12:21:00', '12:22:00', 20 );
INSERT INTO "times" VALUES ( 19195, 12750, '12:25:00', '12:25:00', 20 );
INSERT INTO "times" VALUES ( 19195, 12760, '12:28:00', '12:28:00', 20 );
INSERT INTO "times" VALUES ( 19195, 12770, '12:32:00', '12:32:00', 20 );
INSERT INTO "times" VALUES ( 19195, 12780, '12:36:00', '12:36:00', 20 );
INSERT INTO "times" VALUES ( 19195, 12790, '12:37:00', '12:37:00', 20 );
INSERT INTO "times" VALUES ( 19195, 12800, '12:39:00', '12:43:00', 20 );
INSERT INTO "times" VALUES ( 19195, 12810, '12:45:00', '12:45:00', 20 );
INSERT INTO "times" VALUES ( 19195, 12820, '12:46:00', '12:46:00', 20 );
INSERT INTO "times" VALUES ( 19195, 12830, '12:48:00', '12:48:00', 20 );
INSERT INTO "times" VALUES ( 19195, 12840, '12:49:00', '12:49:00', 20 );
INSERT INTO "times" VALUES ( 19195, 12850, '12:51:00', '12:51:00', 20 );
INSERT INTO "times" VALUES ( 19195, 12860, '12:52:00', '12:52:00', 20 );
INSERT INTO "times" VALUES ( 19195, 12870, '12:54:00', '12:54:00', 20 );
INSERT INTO "times" VALUES ( 19195, 12880, '12:56:00', '12:56:00', 20 );
INSERT INTO "times" VALUES ( 19195, 12890, '12:58:00', '12:58:00', 20 );
INSERT INTO "times" VALUES ( 19195, 12900, '12:59:00', '13:03:00', 20 );
INSERT INTO "times" VALUES ( 19195, 13510, '13:05:00', '13:05:00', 30 );
INSERT INTO "times" VALUES ( 19195, 13520, '13:08:00', NULL, NULL );

INSERT INTO "dias" VALUES ( 19196, 100, FALSE, TRUE, 'Q1101B', 13520, 11510 );
INSERT INTO "dias_line_groups" VALUES ( 19196, 10 );
INSERT INTO "times" VALUES ( 19196, 11510, '13:17:00', NULL, NULL );
INSERT INTO "times" VALUES ( 19196, 11520, '13:15:00', '13:15:00', 10 );
INSERT INTO "times" VALUES ( 19196, 11530, '13:13:00', '13:13:00', 10 );
INSERT INTO "times" VALUES ( 19196, 11540, '13:12:00', '13:12:00', 10 );
INSERT INTO "times" VALUES ( 19196, 12530, '13:10:00', '13:10:00', 10 );
INSERT INTO "times" VALUES ( 19196, 12540, '13:00:00', '13:07:00', 20 );
INSERT INTO "times" VALUES ( 19196, 12550, '12:58:00', '12:58:00', 20 );
INSERT INTO "times" VALUES ( 19196, 12560, '12:56:00', '12:56:00', 20 );
INSERT INTO "times" VALUES ( 19196, 12570, '12:54:00', '12:54:00', 20 );
INSERT INTO "times" VALUES ( 19196, 12580, '12:53:00', '12:53:00', 20 );
INSERT INTO "times" VALUES ( 19196, 12590, '12:52:00', '12:52:00', 20 );
INSERT INTO "times" VALUES ( 19196, 12600, '12:50:00', '12:50:00', 20 );
INSERT INTO "times" VALUES ( 19196, 12610, '12:46:00', '12:49:00', 20 );
INSERT INTO "times" VALUES ( 19196, 12620, '12:44:00', '12:44:00', 20 );
INSERT INTO "times" VALUES ( 19196, 12630, '12:42:00', '12:42:00', 20 );
INSERT INTO "times" VALUES ( 19196, 12640, '12:41:00', '12:41:00', 20 );
INSERT INTO "times" VALUES ( 19196, 12650, '12:39:00', '12:39:00', 20 );
INSERT INTO "times" VALUES ( 19196, 12660, '12:35:00', '12:37:00', 20 );
INSERT INTO "times" VALUES ( 19196, 12670, '12:32:00', '12:32:00', 20 );
INSERT INTO "times" VALUES ( 19196, 12680, '12:23:00', '12:29:00', 20 );
INSERT INTO "times" VALUES ( 19196, 12690, '12:21:00', '12:21:00', 20 );
INSERT INTO "times" VALUES ( 19196, 12700, '12:18:00', '12:18:00', 20 );
INSERT INTO "times" VALUES ( 19196, 12710, '12:17:00', '12:17:00', 20 );
INSERT INTO "times" VALUES ( 19196, 12720, '12:14:00', '12:14:00', 20 );
INSERT INTO "times" VALUES ( 19196, 12730, '12:11:00', '12:11:00', 20 );
INSERT INTO "times" VALUES ( 19196, 12740, '12:09:00', '12:09:00', 20 );
INSERT INTO "times" VALUES ( 19196, 12750, '12:05:00', '12:05:00', 20 );
INSERT INTO "times" VALUES ( 19196, 12760, '12:03:00', '12:03:00', 20 );
INSERT INTO "times" VALUES ( 19196, 12770, '11:59:00', '11:59:00', 20 );
INSERT INTO "times" VALUES ( 19196, 12780, '11:55:00', '11:55:00', 20 );
INSERT INTO "times" VALUES ( 19196, 12790, '11:52:00', '11:52:00', 20 );
INSERT INTO "times" VALUES ( 19196, 12800, '11:47:00', '11:51:00', 20 );
INSERT INTO "times" VALUES ( 19196, 12810, '11:45:00', '11:45:00', 20 );
INSERT INTO "times" VALUES ( 19196, 12820, '11:43:00', '11:43:00', 20 );
INSERT INTO "times" VALUES ( 19196, 12830, '11:42:00', '11:42:00', 20 );
INSERT INTO "times" VALUES ( 19196, 12840, '11:40:00', '11:40:00', 20 );
INSERT INTO "times" VALUES ( 19196, 12850, '11:39:00', '11:39:00', 20 );
INSERT INTO "times" VALUES ( 19196, 12860, '11:37:00', '11:37:00', 20 );
INSERT INTO "times" VALUES ( 19196, 12870, '11:35:00', '11:35:00', 20 );
INSERT INTO "times" VALUES ( 19196, 12880, '11:33:00', '11:33:00', 20 );
INSERT INTO "times" VALUES ( 19196, 12890, '11:32:00', '11:32:00', 20 );
INSERT INTO "times" VALUES ( 19196, 12900, '11:26:00', '11:30:00', 20 );
INSERT INTO "times" VALUES ( 19196, 13510, '11:24:00', '11:24:00', 30 );
INSERT INTO "times" VALUES ( 19196, 13520, NULL, '11:22:00', 30 );

INSERT INTO "dias" VALUES ( 19197, 100, FALSE, TRUE, 'Q1102Z', 11510, 13520 );
INSERT INTO "dias_line_groups" VALUES ( 19197, 10 );
INSERT INTO "times" VALUES ( 19197, 11510, NULL, '11:24:00', 10 );
INSERT INTO "times" VALUES ( 19197, 11520, '11:25:00', '11:25:00', 10 );
INSERT INTO "times" VALUES ( 19197, 11530, '11:27:00', '11:27:00', 10 );
INSERT INTO "times" VALUES ( 19197, 11540, '11:29:00', '11:29:00', 10 );
INSERT INTO "times" VALUES ( 19197, 12530, '11:31:00', '11:32:00', 20 );
INSERT INTO "times" VALUES ( 19197, 12540, '11:34:00', '11:41:00', 20 );
INSERT INTO "times" VALUES ( 19197, 12550, '11:43:00', '11:43:00', 20 );
INSERT INTO "times" VALUES ( 19197, 12560, '11:45:00', '11:45:00', 20 );
INSERT INTO "times" VALUES ( 19197, 12570, '11:46:00', '11:46:00', 20 );
INSERT INTO "times" VALUES ( 19197, 12580, '11:48:00', '11:48:00', 20 );
INSERT INTO "times" VALUES ( 19197, 12590, '11:49:00', '11:49:00', 20 );
INSERT INTO "times" VALUES ( 19197, 12600, '11:50:00', '11:50:00', 20 );
INSERT INTO "times" VALUES ( 19197, 12610, '11:52:00', '11:55:00', 20 );
INSERT INTO "times" VALUES ( 19197, 12620, '11:57:00', '11:57:00', 20 );
INSERT INTO "times" VALUES ( 19197, 12630, '11:58:00', '11:58:00', 20 );
INSERT INTO "times" VALUES ( 19197, 12640, '12:00:00', '12:00:00', 20 );
INSERT INTO "times" VALUES ( 19197, 12650, '12:02:00', '12:02:00', 20 );
INSERT INTO "times" VALUES ( 19197, 12660, '12:04:00', '12:05:00', 20 );
INSERT INTO "times" VALUES ( 19197, 12670, '12:08:00', '12:08:00', 20 );
INSERT INTO "times" VALUES ( 19197, 12680, '12:12:00', '12:18:00', 20 );
INSERT INTO "times" VALUES ( 19197, 12690, '12:20:00', '12:20:00', 20 );
INSERT INTO "times" VALUES ( 19197, 12700, '12:22:00', '12:22:00', 20 );
INSERT INTO "times" VALUES ( 19197, 12710, '12:25:00', '12:25:00', 20 );
INSERT INTO "times" VALUES ( 19197, 12720, '12:26:00', '12:26:00', 20 );
INSERT INTO "times" VALUES ( 19197, 12730, '12:29:00', '12:29:00', 20 );
INSERT INTO "times" VALUES ( 19197, 12740, '12:32:00', '12:32:00', 20 );
INSERT INTO "times" VALUES ( 19197, 12750, '12:35:00', '12:35:00', 20 );
INSERT INTO "times" VALUES ( 19197, 12760, '12:38:00', '12:38:00', 20 );
INSERT INTO "times" VALUES ( 19197, 12770, '12:42:00', '12:42:00', 20 );
INSERT INTO "times" VALUES ( 19197, 12780, '12:46:00', '12:46:00', 20 );
INSERT INTO "times" VALUES ( 19197, 12790, '12:47:00', '12:47:00', 20 );
INSERT INTO "times" VALUES ( 19197, 12800, '12:49:00', '12:53:00', 20 );
INSERT INTO "times" VALUES ( 19197, 12810, '12:55:00', '12:55:00', 20 );
INSERT INTO "times" VALUES ( 19197, 12820, '12:56:00', '12:56:00', 20 );
INSERT INTO "times" VALUES ( 19197, 12830, '12:58:00', '12:58:00', 20 );
INSERT INTO "times" VALUES ( 19197, 12840, '12:59:00', '12:59:00', 20 );
INSERT INTO "times" VALUES ( 19197, 12850, '13:01:00', '13:01:00', 20 );
INSERT INTO "times" VALUES ( 19197, 12860, '13:02:00', '13:02:00', 20 );
INSERT INTO "times" VALUES ( 19197, 12870, '13:04:00', '13:04:00', 20 );
INSERT INTO "times" VALUES ( 19197, 12880, '13:06:00', '13:06:00', 20 );
INSERT INTO "times" VALUES ( 19197, 12890, '13:08:00', '13:08:00', 20 );
INSERT INTO "times" VALUES ( 19197, 12900, '13:09:00', '13:13:00', 20 );
INSERT INTO "times" VALUES ( 19197, 13510, '13:15:00', '13:15:00', 30 );
INSERT INTO "times" VALUES ( 19197, 13520, '13:18:00', NULL, NULL );

INSERT INTO "dias" VALUES ( 19198, 100, FALSE, TRUE, 'Q1103B', 13520, 11510 );
INSERT INTO "dias_line_groups" VALUES ( 19198, 10 );
INSERT INTO "times" VALUES ( 19198, 11510, '13:27:00', NULL, NULL );
INSERT INTO "times" VALUES ( 19198, 11520, '13:24:00', '13:24:00', 10 );
INSERT INTO "times" VALUES ( 19198, 11530, '13:23:00', '13:23:00', 10 );
INSERT INTO "times" VALUES ( 19198, 11540, '13:21:00', '13:21:00', 10 );
INSERT INTO "times" VALUES ( 19198, 12530, '13:20:00', '13:20:00', 10 );
INSERT INTO "times" VALUES ( 19198, 12540, '13:10:00', '13:17:00', 20 );
INSERT INTO "times" VALUES ( 19198, 12550, '13:08:00', '13:08:00', 20 );
INSERT INTO "times" VALUES ( 19198, 12560, '13:06:00', '13:06:00', 20 );
INSERT INTO "times" VALUES ( 19198, 12570, '13:04:00', '13:04:00', 20 );
INSERT INTO "times" VALUES ( 19198, 12580, '13:03:00', '13:03:00', 20 );
INSERT INTO "times" VALUES ( 19198, 12590, '13:02:00', '13:02:00', 20 );
INSERT INTO "times" VALUES ( 19198, 12600, '13:00:00', '13:00:00', 20 );
INSERT INTO "times" VALUES ( 19198, 12610, '12:56:00', '12:59:00', 20 );
INSERT INTO "times" VALUES ( 19198, 12620, '12:54:00', '12:54:00', 20 );
INSERT INTO "times" VALUES ( 19198, 12630, '12:52:00', '12:52:00', 20 );
INSERT INTO "times" VALUES ( 19198, 12640, '12:51:00', '12:51:00', 20 );
INSERT INTO "times" VALUES ( 19198, 12650, '12:49:00', '12:49:00', 20 );
INSERT INTO "times" VALUES ( 19198, 12660, '12:45:00', '12:47:00', 20 );
INSERT INTO "times" VALUES ( 19198, 12670, '12:42:00', '12:42:00', 20 );
INSERT INTO "times" VALUES ( 19198, 12680, '12:39:00', '12:40:00', 20 );
INSERT INTO "times" VALUES ( 19198, 12690, '12:37:00', '12:37:00', 20 );
INSERT INTO "times" VALUES ( 19198, 12700, '12:34:00', '12:34:00', 20 );
INSERT INTO "times" VALUES ( 19198, 12710, '12:27:00', '12:32:00', 20 );
INSERT INTO "times" VALUES ( 19198, 12720, '12:24:00', '12:24:00', 20 );
INSERT INTO "times" VALUES ( 19198, 12730, '12:22:00', '12:22:00', 20 );
INSERT INTO "times" VALUES ( 19198, 12740, '12:19:00', '12:20:00', 20 );
INSERT INTO "times" VALUES ( 19198, 12750, '12:16:00', '12:16:00', 20 );
INSERT INTO "times" VALUES ( 19198, 12760, '12:14:00', '12:14:00', 20 );
INSERT INTO "times" VALUES ( 19198, 12770, '12:10:00', '12:10:00', 20 );
INSERT INTO "times" VALUES ( 19198, 12780, '12:05:00', '12:05:00', 20 );
INSERT INTO "times" VALUES ( 19198, 12790, '12:03:00', '12:03:00', 20 );
INSERT INTO "times" VALUES ( 19198, 12800, '11:57:00', '12:01:00', 20 );
INSERT INTO "times" VALUES ( 19198, 12810, '11:55:00', '11:55:00', 20 );
INSERT INTO "times" VALUES ( 19198, 12820, '11:53:00', '11:53:00', 20 );
INSERT INTO "times" VALUES ( 19198, 12830, '11:52:00', '11:52:00', 20 );
INSERT INTO "times" VALUES ( 19198, 12840, '11:50:00', '11:50:00', 20 );
INSERT INTO "times" VALUES ( 19198, 12850, '11:49:00', '11:49:00', 20 );
INSERT INTO "times" VALUES ( 19198, 12860, '11:47:00', '11:47:00', 20 );
INSERT INTO "times" VALUES ( 19198, 12870, '11:45:00', '11:45:00', 20 );
INSERT INTO "times" VALUES ( 19198, 12880, '11:43:00', '11:43:00', 20 );
INSERT INTO "times" VALUES ( 19198, 12890, '11:42:00', '11:42:00', 20 );
INSERT INTO "times" VALUES ( 19198, 12900, '11:36:00', '11:40:00', 20 );
INSERT INTO "times" VALUES ( 19198, 13510, '11:34:00', '11:34:00', 30 );
INSERT INTO "times" VALUES ( 19198, 13520, NULL, '11:32:00', 30 );

INSERT INTO "dias" VALUES ( 19199, 100, FALSE, TRUE, 'Q1104Z', 11510, 13520 );
INSERT INTO "dias_line_groups" VALUES ( 19199, 10 );
INSERT INTO "times" VALUES ( 19199, 11510, NULL, '11:44:00', 10 );
INSERT INTO "times" VALUES ( 19199, 11520, '11:45:00', '11:45:00', 10 );
INSERT INTO "times" VALUES ( 19199, 11530, '11:47:00', '11:47:00', 10 );
INSERT INTO "times" VALUES ( 19199, 11540, '11:49:00', '11:49:00', 10 );
INSERT INTO "times" VALUES ( 19199, 12530, '11:51:00', '11:52:00', 20 );
INSERT INTO "times" VALUES ( 19199, 12540, '11:54:00', '12:01:00', 20 );
INSERT INTO "times" VALUES ( 19199, 12550, '12:03:00', '12:03:00', 20 );
INSERT INTO "times" VALUES ( 19199, 12560, '12:05:00', '12:05:00', 20 );
INSERT INTO "times" VALUES ( 19199, 12570, '12:06:00', '12:06:00', 20 );
INSERT INTO "times" VALUES ( 19199, 12580, '12:08:00', '12:08:00', 20 );
INSERT INTO "times" VALUES ( 19199, 12590, '12:09:00', '12:09:00', 20 );
INSERT INTO "times" VALUES ( 19199, 12600, '12:10:00', '12:10:00', 20 );
INSERT INTO "times" VALUES ( 19199, 12610, '12:12:00', '12:15:00', 20 );
INSERT INTO "times" VALUES ( 19199, 12620, '12:17:00', '12:17:00', 20 );
INSERT INTO "times" VALUES ( 19199, 12630, '12:18:00', '12:18:00', 20 );
INSERT INTO "times" VALUES ( 19199, 12640, '12:20:00', '12:20:00', 20 );
INSERT INTO "times" VALUES ( 19199, 12650, '12:22:00', '12:22:00', 20 );
INSERT INTO "times" VALUES ( 19199, 12660, '12:24:00', '12:26:00', 20 );
INSERT INTO "times" VALUES ( 19199, 12670, '12:29:00', '12:29:00', 20 );
INSERT INTO "times" VALUES ( 19199, 12680, '12:31:00', '12:32:00', 20 );
INSERT INTO "times" VALUES ( 19199, 12690, '12:34:00', '12:34:00', 20 );
INSERT INTO "times" VALUES ( 19199, 12700, '12:36:00', '12:36:00', 20 );
INSERT INTO "times" VALUES ( 19199, 12710, '12:38:00', '12:44:00', 20 );
INSERT INTO "times" VALUES ( 19199, 12720, '12:46:00', '12:46:00', 20 );
INSERT INTO "times" VALUES ( 19199, 12730, '12:48:00', '12:48:00', 20 );
INSERT INTO "times" VALUES ( 19199, 12740, '12:51:00', '12:52:00', 20 );
INSERT INTO "times" VALUES ( 19199, 12750, '12:55:00', '12:55:00', 20 );
INSERT INTO "times" VALUES ( 19199, 12760, '12:58:00', '12:58:00', 20 );
INSERT INTO "times" VALUES ( 19199, 12770, '13:02:00', '13:02:00', 20 );
INSERT INTO "times" VALUES ( 19199, 12780, '13:06:00', '13:06:00', 20 );
INSERT INTO "times" VALUES ( 19199, 12790, '13:07:00', '13:07:00', 20 );
INSERT INTO "times" VALUES ( 19199, 12800, '13:09:00', '13:13:00', 20 );
INSERT INTO "times" VALUES ( 19199, 12810, '13:15:00', '13:15:00', 20 );
INSERT INTO "times" VALUES ( 19199, 12820, '13:16:00', '13:16:00', 20 );
INSERT INTO "times" VALUES ( 19199, 12830, '13:18:00', '13:18:00', 20 );
INSERT INTO "times" VALUES ( 19199, 12840, '13:19:00', '13:19:00', 20 );
INSERT INTO "times" VALUES ( 19199, 12850, '13:21:00', '13:21:00', 20 );
INSERT INTO "times" VALUES ( 19199, 12860, '13:22:00', '13:22:00', 20 );
INSERT INTO "times" VALUES ( 19199, 12870, '13:24:00', '13:24:00', 20 );
INSERT INTO "times" VALUES ( 19199, 12880, '13:26:00', '13:26:00', 20 );
INSERT INTO "times" VALUES ( 19199, 12890, '13:28:00', '13:28:00', 20 );
INSERT INTO "times" VALUES ( 19199, 12900, '13:29:00', '13:33:00', 20 );
INSERT INTO "times" VALUES ( 19199, 13510, '13:35:00', '13:35:00', 30 );
INSERT INTO "times" VALUES ( 19199, 13520, '13:38:00', NULL, NULL );

INSERT INTO "dias" VALUES ( 19200, 100, FALSE, TRUE, 'Q1105B', 13520, 11510 );
INSERT INTO "dias_line_groups" VALUES ( 19200, 10 );
INSERT INTO "times" VALUES ( 19200, 11510, '13:47:00', NULL, NULL );
INSERT INTO "times" VALUES ( 19200, 11520, '13:45:00', '13:45:00', 10 );
INSERT INTO "times" VALUES ( 19200, 11530, '13:43:00', '13:43:00', 10 );
INSERT INTO "times" VALUES ( 19200, 11540, '13:42:00', '13:42:00', 10 );
INSERT INTO "times" VALUES ( 19200, 12530, '13:40:00', '13:40:00', 10 );
INSERT INTO "times" VALUES ( 19200, 12540, '13:30:00', '13:37:00', 20 );
INSERT INTO "times" VALUES ( 19200, 12550, '13:28:00', '13:28:00', 20 );
INSERT INTO "times" VALUES ( 19200, 12560, '13:26:00', '13:26:00', 20 );
INSERT INTO "times" VALUES ( 19200, 12570, '13:24:00', '13:24:00', 20 );
INSERT INTO "times" VALUES ( 19200, 12580, '13:23:00', '13:23:00', 20 );
INSERT INTO "times" VALUES ( 19200, 12590, '13:22:00', '13:22:00', 20 );
INSERT INTO "times" VALUES ( 19200, 12600, '13:20:00', '13:20:00', 20 );
INSERT INTO "times" VALUES ( 19200, 12610, '13:16:00', '13:19:00', 20 );
INSERT INTO "times" VALUES ( 19200, 12620, '13:14:00', '13:14:00', 20 );
INSERT INTO "times" VALUES ( 19200, 12630, '13:12:00', '13:12:00', 20 );
INSERT INTO "times" VALUES ( 19200, 12640, '13:11:00', '13:11:00', 20 );
INSERT INTO "times" VALUES ( 19200, 12650, '13:09:00', '13:09:00', 20 );
INSERT INTO "times" VALUES ( 19200, 12660, '13:05:00', '13:07:00', 20 );
INSERT INTO "times" VALUES ( 19200, 12670, '13:02:00', '13:02:00', 20 );
INSERT INTO "times" VALUES ( 19200, 12680, '12:54:00', '12:59:00', 20 );
INSERT INTO "times" VALUES ( 19200, 12690, '12:51:00', '12:51:00', 20 );
INSERT INTO "times" VALUES ( 19200, 12700, '12:49:00', '12:49:00', 20 );
INSERT INTO "times" VALUES ( 19200, 12710, '12:47:00', '12:47:00', 20 );
INSERT INTO "times" VALUES ( 19200, 12720, '12:44:00', '12:44:00', 20 );
INSERT INTO "times" VALUES ( 19200, 12730, '12:42:00', '12:42:00', 20 );
INSERT INTO "times" VALUES ( 19200, 12740, '12:40:00', '12:40:00', 20 );
INSERT INTO "times" VALUES ( 19200, 12750, '12:36:00', '12:36:00', 20 );
INSERT INTO "times" VALUES ( 19200, 12760, '12:34:00', '12:34:00', 20 );
INSERT INTO "times" VALUES ( 19200, 12770, '12:30:00', '12:30:00', 20 );
INSERT INTO "times" VALUES ( 19200, 12780, '12:25:00', '12:25:00', 20 );
INSERT INTO "times" VALUES ( 19200, 12790, '12:23:00', '12:23:00', 20 );
INSERT INTO "times" VALUES ( 19200, 12800, '12:18:00', '12:21:00', 20 );
INSERT INTO "times" VALUES ( 19200, 12810, '12:16:00', '12:16:00', 20 );
INSERT INTO "times" VALUES ( 19200, 12820, '12:14:00', '12:14:00', 20 );
INSERT INTO "times" VALUES ( 19200, 12830, '12:13:00', '12:13:00', 20 );
INSERT INTO "times" VALUES ( 19200, 12840, '12:11:00', '12:11:00', 20 );
INSERT INTO "times" VALUES ( 19200, 12850, '12:09:00', '12:09:00', 20 );
INSERT INTO "times" VALUES ( 19200, 12860, '12:08:00', '12:08:00', 20 );
INSERT INTO "times" VALUES ( 19200, 12870, '12:06:00', '12:06:00', 20 );
INSERT INTO "times" VALUES ( 19200, 12880, '12:04:00', '12:04:00', 20 );
INSERT INTO "times" VALUES ( 19200, 12890, '12:02:00', '12:02:00', 20 );
INSERT INTO "times" VALUES ( 19200, 12900, '11:56:00', '12:01:00', 20 );
INSERT INTO "times" VALUES ( 19200, 13510, '11:54:00', '11:54:00', 30 );
INSERT INTO "times" VALUES ( 19200, 13520, NULL, '11:52:00', 30 );

INSERT INTO "dias" VALUES ( 19201, 100, FALSE, TRUE, 'Q1106Z', 11510, 13520 );
INSERT INTO "dias_line_groups" VALUES ( 19201, 10 );
INSERT INTO "times" VALUES ( 19201, 11510, NULL, '11:54:00', 10 );
INSERT INTO "times" VALUES ( 19201, 11520, '11:55:00', '11:55:00', 10 );
INSERT INTO "times" VALUES ( 19201, 11530, '11:57:00', '11:57:00', 10 );
INSERT INTO "times" VALUES ( 19201, 11540, '11:59:00', '11:59:00', 10 );
INSERT INTO "times" VALUES ( 19201, 12530, '12:01:00', '12:02:00', 20 );
INSERT INTO "times" VALUES ( 19201, 12540, '12:04:00', '12:11:00', 20 );
INSERT INTO "times" VALUES ( 19201, 12550, '12:13:00', '12:13:00', 20 );
INSERT INTO "times" VALUES ( 19201, 12560, '12:15:00', '12:15:00', 20 );
INSERT INTO "times" VALUES ( 19201, 12570, '12:16:00', '12:16:00', 20 );
INSERT INTO "times" VALUES ( 19201, 12580, '12:18:00', '12:18:00', 20 );
INSERT INTO "times" VALUES ( 19201, 12590, '12:19:00', '12:19:00', 20 );
INSERT INTO "times" VALUES ( 19201, 12600, '12:20:00', '12:20:00', 20 );
INSERT INTO "times" VALUES ( 19201, 12610, '12:22:00', '12:25:00', 20 );
INSERT INTO "times" VALUES ( 19201, 12620, '12:27:00', '12:27:00', 20 );
INSERT INTO "times" VALUES ( 19201, 12630, '12:28:00', '12:28:00', 20 );
INSERT INTO "times" VALUES ( 19201, 12640, '12:30:00', '12:30:00', 20 );
INSERT INTO "times" VALUES ( 19201, 12650, '12:32:00', '12:32:00', 20 );
INSERT INTO "times" VALUES ( 19201, 12660, '12:34:00', '12:35:00', 20 );
INSERT INTO "times" VALUES ( 19201, 12670, '12:38:00', '12:38:00', 20 );
INSERT INTO "times" VALUES ( 19201, 12680, '12:42:00', '12:48:00', 20 );
INSERT INTO "times" VALUES ( 19201, 12690, '12:50:00', '12:50:00', 20 );
INSERT INTO "times" VALUES ( 19201, 12700, '12:52:00', '12:52:00', 20 );
INSERT INTO "times" VALUES ( 19201, 12710, '12:55:00', '12:55:00', 20 );
INSERT INTO "times" VALUES ( 19201, 12720, '12:56:00', '12:56:00', 20 );
INSERT INTO "times" VALUES ( 19201, 12730, '12:59:00', '12:59:00', 20 );
INSERT INTO "times" VALUES ( 19201, 12740, '13:02:00', '13:02:00', 20 );
INSERT INTO "times" VALUES ( 19201, 12750, '13:05:00', '13:05:00', 20 );
INSERT INTO "times" VALUES ( 19201, 12760, '13:08:00', '13:08:00', 20 );
INSERT INTO "times" VALUES ( 19201, 12770, '13:12:00', '13:12:00', 20 );
INSERT INTO "times" VALUES ( 19201, 12780, '13:16:00', '13:16:00', 20 );
INSERT INTO "times" VALUES ( 19201, 12790, '13:17:00', '13:17:00', 20 );
INSERT INTO "times" VALUES ( 19201, 12800, '13:19:00', '13:23:00', 20 );
INSERT INTO "times" VALUES ( 19201, 12810, '13:25:00', '13:25:00', 20 );
INSERT INTO "times" VALUES ( 19201, 12820, '13:26:00', '13:26:00', 20 );
INSERT INTO "times" VALUES ( 19201, 12830, '13:28:00', '13:28:00', 20 );
INSERT INTO "times" VALUES ( 19201, 12840, '13:29:00', '13:29:00', 20 );
INSERT INTO "times" VALUES ( 19201, 12850, '13:31:00', '13:31:00', 20 );
INSERT INTO "times" VALUES ( 19201, 12860, '13:32:00', '13:32:00', 20 );
INSERT INTO "times" VALUES ( 19201, 12870, '13:34:00', '13:34:00', 20 );
INSERT INTO "times" VALUES ( 19201, 12880, '13:36:00', '13:36:00', 20 );
INSERT INTO "times" VALUES ( 19201, 12890, '13:38:00', '13:38:00', 20 );
INSERT INTO "times" VALUES ( 19201, 12900, '13:39:00', '13:43:00', 20 );
INSERT INTO "times" VALUES ( 19201, 13510, '13:45:00', '13:45:00', 30 );
INSERT INTO "times" VALUES ( 19201, 13520, '13:48:00', NULL, NULL );

INSERT INTO "dias" VALUES ( 19202, 100, FALSE, TRUE, 'Q1200Z', 11510, 13520 );
INSERT INTO "dias_line_groups" VALUES ( 19202, 10 );
INSERT INTO "times" VALUES ( 19202, 11510, NULL, '12:14:00', 10 );
INSERT INTO "times" VALUES ( 19202, 11520, '12:15:00', '12:15:00', 10 );
INSERT INTO "times" VALUES ( 19202, 11530, '12:17:00', '12:17:00', 10 );
INSERT INTO "times" VALUES ( 19202, 11540, '12:19:00', '12:19:00', 10 );
INSERT INTO "times" VALUES ( 19202, 12530, '12:21:00', '12:22:00', 20 );
INSERT INTO "times" VALUES ( 19202, 12540, '12:24:00', '12:31:00', 20 );
INSERT INTO "times" VALUES ( 19202, 12550, '12:33:00', '12:33:00', 20 );
INSERT INTO "times" VALUES ( 19202, 12560, '12:35:00', '12:35:00', 20 );
INSERT INTO "times" VALUES ( 19202, 12570, '12:36:00', '12:36:00', 20 );
INSERT INTO "times" VALUES ( 19202, 12580, '12:38:00', '12:38:00', 20 );
INSERT INTO "times" VALUES ( 19202, 12590, '12:39:00', '12:39:00', 20 );
INSERT INTO "times" VALUES ( 19202, 12600, '12:40:00', '12:40:00', 20 );
INSERT INTO "times" VALUES ( 19202, 12610, '12:42:00', '12:45:00', 20 );
INSERT INTO "times" VALUES ( 19202, 12620, '12:47:00', '12:47:00', 20 );
INSERT INTO "times" VALUES ( 19202, 12630, '12:48:00', '12:48:00', 20 );
INSERT INTO "times" VALUES ( 19202, 12640, '12:50:00', '12:50:00', 20 );
INSERT INTO "times" VALUES ( 19202, 12650, '12:52:00', '12:52:00', 20 );
INSERT INTO "times" VALUES ( 19202, 12660, '12:54:00', '12:56:00', 20 );
INSERT INTO "times" VALUES ( 19202, 12670, '12:59:00', '12:59:00', 20 );
INSERT INTO "times" VALUES ( 19202, 12680, '13:01:00', '13:02:00', 20 );
INSERT INTO "times" VALUES ( 19202, 12690, '13:04:00', '13:04:00', 20 );
INSERT INTO "times" VALUES ( 19202, 12700, '13:06:00', '13:06:00', 20 );
INSERT INTO "times" VALUES ( 19202, 12710, '13:08:00', '13:14:00', 20 );
INSERT INTO "times" VALUES ( 19202, 12720, '13:16:00', '13:16:00', 20 );
INSERT INTO "times" VALUES ( 19202, 12730, '13:18:00', '13:18:00', 20 );
INSERT INTO "times" VALUES ( 19202, 12740, '13:21:00', '13:22:00', 20 );
INSERT INTO "times" VALUES ( 19202, 12750, '13:25:00', '13:25:00', 20 );
INSERT INTO "times" VALUES ( 19202, 12760, '13:28:00', '13:28:00', 20 );
INSERT INTO "times" VALUES ( 19202, 12770, '13:32:00', '13:32:00', 20 );
INSERT INTO "times" VALUES ( 19202, 12780, '13:36:00', '13:36:00', 20 );
INSERT INTO "times" VALUES ( 19202, 12790, '13:37:00', '13:37:00', 20 );
INSERT INTO "times" VALUES ( 19202, 12800, '13:39:00', '13:43:00', 20 );
INSERT INTO "times" VALUES ( 19202, 12810, '13:45:00', '13:45:00', 20 );
INSERT INTO "times" VALUES ( 19202, 12820, '13:46:00', '13:46:00', 20 );
INSERT INTO "times" VALUES ( 19202, 12830, '13:48:00', '13:48:00', 20 );
INSERT INTO "times" VALUES ( 19202, 12840, '13:49:00', '13:49:00', 20 );
INSERT INTO "times" VALUES ( 19202, 12850, '13:51:00', '13:51:00', 20 );
INSERT INTO "times" VALUES ( 19202, 12860, '13:52:00', '13:52:00', 20 );
INSERT INTO "times" VALUES ( 19202, 12870, '13:54:00', '13:54:00', 20 );
INSERT INTO "times" VALUES ( 19202, 12880, '13:56:00', '13:56:00', 20 );
INSERT INTO "times" VALUES ( 19202, 12890, '13:58:00', '13:58:00', 20 );
INSERT INTO "times" VALUES ( 19202, 12900, '13:59:00', '14:03:00', 20 );
INSERT INTO "times" VALUES ( 19202, 13510, '14:05:00', '14:05:00', 30 );
INSERT INTO "times" VALUES ( 19202, 13520, '14:08:00', NULL, NULL );

INSERT INTO "dias" VALUES ( 19203, 100, FALSE, TRUE, 'Q1201B', 13520, 11510 );
INSERT INTO "dias_line_groups" VALUES ( 19203, 10 );
INSERT INTO "times" VALUES ( 19203, 11510, '13:57:00', NULL, NULL );
INSERT INTO "times" VALUES ( 19203, 11520, '13:54:00', '13:54:00', 10 );
INSERT INTO "times" VALUES ( 19203, 11530, '13:53:00', '13:53:00', 10 );
INSERT INTO "times" VALUES ( 19203, 11540, '13:51:00', '13:51:00', 10 );
INSERT INTO "times" VALUES ( 19203, 12530, '13:50:00', '13:50:00', 10 );
INSERT INTO "times" VALUES ( 19203, 12540, '13:40:00', '13:47:00', 20 );
INSERT INTO "times" VALUES ( 19203, 12550, '13:38:00', '13:38:00', 20 );
INSERT INTO "times" VALUES ( 19203, 12560, '13:36:00', '13:36:00', 20 );
INSERT INTO "times" VALUES ( 19203, 12570, '13:34:00', '13:34:00', 20 );
INSERT INTO "times" VALUES ( 19203, 12580, '13:33:00', '13:33:00', 20 );
INSERT INTO "times" VALUES ( 19203, 12590, '13:32:00', '13:32:00', 20 );
INSERT INTO "times" VALUES ( 19203, 12600, '13:30:00', '13:30:00', 20 );
INSERT INTO "times" VALUES ( 19203, 12610, '13:26:00', '13:29:00', 20 );
INSERT INTO "times" VALUES ( 19203, 12620, '13:24:00', '13:24:00', 20 );
INSERT INTO "times" VALUES ( 19203, 12630, '13:22:00', '13:22:00', 20 );
INSERT INTO "times" VALUES ( 19203, 12640, '13:21:00', '13:21:00', 20 );
INSERT INTO "times" VALUES ( 19203, 12650, '13:19:00', '13:19:00', 20 );
INSERT INTO "times" VALUES ( 19203, 12660, '13:15:00', '13:17:00', 20 );
INSERT INTO "times" VALUES ( 19203, 12670, '13:12:00', '13:12:00', 20 );
INSERT INTO "times" VALUES ( 19203, 12680, '13:09:00', '13:10:00', 20 );
INSERT INTO "times" VALUES ( 19203, 12690, '13:07:00', '13:07:00', 20 );
INSERT INTO "times" VALUES ( 19203, 12700, '13:04:00', '13:04:00', 20 );
INSERT INTO "times" VALUES ( 19203, 12710, '12:57:00', '13:02:00', 20 );
INSERT INTO "times" VALUES ( 19203, 12720, '12:54:00', '12:54:00', 20 );
INSERT INTO "times" VALUES ( 19203, 12730, '12:52:00', '12:52:00', 20 );
INSERT INTO "times" VALUES ( 19203, 12740, '12:50:00', '12:50:00', 20 );
INSERT INTO "times" VALUES ( 19203, 12750, '12:46:00', '12:46:00', 20 );
INSERT INTO "times" VALUES ( 19203, 12760, '12:44:00', '12:44:00', 20 );
INSERT INTO "times" VALUES ( 19203, 12770, '12:40:00', '12:40:00', 20 );
INSERT INTO "times" VALUES ( 19203, 12780, '12:35:00', '12:35:00', 20 );
INSERT INTO "times" VALUES ( 19203, 12790, '12:33:00', '12:33:00', 20 );
INSERT INTO "times" VALUES ( 19203, 12800, '12:28:00', '12:31:00', 20 );
INSERT INTO "times" VALUES ( 19203, 12810, '12:26:00', '12:26:00', 20 );
INSERT INTO "times" VALUES ( 19203, 12820, '12:24:00', '12:24:00', 20 );
INSERT INTO "times" VALUES ( 19203, 12830, '12:23:00', '12:23:00', 20 );
INSERT INTO "times" VALUES ( 19203, 12840, '12:21:00', '12:21:00', 20 );
INSERT INTO "times" VALUES ( 19203, 12850, '12:19:00', '12:19:00', 20 );
INSERT INTO "times" VALUES ( 19203, 12860, '12:18:00', '12:18:00', 20 );
INSERT INTO "times" VALUES ( 19203, 12870, '12:16:00', '12:16:00', 20 );
INSERT INTO "times" VALUES ( 19203, 12880, '12:14:00', '12:14:00', 20 );
INSERT INTO "times" VALUES ( 19203, 12890, '12:12:00', '12:12:00', 20 );
INSERT INTO "times" VALUES ( 19203, 12900, '12:06:00', '12:11:00', 20 );
INSERT INTO "times" VALUES ( 19203, 13510, '12:04:00', '12:04:00', 30 );
INSERT INTO "times" VALUES ( 19203, 13520, NULL, '12:02:00', 30 );

INSERT INTO "dias" VALUES ( 19204, 100, FALSE, TRUE, 'Q1202Z', 11510, 13520 );
INSERT INTO "dias_line_groups" VALUES ( 19204, 10 );
INSERT INTO "times" VALUES ( 19204, 11510, NULL, '12:24:00', 10 );
INSERT INTO "times" VALUES ( 19204, 11520, '12:25:00', '12:25:00', 10 );
INSERT INTO "times" VALUES ( 19204, 11530, '12:27:00', '12:27:00', 10 );
INSERT INTO "times" VALUES ( 19204, 11540, '12:29:00', '12:29:00', 10 );
INSERT INTO "times" VALUES ( 19204, 12530, '12:31:00', '12:32:00', 20 );
INSERT INTO "times" VALUES ( 19204, 12540, '12:34:00', '12:41:00', 20 );
INSERT INTO "times" VALUES ( 19204, 12550, '12:43:00', '12:43:00', 20 );
INSERT INTO "times" VALUES ( 19204, 12560, '12:45:00', '12:45:00', 20 );
INSERT INTO "times" VALUES ( 19204, 12570, '12:46:00', '12:46:00', 20 );
INSERT INTO "times" VALUES ( 19204, 12580, '12:48:00', '12:48:00', 20 );
INSERT INTO "times" VALUES ( 19204, 12590, '12:49:00', '12:49:00', 20 );
INSERT INTO "times" VALUES ( 19204, 12600, '12:50:00', '12:50:00', 20 );
INSERT INTO "times" VALUES ( 19204, 12610, '12:52:00', '12:55:00', 20 );
INSERT INTO "times" VALUES ( 19204, 12620, '12:57:00', '12:57:00', 20 );
INSERT INTO "times" VALUES ( 19204, 12630, '12:58:00', '12:58:00', 20 );
INSERT INTO "times" VALUES ( 19204, 12640, '13:00:00', '13:00:00', 20 );
INSERT INTO "times" VALUES ( 19204, 12650, '13:02:00', '13:02:00', 20 );
INSERT INTO "times" VALUES ( 19204, 12660, '13:04:00', '13:05:00', 20 );
INSERT INTO "times" VALUES ( 19204, 12670, '13:08:00', '13:08:00', 20 );
INSERT INTO "times" VALUES ( 19204, 12680, '13:12:00', '13:18:00', 20 );
INSERT INTO "times" VALUES ( 19204, 12690, '13:20:00', '13:20:00', 20 );
INSERT INTO "times" VALUES ( 19204, 12700, '13:22:00', '13:22:00', 20 );
INSERT INTO "times" VALUES ( 19204, 12710, '13:25:00', '13:25:00', 20 );
INSERT INTO "times" VALUES ( 19204, 12720, '13:26:00', '13:26:00', 20 );
INSERT INTO "times" VALUES ( 19204, 12730, '13:29:00', '13:29:00', 20 );
INSERT INTO "times" VALUES ( 19204, 12740, '13:32:00', '13:32:00', 20 );
INSERT INTO "times" VALUES ( 19204, 12750, '13:35:00', '13:35:00', 20 );
INSERT INTO "times" VALUES ( 19204, 12760, '13:38:00', '13:38:00', 20 );
INSERT INTO "times" VALUES ( 19204, 12770, '13:42:00', '13:42:00', 20 );
INSERT INTO "times" VALUES ( 19204, 12780, '13:46:00', '13:46:00', 20 );
INSERT INTO "times" VALUES ( 19204, 12790, '13:47:00', '13:47:00', 20 );
INSERT INTO "times" VALUES ( 19204, 12800, '13:49:00', '13:53:00', 20 );
INSERT INTO "times" VALUES ( 19204, 12810, '13:55:00', '13:55:00', 20 );
INSERT INTO "times" VALUES ( 19204, 12820, '13:56:00', '13:56:00', 20 );
INSERT INTO "times" VALUES ( 19204, 12830, '13:58:00', '13:58:00', 20 );
INSERT INTO "times" VALUES ( 19204, 12840, '13:59:00', '13:59:00', 20 );
INSERT INTO "times" VALUES ( 19204, 12850, '14:01:00', '14:01:00', 20 );
INSERT INTO "times" VALUES ( 19204, 12860, '14:02:00', '14:02:00', 20 );
INSERT INTO "times" VALUES ( 19204, 12870, '14:04:00', '14:04:00', 20 );
INSERT INTO "times" VALUES ( 19204, 12880, '14:06:00', '14:06:00', 20 );
INSERT INTO "times" VALUES ( 19204, 12890, '14:08:00', '14:08:00', 20 );
INSERT INTO "times" VALUES ( 19204, 12900, '14:09:00', '14:13:00', 20 );
INSERT INTO "times" VALUES ( 19204, 13510, '14:15:00', '14:15:00', 30 );
INSERT INTO "times" VALUES ( 19204, 13520, '14:18:00', NULL, NULL );

INSERT INTO "dias" VALUES ( 19205, 100, FALSE, TRUE, 'Q1203B', 13520, 11510 );
INSERT INTO "dias_line_groups" VALUES ( 19205, 10 );
INSERT INTO "times" VALUES ( 19205, 11510, '14:17:00', NULL, NULL );
INSERT INTO "times" VALUES ( 19205, 11520, '14:15:00', '14:15:00', 10 );
INSERT INTO "times" VALUES ( 19205, 11530, '14:13:00', '14:13:00', 10 );
INSERT INTO "times" VALUES ( 19205, 11540, '14:12:00', '14:12:00', 10 );
INSERT INTO "times" VALUES ( 19205, 12530, '14:10:00', '14:10:00', 10 );
INSERT INTO "times" VALUES ( 19205, 12540, '14:00:00', '14:07:00', 20 );
INSERT INTO "times" VALUES ( 19205, 12550, '13:58:00', '13:58:00', 20 );
INSERT INTO "times" VALUES ( 19205, 12560, '13:56:00', '13:56:00', 20 );
INSERT INTO "times" VALUES ( 19205, 12570, '13:54:00', '13:54:00', 20 );
INSERT INTO "times" VALUES ( 19205, 12580, '13:53:00', '13:53:00', 20 );
INSERT INTO "times" VALUES ( 19205, 12590, '13:52:00', '13:52:00', 20 );
INSERT INTO "times" VALUES ( 19205, 12600, '13:50:00', '13:50:00', 20 );
INSERT INTO "times" VALUES ( 19205, 12610, '13:46:00', '13:49:00', 20 );
INSERT INTO "times" VALUES ( 19205, 12620, '13:44:00', '13:44:00', 20 );
INSERT INTO "times" VALUES ( 19205, 12630, '13:42:00', '13:42:00', 20 );
INSERT INTO "times" VALUES ( 19205, 12640, '13:41:00', '13:41:00', 20 );
INSERT INTO "times" VALUES ( 19205, 12650, '13:39:00', '13:39:00', 20 );
INSERT INTO "times" VALUES ( 19205, 12660, '13:35:00', '13:37:00', 20 );
INSERT INTO "times" VALUES ( 19205, 12670, '13:32:00', '13:32:00', 20 );
INSERT INTO "times" VALUES ( 19205, 12680, '13:24:00', '13:29:00', 20 );
INSERT INTO "times" VALUES ( 19205, 12690, '13:21:00', '13:21:00', 20 );
INSERT INTO "times" VALUES ( 19205, 12700, '13:19:00', '13:19:00', 20 );
INSERT INTO "times" VALUES ( 19205, 12710, '13:17:00', '13:17:00', 20 );
INSERT INTO "times" VALUES ( 19205, 12720, '13:14:00', '13:14:00', 20 );
INSERT INTO "times" VALUES ( 19205, 12730, '13:12:00', '13:12:00', 20 );
INSERT INTO "times" VALUES ( 19205, 12740, '13:10:00', '13:10:00', 20 );
INSERT INTO "times" VALUES ( 19205, 12750, '13:06:00', '13:06:00', 20 );
INSERT INTO "times" VALUES ( 19205, 12760, '13:04:00', '13:04:00', 20 );
INSERT INTO "times" VALUES ( 19205, 12770, '13:00:00', '13:00:00', 20 );
INSERT INTO "times" VALUES ( 19205, 12780, '12:55:00', '12:55:00', 20 );
INSERT INTO "times" VALUES ( 19205, 12790, '12:53:00', '12:53:00', 20 );
INSERT INTO "times" VALUES ( 19205, 12800, '12:48:00', '12:51:00', 20 );
INSERT INTO "times" VALUES ( 19205, 12810, '12:46:00', '12:46:00', 20 );
INSERT INTO "times" VALUES ( 19205, 12820, '12:44:00', '12:44:00', 20 );
INSERT INTO "times" VALUES ( 19205, 12830, '12:43:00', '12:43:00', 20 );
INSERT INTO "times" VALUES ( 19205, 12840, '12:41:00', '12:41:00', 20 );
INSERT INTO "times" VALUES ( 19205, 12850, '12:39:00', '12:39:00', 20 );
INSERT INTO "times" VALUES ( 19205, 12860, '12:38:00', '12:38:00', 20 );
INSERT INTO "times" VALUES ( 19205, 12870, '12:36:00', '12:36:00', 20 );
INSERT INTO "times" VALUES ( 19205, 12880, '12:34:00', '12:34:00', 20 );
INSERT INTO "times" VALUES ( 19205, 12890, '12:32:00', '12:32:00', 20 );
INSERT INTO "times" VALUES ( 19205, 12900, '12:27:00', '12:31:00', 20 );
INSERT INTO "times" VALUES ( 19205, 13510, '12:25:00', '12:25:00', 30 );
INSERT INTO "times" VALUES ( 19205, 13520, NULL, '12:23:00', 30 );

INSERT INTO "dias" VALUES ( 19206, 100, FALSE, TRUE, 'Q1204Z', 11510, 13520 );
INSERT INTO "dias_line_groups" VALUES ( 19206, 10 );
INSERT INTO "times" VALUES ( 19206, 11510, NULL, '12:44:00', 10 );
INSERT INTO "times" VALUES ( 19206, 11520, '12:45:00', '12:45:00', 10 );
INSERT INTO "times" VALUES ( 19206, 11530, '12:47:00', '12:47:00', 10 );
INSERT INTO "times" VALUES ( 19206, 11540, '12:49:00', '12:49:00', 10 );
INSERT INTO "times" VALUES ( 19206, 12530, '12:51:00', '12:52:00', 20 );
INSERT INTO "times" VALUES ( 19206, 12540, '12:54:00', '13:01:00', 20 );
INSERT INTO "times" VALUES ( 19206, 12550, '13:03:00', '13:03:00', 20 );
INSERT INTO "times" VALUES ( 19206, 12560, '13:05:00', '13:05:00', 20 );
INSERT INTO "times" VALUES ( 19206, 12570, '13:06:00', '13:06:00', 20 );
INSERT INTO "times" VALUES ( 19206, 12580, '13:08:00', '13:08:00', 20 );
INSERT INTO "times" VALUES ( 19206, 12590, '13:09:00', '13:09:00', 20 );
INSERT INTO "times" VALUES ( 19206, 12600, '13:10:00', '13:10:00', 20 );
INSERT INTO "times" VALUES ( 19206, 12610, '13:12:00', '13:15:00', 20 );
INSERT INTO "times" VALUES ( 19206, 12620, '13:17:00', '13:17:00', 20 );
INSERT INTO "times" VALUES ( 19206, 12630, '13:18:00', '13:18:00', 20 );
INSERT INTO "times" VALUES ( 19206, 12640, '13:20:00', '13:20:00', 20 );
INSERT INTO "times" VALUES ( 19206, 12650, '13:22:00', '13:22:00', 20 );
INSERT INTO "times" VALUES ( 19206, 12660, '13:24:00', '13:26:00', 20 );
INSERT INTO "times" VALUES ( 19206, 12670, '13:29:00', '13:29:00', 20 );
INSERT INTO "times" VALUES ( 19206, 12680, '13:31:00', '13:32:00', 20 );
INSERT INTO "times" VALUES ( 19206, 12690, '13:34:00', '13:34:00', 20 );
INSERT INTO "times" VALUES ( 19206, 12700, '13:36:00', '13:36:00', 20 );
INSERT INTO "times" VALUES ( 19206, 12710, '13:38:00', '13:44:00', 20 );
INSERT INTO "times" VALUES ( 19206, 12720, '13:46:00', '13:46:00', 20 );
INSERT INTO "times" VALUES ( 19206, 12730, '13:48:00', '13:48:00', 20 );
INSERT INTO "times" VALUES ( 19206, 12740, '13:51:00', '13:52:00', 20 );
INSERT INTO "times" VALUES ( 19206, 12750, '13:55:00', '13:55:00', 20 );
INSERT INTO "times" VALUES ( 19206, 12760, '13:58:00', '13:58:00', 20 );
INSERT INTO "times" VALUES ( 19206, 12770, '14:02:00', '14:02:00', 20 );
INSERT INTO "times" VALUES ( 19206, 12780, '14:06:00', '14:06:00', 20 );
INSERT INTO "times" VALUES ( 19206, 12790, '14:07:00', '14:07:00', 20 );
INSERT INTO "times" VALUES ( 19206, 12800, '14:09:00', '14:13:00', 20 );
INSERT INTO "times" VALUES ( 19206, 12810, '14:15:00', '14:15:00', 20 );
INSERT INTO "times" VALUES ( 19206, 12820, '14:16:00', '14:16:00', 20 );
INSERT INTO "times" VALUES ( 19206, 12830, '14:18:00', '14:18:00', 20 );
INSERT INTO "times" VALUES ( 19206, 12840, '14:19:00', '14:19:00', 20 );
INSERT INTO "times" VALUES ( 19206, 12850, '14:21:00', '14:21:00', 20 );
INSERT INTO "times" VALUES ( 19206, 12860, '14:22:00', '14:22:00', 20 );
INSERT INTO "times" VALUES ( 19206, 12870, '14:24:00', '14:24:00', 20 );
INSERT INTO "times" VALUES ( 19206, 12880, '14:26:00', '14:26:00', 20 );
INSERT INTO "times" VALUES ( 19206, 12890, '14:28:00', '14:28:00', 20 );
INSERT INTO "times" VALUES ( 19206, 12900, '14:29:00', '14:33:00', 20 );
INSERT INTO "times" VALUES ( 19206, 13510, '14:35:00', '14:35:00', 30 );
INSERT INTO "times" VALUES ( 19206, 13520, '14:38:00', NULL, NULL );

INSERT INTO "dias" VALUES ( 19207, 100, FALSE, TRUE, 'Q1205B', 13520, 11510 );
INSERT INTO "dias_line_groups" VALUES ( 19207, 10 );
INSERT INTO "times" VALUES ( 19207, 11510, '14:27:00', NULL, NULL );
INSERT INTO "times" VALUES ( 19207, 11520, '14:24:00', '14:24:00', 10 );
INSERT INTO "times" VALUES ( 19207, 11530, '14:23:00', '14:23:00', 10 );
INSERT INTO "times" VALUES ( 19207, 11540, '14:21:00', '14:21:00', 10 );
INSERT INTO "times" VALUES ( 19207, 12530, '14:20:00', '14:20:00', 10 );
INSERT INTO "times" VALUES ( 19207, 12540, '14:10:00', '14:17:00', 20 );
INSERT INTO "times" VALUES ( 19207, 12550, '14:08:00', '14:08:00', 20 );
INSERT INTO "times" VALUES ( 19207, 12560, '14:06:00', '14:06:00', 20 );
INSERT INTO "times" VALUES ( 19207, 12570, '14:04:00', '14:04:00', 20 );
INSERT INTO "times" VALUES ( 19207, 12580, '14:03:00', '14:03:00', 20 );
INSERT INTO "times" VALUES ( 19207, 12590, '14:02:00', '14:02:00', 20 );
INSERT INTO "times" VALUES ( 19207, 12600, '14:00:00', '14:00:00', 20 );
INSERT INTO "times" VALUES ( 19207, 12610, '13:56:00', '13:59:00', 20 );
INSERT INTO "times" VALUES ( 19207, 12620, '13:54:00', '13:54:00', 20 );
INSERT INTO "times" VALUES ( 19207, 12630, '13:52:00', '13:52:00', 20 );
INSERT INTO "times" VALUES ( 19207, 12640, '13:51:00', '13:51:00', 20 );
INSERT INTO "times" VALUES ( 19207, 12650, '13:49:00', '13:49:00', 20 );
INSERT INTO "times" VALUES ( 19207, 12660, '13:45:00', '13:47:00', 20 );
INSERT INTO "times" VALUES ( 19207, 12670, '13:42:00', '13:42:00', 20 );
INSERT INTO "times" VALUES ( 19207, 12680, '13:39:00', '13:40:00', 20 );
INSERT INTO "times" VALUES ( 19207, 12690, '13:37:00', '13:37:00', 20 );
INSERT INTO "times" VALUES ( 19207, 12700, '13:34:00', '13:34:00', 20 );
INSERT INTO "times" VALUES ( 19207, 12710, '13:27:00', '13:32:00', 20 );
INSERT INTO "times" VALUES ( 19207, 12720, '13:24:00', '13:24:00', 20 );
INSERT INTO "times" VALUES ( 19207, 12730, '13:22:00', '13:22:00', 20 );
INSERT INTO "times" VALUES ( 19207, 12740, '13:20:00', '13:20:00', 20 );
INSERT INTO "times" VALUES ( 19207, 12750, '13:16:00', '13:16:00', 20 );
INSERT INTO "times" VALUES ( 19207, 12760, '13:14:00', '13:14:00', 20 );
INSERT INTO "times" VALUES ( 19207, 12770, '13:10:00', '13:10:00', 20 );
INSERT INTO "times" VALUES ( 19207, 12780, '13:05:00', '13:05:00', 20 );
INSERT INTO "times" VALUES ( 19207, 12790, '13:03:00', '13:03:00', 20 );
INSERT INTO "times" VALUES ( 19207, 12800, '12:58:00', '13:01:00', 20 );
INSERT INTO "times" VALUES ( 19207, 12810, '12:56:00', '12:56:00', 20 );
INSERT INTO "times" VALUES ( 19207, 12820, '12:54:00', '12:54:00', 20 );
INSERT INTO "times" VALUES ( 19207, 12830, '12:53:00', '12:53:00', 20 );
INSERT INTO "times" VALUES ( 19207, 12840, '12:51:00', '12:51:00', 20 );
INSERT INTO "times" VALUES ( 19207, 12850, '12:49:00', '12:49:00', 20 );
INSERT INTO "times" VALUES ( 19207, 12860, '12:48:00', '12:48:00', 20 );
INSERT INTO "times" VALUES ( 19207, 12870, '12:46:00', '12:46:00', 20 );
INSERT INTO "times" VALUES ( 19207, 12880, '12:44:00', '12:44:00', 20 );
INSERT INTO "times" VALUES ( 19207, 12890, '12:42:00', '12:42:00', 20 );
INSERT INTO "times" VALUES ( 19207, 12900, '12:37:00', '12:41:00', 20 );
INSERT INTO "times" VALUES ( 19207, 13510, '12:35:00', '12:35:00', 30 );
INSERT INTO "times" VALUES ( 19207, 13520, NULL, '12:33:00', 30 );

INSERT INTO "dias" VALUES ( 19208, 100, FALSE, TRUE, 'Q1206Z', 11510, 13520 );
INSERT INTO "dias_line_groups" VALUES ( 19208, 10 );
INSERT INTO "times" VALUES ( 19208, 11510, NULL, '12:54:00', 10 );
INSERT INTO "times" VALUES ( 19208, 11520, '12:55:00', '12:55:00', 10 );
INSERT INTO "times" VALUES ( 19208, 11530, '12:57:00', '12:57:00', 10 );
INSERT INTO "times" VALUES ( 19208, 11540, '12:59:00', '12:59:00', 10 );
INSERT INTO "times" VALUES ( 19208, 12530, '13:01:00', '13:02:00', 20 );
INSERT INTO "times" VALUES ( 19208, 12540, '13:04:00', '13:11:00', 20 );
INSERT INTO "times" VALUES ( 19208, 12550, '13:13:00', '13:13:00', 20 );
INSERT INTO "times" VALUES ( 19208, 12560, '13:15:00', '13:15:00', 20 );
INSERT INTO "times" VALUES ( 19208, 12570, '13:16:00', '13:16:00', 20 );
INSERT INTO "times" VALUES ( 19208, 12580, '13:18:00', '13:18:00', 20 );
INSERT INTO "times" VALUES ( 19208, 12590, '13:19:00', '13:19:00', 20 );
INSERT INTO "times" VALUES ( 19208, 12600, '13:20:00', '13:20:00', 20 );
INSERT INTO "times" VALUES ( 19208, 12610, '13:22:00', '13:25:00', 20 );
INSERT INTO "times" VALUES ( 19208, 12620, '13:27:00', '13:27:00', 20 );
INSERT INTO "times" VALUES ( 19208, 12630, '13:28:00', '13:28:00', 20 );
INSERT INTO "times" VALUES ( 19208, 12640, '13:30:00', '13:30:00', 20 );
INSERT INTO "times" VALUES ( 19208, 12650, '13:32:00', '13:32:00', 20 );
INSERT INTO "times" VALUES ( 19208, 12660, '13:34:00', '13:36:00', 20 );
INSERT INTO "times" VALUES ( 19208, 12670, '13:38:00', '13:38:00', 20 );
INSERT INTO "times" VALUES ( 19208, 12680, '13:42:00', '13:48:00', 20 );
INSERT INTO "times" VALUES ( 19208, 12690, '13:50:00', '13:50:00', 20 );
INSERT INTO "times" VALUES ( 19208, 12700, '13:52:00', '13:52:00', 20 );
INSERT INTO "times" VALUES ( 19208, 12710, '13:55:00', '13:55:00', 20 );
INSERT INTO "times" VALUES ( 19208, 12720, '13:56:00', '13:56:00', 20 );
INSERT INTO "times" VALUES ( 19208, 12730, '13:59:00', '13:59:00', 20 );
INSERT INTO "times" VALUES ( 19208, 12740, '14:02:00', '14:02:00', 20 );
INSERT INTO "times" VALUES ( 19208, 12750, '14:05:00', '14:05:00', 20 );
INSERT INTO "times" VALUES ( 19208, 12760, '14:08:00', '14:08:00', 20 );
INSERT INTO "times" VALUES ( 19208, 12770, '14:12:00', '14:12:00', 20 );
INSERT INTO "times" VALUES ( 19208, 12780, '14:16:00', '14:16:00', 20 );
INSERT INTO "times" VALUES ( 19208, 12790, '14:17:00', '14:17:00', 20 );
INSERT INTO "times" VALUES ( 19208, 12800, '14:19:00', '14:23:00', 20 );
INSERT INTO "times" VALUES ( 19208, 12810, '14:25:00', '14:25:00', 20 );
INSERT INTO "times" VALUES ( 19208, 12820, '14:26:00', '14:26:00', 20 );
INSERT INTO "times" VALUES ( 19208, 12830, '14:28:00', '14:28:00', 20 );
INSERT INTO "times" VALUES ( 19208, 12840, '14:29:00', '14:29:00', 20 );
INSERT INTO "times" VALUES ( 19208, 12850, '14:31:00', '14:31:00', 20 );
INSERT INTO "times" VALUES ( 19208, 12860, '14:32:00', '14:32:00', 20 );
INSERT INTO "times" VALUES ( 19208, 12870, '14:34:00', '14:34:00', 20 );
INSERT INTO "times" VALUES ( 19208, 12880, '14:36:00', '14:36:00', 20 );
INSERT INTO "times" VALUES ( 19208, 12890, '14:38:00', '14:38:00', 20 );
INSERT INTO "times" VALUES ( 19208, 12900, '14:39:00', '14:43:00', 20 );
INSERT INTO "times" VALUES ( 19208, 13510, '14:45:00', '14:45:00', 30 );
INSERT INTO "times" VALUES ( 19208, 13520, '14:48:00', NULL, NULL );

INSERT INTO "dias" VALUES ( 19209, 100, FALSE, TRUE, 'Q1207B', 13520, 11510 );
INSERT INTO "dias_line_groups" VALUES ( 19209, 10 );
INSERT INTO "times" VALUES ( 19209, 11510, '14:47:00', NULL, NULL );
INSERT INTO "times" VALUES ( 19209, 11520, '14:45:00', '14:45:00', 10 );
INSERT INTO "times" VALUES ( 19209, 11530, '14:43:00', '14:43:00', 10 );
INSERT INTO "times" VALUES ( 19209, 11540, '14:42:00', '14:42:00', 10 );
INSERT INTO "times" VALUES ( 19209, 12530, '14:40:00', '14:40:00', 10 );
INSERT INTO "times" VALUES ( 19209, 12540, '14:30:00', '14:37:00', 20 );
INSERT INTO "times" VALUES ( 19209, 12550, '14:28:00', '14:28:00', 20 );
INSERT INTO "times" VALUES ( 19209, 12560, '14:26:00', '14:26:00', 20 );
INSERT INTO "times" VALUES ( 19209, 12570, '14:24:00', '14:24:00', 20 );
INSERT INTO "times" VALUES ( 19209, 12580, '14:23:00', '14:23:00', 20 );
INSERT INTO "times" VALUES ( 19209, 12590, '14:22:00', '14:22:00', 20 );
INSERT INTO "times" VALUES ( 19209, 12600, '14:20:00', '14:20:00', 20 );
INSERT INTO "times" VALUES ( 19209, 12610, '14:16:00', '14:19:00', 20 );
INSERT INTO "times" VALUES ( 19209, 12620, '14:14:00', '14:14:00', 20 );
INSERT INTO "times" VALUES ( 19209, 12630, '14:12:00', '14:12:00', 20 );
INSERT INTO "times" VALUES ( 19209, 12640, '14:11:00', '14:11:00', 20 );
INSERT INTO "times" VALUES ( 19209, 12650, '14:09:00', '14:09:00', 20 );
INSERT INTO "times" VALUES ( 19209, 12660, '14:05:00', '14:07:00', 20 );
INSERT INTO "times" VALUES ( 19209, 12670, '14:02:00', '14:02:00', 20 );
INSERT INTO "times" VALUES ( 19209, 12680, '13:54:00', '13:59:00', 20 );
INSERT INTO "times" VALUES ( 19209, 12690, '13:51:00', '13:51:00', 20 );
INSERT INTO "times" VALUES ( 19209, 12700, '13:49:00', '13:49:00', 20 );
INSERT INTO "times" VALUES ( 19209, 12710, '13:47:00', '13:47:00', 20 );
INSERT INTO "times" VALUES ( 19209, 12720, '13:44:00', '13:44:00', 20 );
INSERT INTO "times" VALUES ( 19209, 12730, '13:42:00', '13:42:00', 20 );
INSERT INTO "times" VALUES ( 19209, 12740, '13:40:00', '13:40:00', 20 );
INSERT INTO "times" VALUES ( 19209, 12750, '13:36:00', '13:36:00', 20 );
INSERT INTO "times" VALUES ( 19209, 12760, '13:34:00', '13:34:00', 20 );
INSERT INTO "times" VALUES ( 19209, 12770, '13:30:00', '13:30:00', 20 );
INSERT INTO "times" VALUES ( 19209, 12780, '13:25:00', '13:25:00', 20 );
INSERT INTO "times" VALUES ( 19209, 12790, '13:23:00', '13:23:00', 20 );
INSERT INTO "times" VALUES ( 19209, 12800, '13:18:00', '13:21:00', 20 );
INSERT INTO "times" VALUES ( 19209, 12810, '13:16:00', '13:16:00', 20 );
INSERT INTO "times" VALUES ( 19209, 12820, '13:14:00', '13:14:00', 20 );
INSERT INTO "times" VALUES ( 19209, 12830, '13:13:00', '13:13:00', 20 );
INSERT INTO "times" VALUES ( 19209, 12840, '13:11:00', '13:11:00', 20 );
INSERT INTO "times" VALUES ( 19209, 12850, '13:09:00', '13:09:00', 20 );
INSERT INTO "times" VALUES ( 19209, 12860, '13:08:00', '13:08:00', 20 );
INSERT INTO "times" VALUES ( 19209, 12870, '13:06:00', '13:06:00', 20 );
INSERT INTO "times" VALUES ( 19209, 12880, '13:04:00', '13:04:00', 20 );
INSERT INTO "times" VALUES ( 19209, 12890, '13:02:00', '13:02:00', 20 );
INSERT INTO "times" VALUES ( 19209, 12900, '12:57:00', '13:01:00', 20 );
INSERT INTO "times" VALUES ( 19209, 13510, '12:55:00', '12:55:00', 30 );
INSERT INTO "times" VALUES ( 19209, 13520, NULL, '12:53:00', 30 );

INSERT INTO "dias" VALUES ( 19210, 100, FALSE, TRUE, 'Q1300Z', 11510, 13520 );
INSERT INTO "dias_line_groups" VALUES ( 19210, 10 );
INSERT INTO "times" VALUES ( 19210, 11510, NULL, '13:14:00', 10 );
INSERT INTO "times" VALUES ( 19210, 11520, '13:15:00', '13:15:00', 10 );
INSERT INTO "times" VALUES ( 19210, 11530, '13:17:00', '13:17:00', 10 );
INSERT INTO "times" VALUES ( 19210, 11540, '13:19:00', '13:19:00', 10 );
INSERT INTO "times" VALUES ( 19210, 12530, '13:21:00', '13:22:00', 20 );
INSERT INTO "times" VALUES ( 19210, 12540, '13:24:00', '13:31:00', 20 );
INSERT INTO "times" VALUES ( 19210, 12550, '13:33:00', '13:33:00', 20 );
INSERT INTO "times" VALUES ( 19210, 12560, '13:35:00', '13:35:00', 20 );
INSERT INTO "times" VALUES ( 19210, 12570, '13:36:00', '13:36:00', 20 );
INSERT INTO "times" VALUES ( 19210, 12580, '13:38:00', '13:38:00', 20 );
INSERT INTO "times" VALUES ( 19210, 12590, '13:39:00', '13:39:00', 20 );
INSERT INTO "times" VALUES ( 19210, 12600, '13:40:00', '13:40:00', 20 );
INSERT INTO "times" VALUES ( 19210, 12610, '13:42:00', '13:45:00', 20 );
INSERT INTO "times" VALUES ( 19210, 12620, '13:47:00', '13:47:00', 20 );
INSERT INTO "times" VALUES ( 19210, 12630, '13:48:00', '13:48:00', 20 );
INSERT INTO "times" VALUES ( 19210, 12640, '13:50:00', '13:50:00', 20 );
INSERT INTO "times" VALUES ( 19210, 12650, '13:52:00', '13:52:00', 20 );
INSERT INTO "times" VALUES ( 19210, 12660, '13:54:00', '13:56:00', 20 );
INSERT INTO "times" VALUES ( 19210, 12670, '13:59:00', '13:59:00', 20 );
INSERT INTO "times" VALUES ( 19210, 12680, '14:01:00', '14:02:00', 20 );
INSERT INTO "times" VALUES ( 19210, 12690, '14:04:00', '14:04:00', 20 );
INSERT INTO "times" VALUES ( 19210, 12700, '14:06:00', '14:06:00', 20 );
INSERT INTO "times" VALUES ( 19210, 12710, '14:08:00', '14:14:00', 20 );
INSERT INTO "times" VALUES ( 19210, 12720, '14:16:00', '14:16:00', 20 );
INSERT INTO "times" VALUES ( 19210, 12730, '14:18:00', '14:18:00', 20 );
INSERT INTO "times" VALUES ( 19210, 12740, '14:21:00', '14:22:00', 20 );
INSERT INTO "times" VALUES ( 19210, 12750, '14:25:00', '14:25:00', 20 );
INSERT INTO "times" VALUES ( 19210, 12760, '14:28:00', '14:28:00', 20 );
INSERT INTO "times" VALUES ( 19210, 12770, '14:32:00', '14:32:00', 20 );
INSERT INTO "times" VALUES ( 19210, 12780, '14:36:00', '14:36:00', 20 );
INSERT INTO "times" VALUES ( 19210, 12790, '14:37:00', '14:37:00', 20 );
INSERT INTO "times" VALUES ( 19210, 12800, '14:39:00', '14:43:00', 20 );
INSERT INTO "times" VALUES ( 19210, 12810, '14:45:00', '14:45:00', 20 );
INSERT INTO "times" VALUES ( 19210, 12820, '14:46:00', '14:46:00', 20 );
INSERT INTO "times" VALUES ( 19210, 12830, '14:48:00', '14:48:00', 20 );
INSERT INTO "times" VALUES ( 19210, 12840, '14:49:00', '14:49:00', 20 );
INSERT INTO "times" VALUES ( 19210, 12850, '14:51:00', '14:51:00', 20 );
INSERT INTO "times" VALUES ( 19210, 12860, '14:52:00', '14:52:00', 20 );
INSERT INTO "times" VALUES ( 19210, 12870, '14:54:00', '14:54:00', 20 );
INSERT INTO "times" VALUES ( 19210, 12880, '14:56:00', '14:56:00', 20 );
INSERT INTO "times" VALUES ( 19210, 12890, '14:58:00', '14:58:00', 20 );
INSERT INTO "times" VALUES ( 19210, 12900, '14:59:00', '15:03:00', 20 );
INSERT INTO "times" VALUES ( 19210, 13510, '15:05:00', '15:05:00', 30 );
INSERT INTO "times" VALUES ( 19210, 13520, '15:08:00', NULL, NULL );

INSERT INTO "dias" VALUES ( 19211, 100, FALSE, TRUE, 'Q1301B', 13520, 11510 );
INSERT INTO "dias_line_groups" VALUES ( 19211, 10 );
INSERT INTO "times" VALUES ( 19211, 11510, '14:57:00', NULL, NULL );
INSERT INTO "times" VALUES ( 19211, 11520, '14:54:00', '14:54:00', 10 );
INSERT INTO "times" VALUES ( 19211, 11530, '14:53:00', '14:53:00', 10 );
INSERT INTO "times" VALUES ( 19211, 11540, '14:51:00', '14:51:00', 10 );
INSERT INTO "times" VALUES ( 19211, 12530, '14:50:00', '14:50:00', 10 );
INSERT INTO "times" VALUES ( 19211, 12540, '14:40:00', '14:47:00', 20 );
INSERT INTO "times" VALUES ( 19211, 12550, '14:38:00', '14:38:00', 20 );
INSERT INTO "times" VALUES ( 19211, 12560, '14:36:00', '14:36:00', 20 );
INSERT INTO "times" VALUES ( 19211, 12570, '14:34:00', '14:34:00', 20 );
INSERT INTO "times" VALUES ( 19211, 12580, '14:33:00', '14:33:00', 20 );
INSERT INTO "times" VALUES ( 19211, 12590, '14:32:00', '14:32:00', 20 );
INSERT INTO "times" VALUES ( 19211, 12600, '14:30:00', '14:30:00', 20 );
INSERT INTO "times" VALUES ( 19211, 12610, '14:26:00', '14:29:00', 20 );
INSERT INTO "times" VALUES ( 19211, 12620, '14:24:00', '14:24:00', 20 );
INSERT INTO "times" VALUES ( 19211, 12630, '14:22:00', '14:22:00', 20 );
INSERT INTO "times" VALUES ( 19211, 12640, '14:21:00', '14:21:00', 20 );
INSERT INTO "times" VALUES ( 19211, 12650, '14:19:00', '14:19:00', 20 );
INSERT INTO "times" VALUES ( 19211, 12660, '14:15:00', '14:17:00', 20 );
INSERT INTO "times" VALUES ( 19211, 12670, '14:12:00', '14:12:00', 20 );
INSERT INTO "times" VALUES ( 19211, 12680, '14:08:00', '14:10:00', 20 );
INSERT INTO "times" VALUES ( 19211, 12690, '14:06:00', '14:06:00', 20 );
INSERT INTO "times" VALUES ( 19211, 12700, '14:04:00', '14:04:00', 20 );
INSERT INTO "times" VALUES ( 19211, 12710, '13:57:00', '14:02:00', 20 );
INSERT INTO "times" VALUES ( 19211, 12720, '13:54:00', '13:54:00', 20 );
INSERT INTO "times" VALUES ( 19211, 12730, '13:52:00', '13:52:00', 20 );
INSERT INTO "times" VALUES ( 19211, 12740, '13:50:00', '13:50:00', 20 );
INSERT INTO "times" VALUES ( 19211, 12750, '13:46:00', '13:46:00', 20 );
INSERT INTO "times" VALUES ( 19211, 12760, '13:44:00', '13:44:00', 20 );
INSERT INTO "times" VALUES ( 19211, 12770, '13:40:00', '13:40:00', 20 );
INSERT INTO "times" VALUES ( 19211, 12780, '13:35:00', '13:35:00', 20 );
INSERT INTO "times" VALUES ( 19211, 12790, '13:33:00', '13:33:00', 20 );
INSERT INTO "times" VALUES ( 19211, 12800, '13:28:00', '13:31:00', 20 );
INSERT INTO "times" VALUES ( 19211, 12810, '13:26:00', '13:26:00', 20 );
INSERT INTO "times" VALUES ( 19211, 12820, '13:24:00', '13:24:00', 20 );
INSERT INTO "times" VALUES ( 19211, 12830, '13:23:00', '13:23:00', 20 );
INSERT INTO "times" VALUES ( 19211, 12840, '13:21:00', '13:21:00', 20 );
INSERT INTO "times" VALUES ( 19211, 12850, '13:19:00', '13:19:00', 20 );
INSERT INTO "times" VALUES ( 19211, 12860, '13:18:00', '13:18:00', 20 );
INSERT INTO "times" VALUES ( 19211, 12870, '13:16:00', '13:16:00', 20 );
INSERT INTO "times" VALUES ( 19211, 12880, '13:14:00', '13:14:00', 20 );
INSERT INTO "times" VALUES ( 19211, 12890, '13:12:00', '13:12:00', 20 );
INSERT INTO "times" VALUES ( 19211, 12900, '13:07:00', '13:11:00', 20 );
INSERT INTO "times" VALUES ( 19211, 13510, '13:05:00', '13:05:00', 30 );
INSERT INTO "times" VALUES ( 19211, 13520, NULL, '13:03:00', 30 );

INSERT INTO "dias" VALUES ( 19212, 100, FALSE, TRUE, 'Q1302Z', 11510, 13520 );
INSERT INTO "dias_line_groups" VALUES ( 19212, 10 );
INSERT INTO "times" VALUES ( 19212, 11510, NULL, '13:24:00', 10 );
INSERT INTO "times" VALUES ( 19212, 11520, '13:25:00', '13:25:00', 10 );
INSERT INTO "times" VALUES ( 19212, 11530, '13:27:00', '13:27:00', 10 );
INSERT INTO "times" VALUES ( 19212, 11540, '13:29:00', '13:29:00', 10 );
INSERT INTO "times" VALUES ( 19212, 12530, '13:31:00', '13:32:00', 20 );
INSERT INTO "times" VALUES ( 19212, 12540, '13:34:00', '13:41:00', 20 );
INSERT INTO "times" VALUES ( 19212, 12550, '13:43:00', '13:43:00', 20 );
INSERT INTO "times" VALUES ( 19212, 12560, '13:45:00', '13:45:00', 20 );
INSERT INTO "times" VALUES ( 19212, 12570, '13:46:00', '13:46:00', 20 );
INSERT INTO "times" VALUES ( 19212, 12580, '13:48:00', '13:48:00', 20 );
INSERT INTO "times" VALUES ( 19212, 12590, '13:49:00', '13:49:00', 20 );
INSERT INTO "times" VALUES ( 19212, 12600, '13:50:00', '13:50:00', 20 );
INSERT INTO "times" VALUES ( 19212, 12610, '13:52:00', '13:55:00', 20 );
INSERT INTO "times" VALUES ( 19212, 12620, '13:57:00', '13:57:00', 20 );
INSERT INTO "times" VALUES ( 19212, 12630, '13:58:00', '13:58:00', 20 );
INSERT INTO "times" VALUES ( 19212, 12640, '14:00:00', '14:00:00', 20 );
INSERT INTO "times" VALUES ( 19212, 12650, '14:02:00', '14:02:00', 20 );
INSERT INTO "times" VALUES ( 19212, 12660, '14:04:00', '14:05:00', 20 );
INSERT INTO "times" VALUES ( 19212, 12670, '14:08:00', '14:08:00', 20 );
INSERT INTO "times" VALUES ( 19212, 12680, '14:12:00', '14:18:00', 20 );
INSERT INTO "times" VALUES ( 19212, 12690, '14:20:00', '14:20:00', 20 );
INSERT INTO "times" VALUES ( 19212, 12700, '14:22:00', '14:22:00', 20 );
INSERT INTO "times" VALUES ( 19212, 12710, '14:25:00', '14:25:00', 20 );
INSERT INTO "times" VALUES ( 19212, 12720, '14:26:00', '14:26:00', 20 );
INSERT INTO "times" VALUES ( 19212, 12730, '14:29:00', '14:29:00', 20 );
INSERT INTO "times" VALUES ( 19212, 12740, '14:32:00', '14:32:00', 20 );
INSERT INTO "times" VALUES ( 19212, 12750, '14:35:00', '14:35:00', 20 );
INSERT INTO "times" VALUES ( 19212, 12760, '14:38:00', '14:38:00', 20 );
INSERT INTO "times" VALUES ( 19212, 12770, '14:42:00', '14:42:00', 20 );
INSERT INTO "times" VALUES ( 19212, 12780, '14:46:00', '14:46:00', 20 );
INSERT INTO "times" VALUES ( 19212, 12790, '14:47:00', '14:47:00', 20 );
INSERT INTO "times" VALUES ( 19212, 12800, '14:49:00', '14:53:00', 20 );
INSERT INTO "times" VALUES ( 19212, 12810, '14:55:00', '14:55:00', 20 );
INSERT INTO "times" VALUES ( 19212, 12820, '14:56:00', '14:56:00', 20 );
INSERT INTO "times" VALUES ( 19212, 12830, '14:58:00', '14:58:00', 20 );
INSERT INTO "times" VALUES ( 19212, 12840, '14:59:00', '14:59:00', 20 );
INSERT INTO "times" VALUES ( 19212, 12850, '15:01:00', '15:01:00', 20 );
INSERT INTO "times" VALUES ( 19212, 12860, '15:02:00', '15:02:00', 20 );
INSERT INTO "times" VALUES ( 19212, 12870, '15:04:00', '15:04:00', 20 );
INSERT INTO "times" VALUES ( 19212, 12880, '15:06:00', '15:06:00', 20 );
INSERT INTO "times" VALUES ( 19212, 12890, '15:08:00', '15:08:00', 20 );
INSERT INTO "times" VALUES ( 19212, 12900, '15:09:00', '15:13:00', 20 );
INSERT INTO "times" VALUES ( 19212, 13510, '15:15:00', '15:15:00', 30 );
INSERT INTO "times" VALUES ( 19212, 13520, '15:18:00', NULL, NULL );

INSERT INTO "dias" VALUES ( 19213, 100, FALSE, TRUE, 'Q1303B', 13520, 11510 );
INSERT INTO "dias_line_groups" VALUES ( 19213, 10 );
INSERT INTO "times" VALUES ( 19213, 11510, '15:17:00', NULL, NULL );
INSERT INTO "times" VALUES ( 19213, 11520, '15:15:00', '15:15:00', 10 );
INSERT INTO "times" VALUES ( 19213, 11530, '15:13:00', '15:13:00', 10 );
INSERT INTO "times" VALUES ( 19213, 11540, '15:12:00', '15:12:00', 10 );
INSERT INTO "times" VALUES ( 19213, 12530, '15:10:00', '15:10:00', 10 );
INSERT INTO "times" VALUES ( 19213, 12540, '15:00:00', '15:07:00', 20 );
INSERT INTO "times" VALUES ( 19213, 12550, '14:58:00', '14:58:00', 20 );
INSERT INTO "times" VALUES ( 19213, 12560, '14:56:00', '14:56:00', 20 );
INSERT INTO "times" VALUES ( 19213, 12570, '14:54:00', '14:54:00', 20 );
INSERT INTO "times" VALUES ( 19213, 12580, '14:53:00', '14:53:00', 20 );
INSERT INTO "times" VALUES ( 19213, 12590, '14:52:00', '14:52:00', 20 );
INSERT INTO "times" VALUES ( 19213, 12600, '14:50:00', '14:50:00', 20 );
INSERT INTO "times" VALUES ( 19213, 12610, '14:46:00', '14:49:00', 20 );
INSERT INTO "times" VALUES ( 19213, 12620, '14:44:00', '14:44:00', 20 );
INSERT INTO "times" VALUES ( 19213, 12630, '14:42:00', '14:42:00', 20 );
INSERT INTO "times" VALUES ( 19213, 12640, '14:41:00', '14:41:00', 20 );
INSERT INTO "times" VALUES ( 19213, 12650, '14:39:00', '14:39:00', 20 );
INSERT INTO "times" VALUES ( 19213, 12660, '14:35:00', '14:37:00', 20 );
INSERT INTO "times" VALUES ( 19213, 12670, '14:32:00', '14:32:00', 20 );
INSERT INTO "times" VALUES ( 19213, 12680, '14:24:00', '14:29:00', 20 );
INSERT INTO "times" VALUES ( 19213, 12690, '14:21:00', '14:21:00', 20 );
INSERT INTO "times" VALUES ( 19213, 12700, '14:19:00', '14:19:00', 20 );
INSERT INTO "times" VALUES ( 19213, 12710, '14:17:00', '14:17:00', 20 );
INSERT INTO "times" VALUES ( 19213, 12720, '14:14:00', '14:14:00', 20 );
INSERT INTO "times" VALUES ( 19213, 12730, '14:12:00', '14:12:00', 20 );
INSERT INTO "times" VALUES ( 19213, 12740, '14:10:00', '14:10:00', 20 );
INSERT INTO "times" VALUES ( 19213, 12750, '14:06:00', '14:06:00', 20 );
INSERT INTO "times" VALUES ( 19213, 12760, '14:04:00', '14:04:00', 20 );
INSERT INTO "times" VALUES ( 19213, 12770, '14:00:00', '14:00:00', 20 );
INSERT INTO "times" VALUES ( 19213, 12780, '13:55:00', '13:55:00', 20 );
INSERT INTO "times" VALUES ( 19213, 12790, '13:53:00', '13:53:00', 20 );
INSERT INTO "times" VALUES ( 19213, 12800, '13:48:00', '13:51:00', 20 );
INSERT INTO "times" VALUES ( 19213, 12810, '13:46:00', '13:46:00', 20 );
INSERT INTO "times" VALUES ( 19213, 12820, '13:44:00', '13:44:00', 20 );
INSERT INTO "times" VALUES ( 19213, 12830, '13:43:00', '13:43:00', 20 );
INSERT INTO "times" VALUES ( 19213, 12840, '13:41:00', '13:41:00', 20 );
INSERT INTO "times" VALUES ( 19213, 12850, '13:39:00', '13:39:00', 20 );
INSERT INTO "times" VALUES ( 19213, 12860, '13:38:00', '13:38:00', 20 );
INSERT INTO "times" VALUES ( 19213, 12870, '13:36:00', '13:36:00', 20 );
INSERT INTO "times" VALUES ( 19213, 12880, '13:34:00', '13:34:00', 20 );
INSERT INTO "times" VALUES ( 19213, 12890, '13:32:00', '13:32:00', 20 );
INSERT INTO "times" VALUES ( 19213, 12900, '13:27:00', '13:31:00', 20 );
INSERT INTO "times" VALUES ( 19213, 13510, '13:25:00', '13:25:00', 30 );
INSERT INTO "times" VALUES ( 19213, 13520, NULL, '13:23:00', 30 );

INSERT INTO "dias" VALUES ( 19214, 100, FALSE, TRUE, 'Q1304Z', 11510, 13520 );
INSERT INTO "dias_line_groups" VALUES ( 19214, 10 );
INSERT INTO "times" VALUES ( 19214, 11510, NULL, '13:44:00', 10 );
INSERT INTO "times" VALUES ( 19214, 11520, '13:45:00', '13:45:00', 10 );
INSERT INTO "times" VALUES ( 19214, 11530, '13:47:00', '13:47:00', 10 );
INSERT INTO "times" VALUES ( 19214, 11540, '13:49:00', '13:49:00', 10 );
INSERT INTO "times" VALUES ( 19214, 12530, '13:51:00', '13:52:00', 20 );
INSERT INTO "times" VALUES ( 19214, 12540, '13:54:00', '14:01:00', 20 );
INSERT INTO "times" VALUES ( 19214, 12550, '14:03:00', '14:03:00', 20 );
INSERT INTO "times" VALUES ( 19214, 12560, '14:05:00', '14:05:00', 20 );
INSERT INTO "times" VALUES ( 19214, 12570, '14:06:00', '14:06:00', 20 );
INSERT INTO "times" VALUES ( 19214, 12580, '14:08:00', '14:08:00', 20 );
INSERT INTO "times" VALUES ( 19214, 12590, '14:09:00', '14:09:00', 20 );
INSERT INTO "times" VALUES ( 19214, 12600, '14:10:00', '14:10:00', 20 );
INSERT INTO "times" VALUES ( 19214, 12610, '14:12:00', '14:15:00', 20 );
INSERT INTO "times" VALUES ( 19214, 12620, '14:17:00', '14:17:00', 20 );
INSERT INTO "times" VALUES ( 19214, 12630, '14:18:00', '14:18:00', 20 );
INSERT INTO "times" VALUES ( 19214, 12640, '14:20:00', '14:20:00', 20 );
INSERT INTO "times" VALUES ( 19214, 12650, '14:22:00', '14:22:00', 20 );
INSERT INTO "times" VALUES ( 19214, 12660, '14:24:00', '14:26:00', 20 );
INSERT INTO "times" VALUES ( 19214, 12670, '14:29:00', '14:29:00', 20 );
INSERT INTO "times" VALUES ( 19214, 12680, '14:31:00', '14:32:00', 20 );
INSERT INTO "times" VALUES ( 19214, 12690, '14:34:00', '14:34:00', 20 );
INSERT INTO "times" VALUES ( 19214, 12700, '14:36:00', '14:36:00', 20 );
INSERT INTO "times" VALUES ( 19214, 12710, '14:38:00', '14:44:00', 20 );
INSERT INTO "times" VALUES ( 19214, 12720, '14:46:00', '14:46:00', 20 );
INSERT INTO "times" VALUES ( 19214, 12730, '14:48:00', '14:48:00', 20 );
INSERT INTO "times" VALUES ( 19214, 12740, '14:51:00', '14:52:00', 20 );
INSERT INTO "times" VALUES ( 19214, 12750, '14:55:00', '14:55:00', 20 );
INSERT INTO "times" VALUES ( 19214, 12760, '14:58:00', '14:58:00', 20 );
INSERT INTO "times" VALUES ( 19214, 12770, '15:02:00', '15:02:00', 20 );
INSERT INTO "times" VALUES ( 19214, 12780, '15:06:00', '15:06:00', 20 );
INSERT INTO "times" VALUES ( 19214, 12790, '15:07:00', '15:07:00', 20 );
INSERT INTO "times" VALUES ( 19214, 12800, '15:09:00', '15:13:00', 20 );
INSERT INTO "times" VALUES ( 19214, 12810, '15:15:00', '15:15:00', 20 );
INSERT INTO "times" VALUES ( 19214, 12820, '15:16:00', '15:16:00', 20 );
INSERT INTO "times" VALUES ( 19214, 12830, '15:18:00', '15:18:00', 20 );
INSERT INTO "times" VALUES ( 19214, 12840, '15:19:00', '15:19:00', 20 );
INSERT INTO "times" VALUES ( 19214, 12850, '15:21:00', '15:21:00', 20 );
INSERT INTO "times" VALUES ( 19214, 12860, '15:22:00', '15:22:00', 20 );
INSERT INTO "times" VALUES ( 19214, 12870, '15:24:00', '15:24:00', 20 );
INSERT INTO "times" VALUES ( 19214, 12880, '15:26:00', '15:26:00', 20 );
INSERT INTO "times" VALUES ( 19214, 12890, '15:28:00', '15:28:00', 20 );
INSERT INTO "times" VALUES ( 19214, 12900, '15:29:00', '15:33:00', 20 );
INSERT INTO "times" VALUES ( 19214, 13510, '15:34:00', '15:34:00', 30 );
INSERT INTO "times" VALUES ( 19214, 13520, '15:37:00', NULL, NULL );

INSERT INTO "dias" VALUES ( 19215, 100, FALSE, TRUE, 'Q1305B', 13520, 11510 );
INSERT INTO "dias_line_groups" VALUES ( 19215, 10 );
INSERT INTO "times" VALUES ( 19215, 11510, '15:27:00', NULL, NULL );
INSERT INTO "times" VALUES ( 19215, 11520, '15:24:00', '15:24:00', 10 );
INSERT INTO "times" VALUES ( 19215, 11530, '15:23:00', '15:23:00', 10 );
INSERT INTO "times" VALUES ( 19215, 11540, '15:21:00', '15:21:00', 10 );
INSERT INTO "times" VALUES ( 19215, 12530, '15:20:00', '15:20:00', 10 );
INSERT INTO "times" VALUES ( 19215, 12540, '15:10:00', '15:17:00', 20 );
INSERT INTO "times" VALUES ( 19215, 12550, '15:08:00', '15:08:00', 20 );
INSERT INTO "times" VALUES ( 19215, 12560, '15:06:00', '15:06:00', 20 );
INSERT INTO "times" VALUES ( 19215, 12570, '15:04:00', '15:04:00', 20 );
INSERT INTO "times" VALUES ( 19215, 12580, '15:03:00', '15:03:00', 20 );
INSERT INTO "times" VALUES ( 19215, 12590, '15:02:00', '15:02:00', 20 );
INSERT INTO "times" VALUES ( 19215, 12600, '15:00:00', '15:00:00', 20 );
INSERT INTO "times" VALUES ( 19215, 12610, '14:56:00', '14:59:00', 20 );
INSERT INTO "times" VALUES ( 19215, 12620, '14:54:00', '14:54:00', 20 );
INSERT INTO "times" VALUES ( 19215, 12630, '14:52:00', '14:52:00', 20 );
INSERT INTO "times" VALUES ( 19215, 12640, '14:51:00', '14:51:00', 20 );
INSERT INTO "times" VALUES ( 19215, 12650, '14:49:00', '14:49:00', 20 );
INSERT INTO "times" VALUES ( 19215, 12660, '14:45:00', '14:47:00', 20 );
INSERT INTO "times" VALUES ( 19215, 12670, '14:42:00', '14:42:00', 20 );
INSERT INTO "times" VALUES ( 19215, 12680, '14:39:00', '14:40:00', 20 );
INSERT INTO "times" VALUES ( 19215, 12690, '14:37:00', '14:37:00', 20 );
INSERT INTO "times" VALUES ( 19215, 12700, '14:34:00', '14:34:00', 20 );
INSERT INTO "times" VALUES ( 19215, 12710, '14:27:00', '14:32:00', 20 );
INSERT INTO "times" VALUES ( 19215, 12720, '14:24:00', '14:24:00', 20 );
INSERT INTO "times" VALUES ( 19215, 12730, '14:22:00', '14:22:00', 20 );
INSERT INTO "times" VALUES ( 19215, 12740, '14:20:00', '14:20:00', 20 );
INSERT INTO "times" VALUES ( 19215, 12750, '14:16:00', '14:16:00', 20 );
INSERT INTO "times" VALUES ( 19215, 12760, '14:14:00', '14:14:00', 20 );
INSERT INTO "times" VALUES ( 19215, 12770, '14:10:00', '14:10:00', 20 );
INSERT INTO "times" VALUES ( 19215, 12780, '14:05:00', '14:05:00', 20 );
INSERT INTO "times" VALUES ( 19215, 12790, '14:03:00', '14:03:00', 20 );
INSERT INTO "times" VALUES ( 19215, 12800, '13:58:00', '14:01:00', 20 );
INSERT INTO "times" VALUES ( 19215, 12810, '13:56:00', '13:56:00', 20 );
INSERT INTO "times" VALUES ( 19215, 12820, '13:54:00', '13:54:00', 20 );
INSERT INTO "times" VALUES ( 19215, 12830, '13:53:00', '13:53:00', 20 );
INSERT INTO "times" VALUES ( 19215, 12840, '13:51:00', '13:51:00', 20 );
INSERT INTO "times" VALUES ( 19215, 12850, '13:49:00', '13:49:00', 20 );
INSERT INTO "times" VALUES ( 19215, 12860, '13:48:00', '13:48:00', 20 );
INSERT INTO "times" VALUES ( 19215, 12870, '13:46:00', '13:46:00', 20 );
INSERT INTO "times" VALUES ( 19215, 12880, '13:44:00', '13:44:00', 20 );
INSERT INTO "times" VALUES ( 19215, 12890, '13:42:00', '13:42:00', 20 );
INSERT INTO "times" VALUES ( 19215, 12900, '13:37:00', '13:41:00', 20 );
INSERT INTO "times" VALUES ( 19215, 13510, '13:35:00', '13:35:00', 30 );
INSERT INTO "times" VALUES ( 19215, 13520, NULL, '13:33:00', 30 );

INSERT INTO "dias" VALUES ( 19216, 100, FALSE, TRUE, 'Q1306Z', 11510, 13520 );
INSERT INTO "dias_line_groups" VALUES ( 19216, 10 );
INSERT INTO "times" VALUES ( 19216, 11510, NULL, '13:54:00', 10 );
INSERT INTO "times" VALUES ( 19216, 11520, '13:55:00', '13:55:00', 10 );
INSERT INTO "times" VALUES ( 19216, 11530, '13:57:00', '13:57:00', 10 );
INSERT INTO "times" VALUES ( 19216, 11540, '13:59:00', '13:59:00', 10 );
INSERT INTO "times" VALUES ( 19216, 12530, '14:01:00', '14:02:00', 20 );
INSERT INTO "times" VALUES ( 19216, 12540, '14:04:00', '14:11:00', 20 );
INSERT INTO "times" VALUES ( 19216, 12550, '14:13:00', '14:13:00', 20 );
INSERT INTO "times" VALUES ( 19216, 12560, '14:15:00', '14:15:00', 20 );
INSERT INTO "times" VALUES ( 19216, 12570, '14:16:00', '14:16:00', 20 );
INSERT INTO "times" VALUES ( 19216, 12580, '14:18:00', '14:18:00', 20 );
INSERT INTO "times" VALUES ( 19216, 12590, '14:19:00', '14:19:00', 20 );
INSERT INTO "times" VALUES ( 19216, 12600, '14:20:00', '14:20:00', 20 );
INSERT INTO "times" VALUES ( 19216, 12610, '14:22:00', '14:25:00', 20 );
INSERT INTO "times" VALUES ( 19216, 12620, '14:27:00', '14:27:00', 20 );
INSERT INTO "times" VALUES ( 19216, 12630, '14:28:00', '14:28:00', 20 );
INSERT INTO "times" VALUES ( 19216, 12640, '14:30:00', '14:30:00', 20 );
INSERT INTO "times" VALUES ( 19216, 12650, '14:32:00', '14:32:00', 20 );
INSERT INTO "times" VALUES ( 19216, 12660, '14:34:00', '14:35:00', 20 );
INSERT INTO "times" VALUES ( 19216, 12670, '14:38:00', '14:38:00', 20 );
INSERT INTO "times" VALUES ( 19216, 12680, '14:42:00', '14:48:00', 20 );
INSERT INTO "times" VALUES ( 19216, 12690, '14:50:00', '14:50:00', 20 );
INSERT INTO "times" VALUES ( 19216, 12700, '14:52:00', '14:52:00', 20 );
INSERT INTO "times" VALUES ( 19216, 12710, '14:55:00', '14:55:00', 20 );
INSERT INTO "times" VALUES ( 19216, 12720, '14:56:00', '14:56:00', 20 );
INSERT INTO "times" VALUES ( 19216, 12730, '14:59:00', '14:59:00', 20 );
INSERT INTO "times" VALUES ( 19216, 12740, '15:02:00', '15:02:00', 20 );
INSERT INTO "times" VALUES ( 19216, 12750, '15:05:00', '15:05:00', 20 );
INSERT INTO "times" VALUES ( 19216, 12760, '15:08:00', '15:08:00', 20 );
INSERT INTO "times" VALUES ( 19216, 12770, '15:12:00', '15:12:00', 20 );
INSERT INTO "times" VALUES ( 19216, 12780, '15:16:00', '15:16:00', 20 );
INSERT INTO "times" VALUES ( 19216, 12790, '15:17:00', '15:17:00', 20 );
INSERT INTO "times" VALUES ( 19216, 12800, '15:19:00', '15:23:00', 20 );
INSERT INTO "times" VALUES ( 19216, 12810, '15:25:00', '15:25:00', 20 );
INSERT INTO "times" VALUES ( 19216, 12820, '15:26:00', '15:26:00', 20 );
INSERT INTO "times" VALUES ( 19216, 12830, '15:28:00', '15:28:00', 20 );
INSERT INTO "times" VALUES ( 19216, 12840, '15:29:00', '15:29:00', 20 );
INSERT INTO "times" VALUES ( 19216, 12850, '15:31:00', '15:31:00', 20 );
INSERT INTO "times" VALUES ( 19216, 12860, '15:32:00', '15:32:00', 20 );
INSERT INTO "times" VALUES ( 19216, 12870, '15:34:00', '15:34:00', 20 );
INSERT INTO "times" VALUES ( 19216, 12880, '15:36:00', '15:36:00', 20 );
INSERT INTO "times" VALUES ( 19216, 12890, '15:38:00', '15:38:00', 20 );
INSERT INTO "times" VALUES ( 19216, 12900, '15:39:00', '15:44:00', 20 );
INSERT INTO "times" VALUES ( 19216, 13510, '15:46:00', '15:46:00', 30 );
INSERT INTO "times" VALUES ( 19216, 13520, '15:49:00', NULL, NULL );

INSERT INTO "dias" VALUES ( 19217, 100, FALSE, TRUE, 'Q1307B', 13520, 11510 );
INSERT INTO "dias_line_groups" VALUES ( 19217, 10 );
INSERT INTO "times" VALUES ( 19217, 11510, '15:47:00', NULL, NULL );
INSERT INTO "times" VALUES ( 19217, 11520, '15:45:00', '15:45:00', 10 );
INSERT INTO "times" VALUES ( 19217, 11530, '15:43:00', '15:43:00', 10 );
INSERT INTO "times" VALUES ( 19217, 11540, '15:42:00', '15:42:00', 10 );
INSERT INTO "times" VALUES ( 19217, 12530, '15:40:00', '15:40:00', 10 );
INSERT INTO "times" VALUES ( 19217, 12540, '15:30:00', '15:37:00', 20 );
INSERT INTO "times" VALUES ( 19217, 12550, '15:28:00', '15:28:00', 20 );
INSERT INTO "times" VALUES ( 19217, 12560, '15:26:00', '15:26:00', 20 );
INSERT INTO "times" VALUES ( 19217, 12570, '15:24:00', '15:24:00', 20 );
INSERT INTO "times" VALUES ( 19217, 12580, '15:23:00', '15:23:00', 20 );
INSERT INTO "times" VALUES ( 19217, 12590, '15:22:00', '15:22:00', 20 );
INSERT INTO "times" VALUES ( 19217, 12600, '15:20:00', '15:20:00', 20 );
INSERT INTO "times" VALUES ( 19217, 12610, '15:16:00', '15:19:00', 20 );
INSERT INTO "times" VALUES ( 19217, 12620, '15:14:00', '15:14:00', 20 );
INSERT INTO "times" VALUES ( 19217, 12630, '15:12:00', '15:12:00', 20 );
INSERT INTO "times" VALUES ( 19217, 12640, '15:11:00', '15:11:00', 20 );
INSERT INTO "times" VALUES ( 19217, 12650, '15:09:00', '15:09:00', 20 );
INSERT INTO "times" VALUES ( 19217, 12660, '15:05:00', '15:07:00', 20 );
INSERT INTO "times" VALUES ( 19217, 12670, '15:02:00', '15:02:00', 20 );
INSERT INTO "times" VALUES ( 19217, 12680, '14:54:00', '14:59:00', 20 );
INSERT INTO "times" VALUES ( 19217, 12690, '14:51:00', '14:51:00', 20 );
INSERT INTO "times" VALUES ( 19217, 12700, '14:49:00', '14:49:00', 20 );
INSERT INTO "times" VALUES ( 19217, 12710, '14:47:00', '14:47:00', 20 );
INSERT INTO "times" VALUES ( 19217, 12720, '14:44:00', '14:44:00', 20 );
INSERT INTO "times" VALUES ( 19217, 12730, '14:42:00', '14:42:00', 20 );
INSERT INTO "times" VALUES ( 19217, 12740, '14:40:00', '14:40:00', 20 );
INSERT INTO "times" VALUES ( 19217, 12750, '14:36:00', '14:36:00', 20 );
INSERT INTO "times" VALUES ( 19217, 12760, '14:34:00', '14:34:00', 20 );
INSERT INTO "times" VALUES ( 19217, 12770, '14:30:00', '14:30:00', 20 );
INSERT INTO "times" VALUES ( 19217, 12780, '14:25:00', '14:25:00', 20 );
INSERT INTO "times" VALUES ( 19217, 12790, '14:23:00', '14:23:00', 20 );
INSERT INTO "times" VALUES ( 19217, 12800, '14:18:00', '14:21:00', 20 );
INSERT INTO "times" VALUES ( 19217, 12810, '14:16:00', '14:16:00', 20 );
INSERT INTO "times" VALUES ( 19217, 12820, '14:14:00', '14:14:00', 20 );
INSERT INTO "times" VALUES ( 19217, 12830, '14:13:00', '14:13:00', 20 );
INSERT INTO "times" VALUES ( 19217, 12840, '14:11:00', '14:11:00', 20 );
INSERT INTO "times" VALUES ( 19217, 12850, '14:09:00', '14:09:00', 20 );
INSERT INTO "times" VALUES ( 19217, 12860, '14:08:00', '14:08:00', 20 );
INSERT INTO "times" VALUES ( 19217, 12870, '14:06:00', '14:06:00', 20 );
INSERT INTO "times" VALUES ( 19217, 12880, '14:04:00', '14:04:00', 20 );
INSERT INTO "times" VALUES ( 19217, 12890, '14:02:00', '14:02:00', 20 );
INSERT INTO "times" VALUES ( 19217, 12900, '13:57:00', '14:01:00', 20 );
INSERT INTO "times" VALUES ( 19217, 13510, '13:55:00', '13:55:00', 30 );
INSERT INTO "times" VALUES ( 19217, 13520, NULL, '13:53:00', 30 );

INSERT INTO "dias" VALUES ( 19218, 100, FALSE, TRUE, 'Q1400Z', 11510, 13520 );
INSERT INTO "dias_line_groups" VALUES ( 19218, 10 );
INSERT INTO "times" VALUES ( 19218, 11510, NULL, '14:14:00', 10 );
INSERT INTO "times" VALUES ( 19218, 11520, '14:15:00', '14:15:00', 10 );
INSERT INTO "times" VALUES ( 19218, 11530, '14:17:00', '14:17:00', 10 );
INSERT INTO "times" VALUES ( 19218, 11540, '14:19:00', '14:19:00', 10 );
INSERT INTO "times" VALUES ( 19218, 12530, '14:21:00', '14:22:00', 20 );
INSERT INTO "times" VALUES ( 19218, 12540, '14:24:00', '14:31:00', 20 );
INSERT INTO "times" VALUES ( 19218, 12550, '14:33:00', '14:33:00', 20 );
INSERT INTO "times" VALUES ( 19218, 12560, '14:35:00', '14:35:00', 20 );
INSERT INTO "times" VALUES ( 19218, 12570, '14:36:00', '14:36:00', 20 );
INSERT INTO "times" VALUES ( 19218, 12580, '14:38:00', '14:38:00', 20 );
INSERT INTO "times" VALUES ( 19218, 12590, '14:39:00', '14:39:00', 20 );
INSERT INTO "times" VALUES ( 19218, 12600, '14:40:00', '14:40:00', 20 );
INSERT INTO "times" VALUES ( 19218, 12610, '14:42:00', '14:45:00', 20 );
INSERT INTO "times" VALUES ( 19218, 12620, '14:47:00', '14:47:00', 20 );
INSERT INTO "times" VALUES ( 19218, 12630, '14:48:00', '14:48:00', 20 );
INSERT INTO "times" VALUES ( 19218, 12640, '14:50:00', '14:50:00', 20 );
INSERT INTO "times" VALUES ( 19218, 12650, '14:52:00', '14:52:00', 20 );
INSERT INTO "times" VALUES ( 19218, 12660, '14:54:00', '14:56:00', 20 );
INSERT INTO "times" VALUES ( 19218, 12670, '14:59:00', '14:59:00', 20 );
INSERT INTO "times" VALUES ( 19218, 12680, '15:01:00', '15:02:00', 20 );
INSERT INTO "times" VALUES ( 19218, 12690, '15:04:00', '15:04:00', 20 );
INSERT INTO "times" VALUES ( 19218, 12700, '15:06:00', '15:06:00', 20 );
INSERT INTO "times" VALUES ( 19218, 12710, '15:08:00', '15:14:00', 20 );
INSERT INTO "times" VALUES ( 19218, 12720, '15:16:00', '15:16:00', 20 );
INSERT INTO "times" VALUES ( 19218, 12730, '15:18:00', '15:18:00', 20 );
INSERT INTO "times" VALUES ( 19218, 12740, '15:21:00', '15:22:00', 20 );
INSERT INTO "times" VALUES ( 19218, 12750, '15:25:00', '15:25:00', 20 );
INSERT INTO "times" VALUES ( 19218, 12760, '15:28:00', '15:28:00', 20 );
INSERT INTO "times" VALUES ( 19218, 12770, '15:32:00', '15:32:00', 20 );
INSERT INTO "times" VALUES ( 19218, 12780, '15:36:00', '15:36:00', 20 );
INSERT INTO "times" VALUES ( 19218, 12790, '15:37:00', '15:37:00', 20 );
INSERT INTO "times" VALUES ( 19218, 12800, '15:39:00', '15:43:00', 20 );
INSERT INTO "times" VALUES ( 19218, 12810, '15:45:00', '15:45:00', 20 );
INSERT INTO "times" VALUES ( 19218, 12820, '15:46:00', '15:46:00', 20 );
INSERT INTO "times" VALUES ( 19218, 12830, '15:48:00', '15:48:00', 20 );
INSERT INTO "times" VALUES ( 19218, 12840, '15:49:00', '15:49:00', 20 );
INSERT INTO "times" VALUES ( 19218, 12850, '15:51:00', '15:51:00', 20 );
INSERT INTO "times" VALUES ( 19218, 12860, '15:52:00', '15:52:00', 20 );
INSERT INTO "times" VALUES ( 19218, 12870, '15:54:00', '15:54:00', 20 );
INSERT INTO "times" VALUES ( 19218, 12880, '15:56:00', '15:56:00', 20 );
INSERT INTO "times" VALUES ( 19218, 12890, '15:58:00', '15:58:00', 20 );
INSERT INTO "times" VALUES ( 19218, 12900, '15:59:00', '16:03:00', 20 );
INSERT INTO "times" VALUES ( 19218, 13510, '16:04:00', '16:04:00', 30 );
INSERT INTO "times" VALUES ( 19218, 13520, '16:07:00', NULL, NULL );

INSERT INTO "dias" VALUES ( 19219, 100, FALSE, TRUE, 'Q1401B', 13520, 11510 );
INSERT INTO "dias_line_groups" VALUES ( 19219, 10 );
INSERT INTO "times" VALUES ( 19219, 11510, '15:57:00', NULL, NULL );
INSERT INTO "times" VALUES ( 19219, 11520, '15:54:00', '15:54:00', 10 );
INSERT INTO "times" VALUES ( 19219, 11530, '15:53:00', '15:53:00', 10 );
INSERT INTO "times" VALUES ( 19219, 11540, '15:51:00', '15:51:00', 10 );
INSERT INTO "times" VALUES ( 19219, 12530, '15:50:00', '15:50:00', 10 );
INSERT INTO "times" VALUES ( 19219, 12540, '15:40:00', '15:47:00', 20 );
INSERT INTO "times" VALUES ( 19219, 12550, '15:38:00', '15:38:00', 20 );
INSERT INTO "times" VALUES ( 19219, 12560, '15:36:00', '15:36:00', 20 );
INSERT INTO "times" VALUES ( 19219, 12570, '15:34:00', '15:34:00', 20 );
INSERT INTO "times" VALUES ( 19219, 12580, '15:33:00', '15:33:00', 20 );
INSERT INTO "times" VALUES ( 19219, 12590, '15:32:00', '15:32:00', 20 );
INSERT INTO "times" VALUES ( 19219, 12600, '15:30:00', '15:30:00', 20 );
INSERT INTO "times" VALUES ( 19219, 12610, '15:26:00', '15:29:00', 20 );
INSERT INTO "times" VALUES ( 19219, 12620, '15:24:00', '15:24:00', 20 );
INSERT INTO "times" VALUES ( 19219, 12630, '15:22:00', '15:22:00', 20 );
INSERT INTO "times" VALUES ( 19219, 12640, '15:21:00', '15:21:00', 20 );
INSERT INTO "times" VALUES ( 19219, 12650, '15:19:00', '15:19:00', 20 );
INSERT INTO "times" VALUES ( 19219, 12660, '15:15:00', '15:17:00', 20 );
INSERT INTO "times" VALUES ( 19219, 12670, '15:12:00', '15:12:00', 20 );
INSERT INTO "times" VALUES ( 19219, 12680, '15:09:00', '15:10:00', 20 );
INSERT INTO "times" VALUES ( 19219, 12690, '15:07:00', '15:07:00', 20 );
INSERT INTO "times" VALUES ( 19219, 12700, '15:04:00', '15:04:00', 20 );
INSERT INTO "times" VALUES ( 19219, 12710, '14:57:00', '15:02:00', 20 );
INSERT INTO "times" VALUES ( 19219, 12720, '14:54:00', '14:54:00', 20 );
INSERT INTO "times" VALUES ( 19219, 12730, '14:52:00', '14:52:00', 20 );
INSERT INTO "times" VALUES ( 19219, 12740, '14:50:00', '14:50:00', 20 );
INSERT INTO "times" VALUES ( 19219, 12750, '14:46:00', '14:46:00', 20 );
INSERT INTO "times" VALUES ( 19219, 12760, '14:44:00', '14:44:00', 20 );
INSERT INTO "times" VALUES ( 19219, 12770, '14:40:00', '14:40:00', 20 );
INSERT INTO "times" VALUES ( 19219, 12780, '14:35:00', '14:35:00', 20 );
INSERT INTO "times" VALUES ( 19219, 12790, '14:33:00', '14:33:00', 20 );
INSERT INTO "times" VALUES ( 19219, 12800, '14:28:00', '14:31:00', 20 );
INSERT INTO "times" VALUES ( 19219, 12810, '14:26:00', '14:26:00', 20 );
INSERT INTO "times" VALUES ( 19219, 12820, '14:24:00', '14:24:00', 20 );
INSERT INTO "times" VALUES ( 19219, 12830, '14:23:00', '14:23:00', 20 );
INSERT INTO "times" VALUES ( 19219, 12840, '14:21:00', '14:21:00', 20 );
INSERT INTO "times" VALUES ( 19219, 12850, '14:19:00', '14:19:00', 20 );
INSERT INTO "times" VALUES ( 19219, 12860, '14:18:00', '14:18:00', 20 );
INSERT INTO "times" VALUES ( 19219, 12870, '14:16:00', '14:16:00', 20 );
INSERT INTO "times" VALUES ( 19219, 12880, '14:14:00', '14:14:00', 20 );
INSERT INTO "times" VALUES ( 19219, 12890, '14:12:00', '14:12:00', 20 );
INSERT INTO "times" VALUES ( 19219, 12900, '14:07:00', '14:11:00', 20 );
INSERT INTO "times" VALUES ( 19219, 13510, '14:05:00', '14:05:00', 30 );
INSERT INTO "times" VALUES ( 19219, 13520, NULL, '14:03:00', 30 );

INSERT INTO "dias" VALUES ( 19220, 100, FALSE, TRUE, 'Q1402Z', 11510, 13520 );
INSERT INTO "dias_line_groups" VALUES ( 19220, 10 );
INSERT INTO "times" VALUES ( 19220, 11510, NULL, '14:24:00', 10 );
INSERT INTO "times" VALUES ( 19220, 11520, '14:25:00', '14:25:00', 10 );
INSERT INTO "times" VALUES ( 19220, 11530, '14:27:00', '14:27:00', 10 );
INSERT INTO "times" VALUES ( 19220, 11540, '14:29:00', '14:29:00', 10 );
INSERT INTO "times" VALUES ( 19220, 12530, '14:31:00', '14:32:00', 20 );
INSERT INTO "times" VALUES ( 19220, 12540, '14:34:00', '14:41:00', 20 );
INSERT INTO "times" VALUES ( 19220, 12550, '14:43:00', '14:43:00', 20 );
INSERT INTO "times" VALUES ( 19220, 12560, '14:45:00', '14:45:00', 20 );
INSERT INTO "times" VALUES ( 19220, 12570, '14:46:00', '14:46:00', 20 );
INSERT INTO "times" VALUES ( 19220, 12580, '14:48:00', '14:48:00', 20 );
INSERT INTO "times" VALUES ( 19220, 12590, '14:49:00', '14:49:00', 20 );
INSERT INTO "times" VALUES ( 19220, 12600, '14:50:00', '14:50:00', 20 );
INSERT INTO "times" VALUES ( 19220, 12610, '14:52:00', '14:55:00', 20 );
INSERT INTO "times" VALUES ( 19220, 12620, '14:57:00', '14:57:00', 20 );
INSERT INTO "times" VALUES ( 19220, 12630, '14:58:00', '14:58:00', 20 );
INSERT INTO "times" VALUES ( 19220, 12640, '15:00:00', '15:00:00', 20 );
INSERT INTO "times" VALUES ( 19220, 12650, '15:02:00', '15:02:00', 20 );
INSERT INTO "times" VALUES ( 19220, 12660, '15:04:00', '15:05:00', 20 );
INSERT INTO "times" VALUES ( 19220, 12670, '15:08:00', '15:08:00', 20 );
INSERT INTO "times" VALUES ( 19220, 12680, '15:12:00', '15:18:00', 20 );
INSERT INTO "times" VALUES ( 19220, 12690, '15:20:00', '15:20:00', 20 );
INSERT INTO "times" VALUES ( 19220, 12700, '15:22:00', '15:22:00', 20 );
INSERT INTO "times" VALUES ( 19220, 12710, '15:25:00', '15:25:00', 20 );
INSERT INTO "times" VALUES ( 19220, 12720, '15:26:00', '15:26:00', 20 );
INSERT INTO "times" VALUES ( 19220, 12730, '15:29:00', '15:29:00', 20 );
INSERT INTO "times" VALUES ( 19220, 12740, '15:32:00', '15:32:00', 20 );
INSERT INTO "times" VALUES ( 19220, 12750, '15:35:00', '15:35:00', 20 );
INSERT INTO "times" VALUES ( 19220, 12760, '15:38:00', '15:38:00', 20 );
INSERT INTO "times" VALUES ( 19220, 12770, '15:42:00', '15:42:00', 20 );
INSERT INTO "times" VALUES ( 19220, 12780, '15:46:00', '15:46:00', 20 );
INSERT INTO "times" VALUES ( 19220, 12790, '15:47:00', '15:47:00', 20 );
INSERT INTO "times" VALUES ( 19220, 12800, '15:49:00', '15:53:00', 20 );
INSERT INTO "times" VALUES ( 19220, 12810, '15:55:00', '15:55:00', 20 );
INSERT INTO "times" VALUES ( 19220, 12820, '15:56:00', '15:56:00', 20 );
INSERT INTO "times" VALUES ( 19220, 12830, '15:58:00', '15:58:00', 20 );
INSERT INTO "times" VALUES ( 19220, 12840, '15:59:00', '15:59:00', 20 );
INSERT INTO "times" VALUES ( 19220, 12850, '16:01:00', '16:01:00', 20 );
INSERT INTO "times" VALUES ( 19220, 12860, '16:02:00', '16:02:00', 20 );
INSERT INTO "times" VALUES ( 19220, 12870, '16:04:00', '16:04:00', 20 );
INSERT INTO "times" VALUES ( 19220, 12880, '16:06:00', '16:06:00', 20 );
INSERT INTO "times" VALUES ( 19220, 12890, '16:08:00', '16:08:00', 20 );
INSERT INTO "times" VALUES ( 19220, 12900, '16:09:00', '16:14:00', 20 );
INSERT INTO "times" VALUES ( 19220, 13510, '16:16:00', '16:16:00', 30 );
INSERT INTO "times" VALUES ( 19220, 13520, '16:19:00', NULL, NULL );

INSERT INTO "dias" VALUES ( 19221, 100, FALSE, TRUE, 'Q1403B', 13520, 11510 );
INSERT INTO "dias_line_groups" VALUES ( 19221, 10 );
INSERT INTO "times" VALUES ( 19221, 11510, '16:17:00', NULL, NULL );
INSERT INTO "times" VALUES ( 19221, 11520, '16:15:00', '16:15:00', 10 );
INSERT INTO "times" VALUES ( 19221, 11530, '16:13:00', '16:13:00', 10 );
INSERT INTO "times" VALUES ( 19221, 11540, '16:12:00', '16:12:00', 10 );
INSERT INTO "times" VALUES ( 19221, 12530, '16:10:00', '16:10:00', 10 );
INSERT INTO "times" VALUES ( 19221, 12540, '16:00:00', '16:07:00', 20 );
INSERT INTO "times" VALUES ( 19221, 12550, '15:58:00', '15:58:00', 20 );
INSERT INTO "times" VALUES ( 19221, 12560, '15:56:00', '15:56:00', 20 );
INSERT INTO "times" VALUES ( 19221, 12570, '15:54:00', '15:54:00', 20 );
INSERT INTO "times" VALUES ( 19221, 12580, '15:53:00', '15:53:00', 20 );
INSERT INTO "times" VALUES ( 19221, 12590, '15:52:00', '15:52:00', 20 );
INSERT INTO "times" VALUES ( 19221, 12600, '15:50:00', '15:50:00', 20 );
INSERT INTO "times" VALUES ( 19221, 12610, '15:46:00', '15:49:00', 20 );
INSERT INTO "times" VALUES ( 19221, 12620, '15:44:00', '15:44:00', 20 );
INSERT INTO "times" VALUES ( 19221, 12630, '15:42:00', '15:42:00', 20 );
INSERT INTO "times" VALUES ( 19221, 12640, '15:41:00', '15:41:00', 20 );
INSERT INTO "times" VALUES ( 19221, 12650, '15:39:00', '15:39:00', 20 );
INSERT INTO "times" VALUES ( 19221, 12660, '15:35:00', '15:37:00', 20 );
INSERT INTO "times" VALUES ( 19221, 12670, '15:32:00', '15:32:00', 20 );
INSERT INTO "times" VALUES ( 19221, 12680, '15:24:00', '15:29:00', 20 );
INSERT INTO "times" VALUES ( 19221, 12690, '15:21:00', '15:21:00', 20 );
INSERT INTO "times" VALUES ( 19221, 12700, '15:19:00', '15:19:00', 20 );
INSERT INTO "times" VALUES ( 19221, 12710, '15:17:00', '15:17:00', 20 );
INSERT INTO "times" VALUES ( 19221, 12720, '15:14:00', '15:14:00', 20 );
INSERT INTO "times" VALUES ( 19221, 12730, '15:12:00', '15:12:00', 20 );
INSERT INTO "times" VALUES ( 19221, 12740, '15:10:00', '15:10:00', 20 );
INSERT INTO "times" VALUES ( 19221, 12750, '15:06:00', '15:06:00', 20 );
INSERT INTO "times" VALUES ( 19221, 12760, '15:04:00', '15:04:00', 20 );
INSERT INTO "times" VALUES ( 19221, 12770, '15:00:00', '15:00:00', 20 );
INSERT INTO "times" VALUES ( 19221, 12780, '14:55:00', '14:55:00', 20 );
INSERT INTO "times" VALUES ( 19221, 12790, '14:53:00', '14:53:00', 20 );
INSERT INTO "times" VALUES ( 19221, 12800, '14:48:00', '14:51:00', 20 );
INSERT INTO "times" VALUES ( 19221, 12810, '14:46:00', '14:46:00', 20 );
INSERT INTO "times" VALUES ( 19221, 12820, '14:44:00', '14:44:00', 20 );
INSERT INTO "times" VALUES ( 19221, 12830, '14:43:00', '14:43:00', 20 );
INSERT INTO "times" VALUES ( 19221, 12840, '14:41:00', '14:41:00', 20 );
INSERT INTO "times" VALUES ( 19221, 12850, '14:39:00', '14:39:00', 20 );
INSERT INTO "times" VALUES ( 19221, 12860, '14:38:00', '14:38:00', 20 );
INSERT INTO "times" VALUES ( 19221, 12870, '14:36:00', '14:36:00', 20 );
INSERT INTO "times" VALUES ( 19221, 12880, '14:34:00', '14:34:00', 20 );
INSERT INTO "times" VALUES ( 19221, 12890, '14:32:00', '14:32:00', 20 );
INSERT INTO "times" VALUES ( 19221, 12900, '14:27:00', '14:31:00', 20 );
INSERT INTO "times" VALUES ( 19221, 13510, '14:25:00', '14:25:00', 30 );
INSERT INTO "times" VALUES ( 19221, 13520, NULL, '14:23:00', 30 );

INSERT INTO "dias" VALUES ( 19222, 100, FALSE, TRUE, 'Q1404Z', 11510, 13520 );
INSERT INTO "dias_line_groups" VALUES ( 19222, 10 );
INSERT INTO "times" VALUES ( 19222, 11510, NULL, '14:44:00', 10 );
INSERT INTO "times" VALUES ( 19222, 11520, '14:45:00', '14:45:00', 10 );
INSERT INTO "times" VALUES ( 19222, 11530, '14:47:00', '14:47:00', 10 );
INSERT INTO "times" VALUES ( 19222, 11540, '14:49:00', '14:49:00', 10 );
INSERT INTO "times" VALUES ( 19222, 12530, '14:51:00', '14:52:00', 20 );
INSERT INTO "times" VALUES ( 19222, 12540, '14:54:00', '15:01:00', 20 );
INSERT INTO "times" VALUES ( 19222, 12550, '15:03:00', '15:03:00', 20 );
INSERT INTO "times" VALUES ( 19222, 12560, '15:05:00', '15:05:00', 20 );
INSERT INTO "times" VALUES ( 19222, 12570, '15:06:00', '15:06:00', 20 );
INSERT INTO "times" VALUES ( 19222, 12580, '15:08:00', '15:08:00', 20 );
INSERT INTO "times" VALUES ( 19222, 12590, '15:09:00', '15:09:00', 20 );
INSERT INTO "times" VALUES ( 19222, 12600, '15:10:00', '15:10:00', 20 );
INSERT INTO "times" VALUES ( 19222, 12610, '15:12:00', '15:15:00', 20 );
INSERT INTO "times" VALUES ( 19222, 12620, '15:17:00', '15:17:00', 20 );
INSERT INTO "times" VALUES ( 19222, 12630, '15:18:00', '15:18:00', 20 );
INSERT INTO "times" VALUES ( 19222, 12640, '15:20:00', '15:20:00', 20 );
INSERT INTO "times" VALUES ( 19222, 12650, '15:22:00', '15:22:00', 20 );
INSERT INTO "times" VALUES ( 19222, 12660, '15:24:00', '15:26:00', 20 );
INSERT INTO "times" VALUES ( 19222, 12670, '15:29:00', '15:29:00', 20 );
INSERT INTO "times" VALUES ( 19222, 12680, '15:31:00', '15:32:00', 20 );
INSERT INTO "times" VALUES ( 19222, 12690, '15:34:00', '15:34:00', 20 );
INSERT INTO "times" VALUES ( 19222, 12700, '15:36:00', '15:36:00', 20 );
INSERT INTO "times" VALUES ( 19222, 12710, '15:38:00', '15:44:00', 20 );
INSERT INTO "times" VALUES ( 19222, 12720, '15:46:00', '15:46:00', 20 );
INSERT INTO "times" VALUES ( 19222, 12730, '15:48:00', '15:48:00', 20 );
INSERT INTO "times" VALUES ( 19222, 12740, '15:51:00', '15:52:00', 20 );
INSERT INTO "times" VALUES ( 19222, 12750, '15:55:00', '15:55:00', 20 );
INSERT INTO "times" VALUES ( 19222, 12760, '15:58:00', '15:58:00', 20 );
INSERT INTO "times" VALUES ( 19222, 12770, '16:02:00', '16:02:00', 20 );
INSERT INTO "times" VALUES ( 19222, 12780, '16:06:00', '16:06:00', 20 );
INSERT INTO "times" VALUES ( 19222, 12790, '16:07:00', '16:07:00', 20 );
INSERT INTO "times" VALUES ( 19222, 12800, '16:09:00', '16:13:00', 20 );
INSERT INTO "times" VALUES ( 19222, 12810, '16:15:00', '16:15:00', 20 );
INSERT INTO "times" VALUES ( 19222, 12820, '16:16:00', '16:16:00', 20 );
INSERT INTO "times" VALUES ( 19222, 12830, '16:18:00', '16:18:00', 20 );
INSERT INTO "times" VALUES ( 19222, 12840, '16:19:00', '16:19:00', 20 );
INSERT INTO "times" VALUES ( 19222, 12850, '16:21:00', '16:21:00', 20 );
INSERT INTO "times" VALUES ( 19222, 12860, '16:22:00', '16:22:00', 20 );
INSERT INTO "times" VALUES ( 19222, 12870, '16:24:00', '16:24:00', 20 );
INSERT INTO "times" VALUES ( 19222, 12880, '16:26:00', '16:26:00', 20 );
INSERT INTO "times" VALUES ( 19222, 12890, '16:28:00', '16:28:00', 20 );
INSERT INTO "times" VALUES ( 19222, 12900, '16:29:00', '16:33:00', 20 );
INSERT INTO "times" VALUES ( 19222, 13510, '16:34:00', '16:34:00', 30 );
INSERT INTO "times" VALUES ( 19222, 13520, '16:37:00', NULL, NULL );

INSERT INTO "dias" VALUES ( 19223, 100, FALSE, TRUE, 'Q1405B', 13520, 11510 );
INSERT INTO "dias_line_groups" VALUES ( 19223, 10 );
INSERT INTO "times" VALUES ( 19223, 11510, '16:27:00', NULL, NULL );
INSERT INTO "times" VALUES ( 19223, 11520, '16:24:00', '16:24:00', 10 );
INSERT INTO "times" VALUES ( 19223, 11530, '16:23:00', '16:23:00', 10 );
INSERT INTO "times" VALUES ( 19223, 11540, '16:21:00', '16:21:00', 10 );
INSERT INTO "times" VALUES ( 19223, 12530, '16:18:00', '16:20:00', 10 );
INSERT INTO "times" VALUES ( 19223, 12540, '16:10:00', '16:16:00', 20 );
INSERT INTO "times" VALUES ( 19223, 12550, '16:08:00', '16:08:00', 20 );
INSERT INTO "times" VALUES ( 19223, 12560, '16:06:00', '16:06:00', 20 );
INSERT INTO "times" VALUES ( 19223, 12570, '16:04:00', '16:04:00', 20 );
INSERT INTO "times" VALUES ( 19223, 12580, '16:03:00', '16:03:00', 20 );
INSERT INTO "times" VALUES ( 19223, 12590, '16:02:00', '16:02:00', 20 );
INSERT INTO "times" VALUES ( 19223, 12600, '16:00:00', '16:00:00', 20 );
INSERT INTO "times" VALUES ( 19223, 12610, '15:56:00', '15:59:00', 20 );
INSERT INTO "times" VALUES ( 19223, 12620, '15:54:00', '15:54:00', 20 );
INSERT INTO "times" VALUES ( 19223, 12630, '15:52:00', '15:52:00', 20 );
INSERT INTO "times" VALUES ( 19223, 12640, '15:51:00', '15:51:00', 20 );
INSERT INTO "times" VALUES ( 19223, 12650, '15:49:00', '15:49:00', 20 );
INSERT INTO "times" VALUES ( 19223, 12660, '15:45:00', '15:47:00', 20 );
INSERT INTO "times" VALUES ( 19223, 12670, '15:42:00', '15:42:00', 20 );
INSERT INTO "times" VALUES ( 19223, 12680, '15:39:00', '15:40:00', 20 );
INSERT INTO "times" VALUES ( 19223, 12690, '15:37:00', '15:37:00', 20 );
INSERT INTO "times" VALUES ( 19223, 12700, '15:34:00', '15:34:00', 20 );
INSERT INTO "times" VALUES ( 19223, 12710, '15:27:00', '15:32:00', 20 );
INSERT INTO "times" VALUES ( 19223, 12720, '15:24:00', '15:24:00', 20 );
INSERT INTO "times" VALUES ( 19223, 12730, '15:22:00', '15:22:00', 20 );
INSERT INTO "times" VALUES ( 19223, 12740, '15:20:00', '15:20:00', 20 );
INSERT INTO "times" VALUES ( 19223, 12750, '15:16:00', '15:16:00', 20 );
INSERT INTO "times" VALUES ( 19223, 12760, '15:14:00', '15:14:00', 20 );
INSERT INTO "times" VALUES ( 19223, 12770, '15:10:00', '15:10:00', 20 );
INSERT INTO "times" VALUES ( 19223, 12780, '15:05:00', '15:05:00', 20 );
INSERT INTO "times" VALUES ( 19223, 12790, '15:03:00', '15:03:00', 20 );
INSERT INTO "times" VALUES ( 19223, 12800, '14:58:00', '15:01:00', 20 );
INSERT INTO "times" VALUES ( 19223, 12810, '14:56:00', '14:56:00', 20 );
INSERT INTO "times" VALUES ( 19223, 12820, '14:54:00', '14:54:00', 20 );
INSERT INTO "times" VALUES ( 19223, 12830, '14:53:00', '14:53:00', 20 );
INSERT INTO "times" VALUES ( 19223, 12840, '14:51:00', '14:51:00', 20 );
INSERT INTO "times" VALUES ( 19223, 12850, '14:49:00', '14:49:00', 20 );
INSERT INTO "times" VALUES ( 19223, 12860, '14:48:00', '14:48:00', 20 );
INSERT INTO "times" VALUES ( 19223, 12870, '14:46:00', '14:46:00', 20 );
INSERT INTO "times" VALUES ( 19223, 12880, '14:44:00', '14:44:00', 20 );
INSERT INTO "times" VALUES ( 19223, 12890, '14:42:00', '14:42:00', 20 );
INSERT INTO "times" VALUES ( 19223, 12900, '14:37:00', '14:41:00', 20 );
INSERT INTO "times" VALUES ( 19223, 13510, '14:35:00', '14:35:00', 30 );
INSERT INTO "times" VALUES ( 19223, 13520, NULL, '14:33:00', 30 );

INSERT INTO "dias" VALUES ( 19224, 100, FALSE, TRUE, 'Q1406Z', 11510, 13520 );
INSERT INTO "dias_line_groups" VALUES ( 19224, 10 );
INSERT INTO "times" VALUES ( 19224, 11510, NULL, '14:54:00', 10 );
INSERT INTO "times" VALUES ( 19224, 11520, '14:55:00', '14:55:00', 10 );
INSERT INTO "times" VALUES ( 19224, 11530, '14:57:00', '14:57:00', 10 );
INSERT INTO "times" VALUES ( 19224, 11540, '14:59:00', '14:59:00', 10 );
INSERT INTO "times" VALUES ( 19224, 12530, '15:01:00', '15:02:00', 20 );
INSERT INTO "times" VALUES ( 19224, 12540, '15:04:00', '15:11:00', 20 );
INSERT INTO "times" VALUES ( 19224, 12550, '15:13:00', '15:13:00', 20 );
INSERT INTO "times" VALUES ( 19224, 12560, '15:15:00', '15:15:00', 20 );
INSERT INTO "times" VALUES ( 19224, 12570, '15:16:00', '15:16:00', 20 );
INSERT INTO "times" VALUES ( 19224, 12580, '15:18:00', '15:18:00', 20 );
INSERT INTO "times" VALUES ( 19224, 12590, '15:19:00', '15:19:00', 20 );
INSERT INTO "times" VALUES ( 19224, 12600, '15:20:00', '15:20:00', 20 );
INSERT INTO "times" VALUES ( 19224, 12610, '15:22:00', '15:25:00', 20 );
INSERT INTO "times" VALUES ( 19224, 12620, '15:27:00', '15:27:00', 20 );
INSERT INTO "times" VALUES ( 19224, 12630, '15:28:00', '15:28:00', 20 );
INSERT INTO "times" VALUES ( 19224, 12640, '15:30:00', '15:30:00', 20 );
INSERT INTO "times" VALUES ( 19224, 12650, '15:32:00', '15:32:00', 20 );
INSERT INTO "times" VALUES ( 19224, 12660, '15:34:00', '15:35:00', 20 );
INSERT INTO "times" VALUES ( 19224, 12670, '15:38:00', '15:38:00', 20 );
INSERT INTO "times" VALUES ( 19224, 12680, '15:42:00', '15:48:00', 20 );
INSERT INTO "times" VALUES ( 19224, 12690, '15:50:00', '15:50:00', 20 );
INSERT INTO "times" VALUES ( 19224, 12700, '15:52:00', '15:52:00', 20 );
INSERT INTO "times" VALUES ( 19224, 12710, '15:55:00', '15:55:00', 20 );
INSERT INTO "times" VALUES ( 19224, 12720, '15:56:00', '15:56:00', 20 );
INSERT INTO "times" VALUES ( 19224, 12730, '15:59:00', '15:59:00', 20 );
INSERT INTO "times" VALUES ( 19224, 12740, '16:02:00', '16:02:00', 20 );
INSERT INTO "times" VALUES ( 19224, 12750, '16:05:00', '16:05:00', 20 );
INSERT INTO "times" VALUES ( 19224, 12760, '16:08:00', '16:08:00', 20 );
INSERT INTO "times" VALUES ( 19224, 12770, '16:12:00', '16:12:00', 20 );
INSERT INTO "times" VALUES ( 19224, 12780, '16:16:00', '16:16:00', 20 );
INSERT INTO "times" VALUES ( 19224, 12790, '16:17:00', '16:17:00', 20 );
INSERT INTO "times" VALUES ( 19224, 12800, '16:19:00', '16:23:00', 20 );
INSERT INTO "times" VALUES ( 19224, 12810, '16:25:00', '16:25:00', 20 );
INSERT INTO "times" VALUES ( 19224, 12820, '16:26:00', '16:26:00', 20 );
INSERT INTO "times" VALUES ( 19224, 12830, '16:28:00', '16:28:00', 20 );
INSERT INTO "times" VALUES ( 19224, 12840, '16:29:00', '16:29:00', 20 );
INSERT INTO "times" VALUES ( 19224, 12850, '16:31:00', '16:31:00', 20 );
INSERT INTO "times" VALUES ( 19224, 12860, '16:32:00', '16:32:00', 20 );
INSERT INTO "times" VALUES ( 19224, 12870, '16:34:00', '16:34:00', 20 );
INSERT INTO "times" VALUES ( 19224, 12880, '16:36:00', '16:36:00', 20 );
INSERT INTO "times" VALUES ( 19224, 12890, '16:38:00', '16:38:00', 20 );
INSERT INTO "times" VALUES ( 19224, 12900, '16:39:00', '16:44:00', 20 );
INSERT INTO "times" VALUES ( 19224, 13510, '16:46:00', '16:46:00', 30 );
INSERT INTO "times" VALUES ( 19224, 13520, '16:49:00', NULL, NULL );

INSERT INTO "dias" VALUES ( 19225, 100, FALSE, TRUE, 'Q1407B', 13520, 11510 );
INSERT INTO "dias_line_groups" VALUES ( 19225, 10 );
INSERT INTO "times" VALUES ( 19225, 11510, '16:48:00', NULL, NULL );
INSERT INTO "times" VALUES ( 19225, 11520, '16:45:00', '16:45:00', 10 );
INSERT INTO "times" VALUES ( 19225, 11530, '16:44:00', '16:44:00', 10 );
INSERT INTO "times" VALUES ( 19225, 11540, '16:42:00', '16:42:00', 10 );
INSERT INTO "times" VALUES ( 19225, 12530, '16:41:00', '16:41:00', 10 );
INSERT INTO "times" VALUES ( 19225, 12540, '16:31:00', '16:38:00', 20 );
INSERT INTO "times" VALUES ( 19225, 12550, '16:28:00', '16:28:00', 20 );
INSERT INTO "times" VALUES ( 19225, 12560, '16:26:00', '16:26:00', 20 );
INSERT INTO "times" VALUES ( 19225, 12570, '16:25:00', '16:25:00', 20 );
INSERT INTO "times" VALUES ( 19225, 12580, '16:23:00', '16:23:00', 20 );
INSERT INTO "times" VALUES ( 19225, 12590, '16:22:00', '16:22:00', 20 );
INSERT INTO "times" VALUES ( 19225, 12600, '16:21:00', '16:21:00', 20 );
INSERT INTO "times" VALUES ( 19225, 12610, '16:15:00', '16:20:00', 20 );
INSERT INTO "times" VALUES ( 19225, 12620, '16:13:00', '16:13:00', 20 );
INSERT INTO "times" VALUES ( 19225, 12630, '16:11:00', '16:11:00', 20 );
INSERT INTO "times" VALUES ( 19225, 12640, '16:10:00', '16:10:00', 20 );
INSERT INTO "times" VALUES ( 19225, 12650, '16:08:00', '16:08:00', 20 );
INSERT INTO "times" VALUES ( 19225, 12660, '16:05:00', '16:06:00', 20 );
INSERT INTO "times" VALUES ( 19225, 12670, '16:02:00', '16:02:00', 20 );
INSERT INTO "times" VALUES ( 19225, 12680, '15:54:00', '15:59:00', 20 );
INSERT INTO "times" VALUES ( 19225, 12690, '15:51:00', '15:51:00', 20 );
INSERT INTO "times" VALUES ( 19225, 12700, '15:49:00', '15:49:00', 20 );
INSERT INTO "times" VALUES ( 19225, 12710, '15:47:00', '15:47:00', 20 );
INSERT INTO "times" VALUES ( 19225, 12720, '15:44:00', '15:44:00', 20 );
INSERT INTO "times" VALUES ( 19225, 12730, '15:42:00', '15:42:00', 20 );
INSERT INTO "times" VALUES ( 19225, 12740, '15:40:00', '15:40:00', 20 );
INSERT INTO "times" VALUES ( 19225, 12750, '15:36:00', '15:36:00', 20 );
INSERT INTO "times" VALUES ( 19225, 12760, '15:34:00', '15:34:00', 20 );
INSERT INTO "times" VALUES ( 19225, 12770, '15:30:00', '15:30:00', 20 );
INSERT INTO "times" VALUES ( 19225, 12780, '15:25:00', '15:25:00', 20 );
INSERT INTO "times" VALUES ( 19225, 12790, '15:23:00', '15:23:00', 20 );
INSERT INTO "times" VALUES ( 19225, 12800, '15:18:00', '15:21:00', 20 );
INSERT INTO "times" VALUES ( 19225, 12810, '15:16:00', '15:16:00', 20 );
INSERT INTO "times" VALUES ( 19225, 12820, '15:14:00', '15:14:00', 20 );
INSERT INTO "times" VALUES ( 19225, 12830, '15:13:00', '15:13:00', 20 );
INSERT INTO "times" VALUES ( 19225, 12840, '15:11:00', '15:11:00', 20 );
INSERT INTO "times" VALUES ( 19225, 12850, '15:09:00', '15:09:00', 20 );
INSERT INTO "times" VALUES ( 19225, 12860, '15:08:00', '15:08:00', 20 );
INSERT INTO "times" VALUES ( 19225, 12870, '15:06:00', '15:06:00', 20 );
INSERT INTO "times" VALUES ( 19225, 12880, '15:04:00', '15:04:00', 20 );
INSERT INTO "times" VALUES ( 19225, 12890, '15:02:00', '15:02:00', 20 );
INSERT INTO "times" VALUES ( 19225, 12900, '14:57:00', '15:01:00', 20 );
INSERT INTO "times" VALUES ( 19225, 13510, '14:55:00', '14:55:00', 30 );
INSERT INTO "times" VALUES ( 19225, 13520, NULL, '14:53:00', 30 );

INSERT INTO "dias" VALUES ( 19226, 100, FALSE, TRUE, 'Q1500Z', 11510, 13520 );
INSERT INTO "dias_line_groups" VALUES ( 19226, 10 );
INSERT INTO "times" VALUES ( 19226, 11510, NULL, '15:24:00', 10 );
INSERT INTO "times" VALUES ( 19226, 11520, '15:25:00', '15:25:00', 10 );
INSERT INTO "times" VALUES ( 19226, 11530, '15:27:00', '15:27:00', 10 );
INSERT INTO "times" VALUES ( 19226, 11540, '15:29:00', '15:29:00', 10 );
INSERT INTO "times" VALUES ( 19226, 12530, '15:31:00', '15:32:00', 20 );
INSERT INTO "times" VALUES ( 19226, 12540, '15:34:00', '15:41:00', 20 );
INSERT INTO "times" VALUES ( 19226, 12550, '15:43:00', '15:43:00', 20 );
INSERT INTO "times" VALUES ( 19226, 12560, '15:45:00', '15:45:00', 20 );
INSERT INTO "times" VALUES ( 19226, 12570, '15:46:00', '15:46:00', 20 );
INSERT INTO "times" VALUES ( 19226, 12580, '15:48:00', '15:48:00', 20 );
INSERT INTO "times" VALUES ( 19226, 12590, '15:49:00', '15:49:00', 20 );
INSERT INTO "times" VALUES ( 19226, 12600, '15:50:00', '15:50:00', 20 );
INSERT INTO "times" VALUES ( 19226, 12610, '15:52:00', '15:55:00', 20 );
INSERT INTO "times" VALUES ( 19226, 12620, '15:57:00', '15:57:00', 20 );
INSERT INTO "times" VALUES ( 19226, 12630, '15:58:00', '15:58:00', 20 );
INSERT INTO "times" VALUES ( 19226, 12640, '16:00:00', '16:00:00', 20 );
INSERT INTO "times" VALUES ( 19226, 12650, '16:02:00', '16:02:00', 20 );
INSERT INTO "times" VALUES ( 19226, 12660, '16:04:00', '16:05:00', 20 );
INSERT INTO "times" VALUES ( 19226, 12670, '16:08:00', '16:08:00', 20 );
INSERT INTO "times" VALUES ( 19226, 12680, '16:11:00', '16:18:00', 20 );
INSERT INTO "times" VALUES ( 19226, 12690, '16:20:00', '16:20:00', 20 );
INSERT INTO "times" VALUES ( 19226, 12700, '16:22:00', '16:22:00', 20 );
INSERT INTO "times" VALUES ( 19226, 12710, '16:25:00', '16:25:00', 20 );
INSERT INTO "times" VALUES ( 19226, 12720, '16:26:00', '16:26:00', 20 );
INSERT INTO "times" VALUES ( 19226, 12730, '16:29:00', '16:29:00', 20 );
INSERT INTO "times" VALUES ( 19226, 12740, '16:32:00', '16:32:00', 20 );
INSERT INTO "times" VALUES ( 19226, 12750, '16:35:00', '16:35:00', 20 );
INSERT INTO "times" VALUES ( 19226, 12760, '16:38:00', '16:38:00', 20 );
INSERT INTO "times" VALUES ( 19226, 12770, '16:42:00', '16:42:00', 20 );
INSERT INTO "times" VALUES ( 19226, 12780, '16:46:00', '16:46:00', 20 );
INSERT INTO "times" VALUES ( 19226, 12790, '16:47:00', '16:47:00', 20 );
INSERT INTO "times" VALUES ( 19226, 12800, '16:49:00', '16:53:00', 20 );
INSERT INTO "times" VALUES ( 19226, 12810, '16:55:00', '16:55:00', 20 );
INSERT INTO "times" VALUES ( 19226, 12820, '16:56:00', '16:56:00', 20 );
INSERT INTO "times" VALUES ( 19226, 12830, '16:58:00', '16:58:00', 20 );
INSERT INTO "times" VALUES ( 19226, 12840, '16:59:00', '16:59:00', 20 );
INSERT INTO "times" VALUES ( 19226, 12850, '17:01:00', '17:01:00', 20 );
INSERT INTO "times" VALUES ( 19226, 12860, '17:02:00', '17:02:00', 20 );
INSERT INTO "times" VALUES ( 19226, 12870, '17:04:00', '17:04:00', 20 );
INSERT INTO "times" VALUES ( 19226, 12880, '17:06:00', '17:06:00', 20 );
INSERT INTO "times" VALUES ( 19226, 12890, '17:08:00', '17:08:00', 20 );
INSERT INTO "times" VALUES ( 19226, 12900, '17:09:00', '17:14:00', 20 );
INSERT INTO "times" VALUES ( 19226, 13510, '17:16:00', '17:16:00', 30 );
INSERT INTO "times" VALUES ( 19226, 13520, '17:19:00', NULL, NULL );

INSERT INTO "dias" VALUES ( 19227, 100, FALSE, TRUE, 'Q1501B', 13520, 11510 );
INSERT INTO "dias_line_groups" VALUES ( 19227, 10 );
INSERT INTO "times" VALUES ( 19227, 11510, '16:57:00', NULL, NULL );
INSERT INTO "times" VALUES ( 19227, 11520, '16:54:00', '16:54:00', 10 );
INSERT INTO "times" VALUES ( 19227, 11530, '16:53:00', '16:53:00', 10 );
INSERT INTO "times" VALUES ( 19227, 11540, '16:51:00', '16:51:00', 10 );
INSERT INTO "times" VALUES ( 19227, 12530, '16:50:00', '16:50:00', 10 );
INSERT INTO "times" VALUES ( 19227, 12540, '16:41:00', '16:47:00', 20 );
INSERT INTO "times" VALUES ( 19227, 12550, '16:39:00', '16:39:00', 20 );
INSERT INTO "times" VALUES ( 19227, 12560, '16:37:00', '16:37:00', 20 );
INSERT INTO "times" VALUES ( 19227, 12570, '16:35:00', '16:35:00', 20 );
INSERT INTO "times" VALUES ( 19227, 12580, '16:34:00', '16:34:00', 20 );
INSERT INTO "times" VALUES ( 19227, 12590, '16:33:00', '16:33:00', 20 );
INSERT INTO "times" VALUES ( 19227, 12600, '16:31:00', '16:31:00', 20 );
INSERT INTO "times" VALUES ( 19227, 12610, '16:26:00', '16:30:00', 20 );
INSERT INTO "times" VALUES ( 19227, 12620, '16:24:00', '16:24:00', 20 );
INSERT INTO "times" VALUES ( 19227, 12630, '16:22:00', '16:22:00', 20 );
INSERT INTO "times" VALUES ( 19227, 12640, '16:21:00', '16:21:00', 20 );
INSERT INTO "times" VALUES ( 19227, 12650, '16:19:00', '16:19:00', 20 );
INSERT INTO "times" VALUES ( 19227, 12660, '16:15:00', '16:17:00', 20 );
INSERT INTO "times" VALUES ( 19227, 12670, '16:12:00', '16:12:00', 20 );
INSERT INTO "times" VALUES ( 19227, 12680, '16:08:00', '16:09:00', 20 );
INSERT INTO "times" VALUES ( 19227, 12690, '16:06:00', '16:06:00', 20 );
INSERT INTO "times" VALUES ( 19227, 12700, '16:04:00', '16:04:00', 20 );
INSERT INTO "times" VALUES ( 19227, 12710, '15:57:00', '16:02:00', 20 );
INSERT INTO "times" VALUES ( 19227, 12720, '15:54:00', '15:54:00', 20 );
INSERT INTO "times" VALUES ( 19227, 12730, '15:52:00', '15:52:00', 20 );
INSERT INTO "times" VALUES ( 19227, 12740, '15:50:00', '15:50:00', 20 );
INSERT INTO "times" VALUES ( 19227, 12750, '15:46:00', '15:46:00', 20 );
INSERT INTO "times" VALUES ( 19227, 12760, '15:44:00', '15:44:00', 20 );
INSERT INTO "times" VALUES ( 19227, 12770, '15:40:00', '15:40:00', 20 );
INSERT INTO "times" VALUES ( 19227, 12780, '15:35:00', '15:35:00', 20 );
INSERT INTO "times" VALUES ( 19227, 12790, '15:33:00', '15:33:00', 20 );
INSERT INTO "times" VALUES ( 19227, 12800, '15:28:00', '15:31:00', 20 );
INSERT INTO "times" VALUES ( 19227, 12810, '15:26:00', '15:26:00', 20 );
INSERT INTO "times" VALUES ( 19227, 12820, '15:24:00', '15:24:00', 20 );
INSERT INTO "times" VALUES ( 19227, 12830, '15:23:00', '15:23:00', 20 );
INSERT INTO "times" VALUES ( 19227, 12840, '15:21:00', '15:21:00', 20 );
INSERT INTO "times" VALUES ( 19227, 12850, '15:19:00', '15:19:00', 20 );
INSERT INTO "times" VALUES ( 19227, 12860, '15:18:00', '15:18:00', 20 );
INSERT INTO "times" VALUES ( 19227, 12870, '15:16:00', '15:16:00', 20 );
INSERT INTO "times" VALUES ( 19227, 12880, '15:14:00', '15:14:00', 20 );
INSERT INTO "times" VALUES ( 19227, 12890, '15:12:00', '15:12:00', 20 );
INSERT INTO "times" VALUES ( 19227, 12900, '15:07:00', '15:11:00', 20 );
INSERT INTO "times" VALUES ( 19227, 13510, '15:05:00', '15:05:00', 30 );
INSERT INTO "times" VALUES ( 19227, 13520, NULL, '15:03:00', 30 );

INSERT INTO "dias" VALUES ( 19228, 100, FALSE, TRUE, 'Q1502Z', 11510, 13520 );
INSERT INTO "dias_line_groups" VALUES ( 19228, 10 );
INSERT INTO "times" VALUES ( 19228, 11510, NULL, '15:54:00', 10 );
INSERT INTO "times" VALUES ( 19228, 11520, '15:55:00', '15:55:00', 10 );
INSERT INTO "times" VALUES ( 19228, 11530, '15:57:00', '15:57:00', 10 );
INSERT INTO "times" VALUES ( 19228, 11540, '15:59:00', '15:59:00', 10 );
INSERT INTO "times" VALUES ( 19228, 12530, '16:01:00', '16:02:00', 20 );
INSERT INTO "times" VALUES ( 19228, 12540, '16:04:00', '16:11:00', 20 );
INSERT INTO "times" VALUES ( 19228, 12550, '16:13:00', '16:13:00', 20 );
INSERT INTO "times" VALUES ( 19228, 12560, '16:15:00', '16:15:00', 20 );
INSERT INTO "times" VALUES ( 19228, 12570, '16:16:00', '16:16:00', 20 );
INSERT INTO "times" VALUES ( 19228, 12580, '16:18:00', '16:18:00', 20 );
INSERT INTO "times" VALUES ( 19228, 12590, '16:19:00', '16:19:00', 20 );
INSERT INTO "times" VALUES ( 19228, 12600, '16:20:00', '16:20:00', 20 );
INSERT INTO "times" VALUES ( 19228, 12610, '16:22:00', '16:25:00', 20 );
INSERT INTO "times" VALUES ( 19228, 12620, '16:27:00', '16:27:00', 20 );
INSERT INTO "times" VALUES ( 19228, 12630, '16:28:00', '16:28:00', 20 );
INSERT INTO "times" VALUES ( 19228, 12640, '16:30:00', '16:30:00', 20 );
INSERT INTO "times" VALUES ( 19228, 12650, '16:32:00', '16:32:00', 20 );
INSERT INTO "times" VALUES ( 19228, 12660, '16:34:00', '16:35:00', 20 );
INSERT INTO "times" VALUES ( 19228, 12670, '16:38:00', '16:38:00', 20 );
INSERT INTO "times" VALUES ( 19228, 12680, '16:41:00', '16:48:00', 20 );
INSERT INTO "times" VALUES ( 19228, 12690, '16:50:00', '16:50:00', 20 );
INSERT INTO "times" VALUES ( 19228, 12700, '16:52:00', '16:52:00', 20 );
INSERT INTO "times" VALUES ( 19228, 12710, '16:55:00', '16:55:00', 20 );
INSERT INTO "times" VALUES ( 19228, 12720, '16:56:00', '16:56:00', 20 );
INSERT INTO "times" VALUES ( 19228, 12730, '16:59:00', '16:59:00', 20 );
INSERT INTO "times" VALUES ( 19228, 12740, '17:02:00', '17:02:00', 20 );
INSERT INTO "times" VALUES ( 19228, 12750, '17:05:00', '17:05:00', 20 );
INSERT INTO "times" VALUES ( 19228, 12760, '17:08:00', '17:08:00', 20 );
INSERT INTO "times" VALUES ( 19228, 12770, '17:12:00', '17:12:00', 20 );
INSERT INTO "times" VALUES ( 19228, 12780, '17:16:00', '17:16:00', 20 );
INSERT INTO "times" VALUES ( 19228, 12790, '17:17:00', '17:17:00', 20 );
INSERT INTO "times" VALUES ( 19228, 12800, '17:19:00', '17:23:00', 20 );
INSERT INTO "times" VALUES ( 19228, 12810, '17:25:00', '17:25:00', 20 );
INSERT INTO "times" VALUES ( 19228, 12820, '17:26:00', '17:26:00', 20 );
INSERT INTO "times" VALUES ( 19228, 12830, '17:28:00', '17:28:00', 20 );
INSERT INTO "times" VALUES ( 19228, 12840, '17:29:00', '17:29:00', 20 );
INSERT INTO "times" VALUES ( 19228, 12850, '17:31:00', '17:31:00', 20 );
INSERT INTO "times" VALUES ( 19228, 12860, '17:32:00', '17:32:00', 20 );
INSERT INTO "times" VALUES ( 19228, 12870, '17:34:00', '17:34:00', 20 );
INSERT INTO "times" VALUES ( 19228, 12880, '17:36:00', '17:36:00', 20 );
INSERT INTO "times" VALUES ( 19228, 12890, '17:38:00', '17:38:00', 20 );
INSERT INTO "times" VALUES ( 19228, 12900, '17:39:00', '17:44:00', 20 );
INSERT INTO "times" VALUES ( 19228, 13510, '17:45:00', '17:45:00', 30 );
INSERT INTO "times" VALUES ( 19228, 13520, '17:48:00', NULL, NULL );

INSERT INTO "dias" VALUES ( 19229, 100, FALSE, TRUE, 'Q1503B', 13520, 11510 );
INSERT INTO "dias_line_groups" VALUES ( 19229, 10 );
INSERT INTO "times" VALUES ( 19229, 11510, '17:27:00', NULL, NULL );
INSERT INTO "times" VALUES ( 19229, 11520, '17:24:00', '17:24:00', 10 );
INSERT INTO "times" VALUES ( 19229, 11530, '17:23:00', '17:23:00', 10 );
INSERT INTO "times" VALUES ( 19229, 11540, '17:21:00', '17:21:00', 10 );
INSERT INTO "times" VALUES ( 19229, 12530, '17:20:00', '17:20:00', 10 );
INSERT INTO "times" VALUES ( 19229, 12540, '17:10:00', '17:17:00', 20 );
INSERT INTO "times" VALUES ( 19229, 12550, '17:08:00', '17:08:00', 20 );
INSERT INTO "times" VALUES ( 19229, 12560, '17:06:00', '17:06:00', 20 );
INSERT INTO "times" VALUES ( 19229, 12570, '17:04:00', '17:04:00', 20 );
INSERT INTO "times" VALUES ( 19229, 12580, '17:03:00', '17:03:00', 20 );
INSERT INTO "times" VALUES ( 19229, 12590, '17:02:00', '17:02:00', 20 );
INSERT INTO "times" VALUES ( 19229, 12600, '17:00:00', '17:00:00', 20 );
INSERT INTO "times" VALUES ( 19229, 12610, '16:55:00', '16:59:00', 20 );
INSERT INTO "times" VALUES ( 19229, 12620, '16:53:00', '16:53:00', 20 );
INSERT INTO "times" VALUES ( 19229, 12630, '16:51:00', '16:51:00', 20 );
INSERT INTO "times" VALUES ( 19229, 12640, '16:49:00', '16:49:00', 20 );
INSERT INTO "times" VALUES ( 19229, 12650, '16:48:00', '16:48:00', 20 );
INSERT INTO "times" VALUES ( 19229, 12660, '16:44:00', '16:46:00', 20 );
INSERT INTO "times" VALUES ( 19229, 12670, '16:42:00', '16:42:00', 20 );
INSERT INTO "times" VALUES ( 19229, 12680, '16:39:00', '16:39:00', 20 );
INSERT INTO "times" VALUES ( 19229, 12690, '16:36:00', '16:36:00', 20 );
INSERT INTO "times" VALUES ( 19229, 12700, '16:34:00', '16:34:00', 20 );
INSERT INTO "times" VALUES ( 19229, 12710, '16:29:00', '16:32:00', 20 );
INSERT INTO "times" VALUES ( 19229, 12720, '16:26:00', '16:26:00', 20 );
INSERT INTO "times" VALUES ( 19229, 12730, '16:24:00', '16:24:00', 20 );
INSERT INTO "times" VALUES ( 19229, 12740, '16:21:00', '16:21:00', 20 );
INSERT INTO "times" VALUES ( 19229, 12750, '16:18:00', '16:18:00', 20 );
INSERT INTO "times" VALUES ( 19229, 12760, '16:16:00', '16:16:00', 20 );
INSERT INTO "times" VALUES ( 19229, 12770, '16:12:00', '16:12:00', 20 );
INSERT INTO "times" VALUES ( 19229, 12780, '16:07:00', '16:07:00', 20 );
INSERT INTO "times" VALUES ( 19229, 12790, '16:05:00', '16:05:00', 20 );
INSERT INTO "times" VALUES ( 19229, 12800, '15:59:00', '16:03:00', 20 );
INSERT INTO "times" VALUES ( 19229, 12810, '15:57:00', '15:57:00', 20 );
INSERT INTO "times" VALUES ( 19229, 12820, '15:56:00', '15:56:00', 20 );
INSERT INTO "times" VALUES ( 19229, 12830, '15:52:00', '15:54:00', 20 );
INSERT INTO "times" VALUES ( 19229, 12840, '15:50:00', '15:50:00', 20 );
INSERT INTO "times" VALUES ( 19229, 12850, '15:48:00', '15:48:00', 20 );
INSERT INTO "times" VALUES ( 19229, 12860, '15:46:00', '15:46:00', 20 );
INSERT INTO "times" VALUES ( 19229, 12870, '15:45:00', '15:45:00', 20 );
INSERT INTO "times" VALUES ( 19229, 12880, '15:43:00', '15:43:00', 20 );
INSERT INTO "times" VALUES ( 19229, 12890, '15:41:00', '15:41:00', 20 );
INSERT INTO "times" VALUES ( 19229, 12900, '15:35:00', '15:40:00', 20 );
INSERT INTO "times" VALUES ( 19229, 13510, '15:33:00', '15:33:00', 30 );
INSERT INTO "times" VALUES ( 19229, 13520, NULL, '15:31:00', 30 );

INSERT INTO "dias" VALUES ( 19230, 100, FALSE, TRUE, 'Q1600Z', 11510, 13520 );
INSERT INTO "dias_line_groups" VALUES ( 19230, 10 );
INSERT INTO "times" VALUES ( 19230, 11510, NULL, '16:24:00', 10 );
INSERT INTO "times" VALUES ( 19230, 11520, '16:25:00', '16:25:00', 10 );
INSERT INTO "times" VALUES ( 19230, 11530, '16:27:00', '16:27:00', 10 );
INSERT INTO "times" VALUES ( 19230, 11540, '16:29:00', '16:29:00', 10 );
INSERT INTO "times" VALUES ( 19230, 12530, '16:31:00', '16:32:00', 20 );
INSERT INTO "times" VALUES ( 19230, 12540, '16:34:00', '16:41:00', 20 );
INSERT INTO "times" VALUES ( 19230, 12550, '16:43:00', '16:43:00', 20 );
INSERT INTO "times" VALUES ( 19230, 12560, '16:45:00', '16:45:00', 20 );
INSERT INTO "times" VALUES ( 19230, 12570, '16:46:00', '16:46:00', 20 );
INSERT INTO "times" VALUES ( 19230, 12580, '16:48:00', '16:48:00', 20 );
INSERT INTO "times" VALUES ( 19230, 12590, '16:49:00', '16:49:00', 20 );
INSERT INTO "times" VALUES ( 19230, 12600, '16:50:00', '16:50:00', 20 );
INSERT INTO "times" VALUES ( 19230, 12610, '16:52:00', '16:55:00', 20 );
INSERT INTO "times" VALUES ( 19230, 12620, '16:57:00', '16:57:00', 20 );
INSERT INTO "times" VALUES ( 19230, 12630, '16:58:00', '16:58:00', 20 );
INSERT INTO "times" VALUES ( 19230, 12640, '17:00:00', '17:00:00', 20 );
INSERT INTO "times" VALUES ( 19230, 12650, '17:02:00', '17:02:00', 20 );
INSERT INTO "times" VALUES ( 19230, 12660, '17:04:00', '17:05:00', 20 );
INSERT INTO "times" VALUES ( 19230, 12670, '17:08:00', '17:08:00', 20 );
INSERT INTO "times" VALUES ( 19230, 12680, '17:11:00', '17:18:00', 20 );
INSERT INTO "times" VALUES ( 19230, 12690, '17:20:00', '17:20:00', 20 );
INSERT INTO "times" VALUES ( 19230, 12700, '17:22:00', '17:22:00', 20 );
INSERT INTO "times" VALUES ( 19230, 12710, '17:25:00', '17:25:00', 20 );
INSERT INTO "times" VALUES ( 19230, 12720, '17:26:00', '17:26:00', 20 );
INSERT INTO "times" VALUES ( 19230, 12730, '17:29:00', '17:29:00', 20 );
INSERT INTO "times" VALUES ( 19230, 12740, '17:32:00', '17:32:00', 20 );
INSERT INTO "times" VALUES ( 19230, 12750, '17:35:00', '17:35:00', 20 );
INSERT INTO "times" VALUES ( 19230, 12760, '17:38:00', '17:38:00', 20 );
INSERT INTO "times" VALUES ( 19230, 12770, '17:42:00', '17:42:00', 20 );
INSERT INTO "times" VALUES ( 19230, 12780, '17:46:00', '17:46:00', 20 );
INSERT INTO "times" VALUES ( 19230, 12790, '17:47:00', '17:47:00', 20 );
INSERT INTO "times" VALUES ( 19230, 12800, '17:49:00', '17:53:00', 20 );
INSERT INTO "times" VALUES ( 19230, 12810, '17:55:00', '17:55:00', 20 );
INSERT INTO "times" VALUES ( 19230, 12820, '17:56:00', '17:56:00', 20 );
INSERT INTO "times" VALUES ( 19230, 12830, '17:58:00', '17:58:00', 20 );
INSERT INTO "times" VALUES ( 19230, 12840, '17:59:00', '17:59:00', 20 );
INSERT INTO "times" VALUES ( 19230, 12850, '18:01:00', '18:01:00', 20 );
INSERT INTO "times" VALUES ( 19230, 12860, '18:02:00', '18:02:00', 20 );
INSERT INTO "times" VALUES ( 19230, 12870, '18:04:00', '18:04:00', 20 );
INSERT INTO "times" VALUES ( 19230, 12880, '18:06:00', '18:06:00', 20 );
INSERT INTO "times" VALUES ( 19230, 12890, '18:08:00', '18:08:00', 20 );
INSERT INTO "times" VALUES ( 19230, 12900, '18:09:00', '18:13:00', 20 );
INSERT INTO "times" VALUES ( 19230, 13510, '18:15:00', '18:15:00', 30 );
INSERT INTO "times" VALUES ( 19230, 13520, '18:18:00', NULL, NULL );

INSERT INTO "dias" VALUES ( 19231, 100, FALSE, TRUE, 'Q1601B', 13520, 11510 );
INSERT INTO "dias_line_groups" VALUES ( 19231, 10 );
INSERT INTO "times" VALUES ( 19231, 11510, '17:57:00', NULL, NULL );
INSERT INTO "times" VALUES ( 19231, 11520, '17:55:00', '17:55:00', 10 );
INSERT INTO "times" VALUES ( 19231, 11530, '17:53:00', '17:53:00', 10 );
INSERT INTO "times" VALUES ( 19231, 11540, '17:52:00', '17:52:00', 10 );
INSERT INTO "times" VALUES ( 19231, 12530, '17:50:00', '17:50:00', 10 );
INSERT INTO "times" VALUES ( 19231, 12540, '17:41:00', '17:47:00', 20 );
INSERT INTO "times" VALUES ( 19231, 12550, '17:39:00', '17:39:00', 20 );
INSERT INTO "times" VALUES ( 19231, 12560, '17:37:00', '17:37:00', 20 );
INSERT INTO "times" VALUES ( 19231, 12570, '17:35:00', '17:35:00', 20 );
INSERT INTO "times" VALUES ( 19231, 12580, '17:34:00', '17:34:00', 20 );
INSERT INTO "times" VALUES ( 19231, 12590, '17:33:00', '17:33:00', 20 );
INSERT INTO "times" VALUES ( 19231, 12600, '17:31:00', '17:31:00', 20 );
INSERT INTO "times" VALUES ( 19231, 12610, '17:26:00', '17:30:00', 20 );
INSERT INTO "times" VALUES ( 19231, 12620, '17:24:00', '17:24:00', 20 );
INSERT INTO "times" VALUES ( 19231, 12630, '17:22:00', '17:22:00', 20 );
INSERT INTO "times" VALUES ( 19231, 12640, '17:21:00', '17:21:00', 20 );
INSERT INTO "times" VALUES ( 19231, 12650, '17:19:00', '17:19:00', 20 );
INSERT INTO "times" VALUES ( 19231, 12660, '17:15:00', '17:17:00', 20 );
INSERT INTO "times" VALUES ( 19231, 12670, '17:12:00', '17:12:00', 20 );
INSERT INTO "times" VALUES ( 19231, 12680, '17:09:00', '17:09:00', 20 );
INSERT INTO "times" VALUES ( 19231, 12690, '17:07:00', '17:07:00', 20 );
INSERT INTO "times" VALUES ( 19231, 12700, '17:04:00', '17:04:00', 20 );
INSERT INTO "times" VALUES ( 19231, 12710, '17:03:00', '17:03:00', 20 );
INSERT INTO "times" VALUES ( 19231, 12720, '17:00:00', '17:00:00', 20 );
INSERT INTO "times" VALUES ( 19231, 12730, '16:57:00', '16:57:00', 20 );
INSERT INTO "times" VALUES ( 19231, 12740, '16:51:00', '16:55:00', 20 );
INSERT INTO "times" VALUES ( 19231, 12750, '16:48:00', '16:48:00', 20 );
INSERT INTO "times" VALUES ( 19231, 12760, '16:46:00', '16:46:00', 20 );
INSERT INTO "times" VALUES ( 19231, 12770, '16:42:00', '16:42:00', 20 );
INSERT INTO "times" VALUES ( 19231, 12780, '16:37:00', '16:37:00', 20 );
INSERT INTO "times" VALUES ( 19231, 12790, '16:35:00', '16:35:00', 20 );
INSERT INTO "times" VALUES ( 19231, 12800, '16:29:00', '16:33:00', 20 );
INSERT INTO "times" VALUES ( 19231, 12810, '16:27:00', '16:27:00', 20 );
INSERT INTO "times" VALUES ( 19231, 12820, '16:26:00', '16:26:00', 20 );
INSERT INTO "times" VALUES ( 19231, 12830, '16:22:00', '16:24:00', 20 );
INSERT INTO "times" VALUES ( 19231, 12840, '16:20:00', '16:20:00', 20 );
INSERT INTO "times" VALUES ( 19231, 12850, '16:18:00', '16:18:00', 20 );
INSERT INTO "times" VALUES ( 19231, 12860, '16:16:00', '16:16:00', 20 );
INSERT INTO "times" VALUES ( 19231, 12870, '16:15:00', '16:15:00', 20 );
INSERT INTO "times" VALUES ( 19231, 12880, '16:13:00', '16:13:00', 20 );
INSERT INTO "times" VALUES ( 19231, 12890, '16:11:00', '16:11:00', 20 );
INSERT INTO "times" VALUES ( 19231, 12900, '16:05:00', '16:10:00', 20 );
INSERT INTO "times" VALUES ( 19231, 13510, '16:03:00', '16:03:00', 30 );
INSERT INTO "times" VALUES ( 19231, 13520, NULL, '16:01:00', 30 );

INSERT INTO "dias" VALUES ( 19232, 100, FALSE, TRUE, 'Q1602Z', 11510, 13520 );
INSERT INTO "dias_line_groups" VALUES ( 19232, 10 );
INSERT INTO "times" VALUES ( 19232, 11510, NULL, '16:54:00', 10 );
INSERT INTO "times" VALUES ( 19232, 11520, '16:55:00', '16:55:00', 10 );
INSERT INTO "times" VALUES ( 19232, 11530, '16:57:00', '16:57:00', 10 );
INSERT INTO "times" VALUES ( 19232, 11540, '16:59:00', '16:59:00', 10 );
INSERT INTO "times" VALUES ( 19232, 12530, '17:01:00', '17:02:00', 20 );
INSERT INTO "times" VALUES ( 19232, 12540, '17:04:00', '17:11:00', 20 );
INSERT INTO "times" VALUES ( 19232, 12550, '17:13:00', '17:13:00', 20 );
INSERT INTO "times" VALUES ( 19232, 12560, '17:15:00', '17:15:00', 20 );
INSERT INTO "times" VALUES ( 19232, 12570, '17:16:00', '17:16:00', 20 );
INSERT INTO "times" VALUES ( 19232, 12580, '17:18:00', '17:18:00', 20 );
INSERT INTO "times" VALUES ( 19232, 12590, '17:19:00', '17:19:00', 20 );
INSERT INTO "times" VALUES ( 19232, 12600, '17:20:00', '17:20:00', 20 );
INSERT INTO "times" VALUES ( 19232, 12610, '17:22:00', '17:25:00', 20 );
INSERT INTO "times" VALUES ( 19232, 12620, '17:27:00', '17:27:00', 20 );
INSERT INTO "times" VALUES ( 19232, 12630, '17:28:00', '17:28:00', 20 );
INSERT INTO "times" VALUES ( 19232, 12640, '17:30:00', '17:30:00', 20 );
INSERT INTO "times" VALUES ( 19232, 12650, '17:32:00', '17:32:00', 20 );
INSERT INTO "times" VALUES ( 19232, 12660, '17:34:00', '17:35:00', 20 );
INSERT INTO "times" VALUES ( 19232, 12670, '17:38:00', '17:38:00', 20 );
INSERT INTO "times" VALUES ( 19232, 12680, '17:41:00', '17:48:00', 20 );
INSERT INTO "times" VALUES ( 19232, 12690, '17:50:00', '17:50:00', 20 );
INSERT INTO "times" VALUES ( 19232, 12700, '17:52:00', '17:52:00', 20 );
INSERT INTO "times" VALUES ( 19232, 12710, '17:55:00', '17:55:00', 20 );
INSERT INTO "times" VALUES ( 19232, 12720, '17:56:00', '17:56:00', 20 );
INSERT INTO "times" VALUES ( 19232, 12730, '17:59:00', '17:59:00', 20 );
INSERT INTO "times" VALUES ( 19232, 12740, '18:02:00', '18:02:00', 20 );
INSERT INTO "times" VALUES ( 19232, 12750, '18:05:00', '18:05:00', 20 );
INSERT INTO "times" VALUES ( 19232, 12760, '18:08:00', '18:08:00', 20 );
INSERT INTO "times" VALUES ( 19232, 12770, '18:12:00', '18:12:00', 20 );
INSERT INTO "times" VALUES ( 19232, 12780, '18:16:00', '18:16:00', 20 );
INSERT INTO "times" VALUES ( 19232, 12790, '18:17:00', '18:17:00', 20 );
INSERT INTO "times" VALUES ( 19232, 12800, '18:19:00', '18:23:00', 20 );
INSERT INTO "times" VALUES ( 19232, 12810, '18:25:00', '18:25:00', 20 );
INSERT INTO "times" VALUES ( 19232, 12820, '18:26:00', '18:26:00', 20 );
INSERT INTO "times" VALUES ( 19232, 12830, '18:28:00', '18:28:00', 20 );
INSERT INTO "times" VALUES ( 19232, 12840, '18:29:00', '18:29:00', 20 );
INSERT INTO "times" VALUES ( 19232, 12850, '18:31:00', '18:31:00', 20 );
INSERT INTO "times" VALUES ( 19232, 12860, '18:32:00', '18:32:00', 20 );
INSERT INTO "times" VALUES ( 19232, 12870, '18:34:00', '18:34:00', 20 );
INSERT INTO "times" VALUES ( 19232, 12880, '18:36:00', '18:36:00', 20 );
INSERT INTO "times" VALUES ( 19232, 12890, '18:38:00', '18:38:00', 20 );
INSERT INTO "times" VALUES ( 19232, 12900, '18:39:00', '18:43:00', 20 );
INSERT INTO "times" VALUES ( 19232, 13510, '18:45:00', '18:45:00', 30 );
INSERT INTO "times" VALUES ( 19232, 13520, '18:48:00', NULL, NULL );

INSERT INTO "dias" VALUES ( 19233, 100, FALSE, TRUE, 'Q1603B', 13520, 11510 );
INSERT INTO "dias_line_groups" VALUES ( 19233, 10 );
INSERT INTO "times" VALUES ( 19233, 11510, '18:27:00', NULL, NULL );
INSERT INTO "times" VALUES ( 19233, 11520, '18:24:00', '18:24:00', 10 );
INSERT INTO "times" VALUES ( 19233, 11530, '18:23:00', '18:23:00', 10 );
INSERT INTO "times" VALUES ( 19233, 11540, '18:21:00', '18:21:00', 10 );
INSERT INTO "times" VALUES ( 19233, 12530, '18:20:00', '18:20:00', 10 );
INSERT INTO "times" VALUES ( 19233, 12540, '18:10:00', '18:17:00', 20 );
INSERT INTO "times" VALUES ( 19233, 12550, '18:08:00', '18:08:00', 20 );
INSERT INTO "times" VALUES ( 19233, 12560, '18:06:00', '18:06:00', 20 );
INSERT INTO "times" VALUES ( 19233, 12570, '18:04:00', '18:04:00', 20 );
INSERT INTO "times" VALUES ( 19233, 12580, '18:03:00', '18:03:00', 20 );
INSERT INTO "times" VALUES ( 19233, 12590, '18:02:00', '18:02:00', 20 );
INSERT INTO "times" VALUES ( 19233, 12600, '18:00:00', '18:00:00', 20 );
INSERT INTO "times" VALUES ( 19233, 12610, '17:56:00', '17:59:00', 20 );
INSERT INTO "times" VALUES ( 19233, 12620, '17:54:00', '17:54:00', 20 );
INSERT INTO "times" VALUES ( 19233, 12630, '17:52:00', '17:52:00', 20 );
INSERT INTO "times" VALUES ( 19233, 12640, '17:51:00', '17:51:00', 20 );
INSERT INTO "times" VALUES ( 19233, 12650, '17:49:00', '17:49:00', 20 );
INSERT INTO "times" VALUES ( 19233, 12660, '17:45:00', '17:47:00', 20 );
INSERT INTO "times" VALUES ( 19233, 12670, '17:42:00', '17:42:00', 20 );
INSERT INTO "times" VALUES ( 19233, 12680, '17:39:00', '17:39:00', 20 );
INSERT INTO "times" VALUES ( 19233, 12690, '17:36:00', '17:36:00', 20 );
INSERT INTO "times" VALUES ( 19233, 12700, '17:34:00', '17:34:00', 20 );
INSERT INTO "times" VALUES ( 19233, 12710, '17:29:00', '17:32:00', 20 );
INSERT INTO "times" VALUES ( 19233, 12720, '17:26:00', '17:26:00', 20 );
INSERT INTO "times" VALUES ( 19233, 12730, '17:24:00', '17:24:00', 20 );
INSERT INTO "times" VALUES ( 19233, 12740, '17:21:00', '17:21:00', 20 );
INSERT INTO "times" VALUES ( 19233, 12750, '17:18:00', '17:18:00', 20 );
INSERT INTO "times" VALUES ( 19233, 12760, '17:16:00', '17:16:00', 20 );
INSERT INTO "times" VALUES ( 19233, 12770, '17:12:00', '17:12:00', 20 );
INSERT INTO "times" VALUES ( 19233, 12780, '17:07:00', '17:07:00', 20 );
INSERT INTO "times" VALUES ( 19233, 12790, '17:05:00', '17:05:00', 20 );
INSERT INTO "times" VALUES ( 19233, 12800, '16:59:00', '17:03:00', 20 );
INSERT INTO "times" VALUES ( 19233, 12810, '16:57:00', '16:57:00', 20 );
INSERT INTO "times" VALUES ( 19233, 12820, '16:56:00', '16:56:00', 20 );
INSERT INTO "times" VALUES ( 19233, 12830, '16:52:00', '16:54:00', 20 );
INSERT INTO "times" VALUES ( 19233, 12840, '16:50:00', '16:50:00', 20 );
INSERT INTO "times" VALUES ( 19233, 12850, '16:48:00', '16:48:00', 20 );
INSERT INTO "times" VALUES ( 19233, 12860, '16:46:00', '16:46:00', 20 );
INSERT INTO "times" VALUES ( 19233, 12870, '16:45:00', '16:45:00', 20 );
INSERT INTO "times" VALUES ( 19233, 12880, '16:43:00', '16:43:00', 20 );
INSERT INTO "times" VALUES ( 19233, 12890, '16:41:00', '16:41:00', 20 );
INSERT INTO "times" VALUES ( 19233, 12900, '16:35:00', '16:40:00', 20 );
INSERT INTO "times" VALUES ( 19233, 13510, '16:33:00', '16:33:00', 30 );
INSERT INTO "times" VALUES ( 19233, 13520, NULL, '16:31:00', 30 );

INSERT INTO "dias" VALUES ( 19234, 100, FALSE, TRUE, 'Q1605B', 13520, 11510 );
INSERT INTO "dias_line_groups" VALUES ( 19234, 10 );
INSERT INTO "times" VALUES ( 19234, 11510, '18:47:00', NULL, NULL );
INSERT INTO "times" VALUES ( 19234, 11520, '18:45:00', '18:45:00', 10 );
INSERT INTO "times" VALUES ( 19234, 11530, '18:43:00', '18:43:00', 10 );
INSERT INTO "times" VALUES ( 19234, 11540, '18:42:00', '18:42:00', 10 );
INSERT INTO "times" VALUES ( 19234, 12530, '18:40:00', '18:40:00', 10 );
INSERT INTO "times" VALUES ( 19234, 12540, '18:31:00', '18:37:00', 20 );
INSERT INTO "times" VALUES ( 19234, 12550, '18:29:00', '18:29:00', 20 );
INSERT INTO "times" VALUES ( 19234, 12560, '18:27:00', '18:27:00', 20 );
INSERT INTO "times" VALUES ( 19234, 12570, '18:25:00', '18:25:00', 20 );
INSERT INTO "times" VALUES ( 19234, 12580, '18:24:00', '18:24:00', 20 );
INSERT INTO "times" VALUES ( 19234, 12590, '18:23:00', '18:23:00', 20 );
INSERT INTO "times" VALUES ( 19234, 12600, '18:21:00', '18:21:00', 20 );
INSERT INTO "times" VALUES ( 19234, 12610, '18:15:00', '18:20:00', 20 );
INSERT INTO "times" VALUES ( 19234, 12620, '18:13:00', '18:13:00', 20 );
INSERT INTO "times" VALUES ( 19234, 12630, '18:12:00', '18:12:00', 20 );
INSERT INTO "times" VALUES ( 19234, 12640, '18:10:00', '18:10:00', 20 );
INSERT INTO "times" VALUES ( 19234, 12650, '18:08:00', '18:08:00', 20 );
INSERT INTO "times" VALUES ( 19234, 12660, '18:07:00', '18:07:00', 20 );
INSERT INTO "times" VALUES ( 19234, 12670, '18:03:00', '18:03:00', 20 );
INSERT INTO "times" VALUES ( 19234, 12680, '18:00:00', '18:00:00', 20 );
INSERT INTO "times" VALUES ( 19234, 12690, '17:58:00', '17:58:00', 20 );
INSERT INTO "times" VALUES ( 19234, 12700, '17:55:00', '17:55:00', 20 );
INSERT INTO "times" VALUES ( 19234, 12710, '17:54:00', '17:54:00', 20 );
INSERT INTO "times" VALUES ( 19234, 12720, '17:51:00', '17:51:00', 20 );
INSERT INTO "times" VALUES ( 19234, 12730, '17:49:00', '17:49:00', 20 );
INSERT INTO "times" VALUES ( 19234, 12740, '17:41:00', '17:46:00', 20 );
INSERT INTO "times" VALUES ( 19234, 12750, '17:38:00', '17:38:00', 20 );
INSERT INTO "times" VALUES ( 19234, 12760, '17:36:00', '17:36:00', 20 );
INSERT INTO "times" VALUES ( 19234, 12770, '17:29:00', '17:32:00', 20 );
INSERT INTO "times" VALUES ( 19234, 12780, '17:25:00', '17:25:00', 20 );
INSERT INTO "times" VALUES ( 19234, 12790, '17:22:00', '17:22:00', 20 );
INSERT INTO "times" VALUES ( 19234, 12800, '17:17:00', '17:21:00', 20 );
INSERT INTO "times" VALUES ( 19234, 12810, '17:15:00', '17:15:00', 20 );
INSERT INTO "times" VALUES ( 19234, 12820, '17:13:00', '17:13:00', 20 );
INSERT INTO "times" VALUES ( 19234, 12830, '17:12:00', '17:12:00', 20 );
INSERT INTO "times" VALUES ( 19234, 12840, '17:10:00', '17:10:00', 20 );
INSERT INTO "times" VALUES ( 19234, 12850, '17:08:00', '17:08:00', 20 );
INSERT INTO "times" VALUES ( 19234, 12860, '17:07:00', '17:07:00', 20 );
INSERT INTO "times" VALUES ( 19234, 12870, '17:05:00', '17:05:00', 20 );
INSERT INTO "times" VALUES ( 19234, 12880, '17:03:00', '17:03:00', 20 );
INSERT INTO "times" VALUES ( 19234, 12890, '17:01:00', '17:01:00', 20 );
INSERT INTO "times" VALUES ( 19234, 12900, '16:56:00', '17:00:00', 20 );
INSERT INTO "times" VALUES ( 19234, 13510, '16:54:00', '16:54:00', 30 );
INSERT INTO "times" VALUES ( 19234, 13520, NULL, '16:52:00', 30 );

INSERT INTO "dias" VALUES ( 19235, 100, FALSE, TRUE, 'Q1700Z', 11510, 13520 );
INSERT INTO "dias_line_groups" VALUES ( 19235, 10 );
INSERT INTO "times" VALUES ( 19235, 11510, NULL, '17:24:00', 10 );
INSERT INTO "times" VALUES ( 19235, 11520, '17:25:00', '17:25:00', 10 );
INSERT INTO "times" VALUES ( 19235, 11530, '17:27:00', '17:27:00', 10 );
INSERT INTO "times" VALUES ( 19235, 11540, '17:29:00', '17:29:00', 10 );
INSERT INTO "times" VALUES ( 19235, 12530, '17:31:00', '17:32:00', 20 );
INSERT INTO "times" VALUES ( 19235, 12540, '17:34:00', '17:41:00', 20 );
INSERT INTO "times" VALUES ( 19235, 12550, '17:44:00', '17:44:00', 20 );
INSERT INTO "times" VALUES ( 19235, 12560, '17:45:00', '17:45:00', 20 );
INSERT INTO "times" VALUES ( 19235, 12570, '17:47:00', '17:47:00', 20 );
INSERT INTO "times" VALUES ( 19235, 12580, '17:48:00', '17:48:00', 20 );
INSERT INTO "times" VALUES ( 19235, 12590, '17:50:00', '17:50:00', 20 );
INSERT INTO "times" VALUES ( 19235, 12600, '17:51:00', '17:51:00', 20 );
INSERT INTO "times" VALUES ( 19235, 12610, '17:53:00', '17:56:00', 20 );
INSERT INTO "times" VALUES ( 19235, 12620, '17:58:00', '17:58:00', 20 );
INSERT INTO "times" VALUES ( 19235, 12630, '17:59:00', '17:59:00', 20 );
INSERT INTO "times" VALUES ( 19235, 12640, '18:01:00', '18:01:00', 20 );
INSERT INTO "times" VALUES ( 19235, 12650, '18:03:00', '18:03:00', 20 );
INSERT INTO "times" VALUES ( 19235, 12660, '18:05:00', '18:05:00', 20 );
INSERT INTO "times" VALUES ( 19235, 12670, '18:08:00', '18:08:00', 20 );
INSERT INTO "times" VALUES ( 19235, 12680, '18:12:00', '18:18:00', 20 );
INSERT INTO "times" VALUES ( 19235, 12690, '18:20:00', '18:20:00', 20 );
INSERT INTO "times" VALUES ( 19235, 12700, '18:22:00', '18:22:00', 20 );
INSERT INTO "times" VALUES ( 19235, 12710, '18:25:00', '18:25:00', 20 );
INSERT INTO "times" VALUES ( 19235, 12720, '18:26:00', '18:26:00', 20 );
INSERT INTO "times" VALUES ( 19235, 12730, '18:29:00', '18:29:00', 20 );
INSERT INTO "times" VALUES ( 19235, 12740, '18:32:00', '18:32:00', 20 );
INSERT INTO "times" VALUES ( 19235, 12750, '18:35:00', '18:35:00', 20 );
INSERT INTO "times" VALUES ( 19235, 12760, '18:38:00', '18:38:00', 20 );
INSERT INTO "times" VALUES ( 19235, 12770, '18:42:00', '18:42:00', 20 );
INSERT INTO "times" VALUES ( 19235, 12780, '18:46:00', '18:46:00', 20 );
INSERT INTO "times" VALUES ( 19235, 12790, '18:47:00', '18:47:00', 20 );
INSERT INTO "times" VALUES ( 19235, 12800, '18:49:00', '18:53:00', 20 );
INSERT INTO "times" VALUES ( 19235, 12810, '18:55:00', '18:55:00', 20 );
INSERT INTO "times" VALUES ( 19235, 12820, '18:56:00', '18:56:00', 20 );
INSERT INTO "times" VALUES ( 19235, 12830, '18:58:00', '18:58:00', 20 );
INSERT INTO "times" VALUES ( 19235, 12840, '18:59:00', '18:59:00', 20 );
INSERT INTO "times" VALUES ( 19235, 12850, '19:01:00', '19:01:00', 20 );
INSERT INTO "times" VALUES ( 19235, 12860, '19:02:00', '19:02:00', 20 );
INSERT INTO "times" VALUES ( 19235, 12870, '19:04:00', '19:04:00', 20 );
INSERT INTO "times" VALUES ( 19235, 12880, '19:06:00', '19:06:00', 20 );
INSERT INTO "times" VALUES ( 19235, 12890, '19:08:00', '19:08:00', 20 );
INSERT INTO "times" VALUES ( 19235, 12900, '19:09:00', '19:13:00', 20 );
INSERT INTO "times" VALUES ( 19235, 13510, '19:15:00', '19:15:00', 30 );
INSERT INTO "times" VALUES ( 19235, 13520, '19:18:00', NULL, NULL );

INSERT INTO "dias" VALUES ( 19236, 100, FALSE, TRUE, 'Q1701B', 13520, 11510 );
INSERT INTO "dias_line_groups" VALUES ( 19236, 10 );
INSERT INTO "times" VALUES ( 19236, 11510, '18:57:00', NULL, NULL );
INSERT INTO "times" VALUES ( 19236, 11520, '18:54:00', '18:54:00', 10 );
INSERT INTO "times" VALUES ( 19236, 11530, '18:53:00', '18:53:00', 10 );
INSERT INTO "times" VALUES ( 19236, 11540, '18:51:00', '18:51:00', 10 );
INSERT INTO "times" VALUES ( 19236, 12530, '18:50:00', '18:50:00', 10 );
INSERT INTO "times" VALUES ( 19236, 12540, '18:41:00', '18:47:00', 20 );
INSERT INTO "times" VALUES ( 19236, 12550, '18:39:00', '18:39:00', 20 );
INSERT INTO "times" VALUES ( 19236, 12560, '18:37:00', '18:37:00', 20 );
INSERT INTO "times" VALUES ( 19236, 12570, '18:35:00', '18:35:00', 20 );
INSERT INTO "times" VALUES ( 19236, 12580, '18:34:00', '18:34:00', 20 );
INSERT INTO "times" VALUES ( 19236, 12590, '18:33:00', '18:33:00', 20 );
INSERT INTO "times" VALUES ( 19236, 12600, '18:31:00', '18:31:00', 20 );
INSERT INTO "times" VALUES ( 19236, 12610, '18:26:00', '18:30:00', 20 );
INSERT INTO "times" VALUES ( 19236, 12620, '18:24:00', '18:24:00', 20 );
INSERT INTO "times" VALUES ( 19236, 12630, '18:22:00', '18:22:00', 20 );
INSERT INTO "times" VALUES ( 19236, 12640, '18:21:00', '18:21:00', 20 );
INSERT INTO "times" VALUES ( 19236, 12650, '18:19:00', '18:19:00', 20 );
INSERT INTO "times" VALUES ( 19236, 12660, '18:15:00', '18:17:00', 20 );
INSERT INTO "times" VALUES ( 19236, 12670, '18:12:00', '18:12:00', 20 );
INSERT INTO "times" VALUES ( 19236, 12680, '18:09:00', '18:09:00', 20 );
INSERT INTO "times" VALUES ( 19236, 12690, '18:07:00', '18:07:00', 20 );
INSERT INTO "times" VALUES ( 19236, 12700, '18:04:00', '18:04:00', 20 );
INSERT INTO "times" VALUES ( 19236, 12710, '18:03:00', '18:03:00', 20 );
INSERT INTO "times" VALUES ( 19236, 12720, '18:00:00', '18:00:00', 20 );
INSERT INTO "times" VALUES ( 19236, 12730, '17:57:00', '17:57:00', 20 );
INSERT INTO "times" VALUES ( 19236, 12740, '17:51:00', '17:55:00', 20 );
INSERT INTO "times" VALUES ( 19236, 12750, '17:48:00', '17:48:00', 20 );
INSERT INTO "times" VALUES ( 19236, 12760, '17:46:00', '17:46:00', 20 );
INSERT INTO "times" VALUES ( 19236, 12770, '17:42:00', '17:42:00', 20 );
INSERT INTO "times" VALUES ( 19236, 12780, '17:37:00', '17:37:00', 20 );
INSERT INTO "times" VALUES ( 19236, 12790, '17:35:00', '17:35:00', 20 );
INSERT INTO "times" VALUES ( 19236, 12800, '17:29:00', '17:33:00', 20 );
INSERT INTO "times" VALUES ( 19236, 12810, '17:27:00', '17:27:00', 20 );
INSERT INTO "times" VALUES ( 19236, 12820, '17:26:00', '17:26:00', 20 );
INSERT INTO "times" VALUES ( 19236, 12830, '17:22:00', '17:24:00', 20 );
INSERT INTO "times" VALUES ( 19236, 12840, '17:20:00', '17:20:00', 20 );
INSERT INTO "times" VALUES ( 19236, 12850, '17:18:00', '17:18:00', 20 );
INSERT INTO "times" VALUES ( 19236, 12860, '17:16:00', '17:16:00', 20 );
INSERT INTO "times" VALUES ( 19236, 12870, '17:15:00', '17:15:00', 20 );
INSERT INTO "times" VALUES ( 19236, 12880, '17:13:00', '17:13:00', 20 );
INSERT INTO "times" VALUES ( 19236, 12890, '17:11:00', '17:11:00', 20 );
INSERT INTO "times" VALUES ( 19236, 12900, '17:05:00', '17:10:00', 20 );
INSERT INTO "times" VALUES ( 19236, 13510, '17:02:00', '17:02:00', 30 );
INSERT INTO "times" VALUES ( 19236, 13520, NULL, '17:01:00', 30 );

INSERT INTO "dias" VALUES ( 19237, 100, FALSE, TRUE, 'Q1702Z', 11510, 13520 );
INSERT INTO "dias_line_groups" VALUES ( 19237, 10 );
INSERT INTO "times" VALUES ( 19237, 11510, NULL, '17:54:00', 10 );
INSERT INTO "times" VALUES ( 19237, 11520, '17:55:00', '17:55:00', 10 );
INSERT INTO "times" VALUES ( 19237, 11530, '17:57:00', '17:57:00', 10 );
INSERT INTO "times" VALUES ( 19237, 11540, '17:59:00', '17:59:00', 10 );
INSERT INTO "times" VALUES ( 19237, 12530, '18:01:00', '18:02:00', 20 );
INSERT INTO "times" VALUES ( 19237, 12540, '18:04:00', '18:11:00', 20 );
INSERT INTO "times" VALUES ( 19237, 12550, '18:13:00', '18:13:00', 20 );
INSERT INTO "times" VALUES ( 19237, 12560, '18:15:00', '18:15:00', 20 );
INSERT INTO "times" VALUES ( 19237, 12570, '18:16:00', '18:16:00', 20 );
INSERT INTO "times" VALUES ( 19237, 12580, '18:18:00', '18:18:00', 20 );
INSERT INTO "times" VALUES ( 19237, 12590, '18:19:00', '18:19:00', 20 );
INSERT INTO "times" VALUES ( 19237, 12600, '18:20:00', '18:20:00', 20 );
INSERT INTO "times" VALUES ( 19237, 12610, '18:22:00', '18:25:00', 20 );
INSERT INTO "times" VALUES ( 19237, 12620, '18:27:00', '18:27:00', 20 );
INSERT INTO "times" VALUES ( 19237, 12630, '18:28:00', '18:28:00', 20 );
INSERT INTO "times" VALUES ( 19237, 12640, '18:30:00', '18:30:00', 20 );
INSERT INTO "times" VALUES ( 19237, 12650, '18:32:00', '18:32:00', 20 );
INSERT INTO "times" VALUES ( 19237, 12660, '18:34:00', '18:35:00', 20 );
INSERT INTO "times" VALUES ( 19237, 12670, '18:38:00', '18:38:00', 20 );
INSERT INTO "times" VALUES ( 19237, 12680, '18:42:00', '18:48:00', 20 );
INSERT INTO "times" VALUES ( 19237, 12690, '18:50:00', '18:50:00', 20 );
INSERT INTO "times" VALUES ( 19237, 12700, '18:52:00', '18:52:00', 20 );
INSERT INTO "times" VALUES ( 19237, 12710, '18:55:00', '18:55:00', 20 );
INSERT INTO "times" VALUES ( 19237, 12720, '18:57:00', '18:57:00', 20 );
INSERT INTO "times" VALUES ( 19237, 12730, '18:59:00', '18:59:00', 20 );
INSERT INTO "times" VALUES ( 19237, 12740, '19:02:00', '19:02:00', 20 );
INSERT INTO "times" VALUES ( 19237, 12750, '19:05:00', '19:05:00', 20 );
INSERT INTO "times" VALUES ( 19237, 12760, '19:08:00', '19:08:00', 20 );
INSERT INTO "times" VALUES ( 19237, 12770, '19:12:00', '19:12:00', 20 );
INSERT INTO "times" VALUES ( 19237, 12780, '19:16:00', '19:16:00', 20 );
INSERT INTO "times" VALUES ( 19237, 12790, '19:18:00', '19:18:00', 20 );
INSERT INTO "times" VALUES ( 19237, 12800, '19:19:00', '19:23:00', 20 );
INSERT INTO "times" VALUES ( 19237, 12810, '19:25:00', '19:25:00', 20 );
INSERT INTO "times" VALUES ( 19237, 12820, '19:27:00', '19:27:00', 20 );
INSERT INTO "times" VALUES ( 19237, 12830, '19:29:00', '19:29:00', 20 );
INSERT INTO "times" VALUES ( 19237, 12840, '19:30:00', '19:30:00', 20 );
INSERT INTO "times" VALUES ( 19237, 12850, '19:31:00', '19:31:00', 20 );
INSERT INTO "times" VALUES ( 19237, 12860, '19:33:00', '19:33:00', 20 );
INSERT INTO "times" VALUES ( 19237, 12870, '19:35:00', '19:35:00', 20 );
INSERT INTO "times" VALUES ( 19237, 12880, '19:36:00', '19:36:00', 20 );
INSERT INTO "times" VALUES ( 19237, 12890, '19:38:00', '19:38:00', 20 );
INSERT INTO "times" VALUES ( 19237, 12900, '19:40:00', '19:43:00', 20 );
INSERT INTO "times" VALUES ( 19237, 13510, '19:45:00', '19:45:00', 30 );
INSERT INTO "times" VALUES ( 19237, 13520, '19:48:00', NULL, NULL );

INSERT INTO "dias" VALUES ( 19238, 100, FALSE, TRUE, 'Q1703B', 13520, 11510 );
INSERT INTO "dias_line_groups" VALUES ( 19238, 10 );
INSERT INTO "times" VALUES ( 19238, 11510, '19:17:00', NULL, NULL );
INSERT INTO "times" VALUES ( 19238, 11520, '19:14:00', '19:14:00', 10 );
INSERT INTO "times" VALUES ( 19238, 11530, '19:13:00', '19:13:00', 10 );
INSERT INTO "times" VALUES ( 19238, 11540, '19:11:00', '19:11:00', 10 );
INSERT INTO "times" VALUES ( 19238, 12530, '19:10:00', '19:10:00', 10 );
INSERT INTO "times" VALUES ( 19238, 12540, '19:00:00', '19:07:00', 20 );
INSERT INTO "times" VALUES ( 19238, 12550, '18:58:00', '18:58:00', 20 );
INSERT INTO "times" VALUES ( 19238, 12560, '18:56:00', '18:56:00', 20 );
INSERT INTO "times" VALUES ( 19238, 12570, '18:54:00', '18:54:00', 20 );
INSERT INTO "times" VALUES ( 19238, 12580, '18:53:00', '18:53:00', 20 );
INSERT INTO "times" VALUES ( 19238, 12590, '18:52:00', '18:52:00', 20 );
INSERT INTO "times" VALUES ( 19238, 12600, '18:50:00', '18:50:00', 20 );
INSERT INTO "times" VALUES ( 19238, 12610, '18:46:00', '18:49:00', 20 );
INSERT INTO "times" VALUES ( 19238, 12620, '18:44:00', '18:44:00', 20 );
INSERT INTO "times" VALUES ( 19238, 12630, '18:42:00', '18:42:00', 20 );
INSERT INTO "times" VALUES ( 19238, 12640, '18:41:00', '18:41:00', 20 );
INSERT INTO "times" VALUES ( 19238, 12650, '18:39:00', '18:39:00', 20 );
INSERT INTO "times" VALUES ( 19238, 12660, '18:36:00', '18:37:00', 20 );
INSERT INTO "times" VALUES ( 19238, 12670, '18:33:00', '18:33:00', 20 );
INSERT INTO "times" VALUES ( 19238, 12680, '18:31:00', '18:31:00', 20 );
INSERT INTO "times" VALUES ( 19238, 12690, '18:28:00', '18:28:00', 20 );
INSERT INTO "times" VALUES ( 19238, 12700, '18:26:00', '18:26:00', 20 );
INSERT INTO "times" VALUES ( 19238, 12710, '18:24:00', '18:24:00', 20 );
INSERT INTO "times" VALUES ( 19238, 12720, '18:21:00', '18:21:00', 20 );
INSERT INTO "times" VALUES ( 19238, 12730, '18:19:00', '18:19:00', 20 );
INSERT INTO "times" VALUES ( 19238, 12740, '18:12:00', '18:16:00', 20 );
INSERT INTO "times" VALUES ( 19238, 12750, '18:08:00', '18:08:00', 20 );
INSERT INTO "times" VALUES ( 19238, 12760, '18:06:00', '18:06:00', 20 );
INSERT INTO "times" VALUES ( 19238, 12770, '17:59:00', '18:02:00', 20 );
INSERT INTO "times" VALUES ( 19238, 12780, '17:55:00', '17:55:00', 20 );
INSERT INTO "times" VALUES ( 19238, 12790, '17:52:00', '17:52:00', 20 );
INSERT INTO "times" VALUES ( 19238, 12800, '17:47:00', '17:51:00', 20 );
INSERT INTO "times" VALUES ( 19238, 12810, '17:45:00', '17:45:00', 20 );
INSERT INTO "times" VALUES ( 19238, 12820, '17:43:00', '17:43:00', 20 );
INSERT INTO "times" VALUES ( 19238, 12830, '17:42:00', '17:42:00', 20 );
INSERT INTO "times" VALUES ( 19238, 12840, '17:40:00', '17:40:00', 20 );
INSERT INTO "times" VALUES ( 19238, 12850, '17:38:00', '17:38:00', 20 );
INSERT INTO "times" VALUES ( 19238, 12860, '17:37:00', '17:37:00', 20 );
INSERT INTO "times" VALUES ( 19238, 12870, '17:35:00', '17:35:00', 20 );
INSERT INTO "times" VALUES ( 19238, 12880, '17:33:00', '17:33:00', 20 );
INSERT INTO "times" VALUES ( 19238, 12890, '17:31:00', '17:31:00', 20 );
INSERT INTO "times" VALUES ( 19238, 12900, '17:26:00', '17:30:00', 20 );
INSERT INTO "times" VALUES ( 19238, 13510, '17:24:00', '17:24:00', 30 );
INSERT INTO "times" VALUES ( 19238, 13520, NULL, '17:22:00', 30 );

INSERT INTO "dias" VALUES ( 19239, 100, FALSE, TRUE, 'Q1705B', 13520, 11510 );
INSERT INTO "dias_line_groups" VALUES ( 19239, 10 );
INSERT INTO "times" VALUES ( 19239, 11510, '19:27:00', NULL, NULL );
INSERT INTO "times" VALUES ( 19239, 11520, '19:24:00', '19:24:00', 10 );
INSERT INTO "times" VALUES ( 19239, 11530, '19:23:00', '19:23:00', 10 );
INSERT INTO "times" VALUES ( 19239, 11540, '19:21:00', '19:21:00', 10 );
INSERT INTO "times" VALUES ( 19239, 12530, '19:20:00', '19:20:00', 10 );
INSERT INTO "times" VALUES ( 19239, 12540, '19:10:00', '19:17:00', 20 );
INSERT INTO "times" VALUES ( 19239, 12550, '19:08:00', '19:08:00', 20 );
INSERT INTO "times" VALUES ( 19239, 12560, '19:06:00', '19:06:00', 20 );
INSERT INTO "times" VALUES ( 19239, 12570, '19:04:00', '19:04:00', 20 );
INSERT INTO "times" VALUES ( 19239, 12580, '19:03:00', '19:03:00', 20 );
INSERT INTO "times" VALUES ( 19239, 12590, '19:02:00', '19:02:00', 20 );
INSERT INTO "times" VALUES ( 19239, 12600, '19:00:00', '19:00:00', 20 );
INSERT INTO "times" VALUES ( 19239, 12610, '18:56:00', '18:59:00', 20 );
INSERT INTO "times" VALUES ( 19239, 12620, '18:54:00', '18:54:00', 20 );
INSERT INTO "times" VALUES ( 19239, 12630, '18:52:00', '18:52:00', 20 );
INSERT INTO "times" VALUES ( 19239, 12640, '18:51:00', '18:51:00', 20 );
INSERT INTO "times" VALUES ( 19239, 12650, '18:49:00', '18:49:00', 20 );
INSERT INTO "times" VALUES ( 19239, 12660, '18:45:00', '18:47:00', 20 );
INSERT INTO "times" VALUES ( 19239, 12670, '18:43:00', '18:43:00', 20 );
INSERT INTO "times" VALUES ( 19239, 12680, '18:40:00', '18:40:00', 20 );
INSERT INTO "times" VALUES ( 19239, 12690, '18:37:00', '18:37:00', 20 );
INSERT INTO "times" VALUES ( 19239, 12700, '18:35:00', '18:35:00', 20 );
INSERT INTO "times" VALUES ( 19239, 12710, '18:33:00', '18:33:00', 20 );
INSERT INTO "times" VALUES ( 19239, 12720, '18:30:00', '18:30:00', 20 );
INSERT INTO "times" VALUES ( 19239, 12730, '18:28:00', '18:28:00', 20 );
INSERT INTO "times" VALUES ( 19239, 12740, '18:21:00', '18:25:00', 20 );
INSERT INTO "times" VALUES ( 19239, 12750, '18:18:00', '18:18:00', 20 );
INSERT INTO "times" VALUES ( 19239, 12760, '18:16:00', '18:16:00', 20 );
INSERT INTO "times" VALUES ( 19239, 12770, '18:12:00', '18:12:00', 20 );
INSERT INTO "times" VALUES ( 19239, 12780, '18:07:00', '18:07:00', 20 );
INSERT INTO "times" VALUES ( 19239, 12790, '18:05:00', '18:05:00', 20 );
INSERT INTO "times" VALUES ( 19239, 12800, '17:59:00', '18:03:00', 20 );
INSERT INTO "times" VALUES ( 19239, 12810, '17:57:00', '17:57:00', 20 );
INSERT INTO "times" VALUES ( 19239, 12820, '17:56:00', '17:56:00', 20 );
INSERT INTO "times" VALUES ( 19239, 12830, '17:52:00', '17:54:00', 20 );
INSERT INTO "times" VALUES ( 19239, 12840, '17:50:00', '17:50:00', 20 );
INSERT INTO "times" VALUES ( 19239, 12850, '17:48:00', '17:48:00', 20 );
INSERT INTO "times" VALUES ( 19239, 12860, '17:46:00', '17:46:00', 20 );
INSERT INTO "times" VALUES ( 19239, 12870, '17:45:00', '17:45:00', 20 );
INSERT INTO "times" VALUES ( 19239, 12880, '17:43:00', '17:43:00', 20 );
INSERT INTO "times" VALUES ( 19239, 12890, '17:41:00', '17:41:00', 20 );
INSERT INTO "times" VALUES ( 19239, 12900, '17:35:00', '17:40:00', 20 );
INSERT INTO "times" VALUES ( 19239, 13510, '17:33:00', '17:33:00', 30 );
INSERT INTO "times" VALUES ( 19239, 13520, NULL, '17:31:00', 30 );

INSERT INTO "dias" VALUES ( 19240, 100, FALSE, TRUE, 'Q1707B', 13520, 11510 );
INSERT INTO "dias_line_groups" VALUES ( 19240, 10 );
INSERT INTO "times" VALUES ( 19240, 11510, '19:47:00', NULL, NULL );
INSERT INTO "times" VALUES ( 19240, 11520, '19:44:00', '19:44:00', 10 );
INSERT INTO "times" VALUES ( 19240, 11530, '19:43:00', '19:43:00', 10 );
INSERT INTO "times" VALUES ( 19240, 11540, '19:41:00', '19:41:00', 10 );
INSERT INTO "times" VALUES ( 19240, 12530, '19:40:00', '19:40:00', 10 );
INSERT INTO "times" VALUES ( 19240, 12540, '19:30:00', '19:37:00', 20 );
INSERT INTO "times" VALUES ( 19240, 12550, '19:28:00', '19:28:00', 20 );
INSERT INTO "times" VALUES ( 19240, 12560, '19:26:00', '19:26:00', 20 );
INSERT INTO "times" VALUES ( 19240, 12570, '19:24:00', '19:24:00', 20 );
INSERT INTO "times" VALUES ( 19240, 12580, '19:23:00', '19:23:00', 20 );
INSERT INTO "times" VALUES ( 19240, 12590, '19:22:00', '19:22:00', 20 );
INSERT INTO "times" VALUES ( 19240, 12600, '19:20:00', '19:20:00', 20 );
INSERT INTO "times" VALUES ( 19240, 12610, '19:16:00', '19:19:00', 20 );
INSERT INTO "times" VALUES ( 19240, 12620, '19:14:00', '19:14:00', 20 );
INSERT INTO "times" VALUES ( 19240, 12630, '19:12:00', '19:12:00', 20 );
INSERT INTO "times" VALUES ( 19240, 12640, '19:11:00', '19:11:00', 20 );
INSERT INTO "times" VALUES ( 19240, 12650, '19:09:00', '19:09:00', 20 );
INSERT INTO "times" VALUES ( 19240, 12660, '19:07:00', '19:07:00', 20 );
INSERT INTO "times" VALUES ( 19240, 12670, '19:04:00', '19:04:00', 20 );
INSERT INTO "times" VALUES ( 19240, 12680, '18:57:00', '19:01:00', 20 );
INSERT INTO "times" VALUES ( 19240, 12690, '18:55:00', '18:55:00', 20 );
INSERT INTO "times" VALUES ( 19240, 12700, '18:52:00', '18:52:00', 20 );
INSERT INTO "times" VALUES ( 19240, 12710, '18:47:00', '18:50:00', 20 );
INSERT INTO "times" VALUES ( 19240, 12720, '18:44:00', '18:44:00', 20 );
INSERT INTO "times" VALUES ( 19240, 12730, '18:42:00', '18:42:00', 20 );
INSERT INTO "times" VALUES ( 19240, 12740, '18:40:00', '18:40:00', 20 );
INSERT INTO "times" VALUES ( 19240, 12750, '18:36:00', '18:36:00', 20 );
INSERT INTO "times" VALUES ( 19240, 12760, '18:34:00', '18:34:00', 20 );
INSERT INTO "times" VALUES ( 19240, 12770, '18:30:00', '18:30:00', 20 );
INSERT INTO "times" VALUES ( 19240, 12780, '18:25:00', '18:25:00', 20 );
INSERT INTO "times" VALUES ( 19240, 12790, '18:23:00', '18:23:00', 20 );
INSERT INTO "times" VALUES ( 19240, 12800, '18:18:00', '18:21:00', 20 );
INSERT INTO "times" VALUES ( 19240, 12810, '18:16:00', '18:16:00', 20 );
INSERT INTO "times" VALUES ( 19240, 12820, '18:14:00', '18:14:00', 20 );
INSERT INTO "times" VALUES ( 19240, 12830, '18:13:00', '18:13:00', 20 );
INSERT INTO "times" VALUES ( 19240, 12840, '18:11:00', '18:11:00', 20 );
INSERT INTO "times" VALUES ( 19240, 12850, '18:09:00', '18:09:00', 20 );
INSERT INTO "times" VALUES ( 19240, 12860, '18:07:00', '18:07:00', 20 );
INSERT INTO "times" VALUES ( 19240, 12870, '18:06:00', '18:06:00', 20 );
INSERT INTO "times" VALUES ( 19240, 12880, '18:04:00', '18:04:00', 20 );
INSERT INTO "times" VALUES ( 19240, 12890, '18:02:00', '18:02:00', 20 );
INSERT INTO "times" VALUES ( 19240, 12900, '17:56:00', '18:01:00', 20 );
INSERT INTO "times" VALUES ( 19240, 13510, '17:54:00', '17:54:00', 30 );
INSERT INTO "times" VALUES ( 19240, 13520, NULL, '17:52:00', 30 );

INSERT INTO "dias" VALUES ( 19241, 100, FALSE, TRUE, 'Q1800Z', 11510, 13520 );
INSERT INTO "dias_line_groups" VALUES ( 19241, 10 );
INSERT INTO "times" VALUES ( 19241, 11510, NULL, '18:24:00', 10 );
INSERT INTO "times" VALUES ( 19241, 11520, '18:25:00', '18:25:00', 10 );
INSERT INTO "times" VALUES ( 19241, 11530, '18:27:00', '18:27:00', 10 );
INSERT INTO "times" VALUES ( 19241, 11540, '18:29:00', '18:29:00', 10 );
INSERT INTO "times" VALUES ( 19241, 12530, '18:31:00', '18:32:00', 20 );
INSERT INTO "times" VALUES ( 19241, 12540, '18:34:00', '18:41:00', 20 );
INSERT INTO "times" VALUES ( 19241, 12550, '18:43:00', '18:43:00', 20 );
INSERT INTO "times" VALUES ( 19241, 12560, '18:45:00', '18:45:00', 20 );
INSERT INTO "times" VALUES ( 19241, 12570, '18:46:00', '18:46:00', 20 );
INSERT INTO "times" VALUES ( 19241, 12580, '18:48:00', '18:48:00', 20 );
INSERT INTO "times" VALUES ( 19241, 12590, '18:49:00', '18:49:00', 20 );
INSERT INTO "times" VALUES ( 19241, 12600, '18:50:00', '18:50:00', 20 );
INSERT INTO "times" VALUES ( 19241, 12610, '18:52:00', '18:55:00', 20 );
INSERT INTO "times" VALUES ( 19241, 12620, '18:57:00', '18:57:00', 20 );
INSERT INTO "times" VALUES ( 19241, 12630, '18:58:00', '18:58:00', 20 );
INSERT INTO "times" VALUES ( 19241, 12640, '19:00:00', '19:00:00', 20 );
INSERT INTO "times" VALUES ( 19241, 12650, '19:02:00', '19:02:00', 20 );
INSERT INTO "times" VALUES ( 19241, 12660, '19:05:00', '19:05:00', 20 );
INSERT INTO "times" VALUES ( 19241, 12670, '19:08:00', '19:08:00', 20 );
INSERT INTO "times" VALUES ( 19241, 12680, '19:11:00', '19:14:00', 20 );
INSERT INTO "times" VALUES ( 19241, 12690, '19:16:00', '19:16:00', 20 );
INSERT INTO "times" VALUES ( 19241, 12700, '19:19:00', '19:19:00', 20 );
INSERT INTO "times" VALUES ( 19241, 12710, '19:21:00', '19:24:00', 20 );
INSERT INTO "times" VALUES ( 19241, 12720, '19:27:00', '19:27:00', 20 );
INSERT INTO "times" VALUES ( 19241, 12730, '19:29:00', '19:29:00', 20 );
INSERT INTO "times" VALUES ( 19241, 12740, '19:32:00', '19:32:00', 20 );
INSERT INTO "times" VALUES ( 19241, 12750, '19:35:00', '19:35:00', 20 );
INSERT INTO "times" VALUES ( 19241, 12760, '19:38:00', '19:38:00', 20 );
INSERT INTO "times" VALUES ( 19241, 12770, '19:42:00', '19:42:00', 20 );
INSERT INTO "times" VALUES ( 19241, 12780, '19:46:00', '19:46:00', 20 );
INSERT INTO "times" VALUES ( 19241, 12790, '19:47:00', '19:47:00', 20 );
INSERT INTO "times" VALUES ( 19241, 12800, '19:49:00', '19:53:00', 20 );
INSERT INTO "times" VALUES ( 19241, 12810, '19:55:00', '19:55:00', 20 );
INSERT INTO "times" VALUES ( 19241, 12820, '19:57:00', '19:57:00', 20 );
INSERT INTO "times" VALUES ( 19241, 12830, '19:59:00', '19:59:00', 20 );
INSERT INTO "times" VALUES ( 19241, 12840, '20:00:00', '20:00:00', 20 );
INSERT INTO "times" VALUES ( 19241, 12850, '20:01:00', '20:01:00', 20 );
INSERT INTO "times" VALUES ( 19241, 12860, '20:03:00', '20:03:00', 20 );
INSERT INTO "times" VALUES ( 19241, 12870, '20:05:00', '20:05:00', 20 );
INSERT INTO "times" VALUES ( 19241, 12880, '20:06:00', '20:06:00', 20 );
INSERT INTO "times" VALUES ( 19241, 12890, '20:08:00', '20:08:00', 20 );
INSERT INTO "times" VALUES ( 19241, 12900, '20:10:00', '20:13:00', 20 );
INSERT INTO "times" VALUES ( 19241, 13510, '20:15:00', '20:15:00', 30 );
INSERT INTO "times" VALUES ( 19241, 13520, '20:18:00', NULL, NULL );

INSERT INTO "dias" VALUES ( 19242, 100, FALSE, TRUE, 'Q1801B', 13520, 11510 );
INSERT INTO "dias_line_groups" VALUES ( 19242, 10 );
INSERT INTO "times" VALUES ( 19242, 11510, '19:57:00', NULL, NULL );
INSERT INTO "times" VALUES ( 19242, 11520, '19:54:00', '19:54:00', 10 );
INSERT INTO "times" VALUES ( 19242, 11530, '19:53:00', '19:53:00', 10 );
INSERT INTO "times" VALUES ( 19242, 11540, '19:51:00', '19:51:00', 10 );
INSERT INTO "times" VALUES ( 19242, 12530, '19:50:00', '19:50:00', 10 );
INSERT INTO "times" VALUES ( 19242, 12540, '19:40:00', '19:47:00', 20 );
INSERT INTO "times" VALUES ( 19242, 12550, '19:38:00', '19:38:00', 20 );
INSERT INTO "times" VALUES ( 19242, 12560, '19:36:00', '19:36:00', 20 );
INSERT INTO "times" VALUES ( 19242, 12570, '19:34:00', '19:34:00', 20 );
INSERT INTO "times" VALUES ( 19242, 12580, '19:33:00', '19:33:00', 20 );
INSERT INTO "times" VALUES ( 19242, 12590, '19:32:00', '19:32:00', 20 );
INSERT INTO "times" VALUES ( 19242, 12600, '19:30:00', '19:30:00', 20 );
INSERT INTO "times" VALUES ( 19242, 12610, '19:26:00', '19:29:00', 20 );
INSERT INTO "times" VALUES ( 19242, 12620, '19:24:00', '19:24:00', 20 );
INSERT INTO "times" VALUES ( 19242, 12630, '19:22:00', '19:22:00', 20 );
INSERT INTO "times" VALUES ( 19242, 12640, '19:21:00', '19:21:00', 20 );
INSERT INTO "times" VALUES ( 19242, 12650, '19:19:00', '19:19:00', 20 );
INSERT INTO "times" VALUES ( 19242, 12660, '19:15:00', '19:17:00', 20 );
INSERT INTO "times" VALUES ( 19242, 12670, '19:12:00', '19:12:00', 20 );
INSERT INTO "times" VALUES ( 19242, 12680, '19:08:00', '19:09:00', 20 );
INSERT INTO "times" VALUES ( 19242, 12690, '19:06:00', '19:06:00', 20 );
INSERT INTO "times" VALUES ( 19242, 12700, '19:04:00', '19:04:00', 20 );
INSERT INTO "times" VALUES ( 19242, 12710, '18:58:00', '19:02:00', 20 );
INSERT INTO "times" VALUES ( 19242, 12720, '18:55:00', '18:55:00', 20 );
INSERT INTO "times" VALUES ( 19242, 12730, '18:52:00', '18:52:00', 20 );
INSERT INTO "times" VALUES ( 19242, 12740, '18:49:00', '18:50:00', 20 );
INSERT INTO "times" VALUES ( 19242, 12750, '18:46:00', '18:46:00', 20 );
INSERT INTO "times" VALUES ( 19242, 12760, '18:44:00', '18:44:00', 20 );
INSERT INTO "times" VALUES ( 19242, 12770, '18:40:00', '18:40:00', 20 );
INSERT INTO "times" VALUES ( 19242, 12780, '18:35:00', '18:35:00', 20 );
INSERT INTO "times" VALUES ( 19242, 12790, '18:33:00', '18:33:00', 20 );
INSERT INTO "times" VALUES ( 19242, 12800, '18:28:00', '18:31:00', 20 );
INSERT INTO "times" VALUES ( 19242, 12810, '18:26:00', '18:26:00', 20 );
INSERT INTO "times" VALUES ( 19242, 12820, '18:24:00', '18:24:00', 20 );
INSERT INTO "times" VALUES ( 19242, 12830, '18:23:00', '18:23:00', 20 );
INSERT INTO "times" VALUES ( 19242, 12840, '18:21:00', '18:21:00', 20 );
INSERT INTO "times" VALUES ( 19242, 12850, '18:19:00', '18:19:00', 20 );
INSERT INTO "times" VALUES ( 19242, 12860, '18:18:00', '18:18:00', 20 );
INSERT INTO "times" VALUES ( 19242, 12870, '18:16:00', '18:16:00', 20 );
INSERT INTO "times" VALUES ( 19242, 12880, '18:14:00', '18:14:00', 20 );
INSERT INTO "times" VALUES ( 19242, 12890, '18:12:00', '18:12:00', 20 );
INSERT INTO "times" VALUES ( 19242, 12900, '18:07:00', '18:11:00', 20 );
INSERT INTO "times" VALUES ( 19242, 13510, '18:05:00', '18:05:00', 30 );
INSERT INTO "times" VALUES ( 19242, 13520, NULL, '18:03:00', 30 );

INSERT INTO "dias" VALUES ( 19243, 100, FALSE, TRUE, 'Q1802Z', 11510, 13520 );
INSERT INTO "dias_line_groups" VALUES ( 19243, 10 );
INSERT INTO "times" VALUES ( 19243, 11510, NULL, '18:54:00', 10 );
INSERT INTO "times" VALUES ( 19243, 11520, '18:55:00', '18:55:00', 10 );
INSERT INTO "times" VALUES ( 19243, 11530, '18:57:00', '18:57:00', 10 );
INSERT INTO "times" VALUES ( 19243, 11540, '18:59:00', '18:59:00', 10 );
INSERT INTO "times" VALUES ( 19243, 12530, '19:01:00', '19:02:00', 20 );
INSERT INTO "times" VALUES ( 19243, 12540, '19:04:00', '19:11:00', 20 );
INSERT INTO "times" VALUES ( 19243, 12550, '19:13:00', '19:13:00', 20 );
INSERT INTO "times" VALUES ( 19243, 12560, '19:15:00', '19:15:00', 20 );
INSERT INTO "times" VALUES ( 19243, 12570, '19:16:00', '19:16:00', 20 );
INSERT INTO "times" VALUES ( 19243, 12580, '19:18:00', '19:18:00', 20 );
INSERT INTO "times" VALUES ( 19243, 12590, '19:19:00', '19:19:00', 20 );
INSERT INTO "times" VALUES ( 19243, 12600, '19:20:00', '19:20:00', 20 );
INSERT INTO "times" VALUES ( 19243, 12610, '19:22:00', '19:25:00', 20 );
INSERT INTO "times" VALUES ( 19243, 12620, '19:27:00', '19:27:00', 20 );
INSERT INTO "times" VALUES ( 19243, 12630, '19:28:00', '19:28:00', 20 );
INSERT INTO "times" VALUES ( 19243, 12640, '19:30:00', '19:30:00', 20 );
INSERT INTO "times" VALUES ( 19243, 12650, '19:32:00', '19:32:00', 20 );
INSERT INTO "times" VALUES ( 19243, 12660, '19:35:00', '19:35:00', 20 );
INSERT INTO "times" VALUES ( 19243, 12670, '19:38:00', '19:38:00', 20 );
INSERT INTO "times" VALUES ( 19243, 12680, '19:41:00', '19:44:00', 20 );
INSERT INTO "times" VALUES ( 19243, 12690, '19:46:00', '19:46:00', 20 );
INSERT INTO "times" VALUES ( 19243, 12700, '19:49:00', '19:49:00', 20 );
INSERT INTO "times" VALUES ( 19243, 12710, '19:51:00', '19:54:00', 20 );
INSERT INTO "times" VALUES ( 19243, 12720, '19:57:00', '19:57:00', 20 );
INSERT INTO "times" VALUES ( 19243, 12730, '19:59:00', '19:59:00', 20 );
INSERT INTO "times" VALUES ( 19243, 12740, '20:02:00', '20:02:00', 20 );
INSERT INTO "times" VALUES ( 19243, 12750, '20:05:00', '20:05:00', 20 );
INSERT INTO "times" VALUES ( 19243, 12760, '20:08:00', '20:08:00', 20 );
INSERT INTO "times" VALUES ( 19243, 12770, '20:12:00', '20:12:00', 20 );
INSERT INTO "times" VALUES ( 19243, 12780, '20:16:00', '20:16:00', 20 );
INSERT INTO "times" VALUES ( 19243, 12790, '20:17:00', '20:17:00', 20 );
INSERT INTO "times" VALUES ( 19243, 12800, '20:19:00', '20:23:00', 20 );
INSERT INTO "times" VALUES ( 19243, 12810, '20:25:00', '20:25:00', 20 );
INSERT INTO "times" VALUES ( 19243, 12820, '20:27:00', '20:27:00', 20 );
INSERT INTO "times" VALUES ( 19243, 12830, '20:29:00', '20:29:00', 20 );
INSERT INTO "times" VALUES ( 19243, 12840, '20:30:00', '20:30:00', 20 );
INSERT INTO "times" VALUES ( 19243, 12850, '20:31:00', '20:31:00', 20 );
INSERT INTO "times" VALUES ( 19243, 12860, '20:33:00', '20:33:00', 20 );
INSERT INTO "times" VALUES ( 19243, 12870, '20:35:00', '20:35:00', 20 );
INSERT INTO "times" VALUES ( 19243, 12880, '20:36:00', '20:36:00', 20 );
INSERT INTO "times" VALUES ( 19243, 12890, '20:38:00', '20:38:00', 20 );
INSERT INTO "times" VALUES ( 19243, 12900, '20:40:00', '20:43:00', 20 );
INSERT INTO "times" VALUES ( 19243, 13510, '20:45:00', '20:45:00', 30 );
INSERT INTO "times" VALUES ( 19243, 13520, '20:48:00', NULL, NULL );

INSERT INTO "dias" VALUES ( 19244, 100, FALSE, TRUE, 'Q1803B', 13520, 11510 );
INSERT INTO "dias_line_groups" VALUES ( 19244, 10 );
INSERT INTO "times" VALUES ( 19244, 11510, '20:17:00', NULL, NULL );
INSERT INTO "times" VALUES ( 19244, 11520, '20:14:00', '20:14:00', 10 );
INSERT INTO "times" VALUES ( 19244, 11530, '20:13:00', '20:13:00', 10 );
INSERT INTO "times" VALUES ( 19244, 11540, '20:11:00', '20:11:00', 10 );
INSERT INTO "times" VALUES ( 19244, 12530, '20:10:00', '20:10:00', 10 );
INSERT INTO "times" VALUES ( 19244, 12540, '20:00:00', '20:07:00', 20 );
INSERT INTO "times" VALUES ( 19244, 12550, '19:58:00', '19:58:00', 20 );
INSERT INTO "times" VALUES ( 19244, 12560, '19:56:00', '19:56:00', 20 );
INSERT INTO "times" VALUES ( 19244, 12570, '19:54:00', '19:54:00', 20 );
INSERT INTO "times" VALUES ( 19244, 12580, '19:53:00', '19:53:00', 20 );
INSERT INTO "times" VALUES ( 19244, 12590, '19:52:00', '19:52:00', 20 );
INSERT INTO "times" VALUES ( 19244, 12600, '19:50:00', '19:50:00', 20 );
INSERT INTO "times" VALUES ( 19244, 12610, '19:46:00', '19:49:00', 20 );
INSERT INTO "times" VALUES ( 19244, 12620, '19:44:00', '19:44:00', 20 );
INSERT INTO "times" VALUES ( 19244, 12630, '19:42:00', '19:42:00', 20 );
INSERT INTO "times" VALUES ( 19244, 12640, '19:40:00', '19:40:00', 20 );
INSERT INTO "times" VALUES ( 19244, 12650, '19:39:00', '19:39:00', 20 );
INSERT INTO "times" VALUES ( 19244, 12660, '19:37:00', '19:37:00', 20 );
INSERT INTO "times" VALUES ( 19244, 12670, '19:34:00', '19:34:00', 20 );
INSERT INTO "times" VALUES ( 19244, 12680, '19:27:00', '19:31:00', 20 );
INSERT INTO "times" VALUES ( 19244, 12690, '19:25:00', '19:25:00', 20 );
INSERT INTO "times" VALUES ( 19244, 12700, '19:22:00', '19:22:00', 20 );
INSERT INTO "times" VALUES ( 19244, 12710, '19:17:00', '19:20:00', 20 );
INSERT INTO "times" VALUES ( 19244, 12720, '19:14:00', '19:14:00', 20 );
INSERT INTO "times" VALUES ( 19244, 12730, '19:12:00', '19:12:00', 20 );
INSERT INTO "times" VALUES ( 19244, 12740, '19:10:00', '19:10:00', 20 );
INSERT INTO "times" VALUES ( 19244, 12750, '19:06:00', '19:06:00', 20 );
INSERT INTO "times" VALUES ( 19244, 12760, '19:04:00', '19:04:00', 20 );
INSERT INTO "times" VALUES ( 19244, 12770, '19:00:00', '19:00:00', 20 );
INSERT INTO "times" VALUES ( 19244, 12780, '18:55:00', '18:55:00', 20 );
INSERT INTO "times" VALUES ( 19244, 12790, '18:53:00', '18:53:00', 20 );
INSERT INTO "times" VALUES ( 19244, 12800, '18:48:00', '18:51:00', 20 );
INSERT INTO "times" VALUES ( 19244, 12810, '18:46:00', '18:46:00', 20 );
INSERT INTO "times" VALUES ( 19244, 12820, '18:44:00', '18:44:00', 20 );
INSERT INTO "times" VALUES ( 19244, 12830, '18:43:00', '18:43:00', 20 );
INSERT INTO "times" VALUES ( 19244, 12840, '18:41:00', '18:41:00', 20 );
INSERT INTO "times" VALUES ( 19244, 12850, '18:39:00', '18:39:00', 20 );
INSERT INTO "times" VALUES ( 19244, 12860, '18:38:00', '18:38:00', 20 );
INSERT INTO "times" VALUES ( 19244, 12870, '18:36:00', '18:36:00', 20 );
INSERT INTO "times" VALUES ( 19244, 12880, '18:34:00', '18:34:00', 20 );
INSERT INTO "times" VALUES ( 19244, 12890, '18:32:00', '18:32:00', 20 );
INSERT INTO "times" VALUES ( 19244, 12900, '18:27:00', '18:31:00', 20 );
INSERT INTO "times" VALUES ( 19244, 13510, '18:25:00', '18:25:00', 30 );
INSERT INTO "times" VALUES ( 19244, 13520, NULL, '18:23:00', 30 );

INSERT INTO "dias" VALUES ( 19245, 100, FALSE, TRUE, 'Q1805B', 13520, 11510 );
INSERT INTO "dias_line_groups" VALUES ( 19245, 10 );
INSERT INTO "times" VALUES ( 19245, 11510, '20:37:00', NULL, NULL );
INSERT INTO "times" VALUES ( 19245, 11520, '20:34:00', '20:34:00', 10 );
INSERT INTO "times" VALUES ( 19245, 11530, '20:33:00', '20:33:00', 10 );
INSERT INTO "times" VALUES ( 19245, 11540, '20:31:00', '20:31:00', 10 );
INSERT INTO "times" VALUES ( 19245, 12530, '20:30:00', '20:30:00', 10 );
INSERT INTO "times" VALUES ( 19245, 12540, '20:20:00', '20:27:00', 20 );
INSERT INTO "times" VALUES ( 19245, 12550, '20:18:00', '20:18:00', 20 );
INSERT INTO "times" VALUES ( 19245, 12560, '20:16:00', '20:16:00', 20 );
INSERT INTO "times" VALUES ( 19245, 12570, '20:14:00', '20:14:00', 20 );
INSERT INTO "times" VALUES ( 19245, 12580, '20:13:00', '20:13:00', 20 );
INSERT INTO "times" VALUES ( 19245, 12590, '20:12:00', '20:12:00', 20 );
INSERT INTO "times" VALUES ( 19245, 12600, '20:10:00', '20:10:00', 20 );
INSERT INTO "times" VALUES ( 19245, 12610, '20:06:00', '20:09:00', 20 );
INSERT INTO "times" VALUES ( 19245, 12620, '20:04:00', '20:04:00', 20 );
INSERT INTO "times" VALUES ( 19245, 12630, '20:02:00', '20:02:00', 20 );
INSERT INTO "times" VALUES ( 19245, 12640, '20:01:00', '20:01:00', 20 );
INSERT INTO "times" VALUES ( 19245, 12650, '19:59:00', '19:59:00', 20 );
INSERT INTO "times" VALUES ( 19245, 12660, '19:57:00', '19:57:00', 20 );
INSERT INTO "times" VALUES ( 19245, 12670, '19:54:00', '19:54:00', 20 );
INSERT INTO "times" VALUES ( 19245, 12680, '19:47:00', '19:51:00', 20 );
INSERT INTO "times" VALUES ( 19245, 12690, '19:45:00', '19:45:00', 20 );
INSERT INTO "times" VALUES ( 19245, 12700, '19:42:00', '19:42:00', 20 );
INSERT INTO "times" VALUES ( 19245, 12710, '19:37:00', '19:40:00', 20 );
INSERT INTO "times" VALUES ( 19245, 12720, '19:34:00', '19:34:00', 20 );
INSERT INTO "times" VALUES ( 19245, 12730, '19:32:00', '19:32:00', 20 );
INSERT INTO "times" VALUES ( 19245, 12740, '19:30:00', '19:30:00', 20 );
INSERT INTO "times" VALUES ( 19245, 12750, '19:26:00', '19:26:00', 20 );
INSERT INTO "times" VALUES ( 19245, 12760, '19:24:00', '19:24:00', 20 );
INSERT INTO "times" VALUES ( 19245, 12770, '19:20:00', '19:20:00', 20 );
INSERT INTO "times" VALUES ( 19245, 12780, '19:15:00', '19:15:00', 20 );
INSERT INTO "times" VALUES ( 19245, 12790, '19:13:00', '19:13:00', 20 );
INSERT INTO "times" VALUES ( 19245, 12800, '19:08:00', '19:11:00', 20 );
INSERT INTO "times" VALUES ( 19245, 12810, '19:06:00', '19:06:00', 20 );
INSERT INTO "times" VALUES ( 19245, 12820, '19:04:00', '19:04:00', 20 );
INSERT INTO "times" VALUES ( 19245, 12830, '19:03:00', '19:03:00', 20 );
INSERT INTO "times" VALUES ( 19245, 12840, '19:01:00', '19:01:00', 20 );
INSERT INTO "times" VALUES ( 19245, 12850, '18:59:00', '18:59:00', 20 );
INSERT INTO "times" VALUES ( 19245, 12860, '18:58:00', '18:58:00', 20 );
INSERT INTO "times" VALUES ( 19245, 12870, '18:56:00', '18:56:00', 20 );
INSERT INTO "times" VALUES ( 19245, 12880, '18:54:00', '18:54:00', 20 );
INSERT INTO "times" VALUES ( 19245, 12890, '18:52:00', '18:52:00', 20 );
INSERT INTO "times" VALUES ( 19245, 12900, '18:47:00', '18:51:00', 20 );
INSERT INTO "times" VALUES ( 19245, 13510, '18:45:00', '18:45:00', 30 );
INSERT INTO "times" VALUES ( 19245, 13520, NULL, '18:43:00', 30 );

INSERT INTO "dias" VALUES ( 19246, 100, FALSE, TRUE, 'Q1900Z', 11510, 13520 );
INSERT INTO "dias_line_groups" VALUES ( 19246, 10 );
INSERT INTO "times" VALUES ( 19246, 11510, NULL, '19:24:00', 10 );
INSERT INTO "times" VALUES ( 19246, 11520, '19:25:00', '19:25:00', 10 );
INSERT INTO "times" VALUES ( 19246, 11530, '19:27:00', '19:27:00', 10 );
INSERT INTO "times" VALUES ( 19246, 11540, '19:29:00', '19:29:00', 10 );
INSERT INTO "times" VALUES ( 19246, 12530, '19:31:00', '19:32:00', 20 );
INSERT INTO "times" VALUES ( 19246, 12540, '19:34:00', '19:41:00', 20 );
INSERT INTO "times" VALUES ( 19246, 12550, '19:43:00', '19:43:00', 20 );
INSERT INTO "times" VALUES ( 19246, 12560, '19:44:00', '19:44:00', 20 );
INSERT INTO "times" VALUES ( 19246, 12570, '19:46:00', '19:46:00', 20 );
INSERT INTO "times" VALUES ( 19246, 12580, '19:47:00', '19:47:00', 20 );
INSERT INTO "times" VALUES ( 19246, 12590, '19:49:00', '19:49:00', 20 );
INSERT INTO "times" VALUES ( 19246, 12600, '19:50:00', '19:50:00', 20 );
INSERT INTO "times" VALUES ( 19246, 12610, '19:52:00', '19:55:00', 20 );
INSERT INTO "times" VALUES ( 19246, 12620, '19:57:00', '19:57:00', 20 );
INSERT INTO "times" VALUES ( 19246, 12630, '19:58:00', '19:58:00', 20 );
INSERT INTO "times" VALUES ( 19246, 12640, '20:00:00', '20:00:00', 20 );
INSERT INTO "times" VALUES ( 19246, 12650, '20:02:00', '20:02:00', 20 );
INSERT INTO "times" VALUES ( 19246, 12660, '20:05:00', '20:05:00', 20 );
INSERT INTO "times" VALUES ( 19246, 12670, '20:08:00', '20:08:00', 20 );
INSERT INTO "times" VALUES ( 19246, 12680, '20:11:00', '20:14:00', 20 );
INSERT INTO "times" VALUES ( 19246, 12690, '20:16:00', '20:16:00', 20 );
INSERT INTO "times" VALUES ( 19246, 12700, '20:19:00', '20:19:00', 20 );
INSERT INTO "times" VALUES ( 19246, 12710, '20:21:00', '20:24:00', 20 );
INSERT INTO "times" VALUES ( 19246, 12720, '20:27:00', '20:27:00', 20 );
INSERT INTO "times" VALUES ( 19246, 12730, '20:29:00', '20:29:00', 20 );
INSERT INTO "times" VALUES ( 19246, 12740, '20:32:00', '20:32:00', 20 );
INSERT INTO "times" VALUES ( 19246, 12750, '20:35:00', '20:35:00', 20 );
INSERT INTO "times" VALUES ( 19246, 12760, '20:38:00', '20:38:00', 20 );
INSERT INTO "times" VALUES ( 19246, 12770, '20:42:00', '20:42:00', 20 );
INSERT INTO "times" VALUES ( 19246, 12780, '20:46:00', '20:46:00', 20 );
INSERT INTO "times" VALUES ( 19246, 12790, '20:47:00', '20:47:00', 20 );
INSERT INTO "times" VALUES ( 19246, 12800, '20:49:00', '20:53:00', 20 );
INSERT INTO "times" VALUES ( 19246, 12810, '20:55:00', '20:55:00', 20 );
INSERT INTO "times" VALUES ( 19246, 12820, '20:57:00', '20:57:00', 20 );
INSERT INTO "times" VALUES ( 19246, 12830, '20:59:00', '20:59:00', 20 );
INSERT INTO "times" VALUES ( 19246, 12840, '21:00:00', '21:00:00', 20 );
INSERT INTO "times" VALUES ( 19246, 12850, '21:01:00', '21:01:00', 20 );
INSERT INTO "times" VALUES ( 19246, 12860, '21:03:00', '21:03:00', 20 );
INSERT INTO "times" VALUES ( 19246, 12870, '21:05:00', '21:05:00', 20 );
INSERT INTO "times" VALUES ( 19246, 12880, '21:06:00', '21:06:00', 20 );
INSERT INTO "times" VALUES ( 19246, 12890, '21:08:00', '21:08:00', 20 );
INSERT INTO "times" VALUES ( 19246, 12900, '21:10:00', '21:13:00', 20 );
INSERT INTO "times" VALUES ( 19246, 13510, '21:15:00', '21:15:00', 30 );
INSERT INTO "times" VALUES ( 19246, 13520, '21:18:00', NULL, NULL );

INSERT INTO "dias" VALUES ( 19247, 100, FALSE, TRUE, 'Q1901B', 13520, 11510 );
INSERT INTO "dias_line_groups" VALUES ( 19247, 10 );
INSERT INTO "times" VALUES ( 19247, 11510, '21:07:00', NULL, NULL );
INSERT INTO "times" VALUES ( 19247, 11520, '21:04:00', '21:04:00', 10 );
INSERT INTO "times" VALUES ( 19247, 11530, '21:03:00', '21:03:00', 10 );
INSERT INTO "times" VALUES ( 19247, 11540, '21:01:00', '21:01:00', 10 );
INSERT INTO "times" VALUES ( 19247, 12530, '21:00:00', '21:00:00', 10 );
INSERT INTO "times" VALUES ( 19247, 12540, '20:50:00', '20:57:00', 20 );
INSERT INTO "times" VALUES ( 19247, 12550, '20:48:00', '20:48:00', 20 );
INSERT INTO "times" VALUES ( 19247, 12560, '20:46:00', '20:46:00', 20 );
INSERT INTO "times" VALUES ( 19247, 12570, '20:44:00', '20:44:00', 20 );
INSERT INTO "times" VALUES ( 19247, 12580, '20:43:00', '20:43:00', 20 );
INSERT INTO "times" VALUES ( 19247, 12590, '20:42:00', '20:42:00', 20 );
INSERT INTO "times" VALUES ( 19247, 12600, '20:40:00', '20:40:00', 20 );
INSERT INTO "times" VALUES ( 19247, 12610, '20:36:00', '20:39:00', 20 );
INSERT INTO "times" VALUES ( 19247, 12620, '20:34:00', '20:34:00', 20 );
INSERT INTO "times" VALUES ( 19247, 12630, '20:32:00', '20:32:00', 20 );
INSERT INTO "times" VALUES ( 19247, 12640, '20:31:00', '20:31:00', 20 );
INSERT INTO "times" VALUES ( 19247, 12650, '20:29:00', '20:29:00', 20 );
INSERT INTO "times" VALUES ( 19247, 12660, '20:27:00', '20:27:00', 20 );
INSERT INTO "times" VALUES ( 19247, 12670, '20:23:00', '20:23:00', 20 );
INSERT INTO "times" VALUES ( 19247, 12680, '20:17:00', '20:20:00', 20 );
INSERT INTO "times" VALUES ( 19247, 12690, '20:14:00', '20:14:00', 20 );
INSERT INTO "times" VALUES ( 19247, 12700, '20:12:00', '20:12:00', 20 );
INSERT INTO "times" VALUES ( 19247, 12710, '20:07:00', '20:10:00', 20 );
INSERT INTO "times" VALUES ( 19247, 12720, '20:04:00', '20:04:00', 20 );
INSERT INTO "times" VALUES ( 19247, 12730, '20:02:00', '20:02:00', 20 );
INSERT INTO "times" VALUES ( 19247, 12740, '19:59:00', '19:59:00', 20 );
INSERT INTO "times" VALUES ( 19247, 12750, '19:56:00', '19:56:00', 20 );
INSERT INTO "times" VALUES ( 19247, 12760, '19:54:00', '19:54:00', 20 );
INSERT INTO "times" VALUES ( 19247, 12770, '19:50:00', '19:50:00', 20 );
INSERT INTO "times" VALUES ( 19247, 12780, '19:45:00', '19:45:00', 20 );
INSERT INTO "times" VALUES ( 19247, 12790, '19:43:00', '19:43:00', 20 );
INSERT INTO "times" VALUES ( 19247, 12800, '19:38:00', '19:41:00', 20 );
INSERT INTO "times" VALUES ( 19247, 12810, '19:36:00', '19:36:00', 20 );
INSERT INTO "times" VALUES ( 19247, 12820, '19:34:00', '19:34:00', 20 );
INSERT INTO "times" VALUES ( 19247, 12830, '19:33:00', '19:33:00', 20 );
INSERT INTO "times" VALUES ( 19247, 12840, '19:31:00', '19:31:00', 20 );
INSERT INTO "times" VALUES ( 19247, 12850, '19:29:00', '19:29:00', 20 );
INSERT INTO "times" VALUES ( 19247, 12860, '19:27:00', '19:27:00', 20 );
INSERT INTO "times" VALUES ( 19247, 12870, '19:26:00', '19:26:00', 20 );
INSERT INTO "times" VALUES ( 19247, 12880, '19:24:00', '19:24:00', 20 );
INSERT INTO "times" VALUES ( 19247, 12890, '19:22:00', '19:22:00', 20 );
INSERT INTO "times" VALUES ( 19247, 12900, '19:17:00', '19:21:00', 20 );
INSERT INTO "times" VALUES ( 19247, 13510, '19:15:00', '19:15:00', 30 );
INSERT INTO "times" VALUES ( 19247, 13520, NULL, '19:13:00', 30 );

INSERT INTO "dias" VALUES ( 19248, 100, FALSE, TRUE, 'Q1902Z', 11510, 13520 );
INSERT INTO "dias_line_groups" VALUES ( 19248, 10 );
INSERT INTO "times" VALUES ( 19248, 11510, NULL, '19:44:00', 10 );
INSERT INTO "times" VALUES ( 19248, 11520, '19:45:00', '19:45:00', 10 );
INSERT INTO "times" VALUES ( 19248, 11530, '19:47:00', '19:47:00', 10 );
INSERT INTO "times" VALUES ( 19248, 11540, '19:49:00', '19:49:00', 10 );
INSERT INTO "times" VALUES ( 19248, 12530, '19:51:00', '19:52:00', 20 );
INSERT INTO "times" VALUES ( 19248, 12540, '19:54:00', '20:00:00', 20 );
INSERT INTO "times" VALUES ( 19248, 12550, '20:03:00', '20:03:00', 20 );
INSERT INTO "times" VALUES ( 19248, 12560, '20:04:00', '20:04:00', 20 );
INSERT INTO "times" VALUES ( 19248, 12570, '20:06:00', '20:06:00', 20 );
INSERT INTO "times" VALUES ( 19248, 12580, '20:07:00', '20:07:00', 20 );
INSERT INTO "times" VALUES ( 19248, 12590, '20:09:00', '20:09:00', 20 );
INSERT INTO "times" VALUES ( 19248, 12600, '20:10:00', '20:10:00', 20 );
INSERT INTO "times" VALUES ( 19248, 12610, '20:12:00', '20:15:00', 20 );
INSERT INTO "times" VALUES ( 19248, 12620, '20:17:00', '20:17:00', 20 );
INSERT INTO "times" VALUES ( 19248, 12630, '20:18:00', '20:18:00', 20 );
INSERT INTO "times" VALUES ( 19248, 12640, '20:20:00', '20:20:00', 20 );
INSERT INTO "times" VALUES ( 19248, 12650, '20:22:00', '20:22:00', 20 );
INSERT INTO "times" VALUES ( 19248, 12660, '20:25:00', '20:25:00', 20 );
INSERT INTO "times" VALUES ( 19248, 12670, '20:28:00', '20:28:00', 20 );
INSERT INTO "times" VALUES ( 19248, 12680, '20:31:00', '20:34:00', 20 );
INSERT INTO "times" VALUES ( 19248, 12690, '20:36:00', '20:36:00', 20 );
INSERT INTO "times" VALUES ( 19248, 12700, '20:39:00', '20:39:00', 20 );
INSERT INTO "times" VALUES ( 19248, 12710, '20:41:00', '20:44:00', 20 );
INSERT INTO "times" VALUES ( 19248, 12720, '20:47:00', '20:47:00', 20 );
INSERT INTO "times" VALUES ( 19248, 12730, '20:49:00', '20:49:00', 20 );
INSERT INTO "times" VALUES ( 19248, 12740, '20:52:00', '20:52:00', 20 );
INSERT INTO "times" VALUES ( 19248, 12750, '20:55:00', '20:55:00', 20 );
INSERT INTO "times" VALUES ( 19248, 12760, '20:58:00', '20:58:00', 20 );
INSERT INTO "times" VALUES ( 19248, 12770, '21:02:00', '21:02:00', 20 );
INSERT INTO "times" VALUES ( 19248, 12780, '21:06:00', '21:06:00', 20 );
INSERT INTO "times" VALUES ( 19248, 12790, '21:07:00', '21:07:00', 20 );
INSERT INTO "times" VALUES ( 19248, 12800, '21:09:00', '21:13:00', 20 );
INSERT INTO "times" VALUES ( 19248, 12810, '21:15:00', '21:15:00', 20 );
INSERT INTO "times" VALUES ( 19248, 12820, '21:17:00', '21:17:00', 20 );
INSERT INTO "times" VALUES ( 19248, 12830, '21:19:00', '21:19:00', 20 );
INSERT INTO "times" VALUES ( 19248, 12840, '21:20:00', '21:20:00', 20 );
INSERT INTO "times" VALUES ( 19248, 12850, '21:21:00', '21:21:00', 20 );
INSERT INTO "times" VALUES ( 19248, 12860, '21:23:00', '21:23:00', 20 );
INSERT INTO "times" VALUES ( 19248, 12870, '21:25:00', '21:25:00', 20 );
INSERT INTO "times" VALUES ( 19248, 12880, '21:26:00', '21:26:00', 20 );
INSERT INTO "times" VALUES ( 19248, 12890, '21:28:00', '21:28:00', 20 );
INSERT INTO "times" VALUES ( 19248, 12900, '21:30:00', '21:33:00', 20 );
INSERT INTO "times" VALUES ( 19248, 13510, '21:35:00', '21:35:00', 30 );
INSERT INTO "times" VALUES ( 19248, 13520, '21:38:00', NULL, NULL );

INSERT INTO "dias" VALUES ( 19249, 100, FALSE, TRUE, 'Q1903B', 13520, 11510 );
INSERT INTO "dias_line_groups" VALUES ( 19249, 10 );
INSERT INTO "times" VALUES ( 19249, 11510, '21:21:00', NULL, NULL );
INSERT INTO "times" VALUES ( 19249, 11520, '21:19:00', '21:19:00', 10 );
INSERT INTO "times" VALUES ( 19249, 11530, '21:17:00', '21:17:00', 10 );
INSERT INTO "times" VALUES ( 19249, 11540, '21:16:00', '21:16:00', 10 );
INSERT INTO "times" VALUES ( 19249, 12530, '21:13:00', '21:14:00', 10 );
INSERT INTO "times" VALUES ( 19249, 12540, '21:08:00', '21:11:00', 20 );
INSERT INTO "times" VALUES ( 19249, 12550, '21:06:00', '21:06:00', 20 );
INSERT INTO "times" VALUES ( 19249, 12560, '21:04:00', '21:04:00', 20 );
INSERT INTO "times" VALUES ( 19249, 12570, '21:03:00', '21:03:00', 20 );
INSERT INTO "times" VALUES ( 19249, 12580, '21:01:00', '21:01:00', 20 );
INSERT INTO "times" VALUES ( 19249, 12590, '21:00:00', '21:00:00', 20 );
INSERT INTO "times" VALUES ( 19249, 12600, '20:59:00', '20:59:00', 20 );
INSERT INTO "times" VALUES ( 19249, 12610, '20:56:00', '20:58:00', 20 );
INSERT INTO "times" VALUES ( 19249, 12620, '20:54:00', '20:54:00', 20 );
INSERT INTO "times" VALUES ( 19249, 12630, '20:52:00', '20:52:00', 20 );
INSERT INTO "times" VALUES ( 19249, 12640, '20:51:00', '20:51:00', 20 );
INSERT INTO "times" VALUES ( 19249, 12650, '20:49:00', '20:49:00', 20 );
INSERT INTO "times" VALUES ( 19249, 12660, '20:46:00', '20:47:00', 20 );
INSERT INTO "times" VALUES ( 19249, 12670, '20:43:00', '20:43:00', 20 );
INSERT INTO "times" VALUES ( 19249, 12680, '20:37:00', '20:40:00', 20 );
INSERT INTO "times" VALUES ( 19249, 12690, '20:34:00', '20:34:00', 20 );
INSERT INTO "times" VALUES ( 19249, 12700, '20:32:00', '20:32:00', 20 );
INSERT INTO "times" VALUES ( 19249, 12710, '20:27:00', '20:30:00', 20 );
INSERT INTO "times" VALUES ( 19249, 12720, '20:24:00', '20:24:00', 20 );
INSERT INTO "times" VALUES ( 19249, 12730, '20:22:00', '20:22:00', 20 );
INSERT INTO "times" VALUES ( 19249, 12740, '20:19:00', '20:19:00', 20 );
INSERT INTO "times" VALUES ( 19249, 12750, '20:16:00', '20:16:00', 20 );
INSERT INTO "times" VALUES ( 19249, 12760, '20:14:00', '20:14:00', 20 );
INSERT INTO "times" VALUES ( 19249, 12770, '20:10:00', '20:10:00', 20 );
INSERT INTO "times" VALUES ( 19249, 12780, '20:05:00', '20:05:00', 20 );
INSERT INTO "times" VALUES ( 19249, 12790, '20:03:00', '20:03:00', 20 );
INSERT INTO "times" VALUES ( 19249, 12800, '19:58:00', '20:01:00', 20 );
INSERT INTO "times" VALUES ( 19249, 12810, '19:56:00', '19:56:00', 20 );
INSERT INTO "times" VALUES ( 19249, 12820, '19:54:00', '19:54:00', 20 );
INSERT INTO "times" VALUES ( 19249, 12830, '19:53:00', '19:53:00', 20 );
INSERT INTO "times" VALUES ( 19249, 12840, '19:51:00', '19:51:00', 20 );
INSERT INTO "times" VALUES ( 19249, 12850, '19:49:00', '19:49:00', 20 );
INSERT INTO "times" VALUES ( 19249, 12860, '19:47:00', '19:47:00', 20 );
INSERT INTO "times" VALUES ( 19249, 12870, '19:46:00', '19:46:00', 20 );
INSERT INTO "times" VALUES ( 19249, 12880, '19:44:00', '19:44:00', 20 );
INSERT INTO "times" VALUES ( 19249, 12890, '19:42:00', '19:42:00', 20 );
INSERT INTO "times" VALUES ( 19249, 12900, '19:37:00', '19:41:00', 20 );
INSERT INTO "times" VALUES ( 19249, 13510, '19:35:00', '19:35:00', 30 );
INSERT INTO "times" VALUES ( 19249, 13520, NULL, '19:33:00', 30 );

INSERT INTO "dias" VALUES ( 19250, 100, FALSE, TRUE, 'Q1905B', 13520, 11510 );
INSERT INTO "dias_line_groups" VALUES ( 19250, 10 );
INSERT INTO "times" VALUES ( 19250, 11510, '21:41:00', NULL, NULL );
INSERT INTO "times" VALUES ( 19250, 11520, '21:38:00', '21:38:00', 10 );
INSERT INTO "times" VALUES ( 19250, 11530, '21:37:00', '21:37:00', 10 );
INSERT INTO "times" VALUES ( 19250, 11540, '21:35:00', '21:35:00', 10 );
INSERT INTO "times" VALUES ( 19250, 12530, '21:34:00', '21:34:00', 10 );
INSERT INTO "times" VALUES ( 19250, 12540, '21:28:00', '21:31:00', 20 );
INSERT INTO "times" VALUES ( 19250, 12550, '21:25:00', '21:25:00', 20 );
INSERT INTO "times" VALUES ( 19250, 12560, '21:24:00', '21:24:00', 20 );
INSERT INTO "times" VALUES ( 19250, 12570, '21:22:00', '21:22:00', 20 );
INSERT INTO "times" VALUES ( 19250, 12580, '21:21:00', '21:21:00', 20 );
INSERT INTO "times" VALUES ( 19250, 12590, '21:19:00', '21:19:00', 20 );
INSERT INTO "times" VALUES ( 19250, 12600, '21:18:00', '21:18:00', 20 );
INSERT INTO "times" VALUES ( 19250, 12610, '21:13:00', '21:17:00', 20 );
INSERT INTO "times" VALUES ( 19250, 12620, '21:11:00', '21:11:00', 20 );
INSERT INTO "times" VALUES ( 19250, 12630, '21:09:00', '21:09:00', 20 );
INSERT INTO "times" VALUES ( 19250, 12640, '21:08:00', '21:08:00', 20 );
INSERT INTO "times" VALUES ( 19250, 12650, '21:06:00', '21:06:00', 20 );
INSERT INTO "times" VALUES ( 19250, 12660, '21:03:00', '21:04:00', 20 );
INSERT INTO "times" VALUES ( 19250, 12670, '21:00:00', '21:00:00', 20 );
INSERT INTO "times" VALUES ( 19250, 12680, '20:52:00', '20:57:00', 20 );
INSERT INTO "times" VALUES ( 19250, 12690, '20:49:00', '20:49:00', 20 );
INSERT INTO "times" VALUES ( 19250, 12700, '20:47:00', '20:47:00', 20 );
INSERT INTO "times" VALUES ( 19250, 12710, '20:45:00', '20:45:00', 20 );
INSERT INTO "times" VALUES ( 19250, 12720, '20:43:00', '20:43:00', 20 );
INSERT INTO "times" VALUES ( 19250, 12730, '20:40:00', '20:40:00', 20 );
INSERT INTO "times" VALUES ( 19250, 12740, '20:38:00', '20:38:00', 20 );
INSERT INTO "times" VALUES ( 19250, 12750, '20:34:00', '20:34:00', 20 );
INSERT INTO "times" VALUES ( 19250, 12760, '20:32:00', '20:32:00', 20 );
INSERT INTO "times" VALUES ( 19250, 12770, '20:28:00', '20:28:00', 20 );
INSERT INTO "times" VALUES ( 19250, 12780, '20:24:00', '20:24:00', 20 );
INSERT INTO "times" VALUES ( 19250, 12790, '20:21:00', '20:21:00', 20 );
INSERT INTO "times" VALUES ( 19250, 12800, '20:16:00', '20:19:00', 20 );
INSERT INTO "times" VALUES ( 19250, 12810, '20:14:00', '20:14:00', 20 );
INSERT INTO "times" VALUES ( 19250, 12820, '20:12:00', '20:12:00', 20 );
INSERT INTO "times" VALUES ( 19250, 12830, '20:11:00', '20:11:00', 20 );
INSERT INTO "times" VALUES ( 19250, 12840, '20:09:00', '20:09:00', 20 );
INSERT INTO "times" VALUES ( 19250, 12850, '20:08:00', '20:08:00', 20 );
INSERT INTO "times" VALUES ( 19250, 12860, '20:06:00', '20:06:00', 20 );
INSERT INTO "times" VALUES ( 19250, 12870, '20:04:00', '20:04:00', 20 );
INSERT INTO "times" VALUES ( 19250, 12880, '20:02:00', '20:02:00', 20 );
INSERT INTO "times" VALUES ( 19250, 12890, '20:01:00', '20:01:00', 20 );
INSERT INTO "times" VALUES ( 19250, 12900, '19:56:00', '19:59:00', 20 );
INSERT INTO "times" VALUES ( 19250, 13510, '19:53:00', '19:53:00', 30 );
INSERT INTO "times" VALUES ( 19250, 13520, NULL, '19:51:00', 30 );

INSERT INTO "dias" VALUES ( 19251, 100, FALSE, TRUE, 'Q2000Z', 11510, 13520 );
INSERT INTO "dias_line_groups" VALUES ( 19251, 10 );
INSERT INTO "times" VALUES ( 19251, 11510, NULL, '20:14:00', 10 );
INSERT INTO "times" VALUES ( 19251, 11520, '20:15:00', '20:15:00', 10 );
INSERT INTO "times" VALUES ( 19251, 11530, '20:17:00', '20:17:00', 10 );
INSERT INTO "times" VALUES ( 19251, 11540, '20:19:00', '20:19:00', 10 );
INSERT INTO "times" VALUES ( 19251, 12530, '20:21:00', '20:22:00', 20 );
INSERT INTO "times" VALUES ( 19251, 12540, '20:24:00', '20:30:00', 20 );
INSERT INTO "times" VALUES ( 19251, 12550, '20:33:00', '20:33:00', 20 );
INSERT INTO "times" VALUES ( 19251, 12560, '20:34:00', '20:34:00', 20 );
INSERT INTO "times" VALUES ( 19251, 12570, '20:36:00', '20:36:00', 20 );
INSERT INTO "times" VALUES ( 19251, 12580, '20:37:00', '20:37:00', 20 );
INSERT INTO "times" VALUES ( 19251, 12590, '20:39:00', '20:39:00', 20 );
INSERT INTO "times" VALUES ( 19251, 12600, '20:40:00', '20:40:00', 20 );
INSERT INTO "times" VALUES ( 19251, 12610, '20:42:00', '20:45:00', 20 );
INSERT INTO "times" VALUES ( 19251, 12620, '20:47:00', '20:47:00', 20 );
INSERT INTO "times" VALUES ( 19251, 12630, '20:48:00', '20:48:00', 20 );
INSERT INTO "times" VALUES ( 19251, 12640, '20:50:00', '20:50:00', 20 );
INSERT INTO "times" VALUES ( 19251, 12650, '20:52:00', '20:52:00', 20 );
INSERT INTO "times" VALUES ( 19251, 12660, '20:55:00', '20:55:00', 20 );
INSERT INTO "times" VALUES ( 19251, 12670, '20:58:00', '20:58:00', 20 );
INSERT INTO "times" VALUES ( 19251, 12680, '21:01:00', '21:04:00', 20 );
INSERT INTO "times" VALUES ( 19251, 12690, '21:06:00', '21:06:00', 20 );
INSERT INTO "times" VALUES ( 19251, 12700, '21:09:00', '21:09:00', 20 );
INSERT INTO "times" VALUES ( 19251, 12710, '21:11:00', '21:14:00', 20 );
INSERT INTO "times" VALUES ( 19251, 12720, '21:17:00', '21:17:00', 20 );
INSERT INTO "times" VALUES ( 19251, 12730, '21:19:00', '21:19:00', 20 );
INSERT INTO "times" VALUES ( 19251, 12740, '21:22:00', '21:22:00', 20 );
INSERT INTO "times" VALUES ( 19251, 12750, '21:25:00', '21:25:00', 20 );
INSERT INTO "times" VALUES ( 19251, 12760, '21:28:00', '21:28:00', 20 );
INSERT INTO "times" VALUES ( 19251, 12770, '21:32:00', '21:32:00', 20 );
INSERT INTO "times" VALUES ( 19251, 12780, '21:36:00', '21:36:00', 20 );
INSERT INTO "times" VALUES ( 19251, 12790, '21:37:00', '21:37:00', 20 );
INSERT INTO "times" VALUES ( 19251, 12800, '21:39:00', '21:43:00', 20 );
INSERT INTO "times" VALUES ( 19251, 12810, '21:45:00', '21:45:00', 20 );
INSERT INTO "times" VALUES ( 19251, 12820, '21:47:00', '21:47:00', 20 );
INSERT INTO "times" VALUES ( 19251, 12830, '21:49:00', '21:49:00', 20 );
INSERT INTO "times" VALUES ( 19251, 12840, '21:50:00', '21:50:00', 20 );
INSERT INTO "times" VALUES ( 19251, 12850, '21:51:00', '21:51:00', 20 );
INSERT INTO "times" VALUES ( 19251, 12860, '21:53:00', '21:53:00', 20 );
INSERT INTO "times" VALUES ( 19251, 12870, '21:55:00', '21:55:00', 20 );
INSERT INTO "times" VALUES ( 19251, 12880, '21:56:00', '21:56:00', 20 );
INSERT INTO "times" VALUES ( 19251, 12890, '21:58:00', '21:58:00', 20 );
INSERT INTO "times" VALUES ( 19251, 12900, '22:00:00', '22:00:00', 20 );
INSERT INTO "times" VALUES ( 19251, 13510, '22:02:00', '22:02:00', 30 );
INSERT INTO "times" VALUES ( 19251, 13520, '22:05:00', NULL, NULL );

INSERT INTO "dias" VALUES ( 19252, 100, FALSE, TRUE, 'Q2001B', 13520, 11510 );
INSERT INTO "dias_line_groups" VALUES ( 19252, 10 );
INSERT INTO "times" VALUES ( 19252, 11510, '22:01:00', NULL, NULL );
INSERT INTO "times" VALUES ( 19252, 11520, '21:58:00', '21:58:00', 10 );
INSERT INTO "times" VALUES ( 19252, 11530, '21:57:00', '21:57:00', 10 );
INSERT INTO "times" VALUES ( 19252, 11540, '21:55:00', '21:55:00', 10 );
INSERT INTO "times" VALUES ( 19252, 12530, '21:54:00', '21:54:00', 10 );
INSERT INTO "times" VALUES ( 19252, 12540, '21:48:00', '21:51:00', 20 );
INSERT INTO "times" VALUES ( 19252, 12550, '21:46:00', '21:46:00', 20 );
INSERT INTO "times" VALUES ( 19252, 12560, '21:44:00', '21:44:00', 20 );
INSERT INTO "times" VALUES ( 19252, 12570, '21:43:00', '21:43:00', 20 );
INSERT INTO "times" VALUES ( 19252, 12580, '21:41:00', '21:41:00', 20 );
INSERT INTO "times" VALUES ( 19252, 12590, '21:40:00', '21:40:00', 20 );
INSERT INTO "times" VALUES ( 19252, 12600, '21:38:00', '21:38:00', 20 );
INSERT INTO "times" VALUES ( 19252, 12610, '21:33:00', '21:37:00', 20 );
INSERT INTO "times" VALUES ( 19252, 12620, '21:31:00', '21:31:00', 20 );
INSERT INTO "times" VALUES ( 19252, 12630, '21:29:00', '21:29:00', 20 );
INSERT INTO "times" VALUES ( 19252, 12640, '21:28:00', '21:28:00', 20 );
INSERT INTO "times" VALUES ( 19252, 12650, '21:26:00', '21:26:00', 20 );
INSERT INTO "times" VALUES ( 19252, 12660, '21:23:00', '21:24:00', 20 );
INSERT INTO "times" VALUES ( 19252, 12670, '21:20:00', '21:20:00', 20 );
INSERT INTO "times" VALUES ( 19252, 12680, '21:12:00', '21:17:00', 20 );
INSERT INTO "times" VALUES ( 19252, 12690, '21:09:00', '21:09:00', 20 );
INSERT INTO "times" VALUES ( 19252, 12700, '21:07:00', '21:07:00', 20 );
INSERT INTO "times" VALUES ( 19252, 12710, '21:05:00', '21:05:00', 20 );
INSERT INTO "times" VALUES ( 19252, 12720, '21:03:00', '21:03:00', 20 );
INSERT INTO "times" VALUES ( 19252, 12730, '21:00:00', '21:00:00', 20 );
INSERT INTO "times" VALUES ( 19252, 12740, '20:58:00', '20:58:00', 20 );
INSERT INTO "times" VALUES ( 19252, 12750, '20:54:00', '20:54:00', 20 );
INSERT INTO "times" VALUES ( 19252, 12760, '20:52:00', '20:52:00', 20 );
INSERT INTO "times" VALUES ( 19252, 12770, '20:48:00', '20:48:00', 20 );
INSERT INTO "times" VALUES ( 19252, 12780, '20:44:00', '20:44:00', 20 );
INSERT INTO "times" VALUES ( 19252, 12790, '20:41:00', '20:41:00', 20 );
INSERT INTO "times" VALUES ( 19252, 12800, '20:36:00', '20:39:00', 20 );
INSERT INTO "times" VALUES ( 19252, 12810, '20:34:00', '20:34:00', 20 );
INSERT INTO "times" VALUES ( 19252, 12820, '20:32:00', '20:32:00', 20 );
INSERT INTO "times" VALUES ( 19252, 12830, '20:31:00', '20:31:00', 20 );
INSERT INTO "times" VALUES ( 19252, 12840, '20:29:00', '20:29:00', 20 );
INSERT INTO "times" VALUES ( 19252, 12850, '20:27:00', '20:27:00', 20 );
INSERT INTO "times" VALUES ( 19252, 12860, '20:25:00', '20:25:00', 20 );
INSERT INTO "times" VALUES ( 19252, 12870, '20:24:00', '20:24:00', 20 );
INSERT INTO "times" VALUES ( 19252, 12880, '20:22:00', '20:22:00', 20 );
INSERT INTO "times" VALUES ( 19252, 12890, '20:20:00', '20:20:00', 20 );
INSERT INTO "times" VALUES ( 19252, 12900, '20:15:00', '20:19:00', 20 );
INSERT INTO "times" VALUES ( 19252, 13510, '20:13:00', '20:13:00', 30 );
INSERT INTO "times" VALUES ( 19252, 13520, NULL, '20:11:00', 30 );

INSERT INTO "dias" VALUES ( 19253, 100, FALSE, TRUE, 'Q2002Z', 11510, 13520 );
INSERT INTO "dias_line_groups" VALUES ( 19253, 10 );
INSERT INTO "times" VALUES ( 19253, 11510, NULL, '20:34:00', 10 );
INSERT INTO "times" VALUES ( 19253, 11520, '20:35:00', '20:35:00', 10 );
INSERT INTO "times" VALUES ( 19253, 11530, '20:37:00', '20:37:00', 10 );
INSERT INTO "times" VALUES ( 19253, 11540, '20:39:00', '20:39:00', 10 );
INSERT INTO "times" VALUES ( 19253, 12530, '20:41:00', '20:42:00', 20 );
INSERT INTO "times" VALUES ( 19253, 12540, '20:44:00', '20:50:00', 20 );
INSERT INTO "times" VALUES ( 19253, 12550, '20:52:00', '20:52:00', 20 );
INSERT INTO "times" VALUES ( 19253, 12560, '20:54:00', '20:54:00', 20 );
INSERT INTO "times" VALUES ( 19253, 12570, '20:56:00', '20:56:00', 20 );
INSERT INTO "times" VALUES ( 19253, 12580, '20:57:00', '20:57:00', 20 );
INSERT INTO "times" VALUES ( 19253, 12590, '20:58:00', '20:58:00', 20 );
INSERT INTO "times" VALUES ( 19253, 12600, '21:00:00', '21:00:00', 20 );
INSERT INTO "times" VALUES ( 19253, 12610, '21:01:00', '21:05:00', 20 );
INSERT INTO "times" VALUES ( 19253, 12620, '21:06:00', '21:06:00', 20 );
INSERT INTO "times" VALUES ( 19253, 12630, '21:08:00', '21:08:00', 20 );
INSERT INTO "times" VALUES ( 19253, 12640, '21:09:00', '21:09:00', 20 );
INSERT INTO "times" VALUES ( 19253, 12650, '21:11:00', '21:11:00', 20 );
INSERT INTO "times" VALUES ( 19253, 12660, '21:13:00', '21:15:00', 20 );
INSERT INTO "times" VALUES ( 19253, 12670, '21:18:00', '21:18:00', 20 );
INSERT INTO "times" VALUES ( 19253, 12680, '21:21:00', '21:27:00', 20 );
INSERT INTO "times" VALUES ( 19253, 12690, '21:29:00', '21:29:00', 20 );
INSERT INTO "times" VALUES ( 19253, 12700, '21:31:00', '21:31:00', 20 );
INSERT INTO "times" VALUES ( 19253, 12710, '21:33:00', '21:34:00', 20 );
INSERT INTO "times" VALUES ( 19253, 12720, '21:36:00', '21:36:00', 20 );
INSERT INTO "times" VALUES ( 19253, 12730, '21:38:00', '21:38:00', 20 );
INSERT INTO "times" VALUES ( 19253, 12740, '21:41:00', '21:41:00', 20 );
INSERT INTO "times" VALUES ( 19253, 12750, '21:44:00', '21:44:00', 20 );
INSERT INTO "times" VALUES ( 19253, 12760, '21:47:00', '21:47:00', 20 );
INSERT INTO "times" VALUES ( 19253, 12770, '21:51:00', '21:51:00', 20 );
INSERT INTO "times" VALUES ( 19253, 12780, '21:56:00', '21:56:00', 20 );
INSERT INTO "times" VALUES ( 19253, 12790, '21:57:00', '21:57:00', 20 );
INSERT INTO "times" VALUES ( 19253, 12800, '21:59:00', '22:04:00', 20 );
INSERT INTO "times" VALUES ( 19253, 12810, '22:05:00', '22:05:00', 20 );
INSERT INTO "times" VALUES ( 19253, 12820, '22:07:00', '22:07:00', 20 );
INSERT INTO "times" VALUES ( 19253, 12830, '22:09:00', '22:09:00', 20 );
INSERT INTO "times" VALUES ( 19253, 12840, '22:10:00', '22:10:00', 20 );
INSERT INTO "times" VALUES ( 19253, 12850, '22:12:00', '22:12:00', 20 );
INSERT INTO "times" VALUES ( 19253, 12860, '22:13:00', '22:13:00', 20 );
INSERT INTO "times" VALUES ( 19253, 12870, '22:15:00', '22:15:00', 20 );
INSERT INTO "times" VALUES ( 19253, 12880, '22:17:00', '22:17:00', 20 );
INSERT INTO "times" VALUES ( 19253, 12890, '22:19:00', '22:19:00', 20 );
INSERT INTO "times" VALUES ( 19253, 12900, '22:20:00', '22:22:00', 20 );
INSERT INTO "times" VALUES ( 19253, 13510, '22:24:00', '22:24:00', 30 );
INSERT INTO "times" VALUES ( 19253, 13520, '22:27:00', NULL, NULL );

INSERT INTO "dias" VALUES ( 19254, 100, FALSE, TRUE, 'Q2003B', 13520, 11510 );
INSERT INTO "dias_line_groups" VALUES ( 19254, 10 );
INSERT INTO "times" VALUES ( 19254, 11510, '22:20:00', NULL, NULL );
INSERT INTO "times" VALUES ( 19254, 11520, '22:18:00', '22:18:00', 10 );
INSERT INTO "times" VALUES ( 19254, 11530, '22:16:00', '22:16:00', 10 );
INSERT INTO "times" VALUES ( 19254, 11540, '22:15:00', '22:15:00', 10 );
INSERT INTO "times" VALUES ( 19254, 12530, '22:13:00', '22:13:00', 10 );
INSERT INTO "times" VALUES ( 19254, 12540, '22:08:00', '22:10:00', 20 );
INSERT INTO "times" VALUES ( 19254, 12550, '22:05:00', '22:05:00', 20 );
INSERT INTO "times" VALUES ( 19254, 12560, '22:04:00', '22:04:00', 20 );
INSERT INTO "times" VALUES ( 19254, 12570, '22:02:00', '22:02:00', 20 );
INSERT INTO "times" VALUES ( 19254, 12580, '22:00:00', '22:00:00', 20 );
INSERT INTO "times" VALUES ( 19254, 12590, '21:59:00', '21:59:00', 20 );
INSERT INTO "times" VALUES ( 19254, 12600, '21:58:00', '21:58:00', 20 );
INSERT INTO "times" VALUES ( 19254, 12610, '21:53:00', '21:57:00', 20 );
INSERT INTO "times" VALUES ( 19254, 12620, '21:51:00', '21:51:00', 20 );
INSERT INTO "times" VALUES ( 19254, 12630, '21:49:00', '21:49:00', 20 );
INSERT INTO "times" VALUES ( 19254, 12640, '21:48:00', '21:48:00', 20 );
INSERT INTO "times" VALUES ( 19254, 12650, '21:46:00', '21:46:00', 20 );
INSERT INTO "times" VALUES ( 19254, 12660, '21:43:00', '21:44:00', 20 );
INSERT INTO "times" VALUES ( 19254, 12670, '21:40:00', '21:40:00', 20 );
INSERT INTO "times" VALUES ( 19254, 12680, '21:32:00', '21:37:00', 20 );
INSERT INTO "times" VALUES ( 19254, 12690, '21:29:00', '21:29:00', 20 );
INSERT INTO "times" VALUES ( 19254, 12700, '21:27:00', '21:27:00', 20 );
INSERT INTO "times" VALUES ( 19254, 12710, '21:25:00', '21:25:00', 20 );
INSERT INTO "times" VALUES ( 19254, 12720, '21:23:00', '21:23:00', 20 );
INSERT INTO "times" VALUES ( 19254, 12730, '21:20:00', '21:20:00', 20 );
INSERT INTO "times" VALUES ( 19254, 12740, '21:18:00', '21:18:00', 20 );
INSERT INTO "times" VALUES ( 19254, 12750, '21:14:00', '21:14:00', 20 );
INSERT INTO "times" VALUES ( 19254, 12760, '21:12:00', '21:12:00', 20 );
INSERT INTO "times" VALUES ( 19254, 12770, '21:08:00', '21:08:00', 20 );
INSERT INTO "times" VALUES ( 19254, 12780, '21:04:00', '21:04:00', 20 );
INSERT INTO "times" VALUES ( 19254, 12790, '21:01:00', '21:01:00', 20 );
INSERT INTO "times" VALUES ( 19254, 12800, '20:56:00', '20:59:00', 20 );
INSERT INTO "times" VALUES ( 19254, 12810, '20:54:00', '20:54:00', 20 );
INSERT INTO "times" VALUES ( 19254, 12820, '20:52:00', '20:52:00', 20 );
INSERT INTO "times" VALUES ( 19254, 12830, '20:51:00', '20:51:00', 20 );
INSERT INTO "times" VALUES ( 19254, 12840, '20:49:00', '20:49:00', 20 );
INSERT INTO "times" VALUES ( 19254, 12850, '20:47:00', '20:47:00', 20 );
INSERT INTO "times" VALUES ( 19254, 12860, '20:45:00', '20:45:00', 20 );
INSERT INTO "times" VALUES ( 19254, 12870, '20:44:00', '20:44:00', 20 );
INSERT INTO "times" VALUES ( 19254, 12880, '20:42:00', '20:42:00', 20 );
INSERT INTO "times" VALUES ( 19254, 12890, '20:40:00', '20:40:00', 20 );
INSERT INTO "times" VALUES ( 19254, 12900, '20:35:00', '20:39:00', 20 );
INSERT INTO "times" VALUES ( 19254, 13510, '20:33:00', '20:33:00', 30 );
INSERT INTO "times" VALUES ( 19254, 13520, NULL, '20:31:00', 30 );

INSERT INTO "dias" VALUES ( 19255, 100, FALSE, TRUE, 'Q2004S', 11510, 12900 );
INSERT INTO "dias_line_groups" VALUES ( 19255, 10 );
INSERT INTO "times" VALUES ( 19255, 11510, NULL, '20:54:00', 10 );
INSERT INTO "times" VALUES ( 19255, 11520, '20:55:00', '20:55:00', 10 );
INSERT INTO "times" VALUES ( 19255, 11530, '20:57:00', '20:57:00', 10 );
INSERT INTO "times" VALUES ( 19255, 11540, '20:59:00', '20:59:00', 10 );
INSERT INTO "times" VALUES ( 19255, 12530, '21:01:00', '21:02:00', 20 );
INSERT INTO "times" VALUES ( 19255, 12540, '21:04:00', '21:12:00', 20 );
INSERT INTO "times" VALUES ( 19255, 12550, '21:14:00', '21:14:00', 20 );
INSERT INTO "times" VALUES ( 19255, 12560, '21:15:00', '21:15:00', 20 );
INSERT INTO "times" VALUES ( 19255, 12570, '21:17:00', '21:17:00', 20 );
INSERT INTO "times" VALUES ( 19255, 12580, '21:19:00', '21:19:00', 20 );
INSERT INTO "times" VALUES ( 19255, 12590, '21:20:00', '21:20:00', 20 );
INSERT INTO "times" VALUES ( 19255, 12600, '21:21:00', '21:21:00', 20 );
INSERT INTO "times" VALUES ( 19255, 12610, '21:23:00', '21:26:00', 20 );
INSERT INTO "times" VALUES ( 19255, 12620, '21:27:00', '21:27:00', 20 );
INSERT INTO "times" VALUES ( 19255, 12630, '21:29:00', '21:29:00', 20 );
INSERT INTO "times" VALUES ( 19255, 12640, '21:30:00', '21:30:00', 20 );
INSERT INTO "times" VALUES ( 19255, 12650, '21:32:00', '21:32:00', 20 );
INSERT INTO "times" VALUES ( 19255, 12660, '21:34:00', '21:35:00', 20 );
INSERT INTO "times" VALUES ( 19255, 12670, '21:38:00', '21:38:00', 20 );
INSERT INTO "times" VALUES ( 19255, 12680, '21:42:00', '21:47:00', 20 );
INSERT INTO "times" VALUES ( 19255, 12690, '21:49:00', '21:49:00', 20 );
INSERT INTO "times" VALUES ( 19255, 12700, '21:51:00', '21:51:00', 20 );
INSERT INTO "times" VALUES ( 19255, 12710, '21:53:00', '21:54:00', 20 );
INSERT INTO "times" VALUES ( 19255, 12720, '21:56:00', '21:56:00', 20 );
INSERT INTO "times" VALUES ( 19255, 12730, '21:58:00', '21:58:00', 20 );
INSERT INTO "times" VALUES ( 19255, 12740, '22:02:00', '22:02:00', 20 );
INSERT INTO "times" VALUES ( 19255, 12750, '22:04:00', '22:04:00', 20 );
INSERT INTO "times" VALUES ( 19255, 12760, '22:07:00', '22:07:00', 20 );
INSERT INTO "times" VALUES ( 19255, 12770, '22:11:00', '22:11:00', 20 );
INSERT INTO "times" VALUES ( 19255, 12780, '22:16:00', '22:16:00', 20 );
INSERT INTO "times" VALUES ( 19255, 12790, '22:17:00', '22:17:00', 20 );
INSERT INTO "times" VALUES ( 19255, 12800, '22:19:00', '22:24:00', 20 );
INSERT INTO "times" VALUES ( 19255, 12810, '22:25:00', '22:25:00', 20 );
INSERT INTO "times" VALUES ( 19255, 12820, '22:27:00', '22:27:00', 20 );
INSERT INTO "times" VALUES ( 19255, 12830, '22:29:00', '22:29:00', 20 );
INSERT INTO "times" VALUES ( 19255, 12840, '22:30:00', '22:30:00', 20 );
INSERT INTO "times" VALUES ( 19255, 12850, '22:32:00', '22:32:00', 20 );
INSERT INTO "times" VALUES ( 19255, 12860, '22:33:00', '22:33:00', 20 );
INSERT INTO "times" VALUES ( 19255, 12870, '22:35:00', '22:35:00', 20 );
INSERT INTO "times" VALUES ( 19255, 12880, '22:37:00', '22:37:00', 20 );
INSERT INTO "times" VALUES ( 19255, 12890, '22:39:00', '22:39:00', 20 );
INSERT INTO "times" VALUES ( 19255, 12900, '22:40:00', NULL, NULL );

INSERT INTO "dias" VALUES ( 19256, 100, FALSE, TRUE, 'Q2005B', 13520, 11510 );
INSERT INTO "dias_line_groups" VALUES ( 19256, 10 );
INSERT INTO "times" VALUES ( 19256, 11510, '22:40:00', NULL, NULL );
INSERT INTO "times" VALUES ( 19256, 11520, '22:38:00', '22:38:00', 10 );
INSERT INTO "times" VALUES ( 19256, 11530, '22:36:00', '22:36:00', 10 );
INSERT INTO "times" VALUES ( 19256, 11540, '22:35:00', '22:35:00', 10 );
INSERT INTO "times" VALUES ( 19256, 12530, '22:32:00', '22:33:00', 10 );
INSERT INTO "times" VALUES ( 19256, 12540, '22:28:00', '22:30:00', 20 );
INSERT INTO "times" VALUES ( 19256, 12550, '22:25:00', '22:25:00', 20 );
INSERT INTO "times" VALUES ( 19256, 12560, '22:24:00', '22:24:00', 20 );
INSERT INTO "times" VALUES ( 19256, 12570, '22:22:00', '22:22:00', 20 );
INSERT INTO "times" VALUES ( 19256, 12580, '22:20:00', '22:20:00', 20 );
INSERT INTO "times" VALUES ( 19256, 12590, '22:19:00', '22:19:00', 20 );
INSERT INTO "times" VALUES ( 19256, 12600, '22:18:00', '22:18:00', 20 );
INSERT INTO "times" VALUES ( 19256, 12610, '22:13:00', '22:17:00', 20 );
INSERT INTO "times" VALUES ( 19256, 12620, '22:11:00', '22:11:00', 20 );
INSERT INTO "times" VALUES ( 19256, 12630, '22:09:00', '22:09:00', 20 );
INSERT INTO "times" VALUES ( 19256, 12640, '22:08:00', '22:08:00', 20 );
INSERT INTO "times" VALUES ( 19256, 12650, '22:06:00', '22:06:00', 20 );
INSERT INTO "times" VALUES ( 19256, 12660, '22:03:00', '22:04:00', 20 );
INSERT INTO "times" VALUES ( 19256, 12670, '22:00:00', '22:00:00', 20 );
INSERT INTO "times" VALUES ( 19256, 12680, '21:52:00', '21:57:00', 20 );
INSERT INTO "times" VALUES ( 19256, 12690, '21:49:00', '21:49:00', 20 );
INSERT INTO "times" VALUES ( 19256, 12700, '21:47:00', '21:47:00', 20 );
INSERT INTO "times" VALUES ( 19256, 12710, '21:45:00', '21:45:00', 20 );
INSERT INTO "times" VALUES ( 19256, 12720, '21:43:00', '21:43:00', 20 );
INSERT INTO "times" VALUES ( 19256, 12730, '21:40:00', '21:40:00', 20 );
INSERT INTO "times" VALUES ( 19256, 12740, '21:38:00', '21:38:00', 20 );
INSERT INTO "times" VALUES ( 19256, 12750, '21:34:00', '21:34:00', 20 );
INSERT INTO "times" VALUES ( 19256, 12760, '21:32:00', '21:32:00', 20 );
INSERT INTO "times" VALUES ( 19256, 12770, '21:28:00', '21:28:00', 20 );
INSERT INTO "times" VALUES ( 19256, 12780, '21:24:00', '21:24:00', 20 );
INSERT INTO "times" VALUES ( 19256, 12790, '21:21:00', '21:21:00', 20 );
INSERT INTO "times" VALUES ( 19256, 12800, '21:16:00', '21:19:00', 20 );
INSERT INTO "times" VALUES ( 19256, 12810, '21:14:00', '21:14:00', 20 );
INSERT INTO "times" VALUES ( 19256, 12820, '21:12:00', '21:12:00', 20 );
INSERT INTO "times" VALUES ( 19256, 12830, '21:11:00', '21:11:00', 20 );
INSERT INTO "times" VALUES ( 19256, 12840, '21:09:00', '21:09:00', 20 );
INSERT INTO "times" VALUES ( 19256, 12850, '21:07:00', '21:07:00', 20 );
INSERT INTO "times" VALUES ( 19256, 12860, '21:05:00', '21:05:00', 20 );
INSERT INTO "times" VALUES ( 19256, 12870, '21:04:00', '21:04:00', 20 );
INSERT INTO "times" VALUES ( 19256, 12880, '21:02:00', '21:02:00', 20 );
INSERT INTO "times" VALUES ( 19256, 12890, '21:00:00', '21:00:00', 20 );
INSERT INTO "times" VALUES ( 19256, 12900, '20:55:00', '20:59:00', 20 );
INSERT INTO "times" VALUES ( 19256, 13510, '20:53:00', '20:53:00', 30 );
INSERT INTO "times" VALUES ( 19256, 13520, NULL, '20:51:00', 30 );

INSERT INTO "dias" VALUES ( 19257, 100, FALSE, TRUE, 'Q2100Z', 11510, 13520 );
INSERT INTO "dias_line_groups" VALUES ( 19257, 10 );
INSERT INTO "times" VALUES ( 19257, 11510, NULL, '21:19:00', 10 );
INSERT INTO "times" VALUES ( 19257, 11520, '21:20:00', '21:20:00', 10 );
INSERT INTO "times" VALUES ( 19257, 11530, '21:22:00', '21:22:00', 10 );
INSERT INTO "times" VALUES ( 19257, 11540, '21:24:00', '21:24:00', 10 );
INSERT INTO "times" VALUES ( 19257, 12530, '21:26:00', '21:26:00', 20 );
INSERT INTO "times" VALUES ( 19257, 12540, '21:29:00', '21:32:00', 20 );
INSERT INTO "times" VALUES ( 19257, 12550, '21:34:00', '21:34:00', 20 );
INSERT INTO "times" VALUES ( 19257, 12560, '21:35:00', '21:35:00', 20 );
INSERT INTO "times" VALUES ( 19257, 12570, '21:37:00', '21:37:00', 20 );
INSERT INTO "times" VALUES ( 19257, 12580, '21:39:00', '21:39:00', 20 );
INSERT INTO "times" VALUES ( 19257, 12590, '21:40:00', '21:40:00', 20 );
INSERT INTO "times" VALUES ( 19257, 12600, '21:41:00', '21:41:00', 20 );
INSERT INTO "times" VALUES ( 19257, 12610, '21:43:00', '21:46:00', 20 );
INSERT INTO "times" VALUES ( 19257, 12620, '21:47:00', '21:47:00', 20 );
INSERT INTO "times" VALUES ( 19257, 12630, '21:49:00', '21:49:00', 20 );
INSERT INTO "times" VALUES ( 19257, 12640, '21:50:00', '21:50:00', 20 );
INSERT INTO "times" VALUES ( 19257, 12650, '21:52:00', '21:52:00', 20 );
INSERT INTO "times" VALUES ( 19257, 12660, '21:54:00', '21:55:00', 20 );
INSERT INTO "times" VALUES ( 19257, 12670, '21:58:00', '21:58:00', 20 );
INSERT INTO "times" VALUES ( 19257, 12680, '22:02:00', '22:07:00', 20 );
INSERT INTO "times" VALUES ( 19257, 12690, '22:09:00', '22:09:00', 20 );
INSERT INTO "times" VALUES ( 19257, 12700, '22:11:00', '22:11:00', 20 );
INSERT INTO "times" VALUES ( 19257, 12710, '22:13:00', '22:14:00', 20 );
INSERT INTO "times" VALUES ( 19257, 12720, '22:16:00', '22:16:00', 20 );
INSERT INTO "times" VALUES ( 19257, 12730, '22:18:00', '22:18:00', 20 );
INSERT INTO "times" VALUES ( 19257, 12740, '22:22:00', '22:22:00', 20 );
INSERT INTO "times" VALUES ( 19257, 12750, '22:24:00', '22:24:00', 20 );
INSERT INTO "times" VALUES ( 19257, 12760, '22:27:00', '22:27:00', 20 );
INSERT INTO "times" VALUES ( 19257, 12770, '22:31:00', '22:31:00', 20 );
INSERT INTO "times" VALUES ( 19257, 12780, '22:36:00', '22:36:00', 20 );
INSERT INTO "times" VALUES ( 19257, 12790, '22:37:00', '22:37:00', 20 );
INSERT INTO "times" VALUES ( 19257, 12800, '22:39:00', '22:43:00', 20 );
INSERT INTO "times" VALUES ( 19257, 12810, '22:45:00', '22:45:00', 20 );
INSERT INTO "times" VALUES ( 19257, 12820, '22:47:00', '22:47:00', 20 );
INSERT INTO "times" VALUES ( 19257, 12830, '22:49:00', '22:49:00', 20 );
INSERT INTO "times" VALUES ( 19257, 12840, '22:50:00', '22:50:00', 20 );
INSERT INTO "times" VALUES ( 19257, 12850, '22:51:00', '22:51:00', 20 );
INSERT INTO "times" VALUES ( 19257, 12860, '22:53:00', '22:53:00', 20 );
INSERT INTO "times" VALUES ( 19257, 12870, '22:55:00', '22:55:00', 20 );
INSERT INTO "times" VALUES ( 19257, 12880, '22:56:00', '22:56:00', 20 );
INSERT INTO "times" VALUES ( 19257, 12890, '22:58:00', '22:58:00', 20 );
INSERT INTO "times" VALUES ( 19257, 12900, '23:00:00', '23:00:00', 20 );
INSERT INTO "times" VALUES ( 19257, 13510, '23:02:00', '23:02:00', 30 );
INSERT INTO "times" VALUES ( 19257, 13520, '23:05:00', NULL, NULL );

INSERT INTO "dias" VALUES ( 19258, 100, FALSE, TRUE, 'Q2101A', 13520, 12510 );
INSERT INTO "dias_line_groups" VALUES ( 19258, 10 );
INSERT INTO "times" VALUES ( 19258, 12510, '22:57:00', NULL, NULL );
INSERT INTO "times" VALUES ( 19258, 12520, '22:55:00', '22:55:00', 20 );
INSERT INTO "times" VALUES ( 19258, 12530, '22:53:00', '22:53:00', 20 );
INSERT INTO "times" VALUES ( 19258, 12540, '22:49:00', '22:50:00', 20 );
INSERT INTO "times" VALUES ( 19258, 12550, '22:46:00', '22:46:00', 20 );
INSERT INTO "times" VALUES ( 19258, 12560, '22:44:00', '22:44:00', 20 );
INSERT INTO "times" VALUES ( 19258, 12570, '22:43:00', '22:43:00', 20 );
INSERT INTO "times" VALUES ( 19258, 12580, '22:41:00', '22:41:00', 20 );
INSERT INTO "times" VALUES ( 19258, 12590, '22:40:00', '22:40:00', 20 );
INSERT INTO "times" VALUES ( 19258, 12600, '22:39:00', '22:39:00', 20 );
INSERT INTO "times" VALUES ( 19258, 12610, '22:33:00', '22:38:00', 20 );
INSERT INTO "times" VALUES ( 19258, 12620, '22:31:00', '22:31:00', 20 );
INSERT INTO "times" VALUES ( 19258, 12630, '22:29:00', '22:29:00', 20 );
INSERT INTO "times" VALUES ( 19258, 12640, '22:28:00', '22:28:00', 20 );
INSERT INTO "times" VALUES ( 19258, 12650, '22:26:00', '22:26:00', 20 );
INSERT INTO "times" VALUES ( 19258, 12660, '22:23:00', '22:24:00', 20 );
INSERT INTO "times" VALUES ( 19258, 12670, '22:20:00', '22:20:00', 20 );
INSERT INTO "times" VALUES ( 19258, 12680, '22:12:00', '22:17:00', 20 );
INSERT INTO "times" VALUES ( 19258, 12690, '22:09:00', '22:09:00', 20 );
INSERT INTO "times" VALUES ( 19258, 12700, '22:07:00', '22:07:00', 20 );
INSERT INTO "times" VALUES ( 19258, 12710, '22:05:00', '22:05:00', 20 );
INSERT INTO "times" VALUES ( 19258, 12720, '22:03:00', '22:03:00', 20 );
INSERT INTO "times" VALUES ( 19258, 12730, '22:00:00', '22:00:00', 20 );
INSERT INTO "times" VALUES ( 19258, 12740, '21:58:00', '21:58:00', 20 );
INSERT INTO "times" VALUES ( 19258, 12750, '21:54:00', '21:54:00', 20 );
INSERT INTO "times" VALUES ( 19258, 12760, '21:52:00', '21:52:00', 20 );
INSERT INTO "times" VALUES ( 19258, 12770, '21:48:00', '21:48:00', 20 );
INSERT INTO "times" VALUES ( 19258, 12780, '21:44:00', '21:44:00', 20 );
INSERT INTO "times" VALUES ( 19258, 12790, '21:41:00', '21:41:00', 20 );
INSERT INTO "times" VALUES ( 19258, 12800, '21:36:00', '21:39:00', 20 );
INSERT INTO "times" VALUES ( 19258, 12810, '21:34:00', '21:34:00', 20 );
INSERT INTO "times" VALUES ( 19258, 12820, '21:32:00', '21:32:00', 20 );
INSERT INTO "times" VALUES ( 19258, 12830, '21:31:00', '21:31:00', 20 );
INSERT INTO "times" VALUES ( 19258, 12840, '21:29:00', '21:29:00', 20 );
INSERT INTO "times" VALUES ( 19258, 12850, '21:27:00', '21:27:00', 20 );
INSERT INTO "times" VALUES ( 19258, 12860, '21:25:00', '21:25:00', 20 );
INSERT INTO "times" VALUES ( 19258, 12870, '21:24:00', '21:24:00', 20 );
INSERT INTO "times" VALUES ( 19258, 12880, '21:22:00', '21:22:00', 20 );
INSERT INTO "times" VALUES ( 19258, 12890, '21:20:00', '21:20:00', 20 );
INSERT INTO "times" VALUES ( 19258, 12900, '21:15:00', '21:19:00', 20 );
INSERT INTO "times" VALUES ( 19258, 13510, '21:13:00', '21:13:00', 30 );
INSERT INTO "times" VALUES ( 19258, 13520, NULL, '21:11:00', 30 );

INSERT INTO "dias" VALUES ( 19259, 100, FALSE, TRUE, 'Q2102Z', 11510, 13520 );
INSERT INTO "dias_line_groups" VALUES ( 19259, 10 );
INSERT INTO "times" VALUES ( 19259, 11510, NULL, '21:38:00', 10 );
INSERT INTO "times" VALUES ( 19259, 11520, '21:40:00', '21:40:00', 10 );
INSERT INTO "times" VALUES ( 19259, 11530, '21:41:00', '21:41:00', 10 );
INSERT INTO "times" VALUES ( 19259, 11540, '21:43:00', '21:43:00', 10 );
INSERT INTO "times" VALUES ( 19259, 12530, '21:45:00', '21:46:00', 20 );
INSERT INTO "times" VALUES ( 19259, 12540, '21:48:00', '21:52:00', 20 );
INSERT INTO "times" VALUES ( 19259, 12550, '21:54:00', '21:54:00', 20 );
INSERT INTO "times" VALUES ( 19259, 12560, '21:55:00', '21:55:00', 20 );
INSERT INTO "times" VALUES ( 19259, 12570, '21:57:00', '21:57:00', 20 );
INSERT INTO "times" VALUES ( 19259, 12580, '21:59:00', '21:59:00', 20 );
INSERT INTO "times" VALUES ( 19259, 12590, '22:00:00', '22:00:00', 20 );
INSERT INTO "times" VALUES ( 19259, 12600, '22:01:00', '22:01:00', 20 );
INSERT INTO "times" VALUES ( 19259, 12610, '22:03:00', '22:06:00', 20 );
INSERT INTO "times" VALUES ( 19259, 12620, '22:07:00', '22:07:00', 20 );
INSERT INTO "times" VALUES ( 19259, 12630, '22:09:00', '22:09:00', 20 );
INSERT INTO "times" VALUES ( 19259, 12640, '22:10:00', '22:10:00', 20 );
INSERT INTO "times" VALUES ( 19259, 12650, '22:12:00', '22:12:00', 20 );
INSERT INTO "times" VALUES ( 19259, 12660, '22:15:00', '22:15:00', 20 );
INSERT INTO "times" VALUES ( 19259, 12670, '22:18:00', '22:18:00', 20 );
INSERT INTO "times" VALUES ( 19259, 12680, '22:21:00', '22:26:00', 20 );
INSERT INTO "times" VALUES ( 19259, 12690, '22:29:00', '22:29:00', 20 );
INSERT INTO "times" VALUES ( 19259, 12700, '22:31:00', '22:31:00', 20 );
INSERT INTO "times" VALUES ( 19259, 12710, '22:33:00', '22:34:00', 20 );
INSERT INTO "times" VALUES ( 19259, 12720, '22:36:00', '22:36:00', 20 );
INSERT INTO "times" VALUES ( 19259, 12730, '22:38:00', '22:38:00', 20 );
INSERT INTO "times" VALUES ( 19259, 12740, '22:41:00', '22:42:00', 20 );
INSERT INTO "times" VALUES ( 19259, 12750, '22:44:00', '22:44:00', 20 );
INSERT INTO "times" VALUES ( 19259, 12760, '22:47:00', '22:47:00', 20 );
INSERT INTO "times" VALUES ( 19259, 12770, '22:51:00', '22:52:00', 20 );
INSERT INTO "times" VALUES ( 19259, 12780, '22:56:00', '22:56:00', 20 );
INSERT INTO "times" VALUES ( 19259, 12790, '22:57:00', '22:57:00', 20 );
INSERT INTO "times" VALUES ( 19259, 12800, '22:59:00', '23:04:00', 20 );
INSERT INTO "times" VALUES ( 19259, 12810, '23:06:00', '23:06:00', 20 );
INSERT INTO "times" VALUES ( 19259, 12820, '23:08:00', '23:08:00', 20 );
INSERT INTO "times" VALUES ( 19259, 12830, '23:10:00', '23:10:00', 20 );
INSERT INTO "times" VALUES ( 19259, 12840, '23:11:00', '23:11:00', 20 );
INSERT INTO "times" VALUES ( 19259, 12850, '23:12:00', '23:12:00', 20 );
INSERT INTO "times" VALUES ( 19259, 12860, '23:14:00', '23:14:00', 20 );
INSERT INTO "times" VALUES ( 19259, 12870, '23:16:00', '23:16:00', 20 );
INSERT INTO "times" VALUES ( 19259, 12880, '23:18:00', '23:18:00', 20 );
INSERT INTO "times" VALUES ( 19259, 12890, '23:19:00', '23:19:00', 20 );
INSERT INTO "times" VALUES ( 19259, 12900, '23:21:00', '23:22:00', 20 );
INSERT INTO "times" VALUES ( 19259, 13510, '23:24:00', '23:24:00', 30 );
INSERT INTO "times" VALUES ( 19259, 13520, '23:27:00', NULL, NULL );

INSERT INTO "dias" VALUES ( 19260, 100, FALSE, TRUE, 'Q2103B', 13520, 11510 );
INSERT INTO "dias_line_groups" VALUES ( 19260, 10 );
INSERT INTO "times" VALUES ( 19260, 11510, '23:22:00', NULL, NULL );
INSERT INTO "times" VALUES ( 19260, 11520, '23:19:00', '23:19:00', 10 );
INSERT INTO "times" VALUES ( 19260, 11530, '23:18:00', '23:18:00', 10 );
INSERT INTO "times" VALUES ( 19260, 11540, '23:16:00', '23:16:00', 10 );
INSERT INTO "times" VALUES ( 19260, 12530, '23:14:00', '23:14:00', 10 );
INSERT INTO "times" VALUES ( 19260, 12540, '23:08:00', '23:11:00', 20 );
INSERT INTO "times" VALUES ( 19260, 12550, '23:05:00', '23:05:00', 20 );
INSERT INTO "times" VALUES ( 19260, 12560, '23:04:00', '23:04:00', 20 );
INSERT INTO "times" VALUES ( 19260, 12570, '23:02:00', '23:02:00', 20 );
INSERT INTO "times" VALUES ( 19260, 12580, '23:00:00', '23:00:00', 20 );
INSERT INTO "times" VALUES ( 19260, 12590, '22:59:00', '22:59:00', 20 );
INSERT INTO "times" VALUES ( 19260, 12600, '22:58:00', '22:58:00', 20 );
INSERT INTO "times" VALUES ( 19260, 12610, '22:53:00', '22:57:00', 20 );
INSERT INTO "times" VALUES ( 19260, 12620, '22:51:00', '22:51:00', 20 );
INSERT INTO "times" VALUES ( 19260, 12630, '22:49:00', '22:49:00', 20 );
INSERT INTO "times" VALUES ( 19260, 12640, '22:48:00', '22:48:00', 20 );
INSERT INTO "times" VALUES ( 19260, 12650, '22:46:00', '22:46:00', 20 );
INSERT INTO "times" VALUES ( 19260, 12660, '22:43:00', '22:44:00', 20 );
INSERT INTO "times" VALUES ( 19260, 12670, '22:40:00', '22:40:00', 20 );
INSERT INTO "times" VALUES ( 19260, 12680, '22:32:00', '22:37:00', 20 );
INSERT INTO "times" VALUES ( 19260, 12690, '22:29:00', '22:29:00', 20 );
INSERT INTO "times" VALUES ( 19260, 12700, '22:27:00', '22:27:00', 20 );
INSERT INTO "times" VALUES ( 19260, 12710, '22:25:00', '22:25:00', 20 );
INSERT INTO "times" VALUES ( 19260, 12720, '22:22:00', '22:22:00', 20 );
INSERT INTO "times" VALUES ( 19260, 12730, '22:20:00', '22:20:00', 20 );
INSERT INTO "times" VALUES ( 19260, 12740, '22:18:00', '22:18:00', 20 );
INSERT INTO "times" VALUES ( 19260, 12750, '22:14:00', '22:14:00', 20 );
INSERT INTO "times" VALUES ( 19260, 12760, '22:12:00', '22:12:00', 20 );
INSERT INTO "times" VALUES ( 19260, 12770, '22:08:00', '22:08:00', 20 );
INSERT INTO "times" VALUES ( 19260, 12780, '22:04:00', '22:04:00', 20 );
INSERT INTO "times" VALUES ( 19260, 12790, '22:01:00', '22:01:00', 20 );
INSERT INTO "times" VALUES ( 19260, 12800, '21:56:00', '21:59:00', 20 );
INSERT INTO "times" VALUES ( 19260, 12810, '21:54:00', '21:54:00', 20 );
INSERT INTO "times" VALUES ( 19260, 12820, '21:52:00', '21:52:00', 20 );
INSERT INTO "times" VALUES ( 19260, 12830, '21:51:00', '21:51:00', 20 );
INSERT INTO "times" VALUES ( 19260, 12840, '21:49:00', '21:49:00', 20 );
INSERT INTO "times" VALUES ( 19260, 12850, '21:47:00', '21:47:00', 20 );
INSERT INTO "times" VALUES ( 19260, 12860, '21:45:00', '21:45:00', 20 );
INSERT INTO "times" VALUES ( 19260, 12870, '21:44:00', '21:44:00', 20 );
INSERT INTO "times" VALUES ( 19260, 12880, '21:42:00', '21:42:00', 20 );
INSERT INTO "times" VALUES ( 19260, 12890, '21:40:00', '21:40:00', 20 );
INSERT INTO "times" VALUES ( 19260, 12900, '21:35:00', '21:39:00', 20 );
INSERT INTO "times" VALUES ( 19260, 13510, '21:33:00', '21:33:00', 30 );
INSERT INTO "times" VALUES ( 19260, 13520, NULL, '21:31:00', 30 );

INSERT INTO "dias" VALUES ( 19261, 100, FALSE, TRUE, 'Q2104Z', 11510, 13520 );
INSERT INTO "dias_line_groups" VALUES ( 19261, 10 );
INSERT INTO "times" VALUES ( 19261, 11510, NULL, '21:57:00', 10 );
INSERT INTO "times" VALUES ( 19261, 11520, '21:59:00', '21:59:00', 10 );
INSERT INTO "times" VALUES ( 19261, 11530, '22:00:00', '22:00:00', 10 );
INSERT INTO "times" VALUES ( 19261, 11540, '22:02:00', '22:02:00', 10 );
INSERT INTO "times" VALUES ( 19261, 12530, '22:04:00', '22:05:00', 20 );
INSERT INTO "times" VALUES ( 19261, 12540, '22:08:00', '22:12:00', 20 );
INSERT INTO "times" VALUES ( 19261, 12550, '22:14:00', '22:14:00', 20 );
INSERT INTO "times" VALUES ( 19261, 12560, '22:15:00', '22:15:00', 20 );
INSERT INTO "times" VALUES ( 19261, 12570, '22:17:00', '22:17:00', 20 );
INSERT INTO "times" VALUES ( 19261, 12580, '22:19:00', '22:19:00', 20 );
INSERT INTO "times" VALUES ( 19261, 12590, '22:20:00', '22:20:00', 20 );
INSERT INTO "times" VALUES ( 19261, 12600, '22:21:00', '22:21:00', 20 );
INSERT INTO "times" VALUES ( 19261, 12610, '22:23:00', '22:26:00', 20 );
INSERT INTO "times" VALUES ( 19261, 12620, '22:27:00', '22:27:00', 20 );
INSERT INTO "times" VALUES ( 19261, 12630, '22:29:00', '22:29:00', 20 );
INSERT INTO "times" VALUES ( 19261, 12640, '22:30:00', '22:30:00', 20 );
INSERT INTO "times" VALUES ( 19261, 12650, '22:32:00', '22:32:00', 20 );
INSERT INTO "times" VALUES ( 19261, 12660, '22:34:00', '22:35:00', 20 );
INSERT INTO "times" VALUES ( 19261, 12670, '22:38:00', '22:38:00', 20 );
INSERT INTO "times" VALUES ( 19261, 12680, '22:41:00', '22:45:00', 20 );
INSERT INTO "times" VALUES ( 19261, 12690, '22:47:00', '22:47:00', 20 );
INSERT INTO "times" VALUES ( 19261, 12700, '22:50:00', '22:50:00', 20 );
INSERT INTO "times" VALUES ( 19261, 12710, '22:52:00', '22:52:00', 20 );
INSERT INTO "times" VALUES ( 19261, 12720, '22:54:00', '22:54:00', 20 );
INSERT INTO "times" VALUES ( 19261, 12730, '22:56:00', '22:56:00', 20 );
INSERT INTO "times" VALUES ( 19261, 12740, '22:59:00', '23:00:00', 20 );
INSERT INTO "times" VALUES ( 19261, 12750, '23:02:00', '23:02:00', 20 );
INSERT INTO "times" VALUES ( 19261, 12760, '23:05:00', '23:05:00', 20 );
INSERT INTO "times" VALUES ( 19261, 12770, '23:09:00', '23:09:00', 20 );
INSERT INTO "times" VALUES ( 19261, 12780, '23:14:00', '23:14:00', 20 );
INSERT INTO "times" VALUES ( 19261, 12790, '23:15:00', '23:15:00', 20 );
INSERT INTO "times" VALUES ( 19261, 12800, '23:17:00', '23:23:00', 20 );
INSERT INTO "times" VALUES ( 19261, 12810, '23:25:00', '23:25:00', 20 );
INSERT INTO "times" VALUES ( 19261, 12820, '23:27:00', '23:27:00', 20 );
INSERT INTO "times" VALUES ( 19261, 12830, '23:29:00', '23:29:00', 20 );
INSERT INTO "times" VALUES ( 19261, 12840, '23:30:00', '23:30:00', 20 );
INSERT INTO "times" VALUES ( 19261, 12850, '23:31:00', '23:31:00', 20 );
INSERT INTO "times" VALUES ( 19261, 12860, '23:33:00', '23:33:00', 20 );
INSERT INTO "times" VALUES ( 19261, 12870, '23:35:00', '23:35:00', 20 );
INSERT INTO "times" VALUES ( 19261, 12880, '23:36:00', '23:36:00', 20 );
INSERT INTO "times" VALUES ( 19261, 12890, '23:38:00', '23:38:00', 20 );
INSERT INTO "times" VALUES ( 19261, 12900, '23:41:00', '23:41:00', 20 );
INSERT INTO "times" VALUES ( 19261, 13510, '23:42:00', '23:42:00', 30 );
INSERT INTO "times" VALUES ( 19261, 13520, '23:45:00', NULL, NULL );

INSERT INTO "dias" VALUES ( 19262, 100, FALSE, TRUE, 'Q2105B', 13520, 11510 );
INSERT INTO "dias_line_groups" VALUES ( 19262, 10 );
INSERT INTO "times" VALUES ( 19262, 11510, '23:42:00', NULL, NULL );
INSERT INTO "times" VALUES ( 19262, 11520, '23:39:00', '23:39:00', 10 );
INSERT INTO "times" VALUES ( 19262, 11530, '23:37:00', '23:37:00', 10 );
INSERT INTO "times" VALUES ( 19262, 11540, '23:36:00', '23:36:00', 10 );
INSERT INTO "times" VALUES ( 19262, 12530, '23:34:00', '23:34:00', 10 );
INSERT INTO "times" VALUES ( 19262, 12540, '23:28:00', '23:31:00', 20 );
INSERT INTO "times" VALUES ( 19262, 12550, '23:26:00', '23:26:00', 20 );
INSERT INTO "times" VALUES ( 19262, 12560, '23:24:00', '23:24:00', 20 );
INSERT INTO "times" VALUES ( 19262, 12570, '23:23:00', '23:23:00', 20 );
INSERT INTO "times" VALUES ( 19262, 12580, '23:21:00', '23:21:00', 20 );
INSERT INTO "times" VALUES ( 19262, 12590, '23:20:00', '23:20:00', 20 );
INSERT INTO "times" VALUES ( 19262, 12600, '23:19:00', '23:19:00', 20 );
INSERT INTO "times" VALUES ( 19262, 12610, '23:14:00', '23:18:00', 20 );
INSERT INTO "times" VALUES ( 19262, 12620, '23:12:00', '23:12:00', 20 );
INSERT INTO "times" VALUES ( 19262, 12630, '23:10:00', '23:10:00', 20 );
INSERT INTO "times" VALUES ( 19262, 12640, '23:09:00', '23:09:00', 20 );
INSERT INTO "times" VALUES ( 19262, 12650, '23:07:00', '23:07:00', 20 );
INSERT INTO "times" VALUES ( 19262, 12660, '23:04:00', '23:06:00', 20 );
INSERT INTO "times" VALUES ( 19262, 12670, '23:01:00', '23:01:00', 20 );
INSERT INTO "times" VALUES ( 19262, 12680, '22:52:00', '22:58:00', 20 );
INSERT INTO "times" VALUES ( 19262, 12690, '22:49:00', '22:49:00', 20 );
INSERT INTO "times" VALUES ( 19262, 12700, '22:47:00', '22:47:00', 20 );
INSERT INTO "times" VALUES ( 19262, 12710, '22:45:00', '22:45:00', 20 );
INSERT INTO "times" VALUES ( 19262, 12720, '22:42:00', '22:42:00', 20 );
INSERT INTO "times" VALUES ( 19262, 12730, '22:40:00', '22:40:00', 20 );
INSERT INTO "times" VALUES ( 19262, 12740, '22:38:00', '22:38:00', 20 );
INSERT INTO "times" VALUES ( 19262, 12750, '22:34:00', '22:34:00', 20 );
INSERT INTO "times" VALUES ( 19262, 12760, '22:32:00', '22:32:00', 20 );
INSERT INTO "times" VALUES ( 19262, 12770, '22:28:00', '22:28:00', 20 );
INSERT INTO "times" VALUES ( 19262, 12780, '22:24:00', '22:24:00', 20 );
INSERT INTO "times" VALUES ( 19262, 12790, '22:21:00', '22:21:00', 20 );
INSERT INTO "times" VALUES ( 19262, 12800, '22:16:00', '22:19:00', 20 );
INSERT INTO "times" VALUES ( 19262, 12810, '22:13:00', '22:13:00', 20 );
INSERT INTO "times" VALUES ( 19262, 12820, '22:12:00', '22:12:00', 20 );
INSERT INTO "times" VALUES ( 19262, 12830, '22:11:00', '22:11:00', 20 );
INSERT INTO "times" VALUES ( 19262, 12840, '22:09:00', '22:09:00', 20 );
INSERT INTO "times" VALUES ( 19262, 12850, '22:07:00', '22:07:00', 20 );
INSERT INTO "times" VALUES ( 19262, 12860, '22:05:00', '22:05:00', 20 );
INSERT INTO "times" VALUES ( 19262, 12870, '22:03:00', '22:03:00', 20 );
INSERT INTO "times" VALUES ( 19262, 12880, '22:02:00', '22:02:00', 20 );
INSERT INTO "times" VALUES ( 19262, 12890, '22:00:00', '22:00:00', 20 );
INSERT INTO "times" VALUES ( 19262, 12900, '21:55:00', '21:58:00', 20 );
INSERT INTO "times" VALUES ( 19262, 13510, '21:53:00', '21:53:00', 30 );
INSERT INTO "times" VALUES ( 19262, 13520, NULL, '21:51:00', 30 );

INSERT INTO "dias" VALUES ( 19263, 100, FALSE, TRUE, 'Q2201A', 13520, 12510 );
INSERT INTO "dias_line_groups" VALUES ( 19263, 10 );
INSERT INTO "times" VALUES ( 19263, 12510, '23:51:00', NULL, NULL );
INSERT INTO "times" VALUES ( 19263, 12520, '23:49:00', '23:49:00', 20 );
INSERT INTO "times" VALUES ( 19263, 12530, '23:48:00', '23:48:00', 20 );
INSERT INTO "times" VALUES ( 19263, 12540, '23:45:00', '23:45:00', 20 );
INSERT INTO "times" VALUES ( 19263, 12550, '23:42:00', '23:42:00', 20 );
INSERT INTO "times" VALUES ( 19263, 12560, '23:40:00', '23:40:00', 20 );
INSERT INTO "times" VALUES ( 19263, 12570, '23:39:00', '23:39:00', 20 );
INSERT INTO "times" VALUES ( 19263, 12580, '23:37:00', '23:37:00', 20 );
INSERT INTO "times" VALUES ( 19263, 12590, '23:36:00', '23:36:00', 20 );
INSERT INTO "times" VALUES ( 19263, 12600, '23:35:00', '23:35:00', 20 );
INSERT INTO "times" VALUES ( 19263, 12610, '23:34:00', '23:34:00', 20 );
INSERT INTO "times" VALUES ( 19263, 12620, '23:31:00', '23:31:00', 20 );
INSERT INTO "times" VALUES ( 19263, 12630, '23:30:00', '23:30:00', 20 );
INSERT INTO "times" VALUES ( 19263, 12640, '23:28:00', '23:28:00', 20 );
INSERT INTO "times" VALUES ( 19263, 12650, '23:27:00', '23:27:00', 20 );
INSERT INTO "times" VALUES ( 19263, 12660, '23:25:00', '23:25:00', 20 );
INSERT INTO "times" VALUES ( 19263, 12670, '23:22:00', '23:22:00', 20 );
INSERT INTO "times" VALUES ( 19263, 12680, '23:13:00', '23:19:00', 20 );
INSERT INTO "times" VALUES ( 19263, 12690, '23:11:00', '23:11:00', 20 );
INSERT INTO "times" VALUES ( 19263, 12700, '23:09:00', '23:09:00', 20 );
INSERT INTO "times" VALUES ( 19263, 12710, '23:06:00', '23:07:00', 20 );
INSERT INTO "times" VALUES ( 19263, 12720, '23:04:00', '23:04:00', 20 );
INSERT INTO "times" VALUES ( 19263, 12730, '23:01:00', '23:01:00', 20 );
INSERT INTO "times" VALUES ( 19263, 12740, '22:59:00', '22:59:00', 20 );
INSERT INTO "times" VALUES ( 19263, 12750, '22:56:00', '22:56:00', 20 );
INSERT INTO "times" VALUES ( 19263, 12760, '22:53:00', '22:53:00', 20 );
INSERT INTO "times" VALUES ( 19263, 12770, '22:49:00', '22:49:00', 20 );
INSERT INTO "times" VALUES ( 19263, 12780, '22:45:00', '22:45:00', 20 );
INSERT INTO "times" VALUES ( 19263, 12790, '22:42:00', '22:42:00', 20 );
INSERT INTO "times" VALUES ( 19263, 12800, '22:36:00', '22:40:00', 20 );
INSERT INTO "times" VALUES ( 19263, 12810, '22:34:00', '22:34:00', 20 );
INSERT INTO "times" VALUES ( 19263, 12820, '22:32:00', '22:32:00', 20 );
INSERT INTO "times" VALUES ( 19263, 12830, '22:31:00', '22:31:00', 20 );
INSERT INTO "times" VALUES ( 19263, 12840, '22:29:00', '22:29:00', 20 );
INSERT INTO "times" VALUES ( 19263, 12850, '22:27:00', '22:27:00', 20 );
INSERT INTO "times" VALUES ( 19263, 12860, '22:25:00', '22:25:00', 20 );
INSERT INTO "times" VALUES ( 19263, 12870, '22:24:00', '22:24:00', 20 );
INSERT INTO "times" VALUES ( 19263, 12880, '22:22:00', '22:22:00', 20 );
INSERT INTO "times" VALUES ( 19263, 12890, '22:20:00', '22:20:00', 20 );
INSERT INTO "times" VALUES ( 19263, 12900, '22:15:00', '22:19:00', 20 );
INSERT INTO "times" VALUES ( 19263, 13510, '22:12:00', '22:12:00', 30 );
INSERT INTO "times" VALUES ( 19263, 13520, NULL, '22:10:00', 30 );

INSERT INTO "dias" VALUES ( 19264, 100, FALSE, TRUE, 'Q2203A', 13520, 12510 );
INSERT INTO "dias_line_groups" VALUES ( 19264, 10 );
INSERT INTO "times" VALUES ( 19264, 12510, '00:17:00', NULL, NULL );
INSERT INTO "times" VALUES ( 19264, 12520, '00:15:00', '00:15:00', 20 );
INSERT INTO "times" VALUES ( 19264, 12530, '00:14:00', '00:14:00', 20 );
INSERT INTO "times" VALUES ( 19264, 12540, '00:11:00', '00:11:00', 20 );
INSERT INTO "times" VALUES ( 19264, 12550, '00:08:00', '00:08:00', 20 );
INSERT INTO "times" VALUES ( 19264, 12560, '00:06:00', '00:06:00', 20 );
INSERT INTO "times" VALUES ( 19264, 12570, '00:05:00', '00:05:00', 20 );
INSERT INTO "times" VALUES ( 19264, 12580, '00:03:00', '00:03:00', 20 );
INSERT INTO "times" VALUES ( 19264, 12590, '00:02:00', '00:02:00', 20 );
INSERT INTO "times" VALUES ( 19264, 12600, '00:01:00', '00:01:00', 20 );
INSERT INTO "times" VALUES ( 19264, 12610, '00:00:00', '00:00:00', 20 );
INSERT INTO "times" VALUES ( 19264, 12620, '23:57:00', '23:57:00', 20 );
INSERT INTO "times" VALUES ( 19264, 12630, '23:56:00', '23:56:00', 20 );
INSERT INTO "times" VALUES ( 19264, 12640, '23:54:00', '23:54:00', 20 );
INSERT INTO "times" VALUES ( 19264, 12650, '23:53:00', '23:53:00', 20 );
INSERT INTO "times" VALUES ( 19264, 12660, '23:51:00', '23:51:00', 20 );
INSERT INTO "times" VALUES ( 19264, 12670, '23:48:00', '23:48:00', 20 );
INSERT INTO "times" VALUES ( 19264, 12680, '23:41:00', '23:45:00', 20 );
INSERT INTO "times" VALUES ( 19264, 12690, '23:38:00', '23:38:00', 20 );
INSERT INTO "times" VALUES ( 19264, 12700, '23:36:00', '23:36:00', 20 );
INSERT INTO "times" VALUES ( 19264, 12710, '23:34:00', '23:34:00', 20 );
INSERT INTO "times" VALUES ( 19264, 12720, '23:31:00', '23:31:00', 20 );
INSERT INTO "times" VALUES ( 19264, 12730, '23:29:00', '23:29:00', 20 );
INSERT INTO "times" VALUES ( 19264, 12740, '23:27:00', '23:27:00', 20 );
INSERT INTO "times" VALUES ( 19264, 12750, '23:23:00', '23:23:00', 20 );
INSERT INTO "times" VALUES ( 19264, 12760, '23:21:00', '23:21:00', 20 );
INSERT INTO "times" VALUES ( 19264, 12770, '23:17:00', '23:17:00', 20 );
INSERT INTO "times" VALUES ( 19264, 12780, '23:12:00', '23:12:00', 20 );
INSERT INTO "times" VALUES ( 19264, 12790, '23:10:00', '23:10:00', 20 );
INSERT INTO "times" VALUES ( 19264, 12800, '23:04:00', '23:08:00', 20 );
INSERT INTO "times" VALUES ( 19264, 12810, '23:02:00', '23:02:00', 20 );
INSERT INTO "times" VALUES ( 19264, 12820, '23:00:00', '23:00:00', 20 );
INSERT INTO "times" VALUES ( 19264, 12830, '22:55:00', '22:59:00', 20 );
INSERT INTO "times" VALUES ( 19264, 12840, '22:53:00', '22:53:00', 20 );
INSERT INTO "times" VALUES ( 19264, 12850, '22:52:00', '22:52:00', 20 );
INSERT INTO "times" VALUES ( 19264, 12860, '22:50:00', '22:50:00', 20 );
INSERT INTO "times" VALUES ( 19264, 12870, '22:48:00', '22:48:00', 20 );
INSERT INTO "times" VALUES ( 19264, 12880, '22:46:00', '22:46:00', 20 );
INSERT INTO "times" VALUES ( 19264, 12890, '22:45:00', '22:45:00', 20 );
INSERT INTO "times" VALUES ( 19264, 12900, '22:38:00', '22:43:00', 20 );
INSERT INTO "times" VALUES ( 19264, 13510, '22:36:00', '22:36:00', 30 );
INSERT INTO "times" VALUES ( 19264, 13520, NULL, '22:34:00', 30 );

INSERT INTO "dias" VALUES ( 19265, 100, FALSE, TRUE, 'Q2301N', 13520, 12670 );
INSERT INTO "dias_line_groups" VALUES ( 19265, 10 );
INSERT INTO "times" VALUES ( 19265, 12670, '00:02:00', NULL, NULL );
INSERT INTO "times" VALUES ( 19265, 12680, '00:00:00', '00:00:00', 20 );
INSERT INTO "times" VALUES ( 19265, 12690, '23:57:00', '23:57:00', 20 );
INSERT INTO "times" VALUES ( 19265, 12700, '23:55:00', '23:55:00', 20 );
INSERT INTO "times" VALUES ( 19265, 12710, '23:50:00', '23:53:00', 20 );
INSERT INTO "times" VALUES ( 19265, 12720, '23:47:00', '23:47:00', 20 );
INSERT INTO "times" VALUES ( 19265, 12730, '23:45:00', '23:45:00', 20 );
INSERT INTO "times" VALUES ( 19265, 12740, '23:42:00', '23:42:00', 20 );
INSERT INTO "times" VALUES ( 19265, 12750, '23:39:00', '23:39:00', 20 );
INSERT INTO "times" VALUES ( 19265, 12760, '23:37:00', '23:37:00', 20 );
INSERT INTO "times" VALUES ( 19265, 12770, '23:33:00', '23:33:00', 20 );
INSERT INTO "times" VALUES ( 19265, 12780, '23:28:00', '23:28:00', 20 );
INSERT INTO "times" VALUES ( 19265, 12790, '23:26:00', '23:26:00', 20 );
INSERT INTO "times" VALUES ( 19265, 12800, '23:25:00', '23:25:00', 20 );
INSERT INTO "times" VALUES ( 19265, 12810, '23:22:00', '23:22:00', 20 );
INSERT INTO "times" VALUES ( 19265, 12820, '23:21:00', '23:21:00', 20 );
INSERT INTO "times" VALUES ( 19265, 12830, '23:19:00', '23:19:00', 20 );
INSERT INTO "times" VALUES ( 19265, 12840, '23:17:00', '23:17:00', 20 );
INSERT INTO "times" VALUES ( 19265, 12850, '23:16:00', '23:16:00', 20 );
INSERT INTO "times" VALUES ( 19265, 12860, '23:14:00', '23:14:00', 20 );
INSERT INTO "times" VALUES ( 19265, 12870, '23:12:00', '23:12:00', 20 );
INSERT INTO "times" VALUES ( 19265, 12880, '23:10:00', '23:10:00', 20 );
INSERT INTO "times" VALUES ( 19265, 12890, '23:09:00', '23:09:00', 20 );
INSERT INTO "times" VALUES ( 19265, 12900, '23:07:00', '23:07:00', 20 );
INSERT INTO "times" VALUES ( 19265, 13510, '23:05:00', '23:05:00', 30 );
INSERT INTO "times" VALUES ( 19265, 13520, NULL, '23:03:00', 30 );

INSERT INTO "dias" VALUES ( 19266, 100, FALSE, TRUE, 'Q2303M', 13520, 12610 );
INSERT INTO "dias_line_groups" VALUES ( 19266, 10 );
INSERT INTO "times" VALUES ( 19266, 12610, '00:25:00', NULL, NULL );
INSERT INTO "times" VALUES ( 19266, 12620, '00:23:00', '00:23:00', 20 );
INSERT INTO "times" VALUES ( 19266, 12630, '00:21:00', '00:21:00', 20 );
INSERT INTO "times" VALUES ( 19266, 12640, '00:20:00', '00:20:00', 20 );
INSERT INTO "times" VALUES ( 19266, 12650, '00:18:00', '00:18:00', 20 );
INSERT INTO "times" VALUES ( 19266, 12660, '00:17:00', '00:17:00', 20 );
INSERT INTO "times" VALUES ( 19266, 12670, '00:13:00', '00:13:00', 20 );
INSERT INTO "times" VALUES ( 19266, 12680, '00:06:00', '00:10:00', 20 );
INSERT INTO "times" VALUES ( 19266, 12690, '00:04:00', '00:04:00', 20 );
INSERT INTO "times" VALUES ( 19266, 12700, '00:02:00', '00:02:00', 20 );
INSERT INTO "times" VALUES ( 19266, 12710, '00:00:00', '00:00:00', 20 );
INSERT INTO "times" VALUES ( 19266, 12720, '23:57:00', '23:57:00', 20 );
INSERT INTO "times" VALUES ( 19266, 12730, '23:55:00', '23:55:00', 20 );
INSERT INTO "times" VALUES ( 19266, 12740, '23:52:00', '23:52:00', 20 );
INSERT INTO "times" VALUES ( 19266, 12750, '23:49:00', '23:49:00', 20 );
INSERT INTO "times" VALUES ( 19266, 12760, '23:47:00', '23:47:00', 20 );
INSERT INTO "times" VALUES ( 19266, 12770, '23:43:00', '23:43:00', 20 );
INSERT INTO "times" VALUES ( 19266, 12780, '23:38:00', '23:38:00', 20 );
INSERT INTO "times" VALUES ( 19266, 12790, '23:36:00', '23:36:00', 20 );
INSERT INTO "times" VALUES ( 19266, 12800, '23:31:00', '23:34:00', 20 );
INSERT INTO "times" VALUES ( 19266, 12810, '23:29:00', '23:29:00', 20 );
INSERT INTO "times" VALUES ( 19266, 12820, '23:27:00', '23:27:00', 20 );
INSERT INTO "times" VALUES ( 19266, 12830, '23:26:00', '23:26:00', 20 );
INSERT INTO "times" VALUES ( 19266, 12840, '23:24:00', '23:24:00', 20 );
INSERT INTO "times" VALUES ( 19266, 12850, '23:23:00', '23:23:00', 20 );
INSERT INTO "times" VALUES ( 19266, 12860, '23:21:00', '23:21:00', 20 );
INSERT INTO "times" VALUES ( 19266, 12870, '23:19:00', '23:19:00', 20 );
INSERT INTO "times" VALUES ( 19266, 12880, '23:17:00', '23:17:00', 20 );
INSERT INTO "times" VALUES ( 19266, 12890, '23:16:00', '23:16:00', 20 );
INSERT INTO "times" VALUES ( 19266, 12900, '23:14:00', '23:14:00', 20 );
INSERT INTO "times" VALUES ( 19266, 13510, '23:12:00', '23:12:00', 30 );
INSERT INTO "times" VALUES ( 19266, 13520, NULL, '23:10:00', 30 );

INSERT INTO "dias" VALUES ( 19267, 100, FALSE, TRUE, 'Q2305N', 13520, 12670 );
INSERT INTO "dias_line_groups" VALUES ( 19267, 10 );
INSERT INTO "times" VALUES ( 19267, 12670, '00:26:00', NULL, NULL );
INSERT INTO "times" VALUES ( 19267, 12680, '00:23:00', '00:23:00', 20 );
INSERT INTO "times" VALUES ( 19267, 12690, '00:21:00', '00:21:00', 20 );
INSERT INTO "times" VALUES ( 19267, 12700, '00:19:00', '00:19:00', 20 );
INSERT INTO "times" VALUES ( 19267, 12710, '00:17:00', '00:17:00', 20 );
INSERT INTO "times" VALUES ( 19267, 12720, '00:14:00', '00:14:00', 20 );
INSERT INTO "times" VALUES ( 19267, 12730, '00:12:00', '00:12:00', 20 );
INSERT INTO "times" VALUES ( 19267, 12740, '00:09:00', '00:09:00', 20 );
INSERT INTO "times" VALUES ( 19267, 12750, '00:06:00', '00:06:00', 20 );
INSERT INTO "times" VALUES ( 19267, 12760, '00:04:00', '00:04:00', 20 );
INSERT INTO "times" VALUES ( 19267, 12770, '00:00:00', '00:00:00', 20 );
INSERT INTO "times" VALUES ( 19267, 12780, '23:54:00', '23:55:00', 20 );
INSERT INTO "times" VALUES ( 19267, 12790, '23:52:00', '23:52:00', 20 );
INSERT INTO "times" VALUES ( 19267, 12800, '23:51:00', '23:51:00', 20 );
INSERT INTO "times" VALUES ( 19267, 12810, '23:48:00', '23:48:00', 20 );
INSERT INTO "times" VALUES ( 19267, 12820, '23:47:00', '23:47:00', 20 );
INSERT INTO "times" VALUES ( 19267, 12830, '23:46:00', '23:46:00', 20 );
INSERT INTO "times" VALUES ( 19267, 12840, '23:44:00', '23:44:00', 20 );
INSERT INTO "times" VALUES ( 19267, 12850, '23:42:00', '23:42:00', 20 );
INSERT INTO "times" VALUES ( 19267, 12860, '23:40:00', '23:40:00', 20 );
INSERT INTO "times" VALUES ( 19267, 12870, '23:38:00', '23:38:00', 20 );
INSERT INTO "times" VALUES ( 19267, 12880, '23:37:00', '23:37:00', 20 );
INSERT INTO "times" VALUES ( 19267, 12890, '23:35:00', '23:35:00', 20 );
INSERT INTO "times" VALUES ( 19267, 12900, '23:34:00', '23:34:00', 20 );
INSERT INTO "times" VALUES ( 19267, 13510, '23:31:00', '23:31:00', 30 );
INSERT INTO "times" VALUES ( 19267, 13520, NULL, '23:29:00', 30 );

INSERT INTO "dias" VALUES ( 19268, 100, FALSE, TRUE, 'Q2307N', 13520, 12670 );
INSERT INTO "dias_line_groups" VALUES ( 19268, 10 );
INSERT INTO "times" VALUES ( 19268, 12670, '00:46:00', NULL, NULL );
INSERT INTO "times" VALUES ( 19268, 12680, '00:43:00', '00:44:00', 20 );
INSERT INTO "times" VALUES ( 19268, 12690, '00:41:00', '00:41:00', 20 );
INSERT INTO "times" VALUES ( 19268, 12700, '00:38:00', '00:38:00', 20 );
INSERT INTO "times" VALUES ( 19268, 12710, '00:35:00', '00:36:00', 20 );
INSERT INTO "times" VALUES ( 19268, 12720, '00:33:00', '00:33:00', 20 );
INSERT INTO "times" VALUES ( 19268, 12730, '00:30:00', '00:30:00', 20 );
INSERT INTO "times" VALUES ( 19268, 12740, '00:23:00', '00:27:00', 20 );
INSERT INTO "times" VALUES ( 19268, 12750, '00:20:00', '00:20:00', 20 );
INSERT INTO "times" VALUES ( 19268, 12760, '00:18:00', '00:18:00', 20 );
INSERT INTO "times" VALUES ( 19268, 12770, '00:14:00', '00:14:00', 20 );
INSERT INTO "times" VALUES ( 19268, 12780, '00:09:00', '00:09:00', 20 );
INSERT INTO "times" VALUES ( 19268, 12790, '00:07:00', '00:07:00', 20 );
INSERT INTO "times" VALUES ( 19268, 12800, '00:06:00', '00:06:00', 20 );
INSERT INTO "times" VALUES ( 19268, 12810, '00:03:00', '00:03:00', 20 );
INSERT INTO "times" VALUES ( 19268, 12820, '00:02:00', '00:02:00', 20 );
INSERT INTO "times" VALUES ( 19268, 12830, '00:00:00', '00:00:00', 20 );
INSERT INTO "times" VALUES ( 19268, 12840, '23:58:00', '23:58:00', 20 );
INSERT INTO "times" VALUES ( 19268, 12850, '23:57:00', '23:57:00', 20 );
INSERT INTO "times" VALUES ( 19268, 12860, '23:55:00', '23:55:00', 20 );
INSERT INTO "times" VALUES ( 19268, 12870, '23:53:00', '23:53:00', 20 );
INSERT INTO "times" VALUES ( 19268, 12880, '23:52:00', '23:52:00', 20 );
INSERT INTO "times" VALUES ( 19268, 12890, '23:50:00', '23:50:00', 20 );
INSERT INTO "times" VALUES ( 19268, 12900, '23:48:00', '23:48:00', 20 );
INSERT INTO "times" VALUES ( 19268, 13510, '23:46:00', '23:46:00', 30 );
INSERT INTO "times" VALUES ( 19268, 13520, NULL, '23:44:00', 30 );

INSERT INTO "dias" VALUES ( 19269, 100, FALSE, TRUE, 'Q2401R', 13520, 12740 );
INSERT INTO "dias_line_groups" VALUES ( 19269, 10 );
INSERT INTO "times" VALUES ( 19269, 12740, '00:39:00', NULL, NULL );
INSERT INTO "times" VALUES ( 19269, 12750, '00:36:00', '00:36:00', 20 );
INSERT INTO "times" VALUES ( 19269, 12760, '00:33:00', '00:33:00', 20 );
INSERT INTO "times" VALUES ( 19269, 12770, '00:29:00', '00:29:00', 20 );
INSERT INTO "times" VALUES ( 19269, 12780, '00:25:00', '00:25:00', 20 );
INSERT INTO "times" VALUES ( 19269, 12790, '00:23:00', '00:23:00', 20 );
INSERT INTO "times" VALUES ( 19269, 12800, '00:21:00', '00:21:00', 20 );
INSERT INTO "times" VALUES ( 19269, 12810, '00:19:00', '00:19:00', 20 );
INSERT INTO "times" VALUES ( 19269, 12820, '00:17:00', '00:17:00', 20 );
INSERT INTO "times" VALUES ( 19269, 12830, '00:16:00', '00:16:00', 20 );
INSERT INTO "times" VALUES ( 19269, 12840, '00:14:00', '00:14:00', 20 );
INSERT INTO "times" VALUES ( 19269, 12850, '00:13:00', '00:13:00', 20 );
INSERT INTO "times" VALUES ( 19269, 12860, '00:11:00', '00:11:00', 20 );
INSERT INTO "times" VALUES ( 19269, 12870, '00:09:00', '00:09:00', 20 );
INSERT INTO "times" VALUES ( 19269, 12880, '00:07:00', '00:07:00', 20 );
INSERT INTO "times" VALUES ( 19269, 12890, '00:06:00', '00:06:00', 20 );
INSERT INTO "times" VALUES ( 19269, 12900, '00:04:00', '00:04:00', 20 );
INSERT INTO "times" VALUES ( 19269, 13510, '00:02:00', '00:02:00', 30 );
INSERT INTO "times" VALUES ( 19269, 13520, NULL, '00:00:00', 30 );

INSERT INTO "dias" VALUES ( 19270, 100, FALSE, TRUE, 'R0501A', 12660, 12510 );
INSERT INTO "dias_line_groups" VALUES ( 19270, 10 );
INSERT INTO "times" VALUES ( 19270, 12510, '05:28:00', NULL, NULL );
INSERT INTO "times" VALUES ( 19270, 12520, '05:27:00', '05:27:00', 20 );
INSERT INTO "times" VALUES ( 19270, 12530, '05:25:00', '05:25:00', 20 );
INSERT INTO "times" VALUES ( 19270, 12540, '05:22:00', '05:22:00', 20 );
INSERT INTO "times" VALUES ( 19270, 12550, '05:19:00', '05:19:00', 20 );
INSERT INTO "times" VALUES ( 19270, 12560, '05:18:00', '05:18:00', 20 );
INSERT INTO "times" VALUES ( 19270, 12570, '05:16:00', '05:16:00', 20 );
INSERT INTO "times" VALUES ( 19270, 12580, '05:15:00', '05:15:00', 20 );
INSERT INTO "times" VALUES ( 19270, 12590, '05:14:00', '05:14:00', 20 );
INSERT INTO "times" VALUES ( 19270, 12600, '05:13:00', '05:13:00', 20 );
INSERT INTO "times" VALUES ( 19270, 12610, '05:11:00', '05:11:00', 20 );
INSERT INTO "times" VALUES ( 19270, 12620, '05:08:00', '05:08:00', 20 );
INSERT INTO "times" VALUES ( 19270, 12630, '05:07:00', '05:07:00', 20 );
INSERT INTO "times" VALUES ( 19270, 12640, '05:05:00', '05:05:00', 20 );
INSERT INTO "times" VALUES ( 19270, 12650, '05:04:00', '05:04:00', 20 );
INSERT INTO "times" VALUES ( 19270, 12660, NULL, '05:02:00', 20 );

INSERT INTO "dias" VALUES ( 19271, 100, FALSE, TRUE, 'R0503A', 12660, 12510 );
INSERT INTO "dias_line_groups" VALUES ( 19271, 10 );
INSERT INTO "times" VALUES ( 19271, 12510, '05:52:00', NULL, NULL );
INSERT INTO "times" VALUES ( 19271, 12520, '05:50:00', '05:50:00', 20 );
INSERT INTO "times" VALUES ( 19271, 12530, '05:48:00', '05:48:00', 20 );
INSERT INTO "times" VALUES ( 19271, 12540, '05:45:00', '05:45:00', 20 );
INSERT INTO "times" VALUES ( 19271, 12550, '05:42:00', '05:42:00', 20 );
INSERT INTO "times" VALUES ( 19271, 12560, '05:41:00', '05:41:00', 20 );
INSERT INTO "times" VALUES ( 19271, 12570, '05:39:00', '05:39:00', 20 );
INSERT INTO "times" VALUES ( 19271, 12580, '05:38:00', '05:38:00', 20 );
INSERT INTO "times" VALUES ( 19271, 12590, '05:37:00', '05:37:00', 20 );
INSERT INTO "times" VALUES ( 19271, 12600, '05:36:00', '05:36:00', 20 );
INSERT INTO "times" VALUES ( 19271, 12610, '05:33:00', '05:35:00', 20 );
INSERT INTO "times" VALUES ( 19271, 12620, '05:31:00', '05:31:00', 20 );
INSERT INTO "times" VALUES ( 19271, 12630, '05:29:00', '05:29:00', 20 );
INSERT INTO "times" VALUES ( 19271, 12640, '05:28:00', '05:28:00', 20 );
INSERT INTO "times" VALUES ( 19271, 12650, '05:26:00', '05:26:00', 20 );
INSERT INTO "times" VALUES ( 19271, 12660, NULL, '05:25:00', 20 );

INSERT INTO "dias" VALUES ( 19272, 100, FALSE, TRUE, 'R0505B', 12610, 11510 );
INSERT INTO "dias_line_groups" VALUES ( 19272, 10 );
INSERT INTO "times" VALUES ( 19272, 11510, '05:50:00', NULL, NULL );
INSERT INTO "times" VALUES ( 19272, 11520, '05:48:00', '05:48:00', 10 );
INSERT INTO "times" VALUES ( 19272, 11530, '05:46:00', '05:46:00', 10 );
INSERT INTO "times" VALUES ( 19272, 11540, '05:45:00', '05:45:00', 10 );
INSERT INTO "times" VALUES ( 19272, 12530, '05:43:00', '05:43:00', 10 );
INSERT INTO "times" VALUES ( 19272, 12540, '05:37:00', '05:40:00', 20 );
INSERT INTO "times" VALUES ( 19272, 12550, '05:35:00', '05:35:00', 20 );
INSERT INTO "times" VALUES ( 19272, 12560, '05:34:00', '05:34:00', 20 );
INSERT INTO "times" VALUES ( 19272, 12570, '05:32:00', '05:32:00', 20 );
INSERT INTO "times" VALUES ( 19272, 12580, '05:31:00', '05:31:00', 20 );
INSERT INTO "times" VALUES ( 19272, 12590, '05:30:00', '05:30:00', 20 );
INSERT INTO "times" VALUES ( 19272, 12600, '05:28:00', '05:28:00', 20 );
INSERT INTO "times" VALUES ( 19272, 12610, NULL, '05:27:00', 20 );

INSERT INTO "dias" VALUES ( 19273, 100, FALSE, TRUE, 'R0507B', 12660, 11510 );
INSERT INTO "dias_line_groups" VALUES ( 19273, 10 );
INSERT INTO "times" VALUES ( 19273, 11510, '06:06:00', NULL, NULL );
INSERT INTO "times" VALUES ( 19273, 11520, '06:03:00', '06:03:00', 10 );
INSERT INTO "times" VALUES ( 19273, 11530, '06:02:00', '06:02:00', 10 );
INSERT INTO "times" VALUES ( 19273, 11540, '06:00:00', '06:00:00', 10 );
INSERT INTO "times" VALUES ( 19273, 12530, '05:58:00', '05:58:00', 10 );
INSERT INTO "times" VALUES ( 19273, 12540, '05:52:00', '05:56:00', 20 );
INSERT INTO "times" VALUES ( 19273, 12550, '05:49:00', '05:49:00', 20 );
INSERT INTO "times" VALUES ( 19273, 12560, '05:48:00', '05:48:00', 20 );
INSERT INTO "times" VALUES ( 19273, 12570, '05:46:00', '05:46:00', 20 );
INSERT INTO "times" VALUES ( 19273, 12580, '05:45:00', '05:45:00', 20 );
INSERT INTO "times" VALUES ( 19273, 12590, '05:44:00', '05:44:00', 20 );
INSERT INTO "times" VALUES ( 19273, 12600, '05:43:00', '05:43:00', 20 );
INSERT INTO "times" VALUES ( 19273, 12610, '05:42:00', '05:42:00', 20 );
INSERT INTO "times" VALUES ( 19273, 12620, '05:39:00', '05:39:00', 20 );
INSERT INTO "times" VALUES ( 19273, 12630, '05:38:00', '05:38:00', 20 );
INSERT INTO "times" VALUES ( 19273, 12640, '05:36:00', '05:36:00', 20 );
INSERT INTO "times" VALUES ( 19273, 12650, '05:34:00', '05:34:00', 20 );
INSERT INTO "times" VALUES ( 19273, 12660, NULL, '05:33:00', 20 );

INSERT INTO "dias" VALUES ( 19274, 100, FALSE, TRUE, 'R0509B', 12660, 11510 );
INSERT INTO "dias_line_groups" VALUES ( 19274, 10 );
INSERT INTO "times" VALUES ( 19274, 11510, '06:15:00', NULL, NULL );
INSERT INTO "times" VALUES ( 19274, 11520, '06:13:00', '06:13:00', 10 );
INSERT INTO "times" VALUES ( 19274, 11530, '06:11:00', '06:11:00', 10 );
INSERT INTO "times" VALUES ( 19274, 11540, '06:10:00', '06:10:00', 10 );
INSERT INTO "times" VALUES ( 19274, 12530, '06:07:00', '06:08:00', 10 );
INSERT INTO "times" VALUES ( 19274, 12540, '06:01:00', '06:05:00', 20 );
INSERT INTO "times" VALUES ( 19274, 12550, '05:58:00', '05:58:00', 20 );
INSERT INTO "times" VALUES ( 19274, 12560, '05:57:00', '05:57:00', 20 );
INSERT INTO "times" VALUES ( 19274, 12570, '05:55:00', '05:55:00', 20 );
INSERT INTO "times" VALUES ( 19274, 12580, '05:54:00', '05:54:00', 20 );
INSERT INTO "times" VALUES ( 19274, 12590, '05:53:00', '05:53:00', 20 );
INSERT INTO "times" VALUES ( 19274, 12600, '05:52:00', '05:52:00', 20 );
INSERT INTO "times" VALUES ( 19274, 12610, '05:48:00', '05:51:00', 20 );
INSERT INTO "times" VALUES ( 19274, 12620, '05:46:00', '05:46:00', 20 );
INSERT INTO "times" VALUES ( 19274, 12630, '05:45:00', '05:45:00', 20 );
INSERT INTO "times" VALUES ( 19274, 12640, '05:43:00', '05:43:00', 20 );
INSERT INTO "times" VALUES ( 19274, 12650, '05:41:00', '05:41:00', 20 );
INSERT INTO "times" VALUES ( 19274, 12660, NULL, '05:40:00', 20 );

INSERT INTO "dias" VALUES ( 19275, 100, FALSE, TRUE, 'R0511B', 12660, 11510 );
INSERT INTO "dias_line_groups" VALUES ( 19275, 10 );
INSERT INTO "times" VALUES ( 19275, 11510, '06:28:00', NULL, NULL );
INSERT INTO "times" VALUES ( 19275, 11520, '06:26:00', '06:26:00', 10 );
INSERT INTO "times" VALUES ( 19275, 11530, '06:24:00', '06:24:00', 10 );
INSERT INTO "times" VALUES ( 19275, 11540, '06:22:00', '06:22:00', 10 );
INSERT INTO "times" VALUES ( 19275, 12530, '06:21:00', '06:21:00', 10 );
INSERT INTO "times" VALUES ( 19275, 12540, '06:14:00', '06:18:00', 20 );
INSERT INTO "times" VALUES ( 19275, 12550, '06:12:00', '06:12:00', 20 );
INSERT INTO "times" VALUES ( 19275, 12560, '06:11:00', '06:11:00', 20 );
INSERT INTO "times" VALUES ( 19275, 12570, '06:09:00', '06:09:00', 20 );
INSERT INTO "times" VALUES ( 19275, 12580, '06:08:00', '06:08:00', 20 );
INSERT INTO "times" VALUES ( 19275, 12590, '06:07:00', '06:07:00', 20 );
INSERT INTO "times" VALUES ( 19275, 12600, '06:05:00', '06:05:00', 20 );
INSERT INTO "times" VALUES ( 19275, 12610, '06:02:00', '06:04:00', 20 );
INSERT INTO "times" VALUES ( 19275, 12620, '06:00:00', '06:00:00', 20 );
INSERT INTO "times" VALUES ( 19275, 12630, '05:58:00', '05:58:00', 20 );
INSERT INTO "times" VALUES ( 19275, 12640, '05:57:00', '05:57:00', 20 );
INSERT INTO "times" VALUES ( 19275, 12650, '05:55:00', '05:55:00', 20 );
INSERT INTO "times" VALUES ( 19275, 12660, NULL, '05:54:00', 20 );

INSERT INTO "dias" VALUES ( 19276, 100, FALSE, TRUE, 'R0513B', 12660, 11510 );
INSERT INTO "dias_line_groups" VALUES ( 19276, 10 );
INSERT INTO "times" VALUES ( 19276, 11510, '06:36:00', NULL, NULL );
INSERT INTO "times" VALUES ( 19276, 11520, '06:34:00', '06:34:00', 10 );
INSERT INTO "times" VALUES ( 19276, 11530, '06:32:00', '06:32:00', 10 );
INSERT INTO "times" VALUES ( 19276, 11540, '06:30:00', '06:30:00', 10 );
INSERT INTO "times" VALUES ( 19276, 12530, '06:29:00', '06:29:00', 10 );
INSERT INTO "times" VALUES ( 19276, 12540, '06:22:00', '06:26:00', 20 );
INSERT INTO "times" VALUES ( 19276, 12550, '06:20:00', '06:20:00', 20 );
INSERT INTO "times" VALUES ( 19276, 12560, '06:18:00', '06:18:00', 20 );
INSERT INTO "times" VALUES ( 19276, 12570, '06:17:00', '06:17:00', 20 );
INSERT INTO "times" VALUES ( 19276, 12580, '06:15:00', '06:15:00', 20 );
INSERT INTO "times" VALUES ( 19276, 12590, '06:14:00', '06:14:00', 20 );
INSERT INTO "times" VALUES ( 19276, 12600, '06:13:00', '06:13:00', 20 );
INSERT INTO "times" VALUES ( 19276, 12610, '06:08:00', '06:12:00', 20 );
INSERT INTO "times" VALUES ( 19276, 12620, '06:06:00', '06:06:00', 20 );
INSERT INTO "times" VALUES ( 19276, 12630, '06:05:00', '06:05:00', 20 );
INSERT INTO "times" VALUES ( 19276, 12640, '06:03:00', '06:03:00', 20 );
INSERT INTO "times" VALUES ( 19276, 12650, '06:02:00', '06:02:00', 20 );
INSERT INTO "times" VALUES ( 19276, 12660, NULL, '06:00:00', 20 );

INSERT INTO "dias" VALUES ( 19277, 100, FALSE, TRUE, 'R0600N', 12510, 12660 );
INSERT INTO "dias_line_groups" VALUES ( 19277, 10 );
INSERT INTO "times" VALUES ( 19277, 12510, NULL, '06:01:00', 20 );
INSERT INTO "times" VALUES ( 19277, 12520, '06:03:00', '06:03:00', 20 );
INSERT INTO "times" VALUES ( 19277, 12530, '06:05:00', '06:05:00', 20 );
INSERT INTO "times" VALUES ( 19277, 12540, '06:08:00', '06:08:00', 20 );
INSERT INTO "times" VALUES ( 19277, 12550, '06:10:00', '06:10:00', 20 );
INSERT INTO "times" VALUES ( 19277, 12560, '06:11:00', '06:11:00', 20 );
INSERT INTO "times" VALUES ( 19277, 12570, '06:13:00', '06:13:00', 20 );
INSERT INTO "times" VALUES ( 19277, 12580, '06:14:00', '06:14:00', 20 );
INSERT INTO "times" VALUES ( 19277, 12590, '06:15:00', '06:15:00', 20 );
INSERT INTO "times" VALUES ( 19277, 12600, '06:16:00', '06:16:00', 20 );
INSERT INTO "times" VALUES ( 19277, 12610, '06:18:00', '06:21:00', 20 );
INSERT INTO "times" VALUES ( 19277, 12620, '06:22:00', '06:22:00', 20 );
INSERT INTO "times" VALUES ( 19277, 12630, '06:23:00', '06:23:00', 20 );
INSERT INTO "times" VALUES ( 19277, 12640, '06:25:00', '06:25:00', 20 );
INSERT INTO "times" VALUES ( 19277, 12650, '06:26:00', '06:26:00', 20 );
INSERT INTO "times" VALUES ( 19277, 12660, '06:28:00', NULL, NULL );

INSERT INTO "dias" VALUES ( 19278, 100, FALSE, TRUE, 'R0601A', 12660, 12510 );
INSERT INTO "dias_line_groups" VALUES ( 19278, 10 );
INSERT INTO "times" VALUES ( 19278, 12510, '06:42:00', NULL, NULL );
INSERT INTO "times" VALUES ( 19278, 12520, '06:40:00', '06:40:00', 20 );
INSERT INTO "times" VALUES ( 19278, 12530, '06:38:00', '06:38:00', 20 );
INSERT INTO "times" VALUES ( 19278, 12540, '06:33:00', '06:35:00', 20 );
INSERT INTO "times" VALUES ( 19278, 12550, '06:30:00', '06:30:00', 20 );
INSERT INTO "times" VALUES ( 19278, 12560, '06:29:00', '06:29:00', 20 );
INSERT INTO "times" VALUES ( 19278, 12570, '06:27:00', '06:27:00', 20 );
INSERT INTO "times" VALUES ( 19278, 12580, '06:26:00', '06:26:00', 20 );
INSERT INTO "times" VALUES ( 19278, 12590, '06:24:00', '06:24:00', 20 );
INSERT INTO "times" VALUES ( 19278, 12600, '06:23:00', '06:23:00', 20 );
INSERT INTO "times" VALUES ( 19278, 12610, '06:18:00', '06:22:00', 20 );
INSERT INTO "times" VALUES ( 19278, 12620, '06:16:00', '06:16:00', 20 );
INSERT INTO "times" VALUES ( 19278, 12630, '06:14:00', '06:14:00', 20 );
INSERT INTO "times" VALUES ( 19278, 12640, '06:12:00', '06:12:00', 20 );
INSERT INTO "times" VALUES ( 19278, 12650, '06:11:00', '06:11:00', 20 );
INSERT INTO "times" VALUES ( 19278, 12660, NULL, '06:09:00', 20 );

INSERT INTO "dias" VALUES ( 19279, 100, FALSE, TRUE, 'R0602N', 11510, 12660 );
INSERT INTO "dias_line_groups" VALUES ( 19279, 10 );
INSERT INTO "times" VALUES ( 19279, 11510, NULL, '06:12:00', 10 );
INSERT INTO "times" VALUES ( 19279, 11520, '06:13:00', '06:13:00', 10 );
INSERT INTO "times" VALUES ( 19279, 11530, '06:15:00', '06:15:00', 10 );
INSERT INTO "times" VALUES ( 19279, 11540, '06:17:00', '06:17:00', 10 );
INSERT INTO "times" VALUES ( 19279, 12530, '06:19:00', '06:19:00', 20 );
INSERT INTO "times" VALUES ( 19279, 12540, '06:22:00', '06:22:00', 20 );
INSERT INTO "times" VALUES ( 19279, 12550, '06:24:00', '06:24:00', 20 );
INSERT INTO "times" VALUES ( 19279, 12560, '06:26:00', '06:26:00', 20 );
INSERT INTO "times" VALUES ( 19279, 12570, '06:27:00', '06:27:00', 20 );
INSERT INTO "times" VALUES ( 19279, 12580, '06:29:00', '06:29:00', 20 );
INSERT INTO "times" VALUES ( 19279, 12590, '06:30:00', '06:30:00', 20 );
INSERT INTO "times" VALUES ( 19279, 12600, '06:31:00', '06:31:00', 20 );
INSERT INTO "times" VALUES ( 19279, 12610, '06:32:00', '06:35:00', 20 );
INSERT INTO "times" VALUES ( 19279, 12620, '06:36:00', '06:36:00', 20 );
INSERT INTO "times" VALUES ( 19279, 12630, '06:38:00', '06:38:00', 20 );
INSERT INTO "times" VALUES ( 19279, 12640, '06:39:00', '06:39:00', 20 );
INSERT INTO "times" VALUES ( 19279, 12650, '06:41:00', '06:41:00', 20 );
INSERT INTO "times" VALUES ( 19279, 12660, '06:43:00', NULL, NULL );

INSERT INTO "dias" VALUES ( 19280, 100, FALSE, TRUE, 'R0603B', 12660, 11510 );
INSERT INTO "dias_line_groups" VALUES ( 19280, 10 );
INSERT INTO "times" VALUES ( 19280, 11510, '06:52:00', NULL, NULL );
INSERT INTO "times" VALUES ( 19280, 11520, '06:49:00', '06:49:00', 10 );
INSERT INTO "times" VALUES ( 19280, 11530, '06:48:00', '06:48:00', 10 );
INSERT INTO "times" VALUES ( 19280, 11540, '06:46:00', '06:46:00', 10 );
INSERT INTO "times" VALUES ( 19280, 12530, '06:45:00', '06:45:00', 10 );
INSERT INTO "times" VALUES ( 19280, 12540, '06:38:00', '06:42:00', 20 );
INSERT INTO "times" VALUES ( 19280, 12550, '06:35:00', '06:35:00', 20 );
INSERT INTO "times" VALUES ( 19280, 12560, '06:34:00', '06:34:00', 20 );
INSERT INTO "times" VALUES ( 19280, 12570, '06:32:00', '06:32:00', 20 );
INSERT INTO "times" VALUES ( 19280, 12580, '06:31:00', '06:31:00', 20 );
INSERT INTO "times" VALUES ( 19280, 12590, '06:29:00', '06:29:00', 20 );
INSERT INTO "times" VALUES ( 19280, 12600, '06:28:00', '06:28:00', 20 );
INSERT INTO "times" VALUES ( 19280, 12610, '06:25:00', '06:27:00', 20 );
INSERT INTO "times" VALUES ( 19280, 12620, '06:23:00', '06:23:00', 20 );
INSERT INTO "times" VALUES ( 19280, 12630, '06:21:00', '06:21:00', 20 );
INSERT INTO "times" VALUES ( 19280, 12640, '06:19:00', '06:19:00', 20 );
INSERT INTO "times" VALUES ( 19280, 12650, '06:18:00', '06:18:00', 20 );
INSERT INTO "times" VALUES ( 19280, 12660, NULL, '06:16:00', 20 );

INSERT INTO "dias" VALUES ( 19281, 100, FALSE, TRUE, 'R0604N', 11510, 12660 );
INSERT INTO "dias_line_groups" VALUES ( 19281, 10 );
INSERT INTO "times" VALUES ( 19281, 11510, NULL, '06:30:00', 10 );
INSERT INTO "times" VALUES ( 19281, 11520, '06:31:00', '06:31:00', 10 );
INSERT INTO "times" VALUES ( 19281, 11530, '06:33:00', '06:33:00', 10 );
INSERT INTO "times" VALUES ( 19281, 11540, '06:35:00', '06:35:00', 10 );
INSERT INTO "times" VALUES ( 19281, 12530, '06:37:00', '06:37:00', 20 );
INSERT INTO "times" VALUES ( 19281, 12540, '06:40:00', '06:41:00', 20 );
INSERT INTO "times" VALUES ( 19281, 12550, '06:43:00', '06:43:00', 20 );
INSERT INTO "times" VALUES ( 19281, 12560, '06:44:00', '06:44:00', 20 );
INSERT INTO "times" VALUES ( 19281, 12570, '06:46:00', '06:46:00', 20 );
INSERT INTO "times" VALUES ( 19281, 12580, '06:47:00', '06:47:00', 20 );
INSERT INTO "times" VALUES ( 19281, 12590, '06:49:00', '06:49:00', 20 );
INSERT INTO "times" VALUES ( 19281, 12600, '06:50:00', '06:50:00', 20 );
INSERT INTO "times" VALUES ( 19281, 12610, '06:52:00', '06:56:00', 20 );
INSERT INTO "times" VALUES ( 19281, 12620, '06:57:00', '06:57:00', 20 );
INSERT INTO "times" VALUES ( 19281, 12630, '06:58:00', '06:58:00', 20 );
INSERT INTO "times" VALUES ( 19281, 12640, '07:00:00', '07:00:00', 20 );
INSERT INTO "times" VALUES ( 19281, 12650, '07:02:00', '07:02:00', 20 );
INSERT INTO "times" VALUES ( 19281, 12660, '07:03:00', NULL, NULL );

INSERT INTO "dias" VALUES ( 19282, 100, FALSE, TRUE, 'R0605B', 12660, 11510 );
INSERT INTO "dias_line_groups" VALUES ( 19282, 10 );
INSERT INTO "times" VALUES ( 19282, 11510, '07:09:00', NULL, NULL );
INSERT INTO "times" VALUES ( 19282, 11520, '07:06:00', '07:06:00', 10 );
INSERT INTO "times" VALUES ( 19282, 11530, '07:05:00', '07:05:00', 10 );
INSERT INTO "times" VALUES ( 19282, 11540, '07:03:00', '07:03:00', 10 );
INSERT INTO "times" VALUES ( 19282, 12530, '07:02:00', '07:02:00', 10 );
INSERT INTO "times" VALUES ( 19282, 12540, '06:56:00', '06:59:00', 20 );
INSERT INTO "times" VALUES ( 19282, 12550, '06:53:00', '06:53:00', 20 );
INSERT INTO "times" VALUES ( 19282, 12560, '06:52:00', '06:52:00', 20 );
INSERT INTO "times" VALUES ( 19282, 12570, '06:50:00', '06:50:00', 20 );
INSERT INTO "times" VALUES ( 19282, 12580, '06:49:00', '06:49:00', 20 );
INSERT INTO "times" VALUES ( 19282, 12590, '06:47:00', '06:47:00', 20 );
INSERT INTO "times" VALUES ( 19282, 12600, '06:46:00', '06:46:00', 20 );
INSERT INTO "times" VALUES ( 19282, 12610, '06:42:00', '06:45:00', 20 );
INSERT INTO "times" VALUES ( 19282, 12620, '06:40:00', '06:40:00', 20 );
INSERT INTO "times" VALUES ( 19282, 12630, '06:38:00', '06:38:00', 20 );
INSERT INTO "times" VALUES ( 19282, 12640, '06:37:00', '06:37:00', 20 );
INSERT INTO "times" VALUES ( 19282, 12650, '06:35:00', '06:35:00', 20 );
INSERT INTO "times" VALUES ( 19282, 12660, NULL, '06:33:00', 20 );

INSERT INTO "dias" VALUES ( 19283, 100, FALSE, TRUE, 'R0606N', 11510, 12660 );
INSERT INTO "dias_line_groups" VALUES ( 19283, 10 );
INSERT INTO "times" VALUES ( 19283, 11510, NULL, '06:49:00', 10 );
INSERT INTO "times" VALUES ( 19283, 11520, '06:51:00', '06:51:00', 10 );
INSERT INTO "times" VALUES ( 19283, 11530, '06:52:00', '06:52:00', 10 );
INSERT INTO "times" VALUES ( 19283, 11540, '06:54:00', '06:54:00', 10 );
INSERT INTO "times" VALUES ( 19283, 12530, '06:56:00', '06:57:00', 20 );
INSERT INTO "times" VALUES ( 19283, 12540, '07:00:00', '07:01:00', 20 );
INSERT INTO "times" VALUES ( 19283, 12550, '07:03:00', '07:03:00', 20 );
INSERT INTO "times" VALUES ( 19283, 12560, '07:05:00', '07:05:00', 20 );
INSERT INTO "times" VALUES ( 19283, 12570, '07:06:00', '07:06:00', 20 );
INSERT INTO "times" VALUES ( 19283, 12580, '07:07:00', '07:07:00', 20 );
INSERT INTO "times" VALUES ( 19283, 12590, '07:09:00', '07:09:00', 20 );
INSERT INTO "times" VALUES ( 19283, 12600, '07:10:00', '07:10:00', 20 );
INSERT INTO "times" VALUES ( 19283, 12610, '07:12:00', '07:16:00', 20 );
INSERT INTO "times" VALUES ( 19283, 12620, '07:18:00', '07:18:00', 20 );
INSERT INTO "times" VALUES ( 19283, 12630, '07:19:00', '07:19:00', 20 );
INSERT INTO "times" VALUES ( 19283, 12640, '07:20:00', '07:20:00', 20 );
INSERT INTO "times" VALUES ( 19283, 12650, '07:22:00', '07:22:00', 20 );
INSERT INTO "times" VALUES ( 19283, 12660, '07:24:00', NULL, NULL );

INSERT INTO "dias" VALUES ( 19284, 100, FALSE, TRUE, 'R0607B', 12660, 11510 );
INSERT INTO "dias_line_groups" VALUES ( 19284, 10 );
INSERT INTO "times" VALUES ( 19284, 11510, '07:28:00', NULL, NULL );
INSERT INTO "times" VALUES ( 19284, 11520, '07:26:00', '07:26:00', 10 );
INSERT INTO "times" VALUES ( 19284, 11530, '07:24:00', '07:24:00', 10 );
INSERT INTO "times" VALUES ( 19284, 11540, '07:23:00', '07:23:00', 10 );
INSERT INTO "times" VALUES ( 19284, 12530, '07:21:00', '07:21:00', 10 );
INSERT INTO "times" VALUES ( 19284, 12540, '07:13:00', '07:18:00', 20 );
INSERT INTO "times" VALUES ( 19284, 12550, '07:10:00', '07:10:00', 20 );
INSERT INTO "times" VALUES ( 19284, 12560, '07:09:00', '07:09:00', 20 );
INSERT INTO "times" VALUES ( 19284, 12570, '07:07:00', '07:07:00', 20 );
INSERT INTO "times" VALUES ( 19284, 12580, '07:06:00', '07:06:00', 20 );
INSERT INTO "times" VALUES ( 19284, 12590, '07:04:00', '07:04:00', 20 );
INSERT INTO "times" VALUES ( 19284, 12600, '07:03:00', '07:03:00', 20 );
INSERT INTO "times" VALUES ( 19284, 12610, '07:00:00', '07:02:00', 20 );
INSERT INTO "times" VALUES ( 19284, 12620, '06:58:00', '06:58:00', 20 );
INSERT INTO "times" VALUES ( 19284, 12630, '06:57:00', '06:57:00', 20 );
INSERT INTO "times" VALUES ( 19284, 12640, '06:55:00', '06:55:00', 20 );
INSERT INTO "times" VALUES ( 19284, 12650, '06:53:00', '06:53:00', 20 );
INSERT INTO "times" VALUES ( 19284, 12660, NULL, '06:52:00', 20 );

INSERT INTO "dias" VALUES ( 19285, 100, FALSE, TRUE, 'R0609B', 12660, 11510 );
INSERT INTO "dias_line_groups" VALUES ( 19285, 10 );
INSERT INTO "times" VALUES ( 19285, 11510, '07:36:00', NULL, NULL );
INSERT INTO "times" VALUES ( 19285, 11520, '07:34:00', '07:34:00', 10 );
INSERT INTO "times" VALUES ( 19285, 11530, '07:32:00', '07:32:00', 10 );
INSERT INTO "times" VALUES ( 19285, 11540, '07:30:00', '07:30:00', 10 );
INSERT INTO "times" VALUES ( 19285, 12530, '07:29:00', '07:29:00', 10 );
INSERT INTO "times" VALUES ( 19285, 12540, '07:22:00', '07:26:00', 20 );
INSERT INTO "times" VALUES ( 19285, 12550, '07:19:00', '07:19:00', 20 );
INSERT INTO "times" VALUES ( 19285, 12560, '07:18:00', '07:18:00', 20 );
INSERT INTO "times" VALUES ( 19285, 12570, '07:16:00', '07:16:00', 20 );
INSERT INTO "times" VALUES ( 19285, 12580, '07:14:00', '07:14:00', 20 );
INSERT INTO "times" VALUES ( 19285, 12590, '07:13:00', '07:13:00', 20 );
INSERT INTO "times" VALUES ( 19285, 12600, '07:12:00', '07:12:00', 20 );
INSERT INTO "times" VALUES ( 19285, 12610, '07:08:00', '07:11:00', 20 );
INSERT INTO "times" VALUES ( 19285, 12620, '07:05:00', '07:05:00', 20 );
INSERT INTO "times" VALUES ( 19285, 12630, '07:04:00', '07:04:00', 20 );
INSERT INTO "times" VALUES ( 19285, 12640, '07:02:00', '07:02:00', 20 );
INSERT INTO "times" VALUES ( 19285, 12650, '07:00:00', '07:00:00', 20 );
INSERT INTO "times" VALUES ( 19285, 12660, NULL, '06:59:00', 20 );

INSERT INTO "dias" VALUES ( 19286, 100, FALSE, TRUE, 'R0700N', 11510, 12660 );
INSERT INTO "dias_line_groups" VALUES ( 19286, 10 );
INSERT INTO "times" VALUES ( 19286, 11510, NULL, '07:11:00', 10 );
INSERT INTO "times" VALUES ( 19286, 11520, '07:12:00', '07:12:00', 10 );
INSERT INTO "times" VALUES ( 19286, 11530, '07:14:00', '07:14:00', 10 );
INSERT INTO "times" VALUES ( 19286, 11540, '07:16:00', '07:16:00', 10 );
INSERT INTO "times" VALUES ( 19286, 12530, '07:18:00', '07:18:00', 20 );
INSERT INTO "times" VALUES ( 19286, 12540, '07:21:00', '07:21:00', 20 );
INSERT INTO "times" VALUES ( 19286, 12550, '07:23:00', '07:23:00', 20 );
INSERT INTO "times" VALUES ( 19286, 12560, '07:25:00', '07:25:00', 20 );
INSERT INTO "times" VALUES ( 19286, 12570, '07:26:00', '07:26:00', 20 );
INSERT INTO "times" VALUES ( 19286, 12580, '07:27:00', '07:27:00', 20 );
INSERT INTO "times" VALUES ( 19286, 12590, '07:29:00', '07:29:00', 20 );
INSERT INTO "times" VALUES ( 19286, 12600, '07:30:00', '07:30:00', 20 );
INSERT INTO "times" VALUES ( 19286, 12610, '07:31:00', '07:36:00', 20 );
INSERT INTO "times" VALUES ( 19286, 12620, '07:38:00', '07:38:00', 20 );
INSERT INTO "times" VALUES ( 19286, 12630, '07:39:00', '07:39:00', 20 );
INSERT INTO "times" VALUES ( 19286, 12640, '07:40:00', '07:40:00', 20 );
INSERT INTO "times" VALUES ( 19286, 12650, '07:42:00', '07:42:00', 20 );
INSERT INTO "times" VALUES ( 19286, 12660, '07:44:00', NULL, NULL );

INSERT INTO "dias" VALUES ( 19287, 100, FALSE, TRUE, 'R0701B', 12660, 11510 );
INSERT INTO "dias_line_groups" VALUES ( 19287, 10 );
INSERT INTO "times" VALUES ( 19287, 11510, '07:56:00', NULL, NULL );
INSERT INTO "times" VALUES ( 19287, 11520, '07:54:00', '07:54:00', 10 );
INSERT INTO "times" VALUES ( 19287, 11530, '07:52:00', '07:52:00', 10 );
INSERT INTO "times" VALUES ( 19287, 11540, '07:50:00', '07:50:00', 10 );
INSERT INTO "times" VALUES ( 19287, 12530, '07:49:00', '07:49:00', 10 );
INSERT INTO "times" VALUES ( 19287, 12540, '07:42:00', '07:46:00', 20 );
INSERT INTO "times" VALUES ( 19287, 12550, '07:39:00', '07:39:00', 20 );
INSERT INTO "times" VALUES ( 19287, 12560, '07:38:00', '07:38:00', 20 );
INSERT INTO "times" VALUES ( 19287, 12570, '07:36:00', '07:36:00', 20 );
INSERT INTO "times" VALUES ( 19287, 12580, '07:35:00', '07:35:00', 20 );
INSERT INTO "times" VALUES ( 19287, 12590, '07:33:00', '07:33:00', 20 );
INSERT INTO "times" VALUES ( 19287, 12600, '07:32:00', '07:32:00', 20 );
INSERT INTO "times" VALUES ( 19287, 12610, '07:28:00', '07:31:00', 20 );
INSERT INTO "times" VALUES ( 19287, 12620, '07:26:00', '07:26:00', 20 );
INSERT INTO "times" VALUES ( 19287, 12630, '07:24:00', '07:24:00', 20 );
INSERT INTO "times" VALUES ( 19287, 12640, '07:23:00', '07:23:00', 20 );
INSERT INTO "times" VALUES ( 19287, 12650, '07:21:00', '07:21:00', 20 );
INSERT INTO "times" VALUES ( 19287, 12660, NULL, '07:19:00', 20 );

INSERT INTO "dias" VALUES ( 19288, 100, FALSE, TRUE, 'R0702N', 11510, 12660 );
INSERT INTO "dias_line_groups" VALUES ( 19288, 10 );
INSERT INTO "times" VALUES ( 19288, 11510, NULL, '07:21:00', 10 );
INSERT INTO "times" VALUES ( 19288, 11520, '07:22:00', '07:22:00', 10 );
INSERT INTO "times" VALUES ( 19288, 11530, '07:24:00', '07:24:00', 10 );
INSERT INTO "times" VALUES ( 19288, 11540, '07:26:00', '07:26:00', 10 );
INSERT INTO "times" VALUES ( 19288, 12530, '07:28:00', '07:29:00', 20 );
INSERT INTO "times" VALUES ( 19288, 12540, '07:31:00', '07:32:00', 20 );
INSERT INTO "times" VALUES ( 19288, 12550, '07:34:00', '07:34:00', 20 );
INSERT INTO "times" VALUES ( 19288, 12560, '07:36:00', '07:36:00', 20 );
INSERT INTO "times" VALUES ( 19288, 12570, '07:37:00', '07:37:00', 20 );
INSERT INTO "times" VALUES ( 19288, 12580, '07:39:00', '07:39:00', 20 );
INSERT INTO "times" VALUES ( 19288, 12590, '07:40:00', '07:40:00', 20 );
INSERT INTO "times" VALUES ( 19288, 12600, '07:41:00', '07:41:00', 20 );
INSERT INTO "times" VALUES ( 19288, 12610, '07:43:00', '07:46:00', 20 );
INSERT INTO "times" VALUES ( 19288, 12620, '07:47:00', '07:47:00', 20 );
INSERT INTO "times" VALUES ( 19288, 12630, '07:49:00', '07:49:00', 20 );
INSERT INTO "times" VALUES ( 19288, 12640, '07:50:00', '07:50:00', 20 );
INSERT INTO "times" VALUES ( 19288, 12650, '07:52:00', '07:52:00', 20 );
INSERT INTO "times" VALUES ( 19288, 12660, '07:54:00', NULL, NULL );

INSERT INTO "dias" VALUES ( 19289, 100, FALSE, TRUE, 'R0703B', 12660, 11510 );
INSERT INTO "dias_line_groups" VALUES ( 19289, 10 );
INSERT INTO "times" VALUES ( 19289, 11510, '08:16:00', NULL, NULL );
INSERT INTO "times" VALUES ( 19289, 11520, '08:14:00', '08:14:00', 10 );
INSERT INTO "times" VALUES ( 19289, 11530, '08:12:00', '08:12:00', 10 );
INSERT INTO "times" VALUES ( 19289, 11540, '08:11:00', '08:11:00', 10 );
INSERT INTO "times" VALUES ( 19289, 12530, '08:08:00', '08:09:00', 10 );
INSERT INTO "times" VALUES ( 19289, 12540, '08:02:00', '08:06:00', 20 );
INSERT INTO "times" VALUES ( 19289, 12550, '07:59:00', '07:59:00', 20 );
INSERT INTO "times" VALUES ( 19289, 12560, '07:58:00', '07:58:00', 20 );
INSERT INTO "times" VALUES ( 19289, 12570, '07:56:00', '07:56:00', 20 );
INSERT INTO "times" VALUES ( 19289, 12580, '07:55:00', '07:55:00', 20 );
INSERT INTO "times" VALUES ( 19289, 12590, '07:53:00', '07:53:00', 20 );
INSERT INTO "times" VALUES ( 19289, 12600, '07:52:00', '07:52:00', 20 );
INSERT INTO "times" VALUES ( 19289, 12610, '07:48:00', '07:51:00', 20 );
INSERT INTO "times" VALUES ( 19289, 12620, '07:46:00', '07:46:00', 20 );
INSERT INTO "times" VALUES ( 19289, 12630, '07:44:00', '07:44:00', 20 );
INSERT INTO "times" VALUES ( 19289, 12640, '07:42:00', '07:42:00', 20 );
INSERT INTO "times" VALUES ( 19289, 12650, '07:41:00', '07:41:00', 20 );
INSERT INTO "times" VALUES ( 19289, 12660, NULL, '07:39:00', 20 );

INSERT INTO "dias" VALUES ( 19290, 100, FALSE, TRUE, 'R0704N', 11510, 12660 );
INSERT INTO "dias_line_groups" VALUES ( 19290, 10 );
INSERT INTO "times" VALUES ( 19290, 11510, NULL, '07:41:00', 10 );
INSERT INTO "times" VALUES ( 19290, 11520, '07:42:00', '07:42:00', 10 );
INSERT INTO "times" VALUES ( 19290, 11530, '07:44:00', '07:44:00', 10 );
INSERT INTO "times" VALUES ( 19290, 11540, '07:46:00', '07:46:00', 10 );
INSERT INTO "times" VALUES ( 19290, 12530, '07:48:00', '07:48:00', 20 );
INSERT INTO "times" VALUES ( 19290, 12540, '07:51:00', '07:51:00', 20 );
INSERT INTO "times" VALUES ( 19290, 12550, '07:54:00', '07:54:00', 20 );
INSERT INTO "times" VALUES ( 19290, 12560, '07:55:00', '07:55:00', 20 );
INSERT INTO "times" VALUES ( 19290, 12570, '07:56:00', '07:56:00', 20 );
INSERT INTO "times" VALUES ( 19290, 12580, '07:58:00', '07:58:00', 20 );
INSERT INTO "times" VALUES ( 19290, 12590, '07:59:00', '07:59:00', 20 );
INSERT INTO "times" VALUES ( 19290, 12600, '08:00:00', '08:00:00', 20 );
INSERT INTO "times" VALUES ( 19290, 12610, '08:02:00', '08:05:00', 20 );
INSERT INTO "times" VALUES ( 19290, 12620, '08:06:00', '08:06:00', 20 );
INSERT INTO "times" VALUES ( 19290, 12630, '08:08:00', '08:08:00', 20 );
INSERT INTO "times" VALUES ( 19290, 12640, '08:09:00', '08:09:00', 20 );
INSERT INTO "times" VALUES ( 19290, 12650, '08:11:00', '08:11:00', 20 );
INSERT INTO "times" VALUES ( 19290, 12660, '08:13:00', NULL, NULL );

INSERT INTO "dias" VALUES ( 19291, 100, FALSE, TRUE, 'R0705B', 12660, 11510 );
INSERT INTO "dias_line_groups" VALUES ( 19291, 10 );
INSERT INTO "times" VALUES ( 19291, 11510, '08:37:00', NULL, NULL );
INSERT INTO "times" VALUES ( 19291, 11520, '08:34:00', '08:34:00', 10 );
INSERT INTO "times" VALUES ( 19291, 11530, '08:33:00', '08:33:00', 10 );
INSERT INTO "times" VALUES ( 19291, 11540, '08:31:00', '08:31:00', 10 );
INSERT INTO "times" VALUES ( 19291, 12530, '08:28:00', '08:30:00', 10 );
INSERT INTO "times" VALUES ( 19291, 12540, '08:22:00', '08:26:00', 20 );
INSERT INTO "times" VALUES ( 19291, 12550, '08:19:00', '08:19:00', 20 );
INSERT INTO "times" VALUES ( 19291, 12560, '08:18:00', '08:18:00', 20 );
INSERT INTO "times" VALUES ( 19291, 12570, '08:16:00', '08:16:00', 20 );
INSERT INTO "times" VALUES ( 19291, 12580, '08:15:00', '08:15:00', 20 );
INSERT INTO "times" VALUES ( 19291, 12590, '08:13:00', '08:13:00', 20 );
INSERT INTO "times" VALUES ( 19291, 12600, '08:12:00', '08:12:00', 20 );
INSERT INTO "times" VALUES ( 19291, 12610, '08:07:00', '08:11:00', 20 );
INSERT INTO "times" VALUES ( 19291, 12620, '08:05:00', '08:05:00', 20 );
INSERT INTO "times" VALUES ( 19291, 12630, '08:03:00', '08:03:00', 20 );
INSERT INTO "times" VALUES ( 19291, 12640, '08:02:00', '08:02:00', 20 );
INSERT INTO "times" VALUES ( 19291, 12650, '08:00:00', '08:00:00', 20 );
INSERT INTO "times" VALUES ( 19291, 12660, NULL, '07:58:00', 20 );

INSERT INTO "dias" VALUES ( 19292, 100, FALSE, TRUE, 'R0706N', 11510, 12660 );
INSERT INTO "dias_line_groups" VALUES ( 19292, 10 );
INSERT INTO "times" VALUES ( 19292, 11510, NULL, '07:51:00', 10 );
INSERT INTO "times" VALUES ( 19292, 11520, '07:52:00', '07:52:00', 10 );
INSERT INTO "times" VALUES ( 19292, 11530, '07:54:00', '07:54:00', 10 );
INSERT INTO "times" VALUES ( 19292, 11540, '07:56:00', '07:56:00', 10 );
INSERT INTO "times" VALUES ( 19292, 12530, '07:58:00', '07:58:00', 20 );
INSERT INTO "times" VALUES ( 19292, 12540, '08:01:00', '08:02:00', 20 );
INSERT INTO "times" VALUES ( 19292, 12550, '08:04:00', '08:04:00', 20 );
INSERT INTO "times" VALUES ( 19292, 12560, '08:05:00', '08:05:00', 20 );
INSERT INTO "times" VALUES ( 19292, 12570, '08:07:00', '08:07:00', 20 );
INSERT INTO "times" VALUES ( 19292, 12580, '08:09:00', '08:09:00', 20 );
INSERT INTO "times" VALUES ( 19292, 12590, '08:10:00', '08:10:00', 20 );
INSERT INTO "times" VALUES ( 19292, 12600, '08:11:00', '08:11:00', 20 );
INSERT INTO "times" VALUES ( 19292, 12610, '08:13:00', '08:15:00', 20 );
INSERT INTO "times" VALUES ( 19292, 12620, '08:17:00', '08:17:00', 20 );
INSERT INTO "times" VALUES ( 19292, 12630, '08:18:00', '08:18:00', 20 );
INSERT INTO "times" VALUES ( 19292, 12640, '08:20:00', '08:20:00', 20 );
INSERT INTO "times" VALUES ( 19292, 12650, '08:22:00', '08:22:00', 20 );
INSERT INTO "times" VALUES ( 19292, 12660, '08:24:00', NULL, NULL );

INSERT INTO "dias" VALUES ( 19293, 100, FALSE, TRUE, 'R0800N', 11510, 12660 );
INSERT INTO "dias_line_groups" VALUES ( 19293, 10 );
INSERT INTO "times" VALUES ( 19293, 11510, NULL, '08:34:00', 10 );
INSERT INTO "times" VALUES ( 19293, 11520, '08:35:00', '08:35:00', 10 );
INSERT INTO "times" VALUES ( 19293, 11530, '08:37:00', '08:37:00', 10 );
INSERT INTO "times" VALUES ( 19293, 11540, '08:39:00', '08:39:00', 10 );
INSERT INTO "times" VALUES ( 19293, 12530, '08:41:00', '08:42:00', 20 );
INSERT INTO "times" VALUES ( 19293, 12540, '08:44:00', '08:51:00', 20 );
INSERT INTO "times" VALUES ( 19293, 12550, '08:53:00', '08:53:00', 20 );
INSERT INTO "times" VALUES ( 19293, 12560, '08:55:00', '08:55:00', 20 );
INSERT INTO "times" VALUES ( 19293, 12570, '08:56:00', '08:56:00', 20 );
INSERT INTO "times" VALUES ( 19293, 12580, '08:58:00', '08:58:00', 20 );
INSERT INTO "times" VALUES ( 19293, 12590, '08:59:00', '08:59:00', 20 );
INSERT INTO "times" VALUES ( 19293, 12600, '09:00:00', '09:00:00', 20 );
INSERT INTO "times" VALUES ( 19293, 12610, '09:02:00', '09:06:00', 20 );
INSERT INTO "times" VALUES ( 19293, 12620, '09:07:00', '09:07:00', 20 );
INSERT INTO "times" VALUES ( 19293, 12630, '09:08:00', '09:08:00', 20 );
INSERT INTO "times" VALUES ( 19293, 12640, '09:10:00', '09:10:00', 20 );
INSERT INTO "times" VALUES ( 19293, 12650, '09:12:00', '09:12:00', 20 );
INSERT INTO "times" VALUES ( 19293, 12660, '09:14:00', NULL, NULL );

INSERT INTO "dias" VALUES ( 19294, 100, FALSE, TRUE, 'R0801B', 12660, 11510 );
INSERT INTO "dias_line_groups" VALUES ( 19294, 10 );
INSERT INTO "times" VALUES ( 19294, 11510, '08:57:00', NULL, NULL );
INSERT INTO "times" VALUES ( 19294, 11520, '08:54:00', '08:54:00', 10 );
INSERT INTO "times" VALUES ( 19294, 11530, '08:53:00', '08:53:00', 10 );
INSERT INTO "times" VALUES ( 19294, 11540, '08:51:00', '08:51:00', 10 );
INSERT INTO "times" VALUES ( 19294, 12530, '08:48:00', '08:50:00', 10 );
INSERT INTO "times" VALUES ( 19294, 12540, '08:42:00', '08:46:00', 20 );
INSERT INTO "times" VALUES ( 19294, 12550, '08:39:00', '08:39:00', 20 );
INSERT INTO "times" VALUES ( 19294, 12560, '08:38:00', '08:38:00', 20 );
INSERT INTO "times" VALUES ( 19294, 12570, '08:36:00', '08:36:00', 20 );
INSERT INTO "times" VALUES ( 19294, 12580, '08:34:00', '08:34:00', 20 );
INSERT INTO "times" VALUES ( 19294, 12590, '08:33:00', '08:33:00', 20 );
INSERT INTO "times" VALUES ( 19294, 12600, '08:32:00', '08:32:00', 20 );
INSERT INTO "times" VALUES ( 19294, 12610, '08:28:00', '08:31:00', 20 );
INSERT INTO "times" VALUES ( 19294, 12620, '08:26:00', '08:26:00', 20 );
INSERT INTO "times" VALUES ( 19294, 12630, '08:25:00', '08:25:00', 20 );
INSERT INTO "times" VALUES ( 19294, 12640, '08:23:00', '08:23:00', 20 );
INSERT INTO "times" VALUES ( 19294, 12650, '08:21:00', '08:21:00', 20 );
INSERT INTO "times" VALUES ( 19294, 12660, NULL, '08:20:00', 20 );

INSERT INTO "dias" VALUES ( 19295, 100, FALSE, TRUE, 'R0803B', 12660, 11510 );
INSERT INTO "dias_line_groups" VALUES ( 19295, 10 );
INSERT INTO "times" VALUES ( 19295, 11510, '09:17:00', NULL, NULL );
INSERT INTO "times" VALUES ( 19295, 11520, '09:14:00', '09:14:00', 10 );
INSERT INTO "times" VALUES ( 19295, 11530, '09:13:00', '09:13:00', 10 );
INSERT INTO "times" VALUES ( 19295, 11540, '09:11:00', '09:11:00', 10 );
INSERT INTO "times" VALUES ( 19295, 12530, '09:09:00', '09:10:00', 10 );
INSERT INTO "times" VALUES ( 19295, 12540, '09:04:00', '09:06:00', 20 );
INSERT INTO "times" VALUES ( 19295, 12550, '09:01:00', '09:01:00', 20 );
INSERT INTO "times" VALUES ( 19295, 12560, '09:00:00', '09:00:00', 20 );
INSERT INTO "times" VALUES ( 19295, 12570, '08:58:00', '08:58:00', 20 );
INSERT INTO "times" VALUES ( 19295, 12580, '08:57:00', '08:57:00', 20 );
INSERT INTO "times" VALUES ( 19295, 12590, '08:55:00', '08:55:00', 20 );
INSERT INTO "times" VALUES ( 19295, 12600, '08:54:00', '08:54:00', 20 );
INSERT INTO "times" VALUES ( 19295, 12610, '08:49:00', '08:53:00', 20 );
INSERT INTO "times" VALUES ( 19295, 12620, '08:46:00', '08:46:00', 20 );
INSERT INTO "times" VALUES ( 19295, 12630, '08:45:00', '08:45:00', 20 );
INSERT INTO "times" VALUES ( 19295, 12640, '08:43:00', '08:43:00', 20 );
INSERT INTO "times" VALUES ( 19295, 12650, '08:41:00', '08:41:00', 20 );
INSERT INTO "times" VALUES ( 19295, 12660, NULL, '08:40:00', 20 );

INSERT INTO "dias" VALUES ( 19296, 100, FALSE, TRUE, 'R0805B', 12660, 11510 );
INSERT INTO "dias_line_groups" VALUES ( 19296, 10 );
INSERT INTO "times" VALUES ( 19296, 11510, '09:37:00', NULL, NULL );
INSERT INTO "times" VALUES ( 19296, 11520, '09:34:00', '09:34:00', 10 );
INSERT INTO "times" VALUES ( 19296, 11530, '09:33:00', '09:33:00', 10 );
INSERT INTO "times" VALUES ( 19296, 11540, '09:31:00', '09:31:00', 10 );
INSERT INTO "times" VALUES ( 19296, 12530, '09:29:00', '09:30:00', 10 );
INSERT INTO "times" VALUES ( 19296, 12540, '09:20:00', '09:26:00', 20 );
INSERT INTO "times" VALUES ( 19296, 12550, '09:18:00', '09:18:00', 20 );
INSERT INTO "times" VALUES ( 19296, 12560, '09:16:00', '09:16:00', 20 );
INSERT INTO "times" VALUES ( 19296, 12570, '09:14:00', '09:14:00', 20 );
INSERT INTO "times" VALUES ( 19296, 12580, '09:13:00', '09:13:00', 20 );
INSERT INTO "times" VALUES ( 19296, 12590, '09:12:00', '09:12:00', 20 );
INSERT INTO "times" VALUES ( 19296, 12600, '09:10:00', '09:10:00', 20 );
INSERT INTO "times" VALUES ( 19296, 12610, '09:07:00', '09:09:00', 20 );
INSERT INTO "times" VALUES ( 19296, 12620, '09:05:00', '09:05:00', 20 );
INSERT INTO "times" VALUES ( 19296, 12630, '09:03:00', '09:03:00', 20 );
INSERT INTO "times" VALUES ( 19296, 12640, '09:01:00', '09:01:00', 20 );
INSERT INTO "times" VALUES ( 19296, 12650, '09:00:00', '09:00:00', 20 );
INSERT INTO "times" VALUES ( 19296, 12660, NULL, '08:58:00', 20 );

INSERT INTO "dias" VALUES ( 19297, 100, FALSE, TRUE, 'R0901B', 12740, 11510 );
INSERT INTO "dias_line_groups" VALUES ( 19297, 10 );
INSERT INTO "times" VALUES ( 19297, 11510, '10:07:00', NULL, NULL );
INSERT INTO "times" VALUES ( 19297, 11520, '10:04:00', '10:04:00', 10 );
INSERT INTO "times" VALUES ( 19297, 11530, '10:03:00', '10:03:00', 10 );
INSERT INTO "times" VALUES ( 19297, 11540, '10:01:00', '10:01:00', 10 );
INSERT INTO "times" VALUES ( 19297, 12530, '09:58:00', '10:00:00', 10 );
INSERT INTO "times" VALUES ( 19297, 12540, '09:50:00', '09:56:00', 20 );
INSERT INTO "times" VALUES ( 19297, 12550, '09:48:00', '09:48:00', 20 );
INSERT INTO "times" VALUES ( 19297, 12560, '09:46:00', '09:46:00', 20 );
INSERT INTO "times" VALUES ( 19297, 12570, '09:44:00', '09:44:00', 20 );
INSERT INTO "times" VALUES ( 19297, 12580, '09:43:00', '09:43:00', 20 );
INSERT INTO "times" VALUES ( 19297, 12590, '09:42:00', '09:42:00', 20 );
INSERT INTO "times" VALUES ( 19297, 12600, '09:40:00', '09:40:00', 20 );
INSERT INTO "times" VALUES ( 19297, 12610, '09:35:00', '09:39:00', 20 );
INSERT INTO "times" VALUES ( 19297, 12620, '09:33:00', '09:33:00', 20 );
INSERT INTO "times" VALUES ( 19297, 12630, '09:31:00', '09:31:00', 20 );
INSERT INTO "times" VALUES ( 19297, 12640, '09:30:00', '09:30:00', 20 );
INSERT INTO "times" VALUES ( 19297, 12650, '09:28:00', '09:28:00', 20 );
INSERT INTO "times" VALUES ( 19297, 12660, '09:25:00', '09:26:00', 20 );
INSERT INTO "times" VALUES ( 19297, 12670, '09:22:00', '09:22:00', 20 );
INSERT INTO "times" VALUES ( 19297, 12680, '09:19:00', '09:19:00', 20 );
INSERT INTO "times" VALUES ( 19297, 12690, '09:16:00', '09:16:00', 20 );
INSERT INTO "times" VALUES ( 19297, 12700, '09:14:00', '09:14:00', 20 );
INSERT INTO "times" VALUES ( 19297, 12710, '09:12:00', '09:12:00', 20 );
INSERT INTO "times" VALUES ( 19297, 12720, '09:09:00', '09:09:00', 20 );
INSERT INTO "times" VALUES ( 19297, 12730, '09:07:00', '09:07:00', 20 );
INSERT INTO "times" VALUES ( 19297, 12740, NULL, '09:05:00', 20 );

INSERT INTO "dias" VALUES ( 19298, 100, FALSE, TRUE, 'R0903B', 12660, 11510 );
INSERT INTO "dias_line_groups" VALUES ( 19298, 10 );
INSERT INTO "times" VALUES ( 19298, 11510, '10:37:00', NULL, NULL );
INSERT INTO "times" VALUES ( 19298, 11520, '10:34:00', '10:34:00', 10 );
INSERT INTO "times" VALUES ( 19298, 11530, '10:33:00', '10:33:00', 10 );
INSERT INTO "times" VALUES ( 19298, 11540, '10:31:00', '10:31:00', 10 );
INSERT INTO "times" VALUES ( 19298, 12530, '10:30:00', '10:30:00', 10 );
INSERT INTO "times" VALUES ( 19298, 12540, '10:20:00', '10:27:00', 20 );
INSERT INTO "times" VALUES ( 19298, 12550, '10:18:00', '10:18:00', 20 );
INSERT INTO "times" VALUES ( 19298, 12560, '10:16:00', '10:16:00', 20 );
INSERT INTO "times" VALUES ( 19298, 12570, '10:14:00', '10:14:00', 20 );
INSERT INTO "times" VALUES ( 19298, 12580, '10:13:00', '10:13:00', 20 );
INSERT INTO "times" VALUES ( 19298, 12590, '10:12:00', '10:12:00', 20 );
INSERT INTO "times" VALUES ( 19298, 12600, '10:10:00', '10:10:00', 20 );
INSERT INTO "times" VALUES ( 19298, 12610, '10:05:00', '10:09:00', 20 );
INSERT INTO "times" VALUES ( 19298, 12620, '10:03:00', '10:03:00', 20 );
INSERT INTO "times" VALUES ( 19298, 12630, '10:01:00', '10:01:00', 20 );
INSERT INTO "times" VALUES ( 19298, 12640, '10:00:00', '10:00:00', 20 );
INSERT INTO "times" VALUES ( 19298, 12650, '09:58:00', '09:58:00', 20 );
INSERT INTO "times" VALUES ( 19298, 12660, NULL, '09:56:00', 20 );

INSERT INTO "dias" VALUES ( 19299, 100, FALSE, TRUE, 'R1000N', 11510, 12660 );
INSERT INTO "dias_line_groups" VALUES ( 19299, 10 );
INSERT INTO "times" VALUES ( 19299, 11510, NULL, '10:34:00', 10 );
INSERT INTO "times" VALUES ( 19299, 11520, '10:35:00', '10:35:00', 10 );
INSERT INTO "times" VALUES ( 19299, 11530, '10:37:00', '10:37:00', 10 );
INSERT INTO "times" VALUES ( 19299, 11540, '10:39:00', '10:39:00', 10 );
INSERT INTO "times" VALUES ( 19299, 12530, '10:41:00', '10:42:00', 20 );
INSERT INTO "times" VALUES ( 19299, 12540, '10:44:00', '10:51:00', 20 );
INSERT INTO "times" VALUES ( 19299, 12550, '10:53:00', '10:53:00', 20 );
INSERT INTO "times" VALUES ( 19299, 12560, '10:55:00', '10:55:00', 20 );
INSERT INTO "times" VALUES ( 19299, 12570, '10:56:00', '10:56:00', 20 );
INSERT INTO "times" VALUES ( 19299, 12580, '10:58:00', '10:58:00', 20 );
INSERT INTO "times" VALUES ( 19299, 12590, '10:59:00', '10:59:00', 20 );
INSERT INTO "times" VALUES ( 19299, 12600, '11:00:00', '11:00:00', 20 );
INSERT INTO "times" VALUES ( 19299, 12610, '11:02:00', '11:06:00', 20 );
INSERT INTO "times" VALUES ( 19299, 12620, '11:07:00', '11:07:00', 20 );
INSERT INTO "times" VALUES ( 19299, 12630, '11:09:00', '11:09:00', 20 );
INSERT INTO "times" VALUES ( 19299, 12640, '11:10:00', '11:10:00', 20 );
INSERT INTO "times" VALUES ( 19299, 12650, '11:12:00', '11:12:00', 20 );
INSERT INTO "times" VALUES ( 19299, 12660, '11:14:00', NULL, NULL );

INSERT INTO "dias" VALUES ( 19300, 100, FALSE, TRUE, 'R1001B', 12660, 11510 );
INSERT INTO "dias_line_groups" VALUES ( 19300, 10 );
INSERT INTO "times" VALUES ( 19300, 11510, '11:07:00', NULL, NULL );
INSERT INTO "times" VALUES ( 19300, 11520, '11:04:00', '11:04:00', 10 );
INSERT INTO "times" VALUES ( 19300, 11530, '11:03:00', '11:03:00', 10 );
INSERT INTO "times" VALUES ( 19300, 11540, '11:01:00', '11:01:00', 10 );
INSERT INTO "times" VALUES ( 19300, 12530, '11:00:00', '11:00:00', 10 );
INSERT INTO "times" VALUES ( 19300, 12540, '10:50:00', '10:57:00', 20 );
INSERT INTO "times" VALUES ( 19300, 12550, '10:48:00', '10:48:00', 20 );
INSERT INTO "times" VALUES ( 19300, 12560, '10:46:00', '10:46:00', 20 );
INSERT INTO "times" VALUES ( 19300, 12570, '10:44:00', '10:44:00', 20 );
INSERT INTO "times" VALUES ( 19300, 12580, '10:43:00', '10:43:00', 20 );
INSERT INTO "times" VALUES ( 19300, 12590, '10:42:00', '10:42:00', 20 );
INSERT INTO "times" VALUES ( 19300, 12600, '10:40:00', '10:40:00', 20 );
INSERT INTO "times" VALUES ( 19300, 12610, '10:36:00', '10:39:00', 20 );
INSERT INTO "times" VALUES ( 19300, 12620, '10:34:00', '10:34:00', 20 );
INSERT INTO "times" VALUES ( 19300, 12630, '10:32:00', '10:32:00', 20 );
INSERT INTO "times" VALUES ( 19300, 12640, '10:31:00', '10:31:00', 20 );
INSERT INTO "times" VALUES ( 19300, 12650, '10:29:00', '10:29:00', 20 );
INSERT INTO "times" VALUES ( 19300, 12660, NULL, '10:27:00', 20 );

INSERT INTO "dias" VALUES ( 19301, 100, FALSE, TRUE, 'R1003B', 12710, 11510 );
INSERT INTO "dias_line_groups" VALUES ( 19301, 10 );
INSERT INTO "times" VALUES ( 19301, 11510, '11:27:00', NULL, NULL );
INSERT INTO "times" VALUES ( 19301, 11520, '11:24:00', '11:24:00', 10 );
INSERT INTO "times" VALUES ( 19301, 11530, '11:23:00', '11:23:00', 10 );
INSERT INTO "times" VALUES ( 19301, 11540, '11:21:00', '11:21:00', 10 );
INSERT INTO "times" VALUES ( 19301, 12530, '11:20:00', '11:20:00', 10 );
INSERT INTO "times" VALUES ( 19301, 12540, '11:10:00', '11:17:00', 20 );
INSERT INTO "times" VALUES ( 19301, 12550, '11:08:00', '11:08:00', 20 );
INSERT INTO "times" VALUES ( 19301, 12560, '11:06:00', '11:06:00', 20 );
INSERT INTO "times" VALUES ( 19301, 12570, '11:04:00', '11:04:00', 20 );
INSERT INTO "times" VALUES ( 19301, 12580, '11:03:00', '11:03:00', 20 );
INSERT INTO "times" VALUES ( 19301, 12590, '11:02:00', '11:02:00', 20 );
INSERT INTO "times" VALUES ( 19301, 12600, '11:00:00', '11:00:00', 20 );
INSERT INTO "times" VALUES ( 19301, 12610, '10:56:00', '10:59:00', 20 );
INSERT INTO "times" VALUES ( 19301, 12620, '10:54:00', '10:54:00', 20 );
INSERT INTO "times" VALUES ( 19301, 12630, '10:52:00', '10:52:00', 20 );
INSERT INTO "times" VALUES ( 19301, 12640, '10:51:00', '10:51:00', 20 );
INSERT INTO "times" VALUES ( 19301, 12650, '10:49:00', '10:49:00', 20 );
INSERT INTO "times" VALUES ( 19301, 12660, '10:45:00', '10:47:00', 20 );
INSERT INTO "times" VALUES ( 19301, 12670, '10:42:00', '10:42:00', 20 );
INSERT INTO "times" VALUES ( 19301, 12680, '10:40:00', '10:40:00', 20 );
INSERT INTO "times" VALUES ( 19301, 12690, '10:37:00', '10:37:00', 20 );
INSERT INTO "times" VALUES ( 19301, 12700, '10:35:00', '10:35:00', 20 );
INSERT INTO "times" VALUES ( 19301, 12710, NULL, '10:33:00', 20 );

INSERT INTO "dias" VALUES ( 19302, 100, FALSE, TRUE, 'R1005B', 12660, 11510 );
INSERT INTO "dias_line_groups" VALUES ( 19302, 10 );
INSERT INTO "times" VALUES ( 19302, 11510, '11:37:00', NULL, NULL );
INSERT INTO "times" VALUES ( 19302, 11520, '11:34:00', '11:34:00', 10 );
INSERT INTO "times" VALUES ( 19302, 11530, '11:33:00', '11:33:00', 10 );
INSERT INTO "times" VALUES ( 19302, 11540, '11:31:00', '11:31:00', 10 );
INSERT INTO "times" VALUES ( 19302, 12530, '11:30:00', '11:30:00', 10 );
INSERT INTO "times" VALUES ( 19302, 12540, '11:20:00', '11:27:00', 20 );
INSERT INTO "times" VALUES ( 19302, 12550, '11:18:00', '11:18:00', 20 );
INSERT INTO "times" VALUES ( 19302, 12560, '11:16:00', '11:16:00', 20 );
INSERT INTO "times" VALUES ( 19302, 12570, '11:14:00', '11:14:00', 20 );
INSERT INTO "times" VALUES ( 19302, 12580, '11:13:00', '11:13:00', 20 );
INSERT INTO "times" VALUES ( 19302, 12590, '11:12:00', '11:12:00', 20 );
INSERT INTO "times" VALUES ( 19302, 12600, '11:10:00', '11:10:00', 20 );
INSERT INTO "times" VALUES ( 19302, 12610, '11:06:00', '11:09:00', 20 );
INSERT INTO "times" VALUES ( 19302, 12620, '11:04:00', '11:04:00', 20 );
INSERT INTO "times" VALUES ( 19302, 12630, '11:02:00', '11:02:00', 20 );
INSERT INTO "times" VALUES ( 19302, 12640, '11:01:00', '11:01:00', 20 );
INSERT INTO "times" VALUES ( 19302, 12650, '10:59:00', '10:59:00', 20 );
INSERT INTO "times" VALUES ( 19302, 12660, NULL, '10:57:00', 20 );

INSERT INTO "dias" VALUES ( 19303, 100, FALSE, TRUE, 'R1100N', 11510, 12660 );
INSERT INTO "dias_line_groups" VALUES ( 19303, 10 );
INSERT INTO "times" VALUES ( 19303, 11510, NULL, '11:04:00', 10 );
INSERT INTO "times" VALUES ( 19303, 11520, '11:05:00', '11:05:00', 10 );
INSERT INTO "times" VALUES ( 19303, 11530, '11:07:00', '11:07:00', 10 );
INSERT INTO "times" VALUES ( 19303, 11540, '11:09:00', '11:09:00', 10 );
INSERT INTO "times" VALUES ( 19303, 12530, '11:11:00', '11:12:00', 20 );
INSERT INTO "times" VALUES ( 19303, 12540, '11:14:00', '11:21:00', 20 );
INSERT INTO "times" VALUES ( 19303, 12550, '11:23:00', '11:23:00', 20 );
INSERT INTO "times" VALUES ( 19303, 12560, '11:25:00', '11:25:00', 20 );
INSERT INTO "times" VALUES ( 19303, 12570, '11:26:00', '11:26:00', 20 );
INSERT INTO "times" VALUES ( 19303, 12580, '11:28:00', '11:28:00', 20 );
INSERT INTO "times" VALUES ( 19303, 12590, '11:29:00', '11:29:00', 20 );
INSERT INTO "times" VALUES ( 19303, 12600, '11:30:00', '11:30:00', 20 );
INSERT INTO "times" VALUES ( 19303, 12610, '11:32:00', '11:35:00', 20 );
INSERT INTO "times" VALUES ( 19303, 12620, '11:37:00', '11:37:00', 20 );
INSERT INTO "times" VALUES ( 19303, 12630, '11:38:00', '11:38:00', 20 );
INSERT INTO "times" VALUES ( 19303, 12640, '11:40:00', '11:40:00', 20 );
INSERT INTO "times" VALUES ( 19303, 12650, '11:42:00', '11:42:00', 20 );
INSERT INTO "times" VALUES ( 19303, 12660, '11:44:00', NULL, NULL );

INSERT INTO "dias" VALUES ( 19304, 100, FALSE, TRUE, 'R1101B', 12710, 11510 );
INSERT INTO "dias_line_groups" VALUES ( 19304, 10 );
INSERT INTO "times" VALUES ( 19304, 11510, '11:57:00', NULL, NULL );
INSERT INTO "times" VALUES ( 19304, 11520, '11:54:00', '11:54:00', 10 );
INSERT INTO "times" VALUES ( 19304, 11530, '11:53:00', '11:53:00', 10 );
INSERT INTO "times" VALUES ( 19304, 11540, '11:51:00', '11:51:00', 10 );
INSERT INTO "times" VALUES ( 19304, 12530, '11:50:00', '11:50:00', 10 );
INSERT INTO "times" VALUES ( 19304, 12540, '11:40:00', '11:47:00', 20 );
INSERT INTO "times" VALUES ( 19304, 12550, '11:38:00', '11:38:00', 20 );
INSERT INTO "times" VALUES ( 19304, 12560, '11:36:00', '11:36:00', 20 );
INSERT INTO "times" VALUES ( 19304, 12570, '11:34:00', '11:34:00', 20 );
INSERT INTO "times" VALUES ( 19304, 12580, '11:33:00', '11:33:00', 20 );
INSERT INTO "times" VALUES ( 19304, 12590, '11:32:00', '11:32:00', 20 );
INSERT INTO "times" VALUES ( 19304, 12600, '11:30:00', '11:30:00', 20 );
INSERT INTO "times" VALUES ( 19304, 12610, '11:26:00', '11:29:00', 20 );
INSERT INTO "times" VALUES ( 19304, 12620, '11:24:00', '11:24:00', 20 );
INSERT INTO "times" VALUES ( 19304, 12630, '11:22:00', '11:22:00', 20 );
INSERT INTO "times" VALUES ( 19304, 12640, '11:21:00', '11:21:00', 20 );
INSERT INTO "times" VALUES ( 19304, 12650, '11:19:00', '11:19:00', 20 );
INSERT INTO "times" VALUES ( 19304, 12660, '11:16:00', '11:17:00', 20 );
INSERT INTO "times" VALUES ( 19304, 12670, '11:13:00', '11:13:00', 20 );
INSERT INTO "times" VALUES ( 19304, 12680, '11:10:00', '11:10:00', 20 );
INSERT INTO "times" VALUES ( 19304, 12690, '11:08:00', '11:08:00', 20 );
INSERT INTO "times" VALUES ( 19304, 12700, '11:05:00', '11:05:00', 20 );
INSERT INTO "times" VALUES ( 19304, 12710, NULL, '11:04:00', 20 );

INSERT INTO "dias" VALUES ( 19305, 100, FALSE, TRUE, 'R1102N', 11510, 12660 );
INSERT INTO "dias_line_groups" VALUES ( 19305, 10 );
INSERT INTO "times" VALUES ( 19305, 11510, NULL, '11:34:00', 10 );
INSERT INTO "times" VALUES ( 19305, 11520, '11:35:00', '11:35:00', 10 );
INSERT INTO "times" VALUES ( 19305, 11530, '11:37:00', '11:37:00', 10 );
INSERT INTO "times" VALUES ( 19305, 11540, '11:39:00', '11:39:00', 10 );
INSERT INTO "times" VALUES ( 19305, 12530, '11:41:00', '11:42:00', 20 );
INSERT INTO "times" VALUES ( 19305, 12540, '11:44:00', '11:51:00', 20 );
INSERT INTO "times" VALUES ( 19305, 12550, '11:53:00', '11:53:00', 20 );
INSERT INTO "times" VALUES ( 19305, 12560, '11:55:00', '11:55:00', 20 );
INSERT INTO "times" VALUES ( 19305, 12570, '11:56:00', '11:56:00', 20 );
INSERT INTO "times" VALUES ( 19305, 12580, '11:58:00', '11:58:00', 20 );
INSERT INTO "times" VALUES ( 19305, 12590, '11:59:00', '11:59:00', 20 );
INSERT INTO "times" VALUES ( 19305, 12600, '12:00:00', '12:00:00', 20 );
INSERT INTO "times" VALUES ( 19305, 12610, '12:02:00', '12:05:00', 20 );
INSERT INTO "times" VALUES ( 19305, 12620, '12:07:00', '12:07:00', 20 );
INSERT INTO "times" VALUES ( 19305, 12630, '12:08:00', '12:08:00', 20 );
INSERT INTO "times" VALUES ( 19305, 12640, '12:10:00', '12:10:00', 20 );
INSERT INTO "times" VALUES ( 19305, 12650, '12:12:00', '12:12:00', 20 );
INSERT INTO "times" VALUES ( 19305, 12660, '12:14:00', NULL, NULL );

INSERT INTO "dias" VALUES ( 19306, 100, FALSE, TRUE, 'R1103B', 12660, 11510 );
INSERT INTO "dias_line_groups" VALUES ( 19306, 10 );
INSERT INTO "times" VALUES ( 19306, 11510, '12:07:00', NULL, NULL );
INSERT INTO "times" VALUES ( 19306, 11520, '12:04:00', '12:04:00', 10 );
INSERT INTO "times" VALUES ( 19306, 11530, '12:03:00', '12:03:00', 10 );
INSERT INTO "times" VALUES ( 19306, 11540, '12:01:00', '12:01:00', 10 );
INSERT INTO "times" VALUES ( 19306, 12530, '12:00:00', '12:00:00', 10 );
INSERT INTO "times" VALUES ( 19306, 12540, '11:50:00', '11:57:00', 20 );
INSERT INTO "times" VALUES ( 19306, 12550, '11:48:00', '11:48:00', 20 );
INSERT INTO "times" VALUES ( 19306, 12560, '11:46:00', '11:46:00', 20 );
INSERT INTO "times" VALUES ( 19306, 12570, '11:44:00', '11:44:00', 20 );
INSERT INTO "times" VALUES ( 19306, 12580, '11:43:00', '11:43:00', 20 );
INSERT INTO "times" VALUES ( 19306, 12590, '11:42:00', '11:42:00', 20 );
INSERT INTO "times" VALUES ( 19306, 12600, '11:40:00', '11:40:00', 20 );
INSERT INTO "times" VALUES ( 19306, 12610, '11:36:00', '11:39:00', 20 );
INSERT INTO "times" VALUES ( 19306, 12620, '11:34:00', '11:34:00', 20 );
INSERT INTO "times" VALUES ( 19306, 12630, '11:32:00', '11:32:00', 20 );
INSERT INTO "times" VALUES ( 19306, 12640, '11:31:00', '11:31:00', 20 );
INSERT INTO "times" VALUES ( 19306, 12650, '11:29:00', '11:29:00', 20 );
INSERT INTO "times" VALUES ( 19306, 12660, NULL, '11:27:00', 20 );

INSERT INTO "dias" VALUES ( 19307, 100, FALSE, TRUE, 'R1105B', 12710, 11510 );
INSERT INTO "dias_line_groups" VALUES ( 19307, 10 );
INSERT INTO "times" VALUES ( 19307, 11510, '12:27:00', NULL, NULL );
INSERT INTO "times" VALUES ( 19307, 11520, '12:24:00', '12:24:00', 10 );
INSERT INTO "times" VALUES ( 19307, 11530, '12:23:00', '12:23:00', 10 );
INSERT INTO "times" VALUES ( 19307, 11540, '12:21:00', '12:21:00', 10 );
INSERT INTO "times" VALUES ( 19307, 12530, '12:20:00', '12:20:00', 10 );
INSERT INTO "times" VALUES ( 19307, 12540, '12:10:00', '12:17:00', 20 );
INSERT INTO "times" VALUES ( 19307, 12550, '12:08:00', '12:08:00', 20 );
INSERT INTO "times" VALUES ( 19307, 12560, '12:06:00', '12:06:00', 20 );
INSERT INTO "times" VALUES ( 19307, 12570, '12:04:00', '12:04:00', 20 );
INSERT INTO "times" VALUES ( 19307, 12580, '12:03:00', '12:03:00', 20 );
INSERT INTO "times" VALUES ( 19307, 12590, '12:02:00', '12:02:00', 20 );
INSERT INTO "times" VALUES ( 19307, 12600, '12:00:00', '12:00:00', 20 );
INSERT INTO "times" VALUES ( 19307, 12610, '11:56:00', '11:59:00', 20 );
INSERT INTO "times" VALUES ( 19307, 12620, '11:54:00', '11:54:00', 20 );
INSERT INTO "times" VALUES ( 19307, 12630, '11:52:00', '11:52:00', 20 );
INSERT INTO "times" VALUES ( 19307, 12640, '11:51:00', '11:51:00', 20 );
INSERT INTO "times" VALUES ( 19307, 12650, '11:49:00', '11:49:00', 20 );
INSERT INTO "times" VALUES ( 19307, 12660, '11:46:00', '11:47:00', 20 );
INSERT INTO "times" VALUES ( 19307, 12670, '11:43:00', '11:43:00', 20 );
INSERT INTO "times" VALUES ( 19307, 12680, '11:40:00', '11:40:00', 20 );
INSERT INTO "times" VALUES ( 19307, 12690, '11:38:00', '11:38:00', 20 );
INSERT INTO "times" VALUES ( 19307, 12700, '11:35:00', '11:35:00', 20 );
INSERT INTO "times" VALUES ( 19307, 12710, NULL, '11:34:00', 20 );

INSERT INTO "dias" VALUES ( 19308, 100, FALSE, TRUE, 'R1107B', 12660, 11510 );
INSERT INTO "dias_line_groups" VALUES ( 19308, 10 );
INSERT INTO "times" VALUES ( 19308, 11510, '12:37:00', NULL, NULL );
INSERT INTO "times" VALUES ( 19308, 11520, '12:34:00', '12:34:00', 10 );
INSERT INTO "times" VALUES ( 19308, 11530, '12:33:00', '12:33:00', 10 );
INSERT INTO "times" VALUES ( 19308, 11540, '12:31:00', '12:31:00', 10 );
INSERT INTO "times" VALUES ( 19308, 12530, '12:30:00', '12:30:00', 10 );
INSERT INTO "times" VALUES ( 19308, 12540, '12:20:00', '12:27:00', 20 );
INSERT INTO "times" VALUES ( 19308, 12550, '12:18:00', '12:18:00', 20 );
INSERT INTO "times" VALUES ( 19308, 12560, '12:16:00', '12:16:00', 20 );
INSERT INTO "times" VALUES ( 19308, 12570, '12:14:00', '12:14:00', 20 );
INSERT INTO "times" VALUES ( 19308, 12580, '12:13:00', '12:13:00', 20 );
INSERT INTO "times" VALUES ( 19308, 12590, '12:12:00', '12:12:00', 20 );
INSERT INTO "times" VALUES ( 19308, 12600, '12:10:00', '12:10:00', 20 );
INSERT INTO "times" VALUES ( 19308, 12610, '12:06:00', '12:09:00', 20 );
INSERT INTO "times" VALUES ( 19308, 12620, '12:04:00', '12:04:00', 20 );
INSERT INTO "times" VALUES ( 19308, 12630, '12:02:00', '12:02:00', 20 );
INSERT INTO "times" VALUES ( 19308, 12640, '12:01:00', '12:01:00', 20 );
INSERT INTO "times" VALUES ( 19308, 12650, '11:59:00', '11:59:00', 20 );
INSERT INTO "times" VALUES ( 19308, 12660, NULL, '11:57:00', 20 );

INSERT INTO "dias" VALUES ( 19309, 100, FALSE, TRUE, 'R1200N', 11510, 12660 );
INSERT INTO "dias_line_groups" VALUES ( 19309, 10 );
INSERT INTO "times" VALUES ( 19309, 11510, NULL, '12:04:00', 10 );
INSERT INTO "times" VALUES ( 19309, 11520, '12:05:00', '12:05:00', 10 );
INSERT INTO "times" VALUES ( 19309, 11530, '12:07:00', '12:07:00', 10 );
INSERT INTO "times" VALUES ( 19309, 11540, '12:09:00', '12:09:00', 10 );
INSERT INTO "times" VALUES ( 19309, 12530, '12:11:00', '12:12:00', 20 );
INSERT INTO "times" VALUES ( 19309, 12540, '12:14:00', '12:21:00', 20 );
INSERT INTO "times" VALUES ( 19309, 12550, '12:23:00', '12:23:00', 20 );
INSERT INTO "times" VALUES ( 19309, 12560, '12:25:00', '12:25:00', 20 );
INSERT INTO "times" VALUES ( 19309, 12570, '12:26:00', '12:26:00', 20 );
INSERT INTO "times" VALUES ( 19309, 12580, '12:28:00', '12:28:00', 20 );
INSERT INTO "times" VALUES ( 19309, 12590, '12:29:00', '12:29:00', 20 );
INSERT INTO "times" VALUES ( 19309, 12600, '12:30:00', '12:30:00', 20 );
INSERT INTO "times" VALUES ( 19309, 12610, '12:32:00', '12:35:00', 20 );
INSERT INTO "times" VALUES ( 19309, 12620, '12:37:00', '12:37:00', 20 );
INSERT INTO "times" VALUES ( 19309, 12630, '12:38:00', '12:38:00', 20 );
INSERT INTO "times" VALUES ( 19309, 12640, '12:40:00', '12:40:00', 20 );
INSERT INTO "times" VALUES ( 19309, 12650, '12:42:00', '12:42:00', 20 );
INSERT INTO "times" VALUES ( 19309, 12660, '12:44:00', NULL, NULL );

INSERT INTO "dias" VALUES ( 19310, 100, FALSE, TRUE, 'R1201B', 12710, 11510 );
INSERT INTO "dias_line_groups" VALUES ( 19310, 10 );
INSERT INTO "times" VALUES ( 19310, 11510, '12:57:00', NULL, NULL );
INSERT INTO "times" VALUES ( 19310, 11520, '12:54:00', '12:54:00', 10 );
INSERT INTO "times" VALUES ( 19310, 11530, '12:53:00', '12:53:00', 10 );
INSERT INTO "times" VALUES ( 19310, 11540, '12:51:00', '12:51:00', 10 );
INSERT INTO "times" VALUES ( 19310, 12530, '12:50:00', '12:50:00', 10 );
INSERT INTO "times" VALUES ( 19310, 12540, '12:40:00', '12:47:00', 20 );
INSERT INTO "times" VALUES ( 19310, 12550, '12:38:00', '12:38:00', 20 );
INSERT INTO "times" VALUES ( 19310, 12560, '12:36:00', '12:36:00', 20 );
INSERT INTO "times" VALUES ( 19310, 12570, '12:34:00', '12:34:00', 20 );
INSERT INTO "times" VALUES ( 19310, 12580, '12:33:00', '12:33:00', 20 );
INSERT INTO "times" VALUES ( 19310, 12590, '12:32:00', '12:32:00', 20 );
INSERT INTO "times" VALUES ( 19310, 12600, '12:30:00', '12:30:00', 20 );
INSERT INTO "times" VALUES ( 19310, 12610, '12:26:00', '12:29:00', 20 );
INSERT INTO "times" VALUES ( 19310, 12620, '12:24:00', '12:24:00', 20 );
INSERT INTO "times" VALUES ( 19310, 12630, '12:22:00', '12:22:00', 20 );
INSERT INTO "times" VALUES ( 19310, 12640, '12:21:00', '12:21:00', 20 );
INSERT INTO "times" VALUES ( 19310, 12650, '12:19:00', '12:19:00', 20 );
INSERT INTO "times" VALUES ( 19310, 12660, '12:16:00', '12:17:00', 20 );
INSERT INTO "times" VALUES ( 19310, 12670, '12:13:00', '12:13:00', 20 );
INSERT INTO "times" VALUES ( 19310, 12680, '12:10:00', '12:10:00', 20 );
INSERT INTO "times" VALUES ( 19310, 12690, '12:08:00', '12:08:00', 20 );
INSERT INTO "times" VALUES ( 19310, 12700, '12:05:00', '12:05:00', 20 );
INSERT INTO "times" VALUES ( 19310, 12710, NULL, '12:04:00', 20 );

INSERT INTO "dias" VALUES ( 19311, 100, FALSE, TRUE, 'R1202N', 11510, 12660 );
INSERT INTO "dias_line_groups" VALUES ( 19311, 10 );
INSERT INTO "times" VALUES ( 19311, 11510, NULL, '12:34:00', 10 );
INSERT INTO "times" VALUES ( 19311, 11520, '12:35:00', '12:35:00', 10 );
INSERT INTO "times" VALUES ( 19311, 11530, '12:37:00', '12:37:00', 10 );
INSERT INTO "times" VALUES ( 19311, 11540, '12:39:00', '12:39:00', 10 );
INSERT INTO "times" VALUES ( 19311, 12530, '12:41:00', '12:42:00', 20 );
INSERT INTO "times" VALUES ( 19311, 12540, '12:44:00', '12:51:00', 20 );
INSERT INTO "times" VALUES ( 19311, 12550, '12:53:00', '12:53:00', 20 );
INSERT INTO "times" VALUES ( 19311, 12560, '12:55:00', '12:55:00', 20 );
INSERT INTO "times" VALUES ( 19311, 12570, '12:56:00', '12:56:00', 20 );
INSERT INTO "times" VALUES ( 19311, 12580, '12:58:00', '12:58:00', 20 );
INSERT INTO "times" VALUES ( 19311, 12590, '12:59:00', '12:59:00', 20 );
INSERT INTO "times" VALUES ( 19311, 12600, '13:00:00', '13:00:00', 20 );
INSERT INTO "times" VALUES ( 19311, 12610, '13:02:00', '13:05:00', 20 );
INSERT INTO "times" VALUES ( 19311, 12620, '13:07:00', '13:07:00', 20 );
INSERT INTO "times" VALUES ( 19311, 12630, '13:08:00', '13:08:00', 20 );
INSERT INTO "times" VALUES ( 19311, 12640, '13:10:00', '13:10:00', 20 );
INSERT INTO "times" VALUES ( 19311, 12650, '13:12:00', '13:12:00', 20 );
INSERT INTO "times" VALUES ( 19311, 12660, '13:14:00', NULL, NULL );

INSERT INTO "dias" VALUES ( 19312, 100, FALSE, TRUE, 'R1203B', 12660, 11510 );
INSERT INTO "dias_line_groups" VALUES ( 19312, 10 );
INSERT INTO "times" VALUES ( 19312, 11510, '13:07:00', NULL, NULL );
INSERT INTO "times" VALUES ( 19312, 11520, '13:04:00', '13:04:00', 10 );
INSERT INTO "times" VALUES ( 19312, 11530, '13:03:00', '13:03:00', 10 );
INSERT INTO "times" VALUES ( 19312, 11540, '13:01:00', '13:01:00', 10 );
INSERT INTO "times" VALUES ( 19312, 12530, '13:00:00', '13:00:00', 10 );
INSERT INTO "times" VALUES ( 19312, 12540, '12:50:00', '12:57:00', 20 );
INSERT INTO "times" VALUES ( 19312, 12550, '12:48:00', '12:48:00', 20 );
INSERT INTO "times" VALUES ( 19312, 12560, '12:46:00', '12:46:00', 20 );
INSERT INTO "times" VALUES ( 19312, 12570, '12:44:00', '12:44:00', 20 );
INSERT INTO "times" VALUES ( 19312, 12580, '12:43:00', '12:43:00', 20 );
INSERT INTO "times" VALUES ( 19312, 12590, '12:42:00', '12:42:00', 20 );
INSERT INTO "times" VALUES ( 19312, 12600, '12:40:00', '12:40:00', 20 );
INSERT INTO "times" VALUES ( 19312, 12610, '12:36:00', '12:39:00', 20 );
INSERT INTO "times" VALUES ( 19312, 12620, '12:34:00', '12:34:00', 20 );
INSERT INTO "times" VALUES ( 19312, 12630, '12:32:00', '12:32:00', 20 );
INSERT INTO "times" VALUES ( 19312, 12640, '12:31:00', '12:31:00', 20 );
INSERT INTO "times" VALUES ( 19312, 12650, '12:29:00', '12:29:00', 20 );
INSERT INTO "times" VALUES ( 19312, 12660, NULL, '12:27:00', 20 );

INSERT INTO "dias" VALUES ( 19313, 100, FALSE, TRUE, 'R1205B', 12660, 11510 );
INSERT INTO "dias_line_groups" VALUES ( 19313, 10 );
INSERT INTO "times" VALUES ( 19313, 11510, '13:37:00', NULL, NULL );
INSERT INTO "times" VALUES ( 19313, 11520, '13:34:00', '13:34:00', 10 );
INSERT INTO "times" VALUES ( 19313, 11530, '13:33:00', '13:33:00', 10 );
INSERT INTO "times" VALUES ( 19313, 11540, '13:31:00', '13:31:00', 10 );
INSERT INTO "times" VALUES ( 19313, 12530, '13:30:00', '13:30:00', 10 );
INSERT INTO "times" VALUES ( 19313, 12540, '13:20:00', '13:27:00', 20 );
INSERT INTO "times" VALUES ( 19313, 12550, '13:18:00', '13:18:00', 20 );
INSERT INTO "times" VALUES ( 19313, 12560, '13:16:00', '13:16:00', 20 );
INSERT INTO "times" VALUES ( 19313, 12570, '13:14:00', '13:14:00', 20 );
INSERT INTO "times" VALUES ( 19313, 12580, '13:13:00', '13:13:00', 20 );
INSERT INTO "times" VALUES ( 19313, 12590, '13:12:00', '13:12:00', 20 );
INSERT INTO "times" VALUES ( 19313, 12600, '13:10:00', '13:10:00', 20 );
INSERT INTO "times" VALUES ( 19313, 12610, '13:06:00', '13:09:00', 20 );
INSERT INTO "times" VALUES ( 19313, 12620, '13:04:00', '13:04:00', 20 );
INSERT INTO "times" VALUES ( 19313, 12630, '13:02:00', '13:02:00', 20 );
INSERT INTO "times" VALUES ( 19313, 12640, '13:01:00', '13:01:00', 20 );
INSERT INTO "times" VALUES ( 19313, 12650, '12:59:00', '12:59:00', 20 );
INSERT INTO "times" VALUES ( 19313, 12660, NULL, '12:57:00', 20 );

INSERT INTO "dias" VALUES ( 19314, 100, FALSE, TRUE, 'R1300N', 11510, 12660 );
INSERT INTO "dias_line_groups" VALUES ( 19314, 10 );
INSERT INTO "times" VALUES ( 19314, 11510, NULL, '13:04:00', 10 );
INSERT INTO "times" VALUES ( 19314, 11520, '13:05:00', '13:05:00', 10 );
INSERT INTO "times" VALUES ( 19314, 11530, '13:07:00', '13:07:00', 10 );
INSERT INTO "times" VALUES ( 19314, 11540, '13:09:00', '13:09:00', 10 );
INSERT INTO "times" VALUES ( 19314, 12530, '13:11:00', '13:12:00', 20 );
INSERT INTO "times" VALUES ( 19314, 12540, '13:14:00', '13:21:00', 20 );
INSERT INTO "times" VALUES ( 19314, 12550, '13:23:00', '13:23:00', 20 );
INSERT INTO "times" VALUES ( 19314, 12560, '13:25:00', '13:25:00', 20 );
INSERT INTO "times" VALUES ( 19314, 12570, '13:26:00', '13:26:00', 20 );
INSERT INTO "times" VALUES ( 19314, 12580, '13:28:00', '13:28:00', 20 );
INSERT INTO "times" VALUES ( 19314, 12590, '13:29:00', '13:29:00', 20 );
INSERT INTO "times" VALUES ( 19314, 12600, '13:30:00', '13:30:00', 20 );
INSERT INTO "times" VALUES ( 19314, 12610, '13:32:00', '13:35:00', 20 );
INSERT INTO "times" VALUES ( 19314, 12620, '13:37:00', '13:37:00', 20 );
INSERT INTO "times" VALUES ( 19314, 12630, '13:38:00', '13:38:00', 20 );
INSERT INTO "times" VALUES ( 19314, 12640, '13:40:00', '13:40:00', 20 );
INSERT INTO "times" VALUES ( 19314, 12650, '13:42:00', '13:42:00', 20 );
INSERT INTO "times" VALUES ( 19314, 12660, '13:44:00', NULL, NULL );

INSERT INTO "dias" VALUES ( 19315, 100, FALSE, TRUE, 'R1301B', 12660, 11510 );
INSERT INTO "dias_line_groups" VALUES ( 19315, 10 );
INSERT INTO "times" VALUES ( 19315, 11510, '14:07:00', NULL, NULL );
INSERT INTO "times" VALUES ( 19315, 11520, '14:04:00', '14:04:00', 10 );
INSERT INTO "times" VALUES ( 19315, 11530, '14:03:00', '14:03:00', 10 );
INSERT INTO "times" VALUES ( 19315, 11540, '14:01:00', '14:01:00', 10 );
INSERT INTO "times" VALUES ( 19315, 12530, '14:00:00', '14:00:00', 10 );
INSERT INTO "times" VALUES ( 19315, 12540, '13:50:00', '13:57:00', 20 );
INSERT INTO "times" VALUES ( 19315, 12550, '13:48:00', '13:48:00', 20 );
INSERT INTO "times" VALUES ( 19315, 12560, '13:46:00', '13:46:00', 20 );
INSERT INTO "times" VALUES ( 19315, 12570, '13:44:00', '13:44:00', 20 );
INSERT INTO "times" VALUES ( 19315, 12580, '13:43:00', '13:43:00', 20 );
INSERT INTO "times" VALUES ( 19315, 12590, '13:42:00', '13:42:00', 20 );
INSERT INTO "times" VALUES ( 19315, 12600, '13:40:00', '13:40:00', 20 );
INSERT INTO "times" VALUES ( 19315, 12610, '13:36:00', '13:39:00', 20 );
INSERT INTO "times" VALUES ( 19315, 12620, '13:34:00', '13:34:00', 20 );
INSERT INTO "times" VALUES ( 19315, 12630, '13:32:00', '13:32:00', 20 );
INSERT INTO "times" VALUES ( 19315, 12640, '13:31:00', '13:31:00', 20 );
INSERT INTO "times" VALUES ( 19315, 12650, '13:29:00', '13:29:00', 20 );
INSERT INTO "times" VALUES ( 19315, 12660, NULL, '13:27:00', 20 );

INSERT INTO "dias" VALUES ( 19316, 100, FALSE, TRUE, 'R1302N', 11510, 12660 );
INSERT INTO "dias_line_groups" VALUES ( 19316, 10 );
INSERT INTO "times" VALUES ( 19316, 11510, NULL, '13:34:00', 10 );
INSERT INTO "times" VALUES ( 19316, 11520, '13:35:00', '13:35:00', 10 );
INSERT INTO "times" VALUES ( 19316, 11530, '13:37:00', '13:37:00', 10 );
INSERT INTO "times" VALUES ( 19316, 11540, '13:39:00', '13:39:00', 10 );
INSERT INTO "times" VALUES ( 19316, 12530, '13:41:00', '13:42:00', 20 );
INSERT INTO "times" VALUES ( 19316, 12540, '13:44:00', '13:52:00', 20 );
INSERT INTO "times" VALUES ( 19316, 12550, '13:54:00', '13:54:00', 20 );
INSERT INTO "times" VALUES ( 19316, 12560, '13:56:00', '13:56:00', 20 );
INSERT INTO "times" VALUES ( 19316, 12570, '13:57:00', '13:57:00', 20 );
INSERT INTO "times" VALUES ( 19316, 12580, '13:59:00', '13:59:00', 20 );
INSERT INTO "times" VALUES ( 19316, 12590, '14:00:00', '14:00:00', 20 );
INSERT INTO "times" VALUES ( 19316, 12600, '14:01:00', '14:01:00', 20 );
INSERT INTO "times" VALUES ( 19316, 12610, '14:03:00', '14:05:00', 20 );
INSERT INTO "times" VALUES ( 19316, 12620, '14:07:00', '14:07:00', 20 );
INSERT INTO "times" VALUES ( 19316, 12630, '14:08:00', '14:08:00', 20 );
INSERT INTO "times" VALUES ( 19316, 12640, '14:10:00', '14:10:00', 20 );
INSERT INTO "times" VALUES ( 19316, 12650, '14:12:00', '14:12:00', 20 );
INSERT INTO "times" VALUES ( 19316, 12660, '14:14:00', NULL, NULL );

INSERT INTO "dias" VALUES ( 19317, 100, FALSE, TRUE, 'R1303B', 12660, 11510 );
INSERT INTO "dias_line_groups" VALUES ( 19317, 10 );
INSERT INTO "times" VALUES ( 19317, 11510, '14:37:00', NULL, NULL );
INSERT INTO "times" VALUES ( 19317, 11520, '14:34:00', '14:34:00', 10 );
INSERT INTO "times" VALUES ( 19317, 11530, '14:33:00', '14:33:00', 10 );
INSERT INTO "times" VALUES ( 19317, 11540, '14:31:00', '14:31:00', 10 );
INSERT INTO "times" VALUES ( 19317, 12530, '14:30:00', '14:30:00', 10 );
INSERT INTO "times" VALUES ( 19317, 12540, '14:20:00', '14:27:00', 20 );
INSERT INTO "times" VALUES ( 19317, 12550, '14:18:00', '14:18:00', 20 );
INSERT INTO "times" VALUES ( 19317, 12560, '14:16:00', '14:16:00', 20 );
INSERT INTO "times" VALUES ( 19317, 12570, '14:14:00', '14:14:00', 20 );
INSERT INTO "times" VALUES ( 19317, 12580, '14:13:00', '14:13:00', 20 );
INSERT INTO "times" VALUES ( 19317, 12590, '14:12:00', '14:12:00', 20 );
INSERT INTO "times" VALUES ( 19317, 12600, '14:10:00', '14:10:00', 20 );
INSERT INTO "times" VALUES ( 19317, 12610, '14:06:00', '14:09:00', 20 );
INSERT INTO "times" VALUES ( 19317, 12620, '14:04:00', '14:04:00', 20 );
INSERT INTO "times" VALUES ( 19317, 12630, '14:02:00', '14:02:00', 20 );
INSERT INTO "times" VALUES ( 19317, 12640, '14:01:00', '14:01:00', 20 );
INSERT INTO "times" VALUES ( 19317, 12650, '13:59:00', '13:59:00', 20 );
INSERT INTO "times" VALUES ( 19317, 12660, NULL, '13:57:00', 20 );

INSERT INTO "dias" VALUES ( 19318, 100, FALSE, TRUE, 'R1400N', 11510, 12660 );
INSERT INTO "dias_line_groups" VALUES ( 19318, 10 );
INSERT INTO "times" VALUES ( 19318, 11510, NULL, '14:04:00', 10 );
INSERT INTO "times" VALUES ( 19318, 11520, '14:05:00', '14:05:00', 10 );
INSERT INTO "times" VALUES ( 19318, 11530, '14:07:00', '14:07:00', 10 );
INSERT INTO "times" VALUES ( 19318, 11540, '14:09:00', '14:09:00', 10 );
INSERT INTO "times" VALUES ( 19318, 12530, '14:11:00', '14:12:00', 20 );
INSERT INTO "times" VALUES ( 19318, 12540, '14:14:00', '14:21:00', 20 );
INSERT INTO "times" VALUES ( 19318, 12550, '14:23:00', '14:23:00', 20 );
INSERT INTO "times" VALUES ( 19318, 12560, '14:25:00', '14:25:00', 20 );
INSERT INTO "times" VALUES ( 19318, 12570, '14:26:00', '14:26:00', 20 );
INSERT INTO "times" VALUES ( 19318, 12580, '14:28:00', '14:28:00', 20 );
INSERT INTO "times" VALUES ( 19318, 12590, '14:29:00', '14:29:00', 20 );
INSERT INTO "times" VALUES ( 19318, 12600, '14:30:00', '14:30:00', 20 );
INSERT INTO "times" VALUES ( 19318, 12610, '14:32:00', '14:35:00', 20 );
INSERT INTO "times" VALUES ( 19318, 12620, '14:37:00', '14:37:00', 20 );
INSERT INTO "times" VALUES ( 19318, 12630, '14:38:00', '14:38:00', 20 );
INSERT INTO "times" VALUES ( 19318, 12640, '14:40:00', '14:40:00', 20 );
INSERT INTO "times" VALUES ( 19318, 12650, '14:42:00', '14:42:00', 20 );
INSERT INTO "times" VALUES ( 19318, 12660, '14:44:00', NULL, NULL );

INSERT INTO "dias" VALUES ( 19319, 100, FALSE, TRUE, 'R1401B', 12660, 11510 );
INSERT INTO "dias_line_groups" VALUES ( 19319, 10 );
INSERT INTO "times" VALUES ( 19319, 11510, '15:07:00', NULL, NULL );
INSERT INTO "times" VALUES ( 19319, 11520, '15:04:00', '15:04:00', 10 );
INSERT INTO "times" VALUES ( 19319, 11530, '15:03:00', '15:03:00', 10 );
INSERT INTO "times" VALUES ( 19319, 11540, '15:01:00', '15:01:00', 10 );
INSERT INTO "times" VALUES ( 19319, 12530, '15:00:00', '15:00:00', 10 );
INSERT INTO "times" VALUES ( 19319, 12540, '14:50:00', '14:57:00', 20 );
INSERT INTO "times" VALUES ( 19319, 12550, '14:48:00', '14:48:00', 20 );
INSERT INTO "times" VALUES ( 19319, 12560, '14:46:00', '14:46:00', 20 );
INSERT INTO "times" VALUES ( 19319, 12570, '14:44:00', '14:44:00', 20 );
INSERT INTO "times" VALUES ( 19319, 12580, '14:43:00', '14:43:00', 20 );
INSERT INTO "times" VALUES ( 19319, 12590, '14:42:00', '14:42:00', 20 );
INSERT INTO "times" VALUES ( 19319, 12600, '14:40:00', '14:40:00', 20 );
INSERT INTO "times" VALUES ( 19319, 12610, '14:36:00', '14:39:00', 20 );
INSERT INTO "times" VALUES ( 19319, 12620, '14:34:00', '14:34:00', 20 );
INSERT INTO "times" VALUES ( 19319, 12630, '14:32:00', '14:32:00', 20 );
INSERT INTO "times" VALUES ( 19319, 12640, '14:31:00', '14:31:00', 20 );
INSERT INTO "times" VALUES ( 19319, 12650, '14:29:00', '14:29:00', 20 );
INSERT INTO "times" VALUES ( 19319, 12660, NULL, '14:27:00', 20 );

INSERT INTO "dias" VALUES ( 19320, 100, FALSE, TRUE, 'R1402N', 11510, 12660 );
INSERT INTO "dias_line_groups" VALUES ( 19320, 10 );
INSERT INTO "times" VALUES ( 19320, 11510, NULL, '14:34:00', 10 );
INSERT INTO "times" VALUES ( 19320, 11520, '14:35:00', '14:35:00', 10 );
INSERT INTO "times" VALUES ( 19320, 11530, '14:37:00', '14:37:00', 10 );
INSERT INTO "times" VALUES ( 19320, 11540, '14:39:00', '14:39:00', 10 );
INSERT INTO "times" VALUES ( 19320, 12530, '14:41:00', '14:42:00', 20 );
INSERT INTO "times" VALUES ( 19320, 12540, '14:44:00', '14:51:00', 20 );
INSERT INTO "times" VALUES ( 19320, 12550, '14:53:00', '14:53:00', 20 );
INSERT INTO "times" VALUES ( 19320, 12560, '14:55:00', '14:55:00', 20 );
INSERT INTO "times" VALUES ( 19320, 12570, '14:56:00', '14:56:00', 20 );
INSERT INTO "times" VALUES ( 19320, 12580, '14:58:00', '14:58:00', 20 );
INSERT INTO "times" VALUES ( 19320, 12590, '14:59:00', '14:59:00', 20 );
INSERT INTO "times" VALUES ( 19320, 12600, '15:00:00', '15:00:00', 20 );
INSERT INTO "times" VALUES ( 19320, 12610, '15:02:00', '15:05:00', 20 );
INSERT INTO "times" VALUES ( 19320, 12620, '15:07:00', '15:07:00', 20 );
INSERT INTO "times" VALUES ( 19320, 12630, '15:08:00', '15:08:00', 20 );
INSERT INTO "times" VALUES ( 19320, 12640, '15:10:00', '15:10:00', 20 );
INSERT INTO "times" VALUES ( 19320, 12650, '15:12:00', '15:12:00', 20 );
INSERT INTO "times" VALUES ( 19320, 12660, '15:14:00', NULL, NULL );

INSERT INTO "dias" VALUES ( 19321, 100, FALSE, TRUE, 'R1403B', 12660, 11510 );
INSERT INTO "dias_line_groups" VALUES ( 19321, 10 );
INSERT INTO "times" VALUES ( 19321, 11510, '15:37:00', NULL, NULL );
INSERT INTO "times" VALUES ( 19321, 11520, '15:34:00', '15:34:00', 10 );
INSERT INTO "times" VALUES ( 19321, 11530, '15:33:00', '15:33:00', 10 );
INSERT INTO "times" VALUES ( 19321, 11540, '15:31:00', '15:31:00', 10 );
INSERT INTO "times" VALUES ( 19321, 12530, '15:30:00', '15:30:00', 10 );
INSERT INTO "times" VALUES ( 19321, 12540, '15:20:00', '15:27:00', 20 );
INSERT INTO "times" VALUES ( 19321, 12550, '15:18:00', '15:18:00', 20 );
INSERT INTO "times" VALUES ( 19321, 12560, '15:16:00', '15:16:00', 20 );
INSERT INTO "times" VALUES ( 19321, 12570, '15:14:00', '15:14:00', 20 );
INSERT INTO "times" VALUES ( 19321, 12580, '15:13:00', '15:13:00', 20 );
INSERT INTO "times" VALUES ( 19321, 12590, '15:12:00', '15:12:00', 20 );
INSERT INTO "times" VALUES ( 19321, 12600, '15:10:00', '15:10:00', 20 );
INSERT INTO "times" VALUES ( 19321, 12610, '15:06:00', '15:09:00', 20 );
INSERT INTO "times" VALUES ( 19321, 12620, '15:04:00', '15:04:00', 20 );
INSERT INTO "times" VALUES ( 19321, 12630, '15:02:00', '15:02:00', 20 );
INSERT INTO "times" VALUES ( 19321, 12640, '15:01:00', '15:01:00', 20 );
INSERT INTO "times" VALUES ( 19321, 12650, '14:59:00', '14:59:00', 20 );
INSERT INTO "times" VALUES ( 19321, 12660, NULL, '14:57:00', 20 );

INSERT INTO "dias" VALUES ( 19322, 100, FALSE, TRUE, 'R1500N', 11510, 12660 );
INSERT INTO "dias_line_groups" VALUES ( 19322, 10 );
INSERT INTO "times" VALUES ( 19322, 11510, NULL, '15:04:00', 10 );
INSERT INTO "times" VALUES ( 19322, 11520, '15:05:00', '15:05:00', 10 );
INSERT INTO "times" VALUES ( 19322, 11530, '15:07:00', '15:07:00', 10 );
INSERT INTO "times" VALUES ( 19322, 11540, '15:09:00', '15:09:00', 10 );
INSERT INTO "times" VALUES ( 19322, 12530, '15:11:00', '15:12:00', 20 );
INSERT INTO "times" VALUES ( 19322, 12540, '15:14:00', '15:21:00', 20 );
INSERT INTO "times" VALUES ( 19322, 12550, '15:23:00', '15:23:00', 20 );
INSERT INTO "times" VALUES ( 19322, 12560, '15:25:00', '15:25:00', 20 );
INSERT INTO "times" VALUES ( 19322, 12570, '15:26:00', '15:26:00', 20 );
INSERT INTO "times" VALUES ( 19322, 12580, '15:28:00', '15:28:00', 20 );
INSERT INTO "times" VALUES ( 19322, 12590, '15:29:00', '15:29:00', 20 );
INSERT INTO "times" VALUES ( 19322, 12600, '15:30:00', '15:30:00', 20 );
INSERT INTO "times" VALUES ( 19322, 12610, '15:32:00', '15:35:00', 20 );
INSERT INTO "times" VALUES ( 19322, 12620, '15:37:00', '15:37:00', 20 );
INSERT INTO "times" VALUES ( 19322, 12630, '15:38:00', '15:38:00', 20 );
INSERT INTO "times" VALUES ( 19322, 12640, '15:40:00', '15:40:00', 20 );
INSERT INTO "times" VALUES ( 19322, 12650, '15:42:00', '15:42:00', 20 );
INSERT INTO "times" VALUES ( 19322, 12660, '15:44:00', NULL, NULL );

INSERT INTO "dias" VALUES ( 19323, 100, FALSE, TRUE, 'R1501B', 12660, 11510 );
INSERT INTO "dias_line_groups" VALUES ( 19323, 10 );
INSERT INTO "times" VALUES ( 19323, 11510, '16:07:00', NULL, NULL );
INSERT INTO "times" VALUES ( 19323, 11520, '16:04:00', '16:04:00', 10 );
INSERT INTO "times" VALUES ( 19323, 11530, '16:03:00', '16:03:00', 10 );
INSERT INTO "times" VALUES ( 19323, 11540, '16:01:00', '16:01:00', 10 );
INSERT INTO "times" VALUES ( 19323, 12530, '16:00:00', '16:00:00', 10 );
INSERT INTO "times" VALUES ( 19323, 12540, '15:50:00', '15:57:00', 20 );
INSERT INTO "times" VALUES ( 19323, 12550, '15:48:00', '15:48:00', 20 );
INSERT INTO "times" VALUES ( 19323, 12560, '15:46:00', '15:46:00', 20 );
INSERT INTO "times" VALUES ( 19323, 12570, '15:44:00', '15:44:00', 20 );
INSERT INTO "times" VALUES ( 19323, 12580, '15:43:00', '15:43:00', 20 );
INSERT INTO "times" VALUES ( 19323, 12590, '15:42:00', '15:42:00', 20 );
INSERT INTO "times" VALUES ( 19323, 12600, '15:40:00', '15:40:00', 20 );
INSERT INTO "times" VALUES ( 19323, 12610, '15:36:00', '15:39:00', 20 );
INSERT INTO "times" VALUES ( 19323, 12620, '15:34:00', '15:34:00', 20 );
INSERT INTO "times" VALUES ( 19323, 12630, '15:32:00', '15:32:00', 20 );
INSERT INTO "times" VALUES ( 19323, 12640, '15:31:00', '15:31:00', 20 );
INSERT INTO "times" VALUES ( 19323, 12650, '15:29:00', '15:29:00', 20 );
INSERT INTO "times" VALUES ( 19323, 12660, NULL, '15:27:00', 20 );

INSERT INTO "dias" VALUES ( 19324, 100, FALSE, TRUE, 'R1502H', 11510, 12710 );
INSERT INTO "dias_line_groups" VALUES ( 19324, 10 );
INSERT INTO "times" VALUES ( 19324, 11510, NULL, '15:14:00', 10 );
INSERT INTO "times" VALUES ( 19324, 11520, '15:15:00', '15:15:00', 10 );
INSERT INTO "times" VALUES ( 19324, 11530, '15:17:00', '15:17:00', 10 );
INSERT INTO "times" VALUES ( 19324, 11540, '15:19:00', '15:19:00', 10 );
INSERT INTO "times" VALUES ( 19324, 12530, '15:21:00', '15:22:00', 20 );
INSERT INTO "times" VALUES ( 19324, 12540, '15:24:00', '15:31:00', 20 );
INSERT INTO "times" VALUES ( 19324, 12550, '15:33:00', '15:33:00', 20 );
INSERT INTO "times" VALUES ( 19324, 12560, '15:35:00', '15:35:00', 20 );
INSERT INTO "times" VALUES ( 19324, 12570, '15:36:00', '15:36:00', 20 );
INSERT INTO "times" VALUES ( 19324, 12580, '15:38:00', '15:38:00', 20 );
INSERT INTO "times" VALUES ( 19324, 12590, '15:39:00', '15:39:00', 20 );
INSERT INTO "times" VALUES ( 19324, 12600, '15:40:00', '15:40:00', 20 );
INSERT INTO "times" VALUES ( 19324, 12610, '15:42:00', '15:45:00', 20 );
INSERT INTO "times" VALUES ( 19324, 12620, '15:47:00', '15:47:00', 20 );
INSERT INTO "times" VALUES ( 19324, 12630, '15:48:00', '15:48:00', 20 );
INSERT INTO "times" VALUES ( 19324, 12640, '15:50:00', '15:50:00', 20 );
INSERT INTO "times" VALUES ( 19324, 12650, '15:52:00', '15:52:00', 20 );
INSERT INTO "times" VALUES ( 19324, 12660, '15:54:00', '15:56:00', 20 );
INSERT INTO "times" VALUES ( 19324, 12670, '15:59:00', '15:59:00', 20 );
INSERT INTO "times" VALUES ( 19324, 12680, '16:02:00', '16:02:00', 20 );
INSERT INTO "times" VALUES ( 19324, 12690, '16:03:00', '16:03:00', 20 );
INSERT INTO "times" VALUES ( 19324, 12700, '16:06:00', '16:06:00', 20 );
INSERT INTO "times" VALUES ( 19324, 12710, '16:08:00', NULL, NULL );

INSERT INTO "dias" VALUES ( 19325, 100, FALSE, TRUE, 'R1503B', 12660, 11510 );
INSERT INTO "dias_line_groups" VALUES ( 19325, 10 );
INSERT INTO "times" VALUES ( 19325, 11510, '16:38:00', NULL, NULL );
INSERT INTO "times" VALUES ( 19325, 11520, '16:35:00', '16:35:00', 10 );
INSERT INTO "times" VALUES ( 19325, 11530, '16:34:00', '16:34:00', 10 );
INSERT INTO "times" VALUES ( 19325, 11540, '16:32:00', '16:32:00', 10 );
INSERT INTO "times" VALUES ( 19325, 12530, '16:31:00', '16:31:00', 10 );
INSERT INTO "times" VALUES ( 19325, 12540, '16:20:00', '16:28:00', 20 );
INSERT INTO "times" VALUES ( 19325, 12550, '16:18:00', '16:18:00', 20 );
INSERT INTO "times" VALUES ( 19325, 12560, '16:16:00', '16:16:00', 20 );
INSERT INTO "times" VALUES ( 19325, 12570, '16:14:00', '16:14:00', 20 );
INSERT INTO "times" VALUES ( 19325, 12580, '16:13:00', '16:13:00', 20 );
INSERT INTO "times" VALUES ( 19325, 12590, '16:12:00', '16:12:00', 20 );
INSERT INTO "times" VALUES ( 19325, 12600, '16:10:00', '16:10:00', 20 );
INSERT INTO "times" VALUES ( 19325, 12610, '16:06:00', '16:09:00', 20 );
INSERT INTO "times" VALUES ( 19325, 12620, '16:04:00', '16:04:00', 20 );
INSERT INTO "times" VALUES ( 19325, 12630, '16:02:00', '16:02:00', 20 );
INSERT INTO "times" VALUES ( 19325, 12640, '16:01:00', '16:01:00', 20 );
INSERT INTO "times" VALUES ( 19325, 12650, '15:59:00', '15:59:00', 20 );
INSERT INTO "times" VALUES ( 19325, 12660, NULL, '15:57:00', 20 );

INSERT INTO "dias" VALUES ( 19326, 100, FALSE, TRUE, 'R1504N', 11510, 12660 );
INSERT INTO "dias_line_groups" VALUES ( 19326, 10 );
INSERT INTO "times" VALUES ( 19326, 11510, NULL, '15:34:00', 10 );
INSERT INTO "times" VALUES ( 19326, 11520, '15:35:00', '15:35:00', 10 );
INSERT INTO "times" VALUES ( 19326, 11530, '15:37:00', '15:37:00', 10 );
INSERT INTO "times" VALUES ( 19326, 11540, '15:39:00', '15:39:00', 10 );
INSERT INTO "times" VALUES ( 19326, 12530, '15:41:00', '15:42:00', 20 );
INSERT INTO "times" VALUES ( 19326, 12540, '15:44:00', '15:51:00', 20 );
INSERT INTO "times" VALUES ( 19326, 12550, '15:53:00', '15:53:00', 20 );
INSERT INTO "times" VALUES ( 19326, 12560, '15:55:00', '15:55:00', 20 );
INSERT INTO "times" VALUES ( 19326, 12570, '15:56:00', '15:56:00', 20 );
INSERT INTO "times" VALUES ( 19326, 12580, '15:58:00', '15:58:00', 20 );
INSERT INTO "times" VALUES ( 19326, 12590, '15:59:00', '15:59:00', 20 );
INSERT INTO "times" VALUES ( 19326, 12600, '16:00:00', '16:00:00', 20 );
INSERT INTO "times" VALUES ( 19326, 12610, '16:02:00', '16:05:00', 20 );
INSERT INTO "times" VALUES ( 19326, 12620, '16:07:00', '16:07:00', 20 );
INSERT INTO "times" VALUES ( 19326, 12630, '16:08:00', '16:08:00', 20 );
INSERT INTO "times" VALUES ( 19326, 12640, '16:10:00', '16:10:00', 20 );
INSERT INTO "times" VALUES ( 19326, 12650, '16:12:00', '16:12:00', 20 );
INSERT INTO "times" VALUES ( 19326, 12660, '16:14:00', NULL, NULL );

INSERT INTO "dias" VALUES ( 19327, 100, FALSE, TRUE, 'R1506H', 11510, 12710 );
INSERT INTO "dias_line_groups" VALUES ( 19327, 10 );
INSERT INTO "times" VALUES ( 19327, 11510, NULL, '15:44:00', 10 );
INSERT INTO "times" VALUES ( 19327, 11520, '15:45:00', '15:45:00', 10 );
INSERT INTO "times" VALUES ( 19327, 11530, '15:47:00', '15:47:00', 10 );
INSERT INTO "times" VALUES ( 19327, 11540, '15:49:00', '15:49:00', 10 );
INSERT INTO "times" VALUES ( 19327, 12530, '15:51:00', '15:52:00', 20 );
INSERT INTO "times" VALUES ( 19327, 12540, '15:54:00', '16:01:00', 20 );
INSERT INTO "times" VALUES ( 19327, 12550, '16:03:00', '16:03:00', 20 );
INSERT INTO "times" VALUES ( 19327, 12560, '16:05:00', '16:05:00', 20 );
INSERT INTO "times" VALUES ( 19327, 12570, '16:06:00', '16:06:00', 20 );
INSERT INTO "times" VALUES ( 19327, 12580, '16:08:00', '16:08:00', 20 );
INSERT INTO "times" VALUES ( 19327, 12590, '16:09:00', '16:09:00', 20 );
INSERT INTO "times" VALUES ( 19327, 12600, '16:10:00', '16:10:00', 20 );
INSERT INTO "times" VALUES ( 19327, 12610, '16:12:00', '16:15:00', 20 );
INSERT INTO "times" VALUES ( 19327, 12620, '16:17:00', '16:17:00', 20 );
INSERT INTO "times" VALUES ( 19327, 12630, '16:18:00', '16:18:00', 20 );
INSERT INTO "times" VALUES ( 19327, 12640, '16:20:00', '16:20:00', 20 );
INSERT INTO "times" VALUES ( 19327, 12650, '16:22:00', '16:22:00', 20 );
INSERT INTO "times" VALUES ( 19327, 12660, '16:24:00', '16:26:00', 20 );
INSERT INTO "times" VALUES ( 19327, 12670, '16:29:00', '16:29:00', 20 );
INSERT INTO "times" VALUES ( 19327, 12680, '16:31:00', '16:32:00', 20 );
INSERT INTO "times" VALUES ( 19327, 12690, '16:34:00', '16:34:00', 20 );
INSERT INTO "times" VALUES ( 19327, 12700, '16:36:00', '16:36:00', 20 );
INSERT INTO "times" VALUES ( 19327, 12710, '16:38:00', NULL, NULL );

INSERT INTO "dias" VALUES ( 19328, 100, FALSE, TRUE, 'R1600N', 11510, 12660 );
INSERT INTO "dias_line_groups" VALUES ( 19328, 10 );
INSERT INTO "times" VALUES ( 19328, 11510, NULL, '16:04:00', 10 );
INSERT INTO "times" VALUES ( 19328, 11520, '16:05:00', '16:05:00', 10 );
INSERT INTO "times" VALUES ( 19328, 11530, '16:07:00', '16:07:00', 10 );
INSERT INTO "times" VALUES ( 19328, 11540, '16:09:00', '16:09:00', 10 );
INSERT INTO "times" VALUES ( 19328, 12530, '16:11:00', '16:12:00', 20 );
INSERT INTO "times" VALUES ( 19328, 12540, '16:14:00', '16:21:00', 20 );
INSERT INTO "times" VALUES ( 19328, 12550, '16:23:00', '16:23:00', 20 );
INSERT INTO "times" VALUES ( 19328, 12560, '16:25:00', '16:25:00', 20 );
INSERT INTO "times" VALUES ( 19328, 12570, '16:26:00', '16:26:00', 20 );
INSERT INTO "times" VALUES ( 19328, 12580, '16:28:00', '16:28:00', 20 );
INSERT INTO "times" VALUES ( 19328, 12590, '16:29:00', '16:29:00', 20 );
INSERT INTO "times" VALUES ( 19328, 12600, '16:30:00', '16:30:00', 20 );
INSERT INTO "times" VALUES ( 19328, 12610, '16:32:00', '16:35:00', 20 );
INSERT INTO "times" VALUES ( 19328, 12620, '16:37:00', '16:37:00', 20 );
INSERT INTO "times" VALUES ( 19328, 12630, '16:38:00', '16:38:00', 20 );
INSERT INTO "times" VALUES ( 19328, 12640, '16:40:00', '16:40:00', 20 );
INSERT INTO "times" VALUES ( 19328, 12650, '16:42:00', '16:42:00', 20 );
INSERT INTO "times" VALUES ( 19328, 12660, '16:44:00', NULL, NULL );

INSERT INTO "dias" VALUES ( 19329, 100, FALSE, TRUE, 'R1601B', 12710, 11510 );
INSERT INTO "dias_line_groups" VALUES ( 19329, 10 );
INSERT INTO "times" VALUES ( 19329, 11510, '17:17:00', NULL, NULL );
INSERT INTO "times" VALUES ( 19329, 11520, '17:15:00', '17:15:00', 10 );
INSERT INTO "times" VALUES ( 19329, 11530, '17:13:00', '17:13:00', 10 );
INSERT INTO "times" VALUES ( 19329, 11540, '17:12:00', '17:12:00', 10 );
INSERT INTO "times" VALUES ( 19329, 12530, '17:10:00', '17:10:00', 10 );
INSERT INTO "times" VALUES ( 19329, 12540, '17:00:00', '17:07:00', 20 );
INSERT INTO "times" VALUES ( 19329, 12550, '16:58:00', '16:58:00', 20 );
INSERT INTO "times" VALUES ( 19329, 12560, '16:56:00', '16:56:00', 20 );
INSERT INTO "times" VALUES ( 19329, 12570, '16:54:00', '16:54:00', 20 );
INSERT INTO "times" VALUES ( 19329, 12580, '16:53:00', '16:53:00', 20 );
INSERT INTO "times" VALUES ( 19329, 12590, '16:52:00', '16:52:00', 20 );
INSERT INTO "times" VALUES ( 19329, 12600, '16:50:00', '16:50:00', 20 );
INSERT INTO "times" VALUES ( 19329, 12610, '16:45:00', '16:49:00', 20 );
INSERT INTO "times" VALUES ( 19329, 12620, '16:43:00', '16:43:00', 20 );
INSERT INTO "times" VALUES ( 19329, 12630, '16:42:00', '16:42:00', 20 );
INSERT INTO "times" VALUES ( 19329, 12640, '16:40:00', '16:40:00', 20 );
INSERT INTO "times" VALUES ( 19329, 12650, '16:39:00', '16:39:00', 20 );
INSERT INTO "times" VALUES ( 19329, 12660, '16:37:00', '16:37:00', 20 );
INSERT INTO "times" VALUES ( 19329, 12670, '16:34:00', '16:34:00', 20 );
INSERT INTO "times" VALUES ( 19329, 12680, '16:23:00', '16:31:00', 20 );
INSERT INTO "times" VALUES ( 19329, 12690, '16:21:00', '16:21:00', 20 );
INSERT INTO "times" VALUES ( 19329, 12700, '16:18:00', '16:18:00', 20 );
INSERT INTO "times" VALUES ( 19329, 12710, NULL, '16:17:00', 20 );

INSERT INTO "dias" VALUES ( 19330, 100, FALSE, TRUE, 'R1602H', 11510, 12710 );
INSERT INTO "dias_line_groups" VALUES ( 19330, 10 );
INSERT INTO "times" VALUES ( 19330, 11510, NULL, '16:14:00', 10 );
INSERT INTO "times" VALUES ( 19330, 11520, '16:15:00', '16:15:00', 10 );
INSERT INTO "times" VALUES ( 19330, 11530, '16:17:00', '16:17:00', 10 );
INSERT INTO "times" VALUES ( 19330, 11540, '16:19:00', '16:19:00', 10 );
INSERT INTO "times" VALUES ( 19330, 12530, '16:21:00', '16:22:00', 20 );
INSERT INTO "times" VALUES ( 19330, 12540, '16:24:00', '16:31:00', 20 );
INSERT INTO "times" VALUES ( 19330, 12550, '16:33:00', '16:33:00', 20 );
INSERT INTO "times" VALUES ( 19330, 12560, '16:35:00', '16:35:00', 20 );
INSERT INTO "times" VALUES ( 19330, 12570, '16:36:00', '16:36:00', 20 );
INSERT INTO "times" VALUES ( 19330, 12580, '16:38:00', '16:38:00', 20 );
INSERT INTO "times" VALUES ( 19330, 12590, '16:39:00', '16:39:00', 20 );
INSERT INTO "times" VALUES ( 19330, 12600, '16:40:00', '16:40:00', 20 );
INSERT INTO "times" VALUES ( 19330, 12610, '16:42:00', '16:45:00', 20 );
INSERT INTO "times" VALUES ( 19330, 12620, '16:47:00', '16:47:00', 20 );
INSERT INTO "times" VALUES ( 19330, 12630, '16:48:00', '16:48:00', 20 );
INSERT INTO "times" VALUES ( 19330, 12640, '16:50:00', '16:50:00', 20 );
INSERT INTO "times" VALUES ( 19330, 12650, '16:52:00', '16:52:00', 20 );
INSERT INTO "times" VALUES ( 19330, 12660, '16:54:00', '16:55:00', 20 );
INSERT INTO "times" VALUES ( 19330, 12670, '16:59:00', '16:59:00', 20 );
INSERT INTO "times" VALUES ( 19330, 12680, '17:02:00', '17:02:00', 20 );
INSERT INTO "times" VALUES ( 19330, 12690, '17:03:00', '17:03:00', 20 );
INSERT INTO "times" VALUES ( 19330, 12700, '17:06:00', '17:06:00', 20 );
INSERT INTO "times" VALUES ( 19330, 12710, '17:08:00', NULL, NULL );

INSERT INTO "dias" VALUES ( 19331, 100, FALSE, TRUE, 'R1603B', 12660, 11510 );
INSERT INTO "dias_line_groups" VALUES ( 19331, 10 );
INSERT INTO "times" VALUES ( 19331, 11510, '17:08:00', NULL, NULL );
INSERT INTO "times" VALUES ( 19331, 11520, '17:05:00', '17:05:00', 10 );
INSERT INTO "times" VALUES ( 19331, 11530, '17:04:00', '17:04:00', 10 );
INSERT INTO "times" VALUES ( 19331, 11540, '17:02:00', '17:02:00', 10 );
INSERT INTO "times" VALUES ( 19331, 12530, '17:01:00', '17:01:00', 10 );
INSERT INTO "times" VALUES ( 19331, 12540, '16:50:00', '16:58:00', 20 );
INSERT INTO "times" VALUES ( 19331, 12550, '16:48:00', '16:48:00', 20 );
INSERT INTO "times" VALUES ( 19331, 12560, '16:46:00', '16:46:00', 20 );
INSERT INTO "times" VALUES ( 19331, 12570, '16:44:00', '16:44:00', 20 );
INSERT INTO "times" VALUES ( 19331, 12580, '16:43:00', '16:43:00', 20 );
INSERT INTO "times" VALUES ( 19331, 12590, '16:42:00', '16:42:00', 20 );
INSERT INTO "times" VALUES ( 19331, 12600, '16:40:00', '16:40:00', 20 );
INSERT INTO "times" VALUES ( 19331, 12610, '16:36:00', '16:39:00', 20 );
INSERT INTO "times" VALUES ( 19331, 12620, '16:34:00', '16:34:00', 20 );
INSERT INTO "times" VALUES ( 19331, 12630, '16:32:00', '16:32:00', 20 );
INSERT INTO "times" VALUES ( 19331, 12640, '16:31:00', '16:31:00', 20 );
INSERT INTO "times" VALUES ( 19331, 12650, '16:29:00', '16:29:00', 20 );
INSERT INTO "times" VALUES ( 19331, 12660, NULL, '16:27:00', 20 );

INSERT INTO "dias" VALUES ( 19332, 100, FALSE, TRUE, 'R1604N', 11510, 12660 );
INSERT INTO "dias_line_groups" VALUES ( 19332, 10 );
INSERT INTO "times" VALUES ( 19332, 11510, NULL, '16:35:00', 10 );
INSERT INTO "times" VALUES ( 19332, 11520, '16:36:00', '16:36:00', 10 );
INSERT INTO "times" VALUES ( 19332, 11530, '16:38:00', '16:38:00', 10 );
INSERT INTO "times" VALUES ( 19332, 11540, '16:40:00', '16:40:00', 10 );
INSERT INTO "times" VALUES ( 19332, 12530, '16:42:00', '16:42:00', 20 );
INSERT INTO "times" VALUES ( 19332, 12540, '16:45:00', '16:51:00', 20 );
INSERT INTO "times" VALUES ( 19332, 12550, '16:53:00', '16:53:00', 20 );
INSERT INTO "times" VALUES ( 19332, 12560, '16:55:00', '16:55:00', 20 );
INSERT INTO "times" VALUES ( 19332, 12570, '16:56:00', '16:56:00', 20 );
INSERT INTO "times" VALUES ( 19332, 12580, '16:58:00', '16:58:00', 20 );
INSERT INTO "times" VALUES ( 19332, 12590, '16:59:00', '16:59:00', 20 );
INSERT INTO "times" VALUES ( 19332, 12600, '17:00:00', '17:00:00', 20 );
INSERT INTO "times" VALUES ( 19332, 12610, '17:02:00', '17:05:00', 20 );
INSERT INTO "times" VALUES ( 19332, 12620, '17:07:00', '17:07:00', 20 );
INSERT INTO "times" VALUES ( 19332, 12630, '17:08:00', '17:08:00', 20 );
INSERT INTO "times" VALUES ( 19332, 12640, '17:10:00', '17:10:00', 20 );
INSERT INTO "times" VALUES ( 19332, 12650, '17:12:00', '17:12:00', 20 );
INSERT INTO "times" VALUES ( 19332, 12660, '17:14:00', NULL, NULL );

INSERT INTO "dias" VALUES ( 19333, 100, FALSE, TRUE, 'R1605B', 12660, 11510 );
INSERT INTO "dias_line_groups" VALUES ( 19333, 10 );
INSERT INTO "times" VALUES ( 19333, 11510, '17:38:00', NULL, NULL );
INSERT INTO "times" VALUES ( 19333, 11520, '17:35:00', '17:35:00', 10 );
INSERT INTO "times" VALUES ( 19333, 11530, '17:34:00', '17:34:00', 10 );
INSERT INTO "times" VALUES ( 19333, 11540, '17:32:00', '17:32:00', 10 );
INSERT INTO "times" VALUES ( 19333, 12530, '17:31:00', '17:31:00', 10 );
INSERT INTO "times" VALUES ( 19333, 12540, '17:20:00', '17:28:00', 20 );
INSERT INTO "times" VALUES ( 19333, 12550, '17:18:00', '17:18:00', 20 );
INSERT INTO "times" VALUES ( 19333, 12560, '17:16:00', '17:16:00', 20 );
INSERT INTO "times" VALUES ( 19333, 12570, '17:14:00', '17:14:00', 20 );
INSERT INTO "times" VALUES ( 19333, 12580, '17:13:00', '17:13:00', 20 );
INSERT INTO "times" VALUES ( 19333, 12590, '17:12:00', '17:12:00', 20 );
INSERT INTO "times" VALUES ( 19333, 12600, '17:10:00', '17:10:00', 20 );
INSERT INTO "times" VALUES ( 19333, 12610, '17:06:00', '17:09:00', 20 );
INSERT INTO "times" VALUES ( 19333, 12620, '17:04:00', '17:04:00', 20 );
INSERT INTO "times" VALUES ( 19333, 12630, '17:02:00', '17:02:00', 20 );
INSERT INTO "times" VALUES ( 19333, 12640, '17:01:00', '17:01:00', 20 );
INSERT INTO "times" VALUES ( 19333, 12650, '16:59:00', '16:59:00', 20 );
INSERT INTO "times" VALUES ( 19333, 12660, NULL, '16:57:00', 20 );

INSERT INTO "dias" VALUES ( 19334, 100, FALSE, TRUE, 'R1606H', 11510, 12710 );
INSERT INTO "dias_line_groups" VALUES ( 19334, 10 );
INSERT INTO "times" VALUES ( 19334, 11510, NULL, '16:44:00', 10 );
INSERT INTO "times" VALUES ( 19334, 11520, '16:45:00', '16:45:00', 10 );
INSERT INTO "times" VALUES ( 19334, 11530, '16:47:00', '16:47:00', 10 );
INSERT INTO "times" VALUES ( 19334, 11540, '16:49:00', '16:49:00', 10 );
INSERT INTO "times" VALUES ( 19334, 12530, '16:51:00', '16:52:00', 20 );
INSERT INTO "times" VALUES ( 19334, 12540, '16:54:00', '17:01:00', 20 );
INSERT INTO "times" VALUES ( 19334, 12550, '17:03:00', '17:03:00', 20 );
INSERT INTO "times" VALUES ( 19334, 12560, '17:05:00', '17:05:00', 20 );
INSERT INTO "times" VALUES ( 19334, 12570, '17:06:00', '17:06:00', 20 );
INSERT INTO "times" VALUES ( 19334, 12580, '17:08:00', '17:08:00', 20 );
INSERT INTO "times" VALUES ( 19334, 12590, '17:09:00', '17:09:00', 20 );
INSERT INTO "times" VALUES ( 19334, 12600, '17:10:00', '17:10:00', 20 );
INSERT INTO "times" VALUES ( 19334, 12610, '17:12:00', '17:15:00', 20 );
INSERT INTO "times" VALUES ( 19334, 12620, '17:17:00', '17:17:00', 20 );
INSERT INTO "times" VALUES ( 19334, 12630, '17:18:00', '17:18:00', 20 );
INSERT INTO "times" VALUES ( 19334, 12640, '17:20:00', '17:20:00', 20 );
INSERT INTO "times" VALUES ( 19334, 12650, '17:22:00', '17:22:00', 20 );
INSERT INTO "times" VALUES ( 19334, 12660, '17:24:00', '17:26:00', 20 );
INSERT INTO "times" VALUES ( 19334, 12670, '17:29:00', '17:29:00', 20 );
INSERT INTO "times" VALUES ( 19334, 12680, '17:31:00', '17:32:00', 20 );
INSERT INTO "times" VALUES ( 19334, 12690, '17:34:00', '17:34:00', 20 );
INSERT INTO "times" VALUES ( 19334, 12700, '17:36:00', '17:36:00', 20 );
INSERT INTO "times" VALUES ( 19334, 12710, '17:38:00', NULL, NULL );

INSERT INTO "dias" VALUES ( 19335, 100, FALSE, TRUE, 'R1607B', 12710, 11510 );
INSERT INTO "dias_line_groups" VALUES ( 19335, 10 );
INSERT INTO "times" VALUES ( 19335, 11510, '17:48:00', NULL, NULL );
INSERT INTO "times" VALUES ( 19335, 11520, '17:46:00', '17:46:00', 10 );
INSERT INTO "times" VALUES ( 19335, 11530, '17:44:00', '17:44:00', 10 );
INSERT INTO "times" VALUES ( 19335, 11540, '17:43:00', '17:43:00', 10 );
INSERT INTO "times" VALUES ( 19335, 12530, '17:41:00', '17:41:00', 10 );
INSERT INTO "times" VALUES ( 19335, 12540, '17:31:00', '17:38:00', 20 );
INSERT INTO "times" VALUES ( 19335, 12550, '17:28:00', '17:28:00', 20 );
INSERT INTO "times" VALUES ( 19335, 12560, '17:27:00', '17:27:00', 20 );
INSERT INTO "times" VALUES ( 19335, 12570, '17:25:00', '17:25:00', 20 );
INSERT INTO "times" VALUES ( 19335, 12580, '17:23:00', '17:23:00', 20 );
INSERT INTO "times" VALUES ( 19335, 12590, '17:22:00', '17:22:00', 20 );
INSERT INTO "times" VALUES ( 19335, 12600, '17:21:00', '17:21:00', 20 );
INSERT INTO "times" VALUES ( 19335, 12610, '17:15:00', '17:20:00', 20 );
INSERT INTO "times" VALUES ( 19335, 12620, '17:13:00', '17:13:00', 20 );
INSERT INTO "times" VALUES ( 19335, 12630, '17:12:00', '17:12:00', 20 );
INSERT INTO "times" VALUES ( 19335, 12640, '17:10:00', '17:10:00', 20 );
INSERT INTO "times" VALUES ( 19335, 12650, '17:09:00', '17:09:00', 20 );
INSERT INTO "times" VALUES ( 19335, 12660, '17:06:00', '17:07:00', 20 );
INSERT INTO "times" VALUES ( 19335, 12670, '17:03:00', '17:03:00', 20 );
INSERT INTO "times" VALUES ( 19335, 12680, '17:00:00', '17:00:00', 20 );
INSERT INTO "times" VALUES ( 19335, 12690, '16:58:00', '16:58:00', 20 );
INSERT INTO "times" VALUES ( 19335, 12700, '16:55:00', '16:55:00', 20 );
INSERT INTO "times" VALUES ( 19335, 12710, NULL, '16:54:00', 20 );

INSERT INTO "dias" VALUES ( 19336, 100, FALSE, TRUE, 'R1700N', 11510, 12660 );
INSERT INTO "dias_line_groups" VALUES ( 19336, 10 );
INSERT INTO "times" VALUES ( 19336, 11510, NULL, '17:04:00', 10 );
INSERT INTO "times" VALUES ( 19336, 11520, '17:05:00', '17:05:00', 10 );
INSERT INTO "times" VALUES ( 19336, 11530, '17:07:00', '17:07:00', 10 );
INSERT INTO "times" VALUES ( 19336, 11540, '17:09:00', '17:09:00', 10 );
INSERT INTO "times" VALUES ( 19336, 12530, '17:11:00', '17:12:00', 20 );
INSERT INTO "times" VALUES ( 19336, 12540, '17:15:00', '17:21:00', 20 );
INSERT INTO "times" VALUES ( 19336, 12550, '17:23:00', '17:23:00', 20 );
INSERT INTO "times" VALUES ( 19336, 12560, '17:25:00', '17:25:00', 20 );
INSERT INTO "times" VALUES ( 19336, 12570, '17:26:00', '17:26:00', 20 );
INSERT INTO "times" VALUES ( 19336, 12580, '17:28:00', '17:28:00', 20 );
INSERT INTO "times" VALUES ( 19336, 12590, '17:29:00', '17:29:00', 20 );
INSERT INTO "times" VALUES ( 19336, 12600, '17:30:00', '17:30:00', 20 );
INSERT INTO "times" VALUES ( 19336, 12610, '17:32:00', '17:35:00', 20 );
INSERT INTO "times" VALUES ( 19336, 12620, '17:37:00', '17:37:00', 20 );
INSERT INTO "times" VALUES ( 19336, 12630, '17:38:00', '17:38:00', 20 );
INSERT INTO "times" VALUES ( 19336, 12640, '17:40:00', '17:40:00', 20 );
INSERT INTO "times" VALUES ( 19336, 12650, '17:42:00', '17:42:00', 20 );
INSERT INTO "times" VALUES ( 19336, 12660, '17:44:00', NULL, NULL );

INSERT INTO "dias" VALUES ( 19337, 100, FALSE, TRUE, 'R1701B', 12710, 11510 );
INSERT INTO "dias_line_groups" VALUES ( 19337, 10 );
INSERT INTO "times" VALUES ( 19337, 11510, '18:17:00', NULL, NULL );
INSERT INTO "times" VALUES ( 19337, 11520, '18:15:00', '18:15:00', 10 );
INSERT INTO "times" VALUES ( 19337, 11530, '18:13:00', '18:13:00', 10 );
INSERT INTO "times" VALUES ( 19337, 11540, '18:12:00', '18:12:00', 10 );
INSERT INTO "times" VALUES ( 19337, 12530, '18:10:00', '18:10:00', 10 );
INSERT INTO "times" VALUES ( 19337, 12540, '18:00:00', '18:07:00', 20 );
INSERT INTO "times" VALUES ( 19337, 12550, '17:58:00', '17:58:00', 20 );
INSERT INTO "times" VALUES ( 19337, 12560, '17:56:00', '17:56:00', 20 );
INSERT INTO "times" VALUES ( 19337, 12570, '17:54:00', '17:54:00', 20 );
INSERT INTO "times" VALUES ( 19337, 12580, '17:53:00', '17:53:00', 20 );
INSERT INTO "times" VALUES ( 19337, 12590, '17:52:00', '17:52:00', 20 );
INSERT INTO "times" VALUES ( 19337, 12600, '17:50:00', '17:50:00', 20 );
INSERT INTO "times" VALUES ( 19337, 12610, '17:46:00', '17:49:00', 20 );
INSERT INTO "times" VALUES ( 19337, 12620, '17:44:00', '17:44:00', 20 );
INSERT INTO "times" VALUES ( 19337, 12630, '17:42:00', '17:42:00', 20 );
INSERT INTO "times" VALUES ( 19337, 12640, '17:40:00', '17:40:00', 20 );
INSERT INTO "times" VALUES ( 19337, 12650, '17:39:00', '17:39:00', 20 );
INSERT INTO "times" VALUES ( 19337, 12660, '17:37:00', '17:37:00', 20 );
INSERT INTO "times" VALUES ( 19337, 12670, '17:34:00', '17:34:00', 20 );
INSERT INTO "times" VALUES ( 19337, 12680, '17:24:00', '17:31:00', 20 );
INSERT INTO "times" VALUES ( 19337, 12690, '17:21:00', '17:21:00', 20 );
INSERT INTO "times" VALUES ( 19337, 12700, '17:19:00', '17:19:00', 20 );
INSERT INTO "times" VALUES ( 19337, 12710, NULL, '17:17:00', 20 );

INSERT INTO "dias" VALUES ( 19338, 100, FALSE, TRUE, 'R1702H', 11510, 12710 );
INSERT INTO "dias_line_groups" VALUES ( 19338, 10 );
INSERT INTO "times" VALUES ( 19338, 11510, NULL, '17:14:00', 10 );
INSERT INTO "times" VALUES ( 19338, 11520, '17:15:00', '17:15:00', 10 );
INSERT INTO "times" VALUES ( 19338, 11530, '17:17:00', '17:17:00', 10 );
INSERT INTO "times" VALUES ( 19338, 11540, '17:19:00', '17:19:00', 10 );
INSERT INTO "times" VALUES ( 19338, 12530, '17:21:00', '17:22:00', 20 );
INSERT INTO "times" VALUES ( 19338, 12540, '17:24:00', '17:31:00', 20 );
INSERT INTO "times" VALUES ( 19338, 12550, '17:33:00', '17:33:00', 20 );
INSERT INTO "times" VALUES ( 19338, 12560, '17:35:00', '17:35:00', 20 );
INSERT INTO "times" VALUES ( 19338, 12570, '17:36:00', '17:36:00', 20 );
INSERT INTO "times" VALUES ( 19338, 12580, '17:38:00', '17:38:00', 20 );
INSERT INTO "times" VALUES ( 19338, 12590, '17:39:00', '17:39:00', 20 );
INSERT INTO "times" VALUES ( 19338, 12600, '17:40:00', '17:40:00', 20 );
INSERT INTO "times" VALUES ( 19338, 12610, '17:42:00', '17:45:00', 20 );
INSERT INTO "times" VALUES ( 19338, 12620, '17:47:00', '17:47:00', 20 );
INSERT INTO "times" VALUES ( 19338, 12630, '17:48:00', '17:48:00', 20 );
INSERT INTO "times" VALUES ( 19338, 12640, '17:50:00', '17:50:00', 20 );
INSERT INTO "times" VALUES ( 19338, 12650, '17:52:00', '17:52:00', 20 );
INSERT INTO "times" VALUES ( 19338, 12660, '17:54:00', '17:56:00', 20 );
INSERT INTO "times" VALUES ( 19338, 12670, '17:59:00', '17:59:00', 20 );
INSERT INTO "times" VALUES ( 19338, 12680, '18:01:00', '18:02:00', 20 );
INSERT INTO "times" VALUES ( 19338, 12690, '18:04:00', '18:04:00', 20 );
INSERT INTO "times" VALUES ( 19338, 12700, '18:07:00', '18:07:00', 20 );
INSERT INTO "times" VALUES ( 19338, 12710, '18:09:00', NULL, NULL );

INSERT INTO "dias" VALUES ( 19339, 100, FALSE, TRUE, 'R1703B', 12660, 11510 );
INSERT INTO "dias_line_groups" VALUES ( 19339, 10 );
INSERT INTO "times" VALUES ( 19339, 11510, '18:08:00', NULL, NULL );
INSERT INTO "times" VALUES ( 19339, 11520, '18:05:00', '18:05:00', 10 );
INSERT INTO "times" VALUES ( 19339, 11530, '18:04:00', '18:04:00', 10 );
INSERT INTO "times" VALUES ( 19339, 11540, '18:02:00', '18:02:00', 10 );
INSERT INTO "times" VALUES ( 19339, 12530, '18:01:00', '18:01:00', 10 );
INSERT INTO "times" VALUES ( 19339, 12540, '17:50:00', '17:58:00', 20 );
INSERT INTO "times" VALUES ( 19339, 12550, '17:48:00', '17:48:00', 20 );
INSERT INTO "times" VALUES ( 19339, 12560, '17:46:00', '17:46:00', 20 );
INSERT INTO "times" VALUES ( 19339, 12570, '17:44:00', '17:44:00', 20 );
INSERT INTO "times" VALUES ( 19339, 12580, '17:43:00', '17:43:00', 20 );
INSERT INTO "times" VALUES ( 19339, 12590, '17:42:00', '17:42:00', 20 );
INSERT INTO "times" VALUES ( 19339, 12600, '17:40:00', '17:40:00', 20 );
INSERT INTO "times" VALUES ( 19339, 12610, '17:36:00', '17:39:00', 20 );
INSERT INTO "times" VALUES ( 19339, 12620, '17:34:00', '17:34:00', 20 );
INSERT INTO "times" VALUES ( 19339, 12630, '17:32:00', '17:32:00', 20 );
INSERT INTO "times" VALUES ( 19339, 12640, '17:31:00', '17:31:00', 20 );
INSERT INTO "times" VALUES ( 19339, 12650, '17:29:00', '17:29:00', 20 );
INSERT INTO "times" VALUES ( 19339, 12660, NULL, '17:27:00', 20 );

INSERT INTO "dias" VALUES ( 19340, 100, FALSE, TRUE, 'R1704N', 11510, 12660 );
INSERT INTO "dias_line_groups" VALUES ( 19340, 10 );
INSERT INTO "times" VALUES ( 19340, 11510, NULL, '17:34:00', 10 );
INSERT INTO "times" VALUES ( 19340, 11520, '17:35:00', '17:35:00', 10 );
INSERT INTO "times" VALUES ( 19340, 11530, '17:37:00', '17:37:00', 10 );
INSERT INTO "times" VALUES ( 19340, 11540, '17:39:00', '17:39:00', 10 );
INSERT INTO "times" VALUES ( 19340, 12530, '17:41:00', '17:41:00', 20 );
INSERT INTO "times" VALUES ( 19340, 12540, '17:44:00', '17:51:00', 20 );
INSERT INTO "times" VALUES ( 19340, 12550, '17:54:00', '17:54:00', 20 );
INSERT INTO "times" VALUES ( 19340, 12560, '17:55:00', '17:55:00', 20 );
INSERT INTO "times" VALUES ( 19340, 12570, '17:57:00', '17:57:00', 20 );
INSERT INTO "times" VALUES ( 19340, 12580, '17:58:00', '17:58:00', 20 );
INSERT INTO "times" VALUES ( 19340, 12590, '18:00:00', '18:00:00', 20 );
INSERT INTO "times" VALUES ( 19340, 12600, '18:01:00', '18:01:00', 20 );
INSERT INTO "times" VALUES ( 19340, 12610, '18:03:00', '18:05:00', 20 );
INSERT INTO "times" VALUES ( 19340, 12620, '18:07:00', '18:07:00', 20 );
INSERT INTO "times" VALUES ( 19340, 12630, '18:08:00', '18:08:00', 20 );
INSERT INTO "times" VALUES ( 19340, 12640, '18:10:00', '18:10:00', 20 );
INSERT INTO "times" VALUES ( 19340, 12650, '18:12:00', '18:12:00', 20 );
INSERT INTO "times" VALUES ( 19340, 12660, '18:14:00', NULL, NULL );

INSERT INTO "dias" VALUES ( 19341, 100, FALSE, TRUE, 'R1705B', 12660, 11510 );
INSERT INTO "dias_line_groups" VALUES ( 19341, 10 );
INSERT INTO "times" VALUES ( 19341, 11510, '18:38:00', NULL, NULL );
INSERT INTO "times" VALUES ( 19341, 11520, '18:35:00', '18:35:00', 10 );
INSERT INTO "times" VALUES ( 19341, 11530, '18:34:00', '18:34:00', 10 );
INSERT INTO "times" VALUES ( 19341, 11540, '18:32:00', '18:32:00', 10 );
INSERT INTO "times" VALUES ( 19341, 12530, '18:31:00', '18:31:00', 10 );
INSERT INTO "times" VALUES ( 19341, 12540, '18:20:00', '18:28:00', 20 );
INSERT INTO "times" VALUES ( 19341, 12550, '18:18:00', '18:18:00', 20 );
INSERT INTO "times" VALUES ( 19341, 12560, '18:16:00', '18:16:00', 20 );
INSERT INTO "times" VALUES ( 19341, 12570, '18:14:00', '18:14:00', 20 );
INSERT INTO "times" VALUES ( 19341, 12580, '18:13:00', '18:13:00', 20 );
INSERT INTO "times" VALUES ( 19341, 12590, '18:12:00', '18:12:00', 20 );
INSERT INTO "times" VALUES ( 19341, 12600, '18:10:00', '18:10:00', 20 );
INSERT INTO "times" VALUES ( 19341, 12610, '18:06:00', '18:09:00', 20 );
INSERT INTO "times" VALUES ( 19341, 12620, '18:04:00', '18:04:00', 20 );
INSERT INTO "times" VALUES ( 19341, 12630, '18:02:00', '18:02:00', 20 );
INSERT INTO "times" VALUES ( 19341, 12640, '18:01:00', '18:01:00', 20 );
INSERT INTO "times" VALUES ( 19341, 12650, '17:59:00', '17:59:00', 20 );
INSERT INTO "times" VALUES ( 19341, 12660, NULL, '17:57:00', 20 );

INSERT INTO "dias" VALUES ( 19342, 100, FALSE, TRUE, 'R1706H', 11510, 12710 );
INSERT INTO "dias_line_groups" VALUES ( 19342, 10 );
INSERT INTO "times" VALUES ( 19342, 11510, NULL, '17:44:00', 10 );
INSERT INTO "times" VALUES ( 19342, 11520, '17:45:00', '17:45:00', 10 );
INSERT INTO "times" VALUES ( 19342, 11530, '17:47:00', '17:47:00', 10 );
INSERT INTO "times" VALUES ( 19342, 11540, '17:49:00', '17:49:00', 10 );
INSERT INTO "times" VALUES ( 19342, 12530, '17:51:00', '17:52:00', 20 );
INSERT INTO "times" VALUES ( 19342, 12540, '17:54:00', '18:01:00', 20 );
INSERT INTO "times" VALUES ( 19342, 12550, '18:03:00', '18:03:00', 20 );
INSERT INTO "times" VALUES ( 19342, 12560, '18:05:00', '18:05:00', 20 );
INSERT INTO "times" VALUES ( 19342, 12570, '18:06:00', '18:06:00', 20 );
INSERT INTO "times" VALUES ( 19342, 12580, '18:08:00', '18:08:00', 20 );
INSERT INTO "times" VALUES ( 19342, 12590, '18:09:00', '18:09:00', 20 );
INSERT INTO "times" VALUES ( 19342, 12600, '18:10:00', '18:10:00', 20 );
INSERT INTO "times" VALUES ( 19342, 12610, '18:12:00', '18:15:00', 20 );
INSERT INTO "times" VALUES ( 19342, 12620, '18:17:00', '18:17:00', 20 );
INSERT INTO "times" VALUES ( 19342, 12630, '18:18:00', '18:18:00', 20 );
INSERT INTO "times" VALUES ( 19342, 12640, '18:20:00', '18:20:00', 20 );
INSERT INTO "times" VALUES ( 19342, 12650, '18:22:00', '18:22:00', 20 );
INSERT INTO "times" VALUES ( 19342, 12660, '18:24:00', '18:26:00', 20 );
INSERT INTO "times" VALUES ( 19342, 12670, '18:29:00', '18:29:00', 20 );
INSERT INTO "times" VALUES ( 19342, 12680, '18:31:00', '18:32:00', 20 );
INSERT INTO "times" VALUES ( 19342, 12690, '18:34:00', '18:34:00', 20 );
INSERT INTO "times" VALUES ( 19342, 12700, '18:36:00', '18:36:00', 20 );
INSERT INTO "times" VALUES ( 19342, 12710, '18:38:00', NULL, NULL );

INSERT INTO "dias" VALUES ( 19343, 100, FALSE, TRUE, 'R1800N', 11510, 12660 );
INSERT INTO "dias_line_groups" VALUES ( 19343, 10 );
INSERT INTO "times" VALUES ( 19343, 11510, NULL, '18:04:00', 10 );
INSERT INTO "times" VALUES ( 19343, 11520, '18:06:00', '18:06:00', 10 );
INSERT INTO "times" VALUES ( 19343, 11530, '18:07:00', '18:07:00', 10 );
INSERT INTO "times" VALUES ( 19343, 11540, '18:09:00', '18:09:00', 10 );
INSERT INTO "times" VALUES ( 19343, 12530, '18:11:00', '18:12:00', 20 );
INSERT INTO "times" VALUES ( 19343, 12540, '18:15:00', '18:21:00', 20 );
INSERT INTO "times" VALUES ( 19343, 12550, '18:23:00', '18:23:00', 20 );
INSERT INTO "times" VALUES ( 19343, 12560, '18:25:00', '18:25:00', 20 );
INSERT INTO "times" VALUES ( 19343, 12570, '18:26:00', '18:26:00', 20 );
INSERT INTO "times" VALUES ( 19343, 12580, '18:28:00', '18:28:00', 20 );
INSERT INTO "times" VALUES ( 19343, 12590, '18:29:00', '18:29:00', 20 );
INSERT INTO "times" VALUES ( 19343, 12600, '18:30:00', '18:30:00', 20 );
INSERT INTO "times" VALUES ( 19343, 12610, '18:32:00', '18:35:00', 20 );
INSERT INTO "times" VALUES ( 19343, 12620, '18:37:00', '18:37:00', 20 );
INSERT INTO "times" VALUES ( 19343, 12630, '18:38:00', '18:38:00', 20 );
INSERT INTO "times" VALUES ( 19343, 12640, '18:40:00', '18:40:00', 20 );
INSERT INTO "times" VALUES ( 19343, 12650, '18:42:00', '18:42:00', 20 );
INSERT INTO "times" VALUES ( 19343, 12660, '18:44:00', NULL, NULL );

INSERT INTO "dias" VALUES ( 19344, 100, FALSE, TRUE, 'R1801B', 12660, 11510 );
INSERT INTO "dias_line_groups" VALUES ( 19344, 10 );
INSERT INTO "times" VALUES ( 19344, 11510, '19:07:00', NULL, NULL );
INSERT INTO "times" VALUES ( 19344, 11520, '19:04:00', '19:04:00', 10 );
INSERT INTO "times" VALUES ( 19344, 11530, '19:03:00', '19:03:00', 10 );
INSERT INTO "times" VALUES ( 19344, 11540, '19:01:00', '19:01:00', 10 );
INSERT INTO "times" VALUES ( 19344, 12530, '19:00:00', '19:00:00', 10 );
INSERT INTO "times" VALUES ( 19344, 12540, '18:50:00', '18:57:00', 20 );
INSERT INTO "times" VALUES ( 19344, 12550, '18:48:00', '18:48:00', 20 );
INSERT INTO "times" VALUES ( 19344, 12560, '18:46:00', '18:46:00', 20 );
INSERT INTO "times" VALUES ( 19344, 12570, '18:44:00', '18:44:00', 20 );
INSERT INTO "times" VALUES ( 19344, 12580, '18:43:00', '18:43:00', 20 );
INSERT INTO "times" VALUES ( 19344, 12590, '18:42:00', '18:42:00', 20 );
INSERT INTO "times" VALUES ( 19344, 12600, '18:40:00', '18:40:00', 20 );
INSERT INTO "times" VALUES ( 19344, 12610, '18:36:00', '18:39:00', 20 );
INSERT INTO "times" VALUES ( 19344, 12620, '18:34:00', '18:34:00', 20 );
INSERT INTO "times" VALUES ( 19344, 12630, '18:32:00', '18:32:00', 20 );
INSERT INTO "times" VALUES ( 19344, 12640, '18:31:00', '18:31:00', 20 );
INSERT INTO "times" VALUES ( 19344, 12650, '18:29:00', '18:29:00', 20 );
INSERT INTO "times" VALUES ( 19344, 12660, NULL, '18:27:00', 20 );

INSERT INTO "dias" VALUES ( 19345, 100, FALSE, TRUE, 'R1802R', 11510, 12740 );
INSERT INTO "dias_line_groups" VALUES ( 19345, 10 );
INSERT INTO "times" VALUES ( 19345, 11510, NULL, '18:14:00', 10 );
INSERT INTO "times" VALUES ( 19345, 11520, '18:15:00', '18:15:00', 10 );
INSERT INTO "times" VALUES ( 19345, 11530, '18:17:00', '18:17:00', 10 );
INSERT INTO "times" VALUES ( 19345, 11540, '18:19:00', '18:19:00', 10 );
INSERT INTO "times" VALUES ( 19345, 12530, '18:21:00', '18:22:00', 20 );
INSERT INTO "times" VALUES ( 19345, 12540, '18:24:00', '18:31:00', 20 );
INSERT INTO "times" VALUES ( 19345, 12550, '18:33:00', '18:33:00', 20 );
INSERT INTO "times" VALUES ( 19345, 12560, '18:35:00', '18:35:00', 20 );
INSERT INTO "times" VALUES ( 19345, 12570, '18:36:00', '18:36:00', 20 );
INSERT INTO "times" VALUES ( 19345, 12580, '18:38:00', '18:38:00', 20 );
INSERT INTO "times" VALUES ( 19345, 12590, '18:39:00', '18:39:00', 20 );
INSERT INTO "times" VALUES ( 19345, 12600, '18:40:00', '18:40:00', 20 );
INSERT INTO "times" VALUES ( 19345, 12610, '18:42:00', '18:45:00', 20 );
INSERT INTO "times" VALUES ( 19345, 12620, '18:47:00', '18:47:00', 20 );
INSERT INTO "times" VALUES ( 19345, 12630, '18:48:00', '18:48:00', 20 );
INSERT INTO "times" VALUES ( 19345, 12640, '18:50:00', '18:50:00', 20 );
INSERT INTO "times" VALUES ( 19345, 12650, '18:52:00', '18:52:00', 20 );
INSERT INTO "times" VALUES ( 19345, 12660, '18:54:00', '18:56:00', 20 );
INSERT INTO "times" VALUES ( 19345, 12670, '18:59:00', '18:59:00', 20 );
INSERT INTO "times" VALUES ( 19345, 12680, '19:02:00', '19:02:00', 20 );
INSERT INTO "times" VALUES ( 19345, 12690, '19:03:00', '19:03:00', 20 );
INSERT INTO "times" VALUES ( 19345, 12700, '19:06:00', '19:06:00', 20 );
INSERT INTO "times" VALUES ( 19345, 12710, '19:08:00', '19:08:00', 20 );
INSERT INTO "times" VALUES ( 19345, 12720, '19:10:00', '19:10:00', 20 );
INSERT INTO "times" VALUES ( 19345, 12730, '19:12:00', '19:12:00', 20 );
INSERT INTO "times" VALUES ( 19345, 12740, '19:15:00', NULL, NULL );

INSERT INTO "dias" VALUES ( 19346, 100, FALSE, TRUE, 'R1803B', 12660, 11510 );
INSERT INTO "dias_line_groups" VALUES ( 19346, 10 );
INSERT INTO "times" VALUES ( 19346, 11510, '19:37:00', NULL, NULL );
INSERT INTO "times" VALUES ( 19346, 11520, '19:34:00', '19:34:00', 10 );
INSERT INTO "times" VALUES ( 19346, 11530, '19:33:00', '19:33:00', 10 );
INSERT INTO "times" VALUES ( 19346, 11540, '19:31:00', '19:31:00', 10 );
INSERT INTO "times" VALUES ( 19346, 12530, '19:30:00', '19:30:00', 10 );
INSERT INTO "times" VALUES ( 19346, 12540, '19:20:00', '19:27:00', 20 );
INSERT INTO "times" VALUES ( 19346, 12550, '19:18:00', '19:18:00', 20 );
INSERT INTO "times" VALUES ( 19346, 12560, '19:16:00', '19:16:00', 20 );
INSERT INTO "times" VALUES ( 19346, 12570, '19:14:00', '19:14:00', 20 );
INSERT INTO "times" VALUES ( 19346, 12580, '19:13:00', '19:13:00', 20 );
INSERT INTO "times" VALUES ( 19346, 12590, '19:12:00', '19:12:00', 20 );
INSERT INTO "times" VALUES ( 19346, 12600, '19:10:00', '19:10:00', 20 );
INSERT INTO "times" VALUES ( 19346, 12610, '19:06:00', '19:09:00', 20 );
INSERT INTO "times" VALUES ( 19346, 12620, '19:04:00', '19:04:00', 20 );
INSERT INTO "times" VALUES ( 19346, 12630, '19:02:00', '19:02:00', 20 );
INSERT INTO "times" VALUES ( 19346, 12640, '19:01:00', '19:01:00', 20 );
INSERT INTO "times" VALUES ( 19346, 12650, '18:59:00', '18:59:00', 20 );
INSERT INTO "times" VALUES ( 19346, 12660, NULL, '18:57:00', 20 );

INSERT INTO "dias" VALUES ( 19347, 100, FALSE, TRUE, 'R1804R', 11510, 12740 );
INSERT INTO "dias_line_groups" VALUES ( 19347, 10 );
INSERT INTO "times" VALUES ( 19347, 11510, NULL, '18:34:00', 10 );
INSERT INTO "times" VALUES ( 19347, 11520, '18:35:00', '18:35:00', 10 );
INSERT INTO "times" VALUES ( 19347, 11530, '18:37:00', '18:37:00', 10 );
INSERT INTO "times" VALUES ( 19347, 11540, '18:39:00', '18:39:00', 10 );
INSERT INTO "times" VALUES ( 19347, 12530, '18:41:00', '18:42:00', 20 );
INSERT INTO "times" VALUES ( 19347, 12540, '18:45:00', '18:51:00', 20 );
INSERT INTO "times" VALUES ( 19347, 12550, '18:53:00', '18:53:00', 20 );
INSERT INTO "times" VALUES ( 19347, 12560, '18:55:00', '18:55:00', 20 );
INSERT INTO "times" VALUES ( 19347, 12570, '18:56:00', '18:56:00', 20 );
INSERT INTO "times" VALUES ( 19347, 12580, '18:58:00', '18:58:00', 20 );
INSERT INTO "times" VALUES ( 19347, 12590, '18:59:00', '18:59:00', 20 );
INSERT INTO "times" VALUES ( 19347, 12600, '19:00:00', '19:00:00', 20 );
INSERT INTO "times" VALUES ( 19347, 12610, '19:02:00', '19:05:00', 20 );
INSERT INTO "times" VALUES ( 19347, 12620, '19:07:00', '19:07:00', 20 );
INSERT INTO "times" VALUES ( 19347, 12630, '19:08:00', '19:08:00', 20 );
INSERT INTO "times" VALUES ( 19347, 12640, '19:10:00', '19:10:00', 20 );
INSERT INTO "times" VALUES ( 19347, 12650, '19:12:00', '19:12:00', 20 );
INSERT INTO "times" VALUES ( 19347, 12660, '19:14:00', '19:15:00', 20 );
INSERT INTO "times" VALUES ( 19347, 12670, '19:18:00', '19:18:00', 20 );
INSERT INTO "times" VALUES ( 19347, 12680, '19:21:00', '19:21:00', 20 );
INSERT INTO "times" VALUES ( 19347, 12690, '19:23:00', '19:23:00', 20 );
INSERT INTO "times" VALUES ( 19347, 12700, '19:25:00', '19:25:00', 20 );
INSERT INTO "times" VALUES ( 19347, 12710, '19:28:00', '19:28:00', 20 );
INSERT INTO "times" VALUES ( 19347, 12720, '19:29:00', '19:29:00', 20 );
INSERT INTO "times" VALUES ( 19347, 12730, '19:32:00', '19:32:00', 20 );
INSERT INTO "times" VALUES ( 19347, 12740, '19:35:00', NULL, NULL );

INSERT INTO "dias" VALUES ( 19348, 100, FALSE, TRUE, 'R1806N', 11510, 12660 );
INSERT INTO "dias_line_groups" VALUES ( 19348, 10 );
INSERT INTO "times" VALUES ( 19348, 11510, NULL, '18:44:00', 10 );
INSERT INTO "times" VALUES ( 19348, 11520, '18:45:00', '18:45:00', 10 );
INSERT INTO "times" VALUES ( 19348, 11530, '18:47:00', '18:47:00', 10 );
INSERT INTO "times" VALUES ( 19348, 11540, '18:49:00', '18:49:00', 10 );
INSERT INTO "times" VALUES ( 19348, 12530, '18:51:00', '18:52:00', 20 );
INSERT INTO "times" VALUES ( 19348, 12540, '18:54:00', '19:01:00', 20 );
INSERT INTO "times" VALUES ( 19348, 12550, '19:03:00', '19:03:00', 20 );
INSERT INTO "times" VALUES ( 19348, 12560, '19:05:00', '19:05:00', 20 );
INSERT INTO "times" VALUES ( 19348, 12570, '19:06:00', '19:06:00', 20 );
INSERT INTO "times" VALUES ( 19348, 12580, '19:08:00', '19:08:00', 20 );
INSERT INTO "times" VALUES ( 19348, 12590, '19:09:00', '19:09:00', 20 );
INSERT INTO "times" VALUES ( 19348, 12600, '19:10:00', '19:10:00', 20 );
INSERT INTO "times" VALUES ( 19348, 12610, '19:12:00', '19:15:00', 20 );
INSERT INTO "times" VALUES ( 19348, 12620, '19:17:00', '19:17:00', 20 );
INSERT INTO "times" VALUES ( 19348, 12630, '19:18:00', '19:18:00', 20 );
INSERT INTO "times" VALUES ( 19348, 12640, '19:20:00', '19:20:00', 20 );
INSERT INTO "times" VALUES ( 19348, 12650, '19:22:00', '19:22:00', 20 );
INSERT INTO "times" VALUES ( 19348, 12660, '19:24:00', NULL, NULL );

INSERT INTO "dias" VALUES ( 19349, 100, FALSE, TRUE, 'R1900N', 11510, 12660 );
INSERT INTO "dias_line_groups" VALUES ( 19349, 10 );
INSERT INTO "times" VALUES ( 19349, 11510, NULL, '19:04:00', 10 );
INSERT INTO "times" VALUES ( 19349, 11520, '19:05:00', '19:05:00', 10 );
INSERT INTO "times" VALUES ( 19349, 11530, '19:07:00', '19:07:00', 10 );
INSERT INTO "times" VALUES ( 19349, 11540, '19:09:00', '19:09:00', 10 );
INSERT INTO "times" VALUES ( 19349, 12530, '19:11:00', '19:12:00', 20 );
INSERT INTO "times" VALUES ( 19349, 12540, '19:14:00', '19:21:00', 20 );
INSERT INTO "times" VALUES ( 19349, 12550, '19:23:00', '19:23:00', 20 );
INSERT INTO "times" VALUES ( 19349, 12560, '19:25:00', '19:25:00', 20 );
INSERT INTO "times" VALUES ( 19349, 12570, '19:26:00', '19:26:00', 20 );
INSERT INTO "times" VALUES ( 19349, 12580, '19:28:00', '19:28:00', 20 );
INSERT INTO "times" VALUES ( 19349, 12590, '19:29:00', '19:29:00', 20 );
INSERT INTO "times" VALUES ( 19349, 12600, '19:30:00', '19:30:00', 20 );
INSERT INTO "times" VALUES ( 19349, 12610, '19:32:00', '19:35:00', 20 );
INSERT INTO "times" VALUES ( 19349, 12620, '19:37:00', '19:37:00', 20 );
INSERT INTO "times" VALUES ( 19349, 12630, '19:38:00', '19:38:00', 20 );
INSERT INTO "times" VALUES ( 19349, 12640, '19:40:00', '19:40:00', 20 );
INSERT INTO "times" VALUES ( 19349, 12650, '19:42:00', '19:42:00', 20 );
INSERT INTO "times" VALUES ( 19349, 12660, '19:44:00', NULL, NULL );

INSERT INTO "dias" VALUES ( 19350, 100, FALSE, TRUE, 'R1901B', 12660, 11510 );
INSERT INTO "dias_line_groups" VALUES ( 19350, 10 );
INSERT INTO "times" VALUES ( 19350, 11510, '20:07:00', NULL, NULL );
INSERT INTO "times" VALUES ( 19350, 11520, '20:04:00', '20:04:00', 10 );
INSERT INTO "times" VALUES ( 19350, 11530, '20:03:00', '20:03:00', 10 );
INSERT INTO "times" VALUES ( 19350, 11540, '20:01:00', '20:01:00', 10 );
INSERT INTO "times" VALUES ( 19350, 12530, '20:00:00', '20:00:00', 10 );
INSERT INTO "times" VALUES ( 19350, 12540, '19:50:00', '19:57:00', 20 );
INSERT INTO "times" VALUES ( 19350, 12550, '19:48:00', '19:48:00', 20 );
INSERT INTO "times" VALUES ( 19350, 12560, '19:46:00', '19:46:00', 20 );
INSERT INTO "times" VALUES ( 19350, 12570, '19:44:00', '19:44:00', 20 );
INSERT INTO "times" VALUES ( 19350, 12580, '19:43:00', '19:43:00', 20 );
INSERT INTO "times" VALUES ( 19350, 12590, '19:42:00', '19:42:00', 20 );
INSERT INTO "times" VALUES ( 19350, 12600, '19:40:00', '19:40:00', 20 );
INSERT INTO "times" VALUES ( 19350, 12610, '19:36:00', '19:39:00', 20 );
INSERT INTO "times" VALUES ( 19350, 12620, '19:34:00', '19:34:00', 20 );
INSERT INTO "times" VALUES ( 19350, 12630, '19:32:00', '19:32:00', 20 );
INSERT INTO "times" VALUES ( 19350, 12640, '19:31:00', '19:31:00', 20 );
INSERT INTO "times" VALUES ( 19350, 12650, '19:29:00', '19:29:00', 20 );
INSERT INTO "times" VALUES ( 19350, 12660, NULL, '19:27:00', 20 );

INSERT INTO "dias" VALUES ( 19351, 100, FALSE, TRUE, 'R1902R', 11510, 12740 );
INSERT INTO "dias_line_groups" VALUES ( 19351, 10 );
INSERT INTO "times" VALUES ( 19351, 11510, NULL, '19:14:00', 10 );
INSERT INTO "times" VALUES ( 19351, 11520, '19:15:00', '19:15:00', 10 );
INSERT INTO "times" VALUES ( 19351, 11530, '19:17:00', '19:17:00', 10 );
INSERT INTO "times" VALUES ( 19351, 11540, '19:19:00', '19:19:00', 10 );
INSERT INTO "times" VALUES ( 19351, 12530, '19:21:00', '19:22:00', 20 );
INSERT INTO "times" VALUES ( 19351, 12540, '19:24:00', '19:31:00', 20 );
INSERT INTO "times" VALUES ( 19351, 12550, '19:33:00', '19:33:00', 20 );
INSERT INTO "times" VALUES ( 19351, 12560, '19:35:00', '19:35:00', 20 );
INSERT INTO "times" VALUES ( 19351, 12570, '19:36:00', '19:36:00', 20 );
INSERT INTO "times" VALUES ( 19351, 12580, '19:38:00', '19:38:00', 20 );
INSERT INTO "times" VALUES ( 19351, 12590, '19:39:00', '19:39:00', 20 );
INSERT INTO "times" VALUES ( 19351, 12600, '19:40:00', '19:40:00', 20 );
INSERT INTO "times" VALUES ( 19351, 12610, '19:42:00', '19:45:00', 20 );
INSERT INTO "times" VALUES ( 19351, 12620, '19:47:00', '19:47:00', 20 );
INSERT INTO "times" VALUES ( 19351, 12630, '19:48:00', '19:48:00', 20 );
INSERT INTO "times" VALUES ( 19351, 12640, '19:50:00', '19:50:00', 20 );
INSERT INTO "times" VALUES ( 19351, 12650, '19:52:00', '19:52:00', 20 );
INSERT INTO "times" VALUES ( 19351, 12660, '19:55:00', '19:55:00', 20 );
INSERT INTO "times" VALUES ( 19351, 12670, '19:58:00', '19:58:00', 20 );
INSERT INTO "times" VALUES ( 19351, 12680, '20:01:00', '20:01:00', 20 );
INSERT INTO "times" VALUES ( 19351, 12690, '20:02:00', '20:02:00', 20 );
INSERT INTO "times" VALUES ( 19351, 12700, '20:05:00', '20:05:00', 20 );
INSERT INTO "times" VALUES ( 19351, 12710, '20:07:00', '20:07:00', 20 );
INSERT INTO "times" VALUES ( 19351, 12720, '20:09:00', '20:09:00', 20 );
INSERT INTO "times" VALUES ( 19351, 12730, '20:11:00', '20:11:00', 20 );
INSERT INTO "times" VALUES ( 19351, 12740, '20:14:00', NULL, NULL );

INSERT INTO "dias" VALUES ( 19352, 100, FALSE, TRUE, 'R1903B', 12660, 11510 );
INSERT INTO "dias_line_groups" VALUES ( 19352, 10 );
INSERT INTO "times" VALUES ( 19352, 11510, '20:27:00', NULL, NULL );
INSERT INTO "times" VALUES ( 19352, 11520, '20:24:00', '20:24:00', 10 );
INSERT INTO "times" VALUES ( 19352, 11530, '20:23:00', '20:23:00', 10 );
INSERT INTO "times" VALUES ( 19352, 11540, '20:21:00', '20:21:00', 10 );
INSERT INTO "times" VALUES ( 19352, 12530, '20:20:00', '20:20:00', 10 );
INSERT INTO "times" VALUES ( 19352, 12540, '20:10:00', '20:17:00', 20 );
INSERT INTO "times" VALUES ( 19352, 12550, '20:08:00', '20:08:00', 20 );
INSERT INTO "times" VALUES ( 19352, 12560, '20:06:00', '20:06:00', 20 );
INSERT INTO "times" VALUES ( 19352, 12570, '20:04:00', '20:04:00', 20 );
INSERT INTO "times" VALUES ( 19352, 12580, '20:03:00', '20:03:00', 20 );
INSERT INTO "times" VALUES ( 19352, 12590, '20:02:00', '20:02:00', 20 );
INSERT INTO "times" VALUES ( 19352, 12600, '20:00:00', '20:00:00', 20 );
INSERT INTO "times" VALUES ( 19352, 12610, '19:56:00', '19:59:00', 20 );
INSERT INTO "times" VALUES ( 19352, 12620, '19:54:00', '19:54:00', 20 );
INSERT INTO "times" VALUES ( 19352, 12630, '19:52:00', '19:52:00', 20 );
INSERT INTO "times" VALUES ( 19352, 12640, '19:51:00', '19:51:00', 20 );
INSERT INTO "times" VALUES ( 19352, 12650, '19:49:00', '19:49:00', 20 );
INSERT INTO "times" VALUES ( 19352, 12660, NULL, '19:47:00', 20 );

INSERT INTO "dias" VALUES ( 19353, 100, FALSE, TRUE, 'R1904N', 11510, 12660 );
INSERT INTO "dias_line_groups" VALUES ( 19353, 10 );
INSERT INTO "times" VALUES ( 19353, 11510, NULL, '19:34:00', 10 );
INSERT INTO "times" VALUES ( 19353, 11520, '19:35:00', '19:35:00', 10 );
INSERT INTO "times" VALUES ( 19353, 11530, '19:37:00', '19:37:00', 10 );
INSERT INTO "times" VALUES ( 19353, 11540, '19:39:00', '19:39:00', 10 );
INSERT INTO "times" VALUES ( 19353, 12530, '19:41:00', '19:42:00', 20 );
INSERT INTO "times" VALUES ( 19353, 12540, '19:44:00', '19:51:00', 20 );
INSERT INTO "times" VALUES ( 19353, 12550, '19:53:00', '19:53:00', 20 );
INSERT INTO "times" VALUES ( 19353, 12560, '19:54:00', '19:54:00', 20 );
INSERT INTO "times" VALUES ( 19353, 12570, '19:56:00', '19:56:00', 20 );
INSERT INTO "times" VALUES ( 19353, 12580, '19:57:00', '19:57:00', 20 );
INSERT INTO "times" VALUES ( 19353, 12590, '19:59:00', '19:59:00', 20 );
INSERT INTO "times" VALUES ( 19353, 12600, '20:00:00', '20:00:00', 20 );
INSERT INTO "times" VALUES ( 19353, 12610, '20:02:00', '20:05:00', 20 );
INSERT INTO "times" VALUES ( 19353, 12620, '20:07:00', '20:07:00', 20 );
INSERT INTO "times" VALUES ( 19353, 12630, '20:08:00', '20:08:00', 20 );
INSERT INTO "times" VALUES ( 19353, 12640, '20:10:00', '20:10:00', 20 );
INSERT INTO "times" VALUES ( 19353, 12650, '20:12:00', '20:12:00', 20 );
INSERT INTO "times" VALUES ( 19353, 12660, '20:14:00', NULL, NULL );

INSERT INTO "dias" VALUES ( 19354, 100, FALSE, TRUE, 'R1906R', 11510, 12740 );
INSERT INTO "dias_line_groups" VALUES ( 19354, 10 );
INSERT INTO "times" VALUES ( 19354, 11510, NULL, '19:54:00', 10 );
INSERT INTO "times" VALUES ( 19354, 11520, '19:55:00', '19:55:00', 10 );
INSERT INTO "times" VALUES ( 19354, 11530, '19:57:00', '19:57:00', 10 );
INSERT INTO "times" VALUES ( 19354, 11540, '19:59:00', '19:59:00', 10 );
INSERT INTO "times" VALUES ( 19354, 12530, '20:01:00', '20:02:00', 20 );
INSERT INTO "times" VALUES ( 19354, 12540, '20:04:00', '20:10:00', 20 );
INSERT INTO "times" VALUES ( 19354, 12550, '20:13:00', '20:13:00', 20 );
INSERT INTO "times" VALUES ( 19354, 12560, '20:14:00', '20:14:00', 20 );
INSERT INTO "times" VALUES ( 19354, 12570, '20:16:00', '20:16:00', 20 );
INSERT INTO "times" VALUES ( 19354, 12580, '20:17:00', '20:17:00', 20 );
INSERT INTO "times" VALUES ( 19354, 12590, '20:19:00', '20:19:00', 20 );
INSERT INTO "times" VALUES ( 19354, 12600, '20:20:00', '20:20:00', 20 );
INSERT INTO "times" VALUES ( 19354, 12610, '20:22:00', '20:25:00', 20 );
INSERT INTO "times" VALUES ( 19354, 12620, '20:27:00', '20:27:00', 20 );
INSERT INTO "times" VALUES ( 19354, 12630, '20:28:00', '20:28:00', 20 );
INSERT INTO "times" VALUES ( 19354, 12640, '20:30:00', '20:30:00', 20 );
INSERT INTO "times" VALUES ( 19354, 12650, '20:32:00', '20:32:00', 20 );
INSERT INTO "times" VALUES ( 19354, 12660, '20:34:00', '20:35:00', 20 );
INSERT INTO "times" VALUES ( 19354, 12670, '20:38:00', '20:38:00', 20 );
INSERT INTO "times" VALUES ( 19354, 12680, '20:41:00', '20:41:00', 20 );
INSERT INTO "times" VALUES ( 19354, 12690, '20:43:00', '20:43:00', 20 );
INSERT INTO "times" VALUES ( 19354, 12700, '20:45:00', '20:45:00', 20 );
INSERT INTO "times" VALUES ( 19354, 12710, '20:48:00', '20:48:00', 20 );
INSERT INTO "times" VALUES ( 19354, 12720, '20:50:00', '20:50:00', 20 );
INSERT INTO "times" VALUES ( 19354, 12730, '20:52:00', '20:52:00', 20 );
INSERT INTO "times" VALUES ( 19354, 12740, '20:55:00', NULL, NULL );

INSERT INTO "dias" VALUES ( 19355, 100, FALSE, TRUE, 'R2000N', 11510, 12660 );
INSERT INTO "dias_line_groups" VALUES ( 19355, 10 );
INSERT INTO "times" VALUES ( 19355, 11510, NULL, '20:04:00', 10 );
INSERT INTO "times" VALUES ( 19355, 11520, '20:05:00', '20:05:00', 10 );
INSERT INTO "times" VALUES ( 19355, 11530, '20:07:00', '20:07:00', 10 );
INSERT INTO "times" VALUES ( 19355, 11540, '20:09:00', '20:09:00', 10 );
INSERT INTO "times" VALUES ( 19355, 12530, '20:11:00', '20:12:00', 20 );
INSERT INTO "times" VALUES ( 19355, 12540, '20:14:00', '20:20:00', 20 );
INSERT INTO "times" VALUES ( 19355, 12550, '20:23:00', '20:23:00', 20 );
INSERT INTO "times" VALUES ( 19355, 12560, '20:24:00', '20:24:00', 20 );
INSERT INTO "times" VALUES ( 19355, 12570, '20:26:00', '20:26:00', 20 );
INSERT INTO "times" VALUES ( 19355, 12580, '20:27:00', '20:27:00', 20 );
INSERT INTO "times" VALUES ( 19355, 12590, '20:29:00', '20:29:00', 20 );
INSERT INTO "times" VALUES ( 19355, 12600, '20:30:00', '20:30:00', 20 );
INSERT INTO "times" VALUES ( 19355, 12610, '20:32:00', '20:35:00', 20 );
INSERT INTO "times" VALUES ( 19355, 12620, '20:37:00', '20:37:00', 20 );
INSERT INTO "times" VALUES ( 19355, 12630, '20:38:00', '20:38:00', 20 );
INSERT INTO "times" VALUES ( 19355, 12640, '20:40:00', '20:40:00', 20 );
INSERT INTO "times" VALUES ( 19355, 12650, '20:42:00', '20:42:00', 20 );
INSERT INTO "times" VALUES ( 19355, 12660, '20:44:00', NULL, NULL );

INSERT INTO "dias" VALUES ( 19356, 100, FALSE, TRUE, 'R2001B', 12660, 11510 );
INSERT INTO "dias_line_groups" VALUES ( 19356, 10 );
INSERT INTO "times" VALUES ( 19356, 11510, '20:47:00', NULL, NULL );
INSERT INTO "times" VALUES ( 19356, 11520, '20:44:00', '20:44:00', 10 );
INSERT INTO "times" VALUES ( 19356, 11530, '20:43:00', '20:43:00', 10 );
INSERT INTO "times" VALUES ( 19356, 11540, '20:41:00', '20:41:00', 10 );
INSERT INTO "times" VALUES ( 19356, 12530, '20:40:00', '20:40:00', 10 );
INSERT INTO "times" VALUES ( 19356, 12540, '20:30:00', '20:37:00', 20 );
INSERT INTO "times" VALUES ( 19356, 12550, '20:28:00', '20:28:00', 20 );
INSERT INTO "times" VALUES ( 19356, 12560, '20:26:00', '20:26:00', 20 );
INSERT INTO "times" VALUES ( 19356, 12570, '20:24:00', '20:24:00', 20 );
INSERT INTO "times" VALUES ( 19356, 12580, '20:23:00', '20:23:00', 20 );
INSERT INTO "times" VALUES ( 19356, 12590, '20:22:00', '20:22:00', 20 );
INSERT INTO "times" VALUES ( 19356, 12600, '20:20:00', '20:20:00', 20 );
INSERT INTO "times" VALUES ( 19356, 12610, '20:16:00', '20:19:00', 20 );
INSERT INTO "times" VALUES ( 19356, 12620, '20:14:00', '20:14:00', 20 );
INSERT INTO "times" VALUES ( 19356, 12630, '20:12:00', '20:12:00', 20 );
INSERT INTO "times" VALUES ( 19356, 12640, '20:11:00', '20:11:00', 20 );
INSERT INTO "times" VALUES ( 19356, 12650, '20:09:00', '20:09:00', 20 );
INSERT INTO "times" VALUES ( 19356, 12660, NULL, '20:07:00', 20 );

INSERT INTO "dias" VALUES ( 19357, 100, FALSE, TRUE, 'R2002N', 11510, 12660 );
INSERT INTO "dias_line_groups" VALUES ( 19357, 10 );
INSERT INTO "times" VALUES ( 19357, 11510, NULL, '20:24:00', 10 );
INSERT INTO "times" VALUES ( 19357, 11520, '20:25:00', '20:25:00', 10 );
INSERT INTO "times" VALUES ( 19357, 11530, '20:27:00', '20:27:00', 10 );
INSERT INTO "times" VALUES ( 19357, 11540, '20:29:00', '20:29:00', 10 );
INSERT INTO "times" VALUES ( 19357, 12530, '20:31:00', '20:32:00', 20 );
INSERT INTO "times" VALUES ( 19357, 12540, '20:34:00', '20:40:00', 20 );
INSERT INTO "times" VALUES ( 19357, 12550, '20:43:00', '20:43:00', 20 );
INSERT INTO "times" VALUES ( 19357, 12560, '20:44:00', '20:44:00', 20 );
INSERT INTO "times" VALUES ( 19357, 12570, '20:46:00', '20:46:00', 20 );
INSERT INTO "times" VALUES ( 19357, 12580, '20:47:00', '20:47:00', 20 );
INSERT INTO "times" VALUES ( 19357, 12590, '20:49:00', '20:49:00', 20 );
INSERT INTO "times" VALUES ( 19357, 12600, '20:50:00', '20:50:00', 20 );
INSERT INTO "times" VALUES ( 19357, 12610, '20:52:00', '20:55:00', 20 );
INSERT INTO "times" VALUES ( 19357, 12620, '20:56:00', '20:56:00', 20 );
INSERT INTO "times" VALUES ( 19357, 12630, '20:58:00', '20:58:00', 20 );
INSERT INTO "times" VALUES ( 19357, 12640, '20:59:00', '20:59:00', 20 );
INSERT INTO "times" VALUES ( 19357, 12650, '21:01:00', '21:01:00', 20 );
INSERT INTO "times" VALUES ( 19357, 12660, '21:03:00', NULL, NULL );

INSERT INTO "dias" VALUES ( 19358, 100, FALSE, TRUE, 'R2003B', 12660, 11510 );
INSERT INTO "dias_line_groups" VALUES ( 19358, 10 );
INSERT INTO "times" VALUES ( 19358, 11510, '20:57:00', NULL, NULL );
INSERT INTO "times" VALUES ( 19358, 11520, '20:54:00', '20:54:00', 10 );
INSERT INTO "times" VALUES ( 19358, 11530, '20:53:00', '20:53:00', 10 );
INSERT INTO "times" VALUES ( 19358, 11540, '20:51:00', '20:51:00', 10 );
INSERT INTO "times" VALUES ( 19358, 12530, '20:50:00', '20:50:00', 10 );
INSERT INTO "times" VALUES ( 19358, 12540, '20:40:00', '20:47:00', 20 );
INSERT INTO "times" VALUES ( 19358, 12550, '20:37:00', '20:37:00', 20 );
INSERT INTO "times" VALUES ( 19358, 12560, '20:36:00', '20:36:00', 20 );
INSERT INTO "times" VALUES ( 19358, 12570, '20:34:00', '20:34:00', 20 );
INSERT INTO "times" VALUES ( 19358, 12580, '20:33:00', '20:33:00', 20 );
INSERT INTO "times" VALUES ( 19358, 12590, '20:31:00', '20:31:00', 20 );
INSERT INTO "times" VALUES ( 19358, 12600, '20:30:00', '20:30:00', 20 );
INSERT INTO "times" VALUES ( 19358, 12610, '20:26:00', '20:29:00', 20 );
INSERT INTO "times" VALUES ( 19358, 12620, '20:24:00', '20:24:00', 20 );
INSERT INTO "times" VALUES ( 19358, 12630, '20:22:00', '20:22:00', 20 );
INSERT INTO "times" VALUES ( 19358, 12640, '20:21:00', '20:21:00', 20 );
INSERT INTO "times" VALUES ( 19358, 12650, '20:19:00', '20:19:00', 20 );
INSERT INTO "times" VALUES ( 19358, 12660, NULL, '20:17:00', 20 );

INSERT INTO "dias" VALUES ( 19359, 100, FALSE, TRUE, 'R2004N', 11510, 12660 );
INSERT INTO "dias_line_groups" VALUES ( 19359, 10 );
INSERT INTO "times" VALUES ( 19359, 11510, NULL, '20:44:00', 10 );
INSERT INTO "times" VALUES ( 19359, 11520, '20:45:00', '20:45:00', 10 );
INSERT INTO "times" VALUES ( 19359, 11530, '20:47:00', '20:47:00', 10 );
INSERT INTO "times" VALUES ( 19359, 11540, '20:49:00', '20:49:00', 10 );
INSERT INTO "times" VALUES ( 19359, 12530, '20:51:00', '20:52:00', 20 );
INSERT INTO "times" VALUES ( 19359, 12540, '20:54:00', '21:01:00', 20 );
INSERT INTO "times" VALUES ( 19359, 12550, '21:03:00', '21:03:00', 20 );
INSERT INTO "times" VALUES ( 19359, 12560, '21:05:00', '21:05:00', 20 );
INSERT INTO "times" VALUES ( 19359, 12570, '21:07:00', '21:07:00', 20 );
INSERT INTO "times" VALUES ( 19359, 12580, '21:08:00', '21:08:00', 20 );
INSERT INTO "times" VALUES ( 19359, 12590, '21:10:00', '21:10:00', 20 );
INSERT INTO "times" VALUES ( 19359, 12600, '21:11:00', '21:11:00', 20 );
INSERT INTO "times" VALUES ( 19359, 12610, '21:13:00', '21:17:00', 20 );
INSERT INTO "times" VALUES ( 19359, 12620, '21:18:00', '21:18:00', 20 );
INSERT INTO "times" VALUES ( 19359, 12630, '21:20:00', '21:20:00', 20 );
INSERT INTO "times" VALUES ( 19359, 12640, '21:21:00', '21:21:00', 20 );
INSERT INTO "times" VALUES ( 19359, 12650, '21:23:00', '21:23:00', 20 );
INSERT INTO "times" VALUES ( 19359, 12660, '21:25:00', NULL, NULL );

INSERT INTO "dias" VALUES ( 19360, 100, FALSE, TRUE, 'R2005B', 12660, 11510 );
INSERT INTO "dias_line_groups" VALUES ( 19360, 10 );
INSERT INTO "times" VALUES ( 19360, 11510, '21:14:00', NULL, NULL );
INSERT INTO "times" VALUES ( 19360, 11520, '21:12:00', '21:12:00', 10 );
INSERT INTO "times" VALUES ( 19360, 11530, '21:10:00', '21:10:00', 10 );
INSERT INTO "times" VALUES ( 19360, 11540, '21:09:00', '21:09:00', 10 );
INSERT INTO "times" VALUES ( 19360, 12530, '21:07:00', '21:07:00', 10 );
INSERT INTO "times" VALUES ( 19360, 12540, '21:00:00', '21:04:00', 20 );
INSERT INTO "times" VALUES ( 19360, 12550, '20:57:00', '20:57:00', 20 );
INSERT INTO "times" VALUES ( 19360, 12560, '20:56:00', '20:56:00', 20 );
INSERT INTO "times" VALUES ( 19360, 12570, '20:54:00', '20:54:00', 20 );
INSERT INTO "times" VALUES ( 19360, 12580, '20:52:00', '20:52:00', 20 );
INSERT INTO "times" VALUES ( 19360, 12590, '20:51:00', '20:51:00', 20 );
INSERT INTO "times" VALUES ( 19360, 12600, '20:50:00', '20:50:00', 20 );
INSERT INTO "times" VALUES ( 19360, 12610, '20:46:00', '20:49:00', 20 );
INSERT INTO "times" VALUES ( 19360, 12620, '20:44:00', '20:44:00', 20 );
INSERT INTO "times" VALUES ( 19360, 12630, '20:42:00', '20:42:00', 20 );
INSERT INTO "times" VALUES ( 19360, 12640, '20:41:00', '20:41:00', 20 );
INSERT INTO "times" VALUES ( 19360, 12650, '20:39:00', '20:39:00', 20 );
INSERT INTO "times" VALUES ( 19360, 12660, NULL, '20:37:00', 20 );

INSERT INTO "dias" VALUES ( 19361, 100, FALSE, TRUE, 'R2007B', 12660, 11510 );
INSERT INTO "dias_line_groups" VALUES ( 19361, 10 );
INSERT INTO "times" VALUES ( 19361, 11510, '21:33:00', NULL, NULL );
INSERT INTO "times" VALUES ( 19361, 11520, '21:31:00', '21:31:00', 10 );
INSERT INTO "times" VALUES ( 19361, 11530, '21:29:00', '21:29:00', 10 );
INSERT INTO "times" VALUES ( 19361, 11540, '21:27:00', '21:27:00', 10 );
INSERT INTO "times" VALUES ( 19361, 12530, '21:26:00', '21:26:00', 10 );
INSERT INTO "times" VALUES ( 19361, 12540, '21:18:00', '21:23:00', 20 );
INSERT INTO "times" VALUES ( 19361, 12550, '21:15:00', '21:15:00', 20 );
INSERT INTO "times" VALUES ( 19361, 12560, '21:14:00', '21:14:00', 20 );
INSERT INTO "times" VALUES ( 19361, 12570, '21:12:00', '21:12:00', 20 );
INSERT INTO "times" VALUES ( 19361, 12580, '21:11:00', '21:11:00', 20 );
INSERT INTO "times" VALUES ( 19361, 12590, '21:09:00', '21:09:00', 20 );
INSERT INTO "times" VALUES ( 19361, 12600, '21:08:00', '21:08:00', 20 );
INSERT INTO "times" VALUES ( 19361, 12610, '21:03:00', '21:07:00', 20 );
INSERT INTO "times" VALUES ( 19361, 12620, '21:01:00', '21:01:00', 20 );
INSERT INTO "times" VALUES ( 19361, 12630, '20:59:00', '20:59:00', 20 );
INSERT INTO "times" VALUES ( 19361, 12640, '20:58:00', '20:58:00', 20 );
INSERT INTO "times" VALUES ( 19361, 12650, '20:56:00', '20:56:00', 20 );
INSERT INTO "times" VALUES ( 19361, 12660, NULL, '20:54:00', 20 );

INSERT INTO "dias" VALUES ( 19362, 100, FALSE, TRUE, 'R2100N', 11510, 12660 );
INSERT INTO "dias_line_groups" VALUES ( 19362, 10 );
INSERT INTO "times" VALUES ( 19362, 11510, NULL, '21:07:00', 10 );
INSERT INTO "times" VALUES ( 19362, 11520, '21:08:00', '21:08:00', 10 );
INSERT INTO "times" VALUES ( 19362, 11530, '21:10:00', '21:10:00', 10 );
INSERT INTO "times" VALUES ( 19362, 11540, '21:12:00', '21:12:00', 10 );
INSERT INTO "times" VALUES ( 19362, 12530, '21:14:00', '21:14:00', 20 );
INSERT INTO "times" VALUES ( 19362, 12540, '21:17:00', '21:21:00', 20 );
INSERT INTO "times" VALUES ( 19362, 12550, '21:23:00', '21:23:00', 20 );
INSERT INTO "times" VALUES ( 19362, 12560, '21:25:00', '21:25:00', 20 );
INSERT INTO "times" VALUES ( 19362, 12570, '21:26:00', '21:26:00', 20 );
INSERT INTO "times" VALUES ( 19362, 12580, '21:28:00', '21:28:00', 20 );
INSERT INTO "times" VALUES ( 19362, 12590, '21:30:00', '21:30:00', 20 );
INSERT INTO "times" VALUES ( 19362, 12600, '21:31:00', '21:31:00', 20 );
INSERT INTO "times" VALUES ( 19362, 12610, '21:33:00', '21:37:00', 20 );
INSERT INTO "times" VALUES ( 19362, 12620, '21:38:00', '21:38:00', 20 );
INSERT INTO "times" VALUES ( 19362, 12630, '21:40:00', '21:40:00', 20 );
INSERT INTO "times" VALUES ( 19362, 12640, '21:41:00', '21:41:00', 20 );
INSERT INTO "times" VALUES ( 19362, 12650, '21:43:00', '21:43:00', 20 );
INSERT INTO "times" VALUES ( 19362, 12660, '21:45:00', NULL, NULL );

INSERT INTO "dias" VALUES ( 19363, 100, FALSE, TRUE, 'R2101B', 12660, 11510 );
INSERT INTO "dias_line_groups" VALUES ( 19363, 10 );
INSERT INTO "times" VALUES ( 19363, 11510, '21:53:00', NULL, NULL );
INSERT INTO "times" VALUES ( 19363, 11520, '21:51:00', '21:51:00', 10 );
INSERT INTO "times" VALUES ( 19363, 11530, '21:49:00', '21:49:00', 10 );
INSERT INTO "times" VALUES ( 19363, 11540, '21:47:00', '21:47:00', 10 );
INSERT INTO "times" VALUES ( 19363, 12530, '21:46:00', '21:46:00', 10 );
INSERT INTO "times" VALUES ( 19363, 12540, '21:38:00', '21:43:00', 20 );
INSERT INTO "times" VALUES ( 19363, 12550, '21:35:00', '21:35:00', 20 );
INSERT INTO "times" VALUES ( 19363, 12560, '21:34:00', '21:34:00', 20 );
INSERT INTO "times" VALUES ( 19363, 12570, '21:32:00', '21:32:00', 20 );
INSERT INTO "times" VALUES ( 19363, 12580, '21:31:00', '21:31:00', 20 );
INSERT INTO "times" VALUES ( 19363, 12590, '21:29:00', '21:29:00', 20 );
INSERT INTO "times" VALUES ( 19363, 12600, '21:28:00', '21:28:00', 20 );
INSERT INTO "times" VALUES ( 19363, 12610, '21:23:00', '21:27:00', 20 );
INSERT INTO "times" VALUES ( 19363, 12620, '21:21:00', '21:21:00', 20 );
INSERT INTO "times" VALUES ( 19363, 12630, '21:19:00', '21:19:00', 20 );
INSERT INTO "times" VALUES ( 19363, 12640, '21:18:00', '21:18:00', 20 );
INSERT INTO "times" VALUES ( 19363, 12650, '21:16:00', '21:16:00', 20 );
INSERT INTO "times" VALUES ( 19363, 12660, NULL, '21:14:00', 20 );

INSERT INTO "dias" VALUES ( 19364, 100, FALSE, TRUE, 'R2102N', 11510, 12660 );
INSERT INTO "dias_line_groups" VALUES ( 19364, 10 );
INSERT INTO "times" VALUES ( 19364, 11510, NULL, '21:27:00', 10 );
INSERT INTO "times" VALUES ( 19364, 11520, '21:29:00', '21:29:00', 10 );
INSERT INTO "times" VALUES ( 19364, 11530, '21:30:00', '21:30:00', 10 );
INSERT INTO "times" VALUES ( 19364, 11540, '21:32:00', '21:32:00', 10 );
INSERT INTO "times" VALUES ( 19364, 12530, '21:34:00', '21:34:00', 20 );
INSERT INTO "times" VALUES ( 19364, 12540, '21:37:00', '21:41:00', 20 );
INSERT INTO "times" VALUES ( 19364, 12550, '21:43:00', '21:43:00', 20 );
INSERT INTO "times" VALUES ( 19364, 12560, '21:45:00', '21:45:00', 20 );
INSERT INTO "times" VALUES ( 19364, 12570, '21:46:00', '21:46:00', 20 );
INSERT INTO "times" VALUES ( 19364, 12580, '21:48:00', '21:48:00', 20 );
INSERT INTO "times" VALUES ( 19364, 12590, '21:50:00', '21:50:00', 20 );
INSERT INTO "times" VALUES ( 19364, 12600, '21:51:00', '21:51:00', 20 );
INSERT INTO "times" VALUES ( 19364, 12610, '21:53:00', '21:56:00', 20 );
INSERT INTO "times" VALUES ( 19364, 12620, '21:58:00', '21:58:00', 20 );
INSERT INTO "times" VALUES ( 19364, 12630, '21:59:00', '21:59:00', 20 );
INSERT INTO "times" VALUES ( 19364, 12640, '22:01:00', '22:01:00', 20 );
INSERT INTO "times" VALUES ( 19364, 12650, '22:03:00', '22:03:00', 20 );
INSERT INTO "times" VALUES ( 19364, 12660, '22:05:00', NULL, NULL );

INSERT INTO "dias" VALUES ( 19365, 100, FALSE, TRUE, 'R2103A', 12660, 12510 );
INSERT INTO "dias_line_groups" VALUES ( 19365, 10 );
INSERT INTO "times" VALUES ( 19365, 12510, '22:05:00', NULL, NULL );
INSERT INTO "times" VALUES ( 19365, 12520, '22:03:00', '22:03:00', 20 );
INSERT INTO "times" VALUES ( 19365, 12530, '22:01:00', '22:01:00', 20 );
INSERT INTO "times" VALUES ( 19365, 12540, '21:57:00', '21:58:00', 20 );
INSERT INTO "times" VALUES ( 19365, 12550, '21:54:00', '21:54:00', 20 );
INSERT INTO "times" VALUES ( 19365, 12560, '21:53:00', '21:53:00', 20 );
INSERT INTO "times" VALUES ( 19365, 12570, '21:51:00', '21:51:00', 20 );
INSERT INTO "times" VALUES ( 19365, 12580, '21:50:00', '21:50:00', 20 );
INSERT INTO "times" VALUES ( 19365, 12590, '21:48:00', '21:48:00', 20 );
INSERT INTO "times" VALUES ( 19365, 12600, '21:47:00', '21:47:00', 20 );
INSERT INTO "times" VALUES ( 19365, 12610, '21:42:00', '21:46:00', 20 );
INSERT INTO "times" VALUES ( 19365, 12620, '21:40:00', '21:40:00', 20 );
INSERT INTO "times" VALUES ( 19365, 12630, '21:38:00', '21:38:00', 20 );
INSERT INTO "times" VALUES ( 19365, 12640, '21:37:00', '21:37:00', 20 );
INSERT INTO "times" VALUES ( 19365, 12650, '21:35:00', '21:35:00', 20 );
INSERT INTO "times" VALUES ( 19365, 12660, NULL, '21:33:00', 20 );

INSERT INTO "dias" VALUES ( 19366, 100, FALSE, TRUE, 'R2104N', 11510, 12660 );
INSERT INTO "dias_line_groups" VALUES ( 19366, 10 );
INSERT INTO "times" VALUES ( 19366, 11510, NULL, '21:47:00', 10 );
INSERT INTO "times" VALUES ( 19366, 11520, '21:49:00', '21:49:00', 10 );
INSERT INTO "times" VALUES ( 19366, 11530, '21:50:00', '21:50:00', 10 );
INSERT INTO "times" VALUES ( 19366, 11540, '21:52:00', '21:52:00', 10 );
INSERT INTO "times" VALUES ( 19366, 12530, '21:54:00', '21:54:00', 20 );
INSERT INTO "times" VALUES ( 19366, 12540, '21:57:00', '22:01:00', 20 );
INSERT INTO "times" VALUES ( 19366, 12550, '22:03:00', '22:03:00', 20 );
INSERT INTO "times" VALUES ( 19366, 12560, '22:05:00', '22:05:00', 20 );
INSERT INTO "times" VALUES ( 19366, 12570, '22:06:00', '22:06:00', 20 );
INSERT INTO "times" VALUES ( 19366, 12580, '22:08:00', '22:08:00', 20 );
INSERT INTO "times" VALUES ( 19366, 12590, '22:10:00', '22:10:00', 20 );
INSERT INTO "times" VALUES ( 19366, 12600, '22:11:00', '22:11:00', 20 );
INSERT INTO "times" VALUES ( 19366, 12610, '22:13:00', '22:16:00', 20 );
INSERT INTO "times" VALUES ( 19366, 12620, '22:17:00', '22:17:00', 20 );
INSERT INTO "times" VALUES ( 19366, 12630, '22:19:00', '22:19:00', 20 );
INSERT INTO "times" VALUES ( 19366, 12640, '22:20:00', '22:20:00', 20 );
INSERT INTO "times" VALUES ( 19366, 12650, '22:22:00', '22:22:00', 20 );
INSERT INTO "times" VALUES ( 19366, 12660, '22:24:00', NULL, NULL );

INSERT INTO "dias" VALUES ( 19367, 100, FALSE, TRUE, 'R2105A', 12660, 12510 );
INSERT INTO "dias_line_groups" VALUES ( 19367, 10 );
INSERT INTO "times" VALUES ( 19367, 12510, '22:25:00', NULL, NULL );
INSERT INTO "times" VALUES ( 19367, 12520, '22:23:00', '22:23:00', 20 );
INSERT INTO "times" VALUES ( 19367, 12530, '22:21:00', '22:21:00', 20 );
INSERT INTO "times" VALUES ( 19367, 12540, '22:17:00', '22:18:00', 20 );
INSERT INTO "times" VALUES ( 19367, 12550, '22:14:00', '22:14:00', 20 );
INSERT INTO "times" VALUES ( 19367, 12560, '22:13:00', '22:13:00', 20 );
INSERT INTO "times" VALUES ( 19367, 12570, '22:11:00', '22:11:00', 20 );
INSERT INTO "times" VALUES ( 19367, 12580, '22:09:00', '22:09:00', 20 );
INSERT INTO "times" VALUES ( 19367, 12590, '22:08:00', '22:08:00', 20 );
INSERT INTO "times" VALUES ( 19367, 12600, '22:07:00', '22:07:00', 20 );
INSERT INTO "times" VALUES ( 19367, 12610, '22:02:00', '22:06:00', 20 );
INSERT INTO "times" VALUES ( 19367, 12620, '22:00:00', '22:00:00', 20 );
INSERT INTO "times" VALUES ( 19367, 12630, '21:58:00', '21:58:00', 20 );
INSERT INTO "times" VALUES ( 19367, 12640, '21:57:00', '21:57:00', 20 );
INSERT INTO "times" VALUES ( 19367, 12650, '21:55:00', '21:55:00', 20 );
INSERT INTO "times" VALUES ( 19367, 12660, NULL, '21:53:00', 20 );

INSERT INTO "dias" VALUES ( 19368, 100, FALSE, TRUE, 'R2200N', 11510, 12660 );
INSERT INTO "dias_line_groups" VALUES ( 19368, 10 );
INSERT INTO "times" VALUES ( 19368, 11510, NULL, '22:12:00', 10 );
INSERT INTO "times" VALUES ( 19368, 11520, '22:13:00', '22:13:00', 10 );
INSERT INTO "times" VALUES ( 19368, 11530, '22:15:00', '22:15:00', 10 );
INSERT INTO "times" VALUES ( 19368, 11540, '22:17:00', '22:17:00', 10 );
INSERT INTO "times" VALUES ( 19368, 12530, '22:19:00', '22:19:00', 20 );
INSERT INTO "times" VALUES ( 19368, 12540, '22:22:00', '22:22:00', 20 );
INSERT INTO "times" VALUES ( 19368, 12550, '22:24:00', '22:24:00', 20 );
INSERT INTO "times" VALUES ( 19368, 12560, '22:26:00', '22:26:00', 20 );
INSERT INTO "times" VALUES ( 19368, 12570, '22:27:00', '22:27:00', 20 );
INSERT INTO "times" VALUES ( 19368, 12580, '22:29:00', '22:29:00', 20 );
INSERT INTO "times" VALUES ( 19368, 12590, '22:30:00', '22:30:00', 20 );
INSERT INTO "times" VALUES ( 19368, 12600, '22:31:00', '22:31:00', 20 );
INSERT INTO "times" VALUES ( 19368, 12610, '22:33:00', '22:36:00', 20 );
INSERT INTO "times" VALUES ( 19368, 12620, '22:37:00', '22:37:00', 20 );
INSERT INTO "times" VALUES ( 19368, 12630, '22:39:00', '22:39:00', 20 );
INSERT INTO "times" VALUES ( 19368, 12640, '22:40:00', '22:40:00', 20 );
INSERT INTO "times" VALUES ( 19368, 12650, '22:42:00', '22:42:00', 20 );
INSERT INTO "times" VALUES ( 19368, 12660, '22:44:00', NULL, NULL );

INSERT INTO "dias" VALUES ( 19369, 100, FALSE, TRUE, 'R2201B', 12660, 11510 );
INSERT INTO "dias_line_groups" VALUES ( 19369, 10 );
INSERT INTO "times" VALUES ( 19369, 11510, '22:48:00', NULL, NULL );
INSERT INTO "times" VALUES ( 19369, 11520, '22:45:00', '22:45:00', 10 );
INSERT INTO "times" VALUES ( 19369, 11530, '22:44:00', '22:44:00', 10 );
INSERT INTO "times" VALUES ( 19369, 11540, '22:42:00', '22:42:00', 10 );
INSERT INTO "times" VALUES ( 19369, 12530, '22:40:00', '22:40:00', 10 );
INSERT INTO "times" VALUES ( 19369, 12540, '22:38:00', '22:38:00', 20 );
INSERT INTO "times" VALUES ( 19369, 12550, '22:34:00', '22:34:00', 20 );
INSERT INTO "times" VALUES ( 19369, 12560, '22:33:00', '22:33:00', 20 );
INSERT INTO "times" VALUES ( 19369, 12570, '22:31:00', '22:31:00', 20 );
INSERT INTO "times" VALUES ( 19369, 12580, '22:30:00', '22:30:00', 20 );
INSERT INTO "times" VALUES ( 19369, 12590, '22:28:00', '22:28:00', 20 );
INSERT INTO "times" VALUES ( 19369, 12600, '22:27:00', '22:27:00', 20 );
INSERT INTO "times" VALUES ( 19369, 12610, '22:23:00', '22:26:00', 20 );
INSERT INTO "times" VALUES ( 19369, 12620, '22:20:00', '22:20:00', 20 );
INSERT INTO "times" VALUES ( 19369, 12630, '22:19:00', '22:19:00', 20 );
INSERT INTO "times" VALUES ( 19369, 12640, '22:17:00', '22:17:00', 20 );
INSERT INTO "times" VALUES ( 19369, 12650, '22:15:00', '22:15:00', 20 );
INSERT INTO "times" VALUES ( 19369, 12660, NULL, '22:14:00', 20 );

INSERT INTO "dias" VALUES ( 19370, 100, FALSE, TRUE, 'R2202N', 12510, 12660 );
INSERT INTO "dias_line_groups" VALUES ( 19370, 10 );
INSERT INTO "times" VALUES ( 19370, 12510, NULL, '22:25:00', 20 );
INSERT INTO "times" VALUES ( 19370, 12520, '22:26:00', '22:26:00', 20 );
INSERT INTO "times" VALUES ( 19370, 12530, '22:28:00', '22:28:00', 20 );
INSERT INTO "times" VALUES ( 19370, 12540, '22:31:00', '22:31:00', 20 );
INSERT INTO "times" VALUES ( 19370, 12550, '22:34:00', '22:34:00', 20 );
INSERT INTO "times" VALUES ( 19370, 12560, '22:35:00', '22:35:00', 20 );
INSERT INTO "times" VALUES ( 19370, 12570, '22:37:00', '22:37:00', 20 );
INSERT INTO "times" VALUES ( 19370, 12580, '22:38:00', '22:38:00', 20 );
INSERT INTO "times" VALUES ( 19370, 12590, '22:40:00', '22:40:00', 20 );
INSERT INTO "times" VALUES ( 19370, 12600, '22:41:00', '22:41:00', 20 );
INSERT INTO "times" VALUES ( 19370, 12610, '22:43:00', '22:45:00', 20 );
INSERT INTO "times" VALUES ( 19370, 12620, '22:46:00', '22:46:00', 20 );
INSERT INTO "times" VALUES ( 19370, 12630, '22:48:00', '22:48:00', 20 );
INSERT INTO "times" VALUES ( 19370, 12640, '22:49:00', '22:49:00', 20 );
INSERT INTO "times" VALUES ( 19370, 12650, '22:51:00', '22:51:00', 20 );
INSERT INTO "times" VALUES ( 19370, 12660, '22:53:00', NULL, NULL );

INSERT INTO "dias" VALUES ( 19371, 100, FALSE, TRUE, 'R2203B', 12660, 11510 );
INSERT INTO "dias_line_groups" VALUES ( 19371, 10 );
INSERT INTO "times" VALUES ( 19371, 11510, '23:06:00', NULL, NULL );
INSERT INTO "times" VALUES ( 19371, 11520, '23:04:00', '23:04:00', 10 );
INSERT INTO "times" VALUES ( 19371, 11530, '23:02:00', '23:02:00', 10 );
INSERT INTO "times" VALUES ( 19371, 11540, '23:01:00', '23:01:00', 10 );
INSERT INTO "times" VALUES ( 19371, 12530, '22:59:00', '22:59:00', 10 );
INSERT INTO "times" VALUES ( 19371, 12540, '22:54:00', '22:56:00', 20 );
INSERT INTO "times" VALUES ( 19371, 12550, '22:51:00', '22:51:00', 20 );
INSERT INTO "times" VALUES ( 19371, 12560, '22:50:00', '22:50:00', 20 );
INSERT INTO "times" VALUES ( 19371, 12570, '22:48:00', '22:48:00', 20 );
INSERT INTO "times" VALUES ( 19371, 12580, '22:47:00', '22:47:00', 20 );
INSERT INTO "times" VALUES ( 19371, 12590, '22:46:00', '22:46:00', 20 );
INSERT INTO "times" VALUES ( 19371, 12600, '22:44:00', '22:44:00', 20 );
INSERT INTO "times" VALUES ( 19371, 12610, '22:42:00', '22:43:00', 20 );
INSERT INTO "times" VALUES ( 19371, 12620, '22:40:00', '22:40:00', 20 );
INSERT INTO "times" VALUES ( 19371, 12630, '22:38:00', '22:38:00', 20 );
INSERT INTO "times" VALUES ( 19371, 12640, '22:36:00', '22:36:00', 20 );
INSERT INTO "times" VALUES ( 19371, 12650, '22:35:00', '22:35:00', 20 );
INSERT INTO "times" VALUES ( 19371, 12660, NULL, '22:33:00', 20 );

INSERT INTO "dias" VALUES ( 19372, 100, FALSE, TRUE, 'R2204N', 11510, 12660 );
INSERT INTO "dias_line_groups" VALUES ( 19372, 10 );
INSERT INTO "times" VALUES ( 19372, 11510, NULL, '22:26:00', 10 );
INSERT INTO "times" VALUES ( 19372, 11520, '22:28:00', '22:28:00', 10 );
INSERT INTO "times" VALUES ( 19372, 11530, '22:29:00', '22:29:00', 10 );
INSERT INTO "times" VALUES ( 19372, 11540, '22:31:00', '22:31:00', 10 );
INSERT INTO "times" VALUES ( 19372, 12530, '22:33:00', '22:33:00', 20 );
INSERT INTO "times" VALUES ( 19372, 12540, '22:36:00', '22:41:00', 20 );
INSERT INTO "times" VALUES ( 19372, 12550, '22:43:00', '22:43:00', 20 );
INSERT INTO "times" VALUES ( 19372, 12560, '22:45:00', '22:45:00', 20 );
INSERT INTO "times" VALUES ( 19372, 12570, '22:46:00', '22:46:00', 20 );
INSERT INTO "times" VALUES ( 19372, 12580, '22:48:00', '22:48:00', 20 );
INSERT INTO "times" VALUES ( 19372, 12590, '22:49:00', '22:49:00', 20 );
INSERT INTO "times" VALUES ( 19372, 12600, '22:50:00', '22:50:00', 20 );
INSERT INTO "times" VALUES ( 19372, 12610, '22:52:00', '22:56:00', 20 );
INSERT INTO "times" VALUES ( 19372, 12620, '22:57:00', '22:57:00', 20 );
INSERT INTO "times" VALUES ( 19372, 12630, '22:58:00', '22:58:00', 20 );
INSERT INTO "times" VALUES ( 19372, 12640, '23:00:00', '23:00:00', 20 );
INSERT INTO "times" VALUES ( 19372, 12650, '23:02:00', '23:02:00', 20 );
INSERT INTO "times" VALUES ( 19372, 12660, '23:04:00', NULL, NULL );

INSERT INTO "dias" VALUES ( 19373, 100, FALSE, TRUE, 'R2205A', 12660, 12510 );
INSERT INTO "dias_line_groups" VALUES ( 19373, 10 );
INSERT INTO "times" VALUES ( 19373, 12510, '23:25:00', NULL, NULL );
INSERT INTO "times" VALUES ( 19373, 12520, '23:23:00', '23:23:00', 20 );
INSERT INTO "times" VALUES ( 19373, 12530, '23:21:00', '23:21:00', 20 );
INSERT INTO "times" VALUES ( 19373, 12540, '23:17:00', '23:18:00', 20 );
INSERT INTO "times" VALUES ( 19373, 12550, '23:14:00', '23:14:00', 20 );
INSERT INTO "times" VALUES ( 19373, 12560, '23:13:00', '23:13:00', 20 );
INSERT INTO "times" VALUES ( 19373, 12570, '23:11:00', '23:11:00', 20 );
INSERT INTO "times" VALUES ( 19373, 12580, '23:10:00', '23:10:00', 20 );
INSERT INTO "times" VALUES ( 19373, 12590, '23:08:00', '23:08:00', 20 );
INSERT INTO "times" VALUES ( 19373, 12600, '23:07:00', '23:07:00', 20 );
INSERT INTO "times" VALUES ( 19373, 12610, '23:03:00', '23:06:00', 20 );
INSERT INTO "times" VALUES ( 19373, 12620, '23:01:00', '23:01:00', 20 );
INSERT INTO "times" VALUES ( 19373, 12630, '22:59:00', '22:59:00', 20 );
INSERT INTO "times" VALUES ( 19373, 12640, '22:58:00', '22:58:00', 20 );
INSERT INTO "times" VALUES ( 19373, 12650, '22:56:00', '22:56:00', 20 );
INSERT INTO "times" VALUES ( 19373, 12660, NULL, '22:54:00', 20 );

INSERT INTO "dias" VALUES ( 19374, 100, FALSE, TRUE, 'R2206N', 11510, 12660 );
INSERT INTO "dias_line_groups" VALUES ( 19374, 10 );
INSERT INTO "times" VALUES ( 19374, 11510, NULL, '22:38:00', 10 );
INSERT INTO "times" VALUES ( 19374, 11520, '22:39:00', '22:39:00', 10 );
INSERT INTO "times" VALUES ( 19374, 11530, '22:41:00', '22:41:00', 10 );
INSERT INTO "times" VALUES ( 19374, 11540, '22:43:00', '22:43:00', 10 );
INSERT INTO "times" VALUES ( 19374, 12530, '22:45:00', '22:45:00', 20 );
INSERT INTO "times" VALUES ( 19374, 12540, '22:48:00', '22:52:00', 20 );
INSERT INTO "times" VALUES ( 19374, 12550, '22:54:00', '22:54:00', 20 );
INSERT INTO "times" VALUES ( 19374, 12560, '22:55:00', '22:55:00', 20 );
INSERT INTO "times" VALUES ( 19374, 12570, '22:57:00', '22:57:00', 20 );
INSERT INTO "times" VALUES ( 19374, 12580, '22:58:00', '22:58:00', 20 );
INSERT INTO "times" VALUES ( 19374, 12590, '23:00:00', '23:00:00', 20 );
INSERT INTO "times" VALUES ( 19374, 12600, '23:01:00', '23:01:00', 20 );
INSERT INTO "times" VALUES ( 19374, 12610, '23:03:00', '23:05:00', 20 );
INSERT INTO "times" VALUES ( 19374, 12620, '23:07:00', '23:07:00', 20 );
INSERT INTO "times" VALUES ( 19374, 12630, '23:08:00', '23:08:00', 20 );
INSERT INTO "times" VALUES ( 19374, 12640, '23:10:00', '23:10:00', 20 );
INSERT INTO "times" VALUES ( 19374, 12650, '23:12:00', '23:12:00', 20 );
INSERT INTO "times" VALUES ( 19374, 12660, '23:14:00', NULL, NULL );

INSERT INTO "dias" VALUES ( 19375, 100, FALSE, TRUE, 'R2208N', 12510, 12660 );
INSERT INTO "dias_line_groups" VALUES ( 19375, 10 );
INSERT INTO "times" VALUES ( 19375, 12510, NULL, '22:55:00', 20 );
INSERT INTO "times" VALUES ( 19375, 12520, '22:56:00', '22:56:00', 20 );
INSERT INTO "times" VALUES ( 19375, 12530, '22:59:00', '22:59:00', 20 );
INSERT INTO "times" VALUES ( 19375, 12540, '23:02:00', '23:02:00', 20 );
INSERT INTO "times" VALUES ( 19375, 12550, '23:04:00', '23:04:00', 20 );
INSERT INTO "times" VALUES ( 19375, 12560, '23:05:00', '23:05:00', 20 );
INSERT INTO "times" VALUES ( 19375, 12570, '23:07:00', '23:07:00', 20 );
INSERT INTO "times" VALUES ( 19375, 12580, '23:08:00', '23:08:00', 20 );
INSERT INTO "times" VALUES ( 19375, 12590, '23:10:00', '23:10:00', 20 );
INSERT INTO "times" VALUES ( 19375, 12600, '23:11:00', '23:11:00', 20 );
INSERT INTO "times" VALUES ( 19375, 12610, '23:13:00', '23:17:00', 20 );
INSERT INTO "times" VALUES ( 19375, 12620, '23:18:00', '23:18:00', 20 );
INSERT INTO "times" VALUES ( 19375, 12630, '23:19:00', '23:19:00', 20 );
INSERT INTO "times" VALUES ( 19375, 12640, '23:21:00', '23:21:00', 20 );
INSERT INTO "times" VALUES ( 19375, 12650, '23:22:00', '23:22:00', 20 );
INSERT INTO "times" VALUES ( 19375, 12660, '23:24:00', NULL, NULL );

INSERT INTO "dias" VALUES ( 19376, 100, FALSE, TRUE, 'R2210N', 11510, 12660 );
INSERT INTO "dias_line_groups" VALUES ( 19376, 10 );
INSERT INTO "times" VALUES ( 19376, 11510, NULL, '22:55:00', 10 );
INSERT INTO "times" VALUES ( 19376, 11520, '22:57:00', '22:57:00', 10 );
INSERT INTO "times" VALUES ( 19376, 11530, '22:58:00', '22:58:00', 10 );
INSERT INTO "times" VALUES ( 19376, 11540, '23:00:00', '23:00:00', 10 );
INSERT INTO "times" VALUES ( 19376, 12530, '23:02:00', '23:02:00', 20 );
INSERT INTO "times" VALUES ( 19376, 12540, '23:05:00', '23:12:00', 20 );
INSERT INTO "times" VALUES ( 19376, 12550, '23:14:00', '23:14:00', 20 );
INSERT INTO "times" VALUES ( 19376, 12560, '23:15:00', '23:15:00', 20 );
INSERT INTO "times" VALUES ( 19376, 12570, '23:17:00', '23:17:00', 20 );
INSERT INTO "times" VALUES ( 19376, 12580, '23:18:00', '23:18:00', 20 );
INSERT INTO "times" VALUES ( 19376, 12590, '23:20:00', '23:20:00', 20 );
INSERT INTO "times" VALUES ( 19376, 12600, '23:21:00', '23:21:00', 20 );
INSERT INTO "times" VALUES ( 19376, 12610, '23:23:00', '23:26:00', 20 );
INSERT INTO "times" VALUES ( 19376, 12620, '23:27:00', '23:27:00', 20 );
INSERT INTO "times" VALUES ( 19376, 12630, '23:29:00', '23:29:00', 20 );
INSERT INTO "times" VALUES ( 19376, 12640, '23:30:00', '23:30:00', 20 );
INSERT INTO "times" VALUES ( 19376, 12650, '23:32:00', '23:32:00', 20 );
INSERT INTO "times" VALUES ( 19376, 12660, '23:34:00', NULL, NULL );

INSERT INTO "dias" VALUES ( 19377, 100, FALSE, TRUE, 'R2300N', 12510, 12660 );
INSERT INTO "dias_line_groups" VALUES ( 19377, 10 );
INSERT INTO "times" VALUES ( 19377, 12510, NULL, '23:22:00', 20 );
INSERT INTO "times" VALUES ( 19377, 12520, '23:24:00', '23:24:00', 20 );
INSERT INTO "times" VALUES ( 19377, 12530, '23:26:00', '23:26:00', 20 );
INSERT INTO "times" VALUES ( 19377, 12540, '23:28:00', '23:29:00', 20 );
INSERT INTO "times" VALUES ( 19377, 12550, '23:31:00', '23:31:00', 20 );
INSERT INTO "times" VALUES ( 19377, 12560, '23:33:00', '23:33:00', 20 );
INSERT INTO "times" VALUES ( 19377, 12570, '23:34:00', '23:34:00', 20 );
INSERT INTO "times" VALUES ( 19377, 12580, '23:35:00', '23:35:00', 20 );
INSERT INTO "times" VALUES ( 19377, 12590, '23:37:00', '23:37:00', 20 );
INSERT INTO "times" VALUES ( 19377, 12600, '23:38:00', '23:38:00', 20 );
INSERT INTO "times" VALUES ( 19377, 12610, '23:40:00', '23:43:00', 20 );
INSERT INTO "times" VALUES ( 19377, 12620, '23:45:00', '23:45:00', 20 );
INSERT INTO "times" VALUES ( 19377, 12630, '23:46:00', '23:46:00', 20 );
INSERT INTO "times" VALUES ( 19377, 12640, '23:48:00', '23:48:00', 20 );
INSERT INTO "times" VALUES ( 19377, 12650, '23:50:00', '23:50:00', 20 );
INSERT INTO "times" VALUES ( 19377, 12660, '23:52:00', NULL, NULL );

INSERT INTO "dias" VALUES ( 19378, 100, FALSE, TRUE, 'R2301B', 12660, 11510 );
INSERT INTO "dias_line_groups" VALUES ( 19378, 10 );
INSERT INTO "times" VALUES ( 19378, 11510, '23:52:00', NULL, NULL );
INSERT INTO "times" VALUES ( 19378, 11520, '23:49:00', '23:49:00', 10 );
INSERT INTO "times" VALUES ( 19378, 11530, '23:48:00', '23:48:00', 10 );
INSERT INTO "times" VALUES ( 19378, 11540, '23:46:00', '23:46:00', 10 );
INSERT INTO "times" VALUES ( 19378, 12530, '23:45:00', '23:45:00', 10 );
INSERT INTO "times" VALUES ( 19378, 12540, '23:38:00', '23:42:00', 20 );
INSERT INTO "times" VALUES ( 19378, 12550, '23:35:00', '23:35:00', 20 );
INSERT INTO "times" VALUES ( 19378, 12560, '23:34:00', '23:34:00', 20 );
INSERT INTO "times" VALUES ( 19378, 12570, '23:32:00', '23:32:00', 20 );
INSERT INTO "times" VALUES ( 19378, 12580, '23:31:00', '23:31:00', 20 );
INSERT INTO "times" VALUES ( 19378, 12590, '23:30:00', '23:30:00', 20 );
INSERT INTO "times" VALUES ( 19378, 12600, '23:29:00', '23:29:00', 20 );
INSERT INTO "times" VALUES ( 19378, 12610, '23:24:00', '23:28:00', 20 );
INSERT INTO "times" VALUES ( 19378, 12620, '23:22:00', '23:22:00', 20 );
INSERT INTO "times" VALUES ( 19378, 12630, '23:20:00', '23:20:00', 20 );
INSERT INTO "times" VALUES ( 19378, 12640, '23:19:00', '23:19:00', 20 );
INSERT INTO "times" VALUES ( 19378, 12650, '23:17:00', '23:17:00', 20 );
INSERT INTO "times" VALUES ( 19378, 12660, NULL, '23:16:00', 20 );

INSERT INTO "dias" VALUES ( 19379, 100, FALSE, TRUE, 'R2302N', 11510, 12660 );
INSERT INTO "dias_line_groups" VALUES ( 19379, 10 );
INSERT INTO "times" VALUES ( 19379, 11510, NULL, '23:33:00', 10 );
INSERT INTO "times" VALUES ( 19379, 11520, '23:34:00', '23:34:00', 10 );
INSERT INTO "times" VALUES ( 19379, 11530, '23:36:00', '23:36:00', 10 );
INSERT INTO "times" VALUES ( 19379, 11540, '23:38:00', '23:38:00', 10 );
INSERT INTO "times" VALUES ( 19379, 12530, '23:40:00', '23:40:00', 20 );
INSERT INTO "times" VALUES ( 19379, 12540, '23:43:00', '23:43:00', 20 );
INSERT INTO "times" VALUES ( 19379, 12550, '23:45:00', '23:45:00', 20 );
INSERT INTO "times" VALUES ( 19379, 12560, '23:47:00', '23:47:00', 20 );
INSERT INTO "times" VALUES ( 19379, 12570, '23:48:00', '23:48:00', 20 );
INSERT INTO "times" VALUES ( 19379, 12580, '23:50:00', '23:50:00', 20 );
INSERT INTO "times" VALUES ( 19379, 12590, '23:51:00', '23:51:00', 20 );
INSERT INTO "times" VALUES ( 19379, 12600, '23:53:00', '23:53:00', 20 );
INSERT INTO "times" VALUES ( 19379, 12610, '23:54:00', '23:57:00', 20 );
INSERT INTO "times" VALUES ( 19379, 12620, '23:58:00', '23:58:00', 20 );
INSERT INTO "times" VALUES ( 19379, 12630, '00:00:00', '00:00:00', 20 );
INSERT INTO "times" VALUES ( 19379, 12640, '00:02:00', '00:02:00', 20 );
INSERT INTO "times" VALUES ( 19379, 12650, '00:03:00', '00:03:00', 20 );
INSERT INTO "times" VALUES ( 19379, 12660, '00:05:00', NULL, NULL );

INSERT INTO "dias" VALUES ( 19380, 100, FALSE, TRUE, 'R2303B', 12660, 11510 );
INSERT INTO "dias_line_groups" VALUES ( 19380, 10 );
INSERT INTO "times" VALUES ( 19380, 11510, '00:08:00', NULL, NULL );
INSERT INTO "times" VALUES ( 19380, 11520, '00:06:00', '00:06:00', 10 );
INSERT INTO "times" VALUES ( 19380, 11530, '00:04:00', '00:04:00', 10 );
INSERT INTO "times" VALUES ( 19380, 11540, '00:03:00', '00:03:00', 10 );
INSERT INTO "times" VALUES ( 19380, 12530, '00:01:00', '00:01:00', 10 );
INSERT INTO "times" VALUES ( 19380, 12540, '23:56:00', '23:58:00', 20 );
INSERT INTO "times" VALUES ( 19380, 12550, '23:54:00', '23:54:00', 20 );
INSERT INTO "times" VALUES ( 19380, 12560, '23:52:00', '23:52:00', 20 );
INSERT INTO "times" VALUES ( 19380, 12570, '23:51:00', '23:51:00', 20 );
INSERT INTO "times" VALUES ( 19380, 12580, '23:49:00', '23:49:00', 20 );
INSERT INTO "times" VALUES ( 19380, 12590, '23:48:00', '23:48:00', 20 );
INSERT INTO "times" VALUES ( 19380, 12600, '23:47:00', '23:47:00', 20 );
INSERT INTO "times" VALUES ( 19380, 12610, '23:44:00', '23:46:00', 20 );
INSERT INTO "times" VALUES ( 19380, 12620, '23:43:00', '23:43:00', 20 );
INSERT INTO "times" VALUES ( 19380, 12630, '23:41:00', '23:41:00', 20 );
INSERT INTO "times" VALUES ( 19380, 12640, '23:40:00', '23:40:00', 20 );
INSERT INTO "times" VALUES ( 19380, 12650, '23:38:00', '23:38:00', 20 );
INSERT INTO "times" VALUES ( 19380, 12660, NULL, '23:37:00', 20 );

INSERT INTO "dias" VALUES ( 19381, 100, FALSE, TRUE, 'R2304N', 11510, 12660 );
INSERT INTO "dias_line_groups" VALUES ( 19381, 10 );
INSERT INTO "times" VALUES ( 19381, 11510, NULL, '23:45:00', 10 );
INSERT INTO "times" VALUES ( 19381, 11520, '23:46:00', '23:46:00', 10 );
INSERT INTO "times" VALUES ( 19381, 11530, '23:48:00', '23:48:00', 10 );
INSERT INTO "times" VALUES ( 19381, 11540, '23:50:00', '23:50:00', 10 );
INSERT INTO "times" VALUES ( 19381, 12530, '23:52:00', '23:52:00', 20 );
INSERT INTO "times" VALUES ( 19381, 12540, '23:55:00', '23:55:00', 20 );
INSERT INTO "times" VALUES ( 19381, 12550, '23:57:00', '23:57:00', 20 );
INSERT INTO "times" VALUES ( 19381, 12560, '23:59:00', '23:59:00', 20 );
INSERT INTO "times" VALUES ( 19381, 12570, '00:00:00', '00:00:00', 20 );
INSERT INTO "times" VALUES ( 19381, 12580, '00:02:00', '00:02:00', 20 );
INSERT INTO "times" VALUES ( 19381, 12590, '00:03:00', '00:03:00', 20 );
INSERT INTO "times" VALUES ( 19381, 12600, '00:04:00', '00:04:00', 20 );
INSERT INTO "times" VALUES ( 19381, 12610, '00:06:00', '00:08:00', 20 );
INSERT INTO "times" VALUES ( 19381, 12620, '00:09:00', '00:09:00', 20 );
INSERT INTO "times" VALUES ( 19381, 12630, '00:10:00', '00:10:00', 20 );
INSERT INTO "times" VALUES ( 19381, 12640, '00:12:00', '00:12:00', 20 );
INSERT INTO "times" VALUES ( 19381, 12650, '00:14:00', '00:14:00', 20 );
INSERT INTO "times" VALUES ( 19381, 12660, '00:15:00', NULL, NULL );

INSERT INTO "dias" VALUES ( 19382, 100, FALSE, TRUE, 'R2306K', 11510, 12680 );
INSERT INTO "dias_line_groups" VALUES ( 19382, 10 );
INSERT INTO "times" VALUES ( 19382, 11510, NULL, '23:54:00', 10 );
INSERT INTO "times" VALUES ( 19382, 11520, '23:55:00', '23:55:00', 10 );
INSERT INTO "times" VALUES ( 19382, 11530, '23:57:00', '23:57:00', 10 );
INSERT INTO "times" VALUES ( 19382, 11540, '23:59:00', '23:59:00', 10 );
INSERT INTO "times" VALUES ( 19382, 12530, '00:01:00', '00:01:00', 20 );
INSERT INTO "times" VALUES ( 19382, 12540, '00:04:00', '00:04:00', 20 );
INSERT INTO "times" VALUES ( 19382, 12550, '00:06:00', '00:06:00', 20 );
INSERT INTO "times" VALUES ( 19382, 12560, '00:08:00', '00:08:00', 20 );
INSERT INTO "times" VALUES ( 19382, 12570, '00:09:00', '00:09:00', 20 );
INSERT INTO "times" VALUES ( 19382, 12580, '00:11:00', '00:11:00', 20 );
INSERT INTO "times" VALUES ( 19382, 12590, '00:12:00', '00:12:00', 20 );
INSERT INTO "times" VALUES ( 19382, 12600, '00:13:00', '00:13:00', 20 );
INSERT INTO "times" VALUES ( 19382, 12610, '00:15:00', '00:16:00', 20 );
INSERT INTO "times" VALUES ( 19382, 12620, '00:18:00', '00:18:00', 20 );
INSERT INTO "times" VALUES ( 19382, 12630, '00:19:00', '00:19:00', 20 );
INSERT INTO "times" VALUES ( 19382, 12640, '00:21:00', '00:21:00', 20 );
INSERT INTO "times" VALUES ( 19382, 12650, '00:22:00', '00:22:00', 20 );
INSERT INTO "times" VALUES ( 19382, 12660, '00:25:00', '00:25:00', 20 );
INSERT INTO "times" VALUES ( 19382, 12670, '00:28:00', '00:28:00', 20 );
INSERT INTO "times" VALUES ( 19382, 12680, '00:31:00', NULL, NULL );

INSERT INTO "dias" VALUES ( 19383, 100, FALSE, TRUE, 'R2400N', 12510, 12660 );
INSERT INTO "dias_line_groups" VALUES ( 19383, 10 );
INSERT INTO "times" VALUES ( 19383, 12510, NULL, '00:07:00', 20 );
INSERT INTO "times" VALUES ( 19383, 12520, '00:09:00', '00:09:00', 20 );
INSERT INTO "times" VALUES ( 19383, 12530, '00:11:00', '00:11:00', 20 );
INSERT INTO "times" VALUES ( 19383, 12540, '00:14:00', '00:14:00', 20 );
INSERT INTO "times" VALUES ( 19383, 12550, '00:16:00', '00:16:00', 20 );
INSERT INTO "times" VALUES ( 19383, 12560, '00:17:00', '00:17:00', 20 );
INSERT INTO "times" VALUES ( 19383, 12570, '00:19:00', '00:19:00', 20 );
INSERT INTO "times" VALUES ( 19383, 12580, '00:20:00', '00:20:00', 20 );
INSERT INTO "times" VALUES ( 19383, 12590, '00:21:00', '00:21:00', 20 );
INSERT INTO "times" VALUES ( 19383, 12600, '00:22:00', '00:22:00', 20 );
INSERT INTO "times" VALUES ( 19383, 12610, '00:25:00', '00:25:00', 20 );
INSERT INTO "times" VALUES ( 19383, 12620, '00:26:00', '00:26:00', 20 );
INSERT INTO "times" VALUES ( 19383, 12630, '00:28:00', '00:28:00', 20 );
INSERT INTO "times" VALUES ( 19383, 12640, '00:29:00', '00:29:00', 20 );
INSERT INTO "times" VALUES ( 19383, 12650, '00:31:00', '00:31:00', 20 );
INSERT INTO "times" VALUES ( 19383, 12660, '00:33:00', NULL, NULL );

INSERT INTO "dias" VALUES ( 19384, 100, FALSE, TRUE, 'R2402N', 11510, 12660 );
INSERT INTO "dias_line_groups" VALUES ( 19384, 10 );
INSERT INTO "times" VALUES ( 19384, 11510, NULL, '00:12:00', 10 );
INSERT INTO "times" VALUES ( 19384, 11520, '00:13:00', '00:13:00', 10 );
INSERT INTO "times" VALUES ( 19384, 11530, '00:15:00', '00:15:00', 10 );
INSERT INTO "times" VALUES ( 19384, 11540, '00:17:00', '00:17:00', 10 );
INSERT INTO "times" VALUES ( 19384, 12530, '00:19:00', '00:19:00', 20 );
INSERT INTO "times" VALUES ( 19384, 12540, '00:22:00', '00:22:00', 20 );
INSERT INTO "times" VALUES ( 19384, 12550, '00:24:00', '00:24:00', 20 );
INSERT INTO "times" VALUES ( 19384, 12560, '00:26:00', '00:26:00', 20 );
INSERT INTO "times" VALUES ( 19384, 12570, '00:27:00', '00:27:00', 20 );
INSERT INTO "times" VALUES ( 19384, 12580, '00:28:00', '00:28:00', 20 );
INSERT INTO "times" VALUES ( 19384, 12590, '00:30:00', '00:30:00', 20 );
INSERT INTO "times" VALUES ( 19384, 12600, '00:31:00', '00:31:00', 20 );
INSERT INTO "times" VALUES ( 19384, 12610, '00:33:00', '00:33:00', 20 );
INSERT INTO "times" VALUES ( 19384, 12620, '00:34:00', '00:34:00', 20 );
INSERT INTO "times" VALUES ( 19384, 12630, '00:36:00', '00:36:00', 20 );
INSERT INTO "times" VALUES ( 19384, 12640, '00:37:00', '00:37:00', 20 );
INSERT INTO "times" VALUES ( 19384, 12650, '00:39:00', '00:39:00', 20 );
INSERT INTO "times" VALUES ( 19384, 12660, '00:41:00', NULL, NULL );

INSERT INTO "dias" VALUES ( 19385, 100, FALSE, TRUE, 'R2404N', 12510, 12660 );
INSERT INTO "dias_line_groups" VALUES ( 19385, 10 );
INSERT INTO "times" VALUES ( 19385, 12510, NULL, '00:22:00', 20 );
INSERT INTO "times" VALUES ( 19385, 12520, '00:23:00', '00:23:00', 20 );
INSERT INTO "times" VALUES ( 19385, 12530, '00:25:00', '00:25:00', 20 );
INSERT INTO "times" VALUES ( 19385, 12540, '00:28:00', '00:28:00', 20 );
INSERT INTO "times" VALUES ( 19385, 12550, '00:30:00', '00:30:00', 20 );
INSERT INTO "times" VALUES ( 19385, 12560, '00:32:00', '00:32:00', 20 );
INSERT INTO "times" VALUES ( 19385, 12570, '00:33:00', '00:33:00', 20 );
INSERT INTO "times" VALUES ( 19385, 12580, '00:34:00', '00:34:00', 20 );
INSERT INTO "times" VALUES ( 19385, 12590, '00:36:00', '00:36:00', 20 );
INSERT INTO "times" VALUES ( 19385, 12600, '00:37:00', '00:37:00', 20 );
INSERT INTO "times" VALUES ( 19385, 12610, '00:39:00', '00:39:00', 20 );
INSERT INTO "times" VALUES ( 19385, 12620, '00:40:00', '00:40:00', 20 );
INSERT INTO "times" VALUES ( 19385, 12630, '00:41:00', '00:41:00', 20 );
INSERT INTO "times" VALUES ( 19385, 12640, '00:43:00', '00:43:00', 20 );
INSERT INTO "times" VALUES ( 19385, 12650, '00:45:00', '00:45:00', 20 );
INSERT INTO "times" VALUES ( 19385, 12660, '00:46:00', NULL, NULL );

INSERT INTO "dias" VALUES ( 19386, 100, FALSE, TRUE, 'S0500Z', 12770, 13520 );
INSERT INTO "dias_line_groups" VALUES ( 19386, 10 );
INSERT INTO "times" VALUES ( 19386, 12770, NULL, '05:00:00', 20 );
INSERT INTO "times" VALUES ( 19386, 12780, '05:05:00', '05:05:00', 20 );
INSERT INTO "times" VALUES ( 19386, 12790, '05:06:00', '05:06:00', 20 );
INSERT INTO "times" VALUES ( 19386, 12800, '05:08:00', '05:08:00', 20 );
INSERT INTO "times" VALUES ( 19386, 12810, '05:09:00', '05:09:00', 20 );
INSERT INTO "times" VALUES ( 19386, 12820, '05:11:00', '05:11:00', 20 );
INSERT INTO "times" VALUES ( 19386, 12830, '05:13:00', '05:13:00', 20 );
INSERT INTO "times" VALUES ( 19386, 12840, '05:14:00', '05:14:00', 20 );
INSERT INTO "times" VALUES ( 19386, 12850, '05:16:00', '05:16:00', 20 );
INSERT INTO "times" VALUES ( 19386, 12860, '05:17:00', '05:17:00', 20 );
INSERT INTO "times" VALUES ( 19386, 12870, '05:19:00', '05:19:00', 20 );
INSERT INTO "times" VALUES ( 19386, 12880, '05:21:00', '05:21:00', 20 );
INSERT INTO "times" VALUES ( 19386, 12890, '05:23:00', '05:23:00', 20 );
INSERT INTO "times" VALUES ( 19386, 12900, '05:25:00', '05:25:00', 20 );
INSERT INTO "times" VALUES ( 19386, 13510, '05:26:00', '05:26:00', 30 );
INSERT INTO "times" VALUES ( 19386, 13520, '05:29:00', NULL, NULL );

INSERT INTO "dias" VALUES ( 19387, 100, FALSE, TRUE, 'S0502Z', 12770, 13520 );
INSERT INTO "dias_line_groups" VALUES ( 19387, 10 );
INSERT INTO "times" VALUES ( 19387, 12770, NULL, '05:07:00', 20 );
INSERT INTO "times" VALUES ( 19387, 12780, '05:11:00', '05:12:00', 20 );
INSERT INTO "times" VALUES ( 19387, 12790, '05:13:00', '05:13:00', 20 );
INSERT INTO "times" VALUES ( 19387, 12800, '05:15:00', '05:15:00', 20 );
INSERT INTO "times" VALUES ( 19387, 12810, '05:17:00', '05:17:00', 20 );
INSERT INTO "times" VALUES ( 19387, 12820, '05:19:00', '05:19:00', 20 );
INSERT INTO "times" VALUES ( 19387, 12830, '05:21:00', '05:21:00', 20 );
INSERT INTO "times" VALUES ( 19387, 12840, '05:22:00', '05:22:00', 20 );
INSERT INTO "times" VALUES ( 19387, 12850, '05:23:00', '05:23:00', 20 );
INSERT INTO "times" VALUES ( 19387, 12860, '05:25:00', '05:25:00', 20 );
INSERT INTO "times" VALUES ( 19387, 12870, '05:27:00', '05:27:00', 20 );
INSERT INTO "times" VALUES ( 19387, 12880, '05:28:00', '05:28:00', 20 );
INSERT INTO "times" VALUES ( 19387, 12890, '05:30:00', '05:30:00', 20 );
INSERT INTO "times" VALUES ( 19387, 12900, '05:32:00', '05:32:00', 20 );
INSERT INTO "times" VALUES ( 19387, 13510, '05:34:00', '05:34:00', 30 );
INSERT INTO "times" VALUES ( 19387, 13520, '05:36:00', NULL, NULL );

INSERT INTO "dias" VALUES ( 19388, 100, FALSE, TRUE, 'S0504Z', 12900, 13520 );
INSERT INTO "dias_line_groups" VALUES ( 19388, 10 );
INSERT INTO "times" VALUES ( 19388, 12900, NULL, '05:07:00', 20 );
INSERT INTO "times" VALUES ( 19388, 13510, '05:09:00', '05:09:00', 30 );
INSERT INTO "times" VALUES ( 19388, 13520, '05:11:00', NULL, NULL );

INSERT INTO "dias" VALUES ( 19389, 100, FALSE, TRUE, 'S0506Z', 12770, 13520 );
INSERT INTO "dias_line_groups" VALUES ( 19389, 10 );
INSERT INTO "times" VALUES ( 19389, 12770, NULL, '05:19:00', 20 );
INSERT INTO "times" VALUES ( 19389, 12780, '05:23:00', '05:23:00', 20 );
INSERT INTO "times" VALUES ( 19389, 12790, '05:25:00', '05:25:00', 20 );
INSERT INTO "times" VALUES ( 19389, 12800, '05:27:00', '05:27:00', 20 );
INSERT INTO "times" VALUES ( 19389, 12810, '05:28:00', '05:28:00', 20 );
INSERT INTO "times" VALUES ( 19389, 12820, '05:30:00', '05:30:00', 20 );
INSERT INTO "times" VALUES ( 19389, 12830, '05:32:00', '05:32:00', 20 );
INSERT INTO "times" VALUES ( 19389, 12840, '05:33:00', '05:33:00', 20 );
INSERT INTO "times" VALUES ( 19389, 12850, '05:35:00', '05:35:00', 20 );
INSERT INTO "times" VALUES ( 19389, 12860, '05:36:00', '05:36:00', 20 );
INSERT INTO "times" VALUES ( 19389, 12870, '05:38:00', '05:38:00', 20 );
INSERT INTO "times" VALUES ( 19389, 12880, '05:40:00', '05:40:00', 20 );
INSERT INTO "times" VALUES ( 19389, 12890, '05:42:00', '05:42:00', 20 );
INSERT INTO "times" VALUES ( 19389, 12900, '05:44:00', '05:44:00', 20 );
INSERT INTO "times" VALUES ( 19389, 13510, '05:45:00', '05:45:00', 30 );
INSERT INTO "times" VALUES ( 19389, 13520, '05:48:00', NULL, NULL );

INSERT INTO "dias" VALUES ( 19390, 100, FALSE, TRUE, 'S0508Z', 12770, 13520 );
INSERT INTO "dias_line_groups" VALUES ( 19390, 10 );
INSERT INTO "times" VALUES ( 19390, 12770, NULL, '05:40:00', 20 );
INSERT INTO "times" VALUES ( 19390, 12780, '05:44:00', '05:44:00', 20 );
INSERT INTO "times" VALUES ( 19390, 12790, '05:46:00', '05:46:00', 20 );
INSERT INTO "times" VALUES ( 19390, 12800, '05:48:00', '05:48:00', 20 );
INSERT INTO "times" VALUES ( 19390, 12810, '05:49:00', '05:49:00', 20 );
INSERT INTO "times" VALUES ( 19390, 12820, '05:51:00', '05:51:00', 20 );
INSERT INTO "times" VALUES ( 19390, 12830, '05:53:00', '05:53:00', 20 );
INSERT INTO "times" VALUES ( 19390, 12840, '05:54:00', '05:54:00', 20 );
INSERT INTO "times" VALUES ( 19390, 12850, '05:56:00', '05:56:00', 20 );
INSERT INTO "times" VALUES ( 19390, 12860, '05:57:00', '05:57:00', 20 );
INSERT INTO "times" VALUES ( 19390, 12870, '05:59:00', '05:59:00', 20 );
INSERT INTO "times" VALUES ( 19390, 12880, '06:01:00', '06:01:00', 20 );
INSERT INTO "times" VALUES ( 19390, 12890, '06:03:00', '06:03:00', 20 );
INSERT INTO "times" VALUES ( 19390, 12900, '06:05:00', '06:05:00', 20 );
INSERT INTO "times" VALUES ( 19390, 13510, '06:06:00', '06:06:00', 30 );
INSERT INTO "times" VALUES ( 19390, 13520, '06:09:00', NULL, NULL );

INSERT INTO "dias" VALUES ( 19391, 100, FALSE, TRUE, 'S0600Z', 12770, 13520 );
INSERT INTO "dias_line_groups" VALUES ( 19391, 10 );
INSERT INTO "times" VALUES ( 19391, 12770, NULL, '06:19:00', 20 );
INSERT INTO "times" VALUES ( 19391, 12780, '06:24:00', '06:24:00', 20 );
INSERT INTO "times" VALUES ( 19391, 12790, '06:25:00', '06:25:00', 20 );
INSERT INTO "times" VALUES ( 19391, 12800, '06:27:00', '06:27:00', 20 );
INSERT INTO "times" VALUES ( 19391, 12810, '06:29:00', '06:29:00', 20 );
INSERT INTO "times" VALUES ( 19391, 12820, '06:30:00', '06:30:00', 20 );
INSERT INTO "times" VALUES ( 19391, 12830, '06:32:00', '06:32:00', 20 );
INSERT INTO "times" VALUES ( 19391, 12840, '06:33:00', '06:33:00', 20 );
INSERT INTO "times" VALUES ( 19391, 12850, '06:35:00', '06:35:00', 20 );
INSERT INTO "times" VALUES ( 19391, 12860, '06:36:00', '06:36:00', 20 );
INSERT INTO "times" VALUES ( 19391, 12870, '06:38:00', '06:38:00', 20 );
INSERT INTO "times" VALUES ( 19391, 12880, '06:40:00', '06:40:00', 20 );
INSERT INTO "times" VALUES ( 19391, 12890, '06:42:00', '06:42:00', 20 );
INSERT INTO "times" VALUES ( 19391, 12900, '06:44:00', '06:44:00', 20 );
INSERT INTO "times" VALUES ( 19391, 13510, '06:46:00', '06:46:00', 30 );
INSERT INTO "times" VALUES ( 19391, 13520, '06:48:00', NULL, NULL );

INSERT INTO "dias" VALUES ( 19392, 100, FALSE, TRUE, 'S0700Z', 12900, 13520 );
INSERT INTO "dias_line_groups" VALUES ( 19392, 10 );
INSERT INTO "times" VALUES ( 19392, 12900, NULL, '07:32:00', 20 );
INSERT INTO "times" VALUES ( 19392, 13510, '07:34:00', '07:34:00', 30 );
INSERT INTO "times" VALUES ( 19392, 13520, '07:37:00', NULL, NULL );

INSERT INTO "dias" VALUES ( 19393, 100, FALSE, TRUE, 'S0701Y', 13520, 12770 );
INSERT INTO "dias_line_groups" VALUES ( 19393, 10 );
INSERT INTO "times" VALUES ( 19393, 12770, '08:24:00', NULL, NULL );
INSERT INTO "times" VALUES ( 19393, 12780, '08:20:00', '08:20:00', 20 );
INSERT INTO "times" VALUES ( 19393, 12790, '08:18:00', '08:18:00', 20 );
INSERT INTO "times" VALUES ( 19393, 12800, '08:12:00', '08:16:00', 20 );
INSERT INTO "times" VALUES ( 19393, 12810, '08:10:00', '08:10:00', 20 );
INSERT INTO "times" VALUES ( 19393, 12820, '08:08:00', '08:08:00', 20 );
INSERT INTO "times" VALUES ( 19393, 12830, '08:07:00', '08:07:00', 20 );
INSERT INTO "times" VALUES ( 19393, 12840, '08:05:00', '08:05:00', 20 );
INSERT INTO "times" VALUES ( 19393, 12850, '08:03:00', '08:03:00', 20 );
INSERT INTO "times" VALUES ( 19393, 12860, '08:01:00', '08:01:00', 20 );
INSERT INTO "times" VALUES ( 19393, 12870, '08:00:00', '08:00:00', 20 );
INSERT INTO "times" VALUES ( 19393, 12880, '07:58:00', '07:58:00', 20 );
INSERT INTO "times" VALUES ( 19393, 12890, '07:56:00', '07:56:00', 20 );
INSERT INTO "times" VALUES ( 19393, 12900, '07:50:00', '07:55:00', 20 );
INSERT INTO "times" VALUES ( 19393, 13510, '07:48:00', '07:48:00', 30 );
INSERT INTO "times" VALUES ( 19393, 13520, NULL, '07:46:00', 30 );

INSERT INTO "dias" VALUES ( 19394, 100, FALSE, TRUE, 'S2201Y', 13520, 12770 );
INSERT INTO "dias_line_groups" VALUES ( 19394, 10 );
INSERT INTO "times" VALUES ( 19394, 12770, '22:38:00', NULL, NULL );
INSERT INTO "times" VALUES ( 19394, 12780, '22:33:00', '22:33:00', 20 );
INSERT INTO "times" VALUES ( 19394, 12790, '22:31:00', '22:31:00', 20 );
INSERT INTO "times" VALUES ( 19394, 12800, '22:26:00', '22:29:00', 20 );
INSERT INTO "times" VALUES ( 19394, 12810, '22:23:00', '22:23:00', 20 );
INSERT INTO "times" VALUES ( 19394, 12820, '22:22:00', '22:22:00', 20 );
INSERT INTO "times" VALUES ( 19394, 12830, '22:21:00', '22:21:00', 20 );
INSERT INTO "times" VALUES ( 19394, 12840, '22:19:00', '22:19:00', 20 );
INSERT INTO "times" VALUES ( 19394, 12850, '22:17:00', '22:17:00', 20 );
INSERT INTO "times" VALUES ( 19394, 12860, '22:15:00', '22:15:00', 20 );
INSERT INTO "times" VALUES ( 19394, 12870, '22:13:00', '22:13:00', 20 );
INSERT INTO "times" VALUES ( 19394, 12880, '22:12:00', '22:12:00', 20 );
INSERT INTO "times" VALUES ( 19394, 12890, '22:10:00', '22:10:00', 20 );
INSERT INTO "times" VALUES ( 19394, 12900, '22:05:00', '22:08:00', 20 );
INSERT INTO "times" VALUES ( 19394, 13510, '22:03:00', '22:03:00', 30 );
INSERT INTO "times" VALUES ( 19394, 13520, NULL, '22:01:00', 30 );

INSERT INTO "dias" VALUES ( 19395, 100, FALSE, TRUE, 'S2203Y', 13520, 12770 );
INSERT INTO "dias_line_groups" VALUES ( 19395, 10 );
INSERT INTO "times" VALUES ( 19395, 12770, '23:28:00', NULL, NULL );
INSERT INTO "times" VALUES ( 19395, 12780, '23:23:00', '23:23:00', 20 );
INSERT INTO "times" VALUES ( 19395, 12790, '23:21:00', '23:21:00', 20 );
INSERT INTO "times" VALUES ( 19395, 12800, '23:15:00', '23:19:00', 20 );
INSERT INTO "times" VALUES ( 19395, 12810, '23:13:00', '23:13:00', 20 );
INSERT INTO "times" VALUES ( 19395, 12820, '23:11:00', '23:11:00', 20 );
INSERT INTO "times" VALUES ( 19395, 12830, '23:10:00', '23:10:00', 20 );
INSERT INTO "times" VALUES ( 19395, 12840, '23:08:00', '23:08:00', 20 );
INSERT INTO "times" VALUES ( 19395, 12850, '23:06:00', '23:06:00', 20 );
INSERT INTO "times" VALUES ( 19395, 12860, '23:05:00', '23:05:00', 20 );
INSERT INTO "times" VALUES ( 19395, 12870, '23:03:00', '23:03:00', 20 );
INSERT INTO "times" VALUES ( 19395, 12880, '23:01:00', '23:01:00', 20 );
INSERT INTO "times" VALUES ( 19395, 12890, '22:59:00', '22:59:00', 20 );
INSERT INTO "times" VALUES ( 19395, 12900, '22:53:00', '22:58:00', 20 );
INSERT INTO "times" VALUES ( 19395, 13510, '22:51:00', '22:51:00', 30 );
INSERT INTO "times" VALUES ( 19395, 13520, NULL, '22:49:00', 30 );

INSERT INTO "dias" VALUES ( 19396, 100, FALSE, TRUE, 'S2400Z', 12900, 13520 );
INSERT INTO "dias_line_groups" VALUES ( 19396, 10 );
INSERT INTO "times" VALUES ( 19396, 12900, NULL, '00:31:00', 20 );
INSERT INTO "times" VALUES ( 19396, 13510, '00:33:00', '00:33:00', 30 );
INSERT INTO "times" VALUES ( 19396, 13520, '00:35:00', NULL, NULL );

INSERT INTO "dias" VALUES ( 19397, 100, FALSE, TRUE, 'S2401Y', 13520, 12770 );
INSERT INTO "dias_line_groups" VALUES ( 19397, 10 );
INSERT INTO "times" VALUES ( 19397, 12770, '00:48:00', NULL, NULL );
INSERT INTO "times" VALUES ( 19397, 12780, '00:44:00', '00:44:00', 20 );
INSERT INTO "times" VALUES ( 19397, 12790, '00:42:00', '00:42:00', 20 );
INSERT INTO "times" VALUES ( 19397, 12800, '00:40:00', '00:40:00', 20 );
INSERT INTO "times" VALUES ( 19397, 12810, '00:38:00', '00:38:00', 20 );
INSERT INTO "times" VALUES ( 19397, 12820, '00:36:00', '00:36:00', 20 );
INSERT INTO "times" VALUES ( 19397, 12830, '00:35:00', '00:35:00', 20 );
INSERT INTO "times" VALUES ( 19397, 12840, '00:33:00', '00:33:00', 20 );
INSERT INTO "times" VALUES ( 19397, 12850, '00:32:00', '00:32:00', 20 );
INSERT INTO "times" VALUES ( 19397, 12860, '00:30:00', '00:30:00', 20 );
INSERT INTO "times" VALUES ( 19397, 12870, '00:28:00', '00:28:00', 20 );
INSERT INTO "times" VALUES ( 19397, 12880, '00:26:00', '00:26:00', 20 );
INSERT INTO "times" VALUES ( 19397, 12890, '00:25:00', '00:25:00', 20 );
INSERT INTO "times" VALUES ( 19397, 12900, '00:23:00', '00:23:00', 20 );
INSERT INTO "times" VALUES ( 19397, 13510, '00:21:00', '00:21:00', 30 );
INSERT INTO "times" VALUES ( 19397, 13520, NULL, '00:19:00', 30 );

INSERT INTO "dias" VALUES ( 19398, 100, FALSE, TRUE, 'T0500H', 14510, 12710 );
INSERT INTO "dias_line_groups" VALUES ( 19398, 20 );
INSERT INTO "times" VALUES ( 19398, 12710, '05:27:00', NULL, NULL );
INSERT INTO "times" VALUES ( 19398, 14510, NULL, '05:15:00', 40 );
INSERT INTO "times" VALUES ( 19398, 14520, '05:16:00', '05:16:00', 40 );
INSERT INTO "times" VALUES ( 19398, 14530, '05:19:00', '05:19:00', 40 );
INSERT INTO "times" VALUES ( 19398, 14540, '05:20:00', '05:20:00', 40 );
INSERT INTO "times" VALUES ( 19398, 14550, '05:22:00', '05:22:00', 40 );
INSERT INTO "times" VALUES ( 19398, 14560, '05:24:00', '05:24:00', 40 );
INSERT INTO "times" VALUES ( 19398, 14570, '05:25:00', '05:25:00', 40 );

INSERT INTO "dias" VALUES ( 19399, 100, FALSE, TRUE, 'T0501W', 12710, 14510 );
INSERT INTO "dias_line_groups" VALUES ( 19399, 20 );
INSERT INTO "times" VALUES ( 19399, 12710, NULL, '05:00:00', 40 );
INSERT INTO "times" VALUES ( 19399, 14510, '05:12:00', NULL, NULL );
INSERT INTO "times" VALUES ( 19399, 14520, '05:10:00', '05:10:00', 40 );
INSERT INTO "times" VALUES ( 19399, 14530, '05:08:00', '05:08:00', 40 );
INSERT INTO "times" VALUES ( 19399, 14540, '05:06:00', '05:06:00', 40 );
INSERT INTO "times" VALUES ( 19399, 14550, '05:04:00', '05:04:00', 40 );
INSERT INTO "times" VALUES ( 19399, 14560, '05:03:00', '05:03:00', 40 );
INSERT INTO "times" VALUES ( 19399, 14570, '05:01:00', '05:01:00', 40 );

INSERT INTO "dias" VALUES ( 19400, 100, FALSE, TRUE, 'T0502H', 14510, 12710 );
INSERT INTO "dias_line_groups" VALUES ( 19400, 20 );
INSERT INTO "times" VALUES ( 19400, 12710, '05:43:00', NULL, NULL );
INSERT INTO "times" VALUES ( 19400, 14510, NULL, '05:29:00', 40 );
INSERT INTO "times" VALUES ( 19400, 14520, '05:31:00', '05:31:00', 40 );
INSERT INTO "times" VALUES ( 19400, 14530, '05:33:00', '05:33:00', 40 );
INSERT INTO "times" VALUES ( 19400, 14540, '05:35:00', '05:35:00', 40 );
INSERT INTO "times" VALUES ( 19400, 14550, '05:37:00', '05:37:00', 40 );
INSERT INTO "times" VALUES ( 19400, 14560, '05:39:00', '05:39:00', 40 );
INSERT INTO "times" VALUES ( 19400, 14570, '05:40:00', '05:40:00', 40 );

INSERT INTO "dias" VALUES ( 19401, 100, FALSE, TRUE, 'T0503W', 12710, 14510 );
INSERT INTO "dias_line_groups" VALUES ( 19401, 20 );
INSERT INTO "times" VALUES ( 19401, 12710, NULL, '05:14:00', 40 );
INSERT INTO "times" VALUES ( 19401, 14510, '05:27:00', NULL, NULL );
INSERT INTO "times" VALUES ( 19401, 14520, '05:25:00', '05:25:00', 40 );
INSERT INTO "times" VALUES ( 19401, 14530, '05:22:00', '05:22:00', 40 );
INSERT INTO "times" VALUES ( 19401, 14540, '05:20:00', '05:20:00', 40 );
INSERT INTO "times" VALUES ( 19401, 14550, '05:19:00', '05:19:00', 40 );
INSERT INTO "times" VALUES ( 19401, 14560, '05:17:00', '05:17:00', 40 );
INSERT INTO "times" VALUES ( 19401, 14570, '05:16:00', '05:16:00', 40 );

INSERT INTO "dias" VALUES ( 19402, 100, FALSE, TRUE, 'T0504H', 14510, 12710 );
INSERT INTO "dias_line_groups" VALUES ( 19402, 20 );
INSERT INTO "times" VALUES ( 19402, 12710, '05:57:00', NULL, NULL );
INSERT INTO "times" VALUES ( 19402, 14510, NULL, '05:43:00', 40 );
INSERT INTO "times" VALUES ( 19402, 14520, '05:45:00', '05:45:00', 40 );
INSERT INTO "times" VALUES ( 19402, 14530, '05:47:00', '05:47:00', 40 );
INSERT INTO "times" VALUES ( 19402, 14540, '05:49:00', '05:49:00', 40 );
INSERT INTO "times" VALUES ( 19402, 14550, '05:51:00', '05:51:00', 40 );
INSERT INTO "times" VALUES ( 19402, 14560, '05:53:00', '05:53:00', 40 );
INSERT INTO "times" VALUES ( 19402, 14570, '05:54:00', '05:54:00', 40 );

INSERT INTO "dias" VALUES ( 19403, 100, FALSE, TRUE, 'T0505W', 12710, 14510 );
INSERT INTO "dias_line_groups" VALUES ( 19403, 20 );
INSERT INTO "times" VALUES ( 19403, 12710, NULL, '05:23:00', 40 );
INSERT INTO "times" VALUES ( 19403, 14510, '05:36:00', NULL, NULL );
INSERT INTO "times" VALUES ( 19403, 14520, '05:34:00', '05:34:00', 40 );
INSERT INTO "times" VALUES ( 19403, 14530, '05:32:00', '05:32:00', 40 );
INSERT INTO "times" VALUES ( 19403, 14540, '05:30:00', '05:30:00', 40 );
INSERT INTO "times" VALUES ( 19403, 14550, '05:28:00', '05:28:00', 40 );
INSERT INTO "times" VALUES ( 19403, 14560, '05:26:00', '05:26:00', 40 );
INSERT INTO "times" VALUES ( 19403, 14570, '05:25:00', '05:25:00', 40 );

INSERT INTO "dias" VALUES ( 19404, 100, FALSE, TRUE, 'T0506H', 14510, 12710 );
INSERT INTO "dias_line_groups" VALUES ( 19404, 20 );
INSERT INTO "times" VALUES ( 19404, 12710, '06:08:00', NULL, NULL );
INSERT INTO "times" VALUES ( 19404, 14510, NULL, '05:55:00', 40 );
INSERT INTO "times" VALUES ( 19404, 14520, '05:56:00', '05:56:00', 40 );
INSERT INTO "times" VALUES ( 19404, 14530, '05:59:00', '05:59:00', 40 );
INSERT INTO "times" VALUES ( 19404, 14540, '06:01:00', '06:01:00', 40 );
INSERT INTO "times" VALUES ( 19404, 14550, '06:03:00', '06:03:00', 40 );
INSERT INTO "times" VALUES ( 19404, 14560, '06:04:00', '06:04:00', 40 );
INSERT INTO "times" VALUES ( 19404, 14570, '06:06:00', '06:06:00', 40 );

INSERT INTO "dias" VALUES ( 19405, 100, FALSE, TRUE, 'T0507W', 12710, 14510 );
INSERT INTO "dias_line_groups" VALUES ( 19405, 20 );
INSERT INTO "times" VALUES ( 19405, 12710, NULL, '05:35:00', 40 );
INSERT INTO "times" VALUES ( 19405, 14510, '05:48:00', NULL, NULL );
INSERT INTO "times" VALUES ( 19405, 14520, '05:47:00', '05:47:00', 40 );
INSERT INTO "times" VALUES ( 19405, 14530, '05:44:00', '05:44:00', 40 );
INSERT INTO "times" VALUES ( 19405, 14540, '05:42:00', '05:42:00', 40 );
INSERT INTO "times" VALUES ( 19405, 14550, '05:40:00', '05:40:00', 40 );
INSERT INTO "times" VALUES ( 19405, 14560, '05:39:00', '05:39:00', 40 );
INSERT INTO "times" VALUES ( 19405, 14570, '05:37:00', '05:37:00', 40 );

INSERT INTO "dias" VALUES ( 19406, 100, FALSE, TRUE, 'T0509W', 12710, 14510 );
INSERT INTO "dias_line_groups" VALUES ( 19406, 20 );
INSERT INTO "times" VALUES ( 19406, 12710, NULL, '05:49:00', 40 );
INSERT INTO "times" VALUES ( 19406, 14510, '06:02:00', NULL, NULL );
INSERT INTO "times" VALUES ( 19406, 14520, '06:00:00', '06:00:00', 40 );
INSERT INTO "times" VALUES ( 19406, 14530, '05:58:00', '05:58:00', 40 );
INSERT INTO "times" VALUES ( 19406, 14540, '05:56:00', '05:56:00', 40 );
INSERT INTO "times" VALUES ( 19406, 14550, '05:54:00', '05:54:00', 40 );
INSERT INTO "times" VALUES ( 19406, 14560, '05:52:00', '05:52:00', 40 );
INSERT INTO "times" VALUES ( 19406, 14570, '05:51:00', '05:51:00', 40 );

INSERT INTO "dias" VALUES ( 19407, 100, FALSE, TRUE, 'T0600H', 14510, 12710 );
INSERT INTO "dias_line_groups" VALUES ( 19407, 20 );
INSERT INTO "times" VALUES ( 19407, 12710, '06:23:00', NULL, NULL );
INSERT INTO "times" VALUES ( 19407, 14510, NULL, '06:10:00', 40 );
INSERT INTO "times" VALUES ( 19407, 14520, '06:11:00', '06:11:00', 40 );
INSERT INTO "times" VALUES ( 19407, 14530, '06:14:00', '06:14:00', 40 );
INSERT INTO "times" VALUES ( 19407, 14540, '06:16:00', '06:16:00', 40 );
INSERT INTO "times" VALUES ( 19407, 14550, '06:18:00', '06:18:00', 40 );
INSERT INTO "times" VALUES ( 19407, 14560, '06:19:00', '06:19:00', 40 );
INSERT INTO "times" VALUES ( 19407, 14570, '06:21:00', '06:21:00', 40 );

INSERT INTO "dias" VALUES ( 19408, 100, FALSE, TRUE, 'T0601W', 12710, 14510 );
INSERT INTO "dias_line_groups" VALUES ( 19408, 20 );
INSERT INTO "times" VALUES ( 19408, 12710, NULL, '06:02:00', 40 );
INSERT INTO "times" VALUES ( 19408, 14510, '06:15:00', NULL, NULL );
INSERT INTO "times" VALUES ( 19408, 14520, '06:13:00', '06:13:00', 40 );
INSERT INTO "times" VALUES ( 19408, 14530, '06:11:00', '06:11:00', 40 );
INSERT INTO "times" VALUES ( 19408, 14540, '06:09:00', '06:09:00', 40 );
INSERT INTO "times" VALUES ( 19408, 14550, '06:07:00', '06:07:00', 40 );
INSERT INTO "times" VALUES ( 19408, 14560, '06:05:00', '06:05:00', 40 );
INSERT INTO "times" VALUES ( 19408, 14570, '06:04:00', '06:04:00', 40 );

INSERT INTO "dias" VALUES ( 19409, 100, FALSE, TRUE, 'T0602H', 14510, 12710 );
INSERT INTO "dias_line_groups" VALUES ( 19409, 20 );
INSERT INTO "times" VALUES ( 19409, 12710, '06:32:00', NULL, NULL );
INSERT INTO "times" VALUES ( 19409, 14510, NULL, '06:18:00', 40 );
INSERT INTO "times" VALUES ( 19409, 14520, '06:20:00', '06:20:00', 40 );
INSERT INTO "times" VALUES ( 19409, 14530, '06:23:00', '06:23:00', 40 );
INSERT INTO "times" VALUES ( 19409, 14540, '06:24:00', '06:24:00', 40 );
INSERT INTO "times" VALUES ( 19409, 14550, '06:26:00', '06:26:00', 40 );
INSERT INTO "times" VALUES ( 19409, 14560, '06:28:00', '06:28:00', 40 );
INSERT INTO "times" VALUES ( 19409, 14570, '06:30:00', '06:30:00', 40 );

INSERT INTO "dias" VALUES ( 19410, 100, FALSE, TRUE, 'T0603W', 12710, 14510 );
INSERT INTO "dias_line_groups" VALUES ( 19410, 20 );
INSERT INTO "times" VALUES ( 19410, 12710, NULL, '06:16:00', 40 );
INSERT INTO "times" VALUES ( 19410, 14510, '06:29:00', NULL, NULL );
INSERT INTO "times" VALUES ( 19410, 14520, '06:27:00', '06:27:00', 40 );
INSERT INTO "times" VALUES ( 19410, 14530, '06:25:00', '06:25:00', 40 );
INSERT INTO "times" VALUES ( 19410, 14540, '06:23:00', '06:23:00', 40 );
INSERT INTO "times" VALUES ( 19410, 14550, '06:21:00', '06:21:00', 40 );
INSERT INTO "times" VALUES ( 19410, 14560, '06:20:00', '06:20:00', 40 );
INSERT INTO "times" VALUES ( 19410, 14570, '06:18:00', '06:18:00', 40 );

INSERT INTO "dias" VALUES ( 19411, 100, FALSE, TRUE, 'T0604H', 14510, 12710 );
INSERT INTO "dias_line_groups" VALUES ( 19411, 20 );
INSERT INTO "times" VALUES ( 19411, 12710, '06:46:00', NULL, NULL );
INSERT INTO "times" VALUES ( 19411, 14510, NULL, '06:32:00', 40 );
INSERT INTO "times" VALUES ( 19411, 14520, '06:34:00', '06:34:00', 40 );
INSERT INTO "times" VALUES ( 19411, 14530, '06:36:00', '06:36:00', 40 );
INSERT INTO "times" VALUES ( 19411, 14540, '06:38:00', '06:38:00', 40 );
INSERT INTO "times" VALUES ( 19411, 14550, '06:40:00', '06:40:00', 40 );
INSERT INTO "times" VALUES ( 19411, 14560, '06:42:00', '06:42:00', 40 );
INSERT INTO "times" VALUES ( 19411, 14570, '06:43:00', '06:43:00', 40 );

INSERT INTO "dias" VALUES ( 19412, 100, FALSE, TRUE, 'T0605W', 12710, 14510 );
INSERT INTO "dias_line_groups" VALUES ( 19412, 20 );
INSERT INTO "times" VALUES ( 19412, 12710, NULL, '06:26:00', 40 );
INSERT INTO "times" VALUES ( 19412, 14510, '06:40:00', NULL, NULL );
INSERT INTO "times" VALUES ( 19412, 14520, '06:38:00', '06:38:00', 40 );
INSERT INTO "times" VALUES ( 19412, 14530, '06:35:00', '06:35:00', 40 );
INSERT INTO "times" VALUES ( 19412, 14540, '06:33:00', '06:33:00', 40 );
INSERT INTO "times" VALUES ( 19412, 14550, '06:32:00', '06:32:00', 40 );
INSERT INTO "times" VALUES ( 19412, 14560, '06:30:00', '06:30:00', 40 );
INSERT INTO "times" VALUES ( 19412, 14570, '06:28:00', '06:28:00', 40 );

INSERT INTO "dias" VALUES ( 19413, 100, FALSE, TRUE, 'T0606H', 14510, 12710 );
INSERT INTO "dias_line_groups" VALUES ( 19413, 20 );
INSERT INTO "times" VALUES ( 19413, 12710, '06:56:00', NULL, NULL );
INSERT INTO "times" VALUES ( 19413, 14510, NULL, '06:43:00', 40 );
INSERT INTO "times" VALUES ( 19413, 14520, '06:44:00', '06:44:00', 40 );
INSERT INTO "times" VALUES ( 19413, 14530, '06:47:00', '06:47:00', 40 );
INSERT INTO "times" VALUES ( 19413, 14540, '06:49:00', '06:49:00', 40 );
INSERT INTO "times" VALUES ( 19413, 14550, '06:51:00', '06:51:00', 40 );
INSERT INTO "times" VALUES ( 19413, 14560, '06:52:00', '06:52:00', 40 );
INSERT INTO "times" VALUES ( 19413, 14570, '06:54:00', '06:54:00', 40 );

INSERT INTO "dias" VALUES ( 19414, 100, FALSE, TRUE, 'T0607W', 12710, 14510 );
INSERT INTO "dias_line_groups" VALUES ( 19414, 20 );
INSERT INTO "times" VALUES ( 19414, 12710, NULL, '06:36:00', 40 );
INSERT INTO "times" VALUES ( 19414, 14510, '06:50:00', NULL, NULL );
INSERT INTO "times" VALUES ( 19414, 14520, '06:48:00', '06:48:00', 40 );
INSERT INTO "times" VALUES ( 19414, 14530, '06:45:00', '06:45:00', 40 );
INSERT INTO "times" VALUES ( 19414, 14540, '06:43:00', '06:43:00', 40 );
INSERT INTO "times" VALUES ( 19414, 14550, '06:42:00', '06:42:00', 40 );
INSERT INTO "times" VALUES ( 19414, 14560, '06:40:00', '06:40:00', 40 );
INSERT INTO "times" VALUES ( 19414, 14570, '06:38:00', '06:38:00', 40 );

INSERT INTO "dias" VALUES ( 19415, 100, FALSE, TRUE, 'T0608H', 14510, 12710 );
INSERT INTO "dias_line_groups" VALUES ( 19415, 20 );
INSERT INTO "times" VALUES ( 19415, 12710, '07:07:00', NULL, NULL );
INSERT INTO "times" VALUES ( 19415, 14510, NULL, '06:53:00', 40 );
INSERT INTO "times" VALUES ( 19415, 14520, '06:55:00', '06:55:00', 40 );
INSERT INTO "times" VALUES ( 19415, 14530, '06:57:00', '06:57:00', 40 );
INSERT INTO "times" VALUES ( 19415, 14540, '06:59:00', '06:59:00', 40 );
INSERT INTO "times" VALUES ( 19415, 14550, '07:01:00', '07:01:00', 40 );
INSERT INTO "times" VALUES ( 19415, 14560, '07:03:00', '07:03:00', 40 );
INSERT INTO "times" VALUES ( 19415, 14570, '07:04:00', '07:04:00', 40 );

INSERT INTO "dias" VALUES ( 19416, 100, FALSE, TRUE, 'T0609W', 12710, 14510 );
INSERT INTO "dias_line_groups" VALUES ( 19416, 20 );
INSERT INTO "times" VALUES ( 19416, 12710, NULL, '06:46:00', 40 );
INSERT INTO "times" VALUES ( 19416, 14510, '06:59:00', NULL, NULL );
INSERT INTO "times" VALUES ( 19416, 14520, '06:57:00', '06:57:00', 40 );
INSERT INTO "times" VALUES ( 19416, 14530, '06:55:00', '06:55:00', 40 );
INSERT INTO "times" VALUES ( 19416, 14540, '06:53:00', '06:53:00', 40 );
INSERT INTO "times" VALUES ( 19416, 14550, '06:51:00', '06:51:00', 40 );
INSERT INTO "times" VALUES ( 19416, 14560, '06:50:00', '06:50:00', 40 );
INSERT INTO "times" VALUES ( 19416, 14570, '06:48:00', '06:48:00', 40 );

INSERT INTO "dias" VALUES ( 19417, 100, FALSE, TRUE, 'T0611W', 12710, 14510 );
INSERT INTO "dias_line_groups" VALUES ( 19417, 20 );
INSERT INTO "times" VALUES ( 19417, 12710, NULL, '06:56:00', 40 );
INSERT INTO "times" VALUES ( 19417, 14510, '07:10:00', NULL, NULL );
INSERT INTO "times" VALUES ( 19417, 14520, '07:08:00', '07:08:00', 40 );
INSERT INTO "times" VALUES ( 19417, 14530, '07:05:00', '07:05:00', 40 );
INSERT INTO "times" VALUES ( 19417, 14540, '07:03:00', '07:03:00', 40 );
INSERT INTO "times" VALUES ( 19417, 14550, '07:02:00', '07:02:00', 40 );
INSERT INTO "times" VALUES ( 19417, 14560, '07:00:00', '07:00:00', 40 );
INSERT INTO "times" VALUES ( 19417, 14570, '06:58:00', '06:58:00', 40 );

INSERT INTO "dias" VALUES ( 19418, 100, FALSE, TRUE, 'T0700H', 14510, 12710 );
INSERT INTO "dias_line_groups" VALUES ( 19418, 20 );
INSERT INTO "times" VALUES ( 19418, 12710, '07:16:00', NULL, NULL );
INSERT INTO "times" VALUES ( 19418, 14510, NULL, '07:02:00', 40 );
INSERT INTO "times" VALUES ( 19418, 14520, '07:04:00', '07:04:00', 40 );
INSERT INTO "times" VALUES ( 19418, 14530, '07:06:00', '07:06:00', 40 );
INSERT INTO "times" VALUES ( 19418, 14540, '07:08:00', '07:08:00', 40 );
INSERT INTO "times" VALUES ( 19418, 14550, '07:10:00', '07:10:00', 40 );
INSERT INTO "times" VALUES ( 19418, 14560, '07:12:00', '07:12:00', 40 );
INSERT INTO "times" VALUES ( 19418, 14570, '07:13:00', '07:13:00', 40 );

INSERT INTO "dias" VALUES ( 19419, 100, FALSE, TRUE, 'T0701W', 12710, 14510 );
INSERT INTO "dias_line_groups" VALUES ( 19419, 20 );
INSERT INTO "times" VALUES ( 19419, 12710, NULL, '07:05:00', 40 );
INSERT INTO "times" VALUES ( 19419, 14510, '07:18:00', NULL, NULL );
INSERT INTO "times" VALUES ( 19419, 14520, '07:17:00', '07:17:00', 40 );
INSERT INTO "times" VALUES ( 19419, 14530, '07:14:00', '07:14:00', 40 );
INSERT INTO "times" VALUES ( 19419, 14540, '07:12:00', '07:12:00', 40 );
INSERT INTO "times" VALUES ( 19419, 14550, '07:10:00', '07:10:00', 40 );
INSERT INTO "times" VALUES ( 19419, 14560, '07:09:00', '07:09:00', 40 );
INSERT INTO "times" VALUES ( 19419, 14570, '07:07:00', '07:07:00', 40 );

INSERT INTO "dias" VALUES ( 19420, 100, FALSE, TRUE, 'T0702H', 14510, 12710 );
INSERT INTO "dias_line_groups" VALUES ( 19420, 20 );
INSERT INTO "times" VALUES ( 19420, 12710, '07:26:00', NULL, NULL );
INSERT INTO "times" VALUES ( 19420, 14510, NULL, '07:13:00', 40 );
INSERT INTO "times" VALUES ( 19420, 14520, '07:14:00', '07:14:00', 40 );
INSERT INTO "times" VALUES ( 19420, 14530, '07:17:00', '07:17:00', 40 );
INSERT INTO "times" VALUES ( 19420, 14540, '07:19:00', '07:19:00', 40 );
INSERT INTO "times" VALUES ( 19420, 14550, '07:21:00', '07:21:00', 40 );
INSERT INTO "times" VALUES ( 19420, 14560, '07:22:00', '07:22:00', 40 );
INSERT INTO "times" VALUES ( 19420, 14570, '07:24:00', '07:24:00', 40 );

INSERT INTO "dias" VALUES ( 19421, 100, FALSE, TRUE, 'T0703W', 12710, 14510 );
INSERT INTO "dias_line_groups" VALUES ( 19421, 20 );
INSERT INTO "times" VALUES ( 19421, 12710, NULL, '07:16:00', 40 );
INSERT INTO "times" VALUES ( 19421, 14510, '07:29:00', NULL, NULL );
INSERT INTO "times" VALUES ( 19421, 14520, '07:28:00', '07:28:00', 40 );
INSERT INTO "times" VALUES ( 19421, 14530, '07:25:00', '07:25:00', 40 );
INSERT INTO "times" VALUES ( 19421, 14540, '07:23:00', '07:23:00', 40 );
INSERT INTO "times" VALUES ( 19421, 14550, '07:21:00', '07:21:00', 40 );
INSERT INTO "times" VALUES ( 19421, 14560, '07:20:00', '07:20:00', 40 );
INSERT INTO "times" VALUES ( 19421, 14570, '07:18:00', '07:18:00', 40 );

INSERT INTO "dias" VALUES ( 19422, 100, FALSE, TRUE, 'T0704H', 14510, 12710 );
INSERT INTO "dias_line_groups" VALUES ( 19422, 20 );
INSERT INTO "times" VALUES ( 19422, 12710, '07:38:00', NULL, NULL );
INSERT INTO "times" VALUES ( 19422, 14510, NULL, '07:25:00', 40 );
INSERT INTO "times" VALUES ( 19422, 14520, '07:26:00', '07:26:00', 40 );
INSERT INTO "times" VALUES ( 19422, 14530, '07:29:00', '07:29:00', 40 );
INSERT INTO "times" VALUES ( 19422, 14540, '07:31:00', '07:31:00', 40 );
INSERT INTO "times" VALUES ( 19422, 14550, '07:33:00', '07:33:00', 40 );
INSERT INTO "times" VALUES ( 19422, 14560, '07:34:00', '07:34:00', 40 );
INSERT INTO "times" VALUES ( 19422, 14570, '07:36:00', '07:36:00', 40 );

INSERT INTO "dias" VALUES ( 19423, 100, FALSE, TRUE, 'T0705W', 12710, 14510 );
INSERT INTO "dias_line_groups" VALUES ( 19423, 20 );
INSERT INTO "times" VALUES ( 19423, 12710, NULL, '07:26:00', 40 );
INSERT INTO "times" VALUES ( 19423, 14510, '07:40:00', NULL, NULL );
INSERT INTO "times" VALUES ( 19423, 14520, '07:38:00', '07:38:00', 40 );
INSERT INTO "times" VALUES ( 19423, 14530, '07:35:00', '07:35:00', 40 );
INSERT INTO "times" VALUES ( 19423, 14540, '07:33:00', '07:33:00', 40 );
INSERT INTO "times" VALUES ( 19423, 14550, '07:32:00', '07:32:00', 40 );
INSERT INTO "times" VALUES ( 19423, 14560, '07:30:00', '07:30:00', 40 );
INSERT INTO "times" VALUES ( 19423, 14570, '07:28:00', '07:28:00', 40 );

INSERT INTO "dias" VALUES ( 19424, 100, FALSE, TRUE, 'T0706H', 14510, 12710 );
INSERT INTO "dias_line_groups" VALUES ( 19424, 20 );
INSERT INTO "times" VALUES ( 19424, 12710, '07:48:00', NULL, NULL );
INSERT INTO "times" VALUES ( 19424, 14510, NULL, '07:35:00', 40 );
INSERT INTO "times" VALUES ( 19424, 14520, '07:36:00', '07:36:00', 40 );
INSERT INTO "times" VALUES ( 19424, 14530, '07:39:00', '07:39:00', 40 );
INSERT INTO "times" VALUES ( 19424, 14540, '07:41:00', '07:41:00', 40 );
INSERT INTO "times" VALUES ( 19424, 14550, '07:43:00', '07:43:00', 40 );
INSERT INTO "times" VALUES ( 19424, 14560, '07:44:00', '07:44:00', 40 );
INSERT INTO "times" VALUES ( 19424, 14570, '07:46:00', '07:46:00', 40 );

INSERT INTO "dias" VALUES ( 19425, 100, FALSE, TRUE, 'T0707W', 12710, 14510 );
INSERT INTO "dias_line_groups" VALUES ( 19425, 20 );
INSERT INTO "times" VALUES ( 19425, 12710, NULL, '07:35:00', 40 );
INSERT INTO "times" VALUES ( 19425, 14510, '07:49:00', NULL, NULL );
INSERT INTO "times" VALUES ( 19425, 14520, '07:47:00', '07:47:00', 40 );
INSERT INTO "times" VALUES ( 19425, 14530, '07:44:00', '07:44:00', 40 );
INSERT INTO "times" VALUES ( 19425, 14540, '07:42:00', '07:42:00', 40 );
INSERT INTO "times" VALUES ( 19425, 14550, '07:41:00', '07:41:00', 40 );
INSERT INTO "times" VALUES ( 19425, 14560, '07:39:00', '07:39:00', 40 );
INSERT INTO "times" VALUES ( 19425, 14570, '07:37:00', '07:37:00', 40 );

INSERT INTO "dias" VALUES ( 19426, 100, FALSE, TRUE, 'T0708H', 14510, 12710 );
INSERT INTO "dias_line_groups" VALUES ( 19426, 20 );
INSERT INTO "times" VALUES ( 19426, 12710, '07:58:00', NULL, NULL );
INSERT INTO "times" VALUES ( 19426, 14510, NULL, '07:45:00', 40 );
INSERT INTO "times" VALUES ( 19426, 14520, '07:46:00', '07:46:00', 40 );
INSERT INTO "times" VALUES ( 19426, 14530, '07:49:00', '07:49:00', 40 );
INSERT INTO "times" VALUES ( 19426, 14540, '07:51:00', '07:51:00', 40 );
INSERT INTO "times" VALUES ( 19426, 14550, '07:53:00', '07:53:00', 40 );
INSERT INTO "times" VALUES ( 19426, 14560, '07:54:00', '07:54:00', 40 );
INSERT INTO "times" VALUES ( 19426, 14570, '07:56:00', '07:56:00', 40 );

INSERT INTO "dias" VALUES ( 19427, 100, FALSE, TRUE, 'T0709W', 12710, 14510 );
INSERT INTO "dias_line_groups" VALUES ( 19427, 20 );
INSERT INTO "times" VALUES ( 19427, 12710, NULL, '07:45:00', 40 );
INSERT INTO "times" VALUES ( 19427, 14510, '07:58:00', NULL, NULL );
INSERT INTO "times" VALUES ( 19427, 14520, '07:57:00', '07:57:00', 40 );
INSERT INTO "times" VALUES ( 19427, 14530, '07:54:00', '07:54:00', 40 );
INSERT INTO "times" VALUES ( 19427, 14540, '07:52:00', '07:52:00', 40 );
INSERT INTO "times" VALUES ( 19427, 14550, '07:50:00', '07:50:00', 40 );
INSERT INTO "times" VALUES ( 19427, 14560, '07:49:00', '07:49:00', 40 );
INSERT INTO "times" VALUES ( 19427, 14570, '07:47:00', '07:47:00', 40 );

INSERT INTO "dias" VALUES ( 19428, 100, FALSE, TRUE, 'T0710H', 14510, 12710 );
INSERT INTO "dias_line_groups" VALUES ( 19428, 20 );
INSERT INTO "times" VALUES ( 19428, 12710, '08:08:00', NULL, NULL );
INSERT INTO "times" VALUES ( 19428, 14510, NULL, '07:54:00', 40 );
INSERT INTO "times" VALUES ( 19428, 14520, '07:56:00', '07:56:00', 40 );
INSERT INTO "times" VALUES ( 19428, 14530, '07:58:00', '07:58:00', 40 );
INSERT INTO "times" VALUES ( 19428, 14540, '08:00:00', '08:00:00', 40 );
INSERT INTO "times" VALUES ( 19428, 14550, '08:02:00', '08:02:00', 40 );
INSERT INTO "times" VALUES ( 19428, 14560, '08:04:00', '08:04:00', 40 );
INSERT INTO "times" VALUES ( 19428, 14570, '08:05:00', '08:05:00', 40 );

INSERT INTO "dias" VALUES ( 19429, 100, FALSE, TRUE, 'T0711W', 12710, 14510 );
INSERT INTO "dias_line_groups" VALUES ( 19429, 20 );
INSERT INTO "times" VALUES ( 19429, 12710, NULL, '07:55:00', 40 );
INSERT INTO "times" VALUES ( 19429, 14510, '08:09:00', NULL, NULL );
INSERT INTO "times" VALUES ( 19429, 14520, '08:07:00', '08:07:00', 40 );
INSERT INTO "times" VALUES ( 19429, 14530, '08:04:00', '08:04:00', 40 );
INSERT INTO "times" VALUES ( 19429, 14540, '08:02:00', '08:02:00', 40 );
INSERT INTO "times" VALUES ( 19429, 14550, '08:01:00', '08:01:00', 40 );
INSERT INTO "times" VALUES ( 19429, 14560, '07:59:00', '07:59:00', 40 );
INSERT INTO "times" VALUES ( 19429, 14570, '07:57:00', '07:57:00', 40 );

INSERT INTO "dias" VALUES ( 19430, 100, FALSE, TRUE, 'T0800H', 14510, 12710 );
INSERT INTO "dias_line_groups" VALUES ( 19430, 20 );
INSERT INTO "times" VALUES ( 19430, 12710, '08:19:00', NULL, NULL );
INSERT INTO "times" VALUES ( 19430, 14510, NULL, '08:05:00', 40 );
INSERT INTO "times" VALUES ( 19430, 14520, '08:07:00', '08:07:00', 40 );
INSERT INTO "times" VALUES ( 19430, 14530, '08:09:00', '08:09:00', 40 );
INSERT INTO "times" VALUES ( 19430, 14540, '08:11:00', '08:11:00', 40 );
INSERT INTO "times" VALUES ( 19430, 14550, '08:13:00', '08:13:00', 40 );
INSERT INTO "times" VALUES ( 19430, 14560, '08:15:00', '08:15:00', 40 );
INSERT INTO "times" VALUES ( 19430, 14570, '08:16:00', '08:16:00', 40 );

INSERT INTO "dias" VALUES ( 19431, 100, FALSE, TRUE, 'T0801W', 12710, 14510 );
INSERT INTO "dias_line_groups" VALUES ( 19431, 20 );
INSERT INTO "times" VALUES ( 19431, 12710, NULL, '08:05:00', 40 );
INSERT INTO "times" VALUES ( 19431, 14510, '08:18:00', NULL, NULL );
INSERT INTO "times" VALUES ( 19431, 14520, '08:16:00', '08:16:00', 40 );
INSERT INTO "times" VALUES ( 19431, 14530, '08:14:00', '08:14:00', 40 );
INSERT INTO "times" VALUES ( 19431, 14540, '08:12:00', '08:12:00', 40 );
INSERT INTO "times" VALUES ( 19431, 14550, '08:10:00', '08:10:00', 40 );
INSERT INTO "times" VALUES ( 19431, 14560, '08:08:00', '08:08:00', 40 );
INSERT INTO "times" VALUES ( 19431, 14570, '08:07:00', '08:07:00', 40 );

INSERT INTO "dias" VALUES ( 19432, 100, FALSE, TRUE, 'T0802H', 14510, 12710 );
INSERT INTO "dias_line_groups" VALUES ( 19432, 20 );
INSERT INTO "times" VALUES ( 19432, 12710, '08:29:00', NULL, NULL );
INSERT INTO "times" VALUES ( 19432, 14510, NULL, '08:15:00', 40 );
INSERT INTO "times" VALUES ( 19432, 14520, '08:17:00', '08:17:00', 40 );
INSERT INTO "times" VALUES ( 19432, 14530, '08:19:00', '08:19:00', 40 );
INSERT INTO "times" VALUES ( 19432, 14540, '08:21:00', '08:21:00', 40 );
INSERT INTO "times" VALUES ( 19432, 14550, '08:23:00', '08:23:00', 40 );
INSERT INTO "times" VALUES ( 19432, 14560, '08:25:00', '08:25:00', 40 );
INSERT INTO "times" VALUES ( 19432, 14570, '08:26:00', '08:26:00', 40 );

INSERT INTO "dias" VALUES ( 19433, 100, FALSE, TRUE, 'T0803W', 12710, 14510 );
INSERT INTO "dias_line_groups" VALUES ( 19433, 20 );
INSERT INTO "times" VALUES ( 19433, 12710, NULL, '08:15:00', 40 );
INSERT INTO "times" VALUES ( 19433, 14510, '08:28:00', NULL, NULL );
INSERT INTO "times" VALUES ( 19433, 14520, '08:26:00', '08:26:00', 40 );
INSERT INTO "times" VALUES ( 19433, 14530, '08:24:00', '08:24:00', 40 );
INSERT INTO "times" VALUES ( 19433, 14540, '08:22:00', '08:22:00', 40 );
INSERT INTO "times" VALUES ( 19433, 14550, '08:20:00', '08:20:00', 40 );
INSERT INTO "times" VALUES ( 19433, 14560, '08:18:00', '08:18:00', 40 );
INSERT INTO "times" VALUES ( 19433, 14570, '08:17:00', '08:17:00', 40 );

INSERT INTO "dias" VALUES ( 19434, 100, FALSE, TRUE, 'T0804H', 14510, 12710 );
INSERT INTO "dias_line_groups" VALUES ( 19434, 20 );
INSERT INTO "times" VALUES ( 19434, 12710, '08:34:00', NULL, NULL );
INSERT INTO "times" VALUES ( 19434, 14510, NULL, '08:21:00', 40 );
INSERT INTO "times" VALUES ( 19434, 14520, '08:23:00', '08:23:00', 40 );
INSERT INTO "times" VALUES ( 19434, 14530, '08:25:00', '08:25:00', 40 );
INSERT INTO "times" VALUES ( 19434, 14540, '08:27:00', '08:27:00', 40 );
INSERT INTO "times" VALUES ( 19434, 14550, '08:29:00', '08:29:00', 40 );
INSERT INTO "times" VALUES ( 19434, 14560, '08:31:00', '08:31:00', 40 );
INSERT INTO "times" VALUES ( 19434, 14570, '08:32:00', '08:32:00', 40 );

INSERT INTO "dias" VALUES ( 19435, 100, FALSE, TRUE, 'T0805W', 12710, 14510 );
INSERT INTO "dias_line_groups" VALUES ( 19435, 20 );
INSERT INTO "times" VALUES ( 19435, 12710, NULL, '08:25:00', 40 );
INSERT INTO "times" VALUES ( 19435, 14510, '08:39:00', NULL, NULL );
INSERT INTO "times" VALUES ( 19435, 14520, '08:37:00', '08:37:00', 40 );
INSERT INTO "times" VALUES ( 19435, 14530, '08:34:00', '08:34:00', 40 );
INSERT INTO "times" VALUES ( 19435, 14540, '08:32:00', '08:32:00', 40 );
INSERT INTO "times" VALUES ( 19435, 14550, '08:31:00', '08:31:00', 40 );
INSERT INTO "times" VALUES ( 19435, 14560, '08:29:00', '08:29:00', 40 );
INSERT INTO "times" VALUES ( 19435, 14570, '08:27:00', '08:27:00', 40 );

INSERT INTO "dias" VALUES ( 19436, 100, FALSE, TRUE, 'T0806H', 14510, 12710 );
INSERT INTO "dias_line_groups" VALUES ( 19436, 20 );
INSERT INTO "times" VALUES ( 19436, 12710, '08:44:00', NULL, NULL );
INSERT INTO "times" VALUES ( 19436, 14510, NULL, '08:31:00', 40 );
INSERT INTO "times" VALUES ( 19436, 14520, '08:33:00', '08:33:00', 40 );
INSERT INTO "times" VALUES ( 19436, 14530, '08:35:00', '08:35:00', 40 );
INSERT INTO "times" VALUES ( 19436, 14540, '08:37:00', '08:37:00', 40 );
INSERT INTO "times" VALUES ( 19436, 14550, '08:39:00', '08:39:00', 40 );
INSERT INTO "times" VALUES ( 19436, 14560, '08:41:00', '08:41:00', 40 );
INSERT INTO "times" VALUES ( 19436, 14570, '08:42:00', '08:42:00', 40 );

INSERT INTO "dias" VALUES ( 19437, 100, FALSE, TRUE, 'T0807W', 12710, 14510 );
INSERT INTO "dias_line_groups" VALUES ( 19437, 20 );
INSERT INTO "times" VALUES ( 19437, 12710, NULL, '08:35:00', 40 );
INSERT INTO "times" VALUES ( 19437, 14510, '08:49:00', NULL, NULL );
INSERT INTO "times" VALUES ( 19437, 14520, '08:47:00', '08:47:00', 40 );
INSERT INTO "times" VALUES ( 19437, 14530, '08:44:00', '08:44:00', 40 );
INSERT INTO "times" VALUES ( 19437, 14540, '08:42:00', '08:42:00', 40 );
INSERT INTO "times" VALUES ( 19437, 14550, '08:41:00', '08:41:00', 40 );
INSERT INTO "times" VALUES ( 19437, 14560, '08:39:00', '08:39:00', 40 );
INSERT INTO "times" VALUES ( 19437, 14570, '08:37:00', '08:37:00', 40 );

INSERT INTO "dias" VALUES ( 19438, 100, FALSE, TRUE, 'T0808H', 14510, 12710 );
INSERT INTO "dias_line_groups" VALUES ( 19438, 20 );
INSERT INTO "times" VALUES ( 19438, 12710, '08:55:00', NULL, NULL );
INSERT INTO "times" VALUES ( 19438, 14510, NULL, '08:42:00', 40 );
INSERT INTO "times" VALUES ( 19438, 14520, '08:43:00', '08:43:00', 40 );
INSERT INTO "times" VALUES ( 19438, 14530, '08:46:00', '08:46:00', 40 );
INSERT INTO "times" VALUES ( 19438, 14540, '08:48:00', '08:48:00', 40 );
INSERT INTO "times" VALUES ( 19438, 14550, '08:50:00', '08:50:00', 40 );
INSERT INTO "times" VALUES ( 19438, 14560, '08:51:00', '08:51:00', 40 );
INSERT INTO "times" VALUES ( 19438, 14570, '08:53:00', '08:53:00', 40 );

INSERT INTO "dias" VALUES ( 19439, 100, FALSE, TRUE, 'T0809W', 12710, 14510 );
INSERT INTO "dias_line_groups" VALUES ( 19439, 20 );
INSERT INTO "times" VALUES ( 19439, 12710, NULL, '08:45:00', 40 );
INSERT INTO "times" VALUES ( 19439, 14510, '08:59:00', NULL, NULL );
INSERT INTO "times" VALUES ( 19439, 14520, '08:57:00', '08:57:00', 40 );
INSERT INTO "times" VALUES ( 19439, 14530, '08:54:00', '08:54:00', 40 );
INSERT INTO "times" VALUES ( 19439, 14540, '08:52:00', '08:52:00', 40 );
INSERT INTO "times" VALUES ( 19439, 14550, '08:51:00', '08:51:00', 40 );
INSERT INTO "times" VALUES ( 19439, 14560, '08:49:00', '08:49:00', 40 );
INSERT INTO "times" VALUES ( 19439, 14570, '08:47:00', '08:47:00', 40 );

INSERT INTO "dias" VALUES ( 19440, 100, FALSE, TRUE, 'T0810H', 14510, 12710 );
INSERT INTO "dias_line_groups" VALUES ( 19440, 20 );
INSERT INTO "times" VALUES ( 19440, 12710, '09:05:00', NULL, NULL );
INSERT INTO "times" VALUES ( 19440, 14510, NULL, '08:52:00', 40 );
INSERT INTO "times" VALUES ( 19440, 14520, '08:53:00', '08:53:00', 40 );
INSERT INTO "times" VALUES ( 19440, 14530, '08:56:00', '08:56:00', 40 );
INSERT INTO "times" VALUES ( 19440, 14540, '08:58:00', '08:58:00', 40 );
INSERT INTO "times" VALUES ( 19440, 14550, '09:00:00', '09:00:00', 40 );
INSERT INTO "times" VALUES ( 19440, 14560, '09:01:00', '09:01:00', 40 );
INSERT INTO "times" VALUES ( 19440, 14570, '09:03:00', '09:03:00', 40 );

INSERT INTO "dias" VALUES ( 19441, 100, FALSE, TRUE, 'T0811W', 12710, 14510 );
INSERT INTO "dias_line_groups" VALUES ( 19441, 20 );
INSERT INTO "times" VALUES ( 19441, 12710, NULL, '08:55:00', 40 );
INSERT INTO "times" VALUES ( 19441, 14510, '09:09:00', NULL, NULL );
INSERT INTO "times" VALUES ( 19441, 14520, '09:07:00', '09:07:00', 40 );
INSERT INTO "times" VALUES ( 19441, 14530, '09:04:00', '09:04:00', 40 );
INSERT INTO "times" VALUES ( 19441, 14540, '09:02:00', '09:02:00', 40 );
INSERT INTO "times" VALUES ( 19441, 14550, '09:01:00', '09:01:00', 40 );
INSERT INTO "times" VALUES ( 19441, 14560, '08:59:00', '08:59:00', 40 );
INSERT INTO "times" VALUES ( 19441, 14570, '08:57:00', '08:57:00', 40 );

INSERT INTO "dias" VALUES ( 19442, 100, FALSE, TRUE, 'T0900H', 14510, 12710 );
INSERT INTO "dias_line_groups" VALUES ( 19442, 20 );
INSERT INTO "times" VALUES ( 19442, 12710, '09:15:00', NULL, NULL );
INSERT INTO "times" VALUES ( 19442, 14510, NULL, '09:02:00', 40 );
INSERT INTO "times" VALUES ( 19442, 14520, '09:03:00', '09:03:00', 40 );
INSERT INTO "times" VALUES ( 19442, 14530, '09:06:00', '09:06:00', 40 );
INSERT INTO "times" VALUES ( 19442, 14540, '09:08:00', '09:08:00', 40 );
INSERT INTO "times" VALUES ( 19442, 14550, '09:10:00', '09:10:00', 40 );
INSERT INTO "times" VALUES ( 19442, 14560, '09:11:00', '09:11:00', 40 );
INSERT INTO "times" VALUES ( 19442, 14570, '09:13:00', '09:13:00', 40 );

INSERT INTO "dias" VALUES ( 19443, 100, FALSE, TRUE, 'T0901W', 12710, 14510 );
INSERT INTO "dias_line_groups" VALUES ( 19443, 20 );
INSERT INTO "times" VALUES ( 19443, 12710, NULL, '09:05:00', 40 );
INSERT INTO "times" VALUES ( 19443, 14510, '09:19:00', NULL, NULL );
INSERT INTO "times" VALUES ( 19443, 14520, '09:17:00', '09:17:00', 40 );
INSERT INTO "times" VALUES ( 19443, 14530, '09:14:00', '09:14:00', 40 );
INSERT INTO "times" VALUES ( 19443, 14540, '09:12:00', '09:12:00', 40 );
INSERT INTO "times" VALUES ( 19443, 14550, '09:11:00', '09:11:00', 40 );
INSERT INTO "times" VALUES ( 19443, 14560, '09:09:00', '09:09:00', 40 );
INSERT INTO "times" VALUES ( 19443, 14570, '09:07:00', '09:07:00', 40 );

INSERT INTO "dias" VALUES ( 19444, 100, FALSE, TRUE, 'T0902H', 14510, 12710 );
INSERT INTO "dias_line_groups" VALUES ( 19444, 20 );
INSERT INTO "times" VALUES ( 19444, 12710, '09:25:00', NULL, NULL );
INSERT INTO "times" VALUES ( 19444, 14510, NULL, '09:12:00', 40 );
INSERT INTO "times" VALUES ( 19444, 14520, '09:13:00', '09:13:00', 40 );
INSERT INTO "times" VALUES ( 19444, 14530, '09:16:00', '09:16:00', 40 );
INSERT INTO "times" VALUES ( 19444, 14540, '09:18:00', '09:18:00', 40 );
INSERT INTO "times" VALUES ( 19444, 14550, '09:20:00', '09:20:00', 40 );
INSERT INTO "times" VALUES ( 19444, 14560, '09:21:00', '09:21:00', 40 );
INSERT INTO "times" VALUES ( 19444, 14570, '09:23:00', '09:23:00', 40 );

INSERT INTO "dias" VALUES ( 19445, 100, FALSE, TRUE, 'T0903W', 12710, 14510 );
INSERT INTO "dias_line_groups" VALUES ( 19445, 20 );
INSERT INTO "times" VALUES ( 19445, 12710, NULL, '09:15:00', 40 );
INSERT INTO "times" VALUES ( 19445, 14510, '09:29:00', NULL, NULL );
INSERT INTO "times" VALUES ( 19445, 14520, '09:27:00', '09:27:00', 40 );
INSERT INTO "times" VALUES ( 19445, 14530, '09:24:00', '09:24:00', 40 );
INSERT INTO "times" VALUES ( 19445, 14540, '09:22:00', '09:22:00', 40 );
INSERT INTO "times" VALUES ( 19445, 14550, '09:21:00', '09:21:00', 40 );
INSERT INTO "times" VALUES ( 19445, 14560, '09:19:00', '09:19:00', 40 );
INSERT INTO "times" VALUES ( 19445, 14570, '09:17:00', '09:17:00', 40 );

INSERT INTO "dias" VALUES ( 19446, 100, FALSE, TRUE, 'T0904H', 14510, 12710 );
INSERT INTO "dias_line_groups" VALUES ( 19446, 20 );
INSERT INTO "times" VALUES ( 19446, 12710, '09:35:00', NULL, NULL );
INSERT INTO "times" VALUES ( 19446, 14510, NULL, '09:22:00', 40 );
INSERT INTO "times" VALUES ( 19446, 14520, '09:23:00', '09:23:00', 40 );
INSERT INTO "times" VALUES ( 19446, 14530, '09:26:00', '09:26:00', 40 );
INSERT INTO "times" VALUES ( 19446, 14540, '09:28:00', '09:28:00', 40 );
INSERT INTO "times" VALUES ( 19446, 14550, '09:30:00', '09:30:00', 40 );
INSERT INTO "times" VALUES ( 19446, 14560, '09:31:00', '09:31:00', 40 );
INSERT INTO "times" VALUES ( 19446, 14570, '09:33:00', '09:33:00', 40 );

INSERT INTO "dias" VALUES ( 19447, 100, FALSE, TRUE, 'T0905W', 12710, 14510 );
INSERT INTO "dias_line_groups" VALUES ( 19447, 20 );
INSERT INTO "times" VALUES ( 19447, 12710, NULL, '09:25:00', 40 );
INSERT INTO "times" VALUES ( 19447, 14510, '09:39:00', NULL, NULL );
INSERT INTO "times" VALUES ( 19447, 14520, '09:37:00', '09:37:00', 40 );
INSERT INTO "times" VALUES ( 19447, 14530, '09:34:00', '09:34:00', 40 );
INSERT INTO "times" VALUES ( 19447, 14540, '09:32:00', '09:32:00', 40 );
INSERT INTO "times" VALUES ( 19447, 14550, '09:31:00', '09:31:00', 40 );
INSERT INTO "times" VALUES ( 19447, 14560, '09:29:00', '09:29:00', 40 );
INSERT INTO "times" VALUES ( 19447, 14570, '09:27:00', '09:27:00', 40 );

INSERT INTO "dias" VALUES ( 19448, 100, FALSE, TRUE, 'T0906H', 14510, 12710 );
INSERT INTO "dias_line_groups" VALUES ( 19448, 20 );
INSERT INTO "times" VALUES ( 19448, 12710, '09:45:00', NULL, NULL );
INSERT INTO "times" VALUES ( 19448, 14510, NULL, '09:32:00', 40 );
INSERT INTO "times" VALUES ( 19448, 14520, '09:33:00', '09:33:00', 40 );
INSERT INTO "times" VALUES ( 19448, 14530, '09:36:00', '09:36:00', 40 );
INSERT INTO "times" VALUES ( 19448, 14540, '09:38:00', '09:38:00', 40 );
INSERT INTO "times" VALUES ( 19448, 14550, '09:40:00', '09:40:00', 40 );
INSERT INTO "times" VALUES ( 19448, 14560, '09:41:00', '09:41:00', 40 );
INSERT INTO "times" VALUES ( 19448, 14570, '09:43:00', '09:43:00', 40 );

INSERT INTO "dias" VALUES ( 19449, 100, FALSE, TRUE, 'T0907W', 12710, 14510 );
INSERT INTO "dias_line_groups" VALUES ( 19449, 20 );
INSERT INTO "times" VALUES ( 19449, 12710, NULL, '09:35:00', 40 );
INSERT INTO "times" VALUES ( 19449, 14510, '09:49:00', NULL, NULL );
INSERT INTO "times" VALUES ( 19449, 14520, '09:47:00', '09:47:00', 40 );
INSERT INTO "times" VALUES ( 19449, 14530, '09:44:00', '09:44:00', 40 );
INSERT INTO "times" VALUES ( 19449, 14540, '09:42:00', '09:42:00', 40 );
INSERT INTO "times" VALUES ( 19449, 14550, '09:41:00', '09:41:00', 40 );
INSERT INTO "times" VALUES ( 19449, 14560, '09:39:00', '09:39:00', 40 );
INSERT INTO "times" VALUES ( 19449, 14570, '09:37:00', '09:37:00', 40 );

INSERT INTO "dias" VALUES ( 19450, 100, FALSE, TRUE, 'T0908H', 14510, 12710 );
INSERT INTO "dias_line_groups" VALUES ( 19450, 20 );
INSERT INTO "times" VALUES ( 19450, 12710, '09:55:00', NULL, NULL );
INSERT INTO "times" VALUES ( 19450, 14510, NULL, '09:42:00', 40 );
INSERT INTO "times" VALUES ( 19450, 14520, '09:43:00', '09:43:00', 40 );
INSERT INTO "times" VALUES ( 19450, 14530, '09:46:00', '09:46:00', 40 );
INSERT INTO "times" VALUES ( 19450, 14540, '09:48:00', '09:48:00', 40 );
INSERT INTO "times" VALUES ( 19450, 14550, '09:50:00', '09:50:00', 40 );
INSERT INTO "times" VALUES ( 19450, 14560, '09:51:00', '09:51:00', 40 );
INSERT INTO "times" VALUES ( 19450, 14570, '09:53:00', '09:53:00', 40 );

INSERT INTO "dias" VALUES ( 19451, 100, FALSE, TRUE, 'T0909W', 12710, 14510 );
INSERT INTO "dias_line_groups" VALUES ( 19451, 20 );
INSERT INTO "times" VALUES ( 19451, 12710, NULL, '09:45:00', 40 );
INSERT INTO "times" VALUES ( 19451, 14510, '09:59:00', NULL, NULL );
INSERT INTO "times" VALUES ( 19451, 14520, '09:57:00', '09:57:00', 40 );
INSERT INTO "times" VALUES ( 19451, 14530, '09:54:00', '09:54:00', 40 );
INSERT INTO "times" VALUES ( 19451, 14540, '09:52:00', '09:52:00', 40 );
INSERT INTO "times" VALUES ( 19451, 14550, '09:51:00', '09:51:00', 40 );
INSERT INTO "times" VALUES ( 19451, 14560, '09:49:00', '09:49:00', 40 );
INSERT INTO "times" VALUES ( 19451, 14570, '09:47:00', '09:47:00', 40 );

INSERT INTO "dias" VALUES ( 19452, 100, FALSE, TRUE, 'T0910H', 14510, 12710 );
INSERT INTO "dias_line_groups" VALUES ( 19452, 20 );
INSERT INTO "times" VALUES ( 19452, 12710, '10:05:00', NULL, NULL );
INSERT INTO "times" VALUES ( 19452, 14510, NULL, '09:52:00', 40 );
INSERT INTO "times" VALUES ( 19452, 14520, '09:53:00', '09:53:00', 40 );
INSERT INTO "times" VALUES ( 19452, 14530, '09:56:00', '09:56:00', 40 );
INSERT INTO "times" VALUES ( 19452, 14540, '09:58:00', '09:58:00', 40 );
INSERT INTO "times" VALUES ( 19452, 14550, '10:00:00', '10:00:00', 40 );
INSERT INTO "times" VALUES ( 19452, 14560, '10:01:00', '10:01:00', 40 );
INSERT INTO "times" VALUES ( 19452, 14570, '10:03:00', '10:03:00', 40 );

INSERT INTO "dias" VALUES ( 19453, 100, FALSE, TRUE, 'T0911W', 12710, 14510 );
INSERT INTO "dias_line_groups" VALUES ( 19453, 20 );
INSERT INTO "times" VALUES ( 19453, 12710, NULL, '09:55:00', 40 );
INSERT INTO "times" VALUES ( 19453, 14510, '10:09:00', NULL, NULL );
INSERT INTO "times" VALUES ( 19453, 14520, '10:07:00', '10:07:00', 40 );
INSERT INTO "times" VALUES ( 19453, 14530, '10:04:00', '10:04:00', 40 );
INSERT INTO "times" VALUES ( 19453, 14540, '10:02:00', '10:02:00', 40 );
INSERT INTO "times" VALUES ( 19453, 14550, '10:01:00', '10:01:00', 40 );
INSERT INTO "times" VALUES ( 19453, 14560, '09:59:00', '09:59:00', 40 );
INSERT INTO "times" VALUES ( 19453, 14570, '09:57:00', '09:57:00', 40 );

INSERT INTO "dias" VALUES ( 19454, 100, FALSE, TRUE, 'T1000H', 14510, 12710 );
INSERT INTO "dias_line_groups" VALUES ( 19454, 20 );
INSERT INTO "times" VALUES ( 19454, 12710, '10:15:00', NULL, NULL );
INSERT INTO "times" VALUES ( 19454, 14510, NULL, '10:02:00', 40 );
INSERT INTO "times" VALUES ( 19454, 14520, '10:03:00', '10:03:00', 40 );
INSERT INTO "times" VALUES ( 19454, 14530, '10:06:00', '10:06:00', 40 );
INSERT INTO "times" VALUES ( 19454, 14540, '10:08:00', '10:08:00', 40 );
INSERT INTO "times" VALUES ( 19454, 14550, '10:10:00', '10:10:00', 40 );
INSERT INTO "times" VALUES ( 19454, 14560, '10:11:00', '10:11:00', 40 );
INSERT INTO "times" VALUES ( 19454, 14570, '10:13:00', '10:13:00', 40 );

INSERT INTO "dias" VALUES ( 19455, 100, FALSE, TRUE, 'T1001W', 12710, 14510 );
INSERT INTO "dias_line_groups" VALUES ( 19455, 20 );
INSERT INTO "times" VALUES ( 19455, 12710, NULL, '10:05:00', 40 );
INSERT INTO "times" VALUES ( 19455, 14510, '10:19:00', NULL, NULL );
INSERT INTO "times" VALUES ( 19455, 14520, '10:17:00', '10:17:00', 40 );
INSERT INTO "times" VALUES ( 19455, 14530, '10:14:00', '10:14:00', 40 );
INSERT INTO "times" VALUES ( 19455, 14540, '10:12:00', '10:12:00', 40 );
INSERT INTO "times" VALUES ( 19455, 14550, '10:11:00', '10:11:00', 40 );
INSERT INTO "times" VALUES ( 19455, 14560, '10:09:00', '10:09:00', 40 );
INSERT INTO "times" VALUES ( 19455, 14570, '10:07:00', '10:07:00', 40 );

INSERT INTO "dias" VALUES ( 19456, 100, FALSE, TRUE, 'T1002H', 14510, 12710 );
INSERT INTO "dias_line_groups" VALUES ( 19456, 20 );
INSERT INTO "times" VALUES ( 19456, 12710, '10:25:00', NULL, NULL );
INSERT INTO "times" VALUES ( 19456, 14510, NULL, '10:12:00', 40 );
INSERT INTO "times" VALUES ( 19456, 14520, '10:13:00', '10:13:00', 40 );
INSERT INTO "times" VALUES ( 19456, 14530, '10:16:00', '10:16:00', 40 );
INSERT INTO "times" VALUES ( 19456, 14540, '10:18:00', '10:18:00', 40 );
INSERT INTO "times" VALUES ( 19456, 14550, '10:20:00', '10:20:00', 40 );
INSERT INTO "times" VALUES ( 19456, 14560, '10:21:00', '10:21:00', 40 );
INSERT INTO "times" VALUES ( 19456, 14570, '10:23:00', '10:23:00', 40 );

INSERT INTO "dias" VALUES ( 19457, 100, FALSE, TRUE, 'T1003W', 12710, 14510 );
INSERT INTO "dias_line_groups" VALUES ( 19457, 20 );
INSERT INTO "times" VALUES ( 19457, 12710, NULL, '10:15:00', 40 );
INSERT INTO "times" VALUES ( 19457, 14510, '10:29:00', NULL, NULL );
INSERT INTO "times" VALUES ( 19457, 14520, '10:27:00', '10:27:00', 40 );
INSERT INTO "times" VALUES ( 19457, 14530, '10:24:00', '10:24:00', 40 );
INSERT INTO "times" VALUES ( 19457, 14540, '10:22:00', '10:22:00', 40 );
INSERT INTO "times" VALUES ( 19457, 14550, '10:21:00', '10:21:00', 40 );
INSERT INTO "times" VALUES ( 19457, 14560, '10:19:00', '10:19:00', 40 );
INSERT INTO "times" VALUES ( 19457, 14570, '10:17:00', '10:17:00', 40 );

INSERT INTO "dias" VALUES ( 19458, 100, FALSE, TRUE, 'T1004H', 14510, 12710 );
INSERT INTO "dias_line_groups" VALUES ( 19458, 20 );
INSERT INTO "times" VALUES ( 19458, 12710, '10:35:00', NULL, NULL );
INSERT INTO "times" VALUES ( 19458, 14510, NULL, '10:22:00', 40 );
INSERT INTO "times" VALUES ( 19458, 14520, '10:23:00', '10:23:00', 40 );
INSERT INTO "times" VALUES ( 19458, 14530, '10:26:00', '10:26:00', 40 );
INSERT INTO "times" VALUES ( 19458, 14540, '10:28:00', '10:28:00', 40 );
INSERT INTO "times" VALUES ( 19458, 14550, '10:30:00', '10:30:00', 40 );
INSERT INTO "times" VALUES ( 19458, 14560, '10:31:00', '10:31:00', 40 );
INSERT INTO "times" VALUES ( 19458, 14570, '10:33:00', '10:33:00', 40 );

INSERT INTO "dias" VALUES ( 19459, 100, FALSE, TRUE, 'T1005W', 12710, 14510 );
INSERT INTO "dias_line_groups" VALUES ( 19459, 20 );
INSERT INTO "times" VALUES ( 19459, 12710, NULL, '10:25:00', 40 );
INSERT INTO "times" VALUES ( 19459, 14510, '10:39:00', NULL, NULL );
INSERT INTO "times" VALUES ( 19459, 14520, '10:37:00', '10:37:00', 40 );
INSERT INTO "times" VALUES ( 19459, 14530, '10:34:00', '10:34:00', 40 );
INSERT INTO "times" VALUES ( 19459, 14540, '10:32:00', '10:32:00', 40 );
INSERT INTO "times" VALUES ( 19459, 14550, '10:31:00', '10:31:00', 40 );
INSERT INTO "times" VALUES ( 19459, 14560, '10:29:00', '10:29:00', 40 );
INSERT INTO "times" VALUES ( 19459, 14570, '10:27:00', '10:27:00', 40 );

INSERT INTO "dias" VALUES ( 19460, 100, FALSE, TRUE, 'T1006H', 14510, 12710 );
INSERT INTO "dias_line_groups" VALUES ( 19460, 20 );
INSERT INTO "times" VALUES ( 19460, 12710, '10:45:00', NULL, NULL );
INSERT INTO "times" VALUES ( 19460, 14510, NULL, '10:32:00', 40 );
INSERT INTO "times" VALUES ( 19460, 14520, '10:33:00', '10:33:00', 40 );
INSERT INTO "times" VALUES ( 19460, 14530, '10:36:00', '10:36:00', 40 );
INSERT INTO "times" VALUES ( 19460, 14540, '10:38:00', '10:38:00', 40 );
INSERT INTO "times" VALUES ( 19460, 14550, '10:40:00', '10:40:00', 40 );
INSERT INTO "times" VALUES ( 19460, 14560, '10:41:00', '10:41:00', 40 );
INSERT INTO "times" VALUES ( 19460, 14570, '10:43:00', '10:43:00', 40 );

INSERT INTO "dias" VALUES ( 19461, 100, FALSE, TRUE, 'T1007W', 12710, 14510 );
INSERT INTO "dias_line_groups" VALUES ( 19461, 20 );
INSERT INTO "times" VALUES ( 19461, 12710, NULL, '10:35:00', 40 );
INSERT INTO "times" VALUES ( 19461, 14510, '10:49:00', NULL, NULL );
INSERT INTO "times" VALUES ( 19461, 14520, '10:47:00', '10:47:00', 40 );
INSERT INTO "times" VALUES ( 19461, 14530, '10:44:00', '10:44:00', 40 );
INSERT INTO "times" VALUES ( 19461, 14540, '10:42:00', '10:42:00', 40 );
INSERT INTO "times" VALUES ( 19461, 14550, '10:41:00', '10:41:00', 40 );
INSERT INTO "times" VALUES ( 19461, 14560, '10:39:00', '10:39:00', 40 );
INSERT INTO "times" VALUES ( 19461, 14570, '10:37:00', '10:37:00', 40 );

INSERT INTO "dias" VALUES ( 19462, 100, FALSE, TRUE, 'T1008H', 14510, 12710 );
INSERT INTO "dias_line_groups" VALUES ( 19462, 20 );
INSERT INTO "times" VALUES ( 19462, 12710, '10:55:00', NULL, NULL );
INSERT INTO "times" VALUES ( 19462, 14510, NULL, '10:42:00', 40 );
INSERT INTO "times" VALUES ( 19462, 14520, '10:43:00', '10:43:00', 40 );
INSERT INTO "times" VALUES ( 19462, 14530, '10:46:00', '10:46:00', 40 );
INSERT INTO "times" VALUES ( 19462, 14540, '10:48:00', '10:48:00', 40 );
INSERT INTO "times" VALUES ( 19462, 14550, '10:50:00', '10:50:00', 40 );
INSERT INTO "times" VALUES ( 19462, 14560, '10:51:00', '10:51:00', 40 );
INSERT INTO "times" VALUES ( 19462, 14570, '10:53:00', '10:53:00', 40 );

INSERT INTO "dias" VALUES ( 19463, 100, FALSE, TRUE, 'T1009W', 12710, 14510 );
INSERT INTO "dias_line_groups" VALUES ( 19463, 20 );
INSERT INTO "times" VALUES ( 19463, 12710, NULL, '10:45:00', 40 );
INSERT INTO "times" VALUES ( 19463, 14510, '10:59:00', NULL, NULL );
INSERT INTO "times" VALUES ( 19463, 14520, '10:57:00', '10:57:00', 40 );
INSERT INTO "times" VALUES ( 19463, 14530, '10:54:00', '10:54:00', 40 );
INSERT INTO "times" VALUES ( 19463, 14540, '10:52:00', '10:52:00', 40 );
INSERT INTO "times" VALUES ( 19463, 14550, '10:51:00', '10:51:00', 40 );
INSERT INTO "times" VALUES ( 19463, 14560, '10:49:00', '10:49:00', 40 );
INSERT INTO "times" VALUES ( 19463, 14570, '10:47:00', '10:47:00', 40 );

INSERT INTO "dias" VALUES ( 19464, 100, FALSE, TRUE, 'T1010H', 14510, 12710 );
INSERT INTO "dias_line_groups" VALUES ( 19464, 20 );
INSERT INTO "times" VALUES ( 19464, 12710, '11:05:00', NULL, NULL );
INSERT INTO "times" VALUES ( 19464, 14510, NULL, '10:52:00', 40 );
INSERT INTO "times" VALUES ( 19464, 14520, '10:53:00', '10:53:00', 40 );
INSERT INTO "times" VALUES ( 19464, 14530, '10:56:00', '10:56:00', 40 );
INSERT INTO "times" VALUES ( 19464, 14540, '10:58:00', '10:58:00', 40 );
INSERT INTO "times" VALUES ( 19464, 14550, '11:00:00', '11:00:00', 40 );
INSERT INTO "times" VALUES ( 19464, 14560, '11:01:00', '11:01:00', 40 );
INSERT INTO "times" VALUES ( 19464, 14570, '11:03:00', '11:03:00', 40 );

INSERT INTO "dias" VALUES ( 19465, 100, FALSE, TRUE, 'T1011W', 12710, 14510 );
INSERT INTO "dias_line_groups" VALUES ( 19465, 20 );
INSERT INTO "times" VALUES ( 19465, 12710, NULL, '10:55:00', 40 );
INSERT INTO "times" VALUES ( 19465, 14510, '11:09:00', NULL, NULL );
INSERT INTO "times" VALUES ( 19465, 14520, '11:07:00', '11:07:00', 40 );
INSERT INTO "times" VALUES ( 19465, 14530, '11:04:00', '11:04:00', 40 );
INSERT INTO "times" VALUES ( 19465, 14540, '11:02:00', '11:02:00', 40 );
INSERT INTO "times" VALUES ( 19465, 14550, '11:01:00', '11:01:00', 40 );
INSERT INTO "times" VALUES ( 19465, 14560, '10:59:00', '10:59:00', 40 );
INSERT INTO "times" VALUES ( 19465, 14570, '10:57:00', '10:57:00', 40 );

INSERT INTO "dias" VALUES ( 19466, 100, FALSE, TRUE, 'T1100H', 14510, 12710 );
INSERT INTO "dias_line_groups" VALUES ( 19466, 20 );
INSERT INTO "times" VALUES ( 19466, 12710, '11:15:00', NULL, NULL );
INSERT INTO "times" VALUES ( 19466, 14510, NULL, '11:02:00', 40 );
INSERT INTO "times" VALUES ( 19466, 14520, '11:03:00', '11:03:00', 40 );
INSERT INTO "times" VALUES ( 19466, 14530, '11:06:00', '11:06:00', 40 );
INSERT INTO "times" VALUES ( 19466, 14540, '11:08:00', '11:08:00', 40 );
INSERT INTO "times" VALUES ( 19466, 14550, '11:10:00', '11:10:00', 40 );
INSERT INTO "times" VALUES ( 19466, 14560, '11:11:00', '11:11:00', 40 );
INSERT INTO "times" VALUES ( 19466, 14570, '11:13:00', '11:13:00', 40 );

INSERT INTO "dias" VALUES ( 19467, 100, FALSE, TRUE, 'T1101W', 12710, 14510 );
INSERT INTO "dias_line_groups" VALUES ( 19467, 20 );
INSERT INTO "times" VALUES ( 19467, 12710, NULL, '11:05:00', 40 );
INSERT INTO "times" VALUES ( 19467, 14510, '11:19:00', NULL, NULL );
INSERT INTO "times" VALUES ( 19467, 14520, '11:17:00', '11:17:00', 40 );
INSERT INTO "times" VALUES ( 19467, 14530, '11:14:00', '11:14:00', 40 );
INSERT INTO "times" VALUES ( 19467, 14540, '11:12:00', '11:12:00', 40 );
INSERT INTO "times" VALUES ( 19467, 14550, '11:11:00', '11:11:00', 40 );
INSERT INTO "times" VALUES ( 19467, 14560, '11:09:00', '11:09:00', 40 );
INSERT INTO "times" VALUES ( 19467, 14570, '11:07:00', '11:07:00', 40 );

INSERT INTO "dias" VALUES ( 19468, 100, FALSE, TRUE, 'T1102H', 14510, 12710 );
INSERT INTO "dias_line_groups" VALUES ( 19468, 20 );
INSERT INTO "times" VALUES ( 19468, 12710, '11:25:00', NULL, NULL );
INSERT INTO "times" VALUES ( 19468, 14510, NULL, '11:12:00', 40 );
INSERT INTO "times" VALUES ( 19468, 14520, '11:13:00', '11:13:00', 40 );
INSERT INTO "times" VALUES ( 19468, 14530, '11:16:00', '11:16:00', 40 );
INSERT INTO "times" VALUES ( 19468, 14540, '11:18:00', '11:18:00', 40 );
INSERT INTO "times" VALUES ( 19468, 14550, '11:20:00', '11:20:00', 40 );
INSERT INTO "times" VALUES ( 19468, 14560, '11:21:00', '11:21:00', 40 );
INSERT INTO "times" VALUES ( 19468, 14570, '11:23:00', '11:23:00', 40 );

INSERT INTO "dias" VALUES ( 19469, 100, FALSE, TRUE, 'T1103W', 12710, 14510 );
INSERT INTO "dias_line_groups" VALUES ( 19469, 20 );
INSERT INTO "times" VALUES ( 19469, 12710, NULL, '11:15:00', 40 );
INSERT INTO "times" VALUES ( 19469, 14510, '11:29:00', NULL, NULL );
INSERT INTO "times" VALUES ( 19469, 14520, '11:27:00', '11:27:00', 40 );
INSERT INTO "times" VALUES ( 19469, 14530, '11:24:00', '11:24:00', 40 );
INSERT INTO "times" VALUES ( 19469, 14540, '11:22:00', '11:22:00', 40 );
INSERT INTO "times" VALUES ( 19469, 14550, '11:21:00', '11:21:00', 40 );
INSERT INTO "times" VALUES ( 19469, 14560, '11:19:00', '11:19:00', 40 );
INSERT INTO "times" VALUES ( 19469, 14570, '11:17:00', '11:17:00', 40 );

INSERT INTO "dias" VALUES ( 19470, 100, FALSE, TRUE, 'T1104H', 14510, 12710 );
INSERT INTO "dias_line_groups" VALUES ( 19470, 20 );
INSERT INTO "times" VALUES ( 19470, 12710, '11:35:00', NULL, NULL );
INSERT INTO "times" VALUES ( 19470, 14510, NULL, '11:22:00', 40 );
INSERT INTO "times" VALUES ( 19470, 14520, '11:23:00', '11:23:00', 40 );
INSERT INTO "times" VALUES ( 19470, 14530, '11:26:00', '11:26:00', 40 );
INSERT INTO "times" VALUES ( 19470, 14540, '11:28:00', '11:28:00', 40 );
INSERT INTO "times" VALUES ( 19470, 14550, '11:30:00', '11:30:00', 40 );
INSERT INTO "times" VALUES ( 19470, 14560, '11:31:00', '11:31:00', 40 );
INSERT INTO "times" VALUES ( 19470, 14570, '11:33:00', '11:33:00', 40 );

INSERT INTO "dias" VALUES ( 19471, 100, FALSE, TRUE, 'T1105W', 12710, 14510 );
INSERT INTO "dias_line_groups" VALUES ( 19471, 20 );
INSERT INTO "times" VALUES ( 19471, 12710, NULL, '11:25:00', 40 );
INSERT INTO "times" VALUES ( 19471, 14510, '11:39:00', NULL, NULL );
INSERT INTO "times" VALUES ( 19471, 14520, '11:37:00', '11:37:00', 40 );
INSERT INTO "times" VALUES ( 19471, 14530, '11:34:00', '11:34:00', 40 );
INSERT INTO "times" VALUES ( 19471, 14540, '11:32:00', '11:32:00', 40 );
INSERT INTO "times" VALUES ( 19471, 14550, '11:31:00', '11:31:00', 40 );
INSERT INTO "times" VALUES ( 19471, 14560, '11:29:00', '11:29:00', 40 );
INSERT INTO "times" VALUES ( 19471, 14570, '11:27:00', '11:27:00', 40 );

INSERT INTO "dias" VALUES ( 19472, 100, FALSE, TRUE, 'T1106H', 14510, 12710 );
INSERT INTO "dias_line_groups" VALUES ( 19472, 20 );
INSERT INTO "times" VALUES ( 19472, 12710, '11:45:00', NULL, NULL );
INSERT INTO "times" VALUES ( 19472, 14510, NULL, '11:32:00', 40 );
INSERT INTO "times" VALUES ( 19472, 14520, '11:33:00', '11:33:00', 40 );
INSERT INTO "times" VALUES ( 19472, 14530, '11:36:00', '11:36:00', 40 );
INSERT INTO "times" VALUES ( 19472, 14540, '11:38:00', '11:38:00', 40 );
INSERT INTO "times" VALUES ( 19472, 14550, '11:40:00', '11:40:00', 40 );
INSERT INTO "times" VALUES ( 19472, 14560, '11:41:00', '11:41:00', 40 );
INSERT INTO "times" VALUES ( 19472, 14570, '11:43:00', '11:43:00', 40 );

INSERT INTO "dias" VALUES ( 19473, 100, FALSE, TRUE, 'T1107W', 12710, 14510 );
INSERT INTO "dias_line_groups" VALUES ( 19473, 20 );
INSERT INTO "times" VALUES ( 19473, 12710, NULL, '11:35:00', 40 );
INSERT INTO "times" VALUES ( 19473, 14510, '11:49:00', NULL, NULL );
INSERT INTO "times" VALUES ( 19473, 14520, '11:47:00', '11:47:00', 40 );
INSERT INTO "times" VALUES ( 19473, 14530, '11:44:00', '11:44:00', 40 );
INSERT INTO "times" VALUES ( 19473, 14540, '11:42:00', '11:42:00', 40 );
INSERT INTO "times" VALUES ( 19473, 14550, '11:41:00', '11:41:00', 40 );
INSERT INTO "times" VALUES ( 19473, 14560, '11:39:00', '11:39:00', 40 );
INSERT INTO "times" VALUES ( 19473, 14570, '11:37:00', '11:37:00', 40 );

INSERT INTO "dias" VALUES ( 19474, 100, FALSE, TRUE, 'T1108H', 14510, 12710 );
INSERT INTO "dias_line_groups" VALUES ( 19474, 20 );
INSERT INTO "times" VALUES ( 19474, 12710, '11:55:00', NULL, NULL );
INSERT INTO "times" VALUES ( 19474, 14510, NULL, '11:42:00', 40 );
INSERT INTO "times" VALUES ( 19474, 14520, '11:43:00', '11:43:00', 40 );
INSERT INTO "times" VALUES ( 19474, 14530, '11:46:00', '11:46:00', 40 );
INSERT INTO "times" VALUES ( 19474, 14540, '11:48:00', '11:48:00', 40 );
INSERT INTO "times" VALUES ( 19474, 14550, '11:50:00', '11:50:00', 40 );
INSERT INTO "times" VALUES ( 19474, 14560, '11:51:00', '11:51:00', 40 );
INSERT INTO "times" VALUES ( 19474, 14570, '11:53:00', '11:53:00', 40 );

INSERT INTO "dias" VALUES ( 19475, 100, FALSE, TRUE, 'T1109W', 12710, 14510 );
INSERT INTO "dias_line_groups" VALUES ( 19475, 20 );
INSERT INTO "times" VALUES ( 19475, 12710, NULL, '11:45:00', 40 );
INSERT INTO "times" VALUES ( 19475, 14510, '11:59:00', NULL, NULL );
INSERT INTO "times" VALUES ( 19475, 14520, '11:57:00', '11:57:00', 40 );
INSERT INTO "times" VALUES ( 19475, 14530, '11:54:00', '11:54:00', 40 );
INSERT INTO "times" VALUES ( 19475, 14540, '11:52:00', '11:52:00', 40 );
INSERT INTO "times" VALUES ( 19475, 14550, '11:51:00', '11:51:00', 40 );
INSERT INTO "times" VALUES ( 19475, 14560, '11:49:00', '11:49:00', 40 );
INSERT INTO "times" VALUES ( 19475, 14570, '11:47:00', '11:47:00', 40 );

INSERT INTO "dias" VALUES ( 19476, 100, FALSE, TRUE, 'T1110H', 14510, 12710 );
INSERT INTO "dias_line_groups" VALUES ( 19476, 20 );
INSERT INTO "times" VALUES ( 19476, 12710, '12:05:00', NULL, NULL );
INSERT INTO "times" VALUES ( 19476, 14510, NULL, '11:52:00', 40 );
INSERT INTO "times" VALUES ( 19476, 14520, '11:53:00', '11:53:00', 40 );
INSERT INTO "times" VALUES ( 19476, 14530, '11:56:00', '11:56:00', 40 );
INSERT INTO "times" VALUES ( 19476, 14540, '11:58:00', '11:58:00', 40 );
INSERT INTO "times" VALUES ( 19476, 14550, '12:00:00', '12:00:00', 40 );
INSERT INTO "times" VALUES ( 19476, 14560, '12:01:00', '12:01:00', 40 );
INSERT INTO "times" VALUES ( 19476, 14570, '12:03:00', '12:03:00', 40 );

INSERT INTO "dias" VALUES ( 19477, 100, FALSE, TRUE, 'T1111W', 12710, 14510 );
INSERT INTO "dias_line_groups" VALUES ( 19477, 20 );
INSERT INTO "times" VALUES ( 19477, 12710, NULL, '11:55:00', 40 );
INSERT INTO "times" VALUES ( 19477, 14510, '12:09:00', NULL, NULL );
INSERT INTO "times" VALUES ( 19477, 14520, '12:07:00', '12:07:00', 40 );
INSERT INTO "times" VALUES ( 19477, 14530, '12:04:00', '12:04:00', 40 );
INSERT INTO "times" VALUES ( 19477, 14540, '12:02:00', '12:02:00', 40 );
INSERT INTO "times" VALUES ( 19477, 14550, '12:01:00', '12:01:00', 40 );
INSERT INTO "times" VALUES ( 19477, 14560, '11:59:00', '11:59:00', 40 );
INSERT INTO "times" VALUES ( 19477, 14570, '11:57:00', '11:57:00', 40 );

INSERT INTO "dias" VALUES ( 19478, 100, FALSE, TRUE, 'T1200H', 14510, 12710 );
INSERT INTO "dias_line_groups" VALUES ( 19478, 20 );
INSERT INTO "times" VALUES ( 19478, 12710, '12:15:00', NULL, NULL );
INSERT INTO "times" VALUES ( 19478, 14510, NULL, '12:02:00', 40 );
INSERT INTO "times" VALUES ( 19478, 14520, '12:03:00', '12:03:00', 40 );
INSERT INTO "times" VALUES ( 19478, 14530, '12:06:00', '12:06:00', 40 );
INSERT INTO "times" VALUES ( 19478, 14540, '12:08:00', '12:08:00', 40 );
INSERT INTO "times" VALUES ( 19478, 14550, '12:10:00', '12:10:00', 40 );
INSERT INTO "times" VALUES ( 19478, 14560, '12:11:00', '12:11:00', 40 );
INSERT INTO "times" VALUES ( 19478, 14570, '12:13:00', '12:13:00', 40 );

INSERT INTO "dias" VALUES ( 19479, 100, FALSE, TRUE, 'T1201W', 12710, 14510 );
INSERT INTO "dias_line_groups" VALUES ( 19479, 20 );
INSERT INTO "times" VALUES ( 19479, 12710, NULL, '12:05:00', 40 );
INSERT INTO "times" VALUES ( 19479, 14510, '12:19:00', NULL, NULL );
INSERT INTO "times" VALUES ( 19479, 14520, '12:17:00', '12:17:00', 40 );
INSERT INTO "times" VALUES ( 19479, 14530, '12:14:00', '12:14:00', 40 );
INSERT INTO "times" VALUES ( 19479, 14540, '12:12:00', '12:12:00', 40 );
INSERT INTO "times" VALUES ( 19479, 14550, '12:11:00', '12:11:00', 40 );
INSERT INTO "times" VALUES ( 19479, 14560, '12:09:00', '12:09:00', 40 );
INSERT INTO "times" VALUES ( 19479, 14570, '12:07:00', '12:07:00', 40 );

INSERT INTO "dias" VALUES ( 19480, 100, FALSE, TRUE, 'T1202H', 14510, 12710 );
INSERT INTO "dias_line_groups" VALUES ( 19480, 20 );
INSERT INTO "times" VALUES ( 19480, 12710, '12:25:00', NULL, NULL );
INSERT INTO "times" VALUES ( 19480, 14510, NULL, '12:12:00', 40 );
INSERT INTO "times" VALUES ( 19480, 14520, '12:13:00', '12:13:00', 40 );
INSERT INTO "times" VALUES ( 19480, 14530, '12:16:00', '12:16:00', 40 );
INSERT INTO "times" VALUES ( 19480, 14540, '12:18:00', '12:18:00', 40 );
INSERT INTO "times" VALUES ( 19480, 14550, '12:20:00', '12:20:00', 40 );
INSERT INTO "times" VALUES ( 19480, 14560, '12:21:00', '12:21:00', 40 );
INSERT INTO "times" VALUES ( 19480, 14570, '12:23:00', '12:23:00', 40 );

INSERT INTO "dias" VALUES ( 19481, 100, FALSE, TRUE, 'T1203W', 12710, 14510 );
INSERT INTO "dias_line_groups" VALUES ( 19481, 20 );
INSERT INTO "times" VALUES ( 19481, 12710, NULL, '12:15:00', 40 );
INSERT INTO "times" VALUES ( 19481, 14510, '12:29:00', NULL, NULL );
INSERT INTO "times" VALUES ( 19481, 14520, '12:27:00', '12:27:00', 40 );
INSERT INTO "times" VALUES ( 19481, 14530, '12:24:00', '12:24:00', 40 );
INSERT INTO "times" VALUES ( 19481, 14540, '12:22:00', '12:22:00', 40 );
INSERT INTO "times" VALUES ( 19481, 14550, '12:21:00', '12:21:00', 40 );
INSERT INTO "times" VALUES ( 19481, 14560, '12:19:00', '12:19:00', 40 );
INSERT INTO "times" VALUES ( 19481, 14570, '12:17:00', '12:17:00', 40 );

INSERT INTO "dias" VALUES ( 19482, 100, FALSE, TRUE, 'T1204H', 14510, 12710 );
INSERT INTO "dias_line_groups" VALUES ( 19482, 20 );
INSERT INTO "times" VALUES ( 19482, 12710, '12:35:00', NULL, NULL );
INSERT INTO "times" VALUES ( 19482, 14510, NULL, '12:22:00', 40 );
INSERT INTO "times" VALUES ( 19482, 14520, '12:23:00', '12:23:00', 40 );
INSERT INTO "times" VALUES ( 19482, 14530, '12:26:00', '12:26:00', 40 );
INSERT INTO "times" VALUES ( 19482, 14540, '12:28:00', '12:28:00', 40 );
INSERT INTO "times" VALUES ( 19482, 14550, '12:30:00', '12:30:00', 40 );
INSERT INTO "times" VALUES ( 19482, 14560, '12:31:00', '12:31:00', 40 );
INSERT INTO "times" VALUES ( 19482, 14570, '12:33:00', '12:33:00', 40 );

INSERT INTO "dias" VALUES ( 19483, 100, FALSE, TRUE, 'T1205W', 12710, 14510 );
INSERT INTO "dias_line_groups" VALUES ( 19483, 20 );
INSERT INTO "times" VALUES ( 19483, 12710, NULL, '12:25:00', 40 );
INSERT INTO "times" VALUES ( 19483, 14510, '12:39:00', NULL, NULL );
INSERT INTO "times" VALUES ( 19483, 14520, '12:37:00', '12:37:00', 40 );
INSERT INTO "times" VALUES ( 19483, 14530, '12:34:00', '12:34:00', 40 );
INSERT INTO "times" VALUES ( 19483, 14540, '12:32:00', '12:32:00', 40 );
INSERT INTO "times" VALUES ( 19483, 14550, '12:31:00', '12:31:00', 40 );
INSERT INTO "times" VALUES ( 19483, 14560, '12:29:00', '12:29:00', 40 );
INSERT INTO "times" VALUES ( 19483, 14570, '12:27:00', '12:27:00', 40 );

INSERT INTO "dias" VALUES ( 19484, 100, FALSE, TRUE, 'T1206H', 14510, 12710 );
INSERT INTO "dias_line_groups" VALUES ( 19484, 20 );
INSERT INTO "times" VALUES ( 19484, 12710, '12:45:00', NULL, NULL );
INSERT INTO "times" VALUES ( 19484, 14510, NULL, '12:32:00', 40 );
INSERT INTO "times" VALUES ( 19484, 14520, '12:33:00', '12:33:00', 40 );
INSERT INTO "times" VALUES ( 19484, 14530, '12:36:00', '12:36:00', 40 );
INSERT INTO "times" VALUES ( 19484, 14540, '12:38:00', '12:38:00', 40 );
INSERT INTO "times" VALUES ( 19484, 14550, '12:40:00', '12:40:00', 40 );
INSERT INTO "times" VALUES ( 19484, 14560, '12:41:00', '12:41:00', 40 );
INSERT INTO "times" VALUES ( 19484, 14570, '12:43:00', '12:43:00', 40 );

INSERT INTO "dias" VALUES ( 19485, 100, FALSE, TRUE, 'T1207W', 12710, 14510 );
INSERT INTO "dias_line_groups" VALUES ( 19485, 20 );
INSERT INTO "times" VALUES ( 19485, 12710, NULL, '12:35:00', 40 );
INSERT INTO "times" VALUES ( 19485, 14510, '12:49:00', NULL, NULL );
INSERT INTO "times" VALUES ( 19485, 14520, '12:47:00', '12:47:00', 40 );
INSERT INTO "times" VALUES ( 19485, 14530, '12:44:00', '12:44:00', 40 );
INSERT INTO "times" VALUES ( 19485, 14540, '12:42:00', '12:42:00', 40 );
INSERT INTO "times" VALUES ( 19485, 14550, '12:41:00', '12:41:00', 40 );
INSERT INTO "times" VALUES ( 19485, 14560, '12:39:00', '12:39:00', 40 );
INSERT INTO "times" VALUES ( 19485, 14570, '12:37:00', '12:37:00', 40 );

INSERT INTO "dias" VALUES ( 19486, 100, FALSE, TRUE, 'T1208H', 14510, 12710 );
INSERT INTO "dias_line_groups" VALUES ( 19486, 20 );
INSERT INTO "times" VALUES ( 19486, 12710, '12:55:00', NULL, NULL );
INSERT INTO "times" VALUES ( 19486, 14510, NULL, '12:42:00', 40 );
INSERT INTO "times" VALUES ( 19486, 14520, '12:43:00', '12:43:00', 40 );
INSERT INTO "times" VALUES ( 19486, 14530, '12:46:00', '12:46:00', 40 );
INSERT INTO "times" VALUES ( 19486, 14540, '12:48:00', '12:48:00', 40 );
INSERT INTO "times" VALUES ( 19486, 14550, '12:50:00', '12:50:00', 40 );
INSERT INTO "times" VALUES ( 19486, 14560, '12:51:00', '12:51:00', 40 );
INSERT INTO "times" VALUES ( 19486, 14570, '12:53:00', '12:53:00', 40 );

INSERT INTO "dias" VALUES ( 19487, 100, FALSE, TRUE, 'T1209W', 12710, 14510 );
INSERT INTO "dias_line_groups" VALUES ( 19487, 20 );
INSERT INTO "times" VALUES ( 19487, 12710, NULL, '12:45:00', 40 );
INSERT INTO "times" VALUES ( 19487, 14510, '12:59:00', NULL, NULL );
INSERT INTO "times" VALUES ( 19487, 14520, '12:57:00', '12:57:00', 40 );
INSERT INTO "times" VALUES ( 19487, 14530, '12:54:00', '12:54:00', 40 );
INSERT INTO "times" VALUES ( 19487, 14540, '12:52:00', '12:52:00', 40 );
INSERT INTO "times" VALUES ( 19487, 14550, '12:51:00', '12:51:00', 40 );
INSERT INTO "times" VALUES ( 19487, 14560, '12:49:00', '12:49:00', 40 );
INSERT INTO "times" VALUES ( 19487, 14570, '12:47:00', '12:47:00', 40 );

INSERT INTO "dias" VALUES ( 19488, 100, FALSE, TRUE, 'T1210H', 14510, 12710 );
INSERT INTO "dias_line_groups" VALUES ( 19488, 20 );
INSERT INTO "times" VALUES ( 19488, 12710, '13:05:00', NULL, NULL );
INSERT INTO "times" VALUES ( 19488, 14510, NULL, '12:52:00', 40 );
INSERT INTO "times" VALUES ( 19488, 14520, '12:53:00', '12:53:00', 40 );
INSERT INTO "times" VALUES ( 19488, 14530, '12:56:00', '12:56:00', 40 );
INSERT INTO "times" VALUES ( 19488, 14540, '12:58:00', '12:58:00', 40 );
INSERT INTO "times" VALUES ( 19488, 14550, '13:00:00', '13:00:00', 40 );
INSERT INTO "times" VALUES ( 19488, 14560, '13:01:00', '13:01:00', 40 );
INSERT INTO "times" VALUES ( 19488, 14570, '13:03:00', '13:03:00', 40 );

INSERT INTO "dias" VALUES ( 19489, 100, FALSE, TRUE, 'T1211W', 12710, 14510 );
INSERT INTO "dias_line_groups" VALUES ( 19489, 20 );
INSERT INTO "times" VALUES ( 19489, 12710, NULL, '12:55:00', 40 );
INSERT INTO "times" VALUES ( 19489, 14510, '13:09:00', NULL, NULL );
INSERT INTO "times" VALUES ( 19489, 14520, '13:07:00', '13:07:00', 40 );
INSERT INTO "times" VALUES ( 19489, 14530, '13:04:00', '13:04:00', 40 );
INSERT INTO "times" VALUES ( 19489, 14540, '13:02:00', '13:02:00', 40 );
INSERT INTO "times" VALUES ( 19489, 14550, '13:01:00', '13:01:00', 40 );
INSERT INTO "times" VALUES ( 19489, 14560, '12:59:00', '12:59:00', 40 );
INSERT INTO "times" VALUES ( 19489, 14570, '12:57:00', '12:57:00', 40 );

INSERT INTO "dias" VALUES ( 19490, 100, FALSE, TRUE, 'T1300H', 14510, 12710 );
INSERT INTO "dias_line_groups" VALUES ( 19490, 20 );
INSERT INTO "times" VALUES ( 19490, 12710, '13:15:00', NULL, NULL );
INSERT INTO "times" VALUES ( 19490, 14510, NULL, '13:02:00', 40 );
INSERT INTO "times" VALUES ( 19490, 14520, '13:03:00', '13:03:00', 40 );
INSERT INTO "times" VALUES ( 19490, 14530, '13:06:00', '13:06:00', 40 );
INSERT INTO "times" VALUES ( 19490, 14540, '13:08:00', '13:08:00', 40 );
INSERT INTO "times" VALUES ( 19490, 14550, '13:10:00', '13:10:00', 40 );
INSERT INTO "times" VALUES ( 19490, 14560, '13:11:00', '13:11:00', 40 );
INSERT INTO "times" VALUES ( 19490, 14570, '13:13:00', '13:13:00', 40 );

INSERT INTO "dias" VALUES ( 19491, 100, FALSE, TRUE, 'T1301W', 12710, 14510 );
INSERT INTO "dias_line_groups" VALUES ( 19491, 20 );
INSERT INTO "times" VALUES ( 19491, 12710, NULL, '13:05:00', 40 );
INSERT INTO "times" VALUES ( 19491, 14510, '13:19:00', NULL, NULL );
INSERT INTO "times" VALUES ( 19491, 14520, '13:17:00', '13:17:00', 40 );
INSERT INTO "times" VALUES ( 19491, 14530, '13:14:00', '13:14:00', 40 );
INSERT INTO "times" VALUES ( 19491, 14540, '13:12:00', '13:12:00', 40 );
INSERT INTO "times" VALUES ( 19491, 14550, '13:11:00', '13:11:00', 40 );
INSERT INTO "times" VALUES ( 19491, 14560, '13:09:00', '13:09:00', 40 );
INSERT INTO "times" VALUES ( 19491, 14570, '13:07:00', '13:07:00', 40 );

INSERT INTO "dias" VALUES ( 19492, 100, FALSE, TRUE, 'T1302H', 14510, 12710 );
INSERT INTO "dias_line_groups" VALUES ( 19492, 20 );
INSERT INTO "times" VALUES ( 19492, 12710, '13:25:00', NULL, NULL );
INSERT INTO "times" VALUES ( 19492, 14510, NULL, '13:12:00', 40 );
INSERT INTO "times" VALUES ( 19492, 14520, '13:13:00', '13:13:00', 40 );
INSERT INTO "times" VALUES ( 19492, 14530, '13:16:00', '13:16:00', 40 );
INSERT INTO "times" VALUES ( 19492, 14540, '13:18:00', '13:18:00', 40 );
INSERT INTO "times" VALUES ( 19492, 14550, '13:20:00', '13:20:00', 40 );
INSERT INTO "times" VALUES ( 19492, 14560, '13:21:00', '13:21:00', 40 );
INSERT INTO "times" VALUES ( 19492, 14570, '13:23:00', '13:23:00', 40 );

INSERT INTO "dias" VALUES ( 19493, 100, FALSE, TRUE, 'T1303W', 12710, 14510 );
INSERT INTO "dias_line_groups" VALUES ( 19493, 20 );
INSERT INTO "times" VALUES ( 19493, 12710, NULL, '13:15:00', 40 );
INSERT INTO "times" VALUES ( 19493, 14510, '13:29:00', NULL, NULL );
INSERT INTO "times" VALUES ( 19493, 14520, '13:27:00', '13:27:00', 40 );
INSERT INTO "times" VALUES ( 19493, 14530, '13:24:00', '13:24:00', 40 );
INSERT INTO "times" VALUES ( 19493, 14540, '13:22:00', '13:22:00', 40 );
INSERT INTO "times" VALUES ( 19493, 14550, '13:21:00', '13:21:00', 40 );
INSERT INTO "times" VALUES ( 19493, 14560, '13:19:00', '13:19:00', 40 );
INSERT INTO "times" VALUES ( 19493, 14570, '13:17:00', '13:17:00', 40 );

INSERT INTO "dias" VALUES ( 19494, 100, FALSE, TRUE, 'T1304H', 14510, 12710 );
INSERT INTO "dias_line_groups" VALUES ( 19494, 20 );
INSERT INTO "times" VALUES ( 19494, 12710, '13:35:00', NULL, NULL );
INSERT INTO "times" VALUES ( 19494, 14510, NULL, '13:22:00', 40 );
INSERT INTO "times" VALUES ( 19494, 14520, '13:23:00', '13:23:00', 40 );
INSERT INTO "times" VALUES ( 19494, 14530, '13:26:00', '13:26:00', 40 );
INSERT INTO "times" VALUES ( 19494, 14540, '13:28:00', '13:28:00', 40 );
INSERT INTO "times" VALUES ( 19494, 14550, '13:30:00', '13:30:00', 40 );
INSERT INTO "times" VALUES ( 19494, 14560, '13:31:00', '13:31:00', 40 );
INSERT INTO "times" VALUES ( 19494, 14570, '13:33:00', '13:33:00', 40 );

INSERT INTO "dias" VALUES ( 19495, 100, FALSE, TRUE, 'T1305W', 12710, 14510 );
INSERT INTO "dias_line_groups" VALUES ( 19495, 20 );
INSERT INTO "times" VALUES ( 19495, 12710, NULL, '13:25:00', 40 );
INSERT INTO "times" VALUES ( 19495, 14510, '13:39:00', NULL, NULL );
INSERT INTO "times" VALUES ( 19495, 14520, '13:37:00', '13:37:00', 40 );
INSERT INTO "times" VALUES ( 19495, 14530, '13:34:00', '13:34:00', 40 );
INSERT INTO "times" VALUES ( 19495, 14540, '13:32:00', '13:32:00', 40 );
INSERT INTO "times" VALUES ( 19495, 14550, '13:31:00', '13:31:00', 40 );
INSERT INTO "times" VALUES ( 19495, 14560, '13:29:00', '13:29:00', 40 );
INSERT INTO "times" VALUES ( 19495, 14570, '13:27:00', '13:27:00', 40 );

INSERT INTO "dias" VALUES ( 19496, 100, FALSE, TRUE, 'T1306H', 14510, 12710 );
INSERT INTO "dias_line_groups" VALUES ( 19496, 20 );
INSERT INTO "times" VALUES ( 19496, 12710, '13:45:00', NULL, NULL );
INSERT INTO "times" VALUES ( 19496, 14510, NULL, '13:32:00', 40 );
INSERT INTO "times" VALUES ( 19496, 14520, '13:33:00', '13:33:00', 40 );
INSERT INTO "times" VALUES ( 19496, 14530, '13:36:00', '13:36:00', 40 );
INSERT INTO "times" VALUES ( 19496, 14540, '13:38:00', '13:38:00', 40 );
INSERT INTO "times" VALUES ( 19496, 14550, '13:40:00', '13:40:00', 40 );
INSERT INTO "times" VALUES ( 19496, 14560, '13:41:00', '13:41:00', 40 );
INSERT INTO "times" VALUES ( 19496, 14570, '13:43:00', '13:43:00', 40 );

INSERT INTO "dias" VALUES ( 19497, 100, FALSE, TRUE, 'T1307W', 12710, 14510 );
INSERT INTO "dias_line_groups" VALUES ( 19497, 20 );
INSERT INTO "times" VALUES ( 19497, 12710, NULL, '13:35:00', 40 );
INSERT INTO "times" VALUES ( 19497, 14510, '13:49:00', NULL, NULL );
INSERT INTO "times" VALUES ( 19497, 14520, '13:47:00', '13:47:00', 40 );
INSERT INTO "times" VALUES ( 19497, 14530, '13:44:00', '13:44:00', 40 );
INSERT INTO "times" VALUES ( 19497, 14540, '13:42:00', '13:42:00', 40 );
INSERT INTO "times" VALUES ( 19497, 14550, '13:41:00', '13:41:00', 40 );
INSERT INTO "times" VALUES ( 19497, 14560, '13:39:00', '13:39:00', 40 );
INSERT INTO "times" VALUES ( 19497, 14570, '13:37:00', '13:37:00', 40 );

INSERT INTO "dias" VALUES ( 19498, 100, FALSE, TRUE, 'T1308H', 14510, 12710 );
INSERT INTO "dias_line_groups" VALUES ( 19498, 20 );
INSERT INTO "times" VALUES ( 19498, 12710, '13:55:00', NULL, NULL );
INSERT INTO "times" VALUES ( 19498, 14510, NULL, '13:42:00', 40 );
INSERT INTO "times" VALUES ( 19498, 14520, '13:43:00', '13:43:00', 40 );
INSERT INTO "times" VALUES ( 19498, 14530, '13:46:00', '13:46:00', 40 );
INSERT INTO "times" VALUES ( 19498, 14540, '13:48:00', '13:48:00', 40 );
INSERT INTO "times" VALUES ( 19498, 14550, '13:50:00', '13:50:00', 40 );
INSERT INTO "times" VALUES ( 19498, 14560, '13:51:00', '13:51:00', 40 );
INSERT INTO "times" VALUES ( 19498, 14570, '13:53:00', '13:53:00', 40 );

INSERT INTO "dias" VALUES ( 19499, 100, FALSE, TRUE, 'T1309W', 12710, 14510 );
INSERT INTO "dias_line_groups" VALUES ( 19499, 20 );
INSERT INTO "times" VALUES ( 19499, 12710, NULL, '13:45:00', 40 );
INSERT INTO "times" VALUES ( 19499, 14510, '13:59:00', NULL, NULL );
INSERT INTO "times" VALUES ( 19499, 14520, '13:57:00', '13:57:00', 40 );
INSERT INTO "times" VALUES ( 19499, 14530, '13:54:00', '13:54:00', 40 );
INSERT INTO "times" VALUES ( 19499, 14540, '13:52:00', '13:52:00', 40 );
INSERT INTO "times" VALUES ( 19499, 14550, '13:51:00', '13:51:00', 40 );
INSERT INTO "times" VALUES ( 19499, 14560, '13:49:00', '13:49:00', 40 );
INSERT INTO "times" VALUES ( 19499, 14570, '13:47:00', '13:47:00', 40 );

INSERT INTO "dias" VALUES ( 19500, 100, FALSE, TRUE, 'T1310H', 14510, 12710 );
INSERT INTO "dias_line_groups" VALUES ( 19500, 20 );
INSERT INTO "times" VALUES ( 19500, 12710, '14:05:00', NULL, NULL );
INSERT INTO "times" VALUES ( 19500, 14510, NULL, '13:52:00', 40 );
INSERT INTO "times" VALUES ( 19500, 14520, '13:53:00', '13:53:00', 40 );
INSERT INTO "times" VALUES ( 19500, 14530, '13:56:00', '13:56:00', 40 );
INSERT INTO "times" VALUES ( 19500, 14540, '13:58:00', '13:58:00', 40 );
INSERT INTO "times" VALUES ( 19500, 14550, '14:00:00', '14:00:00', 40 );
INSERT INTO "times" VALUES ( 19500, 14560, '14:01:00', '14:01:00', 40 );
INSERT INTO "times" VALUES ( 19500, 14570, '14:03:00', '14:03:00', 40 );

INSERT INTO "dias" VALUES ( 19501, 100, FALSE, TRUE, 'T1311W', 12710, 14510 );
INSERT INTO "dias_line_groups" VALUES ( 19501, 20 );
INSERT INTO "times" VALUES ( 19501, 12710, NULL, '13:55:00', 40 );
INSERT INTO "times" VALUES ( 19501, 14510, '14:09:00', NULL, NULL );
INSERT INTO "times" VALUES ( 19501, 14520, '14:07:00', '14:07:00', 40 );
INSERT INTO "times" VALUES ( 19501, 14530, '14:04:00', '14:04:00', 40 );
INSERT INTO "times" VALUES ( 19501, 14540, '14:02:00', '14:02:00', 40 );
INSERT INTO "times" VALUES ( 19501, 14550, '14:01:00', '14:01:00', 40 );
INSERT INTO "times" VALUES ( 19501, 14560, '13:59:00', '13:59:00', 40 );
INSERT INTO "times" VALUES ( 19501, 14570, '13:57:00', '13:57:00', 40 );

INSERT INTO "dias" VALUES ( 19502, 100, FALSE, TRUE, 'T1400H', 14510, 12710 );
INSERT INTO "dias_line_groups" VALUES ( 19502, 20 );
INSERT INTO "times" VALUES ( 19502, 12710, '14:15:00', NULL, NULL );
INSERT INTO "times" VALUES ( 19502, 14510, NULL, '14:02:00', 40 );
INSERT INTO "times" VALUES ( 19502, 14520, '14:03:00', '14:03:00', 40 );
INSERT INTO "times" VALUES ( 19502, 14530, '14:06:00', '14:06:00', 40 );
INSERT INTO "times" VALUES ( 19502, 14540, '14:08:00', '14:08:00', 40 );
INSERT INTO "times" VALUES ( 19502, 14550, '14:10:00', '14:10:00', 40 );
INSERT INTO "times" VALUES ( 19502, 14560, '14:11:00', '14:11:00', 40 );
INSERT INTO "times" VALUES ( 19502, 14570, '14:13:00', '14:13:00', 40 );

INSERT INTO "dias" VALUES ( 19503, 100, FALSE, TRUE, 'T1401W', 12710, 14510 );
INSERT INTO "dias_line_groups" VALUES ( 19503, 20 );
INSERT INTO "times" VALUES ( 19503, 12710, NULL, '14:05:00', 40 );
INSERT INTO "times" VALUES ( 19503, 14510, '14:19:00', NULL, NULL );
INSERT INTO "times" VALUES ( 19503, 14520, '14:17:00', '14:17:00', 40 );
INSERT INTO "times" VALUES ( 19503, 14530, '14:14:00', '14:14:00', 40 );
INSERT INTO "times" VALUES ( 19503, 14540, '14:12:00', '14:12:00', 40 );
INSERT INTO "times" VALUES ( 19503, 14550, '14:11:00', '14:11:00', 40 );
INSERT INTO "times" VALUES ( 19503, 14560, '14:09:00', '14:09:00', 40 );
INSERT INTO "times" VALUES ( 19503, 14570, '14:07:00', '14:07:00', 40 );

INSERT INTO "dias" VALUES ( 19504, 100, FALSE, TRUE, 'T1402H', 14510, 12710 );
INSERT INTO "dias_line_groups" VALUES ( 19504, 20 );
INSERT INTO "times" VALUES ( 19504, 12710, '14:25:00', NULL, NULL );
INSERT INTO "times" VALUES ( 19504, 14510, NULL, '14:12:00', 40 );
INSERT INTO "times" VALUES ( 19504, 14520, '14:13:00', '14:13:00', 40 );
INSERT INTO "times" VALUES ( 19504, 14530, '14:16:00', '14:16:00', 40 );
INSERT INTO "times" VALUES ( 19504, 14540, '14:18:00', '14:18:00', 40 );
INSERT INTO "times" VALUES ( 19504, 14550, '14:20:00', '14:20:00', 40 );
INSERT INTO "times" VALUES ( 19504, 14560, '14:21:00', '14:21:00', 40 );
INSERT INTO "times" VALUES ( 19504, 14570, '14:23:00', '14:23:00', 40 );

INSERT INTO "dias" VALUES ( 19505, 100, FALSE, TRUE, 'T1403W', 12710, 14510 );
INSERT INTO "dias_line_groups" VALUES ( 19505, 20 );
INSERT INTO "times" VALUES ( 19505, 12710, NULL, '14:15:00', 40 );
INSERT INTO "times" VALUES ( 19505, 14510, '14:29:00', NULL, NULL );
INSERT INTO "times" VALUES ( 19505, 14520, '14:27:00', '14:27:00', 40 );
INSERT INTO "times" VALUES ( 19505, 14530, '14:24:00', '14:24:00', 40 );
INSERT INTO "times" VALUES ( 19505, 14540, '14:22:00', '14:22:00', 40 );
INSERT INTO "times" VALUES ( 19505, 14550, '14:21:00', '14:21:00', 40 );
INSERT INTO "times" VALUES ( 19505, 14560, '14:19:00', '14:19:00', 40 );
INSERT INTO "times" VALUES ( 19505, 14570, '14:17:00', '14:17:00', 40 );

INSERT INTO "dias" VALUES ( 19506, 100, FALSE, TRUE, 'T1404H', 14510, 12710 );
INSERT INTO "dias_line_groups" VALUES ( 19506, 20 );
INSERT INTO "times" VALUES ( 19506, 12710, '14:35:00', NULL, NULL );
INSERT INTO "times" VALUES ( 19506, 14510, NULL, '14:22:00', 40 );
INSERT INTO "times" VALUES ( 19506, 14520, '14:23:00', '14:23:00', 40 );
INSERT INTO "times" VALUES ( 19506, 14530, '14:26:00', '14:26:00', 40 );
INSERT INTO "times" VALUES ( 19506, 14540, '14:28:00', '14:28:00', 40 );
INSERT INTO "times" VALUES ( 19506, 14550, '14:30:00', '14:30:00', 40 );
INSERT INTO "times" VALUES ( 19506, 14560, '14:31:00', '14:31:00', 40 );
INSERT INTO "times" VALUES ( 19506, 14570, '14:33:00', '14:33:00', 40 );

INSERT INTO "dias" VALUES ( 19507, 100, FALSE, TRUE, 'T1405W', 12710, 14510 );
INSERT INTO "dias_line_groups" VALUES ( 19507, 20 );
INSERT INTO "times" VALUES ( 19507, 12710, NULL, '14:25:00', 40 );
INSERT INTO "times" VALUES ( 19507, 14510, '14:39:00', NULL, NULL );
INSERT INTO "times" VALUES ( 19507, 14520, '14:37:00', '14:37:00', 40 );
INSERT INTO "times" VALUES ( 19507, 14530, '14:34:00', '14:34:00', 40 );
INSERT INTO "times" VALUES ( 19507, 14540, '14:32:00', '14:32:00', 40 );
INSERT INTO "times" VALUES ( 19507, 14550, '14:31:00', '14:31:00', 40 );
INSERT INTO "times" VALUES ( 19507, 14560, '14:29:00', '14:29:00', 40 );
INSERT INTO "times" VALUES ( 19507, 14570, '14:27:00', '14:27:00', 40 );

INSERT INTO "dias" VALUES ( 19508, 100, FALSE, TRUE, 'T1406H', 14510, 12710 );
INSERT INTO "dias_line_groups" VALUES ( 19508, 20 );
INSERT INTO "times" VALUES ( 19508, 12710, '14:45:00', NULL, NULL );
INSERT INTO "times" VALUES ( 19508, 14510, NULL, '14:32:00', 40 );
INSERT INTO "times" VALUES ( 19508, 14520, '14:33:00', '14:33:00', 40 );
INSERT INTO "times" VALUES ( 19508, 14530, '14:36:00', '14:36:00', 40 );
INSERT INTO "times" VALUES ( 19508, 14540, '14:38:00', '14:38:00', 40 );
INSERT INTO "times" VALUES ( 19508, 14550, '14:40:00', '14:40:00', 40 );
INSERT INTO "times" VALUES ( 19508, 14560, '14:41:00', '14:41:00', 40 );
INSERT INTO "times" VALUES ( 19508, 14570, '14:43:00', '14:43:00', 40 );

INSERT INTO "dias" VALUES ( 19509, 100, FALSE, TRUE, 'T1407W', 12710, 14510 );
INSERT INTO "dias_line_groups" VALUES ( 19509, 20 );
INSERT INTO "times" VALUES ( 19509, 12710, NULL, '14:35:00', 40 );
INSERT INTO "times" VALUES ( 19509, 14510, '14:49:00', NULL, NULL );
INSERT INTO "times" VALUES ( 19509, 14520, '14:47:00', '14:47:00', 40 );
INSERT INTO "times" VALUES ( 19509, 14530, '14:44:00', '14:44:00', 40 );
INSERT INTO "times" VALUES ( 19509, 14540, '14:42:00', '14:42:00', 40 );
INSERT INTO "times" VALUES ( 19509, 14550, '14:41:00', '14:41:00', 40 );
INSERT INTO "times" VALUES ( 19509, 14560, '14:39:00', '14:39:00', 40 );
INSERT INTO "times" VALUES ( 19509, 14570, '14:37:00', '14:37:00', 40 );

INSERT INTO "dias" VALUES ( 19510, 100, FALSE, TRUE, 'T1408H', 14510, 12710 );
INSERT INTO "dias_line_groups" VALUES ( 19510, 20 );
INSERT INTO "times" VALUES ( 19510, 12710, '14:55:00', NULL, NULL );
INSERT INTO "times" VALUES ( 19510, 14510, NULL, '14:42:00', 40 );
INSERT INTO "times" VALUES ( 19510, 14520, '14:43:00', '14:43:00', 40 );
INSERT INTO "times" VALUES ( 19510, 14530, '14:46:00', '14:46:00', 40 );
INSERT INTO "times" VALUES ( 19510, 14540, '14:48:00', '14:48:00', 40 );
INSERT INTO "times" VALUES ( 19510, 14550, '14:50:00', '14:50:00', 40 );
INSERT INTO "times" VALUES ( 19510, 14560, '14:51:00', '14:51:00', 40 );
INSERT INTO "times" VALUES ( 19510, 14570, '14:53:00', '14:53:00', 40 );

INSERT INTO "dias" VALUES ( 19511, 100, FALSE, TRUE, 'T1409W', 12710, 14510 );
INSERT INTO "dias_line_groups" VALUES ( 19511, 20 );
INSERT INTO "times" VALUES ( 19511, 12710, NULL, '14:45:00', 40 );
INSERT INTO "times" VALUES ( 19511, 14510, '14:59:00', NULL, NULL );
INSERT INTO "times" VALUES ( 19511, 14520, '14:57:00', '14:57:00', 40 );
INSERT INTO "times" VALUES ( 19511, 14530, '14:54:00', '14:54:00', 40 );
INSERT INTO "times" VALUES ( 19511, 14540, '14:52:00', '14:52:00', 40 );
INSERT INTO "times" VALUES ( 19511, 14550, '14:51:00', '14:51:00', 40 );
INSERT INTO "times" VALUES ( 19511, 14560, '14:49:00', '14:49:00', 40 );
INSERT INTO "times" VALUES ( 19511, 14570, '14:47:00', '14:47:00', 40 );

INSERT INTO "dias" VALUES ( 19512, 100, FALSE, TRUE, 'T1410H', 14510, 12710 );
INSERT INTO "dias_line_groups" VALUES ( 19512, 20 );
INSERT INTO "times" VALUES ( 19512, 12710, '15:05:00', NULL, NULL );
INSERT INTO "times" VALUES ( 19512, 14510, NULL, '14:52:00', 40 );
INSERT INTO "times" VALUES ( 19512, 14520, '14:53:00', '14:53:00', 40 );
INSERT INTO "times" VALUES ( 19512, 14530, '14:56:00', '14:56:00', 40 );
INSERT INTO "times" VALUES ( 19512, 14540, '14:58:00', '14:58:00', 40 );
INSERT INTO "times" VALUES ( 19512, 14550, '15:00:00', '15:00:00', 40 );
INSERT INTO "times" VALUES ( 19512, 14560, '15:01:00', '15:01:00', 40 );
INSERT INTO "times" VALUES ( 19512, 14570, '15:03:00', '15:03:00', 40 );

INSERT INTO "dias" VALUES ( 19513, 100, FALSE, TRUE, 'T1411W', 12710, 14510 );
INSERT INTO "dias_line_groups" VALUES ( 19513, 20 );
INSERT INTO "times" VALUES ( 19513, 12710, NULL, '14:55:00', 40 );
INSERT INTO "times" VALUES ( 19513, 14510, '15:09:00', NULL, NULL );
INSERT INTO "times" VALUES ( 19513, 14520, '15:07:00', '15:07:00', 40 );
INSERT INTO "times" VALUES ( 19513, 14530, '15:04:00', '15:04:00', 40 );
INSERT INTO "times" VALUES ( 19513, 14540, '15:02:00', '15:02:00', 40 );
INSERT INTO "times" VALUES ( 19513, 14550, '15:01:00', '15:01:00', 40 );
INSERT INTO "times" VALUES ( 19513, 14560, '14:59:00', '14:59:00', 40 );
INSERT INTO "times" VALUES ( 19513, 14570, '14:57:00', '14:57:00', 40 );

INSERT INTO "dias" VALUES ( 19514, 100, FALSE, TRUE, 'T1500H', 14510, 12710 );
INSERT INTO "dias_line_groups" VALUES ( 19514, 20 );
INSERT INTO "times" VALUES ( 19514, 12710, '15:15:00', NULL, NULL );
INSERT INTO "times" VALUES ( 19514, 14510, NULL, '15:02:00', 40 );
INSERT INTO "times" VALUES ( 19514, 14520, '15:03:00', '15:03:00', 40 );
INSERT INTO "times" VALUES ( 19514, 14530, '15:06:00', '15:06:00', 40 );
INSERT INTO "times" VALUES ( 19514, 14540, '15:08:00', '15:08:00', 40 );
INSERT INTO "times" VALUES ( 19514, 14550, '15:10:00', '15:10:00', 40 );
INSERT INTO "times" VALUES ( 19514, 14560, '15:11:00', '15:11:00', 40 );
INSERT INTO "times" VALUES ( 19514, 14570, '15:13:00', '15:13:00', 40 );

INSERT INTO "dias" VALUES ( 19515, 100, FALSE, TRUE, 'T1501W', 12710, 14510 );
INSERT INTO "dias_line_groups" VALUES ( 19515, 20 );
INSERT INTO "times" VALUES ( 19515, 12710, NULL, '15:05:00', 40 );
INSERT INTO "times" VALUES ( 19515, 14510, '15:19:00', NULL, NULL );
INSERT INTO "times" VALUES ( 19515, 14520, '15:17:00', '15:17:00', 40 );
INSERT INTO "times" VALUES ( 19515, 14530, '15:14:00', '15:14:00', 40 );
INSERT INTO "times" VALUES ( 19515, 14540, '15:12:00', '15:12:00', 40 );
INSERT INTO "times" VALUES ( 19515, 14550, '15:11:00', '15:11:00', 40 );
INSERT INTO "times" VALUES ( 19515, 14560, '15:09:00', '15:09:00', 40 );
INSERT INTO "times" VALUES ( 19515, 14570, '15:07:00', '15:07:00', 40 );

INSERT INTO "dias" VALUES ( 19516, 100, FALSE, TRUE, 'T1502H', 14510, 12710 );
INSERT INTO "dias_line_groups" VALUES ( 19516, 20 );
INSERT INTO "times" VALUES ( 19516, 12710, '15:25:00', NULL, NULL );
INSERT INTO "times" VALUES ( 19516, 14510, NULL, '15:12:00', 40 );
INSERT INTO "times" VALUES ( 19516, 14520, '15:13:00', '15:13:00', 40 );
INSERT INTO "times" VALUES ( 19516, 14530, '15:16:00', '15:16:00', 40 );
INSERT INTO "times" VALUES ( 19516, 14540, '15:18:00', '15:18:00', 40 );
INSERT INTO "times" VALUES ( 19516, 14550, '15:20:00', '15:20:00', 40 );
INSERT INTO "times" VALUES ( 19516, 14560, '15:21:00', '15:21:00', 40 );
INSERT INTO "times" VALUES ( 19516, 14570, '15:23:00', '15:23:00', 40 );

INSERT INTO "dias" VALUES ( 19517, 100, FALSE, TRUE, 'T1503W', 12710, 14510 );
INSERT INTO "dias_line_groups" VALUES ( 19517, 20 );
INSERT INTO "times" VALUES ( 19517, 12710, NULL, '15:15:00', 40 );
INSERT INTO "times" VALUES ( 19517, 14510, '15:29:00', NULL, NULL );
INSERT INTO "times" VALUES ( 19517, 14520, '15:27:00', '15:27:00', 40 );
INSERT INTO "times" VALUES ( 19517, 14530, '15:24:00', '15:24:00', 40 );
INSERT INTO "times" VALUES ( 19517, 14540, '15:22:00', '15:22:00', 40 );
INSERT INTO "times" VALUES ( 19517, 14550, '15:21:00', '15:21:00', 40 );
INSERT INTO "times" VALUES ( 19517, 14560, '15:19:00', '15:19:00', 40 );
INSERT INTO "times" VALUES ( 19517, 14570, '15:17:00', '15:17:00', 40 );

INSERT INTO "dias" VALUES ( 19518, 100, FALSE, TRUE, 'T1504H', 14510, 12710 );
INSERT INTO "dias_line_groups" VALUES ( 19518, 20 );
INSERT INTO "times" VALUES ( 19518, 12710, '15:35:00', NULL, NULL );
INSERT INTO "times" VALUES ( 19518, 14510, NULL, '15:22:00', 40 );
INSERT INTO "times" VALUES ( 19518, 14520, '15:23:00', '15:23:00', 40 );
INSERT INTO "times" VALUES ( 19518, 14530, '15:26:00', '15:26:00', 40 );
INSERT INTO "times" VALUES ( 19518, 14540, '15:28:00', '15:28:00', 40 );
INSERT INTO "times" VALUES ( 19518, 14550, '15:30:00', '15:30:00', 40 );
INSERT INTO "times" VALUES ( 19518, 14560, '15:31:00', '15:31:00', 40 );
INSERT INTO "times" VALUES ( 19518, 14570, '15:33:00', '15:33:00', 40 );

INSERT INTO "dias" VALUES ( 19519, 100, FALSE, TRUE, 'T1505W', 12710, 14510 );
INSERT INTO "dias_line_groups" VALUES ( 19519, 20 );
INSERT INTO "times" VALUES ( 19519, 12710, NULL, '15:25:00', 40 );
INSERT INTO "times" VALUES ( 19519, 14510, '15:39:00', NULL, NULL );
INSERT INTO "times" VALUES ( 19519, 14520, '15:37:00', '15:37:00', 40 );
INSERT INTO "times" VALUES ( 19519, 14530, '15:34:00', '15:34:00', 40 );
INSERT INTO "times" VALUES ( 19519, 14540, '15:32:00', '15:32:00', 40 );
INSERT INTO "times" VALUES ( 19519, 14550, '15:31:00', '15:31:00', 40 );
INSERT INTO "times" VALUES ( 19519, 14560, '15:29:00', '15:29:00', 40 );
INSERT INTO "times" VALUES ( 19519, 14570, '15:27:00', '15:27:00', 40 );

INSERT INTO "dias" VALUES ( 19520, 100, FALSE, TRUE, 'T1506H', 14510, 12710 );
INSERT INTO "dias_line_groups" VALUES ( 19520, 20 );
INSERT INTO "times" VALUES ( 19520, 12710, '15:45:00', NULL, NULL );
INSERT INTO "times" VALUES ( 19520, 14510, NULL, '15:32:00', 40 );
INSERT INTO "times" VALUES ( 19520, 14520, '15:33:00', '15:33:00', 40 );
INSERT INTO "times" VALUES ( 19520, 14530, '15:36:00', '15:36:00', 40 );
INSERT INTO "times" VALUES ( 19520, 14540, '15:38:00', '15:38:00', 40 );
INSERT INTO "times" VALUES ( 19520, 14550, '15:40:00', '15:40:00', 40 );
INSERT INTO "times" VALUES ( 19520, 14560, '15:41:00', '15:41:00', 40 );
INSERT INTO "times" VALUES ( 19520, 14570, '15:43:00', '15:43:00', 40 );

INSERT INTO "dias" VALUES ( 19521, 100, FALSE, TRUE, 'T1507W', 12710, 14510 );
INSERT INTO "dias_line_groups" VALUES ( 19521, 20 );
INSERT INTO "times" VALUES ( 19521, 12710, NULL, '15:35:00', 40 );
INSERT INTO "times" VALUES ( 19521, 14510, '15:49:00', NULL, NULL );
INSERT INTO "times" VALUES ( 19521, 14520, '15:47:00', '15:47:00', 40 );
INSERT INTO "times" VALUES ( 19521, 14530, '15:44:00', '15:44:00', 40 );
INSERT INTO "times" VALUES ( 19521, 14540, '15:42:00', '15:42:00', 40 );
INSERT INTO "times" VALUES ( 19521, 14550, '15:41:00', '15:41:00', 40 );
INSERT INTO "times" VALUES ( 19521, 14560, '15:39:00', '15:39:00', 40 );
INSERT INTO "times" VALUES ( 19521, 14570, '15:37:00', '15:37:00', 40 );

INSERT INTO "dias" VALUES ( 19522, 100, FALSE, TRUE, 'T1508H', 14510, 12710 );
INSERT INTO "dias_line_groups" VALUES ( 19522, 20 );
INSERT INTO "times" VALUES ( 19522, 12710, '15:55:00', NULL, NULL );
INSERT INTO "times" VALUES ( 19522, 14510, NULL, '15:42:00', 40 );
INSERT INTO "times" VALUES ( 19522, 14520, '15:43:00', '15:43:00', 40 );
INSERT INTO "times" VALUES ( 19522, 14530, '15:46:00', '15:46:00', 40 );
INSERT INTO "times" VALUES ( 19522, 14540, '15:48:00', '15:48:00', 40 );
INSERT INTO "times" VALUES ( 19522, 14550, '15:50:00', '15:50:00', 40 );
INSERT INTO "times" VALUES ( 19522, 14560, '15:51:00', '15:51:00', 40 );
INSERT INTO "times" VALUES ( 19522, 14570, '15:53:00', '15:53:00', 40 );

INSERT INTO "dias" VALUES ( 19523, 100, FALSE, TRUE, 'T1509W', 12710, 14510 );
INSERT INTO "dias_line_groups" VALUES ( 19523, 20 );
INSERT INTO "times" VALUES ( 19523, 12710, NULL, '15:45:00', 40 );
INSERT INTO "times" VALUES ( 19523, 14510, '15:59:00', NULL, NULL );
INSERT INTO "times" VALUES ( 19523, 14520, '15:57:00', '15:57:00', 40 );
INSERT INTO "times" VALUES ( 19523, 14530, '15:54:00', '15:54:00', 40 );
INSERT INTO "times" VALUES ( 19523, 14540, '15:52:00', '15:52:00', 40 );
INSERT INTO "times" VALUES ( 19523, 14550, '15:51:00', '15:51:00', 40 );
INSERT INTO "times" VALUES ( 19523, 14560, '15:49:00', '15:49:00', 40 );
INSERT INTO "times" VALUES ( 19523, 14570, '15:47:00', '15:47:00', 40 );

INSERT INTO "dias" VALUES ( 19524, 100, FALSE, TRUE, 'T1510H', 14510, 12710 );
INSERT INTO "dias_line_groups" VALUES ( 19524, 20 );
INSERT INTO "times" VALUES ( 19524, 12710, '16:05:00', NULL, NULL );
INSERT INTO "times" VALUES ( 19524, 14510, NULL, '15:52:00', 40 );
INSERT INTO "times" VALUES ( 19524, 14520, '15:53:00', '15:53:00', 40 );
INSERT INTO "times" VALUES ( 19524, 14530, '15:56:00', '15:56:00', 40 );
INSERT INTO "times" VALUES ( 19524, 14540, '15:58:00', '15:58:00', 40 );
INSERT INTO "times" VALUES ( 19524, 14550, '16:00:00', '16:00:00', 40 );
INSERT INTO "times" VALUES ( 19524, 14560, '16:01:00', '16:01:00', 40 );
INSERT INTO "times" VALUES ( 19524, 14570, '16:03:00', '16:03:00', 40 );

INSERT INTO "dias" VALUES ( 19525, 100, FALSE, TRUE, 'T1511W', 12710, 14510 );
INSERT INTO "dias_line_groups" VALUES ( 19525, 20 );
INSERT INTO "times" VALUES ( 19525, 12710, NULL, '15:55:00', 40 );
INSERT INTO "times" VALUES ( 19525, 14510, '16:09:00', NULL, NULL );
INSERT INTO "times" VALUES ( 19525, 14520, '16:07:00', '16:07:00', 40 );
INSERT INTO "times" VALUES ( 19525, 14530, '16:04:00', '16:04:00', 40 );
INSERT INTO "times" VALUES ( 19525, 14540, '16:02:00', '16:02:00', 40 );
INSERT INTO "times" VALUES ( 19525, 14550, '16:01:00', '16:01:00', 40 );
INSERT INTO "times" VALUES ( 19525, 14560, '15:59:00', '15:59:00', 40 );
INSERT INTO "times" VALUES ( 19525, 14570, '15:57:00', '15:57:00', 40 );

INSERT INTO "dias" VALUES ( 19526, 100, FALSE, TRUE, 'T1600H', 14510, 12710 );
INSERT INTO "dias_line_groups" VALUES ( 19526, 20 );
INSERT INTO "times" VALUES ( 19526, 12710, '16:15:00', NULL, NULL );
INSERT INTO "times" VALUES ( 19526, 14510, NULL, '16:02:00', 40 );
INSERT INTO "times" VALUES ( 19526, 14520, '16:03:00', '16:03:00', 40 );
INSERT INTO "times" VALUES ( 19526, 14530, '16:06:00', '16:06:00', 40 );
INSERT INTO "times" VALUES ( 19526, 14540, '16:08:00', '16:08:00', 40 );
INSERT INTO "times" VALUES ( 19526, 14550, '16:10:00', '16:10:00', 40 );
INSERT INTO "times" VALUES ( 19526, 14560, '16:11:00', '16:11:00', 40 );
INSERT INTO "times" VALUES ( 19526, 14570, '16:13:00', '16:13:00', 40 );

INSERT INTO "dias" VALUES ( 19527, 100, FALSE, TRUE, 'T1601W', 12710, 14510 );
INSERT INTO "dias_line_groups" VALUES ( 19527, 20 );
INSERT INTO "times" VALUES ( 19527, 12710, NULL, '16:05:00', 40 );
INSERT INTO "times" VALUES ( 19527, 14510, '16:19:00', NULL, NULL );
INSERT INTO "times" VALUES ( 19527, 14520, '16:17:00', '16:17:00', 40 );
INSERT INTO "times" VALUES ( 19527, 14530, '16:14:00', '16:14:00', 40 );
INSERT INTO "times" VALUES ( 19527, 14540, '16:12:00', '16:12:00', 40 );
INSERT INTO "times" VALUES ( 19527, 14550, '16:11:00', '16:11:00', 40 );
INSERT INTO "times" VALUES ( 19527, 14560, '16:09:00', '16:09:00', 40 );
INSERT INTO "times" VALUES ( 19527, 14570, '16:07:00', '16:07:00', 40 );

INSERT INTO "dias" VALUES ( 19528, 100, FALSE, TRUE, 'T1602H', 14510, 12710 );
INSERT INTO "dias_line_groups" VALUES ( 19528, 20 );
INSERT INTO "times" VALUES ( 19528, 12710, '16:25:00', NULL, NULL );
INSERT INTO "times" VALUES ( 19528, 14510, NULL, '16:12:00', 40 );
INSERT INTO "times" VALUES ( 19528, 14520, '16:13:00', '16:13:00', 40 );
INSERT INTO "times" VALUES ( 19528, 14530, '16:16:00', '16:16:00', 40 );
INSERT INTO "times" VALUES ( 19528, 14540, '16:18:00', '16:18:00', 40 );
INSERT INTO "times" VALUES ( 19528, 14550, '16:20:00', '16:20:00', 40 );
INSERT INTO "times" VALUES ( 19528, 14560, '16:21:00', '16:21:00', 40 );
INSERT INTO "times" VALUES ( 19528, 14570, '16:23:00', '16:23:00', 40 );

INSERT INTO "dias" VALUES ( 19529, 100, FALSE, TRUE, 'T1603W', 12710, 14510 );
INSERT INTO "dias_line_groups" VALUES ( 19529, 20 );
INSERT INTO "times" VALUES ( 19529, 12710, NULL, '16:15:00', 40 );
INSERT INTO "times" VALUES ( 19529, 14510, '16:29:00', NULL, NULL );
INSERT INTO "times" VALUES ( 19529, 14520, '16:27:00', '16:27:00', 40 );
INSERT INTO "times" VALUES ( 19529, 14530, '16:24:00', '16:24:00', 40 );
INSERT INTO "times" VALUES ( 19529, 14540, '16:22:00', '16:22:00', 40 );
INSERT INTO "times" VALUES ( 19529, 14550, '16:21:00', '16:21:00', 40 );
INSERT INTO "times" VALUES ( 19529, 14560, '16:19:00', '16:19:00', 40 );
INSERT INTO "times" VALUES ( 19529, 14570, '16:17:00', '16:17:00', 40 );

INSERT INTO "dias" VALUES ( 19530, 100, FALSE, TRUE, 'T1604H', 14510, 12710 );
INSERT INTO "dias_line_groups" VALUES ( 19530, 20 );
INSERT INTO "times" VALUES ( 19530, 12710, '16:35:00', NULL, NULL );
INSERT INTO "times" VALUES ( 19530, 14510, NULL, '16:22:00', 40 );
INSERT INTO "times" VALUES ( 19530, 14520, '16:23:00', '16:23:00', 40 );
INSERT INTO "times" VALUES ( 19530, 14530, '16:26:00', '16:26:00', 40 );
INSERT INTO "times" VALUES ( 19530, 14540, '16:28:00', '16:28:00', 40 );
INSERT INTO "times" VALUES ( 19530, 14550, '16:30:00', '16:30:00', 40 );
INSERT INTO "times" VALUES ( 19530, 14560, '16:31:00', '16:31:00', 40 );
INSERT INTO "times" VALUES ( 19530, 14570, '16:33:00', '16:33:00', 40 );

INSERT INTO "dias" VALUES ( 19531, 100, FALSE, TRUE, 'T1605W', 12710, 14510 );
INSERT INTO "dias_line_groups" VALUES ( 19531, 20 );
INSERT INTO "times" VALUES ( 19531, 12710, NULL, '16:25:00', 40 );
INSERT INTO "times" VALUES ( 19531, 14510, '16:39:00', NULL, NULL );
INSERT INTO "times" VALUES ( 19531, 14520, '16:37:00', '16:37:00', 40 );
INSERT INTO "times" VALUES ( 19531, 14530, '16:34:00', '16:34:00', 40 );
INSERT INTO "times" VALUES ( 19531, 14540, '16:32:00', '16:32:00', 40 );
INSERT INTO "times" VALUES ( 19531, 14550, '16:31:00', '16:31:00', 40 );
INSERT INTO "times" VALUES ( 19531, 14560, '16:29:00', '16:29:00', 40 );
INSERT INTO "times" VALUES ( 19531, 14570, '16:27:00', '16:27:00', 40 );

INSERT INTO "dias" VALUES ( 19532, 100, FALSE, TRUE, 'T1606H', 14510, 12710 );
INSERT INTO "dias_line_groups" VALUES ( 19532, 20 );
INSERT INTO "times" VALUES ( 19532, 12710, '16:45:00', NULL, NULL );
INSERT INTO "times" VALUES ( 19532, 14510, NULL, '16:32:00', 40 );
INSERT INTO "times" VALUES ( 19532, 14520, '16:33:00', '16:33:00', 40 );
INSERT INTO "times" VALUES ( 19532, 14530, '16:36:00', '16:36:00', 40 );
INSERT INTO "times" VALUES ( 19532, 14540, '16:38:00', '16:38:00', 40 );
INSERT INTO "times" VALUES ( 19532, 14550, '16:40:00', '16:40:00', 40 );
INSERT INTO "times" VALUES ( 19532, 14560, '16:41:00', '16:41:00', 40 );
INSERT INTO "times" VALUES ( 19532, 14570, '16:43:00', '16:43:00', 40 );

INSERT INTO "dias" VALUES ( 19533, 100, FALSE, TRUE, 'T1607W', 12710, 14510 );
INSERT INTO "dias_line_groups" VALUES ( 19533, 20 );
INSERT INTO "times" VALUES ( 19533, 12710, NULL, '16:35:00', 40 );
INSERT INTO "times" VALUES ( 19533, 14510, '16:49:00', NULL, NULL );
INSERT INTO "times" VALUES ( 19533, 14520, '16:47:00', '16:47:00', 40 );
INSERT INTO "times" VALUES ( 19533, 14530, '16:44:00', '16:44:00', 40 );
INSERT INTO "times" VALUES ( 19533, 14540, '16:42:00', '16:42:00', 40 );
INSERT INTO "times" VALUES ( 19533, 14550, '16:41:00', '16:41:00', 40 );
INSERT INTO "times" VALUES ( 19533, 14560, '16:39:00', '16:39:00', 40 );
INSERT INTO "times" VALUES ( 19533, 14570, '16:37:00', '16:37:00', 40 );

INSERT INTO "dias" VALUES ( 19534, 100, FALSE, TRUE, 'T1608H', 14510, 12710 );
INSERT INTO "dias_line_groups" VALUES ( 19534, 20 );
INSERT INTO "times" VALUES ( 19534, 12710, '16:55:00', NULL, NULL );
INSERT INTO "times" VALUES ( 19534, 14510, NULL, '16:42:00', 40 );
INSERT INTO "times" VALUES ( 19534, 14520, '16:43:00', '16:43:00', 40 );
INSERT INTO "times" VALUES ( 19534, 14530, '16:46:00', '16:46:00', 40 );
INSERT INTO "times" VALUES ( 19534, 14540, '16:48:00', '16:48:00', 40 );
INSERT INTO "times" VALUES ( 19534, 14550, '16:50:00', '16:50:00', 40 );
INSERT INTO "times" VALUES ( 19534, 14560, '16:51:00', '16:51:00', 40 );
INSERT INTO "times" VALUES ( 19534, 14570, '16:53:00', '16:53:00', 40 );

INSERT INTO "dias" VALUES ( 19535, 100, FALSE, TRUE, 'T1609W', 12710, 14510 );
INSERT INTO "dias_line_groups" VALUES ( 19535, 20 );
INSERT INTO "times" VALUES ( 19535, 12710, NULL, '16:45:00', 40 );
INSERT INTO "times" VALUES ( 19535, 14510, '16:59:00', NULL, NULL );
INSERT INTO "times" VALUES ( 19535, 14520, '16:57:00', '16:57:00', 40 );
INSERT INTO "times" VALUES ( 19535, 14530, '16:54:00', '16:54:00', 40 );
INSERT INTO "times" VALUES ( 19535, 14540, '16:52:00', '16:52:00', 40 );
INSERT INTO "times" VALUES ( 19535, 14550, '16:51:00', '16:51:00', 40 );
INSERT INTO "times" VALUES ( 19535, 14560, '16:49:00', '16:49:00', 40 );
INSERT INTO "times" VALUES ( 19535, 14570, '16:47:00', '16:47:00', 40 );

INSERT INTO "dias" VALUES ( 19536, 100, FALSE, TRUE, 'T1610H', 14510, 12710 );
INSERT INTO "dias_line_groups" VALUES ( 19536, 20 );
INSERT INTO "times" VALUES ( 19536, 12710, '17:05:00', NULL, NULL );
INSERT INTO "times" VALUES ( 19536, 14510, NULL, '16:52:00', 40 );
INSERT INTO "times" VALUES ( 19536, 14520, '16:53:00', '16:53:00', 40 );
INSERT INTO "times" VALUES ( 19536, 14530, '16:56:00', '16:56:00', 40 );
INSERT INTO "times" VALUES ( 19536, 14540, '16:58:00', '16:58:00', 40 );
INSERT INTO "times" VALUES ( 19536, 14550, '17:00:00', '17:00:00', 40 );
INSERT INTO "times" VALUES ( 19536, 14560, '17:01:00', '17:01:00', 40 );
INSERT INTO "times" VALUES ( 19536, 14570, '17:03:00', '17:03:00', 40 );

INSERT INTO "dias" VALUES ( 19537, 100, FALSE, TRUE, 'T1611W', 12710, 14510 );
INSERT INTO "dias_line_groups" VALUES ( 19537, 20 );
INSERT INTO "times" VALUES ( 19537, 12710, NULL, '16:55:00', 40 );
INSERT INTO "times" VALUES ( 19537, 14510, '17:09:00', NULL, NULL );
INSERT INTO "times" VALUES ( 19537, 14520, '17:07:00', '17:07:00', 40 );
INSERT INTO "times" VALUES ( 19537, 14530, '17:04:00', '17:04:00', 40 );
INSERT INTO "times" VALUES ( 19537, 14540, '17:02:00', '17:02:00', 40 );
INSERT INTO "times" VALUES ( 19537, 14550, '17:01:00', '17:01:00', 40 );
INSERT INTO "times" VALUES ( 19537, 14560, '16:59:00', '16:59:00', 40 );
INSERT INTO "times" VALUES ( 19537, 14570, '16:57:00', '16:57:00', 40 );

INSERT INTO "dias" VALUES ( 19538, 100, FALSE, TRUE, 'T1700H', 14510, 12710 );
INSERT INTO "dias_line_groups" VALUES ( 19538, 20 );
INSERT INTO "times" VALUES ( 19538, 12710, '17:15:00', NULL, NULL );
INSERT INTO "times" VALUES ( 19538, 14510, NULL, '17:02:00', 40 );
INSERT INTO "times" VALUES ( 19538, 14520, '17:03:00', '17:03:00', 40 );
INSERT INTO "times" VALUES ( 19538, 14530, '17:06:00', '17:06:00', 40 );
INSERT INTO "times" VALUES ( 19538, 14540, '17:08:00', '17:08:00', 40 );
INSERT INTO "times" VALUES ( 19538, 14550, '17:10:00', '17:10:00', 40 );
INSERT INTO "times" VALUES ( 19538, 14560, '17:11:00', '17:11:00', 40 );
INSERT INTO "times" VALUES ( 19538, 14570, '17:13:00', '17:13:00', 40 );

INSERT INTO "dias" VALUES ( 19539, 100, FALSE, TRUE, 'T1701W', 12710, 14510 );
INSERT INTO "dias_line_groups" VALUES ( 19539, 20 );
INSERT INTO "times" VALUES ( 19539, 12710, NULL, '17:05:00', 40 );
INSERT INTO "times" VALUES ( 19539, 14510, '17:19:00', NULL, NULL );
INSERT INTO "times" VALUES ( 19539, 14520, '17:17:00', '17:17:00', 40 );
INSERT INTO "times" VALUES ( 19539, 14530, '17:14:00', '17:14:00', 40 );
INSERT INTO "times" VALUES ( 19539, 14540, '17:12:00', '17:12:00', 40 );
INSERT INTO "times" VALUES ( 19539, 14550, '17:11:00', '17:11:00', 40 );
INSERT INTO "times" VALUES ( 19539, 14560, '17:09:00', '17:09:00', 40 );
INSERT INTO "times" VALUES ( 19539, 14570, '17:07:00', '17:07:00', 40 );

INSERT INTO "dias" VALUES ( 19540, 100, FALSE, TRUE, 'T1702H', 14510, 12710 );
INSERT INTO "dias_line_groups" VALUES ( 19540, 20 );
INSERT INTO "times" VALUES ( 19540, 12710, '17:25:00', NULL, NULL );
INSERT INTO "times" VALUES ( 19540, 14510, NULL, '17:12:00', 40 );
INSERT INTO "times" VALUES ( 19540, 14520, '17:13:00', '17:13:00', 40 );
INSERT INTO "times" VALUES ( 19540, 14530, '17:16:00', '17:16:00', 40 );
INSERT INTO "times" VALUES ( 19540, 14540, '17:18:00', '17:18:00', 40 );
INSERT INTO "times" VALUES ( 19540, 14550, '17:20:00', '17:20:00', 40 );
INSERT INTO "times" VALUES ( 19540, 14560, '17:21:00', '17:21:00', 40 );
INSERT INTO "times" VALUES ( 19540, 14570, '17:23:00', '17:23:00', 40 );

INSERT INTO "dias" VALUES ( 19541, 100, FALSE, TRUE, 'T1703W', 12710, 14510 );
INSERT INTO "dias_line_groups" VALUES ( 19541, 20 );
INSERT INTO "times" VALUES ( 19541, 12710, NULL, '17:15:00', 40 );
INSERT INTO "times" VALUES ( 19541, 14510, '17:29:00', NULL, NULL );
INSERT INTO "times" VALUES ( 19541, 14520, '17:27:00', '17:27:00', 40 );
INSERT INTO "times" VALUES ( 19541, 14530, '17:24:00', '17:24:00', 40 );
INSERT INTO "times" VALUES ( 19541, 14540, '17:22:00', '17:22:00', 40 );
INSERT INTO "times" VALUES ( 19541, 14550, '17:21:00', '17:21:00', 40 );
INSERT INTO "times" VALUES ( 19541, 14560, '17:19:00', '17:19:00', 40 );
INSERT INTO "times" VALUES ( 19541, 14570, '17:17:00', '17:17:00', 40 );

INSERT INTO "dias" VALUES ( 19542, 100, FALSE, TRUE, 'T1704H', 14510, 12710 );
INSERT INTO "dias_line_groups" VALUES ( 19542, 20 );
INSERT INTO "times" VALUES ( 19542, 12710, '17:35:00', NULL, NULL );
INSERT INTO "times" VALUES ( 19542, 14510, NULL, '17:22:00', 40 );
INSERT INTO "times" VALUES ( 19542, 14520, '17:23:00', '17:23:00', 40 );
INSERT INTO "times" VALUES ( 19542, 14530, '17:26:00', '17:26:00', 40 );
INSERT INTO "times" VALUES ( 19542, 14540, '17:28:00', '17:28:00', 40 );
INSERT INTO "times" VALUES ( 19542, 14550, '17:30:00', '17:30:00', 40 );
INSERT INTO "times" VALUES ( 19542, 14560, '17:31:00', '17:31:00', 40 );
INSERT INTO "times" VALUES ( 19542, 14570, '17:33:00', '17:33:00', 40 );

INSERT INTO "dias" VALUES ( 19543, 100, FALSE, TRUE, 'T1705W', 12710, 14510 );
INSERT INTO "dias_line_groups" VALUES ( 19543, 20 );
INSERT INTO "times" VALUES ( 19543, 12710, NULL, '17:25:00', 40 );
INSERT INTO "times" VALUES ( 19543, 14510, '17:39:00', NULL, NULL );
INSERT INTO "times" VALUES ( 19543, 14520, '17:37:00', '17:37:00', 40 );
INSERT INTO "times" VALUES ( 19543, 14530, '17:34:00', '17:34:00', 40 );
INSERT INTO "times" VALUES ( 19543, 14540, '17:32:00', '17:32:00', 40 );
INSERT INTO "times" VALUES ( 19543, 14550, '17:31:00', '17:31:00', 40 );
INSERT INTO "times" VALUES ( 19543, 14560, '17:29:00', '17:29:00', 40 );
INSERT INTO "times" VALUES ( 19543, 14570, '17:27:00', '17:27:00', 40 );

INSERT INTO "dias" VALUES ( 19544, 100, FALSE, TRUE, 'T1706H', 14510, 12710 );
INSERT INTO "dias_line_groups" VALUES ( 19544, 20 );
INSERT INTO "times" VALUES ( 19544, 12710, '17:45:00', NULL, NULL );
INSERT INTO "times" VALUES ( 19544, 14510, NULL, '17:32:00', 40 );
INSERT INTO "times" VALUES ( 19544, 14520, '17:33:00', '17:33:00', 40 );
INSERT INTO "times" VALUES ( 19544, 14530, '17:36:00', '17:36:00', 40 );
INSERT INTO "times" VALUES ( 19544, 14540, '17:38:00', '17:38:00', 40 );
INSERT INTO "times" VALUES ( 19544, 14550, '17:40:00', '17:40:00', 40 );
INSERT INTO "times" VALUES ( 19544, 14560, '17:41:00', '17:41:00', 40 );
INSERT INTO "times" VALUES ( 19544, 14570, '17:43:00', '17:43:00', 40 );

INSERT INTO "dias" VALUES ( 19545, 100, FALSE, TRUE, 'T1707W', 12710, 14510 );
INSERT INTO "dias_line_groups" VALUES ( 19545, 20 );
INSERT INTO "times" VALUES ( 19545, 12710, NULL, '17:35:00', 40 );
INSERT INTO "times" VALUES ( 19545, 14510, '17:49:00', NULL, NULL );
INSERT INTO "times" VALUES ( 19545, 14520, '17:47:00', '17:47:00', 40 );
INSERT INTO "times" VALUES ( 19545, 14530, '17:44:00', '17:44:00', 40 );
INSERT INTO "times" VALUES ( 19545, 14540, '17:42:00', '17:42:00', 40 );
INSERT INTO "times" VALUES ( 19545, 14550, '17:41:00', '17:41:00', 40 );
INSERT INTO "times" VALUES ( 19545, 14560, '17:39:00', '17:39:00', 40 );
INSERT INTO "times" VALUES ( 19545, 14570, '17:37:00', '17:37:00', 40 );

INSERT INTO "dias" VALUES ( 19546, 100, FALSE, TRUE, 'T1708H', 14510, 12710 );
INSERT INTO "dias_line_groups" VALUES ( 19546, 20 );
INSERT INTO "times" VALUES ( 19546, 12710, '17:55:00', NULL, NULL );
INSERT INTO "times" VALUES ( 19546, 14510, NULL, '17:42:00', 40 );
INSERT INTO "times" VALUES ( 19546, 14520, '17:43:00', '17:43:00', 40 );
INSERT INTO "times" VALUES ( 19546, 14530, '17:46:00', '17:46:00', 40 );
INSERT INTO "times" VALUES ( 19546, 14540, '17:48:00', '17:48:00', 40 );
INSERT INTO "times" VALUES ( 19546, 14550, '17:50:00', '17:50:00', 40 );
INSERT INTO "times" VALUES ( 19546, 14560, '17:51:00', '17:51:00', 40 );
INSERT INTO "times" VALUES ( 19546, 14570, '17:53:00', '17:53:00', 40 );

INSERT INTO "dias" VALUES ( 19547, 100, FALSE, TRUE, 'T1709W', 12710, 14510 );
INSERT INTO "dias_line_groups" VALUES ( 19547, 20 );
INSERT INTO "times" VALUES ( 19547, 12710, NULL, '17:45:00', 40 );
INSERT INTO "times" VALUES ( 19547, 14510, '17:59:00', NULL, NULL );
INSERT INTO "times" VALUES ( 19547, 14520, '17:57:00', '17:57:00', 40 );
INSERT INTO "times" VALUES ( 19547, 14530, '17:54:00', '17:54:00', 40 );
INSERT INTO "times" VALUES ( 19547, 14540, '17:52:00', '17:52:00', 40 );
INSERT INTO "times" VALUES ( 19547, 14550, '17:51:00', '17:51:00', 40 );
INSERT INTO "times" VALUES ( 19547, 14560, '17:49:00', '17:49:00', 40 );
INSERT INTO "times" VALUES ( 19547, 14570, '17:47:00', '17:47:00', 40 );

INSERT INTO "dias" VALUES ( 19548, 100, FALSE, TRUE, 'T1710H', 14510, 12710 );
INSERT INTO "dias_line_groups" VALUES ( 19548, 20 );
INSERT INTO "times" VALUES ( 19548, 12710, '18:05:00', NULL, NULL );
INSERT INTO "times" VALUES ( 19548, 14510, NULL, '17:52:00', 40 );
INSERT INTO "times" VALUES ( 19548, 14520, '17:53:00', '17:53:00', 40 );
INSERT INTO "times" VALUES ( 19548, 14530, '17:56:00', '17:56:00', 40 );
INSERT INTO "times" VALUES ( 19548, 14540, '17:58:00', '17:58:00', 40 );
INSERT INTO "times" VALUES ( 19548, 14550, '18:00:00', '18:00:00', 40 );
INSERT INTO "times" VALUES ( 19548, 14560, '18:01:00', '18:01:00', 40 );
INSERT INTO "times" VALUES ( 19548, 14570, '18:03:00', '18:03:00', 40 );

INSERT INTO "dias" VALUES ( 19549, 100, FALSE, TRUE, 'T1711W', 12710, 14510 );
INSERT INTO "dias_line_groups" VALUES ( 19549, 20 );
INSERT INTO "times" VALUES ( 19549, 12710, NULL, '17:55:00', 40 );
INSERT INTO "times" VALUES ( 19549, 14510, '18:09:00', NULL, NULL );
INSERT INTO "times" VALUES ( 19549, 14520, '18:07:00', '18:07:00', 40 );
INSERT INTO "times" VALUES ( 19549, 14530, '18:04:00', '18:04:00', 40 );
INSERT INTO "times" VALUES ( 19549, 14540, '18:02:00', '18:02:00', 40 );
INSERT INTO "times" VALUES ( 19549, 14550, '18:01:00', '18:01:00', 40 );
INSERT INTO "times" VALUES ( 19549, 14560, '17:59:00', '17:59:00', 40 );
INSERT INTO "times" VALUES ( 19549, 14570, '17:57:00', '17:57:00', 40 );

INSERT INTO "dias" VALUES ( 19550, 100, FALSE, TRUE, 'T1800H', 14510, 12710 );
INSERT INTO "dias_line_groups" VALUES ( 19550, 20 );
INSERT INTO "times" VALUES ( 19550, 12710, '18:15:00', NULL, NULL );
INSERT INTO "times" VALUES ( 19550, 14510, NULL, '18:02:00', 40 );
INSERT INTO "times" VALUES ( 19550, 14520, '18:03:00', '18:03:00', 40 );
INSERT INTO "times" VALUES ( 19550, 14530, '18:06:00', '18:06:00', 40 );
INSERT INTO "times" VALUES ( 19550, 14540, '18:08:00', '18:08:00', 40 );
INSERT INTO "times" VALUES ( 19550, 14550, '18:10:00', '18:10:00', 40 );
INSERT INTO "times" VALUES ( 19550, 14560, '18:11:00', '18:11:00', 40 );
INSERT INTO "times" VALUES ( 19550, 14570, '18:13:00', '18:13:00', 40 );

INSERT INTO "dias" VALUES ( 19551, 100, FALSE, TRUE, 'T1801W', 12710, 14510 );
INSERT INTO "dias_line_groups" VALUES ( 19551, 20 );
INSERT INTO "times" VALUES ( 19551, 12710, NULL, '18:05:00', 40 );
INSERT INTO "times" VALUES ( 19551, 14510, '18:19:00', NULL, NULL );
INSERT INTO "times" VALUES ( 19551, 14520, '18:17:00', '18:17:00', 40 );
INSERT INTO "times" VALUES ( 19551, 14530, '18:14:00', '18:14:00', 40 );
INSERT INTO "times" VALUES ( 19551, 14540, '18:12:00', '18:12:00', 40 );
INSERT INTO "times" VALUES ( 19551, 14550, '18:11:00', '18:11:00', 40 );
INSERT INTO "times" VALUES ( 19551, 14560, '18:09:00', '18:09:00', 40 );
INSERT INTO "times" VALUES ( 19551, 14570, '18:07:00', '18:07:00', 40 );

INSERT INTO "dias" VALUES ( 19552, 100, FALSE, TRUE, 'T1802H', 14510, 12710 );
INSERT INTO "dias_line_groups" VALUES ( 19552, 20 );
INSERT INTO "times" VALUES ( 19552, 12710, '18:25:00', NULL, NULL );
INSERT INTO "times" VALUES ( 19552, 14510, NULL, '18:12:00', 40 );
INSERT INTO "times" VALUES ( 19552, 14520, '18:13:00', '18:13:00', 40 );
INSERT INTO "times" VALUES ( 19552, 14530, '18:16:00', '18:16:00', 40 );
INSERT INTO "times" VALUES ( 19552, 14540, '18:18:00', '18:18:00', 40 );
INSERT INTO "times" VALUES ( 19552, 14550, '18:20:00', '18:20:00', 40 );
INSERT INTO "times" VALUES ( 19552, 14560, '18:21:00', '18:21:00', 40 );
INSERT INTO "times" VALUES ( 19552, 14570, '18:23:00', '18:23:00', 40 );

INSERT INTO "dias" VALUES ( 19553, 100, FALSE, TRUE, 'T1803W', 12710, 14510 );
INSERT INTO "dias_line_groups" VALUES ( 19553, 20 );
INSERT INTO "times" VALUES ( 19553, 12710, NULL, '18:15:00', 40 );
INSERT INTO "times" VALUES ( 19553, 14510, '18:29:00', NULL, NULL );
INSERT INTO "times" VALUES ( 19553, 14520, '18:27:00', '18:27:00', 40 );
INSERT INTO "times" VALUES ( 19553, 14530, '18:24:00', '18:24:00', 40 );
INSERT INTO "times" VALUES ( 19553, 14540, '18:22:00', '18:22:00', 40 );
INSERT INTO "times" VALUES ( 19553, 14550, '18:21:00', '18:21:00', 40 );
INSERT INTO "times" VALUES ( 19553, 14560, '18:19:00', '18:19:00', 40 );
INSERT INTO "times" VALUES ( 19553, 14570, '18:17:00', '18:17:00', 40 );

INSERT INTO "dias" VALUES ( 19554, 100, FALSE, TRUE, 'T1804H', 14510, 12710 );
INSERT INTO "dias_line_groups" VALUES ( 19554, 20 );
INSERT INTO "times" VALUES ( 19554, 12710, '18:35:00', NULL, NULL );
INSERT INTO "times" VALUES ( 19554, 14510, NULL, '18:22:00', 40 );
INSERT INTO "times" VALUES ( 19554, 14520, '18:23:00', '18:23:00', 40 );
INSERT INTO "times" VALUES ( 19554, 14530, '18:26:00', '18:26:00', 40 );
INSERT INTO "times" VALUES ( 19554, 14540, '18:28:00', '18:28:00', 40 );
INSERT INTO "times" VALUES ( 19554, 14550, '18:30:00', '18:30:00', 40 );
INSERT INTO "times" VALUES ( 19554, 14560, '18:31:00', '18:31:00', 40 );
INSERT INTO "times" VALUES ( 19554, 14570, '18:33:00', '18:33:00', 40 );

INSERT INTO "dias" VALUES ( 19555, 100, FALSE, TRUE, 'T1805W', 12710, 14510 );
INSERT INTO "dias_line_groups" VALUES ( 19555, 20 );
INSERT INTO "times" VALUES ( 19555, 12710, NULL, '18:25:00', 40 );
INSERT INTO "times" VALUES ( 19555, 14510, '18:39:00', NULL, NULL );
INSERT INTO "times" VALUES ( 19555, 14520, '18:37:00', '18:37:00', 40 );
INSERT INTO "times" VALUES ( 19555, 14530, '18:34:00', '18:34:00', 40 );
INSERT INTO "times" VALUES ( 19555, 14540, '18:32:00', '18:32:00', 40 );
INSERT INTO "times" VALUES ( 19555, 14550, '18:31:00', '18:31:00', 40 );
INSERT INTO "times" VALUES ( 19555, 14560, '18:29:00', '18:29:00', 40 );
INSERT INTO "times" VALUES ( 19555, 14570, '18:27:00', '18:27:00', 40 );

INSERT INTO "dias" VALUES ( 19556, 100, FALSE, TRUE, 'T1806H', 14510, 12710 );
INSERT INTO "dias_line_groups" VALUES ( 19556, 20 );
INSERT INTO "times" VALUES ( 19556, 12710, '18:45:00', NULL, NULL );
INSERT INTO "times" VALUES ( 19556, 14510, NULL, '18:32:00', 40 );
INSERT INTO "times" VALUES ( 19556, 14520, '18:33:00', '18:33:00', 40 );
INSERT INTO "times" VALUES ( 19556, 14530, '18:36:00', '18:36:00', 40 );
INSERT INTO "times" VALUES ( 19556, 14540, '18:38:00', '18:38:00', 40 );
INSERT INTO "times" VALUES ( 19556, 14550, '18:40:00', '18:40:00', 40 );
INSERT INTO "times" VALUES ( 19556, 14560, '18:41:00', '18:41:00', 40 );
INSERT INTO "times" VALUES ( 19556, 14570, '18:43:00', '18:43:00', 40 );

INSERT INTO "dias" VALUES ( 19557, 100, FALSE, TRUE, 'T1807W', 12710, 14510 );
INSERT INTO "dias_line_groups" VALUES ( 19557, 20 );
INSERT INTO "times" VALUES ( 19557, 12710, NULL, '18:35:00', 40 );
INSERT INTO "times" VALUES ( 19557, 14510, '18:49:00', NULL, NULL );
INSERT INTO "times" VALUES ( 19557, 14520, '18:47:00', '18:47:00', 40 );
INSERT INTO "times" VALUES ( 19557, 14530, '18:44:00', '18:44:00', 40 );
INSERT INTO "times" VALUES ( 19557, 14540, '18:42:00', '18:42:00', 40 );
INSERT INTO "times" VALUES ( 19557, 14550, '18:41:00', '18:41:00', 40 );
INSERT INTO "times" VALUES ( 19557, 14560, '18:39:00', '18:39:00', 40 );
INSERT INTO "times" VALUES ( 19557, 14570, '18:37:00', '18:37:00', 40 );

INSERT INTO "dias" VALUES ( 19558, 100, FALSE, TRUE, 'T1808H', 14510, 12710 );
INSERT INTO "dias_line_groups" VALUES ( 19558, 20 );
INSERT INTO "times" VALUES ( 19558, 12710, '18:55:00', NULL, NULL );
INSERT INTO "times" VALUES ( 19558, 14510, NULL, '18:42:00', 40 );
INSERT INTO "times" VALUES ( 19558, 14520, '18:43:00', '18:43:00', 40 );
INSERT INTO "times" VALUES ( 19558, 14530, '18:46:00', '18:46:00', 40 );
INSERT INTO "times" VALUES ( 19558, 14540, '18:48:00', '18:48:00', 40 );
INSERT INTO "times" VALUES ( 19558, 14550, '18:50:00', '18:50:00', 40 );
INSERT INTO "times" VALUES ( 19558, 14560, '18:51:00', '18:51:00', 40 );
INSERT INTO "times" VALUES ( 19558, 14570, '18:53:00', '18:53:00', 40 );

INSERT INTO "dias" VALUES ( 19559, 100, FALSE, TRUE, 'T1809W', 12710, 14510 );
INSERT INTO "dias_line_groups" VALUES ( 19559, 20 );
INSERT INTO "times" VALUES ( 19559, 12710, NULL, '18:45:00', 40 );
INSERT INTO "times" VALUES ( 19559, 14510, '18:59:00', NULL, NULL );
INSERT INTO "times" VALUES ( 19559, 14520, '18:57:00', '18:57:00', 40 );
INSERT INTO "times" VALUES ( 19559, 14530, '18:54:00', '18:54:00', 40 );
INSERT INTO "times" VALUES ( 19559, 14540, '18:52:00', '18:52:00', 40 );
INSERT INTO "times" VALUES ( 19559, 14550, '18:51:00', '18:51:00', 40 );
INSERT INTO "times" VALUES ( 19559, 14560, '18:49:00', '18:49:00', 40 );
INSERT INTO "times" VALUES ( 19559, 14570, '18:47:00', '18:47:00', 40 );

INSERT INTO "dias" VALUES ( 19560, 100, FALSE, TRUE, 'T1810H', 14510, 12710 );
INSERT INTO "dias_line_groups" VALUES ( 19560, 20 );
INSERT INTO "times" VALUES ( 19560, 12710, '19:05:00', NULL, NULL );
INSERT INTO "times" VALUES ( 19560, 14510, NULL, '18:52:00', 40 );
INSERT INTO "times" VALUES ( 19560, 14520, '18:53:00', '18:53:00', 40 );
INSERT INTO "times" VALUES ( 19560, 14530, '18:56:00', '18:56:00', 40 );
INSERT INTO "times" VALUES ( 19560, 14540, '18:58:00', '18:58:00', 40 );
INSERT INTO "times" VALUES ( 19560, 14550, '19:00:00', '19:00:00', 40 );
INSERT INTO "times" VALUES ( 19560, 14560, '19:01:00', '19:01:00', 40 );
INSERT INTO "times" VALUES ( 19560, 14570, '19:03:00', '19:03:00', 40 );

INSERT INTO "dias" VALUES ( 19561, 100, FALSE, TRUE, 'T1811W', 12710, 14510 );
INSERT INTO "dias_line_groups" VALUES ( 19561, 20 );
INSERT INTO "times" VALUES ( 19561, 12710, NULL, '18:55:00', 40 );
INSERT INTO "times" VALUES ( 19561, 14510, '19:09:00', NULL, NULL );
INSERT INTO "times" VALUES ( 19561, 14520, '19:07:00', '19:07:00', 40 );
INSERT INTO "times" VALUES ( 19561, 14530, '19:04:00', '19:04:00', 40 );
INSERT INTO "times" VALUES ( 19561, 14540, '19:02:00', '19:02:00', 40 );
INSERT INTO "times" VALUES ( 19561, 14550, '19:01:00', '19:01:00', 40 );
INSERT INTO "times" VALUES ( 19561, 14560, '18:59:00', '18:59:00', 40 );
INSERT INTO "times" VALUES ( 19561, 14570, '18:57:00', '18:57:00', 40 );

INSERT INTO "dias" VALUES ( 19562, 100, FALSE, TRUE, 'T1900H', 14510, 12710 );
INSERT INTO "dias_line_groups" VALUES ( 19562, 20 );
INSERT INTO "times" VALUES ( 19562, 12710, '19:15:00', NULL, NULL );
INSERT INTO "times" VALUES ( 19562, 14510, NULL, '19:02:00', 40 );
INSERT INTO "times" VALUES ( 19562, 14520, '19:03:00', '19:03:00', 40 );
INSERT INTO "times" VALUES ( 19562, 14530, '19:06:00', '19:06:00', 40 );
INSERT INTO "times" VALUES ( 19562, 14540, '19:08:00', '19:08:00', 40 );
INSERT INTO "times" VALUES ( 19562, 14550, '19:10:00', '19:10:00', 40 );
INSERT INTO "times" VALUES ( 19562, 14560, '19:11:00', '19:11:00', 40 );
INSERT INTO "times" VALUES ( 19562, 14570, '19:13:00', '19:13:00', 40 );

INSERT INTO "dias" VALUES ( 19563, 100, FALSE, TRUE, 'T1901W', 12710, 14510 );
INSERT INTO "dias_line_groups" VALUES ( 19563, 20 );
INSERT INTO "times" VALUES ( 19563, 12710, NULL, '19:05:00', 40 );
INSERT INTO "times" VALUES ( 19563, 14510, '19:19:00', NULL, NULL );
INSERT INTO "times" VALUES ( 19563, 14520, '19:17:00', '19:17:00', 40 );
INSERT INTO "times" VALUES ( 19563, 14530, '19:14:00', '19:14:00', 40 );
INSERT INTO "times" VALUES ( 19563, 14540, '19:12:00', '19:12:00', 40 );
INSERT INTO "times" VALUES ( 19563, 14550, '19:11:00', '19:11:00', 40 );
INSERT INTO "times" VALUES ( 19563, 14560, '19:09:00', '19:09:00', 40 );
INSERT INTO "times" VALUES ( 19563, 14570, '19:07:00', '19:07:00', 40 );

INSERT INTO "dias" VALUES ( 19564, 100, FALSE, TRUE, 'T1902H', 14510, 12710 );
INSERT INTO "dias_line_groups" VALUES ( 19564, 20 );
INSERT INTO "times" VALUES ( 19564, 12710, '19:25:00', NULL, NULL );
INSERT INTO "times" VALUES ( 19564, 14510, NULL, '19:12:00', 40 );
INSERT INTO "times" VALUES ( 19564, 14520, '19:13:00', '19:13:00', 40 );
INSERT INTO "times" VALUES ( 19564, 14530, '19:16:00', '19:16:00', 40 );
INSERT INTO "times" VALUES ( 19564, 14540, '19:18:00', '19:18:00', 40 );
INSERT INTO "times" VALUES ( 19564, 14550, '19:20:00', '19:20:00', 40 );
INSERT INTO "times" VALUES ( 19564, 14560, '19:21:00', '19:21:00', 40 );
INSERT INTO "times" VALUES ( 19564, 14570, '19:23:00', '19:23:00', 40 );

INSERT INTO "dias" VALUES ( 19565, 100, FALSE, TRUE, 'T1903W', 12710, 14510 );
INSERT INTO "dias_line_groups" VALUES ( 19565, 20 );
INSERT INTO "times" VALUES ( 19565, 12710, NULL, '19:15:00', 40 );
INSERT INTO "times" VALUES ( 19565, 14510, '19:29:00', NULL, NULL );
INSERT INTO "times" VALUES ( 19565, 14520, '19:27:00', '19:27:00', 40 );
INSERT INTO "times" VALUES ( 19565, 14530, '19:24:00', '19:24:00', 40 );
INSERT INTO "times" VALUES ( 19565, 14540, '19:22:00', '19:22:00', 40 );
INSERT INTO "times" VALUES ( 19565, 14550, '19:21:00', '19:21:00', 40 );
INSERT INTO "times" VALUES ( 19565, 14560, '19:19:00', '19:19:00', 40 );
INSERT INTO "times" VALUES ( 19565, 14570, '19:17:00', '19:17:00', 40 );

INSERT INTO "dias" VALUES ( 19566, 100, FALSE, TRUE, 'T1904H', 14510, 12710 );
INSERT INTO "dias_line_groups" VALUES ( 19566, 20 );
INSERT INTO "times" VALUES ( 19566, 12710, '19:35:00', NULL, NULL );
INSERT INTO "times" VALUES ( 19566, 14510, NULL, '19:22:00', 40 );
INSERT INTO "times" VALUES ( 19566, 14520, '19:23:00', '19:23:00', 40 );
INSERT INTO "times" VALUES ( 19566, 14530, '19:26:00', '19:26:00', 40 );
INSERT INTO "times" VALUES ( 19566, 14540, '19:28:00', '19:28:00', 40 );
INSERT INTO "times" VALUES ( 19566, 14550, '19:30:00', '19:30:00', 40 );
INSERT INTO "times" VALUES ( 19566, 14560, '19:31:00', '19:31:00', 40 );
INSERT INTO "times" VALUES ( 19566, 14570, '19:33:00', '19:33:00', 40 );

INSERT INTO "dias" VALUES ( 19567, 100, FALSE, TRUE, 'T1905W', 12710, 14510 );
INSERT INTO "dias_line_groups" VALUES ( 19567, 20 );
INSERT INTO "times" VALUES ( 19567, 12710, NULL, '19:25:00', 40 );
INSERT INTO "times" VALUES ( 19567, 14510, '19:39:00', NULL, NULL );
INSERT INTO "times" VALUES ( 19567, 14520, '19:37:00', '19:37:00', 40 );
INSERT INTO "times" VALUES ( 19567, 14530, '19:34:00', '19:34:00', 40 );
INSERT INTO "times" VALUES ( 19567, 14540, '19:32:00', '19:32:00', 40 );
INSERT INTO "times" VALUES ( 19567, 14550, '19:31:00', '19:31:00', 40 );
INSERT INTO "times" VALUES ( 19567, 14560, '19:29:00', '19:29:00', 40 );
INSERT INTO "times" VALUES ( 19567, 14570, '19:27:00', '19:27:00', 40 );

INSERT INTO "dias" VALUES ( 19568, 100, FALSE, TRUE, 'T1906H', 14510, 12710 );
INSERT INTO "dias_line_groups" VALUES ( 19568, 20 );
INSERT INTO "times" VALUES ( 19568, 12710, '19:45:00', NULL, NULL );
INSERT INTO "times" VALUES ( 19568, 14510, NULL, '19:32:00', 40 );
INSERT INTO "times" VALUES ( 19568, 14520, '19:33:00', '19:33:00', 40 );
INSERT INTO "times" VALUES ( 19568, 14530, '19:36:00', '19:36:00', 40 );
INSERT INTO "times" VALUES ( 19568, 14540, '19:38:00', '19:38:00', 40 );
INSERT INTO "times" VALUES ( 19568, 14550, '19:40:00', '19:40:00', 40 );
INSERT INTO "times" VALUES ( 19568, 14560, '19:41:00', '19:41:00', 40 );
INSERT INTO "times" VALUES ( 19568, 14570, '19:43:00', '19:43:00', 40 );

INSERT INTO "dias" VALUES ( 19569, 100, FALSE, TRUE, 'T1907W', 12710, 14510 );
INSERT INTO "dias_line_groups" VALUES ( 19569, 20 );
INSERT INTO "times" VALUES ( 19569, 12710, NULL, '19:35:00', 40 );
INSERT INTO "times" VALUES ( 19569, 14510, '19:49:00', NULL, NULL );
INSERT INTO "times" VALUES ( 19569, 14520, '19:47:00', '19:47:00', 40 );
INSERT INTO "times" VALUES ( 19569, 14530, '19:44:00', '19:44:00', 40 );
INSERT INTO "times" VALUES ( 19569, 14540, '19:42:00', '19:42:00', 40 );
INSERT INTO "times" VALUES ( 19569, 14550, '19:41:00', '19:41:00', 40 );
INSERT INTO "times" VALUES ( 19569, 14560, '19:39:00', '19:39:00', 40 );
INSERT INTO "times" VALUES ( 19569, 14570, '19:37:00', '19:37:00', 40 );

INSERT INTO "dias" VALUES ( 19570, 100, FALSE, TRUE, 'T1908H', 14510, 12710 );
INSERT INTO "dias_line_groups" VALUES ( 19570, 20 );
INSERT INTO "times" VALUES ( 19570, 12710, '19:55:00', NULL, NULL );
INSERT INTO "times" VALUES ( 19570, 14510, NULL, '19:42:00', 40 );
INSERT INTO "times" VALUES ( 19570, 14520, '19:43:00', '19:43:00', 40 );
INSERT INTO "times" VALUES ( 19570, 14530, '19:46:00', '19:46:00', 40 );
INSERT INTO "times" VALUES ( 19570, 14540, '19:48:00', '19:48:00', 40 );
INSERT INTO "times" VALUES ( 19570, 14550, '19:50:00', '19:50:00', 40 );
INSERT INTO "times" VALUES ( 19570, 14560, '19:51:00', '19:51:00', 40 );
INSERT INTO "times" VALUES ( 19570, 14570, '19:53:00', '19:53:00', 40 );

INSERT INTO "dias" VALUES ( 19571, 100, FALSE, TRUE, 'T1909W', 12710, 14510 );
INSERT INTO "dias_line_groups" VALUES ( 19571, 20 );
INSERT INTO "times" VALUES ( 19571, 12710, NULL, '19:45:00', 40 );
INSERT INTO "times" VALUES ( 19571, 14510, '19:59:00', NULL, NULL );
INSERT INTO "times" VALUES ( 19571, 14520, '19:57:00', '19:57:00', 40 );
INSERT INTO "times" VALUES ( 19571, 14530, '19:54:00', '19:54:00', 40 );
INSERT INTO "times" VALUES ( 19571, 14540, '19:52:00', '19:52:00', 40 );
INSERT INTO "times" VALUES ( 19571, 14550, '19:51:00', '19:51:00', 40 );
INSERT INTO "times" VALUES ( 19571, 14560, '19:49:00', '19:49:00', 40 );
INSERT INTO "times" VALUES ( 19571, 14570, '19:47:00', '19:47:00', 40 );

INSERT INTO "dias" VALUES ( 19572, 100, FALSE, TRUE, 'T1910H', 14510, 12710 );
INSERT INTO "dias_line_groups" VALUES ( 19572, 20 );
INSERT INTO "times" VALUES ( 19572, 12710, '20:05:00', NULL, NULL );
INSERT INTO "times" VALUES ( 19572, 14510, NULL, '19:52:00', 40 );
INSERT INTO "times" VALUES ( 19572, 14520, '19:53:00', '19:53:00', 40 );
INSERT INTO "times" VALUES ( 19572, 14530, '19:56:00', '19:56:00', 40 );
INSERT INTO "times" VALUES ( 19572, 14540, '19:58:00', '19:58:00', 40 );
INSERT INTO "times" VALUES ( 19572, 14550, '20:00:00', '20:00:00', 40 );
INSERT INTO "times" VALUES ( 19572, 14560, '20:01:00', '20:01:00', 40 );
INSERT INTO "times" VALUES ( 19572, 14570, '20:03:00', '20:03:00', 40 );

INSERT INTO "dias" VALUES ( 19573, 100, FALSE, TRUE, 'T1911W', 12710, 14510 );
INSERT INTO "dias_line_groups" VALUES ( 19573, 20 );
INSERT INTO "times" VALUES ( 19573, 12710, NULL, '19:55:00', 40 );
INSERT INTO "times" VALUES ( 19573, 14510, '20:09:00', NULL, NULL );
INSERT INTO "times" VALUES ( 19573, 14520, '20:07:00', '20:07:00', 40 );
INSERT INTO "times" VALUES ( 19573, 14530, '20:04:00', '20:04:00', 40 );
INSERT INTO "times" VALUES ( 19573, 14540, '20:02:00', '20:02:00', 40 );
INSERT INTO "times" VALUES ( 19573, 14550, '20:01:00', '20:01:00', 40 );
INSERT INTO "times" VALUES ( 19573, 14560, '19:59:00', '19:59:00', 40 );
INSERT INTO "times" VALUES ( 19573, 14570, '19:57:00', '19:57:00', 40 );

INSERT INTO "dias" VALUES ( 19574, 100, FALSE, TRUE, 'T2000H', 14510, 12710 );
INSERT INTO "dias_line_groups" VALUES ( 19574, 20 );
INSERT INTO "times" VALUES ( 19574, 12710, '20:15:00', NULL, NULL );
INSERT INTO "times" VALUES ( 19574, 14510, NULL, '20:02:00', 40 );
INSERT INTO "times" VALUES ( 19574, 14520, '20:03:00', '20:03:00', 40 );
INSERT INTO "times" VALUES ( 19574, 14530, '20:06:00', '20:06:00', 40 );
INSERT INTO "times" VALUES ( 19574, 14540, '20:08:00', '20:08:00', 40 );
INSERT INTO "times" VALUES ( 19574, 14550, '20:10:00', '20:10:00', 40 );
INSERT INTO "times" VALUES ( 19574, 14560, '20:11:00', '20:11:00', 40 );
INSERT INTO "times" VALUES ( 19574, 14570, '20:13:00', '20:13:00', 40 );

INSERT INTO "dias" VALUES ( 19575, 100, FALSE, TRUE, 'T2001W', 12710, 14510 );
INSERT INTO "dias_line_groups" VALUES ( 19575, 20 );
INSERT INTO "times" VALUES ( 19575, 12710, NULL, '20:05:00', 40 );
INSERT INTO "times" VALUES ( 19575, 14510, '20:19:00', NULL, NULL );
INSERT INTO "times" VALUES ( 19575, 14520, '20:17:00', '20:17:00', 40 );
INSERT INTO "times" VALUES ( 19575, 14530, '20:14:00', '20:14:00', 40 );
INSERT INTO "times" VALUES ( 19575, 14540, '20:12:00', '20:12:00', 40 );
INSERT INTO "times" VALUES ( 19575, 14550, '20:11:00', '20:11:00', 40 );
INSERT INTO "times" VALUES ( 19575, 14560, '20:09:00', '20:09:00', 40 );
INSERT INTO "times" VALUES ( 19575, 14570, '20:07:00', '20:07:00', 40 );

INSERT INTO "dias" VALUES ( 19576, 100, FALSE, TRUE, 'T2002H', 14510, 12710 );
INSERT INTO "dias_line_groups" VALUES ( 19576, 20 );
INSERT INTO "times" VALUES ( 19576, 12710, '20:25:00', NULL, NULL );
INSERT INTO "times" VALUES ( 19576, 14510, NULL, '20:12:00', 40 );
INSERT INTO "times" VALUES ( 19576, 14520, '20:13:00', '20:13:00', 40 );
INSERT INTO "times" VALUES ( 19576, 14530, '20:16:00', '20:16:00', 40 );
INSERT INTO "times" VALUES ( 19576, 14540, '20:18:00', '20:18:00', 40 );
INSERT INTO "times" VALUES ( 19576, 14550, '20:20:00', '20:20:00', 40 );
INSERT INTO "times" VALUES ( 19576, 14560, '20:21:00', '20:21:00', 40 );
INSERT INTO "times" VALUES ( 19576, 14570, '20:23:00', '20:23:00', 40 );

INSERT INTO "dias" VALUES ( 19577, 100, FALSE, TRUE, 'T2003W', 12710, 14510 );
INSERT INTO "dias_line_groups" VALUES ( 19577, 20 );
INSERT INTO "times" VALUES ( 19577, 12710, NULL, '20:15:00', 40 );
INSERT INTO "times" VALUES ( 19577, 14510, '20:29:00', NULL, NULL );
INSERT INTO "times" VALUES ( 19577, 14520, '20:27:00', '20:27:00', 40 );
INSERT INTO "times" VALUES ( 19577, 14530, '20:24:00', '20:24:00', 40 );
INSERT INTO "times" VALUES ( 19577, 14540, '20:22:00', '20:22:00', 40 );
INSERT INTO "times" VALUES ( 19577, 14550, '20:21:00', '20:21:00', 40 );
INSERT INTO "times" VALUES ( 19577, 14560, '20:19:00', '20:19:00', 40 );
INSERT INTO "times" VALUES ( 19577, 14570, '20:17:00', '20:17:00', 40 );

INSERT INTO "dias" VALUES ( 19578, 100, FALSE, TRUE, 'T2004H', 14510, 12710 );
INSERT INTO "dias_line_groups" VALUES ( 19578, 20 );
INSERT INTO "times" VALUES ( 19578, 12710, '20:35:00', NULL, NULL );
INSERT INTO "times" VALUES ( 19578, 14510, NULL, '20:22:00', 40 );
INSERT INTO "times" VALUES ( 19578, 14520, '20:23:00', '20:23:00', 40 );
INSERT INTO "times" VALUES ( 19578, 14530, '20:26:00', '20:26:00', 40 );
INSERT INTO "times" VALUES ( 19578, 14540, '20:28:00', '20:28:00', 40 );
INSERT INTO "times" VALUES ( 19578, 14550, '20:30:00', '20:30:00', 40 );
INSERT INTO "times" VALUES ( 19578, 14560, '20:31:00', '20:31:00', 40 );
INSERT INTO "times" VALUES ( 19578, 14570, '20:33:00', '20:33:00', 40 );

INSERT INTO "dias" VALUES ( 19579, 100, FALSE, TRUE, 'T2005W', 12710, 14510 );
INSERT INTO "dias_line_groups" VALUES ( 19579, 20 );
INSERT INTO "times" VALUES ( 19579, 12710, NULL, '20:25:00', 40 );
INSERT INTO "times" VALUES ( 19579, 14510, '20:39:00', NULL, NULL );
INSERT INTO "times" VALUES ( 19579, 14520, '20:37:00', '20:37:00', 40 );
INSERT INTO "times" VALUES ( 19579, 14530, '20:34:00', '20:34:00', 40 );
INSERT INTO "times" VALUES ( 19579, 14540, '20:32:00', '20:32:00', 40 );
INSERT INTO "times" VALUES ( 19579, 14550, '20:31:00', '20:31:00', 40 );
INSERT INTO "times" VALUES ( 19579, 14560, '20:29:00', '20:29:00', 40 );
INSERT INTO "times" VALUES ( 19579, 14570, '20:27:00', '20:27:00', 40 );

INSERT INTO "dias" VALUES ( 19580, 100, FALSE, TRUE, 'T2006H', 14510, 12710 );
INSERT INTO "dias_line_groups" VALUES ( 19580, 20 );
INSERT INTO "times" VALUES ( 19580, 12710, '20:45:00', NULL, NULL );
INSERT INTO "times" VALUES ( 19580, 14510, NULL, '20:32:00', 40 );
INSERT INTO "times" VALUES ( 19580, 14520, '20:33:00', '20:33:00', 40 );
INSERT INTO "times" VALUES ( 19580, 14530, '20:36:00', '20:36:00', 40 );
INSERT INTO "times" VALUES ( 19580, 14540, '20:38:00', '20:38:00', 40 );
INSERT INTO "times" VALUES ( 19580, 14550, '20:40:00', '20:40:00', 40 );
INSERT INTO "times" VALUES ( 19580, 14560, '20:41:00', '20:41:00', 40 );
INSERT INTO "times" VALUES ( 19580, 14570, '20:43:00', '20:43:00', 40 );

INSERT INTO "dias" VALUES ( 19581, 100, FALSE, TRUE, 'T2007W', 12710, 14510 );
INSERT INTO "dias_line_groups" VALUES ( 19581, 20 );
INSERT INTO "times" VALUES ( 19581, 12710, NULL, '20:35:00', 40 );
INSERT INTO "times" VALUES ( 19581, 14510, '20:49:00', NULL, NULL );
INSERT INTO "times" VALUES ( 19581, 14520, '20:47:00', '20:47:00', 40 );
INSERT INTO "times" VALUES ( 19581, 14530, '20:44:00', '20:44:00', 40 );
INSERT INTO "times" VALUES ( 19581, 14540, '20:42:00', '20:42:00', 40 );
INSERT INTO "times" VALUES ( 19581, 14550, '20:41:00', '20:41:00', 40 );
INSERT INTO "times" VALUES ( 19581, 14560, '20:39:00', '20:39:00', 40 );
INSERT INTO "times" VALUES ( 19581, 14570, '20:37:00', '20:37:00', 40 );

INSERT INTO "dias" VALUES ( 19582, 100, FALSE, TRUE, 'T2008H', 14510, 12710 );
INSERT INTO "dias_line_groups" VALUES ( 19582, 20 );
INSERT INTO "times" VALUES ( 19582, 12710, '20:55:00', NULL, NULL );
INSERT INTO "times" VALUES ( 19582, 14510, NULL, '20:42:00', 40 );
INSERT INTO "times" VALUES ( 19582, 14520, '20:43:00', '20:43:00', 40 );
INSERT INTO "times" VALUES ( 19582, 14530, '20:46:00', '20:46:00', 40 );
INSERT INTO "times" VALUES ( 19582, 14540, '20:48:00', '20:48:00', 40 );
INSERT INTO "times" VALUES ( 19582, 14550, '20:50:00', '20:50:00', 40 );
INSERT INTO "times" VALUES ( 19582, 14560, '20:51:00', '20:51:00', 40 );
INSERT INTO "times" VALUES ( 19582, 14570, '20:53:00', '20:53:00', 40 );

INSERT INTO "dias" VALUES ( 19583, 100, FALSE, TRUE, 'T2009W', 12710, 14510 );
INSERT INTO "dias_line_groups" VALUES ( 19583, 20 );
INSERT INTO "times" VALUES ( 19583, 12710, NULL, '20:45:00', 40 );
INSERT INTO "times" VALUES ( 19583, 14510, '20:59:00', NULL, NULL );
INSERT INTO "times" VALUES ( 19583, 14520, '20:57:00', '20:57:00', 40 );
INSERT INTO "times" VALUES ( 19583, 14530, '20:54:00', '20:54:00', 40 );
INSERT INTO "times" VALUES ( 19583, 14540, '20:52:00', '20:52:00', 40 );
INSERT INTO "times" VALUES ( 19583, 14550, '20:51:00', '20:51:00', 40 );
INSERT INTO "times" VALUES ( 19583, 14560, '20:49:00', '20:49:00', 40 );
INSERT INTO "times" VALUES ( 19583, 14570, '20:47:00', '20:47:00', 40 );

INSERT INTO "dias" VALUES ( 19584, 100, FALSE, TRUE, 'T2010H', 14510, 12710 );
INSERT INTO "dias_line_groups" VALUES ( 19584, 20 );
INSERT INTO "times" VALUES ( 19584, 12710, '21:05:00', NULL, NULL );
INSERT INTO "times" VALUES ( 19584, 14510, NULL, '20:52:00', 40 );
INSERT INTO "times" VALUES ( 19584, 14520, '20:53:00', '20:53:00', 40 );
INSERT INTO "times" VALUES ( 19584, 14530, '20:56:00', '20:56:00', 40 );
INSERT INTO "times" VALUES ( 19584, 14540, '20:58:00', '20:58:00', 40 );
INSERT INTO "times" VALUES ( 19584, 14550, '21:00:00', '21:00:00', 40 );
INSERT INTO "times" VALUES ( 19584, 14560, '21:01:00', '21:01:00', 40 );
INSERT INTO "times" VALUES ( 19584, 14570, '21:03:00', '21:03:00', 40 );

INSERT INTO "dias" VALUES ( 19585, 100, FALSE, TRUE, 'T2011W', 12710, 14510 );
INSERT INTO "dias_line_groups" VALUES ( 19585, 20 );
INSERT INTO "times" VALUES ( 19585, 12710, NULL, '20:55:00', 40 );
INSERT INTO "times" VALUES ( 19585, 14510, '21:09:00', NULL, NULL );
INSERT INTO "times" VALUES ( 19585, 14520, '21:07:00', '21:07:00', 40 );
INSERT INTO "times" VALUES ( 19585, 14530, '21:04:00', '21:04:00', 40 );
INSERT INTO "times" VALUES ( 19585, 14540, '21:02:00', '21:02:00', 40 );
INSERT INTO "times" VALUES ( 19585, 14550, '21:01:00', '21:01:00', 40 );
INSERT INTO "times" VALUES ( 19585, 14560, '20:59:00', '20:59:00', 40 );
INSERT INTO "times" VALUES ( 19585, 14570, '20:57:00', '20:57:00', 40 );

INSERT INTO "dias" VALUES ( 19586, 100, FALSE, TRUE, 'T2100H', 14510, 12710 );
INSERT INTO "dias_line_groups" VALUES ( 19586, 20 );
INSERT INTO "times" VALUES ( 19586, 12710, '21:15:00', NULL, NULL );
INSERT INTO "times" VALUES ( 19586, 14510, NULL, '21:02:00', 40 );
INSERT INTO "times" VALUES ( 19586, 14520, '21:03:00', '21:03:00', 40 );
INSERT INTO "times" VALUES ( 19586, 14530, '21:06:00', '21:06:00', 40 );
INSERT INTO "times" VALUES ( 19586, 14540, '21:08:00', '21:08:00', 40 );
INSERT INTO "times" VALUES ( 19586, 14550, '21:10:00', '21:10:00', 40 );
INSERT INTO "times" VALUES ( 19586, 14560, '21:11:00', '21:11:00', 40 );
INSERT INTO "times" VALUES ( 19586, 14570, '21:13:00', '21:13:00', 40 );

INSERT INTO "dias" VALUES ( 19587, 100, FALSE, TRUE, 'T2101W', 12710, 14510 );
INSERT INTO "dias_line_groups" VALUES ( 19587, 20 );
INSERT INTO "times" VALUES ( 19587, 12710, NULL, '21:05:00', 40 );
INSERT INTO "times" VALUES ( 19587, 14510, '21:19:00', NULL, NULL );
INSERT INTO "times" VALUES ( 19587, 14520, '21:17:00', '21:17:00', 40 );
INSERT INTO "times" VALUES ( 19587, 14530, '21:14:00', '21:14:00', 40 );
INSERT INTO "times" VALUES ( 19587, 14540, '21:12:00', '21:12:00', 40 );
INSERT INTO "times" VALUES ( 19587, 14550, '21:11:00', '21:11:00', 40 );
INSERT INTO "times" VALUES ( 19587, 14560, '21:09:00', '21:09:00', 40 );
INSERT INTO "times" VALUES ( 19587, 14570, '21:07:00', '21:07:00', 40 );

INSERT INTO "dias" VALUES ( 19588, 100, FALSE, TRUE, 'T2102H', 14510, 12710 );
INSERT INTO "dias_line_groups" VALUES ( 19588, 20 );
INSERT INTO "times" VALUES ( 19588, 12710, '21:25:00', NULL, NULL );
INSERT INTO "times" VALUES ( 19588, 14510, NULL, '21:12:00', 40 );
INSERT INTO "times" VALUES ( 19588, 14520, '21:13:00', '21:13:00', 40 );
INSERT INTO "times" VALUES ( 19588, 14530, '21:16:00', '21:16:00', 40 );
INSERT INTO "times" VALUES ( 19588, 14540, '21:18:00', '21:18:00', 40 );
INSERT INTO "times" VALUES ( 19588, 14550, '21:20:00', '21:20:00', 40 );
INSERT INTO "times" VALUES ( 19588, 14560, '21:21:00', '21:21:00', 40 );
INSERT INTO "times" VALUES ( 19588, 14570, '21:23:00', '21:23:00', 40 );

INSERT INTO "dias" VALUES ( 19589, 100, FALSE, TRUE, 'T2103W', 12710, 14510 );
INSERT INTO "dias_line_groups" VALUES ( 19589, 20 );
INSERT INTO "times" VALUES ( 19589, 12710, NULL, '21:15:00', 40 );
INSERT INTO "times" VALUES ( 19589, 14510, '21:29:00', NULL, NULL );
INSERT INTO "times" VALUES ( 19589, 14520, '21:27:00', '21:27:00', 40 );
INSERT INTO "times" VALUES ( 19589, 14530, '21:24:00', '21:24:00', 40 );
INSERT INTO "times" VALUES ( 19589, 14540, '21:22:00', '21:22:00', 40 );
INSERT INTO "times" VALUES ( 19589, 14550, '21:21:00', '21:21:00', 40 );
INSERT INTO "times" VALUES ( 19589, 14560, '21:19:00', '21:19:00', 40 );
INSERT INTO "times" VALUES ( 19589, 14570, '21:17:00', '21:17:00', 40 );

INSERT INTO "dias" VALUES ( 19590, 100, FALSE, TRUE, 'T2104H', 14510, 12710 );
INSERT INTO "dias_line_groups" VALUES ( 19590, 20 );
INSERT INTO "times" VALUES ( 19590, 12710, '21:35:00', NULL, NULL );
INSERT INTO "times" VALUES ( 19590, 14510, NULL, '21:22:00', 40 );
INSERT INTO "times" VALUES ( 19590, 14520, '21:23:00', '21:23:00', 40 );
INSERT INTO "times" VALUES ( 19590, 14530, '21:26:00', '21:26:00', 40 );
INSERT INTO "times" VALUES ( 19590, 14540, '21:28:00', '21:28:00', 40 );
INSERT INTO "times" VALUES ( 19590, 14550, '21:30:00', '21:30:00', 40 );
INSERT INTO "times" VALUES ( 19590, 14560, '21:31:00', '21:31:00', 40 );
INSERT INTO "times" VALUES ( 19590, 14570, '21:33:00', '21:33:00', 40 );

INSERT INTO "dias" VALUES ( 19591, 100, FALSE, TRUE, 'T2105W', 12710, 14510 );
INSERT INTO "dias_line_groups" VALUES ( 19591, 20 );
INSERT INTO "times" VALUES ( 19591, 12710, NULL, '21:25:00', 40 );
INSERT INTO "times" VALUES ( 19591, 14510, '21:39:00', NULL, NULL );
INSERT INTO "times" VALUES ( 19591, 14520, '21:37:00', '21:37:00', 40 );
INSERT INTO "times" VALUES ( 19591, 14530, '21:34:00', '21:34:00', 40 );
INSERT INTO "times" VALUES ( 19591, 14540, '21:32:00', '21:32:00', 40 );
INSERT INTO "times" VALUES ( 19591, 14550, '21:31:00', '21:31:00', 40 );
INSERT INTO "times" VALUES ( 19591, 14560, '21:29:00', '21:29:00', 40 );
INSERT INTO "times" VALUES ( 19591, 14570, '21:27:00', '21:27:00', 40 );

INSERT INTO "dias" VALUES ( 19592, 100, FALSE, TRUE, 'T2106H', 14510, 12710 );
INSERT INTO "dias_line_groups" VALUES ( 19592, 20 );
INSERT INTO "times" VALUES ( 19592, 12710, '21:45:00', NULL, NULL );
INSERT INTO "times" VALUES ( 19592, 14510, NULL, '21:32:00', 40 );
INSERT INTO "times" VALUES ( 19592, 14520, '21:33:00', '21:33:00', 40 );
INSERT INTO "times" VALUES ( 19592, 14530, '21:36:00', '21:36:00', 40 );
INSERT INTO "times" VALUES ( 19592, 14540, '21:38:00', '21:38:00', 40 );
INSERT INTO "times" VALUES ( 19592, 14550, '21:40:00', '21:40:00', 40 );
INSERT INTO "times" VALUES ( 19592, 14560, '21:41:00', '21:41:00', 40 );
INSERT INTO "times" VALUES ( 19592, 14570, '21:43:00', '21:43:00', 40 );

INSERT INTO "dias" VALUES ( 19593, 100, FALSE, TRUE, 'T2107W', 12710, 14510 );
INSERT INTO "dias_line_groups" VALUES ( 19593, 20 );
INSERT INTO "times" VALUES ( 19593, 12710, NULL, '21:35:00', 40 );
INSERT INTO "times" VALUES ( 19593, 14510, '21:49:00', NULL, NULL );
INSERT INTO "times" VALUES ( 19593, 14520, '21:47:00', '21:47:00', 40 );
INSERT INTO "times" VALUES ( 19593, 14530, '21:44:00', '21:44:00', 40 );
INSERT INTO "times" VALUES ( 19593, 14540, '21:42:00', '21:42:00', 40 );
INSERT INTO "times" VALUES ( 19593, 14550, '21:41:00', '21:41:00', 40 );
INSERT INTO "times" VALUES ( 19593, 14560, '21:39:00', '21:39:00', 40 );
INSERT INTO "times" VALUES ( 19593, 14570, '21:37:00', '21:37:00', 40 );

INSERT INTO "dias" VALUES ( 19594, 100, FALSE, TRUE, 'T2108H', 14510, 12710 );
INSERT INTO "dias_line_groups" VALUES ( 19594, 20 );
INSERT INTO "times" VALUES ( 19594, 12710, '21:55:00', NULL, NULL );
INSERT INTO "times" VALUES ( 19594, 14510, NULL, '21:42:00', 40 );
INSERT INTO "times" VALUES ( 19594, 14520, '21:43:00', '21:43:00', 40 );
INSERT INTO "times" VALUES ( 19594, 14530, '21:46:00', '21:46:00', 40 );
INSERT INTO "times" VALUES ( 19594, 14540, '21:48:00', '21:48:00', 40 );
INSERT INTO "times" VALUES ( 19594, 14550, '21:50:00', '21:50:00', 40 );
INSERT INTO "times" VALUES ( 19594, 14560, '21:51:00', '21:51:00', 40 );
INSERT INTO "times" VALUES ( 19594, 14570, '21:53:00', '21:53:00', 40 );

INSERT INTO "dias" VALUES ( 19595, 100, FALSE, TRUE, 'T2109W', 12710, 14510 );
INSERT INTO "dias_line_groups" VALUES ( 19595, 20 );
INSERT INTO "times" VALUES ( 19595, 12710, NULL, '21:45:00', 40 );
INSERT INTO "times" VALUES ( 19595, 14510, '21:59:00', NULL, NULL );
INSERT INTO "times" VALUES ( 19595, 14520, '21:57:00', '21:57:00', 40 );
INSERT INTO "times" VALUES ( 19595, 14530, '21:54:00', '21:54:00', 40 );
INSERT INTO "times" VALUES ( 19595, 14540, '21:52:00', '21:52:00', 40 );
INSERT INTO "times" VALUES ( 19595, 14550, '21:51:00', '21:51:00', 40 );
INSERT INTO "times" VALUES ( 19595, 14560, '21:49:00', '21:49:00', 40 );
INSERT INTO "times" VALUES ( 19595, 14570, '21:47:00', '21:47:00', 40 );

INSERT INTO "dias" VALUES ( 19596, 100, FALSE, TRUE, 'T2110H', 14510, 12710 );
INSERT INTO "dias_line_groups" VALUES ( 19596, 20 );
INSERT INTO "times" VALUES ( 19596, 12710, '22:05:00', NULL, NULL );
INSERT INTO "times" VALUES ( 19596, 14510, NULL, '21:52:00', 40 );
INSERT INTO "times" VALUES ( 19596, 14520, '21:53:00', '21:53:00', 40 );
INSERT INTO "times" VALUES ( 19596, 14530, '21:56:00', '21:56:00', 40 );
INSERT INTO "times" VALUES ( 19596, 14540, '21:58:00', '21:58:00', 40 );
INSERT INTO "times" VALUES ( 19596, 14550, '22:00:00', '22:00:00', 40 );
INSERT INTO "times" VALUES ( 19596, 14560, '22:01:00', '22:01:00', 40 );
INSERT INTO "times" VALUES ( 19596, 14570, '22:03:00', '22:03:00', 40 );

INSERT INTO "dias" VALUES ( 19597, 100, FALSE, TRUE, 'T2200H', 14510, 12710 );
INSERT INTO "dias_line_groups" VALUES ( 19597, 20 );
INSERT INTO "times" VALUES ( 19597, 12710, '22:20:00', NULL, NULL );
INSERT INTO "times" VALUES ( 19597, 14510, NULL, '22:06:00', 40 );
INSERT INTO "times" VALUES ( 19597, 14520, '22:08:00', '22:08:00', 40 );
INSERT INTO "times" VALUES ( 19597, 14530, '22:10:00', '22:10:00', 40 );
INSERT INTO "times" VALUES ( 19597, 14540, '22:12:00', '22:12:00', 40 );
INSERT INTO "times" VALUES ( 19597, 14550, '22:14:00', '22:14:00', 40 );
INSERT INTO "times" VALUES ( 19597, 14560, '22:16:00', '22:16:00', 40 );
INSERT INTO "times" VALUES ( 19597, 14570, '22:17:00', '22:17:00', 40 );

INSERT INTO "dias" VALUES ( 19598, 100, FALSE, TRUE, 'T2201W', 12710, 14510 );
INSERT INTO "dias_line_groups" VALUES ( 19598, 20 );
INSERT INTO "times" VALUES ( 19598, 12710, NULL, '22:00:00', 40 );
INSERT INTO "times" VALUES ( 19598, 14510, '22:13:00', NULL, NULL );
INSERT INTO "times" VALUES ( 19598, 14520, '22:11:00', '22:11:00', 40 );
INSERT INTO "times" VALUES ( 19598, 14530, '22:09:00', '22:09:00', 40 );
INSERT INTO "times" VALUES ( 19598, 14540, '22:07:00', '22:07:00', 40 );
INSERT INTO "times" VALUES ( 19598, 14550, '22:05:00', '22:05:00', 40 );
INSERT INTO "times" VALUES ( 19598, 14560, '22:03:00', '22:03:00', 40 );
INSERT INTO "times" VALUES ( 19598, 14570, '22:02:00', '22:02:00', 40 );

INSERT INTO "dias" VALUES ( 19599, 100, FALSE, TRUE, 'T2202H', 14510, 12710 );
INSERT INTO "dias_line_groups" VALUES ( 19599, 20 );
INSERT INTO "times" VALUES ( 19599, 12710, '22:35:00', NULL, NULL );
INSERT INTO "times" VALUES ( 19599, 14510, NULL, '22:22:00', 40 );
INSERT INTO "times" VALUES ( 19599, 14520, '22:23:00', '22:23:00', 40 );
INSERT INTO "times" VALUES ( 19599, 14530, '22:26:00', '22:26:00', 40 );
INSERT INTO "times" VALUES ( 19599, 14540, '22:28:00', '22:28:00', 40 );
INSERT INTO "times" VALUES ( 19599, 14550, '22:30:00', '22:30:00', 40 );
INSERT INTO "times" VALUES ( 19599, 14560, '22:31:00', '22:31:00', 40 );
INSERT INTO "times" VALUES ( 19599, 14570, '22:33:00', '22:33:00', 40 );

INSERT INTO "dias" VALUES ( 19600, 100, FALSE, TRUE, 'T2203W', 12710, 14510 );
INSERT INTO "dias_line_groups" VALUES ( 19600, 20 );
INSERT INTO "times" VALUES ( 19600, 12710, NULL, '22:15:00', 40 );
INSERT INTO "times" VALUES ( 19600, 14510, '22:28:00', NULL, NULL );
INSERT INTO "times" VALUES ( 19600, 14520, '22:26:00', '22:26:00', 40 );
INSERT INTO "times" VALUES ( 19600, 14530, '22:24:00', '22:24:00', 40 );
INSERT INTO "times" VALUES ( 19600, 14540, '22:22:00', '22:22:00', 40 );
INSERT INTO "times" VALUES ( 19600, 14550, '22:20:00', '22:20:00', 40 );
INSERT INTO "times" VALUES ( 19600, 14560, '22:18:00', '22:18:00', 40 );
INSERT INTO "times" VALUES ( 19600, 14570, '22:17:00', '22:17:00', 40 );

INSERT INTO "dias" VALUES ( 19601, 100, FALSE, TRUE, 'T2204H', 14510, 12710 );
INSERT INTO "dias_line_groups" VALUES ( 19601, 20 );
INSERT INTO "times" VALUES ( 19601, 12710, '22:53:00', NULL, NULL );
INSERT INTO "times" VALUES ( 19601, 14510, NULL, '22:39:00', 40 );
INSERT INTO "times" VALUES ( 19601, 14520, '22:41:00', '22:41:00', 40 );
INSERT INTO "times" VALUES ( 19601, 14530, '22:43:00', '22:43:00', 40 );
INSERT INTO "times" VALUES ( 19601, 14540, '22:45:00', '22:45:00', 40 );
INSERT INTO "times" VALUES ( 19601, 14550, '22:47:00', '22:47:00', 40 );
INSERT INTO "times" VALUES ( 19601, 14560, '22:49:00', '22:49:00', 40 );
INSERT INTO "times" VALUES ( 19601, 14570, '22:50:00', '22:50:00', 40 );

INSERT INTO "dias" VALUES ( 19602, 100, FALSE, TRUE, 'T2205W', 12710, 14510 );
INSERT INTO "dias_line_groups" VALUES ( 19602, 20 );
INSERT INTO "times" VALUES ( 19602, 12710, NULL, '22:32:00', 40 );
INSERT INTO "times" VALUES ( 19602, 14510, '22:46:00', NULL, NULL );
INSERT INTO "times" VALUES ( 19602, 14520, '22:44:00', '22:44:00', 40 );
INSERT INTO "times" VALUES ( 19602, 14530, '22:41:00', '22:41:00', 40 );
INSERT INTO "times" VALUES ( 19602, 14540, '22:39:00', '22:39:00', 40 );
INSERT INTO "times" VALUES ( 19602, 14550, '22:38:00', '22:38:00', 40 );
INSERT INTO "times" VALUES ( 19602, 14560, '22:36:00', '22:36:00', 40 );
INSERT INTO "times" VALUES ( 19602, 14570, '22:34:00', '22:34:00', 40 );

INSERT INTO "dias" VALUES ( 19603, 100, FALSE, TRUE, 'T2206H', 14510, 12710 );
INSERT INTO "dias_line_groups" VALUES ( 19603, 20 );
INSERT INTO "times" VALUES ( 19603, 12710, '23:08:00', NULL, NULL );
INSERT INTO "times" VALUES ( 19603, 14510, NULL, '22:54:00', 40 );
INSERT INTO "times" VALUES ( 19603, 14520, '22:56:00', '22:56:00', 40 );
INSERT INTO "times" VALUES ( 19603, 14530, '22:58:00', '22:58:00', 40 );
INSERT INTO "times" VALUES ( 19603, 14540, '23:00:00', '23:00:00', 40 );
INSERT INTO "times" VALUES ( 19603, 14550, '23:02:00', '23:02:00', 40 );
INSERT INTO "times" VALUES ( 19603, 14560, '23:04:00', '23:04:00', 40 );
INSERT INTO "times" VALUES ( 19603, 14570, '23:05:00', '23:05:00', 40 );

INSERT INTO "dias" VALUES ( 19604, 100, FALSE, TRUE, 'T2207W', 12710, 14510 );
INSERT INTO "dias_line_groups" VALUES ( 19604, 20 );
INSERT INTO "times" VALUES ( 19604, 12710, NULL, '22:45:00', 40 );
INSERT INTO "times" VALUES ( 19604, 14510, '22:58:00', NULL, NULL );
INSERT INTO "times" VALUES ( 19604, 14520, '22:57:00', '22:57:00', 40 );
INSERT INTO "times" VALUES ( 19604, 14530, '22:54:00', '22:54:00', 40 );
INSERT INTO "times" VALUES ( 19604, 14540, '22:52:00', '22:52:00', 40 );
INSERT INTO "times" VALUES ( 19604, 14550, '22:50:00', '22:50:00', 40 );
INSERT INTO "times" VALUES ( 19604, 14560, '22:49:00', '22:49:00', 40 );
INSERT INTO "times" VALUES ( 19604, 14570, '22:47:00', '22:47:00', 40 );

INSERT INTO "dias" VALUES ( 19605, 100, FALSE, TRUE, 'T2300H', 14510, 12710 );
INSERT INTO "dias_line_groups" VALUES ( 19605, 20 );
INSERT INTO "times" VALUES ( 19605, 12710, '23:19:00', NULL, NULL );
INSERT INTO "times" VALUES ( 19605, 14510, NULL, '23:06:00', 40 );
INSERT INTO "times" VALUES ( 19605, 14520, '23:07:00', '23:07:00', 40 );
INSERT INTO "times" VALUES ( 19605, 14530, '23:10:00', '23:10:00', 40 );
INSERT INTO "times" VALUES ( 19605, 14540, '23:12:00', '23:12:00', 40 );
INSERT INTO "times" VALUES ( 19605, 14550, '23:14:00', '23:14:00', 40 );
INSERT INTO "times" VALUES ( 19605, 14560, '23:15:00', '23:15:00', 40 );
INSERT INTO "times" VALUES ( 19605, 14570, '23:17:00', '23:17:00', 40 );

INSERT INTO "dias" VALUES ( 19606, 100, FALSE, TRUE, 'T2301W', 12710, 14510 );
INSERT INTO "dias_line_groups" VALUES ( 19606, 20 );
INSERT INTO "times" VALUES ( 19606, 12710, NULL, '23:04:00', 40 );
INSERT INTO "times" VALUES ( 19606, 14510, '23:17:00', NULL, NULL );
INSERT INTO "times" VALUES ( 19606, 14520, '23:16:00', '23:16:00', 40 );
INSERT INTO "times" VALUES ( 19606, 14530, '23:13:00', '23:13:00', 40 );
INSERT INTO "times" VALUES ( 19606, 14540, '23:11:00', '23:11:00', 40 );
INSERT INTO "times" VALUES ( 19606, 14550, '23:09:00', '23:09:00', 40 );
INSERT INTO "times" VALUES ( 19606, 14560, '23:08:00', '23:08:00', 40 );
INSERT INTO "times" VALUES ( 19606, 14570, '23:06:00', '23:06:00', 40 );

INSERT INTO "dias" VALUES ( 19607, 100, FALSE, TRUE, 'T2302H', 14510, 12710 );
INSERT INTO "dias_line_groups" VALUES ( 19607, 20 );
INSERT INTO "times" VALUES ( 19607, 12710, '23:35:00', NULL, NULL );
INSERT INTO "times" VALUES ( 19607, 14510, NULL, '23:21:00', 40 );
INSERT INTO "times" VALUES ( 19607, 14520, '23:23:00', '23:23:00', 40 );
INSERT INTO "times" VALUES ( 19607, 14530, '23:25:00', '23:25:00', 40 );
INSERT INTO "times" VALUES ( 19607, 14540, '23:27:00', '23:27:00', 40 );
INSERT INTO "times" VALUES ( 19607, 14550, '23:29:00', '23:29:00', 40 );
INSERT INTO "times" VALUES ( 19607, 14560, '23:31:00', '23:31:00', 40 );
INSERT INTO "times" VALUES ( 19607, 14570, '23:32:00', '23:32:00', 40 );

INSERT INTO "dias" VALUES ( 19608, 100, FALSE, TRUE, 'T2303W', 12710, 14510 );
INSERT INTO "dias_line_groups" VALUES ( 19608, 20 );
INSERT INTO "times" VALUES ( 19608, 12710, NULL, '23:15:00', 40 );
INSERT INTO "times" VALUES ( 19608, 14510, '23:28:00', NULL, NULL );
INSERT INTO "times" VALUES ( 19608, 14520, '23:27:00', '23:27:00', 40 );
INSERT INTO "times" VALUES ( 19608, 14530, '23:24:00', '23:24:00', 40 );
INSERT INTO "times" VALUES ( 19608, 14540, '23:22:00', '23:22:00', 40 );
INSERT INTO "times" VALUES ( 19608, 14550, '23:20:00', '23:20:00', 40 );
INSERT INTO "times" VALUES ( 19608, 14560, '23:19:00', '23:19:00', 40 );
INSERT INTO "times" VALUES ( 19608, 14570, '23:17:00', '23:17:00', 40 );

INSERT INTO "dias" VALUES ( 19609, 100, FALSE, TRUE, 'T2304H', 14510, 12710 );
INSERT INTO "dias_line_groups" VALUES ( 19609, 20 );
INSERT INTO "times" VALUES ( 19609, 12710, '23:48:00', NULL, NULL );
INSERT INTO "times" VALUES ( 19609, 14510, NULL, '23:34:00', 40 );
INSERT INTO "times" VALUES ( 19609, 14520, '23:36:00', '23:36:00', 40 );
INSERT INTO "times" VALUES ( 19609, 14530, '23:38:00', '23:38:00', 40 );
INSERT INTO "times" VALUES ( 19609, 14540, '23:40:00', '23:40:00', 40 );
INSERT INTO "times" VALUES ( 19609, 14550, '23:42:00', '23:42:00', 40 );
INSERT INTO "times" VALUES ( 19609, 14560, '23:44:00', '23:44:00', 40 );
INSERT INTO "times" VALUES ( 19609, 14570, '23:45:00', '23:45:00', 40 );

INSERT INTO "dias" VALUES ( 19610, 100, FALSE, TRUE, 'T2305W', 12710, 14510 );
INSERT INTO "dias_line_groups" VALUES ( 19610, 20 );
INSERT INTO "times" VALUES ( 19610, 12710, NULL, '23:29:00', 40 );
INSERT INTO "times" VALUES ( 19610, 14510, '23:42:00', NULL, NULL );
INSERT INTO "times" VALUES ( 19610, 14520, '23:40:00', '23:40:00', 40 );
INSERT INTO "times" VALUES ( 19610, 14530, '23:38:00', '23:38:00', 40 );
INSERT INTO "times" VALUES ( 19610, 14540, '23:36:00', '23:36:00', 40 );
INSERT INTO "times" VALUES ( 19610, 14550, '23:34:00', '23:34:00', 40 );
INSERT INTO "times" VALUES ( 19610, 14560, '23:32:00', '23:32:00', 40 );
INSERT INTO "times" VALUES ( 19610, 14570, '23:31:00', '23:31:00', 40 );

INSERT INTO "dias" VALUES ( 19611, 100, FALSE, TRUE, 'T2306H', 14510, 12710 );
INSERT INTO "dias_line_groups" VALUES ( 19611, 20 );
INSERT INTO "times" VALUES ( 19611, 12710, '23:58:00', NULL, NULL );
INSERT INTO "times" VALUES ( 19611, 14510, NULL, '23:45:00', 40 );
INSERT INTO "times" VALUES ( 19611, 14520, '23:46:00', '23:46:00', 40 );
INSERT INTO "times" VALUES ( 19611, 14530, '23:49:00', '23:49:00', 40 );
INSERT INTO "times" VALUES ( 19611, 14540, '23:51:00', '23:51:00', 40 );
INSERT INTO "times" VALUES ( 19611, 14550, '23:53:00', '23:53:00', 40 );
INSERT INTO "times" VALUES ( 19611, 14560, '23:54:00', '23:54:00', 40 );
INSERT INTO "times" VALUES ( 19611, 14570, '23:56:00', '23:56:00', 40 );

INSERT INTO "dias" VALUES ( 19612, 100, FALSE, TRUE, 'T2307W', 12710, 14510 );
INSERT INTO "dias_line_groups" VALUES ( 19612, 20 );
INSERT INTO "times" VALUES ( 19612, 12710, NULL, '23:44:00', 40 );
INSERT INTO "times" VALUES ( 19612, 14510, '23:57:00', NULL, NULL );
INSERT INTO "times" VALUES ( 19612, 14520, '23:56:00', '23:56:00', 40 );
INSERT INTO "times" VALUES ( 19612, 14530, '23:53:00', '23:53:00', 40 );
INSERT INTO "times" VALUES ( 19612, 14540, '23:51:00', '23:51:00', 40 );
INSERT INTO "times" VALUES ( 19612, 14550, '23:49:00', '23:49:00', 40 );
INSERT INTO "times" VALUES ( 19612, 14560, '23:48:00', '23:48:00', 40 );
INSERT INTO "times" VALUES ( 19612, 14570, '23:46:00', '23:46:00', 40 );

INSERT INTO "dias" VALUES ( 19613, 100, FALSE, TRUE, 'T2400H', 14510, 12710 );
INSERT INTO "dias_line_groups" VALUES ( 19613, 20 );
INSERT INTO "times" VALUES ( 19613, 12710, '00:14:00', NULL, NULL );
INSERT INTO "times" VALUES ( 19613, 14510, NULL, '00:01:00', 40 );
INSERT INTO "times" VALUES ( 19613, 14520, '00:02:00', '00:02:00', 40 );
INSERT INTO "times" VALUES ( 19613, 14530, '00:05:00', '00:05:00', 40 );
INSERT INTO "times" VALUES ( 19613, 14540, '00:07:00', '00:07:00', 40 );
INSERT INTO "times" VALUES ( 19613, 14550, '00:09:00', '00:09:00', 40 );
INSERT INTO "times" VALUES ( 19613, 14560, '00:10:00', '00:10:00', 40 );
INSERT INTO "times" VALUES ( 19613, 14570, '00:12:00', '00:12:00', 40 );

INSERT INTO "dias" VALUES ( 19614, 100, FALSE, TRUE, 'T2401W', 12710, 14510 );
INSERT INTO "dias_line_groups" VALUES ( 19614, 20 );
INSERT INTO "times" VALUES ( 19614, 12710, NULL, '00:05:00', 40 );
INSERT INTO "times" VALUES ( 19614, 14510, '00:18:00', NULL, NULL );
INSERT INTO "times" VALUES ( 19614, 14520, '00:16:00', '00:16:00', 40 );
INSERT INTO "times" VALUES ( 19614, 14530, '00:14:00', '00:14:00', 40 );
INSERT INTO "times" VALUES ( 19614, 14540, '00:12:00', '00:12:00', 40 );
INSERT INTO "times" VALUES ( 19614, 14550, '00:10:00', '00:10:00', 40 );
INSERT INTO "times" VALUES ( 19614, 14560, '00:09:00', '00:09:00', 40 );
INSERT INTO "times" VALUES ( 19614, 14570, '00:07:00', '00:07:00', 40 );

INSERT INTO "dias" VALUES ( 19615, 100, FALSE, TRUE, 'T2402H', 14510, 12710 );
INSERT INTO "dias_line_groups" VALUES ( 19615, 20 );
INSERT INTO "times" VALUES ( 19615, 12710, '00:34:00', NULL, NULL );
INSERT INTO "times" VALUES ( 19615, 14510, NULL, '00:21:00', 40 );
INSERT INTO "times" VALUES ( 19615, 14520, '00:22:00', '00:22:00', 40 );
INSERT INTO "times" VALUES ( 19615, 14530, '00:25:00', '00:25:00', 40 );
INSERT INTO "times" VALUES ( 19615, 14540, '00:27:00', '00:27:00', 40 );
INSERT INTO "times" VALUES ( 19615, 14550, '00:29:00', '00:29:00', 40 );
INSERT INTO "times" VALUES ( 19615, 14560, '00:30:00', '00:30:00', 40 );
INSERT INTO "times" VALUES ( 19615, 14570, '00:32:00', '00:32:00', 40 );

INSERT INTO "dias" VALUES ( 19616, 100, FALSE, TRUE, 'T2403W', 12710, 14510 );
INSERT INTO "dias_line_groups" VALUES ( 19616, 20 );
INSERT INTO "times" VALUES ( 19616, 12710, NULL, '00:20:00', 40 );
INSERT INTO "times" VALUES ( 19616, 14510, '00:33:00', NULL, NULL );
INSERT INTO "times" VALUES ( 19616, 14520, '00:31:00', '00:31:00', 40 );
INSERT INTO "times" VALUES ( 19616, 14530, '00:29:00', '00:29:00', 40 );
INSERT INTO "times" VALUES ( 19616, 14540, '00:27:00', '00:27:00', 40 );
INSERT INTO "times" VALUES ( 19616, 14550, '00:25:00', '00:25:00', 40 );
INSERT INTO "times" VALUES ( 19616, 14560, '00:23:00', '00:23:00', 40 );
INSERT INTO "times" VALUES ( 19616, 14570, '00:22:00', '00:22:00', 40 );

INSERT INTO "dias" VALUES ( 19617, 100, FALSE, TRUE, 'T2404H', 14510, 12710 );
INSERT INTO "dias_line_groups" VALUES ( 19617, 20 );
INSERT INTO "times" VALUES ( 19617, 12710, '00:49:00', NULL, NULL );
INSERT INTO "times" VALUES ( 19617, 14510, NULL, '00:36:00', 40 );
INSERT INTO "times" VALUES ( 19617, 14520, '00:37:00', '00:37:00', 40 );
INSERT INTO "times" VALUES ( 19617, 14530, '00:40:00', '00:40:00', 40 );
INSERT INTO "times" VALUES ( 19617, 14540, '00:42:00', '00:42:00', 40 );
INSERT INTO "times" VALUES ( 19617, 14550, '00:44:00', '00:44:00', 40 );
INSERT INTO "times" VALUES ( 19617, 14560, '00:45:00', '00:45:00', 40 );
INSERT INTO "times" VALUES ( 19617, 14570, '00:47:00', '00:47:00', 40 );

INSERT INTO "dias" VALUES ( 19618, 100, FALSE, TRUE, 'V0500C', 15510, 12780 );
INSERT INTO "dias_line_groups" VALUES ( 19618, 30 );
INSERT INTO "times" VALUES ( 19618, 12780, '05:31:00', NULL, NULL );
INSERT INTO "times" VALUES ( 19618, 15510, NULL, '05:17:00', 50 );
INSERT INTO "times" VALUES ( 19618, 15520, '05:18:00', '05:18:00', 50 );
INSERT INTO "times" VALUES ( 19618, 15530, '05:20:00', '05:20:00', 50 );
INSERT INTO "times" VALUES ( 19618, 15540, '05:22:00', '05:22:00', 50 );
INSERT INTO "times" VALUES ( 19618, 15550, '05:24:00', '05:24:00', 50 );
INSERT INTO "times" VALUES ( 19618, 15560, '05:26:00', '05:26:00', 50 );
INSERT INTO "times" VALUES ( 19618, 15570, '05:28:00', '05:28:00', 50 );

INSERT INTO "dias" VALUES ( 19619, 100, FALSE, TRUE, 'V0501U', 12780, 15510 );
INSERT INTO "dias_line_groups" VALUES ( 19619, 30 );
INSERT INTO "times" VALUES ( 19619, 12780, NULL, '05:00:00', 50 );
INSERT INTO "times" VALUES ( 19619, 15510, '05:14:00', NULL, NULL );
INSERT INTO "times" VALUES ( 19619, 15520, '05:12:00', '05:12:00', 50 );
INSERT INTO "times" VALUES ( 19619, 15530, '05:09:00', '05:09:00', 50 );
INSERT INTO "times" VALUES ( 19619, 15540, '05:07:00', '05:07:00', 50 );
INSERT INTO "times" VALUES ( 19619, 15550, '05:06:00', '05:06:00', 50 );
INSERT INTO "times" VALUES ( 19619, 15560, '05:04:00', '05:04:00', 50 );
INSERT INTO "times" VALUES ( 19619, 15570, '05:02:00', '05:02:00', 50 );

INSERT INTO "dias" VALUES ( 19620, 100, FALSE, TRUE, 'V0502C', 15510, 12780 );
INSERT INTO "dias_line_groups" VALUES ( 19620, 30 );
INSERT INTO "times" VALUES ( 19620, 12780, '05:45:00', NULL, NULL );
INSERT INTO "times" VALUES ( 19620, 15510, NULL, '05:31:00', 50 );
INSERT INTO "times" VALUES ( 19620, 15520, '05:32:00', '05:32:00', 50 );
INSERT INTO "times" VALUES ( 19620, 15530, '05:34:00', '05:34:00', 50 );
INSERT INTO "times" VALUES ( 19620, 15540, '05:37:00', '05:37:00', 50 );
INSERT INTO "times" VALUES ( 19620, 15550, '05:39:00', '05:39:00', 50 );
INSERT INTO "times" VALUES ( 19620, 15560, '05:40:00', '05:40:00', 50 );
INSERT INTO "times" VALUES ( 19620, 15570, '05:43:00', '05:43:00', 50 );

INSERT INTO "dias" VALUES ( 19621, 100, FALSE, TRUE, 'V0503U', 12780, 15510 );
INSERT INTO "dias_line_groups" VALUES ( 19621, 30 );
INSERT INTO "times" VALUES ( 19621, 12780, NULL, '05:13:00', 50 );
INSERT INTO "times" VALUES ( 19621, 15510, '05:28:00', NULL, NULL );
INSERT INTO "times" VALUES ( 19621, 15520, '05:26:00', '05:26:00', 50 );
INSERT INTO "times" VALUES ( 19621, 15530, '05:23:00', '05:23:00', 50 );
INSERT INTO "times" VALUES ( 19621, 15540, '05:21:00', '05:21:00', 50 );
INSERT INTO "times" VALUES ( 19621, 15550, '05:19:00', '05:19:00', 50 );
INSERT INTO "times" VALUES ( 19621, 15560, '05:17:00', '05:17:00', 50 );
INSERT INTO "times" VALUES ( 19621, 15570, '05:15:00', '05:15:00', 50 );

INSERT INTO "dias" VALUES ( 19622, 100, FALSE, TRUE, 'V0504C', 15510, 12780 );
INSERT INTO "dias_line_groups" VALUES ( 19622, 30 );
INSERT INTO "times" VALUES ( 19622, 12780, '06:00:00', NULL, NULL );
INSERT INTO "times" VALUES ( 19622, 15510, NULL, '05:45:00', 50 );
INSERT INTO "times" VALUES ( 19622, 15520, '05:46:00', '05:46:00', 50 );
INSERT INTO "times" VALUES ( 19622, 15530, '05:49:00', '05:49:00', 50 );
INSERT INTO "times" VALUES ( 19622, 15540, '05:52:00', '05:52:00', 50 );
INSERT INTO "times" VALUES ( 19622, 15550, '05:53:00', '05:53:00', 50 );
INSERT INTO "times" VALUES ( 19622, 15560, '05:55:00', '05:55:00', 50 );
INSERT INTO "times" VALUES ( 19622, 15570, '05:58:00', '05:58:00', 50 );

INSERT INTO "dias" VALUES ( 19623, 100, FALSE, TRUE, 'V0505U', 12780, 15510 );
INSERT INTO "dias_line_groups" VALUES ( 19623, 30 );
INSERT INTO "times" VALUES ( 19623, 12780, NULL, '05:26:00', 50 );
INSERT INTO "times" VALUES ( 19623, 15510, '05:41:00', NULL, NULL );
INSERT INTO "times" VALUES ( 19623, 15520, '05:39:00', '05:39:00', 50 );
INSERT INTO "times" VALUES ( 19623, 15530, '05:36:00', '05:36:00', 50 );
INSERT INTO "times" VALUES ( 19623, 15540, '05:34:00', '05:34:00', 50 );
INSERT INTO "times" VALUES ( 19623, 15550, '05:32:00', '05:32:00', 50 );
INSERT INTO "times" VALUES ( 19623, 15560, '05:30:00', '05:30:00', 50 );
INSERT INTO "times" VALUES ( 19623, 15570, '05:28:00', '05:28:00', 50 );

INSERT INTO "dias" VALUES ( 19624, 100, FALSE, TRUE, 'V0506C', 15510, 12780 );
INSERT INTO "dias_line_groups" VALUES ( 19624, 30 );
INSERT INTO "times" VALUES ( 19624, 12780, '06:11:00', NULL, NULL );
INSERT INTO "times" VALUES ( 19624, 15510, NULL, '05:56:00', 50 );
INSERT INTO "times" VALUES ( 19624, 15520, '05:57:00', '05:57:00', 50 );
INSERT INTO "times" VALUES ( 19624, 15530, '06:00:00', '06:00:00', 50 );
INSERT INTO "times" VALUES ( 19624, 15540, '06:02:00', '06:02:00', 50 );
INSERT INTO "times" VALUES ( 19624, 15550, '06:04:00', '06:04:00', 50 );
INSERT INTO "times" VALUES ( 19624, 15560, '06:06:00', '06:06:00', 50 );
INSERT INTO "times" VALUES ( 19624, 15570, '06:08:00', '06:08:00', 50 );

INSERT INTO "dias" VALUES ( 19625, 100, FALSE, TRUE, 'V0507U', 12780, 15510 );
INSERT INTO "dias_line_groups" VALUES ( 19625, 30 );
INSERT INTO "times" VALUES ( 19625, 12780, NULL, '05:38:00', 50 );
INSERT INTO "times" VALUES ( 19625, 15510, '05:53:00', NULL, NULL );
INSERT INTO "times" VALUES ( 19625, 15520, '05:51:00', '05:51:00', 50 );
INSERT INTO "times" VALUES ( 19625, 15530, '05:49:00', '05:49:00', 50 );
INSERT INTO "times" VALUES ( 19625, 15540, '05:46:00', '05:46:00', 50 );
INSERT INTO "times" VALUES ( 19625, 15550, '05:44:00', '05:44:00', 50 );
INSERT INTO "times" VALUES ( 19625, 15560, '05:43:00', '05:43:00', 50 );
INSERT INTO "times" VALUES ( 19625, 15570, '05:40:00', '05:40:00', 50 );

INSERT INTO "dias" VALUES ( 19626, 100, FALSE, TRUE, 'V0509U', 12780, 15510 );
INSERT INTO "dias_line_groups" VALUES ( 19626, 30 );
INSERT INTO "times" VALUES ( 19626, 12780, NULL, '05:49:00', 50 );
INSERT INTO "times" VALUES ( 19626, 15510, '06:04:00', NULL, NULL );
INSERT INTO "times" VALUES ( 19626, 15520, '06:02:00', '06:02:00', 50 );
INSERT INTO "times" VALUES ( 19626, 15530, '05:59:00', '05:59:00', 50 );
INSERT INTO "times" VALUES ( 19626, 15540, '05:57:00', '05:57:00', 50 );
INSERT INTO "times" VALUES ( 19626, 15550, '05:55:00', '05:55:00', 50 );
INSERT INTO "times" VALUES ( 19626, 15560, '05:53:00', '05:53:00', 50 );
INSERT INTO "times" VALUES ( 19626, 15570, '05:51:00', '05:51:00', 50 );

INSERT INTO "dias" VALUES ( 19627, 100, FALSE, TRUE, 'V0511U', 12780, 15510 );
INSERT INTO "dias_line_groups" VALUES ( 19627, 30 );
INSERT INTO "times" VALUES ( 19627, 12780, NULL, '05:57:00', 50 );
INSERT INTO "times" VALUES ( 19627, 15510, '06:12:00', NULL, NULL );
INSERT INTO "times" VALUES ( 19627, 15520, '06:10:00', '06:10:00', 50 );
INSERT INTO "times" VALUES ( 19627, 15530, '06:07:00', '06:07:00', 50 );
INSERT INTO "times" VALUES ( 19627, 15540, '06:05:00', '06:05:00', 50 );
INSERT INTO "times" VALUES ( 19627, 15550, '06:03:00', '06:03:00', 50 );
INSERT INTO "times" VALUES ( 19627, 15560, '06:01:00', '06:01:00', 50 );
INSERT INTO "times" VALUES ( 19627, 15570, '05:59:00', '05:59:00', 50 );

INSERT INTO "dias" VALUES ( 19628, 100, FALSE, TRUE, 'V0600C', 15510, 12780 );
INSERT INTO "dias_line_groups" VALUES ( 19628, 30 );
INSERT INTO "times" VALUES ( 19628, 12780, '06:22:00', NULL, NULL );
INSERT INTO "times" VALUES ( 19628, 15510, NULL, '06:07:00', 50 );
INSERT INTO "times" VALUES ( 19628, 15520, '06:08:00', '06:08:00', 50 );
INSERT INTO "times" VALUES ( 19628, 15530, '06:10:00', '06:10:00', 50 );
INSERT INTO "times" VALUES ( 19628, 15540, '06:13:00', '06:13:00', 50 );
INSERT INTO "times" VALUES ( 19628, 15550, '06:15:00', '06:15:00', 50 );
INSERT INTO "times" VALUES ( 19628, 15560, '06:16:00', '06:16:00', 50 );
INSERT INTO "times" VALUES ( 19628, 15570, '06:19:00', '06:19:00', 50 );

INSERT INTO "dias" VALUES ( 19629, 100, FALSE, TRUE, 'V0601U', 12780, 15510 );
INSERT INTO "dias_line_groups" VALUES ( 19629, 30 );
INSERT INTO "times" VALUES ( 19629, 12780, NULL, '06:08:00', 50 );
INSERT INTO "times" VALUES ( 19629, 15510, '06:23:00', NULL, NULL );
INSERT INTO "times" VALUES ( 19629, 15520, '06:21:00', '06:21:00', 50 );
INSERT INTO "times" VALUES ( 19629, 15530, '06:19:00', '06:19:00', 50 );
INSERT INTO "times" VALUES ( 19629, 15540, '06:16:00', '06:16:00', 50 );
INSERT INTO "times" VALUES ( 19629, 15550, '06:14:00', '06:14:00', 50 );
INSERT INTO "times" VALUES ( 19629, 15560, '06:13:00', '06:13:00', 50 );
INSERT INTO "times" VALUES ( 19629, 15570, '06:10:00', '06:10:00', 50 );

INSERT INTO "dias" VALUES ( 19630, 100, FALSE, TRUE, 'V0602C', 15510, 12780 );
INSERT INTO "dias_line_groups" VALUES ( 19630, 30 );
INSERT INTO "times" VALUES ( 19630, 12780, '06:30:00', NULL, NULL );
INSERT INTO "times" VALUES ( 19630, 15510, NULL, '06:15:00', 50 );
INSERT INTO "times" VALUES ( 19630, 15520, '06:16:00', '06:16:00', 50 );
INSERT INTO "times" VALUES ( 19630, 15530, '06:18:00', '06:18:00', 50 );
INSERT INTO "times" VALUES ( 19630, 15540, '06:21:00', '06:21:00', 50 );
INSERT INTO "times" VALUES ( 19630, 15550, '06:23:00', '06:23:00', 50 );
INSERT INTO "times" VALUES ( 19630, 15560, '06:24:00', '06:24:00', 50 );
INSERT INTO "times" VALUES ( 19630, 15570, '06:27:00', '06:27:00', 50 );

INSERT INTO "dias" VALUES ( 19631, 100, FALSE, TRUE, 'V0603U', 12780, 15510 );
INSERT INTO "dias_line_groups" VALUES ( 19631, 30 );
INSERT INTO "times" VALUES ( 19631, 12780, NULL, '06:15:00', 50 );
INSERT INTO "times" VALUES ( 19631, 15510, '06:30:00', NULL, NULL );
INSERT INTO "times" VALUES ( 19631, 15520, '06:28:00', '06:28:00', 50 );
INSERT INTO "times" VALUES ( 19631, 15530, '06:26:00', '06:26:00', 50 );
INSERT INTO "times" VALUES ( 19631, 15540, '06:23:00', '06:23:00', 50 );
INSERT INTO "times" VALUES ( 19631, 15550, '06:21:00', '06:21:00', 50 );
INSERT INTO "times" VALUES ( 19631, 15560, '06:20:00', '06:20:00', 50 );
INSERT INTO "times" VALUES ( 19631, 15570, '06:17:00', '06:17:00', 50 );

INSERT INTO "dias" VALUES ( 19632, 100, FALSE, TRUE, 'V0604C', 15510, 12780 );
INSERT INTO "dias_line_groups" VALUES ( 19632, 30 );
INSERT INTO "times" VALUES ( 19632, 12780, '06:41:00', NULL, NULL );
INSERT INTO "times" VALUES ( 19632, 15510, NULL, '06:26:00', 50 );
INSERT INTO "times" VALUES ( 19632, 15520, '06:27:00', '06:27:00', 50 );
INSERT INTO "times" VALUES ( 19632, 15530, '06:30:00', '06:30:00', 50 );
INSERT INTO "times" VALUES ( 19632, 15540, '06:33:00', '06:33:00', 50 );
INSERT INTO "times" VALUES ( 19632, 15550, '06:34:00', '06:34:00', 50 );
INSERT INTO "times" VALUES ( 19632, 15560, '06:36:00', '06:36:00', 50 );
INSERT INTO "times" VALUES ( 19632, 15570, '06:39:00', '06:39:00', 50 );

INSERT INTO "dias" VALUES ( 19633, 100, FALSE, TRUE, 'V0605U', 12780, 15510 );
INSERT INTO "dias_line_groups" VALUES ( 19633, 30 );
INSERT INTO "times" VALUES ( 19633, 12780, NULL, '06:27:00', 50 );
INSERT INTO "times" VALUES ( 19633, 15510, '06:41:00', NULL, NULL );
INSERT INTO "times" VALUES ( 19633, 15520, '06:40:00', '06:40:00', 50 );
INSERT INTO "times" VALUES ( 19633, 15530, '06:37:00', '06:37:00', 50 );
INSERT INTO "times" VALUES ( 19633, 15540, '06:35:00', '06:35:00', 50 );
INSERT INTO "times" VALUES ( 19633, 15550, '06:33:00', '06:33:00', 50 );
INSERT INTO "times" VALUES ( 19633, 15560, '06:31:00', '06:31:00', 50 );
INSERT INTO "times" VALUES ( 19633, 15570, '06:29:00', '06:29:00', 50 );

INSERT INTO "dias" VALUES ( 19634, 100, FALSE, TRUE, 'V0606C', 15510, 12780 );
INSERT INTO "dias_line_groups" VALUES ( 19634, 30 );
INSERT INTO "times" VALUES ( 19634, 12780, '06:50:00', NULL, NULL );
INSERT INTO "times" VALUES ( 19634, 15510, NULL, '06:35:00', 50 );
INSERT INTO "times" VALUES ( 19634, 15520, '06:36:00', '06:36:00', 50 );
INSERT INTO "times" VALUES ( 19634, 15530, '06:38:00', '06:38:00', 50 );
INSERT INTO "times" VALUES ( 19634, 15540, '06:41:00', '06:41:00', 50 );
INSERT INTO "times" VALUES ( 19634, 15550, '06:43:00', '06:43:00', 50 );
INSERT INTO "times" VALUES ( 19634, 15560, '06:44:00', '06:44:00', 50 );
INSERT INTO "times" VALUES ( 19634, 15570, '06:47:00', '06:47:00', 50 );

INSERT INTO "dias" VALUES ( 19635, 100, FALSE, TRUE, 'V0607U', 12780, 15510 );
INSERT INTO "dias_line_groups" VALUES ( 19635, 30 );
INSERT INTO "times" VALUES ( 19635, 12780, NULL, '06:37:00', 50 );
INSERT INTO "times" VALUES ( 19635, 15510, '06:52:00', NULL, NULL );
INSERT INTO "times" VALUES ( 19635, 15520, '06:50:00', '06:50:00', 50 );
INSERT INTO "times" VALUES ( 19635, 15530, '06:48:00', '06:48:00', 50 );
INSERT INTO "times" VALUES ( 19635, 15540, '06:45:00', '06:45:00', 50 );
INSERT INTO "times" VALUES ( 19635, 15550, '06:43:00', '06:43:00', 50 );
INSERT INTO "times" VALUES ( 19635, 15560, '06:42:00', '06:42:00', 50 );
INSERT INTO "times" VALUES ( 19635, 15570, '06:39:00', '06:39:00', 50 );

INSERT INTO "dias" VALUES ( 19636, 100, FALSE, TRUE, 'V0608C', 15510, 12780 );
INSERT INTO "dias_line_groups" VALUES ( 19636, 30 );
INSERT INTO "times" VALUES ( 19636, 12780, '07:03:00', NULL, NULL );
INSERT INTO "times" VALUES ( 19636, 15510, NULL, '06:48:00', 50 );
INSERT INTO "times" VALUES ( 19636, 15520, '06:49:00', '06:49:00', 50 );
INSERT INTO "times" VALUES ( 19636, 15530, '06:51:00', '06:51:00', 50 );
INSERT INTO "times" VALUES ( 19636, 15540, '06:54:00', '06:54:00', 50 );
INSERT INTO "times" VALUES ( 19636, 15550, '06:56:00', '06:56:00', 50 );
INSERT INTO "times" VALUES ( 19636, 15560, '06:57:00', '06:57:00', 50 );
INSERT INTO "times" VALUES ( 19636, 15570, '07:00:00', '07:00:00', 50 );

INSERT INTO "dias" VALUES ( 19637, 100, FALSE, TRUE, 'V0609U', 12780, 15510 );
INSERT INTO "dias_line_groups" VALUES ( 19637, 30 );
INSERT INTO "times" VALUES ( 19637, 12780, NULL, '06:47:00', 50 );
INSERT INTO "times" VALUES ( 19637, 15510, '07:01:00', NULL, NULL );
INSERT INTO "times" VALUES ( 19637, 15520, '07:00:00', '07:00:00', 50 );
INSERT INTO "times" VALUES ( 19637, 15530, '06:57:00', '06:57:00', 50 );
INSERT INTO "times" VALUES ( 19637, 15540, '06:55:00', '06:55:00', 50 );
INSERT INTO "times" VALUES ( 19637, 15550, '06:53:00', '06:53:00', 50 );
INSERT INTO "times" VALUES ( 19637, 15560, '06:51:00', '06:51:00', 50 );
INSERT INTO "times" VALUES ( 19637, 15570, '06:49:00', '06:49:00', 50 );

INSERT INTO "dias" VALUES ( 19638, 100, FALSE, TRUE, 'V0610C', 15510, 12780 );
INSERT INTO "dias_line_groups" VALUES ( 19638, 30 );
INSERT INTO "times" VALUES ( 19638, 12780, '07:14:00', NULL, NULL );
INSERT INTO "times" VALUES ( 19638, 15510, NULL, '06:59:00', 50 );
INSERT INTO "times" VALUES ( 19638, 15520, '07:00:00', '07:00:00', 50 );
INSERT INTO "times" VALUES ( 19638, 15530, '07:03:00', '07:03:00', 50 );
INSERT INTO "times" VALUES ( 19638, 15540, '07:06:00', '07:06:00', 50 );
INSERT INTO "times" VALUES ( 19638, 15550, '07:07:00', '07:07:00', 50 );
INSERT INTO "times" VALUES ( 19638, 15560, '07:09:00', '07:09:00', 50 );
INSERT INTO "times" VALUES ( 19638, 15570, '07:12:00', '07:12:00', 50 );

INSERT INTO "dias" VALUES ( 19639, 100, FALSE, TRUE, 'V0611U', 12780, 15510 );
INSERT INTO "dias_line_groups" VALUES ( 19639, 30 );
INSERT INTO "times" VALUES ( 19639, 12780, NULL, '06:59:00', 50 );
INSERT INTO "times" VALUES ( 19639, 15510, '07:14:00', NULL, NULL );
INSERT INTO "times" VALUES ( 19639, 15520, '07:12:00', '07:12:00', 50 );
INSERT INTO "times" VALUES ( 19639, 15530, '07:10:00', '07:10:00', 50 );
INSERT INTO "times" VALUES ( 19639, 15540, '07:07:00', '07:07:00', 50 );
INSERT INTO "times" VALUES ( 19639, 15550, '07:06:00', '07:06:00', 50 );
INSERT INTO "times" VALUES ( 19639, 15560, '07:04:00', '07:04:00', 50 );
INSERT INTO "times" VALUES ( 19639, 15570, '07:01:00', '07:01:00', 50 );

INSERT INTO "dias" VALUES ( 19640, 100, FALSE, TRUE, 'V0700C', 15510, 12780 );
INSERT INTO "dias_line_groups" VALUES ( 19640, 30 );
INSERT INTO "times" VALUES ( 19640, 12780, '07:24:00', NULL, NULL );
INSERT INTO "times" VALUES ( 19640, 15510, NULL, '07:09:00', 50 );
INSERT INTO "times" VALUES ( 19640, 15520, '07:10:00', '07:10:00', 50 );
INSERT INTO "times" VALUES ( 19640, 15530, '07:13:00', '07:13:00', 50 );
INSERT INTO "times" VALUES ( 19640, 15540, '07:16:00', '07:16:00', 50 );
INSERT INTO "times" VALUES ( 19640, 15550, '07:17:00', '07:17:00', 50 );
INSERT INTO "times" VALUES ( 19640, 15560, '07:19:00', '07:19:00', 50 );
INSERT INTO "times" VALUES ( 19640, 15570, '07:22:00', '07:22:00', 50 );

INSERT INTO "dias" VALUES ( 19641, 100, FALSE, TRUE, 'V0701U', 12780, 15510 );
INSERT INTO "dias_line_groups" VALUES ( 19641, 30 );
INSERT INTO "times" VALUES ( 19641, 12780, NULL, '07:10:00', 50 );
INSERT INTO "times" VALUES ( 19641, 15510, '07:24:00', NULL, NULL );
INSERT INTO "times" VALUES ( 19641, 15520, '07:23:00', '07:23:00', 50 );
INSERT INTO "times" VALUES ( 19641, 15530, '07:20:00', '07:20:00', 50 );
INSERT INTO "times" VALUES ( 19641, 15540, '07:18:00', '07:18:00', 50 );
INSERT INTO "times" VALUES ( 19641, 15550, '07:16:00', '07:16:00', 50 );
INSERT INTO "times" VALUES ( 19641, 15560, '07:14:00', '07:14:00', 50 );
INSERT INTO "times" VALUES ( 19641, 15570, '07:12:00', '07:12:00', 50 );

INSERT INTO "dias" VALUES ( 19642, 100, FALSE, TRUE, 'V0702C', 15510, 12780 );
INSERT INTO "dias_line_groups" VALUES ( 19642, 30 );
INSERT INTO "times" VALUES ( 19642, 12780, '07:35:00', NULL, NULL );
INSERT INTO "times" VALUES ( 19642, 15510, NULL, '07:20:00', 50 );
INSERT INTO "times" VALUES ( 19642, 15520, '07:21:00', '07:21:00', 50 );
INSERT INTO "times" VALUES ( 19642, 15530, '07:23:00', '07:23:00', 50 );
INSERT INTO "times" VALUES ( 19642, 15540, '07:26:00', '07:26:00', 50 );
INSERT INTO "times" VALUES ( 19642, 15550, '07:28:00', '07:28:00', 50 );
INSERT INTO "times" VALUES ( 19642, 15560, '07:29:00', '07:29:00', 50 );
INSERT INTO "times" VALUES ( 19642, 15570, '07:32:00', '07:32:00', 50 );

INSERT INTO "dias" VALUES ( 19643, 100, FALSE, TRUE, 'V0703U', 12780, 15510 );
INSERT INTO "dias_line_groups" VALUES ( 19643, 30 );
INSERT INTO "times" VALUES ( 19643, 12780, NULL, '07:20:00', 50 );
INSERT INTO "times" VALUES ( 19643, 15510, '07:34:00', NULL, NULL );
INSERT INTO "times" VALUES ( 19643, 15520, '07:33:00', '07:33:00', 50 );
INSERT INTO "times" VALUES ( 19643, 15530, '07:30:00', '07:30:00', 50 );
INSERT INTO "times" VALUES ( 19643, 15540, '07:28:00', '07:28:00', 50 );
INSERT INTO "times" VALUES ( 19643, 15550, '07:26:00', '07:26:00', 50 );
INSERT INTO "times" VALUES ( 19643, 15560, '07:24:00', '07:24:00', 50 );
INSERT INTO "times" VALUES ( 19643, 15570, '07:22:00', '07:22:00', 50 );

INSERT INTO "dias" VALUES ( 19644, 100, FALSE, TRUE, 'V0704C', 15510, 12780 );
INSERT INTO "dias_line_groups" VALUES ( 19644, 30 );
INSERT INTO "times" VALUES ( 19644, 12780, '07:45:00', NULL, NULL );
INSERT INTO "times" VALUES ( 19644, 15510, NULL, '07:30:00', 50 );
INSERT INTO "times" VALUES ( 19644, 15520, '07:31:00', '07:31:00', 50 );
INSERT INTO "times" VALUES ( 19644, 15530, '07:33:00', '07:33:00', 50 );
INSERT INTO "times" VALUES ( 19644, 15540, '07:36:00', '07:36:00', 50 );
INSERT INTO "times" VALUES ( 19644, 15550, '07:38:00', '07:38:00', 50 );
INSERT INTO "times" VALUES ( 19644, 15560, '07:39:00', '07:39:00', 50 );
INSERT INTO "times" VALUES ( 19644, 15570, '07:42:00', '07:42:00', 50 );

INSERT INTO "dias" VALUES ( 19645, 100, FALSE, TRUE, 'V0705U', 12780, 15510 );
INSERT INTO "dias_line_groups" VALUES ( 19645, 30 );
INSERT INTO "times" VALUES ( 19645, 12780, NULL, '07:30:00', 50 );
INSERT INTO "times" VALUES ( 19645, 15510, '07:44:00', NULL, NULL );
INSERT INTO "times" VALUES ( 19645, 15520, '07:43:00', '07:43:00', 50 );
INSERT INTO "times" VALUES ( 19645, 15530, '07:40:00', '07:40:00', 50 );
INSERT INTO "times" VALUES ( 19645, 15540, '07:38:00', '07:38:00', 50 );
INSERT INTO "times" VALUES ( 19645, 15550, '07:36:00', '07:36:00', 50 );
INSERT INTO "times" VALUES ( 19645, 15560, '07:34:00', '07:34:00', 50 );
INSERT INTO "times" VALUES ( 19645, 15570, '07:32:00', '07:32:00', 50 );

INSERT INTO "dias" VALUES ( 19646, 100, FALSE, TRUE, 'V0706C', 15510, 12780 );
INSERT INTO "dias_line_groups" VALUES ( 19646, 30 );
INSERT INTO "times" VALUES ( 19646, 12780, '07:55:00', NULL, NULL );
INSERT INTO "times" VALUES ( 19646, 15510, NULL, '07:40:00', 50 );
INSERT INTO "times" VALUES ( 19646, 15520, '07:41:00', '07:41:00', 50 );
INSERT INTO "times" VALUES ( 19646, 15530, '07:44:00', '07:44:00', 50 );
INSERT INTO "times" VALUES ( 19646, 15540, '07:46:00', '07:46:00', 50 );
INSERT INTO "times" VALUES ( 19646, 15550, '07:48:00', '07:48:00', 50 );
INSERT INTO "times" VALUES ( 19646, 15560, '07:50:00', '07:50:00', 50 );
INSERT INTO "times" VALUES ( 19646, 15570, '07:52:00', '07:52:00', 50 );

INSERT INTO "dias" VALUES ( 19647, 100, FALSE, TRUE, 'V0707U', 12780, 15510 );
INSERT INTO "dias_line_groups" VALUES ( 19647, 30 );
INSERT INTO "times" VALUES ( 19647, 12780, NULL, '07:41:00', 50 );
INSERT INTO "times" VALUES ( 19647, 15510, '07:55:00', NULL, NULL );
INSERT INTO "times" VALUES ( 19647, 15520, '07:54:00', '07:54:00', 50 );
INSERT INTO "times" VALUES ( 19647, 15530, '07:51:00', '07:51:00', 50 );
INSERT INTO "times" VALUES ( 19647, 15540, '07:49:00', '07:49:00', 50 );
INSERT INTO "times" VALUES ( 19647, 15550, '07:47:00', '07:47:00', 50 );
INSERT INTO "times" VALUES ( 19647, 15560, '07:45:00', '07:45:00', 50 );
INSERT INTO "times" VALUES ( 19647, 15570, '07:43:00', '07:43:00', 50 );

INSERT INTO "dias" VALUES ( 19648, 100, FALSE, TRUE, 'V0708C', 15510, 12780 );
INSERT INTO "dias_line_groups" VALUES ( 19648, 30 );
INSERT INTO "times" VALUES ( 19648, 12780, '08:05:00', NULL, NULL );
INSERT INTO "times" VALUES ( 19648, 15510, NULL, '07:50:00', 50 );
INSERT INTO "times" VALUES ( 19648, 15520, '07:51:00', '07:51:00', 50 );
INSERT INTO "times" VALUES ( 19648, 15530, '07:54:00', '07:54:00', 50 );
INSERT INTO "times" VALUES ( 19648, 15540, '07:57:00', '07:57:00', 50 );
INSERT INTO "times" VALUES ( 19648, 15550, '07:58:00', '07:58:00', 50 );
INSERT INTO "times" VALUES ( 19648, 15560, '08:00:00', '08:00:00', 50 );
INSERT INTO "times" VALUES ( 19648, 15570, '08:03:00', '08:03:00', 50 );

INSERT INTO "dias" VALUES ( 19649, 100, FALSE, TRUE, 'V0709U', 12780, 15510 );
INSERT INTO "dias_line_groups" VALUES ( 19649, 30 );
INSERT INTO "times" VALUES ( 19649, 12780, NULL, '07:52:00', 50 );
INSERT INTO "times" VALUES ( 19649, 15510, '08:06:00', NULL, NULL );
INSERT INTO "times" VALUES ( 19649, 15520, '08:05:00', '08:05:00', 50 );
INSERT INTO "times" VALUES ( 19649, 15530, '08:02:00', '08:02:00', 50 );
INSERT INTO "times" VALUES ( 19649, 15540, '08:00:00', '08:00:00', 50 );
INSERT INTO "times" VALUES ( 19649, 15550, '07:58:00', '07:58:00', 50 );
INSERT INTO "times" VALUES ( 19649, 15560, '07:56:00', '07:56:00', 50 );
INSERT INTO "times" VALUES ( 19649, 15570, '07:54:00', '07:54:00', 50 );

INSERT INTO "dias" VALUES ( 19650, 100, FALSE, TRUE, 'V0800C', 15510, 12780 );
INSERT INTO "dias_line_groups" VALUES ( 19650, 30 );
INSERT INTO "times" VALUES ( 19650, 12780, '08:16:00', NULL, NULL );
INSERT INTO "times" VALUES ( 19650, 15510, NULL, '08:01:00', 50 );
INSERT INTO "times" VALUES ( 19650, 15520, '08:02:00', '08:02:00', 50 );
INSERT INTO "times" VALUES ( 19650, 15530, '08:04:00', '08:04:00', 50 );
INSERT INTO "times" VALUES ( 19650, 15540, '08:07:00', '08:07:00', 50 );
INSERT INTO "times" VALUES ( 19650, 15550, '08:09:00', '08:09:00', 50 );
INSERT INTO "times" VALUES ( 19650, 15560, '08:10:00', '08:10:00', 50 );
INSERT INTO "times" VALUES ( 19650, 15570, '08:13:00', '08:13:00', 50 );

INSERT INTO "dias" VALUES ( 19651, 100, FALSE, TRUE, 'V0801U', 12780, 15510 );
INSERT INTO "dias_line_groups" VALUES ( 19651, 30 );
INSERT INTO "times" VALUES ( 19651, 12780, NULL, '08:02:00', 50 );
INSERT INTO "times" VALUES ( 19651, 15510, '08:16:00', NULL, NULL );
INSERT INTO "times" VALUES ( 19651, 15520, '08:15:00', '08:15:00', 50 );
INSERT INTO "times" VALUES ( 19651, 15530, '08:12:00', '08:12:00', 50 );
INSERT INTO "times" VALUES ( 19651, 15540, '08:10:00', '08:10:00', 50 );
INSERT INTO "times" VALUES ( 19651, 15550, '08:08:00', '08:08:00', 50 );
INSERT INTO "times" VALUES ( 19651, 15560, '08:06:00', '08:06:00', 50 );
INSERT INTO "times" VALUES ( 19651, 15570, '08:04:00', '08:04:00', 50 );

INSERT INTO "dias" VALUES ( 19652, 100, FALSE, TRUE, 'V0802C', 15510, 12780 );
INSERT INTO "dias_line_groups" VALUES ( 19652, 30 );
INSERT INTO "times" VALUES ( 19652, 12780, '08:26:00', NULL, NULL );
INSERT INTO "times" VALUES ( 19652, 15510, NULL, '08:11:00', 50 );
INSERT INTO "times" VALUES ( 19652, 15520, '08:12:00', '08:12:00', 50 );
INSERT INTO "times" VALUES ( 19652, 15530, '08:14:00', '08:14:00', 50 );
INSERT INTO "times" VALUES ( 19652, 15540, '08:17:00', '08:17:00', 50 );
INSERT INTO "times" VALUES ( 19652, 15550, '08:19:00', '08:19:00', 50 );
INSERT INTO "times" VALUES ( 19652, 15560, '08:20:00', '08:20:00', 50 );
INSERT INTO "times" VALUES ( 19652, 15570, '08:23:00', '08:23:00', 50 );

INSERT INTO "dias" VALUES ( 19653, 100, FALSE, TRUE, 'V0803U', 12780, 15510 );
INSERT INTO "dias_line_groups" VALUES ( 19653, 30 );
INSERT INTO "times" VALUES ( 19653, 12780, NULL, '08:12:00', 50 );
INSERT INTO "times" VALUES ( 19653, 15510, '08:26:00', NULL, NULL );
INSERT INTO "times" VALUES ( 19653, 15520, '08:25:00', '08:25:00', 50 );
INSERT INTO "times" VALUES ( 19653, 15530, '08:22:00', '08:22:00', 50 );
INSERT INTO "times" VALUES ( 19653, 15540, '08:20:00', '08:20:00', 50 );
INSERT INTO "times" VALUES ( 19653, 15550, '08:18:00', '08:18:00', 50 );
INSERT INTO "times" VALUES ( 19653, 15560, '08:16:00', '08:16:00', 50 );
INSERT INTO "times" VALUES ( 19653, 15570, '08:14:00', '08:14:00', 50 );

INSERT INTO "dias" VALUES ( 19654, 100, FALSE, TRUE, 'V0804C', 15510, 12780 );
INSERT INTO "dias_line_groups" VALUES ( 19654, 30 );
INSERT INTO "times" VALUES ( 19654, 12780, '08:36:00', NULL, NULL );
INSERT INTO "times" VALUES ( 19654, 15510, NULL, '08:21:00', 50 );
INSERT INTO "times" VALUES ( 19654, 15520, '08:22:00', '08:22:00', 50 );
INSERT INTO "times" VALUES ( 19654, 15530, '08:24:00', '08:24:00', 50 );
INSERT INTO "times" VALUES ( 19654, 15540, '08:27:00', '08:27:00', 50 );
INSERT INTO "times" VALUES ( 19654, 15550, '08:29:00', '08:29:00', 50 );
INSERT INTO "times" VALUES ( 19654, 15560, '08:30:00', '08:30:00', 50 );
INSERT INTO "times" VALUES ( 19654, 15570, '08:33:00', '08:33:00', 50 );

INSERT INTO "dias" VALUES ( 19655, 100, FALSE, TRUE, 'V0805U', 12780, 15510 );
INSERT INTO "dias_line_groups" VALUES ( 19655, 30 );
INSERT INTO "times" VALUES ( 19655, 12780, NULL, '08:23:00', 50 );
INSERT INTO "times" VALUES ( 19655, 15510, '08:37:00', NULL, NULL );
INSERT INTO "times" VALUES ( 19655, 15520, '08:36:00', '08:36:00', 50 );
INSERT INTO "times" VALUES ( 19655, 15530, '08:33:00', '08:33:00', 50 );
INSERT INTO "times" VALUES ( 19655, 15540, '08:31:00', '08:31:00', 50 );
INSERT INTO "times" VALUES ( 19655, 15550, '08:29:00', '08:29:00', 50 );
INSERT INTO "times" VALUES ( 19655, 15560, '08:27:00', '08:27:00', 50 );
INSERT INTO "times" VALUES ( 19655, 15570, '08:25:00', '08:25:00', 50 );

INSERT INTO "dias" VALUES ( 19656, 100, FALSE, TRUE, 'V0806C', 15510, 12780 );
INSERT INTO "dias_line_groups" VALUES ( 19656, 30 );
INSERT INTO "times" VALUES ( 19656, 12780, '08:46:00', NULL, NULL );
INSERT INTO "times" VALUES ( 19656, 15510, NULL, '08:31:00', 50 );
INSERT INTO "times" VALUES ( 19656, 15520, '08:32:00', '08:32:00', 50 );
INSERT INTO "times" VALUES ( 19656, 15530, '08:34:00', '08:34:00', 50 );
INSERT INTO "times" VALUES ( 19656, 15540, '08:37:00', '08:37:00', 50 );
INSERT INTO "times" VALUES ( 19656, 15550, '08:39:00', '08:39:00', 50 );
INSERT INTO "times" VALUES ( 19656, 15560, '08:40:00', '08:40:00', 50 );
INSERT INTO "times" VALUES ( 19656, 15570, '08:43:00', '08:43:00', 50 );

INSERT INTO "dias" VALUES ( 19657, 100, FALSE, TRUE, 'V0807U', 12780, 15510 );
INSERT INTO "dias_line_groups" VALUES ( 19657, 30 );
INSERT INTO "times" VALUES ( 19657, 12780, NULL, '08:32:00', 50 );
INSERT INTO "times" VALUES ( 19657, 15510, '08:46:00', NULL, NULL );
INSERT INTO "times" VALUES ( 19657, 15520, '08:45:00', '08:45:00', 50 );
INSERT INTO "times" VALUES ( 19657, 15530, '08:42:00', '08:42:00', 50 );
INSERT INTO "times" VALUES ( 19657, 15540, '08:40:00', '08:40:00', 50 );
INSERT INTO "times" VALUES ( 19657, 15550, '08:38:00', '08:38:00', 50 );
INSERT INTO "times" VALUES ( 19657, 15560, '08:36:00', '08:36:00', 50 );
INSERT INTO "times" VALUES ( 19657, 15570, '08:34:00', '08:34:00', 50 );

INSERT INTO "dias" VALUES ( 19658, 100, FALSE, TRUE, 'V0808C', 15510, 12780 );
INSERT INTO "dias_line_groups" VALUES ( 19658, 30 );
INSERT INTO "times" VALUES ( 19658, 12780, '08:56:00', NULL, NULL );
INSERT INTO "times" VALUES ( 19658, 15510, NULL, '08:41:00', 50 );
INSERT INTO "times" VALUES ( 19658, 15520, '08:42:00', '08:42:00', 50 );
INSERT INTO "times" VALUES ( 19658, 15530, '08:44:00', '08:44:00', 50 );
INSERT INTO "times" VALUES ( 19658, 15540, '08:47:00', '08:47:00', 50 );
INSERT INTO "times" VALUES ( 19658, 15550, '08:49:00', '08:49:00', 50 );
INSERT INTO "times" VALUES ( 19658, 15560, '08:50:00', '08:50:00', 50 );
INSERT INTO "times" VALUES ( 19658, 15570, '08:53:00', '08:53:00', 50 );

INSERT INTO "dias" VALUES ( 19659, 100, FALSE, TRUE, 'V0809U', 12780, 15510 );
INSERT INTO "dias_line_groups" VALUES ( 19659, 30 );
INSERT INTO "times" VALUES ( 19659, 12780, NULL, '08:42:00', 50 );
INSERT INTO "times" VALUES ( 19659, 15510, '08:56:00', NULL, NULL );
INSERT INTO "times" VALUES ( 19659, 15520, '08:55:00', '08:55:00', 50 );
INSERT INTO "times" VALUES ( 19659, 15530, '08:52:00', '08:52:00', 50 );
INSERT INTO "times" VALUES ( 19659, 15540, '08:50:00', '08:50:00', 50 );
INSERT INTO "times" VALUES ( 19659, 15550, '08:48:00', '08:48:00', 50 );
INSERT INTO "times" VALUES ( 19659, 15560, '08:46:00', '08:46:00', 50 );
INSERT INTO "times" VALUES ( 19659, 15570, '08:44:00', '08:44:00', 50 );

INSERT INTO "dias" VALUES ( 19660, 100, FALSE, TRUE, 'V0810C', 15510, 12780 );
INSERT INTO "dias_line_groups" VALUES ( 19660, 30 );
INSERT INTO "times" VALUES ( 19660, 12780, '09:06:00', NULL, NULL );
INSERT INTO "times" VALUES ( 19660, 15510, NULL, '08:51:00', 50 );
INSERT INTO "times" VALUES ( 19660, 15520, '08:52:00', '08:52:00', 50 );
INSERT INTO "times" VALUES ( 19660, 15530, '08:54:00', '08:54:00', 50 );
INSERT INTO "times" VALUES ( 19660, 15540, '08:57:00', '08:57:00', 50 );
INSERT INTO "times" VALUES ( 19660, 15550, '08:59:00', '08:59:00', 50 );
INSERT INTO "times" VALUES ( 19660, 15560, '09:00:00', '09:00:00', 50 );
INSERT INTO "times" VALUES ( 19660, 15570, '09:03:00', '09:03:00', 50 );

INSERT INTO "dias" VALUES ( 19661, 100, FALSE, TRUE, 'V0811U', 12780, 15510 );
INSERT INTO "dias_line_groups" VALUES ( 19661, 30 );
INSERT INTO "times" VALUES ( 19661, 12780, NULL, '08:52:00', 50 );
INSERT INTO "times" VALUES ( 19661, 15510, '09:06:00', NULL, NULL );
INSERT INTO "times" VALUES ( 19661, 15520, '09:05:00', '09:05:00', 50 );
INSERT INTO "times" VALUES ( 19661, 15530, '09:02:00', '09:02:00', 50 );
INSERT INTO "times" VALUES ( 19661, 15540, '09:00:00', '09:00:00', 50 );
INSERT INTO "times" VALUES ( 19661, 15550, '08:58:00', '08:58:00', 50 );
INSERT INTO "times" VALUES ( 19661, 15560, '08:56:00', '08:56:00', 50 );
INSERT INTO "times" VALUES ( 19661, 15570, '08:54:00', '08:54:00', 50 );

INSERT INTO "dias" VALUES ( 19662, 100, FALSE, TRUE, 'V0900C', 15510, 12780 );
INSERT INTO "dias_line_groups" VALUES ( 19662, 30 );
INSERT INTO "times" VALUES ( 19662, 12780, '09:16:00', NULL, NULL );
INSERT INTO "times" VALUES ( 19662, 15510, NULL, '09:01:00', 50 );
INSERT INTO "times" VALUES ( 19662, 15520, '09:02:00', '09:02:00', 50 );
INSERT INTO "times" VALUES ( 19662, 15530, '09:04:00', '09:04:00', 50 );
INSERT INTO "times" VALUES ( 19662, 15540, '09:07:00', '09:07:00', 50 );
INSERT INTO "times" VALUES ( 19662, 15550, '09:09:00', '09:09:00', 50 );
INSERT INTO "times" VALUES ( 19662, 15560, '09:10:00', '09:10:00', 50 );
INSERT INTO "times" VALUES ( 19662, 15570, '09:13:00', '09:13:00', 50 );

INSERT INTO "dias" VALUES ( 19663, 100, FALSE, TRUE, 'V0901U', 12780, 15510 );
INSERT INTO "dias_line_groups" VALUES ( 19663, 30 );
INSERT INTO "times" VALUES ( 19663, 12780, NULL, '09:02:00', 50 );
INSERT INTO "times" VALUES ( 19663, 15510, '09:16:00', NULL, NULL );
INSERT INTO "times" VALUES ( 19663, 15520, '09:15:00', '09:15:00', 50 );
INSERT INTO "times" VALUES ( 19663, 15530, '09:12:00', '09:12:00', 50 );
INSERT INTO "times" VALUES ( 19663, 15540, '09:10:00', '09:10:00', 50 );
INSERT INTO "times" VALUES ( 19663, 15550, '09:08:00', '09:08:00', 50 );
INSERT INTO "times" VALUES ( 19663, 15560, '09:06:00', '09:06:00', 50 );
INSERT INTO "times" VALUES ( 19663, 15570, '09:04:00', '09:04:00', 50 );

INSERT INTO "dias" VALUES ( 19664, 100, FALSE, TRUE, 'V0902C', 15510, 12780 );
INSERT INTO "dias_line_groups" VALUES ( 19664, 30 );
INSERT INTO "times" VALUES ( 19664, 12780, '09:25:00', NULL, NULL );
INSERT INTO "times" VALUES ( 19664, 15510, NULL, '09:11:00', 50 );
INSERT INTO "times" VALUES ( 19664, 15520, '09:12:00', '09:12:00', 50 );
INSERT INTO "times" VALUES ( 19664, 15530, '09:14:00', '09:14:00', 50 );
INSERT INTO "times" VALUES ( 19664, 15540, '09:17:00', '09:17:00', 50 );
INSERT INTO "times" VALUES ( 19664, 15550, '09:19:00', '09:19:00', 50 );
INSERT INTO "times" VALUES ( 19664, 15560, '09:20:00', '09:20:00', 50 );
INSERT INTO "times" VALUES ( 19664, 15570, '09:23:00', '09:23:00', 50 );

INSERT INTO "dias" VALUES ( 19665, 100, FALSE, TRUE, 'V0903U', 12780, 15510 );
INSERT INTO "dias_line_groups" VALUES ( 19665, 30 );
INSERT INTO "times" VALUES ( 19665, 12780, NULL, '09:12:00', 50 );
INSERT INTO "times" VALUES ( 19665, 15510, '09:26:00', NULL, NULL );
INSERT INTO "times" VALUES ( 19665, 15520, '09:25:00', '09:25:00', 50 );
INSERT INTO "times" VALUES ( 19665, 15530, '09:22:00', '09:22:00', 50 );
INSERT INTO "times" VALUES ( 19665, 15540, '09:20:00', '09:20:00', 50 );
INSERT INTO "times" VALUES ( 19665, 15550, '09:18:00', '09:18:00', 50 );
INSERT INTO "times" VALUES ( 19665, 15560, '09:16:00', '09:16:00', 50 );
INSERT INTO "times" VALUES ( 19665, 15570, '09:14:00', '09:14:00', 50 );

INSERT INTO "dias" VALUES ( 19666, 100, FALSE, TRUE, 'V0904C', 15510, 12780 );
INSERT INTO "dias_line_groups" VALUES ( 19666, 30 );
INSERT INTO "times" VALUES ( 19666, 12780, '09:36:00', NULL, NULL );
INSERT INTO "times" VALUES ( 19666, 15510, NULL, '09:21:00', 50 );
INSERT INTO "times" VALUES ( 19666, 15520, '09:22:00', '09:22:00', 50 );
INSERT INTO "times" VALUES ( 19666, 15530, '09:24:00', '09:24:00', 50 );
INSERT INTO "times" VALUES ( 19666, 15540, '09:27:00', '09:27:00', 50 );
INSERT INTO "times" VALUES ( 19666, 15550, '09:29:00', '09:29:00', 50 );
INSERT INTO "times" VALUES ( 19666, 15560, '09:30:00', '09:30:00', 50 );
INSERT INTO "times" VALUES ( 19666, 15570, '09:33:00', '09:33:00', 50 );

INSERT INTO "dias" VALUES ( 19667, 100, FALSE, TRUE, 'V0905U', 12780, 15510 );
INSERT INTO "dias_line_groups" VALUES ( 19667, 30 );
INSERT INTO "times" VALUES ( 19667, 12780, NULL, '09:22:00', 50 );
INSERT INTO "times" VALUES ( 19667, 15510, '09:36:00', NULL, NULL );
INSERT INTO "times" VALUES ( 19667, 15520, '09:35:00', '09:35:00', 50 );
INSERT INTO "times" VALUES ( 19667, 15530, '09:32:00', '09:32:00', 50 );
INSERT INTO "times" VALUES ( 19667, 15540, '09:30:00', '09:30:00', 50 );
INSERT INTO "times" VALUES ( 19667, 15550, '09:28:00', '09:28:00', 50 );
INSERT INTO "times" VALUES ( 19667, 15560, '09:26:00', '09:26:00', 50 );
INSERT INTO "times" VALUES ( 19667, 15570, '09:24:00', '09:24:00', 50 );

INSERT INTO "dias" VALUES ( 19668, 100, FALSE, TRUE, 'V0906C', 15510, 12780 );
INSERT INTO "dias_line_groups" VALUES ( 19668, 30 );
INSERT INTO "times" VALUES ( 19668, 12780, '09:46:00', NULL, NULL );
INSERT INTO "times" VALUES ( 19668, 15510, NULL, '09:31:00', 50 );
INSERT INTO "times" VALUES ( 19668, 15520, '09:32:00', '09:32:00', 50 );
INSERT INTO "times" VALUES ( 19668, 15530, '09:34:00', '09:34:00', 50 );
INSERT INTO "times" VALUES ( 19668, 15540, '09:37:00', '09:37:00', 50 );
INSERT INTO "times" VALUES ( 19668, 15550, '09:39:00', '09:39:00', 50 );
INSERT INTO "times" VALUES ( 19668, 15560, '09:40:00', '09:40:00', 50 );
INSERT INTO "times" VALUES ( 19668, 15570, '09:43:00', '09:43:00', 50 );

INSERT INTO "dias" VALUES ( 19669, 100, FALSE, TRUE, 'V0907U', 12780, 15510 );
INSERT INTO "dias_line_groups" VALUES ( 19669, 30 );
INSERT INTO "times" VALUES ( 19669, 12780, NULL, '09:32:00', 50 );
INSERT INTO "times" VALUES ( 19669, 15510, '09:46:00', NULL, NULL );
INSERT INTO "times" VALUES ( 19669, 15520, '09:45:00', '09:45:00', 50 );
INSERT INTO "times" VALUES ( 19669, 15530, '09:42:00', '09:42:00', 50 );
INSERT INTO "times" VALUES ( 19669, 15540, '09:40:00', '09:40:00', 50 );
INSERT INTO "times" VALUES ( 19669, 15550, '09:38:00', '09:38:00', 50 );
INSERT INTO "times" VALUES ( 19669, 15560, '09:36:00', '09:36:00', 50 );
INSERT INTO "times" VALUES ( 19669, 15570, '09:34:00', '09:34:00', 50 );

INSERT INTO "dias" VALUES ( 19670, 100, FALSE, TRUE, 'V0908C', 15510, 12780 );
INSERT INTO "dias_line_groups" VALUES ( 19670, 30 );
INSERT INTO "times" VALUES ( 19670, 12780, '09:55:00', NULL, NULL );
INSERT INTO "times" VALUES ( 19670, 15510, NULL, '09:41:00', 50 );
INSERT INTO "times" VALUES ( 19670, 15520, '09:42:00', '09:42:00', 50 );
INSERT INTO "times" VALUES ( 19670, 15530, '09:44:00', '09:44:00', 50 );
INSERT INTO "times" VALUES ( 19670, 15540, '09:47:00', '09:47:00', 50 );
INSERT INTO "times" VALUES ( 19670, 15550, '09:49:00', '09:49:00', 50 );
INSERT INTO "times" VALUES ( 19670, 15560, '09:50:00', '09:50:00', 50 );
INSERT INTO "times" VALUES ( 19670, 15570, '09:53:00', '09:53:00', 50 );

INSERT INTO "dias" VALUES ( 19671, 100, FALSE, TRUE, 'V0909U', 12780, 15510 );
INSERT INTO "dias_line_groups" VALUES ( 19671, 30 );
INSERT INTO "times" VALUES ( 19671, 12780, NULL, '09:42:00', 50 );
INSERT INTO "times" VALUES ( 19671, 15510, '09:56:00', NULL, NULL );
INSERT INTO "times" VALUES ( 19671, 15520, '09:55:00', '09:55:00', 50 );
INSERT INTO "times" VALUES ( 19671, 15530, '09:52:00', '09:52:00', 50 );
INSERT INTO "times" VALUES ( 19671, 15540, '09:50:00', '09:50:00', 50 );
INSERT INTO "times" VALUES ( 19671, 15550, '09:48:00', '09:48:00', 50 );
INSERT INTO "times" VALUES ( 19671, 15560, '09:46:00', '09:46:00', 50 );
INSERT INTO "times" VALUES ( 19671, 15570, '09:44:00', '09:44:00', 50 );

INSERT INTO "dias" VALUES ( 19672, 100, FALSE, TRUE, 'V0910C', 15510, 12780 );
INSERT INTO "dias_line_groups" VALUES ( 19672, 30 );
INSERT INTO "times" VALUES ( 19672, 12780, '10:06:00', NULL, NULL );
INSERT INTO "times" VALUES ( 19672, 15510, NULL, '09:51:00', 50 );
INSERT INTO "times" VALUES ( 19672, 15520, '09:52:00', '09:52:00', 50 );
INSERT INTO "times" VALUES ( 19672, 15530, '09:54:00', '09:54:00', 50 );
INSERT INTO "times" VALUES ( 19672, 15540, '09:57:00', '09:57:00', 50 );
INSERT INTO "times" VALUES ( 19672, 15550, '09:59:00', '09:59:00', 50 );
INSERT INTO "times" VALUES ( 19672, 15560, '10:00:00', '10:00:00', 50 );
INSERT INTO "times" VALUES ( 19672, 15570, '10:03:00', '10:03:00', 50 );

INSERT INTO "dias" VALUES ( 19673, 100, FALSE, TRUE, 'V0911U', 12780, 15510 );
INSERT INTO "dias_line_groups" VALUES ( 19673, 30 );
INSERT INTO "times" VALUES ( 19673, 12780, NULL, '09:52:00', 50 );
INSERT INTO "times" VALUES ( 19673, 15510, '10:07:00', NULL, NULL );
INSERT INTO "times" VALUES ( 19673, 15520, '10:05:00', '10:05:00', 50 );
INSERT INTO "times" VALUES ( 19673, 15530, '10:03:00', '10:03:00', 50 );
INSERT INTO "times" VALUES ( 19673, 15540, '10:00:00', '10:00:00', 50 );
INSERT INTO "times" VALUES ( 19673, 15550, '09:58:00', '09:58:00', 50 );
INSERT INTO "times" VALUES ( 19673, 15560, '09:57:00', '09:57:00', 50 );
INSERT INTO "times" VALUES ( 19673, 15570, '09:54:00', '09:54:00', 50 );

INSERT INTO "dias" VALUES ( 19674, 100, FALSE, TRUE, 'V1000C', 15510, 12780 );
INSERT INTO "dias_line_groups" VALUES ( 19674, 30 );
INSERT INTO "times" VALUES ( 19674, 12780, '10:16:00', NULL, NULL );
INSERT INTO "times" VALUES ( 19674, 15510, NULL, '10:01:00', 50 );
INSERT INTO "times" VALUES ( 19674, 15520, '10:02:00', '10:02:00', 50 );
INSERT INTO "times" VALUES ( 19674, 15530, '10:04:00', '10:04:00', 50 );
INSERT INTO "times" VALUES ( 19674, 15540, '10:07:00', '10:07:00', 50 );
INSERT INTO "times" VALUES ( 19674, 15550, '10:09:00', '10:09:00', 50 );
INSERT INTO "times" VALUES ( 19674, 15560, '10:10:00', '10:10:00', 50 );
INSERT INTO "times" VALUES ( 19674, 15570, '10:13:00', '10:13:00', 50 );

INSERT INTO "dias" VALUES ( 19675, 100, FALSE, TRUE, 'V1001U', 12780, 15510 );
INSERT INTO "dias_line_groups" VALUES ( 19675, 30 );
INSERT INTO "times" VALUES ( 19675, 12780, NULL, '10:02:00', 50 );
INSERT INTO "times" VALUES ( 19675, 15510, '10:17:00', NULL, NULL );
INSERT INTO "times" VALUES ( 19675, 15520, '10:15:00', '10:15:00', 50 );
INSERT INTO "times" VALUES ( 19675, 15530, '10:13:00', '10:13:00', 50 );
INSERT INTO "times" VALUES ( 19675, 15540, '10:10:00', '10:10:00', 50 );
INSERT INTO "times" VALUES ( 19675, 15550, '10:09:00', '10:09:00', 50 );
INSERT INTO "times" VALUES ( 19675, 15560, '10:07:00', '10:07:00', 50 );
INSERT INTO "times" VALUES ( 19675, 15570, '10:04:00', '10:04:00', 50 );

INSERT INTO "dias" VALUES ( 19676, 100, FALSE, TRUE, 'V1002C', 15510, 12780 );
INSERT INTO "dias_line_groups" VALUES ( 19676, 30 );
INSERT INTO "times" VALUES ( 19676, 12780, '10:25:00', NULL, NULL );
INSERT INTO "times" VALUES ( 19676, 15510, NULL, '10:11:00', 50 );
INSERT INTO "times" VALUES ( 19676, 15520, '10:12:00', '10:12:00', 50 );
INSERT INTO "times" VALUES ( 19676, 15530, '10:14:00', '10:14:00', 50 );
INSERT INTO "times" VALUES ( 19676, 15540, '10:17:00', '10:17:00', 50 );
INSERT INTO "times" VALUES ( 19676, 15550, '10:19:00', '10:19:00', 50 );
INSERT INTO "times" VALUES ( 19676, 15560, '10:20:00', '10:20:00', 50 );
INSERT INTO "times" VALUES ( 19676, 15570, '10:23:00', '10:23:00', 50 );

INSERT INTO "dias" VALUES ( 19677, 100, FALSE, TRUE, 'V1003U', 12780, 15510 );
INSERT INTO "dias_line_groups" VALUES ( 19677, 30 );
INSERT INTO "times" VALUES ( 19677, 12780, NULL, '10:12:00', 50 );
INSERT INTO "times" VALUES ( 19677, 15510, '10:27:00', NULL, NULL );
INSERT INTO "times" VALUES ( 19677, 15520, '10:25:00', '10:25:00', 50 );
INSERT INTO "times" VALUES ( 19677, 15530, '10:23:00', '10:23:00', 50 );
INSERT INTO "times" VALUES ( 19677, 15540, '10:20:00', '10:20:00', 50 );
INSERT INTO "times" VALUES ( 19677, 15550, '10:19:00', '10:19:00', 50 );
INSERT INTO "times" VALUES ( 19677, 15560, '10:17:00', '10:17:00', 50 );
INSERT INTO "times" VALUES ( 19677, 15570, '10:14:00', '10:14:00', 50 );

INSERT INTO "dias" VALUES ( 19678, 100, FALSE, TRUE, 'V1004C', 15510, 12780 );
INSERT INTO "dias_line_groups" VALUES ( 19678, 30 );
INSERT INTO "times" VALUES ( 19678, 12780, '10:36:00', NULL, NULL );
INSERT INTO "times" VALUES ( 19678, 15510, NULL, '10:21:00', 50 );
INSERT INTO "times" VALUES ( 19678, 15520, '10:22:00', '10:22:00', 50 );
INSERT INTO "times" VALUES ( 19678, 15530, '10:24:00', '10:24:00', 50 );
INSERT INTO "times" VALUES ( 19678, 15540, '10:27:00', '10:27:00', 50 );
INSERT INTO "times" VALUES ( 19678, 15550, '10:29:00', '10:29:00', 50 );
INSERT INTO "times" VALUES ( 19678, 15560, '10:30:00', '10:30:00', 50 );
INSERT INTO "times" VALUES ( 19678, 15570, '10:33:00', '10:33:00', 50 );

INSERT INTO "dias" VALUES ( 19679, 100, FALSE, TRUE, 'V1005U', 12780, 15510 );
INSERT INTO "dias_line_groups" VALUES ( 19679, 30 );
INSERT INTO "times" VALUES ( 19679, 12780, NULL, '10:22:00', 50 );
INSERT INTO "times" VALUES ( 19679, 15510, '10:37:00', NULL, NULL );
INSERT INTO "times" VALUES ( 19679, 15520, '10:35:00', '10:35:00', 50 );
INSERT INTO "times" VALUES ( 19679, 15530, '10:33:00', '10:33:00', 50 );
INSERT INTO "times" VALUES ( 19679, 15540, '10:30:00', '10:30:00', 50 );
INSERT INTO "times" VALUES ( 19679, 15550, '10:29:00', '10:29:00', 50 );
INSERT INTO "times" VALUES ( 19679, 15560, '10:27:00', '10:27:00', 50 );
INSERT INTO "times" VALUES ( 19679, 15570, '10:24:00', '10:24:00', 50 );

INSERT INTO "dias" VALUES ( 19680, 100, FALSE, TRUE, 'V1006C', 15510, 12780 );
INSERT INTO "dias_line_groups" VALUES ( 19680, 30 );
INSERT INTO "times" VALUES ( 19680, 12780, '10:46:00', NULL, NULL );
INSERT INTO "times" VALUES ( 19680, 15510, NULL, '10:31:00', 50 );
INSERT INTO "times" VALUES ( 19680, 15520, '10:32:00', '10:32:00', 50 );
INSERT INTO "times" VALUES ( 19680, 15530, '10:34:00', '10:34:00', 50 );
INSERT INTO "times" VALUES ( 19680, 15540, '10:37:00', '10:37:00', 50 );
INSERT INTO "times" VALUES ( 19680, 15550, '10:39:00', '10:39:00', 50 );
INSERT INTO "times" VALUES ( 19680, 15560, '10:40:00', '10:40:00', 50 );
INSERT INTO "times" VALUES ( 19680, 15570, '10:43:00', '10:43:00', 50 );

INSERT INTO "dias" VALUES ( 19681, 100, FALSE, TRUE, 'V1007U', 12780, 15510 );
INSERT INTO "dias_line_groups" VALUES ( 19681, 30 );
INSERT INTO "times" VALUES ( 19681, 12780, NULL, '10:32:00', 50 );
INSERT INTO "times" VALUES ( 19681, 15510, '10:47:00', NULL, NULL );
INSERT INTO "times" VALUES ( 19681, 15520, '10:45:00', '10:45:00', 50 );
INSERT INTO "times" VALUES ( 19681, 15530, '10:43:00', '10:43:00', 50 );
INSERT INTO "times" VALUES ( 19681, 15540, '10:40:00', '10:40:00', 50 );
INSERT INTO "times" VALUES ( 19681, 15550, '10:39:00', '10:39:00', 50 );
INSERT INTO "times" VALUES ( 19681, 15560, '10:37:00', '10:37:00', 50 );
INSERT INTO "times" VALUES ( 19681, 15570, '10:34:00', '10:34:00', 50 );

INSERT INTO "dias" VALUES ( 19682, 100, FALSE, TRUE, 'V1008C', 15510, 12780 );
INSERT INTO "dias_line_groups" VALUES ( 19682, 30 );
INSERT INTO "times" VALUES ( 19682, 12780, '10:55:00', NULL, NULL );
INSERT INTO "times" VALUES ( 19682, 15510, NULL, '10:41:00', 50 );
INSERT INTO "times" VALUES ( 19682, 15520, '10:42:00', '10:42:00', 50 );
INSERT INTO "times" VALUES ( 19682, 15530, '10:44:00', '10:44:00', 50 );
INSERT INTO "times" VALUES ( 19682, 15540, '10:47:00', '10:47:00', 50 );
INSERT INTO "times" VALUES ( 19682, 15550, '10:49:00', '10:49:00', 50 );
INSERT INTO "times" VALUES ( 19682, 15560, '10:50:00', '10:50:00', 50 );
INSERT INTO "times" VALUES ( 19682, 15570, '10:53:00', '10:53:00', 50 );

INSERT INTO "dias" VALUES ( 19683, 100, FALSE, TRUE, 'V1009U', 12780, 15510 );
INSERT INTO "dias_line_groups" VALUES ( 19683, 30 );
INSERT INTO "times" VALUES ( 19683, 12780, NULL, '10:42:00', 50 );
INSERT INTO "times" VALUES ( 19683, 15510, '10:57:00', NULL, NULL );
INSERT INTO "times" VALUES ( 19683, 15520, '10:55:00', '10:55:00', 50 );
INSERT INTO "times" VALUES ( 19683, 15530, '10:53:00', '10:53:00', 50 );
INSERT INTO "times" VALUES ( 19683, 15540, '10:50:00', '10:50:00', 50 );
INSERT INTO "times" VALUES ( 19683, 15550, '10:49:00', '10:49:00', 50 );
INSERT INTO "times" VALUES ( 19683, 15560, '10:47:00', '10:47:00', 50 );
INSERT INTO "times" VALUES ( 19683, 15570, '10:44:00', '10:44:00', 50 );

INSERT INTO "dias" VALUES ( 19684, 100, FALSE, TRUE, 'V1010C', 15510, 12780 );
INSERT INTO "dias_line_groups" VALUES ( 19684, 30 );
INSERT INTO "times" VALUES ( 19684, 12780, '11:06:00', NULL, NULL );
INSERT INTO "times" VALUES ( 19684, 15510, NULL, '10:51:00', 50 );
INSERT INTO "times" VALUES ( 19684, 15520, '10:52:00', '10:52:00', 50 );
INSERT INTO "times" VALUES ( 19684, 15530, '10:54:00', '10:54:00', 50 );
INSERT INTO "times" VALUES ( 19684, 15540, '10:57:00', '10:57:00', 50 );
INSERT INTO "times" VALUES ( 19684, 15550, '10:59:00', '10:59:00', 50 );
INSERT INTO "times" VALUES ( 19684, 15560, '11:00:00', '11:00:00', 50 );
INSERT INTO "times" VALUES ( 19684, 15570, '11:03:00', '11:03:00', 50 );

INSERT INTO "dias" VALUES ( 19685, 100, FALSE, TRUE, 'V1011U', 12780, 15510 );
INSERT INTO "dias_line_groups" VALUES ( 19685, 30 );
INSERT INTO "times" VALUES ( 19685, 12780, NULL, '10:52:00', 50 );
INSERT INTO "times" VALUES ( 19685, 15510, '11:07:00', NULL, NULL );
INSERT INTO "times" VALUES ( 19685, 15520, '11:05:00', '11:05:00', 50 );
INSERT INTO "times" VALUES ( 19685, 15530, '11:03:00', '11:03:00', 50 );
INSERT INTO "times" VALUES ( 19685, 15540, '11:00:00', '11:00:00', 50 );
INSERT INTO "times" VALUES ( 19685, 15550, '10:59:00', '10:59:00', 50 );
INSERT INTO "times" VALUES ( 19685, 15560, '10:57:00', '10:57:00', 50 );
INSERT INTO "times" VALUES ( 19685, 15570, '10:54:00', '10:54:00', 50 );

INSERT INTO "dias" VALUES ( 19686, 100, FALSE, TRUE, 'V1100C', 15510, 12780 );
INSERT INTO "dias_line_groups" VALUES ( 19686, 30 );
INSERT INTO "times" VALUES ( 19686, 12780, '11:16:00', NULL, NULL );
INSERT INTO "times" VALUES ( 19686, 15510, NULL, '11:01:00', 50 );
INSERT INTO "times" VALUES ( 19686, 15520, '11:02:00', '11:02:00', 50 );
INSERT INTO "times" VALUES ( 19686, 15530, '11:04:00', '11:04:00', 50 );
INSERT INTO "times" VALUES ( 19686, 15540, '11:07:00', '11:07:00', 50 );
INSERT INTO "times" VALUES ( 19686, 15550, '11:09:00', '11:09:00', 50 );
INSERT INTO "times" VALUES ( 19686, 15560, '11:10:00', '11:10:00', 50 );
INSERT INTO "times" VALUES ( 19686, 15570, '11:13:00', '11:13:00', 50 );

INSERT INTO "dias" VALUES ( 19687, 100, FALSE, TRUE, 'V1101U', 12780, 15510 );
INSERT INTO "dias_line_groups" VALUES ( 19687, 30 );
INSERT INTO "times" VALUES ( 19687, 12780, NULL, '11:02:00', 50 );
INSERT INTO "times" VALUES ( 19687, 15510, '11:17:00', NULL, NULL );
INSERT INTO "times" VALUES ( 19687, 15520, '11:15:00', '11:15:00', 50 );
INSERT INTO "times" VALUES ( 19687, 15530, '11:13:00', '11:13:00', 50 );
INSERT INTO "times" VALUES ( 19687, 15540, '11:10:00', '11:10:00', 50 );
INSERT INTO "times" VALUES ( 19687, 15550, '11:09:00', '11:09:00', 50 );
INSERT INTO "times" VALUES ( 19687, 15560, '11:07:00', '11:07:00', 50 );
INSERT INTO "times" VALUES ( 19687, 15570, '11:04:00', '11:04:00', 50 );

INSERT INTO "dias" VALUES ( 19688, 100, FALSE, TRUE, 'V1102C', 15510, 12780 );
INSERT INTO "dias_line_groups" VALUES ( 19688, 30 );
INSERT INTO "times" VALUES ( 19688, 12780, '11:25:00', NULL, NULL );
INSERT INTO "times" VALUES ( 19688, 15510, NULL, '11:11:00', 50 );
INSERT INTO "times" VALUES ( 19688, 15520, '11:12:00', '11:12:00', 50 );
INSERT INTO "times" VALUES ( 19688, 15530, '11:14:00', '11:14:00', 50 );
INSERT INTO "times" VALUES ( 19688, 15540, '11:17:00', '11:17:00', 50 );
INSERT INTO "times" VALUES ( 19688, 15550, '11:19:00', '11:19:00', 50 );
INSERT INTO "times" VALUES ( 19688, 15560, '11:20:00', '11:20:00', 50 );
INSERT INTO "times" VALUES ( 19688, 15570, '11:23:00', '11:23:00', 50 );

INSERT INTO "dias" VALUES ( 19689, 100, FALSE, TRUE, 'V1103U', 12780, 15510 );
INSERT INTO "dias_line_groups" VALUES ( 19689, 30 );
INSERT INTO "times" VALUES ( 19689, 12780, NULL, '11:12:00', 50 );
INSERT INTO "times" VALUES ( 19689, 15510, '11:27:00', NULL, NULL );
INSERT INTO "times" VALUES ( 19689, 15520, '11:25:00', '11:25:00', 50 );
INSERT INTO "times" VALUES ( 19689, 15530, '11:23:00', '11:23:00', 50 );
INSERT INTO "times" VALUES ( 19689, 15540, '11:20:00', '11:20:00', 50 );
INSERT INTO "times" VALUES ( 19689, 15550, '11:19:00', '11:19:00', 50 );
INSERT INTO "times" VALUES ( 19689, 15560, '11:17:00', '11:17:00', 50 );
INSERT INTO "times" VALUES ( 19689, 15570, '11:14:00', '11:14:00', 50 );

INSERT INTO "dias" VALUES ( 19690, 100, FALSE, TRUE, 'V1104C', 15510, 12780 );
INSERT INTO "dias_line_groups" VALUES ( 19690, 30 );
INSERT INTO "times" VALUES ( 19690, 12780, '11:36:00', NULL, NULL );
INSERT INTO "times" VALUES ( 19690, 15510, NULL, '11:21:00', 50 );
INSERT INTO "times" VALUES ( 19690, 15520, '11:22:00', '11:22:00', 50 );
INSERT INTO "times" VALUES ( 19690, 15530, '11:24:00', '11:24:00', 50 );
INSERT INTO "times" VALUES ( 19690, 15540, '11:27:00', '11:27:00', 50 );
INSERT INTO "times" VALUES ( 19690, 15550, '11:29:00', '11:29:00', 50 );
INSERT INTO "times" VALUES ( 19690, 15560, '11:30:00', '11:30:00', 50 );
INSERT INTO "times" VALUES ( 19690, 15570, '11:33:00', '11:33:00', 50 );

INSERT INTO "dias" VALUES ( 19691, 100, FALSE, TRUE, 'V1105U', 12780, 15510 );
INSERT INTO "dias_line_groups" VALUES ( 19691, 30 );
INSERT INTO "times" VALUES ( 19691, 12780, NULL, '11:22:00', 50 );
INSERT INTO "times" VALUES ( 19691, 15510, '11:37:00', NULL, NULL );
INSERT INTO "times" VALUES ( 19691, 15520, '11:35:00', '11:35:00', 50 );
INSERT INTO "times" VALUES ( 19691, 15530, '11:33:00', '11:33:00', 50 );
INSERT INTO "times" VALUES ( 19691, 15540, '11:30:00', '11:30:00', 50 );
INSERT INTO "times" VALUES ( 19691, 15550, '11:29:00', '11:29:00', 50 );
INSERT INTO "times" VALUES ( 19691, 15560, '11:27:00', '11:27:00', 50 );
INSERT INTO "times" VALUES ( 19691, 15570, '11:24:00', '11:24:00', 50 );

INSERT INTO "dias" VALUES ( 19692, 100, FALSE, TRUE, 'V1106C', 15510, 12780 );
INSERT INTO "dias_line_groups" VALUES ( 19692, 30 );
INSERT INTO "times" VALUES ( 19692, 12780, '11:46:00', NULL, NULL );
INSERT INTO "times" VALUES ( 19692, 15510, NULL, '11:31:00', 50 );
INSERT INTO "times" VALUES ( 19692, 15520, '11:32:00', '11:32:00', 50 );
INSERT INTO "times" VALUES ( 19692, 15530, '11:34:00', '11:34:00', 50 );
INSERT INTO "times" VALUES ( 19692, 15540, '11:37:00', '11:37:00', 50 );
INSERT INTO "times" VALUES ( 19692, 15550, '11:39:00', '11:39:00', 50 );
INSERT INTO "times" VALUES ( 19692, 15560, '11:40:00', '11:40:00', 50 );
INSERT INTO "times" VALUES ( 19692, 15570, '11:43:00', '11:43:00', 50 );

INSERT INTO "dias" VALUES ( 19693, 100, FALSE, TRUE, 'V1107U', 12780, 15510 );
INSERT INTO "dias_line_groups" VALUES ( 19693, 30 );
INSERT INTO "times" VALUES ( 19693, 12780, NULL, '11:32:00', 50 );
INSERT INTO "times" VALUES ( 19693, 15510, '11:47:00', NULL, NULL );
INSERT INTO "times" VALUES ( 19693, 15520, '11:45:00', '11:45:00', 50 );
INSERT INTO "times" VALUES ( 19693, 15530, '11:43:00', '11:43:00', 50 );
INSERT INTO "times" VALUES ( 19693, 15540, '11:40:00', '11:40:00', 50 );
INSERT INTO "times" VALUES ( 19693, 15550, '11:39:00', '11:39:00', 50 );
INSERT INTO "times" VALUES ( 19693, 15560, '11:37:00', '11:37:00', 50 );
INSERT INTO "times" VALUES ( 19693, 15570, '11:34:00', '11:34:00', 50 );

INSERT INTO "dias" VALUES ( 19694, 100, FALSE, TRUE, 'V1108C', 15510, 12780 );
INSERT INTO "dias_line_groups" VALUES ( 19694, 30 );
INSERT INTO "times" VALUES ( 19694, 12780, '11:56:00', NULL, NULL );
INSERT INTO "times" VALUES ( 19694, 15510, NULL, '11:41:00', 50 );
INSERT INTO "times" VALUES ( 19694, 15520, '11:42:00', '11:42:00', 50 );
INSERT INTO "times" VALUES ( 19694, 15530, '11:44:00', '11:44:00', 50 );
INSERT INTO "times" VALUES ( 19694, 15540, '11:47:00', '11:47:00', 50 );
INSERT INTO "times" VALUES ( 19694, 15550, '11:49:00', '11:49:00', 50 );
INSERT INTO "times" VALUES ( 19694, 15560, '11:50:00', '11:50:00', 50 );
INSERT INTO "times" VALUES ( 19694, 15570, '11:53:00', '11:53:00', 50 );

INSERT INTO "dias" VALUES ( 19695, 100, FALSE, TRUE, 'V1109U', 12780, 15510 );
INSERT INTO "dias_line_groups" VALUES ( 19695, 30 );
INSERT INTO "times" VALUES ( 19695, 12780, NULL, '11:42:00', 50 );
INSERT INTO "times" VALUES ( 19695, 15510, '11:57:00', NULL, NULL );
INSERT INTO "times" VALUES ( 19695, 15520, '11:55:00', '11:55:00', 50 );
INSERT INTO "times" VALUES ( 19695, 15530, '11:53:00', '11:53:00', 50 );
INSERT INTO "times" VALUES ( 19695, 15540, '11:50:00', '11:50:00', 50 );
INSERT INTO "times" VALUES ( 19695, 15550, '11:49:00', '11:49:00', 50 );
INSERT INTO "times" VALUES ( 19695, 15560, '11:47:00', '11:47:00', 50 );
INSERT INTO "times" VALUES ( 19695, 15570, '11:44:00', '11:44:00', 50 );

INSERT INTO "dias" VALUES ( 19696, 100, FALSE, TRUE, 'V1110C', 15510, 12780 );
INSERT INTO "dias_line_groups" VALUES ( 19696, 30 );
INSERT INTO "times" VALUES ( 19696, 12780, '12:06:00', NULL, NULL );
INSERT INTO "times" VALUES ( 19696, 15510, NULL, '11:51:00', 50 );
INSERT INTO "times" VALUES ( 19696, 15520, '11:52:00', '11:52:00', 50 );
INSERT INTO "times" VALUES ( 19696, 15530, '11:55:00', '11:55:00', 50 );
INSERT INTO "times" VALUES ( 19696, 15540, '11:58:00', '11:58:00', 50 );
INSERT INTO "times" VALUES ( 19696, 15550, '11:59:00', '11:59:00', 50 );
INSERT INTO "times" VALUES ( 19696, 15560, '12:01:00', '12:01:00', 50 );
INSERT INTO "times" VALUES ( 19696, 15570, '12:04:00', '12:04:00', 50 );

INSERT INTO "dias" VALUES ( 19697, 100, FALSE, TRUE, 'V1111U', 12780, 15510 );
INSERT INTO "dias_line_groups" VALUES ( 19697, 30 );
INSERT INTO "times" VALUES ( 19697, 12780, NULL, '11:52:00', 50 );
INSERT INTO "times" VALUES ( 19697, 15510, '12:07:00', NULL, NULL );
INSERT INTO "times" VALUES ( 19697, 15520, '12:05:00', '12:05:00', 50 );
INSERT INTO "times" VALUES ( 19697, 15530, '12:03:00', '12:03:00', 50 );
INSERT INTO "times" VALUES ( 19697, 15540, '12:00:00', '12:00:00', 50 );
INSERT INTO "times" VALUES ( 19697, 15550, '11:59:00', '11:59:00', 50 );
INSERT INTO "times" VALUES ( 19697, 15560, '11:57:00', '11:57:00', 50 );
INSERT INTO "times" VALUES ( 19697, 15570, '11:54:00', '11:54:00', 50 );

INSERT INTO "dias" VALUES ( 19698, 100, FALSE, TRUE, 'V1200C', 15510, 12780 );
INSERT INTO "dias_line_groups" VALUES ( 19698, 30 );
INSERT INTO "times" VALUES ( 19698, 12780, '12:16:00', NULL, NULL );
INSERT INTO "times" VALUES ( 19698, 15510, NULL, '12:02:00', 50 );
INSERT INTO "times" VALUES ( 19698, 15520, '12:03:00', '12:03:00', 50 );
INSERT INTO "times" VALUES ( 19698, 15530, '12:05:00', '12:05:00', 50 );
INSERT INTO "times" VALUES ( 19698, 15540, '12:08:00', '12:08:00', 50 );
INSERT INTO "times" VALUES ( 19698, 15550, '12:10:00', '12:10:00', 50 );
INSERT INTO "times" VALUES ( 19698, 15560, '12:11:00', '12:11:00', 50 );
INSERT INTO "times" VALUES ( 19698, 15570, '12:14:00', '12:14:00', 50 );

INSERT INTO "dias" VALUES ( 19699, 100, FALSE, TRUE, 'V1201U', 12780, 15510 );
INSERT INTO "dias_line_groups" VALUES ( 19699, 30 );
INSERT INTO "times" VALUES ( 19699, 12780, NULL, '12:03:00', 50 );
INSERT INTO "times" VALUES ( 19699, 15510, '12:17:00', NULL, NULL );
INSERT INTO "times" VALUES ( 19699, 15520, '12:16:00', '12:16:00', 50 );
INSERT INTO "times" VALUES ( 19699, 15530, '12:13:00', '12:13:00', 50 );
INSERT INTO "times" VALUES ( 19699, 15540, '12:11:00', '12:11:00', 50 );
INSERT INTO "times" VALUES ( 19699, 15550, '12:09:00', '12:09:00', 50 );
INSERT INTO "times" VALUES ( 19699, 15560, '12:07:00', '12:07:00', 50 );
INSERT INTO "times" VALUES ( 19699, 15570, '12:05:00', '12:05:00', 50 );

INSERT INTO "dias" VALUES ( 19700, 100, FALSE, TRUE, 'V1202C', 15510, 12780 );
INSERT INTO "dias_line_groups" VALUES ( 19700, 30 );
INSERT INTO "times" VALUES ( 19700, 12780, '12:26:00', NULL, NULL );
INSERT INTO "times" VALUES ( 19700, 15510, NULL, '12:12:00', 50 );
INSERT INTO "times" VALUES ( 19700, 15520, '12:13:00', '12:13:00', 50 );
INSERT INTO "times" VALUES ( 19700, 15530, '12:15:00', '12:15:00', 50 );
INSERT INTO "times" VALUES ( 19700, 15540, '12:18:00', '12:18:00', 50 );
INSERT INTO "times" VALUES ( 19700, 15550, '12:20:00', '12:20:00', 50 );
INSERT INTO "times" VALUES ( 19700, 15560, '12:21:00', '12:21:00', 50 );
INSERT INTO "times" VALUES ( 19700, 15570, '12:24:00', '12:24:00', 50 );

INSERT INTO "dias" VALUES ( 19701, 100, FALSE, TRUE, 'V1203U', 12780, 15510 );
INSERT INTO "dias_line_groups" VALUES ( 19701, 30 );
INSERT INTO "times" VALUES ( 19701, 12780, NULL, '12:13:00', 50 );
INSERT INTO "times" VALUES ( 19701, 15510, '12:28:00', NULL, NULL );
INSERT INTO "times" VALUES ( 19701, 15520, '12:26:00', '12:26:00', 50 );
INSERT INTO "times" VALUES ( 19701, 15530, '12:24:00', '12:24:00', 50 );
INSERT INTO "times" VALUES ( 19701, 15540, '12:21:00', '12:21:00', 50 );
INSERT INTO "times" VALUES ( 19701, 15550, '12:20:00', '12:20:00', 50 );
INSERT INTO "times" VALUES ( 19701, 15560, '12:18:00', '12:18:00', 50 );
INSERT INTO "times" VALUES ( 19701, 15570, '12:15:00', '12:15:00', 50 );

INSERT INTO "dias" VALUES ( 19702, 100, FALSE, TRUE, 'V1204C', 15510, 12780 );
INSERT INTO "dias_line_groups" VALUES ( 19702, 30 );
INSERT INTO "times" VALUES ( 19702, 12780, '12:36:00', NULL, NULL );
INSERT INTO "times" VALUES ( 19702, 15510, NULL, '12:22:00', 50 );
INSERT INTO "times" VALUES ( 19702, 15520, '12:23:00', '12:23:00', 50 );
INSERT INTO "times" VALUES ( 19702, 15530, '12:25:00', '12:25:00', 50 );
INSERT INTO "times" VALUES ( 19702, 15540, '12:28:00', '12:28:00', 50 );
INSERT INTO "times" VALUES ( 19702, 15550, '12:30:00', '12:30:00', 50 );
INSERT INTO "times" VALUES ( 19702, 15560, '12:31:00', '12:31:00', 50 );
INSERT INTO "times" VALUES ( 19702, 15570, '12:34:00', '12:34:00', 50 );

INSERT INTO "dias" VALUES ( 19703, 100, FALSE, TRUE, 'V1205U', 12780, 15510 );
INSERT INTO "dias_line_groups" VALUES ( 19703, 30 );
INSERT INTO "times" VALUES ( 19703, 12780, NULL, '12:23:00', 50 );
INSERT INTO "times" VALUES ( 19703, 15510, '12:38:00', NULL, NULL );
INSERT INTO "times" VALUES ( 19703, 15520, '12:36:00', '12:36:00', 50 );
INSERT INTO "times" VALUES ( 19703, 15530, '12:34:00', '12:34:00', 50 );
INSERT INTO "times" VALUES ( 19703, 15540, '12:31:00', '12:31:00', 50 );
INSERT INTO "times" VALUES ( 19703, 15550, '12:30:00', '12:30:00', 50 );
INSERT INTO "times" VALUES ( 19703, 15560, '12:28:00', '12:28:00', 50 );
INSERT INTO "times" VALUES ( 19703, 15570, '12:25:00', '12:25:00', 50 );

INSERT INTO "dias" VALUES ( 19704, 100, FALSE, TRUE, 'V1206C', 15510, 12780 );
INSERT INTO "dias_line_groups" VALUES ( 19704, 30 );
INSERT INTO "times" VALUES ( 19704, 12780, '12:46:00', NULL, NULL );
INSERT INTO "times" VALUES ( 19704, 15510, NULL, '12:32:00', 50 );
INSERT INTO "times" VALUES ( 19704, 15520, '12:33:00', '12:33:00', 50 );
INSERT INTO "times" VALUES ( 19704, 15530, '12:35:00', '12:35:00', 50 );
INSERT INTO "times" VALUES ( 19704, 15540, '12:38:00', '12:38:00', 50 );
INSERT INTO "times" VALUES ( 19704, 15550, '12:40:00', '12:40:00', 50 );
INSERT INTO "times" VALUES ( 19704, 15560, '12:41:00', '12:41:00', 50 );
INSERT INTO "times" VALUES ( 19704, 15570, '12:44:00', '12:44:00', 50 );

INSERT INTO "dias" VALUES ( 19705, 100, FALSE, TRUE, 'V1207U', 12780, 15510 );
INSERT INTO "dias_line_groups" VALUES ( 19705, 30 );
INSERT INTO "times" VALUES ( 19705, 12780, NULL, '12:33:00', 50 );
INSERT INTO "times" VALUES ( 19705, 15510, '12:48:00', NULL, NULL );
INSERT INTO "times" VALUES ( 19705, 15520, '12:46:00', '12:46:00', 50 );
INSERT INTO "times" VALUES ( 19705, 15530, '12:44:00', '12:44:00', 50 );
INSERT INTO "times" VALUES ( 19705, 15540, '12:41:00', '12:41:00', 50 );
INSERT INTO "times" VALUES ( 19705, 15550, '12:40:00', '12:40:00', 50 );
INSERT INTO "times" VALUES ( 19705, 15560, '12:38:00', '12:38:00', 50 );
INSERT INTO "times" VALUES ( 19705, 15570, '12:35:00', '12:35:00', 50 );

INSERT INTO "dias" VALUES ( 19706, 100, FALSE, TRUE, 'V1208C', 15510, 12780 );
INSERT INTO "dias_line_groups" VALUES ( 19706, 30 );
INSERT INTO "times" VALUES ( 19706, 12780, '12:56:00', NULL, NULL );
INSERT INTO "times" VALUES ( 19706, 15510, NULL, '12:42:00', 50 );
INSERT INTO "times" VALUES ( 19706, 15520, '12:43:00', '12:43:00', 50 );
INSERT INTO "times" VALUES ( 19706, 15530, '12:45:00', '12:45:00', 50 );
INSERT INTO "times" VALUES ( 19706, 15540, '12:48:00', '12:48:00', 50 );
INSERT INTO "times" VALUES ( 19706, 15550, '12:50:00', '12:50:00', 50 );
INSERT INTO "times" VALUES ( 19706, 15560, '12:51:00', '12:51:00', 50 );
INSERT INTO "times" VALUES ( 19706, 15570, '12:54:00', '12:54:00', 50 );

INSERT INTO "dias" VALUES ( 19707, 100, FALSE, TRUE, 'V1209U', 12780, 15510 );
INSERT INTO "dias_line_groups" VALUES ( 19707, 30 );
INSERT INTO "times" VALUES ( 19707, 12780, NULL, '12:43:00', 50 );
INSERT INTO "times" VALUES ( 19707, 15510, '12:58:00', NULL, NULL );
INSERT INTO "times" VALUES ( 19707, 15520, '12:56:00', '12:56:00', 50 );
INSERT INTO "times" VALUES ( 19707, 15530, '12:54:00', '12:54:00', 50 );
INSERT INTO "times" VALUES ( 19707, 15540, '12:51:00', '12:51:00', 50 );
INSERT INTO "times" VALUES ( 19707, 15550, '12:50:00', '12:50:00', 50 );
INSERT INTO "times" VALUES ( 19707, 15560, '12:48:00', '12:48:00', 50 );
INSERT INTO "times" VALUES ( 19707, 15570, '12:45:00', '12:45:00', 50 );

INSERT INTO "dias" VALUES ( 19708, 100, FALSE, TRUE, 'V1210C', 15510, 12780 );
INSERT INTO "dias_line_groups" VALUES ( 19708, 30 );
INSERT INTO "times" VALUES ( 19708, 12780, '13:06:00', NULL, NULL );
INSERT INTO "times" VALUES ( 19708, 15510, NULL, '12:52:00', 50 );
INSERT INTO "times" VALUES ( 19708, 15520, '12:53:00', '12:53:00', 50 );
INSERT INTO "times" VALUES ( 19708, 15530, '12:55:00', '12:55:00', 50 );
INSERT INTO "times" VALUES ( 19708, 15540, '12:58:00', '12:58:00', 50 );
INSERT INTO "times" VALUES ( 19708, 15550, '13:00:00', '13:00:00', 50 );
INSERT INTO "times" VALUES ( 19708, 15560, '13:01:00', '13:01:00', 50 );
INSERT INTO "times" VALUES ( 19708, 15570, '13:04:00', '13:04:00', 50 );

INSERT INTO "dias" VALUES ( 19709, 100, FALSE, TRUE, 'V1211U', 12780, 15510 );
INSERT INTO "dias_line_groups" VALUES ( 19709, 30 );
INSERT INTO "times" VALUES ( 19709, 12780, NULL, '12:53:00', 50 );
INSERT INTO "times" VALUES ( 19709, 15510, '13:08:00', NULL, NULL );
INSERT INTO "times" VALUES ( 19709, 15520, '13:06:00', '13:06:00', 50 );
INSERT INTO "times" VALUES ( 19709, 15530, '13:04:00', '13:04:00', 50 );
INSERT INTO "times" VALUES ( 19709, 15540, '13:01:00', '13:01:00', 50 );
INSERT INTO "times" VALUES ( 19709, 15550, '13:00:00', '13:00:00', 50 );
INSERT INTO "times" VALUES ( 19709, 15560, '12:58:00', '12:58:00', 50 );
INSERT INTO "times" VALUES ( 19709, 15570, '12:55:00', '12:55:00', 50 );

INSERT INTO "dias" VALUES ( 19710, 100, FALSE, TRUE, 'V1300C', 15510, 12780 );
INSERT INTO "dias_line_groups" VALUES ( 19710, 30 );
INSERT INTO "times" VALUES ( 19710, 12780, '13:16:00', NULL, NULL );
INSERT INTO "times" VALUES ( 19710, 15510, NULL, '13:02:00', 50 );
INSERT INTO "times" VALUES ( 19710, 15520, '13:03:00', '13:03:00', 50 );
INSERT INTO "times" VALUES ( 19710, 15530, '13:05:00', '13:05:00', 50 );
INSERT INTO "times" VALUES ( 19710, 15540, '13:08:00', '13:08:00', 50 );
INSERT INTO "times" VALUES ( 19710, 15550, '13:10:00', '13:10:00', 50 );
INSERT INTO "times" VALUES ( 19710, 15560, '13:11:00', '13:11:00', 50 );
INSERT INTO "times" VALUES ( 19710, 15570, '13:14:00', '13:14:00', 50 );

INSERT INTO "dias" VALUES ( 19711, 100, FALSE, TRUE, 'V1301U', 12780, 15510 );
INSERT INTO "dias_line_groups" VALUES ( 19711, 30 );
INSERT INTO "times" VALUES ( 19711, 12780, NULL, '13:03:00', 50 );
INSERT INTO "times" VALUES ( 19711, 15510, '13:18:00', NULL, NULL );
INSERT INTO "times" VALUES ( 19711, 15520, '13:16:00', '13:16:00', 50 );
INSERT INTO "times" VALUES ( 19711, 15530, '13:14:00', '13:14:00', 50 );
INSERT INTO "times" VALUES ( 19711, 15540, '13:11:00', '13:11:00', 50 );
INSERT INTO "times" VALUES ( 19711, 15550, '13:10:00', '13:10:00', 50 );
INSERT INTO "times" VALUES ( 19711, 15560, '13:08:00', '13:08:00', 50 );
INSERT INTO "times" VALUES ( 19711, 15570, '13:05:00', '13:05:00', 50 );

INSERT INTO "dias" VALUES ( 19712, 100, FALSE, TRUE, 'V1302C', 15510, 12780 );
INSERT INTO "dias_line_groups" VALUES ( 19712, 30 );
INSERT INTO "times" VALUES ( 19712, 12780, '13:26:00', NULL, NULL );
INSERT INTO "times" VALUES ( 19712, 15510, NULL, '13:12:00', 50 );
INSERT INTO "times" VALUES ( 19712, 15520, '13:13:00', '13:13:00', 50 );
INSERT INTO "times" VALUES ( 19712, 15530, '13:15:00', '13:15:00', 50 );
INSERT INTO "times" VALUES ( 19712, 15540, '13:18:00', '13:18:00', 50 );
INSERT INTO "times" VALUES ( 19712, 15550, '13:20:00', '13:20:00', 50 );
INSERT INTO "times" VALUES ( 19712, 15560, '13:21:00', '13:21:00', 50 );
INSERT INTO "times" VALUES ( 19712, 15570, '13:24:00', '13:24:00', 50 );

INSERT INTO "dias" VALUES ( 19713, 100, FALSE, TRUE, 'V1303U', 12780, 15510 );
INSERT INTO "dias_line_groups" VALUES ( 19713, 30 );
INSERT INTO "times" VALUES ( 19713, 12780, NULL, '13:13:00', 50 );
INSERT INTO "times" VALUES ( 19713, 15510, '13:28:00', NULL, NULL );
INSERT INTO "times" VALUES ( 19713, 15520, '13:26:00', '13:26:00', 50 );
INSERT INTO "times" VALUES ( 19713, 15530, '13:24:00', '13:24:00', 50 );
INSERT INTO "times" VALUES ( 19713, 15540, '13:21:00', '13:21:00', 50 );
INSERT INTO "times" VALUES ( 19713, 15550, '13:20:00', '13:20:00', 50 );
INSERT INTO "times" VALUES ( 19713, 15560, '13:18:00', '13:18:00', 50 );
INSERT INTO "times" VALUES ( 19713, 15570, '13:15:00', '13:15:00', 50 );

INSERT INTO "dias" VALUES ( 19714, 100, FALSE, TRUE, 'V1304C', 15510, 12780 );
INSERT INTO "dias_line_groups" VALUES ( 19714, 30 );
INSERT INTO "times" VALUES ( 19714, 12780, '13:36:00', NULL, NULL );
INSERT INTO "times" VALUES ( 19714, 15510, NULL, '13:22:00', 50 );
INSERT INTO "times" VALUES ( 19714, 15520, '13:23:00', '13:23:00', 50 );
INSERT INTO "times" VALUES ( 19714, 15530, '13:25:00', '13:25:00', 50 );
INSERT INTO "times" VALUES ( 19714, 15540, '13:28:00', '13:28:00', 50 );
INSERT INTO "times" VALUES ( 19714, 15550, '13:30:00', '13:30:00', 50 );
INSERT INTO "times" VALUES ( 19714, 15560, '13:31:00', '13:31:00', 50 );
INSERT INTO "times" VALUES ( 19714, 15570, '13:34:00', '13:34:00', 50 );

INSERT INTO "dias" VALUES ( 19715, 100, FALSE, TRUE, 'V1305U', 12780, 15510 );
INSERT INTO "dias_line_groups" VALUES ( 19715, 30 );
INSERT INTO "times" VALUES ( 19715, 12780, NULL, '13:23:00', 50 );
INSERT INTO "times" VALUES ( 19715, 15510, '13:38:00', NULL, NULL );
INSERT INTO "times" VALUES ( 19715, 15520, '13:36:00', '13:36:00', 50 );
INSERT INTO "times" VALUES ( 19715, 15530, '13:34:00', '13:34:00', 50 );
INSERT INTO "times" VALUES ( 19715, 15540, '13:31:00', '13:31:00', 50 );
INSERT INTO "times" VALUES ( 19715, 15550, '13:30:00', '13:30:00', 50 );
INSERT INTO "times" VALUES ( 19715, 15560, '13:28:00', '13:28:00', 50 );
INSERT INTO "times" VALUES ( 19715, 15570, '13:25:00', '13:25:00', 50 );

INSERT INTO "dias" VALUES ( 19716, 100, FALSE, TRUE, 'V1306C', 15510, 12780 );
INSERT INTO "dias_line_groups" VALUES ( 19716, 30 );
INSERT INTO "times" VALUES ( 19716, 12780, '13:46:00', NULL, NULL );
INSERT INTO "times" VALUES ( 19716, 15510, NULL, '13:32:00', 50 );
INSERT INTO "times" VALUES ( 19716, 15520, '13:33:00', '13:33:00', 50 );
INSERT INTO "times" VALUES ( 19716, 15530, '13:35:00', '13:35:00', 50 );
INSERT INTO "times" VALUES ( 19716, 15540, '13:38:00', '13:38:00', 50 );
INSERT INTO "times" VALUES ( 19716, 15550, '13:40:00', '13:40:00', 50 );
INSERT INTO "times" VALUES ( 19716, 15560, '13:41:00', '13:41:00', 50 );
INSERT INTO "times" VALUES ( 19716, 15570, '13:44:00', '13:44:00', 50 );

INSERT INTO "dias" VALUES ( 19717, 100, FALSE, TRUE, 'V1307U', 12780, 15510 );
INSERT INTO "dias_line_groups" VALUES ( 19717, 30 );
INSERT INTO "times" VALUES ( 19717, 12780, NULL, '13:33:00', 50 );
INSERT INTO "times" VALUES ( 19717, 15510, '13:48:00', NULL, NULL );
INSERT INTO "times" VALUES ( 19717, 15520, '13:46:00', '13:46:00', 50 );
INSERT INTO "times" VALUES ( 19717, 15530, '13:44:00', '13:44:00', 50 );
INSERT INTO "times" VALUES ( 19717, 15540, '13:41:00', '13:41:00', 50 );
INSERT INTO "times" VALUES ( 19717, 15550, '13:40:00', '13:40:00', 50 );
INSERT INTO "times" VALUES ( 19717, 15560, '13:38:00', '13:38:00', 50 );
INSERT INTO "times" VALUES ( 19717, 15570, '13:35:00', '13:35:00', 50 );

INSERT INTO "dias" VALUES ( 19718, 100, FALSE, TRUE, 'V1308C', 15510, 12780 );
INSERT INTO "dias_line_groups" VALUES ( 19718, 30 );
INSERT INTO "times" VALUES ( 19718, 12780, '13:56:00', NULL, NULL );
INSERT INTO "times" VALUES ( 19718, 15510, NULL, '13:42:00', 50 );
INSERT INTO "times" VALUES ( 19718, 15520, '13:43:00', '13:43:00', 50 );
INSERT INTO "times" VALUES ( 19718, 15530, '13:45:00', '13:45:00', 50 );
INSERT INTO "times" VALUES ( 19718, 15540, '13:48:00', '13:48:00', 50 );
INSERT INTO "times" VALUES ( 19718, 15550, '13:50:00', '13:50:00', 50 );
INSERT INTO "times" VALUES ( 19718, 15560, '13:51:00', '13:51:00', 50 );
INSERT INTO "times" VALUES ( 19718, 15570, '13:54:00', '13:54:00', 50 );

INSERT INTO "dias" VALUES ( 19719, 100, FALSE, TRUE, 'V1309U', 12780, 15510 );
INSERT INTO "dias_line_groups" VALUES ( 19719, 30 );
INSERT INTO "times" VALUES ( 19719, 12780, NULL, '13:43:00', 50 );
INSERT INTO "times" VALUES ( 19719, 15510, '13:58:00', NULL, NULL );
INSERT INTO "times" VALUES ( 19719, 15520, '13:56:00', '13:56:00', 50 );
INSERT INTO "times" VALUES ( 19719, 15530, '13:54:00', '13:54:00', 50 );
INSERT INTO "times" VALUES ( 19719, 15540, '13:51:00', '13:51:00', 50 );
INSERT INTO "times" VALUES ( 19719, 15550, '13:50:00', '13:50:00', 50 );
INSERT INTO "times" VALUES ( 19719, 15560, '13:48:00', '13:48:00', 50 );
INSERT INTO "times" VALUES ( 19719, 15570, '13:45:00', '13:45:00', 50 );

INSERT INTO "dias" VALUES ( 19720, 100, FALSE, TRUE, 'V1310C', 15510, 12780 );
INSERT INTO "dias_line_groups" VALUES ( 19720, 30 );
INSERT INTO "times" VALUES ( 19720, 12780, '14:06:00', NULL, NULL );
INSERT INTO "times" VALUES ( 19720, 15510, NULL, '13:52:00', 50 );
INSERT INTO "times" VALUES ( 19720, 15520, '13:53:00', '13:53:00', 50 );
INSERT INTO "times" VALUES ( 19720, 15530, '13:55:00', '13:55:00', 50 );
INSERT INTO "times" VALUES ( 19720, 15540, '13:58:00', '13:58:00', 50 );
INSERT INTO "times" VALUES ( 19720, 15550, '14:00:00', '14:00:00', 50 );
INSERT INTO "times" VALUES ( 19720, 15560, '14:01:00', '14:01:00', 50 );
INSERT INTO "times" VALUES ( 19720, 15570, '14:04:00', '14:04:00', 50 );

INSERT INTO "dias" VALUES ( 19721, 100, FALSE, TRUE, 'V1311U', 12780, 15510 );
INSERT INTO "dias_line_groups" VALUES ( 19721, 30 );
INSERT INTO "times" VALUES ( 19721, 12780, NULL, '13:53:00', 50 );
INSERT INTO "times" VALUES ( 19721, 15510, '14:08:00', NULL, NULL );
INSERT INTO "times" VALUES ( 19721, 15520, '14:06:00', '14:06:00', 50 );
INSERT INTO "times" VALUES ( 19721, 15530, '14:04:00', '14:04:00', 50 );
INSERT INTO "times" VALUES ( 19721, 15540, '14:01:00', '14:01:00', 50 );
INSERT INTO "times" VALUES ( 19721, 15550, '14:00:00', '14:00:00', 50 );
INSERT INTO "times" VALUES ( 19721, 15560, '13:58:00', '13:58:00', 50 );
INSERT INTO "times" VALUES ( 19721, 15570, '13:55:00', '13:55:00', 50 );

INSERT INTO "dias" VALUES ( 19722, 100, FALSE, TRUE, 'V1400C', 15510, 12780 );
INSERT INTO "dias_line_groups" VALUES ( 19722, 30 );
INSERT INTO "times" VALUES ( 19722, 12780, '14:16:00', NULL, NULL );
INSERT INTO "times" VALUES ( 19722, 15510, NULL, '14:02:00', 50 );
INSERT INTO "times" VALUES ( 19722, 15520, '14:03:00', '14:03:00', 50 );
INSERT INTO "times" VALUES ( 19722, 15530, '14:05:00', '14:05:00', 50 );
INSERT INTO "times" VALUES ( 19722, 15540, '14:08:00', '14:08:00', 50 );
INSERT INTO "times" VALUES ( 19722, 15550, '14:10:00', '14:10:00', 50 );
INSERT INTO "times" VALUES ( 19722, 15560, '14:11:00', '14:11:00', 50 );
INSERT INTO "times" VALUES ( 19722, 15570, '14:14:00', '14:14:00', 50 );

INSERT INTO "dias" VALUES ( 19723, 100, FALSE, TRUE, 'V1401U', 12780, 15510 );
INSERT INTO "dias_line_groups" VALUES ( 19723, 30 );
INSERT INTO "times" VALUES ( 19723, 12780, NULL, '14:03:00', 50 );
INSERT INTO "times" VALUES ( 19723, 15510, '14:18:00', NULL, NULL );
INSERT INTO "times" VALUES ( 19723, 15520, '14:16:00', '14:16:00', 50 );
INSERT INTO "times" VALUES ( 19723, 15530, '14:14:00', '14:14:00', 50 );
INSERT INTO "times" VALUES ( 19723, 15540, '14:11:00', '14:11:00', 50 );
INSERT INTO "times" VALUES ( 19723, 15550, '14:10:00', '14:10:00', 50 );
INSERT INTO "times" VALUES ( 19723, 15560, '14:08:00', '14:08:00', 50 );
INSERT INTO "times" VALUES ( 19723, 15570, '14:05:00', '14:05:00', 50 );

INSERT INTO "dias" VALUES ( 19724, 100, FALSE, TRUE, 'V1402C', 15510, 12780 );
INSERT INTO "dias_line_groups" VALUES ( 19724, 30 );
INSERT INTO "times" VALUES ( 19724, 12780, '14:26:00', NULL, NULL );
INSERT INTO "times" VALUES ( 19724, 15510, NULL, '14:12:00', 50 );
INSERT INTO "times" VALUES ( 19724, 15520, '14:13:00', '14:13:00', 50 );
INSERT INTO "times" VALUES ( 19724, 15530, '14:15:00', '14:15:00', 50 );
INSERT INTO "times" VALUES ( 19724, 15540, '14:18:00', '14:18:00', 50 );
INSERT INTO "times" VALUES ( 19724, 15550, '14:20:00', '14:20:00', 50 );
INSERT INTO "times" VALUES ( 19724, 15560, '14:21:00', '14:21:00', 50 );
INSERT INTO "times" VALUES ( 19724, 15570, '14:24:00', '14:24:00', 50 );

INSERT INTO "dias" VALUES ( 19725, 100, FALSE, TRUE, 'V1403U', 12780, 15510 );
INSERT INTO "dias_line_groups" VALUES ( 19725, 30 );
INSERT INTO "times" VALUES ( 19725, 12780, NULL, '14:13:00', 50 );
INSERT INTO "times" VALUES ( 19725, 15510, '14:28:00', NULL, NULL );
INSERT INTO "times" VALUES ( 19725, 15520, '14:26:00', '14:26:00', 50 );
INSERT INTO "times" VALUES ( 19725, 15530, '14:24:00', '14:24:00', 50 );
INSERT INTO "times" VALUES ( 19725, 15540, '14:21:00', '14:21:00', 50 );
INSERT INTO "times" VALUES ( 19725, 15550, '14:20:00', '14:20:00', 50 );
INSERT INTO "times" VALUES ( 19725, 15560, '14:18:00', '14:18:00', 50 );
INSERT INTO "times" VALUES ( 19725, 15570, '14:15:00', '14:15:00', 50 );

INSERT INTO "dias" VALUES ( 19726, 100, FALSE, TRUE, 'V1404C', 15510, 12780 );
INSERT INTO "dias_line_groups" VALUES ( 19726, 30 );
INSERT INTO "times" VALUES ( 19726, 12780, '14:36:00', NULL, NULL );
INSERT INTO "times" VALUES ( 19726, 15510, NULL, '14:22:00', 50 );
INSERT INTO "times" VALUES ( 19726, 15520, '14:23:00', '14:23:00', 50 );
INSERT INTO "times" VALUES ( 19726, 15530, '14:25:00', '14:25:00', 50 );
INSERT INTO "times" VALUES ( 19726, 15540, '14:28:00', '14:28:00', 50 );
INSERT INTO "times" VALUES ( 19726, 15550, '14:30:00', '14:30:00', 50 );
INSERT INTO "times" VALUES ( 19726, 15560, '14:31:00', '14:31:00', 50 );
INSERT INTO "times" VALUES ( 19726, 15570, '14:34:00', '14:34:00', 50 );

INSERT INTO "dias" VALUES ( 19727, 100, FALSE, TRUE, 'V1405U', 12780, 15510 );
INSERT INTO "dias_line_groups" VALUES ( 19727, 30 );
INSERT INTO "times" VALUES ( 19727, 12780, NULL, '14:23:00', 50 );
INSERT INTO "times" VALUES ( 19727, 15510, '14:38:00', NULL, NULL );
INSERT INTO "times" VALUES ( 19727, 15520, '14:36:00', '14:36:00', 50 );
INSERT INTO "times" VALUES ( 19727, 15530, '14:34:00', '14:34:00', 50 );
INSERT INTO "times" VALUES ( 19727, 15540, '14:31:00', '14:31:00', 50 );
INSERT INTO "times" VALUES ( 19727, 15550, '14:30:00', '14:30:00', 50 );
INSERT INTO "times" VALUES ( 19727, 15560, '14:28:00', '14:28:00', 50 );
INSERT INTO "times" VALUES ( 19727, 15570, '14:25:00', '14:25:00', 50 );

INSERT INTO "dias" VALUES ( 19728, 100, FALSE, TRUE, 'V1406C', 15510, 12780 );
INSERT INTO "dias_line_groups" VALUES ( 19728, 30 );
INSERT INTO "times" VALUES ( 19728, 12780, '14:46:00', NULL, NULL );
INSERT INTO "times" VALUES ( 19728, 15510, NULL, '14:32:00', 50 );
INSERT INTO "times" VALUES ( 19728, 15520, '14:33:00', '14:33:00', 50 );
INSERT INTO "times" VALUES ( 19728, 15530, '14:35:00', '14:35:00', 50 );
INSERT INTO "times" VALUES ( 19728, 15540, '14:38:00', '14:38:00', 50 );
INSERT INTO "times" VALUES ( 19728, 15550, '14:40:00', '14:40:00', 50 );
INSERT INTO "times" VALUES ( 19728, 15560, '14:41:00', '14:41:00', 50 );
INSERT INTO "times" VALUES ( 19728, 15570, '14:44:00', '14:44:00', 50 );

INSERT INTO "dias" VALUES ( 19729, 100, FALSE, TRUE, 'V1407U', 12780, 15510 );
INSERT INTO "dias_line_groups" VALUES ( 19729, 30 );
INSERT INTO "times" VALUES ( 19729, 12780, NULL, '14:33:00', 50 );
INSERT INTO "times" VALUES ( 19729, 15510, '14:48:00', NULL, NULL );
INSERT INTO "times" VALUES ( 19729, 15520, '14:46:00', '14:46:00', 50 );
INSERT INTO "times" VALUES ( 19729, 15530, '14:44:00', '14:44:00', 50 );
INSERT INTO "times" VALUES ( 19729, 15540, '14:41:00', '14:41:00', 50 );
INSERT INTO "times" VALUES ( 19729, 15550, '14:40:00', '14:40:00', 50 );
INSERT INTO "times" VALUES ( 19729, 15560, '14:38:00', '14:38:00', 50 );
INSERT INTO "times" VALUES ( 19729, 15570, '14:35:00', '14:35:00', 50 );

INSERT INTO "dias" VALUES ( 19730, 100, FALSE, TRUE, 'V1408C', 15510, 12780 );
INSERT INTO "dias_line_groups" VALUES ( 19730, 30 );
INSERT INTO "times" VALUES ( 19730, 12780, '14:56:00', NULL, NULL );
INSERT INTO "times" VALUES ( 19730, 15510, NULL, '14:42:00', 50 );
INSERT INTO "times" VALUES ( 19730, 15520, '14:43:00', '14:43:00', 50 );
INSERT INTO "times" VALUES ( 19730, 15530, '14:45:00', '14:45:00', 50 );
INSERT INTO "times" VALUES ( 19730, 15540, '14:48:00', '14:48:00', 50 );
INSERT INTO "times" VALUES ( 19730, 15550, '14:50:00', '14:50:00', 50 );
INSERT INTO "times" VALUES ( 19730, 15560, '14:51:00', '14:51:00', 50 );
INSERT INTO "times" VALUES ( 19730, 15570, '14:54:00', '14:54:00', 50 );

INSERT INTO "dias" VALUES ( 19731, 100, FALSE, TRUE, 'V1409U', 12780, 15510 );
INSERT INTO "dias_line_groups" VALUES ( 19731, 30 );
INSERT INTO "times" VALUES ( 19731, 12780, NULL, '14:43:00', 50 );
INSERT INTO "times" VALUES ( 19731, 15510, '14:58:00', NULL, NULL );
INSERT INTO "times" VALUES ( 19731, 15520, '14:56:00', '14:56:00', 50 );
INSERT INTO "times" VALUES ( 19731, 15530, '14:54:00', '14:54:00', 50 );
INSERT INTO "times" VALUES ( 19731, 15540, '14:51:00', '14:51:00', 50 );
INSERT INTO "times" VALUES ( 19731, 15550, '14:50:00', '14:50:00', 50 );
INSERT INTO "times" VALUES ( 19731, 15560, '14:48:00', '14:48:00', 50 );
INSERT INTO "times" VALUES ( 19731, 15570, '14:45:00', '14:45:00', 50 );

INSERT INTO "dias" VALUES ( 19732, 100, FALSE, TRUE, 'V1410C', 15510, 12780 );
INSERT INTO "dias_line_groups" VALUES ( 19732, 30 );
INSERT INTO "times" VALUES ( 19732, 12780, '15:06:00', NULL, NULL );
INSERT INTO "times" VALUES ( 19732, 15510, NULL, '14:52:00', 50 );
INSERT INTO "times" VALUES ( 19732, 15520, '14:53:00', '14:53:00', 50 );
INSERT INTO "times" VALUES ( 19732, 15530, '14:55:00', '14:55:00', 50 );
INSERT INTO "times" VALUES ( 19732, 15540, '14:58:00', '14:58:00', 50 );
INSERT INTO "times" VALUES ( 19732, 15550, '15:00:00', '15:00:00', 50 );
INSERT INTO "times" VALUES ( 19732, 15560, '15:01:00', '15:01:00', 50 );
INSERT INTO "times" VALUES ( 19732, 15570, '15:04:00', '15:04:00', 50 );

INSERT INTO "dias" VALUES ( 19733, 100, FALSE, TRUE, 'V1411U', 12780, 15510 );
INSERT INTO "dias_line_groups" VALUES ( 19733, 30 );
INSERT INTO "times" VALUES ( 19733, 12780, NULL, '14:53:00', 50 );
INSERT INTO "times" VALUES ( 19733, 15510, '15:08:00', NULL, NULL );
INSERT INTO "times" VALUES ( 19733, 15520, '15:06:00', '15:06:00', 50 );
INSERT INTO "times" VALUES ( 19733, 15530, '15:04:00', '15:04:00', 50 );
INSERT INTO "times" VALUES ( 19733, 15540, '15:01:00', '15:01:00', 50 );
INSERT INTO "times" VALUES ( 19733, 15550, '15:00:00', '15:00:00', 50 );
INSERT INTO "times" VALUES ( 19733, 15560, '14:58:00', '14:58:00', 50 );
INSERT INTO "times" VALUES ( 19733, 15570, '14:55:00', '14:55:00', 50 );

INSERT INTO "dias" VALUES ( 19734, 100, FALSE, TRUE, 'V1500C', 15510, 12780 );
INSERT INTO "dias_line_groups" VALUES ( 19734, 30 );
INSERT INTO "times" VALUES ( 19734, 12780, '15:16:00', NULL, NULL );
INSERT INTO "times" VALUES ( 19734, 15510, NULL, '15:02:00', 50 );
INSERT INTO "times" VALUES ( 19734, 15520, '15:03:00', '15:03:00', 50 );
INSERT INTO "times" VALUES ( 19734, 15530, '15:05:00', '15:05:00', 50 );
INSERT INTO "times" VALUES ( 19734, 15540, '15:08:00', '15:08:00', 50 );
INSERT INTO "times" VALUES ( 19734, 15550, '15:10:00', '15:10:00', 50 );
INSERT INTO "times" VALUES ( 19734, 15560, '15:11:00', '15:11:00', 50 );
INSERT INTO "times" VALUES ( 19734, 15570, '15:14:00', '15:14:00', 50 );

INSERT INTO "dias" VALUES ( 19735, 100, FALSE, TRUE, 'V1501U', 12780, 15510 );
INSERT INTO "dias_line_groups" VALUES ( 19735, 30 );
INSERT INTO "times" VALUES ( 19735, 12780, NULL, '15:03:00', 50 );
INSERT INTO "times" VALUES ( 19735, 15510, '15:18:00', NULL, NULL );
INSERT INTO "times" VALUES ( 19735, 15520, '15:16:00', '15:16:00', 50 );
INSERT INTO "times" VALUES ( 19735, 15530, '15:14:00', '15:14:00', 50 );
INSERT INTO "times" VALUES ( 19735, 15540, '15:11:00', '15:11:00', 50 );
INSERT INTO "times" VALUES ( 19735, 15550, '15:10:00', '15:10:00', 50 );
INSERT INTO "times" VALUES ( 19735, 15560, '15:08:00', '15:08:00', 50 );
INSERT INTO "times" VALUES ( 19735, 15570, '15:05:00', '15:05:00', 50 );

INSERT INTO "dias" VALUES ( 19736, 100, FALSE, TRUE, 'V1502C', 15510, 12780 );
INSERT INTO "dias_line_groups" VALUES ( 19736, 30 );
INSERT INTO "times" VALUES ( 19736, 12780, '15:26:00', NULL, NULL );
INSERT INTO "times" VALUES ( 19736, 15510, NULL, '15:12:00', 50 );
INSERT INTO "times" VALUES ( 19736, 15520, '15:13:00', '15:13:00', 50 );
INSERT INTO "times" VALUES ( 19736, 15530, '15:15:00', '15:15:00', 50 );
INSERT INTO "times" VALUES ( 19736, 15540, '15:18:00', '15:18:00', 50 );
INSERT INTO "times" VALUES ( 19736, 15550, '15:20:00', '15:20:00', 50 );
INSERT INTO "times" VALUES ( 19736, 15560, '15:21:00', '15:21:00', 50 );
INSERT INTO "times" VALUES ( 19736, 15570, '15:24:00', '15:24:00', 50 );

INSERT INTO "dias" VALUES ( 19737, 100, FALSE, TRUE, 'V1503U', 12780, 15510 );
INSERT INTO "dias_line_groups" VALUES ( 19737, 30 );
INSERT INTO "times" VALUES ( 19737, 12780, NULL, '15:13:00', 50 );
INSERT INTO "times" VALUES ( 19737, 15510, '15:28:00', NULL, NULL );
INSERT INTO "times" VALUES ( 19737, 15520, '15:26:00', '15:26:00', 50 );
INSERT INTO "times" VALUES ( 19737, 15530, '15:24:00', '15:24:00', 50 );
INSERT INTO "times" VALUES ( 19737, 15540, '15:21:00', '15:21:00', 50 );
INSERT INTO "times" VALUES ( 19737, 15550, '15:20:00', '15:20:00', 50 );
INSERT INTO "times" VALUES ( 19737, 15560, '15:18:00', '15:18:00', 50 );
INSERT INTO "times" VALUES ( 19737, 15570, '15:15:00', '15:15:00', 50 );

INSERT INTO "dias" VALUES ( 19738, 100, FALSE, TRUE, 'V1504C', 15510, 12780 );
INSERT INTO "dias_line_groups" VALUES ( 19738, 30 );
INSERT INTO "times" VALUES ( 19738, 12780, '15:36:00', NULL, NULL );
INSERT INTO "times" VALUES ( 19738, 15510, NULL, '15:22:00', 50 );
INSERT INTO "times" VALUES ( 19738, 15520, '15:23:00', '15:23:00', 50 );
INSERT INTO "times" VALUES ( 19738, 15530, '15:25:00', '15:25:00', 50 );
INSERT INTO "times" VALUES ( 19738, 15540, '15:28:00', '15:28:00', 50 );
INSERT INTO "times" VALUES ( 19738, 15550, '15:30:00', '15:30:00', 50 );
INSERT INTO "times" VALUES ( 19738, 15560, '15:31:00', '15:31:00', 50 );
INSERT INTO "times" VALUES ( 19738, 15570, '15:34:00', '15:34:00', 50 );

INSERT INTO "dias" VALUES ( 19739, 100, FALSE, TRUE, 'V1505U', 12780, 15510 );
INSERT INTO "dias_line_groups" VALUES ( 19739, 30 );
INSERT INTO "times" VALUES ( 19739, 12780, NULL, '15:23:00', 50 );
INSERT INTO "times" VALUES ( 19739, 15510, '15:38:00', NULL, NULL );
INSERT INTO "times" VALUES ( 19739, 15520, '15:36:00', '15:36:00', 50 );
INSERT INTO "times" VALUES ( 19739, 15530, '15:34:00', '15:34:00', 50 );
INSERT INTO "times" VALUES ( 19739, 15540, '15:31:00', '15:31:00', 50 );
INSERT INTO "times" VALUES ( 19739, 15550, '15:30:00', '15:30:00', 50 );
INSERT INTO "times" VALUES ( 19739, 15560, '15:28:00', '15:28:00', 50 );
INSERT INTO "times" VALUES ( 19739, 15570, '15:25:00', '15:25:00', 50 );

INSERT INTO "dias" VALUES ( 19740, 100, FALSE, TRUE, 'V1506C', 15510, 12780 );
INSERT INTO "dias_line_groups" VALUES ( 19740, 30 );
INSERT INTO "times" VALUES ( 19740, 12780, '15:46:00', NULL, NULL );
INSERT INTO "times" VALUES ( 19740, 15510, NULL, '15:32:00', 50 );
INSERT INTO "times" VALUES ( 19740, 15520, '15:33:00', '15:33:00', 50 );
INSERT INTO "times" VALUES ( 19740, 15530, '15:35:00', '15:35:00', 50 );
INSERT INTO "times" VALUES ( 19740, 15540, '15:38:00', '15:38:00', 50 );
INSERT INTO "times" VALUES ( 19740, 15550, '15:40:00', '15:40:00', 50 );
INSERT INTO "times" VALUES ( 19740, 15560, '15:41:00', '15:41:00', 50 );
INSERT INTO "times" VALUES ( 19740, 15570, '15:44:00', '15:44:00', 50 );

INSERT INTO "dias" VALUES ( 19741, 100, FALSE, TRUE, 'V1507U', 12780, 15510 );
INSERT INTO "dias_line_groups" VALUES ( 19741, 30 );
INSERT INTO "times" VALUES ( 19741, 12780, NULL, '15:33:00', 50 );
INSERT INTO "times" VALUES ( 19741, 15510, '15:48:00', NULL, NULL );
INSERT INTO "times" VALUES ( 19741, 15520, '15:46:00', '15:46:00', 50 );
INSERT INTO "times" VALUES ( 19741, 15530, '15:44:00', '15:44:00', 50 );
INSERT INTO "times" VALUES ( 19741, 15540, '15:41:00', '15:41:00', 50 );
INSERT INTO "times" VALUES ( 19741, 15550, '15:40:00', '15:40:00', 50 );
INSERT INTO "times" VALUES ( 19741, 15560, '15:38:00', '15:38:00', 50 );
INSERT INTO "times" VALUES ( 19741, 15570, '15:35:00', '15:35:00', 50 );

INSERT INTO "dias" VALUES ( 19742, 100, FALSE, TRUE, 'V1508C', 15510, 12780 );
INSERT INTO "dias_line_groups" VALUES ( 19742, 30 );
INSERT INTO "times" VALUES ( 19742, 12780, '15:56:00', NULL, NULL );
INSERT INTO "times" VALUES ( 19742, 15510, NULL, '15:42:00', 50 );
INSERT INTO "times" VALUES ( 19742, 15520, '15:43:00', '15:43:00', 50 );
INSERT INTO "times" VALUES ( 19742, 15530, '15:45:00', '15:45:00', 50 );
INSERT INTO "times" VALUES ( 19742, 15540, '15:48:00', '15:48:00', 50 );
INSERT INTO "times" VALUES ( 19742, 15550, '15:50:00', '15:50:00', 50 );
INSERT INTO "times" VALUES ( 19742, 15560, '15:51:00', '15:51:00', 50 );
INSERT INTO "times" VALUES ( 19742, 15570, '15:54:00', '15:54:00', 50 );

INSERT INTO "dias" VALUES ( 19743, 100, FALSE, TRUE, 'V1509U', 12780, 15510 );
INSERT INTO "dias_line_groups" VALUES ( 19743, 30 );
INSERT INTO "times" VALUES ( 19743, 12780, NULL, '15:43:00', 50 );
INSERT INTO "times" VALUES ( 19743, 15510, '15:57:00', NULL, NULL );
INSERT INTO "times" VALUES ( 19743, 15520, '15:56:00', '15:56:00', 50 );
INSERT INTO "times" VALUES ( 19743, 15530, '15:53:00', '15:53:00', 50 );
INSERT INTO "times" VALUES ( 19743, 15540, '15:51:00', '15:51:00', 50 );
INSERT INTO "times" VALUES ( 19743, 15550, '15:49:00', '15:49:00', 50 );
INSERT INTO "times" VALUES ( 19743, 15560, '15:47:00', '15:47:00', 50 );
INSERT INTO "times" VALUES ( 19743, 15570, '15:45:00', '15:45:00', 50 );

INSERT INTO "dias" VALUES ( 19744, 100, FALSE, TRUE, 'V1510C', 15510, 12780 );
INSERT INTO "dias_line_groups" VALUES ( 19744, 30 );
INSERT INTO "times" VALUES ( 19744, 12780, '16:06:00', NULL, NULL );
INSERT INTO "times" VALUES ( 19744, 15510, NULL, '15:52:00', 50 );
INSERT INTO "times" VALUES ( 19744, 15520, '15:53:00', '15:53:00', 50 );
INSERT INTO "times" VALUES ( 19744, 15530, '15:55:00', '15:55:00', 50 );
INSERT INTO "times" VALUES ( 19744, 15540, '15:58:00', '15:58:00', 50 );
INSERT INTO "times" VALUES ( 19744, 15550, '16:00:00', '16:00:00', 50 );
INSERT INTO "times" VALUES ( 19744, 15560, '16:01:00', '16:01:00', 50 );
INSERT INTO "times" VALUES ( 19744, 15570, '16:04:00', '16:04:00', 50 );

INSERT INTO "dias" VALUES ( 19745, 100, FALSE, TRUE, 'V1511U', 12780, 15510 );
INSERT INTO "dias_line_groups" VALUES ( 19745, 30 );
INSERT INTO "times" VALUES ( 19745, 12780, NULL, '15:53:00', 50 );
INSERT INTO "times" VALUES ( 19745, 15510, '16:07:00', NULL, NULL );
INSERT INTO "times" VALUES ( 19745, 15520, '16:06:00', '16:06:00', 50 );
INSERT INTO "times" VALUES ( 19745, 15530, '16:03:00', '16:03:00', 50 );
INSERT INTO "times" VALUES ( 19745, 15540, '16:01:00', '16:01:00', 50 );
INSERT INTO "times" VALUES ( 19745, 15550, '15:59:00', '15:59:00', 50 );
INSERT INTO "times" VALUES ( 19745, 15560, '15:57:00', '15:57:00', 50 );
INSERT INTO "times" VALUES ( 19745, 15570, '15:55:00', '15:55:00', 50 );

INSERT INTO "dias" VALUES ( 19746, 100, FALSE, TRUE, 'V1600C', 15510, 12780 );
INSERT INTO "dias_line_groups" VALUES ( 19746, 30 );
INSERT INTO "times" VALUES ( 19746, 12780, '16:16:00', NULL, NULL );
INSERT INTO "times" VALUES ( 19746, 15510, NULL, '16:02:00', 50 );
INSERT INTO "times" VALUES ( 19746, 15520, '16:03:00', '16:03:00', 50 );
INSERT INTO "times" VALUES ( 19746, 15530, '16:05:00', '16:05:00', 50 );
INSERT INTO "times" VALUES ( 19746, 15540, '16:08:00', '16:08:00', 50 );
INSERT INTO "times" VALUES ( 19746, 15550, '16:10:00', '16:10:00', 50 );
INSERT INTO "times" VALUES ( 19746, 15560, '16:11:00', '16:11:00', 50 );
INSERT INTO "times" VALUES ( 19746, 15570, '16:14:00', '16:14:00', 50 );

INSERT INTO "dias" VALUES ( 19747, 100, FALSE, TRUE, 'V1601U', 12780, 15510 );
INSERT INTO "dias_line_groups" VALUES ( 19747, 30 );
INSERT INTO "times" VALUES ( 19747, 12780, NULL, '16:04:00', 50 );
INSERT INTO "times" VALUES ( 19747, 15510, '16:19:00', NULL, NULL );
INSERT INTO "times" VALUES ( 19747, 15520, '16:17:00', '16:17:00', 50 );
INSERT INTO "times" VALUES ( 19747, 15530, '16:14:00', '16:14:00', 50 );
INSERT INTO "times" VALUES ( 19747, 15540, '16:12:00', '16:12:00', 50 );
INSERT INTO "times" VALUES ( 19747, 15550, '16:10:00', '16:10:00', 50 );
INSERT INTO "times" VALUES ( 19747, 15560, '16:08:00', '16:08:00', 50 );
INSERT INTO "times" VALUES ( 19747, 15570, '16:06:00', '16:06:00', 50 );

INSERT INTO "dias" VALUES ( 19748, 100, FALSE, TRUE, 'V1602C', 15510, 12780 );
INSERT INTO "dias_line_groups" VALUES ( 19748, 30 );
INSERT INTO "times" VALUES ( 19748, 12780, '16:26:00', NULL, NULL );
INSERT INTO "times" VALUES ( 19748, 15510, NULL, '16:12:00', 50 );
INSERT INTO "times" VALUES ( 19748, 15520, '16:13:00', '16:13:00', 50 );
INSERT INTO "times" VALUES ( 19748, 15530, '16:15:00', '16:15:00', 50 );
INSERT INTO "times" VALUES ( 19748, 15540, '16:18:00', '16:18:00', 50 );
INSERT INTO "times" VALUES ( 19748, 15550, '16:20:00', '16:20:00', 50 );
INSERT INTO "times" VALUES ( 19748, 15560, '16:21:00', '16:21:00', 50 );
INSERT INTO "times" VALUES ( 19748, 15570, '16:24:00', '16:24:00', 50 );

INSERT INTO "dias" VALUES ( 19749, 100, FALSE, TRUE, 'V1603U', 12780, 15510 );
INSERT INTO "dias_line_groups" VALUES ( 19749, 30 );
INSERT INTO "times" VALUES ( 19749, 12780, NULL, '16:13:00', 50 );
INSERT INTO "times" VALUES ( 19749, 15510, '16:27:00', NULL, NULL );
INSERT INTO "times" VALUES ( 19749, 15520, '16:26:00', '16:26:00', 50 );
INSERT INTO "times" VALUES ( 19749, 15530, '16:23:00', '16:23:00', 50 );
INSERT INTO "times" VALUES ( 19749, 15540, '16:21:00', '16:21:00', 50 );
INSERT INTO "times" VALUES ( 19749, 15550, '16:19:00', '16:19:00', 50 );
INSERT INTO "times" VALUES ( 19749, 15560, '16:17:00', '16:17:00', 50 );
INSERT INTO "times" VALUES ( 19749, 15570, '16:15:00', '16:15:00', 50 );

INSERT INTO "dias" VALUES ( 19750, 100, FALSE, TRUE, 'V1604C', 15510, 12780 );
INSERT INTO "dias_line_groups" VALUES ( 19750, 30 );
INSERT INTO "times" VALUES ( 19750, 12780, '16:36:00', NULL, NULL );
INSERT INTO "times" VALUES ( 19750, 15510, NULL, '16:22:00', 50 );
INSERT INTO "times" VALUES ( 19750, 15520, '16:23:00', '16:23:00', 50 );
INSERT INTO "times" VALUES ( 19750, 15530, '16:25:00', '16:25:00', 50 );
INSERT INTO "times" VALUES ( 19750, 15540, '16:28:00', '16:28:00', 50 );
INSERT INTO "times" VALUES ( 19750, 15550, '16:30:00', '16:30:00', 50 );
INSERT INTO "times" VALUES ( 19750, 15560, '16:31:00', '16:31:00', 50 );
INSERT INTO "times" VALUES ( 19750, 15570, '16:34:00', '16:34:00', 50 );

INSERT INTO "dias" VALUES ( 19751, 100, FALSE, TRUE, 'V1605U', 12780, 15510 );
INSERT INTO "dias_line_groups" VALUES ( 19751, 30 );
INSERT INTO "times" VALUES ( 19751, 12780, NULL, '16:23:00', 50 );
INSERT INTO "times" VALUES ( 19751, 15510, '16:37:00', NULL, NULL );
INSERT INTO "times" VALUES ( 19751, 15520, '16:36:00', '16:36:00', 50 );
INSERT INTO "times" VALUES ( 19751, 15530, '16:33:00', '16:33:00', 50 );
INSERT INTO "times" VALUES ( 19751, 15540, '16:31:00', '16:31:00', 50 );
INSERT INTO "times" VALUES ( 19751, 15550, '16:29:00', '16:29:00', 50 );
INSERT INTO "times" VALUES ( 19751, 15560, '16:27:00', '16:27:00', 50 );
INSERT INTO "times" VALUES ( 19751, 15570, '16:25:00', '16:25:00', 50 );

INSERT INTO "dias" VALUES ( 19752, 100, FALSE, TRUE, 'V1606C', 15510, 12780 );
INSERT INTO "dias_line_groups" VALUES ( 19752, 30 );
INSERT INTO "times" VALUES ( 19752, 12780, '16:46:00', NULL, NULL );
INSERT INTO "times" VALUES ( 19752, 15510, NULL, '16:32:00', 50 );
INSERT INTO "times" VALUES ( 19752, 15520, '16:33:00', '16:33:00', 50 );
INSERT INTO "times" VALUES ( 19752, 15530, '16:35:00', '16:35:00', 50 );
INSERT INTO "times" VALUES ( 19752, 15540, '16:38:00', '16:38:00', 50 );
INSERT INTO "times" VALUES ( 19752, 15550, '16:40:00', '16:40:00', 50 );
INSERT INTO "times" VALUES ( 19752, 15560, '16:41:00', '16:41:00', 50 );
INSERT INTO "times" VALUES ( 19752, 15570, '16:44:00', '16:44:00', 50 );

INSERT INTO "dias" VALUES ( 19753, 100, FALSE, TRUE, 'V1607U', 12780, 15510 );
INSERT INTO "dias_line_groups" VALUES ( 19753, 30 );
INSERT INTO "times" VALUES ( 19753, 12780, NULL, '16:34:00', 50 );
INSERT INTO "times" VALUES ( 19753, 15510, '16:49:00', NULL, NULL );
INSERT INTO "times" VALUES ( 19753, 15520, '16:47:00', '16:47:00', 50 );
INSERT INTO "times" VALUES ( 19753, 15530, '16:44:00', '16:44:00', 50 );
INSERT INTO "times" VALUES ( 19753, 15540, '16:42:00', '16:42:00', 50 );
INSERT INTO "times" VALUES ( 19753, 15550, '16:40:00', '16:40:00', 50 );
INSERT INTO "times" VALUES ( 19753, 15560, '16:38:00', '16:38:00', 50 );
INSERT INTO "times" VALUES ( 19753, 15570, '16:36:00', '16:36:00', 50 );

INSERT INTO "dias" VALUES ( 19754, 100, FALSE, TRUE, 'V1608C', 15510, 12780 );
INSERT INTO "dias_line_groups" VALUES ( 19754, 30 );
INSERT INTO "times" VALUES ( 19754, 12780, '16:56:00', NULL, NULL );
INSERT INTO "times" VALUES ( 19754, 15510, NULL, '16:42:00', 50 );
INSERT INTO "times" VALUES ( 19754, 15520, '16:43:00', '16:43:00', 50 );
INSERT INTO "times" VALUES ( 19754, 15530, '16:45:00', '16:45:00', 50 );
INSERT INTO "times" VALUES ( 19754, 15540, '16:48:00', '16:48:00', 50 );
INSERT INTO "times" VALUES ( 19754, 15550, '16:50:00', '16:50:00', 50 );
INSERT INTO "times" VALUES ( 19754, 15560, '16:51:00', '16:51:00', 50 );
INSERT INTO "times" VALUES ( 19754, 15570, '16:54:00', '16:54:00', 50 );

INSERT INTO "dias" VALUES ( 19755, 100, FALSE, TRUE, 'V1609U', 12780, 15510 );
INSERT INTO "dias_line_groups" VALUES ( 19755, 30 );
INSERT INTO "times" VALUES ( 19755, 12780, NULL, '16:43:00', 50 );
INSERT INTO "times" VALUES ( 19755, 15510, '16:57:00', NULL, NULL );
INSERT INTO "times" VALUES ( 19755, 15520, '16:56:00', '16:56:00', 50 );
INSERT INTO "times" VALUES ( 19755, 15530, '16:53:00', '16:53:00', 50 );
INSERT INTO "times" VALUES ( 19755, 15540, '16:51:00', '16:51:00', 50 );
INSERT INTO "times" VALUES ( 19755, 15550, '16:49:00', '16:49:00', 50 );
INSERT INTO "times" VALUES ( 19755, 15560, '16:47:00', '16:47:00', 50 );
INSERT INTO "times" VALUES ( 19755, 15570, '16:45:00', '16:45:00', 50 );

INSERT INTO "dias" VALUES ( 19756, 100, FALSE, TRUE, 'V1610C', 15510, 12780 );
INSERT INTO "dias_line_groups" VALUES ( 19756, 30 );
INSERT INTO "times" VALUES ( 19756, 12780, '17:06:00', NULL, NULL );
INSERT INTO "times" VALUES ( 19756, 15510, NULL, '16:52:00', 50 );
INSERT INTO "times" VALUES ( 19756, 15520, '16:53:00', '16:53:00', 50 );
INSERT INTO "times" VALUES ( 19756, 15530, '16:55:00', '16:55:00', 50 );
INSERT INTO "times" VALUES ( 19756, 15540, '16:58:00', '16:58:00', 50 );
INSERT INTO "times" VALUES ( 19756, 15550, '17:00:00', '17:00:00', 50 );
INSERT INTO "times" VALUES ( 19756, 15560, '17:01:00', '17:01:00', 50 );
INSERT INTO "times" VALUES ( 19756, 15570, '17:04:00', '17:04:00', 50 );

INSERT INTO "dias" VALUES ( 19757, 100, FALSE, TRUE, 'V1611U', 12780, 15510 );
INSERT INTO "dias_line_groups" VALUES ( 19757, 30 );
INSERT INTO "times" VALUES ( 19757, 12780, NULL, '16:53:00', 50 );
INSERT INTO "times" VALUES ( 19757, 15510, '17:07:00', NULL, NULL );
INSERT INTO "times" VALUES ( 19757, 15520, '17:06:00', '17:06:00', 50 );
INSERT INTO "times" VALUES ( 19757, 15530, '17:03:00', '17:03:00', 50 );
INSERT INTO "times" VALUES ( 19757, 15540, '17:01:00', '17:01:00', 50 );
INSERT INTO "times" VALUES ( 19757, 15550, '16:59:00', '16:59:00', 50 );
INSERT INTO "times" VALUES ( 19757, 15560, '16:57:00', '16:57:00', 50 );
INSERT INTO "times" VALUES ( 19757, 15570, '16:55:00', '16:55:00', 50 );

INSERT INTO "dias" VALUES ( 19758, 100, FALSE, TRUE, 'V1700C', 15510, 12780 );
INSERT INTO "dias_line_groups" VALUES ( 19758, 30 );
INSERT INTO "times" VALUES ( 19758, 12780, '17:16:00', NULL, NULL );
INSERT INTO "times" VALUES ( 19758, 15510, NULL, '17:02:00', 50 );
INSERT INTO "times" VALUES ( 19758, 15520, '17:03:00', '17:03:00', 50 );
INSERT INTO "times" VALUES ( 19758, 15530, '17:05:00', '17:05:00', 50 );
INSERT INTO "times" VALUES ( 19758, 15540, '17:08:00', '17:08:00', 50 );
INSERT INTO "times" VALUES ( 19758, 15550, '17:10:00', '17:10:00', 50 );
INSERT INTO "times" VALUES ( 19758, 15560, '17:11:00', '17:11:00', 50 );
INSERT INTO "times" VALUES ( 19758, 15570, '17:14:00', '17:14:00', 50 );

INSERT INTO "dias" VALUES ( 19759, 100, FALSE, TRUE, 'V1701U', 12780, 15510 );
INSERT INTO "dias_line_groups" VALUES ( 19759, 30 );
INSERT INTO "times" VALUES ( 19759, 12780, NULL, '17:04:00', 50 );
INSERT INTO "times" VALUES ( 19759, 15510, '17:19:00', NULL, NULL );
INSERT INTO "times" VALUES ( 19759, 15520, '17:17:00', '17:17:00', 50 );
INSERT INTO "times" VALUES ( 19759, 15530, '17:14:00', '17:14:00', 50 );
INSERT INTO "times" VALUES ( 19759, 15540, '17:12:00', '17:12:00', 50 );
INSERT INTO "times" VALUES ( 19759, 15550, '17:10:00', '17:10:00', 50 );
INSERT INTO "times" VALUES ( 19759, 15560, '17:08:00', '17:08:00', 50 );
INSERT INTO "times" VALUES ( 19759, 15570, '17:06:00', '17:06:00', 50 );

INSERT INTO "dias" VALUES ( 19760, 100, FALSE, TRUE, 'V1702C', 15510, 12780 );
INSERT INTO "dias_line_groups" VALUES ( 19760, 30 );
INSERT INTO "times" VALUES ( 19760, 12780, '17:26:00', NULL, NULL );
INSERT INTO "times" VALUES ( 19760, 15510, NULL, '17:12:00', 50 );
INSERT INTO "times" VALUES ( 19760, 15520, '17:13:00', '17:13:00', 50 );
INSERT INTO "times" VALUES ( 19760, 15530, '17:15:00', '17:15:00', 50 );
INSERT INTO "times" VALUES ( 19760, 15540, '17:18:00', '17:18:00', 50 );
INSERT INTO "times" VALUES ( 19760, 15550, '17:20:00', '17:20:00', 50 );
INSERT INTO "times" VALUES ( 19760, 15560, '17:21:00', '17:21:00', 50 );
INSERT INTO "times" VALUES ( 19760, 15570, '17:24:00', '17:24:00', 50 );

INSERT INTO "dias" VALUES ( 19761, 100, FALSE, TRUE, 'V1703U', 12780, 15510 );
INSERT INTO "dias_line_groups" VALUES ( 19761, 30 );
INSERT INTO "times" VALUES ( 19761, 12780, NULL, '17:13:00', 50 );
INSERT INTO "times" VALUES ( 19761, 15510, '17:27:00', NULL, NULL );
INSERT INTO "times" VALUES ( 19761, 15520, '17:26:00', '17:26:00', 50 );
INSERT INTO "times" VALUES ( 19761, 15530, '17:23:00', '17:23:00', 50 );
INSERT INTO "times" VALUES ( 19761, 15540, '17:21:00', '17:21:00', 50 );
INSERT INTO "times" VALUES ( 19761, 15550, '17:19:00', '17:19:00', 50 );
INSERT INTO "times" VALUES ( 19761, 15560, '17:17:00', '17:17:00', 50 );
INSERT INTO "times" VALUES ( 19761, 15570, '17:15:00', '17:15:00', 50 );

INSERT INTO "dias" VALUES ( 19762, 100, FALSE, TRUE, 'V1704C', 15510, 12780 );
INSERT INTO "dias_line_groups" VALUES ( 19762, 30 );
INSERT INTO "times" VALUES ( 19762, 12780, '17:36:00', NULL, NULL );
INSERT INTO "times" VALUES ( 19762, 15510, NULL, '17:22:00', 50 );
INSERT INTO "times" VALUES ( 19762, 15520, '17:23:00', '17:23:00', 50 );
INSERT INTO "times" VALUES ( 19762, 15530, '17:25:00', '17:25:00', 50 );
INSERT INTO "times" VALUES ( 19762, 15540, '17:28:00', '17:28:00', 50 );
INSERT INTO "times" VALUES ( 19762, 15550, '17:30:00', '17:30:00', 50 );
INSERT INTO "times" VALUES ( 19762, 15560, '17:31:00', '17:31:00', 50 );
INSERT INTO "times" VALUES ( 19762, 15570, '17:34:00', '17:34:00', 50 );

INSERT INTO "dias" VALUES ( 19763, 100, FALSE, TRUE, 'V1705U', 12780, 15510 );
INSERT INTO "dias_line_groups" VALUES ( 19763, 30 );
INSERT INTO "times" VALUES ( 19763, 12780, NULL, '17:23:00', 50 );
INSERT INTO "times" VALUES ( 19763, 15510, '17:37:00', NULL, NULL );
INSERT INTO "times" VALUES ( 19763, 15520, '17:36:00', '17:36:00', 50 );
INSERT INTO "times" VALUES ( 19763, 15530, '17:33:00', '17:33:00', 50 );
INSERT INTO "times" VALUES ( 19763, 15540, '17:31:00', '17:31:00', 50 );
INSERT INTO "times" VALUES ( 19763, 15550, '17:29:00', '17:29:00', 50 );
INSERT INTO "times" VALUES ( 19763, 15560, '17:27:00', '17:27:00', 50 );
INSERT INTO "times" VALUES ( 19763, 15570, '17:25:00', '17:25:00', 50 );

INSERT INTO "dias" VALUES ( 19764, 100, FALSE, TRUE, 'V1706C', 15510, 12780 );
INSERT INTO "dias_line_groups" VALUES ( 19764, 30 );
INSERT INTO "times" VALUES ( 19764, 12780, '17:46:00', NULL, NULL );
INSERT INTO "times" VALUES ( 19764, 15510, NULL, '17:32:00', 50 );
INSERT INTO "times" VALUES ( 19764, 15520, '17:33:00', '17:33:00', 50 );
INSERT INTO "times" VALUES ( 19764, 15530, '17:35:00', '17:35:00', 50 );
INSERT INTO "times" VALUES ( 19764, 15540, '17:38:00', '17:38:00', 50 );
INSERT INTO "times" VALUES ( 19764, 15550, '17:40:00', '17:40:00', 50 );
INSERT INTO "times" VALUES ( 19764, 15560, '17:41:00', '17:41:00', 50 );
INSERT INTO "times" VALUES ( 19764, 15570, '17:44:00', '17:44:00', 50 );

INSERT INTO "dias" VALUES ( 19765, 100, FALSE, TRUE, 'V1707U', 12780, 15510 );
INSERT INTO "dias_line_groups" VALUES ( 19765, 30 );
INSERT INTO "times" VALUES ( 19765, 12780, NULL, '17:34:00', 50 );
INSERT INTO "times" VALUES ( 19765, 15510, '17:49:00', NULL, NULL );
INSERT INTO "times" VALUES ( 19765, 15520, '17:47:00', '17:47:00', 50 );
INSERT INTO "times" VALUES ( 19765, 15530, '17:44:00', '17:44:00', 50 );
INSERT INTO "times" VALUES ( 19765, 15540, '17:42:00', '17:42:00', 50 );
INSERT INTO "times" VALUES ( 19765, 15550, '17:40:00', '17:40:00', 50 );
INSERT INTO "times" VALUES ( 19765, 15560, '17:38:00', '17:38:00', 50 );
INSERT INTO "times" VALUES ( 19765, 15570, '17:36:00', '17:36:00', 50 );

INSERT INTO "dias" VALUES ( 19766, 100, FALSE, TRUE, 'V1708C', 15510, 12780 );
INSERT INTO "dias_line_groups" VALUES ( 19766, 30 );
INSERT INTO "times" VALUES ( 19766, 12780, '17:56:00', NULL, NULL );
INSERT INTO "times" VALUES ( 19766, 15510, NULL, '17:42:00', 50 );
INSERT INTO "times" VALUES ( 19766, 15520, '17:43:00', '17:43:00', 50 );
INSERT INTO "times" VALUES ( 19766, 15530, '17:45:00', '17:45:00', 50 );
INSERT INTO "times" VALUES ( 19766, 15540, '17:48:00', '17:48:00', 50 );
INSERT INTO "times" VALUES ( 19766, 15550, '17:50:00', '17:50:00', 50 );
INSERT INTO "times" VALUES ( 19766, 15560, '17:51:00', '17:51:00', 50 );
INSERT INTO "times" VALUES ( 19766, 15570, '17:54:00', '17:54:00', 50 );

INSERT INTO "dias" VALUES ( 19767, 100, FALSE, TRUE, 'V1709U', 12780, 15510 );
INSERT INTO "dias_line_groups" VALUES ( 19767, 30 );
INSERT INTO "times" VALUES ( 19767, 12780, NULL, '17:43:00', 50 );
INSERT INTO "times" VALUES ( 19767, 15510, '17:57:00', NULL, NULL );
INSERT INTO "times" VALUES ( 19767, 15520, '17:56:00', '17:56:00', 50 );
INSERT INTO "times" VALUES ( 19767, 15530, '17:53:00', '17:53:00', 50 );
INSERT INTO "times" VALUES ( 19767, 15540, '17:51:00', '17:51:00', 50 );
INSERT INTO "times" VALUES ( 19767, 15550, '17:49:00', '17:49:00', 50 );
INSERT INTO "times" VALUES ( 19767, 15560, '17:47:00', '17:47:00', 50 );
INSERT INTO "times" VALUES ( 19767, 15570, '17:45:00', '17:45:00', 50 );

INSERT INTO "dias" VALUES ( 19768, 100, FALSE, TRUE, 'V1710C', 15510, 12780 );
INSERT INTO "dias_line_groups" VALUES ( 19768, 30 );
INSERT INTO "times" VALUES ( 19768, 12780, '18:06:00', NULL, NULL );
INSERT INTO "times" VALUES ( 19768, 15510, NULL, '17:52:00', 50 );
INSERT INTO "times" VALUES ( 19768, 15520, '17:53:00', '17:53:00', 50 );
INSERT INTO "times" VALUES ( 19768, 15530, '17:55:00', '17:55:00', 50 );
INSERT INTO "times" VALUES ( 19768, 15540, '17:58:00', '17:58:00', 50 );
INSERT INTO "times" VALUES ( 19768, 15550, '18:00:00', '18:00:00', 50 );
INSERT INTO "times" VALUES ( 19768, 15560, '18:01:00', '18:01:00', 50 );
INSERT INTO "times" VALUES ( 19768, 15570, '18:04:00', '18:04:00', 50 );

INSERT INTO "dias" VALUES ( 19769, 100, FALSE, TRUE, 'V1711U', 12780, 15510 );
INSERT INTO "dias_line_groups" VALUES ( 19769, 30 );
INSERT INTO "times" VALUES ( 19769, 12780, NULL, '17:53:00', 50 );
INSERT INTO "times" VALUES ( 19769, 15510, '18:07:00', NULL, NULL );
INSERT INTO "times" VALUES ( 19769, 15520, '18:06:00', '18:06:00', 50 );
INSERT INTO "times" VALUES ( 19769, 15530, '18:03:00', '18:03:00', 50 );
INSERT INTO "times" VALUES ( 19769, 15540, '18:01:00', '18:01:00', 50 );
INSERT INTO "times" VALUES ( 19769, 15550, '17:59:00', '17:59:00', 50 );
INSERT INTO "times" VALUES ( 19769, 15560, '17:57:00', '17:57:00', 50 );
INSERT INTO "times" VALUES ( 19769, 15570, '17:55:00', '17:55:00', 50 );

INSERT INTO "dias" VALUES ( 19770, 100, FALSE, TRUE, 'V1800C', 15510, 12780 );
INSERT INTO "dias_line_groups" VALUES ( 19770, 30 );
INSERT INTO "times" VALUES ( 19770, 12780, '18:16:00', NULL, NULL );
INSERT INTO "times" VALUES ( 19770, 15510, NULL, '18:02:00', 50 );
INSERT INTO "times" VALUES ( 19770, 15520, '18:03:00', '18:03:00', 50 );
INSERT INTO "times" VALUES ( 19770, 15530, '18:05:00', '18:05:00', 50 );
INSERT INTO "times" VALUES ( 19770, 15540, '18:08:00', '18:08:00', 50 );
INSERT INTO "times" VALUES ( 19770, 15550, '18:10:00', '18:10:00', 50 );
INSERT INTO "times" VALUES ( 19770, 15560, '18:11:00', '18:11:00', 50 );
INSERT INTO "times" VALUES ( 19770, 15570, '18:14:00', '18:14:00', 50 );

INSERT INTO "dias" VALUES ( 19771, 100, FALSE, TRUE, 'V1801U', 12780, 15510 );
INSERT INTO "dias_line_groups" VALUES ( 19771, 30 );
INSERT INTO "times" VALUES ( 19771, 12780, NULL, '18:04:00', 50 );
INSERT INTO "times" VALUES ( 19771, 15510, '18:19:00', NULL, NULL );
INSERT INTO "times" VALUES ( 19771, 15520, '18:17:00', '18:17:00', 50 );
INSERT INTO "times" VALUES ( 19771, 15530, '18:14:00', '18:14:00', 50 );
INSERT INTO "times" VALUES ( 19771, 15540, '18:12:00', '18:12:00', 50 );
INSERT INTO "times" VALUES ( 19771, 15550, '18:10:00', '18:10:00', 50 );
INSERT INTO "times" VALUES ( 19771, 15560, '18:08:00', '18:08:00', 50 );
INSERT INTO "times" VALUES ( 19771, 15570, '18:06:00', '18:06:00', 50 );

INSERT INTO "dias" VALUES ( 19772, 100, FALSE, TRUE, 'V1802C', 15510, 12780 );
INSERT INTO "dias_line_groups" VALUES ( 19772, 30 );
INSERT INTO "times" VALUES ( 19772, 12780, '18:26:00', NULL, NULL );
INSERT INTO "times" VALUES ( 19772, 15510, NULL, '18:12:00', 50 );
INSERT INTO "times" VALUES ( 19772, 15520, '18:13:00', '18:13:00', 50 );
INSERT INTO "times" VALUES ( 19772, 15530, '18:15:00', '18:15:00', 50 );
INSERT INTO "times" VALUES ( 19772, 15540, '18:18:00', '18:18:00', 50 );
INSERT INTO "times" VALUES ( 19772, 15550, '18:20:00', '18:20:00', 50 );
INSERT INTO "times" VALUES ( 19772, 15560, '18:21:00', '18:21:00', 50 );
INSERT INTO "times" VALUES ( 19772, 15570, '18:24:00', '18:24:00', 50 );

INSERT INTO "dias" VALUES ( 19773, 100, FALSE, TRUE, 'V1803U', 12780, 15510 );
INSERT INTO "dias_line_groups" VALUES ( 19773, 30 );
INSERT INTO "times" VALUES ( 19773, 12780, NULL, '18:13:00', 50 );
INSERT INTO "times" VALUES ( 19773, 15510, '18:28:00', NULL, NULL );
INSERT INTO "times" VALUES ( 19773, 15520, '18:26:00', '18:26:00', 50 );
INSERT INTO "times" VALUES ( 19773, 15530, '18:24:00', '18:24:00', 50 );
INSERT INTO "times" VALUES ( 19773, 15540, '18:21:00', '18:21:00', 50 );
INSERT INTO "times" VALUES ( 19773, 15550, '18:20:00', '18:20:00', 50 );
INSERT INTO "times" VALUES ( 19773, 15560, '18:18:00', '18:18:00', 50 );
INSERT INTO "times" VALUES ( 19773, 15570, '18:15:00', '18:15:00', 50 );

INSERT INTO "dias" VALUES ( 19774, 100, FALSE, TRUE, 'V1804C', 15510, 12780 );
INSERT INTO "dias_line_groups" VALUES ( 19774, 30 );
INSERT INTO "times" VALUES ( 19774, 12780, '18:36:00', NULL, NULL );
INSERT INTO "times" VALUES ( 19774, 15510, NULL, '18:22:00', 50 );
INSERT INTO "times" VALUES ( 19774, 15520, '18:23:00', '18:23:00', 50 );
INSERT INTO "times" VALUES ( 19774, 15530, '18:25:00', '18:25:00', 50 );
INSERT INTO "times" VALUES ( 19774, 15540, '18:28:00', '18:28:00', 50 );
INSERT INTO "times" VALUES ( 19774, 15550, '18:30:00', '18:30:00', 50 );
INSERT INTO "times" VALUES ( 19774, 15560, '18:31:00', '18:31:00', 50 );
INSERT INTO "times" VALUES ( 19774, 15570, '18:34:00', '18:34:00', 50 );

INSERT INTO "dias" VALUES ( 19775, 100, FALSE, TRUE, 'V1805U', 12780, 15510 );
INSERT INTO "dias_line_groups" VALUES ( 19775, 30 );
INSERT INTO "times" VALUES ( 19775, 12780, NULL, '18:23:00', 50 );
INSERT INTO "times" VALUES ( 19775, 15510, '18:38:00', NULL, NULL );
INSERT INTO "times" VALUES ( 19775, 15520, '18:36:00', '18:36:00', 50 );
INSERT INTO "times" VALUES ( 19775, 15530, '18:34:00', '18:34:00', 50 );
INSERT INTO "times" VALUES ( 19775, 15540, '18:31:00', '18:31:00', 50 );
INSERT INTO "times" VALUES ( 19775, 15550, '18:30:00', '18:30:00', 50 );
INSERT INTO "times" VALUES ( 19775, 15560, '18:28:00', '18:28:00', 50 );
INSERT INTO "times" VALUES ( 19775, 15570, '18:25:00', '18:25:00', 50 );

INSERT INTO "dias" VALUES ( 19776, 100, FALSE, TRUE, 'V1806C', 15510, 12780 );
INSERT INTO "dias_line_groups" VALUES ( 19776, 30 );
INSERT INTO "times" VALUES ( 19776, 12780, '18:46:00', NULL, NULL );
INSERT INTO "times" VALUES ( 19776, 15510, NULL, '18:32:00', 50 );
INSERT INTO "times" VALUES ( 19776, 15520, '18:33:00', '18:33:00', 50 );
INSERT INTO "times" VALUES ( 19776, 15530, '18:35:00', '18:35:00', 50 );
INSERT INTO "times" VALUES ( 19776, 15540, '18:38:00', '18:38:00', 50 );
INSERT INTO "times" VALUES ( 19776, 15550, '18:40:00', '18:40:00', 50 );
INSERT INTO "times" VALUES ( 19776, 15560, '18:41:00', '18:41:00', 50 );
INSERT INTO "times" VALUES ( 19776, 15570, '18:44:00', '18:44:00', 50 );

INSERT INTO "dias" VALUES ( 19777, 100, FALSE, TRUE, 'V1807U', 12780, 15510 );
INSERT INTO "dias_line_groups" VALUES ( 19777, 30 );
INSERT INTO "times" VALUES ( 19777, 12780, NULL, '18:33:00', 50 );
INSERT INTO "times" VALUES ( 19777, 15510, '18:48:00', NULL, NULL );
INSERT INTO "times" VALUES ( 19777, 15520, '18:46:00', '18:46:00', 50 );
INSERT INTO "times" VALUES ( 19777, 15530, '18:44:00', '18:44:00', 50 );
INSERT INTO "times" VALUES ( 19777, 15540, '18:41:00', '18:41:00', 50 );
INSERT INTO "times" VALUES ( 19777, 15550, '18:40:00', '18:40:00', 50 );
INSERT INTO "times" VALUES ( 19777, 15560, '18:38:00', '18:38:00', 50 );
INSERT INTO "times" VALUES ( 19777, 15570, '18:35:00', '18:35:00', 50 );

INSERT INTO "dias" VALUES ( 19778, 100, FALSE, TRUE, 'V1808C', 15510, 12780 );
INSERT INTO "dias_line_groups" VALUES ( 19778, 30 );
INSERT INTO "times" VALUES ( 19778, 12780, '18:56:00', NULL, NULL );
INSERT INTO "times" VALUES ( 19778, 15510, NULL, '18:42:00', 50 );
INSERT INTO "times" VALUES ( 19778, 15520, '18:43:00', '18:43:00', 50 );
INSERT INTO "times" VALUES ( 19778, 15530, '18:45:00', '18:45:00', 50 );
INSERT INTO "times" VALUES ( 19778, 15540, '18:48:00', '18:48:00', 50 );
INSERT INTO "times" VALUES ( 19778, 15550, '18:50:00', '18:50:00', 50 );
INSERT INTO "times" VALUES ( 19778, 15560, '18:51:00', '18:51:00', 50 );
INSERT INTO "times" VALUES ( 19778, 15570, '18:54:00', '18:54:00', 50 );

INSERT INTO "dias" VALUES ( 19779, 100, FALSE, TRUE, 'V1809U', 12780, 15510 );
INSERT INTO "dias_line_groups" VALUES ( 19779, 30 );
INSERT INTO "times" VALUES ( 19779, 12780, NULL, '18:43:00', 50 );
INSERT INTO "times" VALUES ( 19779, 15510, '18:58:00', NULL, NULL );
INSERT INTO "times" VALUES ( 19779, 15520, '18:56:00', '18:56:00', 50 );
INSERT INTO "times" VALUES ( 19779, 15530, '18:54:00', '18:54:00', 50 );
INSERT INTO "times" VALUES ( 19779, 15540, '18:51:00', '18:51:00', 50 );
INSERT INTO "times" VALUES ( 19779, 15550, '18:50:00', '18:50:00', 50 );
INSERT INTO "times" VALUES ( 19779, 15560, '18:48:00', '18:48:00', 50 );
INSERT INTO "times" VALUES ( 19779, 15570, '18:45:00', '18:45:00', 50 );

INSERT INTO "dias" VALUES ( 19780, 100, FALSE, TRUE, 'V1810C', 15510, 12780 );
INSERT INTO "dias_line_groups" VALUES ( 19780, 30 );
INSERT INTO "times" VALUES ( 19780, 12780, '19:06:00', NULL, NULL );
INSERT INTO "times" VALUES ( 19780, 15510, NULL, '18:52:00', 50 );
INSERT INTO "times" VALUES ( 19780, 15520, '18:53:00', '18:53:00', 50 );
INSERT INTO "times" VALUES ( 19780, 15530, '18:55:00', '18:55:00', 50 );
INSERT INTO "times" VALUES ( 19780, 15540, '18:58:00', '18:58:00', 50 );
INSERT INTO "times" VALUES ( 19780, 15550, '19:00:00', '19:00:00', 50 );
INSERT INTO "times" VALUES ( 19780, 15560, '19:01:00', '19:01:00', 50 );
INSERT INTO "times" VALUES ( 19780, 15570, '19:04:00', '19:04:00', 50 );

INSERT INTO "dias" VALUES ( 19781, 100, FALSE, TRUE, 'V1811U', 12780, 15510 );
INSERT INTO "dias_line_groups" VALUES ( 19781, 30 );
INSERT INTO "times" VALUES ( 19781, 12780, NULL, '18:53:00', 50 );
INSERT INTO "times" VALUES ( 19781, 15510, '19:08:00', NULL, NULL );
INSERT INTO "times" VALUES ( 19781, 15520, '19:06:00', '19:06:00', 50 );
INSERT INTO "times" VALUES ( 19781, 15530, '19:04:00', '19:04:00', 50 );
INSERT INTO "times" VALUES ( 19781, 15540, '19:01:00', '19:01:00', 50 );
INSERT INTO "times" VALUES ( 19781, 15550, '18:59:00', '18:59:00', 50 );
INSERT INTO "times" VALUES ( 19781, 15560, '18:58:00', '18:58:00', 50 );
INSERT INTO "times" VALUES ( 19781, 15570, '18:55:00', '18:55:00', 50 );

INSERT INTO "dias" VALUES ( 19782, 100, FALSE, TRUE, 'V1900C', 15510, 12780 );
INSERT INTO "dias_line_groups" VALUES ( 19782, 30 );
INSERT INTO "times" VALUES ( 19782, 12780, '19:16:00', NULL, NULL );
INSERT INTO "times" VALUES ( 19782, 15510, NULL, '19:02:00', 50 );
INSERT INTO "times" VALUES ( 19782, 15520, '19:03:00', '19:03:00', 50 );
INSERT INTO "times" VALUES ( 19782, 15530, '19:05:00', '19:05:00', 50 );
INSERT INTO "times" VALUES ( 19782, 15540, '19:08:00', '19:08:00', 50 );
INSERT INTO "times" VALUES ( 19782, 15550, '19:10:00', '19:10:00', 50 );
INSERT INTO "times" VALUES ( 19782, 15560, '19:11:00', '19:11:00', 50 );
INSERT INTO "times" VALUES ( 19782, 15570, '19:14:00', '19:14:00', 50 );

INSERT INTO "dias" VALUES ( 19783, 100, FALSE, TRUE, 'V1901U', 12780, 15510 );
INSERT INTO "dias_line_groups" VALUES ( 19783, 30 );
INSERT INTO "times" VALUES ( 19783, 12780, NULL, '19:03:00', 50 );
INSERT INTO "times" VALUES ( 19783, 15510, '19:18:00', NULL, NULL );
INSERT INTO "times" VALUES ( 19783, 15520, '19:16:00', '19:16:00', 50 );
INSERT INTO "times" VALUES ( 19783, 15530, '19:14:00', '19:14:00', 50 );
INSERT INTO "times" VALUES ( 19783, 15540, '19:11:00', '19:11:00', 50 );
INSERT INTO "times" VALUES ( 19783, 15550, '19:09:00', '19:09:00', 50 );
INSERT INTO "times" VALUES ( 19783, 15560, '19:08:00', '19:08:00', 50 );
INSERT INTO "times" VALUES ( 19783, 15570, '19:05:00', '19:05:00', 50 );

INSERT INTO "dias" VALUES ( 19784, 100, FALSE, TRUE, 'V1902C', 15510, 12780 );
INSERT INTO "dias_line_groups" VALUES ( 19784, 30 );
INSERT INTO "times" VALUES ( 19784, 12780, '19:26:00', NULL, NULL );
INSERT INTO "times" VALUES ( 19784, 15510, NULL, '19:12:00', 50 );
INSERT INTO "times" VALUES ( 19784, 15520, '19:13:00', '19:13:00', 50 );
INSERT INTO "times" VALUES ( 19784, 15530, '19:15:00', '19:15:00', 50 );
INSERT INTO "times" VALUES ( 19784, 15540, '19:18:00', '19:18:00', 50 );
INSERT INTO "times" VALUES ( 19784, 15550, '19:20:00', '19:20:00', 50 );
INSERT INTO "times" VALUES ( 19784, 15560, '19:21:00', '19:21:00', 50 );
INSERT INTO "times" VALUES ( 19784, 15570, '19:24:00', '19:24:00', 50 );

INSERT INTO "dias" VALUES ( 19785, 100, FALSE, TRUE, 'V1903U', 12780, 15510 );
INSERT INTO "dias_line_groups" VALUES ( 19785, 30 );
INSERT INTO "times" VALUES ( 19785, 12780, NULL, '19:13:00', 50 );
INSERT INTO "times" VALUES ( 19785, 15510, '19:28:00', NULL, NULL );
INSERT INTO "times" VALUES ( 19785, 15520, '19:26:00', '19:26:00', 50 );
INSERT INTO "times" VALUES ( 19785, 15530, '19:24:00', '19:24:00', 50 );
INSERT INTO "times" VALUES ( 19785, 15540, '19:21:00', '19:21:00', 50 );
INSERT INTO "times" VALUES ( 19785, 15550, '19:19:00', '19:19:00', 50 );
INSERT INTO "times" VALUES ( 19785, 15560, '19:18:00', '19:18:00', 50 );
INSERT INTO "times" VALUES ( 19785, 15570, '19:15:00', '19:15:00', 50 );

INSERT INTO "dias" VALUES ( 19786, 100, FALSE, TRUE, 'V1904C', 15510, 12780 );
INSERT INTO "dias_line_groups" VALUES ( 19786, 30 );
INSERT INTO "times" VALUES ( 19786, 12780, '19:36:00', NULL, NULL );
INSERT INTO "times" VALUES ( 19786, 15510, NULL, '19:22:00', 50 );
INSERT INTO "times" VALUES ( 19786, 15520, '19:23:00', '19:23:00', 50 );
INSERT INTO "times" VALUES ( 19786, 15530, '19:25:00', '19:25:00', 50 );
INSERT INTO "times" VALUES ( 19786, 15540, '19:28:00', '19:28:00', 50 );
INSERT INTO "times" VALUES ( 19786, 15550, '19:30:00', '19:30:00', 50 );
INSERT INTO "times" VALUES ( 19786, 15560, '19:31:00', '19:31:00', 50 );
INSERT INTO "times" VALUES ( 19786, 15570, '19:34:00', '19:34:00', 50 );

INSERT INTO "dias" VALUES ( 19787, 100, FALSE, TRUE, 'V1905U', 12780, 15510 );
INSERT INTO "dias_line_groups" VALUES ( 19787, 30 );
INSERT INTO "times" VALUES ( 19787, 12780, NULL, '19:23:00', 50 );
INSERT INTO "times" VALUES ( 19787, 15510, '19:38:00', NULL, NULL );
INSERT INTO "times" VALUES ( 19787, 15520, '19:36:00', '19:36:00', 50 );
INSERT INTO "times" VALUES ( 19787, 15530, '19:34:00', '19:34:00', 50 );
INSERT INTO "times" VALUES ( 19787, 15540, '19:31:00', '19:31:00', 50 );
INSERT INTO "times" VALUES ( 19787, 15550, '19:29:00', '19:29:00', 50 );
INSERT INTO "times" VALUES ( 19787, 15560, '19:28:00', '19:28:00', 50 );
INSERT INTO "times" VALUES ( 19787, 15570, '19:25:00', '19:25:00', 50 );

INSERT INTO "dias" VALUES ( 19788, 100, FALSE, TRUE, 'V1906C', 15510, 12780 );
INSERT INTO "dias_line_groups" VALUES ( 19788, 30 );
INSERT INTO "times" VALUES ( 19788, 12780, '19:46:00', NULL, NULL );
INSERT INTO "times" VALUES ( 19788, 15510, NULL, '19:32:00', 50 );
INSERT INTO "times" VALUES ( 19788, 15520, '19:33:00', '19:33:00', 50 );
INSERT INTO "times" VALUES ( 19788, 15530, '19:35:00', '19:35:00', 50 );
INSERT INTO "times" VALUES ( 19788, 15540, '19:38:00', '19:38:00', 50 );
INSERT INTO "times" VALUES ( 19788, 15550, '19:40:00', '19:40:00', 50 );
INSERT INTO "times" VALUES ( 19788, 15560, '19:41:00', '19:41:00', 50 );
INSERT INTO "times" VALUES ( 19788, 15570, '19:44:00', '19:44:00', 50 );

INSERT INTO "dias" VALUES ( 19789, 100, FALSE, TRUE, 'V1907U', 12780, 15510 );
INSERT INTO "dias_line_groups" VALUES ( 19789, 30 );
INSERT INTO "times" VALUES ( 19789, 12780, NULL, '19:33:00', 50 );
INSERT INTO "times" VALUES ( 19789, 15510, '19:48:00', NULL, NULL );
INSERT INTO "times" VALUES ( 19789, 15520, '19:46:00', '19:46:00', 50 );
INSERT INTO "times" VALUES ( 19789, 15530, '19:44:00', '19:44:00', 50 );
INSERT INTO "times" VALUES ( 19789, 15540, '19:41:00', '19:41:00', 50 );
INSERT INTO "times" VALUES ( 19789, 15550, '19:39:00', '19:39:00', 50 );
INSERT INTO "times" VALUES ( 19789, 15560, '19:38:00', '19:38:00', 50 );
INSERT INTO "times" VALUES ( 19789, 15570, '19:35:00', '19:35:00', 50 );

INSERT INTO "dias" VALUES ( 19790, 100, FALSE, TRUE, 'V1908C', 15510, 12780 );
INSERT INTO "dias_line_groups" VALUES ( 19790, 30 );
INSERT INTO "times" VALUES ( 19790, 12780, '19:56:00', NULL, NULL );
INSERT INTO "times" VALUES ( 19790, 15510, NULL, '19:42:00', 50 );
INSERT INTO "times" VALUES ( 19790, 15520, '19:43:00', '19:43:00', 50 );
INSERT INTO "times" VALUES ( 19790, 15530, '19:45:00', '19:45:00', 50 );
INSERT INTO "times" VALUES ( 19790, 15540, '19:48:00', '19:48:00', 50 );
INSERT INTO "times" VALUES ( 19790, 15550, '19:50:00', '19:50:00', 50 );
INSERT INTO "times" VALUES ( 19790, 15560, '19:51:00', '19:51:00', 50 );
INSERT INTO "times" VALUES ( 19790, 15570, '19:54:00', '19:54:00', 50 );

INSERT INTO "dias" VALUES ( 19791, 100, FALSE, TRUE, 'V1909U', 12780, 15510 );
INSERT INTO "dias_line_groups" VALUES ( 19791, 30 );
INSERT INTO "times" VALUES ( 19791, 12780, NULL, '19:43:00', 50 );
INSERT INTO "times" VALUES ( 19791, 15510, '19:58:00', NULL, NULL );
INSERT INTO "times" VALUES ( 19791, 15520, '19:56:00', '19:56:00', 50 );
INSERT INTO "times" VALUES ( 19791, 15530, '19:54:00', '19:54:00', 50 );
INSERT INTO "times" VALUES ( 19791, 15540, '19:51:00', '19:51:00', 50 );
INSERT INTO "times" VALUES ( 19791, 15550, '19:49:00', '19:49:00', 50 );
INSERT INTO "times" VALUES ( 19791, 15560, '19:48:00', '19:48:00', 50 );
INSERT INTO "times" VALUES ( 19791, 15570, '19:45:00', '19:45:00', 50 );

INSERT INTO "dias" VALUES ( 19792, 100, FALSE, TRUE, 'V1910C', 15510, 12780 );
INSERT INTO "dias_line_groups" VALUES ( 19792, 30 );
INSERT INTO "times" VALUES ( 19792, 12780, '20:06:00', NULL, NULL );
INSERT INTO "times" VALUES ( 19792, 15510, NULL, '19:52:00', 50 );
INSERT INTO "times" VALUES ( 19792, 15520, '19:53:00', '19:53:00', 50 );
INSERT INTO "times" VALUES ( 19792, 15530, '19:55:00', '19:55:00', 50 );
INSERT INTO "times" VALUES ( 19792, 15540, '19:58:00', '19:58:00', 50 );
INSERT INTO "times" VALUES ( 19792, 15550, '20:00:00', '20:00:00', 50 );
INSERT INTO "times" VALUES ( 19792, 15560, '20:01:00', '20:01:00', 50 );
INSERT INTO "times" VALUES ( 19792, 15570, '20:04:00', '20:04:00', 50 );

INSERT INTO "dias" VALUES ( 19793, 100, FALSE, TRUE, 'V1911U', 12780, 15510 );
INSERT INTO "dias_line_groups" VALUES ( 19793, 30 );
INSERT INTO "times" VALUES ( 19793, 12780, NULL, '19:53:00', 50 );
INSERT INTO "times" VALUES ( 19793, 15510, '20:07:00', NULL, NULL );
INSERT INTO "times" VALUES ( 19793, 15520, '20:06:00', '20:06:00', 50 );
INSERT INTO "times" VALUES ( 19793, 15530, '20:03:00', '20:03:00', 50 );
INSERT INTO "times" VALUES ( 19793, 15540, '20:01:00', '20:01:00', 50 );
INSERT INTO "times" VALUES ( 19793, 15550, '19:59:00', '19:59:00', 50 );
INSERT INTO "times" VALUES ( 19793, 15560, '19:57:00', '19:57:00', 50 );
INSERT INTO "times" VALUES ( 19793, 15570, '19:55:00', '19:55:00', 50 );

INSERT INTO "dias" VALUES ( 19794, 100, FALSE, TRUE, 'V2000C', 15510, 12780 );
INSERT INTO "dias_line_groups" VALUES ( 19794, 30 );
INSERT INTO "times" VALUES ( 19794, 12780, '20:16:00', NULL, NULL );
INSERT INTO "times" VALUES ( 19794, 15510, NULL, '20:02:00', 50 );
INSERT INTO "times" VALUES ( 19794, 15520, '20:03:00', '20:03:00', 50 );
INSERT INTO "times" VALUES ( 19794, 15530, '20:05:00', '20:05:00', 50 );
INSERT INTO "times" VALUES ( 19794, 15540, '20:08:00', '20:08:00', 50 );
INSERT INTO "times" VALUES ( 19794, 15550, '20:10:00', '20:10:00', 50 );
INSERT INTO "times" VALUES ( 19794, 15560, '20:11:00', '20:11:00', 50 );
INSERT INTO "times" VALUES ( 19794, 15570, '20:14:00', '20:14:00', 50 );

INSERT INTO "dias" VALUES ( 19795, 100, FALSE, TRUE, 'V2001U', 12780, 15510 );
INSERT INTO "dias_line_groups" VALUES ( 19795, 30 );
INSERT INTO "times" VALUES ( 19795, 12780, NULL, '20:03:00', 50 );
INSERT INTO "times" VALUES ( 19795, 15510, '20:17:00', NULL, NULL );
INSERT INTO "times" VALUES ( 19795, 15520, '20:16:00', '20:16:00', 50 );
INSERT INTO "times" VALUES ( 19795, 15530, '20:13:00', '20:13:00', 50 );
INSERT INTO "times" VALUES ( 19795, 15540, '20:11:00', '20:11:00', 50 );
INSERT INTO "times" VALUES ( 19795, 15550, '20:09:00', '20:09:00', 50 );
INSERT INTO "times" VALUES ( 19795, 15560, '20:07:00', '20:07:00', 50 );
INSERT INTO "times" VALUES ( 19795, 15570, '20:05:00', '20:05:00', 50 );

INSERT INTO "dias" VALUES ( 19796, 100, FALSE, TRUE, 'V2002C', 15510, 12780 );
INSERT INTO "dias_line_groups" VALUES ( 19796, 30 );
INSERT INTO "times" VALUES ( 19796, 12780, '20:26:00', NULL, NULL );
INSERT INTO "times" VALUES ( 19796, 15510, NULL, '20:12:00', 50 );
INSERT INTO "times" VALUES ( 19796, 15520, '20:13:00', '20:13:00', 50 );
INSERT INTO "times" VALUES ( 19796, 15530, '20:15:00', '20:15:00', 50 );
INSERT INTO "times" VALUES ( 19796, 15540, '20:18:00', '20:18:00', 50 );
INSERT INTO "times" VALUES ( 19796, 15550, '20:20:00', '20:20:00', 50 );
INSERT INTO "times" VALUES ( 19796, 15560, '20:21:00', '20:21:00', 50 );
INSERT INTO "times" VALUES ( 19796, 15570, '20:24:00', '20:24:00', 50 );

INSERT INTO "dias" VALUES ( 19797, 100, FALSE, TRUE, 'V2003U', 12780, 15510 );
INSERT INTO "dias_line_groups" VALUES ( 19797, 30 );
INSERT INTO "times" VALUES ( 19797, 12780, NULL, '20:13:00', 50 );
INSERT INTO "times" VALUES ( 19797, 15510, '20:27:00', NULL, NULL );
INSERT INTO "times" VALUES ( 19797, 15520, '20:26:00', '20:26:00', 50 );
INSERT INTO "times" VALUES ( 19797, 15530, '20:23:00', '20:23:00', 50 );
INSERT INTO "times" VALUES ( 19797, 15540, '20:21:00', '20:21:00', 50 );
INSERT INTO "times" VALUES ( 19797, 15550, '20:19:00', '20:19:00', 50 );
INSERT INTO "times" VALUES ( 19797, 15560, '20:17:00', '20:17:00', 50 );
INSERT INTO "times" VALUES ( 19797, 15570, '20:15:00', '20:15:00', 50 );

INSERT INTO "dias" VALUES ( 19798, 100, FALSE, TRUE, 'V2004C', 15510, 12780 );
INSERT INTO "dias_line_groups" VALUES ( 19798, 30 );
INSERT INTO "times" VALUES ( 19798, 12780, '20:36:00', NULL, NULL );
INSERT INTO "times" VALUES ( 19798, 15510, NULL, '20:22:00', 50 );
INSERT INTO "times" VALUES ( 19798, 15520, '20:23:00', '20:23:00', 50 );
INSERT INTO "times" VALUES ( 19798, 15530, '20:25:00', '20:25:00', 50 );
INSERT INTO "times" VALUES ( 19798, 15540, '20:28:00', '20:28:00', 50 );
INSERT INTO "times" VALUES ( 19798, 15550, '20:30:00', '20:30:00', 50 );
INSERT INTO "times" VALUES ( 19798, 15560, '20:31:00', '20:31:00', 50 );
INSERT INTO "times" VALUES ( 19798, 15570, '20:34:00', '20:34:00', 50 );

INSERT INTO "dias" VALUES ( 19799, 100, FALSE, TRUE, 'V2005U', 12780, 15510 );
INSERT INTO "dias_line_groups" VALUES ( 19799, 30 );
INSERT INTO "times" VALUES ( 19799, 12780, NULL, '20:24:00', 50 );
INSERT INTO "times" VALUES ( 19799, 15510, '20:38:00', NULL, NULL );
INSERT INTO "times" VALUES ( 19799, 15520, '20:37:00', '20:37:00', 50 );
INSERT INTO "times" VALUES ( 19799, 15530, '20:34:00', '20:34:00', 50 );
INSERT INTO "times" VALUES ( 19799, 15540, '20:32:00', '20:32:00', 50 );
INSERT INTO "times" VALUES ( 19799, 15550, '20:30:00', '20:30:00', 50 );
INSERT INTO "times" VALUES ( 19799, 15560, '20:28:00', '20:28:00', 50 );
INSERT INTO "times" VALUES ( 19799, 15570, '20:26:00', '20:26:00', 50 );

INSERT INTO "dias" VALUES ( 19800, 100, FALSE, TRUE, 'V2006C', 15510, 12780 );
INSERT INTO "dias_line_groups" VALUES ( 19800, 30 );
INSERT INTO "times" VALUES ( 19800, 12780, '20:46:00', NULL, NULL );
INSERT INTO "times" VALUES ( 19800, 15510, NULL, '20:32:00', 50 );
INSERT INTO "times" VALUES ( 19800, 15520, '20:33:00', '20:33:00', 50 );
INSERT INTO "times" VALUES ( 19800, 15530, '20:35:00', '20:35:00', 50 );
INSERT INTO "times" VALUES ( 19800, 15540, '20:38:00', '20:38:00', 50 );
INSERT INTO "times" VALUES ( 19800, 15550, '20:40:00', '20:40:00', 50 );
INSERT INTO "times" VALUES ( 19800, 15560, '20:41:00', '20:41:00', 50 );
INSERT INTO "times" VALUES ( 19800, 15570, '20:44:00', '20:44:00', 50 );

INSERT INTO "dias" VALUES ( 19801, 100, FALSE, TRUE, 'V2007U', 12780, 15510 );
INSERT INTO "dias_line_groups" VALUES ( 19801, 30 );
INSERT INTO "times" VALUES ( 19801, 12780, NULL, '20:34:00', 50 );
INSERT INTO "times" VALUES ( 19801, 15510, '20:48:00', NULL, NULL );
INSERT INTO "times" VALUES ( 19801, 15520, '20:47:00', '20:47:00', 50 );
INSERT INTO "times" VALUES ( 19801, 15530, '20:44:00', '20:44:00', 50 );
INSERT INTO "times" VALUES ( 19801, 15540, '20:42:00', '20:42:00', 50 );
INSERT INTO "times" VALUES ( 19801, 15550, '20:40:00', '20:40:00', 50 );
INSERT INTO "times" VALUES ( 19801, 15560, '20:38:00', '20:38:00', 50 );
INSERT INTO "times" VALUES ( 19801, 15570, '20:36:00', '20:36:00', 50 );

INSERT INTO "dias" VALUES ( 19802, 100, FALSE, TRUE, 'V2008C', 15510, 12780 );
INSERT INTO "dias_line_groups" VALUES ( 19802, 30 );
INSERT INTO "times" VALUES ( 19802, 12780, '20:56:00', NULL, NULL );
INSERT INTO "times" VALUES ( 19802, 15510, NULL, '20:42:00', 50 );
INSERT INTO "times" VALUES ( 19802, 15520, '20:43:00', '20:43:00', 50 );
INSERT INTO "times" VALUES ( 19802, 15530, '20:45:00', '20:45:00', 50 );
INSERT INTO "times" VALUES ( 19802, 15540, '20:48:00', '20:48:00', 50 );
INSERT INTO "times" VALUES ( 19802, 15550, '20:50:00', '20:50:00', 50 );
INSERT INTO "times" VALUES ( 19802, 15560, '20:51:00', '20:51:00', 50 );
INSERT INTO "times" VALUES ( 19802, 15570, '20:54:00', '20:54:00', 50 );

INSERT INTO "dias" VALUES ( 19803, 100, FALSE, TRUE, 'V2009U', 12780, 15510 );
INSERT INTO "dias_line_groups" VALUES ( 19803, 30 );
INSERT INTO "times" VALUES ( 19803, 12780, NULL, '20:44:00', 50 );
INSERT INTO "times" VALUES ( 19803, 15510, '20:58:00', NULL, NULL );
INSERT INTO "times" VALUES ( 19803, 15520, '20:57:00', '20:57:00', 50 );
INSERT INTO "times" VALUES ( 19803, 15530, '20:54:00', '20:54:00', 50 );
INSERT INTO "times" VALUES ( 19803, 15540, '20:52:00', '20:52:00', 50 );
INSERT INTO "times" VALUES ( 19803, 15550, '20:50:00', '20:50:00', 50 );
INSERT INTO "times" VALUES ( 19803, 15560, '20:48:00', '20:48:00', 50 );
INSERT INTO "times" VALUES ( 19803, 15570, '20:46:00', '20:46:00', 50 );

INSERT INTO "dias" VALUES ( 19804, 100, FALSE, TRUE, 'V2010C', 15510, 12780 );
INSERT INTO "dias_line_groups" VALUES ( 19804, 30 );
INSERT INTO "times" VALUES ( 19804, 12780, '21:06:00', NULL, NULL );
INSERT INTO "times" VALUES ( 19804, 15510, NULL, '20:52:00', 50 );
INSERT INTO "times" VALUES ( 19804, 15520, '20:53:00', '20:53:00', 50 );
INSERT INTO "times" VALUES ( 19804, 15530, '20:55:00', '20:55:00', 50 );
INSERT INTO "times" VALUES ( 19804, 15540, '20:58:00', '20:58:00', 50 );
INSERT INTO "times" VALUES ( 19804, 15550, '21:00:00', '21:00:00', 50 );
INSERT INTO "times" VALUES ( 19804, 15560, '21:01:00', '21:01:00', 50 );
INSERT INTO "times" VALUES ( 19804, 15570, '21:04:00', '21:04:00', 50 );

INSERT INTO "dias" VALUES ( 19805, 100, FALSE, TRUE, 'V2011U', 12780, 15510 );
INSERT INTO "dias_line_groups" VALUES ( 19805, 30 );
INSERT INTO "times" VALUES ( 19805, 12780, NULL, '20:54:00', 50 );
INSERT INTO "times" VALUES ( 19805, 15510, '21:08:00', NULL, NULL );
INSERT INTO "times" VALUES ( 19805, 15520, '21:07:00', '21:07:00', 50 );
INSERT INTO "times" VALUES ( 19805, 15530, '21:04:00', '21:04:00', 50 );
INSERT INTO "times" VALUES ( 19805, 15540, '21:02:00', '21:02:00', 50 );
INSERT INTO "times" VALUES ( 19805, 15550, '21:00:00', '21:00:00', 50 );
INSERT INTO "times" VALUES ( 19805, 15560, '20:58:00', '20:58:00', 50 );
INSERT INTO "times" VALUES ( 19805, 15570, '20:56:00', '20:56:00', 50 );

INSERT INTO "dias" VALUES ( 19806, 100, FALSE, TRUE, 'V2100C', 15510, 12780 );
INSERT INTO "dias_line_groups" VALUES ( 19806, 30 );
INSERT INTO "times" VALUES ( 19806, 12780, '21:16:00', NULL, NULL );
INSERT INTO "times" VALUES ( 19806, 15510, NULL, '21:02:00', 50 );
INSERT INTO "times" VALUES ( 19806, 15520, '21:03:00', '21:03:00', 50 );
INSERT INTO "times" VALUES ( 19806, 15530, '21:05:00', '21:05:00', 50 );
INSERT INTO "times" VALUES ( 19806, 15540, '21:08:00', '21:08:00', 50 );
INSERT INTO "times" VALUES ( 19806, 15550, '21:10:00', '21:10:00', 50 );
INSERT INTO "times" VALUES ( 19806, 15560, '21:11:00', '21:11:00', 50 );
INSERT INTO "times" VALUES ( 19806, 15570, '21:14:00', '21:14:00', 50 );

INSERT INTO "dias" VALUES ( 19807, 100, FALSE, TRUE, 'V2101U', 12780, 15510 );
INSERT INTO "dias_line_groups" VALUES ( 19807, 30 );
INSERT INTO "times" VALUES ( 19807, 12780, NULL, '21:04:00', 50 );
INSERT INTO "times" VALUES ( 19807, 15510, '21:18:00', NULL, NULL );
INSERT INTO "times" VALUES ( 19807, 15520, '21:17:00', '21:17:00', 50 );
INSERT INTO "times" VALUES ( 19807, 15530, '21:14:00', '21:14:00', 50 );
INSERT INTO "times" VALUES ( 19807, 15540, '21:12:00', '21:12:00', 50 );
INSERT INTO "times" VALUES ( 19807, 15550, '21:10:00', '21:10:00', 50 );
INSERT INTO "times" VALUES ( 19807, 15560, '21:08:00', '21:08:00', 50 );
INSERT INTO "times" VALUES ( 19807, 15570, '21:06:00', '21:06:00', 50 );

INSERT INTO "dias" VALUES ( 19808, 100, FALSE, TRUE, 'V2102C', 15510, 12780 );
INSERT INTO "dias_line_groups" VALUES ( 19808, 30 );
INSERT INTO "times" VALUES ( 19808, 12780, '21:26:00', NULL, NULL );
INSERT INTO "times" VALUES ( 19808, 15510, NULL, '21:12:00', 50 );
INSERT INTO "times" VALUES ( 19808, 15520, '21:13:00', '21:13:00', 50 );
INSERT INTO "times" VALUES ( 19808, 15530, '21:15:00', '21:15:00', 50 );
INSERT INTO "times" VALUES ( 19808, 15540, '21:18:00', '21:18:00', 50 );
INSERT INTO "times" VALUES ( 19808, 15550, '21:20:00', '21:20:00', 50 );
INSERT INTO "times" VALUES ( 19808, 15560, '21:21:00', '21:21:00', 50 );
INSERT INTO "times" VALUES ( 19808, 15570, '21:24:00', '21:24:00', 50 );

INSERT INTO "dias" VALUES ( 19809, 100, FALSE, TRUE, 'V2103U', 12780, 15510 );
INSERT INTO "dias_line_groups" VALUES ( 19809, 30 );
INSERT INTO "times" VALUES ( 19809, 12780, NULL, '21:14:00', 50 );
INSERT INTO "times" VALUES ( 19809, 15510, '21:28:00', NULL, NULL );
INSERT INTO "times" VALUES ( 19809, 15520, '21:27:00', '21:27:00', 50 );
INSERT INTO "times" VALUES ( 19809, 15530, '21:24:00', '21:24:00', 50 );
INSERT INTO "times" VALUES ( 19809, 15540, '21:22:00', '21:22:00', 50 );
INSERT INTO "times" VALUES ( 19809, 15550, '21:20:00', '21:20:00', 50 );
INSERT INTO "times" VALUES ( 19809, 15560, '21:18:00', '21:18:00', 50 );
INSERT INTO "times" VALUES ( 19809, 15570, '21:16:00', '21:16:00', 50 );

INSERT INTO "dias" VALUES ( 19810, 100, FALSE, TRUE, 'V2104C', 15510, 12780 );
INSERT INTO "dias_line_groups" VALUES ( 19810, 30 );
INSERT INTO "times" VALUES ( 19810, 12780, '21:36:00', NULL, NULL );
INSERT INTO "times" VALUES ( 19810, 15510, NULL, '21:22:00', 50 );
INSERT INTO "times" VALUES ( 19810, 15520, '21:23:00', '21:23:00', 50 );
INSERT INTO "times" VALUES ( 19810, 15530, '21:25:00', '21:25:00', 50 );
INSERT INTO "times" VALUES ( 19810, 15540, '21:28:00', '21:28:00', 50 );
INSERT INTO "times" VALUES ( 19810, 15550, '21:30:00', '21:30:00', 50 );
INSERT INTO "times" VALUES ( 19810, 15560, '21:31:00', '21:31:00', 50 );
INSERT INTO "times" VALUES ( 19810, 15570, '21:34:00', '21:34:00', 50 );

INSERT INTO "dias" VALUES ( 19811, 100, FALSE, TRUE, 'V2105U', 12780, 15510 );
INSERT INTO "dias_line_groups" VALUES ( 19811, 30 );
INSERT INTO "times" VALUES ( 19811, 12780, NULL, '21:24:00', 50 );
INSERT INTO "times" VALUES ( 19811, 15510, '21:38:00', NULL, NULL );
INSERT INTO "times" VALUES ( 19811, 15520, '21:37:00', '21:37:00', 50 );
INSERT INTO "times" VALUES ( 19811, 15530, '21:34:00', '21:34:00', 50 );
INSERT INTO "times" VALUES ( 19811, 15540, '21:32:00', '21:32:00', 50 );
INSERT INTO "times" VALUES ( 19811, 15550, '21:30:00', '21:30:00', 50 );
INSERT INTO "times" VALUES ( 19811, 15560, '21:28:00', '21:28:00', 50 );
INSERT INTO "times" VALUES ( 19811, 15570, '21:26:00', '21:26:00', 50 );

INSERT INTO "dias" VALUES ( 19812, 100, FALSE, TRUE, 'V2106C', 15510, 12780 );
INSERT INTO "dias_line_groups" VALUES ( 19812, 30 );
INSERT INTO "times" VALUES ( 19812, 12780, '21:46:00', NULL, NULL );
INSERT INTO "times" VALUES ( 19812, 15510, NULL, '21:32:00', 50 );
INSERT INTO "times" VALUES ( 19812, 15520, '21:33:00', '21:33:00', 50 );
INSERT INTO "times" VALUES ( 19812, 15530, '21:35:00', '21:35:00', 50 );
INSERT INTO "times" VALUES ( 19812, 15540, '21:38:00', '21:38:00', 50 );
INSERT INTO "times" VALUES ( 19812, 15550, '21:40:00', '21:40:00', 50 );
INSERT INTO "times" VALUES ( 19812, 15560, '21:41:00', '21:41:00', 50 );
INSERT INTO "times" VALUES ( 19812, 15570, '21:44:00', '21:44:00', 50 );

INSERT INTO "dias" VALUES ( 19813, 100, FALSE, TRUE, 'V2107U', 12780, 15510 );
INSERT INTO "dias_line_groups" VALUES ( 19813, 30 );
INSERT INTO "times" VALUES ( 19813, 12780, NULL, '21:34:00', 50 );
INSERT INTO "times" VALUES ( 19813, 15510, '21:48:00', NULL, NULL );
INSERT INTO "times" VALUES ( 19813, 15520, '21:47:00', '21:47:00', 50 );
INSERT INTO "times" VALUES ( 19813, 15530, '21:44:00', '21:44:00', 50 );
INSERT INTO "times" VALUES ( 19813, 15540, '21:42:00', '21:42:00', 50 );
INSERT INTO "times" VALUES ( 19813, 15550, '21:40:00', '21:40:00', 50 );
INSERT INTO "times" VALUES ( 19813, 15560, '21:38:00', '21:38:00', 50 );
INSERT INTO "times" VALUES ( 19813, 15570, '21:36:00', '21:36:00', 50 );

INSERT INTO "dias" VALUES ( 19814, 100, FALSE, TRUE, 'V2108C', 15510, 12780 );
INSERT INTO "dias_line_groups" VALUES ( 19814, 30 );
INSERT INTO "times" VALUES ( 19814, 12780, '21:56:00', NULL, NULL );
INSERT INTO "times" VALUES ( 19814, 15510, NULL, '21:42:00', 50 );
INSERT INTO "times" VALUES ( 19814, 15520, '21:43:00', '21:43:00', 50 );
INSERT INTO "times" VALUES ( 19814, 15530, '21:45:00', '21:45:00', 50 );
INSERT INTO "times" VALUES ( 19814, 15540, '21:48:00', '21:48:00', 50 );
INSERT INTO "times" VALUES ( 19814, 15550, '21:50:00', '21:50:00', 50 );
INSERT INTO "times" VALUES ( 19814, 15560, '21:51:00', '21:51:00', 50 );
INSERT INTO "times" VALUES ( 19814, 15570, '21:54:00', '21:54:00', 50 );

INSERT INTO "dias" VALUES ( 19815, 100, FALSE, TRUE, 'V2109U', 12780, 15510 );
INSERT INTO "dias_line_groups" VALUES ( 19815, 30 );
INSERT INTO "times" VALUES ( 19815, 12780, NULL, '21:44:00', 50 );
INSERT INTO "times" VALUES ( 19815, 15510, '21:58:00', NULL, NULL );
INSERT INTO "times" VALUES ( 19815, 15520, '21:57:00', '21:57:00', 50 );
INSERT INTO "times" VALUES ( 19815, 15530, '21:54:00', '21:54:00', 50 );
INSERT INTO "times" VALUES ( 19815, 15540, '21:52:00', '21:52:00', 50 );
INSERT INTO "times" VALUES ( 19815, 15550, '21:50:00', '21:50:00', 50 );
INSERT INTO "times" VALUES ( 19815, 15560, '21:48:00', '21:48:00', 50 );
INSERT INTO "times" VALUES ( 19815, 15570, '21:46:00', '21:46:00', 50 );

INSERT INTO "dias" VALUES ( 19816, 100, FALSE, TRUE, 'V2110C', 15510, 12780 );
INSERT INTO "dias_line_groups" VALUES ( 19816, 30 );
INSERT INTO "times" VALUES ( 19816, 12780, '22:06:00', NULL, NULL );
INSERT INTO "times" VALUES ( 19816, 15510, NULL, '21:52:00', 50 );
INSERT INTO "times" VALUES ( 19816, 15520, '21:53:00', '21:53:00', 50 );
INSERT INTO "times" VALUES ( 19816, 15530, '21:55:00', '21:55:00', 50 );
INSERT INTO "times" VALUES ( 19816, 15540, '21:58:00', '21:58:00', 50 );
INSERT INTO "times" VALUES ( 19816, 15550, '22:00:00', '22:00:00', 50 );
INSERT INTO "times" VALUES ( 19816, 15560, '22:01:00', '22:01:00', 50 );
INSERT INTO "times" VALUES ( 19816, 15570, '22:04:00', '22:04:00', 50 );

INSERT INTO "dias" VALUES ( 19817, 100, FALSE, TRUE, 'V2111U', 12780, 15510 );
INSERT INTO "dias_line_groups" VALUES ( 19817, 30 );
INSERT INTO "times" VALUES ( 19817, 12780, NULL, '21:54:00', 50 );
INSERT INTO "times" VALUES ( 19817, 15510, '22:08:00', NULL, NULL );
INSERT INTO "times" VALUES ( 19817, 15520, '22:07:00', '22:07:00', 50 );
INSERT INTO "times" VALUES ( 19817, 15530, '22:04:00', '22:04:00', 50 );
INSERT INTO "times" VALUES ( 19817, 15540, '22:02:00', '22:02:00', 50 );
INSERT INTO "times" VALUES ( 19817, 15550, '22:00:00', '22:00:00', 50 );
INSERT INTO "times" VALUES ( 19817, 15560, '21:58:00', '21:58:00', 50 );
INSERT INTO "times" VALUES ( 19817, 15570, '21:56:00', '21:56:00', 50 );

INSERT INTO "dias" VALUES ( 19818, 100, FALSE, TRUE, 'V2200C', 15510, 12780 );
INSERT INTO "dias_line_groups" VALUES ( 19818, 30 );
INSERT INTO "times" VALUES ( 19818, 12780, '22:16:00', NULL, NULL );
INSERT INTO "times" VALUES ( 19818, 15510, NULL, '22:02:00', 50 );
INSERT INTO "times" VALUES ( 19818, 15520, '22:03:00', '22:03:00', 50 );
INSERT INTO "times" VALUES ( 19818, 15530, '22:05:00', '22:05:00', 50 );
INSERT INTO "times" VALUES ( 19818, 15540, '22:08:00', '22:08:00', 50 );
INSERT INTO "times" VALUES ( 19818, 15550, '22:10:00', '22:10:00', 50 );
INSERT INTO "times" VALUES ( 19818, 15560, '22:11:00', '22:11:00', 50 );
INSERT INTO "times" VALUES ( 19818, 15570, '22:14:00', '22:14:00', 50 );

INSERT INTO "dias" VALUES ( 19819, 100, FALSE, TRUE, 'V2201U', 12780, 15510 );
INSERT INTO "dias_line_groups" VALUES ( 19819, 30 );
INSERT INTO "times" VALUES ( 19819, 12780, NULL, '22:04:00', 50 );
INSERT INTO "times" VALUES ( 19819, 15510, '22:18:00', NULL, NULL );
INSERT INTO "times" VALUES ( 19819, 15520, '22:17:00', '22:17:00', 50 );
INSERT INTO "times" VALUES ( 19819, 15530, '22:14:00', '22:14:00', 50 );
INSERT INTO "times" VALUES ( 19819, 15540, '22:12:00', '22:12:00', 50 );
INSERT INTO "times" VALUES ( 19819, 15550, '22:10:00', '22:10:00', 50 );
INSERT INTO "times" VALUES ( 19819, 15560, '22:08:00', '22:08:00', 50 );
INSERT INTO "times" VALUES ( 19819, 15570, '22:06:00', '22:06:00', 50 );

INSERT INTO "dias" VALUES ( 19820, 100, FALSE, TRUE, 'V2202C', 15510, 12780 );
INSERT INTO "dias_line_groups" VALUES ( 19820, 30 );
INSERT INTO "times" VALUES ( 19820, 12780, '22:26:00', NULL, NULL );
INSERT INTO "times" VALUES ( 19820, 15510, NULL, '22:12:00', 50 );
INSERT INTO "times" VALUES ( 19820, 15520, '22:13:00', '22:13:00', 50 );
INSERT INTO "times" VALUES ( 19820, 15530, '22:15:00', '22:15:00', 50 );
INSERT INTO "times" VALUES ( 19820, 15540, '22:18:00', '22:18:00', 50 );
INSERT INTO "times" VALUES ( 19820, 15550, '22:20:00', '22:20:00', 50 );
INSERT INTO "times" VALUES ( 19820, 15560, '22:21:00', '22:21:00', 50 );
INSERT INTO "times" VALUES ( 19820, 15570, '22:24:00', '22:24:00', 50 );

INSERT INTO "dias" VALUES ( 19821, 100, FALSE, TRUE, 'V2203U', 12780, 15510 );
INSERT INTO "dias_line_groups" VALUES ( 19821, 30 );
INSERT INTO "times" VALUES ( 19821, 12780, NULL, '22:14:00', 50 );
INSERT INTO "times" VALUES ( 19821, 15510, '22:28:00', NULL, NULL );
INSERT INTO "times" VALUES ( 19821, 15520, '22:27:00', '22:27:00', 50 );
INSERT INTO "times" VALUES ( 19821, 15530, '22:24:00', '22:24:00', 50 );
INSERT INTO "times" VALUES ( 19821, 15540, '22:22:00', '22:22:00', 50 );
INSERT INTO "times" VALUES ( 19821, 15550, '22:20:00', '22:20:00', 50 );
INSERT INTO "times" VALUES ( 19821, 15560, '22:18:00', '22:18:00', 50 );
INSERT INTO "times" VALUES ( 19821, 15570, '22:16:00', '22:16:00', 50 );

INSERT INTO "dias" VALUES ( 19822, 100, FALSE, TRUE, 'V2204C', 15510, 12780 );
INSERT INTO "dias_line_groups" VALUES ( 19822, 30 );
INSERT INTO "times" VALUES ( 19822, 12780, '22:36:00', NULL, NULL );
INSERT INTO "times" VALUES ( 19822, 15510, NULL, '22:22:00', 50 );
INSERT INTO "times" VALUES ( 19822, 15520, '22:23:00', '22:23:00', 50 );
INSERT INTO "times" VALUES ( 19822, 15530, '22:25:00', '22:25:00', 50 );
INSERT INTO "times" VALUES ( 19822, 15540, '22:28:00', '22:28:00', 50 );
INSERT INTO "times" VALUES ( 19822, 15550, '22:30:00', '22:30:00', 50 );
INSERT INTO "times" VALUES ( 19822, 15560, '22:31:00', '22:31:00', 50 );
INSERT INTO "times" VALUES ( 19822, 15570, '22:34:00', '22:34:00', 50 );

INSERT INTO "dias" VALUES ( 19823, 100, FALSE, TRUE, 'V2205U', 12780, 15510 );
INSERT INTO "dias_line_groups" VALUES ( 19823, 30 );
INSERT INTO "times" VALUES ( 19823, 12780, NULL, '22:24:00', 50 );
INSERT INTO "times" VALUES ( 19823, 15510, '22:38:00', NULL, NULL );
INSERT INTO "times" VALUES ( 19823, 15520, '22:37:00', '22:37:00', 50 );
INSERT INTO "times" VALUES ( 19823, 15530, '22:34:00', '22:34:00', 50 );
INSERT INTO "times" VALUES ( 19823, 15540, '22:32:00', '22:32:00', 50 );
INSERT INTO "times" VALUES ( 19823, 15550, '22:30:00', '22:30:00', 50 );
INSERT INTO "times" VALUES ( 19823, 15560, '22:28:00', '22:28:00', 50 );
INSERT INTO "times" VALUES ( 19823, 15570, '22:26:00', '22:26:00', 50 );

INSERT INTO "dias" VALUES ( 19824, 100, FALSE, TRUE, 'V2206C', 15510, 12780 );
INSERT INTO "dias_line_groups" VALUES ( 19824, 30 );
INSERT INTO "times" VALUES ( 19824, 12780, '22:47:00', NULL, NULL );
INSERT INTO "times" VALUES ( 19824, 15510, NULL, '22:32:00', 50 );
INSERT INTO "times" VALUES ( 19824, 15520, '22:33:00', '22:33:00', 50 );
INSERT INTO "times" VALUES ( 19824, 15530, '22:36:00', '22:36:00', 50 );
INSERT INTO "times" VALUES ( 19824, 15540, '22:39:00', '22:39:00', 50 );
INSERT INTO "times" VALUES ( 19824, 15550, '22:40:00', '22:40:00', 50 );
INSERT INTO "times" VALUES ( 19824, 15560, '22:42:00', '22:42:00', 50 );
INSERT INTO "times" VALUES ( 19824, 15570, '22:45:00', '22:45:00', 50 );

INSERT INTO "dias" VALUES ( 19825, 100, FALSE, TRUE, 'V2207U', 12780, 15510 );
INSERT INTO "dias_line_groups" VALUES ( 19825, 30 );
INSERT INTO "times" VALUES ( 19825, 12780, NULL, '22:34:00', 50 );
INSERT INTO "times" VALUES ( 19825, 15510, '22:48:00', NULL, NULL );
INSERT INTO "times" VALUES ( 19825, 15520, '22:47:00', '22:47:00', 50 );
INSERT INTO "times" VALUES ( 19825, 15530, '22:44:00', '22:44:00', 50 );
INSERT INTO "times" VALUES ( 19825, 15540, '22:42:00', '22:42:00', 50 );
INSERT INTO "times" VALUES ( 19825, 15550, '22:40:00', '22:40:00', 50 );
INSERT INTO "times" VALUES ( 19825, 15560, '22:38:00', '22:38:00', 50 );
INSERT INTO "times" VALUES ( 19825, 15570, '22:36:00', '22:36:00', 50 );

INSERT INTO "dias" VALUES ( 19826, 100, FALSE, TRUE, 'V2208C', 15510, 12780 );
INSERT INTO "dias_line_groups" VALUES ( 19826, 30 );
INSERT INTO "times" VALUES ( 19826, 12780, '22:56:00', NULL, NULL );
INSERT INTO "times" VALUES ( 19826, 15510, NULL, '22:42:00', 50 );
INSERT INTO "times" VALUES ( 19826, 15520, '22:43:00', '22:43:00', 50 );
INSERT INTO "times" VALUES ( 19826, 15530, '22:45:00', '22:45:00', 50 );
INSERT INTO "times" VALUES ( 19826, 15540, '22:48:00', '22:48:00', 50 );
INSERT INTO "times" VALUES ( 19826, 15550, '22:50:00', '22:50:00', 50 );
INSERT INTO "times" VALUES ( 19826, 15560, '22:51:00', '22:51:00', 50 );
INSERT INTO "times" VALUES ( 19826, 15570, '22:54:00', '22:54:00', 50 );

INSERT INTO "dias" VALUES ( 19827, 100, FALSE, TRUE, 'V2209U', 12780, 15510 );
INSERT INTO "dias_line_groups" VALUES ( 19827, 30 );
INSERT INTO "times" VALUES ( 19827, 12780, NULL, '22:45:00', 50 );
INSERT INTO "times" VALUES ( 19827, 15510, '22:59:00', NULL, NULL );
INSERT INTO "times" VALUES ( 19827, 15520, '22:58:00', '22:58:00', 50 );
INSERT INTO "times" VALUES ( 19827, 15530, '22:55:00', '22:55:00', 50 );
INSERT INTO "times" VALUES ( 19827, 15540, '22:53:00', '22:53:00', 50 );
INSERT INTO "times" VALUES ( 19827, 15550, '22:51:00', '22:51:00', 50 );
INSERT INTO "times" VALUES ( 19827, 15560, '22:49:00', '22:49:00', 50 );
INSERT INTO "times" VALUES ( 19827, 15570, '22:47:00', '22:47:00', 50 );

INSERT INTO "dias" VALUES ( 19828, 100, FALSE, TRUE, 'V2210C', 15510, 12780 );
INSERT INTO "dias_line_groups" VALUES ( 19828, 30 );
INSERT INTO "times" VALUES ( 19828, 12780, '23:06:00', NULL, NULL );
INSERT INTO "times" VALUES ( 19828, 15510, NULL, '22:52:00', 50 );
INSERT INTO "times" VALUES ( 19828, 15520, '22:53:00', '22:53:00', 50 );
INSERT INTO "times" VALUES ( 19828, 15530, '22:55:00', '22:55:00', 50 );
INSERT INTO "times" VALUES ( 19828, 15540, '22:58:00', '22:58:00', 50 );
INSERT INTO "times" VALUES ( 19828, 15550, '23:00:00', '23:00:00', 50 );
INSERT INTO "times" VALUES ( 19828, 15560, '23:01:00', '23:01:00', 50 );
INSERT INTO "times" VALUES ( 19828, 15570, '23:04:00', '23:04:00', 50 );

INSERT INTO "dias" VALUES ( 19829, 100, FALSE, TRUE, 'V2300C', 15510, 12780 );
INSERT INTO "dias_line_groups" VALUES ( 19829, 30 );
INSERT INTO "times" VALUES ( 19829, 12780, '23:16:00', NULL, NULL );
INSERT INTO "times" VALUES ( 19829, 15510, NULL, '23:02:00', 50 );
INSERT INTO "times" VALUES ( 19829, 15520, '23:03:00', '23:03:00', 50 );
INSERT INTO "times" VALUES ( 19829, 15530, '23:06:00', '23:06:00', 50 );
INSERT INTO "times" VALUES ( 19829, 15540, '23:08:00', '23:08:00', 50 );
INSERT INTO "times" VALUES ( 19829, 15550, '23:10:00', '23:10:00', 50 );
INSERT INTO "times" VALUES ( 19829, 15560, '23:12:00', '23:12:00', 50 );
INSERT INTO "times" VALUES ( 19829, 15570, '23:14:00', '23:14:00', 50 );

INSERT INTO "dias" VALUES ( 19830, 100, FALSE, TRUE, 'V2301U', 12780, 15510 );
INSERT INTO "dias_line_groups" VALUES ( 19830, 30 );
INSERT INTO "times" VALUES ( 19830, 12780, NULL, '23:02:00', 50 );
INSERT INTO "times" VALUES ( 19830, 15510, '23:16:00', NULL, NULL );
INSERT INTO "times" VALUES ( 19830, 15520, '23:15:00', '23:15:00', 50 );
INSERT INTO "times" VALUES ( 19830, 15530, '23:12:00', '23:12:00', 50 );
INSERT INTO "times" VALUES ( 19830, 15540, '23:10:00', '23:10:00', 50 );
INSERT INTO "times" VALUES ( 19830, 15550, '23:08:00', '23:08:00', 50 );
INSERT INTO "times" VALUES ( 19830, 15560, '23:06:00', '23:06:00', 50 );
INSERT INTO "times" VALUES ( 19830, 15570, '23:04:00', '23:04:00', 50 );

INSERT INTO "dias" VALUES ( 19831, 100, FALSE, TRUE, 'V2302C', 15510, 12780 );
INSERT INTO "dias_line_groups" VALUES ( 19831, 30 );
INSERT INTO "times" VALUES ( 19831, 12780, '23:35:00', NULL, NULL );
INSERT INTO "times" VALUES ( 19831, 15510, NULL, '23:20:00', 50 );
INSERT INTO "times" VALUES ( 19831, 15520, '23:21:00', '23:21:00', 50 );
INSERT INTO "times" VALUES ( 19831, 15530, '23:24:00', '23:24:00', 50 );
INSERT INTO "times" VALUES ( 19831, 15540, '23:26:00', '23:26:00', 50 );
INSERT INTO "times" VALUES ( 19831, 15550, '23:28:00', '23:28:00', 50 );
INSERT INTO "times" VALUES ( 19831, 15560, '23:30:00', '23:30:00', 50 );
INSERT INTO "times" VALUES ( 19831, 15570, '23:32:00', '23:32:00', 50 );

INSERT INTO "dias" VALUES ( 19832, 100, FALSE, TRUE, 'V2303U', 12780, 15510 );
INSERT INTO "dias_line_groups" VALUES ( 19832, 30 );
INSERT INTO "times" VALUES ( 19832, 12780, NULL, '23:13:00', 50 );
INSERT INTO "times" VALUES ( 19832, 15510, '23:28:00', NULL, NULL );
INSERT INTO "times" VALUES ( 19832, 15520, '23:26:00', '23:26:00', 50 );
INSERT INTO "times" VALUES ( 19832, 15530, '23:24:00', '23:24:00', 50 );
INSERT INTO "times" VALUES ( 19832, 15540, '23:21:00', '23:21:00', 50 );
INSERT INTO "times" VALUES ( 19832, 15550, '23:19:00', '23:19:00', 50 );
INSERT INTO "times" VALUES ( 19832, 15560, '23:18:00', '23:18:00', 50 );
INSERT INTO "times" VALUES ( 19832, 15570, '23:15:00', '23:15:00', 50 );

INSERT INTO "dias" VALUES ( 19833, 100, FALSE, TRUE, 'V2304C', 15510, 12780 );
INSERT INTO "dias_line_groups" VALUES ( 19833, 30 );
INSERT INTO "times" VALUES ( 19833, 12780, '23:54:00', NULL, NULL );
INSERT INTO "times" VALUES ( 19833, 15510, NULL, '23:39:00', 50 );
INSERT INTO "times" VALUES ( 19833, 15520, '23:40:00', '23:40:00', 50 );
INSERT INTO "times" VALUES ( 19833, 15530, '23:43:00', '23:43:00', 50 );
INSERT INTO "times" VALUES ( 19833, 15540, '23:45:00', '23:45:00', 50 );
INSERT INTO "times" VALUES ( 19833, 15550, '23:47:00', '23:47:00', 50 );
INSERT INTO "times" VALUES ( 19833, 15560, '23:49:00', '23:49:00', 50 );
INSERT INTO "times" VALUES ( 19833, 15570, '23:51:00', '23:51:00', 50 );

INSERT INTO "dias" VALUES ( 19834, 100, FALSE, TRUE, 'V2305U', 12780, 15510 );
INSERT INTO "dias_line_groups" VALUES ( 19834, 30 );
INSERT INTO "times" VALUES ( 19834, 12780, NULL, '23:28:00', 50 );
INSERT INTO "times" VALUES ( 19834, 15510, '23:43:00', NULL, NULL );
INSERT INTO "times" VALUES ( 19834, 15520, '23:41:00', '23:41:00', 50 );
INSERT INTO "times" VALUES ( 19834, 15530, '23:39:00', '23:39:00', 50 );
INSERT INTO "times" VALUES ( 19834, 15540, '23:36:00', '23:36:00', 50 );
INSERT INTO "times" VALUES ( 19834, 15550, '23:34:00', '23:34:00', 50 );
INSERT INTO "times" VALUES ( 19834, 15560, '23:33:00', '23:33:00', 50 );
INSERT INTO "times" VALUES ( 19834, 15570, '23:30:00', '23:30:00', 50 );

INSERT INTO "dias" VALUES ( 19835, 100, FALSE, TRUE, 'V2306C', 15510, 12780 );
INSERT INTO "dias_line_groups" VALUES ( 19835, 30 );
INSERT INTO "times" VALUES ( 19835, 12780, '00:04:00', NULL, NULL );
INSERT INTO "times" VALUES ( 19835, 15510, NULL, '23:50:00', 50 );
INSERT INTO "times" VALUES ( 19835, 15520, '23:51:00', '23:51:00', 50 );
INSERT INTO "times" VALUES ( 19835, 15530, '23:53:00', '23:53:00', 50 );
INSERT INTO "times" VALUES ( 19835, 15540, '23:56:00', '23:56:00', 50 );
INSERT INTO "times" VALUES ( 19835, 15550, '23:58:00', '23:58:00', 50 );
INSERT INTO "times" VALUES ( 19835, 15560, '23:59:00', '23:59:00', 50 );
INSERT INTO "times" VALUES ( 19835, 15570, '00:02:00', '00:02:00', 50 );

INSERT INTO "dias" VALUES ( 19836, 100, FALSE, TRUE, 'V2307U', 12780, 15510 );
INSERT INTO "dias_line_groups" VALUES ( 19836, 30 );
INSERT INTO "times" VALUES ( 19836, 12780, NULL, '23:45:00', 50 );
INSERT INTO "times" VALUES ( 19836, 15510, '00:00:00', NULL, NULL );
INSERT INTO "times" VALUES ( 19836, 15520, '23:58:00', '23:58:00', 50 );
INSERT INTO "times" VALUES ( 19836, 15530, '23:56:00', '23:56:00', 50 );
INSERT INTO "times" VALUES ( 19836, 15540, '23:53:00', '23:53:00', 50 );
INSERT INTO "times" VALUES ( 19836, 15550, '23:51:00', '23:51:00', 50 );
INSERT INTO "times" VALUES ( 19836, 15560, '23:50:00', '23:50:00', 50 );
INSERT INTO "times" VALUES ( 19836, 15570, '23:47:00', '23:47:00', 50 );

INSERT INTO "dias" VALUES ( 19837, 100, FALSE, TRUE, 'V2400C', 15510, 12780 );
INSERT INTO "dias_line_groups" VALUES ( 19837, 30 );
INSERT INTO "times" VALUES ( 19837, 12780, '00:22:00', NULL, NULL );
INSERT INTO "times" VALUES ( 19837, 15510, NULL, '00:07:00', 50 );
INSERT INTO "times" VALUES ( 19837, 15520, '00:08:00', '00:08:00', 50 );
INSERT INTO "times" VALUES ( 19837, 15530, '00:11:00', '00:11:00', 50 );
INSERT INTO "times" VALUES ( 19837, 15540, '00:13:00', '00:13:00', 50 );
INSERT INTO "times" VALUES ( 19837, 15550, '00:15:00', '00:15:00', 50 );
INSERT INTO "times" VALUES ( 19837, 15560, '00:17:00', '00:17:00', 50 );
INSERT INTO "times" VALUES ( 19837, 15570, '00:19:00', '00:19:00', 50 );

INSERT INTO "dias" VALUES ( 19838, 100, FALSE, TRUE, 'V2401U', 12780, 15510 );
INSERT INTO "dias_line_groups" VALUES ( 19838, 30 );
INSERT INTO "times" VALUES ( 19838, 12780, NULL, '00:01:00', 50 );
INSERT INTO "times" VALUES ( 19838, 15510, '00:16:00', NULL, NULL );
INSERT INTO "times" VALUES ( 19838, 15520, '00:15:00', '00:15:00', 50 );
INSERT INTO "times" VALUES ( 19838, 15530, '00:12:00', '00:12:00', 50 );
INSERT INTO "times" VALUES ( 19838, 15540, '00:09:00', '00:09:00', 50 );
INSERT INTO "times" VALUES ( 19838, 15550, '00:08:00', '00:08:00', 50 );
INSERT INTO "times" VALUES ( 19838, 15560, '00:06:00', '00:06:00', 50 );
INSERT INTO "times" VALUES ( 19838, 15570, '00:03:00', '00:03:00', 50 );

INSERT INTO "dias" VALUES ( 19839, 100, FALSE, TRUE, 'V2402C', 15510, 12780 );
INSERT INTO "dias_line_groups" VALUES ( 19839, 30 );
INSERT INTO "times" VALUES ( 19839, 12780, '00:34:00', NULL, NULL );
INSERT INTO "times" VALUES ( 19839, 15510, NULL, '00:20:00', 50 );
INSERT INTO "times" VALUES ( 19839, 15520, '00:21:00', '00:21:00', 50 );
INSERT INTO "times" VALUES ( 19839, 15530, '00:23:00', '00:23:00', 50 );
INSERT INTO "times" VALUES ( 19839, 15540, '00:26:00', '00:26:00', 50 );
INSERT INTO "times" VALUES ( 19839, 15550, '00:27:00', '00:27:00', 50 );
INSERT INTO "times" VALUES ( 19839, 15560, '00:29:00', '00:29:00', 50 );
INSERT INTO "times" VALUES ( 19839, 15570, '00:32:00', '00:32:00', 50 );

INSERT INTO "dias" VALUES ( 19840, 100, FALSE, TRUE, 'V2403U', 12780, 15510 );
INSERT INTO "dias_line_groups" VALUES ( 19840, 30 );
INSERT INTO "times" VALUES ( 19840, 12780, NULL, '00:19:00', 50 );
INSERT INTO "times" VALUES ( 19840, 15510, '00:33:00', NULL, NULL );
INSERT INTO "times" VALUES ( 19840, 15520, '00:31:00', '00:31:00', 50 );
INSERT INTO "times" VALUES ( 19840, 15530, '00:29:00', '00:29:00', 50 );
INSERT INTO "times" VALUES ( 19840, 15540, '00:26:00', '00:26:00', 50 );
INSERT INTO "times" VALUES ( 19840, 15550, '00:25:00', '00:25:00', 50 );
INSERT INTO "times" VALUES ( 19840, 15560, '00:23:00', '00:23:00', 50 );
INSERT INTO "times" VALUES ( 19840, 15570, '00:20:00', '00:20:00', 50 );

INSERT INTO "dias" VALUES ( 19841, 100, FALSE, TRUE, 'V2404C', 15510, 12780 );
INSERT INTO "dias_line_groups" VALUES ( 19841, 30 );
INSERT INTO "times" VALUES ( 19841, 12780, '00:49:00', NULL, NULL );
INSERT INTO "times" VALUES ( 19841, 15510, NULL, '00:36:00', 50 );
INSERT INTO "times" VALUES ( 19841, 15520, '00:37:00', '00:37:00', 50 );
INSERT INTO "times" VALUES ( 19841, 15530, '00:39:00', '00:39:00', 50 );
INSERT INTO "times" VALUES ( 19841, 15540, '00:42:00', '00:42:00', 50 );
INSERT INTO "times" VALUES ( 19841, 15550, '00:43:00', '00:43:00', 50 );
INSERT INTO "times" VALUES ( 19841, 15560, '00:45:00', '00:45:00', 50 );
INSERT INTO "times" VALUES ( 19841, 15570, '00:47:00', '00:47:00', 50 );

INSERT INTO "dias" VALUES ( 19842, 100, TRUE, TRUE, '700', 12760, 16510 );
INSERT INTO "dias_line_groups" VALUES ( 19842, 40 );
INSERT INTO "times" VALUES ( 19842, 12760, NULL, '07:40:00', 90 );
INSERT INTO "times" VALUES ( 19842, 16510, '07:42:00', NULL, NULL );

INSERT INTO "dias" VALUES ( 19843, 100, TRUE, TRUE, '701', 16510, 12760 );
INSERT INTO "dias_line_groups" VALUES ( 19843, 40 );
INSERT INTO "times" VALUES ( 19843, 12760, '07:42:00', NULL, NULL );
INSERT INTO "times" VALUES ( 19843, 16510, NULL, '07:40:00', 90 );

INSERT INTO "dias" VALUES ( 19844, 100, TRUE, TRUE, '800', 12760, 16510 );
INSERT INTO "dias_line_groups" VALUES ( 19844, 40 );
INSERT INTO "times" VALUES ( 19844, 12760, NULL, '08:00:00', 90 );
INSERT INTO "times" VALUES ( 19844, 16510, '08:02:00', NULL, NULL );

INSERT INTO "dias" VALUES ( 19845, 100, TRUE, TRUE, '801', 16510, 12760 );
INSERT INTO "dias_line_groups" VALUES ( 19845, 40 );
INSERT INTO "times" VALUES ( 19845, 12760, '08:02:00', NULL, NULL );
INSERT INTO "times" VALUES ( 19845, 16510, NULL, '08:00:00', 90 );

INSERT INTO "dias" VALUES ( 19846, 100, TRUE, TRUE, '802', 12760, 16510 );
INSERT INTO "dias_line_groups" VALUES ( 19846, 40 );
INSERT INTO "times" VALUES ( 19846, 12760, NULL, '08:20:00', 90 );
INSERT INTO "times" VALUES ( 19846, 16510, '08:22:00', NULL, NULL );

INSERT INTO "dias" VALUES ( 19847, 100, TRUE, TRUE, '803', 16510, 12760 );
INSERT INTO "dias_line_groups" VALUES ( 19847, 40 );
INSERT INTO "times" VALUES ( 19847, 12760, '08:22:00', NULL, NULL );
INSERT INTO "times" VALUES ( 19847, 16510, NULL, '08:20:00', 90 );

INSERT INTO "dias" VALUES ( 19848, 100, TRUE, TRUE, '804', 12760, 16510 );
INSERT INTO "dias_line_groups" VALUES ( 19848, 40 );
INSERT INTO "times" VALUES ( 19848, 12760, NULL, '08:40:00', 90 );
INSERT INTO "times" VALUES ( 19848, 16510, '08:42:00', NULL, NULL );

INSERT INTO "dias" VALUES ( 19849, 100, TRUE, TRUE, '805', 16510, 12760 );
INSERT INTO "dias_line_groups" VALUES ( 19849, 40 );
INSERT INTO "times" VALUES ( 19849, 12760, '08:42:00', NULL, NULL );
INSERT INTO "times" VALUES ( 19849, 16510, NULL, '08:40:00', 90 );

INSERT INTO "dias" VALUES ( 19850, 100, TRUE, TRUE, '900', 12760, 16510 );
INSERT INTO "dias_line_groups" VALUES ( 19850, 40 );
INSERT INTO "times" VALUES ( 19850, 12760, NULL, '09:00:00', 90 );
INSERT INTO "times" VALUES ( 19850, 16510, '09:02:00', NULL, NULL );

INSERT INTO "dias" VALUES ( 19851, 100, TRUE, TRUE, '901', 16510, 12760 );
INSERT INTO "dias_line_groups" VALUES ( 19851, 40 );
INSERT INTO "times" VALUES ( 19851, 12760, '09:02:00', NULL, NULL );
INSERT INTO "times" VALUES ( 19851, 16510, NULL, '09:00:00', 90 );

INSERT INTO "dias" VALUES ( 19852, 100, TRUE, TRUE, '902', 12760, 16510 );
INSERT INTO "dias_line_groups" VALUES ( 19852, 40 );
INSERT INTO "times" VALUES ( 19852, 12760, NULL, '09:15:00', 90 );
INSERT INTO "times" VALUES ( 19852, 16510, '09:17:00', NULL, NULL );

INSERT INTO "dias" VALUES ( 19853, 100, TRUE, TRUE, '903', 16510, 12760 );
INSERT INTO "dias_line_groups" VALUES ( 19853, 40 );
INSERT INTO "times" VALUES ( 19853, 12760, '09:17:00', NULL, NULL );
INSERT INTO "times" VALUES ( 19853, 16510, NULL, '09:15:00', 90 );

INSERT INTO "dias" VALUES ( 19854, 100, TRUE, TRUE, '904', 12760, 16510 );
INSERT INTO "dias_line_groups" VALUES ( 19854, 40 );
INSERT INTO "times" VALUES ( 19854, 12760, NULL, '09:30:00', 90 );
INSERT INTO "times" VALUES ( 19854, 16510, '09:32:00', NULL, NULL );

INSERT INTO "dias" VALUES ( 19855, 100, TRUE, TRUE, '905', 16510, 12760 );
INSERT INTO "dias_line_groups" VALUES ( 19855, 40 );
INSERT INTO "times" VALUES ( 19855, 12760, '09:32:00', NULL, NULL );
INSERT INTO "times" VALUES ( 19855, 16510, NULL, '09:30:00', 90 );

INSERT INTO "dias" VALUES ( 19856, 100, TRUE, TRUE, '906', 12760, 16510 );
INSERT INTO "dias_line_groups" VALUES ( 19856, 40 );
INSERT INTO "times" VALUES ( 19856, 12760, NULL, '09:45:00', 90 );
INSERT INTO "times" VALUES ( 19856, 16510, '09:47:00', NULL, NULL );

INSERT INTO "dias" VALUES ( 19857, 100, TRUE, TRUE, '907', 16510, 12760 );
INSERT INTO "dias_line_groups" VALUES ( 19857, 40 );
INSERT INTO "times" VALUES ( 19857, 12760, '09:47:00', NULL, NULL );
INSERT INTO "times" VALUES ( 19857, 16510, NULL, '09:45:00', 90 );

INSERT INTO "dias" VALUES ( 19858, 100, TRUE, TRUE, '1000', 12760, 16510 );
INSERT INTO "dias_line_groups" VALUES ( 19858, 40 );
INSERT INTO "times" VALUES ( 19858, 12760, NULL, '10:00:00', 90 );
INSERT INTO "times" VALUES ( 19858, 16510, '10:02:00', NULL, NULL );

INSERT INTO "dias" VALUES ( 19859, 100, TRUE, TRUE, '1001', 16510, 12760 );
INSERT INTO "dias_line_groups" VALUES ( 19859, 40 );
INSERT INTO "times" VALUES ( 19859, 12760, '10:02:00', NULL, NULL );
INSERT INTO "times" VALUES ( 19859, 16510, NULL, '10:00:00', 90 );

INSERT INTO "dias" VALUES ( 19860, 100, TRUE, TRUE, '1002', 12760, 16510 );
INSERT INTO "dias_line_groups" VALUES ( 19860, 40 );
INSERT INTO "times" VALUES ( 19860, 12760, NULL, '10:15:00', 90 );
INSERT INTO "times" VALUES ( 19860, 16510, '10:17:00', NULL, NULL );

INSERT INTO "dias" VALUES ( 19861, 100, TRUE, TRUE, '1003', 16510, 12760 );
INSERT INTO "dias_line_groups" VALUES ( 19861, 40 );
INSERT INTO "times" VALUES ( 19861, 12760, '10:17:00', NULL, NULL );
INSERT INTO "times" VALUES ( 19861, 16510, NULL, '10:15:00', 90 );

INSERT INTO "dias" VALUES ( 19862, 100, TRUE, TRUE, '1004', 12760, 16510 );
INSERT INTO "dias_line_groups" VALUES ( 19862, 40 );
INSERT INTO "times" VALUES ( 19862, 12760, NULL, '10:30:00', 90 );
INSERT INTO "times" VALUES ( 19862, 16510, '10:32:00', NULL, NULL );

INSERT INTO "dias" VALUES ( 19863, 100, TRUE, TRUE, '1005', 16510, 12760 );
INSERT INTO "dias_line_groups" VALUES ( 19863, 40 );
INSERT INTO "times" VALUES ( 19863, 12760, '10:32:00', NULL, NULL );
INSERT INTO "times" VALUES ( 19863, 16510, NULL, '10:30:00', 90 );

INSERT INTO "dias" VALUES ( 19864, 100, TRUE, TRUE, '1006', 12760, 16510 );
INSERT INTO "dias_line_groups" VALUES ( 19864, 40 );
INSERT INTO "times" VALUES ( 19864, 12760, NULL, '10:45:00', 90 );
INSERT INTO "times" VALUES ( 19864, 16510, '10:47:00', NULL, NULL );

INSERT INTO "dias" VALUES ( 19865, 100, TRUE, TRUE, '1007', 16510, 12760 );
INSERT INTO "dias_line_groups" VALUES ( 19865, 40 );
INSERT INTO "times" VALUES ( 19865, 12760, '10:47:00', NULL, NULL );
INSERT INTO "times" VALUES ( 19865, 16510, NULL, '10:45:00', 90 );

INSERT INTO "dias" VALUES ( 19866, 100, TRUE, TRUE, '1100', 12760, 16510 );
INSERT INTO "dias_line_groups" VALUES ( 19866, 40 );
INSERT INTO "times" VALUES ( 19866, 12760, NULL, '11:00:00', 90 );
INSERT INTO "times" VALUES ( 19866, 16510, '11:02:00', NULL, NULL );

INSERT INTO "dias" VALUES ( 19867, 100, TRUE, TRUE, '1101', 16510, 12760 );
INSERT INTO "dias_line_groups" VALUES ( 19867, 40 );
INSERT INTO "times" VALUES ( 19867, 12760, '11:02:00', NULL, NULL );
INSERT INTO "times" VALUES ( 19867, 16510, NULL, '11:00:00', 90 );

INSERT INTO "dias" VALUES ( 19868, 100, TRUE, TRUE, '1102', 12760, 16510 );
INSERT INTO "dias_line_groups" VALUES ( 19868, 40 );
INSERT INTO "times" VALUES ( 19868, 12760, NULL, '11:15:00', 90 );
INSERT INTO "times" VALUES ( 19868, 16510, '11:17:00', NULL, NULL );

INSERT INTO "dias" VALUES ( 19869, 100, TRUE, TRUE, '1103', 16510, 12760 );
INSERT INTO "dias_line_groups" VALUES ( 19869, 40 );
INSERT INTO "times" VALUES ( 19869, 12760, '11:17:00', NULL, NULL );
INSERT INTO "times" VALUES ( 19869, 16510, NULL, '11:15:00', 90 );

INSERT INTO "dias" VALUES ( 19870, 100, TRUE, TRUE, '1104', 12760, 16510 );
INSERT INTO "dias_line_groups" VALUES ( 19870, 40 );
INSERT INTO "times" VALUES ( 19870, 12760, NULL, '11:30:00', 90 );
INSERT INTO "times" VALUES ( 19870, 16510, '11:32:00', NULL, NULL );

INSERT INTO "dias" VALUES ( 19871, 100, TRUE, TRUE, '1105', 16510, 12760 );
INSERT INTO "dias_line_groups" VALUES ( 19871, 40 );
INSERT INTO "times" VALUES ( 19871, 12760, '11:32:00', NULL, NULL );
INSERT INTO "times" VALUES ( 19871, 16510, NULL, '11:30:00', 90 );

INSERT INTO "dias" VALUES ( 19872, 100, TRUE, TRUE, '1106', 12760, 16510 );
INSERT INTO "dias_line_groups" VALUES ( 19872, 40 );
INSERT INTO "times" VALUES ( 19872, 12760, NULL, '11:45:00', 90 );
INSERT INTO "times" VALUES ( 19872, 16510, '11:47:00', NULL, NULL );

INSERT INTO "dias" VALUES ( 19873, 100, TRUE, TRUE, '1107', 16510, 12760 );
INSERT INTO "dias_line_groups" VALUES ( 19873, 40 );
INSERT INTO "times" VALUES ( 19873, 12760, '11:47:00', NULL, NULL );
INSERT INTO "times" VALUES ( 19873, 16510, NULL, '11:45:00', 90 );

INSERT INTO "dias" VALUES ( 19874, 100, TRUE, TRUE, '1200', 12760, 16510 );
INSERT INTO "dias_line_groups" VALUES ( 19874, 40 );
INSERT INTO "times" VALUES ( 19874, 12760, NULL, '12:00:00', 90 );
INSERT INTO "times" VALUES ( 19874, 16510, '12:02:00', NULL, NULL );

INSERT INTO "dias" VALUES ( 19875, 100, TRUE, TRUE, '1201', 16510, 12760 );
INSERT INTO "dias_line_groups" VALUES ( 19875, 40 );
INSERT INTO "times" VALUES ( 19875, 12760, '12:02:00', NULL, NULL );
INSERT INTO "times" VALUES ( 19875, 16510, NULL, '12:00:00', 90 );

INSERT INTO "dias" VALUES ( 19876, 100, TRUE, TRUE, '1202', 12760, 16510 );
INSERT INTO "dias_line_groups" VALUES ( 19876, 40 );
INSERT INTO "times" VALUES ( 19876, 12760, NULL, '12:15:00', 90 );
INSERT INTO "times" VALUES ( 19876, 16510, '12:17:00', NULL, NULL );

INSERT INTO "dias" VALUES ( 19877, 100, TRUE, TRUE, '1203', 16510, 12760 );
INSERT INTO "dias_line_groups" VALUES ( 19877, 40 );
INSERT INTO "times" VALUES ( 19877, 12760, '12:17:00', NULL, NULL );
INSERT INTO "times" VALUES ( 19877, 16510, NULL, '12:15:00', 90 );

INSERT INTO "dias" VALUES ( 19878, 100, TRUE, TRUE, '1204', 12760, 16510 );
INSERT INTO "dias_line_groups" VALUES ( 19878, 40 );
INSERT INTO "times" VALUES ( 19878, 12760, NULL, '12:30:00', 90 );
INSERT INTO "times" VALUES ( 19878, 16510, '12:32:00', NULL, NULL );

INSERT INTO "dias" VALUES ( 19879, 100, TRUE, TRUE, '1205', 16510, 12760 );
INSERT INTO "dias_line_groups" VALUES ( 19879, 40 );
INSERT INTO "times" VALUES ( 19879, 12760, '12:32:00', NULL, NULL );
INSERT INTO "times" VALUES ( 19879, 16510, NULL, '12:30:00', 90 );

INSERT INTO "dias" VALUES ( 19880, 100, TRUE, TRUE, '1206', 12760, 16510 );
INSERT INTO "dias_line_groups" VALUES ( 19880, 40 );
INSERT INTO "times" VALUES ( 19880, 12760, NULL, '12:45:00', 90 );
INSERT INTO "times" VALUES ( 19880, 16510, '12:47:00', NULL, NULL );

INSERT INTO "dias" VALUES ( 19881, 100, TRUE, TRUE, '1207', 16510, 12760 );
INSERT INTO "dias_line_groups" VALUES ( 19881, 40 );
INSERT INTO "times" VALUES ( 19881, 12760, '12:47:00', NULL, NULL );
INSERT INTO "times" VALUES ( 19881, 16510, NULL, '12:45:00', 90 );

INSERT INTO "dias" VALUES ( 19882, 100, TRUE, TRUE, '1300', 12760, 16510 );
INSERT INTO "dias_line_groups" VALUES ( 19882, 40 );
INSERT INTO "times" VALUES ( 19882, 12760, NULL, '13:00:00', 90 );
INSERT INTO "times" VALUES ( 19882, 16510, '13:02:00', NULL, NULL );

INSERT INTO "dias" VALUES ( 19883, 100, TRUE, TRUE, '1301', 16510, 12760 );
INSERT INTO "dias_line_groups" VALUES ( 19883, 40 );
INSERT INTO "times" VALUES ( 19883, 12760, '13:02:00', NULL, NULL );
INSERT INTO "times" VALUES ( 19883, 16510, NULL, '13:00:00', 90 );

INSERT INTO "dias" VALUES ( 19884, 100, TRUE, TRUE, '1302', 12760, 16510 );
INSERT INTO "dias_line_groups" VALUES ( 19884, 40 );
INSERT INTO "times" VALUES ( 19884, 12760, NULL, '13:15:00', 90 );
INSERT INTO "times" VALUES ( 19884, 16510, '13:17:00', NULL, NULL );

INSERT INTO "dias" VALUES ( 19885, 100, TRUE, TRUE, '1303', 16510, 12760 );
INSERT INTO "dias_line_groups" VALUES ( 19885, 40 );
INSERT INTO "times" VALUES ( 19885, 12760, '13:17:00', NULL, NULL );
INSERT INTO "times" VALUES ( 19885, 16510, NULL, '13:15:00', 90 );

INSERT INTO "dias" VALUES ( 19886, 100, TRUE, TRUE, '1304', 12760, 16510 );
INSERT INTO "dias_line_groups" VALUES ( 19886, 40 );
INSERT INTO "times" VALUES ( 19886, 12760, NULL, '13:30:00', 90 );
INSERT INTO "times" VALUES ( 19886, 16510, '13:32:00', NULL, NULL );

INSERT INTO "dias" VALUES ( 19887, 100, TRUE, TRUE, '1305', 16510, 12760 );
INSERT INTO "dias_line_groups" VALUES ( 19887, 40 );
INSERT INTO "times" VALUES ( 19887, 12760, '13:32:00', NULL, NULL );
INSERT INTO "times" VALUES ( 19887, 16510, NULL, '13:30:00', 90 );

INSERT INTO "dias" VALUES ( 19888, 100, TRUE, TRUE, '1306', 12760, 16510 );
INSERT INTO "dias_line_groups" VALUES ( 19888, 40 );
INSERT INTO "times" VALUES ( 19888, 12760, NULL, '13:45:00', 90 );
INSERT INTO "times" VALUES ( 19888, 16510, '13:47:00', NULL, NULL );

INSERT INTO "dias" VALUES ( 19889, 100, TRUE, TRUE, '1307', 16510, 12760 );
INSERT INTO "dias_line_groups" VALUES ( 19889, 40 );
INSERT INTO "times" VALUES ( 19889, 12760, '13:47:00', NULL, NULL );
INSERT INTO "times" VALUES ( 19889, 16510, NULL, '13:45:00', 90 );

INSERT INTO "dias" VALUES ( 19890, 100, TRUE, TRUE, '1400', 12760, 16510 );
INSERT INTO "dias_line_groups" VALUES ( 19890, 40 );
INSERT INTO "times" VALUES ( 19890, 12760, NULL, '14:00:00', 90 );
INSERT INTO "times" VALUES ( 19890, 16510, '14:02:00', NULL, NULL );

INSERT INTO "dias" VALUES ( 19891, 100, TRUE, TRUE, '1401', 16510, 12760 );
INSERT INTO "dias_line_groups" VALUES ( 19891, 40 );
INSERT INTO "times" VALUES ( 19891, 12760, '14:02:00', NULL, NULL );
INSERT INTO "times" VALUES ( 19891, 16510, NULL, '14:00:00', 90 );

INSERT INTO "dias" VALUES ( 19892, 100, TRUE, TRUE, '1402', 12760, 16510 );
INSERT INTO "dias_line_groups" VALUES ( 19892, 40 );
INSERT INTO "times" VALUES ( 19892, 12760, NULL, '14:15:00', 90 );
INSERT INTO "times" VALUES ( 19892, 16510, '14:17:00', NULL, NULL );

INSERT INTO "dias" VALUES ( 19893, 100, TRUE, TRUE, '1403', 16510, 12760 );
INSERT INTO "dias_line_groups" VALUES ( 19893, 40 );
INSERT INTO "times" VALUES ( 19893, 12760, '14:17:00', NULL, NULL );
INSERT INTO "times" VALUES ( 19893, 16510, NULL, '14:15:00', 90 );

INSERT INTO "dias" VALUES ( 19894, 100, TRUE, TRUE, '1404', 12760, 16510 );
INSERT INTO "dias_line_groups" VALUES ( 19894, 40 );
INSERT INTO "times" VALUES ( 19894, 12760, NULL, '14:30:00', 90 );
INSERT INTO "times" VALUES ( 19894, 16510, '14:32:00', NULL, NULL );

INSERT INTO "dias" VALUES ( 19895, 100, TRUE, TRUE, '1405', 16510, 12760 );
INSERT INTO "dias_line_groups" VALUES ( 19895, 40 );
INSERT INTO "times" VALUES ( 19895, 12760, '14:32:00', NULL, NULL );
INSERT INTO "times" VALUES ( 19895, 16510, NULL, '14:30:00', 90 );

INSERT INTO "dias" VALUES ( 19896, 100, TRUE, TRUE, '1406', 12760, 16510 );
INSERT INTO "dias_line_groups" VALUES ( 19896, 40 );
INSERT INTO "times" VALUES ( 19896, 12760, NULL, '14:45:00', 90 );
INSERT INTO "times" VALUES ( 19896, 16510, '14:47:00', NULL, NULL );

INSERT INTO "dias" VALUES ( 19897, 100, TRUE, TRUE, '1407', 16510, 12760 );
INSERT INTO "dias_line_groups" VALUES ( 19897, 40 );
INSERT INTO "times" VALUES ( 19897, 12760, '14:47:00', NULL, NULL );
INSERT INTO "times" VALUES ( 19897, 16510, NULL, '14:45:00', 90 );

INSERT INTO "dias" VALUES ( 19898, 100, TRUE, TRUE, '1500', 12760, 16510 );
INSERT INTO "dias_line_groups" VALUES ( 19898, 40 );
INSERT INTO "times" VALUES ( 19898, 12760, NULL, '15:00:00', 90 );
INSERT INTO "times" VALUES ( 19898, 16510, '15:02:00', NULL, NULL );

INSERT INTO "dias" VALUES ( 19899, 100, TRUE, TRUE, '1501', 16510, 12760 );
INSERT INTO "dias_line_groups" VALUES ( 19899, 40 );
INSERT INTO "times" VALUES ( 19899, 12760, '15:02:00', NULL, NULL );
INSERT INTO "times" VALUES ( 19899, 16510, NULL, '15:00:00', 90 );

INSERT INTO "dias" VALUES ( 19900, 100, TRUE, TRUE, '1502', 12760, 16510 );
INSERT INTO "dias_line_groups" VALUES ( 19900, 40 );
INSERT INTO "times" VALUES ( 19900, 12760, NULL, '15:15:00', 90 );
INSERT INTO "times" VALUES ( 19900, 16510, '15:17:00', NULL, NULL );

INSERT INTO "dias" VALUES ( 19901, 100, TRUE, TRUE, '1503', 16510, 12760 );
INSERT INTO "dias_line_groups" VALUES ( 19901, 40 );
INSERT INTO "times" VALUES ( 19901, 12760, '15:17:00', NULL, NULL );
INSERT INTO "times" VALUES ( 19901, 16510, NULL, '15:15:00', 90 );

INSERT INTO "dias" VALUES ( 19902, 100, TRUE, TRUE, '1504', 12760, 16510 );
INSERT INTO "dias_line_groups" VALUES ( 19902, 40 );
INSERT INTO "times" VALUES ( 19902, 12760, NULL, '15:30:00', 90 );
INSERT INTO "times" VALUES ( 19902, 16510, '15:32:00', NULL, NULL );

INSERT INTO "dias" VALUES ( 19903, 100, TRUE, TRUE, '1505', 16510, 12760 );
INSERT INTO "dias_line_groups" VALUES ( 19903, 40 );
INSERT INTO "times" VALUES ( 19903, 12760, '15:32:00', NULL, NULL );
INSERT INTO "times" VALUES ( 19903, 16510, NULL, '15:30:00', 90 );

INSERT INTO "dias" VALUES ( 19904, 100, TRUE, TRUE, '1506', 12760, 16510 );
INSERT INTO "dias_line_groups" VALUES ( 19904, 40 );
INSERT INTO "times" VALUES ( 19904, 12760, NULL, '15:45:00', 90 );
INSERT INTO "times" VALUES ( 19904, 16510, '15:47:00', NULL, NULL );

INSERT INTO "dias" VALUES ( 19905, 100, TRUE, TRUE, '1507', 16510, 12760 );
INSERT INTO "dias_line_groups" VALUES ( 19905, 40 );
INSERT INTO "times" VALUES ( 19905, 12760, '15:47:00', NULL, NULL );
INSERT INTO "times" VALUES ( 19905, 16510, NULL, '15:45:00', 90 );

INSERT INTO "dias" VALUES ( 19906, 100, TRUE, TRUE, '1600', 12760, 16510 );
INSERT INTO "dias_line_groups" VALUES ( 19906, 40 );
INSERT INTO "times" VALUES ( 19906, 12760, NULL, '16:00:00', 90 );
INSERT INTO "times" VALUES ( 19906, 16510, '16:02:00', NULL, NULL );

INSERT INTO "dias" VALUES ( 19907, 100, TRUE, TRUE, '1601', 16510, 12760 );
INSERT INTO "dias_line_groups" VALUES ( 19907, 40 );
INSERT INTO "times" VALUES ( 19907, 12760, '16:02:00', NULL, NULL );
INSERT INTO "times" VALUES ( 19907, 16510, NULL, '16:00:00', 90 );

INSERT INTO "dias" VALUES ( 19908, 100, TRUE, TRUE, '1602', 12760, 16510 );
INSERT INTO "dias_line_groups" VALUES ( 19908, 40 );
INSERT INTO "times" VALUES ( 19908, 12760, NULL, '16:15:00', 90 );
INSERT INTO "times" VALUES ( 19908, 16510, '16:17:00', NULL, NULL );

INSERT INTO "dias" VALUES ( 19909, 100, TRUE, TRUE, '1603', 16510, 12760 );
INSERT INTO "dias_line_groups" VALUES ( 19909, 40 );
INSERT INTO "times" VALUES ( 19909, 12760, '16:17:00', NULL, NULL );
INSERT INTO "times" VALUES ( 19909, 16510, NULL, '16:15:00', 90 );

INSERT INTO "dias" VALUES ( 19910, 100, TRUE, TRUE, '1604', 12760, 16510 );
INSERT INTO "dias_line_groups" VALUES ( 19910, 40 );
INSERT INTO "times" VALUES ( 19910, 12760, NULL, '16:30:00', 90 );
INSERT INTO "times" VALUES ( 19910, 16510, '16:32:00', NULL, NULL );

INSERT INTO "dias" VALUES ( 19911, 100, TRUE, TRUE, '1605', 16510, 12760 );
INSERT INTO "dias_line_groups" VALUES ( 19911, 40 );
INSERT INTO "times" VALUES ( 19911, 12760, '16:32:00', NULL, NULL );
INSERT INTO "times" VALUES ( 19911, 16510, NULL, '16:30:00', 90 );

INSERT INTO "dias" VALUES ( 19912, 100, TRUE, TRUE, '1606', 12760, 16510 );
INSERT INTO "dias_line_groups" VALUES ( 19912, 40 );
INSERT INTO "times" VALUES ( 19912, 12760, NULL, '16:45:00', 90 );
INSERT INTO "times" VALUES ( 19912, 16510, '16:47:00', NULL, NULL );

INSERT INTO "dias" VALUES ( 19913, 100, TRUE, TRUE, '1607', 16510, 12760 );
INSERT INTO "dias_line_groups" VALUES ( 19913, 40 );
INSERT INTO "times" VALUES ( 19913, 12760, '16:47:00', NULL, NULL );
INSERT INTO "times" VALUES ( 19913, 16510, NULL, '16:45:00', 90 );

INSERT INTO "dias" VALUES ( 19914, 100, TRUE, TRUE, '1700', 12760, 16510 );
INSERT INTO "dias_line_groups" VALUES ( 19914, 40 );
INSERT INTO "times" VALUES ( 19914, 12760, NULL, '17:00:00', 90 );
INSERT INTO "times" VALUES ( 19914, 16510, '17:02:00', NULL, NULL );

INSERT INTO "dias" VALUES ( 19915, 100, TRUE, TRUE, '1701', 16510, 12760 );
INSERT INTO "dias_line_groups" VALUES ( 19915, 40 );
INSERT INTO "times" VALUES ( 19915, 12760, '17:02:00', NULL, NULL );
INSERT INTO "times" VALUES ( 19915, 16510, NULL, '17:00:00', 90 );

INSERT INTO "dias" VALUES ( 19916, 100, TRUE, TRUE, '1702', 12760, 16510 );
INSERT INTO "dias_line_groups" VALUES ( 19916, 40 );
INSERT INTO "times" VALUES ( 19916, 12760, NULL, '17:15:00', 90 );
INSERT INTO "times" VALUES ( 19916, 16510, '17:17:00', NULL, NULL );

INSERT INTO "dias" VALUES ( 19917, 100, TRUE, TRUE, '1703', 16510, 12760 );
INSERT INTO "dias_line_groups" VALUES ( 19917, 40 );
INSERT INTO "times" VALUES ( 19917, 12760, '17:17:00', NULL, NULL );
INSERT INTO "times" VALUES ( 19917, 16510, NULL, '17:15:00', 90 );

INSERT INTO "dias" VALUES ( 19918, 100, TRUE, TRUE, '1704', 12760, 16510 );
INSERT INTO "dias_line_groups" VALUES ( 19918, 40 );
INSERT INTO "times" VALUES ( 19918, 12760, NULL, '17:30:00', 90 );
INSERT INTO "times" VALUES ( 19918, 16510, '17:32:00', NULL, NULL );

INSERT INTO "dias" VALUES ( 19919, 100, TRUE, TRUE, '1705', 16510, 12760 );
INSERT INTO "dias_line_groups" VALUES ( 19919, 40 );
INSERT INTO "times" VALUES ( 19919, 12760, '17:32:00', NULL, NULL );
INSERT INTO "times" VALUES ( 19919, 16510, NULL, '17:30:00', 90 );

INSERT INTO "dias" VALUES ( 19920, 100, TRUE, TRUE, '1706', 12760, 16510 );
INSERT INTO "dias_line_groups" VALUES ( 19920, 40 );
INSERT INTO "times" VALUES ( 19920, 12760, NULL, '17:45:00', 90 );
INSERT INTO "times" VALUES ( 19920, 16510, '17:47:00', NULL, NULL );

INSERT INTO "dias" VALUES ( 19921, 100, TRUE, TRUE, '1707', 16510, 12760 );
INSERT INTO "dias_line_groups" VALUES ( 19921, 40 );
INSERT INTO "times" VALUES ( 19921, 12760, '17:47:00', NULL, NULL );
INSERT INTO "times" VALUES ( 19921, 16510, NULL, '17:45:00', 90 );

INSERT INTO "dias" VALUES ( 19922, 100, TRUE, TRUE, '1800', 12760, 16510 );
INSERT INTO "dias_line_groups" VALUES ( 19922, 40 );
INSERT INTO "times" VALUES ( 19922, 12760, NULL, '18:00:00', 90 );
INSERT INTO "times" VALUES ( 19922, 16510, '18:02:00', NULL, NULL );

INSERT INTO "dias" VALUES ( 19923, 100, TRUE, TRUE, '1801', 16510, 12760 );
INSERT INTO "dias_line_groups" VALUES ( 19923, 40 );
INSERT INTO "times" VALUES ( 19923, 12760, '18:02:00', NULL, NULL );
INSERT INTO "times" VALUES ( 19923, 16510, NULL, '18:00:00', 90 );

INSERT INTO "dias" VALUES ( 19924, 100, TRUE, TRUE, '1802', 12760, 16510 );
INSERT INTO "dias_line_groups" VALUES ( 19924, 40 );
INSERT INTO "times" VALUES ( 19924, 12760, NULL, '18:15:00', 90 );
INSERT INTO "times" VALUES ( 19924, 16510, '18:17:00', NULL, NULL );

INSERT INTO "dias" VALUES ( 19925, 100, TRUE, TRUE, '1803', 16510, 12760 );
INSERT INTO "dias_line_groups" VALUES ( 19925, 40 );
INSERT INTO "times" VALUES ( 19925, 12760, '18:17:00', NULL, NULL );
INSERT INTO "times" VALUES ( 19925, 16510, NULL, '18:15:00', 90 );

INSERT INTO "dias" VALUES ( 19926, 100, TRUE, TRUE, '1804', 12760, 16510 );
INSERT INTO "dias_line_groups" VALUES ( 19926, 40 );
INSERT INTO "times" VALUES ( 19926, 12760, NULL, '18:30:00', 90 );
INSERT INTO "times" VALUES ( 19926, 16510, '18:32:00', NULL, NULL );

INSERT INTO "dias" VALUES ( 19927, 100, TRUE, TRUE, '1805', 16510, 12760 );
INSERT INTO "dias_line_groups" VALUES ( 19927, 40 );
INSERT INTO "times" VALUES ( 19927, 12760, '18:32:00', NULL, NULL );
INSERT INTO "times" VALUES ( 19927, 16510, NULL, '18:30:00', 90 );

INSERT INTO "dias" VALUES ( 19928, 100, TRUE, TRUE, '1806', 12760, 16510 );
INSERT INTO "dias_line_groups" VALUES ( 19928, 40 );
INSERT INTO "times" VALUES ( 19928, 12760, NULL, '18:45:00', 90 );
INSERT INTO "times" VALUES ( 19928, 16510, '18:47:00', NULL, NULL );

INSERT INTO "dias" VALUES ( 19929, 100, TRUE, TRUE, '1807', 16510, 12760 );
INSERT INTO "dias_line_groups" VALUES ( 19929, 40 );
INSERT INTO "times" VALUES ( 19929, 12760, '18:47:00', NULL, NULL );
INSERT INTO "times" VALUES ( 19929, 16510, NULL, '18:45:00', 90 );

COMMIT;
