BEGIN;
DELETE FROM "times" WHERE "times"."dia_id" > 17475;
DELETE FROM "dias_line_groups" WHERE "dias_line_groups"."dia_id" > 17475;
DELETE FROM "dias" WHERE "dias"."id" > 17475;
COMMIT;

BEGIN;
DELETE FROM "times" USING "dias" WHERE "times"."dia_id" = "dias"."id" AND "dias"."holiday" = TRUE AND "dias"."weekday" = FALSE;
DELETE FROM "dias_line_groups" USING "dias" WHERE "dias_line_groups"."dia_id" = "dias"."id" AND "dias"."holiday" = TRUE AND "dias"."weekday" = FALSE;
DELETE FROM "dias" WHERE "dias"."holiday" = TRUE AND "dias"."weekday" = FALSE;

INSERT INTO "dias" VALUES ( 17476, 895, FALSE, TRUE, 'A0900Z', 12510, 13520 );
INSERT INTO "dias_line_groups" VALUES ( 17476, 10 );
INSERT INTO "times" VALUES ( 17476, 12510, NULL, '09:00:00', 20 );
INSERT INTO "times" VALUES ( 17476, 12520, '09:01:00', '09:01:00', 20 );
INSERT INTO "times" VALUES ( 17476, 12530, '09:03:00', '09:03:00', 20 );
INSERT INTO "times" VALUES ( 17476, 12540, '09:07:00', '09:07:00', 20 );
INSERT INTO "times" VALUES ( 17476, 12870, '09:42:00', '09:42:00', 20 );
INSERT INTO "times" VALUES ( 17476, 12890, '09:45:00', '09:45:00', 20 );
INSERT INTO "times" VALUES ( 17476, 12900, '09:47:00', '09:47:00', 20 );
INSERT INTO "times" VALUES ( 17476, 13520, '09:50:00', NULL, NULL );

INSERT INTO "dias" VALUES ( 17477, 895, FALSE, TRUE, 'A0902Z', 12510, 13520 );
INSERT INTO "dias_line_groups" VALUES ( 17477, 10 );
INSERT INTO "times" VALUES ( 17477, 12510, NULL, '09:30:00', 20 );
INSERT INTO "times" VALUES ( 17477, 12520, '09:31:00', '09:31:00', 20 );
INSERT INTO "times" VALUES ( 17477, 12530, '09:33:00', '09:33:00', 20 );
INSERT INTO "times" VALUES ( 17477, 12540, '09:37:00', '09:37:00', 20 );
INSERT INTO "times" VALUES ( 17477, 12870, '10:12:00', '10:12:00', 20 );
INSERT INTO "times" VALUES ( 17477, 12890, '10:15:00', '10:15:00', 20 );
INSERT INTO "times" VALUES ( 17477, 12900, '10:17:00', '10:17:00', 20 );
INSERT INTO "times" VALUES ( 17477, 13520, '10:20:00', NULL, NULL );

INSERT INTO "dias" VALUES ( 17478, 895, FALSE, TRUE, 'A1000Z', 12510, 13520 );
INSERT INTO "dias_line_groups" VALUES ( 17478, 10 );
INSERT INTO "times" VALUES ( 17478, 12510, NULL, '10:00:00', 20 );
INSERT INTO "times" VALUES ( 17478, 12520, '10:01:00', '10:01:00', 20 );
INSERT INTO "times" VALUES ( 17478, 12530, '10:03:00', '10:03:00', 20 );
INSERT INTO "times" VALUES ( 17478, 12540, '10:07:00', '10:07:00', 20 );
INSERT INTO "times" VALUES ( 17478, 12870, '10:42:00', '10:42:00', 20 );
INSERT INTO "times" VALUES ( 17478, 12890, '10:45:00', '10:45:00', 20 );
INSERT INTO "times" VALUES ( 17478, 12900, '10:47:00', '10:47:00', 20 );
INSERT INTO "times" VALUES ( 17478, 13520, '10:50:00', NULL, NULL );

INSERT INTO "dias" VALUES ( 17479, 895, FALSE, TRUE, 'A1002Z', 12510, 13520 );
INSERT INTO "dias_line_groups" VALUES ( 17479, 10 );
INSERT INTO "times" VALUES ( 17479, 12510, NULL, '10:30:00', 20 );
INSERT INTO "times" VALUES ( 17479, 12520, '10:31:00', '10:31:00', 20 );
INSERT INTO "times" VALUES ( 17479, 12530, '10:33:00', '10:33:00', 20 );
INSERT INTO "times" VALUES ( 17479, 12540, '10:37:00', '10:37:00', 20 );
INSERT INTO "times" VALUES ( 17479, 12870, '11:12:00', '11:12:00', 20 );
INSERT INTO "times" VALUES ( 17479, 12890, '11:15:00', '11:15:00', 20 );
INSERT INTO "times" VALUES ( 17479, 12900, '11:17:00', '11:17:00', 20 );
INSERT INTO "times" VALUES ( 17479, 13520, '11:20:00', NULL, NULL );

INSERT INTO "dias" VALUES ( 17480, 895, FALSE, TRUE, 'A1100Z', 12510, 13520 );
INSERT INTO "dias_line_groups" VALUES ( 17480, 10 );
INSERT INTO "times" VALUES ( 17480, 12510, NULL, '11:00:00', 20 );
INSERT INTO "times" VALUES ( 17480, 12520, '11:01:00', '11:01:00', 20 );
INSERT INTO "times" VALUES ( 17480, 12530, '11:03:00', '11:03:00', 20 );
INSERT INTO "times" VALUES ( 17480, 12540, '11:07:00', '11:07:00', 20 );
INSERT INTO "times" VALUES ( 17480, 12870, '11:42:00', '11:42:00', 20 );
INSERT INTO "times" VALUES ( 17480, 12890, '11:45:00', '11:45:00', 20 );
INSERT INTO "times" VALUES ( 17480, 12900, '11:47:00', '11:47:00', 20 );
INSERT INTO "times" VALUES ( 17480, 13520, '11:50:00', NULL, NULL );

INSERT INTO "dias" VALUES ( 17481, 895, FALSE, TRUE, 'A1501A', 13520, 12510 );
INSERT INTO "dias_line_groups" VALUES ( 17481, 10 );
INSERT INTO "times" VALUES ( 17481, 12510, '16:34:00', NULL, NULL );
INSERT INTO "times" VALUES ( 17481, 12520, '16:32:00', '16:32:00', 20 );
INSERT INTO "times" VALUES ( 17481, 12530, '16:30:00', '16:30:00', 20 );
INSERT INTO "times" VALUES ( 17481, 12540, '16:25:00', '16:26:00', 20 );
INSERT INTO "times" VALUES ( 17481, 12870, '15:50:00', '15:50:00', 20 );
INSERT INTO "times" VALUES ( 17481, 12890, '15:47:00', '15:47:00', 20 );
INSERT INTO "times" VALUES ( 17481, 12900, '15:46:00', '15:46:00', 20 );
INSERT INTO "times" VALUES ( 17481, 13520, NULL, '15:43:00', 30 );

INSERT INTO "dias" VALUES ( 17482, 895, FALSE, TRUE, 'A1601A', 13520, 12510 );
INSERT INTO "dias_line_groups" VALUES ( 17482, 10 );
INSERT INTO "times" VALUES ( 17482, 12510, '17:04:00', NULL, NULL );
INSERT INTO "times" VALUES ( 17482, 12520, '17:02:00', '17:02:00', 20 );
INSERT INTO "times" VALUES ( 17482, 12530, '17:00:00', '17:00:00', 20 );
INSERT INTO "times" VALUES ( 17482, 12540, '16:55:00', '16:56:00', 20 );
INSERT INTO "times" VALUES ( 17482, 12870, '16:20:00', '16:20:00', 20 );
INSERT INTO "times" VALUES ( 17482, 12890, '16:17:00', '16:17:00', 20 );
INSERT INTO "times" VALUES ( 17482, 12900, '16:16:00', '16:16:00', 20 );
INSERT INTO "times" VALUES ( 17482, 13520, NULL, '16:13:00', 30 );

INSERT INTO "dias" VALUES ( 17483, 895, FALSE, TRUE, 'A1603A', 13520, 12510 );
INSERT INTO "dias_line_groups" VALUES ( 17483, 10 );
INSERT INTO "times" VALUES ( 17483, 12510, '17:34:00', NULL, NULL );
INSERT INTO "times" VALUES ( 17483, 12520, '17:32:00', '17:32:00', 20 );
INSERT INTO "times" VALUES ( 17483, 12530, '17:30:00', '17:30:00', 20 );
INSERT INTO "times" VALUES ( 17483, 12540, '17:25:00', '17:26:00', 20 );
INSERT INTO "times" VALUES ( 17483, 12870, '16:50:00', '16:50:00', 20 );
INSERT INTO "times" VALUES ( 17483, 12890, '16:47:00', '16:47:00', 20 );
INSERT INTO "times" VALUES ( 17483, 12900, '16:46:00', '16:46:00', 20 );
INSERT INTO "times" VALUES ( 17483, 13520, NULL, '16:43:00', 30 );

INSERT INTO "dias" VALUES ( 17484, 895, FALSE, TRUE, 'A1701A', 13520, 12510 );
INSERT INTO "dias_line_groups" VALUES ( 17484, 10 );
INSERT INTO "times" VALUES ( 17484, 12510, '18:04:00', NULL, NULL );
INSERT INTO "times" VALUES ( 17484, 12520, '18:02:00', '18:02:00', 20 );
INSERT INTO "times" VALUES ( 17484, 12530, '18:00:00', '18:00:00', 20 );
INSERT INTO "times" VALUES ( 17484, 12540, '17:55:00', '17:56:00', 20 );
INSERT INTO "times" VALUES ( 17484, 12870, '17:20:00', '17:20:00', 20 );
INSERT INTO "times" VALUES ( 17484, 12890, '17:17:00', '17:17:00', 20 );
INSERT INTO "times" VALUES ( 17484, 12900, '17:16:00', '17:16:00', 20 );
INSERT INTO "times" VALUES ( 17484, 13520, NULL, '17:13:00', 30 );

INSERT INTO "dias" VALUES ( 17485, 895, FALSE, TRUE, 'A1703A', 13520, 12510 );
INSERT INTO "dias_line_groups" VALUES ( 17485, 10 );
INSERT INTO "times" VALUES ( 17485, 12510, '18:34:00', NULL, NULL );
INSERT INTO "times" VALUES ( 17485, 12520, '18:32:00', '18:32:00', 20 );
INSERT INTO "times" VALUES ( 17485, 12530, '18:30:00', '18:30:00', 20 );
INSERT INTO "times" VALUES ( 17485, 12540, '18:25:00', '18:26:00', 20 );
INSERT INTO "times" VALUES ( 17485, 12870, '17:50:00', '17:50:00', 20 );
INSERT INTO "times" VALUES ( 17485, 12890, '17:47:00', '17:47:00', 20 );
INSERT INTO "times" VALUES ( 17485, 12900, '17:46:00', '17:46:00', 20 );
INSERT INTO "times" VALUES ( 17485, 13520, NULL, '17:43:00', 30 );

INSERT INTO "dias" VALUES ( 17486, 180, FALSE, TRUE, 'B0600Z', 12510, 13520 );
INSERT INTO "dias_line_groups" VALUES ( 17486, 10 );
INSERT INTO "times" VALUES ( 17486, 12510, NULL, '06:40:00', 20 );
INSERT INTO "times" VALUES ( 17486, 12520, '06:41:00', '06:41:00', 20 );
INSERT INTO "times" VALUES ( 17486, 12530, '06:43:00', '06:43:00', 20 );
INSERT INTO "times" VALUES ( 17486, 12540, '06:47:00', '06:47:00', 20 );
INSERT INTO "times" VALUES ( 17486, 12710, '07:00:00', '07:01:00', 20 );
INSERT INTO "times" VALUES ( 17486, 12740, '07:07:00', '07:07:00', 20 );
INSERT INTO "times" VALUES ( 17486, 12780, '07:17:00', '07:17:00', 20 );
INSERT INTO "times" VALUES ( 17486, 12800, '07:20:00', '07:20:00', 20 );
INSERT INTO "times" VALUES ( 17486, 12870, '07:26:00', '07:26:00', 20 );
INSERT INTO "times" VALUES ( 17486, 12890, '07:29:00', '07:29:00', 20 );
INSERT INTO "times" VALUES ( 17486, 12900, '07:31:00', '07:31:00', 20 );
INSERT INTO "times" VALUES ( 17486, 13520, '07:34:00', NULL, NULL );

INSERT INTO "dias" VALUES ( 17487, 180, FALSE, TRUE, 'B0601A', 13520, 12510 );
INSERT INTO "dias_line_groups" VALUES ( 17487, 10 );
INSERT INTO "times" VALUES ( 17487, 12510, '07:04:00', NULL, NULL );
INSERT INTO "times" VALUES ( 17487, 12520, '07:02:00', '07:02:00', 20 );
INSERT INTO "times" VALUES ( 17487, 12530, '07:00:00', '07:00:00', 20 );
INSERT INTO "times" VALUES ( 17487, 12540, '06:57:00', '06:57:00', 20 );
INSERT INTO "times" VALUES ( 17487, 12710, '06:42:00', '06:43:00', 20 );
INSERT INTO "times" VALUES ( 17487, 12740, '06:36:00', '06:37:00', 20 );
INSERT INTO "times" VALUES ( 17487, 12780, '06:26:00', '06:26:00', 20 );
INSERT INTO "times" VALUES ( 17487, 12800, '06:23:00', '06:23:00', 20 );
INSERT INTO "times" VALUES ( 17487, 12870, '06:17:00', '06:17:00', 20 );
INSERT INTO "times" VALUES ( 17487, 12890, '06:14:00', '06:14:00', 20 );
INSERT INTO "times" VALUES ( 17487, 12900, '06:13:00', '06:13:00', 20 );
INSERT INTO "times" VALUES ( 17487, 13520, NULL, '06:10:00', 30 );

INSERT INTO "dias" VALUES ( 17488, 180, FALSE, TRUE, 'B0603A', 13520, 12510 );
INSERT INTO "dias_line_groups" VALUES ( 17488, 10 );
INSERT INTO "times" VALUES ( 17488, 12510, '07:24:00', NULL, NULL );
INSERT INTO "times" VALUES ( 17488, 12520, '07:22:00', '07:22:00', 20 );
INSERT INTO "times" VALUES ( 17488, 12530, '07:20:00', '07:20:00', 20 );
INSERT INTO "times" VALUES ( 17488, 12540, '07:16:00', '07:17:00', 20 );
INSERT INTO "times" VALUES ( 17488, 12710, '07:02:00', '07:02:00', 20 );
INSERT INTO "times" VALUES ( 17488, 12740, '06:56:00', '06:56:00', 20 );
INSERT INTO "times" VALUES ( 17488, 12780, '06:46:00', '06:46:00', 20 );
INSERT INTO "times" VALUES ( 17488, 12800, '06:43:00', '06:43:00', 20 );
INSERT INTO "times" VALUES ( 17488, 12870, '06:37:00', '06:37:00', 20 );
INSERT INTO "times" VALUES ( 17488, 12890, '06:34:00', '06:34:00', 20 );
INSERT INTO "times" VALUES ( 17488, 12900, '06:33:00', '06:33:00', 20 );
INSERT INTO "times" VALUES ( 17488, 13520, NULL, '06:30:00', 30 );

INSERT INTO "dias" VALUES ( 17489, 180, FALSE, TRUE, 'B0605A', 13520, 12510 );
INSERT INTO "dias_line_groups" VALUES ( 17489, 10 );
INSERT INTO "times" VALUES ( 17489, 12510, '07:45:00', NULL, NULL );
INSERT INTO "times" VALUES ( 17489, 12520, '07:43:00', '07:43:00', 20 );
INSERT INTO "times" VALUES ( 17489, 12530, '07:41:00', '07:41:00', 20 );
INSERT INTO "times" VALUES ( 17489, 12540, '07:38:00', '07:38:00', 20 );
INSERT INTO "times" VALUES ( 17489, 12710, '07:22:00', '07:23:00', 20 );
INSERT INTO "times" VALUES ( 17489, 12740, '07:17:00', '07:17:00', 20 );
INSERT INTO "times" VALUES ( 17489, 12780, '07:06:00', '07:06:00', 20 );
INSERT INTO "times" VALUES ( 17489, 12800, '07:03:00', '07:03:00', 20 );
INSERT INTO "times" VALUES ( 17489, 12870, '06:57:00', '06:57:00', 20 );
INSERT INTO "times" VALUES ( 17489, 12890, '06:54:00', '06:54:00', 20 );
INSERT INTO "times" VALUES ( 17489, 12900, '06:53:00', '06:53:00', 20 );
INSERT INTO "times" VALUES ( 17489, 13520, NULL, '06:50:00', 30 );

INSERT INTO "dias" VALUES ( 17490, 180, FALSE, TRUE, 'B0700Z', 12510, 13520 );
INSERT INTO "dias_line_groups" VALUES ( 17490, 10 );
INSERT INTO "times" VALUES ( 17490, 12510, NULL, '07:00:00', 20 );
INSERT INTO "times" VALUES ( 17490, 12520, '07:01:00', '07:01:00', 20 );
INSERT INTO "times" VALUES ( 17490, 12530, '07:03:00', '07:03:00', 20 );
INSERT INTO "times" VALUES ( 17490, 12540, '07:07:00', '07:07:00', 20 );
INSERT INTO "times" VALUES ( 17490, 12710, '07:21:00', '07:22:00', 20 );
INSERT INTO "times" VALUES ( 17490, 12740, '07:27:00', '07:27:00', 20 );
INSERT INTO "times" VALUES ( 17490, 12780, '07:38:00', '07:38:00', 20 );
INSERT INTO "times" VALUES ( 17490, 12800, '07:40:00', '07:41:00', 20 );
INSERT INTO "times" VALUES ( 17490, 12870, '07:47:00', '07:47:00', 20 );
INSERT INTO "times" VALUES ( 17490, 12890, '07:49:00', '07:49:00', 20 );
INSERT INTO "times" VALUES ( 17490, 12900, '07:52:00', '07:52:00', 20 );
INSERT INTO "times" VALUES ( 17490, 13520, '07:55:00', NULL, NULL );

INSERT INTO "dias" VALUES ( 17491, 180, FALSE, TRUE, 'B0701A', 13520, 12510 );
INSERT INTO "dias_line_groups" VALUES ( 17491, 10 );
INSERT INTO "times" VALUES ( 17491, 12510, '08:05:00', NULL, NULL );
INSERT INTO "times" VALUES ( 17491, 12520, '08:03:00', '08:03:00', 20 );
INSERT INTO "times" VALUES ( 17491, 12530, '08:01:00', '08:01:00', 20 );
INSERT INTO "times" VALUES ( 17491, 12540, '07:58:00', '07:58:00', 20 );
INSERT INTO "times" VALUES ( 17491, 12710, '07:42:00', '07:43:00', 20 );
INSERT INTO "times" VALUES ( 17491, 12740, '07:37:00', '07:37:00', 20 );
INSERT INTO "times" VALUES ( 17491, 12780, '07:26:00', '07:26:00', 20 );
INSERT INTO "times" VALUES ( 17491, 12800, '07:23:00', '07:23:00', 20 );
INSERT INTO "times" VALUES ( 17491, 12870, '07:17:00', '07:17:00', 20 );
INSERT INTO "times" VALUES ( 17491, 12890, '07:14:00', '07:14:00', 20 );
INSERT INTO "times" VALUES ( 17491, 12900, '07:13:00', '07:13:00', 20 );
INSERT INTO "times" VALUES ( 17491, 13520, NULL, '07:10:00', 30 );

INSERT INTO "dias" VALUES ( 17492, 180, FALSE, TRUE, 'B0702Z', 12510, 13520 );
INSERT INTO "dias_line_groups" VALUES ( 17492, 10 );
INSERT INTO "times" VALUES ( 17492, 12510, NULL, '07:20:00', 20 );
INSERT INTO "times" VALUES ( 17492, 12520, '07:21:00', '07:21:00', 20 );
INSERT INTO "times" VALUES ( 17492, 12530, '07:23:00', '07:23:00', 20 );
INSERT INTO "times" VALUES ( 17492, 12540, '07:27:00', '07:27:00', 20 );
INSERT INTO "times" VALUES ( 17492, 12710, '07:41:00', '07:42:00', 20 );
INSERT INTO "times" VALUES ( 17492, 12740, '07:47:00', '07:47:00', 20 );
INSERT INTO "times" VALUES ( 17492, 12780, '07:57:00', '07:58:00', 20 );
INSERT INTO "times" VALUES ( 17492, 12800, '08:01:00', '08:01:00', 20 );
INSERT INTO "times" VALUES ( 17492, 12870, '08:07:00', '08:07:00', 20 );
INSERT INTO "times" VALUES ( 17492, 12890, '08:09:00', '08:09:00', 20 );
INSERT INTO "times" VALUES ( 17492, 12900, '08:11:00', '08:11:00', 20 );
INSERT INTO "times" VALUES ( 17492, 13520, '08:15:00', NULL, NULL );

INSERT INTO "dias" VALUES ( 17493, 180, FALSE, TRUE, 'B0703A', 13520, 12510 );
INSERT INTO "dias_line_groups" VALUES ( 17493, 10 );
INSERT INTO "times" VALUES ( 17493, 12510, '08:25:00', NULL, NULL );
INSERT INTO "times" VALUES ( 17493, 12520, '08:23:00', '08:23:00', 20 );
INSERT INTO "times" VALUES ( 17493, 12530, '08:22:00', '08:22:00', 20 );
INSERT INTO "times" VALUES ( 17493, 12540, '08:18:00', '08:19:00', 20 );
INSERT INTO "times" VALUES ( 17493, 12710, '08:02:00', '08:03:00', 20 );
INSERT INTO "times" VALUES ( 17493, 12740, '07:57:00', '07:57:00', 20 );
INSERT INTO "times" VALUES ( 17493, 12780, '07:46:00', '07:46:00', 20 );
INSERT INTO "times" VALUES ( 17493, 12800, '07:43:00', '07:43:00', 20 );
INSERT INTO "times" VALUES ( 17493, 12870, '07:37:00', '07:37:00', 20 );
INSERT INTO "times" VALUES ( 17493, 12890, '07:34:00', '07:34:00', 20 );
INSERT INTO "times" VALUES ( 17493, 12900, '07:33:00', '07:33:00', 20 );
INSERT INTO "times" VALUES ( 17493, 13520, NULL, '07:30:00', 30 );

INSERT INTO "dias" VALUES ( 17494, 180, FALSE, TRUE, 'B0704Z', 12510, 13520 );
INSERT INTO "dias_line_groups" VALUES ( 17494, 10 );
INSERT INTO "times" VALUES ( 17494, 12510, NULL, '07:30:00', 20 );
INSERT INTO "times" VALUES ( 17494, 12520, '07:31:00', '07:31:00', 20 );
INSERT INTO "times" VALUES ( 17494, 12530, '07:33:00', '07:33:00', 20 );
INSERT INTO "times" VALUES ( 17494, 12540, '07:37:00', '07:37:00', 20 );
INSERT INTO "times" VALUES ( 17494, 12710, '07:52:00', '07:53:00', 20 );
INSERT INTO "times" VALUES ( 17494, 12740, '07:58:00', '07:58:00', 20 );
INSERT INTO "times" VALUES ( 17494, 12780, '08:09:00', '08:09:00', 20 );
INSERT INTO "times" VALUES ( 17494, 12800, '08:12:00', '08:12:00', 20 );
INSERT INTO "times" VALUES ( 17494, 12870, '08:18:00', '08:18:00', 20 );
INSERT INTO "times" VALUES ( 17494, 12890, '08:20:00', '08:20:00', 20 );
INSERT INTO "times" VALUES ( 17494, 12900, '08:22:00', '08:22:00', 20 );
INSERT INTO "times" VALUES ( 17494, 13520, '08:26:00', NULL, NULL );

INSERT INTO "dias" VALUES ( 17495, 180, FALSE, TRUE, 'B0705A', 13520, 12510 );
INSERT INTO "dias_line_groups" VALUES ( 17495, 10 );
INSERT INTO "times" VALUES ( 17495, 12510, '08:45:00', NULL, NULL );
INSERT INTO "times" VALUES ( 17495, 12520, '08:43:00', '08:43:00', 20 );
INSERT INTO "times" VALUES ( 17495, 12530, '08:41:00', '08:41:00', 20 );
INSERT INTO "times" VALUES ( 17495, 12540, '08:38:00', '08:38:00', 20 );
INSERT INTO "times" VALUES ( 17495, 12710, '08:22:00', '08:23:00', 20 );
INSERT INTO "times" VALUES ( 17495, 12740, '08:17:00', '08:17:00', 20 );
INSERT INTO "times" VALUES ( 17495, 12780, '08:06:00', '08:06:00', 20 );
INSERT INTO "times" VALUES ( 17495, 12800, '08:04:00', '08:04:00', 20 );
INSERT INTO "times" VALUES ( 17495, 12870, '07:57:00', '07:57:00', 20 );
INSERT INTO "times" VALUES ( 17495, 12890, '07:54:00', '07:54:00', 20 );
INSERT INTO "times" VALUES ( 17495, 12900, '07:53:00', '07:53:00', 20 );
INSERT INTO "times" VALUES ( 17495, 13520, NULL, '07:50:00', 30 );

INSERT INTO "dias" VALUES ( 17496, 180, FALSE, TRUE, 'B0706Z', 12510, 13520 );
INSERT INTO "dias_line_groups" VALUES ( 17496, 10 );
INSERT INTO "times" VALUES ( 17496, 12510, NULL, '07:40:00', 20 );
INSERT INTO "times" VALUES ( 17496, 12520, '07:41:00', '07:41:00', 20 );
INSERT INTO "times" VALUES ( 17496, 12530, '07:43:00', '07:43:00', 20 );
INSERT INTO "times" VALUES ( 17496, 12540, '07:47:00', '07:47:00', 20 );
INSERT INTO "times" VALUES ( 17496, 12710, '08:02:00', '08:03:00', 20 );
INSERT INTO "times" VALUES ( 17496, 12740, '08:08:00', '08:08:00', 20 );
INSERT INTO "times" VALUES ( 17496, 12780, '08:19:00', '08:19:00', 20 );
INSERT INTO "times" VALUES ( 17496, 12800, '08:22:00', '08:22:00', 20 );
INSERT INTO "times" VALUES ( 17496, 12870, '08:28:00', '08:28:00', 20 );
INSERT INTO "times" VALUES ( 17496, 12890, '08:30:00', '08:30:00', 20 );
INSERT INTO "times" VALUES ( 17496, 12900, '08:32:00', '08:32:00', 20 );
INSERT INTO "times" VALUES ( 17496, 13520, '08:36:00', NULL, NULL );

INSERT INTO "dias" VALUES ( 17497, 180, FALSE, TRUE, 'B0708Z', 12510, 13520 );
INSERT INTO "dias_line_groups" VALUES ( 17497, 10 );
INSERT INTO "times" VALUES ( 17497, 12510, NULL, '07:50:00', 20 );
INSERT INTO "times" VALUES ( 17497, 12520, '07:51:00', '07:51:00', 20 );
INSERT INTO "times" VALUES ( 17497, 12530, '07:53:00', '07:53:00', 20 );
INSERT INTO "times" VALUES ( 17497, 12540, '07:57:00', '07:57:00', 20 );
INSERT INTO "times" VALUES ( 17497, 12710, '08:12:00', '08:13:00', 20 );
INSERT INTO "times" VALUES ( 17497, 12740, '08:18:00', '08:18:00', 20 );
INSERT INTO "times" VALUES ( 17497, 12780, '08:29:00', '08:29:00', 20 );
INSERT INTO "times" VALUES ( 17497, 12800, '08:32:00', '08:32:00', 20 );
INSERT INTO "times" VALUES ( 17497, 12870, '08:38:00', '08:38:00', 20 );
INSERT INTO "times" VALUES ( 17497, 12890, '08:40:00', '08:40:00', 20 );
INSERT INTO "times" VALUES ( 17497, 12900, '08:42:00', '08:42:00', 20 );
INSERT INTO "times" VALUES ( 17497, 13520, '08:46:00', NULL, NULL );

INSERT INTO "dias" VALUES ( 17498, 180, FALSE, TRUE, 'B0800Z', 12510, 13520 );
INSERT INTO "dias_line_groups" VALUES ( 17498, 10 );
INSERT INTO "times" VALUES ( 17498, 12510, NULL, '08:00:00', 20 );
INSERT INTO "times" VALUES ( 17498, 12520, '08:01:00', '08:01:00', 20 );
INSERT INTO "times" VALUES ( 17498, 12530, '08:03:00', '08:03:00', 20 );
INSERT INTO "times" VALUES ( 17498, 12540, '08:07:00', '08:07:00', 20 );
INSERT INTO "times" VALUES ( 17498, 12710, '08:22:00', '08:23:00', 20 );
INSERT INTO "times" VALUES ( 17498, 12740, '08:28:00', '08:28:00', 20 );
INSERT INTO "times" VALUES ( 17498, 12780, '08:39:00', '08:39:00', 20 );
INSERT INTO "times" VALUES ( 17498, 12800, '08:42:00', '08:42:00', 20 );
INSERT INTO "times" VALUES ( 17498, 12870, '08:48:00', '08:48:00', 20 );
INSERT INTO "times" VALUES ( 17498, 12890, '08:50:00', '08:50:00', 20 );
INSERT INTO "times" VALUES ( 17498, 12900, '08:52:00', '08:52:00', 20 );
INSERT INTO "times" VALUES ( 17498, 13520, '08:56:00', NULL, NULL );

INSERT INTO "dias" VALUES ( 17499, 180, FALSE, TRUE, 'B0801A', 13520, 12510 );
INSERT INTO "dias_line_groups" VALUES ( 17499, 10 );
INSERT INTO "times" VALUES ( 17499, 12510, '08:56:00', NULL, NULL );
INSERT INTO "times" VALUES ( 17499, 12520, '08:54:00', '08:54:00', 20 );
INSERT INTO "times" VALUES ( 17499, 12530, '08:52:00', '08:52:00', 20 );
INSERT INTO "times" VALUES ( 17499, 12540, '08:49:00', '08:49:00', 20 );
INSERT INTO "times" VALUES ( 17499, 12710, '08:33:00', '08:34:00', 20 );
INSERT INTO "times" VALUES ( 17499, 12740, '08:28:00', '08:28:00', 20 );
INSERT INTO "times" VALUES ( 17499, 12780, '08:17:00', '08:17:00', 20 );
INSERT INTO "times" VALUES ( 17499, 12800, '08:14:00', '08:14:00', 20 );
INSERT INTO "times" VALUES ( 17499, 12870, '08:08:00', '08:08:00', 20 );
INSERT INTO "times" VALUES ( 17499, 12890, '08:05:00', '08:05:00', 20 );
INSERT INTO "times" VALUES ( 17499, 12900, '08:04:00', '08:04:00', 20 );
INSERT INTO "times" VALUES ( 17499, 13520, NULL, '08:01:00', 30 );

INSERT INTO "dias" VALUES ( 17500, 180, FALSE, TRUE, 'B0802Z', 12510, 13520 );
INSERT INTO "dias_line_groups" VALUES ( 17500, 10 );
INSERT INTO "times" VALUES ( 17500, 12510, NULL, '08:10:00', 20 );
INSERT INTO "times" VALUES ( 17500, 12520, '08:11:00', '08:11:00', 20 );
INSERT INTO "times" VALUES ( 17500, 12530, '08:13:00', '08:13:00', 20 );
INSERT INTO "times" VALUES ( 17500, 12540, '08:17:00', '08:17:00', 20 );
INSERT INTO "times" VALUES ( 17500, 12710, '08:32:00', '08:33:00', 20 );
INSERT INTO "times" VALUES ( 17500, 12740, '08:38:00', '08:38:00', 20 );
INSERT INTO "times" VALUES ( 17500, 12780, '08:49:00', '08:49:00', 20 );
INSERT INTO "times" VALUES ( 17500, 12800, '08:51:00', '08:51:00', 20 );
INSERT INTO "times" VALUES ( 17500, 12870, '08:57:00', '08:57:00', 20 );
INSERT INTO "times" VALUES ( 17500, 12890, '09:00:00', '09:00:00', 20 );
INSERT INTO "times" VALUES ( 17500, 12900, '09:02:00', '09:02:00', 20 );
INSERT INTO "times" VALUES ( 17500, 13520, '09:06:00', NULL, NULL );

INSERT INTO "dias" VALUES ( 17501, 180, FALSE, TRUE, 'B0803A', 13520, 12510 );
INSERT INTO "dias_line_groups" VALUES ( 17501, 10 );
INSERT INTO "times" VALUES ( 17501, 12510, '09:12:00', NULL, NULL );
INSERT INTO "times" VALUES ( 17501, 12520, '09:10:00', '09:10:00', 20 );
INSERT INTO "times" VALUES ( 17501, 12530, '09:08:00', '09:08:00', 20 );
INSERT INTO "times" VALUES ( 17501, 12540, '09:03:00', '09:05:00', 20 );
INSERT INTO "times" VALUES ( 17501, 12710, '08:46:00', '08:47:00', 20 );
INSERT INTO "times" VALUES ( 17501, 12740, '08:41:00', '08:41:00', 20 );
INSERT INTO "times" VALUES ( 17501, 12780, '08:30:00', '08:30:00', 20 );
INSERT INTO "times" VALUES ( 17501, 12800, '08:26:00', '08:27:00', 20 );
INSERT INTO "times" VALUES ( 17501, 12870, '08:20:00', '08:20:00', 20 );
INSERT INTO "times" VALUES ( 17501, 12890, '08:18:00', '08:18:00', 20 );
INSERT INTO "times" VALUES ( 17501, 12900, '08:16:00', '08:16:00', 20 );
INSERT INTO "times" VALUES ( 17501, 13520, NULL, '08:13:00', 30 );

INSERT INTO "dias" VALUES ( 17502, 180, FALSE, TRUE, 'B0804Z', 12510, 13520 );
INSERT INTO "dias_line_groups" VALUES ( 17502, 10 );
INSERT INTO "times" VALUES ( 17502, 12510, NULL, '08:20:00', 20 );
INSERT INTO "times" VALUES ( 17502, 12520, '08:21:00', '08:21:00', 20 );
INSERT INTO "times" VALUES ( 17502, 12530, '08:23:00', '08:23:00', 20 );
INSERT INTO "times" VALUES ( 17502, 12540, '08:27:00', '08:27:00', 20 );
INSERT INTO "times" VALUES ( 17502, 12710, '08:42:00', '08:43:00', 20 );
INSERT INTO "times" VALUES ( 17502, 12740, '08:48:00', '08:48:00', 20 );
INSERT INTO "times" VALUES ( 17502, 12780, '08:59:00', '08:59:00', 20 );
INSERT INTO "times" VALUES ( 17502, 12800, '09:01:00', '09:01:00', 20 );
INSERT INTO "times" VALUES ( 17502, 12870, '09:07:00', '09:07:00', 20 );
INSERT INTO "times" VALUES ( 17502, 12890, '09:10:00', '09:10:00', 20 );
INSERT INTO "times" VALUES ( 17502, 12900, '09:12:00', '09:12:00', 20 );
INSERT INTO "times" VALUES ( 17502, 13520, '09:16:00', NULL, NULL );

INSERT INTO "dias" VALUES ( 17503, 180, FALSE, TRUE, 'B0805A', 13520, 12510 );
INSERT INTO "dias_line_groups" VALUES ( 17503, 10 );
INSERT INTO "times" VALUES ( 17503, 12510, '09:22:00', NULL, NULL );
INSERT INTO "times" VALUES ( 17503, 12520, '09:20:00', '09:20:00', 20 );
INSERT INTO "times" VALUES ( 17503, 12530, '09:18:00', '09:18:00', 20 );
INSERT INTO "times" VALUES ( 17503, 12540, '09:14:00', '09:15:00', 20 );
INSERT INTO "times" VALUES ( 17503, 12710, '08:57:00', '08:58:00', 20 );
INSERT INTO "times" VALUES ( 17503, 12740, '08:52:00', '08:52:00', 20 );
INSERT INTO "times" VALUES ( 17503, 12780, '08:41:00', '08:41:00', 20 );
INSERT INTO "times" VALUES ( 17503, 12800, '08:37:00', '08:38:00', 20 );
INSERT INTO "times" VALUES ( 17503, 12870, '08:31:00', '08:31:00', 20 );
INSERT INTO "times" VALUES ( 17503, 12890, '08:28:00', '08:28:00', 20 );
INSERT INTO "times" VALUES ( 17503, 12900, '08:27:00', '08:27:00', 20 );
INSERT INTO "times" VALUES ( 17503, 13520, NULL, '08:24:00', 30 );

INSERT INTO "dias" VALUES ( 17504, 180, FALSE, TRUE, 'B0806Z', 12510, 13520 );
INSERT INTO "dias_line_groups" VALUES ( 17504, 10 );
INSERT INTO "times" VALUES ( 17504, 12510, NULL, '08:30:00', 20 );
INSERT INTO "times" VALUES ( 17504, 12520, '08:31:00', '08:31:00', 20 );
INSERT INTO "times" VALUES ( 17504, 12530, '08:33:00', '08:33:00', 20 );
INSERT INTO "times" VALUES ( 17504, 12540, '08:37:00', '08:37:00', 20 );
INSERT INTO "times" VALUES ( 17504, 12710, '08:51:00', '08:52:00', 20 );
INSERT INTO "times" VALUES ( 17504, 12740, '08:56:00', '08:57:00', 20 );
INSERT INTO "times" VALUES ( 17504, 12780, '09:09:00', '09:09:00', 20 );
INSERT INTO "times" VALUES ( 17504, 12800, '09:11:00', '09:11:00', 20 );
INSERT INTO "times" VALUES ( 17504, 12870, '09:17:00', '09:17:00', 20 );
INSERT INTO "times" VALUES ( 17504, 12890, '09:20:00', '09:20:00', 20 );
INSERT INTO "times" VALUES ( 17504, 12900, '09:22:00', '09:22:00', 20 );
INSERT INTO "times" VALUES ( 17504, 13520, '09:25:00', NULL, NULL );

INSERT INTO "dias" VALUES ( 17505, 180, FALSE, TRUE, 'B0807A', 13520, 12510 );
INSERT INTO "dias_line_groups" VALUES ( 17505, 10 );
INSERT INTO "times" VALUES ( 17505, 12510, '09:32:00', NULL, NULL );
INSERT INTO "times" VALUES ( 17505, 12520, '09:30:00', '09:30:00', 20 );
INSERT INTO "times" VALUES ( 17505, 12530, '09:28:00', '09:28:00', 20 );
INSERT INTO "times" VALUES ( 17505, 12540, '09:24:00', '09:25:00', 20 );
INSERT INTO "times" VALUES ( 17505, 12710, '09:07:00', '09:08:00', 20 );
INSERT INTO "times" VALUES ( 17505, 12740, '09:01:00', '09:02:00', 20 );
INSERT INTO "times" VALUES ( 17505, 12780, '08:51:00', '08:51:00', 20 );
INSERT INTO "times" VALUES ( 17505, 12800, '08:48:00', '08:48:00', 20 );
INSERT INTO "times" VALUES ( 17505, 12870, '08:41:00', '08:41:00', 20 );
INSERT INTO "times" VALUES ( 17505, 12890, '08:38:00', '08:38:00', 20 );
INSERT INTO "times" VALUES ( 17505, 12900, '08:37:00', '08:37:00', 20 );
INSERT INTO "times" VALUES ( 17505, 13520, NULL, '08:34:00', 30 );

INSERT INTO "dias" VALUES ( 17506, 180, FALSE, TRUE, 'B0808Z', 12510, 13520 );
INSERT INTO "dias_line_groups" VALUES ( 17506, 10 );
INSERT INTO "times" VALUES ( 17506, 12510, NULL, '08:40:00', 20 );
INSERT INTO "times" VALUES ( 17506, 12520, '08:41:00', '08:41:00', 20 );
INSERT INTO "times" VALUES ( 17506, 12530, '08:43:00', '08:43:00', 20 );
INSERT INTO "times" VALUES ( 17506, 12540, '08:47:00', '08:47:00', 20 );
INSERT INTO "times" VALUES ( 17506, 12710, '09:01:00', '09:02:00', 20 );
INSERT INTO "times" VALUES ( 17506, 12740, '09:08:00', '09:08:00', 20 );
INSERT INTO "times" VALUES ( 17506, 12780, '09:19:00', '09:19:00', 20 );
INSERT INTO "times" VALUES ( 17506, 12800, '09:21:00', '09:21:00', 20 );
INSERT INTO "times" VALUES ( 17506, 12870, '09:27:00', '09:27:00', 20 );
INSERT INTO "times" VALUES ( 17506, 12890, '09:30:00', '09:30:00', 20 );
INSERT INTO "times" VALUES ( 17506, 12900, '09:31:00', '09:32:00', 20 );
INSERT INTO "times" VALUES ( 17506, 13520, '09:36:00', NULL, NULL );

INSERT INTO "dias" VALUES ( 17507, 180, FALSE, TRUE, 'B0809A', 13520, 12510 );
INSERT INTO "dias_line_groups" VALUES ( 17507, 10 );
INSERT INTO "times" VALUES ( 17507, 12510, '09:42:00', NULL, NULL );
INSERT INTO "times" VALUES ( 17507, 12520, '09:40:00', '09:40:00', 20 );
INSERT INTO "times" VALUES ( 17507, 12530, '09:38:00', '09:38:00', 20 );
INSERT INTO "times" VALUES ( 17507, 12540, '09:33:00', '09:35:00', 20 );
INSERT INTO "times" VALUES ( 17507, 12710, '09:17:00', '09:18:00', 20 );
INSERT INTO "times" VALUES ( 17507, 12740, '09:11:00', '09:12:00', 20 );
INSERT INTO "times" VALUES ( 17507, 12780, '09:01:00', '09:01:00', 20 );
INSERT INTO "times" VALUES ( 17507, 12800, '08:58:00', '08:58:00', 20 );
INSERT INTO "times" VALUES ( 17507, 12870, '08:51:00', '08:51:00', 20 );
INSERT INTO "times" VALUES ( 17507, 12890, '08:48:00', '08:48:00', 20 );
INSERT INTO "times" VALUES ( 17507, 12900, '08:47:00', '08:47:00', 20 );
INSERT INTO "times" VALUES ( 17507, 13520, NULL, '08:44:00', 30 );

INSERT INTO "dias" VALUES ( 17508, 180, FALSE, TRUE, 'B0810Z', 12510, 13520 );
INSERT INTO "dias_line_groups" VALUES ( 17508, 10 );
INSERT INTO "times" VALUES ( 17508, 12510, NULL, '08:50:00', 20 );
INSERT INTO "times" VALUES ( 17508, 12520, '08:51:00', '08:51:00', 20 );
INSERT INTO "times" VALUES ( 17508, 12530, '08:53:00', '08:53:00', 20 );
INSERT INTO "times" VALUES ( 17508, 12540, '08:57:00', '08:57:00', 20 );
INSERT INTO "times" VALUES ( 17508, 12710, '09:10:00', '09:11:00', 20 );
INSERT INTO "times" VALUES ( 17508, 12740, '09:17:00', '09:17:00', 20 );
INSERT INTO "times" VALUES ( 17508, 12780, '09:28:00', '09:28:00', 20 );
INSERT INTO "times" VALUES ( 17508, 12800, '09:31:00', '09:31:00', 20 );
INSERT INTO "times" VALUES ( 17508, 12870, '09:37:00', '09:37:00', 20 );
INSERT INTO "times" VALUES ( 17508, 12890, '09:40:00', '09:40:00', 20 );
INSERT INTO "times" VALUES ( 17508, 12900, '09:41:00', '09:42:00', 20 );
INSERT INTO "times" VALUES ( 17508, 13520, '09:46:00', NULL, NULL );

INSERT INTO "dias" VALUES ( 17509, 180, FALSE, TRUE, 'B0811A', 13520, 12510 );
INSERT INTO "dias_line_groups" VALUES ( 17509, 10 );
INSERT INTO "times" VALUES ( 17509, 12510, '09:52:00', NULL, NULL );
INSERT INTO "times" VALUES ( 17509, 12520, '09:50:00', '09:50:00', 20 );
INSERT INTO "times" VALUES ( 17509, 12530, '09:48:00', '09:48:00', 20 );
INSERT INTO "times" VALUES ( 17509, 12540, '09:43:00', '09:45:00', 20 );
INSERT INTO "times" VALUES ( 17509, 12710, '09:27:00', '09:28:00', 20 );
INSERT INTO "times" VALUES ( 17509, 12740, '09:22:00', '09:22:00', 20 );
INSERT INTO "times" VALUES ( 17509, 12780, '09:11:00', '09:11:00', 20 );
INSERT INTO "times" VALUES ( 17509, 12800, '09:08:00', '09:08:00', 20 );
INSERT INTO "times" VALUES ( 17509, 12870, '09:01:00', '09:01:00', 20 );
INSERT INTO "times" VALUES ( 17509, 12890, '08:58:00', '08:58:00', 20 );
INSERT INTO "times" VALUES ( 17509, 12900, '08:57:00', '08:57:00', 20 );
INSERT INTO "times" VALUES ( 17509, 13520, NULL, '08:54:00', 30 );

INSERT INTO "dias" VALUES ( 17510, 180, FALSE, TRUE, 'B0900Z', 12510, 13520 );
INSERT INTO "dias_line_groups" VALUES ( 17510, 10 );
INSERT INTO "times" VALUES ( 17510, 12510, NULL, '09:10:00', 20 );
INSERT INTO "times" VALUES ( 17510, 12520, '09:11:00', '09:11:00', 20 );
INSERT INTO "times" VALUES ( 17510, 12530, '09:13:00', '09:13:00', 20 );
INSERT INTO "times" VALUES ( 17510, 12540, '09:17:00', '09:17:00', 20 );
INSERT INTO "times" VALUES ( 17510, 12710, '09:31:00', '09:32:00', 20 );
INSERT INTO "times" VALUES ( 17510, 12740, '09:38:00', '09:38:00', 20 );
INSERT INTO "times" VALUES ( 17510, 12780, '09:49:00', '09:49:00', 20 );
INSERT INTO "times" VALUES ( 17510, 12800, '09:51:00', '09:51:00', 20 );
INSERT INTO "times" VALUES ( 17510, 12870, '09:58:00', '09:58:00', 20 );
INSERT INTO "times" VALUES ( 17510, 12890, '10:01:00', '10:01:00', 20 );
INSERT INTO "times" VALUES ( 17510, 12900, '10:03:00', '10:03:00', 20 );
INSERT INTO "times" VALUES ( 17510, 13520, '10:06:00', NULL, NULL );

INSERT INTO "dias" VALUES ( 17511, 180, FALSE, TRUE, 'B0901A', 13520, 12510 );
INSERT INTO "dias_line_groups" VALUES ( 17511, 10 );
INSERT INTO "times" VALUES ( 17511, 12510, '10:02:00', NULL, NULL );
INSERT INTO "times" VALUES ( 17511, 12520, '10:00:00', '10:00:00', 20 );
INSERT INTO "times" VALUES ( 17511, 12530, '09:58:00', '09:58:00', 20 );
INSERT INTO "times" VALUES ( 17511, 12540, '09:53:00', '09:55:00', 20 );
INSERT INTO "times" VALUES ( 17511, 12710, '09:37:00', '09:38:00', 20 );
INSERT INTO "times" VALUES ( 17511, 12740, '09:32:00', '09:32:00', 20 );
INSERT INTO "times" VALUES ( 17511, 12780, '09:21:00', '09:21:00', 20 );
INSERT INTO "times" VALUES ( 17511, 12800, '09:18:00', '09:18:00', 20 );
INSERT INTO "times" VALUES ( 17511, 12870, '09:11:00', '09:11:00', 20 );
INSERT INTO "times" VALUES ( 17511, 12890, '09:09:00', '09:09:00', 20 );
INSERT INTO "times" VALUES ( 17511, 12900, '09:07:00', '09:08:00', 20 );
INSERT INTO "times" VALUES ( 17511, 13520, NULL, '09:04:00', 30 );

INSERT INTO "dias" VALUES ( 17512, 180, FALSE, TRUE, 'B0902Z', 12510, 13520 );
INSERT INTO "dias_line_groups" VALUES ( 17512, 10 );
INSERT INTO "times" VALUES ( 17512, 12510, NULL, '09:20:00', 20 );
INSERT INTO "times" VALUES ( 17512, 12520, '09:21:00', '09:21:00', 20 );
INSERT INTO "times" VALUES ( 17512, 12530, '09:23:00', '09:23:00', 20 );
INSERT INTO "times" VALUES ( 17512, 12540, '09:27:00', '09:27:00', 20 );
INSERT INTO "times" VALUES ( 17512, 12710, '09:40:00', '09:41:00', 20 );
INSERT INTO "times" VALUES ( 17512, 12740, '09:47:00', '09:47:00', 20 );
INSERT INTO "times" VALUES ( 17512, 12780, '09:58:00', '09:58:00', 20 );
INSERT INTO "times" VALUES ( 17512, 12800, '10:01:00', '10:01:00', 20 );
INSERT INTO "times" VALUES ( 17512, 12870, '10:07:00', '10:07:00', 20 );
INSERT INTO "times" VALUES ( 17512, 12890, '10:10:00', '10:10:00', 20 );
INSERT INTO "times" VALUES ( 17512, 12900, '10:12:00', '10:13:00', 20 );
INSERT INTO "times" VALUES ( 17512, 13520, '10:16:00', NULL, NULL );

INSERT INTO "dias" VALUES ( 17513, 180, FALSE, TRUE, 'B0903A', 13520, 12510 );
INSERT INTO "dias_line_groups" VALUES ( 17513, 10 );
INSERT INTO "times" VALUES ( 17513, 12510, '10:12:00', NULL, NULL );
INSERT INTO "times" VALUES ( 17513, 12520, '10:10:00', '10:10:00', 20 );
INSERT INTO "times" VALUES ( 17513, 12530, '10:08:00', '10:08:00', 20 );
INSERT INTO "times" VALUES ( 17513, 12540, '10:03:00', '10:05:00', 20 );
INSERT INTO "times" VALUES ( 17513, 12710, '09:47:00', '09:48:00', 20 );
INSERT INTO "times" VALUES ( 17513, 12740, '09:42:00', '09:42:00', 20 );
INSERT INTO "times" VALUES ( 17513, 12780, '09:31:00', '09:31:00', 20 );
INSERT INTO "times" VALUES ( 17513, 12800, '09:28:00', '09:28:00', 20 );
INSERT INTO "times" VALUES ( 17513, 12870, '09:21:00', '09:21:00', 20 );
INSERT INTO "times" VALUES ( 17513, 12890, '09:19:00', '09:19:00', 20 );
INSERT INTO "times" VALUES ( 17513, 12900, '09:17:00', '09:18:00', 20 );
INSERT INTO "times" VALUES ( 17513, 13520, NULL, '09:14:00', 30 );

INSERT INTO "dias" VALUES ( 17514, 180, FALSE, TRUE, 'B0904Z', 12510, 13520 );
INSERT INTO "dias_line_groups" VALUES ( 17514, 10 );
INSERT INTO "times" VALUES ( 17514, 12510, NULL, '09:40:00', 20 );
INSERT INTO "times" VALUES ( 17514, 12520, '09:41:00', '09:41:00', 20 );
INSERT INTO "times" VALUES ( 17514, 12530, '09:43:00', '09:43:00', 20 );
INSERT INTO "times" VALUES ( 17514, 12540, '09:46:00', '09:47:00', 20 );
INSERT INTO "times" VALUES ( 17514, 12710, '10:02:00', '10:02:00', 20 );
INSERT INTO "times" VALUES ( 17514, 12740, '10:07:00', '10:08:00', 20 );
INSERT INTO "times" VALUES ( 17514, 12780, '10:19:00', '10:19:00', 20 );
INSERT INTO "times" VALUES ( 17514, 12800, '10:22:00', '10:22:00', 20 );
INSERT INTO "times" VALUES ( 17514, 12870, '10:28:00', '10:28:00', 20 );
INSERT INTO "times" VALUES ( 17514, 12890, '10:31:00', '10:31:00', 20 );
INSERT INTO "times" VALUES ( 17514, 12900, '10:33:00', '10:33:00', 20 );
INSERT INTO "times" VALUES ( 17514, 13520, '10:36:00', NULL, NULL );

INSERT INTO "dias" VALUES ( 17515, 180, FALSE, TRUE, 'B0905A', 13520, 12510 );
INSERT INTO "dias_line_groups" VALUES ( 17515, 10 );
INSERT INTO "times" VALUES ( 17515, 12510, '10:22:00', NULL, NULL );
INSERT INTO "times" VALUES ( 17515, 12520, '10:20:00', '10:20:00', 20 );
INSERT INTO "times" VALUES ( 17515, 12530, '10:18:00', '10:18:00', 20 );
INSERT INTO "times" VALUES ( 17515, 12540, '10:13:00', '10:15:00', 20 );
INSERT INTO "times" VALUES ( 17515, 12710, '09:57:00', '09:58:00', 20 );
INSERT INTO "times" VALUES ( 17515, 12740, '09:52:00', '09:52:00', 20 );
INSERT INTO "times" VALUES ( 17515, 12780, '09:41:00', '09:41:00', 20 );
INSERT INTO "times" VALUES ( 17515, 12800, '09:38:00', '09:38:00', 20 );
INSERT INTO "times" VALUES ( 17515, 12870, '09:32:00', '09:32:00', 20 );
INSERT INTO "times" VALUES ( 17515, 12890, '09:29:00', '09:29:00', 20 );
INSERT INTO "times" VALUES ( 17515, 12900, '09:27:00', '09:28:00', 20 );
INSERT INTO "times" VALUES ( 17515, 13520, NULL, '09:24:00', 30 );

INSERT INTO "dias" VALUES ( 17516, 180, FALSE, TRUE, 'B0906Z', 12510, 13520 );
INSERT INTO "dias_line_groups" VALUES ( 17516, 10 );
INSERT INTO "times" VALUES ( 17516, 12510, NULL, '09:50:00', 20 );
INSERT INTO "times" VALUES ( 17516, 12520, '09:51:00', '09:51:00', 20 );
INSERT INTO "times" VALUES ( 17516, 12530, '09:53:00', '09:53:00', 20 );
INSERT INTO "times" VALUES ( 17516, 12540, '09:57:00', '09:57:00', 20 );
INSERT INTO "times" VALUES ( 17516, 12710, '10:10:00', '10:11:00', 20 );
INSERT INTO "times" VALUES ( 17516, 12740, '10:17:00', '10:17:00', 20 );
INSERT INTO "times" VALUES ( 17516, 12780, '10:28:00', '10:28:00', 20 );
INSERT INTO "times" VALUES ( 17516, 12800, '10:31:00', '10:31:00', 20 );
INSERT INTO "times" VALUES ( 17516, 12870, '10:37:00', '10:37:00', 20 );
INSERT INTO "times" VALUES ( 17516, 12890, '10:40:00', '10:40:00', 20 );
INSERT INTO "times" VALUES ( 17516, 12900, '10:43:00', '10:43:00', 20 );
INSERT INTO "times" VALUES ( 17516, 13520, '10:46:00', NULL, NULL );

INSERT INTO "dias" VALUES ( 17517, 180, FALSE, TRUE, 'B0907A', 13520, 12510 );
INSERT INTO "dias_line_groups" VALUES ( 17517, 10 );
INSERT INTO "times" VALUES ( 17517, 12510, '10:32:00', NULL, NULL );
INSERT INTO "times" VALUES ( 17517, 12520, '10:30:00', '10:30:00', 20 );
INSERT INTO "times" VALUES ( 17517, 12530, '10:28:00', '10:28:00', 20 );
INSERT INTO "times" VALUES ( 17517, 12540, '10:23:00', '10:25:00', 20 );
INSERT INTO "times" VALUES ( 17517, 12710, '10:07:00', '10:08:00', 20 );
INSERT INTO "times" VALUES ( 17517, 12740, '10:03:00', '10:03:00', 20 );
INSERT INTO "times" VALUES ( 17517, 12780, '09:52:00', '09:52:00', 20 );
INSERT INTO "times" VALUES ( 17517, 12800, '09:49:00', '09:49:00', 20 );
INSERT INTO "times" VALUES ( 17517, 12870, '09:42:00', '09:42:00', 20 );
INSERT INTO "times" VALUES ( 17517, 12890, '09:40:00', '09:40:00', 20 );
INSERT INTO "times" VALUES ( 17517, 12900, '09:37:00', '09:38:00', 20 );
INSERT INTO "times" VALUES ( 17517, 13520, NULL, '09:34:00', 30 );

INSERT INTO "dias" VALUES ( 17518, 180, FALSE, TRUE, 'B0909A', 13520, 12510 );
INSERT INTO "dias_line_groups" VALUES ( 17518, 10 );
INSERT INTO "times" VALUES ( 17518, 12510, '10:42:00', NULL, NULL );
INSERT INTO "times" VALUES ( 17518, 12520, '10:40:00', '10:40:00', 20 );
INSERT INTO "times" VALUES ( 17518, 12530, '10:38:00', '10:38:00', 20 );
INSERT INTO "times" VALUES ( 17518, 12540, '10:33:00', '10:35:00', 20 );
INSERT INTO "times" VALUES ( 17518, 12710, '10:17:00', '10:18:00', 20 );
INSERT INTO "times" VALUES ( 17518, 12740, '10:13:00', '10:13:00', 20 );
INSERT INTO "times" VALUES ( 17518, 12780, '10:02:00', '10:02:00', 20 );
INSERT INTO "times" VALUES ( 17518, 12800, '09:59:00', '09:59:00', 20 );
INSERT INTO "times" VALUES ( 17518, 12870, '09:52:00', '09:52:00', 20 );
INSERT INTO "times" VALUES ( 17518, 12890, '09:50:00', '09:50:00', 20 );
INSERT INTO "times" VALUES ( 17518, 12900, '09:47:00', '09:48:00', 20 );
INSERT INTO "times" VALUES ( 17518, 13520, NULL, '09:44:00', 30 );

INSERT INTO "dias" VALUES ( 17519, 180, FALSE, TRUE, 'B0911A', 13520, 12510 );
INSERT INTO "dias_line_groups" VALUES ( 17519, 10 );
INSERT INTO "times" VALUES ( 17519, 12510, '10:52:00', NULL, NULL );
INSERT INTO "times" VALUES ( 17519, 12520, '10:50:00', '10:50:00', 20 );
INSERT INTO "times" VALUES ( 17519, 12530, '10:48:00', '10:48:00', 20 );
INSERT INTO "times" VALUES ( 17519, 12540, '10:44:00', '10:45:00', 20 );
INSERT INTO "times" VALUES ( 17519, 12710, '10:27:00', '10:28:00', 20 );
INSERT INTO "times" VALUES ( 17519, 12740, '10:23:00', '10:23:00', 20 );
INSERT INTO "times" VALUES ( 17519, 12780, '10:12:00', '10:12:00', 20 );
INSERT INTO "times" VALUES ( 17519, 12800, '10:09:00', '10:09:00', 20 );
INSERT INTO "times" VALUES ( 17519, 12870, '10:02:00', '10:02:00', 20 );
INSERT INTO "times" VALUES ( 17519, 12890, '10:00:00', '10:00:00', 20 );
INSERT INTO "times" VALUES ( 17519, 12900, '09:58:00', '09:58:00', 20 );
INSERT INTO "times" VALUES ( 17519, 13520, NULL, '09:55:00', 30 );

INSERT INTO "dias" VALUES ( 17520, 180, FALSE, TRUE, 'B1000Z', 12510, 13520 );
INSERT INTO "dias_line_groups" VALUES ( 17520, 10 );
INSERT INTO "times" VALUES ( 17520, 12510, NULL, '10:10:00', 20 );
INSERT INTO "times" VALUES ( 17520, 12520, '10:11:00', '10:11:00', 20 );
INSERT INTO "times" VALUES ( 17520, 12530, '10:13:00', '10:13:00', 20 );
INSERT INTO "times" VALUES ( 17520, 12540, '10:16:00', '10:17:00', 20 );
INSERT INTO "times" VALUES ( 17520, 12710, '10:31:00', '10:32:00', 20 );
INSERT INTO "times" VALUES ( 17520, 12740, '10:37:00', '10:37:00', 20 );
INSERT INTO "times" VALUES ( 17520, 12780, '10:49:00', '10:49:00', 20 );
INSERT INTO "times" VALUES ( 17520, 12800, '10:51:00', '10:51:00', 20 );
INSERT INTO "times" VALUES ( 17520, 12870, '10:57:00', '10:57:00', 20 );
INSERT INTO "times" VALUES ( 17520, 12890, '11:00:00', '11:00:00', 20 );
INSERT INTO "times" VALUES ( 17520, 12900, '11:03:00', '11:03:00', 20 );
INSERT INTO "times" VALUES ( 17520, 13520, '11:06:00', NULL, NULL );

INSERT INTO "dias" VALUES ( 17521, 180, FALSE, TRUE, 'B1001A', 13520, 12510 );
INSERT INTO "dias_line_groups" VALUES ( 17521, 10 );
INSERT INTO "times" VALUES ( 17521, 12510, '11:02:00', NULL, NULL );
INSERT INTO "times" VALUES ( 17521, 12520, '11:00:00', '11:00:00', 20 );
INSERT INTO "times" VALUES ( 17521, 12530, '10:58:00', '10:58:00', 20 );
INSERT INTO "times" VALUES ( 17521, 12540, '10:53:00', '10:55:00', 20 );
INSERT INTO "times" VALUES ( 17521, 12710, '10:37:00', '10:38:00', 20 );
INSERT INTO "times" VALUES ( 17521, 12740, '10:33:00', '10:33:00', 20 );
INSERT INTO "times" VALUES ( 17521, 12780, '10:22:00', '10:22:00', 20 );
INSERT INTO "times" VALUES ( 17521, 12800, '10:19:00', '10:19:00', 20 );
INSERT INTO "times" VALUES ( 17521, 12870, '10:12:00', '10:12:00', 20 );
INSERT INTO "times" VALUES ( 17521, 12890, '10:10:00', '10:10:00', 20 );
INSERT INTO "times" VALUES ( 17521, 12900, '10:09:00', '10:09:00', 20 );
INSERT INTO "times" VALUES ( 17521, 13520, NULL, '10:05:00', 30 );

INSERT INTO "dias" VALUES ( 17522, 180, FALSE, TRUE, 'B1002Z', 12510, 13520 );
INSERT INTO "dias_line_groups" VALUES ( 17522, 10 );
INSERT INTO "times" VALUES ( 17522, 12510, NULL, '10:20:00', 20 );
INSERT INTO "times" VALUES ( 17522, 12520, '10:21:00', '10:21:00', 20 );
INSERT INTO "times" VALUES ( 17522, 12530, '10:23:00', '10:23:00', 20 );
INSERT INTO "times" VALUES ( 17522, 12540, '10:27:00', '10:27:00', 20 );
INSERT INTO "times" VALUES ( 17522, 12710, '10:40:00', '10:41:00', 20 );
INSERT INTO "times" VALUES ( 17522, 12740, '10:47:00', '10:47:00', 20 );
INSERT INTO "times" VALUES ( 17522, 12780, '10:58:00', '10:58:00', 20 );
INSERT INTO "times" VALUES ( 17522, 12800, '11:01:00', '11:01:00', 20 );
INSERT INTO "times" VALUES ( 17522, 12870, '11:07:00', '11:07:00', 20 );
INSERT INTO "times" VALUES ( 17522, 12890, '11:10:00', '11:10:00', 20 );
INSERT INTO "times" VALUES ( 17522, 12900, '11:12:00', '11:13:00', 20 );
INSERT INTO "times" VALUES ( 17522, 13520, '11:16:00', NULL, NULL );

INSERT INTO "dias" VALUES ( 17523, 180, FALSE, TRUE, 'B1003A', 13520, 12510 );
INSERT INTO "dias_line_groups" VALUES ( 17523, 10 );
INSERT INTO "times" VALUES ( 17523, 12510, '11:12:00', NULL, NULL );
INSERT INTO "times" VALUES ( 17523, 12520, '11:10:00', '11:10:00', 20 );
INSERT INTO "times" VALUES ( 17523, 12530, '11:08:00', '11:08:00', 20 );
INSERT INTO "times" VALUES ( 17523, 12540, '11:03:00', '11:05:00', 20 );
INSERT INTO "times" VALUES ( 17523, 12710, '10:48:00', '10:49:00', 20 );
INSERT INTO "times" VALUES ( 17523, 12740, '10:43:00', '10:43:00', 20 );
INSERT INTO "times" VALUES ( 17523, 12780, '10:32:00', '10:32:00', 20 );
INSERT INTO "times" VALUES ( 17523, 12800, '10:29:00', '10:29:00', 20 );
INSERT INTO "times" VALUES ( 17523, 12870, '10:22:00', '10:22:00', 20 );
INSERT INTO "times" VALUES ( 17523, 12890, '10:20:00', '10:20:00', 20 );
INSERT INTO "times" VALUES ( 17523, 12900, '10:17:00', '10:19:00', 20 );
INSERT INTO "times" VALUES ( 17523, 13520, NULL, '10:14:00', 30 );

INSERT INTO "dias" VALUES ( 17524, 180, FALSE, TRUE, 'B1004Z', 12510, 13520 );
INSERT INTO "dias_line_groups" VALUES ( 17524, 10 );
INSERT INTO "times" VALUES ( 17524, 12510, NULL, '10:40:00', 20 );
INSERT INTO "times" VALUES ( 17524, 12520, '10:41:00', '10:41:00', 20 );
INSERT INTO "times" VALUES ( 17524, 12530, '10:43:00', '10:43:00', 20 );
INSERT INTO "times" VALUES ( 17524, 12540, '10:46:00', '10:47:00', 20 );
INSERT INTO "times" VALUES ( 17524, 12710, '11:01:00', '11:02:00', 20 );
INSERT INTO "times" VALUES ( 17524, 12740, '11:07:00', '11:07:00', 20 );
INSERT INTO "times" VALUES ( 17524, 12780, '11:19:00', '11:19:00', 20 );
INSERT INTO "times" VALUES ( 17524, 12800, '11:21:00', '11:21:00', 20 );
INSERT INTO "times" VALUES ( 17524, 12870, '11:27:00', '11:27:00', 20 );
INSERT INTO "times" VALUES ( 17524, 12890, '11:30:00', '11:30:00', 20 );
INSERT INTO "times" VALUES ( 17524, 12900, '11:33:00', '11:33:00', 20 );
INSERT INTO "times" VALUES ( 17524, 13520, '11:36:00', NULL, NULL );

INSERT INTO "dias" VALUES ( 17525, 180, FALSE, TRUE, 'B1005A', 13520, 12510 );
INSERT INTO "dias_line_groups" VALUES ( 17525, 10 );
INSERT INTO "times" VALUES ( 17525, 12510, '11:22:00', NULL, NULL );
INSERT INTO "times" VALUES ( 17525, 12520, '11:20:00', '11:20:00', 20 );
INSERT INTO "times" VALUES ( 17525, 12530, '11:18:00', '11:18:00', 20 );
INSERT INTO "times" VALUES ( 17525, 12540, '11:14:00', '11:15:00', 20 );
INSERT INTO "times" VALUES ( 17525, 12710, '10:58:00', '10:59:00', 20 );
INSERT INTO "times" VALUES ( 17525, 12740, '10:53:00', '10:53:00', 20 );
INSERT INTO "times" VALUES ( 17525, 12780, '10:42:00', '10:42:00', 20 );
INSERT INTO "times" VALUES ( 17525, 12800, '10:39:00', '10:39:00', 20 );
INSERT INTO "times" VALUES ( 17525, 12870, '10:32:00', '10:32:00', 20 );
INSERT INTO "times" VALUES ( 17525, 12890, '10:30:00', '10:30:00', 20 );
INSERT INTO "times" VALUES ( 17525, 12900, '10:28:00', '10:29:00', 20 );
INSERT INTO "times" VALUES ( 17525, 13520, NULL, '10:25:00', 30 );

INSERT INTO "dias" VALUES ( 17526, 180, FALSE, TRUE, 'B1006Z', 12510, 13520 );
INSERT INTO "dias_line_groups" VALUES ( 17526, 10 );
INSERT INTO "times" VALUES ( 17526, 12510, NULL, '10:50:00', 20 );
INSERT INTO "times" VALUES ( 17526, 12520, '10:51:00', '10:51:00', 20 );
INSERT INTO "times" VALUES ( 17526, 12530, '10:53:00', '10:53:00', 20 );
INSERT INTO "times" VALUES ( 17526, 12540, '10:57:00', '10:57:00', 20 );
INSERT INTO "times" VALUES ( 17526, 12710, '11:10:00', '11:11:00', 20 );
INSERT INTO "times" VALUES ( 17526, 12740, '11:17:00', '11:17:00', 20 );
INSERT INTO "times" VALUES ( 17526, 12780, '11:28:00', '11:28:00', 20 );
INSERT INTO "times" VALUES ( 17526, 12800, '11:31:00', '11:31:00', 20 );
INSERT INTO "times" VALUES ( 17526, 12870, '11:37:00', '11:37:00', 20 );
INSERT INTO "times" VALUES ( 17526, 12890, '11:40:00', '11:40:00', 20 );
INSERT INTO "times" VALUES ( 17526, 12900, '11:42:00', '11:43:00', 20 );
INSERT INTO "times" VALUES ( 17526, 13520, '11:46:00', NULL, NULL );

INSERT INTO "dias" VALUES ( 17527, 180, FALSE, TRUE, 'B1007A', 13520, 12510 );
INSERT INTO "dias_line_groups" VALUES ( 17527, 10 );
INSERT INTO "times" VALUES ( 17527, 12510, '11:32:00', NULL, NULL );
INSERT INTO "times" VALUES ( 17527, 12520, '11:30:00', '11:30:00', 20 );
INSERT INTO "times" VALUES ( 17527, 12530, '11:28:00', '11:28:00', 20 );
INSERT INTO "times" VALUES ( 17527, 12540, '11:24:00', '11:25:00', 20 );
INSERT INTO "times" VALUES ( 17527, 12710, '11:08:00', '11:09:00', 20 );
INSERT INTO "times" VALUES ( 17527, 12740, '11:03:00', '11:03:00', 20 );
INSERT INTO "times" VALUES ( 17527, 12780, '10:51:00', '10:52:00', 20 );
INSERT INTO "times" VALUES ( 17527, 12800, '10:49:00', '10:49:00', 20 );
INSERT INTO "times" VALUES ( 17527, 12870, '10:42:00', '10:42:00', 20 );
INSERT INTO "times" VALUES ( 17527, 12890, '10:40:00', '10:40:00', 20 );
INSERT INTO "times" VALUES ( 17527, 12900, '10:38:00', '10:39:00', 20 );
INSERT INTO "times" VALUES ( 17527, 13520, NULL, '10:35:00', 30 );

INSERT INTO "dias" VALUES ( 17528, 180, FALSE, TRUE, 'B1009A', 13520, 12510 );
INSERT INTO "dias_line_groups" VALUES ( 17528, 10 );
INSERT INTO "times" VALUES ( 17528, 12510, '11:42:00', NULL, NULL );
INSERT INTO "times" VALUES ( 17528, 12520, '11:40:00', '11:40:00', 20 );
INSERT INTO "times" VALUES ( 17528, 12530, '11:38:00', '11:38:00', 20 );
INSERT INTO "times" VALUES ( 17528, 12540, '11:34:00', '11:35:00', 20 );
INSERT INTO "times" VALUES ( 17528, 12710, '11:18:00', '11:19:00', 20 );
INSERT INTO "times" VALUES ( 17528, 12740, '11:13:00', '11:13:00', 20 );
INSERT INTO "times" VALUES ( 17528, 12780, '11:02:00', '11:02:00', 20 );
INSERT INTO "times" VALUES ( 17528, 12800, '10:59:00', '10:59:00', 20 );
INSERT INTO "times" VALUES ( 17528, 12870, '10:52:00', '10:52:00', 20 );
INSERT INTO "times" VALUES ( 17528, 12890, '10:50:00', '10:50:00', 20 );
INSERT INTO "times" VALUES ( 17528, 12900, '10:47:00', '10:49:00', 20 );
INSERT INTO "times" VALUES ( 17528, 13520, NULL, '10:44:00', 30 );

INSERT INTO "dias" VALUES ( 17529, 180, FALSE, TRUE, 'B1011A', 13520, 12510 );
INSERT INTO "dias_line_groups" VALUES ( 17529, 10 );
INSERT INTO "times" VALUES ( 17529, 12510, '11:52:00', NULL, NULL );
INSERT INTO "times" VALUES ( 17529, 12520, '11:50:00', '11:50:00', 20 );
INSERT INTO "times" VALUES ( 17529, 12530, '11:48:00', '11:48:00', 20 );
INSERT INTO "times" VALUES ( 17529, 12540, '11:44:00', '11:45:00', 20 );
INSERT INTO "times" VALUES ( 17529, 12710, '11:28:00', '11:29:00', 20 );
INSERT INTO "times" VALUES ( 17529, 12740, '11:23:00', '11:23:00', 20 );
INSERT INTO "times" VALUES ( 17529, 12780, '11:12:00', '11:12:00', 20 );
INSERT INTO "times" VALUES ( 17529, 12800, '11:09:00', '11:09:00', 20 );
INSERT INTO "times" VALUES ( 17529, 12870, '11:02:00', '11:02:00', 20 );
INSERT INTO "times" VALUES ( 17529, 12890, '11:00:00', '11:00:00', 20 );
INSERT INTO "times" VALUES ( 17529, 12900, '10:58:00', '10:59:00', 20 );
INSERT INTO "times" VALUES ( 17529, 13520, NULL, '10:55:00', 30 );

INSERT INTO "dias" VALUES ( 17530, 180, FALSE, TRUE, 'B1100Z', 12510, 13520 );
INSERT INTO "dias_line_groups" VALUES ( 17530, 10 );
INSERT INTO "times" VALUES ( 17530, 12510, NULL, '11:10:00', 20 );
INSERT INTO "times" VALUES ( 17530, 12520, '11:11:00', '11:11:00', 20 );
INSERT INTO "times" VALUES ( 17530, 12530, '11:14:00', '11:14:00', 20 );
INSERT INTO "times" VALUES ( 17530, 12540, '11:17:00', '11:17:00', 20 );
INSERT INTO "times" VALUES ( 17530, 12710, '11:32:00', '11:33:00', 20 );
INSERT INTO "times" VALUES ( 17530, 12740, '11:38:00', '11:38:00', 20 );
INSERT INTO "times" VALUES ( 17530, 12780, '11:49:00', '11:49:00', 20 );
INSERT INTO "times" VALUES ( 17530, 12800, '11:52:00', '11:52:00', 20 );
INSERT INTO "times" VALUES ( 17530, 12870, '11:58:00', '11:58:00', 20 );
INSERT INTO "times" VALUES ( 17530, 12890, '12:01:00', '12:01:00', 20 );
INSERT INTO "times" VALUES ( 17530, 12900, '12:02:00', '12:03:00', 20 );
INSERT INTO "times" VALUES ( 17530, 13520, '12:06:00', NULL, NULL );

INSERT INTO "dias" VALUES ( 17531, 180, FALSE, TRUE, 'B1101A', 13520, 12510 );
INSERT INTO "dias_line_groups" VALUES ( 17531, 10 );
INSERT INTO "times" VALUES ( 17531, 12510, '12:02:00', NULL, NULL );
INSERT INTO "times" VALUES ( 17531, 12520, '12:00:00', '12:00:00', 20 );
INSERT INTO "times" VALUES ( 17531, 12530, '11:58:00', '11:58:00', 20 );
INSERT INTO "times" VALUES ( 17531, 12540, '11:54:00', '11:55:00', 20 );
INSERT INTO "times" VALUES ( 17531, 12710, '11:38:00', '11:39:00', 20 );
INSERT INTO "times" VALUES ( 17531, 12740, '11:33:00', '11:33:00', 20 );
INSERT INTO "times" VALUES ( 17531, 12780, '11:21:00', '11:22:00', 20 );
INSERT INTO "times" VALUES ( 17531, 12800, '11:19:00', '11:19:00', 20 );
INSERT INTO "times" VALUES ( 17531, 12870, '11:12:00', '11:12:00', 20 );
INSERT INTO "times" VALUES ( 17531, 12890, '11:10:00', '11:10:00', 20 );
INSERT INTO "times" VALUES ( 17531, 12900, '11:08:00', '11:09:00', 20 );
INSERT INTO "times" VALUES ( 17531, 13520, NULL, '11:05:00', 30 );

INSERT INTO "dias" VALUES ( 17532, 180, FALSE, TRUE, 'B1102Z', 12510, 13520 );
INSERT INTO "dias_line_groups" VALUES ( 17532, 10 );
INSERT INTO "times" VALUES ( 17532, 12510, NULL, '11:20:00', 20 );
INSERT INTO "times" VALUES ( 17532, 12520, '11:21:00', '11:21:00', 20 );
INSERT INTO "times" VALUES ( 17532, 12530, '11:24:00', '11:24:00', 20 );
INSERT INTO "times" VALUES ( 17532, 12540, '11:26:00', '11:28:00', 20 );
INSERT INTO "times" VALUES ( 17532, 12710, '11:41:00', '11:42:00', 20 );
INSERT INTO "times" VALUES ( 17532, 12740, '11:47:00', '11:48:00', 20 );
INSERT INTO "times" VALUES ( 17532, 12780, '11:59:00', '11:59:00', 20 );
INSERT INTO "times" VALUES ( 17532, 12800, '12:01:00', '12:01:00', 20 );
INSERT INTO "times" VALUES ( 17532, 12870, '12:07:00', '12:07:00', 20 );
INSERT INTO "times" VALUES ( 17532, 12890, '12:10:00', '12:10:00', 20 );
INSERT INTO "times" VALUES ( 17532, 12900, '12:12:00', '12:12:00', 20 );
INSERT INTO "times" VALUES ( 17532, 13520, '12:15:00', NULL, NULL );

INSERT INTO "dias" VALUES ( 17533, 180, FALSE, TRUE, 'B1103A', 13520, 12510 );
INSERT INTO "dias_line_groups" VALUES ( 17533, 10 );
INSERT INTO "times" VALUES ( 17533, 12510, '12:12:00', NULL, NULL );
INSERT INTO "times" VALUES ( 17533, 12520, '12:10:00', '12:10:00', 20 );
INSERT INTO "times" VALUES ( 17533, 12530, '12:08:00', '12:08:00', 20 );
INSERT INTO "times" VALUES ( 17533, 12540, '12:04:00', '12:05:00', 20 );
INSERT INTO "times" VALUES ( 17533, 12710, '11:48:00', '11:49:00', 20 );
INSERT INTO "times" VALUES ( 17533, 12740, '11:43:00', '11:43:00', 20 );
INSERT INTO "times" VALUES ( 17533, 12780, '11:32:00', '11:32:00', 20 );
INSERT INTO "times" VALUES ( 17533, 12800, '11:29:00', '11:29:00', 20 );
INSERT INTO "times" VALUES ( 17533, 12870, '11:22:00', '11:22:00', 20 );
INSERT INTO "times" VALUES ( 17533, 12890, '11:20:00', '11:20:00', 20 );
INSERT INTO "times" VALUES ( 17533, 12900, '11:17:00', '11:19:00', 20 );
INSERT INTO "times" VALUES ( 17533, 13520, NULL, '11:14:00', 30 );

INSERT INTO "dias" VALUES ( 17534, 180, FALSE, TRUE, 'B1104Z', 12510, 13520 );
INSERT INTO "dias_line_groups" VALUES ( 17534, 10 );
INSERT INTO "times" VALUES ( 17534, 12510, NULL, '11:30:00', 20 );
INSERT INTO "times" VALUES ( 17534, 12520, '11:31:00', '11:31:00', 20 );
INSERT INTO "times" VALUES ( 17534, 12530, '11:33:00', '11:33:00', 20 );
INSERT INTO "times" VALUES ( 17534, 12540, '11:37:00', '11:37:00', 20 );
INSERT INTO "times" VALUES ( 17534, 12710, '11:51:00', '11:52:00', 20 );
INSERT INTO "times" VALUES ( 17534, 12740, '11:57:00', '11:58:00', 20 );
INSERT INTO "times" VALUES ( 17534, 12780, '12:09:00', '12:09:00', 20 );
INSERT INTO "times" VALUES ( 17534, 12800, '12:11:00', '12:11:00', 20 );
INSERT INTO "times" VALUES ( 17534, 12870, '12:17:00', '12:17:00', 20 );
INSERT INTO "times" VALUES ( 17534, 12890, '12:20:00', '12:20:00', 20 );
INSERT INTO "times" VALUES ( 17534, 12900, '12:22:00', '12:22:00', 20 );
INSERT INTO "times" VALUES ( 17534, 13520, '12:25:00', NULL, NULL );

INSERT INTO "dias" VALUES ( 17535, 180, FALSE, TRUE, 'B1105A', 13520, 12510 );
INSERT INTO "dias_line_groups" VALUES ( 17535, 10 );
INSERT INTO "times" VALUES ( 17535, 12510, '12:22:00', NULL, NULL );
INSERT INTO "times" VALUES ( 17535, 12520, '12:20:00', '12:20:00', 20 );
INSERT INTO "times" VALUES ( 17535, 12530, '12:18:00', '12:18:00', 20 );
INSERT INTO "times" VALUES ( 17535, 12540, '12:14:00', '12:15:00', 20 );
INSERT INTO "times" VALUES ( 17535, 12710, '11:58:00', '11:59:00', 20 );
INSERT INTO "times" VALUES ( 17535, 12740, '11:53:00', '11:53:00', 20 );
INSERT INTO "times" VALUES ( 17535, 12780, '11:42:00', '11:42:00', 20 );
INSERT INTO "times" VALUES ( 17535, 12800, '11:39:00', '11:39:00', 20 );
INSERT INTO "times" VALUES ( 17535, 12870, '11:32:00', '11:32:00', 20 );
INSERT INTO "times" VALUES ( 17535, 12890, '11:30:00', '11:30:00', 20 );
INSERT INTO "times" VALUES ( 17535, 12900, '11:28:00', '11:29:00', 20 );
INSERT INTO "times" VALUES ( 17535, 13520, NULL, '11:25:00', 30 );

INSERT INTO "dias" VALUES ( 17536, 180, FALSE, TRUE, 'B1106Z', 12510, 13520 );
INSERT INTO "dias_line_groups" VALUES ( 17536, 10 );
INSERT INTO "times" VALUES ( 17536, 12510, NULL, '11:40:00', 20 );
INSERT INTO "times" VALUES ( 17536, 12520, '11:41:00', '11:41:00', 20 );
INSERT INTO "times" VALUES ( 17536, 12530, '11:44:00', '11:44:00', 20 );
INSERT INTO "times" VALUES ( 17536, 12540, '11:46:00', '11:48:00', 20 );
INSERT INTO "times" VALUES ( 17536, 12710, '12:01:00', '12:02:00', 20 );
INSERT INTO "times" VALUES ( 17536, 12740, '12:08:00', '12:08:00', 20 );
INSERT INTO "times" VALUES ( 17536, 12780, '12:19:00', '12:19:00', 20 );
INSERT INTO "times" VALUES ( 17536, 12800, '12:21:00', '12:21:00', 20 );
INSERT INTO "times" VALUES ( 17536, 12870, '12:27:00', '12:27:00', 20 );
INSERT INTO "times" VALUES ( 17536, 12890, '12:30:00', '12:30:00', 20 );
INSERT INTO "times" VALUES ( 17536, 12900, '12:32:00', '12:32:00', 20 );
INSERT INTO "times" VALUES ( 17536, 13520, '12:35:00', NULL, NULL );

INSERT INTO "dias" VALUES ( 17537, 180, FALSE, TRUE, 'B1107A', 13520, 12510 );
INSERT INTO "dias_line_groups" VALUES ( 17537, 10 );
INSERT INTO "times" VALUES ( 17537, 12510, '12:32:00', NULL, NULL );
INSERT INTO "times" VALUES ( 17537, 12520, '12:30:00', '12:30:00', 20 );
INSERT INTO "times" VALUES ( 17537, 12530, '12:28:00', '12:28:00', 20 );
INSERT INTO "times" VALUES ( 17537, 12540, '12:24:00', '12:25:00', 20 );
INSERT INTO "times" VALUES ( 17537, 12710, '12:08:00', '12:09:00', 20 );
INSERT INTO "times" VALUES ( 17537, 12740, '12:03:00', '12:03:00', 20 );
INSERT INTO "times" VALUES ( 17537, 12780, '11:52:00', '11:52:00', 20 );
INSERT INTO "times" VALUES ( 17537, 12800, '11:49:00', '11:49:00', 20 );
INSERT INTO "times" VALUES ( 17537, 12870, '11:42:00', '11:42:00', 20 );
INSERT INTO "times" VALUES ( 17537, 12890, '11:40:00', '11:40:00', 20 );
INSERT INTO "times" VALUES ( 17537, 12900, '11:38:00', '11:39:00', 20 );
INSERT INTO "times" VALUES ( 17537, 13520, NULL, '11:35:00', 30 );

INSERT INTO "dias" VALUES ( 17538, 180, FALSE, TRUE, 'B1108Z', 12510, 13520 );
INSERT INTO "dias_line_groups" VALUES ( 17538, 10 );
INSERT INTO "times" VALUES ( 17538, 12510, NULL, '11:50:00', 20 );
INSERT INTO "times" VALUES ( 17538, 12520, '11:51:00', '11:51:00', 20 );
INSERT INTO "times" VALUES ( 17538, 12530, '11:54:00', '11:54:00', 20 );
INSERT INTO "times" VALUES ( 17538, 12540, '11:56:00', '11:58:00', 20 );
INSERT INTO "times" VALUES ( 17538, 12710, '12:11:00', '12:12:00', 20 );
INSERT INTO "times" VALUES ( 17538, 12740, '12:17:00', '12:18:00', 20 );
INSERT INTO "times" VALUES ( 17538, 12780, '12:29:00', '12:29:00', 20 );
INSERT INTO "times" VALUES ( 17538, 12800, '12:31:00', '12:31:00', 20 );
INSERT INTO "times" VALUES ( 17538, 12870, '12:37:00', '12:37:00', 20 );
INSERT INTO "times" VALUES ( 17538, 12890, '12:40:00', '12:40:00', 20 );
INSERT INTO "times" VALUES ( 17538, 12900, '12:42:00', '12:42:00', 20 );
INSERT INTO "times" VALUES ( 17538, 13520, '12:45:00', NULL, NULL );

INSERT INTO "dias" VALUES ( 17539, 180, FALSE, TRUE, 'B1109A', 13520, 12510 );
INSERT INTO "dias_line_groups" VALUES ( 17539, 10 );
INSERT INTO "times" VALUES ( 17539, 12510, '12:42:00', NULL, NULL );
INSERT INTO "times" VALUES ( 17539, 12520, '12:40:00', '12:40:00', 20 );
INSERT INTO "times" VALUES ( 17539, 12530, '12:38:00', '12:38:00', 20 );
INSERT INTO "times" VALUES ( 17539, 12540, '12:34:00', '12:35:00', 20 );
INSERT INTO "times" VALUES ( 17539, 12710, '12:19:00', '12:20:00', 20 );
INSERT INTO "times" VALUES ( 17539, 12740, '12:13:00', '12:14:00', 20 );
INSERT INTO "times" VALUES ( 17539, 12780, '12:02:00', '12:03:00', 20 );
INSERT INTO "times" VALUES ( 17539, 12800, '12:00:00', '12:00:00', 20 );
INSERT INTO "times" VALUES ( 17539, 12870, '11:52:00', '11:52:00', 20 );
INSERT INTO "times" VALUES ( 17539, 12890, '11:50:00', '11:50:00', 20 );
INSERT INTO "times" VALUES ( 17539, 12900, '11:47:00', '11:49:00', 20 );
INSERT INTO "times" VALUES ( 17539, 13520, NULL, '11:44:00', 30 );

INSERT INTO "dias" VALUES ( 17540, 180, FALSE, TRUE, 'B1111A', 13520, 12510 );
INSERT INTO "dias_line_groups" VALUES ( 17540, 10 );
INSERT INTO "times" VALUES ( 17540, 12510, '12:52:00', NULL, NULL );
INSERT INTO "times" VALUES ( 17540, 12520, '12:50:00', '12:50:00', 20 );
INSERT INTO "times" VALUES ( 17540, 12530, '12:48:00', '12:48:00', 20 );
INSERT INTO "times" VALUES ( 17540, 12540, '12:44:00', '12:45:00', 20 );
INSERT INTO "times" VALUES ( 17540, 12710, '12:29:00', '12:30:00', 20 );
INSERT INTO "times" VALUES ( 17540, 12740, '12:24:00', '12:24:00', 20 );
INSERT INTO "times" VALUES ( 17540, 12780, '12:13:00', '12:13:00', 20 );
INSERT INTO "times" VALUES ( 17540, 12800, '12:10:00', '12:10:00', 20 );
INSERT INTO "times" VALUES ( 17540, 12870, '12:03:00', '12:03:00', 20 );
INSERT INTO "times" VALUES ( 17540, 12890, '12:01:00', '12:01:00', 20 );
INSERT INTO "times" VALUES ( 17540, 12900, '11:58:00', '12:00:00', 20 );
INSERT INTO "times" VALUES ( 17540, 13520, NULL, '11:55:00', 30 );

INSERT INTO "dias" VALUES ( 17541, 180, FALSE, TRUE, 'B1200Z', 12510, 13520 );
INSERT INTO "dias_line_groups" VALUES ( 17541, 10 );
INSERT INTO "times" VALUES ( 17541, 12510, NULL, '12:00:00', 20 );
INSERT INTO "times" VALUES ( 17541, 12520, '12:01:00', '12:01:00', 20 );
INSERT INTO "times" VALUES ( 17541, 12530, '12:03:00', '12:03:00', 20 );
INSERT INTO "times" VALUES ( 17541, 12540, '12:07:00', '12:07:00', 20 );
INSERT INTO "times" VALUES ( 17541, 12710, '12:21:00', '12:22:00', 20 );
INSERT INTO "times" VALUES ( 17541, 12740, '12:27:00', '12:28:00', 20 );
INSERT INTO "times" VALUES ( 17541, 12780, '12:39:00', '12:39:00', 20 );
INSERT INTO "times" VALUES ( 17541, 12800, '12:41:00', '12:41:00', 20 );
INSERT INTO "times" VALUES ( 17541, 12870, '12:47:00', '12:47:00', 20 );
INSERT INTO "times" VALUES ( 17541, 12890, '12:50:00', '12:50:00', 20 );
INSERT INTO "times" VALUES ( 17541, 12900, '12:52:00', '12:52:00', 20 );
INSERT INTO "times" VALUES ( 17541, 13520, '12:55:00', NULL, NULL );

INSERT INTO "dias" VALUES ( 17542, 180, FALSE, TRUE, 'B1201A', 13520, 12510 );
INSERT INTO "dias_line_groups" VALUES ( 17542, 10 );
INSERT INTO "times" VALUES ( 17542, 12510, '13:02:00', NULL, NULL );
INSERT INTO "times" VALUES ( 17542, 12520, '13:00:00', '13:00:00', 20 );
INSERT INTO "times" VALUES ( 17542, 12530, '12:58:00', '12:58:00', 20 );
INSERT INTO "times" VALUES ( 17542, 12540, '12:54:00', '12:55:00', 20 );
INSERT INTO "times" VALUES ( 17542, 12710, '12:39:00', '12:40:00', 20 );
INSERT INTO "times" VALUES ( 17542, 12740, '12:34:00', '12:34:00', 20 );
INSERT INTO "times" VALUES ( 17542, 12780, '12:23:00', '12:23:00', 20 );
INSERT INTO "times" VALUES ( 17542, 12800, '12:20:00', '12:20:00', 20 );
INSERT INTO "times" VALUES ( 17542, 12870, '12:13:00', '12:13:00', 20 );
INSERT INTO "times" VALUES ( 17542, 12890, '12:11:00', '12:11:00', 20 );
INSERT INTO "times" VALUES ( 17542, 12900, '12:08:00', '12:10:00', 20 );
INSERT INTO "times" VALUES ( 17542, 13520, NULL, '12:05:00', 30 );

INSERT INTO "dias" VALUES ( 17543, 180, FALSE, TRUE, 'B1202Z', 12510, 13520 );
INSERT INTO "dias_line_groups" VALUES ( 17543, 10 );
INSERT INTO "times" VALUES ( 17543, 12510, NULL, '12:10:00', 20 );
INSERT INTO "times" VALUES ( 17543, 12520, '12:11:00', '12:11:00', 20 );
INSERT INTO "times" VALUES ( 17543, 12530, '12:14:00', '12:14:00', 20 );
INSERT INTO "times" VALUES ( 17543, 12540, '12:16:00', '12:18:00', 20 );
INSERT INTO "times" VALUES ( 17543, 12710, '12:31:00', '12:32:00', 20 );
INSERT INTO "times" VALUES ( 17543, 12740, '12:38:00', '12:38:00', 20 );
INSERT INTO "times" VALUES ( 17543, 12780, '12:49:00', '12:49:00', 20 );
INSERT INTO "times" VALUES ( 17543, 12800, '12:51:00', '12:51:00', 20 );
INSERT INTO "times" VALUES ( 17543, 12870, '12:57:00', '12:57:00', 20 );
INSERT INTO "times" VALUES ( 17543, 12890, '13:00:00', '13:00:00', 20 );
INSERT INTO "times" VALUES ( 17543, 12900, '13:02:00', '13:02:00', 20 );
INSERT INTO "times" VALUES ( 17543, 13520, '13:05:00', NULL, NULL );

INSERT INTO "dias" VALUES ( 17544, 180, FALSE, TRUE, 'B1203A', 13520, 12510 );
INSERT INTO "dias_line_groups" VALUES ( 17544, 10 );
INSERT INTO "times" VALUES ( 17544, 12510, '13:12:00', NULL, NULL );
INSERT INTO "times" VALUES ( 17544, 12520, '13:10:00', '13:10:00', 20 );
INSERT INTO "times" VALUES ( 17544, 12530, '13:09:00', '13:09:00', 20 );
INSERT INTO "times" VALUES ( 17544, 12540, '13:05:00', '13:06:00', 20 );
INSERT INTO "times" VALUES ( 17544, 12710, '12:49:00', '12:50:00', 20 );
INSERT INTO "times" VALUES ( 17544, 12740, '12:44:00', '12:44:00', 20 );
INSERT INTO "times" VALUES ( 17544, 12780, '12:33:00', '12:33:00', 20 );
INSERT INTO "times" VALUES ( 17544, 12800, '12:30:00', '12:30:00', 20 );
INSERT INTO "times" VALUES ( 17544, 12870, '12:23:00', '12:23:00', 20 );
INSERT INTO "times" VALUES ( 17544, 12890, '12:21:00', '12:21:00', 20 );
INSERT INTO "times" VALUES ( 17544, 12900, '12:19:00', '12:20:00', 20 );
INSERT INTO "times" VALUES ( 17544, 13520, NULL, '12:16:00', 30 );

INSERT INTO "dias" VALUES ( 17545, 180, FALSE, TRUE, 'B1204Z', 12510, 13520 );
INSERT INTO "dias_line_groups" VALUES ( 17545, 10 );
INSERT INTO "times" VALUES ( 17545, 12510, NULL, '12:20:00', 20 );
INSERT INTO "times" VALUES ( 17545, 12520, '12:21:00', '12:21:00', 20 );
INSERT INTO "times" VALUES ( 17545, 12530, '12:24:00', '12:24:00', 20 );
INSERT INTO "times" VALUES ( 17545, 12540, '12:26:00', '12:28:00', 20 );
INSERT INTO "times" VALUES ( 17545, 12710, '12:41:00', '12:42:00', 20 );
INSERT INTO "times" VALUES ( 17545, 12740, '12:47:00', '12:48:00', 20 );
INSERT INTO "times" VALUES ( 17545, 12780, '12:59:00', '12:59:00', 20 );
INSERT INTO "times" VALUES ( 17545, 12800, '13:01:00', '13:01:00', 20 );
INSERT INTO "times" VALUES ( 17545, 12870, '13:07:00', '13:07:00', 20 );
INSERT INTO "times" VALUES ( 17545, 12890, '13:10:00', '13:10:00', 20 );
INSERT INTO "times" VALUES ( 17545, 12900, '13:12:00', '13:12:00', 20 );
INSERT INTO "times" VALUES ( 17545, 13520, '13:15:00', NULL, NULL );

INSERT INTO "dias" VALUES ( 17546, 180, FALSE, TRUE, 'B1205A', 13520, 12510 );
INSERT INTO "dias_line_groups" VALUES ( 17546, 10 );
INSERT INTO "times" VALUES ( 17546, 12510, '13:22:00', NULL, NULL );
INSERT INTO "times" VALUES ( 17546, 12520, '13:20:00', '13:20:00', 20 );
INSERT INTO "times" VALUES ( 17546, 12530, '13:18:00', '13:18:00', 20 );
INSERT INTO "times" VALUES ( 17546, 12540, '13:14:00', '13:15:00', 20 );
INSERT INTO "times" VALUES ( 17546, 12710, '12:59:00', '13:00:00', 20 );
INSERT INTO "times" VALUES ( 17546, 12740, '12:54:00', '12:54:00', 20 );
INSERT INTO "times" VALUES ( 17546, 12780, '12:43:00', '12:43:00', 20 );
INSERT INTO "times" VALUES ( 17546, 12800, '12:40:00', '12:40:00', 20 );
INSERT INTO "times" VALUES ( 17546, 12870, '12:33:00', '12:33:00', 20 );
INSERT INTO "times" VALUES ( 17546, 12890, '12:31:00', '12:31:00', 20 );
INSERT INTO "times" VALUES ( 17546, 12900, '12:30:00', '12:30:00', 20 );
INSERT INTO "times" VALUES ( 17546, 13520, NULL, '12:26:00', 30 );

INSERT INTO "dias" VALUES ( 17547, 180, FALSE, TRUE, 'B1206Z', 12510, 13520 );
INSERT INTO "dias_line_groups" VALUES ( 17547, 10 );
INSERT INTO "times" VALUES ( 17547, 12510, NULL, '12:30:00', 20 );
INSERT INTO "times" VALUES ( 17547, 12520, '12:31:00', '12:31:00', 20 );
INSERT INTO "times" VALUES ( 17547, 12530, '12:33:00', '12:33:00', 20 );
INSERT INTO "times" VALUES ( 17547, 12540, '12:37:00', '12:37:00', 20 );
INSERT INTO "times" VALUES ( 17547, 12710, '12:51:00', '12:52:00', 20 );
INSERT INTO "times" VALUES ( 17547, 12740, '12:57:00', '12:58:00', 20 );
INSERT INTO "times" VALUES ( 17547, 12780, '13:09:00', '13:09:00', 20 );
INSERT INTO "times" VALUES ( 17547, 12800, '13:11:00', '13:11:00', 20 );
INSERT INTO "times" VALUES ( 17547, 12870, '13:17:00', '13:17:00', 20 );
INSERT INTO "times" VALUES ( 17547, 12890, '13:20:00', '13:20:00', 20 );
INSERT INTO "times" VALUES ( 17547, 12900, '13:22:00', '13:22:00', 20 );
INSERT INTO "times" VALUES ( 17547, 13520, '13:25:00', NULL, NULL );

INSERT INTO "dias" VALUES ( 17548, 180, FALSE, TRUE, 'B1207A', 13520, 12510 );
INSERT INTO "dias_line_groups" VALUES ( 17548, 10 );
INSERT INTO "times" VALUES ( 17548, 12510, '13:32:00', NULL, NULL );
INSERT INTO "times" VALUES ( 17548, 12520, '13:30:00', '13:30:00', 20 );
INSERT INTO "times" VALUES ( 17548, 12530, '13:28:00', '13:28:00', 20 );
INSERT INTO "times" VALUES ( 17548, 12540, '13:24:00', '13:25:00', 20 );
INSERT INTO "times" VALUES ( 17548, 12710, '13:09:00', '13:10:00', 20 );
INSERT INTO "times" VALUES ( 17548, 12740, '13:04:00', '13:04:00', 20 );
INSERT INTO "times" VALUES ( 17548, 12780, '12:53:00', '12:53:00', 20 );
INSERT INTO "times" VALUES ( 17548, 12800, '12:50:00', '12:50:00', 20 );
INSERT INTO "times" VALUES ( 17548, 12870, '12:43:00', '12:43:00', 20 );
INSERT INTO "times" VALUES ( 17548, 12890, '12:41:00', '12:41:00', 20 );
INSERT INTO "times" VALUES ( 17548, 12900, '12:39:00', '12:40:00', 20 );
INSERT INTO "times" VALUES ( 17548, 13520, NULL, '12:36:00', 30 );

INSERT INTO "dias" VALUES ( 17549, 180, FALSE, TRUE, 'B1208Z', 12510, 13520 );
INSERT INTO "dias_line_groups" VALUES ( 17549, 10 );
INSERT INTO "times" VALUES ( 17549, 12510, NULL, '12:40:00', 20 );
INSERT INTO "times" VALUES ( 17549, 12520, '12:41:00', '12:41:00', 20 );
INSERT INTO "times" VALUES ( 17549, 12530, '12:44:00', '12:44:00', 20 );
INSERT INTO "times" VALUES ( 17549, 12540, '12:46:00', '12:48:00', 20 );
INSERT INTO "times" VALUES ( 17549, 12710, '13:01:00', '13:02:00', 20 );
INSERT INTO "times" VALUES ( 17549, 12740, '13:08:00', '13:08:00', 20 );
INSERT INTO "times" VALUES ( 17549, 12780, '13:19:00', '13:19:00', 20 );
INSERT INTO "times" VALUES ( 17549, 12800, '13:21:00', '13:21:00', 20 );
INSERT INTO "times" VALUES ( 17549, 12870, '13:27:00', '13:27:00', 20 );
INSERT INTO "times" VALUES ( 17549, 12890, '13:30:00', '13:30:00', 20 );
INSERT INTO "times" VALUES ( 17549, 12900, '13:32:00', '13:32:00', 20 );
INSERT INTO "times" VALUES ( 17549, 13520, '13:35:00', NULL, NULL );

INSERT INTO "dias" VALUES ( 17550, 180, FALSE, TRUE, 'B1209A', 13520, 12510 );
INSERT INTO "dias_line_groups" VALUES ( 17550, 10 );
INSERT INTO "times" VALUES ( 17550, 12510, '13:42:00', NULL, NULL );
INSERT INTO "times" VALUES ( 17550, 12520, '13:40:00', '13:40:00', 20 );
INSERT INTO "times" VALUES ( 17550, 12530, '13:39:00', '13:39:00', 20 );
INSERT INTO "times" VALUES ( 17550, 12540, '13:35:00', '13:36:00', 20 );
INSERT INTO "times" VALUES ( 17550, 12710, '13:19:00', '13:20:00', 20 );
INSERT INTO "times" VALUES ( 17550, 12740, '13:14:00', '13:14:00', 20 );
INSERT INTO "times" VALUES ( 17550, 12780, '13:03:00', '13:03:00', 20 );
INSERT INTO "times" VALUES ( 17550, 12800, '13:00:00', '13:00:00', 20 );
INSERT INTO "times" VALUES ( 17550, 12870, '12:53:00', '12:53:00', 20 );
INSERT INTO "times" VALUES ( 17550, 12890, '12:51:00', '12:51:00', 20 );
INSERT INTO "times" VALUES ( 17550, 12900, '12:50:00', '12:50:00', 20 );
INSERT INTO "times" VALUES ( 17550, 13520, NULL, '12:46:00', 30 );

INSERT INTO "dias" VALUES ( 17551, 180, FALSE, TRUE, 'B1210Z', 12510, 13520 );
INSERT INTO "dias_line_groups" VALUES ( 17551, 10 );
INSERT INTO "times" VALUES ( 17551, 12510, NULL, '12:50:00', 20 );
INSERT INTO "times" VALUES ( 17551, 12520, '12:51:00', '12:51:00', 20 );
INSERT INTO "times" VALUES ( 17551, 12530, '12:54:00', '12:54:00', 20 );
INSERT INTO "times" VALUES ( 17551, 12540, '12:56:00', '12:58:00', 20 );
INSERT INTO "times" VALUES ( 17551, 12710, '13:11:00', '13:12:00', 20 );
INSERT INTO "times" VALUES ( 17551, 12740, '13:17:00', '13:18:00', 20 );
INSERT INTO "times" VALUES ( 17551, 12780, '13:29:00', '13:29:00', 20 );
INSERT INTO "times" VALUES ( 17551, 12800, '13:31:00', '13:31:00', 20 );
INSERT INTO "times" VALUES ( 17551, 12870, '13:37:00', '13:37:00', 20 );
INSERT INTO "times" VALUES ( 17551, 12890, '13:40:00', '13:40:00', 20 );
INSERT INTO "times" VALUES ( 17551, 12900, '13:42:00', '13:42:00', 20 );
INSERT INTO "times" VALUES ( 17551, 13520, '13:45:00', NULL, NULL );

INSERT INTO "dias" VALUES ( 17552, 180, FALSE, TRUE, 'B1211A', 13520, 12510 );
INSERT INTO "dias_line_groups" VALUES ( 17552, 10 );
INSERT INTO "times" VALUES ( 17552, 12510, '13:52:00', NULL, NULL );
INSERT INTO "times" VALUES ( 17552, 12520, '13:50:00', '13:50:00', 20 );
INSERT INTO "times" VALUES ( 17552, 12530, '13:48:00', '13:48:00', 20 );
INSERT INTO "times" VALUES ( 17552, 12540, '13:44:00', '13:45:00', 20 );
INSERT INTO "times" VALUES ( 17552, 12710, '13:29:00', '13:30:00', 20 );
INSERT INTO "times" VALUES ( 17552, 12740, '13:24:00', '13:24:00', 20 );
INSERT INTO "times" VALUES ( 17552, 12780, '13:13:00', '13:13:00', 20 );
INSERT INTO "times" VALUES ( 17552, 12800, '13:10:00', '13:10:00', 20 );
INSERT INTO "times" VALUES ( 17552, 12870, '13:03:00', '13:03:00', 20 );
INSERT INTO "times" VALUES ( 17552, 12890, '13:01:00', '13:01:00', 20 );
INSERT INTO "times" VALUES ( 17552, 12900, '12:59:00', '13:00:00', 20 );
INSERT INTO "times" VALUES ( 17552, 13520, NULL, '12:56:00', 30 );

INSERT INTO "dias" VALUES ( 17553, 180, FALSE, TRUE, 'B1300Z', 12510, 13520 );
INSERT INTO "dias_line_groups" VALUES ( 17553, 10 );
INSERT INTO "times" VALUES ( 17553, 12510, NULL, '13:00:00', 20 );
INSERT INTO "times" VALUES ( 17553, 12520, '13:01:00', '13:01:00', 20 );
INSERT INTO "times" VALUES ( 17553, 12530, '13:03:00', '13:03:00', 20 );
INSERT INTO "times" VALUES ( 17553, 12540, '13:07:00', '13:07:00', 20 );
INSERT INTO "times" VALUES ( 17553, 12710, '13:21:00', '13:22:00', 20 );
INSERT INTO "times" VALUES ( 17553, 12740, '13:27:00', '13:28:00', 20 );
INSERT INTO "times" VALUES ( 17553, 12780, '13:39:00', '13:39:00', 20 );
INSERT INTO "times" VALUES ( 17553, 12800, '13:41:00', '13:41:00', 20 );
INSERT INTO "times" VALUES ( 17553, 12870, '13:47:00', '13:47:00', 20 );
INSERT INTO "times" VALUES ( 17553, 12890, '13:50:00', '13:50:00', 20 );
INSERT INTO "times" VALUES ( 17553, 12900, '13:52:00', '13:52:00', 20 );
INSERT INTO "times" VALUES ( 17553, 13520, '13:55:00', NULL, NULL );

INSERT INTO "dias" VALUES ( 17554, 180, FALSE, TRUE, 'B1301A', 13520, 12510 );
INSERT INTO "dias_line_groups" VALUES ( 17554, 10 );
INSERT INTO "times" VALUES ( 17554, 12510, '14:02:00', NULL, NULL );
INSERT INTO "times" VALUES ( 17554, 12520, '14:00:00', '14:00:00', 20 );
INSERT INTO "times" VALUES ( 17554, 12530, '13:58:00', '13:58:00', 20 );
INSERT INTO "times" VALUES ( 17554, 12540, '13:54:00', '13:55:00', 20 );
INSERT INTO "times" VALUES ( 17554, 12710, '13:39:00', '13:40:00', 20 );
INSERT INTO "times" VALUES ( 17554, 12740, '13:34:00', '13:34:00', 20 );
INSERT INTO "times" VALUES ( 17554, 12780, '13:23:00', '13:23:00', 20 );
INSERT INTO "times" VALUES ( 17554, 12800, '13:20:00', '13:20:00', 20 );
INSERT INTO "times" VALUES ( 17554, 12870, '13:13:00', '13:13:00', 20 );
INSERT INTO "times" VALUES ( 17554, 12890, '13:11:00', '13:11:00', 20 );
INSERT INTO "times" VALUES ( 17554, 12900, '13:10:00', '13:10:00', 20 );
INSERT INTO "times" VALUES ( 17554, 13520, NULL, '13:06:00', 30 );

INSERT INTO "dias" VALUES ( 17555, 180, FALSE, TRUE, 'B1302Z', 12510, 13520 );
INSERT INTO "dias_line_groups" VALUES ( 17555, 10 );
INSERT INTO "times" VALUES ( 17555, 12510, NULL, '13:10:00', 20 );
INSERT INTO "times" VALUES ( 17555, 12520, '13:12:00', '13:12:00', 20 );
INSERT INTO "times" VALUES ( 17555, 12530, '13:14:00', '13:14:00', 20 );
INSERT INTO "times" VALUES ( 17555, 12540, '13:17:00', '13:18:00', 20 );
INSERT INTO "times" VALUES ( 17555, 12710, '13:31:00', '13:32:00', 20 );
INSERT INTO "times" VALUES ( 17555, 12740, '13:38:00', '13:38:00', 20 );
INSERT INTO "times" VALUES ( 17555, 12780, '13:49:00', '13:49:00', 20 );
INSERT INTO "times" VALUES ( 17555, 12800, '13:51:00', '13:51:00', 20 );
INSERT INTO "times" VALUES ( 17555, 12870, '13:57:00', '13:57:00', 20 );
INSERT INTO "times" VALUES ( 17555, 12890, '14:00:00', '14:00:00', 20 );
INSERT INTO "times" VALUES ( 17555, 12900, '14:02:00', '14:02:00', 20 );
INSERT INTO "times" VALUES ( 17555, 13520, '14:05:00', NULL, NULL );

INSERT INTO "dias" VALUES ( 17556, 180, FALSE, TRUE, 'B1303A', 13520, 12510 );
INSERT INTO "dias_line_groups" VALUES ( 17556, 10 );
INSERT INTO "times" VALUES ( 17556, 12510, '14:12:00', NULL, NULL );
INSERT INTO "times" VALUES ( 17556, 12520, '14:10:00', '14:10:00', 20 );
INSERT INTO "times" VALUES ( 17556, 12530, '14:09:00', '14:09:00', 20 );
INSERT INTO "times" VALUES ( 17556, 12540, '14:05:00', '14:06:00', 20 );
INSERT INTO "times" VALUES ( 17556, 12710, '13:49:00', '13:50:00', 20 );
INSERT INTO "times" VALUES ( 17556, 12740, '13:44:00', '13:44:00', 20 );
INSERT INTO "times" VALUES ( 17556, 12780, '13:33:00', '13:33:00', 20 );
INSERT INTO "times" VALUES ( 17556, 12800, '13:30:00', '13:30:00', 20 );
INSERT INTO "times" VALUES ( 17556, 12870, '13:23:00', '13:23:00', 20 );
INSERT INTO "times" VALUES ( 17556, 12890, '13:21:00', '13:21:00', 20 );
INSERT INTO "times" VALUES ( 17556, 12900, '13:19:00', '13:20:00', 20 );
INSERT INTO "times" VALUES ( 17556, 13520, NULL, '13:16:00', 30 );

INSERT INTO "dias" VALUES ( 17557, 180, FALSE, TRUE, 'B1304Z', 12510, 13520 );
INSERT INTO "dias_line_groups" VALUES ( 17557, 10 );
INSERT INTO "times" VALUES ( 17557, 12510, NULL, '13:20:00', 20 );
INSERT INTO "times" VALUES ( 17557, 12520, '13:21:00', '13:21:00', 20 );
INSERT INTO "times" VALUES ( 17557, 12530, '13:24:00', '13:24:00', 20 );
INSERT INTO "times" VALUES ( 17557, 12540, '13:26:00', '13:28:00', 20 );
INSERT INTO "times" VALUES ( 17557, 12710, '13:41:00', '13:42:00', 20 );
INSERT INTO "times" VALUES ( 17557, 12740, '13:47:00', '13:48:00', 20 );
INSERT INTO "times" VALUES ( 17557, 12780, '13:59:00', '13:59:00', 20 );
INSERT INTO "times" VALUES ( 17557, 12800, '14:01:00', '14:01:00', 20 );
INSERT INTO "times" VALUES ( 17557, 12870, '14:07:00', '14:07:00', 20 );
INSERT INTO "times" VALUES ( 17557, 12890, '14:10:00', '14:10:00', 20 );
INSERT INTO "times" VALUES ( 17557, 12900, '14:12:00', '14:12:00', 20 );
INSERT INTO "times" VALUES ( 17557, 13520, '14:15:00', NULL, NULL );

INSERT INTO "dias" VALUES ( 17558, 180, FALSE, TRUE, 'B1305A', 13520, 12510 );
INSERT INTO "dias_line_groups" VALUES ( 17558, 10 );
INSERT INTO "times" VALUES ( 17558, 12510, '14:22:00', NULL, NULL );
INSERT INTO "times" VALUES ( 17558, 12520, '14:20:00', '14:20:00', 20 );
INSERT INTO "times" VALUES ( 17558, 12530, '14:18:00', '14:18:00', 20 );
INSERT INTO "times" VALUES ( 17558, 12540, '14:14:00', '14:15:00', 20 );
INSERT INTO "times" VALUES ( 17558, 12710, '13:59:00', '14:00:00', 20 );
INSERT INTO "times" VALUES ( 17558, 12740, '13:54:00', '13:54:00', 20 );
INSERT INTO "times" VALUES ( 17558, 12780, '13:43:00', '13:43:00', 20 );
INSERT INTO "times" VALUES ( 17558, 12800, '13:40:00', '13:40:00', 20 );
INSERT INTO "times" VALUES ( 17558, 12870, '13:33:00', '13:33:00', 20 );
INSERT INTO "times" VALUES ( 17558, 12890, '13:31:00', '13:31:00', 20 );
INSERT INTO "times" VALUES ( 17558, 12900, '13:30:00', '13:30:00', 20 );
INSERT INTO "times" VALUES ( 17558, 13520, NULL, '13:26:00', 30 );

INSERT INTO "dias" VALUES ( 17559, 180, FALSE, TRUE, 'B1306Z', 12510, 13520 );
INSERT INTO "dias_line_groups" VALUES ( 17559, 10 );
INSERT INTO "times" VALUES ( 17559, 12510, NULL, '13:30:00', 20 );
INSERT INTO "times" VALUES ( 17559, 12520, '13:31:00', '13:31:00', 20 );
INSERT INTO "times" VALUES ( 17559, 12530, '13:33:00', '13:33:00', 20 );
INSERT INTO "times" VALUES ( 17559, 12540, '13:37:00', '13:37:00', 20 );
INSERT INTO "times" VALUES ( 17559, 12710, '13:51:00', '13:52:00', 20 );
INSERT INTO "times" VALUES ( 17559, 12740, '13:57:00', '13:58:00', 20 );
INSERT INTO "times" VALUES ( 17559, 12780, '14:09:00', '14:09:00', 20 );
INSERT INTO "times" VALUES ( 17559, 12800, '14:11:00', '14:11:00', 20 );
INSERT INTO "times" VALUES ( 17559, 12870, '14:17:00', '14:17:00', 20 );
INSERT INTO "times" VALUES ( 17559, 12890, '14:20:00', '14:20:00', 20 );
INSERT INTO "times" VALUES ( 17559, 12900, '14:22:00', '14:22:00', 20 );
INSERT INTO "times" VALUES ( 17559, 13520, '14:25:00', NULL, NULL );

INSERT INTO "dias" VALUES ( 17560, 180, FALSE, TRUE, 'B1307A', 13520, 12510 );
INSERT INTO "dias_line_groups" VALUES ( 17560, 10 );
INSERT INTO "times" VALUES ( 17560, 12510, '14:32:00', NULL, NULL );
INSERT INTO "times" VALUES ( 17560, 12520, '14:30:00', '14:30:00', 20 );
INSERT INTO "times" VALUES ( 17560, 12530, '14:28:00', '14:28:00', 20 );
INSERT INTO "times" VALUES ( 17560, 12540, '14:24:00', '14:25:00', 20 );
INSERT INTO "times" VALUES ( 17560, 12710, '14:09:00', '14:10:00', 20 );
INSERT INTO "times" VALUES ( 17560, 12740, '14:04:00', '14:04:00', 20 );
INSERT INTO "times" VALUES ( 17560, 12780, '13:53:00', '13:53:00', 20 );
INSERT INTO "times" VALUES ( 17560, 12800, '13:50:00', '13:50:00', 20 );
INSERT INTO "times" VALUES ( 17560, 12870, '13:43:00', '13:43:00', 20 );
INSERT INTO "times" VALUES ( 17560, 12890, '13:41:00', '13:41:00', 20 );
INSERT INTO "times" VALUES ( 17560, 12900, '13:39:00', '13:40:00', 20 );
INSERT INTO "times" VALUES ( 17560, 13520, NULL, '13:36:00', 30 );

INSERT INTO "dias" VALUES ( 17561, 180, FALSE, TRUE, 'B1308Z', 12510, 13520 );
INSERT INTO "dias_line_groups" VALUES ( 17561, 10 );
INSERT INTO "times" VALUES ( 17561, 12510, NULL, '13:40:00', 20 );
INSERT INTO "times" VALUES ( 17561, 12520, '13:42:00', '13:42:00', 20 );
INSERT INTO "times" VALUES ( 17561, 12530, '13:44:00', '13:44:00', 20 );
INSERT INTO "times" VALUES ( 17561, 12540, '13:47:00', '13:48:00', 20 );
INSERT INTO "times" VALUES ( 17561, 12710, '14:01:00', '14:02:00', 20 );
INSERT INTO "times" VALUES ( 17561, 12740, '14:08:00', '14:08:00', 20 );
INSERT INTO "times" VALUES ( 17561, 12780, '14:19:00', '14:19:00', 20 );
INSERT INTO "times" VALUES ( 17561, 12800, '14:21:00', '14:21:00', 20 );
INSERT INTO "times" VALUES ( 17561, 12870, '14:27:00', '14:27:00', 20 );
INSERT INTO "times" VALUES ( 17561, 12890, '14:30:00', '14:30:00', 20 );
INSERT INTO "times" VALUES ( 17561, 12900, '14:32:00', '14:32:00', 20 );
INSERT INTO "times" VALUES ( 17561, 13520, '14:35:00', NULL, NULL );

INSERT INTO "dias" VALUES ( 17562, 180, FALSE, TRUE, 'B1309A', 13520, 12510 );
INSERT INTO "dias_line_groups" VALUES ( 17562, 10 );
INSERT INTO "times" VALUES ( 17562, 12510, '14:42:00', NULL, NULL );
INSERT INTO "times" VALUES ( 17562, 12520, '14:40:00', '14:40:00', 20 );
INSERT INTO "times" VALUES ( 17562, 12530, '14:39:00', '14:39:00', 20 );
INSERT INTO "times" VALUES ( 17562, 12540, '14:35:00', '14:36:00', 20 );
INSERT INTO "times" VALUES ( 17562, 12710, '14:19:00', '14:20:00', 20 );
INSERT INTO "times" VALUES ( 17562, 12740, '14:14:00', '14:14:00', 20 );
INSERT INTO "times" VALUES ( 17562, 12780, '14:03:00', '14:03:00', 20 );
INSERT INTO "times" VALUES ( 17562, 12800, '14:00:00', '14:00:00', 20 );
INSERT INTO "times" VALUES ( 17562, 12870, '13:53:00', '13:53:00', 20 );
INSERT INTO "times" VALUES ( 17562, 12890, '13:51:00', '13:51:00', 20 );
INSERT INTO "times" VALUES ( 17562, 12900, '13:50:00', '13:50:00', 20 );
INSERT INTO "times" VALUES ( 17562, 13520, NULL, '13:46:00', 30 );

INSERT INTO "dias" VALUES ( 17563, 180, FALSE, TRUE, 'B1310Z', 12510, 13520 );
INSERT INTO "dias_line_groups" VALUES ( 17563, 10 );
INSERT INTO "times" VALUES ( 17563, 12510, NULL, '13:50:00', 20 );
INSERT INTO "times" VALUES ( 17563, 12520, '13:51:00', '13:51:00', 20 );
INSERT INTO "times" VALUES ( 17563, 12530, '13:54:00', '13:54:00', 20 );
INSERT INTO "times" VALUES ( 17563, 12540, '13:56:00', '13:58:00', 20 );
INSERT INTO "times" VALUES ( 17563, 12710, '14:11:00', '14:12:00', 20 );
INSERT INTO "times" VALUES ( 17563, 12740, '14:17:00', '14:18:00', 20 );
INSERT INTO "times" VALUES ( 17563, 12780, '14:29:00', '14:29:00', 20 );
INSERT INTO "times" VALUES ( 17563, 12800, '14:31:00', '14:31:00', 20 );
INSERT INTO "times" VALUES ( 17563, 12870, '14:37:00', '14:37:00', 20 );
INSERT INTO "times" VALUES ( 17563, 12890, '14:40:00', '14:40:00', 20 );
INSERT INTO "times" VALUES ( 17563, 12900, '14:42:00', '14:42:00', 20 );
INSERT INTO "times" VALUES ( 17563, 13520, '14:45:00', NULL, NULL );

INSERT INTO "dias" VALUES ( 17564, 180, FALSE, TRUE, 'B1311A', 13520, 12510 );
INSERT INTO "dias_line_groups" VALUES ( 17564, 10 );
INSERT INTO "times" VALUES ( 17564, 12510, '14:52:00', NULL, NULL );
INSERT INTO "times" VALUES ( 17564, 12520, '14:50:00', '14:50:00', 20 );
INSERT INTO "times" VALUES ( 17564, 12530, '14:48:00', '14:48:00', 20 );
INSERT INTO "times" VALUES ( 17564, 12540, '14:44:00', '14:45:00', 20 );
INSERT INTO "times" VALUES ( 17564, 12710, '14:29:00', '14:30:00', 20 );
INSERT INTO "times" VALUES ( 17564, 12740, '14:24:00', '14:24:00', 20 );
INSERT INTO "times" VALUES ( 17564, 12780, '14:13:00', '14:13:00', 20 );
INSERT INTO "times" VALUES ( 17564, 12800, '14:10:00', '14:10:00', 20 );
INSERT INTO "times" VALUES ( 17564, 12870, '14:03:00', '14:03:00', 20 );
INSERT INTO "times" VALUES ( 17564, 12890, '14:01:00', '14:01:00', 20 );
INSERT INTO "times" VALUES ( 17564, 12900, '13:59:00', '14:00:00', 20 );
INSERT INTO "times" VALUES ( 17564, 13520, NULL, '13:56:00', 30 );

INSERT INTO "dias" VALUES ( 17565, 180, FALSE, TRUE, 'B1400Z', 12510, 13520 );
INSERT INTO "dias_line_groups" VALUES ( 17565, 10 );
INSERT INTO "times" VALUES ( 17565, 12510, NULL, '14:00:00', 20 );
INSERT INTO "times" VALUES ( 17565, 12520, '14:01:00', '14:01:00', 20 );
INSERT INTO "times" VALUES ( 17565, 12530, '14:03:00', '14:03:00', 20 );
INSERT INTO "times" VALUES ( 17565, 12540, '14:07:00', '14:07:00', 20 );
INSERT INTO "times" VALUES ( 17565, 12710, '14:21:00', '14:22:00', 20 );
INSERT INTO "times" VALUES ( 17565, 12740, '14:27:00', '14:28:00', 20 );
INSERT INTO "times" VALUES ( 17565, 12780, '14:39:00', '14:39:00', 20 );
INSERT INTO "times" VALUES ( 17565, 12800, '14:41:00', '14:41:00', 20 );
INSERT INTO "times" VALUES ( 17565, 12870, '14:47:00', '14:47:00', 20 );
INSERT INTO "times" VALUES ( 17565, 12890, '14:50:00', '14:50:00', 20 );
INSERT INTO "times" VALUES ( 17565, 12900, '14:52:00', '14:52:00', 20 );
INSERT INTO "times" VALUES ( 17565, 13520, '14:55:00', NULL, NULL );

INSERT INTO "dias" VALUES ( 17566, 180, FALSE, TRUE, 'B1401A', 13520, 12510 );
INSERT INTO "dias_line_groups" VALUES ( 17566, 10 );
INSERT INTO "times" VALUES ( 17566, 12510, '15:02:00', NULL, NULL );
INSERT INTO "times" VALUES ( 17566, 12520, '15:00:00', '15:00:00', 20 );
INSERT INTO "times" VALUES ( 17566, 12530, '14:58:00', '14:58:00', 20 );
INSERT INTO "times" VALUES ( 17566, 12540, '14:54:00', '14:55:00', 20 );
INSERT INTO "times" VALUES ( 17566, 12710, '14:39:00', '14:40:00', 20 );
INSERT INTO "times" VALUES ( 17566, 12740, '14:34:00', '14:34:00', 20 );
INSERT INTO "times" VALUES ( 17566, 12780, '14:23:00', '14:23:00', 20 );
INSERT INTO "times" VALUES ( 17566, 12800, '14:20:00', '14:20:00', 20 );
INSERT INTO "times" VALUES ( 17566, 12870, '14:13:00', '14:13:00', 20 );
INSERT INTO "times" VALUES ( 17566, 12890, '14:11:00', '14:11:00', 20 );
INSERT INTO "times" VALUES ( 17566, 12900, '14:10:00', '14:10:00', 20 );
INSERT INTO "times" VALUES ( 17566, 13520, NULL, '14:06:00', 30 );

INSERT INTO "dias" VALUES ( 17567, 180, FALSE, TRUE, 'B1402Z', 12510, 13520 );
INSERT INTO "dias_line_groups" VALUES ( 17567, 10 );
INSERT INTO "times" VALUES ( 17567, 12510, NULL, '14:10:00', 20 );
INSERT INTO "times" VALUES ( 17567, 12520, '14:12:00', '14:12:00', 20 );
INSERT INTO "times" VALUES ( 17567, 12530, '14:14:00', '14:14:00', 20 );
INSERT INTO "times" VALUES ( 17567, 12540, '14:17:00', '14:18:00', 20 );
INSERT INTO "times" VALUES ( 17567, 12710, '14:31:00', '14:32:00', 20 );
INSERT INTO "times" VALUES ( 17567, 12740, '14:38:00', '14:38:00', 20 );
INSERT INTO "times" VALUES ( 17567, 12780, '14:49:00', '14:49:00', 20 );
INSERT INTO "times" VALUES ( 17567, 12800, '14:51:00', '14:51:00', 20 );
INSERT INTO "times" VALUES ( 17567, 12870, '14:57:00', '14:57:00', 20 );
INSERT INTO "times" VALUES ( 17567, 12890, '15:00:00', '15:00:00', 20 );
INSERT INTO "times" VALUES ( 17567, 12900, '15:02:00', '15:02:00', 20 );
INSERT INTO "times" VALUES ( 17567, 13520, '15:05:00', NULL, NULL );

INSERT INTO "dias" VALUES ( 17568, 180, FALSE, TRUE, 'B1403A', 13520, 12510 );
INSERT INTO "dias_line_groups" VALUES ( 17568, 10 );
INSERT INTO "times" VALUES ( 17568, 12510, '15:12:00', NULL, NULL );
INSERT INTO "times" VALUES ( 17568, 12520, '15:10:00', '15:10:00', 20 );
INSERT INTO "times" VALUES ( 17568, 12530, '15:09:00', '15:09:00', 20 );
INSERT INTO "times" VALUES ( 17568, 12540, '15:05:00', '15:06:00', 20 );
INSERT INTO "times" VALUES ( 17568, 12710, '14:49:00', '14:50:00', 20 );
INSERT INTO "times" VALUES ( 17568, 12740, '14:44:00', '14:44:00', 20 );
INSERT INTO "times" VALUES ( 17568, 12780, '14:33:00', '14:33:00', 20 );
INSERT INTO "times" VALUES ( 17568, 12800, '14:30:00', '14:30:00', 20 );
INSERT INTO "times" VALUES ( 17568, 12870, '14:23:00', '14:23:00', 20 );
INSERT INTO "times" VALUES ( 17568, 12890, '14:21:00', '14:21:00', 20 );
INSERT INTO "times" VALUES ( 17568, 12900, '14:19:00', '14:20:00', 20 );
INSERT INTO "times" VALUES ( 17568, 13520, NULL, '14:16:00', 30 );

INSERT INTO "dias" VALUES ( 17569, 180, FALSE, TRUE, 'B1404Z', 12510, 13520 );
INSERT INTO "dias_line_groups" VALUES ( 17569, 10 );
INSERT INTO "times" VALUES ( 17569, 12510, NULL, '14:20:00', 20 );
INSERT INTO "times" VALUES ( 17569, 12520, '14:21:00', '14:21:00', 20 );
INSERT INTO "times" VALUES ( 17569, 12530, '14:24:00', '14:24:00', 20 );
INSERT INTO "times" VALUES ( 17569, 12540, '14:26:00', '14:28:00', 20 );
INSERT INTO "times" VALUES ( 17569, 12710, '14:41:00', '14:42:00', 20 );
INSERT INTO "times" VALUES ( 17569, 12740, '14:47:00', '14:48:00', 20 );
INSERT INTO "times" VALUES ( 17569, 12780, '14:59:00', '14:59:00', 20 );
INSERT INTO "times" VALUES ( 17569, 12800, '15:01:00', '15:01:00', 20 );
INSERT INTO "times" VALUES ( 17569, 12870, '15:07:00', '15:07:00', 20 );
INSERT INTO "times" VALUES ( 17569, 12890, '15:10:00', '15:10:00', 20 );
INSERT INTO "times" VALUES ( 17569, 12900, '15:12:00', '15:12:00', 20 );
INSERT INTO "times" VALUES ( 17569, 13520, '15:15:00', NULL, NULL );

INSERT INTO "dias" VALUES ( 17570, 180, FALSE, TRUE, 'B1405A', 13520, 12510 );
INSERT INTO "dias_line_groups" VALUES ( 17570, 10 );
INSERT INTO "times" VALUES ( 17570, 12510, '15:22:00', NULL, NULL );
INSERT INTO "times" VALUES ( 17570, 12520, '15:20:00', '15:20:00', 20 );
INSERT INTO "times" VALUES ( 17570, 12530, '15:18:00', '15:18:00', 20 );
INSERT INTO "times" VALUES ( 17570, 12540, '15:14:00', '15:15:00', 20 );
INSERT INTO "times" VALUES ( 17570, 12710, '14:59:00', '15:00:00', 20 );
INSERT INTO "times" VALUES ( 17570, 12740, '14:54:00', '14:54:00', 20 );
INSERT INTO "times" VALUES ( 17570, 12780, '14:43:00', '14:43:00', 20 );
INSERT INTO "times" VALUES ( 17570, 12800, '14:40:00', '14:40:00', 20 );
INSERT INTO "times" VALUES ( 17570, 12870, '14:33:00', '14:33:00', 20 );
INSERT INTO "times" VALUES ( 17570, 12890, '14:31:00', '14:31:00', 20 );
INSERT INTO "times" VALUES ( 17570, 12900, '14:30:00', '14:30:00', 20 );
INSERT INTO "times" VALUES ( 17570, 13520, NULL, '14:26:00', 30 );

INSERT INTO "dias" VALUES ( 17571, 180, FALSE, TRUE, 'B1406Z', 12510, 13520 );
INSERT INTO "dias_line_groups" VALUES ( 17571, 10 );
INSERT INTO "times" VALUES ( 17571, 12510, NULL, '14:30:00', 20 );
INSERT INTO "times" VALUES ( 17571, 12520, '14:31:00', '14:31:00', 20 );
INSERT INTO "times" VALUES ( 17571, 12530, '14:33:00', '14:33:00', 20 );
INSERT INTO "times" VALUES ( 17571, 12540, '14:37:00', '14:37:00', 20 );
INSERT INTO "times" VALUES ( 17571, 12710, '14:51:00', '14:52:00', 20 );
INSERT INTO "times" VALUES ( 17571, 12740, '14:57:00', '14:58:00', 20 );
INSERT INTO "times" VALUES ( 17571, 12780, '15:09:00', '15:09:00', 20 );
INSERT INTO "times" VALUES ( 17571, 12800, '15:11:00', '15:11:00', 20 );
INSERT INTO "times" VALUES ( 17571, 12870, '15:17:00', '15:17:00', 20 );
INSERT INTO "times" VALUES ( 17571, 12890, '15:20:00', '15:20:00', 20 );
INSERT INTO "times" VALUES ( 17571, 12900, '15:22:00', '15:22:00', 20 );
INSERT INTO "times" VALUES ( 17571, 13520, '15:25:00', NULL, NULL );

INSERT INTO "dias" VALUES ( 17572, 180, FALSE, TRUE, 'B1407A', 13520, 12510 );
INSERT INTO "dias_line_groups" VALUES ( 17572, 10 );
INSERT INTO "times" VALUES ( 17572, 12510, '15:32:00', NULL, NULL );
INSERT INTO "times" VALUES ( 17572, 12520, '15:30:00', '15:30:00', 20 );
INSERT INTO "times" VALUES ( 17572, 12530, '15:28:00', '15:28:00', 20 );
INSERT INTO "times" VALUES ( 17572, 12540, '15:24:00', '15:25:00', 20 );
INSERT INTO "times" VALUES ( 17572, 12710, '15:09:00', '15:10:00', 20 );
INSERT INTO "times" VALUES ( 17572, 12740, '15:04:00', '15:04:00', 20 );
INSERT INTO "times" VALUES ( 17572, 12780, '14:53:00', '14:53:00', 20 );
INSERT INTO "times" VALUES ( 17572, 12800, '14:50:00', '14:50:00', 20 );
INSERT INTO "times" VALUES ( 17572, 12870, '14:43:00', '14:43:00', 20 );
INSERT INTO "times" VALUES ( 17572, 12890, '14:41:00', '14:41:00', 20 );
INSERT INTO "times" VALUES ( 17572, 12900, '14:39:00', '14:40:00', 20 );
INSERT INTO "times" VALUES ( 17572, 13520, NULL, '14:36:00', 30 );

INSERT INTO "dias" VALUES ( 17573, 180, FALSE, TRUE, 'B1408Z', 12510, 13520 );
INSERT INTO "dias_line_groups" VALUES ( 17573, 10 );
INSERT INTO "times" VALUES ( 17573, 12510, NULL, '14:40:00', 20 );
INSERT INTO "times" VALUES ( 17573, 12520, '14:42:00', '14:42:00', 20 );
INSERT INTO "times" VALUES ( 17573, 12530, '14:44:00', '14:44:00', 20 );
INSERT INTO "times" VALUES ( 17573, 12540, '14:47:00', '14:48:00', 20 );
INSERT INTO "times" VALUES ( 17573, 12710, '15:01:00', '15:02:00', 20 );
INSERT INTO "times" VALUES ( 17573, 12740, '15:08:00', '15:08:00', 20 );
INSERT INTO "times" VALUES ( 17573, 12780, '15:19:00', '15:19:00', 20 );
INSERT INTO "times" VALUES ( 17573, 12800, '15:21:00', '15:21:00', 20 );
INSERT INTO "times" VALUES ( 17573, 12870, '15:27:00', '15:27:00', 20 );
INSERT INTO "times" VALUES ( 17573, 12890, '15:30:00', '15:30:00', 20 );
INSERT INTO "times" VALUES ( 17573, 12900, '15:32:00', '15:32:00', 20 );
INSERT INTO "times" VALUES ( 17573, 13520, '15:35:00', NULL, NULL );

INSERT INTO "dias" VALUES ( 17574, 180, FALSE, TRUE, 'B1409A', 13520, 12510 );
INSERT INTO "dias_line_groups" VALUES ( 17574, 10 );
INSERT INTO "times" VALUES ( 17574, 12510, '15:42:00', NULL, NULL );
INSERT INTO "times" VALUES ( 17574, 12520, '15:40:00', '15:40:00', 20 );
INSERT INTO "times" VALUES ( 17574, 12530, '15:39:00', '15:39:00', 20 );
INSERT INTO "times" VALUES ( 17574, 12540, '15:35:00', '15:36:00', 20 );
INSERT INTO "times" VALUES ( 17574, 12710, '15:19:00', '15:20:00', 20 );
INSERT INTO "times" VALUES ( 17574, 12740, '15:14:00', '15:14:00', 20 );
INSERT INTO "times" VALUES ( 17574, 12780, '15:03:00', '15:03:00', 20 );
INSERT INTO "times" VALUES ( 17574, 12800, '15:00:00', '15:00:00', 20 );
INSERT INTO "times" VALUES ( 17574, 12870, '14:53:00', '14:53:00', 20 );
INSERT INTO "times" VALUES ( 17574, 12890, '14:51:00', '14:51:00', 20 );
INSERT INTO "times" VALUES ( 17574, 12900, '14:50:00', '14:50:00', 20 );
INSERT INTO "times" VALUES ( 17574, 13520, NULL, '14:46:00', 30 );

INSERT INTO "dias" VALUES ( 17575, 180, FALSE, TRUE, 'B1410Z', 12510, 13520 );
INSERT INTO "dias_line_groups" VALUES ( 17575, 10 );
INSERT INTO "times" VALUES ( 17575, 12510, NULL, '14:50:00', 20 );
INSERT INTO "times" VALUES ( 17575, 12520, '14:51:00', '14:51:00', 20 );
INSERT INTO "times" VALUES ( 17575, 12530, '14:54:00', '14:54:00', 20 );
INSERT INTO "times" VALUES ( 17575, 12540, '14:56:00', '14:58:00', 20 );
INSERT INTO "times" VALUES ( 17575, 12710, '15:11:00', '15:12:00', 20 );
INSERT INTO "times" VALUES ( 17575, 12740, '15:17:00', '15:18:00', 20 );
INSERT INTO "times" VALUES ( 17575, 12780, '15:29:00', '15:29:00', 20 );
INSERT INTO "times" VALUES ( 17575, 12800, '15:31:00', '15:31:00', 20 );
INSERT INTO "times" VALUES ( 17575, 12870, '15:37:00', '15:37:00', 20 );
INSERT INTO "times" VALUES ( 17575, 12890, '15:40:00', '15:40:00', 20 );
INSERT INTO "times" VALUES ( 17575, 12900, '15:41:00', '15:43:00', 20 );
INSERT INTO "times" VALUES ( 17575, 13520, '15:47:00', NULL, NULL );

INSERT INTO "dias" VALUES ( 17576, 180, FALSE, TRUE, 'B1411A', 13520, 12510 );
INSERT INTO "dias_line_groups" VALUES ( 17576, 10 );
INSERT INTO "times" VALUES ( 17576, 12510, '15:52:00', NULL, NULL );
INSERT INTO "times" VALUES ( 17576, 12520, '15:50:00', '15:50:00', 20 );
INSERT INTO "times" VALUES ( 17576, 12530, '15:48:00', '15:48:00', 20 );
INSERT INTO "times" VALUES ( 17576, 12540, '15:44:00', '15:45:00', 20 );
INSERT INTO "times" VALUES ( 17576, 12710, '15:29:00', '15:30:00', 20 );
INSERT INTO "times" VALUES ( 17576, 12740, '15:24:00', '15:24:00', 20 );
INSERT INTO "times" VALUES ( 17576, 12780, '15:13:00', '15:13:00', 20 );
INSERT INTO "times" VALUES ( 17576, 12800, '15:10:00', '15:10:00', 20 );
INSERT INTO "times" VALUES ( 17576, 12870, '15:03:00', '15:03:00', 20 );
INSERT INTO "times" VALUES ( 17576, 12890, '15:01:00', '15:01:00', 20 );
INSERT INTO "times" VALUES ( 17576, 12900, '14:59:00', '15:00:00', 20 );
INSERT INTO "times" VALUES ( 17576, 13520, NULL, '14:56:00', 30 );

INSERT INTO "dias" VALUES ( 17577, 180, FALSE, TRUE, 'B1500Z', 12510, 13520 );
INSERT INTO "dias_line_groups" VALUES ( 17577, 10 );
INSERT INTO "times" VALUES ( 17577, 12510, NULL, '15:00:00', 20 );
INSERT INTO "times" VALUES ( 17577, 12520, '15:01:00', '15:01:00', 20 );
INSERT INTO "times" VALUES ( 17577, 12530, '15:03:00', '15:03:00', 20 );
INSERT INTO "times" VALUES ( 17577, 12540, '15:07:00', '15:07:00', 20 );
INSERT INTO "times" VALUES ( 17577, 12710, '15:21:00', '15:22:00', 20 );
INSERT INTO "times" VALUES ( 17577, 12740, '15:27:00', '15:28:00', 20 );
INSERT INTO "times" VALUES ( 17577, 12780, '15:39:00', '15:39:00', 20 );
INSERT INTO "times" VALUES ( 17577, 12800, '15:41:00', '15:41:00', 20 );
INSERT INTO "times" VALUES ( 17577, 12870, '15:47:00', '15:47:00', 20 );
INSERT INTO "times" VALUES ( 17577, 12890, '15:50:00', '15:50:00', 20 );
INSERT INTO "times" VALUES ( 17577, 12900, '15:52:00', '15:52:00', 20 );
INSERT INTO "times" VALUES ( 17577, 13520, '15:55:00', NULL, NULL );

INSERT INTO "dias" VALUES ( 17578, 180, FALSE, TRUE, 'B1501A', 13520, 12510 );
INSERT INTO "dias_line_groups" VALUES ( 17578, 10 );
INSERT INTO "times" VALUES ( 17578, 12510, '16:02:00', NULL, NULL );
INSERT INTO "times" VALUES ( 17578, 12520, '16:00:00', '16:00:00', 20 );
INSERT INTO "times" VALUES ( 17578, 12530, '15:58:00', '15:58:00', 20 );
INSERT INTO "times" VALUES ( 17578, 12540, '15:54:00', '15:55:00', 20 );
INSERT INTO "times" VALUES ( 17578, 12710, '15:39:00', '15:40:00', 20 );
INSERT INTO "times" VALUES ( 17578, 12740, '15:34:00', '15:34:00', 20 );
INSERT INTO "times" VALUES ( 17578, 12780, '15:23:00', '15:23:00', 20 );
INSERT INTO "times" VALUES ( 17578, 12800, '15:20:00', '15:20:00', 20 );
INSERT INTO "times" VALUES ( 17578, 12870, '15:13:00', '15:13:00', 20 );
INSERT INTO "times" VALUES ( 17578, 12890, '15:11:00', '15:11:00', 20 );
INSERT INTO "times" VALUES ( 17578, 12900, '15:09:00', '15:09:00', 20 );
INSERT INTO "times" VALUES ( 17578, 13520, NULL, '15:06:00', 30 );

INSERT INTO "dias" VALUES ( 17579, 180, FALSE, TRUE, 'B1502Z', 12510, 13520 );
INSERT INTO "dias_line_groups" VALUES ( 17579, 10 );
INSERT INTO "times" VALUES ( 17579, 12510, NULL, '15:10:00', 20 );
INSERT INTO "times" VALUES ( 17579, 12520, '15:12:00', '15:12:00', 20 );
INSERT INTO "times" VALUES ( 17579, 12530, '15:14:00', '15:14:00', 20 );
INSERT INTO "times" VALUES ( 17579, 12540, '15:17:00', '15:18:00', 20 );
INSERT INTO "times" VALUES ( 17579, 12710, '15:31:00', '15:32:00', 20 );
INSERT INTO "times" VALUES ( 17579, 12740, '15:38:00', '15:38:00', 20 );
INSERT INTO "times" VALUES ( 17579, 12780, '15:49:00', '15:49:00', 20 );
INSERT INTO "times" VALUES ( 17579, 12800, '15:51:00', '15:51:00', 20 );
INSERT INTO "times" VALUES ( 17579, 12870, '15:57:00', '15:57:00', 20 );
INSERT INTO "times" VALUES ( 17579, 12890, '16:00:00', '16:00:00', 20 );
INSERT INTO "times" VALUES ( 17579, 12900, '16:02:00', '16:02:00', 20 );
INSERT INTO "times" VALUES ( 17579, 13520, '16:05:00', NULL, NULL );

INSERT INTO "dias" VALUES ( 17580, 180, FALSE, TRUE, 'B1503A', 13520, 12510 );
INSERT INTO "dias_line_groups" VALUES ( 17580, 10 );
INSERT INTO "times" VALUES ( 17580, 12510, '16:12:00', NULL, NULL );
INSERT INTO "times" VALUES ( 17580, 12520, '16:10:00', '16:10:00', 20 );
INSERT INTO "times" VALUES ( 17580, 12530, '16:09:00', '16:09:00', 20 );
INSERT INTO "times" VALUES ( 17580, 12540, '16:05:00', '16:06:00', 20 );
INSERT INTO "times" VALUES ( 17580, 12710, '15:49:00', '15:50:00', 20 );
INSERT INTO "times" VALUES ( 17580, 12740, '15:44:00', '15:44:00', 20 );
INSERT INTO "times" VALUES ( 17580, 12780, '15:33:00', '15:33:00', 20 );
INSERT INTO "times" VALUES ( 17580, 12800, '15:30:00', '15:30:00', 20 );
INSERT INTO "times" VALUES ( 17580, 12870, '15:22:00', '15:22:00', 20 );
INSERT INTO "times" VALUES ( 17580, 12890, '15:20:00', '15:20:00', 20 );
INSERT INTO "times" VALUES ( 17580, 12900, '15:18:00', '15:18:00', 20 );
INSERT INTO "times" VALUES ( 17580, 13520, NULL, '15:15:00', 30 );

INSERT INTO "dias" VALUES ( 17581, 180, FALSE, TRUE, 'B1504Z', 12510, 13520 );
INSERT INTO "dias_line_groups" VALUES ( 17581, 10 );
INSERT INTO "times" VALUES ( 17581, 12510, NULL, '15:20:00', 20 );
INSERT INTO "times" VALUES ( 17581, 12520, '15:21:00', '15:21:00', 20 );
INSERT INTO "times" VALUES ( 17581, 12530, '15:24:00', '15:24:00', 20 );
INSERT INTO "times" VALUES ( 17581, 12540, '15:26:00', '15:28:00', 20 );
INSERT INTO "times" VALUES ( 17581, 12710, '15:41:00', '15:42:00', 20 );
INSERT INTO "times" VALUES ( 17581, 12740, '15:47:00', '15:48:00', 20 );
INSERT INTO "times" VALUES ( 17581, 12780, '15:59:00', '15:59:00', 20 );
INSERT INTO "times" VALUES ( 17581, 12800, '16:01:00', '16:01:00', 20 );
INSERT INTO "times" VALUES ( 17581, 12870, '16:07:00', '16:07:00', 20 );
INSERT INTO "times" VALUES ( 17581, 12890, '16:10:00', '16:10:00', 20 );
INSERT INTO "times" VALUES ( 17581, 12900, '16:11:00', '16:13:00', 20 );
INSERT INTO "times" VALUES ( 17581, 13520, '16:17:00', NULL, NULL );

INSERT INTO "dias" VALUES ( 17582, 180, FALSE, TRUE, 'B1505A', 13520, 12510 );
INSERT INTO "dias_line_groups" VALUES ( 17582, 10 );
INSERT INTO "times" VALUES ( 17582, 12510, '16:22:00', NULL, NULL );
INSERT INTO "times" VALUES ( 17582, 12520, '16:20:00', '16:20:00', 20 );
INSERT INTO "times" VALUES ( 17582, 12530, '16:18:00', '16:18:00', 20 );
INSERT INTO "times" VALUES ( 17582, 12540, '16:14:00', '16:15:00', 20 );
INSERT INTO "times" VALUES ( 17582, 12710, '15:59:00', '16:00:00', 20 );
INSERT INTO "times" VALUES ( 17582, 12740, '15:52:00', '15:53:00', 20 );
INSERT INTO "times" VALUES ( 17582, 12780, '15:42:00', '15:42:00', 20 );
INSERT INTO "times" VALUES ( 17582, 12800, '15:39:00', '15:39:00', 20 );
INSERT INTO "times" VALUES ( 17582, 12870, '15:32:00', '15:32:00', 20 );
INSERT INTO "times" VALUES ( 17582, 12890, '15:30:00', '15:30:00', 20 );
INSERT INTO "times" VALUES ( 17582, 12900, '15:27:00', '15:28:00', 20 );
INSERT INTO "times" VALUES ( 17582, 13520, NULL, '15:24:00', 30 );

INSERT INTO "dias" VALUES ( 17583, 180, FALSE, TRUE, 'B1506Z', 12510, 13520 );
INSERT INTO "dias_line_groups" VALUES ( 17583, 10 );
INSERT INTO "times" VALUES ( 17583, 12510, NULL, '15:30:00', 20 );
INSERT INTO "times" VALUES ( 17583, 12520, '15:31:00', '15:31:00', 20 );
INSERT INTO "times" VALUES ( 17583, 12530, '15:33:00', '15:33:00', 20 );
INSERT INTO "times" VALUES ( 17583, 12540, '15:37:00', '15:37:00', 20 );
INSERT INTO "times" VALUES ( 17583, 12710, '15:51:00', '15:52:00', 20 );
INSERT INTO "times" VALUES ( 17583, 12740, '15:57:00', '15:58:00', 20 );
INSERT INTO "times" VALUES ( 17583, 12780, '16:09:00', '16:09:00', 20 );
INSERT INTO "times" VALUES ( 17583, 12800, '16:11:00', '16:11:00', 20 );
INSERT INTO "times" VALUES ( 17583, 12870, '16:19:00', '16:19:00', 20 );
INSERT INTO "times" VALUES ( 17583, 12890, '16:22:00', '16:22:00', 20 );
INSERT INTO "times" VALUES ( 17583, 12900, '16:24:00', '16:24:00', 20 );
INSERT INTO "times" VALUES ( 17583, 13520, '16:27:00', NULL, NULL );

INSERT INTO "dias" VALUES ( 17584, 180, FALSE, TRUE, 'B1507A', 13520, 12510 );
INSERT INTO "dias_line_groups" VALUES ( 17584, 10 );
INSERT INTO "times" VALUES ( 17584, 12510, '16:32:00', NULL, NULL );
INSERT INTO "times" VALUES ( 17584, 12520, '16:29:00', '16:29:00', 20 );
INSERT INTO "times" VALUES ( 17584, 12530, '16:27:00', '16:27:00', 20 );
INSERT INTO "times" VALUES ( 17584, 12540, '16:23:00', '16:24:00', 20 );
INSERT INTO "times" VALUES ( 17584, 12710, '16:09:00', '16:09:00', 20 );
INSERT INTO "times" VALUES ( 17584, 12740, '16:02:00', '16:03:00', 20 );
INSERT INTO "times" VALUES ( 17584, 12780, '15:52:00', '15:52:00', 20 );
INSERT INTO "times" VALUES ( 17584, 12800, '15:49:00', '15:49:00', 20 );
INSERT INTO "times" VALUES ( 17584, 12870, '15:42:00', '15:42:00', 20 );
INSERT INTO "times" VALUES ( 17584, 12890, '15:40:00', '15:40:00', 20 );
INSERT INTO "times" VALUES ( 17584, 12900, '15:37:00', '15:38:00', 20 );
INSERT INTO "times" VALUES ( 17584, 13520, NULL, '15:33:00', 30 );

INSERT INTO "dias" VALUES ( 17585, 180, FALSE, TRUE, 'B1508Z', 12510, 13520 );
INSERT INTO "dias_line_groups" VALUES ( 17585, 10 );
INSERT INTO "times" VALUES ( 17585, 12510, NULL, '15:40:00', 20 );
INSERT INTO "times" VALUES ( 17585, 12520, '15:42:00', '15:42:00', 20 );
INSERT INTO "times" VALUES ( 17585, 12530, '15:44:00', '15:44:00', 20 );
INSERT INTO "times" VALUES ( 17585, 12540, '15:47:00', '15:48:00', 20 );
INSERT INTO "times" VALUES ( 17585, 12710, '16:01:00', '16:02:00', 20 );
INSERT INTO "times" VALUES ( 17585, 12740, '16:08:00', '16:08:00', 20 );
INSERT INTO "times" VALUES ( 17585, 12780, '16:19:00', '16:19:00', 20 );
INSERT INTO "times" VALUES ( 17585, 12800, '16:21:00', '16:21:00', 20 );
INSERT INTO "times" VALUES ( 17585, 12870, '16:27:00', '16:27:00', 20 );
INSERT INTO "times" VALUES ( 17585, 12890, '16:30:00', '16:30:00', 20 );
INSERT INTO "times" VALUES ( 17585, 12900, '16:32:00', '16:32:00', 20 );
INSERT INTO "times" VALUES ( 17585, 13520, '16:35:00', NULL, NULL );

INSERT INTO "dias" VALUES ( 17586, 180, FALSE, TRUE, 'B1509A', 13520, 12510 );
INSERT INTO "dias_line_groups" VALUES ( 17586, 10 );
INSERT INTO "times" VALUES ( 17586, 12510, '16:42:00', NULL, NULL );
INSERT INTO "times" VALUES ( 17586, 12520, '16:41:00', '16:41:00', 20 );
INSERT INTO "times" VALUES ( 17586, 12530, '16:39:00', '16:39:00', 20 );
INSERT INTO "times" VALUES ( 17586, 12540, '16:36:00', '16:36:00', 20 );
INSERT INTO "times" VALUES ( 17586, 12710, '16:21:00', '16:21:00', 20 );
INSERT INTO "times" VALUES ( 17586, 12740, '16:15:00', '16:15:00', 20 );
INSERT INTO "times" VALUES ( 17586, 12780, '16:04:00', '16:04:00', 20 );
INSERT INTO "times" VALUES ( 17586, 12800, '16:01:00', '16:01:00', 20 );
INSERT INTO "times" VALUES ( 17586, 12870, '15:53:00', '15:53:00', 20 );
INSERT INTO "times" VALUES ( 17586, 12890, '15:50:00', '15:50:00', 20 );
INSERT INTO "times" VALUES ( 17586, 12900, '15:48:00', '15:49:00', 20 );
INSERT INTO "times" VALUES ( 17586, 13520, NULL, '15:45:00', 30 );

INSERT INTO "dias" VALUES ( 17587, 180, FALSE, TRUE, 'B1510Z', 12510, 13520 );
INSERT INTO "dias_line_groups" VALUES ( 17587, 10 );
INSERT INTO "times" VALUES ( 17587, 12510, NULL, '15:50:00', 20 );
INSERT INTO "times" VALUES ( 17587, 12520, '15:51:00', '15:51:00', 20 );
INSERT INTO "times" VALUES ( 17587, 12530, '15:53:00', '15:53:00', 20 );
INSERT INTO "times" VALUES ( 17587, 12540, '15:57:00', '15:57:00', 20 );
INSERT INTO "times" VALUES ( 17587, 12710, '16:11:00', '16:12:00', 20 );
INSERT INTO "times" VALUES ( 17587, 12740, '16:17:00', '16:18:00', 20 );
INSERT INTO "times" VALUES ( 17587, 12780, '16:29:00', '16:29:00', 20 );
INSERT INTO "times" VALUES ( 17587, 12800, '16:31:00', '16:31:00', 20 );
INSERT INTO "times" VALUES ( 17587, 12870, '16:37:00', '16:37:00', 20 );
INSERT INTO "times" VALUES ( 17587, 12890, '16:40:00', '16:40:00', 20 );
INSERT INTO "times" VALUES ( 17587, 12900, '16:41:00', '16:43:00', 20 );
INSERT INTO "times" VALUES ( 17587, 13520, '16:47:00', NULL, NULL );

INSERT INTO "dias" VALUES ( 17588, 180, FALSE, TRUE, 'B1511A', 13520, 12510 );
INSERT INTO "dias_line_groups" VALUES ( 17588, 10 );
INSERT INTO "times" VALUES ( 17588, 12510, '16:52:00', NULL, NULL );
INSERT INTO "times" VALUES ( 17588, 12520, '16:50:00', '16:50:00', 20 );
INSERT INTO "times" VALUES ( 17588, 12530, '16:48:00', '16:48:00', 20 );
INSERT INTO "times" VALUES ( 17588, 12540, '16:45:00', '16:45:00', 20 );
INSERT INTO "times" VALUES ( 17588, 12710, '16:30:00', '16:31:00', 20 );
INSERT INTO "times" VALUES ( 17588, 12740, '16:23:00', '16:25:00', 20 );
INSERT INTO "times" VALUES ( 17588, 12780, '16:12:00', '16:13:00', 20 );
INSERT INTO "times" VALUES ( 17588, 12800, '16:10:00', '16:10:00', 20 );
INSERT INTO "times" VALUES ( 17588, 12870, '16:02:00', '16:02:00', 20 );
INSERT INTO "times" VALUES ( 17588, 12890, '16:00:00', '16:00:00', 20 );
INSERT INTO "times" VALUES ( 17588, 12900, '15:58:00', '15:58:00', 20 );
INSERT INTO "times" VALUES ( 17588, 13520, NULL, '15:55:00', 30 );

INSERT INTO "dias" VALUES ( 17589, 180, FALSE, TRUE, 'B1600Z', 12510, 13520 );
INSERT INTO "dias_line_groups" VALUES ( 17589, 10 );
INSERT INTO "times" VALUES ( 17589, 12510, NULL, '16:00:00', 20 );
INSERT INTO "times" VALUES ( 17589, 12520, '16:01:00', '16:01:00', 20 );
INSERT INTO "times" VALUES ( 17589, 12530, '16:03:00', '16:03:00', 20 );
INSERT INTO "times" VALUES ( 17589, 12540, '16:07:00', '16:07:00', 20 );
INSERT INTO "times" VALUES ( 17589, 12710, '16:21:00', '16:22:00', 20 );
INSERT INTO "times" VALUES ( 17589, 12740, '16:27:00', '16:28:00', 20 );
INSERT INTO "times" VALUES ( 17589, 12780, '16:39:00', '16:39:00', 20 );
INSERT INTO "times" VALUES ( 17589, 12800, '16:41:00', '16:41:00', 20 );
INSERT INTO "times" VALUES ( 17589, 12870, '16:47:00', '16:47:00', 20 );
INSERT INTO "times" VALUES ( 17589, 12890, '16:50:00', '16:50:00', 20 );
INSERT INTO "times" VALUES ( 17589, 12900, '16:52:00', '16:52:00', 20 );
INSERT INTO "times" VALUES ( 17589, 13520, '16:55:00', NULL, NULL );

INSERT INTO "dias" VALUES ( 17590, 180, FALSE, TRUE, 'B1601A', 13520, 12510 );
INSERT INTO "dias_line_groups" VALUES ( 17590, 10 );
INSERT INTO "times" VALUES ( 17590, 12510, '17:02:00', NULL, NULL );
INSERT INTO "times" VALUES ( 17590, 12520, '16:59:00', '16:59:00', 20 );
INSERT INTO "times" VALUES ( 17590, 12530, '16:57:00', '16:57:00', 20 );
INSERT INTO "times" VALUES ( 17590, 12540, '16:53:00', '16:54:00', 20 );
INSERT INTO "times" VALUES ( 17590, 12710, '16:39:00', '16:39:00', 20 );
INSERT INTO "times" VALUES ( 17590, 12740, '16:32:00', '16:33:00', 20 );
INSERT INTO "times" VALUES ( 17590, 12780, '16:22:00', '16:22:00', 20 );
INSERT INTO "times" VALUES ( 17590, 12800, '16:19:00', '16:19:00', 20 );
INSERT INTO "times" VALUES ( 17590, 12870, '16:12:00', '16:12:00', 20 );
INSERT INTO "times" VALUES ( 17590, 12890, '16:10:00', '16:10:00', 20 );
INSERT INTO "times" VALUES ( 17590, 12900, '16:07:00', '16:08:00', 20 );
INSERT INTO "times" VALUES ( 17590, 13520, NULL, '16:03:00', 30 );

INSERT INTO "dias" VALUES ( 17591, 180, FALSE, TRUE, 'B1602Z', 12510, 13520 );
INSERT INTO "dias_line_groups" VALUES ( 17591, 10 );
INSERT INTO "times" VALUES ( 17591, 12510, NULL, '16:10:00', 20 );
INSERT INTO "times" VALUES ( 17591, 12520, '16:12:00', '16:12:00', 20 );
INSERT INTO "times" VALUES ( 17591, 12530, '16:14:00', '16:14:00', 20 );
INSERT INTO "times" VALUES ( 17591, 12540, '16:17:00', '16:18:00', 20 );
INSERT INTO "times" VALUES ( 17591, 12710, '16:31:00', '16:32:00', 20 );
INSERT INTO "times" VALUES ( 17591, 12740, '16:38:00', '16:38:00', 20 );
INSERT INTO "times" VALUES ( 17591, 12780, '16:49:00', '16:49:00', 20 );
INSERT INTO "times" VALUES ( 17591, 12800, '16:51:00', '16:51:00', 20 );
INSERT INTO "times" VALUES ( 17591, 12870, '16:59:00', '16:59:00', 20 );
INSERT INTO "times" VALUES ( 17591, 12890, '17:02:00', '17:02:00', 20 );
INSERT INTO "times" VALUES ( 17591, 12900, '17:04:00', '17:04:00', 20 );
INSERT INTO "times" VALUES ( 17591, 13520, '17:07:00', NULL, NULL );

INSERT INTO "dias" VALUES ( 17592, 180, FALSE, TRUE, 'B1603A', 13520, 12510 );
INSERT INTO "dias_line_groups" VALUES ( 17592, 10 );
INSERT INTO "times" VALUES ( 17592, 12510, '17:13:00', NULL, NULL );
INSERT INTO "times" VALUES ( 17592, 12520, '17:11:00', '17:11:00', 20 );
INSERT INTO "times" VALUES ( 17592, 12530, '17:09:00', '17:09:00', 20 );
INSERT INTO "times" VALUES ( 17592, 12540, '17:05:00', '17:06:00', 20 );
INSERT INTO "times" VALUES ( 17592, 12710, '16:50:00', '16:51:00', 20 );
INSERT INTO "times" VALUES ( 17592, 12740, '16:45:00', '16:45:00', 20 );
INSERT INTO "times" VALUES ( 17592, 12780, '16:34:00', '16:34:00', 20 );
INSERT INTO "times" VALUES ( 17592, 12800, '16:31:00', '16:31:00', 20 );
INSERT INTO "times" VALUES ( 17592, 12870, '16:23:00', '16:23:00', 20 );
INSERT INTO "times" VALUES ( 17592, 12890, '16:20:00', '16:20:00', 20 );
INSERT INTO "times" VALUES ( 17592, 12900, '16:18:00', '16:19:00', 20 );
INSERT INTO "times" VALUES ( 17592, 13520, NULL, '16:15:00', 30 );

INSERT INTO "dias" VALUES ( 17593, 180, FALSE, TRUE, 'B1604Z', 12510, 13520 );
INSERT INTO "dias_line_groups" VALUES ( 17593, 10 );
INSERT INTO "times" VALUES ( 17593, 12510, NULL, '16:20:00', 20 );
INSERT INTO "times" VALUES ( 17593, 12520, '16:21:00', '16:21:00', 20 );
INSERT INTO "times" VALUES ( 17593, 12530, '16:23:00', '16:23:00', 20 );
INSERT INTO "times" VALUES ( 17593, 12540, '16:27:00', '16:27:00', 20 );
INSERT INTO "times" VALUES ( 17593, 12710, '16:41:00', '16:42:00', 20 );
INSERT INTO "times" VALUES ( 17593, 12740, '16:47:00', '16:48:00', 20 );
INSERT INTO "times" VALUES ( 17593, 12780, '16:59:00', '16:59:00', 20 );
INSERT INTO "times" VALUES ( 17593, 12800, '17:01:00', '17:01:00', 20 );
INSERT INTO "times" VALUES ( 17593, 12870, '17:07:00', '17:07:00', 20 );
INSERT INTO "times" VALUES ( 17593, 12890, '17:10:00', '17:10:00', 20 );
INSERT INTO "times" VALUES ( 17593, 12900, '17:11:00', '17:13:00', 20 );
INSERT INTO "times" VALUES ( 17593, 13520, '17:17:00', NULL, NULL );

INSERT INTO "dias" VALUES ( 17594, 180, FALSE, TRUE, 'B1605A', 13520, 12510 );
INSERT INTO "dias_line_groups" VALUES ( 17594, 10 );
INSERT INTO "times" VALUES ( 17594, 12510, '17:22:00', NULL, NULL );
INSERT INTO "times" VALUES ( 17594, 12520, '17:20:00', '17:20:00', 20 );
INSERT INTO "times" VALUES ( 17594, 12530, '17:18:00', '17:18:00', 20 );
INSERT INTO "times" VALUES ( 17594, 12540, '17:14:00', '17:15:00', 20 );
INSERT INTO "times" VALUES ( 17594, 12710, '16:59:00', '17:00:00', 20 );
INSERT INTO "times" VALUES ( 17594, 12740, '16:53:00', '16:53:00', 20 );
INSERT INTO "times" VALUES ( 17594, 12780, '16:42:00', '16:43:00', 20 );
INSERT INTO "times" VALUES ( 17594, 12800, '16:40:00', '16:40:00', 20 );
INSERT INTO "times" VALUES ( 17594, 12870, '16:32:00', '16:32:00', 20 );
INSERT INTO "times" VALUES ( 17594, 12890, '16:30:00', '16:30:00', 20 );
INSERT INTO "times" VALUES ( 17594, 12900, '16:28:00', '16:28:00', 20 );
INSERT INTO "times" VALUES ( 17594, 13520, NULL, '16:25:00', 30 );

INSERT INTO "dias" VALUES ( 17595, 180, FALSE, TRUE, 'B1606Z', 12510, 13520 );
INSERT INTO "dias_line_groups" VALUES ( 17595, 10 );
INSERT INTO "times" VALUES ( 17595, 12510, NULL, '16:30:00', 20 );
INSERT INTO "times" VALUES ( 17595, 12520, '16:31:00', '16:31:00', 20 );
INSERT INTO "times" VALUES ( 17595, 12530, '16:33:00', '16:33:00', 20 );
INSERT INTO "times" VALUES ( 17595, 12540, '16:37:00', '16:37:00', 20 );
INSERT INTO "times" VALUES ( 17595, 12710, '16:51:00', '16:52:00', 20 );
INSERT INTO "times" VALUES ( 17595, 12740, '16:57:00', '16:58:00', 20 );
INSERT INTO "times" VALUES ( 17595, 12780, '17:09:00', '17:09:00', 20 );
INSERT INTO "times" VALUES ( 17595, 12800, '17:11:00', '17:11:00', 20 );
INSERT INTO "times" VALUES ( 17595, 12870, '17:17:00', '17:17:00', 20 );
INSERT INTO "times" VALUES ( 17595, 12890, '17:20:00', '17:20:00', 20 );
INSERT INTO "times" VALUES ( 17595, 12900, '17:22:00', '17:22:00', 20 );
INSERT INTO "times" VALUES ( 17595, 13520, '17:25:00', NULL, NULL );

INSERT INTO "dias" VALUES ( 17596, 180, FALSE, TRUE, 'B1607A', 13520, 12510 );
INSERT INTO "dias_line_groups" VALUES ( 17596, 10 );
INSERT INTO "times" VALUES ( 17596, 12510, '17:32:00', NULL, NULL );
INSERT INTO "times" VALUES ( 17596, 12520, '17:29:00', '17:29:00', 20 );
INSERT INTO "times" VALUES ( 17596, 12530, '17:27:00', '17:27:00', 20 );
INSERT INTO "times" VALUES ( 17596, 12540, '17:23:00', '17:24:00', 20 );
INSERT INTO "times" VALUES ( 17596, 12710, '17:09:00', '17:09:00', 20 );
INSERT INTO "times" VALUES ( 17596, 12740, '17:02:00', '17:03:00', 20 );
INSERT INTO "times" VALUES ( 17596, 12780, '16:52:00', '16:52:00', 20 );
INSERT INTO "times" VALUES ( 17596, 12800, '16:49:00', '16:49:00', 20 );
INSERT INTO "times" VALUES ( 17596, 12870, '16:42:00', '16:42:00', 20 );
INSERT INTO "times" VALUES ( 17596, 12890, '16:40:00', '16:40:00', 20 );
INSERT INTO "times" VALUES ( 17596, 12900, '16:37:00', '16:38:00', 20 );
INSERT INTO "times" VALUES ( 17596, 13520, NULL, '16:33:00', 30 );

INSERT INTO "dias" VALUES ( 17597, 180, FALSE, TRUE, 'B1608Z', 12510, 13520 );
INSERT INTO "dias_line_groups" VALUES ( 17597, 10 );
INSERT INTO "times" VALUES ( 17597, 12510, NULL, '16:40:00', 20 );
INSERT INTO "times" VALUES ( 17597, 12520, '16:42:00', '16:42:00', 20 );
INSERT INTO "times" VALUES ( 17597, 12530, '16:44:00', '16:44:00', 20 );
INSERT INTO "times" VALUES ( 17597, 12540, '16:47:00', '16:48:00', 20 );
INSERT INTO "times" VALUES ( 17597, 12710, '17:01:00', '17:02:00', 20 );
INSERT INTO "times" VALUES ( 17597, 12740, '17:08:00', '17:08:00', 20 );
INSERT INTO "times" VALUES ( 17597, 12780, '17:19:00', '17:19:00', 20 );
INSERT INTO "times" VALUES ( 17597, 12800, '17:21:00', '17:21:00', 20 );
INSERT INTO "times" VALUES ( 17597, 12870, '17:29:00', '17:29:00', 20 );
INSERT INTO "times" VALUES ( 17597, 12890, '17:32:00', '17:32:00', 20 );
INSERT INTO "times" VALUES ( 17597, 12900, '17:34:00', '17:34:00', 20 );
INSERT INTO "times" VALUES ( 17597, 13520, '17:37:00', NULL, NULL );

INSERT INTO "dias" VALUES ( 17598, 180, FALSE, TRUE, 'B1609A', 13520, 12510 );
INSERT INTO "dias_line_groups" VALUES ( 17598, 10 );
INSERT INTO "times" VALUES ( 17598, 12510, '17:43:00', NULL, NULL );
INSERT INTO "times" VALUES ( 17598, 12520, '17:41:00', '17:41:00', 20 );
INSERT INTO "times" VALUES ( 17598, 12530, '17:40:00', '17:40:00', 20 );
INSERT INTO "times" VALUES ( 17598, 12540, '17:36:00', '17:37:00', 20 );
INSERT INTO "times" VALUES ( 17598, 12710, '17:20:00', '17:21:00', 20 );
INSERT INTO "times" VALUES ( 17598, 12740, '17:14:00', '17:15:00', 20 );
INSERT INTO "times" VALUES ( 17598, 12780, '17:04:00', '17:04:00', 20 );
INSERT INTO "times" VALUES ( 17598, 12800, '17:01:00', '17:01:00', 20 );
INSERT INTO "times" VALUES ( 17598, 12870, '16:53:00', '16:53:00', 20 );
INSERT INTO "times" VALUES ( 17598, 12890, '16:50:00', '16:50:00', 20 );
INSERT INTO "times" VALUES ( 17598, 12900, '16:48:00', '16:49:00', 20 );
INSERT INTO "times" VALUES ( 17598, 13520, NULL, '16:45:00', 30 );

INSERT INTO "dias" VALUES ( 17599, 180, FALSE, TRUE, 'B1610Z', 12510, 13520 );
INSERT INTO "dias_line_groups" VALUES ( 17599, 10 );
INSERT INTO "times" VALUES ( 17599, 12510, NULL, '16:50:00', 20 );
INSERT INTO "times" VALUES ( 17599, 12520, '16:51:00', '16:51:00', 20 );
INSERT INTO "times" VALUES ( 17599, 12530, '16:53:00', '16:53:00', 20 );
INSERT INTO "times" VALUES ( 17599, 12540, '16:57:00', '16:57:00', 20 );
INSERT INTO "times" VALUES ( 17599, 12710, '17:11:00', '17:12:00', 20 );
INSERT INTO "times" VALUES ( 17599, 12740, '17:16:00', '17:17:00', 20 );
INSERT INTO "times" VALUES ( 17599, 12780, '17:29:00', '17:29:00', 20 );
INSERT INTO "times" VALUES ( 17599, 12800, '17:31:00', '17:31:00', 20 );
INSERT INTO "times" VALUES ( 17599, 12870, '17:37:00', '17:37:00', 20 );
INSERT INTO "times" VALUES ( 17599, 12890, '17:40:00', '17:40:00', 20 );
INSERT INTO "times" VALUES ( 17599, 12900, '17:42:00', '17:42:00', 20 );
INSERT INTO "times" VALUES ( 17599, 13520, '17:45:00', NULL, NULL );

INSERT INTO "dias" VALUES ( 17600, 180, FALSE, TRUE, 'B1611A', 13520, 12510 );
INSERT INTO "dias_line_groups" VALUES ( 17600, 10 );
INSERT INTO "times" VALUES ( 17600, 12510, '17:52:00', NULL, NULL );
INSERT INTO "times" VALUES ( 17600, 12520, '17:50:00', '17:50:00', 20 );
INSERT INTO "times" VALUES ( 17600, 12530, '17:49:00', '17:49:00', 20 );
INSERT INTO "times" VALUES ( 17600, 12540, '17:45:00', '17:46:00', 20 );
INSERT INTO "times" VALUES ( 17600, 12710, '17:30:00', '17:31:00', 20 );
INSERT INTO "times" VALUES ( 17600, 12740, '17:23:00', '17:25:00', 20 );
INSERT INTO "times" VALUES ( 17600, 12780, '17:12:00', '17:13:00', 20 );
INSERT INTO "times" VALUES ( 17600, 12800, '17:10:00', '17:10:00', 20 );
INSERT INTO "times" VALUES ( 17600, 12870, '17:02:00', '17:02:00', 20 );
INSERT INTO "times" VALUES ( 17600, 12890, '17:00:00', '17:00:00', 20 );
INSERT INTO "times" VALUES ( 17600, 12900, '16:58:00', '16:58:00', 20 );
INSERT INTO "times" VALUES ( 17600, 13520, NULL, '16:55:00', 30 );

INSERT INTO "dias" VALUES ( 17601, 180, FALSE, TRUE, 'B1700Z', 12510, 13520 );
INSERT INTO "dias_line_groups" VALUES ( 17601, 10 );
INSERT INTO "times" VALUES ( 17601, 12510, NULL, '17:00:00', 20 );
INSERT INTO "times" VALUES ( 17601, 12520, '17:01:00', '17:01:00', 20 );
INSERT INTO "times" VALUES ( 17601, 12530, '17:03:00', '17:03:00', 20 );
INSERT INTO "times" VALUES ( 17601, 12540, '17:07:00', '17:07:00', 20 );
INSERT INTO "times" VALUES ( 17601, 12710, '17:21:00', '17:22:00', 20 );
INSERT INTO "times" VALUES ( 17601, 12740, '17:27:00', '17:28:00', 20 );
INSERT INTO "times" VALUES ( 17601, 12780, '17:39:00', '17:39:00', 20 );
INSERT INTO "times" VALUES ( 17601, 12800, '17:41:00', '17:41:00', 20 );
INSERT INTO "times" VALUES ( 17601, 12870, '17:47:00', '17:47:00', 20 );
INSERT INTO "times" VALUES ( 17601, 12890, '17:50:00', '17:50:00', 20 );
INSERT INTO "times" VALUES ( 17601, 12900, '17:52:00', '17:52:00', 20 );
INSERT INTO "times" VALUES ( 17601, 13520, '17:55:00', NULL, NULL );

INSERT INTO "dias" VALUES ( 17602, 180, FALSE, TRUE, 'B1701A', 13520, 12510 );
INSERT INTO "dias_line_groups" VALUES ( 17602, 10 );
INSERT INTO "times" VALUES ( 17602, 12510, '18:02:00', NULL, NULL );
INSERT INTO "times" VALUES ( 17602, 12520, '17:59:00', '17:59:00', 20 );
INSERT INTO "times" VALUES ( 17602, 12530, '17:57:00', '17:57:00', 20 );
INSERT INTO "times" VALUES ( 17602, 12540, '17:53:00', '17:54:00', 20 );
INSERT INTO "times" VALUES ( 17602, 12710, '17:39:00', '17:39:00', 20 );
INSERT INTO "times" VALUES ( 17602, 12740, '17:32:00', '17:33:00', 20 );
INSERT INTO "times" VALUES ( 17602, 12780, '17:22:00', '17:22:00', 20 );
INSERT INTO "times" VALUES ( 17602, 12800, '17:19:00', '17:19:00', 20 );
INSERT INTO "times" VALUES ( 17602, 12870, '17:12:00', '17:12:00', 20 );
INSERT INTO "times" VALUES ( 17602, 12890, '17:10:00', '17:10:00', 20 );
INSERT INTO "times" VALUES ( 17602, 12900, '17:06:00', '17:08:00', 20 );
INSERT INTO "times" VALUES ( 17602, 13520, NULL, '17:03:00', 30 );

INSERT INTO "dias" VALUES ( 17603, 180, FALSE, TRUE, 'B1702Z', 12510, 13520 );
INSERT INTO "dias_line_groups" VALUES ( 17603, 10 );
INSERT INTO "times" VALUES ( 17603, 12510, NULL, '17:11:00', 20 );
INSERT INTO "times" VALUES ( 17603, 12520, '17:12:00', '17:12:00', 20 );
INSERT INTO "times" VALUES ( 17603, 12530, '17:14:00', '17:14:00', 20 );
INSERT INTO "times" VALUES ( 17603, 12540, '17:18:00', '17:18:00', 20 );
INSERT INTO "times" VALUES ( 17603, 12710, '17:31:00', '17:32:00', 20 );
INSERT INTO "times" VALUES ( 17603, 12740, '17:38:00', '17:38:00', 20 );
INSERT INTO "times" VALUES ( 17603, 12780, '17:49:00', '17:49:00', 20 );
INSERT INTO "times" VALUES ( 17603, 12800, '17:51:00', '17:51:00', 20 );
INSERT INTO "times" VALUES ( 17603, 12870, '17:57:00', '17:57:00', 20 );
INSERT INTO "times" VALUES ( 17603, 12890, '18:00:00', '18:00:00', 20 );
INSERT INTO "times" VALUES ( 17603, 12900, '18:02:00', '18:02:00', 20 );
INSERT INTO "times" VALUES ( 17603, 13520, '18:05:00', NULL, NULL );

INSERT INTO "dias" VALUES ( 17604, 180, FALSE, TRUE, 'B1703A', 13520, 12510 );
INSERT INTO "dias_line_groups" VALUES ( 17604, 10 );
INSERT INTO "times" VALUES ( 17604, 12510, '18:13:00', NULL, NULL );
INSERT INTO "times" VALUES ( 17604, 12520, '18:11:00', '18:11:00', 20 );
INSERT INTO "times" VALUES ( 17604, 12530, '18:09:00', '18:09:00', 20 );
INSERT INTO "times" VALUES ( 17604, 12540, '18:05:00', '18:06:00', 20 );
INSERT INTO "times" VALUES ( 17604, 12710, '17:50:00', '17:51:00', 20 );
INSERT INTO "times" VALUES ( 17604, 12740, '17:45:00', '17:45:00', 20 );
INSERT INTO "times" VALUES ( 17604, 12780, '17:34:00', '17:34:00', 20 );
INSERT INTO "times" VALUES ( 17604, 12800, '17:31:00', '17:31:00', 20 );
INSERT INTO "times" VALUES ( 17604, 12870, '17:23:00', '17:23:00', 20 );
INSERT INTO "times" VALUES ( 17604, 12890, '17:20:00', '17:20:00', 20 );
INSERT INTO "times" VALUES ( 17604, 12900, '17:18:00', '17:19:00', 20 );
INSERT INTO "times" VALUES ( 17604, 13520, NULL, '17:15:00', 30 );

INSERT INTO "dias" VALUES ( 17605, 180, FALSE, TRUE, 'B1704Z', 12510, 13520 );
INSERT INTO "dias_line_groups" VALUES ( 17605, 10 );
INSERT INTO "times" VALUES ( 17605, 12510, NULL, '17:20:00', 20 );
INSERT INTO "times" VALUES ( 17605, 12520, '17:21:00', '17:21:00', 20 );
INSERT INTO "times" VALUES ( 17605, 12530, '17:23:00', '17:23:00', 20 );
INSERT INTO "times" VALUES ( 17605, 12540, '17:27:00', '17:27:00', 20 );
INSERT INTO "times" VALUES ( 17605, 12710, '17:41:00', '17:42:00', 20 );
INSERT INTO "times" VALUES ( 17605, 12740, '17:46:00', '17:47:00', 20 );
INSERT INTO "times" VALUES ( 17605, 12780, '17:58:00', '17:59:00', 20 );
INSERT INTO "times" VALUES ( 17605, 12800, '18:01:00', '18:01:00', 20 );
INSERT INTO "times" VALUES ( 17605, 12870, '18:07:00', '18:07:00', 20 );
INSERT INTO "times" VALUES ( 17605, 12890, '18:10:00', '18:10:00', 20 );
INSERT INTO "times" VALUES ( 17605, 12900, '18:12:00', '18:12:00', 20 );
INSERT INTO "times" VALUES ( 17605, 13520, '18:15:00', NULL, NULL );

INSERT INTO "dias" VALUES ( 17606, 180, FALSE, TRUE, 'B1705A', 13520, 12510 );
INSERT INTO "dias_line_groups" VALUES ( 17606, 10 );
INSERT INTO "times" VALUES ( 17606, 12510, '18:22:00', NULL, NULL );
INSERT INTO "times" VALUES ( 17606, 12520, '18:20:00', '18:20:00', 20 );
INSERT INTO "times" VALUES ( 17606, 12530, '18:18:00', '18:18:00', 20 );
INSERT INTO "times" VALUES ( 17606, 12540, '18:14:00', '18:15:00', 20 );
INSERT INTO "times" VALUES ( 17606, 12710, '17:59:00', '18:00:00', 20 );
INSERT INTO "times" VALUES ( 17606, 12740, '17:53:00', '17:53:00', 20 );
INSERT INTO "times" VALUES ( 17606, 12780, '17:43:00', '17:43:00', 20 );
INSERT INTO "times" VALUES ( 17606, 12800, '17:40:00', '17:40:00', 20 );
INSERT INTO "times" VALUES ( 17606, 12870, '17:32:00', '17:32:00', 20 );
INSERT INTO "times" VALUES ( 17606, 12890, '17:30:00', '17:30:00', 20 );
INSERT INTO "times" VALUES ( 17606, 12900, '17:28:00', '17:28:00', 20 );
INSERT INTO "times" VALUES ( 17606, 13520, NULL, '17:25:00', 30 );

INSERT INTO "dias" VALUES ( 17607, 180, FALSE, TRUE, 'B1706Z', 12510, 13520 );
INSERT INTO "dias_line_groups" VALUES ( 17607, 10 );
INSERT INTO "times" VALUES ( 17607, 12510, NULL, '17:30:00', 20 );
INSERT INTO "times" VALUES ( 17607, 12520, '17:31:00', '17:31:00', 20 );
INSERT INTO "times" VALUES ( 17607, 12530, '17:33:00', '17:33:00', 20 );
INSERT INTO "times" VALUES ( 17607, 12540, '17:37:00', '17:37:00', 20 );
INSERT INTO "times" VALUES ( 17607, 12710, '17:51:00', '17:52:00', 20 );
INSERT INTO "times" VALUES ( 17607, 12740, '17:57:00', '17:58:00', 20 );
INSERT INTO "times" VALUES ( 17607, 12780, '18:08:00', '18:09:00', 20 );
INSERT INTO "times" VALUES ( 17607, 12800, '18:11:00', '18:11:00', 20 );
INSERT INTO "times" VALUES ( 17607, 12870, '18:17:00', '18:17:00', 20 );
INSERT INTO "times" VALUES ( 17607, 12890, '18:20:00', '18:20:00', 20 );
INSERT INTO "times" VALUES ( 17607, 12900, '18:22:00', '18:22:00', 20 );
INSERT INTO "times" VALUES ( 17607, 13520, '18:25:00', NULL, NULL );

INSERT INTO "dias" VALUES ( 17608, 180, FALSE, TRUE, 'B1707A', 13520, 12510 );
INSERT INTO "dias_line_groups" VALUES ( 17608, 10 );
INSERT INTO "times" VALUES ( 17608, 12510, '18:32:00', NULL, NULL );
INSERT INTO "times" VALUES ( 17608, 12520, '18:29:00', '18:29:00', 20 );
INSERT INTO "times" VALUES ( 17608, 12530, '18:27:00', '18:27:00', 20 );
INSERT INTO "times" VALUES ( 17608, 12540, '18:23:00', '18:24:00', 20 );
INSERT INTO "times" VALUES ( 17608, 12710, '18:09:00', '18:09:00', 20 );
INSERT INTO "times" VALUES ( 17608, 12740, '18:02:00', '18:03:00', 20 );
INSERT INTO "times" VALUES ( 17608, 12780, '17:52:00', '17:52:00', 20 );
INSERT INTO "times" VALUES ( 17608, 12800, '17:49:00', '17:49:00', 20 );
INSERT INTO "times" VALUES ( 17608, 12870, '17:42:00', '17:42:00', 20 );
INSERT INTO "times" VALUES ( 17608, 12890, '17:40:00', '17:40:00', 20 );
INSERT INTO "times" VALUES ( 17608, 12900, '17:36:00', '17:38:00', 20 );
INSERT INTO "times" VALUES ( 17608, 13520, NULL, '17:33:00', 30 );

INSERT INTO "dias" VALUES ( 17609, 180, FALSE, TRUE, 'B1708Z', 12510, 13520 );
INSERT INTO "dias_line_groups" VALUES ( 17609, 10 );
INSERT INTO "times" VALUES ( 17609, 12510, NULL, '17:41:00', 20 );
INSERT INTO "times" VALUES ( 17609, 12520, '17:42:00', '17:42:00', 20 );
INSERT INTO "times" VALUES ( 17609, 12530, '17:45:00', '17:45:00', 20 );
INSERT INTO "times" VALUES ( 17609, 12540, '17:48:00', '17:48:00', 20 );
INSERT INTO "times" VALUES ( 17609, 12710, '18:01:00', '18:02:00', 20 );
INSERT INTO "times" VALUES ( 17609, 12740, '18:08:00', '18:08:00', 20 );
INSERT INTO "times" VALUES ( 17609, 12780, '18:19:00', '18:19:00', 20 );
INSERT INTO "times" VALUES ( 17609, 12800, '18:21:00', '18:21:00', 20 );
INSERT INTO "times" VALUES ( 17609, 12870, '18:27:00', '18:27:00', 20 );
INSERT INTO "times" VALUES ( 17609, 12890, '18:30:00', '18:30:00', 20 );
INSERT INTO "times" VALUES ( 17609, 12900, '18:32:00', '18:32:00', 20 );
INSERT INTO "times" VALUES ( 17609, 13520, '18:35:00', NULL, NULL );

INSERT INTO "dias" VALUES ( 17610, 180, FALSE, TRUE, 'B1709A', 13520, 12510 );
INSERT INTO "dias_line_groups" VALUES ( 17610, 10 );
INSERT INTO "times" VALUES ( 17610, 12510, '18:43:00', NULL, NULL );
INSERT INTO "times" VALUES ( 17610, 12520, '18:41:00', '18:41:00', 20 );
INSERT INTO "times" VALUES ( 17610, 12530, '18:39:00', '18:39:00', 20 );
INSERT INTO "times" VALUES ( 17610, 12540, '18:35:00', '18:36:00', 20 );
INSERT INTO "times" VALUES ( 17610, 12710, '18:20:00', '18:21:00', 20 );
INSERT INTO "times" VALUES ( 17610, 12740, '18:15:00', '18:15:00', 20 );
INSERT INTO "times" VALUES ( 17610, 12780, '18:04:00', '18:04:00', 20 );
INSERT INTO "times" VALUES ( 17610, 12800, '18:01:00', '18:01:00', 20 );
INSERT INTO "times" VALUES ( 17610, 12870, '17:54:00', '17:54:00', 20 );
INSERT INTO "times" VALUES ( 17610, 12890, '17:51:00', '17:51:00', 20 );
INSERT INTO "times" VALUES ( 17610, 12900, '17:49:00', '17:49:00', 20 );
INSERT INTO "times" VALUES ( 17610, 13520, NULL, '17:46:00', 30 );

INSERT INTO "dias" VALUES ( 17611, 180, FALSE, TRUE, 'B1710Z', 12510, 13520 );
INSERT INTO "dias_line_groups" VALUES ( 17611, 10 );
INSERT INTO "times" VALUES ( 17611, 12510, NULL, '17:50:00', 20 );
INSERT INTO "times" VALUES ( 17611, 12520, '17:51:00', '17:51:00', 20 );
INSERT INTO "times" VALUES ( 17611, 12530, '17:53:00', '17:53:00', 20 );
INSERT INTO "times" VALUES ( 17611, 12540, '17:57:00', '17:57:00', 20 );
INSERT INTO "times" VALUES ( 17611, 12710, '18:11:00', '18:12:00', 20 );
INSERT INTO "times" VALUES ( 17611, 12740, '18:16:00', '18:17:00', 20 );
INSERT INTO "times" VALUES ( 17611, 12780, '18:28:00', '18:29:00', 20 );
INSERT INTO "times" VALUES ( 17611, 12800, '18:31:00', '18:31:00', 20 );
INSERT INTO "times" VALUES ( 17611, 12870, '18:37:00', '18:37:00', 20 );
INSERT INTO "times" VALUES ( 17611, 12890, '18:40:00', '18:40:00', 20 );
INSERT INTO "times" VALUES ( 17611, 12900, '18:42:00', '18:42:00', 20 );
INSERT INTO "times" VALUES ( 17611, 13520, '18:45:00', NULL, NULL );

INSERT INTO "dias" VALUES ( 17612, 180, FALSE, TRUE, 'B1711A', 13520, 12510 );
INSERT INTO "dias_line_groups" VALUES ( 17612, 10 );
INSERT INTO "times" VALUES ( 17612, 12510, '18:52:00', NULL, NULL );
INSERT INTO "times" VALUES ( 17612, 12520, '18:50:00', '18:50:00', 20 );
INSERT INTO "times" VALUES ( 17612, 12530, '18:48:00', '18:48:00', 20 );
INSERT INTO "times" VALUES ( 17612, 12540, '18:44:00', '18:45:00', 20 );
INSERT INTO "times" VALUES ( 17612, 12710, '18:29:00', '18:30:00', 20 );
INSERT INTO "times" VALUES ( 17612, 12740, '18:23:00', '18:24:00', 20 );
INSERT INTO "times" VALUES ( 17612, 12780, '18:13:00', '18:13:00', 20 );
INSERT INTO "times" VALUES ( 17612, 12800, '18:10:00', '18:10:00', 20 );
INSERT INTO "times" VALUES ( 17612, 12870, '18:03:00', '18:03:00', 20 );
INSERT INTO "times" VALUES ( 17612, 12890, '18:01:00', '18:01:00', 20 );
INSERT INTO "times" VALUES ( 17612, 12900, '17:58:00', '17:59:00', 20 );
INSERT INTO "times" VALUES ( 17612, 13520, NULL, '17:56:00', 30 );

INSERT INTO "dias" VALUES ( 17613, 180, FALSE, TRUE, 'B1800Z', 12510, 13520 );
INSERT INTO "dias_line_groups" VALUES ( 17613, 10 );
INSERT INTO "times" VALUES ( 17613, 12510, NULL, '18:00:00', 20 );
INSERT INTO "times" VALUES ( 17613, 12520, '18:01:00', '18:01:00', 20 );
INSERT INTO "times" VALUES ( 17613, 12530, '18:03:00', '18:03:00', 20 );
INSERT INTO "times" VALUES ( 17613, 12540, '18:07:00', '18:07:00', 20 );
INSERT INTO "times" VALUES ( 17613, 12710, '18:21:00', '18:22:00', 20 );
INSERT INTO "times" VALUES ( 17613, 12740, '18:27:00', '18:28:00', 20 );
INSERT INTO "times" VALUES ( 17613, 12780, '18:38:00', '18:39:00', 20 );
INSERT INTO "times" VALUES ( 17613, 12800, '18:41:00', '18:41:00', 20 );
INSERT INTO "times" VALUES ( 17613, 12870, '18:47:00', '18:47:00', 20 );
INSERT INTO "times" VALUES ( 17613, 12890, '18:50:00', '18:50:00', 20 );
INSERT INTO "times" VALUES ( 17613, 12900, '18:52:00', '18:52:00', 20 );
INSERT INTO "times" VALUES ( 17613, 13520, '18:55:00', NULL, NULL );

INSERT INTO "dias" VALUES ( 17614, 180, FALSE, TRUE, 'B1801A', 13520, 12510 );
INSERT INTO "dias_line_groups" VALUES ( 17614, 10 );
INSERT INTO "times" VALUES ( 17614, 12510, '19:02:00', NULL, NULL );
INSERT INTO "times" VALUES ( 17614, 12520, '19:00:00', '19:00:00', 20 );
INSERT INTO "times" VALUES ( 17614, 12530, '18:58:00', '18:58:00', 20 );
INSERT INTO "times" VALUES ( 17614, 12540, '18:54:00', '18:55:00', 20 );
INSERT INTO "times" VALUES ( 17614, 12710, '18:39:00', '18:40:00', 20 );
INSERT INTO "times" VALUES ( 17614, 12740, '18:34:00', '18:34:00', 20 );
INSERT INTO "times" VALUES ( 17614, 12780, '18:23:00', '18:23:00', 20 );
INSERT INTO "times" VALUES ( 17614, 12800, '18:20:00', '18:20:00', 20 );
INSERT INTO "times" VALUES ( 17614, 12870, '18:13:00', '18:13:00', 20 );
INSERT INTO "times" VALUES ( 17614, 12890, '18:11:00', '18:11:00', 20 );
INSERT INTO "times" VALUES ( 17614, 12900, '18:10:00', '18:10:00', 20 );
INSERT INTO "times" VALUES ( 17614, 13520, NULL, '18:06:00', 30 );

INSERT INTO "dias" VALUES ( 17615, 180, FALSE, TRUE, 'B1802Z', 12510, 13520 );
INSERT INTO "dias_line_groups" VALUES ( 17615, 10 );
INSERT INTO "times" VALUES ( 17615, 12510, NULL, '18:11:00', 20 );
INSERT INTO "times" VALUES ( 17615, 12520, '18:12:00', '18:12:00', 20 );
INSERT INTO "times" VALUES ( 17615, 12530, '18:14:00', '18:14:00', 20 );
INSERT INTO "times" VALUES ( 17615, 12540, '18:18:00', '18:18:00', 20 );
INSERT INTO "times" VALUES ( 17615, 12710, '18:31:00', '18:32:00', 20 );
INSERT INTO "times" VALUES ( 17615, 12740, '18:38:00', '18:38:00', 20 );
INSERT INTO "times" VALUES ( 17615, 12780, '18:49:00', '18:49:00', 20 );
INSERT INTO "times" VALUES ( 17615, 12800, '18:51:00', '18:51:00', 20 );
INSERT INTO "times" VALUES ( 17615, 12870, '18:57:00', '18:57:00', 20 );
INSERT INTO "times" VALUES ( 17615, 12890, '19:00:00', '19:00:00', 20 );
INSERT INTO "times" VALUES ( 17615, 12900, '19:02:00', '19:02:00', 20 );
INSERT INTO "times" VALUES ( 17615, 13520, '19:05:00', NULL, NULL );

INSERT INTO "dias" VALUES ( 17616, 180, FALSE, TRUE, 'B1803A', 13520, 12510 );
INSERT INTO "dias_line_groups" VALUES ( 17616, 10 );
INSERT INTO "times" VALUES ( 17616, 12510, '19:12:00', NULL, NULL );
INSERT INTO "times" VALUES ( 17616, 12520, '19:10:00', '19:10:00', 20 );
INSERT INTO "times" VALUES ( 17616, 12530, '19:08:00', '19:08:00', 20 );
INSERT INTO "times" VALUES ( 17616, 12540, '19:04:00', '19:05:00', 20 );
INSERT INTO "times" VALUES ( 17616, 12710, '18:49:00', '18:49:00', 20 );
INSERT INTO "times" VALUES ( 17616, 12740, '18:43:00', '18:43:00', 20 );
INSERT INTO "times" VALUES ( 17616, 12780, '18:33:00', '18:33:00', 20 );
INSERT INTO "times" VALUES ( 17616, 12800, '18:30:00', '18:30:00', 20 );
INSERT INTO "times" VALUES ( 17616, 12870, '18:23:00', '18:23:00', 20 );
INSERT INTO "times" VALUES ( 17616, 12890, '18:21:00', '18:21:00', 20 );
INSERT INTO "times" VALUES ( 17616, 12900, '18:19:00', '18:20:00', 20 );
INSERT INTO "times" VALUES ( 17616, 13520, NULL, '18:16:00', 30 );

INSERT INTO "dias" VALUES ( 17617, 180, FALSE, TRUE, 'B1804Z', 12510, 13520 );
INSERT INTO "dias_line_groups" VALUES ( 17617, 10 );
INSERT INTO "times" VALUES ( 17617, 12510, NULL, '18:20:00', 20 );
INSERT INTO "times" VALUES ( 17617, 12520, '18:21:00', '18:21:00', 20 );
INSERT INTO "times" VALUES ( 17617, 12530, '18:23:00', '18:23:00', 20 );
INSERT INTO "times" VALUES ( 17617, 12540, '18:27:00', '18:27:00', 20 );
INSERT INTO "times" VALUES ( 17617, 12710, '18:41:00', '18:42:00', 20 );
INSERT INTO "times" VALUES ( 17617, 12740, '18:46:00', '18:47:00', 20 );
INSERT INTO "times" VALUES ( 17617, 12780, '18:58:00', '18:59:00', 20 );
INSERT INTO "times" VALUES ( 17617, 12800, '19:01:00', '19:01:00', 20 );
INSERT INTO "times" VALUES ( 17617, 12870, '19:07:00', '19:07:00', 20 );
INSERT INTO "times" VALUES ( 17617, 12890, '19:10:00', '19:10:00', 20 );
INSERT INTO "times" VALUES ( 17617, 12900, '19:12:00', '19:12:00', 20 );
INSERT INTO "times" VALUES ( 17617, 13520, '19:15:00', NULL, NULL );

INSERT INTO "dias" VALUES ( 17618, 180, FALSE, TRUE, 'B1805A', 13520, 12510 );
INSERT INTO "dias_line_groups" VALUES ( 17618, 10 );
INSERT INTO "times" VALUES ( 17618, 12510, '19:22:00', NULL, NULL );
INSERT INTO "times" VALUES ( 17618, 12520, '19:20:00', '19:20:00', 20 );
INSERT INTO "times" VALUES ( 17618, 12530, '19:18:00', '19:18:00', 20 );
INSERT INTO "times" VALUES ( 17618, 12540, '19:14:00', '19:15:00', 20 );
INSERT INTO "times" VALUES ( 17618, 12710, '18:59:00', '19:00:00', 20 );
INSERT INTO "times" VALUES ( 17618, 12740, '18:53:00', '18:54:00', 20 );
INSERT INTO "times" VALUES ( 17618, 12780, '18:42:00', '18:43:00', 20 );
INSERT INTO "times" VALUES ( 17618, 12800, '18:40:00', '18:40:00', 20 );
INSERT INTO "times" VALUES ( 17618, 12870, '18:33:00', '18:33:00', 20 );
INSERT INTO "times" VALUES ( 17618, 12890, '18:31:00', '18:31:00', 20 );
INSERT INTO "times" VALUES ( 17618, 12900, '18:30:00', '18:30:00', 20 );
INSERT INTO "times" VALUES ( 17618, 13520, NULL, '18:26:00', 30 );

INSERT INTO "dias" VALUES ( 17619, 180, FALSE, TRUE, 'B1806Z', 12510, 13520 );
INSERT INTO "dias_line_groups" VALUES ( 17619, 10 );
INSERT INTO "times" VALUES ( 17619, 12510, NULL, '18:30:00', 20 );
INSERT INTO "times" VALUES ( 17619, 12520, '18:31:00', '18:31:00', 20 );
INSERT INTO "times" VALUES ( 17619, 12530, '18:33:00', '18:33:00', 20 );
INSERT INTO "times" VALUES ( 17619, 12540, '18:36:00', '18:37:00', 20 );
INSERT INTO "times" VALUES ( 17619, 12710, '18:51:00', '18:52:00', 20 );
INSERT INTO "times" VALUES ( 17619, 12740, '18:57:00', '18:58:00', 20 );
INSERT INTO "times" VALUES ( 17619, 12780, '19:08:00', '19:09:00', 20 );
INSERT INTO "times" VALUES ( 17619, 12800, '19:11:00', '19:11:00', 20 );
INSERT INTO "times" VALUES ( 17619, 12870, '19:17:00', '19:17:00', 20 );
INSERT INTO "times" VALUES ( 17619, 12890, '19:20:00', '19:20:00', 20 );
INSERT INTO "times" VALUES ( 17619, 12900, '19:22:00', '19:22:00', 20 );
INSERT INTO "times" VALUES ( 17619, 13520, '19:25:00', NULL, NULL );

INSERT INTO "dias" VALUES ( 17620, 180, FALSE, TRUE, 'B1807A', 13520, 12510 );
INSERT INTO "dias_line_groups" VALUES ( 17620, 10 );
INSERT INTO "times" VALUES ( 17620, 12510, '19:32:00', NULL, NULL );
INSERT INTO "times" VALUES ( 17620, 12520, '19:30:00', '19:30:00', 20 );
INSERT INTO "times" VALUES ( 17620, 12530, '19:28:00', '19:28:00', 20 );
INSERT INTO "times" VALUES ( 17620, 12540, '19:23:00', '19:25:00', 20 );
INSERT INTO "times" VALUES ( 17620, 12710, '19:08:00', '19:09:00', 20 );
INSERT INTO "times" VALUES ( 17620, 12740, '19:03:00', '19:03:00', 20 );
INSERT INTO "times" VALUES ( 17620, 12780, '18:53:00', '18:53:00', 20 );
INSERT INTO "times" VALUES ( 17620, 12800, '18:50:00', '18:50:00', 20 );
INSERT INTO "times" VALUES ( 17620, 12870, '18:43:00', '18:43:00', 20 );
INSERT INTO "times" VALUES ( 17620, 12890, '18:41:00', '18:41:00', 20 );
INSERT INTO "times" VALUES ( 17620, 12900, '18:39:00', '18:40:00', 20 );
INSERT INTO "times" VALUES ( 17620, 13520, NULL, '18:36:00', 30 );

INSERT INTO "dias" VALUES ( 17621, 180, FALSE, TRUE, 'B1808Z', 12510, 13520 );
INSERT INTO "dias_line_groups" VALUES ( 17621, 10 );
INSERT INTO "times" VALUES ( 17621, 12510, NULL, '18:41:00', 20 );
INSERT INTO "times" VALUES ( 17621, 12520, '18:42:00', '18:42:00', 20 );
INSERT INTO "times" VALUES ( 17621, 12530, '18:44:00', '18:44:00', 20 );
INSERT INTO "times" VALUES ( 17621, 12540, '18:48:00', '18:48:00', 20 );
INSERT INTO "times" VALUES ( 17621, 12710, '19:02:00', '19:03:00', 20 );
INSERT INTO "times" VALUES ( 17621, 12740, '19:08:00', '19:08:00', 20 );
INSERT INTO "times" VALUES ( 17621, 12780, '19:19:00', '19:19:00', 20 );
INSERT INTO "times" VALUES ( 17621, 12800, '19:22:00', '19:22:00', 20 );
INSERT INTO "times" VALUES ( 17621, 12870, '19:28:00', '19:28:00', 20 );
INSERT INTO "times" VALUES ( 17621, 12890, '19:30:00', '19:30:00', 20 );
INSERT INTO "times" VALUES ( 17621, 12900, '19:32:00', '19:32:00', 20 );
INSERT INTO "times" VALUES ( 17621, 13520, '19:36:00', NULL, NULL );

INSERT INTO "dias" VALUES ( 17622, 180, FALSE, TRUE, 'B1809A', 13520, 12510 );
INSERT INTO "dias_line_groups" VALUES ( 17622, 10 );
INSERT INTO "times" VALUES ( 17622, 12510, '19:42:00', NULL, NULL );
INSERT INTO "times" VALUES ( 17622, 12520, '19:40:00', '19:40:00', 20 );
INSERT INTO "times" VALUES ( 17622, 12530, '19:38:00', '19:38:00', 20 );
INSERT INTO "times" VALUES ( 17622, 12540, '19:34:00', '19:35:00', 20 );
INSERT INTO "times" VALUES ( 17622, 12710, '19:19:00', '19:19:00', 20 );
INSERT INTO "times" VALUES ( 17622, 12740, '19:13:00', '19:13:00', 20 );
INSERT INTO "times" VALUES ( 17622, 12780, '19:03:00', '19:03:00', 20 );
INSERT INTO "times" VALUES ( 17622, 12800, '19:00:00', '19:00:00', 20 );
INSERT INTO "times" VALUES ( 17622, 12870, '18:53:00', '18:53:00', 20 );
INSERT INTO "times" VALUES ( 17622, 12890, '18:51:00', '18:51:00', 20 );
INSERT INTO "times" VALUES ( 17622, 12900, '18:50:00', '18:50:00', 20 );
INSERT INTO "times" VALUES ( 17622, 13520, NULL, '18:46:00', 30 );

INSERT INTO "dias" VALUES ( 17623, 180, FALSE, TRUE, 'B1810Z', 12510, 13520 );
INSERT INTO "dias_line_groups" VALUES ( 17623, 10 );
INSERT INTO "times" VALUES ( 17623, 12510, NULL, '18:50:00', 20 );
INSERT INTO "times" VALUES ( 17623, 12520, '18:51:00', '18:51:00', 20 );
INSERT INTO "times" VALUES ( 17623, 12530, '18:53:00', '18:53:00', 20 );
INSERT INTO "times" VALUES ( 17623, 12540, '18:57:00', '18:57:00', 20 );
INSERT INTO "times" VALUES ( 17623, 12710, '19:11:00', '19:12:00', 20 );
INSERT INTO "times" VALUES ( 17623, 12740, '19:17:00', '19:18:00', 20 );
INSERT INTO "times" VALUES ( 17623, 12780, '19:28:00', '19:29:00', 20 );
INSERT INTO "times" VALUES ( 17623, 12800, '19:31:00', '19:32:00', 20 );
INSERT INTO "times" VALUES ( 17623, 12870, '19:38:00', '19:38:00', 20 );
INSERT INTO "times" VALUES ( 17623, 12890, '19:40:00', '19:40:00', 20 );
INSERT INTO "times" VALUES ( 17623, 12900, '19:42:00', '19:42:00', 20 );
INSERT INTO "times" VALUES ( 17623, 13520, '19:46:00', NULL, NULL );

INSERT INTO "dias" VALUES ( 17624, 180, FALSE, TRUE, 'B1811A', 13520, 12510 );
INSERT INTO "dias_line_groups" VALUES ( 17624, 10 );
INSERT INTO "times" VALUES ( 17624, 12510, '19:52:00', NULL, NULL );
INSERT INTO "times" VALUES ( 17624, 12520, '19:50:00', '19:50:00', 20 );
INSERT INTO "times" VALUES ( 17624, 12530, '19:48:00', '19:48:00', 20 );
INSERT INTO "times" VALUES ( 17624, 12540, '19:44:00', '19:45:00', 20 );
INSERT INTO "times" VALUES ( 17624, 12710, '19:28:00', '19:29:00', 20 );
INSERT INTO "times" VALUES ( 17624, 12740, '19:23:00', '19:23:00', 20 );
INSERT INTO "times" VALUES ( 17624, 12780, '19:13:00', '19:13:00', 20 );
INSERT INTO "times" VALUES ( 17624, 12800, '19:10:00', '19:10:00', 20 );
INSERT INTO "times" VALUES ( 17624, 12870, '19:03:00', '19:03:00', 20 );
INSERT INTO "times" VALUES ( 17624, 12890, '19:01:00', '19:01:00', 20 );
INSERT INTO "times" VALUES ( 17624, 12900, '18:59:00', '19:00:00', 20 );
INSERT INTO "times" VALUES ( 17624, 13520, NULL, '18:56:00', 30 );

INSERT INTO "dias" VALUES ( 17625, 180, FALSE, TRUE, 'B1900Z', 12510, 13520 );
INSERT INTO "dias_line_groups" VALUES ( 17625, 10 );
INSERT INTO "times" VALUES ( 17625, 12510, NULL, '19:00:00', 20 );
INSERT INTO "times" VALUES ( 17625, 12520, '19:01:00', '19:01:00', 20 );
INSERT INTO "times" VALUES ( 17625, 12530, '19:03:00', '19:03:00', 20 );
INSERT INTO "times" VALUES ( 17625, 12540, '19:07:00', '19:07:00', 20 );
INSERT INTO "times" VALUES ( 17625, 12710, '19:22:00', '19:23:00', 20 );
INSERT INTO "times" VALUES ( 17625, 12740, '19:28:00', '19:28:00', 20 );
INSERT INTO "times" VALUES ( 17625, 12780, '19:39:00', '19:39:00', 20 );
INSERT INTO "times" VALUES ( 17625, 12800, '19:42:00', '19:42:00', 20 );
INSERT INTO "times" VALUES ( 17625, 12870, '19:48:00', '19:48:00', 20 );
INSERT INTO "times" VALUES ( 17625, 12890, '19:50:00', '19:50:00', 20 );
INSERT INTO "times" VALUES ( 17625, 12900, '19:52:00', '19:52:00', 20 );
INSERT INTO "times" VALUES ( 17625, 13520, '19:55:00', NULL, NULL );

INSERT INTO "dias" VALUES ( 17626, 180, FALSE, TRUE, 'B1901A', 13520, 12510 );
INSERT INTO "dias_line_groups" VALUES ( 17626, 10 );
INSERT INTO "times" VALUES ( 17626, 12510, '20:02:00', NULL, NULL );
INSERT INTO "times" VALUES ( 17626, 12520, '20:00:00', '20:00:00', 20 );
INSERT INTO "times" VALUES ( 17626, 12530, '19:58:00', '19:58:00', 20 );
INSERT INTO "times" VALUES ( 17626, 12540, '19:54:00', '19:55:00', 20 );
INSERT INTO "times" VALUES ( 17626, 12710, '19:39:00', '19:39:00', 20 );
INSERT INTO "times" VALUES ( 17626, 12740, '19:33:00', '19:33:00', 20 );
INSERT INTO "times" VALUES ( 17626, 12780, '19:23:00', '19:23:00', 20 );
INSERT INTO "times" VALUES ( 17626, 12800, '19:20:00', '19:20:00', 20 );
INSERT INTO "times" VALUES ( 17626, 12870, '19:13:00', '19:13:00', 20 );
INSERT INTO "times" VALUES ( 17626, 12890, '19:11:00', '19:11:00', 20 );
INSERT INTO "times" VALUES ( 17626, 12900, '19:10:00', '19:10:00', 20 );
INSERT INTO "times" VALUES ( 17626, 13520, NULL, '19:06:00', 30 );

INSERT INTO "dias" VALUES ( 17627, 180, FALSE, TRUE, 'B1902Z', 12510, 13520 );
INSERT INTO "dias_line_groups" VALUES ( 17627, 10 );
INSERT INTO "times" VALUES ( 17627, 12510, NULL, '19:10:00', 20 );
INSERT INTO "times" VALUES ( 17627, 12520, '19:12:00', '19:12:00', 20 );
INSERT INTO "times" VALUES ( 17627, 12530, '19:14:00', '19:14:00', 20 );
INSERT INTO "times" VALUES ( 17627, 12540, '19:17:00', '19:17:00', 20 );
INSERT INTO "times" VALUES ( 17627, 12710, '19:32:00', '19:33:00', 20 );
INSERT INTO "times" VALUES ( 17627, 12740, '19:38:00', '19:38:00', 20 );
INSERT INTO "times" VALUES ( 17627, 12780, '19:49:00', '19:49:00', 20 );
INSERT INTO "times" VALUES ( 17627, 12800, '19:52:00', '19:52:00', 20 );
INSERT INTO "times" VALUES ( 17627, 12870, '19:58:00', '19:58:00', 20 );
INSERT INTO "times" VALUES ( 17627, 12890, '20:00:00', '20:00:00', 20 );
INSERT INTO "times" VALUES ( 17627, 12900, '20:02:00', '20:02:00', 20 );
INSERT INTO "times" VALUES ( 17627, 13520, '20:06:00', NULL, NULL );

INSERT INTO "dias" VALUES ( 17628, 180, FALSE, TRUE, 'B1903A', 13520, 12510 );
INSERT INTO "dias_line_groups" VALUES ( 17628, 10 );
INSERT INTO "times" VALUES ( 17628, 12510, '20:12:00', NULL, NULL );
INSERT INTO "times" VALUES ( 17628, 12520, '20:10:00', '20:10:00', 20 );
INSERT INTO "times" VALUES ( 17628, 12530, '20:08:00', '20:08:00', 20 );
INSERT INTO "times" VALUES ( 17628, 12540, '20:04:00', '20:05:00', 20 );
INSERT INTO "times" VALUES ( 17628, 12710, '19:48:00', '19:49:00', 20 );
INSERT INTO "times" VALUES ( 17628, 12740, '19:43:00', '19:43:00', 20 );
INSERT INTO "times" VALUES ( 17628, 12780, '19:33:00', '19:33:00', 20 );
INSERT INTO "times" VALUES ( 17628, 12800, '19:30:00', '19:30:00', 20 );
INSERT INTO "times" VALUES ( 17628, 12870, '19:23:00', '19:23:00', 20 );
INSERT INTO "times" VALUES ( 17628, 12890, '19:21:00', '19:21:00', 20 );
INSERT INTO "times" VALUES ( 17628, 12900, '19:19:00', '19:19:00', 20 );
INSERT INTO "times" VALUES ( 17628, 13520, NULL, '19:16:00', 30 );

INSERT INTO "dias" VALUES ( 17629, 180, FALSE, TRUE, 'B1904Z', 12510, 13520 );
INSERT INTO "dias_line_groups" VALUES ( 17629, 10 );
INSERT INTO "times" VALUES ( 17629, 12510, NULL, '19:20:00', 20 );
INSERT INTO "times" VALUES ( 17629, 12520, '19:21:00', '19:21:00', 20 );
INSERT INTO "times" VALUES ( 17629, 12530, '19:23:00', '19:23:00', 20 );
INSERT INTO "times" VALUES ( 17629, 12540, '19:27:00', '19:27:00', 20 );
INSERT INTO "times" VALUES ( 17629, 12710, '19:42:00', '19:43:00', 20 );
INSERT INTO "times" VALUES ( 17629, 12740, '19:48:00', '19:48:00', 20 );
INSERT INTO "times" VALUES ( 17629, 12780, '19:59:00', '19:59:00', 20 );
INSERT INTO "times" VALUES ( 17629, 12800, '20:02:00', '20:02:00', 20 );
INSERT INTO "times" VALUES ( 17629, 12870, '20:08:00', '20:08:00', 20 );
INSERT INTO "times" VALUES ( 17629, 12890, '20:10:00', '20:10:00', 20 );
INSERT INTO "times" VALUES ( 17629, 12900, '20:12:00', '20:12:00', 20 );
INSERT INTO "times" VALUES ( 17629, 13520, '20:16:00', NULL, NULL );

INSERT INTO "dias" VALUES ( 17630, 180, FALSE, TRUE, 'B1905A', 13520, 12510 );
INSERT INTO "dias_line_groups" VALUES ( 17630, 10 );
INSERT INTO "times" VALUES ( 17630, 12510, '20:22:00', NULL, NULL );
INSERT INTO "times" VALUES ( 17630, 12520, '20:20:00', '20:20:00', 20 );
INSERT INTO "times" VALUES ( 17630, 12530, '20:18:00', '20:18:00', 20 );
INSERT INTO "times" VALUES ( 17630, 12540, '20:14:00', '20:15:00', 20 );
INSERT INTO "times" VALUES ( 17630, 12710, '19:58:00', '19:59:00', 20 );
INSERT INTO "times" VALUES ( 17630, 12740, '19:53:00', '19:53:00', 20 );
INSERT INTO "times" VALUES ( 17630, 12780, '19:43:00', '19:43:00', 20 );
INSERT INTO "times" VALUES ( 17630, 12800, '19:40:00', '19:40:00', 20 );
INSERT INTO "times" VALUES ( 17630, 12870, '19:33:00', '19:33:00', 20 );
INSERT INTO "times" VALUES ( 17630, 12890, '19:31:00', '19:31:00', 20 );
INSERT INTO "times" VALUES ( 17630, 12900, '19:29:00', '19:29:00', 20 );
INSERT INTO "times" VALUES ( 17630, 13520, NULL, '19:26:00', 30 );

INSERT INTO "dias" VALUES ( 17631, 180, FALSE, TRUE, 'B1906Z', 12510, 13520 );
INSERT INTO "dias_line_groups" VALUES ( 17631, 10 );
INSERT INTO "times" VALUES ( 17631, 12510, NULL, '19:30:00', 20 );
INSERT INTO "times" VALUES ( 17631, 12520, '19:31:00', '19:31:00', 20 );
INSERT INTO "times" VALUES ( 17631, 12530, '19:33:00', '19:33:00', 20 );
INSERT INTO "times" VALUES ( 17631, 12540, '19:37:00', '19:37:00', 20 );
INSERT INTO "times" VALUES ( 17631, 12710, '19:52:00', '19:53:00', 20 );
INSERT INTO "times" VALUES ( 17631, 12740, '19:58:00', '19:58:00', 20 );
INSERT INTO "times" VALUES ( 17631, 12780, '20:09:00', '20:09:00', 20 );
INSERT INTO "times" VALUES ( 17631, 12800, '20:12:00', '20:12:00', 20 );
INSERT INTO "times" VALUES ( 17631, 12870, '20:18:00', '20:18:00', 20 );
INSERT INTO "times" VALUES ( 17631, 12890, '20:20:00', '20:20:00', 20 );
INSERT INTO "times" VALUES ( 17631, 12900, '20:22:00', '20:22:00', 20 );
INSERT INTO "times" VALUES ( 17631, 13520, '20:26:00', NULL, NULL );

INSERT INTO "dias" VALUES ( 17632, 180, FALSE, TRUE, 'B1907A', 13520, 12510 );
INSERT INTO "dias_line_groups" VALUES ( 17632, 10 );
INSERT INTO "times" VALUES ( 17632, 12510, '20:32:00', NULL, NULL );
INSERT INTO "times" VALUES ( 17632, 12520, '20:30:00', '20:30:00', 20 );
INSERT INTO "times" VALUES ( 17632, 12530, '20:28:00', '20:28:00', 20 );
INSERT INTO "times" VALUES ( 17632, 12540, '20:24:00', '20:25:00', 20 );
INSERT INTO "times" VALUES ( 17632, 12710, '20:09:00', '20:09:00', 20 );
INSERT INTO "times" VALUES ( 17632, 12740, '20:03:00', '20:03:00', 20 );
INSERT INTO "times" VALUES ( 17632, 12780, '19:53:00', '19:53:00', 20 );
INSERT INTO "times" VALUES ( 17632, 12800, '19:50:00', '19:50:00', 20 );
INSERT INTO "times" VALUES ( 17632, 12870, '19:43:00', '19:43:00', 20 );
INSERT INTO "times" VALUES ( 17632, 12890, '19:40:00', '19:40:00', 20 );
INSERT INTO "times" VALUES ( 17632, 12900, '19:39:00', '19:39:00', 20 );
INSERT INTO "times" VALUES ( 17632, 13520, NULL, '19:36:00', 30 );

INSERT INTO "dias" VALUES ( 17633, 180, FALSE, TRUE, 'B1908Z', 12510, 13520 );
INSERT INTO "dias_line_groups" VALUES ( 17633, 10 );
INSERT INTO "times" VALUES ( 17633, 12510, NULL, '19:40:00', 20 );
INSERT INTO "times" VALUES ( 17633, 12520, '19:41:00', '19:41:00', 20 );
INSERT INTO "times" VALUES ( 17633, 12530, '19:43:00', '19:43:00', 20 );
INSERT INTO "times" VALUES ( 17633, 12540, '19:47:00', '19:47:00', 20 );
INSERT INTO "times" VALUES ( 17633, 12710, '20:02:00', '20:03:00', 20 );
INSERT INTO "times" VALUES ( 17633, 12740, '20:08:00', '20:08:00', 20 );
INSERT INTO "times" VALUES ( 17633, 12780, '20:19:00', '20:19:00', 20 );
INSERT INTO "times" VALUES ( 17633, 12800, '20:22:00', '20:22:00', 20 );
INSERT INTO "times" VALUES ( 17633, 12870, '20:28:00', '20:28:00', 20 );
INSERT INTO "times" VALUES ( 17633, 12890, '20:30:00', '20:30:00', 20 );
INSERT INTO "times" VALUES ( 17633, 12900, '20:32:00', '20:32:00', 20 );
INSERT INTO "times" VALUES ( 17633, 13520, '20:36:00', NULL, NULL );

INSERT INTO "dias" VALUES ( 17634, 180, FALSE, TRUE, 'B1909A', 13520, 12510 );
INSERT INTO "dias_line_groups" VALUES ( 17634, 10 );
INSERT INTO "times" VALUES ( 17634, 12510, '20:42:00', NULL, NULL );
INSERT INTO "times" VALUES ( 17634, 12520, '20:40:00', '20:40:00', 20 );
INSERT INTO "times" VALUES ( 17634, 12530, '20:38:00', '20:38:00', 20 );
INSERT INTO "times" VALUES ( 17634, 12540, '20:34:00', '20:35:00', 20 );
INSERT INTO "times" VALUES ( 17634, 12710, '20:18:00', '20:19:00', 20 );
INSERT INTO "times" VALUES ( 17634, 12740, '20:13:00', '20:13:00', 20 );
INSERT INTO "times" VALUES ( 17634, 12780, '20:02:00', '20:02:00', 20 );
INSERT INTO "times" VALUES ( 17634, 12800, '20:00:00', '20:00:00', 20 );
INSERT INTO "times" VALUES ( 17634, 12870, '19:52:00', '19:52:00', 20 );
INSERT INTO "times" VALUES ( 17634, 12890, '19:50:00', '19:50:00', 20 );
INSERT INTO "times" VALUES ( 17634, 12900, '19:47:00', '19:49:00', 20 );
INSERT INTO "times" VALUES ( 17634, 13520, NULL, '19:44:00', 30 );

INSERT INTO "dias" VALUES ( 17635, 180, FALSE, TRUE, 'B1910Z', 12510, 13520 );
INSERT INTO "dias_line_groups" VALUES ( 17635, 10 );
INSERT INTO "times" VALUES ( 17635, 12510, NULL, '19:50:00', 20 );
INSERT INTO "times" VALUES ( 17635, 12520, '19:51:00', '19:51:00', 20 );
INSERT INTO "times" VALUES ( 17635, 12530, '19:53:00', '19:53:00', 20 );
INSERT INTO "times" VALUES ( 17635, 12540, '19:57:00', '19:57:00', 20 );
INSERT INTO "times" VALUES ( 17635, 12710, '20:12:00', '20:13:00', 20 );
INSERT INTO "times" VALUES ( 17635, 12740, '20:18:00', '20:18:00', 20 );
INSERT INTO "times" VALUES ( 17635, 12780, '20:29:00', '20:29:00', 20 );
INSERT INTO "times" VALUES ( 17635, 12800, '20:32:00', '20:32:00', 20 );
INSERT INTO "times" VALUES ( 17635, 12870, '20:38:00', '20:38:00', 20 );
INSERT INTO "times" VALUES ( 17635, 12890, '20:40:00', '20:40:00', 20 );
INSERT INTO "times" VALUES ( 17635, 12900, '20:42:00', '20:42:00', 20 );
INSERT INTO "times" VALUES ( 17635, 13520, '20:46:00', NULL, NULL );

INSERT INTO "dias" VALUES ( 17636, 180, FALSE, TRUE, 'B1911A', 13520, 12510 );
INSERT INTO "dias_line_groups" VALUES ( 17636, 10 );
INSERT INTO "times" VALUES ( 17636, 12510, '20:52:00', NULL, NULL );
INSERT INTO "times" VALUES ( 17636, 12520, '20:50:00', '20:50:00', 20 );
INSERT INTO "times" VALUES ( 17636, 12530, '20:48:00', '20:48:00', 20 );
INSERT INTO "times" VALUES ( 17636, 12540, '20:44:00', '20:45:00', 20 );
INSERT INTO "times" VALUES ( 17636, 12710, '20:28:00', '20:29:00', 20 );
INSERT INTO "times" VALUES ( 17636, 12740, '20:23:00', '20:23:00', 20 );
INSERT INTO "times" VALUES ( 17636, 12780, '20:11:00', '20:12:00', 20 );
INSERT INTO "times" VALUES ( 17636, 12800, '20:09:00', '20:09:00', 20 );
INSERT INTO "times" VALUES ( 17636, 12870, '20:02:00', '20:02:00', 20 );
INSERT INTO "times" VALUES ( 17636, 12890, '19:59:00', '19:59:00', 20 );
INSERT INTO "times" VALUES ( 17636, 12900, '19:58:00', '19:58:00', 20 );
INSERT INTO "times" VALUES ( 17636, 13520, NULL, '19:54:00', 30 );

INSERT INTO "dias" VALUES ( 17637, 180, FALSE, TRUE, 'B2000Z', 12510, 13520 );
INSERT INTO "dias_line_groups" VALUES ( 17637, 10 );
INSERT INTO "times" VALUES ( 17637, 12510, NULL, '20:00:00', 20 );
INSERT INTO "times" VALUES ( 17637, 12520, '20:01:00', '20:01:00', 20 );
INSERT INTO "times" VALUES ( 17637, 12530, '20:03:00', '20:03:00', 20 );
INSERT INTO "times" VALUES ( 17637, 12540, '20:07:00', '20:07:00', 20 );
INSERT INTO "times" VALUES ( 17637, 12710, '20:22:00', '20:23:00', 20 );
INSERT INTO "times" VALUES ( 17637, 12740, '20:28:00', '20:28:00', 20 );
INSERT INTO "times" VALUES ( 17637, 12780, '20:39:00', '20:39:00', 20 );
INSERT INTO "times" VALUES ( 17637, 12800, '20:42:00', '20:42:00', 20 );
INSERT INTO "times" VALUES ( 17637, 12870, '20:48:00', '20:48:00', 20 );
INSERT INTO "times" VALUES ( 17637, 12890, '20:50:00', '20:50:00', 20 );
INSERT INTO "times" VALUES ( 17637, 12900, '20:52:00', '20:52:00', 20 );
INSERT INTO "times" VALUES ( 17637, 13520, '20:56:00', NULL, NULL );

INSERT INTO "dias" VALUES ( 17638, 180, FALSE, TRUE, 'B2001A', 13520, 12510 );
INSERT INTO "dias_line_groups" VALUES ( 17638, 10 );
INSERT INTO "times" VALUES ( 17638, 12510, '21:02:00', NULL, NULL );
INSERT INTO "times" VALUES ( 17638, 12520, '21:00:00', '21:00:00', 20 );
INSERT INTO "times" VALUES ( 17638, 12530, '20:58:00', '20:58:00', 20 );
INSERT INTO "times" VALUES ( 17638, 12540, '20:54:00', '20:55:00', 20 );
INSERT INTO "times" VALUES ( 17638, 12710, '20:38:00', '20:39:00', 20 );
INSERT INTO "times" VALUES ( 17638, 12740, '20:32:00', '20:33:00', 20 );
INSERT INTO "times" VALUES ( 17638, 12780, '20:20:00', '20:21:00', 20 );
INSERT INTO "times" VALUES ( 17638, 12800, '20:18:00', '20:18:00', 20 );
INSERT INTO "times" VALUES ( 17638, 12870, '20:11:00', '20:11:00', 20 );
INSERT INTO "times" VALUES ( 17638, 12890, '20:08:00', '20:08:00', 20 );
INSERT INTO "times" VALUES ( 17638, 12900, '20:07:00', '20:07:00', 20 );
INSERT INTO "times" VALUES ( 17638, 13520, NULL, '20:04:00', 30 );

INSERT INTO "dias" VALUES ( 17639, 180, FALSE, TRUE, 'B2002Z', 12510, 13520 );
INSERT INTO "dias_line_groups" VALUES ( 17639, 10 );
INSERT INTO "times" VALUES ( 17639, 12510, NULL, '20:10:00', 20 );
INSERT INTO "times" VALUES ( 17639, 12520, '20:11:00', '20:11:00', 20 );
INSERT INTO "times" VALUES ( 17639, 12530, '20:13:00', '20:13:00', 20 );
INSERT INTO "times" VALUES ( 17639, 12540, '20:17:00', '20:17:00', 20 );
INSERT INTO "times" VALUES ( 17639, 12710, '20:32:00', '20:33:00', 20 );
INSERT INTO "times" VALUES ( 17639, 12740, '20:38:00', '20:38:00', 20 );
INSERT INTO "times" VALUES ( 17639, 12780, '20:49:00', '20:49:00', 20 );
INSERT INTO "times" VALUES ( 17639, 12800, '20:52:00', '20:52:00', 20 );
INSERT INTO "times" VALUES ( 17639, 12870, '20:58:00', '20:58:00', 20 );
INSERT INTO "times" VALUES ( 17639, 12890, '21:00:00', '21:00:00', 20 );
INSERT INTO "times" VALUES ( 17639, 12900, '21:02:00', '21:02:00', 20 );
INSERT INTO "times" VALUES ( 17639, 13520, '21:06:00', NULL, NULL );

INSERT INTO "dias" VALUES ( 17640, 180, FALSE, TRUE, 'B2003A', 13520, 12510 );
INSERT INTO "dias_line_groups" VALUES ( 17640, 10 );
INSERT INTO "times" VALUES ( 17640, 12510, '21:22:00', NULL, NULL );
INSERT INTO "times" VALUES ( 17640, 12520, '21:20:00', '21:20:00', 20 );
INSERT INTO "times" VALUES ( 17640, 12530, '21:18:00', '21:18:00', 20 );
INSERT INTO "times" VALUES ( 17640, 12540, '21:14:00', '21:15:00', 20 );
INSERT INTO "times" VALUES ( 17640, 12710, '20:57:00', '20:58:00', 20 );
INSERT INTO "times" VALUES ( 17640, 12740, '20:52:00', '20:52:00', 20 );
INSERT INTO "times" VALUES ( 17640, 12780, '20:40:00', '20:41:00', 20 );
INSERT INTO "times" VALUES ( 17640, 12800, '20:37:00', '20:38:00', 20 );
INSERT INTO "times" VALUES ( 17640, 12870, '20:31:00', '20:31:00', 20 );
INSERT INTO "times" VALUES ( 17640, 12890, '20:28:00', '20:28:00', 20 );
INSERT INTO "times" VALUES ( 17640, 12900, '20:27:00', '20:27:00', 20 );
INSERT INTO "times" VALUES ( 17640, 13520, NULL, '20:24:00', 30 );

INSERT INTO "dias" VALUES ( 17641, 180, FALSE, TRUE, 'B2004Z', 12510, 13520 );
INSERT INTO "dias_line_groups" VALUES ( 17641, 10 );
INSERT INTO "times" VALUES ( 17641, 12510, NULL, '20:20:00', 20 );
INSERT INTO "times" VALUES ( 17641, 12520, '20:21:00', '20:21:00', 20 );
INSERT INTO "times" VALUES ( 17641, 12530, '20:23:00', '20:23:00', 20 );
INSERT INTO "times" VALUES ( 17641, 12540, '20:27:00', '20:27:00', 20 );
INSERT INTO "times" VALUES ( 17641, 12710, '20:42:00', '20:43:00', 20 );
INSERT INTO "times" VALUES ( 17641, 12740, '20:48:00', '20:48:00', 20 );
INSERT INTO "times" VALUES ( 17641, 12780, '20:59:00', '20:59:00', 20 );
INSERT INTO "times" VALUES ( 17641, 12800, '21:02:00', '21:02:00', 20 );
INSERT INTO "times" VALUES ( 17641, 12870, '21:08:00', '21:08:00', 20 );
INSERT INTO "times" VALUES ( 17641, 12890, '21:10:00', '21:10:00', 20 );
INSERT INTO "times" VALUES ( 17641, 12900, '21:12:00', '21:12:00', 20 );
INSERT INTO "times" VALUES ( 17641, 13520, '21:16:00', NULL, NULL );

INSERT INTO "dias" VALUES ( 17642, 180, FALSE, TRUE, 'B2005A', 13520, 12510 );
INSERT INTO "dias_line_groups" VALUES ( 17642, 10 );
INSERT INTO "times" VALUES ( 17642, 12510, '21:42:00', NULL, NULL );
INSERT INTO "times" VALUES ( 17642, 12520, '21:40:00', '21:40:00', 20 );
INSERT INTO "times" VALUES ( 17642, 12530, '21:38:00', '21:38:00', 20 );
INSERT INTO "times" VALUES ( 17642, 12540, '21:34:00', '21:35:00', 20 );
INSERT INTO "times" VALUES ( 17642, 12710, '21:17:00', '21:18:00', 20 );
INSERT INTO "times" VALUES ( 17642, 12740, '21:12:00', '21:12:00', 20 );
INSERT INTO "times" VALUES ( 17642, 12780, '21:00:00', '21:01:00', 20 );
INSERT INTO "times" VALUES ( 17642, 12800, '20:57:00', '20:58:00', 20 );
INSERT INTO "times" VALUES ( 17642, 12870, '20:51:00', '20:51:00', 20 );
INSERT INTO "times" VALUES ( 17642, 12890, '20:48:00', '20:48:00', 20 );
INSERT INTO "times" VALUES ( 17642, 12900, '20:47:00', '20:47:00', 20 );
INSERT INTO "times" VALUES ( 17642, 13520, NULL, '20:44:00', 30 );

INSERT INTO "dias" VALUES ( 17643, 180, FALSE, TRUE, 'B2006Z', 12510, 13520 );
INSERT INTO "dias_line_groups" VALUES ( 17643, 10 );
INSERT INTO "times" VALUES ( 17643, 12510, NULL, '20:30:00', 20 );
INSERT INTO "times" VALUES ( 17643, 12520, '20:31:00', '20:31:00', 20 );
INSERT INTO "times" VALUES ( 17643, 12530, '20:33:00', '20:33:00', 20 );
INSERT INTO "times" VALUES ( 17643, 12540, '20:37:00', '20:37:00', 20 );
INSERT INTO "times" VALUES ( 17643, 12710, '20:52:00', '20:53:00', 20 );
INSERT INTO "times" VALUES ( 17643, 12740, '20:58:00', '20:58:00', 20 );
INSERT INTO "times" VALUES ( 17643, 12780, '21:09:00', '21:09:00', 20 );
INSERT INTO "times" VALUES ( 17643, 12800, '21:12:00', '21:12:00', 20 );
INSERT INTO "times" VALUES ( 17643, 12870, '21:18:00', '21:18:00', 20 );
INSERT INTO "times" VALUES ( 17643, 12890, '21:20:00', '21:20:00', 20 );
INSERT INTO "times" VALUES ( 17643, 12900, '21:22:00', '21:22:00', 20 );
INSERT INTO "times" VALUES ( 17643, 13520, '21:26:00', NULL, NULL );

INSERT INTO "dias" VALUES ( 17644, 180, FALSE, TRUE, 'B2008Z', 12510, 13520 );
INSERT INTO "dias_line_groups" VALUES ( 17644, 10 );
INSERT INTO "times" VALUES ( 17644, 12510, NULL, '20:40:00', 20 );
INSERT INTO "times" VALUES ( 17644, 12520, '20:41:00', '20:41:00', 20 );
INSERT INTO "times" VALUES ( 17644, 12530, '20:43:00', '20:43:00', 20 );
INSERT INTO "times" VALUES ( 17644, 12540, '20:47:00', '20:47:00', 20 );
INSERT INTO "times" VALUES ( 17644, 12710, '21:02:00', '21:03:00', 20 );
INSERT INTO "times" VALUES ( 17644, 12740, '21:08:00', '21:08:00', 20 );
INSERT INTO "times" VALUES ( 17644, 12780, '21:19:00', '21:19:00', 20 );
INSERT INTO "times" VALUES ( 17644, 12800, '21:22:00', '21:22:00', 20 );
INSERT INTO "times" VALUES ( 17644, 12870, '21:28:00', '21:28:00', 20 );
INSERT INTO "times" VALUES ( 17644, 12890, '21:30:00', '21:30:00', 20 );
INSERT INTO "times" VALUES ( 17644, 12900, '21:32:00', '21:32:00', 20 );
INSERT INTO "times" VALUES ( 17644, 13520, '21:36:00', NULL, NULL );

INSERT INTO "dias" VALUES ( 17645, 180, FALSE, TRUE, 'B2010Z', 12510, 13520 );
INSERT INTO "dias_line_groups" VALUES ( 17645, 10 );
INSERT INTO "times" VALUES ( 17645, 12510, NULL, '20:50:00', 20 );
INSERT INTO "times" VALUES ( 17645, 12520, '20:51:00', '20:51:00', 20 );
INSERT INTO "times" VALUES ( 17645, 12530, '20:53:00', '20:53:00', 20 );
INSERT INTO "times" VALUES ( 17645, 12540, '20:57:00', '20:57:00', 20 );
INSERT INTO "times" VALUES ( 17645, 12710, '21:12:00', '21:13:00', 20 );
INSERT INTO "times" VALUES ( 17645, 12740, '21:18:00', '21:18:00', 20 );
INSERT INTO "times" VALUES ( 17645, 12780, '21:29:00', '21:29:00', 20 );
INSERT INTO "times" VALUES ( 17645, 12800, '21:32:00', '21:32:00', 20 );
INSERT INTO "times" VALUES ( 17645, 12870, '21:38:00', '21:38:00', 20 );
INSERT INTO "times" VALUES ( 17645, 12890, '21:40:00', '21:40:00', 20 );
INSERT INTO "times" VALUES ( 17645, 12900, '21:42:00', '21:42:00', 20 );
INSERT INTO "times" VALUES ( 17645, 13520, '21:46:00', NULL, NULL );

INSERT INTO "dias" VALUES ( 17646, 180, FALSE, TRUE, 'B2100Z', 12510, 13520 );
INSERT INTO "dias_line_groups" VALUES ( 17646, 10 );
INSERT INTO "times" VALUES ( 17646, 12510, NULL, '21:00:00', 20 );
INSERT INTO "times" VALUES ( 17646, 12520, '21:01:00', '21:01:00', 20 );
INSERT INTO "times" VALUES ( 17646, 12530, '21:03:00', '21:03:00', 20 );
INSERT INTO "times" VALUES ( 17646, 12540, '21:07:00', '21:07:00', 20 );
INSERT INTO "times" VALUES ( 17646, 12710, '21:22:00', '21:23:00', 20 );
INSERT INTO "times" VALUES ( 17646, 12740, '21:28:00', '21:28:00', 20 );
INSERT INTO "times" VALUES ( 17646, 12780, '21:39:00', '21:39:00', 20 );
INSERT INTO "times" VALUES ( 17646, 12800, '21:42:00', '21:42:00', 20 );
INSERT INTO "times" VALUES ( 17646, 12870, '21:48:00', '21:48:00', 20 );
INSERT INTO "times" VALUES ( 17646, 12890, '21:50:00', '21:50:00', 20 );
INSERT INTO "times" VALUES ( 17646, 12900, '21:52:00', '21:52:00', 20 );
INSERT INTO "times" VALUES ( 17646, 13520, '21:56:00', NULL, NULL );

INSERT INTO "dias" VALUES ( 17647, 180, FALSE, TRUE, 'B2101A', 13520, 12510 );
INSERT INTO "dias_line_groups" VALUES ( 17647, 10 );
INSERT INTO "times" VALUES ( 17647, 12510, '22:02:00', NULL, NULL );
INSERT INTO "times" VALUES ( 17647, 12520, '22:00:00', '22:00:00', 20 );
INSERT INTO "times" VALUES ( 17647, 12530, '21:58:00', '21:58:00', 20 );
INSERT INTO "times" VALUES ( 17647, 12540, '21:54:00', '21:55:00', 20 );
INSERT INTO "times" VALUES ( 17647, 12710, '21:37:00', '21:38:00', 20 );
INSERT INTO "times" VALUES ( 17647, 12740, '21:32:00', '21:32:00', 20 );
INSERT INTO "times" VALUES ( 17647, 12780, '21:20:00', '21:21:00', 20 );
INSERT INTO "times" VALUES ( 17647, 12800, '21:17:00', '21:18:00', 20 );
INSERT INTO "times" VALUES ( 17647, 12870, '21:11:00', '21:11:00', 20 );
INSERT INTO "times" VALUES ( 17647, 12890, '21:08:00', '21:08:00', 20 );
INSERT INTO "times" VALUES ( 17647, 12900, '21:07:00', '21:07:00', 20 );
INSERT INTO "times" VALUES ( 17647, 13520, NULL, '21:04:00', 30 );

INSERT INTO "dias" VALUES ( 17648, 180, FALSE, TRUE, 'B2102Z', 12510, 13520 );
INSERT INTO "dias_line_groups" VALUES ( 17648, 10 );
INSERT INTO "times" VALUES ( 17648, 12510, NULL, '21:20:00', 20 );
INSERT INTO "times" VALUES ( 17648, 12520, '21:21:00', '21:21:00', 20 );
INSERT INTO "times" VALUES ( 17648, 12530, '21:23:00', '21:23:00', 20 );
INSERT INTO "times" VALUES ( 17648, 12540, '21:27:00', '21:27:00', 20 );
INSERT INTO "times" VALUES ( 17648, 12710, '21:42:00', '21:43:00', 20 );
INSERT INTO "times" VALUES ( 17648, 12740, '21:48:00', '21:48:00', 20 );
INSERT INTO "times" VALUES ( 17648, 12780, '21:59:00', '21:59:00', 20 );
INSERT INTO "times" VALUES ( 17648, 12800, '22:02:00', '22:02:00', 20 );
INSERT INTO "times" VALUES ( 17648, 12870, '22:08:00', '22:08:00', 20 );
INSERT INTO "times" VALUES ( 17648, 12890, '22:10:00', '22:10:00', 20 );
INSERT INTO "times" VALUES ( 17648, 12900, '22:13:00', '22:13:00', 20 );
INSERT INTO "times" VALUES ( 17648, 13520, '22:16:00', NULL, NULL );

INSERT INTO "dias" VALUES ( 17649, 180, FALSE, TRUE, 'B2103A', 13520, 12510 );
INSERT INTO "dias_line_groups" VALUES ( 17649, 10 );
INSERT INTO "times" VALUES ( 17649, 12510, '22:22:00', NULL, NULL );
INSERT INTO "times" VALUES ( 17649, 12520, '22:20:00', '22:20:00', 20 );
INSERT INTO "times" VALUES ( 17649, 12530, '22:18:00', '22:18:00', 20 );
INSERT INTO "times" VALUES ( 17649, 12540, '22:14:00', '22:15:00', 20 );
INSERT INTO "times" VALUES ( 17649, 12710, '21:57:00', '21:58:00', 20 );
INSERT INTO "times" VALUES ( 17649, 12740, '21:52:00', '21:52:00', 20 );
INSERT INTO "times" VALUES ( 17649, 12780, '21:40:00', '21:41:00', 20 );
INSERT INTO "times" VALUES ( 17649, 12800, '21:37:00', '21:38:00', 20 );
INSERT INTO "times" VALUES ( 17649, 12870, '21:31:00', '21:31:00', 20 );
INSERT INTO "times" VALUES ( 17649, 12890, '21:28:00', '21:28:00', 20 );
INSERT INTO "times" VALUES ( 17649, 12900, '21:27:00', '21:27:00', 20 );
INSERT INTO "times" VALUES ( 17649, 13520, NULL, '21:24:00', 30 );

INSERT INTO "dias" VALUES ( 17650, 180, FALSE, TRUE, 'B2104Z', 12510, 13520 );
INSERT INTO "dias_line_groups" VALUES ( 17650, 10 );
INSERT INTO "times" VALUES ( 17650, 12510, NULL, '21:40:00', 20 );
INSERT INTO "times" VALUES ( 17650, 12520, '21:41:00', '21:41:00', 20 );
INSERT INTO "times" VALUES ( 17650, 12530, '21:43:00', '21:43:00', 20 );
INSERT INTO "times" VALUES ( 17650, 12540, '21:47:00', '21:47:00', 20 );
INSERT INTO "times" VALUES ( 17650, 12710, '22:02:00', '22:03:00', 20 );
INSERT INTO "times" VALUES ( 17650, 12740, '22:08:00', '22:08:00', 20 );
INSERT INTO "times" VALUES ( 17650, 12780, '22:19:00', '22:19:00', 20 );
INSERT INTO "times" VALUES ( 17650, 12800, '22:22:00', '22:22:00', 20 );
INSERT INTO "times" VALUES ( 17650, 12870, '22:28:00', '22:28:00', 20 );
INSERT INTO "times" VALUES ( 17650, 12890, '22:30:00', '22:30:00', 20 );
INSERT INTO "times" VALUES ( 17650, 12900, '22:33:00', '22:33:00', 20 );
INSERT INTO "times" VALUES ( 17650, 13520, '22:36:00', NULL, NULL );

INSERT INTO "dias" VALUES ( 17651, 180, FALSE, TRUE, 'B2105A', 13520, 12510 );
INSERT INTO "dias_line_groups" VALUES ( 17651, 10 );
INSERT INTO "times" VALUES ( 17651, 12510, '22:42:00', NULL, NULL );
INSERT INTO "times" VALUES ( 17651, 12520, '22:40:00', '22:40:00', 20 );
INSERT INTO "times" VALUES ( 17651, 12530, '22:38:00', '22:38:00', 20 );
INSERT INTO "times" VALUES ( 17651, 12540, '22:34:00', '22:35:00', 20 );
INSERT INTO "times" VALUES ( 17651, 12710, '22:17:00', '22:18:00', 20 );
INSERT INTO "times" VALUES ( 17651, 12740, '22:12:00', '22:12:00', 20 );
INSERT INTO "times" VALUES ( 17651, 12780, '22:00:00', '22:01:00', 20 );
INSERT INTO "times" VALUES ( 17651, 12800, '21:57:00', '21:58:00', 20 );
INSERT INTO "times" VALUES ( 17651, 12870, '21:51:00', '21:51:00', 20 );
INSERT INTO "times" VALUES ( 17651, 12890, '21:48:00', '21:48:00', 20 );
INSERT INTO "times" VALUES ( 17651, 12900, '21:47:00', '21:47:00', 20 );
INSERT INTO "times" VALUES ( 17651, 13520, NULL, '21:44:00', 30 );

INSERT INTO "dias" VALUES ( 17652, 180, FALSE, TRUE, 'B2200Z', 12510, 13520 );
INSERT INTO "dias_line_groups" VALUES ( 17652, 10 );
INSERT INTO "times" VALUES ( 17652, 12510, NULL, '22:00:00', 20 );
INSERT INTO "times" VALUES ( 17652, 12520, '22:01:00', '22:01:00', 20 );
INSERT INTO "times" VALUES ( 17652, 12530, '22:03:00', '22:03:00', 20 );
INSERT INTO "times" VALUES ( 17652, 12540, '22:07:00', '22:07:00', 20 );
INSERT INTO "times" VALUES ( 17652, 12710, '22:22:00', '22:23:00', 20 );
INSERT INTO "times" VALUES ( 17652, 12740, '22:28:00', '22:28:00', 20 );
INSERT INTO "times" VALUES ( 17652, 12780, '22:39:00', '22:39:00', 20 );
INSERT INTO "times" VALUES ( 17652, 12800, '22:42:00', '22:42:00', 20 );
INSERT INTO "times" VALUES ( 17652, 12870, '22:48:00', '22:48:00', 20 );
INSERT INTO "times" VALUES ( 17652, 12890, '22:50:00', '22:50:00', 20 );
INSERT INTO "times" VALUES ( 17652, 12900, '22:52:00', '22:52:00', 20 );
INSERT INTO "times" VALUES ( 17652, 13520, '22:55:00', NULL, NULL );

INSERT INTO "dias" VALUES ( 17653, 180, FALSE, TRUE, 'B2201A', 13520, 12510 );
INSERT INTO "dias_line_groups" VALUES ( 17653, 10 );
INSERT INTO "times" VALUES ( 17653, 12510, '23:02:00', NULL, NULL );
INSERT INTO "times" VALUES ( 17653, 12520, '23:00:00', '23:00:00', 20 );
INSERT INTO "times" VALUES ( 17653, 12530, '22:58:00', '22:58:00', 20 );
INSERT INTO "times" VALUES ( 17653, 12540, '22:55:00', '22:55:00', 20 );
INSERT INTO "times" VALUES ( 17653, 12710, '22:37:00', '22:38:00', 20 );
INSERT INTO "times" VALUES ( 17653, 12740, '22:32:00', '22:32:00', 20 );
INSERT INTO "times" VALUES ( 17653, 12780, '22:20:00', '22:21:00', 20 );
INSERT INTO "times" VALUES ( 17653, 12800, '22:17:00', '22:18:00', 20 );
INSERT INTO "times" VALUES ( 17653, 12870, '22:11:00', '22:11:00', 20 );
INSERT INTO "times" VALUES ( 17653, 12890, '22:08:00', '22:08:00', 20 );
INSERT INTO "times" VALUES ( 17653, 12900, '22:07:00', '22:07:00', 20 );
INSERT INTO "times" VALUES ( 17653, 13520, NULL, '22:04:00', 30 );

INSERT INTO "dias" VALUES ( 17654, 180, FALSE, TRUE, 'B2202Z', 12510, 13520 );
INSERT INTO "dias_line_groups" VALUES ( 17654, 10 );
INSERT INTO "times" VALUES ( 17654, 12510, NULL, '22:20:00', 20 );
INSERT INTO "times" VALUES ( 17654, 12520, '22:21:00', '22:21:00', 20 );
INSERT INTO "times" VALUES ( 17654, 12530, '22:23:00', '22:23:00', 20 );
INSERT INTO "times" VALUES ( 17654, 12540, '22:27:00', '22:27:00', 20 );
INSERT INTO "times" VALUES ( 17654, 12710, '22:42:00', '22:43:00', 20 );
INSERT INTO "times" VALUES ( 17654, 12740, '22:48:00', '22:48:00', 20 );
INSERT INTO "times" VALUES ( 17654, 12780, '22:59:00', '22:59:00', 20 );
INSERT INTO "times" VALUES ( 17654, 12800, '23:02:00', '23:02:00', 20 );
INSERT INTO "times" VALUES ( 17654, 12870, '23:07:00', '23:07:00', 20 );
INSERT INTO "times" VALUES ( 17654, 12890, '23:10:00', '23:10:00', 20 );
INSERT INTO "times" VALUES ( 17654, 12900, '23:12:00', '23:12:00', 20 );
INSERT INTO "times" VALUES ( 17654, 13520, '23:15:00', NULL, NULL );

INSERT INTO "dias" VALUES ( 17655, 180, FALSE, TRUE, 'B2203A', 13520, 12510 );
INSERT INTO "dias_line_groups" VALUES ( 17655, 10 );
INSERT INTO "times" VALUES ( 17655, 12510, '23:22:00', NULL, NULL );
INSERT INTO "times" VALUES ( 17655, 12520, '23:20:00', '23:20:00', 20 );
INSERT INTO "times" VALUES ( 17655, 12530, '23:18:00', '23:18:00', 20 );
INSERT INTO "times" VALUES ( 17655, 12540, '23:15:00', '23:15:00', 20 );
INSERT INTO "times" VALUES ( 17655, 12710, '22:58:00', '22:59:00', 20 );
INSERT INTO "times" VALUES ( 17655, 12740, '22:52:00', '22:53:00', 20 );
INSERT INTO "times" VALUES ( 17655, 12780, '22:42:00', '22:42:00', 20 );
INSERT INTO "times" VALUES ( 17655, 12800, '22:39:00', '22:39:00', 20 );
INSERT INTO "times" VALUES ( 17655, 12870, '22:32:00', '22:32:00', 20 );
INSERT INTO "times" VALUES ( 17655, 12890, '22:29:00', '22:29:00', 20 );
INSERT INTO "times" VALUES ( 17655, 12900, '22:28:00', '22:28:00', 20 );
INSERT INTO "times" VALUES ( 17655, 13520, NULL, '22:25:00', 30 );

INSERT INTO "dias" VALUES ( 17656, 180, FALSE, TRUE, 'B2204Z', 12510, 13520 );
INSERT INTO "dias_line_groups" VALUES ( 17656, 10 );
INSERT INTO "times" VALUES ( 17656, 12510, NULL, '22:40:00', 20 );
INSERT INTO "times" VALUES ( 17656, 12520, '22:41:00', '22:41:00', 20 );
INSERT INTO "times" VALUES ( 17656, 12530, '22:43:00', '22:43:00', 20 );
INSERT INTO "times" VALUES ( 17656, 12540, '22:47:00', '22:47:00', 20 );
INSERT INTO "times" VALUES ( 17656, 12710, '23:01:00', '23:02:00', 20 );
INSERT INTO "times" VALUES ( 17656, 12740, '23:07:00', '23:07:00', 20 );
INSERT INTO "times" VALUES ( 17656, 12780, '23:18:00', '23:19:00', 20 );
INSERT INTO "times" VALUES ( 17656, 12800, '23:22:00', '23:22:00', 20 );
INSERT INTO "times" VALUES ( 17656, 12870, '23:27:00', '23:27:00', 20 );
INSERT INTO "times" VALUES ( 17656, 12890, '23:30:00', '23:30:00', 20 );
INSERT INTO "times" VALUES ( 17656, 12900, '23:32:00', '23:32:00', 20 );
INSERT INTO "times" VALUES ( 17656, 13520, '23:35:00', NULL, NULL );

INSERT INTO "dias" VALUES ( 17657, 180, FALSE, TRUE, 'B2205A', 13520, 12510 );
INSERT INTO "dias_line_groups" VALUES ( 17657, 10 );
INSERT INTO "times" VALUES ( 17657, 12510, '23:47:00', NULL, NULL );
INSERT INTO "times" VALUES ( 17657, 12520, '23:45:00', '23:45:00', 20 );
INSERT INTO "times" VALUES ( 17657, 12530, '23:43:00', '23:43:00', 20 );
INSERT INTO "times" VALUES ( 17657, 12540, '23:40:00', '23:40:00', 20 );
INSERT INTO "times" VALUES ( 17657, 12710, '23:26:00', '23:26:00', 20 );
INSERT INTO "times" VALUES ( 17657, 12740, '23:20:00', '23:20:00', 20 );
INSERT INTO "times" VALUES ( 17657, 12780, '23:09:00', '23:09:00', 20 );
INSERT INTO "times" VALUES ( 17657, 12800, '23:07:00', '23:07:00', 20 );
INSERT INTO "times" VALUES ( 17657, 12870, '23:00:00', '23:00:00', 20 );
INSERT INTO "times" VALUES ( 17657, 12890, '22:57:00', '22:57:00', 20 );
INSERT INTO "times" VALUES ( 17657, 12900, '22:56:00', '22:56:00', 20 );
INSERT INTO "times" VALUES ( 17657, 13520, NULL, '22:53:00', 30 );

INSERT INTO "dias" VALUES ( 17658, 180, FALSE, TRUE, 'B2300Z', 12510, 13520 );
INSERT INTO "dias_line_groups" VALUES ( 17658, 10 );
INSERT INTO "times" VALUES ( 17658, 12510, NULL, '23:00:00', 20 );
INSERT INTO "times" VALUES ( 17658, 12520, '23:01:00', '23:01:00', 20 );
INSERT INTO "times" VALUES ( 17658, 12530, '23:03:00', '23:03:00', 20 );
INSERT INTO "times" VALUES ( 17658, 12540, '23:07:00', '23:07:00', 20 );
INSERT INTO "times" VALUES ( 17658, 12710, '23:22:00', '23:22:00', 20 );
INSERT INTO "times" VALUES ( 17658, 12740, '23:27:00', '23:27:00', 20 );
INSERT INTO "times" VALUES ( 17658, 12780, '23:38:00', '23:38:00', 20 );
INSERT INTO "times" VALUES ( 17658, 12800, '23:41:00', '23:41:00', 20 );
INSERT INTO "times" VALUES ( 17658, 12870, '23:47:00', '23:47:00', 20 );
INSERT INTO "times" VALUES ( 17658, 12890, '23:49:00', '23:49:00', 20 );
INSERT INTO "times" VALUES ( 17658, 12900, '23:51:00', '23:51:00', 20 );
INSERT INTO "times" VALUES ( 17658, 13520, '23:54:00', NULL, NULL );

INSERT INTO "dias" VALUES ( 17659, 180, FALSE, TRUE, 'B2301A', 13520, 12510 );
INSERT INTO "dias_line_groups" VALUES ( 17659, 10 );
INSERT INTO "times" VALUES ( 17659, 12510, '00:13:00', NULL, NULL );
INSERT INTO "times" VALUES ( 17659, 12520, '00:11:00', '00:11:00', 20 );
INSERT INTO "times" VALUES ( 17659, 12530, '00:09:00', '00:09:00', 20 );
INSERT INTO "times" VALUES ( 17659, 12540, '00:07:00', '00:07:00', 20 );
INSERT INTO "times" VALUES ( 17659, 12710, '23:52:00', '23:52:00', 20 );
INSERT INTO "times" VALUES ( 17659, 12740, '23:46:00', '23:46:00', 20 );
INSERT INTO "times" VALUES ( 17659, 12780, '23:36:00', '23:36:00', 20 );
INSERT INTO "times" VALUES ( 17659, 12800, '23:33:00', '23:33:00', 20 );
INSERT INTO "times" VALUES ( 17659, 12870, '23:27:00', '23:27:00', 20 );
INSERT INTO "times" VALUES ( 17659, 12890, '23:24:00', '23:24:00', 20 );
INSERT INTO "times" VALUES ( 17659, 12900, '23:23:00', '23:23:00', 20 );
INSERT INTO "times" VALUES ( 17659, 13520, NULL, '23:20:00', 30 );

INSERT INTO "dias" VALUES ( 17660, 180, FALSE, TRUE, 'B2302Z', 12510, 13520 );
INSERT INTO "dias_line_groups" VALUES ( 17660, 10 );
INSERT INTO "times" VALUES ( 17660, 12510, NULL, '23:20:00', 20 );
INSERT INTO "times" VALUES ( 17660, 12520, '23:21:00', '23:21:00', 20 );
INSERT INTO "times" VALUES ( 17660, 12530, '23:23:00', '23:23:00', 20 );
INSERT INTO "times" VALUES ( 17660, 12540, '23:27:00', '23:27:00', 20 );
INSERT INTO "times" VALUES ( 17660, 12710, '23:41:00', '23:41:00', 20 );
INSERT INTO "times" VALUES ( 17660, 12740, '23:46:00', '23:46:00', 20 );
INSERT INTO "times" VALUES ( 17660, 12780, '23:57:00', '23:57:00', 20 );
INSERT INTO "times" VALUES ( 17660, 12800, '00:00:00', '00:00:00', 20 );
INSERT INTO "times" VALUES ( 17660, 12870, '00:06:00', '00:06:00', 20 );
INSERT INTO "times" VALUES ( 17660, 12890, '00:08:00', '00:08:00', 20 );
INSERT INTO "times" VALUES ( 17660, 12900, '00:10:00', '00:10:00', 20 );
INSERT INTO "times" VALUES ( 17660, 13520, '00:13:00', NULL, NULL );

INSERT INTO "dias" VALUES ( 17661, 180, FALSE, TRUE, 'B2303H', 13520, 12710 );
INSERT INTO "dias_line_groups" VALUES ( 17661, 10 );
INSERT INTO "times" VALUES ( 17661, 12710, '00:31:00', NULL, NULL );
INSERT INTO "times" VALUES ( 17661, 12740, '00:25:00', '00:25:00', 20 );
INSERT INTO "times" VALUES ( 17661, 12780, '00:14:00', '00:15:00', 20 );
INSERT INTO "times" VALUES ( 17661, 12800, '00:11:00', '00:12:00', 20 );
INSERT INTO "times" VALUES ( 17661, 12870, '00:05:00', '00:05:00', 20 );
INSERT INTO "times" VALUES ( 17661, 12890, '00:02:00', '00:02:00', 20 );
INSERT INTO "times" VALUES ( 17661, 12900, '00:01:00', '00:01:00', 20 );
INSERT INTO "times" VALUES ( 17661, 13520, NULL, '23:58:00', 30 );

INSERT INTO "dias" VALUES ( 17662, 180, FALSE, TRUE, 'B2304S', 12510, 12900 );
INSERT INTO "dias_line_groups" VALUES ( 17662, 10 );
INSERT INTO "times" VALUES ( 17662, 12510, NULL, '23:40:00', 20 );
INSERT INTO "times" VALUES ( 17662, 12520, '23:41:00', '23:41:00', 20 );
INSERT INTO "times" VALUES ( 17662, 12530, '23:43:00', '23:43:00', 20 );
INSERT INTO "times" VALUES ( 17662, 12540, '23:47:00', '23:47:00', 20 );
INSERT INTO "times" VALUES ( 17662, 12710, '00:01:00', '00:01:00', 20 );
INSERT INTO "times" VALUES ( 17662, 12740, '00:06:00', '00:06:00', 20 );
INSERT INTO "times" VALUES ( 17662, 12780, '00:17:00', '00:17:00', 20 );
INSERT INTO "times" VALUES ( 17662, 12800, '00:20:00', '00:20:00', 20 );
INSERT INTO "times" VALUES ( 17662, 12870, '00:25:00', '00:25:00', 20 );
INSERT INTO "times" VALUES ( 17662, 12890, '00:28:00', '00:28:00', 20 );
INSERT INTO "times" VALUES ( 17662, 12900, '00:30:00', NULL, NULL );

INSERT INTO "dias" VALUES ( 17663, 180, FALSE, TRUE, 'B2306R', 12510, 12740 );
INSERT INTO "dias_line_groups" VALUES ( 17663, 10 );
INSERT INTO "times" VALUES ( 17663, 12510, NULL, '23:53:00', 20 );
INSERT INTO "times" VALUES ( 17663, 12520, '23:55:00', '23:55:00', 20 );
INSERT INTO "times" VALUES ( 17663, 12530, '23:57:00', '23:57:00', 20 );
INSERT INTO "times" VALUES ( 17663, 12540, '00:00:00', '00:00:00', 20 );
INSERT INTO "times" VALUES ( 17663, 12710, '00:14:00', '00:14:00', 20 );
INSERT INTO "times" VALUES ( 17663, 12740, '00:19:00', NULL, NULL );

INSERT INTO "dias" VALUES ( 17664, 160, FALSE, TRUE, 'D0601A', 13520, 12510 );
INSERT INTO "dias_line_groups" VALUES ( 17664, 10 );
INSERT INTO "times" VALUES ( 17664, 12510, '07:42:00', NULL, NULL );
INSERT INTO "times" VALUES ( 17664, 12520, '07:39:00', '07:39:00', 20 );
INSERT INTO "times" VALUES ( 17664, 12530, '07:38:00', '07:38:00', 20 );
INSERT INTO "times" VALUES ( 17664, 12540, '07:34:00', '07:34:00', 20 );
INSERT INTO "times" VALUES ( 17664, 12610, '07:28:00', '07:29:00', 20 );
INSERT INTO "times" VALUES ( 17664, 12670, '07:22:00', '07:22:00', 20 );
INSERT INTO "times" VALUES ( 17664, 12680, '07:18:00', '07:19:00', 20 );
INSERT INTO "times" VALUES ( 17664, 12710, '07:13:00', '07:14:00', 20 );
INSERT INTO "times" VALUES ( 17664, 12740, '07:06:00', '07:08:00', 20 );
INSERT INTO "times" VALUES ( 17664, 12780, '06:56:00', '06:56:00', 20 );
INSERT INTO "times" VALUES ( 17664, 12800, '06:53:00', '06:53:00', 20 );
INSERT INTO "times" VALUES ( 17664, 12870, '06:47:00', '06:47:00', 20 );
INSERT INTO "times" VALUES ( 17664, 12890, '06:44:00', '06:44:00', 20 );
INSERT INTO "times" VALUES ( 17664, 12900, '06:43:00', '06:43:00', 20 );
INSERT INTO "times" VALUES ( 17664, 13520, NULL, '06:40:00', 30 );

INSERT INTO "dias" VALUES ( 17665, 160, FALSE, TRUE, 'D0701A', 13520, 12510 );
INSERT INTO "dias_line_groups" VALUES ( 17665, 10 );
INSERT INTO "times" VALUES ( 17665, 12510, '08:02:00', NULL, NULL );
INSERT INTO "times" VALUES ( 17665, 12520, '08:00:00', '08:00:00', 20 );
INSERT INTO "times" VALUES ( 17665, 12530, '07:58:00', '07:58:00', 20 );
INSERT INTO "times" VALUES ( 17665, 12540, '07:54:00', '07:55:00', 20 );
INSERT INTO "times" VALUES ( 17665, 12610, '07:49:00', '07:49:00', 20 );
INSERT INTO "times" VALUES ( 17665, 12670, '07:42:00', '07:42:00', 20 );
INSERT INTO "times" VALUES ( 17665, 12680, '07:39:00', '07:40:00', 20 );
INSERT INTO "times" VALUES ( 17665, 12710, '07:33:00', '07:35:00', 20 );
INSERT INTO "times" VALUES ( 17665, 12740, '07:27:00', '07:28:00', 20 );
INSERT INTO "times" VALUES ( 17665, 12780, '07:16:00', '07:16:00', 20 );
INSERT INTO "times" VALUES ( 17665, 12800, '07:13:00', '07:14:00', 20 );
INSERT INTO "times" VALUES ( 17665, 12870, '07:07:00', '07:07:00', 20 );
INSERT INTO "times" VALUES ( 17665, 12890, '07:04:00', '07:04:00', 20 );
INSERT INTO "times" VALUES ( 17665, 12900, '07:03:00', '07:03:00', 20 );
INSERT INTO "times" VALUES ( 17665, 13520, NULL, '07:00:00', 30 );

INSERT INTO "dias" VALUES ( 17666, 160, FALSE, TRUE, 'D0703A', 13520, 12510 );
INSERT INTO "dias_line_groups" VALUES ( 17666, 10 );
INSERT INTO "times" VALUES ( 17666, 12510, '08:22:00', NULL, NULL );
INSERT INTO "times" VALUES ( 17666, 12520, '08:20:00', '08:20:00', 20 );
INSERT INTO "times" VALUES ( 17666, 12530, '08:18:00', '08:18:00', 20 );
INSERT INTO "times" VALUES ( 17666, 12540, '08:14:00', '08:15:00', 20 );
INSERT INTO "times" VALUES ( 17666, 12610, '08:09:00', '08:10:00', 20 );
INSERT INTO "times" VALUES ( 17666, 12670, '08:02:00', '08:02:00', 20 );
INSERT INTO "times" VALUES ( 17666, 12680, '07:59:00', '08:00:00', 20 );
INSERT INTO "times" VALUES ( 17666, 12710, '07:53:00', '07:54:00', 20 );
INSERT INTO "times" VALUES ( 17666, 12740, '07:46:00', '07:48:00', 20 );
INSERT INTO "times" VALUES ( 17666, 12780, '07:36:00', '07:36:00', 20 );
INSERT INTO "times" VALUES ( 17666, 12800, '07:33:00', '07:33:00', 20 );
INSERT INTO "times" VALUES ( 17666, 12870, '07:27:00', '07:27:00', 20 );
INSERT INTO "times" VALUES ( 17666, 12890, '07:24:00', '07:24:00', 20 );
INSERT INTO "times" VALUES ( 17666, 12900, '07:23:00', '07:23:00', 20 );
INSERT INTO "times" VALUES ( 17666, 13520, NULL, '07:20:00', 30 );

INSERT INTO "dias" VALUES ( 17667, 160, FALSE, TRUE, 'D0705A', 13520, 12510 );
INSERT INTO "dias_line_groups" VALUES ( 17667, 10 );
INSERT INTO "times" VALUES ( 17667, 12510, '08:42:00', NULL, NULL );
INSERT INTO "times" VALUES ( 17667, 12520, '08:40:00', '08:40:00', 20 );
INSERT INTO "times" VALUES ( 17667, 12530, '08:38:00', '08:38:00', 20 );
INSERT INTO "times" VALUES ( 17667, 12540, '08:34:00', '08:35:00', 20 );
INSERT INTO "times" VALUES ( 17667, 12610, '08:29:00', '08:29:00', 20 );
INSERT INTO "times" VALUES ( 17667, 12670, '08:22:00', '08:22:00', 20 );
INSERT INTO "times" VALUES ( 17667, 12680, '08:19:00', '08:20:00', 20 );
INSERT INTO "times" VALUES ( 17667, 12710, '08:13:00', '08:14:00', 20 );
INSERT INTO "times" VALUES ( 17667, 12740, '08:07:00', '08:08:00', 20 );
INSERT INTO "times" VALUES ( 17667, 12780, '07:56:00', '07:56:00', 20 );
INSERT INTO "times" VALUES ( 17667, 12800, '07:53:00', '07:53:00', 20 );
INSERT INTO "times" VALUES ( 17667, 12870, '07:47:00', '07:47:00', 20 );
INSERT INTO "times" VALUES ( 17667, 12890, '07:44:00', '07:44:00', 20 );
INSERT INTO "times" VALUES ( 17667, 12900, '07:43:00', '07:43:00', 20 );
INSERT INTO "times" VALUES ( 17667, 13520, NULL, '07:40:00', 30 );

INSERT INTO "dias" VALUES ( 17668, 160, FALSE, TRUE, 'D0800Z', 12510, 13520 );
INSERT INTO "dias_line_groups" VALUES ( 17668, 10 );
INSERT INTO "times" VALUES ( 17668, 12510, NULL, '08:54:00', 20 );
INSERT INTO "times" VALUES ( 17668, 12520, '08:55:00', '08:55:00', 20 );
INSERT INTO "times" VALUES ( 17668, 12530, '08:57:00', '08:57:00', 20 );
INSERT INTO "times" VALUES ( 17668, 12540, '09:01:00', '09:01:00', 20 );
INSERT INTO "times" VALUES ( 17668, 12610, '09:06:00', '09:06:00', 20 );
INSERT INTO "times" VALUES ( 17668, 12670, '09:11:00', '09:11:00', 20 );
INSERT INTO "times" VALUES ( 17668, 12680, '09:15:00', '09:15:00', 20 );
INSERT INTO "times" VALUES ( 17668, 12710, '09:19:00', '09:21:00', 20 );
INSERT INTO "times" VALUES ( 17668, 12740, '09:27:00', '09:27:00', 20 );
INSERT INTO "times" VALUES ( 17668, 12770, '09:35:00', '09:35:00', 20 );
INSERT INTO "times" VALUES ( 17668, 12780, '09:39:00', '09:39:00', 20 );
INSERT INTO "times" VALUES ( 17668, 12800, '09:42:00', '09:42:00', 20 );
INSERT INTO "times" VALUES ( 17668, 12870, '09:48:00', '09:48:00', 20 );
INSERT INTO "times" VALUES ( 17668, 12890, '09:51:00', '09:51:00', 20 );
INSERT INTO "times" VALUES ( 17668, 12900, '09:53:00', '09:53:00', 20 );
INSERT INTO "times" VALUES ( 17668, 13520, '09:57:00', NULL, NULL );

INSERT INTO "dias" VALUES ( 17669, 160, FALSE, TRUE, 'D0900Z', 12510, 13520 );
INSERT INTO "dias_line_groups" VALUES ( 17669, 10 );
INSERT INTO "times" VALUES ( 17669, 12510, NULL, '09:24:00', 20 );
INSERT INTO "times" VALUES ( 17669, 12520, '09:25:00', '09:25:00', 20 );
INSERT INTO "times" VALUES ( 17669, 12530, '09:27:00', '09:27:00', 20 );
INSERT INTO "times" VALUES ( 17669, 12540, '09:31:00', '09:31:00', 20 );
INSERT INTO "times" VALUES ( 17669, 12610, '09:36:00', '09:36:00', 20 );
INSERT INTO "times" VALUES ( 17669, 12670, '09:41:00', '09:41:00', 20 );
INSERT INTO "times" VALUES ( 17669, 12680, '09:45:00', '09:45:00', 20 );
INSERT INTO "times" VALUES ( 17669, 12710, '09:49:00', '09:51:00', 20 );
INSERT INTO "times" VALUES ( 17669, 12740, '09:57:00', '09:57:00', 20 );
INSERT INTO "times" VALUES ( 17669, 12770, '10:05:00', '10:05:00', 20 );
INSERT INTO "times" VALUES ( 17669, 12780, '10:09:00', '10:09:00', 20 );
INSERT INTO "times" VALUES ( 17669, 12800, '10:12:00', '10:12:00', 20 );
INSERT INTO "times" VALUES ( 17669, 12870, '10:18:00', '10:18:00', 20 );
INSERT INTO "times" VALUES ( 17669, 12890, '10:21:00', '10:21:00', 20 );
INSERT INTO "times" VALUES ( 17669, 12900, '10:23:00', '10:23:00', 20 );
INSERT INTO "times" VALUES ( 17669, 13520, '10:27:00', NULL, NULL );

INSERT INTO "dias" VALUES ( 17670, 160, FALSE, TRUE, 'D0902Z', 12510, 13520 );
INSERT INTO "dias_line_groups" VALUES ( 17670, 10 );
INSERT INTO "times" VALUES ( 17670, 12510, NULL, '09:54:00', 20 );
INSERT INTO "times" VALUES ( 17670, 12520, '09:55:00', '09:55:00', 20 );
INSERT INTO "times" VALUES ( 17670, 12530, '09:57:00', '09:57:00', 20 );
INSERT INTO "times" VALUES ( 17670, 12540, '10:01:00', '10:01:00', 20 );
INSERT INTO "times" VALUES ( 17670, 12610, '10:06:00', '10:06:00', 20 );
INSERT INTO "times" VALUES ( 17670, 12670, '10:11:00', '10:11:00', 20 );
INSERT INTO "times" VALUES ( 17670, 12680, '10:15:00', '10:15:00', 20 );
INSERT INTO "times" VALUES ( 17670, 12710, '10:19:00', '10:21:00', 20 );
INSERT INTO "times" VALUES ( 17670, 12740, '10:27:00', '10:27:00', 20 );
INSERT INTO "times" VALUES ( 17670, 12770, '10:35:00', '10:35:00', 20 );
INSERT INTO "times" VALUES ( 17670, 12780, '10:39:00', '10:39:00', 20 );
INSERT INTO "times" VALUES ( 17670, 12800, '10:42:00', '10:42:00', 20 );
INSERT INTO "times" VALUES ( 17670, 12870, '10:48:00', '10:48:00', 20 );
INSERT INTO "times" VALUES ( 17670, 12890, '10:51:00', '10:51:00', 20 );
INSERT INTO "times" VALUES ( 17670, 12900, '10:53:00', '10:53:00', 20 );
INSERT INTO "times" VALUES ( 17670, 13520, '10:57:00', NULL, NULL );

INSERT INTO "dias" VALUES ( 17671, 160, FALSE, TRUE, 'D1000Z', 12510, 13520 );
INSERT INTO "dias_line_groups" VALUES ( 17671, 10 );
INSERT INTO "times" VALUES ( 17671, 12510, NULL, '10:24:00', 20 );
INSERT INTO "times" VALUES ( 17671, 12520, '10:25:00', '10:25:00', 20 );
INSERT INTO "times" VALUES ( 17671, 12530, '10:27:00', '10:27:00', 20 );
INSERT INTO "times" VALUES ( 17671, 12540, '10:31:00', '10:31:00', 20 );
INSERT INTO "times" VALUES ( 17671, 12610, '10:36:00', '10:36:00', 20 );
INSERT INTO "times" VALUES ( 17671, 12670, '10:41:00', '10:41:00', 20 );
INSERT INTO "times" VALUES ( 17671, 12680, '10:45:00', '10:45:00', 20 );
INSERT INTO "times" VALUES ( 17671, 12710, '10:49:00', '10:51:00', 20 );
INSERT INTO "times" VALUES ( 17671, 12740, '10:57:00', '10:57:00', 20 );
INSERT INTO "times" VALUES ( 17671, 12770, '11:05:00', '11:05:00', 20 );
INSERT INTO "times" VALUES ( 17671, 12780, '11:09:00', '11:09:00', 20 );
INSERT INTO "times" VALUES ( 17671, 12800, '11:12:00', '11:12:00', 20 );
INSERT INTO "times" VALUES ( 17671, 12870, '11:18:00', '11:18:00', 20 );
INSERT INTO "times" VALUES ( 17671, 12890, '11:21:00', '11:21:00', 20 );
INSERT INTO "times" VALUES ( 17671, 12900, '11:23:00', '11:23:00', 20 );
INSERT INTO "times" VALUES ( 17671, 13520, '11:27:00', NULL, NULL );

INSERT INTO "dias" VALUES ( 17672, 160, FALSE, TRUE, 'D1002Z', 12510, 13520 );
INSERT INTO "dias_line_groups" VALUES ( 17672, 10 );
INSERT INTO "times" VALUES ( 17672, 12510, NULL, '10:54:00', 20 );
INSERT INTO "times" VALUES ( 17672, 12520, '10:55:00', '10:55:00', 20 );
INSERT INTO "times" VALUES ( 17672, 12530, '10:57:00', '10:57:00', 20 );
INSERT INTO "times" VALUES ( 17672, 12540, '11:01:00', '11:01:00', 20 );
INSERT INTO "times" VALUES ( 17672, 12610, '11:06:00', '11:06:00', 20 );
INSERT INTO "times" VALUES ( 17672, 12670, '11:11:00', '11:11:00', 20 );
INSERT INTO "times" VALUES ( 17672, 12680, '11:15:00', '11:15:00', 20 );
INSERT INTO "times" VALUES ( 17672, 12710, '11:19:00', '11:21:00', 20 );
INSERT INTO "times" VALUES ( 17672, 12740, '11:27:00', '11:27:00', 20 );
INSERT INTO "times" VALUES ( 17672, 12770, '11:35:00', '11:35:00', 20 );
INSERT INTO "times" VALUES ( 17672, 12780, '11:39:00', '11:39:00', 20 );
INSERT INTO "times" VALUES ( 17672, 12800, '11:42:00', '11:42:00', 20 );
INSERT INTO "times" VALUES ( 17672, 12870, '11:48:00', '11:48:00', 20 );
INSERT INTO "times" VALUES ( 17672, 12890, '11:51:00', '11:51:00', 20 );
INSERT INTO "times" VALUES ( 17672, 12900, '11:53:00', '11:53:00', 20 );
INSERT INTO "times" VALUES ( 17672, 13520, '11:57:00', NULL, NULL );

INSERT INTO "dias" VALUES ( 17673, 160, FALSE, TRUE, 'D2001A', 13520, 12510 );
INSERT INTO "dias_line_groups" VALUES ( 17673, 10 );
INSERT INTO "times" VALUES ( 17673, 12510, '21:16:00', NULL, NULL );
INSERT INTO "times" VALUES ( 17673, 12520, '21:14:00', '21:14:00', 20 );
INSERT INTO "times" VALUES ( 17673, 12530, '21:12:00', '21:12:00', 20 );
INSERT INTO "times" VALUES ( 17673, 12540, '21:09:00', '21:09:00', 20 );
INSERT INTO "times" VALUES ( 17673, 12610, '21:04:00', '21:04:00', 20 );
INSERT INTO "times" VALUES ( 17673, 12670, '20:57:00', '20:57:00', 20 );
INSERT INTO "times" VALUES ( 17673, 12680, '20:53:00', '20:55:00', 20 );
INSERT INTO "times" VALUES ( 17673, 12710, '20:48:00', '20:49:00', 20 );
INSERT INTO "times" VALUES ( 17673, 12740, '20:42:00', '20:43:00', 20 );
INSERT INTO "times" VALUES ( 17673, 12780, '20:30:00', '20:31:00', 20 );
INSERT INTO "times" VALUES ( 17673, 12800, '20:27:00', '20:28:00', 20 );
INSERT INTO "times" VALUES ( 17673, 12870, '20:21:00', '20:21:00', 20 );
INSERT INTO "times" VALUES ( 17673, 12890, '20:18:00', '20:18:00', 20 );
INSERT INTO "times" VALUES ( 17673, 12900, '20:17:00', '20:17:00', 20 );
INSERT INTO "times" VALUES ( 17673, 13520, NULL, '20:14:00', 30 );

INSERT INTO "dias" VALUES ( 17674, 160, FALSE, TRUE, 'D2003A', 13520, 12510 );
INSERT INTO "dias_line_groups" VALUES ( 17674, 10 );
INSERT INTO "times" VALUES ( 17674, 12510, '21:36:00', NULL, NULL );
INSERT INTO "times" VALUES ( 17674, 12520, '21:34:00', '21:34:00', 20 );
INSERT INTO "times" VALUES ( 17674, 12530, '21:32:00', '21:32:00', 20 );
INSERT INTO "times" VALUES ( 17674, 12540, '21:29:00', '21:29:00', 20 );
INSERT INTO "times" VALUES ( 17674, 12610, '21:24:00', '21:24:00', 20 );
INSERT INTO "times" VALUES ( 17674, 12670, '21:17:00', '21:17:00', 20 );
INSERT INTO "times" VALUES ( 17674, 12680, '21:13:00', '21:15:00', 20 );
INSERT INTO "times" VALUES ( 17674, 12710, '21:08:00', '21:09:00', 20 );
INSERT INTO "times" VALUES ( 17674, 12740, '21:02:00', '21:03:00', 20 );
INSERT INTO "times" VALUES ( 17674, 12780, '20:50:00', '20:51:00', 20 );
INSERT INTO "times" VALUES ( 17674, 12800, '20:47:00', '20:48:00', 20 );
INSERT INTO "times" VALUES ( 17674, 12870, '20:41:00', '20:41:00', 20 );
INSERT INTO "times" VALUES ( 17674, 12890, '20:38:00', '20:38:00', 20 );
INSERT INTO "times" VALUES ( 17674, 12900, '20:37:00', '20:37:00', 20 );
INSERT INTO "times" VALUES ( 17674, 13520, NULL, '20:34:00', 30 );

INSERT INTO "dias" VALUES ( 17675, 160, FALSE, TRUE, 'D2005A', 13520, 12510 );
INSERT INTO "dias_line_groups" VALUES ( 17675, 10 );
INSERT INTO "times" VALUES ( 17675, 12510, '21:56:00', NULL, NULL );
INSERT INTO "times" VALUES ( 17675, 12520, '21:54:00', '21:54:00', 20 );
INSERT INTO "times" VALUES ( 17675, 12530, '21:52:00', '21:52:00', 20 );
INSERT INTO "times" VALUES ( 17675, 12540, '21:49:00', '21:49:00', 20 );
INSERT INTO "times" VALUES ( 17675, 12610, '21:44:00', '21:44:00', 20 );
INSERT INTO "times" VALUES ( 17675, 12670, '21:37:00', '21:37:00', 20 );
INSERT INTO "times" VALUES ( 17675, 12680, '21:33:00', '21:35:00', 20 );
INSERT INTO "times" VALUES ( 17675, 12710, '21:28:00', '21:29:00', 20 );
INSERT INTO "times" VALUES ( 17675, 12740, '21:22:00', '21:23:00', 20 );
INSERT INTO "times" VALUES ( 17675, 12780, '21:10:00', '21:11:00', 20 );
INSERT INTO "times" VALUES ( 17675, 12800, '21:07:00', '21:08:00', 20 );
INSERT INTO "times" VALUES ( 17675, 12870, '21:01:00', '21:01:00', 20 );
INSERT INTO "times" VALUES ( 17675, 12890, '20:58:00', '20:58:00', 20 );
INSERT INTO "times" VALUES ( 17675, 12900, '20:57:00', '20:57:00', 20 );
INSERT INTO "times" VALUES ( 17675, 13520, NULL, '20:54:00', 30 );

INSERT INTO "dias" VALUES ( 17676, 160, FALSE, TRUE, 'D2101A', 13520, 12510 );
INSERT INTO "dias_line_groups" VALUES ( 17676, 10 );
INSERT INTO "times" VALUES ( 17676, 12510, '22:16:00', NULL, NULL );
INSERT INTO "times" VALUES ( 17676, 12520, '22:14:00', '22:14:00', 20 );
INSERT INTO "times" VALUES ( 17676, 12530, '22:12:00', '22:12:00', 20 );
INSERT INTO "times" VALUES ( 17676, 12540, '22:09:00', '22:09:00', 20 );
INSERT INTO "times" VALUES ( 17676, 12610, '22:03:00', '22:04:00', 20 );
INSERT INTO "times" VALUES ( 17676, 12670, '21:57:00', '21:57:00', 20 );
INSERT INTO "times" VALUES ( 17676, 12680, '21:53:00', '21:54:00', 20 );
INSERT INTO "times" VALUES ( 17676, 12710, '21:48:00', '21:49:00', 20 );
INSERT INTO "times" VALUES ( 17676, 12740, '21:42:00', '21:43:00', 20 );
INSERT INTO "times" VALUES ( 17676, 12780, '21:30:00', '21:31:00', 20 );
INSERT INTO "times" VALUES ( 17676, 12800, '21:27:00', '21:28:00', 20 );
INSERT INTO "times" VALUES ( 17676, 12870, '21:21:00', '21:21:00', 20 );
INSERT INTO "times" VALUES ( 17676, 12890, '21:18:00', '21:18:00', 20 );
INSERT INTO "times" VALUES ( 17676, 12900, '21:17:00', '21:17:00', 20 );
INSERT INTO "times" VALUES ( 17676, 13520, NULL, '21:14:00', 30 );

INSERT INTO "dias" VALUES ( 17677, 160, FALSE, TRUE, 'D2103A', 13520, 12510 );
INSERT INTO "dias_line_groups" VALUES ( 17677, 10 );
INSERT INTO "times" VALUES ( 17677, 12510, '22:35:00', NULL, NULL );
INSERT INTO "times" VALUES ( 17677, 12520, '22:33:00', '22:33:00', 20 );
INSERT INTO "times" VALUES ( 17677, 12530, '22:31:00', '22:31:00', 20 );
INSERT INTO "times" VALUES ( 17677, 12540, '22:29:00', '22:29:00', 20 );
INSERT INTO "times" VALUES ( 17677, 12610, '22:24:00', '22:24:00', 20 );
INSERT INTO "times" VALUES ( 17677, 12670, '22:17:00', '22:17:00', 20 );
INSERT INTO "times" VALUES ( 17677, 12680, '22:13:00', '22:14:00', 20 );
INSERT INTO "times" VALUES ( 17677, 12710, '22:08:00', '22:09:00', 20 );
INSERT INTO "times" VALUES ( 17677, 12740, '22:02:00', '22:03:00', 20 );
INSERT INTO "times" VALUES ( 17677, 12780, '21:50:00', '21:51:00', 20 );
INSERT INTO "times" VALUES ( 17677, 12800, '21:47:00', '21:48:00', 20 );
INSERT INTO "times" VALUES ( 17677, 12870, '21:41:00', '21:41:00', 20 );
INSERT INTO "times" VALUES ( 17677, 12890, '21:38:00', '21:38:00', 20 );
INSERT INTO "times" VALUES ( 17677, 12900, '21:37:00', '21:37:00', 20 );
INSERT INTO "times" VALUES ( 17677, 13520, NULL, '21:34:00', 30 );

INSERT INTO "dias" VALUES ( 17678, 160, FALSE, TRUE, 'D2105A', 13520, 12510 );
INSERT INTO "dias_line_groups" VALUES ( 17678, 10 );
INSERT INTO "times" VALUES ( 17678, 12510, '22:54:00', NULL, NULL );
INSERT INTO "times" VALUES ( 17678, 12520, '22:52:00', '22:52:00', 20 );
INSERT INTO "times" VALUES ( 17678, 12530, '22:51:00', '22:51:00', 20 );
INSERT INTO "times" VALUES ( 17678, 12540, '22:48:00', '22:48:00', 20 );
INSERT INTO "times" VALUES ( 17678, 12610, '22:43:00', '22:43:00', 20 );
INSERT INTO "times" VALUES ( 17678, 12670, '22:36:00', '22:36:00', 20 );
INSERT INTO "times" VALUES ( 17678, 12680, '22:34:00', '22:34:00', 20 );
INSERT INTO "times" VALUES ( 17678, 12710, '22:28:00', '22:29:00', 20 );
INSERT INTO "times" VALUES ( 17678, 12740, '22:22:00', '22:23:00', 20 );
INSERT INTO "times" VALUES ( 17678, 12780, '22:11:00', '22:11:00', 20 );
INSERT INTO "times" VALUES ( 17678, 12800, '22:08:00', '22:08:00', 20 );
INSERT INTO "times" VALUES ( 17678, 12870, '22:01:00', '22:01:00', 20 );
INSERT INTO "times" VALUES ( 17678, 12890, '21:58:00', '21:58:00', 20 );
INSERT INTO "times" VALUES ( 17678, 12900, '21:57:00', '21:57:00', 20 );
INSERT INTO "times" VALUES ( 17678, 13520, NULL, '21:54:00', 30 );

INSERT INTO "dias" VALUES ( 17679, 160, FALSE, TRUE, 'D2201A', 13520, 12510 );
INSERT INTO "dias_line_groups" VALUES ( 17679, 10 );
INSERT INTO "times" VALUES ( 17679, 12510, '23:16:00', NULL, NULL );
INSERT INTO "times" VALUES ( 17679, 12520, '23:14:00', '23:14:00', 20 );
INSERT INTO "times" VALUES ( 17679, 12530, '23:12:00', '23:12:00', 20 );
INSERT INTO "times" VALUES ( 17679, 12540, '23:09:00', '23:09:00', 20 );
INSERT INTO "times" VALUES ( 17679, 12610, '23:04:00', '23:04:00', 20 );
INSERT INTO "times" VALUES ( 17679, 12670, '22:57:00', '22:57:00', 20 );
INSERT INTO "times" VALUES ( 17679, 12680, '22:54:00', '22:55:00', 20 );
INSERT INTO "times" VALUES ( 17679, 12710, '22:48:00', '22:49:00', 20 );
INSERT INTO "times" VALUES ( 17679, 12740, '22:42:00', '22:43:00', 20 );
INSERT INTO "times" VALUES ( 17679, 12780, '22:30:00', '22:31:00', 20 );
INSERT INTO "times" VALUES ( 17679, 12800, '22:28:00', '22:28:00', 20 );
INSERT INTO "times" VALUES ( 17679, 12870, '22:21:00', '22:21:00', 20 );
INSERT INTO "times" VALUES ( 17679, 12890, '22:18:00', '22:18:00', 20 );
INSERT INTO "times" VALUES ( 17679, 12900, '22:17:00', '22:17:00', 20 );
INSERT INTO "times" VALUES ( 17679, 13520, NULL, '22:14:00', 30 );

INSERT INTO "dias" VALUES ( 17680, 160, FALSE, TRUE, 'D2203A', 13520, 12510 );
INSERT INTO "dias_line_groups" VALUES ( 17680, 10 );
INSERT INTO "times" VALUES ( 17680, 12510, '23:37:00', NULL, NULL );
INSERT INTO "times" VALUES ( 17680, 12520, '23:35:00', '23:35:00', 20 );
INSERT INTO "times" VALUES ( 17680, 12530, '23:33:00', '23:33:00', 20 );
INSERT INTO "times" VALUES ( 17680, 12540, '23:30:00', '23:30:00', 20 );
INSERT INTO "times" VALUES ( 17680, 12610, '23:25:00', '23:25:00', 20 );
INSERT INTO "times" VALUES ( 17680, 12670, '23:19:00', '23:19:00', 20 );
INSERT INTO "times" VALUES ( 17680, 12680, '23:16:00', '23:16:00', 20 );
INSERT INTO "times" VALUES ( 17680, 12710, '23:10:00', '23:11:00', 20 );
INSERT INTO "times" VALUES ( 17680, 12740, '23:05:00', '23:05:00', 20 );
INSERT INTO "times" VALUES ( 17680, 12780, '22:54:00', '22:54:00', 20 );
INSERT INTO "times" VALUES ( 17680, 12800, '22:51:00', '22:51:00', 20 );
INSERT INTO "times" VALUES ( 17680, 12870, '22:44:00', '22:44:00', 20 );
INSERT INTO "times" VALUES ( 17680, 12890, '22:42:00', '22:42:00', 20 );
INSERT INTO "times" VALUES ( 17680, 12900, '22:40:00', '22:40:00', 20 );
INSERT INTO "times" VALUES ( 17680, 13520, NULL, '22:37:00', 30 );

INSERT INTO "dias" VALUES ( 17681, 150, FALSE, TRUE, 'E2400R', 12510, 12740 );
INSERT INTO "dias_line_groups" VALUES ( 17681, 10 );
INSERT INTO "times" VALUES ( 17681, 12510, NULL, '00:20:00', 20 );
INSERT INTO "times" VALUES ( 17681, 12520, '00:21:00', '00:21:00', 20 );
INSERT INTO "times" VALUES ( 17681, 12530, '00:23:00', '00:23:00', 20 );
INSERT INTO "times" VALUES ( 17681, 12540, '00:27:00', '00:27:00', 20 );
INSERT INTO "times" VALUES ( 17681, 12670, '00:36:00', '00:36:00', 20 );
INSERT INTO "times" VALUES ( 17681, 12680, '00:39:00', '00:39:00', 20 );
INSERT INTO "times" VALUES ( 17681, 12710, '00:44:00', '00:44:00', 20 );
INSERT INTO "times" VALUES ( 17681, 12740, '00:49:00', NULL, NULL );

INSERT INTO "dias" VALUES ( 17682, 140, FALSE, TRUE, 'F0500Z', 12670, 13520 );
INSERT INTO "dias_line_groups" VALUES ( 17682, 10 );
INSERT INTO "times" VALUES ( 17682, 12670, NULL, '05:36:00', 20 );
INSERT INTO "times" VALUES ( 17682, 12680, '05:39:00', '05:39:00', 20 );
INSERT INTO "times" VALUES ( 17682, 12700, '05:43:00', '05:43:00', 20 );
INSERT INTO "times" VALUES ( 17682, 12710, '05:45:00', '05:45:00', 20 );
INSERT INTO "times" VALUES ( 17682, 12740, '05:50:00', '05:50:00', 20 );
INSERT INTO "times" VALUES ( 17682, 12760, '05:56:00', '05:56:00', 20 );
INSERT INTO "times" VALUES ( 17682, 12780, '06:03:00', '06:03:00', 20 );
INSERT INTO "times" VALUES ( 17682, 12800, '06:06:00', '06:06:00', 20 );
INSERT INTO "times" VALUES ( 17682, 12840, '06:09:00', '06:09:00', 20 );
INSERT INTO "times" VALUES ( 17682, 12870, '06:13:00', '06:13:00', 20 );
INSERT INTO "times" VALUES ( 17682, 12880, '06:14:00', '06:14:00', 20 );
INSERT INTO "times" VALUES ( 17682, 12890, '06:16:00', '06:16:00', 20 );
INSERT INTO "times" VALUES ( 17682, 12900, '06:18:00', '06:18:00', 20 );
INSERT INTO "times" VALUES ( 17682, 13510, '06:20:00', '06:20:00', 30 );
INSERT INTO "times" VALUES ( 17682, 13520, '06:23:00', NULL, NULL );

INSERT INTO "dias" VALUES ( 17683, 140, FALSE, TRUE, 'F0501A', 13520, 12510 );
INSERT INTO "dias_line_groups" VALUES ( 17683, 10 );
INSERT INTO "times" VALUES ( 17683, 12510, '06:37:00', NULL, NULL );
INSERT INTO "times" VALUES ( 17683, 12520, '06:35:00', '06:35:00', 20 );
INSERT INTO "times" VALUES ( 17683, 12530, '06:34:00', '06:34:00', 20 );
INSERT INTO "times" VALUES ( 17683, 12540, '06:31:00', '06:31:00', 20 );
INSERT INTO "times" VALUES ( 17683, 12610, '06:26:00', '06:26:00', 20 );
INSERT INTO "times" VALUES ( 17683, 12670, '06:19:00', '06:19:00', 20 );
INSERT INTO "times" VALUES ( 17683, 12680, '06:16:00', '06:16:00', 20 );
INSERT INTO "times" VALUES ( 17683, 12700, '06:13:00', '06:13:00', 20 );
INSERT INTO "times" VALUES ( 17683, 12710, '06:11:00', '06:11:00', 20 );
INSERT INTO "times" VALUES ( 17683, 12740, '06:05:00', '06:05:00', 20 );
INSERT INTO "times" VALUES ( 17683, 12760, '06:00:00', '06:00:00', 20 );
INSERT INTO "times" VALUES ( 17683, 12780, '05:53:00', '05:53:00', 20 );
INSERT INTO "times" VALUES ( 17683, 12800, '05:51:00', '05:51:00', 20 );
INSERT INTO "times" VALUES ( 17683, 12840, '05:46:00', '05:46:00', 20 );
INSERT INTO "times" VALUES ( 17683, 12870, '05:43:00', '05:43:00', 20 );
INSERT INTO "times" VALUES ( 17683, 12880, '05:41:00', '05:41:00', 20 );
INSERT INTO "times" VALUES ( 17683, 12890, '05:39:00', '05:39:00', 20 );
INSERT INTO "times" VALUES ( 17683, 12900, '05:38:00', '05:38:00', 20 );
INSERT INTO "times" VALUES ( 17683, 13510, '05:36:00', '05:36:00', 30 );
INSERT INTO "times" VALUES ( 17683, 13520, NULL, '05:34:00', 30 );

INSERT INTO "dias" VALUES ( 17684, 140, FALSE, TRUE, 'F0502Z', 12510, 13520 );
INSERT INTO "dias_line_groups" VALUES ( 17684, 10 );
INSERT INTO "times" VALUES ( 17684, 12510, NULL, '05:48:00', 20 );
INSERT INTO "times" VALUES ( 17684, 12520, '05:49:00', '05:49:00', 20 );
INSERT INTO "times" VALUES ( 17684, 12530, '05:51:00', '05:51:00', 20 );
INSERT INTO "times" VALUES ( 17684, 12540, '05:55:00', '05:55:00', 20 );
INSERT INTO "times" VALUES ( 17684, 12610, '06:00:00', '06:00:00', 20 );
INSERT INTO "times" VALUES ( 17684, 12670, '06:05:00', '06:05:00', 20 );
INSERT INTO "times" VALUES ( 17684, 12680, '06:09:00', '06:09:00', 20 );
INSERT INTO "times" VALUES ( 17684, 12700, '06:12:00', '06:12:00', 20 );
INSERT INTO "times" VALUES ( 17684, 12710, '06:14:00', '06:14:00', 20 );
INSERT INTO "times" VALUES ( 17684, 12740, '06:20:00', '06:20:00', 20 );
INSERT INTO "times" VALUES ( 17684, 12760, '06:24:00', '06:24:00', 20 );
INSERT INTO "times" VALUES ( 17684, 12780, '06:32:00', '06:32:00', 20 );
INSERT INTO "times" VALUES ( 17684, 12800, '06:34:00', '06:34:00', 20 );
INSERT INTO "times" VALUES ( 17684, 12840, '06:38:00', '06:38:00', 20 );
INSERT INTO "times" VALUES ( 17684, 12870, '06:41:00', '06:41:00', 20 );
INSERT INTO "times" VALUES ( 17684, 12880, '06:43:00', '06:43:00', 20 );
INSERT INTO "times" VALUES ( 17684, 12890, '06:45:00', '06:45:00', 20 );
INSERT INTO "times" VALUES ( 17684, 12900, '06:47:00', '06:47:00', 20 );
INSERT INTO "times" VALUES ( 17684, 13510, '06:49:00', '06:49:00', 30 );
INSERT INTO "times" VALUES ( 17684, 13520, '06:51:00', NULL, NULL );

INSERT INTO "dias" VALUES ( 17685, 140, FALSE, TRUE, 'F0503A', 13520, 12510 );
INSERT INTO "dias_line_groups" VALUES ( 17685, 10 );
INSERT INTO "times" VALUES ( 17685, 12510, '06:56:00', NULL, NULL );
INSERT INTO "times" VALUES ( 17685, 12520, '06:54:00', '06:54:00', 20 );
INSERT INTO "times" VALUES ( 17685, 12530, '06:52:00', '06:52:00', 20 );
INSERT INTO "times" VALUES ( 17685, 12540, '06:49:00', '06:49:00', 20 );
INSERT INTO "times" VALUES ( 17685, 12610, '06:44:00', '06:44:00', 20 );
INSERT INTO "times" VALUES ( 17685, 12670, '06:38:00', '06:38:00', 20 );
INSERT INTO "times" VALUES ( 17685, 12680, '06:35:00', '06:35:00', 20 );
INSERT INTO "times" VALUES ( 17685, 12700, '06:31:00', '06:31:00', 20 );
INSERT INTO "times" VALUES ( 17685, 12710, '06:30:00', '06:30:00', 20 );
INSERT INTO "times" VALUES ( 17685, 12740, '06:24:00', '06:24:00', 20 );
INSERT INTO "times" VALUES ( 17685, 12760, '06:19:00', '06:19:00', 20 );
INSERT INTO "times" VALUES ( 17685, 12780, '06:12:00', '06:12:00', 20 );
INSERT INTO "times" VALUES ( 17685, 12800, '06:09:00', '06:09:00', 20 );
INSERT INTO "times" VALUES ( 17685, 12840, '06:05:00', '06:05:00', 20 );
INSERT INTO "times" VALUES ( 17685, 12870, '06:01:00', '06:01:00', 20 );
INSERT INTO "times" VALUES ( 17685, 12880, '05:59:00', '05:59:00', 20 );
INSERT INTO "times" VALUES ( 17685, 12890, '05:58:00', '05:58:00', 20 );
INSERT INTO "times" VALUES ( 17685, 12900, '05:56:00', '05:56:00', 20 );
INSERT INTO "times" VALUES ( 17685, 13510, '05:54:00', '05:54:00', 30 );
INSERT INTO "times" VALUES ( 17685, 13520, NULL, '05:52:00', 30 );

INSERT INTO "dias" VALUES ( 17686, 140, FALSE, TRUE, 'F0600Z', 12510, 13520 );
INSERT INTO "dias_line_groups" VALUES ( 17686, 10 );
INSERT INTO "times" VALUES ( 17686, 12510, NULL, '06:08:00', 20 );
INSERT INTO "times" VALUES ( 17686, 12520, '06:10:00', '06:10:00', 20 );
INSERT INTO "times" VALUES ( 17686, 12530, '06:12:00', '06:12:00', 20 );
INSERT INTO "times" VALUES ( 17686, 12540, '06:15:00', '06:15:00', 20 );
INSERT INTO "times" VALUES ( 17686, 12610, '06:20:00', '06:20:00', 20 );
INSERT INTO "times" VALUES ( 17686, 12670, '06:26:00', '06:26:00', 20 );
INSERT INTO "times" VALUES ( 17686, 12680, '06:29:00', '06:29:00', 20 );
INSERT INTO "times" VALUES ( 17686, 12700, '06:32:00', '06:32:00', 20 );
INSERT INTO "times" VALUES ( 17686, 12710, '06:35:00', '06:35:00', 20 );
INSERT INTO "times" VALUES ( 17686, 12740, '06:40:00', '06:40:00', 20 );
INSERT INTO "times" VALUES ( 17686, 12760, '06:45:00', '06:45:00', 20 );
INSERT INTO "times" VALUES ( 17686, 12780, '06:52:00', '06:52:00', 20 );
INSERT INTO "times" VALUES ( 17686, 12800, '06:55:00', '06:55:00', 20 );
INSERT INTO "times" VALUES ( 17686, 12840, '06:58:00', '06:58:00', 20 );
INSERT INTO "times" VALUES ( 17686, 12870, '07:02:00', '07:02:00', 20 );
INSERT INTO "times" VALUES ( 17686, 12880, '07:03:00', '07:03:00', 20 );
INSERT INTO "times" VALUES ( 17686, 12890, '07:05:00', '07:05:00', 20 );
INSERT INTO "times" VALUES ( 17686, 12900, '07:08:00', '07:08:00', 20 );
INSERT INTO "times" VALUES ( 17686, 13510, '07:09:00', '07:09:00', 30 );
INSERT INTO "times" VALUES ( 17686, 13520, '07:12:00', NULL, NULL );

INSERT INTO "dias" VALUES ( 17687, 140, FALSE, TRUE, 'F0601A', 13520, 12510 );
INSERT INTO "dias_line_groups" VALUES ( 17687, 10 );
INSERT INTO "times" VALUES ( 17687, 12510, '07:22:00', NULL, NULL );
INSERT INTO "times" VALUES ( 17687, 12520, '07:19:00', '07:19:00', 20 );
INSERT INTO "times" VALUES ( 17687, 12530, '07:17:00', '07:17:00', 20 );
INSERT INTO "times" VALUES ( 17687, 12540, '07:14:00', '07:14:00', 20 );
INSERT INTO "times" VALUES ( 17687, 12610, '07:09:00', '07:09:00', 20 );
INSERT INTO "times" VALUES ( 17687, 12670, '07:02:00', '07:02:00', 20 );
INSERT INTO "times" VALUES ( 17687, 12680, '07:00:00', '07:00:00', 20 );
INSERT INTO "times" VALUES ( 17687, 12700, '06:56:00', '06:56:00', 20 );
INSERT INTO "times" VALUES ( 17687, 12710, '06:54:00', '06:54:00', 20 );
INSERT INTO "times" VALUES ( 17687, 12740, '06:48:00', '06:48:00', 20 );
INSERT INTO "times" VALUES ( 17687, 12760, '06:43:00', '06:43:00', 20 );
INSERT INTO "times" VALUES ( 17687, 12780, '06:36:00', '06:36:00', 20 );
INSERT INTO "times" VALUES ( 17687, 12800, '06:34:00', '06:34:00', 20 );
INSERT INTO "times" VALUES ( 17687, 12840, '06:29:00', '06:29:00', 20 );
INSERT INTO "times" VALUES ( 17687, 12870, '06:26:00', '06:26:00', 20 );
INSERT INTO "times" VALUES ( 17687, 12880, '06:24:00', '06:24:00', 20 );
INSERT INTO "times" VALUES ( 17687, 12890, '06:22:00', '06:22:00', 20 );
INSERT INTO "times" VALUES ( 17687, 12900, '06:21:00', '06:21:00', 20 );
INSERT INTO "times" VALUES ( 17687, 13510, '06:18:00', '06:18:00', 30 );
INSERT INTO "times" VALUES ( 17687, 13520, NULL, '06:16:00', 30 );

INSERT INTO "dias" VALUES ( 17688, 140, FALSE, TRUE, 'F0602Z', 12510, 13520 );
INSERT INTO "dias_line_groups" VALUES ( 17688, 10 );
INSERT INTO "times" VALUES ( 17688, 12510, NULL, '06:22:00', 20 );
INSERT INTO "times" VALUES ( 17688, 12520, '06:23:00', '06:23:00', 20 );
INSERT INTO "times" VALUES ( 17688, 12530, '06:25:00', '06:25:00', 20 );
INSERT INTO "times" VALUES ( 17688, 12540, '06:29:00', '06:29:00', 20 );
INSERT INTO "times" VALUES ( 17688, 12610, '06:34:00', '06:34:00', 20 );
INSERT INTO "times" VALUES ( 17688, 12670, '06:40:00', '06:40:00', 20 );
INSERT INTO "times" VALUES ( 17688, 12680, '06:43:00', '06:43:00', 20 );
INSERT INTO "times" VALUES ( 17688, 12700, '06:46:00', '06:46:00', 20 );
INSERT INTO "times" VALUES ( 17688, 12710, '06:48:00', '06:48:00', 20 );
INSERT INTO "times" VALUES ( 17688, 12740, '06:54:00', '06:54:00', 20 );
INSERT INTO "times" VALUES ( 17688, 12760, '06:58:00', '06:58:00', 20 );
INSERT INTO "times" VALUES ( 17688, 12780, '07:06:00', '07:06:00', 20 );
INSERT INTO "times" VALUES ( 17688, 12800, '07:08:00', '07:08:00', 20 );
INSERT INTO "times" VALUES ( 17688, 12840, '07:12:00', '07:12:00', 20 );
INSERT INTO "times" VALUES ( 17688, 12870, '07:16:00', '07:16:00', 20 );
INSERT INTO "times" VALUES ( 17688, 12880, '07:17:00', '07:17:00', 20 );
INSERT INTO "times" VALUES ( 17688, 12890, '07:19:00', '07:19:00', 20 );
INSERT INTO "times" VALUES ( 17688, 12900, '07:21:00', '07:21:00', 20 );
INSERT INTO "times" VALUES ( 17688, 13510, '07:23:00', '07:23:00', 30 );
INSERT INTO "times" VALUES ( 17688, 13520, '07:26:00', NULL, NULL );

INSERT INTO "dias" VALUES ( 17689, 140, FALSE, TRUE, 'F0604Z', 12510, 13520 );
INSERT INTO "dias_line_groups" VALUES ( 17689, 10 );
INSERT INTO "times" VALUES ( 17689, 12510, NULL, '06:42:00', 20 );
INSERT INTO "times" VALUES ( 17689, 12520, '06:44:00', '06:44:00', 20 );
INSERT INTO "times" VALUES ( 17689, 12530, '06:46:00', '06:46:00', 20 );
INSERT INTO "times" VALUES ( 17689, 12540, '06:49:00', '06:49:00', 20 );
INSERT INTO "times" VALUES ( 17689, 12610, '06:54:00', '06:54:00', 20 );
INSERT INTO "times" VALUES ( 17689, 12670, '07:00:00', '07:00:00', 20 );
INSERT INTO "times" VALUES ( 17689, 12680, '07:03:00', '07:03:00', 20 );
INSERT INTO "times" VALUES ( 17689, 12700, '07:06:00', '07:06:00', 20 );
INSERT INTO "times" VALUES ( 17689, 12710, '07:08:00', '07:09:00', 20 );
INSERT INTO "times" VALUES ( 17689, 12740, '07:15:00', '07:15:00', 20 );
INSERT INTO "times" VALUES ( 17689, 12760, '07:19:00', '07:19:00', 20 );
INSERT INTO "times" VALUES ( 17689, 12780, '07:27:00', '07:27:00', 20 );
INSERT INTO "times" VALUES ( 17689, 12800, '07:30:00', '07:30:00', 20 );
INSERT INTO "times" VALUES ( 17689, 12840, '07:34:00', '07:34:00', 20 );
INSERT INTO "times" VALUES ( 17689, 12870, '07:37:00', '07:37:00', 20 );
INSERT INTO "times" VALUES ( 17689, 12880, '07:39:00', '07:39:00', 20 );
INSERT INTO "times" VALUES ( 17689, 12890, '07:41:00', '07:41:00', 20 );
INSERT INTO "times" VALUES ( 17689, 12900, '07:42:00', '07:43:00', 20 );
INSERT INTO "times" VALUES ( 17689, 13510, '07:45:00', '07:45:00', 30 );
INSERT INTO "times" VALUES ( 17689, 13520, '07:48:00', NULL, NULL );

INSERT INTO "dias" VALUES ( 17690, 140, FALSE, TRUE, 'F0700Z', 12510, 13520 );
INSERT INTO "dias_line_groups" VALUES ( 17690, 10 );
INSERT INTO "times" VALUES ( 17690, 12510, NULL, '07:02:00', 20 );
INSERT INTO "times" VALUES ( 17690, 12520, '07:03:00', '07:03:00', 20 );
INSERT INTO "times" VALUES ( 17690, 12530, '07:05:00', '07:05:00', 20 );
INSERT INTO "times" VALUES ( 17690, 12540, '07:09:00', '07:09:00', 20 );
INSERT INTO "times" VALUES ( 17690, 12610, '07:14:00', '07:14:00', 20 );
INSERT INTO "times" VALUES ( 17690, 12670, '07:20:00', '07:20:00', 20 );
INSERT INTO "times" VALUES ( 17690, 12680, '07:23:00', '07:23:00', 20 );
INSERT INTO "times" VALUES ( 17690, 12700, '07:27:00', '07:27:00', 20 );
INSERT INTO "times" VALUES ( 17690, 12710, '07:28:00', '07:29:00', 20 );
INSERT INTO "times" VALUES ( 17690, 12740, '07:35:00', '07:35:00', 20 );
INSERT INTO "times" VALUES ( 17690, 12760, '07:40:00', '07:40:00', 20 );
INSERT INTO "times" VALUES ( 17690, 12780, '07:47:00', '07:47:00', 20 );
INSERT INTO "times" VALUES ( 17690, 12800, '07:50:00', '07:50:00', 20 );
INSERT INTO "times" VALUES ( 17690, 12840, '07:54:00', '07:54:00', 20 );
INSERT INTO "times" VALUES ( 17690, 12870, '07:57:00', '07:57:00', 20 );
INSERT INTO "times" VALUES ( 17690, 12880, '07:59:00', '07:59:00', 20 );
INSERT INTO "times" VALUES ( 17690, 12890, '08:01:00', '08:01:00', 20 );
INSERT INTO "times" VALUES ( 17690, 12900, '08:03:00', '08:03:00', 20 );
INSERT INTO "times" VALUES ( 17690, 13510, '08:05:00', '08:05:00', 30 );
INSERT INTO "times" VALUES ( 17690, 13520, '08:07:00', NULL, NULL );

INSERT INTO "dias" VALUES ( 17691, 140, FALSE, TRUE, 'F0702R', 12510, 12740 );
INSERT INTO "dias_line_groups" VALUES ( 17691, 10 );
INSERT INTO "times" VALUES ( 17691, 12510, NULL, '07:22:00', 20 );
INSERT INTO "times" VALUES ( 17691, 12520, '07:24:00', '07:24:00', 20 );
INSERT INTO "times" VALUES ( 17691, 12530, '07:26:00', '07:26:00', 20 );
INSERT INTO "times" VALUES ( 17691, 12540, '07:29:00', '07:29:00', 20 );
INSERT INTO "times" VALUES ( 17691, 12610, '07:34:00', '07:34:00', 20 );
INSERT INTO "times" VALUES ( 17691, 12670, '07:40:00', '07:40:00', 20 );
INSERT INTO "times" VALUES ( 17691, 12680, '07:43:00', '07:43:00', 20 );
INSERT INTO "times" VALUES ( 17691, 12700, '07:46:00', '07:46:00', 20 );
INSERT INTO "times" VALUES ( 17691, 12710, '07:49:00', '07:49:00', 20 );
INSERT INTO "times" VALUES ( 17691, 12740, '07:54:00', NULL, NULL );

INSERT INTO "dias" VALUES ( 17692, 140, FALSE, TRUE, 'F0704R', 12510, 12740 );
INSERT INTO "dias_line_groups" VALUES ( 17692, 10 );
INSERT INTO "times" VALUES ( 17692, 12510, NULL, '07:52:00', 20 );
INSERT INTO "times" VALUES ( 17692, 12520, '07:53:00', '07:53:00', 20 );
INSERT INTO "times" VALUES ( 17692, 12530, '07:55:00', '07:55:00', 20 );
INSERT INTO "times" VALUES ( 17692, 12540, '07:59:00', '07:59:00', 20 );
INSERT INTO "times" VALUES ( 17692, 12610, '08:04:00', '08:04:00', 20 );
INSERT INTO "times" VALUES ( 17692, 12670, '08:10:00', '08:10:00', 20 );
INSERT INTO "times" VALUES ( 17692, 12680, '08:13:00', '08:13:00', 20 );
INSERT INTO "times" VALUES ( 17692, 12700, '08:16:00', '08:16:00', 20 );
INSERT INTO "times" VALUES ( 17692, 12710, '08:19:00', '08:19:00', 20 );
INSERT INTO "times" VALUES ( 17692, 12740, '08:24:00', NULL, NULL );

INSERT INTO "dias" VALUES ( 17693, 140, FALSE, TRUE, 'F0800R', 12510, 12740 );
INSERT INTO "dias_line_groups" VALUES ( 17693, 10 );
INSERT INTO "times" VALUES ( 17693, 12510, NULL, '08:22:00', 20 );
INSERT INTO "times" VALUES ( 17693, 12520, '08:24:00', '08:24:00', 20 );
INSERT INTO "times" VALUES ( 17693, 12530, '08:26:00', '08:26:00', 20 );
INSERT INTO "times" VALUES ( 17693, 12540, '08:29:00', '08:29:00', 20 );
INSERT INTO "times" VALUES ( 17693, 12610, '08:34:00', '08:34:00', 20 );
INSERT INTO "times" VALUES ( 17693, 12670, '08:40:00', '08:40:00', 20 );
INSERT INTO "times" VALUES ( 17693, 12680, '08:43:00', '08:44:00', 20 );
INSERT INTO "times" VALUES ( 17693, 12700, '08:47:00', '08:47:00', 20 );
INSERT INTO "times" VALUES ( 17693, 12710, '08:49:00', '08:49:00', 20 );
INSERT INTO "times" VALUES ( 17693, 12740, '08:54:00', NULL, NULL );

INSERT INTO "dias" VALUES ( 17694, 140, FALSE, TRUE, 'F0801A', 12740, 12510 );
INSERT INTO "dias_line_groups" VALUES ( 17694, 10 );
INSERT INTO "times" VALUES ( 17694, 12510, '09:05:00', NULL, NULL );
INSERT INTO "times" VALUES ( 17694, 12520, '09:03:00', '09:03:00', 20 );
INSERT INTO "times" VALUES ( 17694, 12530, '09:01:00', '09:01:00', 20 );
INSERT INTO "times" VALUES ( 17694, 12540, '08:58:00', '08:58:00', 20 );
INSERT INTO "times" VALUES ( 17694, 12610, '08:53:00', '08:53:00', 20 );
INSERT INTO "times" VALUES ( 17694, 12670, '08:46:00', '08:46:00', 20 );
INSERT INTO "times" VALUES ( 17694, 12680, '08:43:00', '08:43:00', 20 );
INSERT INTO "times" VALUES ( 17694, 12700, '08:39:00', '08:39:00', 20 );
INSERT INTO "times" VALUES ( 17694, 12710, '08:37:00', '08:37:00', 20 );
INSERT INTO "times" VALUES ( 17694, 12740, NULL, '08:31:00', 20 );

INSERT INTO "dias" VALUES ( 17695, 140, FALSE, TRUE, 'F0803A', 12740, 12510 );
INSERT INTO "dias_line_groups" VALUES ( 17695, 10 );
INSERT INTO "times" VALUES ( 17695, 12510, '09:28:00', NULL, NULL );
INSERT INTO "times" VALUES ( 17695, 12520, '09:26:00', '09:26:00', 20 );
INSERT INTO "times" VALUES ( 17695, 12530, '09:25:00', '09:25:00', 20 );
INSERT INTO "times" VALUES ( 17695, 12540, '09:22:00', '09:22:00', 20 );
INSERT INTO "times" VALUES ( 17695, 12610, '09:17:00', '09:17:00', 20 );
INSERT INTO "times" VALUES ( 17695, 12670, '09:10:00', '09:10:00', 20 );
INSERT INTO "times" VALUES ( 17695, 12680, '09:07:00', '09:07:00', 20 );
INSERT INTO "times" VALUES ( 17695, 12700, '09:04:00', '09:04:00', 20 );
INSERT INTO "times" VALUES ( 17695, 12710, '09:02:00', '09:02:00', 20 );
INSERT INTO "times" VALUES ( 17695, 12740, NULL, '08:55:00', 20 );

INSERT INTO "dias" VALUES ( 17696, 140, FALSE, TRUE, 'F0900R', 12510, 12740 );
INSERT INTO "dias_line_groups" VALUES ( 17696, 10 );
INSERT INTO "times" VALUES ( 17696, 12510, NULL, '09:32:00', 20 );
INSERT INTO "times" VALUES ( 17696, 12520, '09:34:00', '09:34:00', 20 );
INSERT INTO "times" VALUES ( 17696, 12530, '09:36:00', '09:36:00', 20 );
INSERT INTO "times" VALUES ( 17696, 12540, '09:39:00', '09:39:00', 20 );
INSERT INTO "times" VALUES ( 17696, 12610, '09:44:00', '09:44:00', 20 );
INSERT INTO "times" VALUES ( 17696, 12670, '09:50:00', '09:50:00', 20 );
INSERT INTO "times" VALUES ( 17696, 12680, '09:53:00', '09:53:00', 20 );
INSERT INTO "times" VALUES ( 17696, 12700, '09:56:00', '09:56:00', 20 );
INSERT INTO "times" VALUES ( 17696, 12710, '09:59:00', '09:59:00', 20 );
INSERT INTO "times" VALUES ( 17696, 12740, '10:04:00', NULL, NULL );

INSERT INTO "dias" VALUES ( 17697, 140, FALSE, TRUE, 'F0901A', 12740, 12510 );
INSERT INTO "dias_line_groups" VALUES ( 17697, 10 );
INSERT INTO "times" VALUES ( 17697, 12510, '09:48:00', NULL, NULL );
INSERT INTO "times" VALUES ( 17697, 12520, '09:46:00', '09:46:00', 20 );
INSERT INTO "times" VALUES ( 17697, 12530, '09:45:00', '09:45:00', 20 );
INSERT INTO "times" VALUES ( 17697, 12540, '09:42:00', '09:42:00', 20 );
INSERT INTO "times" VALUES ( 17697, 12610, '09:37:00', '09:37:00', 20 );
INSERT INTO "times" VALUES ( 17697, 12670, '09:30:00', '09:30:00', 20 );
INSERT INTO "times" VALUES ( 17697, 12680, '09:27:00', '09:27:00', 20 );
INSERT INTO "times" VALUES ( 17697, 12700, '09:24:00', '09:24:00', 20 );
INSERT INTO "times" VALUES ( 17697, 12710, '09:22:00', '09:22:00', 20 );
INSERT INTO "times" VALUES ( 17697, 12740, NULL, '09:15:00', 20 );

INSERT INTO "dias" VALUES ( 17698, 140, FALSE, TRUE, 'F0903A', 12740, 12510 );
INSERT INTO "dias_line_groups" VALUES ( 17698, 10 );
INSERT INTO "times" VALUES ( 17698, 12510, '09:58:00', NULL, NULL );
INSERT INTO "times" VALUES ( 17698, 12520, '09:56:00', '09:56:00', 20 );
INSERT INTO "times" VALUES ( 17698, 12530, '09:55:00', '09:55:00', 20 );
INSERT INTO "times" VALUES ( 17698, 12540, '09:52:00', '09:52:00', 20 );
INSERT INTO "times" VALUES ( 17698, 12610, '09:47:00', '09:47:00', 20 );
INSERT INTO "times" VALUES ( 17698, 12670, '09:40:00', '09:40:00', 20 );
INSERT INTO "times" VALUES ( 17698, 12680, '09:37:00', '09:37:00', 20 );
INSERT INTO "times" VALUES ( 17698, 12700, '09:34:00', '09:34:00', 20 );
INSERT INTO "times" VALUES ( 17698, 12710, '09:32:00', '09:32:00', 20 );
INSERT INTO "times" VALUES ( 17698, 12740, NULL, '09:25:00', 20 );

INSERT INTO "dias" VALUES ( 17699, 140, FALSE, TRUE, 'F0905A', 12740, 12510 );
INSERT INTO "dias_line_groups" VALUES ( 17699, 10 );
INSERT INTO "times" VALUES ( 17699, 12510, '10:18:00', NULL, NULL );
INSERT INTO "times" VALUES ( 17699, 12520, '10:16:00', '10:16:00', 20 );
INSERT INTO "times" VALUES ( 17699, 12530, '10:15:00', '10:15:00', 20 );
INSERT INTO "times" VALUES ( 17699, 12540, '10:12:00', '10:12:00', 20 );
INSERT INTO "times" VALUES ( 17699, 12610, '10:07:00', '10:07:00', 20 );
INSERT INTO "times" VALUES ( 17699, 12670, '10:00:00', '10:00:00', 20 );
INSERT INTO "times" VALUES ( 17699, 12680, '09:57:00', '09:57:00', 20 );
INSERT INTO "times" VALUES ( 17699, 12700, '09:53:00', '09:53:00', 20 );
INSERT INTO "times" VALUES ( 17699, 12710, '09:52:00', '09:52:00', 20 );
INSERT INTO "times" VALUES ( 17699, 12740, NULL, '09:46:00', 20 );

INSERT INTO "dias" VALUES ( 17700, 140, FALSE, TRUE, 'F0907A', 12740, 12510 );
INSERT INTO "dias_line_groups" VALUES ( 17700, 10 );
INSERT INTO "times" VALUES ( 17700, 12510, '10:28:00', NULL, NULL );
INSERT INTO "times" VALUES ( 17700, 12520, '10:26:00', '10:26:00', 20 );
INSERT INTO "times" VALUES ( 17700, 12530, '10:25:00', '10:25:00', 20 );
INSERT INTO "times" VALUES ( 17700, 12540, '10:22:00', '10:22:00', 20 );
INSERT INTO "times" VALUES ( 17700, 12610, '10:17:00', '10:17:00', 20 );
INSERT INTO "times" VALUES ( 17700, 12670, '10:10:00', '10:10:00', 20 );
INSERT INTO "times" VALUES ( 17700, 12680, '10:07:00', '10:07:00', 20 );
INSERT INTO "times" VALUES ( 17700, 12700, '10:04:00', '10:04:00', 20 );
INSERT INTO "times" VALUES ( 17700, 12710, '10:02:00', '10:02:00', 20 );
INSERT INTO "times" VALUES ( 17700, 12740, NULL, '09:55:00', 20 );

INSERT INTO "dias" VALUES ( 17701, 140, FALSE, TRUE, 'F1000R', 12510, 12740 );
INSERT INTO "dias_line_groups" VALUES ( 17701, 10 );
INSERT INTO "times" VALUES ( 17701, 12510, NULL, '10:03:00', 20 );
INSERT INTO "times" VALUES ( 17701, 12520, '10:04:00', '10:04:00', 20 );
INSERT INTO "times" VALUES ( 17701, 12530, '10:06:00', '10:06:00', 20 );
INSERT INTO "times" VALUES ( 17701, 12540, '10:10:00', '10:10:00', 20 );
INSERT INTO "times" VALUES ( 17701, 12610, '10:15:00', '10:15:00', 20 );
INSERT INTO "times" VALUES ( 17701, 12670, '10:20:00', '10:20:00', 20 );
INSERT INTO "times" VALUES ( 17701, 12680, '10:24:00', '10:24:00', 20 );
INSERT INTO "times" VALUES ( 17701, 12700, '10:27:00', '10:27:00', 20 );
INSERT INTO "times" VALUES ( 17701, 12710, '10:29:00', '10:29:00', 20 );
INSERT INTO "times" VALUES ( 17701, 12740, '10:34:00', NULL, NULL );

INSERT INTO "dias" VALUES ( 17702, 140, FALSE, TRUE, 'F1001A', 12740, 12510 );
INSERT INTO "dias_line_groups" VALUES ( 17702, 10 );
INSERT INTO "times" VALUES ( 17702, 12510, '10:49:00', NULL, NULL );
INSERT INTO "times" VALUES ( 17702, 12520, '10:47:00', '10:47:00', 20 );
INSERT INTO "times" VALUES ( 17702, 12530, '10:45:00', '10:45:00', 20 );
INSERT INTO "times" VALUES ( 17702, 12540, '10:42:00', '10:42:00', 20 );
INSERT INTO "times" VALUES ( 17702, 12610, '10:37:00', '10:37:00', 20 );
INSERT INTO "times" VALUES ( 17702, 12670, '10:31:00', '10:31:00', 20 );
INSERT INTO "times" VALUES ( 17702, 12680, '10:28:00', '10:28:00', 20 );
INSERT INTO "times" VALUES ( 17702, 12700, '10:24:00', '10:24:00', 20 );
INSERT INTO "times" VALUES ( 17702, 12710, '10:22:00', '10:22:00', 20 );
INSERT INTO "times" VALUES ( 17702, 12740, NULL, '10:16:00', 20 );

INSERT INTO "dias" VALUES ( 17703, 140, FALSE, TRUE, 'F1002R', 12510, 12740 );
INSERT INTO "dias_line_groups" VALUES ( 17703, 10 );
INSERT INTO "times" VALUES ( 17703, 12510, NULL, '10:33:00', 20 );
INSERT INTO "times" VALUES ( 17703, 12520, '10:34:00', '10:34:00', 20 );
INSERT INTO "times" VALUES ( 17703, 12530, '10:36:00', '10:36:00', 20 );
INSERT INTO "times" VALUES ( 17703, 12540, '10:40:00', '10:40:00', 20 );
INSERT INTO "times" VALUES ( 17703, 12610, '10:45:00', '10:45:00', 20 );
INSERT INTO "times" VALUES ( 17703, 12670, '10:50:00', '10:50:00', 20 );
INSERT INTO "times" VALUES ( 17703, 12680, '10:54:00', '10:54:00', 20 );
INSERT INTO "times" VALUES ( 17703, 12700, '10:57:00', '10:57:00', 20 );
INSERT INTO "times" VALUES ( 17703, 12710, '10:59:00', '10:59:00', 20 );
INSERT INTO "times" VALUES ( 17703, 12740, '11:04:00', NULL, NULL );

INSERT INTO "dias" VALUES ( 17704, 140, FALSE, TRUE, 'F1003A', 12740, 12510 );
INSERT INTO "dias_line_groups" VALUES ( 17704, 10 );
INSERT INTO "times" VALUES ( 17704, 12510, '11:19:00', NULL, NULL );
INSERT INTO "times" VALUES ( 17704, 12520, '11:17:00', '11:17:00', 20 );
INSERT INTO "times" VALUES ( 17704, 12530, '11:15:00', '11:15:00', 20 );
INSERT INTO "times" VALUES ( 17704, 12540, '11:13:00', '11:13:00', 20 );
INSERT INTO "times" VALUES ( 17704, 12610, '11:08:00', '11:08:00', 20 );
INSERT INTO "times" VALUES ( 17704, 12670, '11:01:00', '11:01:00', 20 );
INSERT INTO "times" VALUES ( 17704, 12680, '10:58:00', '10:58:00', 20 );
INSERT INTO "times" VALUES ( 17704, 12700, '10:55:00', '10:55:00', 20 );
INSERT INTO "times" VALUES ( 17704, 12710, '10:53:00', '10:53:00', 20 );
INSERT INTO "times" VALUES ( 17704, 12740, NULL, '10:46:00', 20 );

INSERT INTO "dias" VALUES ( 17705, 140, FALSE, TRUE, 'F1100R', 12510, 12740 );
INSERT INTO "dias_line_groups" VALUES ( 17705, 10 );
INSERT INTO "times" VALUES ( 17705, 12510, NULL, '11:23:00', 20 );
INSERT INTO "times" VALUES ( 17705, 12520, '11:24:00', '11:24:00', 20 );
INSERT INTO "times" VALUES ( 17705, 12530, '11:26:00', '11:26:00', 20 );
INSERT INTO "times" VALUES ( 17705, 12540, '11:30:00', '11:30:00', 20 );
INSERT INTO "times" VALUES ( 17705, 12610, '11:35:00', '11:35:00', 20 );
INSERT INTO "times" VALUES ( 17705, 12670, '11:41:00', '11:41:00', 20 );
INSERT INTO "times" VALUES ( 17705, 12680, '11:44:00', '11:44:00', 20 );
INSERT INTO "times" VALUES ( 17705, 12700, '11:47:00', '11:47:00', 20 );
INSERT INTO "times" VALUES ( 17705, 12710, '11:49:00', '11:49:00', 20 );
INSERT INTO "times" VALUES ( 17705, 12740, '11:54:00', NULL, NULL );

INSERT INTO "dias" VALUES ( 17706, 140, FALSE, TRUE, 'F1101A', 12740, 12510 );
INSERT INTO "dias_line_groups" VALUES ( 17706, 10 );
INSERT INTO "times" VALUES ( 17706, 12510, '11:49:00', NULL, NULL );
INSERT INTO "times" VALUES ( 17706, 12520, '11:47:00', '11:47:00', 20 );
INSERT INTO "times" VALUES ( 17706, 12530, '11:45:00', '11:45:00', 20 );
INSERT INTO "times" VALUES ( 17706, 12540, '11:43:00', '11:43:00', 20 );
INSERT INTO "times" VALUES ( 17706, 12610, '11:38:00', '11:38:00', 20 );
INSERT INTO "times" VALUES ( 17706, 12670, '11:31:00', '11:31:00', 20 );
INSERT INTO "times" VALUES ( 17706, 12680, '11:28:00', '11:28:00', 20 );
INSERT INTO "times" VALUES ( 17706, 12700, '11:25:00', '11:25:00', 20 );
INSERT INTO "times" VALUES ( 17706, 12710, '11:23:00', '11:23:00', 20 );
INSERT INTO "times" VALUES ( 17706, 12740, NULL, '11:16:00', 20 );

INSERT INTO "dias" VALUES ( 17707, 140, FALSE, TRUE, 'F1102R', 12510, 12740 );
INSERT INTO "dias_line_groups" VALUES ( 17707, 10 );
INSERT INTO "times" VALUES ( 17707, 12510, NULL, '11:53:00', 20 );
INSERT INTO "times" VALUES ( 17707, 12520, '11:54:00', '11:54:00', 20 );
INSERT INTO "times" VALUES ( 17707, 12530, '11:56:00', '11:56:00', 20 );
INSERT INTO "times" VALUES ( 17707, 12540, '12:00:00', '12:00:00', 20 );
INSERT INTO "times" VALUES ( 17707, 12610, '12:05:00', '12:05:00', 20 );
INSERT INTO "times" VALUES ( 17707, 12670, '12:11:00', '12:11:00', 20 );
INSERT INTO "times" VALUES ( 17707, 12680, '12:14:00', '12:14:00', 20 );
INSERT INTO "times" VALUES ( 17707, 12700, '12:17:00', '12:17:00', 20 );
INSERT INTO "times" VALUES ( 17707, 12710, '12:19:00', '12:19:00', 20 );
INSERT INTO "times" VALUES ( 17707, 12740, '12:24:00', NULL, NULL );

INSERT INTO "dias" VALUES ( 17708, 140, FALSE, TRUE, 'F1103A', 12740, 12510 );
INSERT INTO "dias_line_groups" VALUES ( 17708, 10 );
INSERT INTO "times" VALUES ( 17708, 12510, '12:19:00', NULL, NULL );
INSERT INTO "times" VALUES ( 17708, 12520, '12:17:00', '12:17:00', 20 );
INSERT INTO "times" VALUES ( 17708, 12530, '12:15:00', '12:15:00', 20 );
INSERT INTO "times" VALUES ( 17708, 12540, '12:13:00', '12:13:00', 20 );
INSERT INTO "times" VALUES ( 17708, 12610, '12:08:00', '12:08:00', 20 );
INSERT INTO "times" VALUES ( 17708, 12670, '12:01:00', '12:01:00', 20 );
INSERT INTO "times" VALUES ( 17708, 12680, '11:58:00', '11:58:00', 20 );
INSERT INTO "times" VALUES ( 17708, 12700, '11:55:00', '11:55:00', 20 );
INSERT INTO "times" VALUES ( 17708, 12710, '11:53:00', '11:53:00', 20 );
INSERT INTO "times" VALUES ( 17708, 12740, NULL, '11:47:00', 20 );

INSERT INTO "dias" VALUES ( 17709, 140, FALSE, TRUE, 'F1200R', 12510, 12740 );
INSERT INTO "dias_line_groups" VALUES ( 17709, 10 );
INSERT INTO "times" VALUES ( 17709, 12510, NULL, '12:23:00', 20 );
INSERT INTO "times" VALUES ( 17709, 12520, '12:24:00', '12:24:00', 20 );
INSERT INTO "times" VALUES ( 17709, 12530, '12:26:00', '12:26:00', 20 );
INSERT INTO "times" VALUES ( 17709, 12540, '12:30:00', '12:30:00', 20 );
INSERT INTO "times" VALUES ( 17709, 12610, '12:35:00', '12:35:00', 20 );
INSERT INTO "times" VALUES ( 17709, 12670, '12:41:00', '12:41:00', 20 );
INSERT INTO "times" VALUES ( 17709, 12680, '12:44:00', '12:44:00', 20 );
INSERT INTO "times" VALUES ( 17709, 12700, '12:47:00', '12:47:00', 20 );
INSERT INTO "times" VALUES ( 17709, 12710, '12:49:00', '12:49:00', 20 );
INSERT INTO "times" VALUES ( 17709, 12740, '12:54:00', NULL, NULL );

INSERT INTO "dias" VALUES ( 17710, 140, FALSE, TRUE, 'F1201A', 12740, 12510 );
INSERT INTO "dias_line_groups" VALUES ( 17710, 10 );
INSERT INTO "times" VALUES ( 17710, 12510, '12:48:00', NULL, NULL );
INSERT INTO "times" VALUES ( 17710, 12520, '12:46:00', '12:46:00', 20 );
INSERT INTO "times" VALUES ( 17710, 12530, '12:45:00', '12:45:00', 20 );
INSERT INTO "times" VALUES ( 17710, 12540, '12:42:00', '12:42:00', 20 );
INSERT INTO "times" VALUES ( 17710, 12610, '12:37:00', '12:37:00', 20 );
INSERT INTO "times" VALUES ( 17710, 12670, '12:30:00', '12:30:00', 20 );
INSERT INTO "times" VALUES ( 17710, 12680, '12:28:00', '12:28:00', 20 );
INSERT INTO "times" VALUES ( 17710, 12700, '12:24:00', '12:24:00', 20 );
INSERT INTO "times" VALUES ( 17710, 12710, '12:22:00', '12:22:00', 20 );
INSERT INTO "times" VALUES ( 17710, 12740, NULL, '12:15:00', 20 );

INSERT INTO "dias" VALUES ( 17711, 140, FALSE, TRUE, 'F1202R', 12510, 12740 );
INSERT INTO "dias_line_groups" VALUES ( 17711, 10 );
INSERT INTO "times" VALUES ( 17711, 12510, NULL, '12:53:00', 20 );
INSERT INTO "times" VALUES ( 17711, 12520, '12:54:00', '12:54:00', 20 );
INSERT INTO "times" VALUES ( 17711, 12530, '12:56:00', '12:56:00', 20 );
INSERT INTO "times" VALUES ( 17711, 12540, '13:00:00', '13:00:00', 20 );
INSERT INTO "times" VALUES ( 17711, 12610, '13:05:00', '13:05:00', 20 );
INSERT INTO "times" VALUES ( 17711, 12670, '13:11:00', '13:11:00', 20 );
INSERT INTO "times" VALUES ( 17711, 12680, '13:14:00', '13:14:00', 20 );
INSERT INTO "times" VALUES ( 17711, 12700, '13:17:00', '13:17:00', 20 );
INSERT INTO "times" VALUES ( 17711, 12710, '13:19:00', '13:19:00', 20 );
INSERT INTO "times" VALUES ( 17711, 12740, '13:24:00', NULL, NULL );

INSERT INTO "dias" VALUES ( 17712, 140, FALSE, TRUE, 'F1203A', 12740, 12510 );
INSERT INTO "dias_line_groups" VALUES ( 17712, 10 );
INSERT INTO "times" VALUES ( 17712, 12510, '13:18:00', NULL, NULL );
INSERT INTO "times" VALUES ( 17712, 12520, '13:16:00', '13:16:00', 20 );
INSERT INTO "times" VALUES ( 17712, 12530, '13:15:00', '13:15:00', 20 );
INSERT INTO "times" VALUES ( 17712, 12540, '13:12:00', '13:12:00', 20 );
INSERT INTO "times" VALUES ( 17712, 12610, '13:07:00', '13:07:00', 20 );
INSERT INTO "times" VALUES ( 17712, 12670, '13:00:00', '13:00:00', 20 );
INSERT INTO "times" VALUES ( 17712, 12680, '12:58:00', '12:58:00', 20 );
INSERT INTO "times" VALUES ( 17712, 12700, '12:54:00', '12:54:00', 20 );
INSERT INTO "times" VALUES ( 17712, 12710, '12:52:00', '12:52:00', 20 );
INSERT INTO "times" VALUES ( 17712, 12740, NULL, '12:45:00', 20 );

INSERT INTO "dias" VALUES ( 17713, 140, FALSE, TRUE, 'F1300R', 12510, 12740 );
INSERT INTO "dias_line_groups" VALUES ( 17713, 10 );
INSERT INTO "times" VALUES ( 17713, 12510, NULL, '13:23:00', 20 );
INSERT INTO "times" VALUES ( 17713, 12520, '13:24:00', '13:24:00', 20 );
INSERT INTO "times" VALUES ( 17713, 12530, '13:26:00', '13:26:00', 20 );
INSERT INTO "times" VALUES ( 17713, 12540, '13:30:00', '13:30:00', 20 );
INSERT INTO "times" VALUES ( 17713, 12610, '13:35:00', '13:35:00', 20 );
INSERT INTO "times" VALUES ( 17713, 12670, '13:41:00', '13:41:00', 20 );
INSERT INTO "times" VALUES ( 17713, 12680, '13:44:00', '13:44:00', 20 );
INSERT INTO "times" VALUES ( 17713, 12700, '13:47:00', '13:47:00', 20 );
INSERT INTO "times" VALUES ( 17713, 12710, '13:49:00', '13:49:00', 20 );
INSERT INTO "times" VALUES ( 17713, 12740, '13:54:00', NULL, NULL );

INSERT INTO "dias" VALUES ( 17714, 140, FALSE, TRUE, 'F1301A', 12740, 12510 );
INSERT INTO "dias_line_groups" VALUES ( 17714, 10 );
INSERT INTO "times" VALUES ( 17714, 12510, '13:48:00', NULL, NULL );
INSERT INTO "times" VALUES ( 17714, 12520, '13:46:00', '13:46:00', 20 );
INSERT INTO "times" VALUES ( 17714, 12530, '13:45:00', '13:45:00', 20 );
INSERT INTO "times" VALUES ( 17714, 12540, '13:42:00', '13:42:00', 20 );
INSERT INTO "times" VALUES ( 17714, 12610, '13:37:00', '13:37:00', 20 );
INSERT INTO "times" VALUES ( 17714, 12670, '13:30:00', '13:30:00', 20 );
INSERT INTO "times" VALUES ( 17714, 12680, '13:28:00', '13:28:00', 20 );
INSERT INTO "times" VALUES ( 17714, 12700, '13:24:00', '13:24:00', 20 );
INSERT INTO "times" VALUES ( 17714, 12710, '13:22:00', '13:22:00', 20 );
INSERT INTO "times" VALUES ( 17714, 12740, NULL, '13:15:00', 20 );

INSERT INTO "dias" VALUES ( 17715, 140, FALSE, TRUE, 'F1302R', 12510, 12740 );
INSERT INTO "dias_line_groups" VALUES ( 17715, 10 );
INSERT INTO "times" VALUES ( 17715, 12510, NULL, '13:53:00', 20 );
INSERT INTO "times" VALUES ( 17715, 12520, '13:54:00', '13:54:00', 20 );
INSERT INTO "times" VALUES ( 17715, 12530, '13:56:00', '13:56:00', 20 );
INSERT INTO "times" VALUES ( 17715, 12540, '14:00:00', '14:00:00', 20 );
INSERT INTO "times" VALUES ( 17715, 12610, '14:05:00', '14:05:00', 20 );
INSERT INTO "times" VALUES ( 17715, 12670, '14:11:00', '14:11:00', 20 );
INSERT INTO "times" VALUES ( 17715, 12680, '14:14:00', '14:14:00', 20 );
INSERT INTO "times" VALUES ( 17715, 12700, '14:17:00', '14:17:00', 20 );
INSERT INTO "times" VALUES ( 17715, 12710, '14:19:00', '14:19:00', 20 );
INSERT INTO "times" VALUES ( 17715, 12740, '14:24:00', NULL, NULL );

INSERT INTO "dias" VALUES ( 17716, 140, FALSE, TRUE, 'F1303A', 12740, 12510 );
INSERT INTO "dias_line_groups" VALUES ( 17716, 10 );
INSERT INTO "times" VALUES ( 17716, 12510, '14:18:00', NULL, NULL );
INSERT INTO "times" VALUES ( 17716, 12520, '14:16:00', '14:16:00', 20 );
INSERT INTO "times" VALUES ( 17716, 12530, '14:15:00', '14:15:00', 20 );
INSERT INTO "times" VALUES ( 17716, 12540, '14:12:00', '14:12:00', 20 );
INSERT INTO "times" VALUES ( 17716, 12610, '14:07:00', '14:07:00', 20 );
INSERT INTO "times" VALUES ( 17716, 12670, '14:00:00', '14:00:00', 20 );
INSERT INTO "times" VALUES ( 17716, 12680, '13:58:00', '13:58:00', 20 );
INSERT INTO "times" VALUES ( 17716, 12700, '13:54:00', '13:54:00', 20 );
INSERT INTO "times" VALUES ( 17716, 12710, '13:52:00', '13:52:00', 20 );
INSERT INTO "times" VALUES ( 17716, 12740, NULL, '13:45:00', 20 );

INSERT INTO "dias" VALUES ( 17717, 140, FALSE, TRUE, 'F1400R', 12510, 12740 );
INSERT INTO "dias_line_groups" VALUES ( 17717, 10 );
INSERT INTO "times" VALUES ( 17717, 12510, NULL, '14:23:00', 20 );
INSERT INTO "times" VALUES ( 17717, 12520, '14:24:00', '14:24:00', 20 );
INSERT INTO "times" VALUES ( 17717, 12530, '14:26:00', '14:26:00', 20 );
INSERT INTO "times" VALUES ( 17717, 12540, '14:30:00', '14:30:00', 20 );
INSERT INTO "times" VALUES ( 17717, 12610, '14:35:00', '14:35:00', 20 );
INSERT INTO "times" VALUES ( 17717, 12670, '14:41:00', '14:41:00', 20 );
INSERT INTO "times" VALUES ( 17717, 12680, '14:44:00', '14:44:00', 20 );
INSERT INTO "times" VALUES ( 17717, 12700, '14:47:00', '14:47:00', 20 );
INSERT INTO "times" VALUES ( 17717, 12710, '14:49:00', '14:49:00', 20 );
INSERT INTO "times" VALUES ( 17717, 12740, '14:54:00', NULL, NULL );

INSERT INTO "dias" VALUES ( 17718, 140, FALSE, TRUE, 'F1401A', 12740, 12510 );
INSERT INTO "dias_line_groups" VALUES ( 17718, 10 );
INSERT INTO "times" VALUES ( 17718, 12510, '14:48:00', NULL, NULL );
INSERT INTO "times" VALUES ( 17718, 12520, '14:46:00', '14:46:00', 20 );
INSERT INTO "times" VALUES ( 17718, 12530, '14:45:00', '14:45:00', 20 );
INSERT INTO "times" VALUES ( 17718, 12540, '14:42:00', '14:42:00', 20 );
INSERT INTO "times" VALUES ( 17718, 12610, '14:37:00', '14:37:00', 20 );
INSERT INTO "times" VALUES ( 17718, 12670, '14:30:00', '14:30:00', 20 );
INSERT INTO "times" VALUES ( 17718, 12680, '14:28:00', '14:28:00', 20 );
INSERT INTO "times" VALUES ( 17718, 12700, '14:24:00', '14:24:00', 20 );
INSERT INTO "times" VALUES ( 17718, 12710, '14:22:00', '14:22:00', 20 );
INSERT INTO "times" VALUES ( 17718, 12740, NULL, '14:15:00', 20 );

INSERT INTO "dias" VALUES ( 17719, 140, FALSE, TRUE, 'F1402R', 12510, 12740 );
INSERT INTO "dias_line_groups" VALUES ( 17719, 10 );
INSERT INTO "times" VALUES ( 17719, 12510, NULL, '14:53:00', 20 );
INSERT INTO "times" VALUES ( 17719, 12520, '14:54:00', '14:54:00', 20 );
INSERT INTO "times" VALUES ( 17719, 12530, '14:56:00', '14:56:00', 20 );
INSERT INTO "times" VALUES ( 17719, 12540, '15:00:00', '15:00:00', 20 );
INSERT INTO "times" VALUES ( 17719, 12610, '15:05:00', '15:05:00', 20 );
INSERT INTO "times" VALUES ( 17719, 12670, '15:11:00', '15:11:00', 20 );
INSERT INTO "times" VALUES ( 17719, 12680, '15:14:00', '15:14:00', 20 );
INSERT INTO "times" VALUES ( 17719, 12700, '15:17:00', '15:17:00', 20 );
INSERT INTO "times" VALUES ( 17719, 12710, '15:19:00', '15:19:00', 20 );
INSERT INTO "times" VALUES ( 17719, 12740, '15:24:00', NULL, NULL );

INSERT INTO "dias" VALUES ( 17720, 140, FALSE, TRUE, 'F1403A', 12740, 12510 );
INSERT INTO "dias_line_groups" VALUES ( 17720, 10 );
INSERT INTO "times" VALUES ( 17720, 12510, '15:18:00', NULL, NULL );
INSERT INTO "times" VALUES ( 17720, 12520, '15:16:00', '15:16:00', 20 );
INSERT INTO "times" VALUES ( 17720, 12530, '15:15:00', '15:15:00', 20 );
INSERT INTO "times" VALUES ( 17720, 12540, '15:12:00', '15:12:00', 20 );
INSERT INTO "times" VALUES ( 17720, 12610, '15:07:00', '15:07:00', 20 );
INSERT INTO "times" VALUES ( 17720, 12670, '15:00:00', '15:00:00', 20 );
INSERT INTO "times" VALUES ( 17720, 12680, '14:58:00', '14:58:00', 20 );
INSERT INTO "times" VALUES ( 17720, 12700, '14:54:00', '14:54:00', 20 );
INSERT INTO "times" VALUES ( 17720, 12710, '14:52:00', '14:52:00', 20 );
INSERT INTO "times" VALUES ( 17720, 12740, NULL, '14:45:00', 20 );

INSERT INTO "dias" VALUES ( 17721, 140, FALSE, TRUE, 'F1500R', 12510, 12740 );
INSERT INTO "dias_line_groups" VALUES ( 17721, 10 );
INSERT INTO "times" VALUES ( 17721, 12510, NULL, '15:23:00', 20 );
INSERT INTO "times" VALUES ( 17721, 12520, '15:24:00', '15:24:00', 20 );
INSERT INTO "times" VALUES ( 17721, 12530, '15:26:00', '15:26:00', 20 );
INSERT INTO "times" VALUES ( 17721, 12540, '15:30:00', '15:30:00', 20 );
INSERT INTO "times" VALUES ( 17721, 12610, '15:35:00', '15:35:00', 20 );
INSERT INTO "times" VALUES ( 17721, 12670, '15:41:00', '15:41:00', 20 );
INSERT INTO "times" VALUES ( 17721, 12680, '15:44:00', '15:44:00', 20 );
INSERT INTO "times" VALUES ( 17721, 12700, '15:47:00', '15:47:00', 20 );
INSERT INTO "times" VALUES ( 17721, 12710, '15:49:00', '15:49:00', 20 );
INSERT INTO "times" VALUES ( 17721, 12740, '15:54:00', NULL, NULL );

INSERT INTO "dias" VALUES ( 17722, 140, FALSE, TRUE, 'F1501A', 12740, 12510 );
INSERT INTO "dias_line_groups" VALUES ( 17722, 10 );
INSERT INTO "times" VALUES ( 17722, 12510, '15:48:00', NULL, NULL );
INSERT INTO "times" VALUES ( 17722, 12520, '15:46:00', '15:46:00', 20 );
INSERT INTO "times" VALUES ( 17722, 12530, '15:45:00', '15:45:00', 20 );
INSERT INTO "times" VALUES ( 17722, 12540, '15:42:00', '15:42:00', 20 );
INSERT INTO "times" VALUES ( 17722, 12610, '15:37:00', '15:37:00', 20 );
INSERT INTO "times" VALUES ( 17722, 12670, '15:30:00', '15:30:00', 20 );
INSERT INTO "times" VALUES ( 17722, 12680, '15:28:00', '15:28:00', 20 );
INSERT INTO "times" VALUES ( 17722, 12700, '15:24:00', '15:24:00', 20 );
INSERT INTO "times" VALUES ( 17722, 12710, '15:22:00', '15:22:00', 20 );
INSERT INTO "times" VALUES ( 17722, 12740, NULL, '15:15:00', 20 );

INSERT INTO "dias" VALUES ( 17723, 140, FALSE, TRUE, 'F1502R', 12510, 12740 );
INSERT INTO "dias_line_groups" VALUES ( 17723, 10 );
INSERT INTO "times" VALUES ( 17723, 12510, NULL, '15:53:00', 20 );
INSERT INTO "times" VALUES ( 17723, 12520, '15:54:00', '15:54:00', 20 );
INSERT INTO "times" VALUES ( 17723, 12530, '15:56:00', '15:56:00', 20 );
INSERT INTO "times" VALUES ( 17723, 12540, '16:00:00', '16:00:00', 20 );
INSERT INTO "times" VALUES ( 17723, 12610, '16:05:00', '16:05:00', 20 );
INSERT INTO "times" VALUES ( 17723, 12670, '16:11:00', '16:11:00', 20 );
INSERT INTO "times" VALUES ( 17723, 12680, '16:14:00', '16:14:00', 20 );
INSERT INTO "times" VALUES ( 17723, 12700, '16:17:00', '16:17:00', 20 );
INSERT INTO "times" VALUES ( 17723, 12710, '16:19:00', '16:19:00', 20 );
INSERT INTO "times" VALUES ( 17723, 12740, '16:24:00', NULL, NULL );

INSERT INTO "dias" VALUES ( 17724, 140, FALSE, TRUE, 'F1503A', 12740, 12510 );
INSERT INTO "dias_line_groups" VALUES ( 17724, 10 );
INSERT INTO "times" VALUES ( 17724, 12510, '16:18:00', NULL, NULL );
INSERT INTO "times" VALUES ( 17724, 12520, '16:16:00', '16:16:00', 20 );
INSERT INTO "times" VALUES ( 17724, 12530, '16:15:00', '16:15:00', 20 );
INSERT INTO "times" VALUES ( 17724, 12540, '16:12:00', '16:12:00', 20 );
INSERT INTO "times" VALUES ( 17724, 12610, '16:07:00', '16:07:00', 20 );
INSERT INTO "times" VALUES ( 17724, 12670, '16:00:00', '16:00:00', 20 );
INSERT INTO "times" VALUES ( 17724, 12680, '15:58:00', '15:58:00', 20 );
INSERT INTO "times" VALUES ( 17724, 12700, '15:54:00', '15:54:00', 20 );
INSERT INTO "times" VALUES ( 17724, 12710, '15:52:00', '15:52:00', 20 );
INSERT INTO "times" VALUES ( 17724, 12740, NULL, '15:45:00', 20 );

INSERT INTO "dias" VALUES ( 17725, 140, FALSE, TRUE, 'F1600R', 12510, 12740 );
INSERT INTO "dias_line_groups" VALUES ( 17725, 10 );
INSERT INTO "times" VALUES ( 17725, 12510, NULL, '16:23:00', 20 );
INSERT INTO "times" VALUES ( 17725, 12520, '16:24:00', '16:24:00', 20 );
INSERT INTO "times" VALUES ( 17725, 12530, '16:26:00', '16:26:00', 20 );
INSERT INTO "times" VALUES ( 17725, 12540, '16:30:00', '16:30:00', 20 );
INSERT INTO "times" VALUES ( 17725, 12610, '16:35:00', '16:35:00', 20 );
INSERT INTO "times" VALUES ( 17725, 12670, '16:41:00', '16:41:00', 20 );
INSERT INTO "times" VALUES ( 17725, 12680, '16:44:00', '16:44:00', 20 );
INSERT INTO "times" VALUES ( 17725, 12700, '16:47:00', '16:47:00', 20 );
INSERT INTO "times" VALUES ( 17725, 12710, '16:49:00', '16:49:00', 20 );
INSERT INTO "times" VALUES ( 17725, 12740, '16:54:00', NULL, NULL );

INSERT INTO "dias" VALUES ( 17726, 140, FALSE, TRUE, 'F1602R', 12510, 12740 );
INSERT INTO "dias_line_groups" VALUES ( 17726, 10 );
INSERT INTO "times" VALUES ( 17726, 12510, NULL, '16:53:00', 20 );
INSERT INTO "times" VALUES ( 17726, 12520, '16:54:00', '16:54:00', 20 );
INSERT INTO "times" VALUES ( 17726, 12530, '16:56:00', '16:56:00', 20 );
INSERT INTO "times" VALUES ( 17726, 12540, '17:00:00', '17:00:00', 20 );
INSERT INTO "times" VALUES ( 17726, 12610, '17:05:00', '17:05:00', 20 );
INSERT INTO "times" VALUES ( 17726, 12670, '17:11:00', '17:11:00', 20 );
INSERT INTO "times" VALUES ( 17726, 12680, '17:14:00', '17:14:00', 20 );
INSERT INTO "times" VALUES ( 17726, 12700, '17:17:00', '17:17:00', 20 );
INSERT INTO "times" VALUES ( 17726, 12710, '17:19:00', '17:19:00', 20 );
INSERT INTO "times" VALUES ( 17726, 12740, '17:24:00', NULL, NULL );

INSERT INTO "dias" VALUES ( 17727, 140, FALSE, TRUE, 'F1700R', 12510, 12740 );
INSERT INTO "dias_line_groups" VALUES ( 17727, 10 );
INSERT INTO "times" VALUES ( 17727, 12510, NULL, '17:23:00', 20 );
INSERT INTO "times" VALUES ( 17727, 12520, '17:24:00', '17:24:00', 20 );
INSERT INTO "times" VALUES ( 17727, 12530, '17:26:00', '17:26:00', 20 );
INSERT INTO "times" VALUES ( 17727, 12540, '17:30:00', '17:30:00', 20 );
INSERT INTO "times" VALUES ( 17727, 12610, '17:35:00', '17:35:00', 20 );
INSERT INTO "times" VALUES ( 17727, 12670, '17:41:00', '17:41:00', 20 );
INSERT INTO "times" VALUES ( 17727, 12680, '17:44:00', '17:44:00', 20 );
INSERT INTO "times" VALUES ( 17727, 12700, '17:47:00', '17:47:00', 20 );
INSERT INTO "times" VALUES ( 17727, 12710, '17:49:00', '17:49:00', 20 );
INSERT INTO "times" VALUES ( 17727, 12740, '17:54:00', NULL, NULL );

INSERT INTO "dias" VALUES ( 17728, 140, FALSE, TRUE, 'F1702R', 12510, 12740 );
INSERT INTO "dias_line_groups" VALUES ( 17728, 10 );
INSERT INTO "times" VALUES ( 17728, 12510, NULL, '17:53:00', 20 );
INSERT INTO "times" VALUES ( 17728, 12520, '17:55:00', '17:55:00', 20 );
INSERT INTO "times" VALUES ( 17728, 12530, '17:57:00', '17:57:00', 20 );
INSERT INTO "times" VALUES ( 17728, 12540, '18:00:00', '18:00:00', 20 );
INSERT INTO "times" VALUES ( 17728, 12610, '18:05:00', '18:05:00', 20 );
INSERT INTO "times" VALUES ( 17728, 12670, '18:11:00', '18:11:00', 20 );
INSERT INTO "times" VALUES ( 17728, 12680, '18:14:00', '18:14:00', 20 );
INSERT INTO "times" VALUES ( 17728, 12700, '18:17:00', '18:17:00', 20 );
INSERT INTO "times" VALUES ( 17728, 12710, '18:19:00', '18:19:00', 20 );
INSERT INTO "times" VALUES ( 17728, 12740, '18:24:00', NULL, NULL );

INSERT INTO "dias" VALUES ( 17729, 140, FALSE, TRUE, 'F1800R', 12510, 12740 );
INSERT INTO "dias_line_groups" VALUES ( 17729, 10 );
INSERT INTO "times" VALUES ( 17729, 12510, NULL, '18:23:00', 20 );
INSERT INTO "times" VALUES ( 17729, 12520, '18:24:00', '18:24:00', 20 );
INSERT INTO "times" VALUES ( 17729, 12530, '18:26:00', '18:26:00', 20 );
INSERT INTO "times" VALUES ( 17729, 12540, '18:30:00', '18:30:00', 20 );
INSERT INTO "times" VALUES ( 17729, 12610, '18:35:00', '18:35:00', 20 );
INSERT INTO "times" VALUES ( 17729, 12670, '18:41:00', '18:41:00', 20 );
INSERT INTO "times" VALUES ( 17729, 12680, '18:44:00', '18:44:00', 20 );
INSERT INTO "times" VALUES ( 17729, 12700, '18:47:00', '18:47:00', 20 );
INSERT INTO "times" VALUES ( 17729, 12710, '18:49:00', '18:49:00', 20 );
INSERT INTO "times" VALUES ( 17729, 12740, '18:54:00', NULL, NULL );

INSERT INTO "dias" VALUES ( 17730, 140, FALSE, TRUE, 'F1801A', 12740, 12510 );
INSERT INTO "dias_line_groups" VALUES ( 17730, 10 );
INSERT INTO "times" VALUES ( 17730, 12510, '19:19:00', NULL, NULL );
INSERT INTO "times" VALUES ( 17730, 12520, '19:17:00', '19:17:00', 20 );
INSERT INTO "times" VALUES ( 17730, 12530, '19:16:00', '19:16:00', 20 );
INSERT INTO "times" VALUES ( 17730, 12540, '19:13:00', '19:13:00', 20 );
INSERT INTO "times" VALUES ( 17730, 12610, '19:08:00', '19:08:00', 20 );
INSERT INTO "times" VALUES ( 17730, 12670, '19:01:00', '19:01:00', 20 );
INSERT INTO "times" VALUES ( 17730, 12680, '18:59:00', '18:59:00', 20 );
INSERT INTO "times" VALUES ( 17730, 12700, '18:55:00', '18:55:00', 20 );
INSERT INTO "times" VALUES ( 17730, 12710, '18:53:00', '18:53:00', 20 );
INSERT INTO "times" VALUES ( 17730, 12740, NULL, '18:47:00', 20 );

INSERT INTO "dias" VALUES ( 17731, 140, FALSE, TRUE, 'F1802R', 12510, 12740 );
INSERT INTO "dias_line_groups" VALUES ( 17731, 10 );
INSERT INTO "times" VALUES ( 17731, 12510, NULL, '18:52:00', 20 );
INSERT INTO "times" VALUES ( 17731, 12520, '18:54:00', '18:54:00', 20 );
INSERT INTO "times" VALUES ( 17731, 12530, '18:56:00', '18:56:00', 20 );
INSERT INTO "times" VALUES ( 17731, 12540, '18:59:00', '18:59:00', 20 );
INSERT INTO "times" VALUES ( 17731, 12610, '19:04:00', '19:04:00', 20 );
INSERT INTO "times" VALUES ( 17731, 12670, '19:10:00', '19:10:00', 20 );
INSERT INTO "times" VALUES ( 17731, 12680, '19:13:00', '19:13:00', 20 );
INSERT INTO "times" VALUES ( 17731, 12700, '19:16:00', '19:16:00', 20 );
INSERT INTO "times" VALUES ( 17731, 12710, '19:19:00', '19:19:00', 20 );
INSERT INTO "times" VALUES ( 17731, 12740, '19:24:00', NULL, NULL );

INSERT INTO "dias" VALUES ( 17732, 140, FALSE, TRUE, 'F1900R', 12510, 12740 );
INSERT INTO "dias_line_groups" VALUES ( 17732, 10 );
INSERT INTO "times" VALUES ( 17732, 12510, NULL, '19:22:00', 20 );
INSERT INTO "times" VALUES ( 17732, 12520, '19:24:00', '19:24:00', 20 );
INSERT INTO "times" VALUES ( 17732, 12530, '19:26:00', '19:26:00', 20 );
INSERT INTO "times" VALUES ( 17732, 12540, '19:29:00', '19:29:00', 20 );
INSERT INTO "times" VALUES ( 17732, 12610, '19:34:00', '19:34:00', 20 );
INSERT INTO "times" VALUES ( 17732, 12670, '19:40:00', '19:40:00', 20 );
INSERT INTO "times" VALUES ( 17732, 12680, '19:43:00', '19:43:00', 20 );
INSERT INTO "times" VALUES ( 17732, 12700, '19:46:00', '19:46:00', 20 );
INSERT INTO "times" VALUES ( 17732, 12710, '19:49:00', '19:49:00', 20 );
INSERT INTO "times" VALUES ( 17732, 12740, '19:54:00', NULL, NULL );

INSERT INTO "dias" VALUES ( 17733, 140, FALSE, TRUE, 'F1901A', 12740, 12510 );
INSERT INTO "dias_line_groups" VALUES ( 17733, 10 );
INSERT INTO "times" VALUES ( 17733, 12510, '19:49:00', NULL, NULL );
INSERT INTO "times" VALUES ( 17733, 12520, '19:47:00', '19:47:00', 20 );
INSERT INTO "times" VALUES ( 17733, 12530, '19:46:00', '19:46:00', 20 );
INSERT INTO "times" VALUES ( 17733, 12540, '19:43:00', '19:43:00', 20 );
INSERT INTO "times" VALUES ( 17733, 12610, '19:38:00', '19:38:00', 20 );
INSERT INTO "times" VALUES ( 17733, 12670, '19:31:00', '19:31:00', 20 );
INSERT INTO "times" VALUES ( 17733, 12680, '19:29:00', '19:29:00', 20 );
INSERT INTO "times" VALUES ( 17733, 12700, '19:25:00', '19:25:00', 20 );
INSERT INTO "times" VALUES ( 17733, 12710, '19:23:00', '19:23:00', 20 );
INSERT INTO "times" VALUES ( 17733, 12740, NULL, '19:17:00', 20 );

INSERT INTO "dias" VALUES ( 17734, 140, FALSE, TRUE, 'F1902R', 12510, 12740 );
INSERT INTO "dias_line_groups" VALUES ( 17734, 10 );
INSERT INTO "times" VALUES ( 17734, 12510, NULL, '19:52:00', 20 );
INSERT INTO "times" VALUES ( 17734, 12520, '19:54:00', '19:54:00', 20 );
INSERT INTO "times" VALUES ( 17734, 12530, '19:56:00', '19:56:00', 20 );
INSERT INTO "times" VALUES ( 17734, 12540, '19:59:00', '19:59:00', 20 );
INSERT INTO "times" VALUES ( 17734, 12610, '20:04:00', '20:04:00', 20 );
INSERT INTO "times" VALUES ( 17734, 12670, '20:10:00', '20:10:00', 20 );
INSERT INTO "times" VALUES ( 17734, 12680, '20:13:00', '20:13:00', 20 );
INSERT INTO "times" VALUES ( 17734, 12700, '20:16:00', '20:16:00', 20 );
INSERT INTO "times" VALUES ( 17734, 12710, '20:19:00', '20:19:00', 20 );
INSERT INTO "times" VALUES ( 17734, 12740, '20:24:00', NULL, NULL );

INSERT INTO "dias" VALUES ( 17735, 140, FALSE, TRUE, 'F1903A', 12740, 12510 );
INSERT INTO "dias_line_groups" VALUES ( 17735, 10 );
INSERT INTO "times" VALUES ( 17735, 12510, '20:09:00', NULL, NULL );
INSERT INTO "times" VALUES ( 17735, 12520, '20:07:00', '20:07:00', 20 );
INSERT INTO "times" VALUES ( 17735, 12530, '20:06:00', '20:06:00', 20 );
INSERT INTO "times" VALUES ( 17735, 12540, '20:03:00', '20:03:00', 20 );
INSERT INTO "times" VALUES ( 17735, 12610, '19:58:00', '19:58:00', 20 );
INSERT INTO "times" VALUES ( 17735, 12670, '19:51:00', '19:51:00', 20 );
INSERT INTO "times" VALUES ( 17735, 12680, '19:49:00', '19:49:00', 20 );
INSERT INTO "times" VALUES ( 17735, 12700, '19:45:00', '19:45:00', 20 );
INSERT INTO "times" VALUES ( 17735, 12710, '19:43:00', '19:43:00', 20 );
INSERT INTO "times" VALUES ( 17735, 12740, NULL, '19:37:00', 20 );

INSERT INTO "dias" VALUES ( 17736, 140, FALSE, TRUE, 'F2000R', 12510, 12740 );
INSERT INTO "dias_line_groups" VALUES ( 17736, 10 );
INSERT INTO "times" VALUES ( 17736, 12510, NULL, '20:12:00', 20 );
INSERT INTO "times" VALUES ( 17736, 12520, '20:14:00', '20:14:00', 20 );
INSERT INTO "times" VALUES ( 17736, 12530, '20:16:00', '20:16:00', 20 );
INSERT INTO "times" VALUES ( 17736, 12540, '20:19:00', '20:19:00', 20 );
INSERT INTO "times" VALUES ( 17736, 12610, '20:24:00', '20:24:00', 20 );
INSERT INTO "times" VALUES ( 17736, 12670, '20:30:00', '20:30:00', 20 );
INSERT INTO "times" VALUES ( 17736, 12680, '20:33:00', '20:33:00', 20 );
INSERT INTO "times" VALUES ( 17736, 12700, '20:36:00', '20:36:00', 20 );
INSERT INTO "times" VALUES ( 17736, 12710, '20:39:00', '20:39:00', 20 );
INSERT INTO "times" VALUES ( 17736, 12740, '20:44:00', NULL, NULL );

INSERT INTO "dias" VALUES ( 17737, 140, FALSE, TRUE, 'F2001A', 12740, 12510 );
INSERT INTO "dias_line_groups" VALUES ( 17737, 10 );
INSERT INTO "times" VALUES ( 17737, 12510, '20:39:00', NULL, NULL );
INSERT INTO "times" VALUES ( 17737, 12520, '20:37:00', '20:37:00', 20 );
INSERT INTO "times" VALUES ( 17737, 12530, '20:36:00', '20:36:00', 20 );
INSERT INTO "times" VALUES ( 17737, 12540, '20:33:00', '20:33:00', 20 );
INSERT INTO "times" VALUES ( 17737, 12610, '20:28:00', '20:28:00', 20 );
INSERT INTO "times" VALUES ( 17737, 12670, '20:21:00', '20:21:00', 20 );
INSERT INTO "times" VALUES ( 17737, 12680, '20:19:00', '20:19:00', 20 );
INSERT INTO "times" VALUES ( 17737, 12700, '20:15:00', '20:15:00', 20 );
INSERT INTO "times" VALUES ( 17737, 12710, '20:13:00', '20:13:00', 20 );
INSERT INTO "times" VALUES ( 17737, 12740, NULL, '20:07:00', 20 );

INSERT INTO "dias" VALUES ( 17738, 140, FALSE, TRUE, 'F2002R', 12510, 12740 );
INSERT INTO "dias_line_groups" VALUES ( 17738, 10 );
INSERT INTO "times" VALUES ( 17738, 12510, NULL, '20:42:00', 20 );
INSERT INTO "times" VALUES ( 17738, 12520, '20:44:00', '20:44:00', 20 );
INSERT INTO "times" VALUES ( 17738, 12530, '20:46:00', '20:46:00', 20 );
INSERT INTO "times" VALUES ( 17738, 12540, '20:49:00', '20:49:00', 20 );
INSERT INTO "times" VALUES ( 17738, 12610, '20:54:00', '20:54:00', 20 );
INSERT INTO "times" VALUES ( 17738, 12670, '21:00:00', '21:00:00', 20 );
INSERT INTO "times" VALUES ( 17738, 12680, '21:03:00', '21:03:00', 20 );
INSERT INTO "times" VALUES ( 17738, 12700, '21:06:00', '21:06:00', 20 );
INSERT INTO "times" VALUES ( 17738, 12710, '21:09:00', '21:09:00', 20 );
INSERT INTO "times" VALUES ( 17738, 12740, '21:14:00', NULL, NULL );

INSERT INTO "dias" VALUES ( 17739, 140, FALSE, TRUE, 'F2003A', 12740, 12510 );
INSERT INTO "dias_line_groups" VALUES ( 17739, 10 );
INSERT INTO "times" VALUES ( 17739, 12510, '20:59:00', NULL, NULL );
INSERT INTO "times" VALUES ( 17739, 12520, '20:57:00', '20:57:00', 20 );
INSERT INTO "times" VALUES ( 17739, 12530, '20:56:00', '20:56:00', 20 );
INSERT INTO "times" VALUES ( 17739, 12540, '20:53:00', '20:53:00', 20 );
INSERT INTO "times" VALUES ( 17739, 12610, '20:48:00', '20:48:00', 20 );
INSERT INTO "times" VALUES ( 17739, 12670, '20:41:00', '20:41:00', 20 );
INSERT INTO "times" VALUES ( 17739, 12680, '20:39:00', '20:39:00', 20 );
INSERT INTO "times" VALUES ( 17739, 12700, '20:35:00', '20:35:00', 20 );
INSERT INTO "times" VALUES ( 17739, 12710, '20:33:00', '20:33:00', 20 );
INSERT INTO "times" VALUES ( 17739, 12740, NULL, '20:27:00', 20 );

INSERT INTO "dias" VALUES ( 17740, 140, FALSE, TRUE, 'F2100Z', 12510, 13520 );
INSERT INTO "dias_line_groups" VALUES ( 17740, 10 );
INSERT INTO "times" VALUES ( 17740, 12510, NULL, '21:04:00', 20 );
INSERT INTO "times" VALUES ( 17740, 12520, '21:06:00', '21:06:00', 20 );
INSERT INTO "times" VALUES ( 17740, 12530, '21:08:00', '21:08:00', 20 );
INSERT INTO "times" VALUES ( 17740, 12540, '21:11:00', '21:11:00', 20 );
INSERT INTO "times" VALUES ( 17740, 12610, '21:16:00', '21:16:00', 20 );
INSERT INTO "times" VALUES ( 17740, 12670, '21:22:00', '21:22:00', 20 );
INSERT INTO "times" VALUES ( 17740, 12680, '21:25:00', '21:25:00', 20 );
INSERT INTO "times" VALUES ( 17740, 12700, '21:28:00', '21:28:00', 20 );
INSERT INTO "times" VALUES ( 17740, 12710, '21:31:00', '21:31:00', 20 );
INSERT INTO "times" VALUES ( 17740, 12740, '21:36:00', '21:36:00', 20 );
INSERT INTO "times" VALUES ( 17740, 12760, '21:41:00', '21:41:00', 20 );
INSERT INTO "times" VALUES ( 17740, 12780, '21:48:00', '21:49:00', 20 );
INSERT INTO "times" VALUES ( 17740, 12800, '21:52:00', '21:52:00', 20 );
INSERT INTO "times" VALUES ( 17740, 12840, '21:55:00', '21:55:00', 20 );
INSERT INTO "times" VALUES ( 17740, 12870, '21:59:00', '21:59:00', 20 );
INSERT INTO "times" VALUES ( 17740, 12880, '22:00:00', '22:00:00', 20 );
INSERT INTO "times" VALUES ( 17740, 12890, '22:02:00', '22:02:00', 20 );
INSERT INTO "times" VALUES ( 17740, 12900, '22:04:00', '22:04:00', 20 );
INSERT INTO "times" VALUES ( 17740, 13510, '22:06:00', '22:06:00', 30 );
INSERT INTO "times" VALUES ( 17740, 13520, '22:09:00', NULL, NULL );

INSERT INTO "dias" VALUES ( 17741, 140, FALSE, TRUE, 'F2102Z', 12510, 13520 );
INSERT INTO "dias_line_groups" VALUES ( 17741, 10 );
INSERT INTO "times" VALUES ( 17741, 12510, NULL, '21:24:00', 20 );
INSERT INTO "times" VALUES ( 17741, 12520, '21:26:00', '21:26:00', 20 );
INSERT INTO "times" VALUES ( 17741, 12530, '21:28:00', '21:28:00', 20 );
INSERT INTO "times" VALUES ( 17741, 12540, '21:31:00', '21:31:00', 20 );
INSERT INTO "times" VALUES ( 17741, 12610, '21:36:00', '21:36:00', 20 );
INSERT INTO "times" VALUES ( 17741, 12670, '21:42:00', '21:42:00', 20 );
INSERT INTO "times" VALUES ( 17741, 12680, '21:45:00', '21:45:00', 20 );
INSERT INTO "times" VALUES ( 17741, 12700, '21:48:00', '21:48:00', 20 );
INSERT INTO "times" VALUES ( 17741, 12710, '21:51:00', '21:51:00', 20 );
INSERT INTO "times" VALUES ( 17741, 12740, '21:56:00', '21:56:00', 20 );
INSERT INTO "times" VALUES ( 17741, 12760, '22:01:00', '22:01:00', 20 );
INSERT INTO "times" VALUES ( 17741, 12780, '22:09:00', '22:09:00', 20 );
INSERT INTO "times" VALUES ( 17741, 12800, '22:11:00', '22:11:00', 20 );
INSERT INTO "times" VALUES ( 17741, 12840, '22:15:00', '22:15:00', 20 );
INSERT INTO "times" VALUES ( 17741, 12870, '22:18:00', '22:18:00', 20 );
INSERT INTO "times" VALUES ( 17741, 12880, '22:20:00', '22:20:00', 20 );
INSERT INTO "times" VALUES ( 17741, 12890, '22:22:00', '22:22:00', 20 );
INSERT INTO "times" VALUES ( 17741, 12900, '22:24:00', '22:24:00', 20 );
INSERT INTO "times" VALUES ( 17741, 13510, '22:26:00', '22:26:00', 30 );
INSERT INTO "times" VALUES ( 17741, 13520, '22:29:00', NULL, NULL );

INSERT INTO "dias" VALUES ( 17742, 140, FALSE, TRUE, 'F2104Z', 12510, 13520 );
INSERT INTO "dias_line_groups" VALUES ( 17742, 10 );
INSERT INTO "times" VALUES ( 17742, 12510, NULL, '21:44:00', 20 );
INSERT INTO "times" VALUES ( 17742, 12520, '21:46:00', '21:46:00', 20 );
INSERT INTO "times" VALUES ( 17742, 12530, '21:48:00', '21:48:00', 20 );
INSERT INTO "times" VALUES ( 17742, 12540, '21:51:00', '21:51:00', 20 );
INSERT INTO "times" VALUES ( 17742, 12610, '21:56:00', '21:56:00', 20 );
INSERT INTO "times" VALUES ( 17742, 12670, '22:02:00', '22:02:00', 20 );
INSERT INTO "times" VALUES ( 17742, 12680, '22:05:00', '22:05:00', 20 );
INSERT INTO "times" VALUES ( 17742, 12700, '22:08:00', '22:08:00', 20 );
INSERT INTO "times" VALUES ( 17742, 12710, '22:11:00', '22:11:00', 20 );
INSERT INTO "times" VALUES ( 17742, 12740, '22:16:00', '22:16:00', 20 );
INSERT INTO "times" VALUES ( 17742, 12760, '22:21:00', '22:21:00', 20 );
INSERT INTO "times" VALUES ( 17742, 12780, '22:29:00', '22:29:00', 20 );
INSERT INTO "times" VALUES ( 17742, 12800, '22:31:00', '22:31:00', 20 );
INSERT INTO "times" VALUES ( 17742, 12840, '22:35:00', '22:35:00', 20 );
INSERT INTO "times" VALUES ( 17742, 12870, '22:38:00', '22:38:00', 20 );
INSERT INTO "times" VALUES ( 17742, 12880, '22:40:00', '22:40:00', 20 );
INSERT INTO "times" VALUES ( 17742, 12890, '22:42:00', '22:42:00', 20 );
INSERT INTO "times" VALUES ( 17742, 12900, '22:44:00', '22:44:00', 20 );
INSERT INTO "times" VALUES ( 17742, 13510, '22:46:00', '22:46:00', 30 );
INSERT INTO "times" VALUES ( 17742, 13520, '22:48:00', NULL, NULL );

INSERT INTO "dias" VALUES ( 17743, 140, FALSE, TRUE, 'F2200R', 12510, 12740 );
INSERT INTO "dias_line_groups" VALUES ( 17743, 10 );
INSERT INTO "times" VALUES ( 17743, 12510, NULL, '22:03:00', 20 );
INSERT INTO "times" VALUES ( 17743, 12520, '22:04:00', '22:04:00', 20 );
INSERT INTO "times" VALUES ( 17743, 12530, '22:06:00', '22:06:00', 20 );
INSERT INTO "times" VALUES ( 17743, 12540, '22:10:00', '22:10:00', 20 );
INSERT INTO "times" VALUES ( 17743, 12610, '22:15:00', '22:15:00', 20 );
INSERT INTO "times" VALUES ( 17743, 12670, '22:21:00', '22:21:00', 20 );
INSERT INTO "times" VALUES ( 17743, 12680, '22:24:00', '22:24:00', 20 );
INSERT INTO "times" VALUES ( 17743, 12700, '22:27:00', '22:27:00', 20 );
INSERT INTO "times" VALUES ( 17743, 12710, '22:29:00', '22:29:00', 20 );
INSERT INTO "times" VALUES ( 17743, 12740, '22:35:00', NULL, NULL );

INSERT INTO "dias" VALUES ( 17744, 140, FALSE, TRUE, 'F2202R', 12510, 12740 );
INSERT INTO "dias_line_groups" VALUES ( 17744, 10 );
INSERT INTO "times" VALUES ( 17744, 12510, NULL, '22:23:00', 20 );
INSERT INTO "times" VALUES ( 17744, 12520, '22:24:00', '22:24:00', 20 );
INSERT INTO "times" VALUES ( 17744, 12530, '22:26:00', '22:26:00', 20 );
INSERT INTO "times" VALUES ( 17744, 12540, '22:30:00', '22:30:00', 20 );
INSERT INTO "times" VALUES ( 17744, 12610, '22:35:00', '22:35:00', 20 );
INSERT INTO "times" VALUES ( 17744, 12670, '22:41:00', '22:41:00', 20 );
INSERT INTO "times" VALUES ( 17744, 12680, '22:44:00', '22:44:00', 20 );
INSERT INTO "times" VALUES ( 17744, 12700, '22:47:00', '22:47:00', 20 );
INSERT INTO "times" VALUES ( 17744, 12710, '22:50:00', '22:50:00', 20 );
INSERT INTO "times" VALUES ( 17744, 12740, '22:55:00', NULL, NULL );

INSERT INTO "dias" VALUES ( 17745, 140, FALSE, TRUE, 'F2301A', 13520, 12510 );
INSERT INTO "dias_line_groups" VALUES ( 17745, 10 );
INSERT INTO "times" VALUES ( 17745, 12510, '00:03:00', NULL, NULL );
INSERT INTO "times" VALUES ( 17745, 12520, '00:01:00', '00:01:00', 20 );
INSERT INTO "times" VALUES ( 17745, 12530, '00:00:00', '00:00:00', 20 );
INSERT INTO "times" VALUES ( 17745, 12540, '23:57:00', '23:57:00', 20 );
INSERT INTO "times" VALUES ( 17745, 12610, '23:52:00', '23:52:00', 20 );
INSERT INTO "times" VALUES ( 17745, 12670, '23:46:00', '23:46:00', 20 );
INSERT INTO "times" VALUES ( 17745, 12680, '23:43:00', '23:43:00', 20 );
INSERT INTO "times" VALUES ( 17745, 12700, '23:39:00', '23:39:00', 20 );
INSERT INTO "times" VALUES ( 17745, 12710, '23:37:00', '23:37:00', 20 );
INSERT INTO "times" VALUES ( 17745, 12740, '23:32:00', '23:32:00', 20 );
INSERT INTO "times" VALUES ( 17745, 12760, '23:27:00', '23:27:00', 20 );
INSERT INTO "times" VALUES ( 17745, 12780, '23:20:00', '23:20:00', 20 );
INSERT INTO "times" VALUES ( 17745, 12800, '23:17:00', '23:17:00', 20 );
INSERT INTO "times" VALUES ( 17745, 12840, '23:13:00', '23:13:00', 20 );
INSERT INTO "times" VALUES ( 17745, 12870, '23:09:00', '23:09:00', 20 );
INSERT INTO "times" VALUES ( 17745, 12880, '23:08:00', '23:08:00', 20 );
INSERT INTO "times" VALUES ( 17745, 12890, '23:06:00', '23:06:00', 20 );
INSERT INTO "times" VALUES ( 17745, 12900, '23:04:00', '23:04:00', 20 );
INSERT INTO "times" VALUES ( 17745, 13510, '23:02:00', '23:02:00', 30 );
INSERT INTO "times" VALUES ( 17745, 13520, NULL, '23:00:00', 30 );

INSERT INTO "dias" VALUES ( 17746, 140, FALSE, TRUE, 'F2303A', 13520, 12510 );
INSERT INTO "dias_line_groups" VALUES ( 17746, 10 );
INSERT INTO "times" VALUES ( 17746, 12510, '00:29:00', NULL, NULL );
INSERT INTO "times" VALUES ( 17746, 12520, '00:27:00', '00:27:00', 20 );
INSERT INTO "times" VALUES ( 17746, 12530, '00:25:00', '00:25:00', 20 );
INSERT INTO "times" VALUES ( 17746, 12540, '00:22:00', '00:22:00', 20 );
INSERT INTO "times" VALUES ( 17746, 12610, '00:17:00', '00:17:00', 20 );
INSERT INTO "times" VALUES ( 17746, 12670, '00:11:00', '00:11:00', 20 );
INSERT INTO "times" VALUES ( 17746, 12680, '00:08:00', '00:08:00', 20 );
INSERT INTO "times" VALUES ( 17746, 12700, '00:04:00', '00:04:00', 20 );
INSERT INTO "times" VALUES ( 17746, 12710, '00:03:00', '00:03:00', 20 );
INSERT INTO "times" VALUES ( 17746, 12740, '23:57:00', '23:57:00', 20 );
INSERT INTO "times" VALUES ( 17746, 12760, '23:52:00', '23:52:00', 20 );
INSERT INTO "times" VALUES ( 17746, 12780, '23:45:00', '23:45:00', 20 );
INSERT INTO "times" VALUES ( 17746, 12800, '23:42:00', '23:42:00', 20 );
INSERT INTO "times" VALUES ( 17746, 12840, '23:38:00', '23:38:00', 20 );
INSERT INTO "times" VALUES ( 17746, 12870, '23:35:00', '23:35:00', 20 );
INSERT INTO "times" VALUES ( 17746, 12880, '23:33:00', '23:33:00', 20 );
INSERT INTO "times" VALUES ( 17746, 12890, '23:31:00', '23:31:00', 20 );
INSERT INTO "times" VALUES ( 17746, 12900, '23:29:00', '23:30:00', 20 );
INSERT INTO "times" VALUES ( 17746, 13510, '23:27:00', '23:27:00', 30 );
INSERT INTO "times" VALUES ( 17746, 13520, NULL, '23:25:00', 30 );

INSERT INTO "dias" VALUES ( 17747, 140, FALSE, TRUE, 'G0500Z', 12770, 13520 );
INSERT INTO "dias_line_groups" VALUES ( 17747, 10 );
INSERT INTO "times" VALUES ( 17747, 12770, NULL, '05:50:00', 20 );
INSERT INTO "times" VALUES ( 17747, 12780, '05:55:00', '05:55:00', 20 );
INSERT INTO "times" VALUES ( 17747, 12800, '05:57:00', '05:57:00', 20 );
INSERT INTO "times" VALUES ( 17747, 12840, '06:01:00', '06:01:00', 20 );
INSERT INTO "times" VALUES ( 17747, 12870, '06:04:00', '06:04:00', 20 );
INSERT INTO "times" VALUES ( 17747, 12880, '06:06:00', '06:06:00', 20 );
INSERT INTO "times" VALUES ( 17747, 12890, '06:08:00', '06:08:00', 20 );
INSERT INTO "times" VALUES ( 17747, 12900, '06:10:00', '06:10:00', 20 );
INSERT INTO "times" VALUES ( 17747, 13510, '06:11:00', '06:11:00', 30 );
INSERT INTO "times" VALUES ( 17747, 13520, '06:14:00', NULL, NULL );

INSERT INTO "dias" VALUES ( 17748, 140, FALSE, TRUE, 'G1500Z', 12770, 13520 );
INSERT INTO "dias_line_groups" VALUES ( 17748, 10 );
INSERT INTO "times" VALUES ( 17748, 12770, NULL, '15:59:00', 20 );
INSERT INTO "times" VALUES ( 17748, 12780, '16:04:00', '16:04:00', 20 );
INSERT INTO "times" VALUES ( 17748, 12800, '16:06:00', '16:08:00', 20 );
INSERT INTO "times" VALUES ( 17748, 12840, '16:12:00', '16:12:00', 20 );
INSERT INTO "times" VALUES ( 17748, 12870, '16:16:00', '16:16:00', 20 );
INSERT INTO "times" VALUES ( 17748, 12880, '16:18:00', '16:18:00', 20 );
INSERT INTO "times" VALUES ( 17748, 12890, '16:20:00', '16:20:00', 20 );
INSERT INTO "times" VALUES ( 17748, 12900, '16:21:00', '16:25:00', 20 );
INSERT INTO "times" VALUES ( 17748, 13510, '16:27:00', '16:27:00', 30 );
INSERT INTO "times" VALUES ( 17748, 13520, '16:30:00', NULL, NULL );

INSERT INTO "dias" VALUES ( 17749, 140, FALSE, TRUE, 'G1600Z', 12770, 13520 );
INSERT INTO "dias_line_groups" VALUES ( 17749, 10 );
INSERT INTO "times" VALUES ( 17749, 12770, NULL, '16:39:00', 20 );
INSERT INTO "times" VALUES ( 17749, 12780, '16:44:00', '16:44:00', 20 );
INSERT INTO "times" VALUES ( 17749, 12800, '16:46:00', '16:48:00', 20 );
INSERT INTO "times" VALUES ( 17749, 12840, '16:52:00', '16:52:00', 20 );
INSERT INTO "times" VALUES ( 17749, 12870, '16:56:00', '16:56:00', 20 );
INSERT INTO "times" VALUES ( 17749, 12880, '16:58:00', '16:58:00', 20 );
INSERT INTO "times" VALUES ( 17749, 12890, '17:00:00', '17:00:00', 20 );
INSERT INTO "times" VALUES ( 17749, 12900, '17:01:00', '17:06:00', 20 );
INSERT INTO "times" VALUES ( 17749, 13510, '17:08:00', '17:08:00', 30 );
INSERT INTO "times" VALUES ( 17749, 13520, '17:11:00', NULL, NULL );

INSERT INTO "dias" VALUES ( 17750, 140, FALSE, TRUE, 'G1601A', 12770, 12510 );
INSERT INTO "dias_line_groups" VALUES ( 17750, 10 );
INSERT INTO "times" VALUES ( 17750, 12510, '16:49:00', NULL, NULL );
INSERT INTO "times" VALUES ( 17750, 12520, '16:48:00', '16:48:00', 20 );
INSERT INTO "times" VALUES ( 17750, 12530, '16:46:00', '16:46:00', 20 );
INSERT INTO "times" VALUES ( 17750, 12540, '16:43:00', '16:43:00', 20 );
INSERT INTO "times" VALUES ( 17750, 12610, '16:38:00', '16:38:00', 20 );
INSERT INTO "times" VALUES ( 17750, 12670, '16:32:00', '16:32:00', 20 );
INSERT INTO "times" VALUES ( 17750, 12680, '16:29:00', '16:29:00', 20 );
INSERT INTO "times" VALUES ( 17750, 12700, '16:25:00', '16:25:00', 20 );
INSERT INTO "times" VALUES ( 17750, 12710, '16:23:00', '16:23:00', 20 );
INSERT INTO "times" VALUES ( 17750, 12740, '16:17:00', '16:17:00', 20 );
INSERT INTO "times" VALUES ( 17750, 12760, '16:13:00', '16:13:00', 20 );
INSERT INTO "times" VALUES ( 17750, 12770, NULL, '16:09:00', 20 );

INSERT INTO "dias" VALUES ( 17751, 140, FALSE, TRUE, 'G1603A', 12770, 12510 );
INSERT INTO "dias_line_groups" VALUES ( 17751, 10 );
INSERT INTO "times" VALUES ( 17751, 12510, '17:36:00', NULL, NULL );
INSERT INTO "times" VALUES ( 17751, 12520, '17:34:00', '17:34:00', 20 );
INSERT INTO "times" VALUES ( 17751, 12530, '17:32:00', '17:32:00', 20 );
INSERT INTO "times" VALUES ( 17751, 12540, '17:30:00', '17:30:00', 20 );
INSERT INTO "times" VALUES ( 17751, 12610, '17:25:00', '17:25:00', 20 );
INSERT INTO "times" VALUES ( 17751, 12670, '17:18:00', '17:18:00', 20 );
INSERT INTO "times" VALUES ( 17751, 12680, '17:11:00', '17:15:00', 20 );
INSERT INTO "times" VALUES ( 17751, 12700, '17:07:00', '17:07:00', 20 );
INSERT INTO "times" VALUES ( 17751, 12710, '17:04:00', '17:05:00', 20 );
INSERT INTO "times" VALUES ( 17751, 12740, '16:56:00', '16:58:00', 20 );
INSERT INTO "times" VALUES ( 17751, 12760, '16:52:00', '16:52:00', 20 );
INSERT INTO "times" VALUES ( 17751, 12770, NULL, '16:47:00', 20 );

INSERT INTO "dias" VALUES ( 17752, 140, FALSE, TRUE, 'G1700Z', 12770, 13520 );
INSERT INTO "dias_line_groups" VALUES ( 17752, 10 );
INSERT INTO "times" VALUES ( 17752, 12770, NULL, '17:09:00', 20 );
INSERT INTO "times" VALUES ( 17752, 12780, '17:14:00', '17:14:00', 20 );
INSERT INTO "times" VALUES ( 17752, 12800, '17:16:00', '17:18:00', 20 );
INSERT INTO "times" VALUES ( 17752, 12840, '17:22:00', '17:22:00', 20 );
INSERT INTO "times" VALUES ( 17752, 12870, '17:26:00', '17:26:00', 20 );
INSERT INTO "times" VALUES ( 17752, 12880, '17:28:00', '17:28:00', 20 );
INSERT INTO "times" VALUES ( 17752, 12890, '17:30:00', '17:30:00', 20 );
INSERT INTO "times" VALUES ( 17752, 12900, '17:31:00', '17:36:00', 20 );
INSERT INTO "times" VALUES ( 17752, 13510, '17:38:00', '17:38:00', 30 );
INSERT INTO "times" VALUES ( 17752, 13520, '17:41:00', NULL, NULL );

INSERT INTO "dias" VALUES ( 17753, 140, FALSE, TRUE, 'G1701A', 12770, 12510 );
INSERT INTO "dias_line_groups" VALUES ( 17753, 10 );
INSERT INTO "times" VALUES ( 17753, 12510, '17:50:00', NULL, NULL );
INSERT INTO "times" VALUES ( 17753, 12520, '17:48:00', '17:48:00', 20 );
INSERT INTO "times" VALUES ( 17753, 12530, '17:46:00', '17:46:00', 20 );
INSERT INTO "times" VALUES ( 17753, 12540, '17:43:00', '17:43:00', 20 );
INSERT INTO "times" VALUES ( 17753, 12610, '17:38:00', '17:38:00', 20 );
INSERT INTO "times" VALUES ( 17753, 12670, '17:31:00', '17:31:00', 20 );
INSERT INTO "times" VALUES ( 17753, 12680, '17:29:00', '17:29:00', 20 );
INSERT INTO "times" VALUES ( 17753, 12700, '17:25:00', '17:25:00', 20 );
INSERT INTO "times" VALUES ( 17753, 12710, '17:23:00', '17:23:00', 20 );
INSERT INTO "times" VALUES ( 17753, 12740, '17:17:00', '17:17:00', 20 );
INSERT INTO "times" VALUES ( 17753, 12760, '17:13:00', '17:13:00', 20 );
INSERT INTO "times" VALUES ( 17753, 12770, NULL, '17:09:00', 20 );

INSERT INTO "dias" VALUES ( 17754, 140, FALSE, TRUE, 'G2201Y', 13520, 12770 );
INSERT INTO "dias_line_groups" VALUES ( 17754, 10 );
INSERT INTO "times" VALUES ( 17754, 12770, '23:09:00', NULL, NULL );
INSERT INTO "times" VALUES ( 17754, 12780, '23:04:00', '23:04:00', 20 );
INSERT INTO "times" VALUES ( 17754, 12800, '23:00:00', '23:01:00', 20 );
INSERT INTO "times" VALUES ( 17754, 12840, '22:56:00', '22:56:00', 20 );
INSERT INTO "times" VALUES ( 17754, 12870, '22:53:00', '22:53:00', 20 );
INSERT INTO "times" VALUES ( 17754, 12880, '22:51:00', '22:51:00', 20 );
INSERT INTO "times" VALUES ( 17754, 12890, '22:49:00', '22:49:00', 20 );
INSERT INTO "times" VALUES ( 17754, 12900, '22:48:00', '22:48:00', 20 );
INSERT INTO "times" VALUES ( 17754, 13510, '22:45:00', '22:45:00', 30 );
INSERT INTO "times" VALUES ( 17754, 13520, NULL, '22:43:00', 30 );

INSERT INTO "dias" VALUES ( 17755, 140, FALSE, TRUE, 'G2301Y', 13520, 12770 );
INSERT INTO "dias_line_groups" VALUES ( 17755, 10 );
INSERT INTO "times" VALUES ( 17755, 12770, '00:06:00', NULL, NULL );
INSERT INTO "times" VALUES ( 17755, 12780, '00:01:00', '00:01:00', 20 );
INSERT INTO "times" VALUES ( 17755, 12800, '23:59:00', '23:59:00', 20 );
INSERT INTO "times" VALUES ( 17755, 12840, '23:54:00', '23:54:00', 20 );
INSERT INTO "times" VALUES ( 17755, 12870, '23:51:00', '23:51:00', 20 );
INSERT INTO "times" VALUES ( 17755, 12880, '23:49:00', '23:49:00', 20 );
INSERT INTO "times" VALUES ( 17755, 12890, '23:47:00', '23:47:00', 20 );
INSERT INTO "times" VALUES ( 17755, 12900, '23:46:00', '23:46:00', 20 );
INSERT INTO "times" VALUES ( 17755, 13510, '23:43:00', '23:43:00', 30 );
INSERT INTO "times" VALUES ( 17755, 13520, NULL, '23:41:00', 30 );

INSERT INTO "dias" VALUES ( 17756, 120, FALSE, TRUE, 'K0501A', 13520, 12510 );
INSERT INTO "dias_line_groups" VALUES ( 17756, 10 );
INSERT INTO "times" VALUES ( 17756, 12510, '06:15:00', NULL, NULL );
INSERT INTO "times" VALUES ( 17756, 12520, '06:13:00', '06:13:00', 20 );
INSERT INTO "times" VALUES ( 17756, 12530, '06:12:00', '06:12:00', 20 );
INSERT INTO "times" VALUES ( 17756, 12540, '06:09:00', '06:09:00', 20 );
INSERT INTO "times" VALUES ( 17756, 12610, '06:04:00', '06:04:00', 20 );
INSERT INTO "times" VALUES ( 17756, 12660, '06:00:00', '06:00:00', 20 );
INSERT INTO "times" VALUES ( 17756, 12670, '05:56:00', '05:56:00', 20 );
INSERT INTO "times" VALUES ( 17756, 12680, '05:54:00', '05:54:00', 20 );
INSERT INTO "times" VALUES ( 17756, 12690, '05:51:00', '05:51:00', 20 );
INSERT INTO "times" VALUES ( 17756, 12700, '05:49:00', '05:49:00', 20 );
INSERT INTO "times" VALUES ( 17756, 12710, '05:47:00', '05:47:00', 20 );
INSERT INTO "times" VALUES ( 17756, 12720, '05:44:00', '05:44:00', 20 );
INSERT INTO "times" VALUES ( 17756, 12730, '05:42:00', '05:42:00', 20 );
INSERT INTO "times" VALUES ( 17756, 12740, '05:39:00', '05:39:00', 20 );
INSERT INTO "times" VALUES ( 17756, 12750, '05:36:00', '05:36:00', 20 );
INSERT INTO "times" VALUES ( 17756, 12760, '05:34:00', '05:34:00', 20 );
INSERT INTO "times" VALUES ( 17756, 12770, '05:30:00', '05:30:00', 20 );
INSERT INTO "times" VALUES ( 17756, 12780, '05:25:00', '05:25:00', 20 );
INSERT INTO "times" VALUES ( 17756, 12790, '05:23:00', '05:23:00', 20 );
INSERT INTO "times" VALUES ( 17756, 12800, '05:22:00', '05:22:00', 20 );
INSERT INTO "times" VALUES ( 17756, 12810, '05:19:00', '05:19:00', 20 );
INSERT INTO "times" VALUES ( 17756, 12820, '05:17:00', '05:17:00', 20 );
INSERT INTO "times" VALUES ( 17756, 12830, '05:16:00', '05:16:00', 20 );
INSERT INTO "times" VALUES ( 17756, 12840, '05:14:00', '05:14:00', 20 );
INSERT INTO "times" VALUES ( 17756, 12850, '05:12:00', '05:12:00', 20 );
INSERT INTO "times" VALUES ( 17756, 12860, '05:11:00', '05:11:00', 20 );
INSERT INTO "times" VALUES ( 17756, 12870, '05:09:00', '05:09:00', 20 );
INSERT INTO "times" VALUES ( 17756, 12880, '05:07:00', '05:07:00', 20 );
INSERT INTO "times" VALUES ( 17756, 12890, '05:05:00', '05:05:00', 20 );
INSERT INTO "times" VALUES ( 17756, 12900, '05:04:00', '05:04:00', 20 );
INSERT INTO "times" VALUES ( 17756, 13510, '05:02:00', '05:02:00', 30 );
INSERT INTO "times" VALUES ( 17756, 13520, NULL, '05:00:00', 30 );

INSERT INTO "dias" VALUES ( 17757, 120, FALSE, TRUE, 'K0503A', 12900, 12510 );
INSERT INTO "dias_line_groups" VALUES ( 17757, 10 );
INSERT INTO "times" VALUES ( 17757, 12510, '07:14:00', NULL, NULL );
INSERT INTO "times" VALUES ( 17757, 12520, '07:11:00', '07:11:00', 20 );
INSERT INTO "times" VALUES ( 17757, 12530, '07:10:00', '07:10:00', 20 );
INSERT INTO "times" VALUES ( 17757, 12540, '07:07:00', '07:07:00', 20 );
INSERT INTO "times" VALUES ( 17757, 12610, '07:02:00', '07:02:00', 20 );
INSERT INTO "times" VALUES ( 17757, 12660, '06:57:00', '06:57:00', 20 );
INSERT INTO "times" VALUES ( 17757, 12670, '06:54:00', '06:54:00', 20 );
INSERT INTO "times" VALUES ( 17757, 12680, '06:51:00', '06:51:00', 20 );
INSERT INTO "times" VALUES ( 17757, 12690, '06:48:00', '06:48:00', 20 );
INSERT INTO "times" VALUES ( 17757, 12700, '06:46:00', '06:46:00', 20 );
INSERT INTO "times" VALUES ( 17757, 12710, '06:40:00', '06:44:00', 20 );
INSERT INTO "times" VALUES ( 17757, 12720, '06:38:00', '06:38:00', 20 );
INSERT INTO "times" VALUES ( 17757, 12730, '06:35:00', '06:35:00', 20 );
INSERT INTO "times" VALUES ( 17757, 12740, '06:33:00', '06:33:00', 20 );
INSERT INTO "times" VALUES ( 17757, 12750, '06:30:00', '06:30:00', 20 );
INSERT INTO "times" VALUES ( 17757, 12760, '06:28:00', '06:28:00', 20 );
INSERT INTO "times" VALUES ( 17757, 12770, '06:24:00', '06:24:00', 20 );
INSERT INTO "times" VALUES ( 17757, 12780, '06:19:00', '06:19:00', 20 );
INSERT INTO "times" VALUES ( 17757, 12790, '06:17:00', '06:17:00', 20 );
INSERT INTO "times" VALUES ( 17757, 12800, '06:16:00', '06:16:00', 20 );
INSERT INTO "times" VALUES ( 17757, 12810, '06:13:00', '06:13:00', 20 );
INSERT INTO "times" VALUES ( 17757, 12820, '06:12:00', '06:12:00', 20 );
INSERT INTO "times" VALUES ( 17757, 12830, '06:10:00', '06:10:00', 20 );
INSERT INTO "times" VALUES ( 17757, 12840, '06:08:00', '06:08:00', 20 );
INSERT INTO "times" VALUES ( 17757, 12850, '06:07:00', '06:07:00', 20 );
INSERT INTO "times" VALUES ( 17757, 12860, '06:05:00', '06:05:00', 20 );
INSERT INTO "times" VALUES ( 17757, 12870, '06:03:00', '06:03:00', 20 );
INSERT INTO "times" VALUES ( 17757, 12880, '06:02:00', '06:02:00', 20 );
INSERT INTO "times" VALUES ( 17757, 12890, '06:00:00', '06:00:00', 20 );
INSERT INTO "times" VALUES ( 17757, 12900, NULL, '05:58:00', 20 );

INSERT INTO "dias" VALUES ( 17758, 120, FALSE, TRUE, 'K0600Z', 12510, 13520 );
INSERT INTO "dias_line_groups" VALUES ( 17758, 10 );
INSERT INTO "times" VALUES ( 17758, 12510, NULL, '06:30:00', 20 );
INSERT INTO "times" VALUES ( 17758, 12520, '06:31:00', '06:31:00', 20 );
INSERT INTO "times" VALUES ( 17758, 12530, '06:33:00', '06:33:00', 20 );
INSERT INTO "times" VALUES ( 17758, 12540, '06:36:00', '06:37:00', 20 );
INSERT INTO "times" VALUES ( 17758, 12610, '06:42:00', '06:42:00', 20 );
INSERT INTO "times" VALUES ( 17758, 12660, '06:46:00', '06:46:00', 20 );
INSERT INTO "times" VALUES ( 17758, 12670, '06:49:00', '06:49:00', 20 );
INSERT INTO "times" VALUES ( 17758, 12680, '06:52:00', '06:52:00', 20 );
INSERT INTO "times" VALUES ( 17758, 12690, '06:54:00', '06:54:00', 20 );
INSERT INTO "times" VALUES ( 17758, 12700, '06:56:00', '06:56:00', 20 );
INSERT INTO "times" VALUES ( 17758, 12710, '06:58:00', '07:03:00', 20 );
INSERT INTO "times" VALUES ( 17758, 12720, '07:05:00', '07:05:00', 20 );
INSERT INTO "times" VALUES ( 17758, 12730, '07:07:00', '07:07:00', 20 );
INSERT INTO "times" VALUES ( 17758, 12740, '07:10:00', '07:10:00', 20 );
INSERT INTO "times" VALUES ( 17758, 12750, '07:13:00', '07:13:00', 20 );
INSERT INTO "times" VALUES ( 17758, 12760, '07:16:00', '07:16:00', 20 );
INSERT INTO "times" VALUES ( 17758, 12770, '07:20:00', '07:20:00', 20 );
INSERT INTO "times" VALUES ( 17758, 12780, '07:24:00', '07:24:00', 20 );
INSERT INTO "times" VALUES ( 17758, 12790, '07:25:00', '07:25:00', 20 );
INSERT INTO "times" VALUES ( 17758, 12800, '07:27:00', '07:31:00', 20 );
INSERT INTO "times" VALUES ( 17758, 12810, '07:33:00', '07:33:00', 20 );
INSERT INTO "times" VALUES ( 17758, 12820, '07:35:00', '07:35:00', 20 );
INSERT INTO "times" VALUES ( 17758, 12830, '07:37:00', '07:37:00', 20 );
INSERT INTO "times" VALUES ( 17758, 12840, '07:38:00', '07:38:00', 20 );
INSERT INTO "times" VALUES ( 17758, 12850, '07:39:00', '07:39:00', 20 );
INSERT INTO "times" VALUES ( 17758, 12860, '07:41:00', '07:41:00', 20 );
INSERT INTO "times" VALUES ( 17758, 12870, '07:43:00', '07:43:00', 20 );
INSERT INTO "times" VALUES ( 17758, 12880, '07:44:00', '07:44:00', 20 );
INSERT INTO "times" VALUES ( 17758, 12890, '07:46:00', '07:46:00', 20 );
INSERT INTO "times" VALUES ( 17758, 12900, '07:48:00', '07:53:00', 20 );
INSERT INTO "times" VALUES ( 17758, 13510, '07:55:00', '07:55:00', 30 );
INSERT INTO "times" VALUES ( 17758, 13520, '07:58:00', NULL, NULL );

INSERT INTO "dias" VALUES ( 17759, 120, FALSE, TRUE, 'K0601A', 13520, 12510 );
INSERT INTO "dias_line_groups" VALUES ( 17759, 10 );
INSERT INTO "times" VALUES ( 17759, 12510, '07:36:00', NULL, NULL );
INSERT INTO "times" VALUES ( 17759, 12520, '07:34:00', '07:34:00', 20 );
INSERT INTO "times" VALUES ( 17759, 12530, '07:32:00', '07:32:00', 20 );
INSERT INTO "times" VALUES ( 17759, 12540, '07:29:00', '07:29:00', 20 );
INSERT INTO "times" VALUES ( 17759, 12610, '07:24:00', '07:24:00', 20 );
INSERT INTO "times" VALUES ( 17759, 12660, '07:18:00', '07:19:00', 20 );
INSERT INTO "times" VALUES ( 17759, 12670, '07:15:00', '07:15:00', 20 );
INSERT INTO "times" VALUES ( 17759, 12680, '07:13:00', '07:13:00', 20 );
INSERT INTO "times" VALUES ( 17759, 12690, '07:10:00', '07:10:00', 20 );
INSERT INTO "times" VALUES ( 17759, 12700, '07:08:00', '07:08:00', 20 );
INSERT INTO "times" VALUES ( 17759, 12710, '07:06:00', '07:06:00', 20 );
INSERT INTO "times" VALUES ( 17759, 12720, '07:03:00', '07:03:00', 20 );
INSERT INTO "times" VALUES ( 17759, 12730, '07:01:00', '07:01:00', 20 );
INSERT INTO "times" VALUES ( 17759, 12740, '06:54:00', '06:58:00', 20 );
INSERT INTO "times" VALUES ( 17759, 12750, '06:50:00', '06:50:00', 20 );
INSERT INTO "times" VALUES ( 17759, 12760, '06:48:00', '06:48:00', 20 );
INSERT INTO "times" VALUES ( 17759, 12770, '06:44:00', '06:44:00', 20 );
INSERT INTO "times" VALUES ( 17759, 12780, '06:39:00', '06:39:00', 20 );
INSERT INTO "times" VALUES ( 17759, 12790, '06:37:00', '06:37:00', 20 );
INSERT INTO "times" VALUES ( 17759, 12800, '06:31:00', '06:35:00', 20 );
INSERT INTO "times" VALUES ( 17759, 12810, '06:29:00', '06:29:00', 20 );
INSERT INTO "times" VALUES ( 17759, 12820, '06:27:00', '06:27:00', 20 );
INSERT INTO "times" VALUES ( 17759, 12830, '06:26:00', '06:26:00', 20 );
INSERT INTO "times" VALUES ( 17759, 12840, '06:24:00', '06:24:00', 20 );
INSERT INTO "times" VALUES ( 17759, 12850, '06:23:00', '06:23:00', 20 );
INSERT INTO "times" VALUES ( 17759, 12860, '06:21:00', '06:21:00', 20 );
INSERT INTO "times" VALUES ( 17759, 12870, '06:19:00', '06:19:00', 20 );
INSERT INTO "times" VALUES ( 17759, 12880, '06:17:00', '06:17:00', 20 );
INSERT INTO "times" VALUES ( 17759, 12890, '06:16:00', '06:16:00', 20 );
INSERT INTO "times" VALUES ( 17759, 12900, '06:11:00', '06:14:00', 20 );
INSERT INTO "times" VALUES ( 17759, 13510, '06:08:00', '06:08:00', 30 );
INSERT INTO "times" VALUES ( 17759, 13520, NULL, '06:06:00', 30 );

INSERT INTO "dias" VALUES ( 17760, 120, FALSE, TRUE, 'K0602Z', 12510, 13520 );
INSERT INTO "dias_line_groups" VALUES ( 17760, 10 );
INSERT INTO "times" VALUES ( 17760, 12510, NULL, '06:51:00', 20 );
INSERT INTO "times" VALUES ( 17760, 12520, '06:53:00', '06:53:00', 20 );
INSERT INTO "times" VALUES ( 17760, 12530, '06:55:00', '06:55:00', 20 );
INSERT INTO "times" VALUES ( 17760, 12540, '06:58:00', '06:58:00', 20 );
INSERT INTO "times" VALUES ( 17760, 12610, '07:03:00', '07:03:00', 20 );
INSERT INTO "times" VALUES ( 17760, 12660, '07:07:00', '07:07:00', 20 );
INSERT INTO "times" VALUES ( 17760, 12670, '07:10:00', '07:10:00', 20 );
INSERT INTO "times" VALUES ( 17760, 12680, '07:13:00', '07:13:00', 20 );
INSERT INTO "times" VALUES ( 17760, 12690, '07:15:00', '07:15:00', 20 );
INSERT INTO "times" VALUES ( 17760, 12700, '07:17:00', '07:17:00', 20 );
INSERT INTO "times" VALUES ( 17760, 12710, '07:19:00', '07:23:00', 20 );
INSERT INTO "times" VALUES ( 17760, 12720, '07:25:00', '07:25:00', 20 );
INSERT INTO "times" VALUES ( 17760, 12730, '07:27:00', '07:27:00', 20 );
INSERT INTO "times" VALUES ( 17760, 12740, '07:31:00', '07:31:00', 20 );
INSERT INTO "times" VALUES ( 17760, 12750, '07:33:00', '07:33:00', 20 );
INSERT INTO "times" VALUES ( 17760, 12760, '07:36:00', '07:36:00', 20 );
INSERT INTO "times" VALUES ( 17760, 12770, '07:40:00', '07:40:00', 20 );
INSERT INTO "times" VALUES ( 17760, 12780, '07:45:00', '07:45:00', 20 );
INSERT INTO "times" VALUES ( 17760, 12790, '07:46:00', '07:46:00', 20 );
INSERT INTO "times" VALUES ( 17760, 12800, '07:48:00', '07:51:00', 20 );
INSERT INTO "times" VALUES ( 17760, 12810, '07:53:00', '07:53:00', 20 );
INSERT INTO "times" VALUES ( 17760, 12820, '07:55:00', '07:55:00', 20 );
INSERT INTO "times" VALUES ( 17760, 12830, '07:57:00', '07:57:00', 20 );
INSERT INTO "times" VALUES ( 17760, 12840, '07:58:00', '07:58:00', 20 );
INSERT INTO "times" VALUES ( 17760, 12850, '07:59:00', '07:59:00', 20 );
INSERT INTO "times" VALUES ( 17760, 12860, '08:01:00', '08:01:00', 20 );
INSERT INTO "times" VALUES ( 17760, 12870, '08:03:00', '08:03:00', 20 );
INSERT INTO "times" VALUES ( 17760, 12880, '08:04:00', '08:04:00', 20 );
INSERT INTO "times" VALUES ( 17760, 12890, '08:06:00', '08:06:00', 20 );
INSERT INTO "times" VALUES ( 17760, 12900, '08:08:00', '08:12:00', 20 );
INSERT INTO "times" VALUES ( 17760, 13510, '08:14:00', '08:14:00', 30 );
INSERT INTO "times" VALUES ( 17760, 13520, '08:17:00', NULL, NULL );

INSERT INTO "dias" VALUES ( 17761, 120, FALSE, TRUE, 'K0603A', 13520, 12510 );
INSERT INTO "dias_line_groups" VALUES ( 17761, 10 );
INSERT INTO "times" VALUES ( 17761, 12510, '07:56:00', NULL, NULL );
INSERT INTO "times" VALUES ( 17761, 12520, '07:54:00', '07:54:00', 20 );
INSERT INTO "times" VALUES ( 17761, 12530, '07:52:00', '07:52:00', 20 );
INSERT INTO "times" VALUES ( 17761, 12540, '07:48:00', '07:49:00', 20 );
INSERT INTO "times" VALUES ( 17761, 12610, '07:43:00', '07:43:00', 20 );
INSERT INTO "times" VALUES ( 17761, 12660, '07:39:00', '07:39:00', 20 );
INSERT INTO "times" VALUES ( 17761, 12670, '07:36:00', '07:36:00', 20 );
INSERT INTO "times" VALUES ( 17761, 12680, '07:33:00', '07:33:00', 20 );
INSERT INTO "times" VALUES ( 17761, 12690, '07:30:00', '07:30:00', 20 );
INSERT INTO "times" VALUES ( 17761, 12700, '07:28:00', '07:28:00', 20 );
INSERT INTO "times" VALUES ( 17761, 12710, '07:26:00', '07:26:00', 20 );
INSERT INTO "times" VALUES ( 17761, 12720, '07:23:00', '07:23:00', 20 );
INSERT INTO "times" VALUES ( 17761, 12730, '07:21:00', '07:21:00', 20 );
INSERT INTO "times" VALUES ( 17761, 12740, '07:14:00', '07:18:00', 20 );
INSERT INTO "times" VALUES ( 17761, 12750, '07:10:00', '07:10:00', 20 );
INSERT INTO "times" VALUES ( 17761, 12760, '07:08:00', '07:08:00', 20 );
INSERT INTO "times" VALUES ( 17761, 12770, '07:04:00', '07:04:00', 20 );
INSERT INTO "times" VALUES ( 17761, 12780, '06:58:00', '06:59:00', 20 );
INSERT INTO "times" VALUES ( 17761, 12790, '06:57:00', '06:57:00', 20 );
INSERT INTO "times" VALUES ( 17761, 12800, '06:51:00', '06:55:00', 20 );
INSERT INTO "times" VALUES ( 17761, 12810, '06:49:00', '06:49:00', 20 );
INSERT INTO "times" VALUES ( 17761, 12820, '06:47:00', '06:47:00', 20 );
INSERT INTO "times" VALUES ( 17761, 12830, '06:46:00', '06:46:00', 20 );
INSERT INTO "times" VALUES ( 17761, 12840, '06:44:00', '06:44:00', 20 );
INSERT INTO "times" VALUES ( 17761, 12850, '06:43:00', '06:43:00', 20 );
INSERT INTO "times" VALUES ( 17761, 12860, '06:41:00', '06:41:00', 20 );
INSERT INTO "times" VALUES ( 17761, 12870, '06:39:00', '06:39:00', 20 );
INSERT INTO "times" VALUES ( 17761, 12880, '06:37:00', '06:37:00', 20 );
INSERT INTO "times" VALUES ( 17761, 12890, '06:36:00', '06:36:00', 20 );
INSERT INTO "times" VALUES ( 17761, 12900, '06:31:00', '06:34:00', 20 );
INSERT INTO "times" VALUES ( 17761, 13510, '06:28:00', '06:28:00', 30 );
INSERT INTO "times" VALUES ( 17761, 13520, NULL, '06:26:00', 30 );

INSERT INTO "dias" VALUES ( 17762, 120, FALSE, TRUE, 'K0605A', 13520, 12510 );
INSERT INTO "dias_line_groups" VALUES ( 17762, 10 );
INSERT INTO "times" VALUES ( 17762, 12510, '08:17:00', NULL, NULL );
INSERT INTO "times" VALUES ( 17762, 12520, '08:15:00', '08:15:00', 20 );
INSERT INTO "times" VALUES ( 17762, 12530, '08:14:00', '08:14:00', 20 );
INSERT INTO "times" VALUES ( 17762, 12540, '08:11:00', '08:11:00', 20 );
INSERT INTO "times" VALUES ( 17762, 12610, '08:05:00', '08:05:00', 20 );
INSERT INTO "times" VALUES ( 17762, 12660, '08:01:00', '08:01:00', 20 );
INSERT INTO "times" VALUES ( 17762, 12670, '07:57:00', '07:57:00', 20 );
INSERT INTO "times" VALUES ( 17762, 12680, '07:54:00', '07:54:00', 20 );
INSERT INTO "times" VALUES ( 17762, 12690, '07:51:00', '07:51:00', 20 );
INSERT INTO "times" VALUES ( 17762, 12700, '07:49:00', '07:49:00', 20 );
INSERT INTO "times" VALUES ( 17762, 12710, '07:47:00', '07:47:00', 20 );
INSERT INTO "times" VALUES ( 17762, 12720, '07:44:00', '07:44:00', 20 );
INSERT INTO "times" VALUES ( 17762, 12730, '07:42:00', '07:42:00', 20 );
INSERT INTO "times" VALUES ( 17762, 12740, '07:34:00', '07:39:00', 20 );
INSERT INTO "times" VALUES ( 17762, 12750, '07:30:00', '07:30:00', 20 );
INSERT INTO "times" VALUES ( 17762, 12760, '07:28:00', '07:28:00', 20 );
INSERT INTO "times" VALUES ( 17762, 12770, '07:24:00', '07:24:00', 20 );
INSERT INTO "times" VALUES ( 17762, 12780, '07:19:00', '07:19:00', 20 );
INSERT INTO "times" VALUES ( 17762, 12790, '07:17:00', '07:17:00', 20 );
INSERT INTO "times" VALUES ( 17762, 12800, '07:11:00', '07:15:00', 20 );
INSERT INTO "times" VALUES ( 17762, 12810, '07:09:00', '07:09:00', 20 );
INSERT INTO "times" VALUES ( 17762, 12820, '07:07:00', '07:07:00', 20 );
INSERT INTO "times" VALUES ( 17762, 12830, '07:06:00', '07:06:00', 20 );
INSERT INTO "times" VALUES ( 17762, 12840, '07:04:00', '07:04:00', 20 );
INSERT INTO "times" VALUES ( 17762, 12850, '07:03:00', '07:03:00', 20 );
INSERT INTO "times" VALUES ( 17762, 12860, '07:01:00', '07:01:00', 20 );
INSERT INTO "times" VALUES ( 17762, 12870, '06:59:00', '06:59:00', 20 );
INSERT INTO "times" VALUES ( 17762, 12880, '06:57:00', '06:57:00', 20 );
INSERT INTO "times" VALUES ( 17762, 12890, '06:56:00', '06:56:00', 20 );
INSERT INTO "times" VALUES ( 17762, 12900, '06:51:00', '06:54:00', 20 );
INSERT INTO "times" VALUES ( 17762, 13510, '06:48:00', '06:48:00', 30 );
INSERT INTO "times" VALUES ( 17762, 13520, NULL, '06:46:00', 30 );

INSERT INTO "dias" VALUES ( 17763, 120, FALSE, TRUE, 'K0700Z', 12510, 13520 );
INSERT INTO "dias_line_groups" VALUES ( 17763, 10 );
INSERT INTO "times" VALUES ( 17763, 12510, NULL, '07:11:00', 20 );
INSERT INTO "times" VALUES ( 17763, 12520, '07:13:00', '07:13:00', 20 );
INSERT INTO "times" VALUES ( 17763, 12530, '07:15:00', '07:15:00', 20 );
INSERT INTO "times" VALUES ( 17763, 12540, '07:18:00', '07:18:00', 20 );
INSERT INTO "times" VALUES ( 17763, 12610, '07:23:00', '07:23:00', 20 );
INSERT INTO "times" VALUES ( 17763, 12660, '07:27:00', '07:27:00', 20 );
INSERT INTO "times" VALUES ( 17763, 12670, '07:30:00', '07:30:00', 20 );
INSERT INTO "times" VALUES ( 17763, 12680, '07:33:00', '07:33:00', 20 );
INSERT INTO "times" VALUES ( 17763, 12690, '07:35:00', '07:35:00', 20 );
INSERT INTO "times" VALUES ( 17763, 12700, '07:37:00', '07:37:00', 20 );
INSERT INTO "times" VALUES ( 17763, 12710, '07:39:00', '07:43:00', 20 );
INSERT INTO "times" VALUES ( 17763, 12720, '07:45:00', '07:45:00', 20 );
INSERT INTO "times" VALUES ( 17763, 12730, '07:47:00', '07:47:00', 20 );
INSERT INTO "times" VALUES ( 17763, 12740, '07:51:00', '07:51:00', 20 );
INSERT INTO "times" VALUES ( 17763, 12750, '07:53:00', '07:53:00', 20 );
INSERT INTO "times" VALUES ( 17763, 12760, '07:56:00', '07:56:00', 20 );
INSERT INTO "times" VALUES ( 17763, 12770, '08:00:00', '08:00:00', 20 );
INSERT INTO "times" VALUES ( 17763, 12780, '08:04:00', '08:05:00', 20 );
INSERT INTO "times" VALUES ( 17763, 12790, '08:06:00', '08:06:00', 20 );
INSERT INTO "times" VALUES ( 17763, 12800, '08:08:00', '08:13:00', 20 );
INSERT INTO "times" VALUES ( 17763, 12810, '08:15:00', '08:15:00', 20 );
INSERT INTO "times" VALUES ( 17763, 12820, '08:17:00', '08:17:00', 20 );
INSERT INTO "times" VALUES ( 17763, 12830, '08:19:00', '08:19:00', 20 );
INSERT INTO "times" VALUES ( 17763, 12840, '08:20:00', '08:20:00', 20 );
INSERT INTO "times" VALUES ( 17763, 12850, '08:21:00', '08:21:00', 20 );
INSERT INTO "times" VALUES ( 17763, 12860, '08:23:00', '08:23:00', 20 );
INSERT INTO "times" VALUES ( 17763, 12870, '08:25:00', '08:25:00', 20 );
INSERT INTO "times" VALUES ( 17763, 12880, '08:26:00', '08:26:00', 20 );
INSERT INTO "times" VALUES ( 17763, 12890, '08:28:00', '08:28:00', 20 );
INSERT INTO "times" VALUES ( 17763, 12900, '08:30:00', '08:33:00', 20 );
INSERT INTO "times" VALUES ( 17763, 13510, '08:35:00', '08:35:00', 30 );
INSERT INTO "times" VALUES ( 17763, 13520, '08:38:00', NULL, NULL );

INSERT INTO "dias" VALUES ( 17764, 120, FALSE, TRUE, 'K0701A', 13520, 12510 );
INSERT INTO "dias_line_groups" VALUES ( 17764, 10 );
INSERT INTO "times" VALUES ( 17764, 12510, '08:36:00', NULL, NULL );
INSERT INTO "times" VALUES ( 17764, 12520, '08:34:00', '08:34:00', 20 );
INSERT INTO "times" VALUES ( 17764, 12530, '08:32:00', '08:32:00', 20 );
INSERT INTO "times" VALUES ( 17764, 12540, '08:29:00', '08:29:00', 20 );
INSERT INTO "times" VALUES ( 17764, 12610, '08:24:00', '08:24:00', 20 );
INSERT INTO "times" VALUES ( 17764, 12660, '08:19:00', '08:19:00', 20 );
INSERT INTO "times" VALUES ( 17764, 12670, '08:16:00', '08:16:00', 20 );
INSERT INTO "times" VALUES ( 17764, 12680, '08:13:00', '08:13:00', 20 );
INSERT INTO "times" VALUES ( 17764, 12690, '08:10:00', '08:10:00', 20 );
INSERT INTO "times" VALUES ( 17764, 12700, '08:08:00', '08:08:00', 20 );
INSERT INTO "times" VALUES ( 17764, 12710, '08:06:00', '08:06:00', 20 );
INSERT INTO "times" VALUES ( 17764, 12720, '08:03:00', '08:03:00', 20 );
INSERT INTO "times" VALUES ( 17764, 12730, '08:01:00', '08:01:00', 20 );
INSERT INTO "times" VALUES ( 17764, 12740, '07:54:00', '07:58:00', 20 );
INSERT INTO "times" VALUES ( 17764, 12750, '07:51:00', '07:51:00', 20 );
INSERT INTO "times" VALUES ( 17764, 12760, '07:48:00', '07:48:00', 20 );
INSERT INTO "times" VALUES ( 17764, 12770, '07:44:00', '07:44:00', 20 );
INSERT INTO "times" VALUES ( 17764, 12780, '07:39:00', '07:39:00', 20 );
INSERT INTO "times" VALUES ( 17764, 12790, '07:37:00', '07:37:00', 20 );
INSERT INTO "times" VALUES ( 17764, 12800, '07:31:00', '07:35:00', 20 );
INSERT INTO "times" VALUES ( 17764, 12810, '07:29:00', '07:29:00', 20 );
INSERT INTO "times" VALUES ( 17764, 12820, '07:27:00', '07:27:00', 20 );
INSERT INTO "times" VALUES ( 17764, 12830, '07:26:00', '07:26:00', 20 );
INSERT INTO "times" VALUES ( 17764, 12840, '07:24:00', '07:24:00', 20 );
INSERT INTO "times" VALUES ( 17764, 12850, '07:23:00', '07:23:00', 20 );
INSERT INTO "times" VALUES ( 17764, 12860, '07:21:00', '07:21:00', 20 );
INSERT INTO "times" VALUES ( 17764, 12870, '07:19:00', '07:19:00', 20 );
INSERT INTO "times" VALUES ( 17764, 12880, '07:17:00', '07:17:00', 20 );
INSERT INTO "times" VALUES ( 17764, 12890, '07:16:00', '07:16:00', 20 );
INSERT INTO "times" VALUES ( 17764, 12900, '07:10:00', '07:14:00', 20 );
INSERT INTO "times" VALUES ( 17764, 13510, '07:08:00', '07:08:00', 30 );
INSERT INTO "times" VALUES ( 17764, 13520, NULL, '07:06:00', 30 );

INSERT INTO "dias" VALUES ( 17765, 120, FALSE, TRUE, 'K0702Z', 12510, 13520 );
INSERT INTO "dias_line_groups" VALUES ( 17765, 10 );
INSERT INTO "times" VALUES ( 17765, 12510, NULL, '07:32:00', 20 );
INSERT INTO "times" VALUES ( 17765, 12520, '07:33:00', '07:33:00', 20 );
INSERT INTO "times" VALUES ( 17765, 12530, '07:35:00', '07:35:00', 20 );
INSERT INTO "times" VALUES ( 17765, 12540, '07:39:00', '07:39:00', 20 );
INSERT INTO "times" VALUES ( 17765, 12610, '07:44:00', '07:44:00', 20 );
INSERT INTO "times" VALUES ( 17765, 12660, '07:49:00', '07:49:00', 20 );
INSERT INTO "times" VALUES ( 17765, 12670, '07:51:00', '07:51:00', 20 );
INSERT INTO "times" VALUES ( 17765, 12680, '07:54:00', '07:54:00', 20 );
INSERT INTO "times" VALUES ( 17765, 12690, '07:56:00', '07:56:00', 20 );
INSERT INTO "times" VALUES ( 17765, 12700, '07:58:00', '07:58:00', 20 );
INSERT INTO "times" VALUES ( 17765, 12710, '08:00:00', '08:04:00', 20 );
INSERT INTO "times" VALUES ( 17765, 12720, '08:07:00', '08:07:00', 20 );
INSERT INTO "times" VALUES ( 17765, 12730, '08:09:00', '08:09:00', 20 );
INSERT INTO "times" VALUES ( 17765, 12740, '08:12:00', '08:12:00', 20 );
INSERT INTO "times" VALUES ( 17765, 12750, '08:15:00', '08:15:00', 20 );
INSERT INTO "times" VALUES ( 17765, 12760, '08:18:00', '08:18:00', 20 );
INSERT INTO "times" VALUES ( 17765, 12770, '08:22:00', '08:22:00', 20 );
INSERT INTO "times" VALUES ( 17765, 12780, '08:26:00', '08:26:00', 20 );
INSERT INTO "times" VALUES ( 17765, 12790, '08:27:00', '08:27:00', 20 );
INSERT INTO "times" VALUES ( 17765, 12800, '08:29:00', '08:33:00', 20 );
INSERT INTO "times" VALUES ( 17765, 12810, '08:35:00', '08:35:00', 20 );
INSERT INTO "times" VALUES ( 17765, 12820, '08:37:00', '08:37:00', 20 );
INSERT INTO "times" VALUES ( 17765, 12830, '08:39:00', '08:39:00', 20 );
INSERT INTO "times" VALUES ( 17765, 12840, '08:40:00', '08:40:00', 20 );
INSERT INTO "times" VALUES ( 17765, 12850, '08:41:00', '08:41:00', 20 );
INSERT INTO "times" VALUES ( 17765, 12860, '08:43:00', '08:43:00', 20 );
INSERT INTO "times" VALUES ( 17765, 12870, '08:45:00', '08:45:00', 20 );
INSERT INTO "times" VALUES ( 17765, 12880, '08:46:00', '08:46:00', 20 );
INSERT INTO "times" VALUES ( 17765, 12890, '08:48:00', '08:48:00', 20 );
INSERT INTO "times" VALUES ( 17765, 12900, '08:50:00', '08:53:00', 20 );
INSERT INTO "times" VALUES ( 17765, 13510, '08:55:00', '08:55:00', 30 );
INSERT INTO "times" VALUES ( 17765, 13520, '08:58:00', NULL, NULL );

INSERT INTO "dias" VALUES ( 17766, 120, FALSE, TRUE, 'K0703A', 13520, 12510 );
INSERT INTO "dias_line_groups" VALUES ( 17766, 10 );
INSERT INTO "times" VALUES ( 17766, 12510, '08:54:00', NULL, NULL );
INSERT INTO "times" VALUES ( 17766, 12520, '08:52:00', '08:52:00', 20 );
INSERT INTO "times" VALUES ( 17766, 12530, '08:50:00', '08:50:00', 20 );
INSERT INTO "times" VALUES ( 17766, 12540, '08:47:00', '08:47:00', 20 );
INSERT INTO "times" VALUES ( 17766, 12610, '08:42:00', '08:42:00', 20 );
INSERT INTO "times" VALUES ( 17766, 12660, '08:38:00', '08:38:00', 20 );
INSERT INTO "times" VALUES ( 17766, 12670, '08:34:00', '08:34:00', 20 );
INSERT INTO "times" VALUES ( 17766, 12680, '08:32:00', '08:32:00', 20 );
INSERT INTO "times" VALUES ( 17766, 12690, '08:29:00', '08:29:00', 20 );
INSERT INTO "times" VALUES ( 17766, 12700, '08:27:00', '08:27:00', 20 );
INSERT INTO "times" VALUES ( 17766, 12710, '08:21:00', '08:25:00', 20 );
INSERT INTO "times" VALUES ( 17766, 12720, '08:18:00', '08:18:00', 20 );
INSERT INTO "times" VALUES ( 17766, 12730, '08:16:00', '08:16:00', 20 );
INSERT INTO "times" VALUES ( 17766, 12740, '08:13:00', '08:13:00', 20 );
INSERT INTO "times" VALUES ( 17766, 12750, '08:10:00', '08:10:00', 20 );
INSERT INTO "times" VALUES ( 17766, 12760, '08:08:00', '08:08:00', 20 );
INSERT INTO "times" VALUES ( 17766, 12770, '08:04:00', '08:04:00', 20 );
INSERT INTO "times" VALUES ( 17766, 12780, '07:59:00', '07:59:00', 20 );
INSERT INTO "times" VALUES ( 17766, 12790, '07:57:00', '07:57:00', 20 );
INSERT INTO "times" VALUES ( 17766, 12800, '07:51:00', '07:55:00', 20 );
INSERT INTO "times" VALUES ( 17766, 12810, '07:49:00', '07:49:00', 20 );
INSERT INTO "times" VALUES ( 17766, 12820, '07:47:00', '07:47:00', 20 );
INSERT INTO "times" VALUES ( 17766, 12830, '07:46:00', '07:46:00', 20 );
INSERT INTO "times" VALUES ( 17766, 12840, '07:44:00', '07:44:00', 20 );
INSERT INTO "times" VALUES ( 17766, 12850, '07:43:00', '07:43:00', 20 );
INSERT INTO "times" VALUES ( 17766, 12860, '07:41:00', '07:41:00', 20 );
INSERT INTO "times" VALUES ( 17766, 12870, '07:39:00', '07:39:00', 20 );
INSERT INTO "times" VALUES ( 17766, 12880, '07:37:00', '07:37:00', 20 );
INSERT INTO "times" VALUES ( 17766, 12890, '07:36:00', '07:36:00', 20 );
INSERT INTO "times" VALUES ( 17766, 12900, '07:31:00', '07:34:00', 20 );
INSERT INTO "times" VALUES ( 17766, 13510, '07:28:00', '07:28:00', 30 );
INSERT INTO "times" VALUES ( 17766, 13520, NULL, '07:26:00', 30 );

INSERT INTO "dias" VALUES ( 17767, 120, FALSE, TRUE, 'K0704Z', 12510, 13520 );
INSERT INTO "dias_line_groups" VALUES ( 17767, 10 );
INSERT INTO "times" VALUES ( 17767, 12510, NULL, '07:42:00', 20 );
INSERT INTO "times" VALUES ( 17767, 12520, '07:43:00', '07:43:00', 20 );
INSERT INTO "times" VALUES ( 17767, 12530, '07:45:00', '07:45:00', 20 );
INSERT INTO "times" VALUES ( 17767, 12540, '07:49:00', '07:49:00', 20 );
INSERT INTO "times" VALUES ( 17767, 12610, '07:54:00', '07:54:00', 20 );
INSERT INTO "times" VALUES ( 17767, 12660, '07:59:00', '07:59:00', 20 );
INSERT INTO "times" VALUES ( 17767, 12670, '08:01:00', '08:01:00', 20 );
INSERT INTO "times" VALUES ( 17767, 12680, '08:04:00', '08:04:00', 20 );
INSERT INTO "times" VALUES ( 17767, 12690, '08:06:00', '08:06:00', 20 );
INSERT INTO "times" VALUES ( 17767, 12700, '08:08:00', '08:08:00', 20 );
INSERT INTO "times" VALUES ( 17767, 12710, '08:10:00', '08:14:00', 20 );
INSERT INTO "times" VALUES ( 17767, 12720, '08:17:00', '08:17:00', 20 );
INSERT INTO "times" VALUES ( 17767, 12730, '08:19:00', '08:19:00', 20 );
INSERT INTO "times" VALUES ( 17767, 12740, '08:22:00', '08:22:00', 20 );
INSERT INTO "times" VALUES ( 17767, 12750, '08:25:00', '08:25:00', 20 );
INSERT INTO "times" VALUES ( 17767, 12760, '08:28:00', '08:28:00', 20 );
INSERT INTO "times" VALUES ( 17767, 12770, '08:32:00', '08:32:00', 20 );
INSERT INTO "times" VALUES ( 17767, 12780, '08:36:00', '08:36:00', 20 );
INSERT INTO "times" VALUES ( 17767, 12790, '08:37:00', '08:37:00', 20 );
INSERT INTO "times" VALUES ( 17767, 12800, '08:39:00', '08:43:00', 20 );
INSERT INTO "times" VALUES ( 17767, 12810, '08:45:00', '08:45:00', 20 );
INSERT INTO "times" VALUES ( 17767, 12820, '08:47:00', '08:47:00', 20 );
INSERT INTO "times" VALUES ( 17767, 12830, '08:49:00', '08:49:00', 20 );
INSERT INTO "times" VALUES ( 17767, 12840, '08:50:00', '08:50:00', 20 );
INSERT INTO "times" VALUES ( 17767, 12850, '08:51:00', '08:51:00', 20 );
INSERT INTO "times" VALUES ( 17767, 12860, '08:53:00', '08:53:00', 20 );
INSERT INTO "times" VALUES ( 17767, 12870, '08:55:00', '08:55:00', 20 );
INSERT INTO "times" VALUES ( 17767, 12880, '08:56:00', '08:56:00', 20 );
INSERT INTO "times" VALUES ( 17767, 12890, '08:58:00', '08:58:00', 20 );
INSERT INTO "times" VALUES ( 17767, 12900, '09:00:00', '09:03:00', 20 );
INSERT INTO "times" VALUES ( 17767, 13510, '09:05:00', '09:05:00', 30 );
INSERT INTO "times" VALUES ( 17767, 13520, '09:08:00', NULL, NULL );

INSERT INTO "dias" VALUES ( 17768, 120, FALSE, TRUE, 'K0800Z', 12510, 13520 );
INSERT INTO "dias_line_groups" VALUES ( 17768, 10 );
INSERT INTO "times" VALUES ( 17768, 12510, NULL, '08:02:00', 20 );
INSERT INTO "times" VALUES ( 17768, 12520, '08:03:00', '08:03:00', 20 );
INSERT INTO "times" VALUES ( 17768, 12530, '08:05:00', '08:05:00', 20 );
INSERT INTO "times" VALUES ( 17768, 12540, '08:09:00', '08:09:00', 20 );
INSERT INTO "times" VALUES ( 17768, 12610, '08:14:00', '08:14:00', 20 );
INSERT INTO "times" VALUES ( 17768, 12660, '08:18:00', '08:18:00', 20 );
INSERT INTO "times" VALUES ( 17768, 12670, '08:21:00', '08:21:00', 20 );
INSERT INTO "times" VALUES ( 17768, 12680, '08:24:00', '08:24:00', 20 );
INSERT INTO "times" VALUES ( 17768, 12690, '08:26:00', '08:26:00', 20 );
INSERT INTO "times" VALUES ( 17768, 12700, '08:28:00', '08:28:00', 20 );
INSERT INTO "times" VALUES ( 17768, 12710, '08:30:00', '08:34:00', 20 );
INSERT INTO "times" VALUES ( 17768, 12720, '08:36:00', '08:36:00', 20 );
INSERT INTO "times" VALUES ( 17768, 12730, '08:39:00', '08:39:00', 20 );
INSERT INTO "times" VALUES ( 17768, 12740, '08:42:00', '08:42:00', 20 );
INSERT INTO "times" VALUES ( 17768, 12750, '08:44:00', '08:44:00', 20 );
INSERT INTO "times" VALUES ( 17768, 12760, '08:47:00', '08:47:00', 20 );
INSERT INTO "times" VALUES ( 17768, 12770, '08:51:00', '08:51:00', 20 );
INSERT INTO "times" VALUES ( 17768, 12780, '08:56:00', '08:56:00', 20 );
INSERT INTO "times" VALUES ( 17768, 12790, '08:57:00', '08:57:00', 20 );
INSERT INTO "times" VALUES ( 17768, 12800, '08:59:00', '09:03:00', 20 );
INSERT INTO "times" VALUES ( 17768, 12810, '09:05:00', '09:05:00', 20 );
INSERT INTO "times" VALUES ( 17768, 12820, '09:06:00', '09:06:00', 20 );
INSERT INTO "times" VALUES ( 17768, 12830, '09:08:00', '09:08:00', 20 );
INSERT INTO "times" VALUES ( 17768, 12840, '09:09:00', '09:09:00', 20 );
INSERT INTO "times" VALUES ( 17768, 12850, '09:11:00', '09:11:00', 20 );
INSERT INTO "times" VALUES ( 17768, 12860, '09:12:00', '09:12:00', 20 );
INSERT INTO "times" VALUES ( 17768, 12870, '09:14:00', '09:14:00', 20 );
INSERT INTO "times" VALUES ( 17768, 12880, '09:16:00', '09:16:00', 20 );
INSERT INTO "times" VALUES ( 17768, 12890, '09:18:00', '09:18:00', 20 );
INSERT INTO "times" VALUES ( 17768, 12900, '09:19:00', '09:23:00', 20 );
INSERT INTO "times" VALUES ( 17768, 13510, '09:25:00', '09:25:00', 30 );
INSERT INTO "times" VALUES ( 17768, 13520, '09:28:00', NULL, NULL );

INSERT INTO "dias" VALUES ( 17769, 120, FALSE, TRUE, 'K0801A', 13520, 12510 );
INSERT INTO "dias_line_groups" VALUES ( 17769, 10 );
INSERT INTO "times" VALUES ( 17769, 12510, '09:39:00', NULL, NULL );
INSERT INTO "times" VALUES ( 17769, 12520, '09:37:00', '09:37:00', 20 );
INSERT INTO "times" VALUES ( 17769, 12530, '09:35:00', '09:35:00', 20 );
INSERT INTO "times" VALUES ( 17769, 12540, '09:31:00', '09:32:00', 20 );
INSERT INTO "times" VALUES ( 17769, 12610, '09:26:00', '09:26:00', 20 );
INSERT INTO "times" VALUES ( 17769, 12660, '09:22:00', '09:22:00', 20 );
INSERT INTO "times" VALUES ( 17769, 12670, '09:19:00', '09:19:00', 20 );
INSERT INTO "times" VALUES ( 17769, 12680, '09:16:00', '09:16:00', 20 );
INSERT INTO "times" VALUES ( 17769, 12690, '09:13:00', '09:13:00', 20 );
INSERT INTO "times" VALUES ( 17769, 12700, '09:11:00', '09:11:00', 20 );
INSERT INTO "times" VALUES ( 17769, 12710, '09:05:00', '09:09:00', 20 );
INSERT INTO "times" VALUES ( 17769, 12720, '09:03:00', '09:03:00', 20 );
INSERT INTO "times" VALUES ( 17769, 12730, '09:00:00', '09:00:00', 20 );
INSERT INTO "times" VALUES ( 17769, 12740, '08:58:00', '08:58:00', 20 );
INSERT INTO "times" VALUES ( 17769, 12750, '08:54:00', '08:54:00', 20 );
INSERT INTO "times" VALUES ( 17769, 12760, '08:52:00', '08:52:00', 20 );
INSERT INTO "times" VALUES ( 17769, 12770, '08:48:00', '08:48:00', 20 );
INSERT INTO "times" VALUES ( 17769, 12780, '08:44:00', '08:44:00', 20 );
INSERT INTO "times" VALUES ( 17769, 12790, '08:41:00', '08:41:00', 20 );
INSERT INTO "times" VALUES ( 17769, 12800, '08:35:00', '08:39:00', 20 );
INSERT INTO "times" VALUES ( 17769, 12810, '08:33:00', '08:33:00', 20 );
INSERT INTO "times" VALUES ( 17769, 12820, '08:32:00', '08:32:00', 20 );
INSERT INTO "times" VALUES ( 17769, 12830, '08:30:00', '08:30:00', 20 );
INSERT INTO "times" VALUES ( 17769, 12840, '08:28:00', '08:28:00', 20 );
INSERT INTO "times" VALUES ( 17769, 12850, '08:27:00', '08:27:00', 20 );
INSERT INTO "times" VALUES ( 17769, 12860, '08:25:00', '08:25:00', 20 );
INSERT INTO "times" VALUES ( 17769, 12870, '08:23:00', '08:23:00', 20 );
INSERT INTO "times" VALUES ( 17769, 12880, '08:22:00', '08:22:00', 20 );
INSERT INTO "times" VALUES ( 17769, 12890, '08:20:00', '08:20:00', 20 );
INSERT INTO "times" VALUES ( 17769, 12900, '08:14:00', '08:18:00', 20 );
INSERT INTO "times" VALUES ( 17769, 13510, '08:11:00', '08:11:00', 30 );
INSERT INTO "times" VALUES ( 17769, 13520, NULL, '08:09:00', 30 );

INSERT INTO "dias" VALUES ( 17770, 120, FALSE, TRUE, 'K0802Z', 12510, 13520 );
INSERT INTO "dias_line_groups" VALUES ( 17770, 10 );
INSERT INTO "times" VALUES ( 17770, 12510, NULL, '08:12:00', 20 );
INSERT INTO "times" VALUES ( 17770, 12520, '08:13:00', '08:13:00', 20 );
INSERT INTO "times" VALUES ( 17770, 12530, '08:15:00', '08:15:00', 20 );
INSERT INTO "times" VALUES ( 17770, 12540, '08:19:00', '08:19:00', 20 );
INSERT INTO "times" VALUES ( 17770, 12610, '08:24:00', '08:24:00', 20 );
INSERT INTO "times" VALUES ( 17770, 12660, '08:28:00', '08:28:00', 20 );
INSERT INTO "times" VALUES ( 17770, 12670, '08:31:00', '08:31:00', 20 );
INSERT INTO "times" VALUES ( 17770, 12680, '08:34:00', '08:34:00', 20 );
INSERT INTO "times" VALUES ( 17770, 12690, '08:36:00', '08:36:00', 20 );
INSERT INTO "times" VALUES ( 17770, 12700, '08:38:00', '08:38:00', 20 );
INSERT INTO "times" VALUES ( 17770, 12710, '08:40:00', '08:44:00', 20 );
INSERT INTO "times" VALUES ( 17770, 12720, '08:46:00', '08:46:00', 20 );
INSERT INTO "times" VALUES ( 17770, 12730, '08:48:00', '08:48:00', 20 );
INSERT INTO "times" VALUES ( 17770, 12740, '08:52:00', '08:52:00', 20 );
INSERT INTO "times" VALUES ( 17770, 12750, '08:54:00', '08:54:00', 20 );
INSERT INTO "times" VALUES ( 17770, 12760, '08:57:00', '08:57:00', 20 );
INSERT INTO "times" VALUES ( 17770, 12770, '09:01:00', '09:01:00', 20 );
INSERT INTO "times" VALUES ( 17770, 12780, '09:06:00', '09:06:00', 20 );
INSERT INTO "times" VALUES ( 17770, 12790, '09:07:00', '09:07:00', 20 );
INSERT INTO "times" VALUES ( 17770, 12800, '09:09:00', '09:13:00', 20 );
INSERT INTO "times" VALUES ( 17770, 12810, '09:14:00', '09:14:00', 20 );
INSERT INTO "times" VALUES ( 17770, 12820, '09:16:00', '09:16:00', 20 );
INSERT INTO "times" VALUES ( 17770, 12830, '09:18:00', '09:18:00', 20 );
INSERT INTO "times" VALUES ( 17770, 12840, '09:19:00', '09:19:00', 20 );
INSERT INTO "times" VALUES ( 17770, 12850, '09:21:00', '09:21:00', 20 );
INSERT INTO "times" VALUES ( 17770, 12860, '09:22:00', '09:22:00', 20 );
INSERT INTO "times" VALUES ( 17770, 12870, '09:24:00', '09:24:00', 20 );
INSERT INTO "times" VALUES ( 17770, 12880, '09:26:00', '09:26:00', 20 );
INSERT INTO "times" VALUES ( 17770, 12890, '09:28:00', '09:28:00', 20 );
INSERT INTO "times" VALUES ( 17770, 12900, '09:29:00', '09:33:00', 20 );
INSERT INTO "times" VALUES ( 17770, 13510, '09:35:00', '09:35:00', 30 );
INSERT INTO "times" VALUES ( 17770, 13520, '09:38:00', NULL, NULL );

INSERT INTO "dias" VALUES ( 17771, 120, FALSE, TRUE, 'K0803A', 13520, 12510 );
INSERT INTO "dias_line_groups" VALUES ( 17771, 10 );
INSERT INTO "times" VALUES ( 17771, 12510, '10:09:00', NULL, NULL );
INSERT INTO "times" VALUES ( 17771, 12520, '10:07:00', '10:07:00', 20 );
INSERT INTO "times" VALUES ( 17771, 12530, '10:05:00', '10:05:00', 20 );
INSERT INTO "times" VALUES ( 17771, 12540, '10:01:00', '10:02:00', 20 );
INSERT INTO "times" VALUES ( 17771, 12610, '09:56:00', '09:56:00', 20 );
INSERT INTO "times" VALUES ( 17771, 12660, '09:52:00', '09:52:00', 20 );
INSERT INTO "times" VALUES ( 17771, 12670, '09:49:00', '09:49:00', 20 );
INSERT INTO "times" VALUES ( 17771, 12680, '09:46:00', '09:46:00', 20 );
INSERT INTO "times" VALUES ( 17771, 12690, '09:43:00', '09:43:00', 20 );
INSERT INTO "times" VALUES ( 17771, 12700, '09:41:00', '09:41:00', 20 );
INSERT INTO "times" VALUES ( 17771, 12710, '09:35:00', '09:39:00', 20 );
INSERT INTO "times" VALUES ( 17771, 12720, '09:33:00', '09:33:00', 20 );
INSERT INTO "times" VALUES ( 17771, 12730, '09:30:00', '09:30:00', 20 );
INSERT INTO "times" VALUES ( 17771, 12740, '09:28:00', '09:28:00', 20 );
INSERT INTO "times" VALUES ( 17771, 12750, '09:24:00', '09:24:00', 20 );
INSERT INTO "times" VALUES ( 17771, 12760, '09:22:00', '09:22:00', 20 );
INSERT INTO "times" VALUES ( 17771, 12770, '09:18:00', '09:18:00', 20 );
INSERT INTO "times" VALUES ( 17771, 12780, '09:14:00', '09:14:00', 20 );
INSERT INTO "times" VALUES ( 17771, 12790, '09:11:00', '09:11:00', 20 );
INSERT INTO "times" VALUES ( 17771, 12800, '09:06:00', '09:09:00', 20 );
INSERT INTO "times" VALUES ( 17771, 12810, '09:04:00', '09:04:00', 20 );
INSERT INTO "times" VALUES ( 17771, 12820, '09:02:00', '09:02:00', 20 );
INSERT INTO "times" VALUES ( 17771, 12830, '09:01:00', '09:01:00', 20 );
INSERT INTO "times" VALUES ( 17771, 12840, '08:59:00', '08:59:00', 20 );
INSERT INTO "times" VALUES ( 17771, 12850, '08:57:00', '08:57:00', 20 );
INSERT INTO "times" VALUES ( 17771, 12860, '08:55:00', '08:55:00', 20 );
INSERT INTO "times" VALUES ( 17771, 12870, '08:54:00', '08:54:00', 20 );
INSERT INTO "times" VALUES ( 17771, 12880, '08:52:00', '08:52:00', 20 );
INSERT INTO "times" VALUES ( 17771, 12890, '08:50:00', '08:50:00', 20 );
INSERT INTO "times" VALUES ( 17771, 12900, '08:45:00', '08:49:00', 20 );
INSERT INTO "times" VALUES ( 17771, 13510, '08:43:00', '08:43:00', 30 );
INSERT INTO "times" VALUES ( 17771, 13520, NULL, '08:41:00', 30 );

INSERT INTO "dias" VALUES ( 17772, 120, FALSE, TRUE, 'K0900Z', 12510, 13520 );
INSERT INTO "dias_line_groups" VALUES ( 17772, 10 );
INSERT INTO "times" VALUES ( 17772, 12510, NULL, '09:02:00', 20 );
INSERT INTO "times" VALUES ( 17772, 12520, '09:03:00', '09:03:00', 20 );
INSERT INTO "times" VALUES ( 17772, 12530, '09:06:00', '09:06:00', 20 );
INSERT INTO "times" VALUES ( 17772, 12540, '09:09:00', '09:09:00', 20 );
INSERT INTO "times" VALUES ( 17772, 12610, '09:14:00', '09:14:00', 20 );
INSERT INTO "times" VALUES ( 17772, 12660, '09:18:00', '09:18:00', 20 );
INSERT INTO "times" VALUES ( 17772, 12670, '09:21:00', '09:21:00', 20 );
INSERT INTO "times" VALUES ( 17772, 12680, '09:24:00', '09:24:00', 20 );
INSERT INTO "times" VALUES ( 17772, 12690, '09:26:00', '09:26:00', 20 );
INSERT INTO "times" VALUES ( 17772, 12700, '09:28:00', '09:28:00', 20 );
INSERT INTO "times" VALUES ( 17772, 12710, '09:30:00', '09:34:00', 20 );
INSERT INTO "times" VALUES ( 17772, 12720, '09:36:00', '09:36:00', 20 );
INSERT INTO "times" VALUES ( 17772, 12730, '09:38:00', '09:38:00', 20 );
INSERT INTO "times" VALUES ( 17772, 12740, '09:41:00', '09:41:00', 20 );
INSERT INTO "times" VALUES ( 17772, 12750, '09:44:00', '09:44:00', 20 );
INSERT INTO "times" VALUES ( 17772, 12760, '09:47:00', '09:47:00', 20 );
INSERT INTO "times" VALUES ( 17772, 12770, '09:51:00', '09:51:00', 20 );
INSERT INTO "times" VALUES ( 17772, 12780, '09:55:00', '09:55:00', 20 );
INSERT INTO "times" VALUES ( 17772, 12790, '09:57:00', '09:57:00', 20 );
INSERT INTO "times" VALUES ( 17772, 12800, '09:58:00', '10:02:00', 20 );
INSERT INTO "times" VALUES ( 17772, 12810, '10:04:00', '10:04:00', 20 );
INSERT INTO "times" VALUES ( 17772, 12820, '10:05:00', '10:05:00', 20 );
INSERT INTO "times" VALUES ( 17772, 12830, '10:07:00', '10:09:00', 20 );
INSERT INTO "times" VALUES ( 17772, 12840, '10:11:00', '10:11:00', 20 );
INSERT INTO "times" VALUES ( 17772, 12850, '10:12:00', '10:12:00', 20 );
INSERT INTO "times" VALUES ( 17772, 12860, '10:14:00', '10:14:00', 20 );
INSERT INTO "times" VALUES ( 17772, 12870, '10:15:00', '10:15:00', 20 );
INSERT INTO "times" VALUES ( 17772, 12880, '10:17:00', '10:17:00', 20 );
INSERT INTO "times" VALUES ( 17772, 12890, '10:19:00', '10:19:00', 20 );
INSERT INTO "times" VALUES ( 17772, 12900, '10:20:00', '10:24:00', 20 );
INSERT INTO "times" VALUES ( 17772, 13510, '10:26:00', '10:26:00', 30 );
INSERT INTO "times" VALUES ( 17772, 13520, '10:29:00', NULL, NULL );

INSERT INTO "dias" VALUES ( 17773, 120, FALSE, TRUE, 'K0901A', 13520, 12510 );
INSERT INTO "dias_line_groups" VALUES ( 17773, 10 );
INSERT INTO "times" VALUES ( 17773, 12510, '10:38:00', NULL, NULL );
INSERT INTO "times" VALUES ( 17773, 12520, '10:36:00', '10:36:00', 20 );
INSERT INTO "times" VALUES ( 17773, 12530, '10:35:00', '10:35:00', 20 );
INSERT INTO "times" VALUES ( 17773, 12540, '10:32:00', '10:32:00', 20 );
INSERT INTO "times" VALUES ( 17773, 12610, '10:27:00', '10:27:00', 20 );
INSERT INTO "times" VALUES ( 17773, 12660, '10:22:00', '10:22:00', 20 );
INSERT INTO "times" VALUES ( 17773, 12670, '10:19:00', '10:19:00', 20 );
INSERT INTO "times" VALUES ( 17773, 12680, '10:17:00', '10:17:00', 20 );
INSERT INTO "times" VALUES ( 17773, 12690, '10:14:00', '10:14:00', 20 );
INSERT INTO "times" VALUES ( 17773, 12700, '10:12:00', '10:12:00', 20 );
INSERT INTO "times" VALUES ( 17773, 12710, '10:06:00', '10:10:00', 20 );
INSERT INTO "times" VALUES ( 17773, 12720, '10:03:00', '10:03:00', 20 );
INSERT INTO "times" VALUES ( 17773, 12730, '10:01:00', '10:01:00', 20 );
INSERT INTO "times" VALUES ( 17773, 12740, '09:57:00', '09:59:00', 20 );
INSERT INTO "times" VALUES ( 17773, 12750, '09:55:00', '09:55:00', 20 );
INSERT INTO "times" VALUES ( 17773, 12760, '09:52:00', '09:52:00', 20 );
INSERT INTO "times" VALUES ( 17773, 12770, '09:48:00', '09:48:00', 20 );
INSERT INTO "times" VALUES ( 17773, 12780, '09:44:00', '09:44:00', 20 );
INSERT INTO "times" VALUES ( 17773, 12790, '09:42:00', '09:42:00', 20 );
INSERT INTO "times" VALUES ( 17773, 12800, '09:36:00', '09:40:00', 20 );
INSERT INTO "times" VALUES ( 17773, 12810, '09:34:00', '09:34:00', 20 );
INSERT INTO "times" VALUES ( 17773, 12820, '09:32:00', '09:32:00', 20 );
INSERT INTO "times" VALUES ( 17773, 12830, '09:31:00', '09:31:00', 20 );
INSERT INTO "times" VALUES ( 17773, 12840, '09:29:00', '09:29:00', 20 );
INSERT INTO "times" VALUES ( 17773, 12850, '09:28:00', '09:28:00', 20 );
INSERT INTO "times" VALUES ( 17773, 12860, '09:26:00', '09:26:00', 20 );
INSERT INTO "times" VALUES ( 17773, 12870, '09:24:00', '09:24:00', 20 );
INSERT INTO "times" VALUES ( 17773, 12880, '09:22:00', '09:22:00', 20 );
INSERT INTO "times" VALUES ( 17773, 12890, '09:21:00', '09:21:00', 20 );
INSERT INTO "times" VALUES ( 17773, 12900, '09:15:00', '09:19:00', 20 );
INSERT INTO "times" VALUES ( 17773, 13510, '09:13:00', '09:13:00', 30 );
INSERT INTO "times" VALUES ( 17773, 13520, NULL, '09:11:00', 30 );

INSERT INTO "dias" VALUES ( 17774, 120, FALSE, TRUE, 'K0903A', 13520, 12510 );
INSERT INTO "dias_line_groups" VALUES ( 17774, 10 );
INSERT INTO "times" VALUES ( 17774, 12510, '10:58:00', NULL, NULL );
INSERT INTO "times" VALUES ( 17774, 12520, '10:56:00', '10:56:00', 20 );
INSERT INTO "times" VALUES ( 17774, 12530, '10:55:00', '10:55:00', 20 );
INSERT INTO "times" VALUES ( 17774, 12540, '10:52:00', '10:52:00', 20 );
INSERT INTO "times" VALUES ( 17774, 12610, '10:47:00', '10:47:00', 20 );
INSERT INTO "times" VALUES ( 17774, 12660, '10:42:00', '10:42:00', 20 );
INSERT INTO "times" VALUES ( 17774, 12670, '10:39:00', '10:39:00', 20 );
INSERT INTO "times" VALUES ( 17774, 12680, '10:37:00', '10:37:00', 20 );
INSERT INTO "times" VALUES ( 17774, 12690, '10:34:00', '10:34:00', 20 );
INSERT INTO "times" VALUES ( 17774, 12700, '10:32:00', '10:32:00', 20 );
INSERT INTO "times" VALUES ( 17774, 12710, '10:26:00', '10:30:00', 20 );
INSERT INTO "times" VALUES ( 17774, 12720, '10:23:00', '10:23:00', 20 );
INSERT INTO "times" VALUES ( 17774, 12730, '10:21:00', '10:21:00', 20 );
INSERT INTO "times" VALUES ( 17774, 12740, '10:19:00', '10:19:00', 20 );
INSERT INTO "times" VALUES ( 17774, 12750, '10:15:00', '10:15:00', 20 );
INSERT INTO "times" VALUES ( 17774, 12760, '10:13:00', '10:13:00', 20 );
INSERT INTO "times" VALUES ( 17774, 12770, '10:09:00', '10:09:00', 20 );
INSERT INTO "times" VALUES ( 17774, 12780, '10:04:00', '10:04:00', 20 );
INSERT INTO "times" VALUES ( 17774, 12790, '10:02:00', '10:02:00', 20 );
INSERT INTO "times" VALUES ( 17774, 12800, '09:57:00', '10:00:00', 20 );
INSERT INTO "times" VALUES ( 17774, 12810, '09:55:00', '09:55:00', 20 );
INSERT INTO "times" VALUES ( 17774, 12820, '09:53:00', '09:53:00', 20 );
INSERT INTO "times" VALUES ( 17774, 12830, '09:52:00', '09:52:00', 20 );
INSERT INTO "times" VALUES ( 17774, 12840, '09:50:00', '09:50:00', 20 );
INSERT INTO "times" VALUES ( 17774, 12850, '09:48:00', '09:48:00', 20 );
INSERT INTO "times" VALUES ( 17774, 12860, '09:46:00', '09:46:00', 20 );
INSERT INTO "times" VALUES ( 17774, 12870, '09:45:00', '09:45:00', 20 );
INSERT INTO "times" VALUES ( 17774, 12880, '09:43:00', '09:43:00', 20 );
INSERT INTO "times" VALUES ( 17774, 12890, '09:41:00', '09:41:00', 20 );
INSERT INTO "times" VALUES ( 17774, 12900, '09:35:00', '09:40:00', 20 );
INSERT INTO "times" VALUES ( 17774, 13510, '09:33:00', '09:33:00', 30 );
INSERT INTO "times" VALUES ( 17774, 13520, NULL, '09:31:00', 30 );

INSERT INTO "dias" VALUES ( 17775, 120, FALSE, TRUE, 'K0905A', 13520, 12510 );
INSERT INTO "dias_line_groups" VALUES ( 17775, 10 );
INSERT INTO "times" VALUES ( 17775, 12510, '11:08:00', NULL, NULL );
INSERT INTO "times" VALUES ( 17775, 12520, '11:06:00', '11:06:00', 20 );
INSERT INTO "times" VALUES ( 17775, 12530, '11:05:00', '11:05:00', 20 );
INSERT INTO "times" VALUES ( 17775, 12540, '11:02:00', '11:02:00', 20 );
INSERT INTO "times" VALUES ( 17775, 12610, '10:57:00', '10:57:00', 20 );
INSERT INTO "times" VALUES ( 17775, 12660, '10:52:00', '10:52:00', 20 );
INSERT INTO "times" VALUES ( 17775, 12670, '10:49:00', '10:49:00', 20 );
INSERT INTO "times" VALUES ( 17775, 12680, '10:47:00', '10:47:00', 20 );
INSERT INTO "times" VALUES ( 17775, 12690, '10:44:00', '10:44:00', 20 );
INSERT INTO "times" VALUES ( 17775, 12700, '10:42:00', '10:42:00', 20 );
INSERT INTO "times" VALUES ( 17775, 12710, '10:36:00', '10:40:00', 20 );
INSERT INTO "times" VALUES ( 17775, 12720, '10:33:00', '10:33:00', 20 );
INSERT INTO "times" VALUES ( 17775, 12730, '10:31:00', '10:31:00', 20 );
INSERT INTO "times" VALUES ( 17775, 12740, '10:29:00', '10:29:00', 20 );
INSERT INTO "times" VALUES ( 17775, 12750, '10:25:00', '10:25:00', 20 );
INSERT INTO "times" VALUES ( 17775, 12760, '10:23:00', '10:23:00', 20 );
INSERT INTO "times" VALUES ( 17775, 12770, '10:19:00', '10:19:00', 20 );
INSERT INTO "times" VALUES ( 17775, 12780, '10:14:00', '10:14:00', 20 );
INSERT INTO "times" VALUES ( 17775, 12790, '10:12:00', '10:12:00', 20 );
INSERT INTO "times" VALUES ( 17775, 12800, '10:07:00', '10:10:00', 20 );
INSERT INTO "times" VALUES ( 17775, 12810, '10:05:00', '10:05:00', 20 );
INSERT INTO "times" VALUES ( 17775, 12820, '10:03:00', '10:03:00', 20 );
INSERT INTO "times" VALUES ( 17775, 12830, '10:02:00', '10:02:00', 20 );
INSERT INTO "times" VALUES ( 17775, 12840, '10:00:00', '10:00:00', 20 );
INSERT INTO "times" VALUES ( 17775, 12850, '09:58:00', '09:58:00', 20 );
INSERT INTO "times" VALUES ( 17775, 12860, '09:56:00', '09:56:00', 20 );
INSERT INTO "times" VALUES ( 17775, 12870, '09:55:00', '09:55:00', 20 );
INSERT INTO "times" VALUES ( 17775, 12880, '09:53:00', '09:53:00', 20 );
INSERT INTO "times" VALUES ( 17775, 12890, '09:51:00', '09:51:00', 20 );
INSERT INTO "times" VALUES ( 17775, 12900, '09:46:00', '09:50:00', 20 );
INSERT INTO "times" VALUES ( 17775, 13510, '09:43:00', '09:43:00', 30 );
INSERT INTO "times" VALUES ( 17775, 13520, NULL, '09:41:00', 30 );

INSERT INTO "dias" VALUES ( 17776, 120, FALSE, TRUE, 'K1001A', 13520, 12510 );
INSERT INTO "dias_line_groups" VALUES ( 17776, 10 );
INSERT INTO "times" VALUES ( 17776, 12510, '11:29:00', NULL, NULL );
INSERT INTO "times" VALUES ( 17776, 12520, '11:27:00', '11:27:00', 20 );
INSERT INTO "times" VALUES ( 17776, 12530, '11:25:00', '11:25:00', 20 );
INSERT INTO "times" VALUES ( 17776, 12540, '11:22:00', '11:22:00', 20 );
INSERT INTO "times" VALUES ( 17776, 12610, '11:17:00', '11:17:00', 20 );
INSERT INTO "times" VALUES ( 17776, 12660, '11:13:00', '11:13:00', 20 );
INSERT INTO "times" VALUES ( 17776, 12670, '11:10:00', '11:10:00', 20 );
INSERT INTO "times" VALUES ( 17776, 12680, '11:07:00', '11:07:00', 20 );
INSERT INTO "times" VALUES ( 17776, 12690, '11:04:00', '11:04:00', 20 );
INSERT INTO "times" VALUES ( 17776, 12700, '11:02:00', '11:02:00', 20 );
INSERT INTO "times" VALUES ( 17776, 12710, '10:56:00', '11:00:00', 20 );
INSERT INTO "times" VALUES ( 17776, 12720, '10:54:00', '10:54:00', 20 );
INSERT INTO "times" VALUES ( 17776, 12730, '10:51:00', '10:51:00', 20 );
INSERT INTO "times" VALUES ( 17776, 12740, '10:49:00', '10:49:00', 20 );
INSERT INTO "times" VALUES ( 17776, 12750, '10:45:00', '10:45:00', 20 );
INSERT INTO "times" VALUES ( 17776, 12760, '10:43:00', '10:43:00', 20 );
INSERT INTO "times" VALUES ( 17776, 12770, '10:39:00', '10:39:00', 20 );
INSERT INTO "times" VALUES ( 17776, 12780, '10:35:00', '10:35:00', 20 );
INSERT INTO "times" VALUES ( 17776, 12790, '10:32:00', '10:32:00', 20 );
INSERT INTO "times" VALUES ( 17776, 12800, '10:27:00', '10:31:00', 20 );
INSERT INTO "times" VALUES ( 17776, 12810, '10:25:00', '10:25:00', 20 );
INSERT INTO "times" VALUES ( 17776, 12820, '10:23:00', '10:23:00', 20 );
INSERT INTO "times" VALUES ( 17776, 12830, '10:22:00', '10:22:00', 20 );
INSERT INTO "times" VALUES ( 17776, 12840, '10:20:00', '10:20:00', 20 );
INSERT INTO "times" VALUES ( 17776, 12850, '10:19:00', '10:19:00', 20 );
INSERT INTO "times" VALUES ( 17776, 12860, '10:17:00', '10:17:00', 20 );
INSERT INTO "times" VALUES ( 17776, 12870, '10:15:00', '10:15:00', 20 );
INSERT INTO "times" VALUES ( 17776, 12880, '10:13:00', '10:13:00', 20 );
INSERT INTO "times" VALUES ( 17776, 12890, '10:12:00', '10:12:00', 20 );
INSERT INTO "times" VALUES ( 17776, 12900, '10:06:00', '10:10:00', 20 );
INSERT INTO "times" VALUES ( 17776, 13510, '10:04:00', '10:04:00', 30 );
INSERT INTO "times" VALUES ( 17776, 13520, NULL, '10:02:00', 30 );

INSERT INTO "dias" VALUES ( 17777, 120, FALSE, TRUE, 'K1003A', 13520, 12510 );
INSERT INTO "dias_line_groups" VALUES ( 17777, 10 );
INSERT INTO "times" VALUES ( 17777, 12510, '11:39:00', NULL, NULL );
INSERT INTO "times" VALUES ( 17777, 12520, '11:37:00', '11:37:00', 20 );
INSERT INTO "times" VALUES ( 17777, 12530, '11:35:00', '11:35:00', 20 );
INSERT INTO "times" VALUES ( 17777, 12540, '11:32:00', '11:32:00', 20 );
INSERT INTO "times" VALUES ( 17777, 12610, '11:27:00', '11:27:00', 20 );
INSERT INTO "times" VALUES ( 17777, 12660, '11:23:00', '11:23:00', 20 );
INSERT INTO "times" VALUES ( 17777, 12670, '11:20:00', '11:20:00', 20 );
INSERT INTO "times" VALUES ( 17777, 12680, '11:17:00', '11:17:00', 20 );
INSERT INTO "times" VALUES ( 17777, 12690, '11:14:00', '11:14:00', 20 );
INSERT INTO "times" VALUES ( 17777, 12700, '11:12:00', '11:12:00', 20 );
INSERT INTO "times" VALUES ( 17777, 12710, '11:06:00', '11:10:00', 20 );
INSERT INTO "times" VALUES ( 17777, 12720, '11:04:00', '11:04:00', 20 );
INSERT INTO "times" VALUES ( 17777, 12730, '11:01:00', '11:01:00', 20 );
INSERT INTO "times" VALUES ( 17777, 12740, '10:59:00', '10:59:00', 20 );
INSERT INTO "times" VALUES ( 17777, 12750, '10:55:00', '10:55:00', 20 );
INSERT INTO "times" VALUES ( 17777, 12760, '10:53:00', '10:53:00', 20 );
INSERT INTO "times" VALUES ( 17777, 12770, '10:49:00', '10:49:00', 20 );
INSERT INTO "times" VALUES ( 17777, 12780, '10:45:00', '10:45:00', 20 );
INSERT INTO "times" VALUES ( 17777, 12790, '10:42:00', '10:42:00', 20 );
INSERT INTO "times" VALUES ( 17777, 12800, '10:37:00', '10:41:00', 20 );
INSERT INTO "times" VALUES ( 17777, 12810, '10:35:00', '10:35:00', 20 );
INSERT INTO "times" VALUES ( 17777, 12820, '10:33:00', '10:33:00', 20 );
INSERT INTO "times" VALUES ( 17777, 12830, '10:32:00', '10:32:00', 20 );
INSERT INTO "times" VALUES ( 17777, 12840, '10:30:00', '10:30:00', 20 );
INSERT INTO "times" VALUES ( 17777, 12850, '10:29:00', '10:29:00', 20 );
INSERT INTO "times" VALUES ( 17777, 12860, '10:27:00', '10:27:00', 20 );
INSERT INTO "times" VALUES ( 17777, 12870, '10:25:00', '10:25:00', 20 );
INSERT INTO "times" VALUES ( 17777, 12880, '10:23:00', '10:23:00', 20 );
INSERT INTO "times" VALUES ( 17777, 12890, '10:22:00', '10:22:00', 20 );
INSERT INTO "times" VALUES ( 17777, 12900, '10:16:00', '10:20:00', 20 );
INSERT INTO "times" VALUES ( 17777, 13510, '10:14:00', '10:14:00', 30 );
INSERT INTO "times" VALUES ( 17777, 13520, NULL, '10:12:00', 30 );

INSERT INTO "dias" VALUES ( 17778, 120, FALSE, TRUE, 'K1005A', 13520, 12510 );
INSERT INTO "dias_line_groups" VALUES ( 17778, 10 );
INSERT INTO "times" VALUES ( 17778, 12510, '11:59:00', NULL, NULL );
INSERT INTO "times" VALUES ( 17778, 12520, '11:57:00', '11:57:00', 20 );
INSERT INTO "times" VALUES ( 17778, 12530, '11:55:00', '11:55:00', 20 );
INSERT INTO "times" VALUES ( 17778, 12540, '11:52:00', '11:52:00', 20 );
INSERT INTO "times" VALUES ( 17778, 12610, '11:47:00', '11:47:00', 20 );
INSERT INTO "times" VALUES ( 17778, 12660, '11:43:00', '11:43:00', 20 );
INSERT INTO "times" VALUES ( 17778, 12670, '11:40:00', '11:40:00', 20 );
INSERT INTO "times" VALUES ( 17778, 12680, '11:37:00', '11:37:00', 20 );
INSERT INTO "times" VALUES ( 17778, 12690, '11:34:00', '11:34:00', 20 );
INSERT INTO "times" VALUES ( 17778, 12700, '11:32:00', '11:32:00', 20 );
INSERT INTO "times" VALUES ( 17778, 12710, '11:26:00', '11:30:00', 20 );
INSERT INTO "times" VALUES ( 17778, 12720, '11:24:00', '11:24:00', 20 );
INSERT INTO "times" VALUES ( 17778, 12730, '11:21:00', '11:21:00', 20 );
INSERT INTO "times" VALUES ( 17778, 12740, '11:19:00', '11:19:00', 20 );
INSERT INTO "times" VALUES ( 17778, 12750, '11:15:00', '11:15:00', 20 );
INSERT INTO "times" VALUES ( 17778, 12760, '11:13:00', '11:13:00', 20 );
INSERT INTO "times" VALUES ( 17778, 12770, '11:09:00', '11:09:00', 20 );
INSERT INTO "times" VALUES ( 17778, 12780, '11:05:00', '11:05:00', 20 );
INSERT INTO "times" VALUES ( 17778, 12790, '11:02:00', '11:02:00', 20 );
INSERT INTO "times" VALUES ( 17778, 12800, '10:57:00', '11:01:00', 20 );
INSERT INTO "times" VALUES ( 17778, 12810, '10:55:00', '10:55:00', 20 );
INSERT INTO "times" VALUES ( 17778, 12820, '10:53:00', '10:53:00', 20 );
INSERT INTO "times" VALUES ( 17778, 12830, '10:52:00', '10:52:00', 20 );
INSERT INTO "times" VALUES ( 17778, 12840, '10:50:00', '10:50:00', 20 );
INSERT INTO "times" VALUES ( 17778, 12850, '10:49:00', '10:49:00', 20 );
INSERT INTO "times" VALUES ( 17778, 12860, '10:47:00', '10:47:00', 20 );
INSERT INTO "times" VALUES ( 17778, 12870, '10:45:00', '10:45:00', 20 );
INSERT INTO "times" VALUES ( 17778, 12880, '10:43:00', '10:43:00', 20 );
INSERT INTO "times" VALUES ( 17778, 12890, '10:42:00', '10:42:00', 20 );
INSERT INTO "times" VALUES ( 17778, 12900, '10:36:00', '10:40:00', 20 );
INSERT INTO "times" VALUES ( 17778, 13510, '10:34:00', '10:34:00', 30 );
INSERT INTO "times" VALUES ( 17778, 13520, NULL, '10:32:00', 30 );

INSERT INTO "dias" VALUES ( 17779, 120, FALSE, TRUE, 'K1007A', 13520, 12510 );
INSERT INTO "dias_line_groups" VALUES ( 17779, 10 );
INSERT INTO "times" VALUES ( 17779, 12510, '12:09:00', NULL, NULL );
INSERT INTO "times" VALUES ( 17779, 12520, '12:07:00', '12:07:00', 20 );
INSERT INTO "times" VALUES ( 17779, 12530, '12:05:00', '12:05:00', 20 );
INSERT INTO "times" VALUES ( 17779, 12540, '12:02:00', '12:02:00', 20 );
INSERT INTO "times" VALUES ( 17779, 12610, '11:57:00', '11:57:00', 20 );
INSERT INTO "times" VALUES ( 17779, 12660, '11:53:00', '11:53:00', 20 );
INSERT INTO "times" VALUES ( 17779, 12670, '11:50:00', '11:50:00', 20 );
INSERT INTO "times" VALUES ( 17779, 12680, '11:47:00', '11:47:00', 20 );
INSERT INTO "times" VALUES ( 17779, 12690, '11:44:00', '11:44:00', 20 );
INSERT INTO "times" VALUES ( 17779, 12700, '11:42:00', '11:42:00', 20 );
INSERT INTO "times" VALUES ( 17779, 12710, '11:36:00', '11:40:00', 20 );
INSERT INTO "times" VALUES ( 17779, 12720, '11:34:00', '11:34:00', 20 );
INSERT INTO "times" VALUES ( 17779, 12730, '11:31:00', '11:31:00', 20 );
INSERT INTO "times" VALUES ( 17779, 12740, '11:29:00', '11:29:00', 20 );
INSERT INTO "times" VALUES ( 17779, 12750, '11:25:00', '11:25:00', 20 );
INSERT INTO "times" VALUES ( 17779, 12760, '11:23:00', '11:23:00', 20 );
INSERT INTO "times" VALUES ( 17779, 12770, '11:19:00', '11:19:00', 20 );
INSERT INTO "times" VALUES ( 17779, 12780, '11:15:00', '11:15:00', 20 );
INSERT INTO "times" VALUES ( 17779, 12790, '11:12:00', '11:12:00', 20 );
INSERT INTO "times" VALUES ( 17779, 12800, '11:07:00', '11:11:00', 20 );
INSERT INTO "times" VALUES ( 17779, 12810, '11:05:00', '11:05:00', 20 );
INSERT INTO "times" VALUES ( 17779, 12820, '11:03:00', '11:03:00', 20 );
INSERT INTO "times" VALUES ( 17779, 12830, '11:02:00', '11:02:00', 20 );
INSERT INTO "times" VALUES ( 17779, 12840, '11:00:00', '11:00:00', 20 );
INSERT INTO "times" VALUES ( 17779, 12850, '10:59:00', '10:59:00', 20 );
INSERT INTO "times" VALUES ( 17779, 12860, '10:57:00', '10:57:00', 20 );
INSERT INTO "times" VALUES ( 17779, 12870, '10:55:00', '10:55:00', 20 );
INSERT INTO "times" VALUES ( 17779, 12880, '10:53:00', '10:53:00', 20 );
INSERT INTO "times" VALUES ( 17779, 12890, '10:52:00', '10:52:00', 20 );
INSERT INTO "times" VALUES ( 17779, 12900, '10:46:00', '10:50:00', 20 );
INSERT INTO "times" VALUES ( 17779, 13510, '10:44:00', '10:44:00', 30 );
INSERT INTO "times" VALUES ( 17779, 13520, NULL, '10:42:00', 30 );

INSERT INTO "dias" VALUES ( 17780, 120, FALSE, TRUE, 'K1100Z', 12510, 13520 );
INSERT INTO "dias_line_groups" VALUES ( 17780, 10 );
INSERT INTO "times" VALUES ( 17780, 12510, NULL, '11:02:00', 20 );
INSERT INTO "times" VALUES ( 17780, 12520, '11:03:00', '11:03:00', 20 );
INSERT INTO "times" VALUES ( 17780, 12530, '11:06:00', '11:06:00', 20 );
INSERT INTO "times" VALUES ( 17780, 12540, '11:09:00', '11:09:00', 20 );
INSERT INTO "times" VALUES ( 17780, 12610, '11:14:00', '11:14:00', 20 );
INSERT INTO "times" VALUES ( 17780, 12660, '11:18:00', '11:18:00', 20 );
INSERT INTO "times" VALUES ( 17780, 12670, '11:21:00', '11:21:00', 20 );
INSERT INTO "times" VALUES ( 17780, 12680, '11:24:00', '11:24:00', 20 );
INSERT INTO "times" VALUES ( 17780, 12690, '11:26:00', '11:26:00', 20 );
INSERT INTO "times" VALUES ( 17780, 12700, '11:28:00', '11:28:00', 20 );
INSERT INTO "times" VALUES ( 17780, 12710, '11:30:00', '11:34:00', 20 );
INSERT INTO "times" VALUES ( 17780, 12720, '11:36:00', '11:36:00', 20 );
INSERT INTO "times" VALUES ( 17780, 12730, '11:39:00', '11:39:00', 20 );
INSERT INTO "times" VALUES ( 17780, 12740, '11:42:00', '11:42:00', 20 );
INSERT INTO "times" VALUES ( 17780, 12750, '11:45:00', '11:45:00', 20 );
INSERT INTO "times" VALUES ( 17780, 12760, '11:48:00', '11:48:00', 20 );
INSERT INTO "times" VALUES ( 17780, 12770, '11:52:00', '11:52:00', 20 );
INSERT INTO "times" VALUES ( 17780, 12780, '11:56:00', '11:56:00', 20 );
INSERT INTO "times" VALUES ( 17780, 12790, '11:57:00', '11:57:00', 20 );
INSERT INTO "times" VALUES ( 17780, 12800, '11:59:00', '12:03:00', 20 );
INSERT INTO "times" VALUES ( 17780, 12810, '12:05:00', '12:05:00', 20 );
INSERT INTO "times" VALUES ( 17780, 12820, '12:06:00', '12:06:00', 20 );
INSERT INTO "times" VALUES ( 17780, 12830, '12:08:00', '12:08:00', 20 );
INSERT INTO "times" VALUES ( 17780, 12840, '12:09:00', '12:09:00', 20 );
INSERT INTO "times" VALUES ( 17780, 12850, '12:11:00', '12:11:00', 20 );
INSERT INTO "times" VALUES ( 17780, 12860, '12:12:00', '12:12:00', 20 );
INSERT INTO "times" VALUES ( 17780, 12870, '12:14:00', '12:14:00', 20 );
INSERT INTO "times" VALUES ( 17780, 12880, '12:16:00', '12:16:00', 20 );
INSERT INTO "times" VALUES ( 17780, 12890, '12:18:00', '12:18:00', 20 );
INSERT INTO "times" VALUES ( 17780, 12900, '12:19:00', '12:23:00', 20 );
INSERT INTO "times" VALUES ( 17780, 13510, '12:25:00', '12:25:00', 30 );
INSERT INTO "times" VALUES ( 17780, 13520, '12:28:00', NULL, NULL );

INSERT INTO "dias" VALUES ( 17781, 120, FALSE, TRUE, 'K1101A', 13520, 12510 );
INSERT INTO "dias_line_groups" VALUES ( 17781, 10 );
INSERT INTO "times" VALUES ( 17781, 12510, '12:29:00', NULL, NULL );
INSERT INTO "times" VALUES ( 17781, 12520, '12:27:00', '12:27:00', 20 );
INSERT INTO "times" VALUES ( 17781, 12530, '12:25:00', '12:25:00', 20 );
INSERT INTO "times" VALUES ( 17781, 12540, '12:22:00', '12:22:00', 20 );
INSERT INTO "times" VALUES ( 17781, 12610, '12:17:00', '12:17:00', 20 );
INSERT INTO "times" VALUES ( 17781, 12660, '12:13:00', '12:13:00', 20 );
INSERT INTO "times" VALUES ( 17781, 12670, '12:10:00', '12:10:00', 20 );
INSERT INTO "times" VALUES ( 17781, 12680, '12:07:00', '12:07:00', 20 );
INSERT INTO "times" VALUES ( 17781, 12690, '12:04:00', '12:04:00', 20 );
INSERT INTO "times" VALUES ( 17781, 12700, '12:02:00', '12:02:00', 20 );
INSERT INTO "times" VALUES ( 17781, 12710, '11:56:00', '12:00:00', 20 );
INSERT INTO "times" VALUES ( 17781, 12720, '11:54:00', '11:54:00', 20 );
INSERT INTO "times" VALUES ( 17781, 12730, '11:51:00', '11:51:00', 20 );
INSERT INTO "times" VALUES ( 17781, 12740, '11:49:00', '11:49:00', 20 );
INSERT INTO "times" VALUES ( 17781, 12750, '11:45:00', '11:45:00', 20 );
INSERT INTO "times" VALUES ( 17781, 12760, '11:43:00', '11:43:00', 20 );
INSERT INTO "times" VALUES ( 17781, 12770, '11:39:00', '11:39:00', 20 );
INSERT INTO "times" VALUES ( 17781, 12780, '11:35:00', '11:35:00', 20 );
INSERT INTO "times" VALUES ( 17781, 12790, '11:32:00', '11:32:00', 20 );
INSERT INTO "times" VALUES ( 17781, 12800, '11:27:00', '11:31:00', 20 );
INSERT INTO "times" VALUES ( 17781, 12810, '11:25:00', '11:25:00', 20 );
INSERT INTO "times" VALUES ( 17781, 12820, '11:23:00', '11:23:00', 20 );
INSERT INTO "times" VALUES ( 17781, 12830, '11:22:00', '11:22:00', 20 );
INSERT INTO "times" VALUES ( 17781, 12840, '11:20:00', '11:20:00', 20 );
INSERT INTO "times" VALUES ( 17781, 12850, '11:19:00', '11:19:00', 20 );
INSERT INTO "times" VALUES ( 17781, 12860, '11:17:00', '11:17:00', 20 );
INSERT INTO "times" VALUES ( 17781, 12870, '11:15:00', '11:15:00', 20 );
INSERT INTO "times" VALUES ( 17781, 12880, '11:13:00', '11:13:00', 20 );
INSERT INTO "times" VALUES ( 17781, 12890, '11:12:00', '11:12:00', 20 );
INSERT INTO "times" VALUES ( 17781, 12900, '11:06:00', '11:10:00', 20 );
INSERT INTO "times" VALUES ( 17781, 13510, '11:04:00', '11:04:00', 30 );
INSERT INTO "times" VALUES ( 17781, 13520, NULL, '11:02:00', 30 );

INSERT INTO "dias" VALUES ( 17782, 120, FALSE, TRUE, 'K1102Z', 12510, 13520 );
INSERT INTO "dias_line_groups" VALUES ( 17782, 10 );
INSERT INTO "times" VALUES ( 17782, 12510, NULL, '11:32:00', 20 );
INSERT INTO "times" VALUES ( 17782, 12520, '11:34:00', '11:34:00', 20 );
INSERT INTO "times" VALUES ( 17782, 12530, '11:36:00', '11:36:00', 20 );
INSERT INTO "times" VALUES ( 17782, 12540, '11:39:00', '11:39:00', 20 );
INSERT INTO "times" VALUES ( 17782, 12610, '11:44:00', '11:44:00', 20 );
INSERT INTO "times" VALUES ( 17782, 12660, '11:48:00', '11:48:00', 20 );
INSERT INTO "times" VALUES ( 17782, 12670, '11:51:00', '11:51:00', 20 );
INSERT INTO "times" VALUES ( 17782, 12680, '11:54:00', '11:54:00', 20 );
INSERT INTO "times" VALUES ( 17782, 12690, '11:56:00', '11:56:00', 20 );
INSERT INTO "times" VALUES ( 17782, 12700, '11:58:00', '11:58:00', 20 );
INSERT INTO "times" VALUES ( 17782, 12710, '12:00:00', '12:04:00', 20 );
INSERT INTO "times" VALUES ( 17782, 12720, '12:06:00', '12:06:00', 20 );
INSERT INTO "times" VALUES ( 17782, 12730, '12:08:00', '12:08:00', 20 );
INSERT INTO "times" VALUES ( 17782, 12740, '12:11:00', '12:12:00', 20 );
INSERT INTO "times" VALUES ( 17782, 12750, '12:15:00', '12:15:00', 20 );
INSERT INTO "times" VALUES ( 17782, 12760, '12:18:00', '12:18:00', 20 );
INSERT INTO "times" VALUES ( 17782, 12770, '12:22:00', '12:22:00', 20 );
INSERT INTO "times" VALUES ( 17782, 12780, '12:26:00', '12:26:00', 20 );
INSERT INTO "times" VALUES ( 17782, 12790, '12:27:00', '12:27:00', 20 );
INSERT INTO "times" VALUES ( 17782, 12800, '12:29:00', '12:33:00', 20 );
INSERT INTO "times" VALUES ( 17782, 12810, '12:35:00', '12:35:00', 20 );
INSERT INTO "times" VALUES ( 17782, 12820, '12:36:00', '12:36:00', 20 );
INSERT INTO "times" VALUES ( 17782, 12830, '12:38:00', '12:38:00', 20 );
INSERT INTO "times" VALUES ( 17782, 12840, '12:39:00', '12:39:00', 20 );
INSERT INTO "times" VALUES ( 17782, 12850, '12:41:00', '12:41:00', 20 );
INSERT INTO "times" VALUES ( 17782, 12860, '12:42:00', '12:42:00', 20 );
INSERT INTO "times" VALUES ( 17782, 12870, '12:44:00', '12:44:00', 20 );
INSERT INTO "times" VALUES ( 17782, 12880, '12:46:00', '12:46:00', 20 );
INSERT INTO "times" VALUES ( 17782, 12890, '12:48:00', '12:48:00', 20 );
INSERT INTO "times" VALUES ( 17782, 12900, '12:49:00', '12:53:00', 20 );
INSERT INTO "times" VALUES ( 17782, 13510, '12:55:00', '12:55:00', 30 );
INSERT INTO "times" VALUES ( 17782, 13520, '12:58:00', NULL, NULL );

INSERT INTO "dias" VALUES ( 17783, 120, FALSE, TRUE, 'K1103A', 13520, 12510 );
INSERT INTO "dias_line_groups" VALUES ( 17783, 10 );
INSERT INTO "times" VALUES ( 17783, 12510, '12:39:00', NULL, NULL );
INSERT INTO "times" VALUES ( 17783, 12520, '12:37:00', '12:37:00', 20 );
INSERT INTO "times" VALUES ( 17783, 12530, '12:35:00', '12:35:00', 20 );
INSERT INTO "times" VALUES ( 17783, 12540, '12:32:00', '12:32:00', 20 );
INSERT INTO "times" VALUES ( 17783, 12610, '12:27:00', '12:27:00', 20 );
INSERT INTO "times" VALUES ( 17783, 12660, '12:23:00', '12:23:00', 20 );
INSERT INTO "times" VALUES ( 17783, 12670, '12:20:00', '12:20:00', 20 );
INSERT INTO "times" VALUES ( 17783, 12680, '12:17:00', '12:17:00', 20 );
INSERT INTO "times" VALUES ( 17783, 12690, '12:14:00', '12:14:00', 20 );
INSERT INTO "times" VALUES ( 17783, 12700, '12:12:00', '12:12:00', 20 );
INSERT INTO "times" VALUES ( 17783, 12710, '12:06:00', '12:10:00', 20 );
INSERT INTO "times" VALUES ( 17783, 12720, '12:04:00', '12:04:00', 20 );
INSERT INTO "times" VALUES ( 17783, 12730, '12:01:00', '12:01:00', 20 );
INSERT INTO "times" VALUES ( 17783, 12740, '11:59:00', '11:59:00', 20 );
INSERT INTO "times" VALUES ( 17783, 12750, '11:55:00', '11:55:00', 20 );
INSERT INTO "times" VALUES ( 17783, 12760, '11:53:00', '11:53:00', 20 );
INSERT INTO "times" VALUES ( 17783, 12770, '11:49:00', '11:49:00', 20 );
INSERT INTO "times" VALUES ( 17783, 12780, '11:45:00', '11:45:00', 20 );
INSERT INTO "times" VALUES ( 17783, 12790, '11:42:00', '11:42:00', 20 );
INSERT INTO "times" VALUES ( 17783, 12800, '11:37:00', '11:41:00', 20 );
INSERT INTO "times" VALUES ( 17783, 12810, '11:35:00', '11:35:00', 20 );
INSERT INTO "times" VALUES ( 17783, 12820, '11:33:00', '11:33:00', 20 );
INSERT INTO "times" VALUES ( 17783, 12830, '11:32:00', '11:32:00', 20 );
INSERT INTO "times" VALUES ( 17783, 12840, '11:30:00', '11:30:00', 20 );
INSERT INTO "times" VALUES ( 17783, 12850, '11:29:00', '11:29:00', 20 );
INSERT INTO "times" VALUES ( 17783, 12860, '11:27:00', '11:27:00', 20 );
INSERT INTO "times" VALUES ( 17783, 12870, '11:25:00', '11:25:00', 20 );
INSERT INTO "times" VALUES ( 17783, 12880, '11:23:00', '11:23:00', 20 );
INSERT INTO "times" VALUES ( 17783, 12890, '11:22:00', '11:22:00', 20 );
INSERT INTO "times" VALUES ( 17783, 12900, '11:16:00', '11:20:00', 20 );
INSERT INTO "times" VALUES ( 17783, 13510, '11:14:00', '11:14:00', 30 );
INSERT INTO "times" VALUES ( 17783, 13520, NULL, '11:12:00', 30 );

INSERT INTO "dias" VALUES ( 17784, 120, FALSE, TRUE, 'K1105A', 13520, 12510 );
INSERT INTO "dias_line_groups" VALUES ( 17784, 10 );
INSERT INTO "times" VALUES ( 17784, 12510, '13:09:00', NULL, NULL );
INSERT INTO "times" VALUES ( 17784, 12520, '13:07:00', '13:07:00', 20 );
INSERT INTO "times" VALUES ( 17784, 12530, '13:06:00', '13:06:00', 20 );
INSERT INTO "times" VALUES ( 17784, 12540, '13:03:00', '13:03:00', 20 );
INSERT INTO "times" VALUES ( 17784, 12610, '12:58:00', '12:58:00', 20 );
INSERT INTO "times" VALUES ( 17784, 12660, '12:53:00', '12:53:00', 20 );
INSERT INTO "times" VALUES ( 17784, 12670, '12:50:00', '12:50:00', 20 );
INSERT INTO "times" VALUES ( 17784, 12680, '12:48:00', '12:48:00', 20 );
INSERT INTO "times" VALUES ( 17784, 12690, '12:45:00', '12:45:00', 20 );
INSERT INTO "times" VALUES ( 17784, 12700, '12:43:00', '12:43:00', 20 );
INSERT INTO "times" VALUES ( 17784, 12710, '12:37:00', '12:41:00', 20 );
INSERT INTO "times" VALUES ( 17784, 12720, '12:34:00', '12:34:00', 20 );
INSERT INTO "times" VALUES ( 17784, 12730, '12:32:00', '12:32:00', 20 );
INSERT INTO "times" VALUES ( 17784, 12740, '12:30:00', '12:30:00', 20 );
INSERT INTO "times" VALUES ( 17784, 12750, '12:26:00', '12:26:00', 20 );
INSERT INTO "times" VALUES ( 17784, 12760, '12:24:00', '12:24:00', 20 );
INSERT INTO "times" VALUES ( 17784, 12770, '12:20:00', '12:20:00', 20 );
INSERT INTO "times" VALUES ( 17784, 12780, '12:15:00', '12:15:00', 20 );
INSERT INTO "times" VALUES ( 17784, 12790, '12:13:00', '12:13:00', 20 );
INSERT INTO "times" VALUES ( 17784, 12800, '12:07:00', '12:11:00', 20 );
INSERT INTO "times" VALUES ( 17784, 12810, '12:05:00', '12:05:00', 20 );
INSERT INTO "times" VALUES ( 17784, 12820, '12:03:00', '12:03:00', 20 );
INSERT INTO "times" VALUES ( 17784, 12830, '12:02:00', '12:02:00', 20 );
INSERT INTO "times" VALUES ( 17784, 12840, '12:00:00', '12:00:00', 20 );
INSERT INTO "times" VALUES ( 17784, 12850, '11:59:00', '11:59:00', 20 );
INSERT INTO "times" VALUES ( 17784, 12860, '11:57:00', '11:57:00', 20 );
INSERT INTO "times" VALUES ( 17784, 12870, '11:55:00', '11:55:00', 20 );
INSERT INTO "times" VALUES ( 17784, 12880, '11:53:00', '11:53:00', 20 );
INSERT INTO "times" VALUES ( 17784, 12890, '11:52:00', '11:52:00', 20 );
INSERT INTO "times" VALUES ( 17784, 12900, '11:46:00', '11:50:00', 20 );
INSERT INTO "times" VALUES ( 17784, 13510, '11:44:00', '11:44:00', 30 );
INSERT INTO "times" VALUES ( 17784, 13520, NULL, '11:42:00', 30 );

INSERT INTO "dias" VALUES ( 17785, 120, FALSE, TRUE, 'K1200Z', 12510, 13520 );
INSERT INTO "dias_line_groups" VALUES ( 17785, 10 );
INSERT INTO "times" VALUES ( 17785, 12510, NULL, '12:02:00', 20 );
INSERT INTO "times" VALUES ( 17785, 12520, '12:04:00', '12:04:00', 20 );
INSERT INTO "times" VALUES ( 17785, 12530, '12:06:00', '12:06:00', 20 );
INSERT INTO "times" VALUES ( 17785, 12540, '12:09:00', '12:09:00', 20 );
INSERT INTO "times" VALUES ( 17785, 12610, '12:14:00', '12:14:00', 20 );
INSERT INTO "times" VALUES ( 17785, 12660, '12:18:00', '12:18:00', 20 );
INSERT INTO "times" VALUES ( 17785, 12670, '12:21:00', '12:21:00', 20 );
INSERT INTO "times" VALUES ( 17785, 12680, '12:24:00', '12:24:00', 20 );
INSERT INTO "times" VALUES ( 17785, 12690, '12:26:00', '12:26:00', 20 );
INSERT INTO "times" VALUES ( 17785, 12700, '12:28:00', '12:28:00', 20 );
INSERT INTO "times" VALUES ( 17785, 12710, '12:30:00', '12:34:00', 20 );
INSERT INTO "times" VALUES ( 17785, 12720, '12:36:00', '12:36:00', 20 );
INSERT INTO "times" VALUES ( 17785, 12730, '12:38:00', '12:38:00', 20 );
INSERT INTO "times" VALUES ( 17785, 12740, '12:41:00', '12:42:00', 20 );
INSERT INTO "times" VALUES ( 17785, 12750, '12:45:00', '12:45:00', 20 );
INSERT INTO "times" VALUES ( 17785, 12760, '12:48:00', '12:48:00', 20 );
INSERT INTO "times" VALUES ( 17785, 12770, '12:52:00', '12:52:00', 20 );
INSERT INTO "times" VALUES ( 17785, 12780, '12:56:00', '12:56:00', 20 );
INSERT INTO "times" VALUES ( 17785, 12790, '12:57:00', '12:57:00', 20 );
INSERT INTO "times" VALUES ( 17785, 12800, '12:59:00', '13:03:00', 20 );
INSERT INTO "times" VALUES ( 17785, 12810, '13:05:00', '13:05:00', 20 );
INSERT INTO "times" VALUES ( 17785, 12820, '13:06:00', '13:06:00', 20 );
INSERT INTO "times" VALUES ( 17785, 12830, '13:08:00', '13:08:00', 20 );
INSERT INTO "times" VALUES ( 17785, 12840, '13:09:00', '13:09:00', 20 );
INSERT INTO "times" VALUES ( 17785, 12850, '13:11:00', '13:11:00', 20 );
INSERT INTO "times" VALUES ( 17785, 12860, '13:12:00', '13:12:00', 20 );
INSERT INTO "times" VALUES ( 17785, 12870, '13:14:00', '13:14:00', 20 );
INSERT INTO "times" VALUES ( 17785, 12880, '13:16:00', '13:16:00', 20 );
INSERT INTO "times" VALUES ( 17785, 12890, '13:18:00', '13:18:00', 20 );
INSERT INTO "times" VALUES ( 17785, 12900, '13:19:00', '13:23:00', 20 );
INSERT INTO "times" VALUES ( 17785, 13510, '13:25:00', '13:25:00', 30 );
INSERT INTO "times" VALUES ( 17785, 13520, '13:28:00', NULL, NULL );

INSERT INTO "dias" VALUES ( 17786, 120, FALSE, TRUE, 'K1201A', 13520, 12510 );
INSERT INTO "dias_line_groups" VALUES ( 17786, 10 );
INSERT INTO "times" VALUES ( 17786, 12510, '13:39:00', NULL, NULL );
INSERT INTO "times" VALUES ( 17786, 12520, '13:37:00', '13:37:00', 20 );
INSERT INTO "times" VALUES ( 17786, 12530, '13:36:00', '13:36:00', 20 );
INSERT INTO "times" VALUES ( 17786, 12540, '13:33:00', '13:33:00', 20 );
INSERT INTO "times" VALUES ( 17786, 12610, '13:28:00', '13:28:00', 20 );
INSERT INTO "times" VALUES ( 17786, 12660, '13:23:00', '13:23:00', 20 );
INSERT INTO "times" VALUES ( 17786, 12670, '13:20:00', '13:20:00', 20 );
INSERT INTO "times" VALUES ( 17786, 12680, '13:18:00', '13:18:00', 20 );
INSERT INTO "times" VALUES ( 17786, 12690, '13:15:00', '13:15:00', 20 );
INSERT INTO "times" VALUES ( 17786, 12700, '13:13:00', '13:13:00', 20 );
INSERT INTO "times" VALUES ( 17786, 12710, '13:07:00', '13:11:00', 20 );
INSERT INTO "times" VALUES ( 17786, 12720, '13:04:00', '13:04:00', 20 );
INSERT INTO "times" VALUES ( 17786, 12730, '13:02:00', '13:02:00', 20 );
INSERT INTO "times" VALUES ( 17786, 12740, '13:00:00', '13:00:00', 20 );
INSERT INTO "times" VALUES ( 17786, 12750, '12:56:00', '12:56:00', 20 );
INSERT INTO "times" VALUES ( 17786, 12760, '12:54:00', '12:54:00', 20 );
INSERT INTO "times" VALUES ( 17786, 12770, '12:50:00', '12:50:00', 20 );
INSERT INTO "times" VALUES ( 17786, 12780, '12:45:00', '12:45:00', 20 );
INSERT INTO "times" VALUES ( 17786, 12790, '12:43:00', '12:43:00', 20 );
INSERT INTO "times" VALUES ( 17786, 12800, '12:38:00', '12:41:00', 20 );
INSERT INTO "times" VALUES ( 17786, 12810, '12:36:00', '12:36:00', 20 );
INSERT INTO "times" VALUES ( 17786, 12820, '12:34:00', '12:34:00', 20 );
INSERT INTO "times" VALUES ( 17786, 12830, '12:33:00', '12:33:00', 20 );
INSERT INTO "times" VALUES ( 17786, 12840, '12:31:00', '12:31:00', 20 );
INSERT INTO "times" VALUES ( 17786, 12850, '12:29:00', '12:29:00', 20 );
INSERT INTO "times" VALUES ( 17786, 12860, '12:28:00', '12:28:00', 20 );
INSERT INTO "times" VALUES ( 17786, 12870, '12:26:00', '12:26:00', 20 );
INSERT INTO "times" VALUES ( 17786, 12880, '12:24:00', '12:24:00', 20 );
INSERT INTO "times" VALUES ( 17786, 12890, '12:22:00', '12:22:00', 20 );
INSERT INTO "times" VALUES ( 17786, 12900, '12:17:00', '12:21:00', 20 );
INSERT INTO "times" VALUES ( 17786, 13510, '12:15:00', '12:15:00', 30 );
INSERT INTO "times" VALUES ( 17786, 13520, NULL, '12:13:00', 30 );

INSERT INTO "dias" VALUES ( 17787, 120, FALSE, TRUE, 'K1202Z', 12510, 13520 );
INSERT INTO "dias_line_groups" VALUES ( 17787, 10 );
INSERT INTO "times" VALUES ( 17787, 12510, NULL, '12:32:00', 20 );
INSERT INTO "times" VALUES ( 17787, 12520, '12:34:00', '12:34:00', 20 );
INSERT INTO "times" VALUES ( 17787, 12530, '12:36:00', '12:36:00', 20 );
INSERT INTO "times" VALUES ( 17787, 12540, '12:39:00', '12:39:00', 20 );
INSERT INTO "times" VALUES ( 17787, 12610, '12:44:00', '12:44:00', 20 );
INSERT INTO "times" VALUES ( 17787, 12660, '12:48:00', '12:48:00', 20 );
INSERT INTO "times" VALUES ( 17787, 12670, '12:51:00', '12:51:00', 20 );
INSERT INTO "times" VALUES ( 17787, 12680, '12:54:00', '12:54:00', 20 );
INSERT INTO "times" VALUES ( 17787, 12690, '12:56:00', '12:56:00', 20 );
INSERT INTO "times" VALUES ( 17787, 12700, '12:58:00', '12:58:00', 20 );
INSERT INTO "times" VALUES ( 17787, 12710, '13:00:00', '13:04:00', 20 );
INSERT INTO "times" VALUES ( 17787, 12720, '13:06:00', '13:06:00', 20 );
INSERT INTO "times" VALUES ( 17787, 12730, '13:08:00', '13:08:00', 20 );
INSERT INTO "times" VALUES ( 17787, 12740, '13:11:00', '13:12:00', 20 );
INSERT INTO "times" VALUES ( 17787, 12750, '13:15:00', '13:15:00', 20 );
INSERT INTO "times" VALUES ( 17787, 12760, '13:18:00', '13:18:00', 20 );
INSERT INTO "times" VALUES ( 17787, 12770, '13:22:00', '13:22:00', 20 );
INSERT INTO "times" VALUES ( 17787, 12780, '13:26:00', '13:26:00', 20 );
INSERT INTO "times" VALUES ( 17787, 12790, '13:27:00', '13:27:00', 20 );
INSERT INTO "times" VALUES ( 17787, 12800, '13:29:00', '13:33:00', 20 );
INSERT INTO "times" VALUES ( 17787, 12810, '13:35:00', '13:35:00', 20 );
INSERT INTO "times" VALUES ( 17787, 12820, '13:36:00', '13:36:00', 20 );
INSERT INTO "times" VALUES ( 17787, 12830, '13:38:00', '13:38:00', 20 );
INSERT INTO "times" VALUES ( 17787, 12840, '13:39:00', '13:39:00', 20 );
INSERT INTO "times" VALUES ( 17787, 12850, '13:41:00', '13:41:00', 20 );
INSERT INTO "times" VALUES ( 17787, 12860, '13:42:00', '13:42:00', 20 );
INSERT INTO "times" VALUES ( 17787, 12870, '13:44:00', '13:44:00', 20 );
INSERT INTO "times" VALUES ( 17787, 12880, '13:46:00', '13:46:00', 20 );
INSERT INTO "times" VALUES ( 17787, 12890, '13:48:00', '13:48:00', 20 );
INSERT INTO "times" VALUES ( 17787, 12900, '13:49:00', '13:53:00', 20 );
INSERT INTO "times" VALUES ( 17787, 13510, '13:55:00', '13:55:00', 30 );
INSERT INTO "times" VALUES ( 17787, 13520, '13:58:00', NULL, NULL );

INSERT INTO "dias" VALUES ( 17788, 120, FALSE, TRUE, 'K1203A', 13520, 12510 );
INSERT INTO "dias_line_groups" VALUES ( 17788, 10 );
INSERT INTO "times" VALUES ( 17788, 12510, '14:09:00', NULL, NULL );
INSERT INTO "times" VALUES ( 17788, 12520, '14:07:00', '14:07:00', 20 );
INSERT INTO "times" VALUES ( 17788, 12530, '14:06:00', '14:06:00', 20 );
INSERT INTO "times" VALUES ( 17788, 12540, '14:03:00', '14:03:00', 20 );
INSERT INTO "times" VALUES ( 17788, 12610, '13:58:00', '13:58:00', 20 );
INSERT INTO "times" VALUES ( 17788, 12660, '13:53:00', '13:53:00', 20 );
INSERT INTO "times" VALUES ( 17788, 12670, '13:50:00', '13:50:00', 20 );
INSERT INTO "times" VALUES ( 17788, 12680, '13:48:00', '13:48:00', 20 );
INSERT INTO "times" VALUES ( 17788, 12690, '13:45:00', '13:45:00', 20 );
INSERT INTO "times" VALUES ( 17788, 12700, '13:43:00', '13:43:00', 20 );
INSERT INTO "times" VALUES ( 17788, 12710, '13:37:00', '13:41:00', 20 );
INSERT INTO "times" VALUES ( 17788, 12720, '13:34:00', '13:34:00', 20 );
INSERT INTO "times" VALUES ( 17788, 12730, '13:32:00', '13:32:00', 20 );
INSERT INTO "times" VALUES ( 17788, 12740, '13:30:00', '13:30:00', 20 );
INSERT INTO "times" VALUES ( 17788, 12750, '13:26:00', '13:26:00', 20 );
INSERT INTO "times" VALUES ( 17788, 12760, '13:24:00', '13:24:00', 20 );
INSERT INTO "times" VALUES ( 17788, 12770, '13:20:00', '13:20:00', 20 );
INSERT INTO "times" VALUES ( 17788, 12780, '13:15:00', '13:15:00', 20 );
INSERT INTO "times" VALUES ( 17788, 12790, '13:13:00', '13:13:00', 20 );
INSERT INTO "times" VALUES ( 17788, 12800, '13:08:00', '13:11:00', 20 );
INSERT INTO "times" VALUES ( 17788, 12810, '13:06:00', '13:06:00', 20 );
INSERT INTO "times" VALUES ( 17788, 12820, '13:04:00', '13:04:00', 20 );
INSERT INTO "times" VALUES ( 17788, 12830, '13:03:00', '13:03:00', 20 );
INSERT INTO "times" VALUES ( 17788, 12840, '13:01:00', '13:01:00', 20 );
INSERT INTO "times" VALUES ( 17788, 12850, '12:59:00', '12:59:00', 20 );
INSERT INTO "times" VALUES ( 17788, 12860, '12:58:00', '12:58:00', 20 );
INSERT INTO "times" VALUES ( 17788, 12870, '12:56:00', '12:56:00', 20 );
INSERT INTO "times" VALUES ( 17788, 12880, '12:54:00', '12:54:00', 20 );
INSERT INTO "times" VALUES ( 17788, 12890, '12:52:00', '12:52:00', 20 );
INSERT INTO "times" VALUES ( 17788, 12900, '12:47:00', '12:51:00', 20 );
INSERT INTO "times" VALUES ( 17788, 13510, '12:45:00', '12:45:00', 30 );
INSERT INTO "times" VALUES ( 17788, 13520, NULL, '12:43:00', 30 );

INSERT INTO "dias" VALUES ( 17789, 120, FALSE, TRUE, 'K1300Z', 12510, 13520 );
INSERT INTO "dias_line_groups" VALUES ( 17789, 10 );
INSERT INTO "times" VALUES ( 17789, 12510, NULL, '13:02:00', 20 );
INSERT INTO "times" VALUES ( 17789, 12520, '13:04:00', '13:04:00', 20 );
INSERT INTO "times" VALUES ( 17789, 12530, '13:06:00', '13:06:00', 20 );
INSERT INTO "times" VALUES ( 17789, 12540, '13:09:00', '13:09:00', 20 );
INSERT INTO "times" VALUES ( 17789, 12610, '13:14:00', '13:14:00', 20 );
INSERT INTO "times" VALUES ( 17789, 12660, '13:18:00', '13:18:00', 20 );
INSERT INTO "times" VALUES ( 17789, 12670, '13:21:00', '13:21:00', 20 );
INSERT INTO "times" VALUES ( 17789, 12680, '13:24:00', '13:24:00', 20 );
INSERT INTO "times" VALUES ( 17789, 12690, '13:26:00', '13:26:00', 20 );
INSERT INTO "times" VALUES ( 17789, 12700, '13:28:00', '13:28:00', 20 );
INSERT INTO "times" VALUES ( 17789, 12710, '13:30:00', '13:34:00', 20 );
INSERT INTO "times" VALUES ( 17789, 12720, '13:36:00', '13:36:00', 20 );
INSERT INTO "times" VALUES ( 17789, 12730, '13:38:00', '13:38:00', 20 );
INSERT INTO "times" VALUES ( 17789, 12740, '13:41:00', '13:42:00', 20 );
INSERT INTO "times" VALUES ( 17789, 12750, '13:45:00', '13:45:00', 20 );
INSERT INTO "times" VALUES ( 17789, 12760, '13:48:00', '13:48:00', 20 );
INSERT INTO "times" VALUES ( 17789, 12770, '13:52:00', '13:52:00', 20 );
INSERT INTO "times" VALUES ( 17789, 12780, '13:56:00', '13:56:00', 20 );
INSERT INTO "times" VALUES ( 17789, 12790, '13:57:00', '13:57:00', 20 );
INSERT INTO "times" VALUES ( 17789, 12800, '13:59:00', '14:03:00', 20 );
INSERT INTO "times" VALUES ( 17789, 12810, '14:05:00', '14:05:00', 20 );
INSERT INTO "times" VALUES ( 17789, 12820, '14:06:00', '14:06:00', 20 );
INSERT INTO "times" VALUES ( 17789, 12830, '14:08:00', '14:08:00', 20 );
INSERT INTO "times" VALUES ( 17789, 12840, '14:09:00', '14:09:00', 20 );
INSERT INTO "times" VALUES ( 17789, 12850, '14:11:00', '14:11:00', 20 );
INSERT INTO "times" VALUES ( 17789, 12860, '14:12:00', '14:12:00', 20 );
INSERT INTO "times" VALUES ( 17789, 12870, '14:14:00', '14:14:00', 20 );
INSERT INTO "times" VALUES ( 17789, 12880, '14:16:00', '14:16:00', 20 );
INSERT INTO "times" VALUES ( 17789, 12890, '14:18:00', '14:18:00', 20 );
INSERT INTO "times" VALUES ( 17789, 12900, '14:19:00', '14:23:00', 20 );
INSERT INTO "times" VALUES ( 17789, 13510, '14:25:00', '14:25:00', 30 );
INSERT INTO "times" VALUES ( 17789, 13520, '14:28:00', NULL, NULL );

INSERT INTO "dias" VALUES ( 17790, 120, FALSE, TRUE, 'K1301A', 13520, 12510 );
INSERT INTO "dias_line_groups" VALUES ( 17790, 10 );
INSERT INTO "times" VALUES ( 17790, 12510, '14:39:00', NULL, NULL );
INSERT INTO "times" VALUES ( 17790, 12520, '14:37:00', '14:37:00', 20 );
INSERT INTO "times" VALUES ( 17790, 12530, '14:36:00', '14:36:00', 20 );
INSERT INTO "times" VALUES ( 17790, 12540, '14:33:00', '14:33:00', 20 );
INSERT INTO "times" VALUES ( 17790, 12610, '14:28:00', '14:28:00', 20 );
INSERT INTO "times" VALUES ( 17790, 12660, '14:23:00', '14:23:00', 20 );
INSERT INTO "times" VALUES ( 17790, 12670, '14:20:00', '14:20:00', 20 );
INSERT INTO "times" VALUES ( 17790, 12680, '14:18:00', '14:18:00', 20 );
INSERT INTO "times" VALUES ( 17790, 12690, '14:15:00', '14:15:00', 20 );
INSERT INTO "times" VALUES ( 17790, 12700, '14:13:00', '14:13:00', 20 );
INSERT INTO "times" VALUES ( 17790, 12710, '14:07:00', '14:11:00', 20 );
INSERT INTO "times" VALUES ( 17790, 12720, '14:04:00', '14:04:00', 20 );
INSERT INTO "times" VALUES ( 17790, 12730, '14:02:00', '14:02:00', 20 );
INSERT INTO "times" VALUES ( 17790, 12740, '14:00:00', '14:00:00', 20 );
INSERT INTO "times" VALUES ( 17790, 12750, '13:56:00', '13:56:00', 20 );
INSERT INTO "times" VALUES ( 17790, 12760, '13:54:00', '13:54:00', 20 );
INSERT INTO "times" VALUES ( 17790, 12770, '13:50:00', '13:50:00', 20 );
INSERT INTO "times" VALUES ( 17790, 12780, '13:45:00', '13:45:00', 20 );
INSERT INTO "times" VALUES ( 17790, 12790, '13:43:00', '13:43:00', 20 );
INSERT INTO "times" VALUES ( 17790, 12800, '13:38:00', '13:41:00', 20 );
INSERT INTO "times" VALUES ( 17790, 12810, '13:36:00', '13:36:00', 20 );
INSERT INTO "times" VALUES ( 17790, 12820, '13:34:00', '13:34:00', 20 );
INSERT INTO "times" VALUES ( 17790, 12830, '13:33:00', '13:33:00', 20 );
INSERT INTO "times" VALUES ( 17790, 12840, '13:31:00', '13:31:00', 20 );
INSERT INTO "times" VALUES ( 17790, 12850, '13:29:00', '13:29:00', 20 );
INSERT INTO "times" VALUES ( 17790, 12860, '13:28:00', '13:28:00', 20 );
INSERT INTO "times" VALUES ( 17790, 12870, '13:26:00', '13:26:00', 20 );
INSERT INTO "times" VALUES ( 17790, 12880, '13:24:00', '13:24:00', 20 );
INSERT INTO "times" VALUES ( 17790, 12890, '13:22:00', '13:22:00', 20 );
INSERT INTO "times" VALUES ( 17790, 12900, '13:17:00', '13:21:00', 20 );
INSERT INTO "times" VALUES ( 17790, 13510, '13:15:00', '13:15:00', 30 );
INSERT INTO "times" VALUES ( 17790, 13520, NULL, '13:13:00', 30 );

INSERT INTO "dias" VALUES ( 17791, 120, FALSE, TRUE, 'K1302Z', 12510, 13520 );
INSERT INTO "dias_line_groups" VALUES ( 17791, 10 );
INSERT INTO "times" VALUES ( 17791, 12510, NULL, '13:32:00', 20 );
INSERT INTO "times" VALUES ( 17791, 12520, '13:34:00', '13:34:00', 20 );
INSERT INTO "times" VALUES ( 17791, 12530, '13:36:00', '13:36:00', 20 );
INSERT INTO "times" VALUES ( 17791, 12540, '13:39:00', '13:39:00', 20 );
INSERT INTO "times" VALUES ( 17791, 12610, '13:44:00', '13:44:00', 20 );
INSERT INTO "times" VALUES ( 17791, 12660, '13:48:00', '13:48:00', 20 );
INSERT INTO "times" VALUES ( 17791, 12670, '13:51:00', '13:51:00', 20 );
INSERT INTO "times" VALUES ( 17791, 12680, '13:54:00', '13:54:00', 20 );
INSERT INTO "times" VALUES ( 17791, 12690, '13:56:00', '13:56:00', 20 );
INSERT INTO "times" VALUES ( 17791, 12700, '13:58:00', '13:58:00', 20 );
INSERT INTO "times" VALUES ( 17791, 12710, '14:00:00', '14:04:00', 20 );
INSERT INTO "times" VALUES ( 17791, 12720, '14:06:00', '14:06:00', 20 );
INSERT INTO "times" VALUES ( 17791, 12730, '14:08:00', '14:08:00', 20 );
INSERT INTO "times" VALUES ( 17791, 12740, '14:11:00', '14:12:00', 20 );
INSERT INTO "times" VALUES ( 17791, 12750, '14:15:00', '14:15:00', 20 );
INSERT INTO "times" VALUES ( 17791, 12760, '14:18:00', '14:18:00', 20 );
INSERT INTO "times" VALUES ( 17791, 12770, '14:22:00', '14:22:00', 20 );
INSERT INTO "times" VALUES ( 17791, 12780, '14:26:00', '14:26:00', 20 );
INSERT INTO "times" VALUES ( 17791, 12790, '14:27:00', '14:27:00', 20 );
INSERT INTO "times" VALUES ( 17791, 12800, '14:29:00', '14:33:00', 20 );
INSERT INTO "times" VALUES ( 17791, 12810, '14:35:00', '14:35:00', 20 );
INSERT INTO "times" VALUES ( 17791, 12820, '14:36:00', '14:36:00', 20 );
INSERT INTO "times" VALUES ( 17791, 12830, '14:38:00', '14:38:00', 20 );
INSERT INTO "times" VALUES ( 17791, 12840, '14:39:00', '14:39:00', 20 );
INSERT INTO "times" VALUES ( 17791, 12850, '14:41:00', '14:41:00', 20 );
INSERT INTO "times" VALUES ( 17791, 12860, '14:42:00', '14:42:00', 20 );
INSERT INTO "times" VALUES ( 17791, 12870, '14:44:00', '14:44:00', 20 );
INSERT INTO "times" VALUES ( 17791, 12880, '14:46:00', '14:46:00', 20 );
INSERT INTO "times" VALUES ( 17791, 12890, '14:48:00', '14:48:00', 20 );
INSERT INTO "times" VALUES ( 17791, 12900, '14:49:00', '14:53:00', 20 );
INSERT INTO "times" VALUES ( 17791, 13510, '14:55:00', '14:55:00', 30 );
INSERT INTO "times" VALUES ( 17791, 13520, '14:58:00', NULL, NULL );

INSERT INTO "dias" VALUES ( 17792, 120, FALSE, TRUE, 'K1303A', 13520, 12510 );
INSERT INTO "dias_line_groups" VALUES ( 17792, 10 );
INSERT INTO "times" VALUES ( 17792, 12510, '15:09:00', NULL, NULL );
INSERT INTO "times" VALUES ( 17792, 12520, '15:07:00', '15:07:00', 20 );
INSERT INTO "times" VALUES ( 17792, 12530, '15:06:00', '15:06:00', 20 );
INSERT INTO "times" VALUES ( 17792, 12540, '15:03:00', '15:03:00', 20 );
INSERT INTO "times" VALUES ( 17792, 12610, '14:58:00', '14:58:00', 20 );
INSERT INTO "times" VALUES ( 17792, 12660, '14:53:00', '14:53:00', 20 );
INSERT INTO "times" VALUES ( 17792, 12670, '14:50:00', '14:50:00', 20 );
INSERT INTO "times" VALUES ( 17792, 12680, '14:48:00', '14:48:00', 20 );
INSERT INTO "times" VALUES ( 17792, 12690, '14:45:00', '14:45:00', 20 );
INSERT INTO "times" VALUES ( 17792, 12700, '14:43:00', '14:43:00', 20 );
INSERT INTO "times" VALUES ( 17792, 12710, '14:37:00', '14:41:00', 20 );
INSERT INTO "times" VALUES ( 17792, 12720, '14:34:00', '14:34:00', 20 );
INSERT INTO "times" VALUES ( 17792, 12730, '14:32:00', '14:32:00', 20 );
INSERT INTO "times" VALUES ( 17792, 12740, '14:30:00', '14:30:00', 20 );
INSERT INTO "times" VALUES ( 17792, 12750, '14:26:00', '14:26:00', 20 );
INSERT INTO "times" VALUES ( 17792, 12760, '14:24:00', '14:24:00', 20 );
INSERT INTO "times" VALUES ( 17792, 12770, '14:20:00', '14:20:00', 20 );
INSERT INTO "times" VALUES ( 17792, 12780, '14:15:00', '14:15:00', 20 );
INSERT INTO "times" VALUES ( 17792, 12790, '14:13:00', '14:13:00', 20 );
INSERT INTO "times" VALUES ( 17792, 12800, '14:08:00', '14:11:00', 20 );
INSERT INTO "times" VALUES ( 17792, 12810, '14:06:00', '14:06:00', 20 );
INSERT INTO "times" VALUES ( 17792, 12820, '14:04:00', '14:04:00', 20 );
INSERT INTO "times" VALUES ( 17792, 12830, '14:03:00', '14:03:00', 20 );
INSERT INTO "times" VALUES ( 17792, 12840, '14:01:00', '14:01:00', 20 );
INSERT INTO "times" VALUES ( 17792, 12850, '13:59:00', '13:59:00', 20 );
INSERT INTO "times" VALUES ( 17792, 12860, '13:58:00', '13:58:00', 20 );
INSERT INTO "times" VALUES ( 17792, 12870, '13:56:00', '13:56:00', 20 );
INSERT INTO "times" VALUES ( 17792, 12880, '13:54:00', '13:54:00', 20 );
INSERT INTO "times" VALUES ( 17792, 12890, '13:52:00', '13:52:00', 20 );
INSERT INTO "times" VALUES ( 17792, 12900, '13:47:00', '13:51:00', 20 );
INSERT INTO "times" VALUES ( 17792, 13510, '13:45:00', '13:45:00', 30 );
INSERT INTO "times" VALUES ( 17792, 13520, NULL, '13:43:00', 30 );

INSERT INTO "dias" VALUES ( 17793, 120, FALSE, TRUE, 'K1400Z', 12510, 13520 );
INSERT INTO "dias_line_groups" VALUES ( 17793, 10 );
INSERT INTO "times" VALUES ( 17793, 12510, NULL, '14:02:00', 20 );
INSERT INTO "times" VALUES ( 17793, 12520, '14:04:00', '14:04:00', 20 );
INSERT INTO "times" VALUES ( 17793, 12530, '14:06:00', '14:06:00', 20 );
INSERT INTO "times" VALUES ( 17793, 12540, '14:09:00', '14:09:00', 20 );
INSERT INTO "times" VALUES ( 17793, 12610, '14:14:00', '14:14:00', 20 );
INSERT INTO "times" VALUES ( 17793, 12660, '14:18:00', '14:18:00', 20 );
INSERT INTO "times" VALUES ( 17793, 12670, '14:21:00', '14:21:00', 20 );
INSERT INTO "times" VALUES ( 17793, 12680, '14:24:00', '14:24:00', 20 );
INSERT INTO "times" VALUES ( 17793, 12690, '14:26:00', '14:26:00', 20 );
INSERT INTO "times" VALUES ( 17793, 12700, '14:28:00', '14:28:00', 20 );
INSERT INTO "times" VALUES ( 17793, 12710, '14:30:00', '14:34:00', 20 );
INSERT INTO "times" VALUES ( 17793, 12720, '14:36:00', '14:36:00', 20 );
INSERT INTO "times" VALUES ( 17793, 12730, '14:38:00', '14:38:00', 20 );
INSERT INTO "times" VALUES ( 17793, 12740, '14:41:00', '14:42:00', 20 );
INSERT INTO "times" VALUES ( 17793, 12750, '14:45:00', '14:45:00', 20 );
INSERT INTO "times" VALUES ( 17793, 12760, '14:48:00', '14:48:00', 20 );
INSERT INTO "times" VALUES ( 17793, 12770, '14:52:00', '14:52:00', 20 );
INSERT INTO "times" VALUES ( 17793, 12780, '14:56:00', '14:56:00', 20 );
INSERT INTO "times" VALUES ( 17793, 12790, '14:57:00', '14:57:00', 20 );
INSERT INTO "times" VALUES ( 17793, 12800, '14:59:00', '15:03:00', 20 );
INSERT INTO "times" VALUES ( 17793, 12810, '15:05:00', '15:05:00', 20 );
INSERT INTO "times" VALUES ( 17793, 12820, '15:06:00', '15:06:00', 20 );
INSERT INTO "times" VALUES ( 17793, 12830, '15:08:00', '15:08:00', 20 );
INSERT INTO "times" VALUES ( 17793, 12840, '15:09:00', '15:09:00', 20 );
INSERT INTO "times" VALUES ( 17793, 12850, '15:11:00', '15:11:00', 20 );
INSERT INTO "times" VALUES ( 17793, 12860, '15:12:00', '15:12:00', 20 );
INSERT INTO "times" VALUES ( 17793, 12870, '15:14:00', '15:14:00', 20 );
INSERT INTO "times" VALUES ( 17793, 12880, '15:16:00', '15:16:00', 20 );
INSERT INTO "times" VALUES ( 17793, 12890, '15:18:00', '15:18:00', 20 );
INSERT INTO "times" VALUES ( 17793, 12900, '15:19:00', '15:23:00', 20 );
INSERT INTO "times" VALUES ( 17793, 13510, '15:25:00', '15:25:00', 30 );
INSERT INTO "times" VALUES ( 17793, 13520, '15:27:00', NULL, NULL );

INSERT INTO "dias" VALUES ( 17794, 120, FALSE, TRUE, 'K1401A', 13520, 12510 );
INSERT INTO "dias_line_groups" VALUES ( 17794, 10 );
INSERT INTO "times" VALUES ( 17794, 12510, '15:39:00', NULL, NULL );
INSERT INTO "times" VALUES ( 17794, 12520, '15:37:00', '15:37:00', 20 );
INSERT INTO "times" VALUES ( 17794, 12530, '15:36:00', '15:36:00', 20 );
INSERT INTO "times" VALUES ( 17794, 12540, '15:33:00', '15:33:00', 20 );
INSERT INTO "times" VALUES ( 17794, 12610, '15:28:00', '15:28:00', 20 );
INSERT INTO "times" VALUES ( 17794, 12660, '15:23:00', '15:23:00', 20 );
INSERT INTO "times" VALUES ( 17794, 12670, '15:20:00', '15:20:00', 20 );
INSERT INTO "times" VALUES ( 17794, 12680, '15:18:00', '15:18:00', 20 );
INSERT INTO "times" VALUES ( 17794, 12690, '15:15:00', '15:15:00', 20 );
INSERT INTO "times" VALUES ( 17794, 12700, '15:13:00', '15:13:00', 20 );
INSERT INTO "times" VALUES ( 17794, 12710, '15:07:00', '15:11:00', 20 );
INSERT INTO "times" VALUES ( 17794, 12720, '15:04:00', '15:04:00', 20 );
INSERT INTO "times" VALUES ( 17794, 12730, '15:02:00', '15:02:00', 20 );
INSERT INTO "times" VALUES ( 17794, 12740, '15:00:00', '15:00:00', 20 );
INSERT INTO "times" VALUES ( 17794, 12750, '14:56:00', '14:56:00', 20 );
INSERT INTO "times" VALUES ( 17794, 12760, '14:54:00', '14:54:00', 20 );
INSERT INTO "times" VALUES ( 17794, 12770, '14:50:00', '14:50:00', 20 );
INSERT INTO "times" VALUES ( 17794, 12780, '14:45:00', '14:45:00', 20 );
INSERT INTO "times" VALUES ( 17794, 12790, '14:43:00', '14:43:00', 20 );
INSERT INTO "times" VALUES ( 17794, 12800, '14:38:00', '14:41:00', 20 );
INSERT INTO "times" VALUES ( 17794, 12810, '14:36:00', '14:36:00', 20 );
INSERT INTO "times" VALUES ( 17794, 12820, '14:34:00', '14:34:00', 20 );
INSERT INTO "times" VALUES ( 17794, 12830, '14:33:00', '14:33:00', 20 );
INSERT INTO "times" VALUES ( 17794, 12840, '14:31:00', '14:31:00', 20 );
INSERT INTO "times" VALUES ( 17794, 12850, '14:29:00', '14:29:00', 20 );
INSERT INTO "times" VALUES ( 17794, 12860, '14:28:00', '14:28:00', 20 );
INSERT INTO "times" VALUES ( 17794, 12870, '14:26:00', '14:26:00', 20 );
INSERT INTO "times" VALUES ( 17794, 12880, '14:24:00', '14:24:00', 20 );
INSERT INTO "times" VALUES ( 17794, 12890, '14:22:00', '14:22:00', 20 );
INSERT INTO "times" VALUES ( 17794, 12900, '14:17:00', '14:21:00', 20 );
INSERT INTO "times" VALUES ( 17794, 13510, '14:15:00', '14:15:00', 30 );
INSERT INTO "times" VALUES ( 17794, 13520, NULL, '14:13:00', 30 );

INSERT INTO "dias" VALUES ( 17795, 120, FALSE, TRUE, 'K1402Z', 12510, 13520 );
INSERT INTO "dias_line_groups" VALUES ( 17795, 10 );
INSERT INTO "times" VALUES ( 17795, 12510, NULL, '14:32:00', 20 );
INSERT INTO "times" VALUES ( 17795, 12520, '14:34:00', '14:34:00', 20 );
INSERT INTO "times" VALUES ( 17795, 12530, '14:36:00', '14:36:00', 20 );
INSERT INTO "times" VALUES ( 17795, 12540, '14:39:00', '14:39:00', 20 );
INSERT INTO "times" VALUES ( 17795, 12610, '14:44:00', '14:44:00', 20 );
INSERT INTO "times" VALUES ( 17795, 12660, '14:48:00', '14:48:00', 20 );
INSERT INTO "times" VALUES ( 17795, 12670, '14:51:00', '14:51:00', 20 );
INSERT INTO "times" VALUES ( 17795, 12680, '14:54:00', '14:54:00', 20 );
INSERT INTO "times" VALUES ( 17795, 12690, '14:56:00', '14:56:00', 20 );
INSERT INTO "times" VALUES ( 17795, 12700, '14:58:00', '14:58:00', 20 );
INSERT INTO "times" VALUES ( 17795, 12710, '15:00:00', '15:04:00', 20 );
INSERT INTO "times" VALUES ( 17795, 12720, '15:06:00', '15:06:00', 20 );
INSERT INTO "times" VALUES ( 17795, 12730, '15:08:00', '15:08:00', 20 );
INSERT INTO "times" VALUES ( 17795, 12740, '15:11:00', '15:12:00', 20 );
INSERT INTO "times" VALUES ( 17795, 12750, '15:15:00', '15:15:00', 20 );
INSERT INTO "times" VALUES ( 17795, 12760, '15:18:00', '15:18:00', 20 );
INSERT INTO "times" VALUES ( 17795, 12770, '15:22:00', '15:22:00', 20 );
INSERT INTO "times" VALUES ( 17795, 12780, '15:26:00', '15:26:00', 20 );
INSERT INTO "times" VALUES ( 17795, 12790, '15:27:00', '15:27:00', 20 );
INSERT INTO "times" VALUES ( 17795, 12800, '15:29:00', '15:33:00', 20 );
INSERT INTO "times" VALUES ( 17795, 12810, '15:35:00', '15:35:00', 20 );
INSERT INTO "times" VALUES ( 17795, 12820, '15:36:00', '15:36:00', 20 );
INSERT INTO "times" VALUES ( 17795, 12830, '15:38:00', '15:38:00', 20 );
INSERT INTO "times" VALUES ( 17795, 12840, '15:39:00', '15:39:00', 20 );
INSERT INTO "times" VALUES ( 17795, 12850, '15:41:00', '15:41:00', 20 );
INSERT INTO "times" VALUES ( 17795, 12860, '15:42:00', '15:42:00', 20 );
INSERT INTO "times" VALUES ( 17795, 12870, '15:44:00', '15:44:00', 20 );
INSERT INTO "times" VALUES ( 17795, 12880, '15:46:00', '15:46:00', 20 );
INSERT INTO "times" VALUES ( 17795, 12890, '15:48:00', '15:48:00', 20 );
INSERT INTO "times" VALUES ( 17795, 12900, '15:49:00', '15:53:00', 20 );
INSERT INTO "times" VALUES ( 17795, 13510, '15:55:00', '15:55:00', 30 );
INSERT INTO "times" VALUES ( 17795, 13520, '15:57:00', NULL, NULL );

INSERT INTO "dias" VALUES ( 17796, 120, FALSE, TRUE, 'K1403A', 13520, 12510 );
INSERT INTO "dias_line_groups" VALUES ( 17796, 10 );
INSERT INTO "times" VALUES ( 17796, 12510, '16:09:00', NULL, NULL );
INSERT INTO "times" VALUES ( 17796, 12520, '16:07:00', '16:07:00', 20 );
INSERT INTO "times" VALUES ( 17796, 12530, '16:06:00', '16:06:00', 20 );
INSERT INTO "times" VALUES ( 17796, 12540, '16:03:00', '16:03:00', 20 );
INSERT INTO "times" VALUES ( 17796, 12610, '15:58:00', '15:58:00', 20 );
INSERT INTO "times" VALUES ( 17796, 12660, '15:53:00', '15:53:00', 20 );
INSERT INTO "times" VALUES ( 17796, 12670, '15:50:00', '15:50:00', 20 );
INSERT INTO "times" VALUES ( 17796, 12680, '15:48:00', '15:48:00', 20 );
INSERT INTO "times" VALUES ( 17796, 12690, '15:45:00', '15:45:00', 20 );
INSERT INTO "times" VALUES ( 17796, 12700, '15:43:00', '15:43:00', 20 );
INSERT INTO "times" VALUES ( 17796, 12710, '15:37:00', '15:41:00', 20 );
INSERT INTO "times" VALUES ( 17796, 12720, '15:34:00', '15:34:00', 20 );
INSERT INTO "times" VALUES ( 17796, 12730, '15:32:00', '15:32:00', 20 );
INSERT INTO "times" VALUES ( 17796, 12740, '15:30:00', '15:30:00', 20 );
INSERT INTO "times" VALUES ( 17796, 12750, '15:26:00', '15:26:00', 20 );
INSERT INTO "times" VALUES ( 17796, 12760, '15:24:00', '15:24:00', 20 );
INSERT INTO "times" VALUES ( 17796, 12770, '15:20:00', '15:20:00', 20 );
INSERT INTO "times" VALUES ( 17796, 12780, '15:15:00', '15:15:00', 20 );
INSERT INTO "times" VALUES ( 17796, 12790, '15:13:00', '15:13:00', 20 );
INSERT INTO "times" VALUES ( 17796, 12800, '15:08:00', '15:11:00', 20 );
INSERT INTO "times" VALUES ( 17796, 12810, '15:06:00', '15:06:00', 20 );
INSERT INTO "times" VALUES ( 17796, 12820, '15:04:00', '15:04:00', 20 );
INSERT INTO "times" VALUES ( 17796, 12830, '15:03:00', '15:03:00', 20 );
INSERT INTO "times" VALUES ( 17796, 12840, '15:01:00', '15:01:00', 20 );
INSERT INTO "times" VALUES ( 17796, 12850, '14:59:00', '14:59:00', 20 );
INSERT INTO "times" VALUES ( 17796, 12860, '14:58:00', '14:58:00', 20 );
INSERT INTO "times" VALUES ( 17796, 12870, '14:56:00', '14:56:00', 20 );
INSERT INTO "times" VALUES ( 17796, 12880, '14:54:00', '14:54:00', 20 );
INSERT INTO "times" VALUES ( 17796, 12890, '14:52:00', '14:52:00', 20 );
INSERT INTO "times" VALUES ( 17796, 12900, '14:47:00', '14:51:00', 20 );
INSERT INTO "times" VALUES ( 17796, 13510, '14:45:00', '14:45:00', 30 );
INSERT INTO "times" VALUES ( 17796, 13520, NULL, '14:43:00', 30 );

INSERT INTO "dias" VALUES ( 17797, 120, FALSE, TRUE, 'K1500Z', 12510, 13520 );
INSERT INTO "dias_line_groups" VALUES ( 17797, 10 );
INSERT INTO "times" VALUES ( 17797, 12510, NULL, '15:02:00', 20 );
INSERT INTO "times" VALUES ( 17797, 12520, '15:04:00', '15:04:00', 20 );
INSERT INTO "times" VALUES ( 17797, 12530, '15:06:00', '15:06:00', 20 );
INSERT INTO "times" VALUES ( 17797, 12540, '15:09:00', '15:09:00', 20 );
INSERT INTO "times" VALUES ( 17797, 12610, '15:14:00', '15:14:00', 20 );
INSERT INTO "times" VALUES ( 17797, 12660, '15:18:00', '15:18:00', 20 );
INSERT INTO "times" VALUES ( 17797, 12670, '15:21:00', '15:21:00', 20 );
INSERT INTO "times" VALUES ( 17797, 12680, '15:24:00', '15:24:00', 20 );
INSERT INTO "times" VALUES ( 17797, 12690, '15:26:00', '15:26:00', 20 );
INSERT INTO "times" VALUES ( 17797, 12700, '15:28:00', '15:28:00', 20 );
INSERT INTO "times" VALUES ( 17797, 12710, '15:30:00', '15:34:00', 20 );
INSERT INTO "times" VALUES ( 17797, 12720, '15:36:00', '15:36:00', 20 );
INSERT INTO "times" VALUES ( 17797, 12730, '15:38:00', '15:38:00', 20 );
INSERT INTO "times" VALUES ( 17797, 12740, '15:41:00', '15:42:00', 20 );
INSERT INTO "times" VALUES ( 17797, 12750, '15:45:00', '15:45:00', 20 );
INSERT INTO "times" VALUES ( 17797, 12760, '15:48:00', '15:48:00', 20 );
INSERT INTO "times" VALUES ( 17797, 12770, '15:52:00', '15:52:00', 20 );
INSERT INTO "times" VALUES ( 17797, 12780, '15:56:00', '15:56:00', 20 );
INSERT INTO "times" VALUES ( 17797, 12790, '15:57:00', '15:57:00', 20 );
INSERT INTO "times" VALUES ( 17797, 12800, '15:59:00', '16:03:00', 20 );
INSERT INTO "times" VALUES ( 17797, 12810, '16:05:00', '16:05:00', 20 );
INSERT INTO "times" VALUES ( 17797, 12820, '16:06:00', '16:06:00', 20 );
INSERT INTO "times" VALUES ( 17797, 12830, '16:08:00', '16:08:00', 20 );
INSERT INTO "times" VALUES ( 17797, 12840, '16:09:00', '16:09:00', 20 );
INSERT INTO "times" VALUES ( 17797, 12850, '16:11:00', '16:11:00', 20 );
INSERT INTO "times" VALUES ( 17797, 12860, '16:12:00', '16:12:00', 20 );
INSERT INTO "times" VALUES ( 17797, 12870, '16:14:00', '16:14:00', 20 );
INSERT INTO "times" VALUES ( 17797, 12880, '16:16:00', '16:16:00', 20 );
INSERT INTO "times" VALUES ( 17797, 12890, '16:18:00', '16:18:00', 20 );
INSERT INTO "times" VALUES ( 17797, 12900, '16:20:00', '16:20:00', 20 );
INSERT INTO "times" VALUES ( 17797, 13510, '16:21:00', '16:21:00', 30 );
INSERT INTO "times" VALUES ( 17797, 13520, '16:24:00', NULL, NULL );

INSERT INTO "dias" VALUES ( 17798, 120, FALSE, TRUE, 'K1501A', 13520, 12510 );
INSERT INTO "dias_line_groups" VALUES ( 17798, 10 );
INSERT INTO "times" VALUES ( 17798, 12510, '16:40:00', NULL, NULL );
INSERT INTO "times" VALUES ( 17798, 12520, '16:38:00', '16:38:00', 20 );
INSERT INTO "times" VALUES ( 17798, 12530, '16:36:00', '16:36:00', 20 );
INSERT INTO "times" VALUES ( 17798, 12540, '16:33:00', '16:33:00', 20 );
INSERT INTO "times" VALUES ( 17798, 12610, '16:28:00', '16:28:00', 20 );
INSERT INTO "times" VALUES ( 17798, 12660, '16:24:00', '16:24:00', 20 );
INSERT INTO "times" VALUES ( 17798, 12670, '16:21:00', '16:21:00', 20 );
INSERT INTO "times" VALUES ( 17798, 12680, '16:18:00', '16:18:00', 20 );
INSERT INTO "times" VALUES ( 17798, 12690, '16:15:00', '16:15:00', 20 );
INSERT INTO "times" VALUES ( 17798, 12700, '16:13:00', '16:13:00', 20 );
INSERT INTO "times" VALUES ( 17798, 12710, '16:06:00', '16:11:00', 20 );
INSERT INTO "times" VALUES ( 17798, 12720, '16:04:00', '16:04:00', 20 );
INSERT INTO "times" VALUES ( 17798, 12730, '16:01:00', '16:01:00', 20 );
INSERT INTO "times" VALUES ( 17798, 12740, '15:59:00', '15:59:00', 20 );
INSERT INTO "times" VALUES ( 17798, 12750, '15:56:00', '15:56:00', 20 );
INSERT INTO "times" VALUES ( 17798, 12760, '15:54:00', '15:54:00', 20 );
INSERT INTO "times" VALUES ( 17798, 12770, '15:50:00', '15:50:00', 20 );
INSERT INTO "times" VALUES ( 17798, 12780, '15:45:00', '15:45:00', 20 );
INSERT INTO "times" VALUES ( 17798, 12790, '15:42:00', '15:42:00', 20 );
INSERT INTO "times" VALUES ( 17798, 12800, '15:37:00', '15:41:00', 20 );
INSERT INTO "times" VALUES ( 17798, 12810, '15:35:00', '15:35:00', 20 );
INSERT INTO "times" VALUES ( 17798, 12820, '15:33:00', '15:33:00', 20 );
INSERT INTO "times" VALUES ( 17798, 12830, '15:32:00', '15:32:00', 20 );
INSERT INTO "times" VALUES ( 17798, 12840, '15:30:00', '15:30:00', 20 );
INSERT INTO "times" VALUES ( 17798, 12850, '15:28:00', '15:28:00', 20 );
INSERT INTO "times" VALUES ( 17798, 12860, '15:26:00', '15:26:00', 20 );
INSERT INTO "times" VALUES ( 17798, 12870, '15:25:00', '15:25:00', 20 );
INSERT INTO "times" VALUES ( 17798, 12880, '15:23:00', '15:23:00', 20 );
INSERT INTO "times" VALUES ( 17798, 12890, '15:21:00', '15:21:00', 20 );
INSERT INTO "times" VALUES ( 17798, 12900, '15:16:00', '15:20:00', 20 );
INSERT INTO "times" VALUES ( 17798, 13510, '15:14:00', '15:14:00', 30 );
INSERT INTO "times" VALUES ( 17798, 13520, NULL, '15:12:00', 30 );

INSERT INTO "dias" VALUES ( 17799, 120, FALSE, TRUE, 'K1502Z', 12510, 13520 );
INSERT INTO "dias_line_groups" VALUES ( 17799, 10 );
INSERT INTO "times" VALUES ( 17799, 12510, NULL, '15:32:00', 20 );
INSERT INTO "times" VALUES ( 17799, 12520, '15:34:00', '15:34:00', 20 );
INSERT INTO "times" VALUES ( 17799, 12530, '15:36:00', '15:36:00', 20 );
INSERT INTO "times" VALUES ( 17799, 12540, '15:39:00', '15:39:00', 20 );
INSERT INTO "times" VALUES ( 17799, 12610, '15:44:00', '15:44:00', 20 );
INSERT INTO "times" VALUES ( 17799, 12660, '15:48:00', '15:48:00', 20 );
INSERT INTO "times" VALUES ( 17799, 12670, '15:51:00', '15:51:00', 20 );
INSERT INTO "times" VALUES ( 17799, 12680, '15:54:00', '15:54:00', 20 );
INSERT INTO "times" VALUES ( 17799, 12690, '15:56:00', '15:56:00', 20 );
INSERT INTO "times" VALUES ( 17799, 12700, '15:58:00', '15:58:00', 20 );
INSERT INTO "times" VALUES ( 17799, 12710, '16:00:00', '16:04:00', 20 );
INSERT INTO "times" VALUES ( 17799, 12720, '16:06:00', '16:06:00', 20 );
INSERT INTO "times" VALUES ( 17799, 12730, '16:08:00', '16:08:00', 20 );
INSERT INTO "times" VALUES ( 17799, 12740, '16:11:00', '16:12:00', 20 );
INSERT INTO "times" VALUES ( 17799, 12750, '16:15:00', '16:15:00', 20 );
INSERT INTO "times" VALUES ( 17799, 12760, '16:18:00', '16:18:00', 20 );
INSERT INTO "times" VALUES ( 17799, 12770, '16:22:00', '16:22:00', 20 );
INSERT INTO "times" VALUES ( 17799, 12780, '16:26:00', '16:26:00', 20 );
INSERT INTO "times" VALUES ( 17799, 12790, '16:27:00', '16:27:00', 20 );
INSERT INTO "times" VALUES ( 17799, 12800, '16:29:00', '16:33:00', 20 );
INSERT INTO "times" VALUES ( 17799, 12810, '16:35:00', '16:35:00', 20 );
INSERT INTO "times" VALUES ( 17799, 12820, '16:36:00', '16:36:00', 20 );
INSERT INTO "times" VALUES ( 17799, 12830, '16:38:00', '16:38:00', 20 );
INSERT INTO "times" VALUES ( 17799, 12840, '16:39:00', '16:39:00', 20 );
INSERT INTO "times" VALUES ( 17799, 12850, '16:41:00', '16:41:00', 20 );
INSERT INTO "times" VALUES ( 17799, 12860, '16:42:00', '16:42:00', 20 );
INSERT INTO "times" VALUES ( 17799, 12870, '16:44:00', '16:44:00', 20 );
INSERT INTO "times" VALUES ( 17799, 12880, '16:46:00', '16:46:00', 20 );
INSERT INTO "times" VALUES ( 17799, 12890, '16:48:00', '16:48:00', 20 );
INSERT INTO "times" VALUES ( 17799, 12900, '16:49:00', '16:53:00', 20 );
INSERT INTO "times" VALUES ( 17799, 13510, '16:55:00', '16:55:00', 30 );
INSERT INTO "times" VALUES ( 17799, 13520, '16:57:00', NULL, NULL );

INSERT INTO "dias" VALUES ( 17800, 120, FALSE, TRUE, 'K1503A', 13520, 12510 );
INSERT INTO "dias_line_groups" VALUES ( 17800, 10 );
INSERT INTO "times" VALUES ( 17800, 12510, '16:58:00', NULL, NULL );
INSERT INTO "times" VALUES ( 17800, 12520, '16:56:00', '16:56:00', 20 );
INSERT INTO "times" VALUES ( 17800, 12530, '16:54:00', '16:54:00', 20 );
INSERT INTO "times" VALUES ( 17800, 12540, '16:51:00', '16:51:00', 20 );
INSERT INTO "times" VALUES ( 17800, 12610, '16:46:00', '16:46:00', 20 );
INSERT INTO "times" VALUES ( 17800, 12660, '16:42:00', '16:42:00', 20 );
INSERT INTO "times" VALUES ( 17800, 12670, '16:39:00', '16:39:00', 20 );
INSERT INTO "times" VALUES ( 17800, 12680, '16:33:00', '16:36:00', 20 );
INSERT INTO "times" VALUES ( 17800, 12690, '16:30:00', '16:30:00', 20 );
INSERT INTO "times" VALUES ( 17800, 12700, '16:28:00', '16:28:00', 20 );
INSERT INTO "times" VALUES ( 17800, 12710, '16:19:00', '16:26:00', 20 );
INSERT INTO "times" VALUES ( 17800, 12720, '16:16:00', '16:16:00', 20 );
INSERT INTO "times" VALUES ( 17800, 12730, '16:14:00', '16:14:00', 20 );
INSERT INTO "times" VALUES ( 17800, 12740, '16:11:00', '16:11:00', 20 );
INSERT INTO "times" VALUES ( 17800, 12750, '16:08:00', '16:08:00', 20 );
INSERT INTO "times" VALUES ( 17800, 12760, '16:06:00', '16:06:00', 20 );
INSERT INTO "times" VALUES ( 17800, 12770, '15:59:00', '16:02:00', 20 );
INSERT INTO "times" VALUES ( 17800, 12780, '15:55:00', '15:55:00', 20 );
INSERT INTO "times" VALUES ( 17800, 12790, '15:52:00', '15:52:00', 20 );
INSERT INTO "times" VALUES ( 17800, 12800, '15:47:00', '15:51:00', 20 );
INSERT INTO "times" VALUES ( 17800, 12810, '15:45:00', '15:45:00', 20 );
INSERT INTO "times" VALUES ( 17800, 12820, '15:43:00', '15:43:00', 20 );
INSERT INTO "times" VALUES ( 17800, 12830, '15:42:00', '15:42:00', 20 );
INSERT INTO "times" VALUES ( 17800, 12840, '15:40:00', '15:40:00', 20 );
INSERT INTO "times" VALUES ( 17800, 12850, '15:38:00', '15:38:00', 20 );
INSERT INTO "times" VALUES ( 17800, 12860, '15:36:00', '15:36:00', 20 );
INSERT INTO "times" VALUES ( 17800, 12870, '15:35:00', '15:35:00', 20 );
INSERT INTO "times" VALUES ( 17800, 12880, '15:33:00', '15:33:00', 20 );
INSERT INTO "times" VALUES ( 17800, 12890, '15:31:00', '15:31:00', 20 );
INSERT INTO "times" VALUES ( 17800, 12900, '15:25:00', '15:30:00', 20 );
INSERT INTO "times" VALUES ( 17800, 13510, '15:23:00', '15:23:00', 30 );
INSERT INTO "times" VALUES ( 17800, 13520, NULL, '15:21:00', 30 );

INSERT INTO "dias" VALUES ( 17801, 120, FALSE, TRUE, 'K1504Z', 12510, 13520 );
INSERT INTO "dias_line_groups" VALUES ( 17801, 10 );
INSERT INTO "times" VALUES ( 17801, 12510, NULL, '15:43:00', 20 );
INSERT INTO "times" VALUES ( 17801, 12520, '15:45:00', '15:45:00', 20 );
INSERT INTO "times" VALUES ( 17801, 12530, '15:47:00', '15:47:00', 20 );
INSERT INTO "times" VALUES ( 17801, 12540, '15:50:00', '15:50:00', 20 );
INSERT INTO "times" VALUES ( 17801, 12610, '15:55:00', '15:55:00', 20 );
INSERT INTO "times" VALUES ( 17801, 12660, '15:59:00', '15:59:00', 20 );
INSERT INTO "times" VALUES ( 17801, 12670, '16:02:00', '16:02:00', 20 );
INSERT INTO "times" VALUES ( 17801, 12680, '16:05:00', '16:08:00', 20 );
INSERT INTO "times" VALUES ( 17801, 12690, '16:10:00', '16:10:00', 20 );
INSERT INTO "times" VALUES ( 17801, 12700, '16:12:00', '16:12:00', 20 );
INSERT INTO "times" VALUES ( 17801, 12710, '16:15:00', '16:15:00', 20 );
INSERT INTO "times" VALUES ( 17801, 12720, '16:16:00', '16:16:00', 20 );
INSERT INTO "times" VALUES ( 17801, 12730, '16:19:00', '16:19:00', 20 );
INSERT INTO "times" VALUES ( 17801, 12740, '16:22:00', '16:22:00', 20 );
INSERT INTO "times" VALUES ( 17801, 12750, '16:25:00', '16:25:00', 20 );
INSERT INTO "times" VALUES ( 17801, 12760, '16:28:00', '16:28:00', 20 );
INSERT INTO "times" VALUES ( 17801, 12770, '16:32:00', '16:32:00', 20 );
INSERT INTO "times" VALUES ( 17801, 12780, '16:36:00', '16:36:00', 20 );
INSERT INTO "times" VALUES ( 17801, 12790, '16:37:00', '16:37:00', 20 );
INSERT INTO "times" VALUES ( 17801, 12800, '16:39:00', '16:43:00', 20 );
INSERT INTO "times" VALUES ( 17801, 12810, '16:45:00', '16:45:00', 20 );
INSERT INTO "times" VALUES ( 17801, 12820, '16:46:00', '16:46:00', 20 );
INSERT INTO "times" VALUES ( 17801, 12830, '16:48:00', '16:48:00', 20 );
INSERT INTO "times" VALUES ( 17801, 12840, '16:49:00', '16:49:00', 20 );
INSERT INTO "times" VALUES ( 17801, 12850, '16:51:00', '16:51:00', 20 );
INSERT INTO "times" VALUES ( 17801, 12860, '16:52:00', '16:52:00', 20 );
INSERT INTO "times" VALUES ( 17801, 12870, '16:54:00', '16:54:00', 20 );
INSERT INTO "times" VALUES ( 17801, 12880, '16:56:00', '16:56:00', 20 );
INSERT INTO "times" VALUES ( 17801, 12890, '16:58:00', '16:58:00', 20 );
INSERT INTO "times" VALUES ( 17801, 12900, '16:59:00', '17:00:00', 20 );
INSERT INTO "times" VALUES ( 17801, 13510, '17:02:00', '17:02:00', 30 );
INSERT INTO "times" VALUES ( 17801, 13520, '17:05:00', NULL, NULL );

INSERT INTO "dias" VALUES ( 17802, 120, FALSE, TRUE, 'K1505A', 13520, 12510 );
INSERT INTO "dias_line_groups" VALUES ( 17802, 10 );
INSERT INTO "times" VALUES ( 17802, 12510, '17:10:00', NULL, NULL );
INSERT INTO "times" VALUES ( 17802, 12520, '17:08:00', '17:08:00', 20 );
INSERT INTO "times" VALUES ( 17802, 12530, '17:06:00', '17:06:00', 20 );
INSERT INTO "times" VALUES ( 17802, 12540, '17:03:00', '17:03:00', 20 );
INSERT INTO "times" VALUES ( 17802, 12610, '16:58:00', '16:58:00', 20 );
INSERT INTO "times" VALUES ( 17802, 12660, '16:54:00', '16:54:00', 20 );
INSERT INTO "times" VALUES ( 17802, 12670, '16:51:00', '16:51:00', 20 );
INSERT INTO "times" VALUES ( 17802, 12680, '16:48:00', '16:48:00', 20 );
INSERT INTO "times" VALUES ( 17802, 12690, '16:46:00', '16:46:00', 20 );
INSERT INTO "times" VALUES ( 17802, 12700, '16:43:00', '16:43:00', 20 );
INSERT INTO "times" VALUES ( 17802, 12710, '16:36:00', '16:42:00', 20 );
INSERT INTO "times" VALUES ( 17802, 12720, '16:34:00', '16:34:00', 20 );
INSERT INTO "times" VALUES ( 17802, 12730, '16:31:00', '16:31:00', 20 );
INSERT INTO "times" VALUES ( 17802, 12740, '16:29:00', '16:29:00', 20 );
INSERT INTO "times" VALUES ( 17802, 12750, '16:26:00', '16:26:00', 20 );
INSERT INTO "times" VALUES ( 17802, 12760, '16:24:00', '16:24:00', 20 );
INSERT INTO "times" VALUES ( 17802, 12770, '16:20:00', '16:20:00', 20 );
INSERT INTO "times" VALUES ( 17802, 12780, '16:15:00', '16:15:00', 20 );
INSERT INTO "times" VALUES ( 17802, 12790, '16:13:00', '16:13:00', 20 );
INSERT INTO "times" VALUES ( 17802, 12800, '16:08:00', '16:11:00', 20 );
INSERT INTO "times" VALUES ( 17802, 12810, '16:05:00', '16:05:00', 20 );
INSERT INTO "times" VALUES ( 17802, 12820, '16:04:00', '16:04:00', 20 );
INSERT INTO "times" VALUES ( 17802, 12830, '16:02:00', '16:02:00', 20 );
INSERT INTO "times" VALUES ( 17802, 12840, '16:00:00', '16:00:00', 20 );
INSERT INTO "times" VALUES ( 17802, 12850, '15:59:00', '15:59:00', 20 );
INSERT INTO "times" VALUES ( 17802, 12860, '15:57:00', '15:57:00', 20 );
INSERT INTO "times" VALUES ( 17802, 12870, '15:55:00', '15:55:00', 20 );
INSERT INTO "times" VALUES ( 17802, 12880, '15:53:00', '15:53:00', 20 );
INSERT INTO "times" VALUES ( 17802, 12890, '15:52:00', '15:52:00', 20 );
INSERT INTO "times" VALUES ( 17802, 12900, '15:44:00', '15:50:00', 20 );
INSERT INTO "times" VALUES ( 17802, 13510, '15:42:00', '15:42:00', 30 );
INSERT INTO "times" VALUES ( 17802, 13520, NULL, '15:40:00', 30 );

INSERT INTO "dias" VALUES ( 17803, 120, FALSE, TRUE, 'K1507A', 13520, 12510 );
INSERT INTO "dias_line_groups" VALUES ( 17803, 10 );
INSERT INTO "times" VALUES ( 17803, 12510, '17:28:00', NULL, NULL );
INSERT INTO "times" VALUES ( 17803, 12520, '17:26:00', '17:26:00', 20 );
INSERT INTO "times" VALUES ( 17803, 12530, '17:24:00', '17:24:00', 20 );
INSERT INTO "times" VALUES ( 17803, 12540, '17:21:00', '17:21:00', 20 );
INSERT INTO "times" VALUES ( 17803, 12610, '17:16:00', '17:16:00', 20 );
INSERT INTO "times" VALUES ( 17803, 12660, '17:12:00', '17:12:00', 20 );
INSERT INTO "times" VALUES ( 17803, 12670, '17:09:00', '17:09:00', 20 );
INSERT INTO "times" VALUES ( 17803, 12680, '17:03:00', '17:06:00', 20 );
INSERT INTO "times" VALUES ( 17803, 12690, '17:00:00', '17:00:00', 20 );
INSERT INTO "times" VALUES ( 17803, 12700, '16:58:00', '16:58:00', 20 );
INSERT INTO "times" VALUES ( 17803, 12710, '16:56:00', '16:56:00', 20 );
INSERT INTO "times" VALUES ( 17803, 12720, '16:53:00', '16:53:00', 20 );
INSERT INTO "times" VALUES ( 17803, 12730, '16:51:00', '16:51:00', 20 );
INSERT INTO "times" VALUES ( 17803, 12740, '16:42:00', '16:48:00', 20 );
INSERT INTO "times" VALUES ( 17803, 12750, '16:38:00', '16:38:00', 20 );
INSERT INTO "times" VALUES ( 17803, 12760, '16:36:00', '16:36:00', 20 );
INSERT INTO "times" VALUES ( 17803, 12770, '16:29:00', '16:32:00', 20 );
INSERT INTO "times" VALUES ( 17803, 12780, '16:25:00', '16:25:00', 20 );
INSERT INTO "times" VALUES ( 17803, 12790, '16:22:00', '16:22:00', 20 );
INSERT INTO "times" VALUES ( 17803, 12800, '16:17:00', '16:21:00', 20 );
INSERT INTO "times" VALUES ( 17803, 12810, '16:15:00', '16:15:00', 20 );
INSERT INTO "times" VALUES ( 17803, 12820, '16:13:00', '16:13:00', 20 );
INSERT INTO "times" VALUES ( 17803, 12830, '16:12:00', '16:12:00', 20 );
INSERT INTO "times" VALUES ( 17803, 12840, '16:10:00', '16:10:00', 20 );
INSERT INTO "times" VALUES ( 17803, 12850, '16:08:00', '16:08:00', 20 );
INSERT INTO "times" VALUES ( 17803, 12860, '16:06:00', '16:06:00', 20 );
INSERT INTO "times" VALUES ( 17803, 12870, '16:05:00', '16:05:00', 20 );
INSERT INTO "times" VALUES ( 17803, 12880, '16:03:00', '16:03:00', 20 );
INSERT INTO "times" VALUES ( 17803, 12890, '16:01:00', '16:01:00', 20 );
INSERT INTO "times" VALUES ( 17803, 12900, '15:56:00', '16:00:00', 20 );
INSERT INTO "times" VALUES ( 17803, 13510, '15:54:00', '15:54:00', 30 );
INSERT INTO "times" VALUES ( 17803, 13520, NULL, '15:52:00', 30 );

INSERT INTO "dias" VALUES ( 17804, 120, FALSE, TRUE, 'K1600Z', 12510, 13520 );
INSERT INTO "dias_line_groups" VALUES ( 17804, 10 );
INSERT INTO "times" VALUES ( 17804, 12510, NULL, '16:02:00', 20 );
INSERT INTO "times" VALUES ( 17804, 12520, '16:04:00', '16:04:00', 20 );
INSERT INTO "times" VALUES ( 17804, 12530, '16:06:00', '16:06:00', 20 );
INSERT INTO "times" VALUES ( 17804, 12540, '16:09:00', '16:09:00', 20 );
INSERT INTO "times" VALUES ( 17804, 12610, '16:14:00', '16:14:00', 20 );
INSERT INTO "times" VALUES ( 17804, 12660, '16:18:00', '16:18:00', 20 );
INSERT INTO "times" VALUES ( 17804, 12670, '16:21:00', '16:21:00', 20 );
INSERT INTO "times" VALUES ( 17804, 12680, '16:24:00', '16:24:00', 20 );
INSERT INTO "times" VALUES ( 17804, 12690, '16:26:00', '16:26:00', 20 );
INSERT INTO "times" VALUES ( 17804, 12700, '16:28:00', '16:28:00', 20 );
INSERT INTO "times" VALUES ( 17804, 12710, '16:30:00', '16:34:00', 20 );
INSERT INTO "times" VALUES ( 17804, 12720, '16:36:00', '16:36:00', 20 );
INSERT INTO "times" VALUES ( 17804, 12730, '16:38:00', '16:38:00', 20 );
INSERT INTO "times" VALUES ( 17804, 12740, '16:41:00', '16:42:00', 20 );
INSERT INTO "times" VALUES ( 17804, 12750, '16:45:00', '16:45:00', 20 );
INSERT INTO "times" VALUES ( 17804, 12760, '16:48:00', '16:48:00', 20 );
INSERT INTO "times" VALUES ( 17804, 12770, '16:52:00', '16:52:00', 20 );
INSERT INTO "times" VALUES ( 17804, 12780, '16:56:00', '16:56:00', 20 );
INSERT INTO "times" VALUES ( 17804, 12790, '16:57:00', '16:57:00', 20 );
INSERT INTO "times" VALUES ( 17804, 12800, '16:59:00', '17:03:00', 20 );
INSERT INTO "times" VALUES ( 17804, 12810, '17:05:00', '17:05:00', 20 );
INSERT INTO "times" VALUES ( 17804, 12820, '17:06:00', '17:06:00', 20 );
INSERT INTO "times" VALUES ( 17804, 12830, '17:08:00', '17:08:00', 20 );
INSERT INTO "times" VALUES ( 17804, 12840, '17:09:00', '17:09:00', 20 );
INSERT INTO "times" VALUES ( 17804, 12850, '17:11:00', '17:11:00', 20 );
INSERT INTO "times" VALUES ( 17804, 12860, '17:12:00', '17:12:00', 20 );
INSERT INTO "times" VALUES ( 17804, 12870, '17:14:00', '17:14:00', 20 );
INSERT INTO "times" VALUES ( 17804, 12880, '17:16:00', '17:16:00', 20 );
INSERT INTO "times" VALUES ( 17804, 12890, '17:18:00', '17:18:00', 20 );
INSERT INTO "times" VALUES ( 17804, 12900, '17:19:00', '17:23:00', 20 );
INSERT INTO "times" VALUES ( 17804, 13510, '17:25:00', '17:25:00', 30 );
INSERT INTO "times" VALUES ( 17804, 13520, '17:27:00', NULL, NULL );

INSERT INTO "dias" VALUES ( 17805, 120, FALSE, TRUE, 'K1601A', 13520, 12510 );
INSERT INTO "dias_line_groups" VALUES ( 17805, 10 );
INSERT INTO "times" VALUES ( 17805, 12510, '17:41:00', NULL, NULL );
INSERT INTO "times" VALUES ( 17805, 12520, '17:38:00', '17:38:00', 20 );
INSERT INTO "times" VALUES ( 17805, 12530, '17:36:00', '17:36:00', 20 );
INSERT INTO "times" VALUES ( 17805, 12540, '17:33:00', '17:33:00', 20 );
INSERT INTO "times" VALUES ( 17805, 12610, '17:28:00', '17:28:00', 20 );
INSERT INTO "times" VALUES ( 17805, 12660, '17:24:00', '17:24:00', 20 );
INSERT INTO "times" VALUES ( 17805, 12670, '17:21:00', '17:21:00', 20 );
INSERT INTO "times" VALUES ( 17805, 12680, '17:18:00', '17:18:00', 20 );
INSERT INTO "times" VALUES ( 17805, 12690, '17:16:00', '17:16:00', 20 );
INSERT INTO "times" VALUES ( 17805, 12700, '17:13:00', '17:13:00', 20 );
INSERT INTO "times" VALUES ( 17805, 12710, '17:07:00', '17:12:00', 20 );
INSERT INTO "times" VALUES ( 17805, 12720, '17:04:00', '17:04:00', 20 );
INSERT INTO "times" VALUES ( 17805, 12730, '17:02:00', '17:02:00', 20 );
INSERT INTO "times" VALUES ( 17805, 12740, '17:00:00', '17:00:00', 20 );
INSERT INTO "times" VALUES ( 17805, 12750, '16:56:00', '16:56:00', 20 );
INSERT INTO "times" VALUES ( 17805, 12760, '16:54:00', '16:54:00', 20 );
INSERT INTO "times" VALUES ( 17805, 12770, '16:50:00', '16:50:00', 20 );
INSERT INTO "times" VALUES ( 17805, 12780, '16:45:00', '16:45:00', 20 );
INSERT INTO "times" VALUES ( 17805, 12790, '16:43:00', '16:43:00', 20 );
INSERT INTO "times" VALUES ( 17805, 12800, '16:38:00', '16:41:00', 20 );
INSERT INTO "times" VALUES ( 17805, 12810, '16:35:00', '16:35:00', 20 );
INSERT INTO "times" VALUES ( 17805, 12820, '16:34:00', '16:34:00', 20 );
INSERT INTO "times" VALUES ( 17805, 12830, '16:32:00', '16:32:00', 20 );
INSERT INTO "times" VALUES ( 17805, 12840, '16:30:00', '16:30:00', 20 );
INSERT INTO "times" VALUES ( 17805, 12850, '16:29:00', '16:29:00', 20 );
INSERT INTO "times" VALUES ( 17805, 12860, '16:27:00', '16:27:00', 20 );
INSERT INTO "times" VALUES ( 17805, 12870, '16:25:00', '16:25:00', 20 );
INSERT INTO "times" VALUES ( 17805, 12880, '16:23:00', '16:23:00', 20 );
INSERT INTO "times" VALUES ( 17805, 12890, '16:22:00', '16:22:00', 20 );
INSERT INTO "times" VALUES ( 17805, 12900, '16:14:00', '16:20:00', 20 );
INSERT INTO "times" VALUES ( 17805, 13510, '16:12:00', '16:12:00', 30 );
INSERT INTO "times" VALUES ( 17805, 13520, NULL, '16:10:00', 30 );

INSERT INTO "dias" VALUES ( 17806, 120, FALSE, TRUE, 'K1602Z', 12510, 13520 );
INSERT INTO "dias_line_groups" VALUES ( 17806, 10 );
INSERT INTO "times" VALUES ( 17806, 12510, NULL, '16:13:00', 20 );
INSERT INTO "times" VALUES ( 17806, 12520, '16:15:00', '16:15:00', 20 );
INSERT INTO "times" VALUES ( 17806, 12530, '16:17:00', '16:17:00', 20 );
INSERT INTO "times" VALUES ( 17806, 12540, '16:20:00', '16:20:00', 20 );
INSERT INTO "times" VALUES ( 17806, 12610, '16:25:00', '16:25:00', 20 );
INSERT INTO "times" VALUES ( 17806, 12660, '16:29:00', '16:29:00', 20 );
INSERT INTO "times" VALUES ( 17806, 12670, '16:32:00', '16:32:00', 20 );
INSERT INTO "times" VALUES ( 17806, 12680, '16:35:00', '16:38:00', 20 );
INSERT INTO "times" VALUES ( 17806, 12690, '16:40:00', '16:40:00', 20 );
INSERT INTO "times" VALUES ( 17806, 12700, '16:42:00', '16:42:00', 20 );
INSERT INTO "times" VALUES ( 17806, 12710, '16:45:00', '16:45:00', 20 );
INSERT INTO "times" VALUES ( 17806, 12720, '16:46:00', '16:46:00', 20 );
INSERT INTO "times" VALUES ( 17806, 12730, '16:49:00', '16:49:00', 20 );
INSERT INTO "times" VALUES ( 17806, 12740, '16:52:00', '16:52:00', 20 );
INSERT INTO "times" VALUES ( 17806, 12750, '16:55:00', '16:55:00', 20 );
INSERT INTO "times" VALUES ( 17806, 12760, '16:58:00', '16:58:00', 20 );
INSERT INTO "times" VALUES ( 17806, 12770, '17:02:00', '17:02:00', 20 );
INSERT INTO "times" VALUES ( 17806, 12780, '17:06:00', '17:06:00', 20 );
INSERT INTO "times" VALUES ( 17806, 12790, '17:07:00', '17:07:00', 20 );
INSERT INTO "times" VALUES ( 17806, 12800, '17:09:00', '17:13:00', 20 );
INSERT INTO "times" VALUES ( 17806, 12810, '17:15:00', '17:15:00', 20 );
INSERT INTO "times" VALUES ( 17806, 12820, '17:16:00', '17:16:00', 20 );
INSERT INTO "times" VALUES ( 17806, 12830, '17:18:00', '17:18:00', 20 );
INSERT INTO "times" VALUES ( 17806, 12840, '17:19:00', '17:19:00', 20 );
INSERT INTO "times" VALUES ( 17806, 12850, '17:21:00', '17:21:00', 20 );
INSERT INTO "times" VALUES ( 17806, 12860, '17:22:00', '17:22:00', 20 );
INSERT INTO "times" VALUES ( 17806, 12870, '17:24:00', '17:24:00', 20 );
INSERT INTO "times" VALUES ( 17806, 12880, '17:26:00', '17:26:00', 20 );
INSERT INTO "times" VALUES ( 17806, 12890, '17:28:00', '17:28:00', 20 );
INSERT INTO "times" VALUES ( 17806, 12900, '17:29:00', '17:30:00', 20 );
INSERT INTO "times" VALUES ( 17806, 13510, '17:32:00', '17:32:00', 30 );
INSERT INTO "times" VALUES ( 17806, 13520, '17:35:00', NULL, NULL );

INSERT INTO "dias" VALUES ( 17807, 120, FALSE, TRUE, 'K1603A', 13520, 12510 );
INSERT INTO "dias_line_groups" VALUES ( 17807, 10 );
INSERT INTO "times" VALUES ( 17807, 12510, '17:58:00', NULL, NULL );
INSERT INTO "times" VALUES ( 17807, 12520, '17:56:00', '17:56:00', 20 );
INSERT INTO "times" VALUES ( 17807, 12530, '17:54:00', '17:54:00', 20 );
INSERT INTO "times" VALUES ( 17807, 12540, '17:51:00', '17:51:00', 20 );
INSERT INTO "times" VALUES ( 17807, 12610, '17:46:00', '17:46:00', 20 );
INSERT INTO "times" VALUES ( 17807, 12660, '17:42:00', '17:42:00', 20 );
INSERT INTO "times" VALUES ( 17807, 12670, '17:39:00', '17:39:00', 20 );
INSERT INTO "times" VALUES ( 17807, 12680, '17:33:00', '17:36:00', 20 );
INSERT INTO "times" VALUES ( 17807, 12690, '17:30:00', '17:30:00', 20 );
INSERT INTO "times" VALUES ( 17807, 12700, '17:28:00', '17:28:00', 20 );
INSERT INTO "times" VALUES ( 17807, 12710, '17:19:00', '17:26:00', 20 );
INSERT INTO "times" VALUES ( 17807, 12720, '17:16:00', '17:16:00', 20 );
INSERT INTO "times" VALUES ( 17807, 12730, '17:14:00', '17:14:00', 20 );
INSERT INTO "times" VALUES ( 17807, 12740, '17:11:00', '17:11:00', 20 );
INSERT INTO "times" VALUES ( 17807, 12750, '17:08:00', '17:08:00', 20 );
INSERT INTO "times" VALUES ( 17807, 12760, '17:06:00', '17:06:00', 20 );
INSERT INTO "times" VALUES ( 17807, 12770, '16:59:00', '17:02:00', 20 );
INSERT INTO "times" VALUES ( 17807, 12780, '16:55:00', '16:55:00', 20 );
INSERT INTO "times" VALUES ( 17807, 12790, '16:53:00', '16:53:00', 20 );
INSERT INTO "times" VALUES ( 17807, 12800, '16:47:00', '16:51:00', 20 );
INSERT INTO "times" VALUES ( 17807, 12810, '16:45:00', '16:45:00', 20 );
INSERT INTO "times" VALUES ( 17807, 12820, '16:43:00', '16:43:00', 20 );
INSERT INTO "times" VALUES ( 17807, 12830, '16:42:00', '16:42:00', 20 );
INSERT INTO "times" VALUES ( 17807, 12840, '16:40:00', '16:40:00', 20 );
INSERT INTO "times" VALUES ( 17807, 12850, '16:39:00', '16:39:00', 20 );
INSERT INTO "times" VALUES ( 17807, 12860, '16:37:00', '16:37:00', 20 );
INSERT INTO "times" VALUES ( 17807, 12870, '16:35:00', '16:35:00', 20 );
INSERT INTO "times" VALUES ( 17807, 12880, '16:33:00', '16:33:00', 20 );
INSERT INTO "times" VALUES ( 17807, 12890, '16:31:00', '16:31:00', 20 );
INSERT INTO "times" VALUES ( 17807, 12900, '16:26:00', '16:30:00', 20 );
INSERT INTO "times" VALUES ( 17807, 13510, '16:24:00', '16:24:00', 30 );
INSERT INTO "times" VALUES ( 17807, 13520, NULL, '16:22:00', 30 );

INSERT INTO "dias" VALUES ( 17808, 120, FALSE, TRUE, 'K1604Z', 12510, 13520 );
INSERT INTO "dias_line_groups" VALUES ( 17808, 10 );
INSERT INTO "times" VALUES ( 17808, 12510, NULL, '16:32:00', 20 );
INSERT INTO "times" VALUES ( 17808, 12520, '16:33:00', '16:33:00', 20 );
INSERT INTO "times" VALUES ( 17808, 12530, '16:35:00', '16:35:00', 20 );
INSERT INTO "times" VALUES ( 17808, 12540, '16:39:00', '16:39:00', 20 );
INSERT INTO "times" VALUES ( 17808, 12610, '16:44:00', '16:44:00', 20 );
INSERT INTO "times" VALUES ( 17808, 12660, '16:48:00', '16:48:00', 20 );
INSERT INTO "times" VALUES ( 17808, 12670, '16:51:00', '16:51:00', 20 );
INSERT INTO "times" VALUES ( 17808, 12680, '16:54:00', '16:54:00', 20 );
INSERT INTO "times" VALUES ( 17808, 12690, '16:56:00', '16:56:00', 20 );
INSERT INTO "times" VALUES ( 17808, 12700, '16:58:00', '16:58:00', 20 );
INSERT INTO "times" VALUES ( 17808, 12710, '17:00:00', '17:04:00', 20 );
INSERT INTO "times" VALUES ( 17808, 12720, '17:06:00', '17:06:00', 20 );
INSERT INTO "times" VALUES ( 17808, 12730, '17:08:00', '17:08:00', 20 );
INSERT INTO "times" VALUES ( 17808, 12740, '17:11:00', '17:12:00', 20 );
INSERT INTO "times" VALUES ( 17808, 12750, '17:15:00', '17:15:00', 20 );
INSERT INTO "times" VALUES ( 17808, 12760, '17:18:00', '17:18:00', 20 );
INSERT INTO "times" VALUES ( 17808, 12770, '17:22:00', '17:22:00', 20 );
INSERT INTO "times" VALUES ( 17808, 12780, '17:26:00', '17:26:00', 20 );
INSERT INTO "times" VALUES ( 17808, 12790, '17:27:00', '17:27:00', 20 );
INSERT INTO "times" VALUES ( 17808, 12800, '17:29:00', '17:33:00', 20 );
INSERT INTO "times" VALUES ( 17808, 12810, '17:35:00', '17:35:00', 20 );
INSERT INTO "times" VALUES ( 17808, 12820, '17:36:00', '17:36:00', 20 );
INSERT INTO "times" VALUES ( 17808, 12830, '17:38:00', '17:38:00', 20 );
INSERT INTO "times" VALUES ( 17808, 12840, '17:39:00', '17:39:00', 20 );
INSERT INTO "times" VALUES ( 17808, 12850, '17:41:00', '17:41:00', 20 );
INSERT INTO "times" VALUES ( 17808, 12860, '17:42:00', '17:42:00', 20 );
INSERT INTO "times" VALUES ( 17808, 12870, '17:44:00', '17:44:00', 20 );
INSERT INTO "times" VALUES ( 17808, 12880, '17:46:00', '17:46:00', 20 );
INSERT INTO "times" VALUES ( 17808, 12890, '17:48:00', '17:48:00', 20 );
INSERT INTO "times" VALUES ( 17808, 12900, '17:49:00', '17:53:00', 20 );
INSERT INTO "times" VALUES ( 17808, 13510, '17:55:00', '17:55:00', 30 );
INSERT INTO "times" VALUES ( 17808, 13520, '17:58:00', NULL, NULL );

INSERT INTO "dias" VALUES ( 17809, 120, FALSE, TRUE, 'K1605A', 13520, 12510 );
INSERT INTO "dias_line_groups" VALUES ( 17809, 10 );
INSERT INTO "times" VALUES ( 17809, 12510, '18:10:00', NULL, NULL );
INSERT INTO "times" VALUES ( 17809, 12520, '18:08:00', '18:08:00', 20 );
INSERT INTO "times" VALUES ( 17809, 12530, '18:06:00', '18:06:00', 20 );
INSERT INTO "times" VALUES ( 17809, 12540, '18:03:00', '18:03:00', 20 );
INSERT INTO "times" VALUES ( 17809, 12610, '17:58:00', '17:58:00', 20 );
INSERT INTO "times" VALUES ( 17809, 12660, '17:54:00', '17:54:00', 20 );
INSERT INTO "times" VALUES ( 17809, 12670, '17:51:00', '17:51:00', 20 );
INSERT INTO "times" VALUES ( 17809, 12680, '17:48:00', '17:48:00', 20 );
INSERT INTO "times" VALUES ( 17809, 12690, '17:46:00', '17:46:00', 20 );
INSERT INTO "times" VALUES ( 17809, 12700, '17:43:00', '17:43:00', 20 );
INSERT INTO "times" VALUES ( 17809, 12710, '17:37:00', '17:42:00', 20 );
INSERT INTO "times" VALUES ( 17809, 12720, '17:34:00', '17:34:00', 20 );
INSERT INTO "times" VALUES ( 17809, 12730, '17:32:00', '17:32:00', 20 );
INSERT INTO "times" VALUES ( 17809, 12740, '17:29:00', '17:29:00', 20 );
INSERT INTO "times" VALUES ( 17809, 12750, '17:26:00', '17:26:00', 20 );
INSERT INTO "times" VALUES ( 17809, 12760, '17:24:00', '17:24:00', 20 );
INSERT INTO "times" VALUES ( 17809, 12770, '17:20:00', '17:20:00', 20 );
INSERT INTO "times" VALUES ( 17809, 12780, '17:15:00', '17:15:00', 20 );
INSERT INTO "times" VALUES ( 17809, 12790, '17:13:00', '17:13:00', 20 );
INSERT INTO "times" VALUES ( 17809, 12800, '17:08:00', '17:11:00', 20 );
INSERT INTO "times" VALUES ( 17809, 12810, '17:05:00', '17:05:00', 20 );
INSERT INTO "times" VALUES ( 17809, 12820, '17:04:00', '17:04:00', 20 );
INSERT INTO "times" VALUES ( 17809, 12830, '17:02:00', '17:02:00', 20 );
INSERT INTO "times" VALUES ( 17809, 12840, '17:00:00', '17:00:00', 20 );
INSERT INTO "times" VALUES ( 17809, 12850, '16:59:00', '16:59:00', 20 );
INSERT INTO "times" VALUES ( 17809, 12860, '16:57:00', '16:57:00', 20 );
INSERT INTO "times" VALUES ( 17809, 12870, '16:55:00', '16:55:00', 20 );
INSERT INTO "times" VALUES ( 17809, 12880, '16:53:00', '16:53:00', 20 );
INSERT INTO "times" VALUES ( 17809, 12890, '16:52:00', '16:52:00', 20 );
INSERT INTO "times" VALUES ( 17809, 12900, '16:44:00', '16:50:00', 20 );
INSERT INTO "times" VALUES ( 17809, 13510, '16:42:00', '16:42:00', 30 );
INSERT INTO "times" VALUES ( 17809, 13520, NULL, '16:40:00', 30 );

INSERT INTO "dias" VALUES ( 17810, 120, FALSE, TRUE, 'K1606Z', 12510, 13520 );
INSERT INTO "dias_line_groups" VALUES ( 17810, 10 );
INSERT INTO "times" VALUES ( 17810, 12510, NULL, '16:43:00', 20 );
INSERT INTO "times" VALUES ( 17810, 12520, '16:45:00', '16:45:00', 20 );
INSERT INTO "times" VALUES ( 17810, 12530, '16:47:00', '16:47:00', 20 );
INSERT INTO "times" VALUES ( 17810, 12540, '16:50:00', '16:50:00', 20 );
INSERT INTO "times" VALUES ( 17810, 12610, '16:55:00', '16:55:00', 20 );
INSERT INTO "times" VALUES ( 17810, 12660, '17:00:00', '17:00:00', 20 );
INSERT INTO "times" VALUES ( 17810, 12670, '17:02:00', '17:02:00', 20 );
INSERT INTO "times" VALUES ( 17810, 12680, '17:05:00', '17:08:00', 20 );
INSERT INTO "times" VALUES ( 17810, 12690, '17:10:00', '17:10:00', 20 );
INSERT INTO "times" VALUES ( 17810, 12700, '17:12:00', '17:12:00', 20 );
INSERT INTO "times" VALUES ( 17810, 12710, '17:15:00', '17:15:00', 20 );
INSERT INTO "times" VALUES ( 17810, 12720, '17:16:00', '17:16:00', 20 );
INSERT INTO "times" VALUES ( 17810, 12730, '17:19:00', '17:19:00', 20 );
INSERT INTO "times" VALUES ( 17810, 12740, '17:22:00', '17:22:00', 20 );
INSERT INTO "times" VALUES ( 17810, 12750, '17:25:00', '17:25:00', 20 );
INSERT INTO "times" VALUES ( 17810, 12760, '17:28:00', '17:28:00', 20 );
INSERT INTO "times" VALUES ( 17810, 12770, '17:32:00', '17:32:00', 20 );
INSERT INTO "times" VALUES ( 17810, 12780, '17:36:00', '17:36:00', 20 );
INSERT INTO "times" VALUES ( 17810, 12790, '17:37:00', '17:37:00', 20 );
INSERT INTO "times" VALUES ( 17810, 12800, '17:39:00', '17:43:00', 20 );
INSERT INTO "times" VALUES ( 17810, 12810, '17:45:00', '17:45:00', 20 );
INSERT INTO "times" VALUES ( 17810, 12820, '17:46:00', '17:46:00', 20 );
INSERT INTO "times" VALUES ( 17810, 12830, '17:48:00', '17:48:00', 20 );
INSERT INTO "times" VALUES ( 17810, 12840, '17:49:00', '17:49:00', 20 );
INSERT INTO "times" VALUES ( 17810, 12850, '17:51:00', '17:51:00', 20 );
INSERT INTO "times" VALUES ( 17810, 12860, '17:52:00', '17:52:00', 20 );
INSERT INTO "times" VALUES ( 17810, 12870, '17:54:00', '17:54:00', 20 );
INSERT INTO "times" VALUES ( 17810, 12880, '17:56:00', '17:56:00', 20 );
INSERT INTO "times" VALUES ( 17810, 12890, '17:58:00', '17:58:00', 20 );
INSERT INTO "times" VALUES ( 17810, 12900, '17:59:00', '18:03:00', 20 );
INSERT INTO "times" VALUES ( 17810, 13510, '18:05:00', '18:05:00', 30 );
INSERT INTO "times" VALUES ( 17810, 13520, '18:08:00', NULL, NULL );

INSERT INTO "dias" VALUES ( 17811, 120, FALSE, TRUE, 'K1700Z', 12510, 13520 );
INSERT INTO "dias_line_groups" VALUES ( 17811, 10 );
INSERT INTO "times" VALUES ( 17811, 12510, NULL, '17:02:00', 20 );
INSERT INTO "times" VALUES ( 17811, 12520, '17:03:00', '17:03:00', 20 );
INSERT INTO "times" VALUES ( 17811, 12530, '17:06:00', '17:06:00', 20 );
INSERT INTO "times" VALUES ( 17811, 12540, '17:09:00', '17:09:00', 20 );
INSERT INTO "times" VALUES ( 17811, 12610, '17:14:00', '17:14:00', 20 );
INSERT INTO "times" VALUES ( 17811, 12660, '17:18:00', '17:18:00', 20 );
INSERT INTO "times" VALUES ( 17811, 12670, '17:21:00', '17:21:00', 20 );
INSERT INTO "times" VALUES ( 17811, 12680, '17:24:00', '17:24:00', 20 );
INSERT INTO "times" VALUES ( 17811, 12690, '17:26:00', '17:26:00', 20 );
INSERT INTO "times" VALUES ( 17811, 12700, '17:28:00', '17:28:00', 20 );
INSERT INTO "times" VALUES ( 17811, 12710, '17:30:00', '17:34:00', 20 );
INSERT INTO "times" VALUES ( 17811, 12720, '17:36:00', '17:36:00', 20 );
INSERT INTO "times" VALUES ( 17811, 12730, '17:38:00', '17:38:00', 20 );
INSERT INTO "times" VALUES ( 17811, 12740, '17:41:00', '17:42:00', 20 );
INSERT INTO "times" VALUES ( 17811, 12750, '17:45:00', '17:45:00', 20 );
INSERT INTO "times" VALUES ( 17811, 12760, '17:48:00', '17:48:00', 20 );
INSERT INTO "times" VALUES ( 17811, 12770, '17:52:00', '17:52:00', 20 );
INSERT INTO "times" VALUES ( 17811, 12780, '17:56:00', '17:56:00', 20 );
INSERT INTO "times" VALUES ( 17811, 12790, '17:57:00', '17:57:00', 20 );
INSERT INTO "times" VALUES ( 17811, 12800, '17:59:00', '18:03:00', 20 );
INSERT INTO "times" VALUES ( 17811, 12810, '18:05:00', '18:05:00', 20 );
INSERT INTO "times" VALUES ( 17811, 12820, '18:06:00', '18:06:00', 20 );
INSERT INTO "times" VALUES ( 17811, 12830, '18:08:00', '18:08:00', 20 );
INSERT INTO "times" VALUES ( 17811, 12840, '18:09:00', '18:09:00', 20 );
INSERT INTO "times" VALUES ( 17811, 12850, '18:11:00', '18:11:00', 20 );
INSERT INTO "times" VALUES ( 17811, 12860, '18:12:00', '18:12:00', 20 );
INSERT INTO "times" VALUES ( 17811, 12870, '18:14:00', '18:14:00', 20 );
INSERT INTO "times" VALUES ( 17811, 12880, '18:16:00', '18:16:00', 20 );
INSERT INTO "times" VALUES ( 17811, 12890, '18:18:00', '18:18:00', 20 );
INSERT INTO "times" VALUES ( 17811, 12900, '18:19:00', '18:23:00', 20 );
INSERT INTO "times" VALUES ( 17811, 13510, '18:25:00', '18:25:00', 30 );
INSERT INTO "times" VALUES ( 17811, 13520, '18:28:00', NULL, NULL );

INSERT INTO "dias" VALUES ( 17812, 120, FALSE, TRUE, 'K1701A', 13520, 12510 );
INSERT INTO "dias_line_groups" VALUES ( 17812, 10 );
INSERT INTO "times" VALUES ( 17812, 12510, '18:40:00', NULL, NULL );
INSERT INTO "times" VALUES ( 17812, 12520, '18:38:00', '18:38:00', 20 );
INSERT INTO "times" VALUES ( 17812, 12530, '18:36:00', '18:36:00', 20 );
INSERT INTO "times" VALUES ( 17812, 12540, '18:33:00', '18:33:00', 20 );
INSERT INTO "times" VALUES ( 17812, 12610, '18:28:00', '18:28:00', 20 );
INSERT INTO "times" VALUES ( 17812, 12660, '18:24:00', '18:24:00', 20 );
INSERT INTO "times" VALUES ( 17812, 12670, '18:21:00', '18:21:00', 20 );
INSERT INTO "times" VALUES ( 17812, 12680, '18:18:00', '18:18:00', 20 );
INSERT INTO "times" VALUES ( 17812, 12690, '18:16:00', '18:16:00', 20 );
INSERT INTO "times" VALUES ( 17812, 12700, '18:13:00', '18:13:00', 20 );
INSERT INTO "times" VALUES ( 17812, 12710, '18:06:00', '18:12:00', 20 );
INSERT INTO "times" VALUES ( 17812, 12720, '18:04:00', '18:04:00', 20 );
INSERT INTO "times" VALUES ( 17812, 12730, '18:01:00', '18:01:00', 20 );
INSERT INTO "times" VALUES ( 17812, 12740, '17:59:00', '17:59:00', 20 );
INSERT INTO "times" VALUES ( 17812, 12750, '17:56:00', '17:56:00', 20 );
INSERT INTO "times" VALUES ( 17812, 12760, '17:54:00', '17:54:00', 20 );
INSERT INTO "times" VALUES ( 17812, 12770, '17:50:00', '17:50:00', 20 );
INSERT INTO "times" VALUES ( 17812, 12780, '17:45:00', '17:45:00', 20 );
INSERT INTO "times" VALUES ( 17812, 12790, '17:43:00', '17:43:00', 20 );
INSERT INTO "times" VALUES ( 17812, 12800, '17:38:00', '17:41:00', 20 );
INSERT INTO "times" VALUES ( 17812, 12810, '17:35:00', '17:35:00', 20 );
INSERT INTO "times" VALUES ( 17812, 12820, '17:34:00', '17:34:00', 20 );
INSERT INTO "times" VALUES ( 17812, 12830, '17:32:00', '17:32:00', 20 );
INSERT INTO "times" VALUES ( 17812, 12840, '17:30:00', '17:30:00', 20 );
INSERT INTO "times" VALUES ( 17812, 12850, '17:29:00', '17:29:00', 20 );
INSERT INTO "times" VALUES ( 17812, 12860, '17:27:00', '17:27:00', 20 );
INSERT INTO "times" VALUES ( 17812, 12870, '17:25:00', '17:25:00', 20 );
INSERT INTO "times" VALUES ( 17812, 12880, '17:23:00', '17:23:00', 20 );
INSERT INTO "times" VALUES ( 17812, 12890, '17:22:00', '17:22:00', 20 );
INSERT INTO "times" VALUES ( 17812, 12900, '17:14:00', '17:20:00', 20 );
INSERT INTO "times" VALUES ( 17812, 13510, '17:12:00', '17:12:00', 30 );
INSERT INTO "times" VALUES ( 17812, 13520, NULL, '17:09:00', 30 );

INSERT INTO "dias" VALUES ( 17813, 120, FALSE, TRUE, 'K1702Z', 12510, 13520 );
INSERT INTO "dias_line_groups" VALUES ( 17813, 10 );
INSERT INTO "times" VALUES ( 17813, 12510, NULL, '17:13:00', 20 );
INSERT INTO "times" VALUES ( 17813, 12520, '17:15:00', '17:15:00', 20 );
INSERT INTO "times" VALUES ( 17813, 12530, '17:17:00', '17:17:00', 20 );
INSERT INTO "times" VALUES ( 17813, 12540, '17:20:00', '17:20:00', 20 );
INSERT INTO "times" VALUES ( 17813, 12610, '17:25:00', '17:25:00', 20 );
INSERT INTO "times" VALUES ( 17813, 12660, '17:29:00', '17:29:00', 20 );
INSERT INTO "times" VALUES ( 17813, 12670, '17:32:00', '17:32:00', 20 );
INSERT INTO "times" VALUES ( 17813, 12680, '17:35:00', '17:38:00', 20 );
INSERT INTO "times" VALUES ( 17813, 12690, '17:40:00', '17:40:00', 20 );
INSERT INTO "times" VALUES ( 17813, 12700, '17:42:00', '17:42:00', 20 );
INSERT INTO "times" VALUES ( 17813, 12710, '17:45:00', '17:45:00', 20 );
INSERT INTO "times" VALUES ( 17813, 12720, '17:46:00', '17:46:00', 20 );
INSERT INTO "times" VALUES ( 17813, 12730, '17:49:00', '17:49:00', 20 );
INSERT INTO "times" VALUES ( 17813, 12740, '17:52:00', '17:52:00', 20 );
INSERT INTO "times" VALUES ( 17813, 12750, '17:55:00', '17:55:00', 20 );
INSERT INTO "times" VALUES ( 17813, 12760, '17:58:00', '17:58:00', 20 );
INSERT INTO "times" VALUES ( 17813, 12770, '18:02:00', '18:02:00', 20 );
INSERT INTO "times" VALUES ( 17813, 12780, '18:06:00', '18:06:00', 20 );
INSERT INTO "times" VALUES ( 17813, 12790, '18:07:00', '18:07:00', 20 );
INSERT INTO "times" VALUES ( 17813, 12800, '18:09:00', '18:13:00', 20 );
INSERT INTO "times" VALUES ( 17813, 12810, '18:15:00', '18:15:00', 20 );
INSERT INTO "times" VALUES ( 17813, 12820, '18:16:00', '18:16:00', 20 );
INSERT INTO "times" VALUES ( 17813, 12830, '18:18:00', '18:18:00', 20 );
INSERT INTO "times" VALUES ( 17813, 12840, '18:19:00', '18:19:00', 20 );
INSERT INTO "times" VALUES ( 17813, 12850, '18:21:00', '18:21:00', 20 );
INSERT INTO "times" VALUES ( 17813, 12860, '18:22:00', '18:22:00', 20 );
INSERT INTO "times" VALUES ( 17813, 12870, '18:24:00', '18:24:00', 20 );
INSERT INTO "times" VALUES ( 17813, 12880, '18:26:00', '18:26:00', 20 );
INSERT INTO "times" VALUES ( 17813, 12890, '18:28:00', '18:28:00', 20 );
INSERT INTO "times" VALUES ( 17813, 12900, '18:29:00', '18:33:00', 20 );
INSERT INTO "times" VALUES ( 17813, 13510, '18:35:00', '18:35:00', 30 );
INSERT INTO "times" VALUES ( 17813, 13520, '18:38:00', NULL, NULL );

INSERT INTO "dias" VALUES ( 17814, 120, FALSE, TRUE, 'K1703A', 13520, 12510 );
INSERT INTO "dias_line_groups" VALUES ( 17814, 10 );
INSERT INTO "times" VALUES ( 17814, 12510, '19:09:00', NULL, NULL );
INSERT INTO "times" VALUES ( 17814, 12520, '19:07:00', '19:07:00', 20 );
INSERT INTO "times" VALUES ( 17814, 12530, '19:06:00', '19:06:00', 20 );
INSERT INTO "times" VALUES ( 17814, 12540, '19:03:00', '19:03:00', 20 );
INSERT INTO "times" VALUES ( 17814, 12610, '18:58:00', '18:58:00', 20 );
INSERT INTO "times" VALUES ( 17814, 12660, '18:53:00', '18:53:00', 20 );
INSERT INTO "times" VALUES ( 17814, 12670, '18:50:00', '18:50:00', 20 );
INSERT INTO "times" VALUES ( 17814, 12680, '18:48:00', '18:48:00', 20 );
INSERT INTO "times" VALUES ( 17814, 12690, '18:45:00', '18:45:00', 20 );
INSERT INTO "times" VALUES ( 17814, 12700, '18:43:00', '18:43:00', 20 );
INSERT INTO "times" VALUES ( 17814, 12710, '18:37:00', '18:41:00', 20 );
INSERT INTO "times" VALUES ( 17814, 12720, '18:34:00', '18:34:00', 20 );
INSERT INTO "times" VALUES ( 17814, 12730, '18:32:00', '18:32:00', 20 );
INSERT INTO "times" VALUES ( 17814, 12740, '18:30:00', '18:30:00', 20 );
INSERT INTO "times" VALUES ( 17814, 12750, '18:26:00', '18:26:00', 20 );
INSERT INTO "times" VALUES ( 17814, 12760, '18:24:00', '18:24:00', 20 );
INSERT INTO "times" VALUES ( 17814, 12770, '18:20:00', '18:20:00', 20 );
INSERT INTO "times" VALUES ( 17814, 12780, '18:15:00', '18:15:00', 20 );
INSERT INTO "times" VALUES ( 17814, 12790, '18:13:00', '18:13:00', 20 );
INSERT INTO "times" VALUES ( 17814, 12800, '18:08:00', '18:11:00', 20 );
INSERT INTO "times" VALUES ( 17814, 12810, '18:06:00', '18:06:00', 20 );
INSERT INTO "times" VALUES ( 17814, 12820, '18:04:00', '18:04:00', 20 );
INSERT INTO "times" VALUES ( 17814, 12830, '18:03:00', '18:03:00', 20 );
INSERT INTO "times" VALUES ( 17814, 12840, '18:01:00', '18:01:00', 20 );
INSERT INTO "times" VALUES ( 17814, 12850, '17:59:00', '17:59:00', 20 );
INSERT INTO "times" VALUES ( 17814, 12860, '17:58:00', '17:58:00', 20 );
INSERT INTO "times" VALUES ( 17814, 12870, '17:56:00', '17:56:00', 20 );
INSERT INTO "times" VALUES ( 17814, 12880, '17:54:00', '17:54:00', 20 );
INSERT INTO "times" VALUES ( 17814, 12890, '17:52:00', '17:52:00', 20 );
INSERT INTO "times" VALUES ( 17814, 12900, '17:44:00', '17:51:00', 20 );
INSERT INTO "times" VALUES ( 17814, 13510, '17:42:00', '17:42:00', 30 );
INSERT INTO "times" VALUES ( 17814, 13520, NULL, '17:39:00', 30 );

INSERT INTO "dias" VALUES ( 17815, 120, FALSE, TRUE, 'K1704Z', 12510, 13520 );
INSERT INTO "dias_line_groups" VALUES ( 17815, 10 );
INSERT INTO "times" VALUES ( 17815, 12510, NULL, '17:32:00', 20 );
INSERT INTO "times" VALUES ( 17815, 12520, '17:33:00', '17:33:00', 20 );
INSERT INTO "times" VALUES ( 17815, 12530, '17:36:00', '17:36:00', 20 );
INSERT INTO "times" VALUES ( 17815, 12540, '17:39:00', '17:39:00', 20 );
INSERT INTO "times" VALUES ( 17815, 12610, '17:44:00', '17:44:00', 20 );
INSERT INTO "times" VALUES ( 17815, 12660, '17:48:00', '17:48:00', 20 );
INSERT INTO "times" VALUES ( 17815, 12670, '17:51:00', '17:51:00', 20 );
INSERT INTO "times" VALUES ( 17815, 12680, '17:54:00', '17:54:00', 20 );
INSERT INTO "times" VALUES ( 17815, 12690, '17:56:00', '17:56:00', 20 );
INSERT INTO "times" VALUES ( 17815, 12700, '17:58:00', '17:58:00', 20 );
INSERT INTO "times" VALUES ( 17815, 12710, '18:00:00', '18:04:00', 20 );
INSERT INTO "times" VALUES ( 17815, 12720, '18:06:00', '18:06:00', 20 );
INSERT INTO "times" VALUES ( 17815, 12730, '18:08:00', '18:08:00', 20 );
INSERT INTO "times" VALUES ( 17815, 12740, '18:11:00', '18:12:00', 20 );
INSERT INTO "times" VALUES ( 17815, 12750, '18:15:00', '18:15:00', 20 );
INSERT INTO "times" VALUES ( 17815, 12760, '18:18:00', '18:18:00', 20 );
INSERT INTO "times" VALUES ( 17815, 12770, '18:22:00', '18:22:00', 20 );
INSERT INTO "times" VALUES ( 17815, 12780, '18:26:00', '18:26:00', 20 );
INSERT INTO "times" VALUES ( 17815, 12790, '18:27:00', '18:27:00', 20 );
INSERT INTO "times" VALUES ( 17815, 12800, '18:29:00', '18:33:00', 20 );
INSERT INTO "times" VALUES ( 17815, 12810, '18:35:00', '18:35:00', 20 );
INSERT INTO "times" VALUES ( 17815, 12820, '18:36:00', '18:36:00', 20 );
INSERT INTO "times" VALUES ( 17815, 12830, '18:38:00', '18:38:00', 20 );
INSERT INTO "times" VALUES ( 17815, 12840, '18:39:00', '18:39:00', 20 );
INSERT INTO "times" VALUES ( 17815, 12850, '18:41:00', '18:41:00', 20 );
INSERT INTO "times" VALUES ( 17815, 12860, '18:42:00', '18:42:00', 20 );
INSERT INTO "times" VALUES ( 17815, 12870, '18:44:00', '18:44:00', 20 );
INSERT INTO "times" VALUES ( 17815, 12880, '18:46:00', '18:46:00', 20 );
INSERT INTO "times" VALUES ( 17815, 12890, '18:48:00', '18:48:00', 20 );
INSERT INTO "times" VALUES ( 17815, 12900, '18:49:00', '18:53:00', 20 );
INSERT INTO "times" VALUES ( 17815, 13510, '18:55:00', '18:55:00', 30 );
INSERT INTO "times" VALUES ( 17815, 13520, '18:58:00', NULL, NULL );

INSERT INTO "dias" VALUES ( 17816, 120, FALSE, TRUE, 'K1706Z', 12510, 13520 );
INSERT INTO "dias_line_groups" VALUES ( 17816, 10 );
INSERT INTO "times" VALUES ( 17816, 12510, NULL, '17:44:00', 20 );
INSERT INTO "times" VALUES ( 17816, 12520, '17:46:00', '17:46:00', 20 );
INSERT INTO "times" VALUES ( 17816, 12530, '17:48:00', '17:48:00', 20 );
INSERT INTO "times" VALUES ( 17816, 12540, '17:51:00', '17:51:00', 20 );
INSERT INTO "times" VALUES ( 17816, 12610, '17:56:00', '17:56:00', 20 );
INSERT INTO "times" VALUES ( 17816, 12660, '18:00:00', '18:00:00', 20 );
INSERT INTO "times" VALUES ( 17816, 12670, '18:03:00', '18:03:00', 20 );
INSERT INTO "times" VALUES ( 17816, 12680, '18:06:00', '18:08:00', 20 );
INSERT INTO "times" VALUES ( 17816, 12690, '18:10:00', '18:10:00', 20 );
INSERT INTO "times" VALUES ( 17816, 12700, '18:12:00', '18:12:00', 20 );
INSERT INTO "times" VALUES ( 17816, 12710, '18:15:00', '18:15:00', 20 );
INSERT INTO "times" VALUES ( 17816, 12720, '18:17:00', '18:17:00', 20 );
INSERT INTO "times" VALUES ( 17816, 12730, '18:19:00', '18:19:00', 20 );
INSERT INTO "times" VALUES ( 17816, 12740, '18:22:00', '18:22:00', 20 );
INSERT INTO "times" VALUES ( 17816, 12750, '18:25:00', '18:25:00', 20 );
INSERT INTO "times" VALUES ( 17816, 12760, '18:28:00', '18:28:00', 20 );
INSERT INTO "times" VALUES ( 17816, 12770, '18:32:00', '18:32:00', 20 );
INSERT INTO "times" VALUES ( 17816, 12780, '18:36:00', '18:36:00', 20 );
INSERT INTO "times" VALUES ( 17816, 12790, '18:37:00', '18:37:00', 20 );
INSERT INTO "times" VALUES ( 17816, 12800, '18:39:00', '18:43:00', 20 );
INSERT INTO "times" VALUES ( 17816, 12810, '18:45:00', '18:45:00', 20 );
INSERT INTO "times" VALUES ( 17816, 12820, '18:46:00', '18:46:00', 20 );
INSERT INTO "times" VALUES ( 17816, 12830, '18:48:00', '18:48:00', 20 );
INSERT INTO "times" VALUES ( 17816, 12840, '18:49:00', '18:49:00', 20 );
INSERT INTO "times" VALUES ( 17816, 12850, '18:51:00', '18:51:00', 20 );
INSERT INTO "times" VALUES ( 17816, 12860, '18:52:00', '18:52:00', 20 );
INSERT INTO "times" VALUES ( 17816, 12870, '18:54:00', '18:54:00', 20 );
INSERT INTO "times" VALUES ( 17816, 12880, '18:56:00', '18:56:00', 20 );
INSERT INTO "times" VALUES ( 17816, 12890, '18:58:00', '18:58:00', 20 );
INSERT INTO "times" VALUES ( 17816, 12900, '18:59:00', '19:03:00', 20 );
INSERT INTO "times" VALUES ( 17816, 13510, '19:05:00', '19:05:00', 30 );
INSERT INTO "times" VALUES ( 17816, 13520, '19:08:00', NULL, NULL );

INSERT INTO "dias" VALUES ( 17817, 120, FALSE, TRUE, 'K1800Z', 12510, 13520 );
INSERT INTO "dias_line_groups" VALUES ( 17817, 10 );
INSERT INTO "times" VALUES ( 17817, 12510, NULL, '18:02:00', 20 );
INSERT INTO "times" VALUES ( 17817, 12520, '18:03:00', '18:03:00', 20 );
INSERT INTO "times" VALUES ( 17817, 12530, '18:06:00', '18:06:00', 20 );
INSERT INTO "times" VALUES ( 17817, 12540, '18:09:00', '18:09:00', 20 );
INSERT INTO "times" VALUES ( 17817, 12610, '18:14:00', '18:14:00', 20 );
INSERT INTO "times" VALUES ( 17817, 12660, '18:18:00', '18:18:00', 20 );
INSERT INTO "times" VALUES ( 17817, 12670, '18:21:00', '18:21:00', 20 );
INSERT INTO "times" VALUES ( 17817, 12680, '18:24:00', '18:24:00', 20 );
INSERT INTO "times" VALUES ( 17817, 12690, '18:26:00', '18:26:00', 20 );
INSERT INTO "times" VALUES ( 17817, 12700, '18:28:00', '18:28:00', 20 );
INSERT INTO "times" VALUES ( 17817, 12710, '18:30:00', '18:34:00', 20 );
INSERT INTO "times" VALUES ( 17817, 12720, '18:36:00', '18:36:00', 20 );
INSERT INTO "times" VALUES ( 17817, 12730, '18:38:00', '18:38:00', 20 );
INSERT INTO "times" VALUES ( 17817, 12740, '18:41:00', '18:42:00', 20 );
INSERT INTO "times" VALUES ( 17817, 12750, '18:45:00', '18:45:00', 20 );
INSERT INTO "times" VALUES ( 17817, 12760, '18:48:00', '18:48:00', 20 );
INSERT INTO "times" VALUES ( 17817, 12770, '18:52:00', '18:52:00', 20 );
INSERT INTO "times" VALUES ( 17817, 12780, '18:56:00', '18:56:00', 20 );
INSERT INTO "times" VALUES ( 17817, 12790, '18:57:00', '18:57:00', 20 );
INSERT INTO "times" VALUES ( 17817, 12800, '18:59:00', '19:03:00', 20 );
INSERT INTO "times" VALUES ( 17817, 12810, '19:05:00', '19:05:00', 20 );
INSERT INTO "times" VALUES ( 17817, 12820, '19:06:00', '19:06:00', 20 );
INSERT INTO "times" VALUES ( 17817, 12830, '19:08:00', '19:08:00', 20 );
INSERT INTO "times" VALUES ( 17817, 12840, '19:09:00', '19:09:00', 20 );
INSERT INTO "times" VALUES ( 17817, 12850, '19:11:00', '19:11:00', 20 );
INSERT INTO "times" VALUES ( 17817, 12860, '19:12:00', '19:12:00', 20 );
INSERT INTO "times" VALUES ( 17817, 12870, '19:14:00', '19:14:00', 20 );
INSERT INTO "times" VALUES ( 17817, 12880, '19:16:00', '19:16:00', 20 );
INSERT INTO "times" VALUES ( 17817, 12890, '19:18:00', '19:18:00', 20 );
INSERT INTO "times" VALUES ( 17817, 12900, '19:19:00', '19:23:00', 20 );
INSERT INTO "times" VALUES ( 17817, 13510, '19:25:00', '19:25:00', 30 );
INSERT INTO "times" VALUES ( 17817, 13520, '19:28:00', NULL, NULL );

INSERT INTO "dias" VALUES ( 17818, 120, FALSE, TRUE, 'K1801A', 13520, 12510 );
INSERT INTO "dias_line_groups" VALUES ( 17818, 10 );
INSERT INTO "times" VALUES ( 17818, 12510, '19:39:00', NULL, NULL );
INSERT INTO "times" VALUES ( 17818, 12520, '19:37:00', '19:37:00', 20 );
INSERT INTO "times" VALUES ( 17818, 12530, '19:35:00', '19:35:00', 20 );
INSERT INTO "times" VALUES ( 17818, 12540, '19:33:00', '19:33:00', 20 );
INSERT INTO "times" VALUES ( 17818, 12610, '19:28:00', '19:28:00', 20 );
INSERT INTO "times" VALUES ( 17818, 12660, '19:23:00', '19:23:00', 20 );
INSERT INTO "times" VALUES ( 17818, 12670, '19:20:00', '19:20:00', 20 );
INSERT INTO "times" VALUES ( 17818, 12680, '19:17:00', '19:17:00', 20 );
INSERT INTO "times" VALUES ( 17818, 12690, '19:15:00', '19:15:00', 20 );
INSERT INTO "times" VALUES ( 17818, 12700, '19:12:00', '19:12:00', 20 );
INSERT INTO "times" VALUES ( 17818, 12710, '19:07:00', '19:11:00', 20 );
INSERT INTO "times" VALUES ( 17818, 12720, '19:04:00', '19:04:00', 20 );
INSERT INTO "times" VALUES ( 17818, 12730, '19:02:00', '19:02:00', 20 );
INSERT INTO "times" VALUES ( 17818, 12740, '19:00:00', '19:00:00', 20 );
INSERT INTO "times" VALUES ( 17818, 12750, '18:56:00', '18:56:00', 20 );
INSERT INTO "times" VALUES ( 17818, 12760, '18:54:00', '18:54:00', 20 );
INSERT INTO "times" VALUES ( 17818, 12770, '18:50:00', '18:50:00', 20 );
INSERT INTO "times" VALUES ( 17818, 12780, '18:45:00', '18:45:00', 20 );
INSERT INTO "times" VALUES ( 17818, 12790, '18:43:00', '18:43:00', 20 );
INSERT INTO "times" VALUES ( 17818, 12800, '18:38:00', '18:41:00', 20 );
INSERT INTO "times" VALUES ( 17818, 12810, '18:36:00', '18:36:00', 20 );
INSERT INTO "times" VALUES ( 17818, 12820, '18:34:00', '18:34:00', 20 );
INSERT INTO "times" VALUES ( 17818, 12830, '18:33:00', '18:33:00', 20 );
INSERT INTO "times" VALUES ( 17818, 12840, '18:31:00', '18:31:00', 20 );
INSERT INTO "times" VALUES ( 17818, 12850, '18:29:00', '18:29:00', 20 );
INSERT INTO "times" VALUES ( 17818, 12860, '18:28:00', '18:28:00', 20 );
INSERT INTO "times" VALUES ( 17818, 12870, '18:26:00', '18:26:00', 20 );
INSERT INTO "times" VALUES ( 17818, 12880, '18:24:00', '18:24:00', 20 );
INSERT INTO "times" VALUES ( 17818, 12890, '18:22:00', '18:22:00', 20 );
INSERT INTO "times" VALUES ( 17818, 12900, '18:17:00', '18:21:00', 20 );
INSERT INTO "times" VALUES ( 17818, 13510, '18:15:00', '18:15:00', 30 );
INSERT INTO "times" VALUES ( 17818, 13520, NULL, '18:13:00', 30 );

INSERT INTO "dias" VALUES ( 17819, 120, FALSE, TRUE, 'K1802Z', 12510, 13520 );
INSERT INTO "dias_line_groups" VALUES ( 17819, 10 );
INSERT INTO "times" VALUES ( 17819, 12510, NULL, '18:13:00', 20 );
INSERT INTO "times" VALUES ( 17819, 12520, '18:15:00', '18:15:00', 20 );
INSERT INTO "times" VALUES ( 17819, 12530, '18:17:00', '18:17:00', 20 );
INSERT INTO "times" VALUES ( 17819, 12540, '18:20:00', '18:20:00', 20 );
INSERT INTO "times" VALUES ( 17819, 12610, '18:25:00', '18:25:00', 20 );
INSERT INTO "times" VALUES ( 17819, 12660, '18:29:00', '18:29:00', 20 );
INSERT INTO "times" VALUES ( 17819, 12670, '18:32:00', '18:32:00', 20 );
INSERT INTO "times" VALUES ( 17819, 12680, '18:35:00', '18:38:00', 20 );
INSERT INTO "times" VALUES ( 17819, 12690, '18:40:00', '18:40:00', 20 );
INSERT INTO "times" VALUES ( 17819, 12700, '18:42:00', '18:42:00', 20 );
INSERT INTO "times" VALUES ( 17819, 12710, '18:45:00', '18:45:00', 20 );
INSERT INTO "times" VALUES ( 17819, 12720, '18:46:00', '18:46:00', 20 );
INSERT INTO "times" VALUES ( 17819, 12730, '18:49:00', '18:49:00', 20 );
INSERT INTO "times" VALUES ( 17819, 12740, '18:52:00', '18:52:00', 20 );
INSERT INTO "times" VALUES ( 17819, 12750, '18:55:00', '18:55:00', 20 );
INSERT INTO "times" VALUES ( 17819, 12760, '18:58:00', '18:58:00', 20 );
INSERT INTO "times" VALUES ( 17819, 12770, '19:02:00', '19:02:00', 20 );
INSERT INTO "times" VALUES ( 17819, 12780, '19:06:00', '19:06:00', 20 );
INSERT INTO "times" VALUES ( 17819, 12790, '19:07:00', '19:07:00', 20 );
INSERT INTO "times" VALUES ( 17819, 12800, '19:09:00', '19:13:00', 20 );
INSERT INTO "times" VALUES ( 17819, 12810, '19:15:00', '19:15:00', 20 );
INSERT INTO "times" VALUES ( 17819, 12820, '19:16:00', '19:16:00', 20 );
INSERT INTO "times" VALUES ( 17819, 12830, '19:18:00', '19:18:00', 20 );
INSERT INTO "times" VALUES ( 17819, 12840, '19:19:00', '19:19:00', 20 );
INSERT INTO "times" VALUES ( 17819, 12850, '19:21:00', '19:21:00', 20 );
INSERT INTO "times" VALUES ( 17819, 12860, '19:22:00', '19:22:00', 20 );
INSERT INTO "times" VALUES ( 17819, 12870, '19:24:00', '19:24:00', 20 );
INSERT INTO "times" VALUES ( 17819, 12880, '19:26:00', '19:26:00', 20 );
INSERT INTO "times" VALUES ( 17819, 12890, '19:28:00', '19:28:00', 20 );
INSERT INTO "times" VALUES ( 17819, 12900, '19:29:00', '19:33:00', 20 );
INSERT INTO "times" VALUES ( 17819, 13510, '19:35:00', '19:35:00', 30 );
INSERT INTO "times" VALUES ( 17819, 13520, '19:38:00', NULL, NULL );

INSERT INTO "dias" VALUES ( 17820, 120, FALSE, TRUE, 'K1803A', 13520, 12510 );
INSERT INTO "dias_line_groups" VALUES ( 17820, 10 );
INSERT INTO "times" VALUES ( 17820, 12510, '19:59:00', NULL, NULL );
INSERT INTO "times" VALUES ( 17820, 12520, '19:57:00', '19:57:00', 20 );
INSERT INTO "times" VALUES ( 17820, 12530, '19:55:00', '19:55:00', 20 );
INSERT INTO "times" VALUES ( 17820, 12540, '19:53:00', '19:53:00', 20 );
INSERT INTO "times" VALUES ( 17820, 12610, '19:48:00', '19:48:00', 20 );
INSERT INTO "times" VALUES ( 17820, 12660, '19:43:00', '19:43:00', 20 );
INSERT INTO "times" VALUES ( 17820, 12670, '19:40:00', '19:40:00', 20 );
INSERT INTO "times" VALUES ( 17820, 12680, '19:37:00', '19:37:00', 20 );
INSERT INTO "times" VALUES ( 17820, 12690, '19:35:00', '19:35:00', 20 );
INSERT INTO "times" VALUES ( 17820, 12700, '19:32:00', '19:32:00', 20 );
INSERT INTO "times" VALUES ( 17820, 12710, '19:27:00', '19:31:00', 20 );
INSERT INTO "times" VALUES ( 17820, 12720, '19:24:00', '19:24:00', 20 );
INSERT INTO "times" VALUES ( 17820, 12730, '19:22:00', '19:22:00', 20 );
INSERT INTO "times" VALUES ( 17820, 12740, '19:20:00', '19:20:00', 20 );
INSERT INTO "times" VALUES ( 17820, 12750, '19:16:00', '19:16:00', 20 );
INSERT INTO "times" VALUES ( 17820, 12760, '19:14:00', '19:14:00', 20 );
INSERT INTO "times" VALUES ( 17820, 12770, '19:10:00', '19:10:00', 20 );
INSERT INTO "times" VALUES ( 17820, 12780, '19:05:00', '19:05:00', 20 );
INSERT INTO "times" VALUES ( 17820, 12790, '19:03:00', '19:03:00', 20 );
INSERT INTO "times" VALUES ( 17820, 12800, '18:58:00', '19:01:00', 20 );
INSERT INTO "times" VALUES ( 17820, 12810, '18:56:00', '18:56:00', 20 );
INSERT INTO "times" VALUES ( 17820, 12820, '18:54:00', '18:54:00', 20 );
INSERT INTO "times" VALUES ( 17820, 12830, '18:53:00', '18:53:00', 20 );
INSERT INTO "times" VALUES ( 17820, 12840, '18:51:00', '18:51:00', 20 );
INSERT INTO "times" VALUES ( 17820, 12850, '18:49:00', '18:49:00', 20 );
INSERT INTO "times" VALUES ( 17820, 12860, '18:48:00', '18:48:00', 20 );
INSERT INTO "times" VALUES ( 17820, 12870, '18:46:00', '18:46:00', 20 );
INSERT INTO "times" VALUES ( 17820, 12880, '18:44:00', '18:44:00', 20 );
INSERT INTO "times" VALUES ( 17820, 12890, '18:42:00', '18:42:00', 20 );
INSERT INTO "times" VALUES ( 17820, 12900, '18:37:00', '18:41:00', 20 );
INSERT INTO "times" VALUES ( 17820, 13510, '18:35:00', '18:35:00', 30 );
INSERT INTO "times" VALUES ( 17820, 13520, NULL, '18:33:00', 30 );

INSERT INTO "dias" VALUES ( 17821, 120, FALSE, TRUE, 'K1804Z', 12510, 13520 );
INSERT INTO "dias_line_groups" VALUES ( 17821, 10 );
INSERT INTO "times" VALUES ( 17821, 12510, NULL, '18:32:00', 20 );
INSERT INTO "times" VALUES ( 17821, 12520, '18:33:00', '18:33:00', 20 );
INSERT INTO "times" VALUES ( 17821, 12530, '18:36:00', '18:36:00', 20 );
INSERT INTO "times" VALUES ( 17821, 12540, '18:39:00', '18:39:00', 20 );
INSERT INTO "times" VALUES ( 17821, 12610, '18:44:00', '18:44:00', 20 );
INSERT INTO "times" VALUES ( 17821, 12660, '18:49:00', '18:49:00', 20 );
INSERT INTO "times" VALUES ( 17821, 12670, '18:51:00', '18:51:00', 20 );
INSERT INTO "times" VALUES ( 17821, 12680, '18:54:00', '18:54:00', 20 );
INSERT INTO "times" VALUES ( 17821, 12690, '18:56:00', '18:56:00', 20 );
INSERT INTO "times" VALUES ( 17821, 12700, '18:59:00', '18:59:00', 20 );
INSERT INTO "times" VALUES ( 17821, 12710, '19:01:00', '19:04:00', 20 );
INSERT INTO "times" VALUES ( 17821, 12720, '19:07:00', '19:07:00', 20 );
INSERT INTO "times" VALUES ( 17821, 12730, '19:09:00', '19:09:00', 20 );
INSERT INTO "times" VALUES ( 17821, 12740, '19:12:00', '19:12:00', 20 );
INSERT INTO "times" VALUES ( 17821, 12750, '19:15:00', '19:15:00', 20 );
INSERT INTO "times" VALUES ( 17821, 12760, '19:18:00', '19:18:00', 20 );
INSERT INTO "times" VALUES ( 17821, 12770, '19:22:00', '19:22:00', 20 );
INSERT INTO "times" VALUES ( 17821, 12780, '19:26:00', '19:26:00', 20 );
INSERT INTO "times" VALUES ( 17821, 12790, '19:27:00', '19:27:00', 20 );
INSERT INTO "times" VALUES ( 17821, 12800, '19:29:00', '19:33:00', 20 );
INSERT INTO "times" VALUES ( 17821, 12810, '19:35:00', '19:35:00', 20 );
INSERT INTO "times" VALUES ( 17821, 12820, '19:37:00', '19:37:00', 20 );
INSERT INTO "times" VALUES ( 17821, 12830, '19:39:00', '19:39:00', 20 );
INSERT INTO "times" VALUES ( 17821, 12840, '19:40:00', '19:40:00', 20 );
INSERT INTO "times" VALUES ( 17821, 12850, '19:41:00', '19:41:00', 20 );
INSERT INTO "times" VALUES ( 17821, 12860, '19:43:00', '19:43:00', 20 );
INSERT INTO "times" VALUES ( 17821, 12870, '19:45:00', '19:45:00', 20 );
INSERT INTO "times" VALUES ( 17821, 12880, '19:46:00', '19:46:00', 20 );
INSERT INTO "times" VALUES ( 17821, 12890, '19:48:00', '19:48:00', 20 );
INSERT INTO "times" VALUES ( 17821, 12900, '19:50:00', '19:53:00', 20 );
INSERT INTO "times" VALUES ( 17821, 13510, '19:55:00', '19:55:00', 30 );
INSERT INTO "times" VALUES ( 17821, 13520, '19:58:00', NULL, NULL );

INSERT INTO "dias" VALUES ( 17822, 120, FALSE, TRUE, 'K1805A', 13520, 12510 );
INSERT INTO "dias_line_groups" VALUES ( 17822, 10 );
INSERT INTO "times" VALUES ( 17822, 12510, '20:19:00', NULL, NULL );
INSERT INTO "times" VALUES ( 17822, 12520, '20:17:00', '20:17:00', 20 );
INSERT INTO "times" VALUES ( 17822, 12530, '20:15:00', '20:15:00', 20 );
INSERT INTO "times" VALUES ( 17822, 12540, '20:13:00', '20:13:00', 20 );
INSERT INTO "times" VALUES ( 17822, 12610, '20:08:00', '20:08:00', 20 );
INSERT INTO "times" VALUES ( 17822, 12660, '20:03:00', '20:03:00', 20 );
INSERT INTO "times" VALUES ( 17822, 12670, '20:00:00', '20:00:00', 20 );
INSERT INTO "times" VALUES ( 17822, 12680, '19:57:00', '19:57:00', 20 );
INSERT INTO "times" VALUES ( 17822, 12690, '19:55:00', '19:55:00', 20 );
INSERT INTO "times" VALUES ( 17822, 12700, '19:52:00', '19:52:00', 20 );
INSERT INTO "times" VALUES ( 17822, 12710, '19:47:00', '19:51:00', 20 );
INSERT INTO "times" VALUES ( 17822, 12720, '19:44:00', '19:44:00', 20 );
INSERT INTO "times" VALUES ( 17822, 12730, '19:42:00', '19:42:00', 20 );
INSERT INTO "times" VALUES ( 17822, 12740, '19:40:00', '19:40:00', 20 );
INSERT INTO "times" VALUES ( 17822, 12750, '19:36:00', '19:36:00', 20 );
INSERT INTO "times" VALUES ( 17822, 12760, '19:34:00', '19:34:00', 20 );
INSERT INTO "times" VALUES ( 17822, 12770, '19:30:00', '19:30:00', 20 );
INSERT INTO "times" VALUES ( 17822, 12780, '19:25:00', '19:25:00', 20 );
INSERT INTO "times" VALUES ( 17822, 12790, '19:23:00', '19:23:00', 20 );
INSERT INTO "times" VALUES ( 17822, 12800, '19:18:00', '19:21:00', 20 );
INSERT INTO "times" VALUES ( 17822, 12810, '19:16:00', '19:16:00', 20 );
INSERT INTO "times" VALUES ( 17822, 12820, '19:14:00', '19:14:00', 20 );
INSERT INTO "times" VALUES ( 17822, 12830, '19:13:00', '19:13:00', 20 );
INSERT INTO "times" VALUES ( 17822, 12840, '19:11:00', '19:11:00', 20 );
INSERT INTO "times" VALUES ( 17822, 12850, '19:09:00', '19:09:00', 20 );
INSERT INTO "times" VALUES ( 17822, 12860, '19:08:00', '19:08:00', 20 );
INSERT INTO "times" VALUES ( 17822, 12870, '19:06:00', '19:06:00', 20 );
INSERT INTO "times" VALUES ( 17822, 12880, '19:04:00', '19:04:00', 20 );
INSERT INTO "times" VALUES ( 17822, 12890, '19:02:00', '19:02:00', 20 );
INSERT INTO "times" VALUES ( 17822, 12900, '18:57:00', '19:01:00', 20 );
INSERT INTO "times" VALUES ( 17822, 13510, '18:55:00', '18:55:00', 30 );
INSERT INTO "times" VALUES ( 17822, 13520, NULL, '18:53:00', 30 );

INSERT INTO "dias" VALUES ( 17823, 120, FALSE, TRUE, 'K1806Z', 12510, 13520 );
INSERT INTO "dias_line_groups" VALUES ( 17823, 10 );
INSERT INTO "times" VALUES ( 17823, 12510, NULL, '18:43:00', 20 );
INSERT INTO "times" VALUES ( 17823, 12520, '18:45:00', '18:45:00', 20 );
INSERT INTO "times" VALUES ( 17823, 12530, '18:47:00', '18:47:00', 20 );
INSERT INTO "times" VALUES ( 17823, 12540, '18:50:00', '18:50:00', 20 );
INSERT INTO "times" VALUES ( 17823, 12610, '18:55:00', '18:55:00', 20 );
INSERT INTO "times" VALUES ( 17823, 12660, '18:59:00', '18:59:00', 20 );
INSERT INTO "times" VALUES ( 17823, 12670, '19:02:00', '19:02:00', 20 );
INSERT INTO "times" VALUES ( 17823, 12680, '19:05:00', '19:08:00', 20 );
INSERT INTO "times" VALUES ( 17823, 12690, '19:10:00', '19:10:00', 20 );
INSERT INTO "times" VALUES ( 17823, 12700, '19:12:00', '19:12:00', 20 );
INSERT INTO "times" VALUES ( 17823, 12710, '19:15:00', '19:15:00', 20 );
INSERT INTO "times" VALUES ( 17823, 12720, '19:16:00', '19:16:00', 20 );
INSERT INTO "times" VALUES ( 17823, 12730, '19:19:00', '19:19:00', 20 );
INSERT INTO "times" VALUES ( 17823, 12740, '19:22:00', '19:22:00', 20 );
INSERT INTO "times" VALUES ( 17823, 12750, '19:25:00', '19:25:00', 20 );
INSERT INTO "times" VALUES ( 17823, 12760, '19:28:00', '19:28:00', 20 );
INSERT INTO "times" VALUES ( 17823, 12770, '19:32:00', '19:32:00', 20 );
INSERT INTO "times" VALUES ( 17823, 12780, '19:36:00', '19:36:00', 20 );
INSERT INTO "times" VALUES ( 17823, 12790, '19:37:00', '19:37:00', 20 );
INSERT INTO "times" VALUES ( 17823, 12800, '19:39:00', '19:43:00', 20 );
INSERT INTO "times" VALUES ( 17823, 12810, '19:45:00', '19:45:00', 20 );
INSERT INTO "times" VALUES ( 17823, 12820, '19:47:00', '19:47:00', 20 );
INSERT INTO "times" VALUES ( 17823, 12830, '19:49:00', '19:49:00', 20 );
INSERT INTO "times" VALUES ( 17823, 12840, '19:50:00', '19:50:00', 20 );
INSERT INTO "times" VALUES ( 17823, 12850, '19:51:00', '19:51:00', 20 );
INSERT INTO "times" VALUES ( 17823, 12860, '19:53:00', '19:53:00', 20 );
INSERT INTO "times" VALUES ( 17823, 12870, '19:55:00', '19:55:00', 20 );
INSERT INTO "times" VALUES ( 17823, 12880, '19:56:00', '19:56:00', 20 );
INSERT INTO "times" VALUES ( 17823, 12890, '19:58:00', '19:58:00', 20 );
INSERT INTO "times" VALUES ( 17823, 12900, '20:00:00', '20:03:00', 20 );
INSERT INTO "times" VALUES ( 17823, 13510, '20:05:00', '20:05:00', 30 );
INSERT INTO "times" VALUES ( 17823, 13520, '20:08:00', NULL, NULL );

INSERT INTO "dias" VALUES ( 17824, 120, FALSE, TRUE, 'K1900Z', 12510, 13520 );
INSERT INTO "dias_line_groups" VALUES ( 17824, 10 );
INSERT INTO "times" VALUES ( 17824, 12510, NULL, '19:02:00', 20 );
INSERT INTO "times" VALUES ( 17824, 12520, '19:04:00', '19:04:00', 20 );
INSERT INTO "times" VALUES ( 17824, 12530, '19:06:00', '19:06:00', 20 );
INSERT INTO "times" VALUES ( 17824, 12540, '19:09:00', '19:09:00', 20 );
INSERT INTO "times" VALUES ( 17824, 12610, '19:14:00', '19:14:00', 20 );
INSERT INTO "times" VALUES ( 17824, 12660, '19:19:00', '19:19:00', 20 );
INSERT INTO "times" VALUES ( 17824, 12670, '19:21:00', '19:21:00', 20 );
INSERT INTO "times" VALUES ( 17824, 12680, '19:24:00', '19:24:00', 20 );
INSERT INTO "times" VALUES ( 17824, 12690, '19:26:00', '19:26:00', 20 );
INSERT INTO "times" VALUES ( 17824, 12700, '19:28:00', '19:28:00', 20 );
INSERT INTO "times" VALUES ( 17824, 12710, '19:30:00', '19:34:00', 20 );
INSERT INTO "times" VALUES ( 17824, 12720, '19:37:00', '19:37:00', 20 );
INSERT INTO "times" VALUES ( 17824, 12730, '19:39:00', '19:39:00', 20 );
INSERT INTO "times" VALUES ( 17824, 12740, '19:42:00', '19:42:00', 20 );
INSERT INTO "times" VALUES ( 17824, 12750, '19:45:00', '19:45:00', 20 );
INSERT INTO "times" VALUES ( 17824, 12760, '19:48:00', '19:48:00', 20 );
INSERT INTO "times" VALUES ( 17824, 12770, '19:52:00', '19:52:00', 20 );
INSERT INTO "times" VALUES ( 17824, 12780, '19:56:00', '19:56:00', 20 );
INSERT INTO "times" VALUES ( 17824, 12790, '19:57:00', '19:57:00', 20 );
INSERT INTO "times" VALUES ( 17824, 12800, '19:59:00', '20:03:00', 20 );
INSERT INTO "times" VALUES ( 17824, 12810, '20:05:00', '20:05:00', 20 );
INSERT INTO "times" VALUES ( 17824, 12820, '20:07:00', '20:07:00', 20 );
INSERT INTO "times" VALUES ( 17824, 12830, '20:09:00', '20:09:00', 20 );
INSERT INTO "times" VALUES ( 17824, 12840, '20:10:00', '20:10:00', 20 );
INSERT INTO "times" VALUES ( 17824, 12850, '20:11:00', '20:11:00', 20 );
INSERT INTO "times" VALUES ( 17824, 12860, '20:13:00', '20:13:00', 20 );
INSERT INTO "times" VALUES ( 17824, 12870, '20:15:00', '20:15:00', 20 );
INSERT INTO "times" VALUES ( 17824, 12880, '20:16:00', '20:16:00', 20 );
INSERT INTO "times" VALUES ( 17824, 12890, '20:18:00', '20:18:00', 20 );
INSERT INTO "times" VALUES ( 17824, 12900, '20:20:00', '20:23:00', 20 );
INSERT INTO "times" VALUES ( 17824, 13510, '20:25:00', '20:25:00', 30 );
INSERT INTO "times" VALUES ( 17824, 13520, '20:28:00', NULL, NULL );

INSERT INTO "dias" VALUES ( 17825, 120, FALSE, TRUE, 'K1901A', 13520, 12510 );
INSERT INTO "dias_line_groups" VALUES ( 17825, 10 );
INSERT INTO "times" VALUES ( 17825, 12510, '20:29:00', NULL, NULL );
INSERT INTO "times" VALUES ( 17825, 12520, '20:27:00', '20:27:00', 20 );
INSERT INTO "times" VALUES ( 17825, 12530, '20:25:00', '20:25:00', 20 );
INSERT INTO "times" VALUES ( 17825, 12540, '20:23:00', '20:23:00', 20 );
INSERT INTO "times" VALUES ( 17825, 12610, '20:18:00', '20:18:00', 20 );
INSERT INTO "times" VALUES ( 17825, 12660, '20:13:00', '20:13:00', 20 );
INSERT INTO "times" VALUES ( 17825, 12670, '20:10:00', '20:10:00', 20 );
INSERT INTO "times" VALUES ( 17825, 12680, '20:07:00', '20:07:00', 20 );
INSERT INTO "times" VALUES ( 17825, 12690, '20:05:00', '20:05:00', 20 );
INSERT INTO "times" VALUES ( 17825, 12700, '20:02:00', '20:02:00', 20 );
INSERT INTO "times" VALUES ( 17825, 12710, '19:57:00', '20:01:00', 20 );
INSERT INTO "times" VALUES ( 17825, 12720, '19:54:00', '19:54:00', 20 );
INSERT INTO "times" VALUES ( 17825, 12730, '19:52:00', '19:52:00', 20 );
INSERT INTO "times" VALUES ( 17825, 12740, '19:50:00', '19:50:00', 20 );
INSERT INTO "times" VALUES ( 17825, 12750, '19:46:00', '19:46:00', 20 );
INSERT INTO "times" VALUES ( 17825, 12760, '19:44:00', '19:44:00', 20 );
INSERT INTO "times" VALUES ( 17825, 12770, '19:40:00', '19:40:00', 20 );
INSERT INTO "times" VALUES ( 17825, 12780, '19:35:00', '19:35:00', 20 );
INSERT INTO "times" VALUES ( 17825, 12790, '19:33:00', '19:33:00', 20 );
INSERT INTO "times" VALUES ( 17825, 12800, '19:28:00', '19:31:00', 20 );
INSERT INTO "times" VALUES ( 17825, 12810, '19:26:00', '19:26:00', 20 );
INSERT INTO "times" VALUES ( 17825, 12820, '19:24:00', '19:24:00', 20 );
INSERT INTO "times" VALUES ( 17825, 12830, '19:23:00', '19:23:00', 20 );
INSERT INTO "times" VALUES ( 17825, 12840, '19:21:00', '19:21:00', 20 );
INSERT INTO "times" VALUES ( 17825, 12850, '19:19:00', '19:19:00', 20 );
INSERT INTO "times" VALUES ( 17825, 12860, '19:18:00', '19:18:00', 20 );
INSERT INTO "times" VALUES ( 17825, 12870, '19:16:00', '19:16:00', 20 );
INSERT INTO "times" VALUES ( 17825, 12880, '19:14:00', '19:14:00', 20 );
INSERT INTO "times" VALUES ( 17825, 12890, '19:12:00', '19:12:00', 20 );
INSERT INTO "times" VALUES ( 17825, 12900, '19:07:00', '19:11:00', 20 );
INSERT INTO "times" VALUES ( 17825, 13510, '19:05:00', '19:05:00', 30 );
INSERT INTO "times" VALUES ( 17825, 13520, NULL, '19:03:00', 30 );

INSERT INTO "dias" VALUES ( 17826, 120, FALSE, TRUE, 'K1902Z', 12510, 13520 );
INSERT INTO "dias_line_groups" VALUES ( 17826, 10 );
INSERT INTO "times" VALUES ( 17826, 12510, NULL, '19:13:00', 20 );
INSERT INTO "times" VALUES ( 17826, 12520, '19:14:00', '19:14:00', 20 );
INSERT INTO "times" VALUES ( 17826, 12530, '19:16:00', '19:16:00', 20 );
INSERT INTO "times" VALUES ( 17826, 12540, '19:20:00', '19:20:00', 20 );
INSERT INTO "times" VALUES ( 17826, 12610, '19:25:00', '19:25:00', 20 );
INSERT INTO "times" VALUES ( 17826, 12660, '19:29:00', '19:29:00', 20 );
INSERT INTO "times" VALUES ( 17826, 12670, '19:31:00', '19:31:00', 20 );
INSERT INTO "times" VALUES ( 17826, 12680, '19:35:00', '19:35:00', 20 );
INSERT INTO "times" VALUES ( 17826, 12690, '19:36:00', '19:36:00', 20 );
INSERT INTO "times" VALUES ( 17826, 12700, '19:39:00', '19:39:00', 20 );
INSERT INTO "times" VALUES ( 17826, 12710, '19:41:00', '19:44:00', 20 );
INSERT INTO "times" VALUES ( 17826, 12720, '19:47:00', '19:47:00', 20 );
INSERT INTO "times" VALUES ( 17826, 12730, '19:49:00', '19:49:00', 20 );
INSERT INTO "times" VALUES ( 17826, 12740, '19:52:00', '19:52:00', 20 );
INSERT INTO "times" VALUES ( 17826, 12750, '19:55:00', '19:55:00', 20 );
INSERT INTO "times" VALUES ( 17826, 12760, '19:58:00', '19:58:00', 20 );
INSERT INTO "times" VALUES ( 17826, 12770, '20:02:00', '20:02:00', 20 );
INSERT INTO "times" VALUES ( 17826, 12780, '20:06:00', '20:06:00', 20 );
INSERT INTO "times" VALUES ( 17826, 12790, '20:07:00', '20:07:00', 20 );
INSERT INTO "times" VALUES ( 17826, 12800, '20:09:00', '20:13:00', 20 );
INSERT INTO "times" VALUES ( 17826, 12810, '20:15:00', '20:15:00', 20 );
INSERT INTO "times" VALUES ( 17826, 12820, '20:17:00', '20:17:00', 20 );
INSERT INTO "times" VALUES ( 17826, 12830, '20:19:00', '20:19:00', 20 );
INSERT INTO "times" VALUES ( 17826, 12840, '20:20:00', '20:20:00', 20 );
INSERT INTO "times" VALUES ( 17826, 12850, '20:21:00', '20:21:00', 20 );
INSERT INTO "times" VALUES ( 17826, 12860, '20:23:00', '20:23:00', 20 );
INSERT INTO "times" VALUES ( 17826, 12870, '20:25:00', '20:25:00', 20 );
INSERT INTO "times" VALUES ( 17826, 12880, '20:26:00', '20:26:00', 20 );
INSERT INTO "times" VALUES ( 17826, 12890, '20:28:00', '20:28:00', 20 );
INSERT INTO "times" VALUES ( 17826, 12900, '20:30:00', '20:33:00', 20 );
INSERT INTO "times" VALUES ( 17826, 13510, '20:35:00', '20:35:00', 30 );
INSERT INTO "times" VALUES ( 17826, 13520, '20:38:00', NULL, NULL );

INSERT INTO "dias" VALUES ( 17827, 120, FALSE, TRUE, 'K1903A', 13520, 12510 );
INSERT INTO "dias_line_groups" VALUES ( 17827, 10 );
INSERT INTO "times" VALUES ( 17827, 12510, '20:49:00', NULL, NULL );
INSERT INTO "times" VALUES ( 17827, 12520, '20:47:00', '20:47:00', 20 );
INSERT INTO "times" VALUES ( 17827, 12530, '20:45:00', '20:45:00', 20 );
INSERT INTO "times" VALUES ( 17827, 12540, '20:42:00', '20:42:00', 20 );
INSERT INTO "times" VALUES ( 17827, 12610, '20:37:00', '20:37:00', 20 );
INSERT INTO "times" VALUES ( 17827, 12660, '20:33:00', '20:33:00', 20 );
INSERT INTO "times" VALUES ( 17827, 12670, '20:30:00', '20:30:00', 20 );
INSERT INTO "times" VALUES ( 17827, 12680, '20:27:00', '20:27:00', 20 );
INSERT INTO "times" VALUES ( 17827, 12690, '20:25:00', '20:25:00', 20 );
INSERT INTO "times" VALUES ( 17827, 12700, '20:22:00', '20:22:00', 20 );
INSERT INTO "times" VALUES ( 17827, 12710, '20:17:00', '20:20:00', 20 );
INSERT INTO "times" VALUES ( 17827, 12720, '20:14:00', '20:14:00', 20 );
INSERT INTO "times" VALUES ( 17827, 12730, '20:12:00', '20:12:00', 20 );
INSERT INTO "times" VALUES ( 17827, 12740, '20:09:00', '20:09:00', 20 );
INSERT INTO "times" VALUES ( 17827, 12750, '20:06:00', '20:06:00', 20 );
INSERT INTO "times" VALUES ( 17827, 12760, '20:04:00', '20:04:00', 20 );
INSERT INTO "times" VALUES ( 17827, 12770, '20:00:00', '20:00:00', 20 );
INSERT INTO "times" VALUES ( 17827, 12780, '19:55:00', '19:55:00', 20 );
INSERT INTO "times" VALUES ( 17827, 12790, '19:53:00', '19:53:00', 20 );
INSERT INTO "times" VALUES ( 17827, 12800, '19:48:00', '19:51:00', 20 );
INSERT INTO "times" VALUES ( 17827, 12810, '19:46:00', '19:46:00', 20 );
INSERT INTO "times" VALUES ( 17827, 12820, '19:44:00', '19:44:00', 20 );
INSERT INTO "times" VALUES ( 17827, 12830, '19:43:00', '19:43:00', 20 );
INSERT INTO "times" VALUES ( 17827, 12840, '19:41:00', '19:41:00', 20 );
INSERT INTO "times" VALUES ( 17827, 12850, '19:39:00', '19:39:00', 20 );
INSERT INTO "times" VALUES ( 17827, 12860, '19:37:00', '19:37:00', 20 );
INSERT INTO "times" VALUES ( 17827, 12870, '19:36:00', '19:36:00', 20 );
INSERT INTO "times" VALUES ( 17827, 12880, '19:34:00', '19:34:00', 20 );
INSERT INTO "times" VALUES ( 17827, 12890, '19:32:00', '19:32:00', 20 );
INSERT INTO "times" VALUES ( 17827, 12900, '19:27:00', '19:31:00', 20 );
INSERT INTO "times" VALUES ( 17827, 13510, '19:25:00', '19:25:00', 30 );
INSERT INTO "times" VALUES ( 17827, 13520, NULL, '19:23:00', 30 );

INSERT INTO "dias" VALUES ( 17828, 120, FALSE, TRUE, 'K1904Z', 12510, 13520 );
INSERT INTO "dias_line_groups" VALUES ( 17828, 10 );
INSERT INTO "times" VALUES ( 17828, 12510, NULL, '19:32:00', 20 );
INSERT INTO "times" VALUES ( 17828, 12520, '19:34:00', '19:34:00', 20 );
INSERT INTO "times" VALUES ( 17828, 12530, '19:36:00', '19:36:00', 20 );
INSERT INTO "times" VALUES ( 17828, 12540, '19:39:00', '19:39:00', 20 );
INSERT INTO "times" VALUES ( 17828, 12610, '19:44:00', '19:44:00', 20 );
INSERT INTO "times" VALUES ( 17828, 12660, '19:49:00', '19:49:00', 20 );
INSERT INTO "times" VALUES ( 17828, 12670, '19:51:00', '19:51:00', 20 );
INSERT INTO "times" VALUES ( 17828, 12680, '19:54:00', '19:54:00', 20 );
INSERT INTO "times" VALUES ( 17828, 12690, '19:56:00', '19:56:00', 20 );
INSERT INTO "times" VALUES ( 17828, 12700, '19:58:00', '19:58:00', 20 );
INSERT INTO "times" VALUES ( 17828, 12710, '20:00:00', '20:04:00', 20 );
INSERT INTO "times" VALUES ( 17828, 12720, '20:07:00', '20:07:00', 20 );
INSERT INTO "times" VALUES ( 17828, 12730, '20:09:00', '20:09:00', 20 );
INSERT INTO "times" VALUES ( 17828, 12740, '20:12:00', '20:12:00', 20 );
INSERT INTO "times" VALUES ( 17828, 12750, '20:15:00', '20:15:00', 20 );
INSERT INTO "times" VALUES ( 17828, 12760, '20:18:00', '20:18:00', 20 );
INSERT INTO "times" VALUES ( 17828, 12770, '20:22:00', '20:22:00', 20 );
INSERT INTO "times" VALUES ( 17828, 12780, '20:26:00', '20:26:00', 20 );
INSERT INTO "times" VALUES ( 17828, 12790, '20:27:00', '20:27:00', 20 );
INSERT INTO "times" VALUES ( 17828, 12800, '20:29:00', '20:33:00', 20 );
INSERT INTO "times" VALUES ( 17828, 12810, '20:35:00', '20:35:00', 20 );
INSERT INTO "times" VALUES ( 17828, 12820, '20:37:00', '20:37:00', 20 );
INSERT INTO "times" VALUES ( 17828, 12830, '20:39:00', '20:39:00', 20 );
INSERT INTO "times" VALUES ( 17828, 12840, '20:40:00', '20:40:00', 20 );
INSERT INTO "times" VALUES ( 17828, 12850, '20:41:00', '20:41:00', 20 );
INSERT INTO "times" VALUES ( 17828, 12860, '20:43:00', '20:43:00', 20 );
INSERT INTO "times" VALUES ( 17828, 12870, '20:45:00', '20:45:00', 20 );
INSERT INTO "times" VALUES ( 17828, 12880, '20:46:00', '20:46:00', 20 );
INSERT INTO "times" VALUES ( 17828, 12890, '20:48:00', '20:48:00', 20 );
INSERT INTO "times" VALUES ( 17828, 12900, '20:50:00', '20:53:00', 20 );
INSERT INTO "times" VALUES ( 17828, 13510, '20:55:00', '20:55:00', 30 );
INSERT INTO "times" VALUES ( 17828, 13520, '20:58:00', NULL, NULL );

INSERT INTO "dias" VALUES ( 17829, 120, FALSE, TRUE, 'K1905A', 13520, 12510 );
INSERT INTO "dias_line_groups" VALUES ( 17829, 10 );
INSERT INTO "times" VALUES ( 17829, 12510, '21:09:00', NULL, NULL );
INSERT INTO "times" VALUES ( 17829, 12520, '21:07:00', '21:07:00', 20 );
INSERT INTO "times" VALUES ( 17829, 12530, '21:05:00', '21:05:00', 20 );
INSERT INTO "times" VALUES ( 17829, 12540, '21:02:00', '21:02:00', 20 );
INSERT INTO "times" VALUES ( 17829, 12610, '20:57:00', '20:57:00', 20 );
INSERT INTO "times" VALUES ( 17829, 12660, '20:53:00', '20:53:00', 20 );
INSERT INTO "times" VALUES ( 17829, 12670, '20:50:00', '20:50:00', 20 );
INSERT INTO "times" VALUES ( 17829, 12680, '20:47:00', '20:47:00', 20 );
INSERT INTO "times" VALUES ( 17829, 12690, '20:44:00', '20:44:00', 20 );
INSERT INTO "times" VALUES ( 17829, 12700, '20:42:00', '20:42:00', 20 );
INSERT INTO "times" VALUES ( 17829, 12710, '20:36:00', '20:40:00', 20 );
INSERT INTO "times" VALUES ( 17829, 12720, '20:34:00', '20:34:00', 20 );
INSERT INTO "times" VALUES ( 17829, 12730, '20:31:00', '20:31:00', 20 );
INSERT INTO "times" VALUES ( 17829, 12740, '20:29:00', '20:29:00', 20 );
INSERT INTO "times" VALUES ( 17829, 12750, '20:26:00', '20:26:00', 20 );
INSERT INTO "times" VALUES ( 17829, 12760, '20:23:00', '20:23:00', 20 );
INSERT INTO "times" VALUES ( 17829, 12770, '20:19:00', '20:19:00', 20 );
INSERT INTO "times" VALUES ( 17829, 12780, '20:15:00', '20:15:00', 20 );
INSERT INTO "times" VALUES ( 17829, 12790, '20:13:00', '20:13:00', 20 );
INSERT INTO "times" VALUES ( 17829, 12800, '20:07:00', '20:11:00', 20 );
INSERT INTO "times" VALUES ( 17829, 12810, '20:05:00', '20:05:00', 20 );
INSERT INTO "times" VALUES ( 17829, 12820, '20:03:00', '20:03:00', 20 );
INSERT INTO "times" VALUES ( 17829, 12830, '20:02:00', '20:02:00', 20 );
INSERT INTO "times" VALUES ( 17829, 12840, '20:00:00', '20:00:00', 20 );
INSERT INTO "times" VALUES ( 17829, 12850, '19:59:00', '19:59:00', 20 );
INSERT INTO "times" VALUES ( 17829, 12860, '19:57:00', '19:57:00', 20 );
INSERT INTO "times" VALUES ( 17829, 12870, '19:55:00', '19:55:00', 20 );
INSERT INTO "times" VALUES ( 17829, 12880, '19:53:00', '19:53:00', 20 );
INSERT INTO "times" VALUES ( 17829, 12890, '19:52:00', '19:52:00', 20 );
INSERT INTO "times" VALUES ( 17829, 12900, '19:46:00', '19:50:00', 20 );
INSERT INTO "times" VALUES ( 17829, 13510, '19:44:00', '19:44:00', 30 );
INSERT INTO "times" VALUES ( 17829, 13520, NULL, '19:42:00', 30 );

INSERT INTO "dias" VALUES ( 17830, 120, FALSE, TRUE, 'K1906Z', 12510, 13520 );
INSERT INTO "dias_line_groups" VALUES ( 17830, 10 );
INSERT INTO "times" VALUES ( 17830, 12510, NULL, '19:42:00', 20 );
INSERT INTO "times" VALUES ( 17830, 12520, '19:44:00', '19:44:00', 20 );
INSERT INTO "times" VALUES ( 17830, 12530, '19:46:00', '19:46:00', 20 );
INSERT INTO "times" VALUES ( 17830, 12540, '19:49:00', '19:49:00', 20 );
INSERT INTO "times" VALUES ( 17830, 12610, '19:54:00', '19:54:00', 20 );
INSERT INTO "times" VALUES ( 17830, 12660, '19:59:00', '19:59:00', 20 );
INSERT INTO "times" VALUES ( 17830, 12670, '20:01:00', '20:01:00', 20 );
INSERT INTO "times" VALUES ( 17830, 12680, '20:04:00', '20:04:00', 20 );
INSERT INTO "times" VALUES ( 17830, 12690, '20:06:00', '20:06:00', 20 );
INSERT INTO "times" VALUES ( 17830, 12700, '20:08:00', '20:08:00', 20 );
INSERT INTO "times" VALUES ( 17830, 12710, '20:10:00', '20:14:00', 20 );
INSERT INTO "times" VALUES ( 17830, 12720, '20:17:00', '20:17:00', 20 );
INSERT INTO "times" VALUES ( 17830, 12730, '20:19:00', '20:19:00', 20 );
INSERT INTO "times" VALUES ( 17830, 12740, '20:22:00', '20:22:00', 20 );
INSERT INTO "times" VALUES ( 17830, 12750, '20:25:00', '20:25:00', 20 );
INSERT INTO "times" VALUES ( 17830, 12760, '20:28:00', '20:28:00', 20 );
INSERT INTO "times" VALUES ( 17830, 12770, '20:32:00', '20:32:00', 20 );
INSERT INTO "times" VALUES ( 17830, 12780, '20:36:00', '20:36:00', 20 );
INSERT INTO "times" VALUES ( 17830, 12790, '20:37:00', '20:37:00', 20 );
INSERT INTO "times" VALUES ( 17830, 12800, '20:39:00', '20:43:00', 20 );
INSERT INTO "times" VALUES ( 17830, 12810, '20:45:00', '20:45:00', 20 );
INSERT INTO "times" VALUES ( 17830, 12820, '20:47:00', '20:47:00', 20 );
INSERT INTO "times" VALUES ( 17830, 12830, '20:49:00', '20:49:00', 20 );
INSERT INTO "times" VALUES ( 17830, 12840, '20:50:00', '20:50:00', 20 );
INSERT INTO "times" VALUES ( 17830, 12850, '20:51:00', '20:51:00', 20 );
INSERT INTO "times" VALUES ( 17830, 12860, '20:53:00', '20:53:00', 20 );
INSERT INTO "times" VALUES ( 17830, 12870, '20:55:00', '20:55:00', 20 );
INSERT INTO "times" VALUES ( 17830, 12880, '20:56:00', '20:56:00', 20 );
INSERT INTO "times" VALUES ( 17830, 12890, '20:58:00', '20:58:00', 20 );
INSERT INTO "times" VALUES ( 17830, 12900, '21:00:00', '21:03:00', 20 );
INSERT INTO "times" VALUES ( 17830, 13510, '21:05:00', '21:05:00', 30 );
INSERT INTO "times" VALUES ( 17830, 13520, '21:08:00', NULL, NULL );

INSERT INTO "dias" VALUES ( 17831, 120, FALSE, TRUE, 'K2000Z', 12510, 13520 );
INSERT INTO "dias_line_groups" VALUES ( 17831, 10 );
INSERT INTO "times" VALUES ( 17831, 12510, NULL, '20:02:00', 20 );
INSERT INTO "times" VALUES ( 17831, 12520, '20:04:00', '20:04:00', 20 );
INSERT INTO "times" VALUES ( 17831, 12530, '20:06:00', '20:06:00', 20 );
INSERT INTO "times" VALUES ( 17831, 12540, '20:09:00', '20:09:00', 20 );
INSERT INTO "times" VALUES ( 17831, 12610, '20:14:00', '20:14:00', 20 );
INSERT INTO "times" VALUES ( 17831, 12660, '20:19:00', '20:19:00', 20 );
INSERT INTO "times" VALUES ( 17831, 12670, '20:21:00', '20:21:00', 20 );
INSERT INTO "times" VALUES ( 17831, 12680, '20:24:00', '20:24:00', 20 );
INSERT INTO "times" VALUES ( 17831, 12690, '20:26:00', '20:26:00', 20 );
INSERT INTO "times" VALUES ( 17831, 12700, '20:28:00', '20:28:00', 20 );
INSERT INTO "times" VALUES ( 17831, 12710, '20:30:00', '20:34:00', 20 );
INSERT INTO "times" VALUES ( 17831, 12720, '20:37:00', '20:37:00', 20 );
INSERT INTO "times" VALUES ( 17831, 12730, '20:39:00', '20:39:00', 20 );
INSERT INTO "times" VALUES ( 17831, 12740, '20:42:00', '20:42:00', 20 );
INSERT INTO "times" VALUES ( 17831, 12750, '20:45:00', '20:45:00', 20 );
INSERT INTO "times" VALUES ( 17831, 12760, '20:48:00', '20:48:00', 20 );
INSERT INTO "times" VALUES ( 17831, 12770, '20:52:00', '20:52:00', 20 );
INSERT INTO "times" VALUES ( 17831, 12780, '20:56:00', '20:56:00', 20 );
INSERT INTO "times" VALUES ( 17831, 12790, '20:57:00', '20:57:00', 20 );
INSERT INTO "times" VALUES ( 17831, 12800, '20:59:00', '21:03:00', 20 );
INSERT INTO "times" VALUES ( 17831, 12810, '21:05:00', '21:05:00', 20 );
INSERT INTO "times" VALUES ( 17831, 12820, '21:07:00', '21:07:00', 20 );
INSERT INTO "times" VALUES ( 17831, 12830, '21:09:00', '21:09:00', 20 );
INSERT INTO "times" VALUES ( 17831, 12840, '21:10:00', '21:10:00', 20 );
INSERT INTO "times" VALUES ( 17831, 12850, '21:11:00', '21:11:00', 20 );
INSERT INTO "times" VALUES ( 17831, 12860, '21:13:00', '21:13:00', 20 );
INSERT INTO "times" VALUES ( 17831, 12870, '21:15:00', '21:15:00', 20 );
INSERT INTO "times" VALUES ( 17831, 12880, '21:16:00', '21:16:00', 20 );
INSERT INTO "times" VALUES ( 17831, 12890, '21:18:00', '21:18:00', 20 );
INSERT INTO "times" VALUES ( 17831, 12900, '21:20:00', '21:23:00', 20 );
INSERT INTO "times" VALUES ( 17831, 13510, '21:25:00', '21:25:00', 30 );
INSERT INTO "times" VALUES ( 17831, 13520, '21:28:00', NULL, NULL );

INSERT INTO "dias" VALUES ( 17832, 120, FALSE, TRUE, 'K2001A', 13520, 12510 );
INSERT INTO "dias_line_groups" VALUES ( 17832, 10 );
INSERT INTO "times" VALUES ( 17832, 12510, '21:28:00', NULL, NULL );
INSERT INTO "times" VALUES ( 17832, 12520, '21:26:00', '21:26:00', 20 );
INSERT INTO "times" VALUES ( 17832, 12530, '21:25:00', '21:25:00', 20 );
INSERT INTO "times" VALUES ( 17832, 12540, '21:22:00', '21:22:00', 20 );
INSERT INTO "times" VALUES ( 17832, 12610, '21:16:00', '21:17:00', 20 );
INSERT INTO "times" VALUES ( 17832, 12660, '21:12:00', '21:12:00', 20 );
INSERT INTO "times" VALUES ( 17832, 12670, '21:09:00', '21:09:00', 20 );
INSERT INTO "times" VALUES ( 17832, 12680, '21:06:00', '21:06:00', 20 );
INSERT INTO "times" VALUES ( 17832, 12690, '21:03:00', '21:03:00', 20 );
INSERT INTO "times" VALUES ( 17832, 12700, '21:01:00', '21:01:00', 20 );
INSERT INTO "times" VALUES ( 17832, 12710, '20:55:00', '20:59:00', 20 );
INSERT INTO "times" VALUES ( 17832, 12720, '20:53:00', '20:53:00', 20 );
INSERT INTO "times" VALUES ( 17832, 12730, '20:50:00', '20:50:00', 20 );
INSERT INTO "times" VALUES ( 17832, 12740, '20:48:00', '20:48:00', 20 );
INSERT INTO "times" VALUES ( 17832, 12750, '20:44:00', '20:44:00', 20 );
INSERT INTO "times" VALUES ( 17832, 12760, '20:42:00', '20:42:00', 20 );
INSERT INTO "times" VALUES ( 17832, 12770, '20:38:00', '20:38:00', 20 );
INSERT INTO "times" VALUES ( 17832, 12780, '20:34:00', '20:34:00', 20 );
INSERT INTO "times" VALUES ( 17832, 12790, '20:31:00', '20:31:00', 20 );
INSERT INTO "times" VALUES ( 17832, 12800, '20:26:00', '20:29:00', 20 );
INSERT INTO "times" VALUES ( 17832, 12810, '20:24:00', '20:24:00', 20 );
INSERT INTO "times" VALUES ( 17832, 12820, '20:22:00', '20:22:00', 20 );
INSERT INTO "times" VALUES ( 17832, 12830, '20:21:00', '20:21:00', 20 );
INSERT INTO "times" VALUES ( 17832, 12840, '20:19:00', '20:19:00', 20 );
INSERT INTO "times" VALUES ( 17832, 12850, '20:17:00', '20:17:00', 20 );
INSERT INTO "times" VALUES ( 17832, 12860, '20:15:00', '20:15:00', 20 );
INSERT INTO "times" VALUES ( 17832, 12870, '20:14:00', '20:14:00', 20 );
INSERT INTO "times" VALUES ( 17832, 12880, '20:12:00', '20:12:00', 20 );
INSERT INTO "times" VALUES ( 17832, 12890, '20:10:00', '20:10:00', 20 );
INSERT INTO "times" VALUES ( 17832, 12900, '20:05:00', '20:09:00', 20 );
INSERT INTO "times" VALUES ( 17832, 13510, '20:03:00', '20:03:00', 30 );
INSERT INTO "times" VALUES ( 17832, 13520, NULL, '20:01:00', 30 );

INSERT INTO "dias" VALUES ( 17833, 120, FALSE, TRUE, 'K2002Z', 12510, 13520 );
INSERT INTO "dias_line_groups" VALUES ( 17833, 10 );
INSERT INTO "times" VALUES ( 17833, 12510, NULL, '20:22:00', 20 );
INSERT INTO "times" VALUES ( 17833, 12520, '20:24:00', '20:24:00', 20 );
INSERT INTO "times" VALUES ( 17833, 12530, '20:26:00', '20:26:00', 20 );
INSERT INTO "times" VALUES ( 17833, 12540, '20:29:00', '20:29:00', 20 );
INSERT INTO "times" VALUES ( 17833, 12610, '20:34:00', '20:34:00', 20 );
INSERT INTO "times" VALUES ( 17833, 12660, '20:39:00', '20:39:00', 20 );
INSERT INTO "times" VALUES ( 17833, 12670, '20:41:00', '20:41:00', 20 );
INSERT INTO "times" VALUES ( 17833, 12680, '20:44:00', '20:44:00', 20 );
INSERT INTO "times" VALUES ( 17833, 12690, '20:46:00', '20:46:00', 20 );
INSERT INTO "times" VALUES ( 17833, 12700, '20:48:00', '20:48:00', 20 );
INSERT INTO "times" VALUES ( 17833, 12710, '20:50:00', '20:54:00', 20 );
INSERT INTO "times" VALUES ( 17833, 12720, '20:57:00', '20:57:00', 20 );
INSERT INTO "times" VALUES ( 17833, 12730, '20:59:00', '20:59:00', 20 );
INSERT INTO "times" VALUES ( 17833, 12740, '21:02:00', '21:02:00', 20 );
INSERT INTO "times" VALUES ( 17833, 12750, '21:05:00', '21:05:00', 20 );
INSERT INTO "times" VALUES ( 17833, 12760, '21:08:00', '21:08:00', 20 );
INSERT INTO "times" VALUES ( 17833, 12770, '21:12:00', '21:12:00', 20 );
INSERT INTO "times" VALUES ( 17833, 12780, '21:16:00', '21:16:00', 20 );
INSERT INTO "times" VALUES ( 17833, 12790, '21:17:00', '21:17:00', 20 );
INSERT INTO "times" VALUES ( 17833, 12800, '21:19:00', '21:23:00', 20 );
INSERT INTO "times" VALUES ( 17833, 12810, '21:25:00', '21:25:00', 20 );
INSERT INTO "times" VALUES ( 17833, 12820, '21:27:00', '21:27:00', 20 );
INSERT INTO "times" VALUES ( 17833, 12830, '21:29:00', '21:29:00', 20 );
INSERT INTO "times" VALUES ( 17833, 12840, '21:30:00', '21:30:00', 20 );
INSERT INTO "times" VALUES ( 17833, 12850, '21:31:00', '21:31:00', 20 );
INSERT INTO "times" VALUES ( 17833, 12860, '21:33:00', '21:33:00', 20 );
INSERT INTO "times" VALUES ( 17833, 12870, '21:35:00', '21:35:00', 20 );
INSERT INTO "times" VALUES ( 17833, 12880, '21:36:00', '21:36:00', 20 );
INSERT INTO "times" VALUES ( 17833, 12890, '21:38:00', '21:38:00', 20 );
INSERT INTO "times" VALUES ( 17833, 12900, '21:40:00', '21:43:00', 20 );
INSERT INTO "times" VALUES ( 17833, 13510, '21:45:00', '21:45:00', 30 );
INSERT INTO "times" VALUES ( 17833, 13520, '21:48:00', NULL, NULL );

INSERT INTO "dias" VALUES ( 17834, 120, FALSE, TRUE, 'K2003A', 13520, 12510 );
INSERT INTO "dias_line_groups" VALUES ( 17834, 10 );
INSERT INTO "times" VALUES ( 17834, 12510, '21:48:00', NULL, NULL );
INSERT INTO "times" VALUES ( 17834, 12520, '21:46:00', '21:46:00', 20 );
INSERT INTO "times" VALUES ( 17834, 12530, '21:45:00', '21:45:00', 20 );
INSERT INTO "times" VALUES ( 17834, 12540, '21:42:00', '21:42:00', 20 );
INSERT INTO "times" VALUES ( 17834, 12610, '21:36:00', '21:37:00', 20 );
INSERT INTO "times" VALUES ( 17834, 12660, '21:32:00', '21:32:00', 20 );
INSERT INTO "times" VALUES ( 17834, 12670, '21:29:00', '21:29:00', 20 );
INSERT INTO "times" VALUES ( 17834, 12680, '21:26:00', '21:26:00', 20 );
INSERT INTO "times" VALUES ( 17834, 12690, '21:23:00', '21:23:00', 20 );
INSERT INTO "times" VALUES ( 17834, 12700, '21:21:00', '21:21:00', 20 );
INSERT INTO "times" VALUES ( 17834, 12710, '21:15:00', '21:19:00', 20 );
INSERT INTO "times" VALUES ( 17834, 12720, '21:13:00', '21:13:00', 20 );
INSERT INTO "times" VALUES ( 17834, 12730, '21:10:00', '21:10:00', 20 );
INSERT INTO "times" VALUES ( 17834, 12740, '21:08:00', '21:08:00', 20 );
INSERT INTO "times" VALUES ( 17834, 12750, '21:04:00', '21:04:00', 20 );
INSERT INTO "times" VALUES ( 17834, 12760, '21:02:00', '21:02:00', 20 );
INSERT INTO "times" VALUES ( 17834, 12770, '20:58:00', '20:58:00', 20 );
INSERT INTO "times" VALUES ( 17834, 12780, '20:54:00', '20:54:00', 20 );
INSERT INTO "times" VALUES ( 17834, 12790, '20:51:00', '20:51:00', 20 );
INSERT INTO "times" VALUES ( 17834, 12800, '20:46:00', '20:49:00', 20 );
INSERT INTO "times" VALUES ( 17834, 12810, '20:44:00', '20:44:00', 20 );
INSERT INTO "times" VALUES ( 17834, 12820, '20:42:00', '20:42:00', 20 );
INSERT INTO "times" VALUES ( 17834, 12830, '20:41:00', '20:41:00', 20 );
INSERT INTO "times" VALUES ( 17834, 12840, '20:39:00', '20:39:00', 20 );
INSERT INTO "times" VALUES ( 17834, 12850, '20:37:00', '20:37:00', 20 );
INSERT INTO "times" VALUES ( 17834, 12860, '20:35:00', '20:35:00', 20 );
INSERT INTO "times" VALUES ( 17834, 12870, '20:34:00', '20:34:00', 20 );
INSERT INTO "times" VALUES ( 17834, 12880, '20:32:00', '20:32:00', 20 );
INSERT INTO "times" VALUES ( 17834, 12890, '20:30:00', '20:30:00', 20 );
INSERT INTO "times" VALUES ( 17834, 12900, '20:25:00', '20:29:00', 20 );
INSERT INTO "times" VALUES ( 17834, 13510, '20:23:00', '20:23:00', 30 );
INSERT INTO "times" VALUES ( 17834, 13520, NULL, '20:21:00', 30 );

INSERT INTO "dias" VALUES ( 17835, 120, FALSE, TRUE, 'K2004Z', 12510, 13520 );
INSERT INTO "dias_line_groups" VALUES ( 17835, 10 );
INSERT INTO "times" VALUES ( 17835, 12510, NULL, '20:32:00', 20 );
INSERT INTO "times" VALUES ( 17835, 12520, '20:34:00', '20:34:00', 20 );
INSERT INTO "times" VALUES ( 17835, 12530, '20:36:00', '20:36:00', 20 );
INSERT INTO "times" VALUES ( 17835, 12540, '20:39:00', '20:39:00', 20 );
INSERT INTO "times" VALUES ( 17835, 12610, '20:44:00', '20:44:00', 20 );
INSERT INTO "times" VALUES ( 17835, 12660, '20:49:00', '20:49:00', 20 );
INSERT INTO "times" VALUES ( 17835, 12670, '20:51:00', '20:51:00', 20 );
INSERT INTO "times" VALUES ( 17835, 12680, '20:54:00', '20:54:00', 20 );
INSERT INTO "times" VALUES ( 17835, 12690, '20:56:00', '20:56:00', 20 );
INSERT INTO "times" VALUES ( 17835, 12700, '20:58:00', '20:58:00', 20 );
INSERT INTO "times" VALUES ( 17835, 12710, '21:00:00', '21:04:00', 20 );
INSERT INTO "times" VALUES ( 17835, 12720, '21:07:00', '21:07:00', 20 );
INSERT INTO "times" VALUES ( 17835, 12730, '21:09:00', '21:09:00', 20 );
INSERT INTO "times" VALUES ( 17835, 12740, '21:12:00', '21:12:00', 20 );
INSERT INTO "times" VALUES ( 17835, 12750, '21:15:00', '21:15:00', 20 );
INSERT INTO "times" VALUES ( 17835, 12760, '21:18:00', '21:18:00', 20 );
INSERT INTO "times" VALUES ( 17835, 12770, '21:22:00', '21:22:00', 20 );
INSERT INTO "times" VALUES ( 17835, 12780, '21:26:00', '21:26:00', 20 );
INSERT INTO "times" VALUES ( 17835, 12790, '21:27:00', '21:27:00', 20 );
INSERT INTO "times" VALUES ( 17835, 12800, '21:29:00', '21:33:00', 20 );
INSERT INTO "times" VALUES ( 17835, 12810, '21:35:00', '21:35:00', 20 );
INSERT INTO "times" VALUES ( 17835, 12820, '21:37:00', '21:37:00', 20 );
INSERT INTO "times" VALUES ( 17835, 12830, '21:39:00', '21:39:00', 20 );
INSERT INTO "times" VALUES ( 17835, 12840, '21:40:00', '21:40:00', 20 );
INSERT INTO "times" VALUES ( 17835, 12850, '21:41:00', '21:41:00', 20 );
INSERT INTO "times" VALUES ( 17835, 12860, '21:43:00', '21:43:00', 20 );
INSERT INTO "times" VALUES ( 17835, 12870, '21:45:00', '21:45:00', 20 );
INSERT INTO "times" VALUES ( 17835, 12880, '21:46:00', '21:46:00', 20 );
INSERT INTO "times" VALUES ( 17835, 12890, '21:48:00', '21:48:00', 20 );
INSERT INTO "times" VALUES ( 17835, 12900, '21:50:00', '21:53:00', 20 );
INSERT INTO "times" VALUES ( 17835, 13510, '21:55:00', '21:55:00', 30 );
INSERT INTO "times" VALUES ( 17835, 13520, '21:58:00', NULL, NULL );

INSERT INTO "dias" VALUES ( 17836, 120, FALSE, TRUE, 'K2005A', 13520, 12510 );
INSERT INTO "dias_line_groups" VALUES ( 17836, 10 );
INSERT INTO "times" VALUES ( 17836, 12510, '22:08:00', NULL, NULL );
INSERT INTO "times" VALUES ( 17836, 12520, '22:06:00', '22:06:00', 20 );
INSERT INTO "times" VALUES ( 17836, 12530, '22:04:00', '22:04:00', 20 );
INSERT INTO "times" VALUES ( 17836, 12540, '22:01:00', '22:01:00', 20 );
INSERT INTO "times" VALUES ( 17836, 12610, '21:56:00', '21:56:00', 20 );
INSERT INTO "times" VALUES ( 17836, 12660, '21:52:00', '21:52:00', 20 );
INSERT INTO "times" VALUES ( 17836, 12670, '21:48:00', '21:48:00', 20 );
INSERT INTO "times" VALUES ( 17836, 12680, '21:46:00', '21:46:00', 20 );
INSERT INTO "times" VALUES ( 17836, 12690, '21:43:00', '21:43:00', 20 );
INSERT INTO "times" VALUES ( 17836, 12700, '21:41:00', '21:41:00', 20 );
INSERT INTO "times" VALUES ( 17836, 12710, '21:35:00', '21:39:00', 20 );
INSERT INTO "times" VALUES ( 17836, 12720, '21:33:00', '21:33:00', 20 );
INSERT INTO "times" VALUES ( 17836, 12730, '21:30:00', '21:30:00', 20 );
INSERT INTO "times" VALUES ( 17836, 12740, '21:28:00', '21:28:00', 20 );
INSERT INTO "times" VALUES ( 17836, 12750, '21:24:00', '21:24:00', 20 );
INSERT INTO "times" VALUES ( 17836, 12760, '21:22:00', '21:22:00', 20 );
INSERT INTO "times" VALUES ( 17836, 12770, '21:18:00', '21:18:00', 20 );
INSERT INTO "times" VALUES ( 17836, 12780, '21:14:00', '21:14:00', 20 );
INSERT INTO "times" VALUES ( 17836, 12790, '21:11:00', '21:11:00', 20 );
INSERT INTO "times" VALUES ( 17836, 12800, '21:06:00', '21:09:00', 20 );
INSERT INTO "times" VALUES ( 17836, 12810, '21:04:00', '21:04:00', 20 );
INSERT INTO "times" VALUES ( 17836, 12820, '21:02:00', '21:02:00', 20 );
INSERT INTO "times" VALUES ( 17836, 12830, '21:01:00', '21:01:00', 20 );
INSERT INTO "times" VALUES ( 17836, 12840, '20:59:00', '20:59:00', 20 );
INSERT INTO "times" VALUES ( 17836, 12850, '20:57:00', '20:57:00', 20 );
INSERT INTO "times" VALUES ( 17836, 12860, '20:55:00', '20:55:00', 20 );
INSERT INTO "times" VALUES ( 17836, 12870, '20:54:00', '20:54:00', 20 );
INSERT INTO "times" VALUES ( 17836, 12880, '20:52:00', '20:52:00', 20 );
INSERT INTO "times" VALUES ( 17836, 12890, '20:50:00', '20:50:00', 20 );
INSERT INTO "times" VALUES ( 17836, 12900, '20:45:00', '20:49:00', 20 );
INSERT INTO "times" VALUES ( 17836, 13510, '20:43:00', '20:43:00', 30 );
INSERT INTO "times" VALUES ( 17836, 13520, NULL, '20:41:00', 30 );

INSERT INTO "dias" VALUES ( 17837, 120, FALSE, TRUE, 'K2006Z', 12510, 13520 );
INSERT INTO "dias_line_groups" VALUES ( 17837, 10 );
INSERT INTO "times" VALUES ( 17837, 12510, NULL, '20:52:00', 20 );
INSERT INTO "times" VALUES ( 17837, 12520, '20:54:00', '20:54:00', 20 );
INSERT INTO "times" VALUES ( 17837, 12530, '20:56:00', '20:56:00', 20 );
INSERT INTO "times" VALUES ( 17837, 12540, '20:59:00', '20:59:00', 20 );
INSERT INTO "times" VALUES ( 17837, 12610, '21:04:00', '21:04:00', 20 );
INSERT INTO "times" VALUES ( 17837, 12660, '21:09:00', '21:09:00', 20 );
INSERT INTO "times" VALUES ( 17837, 12670, '21:11:00', '21:11:00', 20 );
INSERT INTO "times" VALUES ( 17837, 12680, '21:14:00', '21:14:00', 20 );
INSERT INTO "times" VALUES ( 17837, 12690, '21:16:00', '21:16:00', 20 );
INSERT INTO "times" VALUES ( 17837, 12700, '21:18:00', '21:18:00', 20 );
INSERT INTO "times" VALUES ( 17837, 12710, '21:20:00', '21:24:00', 20 );
INSERT INTO "times" VALUES ( 17837, 12720, '21:27:00', '21:27:00', 20 );
INSERT INTO "times" VALUES ( 17837, 12730, '21:29:00', '21:29:00', 20 );
INSERT INTO "times" VALUES ( 17837, 12740, '21:32:00', '21:32:00', 20 );
INSERT INTO "times" VALUES ( 17837, 12750, '21:35:00', '21:35:00', 20 );
INSERT INTO "times" VALUES ( 17837, 12760, '21:38:00', '21:38:00', 20 );
INSERT INTO "times" VALUES ( 17837, 12770, '21:42:00', '21:42:00', 20 );
INSERT INTO "times" VALUES ( 17837, 12780, '21:46:00', '21:46:00', 20 );
INSERT INTO "times" VALUES ( 17837, 12790, '21:47:00', '21:47:00', 20 );
INSERT INTO "times" VALUES ( 17837, 12800, '21:49:00', '21:53:00', 20 );
INSERT INTO "times" VALUES ( 17837, 12810, '21:55:00', '21:55:00', 20 );
INSERT INTO "times" VALUES ( 17837, 12820, '21:57:00', '21:57:00', 20 );
INSERT INTO "times" VALUES ( 17837, 12830, '21:59:00', '21:59:00', 20 );
INSERT INTO "times" VALUES ( 17837, 12840, '22:00:00', '22:00:00', 20 );
INSERT INTO "times" VALUES ( 17837, 12850, '22:01:00', '22:01:00', 20 );
INSERT INTO "times" VALUES ( 17837, 12860, '22:03:00', '22:03:00', 20 );
INSERT INTO "times" VALUES ( 17837, 12870, '22:05:00', '22:05:00', 20 );
INSERT INTO "times" VALUES ( 17837, 12880, '22:06:00', '22:06:00', 20 );
INSERT INTO "times" VALUES ( 17837, 12890, '22:08:00', '22:08:00', 20 );
INSERT INTO "times" VALUES ( 17837, 12900, '22:10:00', '22:13:00', 20 );
INSERT INTO "times" VALUES ( 17837, 13510, '22:15:00', '22:15:00', 30 );
INSERT INTO "times" VALUES ( 17837, 13520, '22:18:00', NULL, NULL );

INSERT INTO "dias" VALUES ( 17838, 120, FALSE, TRUE, 'K2100Z', 12510, 13520 );
INSERT INTO "dias_line_groups" VALUES ( 17838, 10 );
INSERT INTO "times" VALUES ( 17838, 12510, NULL, '21:12:00', 20 );
INSERT INTO "times" VALUES ( 17838, 12520, '21:14:00', '21:14:00', 20 );
INSERT INTO "times" VALUES ( 17838, 12530, '21:16:00', '21:16:00', 20 );
INSERT INTO "times" VALUES ( 17838, 12540, '21:18:00', '21:19:00', 20 );
INSERT INTO "times" VALUES ( 17838, 12610, '21:24:00', '21:24:00', 20 );
INSERT INTO "times" VALUES ( 17838, 12660, '21:29:00', '21:29:00', 20 );
INSERT INTO "times" VALUES ( 17838, 12670, '21:31:00', '21:31:00', 20 );
INSERT INTO "times" VALUES ( 17838, 12680, '21:35:00', '21:35:00', 20 );
INSERT INTO "times" VALUES ( 17838, 12690, '21:36:00', '21:36:00', 20 );
INSERT INTO "times" VALUES ( 17838, 12700, '21:39:00', '21:39:00', 20 );
INSERT INTO "times" VALUES ( 17838, 12710, '21:41:00', '21:44:00', 20 );
INSERT INTO "times" VALUES ( 17838, 12720, '21:47:00', '21:47:00', 20 );
INSERT INTO "times" VALUES ( 17838, 12730, '21:49:00', '21:49:00', 20 );
INSERT INTO "times" VALUES ( 17838, 12740, '21:52:00', '21:52:00', 20 );
INSERT INTO "times" VALUES ( 17838, 12750, '21:55:00', '21:55:00', 20 );
INSERT INTO "times" VALUES ( 17838, 12760, '21:58:00', '21:58:00', 20 );
INSERT INTO "times" VALUES ( 17838, 12770, '22:02:00', '22:02:00', 20 );
INSERT INTO "times" VALUES ( 17838, 12780, '22:06:00', '22:06:00', 20 );
INSERT INTO "times" VALUES ( 17838, 12790, '22:07:00', '22:07:00', 20 );
INSERT INTO "times" VALUES ( 17838, 12800, '22:09:00', '22:13:00', 20 );
INSERT INTO "times" VALUES ( 17838, 12810, '22:15:00', '22:15:00', 20 );
INSERT INTO "times" VALUES ( 17838, 12820, '22:17:00', '22:17:00', 20 );
INSERT INTO "times" VALUES ( 17838, 12830, '22:19:00', '22:19:00', 20 );
INSERT INTO "times" VALUES ( 17838, 12840, '22:20:00', '22:20:00', 20 );
INSERT INTO "times" VALUES ( 17838, 12850, '22:21:00', '22:21:00', 20 );
INSERT INTO "times" VALUES ( 17838, 12860, '22:23:00', '22:23:00', 20 );
INSERT INTO "times" VALUES ( 17838, 12870, '22:25:00', '22:25:00', 20 );
INSERT INTO "times" VALUES ( 17838, 12880, '22:26:00', '22:26:00', 20 );
INSERT INTO "times" VALUES ( 17838, 12890, '22:28:00', '22:28:00', 20 );
INSERT INTO "times" VALUES ( 17838, 12900, '22:30:00', '22:35:00', 20 );
INSERT INTO "times" VALUES ( 17838, 13510, '22:37:00', '22:37:00', 30 );
INSERT INTO "times" VALUES ( 17838, 13520, '22:40:00', NULL, NULL );

INSERT INTO "dias" VALUES ( 17839, 120, FALSE, TRUE, 'K2101A', 13520, 12510 );
INSERT INTO "dias_line_groups" VALUES ( 17839, 10 );
INSERT INTO "times" VALUES ( 17839, 12510, '22:28:00', NULL, NULL );
INSERT INTO "times" VALUES ( 17839, 12520, '22:26:00', '22:26:00', 20 );
INSERT INTO "times" VALUES ( 17839, 12530, '22:24:00', '22:24:00', 20 );
INSERT INTO "times" VALUES ( 17839, 12540, '22:21:00', '22:21:00', 20 );
INSERT INTO "times" VALUES ( 17839, 12610, '22:16:00', '22:16:00', 20 );
INSERT INTO "times" VALUES ( 17839, 12660, '22:12:00', '22:12:00', 20 );
INSERT INTO "times" VALUES ( 17839, 12670, '22:08:00', '22:08:00', 20 );
INSERT INTO "times" VALUES ( 17839, 12680, '22:06:00', '22:06:00', 20 );
INSERT INTO "times" VALUES ( 17839, 12690, '22:03:00', '22:03:00', 20 );
INSERT INTO "times" VALUES ( 17839, 12700, '22:01:00', '22:01:00', 20 );
INSERT INTO "times" VALUES ( 17839, 12710, '21:55:00', '21:59:00', 20 );
INSERT INTO "times" VALUES ( 17839, 12720, '21:52:00', '21:52:00', 20 );
INSERT INTO "times" VALUES ( 17839, 12730, '21:50:00', '21:50:00', 20 );
INSERT INTO "times" VALUES ( 17839, 12740, '21:48:00', '21:48:00', 20 );
INSERT INTO "times" VALUES ( 17839, 12750, '21:44:00', '21:44:00', 20 );
INSERT INTO "times" VALUES ( 17839, 12760, '21:42:00', '21:42:00', 20 );
INSERT INTO "times" VALUES ( 17839, 12770, '21:38:00', '21:38:00', 20 );
INSERT INTO "times" VALUES ( 17839, 12780, '21:34:00', '21:34:00', 20 );
INSERT INTO "times" VALUES ( 17839, 12790, '21:31:00', '21:31:00', 20 );
INSERT INTO "times" VALUES ( 17839, 12800, '21:26:00', '21:29:00', 20 );
INSERT INTO "times" VALUES ( 17839, 12810, '21:24:00', '21:24:00', 20 );
INSERT INTO "times" VALUES ( 17839, 12820, '21:22:00', '21:22:00', 20 );
INSERT INTO "times" VALUES ( 17839, 12830, '21:21:00', '21:21:00', 20 );
INSERT INTO "times" VALUES ( 17839, 12840, '21:19:00', '21:19:00', 20 );
INSERT INTO "times" VALUES ( 17839, 12850, '21:17:00', '21:17:00', 20 );
INSERT INTO "times" VALUES ( 17839, 12860, '21:15:00', '21:15:00', 20 );
INSERT INTO "times" VALUES ( 17839, 12870, '21:14:00', '21:14:00', 20 );
INSERT INTO "times" VALUES ( 17839, 12880, '21:12:00', '21:12:00', 20 );
INSERT INTO "times" VALUES ( 17839, 12890, '21:10:00', '21:10:00', 20 );
INSERT INTO "times" VALUES ( 17839, 12900, '21:05:00', '21:09:00', 20 );
INSERT INTO "times" VALUES ( 17839, 13510, '21:03:00', '21:03:00', 30 );
INSERT INTO "times" VALUES ( 17839, 13520, NULL, '21:01:00', 30 );

INSERT INTO "dias" VALUES ( 17840, 120, FALSE, TRUE, 'K2102Z', 12510, 13520 );
INSERT INTO "dias_line_groups" VALUES ( 17840, 10 );
INSERT INTO "times" VALUES ( 17840, 12510, NULL, '21:32:00', 20 );
INSERT INTO "times" VALUES ( 17840, 12520, '21:34:00', '21:34:00', 20 );
INSERT INTO "times" VALUES ( 17840, 12530, '21:36:00', '21:36:00', 20 );
INSERT INTO "times" VALUES ( 17840, 12540, '21:38:00', '21:39:00', 20 );
INSERT INTO "times" VALUES ( 17840, 12610, '21:44:00', '21:44:00', 20 );
INSERT INTO "times" VALUES ( 17840, 12660, '21:49:00', '21:49:00', 20 );
INSERT INTO "times" VALUES ( 17840, 12670, '21:51:00', '21:51:00', 20 );
INSERT INTO "times" VALUES ( 17840, 12680, '21:55:00', '21:55:00', 20 );
INSERT INTO "times" VALUES ( 17840, 12690, '21:56:00', '21:56:00', 20 );
INSERT INTO "times" VALUES ( 17840, 12700, '21:59:00', '21:59:00', 20 );
INSERT INTO "times" VALUES ( 17840, 12710, '22:01:00', '22:04:00', 20 );
INSERT INTO "times" VALUES ( 17840, 12720, '22:07:00', '22:07:00', 20 );
INSERT INTO "times" VALUES ( 17840, 12730, '22:09:00', '22:09:00', 20 );
INSERT INTO "times" VALUES ( 17840, 12740, '22:12:00', '22:12:00', 20 );
INSERT INTO "times" VALUES ( 17840, 12750, '22:15:00', '22:15:00', 20 );
INSERT INTO "times" VALUES ( 17840, 12760, '22:18:00', '22:18:00', 20 );
INSERT INTO "times" VALUES ( 17840, 12770, '22:22:00', '22:22:00', 20 );
INSERT INTO "times" VALUES ( 17840, 12780, '22:26:00', '22:26:00', 20 );
INSERT INTO "times" VALUES ( 17840, 12790, '22:27:00', '22:27:00', 20 );
INSERT INTO "times" VALUES ( 17840, 12800, '22:29:00', '22:33:00', 20 );
INSERT INTO "times" VALUES ( 17840, 12810, '22:35:00', '22:35:00', 20 );
INSERT INTO "times" VALUES ( 17840, 12820, '22:37:00', '22:37:00', 20 );
INSERT INTO "times" VALUES ( 17840, 12830, '22:39:00', '22:39:00', 20 );
INSERT INTO "times" VALUES ( 17840, 12840, '22:40:00', '22:40:00', 20 );
INSERT INTO "times" VALUES ( 17840, 12850, '22:41:00', '22:41:00', 20 );
INSERT INTO "times" VALUES ( 17840, 12860, '22:43:00', '22:43:00', 20 );
INSERT INTO "times" VALUES ( 17840, 12870, '22:45:00', '22:45:00', 20 );
INSERT INTO "times" VALUES ( 17840, 12880, '22:46:00', '22:46:00', 20 );
INSERT INTO "times" VALUES ( 17840, 12890, '22:48:00', '22:48:00', 20 );
INSERT INTO "times" VALUES ( 17840, 12900, '22:50:00', '22:53:00', 20 );
INSERT INTO "times" VALUES ( 17840, 13510, '22:55:00', '22:55:00', 30 );
INSERT INTO "times" VALUES ( 17840, 13520, '22:58:00', NULL, NULL );

INSERT INTO "dias" VALUES ( 17841, 120, FALSE, TRUE, 'K2103A', 13520, 12510 );
INSERT INTO "dias_line_groups" VALUES ( 17841, 10 );
INSERT INTO "times" VALUES ( 17841, 12510, '22:48:00', NULL, NULL );
INSERT INTO "times" VALUES ( 17841, 12520, '22:46:00', '22:46:00', 20 );
INSERT INTO "times" VALUES ( 17841, 12530, '22:44:00', '22:44:00', 20 );
INSERT INTO "times" VALUES ( 17841, 12540, '22:41:00', '22:41:00', 20 );
INSERT INTO "times" VALUES ( 17841, 12610, '22:36:00', '22:36:00', 20 );
INSERT INTO "times" VALUES ( 17841, 12660, '22:32:00', '22:32:00', 20 );
INSERT INTO "times" VALUES ( 17841, 12670, '22:28:00', '22:28:00', 20 );
INSERT INTO "times" VALUES ( 17841, 12680, '22:26:00', '22:26:00', 20 );
INSERT INTO "times" VALUES ( 17841, 12690, '22:23:00', '22:23:00', 20 );
INSERT INTO "times" VALUES ( 17841, 12700, '22:21:00', '22:21:00', 20 );
INSERT INTO "times" VALUES ( 17841, 12710, '22:15:00', '22:19:00', 20 );
INSERT INTO "times" VALUES ( 17841, 12720, '22:12:00', '22:12:00', 20 );
INSERT INTO "times" VALUES ( 17841, 12730, '22:10:00', '22:10:00', 20 );
INSERT INTO "times" VALUES ( 17841, 12740, '22:08:00', '22:08:00', 20 );
INSERT INTO "times" VALUES ( 17841, 12750, '22:04:00', '22:04:00', 20 );
INSERT INTO "times" VALUES ( 17841, 12760, '22:02:00', '22:02:00', 20 );
INSERT INTO "times" VALUES ( 17841, 12770, '21:58:00', '21:58:00', 20 );
INSERT INTO "times" VALUES ( 17841, 12780, '21:54:00', '21:54:00', 20 );
INSERT INTO "times" VALUES ( 17841, 12790, '21:51:00', '21:51:00', 20 );
INSERT INTO "times" VALUES ( 17841, 12800, '21:46:00', '21:49:00', 20 );
INSERT INTO "times" VALUES ( 17841, 12810, '21:44:00', '21:44:00', 20 );
INSERT INTO "times" VALUES ( 17841, 12820, '21:42:00', '21:42:00', 20 );
INSERT INTO "times" VALUES ( 17841, 12830, '21:41:00', '21:41:00', 20 );
INSERT INTO "times" VALUES ( 17841, 12840, '21:39:00', '21:39:00', 20 );
INSERT INTO "times" VALUES ( 17841, 12850, '21:37:00', '21:37:00', 20 );
INSERT INTO "times" VALUES ( 17841, 12860, '21:35:00', '21:35:00', 20 );
INSERT INTO "times" VALUES ( 17841, 12870, '21:34:00', '21:34:00', 20 );
INSERT INTO "times" VALUES ( 17841, 12880, '21:32:00', '21:32:00', 20 );
INSERT INTO "times" VALUES ( 17841, 12890, '21:30:00', '21:30:00', 20 );
INSERT INTO "times" VALUES ( 17841, 12900, '21:25:00', '21:29:00', 20 );
INSERT INTO "times" VALUES ( 17841, 13510, '21:23:00', '21:23:00', 30 );
INSERT INTO "times" VALUES ( 17841, 13520, NULL, '21:21:00', 30 );

INSERT INTO "dias" VALUES ( 17842, 120, FALSE, TRUE, 'K2104Z', 12510, 13520 );
INSERT INTO "dias_line_groups" VALUES ( 17842, 10 );
INSERT INTO "times" VALUES ( 17842, 12510, NULL, '21:52:00', 20 );
INSERT INTO "times" VALUES ( 17842, 12520, '21:54:00', '21:54:00', 20 );
INSERT INTO "times" VALUES ( 17842, 12530, '21:56:00', '21:56:00', 20 );
INSERT INTO "times" VALUES ( 17842, 12540, '21:58:00', '21:59:00', 20 );
INSERT INTO "times" VALUES ( 17842, 12610, '22:04:00', '22:04:00', 20 );
INSERT INTO "times" VALUES ( 17842, 12660, '22:09:00', '22:09:00', 20 );
INSERT INTO "times" VALUES ( 17842, 12670, '22:11:00', '22:11:00', 20 );
INSERT INTO "times" VALUES ( 17842, 12680, '22:15:00', '22:15:00', 20 );
INSERT INTO "times" VALUES ( 17842, 12690, '22:16:00', '22:16:00', 20 );
INSERT INTO "times" VALUES ( 17842, 12700, '22:19:00', '22:19:00', 20 );
INSERT INTO "times" VALUES ( 17842, 12710, '22:21:00', '22:25:00', 20 );
INSERT INTO "times" VALUES ( 17842, 12720, '22:27:00', '22:27:00', 20 );
INSERT INTO "times" VALUES ( 17842, 12730, '22:29:00', '22:29:00', 20 );
INSERT INTO "times" VALUES ( 17842, 12740, '22:32:00', '22:35:00', 20 );
INSERT INTO "times" VALUES ( 17842, 12750, '22:38:00', '22:38:00', 20 );
INSERT INTO "times" VALUES ( 17842, 12760, '22:41:00', '22:41:00', 20 );
INSERT INTO "times" VALUES ( 17842, 12770, '22:45:00', '22:45:00', 20 );
INSERT INTO "times" VALUES ( 17842, 12780, '22:49:00', '22:50:00', 20 );
INSERT INTO "times" VALUES ( 17842, 12790, '22:51:00', '22:51:00', 20 );
INSERT INTO "times" VALUES ( 17842, 12800, '22:53:00', '22:53:00', 20 );
INSERT INTO "times" VALUES ( 17842, 12810, '22:55:00', '22:55:00', 20 );
INSERT INTO "times" VALUES ( 17842, 12820, '22:57:00', '22:57:00', 20 );
INSERT INTO "times" VALUES ( 17842, 12830, '22:59:00', '22:59:00', 20 );
INSERT INTO "times" VALUES ( 17842, 12840, '23:00:00', '23:00:00', 20 );
INSERT INTO "times" VALUES ( 17842, 12850, '23:01:00', '23:01:00', 20 );
INSERT INTO "times" VALUES ( 17842, 12860, '23:03:00', '23:03:00', 20 );
INSERT INTO "times" VALUES ( 17842, 12870, '23:05:00', '23:05:00', 20 );
INSERT INTO "times" VALUES ( 17842, 12880, '23:06:00', '23:06:00', 20 );
INSERT INTO "times" VALUES ( 17842, 12890, '23:08:00', '23:08:00', 20 );
INSERT INTO "times" VALUES ( 17842, 12900, '23:10:00', '23:13:00', 20 );
INSERT INTO "times" VALUES ( 17842, 13510, '23:15:00', '23:15:00', 30 );
INSERT INTO "times" VALUES ( 17842, 13520, '23:18:00', NULL, NULL );

INSERT INTO "dias" VALUES ( 17843, 120, FALSE, TRUE, 'K2105A', 13520, 12510 );
INSERT INTO "dias_line_groups" VALUES ( 17843, 10 );
INSERT INTO "times" VALUES ( 17843, 12510, '23:08:00', NULL, NULL );
INSERT INTO "times" VALUES ( 17843, 12520, '23:06:00', '23:06:00', 20 );
INSERT INTO "times" VALUES ( 17843, 12530, '23:04:00', '23:04:00', 20 );
INSERT INTO "times" VALUES ( 17843, 12540, '23:01:00', '23:01:00', 20 );
INSERT INTO "times" VALUES ( 17843, 12610, '22:56:00', '22:56:00', 20 );
INSERT INTO "times" VALUES ( 17843, 12660, '22:52:00', '22:52:00', 20 );
INSERT INTO "times" VALUES ( 17843, 12670, '22:48:00', '22:48:00', 20 );
INSERT INTO "times" VALUES ( 17843, 12680, '22:46:00', '22:46:00', 20 );
INSERT INTO "times" VALUES ( 17843, 12690, '22:43:00', '22:43:00', 20 );
INSERT INTO "times" VALUES ( 17843, 12700, '22:41:00', '22:41:00', 20 );
INSERT INTO "times" VALUES ( 17843, 12710, '22:35:00', '22:39:00', 20 );
INSERT INTO "times" VALUES ( 17843, 12720, '22:32:00', '22:32:00', 20 );
INSERT INTO "times" VALUES ( 17843, 12730, '22:30:00', '22:30:00', 20 );
INSERT INTO "times" VALUES ( 17843, 12740, '22:28:00', '22:28:00', 20 );
INSERT INTO "times" VALUES ( 17843, 12750, '22:24:00', '22:24:00', 20 );
INSERT INTO "times" VALUES ( 17843, 12760, '22:22:00', '22:22:00', 20 );
INSERT INTO "times" VALUES ( 17843, 12770, '22:18:00', '22:18:00', 20 );
INSERT INTO "times" VALUES ( 17843, 12780, '22:14:00', '22:14:00', 20 );
INSERT INTO "times" VALUES ( 17843, 12790, '22:11:00', '22:11:00', 20 );
INSERT INTO "times" VALUES ( 17843, 12800, '22:06:00', '22:09:00', 20 );
INSERT INTO "times" VALUES ( 17843, 12810, '22:04:00', '22:04:00', 20 );
INSERT INTO "times" VALUES ( 17843, 12820, '22:02:00', '22:02:00', 20 );
INSERT INTO "times" VALUES ( 17843, 12830, '22:01:00', '22:01:00', 20 );
INSERT INTO "times" VALUES ( 17843, 12840, '21:59:00', '21:59:00', 20 );
INSERT INTO "times" VALUES ( 17843, 12850, '21:57:00', '21:57:00', 20 );
INSERT INTO "times" VALUES ( 17843, 12860, '21:55:00', '21:55:00', 20 );
INSERT INTO "times" VALUES ( 17843, 12870, '21:54:00', '21:54:00', 20 );
INSERT INTO "times" VALUES ( 17843, 12880, '21:52:00', '21:52:00', 20 );
INSERT INTO "times" VALUES ( 17843, 12890, '21:50:00', '21:50:00', 20 );
INSERT INTO "times" VALUES ( 17843, 12900, '21:45:00', '21:49:00', 20 );
INSERT INTO "times" VALUES ( 17843, 13510, '21:43:00', '21:43:00', 30 );
INSERT INTO "times" VALUES ( 17843, 13520, NULL, '21:41:00', 30 );

INSERT INTO "dias" VALUES ( 17844, 120, FALSE, TRUE, 'K2200Z', 12510, 13520 );
INSERT INTO "dias_line_groups" VALUES ( 17844, 10 );
INSERT INTO "times" VALUES ( 17844, 12510, NULL, '22:43:00', 20 );
INSERT INTO "times" VALUES ( 17844, 12520, '22:44:00', '22:44:00', 20 );
INSERT INTO "times" VALUES ( 17844, 12530, '22:46:00', '22:46:00', 20 );
INSERT INTO "times" VALUES ( 17844, 12540, '22:49:00', '22:50:00', 20 );
INSERT INTO "times" VALUES ( 17844, 12610, '22:55:00', '22:55:00', 20 );
INSERT INTO "times" VALUES ( 17844, 12660, '22:59:00', '23:00:00', 20 );
INSERT INTO "times" VALUES ( 17844, 12670, '23:02:00', '23:02:00', 20 );
INSERT INTO "times" VALUES ( 17844, 12680, '23:05:00', '23:06:00', 20 );
INSERT INTO "times" VALUES ( 17844, 12690, '23:08:00', '23:08:00', 20 );
INSERT INTO "times" VALUES ( 17844, 12700, '23:10:00', '23:10:00', 20 );
INSERT INTO "times" VALUES ( 17844, 12710, '23:12:00', '23:13:00', 20 );
INSERT INTO "times" VALUES ( 17844, 12720, '23:15:00', '23:15:00', 20 );
INSERT INTO "times" VALUES ( 17844, 12730, '23:17:00', '23:17:00', 20 );
INSERT INTO "times" VALUES ( 17844, 12740, '23:20:00', '23:20:00', 20 );
INSERT INTO "times" VALUES ( 17844, 12750, '23:23:00', '23:23:00', 20 );
INSERT INTO "times" VALUES ( 17844, 12760, '23:26:00', '23:26:00', 20 );
INSERT INTO "times" VALUES ( 17844, 12770, '23:30:00', '23:30:00', 20 );
INSERT INTO "times" VALUES ( 17844, 12780, '23:35:00', '23:35:00', 20 );
INSERT INTO "times" VALUES ( 17844, 12790, '23:36:00', '23:36:00', 20 );
INSERT INTO "times" VALUES ( 17844, 12800, '23:38:00', '23:42:00', 20 );
INSERT INTO "times" VALUES ( 17844, 12810, '23:44:00', '23:44:00', 20 );
INSERT INTO "times" VALUES ( 17844, 12820, '23:46:00', '23:46:00', 20 );
INSERT INTO "times" VALUES ( 17844, 12830, '23:48:00', '23:48:00', 20 );
INSERT INTO "times" VALUES ( 17844, 12840, '23:49:00', '23:49:00', 20 );
INSERT INTO "times" VALUES ( 17844, 12850, '23:50:00', '23:50:00', 20 );
INSERT INTO "times" VALUES ( 17844, 12860, '23:52:00', '23:52:00', 20 );
INSERT INTO "times" VALUES ( 17844, 12870, '23:54:00', '23:54:00', 20 );
INSERT INTO "times" VALUES ( 17844, 12880, '23:55:00', '23:55:00', 20 );
INSERT INTO "times" VALUES ( 17844, 12890, '23:57:00', '23:57:00', 20 );
INSERT INTO "times" VALUES ( 17844, 12900, '23:59:00', '23:59:00', 20 );
INSERT INTO "times" VALUES ( 17844, 13510, '00:01:00', '00:01:00', 30 );
INSERT INTO "times" VALUES ( 17844, 13520, '00:03:00', NULL, NULL );

INSERT INTO "dias" VALUES ( 17845, 120, FALSE, TRUE, 'K2201A', 13520, 12510 );
INSERT INTO "dias_line_groups" VALUES ( 17845, 10 );
INSERT INTO "times" VALUES ( 17845, 12510, '23:57:00', NULL, NULL );
INSERT INTO "times" VALUES ( 17845, 12520, '23:55:00', '23:55:00', 20 );
INSERT INTO "times" VALUES ( 17845, 12530, '23:53:00', '23:53:00', 20 );
INSERT INTO "times" VALUES ( 17845, 12540, '23:50:00', '23:50:00', 20 );
INSERT INTO "times" VALUES ( 17845, 12610, '23:45:00', '23:45:00', 20 );
INSERT INTO "times" VALUES ( 17845, 12660, '23:40:00', '23:41:00', 20 );
INSERT INTO "times" VALUES ( 17845, 12670, '23:37:00', '23:37:00', 20 );
INSERT INTO "times" VALUES ( 17845, 12680, '23:33:00', '23:34:00', 20 );
INSERT INTO "times" VALUES ( 17845, 12690, '23:31:00', '23:31:00', 20 );
INSERT INTO "times" VALUES ( 17845, 12700, '23:29:00', '23:29:00', 20 );
INSERT INTO "times" VALUES ( 17845, 12710, '23:22:00', '23:27:00', 20 );
INSERT INTO "times" VALUES ( 17845, 12720, '23:19:00', '23:19:00', 20 );
INSERT INTO "times" VALUES ( 17845, 12730, '23:16:00', '23:16:00', 20 );
INSERT INTO "times" VALUES ( 17845, 12740, '23:13:00', '23:14:00', 20 );
INSERT INTO "times" VALUES ( 17845, 12750, '23:10:00', '23:10:00', 20 );
INSERT INTO "times" VALUES ( 17845, 12760, '23:08:00', '23:08:00', 20 );
INSERT INTO "times" VALUES ( 17845, 12770, '23:04:00', '23:04:00', 20 );
INSERT INTO "times" VALUES ( 17845, 12780, '22:58:00', '22:59:00', 20 );
INSERT INTO "times" VALUES ( 17845, 12790, '22:56:00', '22:56:00', 20 );
INSERT INTO "times" VALUES ( 17845, 12800, '22:49:00', '22:54:00', 20 );
INSERT INTO "times" VALUES ( 17845, 12810, '22:47:00', '22:47:00', 20 );
INSERT INTO "times" VALUES ( 17845, 12820, '22:45:00', '22:45:00', 20 );
INSERT INTO "times" VALUES ( 17845, 12830, '22:43:00', '22:44:00', 20 );
INSERT INTO "times" VALUES ( 17845, 12840, '22:41:00', '22:41:00', 20 );
INSERT INTO "times" VALUES ( 17845, 12850, '22:40:00', '22:40:00', 20 );
INSERT INTO "times" VALUES ( 17845, 12860, '22:38:00', '22:38:00', 20 );
INSERT INTO "times" VALUES ( 17845, 12870, '22:36:00', '22:36:00', 20 );
INSERT INTO "times" VALUES ( 17845, 12880, '22:34:00', '22:34:00', 20 );
INSERT INTO "times" VALUES ( 17845, 12890, '22:33:00', '22:33:00', 20 );
INSERT INTO "times" VALUES ( 17845, 12900, '22:26:00', '22:31:00', 20 );
INSERT INTO "times" VALUES ( 17845, 13510, '22:24:00', '22:24:00', 30 );
INSERT INTO "times" VALUES ( 17845, 13520, NULL, '22:22:00', 30 );

INSERT INTO "dias" VALUES ( 17846, 120, FALSE, TRUE, 'K2202Z', 12510, 13520 );
INSERT INTO "dias_line_groups" VALUES ( 17846, 10 );
INSERT INTO "times" VALUES ( 17846, 12510, NULL, '22:52:00', 20 );
INSERT INTO "times" VALUES ( 17846, 12520, '22:53:00', '22:53:00', 20 );
INSERT INTO "times" VALUES ( 17846, 12530, '22:55:00', '22:55:00', 20 );
INSERT INTO "times" VALUES ( 17846, 12540, '22:59:00', '22:59:00', 20 );
INSERT INTO "times" VALUES ( 17846, 12610, '23:04:00', '23:04:00', 20 );
INSERT INTO "times" VALUES ( 17846, 12660, '23:08:00', '23:08:00', 20 );
INSERT INTO "times" VALUES ( 17846, 12670, '23:11:00', '23:11:00', 20 );
INSERT INTO "times" VALUES ( 17846, 12680, '23:14:00', '23:14:00', 20 );
INSERT INTO "times" VALUES ( 17846, 12690, '23:16:00', '23:16:00', 20 );
INSERT INTO "times" VALUES ( 17846, 12700, '23:18:00', '23:18:00', 20 );
INSERT INTO "times" VALUES ( 17846, 12710, '23:20:00', '23:24:00', 20 );
INSERT INTO "times" VALUES ( 17846, 12720, '23:26:00', '23:26:00', 20 );
INSERT INTO "times" VALUES ( 17846, 12730, '23:29:00', '23:29:00', 20 );
INSERT INTO "times" VALUES ( 17846, 12740, '23:31:00', '23:32:00', 20 );
INSERT INTO "times" VALUES ( 17846, 12750, '23:35:00', '23:35:00', 20 );
INSERT INTO "times" VALUES ( 17846, 12760, '23:38:00', '23:38:00', 20 );
INSERT INTO "times" VALUES ( 17846, 12770, '23:42:00', '23:42:00', 20 );
INSERT INTO "times" VALUES ( 17846, 12780, '23:46:00', '23:47:00', 20 );
INSERT INTO "times" VALUES ( 17846, 12790, '23:48:00', '23:48:00', 20 );
INSERT INTO "times" VALUES ( 17846, 12800, '23:50:00', '23:50:00', 20 );
INSERT INTO "times" VALUES ( 17846, 12810, '23:52:00', '23:52:00', 20 );
INSERT INTO "times" VALUES ( 17846, 12820, '23:53:00', '23:53:00', 20 );
INSERT INTO "times" VALUES ( 17846, 12830, '23:55:00', '23:55:00', 20 );
INSERT INTO "times" VALUES ( 17846, 12840, '23:57:00', '23:57:00', 20 );
INSERT INTO "times" VALUES ( 17846, 12850, '23:58:00', '23:58:00', 20 );
INSERT INTO "times" VALUES ( 17846, 12860, '00:00:00', '00:00:00', 20 );
INSERT INTO "times" VALUES ( 17846, 12870, '00:01:00', '00:01:00', 20 );
INSERT INTO "times" VALUES ( 17846, 12880, '00:03:00', '00:03:00', 20 );
INSERT INTO "times" VALUES ( 17846, 12890, '00:05:00', '00:05:00', 20 );
INSERT INTO "times" VALUES ( 17846, 12900, '00:07:00', '00:11:00', 20 );
INSERT INTO "times" VALUES ( 17846, 13510, '00:13:00', '00:13:00', 30 );
INSERT INTO "times" VALUES ( 17846, 13520, '00:15:00', NULL, NULL );

INSERT INTO "dias" VALUES ( 17847, 120, FALSE, TRUE, 'K2300S', 12510, 12900 );
INSERT INTO "dias_line_groups" VALUES ( 17847, 10 );
INSERT INTO "times" VALUES ( 17847, 12510, NULL, '23:13:00', 20 );
INSERT INTO "times" VALUES ( 17847, 12520, '23:14:00', '23:14:00', 20 );
INSERT INTO "times" VALUES ( 17847, 12530, '23:16:00', '23:16:00', 20 );
INSERT INTO "times" VALUES ( 17847, 12540, '23:20:00', '23:20:00', 20 );
INSERT INTO "times" VALUES ( 17847, 12610, '23:25:00', '23:25:00', 20 );
INSERT INTO "times" VALUES ( 17847, 12660, '23:29:00', '23:29:00', 20 );
INSERT INTO "times" VALUES ( 17847, 12670, '23:32:00', '23:32:00', 20 );
INSERT INTO "times" VALUES ( 17847, 12680, '23:35:00', '23:39:00', 20 );
INSERT INTO "times" VALUES ( 17847, 12690, '23:41:00', '23:41:00', 20 );
INSERT INTO "times" VALUES ( 17847, 12700, '23:43:00', '23:43:00', 20 );
INSERT INTO "times" VALUES ( 17847, 12710, '23:46:00', '23:46:00', 20 );
INSERT INTO "times" VALUES ( 17847, 12720, '23:48:00', '23:48:00', 20 );
INSERT INTO "times" VALUES ( 17847, 12730, '23:50:00', '23:50:00', 20 );
INSERT INTO "times" VALUES ( 17847, 12740, '23:53:00', '23:53:00', 20 );
INSERT INTO "times" VALUES ( 17847, 12750, '23:56:00', '23:56:00', 20 );
INSERT INTO "times" VALUES ( 17847, 12760, '23:59:00', '23:59:00', 20 );
INSERT INTO "times" VALUES ( 17847, 12770, '00:03:00', '00:03:00', 20 );
INSERT INTO "times" VALUES ( 17847, 12780, '00:07:00', '00:07:00', 20 );
INSERT INTO "times" VALUES ( 17847, 12790, '00:08:00', '00:08:00', 20 );
INSERT INTO "times" VALUES ( 17847, 12800, '00:10:00', '00:10:00', 20 );
INSERT INTO "times" VALUES ( 17847, 12810, '00:12:00', '00:12:00', 20 );
INSERT INTO "times" VALUES ( 17847, 12820, '00:14:00', '00:14:00', 20 );
INSERT INTO "times" VALUES ( 17847, 12830, '00:16:00', '00:16:00', 20 );
INSERT INTO "times" VALUES ( 17847, 12840, '00:17:00', '00:17:00', 20 );
INSERT INTO "times" VALUES ( 17847, 12850, '00:18:00', '00:18:00', 20 );
INSERT INTO "times" VALUES ( 17847, 12860, '00:20:00', '00:20:00', 20 );
INSERT INTO "times" VALUES ( 17847, 12870, '00:22:00', '00:22:00', 20 );
INSERT INTO "times" VALUES ( 17847, 12880, '00:23:00', '00:23:00', 20 );
INSERT INTO "times" VALUES ( 17847, 12890, '00:25:00', '00:25:00', 20 );
INSERT INTO "times" VALUES ( 17847, 12900, '00:27:00', NULL, NULL );

INSERT INTO "dias" VALUES ( 17848, 120, FALSE, TRUE, 'K2302Z', 12510, 13520 );
INSERT INTO "dias_line_groups" VALUES ( 17848, 10 );
INSERT INTO "times" VALUES ( 17848, 12510, NULL, '23:30:00', 20 );
INSERT INTO "times" VALUES ( 17848, 12520, '23:32:00', '23:32:00', 20 );
INSERT INTO "times" VALUES ( 17848, 12530, '23:34:00', '23:34:00', 20 );
INSERT INTO "times" VALUES ( 17848, 12540, '23:37:00', '23:37:00', 20 );
INSERT INTO "times" VALUES ( 17848, 12610, '23:42:00', '23:42:00', 20 );
INSERT INTO "times" VALUES ( 17848, 12660, '23:47:00', '23:47:00', 20 );
INSERT INTO "times" VALUES ( 17848, 12670, '23:49:00', '23:49:00', 20 );
INSERT INTO "times" VALUES ( 17848, 12680, '23:53:00', '23:53:00', 20 );
INSERT INTO "times" VALUES ( 17848, 12690, '23:54:00', '23:54:00', 20 );
INSERT INTO "times" VALUES ( 17848, 12700, '23:57:00', '23:57:00', 20 );
INSERT INTO "times" VALUES ( 17848, 12710, '23:59:00', '00:03:00', 20 );
INSERT INTO "times" VALUES ( 17848, 12720, '00:05:00', '00:05:00', 20 );
INSERT INTO "times" VALUES ( 17848, 12730, '00:07:00', '00:07:00', 20 );
INSERT INTO "times" VALUES ( 17848, 12740, '00:10:00', '00:10:00', 20 );
INSERT INTO "times" VALUES ( 17848, 12750, '00:13:00', '00:13:00', 20 );
INSERT INTO "times" VALUES ( 17848, 12760, '00:16:00', '00:16:00', 20 );
INSERT INTO "times" VALUES ( 17848, 12770, '00:20:00', '00:20:00', 20 );
INSERT INTO "times" VALUES ( 17848, 12780, '00:25:00', '00:25:00', 20 );
INSERT INTO "times" VALUES ( 17848, 12790, '00:26:00', '00:26:00', 20 );
INSERT INTO "times" VALUES ( 17848, 12800, '00:28:00', '00:28:00', 20 );
INSERT INTO "times" VALUES ( 17848, 12810, '00:30:00', '00:30:00', 20 );
INSERT INTO "times" VALUES ( 17848, 12820, '00:31:00', '00:31:00', 20 );
INSERT INTO "times" VALUES ( 17848, 12830, '00:33:00', '00:33:00', 20 );
INSERT INTO "times" VALUES ( 17848, 12840, '00:35:00', '00:35:00', 20 );
INSERT INTO "times" VALUES ( 17848, 12850, '00:36:00', '00:36:00', 20 );
INSERT INTO "times" VALUES ( 17848, 12860, '00:38:00', '00:38:00', 20 );
INSERT INTO "times" VALUES ( 17848, 12870, '00:40:00', '00:40:00', 20 );
INSERT INTO "times" VALUES ( 17848, 12880, '00:41:00', '00:41:00', 20 );
INSERT INTO "times" VALUES ( 17848, 12890, '00:43:00', '00:43:00', 20 );
INSERT INTO "times" VALUES ( 17848, 12900, '00:45:00', '00:45:00', 20 );
INSERT INTO "times" VALUES ( 17848, 13510, '00:47:00', '00:47:00', 30 );
INSERT INTO "times" VALUES ( 17848, 13520, '00:49:00', NULL, NULL );

INSERT INTO "dias" VALUES ( 17849, 120, FALSE, TRUE, 'M0501A', 12770, 12510 );
INSERT INTO "dias_line_groups" VALUES ( 17849, 10 );
INSERT INTO "times" VALUES ( 17849, 12510, '05:45:00', NULL, NULL );
INSERT INTO "times" VALUES ( 17849, 12520, '05:43:00', '05:43:00', 20 );
INSERT INTO "times" VALUES ( 17849, 12530, '05:42:00', '05:42:00', 20 );
INSERT INTO "times" VALUES ( 17849, 12540, '05:39:00', '05:39:00', 20 );
INSERT INTO "times" VALUES ( 17849, 12610, '05:34:00', '05:34:00', 20 );
INSERT INTO "times" VALUES ( 17849, 12660, '05:30:00', '05:30:00', 20 );
INSERT INTO "times" VALUES ( 17849, 12670, '05:27:00', '05:27:00', 20 );
INSERT INTO "times" VALUES ( 17849, 12680, '05:24:00', '05:24:00', 20 );
INSERT INTO "times" VALUES ( 17849, 12690, '05:21:00', '05:21:00', 20 );
INSERT INTO "times" VALUES ( 17849, 12700, '05:19:00', '05:19:00', 20 );
INSERT INTO "times" VALUES ( 17849, 12710, '05:17:00', '05:17:00', 20 );
INSERT INTO "times" VALUES ( 17849, 12720, '05:14:00', '05:14:00', 20 );
INSERT INTO "times" VALUES ( 17849, 12730, '05:12:00', '05:12:00', 20 );
INSERT INTO "times" VALUES ( 17849, 12740, '05:10:00', '05:10:00', 20 );
INSERT INTO "times" VALUES ( 17849, 12750, '05:06:00', '05:06:00', 20 );
INSERT INTO "times" VALUES ( 17849, 12760, '05:04:00', '05:04:00', 20 );
INSERT INTO "times" VALUES ( 17849, 12770, NULL, '05:00:00', 20 );

INSERT INTO "dias" VALUES ( 17850, 120, FALSE, TRUE, 'M0503A', 12740, 12510 );
INSERT INTO "dias_line_groups" VALUES ( 17850, 10 );
INSERT INTO "times" VALUES ( 17850, 12510, '06:01:00', NULL, NULL );
INSERT INTO "times" VALUES ( 17850, 12520, '05:59:00', '05:59:00', 20 );
INSERT INTO "times" VALUES ( 17850, 12530, '05:57:00', '05:57:00', 20 );
INSERT INTO "times" VALUES ( 17850, 12540, '05:54:00', '05:54:00', 20 );
INSERT INTO "times" VALUES ( 17850, 12610, '05:49:00', '05:49:00', 20 );
INSERT INTO "times" VALUES ( 17850, 12660, '05:45:00', '05:45:00', 20 );
INSERT INTO "times" VALUES ( 17850, 12670, '05:42:00', '05:42:00', 20 );
INSERT INTO "times" VALUES ( 17850, 12680, '05:39:00', '05:39:00', 20 );
INSERT INTO "times" VALUES ( 17850, 12690, '05:37:00', '05:37:00', 20 );
INSERT INTO "times" VALUES ( 17850, 12700, '05:34:00', '05:34:00', 20 );
INSERT INTO "times" VALUES ( 17850, 12710, '05:33:00', '05:33:00', 20 );
INSERT INTO "times" VALUES ( 17850, 12720, '05:30:00', '05:30:00', 20 );
INSERT INTO "times" VALUES ( 17850, 12730, '05:28:00', '05:28:00', 20 );
INSERT INTO "times" VALUES ( 17850, 12740, NULL, '05:25:00', 20 );

INSERT INTO "dias" VALUES ( 17851, 120, FALSE, TRUE, 'M0505A', 12740, 12510 );
INSERT INTO "dias_line_groups" VALUES ( 17851, 10 );
INSERT INTO "times" VALUES ( 17851, 12510, '06:24:00', NULL, NULL );
INSERT INTO "times" VALUES ( 17851, 12520, '06:22:00', '06:22:00', 20 );
INSERT INTO "times" VALUES ( 17851, 12530, '06:20:00', '06:20:00', 20 );
INSERT INTO "times" VALUES ( 17851, 12540, '06:16:00', '06:17:00', 20 );
INSERT INTO "times" VALUES ( 17851, 12610, '06:11:00', '06:11:00', 20 );
INSERT INTO "times" VALUES ( 17851, 12660, '06:07:00', '06:07:00', 20 );
INSERT INTO "times" VALUES ( 17851, 12670, '06:03:00', '06:03:00', 20 );
INSERT INTO "times" VALUES ( 17851, 12680, '06:01:00', '06:01:00', 20 );
INSERT INTO "times" VALUES ( 17851, 12690, '05:58:00', '05:58:00', 20 );
INSERT INTO "times" VALUES ( 17851, 12700, '05:56:00', '05:56:00', 20 );
INSERT INTO "times" VALUES ( 17851, 12710, '05:54:00', '05:54:00', 20 );
INSERT INTO "times" VALUES ( 17851, 12720, '05:51:00', '05:51:00', 20 );
INSERT INTO "times" VALUES ( 17851, 12730, '05:49:00', '05:49:00', 20 );
INSERT INTO "times" VALUES ( 17851, 12740, NULL, '05:46:00', 20 );

INSERT INTO "dias" VALUES ( 17852, 120, FALSE, TRUE, 'M0507A', 12740, 12510 );
INSERT INTO "dias_line_groups" VALUES ( 17852, 10 );
INSERT INTO "times" VALUES ( 17852, 12510, '06:32:00', NULL, NULL );
INSERT INTO "times" VALUES ( 17852, 12520, '06:30:00', '06:30:00', 20 );
INSERT INTO "times" VALUES ( 17852, 12530, '06:28:00', '06:28:00', 20 );
INSERT INTO "times" VALUES ( 17852, 12540, '06:25:00', '06:25:00', 20 );
INSERT INTO "times" VALUES ( 17852, 12610, '06:20:00', '06:20:00', 20 );
INSERT INTO "times" VALUES ( 17852, 12660, '06:15:00', '06:15:00', 20 );
INSERT INTO "times" VALUES ( 17852, 12670, '06:12:00', '06:12:00', 20 );
INSERT INTO "times" VALUES ( 17852, 12680, '06:09:00', '06:09:00', 20 );
INSERT INTO "times" VALUES ( 17852, 12690, '06:06:00', '06:06:00', 20 );
INSERT INTO "times" VALUES ( 17852, 12700, '06:04:00', '06:04:00', 20 );
INSERT INTO "times" VALUES ( 17852, 12710, '06:02:00', '06:02:00', 20 );
INSERT INTO "times" VALUES ( 17852, 12720, '05:59:00', '05:59:00', 20 );
INSERT INTO "times" VALUES ( 17852, 12730, '05:57:00', '05:57:00', 20 );
INSERT INTO "times" VALUES ( 17852, 12740, NULL, '05:54:00', 20 );

INSERT INTO "dias" VALUES ( 17853, 120, FALSE, TRUE, 'M0601A', 12770, 12510 );
INSERT INTO "dias_line_groups" VALUES ( 17853, 10 );
INSERT INTO "times" VALUES ( 17853, 12510, '06:47:00', NULL, NULL );
INSERT INTO "times" VALUES ( 17853, 12520, '06:45:00', '06:45:00', 20 );
INSERT INTO "times" VALUES ( 17853, 12530, '06:43:00', '06:43:00', 20 );
INSERT INTO "times" VALUES ( 17853, 12540, '06:40:00', '06:40:00', 20 );
INSERT INTO "times" VALUES ( 17853, 12610, '06:35:00', '06:35:00', 20 );
INSERT INTO "times" VALUES ( 17853, 12660, '06:31:00', '06:31:00', 20 );
INSERT INTO "times" VALUES ( 17853, 12670, '06:28:00', '06:28:00', 20 );
INSERT INTO "times" VALUES ( 17853, 12680, '06:25:00', '06:25:00', 20 );
INSERT INTO "times" VALUES ( 17853, 12690, '06:22:00', '06:22:00', 20 );
INSERT INTO "times" VALUES ( 17853, 12700, '06:20:00', '06:20:00', 20 );
INSERT INTO "times" VALUES ( 17853, 12710, '06:18:00', '06:18:00', 20 );
INSERT INTO "times" VALUES ( 17853, 12720, '06:15:00', '06:15:00', 20 );
INSERT INTO "times" VALUES ( 17853, 12730, '06:13:00', '06:13:00', 20 );
INSERT INTO "times" VALUES ( 17853, 12740, '06:11:00', '06:11:00', 20 );
INSERT INTO "times" VALUES ( 17853, 12750, '06:07:00', '06:07:00', 20 );
INSERT INTO "times" VALUES ( 17853, 12760, '06:05:00', '06:05:00', 20 );
INSERT INTO "times" VALUES ( 17853, 12770, NULL, '06:01:00', 20 );

INSERT INTO "dias" VALUES ( 17854, 120, FALSE, TRUE, 'M0603A', 12740, 12510 );
INSERT INTO "dias_line_groups" VALUES ( 17854, 10 );
INSERT INTO "times" VALUES ( 17854, 12510, '07:32:00', NULL, NULL );
INSERT INTO "times" VALUES ( 17854, 12520, '07:29:00', '07:29:00', 20 );
INSERT INTO "times" VALUES ( 17854, 12530, '07:28:00', '07:28:00', 20 );
INSERT INTO "times" VALUES ( 17854, 12540, '07:24:00', '07:25:00', 20 );
INSERT INTO "times" VALUES ( 17854, 12610, '07:18:00', '07:19:00', 20 );
INSERT INTO "times" VALUES ( 17854, 12660, '07:14:00', '07:14:00', 20 );
INSERT INTO "times" VALUES ( 17854, 12670, '07:11:00', '07:11:00', 20 );
INSERT INTO "times" VALUES ( 17854, 12680, '07:05:00', '07:08:00', 20 );
INSERT INTO "times" VALUES ( 17854, 12690, '07:02:00', '07:02:00', 20 );
INSERT INTO "times" VALUES ( 17854, 12700, '07:00:00', '07:00:00', 20 );
INSERT INTO "times" VALUES ( 17854, 12710, '06:58:00', '06:58:00', 20 );
INSERT INTO "times" VALUES ( 17854, 12720, '06:55:00', '06:55:00', 20 );
INSERT INTO "times" VALUES ( 17854, 12730, '06:53:00', '06:53:00', 20 );
INSERT INTO "times" VALUES ( 17854, 12740, NULL, '06:50:00', 20 );

INSERT INTO "dias" VALUES ( 17855, 120, FALSE, TRUE, 'M0701A', 12740, 12510 );
INSERT INTO "dias_line_groups" VALUES ( 17855, 10 );
INSERT INTO "times" VALUES ( 17855, 12510, '07:52:00', NULL, NULL );
INSERT INTO "times" VALUES ( 17855, 12520, '07:49:00', '07:49:00', 20 );
INSERT INTO "times" VALUES ( 17855, 12530, '07:48:00', '07:48:00', 20 );
INSERT INTO "times" VALUES ( 17855, 12540, '07:44:00', '07:45:00', 20 );
INSERT INTO "times" VALUES ( 17855, 12610, '07:38:00', '07:39:00', 20 );
INSERT INTO "times" VALUES ( 17855, 12660, '07:34:00', '07:34:00', 20 );
INSERT INTO "times" VALUES ( 17855, 12670, '07:31:00', '07:31:00', 20 );
INSERT INTO "times" VALUES ( 17855, 12680, '07:25:00', '07:28:00', 20 );
INSERT INTO "times" VALUES ( 17855, 12690, '07:22:00', '07:22:00', 20 );
INSERT INTO "times" VALUES ( 17855, 12700, '07:20:00', '07:20:00', 20 );
INSERT INTO "times" VALUES ( 17855, 12710, '07:18:00', '07:18:00', 20 );
INSERT INTO "times" VALUES ( 17855, 12720, '07:15:00', '07:15:00', 20 );
INSERT INTO "times" VALUES ( 17855, 12730, '07:13:00', '07:13:00', 20 );
INSERT INTO "times" VALUES ( 17855, 12740, NULL, '07:10:00', 20 );

INSERT INTO "dias" VALUES ( 17856, 120, FALSE, TRUE, 'M0703A', 12740, 12510 );
INSERT INTO "dias_line_groups" VALUES ( 17856, 10 );
INSERT INTO "times" VALUES ( 17856, 12510, '08:15:00', NULL, NULL );
INSERT INTO "times" VALUES ( 17856, 12520, '08:13:00', '08:13:00', 20 );
INSERT INTO "times" VALUES ( 17856, 12530, '08:11:00', '08:11:00', 20 );
INSERT INTO "times" VALUES ( 17856, 12540, '08:07:00', '08:08:00', 20 );
INSERT INTO "times" VALUES ( 17856, 12610, '08:02:00', '08:02:00', 20 );
INSERT INTO "times" VALUES ( 17856, 12660, '07:57:00', '07:57:00', 20 );
INSERT INTO "times" VALUES ( 17856, 12670, '07:54:00', '07:54:00', 20 );
INSERT INTO "times" VALUES ( 17856, 12680, '07:51:00', '07:51:00', 20 );
INSERT INTO "times" VALUES ( 17856, 12690, '07:48:00', '07:48:00', 20 );
INSERT INTO "times" VALUES ( 17856, 12700, '07:46:00', '07:46:00', 20 );
INSERT INTO "times" VALUES ( 17856, 12710, '07:39:00', '07:44:00', 20 );
INSERT INTO "times" VALUES ( 17856, 12720, '07:36:00', '07:36:00', 20 );
INSERT INTO "times" VALUES ( 17856, 12730, '07:34:00', '07:34:00', 20 );
INSERT INTO "times" VALUES ( 17856, 12740, NULL, '07:31:00', 20 );

INSERT INTO "dias" VALUES ( 17857, 120, FALSE, TRUE, 'M0705A', 12710, 12510 );
INSERT INTO "dias_line_groups" VALUES ( 17857, 10 );
INSERT INTO "times" VALUES ( 17857, 12510, '08:12:00', NULL, NULL );
INSERT INTO "times" VALUES ( 17857, 12520, '08:09:00', '08:09:00', 20 );
INSERT INTO "times" VALUES ( 17857, 12530, '08:08:00', '08:08:00', 20 );
INSERT INTO "times" VALUES ( 17857, 12540, '08:03:00', '08:04:00', 20 );
INSERT INTO "times" VALUES ( 17857, 12610, '07:59:00', '07:59:00', 20 );
INSERT INTO "times" VALUES ( 17857, 12660, '07:54:00', '07:54:00', 20 );
INSERT INTO "times" VALUES ( 17857, 12670, '07:51:00', '07:51:00', 20 );
INSERT INTO "times" VALUES ( 17857, 12680, '07:44:00', '07:48:00', 20 );
INSERT INTO "times" VALUES ( 17857, 12690, '07:41:00', '07:41:00', 20 );
INSERT INTO "times" VALUES ( 17857, 12700, '07:39:00', '07:39:00', 20 );
INSERT INTO "times" VALUES ( 17857, 12710, NULL, '07:37:00', 20 );

INSERT INTO "dias" VALUES ( 17858, 120, FALSE, TRUE, 'M0707A', 12740, 12510 );
INSERT INTO "dias_line_groups" VALUES ( 17858, 10 );
INSERT INTO "times" VALUES ( 17858, 12510, '08:32:00', NULL, NULL );
INSERT INTO "times" VALUES ( 17858, 12520, '08:29:00', '08:29:00', 20 );
INSERT INTO "times" VALUES ( 17858, 12530, '08:28:00', '08:28:00', 20 );
INSERT INTO "times" VALUES ( 17858, 12540, '08:24:00', '08:25:00', 20 );
INSERT INTO "times" VALUES ( 17858, 12610, '08:18:00', '08:19:00', 20 );
INSERT INTO "times" VALUES ( 17858, 12660, '08:14:00', '08:14:00', 20 );
INSERT INTO "times" VALUES ( 17858, 12670, '08:11:00', '08:11:00', 20 );
INSERT INTO "times" VALUES ( 17858, 12680, '08:05:00', '08:08:00', 20 );
INSERT INTO "times" VALUES ( 17858, 12690, '08:02:00', '08:02:00', 20 );
INSERT INTO "times" VALUES ( 17858, 12700, '08:00:00', '08:00:00', 20 );
INSERT INTO "times" VALUES ( 17858, 12710, '07:58:00', '07:58:00', 20 );
INSERT INTO "times" VALUES ( 17858, 12720, '07:55:00', '07:55:00', 20 );
INSERT INTO "times" VALUES ( 17858, 12730, '07:53:00', '07:53:00', 20 );
INSERT INTO "times" VALUES ( 17858, 12740, NULL, '07:50:00', 20 );

INSERT INTO "dias" VALUES ( 17859, 120, FALSE, TRUE, 'M0800R', 12510, 12740 );
INSERT INTO "dias_line_groups" VALUES ( 17859, 10 );
INSERT INTO "times" VALUES ( 17859, 12510, NULL, '08:32:00', 20 );
INSERT INTO "times" VALUES ( 17859, 12520, '08:34:00', '08:34:00', 20 );
INSERT INTO "times" VALUES ( 17859, 12530, '08:36:00', '08:36:00', 20 );
INSERT INTO "times" VALUES ( 17859, 12540, '08:39:00', '08:39:00', 20 );
INSERT INTO "times" VALUES ( 17859, 12610, '08:44:00', '08:44:00', 20 );
INSERT INTO "times" VALUES ( 17859, 12660, '08:48:00', '08:48:00', 20 );
INSERT INTO "times" VALUES ( 17859, 12670, '08:51:00', '08:51:00', 20 );
INSERT INTO "times" VALUES ( 17859, 12680, '08:54:00', '08:54:00', 20 );
INSERT INTO "times" VALUES ( 17859, 12690, '08:56:00', '08:56:00', 20 );
INSERT INTO "times" VALUES ( 17859, 12700, '08:58:00', '08:58:00', 20 );
INSERT INTO "times" VALUES ( 17859, 12710, '09:00:00', '09:05:00', 20 );
INSERT INTO "times" VALUES ( 17859, 12720, '09:07:00', '09:07:00', 20 );
INSERT INTO "times" VALUES ( 17859, 12730, '09:09:00', '09:09:00', 20 );
INSERT INTO "times" VALUES ( 17859, 12740, '09:12:00', NULL, NULL );

INSERT INTO "dias" VALUES ( 17860, 120, FALSE, TRUE, 'M0801A', 12740, 12510 );
INSERT INTO "dias_line_groups" VALUES ( 17860, 10 );
INSERT INTO "times" VALUES ( 17860, 12510, '08:52:00', NULL, NULL );
INSERT INTO "times" VALUES ( 17860, 12520, '08:49:00', '08:49:00', 20 );
INSERT INTO "times" VALUES ( 17860, 12530, '08:47:00', '08:47:00', 20 );
INSERT INTO "times" VALUES ( 17860, 12540, '08:44:00', '08:44:00', 20 );
INSERT INTO "times" VALUES ( 17860, 12610, '08:39:00', '08:39:00', 20 );
INSERT INTO "times" VALUES ( 17860, 12660, '08:35:00', '08:35:00', 20 );
INSERT INTO "times" VALUES ( 17860, 12670, '08:31:00', '08:31:00', 20 );
INSERT INTO "times" VALUES ( 17860, 12680, '08:25:00', '08:28:00', 20 );
INSERT INTO "times" VALUES ( 17860, 12690, '08:23:00', '08:23:00', 20 );
INSERT INTO "times" VALUES ( 17860, 12700, '08:20:00', '08:20:00', 20 );
INSERT INTO "times" VALUES ( 17860, 12710, '08:18:00', '08:19:00', 20 );
INSERT INTO "times" VALUES ( 17860, 12720, '08:15:00', '08:15:00', 20 );
INSERT INTO "times" VALUES ( 17860, 12730, '08:13:00', '08:13:00', 20 );
INSERT INTO "times" VALUES ( 17860, 12740, NULL, '08:10:00', 20 );

INSERT INTO "dias" VALUES ( 17861, 120, FALSE, TRUE, 'M0802R', 12510, 12740 );
INSERT INTO "dias_line_groups" VALUES ( 17861, 10 );
INSERT INTO "times" VALUES ( 17861, 12510, NULL, '08:43:00', 20 );
INSERT INTO "times" VALUES ( 17861, 12520, '08:44:00', '08:44:00', 20 );
INSERT INTO "times" VALUES ( 17861, 12530, '08:46:00', '08:46:00', 20 );
INSERT INTO "times" VALUES ( 17861, 12540, '08:50:00', '08:50:00', 20 );
INSERT INTO "times" VALUES ( 17861, 12610, '08:55:00', '08:55:00', 20 );
INSERT INTO "times" VALUES ( 17861, 12660, '08:59:00', '08:59:00', 20 );
INSERT INTO "times" VALUES ( 17861, 12670, '09:01:00', '09:01:00', 20 );
INSERT INTO "times" VALUES ( 17861, 12680, '09:05:00', '09:08:00', 20 );
INSERT INTO "times" VALUES ( 17861, 12690, '09:11:00', '09:11:00', 20 );
INSERT INTO "times" VALUES ( 17861, 12700, '09:13:00', '09:13:00', 20 );
INSERT INTO "times" VALUES ( 17861, 12710, '09:15:00', '09:16:00', 20 );
INSERT INTO "times" VALUES ( 17861, 12720, '09:18:00', '09:18:00', 20 );
INSERT INTO "times" VALUES ( 17861, 12730, '09:20:00', '09:20:00', 20 );
INSERT INTO "times" VALUES ( 17861, 12740, '09:23:00', NULL, NULL );

INSERT INTO "dias" VALUES ( 17862, 120, FALSE, TRUE, 'M0803A', 12740, 12510 );
INSERT INTO "dias_line_groups" VALUES ( 17862, 10 );
INSERT INTO "times" VALUES ( 17862, 12510, '09:02:00', NULL, NULL );
INSERT INTO "times" VALUES ( 17862, 12520, '09:00:00', '09:00:00', 20 );
INSERT INTO "times" VALUES ( 17862, 12530, '08:58:00', '08:58:00', 20 );
INSERT INTO "times" VALUES ( 17862, 12540, '08:54:00', '08:55:00', 20 );
INSERT INTO "times" VALUES ( 17862, 12610, '08:49:00', '08:49:00', 20 );
INSERT INTO "times" VALUES ( 17862, 12660, '08:45:00', '08:45:00', 20 );
INSERT INTO "times" VALUES ( 17862, 12670, '08:41:00', '08:41:00', 20 );
INSERT INTO "times" VALUES ( 17862, 12680, '08:35:00', '08:38:00', 20 );
INSERT INTO "times" VALUES ( 17862, 12690, '08:32:00', '08:32:00', 20 );
INSERT INTO "times" VALUES ( 17862, 12700, '08:30:00', '08:30:00', 20 );
INSERT INTO "times" VALUES ( 17862, 12710, '08:27:00', '08:28:00', 20 );
INSERT INTO "times" VALUES ( 17862, 12720, '08:25:00', '08:25:00', 20 );
INSERT INTO "times" VALUES ( 17862, 12730, '08:23:00', '08:23:00', 20 );
INSERT INTO "times" VALUES ( 17862, 12740, NULL, '08:20:00', 20 );

INSERT INTO "dias" VALUES ( 17863, 120, FALSE, TRUE, 'M0805A', 12740, 12510 );
INSERT INTO "dias_line_groups" VALUES ( 17863, 10 );
INSERT INTO "times" VALUES ( 17863, 12510, '09:19:00', NULL, NULL );
INSERT INTO "times" VALUES ( 17863, 12520, '09:17:00', '09:17:00', 20 );
INSERT INTO "times" VALUES ( 17863, 12530, '09:15:00', '09:15:00', 20 );
INSERT INTO "times" VALUES ( 17863, 12540, '09:12:00', '09:12:00', 20 );
INSERT INTO "times" VALUES ( 17863, 12610, '09:07:00', '09:07:00', 20 );
INSERT INTO "times" VALUES ( 17863, 12660, '09:02:00', '09:03:00', 20 );
INSERT INTO "times" VALUES ( 17863, 12670, '08:59:00', '08:59:00', 20 );
INSERT INTO "times" VALUES ( 17863, 12680, '08:55:00', '08:56:00', 20 );
INSERT INTO "times" VALUES ( 17863, 12690, '08:53:00', '08:53:00', 20 );
INSERT INTO "times" VALUES ( 17863, 12700, '08:51:00', '08:51:00', 20 );
INSERT INTO "times" VALUES ( 17863, 12710, '08:44:00', '08:49:00', 20 );
INSERT INTO "times" VALUES ( 17863, 12720, '08:41:00', '08:41:00', 20 );
INSERT INTO "times" VALUES ( 17863, 12730, '08:39:00', '08:39:00', 20 );
INSERT INTO "times" VALUES ( 17863, 12740, NULL, '08:36:00', 20 );

INSERT INTO "dias" VALUES ( 17864, 120, FALSE, TRUE, 'M0807A', 12710, 12510 );
INSERT INTO "dias_line_groups" VALUES ( 17864, 10 );
INSERT INTO "times" VALUES ( 17864, 12510, '09:15:00', NULL, NULL );
INSERT INTO "times" VALUES ( 17864, 12520, '09:13:00', '09:13:00', 20 );
INSERT INTO "times" VALUES ( 17864, 12530, '09:11:00', '09:11:00', 20 );
INSERT INTO "times" VALUES ( 17864, 12540, '09:07:00', '09:08:00', 20 );
INSERT INTO "times" VALUES ( 17864, 12610, '09:03:00', '09:03:00', 20 );
INSERT INTO "times" VALUES ( 17864, 12660, '08:58:00', '08:58:00', 20 );
INSERT INTO "times" VALUES ( 17864, 12670, '08:55:00', '08:55:00', 20 );
INSERT INTO "times" VALUES ( 17864, 12680, '08:48:00', '08:52:00', 20 );
INSERT INTO "times" VALUES ( 17864, 12690, '08:46:00', '08:46:00', 20 );
INSERT INTO "times" VALUES ( 17864, 12700, '08:43:00', '08:43:00', 20 );
INSERT INTO "times" VALUES ( 17864, 12710, NULL, '08:42:00', 20 );

INSERT INTO "dias" VALUES ( 17865, 120, FALSE, TRUE, 'M0900R', 12510, 12740 );
INSERT INTO "dias_line_groups" VALUES ( 17865, 10 );
INSERT INTO "times" VALUES ( 17865, 12510, NULL, '09:13:00', 20 );
INSERT INTO "times" VALUES ( 17865, 12520, '09:14:00', '09:14:00', 20 );
INSERT INTO "times" VALUES ( 17865, 12530, '09:16:00', '09:16:00', 20 );
INSERT INTO "times" VALUES ( 17865, 12540, '09:19:00', '09:20:00', 20 );
INSERT INTO "times" VALUES ( 17865, 12610, '09:25:00', '09:25:00', 20 );
INSERT INTO "times" VALUES ( 17865, 12660, '09:29:00', '09:29:00', 20 );
INSERT INTO "times" VALUES ( 17865, 12670, '09:32:00', '09:32:00', 20 );
INSERT INTO "times" VALUES ( 17865, 12680, '09:35:00', '09:38:00', 20 );
INSERT INTO "times" VALUES ( 17865, 12690, '09:41:00', '09:41:00', 20 );
INSERT INTO "times" VALUES ( 17865, 12700, '09:43:00', '09:43:00', 20 );
INSERT INTO "times" VALUES ( 17865, 12710, '09:45:00', '09:46:00', 20 );
INSERT INTO "times" VALUES ( 17865, 12720, '09:48:00', '09:48:00', 20 );
INSERT INTO "times" VALUES ( 17865, 12730, '09:50:00', '09:50:00', 20 );
INSERT INTO "times" VALUES ( 17865, 12740, '09:53:00', NULL, NULL );

INSERT INTO "dias" VALUES ( 17866, 120, FALSE, TRUE, 'M0902H', 12510, 12710 );
INSERT INTO "dias_line_groups" VALUES ( 17866, 10 );
INSERT INTO "times" VALUES ( 17866, 12510, NULL, '09:43:00', 20 );
INSERT INTO "times" VALUES ( 17866, 12520, '09:44:00', '09:44:00', 20 );
INSERT INTO "times" VALUES ( 17866, 12530, '09:46:00', '09:46:00', 20 );
INSERT INTO "times" VALUES ( 17866, 12540, '09:50:00', '09:50:00', 20 );
INSERT INTO "times" VALUES ( 17866, 12610, '09:55:00', '09:55:00', 20 );
INSERT INTO "times" VALUES ( 17866, 12660, '09:59:00', '09:59:00', 20 );
INSERT INTO "times" VALUES ( 17866, 12670, '10:01:00', '10:01:00', 20 );
INSERT INTO "times" VALUES ( 17866, 12680, '10:05:00', '10:08:00', 20 );
INSERT INTO "times" VALUES ( 17866, 12690, '10:11:00', '10:11:00', 20 );
INSERT INTO "times" VALUES ( 17866, 12700, '10:13:00', '10:13:00', 20 );
INSERT INTO "times" VALUES ( 17866, 12710, '10:15:00', NULL, NULL );

INSERT INTO "dias" VALUES ( 17867, 120, FALSE, TRUE, 'M1000H', 12510, 12710 );
INSERT INTO "dias_line_groups" VALUES ( 17867, 10 );
INSERT INTO "times" VALUES ( 17867, 12510, NULL, '10:13:00', 20 );
INSERT INTO "times" VALUES ( 17867, 12520, '10:14:00', '10:14:00', 20 );
INSERT INTO "times" VALUES ( 17867, 12530, '10:16:00', '10:16:00', 20 );
INSERT INTO "times" VALUES ( 17867, 12540, '10:20:00', '10:20:00', 20 );
INSERT INTO "times" VALUES ( 17867, 12610, '10:25:00', '10:25:00', 20 );
INSERT INTO "times" VALUES ( 17867, 12660, '10:29:00', '10:29:00', 20 );
INSERT INTO "times" VALUES ( 17867, 12670, '10:31:00', '10:31:00', 20 );
INSERT INTO "times" VALUES ( 17867, 12680, '10:35:00', '10:38:00', 20 );
INSERT INTO "times" VALUES ( 17867, 12690, '10:41:00', '10:41:00', 20 );
INSERT INTO "times" VALUES ( 17867, 12700, '10:43:00', '10:43:00', 20 );
INSERT INTO "times" VALUES ( 17867, 12710, '10:45:00', NULL, NULL );

INSERT INTO "dias" VALUES ( 17868, 120, FALSE, TRUE, 'M1002H', 12510, 12710 );
INSERT INTO "dias_line_groups" VALUES ( 17868, 10 );
INSERT INTO "times" VALUES ( 17868, 12510, NULL, '10:43:00', 20 );
INSERT INTO "times" VALUES ( 17868, 12520, '10:44:00', '10:44:00', 20 );
INSERT INTO "times" VALUES ( 17868, 12530, '10:46:00', '10:46:00', 20 );
INSERT INTO "times" VALUES ( 17868, 12540, '10:50:00', '10:50:00', 20 );
INSERT INTO "times" VALUES ( 17868, 12610, '10:55:00', '10:55:00', 20 );
INSERT INTO "times" VALUES ( 17868, 12660, '10:59:00', '10:59:00', 20 );
INSERT INTO "times" VALUES ( 17868, 12670, '11:01:00', '11:01:00', 20 );
INSERT INTO "times" VALUES ( 17868, 12680, '11:05:00', '11:08:00', 20 );
INSERT INTO "times" VALUES ( 17868, 12690, '11:11:00', '11:11:00', 20 );
INSERT INTO "times" VALUES ( 17868, 12700, '11:13:00', '11:13:00', 20 );
INSERT INTO "times" VALUES ( 17868, 12710, '11:15:00', NULL, NULL );

INSERT INTO "dias" VALUES ( 17869, 120, FALSE, TRUE, 'M1100H', 12510, 12710 );
INSERT INTO "dias_line_groups" VALUES ( 17869, 10 );
INSERT INTO "times" VALUES ( 17869, 12510, NULL, '11:13:00', 20 );
INSERT INTO "times" VALUES ( 17869, 12520, '11:15:00', '11:15:00', 20 );
INSERT INTO "times" VALUES ( 17869, 12530, '11:17:00', '11:17:00', 20 );
INSERT INTO "times" VALUES ( 17869, 12540, '11:20:00', '11:20:00', 20 );
INSERT INTO "times" VALUES ( 17869, 12610, '11:25:00', '11:25:00', 20 );
INSERT INTO "times" VALUES ( 17869, 12660, '11:29:00', '11:29:00', 20 );
INSERT INTO "times" VALUES ( 17869, 12670, '11:32:00', '11:32:00', 20 );
INSERT INTO "times" VALUES ( 17869, 12680, '11:35:00', '11:39:00', 20 );
INSERT INTO "times" VALUES ( 17869, 12690, '11:41:00', '11:41:00', 20 );
INSERT INTO "times" VALUES ( 17869, 12700, '11:44:00', '11:44:00', 20 );
INSERT INTO "times" VALUES ( 17869, 12710, '11:46:00', NULL, NULL );

INSERT INTO "dias" VALUES ( 17870, 120, FALSE, TRUE, 'M1102H', 12510, 12710 );
INSERT INTO "dias_line_groups" VALUES ( 17870, 10 );
INSERT INTO "times" VALUES ( 17870, 12510, NULL, '11:43:00', 20 );
INSERT INTO "times" VALUES ( 17870, 12520, '11:45:00', '11:45:00', 20 );
INSERT INTO "times" VALUES ( 17870, 12530, '11:47:00', '11:47:00', 20 );
INSERT INTO "times" VALUES ( 17870, 12540, '11:50:00', '11:50:00', 20 );
INSERT INTO "times" VALUES ( 17870, 12610, '11:55:00', '11:55:00', 20 );
INSERT INTO "times" VALUES ( 17870, 12660, '11:59:00', '11:59:00', 20 );
INSERT INTO "times" VALUES ( 17870, 12670, '12:02:00', '12:02:00', 20 );
INSERT INTO "times" VALUES ( 17870, 12680, '12:05:00', '12:09:00', 20 );
INSERT INTO "times" VALUES ( 17870, 12690, '12:11:00', '12:11:00', 20 );
INSERT INTO "times" VALUES ( 17870, 12700, '12:14:00', '12:14:00', 20 );
INSERT INTO "times" VALUES ( 17870, 12710, '12:16:00', NULL, NULL );

INSERT INTO "dias" VALUES ( 17871, 120, FALSE, TRUE, 'M1200H', 12510, 12710 );
INSERT INTO "dias_line_groups" VALUES ( 17871, 10 );
INSERT INTO "times" VALUES ( 17871, 12510, NULL, '12:13:00', 20 );
INSERT INTO "times" VALUES ( 17871, 12520, '12:15:00', '12:15:00', 20 );
INSERT INTO "times" VALUES ( 17871, 12530, '12:17:00', '12:17:00', 20 );
INSERT INTO "times" VALUES ( 17871, 12540, '12:20:00', '12:20:00', 20 );
INSERT INTO "times" VALUES ( 17871, 12610, '12:25:00', '12:25:00', 20 );
INSERT INTO "times" VALUES ( 17871, 12660, '12:29:00', '12:29:00', 20 );
INSERT INTO "times" VALUES ( 17871, 12670, '12:32:00', '12:32:00', 20 );
INSERT INTO "times" VALUES ( 17871, 12680, '12:35:00', '12:39:00', 20 );
INSERT INTO "times" VALUES ( 17871, 12690, '12:41:00', '12:41:00', 20 );
INSERT INTO "times" VALUES ( 17871, 12700, '12:44:00', '12:44:00', 20 );
INSERT INTO "times" VALUES ( 17871, 12710, '12:46:00', NULL, NULL );

INSERT INTO "dias" VALUES ( 17872, 120, FALSE, TRUE, 'M1201A', 12710, 12510 );
INSERT INTO "dias_line_groups" VALUES ( 17872, 10 );
INSERT INTO "times" VALUES ( 17872, 12510, '12:58:00', NULL, NULL );
INSERT INTO "times" VALUES ( 17872, 12520, '12:56:00', '12:56:00', 20 );
INSERT INTO "times" VALUES ( 17872, 12530, '12:55:00', '12:55:00', 20 );
INSERT INTO "times" VALUES ( 17872, 12540, '12:52:00', '12:52:00', 20 );
INSERT INTO "times" VALUES ( 17872, 12610, '12:47:00', '12:47:00', 20 );
INSERT INTO "times" VALUES ( 17872, 12660, '12:41:00', '12:42:00', 20 );
INSERT INTO "times" VALUES ( 17872, 12670, '12:39:00', '12:39:00', 20 );
INSERT INTO "times" VALUES ( 17872, 12680, '12:32:00', '12:36:00', 20 );
INSERT INTO "times" VALUES ( 17872, 12690, '12:30:00', '12:30:00', 20 );
INSERT INTO "times" VALUES ( 17872, 12700, '12:27:00', '12:27:00', 20 );
INSERT INTO "times" VALUES ( 17872, 12710, NULL, '12:25:00', 20 );

INSERT INTO "dias" VALUES ( 17873, 120, FALSE, TRUE, 'M1202H', 12510, 12710 );
INSERT INTO "dias_line_groups" VALUES ( 17873, 10 );
INSERT INTO "times" VALUES ( 17873, 12510, NULL, '12:43:00', 20 );
INSERT INTO "times" VALUES ( 17873, 12520, '12:45:00', '12:45:00', 20 );
INSERT INTO "times" VALUES ( 17873, 12530, '12:47:00', '12:47:00', 20 );
INSERT INTO "times" VALUES ( 17873, 12540, '12:50:00', '12:50:00', 20 );
INSERT INTO "times" VALUES ( 17873, 12610, '12:55:00', '12:55:00', 20 );
INSERT INTO "times" VALUES ( 17873, 12660, '12:59:00', '12:59:00', 20 );
INSERT INTO "times" VALUES ( 17873, 12670, '13:02:00', '13:02:00', 20 );
INSERT INTO "times" VALUES ( 17873, 12680, '13:05:00', '13:09:00', 20 );
INSERT INTO "times" VALUES ( 17873, 12690, '13:11:00', '13:11:00', 20 );
INSERT INTO "times" VALUES ( 17873, 12700, '13:14:00', '13:14:00', 20 );
INSERT INTO "times" VALUES ( 17873, 12710, '13:16:00', NULL, NULL );

INSERT INTO "dias" VALUES ( 17874, 120, FALSE, TRUE, 'M1203A', 12710, 12510 );
INSERT INTO "dias_line_groups" VALUES ( 17874, 10 );
INSERT INTO "times" VALUES ( 17874, 12510, '13:28:00', NULL, NULL );
INSERT INTO "times" VALUES ( 17874, 12520, '13:26:00', '13:26:00', 20 );
INSERT INTO "times" VALUES ( 17874, 12530, '13:25:00', '13:25:00', 20 );
INSERT INTO "times" VALUES ( 17874, 12540, '13:22:00', '13:22:00', 20 );
INSERT INTO "times" VALUES ( 17874, 12610, '13:17:00', '13:17:00', 20 );
INSERT INTO "times" VALUES ( 17874, 12660, '13:11:00', '13:12:00', 20 );
INSERT INTO "times" VALUES ( 17874, 12670, '13:09:00', '13:09:00', 20 );
INSERT INTO "times" VALUES ( 17874, 12680, '13:02:00', '13:06:00', 20 );
INSERT INTO "times" VALUES ( 17874, 12690, '13:00:00', '13:00:00', 20 );
INSERT INTO "times" VALUES ( 17874, 12700, '12:57:00', '12:57:00', 20 );
INSERT INTO "times" VALUES ( 17874, 12710, NULL, '12:55:00', 20 );

INSERT INTO "dias" VALUES ( 17875, 120, FALSE, TRUE, 'M1300H', 12510, 12710 );
INSERT INTO "dias_line_groups" VALUES ( 17875, 10 );
INSERT INTO "times" VALUES ( 17875, 12510, NULL, '13:13:00', 20 );
INSERT INTO "times" VALUES ( 17875, 12520, '13:15:00', '13:15:00', 20 );
INSERT INTO "times" VALUES ( 17875, 12530, '13:17:00', '13:17:00', 20 );
INSERT INTO "times" VALUES ( 17875, 12540, '13:20:00', '13:20:00', 20 );
INSERT INTO "times" VALUES ( 17875, 12610, '13:25:00', '13:25:00', 20 );
INSERT INTO "times" VALUES ( 17875, 12660, '13:29:00', '13:29:00', 20 );
INSERT INTO "times" VALUES ( 17875, 12670, '13:32:00', '13:32:00', 20 );
INSERT INTO "times" VALUES ( 17875, 12680, '13:35:00', '13:39:00', 20 );
INSERT INTO "times" VALUES ( 17875, 12690, '13:41:00', '13:41:00', 20 );
INSERT INTO "times" VALUES ( 17875, 12700, '13:44:00', '13:44:00', 20 );
INSERT INTO "times" VALUES ( 17875, 12710, '13:46:00', NULL, NULL );

INSERT INTO "dias" VALUES ( 17876, 120, FALSE, TRUE, 'M1301A', 12710, 12510 );
INSERT INTO "dias_line_groups" VALUES ( 17876, 10 );
INSERT INTO "times" VALUES ( 17876, 12510, '13:58:00', NULL, NULL );
INSERT INTO "times" VALUES ( 17876, 12520, '13:56:00', '13:56:00', 20 );
INSERT INTO "times" VALUES ( 17876, 12530, '13:55:00', '13:55:00', 20 );
INSERT INTO "times" VALUES ( 17876, 12540, '13:52:00', '13:52:00', 20 );
INSERT INTO "times" VALUES ( 17876, 12610, '13:47:00', '13:47:00', 20 );
INSERT INTO "times" VALUES ( 17876, 12660, '13:41:00', '13:42:00', 20 );
INSERT INTO "times" VALUES ( 17876, 12670, '13:39:00', '13:39:00', 20 );
INSERT INTO "times" VALUES ( 17876, 12680, '13:32:00', '13:36:00', 20 );
INSERT INTO "times" VALUES ( 17876, 12690, '13:30:00', '13:30:00', 20 );
INSERT INTO "times" VALUES ( 17876, 12700, '13:27:00', '13:27:00', 20 );
INSERT INTO "times" VALUES ( 17876, 12710, NULL, '13:25:00', 20 );

INSERT INTO "dias" VALUES ( 17877, 120, FALSE, TRUE, 'M1302H', 12510, 12710 );
INSERT INTO "dias_line_groups" VALUES ( 17877, 10 );
INSERT INTO "times" VALUES ( 17877, 12510, NULL, '13:43:00', 20 );
INSERT INTO "times" VALUES ( 17877, 12520, '13:45:00', '13:45:00', 20 );
INSERT INTO "times" VALUES ( 17877, 12530, '13:47:00', '13:47:00', 20 );
INSERT INTO "times" VALUES ( 17877, 12540, '13:50:00', '13:50:00', 20 );
INSERT INTO "times" VALUES ( 17877, 12610, '13:55:00', '13:55:00', 20 );
INSERT INTO "times" VALUES ( 17877, 12660, '13:59:00', '13:59:00', 20 );
INSERT INTO "times" VALUES ( 17877, 12670, '14:02:00', '14:02:00', 20 );
INSERT INTO "times" VALUES ( 17877, 12680, '14:05:00', '14:09:00', 20 );
INSERT INTO "times" VALUES ( 17877, 12690, '14:11:00', '14:11:00', 20 );
INSERT INTO "times" VALUES ( 17877, 12700, '14:14:00', '14:14:00', 20 );
INSERT INTO "times" VALUES ( 17877, 12710, '14:16:00', NULL, NULL );

INSERT INTO "dias" VALUES ( 17878, 120, FALSE, TRUE, 'M1303A', 12710, 12510 );
INSERT INTO "dias_line_groups" VALUES ( 17878, 10 );
INSERT INTO "times" VALUES ( 17878, 12510, '14:28:00', NULL, NULL );
INSERT INTO "times" VALUES ( 17878, 12520, '14:26:00', '14:26:00', 20 );
INSERT INTO "times" VALUES ( 17878, 12530, '14:25:00', '14:25:00', 20 );
INSERT INTO "times" VALUES ( 17878, 12540, '14:22:00', '14:22:00', 20 );
INSERT INTO "times" VALUES ( 17878, 12610, '14:17:00', '14:17:00', 20 );
INSERT INTO "times" VALUES ( 17878, 12660, '14:11:00', '14:12:00', 20 );
INSERT INTO "times" VALUES ( 17878, 12670, '14:09:00', '14:09:00', 20 );
INSERT INTO "times" VALUES ( 17878, 12680, '14:02:00', '14:06:00', 20 );
INSERT INTO "times" VALUES ( 17878, 12690, '14:00:00', '14:00:00', 20 );
INSERT INTO "times" VALUES ( 17878, 12700, '13:57:00', '13:57:00', 20 );
INSERT INTO "times" VALUES ( 17878, 12710, NULL, '13:55:00', 20 );

INSERT INTO "dias" VALUES ( 17879, 120, FALSE, TRUE, 'M1400H', 12510, 12710 );
INSERT INTO "dias_line_groups" VALUES ( 17879, 10 );
INSERT INTO "times" VALUES ( 17879, 12510, NULL, '14:13:00', 20 );
INSERT INTO "times" VALUES ( 17879, 12520, '14:15:00', '14:15:00', 20 );
INSERT INTO "times" VALUES ( 17879, 12530, '14:17:00', '14:17:00', 20 );
INSERT INTO "times" VALUES ( 17879, 12540, '14:20:00', '14:20:00', 20 );
INSERT INTO "times" VALUES ( 17879, 12610, '14:25:00', '14:25:00', 20 );
INSERT INTO "times" VALUES ( 17879, 12660, '14:29:00', '14:29:00', 20 );
INSERT INTO "times" VALUES ( 17879, 12670, '14:32:00', '14:32:00', 20 );
INSERT INTO "times" VALUES ( 17879, 12680, '14:35:00', '14:39:00', 20 );
INSERT INTO "times" VALUES ( 17879, 12690, '14:41:00', '14:41:00', 20 );
INSERT INTO "times" VALUES ( 17879, 12700, '14:44:00', '14:44:00', 20 );
INSERT INTO "times" VALUES ( 17879, 12710, '14:46:00', NULL, NULL );

INSERT INTO "dias" VALUES ( 17880, 120, FALSE, TRUE, 'M1401A', 12710, 12510 );
INSERT INTO "dias_line_groups" VALUES ( 17880, 10 );
INSERT INTO "times" VALUES ( 17880, 12510, '14:58:00', NULL, NULL );
INSERT INTO "times" VALUES ( 17880, 12520, '14:56:00', '14:56:00', 20 );
INSERT INTO "times" VALUES ( 17880, 12530, '14:55:00', '14:55:00', 20 );
INSERT INTO "times" VALUES ( 17880, 12540, '14:52:00', '14:52:00', 20 );
INSERT INTO "times" VALUES ( 17880, 12610, '14:47:00', '14:47:00', 20 );
INSERT INTO "times" VALUES ( 17880, 12660, '14:41:00', '14:42:00', 20 );
INSERT INTO "times" VALUES ( 17880, 12670, '14:39:00', '14:39:00', 20 );
INSERT INTO "times" VALUES ( 17880, 12680, '14:32:00', '14:36:00', 20 );
INSERT INTO "times" VALUES ( 17880, 12690, '14:30:00', '14:30:00', 20 );
INSERT INTO "times" VALUES ( 17880, 12700, '14:27:00', '14:27:00', 20 );
INSERT INTO "times" VALUES ( 17880, 12710, NULL, '14:25:00', 20 );

INSERT INTO "dias" VALUES ( 17881, 120, FALSE, TRUE, 'M1402H', 12510, 12710 );
INSERT INTO "dias_line_groups" VALUES ( 17881, 10 );
INSERT INTO "times" VALUES ( 17881, 12510, NULL, '14:43:00', 20 );
INSERT INTO "times" VALUES ( 17881, 12520, '14:45:00', '14:45:00', 20 );
INSERT INTO "times" VALUES ( 17881, 12530, '14:47:00', '14:47:00', 20 );
INSERT INTO "times" VALUES ( 17881, 12540, '14:50:00', '14:50:00', 20 );
INSERT INTO "times" VALUES ( 17881, 12610, '14:55:00', '14:55:00', 20 );
INSERT INTO "times" VALUES ( 17881, 12660, '14:59:00', '14:59:00', 20 );
INSERT INTO "times" VALUES ( 17881, 12670, '15:02:00', '15:02:00', 20 );
INSERT INTO "times" VALUES ( 17881, 12680, '15:05:00', '15:09:00', 20 );
INSERT INTO "times" VALUES ( 17881, 12690, '15:11:00', '15:11:00', 20 );
INSERT INTO "times" VALUES ( 17881, 12700, '15:14:00', '15:14:00', 20 );
INSERT INTO "times" VALUES ( 17881, 12710, '15:16:00', NULL, NULL );

INSERT INTO "dias" VALUES ( 17882, 120, FALSE, TRUE, 'M1403A', 12710, 12510 );
INSERT INTO "dias_line_groups" VALUES ( 17882, 10 );
INSERT INTO "times" VALUES ( 17882, 12510, '15:28:00', NULL, NULL );
INSERT INTO "times" VALUES ( 17882, 12520, '15:26:00', '15:26:00', 20 );
INSERT INTO "times" VALUES ( 17882, 12530, '15:25:00', '15:25:00', 20 );
INSERT INTO "times" VALUES ( 17882, 12540, '15:22:00', '15:22:00', 20 );
INSERT INTO "times" VALUES ( 17882, 12610, '15:17:00', '15:17:00', 20 );
INSERT INTO "times" VALUES ( 17882, 12660, '15:11:00', '15:12:00', 20 );
INSERT INTO "times" VALUES ( 17882, 12670, '15:09:00', '15:09:00', 20 );
INSERT INTO "times" VALUES ( 17882, 12680, '15:02:00', '15:06:00', 20 );
INSERT INTO "times" VALUES ( 17882, 12690, '15:00:00', '15:00:00', 20 );
INSERT INTO "times" VALUES ( 17882, 12700, '14:57:00', '14:57:00', 20 );
INSERT INTO "times" VALUES ( 17882, 12710, NULL, '14:55:00', 20 );

INSERT INTO "dias" VALUES ( 17883, 120, FALSE, TRUE, 'M1500H', 12510, 12710 );
INSERT INTO "dias_line_groups" VALUES ( 17883, 10 );
INSERT INTO "times" VALUES ( 17883, 12510, NULL, '15:13:00', 20 );
INSERT INTO "times" VALUES ( 17883, 12520, '15:15:00', '15:15:00', 20 );
INSERT INTO "times" VALUES ( 17883, 12530, '15:17:00', '15:17:00', 20 );
INSERT INTO "times" VALUES ( 17883, 12540, '15:20:00', '15:20:00', 20 );
INSERT INTO "times" VALUES ( 17883, 12610, '15:25:00', '15:25:00', 20 );
INSERT INTO "times" VALUES ( 17883, 12660, '15:29:00', '15:29:00', 20 );
INSERT INTO "times" VALUES ( 17883, 12670, '15:32:00', '15:32:00', 20 );
INSERT INTO "times" VALUES ( 17883, 12680, '15:35:00', '15:39:00', 20 );
INSERT INTO "times" VALUES ( 17883, 12690, '15:41:00', '15:41:00', 20 );
INSERT INTO "times" VALUES ( 17883, 12700, '15:44:00', '15:44:00', 20 );
INSERT INTO "times" VALUES ( 17883, 12710, '15:46:00', NULL, NULL );

INSERT INTO "dias" VALUES ( 17884, 120, FALSE, TRUE, 'M1501A', 12710, 12510 );
INSERT INTO "dias_line_groups" VALUES ( 17884, 10 );
INSERT INTO "times" VALUES ( 17884, 12510, '15:58:00', NULL, NULL );
INSERT INTO "times" VALUES ( 17884, 12520, '15:56:00', '15:56:00', 20 );
INSERT INTO "times" VALUES ( 17884, 12530, '15:55:00', '15:55:00', 20 );
INSERT INTO "times" VALUES ( 17884, 12540, '15:52:00', '15:52:00', 20 );
INSERT INTO "times" VALUES ( 17884, 12610, '15:47:00', '15:47:00', 20 );
INSERT INTO "times" VALUES ( 17884, 12660, '15:41:00', '15:42:00', 20 );
INSERT INTO "times" VALUES ( 17884, 12670, '15:39:00', '15:39:00', 20 );
INSERT INTO "times" VALUES ( 17884, 12680, '15:32:00', '15:36:00', 20 );
INSERT INTO "times" VALUES ( 17884, 12690, '15:30:00', '15:30:00', 20 );
INSERT INTO "times" VALUES ( 17884, 12700, '15:27:00', '15:27:00', 20 );
INSERT INTO "times" VALUES ( 17884, 12710, NULL, '15:25:00', 20 );

INSERT INTO "dias" VALUES ( 17885, 120, FALSE, TRUE, 'M1503A', 12710, 12510 );
INSERT INTO "dias_line_groups" VALUES ( 17885, 10 );
INSERT INTO "times" VALUES ( 17885, 12510, '16:29:00', NULL, NULL );
INSERT INTO "times" VALUES ( 17885, 12520, '16:26:00', '16:26:00', 20 );
INSERT INTO "times" VALUES ( 17885, 12530, '16:24:00', '16:24:00', 20 );
INSERT INTO "times" VALUES ( 17885, 12540, '16:21:00', '16:21:00', 20 );
INSERT INTO "times" VALUES ( 17885, 12610, '16:16:00', '16:16:00', 20 );
INSERT INTO "times" VALUES ( 17885, 12660, '16:12:00', '16:12:00', 20 );
INSERT INTO "times" VALUES ( 17885, 12670, '16:09:00', '16:09:00', 20 );
INSERT INTO "times" VALUES ( 17885, 12680, '16:02:00', '16:06:00', 20 );
INSERT INTO "times" VALUES ( 17885, 12690, '16:00:00', '16:00:00', 20 );
INSERT INTO "times" VALUES ( 17885, 12700, '15:57:00', '15:57:00', 20 );
INSERT INTO "times" VALUES ( 17885, 12710, NULL, '15:55:00', 20 );

INSERT INTO "dias" VALUES ( 17886, 120, FALSE, TRUE, 'M1601A', 12740, 12510 );
INSERT INTO "dias_line_groups" VALUES ( 17886, 10 );
INSERT INTO "times" VALUES ( 17886, 12510, '17:19:00', NULL, NULL );
INSERT INTO "times" VALUES ( 17886, 12520, '17:17:00', '17:17:00', 20 );
INSERT INTO "times" VALUES ( 17886, 12530, '17:15:00', '17:15:00', 20 );
INSERT INTO "times" VALUES ( 17886, 12540, '17:12:00', '17:12:00', 20 );
INSERT INTO "times" VALUES ( 17886, 12610, '17:07:00', '17:07:00', 20 );
INSERT INTO "times" VALUES ( 17886, 12660, '17:03:00', '17:03:00', 20 );
INSERT INTO "times" VALUES ( 17886, 12670, '17:00:00', '17:00:00', 20 );
INSERT INTO "times" VALUES ( 17886, 12680, '16:53:00', '16:57:00', 20 );
INSERT INTO "times" VALUES ( 17886, 12690, '16:51:00', '16:51:00', 20 );
INSERT INTO "times" VALUES ( 17886, 12700, '16:48:00', '16:48:00', 20 );
INSERT INTO "times" VALUES ( 17886, 12710, '16:47:00', '16:47:00', 20 );
INSERT INTO "times" VALUES ( 17886, 12720, '16:44:00', '16:44:00', 20 );
INSERT INTO "times" VALUES ( 17886, 12730, '16:41:00', '16:41:00', 20 );
INSERT INTO "times" VALUES ( 17886, 12740, NULL, '16:39:00', 20 );

INSERT INTO "dias" VALUES ( 17887, 120, FALSE, TRUE, 'M1701A', 12740, 12510 );
INSERT INTO "dias_line_groups" VALUES ( 17887, 10 );
INSERT INTO "times" VALUES ( 17887, 12510, '18:19:00', NULL, NULL );
INSERT INTO "times" VALUES ( 17887, 12520, '18:17:00', '18:17:00', 20 );
INSERT INTO "times" VALUES ( 17887, 12530, '18:15:00', '18:15:00', 20 );
INSERT INTO "times" VALUES ( 17887, 12540, '18:12:00', '18:12:00', 20 );
INSERT INTO "times" VALUES ( 17887, 12610, '18:07:00', '18:07:00', 20 );
INSERT INTO "times" VALUES ( 17887, 12660, '18:02:00', '18:03:00', 20 );
INSERT INTO "times" VALUES ( 17887, 12670, '17:59:00', '17:59:00', 20 );
INSERT INTO "times" VALUES ( 17887, 12680, '17:53:00', '17:56:00', 20 );
INSERT INTO "times" VALUES ( 17887, 12690, '17:51:00', '17:51:00', 20 );
INSERT INTO "times" VALUES ( 17887, 12700, '17:48:00', '17:48:00', 20 );
INSERT INTO "times" VALUES ( 17887, 12710, '17:47:00', '17:47:00', 20 );
INSERT INTO "times" VALUES ( 17887, 12720, '17:44:00', '17:44:00', 20 );
INSERT INTO "times" VALUES ( 17887, 12730, '17:41:00', '17:41:00', 20 );
INSERT INTO "times" VALUES ( 17887, 12740, NULL, '17:39:00', 20 );

INSERT INTO "dias" VALUES ( 17888, 120, FALSE, TRUE, 'M1703A', 12710, 12510 );
INSERT INTO "dias_line_groups" VALUES ( 17888, 10 );
INSERT INTO "times" VALUES ( 17888, 12510, '18:28:00', NULL, NULL );
INSERT INTO "times" VALUES ( 17888, 12520, '18:26:00', '18:26:00', 20 );
INSERT INTO "times" VALUES ( 17888, 12530, '18:24:00', '18:24:00', 20 );
INSERT INTO "times" VALUES ( 17888, 12540, '18:21:00', '18:21:00', 20 );
INSERT INTO "times" VALUES ( 17888, 12610, '18:16:00', '18:16:00', 20 );
INSERT INTO "times" VALUES ( 17888, 12660, '18:12:00', '18:12:00', 20 );
INSERT INTO "times" VALUES ( 17888, 12670, '18:09:00', '18:09:00', 20 );
INSERT INTO "times" VALUES ( 17888, 12680, '18:03:00', '18:06:00', 20 );
INSERT INTO "times" VALUES ( 17888, 12690, '18:00:00', '18:00:00', 20 );
INSERT INTO "times" VALUES ( 17888, 12700, '17:58:00', '17:58:00', 20 );
INSERT INTO "times" VALUES ( 17888, 12710, NULL, '17:56:00', 20 );

INSERT INTO "dias" VALUES ( 17889, 120, FALSE, TRUE, 'M1801A', 12740, 12510 );
INSERT INTO "dias_line_groups" VALUES ( 17889, 10 );
INSERT INTO "times" VALUES ( 17889, 12510, '18:49:00', NULL, NULL );
INSERT INTO "times" VALUES ( 17889, 12520, '18:47:00', '18:47:00', 20 );
INSERT INTO "times" VALUES ( 17889, 12530, '18:45:00', '18:45:00', 20 );
INSERT INTO "times" VALUES ( 17889, 12540, '18:42:00', '18:42:00', 20 );
INSERT INTO "times" VALUES ( 17889, 12610, '18:37:00', '18:37:00', 20 );
INSERT INTO "times" VALUES ( 17889, 12660, '18:32:00', '18:33:00', 20 );
INSERT INTO "times" VALUES ( 17889, 12670, '18:29:00', '18:29:00', 20 );
INSERT INTO "times" VALUES ( 17889, 12680, '18:23:00', '18:26:00', 20 );
INSERT INTO "times" VALUES ( 17889, 12690, '18:21:00', '18:21:00', 20 );
INSERT INTO "times" VALUES ( 17889, 12700, '18:18:00', '18:18:00', 20 );
INSERT INTO "times" VALUES ( 17889, 12710, '18:17:00', '18:17:00', 20 );
INSERT INTO "times" VALUES ( 17889, 12720, '18:14:00', '18:14:00', 20 );
INSERT INTO "times" VALUES ( 17889, 12730, '18:11:00', '18:11:00', 20 );
INSERT INTO "times" VALUES ( 17889, 12740, NULL, '18:09:00', 20 );

INSERT INTO "dias" VALUES ( 17890, 120, FALSE, TRUE, 'M1803A', 12710, 12510 );
INSERT INTO "dias_line_groups" VALUES ( 17890, 10 );
INSERT INTO "times" VALUES ( 17890, 12510, '18:58:00', NULL, NULL );
INSERT INTO "times" VALUES ( 17890, 12520, '18:56:00', '18:56:00', 20 );
INSERT INTO "times" VALUES ( 17890, 12530, '18:55:00', '18:55:00', 20 );
INSERT INTO "times" VALUES ( 17890, 12540, '18:52:00', '18:52:00', 20 );
INSERT INTO "times" VALUES ( 17890, 12610, '18:47:00', '18:47:00', 20 );
INSERT INTO "times" VALUES ( 17890, 12660, '18:41:00', '18:42:00', 20 );
INSERT INTO "times" VALUES ( 17890, 12670, '18:39:00', '18:39:00', 20 );
INSERT INTO "times" VALUES ( 17890, 12680, '18:33:00', '18:36:00', 20 );
INSERT INTO "times" VALUES ( 17890, 12690, '18:30:00', '18:30:00', 20 );
INSERT INTO "times" VALUES ( 17890, 12700, '18:28:00', '18:28:00', 20 );
INSERT INTO "times" VALUES ( 17890, 12710, NULL, '18:26:00', 20 );

INSERT INTO "dias" VALUES ( 17891, 120, FALSE, TRUE, 'M1805A', 12710, 12510 );
INSERT INTO "dias_line_groups" VALUES ( 17891, 10 );
INSERT INTO "times" VALUES ( 17891, 12510, '19:28:00', NULL, NULL );
INSERT INTO "times" VALUES ( 17891, 12520, '19:26:00', '19:26:00', 20 );
INSERT INTO "times" VALUES ( 17891, 12530, '19:25:00', '19:25:00', 20 );
INSERT INTO "times" VALUES ( 17891, 12540, '19:22:00', '19:22:00', 20 );
INSERT INTO "times" VALUES ( 17891, 12610, '19:17:00', '19:17:00', 20 );
INSERT INTO "times" VALUES ( 17891, 12660, '19:11:00', '19:12:00', 20 );
INSERT INTO "times" VALUES ( 17891, 12670, '19:09:00', '19:09:00', 20 );
INSERT INTO "times" VALUES ( 17891, 12680, '19:03:00', '19:06:00', 20 );
INSERT INTO "times" VALUES ( 17891, 12690, '19:00:00', '19:00:00', 20 );
INSERT INTO "times" VALUES ( 17891, 12700, '18:58:00', '18:58:00', 20 );
INSERT INTO "times" VALUES ( 17891, 12710, NULL, '18:56:00', 20 );

INSERT INTO "dias" VALUES ( 17892, 120, FALSE, TRUE, 'M2200Y', 12510, 12770 );
INSERT INTO "dias_line_groups" VALUES ( 17892, 10 );
INSERT INTO "times" VALUES ( 17892, 12510, NULL, '22:12:00', 20 );
INSERT INTO "times" VALUES ( 17892, 12520, '22:13:00', '22:13:00', 20 );
INSERT INTO "times" VALUES ( 17892, 12530, '22:15:00', '22:15:00', 20 );
INSERT INTO "times" VALUES ( 17892, 12540, '22:19:00', '22:19:00', 20 );
INSERT INTO "times" VALUES ( 17892, 12610, '22:24:00', '22:24:00', 20 );
INSERT INTO "times" VALUES ( 17892, 12660, '22:28:00', '22:28:00', 20 );
INSERT INTO "times" VALUES ( 17892, 12670, '22:31:00', '22:31:00', 20 );
INSERT INTO "times" VALUES ( 17892, 12680, '22:34:00', '22:34:00', 20 );
INSERT INTO "times" VALUES ( 17892, 12690, '22:36:00', '22:36:00', 20 );
INSERT INTO "times" VALUES ( 17892, 12700, '22:38:00', '22:38:00', 20 );
INSERT INTO "times" VALUES ( 17892, 12710, '22:40:00', '22:44:00', 20 );
INSERT INTO "times" VALUES ( 17892, 12720, '22:46:00', '22:46:00', 20 );
INSERT INTO "times" VALUES ( 17892, 12730, '22:48:00', '22:48:00', 20 );
INSERT INTO "times" VALUES ( 17892, 12740, '22:52:00', '22:52:00', 20 );
INSERT INTO "times" VALUES ( 17892, 12750, '22:54:00', '22:54:00', 20 );
INSERT INTO "times" VALUES ( 17892, 12760, '22:57:00', '22:57:00', 20 );
INSERT INTO "times" VALUES ( 17892, 12770, '23:01:00', NULL, NULL );

INSERT INTO "dias" VALUES ( 17893, 120, FALSE, TRUE, 'M2201A', 12770, 12510 );
INSERT INTO "dias_line_groups" VALUES ( 17893, 10 );
INSERT INTO "times" VALUES ( 17893, 12510, '23:30:00', NULL, NULL );
INSERT INTO "times" VALUES ( 17893, 12520, '23:27:00', '23:27:00', 20 );
INSERT INTO "times" VALUES ( 17893, 12530, '23:26:00', '23:26:00', 20 );
INSERT INTO "times" VALUES ( 17893, 12540, '23:23:00', '23:23:00', 20 );
INSERT INTO "times" VALUES ( 17893, 12610, '23:18:00', '23:18:00', 20 );
INSERT INTO "times" VALUES ( 17893, 12660, '23:13:00', '23:13:00', 20 );
INSERT INTO "times" VALUES ( 17893, 12670, '23:10:00', '23:10:00', 20 );
INSERT INTO "times" VALUES ( 17893, 12680, '23:07:00', '23:07:00', 20 );
INSERT INTO "times" VALUES ( 17893, 12690, '23:05:00', '23:05:00', 20 );
INSERT INTO "times" VALUES ( 17893, 12700, '23:02:00', '23:02:00', 20 );
INSERT INTO "times" VALUES ( 17893, 12710, '22:56:00', '23:00:00', 20 );
INSERT INTO "times" VALUES ( 17893, 12720, '22:53:00', '22:53:00', 20 );
INSERT INTO "times" VALUES ( 17893, 12730, '22:51:00', '22:51:00', 20 );
INSERT INTO "times" VALUES ( 17893, 12740, '22:49:00', '22:49:00', 20 );
INSERT INTO "times" VALUES ( 17893, 12750, '22:45:00', '22:45:00', 20 );
INSERT INTO "times" VALUES ( 17893, 12760, '22:43:00', '22:43:00', 20 );
INSERT INTO "times" VALUES ( 17893, 12770, NULL, '22:39:00', 20 );

INSERT INTO "dias" VALUES ( 17894, 120, FALSE, TRUE, 'M2202Y', 12510, 12770 );
INSERT INTO "dias_line_groups" VALUES ( 17894, 10 );
INSERT INTO "times" VALUES ( 17894, 12510, NULL, '22:31:00', 20 );
INSERT INTO "times" VALUES ( 17894, 12520, '22:33:00', '22:33:00', 20 );
INSERT INTO "times" VALUES ( 17894, 12530, '22:35:00', '22:35:00', 20 );
INSERT INTO "times" VALUES ( 17894, 12540, '22:37:00', '22:38:00', 20 );
INSERT INTO "times" VALUES ( 17894, 12610, '22:43:00', '22:43:00', 20 );
INSERT INTO "times" VALUES ( 17894, 12660, '22:48:00', '22:48:00', 20 );
INSERT INTO "times" VALUES ( 17894, 12670, '22:50:00', '22:50:00', 20 );
INSERT INTO "times" VALUES ( 17894, 12680, '22:54:00', '22:54:00', 20 );
INSERT INTO "times" VALUES ( 17894, 12690, '22:55:00', '22:55:00', 20 );
INSERT INTO "times" VALUES ( 17894, 12700, '22:58:00', '22:58:00', 20 );
INSERT INTO "times" VALUES ( 17894, 12710, '23:00:00', '23:04:00', 20 );
INSERT INTO "times" VALUES ( 17894, 12720, '23:06:00', '23:06:00', 20 );
INSERT INTO "times" VALUES ( 17894, 12730, '23:08:00', '23:08:00', 20 );
INSERT INTO "times" VALUES ( 17894, 12740, '23:11:00', '23:12:00', 20 );
INSERT INTO "times" VALUES ( 17894, 12750, '23:14:00', '23:14:00', 20 );
INSERT INTO "times" VALUES ( 17894, 12760, '23:17:00', '23:17:00', 20 );
INSERT INTO "times" VALUES ( 17894, 12770, '23:21:00', NULL, NULL );

INSERT INTO "dias" VALUES ( 17895, 120, FALSE, TRUE, 'M2300Y', 12510, 12770 );
INSERT INTO "dias_line_groups" VALUES ( 17895, 10 );
INSERT INTO "times" VALUES ( 17895, 12510, NULL, '23:03:00', 20 );
INSERT INTO "times" VALUES ( 17895, 12520, '23:05:00', '23:05:00', 20 );
INSERT INTO "times" VALUES ( 17895, 12530, '23:07:00', '23:07:00', 20 );
INSERT INTO "times" VALUES ( 17895, 12540, '23:10:00', '23:11:00', 20 );
INSERT INTO "times" VALUES ( 17895, 12610, '23:16:00', '23:16:00', 20 );
INSERT INTO "times" VALUES ( 17895, 12660, '23:20:00', '23:20:00', 20 );
INSERT INTO "times" VALUES ( 17895, 12670, '23:23:00', '23:23:00', 20 );
INSERT INTO "times" VALUES ( 17895, 12680, '23:26:00', '23:26:00', 20 );
INSERT INTO "times" VALUES ( 17895, 12690, '23:28:00', '23:28:00', 20 );
INSERT INTO "times" VALUES ( 17895, 12700, '23:30:00', '23:30:00', 20 );
INSERT INTO "times" VALUES ( 17895, 12710, '23:33:00', '23:33:00', 20 );
INSERT INTO "times" VALUES ( 17895, 12720, '23:34:00', '23:34:00', 20 );
INSERT INTO "times" VALUES ( 17895, 12730, '23:37:00', '23:37:00', 20 );
INSERT INTO "times" VALUES ( 17895, 12740, '23:40:00', '23:40:00', 20 );
INSERT INTO "times" VALUES ( 17895, 12750, '23:43:00', '23:43:00', 20 );
INSERT INTO "times" VALUES ( 17895, 12760, '23:46:00', '23:46:00', 20 );
INSERT INTO "times" VALUES ( 17895, 12770, '23:49:00', NULL, NULL );

INSERT INTO "dias" VALUES ( 17896, 120, FALSE, TRUE, 'M2302Y', 12510, 12770 );
INSERT INTO "dias_line_groups" VALUES ( 17896, 10 );
INSERT INTO "times" VALUES ( 17896, 12510, NULL, '23:44:00', 20 );
INSERT INTO "times" VALUES ( 17896, 12520, '23:45:00', '23:45:00', 20 );
INSERT INTO "times" VALUES ( 17896, 12530, '23:48:00', '23:48:00', 20 );
INSERT INTO "times" VALUES ( 17896, 12540, '23:51:00', '23:51:00', 20 );
INSERT INTO "times" VALUES ( 17896, 12610, '23:56:00', '23:56:00', 20 );
INSERT INTO "times" VALUES ( 17896, 12660, '00:01:00', '00:01:00', 20 );
INSERT INTO "times" VALUES ( 17896, 12670, '00:03:00', '00:03:00', 20 );
INSERT INTO "times" VALUES ( 17896, 12680, '00:06:00', '00:06:00', 20 );
INSERT INTO "times" VALUES ( 17896, 12690, '00:08:00', '00:08:00', 20 );
INSERT INTO "times" VALUES ( 17896, 12700, '00:10:00', '00:10:00', 20 );
INSERT INTO "times" VALUES ( 17896, 12710, '00:12:00', '00:16:00', 20 );
INSERT INTO "times" VALUES ( 17896, 12720, '00:18:00', '00:18:00', 20 );
INSERT INTO "times" VALUES ( 17896, 12730, '00:20:00', '00:20:00', 20 );
INSERT INTO "times" VALUES ( 17896, 12740, '00:24:00', '00:24:00', 20 );
INSERT INTO "times" VALUES ( 17896, 12750, '00:26:00', '00:26:00', 20 );
INSERT INTO "times" VALUES ( 17896, 12760, '00:29:00', '00:29:00', 20 );
INSERT INTO "times" VALUES ( 17896, 12770, '00:33:00', NULL, NULL );

INSERT INTO "dias" VALUES ( 17897, 120, FALSE, TRUE, 'M2304Y', 12510, 12770 );
INSERT INTO "dias_line_groups" VALUES ( 17897, 10 );
INSERT INTO "times" VALUES ( 17897, 12510, NULL, '23:55:00', 20 );
INSERT INTO "times" VALUES ( 17897, 12520, '23:57:00', '23:57:00', 20 );
INSERT INTO "times" VALUES ( 17897, 12530, '23:59:00', '23:59:00', 20 );
INSERT INTO "times" VALUES ( 17897, 12540, '00:02:00', '00:02:00', 20 );
INSERT INTO "times" VALUES ( 17897, 12610, '00:07:00', '00:07:00', 20 );
INSERT INTO "times" VALUES ( 17897, 12660, '00:12:00', '00:12:00', 20 );
INSERT INTO "times" VALUES ( 17897, 12670, '00:14:00', '00:14:00', 20 );
INSERT INTO "times" VALUES ( 17897, 12680, '00:18:00', '00:18:00', 20 );
INSERT INTO "times" VALUES ( 17897, 12690, '00:19:00', '00:19:00', 20 );
INSERT INTO "times" VALUES ( 17897, 12700, '00:22:00', '00:22:00', 20 );
INSERT INTO "times" VALUES ( 17897, 12710, '00:24:00', '00:24:00', 20 );
INSERT INTO "times" VALUES ( 17897, 12720, '00:26:00', '00:26:00', 20 );
INSERT INTO "times" VALUES ( 17897, 12730, '00:28:00', '00:28:00', 20 );
INSERT INTO "times" VALUES ( 17897, 12740, '00:31:00', '00:31:00', 20 );
INSERT INTO "times" VALUES ( 17897, 12750, '00:34:00', '00:34:00', 20 );
INSERT INTO "times" VALUES ( 17897, 12760, '00:37:00', '00:37:00', 20 );
INSERT INTO "times" VALUES ( 17897, 12770, '00:41:00', NULL, NULL );

INSERT INTO "dias" VALUES ( 17898, 120, FALSE, TRUE, 'M2400Y', 12510, 12770 );
INSERT INTO "dias_line_groups" VALUES ( 17898, 10 );
INSERT INTO "times" VALUES ( 17898, 12510, NULL, '00:04:00', 20 );
INSERT INTO "times" VALUES ( 17898, 12520, '00:06:00', '00:06:00', 20 );
INSERT INTO "times" VALUES ( 17898, 12530, '00:08:00', '00:08:00', 20 );
INSERT INTO "times" VALUES ( 17898, 12540, '00:11:00', '00:11:00', 20 );
INSERT INTO "times" VALUES ( 17898, 12610, '00:16:00', '00:16:00', 20 );
INSERT INTO "times" VALUES ( 17898, 12660, '00:21:00', '00:21:00', 20 );
INSERT INTO "times" VALUES ( 17898, 12670, '00:23:00', '00:23:00', 20 );
INSERT INTO "times" VALUES ( 17898, 12680, '00:26:00', '00:26:00', 20 );
INSERT INTO "times" VALUES ( 17898, 12690, '00:28:00', '00:28:00', 20 );
INSERT INTO "times" VALUES ( 17898, 12700, '00:30:00', '00:30:00', 20 );
INSERT INTO "times" VALUES ( 17898, 12710, '00:33:00', '00:33:00', 20 );
INSERT INTO "times" VALUES ( 17898, 12720, '00:35:00', '00:35:00', 20 );
INSERT INTO "times" VALUES ( 17898, 12730, '00:37:00', '00:37:00', 20 );
INSERT INTO "times" VALUES ( 17898, 12740, '00:40:00', '00:40:00', 20 );
INSERT INTO "times" VALUES ( 17898, 12750, '00:43:00', '00:43:00', 20 );
INSERT INTO "times" VALUES ( 17898, 12760, '00:46:00', '00:46:00', 20 );
INSERT INTO "times" VALUES ( 17898, 12770, '00:49:00', NULL, NULL );

INSERT INTO "dias" VALUES ( 17899, 110, FALSE, TRUE, 'P0501B', 12660, 11510 );
INSERT INTO "dias_line_groups" VALUES ( 17899, 10 );
INSERT INTO "times" VALUES ( 17899, 11510, '05:32:00', NULL, NULL );
INSERT INTO "times" VALUES ( 17899, 11520, '05:30:00', '05:30:00', 10 );
INSERT INTO "times" VALUES ( 17899, 11530, '05:28:00', '05:28:00', 10 );
INSERT INTO "times" VALUES ( 17899, 11540, '05:26:00', '05:26:00', 10 );
INSERT INTO "times" VALUES ( 17899, 12530, '05:25:00', '05:25:00', 10 );
INSERT INTO "times" VALUES ( 17899, 12540, '05:21:00', '05:22:00', 20 );
INSERT INTO "times" VALUES ( 17899, 12610, '05:16:00', '05:16:00', 20 );
INSERT INTO "times" VALUES ( 17899, 12620, '05:14:00', '05:14:00', 20 );
INSERT INTO "times" VALUES ( 17899, 12630, '05:12:00', '05:12:00', 20 );
INSERT INTO "times" VALUES ( 17899, 12640, '05:11:00', '05:11:00', 20 );
INSERT INTO "times" VALUES ( 17899, 12650, '05:09:00', '05:09:00', 20 );
INSERT INTO "times" VALUES ( 17899, 12660, NULL, '05:08:00', 20 );

INSERT INTO "dias" VALUES ( 17900, 110, FALSE, TRUE, 'P0503A', 12710, 12510 );
INSERT INTO "dias_line_groups" VALUES ( 17900, 10 );
INSERT INTO "times" VALUES ( 17900, 12510, '05:37:00', NULL, NULL );
INSERT INTO "times" VALUES ( 17900, 12520, '05:35:00', '05:35:00', 20 );
INSERT INTO "times" VALUES ( 17900, 12530, '05:34:00', '05:34:00', 20 );
INSERT INTO "times" VALUES ( 17900, 12540, '05:31:00', '05:31:00', 20 );
INSERT INTO "times" VALUES ( 17900, 12610, '05:26:00', '05:26:00', 20 );
INSERT INTO "times" VALUES ( 17900, 12620, '05:23:00', '05:23:00', 20 );
INSERT INTO "times" VALUES ( 17900, 12630, '05:22:00', '05:22:00', 20 );
INSERT INTO "times" VALUES ( 17900, 12640, '05:20:00', '05:20:00', 20 );
INSERT INTO "times" VALUES ( 17900, 12650, '05:19:00', '05:19:00', 20 );
INSERT INTO "times" VALUES ( 17900, 12660, '05:17:00', '05:17:00', 20 );
INSERT INTO "times" VALUES ( 17900, 12670, '05:14:00', '05:14:00', 20 );
INSERT INTO "times" VALUES ( 17900, 12680, '05:11:00', '05:11:00', 20 );
INSERT INTO "times" VALUES ( 17900, 12690, '05:09:00', '05:09:00', 20 );
INSERT INTO "times" VALUES ( 17900, 12700, '05:07:00', '05:07:00', 20 );
INSERT INTO "times" VALUES ( 17900, 12710, NULL, '05:05:00', 20 );

INSERT INTO "dias" VALUES ( 17901, 110, FALSE, TRUE, 'P0505A', 12660, 12510 );
INSERT INTO "dias_line_groups" VALUES ( 17901, 10 );
INSERT INTO "times" VALUES ( 17901, 12510, '06:10:00', NULL, NULL );
INSERT INTO "times" VALUES ( 17901, 12520, '06:08:00', '06:08:00', 20 );
INSERT INTO "times" VALUES ( 17901, 12530, '06:06:00', '06:06:00', 20 );
INSERT INTO "times" VALUES ( 17901, 12540, '06:03:00', '06:03:00', 20 );
INSERT INTO "times" VALUES ( 17901, 12610, '05:58:00', '05:58:00', 20 );
INSERT INTO "times" VALUES ( 17901, 12620, '05:55:00', '05:55:00', 20 );
INSERT INTO "times" VALUES ( 17901, 12630, '05:53:00', '05:53:00', 20 );
INSERT INTO "times" VALUES ( 17901, 12640, '05:52:00', '05:52:00', 20 );
INSERT INTO "times" VALUES ( 17901, 12650, '05:50:00', '05:50:00', 20 );
INSERT INTO "times" VALUES ( 17901, 12660, NULL, '05:48:00', 20 );

INSERT INTO "dias" VALUES ( 17902, 110, FALSE, TRUE, 'P0601A', 12740, 12510 );
INSERT INTO "dias_line_groups" VALUES ( 17902, 10 );
INSERT INTO "times" VALUES ( 17902, 12510, '07:08:00', NULL, NULL );
INSERT INTO "times" VALUES ( 17902, 12520, '07:06:00', '07:06:00', 20 );
INSERT INTO "times" VALUES ( 17902, 12530, '07:04:00', '07:04:00', 20 );
INSERT INTO "times" VALUES ( 17902, 12540, '07:01:00', '07:01:00', 20 );
INSERT INTO "times" VALUES ( 17902, 12610, '06:56:00', '06:56:00', 20 );
INSERT INTO "times" VALUES ( 17902, 12620, '06:53:00', '06:53:00', 20 );
INSERT INTO "times" VALUES ( 17902, 12630, '06:52:00', '06:52:00', 20 );
INSERT INTO "times" VALUES ( 17902, 12640, '06:50:00', '06:50:00', 20 );
INSERT INTO "times" VALUES ( 17902, 12650, '06:48:00', '06:48:00', 20 );
INSERT INTO "times" VALUES ( 17902, 12660, '06:47:00', '06:47:00', 20 );
INSERT INTO "times" VALUES ( 17902, 12670, '06:43:00', '06:43:00', 20 );
INSERT INTO "times" VALUES ( 17902, 12680, '06:40:00', '06:40:00', 20 );
INSERT INTO "times" VALUES ( 17902, 12690, '06:38:00', '06:38:00', 20 );
INSERT INTO "times" VALUES ( 17902, 12700, '06:35:00', '06:35:00', 20 );
INSERT INTO "times" VALUES ( 17902, 12710, '06:34:00', '06:34:00', 20 );
INSERT INTO "times" VALUES ( 17902, 12720, '06:31:00', '06:31:00', 20 );
INSERT INTO "times" VALUES ( 17902, 12730, '06:28:00', '06:28:00', 20 );
INSERT INTO "times" VALUES ( 17902, 12740, NULL, '06:25:00', 20 );

INSERT INTO "dias" VALUES ( 17903, 110, FALSE, TRUE, 'P0701A', 12660, 12510 );
INSERT INTO "dias_line_groups" VALUES ( 17903, 10 );
INSERT INTO "times" VALUES ( 17903, 12510, '08:07:00', NULL, NULL );
INSERT INTO "times" VALUES ( 17903, 12520, '08:05:00', '08:05:00', 20 );
INSERT INTO "times" VALUES ( 17903, 12530, '08:03:00', '08:03:00', 20 );
INSERT INTO "times" VALUES ( 17903, 12540, '08:00:00', '08:00:00', 20 );
INSERT INTO "times" VALUES ( 17903, 12610, '07:53:00', '07:54:00', 20 );
INSERT INTO "times" VALUES ( 17903, 12620, '07:51:00', '07:51:00', 20 );
INSERT INTO "times" VALUES ( 17903, 12630, '07:50:00', '07:50:00', 20 );
INSERT INTO "times" VALUES ( 17903, 12640, '07:48:00', '07:48:00', 20 );
INSERT INTO "times" VALUES ( 17903, 12650, '07:46:00', '07:46:00', 20 );
INSERT INTO "times" VALUES ( 17903, 12660, NULL, '07:45:00', 20 );

INSERT INTO "dias" VALUES ( 17904, 110, FALSE, TRUE, 'P0800N', 12510, 12660 );
INSERT INTO "dias_line_groups" VALUES ( 17904, 10 );
INSERT INTO "times" VALUES ( 17904, 12510, NULL, '08:05:00', 20 );
INSERT INTO "times" VALUES ( 17904, 12520, '08:06:00', '08:06:00', 20 );
INSERT INTO "times" VALUES ( 17904, 12530, '08:08:00', '08:08:00', 20 );
INSERT INTO "times" VALUES ( 17904, 12540, '08:12:00', '08:12:00', 20 );
INSERT INTO "times" VALUES ( 17904, 12610, '08:17:00', '08:19:00', 20 );
INSERT INTO "times" VALUES ( 17904, 12620, '08:20:00', '08:20:00', 20 );
INSERT INTO "times" VALUES ( 17904, 12630, '08:22:00', '08:22:00', 20 );
INSERT INTO "times" VALUES ( 17904, 12640, '08:23:00', '08:23:00', 20 );
INSERT INTO "times" VALUES ( 17904, 12650, '08:25:00', '08:25:00', 20 );
INSERT INTO "times" VALUES ( 17904, 12660, '08:27:00', NULL, NULL );

INSERT INTO "dias" VALUES ( 17905, 110, FALSE, TRUE, 'P0802N', 12510, 12660 );
INSERT INTO "dias_line_groups" VALUES ( 17905, 10 );
INSERT INTO "times" VALUES ( 17905, 12510, NULL, '08:25:00', 20 );
INSERT INTO "times" VALUES ( 17905, 12520, '08:26:00', '08:26:00', 20 );
INSERT INTO "times" VALUES ( 17905, 12530, '08:28:00', '08:28:00', 20 );
INSERT INTO "times" VALUES ( 17905, 12540, '08:31:00', '08:32:00', 20 );
INSERT INTO "times" VALUES ( 17905, 12610, '08:38:00', '08:39:00', 20 );
INSERT INTO "times" VALUES ( 17905, 12620, '08:40:00', '08:40:00', 20 );
INSERT INTO "times" VALUES ( 17905, 12630, '08:42:00', '08:42:00', 20 );
INSERT INTO "times" VALUES ( 17905, 12640, '08:43:00', '08:43:00', 20 );
INSERT INTO "times" VALUES ( 17905, 12650, '08:45:00', '08:45:00', 20 );
INSERT INTO "times" VALUES ( 17905, 12660, '08:47:00', NULL, NULL );

INSERT INTO "dias" VALUES ( 17906, 110, FALSE, TRUE, 'P0804N', 12510, 12660 );
INSERT INTO "dias_line_groups" VALUES ( 17906, 10 );
INSERT INTO "times" VALUES ( 17906, 12510, NULL, '08:57:00', 20 );
INSERT INTO "times" VALUES ( 17906, 12520, '08:58:00', '08:58:00', 20 );
INSERT INTO "times" VALUES ( 17906, 12530, '09:00:00', '09:00:00', 20 );
INSERT INTO "times" VALUES ( 17906, 12540, '09:03:00', '09:03:00', 20 );
INSERT INTO "times" VALUES ( 17906, 12610, '09:09:00', '09:09:00', 20 );
INSERT INTO "times" VALUES ( 17906, 12620, '09:10:00', '09:10:00', 20 );
INSERT INTO "times" VALUES ( 17906, 12630, '09:12:00', '09:12:00', 20 );
INSERT INTO "times" VALUES ( 17906, 12640, '09:14:00', '09:14:00', 20 );
INSERT INTO "times" VALUES ( 17906, 12650, '09:15:00', '09:15:00', 20 );
INSERT INTO "times" VALUES ( 17906, 12660, '09:17:00', NULL, NULL );

INSERT INTO "dias" VALUES ( 17907, 110, FALSE, TRUE, 'P0900N', 12510, 12660 );
INSERT INTO "dias_line_groups" VALUES ( 17907, 10 );
INSERT INTO "times" VALUES ( 17907, 12510, NULL, '09:17:00', 20 );
INSERT INTO "times" VALUES ( 17907, 12520, '09:18:00', '09:18:00', 20 );
INSERT INTO "times" VALUES ( 17907, 12530, '09:20:00', '09:20:00', 20 );
INSERT INTO "times" VALUES ( 17907, 12540, '09:24:00', '09:24:00', 20 );
INSERT INTO "times" VALUES ( 17907, 12610, '09:29:00', '09:30:00', 20 );
INSERT INTO "times" VALUES ( 17907, 12620, '09:31:00', '09:31:00', 20 );
INSERT INTO "times" VALUES ( 17907, 12630, '09:33:00', '09:33:00', 20 );
INSERT INTO "times" VALUES ( 17907, 12640, '09:35:00', '09:35:00', 20 );
INSERT INTO "times" VALUES ( 17907, 12650, '09:36:00', '09:36:00', 20 );
INSERT INTO "times" VALUES ( 17907, 12660, '09:38:00', NULL, NULL );

INSERT INTO "dias" VALUES ( 17908, 110, FALSE, TRUE, 'P0901A', 12660, 12510 );
INSERT INTO "dias_line_groups" VALUES ( 17908, 10 );
INSERT INTO "times" VALUES ( 17908, 12510, '09:34:00', NULL, NULL );
INSERT INTO "times" VALUES ( 17908, 12520, '09:32:00', '09:32:00', 20 );
INSERT INTO "times" VALUES ( 17908, 12530, '09:31:00', '09:31:00', 20 );
INSERT INTO "times" VALUES ( 17908, 12540, '09:28:00', '09:28:00', 20 );
INSERT INTO "times" VALUES ( 17908, 12610, '09:22:00', '09:22:00', 20 );
INSERT INTO "times" VALUES ( 17908, 12620, '09:19:00', '09:19:00', 20 );
INSERT INTO "times" VALUES ( 17908, 12630, '09:18:00', '09:18:00', 20 );
INSERT INTO "times" VALUES ( 17908, 12640, '09:16:00', '09:16:00', 20 );
INSERT INTO "times" VALUES ( 17908, 12650, '09:14:00', '09:14:00', 20 );
INSERT INTO "times" VALUES ( 17908, 12660, NULL, '09:13:00', 20 );

INSERT INTO "dias" VALUES ( 17909, 110, FALSE, TRUE, 'P0902N', 12510, 12660 );
INSERT INTO "dias_line_groups" VALUES ( 17909, 10 );
INSERT INTO "times" VALUES ( 17909, 12510, NULL, '09:37:00', 20 );
INSERT INTO "times" VALUES ( 17909, 12520, '09:39:00', '09:39:00', 20 );
INSERT INTO "times" VALUES ( 17909, 12530, '09:41:00', '09:41:00', 20 );
INSERT INTO "times" VALUES ( 17909, 12540, '09:44:00', '09:44:00', 20 );
INSERT INTO "times" VALUES ( 17909, 12610, '09:50:00', '09:50:00', 20 );
INSERT INTO "times" VALUES ( 17909, 12620, '09:51:00', '09:51:00', 20 );
INSERT INTO "times" VALUES ( 17909, 12630, '09:53:00', '09:53:00', 20 );
INSERT INTO "times" VALUES ( 17909, 12640, '09:54:00', '09:54:00', 20 );
INSERT INTO "times" VALUES ( 17909, 12650, '09:56:00', '09:56:00', 20 );
INSERT INTO "times" VALUES ( 17909, 12660, '09:58:00', NULL, NULL );

INSERT INTO "dias" VALUES ( 17910, 110, FALSE, TRUE, 'P0903A', 12660, 12510 );
INSERT INTO "dias_line_groups" VALUES ( 17910, 10 );
INSERT INTO "times" VALUES ( 17910, 12510, '10:04:00', NULL, NULL );
INSERT INTO "times" VALUES ( 17910, 12520, '10:02:00', '10:02:00', 20 );
INSERT INTO "times" VALUES ( 17910, 12530, '10:01:00', '10:01:00', 20 );
INSERT INTO "times" VALUES ( 17910, 12540, '09:58:00', '09:58:00', 20 );
INSERT INTO "times" VALUES ( 17910, 12610, '09:52:00', '09:52:00', 20 );
INSERT INTO "times" VALUES ( 17910, 12620, '09:49:00', '09:49:00', 20 );
INSERT INTO "times" VALUES ( 17910, 12630, '09:48:00', '09:48:00', 20 );
INSERT INTO "times" VALUES ( 17910, 12640, '09:46:00', '09:46:00', 20 );
INSERT INTO "times" VALUES ( 17910, 12650, '09:44:00', '09:44:00', 20 );
INSERT INTO "times" VALUES ( 17910, 12660, NULL, '09:43:00', 20 );

INSERT INTO "dias" VALUES ( 17911, 110, FALSE, TRUE, 'P1000N', 12510, 12660 );
INSERT INTO "dias_line_groups" VALUES ( 17911, 10 );
INSERT INTO "times" VALUES ( 17911, 12510, NULL, '10:07:00', 20 );
INSERT INTO "times" VALUES ( 17911, 12520, '10:09:00', '10:09:00', 20 );
INSERT INTO "times" VALUES ( 17911, 12530, '10:11:00', '10:11:00', 20 );
INSERT INTO "times" VALUES ( 17911, 12540, '10:14:00', '10:14:00', 20 );
INSERT INTO "times" VALUES ( 17911, 12610, '10:20:00', '10:20:00', 20 );
INSERT INTO "times" VALUES ( 17911, 12620, '10:21:00', '10:21:00', 20 );
INSERT INTO "times" VALUES ( 17911, 12630, '10:23:00', '10:23:00', 20 );
INSERT INTO "times" VALUES ( 17911, 12640, '10:24:00', '10:24:00', 20 );
INSERT INTO "times" VALUES ( 17911, 12650, '10:26:00', '10:26:00', 20 );
INSERT INTO "times" VALUES ( 17911, 12660, '10:28:00', NULL, NULL );

INSERT INTO "dias" VALUES ( 17912, 110, FALSE, TRUE, 'P1600N', 12510, 12660 );
INSERT INTO "dias_line_groups" VALUES ( 17912, 10 );
INSERT INTO "times" VALUES ( 17912, 12510, NULL, '16:37:00', 20 );
INSERT INTO "times" VALUES ( 17912, 12520, '16:38:00', '16:38:00', 20 );
INSERT INTO "times" VALUES ( 17912, 12530, '16:40:00', '16:40:00', 20 );
INSERT INTO "times" VALUES ( 17912, 12540, '16:44:00', '16:44:00', 20 );
INSERT INTO "times" VALUES ( 17912, 12610, '16:49:00', '16:50:00', 20 );
INSERT INTO "times" VALUES ( 17912, 12620, '16:51:00', '16:51:00', 20 );
INSERT INTO "times" VALUES ( 17912, 12630, '16:53:00', '16:53:00', 20 );
INSERT INTO "times" VALUES ( 17912, 12640, '16:54:00', '16:54:00', 20 );
INSERT INTO "times" VALUES ( 17912, 12650, '16:56:00', '16:56:00', 20 );
INSERT INTO "times" VALUES ( 17912, 12660, '16:58:00', NULL, NULL );

INSERT INTO "dias" VALUES ( 17913, 110, FALSE, TRUE, 'P1700N', 12510, 12660 );
INSERT INTO "dias_line_groups" VALUES ( 17913, 10 );
INSERT INTO "times" VALUES ( 17913, 12510, NULL, '17:07:00', 20 );
INSERT INTO "times" VALUES ( 17913, 12520, '17:08:00', '17:08:00', 20 );
INSERT INTO "times" VALUES ( 17913, 12530, '17:10:00', '17:10:00', 20 );
INSERT INTO "times" VALUES ( 17913, 12540, '17:14:00', '17:14:00', 20 );
INSERT INTO "times" VALUES ( 17913, 12610, '17:19:00', '17:20:00', 20 );
INSERT INTO "times" VALUES ( 17913, 12620, '17:21:00', '17:21:00', 20 );
INSERT INTO "times" VALUES ( 17913, 12630, '17:23:00', '17:23:00', 20 );
INSERT INTO "times" VALUES ( 17913, 12640, '17:24:00', '17:24:00', 20 );
INSERT INTO "times" VALUES ( 17913, 12650, '17:26:00', '17:26:00', 20 );
INSERT INTO "times" VALUES ( 17913, 12660, '17:28:00', NULL, NULL );

INSERT INTO "dias" VALUES ( 17914, 110, FALSE, TRUE, 'P1702N', 12510, 12660 );
INSERT INTO "dias_line_groups" VALUES ( 17914, 10 );
INSERT INTO "times" VALUES ( 17914, 12510, NULL, '17:39:00', 20 );
INSERT INTO "times" VALUES ( 17914, 12520, '17:40:00', '17:40:00', 20 );
INSERT INTO "times" VALUES ( 17914, 12530, '17:42:00', '17:42:00', 20 );
INSERT INTO "times" VALUES ( 17914, 12540, '17:46:00', '17:46:00', 20 );
INSERT INTO "times" VALUES ( 17914, 12610, '17:51:00', '17:51:00', 20 );
INSERT INTO "times" VALUES ( 17914, 12620, '17:53:00', '17:53:00', 20 );
INSERT INTO "times" VALUES ( 17914, 12630, '17:54:00', '17:54:00', 20 );
INSERT INTO "times" VALUES ( 17914, 12640, '17:56:00', '17:56:00', 20 );
INSERT INTO "times" VALUES ( 17914, 12650, '17:58:00', '17:58:00', 20 );
INSERT INTO "times" VALUES ( 17914, 12660, '17:59:00', NULL, NULL );

INSERT INTO "dias" VALUES ( 17915, 110, FALSE, TRUE, 'P1800N', 12510, 12660 );
INSERT INTO "dias_line_groups" VALUES ( 17915, 10 );
INSERT INTO "times" VALUES ( 17915, 12510, NULL, '18:07:00', 20 );
INSERT INTO "times" VALUES ( 17915, 12520, '18:08:00', '18:08:00', 20 );
INSERT INTO "times" VALUES ( 17915, 12530, '18:10:00', '18:10:00', 20 );
INSERT INTO "times" VALUES ( 17915, 12540, '18:14:00', '18:14:00', 20 );
INSERT INTO "times" VALUES ( 17915, 12610, '18:19:00', '18:20:00', 20 );
INSERT INTO "times" VALUES ( 17915, 12620, '18:21:00', '18:21:00', 20 );
INSERT INTO "times" VALUES ( 17915, 12630, '18:23:00', '18:23:00', 20 );
INSERT INTO "times" VALUES ( 17915, 12640, '18:24:00', '18:24:00', 20 );
INSERT INTO "times" VALUES ( 17915, 12650, '18:26:00', '18:26:00', 20 );
INSERT INTO "times" VALUES ( 17915, 12660, '18:28:00', NULL, NULL );

INSERT INTO "dias" VALUES ( 17916, 110, FALSE, TRUE, 'P1802N', 12510, 12660 );
INSERT INTO "dias_line_groups" VALUES ( 17916, 10 );
INSERT INTO "times" VALUES ( 17916, 12510, NULL, '18:37:00', 20 );
INSERT INTO "times" VALUES ( 17916, 12520, '18:38:00', '18:38:00', 20 );
INSERT INTO "times" VALUES ( 17916, 12530, '18:40:00', '18:40:00', 20 );
INSERT INTO "times" VALUES ( 17916, 12540, '18:44:00', '18:44:00', 20 );
INSERT INTO "times" VALUES ( 17916, 12610, '18:49:00', '18:50:00', 20 );
INSERT INTO "times" VALUES ( 17916, 12620, '18:51:00', '18:51:00', 20 );
INSERT INTO "times" VALUES ( 17916, 12630, '18:53:00', '18:53:00', 20 );
INSERT INTO "times" VALUES ( 17916, 12640, '18:54:00', '18:54:00', 20 );
INSERT INTO "times" VALUES ( 17916, 12650, '18:56:00', '18:56:00', 20 );
INSERT INTO "times" VALUES ( 17916, 12660, '18:58:00', NULL, NULL );

INSERT INTO "dias" VALUES ( 17917, 110, FALSE, TRUE, 'P2300H', 11510, 12710 );
INSERT INTO "dias_line_groups" VALUES ( 17917, 10 );
INSERT INTO "times" VALUES ( 17917, 11510, NULL, '23:13:00', 10 );
INSERT INTO "times" VALUES ( 17917, 11520, '23:14:00', '23:14:00', 10 );
INSERT INTO "times" VALUES ( 17917, 11530, '23:16:00', '23:16:00', 10 );
INSERT INTO "times" VALUES ( 17917, 11540, '23:18:00', '23:18:00', 10 );
INSERT INTO "times" VALUES ( 17917, 12530, '23:20:00', '23:20:00', 20 );
INSERT INTO "times" VALUES ( 17917, 12540, '23:23:00', '23:23:00', 20 );
INSERT INTO "times" VALUES ( 17917, 12610, '23:28:00', '23:29:00', 20 );
INSERT INTO "times" VALUES ( 17917, 12620, '23:30:00', '23:30:00', 20 );
INSERT INTO "times" VALUES ( 17917, 12630, '23:32:00', '23:32:00', 20 );
INSERT INTO "times" VALUES ( 17917, 12640, '23:33:00', '23:33:00', 20 );
INSERT INTO "times" VALUES ( 17917, 12650, '23:35:00', '23:35:00', 20 );
INSERT INTO "times" VALUES ( 17917, 12660, '23:38:00', '23:38:00', 20 );
INSERT INTO "times" VALUES ( 17917, 12670, '23:40:00', '23:40:00', 20 );
INSERT INTO "times" VALUES ( 17917, 12680, '23:44:00', '23:44:00', 20 );
INSERT INTO "times" VALUES ( 17917, 12690, '23:46:00', '23:46:00', 20 );
INSERT INTO "times" VALUES ( 17917, 12700, '23:48:00', '23:48:00', 20 );
INSERT INTO "times" VALUES ( 17917, 12710, '23:50:00', NULL, NULL );

INSERT INTO "dias" VALUES ( 17918, 110, FALSE, TRUE, 'P2302N', 12510, 12660 );
INSERT INTO "dias_line_groups" VALUES ( 17918, 10 );
INSERT INTO "times" VALUES ( 17918, 12510, NULL, '23:25:00', 20 );
INSERT INTO "times" VALUES ( 17918, 12520, '23:26:00', '23:26:00', 20 );
INSERT INTO "times" VALUES ( 17918, 12530, '23:28:00', '23:28:00', 20 );
INSERT INTO "times" VALUES ( 17918, 12540, '23:32:00', '23:32:00', 20 );
INSERT INTO "times" VALUES ( 17918, 12610, '23:37:00', '23:37:00', 20 );
INSERT INTO "times" VALUES ( 17918, 12620, '23:39:00', '23:39:00', 20 );
INSERT INTO "times" VALUES ( 17918, 12630, '23:40:00', '23:40:00', 20 );
INSERT INTO "times" VALUES ( 17918, 12640, '23:42:00', '23:42:00', 20 );
INSERT INTO "times" VALUES ( 17918, 12650, '23:44:00', '23:44:00', 20 );
INSERT INTO "times" VALUES ( 17918, 12660, '23:46:00', NULL, NULL );

INSERT INTO "dias" VALUES ( 17919, 100, FALSE, TRUE, 'Q0500Z', 12670, 13520 );
INSERT INTO "dias_line_groups" VALUES ( 17919, 10 );
INSERT INTO "times" VALUES ( 17919, 12670, NULL, '05:01:00', 20 );
INSERT INTO "times" VALUES ( 17919, 12680, '05:05:00', '05:05:00', 20 );
INSERT INTO "times" VALUES ( 17919, 12690, '05:06:00', '05:06:00', 20 );
INSERT INTO "times" VALUES ( 17919, 12700, '05:09:00', '05:09:00', 20 );
INSERT INTO "times" VALUES ( 17919, 12710, '05:11:00', '05:11:00', 20 );
INSERT INTO "times" VALUES ( 17919, 12720, '05:13:00', '05:13:00', 20 );
INSERT INTO "times" VALUES ( 17919, 12730, '05:15:00', '05:15:00', 20 );
INSERT INTO "times" VALUES ( 17919, 12740, '05:18:00', '05:18:00', 20 );
INSERT INTO "times" VALUES ( 17919, 12750, '05:21:00', '05:21:00', 20 );
INSERT INTO "times" VALUES ( 17919, 12760, '05:24:00', '05:24:00', 20 );
INSERT INTO "times" VALUES ( 17919, 12770, '05:28:00', '05:28:00', 20 );
INSERT INTO "times" VALUES ( 17919, 12780, '05:33:00', '05:33:00', 20 );
INSERT INTO "times" VALUES ( 17919, 12790, '05:34:00', '05:34:00', 20 );
INSERT INTO "times" VALUES ( 17919, 12800, '05:36:00', '05:36:00', 20 );
INSERT INTO "times" VALUES ( 17919, 12810, '05:37:00', '05:37:00', 20 );
INSERT INTO "times" VALUES ( 17919, 12820, '05:39:00', '05:39:00', 20 );
INSERT INTO "times" VALUES ( 17919, 12830, '05:41:00', '05:41:00', 20 );
INSERT INTO "times" VALUES ( 17919, 12840, '05:42:00', '05:42:00', 20 );
INSERT INTO "times" VALUES ( 17919, 12850, '05:44:00', '05:44:00', 20 );
INSERT INTO "times" VALUES ( 17919, 12860, '05:45:00', '05:45:00', 20 );
INSERT INTO "times" VALUES ( 17919, 12870, '05:47:00', '05:47:00', 20 );
INSERT INTO "times" VALUES ( 17919, 12880, '05:49:00', '05:49:00', 20 );
INSERT INTO "times" VALUES ( 17919, 12890, '05:51:00', '05:51:00', 20 );
INSERT INTO "times" VALUES ( 17919, 12900, '05:53:00', '05:53:00', 20 );
INSERT INTO "times" VALUES ( 17919, 13510, '05:54:00', '05:54:00', 30 );
INSERT INTO "times" VALUES ( 17919, 13520, '05:57:00', NULL, NULL );

INSERT INTO "dias" VALUES ( 17920, 100, FALSE, TRUE, 'Q0501B', 13520, 11510 );
INSERT INTO "dias_line_groups" VALUES ( 17920, 10 );
INSERT INTO "times" VALUES ( 17920, 11510, '07:01:00', NULL, NULL );
INSERT INTO "times" VALUES ( 17920, 11520, '06:58:00', '06:58:00', 10 );
INSERT INTO "times" VALUES ( 17920, 11530, '06:57:00', '06:57:00', 10 );
INSERT INTO "times" VALUES ( 17920, 11540, '06:55:00', '06:55:00', 10 );
INSERT INTO "times" VALUES ( 17920, 12530, '06:53:00', '06:53:00', 10 );
INSERT INTO "times" VALUES ( 17920, 12540, '06:47:00', '06:51:00', 20 );
INSERT INTO "times" VALUES ( 17920, 12550, '06:45:00', '06:45:00', 20 );
INSERT INTO "times" VALUES ( 17920, 12560, '06:43:00', '06:43:00', 20 );
INSERT INTO "times" VALUES ( 17920, 12570, '06:42:00', '06:42:00', 20 );
INSERT INTO "times" VALUES ( 17920, 12580, '06:40:00', '06:40:00', 20 );
INSERT INTO "times" VALUES ( 17920, 12590, '06:39:00', '06:39:00', 20 );
INSERT INTO "times" VALUES ( 17920, 12600, '06:38:00', '06:38:00', 20 );
INSERT INTO "times" VALUES ( 17920, 12610, '06:34:00', '06:37:00', 20 );
INSERT INTO "times" VALUES ( 17920, 12620, '06:32:00', '06:32:00', 20 );
INSERT INTO "times" VALUES ( 17920, 12630, '06:30:00', '06:30:00', 20 );
INSERT INTO "times" VALUES ( 17920, 12640, '06:29:00', '06:29:00', 20 );
INSERT INTO "times" VALUES ( 17920, 12650, '06:27:00', '06:27:00', 20 );
INSERT INTO "times" VALUES ( 17920, 12660, '06:24:00', '06:25:00', 20 );
INSERT INTO "times" VALUES ( 17920, 12670, '06:22:00', '06:22:00', 20 );
INSERT INTO "times" VALUES ( 17920, 12680, '06:14:00', '06:19:00', 20 );
INSERT INTO "times" VALUES ( 17920, 12690, '06:12:00', '06:12:00', 20 );
INSERT INTO "times" VALUES ( 17920, 12700, '06:10:00', '06:10:00', 20 );
INSERT INTO "times" VALUES ( 17920, 12710, '06:08:00', '06:08:00', 20 );
INSERT INTO "times" VALUES ( 17920, 12720, '06:05:00', '06:05:00', 20 );
INSERT INTO "times" VALUES ( 17920, 12730, '06:03:00', '06:03:00', 20 );
INSERT INTO "times" VALUES ( 17920, 12740, '06:01:00', '06:01:00', 20 );
INSERT INTO "times" VALUES ( 17920, 12750, '05:57:00', '05:57:00', 20 );
INSERT INTO "times" VALUES ( 17920, 12760, '05:55:00', '05:55:00', 20 );
INSERT INTO "times" VALUES ( 17920, 12770, '05:51:00', '05:51:00', 20 );
INSERT INTO "times" VALUES ( 17920, 12780, '05:46:00', '05:46:00', 20 );
INSERT INTO "times" VALUES ( 17920, 12790, '05:44:00', '05:44:00', 20 );
INSERT INTO "times" VALUES ( 17920, 12800, '05:43:00', '05:43:00', 20 );
INSERT INTO "times" VALUES ( 17920, 12810, '05:41:00', '05:41:00', 20 );
INSERT INTO "times" VALUES ( 17920, 12820, '05:39:00', '05:39:00', 20 );
INSERT INTO "times" VALUES ( 17920, 12830, '05:38:00', '05:38:00', 20 );
INSERT INTO "times" VALUES ( 17920, 12840, '05:36:00', '05:36:00', 20 );
INSERT INTO "times" VALUES ( 17920, 12850, '05:34:00', '05:34:00', 20 );
INSERT INTO "times" VALUES ( 17920, 12860, '05:32:00', '05:32:00', 20 );
INSERT INTO "times" VALUES ( 17920, 12870, '05:31:00', '05:31:00', 20 );
INSERT INTO "times" VALUES ( 17920, 12880, '05:29:00', '05:29:00', 20 );
INSERT INTO "times" VALUES ( 17920, 12890, '05:27:00', '05:27:00', 20 );
INSERT INTO "times" VALUES ( 17920, 12900, '05:26:00', '05:26:00', 20 );
INSERT INTO "times" VALUES ( 17920, 13510, '05:24:00', '05:24:00', 30 );
INSERT INTO "times" VALUES ( 17920, 13520, NULL, '05:22:00', 30 );

INSERT INTO "dias" VALUES ( 17921, 100, FALSE, TRUE, 'Q0502Z', 12510, 13520 );
INSERT INTO "dias_line_groups" VALUES ( 17921, 10 );
INSERT INTO "times" VALUES ( 17921, 12510, NULL, '05:04:00', 20 );
INSERT INTO "times" VALUES ( 17921, 12520, '05:05:00', '05:05:00', 20 );
INSERT INTO "times" VALUES ( 17921, 12530, '05:07:00', '05:07:00', 20 );
INSERT INTO "times" VALUES ( 17921, 12540, '05:10:00', '05:10:00', 20 );
INSERT INTO "times" VALUES ( 17921, 12550, '05:12:00', '05:12:00', 20 );
INSERT INTO "times" VALUES ( 17921, 12560, '05:14:00', '05:14:00', 20 );
INSERT INTO "times" VALUES ( 17921, 12570, '05:15:00', '05:15:00', 20 );
INSERT INTO "times" VALUES ( 17921, 12580, '05:17:00', '05:17:00', 20 );
INSERT INTO "times" VALUES ( 17921, 12590, '05:18:00', '05:18:00', 20 );
INSERT INTO "times" VALUES ( 17921, 12600, '05:19:00', '05:19:00', 20 );
INSERT INTO "times" VALUES ( 17921, 12610, '05:21:00', '05:21:00', 20 );
INSERT INTO "times" VALUES ( 17921, 12620, '05:22:00', '05:22:00', 20 );
INSERT INTO "times" VALUES ( 17921, 12630, '05:24:00', '05:24:00', 20 );
INSERT INTO "times" VALUES ( 17921, 12640, '05:25:00', '05:25:00', 20 );
INSERT INTO "times" VALUES ( 17921, 12650, '05:27:00', '05:27:00', 20 );
INSERT INTO "times" VALUES ( 17921, 12660, '05:29:00', '05:29:00', 20 );
INSERT INTO "times" VALUES ( 17921, 12670, '05:32:00', '05:32:00', 20 );
INSERT INTO "times" VALUES ( 17921, 12680, '05:35:00', '05:35:00', 20 );
INSERT INTO "times" VALUES ( 17921, 12690, '05:37:00', '05:37:00', 20 );
INSERT INTO "times" VALUES ( 17921, 12700, '05:39:00', '05:39:00', 20 );
INSERT INTO "times" VALUES ( 17921, 12710, '05:41:00', '05:41:00', 20 );
INSERT INTO "times" VALUES ( 17921, 12720, '05:43:00', '05:43:00', 20 );
INSERT INTO "times" VALUES ( 17921, 12730, '05:45:00', '05:45:00', 20 );
INSERT INTO "times" VALUES ( 17921, 12740, '05:48:00', '05:52:00', 20 );
INSERT INTO "times" VALUES ( 17921, 12750, '05:55:00', '05:55:00', 20 );
INSERT INTO "times" VALUES ( 17921, 12760, '05:58:00', '05:58:00', 20 );
INSERT INTO "times" VALUES ( 17921, 12770, '06:02:00', '06:02:00', 20 );
INSERT INTO "times" VALUES ( 17921, 12780, '06:07:00', '06:07:00', 20 );
INSERT INTO "times" VALUES ( 17921, 12790, '06:08:00', '06:08:00', 20 );
INSERT INTO "times" VALUES ( 17921, 12800, '06:10:00', '06:10:00', 20 );
INSERT INTO "times" VALUES ( 17921, 12810, '06:11:00', '06:11:00', 20 );
INSERT INTO "times" VALUES ( 17921, 12820, '06:13:00', '06:13:00', 20 );
INSERT INTO "times" VALUES ( 17921, 12830, '06:15:00', '06:15:00', 20 );
INSERT INTO "times" VALUES ( 17921, 12840, '06:16:00', '06:16:00', 20 );
INSERT INTO "times" VALUES ( 17921, 12850, '06:18:00', '06:18:00', 20 );
INSERT INTO "times" VALUES ( 17921, 12860, '06:19:00', '06:19:00', 20 );
INSERT INTO "times" VALUES ( 17921, 12870, '06:21:00', '06:21:00', 20 );
INSERT INTO "times" VALUES ( 17921, 12880, '06:23:00', '06:23:00', 20 );
INSERT INTO "times" VALUES ( 17921, 12890, '06:25:00', '06:25:00', 20 );
INSERT INTO "times" VALUES ( 17921, 12900, '06:27:00', '06:27:00', 20 );
INSERT INTO "times" VALUES ( 17921, 13510, '06:28:00', '06:28:00', 30 );
INSERT INTO "times" VALUES ( 17921, 13520, '06:31:00', NULL, NULL );

INSERT INTO "dias" VALUES ( 17922, 100, FALSE, TRUE, 'Q0503B', 13520, 11510 );
INSERT INTO "dias_line_groups" VALUES ( 17922, 10 );
INSERT INTO "times" VALUES ( 17922, 11510, '07:18:00', NULL, NULL );
INSERT INTO "times" VALUES ( 17922, 11520, '07:16:00', '07:16:00', 10 );
INSERT INTO "times" VALUES ( 17922, 11530, '07:14:00', '07:14:00', 10 );
INSERT INTO "times" VALUES ( 17922, 11540, '07:12:00', '07:12:00', 10 );
INSERT INTO "times" VALUES ( 17922, 12530, '07:11:00', '07:11:00', 10 );
INSERT INTO "times" VALUES ( 17922, 12540, '07:04:00', '07:08:00', 20 );
INSERT INTO "times" VALUES ( 17922, 12550, '07:01:00', '07:01:00', 20 );
INSERT INTO "times" VALUES ( 17922, 12560, '07:00:00', '07:00:00', 20 );
INSERT INTO "times" VALUES ( 17922, 12570, '06:58:00', '06:58:00', 20 );
INSERT INTO "times" VALUES ( 17922, 12580, '06:57:00', '06:57:00', 20 );
INSERT INTO "times" VALUES ( 17922, 12590, '06:55:00', '06:55:00', 20 );
INSERT INTO "times" VALUES ( 17922, 12600, '06:54:00', '06:54:00', 20 );
INSERT INTO "times" VALUES ( 17922, 12610, '06:52:00', '06:53:00', 20 );
INSERT INTO "times" VALUES ( 17922, 12620, '06:50:00', '06:50:00', 20 );
INSERT INTO "times" VALUES ( 17922, 12630, '06:49:00', '06:49:00', 20 );
INSERT INTO "times" VALUES ( 17922, 12640, '06:47:00', '06:47:00', 20 );
INSERT INTO "times" VALUES ( 17922, 12650, '06:45:00', '06:45:00', 20 );
INSERT INTO "times" VALUES ( 17922, 12660, '06:44:00', '06:44:00', 20 );
INSERT INTO "times" VALUES ( 17922, 12670, '06:40:00', '06:40:00', 20 );
INSERT INTO "times" VALUES ( 17922, 12680, '06:33:00', '06:37:00', 20 );
INSERT INTO "times" VALUES ( 17922, 12690, '06:31:00', '06:31:00', 20 );
INSERT INTO "times" VALUES ( 17922, 12700, '06:29:00', '06:29:00', 20 );
INSERT INTO "times" VALUES ( 17922, 12710, '06:27:00', '06:27:00', 20 );
INSERT INTO "times" VALUES ( 17922, 12720, '06:24:00', '06:24:00', 20 );
INSERT INTO "times" VALUES ( 17922, 12730, '06:22:00', '06:22:00', 20 );
INSERT INTO "times" VALUES ( 17922, 12740, '06:20:00', '06:20:00', 20 );
INSERT INTO "times" VALUES ( 17922, 12750, '06:16:00', '06:16:00', 20 );
INSERT INTO "times" VALUES ( 17922, 12760, '06:14:00', '06:14:00', 20 );
INSERT INTO "times" VALUES ( 17922, 12770, '06:10:00', '06:10:00', 20 );
INSERT INTO "times" VALUES ( 17922, 12780, '06:05:00', '06:05:00', 20 );
INSERT INTO "times" VALUES ( 17922, 12790, '06:03:00', '06:03:00', 20 );
INSERT INTO "times" VALUES ( 17922, 12800, '06:02:00', '06:02:00', 20 );
INSERT INTO "times" VALUES ( 17922, 12810, '06:00:00', '06:00:00', 20 );
INSERT INTO "times" VALUES ( 17922, 12820, '05:58:00', '05:58:00', 20 );
INSERT INTO "times" VALUES ( 17922, 12830, '05:57:00', '05:57:00', 20 );
INSERT INTO "times" VALUES ( 17922, 12840, '05:55:00', '05:55:00', 20 );
INSERT INTO "times" VALUES ( 17922, 12850, '05:53:00', '05:53:00', 20 );
INSERT INTO "times" VALUES ( 17922, 12860, '05:51:00', '05:51:00', 20 );
INSERT INTO "times" VALUES ( 17922, 12870, '05:50:00', '05:50:00', 20 );
INSERT INTO "times" VALUES ( 17922, 12880, '05:48:00', '05:48:00', 20 );
INSERT INTO "times" VALUES ( 17922, 12890, '05:46:00', '05:46:00', 20 );
INSERT INTO "times" VALUES ( 17922, 12900, '05:45:00', '05:45:00', 20 );
INSERT INTO "times" VALUES ( 17922, 13510, '05:43:00', '05:43:00', 30 );
INSERT INTO "times" VALUES ( 17922, 13520, NULL, '05:41:00', 30 );

INSERT INTO "dias" VALUES ( 17923, 100, FALSE, TRUE, 'Q0504Z', 11510, 13520 );
INSERT INTO "dias_line_groups" VALUES ( 17923, 10 );
INSERT INTO "times" VALUES ( 17923, 11510, NULL, '05:12:00', 10 );
INSERT INTO "times" VALUES ( 17923, 11520, '05:14:00', '05:14:00', 10 );
INSERT INTO "times" VALUES ( 17923, 11530, '05:15:00', '05:15:00', 10 );
INSERT INTO "times" VALUES ( 17923, 11540, '05:17:00', '05:17:00', 10 );
INSERT INTO "times" VALUES ( 17923, 12530, '05:19:00', '05:19:00', 20 );
INSERT INTO "times" VALUES ( 17923, 12540, '05:22:00', '05:22:00', 20 );
INSERT INTO "times" VALUES ( 17923, 12550, '05:24:00', '05:24:00', 20 );
INSERT INTO "times" VALUES ( 17923, 12560, '05:26:00', '05:26:00', 20 );
INSERT INTO "times" VALUES ( 17923, 12570, '05:27:00', '05:27:00', 20 );
INSERT INTO "times" VALUES ( 17923, 12580, '05:28:00', '05:28:00', 20 );
INSERT INTO "times" VALUES ( 17923, 12590, '05:30:00', '05:30:00', 20 );
INSERT INTO "times" VALUES ( 17923, 12600, '05:31:00', '05:31:00', 20 );
INSERT INTO "times" VALUES ( 17923, 12610, '05:33:00', '05:33:00', 20 );
INSERT INTO "times" VALUES ( 17923, 12620, '05:35:00', '05:35:00', 20 );
INSERT INTO "times" VALUES ( 17923, 12630, '05:36:00', '05:36:00', 20 );
INSERT INTO "times" VALUES ( 17923, 12640, '05:38:00', '05:38:00', 20 );
INSERT INTO "times" VALUES ( 17923, 12650, '05:39:00', '05:39:00', 20 );
INSERT INTO "times" VALUES ( 17923, 12660, '05:42:00', '05:42:00', 20 );
INSERT INTO "times" VALUES ( 17923, 12670, '05:45:00', '05:45:00', 20 );
INSERT INTO "times" VALUES ( 17923, 12680, '05:48:00', '05:48:00', 20 );
INSERT INTO "times" VALUES ( 17923, 12690, '05:49:00', '05:49:00', 20 );
INSERT INTO "times" VALUES ( 17923, 12700, '05:52:00', '05:52:00', 20 );
INSERT INTO "times" VALUES ( 17923, 12710, '05:54:00', '05:54:00', 20 );
INSERT INTO "times" VALUES ( 17923, 12720, '05:56:00', '05:56:00', 20 );
INSERT INTO "times" VALUES ( 17923, 12730, '05:58:00', '05:58:00', 20 );
INSERT INTO "times" VALUES ( 17923, 12740, '06:02:00', '06:02:00', 20 );
INSERT INTO "times" VALUES ( 17923, 12750, '06:04:00', '06:04:00', 20 );
INSERT INTO "times" VALUES ( 17923, 12760, '06:07:00', '06:07:00', 20 );
INSERT INTO "times" VALUES ( 17923, 12770, '06:11:00', '06:11:00', 20 );
INSERT INTO "times" VALUES ( 17923, 12780, '06:16:00', '06:16:00', 20 );
INSERT INTO "times" VALUES ( 17923, 12790, '06:17:00', '06:17:00', 20 );
INSERT INTO "times" VALUES ( 17923, 12800, '06:19:00', '06:19:00', 20 );
INSERT INTO "times" VALUES ( 17923, 12810, '06:20:00', '06:20:00', 20 );
INSERT INTO "times" VALUES ( 17923, 12820, '06:22:00', '06:22:00', 20 );
INSERT INTO "times" VALUES ( 17923, 12830, '06:24:00', '06:24:00', 20 );
INSERT INTO "times" VALUES ( 17923, 12840, '06:25:00', '06:25:00', 20 );
INSERT INTO "times" VALUES ( 17923, 12850, '06:27:00', '06:27:00', 20 );
INSERT INTO "times" VALUES ( 17923, 12860, '06:28:00', '06:28:00', 20 );
INSERT INTO "times" VALUES ( 17923, 12870, '06:30:00', '06:30:00', 20 );
INSERT INTO "times" VALUES ( 17923, 12880, '06:32:00', '06:32:00', 20 );
INSERT INTO "times" VALUES ( 17923, 12890, '06:34:00', '06:34:00', 20 );
INSERT INTO "times" VALUES ( 17923, 12900, '06:36:00', '06:36:00', 20 );
INSERT INTO "times" VALUES ( 17923, 13510, '06:37:00', '06:37:00', 30 );
INSERT INTO "times" VALUES ( 17923, 13520, '06:40:00', NULL, NULL );

INSERT INTO "dias" VALUES ( 17924, 100, FALSE, TRUE, 'Q0506Z', 12670, 13520 );
INSERT INTO "dias_line_groups" VALUES ( 17924, 10 );
INSERT INTO "times" VALUES ( 17924, 12670, NULL, '05:20:00', 20 );
INSERT INTO "times" VALUES ( 17924, 12680, '05:23:00', '05:23:00', 20 );
INSERT INTO "times" VALUES ( 17924, 12690, '05:25:00', '05:25:00', 20 );
INSERT INTO "times" VALUES ( 17924, 12700, '05:27:00', '05:27:00', 20 );
INSERT INTO "times" VALUES ( 17924, 12710, '05:29:00', '05:30:00', 20 );
INSERT INTO "times" VALUES ( 17924, 12720, '05:32:00', '05:32:00', 20 );
INSERT INTO "times" VALUES ( 17924, 12730, '05:34:00', '05:34:00', 20 );
INSERT INTO "times" VALUES ( 17924, 12740, '05:38:00', '05:38:00', 20 );
INSERT INTO "times" VALUES ( 17924, 12750, '05:40:00', '05:40:00', 20 );
INSERT INTO "times" VALUES ( 17924, 12760, '05:43:00', '05:43:00', 20 );
INSERT INTO "times" VALUES ( 17924, 12770, '05:47:00', '05:47:00', 20 );
INSERT INTO "times" VALUES ( 17924, 12780, '05:52:00', '05:52:00', 20 );
INSERT INTO "times" VALUES ( 17924, 12790, '05:53:00', '05:53:00', 20 );
INSERT INTO "times" VALUES ( 17924, 12800, '05:55:00', '05:59:00', 20 );
INSERT INTO "times" VALUES ( 17924, 12810, '06:01:00', '06:01:00', 20 );
INSERT INTO "times" VALUES ( 17924, 12820, '06:02:00', '06:02:00', 20 );
INSERT INTO "times" VALUES ( 17924, 12830, '06:04:00', '06:04:00', 20 );
INSERT INTO "times" VALUES ( 17924, 12840, '06:06:00', '06:06:00', 20 );
INSERT INTO "times" VALUES ( 17924, 12850, '06:07:00', '06:07:00', 20 );
INSERT INTO "times" VALUES ( 17924, 12860, '06:09:00', '06:09:00', 20 );
INSERT INTO "times" VALUES ( 17924, 12870, '06:10:00', '06:10:00', 20 );
INSERT INTO "times" VALUES ( 17924, 12880, '06:12:00', '06:12:00', 20 );
INSERT INTO "times" VALUES ( 17924, 12890, '06:14:00', '06:14:00', 20 );
INSERT INTO "times" VALUES ( 17924, 12900, '06:16:00', '06:16:00', 20 );
INSERT INTO "times" VALUES ( 17924, 13510, '06:18:00', '06:18:00', 30 );
INSERT INTO "times" VALUES ( 17924, 13520, '06:20:00', NULL, NULL );

INSERT INTO "dias" VALUES ( 17925, 100, FALSE, TRUE, 'Q0508Z', 12510, 13520 );
INSERT INTO "dias_line_groups" VALUES ( 17925, 10 );
INSERT INTO "times" VALUES ( 17925, 12510, NULL, '05:33:00', 20 );
INSERT INTO "times" VALUES ( 17925, 12520, '05:35:00', '05:35:00', 20 );
INSERT INTO "times" VALUES ( 17925, 12530, '05:37:00', '05:37:00', 20 );
INSERT INTO "times" VALUES ( 17925, 12540, '05:40:00', '05:40:00', 20 );
INSERT INTO "times" VALUES ( 17925, 12550, '05:42:00', '05:42:00', 20 );
INSERT INTO "times" VALUES ( 17925, 12560, '05:43:00', '05:43:00', 20 );
INSERT INTO "times" VALUES ( 17925, 12570, '05:45:00', '05:45:00', 20 );
INSERT INTO "times" VALUES ( 17925, 12580, '05:46:00', '05:46:00', 20 );
INSERT INTO "times" VALUES ( 17925, 12590, '05:47:00', '05:47:00', 20 );
INSERT INTO "times" VALUES ( 17925, 12600, '05:48:00', '05:48:00', 20 );
INSERT INTO "times" VALUES ( 17925, 12610, '05:50:00', '05:50:00', 20 );
INSERT INTO "times" VALUES ( 17925, 12620, '05:52:00', '05:52:00', 20 );
INSERT INTO "times" VALUES ( 17925, 12630, '05:53:00', '05:53:00', 20 );
INSERT INTO "times" VALUES ( 17925, 12640, '05:54:00', '05:54:00', 20 );
INSERT INTO "times" VALUES ( 17925, 12650, '05:56:00', '05:56:00', 20 );
INSERT INTO "times" VALUES ( 17925, 12660, '05:58:00', '05:58:00', 20 );
INSERT INTO "times" VALUES ( 17925, 12670, '06:01:00', '06:01:00', 20 );
INSERT INTO "times" VALUES ( 17925, 12680, '06:04:00', '06:04:00', 20 );
INSERT INTO "times" VALUES ( 17925, 12690, '06:06:00', '06:06:00', 20 );
INSERT INTO "times" VALUES ( 17925, 12700, '06:08:00', '06:08:00', 20 );
INSERT INTO "times" VALUES ( 17925, 12710, '06:11:00', '06:11:00', 20 );
INSERT INTO "times" VALUES ( 17925, 12720, '06:13:00', '06:13:00', 20 );
INSERT INTO "times" VALUES ( 17925, 12730, '06:15:00', '06:15:00', 20 );
INSERT INTO "times" VALUES ( 17925, 12740, '06:18:00', '06:21:00', 20 );
INSERT INTO "times" VALUES ( 17925, 12750, '06:24:00', '06:24:00', 20 );
INSERT INTO "times" VALUES ( 17925, 12760, '06:27:00', '06:27:00', 20 );
INSERT INTO "times" VALUES ( 17925, 12770, '06:31:00', '06:31:00', 20 );
INSERT INTO "times" VALUES ( 17925, 12780, '06:35:00', '06:35:00', 20 );
INSERT INTO "times" VALUES ( 17925, 12790, '06:37:00', '06:37:00', 20 );
INSERT INTO "times" VALUES ( 17925, 12800, '06:39:00', '06:39:00', 20 );
INSERT INTO "times" VALUES ( 17925, 12810, '06:40:00', '06:40:00', 20 );
INSERT INTO "times" VALUES ( 17925, 12820, '06:42:00', '06:42:00', 20 );
INSERT INTO "times" VALUES ( 17925, 12830, '06:44:00', '06:44:00', 20 );
INSERT INTO "times" VALUES ( 17925, 12840, '06:45:00', '06:45:00', 20 );
INSERT INTO "times" VALUES ( 17925, 12850, '06:46:00', '06:46:00', 20 );
INSERT INTO "times" VALUES ( 17925, 12860, '06:48:00', '06:48:00', 20 );
INSERT INTO "times" VALUES ( 17925, 12870, '06:50:00', '06:50:00', 20 );
INSERT INTO "times" VALUES ( 17925, 12880, '06:52:00', '06:52:00', 20 );
INSERT INTO "times" VALUES ( 17925, 12890, '06:53:00', '06:53:00', 20 );
INSERT INTO "times" VALUES ( 17925, 12900, '06:55:00', '06:55:00', 20 );
INSERT INTO "times" VALUES ( 17925, 13510, '06:57:00', '06:57:00', 30 );
INSERT INTO "times" VALUES ( 17925, 13520, '07:00:00', NULL, NULL );

INSERT INTO "dias" VALUES ( 17926, 100, FALSE, TRUE, 'Q0510Z', 11510, 13520 );
INSERT INTO "dias_line_groups" VALUES ( 17926, 10 );
INSERT INTO "times" VALUES ( 17926, 11510, NULL, '05:38:00', 10 );
INSERT INTO "times" VALUES ( 17926, 11520, '05:39:00', '05:39:00', 10 );
INSERT INTO "times" VALUES ( 17926, 11530, '05:41:00', '05:41:00', 10 );
INSERT INTO "times" VALUES ( 17926, 11540, '05:43:00', '05:43:00', 10 );
INSERT INTO "times" VALUES ( 17926, 12530, '05:45:00', '05:45:00', 20 );
INSERT INTO "times" VALUES ( 17926, 12540, '05:48:00', '05:48:00', 20 );
INSERT INTO "times" VALUES ( 17926, 12550, '05:50:00', '05:50:00', 20 );
INSERT INTO "times" VALUES ( 17926, 12560, '05:52:00', '05:52:00', 20 );
INSERT INTO "times" VALUES ( 17926, 12570, '05:53:00', '05:53:00', 20 );
INSERT INTO "times" VALUES ( 17926, 12580, '05:55:00', '05:55:00', 20 );
INSERT INTO "times" VALUES ( 17926, 12590, '05:56:00', '05:56:00', 20 );
INSERT INTO "times" VALUES ( 17926, 12600, '05:57:00', '05:57:00', 20 );
INSERT INTO "times" VALUES ( 17926, 12610, '05:58:00', '06:01:00', 20 );
INSERT INTO "times" VALUES ( 17926, 12620, '06:02:00', '06:02:00', 20 );
INSERT INTO "times" VALUES ( 17926, 12630, '06:03:00', '06:03:00', 20 );
INSERT INTO "times" VALUES ( 17926, 12640, '06:05:00', '06:05:00', 20 );
INSERT INTO "times" VALUES ( 17926, 12650, '06:07:00', '06:07:00', 20 );
INSERT INTO "times" VALUES ( 17926, 12660, '06:09:00', '06:09:00', 20 );
INSERT INTO "times" VALUES ( 17926, 12670, '06:12:00', '06:12:00', 20 );
INSERT INTO "times" VALUES ( 17926, 12680, '06:15:00', '06:15:00', 20 );
INSERT INTO "times" VALUES ( 17926, 12690, '06:16:00', '06:16:00', 20 );
INSERT INTO "times" VALUES ( 17926, 12700, '06:19:00', '06:19:00', 20 );
INSERT INTO "times" VALUES ( 17926, 12710, '06:21:00', '06:21:00', 20 );
INSERT INTO "times" VALUES ( 17926, 12720, '06:23:00', '06:23:00', 20 );
INSERT INTO "times" VALUES ( 17926, 12730, '06:25:00', '06:25:00', 20 );
INSERT INTO "times" VALUES ( 17926, 12740, '06:28:00', '06:28:00', 20 );
INSERT INTO "times" VALUES ( 17926, 12750, '06:31:00', '06:31:00', 20 );
INSERT INTO "times" VALUES ( 17926, 12760, '06:34:00', '06:34:00', 20 );
INSERT INTO "times" VALUES ( 17926, 12770, '06:38:00', '06:38:00', 20 );
INSERT INTO "times" VALUES ( 17926, 12780, '06:42:00', '06:43:00', 20 );
INSERT INTO "times" VALUES ( 17926, 12790, '06:44:00', '06:44:00', 20 );
INSERT INTO "times" VALUES ( 17926, 12800, '06:47:00', '06:47:00', 20 );
INSERT INTO "times" VALUES ( 17926, 12810, '06:48:00', '06:48:00', 20 );
INSERT INTO "times" VALUES ( 17926, 12820, '06:50:00', '06:50:00', 20 );
INSERT INTO "times" VALUES ( 17926, 12830, '06:52:00', '06:52:00', 20 );
INSERT INTO "times" VALUES ( 17926, 12840, '06:53:00', '06:53:00', 20 );
INSERT INTO "times" VALUES ( 17926, 12850, '06:54:00', '06:54:00', 20 );
INSERT INTO "times" VALUES ( 17926, 12860, '06:56:00', '06:56:00', 20 );
INSERT INTO "times" VALUES ( 17926, 12870, '06:58:00', '06:58:00', 20 );
INSERT INTO "times" VALUES ( 17926, 12880, '06:59:00', '06:59:00', 20 );
INSERT INTO "times" VALUES ( 17926, 12890, '07:01:00', '07:01:00', 20 );
INSERT INTO "times" VALUES ( 17926, 12900, '07:03:00', '07:03:00', 20 );
INSERT INTO "times" VALUES ( 17926, 13510, '07:05:00', '07:05:00', 30 );
INSERT INTO "times" VALUES ( 17926, 13520, '07:08:00', NULL, NULL );

INSERT INTO "dias" VALUES ( 17927, 100, FALSE, TRUE, 'Q0512Z', 12510, 13520 );
INSERT INTO "dias_line_groups" VALUES ( 17927, 10 );
INSERT INTO "times" VALUES ( 17927, 12510, NULL, '05:54:00', 20 );
INSERT INTO "times" VALUES ( 17927, 12520, '05:55:00', '05:55:00', 20 );
INSERT INTO "times" VALUES ( 17927, 12530, '05:57:00', '05:57:00', 20 );
INSERT INTO "times" VALUES ( 17927, 12540, '06:00:00', '06:00:00', 20 );
INSERT INTO "times" VALUES ( 17927, 12550, '06:03:00', '06:03:00', 20 );
INSERT INTO "times" VALUES ( 17927, 12560, '06:04:00', '06:04:00', 20 );
INSERT INTO "times" VALUES ( 17927, 12570, '06:05:00', '06:05:00', 20 );
INSERT INTO "times" VALUES ( 17927, 12580, '06:07:00', '06:07:00', 20 );
INSERT INTO "times" VALUES ( 17927, 12590, '06:08:00', '06:08:00', 20 );
INSERT INTO "times" VALUES ( 17927, 12600, '06:09:00', '06:09:00', 20 );
INSERT INTO "times" VALUES ( 17927, 12610, '06:11:00', '06:11:00', 20 );
INSERT INTO "times" VALUES ( 17927, 12620, '06:13:00', '06:13:00', 20 );
INSERT INTO "times" VALUES ( 17927, 12630, '06:14:00', '06:14:00', 20 );
INSERT INTO "times" VALUES ( 17927, 12640, '06:16:00', '06:16:00', 20 );
INSERT INTO "times" VALUES ( 17927, 12650, '06:17:00', '06:17:00', 20 );
INSERT INTO "times" VALUES ( 17927, 12660, '06:19:00', '06:20:00', 20 );
INSERT INTO "times" VALUES ( 17927, 12670, '06:23:00', '06:23:00', 20 );
INSERT INTO "times" VALUES ( 17927, 12680, '06:26:00', '06:31:00', 20 );
INSERT INTO "times" VALUES ( 17927, 12690, '06:33:00', '06:33:00', 20 );
INSERT INTO "times" VALUES ( 17927, 12700, '06:36:00', '06:36:00', 20 );
INSERT INTO "times" VALUES ( 17927, 12710, '06:38:00', '06:39:00', 20 );
INSERT INTO "times" VALUES ( 17927, 12720, '06:40:00', '06:40:00', 20 );
INSERT INTO "times" VALUES ( 17927, 12730, '06:43:00', '06:43:00', 20 );
INSERT INTO "times" VALUES ( 17927, 12740, '06:45:00', '06:46:00', 20 );
INSERT INTO "times" VALUES ( 17927, 12750, '06:49:00', '06:49:00', 20 );
INSERT INTO "times" VALUES ( 17927, 12760, '06:52:00', '06:52:00', 20 );
INSERT INTO "times" VALUES ( 17927, 12770, '06:56:00', '06:56:00', 20 );
INSERT INTO "times" VALUES ( 17927, 12780, '07:00:00', '07:01:00', 20 );
INSERT INTO "times" VALUES ( 17927, 12790, '07:02:00', '07:02:00', 20 );
INSERT INTO "times" VALUES ( 17927, 12800, '07:04:00', '07:10:00', 20 );
INSERT INTO "times" VALUES ( 17927, 12810, '07:12:00', '07:12:00', 20 );
INSERT INTO "times" VALUES ( 17927, 12820, '07:13:00', '07:13:00', 20 );
INSERT INTO "times" VALUES ( 17927, 12830, '07:15:00', '07:15:00', 20 );
INSERT INTO "times" VALUES ( 17927, 12840, '07:16:00', '07:16:00', 20 );
INSERT INTO "times" VALUES ( 17927, 12850, '07:18:00', '07:18:00', 20 );
INSERT INTO "times" VALUES ( 17927, 12860, '07:19:00', '07:19:00', 20 );
INSERT INTO "times" VALUES ( 17927, 12870, '07:21:00', '07:21:00', 20 );
INSERT INTO "times" VALUES ( 17927, 12880, '07:23:00', '07:23:00', 20 );
INSERT INTO "times" VALUES ( 17927, 12890, '07:25:00', '07:25:00', 20 );
INSERT INTO "times" VALUES ( 17927, 12900, '07:27:00', '07:27:00', 20 );
INSERT INTO "times" VALUES ( 17927, 13510, '07:29:00', '07:29:00', 30 );
INSERT INTO "times" VALUES ( 17927, 13520, '07:31:00', NULL, NULL );

INSERT INTO "dias" VALUES ( 17928, 100, FALSE, TRUE, 'Q0600Z', 11510, 13520 );
INSERT INTO "dias_line_groups" VALUES ( 17928, 10 );
INSERT INTO "times" VALUES ( 17928, 11510, NULL, '06:03:00', 10 );
INSERT INTO "times" VALUES ( 17928, 11520, '06:05:00', '06:05:00', 10 );
INSERT INTO "times" VALUES ( 17928, 11530, '06:06:00', '06:06:00', 10 );
INSERT INTO "times" VALUES ( 17928, 11540, '06:08:00', '06:08:00', 10 );
INSERT INTO "times" VALUES ( 17928, 12530, '06:10:00', '06:10:00', 20 );
INSERT INTO "times" VALUES ( 17928, 12540, '06:13:00', '06:15:00', 20 );
INSERT INTO "times" VALUES ( 17928, 12550, '06:18:00', '06:18:00', 20 );
INSERT INTO "times" VALUES ( 17928, 12560, '06:19:00', '06:19:00', 20 );
INSERT INTO "times" VALUES ( 17928, 12570, '06:20:00', '06:20:00', 20 );
INSERT INTO "times" VALUES ( 17928, 12580, '06:22:00', '06:22:00', 20 );
INSERT INTO "times" VALUES ( 17928, 12590, '06:23:00', '06:23:00', 20 );
INSERT INTO "times" VALUES ( 17928, 12600, '06:24:00', '06:24:00', 20 );
INSERT INTO "times" VALUES ( 17928, 12610, '06:27:00', '06:27:00', 20 );
INSERT INTO "times" VALUES ( 17928, 12620, '06:28:00', '06:28:00', 20 );
INSERT INTO "times" VALUES ( 17928, 12630, '06:29:00', '06:29:00', 20 );
INSERT INTO "times" VALUES ( 17928, 12640, '06:31:00', '06:31:00', 20 );
INSERT INTO "times" VALUES ( 17928, 12650, '06:32:00', '06:32:00', 20 );
INSERT INTO "times" VALUES ( 17928, 12660, '06:35:00', '06:35:00', 20 );
INSERT INTO "times" VALUES ( 17928, 12670, '06:38:00', '06:38:00', 20 );
INSERT INTO "times" VALUES ( 17928, 12680, '06:41:00', '06:45:00', 20 );
INSERT INTO "times" VALUES ( 17928, 12690, '06:48:00', '06:48:00', 20 );
INSERT INTO "times" VALUES ( 17928, 12700, '06:50:00', '06:50:00', 20 );
INSERT INTO "times" VALUES ( 17928, 12710, '06:52:00', '06:52:00', 20 );
INSERT INTO "times" VALUES ( 17928, 12720, '06:54:00', '06:54:00', 20 );
INSERT INTO "times" VALUES ( 17928, 12730, '06:56:00', '06:56:00', 20 );
INSERT INTO "times" VALUES ( 17928, 12740, '07:00:00', '07:00:00', 20 );
INSERT INTO "times" VALUES ( 17928, 12750, '07:02:00', '07:02:00', 20 );
INSERT INTO "times" VALUES ( 17928, 12760, '07:05:00', '07:05:00', 20 );
INSERT INTO "times" VALUES ( 17928, 12770, '07:09:00', '07:09:00', 20 );
INSERT INTO "times" VALUES ( 17928, 12780, '07:14:00', '07:14:00', 20 );
INSERT INTO "times" VALUES ( 17928, 12790, '07:15:00', '07:15:00', 20 );
INSERT INTO "times" VALUES ( 17928, 12800, '07:17:00', '07:22:00', 20 );
INSERT INTO "times" VALUES ( 17928, 12810, '07:23:00', '07:23:00', 20 );
INSERT INTO "times" VALUES ( 17928, 12820, '07:25:00', '07:25:00', 20 );
INSERT INTO "times" VALUES ( 17928, 12830, '07:27:00', '07:27:00', 20 );
INSERT INTO "times" VALUES ( 17928, 12840, '07:28:00', '07:28:00', 20 );
INSERT INTO "times" VALUES ( 17928, 12850, '07:29:00', '07:29:00', 20 );
INSERT INTO "times" VALUES ( 17928, 12860, '07:31:00', '07:31:00', 20 );
INSERT INTO "times" VALUES ( 17928, 12870, '07:33:00', '07:33:00', 20 );
INSERT INTO "times" VALUES ( 17928, 12880, '07:35:00', '07:35:00', 20 );
INSERT INTO "times" VALUES ( 17928, 12890, '07:36:00', '07:36:00', 20 );
INSERT INTO "times" VALUES ( 17928, 12900, '07:39:00', '07:39:00', 20 );
INSERT INTO "times" VALUES ( 17928, 13510, '07:40:00', '07:40:00', 30 );
INSERT INTO "times" VALUES ( 17928, 13520, '07:43:00', NULL, NULL );

INSERT INTO "dias" VALUES ( 17929, 100, FALSE, TRUE, 'Q0601B', 13520, 11510 );
INSERT INTO "dias_line_groups" VALUES ( 17929, 10 );
INSERT INTO "times" VALUES ( 17929, 11510, '07:46:00', NULL, NULL );
INSERT INTO "times" VALUES ( 17929, 11520, '07:43:00', '07:43:00', 10 );
INSERT INTO "times" VALUES ( 17929, 11530, '07:42:00', '07:42:00', 10 );
INSERT INTO "times" VALUES ( 17929, 11540, '07:40:00', '07:40:00', 10 );
INSERT INTO "times" VALUES ( 17929, 12530, '07:39:00', '07:39:00', 10 );
INSERT INTO "times" VALUES ( 17929, 12540, '07:32:00', '07:36:00', 20 );
INSERT INTO "times" VALUES ( 17929, 12550, '07:29:00', '07:29:00', 20 );
INSERT INTO "times" VALUES ( 17929, 12560, '07:28:00', '07:28:00', 20 );
INSERT INTO "times" VALUES ( 17929, 12570, '07:26:00', '07:26:00', 20 );
INSERT INTO "times" VALUES ( 17929, 12580, '07:25:00', '07:25:00', 20 );
INSERT INTO "times" VALUES ( 17929, 12590, '07:23:00', '07:23:00', 20 );
INSERT INTO "times" VALUES ( 17929, 12600, '07:22:00', '07:22:00', 20 );
INSERT INTO "times" VALUES ( 17929, 12610, '07:18:00', '07:21:00', 20 );
INSERT INTO "times" VALUES ( 17929, 12620, '07:15:00', '07:15:00', 20 );
INSERT INTO "times" VALUES ( 17929, 12630, '07:14:00', '07:14:00', 20 );
INSERT INTO "times" VALUES ( 17929, 12640, '07:12:00', '07:12:00', 20 );
INSERT INTO "times" VALUES ( 17929, 12650, '07:10:00', '07:10:00', 20 );
INSERT INTO "times" VALUES ( 17929, 12660, '07:08:00', '07:09:00', 20 );
INSERT INTO "times" VALUES ( 17929, 12670, '07:05:00', '07:05:00', 20 );
INSERT INTO "times" VALUES ( 17929, 12680, '06:56:00', '07:02:00', 20 );
INSERT INTO "times" VALUES ( 17929, 12690, '06:54:00', '06:54:00', 20 );
INSERT INTO "times" VALUES ( 17929, 12700, '06:52:00', '06:52:00', 20 );
INSERT INTO "times" VALUES ( 17929, 12710, '06:50:00', '06:50:00', 20 );
INSERT INTO "times" VALUES ( 17929, 12720, '06:47:00', '06:47:00', 20 );
INSERT INTO "times" VALUES ( 17929, 12730, '06:45:00', '06:45:00', 20 );
INSERT INTO "times" VALUES ( 17929, 12740, '06:42:00', '06:42:00', 20 );
INSERT INTO "times" VALUES ( 17929, 12750, '06:39:00', '06:39:00', 20 );
INSERT INTO "times" VALUES ( 17929, 12760, '06:37:00', '06:37:00', 20 );
INSERT INTO "times" VALUES ( 17929, 12770, '06:33:00', '06:33:00', 20 );
INSERT INTO "times" VALUES ( 17929, 12780, '06:28:00', '06:28:00', 20 );
INSERT INTO "times" VALUES ( 17929, 12790, '06:26:00', '06:26:00', 20 );
INSERT INTO "times" VALUES ( 17929, 12800, '06:21:00', '06:24:00', 20 );
INSERT INTO "times" VALUES ( 17929, 12810, '06:19:00', '06:19:00', 20 );
INSERT INTO "times" VALUES ( 17929, 12820, '06:17:00', '06:17:00', 20 );
INSERT INTO "times" VALUES ( 17929, 12830, '06:16:00', '06:16:00', 20 );
INSERT INTO "times" VALUES ( 17929, 12840, '06:14:00', '06:14:00', 20 );
INSERT INTO "times" VALUES ( 17929, 12850, '06:12:00', '06:12:00', 20 );
INSERT INTO "times" VALUES ( 17929, 12860, '06:10:00', '06:10:00', 20 );
INSERT INTO "times" VALUES ( 17929, 12870, '06:09:00', '06:09:00', 20 );
INSERT INTO "times" VALUES ( 17929, 12880, '06:07:00', '06:07:00', 20 );
INSERT INTO "times" VALUES ( 17929, 12890, '06:05:00', '06:05:00', 20 );
INSERT INTO "times" VALUES ( 17929, 12900, '06:04:00', '06:04:00', 20 );
INSERT INTO "times" VALUES ( 17929, 13510, '06:02:00', '06:02:00', 30 );
INSERT INTO "times" VALUES ( 17929, 13520, NULL, '06:00:00', 30 );

INSERT INTO "dias" VALUES ( 17930, 100, FALSE, TRUE, 'Q0602Z', 12670, 13520 );
INSERT INTO "dias_line_groups" VALUES ( 17930, 10 );
INSERT INTO "times" VALUES ( 17930, 12670, NULL, '06:19:00', 20 );
INSERT INTO "times" VALUES ( 17930, 12680, '06:22:00', '06:22:00', 20 );
INSERT INTO "times" VALUES ( 17930, 12690, '06:24:00', '06:24:00', 20 );
INSERT INTO "times" VALUES ( 17930, 12700, '06:26:00', '06:26:00', 20 );
INSERT INTO "times" VALUES ( 17930, 12710, '06:28:00', '06:28:00', 20 );
INSERT INTO "times" VALUES ( 17930, 12720, '06:30:00', '06:30:00', 20 );
INSERT INTO "times" VALUES ( 17930, 12730, '06:32:00', '06:32:00', 20 );
INSERT INTO "times" VALUES ( 17930, 12740, '06:36:00', '06:36:00', 20 );
INSERT INTO "times" VALUES ( 17930, 12750, '06:38:00', '06:38:00', 20 );
INSERT INTO "times" VALUES ( 17930, 12760, '06:41:00', '06:41:00', 20 );
INSERT INTO "times" VALUES ( 17930, 12770, '06:45:00', '06:45:00', 20 );
INSERT INTO "times" VALUES ( 17930, 12780, '06:50:00', '06:50:00', 20 );
INSERT INTO "times" VALUES ( 17930, 12790, '06:51:00', '06:51:00', 20 );
INSERT INTO "times" VALUES ( 17930, 12800, '06:53:00', '06:56:00', 20 );
INSERT INTO "times" VALUES ( 17930, 12810, '06:58:00', '06:58:00', 20 );
INSERT INTO "times" VALUES ( 17930, 12820, '07:00:00', '07:00:00', 20 );
INSERT INTO "times" VALUES ( 17930, 12830, '07:02:00', '07:02:00', 20 );
INSERT INTO "times" VALUES ( 17930, 12840, '07:03:00', '07:03:00', 20 );
INSERT INTO "times" VALUES ( 17930, 12850, '07:04:00', '07:04:00', 20 );
INSERT INTO "times" VALUES ( 17930, 12860, '07:06:00', '07:06:00', 20 );
INSERT INTO "times" VALUES ( 17930, 12870, '07:08:00', '07:08:00', 20 );
INSERT INTO "times" VALUES ( 17930, 12880, '07:09:00', '07:09:00', 20 );
INSERT INTO "times" VALUES ( 17930, 12890, '07:11:00', '07:11:00', 20 );
INSERT INTO "times" VALUES ( 17930, 12900, '07:13:00', '07:13:00', 20 );
INSERT INTO "times" VALUES ( 17930, 13510, '07:15:00', '07:15:00', 30 );
INSERT INTO "times" VALUES ( 17930, 13520, '07:18:00', NULL, NULL );

INSERT INTO "dias" VALUES ( 17931, 100, FALSE, TRUE, 'Q0603B', 13520, 11510 );
INSERT INTO "dias_line_groups" VALUES ( 17931, 10 );
INSERT INTO "times" VALUES ( 17931, 11510, '08:06:00', NULL, NULL );
INSERT INTO "times" VALUES ( 17931, 11520, '08:04:00', '08:04:00', 10 );
INSERT INTO "times" VALUES ( 17931, 11530, '08:02:00', '08:02:00', 10 );
INSERT INTO "times" VALUES ( 17931, 11540, '08:01:00', '08:01:00', 10 );
INSERT INTO "times" VALUES ( 17931, 12530, '07:58:00', '07:59:00', 10 );
INSERT INTO "times" VALUES ( 17931, 12540, '07:52:00', '07:56:00', 20 );
INSERT INTO "times" VALUES ( 17931, 12550, '07:49:00', '07:49:00', 20 );
INSERT INTO "times" VALUES ( 17931, 12560, '07:48:00', '07:48:00', 20 );
INSERT INTO "times" VALUES ( 17931, 12570, '07:46:00', '07:46:00', 20 );
INSERT INTO "times" VALUES ( 17931, 12580, '07:45:00', '07:45:00', 20 );
INSERT INTO "times" VALUES ( 17931, 12590, '07:43:00', '07:43:00', 20 );
INSERT INTO "times" VALUES ( 17931, 12600, '07:42:00', '07:42:00', 20 );
INSERT INTO "times" VALUES ( 17931, 12610, '07:38:00', '07:41:00', 20 );
INSERT INTO "times" VALUES ( 17931, 12620, '07:35:00', '07:35:00', 20 );
INSERT INTO "times" VALUES ( 17931, 12630, '07:34:00', '07:34:00', 20 );
INSERT INTO "times" VALUES ( 17931, 12640, '07:32:00', '07:32:00', 20 );
INSERT INTO "times" VALUES ( 17931, 12650, '07:30:00', '07:30:00', 20 );
INSERT INTO "times" VALUES ( 17931, 12660, '07:27:00', '07:29:00', 20 );
INSERT INTO "times" VALUES ( 17931, 12670, '07:25:00', '07:25:00', 20 );
INSERT INTO "times" VALUES ( 17931, 12680, '07:16:00', '07:22:00', 20 );
INSERT INTO "times" VALUES ( 17931, 12690, '07:14:00', '07:14:00', 20 );
INSERT INTO "times" VALUES ( 17931, 12700, '07:12:00', '07:12:00', 20 );
INSERT INTO "times" VALUES ( 17931, 12710, '07:10:00', '07:10:00', 20 );
INSERT INTO "times" VALUES ( 17931, 12720, '07:07:00', '07:07:00', 20 );
INSERT INTO "times" VALUES ( 17931, 12730, '07:05:00', '07:05:00', 20 );
INSERT INTO "times" VALUES ( 17931, 12740, '07:02:00', '07:02:00', 20 );
INSERT INTO "times" VALUES ( 17931, 12750, '06:59:00', '06:59:00', 20 );
INSERT INTO "times" VALUES ( 17931, 12760, '06:57:00', '06:57:00', 20 );
INSERT INTO "times" VALUES ( 17931, 12770, '06:53:00', '06:53:00', 20 );
INSERT INTO "times" VALUES ( 17931, 12780, '06:48:00', '06:48:00', 20 );
INSERT INTO "times" VALUES ( 17931, 12790, '06:46:00', '06:46:00', 20 );
INSERT INTO "times" VALUES ( 17931, 12800, '06:41:00', '06:44:00', 20 );
INSERT INTO "times" VALUES ( 17931, 12810, '06:39:00', '06:39:00', 20 );
INSERT INTO "times" VALUES ( 17931, 12820, '06:37:00', '06:37:00', 20 );
INSERT INTO "times" VALUES ( 17931, 12830, '06:36:00', '06:36:00', 20 );
INSERT INTO "times" VALUES ( 17931, 12840, '06:34:00', '06:34:00', 20 );
INSERT INTO "times" VALUES ( 17931, 12850, '06:32:00', '06:32:00', 20 );
INSERT INTO "times" VALUES ( 17931, 12860, '06:31:00', '06:31:00', 20 );
INSERT INTO "times" VALUES ( 17931, 12870, '06:29:00', '06:29:00', 20 );
INSERT INTO "times" VALUES ( 17931, 12880, '06:27:00', '06:27:00', 20 );
INSERT INTO "times" VALUES ( 17931, 12890, '06:25:00', '06:25:00', 20 );
INSERT INTO "times" VALUES ( 17931, 12900, '06:24:00', '06:24:00', 20 );
INSERT INTO "times" VALUES ( 17931, 13510, '06:22:00', '06:22:00', 30 );
INSERT INTO "times" VALUES ( 17931, 13520, NULL, '06:20:00', 30 );

INSERT INTO "dias" VALUES ( 17932, 100, FALSE, TRUE, 'Q0604Z', 12510, 13520 );
INSERT INTO "dias_line_groups" VALUES ( 17932, 10 );
INSERT INTO "times" VALUES ( 17932, 12510, NULL, '06:24:00', 20 );
INSERT INTO "times" VALUES ( 17932, 12520, '06:26:00', '06:26:00', 20 );
INSERT INTO "times" VALUES ( 17932, 12530, '06:28:00', '06:28:00', 20 );
INSERT INTO "times" VALUES ( 17932, 12540, '06:31:00', '06:31:00', 20 );
INSERT INTO "times" VALUES ( 17932, 12550, '06:33:00', '06:33:00', 20 );
INSERT INTO "times" VALUES ( 17932, 12560, '06:34:00', '06:34:00', 20 );
INSERT INTO "times" VALUES ( 17932, 12570, '06:36:00', '06:36:00', 20 );
INSERT INTO "times" VALUES ( 17932, 12580, '06:37:00', '06:37:00', 20 );
INSERT INTO "times" VALUES ( 17932, 12590, '06:38:00', '06:38:00', 20 );
INSERT INTO "times" VALUES ( 17932, 12600, '06:39:00', '06:39:00', 20 );
INSERT INTO "times" VALUES ( 17932, 12610, '06:41:00', '06:44:00', 20 );
INSERT INTO "times" VALUES ( 17932, 12620, '06:45:00', '06:45:00', 20 );
INSERT INTO "times" VALUES ( 17932, 12630, '06:47:00', '06:47:00', 20 );
INSERT INTO "times" VALUES ( 17932, 12640, '06:48:00', '06:48:00', 20 );
INSERT INTO "times" VALUES ( 17932, 12650, '06:50:00', '06:50:00', 20 );
INSERT INTO "times" VALUES ( 17932, 12660, '06:52:00', '06:54:00', 20 );
INSERT INTO "times" VALUES ( 17932, 12670, '06:57:00', '06:57:00', 20 );
INSERT INTO "times" VALUES ( 17932, 12680, '07:01:00', '07:05:00', 20 );
INSERT INTO "times" VALUES ( 17932, 12690, '07:07:00', '07:07:00', 20 );
INSERT INTO "times" VALUES ( 17932, 12700, '07:10:00', '07:10:00', 20 );
INSERT INTO "times" VALUES ( 17932, 12710, '07:12:00', '07:13:00', 20 );
INSERT INTO "times" VALUES ( 17932, 12720, '07:14:00', '07:14:00', 20 );
INSERT INTO "times" VALUES ( 17932, 12730, '07:17:00', '07:17:00', 20 );
INSERT INTO "times" VALUES ( 17932, 12740, '07:19:00', '07:20:00', 20 );
INSERT INTO "times" VALUES ( 17932, 12750, '07:23:00', '07:23:00', 20 );
INSERT INTO "times" VALUES ( 17932, 12760, '07:26:00', '07:26:00', 20 );
INSERT INTO "times" VALUES ( 17932, 12770, '07:30:00', '07:30:00', 20 );
INSERT INTO "times" VALUES ( 17932, 12780, '07:35:00', '07:35:00', 20 );
INSERT INTO "times" VALUES ( 17932, 12790, '07:36:00', '07:36:00', 20 );
INSERT INTO "times" VALUES ( 17932, 12800, '07:38:00', '07:42:00', 20 );
INSERT INTO "times" VALUES ( 17932, 12810, '07:44:00', '07:44:00', 20 );
INSERT INTO "times" VALUES ( 17932, 12820, '07:46:00', '07:46:00', 20 );
INSERT INTO "times" VALUES ( 17932, 12830, '07:48:00', '07:48:00', 20 );
INSERT INTO "times" VALUES ( 17932, 12840, '07:49:00', '07:49:00', 20 );
INSERT INTO "times" VALUES ( 17932, 12850, '07:50:00', '07:50:00', 20 );
INSERT INTO "times" VALUES ( 17932, 12860, '07:52:00', '07:52:00', 20 );
INSERT INTO "times" VALUES ( 17932, 12870, '07:54:00', '07:54:00', 20 );
INSERT INTO "times" VALUES ( 17932, 12880, '07:55:00', '07:55:00', 20 );
INSERT INTO "times" VALUES ( 17932, 12890, '07:57:00', '07:57:00', 20 );
INSERT INTO "times" VALUES ( 17932, 12900, '07:59:00', '08:00:00', 20 );
INSERT INTO "times" VALUES ( 17932, 13510, '08:02:00', '08:02:00', 30 );
INSERT INTO "times" VALUES ( 17932, 13520, '08:05:00', NULL, NULL );

INSERT INTO "dias" VALUES ( 17933, 100, FALSE, TRUE, 'Q0605B', 13520, 11510 );
INSERT INTO "dias_line_groups" VALUES ( 17933, 10 );
INSERT INTO "times" VALUES ( 17933, 11510, '08:27:00', NULL, NULL );
INSERT INTO "times" VALUES ( 17933, 11520, '08:24:00', '08:24:00', 10 );
INSERT INTO "times" VALUES ( 17933, 11530, '08:23:00', '08:23:00', 10 );
INSERT INTO "times" VALUES ( 17933, 11540, '08:21:00', '08:21:00', 10 );
INSERT INTO "times" VALUES ( 17933, 12530, '08:20:00', '08:20:00', 10 );
INSERT INTO "times" VALUES ( 17933, 12540, '08:13:00', '08:17:00', 20 );
INSERT INTO "times" VALUES ( 17933, 12550, '08:11:00', '08:11:00', 20 );
INSERT INTO "times" VALUES ( 17933, 12560, '08:09:00', '08:09:00', 20 );
INSERT INTO "times" VALUES ( 17933, 12570, '08:07:00', '08:07:00', 20 );
INSERT INTO "times" VALUES ( 17933, 12580, '08:06:00', '08:06:00', 20 );
INSERT INTO "times" VALUES ( 17933, 12590, '08:05:00', '08:05:00', 20 );
INSERT INTO "times" VALUES ( 17933, 12600, '08:03:00', '08:03:00', 20 );
INSERT INTO "times" VALUES ( 17933, 12610, '07:57:00', '08:02:00', 20 );
INSERT INTO "times" VALUES ( 17933, 12620, '07:55:00', '07:55:00', 20 );
INSERT INTO "times" VALUES ( 17933, 12630, '07:54:00', '07:54:00', 20 );
INSERT INTO "times" VALUES ( 17933, 12640, '07:52:00', '07:52:00', 20 );
INSERT INTO "times" VALUES ( 17933, 12650, '07:50:00', '07:50:00', 20 );
INSERT INTO "times" VALUES ( 17933, 12660, '07:47:00', '07:49:00', 20 );
INSERT INTO "times" VALUES ( 17933, 12670, '07:45:00', '07:45:00', 20 );
INSERT INTO "times" VALUES ( 17933, 12680, '07:37:00', '07:42:00', 20 );
INSERT INTO "times" VALUES ( 17933, 12690, '07:35:00', '07:35:00', 20 );
INSERT INTO "times" VALUES ( 17933, 12700, '07:32:00', '07:32:00', 20 );
INSERT INTO "times" VALUES ( 17933, 12710, '07:31:00', '07:31:00', 20 );
INSERT INTO "times" VALUES ( 17933, 12720, '07:28:00', '07:28:00', 20 );
INSERT INTO "times" VALUES ( 17933, 12730, '07:26:00', '07:26:00', 20 );
INSERT INTO "times" VALUES ( 17933, 12740, '07:23:00', '07:23:00', 20 );
INSERT INTO "times" VALUES ( 17933, 12750, '07:20:00', '07:20:00', 20 );
INSERT INTO "times" VALUES ( 17933, 12760, '07:18:00', '07:18:00', 20 );
INSERT INTO "times" VALUES ( 17933, 12770, '07:14:00', '07:14:00', 20 );
INSERT INTO "times" VALUES ( 17933, 12780, '07:09:00', '07:09:00', 20 );
INSERT INTO "times" VALUES ( 17933, 12790, '07:07:00', '07:07:00', 20 );
INSERT INTO "times" VALUES ( 17933, 12800, '07:01:00', '07:05:00', 20 );
INSERT INTO "times" VALUES ( 17933, 12810, '06:59:00', '06:59:00', 20 );
INSERT INTO "times" VALUES ( 17933, 12820, '06:57:00', '06:57:00', 20 );
INSERT INTO "times" VALUES ( 17933, 12830, '06:56:00', '06:56:00', 20 );
INSERT INTO "times" VALUES ( 17933, 12840, '06:54:00', '06:54:00', 20 );
INSERT INTO "times" VALUES ( 17933, 12850, '06:53:00', '06:53:00', 20 );
INSERT INTO "times" VALUES ( 17933, 12860, '06:51:00', '06:51:00', 20 );
INSERT INTO "times" VALUES ( 17933, 12870, '06:49:00', '06:49:00', 20 );
INSERT INTO "times" VALUES ( 17933, 12880, '06:47:00', '06:47:00', 20 );
INSERT INTO "times" VALUES ( 17933, 12890, '06:46:00', '06:46:00', 20 );
INSERT INTO "times" VALUES ( 17933, 12900, '06:41:00', '06:44:00', 20 );
INSERT INTO "times" VALUES ( 17933, 13510, '06:38:00', '06:38:00', 30 );
INSERT INTO "times" VALUES ( 17933, 13520, NULL, '06:36:00', 30 );

INSERT INTO "dias" VALUES ( 17934, 100, FALSE, TRUE, 'Q0606Z', 11510, 13520 );
INSERT INTO "dias_line_groups" VALUES ( 17934, 10 );
INSERT INTO "times" VALUES ( 17934, 11510, NULL, '06:41:00', 10 );
INSERT INTO "times" VALUES ( 17934, 11520, '06:42:00', '06:42:00', 10 );
INSERT INTO "times" VALUES ( 17934, 11530, '06:44:00', '06:44:00', 10 );
INSERT INTO "times" VALUES ( 17934, 11540, '06:46:00', '06:46:00', 10 );
INSERT INTO "times" VALUES ( 17934, 12530, '06:48:00', '06:48:00', 20 );
INSERT INTO "times" VALUES ( 17934, 12540, '06:51:00', '06:51:00', 20 );
INSERT INTO "times" VALUES ( 17934, 12550, '06:53:00', '06:53:00', 20 );
INSERT INTO "times" VALUES ( 17934, 12560, '06:55:00', '06:55:00', 20 );
INSERT INTO "times" VALUES ( 17934, 12570, '06:56:00', '06:56:00', 20 );
INSERT INTO "times" VALUES ( 17934, 12580, '06:58:00', '06:58:00', 20 );
INSERT INTO "times" VALUES ( 17934, 12590, '06:59:00', '06:59:00', 20 );
INSERT INTO "times" VALUES ( 17934, 12600, '07:00:00', '07:00:00', 20 );
INSERT INTO "times" VALUES ( 17934, 12610, '07:02:00', '07:05:00', 20 );
INSERT INTO "times" VALUES ( 17934, 12620, '07:07:00', '07:07:00', 20 );
INSERT INTO "times" VALUES ( 17934, 12630, '07:08:00', '07:08:00', 20 );
INSERT INTO "times" VALUES ( 17934, 12640, '07:10:00', '07:10:00', 20 );
INSERT INTO "times" VALUES ( 17934, 12650, '07:11:00', '07:11:00', 20 );
INSERT INTO "times" VALUES ( 17934, 12660, '07:13:00', '07:15:00', 20 );
INSERT INTO "times" VALUES ( 17934, 12670, '07:18:00', '07:18:00', 20 );
INSERT INTO "times" VALUES ( 17934, 12680, '07:21:00', '07:25:00', 20 );
INSERT INTO "times" VALUES ( 17934, 12690, '07:28:00', '07:28:00', 20 );
INSERT INTO "times" VALUES ( 17934, 12700, '07:30:00', '07:30:00', 20 );
INSERT INTO "times" VALUES ( 17934, 12710, '07:32:00', '07:33:00', 20 );
INSERT INTO "times" VALUES ( 17934, 12720, '07:35:00', '07:35:00', 20 );
INSERT INTO "times" VALUES ( 17934, 12730, '07:37:00', '07:37:00', 20 );
INSERT INTO "times" VALUES ( 17934, 12740, '07:40:00', '07:40:00', 20 );
INSERT INTO "times" VALUES ( 17934, 12750, '07:43:00', '07:43:00', 20 );
INSERT INTO "times" VALUES ( 17934, 12760, '07:46:00', '07:46:00', 20 );
INSERT INTO "times" VALUES ( 17934, 12770, '07:50:00', '07:50:00', 20 );
INSERT INTO "times" VALUES ( 17934, 12780, '07:54:00', '07:54:00', 20 );
INSERT INTO "times" VALUES ( 17934, 12790, '07:56:00', '07:56:00', 20 );
INSERT INTO "times" VALUES ( 17934, 12800, '07:57:00', '08:02:00', 20 );
INSERT INTO "times" VALUES ( 17934, 12810, '08:04:00', '08:04:00', 20 );
INSERT INTO "times" VALUES ( 17934, 12820, '08:06:00', '08:06:00', 20 );
INSERT INTO "times" VALUES ( 17934, 12830, '08:08:00', '08:08:00', 20 );
INSERT INTO "times" VALUES ( 17934, 12840, '08:09:00', '08:09:00', 20 );
INSERT INTO "times" VALUES ( 17934, 12850, '08:10:00', '08:10:00', 20 );
INSERT INTO "times" VALUES ( 17934, 12860, '08:12:00', '08:12:00', 20 );
INSERT INTO "times" VALUES ( 17934, 12870, '08:14:00', '08:14:00', 20 );
INSERT INTO "times" VALUES ( 17934, 12880, '08:15:00', '08:15:00', 20 );
INSERT INTO "times" VALUES ( 17934, 12890, '08:17:00', '08:17:00', 20 );
INSERT INTO "times" VALUES ( 17934, 12900, '08:19:00', '08:23:00', 20 );
INSERT INTO "times" VALUES ( 17934, 13510, '08:25:00', '08:25:00', 30 );
INSERT INTO "times" VALUES ( 17934, 13520, '08:28:00', NULL, NULL );

INSERT INTO "dias" VALUES ( 17935, 100, FALSE, TRUE, 'Q0607B', 13520, 11510 );
INSERT INTO "dias_line_groups" VALUES ( 17935, 10 );
INSERT INTO "times" VALUES ( 17935, 11510, '08:47:00', NULL, NULL );
INSERT INTO "times" VALUES ( 17935, 11520, '08:44:00', '08:44:00', 10 );
INSERT INTO "times" VALUES ( 17935, 11530, '08:43:00', '08:43:00', 10 );
INSERT INTO "times" VALUES ( 17935, 11540, '08:41:00', '08:41:00', 10 );
INSERT INTO "times" VALUES ( 17935, 12530, '08:38:00', '08:40:00', 10 );
INSERT INTO "times" VALUES ( 17935, 12540, '08:32:00', '08:36:00', 20 );
INSERT INTO "times" VALUES ( 17935, 12550, '08:29:00', '08:29:00', 20 );
INSERT INTO "times" VALUES ( 17935, 12560, '08:28:00', '08:28:00', 20 );
INSERT INTO "times" VALUES ( 17935, 12570, '08:26:00', '08:26:00', 20 );
INSERT INTO "times" VALUES ( 17935, 12580, '08:25:00', '08:25:00', 20 );
INSERT INTO "times" VALUES ( 17935, 12590, '08:23:00', '08:23:00', 20 );
INSERT INTO "times" VALUES ( 17935, 12600, '08:22:00', '08:22:00', 20 );
INSERT INTO "times" VALUES ( 17935, 12610, '08:17:00', '08:21:00', 20 );
INSERT INTO "times" VALUES ( 17935, 12620, '08:15:00', '08:15:00', 20 );
INSERT INTO "times" VALUES ( 17935, 12630, '08:14:00', '08:14:00', 20 );
INSERT INTO "times" VALUES ( 17935, 12640, '08:12:00', '08:12:00', 20 );
INSERT INTO "times" VALUES ( 17935, 12650, '08:10:00', '08:10:00', 20 );
INSERT INTO "times" VALUES ( 17935, 12660, '08:08:00', '08:09:00', 20 );
INSERT INTO "times" VALUES ( 17935, 12670, '08:05:00', '08:05:00', 20 );
INSERT INTO "times" VALUES ( 17935, 12680, '07:57:00', '08:02:00', 20 );
INSERT INTO "times" VALUES ( 17935, 12690, '07:54:00', '07:54:00', 20 );
INSERT INTO "times" VALUES ( 17935, 12700, '07:52:00', '07:52:00', 20 );
INSERT INTO "times" VALUES ( 17935, 12710, '07:50:00', '07:50:00', 20 );
INSERT INTO "times" VALUES ( 17935, 12720, '07:47:00', '07:47:00', 20 );
INSERT INTO "times" VALUES ( 17935, 12730, '07:45:00', '07:45:00', 20 );
INSERT INTO "times" VALUES ( 17935, 12740, '07:43:00', '07:43:00', 20 );
INSERT INTO "times" VALUES ( 17935, 12750, '07:39:00', '07:39:00', 20 );
INSERT INTO "times" VALUES ( 17935, 12760, '07:37:00', '07:37:00', 20 );
INSERT INTO "times" VALUES ( 17935, 12770, '07:33:00', '07:33:00', 20 );
INSERT INTO "times" VALUES ( 17935, 12780, '07:28:00', '07:28:00', 20 );
INSERT INTO "times" VALUES ( 17935, 12790, '07:26:00', '07:26:00', 20 );
INSERT INTO "times" VALUES ( 17935, 12800, '07:21:00', '07:24:00', 20 );
INSERT INTO "times" VALUES ( 17935, 12810, '07:19:00', '07:19:00', 20 );
INSERT INTO "times" VALUES ( 17935, 12820, '07:17:00', '07:17:00', 20 );
INSERT INTO "times" VALUES ( 17935, 12830, '07:16:00', '07:16:00', 20 );
INSERT INTO "times" VALUES ( 17935, 12840, '07:14:00', '07:14:00', 20 );
INSERT INTO "times" VALUES ( 17935, 12850, '07:13:00', '07:13:00', 20 );
INSERT INTO "times" VALUES ( 17935, 12860, '07:11:00', '07:11:00', 20 );
INSERT INTO "times" VALUES ( 17935, 12870, '07:09:00', '07:09:00', 20 );
INSERT INTO "times" VALUES ( 17935, 12880, '07:07:00', '07:07:00', 20 );
INSERT INTO "times" VALUES ( 17935, 12890, '07:06:00', '07:06:00', 20 );
INSERT INTO "times" VALUES ( 17935, 12900, '07:01:00', '07:04:00', 20 );
INSERT INTO "times" VALUES ( 17935, 13510, '06:58:00', '06:58:00', 30 );
INSERT INTO "times" VALUES ( 17935, 13520, NULL, '06:56:00', 30 );

INSERT INTO "dias" VALUES ( 17936, 100, FALSE, TRUE, 'Q0700Z', 11510, 13520 );
INSERT INTO "dias_line_groups" VALUES ( 17936, 10 );
INSERT INTO "times" VALUES ( 17936, 11510, NULL, '07:01:00', 10 );
INSERT INTO "times" VALUES ( 17936, 11520, '07:02:00', '07:02:00', 10 );
INSERT INTO "times" VALUES ( 17936, 11530, '07:04:00', '07:04:00', 10 );
INSERT INTO "times" VALUES ( 17936, 11540, '07:06:00', '07:06:00', 10 );
INSERT INTO "times" VALUES ( 17936, 12530, '07:08:00', '07:08:00', 20 );
INSERT INTO "times" VALUES ( 17936, 12540, '07:11:00', '07:11:00', 20 );
INSERT INTO "times" VALUES ( 17936, 12550, '07:13:00', '07:13:00', 20 );
INSERT INTO "times" VALUES ( 17936, 12560, '07:15:00', '07:15:00', 20 );
INSERT INTO "times" VALUES ( 17936, 12570, '07:16:00', '07:16:00', 20 );
INSERT INTO "times" VALUES ( 17936, 12580, '07:18:00', '07:18:00', 20 );
INSERT INTO "times" VALUES ( 17936, 12590, '07:19:00', '07:19:00', 20 );
INSERT INTO "times" VALUES ( 17936, 12600, '07:20:00', '07:20:00', 20 );
INSERT INTO "times" VALUES ( 17936, 12610, '07:22:00', '07:25:00', 20 );
INSERT INTO "times" VALUES ( 17936, 12620, '07:27:00', '07:27:00', 20 );
INSERT INTO "times" VALUES ( 17936, 12630, '07:28:00', '07:28:00', 20 );
INSERT INTO "times" VALUES ( 17936, 12640, '07:30:00', '07:30:00', 20 );
INSERT INTO "times" VALUES ( 17936, 12650, '07:31:00', '07:31:00', 20 );
INSERT INTO "times" VALUES ( 17936, 12660, '07:33:00', '07:35:00', 20 );
INSERT INTO "times" VALUES ( 17936, 12670, '07:38:00', '07:38:00', 20 );
INSERT INTO "times" VALUES ( 17936, 12680, '07:41:00', '07:44:00', 20 );
INSERT INTO "times" VALUES ( 17936, 12690, '07:46:00', '07:46:00', 20 );
INSERT INTO "times" VALUES ( 17936, 12700, '07:49:00', '07:49:00', 20 );
INSERT INTO "times" VALUES ( 17936, 12710, '07:51:00', '07:54:00', 20 );
INSERT INTO "times" VALUES ( 17936, 12720, '07:57:00', '07:57:00', 20 );
INSERT INTO "times" VALUES ( 17936, 12730, '07:59:00', '07:59:00', 20 );
INSERT INTO "times" VALUES ( 17936, 12740, '08:02:00', '08:02:00', 20 );
INSERT INTO "times" VALUES ( 17936, 12750, '08:05:00', '08:05:00', 20 );
INSERT INTO "times" VALUES ( 17936, 12760, '08:08:00', '08:08:00', 20 );
INSERT INTO "times" VALUES ( 17936, 12770, '08:12:00', '08:12:00', 20 );
INSERT INTO "times" VALUES ( 17936, 12780, '08:16:00', '08:16:00', 20 );
INSERT INTO "times" VALUES ( 17936, 12790, '08:17:00', '08:17:00', 20 );
INSERT INTO "times" VALUES ( 17936, 12800, '08:19:00', '08:23:00', 20 );
INSERT INTO "times" VALUES ( 17936, 12810, '08:25:00', '08:25:00', 20 );
INSERT INTO "times" VALUES ( 17936, 12820, '08:27:00', '08:27:00', 20 );
INSERT INTO "times" VALUES ( 17936, 12830, '08:29:00', '08:29:00', 20 );
INSERT INTO "times" VALUES ( 17936, 12840, '08:30:00', '08:30:00', 20 );
INSERT INTO "times" VALUES ( 17936, 12850, '08:31:00', '08:31:00', 20 );
INSERT INTO "times" VALUES ( 17936, 12860, '08:33:00', '08:33:00', 20 );
INSERT INTO "times" VALUES ( 17936, 12870, '08:35:00', '08:35:00', 20 );
INSERT INTO "times" VALUES ( 17936, 12880, '08:36:00', '08:36:00', 20 );
INSERT INTO "times" VALUES ( 17936, 12890, '08:38:00', '08:38:00', 20 );
INSERT INTO "times" VALUES ( 17936, 12900, '08:40:00', '08:43:00', 20 );
INSERT INTO "times" VALUES ( 17936, 13510, '08:45:00', '08:45:00', 30 );
INSERT INTO "times" VALUES ( 17936, 13520, '08:48:00', NULL, NULL );

INSERT INTO "dias" VALUES ( 17937, 100, FALSE, TRUE, 'Q0701B', 13520, 11510 );
INSERT INTO "dias_line_groups" VALUES ( 17937, 10 );
INSERT INTO "times" VALUES ( 17937, 11510, '09:07:00', NULL, NULL );
INSERT INTO "times" VALUES ( 17937, 11520, '09:04:00', '09:04:00', 10 );
INSERT INTO "times" VALUES ( 17937, 11530, '09:03:00', '09:03:00', 10 );
INSERT INTO "times" VALUES ( 17937, 11540, '09:01:00', '09:01:00', 10 );
INSERT INTO "times" VALUES ( 17937, 12530, '08:59:00', '09:00:00', 10 );
INSERT INTO "times" VALUES ( 17937, 12540, '08:54:00', '08:56:00', 20 );
INSERT INTO "times" VALUES ( 17937, 12550, '08:51:00', '08:51:00', 20 );
INSERT INTO "times" VALUES ( 17937, 12560, '08:49:00', '08:49:00', 20 );
INSERT INTO "times" VALUES ( 17937, 12570, '08:48:00', '08:48:00', 20 );
INSERT INTO "times" VALUES ( 17937, 12580, '08:46:00', '08:46:00', 20 );
INSERT INTO "times" VALUES ( 17937, 12590, '08:45:00', '08:45:00', 20 );
INSERT INTO "times" VALUES ( 17937, 12600, '08:44:00', '08:44:00', 20 );
INSERT INTO "times" VALUES ( 17937, 12610, '08:37:00', '08:42:00', 20 );
INSERT INTO "times" VALUES ( 17937, 12620, '08:35:00', '08:35:00', 20 );
INSERT INTO "times" VALUES ( 17937, 12630, '08:34:00', '08:34:00', 20 );
INSERT INTO "times" VALUES ( 17937, 12640, '08:32:00', '08:32:00', 20 );
INSERT INTO "times" VALUES ( 17937, 12650, '08:30:00', '08:30:00', 20 );
INSERT INTO "times" VALUES ( 17937, 12660, '08:28:00', '08:29:00', 20 );
INSERT INTO "times" VALUES ( 17937, 12670, '08:25:00', '08:25:00', 20 );
INSERT INTO "times" VALUES ( 17937, 12680, '08:17:00', '08:22:00', 20 );
INSERT INTO "times" VALUES ( 17937, 12690, '08:14:00', '08:14:00', 20 );
INSERT INTO "times" VALUES ( 17937, 12700, '08:12:00', '08:12:00', 20 );
INSERT INTO "times" VALUES ( 17937, 12710, '08:10:00', '08:10:00', 20 );
INSERT INTO "times" VALUES ( 17937, 12720, '08:07:00', '08:07:00', 20 );
INSERT INTO "times" VALUES ( 17937, 12730, '08:05:00', '08:05:00', 20 );
INSERT INTO "times" VALUES ( 17937, 12740, '08:03:00', '08:03:00', 20 );
INSERT INTO "times" VALUES ( 17937, 12750, '07:59:00', '07:59:00', 20 );
INSERT INTO "times" VALUES ( 17937, 12760, '07:57:00', '07:57:00', 20 );
INSERT INTO "times" VALUES ( 17937, 12770, '07:53:00', '07:53:00', 20 );
INSERT INTO "times" VALUES ( 17937, 12780, '07:48:00', '07:48:00', 20 );
INSERT INTO "times" VALUES ( 17937, 12790, '07:46:00', '07:46:00', 20 );
INSERT INTO "times" VALUES ( 17937, 12800, '07:41:00', '07:44:00', 20 );
INSERT INTO "times" VALUES ( 17937, 12810, '07:39:00', '07:39:00', 20 );
INSERT INTO "times" VALUES ( 17937, 12820, '07:37:00', '07:37:00', 20 );
INSERT INTO "times" VALUES ( 17937, 12830, '07:36:00', '07:36:00', 20 );
INSERT INTO "times" VALUES ( 17937, 12840, '07:34:00', '07:34:00', 20 );
INSERT INTO "times" VALUES ( 17937, 12850, '07:33:00', '07:33:00', 20 );
INSERT INTO "times" VALUES ( 17937, 12860, '07:31:00', '07:31:00', 20 );
INSERT INTO "times" VALUES ( 17937, 12870, '07:29:00', '07:29:00', 20 );
INSERT INTO "times" VALUES ( 17937, 12880, '07:27:00', '07:27:00', 20 );
INSERT INTO "times" VALUES ( 17937, 12890, '07:26:00', '07:26:00', 20 );
INSERT INTO "times" VALUES ( 17937, 12900, '07:20:00', '07:24:00', 20 );
INSERT INTO "times" VALUES ( 17937, 13510, '07:18:00', '07:18:00', 30 );
INSERT INTO "times" VALUES ( 17937, 13520, NULL, '07:16:00', 30 );

INSERT INTO "dias" VALUES ( 17938, 100, FALSE, TRUE, 'Q0702Z', 11510, 13520 );
INSERT INTO "dias_line_groups" VALUES ( 17938, 10 );
INSERT INTO "times" VALUES ( 17938, 11510, NULL, '07:31:00', 10 );
INSERT INTO "times" VALUES ( 17938, 11520, '07:32:00', '07:32:00', 10 );
INSERT INTO "times" VALUES ( 17938, 11530, '07:34:00', '07:34:00', 10 );
INSERT INTO "times" VALUES ( 17938, 11540, '07:36:00', '07:36:00', 10 );
INSERT INTO "times" VALUES ( 17938, 12530, '07:38:00', '07:38:00', 20 );
INSERT INTO "times" VALUES ( 17938, 12540, '07:41:00', '07:41:00', 20 );
INSERT INTO "times" VALUES ( 17938, 12550, '07:43:00', '07:43:00', 20 );
INSERT INTO "times" VALUES ( 17938, 12560, '07:45:00', '07:45:00', 20 );
INSERT INTO "times" VALUES ( 17938, 12570, '07:46:00', '07:46:00', 20 );
INSERT INTO "times" VALUES ( 17938, 12580, '07:48:00', '07:48:00', 20 );
INSERT INTO "times" VALUES ( 17938, 12590, '07:49:00', '07:49:00', 20 );
INSERT INTO "times" VALUES ( 17938, 12600, '07:50:00', '07:50:00', 20 );
INSERT INTO "times" VALUES ( 17938, 12610, '07:52:00', '07:55:00', 20 );
INSERT INTO "times" VALUES ( 17938, 12620, '07:57:00', '07:57:00', 20 );
INSERT INTO "times" VALUES ( 17938, 12630, '07:58:00', '07:58:00', 20 );
INSERT INTO "times" VALUES ( 17938, 12640, '08:00:00', '08:00:00', 20 );
INSERT INTO "times" VALUES ( 17938, 12650, '08:01:00', '08:01:00', 20 );
INSERT INTO "times" VALUES ( 17938, 12660, '08:03:00', '08:05:00', 20 );
INSERT INTO "times" VALUES ( 17938, 12670, '08:08:00', '08:08:00', 20 );
INSERT INTO "times" VALUES ( 17938, 12680, '08:11:00', '08:14:00', 20 );
INSERT INTO "times" VALUES ( 17938, 12690, '08:16:00', '08:16:00', 20 );
INSERT INTO "times" VALUES ( 17938, 12700, '08:19:00', '08:19:00', 20 );
INSERT INTO "times" VALUES ( 17938, 12710, '08:21:00', '08:25:00', 20 );
INSERT INTO "times" VALUES ( 17938, 12720, '08:27:00', '08:27:00', 20 );
INSERT INTO "times" VALUES ( 17938, 12730, '08:29:00', '08:29:00', 20 );
INSERT INTO "times" VALUES ( 17938, 12740, '08:32:00', '08:32:00', 20 );
INSERT INTO "times" VALUES ( 17938, 12750, '08:35:00', '08:35:00', 20 );
INSERT INTO "times" VALUES ( 17938, 12760, '08:38:00', '08:38:00', 20 );
INSERT INTO "times" VALUES ( 17938, 12770, '08:42:00', '08:42:00', 20 );
INSERT INTO "times" VALUES ( 17938, 12780, '08:46:00', '08:46:00', 20 );
INSERT INTO "times" VALUES ( 17938, 12790, '08:47:00', '08:47:00', 20 );
INSERT INTO "times" VALUES ( 17938, 12800, '08:49:00', '08:53:00', 20 );
INSERT INTO "times" VALUES ( 17938, 12810, '08:55:00', '08:55:00', 20 );
INSERT INTO "times" VALUES ( 17938, 12820, '08:56:00', '08:56:00', 20 );
INSERT INTO "times" VALUES ( 17938, 12830, '08:58:00', '08:58:00', 20 );
INSERT INTO "times" VALUES ( 17938, 12840, '08:59:00', '08:59:00', 20 );
INSERT INTO "times" VALUES ( 17938, 12850, '09:01:00', '09:01:00', 20 );
INSERT INTO "times" VALUES ( 17938, 12860, '09:02:00', '09:02:00', 20 );
INSERT INTO "times" VALUES ( 17938, 12870, '09:04:00', '09:04:00', 20 );
INSERT INTO "times" VALUES ( 17938, 12880, '09:06:00', '09:06:00', 20 );
INSERT INTO "times" VALUES ( 17938, 12890, '09:08:00', '09:08:00', 20 );
INSERT INTO "times" VALUES ( 17938, 12900, '09:09:00', '09:13:00', 20 );
INSERT INTO "times" VALUES ( 17938, 13510, '09:15:00', '09:15:00', 30 );
INSERT INTO "times" VALUES ( 17938, 13520, '09:18:00', NULL, NULL );

INSERT INTO "dias" VALUES ( 17939, 100, FALSE, TRUE, 'Q0703B', 13520, 11510 );
INSERT INTO "dias_line_groups" VALUES ( 17939, 10 );
INSERT INTO "times" VALUES ( 17939, 11510, '09:27:00', NULL, NULL );
INSERT INTO "times" VALUES ( 17939, 11520, '09:24:00', '09:24:00', 10 );
INSERT INTO "times" VALUES ( 17939, 11530, '09:23:00', '09:23:00', 10 );
INSERT INTO "times" VALUES ( 17939, 11540, '09:21:00', '09:21:00', 10 );
INSERT INTO "times" VALUES ( 17939, 12530, '09:20:00', '09:20:00', 10 );
INSERT INTO "times" VALUES ( 17939, 12540, '09:14:00', '09:17:00', 20 );
INSERT INTO "times" VALUES ( 17939, 12550, '09:11:00', '09:11:00', 20 );
INSERT INTO "times" VALUES ( 17939, 12560, '09:10:00', '09:10:00', 20 );
INSERT INTO "times" VALUES ( 17939, 12570, '09:08:00', '09:08:00', 20 );
INSERT INTO "times" VALUES ( 17939, 12580, '09:07:00', '09:07:00', 20 );
INSERT INTO "times" VALUES ( 17939, 12590, '09:05:00', '09:05:00', 20 );
INSERT INTO "times" VALUES ( 17939, 12600, '09:04:00', '09:04:00', 20 );
INSERT INTO "times" VALUES ( 17939, 12610, '09:01:00', '09:03:00', 20 );
INSERT INTO "times" VALUES ( 17939, 12620, '08:59:00', '08:59:00', 20 );
INSERT INTO "times" VALUES ( 17939, 12630, '08:57:00', '08:57:00', 20 );
INSERT INTO "times" VALUES ( 17939, 12640, '08:55:00', '08:55:00', 20 );
INSERT INTO "times" VALUES ( 17939, 12650, '08:54:00', '08:54:00', 20 );
INSERT INTO "times" VALUES ( 17939, 12660, '08:52:00', '08:52:00', 20 );
INSERT INTO "times" VALUES ( 17939, 12670, '08:48:00', '08:48:00', 20 );
INSERT INTO "times" VALUES ( 17939, 12680, '08:41:00', '08:45:00', 20 );
INSERT INTO "times" VALUES ( 17939, 12690, '08:39:00', '08:39:00', 20 );
INSERT INTO "times" VALUES ( 17939, 12700, '08:37:00', '08:37:00', 20 );
INSERT INTO "times" VALUES ( 17939, 12710, '08:31:00', '08:35:00', 20 );
INSERT INTO "times" VALUES ( 17939, 12720, '08:28:00', '08:28:00', 20 );
INSERT INTO "times" VALUES ( 17939, 12730, '08:26:00', '08:26:00', 20 );
INSERT INTO "times" VALUES ( 17939, 12740, '08:24:00', '08:24:00', 20 );
INSERT INTO "times" VALUES ( 17939, 12750, '08:20:00', '08:20:00', 20 );
INSERT INTO "times" VALUES ( 17939, 12760, '08:18:00', '08:18:00', 20 );
INSERT INTO "times" VALUES ( 17939, 12770, '08:14:00', '08:14:00', 20 );
INSERT INTO "times" VALUES ( 17939, 12780, '08:09:00', '08:09:00', 20 );
INSERT INTO "times" VALUES ( 17939, 12790, '08:07:00', '08:07:00', 20 );
INSERT INTO "times" VALUES ( 17939, 12800, '08:02:00', '08:05:00', 20 );
INSERT INTO "times" VALUES ( 17939, 12810, '07:59:00', '07:59:00', 20 );
INSERT INTO "times" VALUES ( 17939, 12820, '07:58:00', '07:58:00', 20 );
INSERT INTO "times" VALUES ( 17939, 12830, '07:57:00', '07:57:00', 20 );
INSERT INTO "times" VALUES ( 17939, 12840, '07:55:00', '07:55:00', 20 );
INSERT INTO "times" VALUES ( 17939, 12850, '07:53:00', '07:53:00', 20 );
INSERT INTO "times" VALUES ( 17939, 12860, '07:51:00', '07:51:00', 20 );
INSERT INTO "times" VALUES ( 17939, 12870, '07:49:00', '07:49:00', 20 );
INSERT INTO "times" VALUES ( 17939, 12880, '07:48:00', '07:48:00', 20 );
INSERT INTO "times" VALUES ( 17939, 12890, '07:46:00', '07:46:00', 20 );
INSERT INTO "times" VALUES ( 17939, 12900, '07:39:00', '07:44:00', 20 );
INSERT INTO "times" VALUES ( 17939, 13510, '07:37:00', '07:37:00', 30 );
INSERT INTO "times" VALUES ( 17939, 13520, NULL, '07:35:00', 30 );

INSERT INTO "dias" VALUES ( 17940, 100, FALSE, TRUE, 'Q0704Z', 11510, 13520 );
INSERT INTO "dias_line_groups" VALUES ( 17940, 10 );
INSERT INTO "times" VALUES ( 17940, 11510, NULL, '07:54:00', 10 );
INSERT INTO "times" VALUES ( 17940, 11520, '07:56:00', '07:56:00', 10 );
INSERT INTO "times" VALUES ( 17940, 11530, '07:57:00', '07:57:00', 10 );
INSERT INTO "times" VALUES ( 17940, 11540, '07:59:00', '07:59:00', 10 );
INSERT INTO "times" VALUES ( 17940, 12530, '08:02:00', '08:02:00', 20 );
INSERT INTO "times" VALUES ( 17940, 12540, '08:04:00', '08:12:00', 20 );
INSERT INTO "times" VALUES ( 17940, 12550, '08:14:00', '08:14:00', 20 );
INSERT INTO "times" VALUES ( 17940, 12560, '08:15:00', '08:15:00', 20 );
INSERT INTO "times" VALUES ( 17940, 12570, '08:17:00', '08:17:00', 20 );
INSERT INTO "times" VALUES ( 17940, 12580, '08:19:00', '08:19:00', 20 );
INSERT INTO "times" VALUES ( 17940, 12590, '08:20:00', '08:20:00', 20 );
INSERT INTO "times" VALUES ( 17940, 12600, '08:21:00', '08:21:00', 20 );
INSERT INTO "times" VALUES ( 17940, 12610, '08:23:00', '08:25:00', 20 );
INSERT INTO "times" VALUES ( 17940, 12620, '08:27:00', '08:27:00', 20 );
INSERT INTO "times" VALUES ( 17940, 12630, '08:28:00', '08:28:00', 20 );
INSERT INTO "times" VALUES ( 17940, 12640, '08:30:00', '08:30:00', 20 );
INSERT INTO "times" VALUES ( 17940, 12650, '08:32:00', '08:32:00', 20 );
INSERT INTO "times" VALUES ( 17940, 12660, '08:34:00', '08:34:00', 20 );
INSERT INTO "times" VALUES ( 17940, 12670, '08:37:00', '08:37:00', 20 );
INSERT INTO "times" VALUES ( 17940, 12680, '08:40:00', '08:40:00', 20 );
INSERT INTO "times" VALUES ( 17940, 12690, '08:42:00', '08:42:00', 20 );
INSERT INTO "times" VALUES ( 17940, 12700, '08:45:00', '08:45:00', 20 );
INSERT INTO "times" VALUES ( 17940, 12710, '08:47:00', '08:53:00', 20 );
INSERT INTO "times" VALUES ( 17940, 12720, '08:55:00', '08:55:00', 20 );
INSERT INTO "times" VALUES ( 17940, 12730, '08:58:00', '08:58:00', 20 );
INSERT INTO "times" VALUES ( 17940, 12740, '09:00:00', '09:02:00', 20 );
INSERT INTO "times" VALUES ( 17940, 12750, '09:04:00', '09:04:00', 20 );
INSERT INTO "times" VALUES ( 17940, 12760, '09:07:00', '09:07:00', 20 );
INSERT INTO "times" VALUES ( 17940, 12770, '09:11:00', '09:11:00', 20 );
INSERT INTO "times" VALUES ( 17940, 12780, '09:16:00', '09:16:00', 20 );
INSERT INTO "times" VALUES ( 17940, 12790, '09:17:00', '09:17:00', 20 );
INSERT INTO "times" VALUES ( 17940, 12800, '09:19:00', '09:23:00', 20 );
INSERT INTO "times" VALUES ( 17940, 12810, '09:24:00', '09:24:00', 20 );
INSERT INTO "times" VALUES ( 17940, 12820, '09:26:00', '09:26:00', 20 );
INSERT INTO "times" VALUES ( 17940, 12830, '09:28:00', '09:28:00', 20 );
INSERT INTO "times" VALUES ( 17940, 12840, '09:29:00', '09:29:00', 20 );
INSERT INTO "times" VALUES ( 17940, 12850, '09:31:00', '09:31:00', 20 );
INSERT INTO "times" VALUES ( 17940, 12860, '09:32:00', '09:32:00', 20 );
INSERT INTO "times" VALUES ( 17940, 12870, '09:34:00', '09:34:00', 20 );
INSERT INTO "times" VALUES ( 17940, 12880, '09:36:00', '09:36:00', 20 );
INSERT INTO "times" VALUES ( 17940, 12890, '09:38:00', '09:38:00', 20 );
INSERT INTO "times" VALUES ( 17940, 12900, '09:39:00', '09:43:00', 20 );
INSERT INTO "times" VALUES ( 17940, 13510, '09:45:00', '09:45:00', 30 );
INSERT INTO "times" VALUES ( 17940, 13520, '09:48:00', NULL, NULL );

INSERT INTO "dias" VALUES ( 17941, 100, FALSE, TRUE, 'Q0705B', 13520, 11510 );
INSERT INTO "dias_line_groups" VALUES ( 17941, 10 );
INSERT INTO "times" VALUES ( 17941, 11510, '09:47:00', NULL, NULL );
INSERT INTO "times" VALUES ( 17941, 11520, '09:44:00', '09:44:00', 10 );
INSERT INTO "times" VALUES ( 17941, 11530, '09:43:00', '09:43:00', 10 );
INSERT INTO "times" VALUES ( 17941, 11540, '09:41:00', '09:41:00', 10 );
INSERT INTO "times" VALUES ( 17941, 12530, '09:40:00', '09:40:00', 10 );
INSERT INTO "times" VALUES ( 17941, 12540, '09:30:00', '09:37:00', 20 );
INSERT INTO "times" VALUES ( 17941, 12550, '09:28:00', '09:28:00', 20 );
INSERT INTO "times" VALUES ( 17941, 12560, '09:26:00', '09:26:00', 20 );
INSERT INTO "times" VALUES ( 17941, 12570, '09:24:00', '09:24:00', 20 );
INSERT INTO "times" VALUES ( 17941, 12580, '09:23:00', '09:23:00', 20 );
INSERT INTO "times" VALUES ( 17941, 12590, '09:22:00', '09:22:00', 20 );
INSERT INTO "times" VALUES ( 17941, 12600, '09:20:00', '09:20:00', 20 );
INSERT INTO "times" VALUES ( 17941, 12610, '09:15:00', '09:19:00', 20 );
INSERT INTO "times" VALUES ( 17941, 12620, '09:13:00', '09:13:00', 20 );
INSERT INTO "times" VALUES ( 17941, 12630, '09:11:00', '09:11:00', 20 );
INSERT INTO "times" VALUES ( 17941, 12640, '09:10:00', '09:10:00', 20 );
INSERT INTO "times" VALUES ( 17941, 12650, '09:08:00', '09:08:00', 20 );
INSERT INTO "times" VALUES ( 17941, 12660, '09:05:00', '09:06:00', 20 );
INSERT INTO "times" VALUES ( 17941, 12670, '09:02:00', '09:02:00', 20 );
INSERT INTO "times" VALUES ( 17941, 12680, '08:59:00', '08:59:00', 20 );
INSERT INTO "times" VALUES ( 17941, 12690, '08:57:00', '08:57:00', 20 );
INSERT INTO "times" VALUES ( 17941, 12700, '08:54:00', '08:54:00', 20 );
INSERT INTO "times" VALUES ( 17941, 12710, '08:52:00', '08:53:00', 20 );
INSERT INTO "times" VALUES ( 17941, 12720, '08:49:00', '08:49:00', 20 );
INSERT INTO "times" VALUES ( 17941, 12730, '08:47:00', '08:47:00', 20 );
INSERT INTO "times" VALUES ( 17941, 12740, '08:38:00', '08:44:00', 20 );
INSERT INTO "times" VALUES ( 17941, 12750, '08:34:00', '08:34:00', 20 );
INSERT INTO "times" VALUES ( 17941, 12760, '08:32:00', '08:32:00', 20 );
INSERT INTO "times" VALUES ( 17941, 12770, '08:27:00', '08:28:00', 20 );
INSERT INTO "times" VALUES ( 17941, 12780, '08:22:00', '08:23:00', 20 );
INSERT INTO "times" VALUES ( 17941, 12790, '08:20:00', '08:20:00', 20 );
INSERT INTO "times" VALUES ( 17941, 12800, '08:19:00', '08:19:00', 20 );
INSERT INTO "times" VALUES ( 17941, 12810, '08:16:00', '08:16:00', 20 );
INSERT INTO "times" VALUES ( 17941, 12820, '08:15:00', '08:15:00', 20 );
INSERT INTO "times" VALUES ( 17941, 12830, '08:10:00', '08:13:00', 20 );
INSERT INTO "times" VALUES ( 17941, 12840, '08:08:00', '08:08:00', 20 );
INSERT INTO "times" VALUES ( 17941, 12850, '08:06:00', '08:06:00', 20 );
INSERT INTO "times" VALUES ( 17941, 12860, '08:04:00', '08:04:00', 20 );
INSERT INTO "times" VALUES ( 17941, 12870, '08:03:00', '08:03:00', 20 );
INSERT INTO "times" VALUES ( 17941, 12880, '08:01:00', '08:01:00', 20 );
INSERT INTO "times" VALUES ( 17941, 12890, '07:59:00', '07:59:00', 20 );
INSERT INTO "times" VALUES ( 17941, 12900, '07:57:00', '07:58:00', 20 );
INSERT INTO "times" VALUES ( 17941, 13510, '07:55:00', '07:55:00', 30 );
INSERT INTO "times" VALUES ( 17941, 13520, NULL, '07:53:00', 30 );

INSERT INTO "dias" VALUES ( 17942, 100, FALSE, TRUE, 'Q0800Z', 11510, 13520 );
INSERT INTO "dias_line_groups" VALUES ( 17942, 10 );
INSERT INTO "times" VALUES ( 17942, 11510, NULL, '08:04:00', 10 );
INSERT INTO "times" VALUES ( 17942, 11520, '08:05:00', '08:05:00', 10 );
INSERT INTO "times" VALUES ( 17942, 11530, '08:07:00', '08:07:00', 10 );
INSERT INTO "times" VALUES ( 17942, 11540, '08:09:00', '08:09:00', 10 );
INSERT INTO "times" VALUES ( 17942, 12530, '08:11:00', '08:12:00', 20 );
INSERT INTO "times" VALUES ( 17942, 12540, '08:14:00', '08:22:00', 20 );
INSERT INTO "times" VALUES ( 17942, 12550, '08:24:00', '08:24:00', 20 );
INSERT INTO "times" VALUES ( 17942, 12560, '08:25:00', '08:25:00', 20 );
INSERT INTO "times" VALUES ( 17942, 12570, '08:27:00', '08:27:00', 20 );
INSERT INTO "times" VALUES ( 17942, 12580, '08:29:00', '08:29:00', 20 );
INSERT INTO "times" VALUES ( 17942, 12590, '08:30:00', '08:30:00', 20 );
INSERT INTO "times" VALUES ( 17942, 12600, '08:31:00', '08:31:00', 20 );
INSERT INTO "times" VALUES ( 17942, 12610, '08:33:00', '08:35:00', 20 );
INSERT INTO "times" VALUES ( 17942, 12620, '08:37:00', '08:37:00', 20 );
INSERT INTO "times" VALUES ( 17942, 12630, '08:38:00', '08:38:00', 20 );
INSERT INTO "times" VALUES ( 17942, 12640, '08:40:00', '08:40:00', 20 );
INSERT INTO "times" VALUES ( 17942, 12650, '08:42:00', '08:42:00', 20 );
INSERT INTO "times" VALUES ( 17942, 12660, '08:44:00', '08:44:00', 20 );
INSERT INTO "times" VALUES ( 17942, 12670, '08:47:00', '08:47:00', 20 );
INSERT INTO "times" VALUES ( 17942, 12680, '08:51:00', '08:51:00', 20 );
INSERT INTO "times" VALUES ( 17942, 12690, '08:52:00', '08:52:00', 20 );
INSERT INTO "times" VALUES ( 17942, 12700, '08:55:00', '08:55:00', 20 );
INSERT INTO "times" VALUES ( 17942, 12710, '08:57:00', '08:58:00', 20 );
INSERT INTO "times" VALUES ( 17942, 12720, '08:59:00', '08:59:00', 20 );
INSERT INTO "times" VALUES ( 17942, 12730, '09:02:00', '09:02:00', 20 );
INSERT INTO "times" VALUES ( 17942, 12740, '09:05:00', '09:10:00', 20 );
INSERT INTO "times" VALUES ( 17942, 12750, '09:13:00', '09:13:00', 20 );
INSERT INTO "times" VALUES ( 17942, 12760, '09:16:00', '09:16:00', 20 );
INSERT INTO "times" VALUES ( 17942, 12770, '09:20:00', '09:21:00', 20 );
INSERT INTO "times" VALUES ( 17942, 12780, '09:25:00', '09:25:00', 20 );
INSERT INTO "times" VALUES ( 17942, 12790, '09:26:00', '09:26:00', 20 );
INSERT INTO "times" VALUES ( 17942, 12800, '09:28:00', '09:32:00', 20 );
INSERT INTO "times" VALUES ( 17942, 12810, '09:34:00', '09:34:00', 20 );
INSERT INTO "times" VALUES ( 17942, 12820, '09:35:00', '09:35:00', 20 );
INSERT INTO "times" VALUES ( 17942, 12830, '09:37:00', '09:39:00', 20 );
INSERT INTO "times" VALUES ( 17942, 12840, '09:41:00', '09:41:00', 20 );
INSERT INTO "times" VALUES ( 17942, 12850, '09:42:00', '09:42:00', 20 );
INSERT INTO "times" VALUES ( 17942, 12860, '09:44:00', '09:44:00', 20 );
INSERT INTO "times" VALUES ( 17942, 12870, '09:45:00', '09:45:00', 20 );
INSERT INTO "times" VALUES ( 17942, 12880, '09:47:00', '09:47:00', 20 );
INSERT INTO "times" VALUES ( 17942, 12890, '09:49:00', '09:49:00', 20 );
INSERT INTO "times" VALUES ( 17942, 12900, '09:50:00', '09:54:00', 20 );
INSERT INTO "times" VALUES ( 17942, 13510, '09:56:00', '09:56:00', 30 );
INSERT INTO "times" VALUES ( 17942, 13520, '09:59:00', NULL, NULL );

INSERT INTO "dias" VALUES ( 17943, 100, FALSE, TRUE, 'Q0801B', 13520, 11510 );
INSERT INTO "dias_line_groups" VALUES ( 17943, 10 );
INSERT INTO "times" VALUES ( 17943, 11510, '09:57:00', NULL, NULL );
INSERT INTO "times" VALUES ( 17943, 11520, '09:54:00', '09:54:00', 10 );
INSERT INTO "times" VALUES ( 17943, 11530, '09:53:00', '09:53:00', 10 );
INSERT INTO "times" VALUES ( 17943, 11540, '09:51:00', '09:51:00', 10 );
INSERT INTO "times" VALUES ( 17943, 12530, '09:50:00', '09:50:00', 10 );
INSERT INTO "times" VALUES ( 17943, 12540, '09:40:00', '09:47:00', 20 );
INSERT INTO "times" VALUES ( 17943, 12550, '09:38:00', '09:38:00', 20 );
INSERT INTO "times" VALUES ( 17943, 12560, '09:36:00', '09:36:00', 20 );
INSERT INTO "times" VALUES ( 17943, 12570, '09:34:00', '09:34:00', 20 );
INSERT INTO "times" VALUES ( 17943, 12580, '09:33:00', '09:33:00', 20 );
INSERT INTO "times" VALUES ( 17943, 12590, '09:32:00', '09:32:00', 20 );
INSERT INTO "times" VALUES ( 17943, 12600, '09:30:00', '09:30:00', 20 );
INSERT INTO "times" VALUES ( 17943, 12610, '09:25:00', '09:29:00', 20 );
INSERT INTO "times" VALUES ( 17943, 12620, '09:23:00', '09:23:00', 20 );
INSERT INTO "times" VALUES ( 17943, 12630, '09:21:00', '09:21:00', 20 );
INSERT INTO "times" VALUES ( 17943, 12640, '09:20:00', '09:20:00', 20 );
INSERT INTO "times" VALUES ( 17943, 12650, '09:18:00', '09:18:00', 20 );
INSERT INTO "times" VALUES ( 17943, 12660, '09:15:00', '09:16:00', 20 );
INSERT INTO "times" VALUES ( 17943, 12670, '09:12:00', '09:12:00', 20 );
INSERT INTO "times" VALUES ( 17943, 12680, '09:06:00', '09:09:00', 20 );
INSERT INTO "times" VALUES ( 17943, 12690, '09:03:00', '09:03:00', 20 );
INSERT INTO "times" VALUES ( 17943, 12700, '09:01:00', '09:01:00', 20 );
INSERT INTO "times" VALUES ( 17943, 12710, '08:55:00', '08:59:00', 20 );
INSERT INTO "times" VALUES ( 17943, 12720, '08:53:00', '08:53:00', 20 );
INSERT INTO "times" VALUES ( 17943, 12730, '08:50:00', '08:50:00', 20 );
INSERT INTO "times" VALUES ( 17943, 12740, '08:48:00', '08:48:00', 20 );
INSERT INTO "times" VALUES ( 17943, 12750, '08:44:00', '08:44:00', 20 );
INSERT INTO "times" VALUES ( 17943, 12760, '08:42:00', '08:42:00', 20 );
INSERT INTO "times" VALUES ( 17943, 12770, '08:38:00', '08:38:00', 20 );
INSERT INTO "times" VALUES ( 17943, 12780, '08:34:00', '08:34:00', 20 );
INSERT INTO "times" VALUES ( 17943, 12790, '08:31:00', '08:31:00', 20 );
INSERT INTO "times" VALUES ( 17943, 12800, '08:25:00', '08:29:00', 20 );
INSERT INTO "times" VALUES ( 17943, 12810, '08:22:00', '08:22:00', 20 );
INSERT INTO "times" VALUES ( 17943, 12820, '08:21:00', '08:21:00', 20 );
INSERT INTO "times" VALUES ( 17943, 12830, '08:20:00', '08:20:00', 20 );
INSERT INTO "times" VALUES ( 17943, 12840, '08:18:00', '08:18:00', 20 );
INSERT INTO "times" VALUES ( 17943, 12850, '08:16:00', '08:16:00', 20 );
INSERT INTO "times" VALUES ( 17943, 12860, '08:14:00', '08:14:00', 20 );
INSERT INTO "times" VALUES ( 17943, 12870, '08:12:00', '08:12:00', 20 );
INSERT INTO "times" VALUES ( 17943, 12880, '08:11:00', '08:11:00', 20 );
INSERT INTO "times" VALUES ( 17943, 12890, '08:09:00', '08:09:00', 20 );
INSERT INTO "times" VALUES ( 17943, 12900, '08:08:00', '08:08:00', 20 );
INSERT INTO "times" VALUES ( 17943, 13510, '08:05:00', '08:05:00', 30 );
INSERT INTO "times" VALUES ( 17943, 13520, NULL, '08:03:00', 30 );

INSERT INTO "dias" VALUES ( 17944, 100, FALSE, TRUE, 'Q0802Z', 11510, 13520 );
INSERT INTO "dias_line_groups" VALUES ( 17944, 10 );
INSERT INTO "times" VALUES ( 17944, 11510, NULL, '08:14:00', 10 );
INSERT INTO "times" VALUES ( 17944, 11520, '08:15:00', '08:15:00', 10 );
INSERT INTO "times" VALUES ( 17944, 11530, '08:17:00', '08:17:00', 10 );
INSERT INTO "times" VALUES ( 17944, 11540, '08:19:00', '08:19:00', 10 );
INSERT INTO "times" VALUES ( 17944, 12530, '08:21:00', '08:22:00', 20 );
INSERT INTO "times" VALUES ( 17944, 12540, '08:24:00', '08:32:00', 20 );
INSERT INTO "times" VALUES ( 17944, 12550, '08:34:00', '08:34:00', 20 );
INSERT INTO "times" VALUES ( 17944, 12560, '08:35:00', '08:35:00', 20 );
INSERT INTO "times" VALUES ( 17944, 12570, '08:37:00', '08:37:00', 20 );
INSERT INTO "times" VALUES ( 17944, 12580, '08:39:00', '08:39:00', 20 );
INSERT INTO "times" VALUES ( 17944, 12590, '08:40:00', '08:40:00', 20 );
INSERT INTO "times" VALUES ( 17944, 12600, '08:41:00', '08:41:00', 20 );
INSERT INTO "times" VALUES ( 17944, 12610, '08:43:00', '08:45:00', 20 );
INSERT INTO "times" VALUES ( 17944, 12620, '08:47:00', '08:47:00', 20 );
INSERT INTO "times" VALUES ( 17944, 12630, '08:48:00', '08:48:00', 20 );
INSERT INTO "times" VALUES ( 17944, 12640, '08:50:00', '08:50:00', 20 );
INSERT INTO "times" VALUES ( 17944, 12650, '08:52:00', '08:52:00', 20 );
INSERT INTO "times" VALUES ( 17944, 12660, '08:54:00', '08:56:00', 20 );
INSERT INTO "times" VALUES ( 17944, 12670, '08:59:00', '08:59:00', 20 );
INSERT INTO "times" VALUES ( 17944, 12680, '09:02:00', '09:02:00', 20 );
INSERT INTO "times" VALUES ( 17944, 12690, '09:03:00', '09:03:00', 20 );
INSERT INTO "times" VALUES ( 17944, 12700, '09:06:00', '09:06:00', 20 );
INSERT INTO "times" VALUES ( 17944, 12710, '09:08:00', '09:13:00', 20 );
INSERT INTO "times" VALUES ( 17944, 12720, '09:15:00', '09:15:00', 20 );
INSERT INTO "times" VALUES ( 17944, 12730, '09:17:00', '09:17:00', 20 );
INSERT INTO "times" VALUES ( 17944, 12740, '09:20:00', '09:20:00', 20 );
INSERT INTO "times" VALUES ( 17944, 12750, '09:23:00', '09:23:00', 20 );
INSERT INTO "times" VALUES ( 17944, 12760, '09:26:00', '09:26:00', 20 );
INSERT INTO "times" VALUES ( 17944, 12770, '09:29:00', '09:32:00', 20 );
INSERT INTO "times" VALUES ( 17944, 12780, '09:37:00', '09:37:00', 20 );
INSERT INTO "times" VALUES ( 17944, 12790, '09:38:00', '09:38:00', 20 );
INSERT INTO "times" VALUES ( 17944, 12800, '09:40:00', '09:43:00', 20 );
INSERT INTO "times" VALUES ( 17944, 12810, '09:45:00', '09:45:00', 20 );
INSERT INTO "times" VALUES ( 17944, 12820, '09:47:00', '09:47:00', 20 );
INSERT INTO "times" VALUES ( 17944, 12830, '09:49:00', '09:49:00', 20 );
INSERT INTO "times" VALUES ( 17944, 12840, '09:50:00', '09:50:00', 20 );
INSERT INTO "times" VALUES ( 17944, 12850, '09:51:00', '09:51:00', 20 );
INSERT INTO "times" VALUES ( 17944, 12860, '09:53:00', '09:53:00', 20 );
INSERT INTO "times" VALUES ( 17944, 12870, '09:55:00', '09:55:00', 20 );
INSERT INTO "times" VALUES ( 17944, 12880, '09:57:00', '09:57:00', 20 );
INSERT INTO "times" VALUES ( 17944, 12890, '09:58:00', '09:58:00', 20 );
INSERT INTO "times" VALUES ( 17944, 12900, '10:00:00', '10:04:00', 20 );
INSERT INTO "times" VALUES ( 17944, 13510, '10:06:00', '10:06:00', 30 );
INSERT INTO "times" VALUES ( 17944, 13520, '10:08:00', NULL, NULL );

INSERT INTO "dias" VALUES ( 17945, 100, FALSE, TRUE, 'Q0803B', 13520, 11510 );
INSERT INTO "dias_line_groups" VALUES ( 17945, 10 );
INSERT INTO "times" VALUES ( 17945, 11510, '10:17:00', NULL, NULL );
INSERT INTO "times" VALUES ( 17945, 11520, '10:14:00', '10:14:00', 10 );
INSERT INTO "times" VALUES ( 17945, 11530, '10:13:00', '10:13:00', 10 );
INSERT INTO "times" VALUES ( 17945, 11540, '10:11:00', '10:11:00', 10 );
INSERT INTO "times" VALUES ( 17945, 12530, '10:10:00', '10:10:00', 10 );
INSERT INTO "times" VALUES ( 17945, 12540, '10:00:00', '10:07:00', 20 );
INSERT INTO "times" VALUES ( 17945, 12550, '09:58:00', '09:58:00', 20 );
INSERT INTO "times" VALUES ( 17945, 12560, '09:56:00', '09:56:00', 20 );
INSERT INTO "times" VALUES ( 17945, 12570, '09:54:00', '09:54:00', 20 );
INSERT INTO "times" VALUES ( 17945, 12580, '09:53:00', '09:53:00', 20 );
INSERT INTO "times" VALUES ( 17945, 12590, '09:52:00', '09:52:00', 20 );
INSERT INTO "times" VALUES ( 17945, 12600, '09:50:00', '09:50:00', 20 );
INSERT INTO "times" VALUES ( 17945, 12610, '09:45:00', '09:49:00', 20 );
INSERT INTO "times" VALUES ( 17945, 12620, '09:43:00', '09:43:00', 20 );
INSERT INTO "times" VALUES ( 17945, 12630, '09:41:00', '09:41:00', 20 );
INSERT INTO "times" VALUES ( 17945, 12640, '09:40:00', '09:40:00', 20 );
INSERT INTO "times" VALUES ( 17945, 12650, '09:38:00', '09:38:00', 20 );
INSERT INTO "times" VALUES ( 17945, 12660, '09:35:00', '09:36:00', 20 );
INSERT INTO "times" VALUES ( 17945, 12670, '09:32:00', '09:32:00', 20 );
INSERT INTO "times" VALUES ( 17945, 12680, '09:26:00', '09:29:00', 20 );
INSERT INTO "times" VALUES ( 17945, 12690, '09:23:00', '09:23:00', 20 );
INSERT INTO "times" VALUES ( 17945, 12700, '09:21:00', '09:21:00', 20 );
INSERT INTO "times" VALUES ( 17945, 12710, '09:15:00', '09:19:00', 20 );
INSERT INTO "times" VALUES ( 17945, 12720, '09:13:00', '09:13:00', 20 );
INSERT INTO "times" VALUES ( 17945, 12730, '09:10:00', '09:10:00', 20 );
INSERT INTO "times" VALUES ( 17945, 12740, '09:08:00', '09:08:00', 20 );
INSERT INTO "times" VALUES ( 17945, 12750, '09:04:00', '09:04:00', 20 );
INSERT INTO "times" VALUES ( 17945, 12760, '09:02:00', '09:02:00', 20 );
INSERT INTO "times" VALUES ( 17945, 12770, '08:58:00', '08:58:00', 20 );
INSERT INTO "times" VALUES ( 17945, 12780, '08:54:00', '08:54:00', 20 );
INSERT INTO "times" VALUES ( 17945, 12790, '08:51:00', '08:51:00', 20 );
INSERT INTO "times" VALUES ( 17945, 12800, '08:46:00', '08:49:00', 20 );
INSERT INTO "times" VALUES ( 17945, 12810, '08:44:00', '08:44:00', 20 );
INSERT INTO "times" VALUES ( 17945, 12820, '08:42:00', '08:42:00', 20 );
INSERT INTO "times" VALUES ( 17945, 12830, '08:41:00', '08:41:00', 20 );
INSERT INTO "times" VALUES ( 17945, 12840, '08:39:00', '08:39:00', 20 );
INSERT INTO "times" VALUES ( 17945, 12850, '08:37:00', '08:37:00', 20 );
INSERT INTO "times" VALUES ( 17945, 12860, '08:35:00', '08:35:00', 20 );
INSERT INTO "times" VALUES ( 17945, 12870, '08:34:00', '08:34:00', 20 );
INSERT INTO "times" VALUES ( 17945, 12880, '08:32:00', '08:32:00', 20 );
INSERT INTO "times" VALUES ( 17945, 12890, '08:30:00', '08:30:00', 20 );
INSERT INTO "times" VALUES ( 17945, 12900, '08:25:00', '08:29:00', 20 );
INSERT INTO "times" VALUES ( 17945, 13510, '08:23:00', '08:23:00', 30 );
INSERT INTO "times" VALUES ( 17945, 13520, NULL, '08:21:00', 30 );

INSERT INTO "dias" VALUES ( 17946, 100, FALSE, TRUE, 'Q0804Z', 11510, 13520 );
INSERT INTO "dias_line_groups" VALUES ( 17946, 10 );
INSERT INTO "times" VALUES ( 17946, 11510, NULL, '08:24:00', 10 );
INSERT INTO "times" VALUES ( 17946, 11520, '08:25:00', '08:25:00', 10 );
INSERT INTO "times" VALUES ( 17946, 11530, '08:27:00', '08:27:00', 10 );
INSERT INTO "times" VALUES ( 17946, 11540, '08:29:00', '08:29:00', 10 );
INSERT INTO "times" VALUES ( 17946, 12530, '08:31:00', '08:31:00', 20 );
INSERT INTO "times" VALUES ( 17946, 12540, '08:35:00', '08:41:00', 20 );
INSERT INTO "times" VALUES ( 17946, 12550, '08:43:00', '08:43:00', 20 );
INSERT INTO "times" VALUES ( 17946, 12560, '08:45:00', '08:45:00', 20 );
INSERT INTO "times" VALUES ( 17946, 12570, '08:46:00', '08:46:00', 20 );
INSERT INTO "times" VALUES ( 17946, 12580, '08:48:00', '08:48:00', 20 );
INSERT INTO "times" VALUES ( 17946, 12590, '08:49:00', '08:49:00', 20 );
INSERT INTO "times" VALUES ( 17946, 12600, '08:50:00', '08:50:00', 20 );
INSERT INTO "times" VALUES ( 17946, 12610, '08:52:00', '08:55:00', 20 );
INSERT INTO "times" VALUES ( 17946, 12620, '08:57:00', '08:57:00', 20 );
INSERT INTO "times" VALUES ( 17946, 12630, '08:58:00', '08:58:00', 20 );
INSERT INTO "times" VALUES ( 17946, 12640, '09:00:00', '09:00:00', 20 );
INSERT INTO "times" VALUES ( 17946, 12650, '09:02:00', '09:02:00', 20 );
INSERT INTO "times" VALUES ( 17946, 12660, '09:04:00', '09:05:00', 20 );
INSERT INTO "times" VALUES ( 17946, 12670, '09:08:00', '09:08:00', 20 );
INSERT INTO "times" VALUES ( 17946, 12680, '09:12:00', '09:18:00', 20 );
INSERT INTO "times" VALUES ( 17946, 12690, '09:20:00', '09:20:00', 20 );
INSERT INTO "times" VALUES ( 17946, 12700, '09:22:00', '09:22:00', 20 );
INSERT INTO "times" VALUES ( 17946, 12710, '09:25:00', '09:25:00', 20 );
INSERT INTO "times" VALUES ( 17946, 12720, '09:26:00', '09:26:00', 20 );
INSERT INTO "times" VALUES ( 17946, 12730, '09:29:00', '09:29:00', 20 );
INSERT INTO "times" VALUES ( 17946, 12740, '09:32:00', '09:32:00', 20 );
INSERT INTO "times" VALUES ( 17946, 12750, '09:34:00', '09:34:00', 20 );
INSERT INTO "times" VALUES ( 17946, 12760, '09:37:00', '09:37:00', 20 );
INSERT INTO "times" VALUES ( 17946, 12770, '09:41:00', '09:41:00', 20 );
INSERT INTO "times" VALUES ( 17946, 12780, '09:46:00', '09:46:00', 20 );
INSERT INTO "times" VALUES ( 17946, 12790, '09:47:00', '09:47:00', 20 );
INSERT INTO "times" VALUES ( 17946, 12800, '09:49:00', '09:53:00', 20 );
INSERT INTO "times" VALUES ( 17946, 12810, '09:54:00', '09:54:00', 20 );
INSERT INTO "times" VALUES ( 17946, 12820, '09:56:00', '09:56:00', 20 );
INSERT INTO "times" VALUES ( 17946, 12830, '09:58:00', '09:58:00', 20 );
INSERT INTO "times" VALUES ( 17946, 12840, '09:59:00', '09:59:00', 20 );
INSERT INTO "times" VALUES ( 17946, 12850, '10:01:00', '10:01:00', 20 );
INSERT INTO "times" VALUES ( 17946, 12860, '10:02:00', '10:02:00', 20 );
INSERT INTO "times" VALUES ( 17946, 12870, '10:04:00', '10:04:00', 20 );
INSERT INTO "times" VALUES ( 17946, 12880, '10:06:00', '10:06:00', 20 );
INSERT INTO "times" VALUES ( 17946, 12890, '10:08:00', '10:08:00', 20 );
INSERT INTO "times" VALUES ( 17946, 12900, '10:09:00', '10:14:00', 20 );
INSERT INTO "times" VALUES ( 17946, 13510, '10:16:00', '10:16:00', 30 );
INSERT INTO "times" VALUES ( 17946, 13520, '10:18:00', NULL, NULL );

INSERT INTO "dias" VALUES ( 17947, 100, FALSE, TRUE, 'Q0805B', 13520, 11510 );
INSERT INTO "dias_line_groups" VALUES ( 17947, 10 );
INSERT INTO "times" VALUES ( 17947, 11510, '10:27:00', NULL, NULL );
INSERT INTO "times" VALUES ( 17947, 11520, '10:24:00', '10:24:00', 10 );
INSERT INTO "times" VALUES ( 17947, 11530, '10:23:00', '10:23:00', 10 );
INSERT INTO "times" VALUES ( 17947, 11540, '10:21:00', '10:21:00', 10 );
INSERT INTO "times" VALUES ( 17947, 12530, '10:20:00', '10:20:00', 10 );
INSERT INTO "times" VALUES ( 17947, 12540, '10:10:00', '10:17:00', 20 );
INSERT INTO "times" VALUES ( 17947, 12550, '10:08:00', '10:08:00', 20 );
INSERT INTO "times" VALUES ( 17947, 12560, '10:06:00', '10:06:00', 20 );
INSERT INTO "times" VALUES ( 17947, 12570, '10:04:00', '10:04:00', 20 );
INSERT INTO "times" VALUES ( 17947, 12580, '10:03:00', '10:03:00', 20 );
INSERT INTO "times" VALUES ( 17947, 12590, '10:02:00', '10:02:00', 20 );
INSERT INTO "times" VALUES ( 17947, 12600, '10:00:00', '10:00:00', 20 );
INSERT INTO "times" VALUES ( 17947, 12610, '09:55:00', '09:59:00', 20 );
INSERT INTO "times" VALUES ( 17947, 12620, '09:53:00', '09:53:00', 20 );
INSERT INTO "times" VALUES ( 17947, 12630, '09:51:00', '09:51:00', 20 );
INSERT INTO "times" VALUES ( 17947, 12640, '09:50:00', '09:50:00', 20 );
INSERT INTO "times" VALUES ( 17947, 12650, '09:48:00', '09:48:00', 20 );
INSERT INTO "times" VALUES ( 17947, 12660, '09:45:00', '09:46:00', 20 );
INSERT INTO "times" VALUES ( 17947, 12670, '09:42:00', '09:42:00', 20 );
INSERT INTO "times" VALUES ( 17947, 12680, '09:36:00', '09:39:00', 20 );
INSERT INTO "times" VALUES ( 17947, 12690, '09:33:00', '09:33:00', 20 );
INSERT INTO "times" VALUES ( 17947, 12700, '09:31:00', '09:31:00', 20 );
INSERT INTO "times" VALUES ( 17947, 12710, '09:25:00', '09:29:00', 20 );
INSERT INTO "times" VALUES ( 17947, 12720, '09:23:00', '09:23:00', 20 );
INSERT INTO "times" VALUES ( 17947, 12730, '09:20:00', '09:20:00', 20 );
INSERT INTO "times" VALUES ( 17947, 12740, '09:18:00', '09:18:00', 20 );
INSERT INTO "times" VALUES ( 17947, 12750, '09:14:00', '09:14:00', 20 );
INSERT INTO "times" VALUES ( 17947, 12760, '09:12:00', '09:12:00', 20 );
INSERT INTO "times" VALUES ( 17947, 12770, '09:08:00', '09:08:00', 20 );
INSERT INTO "times" VALUES ( 17947, 12780, '09:04:00', '09:04:00', 20 );
INSERT INTO "times" VALUES ( 17947, 12790, '09:01:00', '09:01:00', 20 );
INSERT INTO "times" VALUES ( 17947, 12800, '08:56:00', '08:59:00', 20 );
INSERT INTO "times" VALUES ( 17947, 12810, '08:54:00', '08:54:00', 20 );
INSERT INTO "times" VALUES ( 17947, 12820, '08:52:00', '08:52:00', 20 );
INSERT INTO "times" VALUES ( 17947, 12830, '08:51:00', '08:51:00', 20 );
INSERT INTO "times" VALUES ( 17947, 12840, '08:49:00', '08:49:00', 20 );
INSERT INTO "times" VALUES ( 17947, 12850, '08:47:00', '08:47:00', 20 );
INSERT INTO "times" VALUES ( 17947, 12860, '08:45:00', '08:45:00', 20 );
INSERT INTO "times" VALUES ( 17947, 12870, '08:44:00', '08:44:00', 20 );
INSERT INTO "times" VALUES ( 17947, 12880, '08:42:00', '08:42:00', 20 );
INSERT INTO "times" VALUES ( 17947, 12890, '08:40:00', '08:40:00', 20 );
INSERT INTO "times" VALUES ( 17947, 12900, '08:35:00', '08:39:00', 20 );
INSERT INTO "times" VALUES ( 17947, 13510, '08:33:00', '08:33:00', 30 );
INSERT INTO "times" VALUES ( 17947, 13520, NULL, '08:31:00', 30 );

INSERT INTO "dias" VALUES ( 17948, 100, FALSE, TRUE, 'Q0806Z', 11510, 13520 );
INSERT INTO "dias_line_groups" VALUES ( 17948, 10 );
INSERT INTO "times" VALUES ( 17948, 11510, NULL, '08:44:00', 10 );
INSERT INTO "times" VALUES ( 17948, 11520, '08:45:00', '08:45:00', 10 );
INSERT INTO "times" VALUES ( 17948, 11530, '08:47:00', '08:47:00', 10 );
INSERT INTO "times" VALUES ( 17948, 11540, '08:49:00', '08:49:00', 10 );
INSERT INTO "times" VALUES ( 17948, 12530, '08:51:00', '08:52:00', 20 );
INSERT INTO "times" VALUES ( 17948, 12540, '08:54:00', '09:01:00', 20 );
INSERT INTO "times" VALUES ( 17948, 12550, '09:03:00', '09:03:00', 20 );
INSERT INTO "times" VALUES ( 17948, 12560, '09:05:00', '09:05:00', 20 );
INSERT INTO "times" VALUES ( 17948, 12570, '09:06:00', '09:06:00', 20 );
INSERT INTO "times" VALUES ( 17948, 12580, '09:08:00', '09:08:00', 20 );
INSERT INTO "times" VALUES ( 17948, 12590, '09:09:00', '09:09:00', 20 );
INSERT INTO "times" VALUES ( 17948, 12600, '09:10:00', '09:10:00', 20 );
INSERT INTO "times" VALUES ( 17948, 12610, '09:12:00', '09:16:00', 20 );
INSERT INTO "times" VALUES ( 17948, 12620, '09:17:00', '09:17:00', 20 );
INSERT INTO "times" VALUES ( 17948, 12630, '09:19:00', '09:19:00', 20 );
INSERT INTO "times" VALUES ( 17948, 12640, '09:20:00', '09:20:00', 20 );
INSERT INTO "times" VALUES ( 17948, 12650, '09:22:00', '09:22:00', 20 );
INSERT INTO "times" VALUES ( 17948, 12660, '09:24:00', '09:26:00', 20 );
INSERT INTO "times" VALUES ( 17948, 12670, '09:29:00', '09:29:00', 20 );
INSERT INTO "times" VALUES ( 17948, 12680, '09:32:00', '09:32:00', 20 );
INSERT INTO "times" VALUES ( 17948, 12690, '09:34:00', '09:34:00', 20 );
INSERT INTO "times" VALUES ( 17948, 12700, '09:37:00', '09:37:00', 20 );
INSERT INTO "times" VALUES ( 17948, 12710, '09:39:00', '09:43:00', 20 );
INSERT INTO "times" VALUES ( 17948, 12720, '09:45:00', '09:45:00', 20 );
INSERT INTO "times" VALUES ( 17948, 12730, '09:47:00', '09:47:00', 20 );
INSERT INTO "times" VALUES ( 17948, 12740, '09:50:00', '09:50:00', 20 );
INSERT INTO "times" VALUES ( 17948, 12750, '09:53:00', '09:53:00', 20 );
INSERT INTO "times" VALUES ( 17948, 12760, '09:56:00', '09:56:00', 20 );
INSERT INTO "times" VALUES ( 17948, 12770, '09:59:00', '10:02:00', 20 );
INSERT INTO "times" VALUES ( 17948, 12780, '10:07:00', '10:07:00', 20 );
INSERT INTO "times" VALUES ( 17948, 12790, '10:08:00', '10:08:00', 20 );
INSERT INTO "times" VALUES ( 17948, 12800, '10:10:00', '10:13:00', 20 );
INSERT INTO "times" VALUES ( 17948, 12810, '10:15:00', '10:15:00', 20 );
INSERT INTO "times" VALUES ( 17948, 12820, '10:17:00', '10:17:00', 20 );
INSERT INTO "times" VALUES ( 17948, 12830, '10:19:00', '10:19:00', 20 );
INSERT INTO "times" VALUES ( 17948, 12840, '10:20:00', '10:20:00', 20 );
INSERT INTO "times" VALUES ( 17948, 12850, '10:21:00', '10:21:00', 20 );
INSERT INTO "times" VALUES ( 17948, 12860, '10:23:00', '10:23:00', 20 );
INSERT INTO "times" VALUES ( 17948, 12870, '10:25:00', '10:25:00', 20 );
INSERT INTO "times" VALUES ( 17948, 12880, '10:27:00', '10:27:00', 20 );
INSERT INTO "times" VALUES ( 17948, 12890, '10:28:00', '10:28:00', 20 );
INSERT INTO "times" VALUES ( 17948, 12900, '10:30:00', '10:34:00', 20 );
INSERT INTO "times" VALUES ( 17948, 13510, '10:36:00', '10:36:00', 30 );
INSERT INTO "times" VALUES ( 17948, 13520, '10:38:00', NULL, NULL );

INSERT INTO "dias" VALUES ( 17949, 100, FALSE, TRUE, 'Q0807B', 13520, 11510 );
INSERT INTO "dias_line_groups" VALUES ( 17949, 10 );
INSERT INTO "times" VALUES ( 17949, 11510, '10:47:00', NULL, NULL );
INSERT INTO "times" VALUES ( 17949, 11520, '10:44:00', '10:44:00', 10 );
INSERT INTO "times" VALUES ( 17949, 11530, '10:43:00', '10:43:00', 10 );
INSERT INTO "times" VALUES ( 17949, 11540, '10:41:00', '10:41:00', 10 );
INSERT INTO "times" VALUES ( 17949, 12530, '10:40:00', '10:40:00', 10 );
INSERT INTO "times" VALUES ( 17949, 12540, '10:30:00', '10:37:00', 20 );
INSERT INTO "times" VALUES ( 17949, 12550, '10:28:00', '10:28:00', 20 );
INSERT INTO "times" VALUES ( 17949, 12560, '10:26:00', '10:26:00', 20 );
INSERT INTO "times" VALUES ( 17949, 12570, '10:24:00', '10:24:00', 20 );
INSERT INTO "times" VALUES ( 17949, 12580, '10:23:00', '10:23:00', 20 );
INSERT INTO "times" VALUES ( 17949, 12590, '10:22:00', '10:22:00', 20 );
INSERT INTO "times" VALUES ( 17949, 12600, '10:20:00', '10:20:00', 20 );
INSERT INTO "times" VALUES ( 17949, 12610, '10:15:00', '10:19:00', 20 );
INSERT INTO "times" VALUES ( 17949, 12620, '10:13:00', '10:13:00', 20 );
INSERT INTO "times" VALUES ( 17949, 12630, '10:12:00', '10:12:00', 20 );
INSERT INTO "times" VALUES ( 17949, 12640, '10:10:00', '10:10:00', 20 );
INSERT INTO "times" VALUES ( 17949, 12650, '10:08:00', '10:08:00', 20 );
INSERT INTO "times" VALUES ( 17949, 12660, '10:05:00', '10:07:00', 20 );
INSERT INTO "times" VALUES ( 17949, 12670, '10:02:00', '10:02:00', 20 );
INSERT INTO "times" VALUES ( 17949, 12680, '09:55:00', '09:59:00', 20 );
INSERT INTO "times" VALUES ( 17949, 12690, '09:53:00', '09:53:00', 20 );
INSERT INTO "times" VALUES ( 17949, 12700, '09:51:00', '09:51:00', 20 );
INSERT INTO "times" VALUES ( 17949, 12710, '09:45:00', '09:49:00', 20 );
INSERT INTO "times" VALUES ( 17949, 12720, '09:43:00', '09:43:00', 20 );
INSERT INTO "times" VALUES ( 17949, 12730, '09:40:00', '09:40:00', 20 );
INSERT INTO "times" VALUES ( 17949, 12740, '09:38:00', '09:38:00', 20 );
INSERT INTO "times" VALUES ( 17949, 12750, '09:34:00', '09:34:00', 20 );
INSERT INTO "times" VALUES ( 17949, 12760, '09:32:00', '09:32:00', 20 );
INSERT INTO "times" VALUES ( 17949, 12770, '09:28:00', '09:28:00', 20 );
INSERT INTO "times" VALUES ( 17949, 12780, '09:24:00', '09:24:00', 20 );
INSERT INTO "times" VALUES ( 17949, 12790, '09:21:00', '09:21:00', 20 );
INSERT INTO "times" VALUES ( 17949, 12800, '09:16:00', '09:19:00', 20 );
INSERT INTO "times" VALUES ( 17949, 12810, '09:14:00', '09:14:00', 20 );
INSERT INTO "times" VALUES ( 17949, 12820, '09:12:00', '09:12:00', 20 );
INSERT INTO "times" VALUES ( 17949, 12830, '09:11:00', '09:11:00', 20 );
INSERT INTO "times" VALUES ( 17949, 12840, '09:09:00', '09:09:00', 20 );
INSERT INTO "times" VALUES ( 17949, 12850, '09:07:00', '09:07:00', 20 );
INSERT INTO "times" VALUES ( 17949, 12860, '09:05:00', '09:05:00', 20 );
INSERT INTO "times" VALUES ( 17949, 12870, '09:04:00', '09:04:00', 20 );
INSERT INTO "times" VALUES ( 17949, 12880, '09:02:00', '09:02:00', 20 );
INSERT INTO "times" VALUES ( 17949, 12890, '09:00:00', '09:00:00', 20 );
INSERT INTO "times" VALUES ( 17949, 12900, '08:55:00', '08:59:00', 20 );
INSERT INTO "times" VALUES ( 17949, 13510, '08:53:00', '08:53:00', 30 );
INSERT INTO "times" VALUES ( 17949, 13520, NULL, '08:51:00', 30 );

INSERT INTO "dias" VALUES ( 17950, 100, FALSE, TRUE, 'Q0808Z', 11510, 13520 );
INSERT INTO "dias_line_groups" VALUES ( 17950, 10 );
INSERT INTO "times" VALUES ( 17950, 11510, NULL, '08:54:00', 10 );
INSERT INTO "times" VALUES ( 17950, 11520, '08:55:00', '08:55:00', 10 );
INSERT INTO "times" VALUES ( 17950, 11530, '08:57:00', '08:57:00', 10 );
INSERT INTO "times" VALUES ( 17950, 11540, '08:59:00', '08:59:00', 10 );
INSERT INTO "times" VALUES ( 17950, 12530, '09:01:00', '09:02:00', 20 );
INSERT INTO "times" VALUES ( 17950, 12540, '09:04:00', '09:11:00', 20 );
INSERT INTO "times" VALUES ( 17950, 12550, '09:13:00', '09:13:00', 20 );
INSERT INTO "times" VALUES ( 17950, 12560, '09:15:00', '09:15:00', 20 );
INSERT INTO "times" VALUES ( 17950, 12570, '09:16:00', '09:16:00', 20 );
INSERT INTO "times" VALUES ( 17950, 12580, '09:18:00', '09:18:00', 20 );
INSERT INTO "times" VALUES ( 17950, 12590, '09:19:00', '09:19:00', 20 );
INSERT INTO "times" VALUES ( 17950, 12600, '09:20:00', '09:20:00', 20 );
INSERT INTO "times" VALUES ( 17950, 12610, '09:22:00', '09:25:00', 20 );
INSERT INTO "times" VALUES ( 17950, 12620, '09:27:00', '09:27:00', 20 );
INSERT INTO "times" VALUES ( 17950, 12630, '09:28:00', '09:28:00', 20 );
INSERT INTO "times" VALUES ( 17950, 12640, '09:30:00', '09:30:00', 20 );
INSERT INTO "times" VALUES ( 17950, 12650, '09:32:00', '09:32:00', 20 );
INSERT INTO "times" VALUES ( 17950, 12660, '09:34:00', '09:35:00', 20 );
INSERT INTO "times" VALUES ( 17950, 12670, '09:38:00', '09:38:00', 20 );
INSERT INTO "times" VALUES ( 17950, 12680, '09:42:00', '09:48:00', 20 );
INSERT INTO "times" VALUES ( 17950, 12690, '09:50:00', '09:50:00', 20 );
INSERT INTO "times" VALUES ( 17950, 12700, '09:52:00', '09:52:00', 20 );
INSERT INTO "times" VALUES ( 17950, 12710, '09:55:00', '09:55:00', 20 );
INSERT INTO "times" VALUES ( 17950, 12720, '09:56:00', '09:56:00', 20 );
INSERT INTO "times" VALUES ( 17950, 12730, '09:59:00', '09:59:00', 20 );
INSERT INTO "times" VALUES ( 17950, 12740, '10:02:00', '10:02:00', 20 );
INSERT INTO "times" VALUES ( 17950, 12750, '10:04:00', '10:04:00', 20 );
INSERT INTO "times" VALUES ( 17950, 12760, '10:07:00', '10:07:00', 20 );
INSERT INTO "times" VALUES ( 17950, 12770, '10:11:00', '10:11:00', 20 );
INSERT INTO "times" VALUES ( 17950, 12780, '10:16:00', '10:16:00', 20 );
INSERT INTO "times" VALUES ( 17950, 12790, '10:17:00', '10:17:00', 20 );
INSERT INTO "times" VALUES ( 17950, 12800, '10:19:00', '10:23:00', 20 );
INSERT INTO "times" VALUES ( 17950, 12810, '10:25:00', '10:25:00', 20 );
INSERT INTO "times" VALUES ( 17950, 12820, '10:27:00', '10:27:00', 20 );
INSERT INTO "times" VALUES ( 17950, 12830, '10:29:00', '10:29:00', 20 );
INSERT INTO "times" VALUES ( 17950, 12840, '10:30:00', '10:30:00', 20 );
INSERT INTO "times" VALUES ( 17950, 12850, '10:31:00', '10:31:00', 20 );
INSERT INTO "times" VALUES ( 17950, 12860, '10:33:00', '10:33:00', 20 );
INSERT INTO "times" VALUES ( 17950, 12870, '10:35:00', '10:35:00', 20 );
INSERT INTO "times" VALUES ( 17950, 12880, '10:37:00', '10:37:00', 20 );
INSERT INTO "times" VALUES ( 17950, 12890, '10:38:00', '10:38:00', 20 );
INSERT INTO "times" VALUES ( 17950, 12900, '10:40:00', '10:44:00', 20 );
INSERT INTO "times" VALUES ( 17950, 13510, '10:46:00', '10:46:00', 30 );
INSERT INTO "times" VALUES ( 17950, 13520, '10:48:00', NULL, NULL );

INSERT INTO "dias" VALUES ( 17951, 100, FALSE, TRUE, 'Q0900Z', 11510, 13520 );
INSERT INTO "dias_line_groups" VALUES ( 17951, 10 );
INSERT INTO "times" VALUES ( 17951, 11510, NULL, '09:04:00', 10 );
INSERT INTO "times" VALUES ( 17951, 11520, '09:05:00', '09:05:00', 10 );
INSERT INTO "times" VALUES ( 17951, 11530, '09:07:00', '09:07:00', 10 );
INSERT INTO "times" VALUES ( 17951, 11540, '09:09:00', '09:09:00', 10 );
INSERT INTO "times" VALUES ( 17951, 12530, '09:11:00', '09:12:00', 20 );
INSERT INTO "times" VALUES ( 17951, 12540, '09:14:00', '09:21:00', 20 );
INSERT INTO "times" VALUES ( 17951, 12550, '09:23:00', '09:23:00', 20 );
INSERT INTO "times" VALUES ( 17951, 12560, '09:25:00', '09:25:00', 20 );
INSERT INTO "times" VALUES ( 17951, 12570, '09:26:00', '09:26:00', 20 );
INSERT INTO "times" VALUES ( 17951, 12580, '09:28:00', '09:28:00', 20 );
INSERT INTO "times" VALUES ( 17951, 12590, '09:29:00', '09:29:00', 20 );
INSERT INTO "times" VALUES ( 17951, 12600, '09:30:00', '09:30:00', 20 );
INSERT INTO "times" VALUES ( 17951, 12610, '09:32:00', '09:36:00', 20 );
INSERT INTO "times" VALUES ( 17951, 12620, '09:37:00', '09:37:00', 20 );
INSERT INTO "times" VALUES ( 17951, 12630, '09:39:00', '09:39:00', 20 );
INSERT INTO "times" VALUES ( 17951, 12640, '09:40:00', '09:40:00', 20 );
INSERT INTO "times" VALUES ( 17951, 12650, '09:42:00', '09:42:00', 20 );
INSERT INTO "times" VALUES ( 17951, 12660, '09:44:00', '09:44:00', 20 );
INSERT INTO "times" VALUES ( 17951, 12670, '09:47:00', '09:47:00', 20 );
INSERT INTO "times" VALUES ( 17951, 12680, '09:51:00', '09:51:00', 20 );
INSERT INTO "times" VALUES ( 17951, 12690, '09:52:00', '09:52:00', 20 );
INSERT INTO "times" VALUES ( 17951, 12700, '09:55:00', '09:55:00', 20 );
INSERT INTO "times" VALUES ( 17951, 12710, '09:56:00', '10:04:00', 20 );
INSERT INTO "times" VALUES ( 17951, 12720, '10:06:00', '10:06:00', 20 );
INSERT INTO "times" VALUES ( 17951, 12730, '10:08:00', '10:08:00', 20 );
INSERT INTO "times" VALUES ( 17951, 12740, '10:11:00', '10:11:00', 20 );
INSERT INTO "times" VALUES ( 17951, 12750, '10:14:00', '10:14:00', 20 );
INSERT INTO "times" VALUES ( 17951, 12760, '10:17:00', '10:17:00', 20 );
INSERT INTO "times" VALUES ( 17951, 12770, '10:21:00', '10:21:00', 20 );
INSERT INTO "times" VALUES ( 17951, 12780, '10:25:00', '10:25:00', 20 );
INSERT INTO "times" VALUES ( 17951, 12790, '10:27:00', '10:27:00', 20 );
INSERT INTO "times" VALUES ( 17951, 12800, '10:28:00', '10:32:00', 20 );
INSERT INTO "times" VALUES ( 17951, 12810, '10:34:00', '10:34:00', 20 );
INSERT INTO "times" VALUES ( 17951, 12820, '10:35:00', '10:35:00', 20 );
INSERT INTO "times" VALUES ( 17951, 12830, '10:37:00', '10:39:00', 20 );
INSERT INTO "times" VALUES ( 17951, 12840, '10:41:00', '10:41:00', 20 );
INSERT INTO "times" VALUES ( 17951, 12850, '10:42:00', '10:42:00', 20 );
INSERT INTO "times" VALUES ( 17951, 12860, '10:44:00', '10:44:00', 20 );
INSERT INTO "times" VALUES ( 17951, 12870, '10:45:00', '10:45:00', 20 );
INSERT INTO "times" VALUES ( 17951, 12880, '10:47:00', '10:47:00', 20 );
INSERT INTO "times" VALUES ( 17951, 12890, '10:49:00', '10:49:00', 20 );
INSERT INTO "times" VALUES ( 17951, 12900, '10:50:00', '10:54:00', 20 );
INSERT INTO "times" VALUES ( 17951, 13510, '10:56:00', '10:56:00', 30 );
INSERT INTO "times" VALUES ( 17951, 13520, '10:59:00', NULL, NULL );

INSERT INTO "dias" VALUES ( 17952, 100, FALSE, TRUE, 'Q0901B', 13520, 11510 );
INSERT INTO "dias_line_groups" VALUES ( 17952, 10 );
INSERT INTO "times" VALUES ( 17952, 11510, '10:57:00', NULL, NULL );
INSERT INTO "times" VALUES ( 17952, 11520, '10:54:00', '10:54:00', 10 );
INSERT INTO "times" VALUES ( 17952, 11530, '10:53:00', '10:53:00', 10 );
INSERT INTO "times" VALUES ( 17952, 11540, '10:51:00', '10:51:00', 10 );
INSERT INTO "times" VALUES ( 17952, 12530, '10:50:00', '10:50:00', 10 );
INSERT INTO "times" VALUES ( 17952, 12540, '10:40:00', '10:47:00', 20 );
INSERT INTO "times" VALUES ( 17952, 12550, '10:38:00', '10:38:00', 20 );
INSERT INTO "times" VALUES ( 17952, 12560, '10:36:00', '10:36:00', 20 );
INSERT INTO "times" VALUES ( 17952, 12570, '10:34:00', '10:34:00', 20 );
INSERT INTO "times" VALUES ( 17952, 12580, '10:33:00', '10:33:00', 20 );
INSERT INTO "times" VALUES ( 17952, 12590, '10:32:00', '10:32:00', 20 );
INSERT INTO "times" VALUES ( 17952, 12600, '10:30:00', '10:30:00', 20 );
INSERT INTO "times" VALUES ( 17952, 12610, '10:26:00', '10:29:00', 20 );
INSERT INTO "times" VALUES ( 17952, 12620, '10:24:00', '10:24:00', 20 );
INSERT INTO "times" VALUES ( 17952, 12630, '10:22:00', '10:22:00', 20 );
INSERT INTO "times" VALUES ( 17952, 12640, '10:21:00', '10:21:00', 20 );
INSERT INTO "times" VALUES ( 17952, 12650, '10:19:00', '10:19:00', 20 );
INSERT INTO "times" VALUES ( 17952, 12660, '10:15:00', '10:17:00', 20 );
INSERT INTO "times" VALUES ( 17952, 12670, '10:12:00', '10:12:00', 20 );
INSERT INTO "times" VALUES ( 17952, 12680, '10:06:00', '10:09:00', 20 );
INSERT INTO "times" VALUES ( 17952, 12690, '10:03:00', '10:03:00', 20 );
INSERT INTO "times" VALUES ( 17952, 12700, '10:01:00', '10:01:00', 20 );
INSERT INTO "times" VALUES ( 17952, 12710, '09:55:00', '09:59:00', 20 );
INSERT INTO "times" VALUES ( 17952, 12720, '09:53:00', '09:53:00', 20 );
INSERT INTO "times" VALUES ( 17952, 12730, '09:50:00', '09:50:00', 20 );
INSERT INTO "times" VALUES ( 17952, 12740, '09:48:00', '09:48:00', 20 );
INSERT INTO "times" VALUES ( 17952, 12750, '09:45:00', '09:45:00', 20 );
INSERT INTO "times" VALUES ( 17952, 12760, '09:42:00', '09:42:00', 20 );
INSERT INTO "times" VALUES ( 17952, 12770, '09:38:00', '09:38:00', 20 );
INSERT INTO "times" VALUES ( 17952, 12780, '09:34:00', '09:34:00', 20 );
INSERT INTO "times" VALUES ( 17952, 12790, '09:32:00', '09:32:00', 20 );
INSERT INTO "times" VALUES ( 17952, 12800, '09:26:00', '09:30:00', 20 );
INSERT INTO "times" VALUES ( 17952, 12810, '09:24:00', '09:24:00', 20 );
INSERT INTO "times" VALUES ( 17952, 12820, '09:22:00', '09:22:00', 20 );
INSERT INTO "times" VALUES ( 17952, 12830, '09:21:00', '09:21:00', 20 );
INSERT INTO "times" VALUES ( 17952, 12840, '09:19:00', '09:19:00', 20 );
INSERT INTO "times" VALUES ( 17952, 12850, '09:18:00', '09:18:00', 20 );
INSERT INTO "times" VALUES ( 17952, 12860, '09:16:00', '09:16:00', 20 );
INSERT INTO "times" VALUES ( 17952, 12870, '09:14:00', '09:14:00', 20 );
INSERT INTO "times" VALUES ( 17952, 12880, '09:12:00', '09:12:00', 20 );
INSERT INTO "times" VALUES ( 17952, 12890, '09:11:00', '09:11:00', 20 );
INSERT INTO "times" VALUES ( 17952, 12900, '09:05:00', '09:09:00', 20 );
INSERT INTO "times" VALUES ( 17952, 13510, '09:03:00', '09:03:00', 30 );
INSERT INTO "times" VALUES ( 17952, 13520, NULL, '09:01:00', 30 );

INSERT INTO "dias" VALUES ( 17953, 100, FALSE, TRUE, 'Q0902Z', 11510, 13520 );
INSERT INTO "dias_line_groups" VALUES ( 17953, 10 );
INSERT INTO "times" VALUES ( 17953, 11510, NULL, '09:14:00', 10 );
INSERT INTO "times" VALUES ( 17953, 11520, '09:15:00', '09:15:00', 10 );
INSERT INTO "times" VALUES ( 17953, 11530, '09:17:00', '09:17:00', 10 );
INSERT INTO "times" VALUES ( 17953, 11540, '09:19:00', '09:19:00', 10 );
INSERT INTO "times" VALUES ( 17953, 12530, '09:21:00', '09:22:00', 20 );
INSERT INTO "times" VALUES ( 17953, 12540, '09:25:00', '09:31:00', 20 );
INSERT INTO "times" VALUES ( 17953, 12550, '09:33:00', '09:33:00', 20 );
INSERT INTO "times" VALUES ( 17953, 12560, '09:35:00', '09:35:00', 20 );
INSERT INTO "times" VALUES ( 17953, 12570, '09:36:00', '09:36:00', 20 );
INSERT INTO "times" VALUES ( 17953, 12580, '09:38:00', '09:38:00', 20 );
INSERT INTO "times" VALUES ( 17953, 12590, '09:39:00', '09:39:00', 20 );
INSERT INTO "times" VALUES ( 17953, 12600, '09:40:00', '09:40:00', 20 );
INSERT INTO "times" VALUES ( 17953, 12610, '09:42:00', '09:45:00', 20 );
INSERT INTO "times" VALUES ( 17953, 12620, '09:46:00', '09:46:00', 20 );
INSERT INTO "times" VALUES ( 17953, 12630, '09:48:00', '09:48:00', 20 );
INSERT INTO "times" VALUES ( 17953, 12640, '09:49:00', '09:49:00', 20 );
INSERT INTO "times" VALUES ( 17953, 12650, '09:51:00', '09:51:00', 20 );
INSERT INTO "times" VALUES ( 17953, 12660, '09:53:00', '09:56:00', 20 );
INSERT INTO "times" VALUES ( 17953, 12670, '09:59:00', '09:59:00', 20 );
INSERT INTO "times" VALUES ( 17953, 12680, '10:02:00', '10:02:00', 20 );
INSERT INTO "times" VALUES ( 17953, 12690, '10:04:00', '10:04:00', 20 );
INSERT INTO "times" VALUES ( 17953, 12700, '10:06:00', '10:06:00', 20 );
INSERT INTO "times" VALUES ( 17953, 12710, '10:08:00', '10:13:00', 20 );
INSERT INTO "times" VALUES ( 17953, 12720, '10:15:00', '10:15:00', 20 );
INSERT INTO "times" VALUES ( 17953, 12730, '10:17:00', '10:17:00', 20 );
INSERT INTO "times" VALUES ( 17953, 12740, '10:20:00', '10:20:00', 20 );
INSERT INTO "times" VALUES ( 17953, 12750, '10:23:00', '10:23:00', 20 );
INSERT INTO "times" VALUES ( 17953, 12760, '10:26:00', '10:26:00', 20 );
INSERT INTO "times" VALUES ( 17953, 12770, '10:29:00', '10:32:00', 20 );
INSERT INTO "times" VALUES ( 17953, 12780, '10:37:00', '10:37:00', 20 );
INSERT INTO "times" VALUES ( 17953, 12790, '10:38:00', '10:38:00', 20 );
INSERT INTO "times" VALUES ( 17953, 12800, '10:40:00', '10:43:00', 20 );
INSERT INTO "times" VALUES ( 17953, 12810, '10:45:00', '10:45:00', 20 );
INSERT INTO "times" VALUES ( 17953, 12820, '10:47:00', '10:47:00', 20 );
INSERT INTO "times" VALUES ( 17953, 12830, '10:49:00', '10:49:00', 20 );
INSERT INTO "times" VALUES ( 17953, 12840, '10:50:00', '10:50:00', 20 );
INSERT INTO "times" VALUES ( 17953, 12850, '10:51:00', '10:51:00', 20 );
INSERT INTO "times" VALUES ( 17953, 12860, '10:53:00', '10:53:00', 20 );
INSERT INTO "times" VALUES ( 17953, 12870, '10:55:00', '10:55:00', 20 );
INSERT INTO "times" VALUES ( 17953, 12880, '10:57:00', '10:57:00', 20 );
INSERT INTO "times" VALUES ( 17953, 12890, '10:58:00', '10:58:00', 20 );
INSERT INTO "times" VALUES ( 17953, 12900, '11:00:00', '11:04:00', 20 );
INSERT INTO "times" VALUES ( 17953, 13510, '11:06:00', '11:06:00', 30 );
INSERT INTO "times" VALUES ( 17953, 13520, '11:08:00', NULL, NULL );

INSERT INTO "dias" VALUES ( 17954, 100, FALSE, TRUE, 'Q0903B', 13520, 11510 );
INSERT INTO "dias_line_groups" VALUES ( 17954, 10 );
INSERT INTO "times" VALUES ( 17954, 11510, '11:17:00', NULL, NULL );
INSERT INTO "times" VALUES ( 17954, 11520, '11:14:00', '11:14:00', 10 );
INSERT INTO "times" VALUES ( 17954, 11530, '11:13:00', '11:13:00', 10 );
INSERT INTO "times" VALUES ( 17954, 11540, '11:11:00', '11:11:00', 10 );
INSERT INTO "times" VALUES ( 17954, 12530, '11:10:00', '11:10:00', 10 );
INSERT INTO "times" VALUES ( 17954, 12540, '11:00:00', '11:07:00', 20 );
INSERT INTO "times" VALUES ( 17954, 12550, '10:58:00', '10:58:00', 20 );
INSERT INTO "times" VALUES ( 17954, 12560, '10:56:00', '10:56:00', 20 );
INSERT INTO "times" VALUES ( 17954, 12570, '10:54:00', '10:54:00', 20 );
INSERT INTO "times" VALUES ( 17954, 12580, '10:53:00', '10:53:00', 20 );
INSERT INTO "times" VALUES ( 17954, 12590, '10:52:00', '10:52:00', 20 );
INSERT INTO "times" VALUES ( 17954, 12600, '10:50:00', '10:50:00', 20 );
INSERT INTO "times" VALUES ( 17954, 12610, '10:46:00', '10:49:00', 20 );
INSERT INTO "times" VALUES ( 17954, 12620, '10:44:00', '10:44:00', 20 );
INSERT INTO "times" VALUES ( 17954, 12630, '10:42:00', '10:42:00', 20 );
INSERT INTO "times" VALUES ( 17954, 12640, '10:41:00', '10:41:00', 20 );
INSERT INTO "times" VALUES ( 17954, 12650, '10:39:00', '10:39:00', 20 );
INSERT INTO "times" VALUES ( 17954, 12660, '10:36:00', '10:37:00', 20 );
INSERT INTO "times" VALUES ( 17954, 12670, '10:33:00', '10:33:00', 20 );
INSERT INTO "times" VALUES ( 17954, 12680, '10:26:00', '10:30:00', 20 );
INSERT INTO "times" VALUES ( 17954, 12690, '10:24:00', '10:24:00', 20 );
INSERT INTO "times" VALUES ( 17954, 12700, '10:22:00', '10:22:00', 20 );
INSERT INTO "times" VALUES ( 17954, 12710, '10:16:00', '10:20:00', 20 );
INSERT INTO "times" VALUES ( 17954, 12720, '10:13:00', '10:13:00', 20 );
INSERT INTO "times" VALUES ( 17954, 12730, '10:11:00', '10:11:00', 20 );
INSERT INTO "times" VALUES ( 17954, 12740, '10:09:00', '10:09:00', 20 );
INSERT INTO "times" VALUES ( 17954, 12750, '10:05:00', '10:05:00', 20 );
INSERT INTO "times" VALUES ( 17954, 12760, '10:03:00', '10:03:00', 20 );
INSERT INTO "times" VALUES ( 17954, 12770, '09:59:00', '09:59:00', 20 );
INSERT INTO "times" VALUES ( 17954, 12780, '09:54:00', '09:54:00', 20 );
INSERT INTO "times" VALUES ( 17954, 12790, '09:52:00', '09:52:00', 20 );
INSERT INTO "times" VALUES ( 17954, 12800, '09:47:00', '09:50:00', 20 );
INSERT INTO "times" VALUES ( 17954, 12810, '09:45:00', '09:45:00', 20 );
INSERT INTO "times" VALUES ( 17954, 12820, '09:43:00', '09:43:00', 20 );
INSERT INTO "times" VALUES ( 17954, 12830, '09:42:00', '09:42:00', 20 );
INSERT INTO "times" VALUES ( 17954, 12840, '09:40:00', '09:40:00', 20 );
INSERT INTO "times" VALUES ( 17954, 12850, '09:38:00', '09:38:00', 20 );
INSERT INTO "times" VALUES ( 17954, 12860, '09:36:00', '09:36:00', 20 );
INSERT INTO "times" VALUES ( 17954, 12870, '09:35:00', '09:35:00', 20 );
INSERT INTO "times" VALUES ( 17954, 12880, '09:33:00', '09:33:00', 20 );
INSERT INTO "times" VALUES ( 17954, 12890, '09:31:00', '09:31:00', 20 );
INSERT INTO "times" VALUES ( 17954, 12900, '09:25:00', '09:30:00', 20 );
INSERT INTO "times" VALUES ( 17954, 13510, '09:23:00', '09:23:00', 30 );
INSERT INTO "times" VALUES ( 17954, 13520, NULL, '09:21:00', 30 );

INSERT INTO "dias" VALUES ( 17955, 100, FALSE, TRUE, 'Q0904Z', 11510, 13520 );
INSERT INTO "dias_line_groups" VALUES ( 17955, 10 );
INSERT INTO "times" VALUES ( 17955, 11510, NULL, '09:24:00', 10 );
INSERT INTO "times" VALUES ( 17955, 11520, '09:25:00', '09:25:00', 10 );
INSERT INTO "times" VALUES ( 17955, 11530, '09:27:00', '09:27:00', 10 );
INSERT INTO "times" VALUES ( 17955, 11540, '09:29:00', '09:29:00', 10 );
INSERT INTO "times" VALUES ( 17955, 12530, '09:31:00', '09:32:00', 20 );
INSERT INTO "times" VALUES ( 17955, 12540, '09:34:00', '09:41:00', 20 );
INSERT INTO "times" VALUES ( 17955, 12550, '09:43:00', '09:43:00', 20 );
INSERT INTO "times" VALUES ( 17955, 12560, '09:45:00', '09:45:00', 20 );
INSERT INTO "times" VALUES ( 17955, 12570, '09:46:00', '09:46:00', 20 );
INSERT INTO "times" VALUES ( 17955, 12580, '09:48:00', '09:48:00', 20 );
INSERT INTO "times" VALUES ( 17955, 12590, '09:49:00', '09:49:00', 20 );
INSERT INTO "times" VALUES ( 17955, 12600, '09:50:00', '09:50:00', 20 );
INSERT INTO "times" VALUES ( 17955, 12610, '09:52:00', '09:55:00', 20 );
INSERT INTO "times" VALUES ( 17955, 12620, '09:57:00', '09:57:00', 20 );
INSERT INTO "times" VALUES ( 17955, 12630, '09:58:00', '09:58:00', 20 );
INSERT INTO "times" VALUES ( 17955, 12640, '10:00:00', '10:00:00', 20 );
INSERT INTO "times" VALUES ( 17955, 12650, '10:02:00', '10:02:00', 20 );
INSERT INTO "times" VALUES ( 17955, 12660, '10:04:00', '10:05:00', 20 );
INSERT INTO "times" VALUES ( 17955, 12670, '10:08:00', '10:08:00', 20 );
INSERT INTO "times" VALUES ( 17955, 12680, '10:12:00', '10:18:00', 20 );
INSERT INTO "times" VALUES ( 17955, 12690, '10:20:00', '10:20:00', 20 );
INSERT INTO "times" VALUES ( 17955, 12700, '10:22:00', '10:22:00', 20 );
INSERT INTO "times" VALUES ( 17955, 12710, '10:25:00', '10:25:00', 20 );
INSERT INTO "times" VALUES ( 17955, 12720, '10:27:00', '10:27:00', 20 );
INSERT INTO "times" VALUES ( 17955, 12730, '10:29:00', '10:29:00', 20 );
INSERT INTO "times" VALUES ( 17955, 12740, '10:32:00', '10:32:00', 20 );
INSERT INTO "times" VALUES ( 17955, 12750, '10:35:00', '10:35:00', 20 );
INSERT INTO "times" VALUES ( 17955, 12760, '10:38:00', '10:38:00', 20 );
INSERT INTO "times" VALUES ( 17955, 12770, '10:42:00', '10:42:00', 20 );
INSERT INTO "times" VALUES ( 17955, 12780, '10:46:00', '10:46:00', 20 );
INSERT INTO "times" VALUES ( 17955, 12790, '10:47:00', '10:47:00', 20 );
INSERT INTO "times" VALUES ( 17955, 12800, '10:49:00', '10:53:00', 20 );
INSERT INTO "times" VALUES ( 17955, 12810, '10:54:00', '10:54:00', 20 );
INSERT INTO "times" VALUES ( 17955, 12820, '10:56:00', '10:56:00', 20 );
INSERT INTO "times" VALUES ( 17955, 12830, '10:58:00', '10:58:00', 20 );
INSERT INTO "times" VALUES ( 17955, 12840, '10:59:00', '10:59:00', 20 );
INSERT INTO "times" VALUES ( 17955, 12850, '11:01:00', '11:01:00', 20 );
INSERT INTO "times" VALUES ( 17955, 12860, '11:02:00', '11:02:00', 20 );
INSERT INTO "times" VALUES ( 17955, 12870, '11:04:00', '11:04:00', 20 );
INSERT INTO "times" VALUES ( 17955, 12880, '11:06:00', '11:06:00', 20 );
INSERT INTO "times" VALUES ( 17955, 12890, '11:08:00', '11:08:00', 20 );
INSERT INTO "times" VALUES ( 17955, 12900, '11:09:00', '11:14:00', 20 );
INSERT INTO "times" VALUES ( 17955, 13510, '11:16:00', '11:16:00', 30 );
INSERT INTO "times" VALUES ( 17955, 13520, '11:18:00', NULL, NULL );

INSERT INTO "dias" VALUES ( 17956, 100, FALSE, TRUE, 'Q0905B', 13520, 11510 );
INSERT INTO "dias_line_groups" VALUES ( 17956, 10 );
INSERT INTO "times" VALUES ( 17956, 11510, '11:47:00', NULL, NULL );
INSERT INTO "times" VALUES ( 17956, 11520, '11:44:00', '11:44:00', 10 );
INSERT INTO "times" VALUES ( 17956, 11530, '11:43:00', '11:43:00', 10 );
INSERT INTO "times" VALUES ( 17956, 11540, '11:41:00', '11:41:00', 10 );
INSERT INTO "times" VALUES ( 17956, 12530, '11:40:00', '11:40:00', 10 );
INSERT INTO "times" VALUES ( 17956, 12540, '11:30:00', '11:37:00', 20 );
INSERT INTO "times" VALUES ( 17956, 12550, '11:28:00', '11:28:00', 20 );
INSERT INTO "times" VALUES ( 17956, 12560, '11:26:00', '11:26:00', 20 );
INSERT INTO "times" VALUES ( 17956, 12570, '11:24:00', '11:24:00', 20 );
INSERT INTO "times" VALUES ( 17956, 12580, '11:23:00', '11:23:00', 20 );
INSERT INTO "times" VALUES ( 17956, 12590, '11:22:00', '11:22:00', 20 );
INSERT INTO "times" VALUES ( 17956, 12600, '11:20:00', '11:20:00', 20 );
INSERT INTO "times" VALUES ( 17956, 12610, '11:16:00', '11:19:00', 20 );
INSERT INTO "times" VALUES ( 17956, 12620, '11:14:00', '11:14:00', 20 );
INSERT INTO "times" VALUES ( 17956, 12630, '11:12:00', '11:12:00', 20 );
INSERT INTO "times" VALUES ( 17956, 12640, '11:11:00', '11:11:00', 20 );
INSERT INTO "times" VALUES ( 17956, 12650, '11:09:00', '11:09:00', 20 );
INSERT INTO "times" VALUES ( 17956, 12660, '11:06:00', '11:07:00', 20 );
INSERT INTO "times" VALUES ( 17956, 12670, '11:03:00', '11:03:00', 20 );
INSERT INTO "times" VALUES ( 17956, 12680, '10:57:00', '11:00:00', 20 );
INSERT INTO "times" VALUES ( 17956, 12690, '10:54:00', '10:54:00', 20 );
INSERT INTO "times" VALUES ( 17956, 12700, '10:52:00', '10:52:00', 20 );
INSERT INTO "times" VALUES ( 17956, 12710, '10:46:00', '10:50:00', 20 );
INSERT INTO "times" VALUES ( 17956, 12720, '10:44:00', '10:44:00', 20 );
INSERT INTO "times" VALUES ( 17956, 12730, '10:41:00', '10:41:00', 20 );
INSERT INTO "times" VALUES ( 17956, 12740, '10:39:00', '10:39:00', 20 );
INSERT INTO "times" VALUES ( 17956, 12750, '10:35:00', '10:35:00', 20 );
INSERT INTO "times" VALUES ( 17956, 12760, '10:33:00', '10:33:00', 20 );
INSERT INTO "times" VALUES ( 17956, 12770, '10:29:00', '10:29:00', 20 );
INSERT INTO "times" VALUES ( 17956, 12780, '10:24:00', '10:24:00', 20 );
INSERT INTO "times" VALUES ( 17956, 12790, '10:22:00', '10:22:00', 20 );
INSERT INTO "times" VALUES ( 17956, 12800, '10:17:00', '10:20:00', 20 );
INSERT INTO "times" VALUES ( 17956, 12810, '10:15:00', '10:15:00', 20 );
INSERT INTO "times" VALUES ( 17956, 12820, '10:13:00', '10:13:00', 20 );
INSERT INTO "times" VALUES ( 17956, 12830, '10:12:00', '10:12:00', 20 );
INSERT INTO "times" VALUES ( 17956, 12840, '10:10:00', '10:10:00', 20 );
INSERT INTO "times" VALUES ( 17956, 12850, '10:08:00', '10:08:00', 20 );
INSERT INTO "times" VALUES ( 17956, 12860, '10:06:00', '10:06:00', 20 );
INSERT INTO "times" VALUES ( 17956, 12870, '10:05:00', '10:05:00', 20 );
INSERT INTO "times" VALUES ( 17956, 12880, '10:03:00', '10:03:00', 20 );
INSERT INTO "times" VALUES ( 17956, 12890, '10:01:00', '10:01:00', 20 );
INSERT INTO "times" VALUES ( 17956, 12900, '09:56:00', '10:00:00', 20 );
INSERT INTO "times" VALUES ( 17956, 13510, '09:54:00', '09:54:00', 30 );
INSERT INTO "times" VALUES ( 17956, 13520, NULL, '09:52:00', 30 );

INSERT INTO "dias" VALUES ( 17957, 100, FALSE, TRUE, 'Q0906Z', 11510, 13520 );
INSERT INTO "dias_line_groups" VALUES ( 17957, 10 );
INSERT INTO "times" VALUES ( 17957, 11510, NULL, '09:34:00', 10 );
INSERT INTO "times" VALUES ( 17957, 11520, '09:35:00', '09:35:00', 10 );
INSERT INTO "times" VALUES ( 17957, 11530, '09:37:00', '09:37:00', 10 );
INSERT INTO "times" VALUES ( 17957, 11540, '09:39:00', '09:39:00', 10 );
INSERT INTO "times" VALUES ( 17957, 12530, '09:41:00', '09:42:00', 20 );
INSERT INTO "times" VALUES ( 17957, 12540, '09:45:00', '09:51:00', 20 );
INSERT INTO "times" VALUES ( 17957, 12550, '09:53:00', '09:53:00', 20 );
INSERT INTO "times" VALUES ( 17957, 12560, '09:55:00', '09:55:00', 20 );
INSERT INTO "times" VALUES ( 17957, 12570, '09:56:00', '09:56:00', 20 );
INSERT INTO "times" VALUES ( 17957, 12580, '09:58:00', '09:58:00', 20 );
INSERT INTO "times" VALUES ( 17957, 12590, '09:59:00', '09:59:00', 20 );
INSERT INTO "times" VALUES ( 17957, 12600, '10:00:00', '10:00:00', 20 );
INSERT INTO "times" VALUES ( 17957, 12610, '10:02:00', '10:06:00', 20 );
INSERT INTO "times" VALUES ( 17957, 12620, '10:07:00', '10:07:00', 20 );
INSERT INTO "times" VALUES ( 17957, 12630, '10:09:00', '10:09:00', 20 );
INSERT INTO "times" VALUES ( 17957, 12640, '10:10:00', '10:10:00', 20 );
INSERT INTO "times" VALUES ( 17957, 12650, '10:12:00', '10:12:00', 20 );
INSERT INTO "times" VALUES ( 17957, 12660, '10:15:00', '10:15:00', 20 );
INSERT INTO "times" VALUES ( 17957, 12670, '10:18:00', '10:18:00', 20 );
INSERT INTO "times" VALUES ( 17957, 12680, '10:21:00', '10:21:00', 20 );
INSERT INTO "times" VALUES ( 17957, 12690, '10:22:00', '10:22:00', 20 );
INSERT INTO "times" VALUES ( 17957, 12700, '10:25:00', '10:25:00', 20 );
INSERT INTO "times" VALUES ( 17957, 12710, '10:27:00', '10:33:00', 20 );
INSERT INTO "times" VALUES ( 17957, 12720, '10:35:00', '10:35:00', 20 );
INSERT INTO "times" VALUES ( 17957, 12730, '10:38:00', '10:38:00', 20 );
INSERT INTO "times" VALUES ( 17957, 12740, '10:41:00', '10:41:00', 20 );
INSERT INTO "times" VALUES ( 17957, 12750, '10:43:00', '10:43:00', 20 );
INSERT INTO "times" VALUES ( 17957, 12760, '10:46:00', '10:46:00', 20 );
INSERT INTO "times" VALUES ( 17957, 12770, '10:51:00', '10:51:00', 20 );
INSERT INTO "times" VALUES ( 17957, 12780, '10:55:00', '10:55:00', 20 );
INSERT INTO "times" VALUES ( 17957, 12790, '10:56:00', '10:56:00', 20 );
INSERT INTO "times" VALUES ( 17957, 12800, '10:58:00', '11:02:00', 20 );
INSERT INTO "times" VALUES ( 17957, 12810, '11:04:00', '11:04:00', 20 );
INSERT INTO "times" VALUES ( 17957, 12820, '11:05:00', '11:05:00', 20 );
INSERT INTO "times" VALUES ( 17957, 12830, '11:07:00', '11:09:00', 20 );
INSERT INTO "times" VALUES ( 17957, 12840, '11:11:00', '11:11:00', 20 );
INSERT INTO "times" VALUES ( 17957, 12850, '11:12:00', '11:12:00', 20 );
INSERT INTO "times" VALUES ( 17957, 12860, '11:14:00', '11:14:00', 20 );
INSERT INTO "times" VALUES ( 17957, 12870, '11:15:00', '11:15:00', 20 );
INSERT INTO "times" VALUES ( 17957, 12880, '11:17:00', '11:17:00', 20 );
INSERT INTO "times" VALUES ( 17957, 12890, '11:19:00', '11:19:00', 20 );
INSERT INTO "times" VALUES ( 17957, 12900, '11:20:00', '11:24:00', 20 );
INSERT INTO "times" VALUES ( 17957, 13510, '11:26:00', '11:26:00', 30 );
INSERT INTO "times" VALUES ( 17957, 13520, '11:29:00', NULL, NULL );

INSERT INTO "dias" VALUES ( 17958, 100, FALSE, TRUE, 'Q0908Z', 11510, 13520 );
INSERT INTO "dias_line_groups" VALUES ( 17958, 10 );
INSERT INTO "times" VALUES ( 17958, 11510, NULL, '09:44:00', 10 );
INSERT INTO "times" VALUES ( 17958, 11520, '09:45:00', '09:45:00', 10 );
INSERT INTO "times" VALUES ( 17958, 11530, '09:47:00', '09:47:00', 10 );
INSERT INTO "times" VALUES ( 17958, 11540, '09:49:00', '09:49:00', 10 );
INSERT INTO "times" VALUES ( 17958, 12530, '09:51:00', '09:52:00', 20 );
INSERT INTO "times" VALUES ( 17958, 12540, '09:54:00', '10:01:00', 20 );
INSERT INTO "times" VALUES ( 17958, 12550, '10:03:00', '10:03:00', 20 );
INSERT INTO "times" VALUES ( 17958, 12560, '10:05:00', '10:05:00', 20 );
INSERT INTO "times" VALUES ( 17958, 12570, '10:06:00', '10:06:00', 20 );
INSERT INTO "times" VALUES ( 17958, 12580, '10:08:00', '10:08:00', 20 );
INSERT INTO "times" VALUES ( 17958, 12590, '10:09:00', '10:09:00', 20 );
INSERT INTO "times" VALUES ( 17958, 12600, '10:10:00', '10:10:00', 20 );
INSERT INTO "times" VALUES ( 17958, 12610, '10:12:00', '10:15:00', 20 );
INSERT INTO "times" VALUES ( 17958, 12620, '10:17:00', '10:17:00', 20 );
INSERT INTO "times" VALUES ( 17958, 12630, '10:18:00', '10:18:00', 20 );
INSERT INTO "times" VALUES ( 17958, 12640, '10:20:00', '10:20:00', 20 );
INSERT INTO "times" VALUES ( 17958, 12650, '10:22:00', '10:22:00', 20 );
INSERT INTO "times" VALUES ( 17958, 12660, '10:24:00', '10:26:00', 20 );
INSERT INTO "times" VALUES ( 17958, 12670, '10:29:00', '10:29:00', 20 );
INSERT INTO "times" VALUES ( 17958, 12680, '10:32:00', '10:32:00', 20 );
INSERT INTO "times" VALUES ( 17958, 12690, '10:34:00', '10:34:00', 20 );
INSERT INTO "times" VALUES ( 17958, 12700, '10:36:00', '10:36:00', 20 );
INSERT INTO "times" VALUES ( 17958, 12710, '10:38:00', '10:43:00', 20 );
INSERT INTO "times" VALUES ( 17958, 12720, '10:45:00', '10:45:00', 20 );
INSERT INTO "times" VALUES ( 17958, 12730, '10:47:00', '10:47:00', 20 );
INSERT INTO "times" VALUES ( 17958, 12740, '10:50:00', '10:50:00', 20 );
INSERT INTO "times" VALUES ( 17958, 12750, '10:53:00', '10:53:00', 20 );
INSERT INTO "times" VALUES ( 17958, 12760, '10:56:00', '10:56:00', 20 );
INSERT INTO "times" VALUES ( 17958, 12770, '10:59:00', '11:02:00', 20 );
INSERT INTO "times" VALUES ( 17958, 12780, '11:07:00', '11:07:00', 20 );
INSERT INTO "times" VALUES ( 17958, 12790, '11:08:00', '11:08:00', 20 );
INSERT INTO "times" VALUES ( 17958, 12800, '11:10:00', '11:13:00', 20 );
INSERT INTO "times" VALUES ( 17958, 12810, '11:15:00', '11:15:00', 20 );
INSERT INTO "times" VALUES ( 17958, 12820, '11:17:00', '11:17:00', 20 );
INSERT INTO "times" VALUES ( 17958, 12830, '11:19:00', '11:19:00', 20 );
INSERT INTO "times" VALUES ( 17958, 12840, '11:20:00', '11:20:00', 20 );
INSERT INTO "times" VALUES ( 17958, 12850, '11:21:00', '11:21:00', 20 );
INSERT INTO "times" VALUES ( 17958, 12860, '11:23:00', '11:23:00', 20 );
INSERT INTO "times" VALUES ( 17958, 12870, '11:25:00', '11:25:00', 20 );
INSERT INTO "times" VALUES ( 17958, 12880, '11:27:00', '11:27:00', 20 );
INSERT INTO "times" VALUES ( 17958, 12890, '11:28:00', '11:28:00', 20 );
INSERT INTO "times" VALUES ( 17958, 12900, '11:30:00', '11:34:00', 20 );
INSERT INTO "times" VALUES ( 17958, 13510, '11:36:00', '11:36:00', 30 );
INSERT INTO "times" VALUES ( 17958, 13520, '11:38:00', NULL, NULL );

INSERT INTO "dias" VALUES ( 17959, 100, FALSE, TRUE, 'Q0910Z', 11510, 13520 );
INSERT INTO "dias_line_groups" VALUES ( 17959, 10 );
INSERT INTO "times" VALUES ( 17959, 11510, NULL, '09:54:00', 10 );
INSERT INTO "times" VALUES ( 17959, 11520, '09:55:00', '09:55:00', 10 );
INSERT INTO "times" VALUES ( 17959, 11530, '09:57:00', '09:57:00', 10 );
INSERT INTO "times" VALUES ( 17959, 11540, '09:59:00', '09:59:00', 10 );
INSERT INTO "times" VALUES ( 17959, 12530, '10:01:00', '10:02:00', 20 );
INSERT INTO "times" VALUES ( 17959, 12540, '10:04:00', '10:11:00', 20 );
INSERT INTO "times" VALUES ( 17959, 12550, '10:13:00', '10:13:00', 20 );
INSERT INTO "times" VALUES ( 17959, 12560, '10:15:00', '10:15:00', 20 );
INSERT INTO "times" VALUES ( 17959, 12570, '10:16:00', '10:16:00', 20 );
INSERT INTO "times" VALUES ( 17959, 12580, '10:18:00', '10:18:00', 20 );
INSERT INTO "times" VALUES ( 17959, 12590, '10:19:00', '10:19:00', 20 );
INSERT INTO "times" VALUES ( 17959, 12600, '10:20:00', '10:20:00', 20 );
INSERT INTO "times" VALUES ( 17959, 12610, '10:22:00', '10:25:00', 20 );
INSERT INTO "times" VALUES ( 17959, 12620, '10:27:00', '10:27:00', 20 );
INSERT INTO "times" VALUES ( 17959, 12630, '10:28:00', '10:28:00', 20 );
INSERT INTO "times" VALUES ( 17959, 12640, '10:30:00', '10:30:00', 20 );
INSERT INTO "times" VALUES ( 17959, 12650, '10:32:00', '10:32:00', 20 );
INSERT INTO "times" VALUES ( 17959, 12660, '10:34:00', '10:35:00', 20 );
INSERT INTO "times" VALUES ( 17959, 12670, '10:38:00', '10:38:00', 20 );
INSERT INTO "times" VALUES ( 17959, 12680, '10:42:00', '10:48:00', 20 );
INSERT INTO "times" VALUES ( 17959, 12690, '10:50:00', '10:50:00', 20 );
INSERT INTO "times" VALUES ( 17959, 12700, '10:52:00', '10:52:00', 20 );
INSERT INTO "times" VALUES ( 17959, 12710, '10:55:00', '10:55:00', 20 );
INSERT INTO "times" VALUES ( 17959, 12720, '10:57:00', '10:57:00', 20 );
INSERT INTO "times" VALUES ( 17959, 12730, '10:59:00', '10:59:00', 20 );
INSERT INTO "times" VALUES ( 17959, 12740, '11:02:00', '11:02:00', 20 );
INSERT INTO "times" VALUES ( 17959, 12750, '11:05:00', '11:05:00', 20 );
INSERT INTO "times" VALUES ( 17959, 12760, '11:08:00', '11:08:00', 20 );
INSERT INTO "times" VALUES ( 17959, 12770, '11:12:00', '11:12:00', 20 );
INSERT INTO "times" VALUES ( 17959, 12780, '11:16:00', '11:16:00', 20 );
INSERT INTO "times" VALUES ( 17959, 12790, '11:17:00', '11:17:00', 20 );
INSERT INTO "times" VALUES ( 17959, 12800, '11:19:00', '11:23:00', 20 );
INSERT INTO "times" VALUES ( 17959, 12810, '11:24:00', '11:24:00', 20 );
INSERT INTO "times" VALUES ( 17959, 12820, '11:26:00', '11:26:00', 20 );
INSERT INTO "times" VALUES ( 17959, 12830, '11:28:00', '11:28:00', 20 );
INSERT INTO "times" VALUES ( 17959, 12840, '11:29:00', '11:29:00', 20 );
INSERT INTO "times" VALUES ( 17959, 12850, '11:31:00', '11:31:00', 20 );
INSERT INTO "times" VALUES ( 17959, 12860, '11:32:00', '11:32:00', 20 );
INSERT INTO "times" VALUES ( 17959, 12870, '11:34:00', '11:34:00', 20 );
INSERT INTO "times" VALUES ( 17959, 12880, '11:36:00', '11:36:00', 20 );
INSERT INTO "times" VALUES ( 17959, 12890, '11:38:00', '11:38:00', 20 );
INSERT INTO "times" VALUES ( 17959, 12900, '11:39:00', '11:44:00', 20 );
INSERT INTO "times" VALUES ( 17959, 13510, '11:46:00', '11:46:00', 30 );
INSERT INTO "times" VALUES ( 17959, 13520, '11:48:00', NULL, NULL );

INSERT INTO "dias" VALUES ( 17960, 100, FALSE, TRUE, 'Q1000Z', 11510, 13520 );
INSERT INTO "dias_line_groups" VALUES ( 17960, 10 );
INSERT INTO "times" VALUES ( 17960, 11510, NULL, '10:04:00', 10 );
INSERT INTO "times" VALUES ( 17960, 11520, '10:05:00', '10:05:00', 10 );
INSERT INTO "times" VALUES ( 17960, 11530, '10:07:00', '10:07:00', 10 );
INSERT INTO "times" VALUES ( 17960, 11540, '10:09:00', '10:09:00', 10 );
INSERT INTO "times" VALUES ( 17960, 12530, '10:11:00', '10:12:00', 20 );
INSERT INTO "times" VALUES ( 17960, 12540, '10:15:00', '10:21:00', 20 );
INSERT INTO "times" VALUES ( 17960, 12550, '10:23:00', '10:23:00', 20 );
INSERT INTO "times" VALUES ( 17960, 12560, '10:25:00', '10:25:00', 20 );
INSERT INTO "times" VALUES ( 17960, 12570, '10:26:00', '10:26:00', 20 );
INSERT INTO "times" VALUES ( 17960, 12580, '10:28:00', '10:28:00', 20 );
INSERT INTO "times" VALUES ( 17960, 12590, '10:29:00', '10:29:00', 20 );
INSERT INTO "times" VALUES ( 17960, 12600, '10:30:00', '10:30:00', 20 );
INSERT INTO "times" VALUES ( 17960, 12610, '10:32:00', '10:36:00', 20 );
INSERT INTO "times" VALUES ( 17960, 12620, '10:37:00', '10:37:00', 20 );
INSERT INTO "times" VALUES ( 17960, 12630, '10:39:00', '10:39:00', 20 );
INSERT INTO "times" VALUES ( 17960, 12640, '10:40:00', '10:40:00', 20 );
INSERT INTO "times" VALUES ( 17960, 12650, '10:42:00', '10:42:00', 20 );
INSERT INTO "times" VALUES ( 17960, 12660, '10:45:00', '10:45:00', 20 );
INSERT INTO "times" VALUES ( 17960, 12670, '10:48:00', '10:48:00', 20 );
INSERT INTO "times" VALUES ( 17960, 12680, '10:51:00', '10:51:00', 20 );
INSERT INTO "times" VALUES ( 17960, 12690, '10:52:00', '10:52:00', 20 );
INSERT INTO "times" VALUES ( 17960, 12700, '10:55:00', '10:55:00', 20 );
INSERT INTO "times" VALUES ( 17960, 12710, '10:57:00', '11:03:00', 20 );
INSERT INTO "times" VALUES ( 17960, 12720, '11:05:00', '11:05:00', 20 );
INSERT INTO "times" VALUES ( 17960, 12730, '11:08:00', '11:08:00', 20 );
INSERT INTO "times" VALUES ( 17960, 12740, '11:11:00', '11:11:00', 20 );
INSERT INTO "times" VALUES ( 17960, 12750, '11:13:00', '11:13:00', 20 );
INSERT INTO "times" VALUES ( 17960, 12760, '11:16:00', '11:16:00', 20 );
INSERT INTO "times" VALUES ( 17960, 12770, '11:21:00', '11:21:00', 20 );
INSERT INTO "times" VALUES ( 17960, 12780, '11:25:00', '11:25:00', 20 );
INSERT INTO "times" VALUES ( 17960, 12790, '11:26:00', '11:26:00', 20 );
INSERT INTO "times" VALUES ( 17960, 12800, '11:28:00', '11:32:00', 20 );
INSERT INTO "times" VALUES ( 17960, 12810, '11:34:00', '11:34:00', 20 );
INSERT INTO "times" VALUES ( 17960, 12820, '11:35:00', '11:35:00', 20 );
INSERT INTO "times" VALUES ( 17960, 12830, '11:37:00', '11:39:00', 20 );
INSERT INTO "times" VALUES ( 17960, 12840, '11:41:00', '11:41:00', 20 );
INSERT INTO "times" VALUES ( 17960, 12850, '11:42:00', '11:42:00', 20 );
INSERT INTO "times" VALUES ( 17960, 12860, '11:44:00', '11:44:00', 20 );
INSERT INTO "times" VALUES ( 17960, 12870, '11:45:00', '11:45:00', 20 );
INSERT INTO "times" VALUES ( 17960, 12880, '11:47:00', '11:47:00', 20 );
INSERT INTO "times" VALUES ( 17960, 12890, '11:49:00', '11:49:00', 20 );
INSERT INTO "times" VALUES ( 17960, 12900, '11:50:00', '11:54:00', 20 );
INSERT INTO "times" VALUES ( 17960, 13510, '11:56:00', '11:56:00', 30 );
INSERT INTO "times" VALUES ( 17960, 13520, '11:59:00', NULL, NULL );

INSERT INTO "dias" VALUES ( 17961, 100, FALSE, TRUE, 'Q1001B', 13520, 11510 );
INSERT INTO "dias_line_groups" VALUES ( 17961, 10 );
INSERT INTO "times" VALUES ( 17961, 11510, '12:17:00', NULL, NULL );
INSERT INTO "times" VALUES ( 17961, 11520, '12:14:00', '12:14:00', 10 );
INSERT INTO "times" VALUES ( 17961, 11530, '12:13:00', '12:13:00', 10 );
INSERT INTO "times" VALUES ( 17961, 11540, '12:11:00', '12:11:00', 10 );
INSERT INTO "times" VALUES ( 17961, 12530, '12:10:00', '12:10:00', 10 );
INSERT INTO "times" VALUES ( 17961, 12540, '12:00:00', '12:07:00', 20 );
INSERT INTO "times" VALUES ( 17961, 12550, '11:58:00', '11:58:00', 20 );
INSERT INTO "times" VALUES ( 17961, 12560, '11:56:00', '11:56:00', 20 );
INSERT INTO "times" VALUES ( 17961, 12570, '11:54:00', '11:54:00', 20 );
INSERT INTO "times" VALUES ( 17961, 12580, '11:53:00', '11:53:00', 20 );
INSERT INTO "times" VALUES ( 17961, 12590, '11:52:00', '11:52:00', 20 );
INSERT INTO "times" VALUES ( 17961, 12600, '11:50:00', '11:50:00', 20 );
INSERT INTO "times" VALUES ( 17961, 12610, '11:46:00', '11:49:00', 20 );
INSERT INTO "times" VALUES ( 17961, 12620, '11:44:00', '11:44:00', 20 );
INSERT INTO "times" VALUES ( 17961, 12630, '11:42:00', '11:42:00', 20 );
INSERT INTO "times" VALUES ( 17961, 12640, '11:41:00', '11:41:00', 20 );
INSERT INTO "times" VALUES ( 17961, 12650, '11:39:00', '11:39:00', 20 );
INSERT INTO "times" VALUES ( 17961, 12660, '11:36:00', '11:37:00', 20 );
INSERT INTO "times" VALUES ( 17961, 12670, '11:33:00', '11:33:00', 20 );
INSERT INTO "times" VALUES ( 17961, 12680, '11:27:00', '11:30:00', 20 );
INSERT INTO "times" VALUES ( 17961, 12690, '11:24:00', '11:24:00', 20 );
INSERT INTO "times" VALUES ( 17961, 12700, '11:22:00', '11:22:00', 20 );
INSERT INTO "times" VALUES ( 17961, 12710, '11:16:00', '11:20:00', 20 );
INSERT INTO "times" VALUES ( 17961, 12720, '11:14:00', '11:14:00', 20 );
INSERT INTO "times" VALUES ( 17961, 12730, '11:11:00', '11:11:00', 20 );
INSERT INTO "times" VALUES ( 17961, 12740, '11:09:00', '11:09:00', 20 );
INSERT INTO "times" VALUES ( 17961, 12750, '11:05:00', '11:05:00', 20 );
INSERT INTO "times" VALUES ( 17961, 12760, '11:03:00', '11:03:00', 20 );
INSERT INTO "times" VALUES ( 17961, 12770, '10:59:00', '10:59:00', 20 );
INSERT INTO "times" VALUES ( 17961, 12780, '10:54:00', '10:54:00', 20 );
INSERT INTO "times" VALUES ( 17961, 12790, '10:52:00', '10:52:00', 20 );
INSERT INTO "times" VALUES ( 17961, 12800, '10:47:00', '10:50:00', 20 );
INSERT INTO "times" VALUES ( 17961, 12810, '10:45:00', '10:45:00', 20 );
INSERT INTO "times" VALUES ( 17961, 12820, '10:43:00', '10:43:00', 20 );
INSERT INTO "times" VALUES ( 17961, 12830, '10:42:00', '10:42:00', 20 );
INSERT INTO "times" VALUES ( 17961, 12840, '10:40:00', '10:40:00', 20 );
INSERT INTO "times" VALUES ( 17961, 12850, '10:39:00', '10:39:00', 20 );
INSERT INTO "times" VALUES ( 17961, 12860, '10:37:00', '10:37:00', 20 );
INSERT INTO "times" VALUES ( 17961, 12870, '10:35:00', '10:35:00', 20 );
INSERT INTO "times" VALUES ( 17961, 12880, '10:33:00', '10:33:00', 20 );
INSERT INTO "times" VALUES ( 17961, 12890, '10:32:00', '10:32:00', 20 );
INSERT INTO "times" VALUES ( 17961, 12900, '10:26:00', '10:30:00', 20 );
INSERT INTO "times" VALUES ( 17961, 13510, '10:24:00', '10:24:00', 30 );
INSERT INTO "times" VALUES ( 17961, 13520, NULL, '10:22:00', 30 );

INSERT INTO "dias" VALUES ( 17962, 100, FALSE, TRUE, 'Q1002Z', 11510, 13520 );
INSERT INTO "dias_line_groups" VALUES ( 17962, 10 );
INSERT INTO "times" VALUES ( 17962, 11510, NULL, '10:14:00', 10 );
INSERT INTO "times" VALUES ( 17962, 11520, '10:15:00', '10:15:00', 10 );
INSERT INTO "times" VALUES ( 17962, 11530, '10:17:00', '10:17:00', 10 );
INSERT INTO "times" VALUES ( 17962, 11540, '10:19:00', '10:19:00', 10 );
INSERT INTO "times" VALUES ( 17962, 12530, '10:21:00', '10:22:00', 20 );
INSERT INTO "times" VALUES ( 17962, 12540, '10:24:00', '10:31:00', 20 );
INSERT INTO "times" VALUES ( 17962, 12550, '10:33:00', '10:33:00', 20 );
INSERT INTO "times" VALUES ( 17962, 12560, '10:35:00', '10:35:00', 20 );
INSERT INTO "times" VALUES ( 17962, 12570, '10:36:00', '10:36:00', 20 );
INSERT INTO "times" VALUES ( 17962, 12580, '10:38:00', '10:38:00', 20 );
INSERT INTO "times" VALUES ( 17962, 12590, '10:39:00', '10:39:00', 20 );
INSERT INTO "times" VALUES ( 17962, 12600, '10:40:00', '10:40:00', 20 );
INSERT INTO "times" VALUES ( 17962, 12610, '10:42:00', '10:45:00', 20 );
INSERT INTO "times" VALUES ( 17962, 12620, '10:47:00', '10:47:00', 20 );
INSERT INTO "times" VALUES ( 17962, 12630, '10:48:00', '10:48:00', 20 );
INSERT INTO "times" VALUES ( 17962, 12640, '10:50:00', '10:50:00', 20 );
INSERT INTO "times" VALUES ( 17962, 12650, '10:52:00', '10:52:00', 20 );
INSERT INTO "times" VALUES ( 17962, 12660, '10:54:00', '10:56:00', 20 );
INSERT INTO "times" VALUES ( 17962, 12670, '10:59:00', '10:59:00', 20 );
INSERT INTO "times" VALUES ( 17962, 12680, '11:02:00', '11:02:00', 20 );
INSERT INTO "times" VALUES ( 17962, 12690, '11:04:00', '11:04:00', 20 );
INSERT INTO "times" VALUES ( 17962, 12700, '11:06:00', '11:06:00', 20 );
INSERT INTO "times" VALUES ( 17962, 12710, '11:08:00', '11:13:00', 20 );
INSERT INTO "times" VALUES ( 17962, 12720, '11:15:00', '11:15:00', 20 );
INSERT INTO "times" VALUES ( 17962, 12730, '11:17:00', '11:17:00', 20 );
INSERT INTO "times" VALUES ( 17962, 12740, '11:20:00', '11:20:00', 20 );
INSERT INTO "times" VALUES ( 17962, 12750, '11:23:00', '11:23:00', 20 );
INSERT INTO "times" VALUES ( 17962, 12760, '11:26:00', '11:26:00', 20 );
INSERT INTO "times" VALUES ( 17962, 12770, '11:29:00', '11:32:00', 20 );
INSERT INTO "times" VALUES ( 17962, 12780, '11:37:00', '11:37:00', 20 );
INSERT INTO "times" VALUES ( 17962, 12790, '11:38:00', '11:38:00', 20 );
INSERT INTO "times" VALUES ( 17962, 12800, '11:40:00', '11:43:00', 20 );
INSERT INTO "times" VALUES ( 17962, 12810, '11:45:00', '11:45:00', 20 );
INSERT INTO "times" VALUES ( 17962, 12820, '11:47:00', '11:47:00', 20 );
INSERT INTO "times" VALUES ( 17962, 12830, '11:49:00', '11:49:00', 20 );
INSERT INTO "times" VALUES ( 17962, 12840, '11:50:00', '11:50:00', 20 );
INSERT INTO "times" VALUES ( 17962, 12850, '11:51:00', '11:51:00', 20 );
INSERT INTO "times" VALUES ( 17962, 12860, '11:53:00', '11:53:00', 20 );
INSERT INTO "times" VALUES ( 17962, 12870, '11:55:00', '11:55:00', 20 );
INSERT INTO "times" VALUES ( 17962, 12880, '11:57:00', '11:57:00', 20 );
INSERT INTO "times" VALUES ( 17962, 12890, '11:58:00', '11:58:00', 20 );
INSERT INTO "times" VALUES ( 17962, 12900, '12:00:00', '12:04:00', 20 );
INSERT INTO "times" VALUES ( 17962, 13510, '12:06:00', '12:06:00', 30 );
INSERT INTO "times" VALUES ( 17962, 13520, '12:09:00', NULL, NULL );

INSERT INTO "dias" VALUES ( 17963, 100, FALSE, TRUE, 'Q1003B', 13520, 11510 );
INSERT INTO "dias_line_groups" VALUES ( 17963, 10 );
INSERT INTO "times" VALUES ( 17963, 11510, '12:47:00', NULL, NULL );
INSERT INTO "times" VALUES ( 17963, 11520, '12:44:00', '12:44:00', 10 );
INSERT INTO "times" VALUES ( 17963, 11530, '12:43:00', '12:43:00', 10 );
INSERT INTO "times" VALUES ( 17963, 11540, '12:41:00', '12:41:00', 10 );
INSERT INTO "times" VALUES ( 17963, 12530, '12:40:00', '12:40:00', 10 );
INSERT INTO "times" VALUES ( 17963, 12540, '12:30:00', '12:37:00', 20 );
INSERT INTO "times" VALUES ( 17963, 12550, '12:28:00', '12:28:00', 20 );
INSERT INTO "times" VALUES ( 17963, 12560, '12:26:00', '12:26:00', 20 );
INSERT INTO "times" VALUES ( 17963, 12570, '12:24:00', '12:24:00', 20 );
INSERT INTO "times" VALUES ( 17963, 12580, '12:23:00', '12:23:00', 20 );
INSERT INTO "times" VALUES ( 17963, 12590, '12:22:00', '12:22:00', 20 );
INSERT INTO "times" VALUES ( 17963, 12600, '12:20:00', '12:20:00', 20 );
INSERT INTO "times" VALUES ( 17963, 12610, '12:16:00', '12:19:00', 20 );
INSERT INTO "times" VALUES ( 17963, 12620, '12:14:00', '12:14:00', 20 );
INSERT INTO "times" VALUES ( 17963, 12630, '12:12:00', '12:12:00', 20 );
INSERT INTO "times" VALUES ( 17963, 12640, '12:11:00', '12:11:00', 20 );
INSERT INTO "times" VALUES ( 17963, 12650, '12:09:00', '12:09:00', 20 );
INSERT INTO "times" VALUES ( 17963, 12660, '12:06:00', '12:07:00', 20 );
INSERT INTO "times" VALUES ( 17963, 12670, '12:03:00', '12:03:00', 20 );
INSERT INTO "times" VALUES ( 17963, 12680, '11:57:00', '12:00:00', 20 );
INSERT INTO "times" VALUES ( 17963, 12690, '11:54:00', '11:54:00', 20 );
INSERT INTO "times" VALUES ( 17963, 12700, '11:52:00', '11:52:00', 20 );
INSERT INTO "times" VALUES ( 17963, 12710, '11:46:00', '11:50:00', 20 );
INSERT INTO "times" VALUES ( 17963, 12720, '11:44:00', '11:44:00', 20 );
INSERT INTO "times" VALUES ( 17963, 12730, '11:41:00', '11:41:00', 20 );
INSERT INTO "times" VALUES ( 17963, 12740, '11:39:00', '11:39:00', 20 );
INSERT INTO "times" VALUES ( 17963, 12750, '11:35:00', '11:35:00', 20 );
INSERT INTO "times" VALUES ( 17963, 12760, '11:33:00', '11:33:00', 20 );
INSERT INTO "times" VALUES ( 17963, 12770, '11:29:00', '11:29:00', 20 );
INSERT INTO "times" VALUES ( 17963, 12780, '11:24:00', '11:24:00', 20 );
INSERT INTO "times" VALUES ( 17963, 12790, '11:22:00', '11:22:00', 20 );
INSERT INTO "times" VALUES ( 17963, 12800, '11:17:00', '11:20:00', 20 );
INSERT INTO "times" VALUES ( 17963, 12810, '11:15:00', '11:15:00', 20 );
INSERT INTO "times" VALUES ( 17963, 12820, '11:13:00', '11:13:00', 20 );
INSERT INTO "times" VALUES ( 17963, 12830, '11:12:00', '11:12:00', 20 );
INSERT INTO "times" VALUES ( 17963, 12840, '11:10:00', '11:10:00', 20 );
INSERT INTO "times" VALUES ( 17963, 12850, '11:09:00', '11:09:00', 20 );
INSERT INTO "times" VALUES ( 17963, 12860, '11:07:00', '11:07:00', 20 );
INSERT INTO "times" VALUES ( 17963, 12870, '11:05:00', '11:05:00', 20 );
INSERT INTO "times" VALUES ( 17963, 12880, '11:03:00', '11:03:00', 20 );
INSERT INTO "times" VALUES ( 17963, 12890, '11:02:00', '11:02:00', 20 );
INSERT INTO "times" VALUES ( 17963, 12900, '10:56:00', '11:00:00', 20 );
INSERT INTO "times" VALUES ( 17963, 13510, '10:54:00', '10:54:00', 30 );
INSERT INTO "times" VALUES ( 17963, 13520, NULL, '10:52:00', 30 );

INSERT INTO "dias" VALUES ( 17964, 100, FALSE, TRUE, 'Q1004Z', 11510, 13520 );
INSERT INTO "dias_line_groups" VALUES ( 17964, 10 );
INSERT INTO "times" VALUES ( 17964, 11510, NULL, '10:24:00', 10 );
INSERT INTO "times" VALUES ( 17964, 11520, '10:25:00', '10:25:00', 10 );
INSERT INTO "times" VALUES ( 17964, 11530, '10:27:00', '10:27:00', 10 );
INSERT INTO "times" VALUES ( 17964, 11540, '10:29:00', '10:29:00', 10 );
INSERT INTO "times" VALUES ( 17964, 12530, '10:31:00', '10:32:00', 20 );
INSERT INTO "times" VALUES ( 17964, 12540, '10:34:00', '10:41:00', 20 );
INSERT INTO "times" VALUES ( 17964, 12550, '10:43:00', '10:43:00', 20 );
INSERT INTO "times" VALUES ( 17964, 12560, '10:45:00', '10:45:00', 20 );
INSERT INTO "times" VALUES ( 17964, 12570, '10:46:00', '10:46:00', 20 );
INSERT INTO "times" VALUES ( 17964, 12580, '10:48:00', '10:48:00', 20 );
INSERT INTO "times" VALUES ( 17964, 12590, '10:49:00', '10:49:00', 20 );
INSERT INTO "times" VALUES ( 17964, 12600, '10:50:00', '10:50:00', 20 );
INSERT INTO "times" VALUES ( 17964, 12610, '10:52:00', '10:55:00', 20 );
INSERT INTO "times" VALUES ( 17964, 12620, '10:57:00', '10:57:00', 20 );
INSERT INTO "times" VALUES ( 17964, 12630, '10:58:00', '10:58:00', 20 );
INSERT INTO "times" VALUES ( 17964, 12640, '11:00:00', '11:00:00', 20 );
INSERT INTO "times" VALUES ( 17964, 12650, '11:02:00', '11:02:00', 20 );
INSERT INTO "times" VALUES ( 17964, 12660, '11:04:00', '11:05:00', 20 );
INSERT INTO "times" VALUES ( 17964, 12670, '11:08:00', '11:08:00', 20 );
INSERT INTO "times" VALUES ( 17964, 12680, '11:12:00', '11:18:00', 20 );
INSERT INTO "times" VALUES ( 17964, 12690, '11:20:00', '11:20:00', 20 );
INSERT INTO "times" VALUES ( 17964, 12700, '11:22:00', '11:22:00', 20 );
INSERT INTO "times" VALUES ( 17964, 12710, '11:25:00', '11:25:00', 20 );
INSERT INTO "times" VALUES ( 17964, 12720, '11:26:00', '11:26:00', 20 );
INSERT INTO "times" VALUES ( 17964, 12730, '11:29:00', '11:29:00', 20 );
INSERT INTO "times" VALUES ( 17964, 12740, '11:32:00', '11:32:00', 20 );
INSERT INTO "times" VALUES ( 17964, 12750, '11:35:00', '11:35:00', 20 );
INSERT INTO "times" VALUES ( 17964, 12760, '11:38:00', '11:38:00', 20 );
INSERT INTO "times" VALUES ( 17964, 12770, '11:42:00', '11:42:00', 20 );
INSERT INTO "times" VALUES ( 17964, 12780, '11:46:00', '11:46:00', 20 );
INSERT INTO "times" VALUES ( 17964, 12790, '11:47:00', '11:47:00', 20 );
INSERT INTO "times" VALUES ( 17964, 12800, '11:49:00', '11:53:00', 20 );
INSERT INTO "times" VALUES ( 17964, 12810, '11:55:00', '11:55:00', 20 );
INSERT INTO "times" VALUES ( 17964, 12820, '11:57:00', '11:57:00', 20 );
INSERT INTO "times" VALUES ( 17964, 12830, '11:59:00', '11:59:00', 20 );
INSERT INTO "times" VALUES ( 17964, 12840, '12:00:00', '12:00:00', 20 );
INSERT INTO "times" VALUES ( 17964, 12850, '12:01:00', '12:01:00', 20 );
INSERT INTO "times" VALUES ( 17964, 12860, '12:03:00', '12:03:00', 20 );
INSERT INTO "times" VALUES ( 17964, 12870, '12:05:00', '12:05:00', 20 );
INSERT INTO "times" VALUES ( 17964, 12880, '12:06:00', '12:06:00', 20 );
INSERT INTO "times" VALUES ( 17964, 12890, '12:08:00', '12:08:00', 20 );
INSERT INTO "times" VALUES ( 17964, 12900, '12:10:00', '12:13:00', 20 );
INSERT INTO "times" VALUES ( 17964, 13510, '12:15:00', '12:15:00', 30 );
INSERT INTO "times" VALUES ( 17964, 13520, '12:18:00', NULL, NULL );

INSERT INTO "dias" VALUES ( 17965, 100, FALSE, TRUE, 'Q1006Z', 11510, 13520 );
INSERT INTO "dias_line_groups" VALUES ( 17965, 10 );
INSERT INTO "times" VALUES ( 17965, 11510, NULL, '10:44:00', 10 );
INSERT INTO "times" VALUES ( 17965, 11520, '10:45:00', '10:45:00', 10 );
INSERT INTO "times" VALUES ( 17965, 11530, '10:47:00', '10:47:00', 10 );
INSERT INTO "times" VALUES ( 17965, 11540, '10:49:00', '10:49:00', 10 );
INSERT INTO "times" VALUES ( 17965, 12530, '10:51:00', '10:52:00', 20 );
INSERT INTO "times" VALUES ( 17965, 12540, '10:54:00', '11:01:00', 20 );
INSERT INTO "times" VALUES ( 17965, 12550, '11:03:00', '11:03:00', 20 );
INSERT INTO "times" VALUES ( 17965, 12560, '11:05:00', '11:05:00', 20 );
INSERT INTO "times" VALUES ( 17965, 12570, '11:06:00', '11:06:00', 20 );
INSERT INTO "times" VALUES ( 17965, 12580, '11:08:00', '11:08:00', 20 );
INSERT INTO "times" VALUES ( 17965, 12590, '11:09:00', '11:09:00', 20 );
INSERT INTO "times" VALUES ( 17965, 12600, '11:10:00', '11:10:00', 20 );
INSERT INTO "times" VALUES ( 17965, 12610, '11:12:00', '11:15:00', 20 );
INSERT INTO "times" VALUES ( 17965, 12620, '11:17:00', '11:17:00', 20 );
INSERT INTO "times" VALUES ( 17965, 12630, '11:18:00', '11:18:00', 20 );
INSERT INTO "times" VALUES ( 17965, 12640, '11:20:00', '11:20:00', 20 );
INSERT INTO "times" VALUES ( 17965, 12650, '11:22:00', '11:22:00', 20 );
INSERT INTO "times" VALUES ( 17965, 12660, '11:24:00', '11:26:00', 20 );
INSERT INTO "times" VALUES ( 17965, 12670, '11:29:00', '11:29:00', 20 );
INSERT INTO "times" VALUES ( 17965, 12680, '11:31:00', '11:32:00', 20 );
INSERT INTO "times" VALUES ( 17965, 12690, '11:34:00', '11:34:00', 20 );
INSERT INTO "times" VALUES ( 17965, 12700, '11:36:00', '11:36:00', 20 );
INSERT INTO "times" VALUES ( 17965, 12710, '11:38:00', '11:44:00', 20 );
INSERT INTO "times" VALUES ( 17965, 12720, '11:46:00', '11:46:00', 20 );
INSERT INTO "times" VALUES ( 17965, 12730, '11:48:00', '11:48:00', 20 );
INSERT INTO "times" VALUES ( 17965, 12740, '11:51:00', '11:52:00', 20 );
INSERT INTO "times" VALUES ( 17965, 12750, '11:55:00', '11:55:00', 20 );
INSERT INTO "times" VALUES ( 17965, 12760, '11:58:00', '11:58:00', 20 );
INSERT INTO "times" VALUES ( 17965, 12770, '12:02:00', '12:02:00', 20 );
INSERT INTO "times" VALUES ( 17965, 12780, '12:06:00', '12:06:00', 20 );
INSERT INTO "times" VALUES ( 17965, 12790, '12:07:00', '12:07:00', 20 );
INSERT INTO "times" VALUES ( 17965, 12800, '12:09:00', '12:13:00', 20 );
INSERT INTO "times" VALUES ( 17965, 12810, '12:15:00', '12:15:00', 20 );
INSERT INTO "times" VALUES ( 17965, 12820, '12:16:00', '12:16:00', 20 );
INSERT INTO "times" VALUES ( 17965, 12830, '12:18:00', '12:18:00', 20 );
INSERT INTO "times" VALUES ( 17965, 12840, '12:19:00', '12:19:00', 20 );
INSERT INTO "times" VALUES ( 17965, 12850, '12:21:00', '12:21:00', 20 );
INSERT INTO "times" VALUES ( 17965, 12860, '12:22:00', '12:22:00', 20 );
INSERT INTO "times" VALUES ( 17965, 12870, '12:24:00', '12:24:00', 20 );
INSERT INTO "times" VALUES ( 17965, 12880, '12:26:00', '12:26:00', 20 );
INSERT INTO "times" VALUES ( 17965, 12890, '12:28:00', '12:28:00', 20 );
INSERT INTO "times" VALUES ( 17965, 12900, '12:29:00', '12:33:00', 20 );
INSERT INTO "times" VALUES ( 17965, 13510, '12:35:00', '12:35:00', 30 );
INSERT INTO "times" VALUES ( 17965, 13520, '12:38:00', NULL, NULL );

INSERT INTO "dias" VALUES ( 17966, 100, FALSE, TRUE, 'Q1008Z', 11510, 13520 );
INSERT INTO "dias_line_groups" VALUES ( 17966, 10 );
INSERT INTO "times" VALUES ( 17966, 11510, NULL, '10:54:00', 10 );
INSERT INTO "times" VALUES ( 17966, 11520, '10:55:00', '10:55:00', 10 );
INSERT INTO "times" VALUES ( 17966, 11530, '10:57:00', '10:57:00', 10 );
INSERT INTO "times" VALUES ( 17966, 11540, '10:59:00', '10:59:00', 10 );
INSERT INTO "times" VALUES ( 17966, 12530, '11:01:00', '11:02:00', 20 );
INSERT INTO "times" VALUES ( 17966, 12540, '11:04:00', '11:11:00', 20 );
INSERT INTO "times" VALUES ( 17966, 12550, '11:13:00', '11:13:00', 20 );
INSERT INTO "times" VALUES ( 17966, 12560, '11:15:00', '11:15:00', 20 );
INSERT INTO "times" VALUES ( 17966, 12570, '11:16:00', '11:16:00', 20 );
INSERT INTO "times" VALUES ( 17966, 12580, '11:18:00', '11:18:00', 20 );
INSERT INTO "times" VALUES ( 17966, 12590, '11:19:00', '11:19:00', 20 );
INSERT INTO "times" VALUES ( 17966, 12600, '11:20:00', '11:20:00', 20 );
INSERT INTO "times" VALUES ( 17966, 12610, '11:22:00', '11:25:00', 20 );
INSERT INTO "times" VALUES ( 17966, 12620, '11:27:00', '11:27:00', 20 );
INSERT INTO "times" VALUES ( 17966, 12630, '11:28:00', '11:28:00', 20 );
INSERT INTO "times" VALUES ( 17966, 12640, '11:30:00', '11:30:00', 20 );
INSERT INTO "times" VALUES ( 17966, 12650, '11:32:00', '11:32:00', 20 );
INSERT INTO "times" VALUES ( 17966, 12660, '11:34:00', '11:35:00', 20 );
INSERT INTO "times" VALUES ( 17966, 12670, '11:38:00', '11:38:00', 20 );
INSERT INTO "times" VALUES ( 17966, 12680, '11:42:00', '11:48:00', 20 );
INSERT INTO "times" VALUES ( 17966, 12690, '11:50:00', '11:50:00', 20 );
INSERT INTO "times" VALUES ( 17966, 12700, '11:52:00', '11:52:00', 20 );
INSERT INTO "times" VALUES ( 17966, 12710, '11:55:00', '11:55:00', 20 );
INSERT INTO "times" VALUES ( 17966, 12720, '11:56:00', '11:56:00', 20 );
INSERT INTO "times" VALUES ( 17966, 12730, '11:59:00', '11:59:00', 20 );
INSERT INTO "times" VALUES ( 17966, 12740, '12:02:00', '12:02:00', 20 );
INSERT INTO "times" VALUES ( 17966, 12750, '12:05:00', '12:05:00', 20 );
INSERT INTO "times" VALUES ( 17966, 12760, '12:08:00', '12:08:00', 20 );
INSERT INTO "times" VALUES ( 17966, 12770, '12:12:00', '12:12:00', 20 );
INSERT INTO "times" VALUES ( 17966, 12780, '12:16:00', '12:16:00', 20 );
INSERT INTO "times" VALUES ( 17966, 12790, '12:17:00', '12:17:00', 20 );
INSERT INTO "times" VALUES ( 17966, 12800, '12:19:00', '12:23:00', 20 );
INSERT INTO "times" VALUES ( 17966, 12810, '12:25:00', '12:25:00', 20 );
INSERT INTO "times" VALUES ( 17966, 12820, '12:26:00', '12:26:00', 20 );
INSERT INTO "times" VALUES ( 17966, 12830, '12:28:00', '12:28:00', 20 );
INSERT INTO "times" VALUES ( 17966, 12840, '12:29:00', '12:29:00', 20 );
INSERT INTO "times" VALUES ( 17966, 12850, '12:31:00', '12:31:00', 20 );
INSERT INTO "times" VALUES ( 17966, 12860, '12:32:00', '12:32:00', 20 );
INSERT INTO "times" VALUES ( 17966, 12870, '12:34:00', '12:34:00', 20 );
INSERT INTO "times" VALUES ( 17966, 12880, '12:36:00', '12:36:00', 20 );
INSERT INTO "times" VALUES ( 17966, 12890, '12:38:00', '12:38:00', 20 );
INSERT INTO "times" VALUES ( 17966, 12900, '12:39:00', '12:43:00', 20 );
INSERT INTO "times" VALUES ( 17966, 13510, '12:45:00', '12:45:00', 30 );
INSERT INTO "times" VALUES ( 17966, 13520, '12:48:00', NULL, NULL );

INSERT INTO "dias" VALUES ( 17967, 100, FALSE, TRUE, 'Q1100Z', 11510, 13520 );
INSERT INTO "dias_line_groups" VALUES ( 17967, 10 );
INSERT INTO "times" VALUES ( 17967, 11510, NULL, '11:14:00', 10 );
INSERT INTO "times" VALUES ( 17967, 11520, '11:15:00', '11:15:00', 10 );
INSERT INTO "times" VALUES ( 17967, 11530, '11:17:00', '11:17:00', 10 );
INSERT INTO "times" VALUES ( 17967, 11540, '11:19:00', '11:19:00', 10 );
INSERT INTO "times" VALUES ( 17967, 12530, '11:21:00', '11:22:00', 20 );
INSERT INTO "times" VALUES ( 17967, 12540, '11:24:00', '11:31:00', 20 );
INSERT INTO "times" VALUES ( 17967, 12550, '11:33:00', '11:33:00', 20 );
INSERT INTO "times" VALUES ( 17967, 12560, '11:35:00', '11:35:00', 20 );
INSERT INTO "times" VALUES ( 17967, 12570, '11:36:00', '11:36:00', 20 );
INSERT INTO "times" VALUES ( 17967, 12580, '11:38:00', '11:38:00', 20 );
INSERT INTO "times" VALUES ( 17967, 12590, '11:39:00', '11:39:00', 20 );
INSERT INTO "times" VALUES ( 17967, 12600, '11:40:00', '11:40:00', 20 );
INSERT INTO "times" VALUES ( 17967, 12610, '11:42:00', '11:45:00', 20 );
INSERT INTO "times" VALUES ( 17967, 12620, '11:47:00', '11:47:00', 20 );
INSERT INTO "times" VALUES ( 17967, 12630, '11:48:00', '11:48:00', 20 );
INSERT INTO "times" VALUES ( 17967, 12640, '11:50:00', '11:50:00', 20 );
INSERT INTO "times" VALUES ( 17967, 12650, '11:52:00', '11:52:00', 20 );
INSERT INTO "times" VALUES ( 17967, 12660, '11:54:00', '11:56:00', 20 );
INSERT INTO "times" VALUES ( 17967, 12670, '11:59:00', '11:59:00', 20 );
INSERT INTO "times" VALUES ( 17967, 12680, '12:01:00', '12:02:00', 20 );
INSERT INTO "times" VALUES ( 17967, 12690, '12:04:00', '12:04:00', 20 );
INSERT INTO "times" VALUES ( 17967, 12700, '12:06:00', '12:06:00', 20 );
INSERT INTO "times" VALUES ( 17967, 12710, '12:08:00', '12:14:00', 20 );
INSERT INTO "times" VALUES ( 17967, 12720, '12:16:00', '12:16:00', 20 );
INSERT INTO "times" VALUES ( 17967, 12730, '12:18:00', '12:18:00', 20 );
INSERT INTO "times" VALUES ( 17967, 12740, '12:21:00', '12:22:00', 20 );
INSERT INTO "times" VALUES ( 17967, 12750, '12:25:00', '12:25:00', 20 );
INSERT INTO "times" VALUES ( 17967, 12760, '12:28:00', '12:28:00', 20 );
INSERT INTO "times" VALUES ( 17967, 12770, '12:32:00', '12:32:00', 20 );
INSERT INTO "times" VALUES ( 17967, 12780, '12:36:00', '12:36:00', 20 );
INSERT INTO "times" VALUES ( 17967, 12790, '12:37:00', '12:37:00', 20 );
INSERT INTO "times" VALUES ( 17967, 12800, '12:39:00', '12:43:00', 20 );
INSERT INTO "times" VALUES ( 17967, 12810, '12:45:00', '12:45:00', 20 );
INSERT INTO "times" VALUES ( 17967, 12820, '12:46:00', '12:46:00', 20 );
INSERT INTO "times" VALUES ( 17967, 12830, '12:48:00', '12:48:00', 20 );
INSERT INTO "times" VALUES ( 17967, 12840, '12:49:00', '12:49:00', 20 );
INSERT INTO "times" VALUES ( 17967, 12850, '12:51:00', '12:51:00', 20 );
INSERT INTO "times" VALUES ( 17967, 12860, '12:52:00', '12:52:00', 20 );
INSERT INTO "times" VALUES ( 17967, 12870, '12:54:00', '12:54:00', 20 );
INSERT INTO "times" VALUES ( 17967, 12880, '12:56:00', '12:56:00', 20 );
INSERT INTO "times" VALUES ( 17967, 12890, '12:58:00', '12:58:00', 20 );
INSERT INTO "times" VALUES ( 17967, 12900, '12:59:00', '13:03:00', 20 );
INSERT INTO "times" VALUES ( 17967, 13510, '13:05:00', '13:05:00', 30 );
INSERT INTO "times" VALUES ( 17967, 13520, '13:08:00', NULL, NULL );

INSERT INTO "dias" VALUES ( 17968, 100, FALSE, TRUE, 'Q1101B', 13520, 11510 );
INSERT INTO "dias_line_groups" VALUES ( 17968, 10 );
INSERT INTO "times" VALUES ( 17968, 11510, '13:17:00', NULL, NULL );
INSERT INTO "times" VALUES ( 17968, 11520, '13:15:00', '13:15:00', 10 );
INSERT INTO "times" VALUES ( 17968, 11530, '13:13:00', '13:13:00', 10 );
INSERT INTO "times" VALUES ( 17968, 11540, '13:12:00', '13:12:00', 10 );
INSERT INTO "times" VALUES ( 17968, 12530, '13:10:00', '13:10:00', 10 );
INSERT INTO "times" VALUES ( 17968, 12540, '13:00:00', '13:07:00', 20 );
INSERT INTO "times" VALUES ( 17968, 12550, '12:58:00', '12:58:00', 20 );
INSERT INTO "times" VALUES ( 17968, 12560, '12:56:00', '12:56:00', 20 );
INSERT INTO "times" VALUES ( 17968, 12570, '12:54:00', '12:54:00', 20 );
INSERT INTO "times" VALUES ( 17968, 12580, '12:53:00', '12:53:00', 20 );
INSERT INTO "times" VALUES ( 17968, 12590, '12:52:00', '12:52:00', 20 );
INSERT INTO "times" VALUES ( 17968, 12600, '12:50:00', '12:50:00', 20 );
INSERT INTO "times" VALUES ( 17968, 12610, '12:46:00', '12:49:00', 20 );
INSERT INTO "times" VALUES ( 17968, 12620, '12:44:00', '12:44:00', 20 );
INSERT INTO "times" VALUES ( 17968, 12630, '12:42:00', '12:42:00', 20 );
INSERT INTO "times" VALUES ( 17968, 12640, '12:41:00', '12:41:00', 20 );
INSERT INTO "times" VALUES ( 17968, 12650, '12:39:00', '12:39:00', 20 );
INSERT INTO "times" VALUES ( 17968, 12660, '12:35:00', '12:37:00', 20 );
INSERT INTO "times" VALUES ( 17968, 12670, '12:32:00', '12:32:00', 20 );
INSERT INTO "times" VALUES ( 17968, 12680, '12:23:00', '12:29:00', 20 );
INSERT INTO "times" VALUES ( 17968, 12690, '12:21:00', '12:21:00', 20 );
INSERT INTO "times" VALUES ( 17968, 12700, '12:18:00', '12:18:00', 20 );
INSERT INTO "times" VALUES ( 17968, 12710, '12:17:00', '12:17:00', 20 );
INSERT INTO "times" VALUES ( 17968, 12720, '12:14:00', '12:14:00', 20 );
INSERT INTO "times" VALUES ( 17968, 12730, '12:11:00', '12:11:00', 20 );
INSERT INTO "times" VALUES ( 17968, 12740, '12:09:00', '12:09:00', 20 );
INSERT INTO "times" VALUES ( 17968, 12750, '12:05:00', '12:05:00', 20 );
INSERT INTO "times" VALUES ( 17968, 12760, '12:03:00', '12:03:00', 20 );
INSERT INTO "times" VALUES ( 17968, 12770, '11:59:00', '11:59:00', 20 );
INSERT INTO "times" VALUES ( 17968, 12780, '11:55:00', '11:55:00', 20 );
INSERT INTO "times" VALUES ( 17968, 12790, '11:52:00', '11:52:00', 20 );
INSERT INTO "times" VALUES ( 17968, 12800, '11:47:00', '11:51:00', 20 );
INSERT INTO "times" VALUES ( 17968, 12810, '11:45:00', '11:45:00', 20 );
INSERT INTO "times" VALUES ( 17968, 12820, '11:43:00', '11:43:00', 20 );
INSERT INTO "times" VALUES ( 17968, 12830, '11:42:00', '11:42:00', 20 );
INSERT INTO "times" VALUES ( 17968, 12840, '11:40:00', '11:40:00', 20 );
INSERT INTO "times" VALUES ( 17968, 12850, '11:39:00', '11:39:00', 20 );
INSERT INTO "times" VALUES ( 17968, 12860, '11:37:00', '11:37:00', 20 );
INSERT INTO "times" VALUES ( 17968, 12870, '11:35:00', '11:35:00', 20 );
INSERT INTO "times" VALUES ( 17968, 12880, '11:33:00', '11:33:00', 20 );
INSERT INTO "times" VALUES ( 17968, 12890, '11:32:00', '11:32:00', 20 );
INSERT INTO "times" VALUES ( 17968, 12900, '11:26:00', '11:30:00', 20 );
INSERT INTO "times" VALUES ( 17968, 13510, '11:24:00', '11:24:00', 30 );
INSERT INTO "times" VALUES ( 17968, 13520, NULL, '11:22:00', 30 );

INSERT INTO "dias" VALUES ( 17969, 100, FALSE, TRUE, 'Q1102Z', 11510, 13520 );
INSERT INTO "dias_line_groups" VALUES ( 17969, 10 );
INSERT INTO "times" VALUES ( 17969, 11510, NULL, '11:24:00', 10 );
INSERT INTO "times" VALUES ( 17969, 11520, '11:25:00', '11:25:00', 10 );
INSERT INTO "times" VALUES ( 17969, 11530, '11:27:00', '11:27:00', 10 );
INSERT INTO "times" VALUES ( 17969, 11540, '11:29:00', '11:29:00', 10 );
INSERT INTO "times" VALUES ( 17969, 12530, '11:31:00', '11:32:00', 20 );
INSERT INTO "times" VALUES ( 17969, 12540, '11:34:00', '11:41:00', 20 );
INSERT INTO "times" VALUES ( 17969, 12550, '11:43:00', '11:43:00', 20 );
INSERT INTO "times" VALUES ( 17969, 12560, '11:45:00', '11:45:00', 20 );
INSERT INTO "times" VALUES ( 17969, 12570, '11:46:00', '11:46:00', 20 );
INSERT INTO "times" VALUES ( 17969, 12580, '11:48:00', '11:48:00', 20 );
INSERT INTO "times" VALUES ( 17969, 12590, '11:49:00', '11:49:00', 20 );
INSERT INTO "times" VALUES ( 17969, 12600, '11:50:00', '11:50:00', 20 );
INSERT INTO "times" VALUES ( 17969, 12610, '11:52:00', '11:55:00', 20 );
INSERT INTO "times" VALUES ( 17969, 12620, '11:57:00', '11:57:00', 20 );
INSERT INTO "times" VALUES ( 17969, 12630, '11:58:00', '11:58:00', 20 );
INSERT INTO "times" VALUES ( 17969, 12640, '12:00:00', '12:00:00', 20 );
INSERT INTO "times" VALUES ( 17969, 12650, '12:02:00', '12:02:00', 20 );
INSERT INTO "times" VALUES ( 17969, 12660, '12:04:00', '12:05:00', 20 );
INSERT INTO "times" VALUES ( 17969, 12670, '12:08:00', '12:08:00', 20 );
INSERT INTO "times" VALUES ( 17969, 12680, '12:12:00', '12:18:00', 20 );
INSERT INTO "times" VALUES ( 17969, 12690, '12:20:00', '12:20:00', 20 );
INSERT INTO "times" VALUES ( 17969, 12700, '12:22:00', '12:22:00', 20 );
INSERT INTO "times" VALUES ( 17969, 12710, '12:25:00', '12:25:00', 20 );
INSERT INTO "times" VALUES ( 17969, 12720, '12:26:00', '12:26:00', 20 );
INSERT INTO "times" VALUES ( 17969, 12730, '12:29:00', '12:29:00', 20 );
INSERT INTO "times" VALUES ( 17969, 12740, '12:32:00', '12:32:00', 20 );
INSERT INTO "times" VALUES ( 17969, 12750, '12:35:00', '12:35:00', 20 );
INSERT INTO "times" VALUES ( 17969, 12760, '12:38:00', '12:38:00', 20 );
INSERT INTO "times" VALUES ( 17969, 12770, '12:42:00', '12:42:00', 20 );
INSERT INTO "times" VALUES ( 17969, 12780, '12:46:00', '12:46:00', 20 );
INSERT INTO "times" VALUES ( 17969, 12790, '12:47:00', '12:47:00', 20 );
INSERT INTO "times" VALUES ( 17969, 12800, '12:49:00', '12:53:00', 20 );
INSERT INTO "times" VALUES ( 17969, 12810, '12:55:00', '12:55:00', 20 );
INSERT INTO "times" VALUES ( 17969, 12820, '12:56:00', '12:56:00', 20 );
INSERT INTO "times" VALUES ( 17969, 12830, '12:58:00', '12:58:00', 20 );
INSERT INTO "times" VALUES ( 17969, 12840, '12:59:00', '12:59:00', 20 );
INSERT INTO "times" VALUES ( 17969, 12850, '13:01:00', '13:01:00', 20 );
INSERT INTO "times" VALUES ( 17969, 12860, '13:02:00', '13:02:00', 20 );
INSERT INTO "times" VALUES ( 17969, 12870, '13:04:00', '13:04:00', 20 );
INSERT INTO "times" VALUES ( 17969, 12880, '13:06:00', '13:06:00', 20 );
INSERT INTO "times" VALUES ( 17969, 12890, '13:08:00', '13:08:00', 20 );
INSERT INTO "times" VALUES ( 17969, 12900, '13:09:00', '13:13:00', 20 );
INSERT INTO "times" VALUES ( 17969, 13510, '13:15:00', '13:15:00', 30 );
INSERT INTO "times" VALUES ( 17969, 13520, '13:18:00', NULL, NULL );

INSERT INTO "dias" VALUES ( 17970, 100, FALSE, TRUE, 'Q1103B', 13520, 11510 );
INSERT INTO "dias_line_groups" VALUES ( 17970, 10 );
INSERT INTO "times" VALUES ( 17970, 11510, '13:27:00', NULL, NULL );
INSERT INTO "times" VALUES ( 17970, 11520, '13:24:00', '13:24:00', 10 );
INSERT INTO "times" VALUES ( 17970, 11530, '13:23:00', '13:23:00', 10 );
INSERT INTO "times" VALUES ( 17970, 11540, '13:21:00', '13:21:00', 10 );
INSERT INTO "times" VALUES ( 17970, 12530, '13:20:00', '13:20:00', 10 );
INSERT INTO "times" VALUES ( 17970, 12540, '13:10:00', '13:17:00', 20 );
INSERT INTO "times" VALUES ( 17970, 12550, '13:08:00', '13:08:00', 20 );
INSERT INTO "times" VALUES ( 17970, 12560, '13:06:00', '13:06:00', 20 );
INSERT INTO "times" VALUES ( 17970, 12570, '13:04:00', '13:04:00', 20 );
INSERT INTO "times" VALUES ( 17970, 12580, '13:03:00', '13:03:00', 20 );
INSERT INTO "times" VALUES ( 17970, 12590, '13:02:00', '13:02:00', 20 );
INSERT INTO "times" VALUES ( 17970, 12600, '13:00:00', '13:00:00', 20 );
INSERT INTO "times" VALUES ( 17970, 12610, '12:56:00', '12:59:00', 20 );
INSERT INTO "times" VALUES ( 17970, 12620, '12:54:00', '12:54:00', 20 );
INSERT INTO "times" VALUES ( 17970, 12630, '12:52:00', '12:52:00', 20 );
INSERT INTO "times" VALUES ( 17970, 12640, '12:51:00', '12:51:00', 20 );
INSERT INTO "times" VALUES ( 17970, 12650, '12:49:00', '12:49:00', 20 );
INSERT INTO "times" VALUES ( 17970, 12660, '12:45:00', '12:47:00', 20 );
INSERT INTO "times" VALUES ( 17970, 12670, '12:42:00', '12:42:00', 20 );
INSERT INTO "times" VALUES ( 17970, 12680, '12:39:00', '12:40:00', 20 );
INSERT INTO "times" VALUES ( 17970, 12690, '12:37:00', '12:37:00', 20 );
INSERT INTO "times" VALUES ( 17970, 12700, '12:34:00', '12:34:00', 20 );
INSERT INTO "times" VALUES ( 17970, 12710, '12:27:00', '12:32:00', 20 );
INSERT INTO "times" VALUES ( 17970, 12720, '12:24:00', '12:24:00', 20 );
INSERT INTO "times" VALUES ( 17970, 12730, '12:22:00', '12:22:00', 20 );
INSERT INTO "times" VALUES ( 17970, 12740, '12:19:00', '12:20:00', 20 );
INSERT INTO "times" VALUES ( 17970, 12750, '12:16:00', '12:16:00', 20 );
INSERT INTO "times" VALUES ( 17970, 12760, '12:14:00', '12:14:00', 20 );
INSERT INTO "times" VALUES ( 17970, 12770, '12:10:00', '12:10:00', 20 );
INSERT INTO "times" VALUES ( 17970, 12780, '12:05:00', '12:05:00', 20 );
INSERT INTO "times" VALUES ( 17970, 12790, '12:03:00', '12:03:00', 20 );
INSERT INTO "times" VALUES ( 17970, 12800, '11:57:00', '12:01:00', 20 );
INSERT INTO "times" VALUES ( 17970, 12810, '11:55:00', '11:55:00', 20 );
INSERT INTO "times" VALUES ( 17970, 12820, '11:53:00', '11:53:00', 20 );
INSERT INTO "times" VALUES ( 17970, 12830, '11:52:00', '11:52:00', 20 );
INSERT INTO "times" VALUES ( 17970, 12840, '11:50:00', '11:50:00', 20 );
INSERT INTO "times" VALUES ( 17970, 12850, '11:49:00', '11:49:00', 20 );
INSERT INTO "times" VALUES ( 17970, 12860, '11:47:00', '11:47:00', 20 );
INSERT INTO "times" VALUES ( 17970, 12870, '11:45:00', '11:45:00', 20 );
INSERT INTO "times" VALUES ( 17970, 12880, '11:43:00', '11:43:00', 20 );
INSERT INTO "times" VALUES ( 17970, 12890, '11:42:00', '11:42:00', 20 );
INSERT INTO "times" VALUES ( 17970, 12900, '11:36:00', '11:40:00', 20 );
INSERT INTO "times" VALUES ( 17970, 13510, '11:34:00', '11:34:00', 30 );
INSERT INTO "times" VALUES ( 17970, 13520, NULL, '11:32:00', 30 );

INSERT INTO "dias" VALUES ( 17971, 100, FALSE, TRUE, 'Q1104Z', 11510, 13520 );
INSERT INTO "dias_line_groups" VALUES ( 17971, 10 );
INSERT INTO "times" VALUES ( 17971, 11510, NULL, '11:44:00', 10 );
INSERT INTO "times" VALUES ( 17971, 11520, '11:45:00', '11:45:00', 10 );
INSERT INTO "times" VALUES ( 17971, 11530, '11:47:00', '11:47:00', 10 );
INSERT INTO "times" VALUES ( 17971, 11540, '11:49:00', '11:49:00', 10 );
INSERT INTO "times" VALUES ( 17971, 12530, '11:51:00', '11:52:00', 20 );
INSERT INTO "times" VALUES ( 17971, 12540, '11:54:00', '12:01:00', 20 );
INSERT INTO "times" VALUES ( 17971, 12550, '12:03:00', '12:03:00', 20 );
INSERT INTO "times" VALUES ( 17971, 12560, '12:05:00', '12:05:00', 20 );
INSERT INTO "times" VALUES ( 17971, 12570, '12:06:00', '12:06:00', 20 );
INSERT INTO "times" VALUES ( 17971, 12580, '12:08:00', '12:08:00', 20 );
INSERT INTO "times" VALUES ( 17971, 12590, '12:09:00', '12:09:00', 20 );
INSERT INTO "times" VALUES ( 17971, 12600, '12:10:00', '12:10:00', 20 );
INSERT INTO "times" VALUES ( 17971, 12610, '12:12:00', '12:15:00', 20 );
INSERT INTO "times" VALUES ( 17971, 12620, '12:17:00', '12:17:00', 20 );
INSERT INTO "times" VALUES ( 17971, 12630, '12:18:00', '12:18:00', 20 );
INSERT INTO "times" VALUES ( 17971, 12640, '12:20:00', '12:20:00', 20 );
INSERT INTO "times" VALUES ( 17971, 12650, '12:22:00', '12:22:00', 20 );
INSERT INTO "times" VALUES ( 17971, 12660, '12:24:00', '12:26:00', 20 );
INSERT INTO "times" VALUES ( 17971, 12670, '12:29:00', '12:29:00', 20 );
INSERT INTO "times" VALUES ( 17971, 12680, '12:31:00', '12:32:00', 20 );
INSERT INTO "times" VALUES ( 17971, 12690, '12:34:00', '12:34:00', 20 );
INSERT INTO "times" VALUES ( 17971, 12700, '12:36:00', '12:36:00', 20 );
INSERT INTO "times" VALUES ( 17971, 12710, '12:38:00', '12:44:00', 20 );
INSERT INTO "times" VALUES ( 17971, 12720, '12:46:00', '12:46:00', 20 );
INSERT INTO "times" VALUES ( 17971, 12730, '12:48:00', '12:48:00', 20 );
INSERT INTO "times" VALUES ( 17971, 12740, '12:51:00', '12:52:00', 20 );
INSERT INTO "times" VALUES ( 17971, 12750, '12:55:00', '12:55:00', 20 );
INSERT INTO "times" VALUES ( 17971, 12760, '12:58:00', '12:58:00', 20 );
INSERT INTO "times" VALUES ( 17971, 12770, '13:02:00', '13:02:00', 20 );
INSERT INTO "times" VALUES ( 17971, 12780, '13:06:00', '13:06:00', 20 );
INSERT INTO "times" VALUES ( 17971, 12790, '13:07:00', '13:07:00', 20 );
INSERT INTO "times" VALUES ( 17971, 12800, '13:09:00', '13:13:00', 20 );
INSERT INTO "times" VALUES ( 17971, 12810, '13:15:00', '13:15:00', 20 );
INSERT INTO "times" VALUES ( 17971, 12820, '13:16:00', '13:16:00', 20 );
INSERT INTO "times" VALUES ( 17971, 12830, '13:18:00', '13:18:00', 20 );
INSERT INTO "times" VALUES ( 17971, 12840, '13:19:00', '13:19:00', 20 );
INSERT INTO "times" VALUES ( 17971, 12850, '13:21:00', '13:21:00', 20 );
INSERT INTO "times" VALUES ( 17971, 12860, '13:22:00', '13:22:00', 20 );
INSERT INTO "times" VALUES ( 17971, 12870, '13:24:00', '13:24:00', 20 );
INSERT INTO "times" VALUES ( 17971, 12880, '13:26:00', '13:26:00', 20 );
INSERT INTO "times" VALUES ( 17971, 12890, '13:28:00', '13:28:00', 20 );
INSERT INTO "times" VALUES ( 17971, 12900, '13:29:00', '13:33:00', 20 );
INSERT INTO "times" VALUES ( 17971, 13510, '13:35:00', '13:35:00', 30 );
INSERT INTO "times" VALUES ( 17971, 13520, '13:38:00', NULL, NULL );

INSERT INTO "dias" VALUES ( 17972, 100, FALSE, TRUE, 'Q1105B', 13520, 11510 );
INSERT INTO "dias_line_groups" VALUES ( 17972, 10 );
INSERT INTO "times" VALUES ( 17972, 11510, '13:47:00', NULL, NULL );
INSERT INTO "times" VALUES ( 17972, 11520, '13:45:00', '13:45:00', 10 );
INSERT INTO "times" VALUES ( 17972, 11530, '13:43:00', '13:43:00', 10 );
INSERT INTO "times" VALUES ( 17972, 11540, '13:42:00', '13:42:00', 10 );
INSERT INTO "times" VALUES ( 17972, 12530, '13:40:00', '13:40:00', 10 );
INSERT INTO "times" VALUES ( 17972, 12540, '13:30:00', '13:37:00', 20 );
INSERT INTO "times" VALUES ( 17972, 12550, '13:28:00', '13:28:00', 20 );
INSERT INTO "times" VALUES ( 17972, 12560, '13:26:00', '13:26:00', 20 );
INSERT INTO "times" VALUES ( 17972, 12570, '13:24:00', '13:24:00', 20 );
INSERT INTO "times" VALUES ( 17972, 12580, '13:23:00', '13:23:00', 20 );
INSERT INTO "times" VALUES ( 17972, 12590, '13:22:00', '13:22:00', 20 );
INSERT INTO "times" VALUES ( 17972, 12600, '13:20:00', '13:20:00', 20 );
INSERT INTO "times" VALUES ( 17972, 12610, '13:16:00', '13:19:00', 20 );
INSERT INTO "times" VALUES ( 17972, 12620, '13:14:00', '13:14:00', 20 );
INSERT INTO "times" VALUES ( 17972, 12630, '13:12:00', '13:12:00', 20 );
INSERT INTO "times" VALUES ( 17972, 12640, '13:11:00', '13:11:00', 20 );
INSERT INTO "times" VALUES ( 17972, 12650, '13:09:00', '13:09:00', 20 );
INSERT INTO "times" VALUES ( 17972, 12660, '13:05:00', '13:07:00', 20 );
INSERT INTO "times" VALUES ( 17972, 12670, '13:02:00', '13:02:00', 20 );
INSERT INTO "times" VALUES ( 17972, 12680, '12:54:00', '12:59:00', 20 );
INSERT INTO "times" VALUES ( 17972, 12690, '12:51:00', '12:51:00', 20 );
INSERT INTO "times" VALUES ( 17972, 12700, '12:49:00', '12:49:00', 20 );
INSERT INTO "times" VALUES ( 17972, 12710, '12:47:00', '12:47:00', 20 );
INSERT INTO "times" VALUES ( 17972, 12720, '12:44:00', '12:44:00', 20 );
INSERT INTO "times" VALUES ( 17972, 12730, '12:42:00', '12:42:00', 20 );
INSERT INTO "times" VALUES ( 17972, 12740, '12:40:00', '12:40:00', 20 );
INSERT INTO "times" VALUES ( 17972, 12750, '12:36:00', '12:36:00', 20 );
INSERT INTO "times" VALUES ( 17972, 12760, '12:34:00', '12:34:00', 20 );
INSERT INTO "times" VALUES ( 17972, 12770, '12:30:00', '12:30:00', 20 );
INSERT INTO "times" VALUES ( 17972, 12780, '12:25:00', '12:25:00', 20 );
INSERT INTO "times" VALUES ( 17972, 12790, '12:23:00', '12:23:00', 20 );
INSERT INTO "times" VALUES ( 17972, 12800, '12:18:00', '12:21:00', 20 );
INSERT INTO "times" VALUES ( 17972, 12810, '12:16:00', '12:16:00', 20 );
INSERT INTO "times" VALUES ( 17972, 12820, '12:14:00', '12:14:00', 20 );
INSERT INTO "times" VALUES ( 17972, 12830, '12:13:00', '12:13:00', 20 );
INSERT INTO "times" VALUES ( 17972, 12840, '12:11:00', '12:11:00', 20 );
INSERT INTO "times" VALUES ( 17972, 12850, '12:09:00', '12:09:00', 20 );
INSERT INTO "times" VALUES ( 17972, 12860, '12:08:00', '12:08:00', 20 );
INSERT INTO "times" VALUES ( 17972, 12870, '12:06:00', '12:06:00', 20 );
INSERT INTO "times" VALUES ( 17972, 12880, '12:04:00', '12:04:00', 20 );
INSERT INTO "times" VALUES ( 17972, 12890, '12:02:00', '12:02:00', 20 );
INSERT INTO "times" VALUES ( 17972, 12900, '11:56:00', '12:01:00', 20 );
INSERT INTO "times" VALUES ( 17972, 13510, '11:54:00', '11:54:00', 30 );
INSERT INTO "times" VALUES ( 17972, 13520, NULL, '11:52:00', 30 );

INSERT INTO "dias" VALUES ( 17973, 100, FALSE, TRUE, 'Q1106Z', 11510, 13520 );
INSERT INTO "dias_line_groups" VALUES ( 17973, 10 );
INSERT INTO "times" VALUES ( 17973, 11510, NULL, '11:54:00', 10 );
INSERT INTO "times" VALUES ( 17973, 11520, '11:55:00', '11:55:00', 10 );
INSERT INTO "times" VALUES ( 17973, 11530, '11:57:00', '11:57:00', 10 );
INSERT INTO "times" VALUES ( 17973, 11540, '11:59:00', '11:59:00', 10 );
INSERT INTO "times" VALUES ( 17973, 12530, '12:01:00', '12:02:00', 20 );
INSERT INTO "times" VALUES ( 17973, 12540, '12:04:00', '12:11:00', 20 );
INSERT INTO "times" VALUES ( 17973, 12550, '12:13:00', '12:13:00', 20 );
INSERT INTO "times" VALUES ( 17973, 12560, '12:15:00', '12:15:00', 20 );
INSERT INTO "times" VALUES ( 17973, 12570, '12:16:00', '12:16:00', 20 );
INSERT INTO "times" VALUES ( 17973, 12580, '12:18:00', '12:18:00', 20 );
INSERT INTO "times" VALUES ( 17973, 12590, '12:19:00', '12:19:00', 20 );
INSERT INTO "times" VALUES ( 17973, 12600, '12:20:00', '12:20:00', 20 );
INSERT INTO "times" VALUES ( 17973, 12610, '12:22:00', '12:25:00', 20 );
INSERT INTO "times" VALUES ( 17973, 12620, '12:27:00', '12:27:00', 20 );
INSERT INTO "times" VALUES ( 17973, 12630, '12:28:00', '12:28:00', 20 );
INSERT INTO "times" VALUES ( 17973, 12640, '12:30:00', '12:30:00', 20 );
INSERT INTO "times" VALUES ( 17973, 12650, '12:32:00', '12:32:00', 20 );
INSERT INTO "times" VALUES ( 17973, 12660, '12:34:00', '12:35:00', 20 );
INSERT INTO "times" VALUES ( 17973, 12670, '12:38:00', '12:38:00', 20 );
INSERT INTO "times" VALUES ( 17973, 12680, '12:42:00', '12:48:00', 20 );
INSERT INTO "times" VALUES ( 17973, 12690, '12:50:00', '12:50:00', 20 );
INSERT INTO "times" VALUES ( 17973, 12700, '12:52:00', '12:52:00', 20 );
INSERT INTO "times" VALUES ( 17973, 12710, '12:55:00', '12:55:00', 20 );
INSERT INTO "times" VALUES ( 17973, 12720, '12:56:00', '12:56:00', 20 );
INSERT INTO "times" VALUES ( 17973, 12730, '12:59:00', '12:59:00', 20 );
INSERT INTO "times" VALUES ( 17973, 12740, '13:02:00', '13:02:00', 20 );
INSERT INTO "times" VALUES ( 17973, 12750, '13:05:00', '13:05:00', 20 );
INSERT INTO "times" VALUES ( 17973, 12760, '13:08:00', '13:08:00', 20 );
INSERT INTO "times" VALUES ( 17973, 12770, '13:12:00', '13:12:00', 20 );
INSERT INTO "times" VALUES ( 17973, 12780, '13:16:00', '13:16:00', 20 );
INSERT INTO "times" VALUES ( 17973, 12790, '13:17:00', '13:17:00', 20 );
INSERT INTO "times" VALUES ( 17973, 12800, '13:19:00', '13:23:00', 20 );
INSERT INTO "times" VALUES ( 17973, 12810, '13:25:00', '13:25:00', 20 );
INSERT INTO "times" VALUES ( 17973, 12820, '13:26:00', '13:26:00', 20 );
INSERT INTO "times" VALUES ( 17973, 12830, '13:28:00', '13:28:00', 20 );
INSERT INTO "times" VALUES ( 17973, 12840, '13:29:00', '13:29:00', 20 );
INSERT INTO "times" VALUES ( 17973, 12850, '13:31:00', '13:31:00', 20 );
INSERT INTO "times" VALUES ( 17973, 12860, '13:32:00', '13:32:00', 20 );
INSERT INTO "times" VALUES ( 17973, 12870, '13:34:00', '13:34:00', 20 );
INSERT INTO "times" VALUES ( 17973, 12880, '13:36:00', '13:36:00', 20 );
INSERT INTO "times" VALUES ( 17973, 12890, '13:38:00', '13:38:00', 20 );
INSERT INTO "times" VALUES ( 17973, 12900, '13:39:00', '13:43:00', 20 );
INSERT INTO "times" VALUES ( 17973, 13510, '13:45:00', '13:45:00', 30 );
INSERT INTO "times" VALUES ( 17973, 13520, '13:48:00', NULL, NULL );

INSERT INTO "dias" VALUES ( 17974, 100, FALSE, TRUE, 'Q1200Z', 11510, 13520 );
INSERT INTO "dias_line_groups" VALUES ( 17974, 10 );
INSERT INTO "times" VALUES ( 17974, 11510, NULL, '12:14:00', 10 );
INSERT INTO "times" VALUES ( 17974, 11520, '12:15:00', '12:15:00', 10 );
INSERT INTO "times" VALUES ( 17974, 11530, '12:17:00', '12:17:00', 10 );
INSERT INTO "times" VALUES ( 17974, 11540, '12:19:00', '12:19:00', 10 );
INSERT INTO "times" VALUES ( 17974, 12530, '12:21:00', '12:22:00', 20 );
INSERT INTO "times" VALUES ( 17974, 12540, '12:24:00', '12:31:00', 20 );
INSERT INTO "times" VALUES ( 17974, 12550, '12:33:00', '12:33:00', 20 );
INSERT INTO "times" VALUES ( 17974, 12560, '12:35:00', '12:35:00', 20 );
INSERT INTO "times" VALUES ( 17974, 12570, '12:36:00', '12:36:00', 20 );
INSERT INTO "times" VALUES ( 17974, 12580, '12:38:00', '12:38:00', 20 );
INSERT INTO "times" VALUES ( 17974, 12590, '12:39:00', '12:39:00', 20 );
INSERT INTO "times" VALUES ( 17974, 12600, '12:40:00', '12:40:00', 20 );
INSERT INTO "times" VALUES ( 17974, 12610, '12:42:00', '12:45:00', 20 );
INSERT INTO "times" VALUES ( 17974, 12620, '12:47:00', '12:47:00', 20 );
INSERT INTO "times" VALUES ( 17974, 12630, '12:48:00', '12:48:00', 20 );
INSERT INTO "times" VALUES ( 17974, 12640, '12:50:00', '12:50:00', 20 );
INSERT INTO "times" VALUES ( 17974, 12650, '12:52:00', '12:52:00', 20 );
INSERT INTO "times" VALUES ( 17974, 12660, '12:54:00', '12:56:00', 20 );
INSERT INTO "times" VALUES ( 17974, 12670, '12:59:00', '12:59:00', 20 );
INSERT INTO "times" VALUES ( 17974, 12680, '13:01:00', '13:02:00', 20 );
INSERT INTO "times" VALUES ( 17974, 12690, '13:04:00', '13:04:00', 20 );
INSERT INTO "times" VALUES ( 17974, 12700, '13:06:00', '13:06:00', 20 );
INSERT INTO "times" VALUES ( 17974, 12710, '13:08:00', '13:14:00', 20 );
INSERT INTO "times" VALUES ( 17974, 12720, '13:16:00', '13:16:00', 20 );
INSERT INTO "times" VALUES ( 17974, 12730, '13:18:00', '13:18:00', 20 );
INSERT INTO "times" VALUES ( 17974, 12740, '13:21:00', '13:22:00', 20 );
INSERT INTO "times" VALUES ( 17974, 12750, '13:25:00', '13:25:00', 20 );
INSERT INTO "times" VALUES ( 17974, 12760, '13:28:00', '13:28:00', 20 );
INSERT INTO "times" VALUES ( 17974, 12770, '13:32:00', '13:32:00', 20 );
INSERT INTO "times" VALUES ( 17974, 12780, '13:36:00', '13:36:00', 20 );
INSERT INTO "times" VALUES ( 17974, 12790, '13:37:00', '13:37:00', 20 );
INSERT INTO "times" VALUES ( 17974, 12800, '13:39:00', '13:43:00', 20 );
INSERT INTO "times" VALUES ( 17974, 12810, '13:45:00', '13:45:00', 20 );
INSERT INTO "times" VALUES ( 17974, 12820, '13:46:00', '13:46:00', 20 );
INSERT INTO "times" VALUES ( 17974, 12830, '13:48:00', '13:48:00', 20 );
INSERT INTO "times" VALUES ( 17974, 12840, '13:49:00', '13:49:00', 20 );
INSERT INTO "times" VALUES ( 17974, 12850, '13:51:00', '13:51:00', 20 );
INSERT INTO "times" VALUES ( 17974, 12860, '13:52:00', '13:52:00', 20 );
INSERT INTO "times" VALUES ( 17974, 12870, '13:54:00', '13:54:00', 20 );
INSERT INTO "times" VALUES ( 17974, 12880, '13:56:00', '13:56:00', 20 );
INSERT INTO "times" VALUES ( 17974, 12890, '13:58:00', '13:58:00', 20 );
INSERT INTO "times" VALUES ( 17974, 12900, '13:59:00', '14:03:00', 20 );
INSERT INTO "times" VALUES ( 17974, 13510, '14:05:00', '14:05:00', 30 );
INSERT INTO "times" VALUES ( 17974, 13520, '14:08:00', NULL, NULL );

INSERT INTO "dias" VALUES ( 17975, 100, FALSE, TRUE, 'Q1201B', 13520, 11510 );
INSERT INTO "dias_line_groups" VALUES ( 17975, 10 );
INSERT INTO "times" VALUES ( 17975, 11510, '13:57:00', NULL, NULL );
INSERT INTO "times" VALUES ( 17975, 11520, '13:54:00', '13:54:00', 10 );
INSERT INTO "times" VALUES ( 17975, 11530, '13:53:00', '13:53:00', 10 );
INSERT INTO "times" VALUES ( 17975, 11540, '13:51:00', '13:51:00', 10 );
INSERT INTO "times" VALUES ( 17975, 12530, '13:50:00', '13:50:00', 10 );
INSERT INTO "times" VALUES ( 17975, 12540, '13:40:00', '13:47:00', 20 );
INSERT INTO "times" VALUES ( 17975, 12550, '13:38:00', '13:38:00', 20 );
INSERT INTO "times" VALUES ( 17975, 12560, '13:36:00', '13:36:00', 20 );
INSERT INTO "times" VALUES ( 17975, 12570, '13:34:00', '13:34:00', 20 );
INSERT INTO "times" VALUES ( 17975, 12580, '13:33:00', '13:33:00', 20 );
INSERT INTO "times" VALUES ( 17975, 12590, '13:32:00', '13:32:00', 20 );
INSERT INTO "times" VALUES ( 17975, 12600, '13:30:00', '13:30:00', 20 );
INSERT INTO "times" VALUES ( 17975, 12610, '13:26:00', '13:29:00', 20 );
INSERT INTO "times" VALUES ( 17975, 12620, '13:24:00', '13:24:00', 20 );
INSERT INTO "times" VALUES ( 17975, 12630, '13:22:00', '13:22:00', 20 );
INSERT INTO "times" VALUES ( 17975, 12640, '13:21:00', '13:21:00', 20 );
INSERT INTO "times" VALUES ( 17975, 12650, '13:19:00', '13:19:00', 20 );
INSERT INTO "times" VALUES ( 17975, 12660, '13:15:00', '13:17:00', 20 );
INSERT INTO "times" VALUES ( 17975, 12670, '13:12:00', '13:12:00', 20 );
INSERT INTO "times" VALUES ( 17975, 12680, '13:09:00', '13:10:00', 20 );
INSERT INTO "times" VALUES ( 17975, 12690, '13:07:00', '13:07:00', 20 );
INSERT INTO "times" VALUES ( 17975, 12700, '13:04:00', '13:04:00', 20 );
INSERT INTO "times" VALUES ( 17975, 12710, '12:57:00', '13:02:00', 20 );
INSERT INTO "times" VALUES ( 17975, 12720, '12:54:00', '12:54:00', 20 );
INSERT INTO "times" VALUES ( 17975, 12730, '12:52:00', '12:52:00', 20 );
INSERT INTO "times" VALUES ( 17975, 12740, '12:50:00', '12:50:00', 20 );
INSERT INTO "times" VALUES ( 17975, 12750, '12:46:00', '12:46:00', 20 );
INSERT INTO "times" VALUES ( 17975, 12760, '12:44:00', '12:44:00', 20 );
INSERT INTO "times" VALUES ( 17975, 12770, '12:40:00', '12:40:00', 20 );
INSERT INTO "times" VALUES ( 17975, 12780, '12:35:00', '12:35:00', 20 );
INSERT INTO "times" VALUES ( 17975, 12790, '12:33:00', '12:33:00', 20 );
INSERT INTO "times" VALUES ( 17975, 12800, '12:28:00', '12:31:00', 20 );
INSERT INTO "times" VALUES ( 17975, 12810, '12:26:00', '12:26:00', 20 );
INSERT INTO "times" VALUES ( 17975, 12820, '12:24:00', '12:24:00', 20 );
INSERT INTO "times" VALUES ( 17975, 12830, '12:23:00', '12:23:00', 20 );
INSERT INTO "times" VALUES ( 17975, 12840, '12:21:00', '12:21:00', 20 );
INSERT INTO "times" VALUES ( 17975, 12850, '12:19:00', '12:19:00', 20 );
INSERT INTO "times" VALUES ( 17975, 12860, '12:18:00', '12:18:00', 20 );
INSERT INTO "times" VALUES ( 17975, 12870, '12:16:00', '12:16:00', 20 );
INSERT INTO "times" VALUES ( 17975, 12880, '12:14:00', '12:14:00', 20 );
INSERT INTO "times" VALUES ( 17975, 12890, '12:12:00', '12:12:00', 20 );
INSERT INTO "times" VALUES ( 17975, 12900, '12:06:00', '12:11:00', 20 );
INSERT INTO "times" VALUES ( 17975, 13510, '12:04:00', '12:04:00', 30 );
INSERT INTO "times" VALUES ( 17975, 13520, NULL, '12:02:00', 30 );

INSERT INTO "dias" VALUES ( 17976, 100, FALSE, TRUE, 'Q1202Z', 11510, 13520 );
INSERT INTO "dias_line_groups" VALUES ( 17976, 10 );
INSERT INTO "times" VALUES ( 17976, 11510, NULL, '12:24:00', 10 );
INSERT INTO "times" VALUES ( 17976, 11520, '12:25:00', '12:25:00', 10 );
INSERT INTO "times" VALUES ( 17976, 11530, '12:27:00', '12:27:00', 10 );
INSERT INTO "times" VALUES ( 17976, 11540, '12:29:00', '12:29:00', 10 );
INSERT INTO "times" VALUES ( 17976, 12530, '12:31:00', '12:32:00', 20 );
INSERT INTO "times" VALUES ( 17976, 12540, '12:34:00', '12:41:00', 20 );
INSERT INTO "times" VALUES ( 17976, 12550, '12:43:00', '12:43:00', 20 );
INSERT INTO "times" VALUES ( 17976, 12560, '12:45:00', '12:45:00', 20 );
INSERT INTO "times" VALUES ( 17976, 12570, '12:46:00', '12:46:00', 20 );
INSERT INTO "times" VALUES ( 17976, 12580, '12:48:00', '12:48:00', 20 );
INSERT INTO "times" VALUES ( 17976, 12590, '12:49:00', '12:49:00', 20 );
INSERT INTO "times" VALUES ( 17976, 12600, '12:50:00', '12:50:00', 20 );
INSERT INTO "times" VALUES ( 17976, 12610, '12:52:00', '12:55:00', 20 );
INSERT INTO "times" VALUES ( 17976, 12620, '12:57:00', '12:57:00', 20 );
INSERT INTO "times" VALUES ( 17976, 12630, '12:58:00', '12:58:00', 20 );
INSERT INTO "times" VALUES ( 17976, 12640, '13:00:00', '13:00:00', 20 );
INSERT INTO "times" VALUES ( 17976, 12650, '13:02:00', '13:02:00', 20 );
INSERT INTO "times" VALUES ( 17976, 12660, '13:04:00', '13:05:00', 20 );
INSERT INTO "times" VALUES ( 17976, 12670, '13:08:00', '13:08:00', 20 );
INSERT INTO "times" VALUES ( 17976, 12680, '13:12:00', '13:18:00', 20 );
INSERT INTO "times" VALUES ( 17976, 12690, '13:20:00', '13:20:00', 20 );
INSERT INTO "times" VALUES ( 17976, 12700, '13:22:00', '13:22:00', 20 );
INSERT INTO "times" VALUES ( 17976, 12710, '13:25:00', '13:25:00', 20 );
INSERT INTO "times" VALUES ( 17976, 12720, '13:26:00', '13:26:00', 20 );
INSERT INTO "times" VALUES ( 17976, 12730, '13:29:00', '13:29:00', 20 );
INSERT INTO "times" VALUES ( 17976, 12740, '13:32:00', '13:32:00', 20 );
INSERT INTO "times" VALUES ( 17976, 12750, '13:35:00', '13:35:00', 20 );
INSERT INTO "times" VALUES ( 17976, 12760, '13:38:00', '13:38:00', 20 );
INSERT INTO "times" VALUES ( 17976, 12770, '13:42:00', '13:42:00', 20 );
INSERT INTO "times" VALUES ( 17976, 12780, '13:46:00', '13:46:00', 20 );
INSERT INTO "times" VALUES ( 17976, 12790, '13:47:00', '13:47:00', 20 );
INSERT INTO "times" VALUES ( 17976, 12800, '13:49:00', '13:53:00', 20 );
INSERT INTO "times" VALUES ( 17976, 12810, '13:55:00', '13:55:00', 20 );
INSERT INTO "times" VALUES ( 17976, 12820, '13:56:00', '13:56:00', 20 );
INSERT INTO "times" VALUES ( 17976, 12830, '13:58:00', '13:58:00', 20 );
INSERT INTO "times" VALUES ( 17976, 12840, '13:59:00', '13:59:00', 20 );
INSERT INTO "times" VALUES ( 17976, 12850, '14:01:00', '14:01:00', 20 );
INSERT INTO "times" VALUES ( 17976, 12860, '14:02:00', '14:02:00', 20 );
INSERT INTO "times" VALUES ( 17976, 12870, '14:04:00', '14:04:00', 20 );
INSERT INTO "times" VALUES ( 17976, 12880, '14:06:00', '14:06:00', 20 );
INSERT INTO "times" VALUES ( 17976, 12890, '14:08:00', '14:08:00', 20 );
INSERT INTO "times" VALUES ( 17976, 12900, '14:09:00', '14:13:00', 20 );
INSERT INTO "times" VALUES ( 17976, 13510, '14:15:00', '14:15:00', 30 );
INSERT INTO "times" VALUES ( 17976, 13520, '14:18:00', NULL, NULL );

INSERT INTO "dias" VALUES ( 17977, 100, FALSE, TRUE, 'Q1203B', 13520, 11510 );
INSERT INTO "dias_line_groups" VALUES ( 17977, 10 );
INSERT INTO "times" VALUES ( 17977, 11510, '14:17:00', NULL, NULL );
INSERT INTO "times" VALUES ( 17977, 11520, '14:15:00', '14:15:00', 10 );
INSERT INTO "times" VALUES ( 17977, 11530, '14:13:00', '14:13:00', 10 );
INSERT INTO "times" VALUES ( 17977, 11540, '14:12:00', '14:12:00', 10 );
INSERT INTO "times" VALUES ( 17977, 12530, '14:10:00', '14:10:00', 10 );
INSERT INTO "times" VALUES ( 17977, 12540, '14:00:00', '14:07:00', 20 );
INSERT INTO "times" VALUES ( 17977, 12550, '13:58:00', '13:58:00', 20 );
INSERT INTO "times" VALUES ( 17977, 12560, '13:56:00', '13:56:00', 20 );
INSERT INTO "times" VALUES ( 17977, 12570, '13:54:00', '13:54:00', 20 );
INSERT INTO "times" VALUES ( 17977, 12580, '13:53:00', '13:53:00', 20 );
INSERT INTO "times" VALUES ( 17977, 12590, '13:52:00', '13:52:00', 20 );
INSERT INTO "times" VALUES ( 17977, 12600, '13:50:00', '13:50:00', 20 );
INSERT INTO "times" VALUES ( 17977, 12610, '13:46:00', '13:49:00', 20 );
INSERT INTO "times" VALUES ( 17977, 12620, '13:44:00', '13:44:00', 20 );
INSERT INTO "times" VALUES ( 17977, 12630, '13:42:00', '13:42:00', 20 );
INSERT INTO "times" VALUES ( 17977, 12640, '13:41:00', '13:41:00', 20 );
INSERT INTO "times" VALUES ( 17977, 12650, '13:39:00', '13:39:00', 20 );
INSERT INTO "times" VALUES ( 17977, 12660, '13:35:00', '13:37:00', 20 );
INSERT INTO "times" VALUES ( 17977, 12670, '13:32:00', '13:32:00', 20 );
INSERT INTO "times" VALUES ( 17977, 12680, '13:24:00', '13:29:00', 20 );
INSERT INTO "times" VALUES ( 17977, 12690, '13:21:00', '13:21:00', 20 );
INSERT INTO "times" VALUES ( 17977, 12700, '13:19:00', '13:19:00', 20 );
INSERT INTO "times" VALUES ( 17977, 12710, '13:17:00', '13:17:00', 20 );
INSERT INTO "times" VALUES ( 17977, 12720, '13:14:00', '13:14:00', 20 );
INSERT INTO "times" VALUES ( 17977, 12730, '13:12:00', '13:12:00', 20 );
INSERT INTO "times" VALUES ( 17977, 12740, '13:10:00', '13:10:00', 20 );
INSERT INTO "times" VALUES ( 17977, 12750, '13:06:00', '13:06:00', 20 );
INSERT INTO "times" VALUES ( 17977, 12760, '13:04:00', '13:04:00', 20 );
INSERT INTO "times" VALUES ( 17977, 12770, '13:00:00', '13:00:00', 20 );
INSERT INTO "times" VALUES ( 17977, 12780, '12:55:00', '12:55:00', 20 );
INSERT INTO "times" VALUES ( 17977, 12790, '12:53:00', '12:53:00', 20 );
INSERT INTO "times" VALUES ( 17977, 12800, '12:48:00', '12:51:00', 20 );
INSERT INTO "times" VALUES ( 17977, 12810, '12:46:00', '12:46:00', 20 );
INSERT INTO "times" VALUES ( 17977, 12820, '12:44:00', '12:44:00', 20 );
INSERT INTO "times" VALUES ( 17977, 12830, '12:43:00', '12:43:00', 20 );
INSERT INTO "times" VALUES ( 17977, 12840, '12:41:00', '12:41:00', 20 );
INSERT INTO "times" VALUES ( 17977, 12850, '12:39:00', '12:39:00', 20 );
INSERT INTO "times" VALUES ( 17977, 12860, '12:38:00', '12:38:00', 20 );
INSERT INTO "times" VALUES ( 17977, 12870, '12:36:00', '12:36:00', 20 );
INSERT INTO "times" VALUES ( 17977, 12880, '12:34:00', '12:34:00', 20 );
INSERT INTO "times" VALUES ( 17977, 12890, '12:32:00', '12:32:00', 20 );
INSERT INTO "times" VALUES ( 17977, 12900, '12:27:00', '12:31:00', 20 );
INSERT INTO "times" VALUES ( 17977, 13510, '12:25:00', '12:25:00', 30 );
INSERT INTO "times" VALUES ( 17977, 13520, NULL, '12:23:00', 30 );

INSERT INTO "dias" VALUES ( 17978, 100, FALSE, TRUE, 'Q1204Z', 11510, 13520 );
INSERT INTO "dias_line_groups" VALUES ( 17978, 10 );
INSERT INTO "times" VALUES ( 17978, 11510, NULL, '12:44:00', 10 );
INSERT INTO "times" VALUES ( 17978, 11520, '12:45:00', '12:45:00', 10 );
INSERT INTO "times" VALUES ( 17978, 11530, '12:47:00', '12:47:00', 10 );
INSERT INTO "times" VALUES ( 17978, 11540, '12:49:00', '12:49:00', 10 );
INSERT INTO "times" VALUES ( 17978, 12530, '12:51:00', '12:52:00', 20 );
INSERT INTO "times" VALUES ( 17978, 12540, '12:54:00', '13:01:00', 20 );
INSERT INTO "times" VALUES ( 17978, 12550, '13:03:00', '13:03:00', 20 );
INSERT INTO "times" VALUES ( 17978, 12560, '13:05:00', '13:05:00', 20 );
INSERT INTO "times" VALUES ( 17978, 12570, '13:06:00', '13:06:00', 20 );
INSERT INTO "times" VALUES ( 17978, 12580, '13:08:00', '13:08:00', 20 );
INSERT INTO "times" VALUES ( 17978, 12590, '13:09:00', '13:09:00', 20 );
INSERT INTO "times" VALUES ( 17978, 12600, '13:10:00', '13:10:00', 20 );
INSERT INTO "times" VALUES ( 17978, 12610, '13:12:00', '13:15:00', 20 );
INSERT INTO "times" VALUES ( 17978, 12620, '13:17:00', '13:17:00', 20 );
INSERT INTO "times" VALUES ( 17978, 12630, '13:18:00', '13:18:00', 20 );
INSERT INTO "times" VALUES ( 17978, 12640, '13:20:00', '13:20:00', 20 );
INSERT INTO "times" VALUES ( 17978, 12650, '13:22:00', '13:22:00', 20 );
INSERT INTO "times" VALUES ( 17978, 12660, '13:24:00', '13:26:00', 20 );
INSERT INTO "times" VALUES ( 17978, 12670, '13:29:00', '13:29:00', 20 );
INSERT INTO "times" VALUES ( 17978, 12680, '13:31:00', '13:32:00', 20 );
INSERT INTO "times" VALUES ( 17978, 12690, '13:34:00', '13:34:00', 20 );
INSERT INTO "times" VALUES ( 17978, 12700, '13:36:00', '13:36:00', 20 );
INSERT INTO "times" VALUES ( 17978, 12710, '13:38:00', '13:44:00', 20 );
INSERT INTO "times" VALUES ( 17978, 12720, '13:46:00', '13:46:00', 20 );
INSERT INTO "times" VALUES ( 17978, 12730, '13:48:00', '13:48:00', 20 );
INSERT INTO "times" VALUES ( 17978, 12740, '13:51:00', '13:52:00', 20 );
INSERT INTO "times" VALUES ( 17978, 12750, '13:55:00', '13:55:00', 20 );
INSERT INTO "times" VALUES ( 17978, 12760, '13:58:00', '13:58:00', 20 );
INSERT INTO "times" VALUES ( 17978, 12770, '14:02:00', '14:02:00', 20 );
INSERT INTO "times" VALUES ( 17978, 12780, '14:06:00', '14:06:00', 20 );
INSERT INTO "times" VALUES ( 17978, 12790, '14:07:00', '14:07:00', 20 );
INSERT INTO "times" VALUES ( 17978, 12800, '14:09:00', '14:13:00', 20 );
INSERT INTO "times" VALUES ( 17978, 12810, '14:15:00', '14:15:00', 20 );
INSERT INTO "times" VALUES ( 17978, 12820, '14:16:00', '14:16:00', 20 );
INSERT INTO "times" VALUES ( 17978, 12830, '14:18:00', '14:18:00', 20 );
INSERT INTO "times" VALUES ( 17978, 12840, '14:19:00', '14:19:00', 20 );
INSERT INTO "times" VALUES ( 17978, 12850, '14:21:00', '14:21:00', 20 );
INSERT INTO "times" VALUES ( 17978, 12860, '14:22:00', '14:22:00', 20 );
INSERT INTO "times" VALUES ( 17978, 12870, '14:24:00', '14:24:00', 20 );
INSERT INTO "times" VALUES ( 17978, 12880, '14:26:00', '14:26:00', 20 );
INSERT INTO "times" VALUES ( 17978, 12890, '14:28:00', '14:28:00', 20 );
INSERT INTO "times" VALUES ( 17978, 12900, '14:29:00', '14:33:00', 20 );
INSERT INTO "times" VALUES ( 17978, 13510, '14:35:00', '14:35:00', 30 );
INSERT INTO "times" VALUES ( 17978, 13520, '14:38:00', NULL, NULL );

INSERT INTO "dias" VALUES ( 17979, 100, FALSE, TRUE, 'Q1205B', 13520, 11510 );
INSERT INTO "dias_line_groups" VALUES ( 17979, 10 );
INSERT INTO "times" VALUES ( 17979, 11510, '14:27:00', NULL, NULL );
INSERT INTO "times" VALUES ( 17979, 11520, '14:24:00', '14:24:00', 10 );
INSERT INTO "times" VALUES ( 17979, 11530, '14:23:00', '14:23:00', 10 );
INSERT INTO "times" VALUES ( 17979, 11540, '14:21:00', '14:21:00', 10 );
INSERT INTO "times" VALUES ( 17979, 12530, '14:20:00', '14:20:00', 10 );
INSERT INTO "times" VALUES ( 17979, 12540, '14:10:00', '14:17:00', 20 );
INSERT INTO "times" VALUES ( 17979, 12550, '14:08:00', '14:08:00', 20 );
INSERT INTO "times" VALUES ( 17979, 12560, '14:06:00', '14:06:00', 20 );
INSERT INTO "times" VALUES ( 17979, 12570, '14:04:00', '14:04:00', 20 );
INSERT INTO "times" VALUES ( 17979, 12580, '14:03:00', '14:03:00', 20 );
INSERT INTO "times" VALUES ( 17979, 12590, '14:02:00', '14:02:00', 20 );
INSERT INTO "times" VALUES ( 17979, 12600, '14:00:00', '14:00:00', 20 );
INSERT INTO "times" VALUES ( 17979, 12610, '13:56:00', '13:59:00', 20 );
INSERT INTO "times" VALUES ( 17979, 12620, '13:54:00', '13:54:00', 20 );
INSERT INTO "times" VALUES ( 17979, 12630, '13:52:00', '13:52:00', 20 );
INSERT INTO "times" VALUES ( 17979, 12640, '13:51:00', '13:51:00', 20 );
INSERT INTO "times" VALUES ( 17979, 12650, '13:49:00', '13:49:00', 20 );
INSERT INTO "times" VALUES ( 17979, 12660, '13:45:00', '13:47:00', 20 );
INSERT INTO "times" VALUES ( 17979, 12670, '13:42:00', '13:42:00', 20 );
INSERT INTO "times" VALUES ( 17979, 12680, '13:39:00', '13:40:00', 20 );
INSERT INTO "times" VALUES ( 17979, 12690, '13:37:00', '13:37:00', 20 );
INSERT INTO "times" VALUES ( 17979, 12700, '13:34:00', '13:34:00', 20 );
INSERT INTO "times" VALUES ( 17979, 12710, '13:27:00', '13:32:00', 20 );
INSERT INTO "times" VALUES ( 17979, 12720, '13:24:00', '13:24:00', 20 );
INSERT INTO "times" VALUES ( 17979, 12730, '13:22:00', '13:22:00', 20 );
INSERT INTO "times" VALUES ( 17979, 12740, '13:20:00', '13:20:00', 20 );
INSERT INTO "times" VALUES ( 17979, 12750, '13:16:00', '13:16:00', 20 );
INSERT INTO "times" VALUES ( 17979, 12760, '13:14:00', '13:14:00', 20 );
INSERT INTO "times" VALUES ( 17979, 12770, '13:10:00', '13:10:00', 20 );
INSERT INTO "times" VALUES ( 17979, 12780, '13:05:00', '13:05:00', 20 );
INSERT INTO "times" VALUES ( 17979, 12790, '13:03:00', '13:03:00', 20 );
INSERT INTO "times" VALUES ( 17979, 12800, '12:58:00', '13:01:00', 20 );
INSERT INTO "times" VALUES ( 17979, 12810, '12:56:00', '12:56:00', 20 );
INSERT INTO "times" VALUES ( 17979, 12820, '12:54:00', '12:54:00', 20 );
INSERT INTO "times" VALUES ( 17979, 12830, '12:53:00', '12:53:00', 20 );
INSERT INTO "times" VALUES ( 17979, 12840, '12:51:00', '12:51:00', 20 );
INSERT INTO "times" VALUES ( 17979, 12850, '12:49:00', '12:49:00', 20 );
INSERT INTO "times" VALUES ( 17979, 12860, '12:48:00', '12:48:00', 20 );
INSERT INTO "times" VALUES ( 17979, 12870, '12:46:00', '12:46:00', 20 );
INSERT INTO "times" VALUES ( 17979, 12880, '12:44:00', '12:44:00', 20 );
INSERT INTO "times" VALUES ( 17979, 12890, '12:42:00', '12:42:00', 20 );
INSERT INTO "times" VALUES ( 17979, 12900, '12:37:00', '12:41:00', 20 );
INSERT INTO "times" VALUES ( 17979, 13510, '12:35:00', '12:35:00', 30 );
INSERT INTO "times" VALUES ( 17979, 13520, NULL, '12:33:00', 30 );

INSERT INTO "dias" VALUES ( 17980, 100, FALSE, TRUE, 'Q1206Z', 11510, 13520 );
INSERT INTO "dias_line_groups" VALUES ( 17980, 10 );
INSERT INTO "times" VALUES ( 17980, 11510, NULL, '12:54:00', 10 );
INSERT INTO "times" VALUES ( 17980, 11520, '12:55:00', '12:55:00', 10 );
INSERT INTO "times" VALUES ( 17980, 11530, '12:57:00', '12:57:00', 10 );
INSERT INTO "times" VALUES ( 17980, 11540, '12:59:00', '12:59:00', 10 );
INSERT INTO "times" VALUES ( 17980, 12530, '13:01:00', '13:02:00', 20 );
INSERT INTO "times" VALUES ( 17980, 12540, '13:04:00', '13:11:00', 20 );
INSERT INTO "times" VALUES ( 17980, 12550, '13:13:00', '13:13:00', 20 );
INSERT INTO "times" VALUES ( 17980, 12560, '13:15:00', '13:15:00', 20 );
INSERT INTO "times" VALUES ( 17980, 12570, '13:16:00', '13:16:00', 20 );
INSERT INTO "times" VALUES ( 17980, 12580, '13:18:00', '13:18:00', 20 );
INSERT INTO "times" VALUES ( 17980, 12590, '13:19:00', '13:19:00', 20 );
INSERT INTO "times" VALUES ( 17980, 12600, '13:20:00', '13:20:00', 20 );
INSERT INTO "times" VALUES ( 17980, 12610, '13:22:00', '13:25:00', 20 );
INSERT INTO "times" VALUES ( 17980, 12620, '13:27:00', '13:27:00', 20 );
INSERT INTO "times" VALUES ( 17980, 12630, '13:28:00', '13:28:00', 20 );
INSERT INTO "times" VALUES ( 17980, 12640, '13:30:00', '13:30:00', 20 );
INSERT INTO "times" VALUES ( 17980, 12650, '13:32:00', '13:32:00', 20 );
INSERT INTO "times" VALUES ( 17980, 12660, '13:34:00', '13:36:00', 20 );
INSERT INTO "times" VALUES ( 17980, 12670, '13:38:00', '13:38:00', 20 );
INSERT INTO "times" VALUES ( 17980, 12680, '13:42:00', '13:48:00', 20 );
INSERT INTO "times" VALUES ( 17980, 12690, '13:50:00', '13:50:00', 20 );
INSERT INTO "times" VALUES ( 17980, 12700, '13:52:00', '13:52:00', 20 );
INSERT INTO "times" VALUES ( 17980, 12710, '13:55:00', '13:55:00', 20 );
INSERT INTO "times" VALUES ( 17980, 12720, '13:56:00', '13:56:00', 20 );
INSERT INTO "times" VALUES ( 17980, 12730, '13:59:00', '13:59:00', 20 );
INSERT INTO "times" VALUES ( 17980, 12740, '14:02:00', '14:02:00', 20 );
INSERT INTO "times" VALUES ( 17980, 12750, '14:05:00', '14:05:00', 20 );
INSERT INTO "times" VALUES ( 17980, 12760, '14:08:00', '14:08:00', 20 );
INSERT INTO "times" VALUES ( 17980, 12770, '14:12:00', '14:12:00', 20 );
INSERT INTO "times" VALUES ( 17980, 12780, '14:16:00', '14:16:00', 20 );
INSERT INTO "times" VALUES ( 17980, 12790, '14:17:00', '14:17:00', 20 );
INSERT INTO "times" VALUES ( 17980, 12800, '14:19:00', '14:23:00', 20 );
INSERT INTO "times" VALUES ( 17980, 12810, '14:25:00', '14:25:00', 20 );
INSERT INTO "times" VALUES ( 17980, 12820, '14:26:00', '14:26:00', 20 );
INSERT INTO "times" VALUES ( 17980, 12830, '14:28:00', '14:28:00', 20 );
INSERT INTO "times" VALUES ( 17980, 12840, '14:29:00', '14:29:00', 20 );
INSERT INTO "times" VALUES ( 17980, 12850, '14:31:00', '14:31:00', 20 );
INSERT INTO "times" VALUES ( 17980, 12860, '14:32:00', '14:32:00', 20 );
INSERT INTO "times" VALUES ( 17980, 12870, '14:34:00', '14:34:00', 20 );
INSERT INTO "times" VALUES ( 17980, 12880, '14:36:00', '14:36:00', 20 );
INSERT INTO "times" VALUES ( 17980, 12890, '14:38:00', '14:38:00', 20 );
INSERT INTO "times" VALUES ( 17980, 12900, '14:39:00', '14:43:00', 20 );
INSERT INTO "times" VALUES ( 17980, 13510, '14:45:00', '14:45:00', 30 );
INSERT INTO "times" VALUES ( 17980, 13520, '14:48:00', NULL, NULL );

INSERT INTO "dias" VALUES ( 17981, 100, FALSE, TRUE, 'Q1207B', 13520, 11510 );
INSERT INTO "dias_line_groups" VALUES ( 17981, 10 );
INSERT INTO "times" VALUES ( 17981, 11510, '14:47:00', NULL, NULL );
INSERT INTO "times" VALUES ( 17981, 11520, '14:45:00', '14:45:00', 10 );
INSERT INTO "times" VALUES ( 17981, 11530, '14:43:00', '14:43:00', 10 );
INSERT INTO "times" VALUES ( 17981, 11540, '14:42:00', '14:42:00', 10 );
INSERT INTO "times" VALUES ( 17981, 12530, '14:40:00', '14:40:00', 10 );
INSERT INTO "times" VALUES ( 17981, 12540, '14:30:00', '14:37:00', 20 );
INSERT INTO "times" VALUES ( 17981, 12550, '14:28:00', '14:28:00', 20 );
INSERT INTO "times" VALUES ( 17981, 12560, '14:26:00', '14:26:00', 20 );
INSERT INTO "times" VALUES ( 17981, 12570, '14:24:00', '14:24:00', 20 );
INSERT INTO "times" VALUES ( 17981, 12580, '14:23:00', '14:23:00', 20 );
INSERT INTO "times" VALUES ( 17981, 12590, '14:22:00', '14:22:00', 20 );
INSERT INTO "times" VALUES ( 17981, 12600, '14:20:00', '14:20:00', 20 );
INSERT INTO "times" VALUES ( 17981, 12610, '14:16:00', '14:19:00', 20 );
INSERT INTO "times" VALUES ( 17981, 12620, '14:14:00', '14:14:00', 20 );
INSERT INTO "times" VALUES ( 17981, 12630, '14:12:00', '14:12:00', 20 );
INSERT INTO "times" VALUES ( 17981, 12640, '14:11:00', '14:11:00', 20 );
INSERT INTO "times" VALUES ( 17981, 12650, '14:09:00', '14:09:00', 20 );
INSERT INTO "times" VALUES ( 17981, 12660, '14:05:00', '14:07:00', 20 );
INSERT INTO "times" VALUES ( 17981, 12670, '14:02:00', '14:02:00', 20 );
INSERT INTO "times" VALUES ( 17981, 12680, '13:54:00', '13:59:00', 20 );
INSERT INTO "times" VALUES ( 17981, 12690, '13:51:00', '13:51:00', 20 );
INSERT INTO "times" VALUES ( 17981, 12700, '13:49:00', '13:49:00', 20 );
INSERT INTO "times" VALUES ( 17981, 12710, '13:47:00', '13:47:00', 20 );
INSERT INTO "times" VALUES ( 17981, 12720, '13:44:00', '13:44:00', 20 );
INSERT INTO "times" VALUES ( 17981, 12730, '13:42:00', '13:42:00', 20 );
INSERT INTO "times" VALUES ( 17981, 12740, '13:40:00', '13:40:00', 20 );
INSERT INTO "times" VALUES ( 17981, 12750, '13:36:00', '13:36:00', 20 );
INSERT INTO "times" VALUES ( 17981, 12760, '13:34:00', '13:34:00', 20 );
INSERT INTO "times" VALUES ( 17981, 12770, '13:30:00', '13:30:00', 20 );
INSERT INTO "times" VALUES ( 17981, 12780, '13:25:00', '13:25:00', 20 );
INSERT INTO "times" VALUES ( 17981, 12790, '13:23:00', '13:23:00', 20 );
INSERT INTO "times" VALUES ( 17981, 12800, '13:18:00', '13:21:00', 20 );
INSERT INTO "times" VALUES ( 17981, 12810, '13:16:00', '13:16:00', 20 );
INSERT INTO "times" VALUES ( 17981, 12820, '13:14:00', '13:14:00', 20 );
INSERT INTO "times" VALUES ( 17981, 12830, '13:13:00', '13:13:00', 20 );
INSERT INTO "times" VALUES ( 17981, 12840, '13:11:00', '13:11:00', 20 );
INSERT INTO "times" VALUES ( 17981, 12850, '13:09:00', '13:09:00', 20 );
INSERT INTO "times" VALUES ( 17981, 12860, '13:08:00', '13:08:00', 20 );
INSERT INTO "times" VALUES ( 17981, 12870, '13:06:00', '13:06:00', 20 );
INSERT INTO "times" VALUES ( 17981, 12880, '13:04:00', '13:04:00', 20 );
INSERT INTO "times" VALUES ( 17981, 12890, '13:02:00', '13:02:00', 20 );
INSERT INTO "times" VALUES ( 17981, 12900, '12:57:00', '13:01:00', 20 );
INSERT INTO "times" VALUES ( 17981, 13510, '12:55:00', '12:55:00', 30 );
INSERT INTO "times" VALUES ( 17981, 13520, NULL, '12:53:00', 30 );

INSERT INTO "dias" VALUES ( 17982, 100, FALSE, TRUE, 'Q1300Z', 11510, 13520 );
INSERT INTO "dias_line_groups" VALUES ( 17982, 10 );
INSERT INTO "times" VALUES ( 17982, 11510, NULL, '13:14:00', 10 );
INSERT INTO "times" VALUES ( 17982, 11520, '13:15:00', '13:15:00', 10 );
INSERT INTO "times" VALUES ( 17982, 11530, '13:17:00', '13:17:00', 10 );
INSERT INTO "times" VALUES ( 17982, 11540, '13:19:00', '13:19:00', 10 );
INSERT INTO "times" VALUES ( 17982, 12530, '13:21:00', '13:22:00', 20 );
INSERT INTO "times" VALUES ( 17982, 12540, '13:24:00', '13:31:00', 20 );
INSERT INTO "times" VALUES ( 17982, 12550, '13:33:00', '13:33:00', 20 );
INSERT INTO "times" VALUES ( 17982, 12560, '13:35:00', '13:35:00', 20 );
INSERT INTO "times" VALUES ( 17982, 12570, '13:36:00', '13:36:00', 20 );
INSERT INTO "times" VALUES ( 17982, 12580, '13:38:00', '13:38:00', 20 );
INSERT INTO "times" VALUES ( 17982, 12590, '13:39:00', '13:39:00', 20 );
INSERT INTO "times" VALUES ( 17982, 12600, '13:40:00', '13:40:00', 20 );
INSERT INTO "times" VALUES ( 17982, 12610, '13:42:00', '13:45:00', 20 );
INSERT INTO "times" VALUES ( 17982, 12620, '13:47:00', '13:47:00', 20 );
INSERT INTO "times" VALUES ( 17982, 12630, '13:48:00', '13:48:00', 20 );
INSERT INTO "times" VALUES ( 17982, 12640, '13:50:00', '13:50:00', 20 );
INSERT INTO "times" VALUES ( 17982, 12650, '13:52:00', '13:52:00', 20 );
INSERT INTO "times" VALUES ( 17982, 12660, '13:54:00', '13:56:00', 20 );
INSERT INTO "times" VALUES ( 17982, 12670, '13:59:00', '13:59:00', 20 );
INSERT INTO "times" VALUES ( 17982, 12680, '14:01:00', '14:02:00', 20 );
INSERT INTO "times" VALUES ( 17982, 12690, '14:04:00', '14:04:00', 20 );
INSERT INTO "times" VALUES ( 17982, 12700, '14:06:00', '14:06:00', 20 );
INSERT INTO "times" VALUES ( 17982, 12710, '14:08:00', '14:14:00', 20 );
INSERT INTO "times" VALUES ( 17982, 12720, '14:16:00', '14:16:00', 20 );
INSERT INTO "times" VALUES ( 17982, 12730, '14:18:00', '14:18:00', 20 );
INSERT INTO "times" VALUES ( 17982, 12740, '14:21:00', '14:22:00', 20 );
INSERT INTO "times" VALUES ( 17982, 12750, '14:25:00', '14:25:00', 20 );
INSERT INTO "times" VALUES ( 17982, 12760, '14:28:00', '14:28:00', 20 );
INSERT INTO "times" VALUES ( 17982, 12770, '14:32:00', '14:32:00', 20 );
INSERT INTO "times" VALUES ( 17982, 12780, '14:36:00', '14:36:00', 20 );
INSERT INTO "times" VALUES ( 17982, 12790, '14:37:00', '14:37:00', 20 );
INSERT INTO "times" VALUES ( 17982, 12800, '14:39:00', '14:43:00', 20 );
INSERT INTO "times" VALUES ( 17982, 12810, '14:45:00', '14:45:00', 20 );
INSERT INTO "times" VALUES ( 17982, 12820, '14:46:00', '14:46:00', 20 );
INSERT INTO "times" VALUES ( 17982, 12830, '14:48:00', '14:48:00', 20 );
INSERT INTO "times" VALUES ( 17982, 12840, '14:49:00', '14:49:00', 20 );
INSERT INTO "times" VALUES ( 17982, 12850, '14:51:00', '14:51:00', 20 );
INSERT INTO "times" VALUES ( 17982, 12860, '14:52:00', '14:52:00', 20 );
INSERT INTO "times" VALUES ( 17982, 12870, '14:54:00', '14:54:00', 20 );
INSERT INTO "times" VALUES ( 17982, 12880, '14:56:00', '14:56:00', 20 );
INSERT INTO "times" VALUES ( 17982, 12890, '14:58:00', '14:58:00', 20 );
INSERT INTO "times" VALUES ( 17982, 12900, '14:59:00', '15:03:00', 20 );
INSERT INTO "times" VALUES ( 17982, 13510, '15:05:00', '15:05:00', 30 );
INSERT INTO "times" VALUES ( 17982, 13520, '15:08:00', NULL, NULL );

INSERT INTO "dias" VALUES ( 17983, 100, FALSE, TRUE, 'Q1301B', 13520, 11510 );
INSERT INTO "dias_line_groups" VALUES ( 17983, 10 );
INSERT INTO "times" VALUES ( 17983, 11510, '14:57:00', NULL, NULL );
INSERT INTO "times" VALUES ( 17983, 11520, '14:54:00', '14:54:00', 10 );
INSERT INTO "times" VALUES ( 17983, 11530, '14:53:00', '14:53:00', 10 );
INSERT INTO "times" VALUES ( 17983, 11540, '14:51:00', '14:51:00', 10 );
INSERT INTO "times" VALUES ( 17983, 12530, '14:50:00', '14:50:00', 10 );
INSERT INTO "times" VALUES ( 17983, 12540, '14:40:00', '14:47:00', 20 );
INSERT INTO "times" VALUES ( 17983, 12550, '14:38:00', '14:38:00', 20 );
INSERT INTO "times" VALUES ( 17983, 12560, '14:36:00', '14:36:00', 20 );
INSERT INTO "times" VALUES ( 17983, 12570, '14:34:00', '14:34:00', 20 );
INSERT INTO "times" VALUES ( 17983, 12580, '14:33:00', '14:33:00', 20 );
INSERT INTO "times" VALUES ( 17983, 12590, '14:32:00', '14:32:00', 20 );
INSERT INTO "times" VALUES ( 17983, 12600, '14:30:00', '14:30:00', 20 );
INSERT INTO "times" VALUES ( 17983, 12610, '14:26:00', '14:29:00', 20 );
INSERT INTO "times" VALUES ( 17983, 12620, '14:24:00', '14:24:00', 20 );
INSERT INTO "times" VALUES ( 17983, 12630, '14:22:00', '14:22:00', 20 );
INSERT INTO "times" VALUES ( 17983, 12640, '14:21:00', '14:21:00', 20 );
INSERT INTO "times" VALUES ( 17983, 12650, '14:19:00', '14:19:00', 20 );
INSERT INTO "times" VALUES ( 17983, 12660, '14:15:00', '14:17:00', 20 );
INSERT INTO "times" VALUES ( 17983, 12670, '14:12:00', '14:12:00', 20 );
INSERT INTO "times" VALUES ( 17983, 12680, '14:08:00', '14:10:00', 20 );
INSERT INTO "times" VALUES ( 17983, 12690, '14:06:00', '14:06:00', 20 );
INSERT INTO "times" VALUES ( 17983, 12700, '14:04:00', '14:04:00', 20 );
INSERT INTO "times" VALUES ( 17983, 12710, '13:57:00', '14:02:00', 20 );
INSERT INTO "times" VALUES ( 17983, 12720, '13:54:00', '13:54:00', 20 );
INSERT INTO "times" VALUES ( 17983, 12730, '13:52:00', '13:52:00', 20 );
INSERT INTO "times" VALUES ( 17983, 12740, '13:50:00', '13:50:00', 20 );
INSERT INTO "times" VALUES ( 17983, 12750, '13:46:00', '13:46:00', 20 );
INSERT INTO "times" VALUES ( 17983, 12760, '13:44:00', '13:44:00', 20 );
INSERT INTO "times" VALUES ( 17983, 12770, '13:40:00', '13:40:00', 20 );
INSERT INTO "times" VALUES ( 17983, 12780, '13:35:00', '13:35:00', 20 );
INSERT INTO "times" VALUES ( 17983, 12790, '13:33:00', '13:33:00', 20 );
INSERT INTO "times" VALUES ( 17983, 12800, '13:28:00', '13:31:00', 20 );
INSERT INTO "times" VALUES ( 17983, 12810, '13:26:00', '13:26:00', 20 );
INSERT INTO "times" VALUES ( 17983, 12820, '13:24:00', '13:24:00', 20 );
INSERT INTO "times" VALUES ( 17983, 12830, '13:23:00', '13:23:00', 20 );
INSERT INTO "times" VALUES ( 17983, 12840, '13:21:00', '13:21:00', 20 );
INSERT INTO "times" VALUES ( 17983, 12850, '13:19:00', '13:19:00', 20 );
INSERT INTO "times" VALUES ( 17983, 12860, '13:18:00', '13:18:00', 20 );
INSERT INTO "times" VALUES ( 17983, 12870, '13:16:00', '13:16:00', 20 );
INSERT INTO "times" VALUES ( 17983, 12880, '13:14:00', '13:14:00', 20 );
INSERT INTO "times" VALUES ( 17983, 12890, '13:12:00', '13:12:00', 20 );
INSERT INTO "times" VALUES ( 17983, 12900, '13:07:00', '13:11:00', 20 );
INSERT INTO "times" VALUES ( 17983, 13510, '13:05:00', '13:05:00', 30 );
INSERT INTO "times" VALUES ( 17983, 13520, NULL, '13:03:00', 30 );

INSERT INTO "dias" VALUES ( 17984, 100, FALSE, TRUE, 'Q1302Z', 11510, 13520 );
INSERT INTO "dias_line_groups" VALUES ( 17984, 10 );
INSERT INTO "times" VALUES ( 17984, 11510, NULL, '13:24:00', 10 );
INSERT INTO "times" VALUES ( 17984, 11520, '13:25:00', '13:25:00', 10 );
INSERT INTO "times" VALUES ( 17984, 11530, '13:27:00', '13:27:00', 10 );
INSERT INTO "times" VALUES ( 17984, 11540, '13:29:00', '13:29:00', 10 );
INSERT INTO "times" VALUES ( 17984, 12530, '13:31:00', '13:32:00', 20 );
INSERT INTO "times" VALUES ( 17984, 12540, '13:34:00', '13:41:00', 20 );
INSERT INTO "times" VALUES ( 17984, 12550, '13:43:00', '13:43:00', 20 );
INSERT INTO "times" VALUES ( 17984, 12560, '13:45:00', '13:45:00', 20 );
INSERT INTO "times" VALUES ( 17984, 12570, '13:46:00', '13:46:00', 20 );
INSERT INTO "times" VALUES ( 17984, 12580, '13:48:00', '13:48:00', 20 );
INSERT INTO "times" VALUES ( 17984, 12590, '13:49:00', '13:49:00', 20 );
INSERT INTO "times" VALUES ( 17984, 12600, '13:50:00', '13:50:00', 20 );
INSERT INTO "times" VALUES ( 17984, 12610, '13:52:00', '13:55:00', 20 );
INSERT INTO "times" VALUES ( 17984, 12620, '13:57:00', '13:57:00', 20 );
INSERT INTO "times" VALUES ( 17984, 12630, '13:58:00', '13:58:00', 20 );
INSERT INTO "times" VALUES ( 17984, 12640, '14:00:00', '14:00:00', 20 );
INSERT INTO "times" VALUES ( 17984, 12650, '14:02:00', '14:02:00', 20 );
INSERT INTO "times" VALUES ( 17984, 12660, '14:04:00', '14:05:00', 20 );
INSERT INTO "times" VALUES ( 17984, 12670, '14:08:00', '14:08:00', 20 );
INSERT INTO "times" VALUES ( 17984, 12680, '14:12:00', '14:18:00', 20 );
INSERT INTO "times" VALUES ( 17984, 12690, '14:20:00', '14:20:00', 20 );
INSERT INTO "times" VALUES ( 17984, 12700, '14:22:00', '14:22:00', 20 );
INSERT INTO "times" VALUES ( 17984, 12710, '14:25:00', '14:25:00', 20 );
INSERT INTO "times" VALUES ( 17984, 12720, '14:26:00', '14:26:00', 20 );
INSERT INTO "times" VALUES ( 17984, 12730, '14:29:00', '14:29:00', 20 );
INSERT INTO "times" VALUES ( 17984, 12740, '14:32:00', '14:32:00', 20 );
INSERT INTO "times" VALUES ( 17984, 12750, '14:35:00', '14:35:00', 20 );
INSERT INTO "times" VALUES ( 17984, 12760, '14:38:00', '14:38:00', 20 );
INSERT INTO "times" VALUES ( 17984, 12770, '14:42:00', '14:42:00', 20 );
INSERT INTO "times" VALUES ( 17984, 12780, '14:46:00', '14:46:00', 20 );
INSERT INTO "times" VALUES ( 17984, 12790, '14:47:00', '14:47:00', 20 );
INSERT INTO "times" VALUES ( 17984, 12800, '14:49:00', '14:53:00', 20 );
INSERT INTO "times" VALUES ( 17984, 12810, '14:55:00', '14:55:00', 20 );
INSERT INTO "times" VALUES ( 17984, 12820, '14:56:00', '14:56:00', 20 );
INSERT INTO "times" VALUES ( 17984, 12830, '14:58:00', '14:58:00', 20 );
INSERT INTO "times" VALUES ( 17984, 12840, '14:59:00', '14:59:00', 20 );
INSERT INTO "times" VALUES ( 17984, 12850, '15:01:00', '15:01:00', 20 );
INSERT INTO "times" VALUES ( 17984, 12860, '15:02:00', '15:02:00', 20 );
INSERT INTO "times" VALUES ( 17984, 12870, '15:04:00', '15:04:00', 20 );
INSERT INTO "times" VALUES ( 17984, 12880, '15:06:00', '15:06:00', 20 );
INSERT INTO "times" VALUES ( 17984, 12890, '15:08:00', '15:08:00', 20 );
INSERT INTO "times" VALUES ( 17984, 12900, '15:09:00', '15:13:00', 20 );
INSERT INTO "times" VALUES ( 17984, 13510, '15:15:00', '15:15:00', 30 );
INSERT INTO "times" VALUES ( 17984, 13520, '15:18:00', NULL, NULL );

INSERT INTO "dias" VALUES ( 17985, 100, FALSE, TRUE, 'Q1303B', 13520, 11510 );
INSERT INTO "dias_line_groups" VALUES ( 17985, 10 );
INSERT INTO "times" VALUES ( 17985, 11510, '15:17:00', NULL, NULL );
INSERT INTO "times" VALUES ( 17985, 11520, '15:15:00', '15:15:00', 10 );
INSERT INTO "times" VALUES ( 17985, 11530, '15:13:00', '15:13:00', 10 );
INSERT INTO "times" VALUES ( 17985, 11540, '15:12:00', '15:12:00', 10 );
INSERT INTO "times" VALUES ( 17985, 12530, '15:10:00', '15:10:00', 10 );
INSERT INTO "times" VALUES ( 17985, 12540, '15:00:00', '15:07:00', 20 );
INSERT INTO "times" VALUES ( 17985, 12550, '14:58:00', '14:58:00', 20 );
INSERT INTO "times" VALUES ( 17985, 12560, '14:56:00', '14:56:00', 20 );
INSERT INTO "times" VALUES ( 17985, 12570, '14:54:00', '14:54:00', 20 );
INSERT INTO "times" VALUES ( 17985, 12580, '14:53:00', '14:53:00', 20 );
INSERT INTO "times" VALUES ( 17985, 12590, '14:52:00', '14:52:00', 20 );
INSERT INTO "times" VALUES ( 17985, 12600, '14:50:00', '14:50:00', 20 );
INSERT INTO "times" VALUES ( 17985, 12610, '14:46:00', '14:49:00', 20 );
INSERT INTO "times" VALUES ( 17985, 12620, '14:44:00', '14:44:00', 20 );
INSERT INTO "times" VALUES ( 17985, 12630, '14:42:00', '14:42:00', 20 );
INSERT INTO "times" VALUES ( 17985, 12640, '14:41:00', '14:41:00', 20 );
INSERT INTO "times" VALUES ( 17985, 12650, '14:39:00', '14:39:00', 20 );
INSERT INTO "times" VALUES ( 17985, 12660, '14:35:00', '14:37:00', 20 );
INSERT INTO "times" VALUES ( 17985, 12670, '14:32:00', '14:32:00', 20 );
INSERT INTO "times" VALUES ( 17985, 12680, '14:24:00', '14:29:00', 20 );
INSERT INTO "times" VALUES ( 17985, 12690, '14:21:00', '14:21:00', 20 );
INSERT INTO "times" VALUES ( 17985, 12700, '14:19:00', '14:19:00', 20 );
INSERT INTO "times" VALUES ( 17985, 12710, '14:17:00', '14:17:00', 20 );
INSERT INTO "times" VALUES ( 17985, 12720, '14:14:00', '14:14:00', 20 );
INSERT INTO "times" VALUES ( 17985, 12730, '14:12:00', '14:12:00', 20 );
INSERT INTO "times" VALUES ( 17985, 12740, '14:10:00', '14:10:00', 20 );
INSERT INTO "times" VALUES ( 17985, 12750, '14:06:00', '14:06:00', 20 );
INSERT INTO "times" VALUES ( 17985, 12760, '14:04:00', '14:04:00', 20 );
INSERT INTO "times" VALUES ( 17985, 12770, '14:00:00', '14:00:00', 20 );
INSERT INTO "times" VALUES ( 17985, 12780, '13:55:00', '13:55:00', 20 );
INSERT INTO "times" VALUES ( 17985, 12790, '13:53:00', '13:53:00', 20 );
INSERT INTO "times" VALUES ( 17985, 12800, '13:48:00', '13:51:00', 20 );
INSERT INTO "times" VALUES ( 17985, 12810, '13:46:00', '13:46:00', 20 );
INSERT INTO "times" VALUES ( 17985, 12820, '13:44:00', '13:44:00', 20 );
INSERT INTO "times" VALUES ( 17985, 12830, '13:43:00', '13:43:00', 20 );
INSERT INTO "times" VALUES ( 17985, 12840, '13:41:00', '13:41:00', 20 );
INSERT INTO "times" VALUES ( 17985, 12850, '13:39:00', '13:39:00', 20 );
INSERT INTO "times" VALUES ( 17985, 12860, '13:38:00', '13:38:00', 20 );
INSERT INTO "times" VALUES ( 17985, 12870, '13:36:00', '13:36:00', 20 );
INSERT INTO "times" VALUES ( 17985, 12880, '13:34:00', '13:34:00', 20 );
INSERT INTO "times" VALUES ( 17985, 12890, '13:32:00', '13:32:00', 20 );
INSERT INTO "times" VALUES ( 17985, 12900, '13:27:00', '13:31:00', 20 );
INSERT INTO "times" VALUES ( 17985, 13510, '13:25:00', '13:25:00', 30 );
INSERT INTO "times" VALUES ( 17985, 13520, NULL, '13:23:00', 30 );

INSERT INTO "dias" VALUES ( 17986, 100, FALSE, TRUE, 'Q1304Z', 11510, 13520 );
INSERT INTO "dias_line_groups" VALUES ( 17986, 10 );
INSERT INTO "times" VALUES ( 17986, 11510, NULL, '13:44:00', 10 );
INSERT INTO "times" VALUES ( 17986, 11520, '13:45:00', '13:45:00', 10 );
INSERT INTO "times" VALUES ( 17986, 11530, '13:47:00', '13:47:00', 10 );
INSERT INTO "times" VALUES ( 17986, 11540, '13:49:00', '13:49:00', 10 );
INSERT INTO "times" VALUES ( 17986, 12530, '13:51:00', '13:52:00', 20 );
INSERT INTO "times" VALUES ( 17986, 12540, '13:54:00', '14:01:00', 20 );
INSERT INTO "times" VALUES ( 17986, 12550, '14:03:00', '14:03:00', 20 );
INSERT INTO "times" VALUES ( 17986, 12560, '14:05:00', '14:05:00', 20 );
INSERT INTO "times" VALUES ( 17986, 12570, '14:06:00', '14:06:00', 20 );
INSERT INTO "times" VALUES ( 17986, 12580, '14:08:00', '14:08:00', 20 );
INSERT INTO "times" VALUES ( 17986, 12590, '14:09:00', '14:09:00', 20 );
INSERT INTO "times" VALUES ( 17986, 12600, '14:10:00', '14:10:00', 20 );
INSERT INTO "times" VALUES ( 17986, 12610, '14:12:00', '14:15:00', 20 );
INSERT INTO "times" VALUES ( 17986, 12620, '14:17:00', '14:17:00', 20 );
INSERT INTO "times" VALUES ( 17986, 12630, '14:18:00', '14:18:00', 20 );
INSERT INTO "times" VALUES ( 17986, 12640, '14:20:00', '14:20:00', 20 );
INSERT INTO "times" VALUES ( 17986, 12650, '14:22:00', '14:22:00', 20 );
INSERT INTO "times" VALUES ( 17986, 12660, '14:24:00', '14:26:00', 20 );
INSERT INTO "times" VALUES ( 17986, 12670, '14:29:00', '14:29:00', 20 );
INSERT INTO "times" VALUES ( 17986, 12680, '14:31:00', '14:32:00', 20 );
INSERT INTO "times" VALUES ( 17986, 12690, '14:34:00', '14:34:00', 20 );
INSERT INTO "times" VALUES ( 17986, 12700, '14:36:00', '14:36:00', 20 );
INSERT INTO "times" VALUES ( 17986, 12710, '14:38:00', '14:44:00', 20 );
INSERT INTO "times" VALUES ( 17986, 12720, '14:46:00', '14:46:00', 20 );
INSERT INTO "times" VALUES ( 17986, 12730, '14:48:00', '14:48:00', 20 );
INSERT INTO "times" VALUES ( 17986, 12740, '14:51:00', '14:52:00', 20 );
INSERT INTO "times" VALUES ( 17986, 12750, '14:55:00', '14:55:00', 20 );
INSERT INTO "times" VALUES ( 17986, 12760, '14:58:00', '14:58:00', 20 );
INSERT INTO "times" VALUES ( 17986, 12770, '15:02:00', '15:02:00', 20 );
INSERT INTO "times" VALUES ( 17986, 12780, '15:06:00', '15:06:00', 20 );
INSERT INTO "times" VALUES ( 17986, 12790, '15:07:00', '15:07:00', 20 );
INSERT INTO "times" VALUES ( 17986, 12800, '15:09:00', '15:13:00', 20 );
INSERT INTO "times" VALUES ( 17986, 12810, '15:15:00', '15:15:00', 20 );
INSERT INTO "times" VALUES ( 17986, 12820, '15:16:00', '15:16:00', 20 );
INSERT INTO "times" VALUES ( 17986, 12830, '15:18:00', '15:18:00', 20 );
INSERT INTO "times" VALUES ( 17986, 12840, '15:19:00', '15:19:00', 20 );
INSERT INTO "times" VALUES ( 17986, 12850, '15:21:00', '15:21:00', 20 );
INSERT INTO "times" VALUES ( 17986, 12860, '15:22:00', '15:22:00', 20 );
INSERT INTO "times" VALUES ( 17986, 12870, '15:24:00', '15:24:00', 20 );
INSERT INTO "times" VALUES ( 17986, 12880, '15:26:00', '15:26:00', 20 );
INSERT INTO "times" VALUES ( 17986, 12890, '15:28:00', '15:28:00', 20 );
INSERT INTO "times" VALUES ( 17986, 12900, '15:29:00', '15:33:00', 20 );
INSERT INTO "times" VALUES ( 17986, 13510, '15:34:00', '15:34:00', 30 );
INSERT INTO "times" VALUES ( 17986, 13520, '15:37:00', NULL, NULL );

INSERT INTO "dias" VALUES ( 17987, 100, FALSE, TRUE, 'Q1305B', 13520, 11510 );
INSERT INTO "dias_line_groups" VALUES ( 17987, 10 );
INSERT INTO "times" VALUES ( 17987, 11510, '15:27:00', NULL, NULL );
INSERT INTO "times" VALUES ( 17987, 11520, '15:24:00', '15:24:00', 10 );
INSERT INTO "times" VALUES ( 17987, 11530, '15:23:00', '15:23:00', 10 );
INSERT INTO "times" VALUES ( 17987, 11540, '15:21:00', '15:21:00', 10 );
INSERT INTO "times" VALUES ( 17987, 12530, '15:20:00', '15:20:00', 10 );
INSERT INTO "times" VALUES ( 17987, 12540, '15:10:00', '15:17:00', 20 );
INSERT INTO "times" VALUES ( 17987, 12550, '15:08:00', '15:08:00', 20 );
INSERT INTO "times" VALUES ( 17987, 12560, '15:06:00', '15:06:00', 20 );
INSERT INTO "times" VALUES ( 17987, 12570, '15:04:00', '15:04:00', 20 );
INSERT INTO "times" VALUES ( 17987, 12580, '15:03:00', '15:03:00', 20 );
INSERT INTO "times" VALUES ( 17987, 12590, '15:02:00', '15:02:00', 20 );
INSERT INTO "times" VALUES ( 17987, 12600, '15:00:00', '15:00:00', 20 );
INSERT INTO "times" VALUES ( 17987, 12610, '14:56:00', '14:59:00', 20 );
INSERT INTO "times" VALUES ( 17987, 12620, '14:54:00', '14:54:00', 20 );
INSERT INTO "times" VALUES ( 17987, 12630, '14:52:00', '14:52:00', 20 );
INSERT INTO "times" VALUES ( 17987, 12640, '14:51:00', '14:51:00', 20 );
INSERT INTO "times" VALUES ( 17987, 12650, '14:49:00', '14:49:00', 20 );
INSERT INTO "times" VALUES ( 17987, 12660, '14:45:00', '14:47:00', 20 );
INSERT INTO "times" VALUES ( 17987, 12670, '14:42:00', '14:42:00', 20 );
INSERT INTO "times" VALUES ( 17987, 12680, '14:39:00', '14:40:00', 20 );
INSERT INTO "times" VALUES ( 17987, 12690, '14:37:00', '14:37:00', 20 );
INSERT INTO "times" VALUES ( 17987, 12700, '14:34:00', '14:34:00', 20 );
INSERT INTO "times" VALUES ( 17987, 12710, '14:27:00', '14:32:00', 20 );
INSERT INTO "times" VALUES ( 17987, 12720, '14:24:00', '14:24:00', 20 );
INSERT INTO "times" VALUES ( 17987, 12730, '14:22:00', '14:22:00', 20 );
INSERT INTO "times" VALUES ( 17987, 12740, '14:20:00', '14:20:00', 20 );
INSERT INTO "times" VALUES ( 17987, 12750, '14:16:00', '14:16:00', 20 );
INSERT INTO "times" VALUES ( 17987, 12760, '14:14:00', '14:14:00', 20 );
INSERT INTO "times" VALUES ( 17987, 12770, '14:10:00', '14:10:00', 20 );
INSERT INTO "times" VALUES ( 17987, 12780, '14:05:00', '14:05:00', 20 );
INSERT INTO "times" VALUES ( 17987, 12790, '14:03:00', '14:03:00', 20 );
INSERT INTO "times" VALUES ( 17987, 12800, '13:58:00', '14:01:00', 20 );
INSERT INTO "times" VALUES ( 17987, 12810, '13:56:00', '13:56:00', 20 );
INSERT INTO "times" VALUES ( 17987, 12820, '13:54:00', '13:54:00', 20 );
INSERT INTO "times" VALUES ( 17987, 12830, '13:53:00', '13:53:00', 20 );
INSERT INTO "times" VALUES ( 17987, 12840, '13:51:00', '13:51:00', 20 );
INSERT INTO "times" VALUES ( 17987, 12850, '13:49:00', '13:49:00', 20 );
INSERT INTO "times" VALUES ( 17987, 12860, '13:48:00', '13:48:00', 20 );
INSERT INTO "times" VALUES ( 17987, 12870, '13:46:00', '13:46:00', 20 );
INSERT INTO "times" VALUES ( 17987, 12880, '13:44:00', '13:44:00', 20 );
INSERT INTO "times" VALUES ( 17987, 12890, '13:42:00', '13:42:00', 20 );
INSERT INTO "times" VALUES ( 17987, 12900, '13:37:00', '13:41:00', 20 );
INSERT INTO "times" VALUES ( 17987, 13510, '13:35:00', '13:35:00', 30 );
INSERT INTO "times" VALUES ( 17987, 13520, NULL, '13:33:00', 30 );

INSERT INTO "dias" VALUES ( 17988, 100, FALSE, TRUE, 'Q1306Z', 11510, 13520 );
INSERT INTO "dias_line_groups" VALUES ( 17988, 10 );
INSERT INTO "times" VALUES ( 17988, 11510, NULL, '13:54:00', 10 );
INSERT INTO "times" VALUES ( 17988, 11520, '13:55:00', '13:55:00', 10 );
INSERT INTO "times" VALUES ( 17988, 11530, '13:57:00', '13:57:00', 10 );
INSERT INTO "times" VALUES ( 17988, 11540, '13:59:00', '13:59:00', 10 );
INSERT INTO "times" VALUES ( 17988, 12530, '14:01:00', '14:02:00', 20 );
INSERT INTO "times" VALUES ( 17988, 12540, '14:04:00', '14:11:00', 20 );
INSERT INTO "times" VALUES ( 17988, 12550, '14:13:00', '14:13:00', 20 );
INSERT INTO "times" VALUES ( 17988, 12560, '14:15:00', '14:15:00', 20 );
INSERT INTO "times" VALUES ( 17988, 12570, '14:16:00', '14:16:00', 20 );
INSERT INTO "times" VALUES ( 17988, 12580, '14:18:00', '14:18:00', 20 );
INSERT INTO "times" VALUES ( 17988, 12590, '14:19:00', '14:19:00', 20 );
INSERT INTO "times" VALUES ( 17988, 12600, '14:20:00', '14:20:00', 20 );
INSERT INTO "times" VALUES ( 17988, 12610, '14:22:00', '14:25:00', 20 );
INSERT INTO "times" VALUES ( 17988, 12620, '14:27:00', '14:27:00', 20 );
INSERT INTO "times" VALUES ( 17988, 12630, '14:28:00', '14:28:00', 20 );
INSERT INTO "times" VALUES ( 17988, 12640, '14:30:00', '14:30:00', 20 );
INSERT INTO "times" VALUES ( 17988, 12650, '14:32:00', '14:32:00', 20 );
INSERT INTO "times" VALUES ( 17988, 12660, '14:34:00', '14:35:00', 20 );
INSERT INTO "times" VALUES ( 17988, 12670, '14:38:00', '14:38:00', 20 );
INSERT INTO "times" VALUES ( 17988, 12680, '14:42:00', '14:48:00', 20 );
INSERT INTO "times" VALUES ( 17988, 12690, '14:50:00', '14:50:00', 20 );
INSERT INTO "times" VALUES ( 17988, 12700, '14:52:00', '14:52:00', 20 );
INSERT INTO "times" VALUES ( 17988, 12710, '14:55:00', '14:55:00', 20 );
INSERT INTO "times" VALUES ( 17988, 12720, '14:56:00', '14:56:00', 20 );
INSERT INTO "times" VALUES ( 17988, 12730, '14:59:00', '14:59:00', 20 );
INSERT INTO "times" VALUES ( 17988, 12740, '15:02:00', '15:02:00', 20 );
INSERT INTO "times" VALUES ( 17988, 12750, '15:05:00', '15:05:00', 20 );
INSERT INTO "times" VALUES ( 17988, 12760, '15:08:00', '15:08:00', 20 );
INSERT INTO "times" VALUES ( 17988, 12770, '15:12:00', '15:12:00', 20 );
INSERT INTO "times" VALUES ( 17988, 12780, '15:16:00', '15:16:00', 20 );
INSERT INTO "times" VALUES ( 17988, 12790, '15:17:00', '15:17:00', 20 );
INSERT INTO "times" VALUES ( 17988, 12800, '15:19:00', '15:23:00', 20 );
INSERT INTO "times" VALUES ( 17988, 12810, '15:25:00', '15:25:00', 20 );
INSERT INTO "times" VALUES ( 17988, 12820, '15:26:00', '15:26:00', 20 );
INSERT INTO "times" VALUES ( 17988, 12830, '15:28:00', '15:28:00', 20 );
INSERT INTO "times" VALUES ( 17988, 12840, '15:29:00', '15:29:00', 20 );
INSERT INTO "times" VALUES ( 17988, 12850, '15:31:00', '15:31:00', 20 );
INSERT INTO "times" VALUES ( 17988, 12860, '15:32:00', '15:32:00', 20 );
INSERT INTO "times" VALUES ( 17988, 12870, '15:34:00', '15:34:00', 20 );
INSERT INTO "times" VALUES ( 17988, 12880, '15:36:00', '15:36:00', 20 );
INSERT INTO "times" VALUES ( 17988, 12890, '15:38:00', '15:38:00', 20 );
INSERT INTO "times" VALUES ( 17988, 12900, '15:39:00', '15:44:00', 20 );
INSERT INTO "times" VALUES ( 17988, 13510, '15:46:00', '15:46:00', 30 );
INSERT INTO "times" VALUES ( 17988, 13520, '15:49:00', NULL, NULL );

INSERT INTO "dias" VALUES ( 17989, 100, FALSE, TRUE, 'Q1307B', 13520, 11510 );
INSERT INTO "dias_line_groups" VALUES ( 17989, 10 );
INSERT INTO "times" VALUES ( 17989, 11510, '15:47:00', NULL, NULL );
INSERT INTO "times" VALUES ( 17989, 11520, '15:45:00', '15:45:00', 10 );
INSERT INTO "times" VALUES ( 17989, 11530, '15:43:00', '15:43:00', 10 );
INSERT INTO "times" VALUES ( 17989, 11540, '15:42:00', '15:42:00', 10 );
INSERT INTO "times" VALUES ( 17989, 12530, '15:40:00', '15:40:00', 10 );
INSERT INTO "times" VALUES ( 17989, 12540, '15:30:00', '15:37:00', 20 );
INSERT INTO "times" VALUES ( 17989, 12550, '15:28:00', '15:28:00', 20 );
INSERT INTO "times" VALUES ( 17989, 12560, '15:26:00', '15:26:00', 20 );
INSERT INTO "times" VALUES ( 17989, 12570, '15:24:00', '15:24:00', 20 );
INSERT INTO "times" VALUES ( 17989, 12580, '15:23:00', '15:23:00', 20 );
INSERT INTO "times" VALUES ( 17989, 12590, '15:22:00', '15:22:00', 20 );
INSERT INTO "times" VALUES ( 17989, 12600, '15:20:00', '15:20:00', 20 );
INSERT INTO "times" VALUES ( 17989, 12610, '15:16:00', '15:19:00', 20 );
INSERT INTO "times" VALUES ( 17989, 12620, '15:14:00', '15:14:00', 20 );
INSERT INTO "times" VALUES ( 17989, 12630, '15:12:00', '15:12:00', 20 );
INSERT INTO "times" VALUES ( 17989, 12640, '15:11:00', '15:11:00', 20 );
INSERT INTO "times" VALUES ( 17989, 12650, '15:09:00', '15:09:00', 20 );
INSERT INTO "times" VALUES ( 17989, 12660, '15:05:00', '15:07:00', 20 );
INSERT INTO "times" VALUES ( 17989, 12670, '15:02:00', '15:02:00', 20 );
INSERT INTO "times" VALUES ( 17989, 12680, '14:54:00', '14:59:00', 20 );
INSERT INTO "times" VALUES ( 17989, 12690, '14:51:00', '14:51:00', 20 );
INSERT INTO "times" VALUES ( 17989, 12700, '14:49:00', '14:49:00', 20 );
INSERT INTO "times" VALUES ( 17989, 12710, '14:47:00', '14:47:00', 20 );
INSERT INTO "times" VALUES ( 17989, 12720, '14:44:00', '14:44:00', 20 );
INSERT INTO "times" VALUES ( 17989, 12730, '14:42:00', '14:42:00', 20 );
INSERT INTO "times" VALUES ( 17989, 12740, '14:40:00', '14:40:00', 20 );
INSERT INTO "times" VALUES ( 17989, 12750, '14:36:00', '14:36:00', 20 );
INSERT INTO "times" VALUES ( 17989, 12760, '14:34:00', '14:34:00', 20 );
INSERT INTO "times" VALUES ( 17989, 12770, '14:30:00', '14:30:00', 20 );
INSERT INTO "times" VALUES ( 17989, 12780, '14:25:00', '14:25:00', 20 );
INSERT INTO "times" VALUES ( 17989, 12790, '14:23:00', '14:23:00', 20 );
INSERT INTO "times" VALUES ( 17989, 12800, '14:18:00', '14:21:00', 20 );
INSERT INTO "times" VALUES ( 17989, 12810, '14:16:00', '14:16:00', 20 );
INSERT INTO "times" VALUES ( 17989, 12820, '14:14:00', '14:14:00', 20 );
INSERT INTO "times" VALUES ( 17989, 12830, '14:13:00', '14:13:00', 20 );
INSERT INTO "times" VALUES ( 17989, 12840, '14:11:00', '14:11:00', 20 );
INSERT INTO "times" VALUES ( 17989, 12850, '14:09:00', '14:09:00', 20 );
INSERT INTO "times" VALUES ( 17989, 12860, '14:08:00', '14:08:00', 20 );
INSERT INTO "times" VALUES ( 17989, 12870, '14:06:00', '14:06:00', 20 );
INSERT INTO "times" VALUES ( 17989, 12880, '14:04:00', '14:04:00', 20 );
INSERT INTO "times" VALUES ( 17989, 12890, '14:02:00', '14:02:00', 20 );
INSERT INTO "times" VALUES ( 17989, 12900, '13:57:00', '14:01:00', 20 );
INSERT INTO "times" VALUES ( 17989, 13510, '13:55:00', '13:55:00', 30 );
INSERT INTO "times" VALUES ( 17989, 13520, NULL, '13:53:00', 30 );

INSERT INTO "dias" VALUES ( 17990, 100, FALSE, TRUE, 'Q1400Z', 11510, 13520 );
INSERT INTO "dias_line_groups" VALUES ( 17990, 10 );
INSERT INTO "times" VALUES ( 17990, 11510, NULL, '14:14:00', 10 );
INSERT INTO "times" VALUES ( 17990, 11520, '14:15:00', '14:15:00', 10 );
INSERT INTO "times" VALUES ( 17990, 11530, '14:17:00', '14:17:00', 10 );
INSERT INTO "times" VALUES ( 17990, 11540, '14:19:00', '14:19:00', 10 );
INSERT INTO "times" VALUES ( 17990, 12530, '14:21:00', '14:22:00', 20 );
INSERT INTO "times" VALUES ( 17990, 12540, '14:24:00', '14:31:00', 20 );
INSERT INTO "times" VALUES ( 17990, 12550, '14:33:00', '14:33:00', 20 );
INSERT INTO "times" VALUES ( 17990, 12560, '14:35:00', '14:35:00', 20 );
INSERT INTO "times" VALUES ( 17990, 12570, '14:36:00', '14:36:00', 20 );
INSERT INTO "times" VALUES ( 17990, 12580, '14:38:00', '14:38:00', 20 );
INSERT INTO "times" VALUES ( 17990, 12590, '14:39:00', '14:39:00', 20 );
INSERT INTO "times" VALUES ( 17990, 12600, '14:40:00', '14:40:00', 20 );
INSERT INTO "times" VALUES ( 17990, 12610, '14:42:00', '14:45:00', 20 );
INSERT INTO "times" VALUES ( 17990, 12620, '14:47:00', '14:47:00', 20 );
INSERT INTO "times" VALUES ( 17990, 12630, '14:48:00', '14:48:00', 20 );
INSERT INTO "times" VALUES ( 17990, 12640, '14:50:00', '14:50:00', 20 );
INSERT INTO "times" VALUES ( 17990, 12650, '14:52:00', '14:52:00', 20 );
INSERT INTO "times" VALUES ( 17990, 12660, '14:54:00', '14:56:00', 20 );
INSERT INTO "times" VALUES ( 17990, 12670, '14:59:00', '14:59:00', 20 );
INSERT INTO "times" VALUES ( 17990, 12680, '15:01:00', '15:02:00', 20 );
INSERT INTO "times" VALUES ( 17990, 12690, '15:04:00', '15:04:00', 20 );
INSERT INTO "times" VALUES ( 17990, 12700, '15:06:00', '15:06:00', 20 );
INSERT INTO "times" VALUES ( 17990, 12710, '15:08:00', '15:14:00', 20 );
INSERT INTO "times" VALUES ( 17990, 12720, '15:16:00', '15:16:00', 20 );
INSERT INTO "times" VALUES ( 17990, 12730, '15:18:00', '15:18:00', 20 );
INSERT INTO "times" VALUES ( 17990, 12740, '15:21:00', '15:22:00', 20 );
INSERT INTO "times" VALUES ( 17990, 12750, '15:25:00', '15:25:00', 20 );
INSERT INTO "times" VALUES ( 17990, 12760, '15:28:00', '15:28:00', 20 );
INSERT INTO "times" VALUES ( 17990, 12770, '15:32:00', '15:32:00', 20 );
INSERT INTO "times" VALUES ( 17990, 12780, '15:36:00', '15:36:00', 20 );
INSERT INTO "times" VALUES ( 17990, 12790, '15:37:00', '15:37:00', 20 );
INSERT INTO "times" VALUES ( 17990, 12800, '15:39:00', '15:43:00', 20 );
INSERT INTO "times" VALUES ( 17990, 12810, '15:45:00', '15:45:00', 20 );
INSERT INTO "times" VALUES ( 17990, 12820, '15:46:00', '15:46:00', 20 );
INSERT INTO "times" VALUES ( 17990, 12830, '15:48:00', '15:48:00', 20 );
INSERT INTO "times" VALUES ( 17990, 12840, '15:49:00', '15:49:00', 20 );
INSERT INTO "times" VALUES ( 17990, 12850, '15:51:00', '15:51:00', 20 );
INSERT INTO "times" VALUES ( 17990, 12860, '15:52:00', '15:52:00', 20 );
INSERT INTO "times" VALUES ( 17990, 12870, '15:54:00', '15:54:00', 20 );
INSERT INTO "times" VALUES ( 17990, 12880, '15:56:00', '15:56:00', 20 );
INSERT INTO "times" VALUES ( 17990, 12890, '15:58:00', '15:58:00', 20 );
INSERT INTO "times" VALUES ( 17990, 12900, '15:59:00', '16:03:00', 20 );
INSERT INTO "times" VALUES ( 17990, 13510, '16:04:00', '16:04:00', 30 );
INSERT INTO "times" VALUES ( 17990, 13520, '16:07:00', NULL, NULL );

INSERT INTO "dias" VALUES ( 17991, 100, FALSE, TRUE, 'Q1401B', 13520, 11510 );
INSERT INTO "dias_line_groups" VALUES ( 17991, 10 );
INSERT INTO "times" VALUES ( 17991, 11510, '15:57:00', NULL, NULL );
INSERT INTO "times" VALUES ( 17991, 11520, '15:54:00', '15:54:00', 10 );
INSERT INTO "times" VALUES ( 17991, 11530, '15:53:00', '15:53:00', 10 );
INSERT INTO "times" VALUES ( 17991, 11540, '15:51:00', '15:51:00', 10 );
INSERT INTO "times" VALUES ( 17991, 12530, '15:50:00', '15:50:00', 10 );
INSERT INTO "times" VALUES ( 17991, 12540, '15:40:00', '15:47:00', 20 );
INSERT INTO "times" VALUES ( 17991, 12550, '15:38:00', '15:38:00', 20 );
INSERT INTO "times" VALUES ( 17991, 12560, '15:36:00', '15:36:00', 20 );
INSERT INTO "times" VALUES ( 17991, 12570, '15:34:00', '15:34:00', 20 );
INSERT INTO "times" VALUES ( 17991, 12580, '15:33:00', '15:33:00', 20 );
INSERT INTO "times" VALUES ( 17991, 12590, '15:32:00', '15:32:00', 20 );
INSERT INTO "times" VALUES ( 17991, 12600, '15:30:00', '15:30:00', 20 );
INSERT INTO "times" VALUES ( 17991, 12610, '15:26:00', '15:29:00', 20 );
INSERT INTO "times" VALUES ( 17991, 12620, '15:24:00', '15:24:00', 20 );
INSERT INTO "times" VALUES ( 17991, 12630, '15:22:00', '15:22:00', 20 );
INSERT INTO "times" VALUES ( 17991, 12640, '15:21:00', '15:21:00', 20 );
INSERT INTO "times" VALUES ( 17991, 12650, '15:19:00', '15:19:00', 20 );
INSERT INTO "times" VALUES ( 17991, 12660, '15:15:00', '15:17:00', 20 );
INSERT INTO "times" VALUES ( 17991, 12670, '15:12:00', '15:12:00', 20 );
INSERT INTO "times" VALUES ( 17991, 12680, '15:09:00', '15:10:00', 20 );
INSERT INTO "times" VALUES ( 17991, 12690, '15:07:00', '15:07:00', 20 );
INSERT INTO "times" VALUES ( 17991, 12700, '15:04:00', '15:04:00', 20 );
INSERT INTO "times" VALUES ( 17991, 12710, '14:57:00', '15:02:00', 20 );
INSERT INTO "times" VALUES ( 17991, 12720, '14:54:00', '14:54:00', 20 );
INSERT INTO "times" VALUES ( 17991, 12730, '14:52:00', '14:52:00', 20 );
INSERT INTO "times" VALUES ( 17991, 12740, '14:50:00', '14:50:00', 20 );
INSERT INTO "times" VALUES ( 17991, 12750, '14:46:00', '14:46:00', 20 );
INSERT INTO "times" VALUES ( 17991, 12760, '14:44:00', '14:44:00', 20 );
INSERT INTO "times" VALUES ( 17991, 12770, '14:40:00', '14:40:00', 20 );
INSERT INTO "times" VALUES ( 17991, 12780, '14:35:00', '14:35:00', 20 );
INSERT INTO "times" VALUES ( 17991, 12790, '14:33:00', '14:33:00', 20 );
INSERT INTO "times" VALUES ( 17991, 12800, '14:28:00', '14:31:00', 20 );
INSERT INTO "times" VALUES ( 17991, 12810, '14:26:00', '14:26:00', 20 );
INSERT INTO "times" VALUES ( 17991, 12820, '14:24:00', '14:24:00', 20 );
INSERT INTO "times" VALUES ( 17991, 12830, '14:23:00', '14:23:00', 20 );
INSERT INTO "times" VALUES ( 17991, 12840, '14:21:00', '14:21:00', 20 );
INSERT INTO "times" VALUES ( 17991, 12850, '14:19:00', '14:19:00', 20 );
INSERT INTO "times" VALUES ( 17991, 12860, '14:18:00', '14:18:00', 20 );
INSERT INTO "times" VALUES ( 17991, 12870, '14:16:00', '14:16:00', 20 );
INSERT INTO "times" VALUES ( 17991, 12880, '14:14:00', '14:14:00', 20 );
INSERT INTO "times" VALUES ( 17991, 12890, '14:12:00', '14:12:00', 20 );
INSERT INTO "times" VALUES ( 17991, 12900, '14:07:00', '14:11:00', 20 );
INSERT INTO "times" VALUES ( 17991, 13510, '14:05:00', '14:05:00', 30 );
INSERT INTO "times" VALUES ( 17991, 13520, NULL, '14:03:00', 30 );

INSERT INTO "dias" VALUES ( 17992, 100, FALSE, TRUE, 'Q1402Z', 11510, 13520 );
INSERT INTO "dias_line_groups" VALUES ( 17992, 10 );
INSERT INTO "times" VALUES ( 17992, 11510, NULL, '14:24:00', 10 );
INSERT INTO "times" VALUES ( 17992, 11520, '14:25:00', '14:25:00', 10 );
INSERT INTO "times" VALUES ( 17992, 11530, '14:27:00', '14:27:00', 10 );
INSERT INTO "times" VALUES ( 17992, 11540, '14:29:00', '14:29:00', 10 );
INSERT INTO "times" VALUES ( 17992, 12530, '14:31:00', '14:32:00', 20 );
INSERT INTO "times" VALUES ( 17992, 12540, '14:34:00', '14:41:00', 20 );
INSERT INTO "times" VALUES ( 17992, 12550, '14:43:00', '14:43:00', 20 );
INSERT INTO "times" VALUES ( 17992, 12560, '14:45:00', '14:45:00', 20 );
INSERT INTO "times" VALUES ( 17992, 12570, '14:46:00', '14:46:00', 20 );
INSERT INTO "times" VALUES ( 17992, 12580, '14:48:00', '14:48:00', 20 );
INSERT INTO "times" VALUES ( 17992, 12590, '14:49:00', '14:49:00', 20 );
INSERT INTO "times" VALUES ( 17992, 12600, '14:50:00', '14:50:00', 20 );
INSERT INTO "times" VALUES ( 17992, 12610, '14:52:00', '14:55:00', 20 );
INSERT INTO "times" VALUES ( 17992, 12620, '14:57:00', '14:57:00', 20 );
INSERT INTO "times" VALUES ( 17992, 12630, '14:58:00', '14:58:00', 20 );
INSERT INTO "times" VALUES ( 17992, 12640, '15:00:00', '15:00:00', 20 );
INSERT INTO "times" VALUES ( 17992, 12650, '15:02:00', '15:02:00', 20 );
INSERT INTO "times" VALUES ( 17992, 12660, '15:04:00', '15:05:00', 20 );
INSERT INTO "times" VALUES ( 17992, 12670, '15:08:00', '15:08:00', 20 );
INSERT INTO "times" VALUES ( 17992, 12680, '15:12:00', '15:18:00', 20 );
INSERT INTO "times" VALUES ( 17992, 12690, '15:20:00', '15:20:00', 20 );
INSERT INTO "times" VALUES ( 17992, 12700, '15:22:00', '15:22:00', 20 );
INSERT INTO "times" VALUES ( 17992, 12710, '15:25:00', '15:25:00', 20 );
INSERT INTO "times" VALUES ( 17992, 12720, '15:26:00', '15:26:00', 20 );
INSERT INTO "times" VALUES ( 17992, 12730, '15:29:00', '15:29:00', 20 );
INSERT INTO "times" VALUES ( 17992, 12740, '15:32:00', '15:32:00', 20 );
INSERT INTO "times" VALUES ( 17992, 12750, '15:35:00', '15:35:00', 20 );
INSERT INTO "times" VALUES ( 17992, 12760, '15:38:00', '15:38:00', 20 );
INSERT INTO "times" VALUES ( 17992, 12770, '15:42:00', '15:42:00', 20 );
INSERT INTO "times" VALUES ( 17992, 12780, '15:46:00', '15:46:00', 20 );
INSERT INTO "times" VALUES ( 17992, 12790, '15:47:00', '15:47:00', 20 );
INSERT INTO "times" VALUES ( 17992, 12800, '15:49:00', '15:53:00', 20 );
INSERT INTO "times" VALUES ( 17992, 12810, '15:55:00', '15:55:00', 20 );
INSERT INTO "times" VALUES ( 17992, 12820, '15:56:00', '15:56:00', 20 );
INSERT INTO "times" VALUES ( 17992, 12830, '15:58:00', '15:58:00', 20 );
INSERT INTO "times" VALUES ( 17992, 12840, '15:59:00', '15:59:00', 20 );
INSERT INTO "times" VALUES ( 17992, 12850, '16:01:00', '16:01:00', 20 );
INSERT INTO "times" VALUES ( 17992, 12860, '16:02:00', '16:02:00', 20 );
INSERT INTO "times" VALUES ( 17992, 12870, '16:04:00', '16:04:00', 20 );
INSERT INTO "times" VALUES ( 17992, 12880, '16:06:00', '16:06:00', 20 );
INSERT INTO "times" VALUES ( 17992, 12890, '16:08:00', '16:08:00', 20 );
INSERT INTO "times" VALUES ( 17992, 12900, '16:09:00', '16:14:00', 20 );
INSERT INTO "times" VALUES ( 17992, 13510, '16:16:00', '16:16:00', 30 );
INSERT INTO "times" VALUES ( 17992, 13520, '16:19:00', NULL, NULL );

INSERT INTO "dias" VALUES ( 17993, 100, FALSE, TRUE, 'Q1403B', 13520, 11510 );
INSERT INTO "dias_line_groups" VALUES ( 17993, 10 );
INSERT INTO "times" VALUES ( 17993, 11510, '16:17:00', NULL, NULL );
INSERT INTO "times" VALUES ( 17993, 11520, '16:15:00', '16:15:00', 10 );
INSERT INTO "times" VALUES ( 17993, 11530, '16:13:00', '16:13:00', 10 );
INSERT INTO "times" VALUES ( 17993, 11540, '16:12:00', '16:12:00', 10 );
INSERT INTO "times" VALUES ( 17993, 12530, '16:10:00', '16:10:00', 10 );
INSERT INTO "times" VALUES ( 17993, 12540, '16:00:00', '16:07:00', 20 );
INSERT INTO "times" VALUES ( 17993, 12550, '15:58:00', '15:58:00', 20 );
INSERT INTO "times" VALUES ( 17993, 12560, '15:56:00', '15:56:00', 20 );
INSERT INTO "times" VALUES ( 17993, 12570, '15:54:00', '15:54:00', 20 );
INSERT INTO "times" VALUES ( 17993, 12580, '15:53:00', '15:53:00', 20 );
INSERT INTO "times" VALUES ( 17993, 12590, '15:52:00', '15:52:00', 20 );
INSERT INTO "times" VALUES ( 17993, 12600, '15:50:00', '15:50:00', 20 );
INSERT INTO "times" VALUES ( 17993, 12610, '15:46:00', '15:49:00', 20 );
INSERT INTO "times" VALUES ( 17993, 12620, '15:44:00', '15:44:00', 20 );
INSERT INTO "times" VALUES ( 17993, 12630, '15:42:00', '15:42:00', 20 );
INSERT INTO "times" VALUES ( 17993, 12640, '15:41:00', '15:41:00', 20 );
INSERT INTO "times" VALUES ( 17993, 12650, '15:39:00', '15:39:00', 20 );
INSERT INTO "times" VALUES ( 17993, 12660, '15:35:00', '15:37:00', 20 );
INSERT INTO "times" VALUES ( 17993, 12670, '15:32:00', '15:32:00', 20 );
INSERT INTO "times" VALUES ( 17993, 12680, '15:24:00', '15:29:00', 20 );
INSERT INTO "times" VALUES ( 17993, 12690, '15:21:00', '15:21:00', 20 );
INSERT INTO "times" VALUES ( 17993, 12700, '15:19:00', '15:19:00', 20 );
INSERT INTO "times" VALUES ( 17993, 12710, '15:17:00', '15:17:00', 20 );
INSERT INTO "times" VALUES ( 17993, 12720, '15:14:00', '15:14:00', 20 );
INSERT INTO "times" VALUES ( 17993, 12730, '15:12:00', '15:12:00', 20 );
INSERT INTO "times" VALUES ( 17993, 12740, '15:10:00', '15:10:00', 20 );
INSERT INTO "times" VALUES ( 17993, 12750, '15:06:00', '15:06:00', 20 );
INSERT INTO "times" VALUES ( 17993, 12760, '15:04:00', '15:04:00', 20 );
INSERT INTO "times" VALUES ( 17993, 12770, '15:00:00', '15:00:00', 20 );
INSERT INTO "times" VALUES ( 17993, 12780, '14:55:00', '14:55:00', 20 );
INSERT INTO "times" VALUES ( 17993, 12790, '14:53:00', '14:53:00', 20 );
INSERT INTO "times" VALUES ( 17993, 12800, '14:48:00', '14:51:00', 20 );
INSERT INTO "times" VALUES ( 17993, 12810, '14:46:00', '14:46:00', 20 );
INSERT INTO "times" VALUES ( 17993, 12820, '14:44:00', '14:44:00', 20 );
INSERT INTO "times" VALUES ( 17993, 12830, '14:43:00', '14:43:00', 20 );
INSERT INTO "times" VALUES ( 17993, 12840, '14:41:00', '14:41:00', 20 );
INSERT INTO "times" VALUES ( 17993, 12850, '14:39:00', '14:39:00', 20 );
INSERT INTO "times" VALUES ( 17993, 12860, '14:38:00', '14:38:00', 20 );
INSERT INTO "times" VALUES ( 17993, 12870, '14:36:00', '14:36:00', 20 );
INSERT INTO "times" VALUES ( 17993, 12880, '14:34:00', '14:34:00', 20 );
INSERT INTO "times" VALUES ( 17993, 12890, '14:32:00', '14:32:00', 20 );
INSERT INTO "times" VALUES ( 17993, 12900, '14:27:00', '14:31:00', 20 );
INSERT INTO "times" VALUES ( 17993, 13510, '14:25:00', '14:25:00', 30 );
INSERT INTO "times" VALUES ( 17993, 13520, NULL, '14:23:00', 30 );

INSERT INTO "dias" VALUES ( 17994, 100, FALSE, TRUE, 'Q1404Z', 11510, 13520 );
INSERT INTO "dias_line_groups" VALUES ( 17994, 10 );
INSERT INTO "times" VALUES ( 17994, 11510, NULL, '14:44:00', 10 );
INSERT INTO "times" VALUES ( 17994, 11520, '14:45:00', '14:45:00', 10 );
INSERT INTO "times" VALUES ( 17994, 11530, '14:47:00', '14:47:00', 10 );
INSERT INTO "times" VALUES ( 17994, 11540, '14:49:00', '14:49:00', 10 );
INSERT INTO "times" VALUES ( 17994, 12530, '14:51:00', '14:52:00', 20 );
INSERT INTO "times" VALUES ( 17994, 12540, '14:54:00', '15:01:00', 20 );
INSERT INTO "times" VALUES ( 17994, 12550, '15:03:00', '15:03:00', 20 );
INSERT INTO "times" VALUES ( 17994, 12560, '15:05:00', '15:05:00', 20 );
INSERT INTO "times" VALUES ( 17994, 12570, '15:06:00', '15:06:00', 20 );
INSERT INTO "times" VALUES ( 17994, 12580, '15:08:00', '15:08:00', 20 );
INSERT INTO "times" VALUES ( 17994, 12590, '15:09:00', '15:09:00', 20 );
INSERT INTO "times" VALUES ( 17994, 12600, '15:10:00', '15:10:00', 20 );
INSERT INTO "times" VALUES ( 17994, 12610, '15:12:00', '15:15:00', 20 );
INSERT INTO "times" VALUES ( 17994, 12620, '15:17:00', '15:17:00', 20 );
INSERT INTO "times" VALUES ( 17994, 12630, '15:18:00', '15:18:00', 20 );
INSERT INTO "times" VALUES ( 17994, 12640, '15:20:00', '15:20:00', 20 );
INSERT INTO "times" VALUES ( 17994, 12650, '15:22:00', '15:22:00', 20 );
INSERT INTO "times" VALUES ( 17994, 12660, '15:24:00', '15:26:00', 20 );
INSERT INTO "times" VALUES ( 17994, 12670, '15:29:00', '15:29:00', 20 );
INSERT INTO "times" VALUES ( 17994, 12680, '15:31:00', '15:32:00', 20 );
INSERT INTO "times" VALUES ( 17994, 12690, '15:34:00', '15:34:00', 20 );
INSERT INTO "times" VALUES ( 17994, 12700, '15:36:00', '15:36:00', 20 );
INSERT INTO "times" VALUES ( 17994, 12710, '15:38:00', '15:44:00', 20 );
INSERT INTO "times" VALUES ( 17994, 12720, '15:46:00', '15:46:00', 20 );
INSERT INTO "times" VALUES ( 17994, 12730, '15:48:00', '15:48:00', 20 );
INSERT INTO "times" VALUES ( 17994, 12740, '15:51:00', '15:52:00', 20 );
INSERT INTO "times" VALUES ( 17994, 12750, '15:55:00', '15:55:00', 20 );
INSERT INTO "times" VALUES ( 17994, 12760, '15:58:00', '15:58:00', 20 );
INSERT INTO "times" VALUES ( 17994, 12770, '16:02:00', '16:02:00', 20 );
INSERT INTO "times" VALUES ( 17994, 12780, '16:06:00', '16:06:00', 20 );
INSERT INTO "times" VALUES ( 17994, 12790, '16:07:00', '16:07:00', 20 );
INSERT INTO "times" VALUES ( 17994, 12800, '16:09:00', '16:13:00', 20 );
INSERT INTO "times" VALUES ( 17994, 12810, '16:15:00', '16:15:00', 20 );
INSERT INTO "times" VALUES ( 17994, 12820, '16:16:00', '16:16:00', 20 );
INSERT INTO "times" VALUES ( 17994, 12830, '16:18:00', '16:18:00', 20 );
INSERT INTO "times" VALUES ( 17994, 12840, '16:19:00', '16:19:00', 20 );
INSERT INTO "times" VALUES ( 17994, 12850, '16:21:00', '16:21:00', 20 );
INSERT INTO "times" VALUES ( 17994, 12860, '16:22:00', '16:22:00', 20 );
INSERT INTO "times" VALUES ( 17994, 12870, '16:24:00', '16:24:00', 20 );
INSERT INTO "times" VALUES ( 17994, 12880, '16:26:00', '16:26:00', 20 );
INSERT INTO "times" VALUES ( 17994, 12890, '16:28:00', '16:28:00', 20 );
INSERT INTO "times" VALUES ( 17994, 12900, '16:29:00', '16:33:00', 20 );
INSERT INTO "times" VALUES ( 17994, 13510, '16:34:00', '16:34:00', 30 );
INSERT INTO "times" VALUES ( 17994, 13520, '16:37:00', NULL, NULL );

INSERT INTO "dias" VALUES ( 17995, 100, FALSE, TRUE, 'Q1405B', 13520, 11510 );
INSERT INTO "dias_line_groups" VALUES ( 17995, 10 );
INSERT INTO "times" VALUES ( 17995, 11510, '16:27:00', NULL, NULL );
INSERT INTO "times" VALUES ( 17995, 11520, '16:24:00', '16:24:00', 10 );
INSERT INTO "times" VALUES ( 17995, 11530, '16:23:00', '16:23:00', 10 );
INSERT INTO "times" VALUES ( 17995, 11540, '16:21:00', '16:21:00', 10 );
INSERT INTO "times" VALUES ( 17995, 12530, '16:18:00', '16:20:00', 10 );
INSERT INTO "times" VALUES ( 17995, 12540, '16:10:00', '16:16:00', 20 );
INSERT INTO "times" VALUES ( 17995, 12550, '16:08:00', '16:08:00', 20 );
INSERT INTO "times" VALUES ( 17995, 12560, '16:06:00', '16:06:00', 20 );
INSERT INTO "times" VALUES ( 17995, 12570, '16:04:00', '16:04:00', 20 );
INSERT INTO "times" VALUES ( 17995, 12580, '16:03:00', '16:03:00', 20 );
INSERT INTO "times" VALUES ( 17995, 12590, '16:02:00', '16:02:00', 20 );
INSERT INTO "times" VALUES ( 17995, 12600, '16:00:00', '16:00:00', 20 );
INSERT INTO "times" VALUES ( 17995, 12610, '15:56:00', '15:59:00', 20 );
INSERT INTO "times" VALUES ( 17995, 12620, '15:54:00', '15:54:00', 20 );
INSERT INTO "times" VALUES ( 17995, 12630, '15:52:00', '15:52:00', 20 );
INSERT INTO "times" VALUES ( 17995, 12640, '15:51:00', '15:51:00', 20 );
INSERT INTO "times" VALUES ( 17995, 12650, '15:49:00', '15:49:00', 20 );
INSERT INTO "times" VALUES ( 17995, 12660, '15:45:00', '15:47:00', 20 );
INSERT INTO "times" VALUES ( 17995, 12670, '15:42:00', '15:42:00', 20 );
INSERT INTO "times" VALUES ( 17995, 12680, '15:39:00', '15:40:00', 20 );
INSERT INTO "times" VALUES ( 17995, 12690, '15:37:00', '15:37:00', 20 );
INSERT INTO "times" VALUES ( 17995, 12700, '15:34:00', '15:34:00', 20 );
INSERT INTO "times" VALUES ( 17995, 12710, '15:27:00', '15:32:00', 20 );
INSERT INTO "times" VALUES ( 17995, 12720, '15:24:00', '15:24:00', 20 );
INSERT INTO "times" VALUES ( 17995, 12730, '15:22:00', '15:22:00', 20 );
INSERT INTO "times" VALUES ( 17995, 12740, '15:20:00', '15:20:00', 20 );
INSERT INTO "times" VALUES ( 17995, 12750, '15:16:00', '15:16:00', 20 );
INSERT INTO "times" VALUES ( 17995, 12760, '15:14:00', '15:14:00', 20 );
INSERT INTO "times" VALUES ( 17995, 12770, '15:10:00', '15:10:00', 20 );
INSERT INTO "times" VALUES ( 17995, 12780, '15:05:00', '15:05:00', 20 );
INSERT INTO "times" VALUES ( 17995, 12790, '15:03:00', '15:03:00', 20 );
INSERT INTO "times" VALUES ( 17995, 12800, '14:58:00', '15:01:00', 20 );
INSERT INTO "times" VALUES ( 17995, 12810, '14:56:00', '14:56:00', 20 );
INSERT INTO "times" VALUES ( 17995, 12820, '14:54:00', '14:54:00', 20 );
INSERT INTO "times" VALUES ( 17995, 12830, '14:53:00', '14:53:00', 20 );
INSERT INTO "times" VALUES ( 17995, 12840, '14:51:00', '14:51:00', 20 );
INSERT INTO "times" VALUES ( 17995, 12850, '14:49:00', '14:49:00', 20 );
INSERT INTO "times" VALUES ( 17995, 12860, '14:48:00', '14:48:00', 20 );
INSERT INTO "times" VALUES ( 17995, 12870, '14:46:00', '14:46:00', 20 );
INSERT INTO "times" VALUES ( 17995, 12880, '14:44:00', '14:44:00', 20 );
INSERT INTO "times" VALUES ( 17995, 12890, '14:42:00', '14:42:00', 20 );
INSERT INTO "times" VALUES ( 17995, 12900, '14:37:00', '14:41:00', 20 );
INSERT INTO "times" VALUES ( 17995, 13510, '14:35:00', '14:35:00', 30 );
INSERT INTO "times" VALUES ( 17995, 13520, NULL, '14:33:00', 30 );

INSERT INTO "dias" VALUES ( 17996, 100, FALSE, TRUE, 'Q1406Z', 11510, 13520 );
INSERT INTO "dias_line_groups" VALUES ( 17996, 10 );
INSERT INTO "times" VALUES ( 17996, 11510, NULL, '14:54:00', 10 );
INSERT INTO "times" VALUES ( 17996, 11520, '14:55:00', '14:55:00', 10 );
INSERT INTO "times" VALUES ( 17996, 11530, '14:57:00', '14:57:00', 10 );
INSERT INTO "times" VALUES ( 17996, 11540, '14:59:00', '14:59:00', 10 );
INSERT INTO "times" VALUES ( 17996, 12530, '15:01:00', '15:02:00', 20 );
INSERT INTO "times" VALUES ( 17996, 12540, '15:04:00', '15:11:00', 20 );
INSERT INTO "times" VALUES ( 17996, 12550, '15:13:00', '15:13:00', 20 );
INSERT INTO "times" VALUES ( 17996, 12560, '15:15:00', '15:15:00', 20 );
INSERT INTO "times" VALUES ( 17996, 12570, '15:16:00', '15:16:00', 20 );
INSERT INTO "times" VALUES ( 17996, 12580, '15:18:00', '15:18:00', 20 );
INSERT INTO "times" VALUES ( 17996, 12590, '15:19:00', '15:19:00', 20 );
INSERT INTO "times" VALUES ( 17996, 12600, '15:20:00', '15:20:00', 20 );
INSERT INTO "times" VALUES ( 17996, 12610, '15:22:00', '15:25:00', 20 );
INSERT INTO "times" VALUES ( 17996, 12620, '15:27:00', '15:27:00', 20 );
INSERT INTO "times" VALUES ( 17996, 12630, '15:28:00', '15:28:00', 20 );
INSERT INTO "times" VALUES ( 17996, 12640, '15:30:00', '15:30:00', 20 );
INSERT INTO "times" VALUES ( 17996, 12650, '15:32:00', '15:32:00', 20 );
INSERT INTO "times" VALUES ( 17996, 12660, '15:34:00', '15:35:00', 20 );
INSERT INTO "times" VALUES ( 17996, 12670, '15:38:00', '15:38:00', 20 );
INSERT INTO "times" VALUES ( 17996, 12680, '15:42:00', '15:48:00', 20 );
INSERT INTO "times" VALUES ( 17996, 12690, '15:50:00', '15:50:00', 20 );
INSERT INTO "times" VALUES ( 17996, 12700, '15:52:00', '15:52:00', 20 );
INSERT INTO "times" VALUES ( 17996, 12710, '15:55:00', '15:55:00', 20 );
INSERT INTO "times" VALUES ( 17996, 12720, '15:56:00', '15:56:00', 20 );
INSERT INTO "times" VALUES ( 17996, 12730, '15:59:00', '15:59:00', 20 );
INSERT INTO "times" VALUES ( 17996, 12740, '16:02:00', '16:02:00', 20 );
INSERT INTO "times" VALUES ( 17996, 12750, '16:05:00', '16:05:00', 20 );
INSERT INTO "times" VALUES ( 17996, 12760, '16:08:00', '16:08:00', 20 );
INSERT INTO "times" VALUES ( 17996, 12770, '16:12:00', '16:12:00', 20 );
INSERT INTO "times" VALUES ( 17996, 12780, '16:16:00', '16:16:00', 20 );
INSERT INTO "times" VALUES ( 17996, 12790, '16:17:00', '16:17:00', 20 );
INSERT INTO "times" VALUES ( 17996, 12800, '16:19:00', '16:23:00', 20 );
INSERT INTO "times" VALUES ( 17996, 12810, '16:25:00', '16:25:00', 20 );
INSERT INTO "times" VALUES ( 17996, 12820, '16:26:00', '16:26:00', 20 );
INSERT INTO "times" VALUES ( 17996, 12830, '16:28:00', '16:28:00', 20 );
INSERT INTO "times" VALUES ( 17996, 12840, '16:29:00', '16:29:00', 20 );
INSERT INTO "times" VALUES ( 17996, 12850, '16:31:00', '16:31:00', 20 );
INSERT INTO "times" VALUES ( 17996, 12860, '16:32:00', '16:32:00', 20 );
INSERT INTO "times" VALUES ( 17996, 12870, '16:34:00', '16:34:00', 20 );
INSERT INTO "times" VALUES ( 17996, 12880, '16:36:00', '16:36:00', 20 );
INSERT INTO "times" VALUES ( 17996, 12890, '16:38:00', '16:38:00', 20 );
INSERT INTO "times" VALUES ( 17996, 12900, '16:39:00', '16:44:00', 20 );
INSERT INTO "times" VALUES ( 17996, 13510, '16:46:00', '16:46:00', 30 );
INSERT INTO "times" VALUES ( 17996, 13520, '16:49:00', NULL, NULL );

INSERT INTO "dias" VALUES ( 17997, 100, FALSE, TRUE, 'Q1407B', 13520, 11510 );
INSERT INTO "dias_line_groups" VALUES ( 17997, 10 );
INSERT INTO "times" VALUES ( 17997, 11510, '16:48:00', NULL, NULL );
INSERT INTO "times" VALUES ( 17997, 11520, '16:45:00', '16:45:00', 10 );
INSERT INTO "times" VALUES ( 17997, 11530, '16:44:00', '16:44:00', 10 );
INSERT INTO "times" VALUES ( 17997, 11540, '16:42:00', '16:42:00', 10 );
INSERT INTO "times" VALUES ( 17997, 12530, '16:41:00', '16:41:00', 10 );
INSERT INTO "times" VALUES ( 17997, 12540, '16:31:00', '16:38:00', 20 );
INSERT INTO "times" VALUES ( 17997, 12550, '16:28:00', '16:28:00', 20 );
INSERT INTO "times" VALUES ( 17997, 12560, '16:26:00', '16:26:00', 20 );
INSERT INTO "times" VALUES ( 17997, 12570, '16:25:00', '16:25:00', 20 );
INSERT INTO "times" VALUES ( 17997, 12580, '16:23:00', '16:23:00', 20 );
INSERT INTO "times" VALUES ( 17997, 12590, '16:22:00', '16:22:00', 20 );
INSERT INTO "times" VALUES ( 17997, 12600, '16:21:00', '16:21:00', 20 );
INSERT INTO "times" VALUES ( 17997, 12610, '16:15:00', '16:20:00', 20 );
INSERT INTO "times" VALUES ( 17997, 12620, '16:13:00', '16:13:00', 20 );
INSERT INTO "times" VALUES ( 17997, 12630, '16:11:00', '16:11:00', 20 );
INSERT INTO "times" VALUES ( 17997, 12640, '16:10:00', '16:10:00', 20 );
INSERT INTO "times" VALUES ( 17997, 12650, '16:08:00', '16:08:00', 20 );
INSERT INTO "times" VALUES ( 17997, 12660, '16:05:00', '16:06:00', 20 );
INSERT INTO "times" VALUES ( 17997, 12670, '16:02:00', '16:02:00', 20 );
INSERT INTO "times" VALUES ( 17997, 12680, '15:54:00', '15:59:00', 20 );
INSERT INTO "times" VALUES ( 17997, 12690, '15:51:00', '15:51:00', 20 );
INSERT INTO "times" VALUES ( 17997, 12700, '15:49:00', '15:49:00', 20 );
INSERT INTO "times" VALUES ( 17997, 12710, '15:47:00', '15:47:00', 20 );
INSERT INTO "times" VALUES ( 17997, 12720, '15:44:00', '15:44:00', 20 );
INSERT INTO "times" VALUES ( 17997, 12730, '15:42:00', '15:42:00', 20 );
INSERT INTO "times" VALUES ( 17997, 12740, '15:40:00', '15:40:00', 20 );
INSERT INTO "times" VALUES ( 17997, 12750, '15:36:00', '15:36:00', 20 );
INSERT INTO "times" VALUES ( 17997, 12760, '15:34:00', '15:34:00', 20 );
INSERT INTO "times" VALUES ( 17997, 12770, '15:30:00', '15:30:00', 20 );
INSERT INTO "times" VALUES ( 17997, 12780, '15:25:00', '15:25:00', 20 );
INSERT INTO "times" VALUES ( 17997, 12790, '15:23:00', '15:23:00', 20 );
INSERT INTO "times" VALUES ( 17997, 12800, '15:18:00', '15:21:00', 20 );
INSERT INTO "times" VALUES ( 17997, 12810, '15:16:00', '15:16:00', 20 );
INSERT INTO "times" VALUES ( 17997, 12820, '15:14:00', '15:14:00', 20 );
INSERT INTO "times" VALUES ( 17997, 12830, '15:13:00', '15:13:00', 20 );
INSERT INTO "times" VALUES ( 17997, 12840, '15:11:00', '15:11:00', 20 );
INSERT INTO "times" VALUES ( 17997, 12850, '15:09:00', '15:09:00', 20 );
INSERT INTO "times" VALUES ( 17997, 12860, '15:08:00', '15:08:00', 20 );
INSERT INTO "times" VALUES ( 17997, 12870, '15:06:00', '15:06:00', 20 );
INSERT INTO "times" VALUES ( 17997, 12880, '15:04:00', '15:04:00', 20 );
INSERT INTO "times" VALUES ( 17997, 12890, '15:02:00', '15:02:00', 20 );
INSERT INTO "times" VALUES ( 17997, 12900, '14:57:00', '15:01:00', 20 );
INSERT INTO "times" VALUES ( 17997, 13510, '14:55:00', '14:55:00', 30 );
INSERT INTO "times" VALUES ( 17997, 13520, NULL, '14:53:00', 30 );

INSERT INTO "dias" VALUES ( 17998, 100, FALSE, TRUE, 'Q1500Z', 11510, 13520 );
INSERT INTO "dias_line_groups" VALUES ( 17998, 10 );
INSERT INTO "times" VALUES ( 17998, 11510, NULL, '15:24:00', 10 );
INSERT INTO "times" VALUES ( 17998, 11520, '15:25:00', '15:25:00', 10 );
INSERT INTO "times" VALUES ( 17998, 11530, '15:27:00', '15:27:00', 10 );
INSERT INTO "times" VALUES ( 17998, 11540, '15:29:00', '15:29:00', 10 );
INSERT INTO "times" VALUES ( 17998, 12530, '15:31:00', '15:32:00', 20 );
INSERT INTO "times" VALUES ( 17998, 12540, '15:34:00', '15:41:00', 20 );
INSERT INTO "times" VALUES ( 17998, 12550, '15:43:00', '15:43:00', 20 );
INSERT INTO "times" VALUES ( 17998, 12560, '15:45:00', '15:45:00', 20 );
INSERT INTO "times" VALUES ( 17998, 12570, '15:46:00', '15:46:00', 20 );
INSERT INTO "times" VALUES ( 17998, 12580, '15:48:00', '15:48:00', 20 );
INSERT INTO "times" VALUES ( 17998, 12590, '15:49:00', '15:49:00', 20 );
INSERT INTO "times" VALUES ( 17998, 12600, '15:50:00', '15:50:00', 20 );
INSERT INTO "times" VALUES ( 17998, 12610, '15:52:00', '15:55:00', 20 );
INSERT INTO "times" VALUES ( 17998, 12620, '15:57:00', '15:57:00', 20 );
INSERT INTO "times" VALUES ( 17998, 12630, '15:58:00', '15:58:00', 20 );
INSERT INTO "times" VALUES ( 17998, 12640, '16:00:00', '16:00:00', 20 );
INSERT INTO "times" VALUES ( 17998, 12650, '16:02:00', '16:02:00', 20 );
INSERT INTO "times" VALUES ( 17998, 12660, '16:04:00', '16:05:00', 20 );
INSERT INTO "times" VALUES ( 17998, 12670, '16:08:00', '16:08:00', 20 );
INSERT INTO "times" VALUES ( 17998, 12680, '16:11:00', '16:18:00', 20 );
INSERT INTO "times" VALUES ( 17998, 12690, '16:20:00', '16:20:00', 20 );
INSERT INTO "times" VALUES ( 17998, 12700, '16:22:00', '16:22:00', 20 );
INSERT INTO "times" VALUES ( 17998, 12710, '16:25:00', '16:25:00', 20 );
INSERT INTO "times" VALUES ( 17998, 12720, '16:26:00', '16:26:00', 20 );
INSERT INTO "times" VALUES ( 17998, 12730, '16:29:00', '16:29:00', 20 );
INSERT INTO "times" VALUES ( 17998, 12740, '16:32:00', '16:32:00', 20 );
INSERT INTO "times" VALUES ( 17998, 12750, '16:35:00', '16:35:00', 20 );
INSERT INTO "times" VALUES ( 17998, 12760, '16:38:00', '16:38:00', 20 );
INSERT INTO "times" VALUES ( 17998, 12770, '16:42:00', '16:42:00', 20 );
INSERT INTO "times" VALUES ( 17998, 12780, '16:46:00', '16:46:00', 20 );
INSERT INTO "times" VALUES ( 17998, 12790, '16:47:00', '16:47:00', 20 );
INSERT INTO "times" VALUES ( 17998, 12800, '16:49:00', '16:53:00', 20 );
INSERT INTO "times" VALUES ( 17998, 12810, '16:55:00', '16:55:00', 20 );
INSERT INTO "times" VALUES ( 17998, 12820, '16:56:00', '16:56:00', 20 );
INSERT INTO "times" VALUES ( 17998, 12830, '16:58:00', '16:58:00', 20 );
INSERT INTO "times" VALUES ( 17998, 12840, '16:59:00', '16:59:00', 20 );
INSERT INTO "times" VALUES ( 17998, 12850, '17:01:00', '17:01:00', 20 );
INSERT INTO "times" VALUES ( 17998, 12860, '17:02:00', '17:02:00', 20 );
INSERT INTO "times" VALUES ( 17998, 12870, '17:04:00', '17:04:00', 20 );
INSERT INTO "times" VALUES ( 17998, 12880, '17:06:00', '17:06:00', 20 );
INSERT INTO "times" VALUES ( 17998, 12890, '17:08:00', '17:08:00', 20 );
INSERT INTO "times" VALUES ( 17998, 12900, '17:09:00', '17:14:00', 20 );
INSERT INTO "times" VALUES ( 17998, 13510, '17:16:00', '17:16:00', 30 );
INSERT INTO "times" VALUES ( 17998, 13520, '17:19:00', NULL, NULL );

INSERT INTO "dias" VALUES ( 17999, 100, FALSE, TRUE, 'Q1501B', 13520, 11510 );
INSERT INTO "dias_line_groups" VALUES ( 17999, 10 );
INSERT INTO "times" VALUES ( 17999, 11510, '16:57:00', NULL, NULL );
INSERT INTO "times" VALUES ( 17999, 11520, '16:54:00', '16:54:00', 10 );
INSERT INTO "times" VALUES ( 17999, 11530, '16:53:00', '16:53:00', 10 );
INSERT INTO "times" VALUES ( 17999, 11540, '16:51:00', '16:51:00', 10 );
INSERT INTO "times" VALUES ( 17999, 12530, '16:50:00', '16:50:00', 10 );
INSERT INTO "times" VALUES ( 17999, 12540, '16:41:00', '16:47:00', 20 );
INSERT INTO "times" VALUES ( 17999, 12550, '16:39:00', '16:39:00', 20 );
INSERT INTO "times" VALUES ( 17999, 12560, '16:37:00', '16:37:00', 20 );
INSERT INTO "times" VALUES ( 17999, 12570, '16:35:00', '16:35:00', 20 );
INSERT INTO "times" VALUES ( 17999, 12580, '16:34:00', '16:34:00', 20 );
INSERT INTO "times" VALUES ( 17999, 12590, '16:33:00', '16:33:00', 20 );
INSERT INTO "times" VALUES ( 17999, 12600, '16:31:00', '16:31:00', 20 );
INSERT INTO "times" VALUES ( 17999, 12610, '16:26:00', '16:30:00', 20 );
INSERT INTO "times" VALUES ( 17999, 12620, '16:24:00', '16:24:00', 20 );
INSERT INTO "times" VALUES ( 17999, 12630, '16:22:00', '16:22:00', 20 );
INSERT INTO "times" VALUES ( 17999, 12640, '16:21:00', '16:21:00', 20 );
INSERT INTO "times" VALUES ( 17999, 12650, '16:19:00', '16:19:00', 20 );
INSERT INTO "times" VALUES ( 17999, 12660, '16:15:00', '16:17:00', 20 );
INSERT INTO "times" VALUES ( 17999, 12670, '16:12:00', '16:12:00', 20 );
INSERT INTO "times" VALUES ( 17999, 12680, '16:08:00', '16:09:00', 20 );
INSERT INTO "times" VALUES ( 17999, 12690, '16:06:00', '16:06:00', 20 );
INSERT INTO "times" VALUES ( 17999, 12700, '16:04:00', '16:04:00', 20 );
INSERT INTO "times" VALUES ( 17999, 12710, '15:57:00', '16:02:00', 20 );
INSERT INTO "times" VALUES ( 17999, 12720, '15:54:00', '15:54:00', 20 );
INSERT INTO "times" VALUES ( 17999, 12730, '15:52:00', '15:52:00', 20 );
INSERT INTO "times" VALUES ( 17999, 12740, '15:50:00', '15:50:00', 20 );
INSERT INTO "times" VALUES ( 17999, 12750, '15:46:00', '15:46:00', 20 );
INSERT INTO "times" VALUES ( 17999, 12760, '15:44:00', '15:44:00', 20 );
INSERT INTO "times" VALUES ( 17999, 12770, '15:40:00', '15:40:00', 20 );
INSERT INTO "times" VALUES ( 17999, 12780, '15:35:00', '15:35:00', 20 );
INSERT INTO "times" VALUES ( 17999, 12790, '15:33:00', '15:33:00', 20 );
INSERT INTO "times" VALUES ( 17999, 12800, '15:28:00', '15:31:00', 20 );
INSERT INTO "times" VALUES ( 17999, 12810, '15:26:00', '15:26:00', 20 );
INSERT INTO "times" VALUES ( 17999, 12820, '15:24:00', '15:24:00', 20 );
INSERT INTO "times" VALUES ( 17999, 12830, '15:23:00', '15:23:00', 20 );
INSERT INTO "times" VALUES ( 17999, 12840, '15:21:00', '15:21:00', 20 );
INSERT INTO "times" VALUES ( 17999, 12850, '15:19:00', '15:19:00', 20 );
INSERT INTO "times" VALUES ( 17999, 12860, '15:18:00', '15:18:00', 20 );
INSERT INTO "times" VALUES ( 17999, 12870, '15:16:00', '15:16:00', 20 );
INSERT INTO "times" VALUES ( 17999, 12880, '15:14:00', '15:14:00', 20 );
INSERT INTO "times" VALUES ( 17999, 12890, '15:12:00', '15:12:00', 20 );
INSERT INTO "times" VALUES ( 17999, 12900, '15:07:00', '15:11:00', 20 );
INSERT INTO "times" VALUES ( 17999, 13510, '15:05:00', '15:05:00', 30 );
INSERT INTO "times" VALUES ( 17999, 13520, NULL, '15:03:00', 30 );

INSERT INTO "dias" VALUES ( 18000, 100, FALSE, TRUE, 'Q1502Z', 11510, 13520 );
INSERT INTO "dias_line_groups" VALUES ( 18000, 10 );
INSERT INTO "times" VALUES ( 18000, 11510, NULL, '15:54:00', 10 );
INSERT INTO "times" VALUES ( 18000, 11520, '15:55:00', '15:55:00', 10 );
INSERT INTO "times" VALUES ( 18000, 11530, '15:57:00', '15:57:00', 10 );
INSERT INTO "times" VALUES ( 18000, 11540, '15:59:00', '15:59:00', 10 );
INSERT INTO "times" VALUES ( 18000, 12530, '16:01:00', '16:02:00', 20 );
INSERT INTO "times" VALUES ( 18000, 12540, '16:04:00', '16:11:00', 20 );
INSERT INTO "times" VALUES ( 18000, 12550, '16:13:00', '16:13:00', 20 );
INSERT INTO "times" VALUES ( 18000, 12560, '16:15:00', '16:15:00', 20 );
INSERT INTO "times" VALUES ( 18000, 12570, '16:16:00', '16:16:00', 20 );
INSERT INTO "times" VALUES ( 18000, 12580, '16:18:00', '16:18:00', 20 );
INSERT INTO "times" VALUES ( 18000, 12590, '16:19:00', '16:19:00', 20 );
INSERT INTO "times" VALUES ( 18000, 12600, '16:20:00', '16:20:00', 20 );
INSERT INTO "times" VALUES ( 18000, 12610, '16:22:00', '16:25:00', 20 );
INSERT INTO "times" VALUES ( 18000, 12620, '16:27:00', '16:27:00', 20 );
INSERT INTO "times" VALUES ( 18000, 12630, '16:28:00', '16:28:00', 20 );
INSERT INTO "times" VALUES ( 18000, 12640, '16:30:00', '16:30:00', 20 );
INSERT INTO "times" VALUES ( 18000, 12650, '16:32:00', '16:32:00', 20 );
INSERT INTO "times" VALUES ( 18000, 12660, '16:34:00', '16:35:00', 20 );
INSERT INTO "times" VALUES ( 18000, 12670, '16:38:00', '16:38:00', 20 );
INSERT INTO "times" VALUES ( 18000, 12680, '16:41:00', '16:48:00', 20 );
INSERT INTO "times" VALUES ( 18000, 12690, '16:50:00', '16:50:00', 20 );
INSERT INTO "times" VALUES ( 18000, 12700, '16:52:00', '16:52:00', 20 );
INSERT INTO "times" VALUES ( 18000, 12710, '16:55:00', '16:55:00', 20 );
INSERT INTO "times" VALUES ( 18000, 12720, '16:56:00', '16:56:00', 20 );
INSERT INTO "times" VALUES ( 18000, 12730, '16:59:00', '16:59:00', 20 );
INSERT INTO "times" VALUES ( 18000, 12740, '17:02:00', '17:02:00', 20 );
INSERT INTO "times" VALUES ( 18000, 12750, '17:05:00', '17:05:00', 20 );
INSERT INTO "times" VALUES ( 18000, 12760, '17:08:00', '17:08:00', 20 );
INSERT INTO "times" VALUES ( 18000, 12770, '17:12:00', '17:12:00', 20 );
INSERT INTO "times" VALUES ( 18000, 12780, '17:16:00', '17:16:00', 20 );
INSERT INTO "times" VALUES ( 18000, 12790, '17:17:00', '17:17:00', 20 );
INSERT INTO "times" VALUES ( 18000, 12800, '17:19:00', '17:23:00', 20 );
INSERT INTO "times" VALUES ( 18000, 12810, '17:25:00', '17:25:00', 20 );
INSERT INTO "times" VALUES ( 18000, 12820, '17:26:00', '17:26:00', 20 );
INSERT INTO "times" VALUES ( 18000, 12830, '17:28:00', '17:28:00', 20 );
INSERT INTO "times" VALUES ( 18000, 12840, '17:29:00', '17:29:00', 20 );
INSERT INTO "times" VALUES ( 18000, 12850, '17:31:00', '17:31:00', 20 );
INSERT INTO "times" VALUES ( 18000, 12860, '17:32:00', '17:32:00', 20 );
INSERT INTO "times" VALUES ( 18000, 12870, '17:34:00', '17:34:00', 20 );
INSERT INTO "times" VALUES ( 18000, 12880, '17:36:00', '17:36:00', 20 );
INSERT INTO "times" VALUES ( 18000, 12890, '17:38:00', '17:38:00', 20 );
INSERT INTO "times" VALUES ( 18000, 12900, '17:39:00', '17:44:00', 20 );
INSERT INTO "times" VALUES ( 18000, 13510, '17:45:00', '17:45:00', 30 );
INSERT INTO "times" VALUES ( 18000, 13520, '17:48:00', NULL, NULL );

INSERT INTO "dias" VALUES ( 18001, 100, FALSE, TRUE, 'Q1503B', 13520, 11510 );
INSERT INTO "dias_line_groups" VALUES ( 18001, 10 );
INSERT INTO "times" VALUES ( 18001, 11510, '17:27:00', NULL, NULL );
INSERT INTO "times" VALUES ( 18001, 11520, '17:24:00', '17:24:00', 10 );
INSERT INTO "times" VALUES ( 18001, 11530, '17:23:00', '17:23:00', 10 );
INSERT INTO "times" VALUES ( 18001, 11540, '17:21:00', '17:21:00', 10 );
INSERT INTO "times" VALUES ( 18001, 12530, '17:20:00', '17:20:00', 10 );
INSERT INTO "times" VALUES ( 18001, 12540, '17:10:00', '17:17:00', 20 );
INSERT INTO "times" VALUES ( 18001, 12550, '17:08:00', '17:08:00', 20 );
INSERT INTO "times" VALUES ( 18001, 12560, '17:06:00', '17:06:00', 20 );
INSERT INTO "times" VALUES ( 18001, 12570, '17:04:00', '17:04:00', 20 );
INSERT INTO "times" VALUES ( 18001, 12580, '17:03:00', '17:03:00', 20 );
INSERT INTO "times" VALUES ( 18001, 12590, '17:02:00', '17:02:00', 20 );
INSERT INTO "times" VALUES ( 18001, 12600, '17:00:00', '17:00:00', 20 );
INSERT INTO "times" VALUES ( 18001, 12610, '16:55:00', '16:59:00', 20 );
INSERT INTO "times" VALUES ( 18001, 12620, '16:53:00', '16:53:00', 20 );
INSERT INTO "times" VALUES ( 18001, 12630, '16:51:00', '16:51:00', 20 );
INSERT INTO "times" VALUES ( 18001, 12640, '16:49:00', '16:49:00', 20 );
INSERT INTO "times" VALUES ( 18001, 12650, '16:48:00', '16:48:00', 20 );
INSERT INTO "times" VALUES ( 18001, 12660, '16:44:00', '16:46:00', 20 );
INSERT INTO "times" VALUES ( 18001, 12670, '16:42:00', '16:42:00', 20 );
INSERT INTO "times" VALUES ( 18001, 12680, '16:39:00', '16:39:00', 20 );
INSERT INTO "times" VALUES ( 18001, 12690, '16:36:00', '16:36:00', 20 );
INSERT INTO "times" VALUES ( 18001, 12700, '16:34:00', '16:34:00', 20 );
INSERT INTO "times" VALUES ( 18001, 12710, '16:29:00', '16:32:00', 20 );
INSERT INTO "times" VALUES ( 18001, 12720, '16:26:00', '16:26:00', 20 );
INSERT INTO "times" VALUES ( 18001, 12730, '16:24:00', '16:24:00', 20 );
INSERT INTO "times" VALUES ( 18001, 12740, '16:21:00', '16:21:00', 20 );
INSERT INTO "times" VALUES ( 18001, 12750, '16:18:00', '16:18:00', 20 );
INSERT INTO "times" VALUES ( 18001, 12760, '16:16:00', '16:16:00', 20 );
INSERT INTO "times" VALUES ( 18001, 12770, '16:12:00', '16:12:00', 20 );
INSERT INTO "times" VALUES ( 18001, 12780, '16:07:00', '16:07:00', 20 );
INSERT INTO "times" VALUES ( 18001, 12790, '16:05:00', '16:05:00', 20 );
INSERT INTO "times" VALUES ( 18001, 12800, '15:59:00', '16:03:00', 20 );
INSERT INTO "times" VALUES ( 18001, 12810, '15:57:00', '15:57:00', 20 );
INSERT INTO "times" VALUES ( 18001, 12820, '15:56:00', '15:56:00', 20 );
INSERT INTO "times" VALUES ( 18001, 12830, '15:52:00', '15:54:00', 20 );
INSERT INTO "times" VALUES ( 18001, 12840, '15:50:00', '15:50:00', 20 );
INSERT INTO "times" VALUES ( 18001, 12850, '15:48:00', '15:48:00', 20 );
INSERT INTO "times" VALUES ( 18001, 12860, '15:46:00', '15:46:00', 20 );
INSERT INTO "times" VALUES ( 18001, 12870, '15:45:00', '15:45:00', 20 );
INSERT INTO "times" VALUES ( 18001, 12880, '15:43:00', '15:43:00', 20 );
INSERT INTO "times" VALUES ( 18001, 12890, '15:41:00', '15:41:00', 20 );
INSERT INTO "times" VALUES ( 18001, 12900, '15:35:00', '15:40:00', 20 );
INSERT INTO "times" VALUES ( 18001, 13510, '15:33:00', '15:33:00', 30 );
INSERT INTO "times" VALUES ( 18001, 13520, NULL, '15:31:00', 30 );

INSERT INTO "dias" VALUES ( 18002, 100, FALSE, TRUE, 'Q1600Z', 11510, 13520 );
INSERT INTO "dias_line_groups" VALUES ( 18002, 10 );
INSERT INTO "times" VALUES ( 18002, 11510, NULL, '16:24:00', 10 );
INSERT INTO "times" VALUES ( 18002, 11520, '16:25:00', '16:25:00', 10 );
INSERT INTO "times" VALUES ( 18002, 11530, '16:27:00', '16:27:00', 10 );
INSERT INTO "times" VALUES ( 18002, 11540, '16:29:00', '16:29:00', 10 );
INSERT INTO "times" VALUES ( 18002, 12530, '16:31:00', '16:32:00', 20 );
INSERT INTO "times" VALUES ( 18002, 12540, '16:34:00', '16:41:00', 20 );
INSERT INTO "times" VALUES ( 18002, 12550, '16:43:00', '16:43:00', 20 );
INSERT INTO "times" VALUES ( 18002, 12560, '16:45:00', '16:45:00', 20 );
INSERT INTO "times" VALUES ( 18002, 12570, '16:46:00', '16:46:00', 20 );
INSERT INTO "times" VALUES ( 18002, 12580, '16:48:00', '16:48:00', 20 );
INSERT INTO "times" VALUES ( 18002, 12590, '16:49:00', '16:49:00', 20 );
INSERT INTO "times" VALUES ( 18002, 12600, '16:50:00', '16:50:00', 20 );
INSERT INTO "times" VALUES ( 18002, 12610, '16:52:00', '16:55:00', 20 );
INSERT INTO "times" VALUES ( 18002, 12620, '16:57:00', '16:57:00', 20 );
INSERT INTO "times" VALUES ( 18002, 12630, '16:58:00', '16:58:00', 20 );
INSERT INTO "times" VALUES ( 18002, 12640, '17:00:00', '17:00:00', 20 );
INSERT INTO "times" VALUES ( 18002, 12650, '17:02:00', '17:02:00', 20 );
INSERT INTO "times" VALUES ( 18002, 12660, '17:04:00', '17:05:00', 20 );
INSERT INTO "times" VALUES ( 18002, 12670, '17:08:00', '17:08:00', 20 );
INSERT INTO "times" VALUES ( 18002, 12680, '17:11:00', '17:18:00', 20 );
INSERT INTO "times" VALUES ( 18002, 12690, '17:20:00', '17:20:00', 20 );
INSERT INTO "times" VALUES ( 18002, 12700, '17:22:00', '17:22:00', 20 );
INSERT INTO "times" VALUES ( 18002, 12710, '17:25:00', '17:25:00', 20 );
INSERT INTO "times" VALUES ( 18002, 12720, '17:26:00', '17:26:00', 20 );
INSERT INTO "times" VALUES ( 18002, 12730, '17:29:00', '17:29:00', 20 );
INSERT INTO "times" VALUES ( 18002, 12740, '17:32:00', '17:32:00', 20 );
INSERT INTO "times" VALUES ( 18002, 12750, '17:35:00', '17:35:00', 20 );
INSERT INTO "times" VALUES ( 18002, 12760, '17:38:00', '17:38:00', 20 );
INSERT INTO "times" VALUES ( 18002, 12770, '17:42:00', '17:42:00', 20 );
INSERT INTO "times" VALUES ( 18002, 12780, '17:46:00', '17:46:00', 20 );
INSERT INTO "times" VALUES ( 18002, 12790, '17:47:00', '17:47:00', 20 );
INSERT INTO "times" VALUES ( 18002, 12800, '17:49:00', '17:53:00', 20 );
INSERT INTO "times" VALUES ( 18002, 12810, '17:55:00', '17:55:00', 20 );
INSERT INTO "times" VALUES ( 18002, 12820, '17:56:00', '17:56:00', 20 );
INSERT INTO "times" VALUES ( 18002, 12830, '17:58:00', '17:58:00', 20 );
INSERT INTO "times" VALUES ( 18002, 12840, '17:59:00', '17:59:00', 20 );
INSERT INTO "times" VALUES ( 18002, 12850, '18:01:00', '18:01:00', 20 );
INSERT INTO "times" VALUES ( 18002, 12860, '18:02:00', '18:02:00', 20 );
INSERT INTO "times" VALUES ( 18002, 12870, '18:04:00', '18:04:00', 20 );
INSERT INTO "times" VALUES ( 18002, 12880, '18:06:00', '18:06:00', 20 );
INSERT INTO "times" VALUES ( 18002, 12890, '18:08:00', '18:08:00', 20 );
INSERT INTO "times" VALUES ( 18002, 12900, '18:09:00', '18:13:00', 20 );
INSERT INTO "times" VALUES ( 18002, 13510, '18:15:00', '18:15:00', 30 );
INSERT INTO "times" VALUES ( 18002, 13520, '18:18:00', NULL, NULL );

INSERT INTO "dias" VALUES ( 18003, 100, FALSE, TRUE, 'Q1601B', 13520, 11510 );
INSERT INTO "dias_line_groups" VALUES ( 18003, 10 );
INSERT INTO "times" VALUES ( 18003, 11510, '17:57:00', NULL, NULL );
INSERT INTO "times" VALUES ( 18003, 11520, '17:55:00', '17:55:00', 10 );
INSERT INTO "times" VALUES ( 18003, 11530, '17:53:00', '17:53:00', 10 );
INSERT INTO "times" VALUES ( 18003, 11540, '17:52:00', '17:52:00', 10 );
INSERT INTO "times" VALUES ( 18003, 12530, '17:50:00', '17:50:00', 10 );
INSERT INTO "times" VALUES ( 18003, 12540, '17:41:00', '17:47:00', 20 );
INSERT INTO "times" VALUES ( 18003, 12550, '17:39:00', '17:39:00', 20 );
INSERT INTO "times" VALUES ( 18003, 12560, '17:37:00', '17:37:00', 20 );
INSERT INTO "times" VALUES ( 18003, 12570, '17:35:00', '17:35:00', 20 );
INSERT INTO "times" VALUES ( 18003, 12580, '17:34:00', '17:34:00', 20 );
INSERT INTO "times" VALUES ( 18003, 12590, '17:33:00', '17:33:00', 20 );
INSERT INTO "times" VALUES ( 18003, 12600, '17:31:00', '17:31:00', 20 );
INSERT INTO "times" VALUES ( 18003, 12610, '17:26:00', '17:30:00', 20 );
INSERT INTO "times" VALUES ( 18003, 12620, '17:24:00', '17:24:00', 20 );
INSERT INTO "times" VALUES ( 18003, 12630, '17:22:00', '17:22:00', 20 );
INSERT INTO "times" VALUES ( 18003, 12640, '17:21:00', '17:21:00', 20 );
INSERT INTO "times" VALUES ( 18003, 12650, '17:19:00', '17:19:00', 20 );
INSERT INTO "times" VALUES ( 18003, 12660, '17:15:00', '17:17:00', 20 );
INSERT INTO "times" VALUES ( 18003, 12670, '17:12:00', '17:12:00', 20 );
INSERT INTO "times" VALUES ( 18003, 12680, '17:09:00', '17:09:00', 20 );
INSERT INTO "times" VALUES ( 18003, 12690, '17:07:00', '17:07:00', 20 );
INSERT INTO "times" VALUES ( 18003, 12700, '17:04:00', '17:04:00', 20 );
INSERT INTO "times" VALUES ( 18003, 12710, '17:03:00', '17:03:00', 20 );
INSERT INTO "times" VALUES ( 18003, 12720, '17:00:00', '17:00:00', 20 );
INSERT INTO "times" VALUES ( 18003, 12730, '16:57:00', '16:57:00', 20 );
INSERT INTO "times" VALUES ( 18003, 12740, '16:51:00', '16:55:00', 20 );
INSERT INTO "times" VALUES ( 18003, 12750, '16:48:00', '16:48:00', 20 );
INSERT INTO "times" VALUES ( 18003, 12760, '16:46:00', '16:46:00', 20 );
INSERT INTO "times" VALUES ( 18003, 12770, '16:42:00', '16:42:00', 20 );
INSERT INTO "times" VALUES ( 18003, 12780, '16:37:00', '16:37:00', 20 );
INSERT INTO "times" VALUES ( 18003, 12790, '16:35:00', '16:35:00', 20 );
INSERT INTO "times" VALUES ( 18003, 12800, '16:29:00', '16:33:00', 20 );
INSERT INTO "times" VALUES ( 18003, 12810, '16:27:00', '16:27:00', 20 );
INSERT INTO "times" VALUES ( 18003, 12820, '16:26:00', '16:26:00', 20 );
INSERT INTO "times" VALUES ( 18003, 12830, '16:22:00', '16:24:00', 20 );
INSERT INTO "times" VALUES ( 18003, 12840, '16:20:00', '16:20:00', 20 );
INSERT INTO "times" VALUES ( 18003, 12850, '16:18:00', '16:18:00', 20 );
INSERT INTO "times" VALUES ( 18003, 12860, '16:16:00', '16:16:00', 20 );
INSERT INTO "times" VALUES ( 18003, 12870, '16:15:00', '16:15:00', 20 );
INSERT INTO "times" VALUES ( 18003, 12880, '16:13:00', '16:13:00', 20 );
INSERT INTO "times" VALUES ( 18003, 12890, '16:11:00', '16:11:00', 20 );
INSERT INTO "times" VALUES ( 18003, 12900, '16:05:00', '16:10:00', 20 );
INSERT INTO "times" VALUES ( 18003, 13510, '16:03:00', '16:03:00', 30 );
INSERT INTO "times" VALUES ( 18003, 13520, NULL, '16:01:00', 30 );

INSERT INTO "dias" VALUES ( 18004, 100, FALSE, TRUE, 'Q1602Z', 11510, 13520 );
INSERT INTO "dias_line_groups" VALUES ( 18004, 10 );
INSERT INTO "times" VALUES ( 18004, 11510, NULL, '16:54:00', 10 );
INSERT INTO "times" VALUES ( 18004, 11520, '16:55:00', '16:55:00', 10 );
INSERT INTO "times" VALUES ( 18004, 11530, '16:57:00', '16:57:00', 10 );
INSERT INTO "times" VALUES ( 18004, 11540, '16:59:00', '16:59:00', 10 );
INSERT INTO "times" VALUES ( 18004, 12530, '17:01:00', '17:02:00', 20 );
INSERT INTO "times" VALUES ( 18004, 12540, '17:04:00', '17:11:00', 20 );
INSERT INTO "times" VALUES ( 18004, 12550, '17:13:00', '17:13:00', 20 );
INSERT INTO "times" VALUES ( 18004, 12560, '17:15:00', '17:15:00', 20 );
INSERT INTO "times" VALUES ( 18004, 12570, '17:16:00', '17:16:00', 20 );
INSERT INTO "times" VALUES ( 18004, 12580, '17:18:00', '17:18:00', 20 );
INSERT INTO "times" VALUES ( 18004, 12590, '17:19:00', '17:19:00', 20 );
INSERT INTO "times" VALUES ( 18004, 12600, '17:20:00', '17:20:00', 20 );
INSERT INTO "times" VALUES ( 18004, 12610, '17:22:00', '17:25:00', 20 );
INSERT INTO "times" VALUES ( 18004, 12620, '17:27:00', '17:27:00', 20 );
INSERT INTO "times" VALUES ( 18004, 12630, '17:28:00', '17:28:00', 20 );
INSERT INTO "times" VALUES ( 18004, 12640, '17:30:00', '17:30:00', 20 );
INSERT INTO "times" VALUES ( 18004, 12650, '17:32:00', '17:32:00', 20 );
INSERT INTO "times" VALUES ( 18004, 12660, '17:34:00', '17:35:00', 20 );
INSERT INTO "times" VALUES ( 18004, 12670, '17:38:00', '17:38:00', 20 );
INSERT INTO "times" VALUES ( 18004, 12680, '17:41:00', '17:48:00', 20 );
INSERT INTO "times" VALUES ( 18004, 12690, '17:50:00', '17:50:00', 20 );
INSERT INTO "times" VALUES ( 18004, 12700, '17:52:00', '17:52:00', 20 );
INSERT INTO "times" VALUES ( 18004, 12710, '17:55:00', '17:55:00', 20 );
INSERT INTO "times" VALUES ( 18004, 12720, '17:56:00', '17:56:00', 20 );
INSERT INTO "times" VALUES ( 18004, 12730, '17:59:00', '17:59:00', 20 );
INSERT INTO "times" VALUES ( 18004, 12740, '18:02:00', '18:02:00', 20 );
INSERT INTO "times" VALUES ( 18004, 12750, '18:05:00', '18:05:00', 20 );
INSERT INTO "times" VALUES ( 18004, 12760, '18:08:00', '18:08:00', 20 );
INSERT INTO "times" VALUES ( 18004, 12770, '18:12:00', '18:12:00', 20 );
INSERT INTO "times" VALUES ( 18004, 12780, '18:16:00', '18:16:00', 20 );
INSERT INTO "times" VALUES ( 18004, 12790, '18:17:00', '18:17:00', 20 );
INSERT INTO "times" VALUES ( 18004, 12800, '18:19:00', '18:23:00', 20 );
INSERT INTO "times" VALUES ( 18004, 12810, '18:25:00', '18:25:00', 20 );
INSERT INTO "times" VALUES ( 18004, 12820, '18:26:00', '18:26:00', 20 );
INSERT INTO "times" VALUES ( 18004, 12830, '18:28:00', '18:28:00', 20 );
INSERT INTO "times" VALUES ( 18004, 12840, '18:29:00', '18:29:00', 20 );
INSERT INTO "times" VALUES ( 18004, 12850, '18:31:00', '18:31:00', 20 );
INSERT INTO "times" VALUES ( 18004, 12860, '18:32:00', '18:32:00', 20 );
INSERT INTO "times" VALUES ( 18004, 12870, '18:34:00', '18:34:00', 20 );
INSERT INTO "times" VALUES ( 18004, 12880, '18:36:00', '18:36:00', 20 );
INSERT INTO "times" VALUES ( 18004, 12890, '18:38:00', '18:38:00', 20 );
INSERT INTO "times" VALUES ( 18004, 12900, '18:39:00', '18:43:00', 20 );
INSERT INTO "times" VALUES ( 18004, 13510, '18:45:00', '18:45:00', 30 );
INSERT INTO "times" VALUES ( 18004, 13520, '18:48:00', NULL, NULL );

INSERT INTO "dias" VALUES ( 18005, 100, FALSE, TRUE, 'Q1603B', 13520, 11510 );
INSERT INTO "dias_line_groups" VALUES ( 18005, 10 );
INSERT INTO "times" VALUES ( 18005, 11510, '18:27:00', NULL, NULL );
INSERT INTO "times" VALUES ( 18005, 11520, '18:24:00', '18:24:00', 10 );
INSERT INTO "times" VALUES ( 18005, 11530, '18:23:00', '18:23:00', 10 );
INSERT INTO "times" VALUES ( 18005, 11540, '18:21:00', '18:21:00', 10 );
INSERT INTO "times" VALUES ( 18005, 12530, '18:20:00', '18:20:00', 10 );
INSERT INTO "times" VALUES ( 18005, 12540, '18:10:00', '18:17:00', 20 );
INSERT INTO "times" VALUES ( 18005, 12550, '18:08:00', '18:08:00', 20 );
INSERT INTO "times" VALUES ( 18005, 12560, '18:06:00', '18:06:00', 20 );
INSERT INTO "times" VALUES ( 18005, 12570, '18:04:00', '18:04:00', 20 );
INSERT INTO "times" VALUES ( 18005, 12580, '18:03:00', '18:03:00', 20 );
INSERT INTO "times" VALUES ( 18005, 12590, '18:02:00', '18:02:00', 20 );
INSERT INTO "times" VALUES ( 18005, 12600, '18:00:00', '18:00:00', 20 );
INSERT INTO "times" VALUES ( 18005, 12610, '17:56:00', '17:59:00', 20 );
INSERT INTO "times" VALUES ( 18005, 12620, '17:54:00', '17:54:00', 20 );
INSERT INTO "times" VALUES ( 18005, 12630, '17:52:00', '17:52:00', 20 );
INSERT INTO "times" VALUES ( 18005, 12640, '17:51:00', '17:51:00', 20 );
INSERT INTO "times" VALUES ( 18005, 12650, '17:49:00', '17:49:00', 20 );
INSERT INTO "times" VALUES ( 18005, 12660, '17:45:00', '17:47:00', 20 );
INSERT INTO "times" VALUES ( 18005, 12670, '17:42:00', '17:42:00', 20 );
INSERT INTO "times" VALUES ( 18005, 12680, '17:39:00', '17:39:00', 20 );
INSERT INTO "times" VALUES ( 18005, 12690, '17:36:00', '17:36:00', 20 );
INSERT INTO "times" VALUES ( 18005, 12700, '17:34:00', '17:34:00', 20 );
INSERT INTO "times" VALUES ( 18005, 12710, '17:29:00', '17:32:00', 20 );
INSERT INTO "times" VALUES ( 18005, 12720, '17:26:00', '17:26:00', 20 );
INSERT INTO "times" VALUES ( 18005, 12730, '17:24:00', '17:24:00', 20 );
INSERT INTO "times" VALUES ( 18005, 12740, '17:21:00', '17:21:00', 20 );
INSERT INTO "times" VALUES ( 18005, 12750, '17:18:00', '17:18:00', 20 );
INSERT INTO "times" VALUES ( 18005, 12760, '17:16:00', '17:16:00', 20 );
INSERT INTO "times" VALUES ( 18005, 12770, '17:12:00', '17:12:00', 20 );
INSERT INTO "times" VALUES ( 18005, 12780, '17:07:00', '17:07:00', 20 );
INSERT INTO "times" VALUES ( 18005, 12790, '17:05:00', '17:05:00', 20 );
INSERT INTO "times" VALUES ( 18005, 12800, '16:59:00', '17:03:00', 20 );
INSERT INTO "times" VALUES ( 18005, 12810, '16:57:00', '16:57:00', 20 );
INSERT INTO "times" VALUES ( 18005, 12820, '16:56:00', '16:56:00', 20 );
INSERT INTO "times" VALUES ( 18005, 12830, '16:52:00', '16:54:00', 20 );
INSERT INTO "times" VALUES ( 18005, 12840, '16:50:00', '16:50:00', 20 );
INSERT INTO "times" VALUES ( 18005, 12850, '16:48:00', '16:48:00', 20 );
INSERT INTO "times" VALUES ( 18005, 12860, '16:46:00', '16:46:00', 20 );
INSERT INTO "times" VALUES ( 18005, 12870, '16:45:00', '16:45:00', 20 );
INSERT INTO "times" VALUES ( 18005, 12880, '16:43:00', '16:43:00', 20 );
INSERT INTO "times" VALUES ( 18005, 12890, '16:41:00', '16:41:00', 20 );
INSERT INTO "times" VALUES ( 18005, 12900, '16:35:00', '16:40:00', 20 );
INSERT INTO "times" VALUES ( 18005, 13510, '16:33:00', '16:33:00', 30 );
INSERT INTO "times" VALUES ( 18005, 13520, NULL, '16:31:00', 30 );

INSERT INTO "dias" VALUES ( 18006, 100, FALSE, TRUE, 'Q1605B', 13520, 11510 );
INSERT INTO "dias_line_groups" VALUES ( 18006, 10 );
INSERT INTO "times" VALUES ( 18006, 11510, '18:47:00', NULL, NULL );
INSERT INTO "times" VALUES ( 18006, 11520, '18:45:00', '18:45:00', 10 );
INSERT INTO "times" VALUES ( 18006, 11530, '18:43:00', '18:43:00', 10 );
INSERT INTO "times" VALUES ( 18006, 11540, '18:42:00', '18:42:00', 10 );
INSERT INTO "times" VALUES ( 18006, 12530, '18:40:00', '18:40:00', 10 );
INSERT INTO "times" VALUES ( 18006, 12540, '18:31:00', '18:37:00', 20 );
INSERT INTO "times" VALUES ( 18006, 12550, '18:29:00', '18:29:00', 20 );
INSERT INTO "times" VALUES ( 18006, 12560, '18:27:00', '18:27:00', 20 );
INSERT INTO "times" VALUES ( 18006, 12570, '18:25:00', '18:25:00', 20 );
INSERT INTO "times" VALUES ( 18006, 12580, '18:24:00', '18:24:00', 20 );
INSERT INTO "times" VALUES ( 18006, 12590, '18:23:00', '18:23:00', 20 );
INSERT INTO "times" VALUES ( 18006, 12600, '18:21:00', '18:21:00', 20 );
INSERT INTO "times" VALUES ( 18006, 12610, '18:15:00', '18:20:00', 20 );
INSERT INTO "times" VALUES ( 18006, 12620, '18:13:00', '18:13:00', 20 );
INSERT INTO "times" VALUES ( 18006, 12630, '18:12:00', '18:12:00', 20 );
INSERT INTO "times" VALUES ( 18006, 12640, '18:10:00', '18:10:00', 20 );
INSERT INTO "times" VALUES ( 18006, 12650, '18:08:00', '18:08:00', 20 );
INSERT INTO "times" VALUES ( 18006, 12660, '18:07:00', '18:07:00', 20 );
INSERT INTO "times" VALUES ( 18006, 12670, '18:03:00', '18:03:00', 20 );
INSERT INTO "times" VALUES ( 18006, 12680, '18:00:00', '18:00:00', 20 );
INSERT INTO "times" VALUES ( 18006, 12690, '17:58:00', '17:58:00', 20 );
INSERT INTO "times" VALUES ( 18006, 12700, '17:55:00', '17:55:00', 20 );
INSERT INTO "times" VALUES ( 18006, 12710, '17:54:00', '17:54:00', 20 );
INSERT INTO "times" VALUES ( 18006, 12720, '17:51:00', '17:51:00', 20 );
INSERT INTO "times" VALUES ( 18006, 12730, '17:49:00', '17:49:00', 20 );
INSERT INTO "times" VALUES ( 18006, 12740, '17:41:00', '17:46:00', 20 );
INSERT INTO "times" VALUES ( 18006, 12750, '17:38:00', '17:38:00', 20 );
INSERT INTO "times" VALUES ( 18006, 12760, '17:36:00', '17:36:00', 20 );
INSERT INTO "times" VALUES ( 18006, 12770, '17:29:00', '17:32:00', 20 );
INSERT INTO "times" VALUES ( 18006, 12780, '17:25:00', '17:25:00', 20 );
INSERT INTO "times" VALUES ( 18006, 12790, '17:22:00', '17:22:00', 20 );
INSERT INTO "times" VALUES ( 18006, 12800, '17:17:00', '17:21:00', 20 );
INSERT INTO "times" VALUES ( 18006, 12810, '17:15:00', '17:15:00', 20 );
INSERT INTO "times" VALUES ( 18006, 12820, '17:13:00', '17:13:00', 20 );
INSERT INTO "times" VALUES ( 18006, 12830, '17:12:00', '17:12:00', 20 );
INSERT INTO "times" VALUES ( 18006, 12840, '17:10:00', '17:10:00', 20 );
INSERT INTO "times" VALUES ( 18006, 12850, '17:08:00', '17:08:00', 20 );
INSERT INTO "times" VALUES ( 18006, 12860, '17:07:00', '17:07:00', 20 );
INSERT INTO "times" VALUES ( 18006, 12870, '17:05:00', '17:05:00', 20 );
INSERT INTO "times" VALUES ( 18006, 12880, '17:03:00', '17:03:00', 20 );
INSERT INTO "times" VALUES ( 18006, 12890, '17:01:00', '17:01:00', 20 );
INSERT INTO "times" VALUES ( 18006, 12900, '16:56:00', '17:00:00', 20 );
INSERT INTO "times" VALUES ( 18006, 13510, '16:54:00', '16:54:00', 30 );
INSERT INTO "times" VALUES ( 18006, 13520, NULL, '16:52:00', 30 );

INSERT INTO "dias" VALUES ( 18007, 100, FALSE, TRUE, 'Q1700Z', 11510, 13520 );
INSERT INTO "dias_line_groups" VALUES ( 18007, 10 );
INSERT INTO "times" VALUES ( 18007, 11510, NULL, '17:24:00', 10 );
INSERT INTO "times" VALUES ( 18007, 11520, '17:25:00', '17:25:00', 10 );
INSERT INTO "times" VALUES ( 18007, 11530, '17:27:00', '17:27:00', 10 );
INSERT INTO "times" VALUES ( 18007, 11540, '17:29:00', '17:29:00', 10 );
INSERT INTO "times" VALUES ( 18007, 12530, '17:31:00', '17:32:00', 20 );
INSERT INTO "times" VALUES ( 18007, 12540, '17:34:00', '17:41:00', 20 );
INSERT INTO "times" VALUES ( 18007, 12550, '17:44:00', '17:44:00', 20 );
INSERT INTO "times" VALUES ( 18007, 12560, '17:45:00', '17:45:00', 20 );
INSERT INTO "times" VALUES ( 18007, 12570, '17:47:00', '17:47:00', 20 );
INSERT INTO "times" VALUES ( 18007, 12580, '17:48:00', '17:48:00', 20 );
INSERT INTO "times" VALUES ( 18007, 12590, '17:50:00', '17:50:00', 20 );
INSERT INTO "times" VALUES ( 18007, 12600, '17:51:00', '17:51:00', 20 );
INSERT INTO "times" VALUES ( 18007, 12610, '17:53:00', '17:56:00', 20 );
INSERT INTO "times" VALUES ( 18007, 12620, '17:58:00', '17:58:00', 20 );
INSERT INTO "times" VALUES ( 18007, 12630, '17:59:00', '17:59:00', 20 );
INSERT INTO "times" VALUES ( 18007, 12640, '18:01:00', '18:01:00', 20 );
INSERT INTO "times" VALUES ( 18007, 12650, '18:03:00', '18:03:00', 20 );
INSERT INTO "times" VALUES ( 18007, 12660, '18:05:00', '18:05:00', 20 );
INSERT INTO "times" VALUES ( 18007, 12670, '18:08:00', '18:08:00', 20 );
INSERT INTO "times" VALUES ( 18007, 12680, '18:12:00', '18:18:00', 20 );
INSERT INTO "times" VALUES ( 18007, 12690, '18:20:00', '18:20:00', 20 );
INSERT INTO "times" VALUES ( 18007, 12700, '18:22:00', '18:22:00', 20 );
INSERT INTO "times" VALUES ( 18007, 12710, '18:25:00', '18:25:00', 20 );
INSERT INTO "times" VALUES ( 18007, 12720, '18:26:00', '18:26:00', 20 );
INSERT INTO "times" VALUES ( 18007, 12730, '18:29:00', '18:29:00', 20 );
INSERT INTO "times" VALUES ( 18007, 12740, '18:32:00', '18:32:00', 20 );
INSERT INTO "times" VALUES ( 18007, 12750, '18:35:00', '18:35:00', 20 );
INSERT INTO "times" VALUES ( 18007, 12760, '18:38:00', '18:38:00', 20 );
INSERT INTO "times" VALUES ( 18007, 12770, '18:42:00', '18:42:00', 20 );
INSERT INTO "times" VALUES ( 18007, 12780, '18:46:00', '18:46:00', 20 );
INSERT INTO "times" VALUES ( 18007, 12790, '18:47:00', '18:47:00', 20 );
INSERT INTO "times" VALUES ( 18007, 12800, '18:49:00', '18:53:00', 20 );
INSERT INTO "times" VALUES ( 18007, 12810, '18:55:00', '18:55:00', 20 );
INSERT INTO "times" VALUES ( 18007, 12820, '18:56:00', '18:56:00', 20 );
INSERT INTO "times" VALUES ( 18007, 12830, '18:58:00', '18:58:00', 20 );
INSERT INTO "times" VALUES ( 18007, 12840, '18:59:00', '18:59:00', 20 );
INSERT INTO "times" VALUES ( 18007, 12850, '19:01:00', '19:01:00', 20 );
INSERT INTO "times" VALUES ( 18007, 12860, '19:02:00', '19:02:00', 20 );
INSERT INTO "times" VALUES ( 18007, 12870, '19:04:00', '19:04:00', 20 );
INSERT INTO "times" VALUES ( 18007, 12880, '19:06:00', '19:06:00', 20 );
INSERT INTO "times" VALUES ( 18007, 12890, '19:08:00', '19:08:00', 20 );
INSERT INTO "times" VALUES ( 18007, 12900, '19:09:00', '19:13:00', 20 );
INSERT INTO "times" VALUES ( 18007, 13510, '19:15:00', '19:15:00', 30 );
INSERT INTO "times" VALUES ( 18007, 13520, '19:18:00', NULL, NULL );

INSERT INTO "dias" VALUES ( 18008, 100, FALSE, TRUE, 'Q1701B', 13520, 11510 );
INSERT INTO "dias_line_groups" VALUES ( 18008, 10 );
INSERT INTO "times" VALUES ( 18008, 11510, '18:57:00', NULL, NULL );
INSERT INTO "times" VALUES ( 18008, 11520, '18:54:00', '18:54:00', 10 );
INSERT INTO "times" VALUES ( 18008, 11530, '18:53:00', '18:53:00', 10 );
INSERT INTO "times" VALUES ( 18008, 11540, '18:51:00', '18:51:00', 10 );
INSERT INTO "times" VALUES ( 18008, 12530, '18:50:00', '18:50:00', 10 );
INSERT INTO "times" VALUES ( 18008, 12540, '18:41:00', '18:47:00', 20 );
INSERT INTO "times" VALUES ( 18008, 12550, '18:39:00', '18:39:00', 20 );
INSERT INTO "times" VALUES ( 18008, 12560, '18:37:00', '18:37:00', 20 );
INSERT INTO "times" VALUES ( 18008, 12570, '18:35:00', '18:35:00', 20 );
INSERT INTO "times" VALUES ( 18008, 12580, '18:34:00', '18:34:00', 20 );
INSERT INTO "times" VALUES ( 18008, 12590, '18:33:00', '18:33:00', 20 );
INSERT INTO "times" VALUES ( 18008, 12600, '18:31:00', '18:31:00', 20 );
INSERT INTO "times" VALUES ( 18008, 12610, '18:26:00', '18:30:00', 20 );
INSERT INTO "times" VALUES ( 18008, 12620, '18:24:00', '18:24:00', 20 );
INSERT INTO "times" VALUES ( 18008, 12630, '18:22:00', '18:22:00', 20 );
INSERT INTO "times" VALUES ( 18008, 12640, '18:21:00', '18:21:00', 20 );
INSERT INTO "times" VALUES ( 18008, 12650, '18:19:00', '18:19:00', 20 );
INSERT INTO "times" VALUES ( 18008, 12660, '18:15:00', '18:17:00', 20 );
INSERT INTO "times" VALUES ( 18008, 12670, '18:12:00', '18:12:00', 20 );
INSERT INTO "times" VALUES ( 18008, 12680, '18:09:00', '18:09:00', 20 );
INSERT INTO "times" VALUES ( 18008, 12690, '18:07:00', '18:07:00', 20 );
INSERT INTO "times" VALUES ( 18008, 12700, '18:04:00', '18:04:00', 20 );
INSERT INTO "times" VALUES ( 18008, 12710, '18:03:00', '18:03:00', 20 );
INSERT INTO "times" VALUES ( 18008, 12720, '18:00:00', '18:00:00', 20 );
INSERT INTO "times" VALUES ( 18008, 12730, '17:57:00', '17:57:00', 20 );
INSERT INTO "times" VALUES ( 18008, 12740, '17:51:00', '17:55:00', 20 );
INSERT INTO "times" VALUES ( 18008, 12750, '17:48:00', '17:48:00', 20 );
INSERT INTO "times" VALUES ( 18008, 12760, '17:46:00', '17:46:00', 20 );
INSERT INTO "times" VALUES ( 18008, 12770, '17:42:00', '17:42:00', 20 );
INSERT INTO "times" VALUES ( 18008, 12780, '17:37:00', '17:37:00', 20 );
INSERT INTO "times" VALUES ( 18008, 12790, '17:35:00', '17:35:00', 20 );
INSERT INTO "times" VALUES ( 18008, 12800, '17:29:00', '17:33:00', 20 );
INSERT INTO "times" VALUES ( 18008, 12810, '17:27:00', '17:27:00', 20 );
INSERT INTO "times" VALUES ( 18008, 12820, '17:26:00', '17:26:00', 20 );
INSERT INTO "times" VALUES ( 18008, 12830, '17:22:00', '17:24:00', 20 );
INSERT INTO "times" VALUES ( 18008, 12840, '17:20:00', '17:20:00', 20 );
INSERT INTO "times" VALUES ( 18008, 12850, '17:18:00', '17:18:00', 20 );
INSERT INTO "times" VALUES ( 18008, 12860, '17:16:00', '17:16:00', 20 );
INSERT INTO "times" VALUES ( 18008, 12870, '17:15:00', '17:15:00', 20 );
INSERT INTO "times" VALUES ( 18008, 12880, '17:13:00', '17:13:00', 20 );
INSERT INTO "times" VALUES ( 18008, 12890, '17:11:00', '17:11:00', 20 );
INSERT INTO "times" VALUES ( 18008, 12900, '17:05:00', '17:10:00', 20 );
INSERT INTO "times" VALUES ( 18008, 13510, '17:02:00', '17:02:00', 30 );
INSERT INTO "times" VALUES ( 18008, 13520, NULL, '17:01:00', 30 );

INSERT INTO "dias" VALUES ( 18009, 100, FALSE, TRUE, 'Q1702Z', 11510, 13520 );
INSERT INTO "dias_line_groups" VALUES ( 18009, 10 );
INSERT INTO "times" VALUES ( 18009, 11510, NULL, '17:54:00', 10 );
INSERT INTO "times" VALUES ( 18009, 11520, '17:55:00', '17:55:00', 10 );
INSERT INTO "times" VALUES ( 18009, 11530, '17:57:00', '17:57:00', 10 );
INSERT INTO "times" VALUES ( 18009, 11540, '17:59:00', '17:59:00', 10 );
INSERT INTO "times" VALUES ( 18009, 12530, '18:01:00', '18:02:00', 20 );
INSERT INTO "times" VALUES ( 18009, 12540, '18:04:00', '18:11:00', 20 );
INSERT INTO "times" VALUES ( 18009, 12550, '18:13:00', '18:13:00', 20 );
INSERT INTO "times" VALUES ( 18009, 12560, '18:15:00', '18:15:00', 20 );
INSERT INTO "times" VALUES ( 18009, 12570, '18:16:00', '18:16:00', 20 );
INSERT INTO "times" VALUES ( 18009, 12580, '18:18:00', '18:18:00', 20 );
INSERT INTO "times" VALUES ( 18009, 12590, '18:19:00', '18:19:00', 20 );
INSERT INTO "times" VALUES ( 18009, 12600, '18:20:00', '18:20:00', 20 );
INSERT INTO "times" VALUES ( 18009, 12610, '18:22:00', '18:25:00', 20 );
INSERT INTO "times" VALUES ( 18009, 12620, '18:27:00', '18:27:00', 20 );
INSERT INTO "times" VALUES ( 18009, 12630, '18:28:00', '18:28:00', 20 );
INSERT INTO "times" VALUES ( 18009, 12640, '18:30:00', '18:30:00', 20 );
INSERT INTO "times" VALUES ( 18009, 12650, '18:32:00', '18:32:00', 20 );
INSERT INTO "times" VALUES ( 18009, 12660, '18:34:00', '18:35:00', 20 );
INSERT INTO "times" VALUES ( 18009, 12670, '18:38:00', '18:38:00', 20 );
INSERT INTO "times" VALUES ( 18009, 12680, '18:42:00', '18:48:00', 20 );
INSERT INTO "times" VALUES ( 18009, 12690, '18:50:00', '18:50:00', 20 );
INSERT INTO "times" VALUES ( 18009, 12700, '18:52:00', '18:52:00', 20 );
INSERT INTO "times" VALUES ( 18009, 12710, '18:55:00', '18:55:00', 20 );
INSERT INTO "times" VALUES ( 18009, 12720, '18:57:00', '18:57:00', 20 );
INSERT INTO "times" VALUES ( 18009, 12730, '18:59:00', '18:59:00', 20 );
INSERT INTO "times" VALUES ( 18009, 12740, '19:02:00', '19:02:00', 20 );
INSERT INTO "times" VALUES ( 18009, 12750, '19:05:00', '19:05:00', 20 );
INSERT INTO "times" VALUES ( 18009, 12760, '19:08:00', '19:08:00', 20 );
INSERT INTO "times" VALUES ( 18009, 12770, '19:12:00', '19:12:00', 20 );
INSERT INTO "times" VALUES ( 18009, 12780, '19:16:00', '19:16:00', 20 );
INSERT INTO "times" VALUES ( 18009, 12790, '19:18:00', '19:18:00', 20 );
INSERT INTO "times" VALUES ( 18009, 12800, '19:19:00', '19:23:00', 20 );
INSERT INTO "times" VALUES ( 18009, 12810, '19:25:00', '19:25:00', 20 );
INSERT INTO "times" VALUES ( 18009, 12820, '19:27:00', '19:27:00', 20 );
INSERT INTO "times" VALUES ( 18009, 12830, '19:29:00', '19:29:00', 20 );
INSERT INTO "times" VALUES ( 18009, 12840, '19:30:00', '19:30:00', 20 );
INSERT INTO "times" VALUES ( 18009, 12850, '19:31:00', '19:31:00', 20 );
INSERT INTO "times" VALUES ( 18009, 12860, '19:33:00', '19:33:00', 20 );
INSERT INTO "times" VALUES ( 18009, 12870, '19:35:00', '19:35:00', 20 );
INSERT INTO "times" VALUES ( 18009, 12880, '19:36:00', '19:36:00', 20 );
INSERT INTO "times" VALUES ( 18009, 12890, '19:38:00', '19:38:00', 20 );
INSERT INTO "times" VALUES ( 18009, 12900, '19:40:00', '19:43:00', 20 );
INSERT INTO "times" VALUES ( 18009, 13510, '19:45:00', '19:45:00', 30 );
INSERT INTO "times" VALUES ( 18009, 13520, '19:48:00', NULL, NULL );

INSERT INTO "dias" VALUES ( 18010, 100, FALSE, TRUE, 'Q1703B', 13520, 11510 );
INSERT INTO "dias_line_groups" VALUES ( 18010, 10 );
INSERT INTO "times" VALUES ( 18010, 11510, '19:17:00', NULL, NULL );
INSERT INTO "times" VALUES ( 18010, 11520, '19:14:00', '19:14:00', 10 );
INSERT INTO "times" VALUES ( 18010, 11530, '19:13:00', '19:13:00', 10 );
INSERT INTO "times" VALUES ( 18010, 11540, '19:11:00', '19:11:00', 10 );
INSERT INTO "times" VALUES ( 18010, 12530, '19:10:00', '19:10:00', 10 );
INSERT INTO "times" VALUES ( 18010, 12540, '19:00:00', '19:07:00', 20 );
INSERT INTO "times" VALUES ( 18010, 12550, '18:58:00', '18:58:00', 20 );
INSERT INTO "times" VALUES ( 18010, 12560, '18:56:00', '18:56:00', 20 );
INSERT INTO "times" VALUES ( 18010, 12570, '18:54:00', '18:54:00', 20 );
INSERT INTO "times" VALUES ( 18010, 12580, '18:53:00', '18:53:00', 20 );
INSERT INTO "times" VALUES ( 18010, 12590, '18:52:00', '18:52:00', 20 );
INSERT INTO "times" VALUES ( 18010, 12600, '18:50:00', '18:50:00', 20 );
INSERT INTO "times" VALUES ( 18010, 12610, '18:46:00', '18:49:00', 20 );
INSERT INTO "times" VALUES ( 18010, 12620, '18:44:00', '18:44:00', 20 );
INSERT INTO "times" VALUES ( 18010, 12630, '18:42:00', '18:42:00', 20 );
INSERT INTO "times" VALUES ( 18010, 12640, '18:41:00', '18:41:00', 20 );
INSERT INTO "times" VALUES ( 18010, 12650, '18:39:00', '18:39:00', 20 );
INSERT INTO "times" VALUES ( 18010, 12660, '18:36:00', '18:37:00', 20 );
INSERT INTO "times" VALUES ( 18010, 12670, '18:33:00', '18:33:00', 20 );
INSERT INTO "times" VALUES ( 18010, 12680, '18:31:00', '18:31:00', 20 );
INSERT INTO "times" VALUES ( 18010, 12690, '18:28:00', '18:28:00', 20 );
INSERT INTO "times" VALUES ( 18010, 12700, '18:26:00', '18:26:00', 20 );
INSERT INTO "times" VALUES ( 18010, 12710, '18:24:00', '18:24:00', 20 );
INSERT INTO "times" VALUES ( 18010, 12720, '18:21:00', '18:21:00', 20 );
INSERT INTO "times" VALUES ( 18010, 12730, '18:19:00', '18:19:00', 20 );
INSERT INTO "times" VALUES ( 18010, 12740, '18:12:00', '18:16:00', 20 );
INSERT INTO "times" VALUES ( 18010, 12750, '18:08:00', '18:08:00', 20 );
INSERT INTO "times" VALUES ( 18010, 12760, '18:06:00', '18:06:00', 20 );
INSERT INTO "times" VALUES ( 18010, 12770, '17:59:00', '18:02:00', 20 );
INSERT INTO "times" VALUES ( 18010, 12780, '17:55:00', '17:55:00', 20 );
INSERT INTO "times" VALUES ( 18010, 12790, '17:52:00', '17:52:00', 20 );
INSERT INTO "times" VALUES ( 18010, 12800, '17:47:00', '17:51:00', 20 );
INSERT INTO "times" VALUES ( 18010, 12810, '17:45:00', '17:45:00', 20 );
INSERT INTO "times" VALUES ( 18010, 12820, '17:43:00', '17:43:00', 20 );
INSERT INTO "times" VALUES ( 18010, 12830, '17:42:00', '17:42:00', 20 );
INSERT INTO "times" VALUES ( 18010, 12840, '17:40:00', '17:40:00', 20 );
INSERT INTO "times" VALUES ( 18010, 12850, '17:38:00', '17:38:00', 20 );
INSERT INTO "times" VALUES ( 18010, 12860, '17:37:00', '17:37:00', 20 );
INSERT INTO "times" VALUES ( 18010, 12870, '17:35:00', '17:35:00', 20 );
INSERT INTO "times" VALUES ( 18010, 12880, '17:33:00', '17:33:00', 20 );
INSERT INTO "times" VALUES ( 18010, 12890, '17:31:00', '17:31:00', 20 );
INSERT INTO "times" VALUES ( 18010, 12900, '17:26:00', '17:30:00', 20 );
INSERT INTO "times" VALUES ( 18010, 13510, '17:24:00', '17:24:00', 30 );
INSERT INTO "times" VALUES ( 18010, 13520, NULL, '17:22:00', 30 );

INSERT INTO "dias" VALUES ( 18011, 100, FALSE, TRUE, 'Q1705B', 13520, 11510 );
INSERT INTO "dias_line_groups" VALUES ( 18011, 10 );
INSERT INTO "times" VALUES ( 18011, 11510, '19:27:00', NULL, NULL );
INSERT INTO "times" VALUES ( 18011, 11520, '19:24:00', '19:24:00', 10 );
INSERT INTO "times" VALUES ( 18011, 11530, '19:23:00', '19:23:00', 10 );
INSERT INTO "times" VALUES ( 18011, 11540, '19:21:00', '19:21:00', 10 );
INSERT INTO "times" VALUES ( 18011, 12530, '19:20:00', '19:20:00', 10 );
INSERT INTO "times" VALUES ( 18011, 12540, '19:10:00', '19:17:00', 20 );
INSERT INTO "times" VALUES ( 18011, 12550, '19:08:00', '19:08:00', 20 );
INSERT INTO "times" VALUES ( 18011, 12560, '19:06:00', '19:06:00', 20 );
INSERT INTO "times" VALUES ( 18011, 12570, '19:04:00', '19:04:00', 20 );
INSERT INTO "times" VALUES ( 18011, 12580, '19:03:00', '19:03:00', 20 );
INSERT INTO "times" VALUES ( 18011, 12590, '19:02:00', '19:02:00', 20 );
INSERT INTO "times" VALUES ( 18011, 12600, '19:00:00', '19:00:00', 20 );
INSERT INTO "times" VALUES ( 18011, 12610, '18:56:00', '18:59:00', 20 );
INSERT INTO "times" VALUES ( 18011, 12620, '18:54:00', '18:54:00', 20 );
INSERT INTO "times" VALUES ( 18011, 12630, '18:52:00', '18:52:00', 20 );
INSERT INTO "times" VALUES ( 18011, 12640, '18:51:00', '18:51:00', 20 );
INSERT INTO "times" VALUES ( 18011, 12650, '18:49:00', '18:49:00', 20 );
INSERT INTO "times" VALUES ( 18011, 12660, '18:45:00', '18:47:00', 20 );
INSERT INTO "times" VALUES ( 18011, 12670, '18:43:00', '18:43:00', 20 );
INSERT INTO "times" VALUES ( 18011, 12680, '18:40:00', '18:40:00', 20 );
INSERT INTO "times" VALUES ( 18011, 12690, '18:37:00', '18:37:00', 20 );
INSERT INTO "times" VALUES ( 18011, 12700, '18:35:00', '18:35:00', 20 );
INSERT INTO "times" VALUES ( 18011, 12710, '18:33:00', '18:33:00', 20 );
INSERT INTO "times" VALUES ( 18011, 12720, '18:30:00', '18:30:00', 20 );
INSERT INTO "times" VALUES ( 18011, 12730, '18:28:00', '18:28:00', 20 );
INSERT INTO "times" VALUES ( 18011, 12740, '18:21:00', '18:25:00', 20 );
INSERT INTO "times" VALUES ( 18011, 12750, '18:18:00', '18:18:00', 20 );
INSERT INTO "times" VALUES ( 18011, 12760, '18:16:00', '18:16:00', 20 );
INSERT INTO "times" VALUES ( 18011, 12770, '18:12:00', '18:12:00', 20 );
INSERT INTO "times" VALUES ( 18011, 12780, '18:07:00', '18:07:00', 20 );
INSERT INTO "times" VALUES ( 18011, 12790, '18:05:00', '18:05:00', 20 );
INSERT INTO "times" VALUES ( 18011, 12800, '17:59:00', '18:03:00', 20 );
INSERT INTO "times" VALUES ( 18011, 12810, '17:57:00', '17:57:00', 20 );
INSERT INTO "times" VALUES ( 18011, 12820, '17:56:00', '17:56:00', 20 );
INSERT INTO "times" VALUES ( 18011, 12830, '17:52:00', '17:54:00', 20 );
INSERT INTO "times" VALUES ( 18011, 12840, '17:50:00', '17:50:00', 20 );
INSERT INTO "times" VALUES ( 18011, 12850, '17:48:00', '17:48:00', 20 );
INSERT INTO "times" VALUES ( 18011, 12860, '17:46:00', '17:46:00', 20 );
INSERT INTO "times" VALUES ( 18011, 12870, '17:45:00', '17:45:00', 20 );
INSERT INTO "times" VALUES ( 18011, 12880, '17:43:00', '17:43:00', 20 );
INSERT INTO "times" VALUES ( 18011, 12890, '17:41:00', '17:41:00', 20 );
INSERT INTO "times" VALUES ( 18011, 12900, '17:35:00', '17:40:00', 20 );
INSERT INTO "times" VALUES ( 18011, 13510, '17:33:00', '17:33:00', 30 );
INSERT INTO "times" VALUES ( 18011, 13520, NULL, '17:31:00', 30 );

INSERT INTO "dias" VALUES ( 18012, 100, FALSE, TRUE, 'Q1707B', 13520, 11510 );
INSERT INTO "dias_line_groups" VALUES ( 18012, 10 );
INSERT INTO "times" VALUES ( 18012, 11510, '19:47:00', NULL, NULL );
INSERT INTO "times" VALUES ( 18012, 11520, '19:44:00', '19:44:00', 10 );
INSERT INTO "times" VALUES ( 18012, 11530, '19:43:00', '19:43:00', 10 );
INSERT INTO "times" VALUES ( 18012, 11540, '19:41:00', '19:41:00', 10 );
INSERT INTO "times" VALUES ( 18012, 12530, '19:40:00', '19:40:00', 10 );
INSERT INTO "times" VALUES ( 18012, 12540, '19:30:00', '19:37:00', 20 );
INSERT INTO "times" VALUES ( 18012, 12550, '19:28:00', '19:28:00', 20 );
INSERT INTO "times" VALUES ( 18012, 12560, '19:26:00', '19:26:00', 20 );
INSERT INTO "times" VALUES ( 18012, 12570, '19:24:00', '19:24:00', 20 );
INSERT INTO "times" VALUES ( 18012, 12580, '19:23:00', '19:23:00', 20 );
INSERT INTO "times" VALUES ( 18012, 12590, '19:22:00', '19:22:00', 20 );
INSERT INTO "times" VALUES ( 18012, 12600, '19:20:00', '19:20:00', 20 );
INSERT INTO "times" VALUES ( 18012, 12610, '19:16:00', '19:19:00', 20 );
INSERT INTO "times" VALUES ( 18012, 12620, '19:14:00', '19:14:00', 20 );
INSERT INTO "times" VALUES ( 18012, 12630, '19:12:00', '19:12:00', 20 );
INSERT INTO "times" VALUES ( 18012, 12640, '19:11:00', '19:11:00', 20 );
INSERT INTO "times" VALUES ( 18012, 12650, '19:09:00', '19:09:00', 20 );
INSERT INTO "times" VALUES ( 18012, 12660, '19:07:00', '19:07:00', 20 );
INSERT INTO "times" VALUES ( 18012, 12670, '19:04:00', '19:04:00', 20 );
INSERT INTO "times" VALUES ( 18012, 12680, '18:57:00', '19:01:00', 20 );
INSERT INTO "times" VALUES ( 18012, 12690, '18:55:00', '18:55:00', 20 );
INSERT INTO "times" VALUES ( 18012, 12700, '18:52:00', '18:52:00', 20 );
INSERT INTO "times" VALUES ( 18012, 12710, '18:47:00', '18:50:00', 20 );
INSERT INTO "times" VALUES ( 18012, 12720, '18:44:00', '18:44:00', 20 );
INSERT INTO "times" VALUES ( 18012, 12730, '18:42:00', '18:42:00', 20 );
INSERT INTO "times" VALUES ( 18012, 12740, '18:40:00', '18:40:00', 20 );
INSERT INTO "times" VALUES ( 18012, 12750, '18:36:00', '18:36:00', 20 );
INSERT INTO "times" VALUES ( 18012, 12760, '18:34:00', '18:34:00', 20 );
INSERT INTO "times" VALUES ( 18012, 12770, '18:30:00', '18:30:00', 20 );
INSERT INTO "times" VALUES ( 18012, 12780, '18:25:00', '18:25:00', 20 );
INSERT INTO "times" VALUES ( 18012, 12790, '18:23:00', '18:23:00', 20 );
INSERT INTO "times" VALUES ( 18012, 12800, '18:18:00', '18:21:00', 20 );
INSERT INTO "times" VALUES ( 18012, 12810, '18:16:00', '18:16:00', 20 );
INSERT INTO "times" VALUES ( 18012, 12820, '18:14:00', '18:14:00', 20 );
INSERT INTO "times" VALUES ( 18012, 12830, '18:13:00', '18:13:00', 20 );
INSERT INTO "times" VALUES ( 18012, 12840, '18:11:00', '18:11:00', 20 );
INSERT INTO "times" VALUES ( 18012, 12850, '18:09:00', '18:09:00', 20 );
INSERT INTO "times" VALUES ( 18012, 12860, '18:07:00', '18:07:00', 20 );
INSERT INTO "times" VALUES ( 18012, 12870, '18:06:00', '18:06:00', 20 );
INSERT INTO "times" VALUES ( 18012, 12880, '18:04:00', '18:04:00', 20 );
INSERT INTO "times" VALUES ( 18012, 12890, '18:02:00', '18:02:00', 20 );
INSERT INTO "times" VALUES ( 18012, 12900, '17:56:00', '18:01:00', 20 );
INSERT INTO "times" VALUES ( 18012, 13510, '17:54:00', '17:54:00', 30 );
INSERT INTO "times" VALUES ( 18012, 13520, NULL, '17:52:00', 30 );

INSERT INTO "dias" VALUES ( 18013, 100, FALSE, TRUE, 'Q1800Z', 11510, 13520 );
INSERT INTO "dias_line_groups" VALUES ( 18013, 10 );
INSERT INTO "times" VALUES ( 18013, 11510, NULL, '18:24:00', 10 );
INSERT INTO "times" VALUES ( 18013, 11520, '18:25:00', '18:25:00', 10 );
INSERT INTO "times" VALUES ( 18013, 11530, '18:27:00', '18:27:00', 10 );
INSERT INTO "times" VALUES ( 18013, 11540, '18:29:00', '18:29:00', 10 );
INSERT INTO "times" VALUES ( 18013, 12530, '18:31:00', '18:32:00', 20 );
INSERT INTO "times" VALUES ( 18013, 12540, '18:34:00', '18:41:00', 20 );
INSERT INTO "times" VALUES ( 18013, 12550, '18:43:00', '18:43:00', 20 );
INSERT INTO "times" VALUES ( 18013, 12560, '18:45:00', '18:45:00', 20 );
INSERT INTO "times" VALUES ( 18013, 12570, '18:46:00', '18:46:00', 20 );
INSERT INTO "times" VALUES ( 18013, 12580, '18:48:00', '18:48:00', 20 );
INSERT INTO "times" VALUES ( 18013, 12590, '18:49:00', '18:49:00', 20 );
INSERT INTO "times" VALUES ( 18013, 12600, '18:50:00', '18:50:00', 20 );
INSERT INTO "times" VALUES ( 18013, 12610, '18:52:00', '18:55:00', 20 );
INSERT INTO "times" VALUES ( 18013, 12620, '18:57:00', '18:57:00', 20 );
INSERT INTO "times" VALUES ( 18013, 12630, '18:58:00', '18:58:00', 20 );
INSERT INTO "times" VALUES ( 18013, 12640, '19:00:00', '19:00:00', 20 );
INSERT INTO "times" VALUES ( 18013, 12650, '19:02:00', '19:02:00', 20 );
INSERT INTO "times" VALUES ( 18013, 12660, '19:05:00', '19:05:00', 20 );
INSERT INTO "times" VALUES ( 18013, 12670, '19:08:00', '19:08:00', 20 );
INSERT INTO "times" VALUES ( 18013, 12680, '19:11:00', '19:14:00', 20 );
INSERT INTO "times" VALUES ( 18013, 12690, '19:16:00', '19:16:00', 20 );
INSERT INTO "times" VALUES ( 18013, 12700, '19:19:00', '19:19:00', 20 );
INSERT INTO "times" VALUES ( 18013, 12710, '19:21:00', '19:24:00', 20 );
INSERT INTO "times" VALUES ( 18013, 12720, '19:27:00', '19:27:00', 20 );
INSERT INTO "times" VALUES ( 18013, 12730, '19:29:00', '19:29:00', 20 );
INSERT INTO "times" VALUES ( 18013, 12740, '19:32:00', '19:32:00', 20 );
INSERT INTO "times" VALUES ( 18013, 12750, '19:35:00', '19:35:00', 20 );
INSERT INTO "times" VALUES ( 18013, 12760, '19:38:00', '19:38:00', 20 );
INSERT INTO "times" VALUES ( 18013, 12770, '19:42:00', '19:42:00', 20 );
INSERT INTO "times" VALUES ( 18013, 12780, '19:46:00', '19:46:00', 20 );
INSERT INTO "times" VALUES ( 18013, 12790, '19:47:00', '19:47:00', 20 );
INSERT INTO "times" VALUES ( 18013, 12800, '19:49:00', '19:53:00', 20 );
INSERT INTO "times" VALUES ( 18013, 12810, '19:55:00', '19:55:00', 20 );
INSERT INTO "times" VALUES ( 18013, 12820, '19:57:00', '19:57:00', 20 );
INSERT INTO "times" VALUES ( 18013, 12830, '19:59:00', '19:59:00', 20 );
INSERT INTO "times" VALUES ( 18013, 12840, '20:00:00', '20:00:00', 20 );
INSERT INTO "times" VALUES ( 18013, 12850, '20:01:00', '20:01:00', 20 );
INSERT INTO "times" VALUES ( 18013, 12860, '20:03:00', '20:03:00', 20 );
INSERT INTO "times" VALUES ( 18013, 12870, '20:05:00', '20:05:00', 20 );
INSERT INTO "times" VALUES ( 18013, 12880, '20:06:00', '20:06:00', 20 );
INSERT INTO "times" VALUES ( 18013, 12890, '20:08:00', '20:08:00', 20 );
INSERT INTO "times" VALUES ( 18013, 12900, '20:10:00', '20:13:00', 20 );
INSERT INTO "times" VALUES ( 18013, 13510, '20:15:00', '20:15:00', 30 );
INSERT INTO "times" VALUES ( 18013, 13520, '20:18:00', NULL, NULL );

INSERT INTO "dias" VALUES ( 18014, 100, FALSE, TRUE, 'Q1801B', 13520, 11510 );
INSERT INTO "dias_line_groups" VALUES ( 18014, 10 );
INSERT INTO "times" VALUES ( 18014, 11510, '19:57:00', NULL, NULL );
INSERT INTO "times" VALUES ( 18014, 11520, '19:54:00', '19:54:00', 10 );
INSERT INTO "times" VALUES ( 18014, 11530, '19:53:00', '19:53:00', 10 );
INSERT INTO "times" VALUES ( 18014, 11540, '19:51:00', '19:51:00', 10 );
INSERT INTO "times" VALUES ( 18014, 12530, '19:50:00', '19:50:00', 10 );
INSERT INTO "times" VALUES ( 18014, 12540, '19:40:00', '19:47:00', 20 );
INSERT INTO "times" VALUES ( 18014, 12550, '19:38:00', '19:38:00', 20 );
INSERT INTO "times" VALUES ( 18014, 12560, '19:36:00', '19:36:00', 20 );
INSERT INTO "times" VALUES ( 18014, 12570, '19:34:00', '19:34:00', 20 );
INSERT INTO "times" VALUES ( 18014, 12580, '19:33:00', '19:33:00', 20 );
INSERT INTO "times" VALUES ( 18014, 12590, '19:32:00', '19:32:00', 20 );
INSERT INTO "times" VALUES ( 18014, 12600, '19:30:00', '19:30:00', 20 );
INSERT INTO "times" VALUES ( 18014, 12610, '19:26:00', '19:29:00', 20 );
INSERT INTO "times" VALUES ( 18014, 12620, '19:24:00', '19:24:00', 20 );
INSERT INTO "times" VALUES ( 18014, 12630, '19:22:00', '19:22:00', 20 );
INSERT INTO "times" VALUES ( 18014, 12640, '19:21:00', '19:21:00', 20 );
INSERT INTO "times" VALUES ( 18014, 12650, '19:19:00', '19:19:00', 20 );
INSERT INTO "times" VALUES ( 18014, 12660, '19:15:00', '19:17:00', 20 );
INSERT INTO "times" VALUES ( 18014, 12670, '19:12:00', '19:12:00', 20 );
INSERT INTO "times" VALUES ( 18014, 12680, '19:08:00', '19:09:00', 20 );
INSERT INTO "times" VALUES ( 18014, 12690, '19:06:00', '19:06:00', 20 );
INSERT INTO "times" VALUES ( 18014, 12700, '19:04:00', '19:04:00', 20 );
INSERT INTO "times" VALUES ( 18014, 12710, '18:58:00', '19:02:00', 20 );
INSERT INTO "times" VALUES ( 18014, 12720, '18:55:00', '18:55:00', 20 );
INSERT INTO "times" VALUES ( 18014, 12730, '18:52:00', '18:52:00', 20 );
INSERT INTO "times" VALUES ( 18014, 12740, '18:49:00', '18:50:00', 20 );
INSERT INTO "times" VALUES ( 18014, 12750, '18:46:00', '18:46:00', 20 );
INSERT INTO "times" VALUES ( 18014, 12760, '18:44:00', '18:44:00', 20 );
INSERT INTO "times" VALUES ( 18014, 12770, '18:40:00', '18:40:00', 20 );
INSERT INTO "times" VALUES ( 18014, 12780, '18:35:00', '18:35:00', 20 );
INSERT INTO "times" VALUES ( 18014, 12790, '18:33:00', '18:33:00', 20 );
INSERT INTO "times" VALUES ( 18014, 12800, '18:28:00', '18:31:00', 20 );
INSERT INTO "times" VALUES ( 18014, 12810, '18:26:00', '18:26:00', 20 );
INSERT INTO "times" VALUES ( 18014, 12820, '18:24:00', '18:24:00', 20 );
INSERT INTO "times" VALUES ( 18014, 12830, '18:23:00', '18:23:00', 20 );
INSERT INTO "times" VALUES ( 18014, 12840, '18:21:00', '18:21:00', 20 );
INSERT INTO "times" VALUES ( 18014, 12850, '18:19:00', '18:19:00', 20 );
INSERT INTO "times" VALUES ( 18014, 12860, '18:18:00', '18:18:00', 20 );
INSERT INTO "times" VALUES ( 18014, 12870, '18:16:00', '18:16:00', 20 );
INSERT INTO "times" VALUES ( 18014, 12880, '18:14:00', '18:14:00', 20 );
INSERT INTO "times" VALUES ( 18014, 12890, '18:12:00', '18:12:00', 20 );
INSERT INTO "times" VALUES ( 18014, 12900, '18:07:00', '18:11:00', 20 );
INSERT INTO "times" VALUES ( 18014, 13510, '18:05:00', '18:05:00', 30 );
INSERT INTO "times" VALUES ( 18014, 13520, NULL, '18:03:00', 30 );

INSERT INTO "dias" VALUES ( 18015, 100, FALSE, TRUE, 'Q1802Z', 11510, 13520 );
INSERT INTO "dias_line_groups" VALUES ( 18015, 10 );
INSERT INTO "times" VALUES ( 18015, 11510, NULL, '18:54:00', 10 );
INSERT INTO "times" VALUES ( 18015, 11520, '18:55:00', '18:55:00', 10 );
INSERT INTO "times" VALUES ( 18015, 11530, '18:57:00', '18:57:00', 10 );
INSERT INTO "times" VALUES ( 18015, 11540, '18:59:00', '18:59:00', 10 );
INSERT INTO "times" VALUES ( 18015, 12530, '19:01:00', '19:02:00', 20 );
INSERT INTO "times" VALUES ( 18015, 12540, '19:04:00', '19:11:00', 20 );
INSERT INTO "times" VALUES ( 18015, 12550, '19:13:00', '19:13:00', 20 );
INSERT INTO "times" VALUES ( 18015, 12560, '19:15:00', '19:15:00', 20 );
INSERT INTO "times" VALUES ( 18015, 12570, '19:16:00', '19:16:00', 20 );
INSERT INTO "times" VALUES ( 18015, 12580, '19:18:00', '19:18:00', 20 );
INSERT INTO "times" VALUES ( 18015, 12590, '19:19:00', '19:19:00', 20 );
INSERT INTO "times" VALUES ( 18015, 12600, '19:20:00', '19:20:00', 20 );
INSERT INTO "times" VALUES ( 18015, 12610, '19:22:00', '19:25:00', 20 );
INSERT INTO "times" VALUES ( 18015, 12620, '19:27:00', '19:27:00', 20 );
INSERT INTO "times" VALUES ( 18015, 12630, '19:28:00', '19:28:00', 20 );
INSERT INTO "times" VALUES ( 18015, 12640, '19:30:00', '19:30:00', 20 );
INSERT INTO "times" VALUES ( 18015, 12650, '19:32:00', '19:32:00', 20 );
INSERT INTO "times" VALUES ( 18015, 12660, '19:35:00', '19:35:00', 20 );
INSERT INTO "times" VALUES ( 18015, 12670, '19:38:00', '19:38:00', 20 );
INSERT INTO "times" VALUES ( 18015, 12680, '19:41:00', '19:44:00', 20 );
INSERT INTO "times" VALUES ( 18015, 12690, '19:46:00', '19:46:00', 20 );
INSERT INTO "times" VALUES ( 18015, 12700, '19:49:00', '19:49:00', 20 );
INSERT INTO "times" VALUES ( 18015, 12710, '19:51:00', '19:54:00', 20 );
INSERT INTO "times" VALUES ( 18015, 12720, '19:57:00', '19:57:00', 20 );
INSERT INTO "times" VALUES ( 18015, 12730, '19:59:00', '19:59:00', 20 );
INSERT INTO "times" VALUES ( 18015, 12740, '20:02:00', '20:02:00', 20 );
INSERT INTO "times" VALUES ( 18015, 12750, '20:05:00', '20:05:00', 20 );
INSERT INTO "times" VALUES ( 18015, 12760, '20:08:00', '20:08:00', 20 );
INSERT INTO "times" VALUES ( 18015, 12770, '20:12:00', '20:12:00', 20 );
INSERT INTO "times" VALUES ( 18015, 12780, '20:16:00', '20:16:00', 20 );
INSERT INTO "times" VALUES ( 18015, 12790, '20:17:00', '20:17:00', 20 );
INSERT INTO "times" VALUES ( 18015, 12800, '20:19:00', '20:23:00', 20 );
INSERT INTO "times" VALUES ( 18015, 12810, '20:25:00', '20:25:00', 20 );
INSERT INTO "times" VALUES ( 18015, 12820, '20:27:00', '20:27:00', 20 );
INSERT INTO "times" VALUES ( 18015, 12830, '20:29:00', '20:29:00', 20 );
INSERT INTO "times" VALUES ( 18015, 12840, '20:30:00', '20:30:00', 20 );
INSERT INTO "times" VALUES ( 18015, 12850, '20:31:00', '20:31:00', 20 );
INSERT INTO "times" VALUES ( 18015, 12860, '20:33:00', '20:33:00', 20 );
INSERT INTO "times" VALUES ( 18015, 12870, '20:35:00', '20:35:00', 20 );
INSERT INTO "times" VALUES ( 18015, 12880, '20:36:00', '20:36:00', 20 );
INSERT INTO "times" VALUES ( 18015, 12890, '20:38:00', '20:38:00', 20 );
INSERT INTO "times" VALUES ( 18015, 12900, '20:40:00', '20:43:00', 20 );
INSERT INTO "times" VALUES ( 18015, 13510, '20:45:00', '20:45:00', 30 );
INSERT INTO "times" VALUES ( 18015, 13520, '20:48:00', NULL, NULL );

INSERT INTO "dias" VALUES ( 18016, 100, FALSE, TRUE, 'Q1803B', 13520, 11510 );
INSERT INTO "dias_line_groups" VALUES ( 18016, 10 );
INSERT INTO "times" VALUES ( 18016, 11510, '20:17:00', NULL, NULL );
INSERT INTO "times" VALUES ( 18016, 11520, '20:14:00', '20:14:00', 10 );
INSERT INTO "times" VALUES ( 18016, 11530, '20:13:00', '20:13:00', 10 );
INSERT INTO "times" VALUES ( 18016, 11540, '20:11:00', '20:11:00', 10 );
INSERT INTO "times" VALUES ( 18016, 12530, '20:10:00', '20:10:00', 10 );
INSERT INTO "times" VALUES ( 18016, 12540, '20:00:00', '20:07:00', 20 );
INSERT INTO "times" VALUES ( 18016, 12550, '19:58:00', '19:58:00', 20 );
INSERT INTO "times" VALUES ( 18016, 12560, '19:56:00', '19:56:00', 20 );
INSERT INTO "times" VALUES ( 18016, 12570, '19:54:00', '19:54:00', 20 );
INSERT INTO "times" VALUES ( 18016, 12580, '19:53:00', '19:53:00', 20 );
INSERT INTO "times" VALUES ( 18016, 12590, '19:52:00', '19:52:00', 20 );
INSERT INTO "times" VALUES ( 18016, 12600, '19:50:00', '19:50:00', 20 );
INSERT INTO "times" VALUES ( 18016, 12610, '19:46:00', '19:49:00', 20 );
INSERT INTO "times" VALUES ( 18016, 12620, '19:44:00', '19:44:00', 20 );
INSERT INTO "times" VALUES ( 18016, 12630, '19:42:00', '19:42:00', 20 );
INSERT INTO "times" VALUES ( 18016, 12640, '19:40:00', '19:40:00', 20 );
INSERT INTO "times" VALUES ( 18016, 12650, '19:39:00', '19:39:00', 20 );
INSERT INTO "times" VALUES ( 18016, 12660, '19:37:00', '19:37:00', 20 );
INSERT INTO "times" VALUES ( 18016, 12670, '19:34:00', '19:34:00', 20 );
INSERT INTO "times" VALUES ( 18016, 12680, '19:27:00', '19:31:00', 20 );
INSERT INTO "times" VALUES ( 18016, 12690, '19:25:00', '19:25:00', 20 );
INSERT INTO "times" VALUES ( 18016, 12700, '19:22:00', '19:22:00', 20 );
INSERT INTO "times" VALUES ( 18016, 12710, '19:17:00', '19:20:00', 20 );
INSERT INTO "times" VALUES ( 18016, 12720, '19:14:00', '19:14:00', 20 );
INSERT INTO "times" VALUES ( 18016, 12730, '19:12:00', '19:12:00', 20 );
INSERT INTO "times" VALUES ( 18016, 12740, '19:10:00', '19:10:00', 20 );
INSERT INTO "times" VALUES ( 18016, 12750, '19:06:00', '19:06:00', 20 );
INSERT INTO "times" VALUES ( 18016, 12760, '19:04:00', '19:04:00', 20 );
INSERT INTO "times" VALUES ( 18016, 12770, '19:00:00', '19:00:00', 20 );
INSERT INTO "times" VALUES ( 18016, 12780, '18:55:00', '18:55:00', 20 );
INSERT INTO "times" VALUES ( 18016, 12790, '18:53:00', '18:53:00', 20 );
INSERT INTO "times" VALUES ( 18016, 12800, '18:48:00', '18:51:00', 20 );
INSERT INTO "times" VALUES ( 18016, 12810, '18:46:00', '18:46:00', 20 );
INSERT INTO "times" VALUES ( 18016, 12820, '18:44:00', '18:44:00', 20 );
INSERT INTO "times" VALUES ( 18016, 12830, '18:43:00', '18:43:00', 20 );
INSERT INTO "times" VALUES ( 18016, 12840, '18:41:00', '18:41:00', 20 );
INSERT INTO "times" VALUES ( 18016, 12850, '18:39:00', '18:39:00', 20 );
INSERT INTO "times" VALUES ( 18016, 12860, '18:38:00', '18:38:00', 20 );
INSERT INTO "times" VALUES ( 18016, 12870, '18:36:00', '18:36:00', 20 );
INSERT INTO "times" VALUES ( 18016, 12880, '18:34:00', '18:34:00', 20 );
INSERT INTO "times" VALUES ( 18016, 12890, '18:32:00', '18:32:00', 20 );
INSERT INTO "times" VALUES ( 18016, 12900, '18:27:00', '18:31:00', 20 );
INSERT INTO "times" VALUES ( 18016, 13510, '18:25:00', '18:25:00', 30 );
INSERT INTO "times" VALUES ( 18016, 13520, NULL, '18:23:00', 30 );

INSERT INTO "dias" VALUES ( 18017, 100, FALSE, TRUE, 'Q1805B', 13520, 11510 );
INSERT INTO "dias_line_groups" VALUES ( 18017, 10 );
INSERT INTO "times" VALUES ( 18017, 11510, '20:37:00', NULL, NULL );
INSERT INTO "times" VALUES ( 18017, 11520, '20:34:00', '20:34:00', 10 );
INSERT INTO "times" VALUES ( 18017, 11530, '20:33:00', '20:33:00', 10 );
INSERT INTO "times" VALUES ( 18017, 11540, '20:31:00', '20:31:00', 10 );
INSERT INTO "times" VALUES ( 18017, 12530, '20:30:00', '20:30:00', 10 );
INSERT INTO "times" VALUES ( 18017, 12540, '20:20:00', '20:27:00', 20 );
INSERT INTO "times" VALUES ( 18017, 12550, '20:18:00', '20:18:00', 20 );
INSERT INTO "times" VALUES ( 18017, 12560, '20:16:00', '20:16:00', 20 );
INSERT INTO "times" VALUES ( 18017, 12570, '20:14:00', '20:14:00', 20 );
INSERT INTO "times" VALUES ( 18017, 12580, '20:13:00', '20:13:00', 20 );
INSERT INTO "times" VALUES ( 18017, 12590, '20:12:00', '20:12:00', 20 );
INSERT INTO "times" VALUES ( 18017, 12600, '20:10:00', '20:10:00', 20 );
INSERT INTO "times" VALUES ( 18017, 12610, '20:06:00', '20:09:00', 20 );
INSERT INTO "times" VALUES ( 18017, 12620, '20:04:00', '20:04:00', 20 );
INSERT INTO "times" VALUES ( 18017, 12630, '20:02:00', '20:02:00', 20 );
INSERT INTO "times" VALUES ( 18017, 12640, '20:01:00', '20:01:00', 20 );
INSERT INTO "times" VALUES ( 18017, 12650, '19:59:00', '19:59:00', 20 );
INSERT INTO "times" VALUES ( 18017, 12660, '19:57:00', '19:57:00', 20 );
INSERT INTO "times" VALUES ( 18017, 12670, '19:54:00', '19:54:00', 20 );
INSERT INTO "times" VALUES ( 18017, 12680, '19:47:00', '19:51:00', 20 );
INSERT INTO "times" VALUES ( 18017, 12690, '19:45:00', '19:45:00', 20 );
INSERT INTO "times" VALUES ( 18017, 12700, '19:42:00', '19:42:00', 20 );
INSERT INTO "times" VALUES ( 18017, 12710, '19:37:00', '19:40:00', 20 );
INSERT INTO "times" VALUES ( 18017, 12720, '19:34:00', '19:34:00', 20 );
INSERT INTO "times" VALUES ( 18017, 12730, '19:32:00', '19:32:00', 20 );
INSERT INTO "times" VALUES ( 18017, 12740, '19:30:00', '19:30:00', 20 );
INSERT INTO "times" VALUES ( 18017, 12750, '19:26:00', '19:26:00', 20 );
INSERT INTO "times" VALUES ( 18017, 12760, '19:24:00', '19:24:00', 20 );
INSERT INTO "times" VALUES ( 18017, 12770, '19:20:00', '19:20:00', 20 );
INSERT INTO "times" VALUES ( 18017, 12780, '19:15:00', '19:15:00', 20 );
INSERT INTO "times" VALUES ( 18017, 12790, '19:13:00', '19:13:00', 20 );
INSERT INTO "times" VALUES ( 18017, 12800, '19:08:00', '19:11:00', 20 );
INSERT INTO "times" VALUES ( 18017, 12810, '19:06:00', '19:06:00', 20 );
INSERT INTO "times" VALUES ( 18017, 12820, '19:04:00', '19:04:00', 20 );
INSERT INTO "times" VALUES ( 18017, 12830, '19:03:00', '19:03:00', 20 );
INSERT INTO "times" VALUES ( 18017, 12840, '19:01:00', '19:01:00', 20 );
INSERT INTO "times" VALUES ( 18017, 12850, '18:59:00', '18:59:00', 20 );
INSERT INTO "times" VALUES ( 18017, 12860, '18:58:00', '18:58:00', 20 );
INSERT INTO "times" VALUES ( 18017, 12870, '18:56:00', '18:56:00', 20 );
INSERT INTO "times" VALUES ( 18017, 12880, '18:54:00', '18:54:00', 20 );
INSERT INTO "times" VALUES ( 18017, 12890, '18:52:00', '18:52:00', 20 );
INSERT INTO "times" VALUES ( 18017, 12900, '18:47:00', '18:51:00', 20 );
INSERT INTO "times" VALUES ( 18017, 13510, '18:45:00', '18:45:00', 30 );
INSERT INTO "times" VALUES ( 18017, 13520, NULL, '18:43:00', 30 );

INSERT INTO "dias" VALUES ( 18018, 100, FALSE, TRUE, 'Q1900Z', 11510, 13520 );
INSERT INTO "dias_line_groups" VALUES ( 18018, 10 );
INSERT INTO "times" VALUES ( 18018, 11510, NULL, '19:24:00', 10 );
INSERT INTO "times" VALUES ( 18018, 11520, '19:25:00', '19:25:00', 10 );
INSERT INTO "times" VALUES ( 18018, 11530, '19:27:00', '19:27:00', 10 );
INSERT INTO "times" VALUES ( 18018, 11540, '19:29:00', '19:29:00', 10 );
INSERT INTO "times" VALUES ( 18018, 12530, '19:31:00', '19:32:00', 20 );
INSERT INTO "times" VALUES ( 18018, 12540, '19:34:00', '19:41:00', 20 );
INSERT INTO "times" VALUES ( 18018, 12550, '19:43:00', '19:43:00', 20 );
INSERT INTO "times" VALUES ( 18018, 12560, '19:44:00', '19:44:00', 20 );
INSERT INTO "times" VALUES ( 18018, 12570, '19:46:00', '19:46:00', 20 );
INSERT INTO "times" VALUES ( 18018, 12580, '19:47:00', '19:47:00', 20 );
INSERT INTO "times" VALUES ( 18018, 12590, '19:49:00', '19:49:00', 20 );
INSERT INTO "times" VALUES ( 18018, 12600, '19:50:00', '19:50:00', 20 );
INSERT INTO "times" VALUES ( 18018, 12610, '19:52:00', '19:55:00', 20 );
INSERT INTO "times" VALUES ( 18018, 12620, '19:57:00', '19:57:00', 20 );
INSERT INTO "times" VALUES ( 18018, 12630, '19:58:00', '19:58:00', 20 );
INSERT INTO "times" VALUES ( 18018, 12640, '20:00:00', '20:00:00', 20 );
INSERT INTO "times" VALUES ( 18018, 12650, '20:02:00', '20:02:00', 20 );
INSERT INTO "times" VALUES ( 18018, 12660, '20:05:00', '20:05:00', 20 );
INSERT INTO "times" VALUES ( 18018, 12670, '20:08:00', '20:08:00', 20 );
INSERT INTO "times" VALUES ( 18018, 12680, '20:11:00', '20:14:00', 20 );
INSERT INTO "times" VALUES ( 18018, 12690, '20:16:00', '20:16:00', 20 );
INSERT INTO "times" VALUES ( 18018, 12700, '20:19:00', '20:19:00', 20 );
INSERT INTO "times" VALUES ( 18018, 12710, '20:21:00', '20:24:00', 20 );
INSERT INTO "times" VALUES ( 18018, 12720, '20:27:00', '20:27:00', 20 );
INSERT INTO "times" VALUES ( 18018, 12730, '20:29:00', '20:29:00', 20 );
INSERT INTO "times" VALUES ( 18018, 12740, '20:32:00', '20:32:00', 20 );
INSERT INTO "times" VALUES ( 18018, 12750, '20:35:00', '20:35:00', 20 );
INSERT INTO "times" VALUES ( 18018, 12760, '20:38:00', '20:38:00', 20 );
INSERT INTO "times" VALUES ( 18018, 12770, '20:42:00', '20:42:00', 20 );
INSERT INTO "times" VALUES ( 18018, 12780, '20:46:00', '20:46:00', 20 );
INSERT INTO "times" VALUES ( 18018, 12790, '20:47:00', '20:47:00', 20 );
INSERT INTO "times" VALUES ( 18018, 12800, '20:49:00', '20:53:00', 20 );
INSERT INTO "times" VALUES ( 18018, 12810, '20:55:00', '20:55:00', 20 );
INSERT INTO "times" VALUES ( 18018, 12820, '20:57:00', '20:57:00', 20 );
INSERT INTO "times" VALUES ( 18018, 12830, '20:59:00', '20:59:00', 20 );
INSERT INTO "times" VALUES ( 18018, 12840, '21:00:00', '21:00:00', 20 );
INSERT INTO "times" VALUES ( 18018, 12850, '21:01:00', '21:01:00', 20 );
INSERT INTO "times" VALUES ( 18018, 12860, '21:03:00', '21:03:00', 20 );
INSERT INTO "times" VALUES ( 18018, 12870, '21:05:00', '21:05:00', 20 );
INSERT INTO "times" VALUES ( 18018, 12880, '21:06:00', '21:06:00', 20 );
INSERT INTO "times" VALUES ( 18018, 12890, '21:08:00', '21:08:00', 20 );
INSERT INTO "times" VALUES ( 18018, 12900, '21:10:00', '21:13:00', 20 );
INSERT INTO "times" VALUES ( 18018, 13510, '21:15:00', '21:15:00', 30 );
INSERT INTO "times" VALUES ( 18018, 13520, '21:18:00', NULL, NULL );

INSERT INTO "dias" VALUES ( 18019, 100, FALSE, TRUE, 'Q1901B', 13520, 11510 );
INSERT INTO "dias_line_groups" VALUES ( 18019, 10 );
INSERT INTO "times" VALUES ( 18019, 11510, '21:07:00', NULL, NULL );
INSERT INTO "times" VALUES ( 18019, 11520, '21:04:00', '21:04:00', 10 );
INSERT INTO "times" VALUES ( 18019, 11530, '21:03:00', '21:03:00', 10 );
INSERT INTO "times" VALUES ( 18019, 11540, '21:01:00', '21:01:00', 10 );
INSERT INTO "times" VALUES ( 18019, 12530, '21:00:00', '21:00:00', 10 );
INSERT INTO "times" VALUES ( 18019, 12540, '20:50:00', '20:57:00', 20 );
INSERT INTO "times" VALUES ( 18019, 12550, '20:48:00', '20:48:00', 20 );
INSERT INTO "times" VALUES ( 18019, 12560, '20:46:00', '20:46:00', 20 );
INSERT INTO "times" VALUES ( 18019, 12570, '20:44:00', '20:44:00', 20 );
INSERT INTO "times" VALUES ( 18019, 12580, '20:43:00', '20:43:00', 20 );
INSERT INTO "times" VALUES ( 18019, 12590, '20:42:00', '20:42:00', 20 );
INSERT INTO "times" VALUES ( 18019, 12600, '20:40:00', '20:40:00', 20 );
INSERT INTO "times" VALUES ( 18019, 12610, '20:36:00', '20:39:00', 20 );
INSERT INTO "times" VALUES ( 18019, 12620, '20:34:00', '20:34:00', 20 );
INSERT INTO "times" VALUES ( 18019, 12630, '20:32:00', '20:32:00', 20 );
INSERT INTO "times" VALUES ( 18019, 12640, '20:31:00', '20:31:00', 20 );
INSERT INTO "times" VALUES ( 18019, 12650, '20:29:00', '20:29:00', 20 );
INSERT INTO "times" VALUES ( 18019, 12660, '20:27:00', '20:27:00', 20 );
INSERT INTO "times" VALUES ( 18019, 12670, '20:23:00', '20:23:00', 20 );
INSERT INTO "times" VALUES ( 18019, 12680, '20:17:00', '20:20:00', 20 );
INSERT INTO "times" VALUES ( 18019, 12690, '20:14:00', '20:14:00', 20 );
INSERT INTO "times" VALUES ( 18019, 12700, '20:12:00', '20:12:00', 20 );
INSERT INTO "times" VALUES ( 18019, 12710, '20:07:00', '20:10:00', 20 );
INSERT INTO "times" VALUES ( 18019, 12720, '20:04:00', '20:04:00', 20 );
INSERT INTO "times" VALUES ( 18019, 12730, '20:02:00', '20:02:00', 20 );
INSERT INTO "times" VALUES ( 18019, 12740, '19:59:00', '19:59:00', 20 );
INSERT INTO "times" VALUES ( 18019, 12750, '19:56:00', '19:56:00', 20 );
INSERT INTO "times" VALUES ( 18019, 12760, '19:54:00', '19:54:00', 20 );
INSERT INTO "times" VALUES ( 18019, 12770, '19:50:00', '19:50:00', 20 );
INSERT INTO "times" VALUES ( 18019, 12780, '19:45:00', '19:45:00', 20 );
INSERT INTO "times" VALUES ( 18019, 12790, '19:43:00', '19:43:00', 20 );
INSERT INTO "times" VALUES ( 18019, 12800, '19:38:00', '19:41:00', 20 );
INSERT INTO "times" VALUES ( 18019, 12810, '19:36:00', '19:36:00', 20 );
INSERT INTO "times" VALUES ( 18019, 12820, '19:34:00', '19:34:00', 20 );
INSERT INTO "times" VALUES ( 18019, 12830, '19:33:00', '19:33:00', 20 );
INSERT INTO "times" VALUES ( 18019, 12840, '19:31:00', '19:31:00', 20 );
INSERT INTO "times" VALUES ( 18019, 12850, '19:29:00', '19:29:00', 20 );
INSERT INTO "times" VALUES ( 18019, 12860, '19:27:00', '19:27:00', 20 );
INSERT INTO "times" VALUES ( 18019, 12870, '19:26:00', '19:26:00', 20 );
INSERT INTO "times" VALUES ( 18019, 12880, '19:24:00', '19:24:00', 20 );
INSERT INTO "times" VALUES ( 18019, 12890, '19:22:00', '19:22:00', 20 );
INSERT INTO "times" VALUES ( 18019, 12900, '19:17:00', '19:21:00', 20 );
INSERT INTO "times" VALUES ( 18019, 13510, '19:15:00', '19:15:00', 30 );
INSERT INTO "times" VALUES ( 18019, 13520, NULL, '19:13:00', 30 );

INSERT INTO "dias" VALUES ( 18020, 100, FALSE, TRUE, 'Q1902Z', 11510, 13520 );
INSERT INTO "dias_line_groups" VALUES ( 18020, 10 );
INSERT INTO "times" VALUES ( 18020, 11510, NULL, '19:44:00', 10 );
INSERT INTO "times" VALUES ( 18020, 11520, '19:45:00', '19:45:00', 10 );
INSERT INTO "times" VALUES ( 18020, 11530, '19:47:00', '19:47:00', 10 );
INSERT INTO "times" VALUES ( 18020, 11540, '19:49:00', '19:49:00', 10 );
INSERT INTO "times" VALUES ( 18020, 12530, '19:51:00', '19:52:00', 20 );
INSERT INTO "times" VALUES ( 18020, 12540, '19:54:00', '20:00:00', 20 );
INSERT INTO "times" VALUES ( 18020, 12550, '20:03:00', '20:03:00', 20 );
INSERT INTO "times" VALUES ( 18020, 12560, '20:04:00', '20:04:00', 20 );
INSERT INTO "times" VALUES ( 18020, 12570, '20:06:00', '20:06:00', 20 );
INSERT INTO "times" VALUES ( 18020, 12580, '20:07:00', '20:07:00', 20 );
INSERT INTO "times" VALUES ( 18020, 12590, '20:09:00', '20:09:00', 20 );
INSERT INTO "times" VALUES ( 18020, 12600, '20:10:00', '20:10:00', 20 );
INSERT INTO "times" VALUES ( 18020, 12610, '20:12:00', '20:15:00', 20 );
INSERT INTO "times" VALUES ( 18020, 12620, '20:17:00', '20:17:00', 20 );
INSERT INTO "times" VALUES ( 18020, 12630, '20:18:00', '20:18:00', 20 );
INSERT INTO "times" VALUES ( 18020, 12640, '20:20:00', '20:20:00', 20 );
INSERT INTO "times" VALUES ( 18020, 12650, '20:22:00', '20:22:00', 20 );
INSERT INTO "times" VALUES ( 18020, 12660, '20:25:00', '20:25:00', 20 );
INSERT INTO "times" VALUES ( 18020, 12670, '20:28:00', '20:28:00', 20 );
INSERT INTO "times" VALUES ( 18020, 12680, '20:31:00', '20:34:00', 20 );
INSERT INTO "times" VALUES ( 18020, 12690, '20:36:00', '20:36:00', 20 );
INSERT INTO "times" VALUES ( 18020, 12700, '20:39:00', '20:39:00', 20 );
INSERT INTO "times" VALUES ( 18020, 12710, '20:41:00', '20:44:00', 20 );
INSERT INTO "times" VALUES ( 18020, 12720, '20:47:00', '20:47:00', 20 );
INSERT INTO "times" VALUES ( 18020, 12730, '20:49:00', '20:49:00', 20 );
INSERT INTO "times" VALUES ( 18020, 12740, '20:52:00', '20:52:00', 20 );
INSERT INTO "times" VALUES ( 18020, 12750, '20:55:00', '20:55:00', 20 );
INSERT INTO "times" VALUES ( 18020, 12760, '20:58:00', '20:58:00', 20 );
INSERT INTO "times" VALUES ( 18020, 12770, '21:02:00', '21:02:00', 20 );
INSERT INTO "times" VALUES ( 18020, 12780, '21:06:00', '21:06:00', 20 );
INSERT INTO "times" VALUES ( 18020, 12790, '21:07:00', '21:07:00', 20 );
INSERT INTO "times" VALUES ( 18020, 12800, '21:09:00', '21:13:00', 20 );
INSERT INTO "times" VALUES ( 18020, 12810, '21:15:00', '21:15:00', 20 );
INSERT INTO "times" VALUES ( 18020, 12820, '21:17:00', '21:17:00', 20 );
INSERT INTO "times" VALUES ( 18020, 12830, '21:19:00', '21:19:00', 20 );
INSERT INTO "times" VALUES ( 18020, 12840, '21:20:00', '21:20:00', 20 );
INSERT INTO "times" VALUES ( 18020, 12850, '21:21:00', '21:21:00', 20 );
INSERT INTO "times" VALUES ( 18020, 12860, '21:23:00', '21:23:00', 20 );
INSERT INTO "times" VALUES ( 18020, 12870, '21:25:00', '21:25:00', 20 );
INSERT INTO "times" VALUES ( 18020, 12880, '21:26:00', '21:26:00', 20 );
INSERT INTO "times" VALUES ( 18020, 12890, '21:28:00', '21:28:00', 20 );
INSERT INTO "times" VALUES ( 18020, 12900, '21:30:00', '21:33:00', 20 );
INSERT INTO "times" VALUES ( 18020, 13510, '21:35:00', '21:35:00', 30 );
INSERT INTO "times" VALUES ( 18020, 13520, '21:38:00', NULL, NULL );

INSERT INTO "dias" VALUES ( 18021, 100, FALSE, TRUE, 'Q1903B', 13520, 11510 );
INSERT INTO "dias_line_groups" VALUES ( 18021, 10 );
INSERT INTO "times" VALUES ( 18021, 11510, '21:21:00', NULL, NULL );
INSERT INTO "times" VALUES ( 18021, 11520, '21:19:00', '21:19:00', 10 );
INSERT INTO "times" VALUES ( 18021, 11530, '21:17:00', '21:17:00', 10 );
INSERT INTO "times" VALUES ( 18021, 11540, '21:16:00', '21:16:00', 10 );
INSERT INTO "times" VALUES ( 18021, 12530, '21:13:00', '21:14:00', 10 );
INSERT INTO "times" VALUES ( 18021, 12540, '21:08:00', '21:11:00', 20 );
INSERT INTO "times" VALUES ( 18021, 12550, '21:06:00', '21:06:00', 20 );
INSERT INTO "times" VALUES ( 18021, 12560, '21:04:00', '21:04:00', 20 );
INSERT INTO "times" VALUES ( 18021, 12570, '21:03:00', '21:03:00', 20 );
INSERT INTO "times" VALUES ( 18021, 12580, '21:01:00', '21:01:00', 20 );
INSERT INTO "times" VALUES ( 18021, 12590, '21:00:00', '21:00:00', 20 );
INSERT INTO "times" VALUES ( 18021, 12600, '20:59:00', '20:59:00', 20 );
INSERT INTO "times" VALUES ( 18021, 12610, '20:56:00', '20:58:00', 20 );
INSERT INTO "times" VALUES ( 18021, 12620, '20:54:00', '20:54:00', 20 );
INSERT INTO "times" VALUES ( 18021, 12630, '20:52:00', '20:52:00', 20 );
INSERT INTO "times" VALUES ( 18021, 12640, '20:51:00', '20:51:00', 20 );
INSERT INTO "times" VALUES ( 18021, 12650, '20:49:00', '20:49:00', 20 );
INSERT INTO "times" VALUES ( 18021, 12660, '20:46:00', '20:47:00', 20 );
INSERT INTO "times" VALUES ( 18021, 12670, '20:43:00', '20:43:00', 20 );
INSERT INTO "times" VALUES ( 18021, 12680, '20:37:00', '20:40:00', 20 );
INSERT INTO "times" VALUES ( 18021, 12690, '20:34:00', '20:34:00', 20 );
INSERT INTO "times" VALUES ( 18021, 12700, '20:32:00', '20:32:00', 20 );
INSERT INTO "times" VALUES ( 18021, 12710, '20:27:00', '20:30:00', 20 );
INSERT INTO "times" VALUES ( 18021, 12720, '20:24:00', '20:24:00', 20 );
INSERT INTO "times" VALUES ( 18021, 12730, '20:22:00', '20:22:00', 20 );
INSERT INTO "times" VALUES ( 18021, 12740, '20:19:00', '20:19:00', 20 );
INSERT INTO "times" VALUES ( 18021, 12750, '20:16:00', '20:16:00', 20 );
INSERT INTO "times" VALUES ( 18021, 12760, '20:14:00', '20:14:00', 20 );
INSERT INTO "times" VALUES ( 18021, 12770, '20:10:00', '20:10:00', 20 );
INSERT INTO "times" VALUES ( 18021, 12780, '20:05:00', '20:05:00', 20 );
INSERT INTO "times" VALUES ( 18021, 12790, '20:03:00', '20:03:00', 20 );
INSERT INTO "times" VALUES ( 18021, 12800, '19:58:00', '20:01:00', 20 );
INSERT INTO "times" VALUES ( 18021, 12810, '19:56:00', '19:56:00', 20 );
INSERT INTO "times" VALUES ( 18021, 12820, '19:54:00', '19:54:00', 20 );
INSERT INTO "times" VALUES ( 18021, 12830, '19:53:00', '19:53:00', 20 );
INSERT INTO "times" VALUES ( 18021, 12840, '19:51:00', '19:51:00', 20 );
INSERT INTO "times" VALUES ( 18021, 12850, '19:49:00', '19:49:00', 20 );
INSERT INTO "times" VALUES ( 18021, 12860, '19:47:00', '19:47:00', 20 );
INSERT INTO "times" VALUES ( 18021, 12870, '19:46:00', '19:46:00', 20 );
INSERT INTO "times" VALUES ( 18021, 12880, '19:44:00', '19:44:00', 20 );
INSERT INTO "times" VALUES ( 18021, 12890, '19:42:00', '19:42:00', 20 );
INSERT INTO "times" VALUES ( 18021, 12900, '19:37:00', '19:41:00', 20 );
INSERT INTO "times" VALUES ( 18021, 13510, '19:35:00', '19:35:00', 30 );
INSERT INTO "times" VALUES ( 18021, 13520, NULL, '19:33:00', 30 );

INSERT INTO "dias" VALUES ( 18022, 100, FALSE, TRUE, 'Q1905B', 13520, 11510 );
INSERT INTO "dias_line_groups" VALUES ( 18022, 10 );
INSERT INTO "times" VALUES ( 18022, 11510, '21:41:00', NULL, NULL );
INSERT INTO "times" VALUES ( 18022, 11520, '21:38:00', '21:38:00', 10 );
INSERT INTO "times" VALUES ( 18022, 11530, '21:37:00', '21:37:00', 10 );
INSERT INTO "times" VALUES ( 18022, 11540, '21:35:00', '21:35:00', 10 );
INSERT INTO "times" VALUES ( 18022, 12530, '21:34:00', '21:34:00', 10 );
INSERT INTO "times" VALUES ( 18022, 12540, '21:28:00', '21:31:00', 20 );
INSERT INTO "times" VALUES ( 18022, 12550, '21:25:00', '21:25:00', 20 );
INSERT INTO "times" VALUES ( 18022, 12560, '21:24:00', '21:24:00', 20 );
INSERT INTO "times" VALUES ( 18022, 12570, '21:22:00', '21:22:00', 20 );
INSERT INTO "times" VALUES ( 18022, 12580, '21:21:00', '21:21:00', 20 );
INSERT INTO "times" VALUES ( 18022, 12590, '21:19:00', '21:19:00', 20 );
INSERT INTO "times" VALUES ( 18022, 12600, '21:18:00', '21:18:00', 20 );
INSERT INTO "times" VALUES ( 18022, 12610, '21:13:00', '21:17:00', 20 );
INSERT INTO "times" VALUES ( 18022, 12620, '21:11:00', '21:11:00', 20 );
INSERT INTO "times" VALUES ( 18022, 12630, '21:09:00', '21:09:00', 20 );
INSERT INTO "times" VALUES ( 18022, 12640, '21:08:00', '21:08:00', 20 );
INSERT INTO "times" VALUES ( 18022, 12650, '21:06:00', '21:06:00', 20 );
INSERT INTO "times" VALUES ( 18022, 12660, '21:03:00', '21:04:00', 20 );
INSERT INTO "times" VALUES ( 18022, 12670, '21:00:00', '21:00:00', 20 );
INSERT INTO "times" VALUES ( 18022, 12680, '20:52:00', '20:57:00', 20 );
INSERT INTO "times" VALUES ( 18022, 12690, '20:49:00', '20:49:00', 20 );
INSERT INTO "times" VALUES ( 18022, 12700, '20:47:00', '20:47:00', 20 );
INSERT INTO "times" VALUES ( 18022, 12710, '20:45:00', '20:45:00', 20 );
INSERT INTO "times" VALUES ( 18022, 12720, '20:43:00', '20:43:00', 20 );
INSERT INTO "times" VALUES ( 18022, 12730, '20:40:00', '20:40:00', 20 );
INSERT INTO "times" VALUES ( 18022, 12740, '20:38:00', '20:38:00', 20 );
INSERT INTO "times" VALUES ( 18022, 12750, '20:34:00', '20:34:00', 20 );
INSERT INTO "times" VALUES ( 18022, 12760, '20:32:00', '20:32:00', 20 );
INSERT INTO "times" VALUES ( 18022, 12770, '20:28:00', '20:28:00', 20 );
INSERT INTO "times" VALUES ( 18022, 12780, '20:24:00', '20:24:00', 20 );
INSERT INTO "times" VALUES ( 18022, 12790, '20:21:00', '20:21:00', 20 );
INSERT INTO "times" VALUES ( 18022, 12800, '20:16:00', '20:19:00', 20 );
INSERT INTO "times" VALUES ( 18022, 12810, '20:14:00', '20:14:00', 20 );
INSERT INTO "times" VALUES ( 18022, 12820, '20:12:00', '20:12:00', 20 );
INSERT INTO "times" VALUES ( 18022, 12830, '20:11:00', '20:11:00', 20 );
INSERT INTO "times" VALUES ( 18022, 12840, '20:09:00', '20:09:00', 20 );
INSERT INTO "times" VALUES ( 18022, 12850, '20:08:00', '20:08:00', 20 );
INSERT INTO "times" VALUES ( 18022, 12860, '20:06:00', '20:06:00', 20 );
INSERT INTO "times" VALUES ( 18022, 12870, '20:04:00', '20:04:00', 20 );
INSERT INTO "times" VALUES ( 18022, 12880, '20:02:00', '20:02:00', 20 );
INSERT INTO "times" VALUES ( 18022, 12890, '20:01:00', '20:01:00', 20 );
INSERT INTO "times" VALUES ( 18022, 12900, '19:56:00', '19:59:00', 20 );
INSERT INTO "times" VALUES ( 18022, 13510, '19:53:00', '19:53:00', 30 );
INSERT INTO "times" VALUES ( 18022, 13520, NULL, '19:51:00', 30 );

INSERT INTO "dias" VALUES ( 18023, 100, FALSE, TRUE, 'Q2000Z', 11510, 13520 );
INSERT INTO "dias_line_groups" VALUES ( 18023, 10 );
INSERT INTO "times" VALUES ( 18023, 11510, NULL, '20:14:00', 10 );
INSERT INTO "times" VALUES ( 18023, 11520, '20:15:00', '20:15:00', 10 );
INSERT INTO "times" VALUES ( 18023, 11530, '20:17:00', '20:17:00', 10 );
INSERT INTO "times" VALUES ( 18023, 11540, '20:19:00', '20:19:00', 10 );
INSERT INTO "times" VALUES ( 18023, 12530, '20:21:00', '20:22:00', 20 );
INSERT INTO "times" VALUES ( 18023, 12540, '20:24:00', '20:30:00', 20 );
INSERT INTO "times" VALUES ( 18023, 12550, '20:33:00', '20:33:00', 20 );
INSERT INTO "times" VALUES ( 18023, 12560, '20:34:00', '20:34:00', 20 );
INSERT INTO "times" VALUES ( 18023, 12570, '20:36:00', '20:36:00', 20 );
INSERT INTO "times" VALUES ( 18023, 12580, '20:37:00', '20:37:00', 20 );
INSERT INTO "times" VALUES ( 18023, 12590, '20:39:00', '20:39:00', 20 );
INSERT INTO "times" VALUES ( 18023, 12600, '20:40:00', '20:40:00', 20 );
INSERT INTO "times" VALUES ( 18023, 12610, '20:42:00', '20:45:00', 20 );
INSERT INTO "times" VALUES ( 18023, 12620, '20:47:00', '20:47:00', 20 );
INSERT INTO "times" VALUES ( 18023, 12630, '20:48:00', '20:48:00', 20 );
INSERT INTO "times" VALUES ( 18023, 12640, '20:50:00', '20:50:00', 20 );
INSERT INTO "times" VALUES ( 18023, 12650, '20:52:00', '20:52:00', 20 );
INSERT INTO "times" VALUES ( 18023, 12660, '20:55:00', '20:55:00', 20 );
INSERT INTO "times" VALUES ( 18023, 12670, '20:58:00', '20:58:00', 20 );
INSERT INTO "times" VALUES ( 18023, 12680, '21:01:00', '21:04:00', 20 );
INSERT INTO "times" VALUES ( 18023, 12690, '21:06:00', '21:06:00', 20 );
INSERT INTO "times" VALUES ( 18023, 12700, '21:09:00', '21:09:00', 20 );
INSERT INTO "times" VALUES ( 18023, 12710, '21:11:00', '21:14:00', 20 );
INSERT INTO "times" VALUES ( 18023, 12720, '21:17:00', '21:17:00', 20 );
INSERT INTO "times" VALUES ( 18023, 12730, '21:19:00', '21:19:00', 20 );
INSERT INTO "times" VALUES ( 18023, 12740, '21:22:00', '21:22:00', 20 );
INSERT INTO "times" VALUES ( 18023, 12750, '21:25:00', '21:25:00', 20 );
INSERT INTO "times" VALUES ( 18023, 12760, '21:28:00', '21:28:00', 20 );
INSERT INTO "times" VALUES ( 18023, 12770, '21:32:00', '21:32:00', 20 );
INSERT INTO "times" VALUES ( 18023, 12780, '21:36:00', '21:36:00', 20 );
INSERT INTO "times" VALUES ( 18023, 12790, '21:37:00', '21:37:00', 20 );
INSERT INTO "times" VALUES ( 18023, 12800, '21:39:00', '21:43:00', 20 );
INSERT INTO "times" VALUES ( 18023, 12810, '21:45:00', '21:45:00', 20 );
INSERT INTO "times" VALUES ( 18023, 12820, '21:47:00', '21:47:00', 20 );
INSERT INTO "times" VALUES ( 18023, 12830, '21:49:00', '21:49:00', 20 );
INSERT INTO "times" VALUES ( 18023, 12840, '21:50:00', '21:50:00', 20 );
INSERT INTO "times" VALUES ( 18023, 12850, '21:51:00', '21:51:00', 20 );
INSERT INTO "times" VALUES ( 18023, 12860, '21:53:00', '21:53:00', 20 );
INSERT INTO "times" VALUES ( 18023, 12870, '21:55:00', '21:55:00', 20 );
INSERT INTO "times" VALUES ( 18023, 12880, '21:56:00', '21:56:00', 20 );
INSERT INTO "times" VALUES ( 18023, 12890, '21:58:00', '21:58:00', 20 );
INSERT INTO "times" VALUES ( 18023, 12900, '22:00:00', '22:00:00', 20 );
INSERT INTO "times" VALUES ( 18023, 13510, '22:02:00', '22:02:00', 30 );
INSERT INTO "times" VALUES ( 18023, 13520, '22:05:00', NULL, NULL );

INSERT INTO "dias" VALUES ( 18024, 100, FALSE, TRUE, 'Q2001B', 13520, 11510 );
INSERT INTO "dias_line_groups" VALUES ( 18024, 10 );
INSERT INTO "times" VALUES ( 18024, 11510, '22:01:00', NULL, NULL );
INSERT INTO "times" VALUES ( 18024, 11520, '21:58:00', '21:58:00', 10 );
INSERT INTO "times" VALUES ( 18024, 11530, '21:57:00', '21:57:00', 10 );
INSERT INTO "times" VALUES ( 18024, 11540, '21:55:00', '21:55:00', 10 );
INSERT INTO "times" VALUES ( 18024, 12530, '21:54:00', '21:54:00', 10 );
INSERT INTO "times" VALUES ( 18024, 12540, '21:48:00', '21:51:00', 20 );
INSERT INTO "times" VALUES ( 18024, 12550, '21:46:00', '21:46:00', 20 );
INSERT INTO "times" VALUES ( 18024, 12560, '21:44:00', '21:44:00', 20 );
INSERT INTO "times" VALUES ( 18024, 12570, '21:43:00', '21:43:00', 20 );
INSERT INTO "times" VALUES ( 18024, 12580, '21:41:00', '21:41:00', 20 );
INSERT INTO "times" VALUES ( 18024, 12590, '21:40:00', '21:40:00', 20 );
INSERT INTO "times" VALUES ( 18024, 12600, '21:38:00', '21:38:00', 20 );
INSERT INTO "times" VALUES ( 18024, 12610, '21:33:00', '21:37:00', 20 );
INSERT INTO "times" VALUES ( 18024, 12620, '21:31:00', '21:31:00', 20 );
INSERT INTO "times" VALUES ( 18024, 12630, '21:29:00', '21:29:00', 20 );
INSERT INTO "times" VALUES ( 18024, 12640, '21:28:00', '21:28:00', 20 );
INSERT INTO "times" VALUES ( 18024, 12650, '21:26:00', '21:26:00', 20 );
INSERT INTO "times" VALUES ( 18024, 12660, '21:23:00', '21:24:00', 20 );
INSERT INTO "times" VALUES ( 18024, 12670, '21:20:00', '21:20:00', 20 );
INSERT INTO "times" VALUES ( 18024, 12680, '21:12:00', '21:17:00', 20 );
INSERT INTO "times" VALUES ( 18024, 12690, '21:09:00', '21:09:00', 20 );
INSERT INTO "times" VALUES ( 18024, 12700, '21:07:00', '21:07:00', 20 );
INSERT INTO "times" VALUES ( 18024, 12710, '21:05:00', '21:05:00', 20 );
INSERT INTO "times" VALUES ( 18024, 12720, '21:03:00', '21:03:00', 20 );
INSERT INTO "times" VALUES ( 18024, 12730, '21:00:00', '21:00:00', 20 );
INSERT INTO "times" VALUES ( 18024, 12740, '20:58:00', '20:58:00', 20 );
INSERT INTO "times" VALUES ( 18024, 12750, '20:54:00', '20:54:00', 20 );
INSERT INTO "times" VALUES ( 18024, 12760, '20:52:00', '20:52:00', 20 );
INSERT INTO "times" VALUES ( 18024, 12770, '20:48:00', '20:48:00', 20 );
INSERT INTO "times" VALUES ( 18024, 12780, '20:44:00', '20:44:00', 20 );
INSERT INTO "times" VALUES ( 18024, 12790, '20:41:00', '20:41:00', 20 );
INSERT INTO "times" VALUES ( 18024, 12800, '20:36:00', '20:39:00', 20 );
INSERT INTO "times" VALUES ( 18024, 12810, '20:34:00', '20:34:00', 20 );
INSERT INTO "times" VALUES ( 18024, 12820, '20:32:00', '20:32:00', 20 );
INSERT INTO "times" VALUES ( 18024, 12830, '20:31:00', '20:31:00', 20 );
INSERT INTO "times" VALUES ( 18024, 12840, '20:29:00', '20:29:00', 20 );
INSERT INTO "times" VALUES ( 18024, 12850, '20:27:00', '20:27:00', 20 );
INSERT INTO "times" VALUES ( 18024, 12860, '20:25:00', '20:25:00', 20 );
INSERT INTO "times" VALUES ( 18024, 12870, '20:24:00', '20:24:00', 20 );
INSERT INTO "times" VALUES ( 18024, 12880, '20:22:00', '20:22:00', 20 );
INSERT INTO "times" VALUES ( 18024, 12890, '20:20:00', '20:20:00', 20 );
INSERT INTO "times" VALUES ( 18024, 12900, '20:15:00', '20:19:00', 20 );
INSERT INTO "times" VALUES ( 18024, 13510, '20:13:00', '20:13:00', 30 );
INSERT INTO "times" VALUES ( 18024, 13520, NULL, '20:11:00', 30 );

INSERT INTO "dias" VALUES ( 18025, 100, FALSE, TRUE, 'Q2002Z', 11510, 13520 );
INSERT INTO "dias_line_groups" VALUES ( 18025, 10 );
INSERT INTO "times" VALUES ( 18025, 11510, NULL, '20:34:00', 10 );
INSERT INTO "times" VALUES ( 18025, 11520, '20:35:00', '20:35:00', 10 );
INSERT INTO "times" VALUES ( 18025, 11530, '20:37:00', '20:37:00', 10 );
INSERT INTO "times" VALUES ( 18025, 11540, '20:39:00', '20:39:00', 10 );
INSERT INTO "times" VALUES ( 18025, 12530, '20:41:00', '20:42:00', 20 );
INSERT INTO "times" VALUES ( 18025, 12540, '20:44:00', '20:50:00', 20 );
INSERT INTO "times" VALUES ( 18025, 12550, '20:52:00', '20:52:00', 20 );
INSERT INTO "times" VALUES ( 18025, 12560, '20:54:00', '20:54:00', 20 );
INSERT INTO "times" VALUES ( 18025, 12570, '20:56:00', '20:56:00', 20 );
INSERT INTO "times" VALUES ( 18025, 12580, '20:57:00', '20:57:00', 20 );
INSERT INTO "times" VALUES ( 18025, 12590, '20:58:00', '20:58:00', 20 );
INSERT INTO "times" VALUES ( 18025, 12600, '21:00:00', '21:00:00', 20 );
INSERT INTO "times" VALUES ( 18025, 12610, '21:01:00', '21:05:00', 20 );
INSERT INTO "times" VALUES ( 18025, 12620, '21:06:00', '21:06:00', 20 );
INSERT INTO "times" VALUES ( 18025, 12630, '21:08:00', '21:08:00', 20 );
INSERT INTO "times" VALUES ( 18025, 12640, '21:09:00', '21:09:00', 20 );
INSERT INTO "times" VALUES ( 18025, 12650, '21:11:00', '21:11:00', 20 );
INSERT INTO "times" VALUES ( 18025, 12660, '21:13:00', '21:15:00', 20 );
INSERT INTO "times" VALUES ( 18025, 12670, '21:18:00', '21:18:00', 20 );
INSERT INTO "times" VALUES ( 18025, 12680, '21:21:00', '21:27:00', 20 );
INSERT INTO "times" VALUES ( 18025, 12690, '21:29:00', '21:29:00', 20 );
INSERT INTO "times" VALUES ( 18025, 12700, '21:31:00', '21:31:00', 20 );
INSERT INTO "times" VALUES ( 18025, 12710, '21:33:00', '21:34:00', 20 );
INSERT INTO "times" VALUES ( 18025, 12720, '21:36:00', '21:36:00', 20 );
INSERT INTO "times" VALUES ( 18025, 12730, '21:38:00', '21:38:00', 20 );
INSERT INTO "times" VALUES ( 18025, 12740, '21:41:00', '21:41:00', 20 );
INSERT INTO "times" VALUES ( 18025, 12750, '21:44:00', '21:44:00', 20 );
INSERT INTO "times" VALUES ( 18025, 12760, '21:47:00', '21:47:00', 20 );
INSERT INTO "times" VALUES ( 18025, 12770, '21:51:00', '21:51:00', 20 );
INSERT INTO "times" VALUES ( 18025, 12780, '21:56:00', '21:56:00', 20 );
INSERT INTO "times" VALUES ( 18025, 12790, '21:57:00', '21:57:00', 20 );
INSERT INTO "times" VALUES ( 18025, 12800, '21:59:00', '22:04:00', 20 );
INSERT INTO "times" VALUES ( 18025, 12810, '22:05:00', '22:05:00', 20 );
INSERT INTO "times" VALUES ( 18025, 12820, '22:07:00', '22:07:00', 20 );
INSERT INTO "times" VALUES ( 18025, 12830, '22:09:00', '22:09:00', 20 );
INSERT INTO "times" VALUES ( 18025, 12840, '22:10:00', '22:10:00', 20 );
INSERT INTO "times" VALUES ( 18025, 12850, '22:12:00', '22:12:00', 20 );
INSERT INTO "times" VALUES ( 18025, 12860, '22:13:00', '22:13:00', 20 );
INSERT INTO "times" VALUES ( 18025, 12870, '22:15:00', '22:15:00', 20 );
INSERT INTO "times" VALUES ( 18025, 12880, '22:17:00', '22:17:00', 20 );
INSERT INTO "times" VALUES ( 18025, 12890, '22:19:00', '22:19:00', 20 );
INSERT INTO "times" VALUES ( 18025, 12900, '22:20:00', '22:22:00', 20 );
INSERT INTO "times" VALUES ( 18025, 13510, '22:24:00', '22:24:00', 30 );
INSERT INTO "times" VALUES ( 18025, 13520, '22:27:00', NULL, NULL );

INSERT INTO "dias" VALUES ( 18026, 100, FALSE, TRUE, 'Q2003B', 13520, 11510 );
INSERT INTO "dias_line_groups" VALUES ( 18026, 10 );
INSERT INTO "times" VALUES ( 18026, 11510, '22:20:00', NULL, NULL );
INSERT INTO "times" VALUES ( 18026, 11520, '22:18:00', '22:18:00', 10 );
INSERT INTO "times" VALUES ( 18026, 11530, '22:16:00', '22:16:00', 10 );
INSERT INTO "times" VALUES ( 18026, 11540, '22:15:00', '22:15:00', 10 );
INSERT INTO "times" VALUES ( 18026, 12530, '22:13:00', '22:13:00', 10 );
INSERT INTO "times" VALUES ( 18026, 12540, '22:08:00', '22:10:00', 20 );
INSERT INTO "times" VALUES ( 18026, 12550, '22:05:00', '22:05:00', 20 );
INSERT INTO "times" VALUES ( 18026, 12560, '22:04:00', '22:04:00', 20 );
INSERT INTO "times" VALUES ( 18026, 12570, '22:02:00', '22:02:00', 20 );
INSERT INTO "times" VALUES ( 18026, 12580, '22:00:00', '22:00:00', 20 );
INSERT INTO "times" VALUES ( 18026, 12590, '21:59:00', '21:59:00', 20 );
INSERT INTO "times" VALUES ( 18026, 12600, '21:58:00', '21:58:00', 20 );
INSERT INTO "times" VALUES ( 18026, 12610, '21:53:00', '21:57:00', 20 );
INSERT INTO "times" VALUES ( 18026, 12620, '21:51:00', '21:51:00', 20 );
INSERT INTO "times" VALUES ( 18026, 12630, '21:49:00', '21:49:00', 20 );
INSERT INTO "times" VALUES ( 18026, 12640, '21:48:00', '21:48:00', 20 );
INSERT INTO "times" VALUES ( 18026, 12650, '21:46:00', '21:46:00', 20 );
INSERT INTO "times" VALUES ( 18026, 12660, '21:43:00', '21:44:00', 20 );
INSERT INTO "times" VALUES ( 18026, 12670, '21:40:00', '21:40:00', 20 );
INSERT INTO "times" VALUES ( 18026, 12680, '21:32:00', '21:37:00', 20 );
INSERT INTO "times" VALUES ( 18026, 12690, '21:29:00', '21:29:00', 20 );
INSERT INTO "times" VALUES ( 18026, 12700, '21:27:00', '21:27:00', 20 );
INSERT INTO "times" VALUES ( 18026, 12710, '21:25:00', '21:25:00', 20 );
INSERT INTO "times" VALUES ( 18026, 12720, '21:23:00', '21:23:00', 20 );
INSERT INTO "times" VALUES ( 18026, 12730, '21:20:00', '21:20:00', 20 );
INSERT INTO "times" VALUES ( 18026, 12740, '21:18:00', '21:18:00', 20 );
INSERT INTO "times" VALUES ( 18026, 12750, '21:14:00', '21:14:00', 20 );
INSERT INTO "times" VALUES ( 18026, 12760, '21:12:00', '21:12:00', 20 );
INSERT INTO "times" VALUES ( 18026, 12770, '21:08:00', '21:08:00', 20 );
INSERT INTO "times" VALUES ( 18026, 12780, '21:04:00', '21:04:00', 20 );
INSERT INTO "times" VALUES ( 18026, 12790, '21:01:00', '21:01:00', 20 );
INSERT INTO "times" VALUES ( 18026, 12800, '20:56:00', '20:59:00', 20 );
INSERT INTO "times" VALUES ( 18026, 12810, '20:54:00', '20:54:00', 20 );
INSERT INTO "times" VALUES ( 18026, 12820, '20:52:00', '20:52:00', 20 );
INSERT INTO "times" VALUES ( 18026, 12830, '20:51:00', '20:51:00', 20 );
INSERT INTO "times" VALUES ( 18026, 12840, '20:49:00', '20:49:00', 20 );
INSERT INTO "times" VALUES ( 18026, 12850, '20:47:00', '20:47:00', 20 );
INSERT INTO "times" VALUES ( 18026, 12860, '20:45:00', '20:45:00', 20 );
INSERT INTO "times" VALUES ( 18026, 12870, '20:44:00', '20:44:00', 20 );
INSERT INTO "times" VALUES ( 18026, 12880, '20:42:00', '20:42:00', 20 );
INSERT INTO "times" VALUES ( 18026, 12890, '20:40:00', '20:40:00', 20 );
INSERT INTO "times" VALUES ( 18026, 12900, '20:35:00', '20:39:00', 20 );
INSERT INTO "times" VALUES ( 18026, 13510, '20:33:00', '20:33:00', 30 );
INSERT INTO "times" VALUES ( 18026, 13520, NULL, '20:31:00', 30 );

INSERT INTO "dias" VALUES ( 18027, 100, FALSE, TRUE, 'Q2004S', 11510, 12900 );
INSERT INTO "dias_line_groups" VALUES ( 18027, 10 );
INSERT INTO "times" VALUES ( 18027, 11510, NULL, '20:54:00', 10 );
INSERT INTO "times" VALUES ( 18027, 11520, '20:55:00', '20:55:00', 10 );
INSERT INTO "times" VALUES ( 18027, 11530, '20:57:00', '20:57:00', 10 );
INSERT INTO "times" VALUES ( 18027, 11540, '20:59:00', '20:59:00', 10 );
INSERT INTO "times" VALUES ( 18027, 12530, '21:01:00', '21:02:00', 20 );
INSERT INTO "times" VALUES ( 18027, 12540, '21:04:00', '21:12:00', 20 );
INSERT INTO "times" VALUES ( 18027, 12550, '21:14:00', '21:14:00', 20 );
INSERT INTO "times" VALUES ( 18027, 12560, '21:15:00', '21:15:00', 20 );
INSERT INTO "times" VALUES ( 18027, 12570, '21:17:00', '21:17:00', 20 );
INSERT INTO "times" VALUES ( 18027, 12580, '21:19:00', '21:19:00', 20 );
INSERT INTO "times" VALUES ( 18027, 12590, '21:20:00', '21:20:00', 20 );
INSERT INTO "times" VALUES ( 18027, 12600, '21:21:00', '21:21:00', 20 );
INSERT INTO "times" VALUES ( 18027, 12610, '21:23:00', '21:26:00', 20 );
INSERT INTO "times" VALUES ( 18027, 12620, '21:27:00', '21:27:00', 20 );
INSERT INTO "times" VALUES ( 18027, 12630, '21:29:00', '21:29:00', 20 );
INSERT INTO "times" VALUES ( 18027, 12640, '21:30:00', '21:30:00', 20 );
INSERT INTO "times" VALUES ( 18027, 12650, '21:32:00', '21:32:00', 20 );
INSERT INTO "times" VALUES ( 18027, 12660, '21:34:00', '21:35:00', 20 );
INSERT INTO "times" VALUES ( 18027, 12670, '21:38:00', '21:38:00', 20 );
INSERT INTO "times" VALUES ( 18027, 12680, '21:42:00', '21:47:00', 20 );
INSERT INTO "times" VALUES ( 18027, 12690, '21:49:00', '21:49:00', 20 );
INSERT INTO "times" VALUES ( 18027, 12700, '21:51:00', '21:51:00', 20 );
INSERT INTO "times" VALUES ( 18027, 12710, '21:53:00', '21:54:00', 20 );
INSERT INTO "times" VALUES ( 18027, 12720, '21:56:00', '21:56:00', 20 );
INSERT INTO "times" VALUES ( 18027, 12730, '21:58:00', '21:58:00', 20 );
INSERT INTO "times" VALUES ( 18027, 12740, '22:02:00', '22:02:00', 20 );
INSERT INTO "times" VALUES ( 18027, 12750, '22:04:00', '22:04:00', 20 );
INSERT INTO "times" VALUES ( 18027, 12760, '22:07:00', '22:07:00', 20 );
INSERT INTO "times" VALUES ( 18027, 12770, '22:11:00', '22:11:00', 20 );
INSERT INTO "times" VALUES ( 18027, 12780, '22:16:00', '22:16:00', 20 );
INSERT INTO "times" VALUES ( 18027, 12790, '22:17:00', '22:17:00', 20 );
INSERT INTO "times" VALUES ( 18027, 12800, '22:19:00', '22:24:00', 20 );
INSERT INTO "times" VALUES ( 18027, 12810, '22:25:00', '22:25:00', 20 );
INSERT INTO "times" VALUES ( 18027, 12820, '22:27:00', '22:27:00', 20 );
INSERT INTO "times" VALUES ( 18027, 12830, '22:29:00', '22:29:00', 20 );
INSERT INTO "times" VALUES ( 18027, 12840, '22:30:00', '22:30:00', 20 );
INSERT INTO "times" VALUES ( 18027, 12850, '22:32:00', '22:32:00', 20 );
INSERT INTO "times" VALUES ( 18027, 12860, '22:33:00', '22:33:00', 20 );
INSERT INTO "times" VALUES ( 18027, 12870, '22:35:00', '22:35:00', 20 );
INSERT INTO "times" VALUES ( 18027, 12880, '22:37:00', '22:37:00', 20 );
INSERT INTO "times" VALUES ( 18027, 12890, '22:39:00', '22:39:00', 20 );
INSERT INTO "times" VALUES ( 18027, 12900, '22:40:00', NULL, NULL );

INSERT INTO "dias" VALUES ( 18028, 100, FALSE, TRUE, 'Q2005B', 13520, 11510 );
INSERT INTO "dias_line_groups" VALUES ( 18028, 10 );
INSERT INTO "times" VALUES ( 18028, 11510, '22:40:00', NULL, NULL );
INSERT INTO "times" VALUES ( 18028, 11520, '22:38:00', '22:38:00', 10 );
INSERT INTO "times" VALUES ( 18028, 11530, '22:36:00', '22:36:00', 10 );
INSERT INTO "times" VALUES ( 18028, 11540, '22:35:00', '22:35:00', 10 );
INSERT INTO "times" VALUES ( 18028, 12530, '22:32:00', '22:33:00', 10 );
INSERT INTO "times" VALUES ( 18028, 12540, '22:28:00', '22:30:00', 20 );
INSERT INTO "times" VALUES ( 18028, 12550, '22:25:00', '22:25:00', 20 );
INSERT INTO "times" VALUES ( 18028, 12560, '22:24:00', '22:24:00', 20 );
INSERT INTO "times" VALUES ( 18028, 12570, '22:22:00', '22:22:00', 20 );
INSERT INTO "times" VALUES ( 18028, 12580, '22:20:00', '22:20:00', 20 );
INSERT INTO "times" VALUES ( 18028, 12590, '22:19:00', '22:19:00', 20 );
INSERT INTO "times" VALUES ( 18028, 12600, '22:18:00', '22:18:00', 20 );
INSERT INTO "times" VALUES ( 18028, 12610, '22:13:00', '22:17:00', 20 );
INSERT INTO "times" VALUES ( 18028, 12620, '22:11:00', '22:11:00', 20 );
INSERT INTO "times" VALUES ( 18028, 12630, '22:09:00', '22:09:00', 20 );
INSERT INTO "times" VALUES ( 18028, 12640, '22:08:00', '22:08:00', 20 );
INSERT INTO "times" VALUES ( 18028, 12650, '22:06:00', '22:06:00', 20 );
INSERT INTO "times" VALUES ( 18028, 12660, '22:03:00', '22:04:00', 20 );
INSERT INTO "times" VALUES ( 18028, 12670, '22:00:00', '22:00:00', 20 );
INSERT INTO "times" VALUES ( 18028, 12680, '21:52:00', '21:57:00', 20 );
INSERT INTO "times" VALUES ( 18028, 12690, '21:49:00', '21:49:00', 20 );
INSERT INTO "times" VALUES ( 18028, 12700, '21:47:00', '21:47:00', 20 );
INSERT INTO "times" VALUES ( 18028, 12710, '21:45:00', '21:45:00', 20 );
INSERT INTO "times" VALUES ( 18028, 12720, '21:43:00', '21:43:00', 20 );
INSERT INTO "times" VALUES ( 18028, 12730, '21:40:00', '21:40:00', 20 );
INSERT INTO "times" VALUES ( 18028, 12740, '21:38:00', '21:38:00', 20 );
INSERT INTO "times" VALUES ( 18028, 12750, '21:34:00', '21:34:00', 20 );
INSERT INTO "times" VALUES ( 18028, 12760, '21:32:00', '21:32:00', 20 );
INSERT INTO "times" VALUES ( 18028, 12770, '21:28:00', '21:28:00', 20 );
INSERT INTO "times" VALUES ( 18028, 12780, '21:24:00', '21:24:00', 20 );
INSERT INTO "times" VALUES ( 18028, 12790, '21:21:00', '21:21:00', 20 );
INSERT INTO "times" VALUES ( 18028, 12800, '21:16:00', '21:19:00', 20 );
INSERT INTO "times" VALUES ( 18028, 12810, '21:14:00', '21:14:00', 20 );
INSERT INTO "times" VALUES ( 18028, 12820, '21:12:00', '21:12:00', 20 );
INSERT INTO "times" VALUES ( 18028, 12830, '21:11:00', '21:11:00', 20 );
INSERT INTO "times" VALUES ( 18028, 12840, '21:09:00', '21:09:00', 20 );
INSERT INTO "times" VALUES ( 18028, 12850, '21:07:00', '21:07:00', 20 );
INSERT INTO "times" VALUES ( 18028, 12860, '21:05:00', '21:05:00', 20 );
INSERT INTO "times" VALUES ( 18028, 12870, '21:04:00', '21:04:00', 20 );
INSERT INTO "times" VALUES ( 18028, 12880, '21:02:00', '21:02:00', 20 );
INSERT INTO "times" VALUES ( 18028, 12890, '21:00:00', '21:00:00', 20 );
INSERT INTO "times" VALUES ( 18028, 12900, '20:55:00', '20:59:00', 20 );
INSERT INTO "times" VALUES ( 18028, 13510, '20:53:00', '20:53:00', 30 );
INSERT INTO "times" VALUES ( 18028, 13520, NULL, '20:51:00', 30 );

INSERT INTO "dias" VALUES ( 18029, 100, FALSE, TRUE, 'Q2100Z', 11510, 13520 );
INSERT INTO "dias_line_groups" VALUES ( 18029, 10 );
INSERT INTO "times" VALUES ( 18029, 11510, NULL, '21:19:00', 10 );
INSERT INTO "times" VALUES ( 18029, 11520, '21:20:00', '21:20:00', 10 );
INSERT INTO "times" VALUES ( 18029, 11530, '21:22:00', '21:22:00', 10 );
INSERT INTO "times" VALUES ( 18029, 11540, '21:24:00', '21:24:00', 10 );
INSERT INTO "times" VALUES ( 18029, 12530, '21:26:00', '21:26:00', 20 );
INSERT INTO "times" VALUES ( 18029, 12540, '21:29:00', '21:32:00', 20 );
INSERT INTO "times" VALUES ( 18029, 12550, '21:34:00', '21:34:00', 20 );
INSERT INTO "times" VALUES ( 18029, 12560, '21:35:00', '21:35:00', 20 );
INSERT INTO "times" VALUES ( 18029, 12570, '21:37:00', '21:37:00', 20 );
INSERT INTO "times" VALUES ( 18029, 12580, '21:39:00', '21:39:00', 20 );
INSERT INTO "times" VALUES ( 18029, 12590, '21:40:00', '21:40:00', 20 );
INSERT INTO "times" VALUES ( 18029, 12600, '21:41:00', '21:41:00', 20 );
INSERT INTO "times" VALUES ( 18029, 12610, '21:43:00', '21:46:00', 20 );
INSERT INTO "times" VALUES ( 18029, 12620, '21:47:00', '21:47:00', 20 );
INSERT INTO "times" VALUES ( 18029, 12630, '21:49:00', '21:49:00', 20 );
INSERT INTO "times" VALUES ( 18029, 12640, '21:50:00', '21:50:00', 20 );
INSERT INTO "times" VALUES ( 18029, 12650, '21:52:00', '21:52:00', 20 );
INSERT INTO "times" VALUES ( 18029, 12660, '21:54:00', '21:55:00', 20 );
INSERT INTO "times" VALUES ( 18029, 12670, '21:58:00', '21:58:00', 20 );
INSERT INTO "times" VALUES ( 18029, 12680, '22:02:00', '22:07:00', 20 );
INSERT INTO "times" VALUES ( 18029, 12690, '22:09:00', '22:09:00', 20 );
INSERT INTO "times" VALUES ( 18029, 12700, '22:11:00', '22:11:00', 20 );
INSERT INTO "times" VALUES ( 18029, 12710, '22:13:00', '22:14:00', 20 );
INSERT INTO "times" VALUES ( 18029, 12720, '22:16:00', '22:16:00', 20 );
INSERT INTO "times" VALUES ( 18029, 12730, '22:18:00', '22:18:00', 20 );
INSERT INTO "times" VALUES ( 18029, 12740, '22:22:00', '22:22:00', 20 );
INSERT INTO "times" VALUES ( 18029, 12750, '22:24:00', '22:24:00', 20 );
INSERT INTO "times" VALUES ( 18029, 12760, '22:27:00', '22:27:00', 20 );
INSERT INTO "times" VALUES ( 18029, 12770, '22:31:00', '22:31:00', 20 );
INSERT INTO "times" VALUES ( 18029, 12780, '22:36:00', '22:36:00', 20 );
INSERT INTO "times" VALUES ( 18029, 12790, '22:37:00', '22:37:00', 20 );
INSERT INTO "times" VALUES ( 18029, 12800, '22:39:00', '22:43:00', 20 );
INSERT INTO "times" VALUES ( 18029, 12810, '22:45:00', '22:45:00', 20 );
INSERT INTO "times" VALUES ( 18029, 12820, '22:47:00', '22:47:00', 20 );
INSERT INTO "times" VALUES ( 18029, 12830, '22:49:00', '22:49:00', 20 );
INSERT INTO "times" VALUES ( 18029, 12840, '22:50:00', '22:50:00', 20 );
INSERT INTO "times" VALUES ( 18029, 12850, '22:51:00', '22:51:00', 20 );
INSERT INTO "times" VALUES ( 18029, 12860, '22:53:00', '22:53:00', 20 );
INSERT INTO "times" VALUES ( 18029, 12870, '22:55:00', '22:55:00', 20 );
INSERT INTO "times" VALUES ( 18029, 12880, '22:56:00', '22:56:00', 20 );
INSERT INTO "times" VALUES ( 18029, 12890, '22:58:00', '22:58:00', 20 );
INSERT INTO "times" VALUES ( 18029, 12900, '23:00:00', '23:00:00', 20 );
INSERT INTO "times" VALUES ( 18029, 13510, '23:02:00', '23:02:00', 30 );
INSERT INTO "times" VALUES ( 18029, 13520, '23:05:00', NULL, NULL );

INSERT INTO "dias" VALUES ( 18030, 100, FALSE, TRUE, 'Q2101A', 13520, 12510 );
INSERT INTO "dias_line_groups" VALUES ( 18030, 10 );
INSERT INTO "times" VALUES ( 18030, 12510, '22:57:00', NULL, NULL );
INSERT INTO "times" VALUES ( 18030, 12520, '22:55:00', '22:55:00', 20 );
INSERT INTO "times" VALUES ( 18030, 12530, '22:53:00', '22:53:00', 20 );
INSERT INTO "times" VALUES ( 18030, 12540, '22:49:00', '22:50:00', 20 );
INSERT INTO "times" VALUES ( 18030, 12550, '22:46:00', '22:46:00', 20 );
INSERT INTO "times" VALUES ( 18030, 12560, '22:44:00', '22:44:00', 20 );
INSERT INTO "times" VALUES ( 18030, 12570, '22:43:00', '22:43:00', 20 );
INSERT INTO "times" VALUES ( 18030, 12580, '22:41:00', '22:41:00', 20 );
INSERT INTO "times" VALUES ( 18030, 12590, '22:40:00', '22:40:00', 20 );
INSERT INTO "times" VALUES ( 18030, 12600, '22:39:00', '22:39:00', 20 );
INSERT INTO "times" VALUES ( 18030, 12610, '22:33:00', '22:38:00', 20 );
INSERT INTO "times" VALUES ( 18030, 12620, '22:31:00', '22:31:00', 20 );
INSERT INTO "times" VALUES ( 18030, 12630, '22:29:00', '22:29:00', 20 );
INSERT INTO "times" VALUES ( 18030, 12640, '22:28:00', '22:28:00', 20 );
INSERT INTO "times" VALUES ( 18030, 12650, '22:26:00', '22:26:00', 20 );
INSERT INTO "times" VALUES ( 18030, 12660, '22:23:00', '22:24:00', 20 );
INSERT INTO "times" VALUES ( 18030, 12670, '22:20:00', '22:20:00', 20 );
INSERT INTO "times" VALUES ( 18030, 12680, '22:12:00', '22:17:00', 20 );
INSERT INTO "times" VALUES ( 18030, 12690, '22:09:00', '22:09:00', 20 );
INSERT INTO "times" VALUES ( 18030, 12700, '22:07:00', '22:07:00', 20 );
INSERT INTO "times" VALUES ( 18030, 12710, '22:05:00', '22:05:00', 20 );
INSERT INTO "times" VALUES ( 18030, 12720, '22:03:00', '22:03:00', 20 );
INSERT INTO "times" VALUES ( 18030, 12730, '22:00:00', '22:00:00', 20 );
INSERT INTO "times" VALUES ( 18030, 12740, '21:58:00', '21:58:00', 20 );
INSERT INTO "times" VALUES ( 18030, 12750, '21:54:00', '21:54:00', 20 );
INSERT INTO "times" VALUES ( 18030, 12760, '21:52:00', '21:52:00', 20 );
INSERT INTO "times" VALUES ( 18030, 12770, '21:48:00', '21:48:00', 20 );
INSERT INTO "times" VALUES ( 18030, 12780, '21:44:00', '21:44:00', 20 );
INSERT INTO "times" VALUES ( 18030, 12790, '21:41:00', '21:41:00', 20 );
INSERT INTO "times" VALUES ( 18030, 12800, '21:36:00', '21:39:00', 20 );
INSERT INTO "times" VALUES ( 18030, 12810, '21:34:00', '21:34:00', 20 );
INSERT INTO "times" VALUES ( 18030, 12820, '21:32:00', '21:32:00', 20 );
INSERT INTO "times" VALUES ( 18030, 12830, '21:31:00', '21:31:00', 20 );
INSERT INTO "times" VALUES ( 18030, 12840, '21:29:00', '21:29:00', 20 );
INSERT INTO "times" VALUES ( 18030, 12850, '21:27:00', '21:27:00', 20 );
INSERT INTO "times" VALUES ( 18030, 12860, '21:25:00', '21:25:00', 20 );
INSERT INTO "times" VALUES ( 18030, 12870, '21:24:00', '21:24:00', 20 );
INSERT INTO "times" VALUES ( 18030, 12880, '21:22:00', '21:22:00', 20 );
INSERT INTO "times" VALUES ( 18030, 12890, '21:20:00', '21:20:00', 20 );
INSERT INTO "times" VALUES ( 18030, 12900, '21:15:00', '21:19:00', 20 );
INSERT INTO "times" VALUES ( 18030, 13510, '21:13:00', '21:13:00', 30 );
INSERT INTO "times" VALUES ( 18030, 13520, NULL, '21:11:00', 30 );

INSERT INTO "dias" VALUES ( 18031, 100, FALSE, TRUE, 'Q2102Z', 11510, 13520 );
INSERT INTO "dias_line_groups" VALUES ( 18031, 10 );
INSERT INTO "times" VALUES ( 18031, 11510, NULL, '21:38:00', 10 );
INSERT INTO "times" VALUES ( 18031, 11520, '21:40:00', '21:40:00', 10 );
INSERT INTO "times" VALUES ( 18031, 11530, '21:41:00', '21:41:00', 10 );
INSERT INTO "times" VALUES ( 18031, 11540, '21:43:00', '21:43:00', 10 );
INSERT INTO "times" VALUES ( 18031, 12530, '21:45:00', '21:46:00', 20 );
INSERT INTO "times" VALUES ( 18031, 12540, '21:48:00', '21:52:00', 20 );
INSERT INTO "times" VALUES ( 18031, 12550, '21:54:00', '21:54:00', 20 );
INSERT INTO "times" VALUES ( 18031, 12560, '21:55:00', '21:55:00', 20 );
INSERT INTO "times" VALUES ( 18031, 12570, '21:57:00', '21:57:00', 20 );
INSERT INTO "times" VALUES ( 18031, 12580, '21:59:00', '21:59:00', 20 );
INSERT INTO "times" VALUES ( 18031, 12590, '22:00:00', '22:00:00', 20 );
INSERT INTO "times" VALUES ( 18031, 12600, '22:01:00', '22:01:00', 20 );
INSERT INTO "times" VALUES ( 18031, 12610, '22:03:00', '22:06:00', 20 );
INSERT INTO "times" VALUES ( 18031, 12620, '22:07:00', '22:07:00', 20 );
INSERT INTO "times" VALUES ( 18031, 12630, '22:09:00', '22:09:00', 20 );
INSERT INTO "times" VALUES ( 18031, 12640, '22:10:00', '22:10:00', 20 );
INSERT INTO "times" VALUES ( 18031, 12650, '22:12:00', '22:12:00', 20 );
INSERT INTO "times" VALUES ( 18031, 12660, '22:15:00', '22:15:00', 20 );
INSERT INTO "times" VALUES ( 18031, 12670, '22:18:00', '22:18:00', 20 );
INSERT INTO "times" VALUES ( 18031, 12680, '22:21:00', '22:26:00', 20 );
INSERT INTO "times" VALUES ( 18031, 12690, '22:29:00', '22:29:00', 20 );
INSERT INTO "times" VALUES ( 18031, 12700, '22:31:00', '22:31:00', 20 );
INSERT INTO "times" VALUES ( 18031, 12710, '22:33:00', '22:34:00', 20 );
INSERT INTO "times" VALUES ( 18031, 12720, '22:36:00', '22:36:00', 20 );
INSERT INTO "times" VALUES ( 18031, 12730, '22:38:00', '22:38:00', 20 );
INSERT INTO "times" VALUES ( 18031, 12740, '22:41:00', '22:42:00', 20 );
INSERT INTO "times" VALUES ( 18031, 12750, '22:44:00', '22:44:00', 20 );
INSERT INTO "times" VALUES ( 18031, 12760, '22:47:00', '22:47:00', 20 );
INSERT INTO "times" VALUES ( 18031, 12770, '22:51:00', '22:52:00', 20 );
INSERT INTO "times" VALUES ( 18031, 12780, '22:56:00', '22:56:00', 20 );
INSERT INTO "times" VALUES ( 18031, 12790, '22:57:00', '22:57:00', 20 );
INSERT INTO "times" VALUES ( 18031, 12800, '22:59:00', '23:04:00', 20 );
INSERT INTO "times" VALUES ( 18031, 12810, '23:06:00', '23:06:00', 20 );
INSERT INTO "times" VALUES ( 18031, 12820, '23:08:00', '23:08:00', 20 );
INSERT INTO "times" VALUES ( 18031, 12830, '23:10:00', '23:10:00', 20 );
INSERT INTO "times" VALUES ( 18031, 12840, '23:11:00', '23:11:00', 20 );
INSERT INTO "times" VALUES ( 18031, 12850, '23:12:00', '23:12:00', 20 );
INSERT INTO "times" VALUES ( 18031, 12860, '23:14:00', '23:14:00', 20 );
INSERT INTO "times" VALUES ( 18031, 12870, '23:16:00', '23:16:00', 20 );
INSERT INTO "times" VALUES ( 18031, 12880, '23:18:00', '23:18:00', 20 );
INSERT INTO "times" VALUES ( 18031, 12890, '23:19:00', '23:19:00', 20 );
INSERT INTO "times" VALUES ( 18031, 12900, '23:21:00', '23:22:00', 20 );
INSERT INTO "times" VALUES ( 18031, 13510, '23:24:00', '23:24:00', 30 );
INSERT INTO "times" VALUES ( 18031, 13520, '23:27:00', NULL, NULL );

INSERT INTO "dias" VALUES ( 18032, 100, FALSE, TRUE, 'Q2103B', 13520, 11510 );
INSERT INTO "dias_line_groups" VALUES ( 18032, 10 );
INSERT INTO "times" VALUES ( 18032, 11510, '23:22:00', NULL, NULL );
INSERT INTO "times" VALUES ( 18032, 11520, '23:19:00', '23:19:00', 10 );
INSERT INTO "times" VALUES ( 18032, 11530, '23:18:00', '23:18:00', 10 );
INSERT INTO "times" VALUES ( 18032, 11540, '23:16:00', '23:16:00', 10 );
INSERT INTO "times" VALUES ( 18032, 12530, '23:14:00', '23:14:00', 10 );
INSERT INTO "times" VALUES ( 18032, 12540, '23:08:00', '23:11:00', 20 );
INSERT INTO "times" VALUES ( 18032, 12550, '23:05:00', '23:05:00', 20 );
INSERT INTO "times" VALUES ( 18032, 12560, '23:04:00', '23:04:00', 20 );
INSERT INTO "times" VALUES ( 18032, 12570, '23:02:00', '23:02:00', 20 );
INSERT INTO "times" VALUES ( 18032, 12580, '23:00:00', '23:00:00', 20 );
INSERT INTO "times" VALUES ( 18032, 12590, '22:59:00', '22:59:00', 20 );
INSERT INTO "times" VALUES ( 18032, 12600, '22:58:00', '22:58:00', 20 );
INSERT INTO "times" VALUES ( 18032, 12610, '22:53:00', '22:57:00', 20 );
INSERT INTO "times" VALUES ( 18032, 12620, '22:51:00', '22:51:00', 20 );
INSERT INTO "times" VALUES ( 18032, 12630, '22:49:00', '22:49:00', 20 );
INSERT INTO "times" VALUES ( 18032, 12640, '22:48:00', '22:48:00', 20 );
INSERT INTO "times" VALUES ( 18032, 12650, '22:46:00', '22:46:00', 20 );
INSERT INTO "times" VALUES ( 18032, 12660, '22:43:00', '22:44:00', 20 );
INSERT INTO "times" VALUES ( 18032, 12670, '22:40:00', '22:40:00', 20 );
INSERT INTO "times" VALUES ( 18032, 12680, '22:32:00', '22:37:00', 20 );
INSERT INTO "times" VALUES ( 18032, 12690, '22:29:00', '22:29:00', 20 );
INSERT INTO "times" VALUES ( 18032, 12700, '22:27:00', '22:27:00', 20 );
INSERT INTO "times" VALUES ( 18032, 12710, '22:25:00', '22:25:00', 20 );
INSERT INTO "times" VALUES ( 18032, 12720, '22:22:00', '22:22:00', 20 );
INSERT INTO "times" VALUES ( 18032, 12730, '22:20:00', '22:20:00', 20 );
INSERT INTO "times" VALUES ( 18032, 12740, '22:18:00', '22:18:00', 20 );
INSERT INTO "times" VALUES ( 18032, 12750, '22:14:00', '22:14:00', 20 );
INSERT INTO "times" VALUES ( 18032, 12760, '22:12:00', '22:12:00', 20 );
INSERT INTO "times" VALUES ( 18032, 12770, '22:08:00', '22:08:00', 20 );
INSERT INTO "times" VALUES ( 18032, 12780, '22:04:00', '22:04:00', 20 );
INSERT INTO "times" VALUES ( 18032, 12790, '22:01:00', '22:01:00', 20 );
INSERT INTO "times" VALUES ( 18032, 12800, '21:56:00', '21:59:00', 20 );
INSERT INTO "times" VALUES ( 18032, 12810, '21:54:00', '21:54:00', 20 );
INSERT INTO "times" VALUES ( 18032, 12820, '21:52:00', '21:52:00', 20 );
INSERT INTO "times" VALUES ( 18032, 12830, '21:51:00', '21:51:00', 20 );
INSERT INTO "times" VALUES ( 18032, 12840, '21:49:00', '21:49:00', 20 );
INSERT INTO "times" VALUES ( 18032, 12850, '21:47:00', '21:47:00', 20 );
INSERT INTO "times" VALUES ( 18032, 12860, '21:45:00', '21:45:00', 20 );
INSERT INTO "times" VALUES ( 18032, 12870, '21:44:00', '21:44:00', 20 );
INSERT INTO "times" VALUES ( 18032, 12880, '21:42:00', '21:42:00', 20 );
INSERT INTO "times" VALUES ( 18032, 12890, '21:40:00', '21:40:00', 20 );
INSERT INTO "times" VALUES ( 18032, 12900, '21:35:00', '21:39:00', 20 );
INSERT INTO "times" VALUES ( 18032, 13510, '21:33:00', '21:33:00', 30 );
INSERT INTO "times" VALUES ( 18032, 13520, NULL, '21:31:00', 30 );

INSERT INTO "dias" VALUES ( 18033, 100, FALSE, TRUE, 'Q2104Z', 11510, 13520 );
INSERT INTO "dias_line_groups" VALUES ( 18033, 10 );
INSERT INTO "times" VALUES ( 18033, 11510, NULL, '21:57:00', 10 );
INSERT INTO "times" VALUES ( 18033, 11520, '21:59:00', '21:59:00', 10 );
INSERT INTO "times" VALUES ( 18033, 11530, '22:00:00', '22:00:00', 10 );
INSERT INTO "times" VALUES ( 18033, 11540, '22:02:00', '22:02:00', 10 );
INSERT INTO "times" VALUES ( 18033, 12530, '22:04:00', '22:05:00', 20 );
INSERT INTO "times" VALUES ( 18033, 12540, '22:08:00', '22:12:00', 20 );
INSERT INTO "times" VALUES ( 18033, 12550, '22:14:00', '22:14:00', 20 );
INSERT INTO "times" VALUES ( 18033, 12560, '22:15:00', '22:15:00', 20 );
INSERT INTO "times" VALUES ( 18033, 12570, '22:17:00', '22:17:00', 20 );
INSERT INTO "times" VALUES ( 18033, 12580, '22:19:00', '22:19:00', 20 );
INSERT INTO "times" VALUES ( 18033, 12590, '22:20:00', '22:20:00', 20 );
INSERT INTO "times" VALUES ( 18033, 12600, '22:21:00', '22:21:00', 20 );
INSERT INTO "times" VALUES ( 18033, 12610, '22:23:00', '22:26:00', 20 );
INSERT INTO "times" VALUES ( 18033, 12620, '22:27:00', '22:27:00', 20 );
INSERT INTO "times" VALUES ( 18033, 12630, '22:29:00', '22:29:00', 20 );
INSERT INTO "times" VALUES ( 18033, 12640, '22:30:00', '22:30:00', 20 );
INSERT INTO "times" VALUES ( 18033, 12650, '22:32:00', '22:32:00', 20 );
INSERT INTO "times" VALUES ( 18033, 12660, '22:34:00', '22:35:00', 20 );
INSERT INTO "times" VALUES ( 18033, 12670, '22:38:00', '22:38:00', 20 );
INSERT INTO "times" VALUES ( 18033, 12680, '22:41:00', '22:45:00', 20 );
INSERT INTO "times" VALUES ( 18033, 12690, '22:47:00', '22:47:00', 20 );
INSERT INTO "times" VALUES ( 18033, 12700, '22:50:00', '22:50:00', 20 );
INSERT INTO "times" VALUES ( 18033, 12710, '22:52:00', '22:52:00', 20 );
INSERT INTO "times" VALUES ( 18033, 12720, '22:54:00', '22:54:00', 20 );
INSERT INTO "times" VALUES ( 18033, 12730, '22:56:00', '22:56:00', 20 );
INSERT INTO "times" VALUES ( 18033, 12740, '22:59:00', '23:00:00', 20 );
INSERT INTO "times" VALUES ( 18033, 12750, '23:02:00', '23:02:00', 20 );
INSERT INTO "times" VALUES ( 18033, 12760, '23:05:00', '23:05:00', 20 );
INSERT INTO "times" VALUES ( 18033, 12770, '23:09:00', '23:09:00', 20 );
INSERT INTO "times" VALUES ( 18033, 12780, '23:14:00', '23:14:00', 20 );
INSERT INTO "times" VALUES ( 18033, 12790, '23:15:00', '23:15:00', 20 );
INSERT INTO "times" VALUES ( 18033, 12800, '23:17:00', '23:23:00', 20 );
INSERT INTO "times" VALUES ( 18033, 12810, '23:25:00', '23:25:00', 20 );
INSERT INTO "times" VALUES ( 18033, 12820, '23:27:00', '23:27:00', 20 );
INSERT INTO "times" VALUES ( 18033, 12830, '23:29:00', '23:29:00', 20 );
INSERT INTO "times" VALUES ( 18033, 12840, '23:30:00', '23:30:00', 20 );
INSERT INTO "times" VALUES ( 18033, 12850, '23:31:00', '23:31:00', 20 );
INSERT INTO "times" VALUES ( 18033, 12860, '23:33:00', '23:33:00', 20 );
INSERT INTO "times" VALUES ( 18033, 12870, '23:35:00', '23:35:00', 20 );
INSERT INTO "times" VALUES ( 18033, 12880, '23:36:00', '23:36:00', 20 );
INSERT INTO "times" VALUES ( 18033, 12890, '23:38:00', '23:38:00', 20 );
INSERT INTO "times" VALUES ( 18033, 12900, '23:41:00', '23:41:00', 20 );
INSERT INTO "times" VALUES ( 18033, 13510, '23:42:00', '23:42:00', 30 );
INSERT INTO "times" VALUES ( 18033, 13520, '23:45:00', NULL, NULL );

INSERT INTO "dias" VALUES ( 18034, 100, FALSE, TRUE, 'Q2105B', 13520, 11510 );
INSERT INTO "dias_line_groups" VALUES ( 18034, 10 );
INSERT INTO "times" VALUES ( 18034, 11510, '23:42:00', NULL, NULL );
INSERT INTO "times" VALUES ( 18034, 11520, '23:39:00', '23:39:00', 10 );
INSERT INTO "times" VALUES ( 18034, 11530, '23:37:00', '23:37:00', 10 );
INSERT INTO "times" VALUES ( 18034, 11540, '23:36:00', '23:36:00', 10 );
INSERT INTO "times" VALUES ( 18034, 12530, '23:34:00', '23:34:00', 10 );
INSERT INTO "times" VALUES ( 18034, 12540, '23:28:00', '23:31:00', 20 );
INSERT INTO "times" VALUES ( 18034, 12550, '23:26:00', '23:26:00', 20 );
INSERT INTO "times" VALUES ( 18034, 12560, '23:24:00', '23:24:00', 20 );
INSERT INTO "times" VALUES ( 18034, 12570, '23:23:00', '23:23:00', 20 );
INSERT INTO "times" VALUES ( 18034, 12580, '23:21:00', '23:21:00', 20 );
INSERT INTO "times" VALUES ( 18034, 12590, '23:20:00', '23:20:00', 20 );
INSERT INTO "times" VALUES ( 18034, 12600, '23:19:00', '23:19:00', 20 );
INSERT INTO "times" VALUES ( 18034, 12610, '23:14:00', '23:18:00', 20 );
INSERT INTO "times" VALUES ( 18034, 12620, '23:12:00', '23:12:00', 20 );
INSERT INTO "times" VALUES ( 18034, 12630, '23:10:00', '23:10:00', 20 );
INSERT INTO "times" VALUES ( 18034, 12640, '23:09:00', '23:09:00', 20 );
INSERT INTO "times" VALUES ( 18034, 12650, '23:07:00', '23:07:00', 20 );
INSERT INTO "times" VALUES ( 18034, 12660, '23:04:00', '23:06:00', 20 );
INSERT INTO "times" VALUES ( 18034, 12670, '23:01:00', '23:01:00', 20 );
INSERT INTO "times" VALUES ( 18034, 12680, '22:52:00', '22:58:00', 20 );
INSERT INTO "times" VALUES ( 18034, 12690, '22:49:00', '22:49:00', 20 );
INSERT INTO "times" VALUES ( 18034, 12700, '22:47:00', '22:47:00', 20 );
INSERT INTO "times" VALUES ( 18034, 12710, '22:45:00', '22:45:00', 20 );
INSERT INTO "times" VALUES ( 18034, 12720, '22:42:00', '22:42:00', 20 );
INSERT INTO "times" VALUES ( 18034, 12730, '22:40:00', '22:40:00', 20 );
INSERT INTO "times" VALUES ( 18034, 12740, '22:38:00', '22:38:00', 20 );
INSERT INTO "times" VALUES ( 18034, 12750, '22:34:00', '22:34:00', 20 );
INSERT INTO "times" VALUES ( 18034, 12760, '22:32:00', '22:32:00', 20 );
INSERT INTO "times" VALUES ( 18034, 12770, '22:28:00', '22:28:00', 20 );
INSERT INTO "times" VALUES ( 18034, 12780, '22:24:00', '22:24:00', 20 );
INSERT INTO "times" VALUES ( 18034, 12790, '22:21:00', '22:21:00', 20 );
INSERT INTO "times" VALUES ( 18034, 12800, '22:16:00', '22:19:00', 20 );
INSERT INTO "times" VALUES ( 18034, 12810, '22:13:00', '22:13:00', 20 );
INSERT INTO "times" VALUES ( 18034, 12820, '22:12:00', '22:12:00', 20 );
INSERT INTO "times" VALUES ( 18034, 12830, '22:11:00', '22:11:00', 20 );
INSERT INTO "times" VALUES ( 18034, 12840, '22:09:00', '22:09:00', 20 );
INSERT INTO "times" VALUES ( 18034, 12850, '22:07:00', '22:07:00', 20 );
INSERT INTO "times" VALUES ( 18034, 12860, '22:05:00', '22:05:00', 20 );
INSERT INTO "times" VALUES ( 18034, 12870, '22:03:00', '22:03:00', 20 );
INSERT INTO "times" VALUES ( 18034, 12880, '22:02:00', '22:02:00', 20 );
INSERT INTO "times" VALUES ( 18034, 12890, '22:00:00', '22:00:00', 20 );
INSERT INTO "times" VALUES ( 18034, 12900, '21:55:00', '21:58:00', 20 );
INSERT INTO "times" VALUES ( 18034, 13510, '21:53:00', '21:53:00', 30 );
INSERT INTO "times" VALUES ( 18034, 13520, NULL, '21:51:00', 30 );

INSERT INTO "dias" VALUES ( 18035, 100, FALSE, TRUE, 'Q2201A', 13520, 12510 );
INSERT INTO "dias_line_groups" VALUES ( 18035, 10 );
INSERT INTO "times" VALUES ( 18035, 12510, '23:51:00', NULL, NULL );
INSERT INTO "times" VALUES ( 18035, 12520, '23:49:00', '23:49:00', 20 );
INSERT INTO "times" VALUES ( 18035, 12530, '23:48:00', '23:48:00', 20 );
INSERT INTO "times" VALUES ( 18035, 12540, '23:45:00', '23:45:00', 20 );
INSERT INTO "times" VALUES ( 18035, 12550, '23:42:00', '23:42:00', 20 );
INSERT INTO "times" VALUES ( 18035, 12560, '23:40:00', '23:40:00', 20 );
INSERT INTO "times" VALUES ( 18035, 12570, '23:39:00', '23:39:00', 20 );
INSERT INTO "times" VALUES ( 18035, 12580, '23:37:00', '23:37:00', 20 );
INSERT INTO "times" VALUES ( 18035, 12590, '23:36:00', '23:36:00', 20 );
INSERT INTO "times" VALUES ( 18035, 12600, '23:35:00', '23:35:00', 20 );
INSERT INTO "times" VALUES ( 18035, 12610, '23:34:00', '23:34:00', 20 );
INSERT INTO "times" VALUES ( 18035, 12620, '23:31:00', '23:31:00', 20 );
INSERT INTO "times" VALUES ( 18035, 12630, '23:30:00', '23:30:00', 20 );
INSERT INTO "times" VALUES ( 18035, 12640, '23:28:00', '23:28:00', 20 );
INSERT INTO "times" VALUES ( 18035, 12650, '23:27:00', '23:27:00', 20 );
INSERT INTO "times" VALUES ( 18035, 12660, '23:25:00', '23:25:00', 20 );
INSERT INTO "times" VALUES ( 18035, 12670, '23:22:00', '23:22:00', 20 );
INSERT INTO "times" VALUES ( 18035, 12680, '23:13:00', '23:19:00', 20 );
INSERT INTO "times" VALUES ( 18035, 12690, '23:11:00', '23:11:00', 20 );
INSERT INTO "times" VALUES ( 18035, 12700, '23:09:00', '23:09:00', 20 );
INSERT INTO "times" VALUES ( 18035, 12710, '23:06:00', '23:07:00', 20 );
INSERT INTO "times" VALUES ( 18035, 12720, '23:04:00', '23:04:00', 20 );
INSERT INTO "times" VALUES ( 18035, 12730, '23:01:00', '23:01:00', 20 );
INSERT INTO "times" VALUES ( 18035, 12740, '22:59:00', '22:59:00', 20 );
INSERT INTO "times" VALUES ( 18035, 12750, '22:56:00', '22:56:00', 20 );
INSERT INTO "times" VALUES ( 18035, 12760, '22:53:00', '22:53:00', 20 );
INSERT INTO "times" VALUES ( 18035, 12770, '22:49:00', '22:49:00', 20 );
INSERT INTO "times" VALUES ( 18035, 12780, '22:45:00', '22:45:00', 20 );
INSERT INTO "times" VALUES ( 18035, 12790, '22:42:00', '22:42:00', 20 );
INSERT INTO "times" VALUES ( 18035, 12800, '22:36:00', '22:40:00', 20 );
INSERT INTO "times" VALUES ( 18035, 12810, '22:34:00', '22:34:00', 20 );
INSERT INTO "times" VALUES ( 18035, 12820, '22:32:00', '22:32:00', 20 );
INSERT INTO "times" VALUES ( 18035, 12830, '22:31:00', '22:31:00', 20 );
INSERT INTO "times" VALUES ( 18035, 12840, '22:29:00', '22:29:00', 20 );
INSERT INTO "times" VALUES ( 18035, 12850, '22:27:00', '22:27:00', 20 );
INSERT INTO "times" VALUES ( 18035, 12860, '22:25:00', '22:25:00', 20 );
INSERT INTO "times" VALUES ( 18035, 12870, '22:24:00', '22:24:00', 20 );
INSERT INTO "times" VALUES ( 18035, 12880, '22:22:00', '22:22:00', 20 );
INSERT INTO "times" VALUES ( 18035, 12890, '22:20:00', '22:20:00', 20 );
INSERT INTO "times" VALUES ( 18035, 12900, '22:15:00', '22:19:00', 20 );
INSERT INTO "times" VALUES ( 18035, 13510, '22:12:00', '22:12:00', 30 );
INSERT INTO "times" VALUES ( 18035, 13520, NULL, '22:10:00', 30 );

INSERT INTO "dias" VALUES ( 18036, 100, FALSE, TRUE, 'Q2203A', 13520, 12510 );
INSERT INTO "dias_line_groups" VALUES ( 18036, 10 );
INSERT INTO "times" VALUES ( 18036, 12510, '00:17:00', NULL, NULL );
INSERT INTO "times" VALUES ( 18036, 12520, '00:15:00', '00:15:00', 20 );
INSERT INTO "times" VALUES ( 18036, 12530, '00:14:00', '00:14:00', 20 );
INSERT INTO "times" VALUES ( 18036, 12540, '00:11:00', '00:11:00', 20 );
INSERT INTO "times" VALUES ( 18036, 12550, '00:08:00', '00:08:00', 20 );
INSERT INTO "times" VALUES ( 18036, 12560, '00:06:00', '00:06:00', 20 );
INSERT INTO "times" VALUES ( 18036, 12570, '00:05:00', '00:05:00', 20 );
INSERT INTO "times" VALUES ( 18036, 12580, '00:03:00', '00:03:00', 20 );
INSERT INTO "times" VALUES ( 18036, 12590, '00:02:00', '00:02:00', 20 );
INSERT INTO "times" VALUES ( 18036, 12600, '00:01:00', '00:01:00', 20 );
INSERT INTO "times" VALUES ( 18036, 12610, '00:00:00', '00:00:00', 20 );
INSERT INTO "times" VALUES ( 18036, 12620, '23:57:00', '23:57:00', 20 );
INSERT INTO "times" VALUES ( 18036, 12630, '23:56:00', '23:56:00', 20 );
INSERT INTO "times" VALUES ( 18036, 12640, '23:54:00', '23:54:00', 20 );
INSERT INTO "times" VALUES ( 18036, 12650, '23:53:00', '23:53:00', 20 );
INSERT INTO "times" VALUES ( 18036, 12660, '23:51:00', '23:51:00', 20 );
INSERT INTO "times" VALUES ( 18036, 12670, '23:48:00', '23:48:00', 20 );
INSERT INTO "times" VALUES ( 18036, 12680, '23:41:00', '23:45:00', 20 );
INSERT INTO "times" VALUES ( 18036, 12690, '23:38:00', '23:38:00', 20 );
INSERT INTO "times" VALUES ( 18036, 12700, '23:36:00', '23:36:00', 20 );
INSERT INTO "times" VALUES ( 18036, 12710, '23:34:00', '23:34:00', 20 );
INSERT INTO "times" VALUES ( 18036, 12720, '23:31:00', '23:31:00', 20 );
INSERT INTO "times" VALUES ( 18036, 12730, '23:29:00', '23:29:00', 20 );
INSERT INTO "times" VALUES ( 18036, 12740, '23:27:00', '23:27:00', 20 );
INSERT INTO "times" VALUES ( 18036, 12750, '23:23:00', '23:23:00', 20 );
INSERT INTO "times" VALUES ( 18036, 12760, '23:21:00', '23:21:00', 20 );
INSERT INTO "times" VALUES ( 18036, 12770, '23:17:00', '23:17:00', 20 );
INSERT INTO "times" VALUES ( 18036, 12780, '23:12:00', '23:12:00', 20 );
INSERT INTO "times" VALUES ( 18036, 12790, '23:10:00', '23:10:00', 20 );
INSERT INTO "times" VALUES ( 18036, 12800, '23:04:00', '23:08:00', 20 );
INSERT INTO "times" VALUES ( 18036, 12810, '23:02:00', '23:02:00', 20 );
INSERT INTO "times" VALUES ( 18036, 12820, '23:00:00', '23:00:00', 20 );
INSERT INTO "times" VALUES ( 18036, 12830, '22:55:00', '22:59:00', 20 );
INSERT INTO "times" VALUES ( 18036, 12840, '22:53:00', '22:53:00', 20 );
INSERT INTO "times" VALUES ( 18036, 12850, '22:52:00', '22:52:00', 20 );
INSERT INTO "times" VALUES ( 18036, 12860, '22:50:00', '22:50:00', 20 );
INSERT INTO "times" VALUES ( 18036, 12870, '22:48:00', '22:48:00', 20 );
INSERT INTO "times" VALUES ( 18036, 12880, '22:46:00', '22:46:00', 20 );
INSERT INTO "times" VALUES ( 18036, 12890, '22:45:00', '22:45:00', 20 );
INSERT INTO "times" VALUES ( 18036, 12900, '22:38:00', '22:43:00', 20 );
INSERT INTO "times" VALUES ( 18036, 13510, '22:36:00', '22:36:00', 30 );
INSERT INTO "times" VALUES ( 18036, 13520, NULL, '22:34:00', 30 );

INSERT INTO "dias" VALUES ( 18037, 100, FALSE, TRUE, 'Q2301N', 13520, 12670 );
INSERT INTO "dias_line_groups" VALUES ( 18037, 10 );
INSERT INTO "times" VALUES ( 18037, 12670, '00:02:00', NULL, NULL );
INSERT INTO "times" VALUES ( 18037, 12680, '00:00:00', '00:00:00', 20 );
INSERT INTO "times" VALUES ( 18037, 12690, '23:57:00', '23:57:00', 20 );
INSERT INTO "times" VALUES ( 18037, 12700, '23:55:00', '23:55:00', 20 );
INSERT INTO "times" VALUES ( 18037, 12710, '23:50:00', '23:53:00', 20 );
INSERT INTO "times" VALUES ( 18037, 12720, '23:47:00', '23:47:00', 20 );
INSERT INTO "times" VALUES ( 18037, 12730, '23:45:00', '23:45:00', 20 );
INSERT INTO "times" VALUES ( 18037, 12740, '23:42:00', '23:42:00', 20 );
INSERT INTO "times" VALUES ( 18037, 12750, '23:39:00', '23:39:00', 20 );
INSERT INTO "times" VALUES ( 18037, 12760, '23:37:00', '23:37:00', 20 );
INSERT INTO "times" VALUES ( 18037, 12770, '23:33:00', '23:33:00', 20 );
INSERT INTO "times" VALUES ( 18037, 12780, '23:28:00', '23:28:00', 20 );
INSERT INTO "times" VALUES ( 18037, 12790, '23:26:00', '23:26:00', 20 );
INSERT INTO "times" VALUES ( 18037, 12800, '23:25:00', '23:25:00', 20 );
INSERT INTO "times" VALUES ( 18037, 12810, '23:22:00', '23:22:00', 20 );
INSERT INTO "times" VALUES ( 18037, 12820, '23:21:00', '23:21:00', 20 );
INSERT INTO "times" VALUES ( 18037, 12830, '23:19:00', '23:19:00', 20 );
INSERT INTO "times" VALUES ( 18037, 12840, '23:17:00', '23:17:00', 20 );
INSERT INTO "times" VALUES ( 18037, 12850, '23:16:00', '23:16:00', 20 );
INSERT INTO "times" VALUES ( 18037, 12860, '23:14:00', '23:14:00', 20 );
INSERT INTO "times" VALUES ( 18037, 12870, '23:12:00', '23:12:00', 20 );
INSERT INTO "times" VALUES ( 18037, 12880, '23:10:00', '23:10:00', 20 );
INSERT INTO "times" VALUES ( 18037, 12890, '23:09:00', '23:09:00', 20 );
INSERT INTO "times" VALUES ( 18037, 12900, '23:07:00', '23:07:00', 20 );
INSERT INTO "times" VALUES ( 18037, 13510, '23:05:00', '23:05:00', 30 );
INSERT INTO "times" VALUES ( 18037, 13520, NULL, '23:03:00', 30 );

INSERT INTO "dias" VALUES ( 18038, 100, FALSE, TRUE, 'Q2303M', 13520, 12610 );
INSERT INTO "dias_line_groups" VALUES ( 18038, 10 );
INSERT INTO "times" VALUES ( 18038, 12610, '00:25:00', NULL, NULL );
INSERT INTO "times" VALUES ( 18038, 12620, '00:23:00', '00:23:00', 20 );
INSERT INTO "times" VALUES ( 18038, 12630, '00:21:00', '00:21:00', 20 );
INSERT INTO "times" VALUES ( 18038, 12640, '00:20:00', '00:20:00', 20 );
INSERT INTO "times" VALUES ( 18038, 12650, '00:18:00', '00:18:00', 20 );
INSERT INTO "times" VALUES ( 18038, 12660, '00:17:00', '00:17:00', 20 );
INSERT INTO "times" VALUES ( 18038, 12670, '00:13:00', '00:13:00', 20 );
INSERT INTO "times" VALUES ( 18038, 12680, '00:06:00', '00:10:00', 20 );
INSERT INTO "times" VALUES ( 18038, 12690, '00:04:00', '00:04:00', 20 );
INSERT INTO "times" VALUES ( 18038, 12700, '00:02:00', '00:02:00', 20 );
INSERT INTO "times" VALUES ( 18038, 12710, '00:00:00', '00:00:00', 20 );
INSERT INTO "times" VALUES ( 18038, 12720, '23:57:00', '23:57:00', 20 );
INSERT INTO "times" VALUES ( 18038, 12730, '23:55:00', '23:55:00', 20 );
INSERT INTO "times" VALUES ( 18038, 12740, '23:52:00', '23:52:00', 20 );
INSERT INTO "times" VALUES ( 18038, 12750, '23:49:00', '23:49:00', 20 );
INSERT INTO "times" VALUES ( 18038, 12760, '23:47:00', '23:47:00', 20 );
INSERT INTO "times" VALUES ( 18038, 12770, '23:43:00', '23:43:00', 20 );
INSERT INTO "times" VALUES ( 18038, 12780, '23:38:00', '23:38:00', 20 );
INSERT INTO "times" VALUES ( 18038, 12790, '23:36:00', '23:36:00', 20 );
INSERT INTO "times" VALUES ( 18038, 12800, '23:31:00', '23:34:00', 20 );
INSERT INTO "times" VALUES ( 18038, 12810, '23:29:00', '23:29:00', 20 );
INSERT INTO "times" VALUES ( 18038, 12820, '23:27:00', '23:27:00', 20 );
INSERT INTO "times" VALUES ( 18038, 12830, '23:26:00', '23:26:00', 20 );
INSERT INTO "times" VALUES ( 18038, 12840, '23:24:00', '23:24:00', 20 );
INSERT INTO "times" VALUES ( 18038, 12850, '23:23:00', '23:23:00', 20 );
INSERT INTO "times" VALUES ( 18038, 12860, '23:21:00', '23:21:00', 20 );
INSERT INTO "times" VALUES ( 18038, 12870, '23:19:00', '23:19:00', 20 );
INSERT INTO "times" VALUES ( 18038, 12880, '23:17:00', '23:17:00', 20 );
INSERT INTO "times" VALUES ( 18038, 12890, '23:16:00', '23:16:00', 20 );
INSERT INTO "times" VALUES ( 18038, 12900, '23:14:00', '23:14:00', 20 );
INSERT INTO "times" VALUES ( 18038, 13510, '23:12:00', '23:12:00', 30 );
INSERT INTO "times" VALUES ( 18038, 13520, NULL, '23:10:00', 30 );

INSERT INTO "dias" VALUES ( 18039, 100, FALSE, TRUE, 'Q2305N', 13520, 12670 );
INSERT INTO "dias_line_groups" VALUES ( 18039, 10 );
INSERT INTO "times" VALUES ( 18039, 12670, '00:26:00', NULL, NULL );
INSERT INTO "times" VALUES ( 18039, 12680, '00:23:00', '00:23:00', 20 );
INSERT INTO "times" VALUES ( 18039, 12690, '00:21:00', '00:21:00', 20 );
INSERT INTO "times" VALUES ( 18039, 12700, '00:19:00', '00:19:00', 20 );
INSERT INTO "times" VALUES ( 18039, 12710, '00:17:00', '00:17:00', 20 );
INSERT INTO "times" VALUES ( 18039, 12720, '00:14:00', '00:14:00', 20 );
INSERT INTO "times" VALUES ( 18039, 12730, '00:12:00', '00:12:00', 20 );
INSERT INTO "times" VALUES ( 18039, 12740, '00:09:00', '00:09:00', 20 );
INSERT INTO "times" VALUES ( 18039, 12750, '00:06:00', '00:06:00', 20 );
INSERT INTO "times" VALUES ( 18039, 12760, '00:04:00', '00:04:00', 20 );
INSERT INTO "times" VALUES ( 18039, 12770, '00:00:00', '00:00:00', 20 );
INSERT INTO "times" VALUES ( 18039, 12780, '23:54:00', '23:55:00', 20 );
INSERT INTO "times" VALUES ( 18039, 12790, '23:52:00', '23:52:00', 20 );
INSERT INTO "times" VALUES ( 18039, 12800, '23:51:00', '23:51:00', 20 );
INSERT INTO "times" VALUES ( 18039, 12810, '23:48:00', '23:48:00', 20 );
INSERT INTO "times" VALUES ( 18039, 12820, '23:47:00', '23:47:00', 20 );
INSERT INTO "times" VALUES ( 18039, 12830, '23:46:00', '23:46:00', 20 );
INSERT INTO "times" VALUES ( 18039, 12840, '23:44:00', '23:44:00', 20 );
INSERT INTO "times" VALUES ( 18039, 12850, '23:42:00', '23:42:00', 20 );
INSERT INTO "times" VALUES ( 18039, 12860, '23:40:00', '23:40:00', 20 );
INSERT INTO "times" VALUES ( 18039, 12870, '23:38:00', '23:38:00', 20 );
INSERT INTO "times" VALUES ( 18039, 12880, '23:37:00', '23:37:00', 20 );
INSERT INTO "times" VALUES ( 18039, 12890, '23:35:00', '23:35:00', 20 );
INSERT INTO "times" VALUES ( 18039, 12900, '23:34:00', '23:34:00', 20 );
INSERT INTO "times" VALUES ( 18039, 13510, '23:31:00', '23:31:00', 30 );
INSERT INTO "times" VALUES ( 18039, 13520, NULL, '23:29:00', 30 );

INSERT INTO "dias" VALUES ( 18040, 100, FALSE, TRUE, 'Q2307N', 13520, 12670 );
INSERT INTO "dias_line_groups" VALUES ( 18040, 10 );
INSERT INTO "times" VALUES ( 18040, 12670, '00:46:00', NULL, NULL );
INSERT INTO "times" VALUES ( 18040, 12680, '00:43:00', '00:44:00', 20 );
INSERT INTO "times" VALUES ( 18040, 12690, '00:41:00', '00:41:00', 20 );
INSERT INTO "times" VALUES ( 18040, 12700, '00:38:00', '00:38:00', 20 );
INSERT INTO "times" VALUES ( 18040, 12710, '00:35:00', '00:36:00', 20 );
INSERT INTO "times" VALUES ( 18040, 12720, '00:33:00', '00:33:00', 20 );
INSERT INTO "times" VALUES ( 18040, 12730, '00:30:00', '00:30:00', 20 );
INSERT INTO "times" VALUES ( 18040, 12740, '00:23:00', '00:27:00', 20 );
INSERT INTO "times" VALUES ( 18040, 12750, '00:20:00', '00:20:00', 20 );
INSERT INTO "times" VALUES ( 18040, 12760, '00:18:00', '00:18:00', 20 );
INSERT INTO "times" VALUES ( 18040, 12770, '00:14:00', '00:14:00', 20 );
INSERT INTO "times" VALUES ( 18040, 12780, '00:09:00', '00:09:00', 20 );
INSERT INTO "times" VALUES ( 18040, 12790, '00:07:00', '00:07:00', 20 );
INSERT INTO "times" VALUES ( 18040, 12800, '00:06:00', '00:06:00', 20 );
INSERT INTO "times" VALUES ( 18040, 12810, '00:03:00', '00:03:00', 20 );
INSERT INTO "times" VALUES ( 18040, 12820, '00:02:00', '00:02:00', 20 );
INSERT INTO "times" VALUES ( 18040, 12830, '00:00:00', '00:00:00', 20 );
INSERT INTO "times" VALUES ( 18040, 12840, '23:58:00', '23:58:00', 20 );
INSERT INTO "times" VALUES ( 18040, 12850, '23:57:00', '23:57:00', 20 );
INSERT INTO "times" VALUES ( 18040, 12860, '23:55:00', '23:55:00', 20 );
INSERT INTO "times" VALUES ( 18040, 12870, '23:53:00', '23:53:00', 20 );
INSERT INTO "times" VALUES ( 18040, 12880, '23:52:00', '23:52:00', 20 );
INSERT INTO "times" VALUES ( 18040, 12890, '23:50:00', '23:50:00', 20 );
INSERT INTO "times" VALUES ( 18040, 12900, '23:48:00', '23:48:00', 20 );
INSERT INTO "times" VALUES ( 18040, 13510, '23:46:00', '23:46:00', 30 );
INSERT INTO "times" VALUES ( 18040, 13520, NULL, '23:44:00', 30 );

INSERT INTO "dias" VALUES ( 18041, 100, FALSE, TRUE, 'Q2401R', 13520, 12740 );
INSERT INTO "dias_line_groups" VALUES ( 18041, 10 );
INSERT INTO "times" VALUES ( 18041, 12740, '00:39:00', NULL, NULL );
INSERT INTO "times" VALUES ( 18041, 12750, '00:36:00', '00:36:00', 20 );
INSERT INTO "times" VALUES ( 18041, 12760, '00:33:00', '00:33:00', 20 );
INSERT INTO "times" VALUES ( 18041, 12770, '00:29:00', '00:29:00', 20 );
INSERT INTO "times" VALUES ( 18041, 12780, '00:25:00', '00:25:00', 20 );
INSERT INTO "times" VALUES ( 18041, 12790, '00:23:00', '00:23:00', 20 );
INSERT INTO "times" VALUES ( 18041, 12800, '00:21:00', '00:21:00', 20 );
INSERT INTO "times" VALUES ( 18041, 12810, '00:19:00', '00:19:00', 20 );
INSERT INTO "times" VALUES ( 18041, 12820, '00:17:00', '00:17:00', 20 );
INSERT INTO "times" VALUES ( 18041, 12830, '00:16:00', '00:16:00', 20 );
INSERT INTO "times" VALUES ( 18041, 12840, '00:14:00', '00:14:00', 20 );
INSERT INTO "times" VALUES ( 18041, 12850, '00:13:00', '00:13:00', 20 );
INSERT INTO "times" VALUES ( 18041, 12860, '00:11:00', '00:11:00', 20 );
INSERT INTO "times" VALUES ( 18041, 12870, '00:09:00', '00:09:00', 20 );
INSERT INTO "times" VALUES ( 18041, 12880, '00:07:00', '00:07:00', 20 );
INSERT INTO "times" VALUES ( 18041, 12890, '00:06:00', '00:06:00', 20 );
INSERT INTO "times" VALUES ( 18041, 12900, '00:04:00', '00:04:00', 20 );
INSERT INTO "times" VALUES ( 18041, 13510, '00:02:00', '00:02:00', 30 );
INSERT INTO "times" VALUES ( 18041, 13520, NULL, '00:00:00', 30 );

INSERT INTO "dias" VALUES ( 18042, 100, FALSE, TRUE, 'R0501A', 12660, 12510 );
INSERT INTO "dias_line_groups" VALUES ( 18042, 10 );
INSERT INTO "times" VALUES ( 18042, 12510, '05:28:00', NULL, NULL );
INSERT INTO "times" VALUES ( 18042, 12520, '05:27:00', '05:27:00', 20 );
INSERT INTO "times" VALUES ( 18042, 12530, '05:25:00', '05:25:00', 20 );
INSERT INTO "times" VALUES ( 18042, 12540, '05:22:00', '05:22:00', 20 );
INSERT INTO "times" VALUES ( 18042, 12550, '05:19:00', '05:19:00', 20 );
INSERT INTO "times" VALUES ( 18042, 12560, '05:18:00', '05:18:00', 20 );
INSERT INTO "times" VALUES ( 18042, 12570, '05:16:00', '05:16:00', 20 );
INSERT INTO "times" VALUES ( 18042, 12580, '05:15:00', '05:15:00', 20 );
INSERT INTO "times" VALUES ( 18042, 12590, '05:14:00', '05:14:00', 20 );
INSERT INTO "times" VALUES ( 18042, 12600, '05:13:00', '05:13:00', 20 );
INSERT INTO "times" VALUES ( 18042, 12610, '05:11:00', '05:11:00', 20 );
INSERT INTO "times" VALUES ( 18042, 12620, '05:08:00', '05:08:00', 20 );
INSERT INTO "times" VALUES ( 18042, 12630, '05:07:00', '05:07:00', 20 );
INSERT INTO "times" VALUES ( 18042, 12640, '05:05:00', '05:05:00', 20 );
INSERT INTO "times" VALUES ( 18042, 12650, '05:04:00', '05:04:00', 20 );
INSERT INTO "times" VALUES ( 18042, 12660, NULL, '05:02:00', 20 );

INSERT INTO "dias" VALUES ( 18043, 100, FALSE, TRUE, 'R0503A', 12660, 12510 );
INSERT INTO "dias_line_groups" VALUES ( 18043, 10 );
INSERT INTO "times" VALUES ( 18043, 12510, '05:52:00', NULL, NULL );
INSERT INTO "times" VALUES ( 18043, 12520, '05:50:00', '05:50:00', 20 );
INSERT INTO "times" VALUES ( 18043, 12530, '05:48:00', '05:48:00', 20 );
INSERT INTO "times" VALUES ( 18043, 12540, '05:45:00', '05:45:00', 20 );
INSERT INTO "times" VALUES ( 18043, 12550, '05:42:00', '05:42:00', 20 );
INSERT INTO "times" VALUES ( 18043, 12560, '05:41:00', '05:41:00', 20 );
INSERT INTO "times" VALUES ( 18043, 12570, '05:39:00', '05:39:00', 20 );
INSERT INTO "times" VALUES ( 18043, 12580, '05:38:00', '05:38:00', 20 );
INSERT INTO "times" VALUES ( 18043, 12590, '05:37:00', '05:37:00', 20 );
INSERT INTO "times" VALUES ( 18043, 12600, '05:36:00', '05:36:00', 20 );
INSERT INTO "times" VALUES ( 18043, 12610, '05:33:00', '05:35:00', 20 );
INSERT INTO "times" VALUES ( 18043, 12620, '05:31:00', '05:31:00', 20 );
INSERT INTO "times" VALUES ( 18043, 12630, '05:29:00', '05:29:00', 20 );
INSERT INTO "times" VALUES ( 18043, 12640, '05:28:00', '05:28:00', 20 );
INSERT INTO "times" VALUES ( 18043, 12650, '05:26:00', '05:26:00', 20 );
INSERT INTO "times" VALUES ( 18043, 12660, NULL, '05:25:00', 20 );

INSERT INTO "dias" VALUES ( 18044, 100, FALSE, TRUE, 'R0505B', 12610, 11510 );
INSERT INTO "dias_line_groups" VALUES ( 18044, 10 );
INSERT INTO "times" VALUES ( 18044, 11510, '05:50:00', NULL, NULL );
INSERT INTO "times" VALUES ( 18044, 11520, '05:48:00', '05:48:00', 10 );
INSERT INTO "times" VALUES ( 18044, 11530, '05:46:00', '05:46:00', 10 );
INSERT INTO "times" VALUES ( 18044, 11540, '05:45:00', '05:45:00', 10 );
INSERT INTO "times" VALUES ( 18044, 12530, '05:43:00', '05:43:00', 10 );
INSERT INTO "times" VALUES ( 18044, 12540, '05:37:00', '05:40:00', 20 );
INSERT INTO "times" VALUES ( 18044, 12550, '05:35:00', '05:35:00', 20 );
INSERT INTO "times" VALUES ( 18044, 12560, '05:34:00', '05:34:00', 20 );
INSERT INTO "times" VALUES ( 18044, 12570, '05:32:00', '05:32:00', 20 );
INSERT INTO "times" VALUES ( 18044, 12580, '05:31:00', '05:31:00', 20 );
INSERT INTO "times" VALUES ( 18044, 12590, '05:30:00', '05:30:00', 20 );
INSERT INTO "times" VALUES ( 18044, 12600, '05:28:00', '05:28:00', 20 );
INSERT INTO "times" VALUES ( 18044, 12610, NULL, '05:27:00', 20 );

INSERT INTO "dias" VALUES ( 18045, 100, FALSE, TRUE, 'R0507B', 12660, 11510 );
INSERT INTO "dias_line_groups" VALUES ( 18045, 10 );
INSERT INTO "times" VALUES ( 18045, 11510, '06:06:00', NULL, NULL );
INSERT INTO "times" VALUES ( 18045, 11520, '06:03:00', '06:03:00', 10 );
INSERT INTO "times" VALUES ( 18045, 11530, '06:02:00', '06:02:00', 10 );
INSERT INTO "times" VALUES ( 18045, 11540, '06:00:00', '06:00:00', 10 );
INSERT INTO "times" VALUES ( 18045, 12530, '05:58:00', '05:58:00', 10 );
INSERT INTO "times" VALUES ( 18045, 12540, '05:52:00', '05:56:00', 20 );
INSERT INTO "times" VALUES ( 18045, 12550, '05:49:00', '05:49:00', 20 );
INSERT INTO "times" VALUES ( 18045, 12560, '05:48:00', '05:48:00', 20 );
INSERT INTO "times" VALUES ( 18045, 12570, '05:46:00', '05:46:00', 20 );
INSERT INTO "times" VALUES ( 18045, 12580, '05:45:00', '05:45:00', 20 );
INSERT INTO "times" VALUES ( 18045, 12590, '05:44:00', '05:44:00', 20 );
INSERT INTO "times" VALUES ( 18045, 12600, '05:43:00', '05:43:00', 20 );
INSERT INTO "times" VALUES ( 18045, 12610, '05:42:00', '05:42:00', 20 );
INSERT INTO "times" VALUES ( 18045, 12620, '05:39:00', '05:39:00', 20 );
INSERT INTO "times" VALUES ( 18045, 12630, '05:38:00', '05:38:00', 20 );
INSERT INTO "times" VALUES ( 18045, 12640, '05:36:00', '05:36:00', 20 );
INSERT INTO "times" VALUES ( 18045, 12650, '05:34:00', '05:34:00', 20 );
INSERT INTO "times" VALUES ( 18045, 12660, NULL, '05:33:00', 20 );

INSERT INTO "dias" VALUES ( 18046, 100, FALSE, TRUE, 'R0509B', 12660, 11510 );
INSERT INTO "dias_line_groups" VALUES ( 18046, 10 );
INSERT INTO "times" VALUES ( 18046, 11510, '06:15:00', NULL, NULL );
INSERT INTO "times" VALUES ( 18046, 11520, '06:13:00', '06:13:00', 10 );
INSERT INTO "times" VALUES ( 18046, 11530, '06:11:00', '06:11:00', 10 );
INSERT INTO "times" VALUES ( 18046, 11540, '06:10:00', '06:10:00', 10 );
INSERT INTO "times" VALUES ( 18046, 12530, '06:07:00', '06:08:00', 10 );
INSERT INTO "times" VALUES ( 18046, 12540, '06:01:00', '06:05:00', 20 );
INSERT INTO "times" VALUES ( 18046, 12550, '05:58:00', '05:58:00', 20 );
INSERT INTO "times" VALUES ( 18046, 12560, '05:57:00', '05:57:00', 20 );
INSERT INTO "times" VALUES ( 18046, 12570, '05:55:00', '05:55:00', 20 );
INSERT INTO "times" VALUES ( 18046, 12580, '05:54:00', '05:54:00', 20 );
INSERT INTO "times" VALUES ( 18046, 12590, '05:53:00', '05:53:00', 20 );
INSERT INTO "times" VALUES ( 18046, 12600, '05:52:00', '05:52:00', 20 );
INSERT INTO "times" VALUES ( 18046, 12610, '05:48:00', '05:51:00', 20 );
INSERT INTO "times" VALUES ( 18046, 12620, '05:46:00', '05:46:00', 20 );
INSERT INTO "times" VALUES ( 18046, 12630, '05:45:00', '05:45:00', 20 );
INSERT INTO "times" VALUES ( 18046, 12640, '05:43:00', '05:43:00', 20 );
INSERT INTO "times" VALUES ( 18046, 12650, '05:41:00', '05:41:00', 20 );
INSERT INTO "times" VALUES ( 18046, 12660, NULL, '05:40:00', 20 );

INSERT INTO "dias" VALUES ( 18047, 100, FALSE, TRUE, 'R0511B', 12660, 11510 );
INSERT INTO "dias_line_groups" VALUES ( 18047, 10 );
INSERT INTO "times" VALUES ( 18047, 11510, '06:28:00', NULL, NULL );
INSERT INTO "times" VALUES ( 18047, 11520, '06:26:00', '06:26:00', 10 );
INSERT INTO "times" VALUES ( 18047, 11530, '06:24:00', '06:24:00', 10 );
INSERT INTO "times" VALUES ( 18047, 11540, '06:22:00', '06:22:00', 10 );
INSERT INTO "times" VALUES ( 18047, 12530, '06:21:00', '06:21:00', 10 );
INSERT INTO "times" VALUES ( 18047, 12540, '06:14:00', '06:18:00', 20 );
INSERT INTO "times" VALUES ( 18047, 12550, '06:12:00', '06:12:00', 20 );
INSERT INTO "times" VALUES ( 18047, 12560, '06:11:00', '06:11:00', 20 );
INSERT INTO "times" VALUES ( 18047, 12570, '06:09:00', '06:09:00', 20 );
INSERT INTO "times" VALUES ( 18047, 12580, '06:08:00', '06:08:00', 20 );
INSERT INTO "times" VALUES ( 18047, 12590, '06:07:00', '06:07:00', 20 );
INSERT INTO "times" VALUES ( 18047, 12600, '06:05:00', '06:05:00', 20 );
INSERT INTO "times" VALUES ( 18047, 12610, '06:02:00', '06:04:00', 20 );
INSERT INTO "times" VALUES ( 18047, 12620, '06:00:00', '06:00:00', 20 );
INSERT INTO "times" VALUES ( 18047, 12630, '05:58:00', '05:58:00', 20 );
INSERT INTO "times" VALUES ( 18047, 12640, '05:57:00', '05:57:00', 20 );
INSERT INTO "times" VALUES ( 18047, 12650, '05:55:00', '05:55:00', 20 );
INSERT INTO "times" VALUES ( 18047, 12660, NULL, '05:54:00', 20 );

INSERT INTO "dias" VALUES ( 18048, 100, FALSE, TRUE, 'R0513B', 12660, 11510 );
INSERT INTO "dias_line_groups" VALUES ( 18048, 10 );
INSERT INTO "times" VALUES ( 18048, 11510, '06:36:00', NULL, NULL );
INSERT INTO "times" VALUES ( 18048, 11520, '06:34:00', '06:34:00', 10 );
INSERT INTO "times" VALUES ( 18048, 11530, '06:32:00', '06:32:00', 10 );
INSERT INTO "times" VALUES ( 18048, 11540, '06:30:00', '06:30:00', 10 );
INSERT INTO "times" VALUES ( 18048, 12530, '06:29:00', '06:29:00', 10 );
INSERT INTO "times" VALUES ( 18048, 12540, '06:22:00', '06:26:00', 20 );
INSERT INTO "times" VALUES ( 18048, 12550, '06:20:00', '06:20:00', 20 );
INSERT INTO "times" VALUES ( 18048, 12560, '06:18:00', '06:18:00', 20 );
INSERT INTO "times" VALUES ( 18048, 12570, '06:17:00', '06:17:00', 20 );
INSERT INTO "times" VALUES ( 18048, 12580, '06:15:00', '06:15:00', 20 );
INSERT INTO "times" VALUES ( 18048, 12590, '06:14:00', '06:14:00', 20 );
INSERT INTO "times" VALUES ( 18048, 12600, '06:13:00', '06:13:00', 20 );
INSERT INTO "times" VALUES ( 18048, 12610, '06:08:00', '06:12:00', 20 );
INSERT INTO "times" VALUES ( 18048, 12620, '06:06:00', '06:06:00', 20 );
INSERT INTO "times" VALUES ( 18048, 12630, '06:05:00', '06:05:00', 20 );
INSERT INTO "times" VALUES ( 18048, 12640, '06:03:00', '06:03:00', 20 );
INSERT INTO "times" VALUES ( 18048, 12650, '06:02:00', '06:02:00', 20 );
INSERT INTO "times" VALUES ( 18048, 12660, NULL, '06:00:00', 20 );

INSERT INTO "dias" VALUES ( 18049, 100, FALSE, TRUE, 'R0600N', 12510, 12660 );
INSERT INTO "dias_line_groups" VALUES ( 18049, 10 );
INSERT INTO "times" VALUES ( 18049, 12510, NULL, '06:01:00', 20 );
INSERT INTO "times" VALUES ( 18049, 12520, '06:03:00', '06:03:00', 20 );
INSERT INTO "times" VALUES ( 18049, 12530, '06:05:00', '06:05:00', 20 );
INSERT INTO "times" VALUES ( 18049, 12540, '06:08:00', '06:08:00', 20 );
INSERT INTO "times" VALUES ( 18049, 12550, '06:10:00', '06:10:00', 20 );
INSERT INTO "times" VALUES ( 18049, 12560, '06:11:00', '06:11:00', 20 );
INSERT INTO "times" VALUES ( 18049, 12570, '06:13:00', '06:13:00', 20 );
INSERT INTO "times" VALUES ( 18049, 12580, '06:14:00', '06:14:00', 20 );
INSERT INTO "times" VALUES ( 18049, 12590, '06:15:00', '06:15:00', 20 );
INSERT INTO "times" VALUES ( 18049, 12600, '06:16:00', '06:16:00', 20 );
INSERT INTO "times" VALUES ( 18049, 12610, '06:18:00', '06:21:00', 20 );
INSERT INTO "times" VALUES ( 18049, 12620, '06:22:00', '06:22:00', 20 );
INSERT INTO "times" VALUES ( 18049, 12630, '06:23:00', '06:23:00', 20 );
INSERT INTO "times" VALUES ( 18049, 12640, '06:25:00', '06:25:00', 20 );
INSERT INTO "times" VALUES ( 18049, 12650, '06:26:00', '06:26:00', 20 );
INSERT INTO "times" VALUES ( 18049, 12660, '06:28:00', NULL, NULL );

INSERT INTO "dias" VALUES ( 18050, 100, FALSE, TRUE, 'R0601A', 12660, 12510 );
INSERT INTO "dias_line_groups" VALUES ( 18050, 10 );
INSERT INTO "times" VALUES ( 18050, 12510, '06:42:00', NULL, NULL );
INSERT INTO "times" VALUES ( 18050, 12520, '06:40:00', '06:40:00', 20 );
INSERT INTO "times" VALUES ( 18050, 12530, '06:38:00', '06:38:00', 20 );
INSERT INTO "times" VALUES ( 18050, 12540, '06:33:00', '06:35:00', 20 );
INSERT INTO "times" VALUES ( 18050, 12550, '06:30:00', '06:30:00', 20 );
INSERT INTO "times" VALUES ( 18050, 12560, '06:29:00', '06:29:00', 20 );
INSERT INTO "times" VALUES ( 18050, 12570, '06:27:00', '06:27:00', 20 );
INSERT INTO "times" VALUES ( 18050, 12580, '06:26:00', '06:26:00', 20 );
INSERT INTO "times" VALUES ( 18050, 12590, '06:24:00', '06:24:00', 20 );
INSERT INTO "times" VALUES ( 18050, 12600, '06:23:00', '06:23:00', 20 );
INSERT INTO "times" VALUES ( 18050, 12610, '06:18:00', '06:22:00', 20 );
INSERT INTO "times" VALUES ( 18050, 12620, '06:16:00', '06:16:00', 20 );
INSERT INTO "times" VALUES ( 18050, 12630, '06:14:00', '06:14:00', 20 );
INSERT INTO "times" VALUES ( 18050, 12640, '06:12:00', '06:12:00', 20 );
INSERT INTO "times" VALUES ( 18050, 12650, '06:11:00', '06:11:00', 20 );
INSERT INTO "times" VALUES ( 18050, 12660, NULL, '06:09:00', 20 );

INSERT INTO "dias" VALUES ( 18051, 100, FALSE, TRUE, 'R0602N', 11510, 12660 );
INSERT INTO "dias_line_groups" VALUES ( 18051, 10 );
INSERT INTO "times" VALUES ( 18051, 11510, NULL, '06:12:00', 10 );
INSERT INTO "times" VALUES ( 18051, 11520, '06:13:00', '06:13:00', 10 );
INSERT INTO "times" VALUES ( 18051, 11530, '06:15:00', '06:15:00', 10 );
INSERT INTO "times" VALUES ( 18051, 11540, '06:17:00', '06:17:00', 10 );
INSERT INTO "times" VALUES ( 18051, 12530, '06:19:00', '06:19:00', 20 );
INSERT INTO "times" VALUES ( 18051, 12540, '06:22:00', '06:22:00', 20 );
INSERT INTO "times" VALUES ( 18051, 12550, '06:24:00', '06:24:00', 20 );
INSERT INTO "times" VALUES ( 18051, 12560, '06:26:00', '06:26:00', 20 );
INSERT INTO "times" VALUES ( 18051, 12570, '06:27:00', '06:27:00', 20 );
INSERT INTO "times" VALUES ( 18051, 12580, '06:29:00', '06:29:00', 20 );
INSERT INTO "times" VALUES ( 18051, 12590, '06:30:00', '06:30:00', 20 );
INSERT INTO "times" VALUES ( 18051, 12600, '06:31:00', '06:31:00', 20 );
INSERT INTO "times" VALUES ( 18051, 12610, '06:32:00', '06:35:00', 20 );
INSERT INTO "times" VALUES ( 18051, 12620, '06:36:00', '06:36:00', 20 );
INSERT INTO "times" VALUES ( 18051, 12630, '06:38:00', '06:38:00', 20 );
INSERT INTO "times" VALUES ( 18051, 12640, '06:39:00', '06:39:00', 20 );
INSERT INTO "times" VALUES ( 18051, 12650, '06:41:00', '06:41:00', 20 );
INSERT INTO "times" VALUES ( 18051, 12660, '06:43:00', NULL, NULL );

INSERT INTO "dias" VALUES ( 18052, 100, FALSE, TRUE, 'R0603B', 12660, 11510 );
INSERT INTO "dias_line_groups" VALUES ( 18052, 10 );
INSERT INTO "times" VALUES ( 18052, 11510, '06:52:00', NULL, NULL );
INSERT INTO "times" VALUES ( 18052, 11520, '06:49:00', '06:49:00', 10 );
INSERT INTO "times" VALUES ( 18052, 11530, '06:48:00', '06:48:00', 10 );
INSERT INTO "times" VALUES ( 18052, 11540, '06:46:00', '06:46:00', 10 );
INSERT INTO "times" VALUES ( 18052, 12530, '06:45:00', '06:45:00', 10 );
INSERT INTO "times" VALUES ( 18052, 12540, '06:38:00', '06:42:00', 20 );
INSERT INTO "times" VALUES ( 18052, 12550, '06:35:00', '06:35:00', 20 );
INSERT INTO "times" VALUES ( 18052, 12560, '06:34:00', '06:34:00', 20 );
INSERT INTO "times" VALUES ( 18052, 12570, '06:32:00', '06:32:00', 20 );
INSERT INTO "times" VALUES ( 18052, 12580, '06:31:00', '06:31:00', 20 );
INSERT INTO "times" VALUES ( 18052, 12590, '06:29:00', '06:29:00', 20 );
INSERT INTO "times" VALUES ( 18052, 12600, '06:28:00', '06:28:00', 20 );
INSERT INTO "times" VALUES ( 18052, 12610, '06:25:00', '06:27:00', 20 );
INSERT INTO "times" VALUES ( 18052, 12620, '06:23:00', '06:23:00', 20 );
INSERT INTO "times" VALUES ( 18052, 12630, '06:21:00', '06:21:00', 20 );
INSERT INTO "times" VALUES ( 18052, 12640, '06:19:00', '06:19:00', 20 );
INSERT INTO "times" VALUES ( 18052, 12650, '06:18:00', '06:18:00', 20 );
INSERT INTO "times" VALUES ( 18052, 12660, NULL, '06:16:00', 20 );

INSERT INTO "dias" VALUES ( 18053, 100, FALSE, TRUE, 'R0604N', 11510, 12660 );
INSERT INTO "dias_line_groups" VALUES ( 18053, 10 );
INSERT INTO "times" VALUES ( 18053, 11510, NULL, '06:30:00', 10 );
INSERT INTO "times" VALUES ( 18053, 11520, '06:31:00', '06:31:00', 10 );
INSERT INTO "times" VALUES ( 18053, 11530, '06:33:00', '06:33:00', 10 );
INSERT INTO "times" VALUES ( 18053, 11540, '06:35:00', '06:35:00', 10 );
INSERT INTO "times" VALUES ( 18053, 12530, '06:37:00', '06:37:00', 20 );
INSERT INTO "times" VALUES ( 18053, 12540, '06:40:00', '06:41:00', 20 );
INSERT INTO "times" VALUES ( 18053, 12550, '06:43:00', '06:43:00', 20 );
INSERT INTO "times" VALUES ( 18053, 12560, '06:44:00', '06:44:00', 20 );
INSERT INTO "times" VALUES ( 18053, 12570, '06:46:00', '06:46:00', 20 );
INSERT INTO "times" VALUES ( 18053, 12580, '06:47:00', '06:47:00', 20 );
INSERT INTO "times" VALUES ( 18053, 12590, '06:49:00', '06:49:00', 20 );
INSERT INTO "times" VALUES ( 18053, 12600, '06:50:00', '06:50:00', 20 );
INSERT INTO "times" VALUES ( 18053, 12610, '06:52:00', '06:56:00', 20 );
INSERT INTO "times" VALUES ( 18053, 12620, '06:57:00', '06:57:00', 20 );
INSERT INTO "times" VALUES ( 18053, 12630, '06:58:00', '06:58:00', 20 );
INSERT INTO "times" VALUES ( 18053, 12640, '07:00:00', '07:00:00', 20 );
INSERT INTO "times" VALUES ( 18053, 12650, '07:02:00', '07:02:00', 20 );
INSERT INTO "times" VALUES ( 18053, 12660, '07:03:00', NULL, NULL );

INSERT INTO "dias" VALUES ( 18054, 100, FALSE, TRUE, 'R0605B', 12660, 11510 );
INSERT INTO "dias_line_groups" VALUES ( 18054, 10 );
INSERT INTO "times" VALUES ( 18054, 11510, '07:09:00', NULL, NULL );
INSERT INTO "times" VALUES ( 18054, 11520, '07:06:00', '07:06:00', 10 );
INSERT INTO "times" VALUES ( 18054, 11530, '07:05:00', '07:05:00', 10 );
INSERT INTO "times" VALUES ( 18054, 11540, '07:03:00', '07:03:00', 10 );
INSERT INTO "times" VALUES ( 18054, 12530, '07:02:00', '07:02:00', 10 );
INSERT INTO "times" VALUES ( 18054, 12540, '06:56:00', '06:59:00', 20 );
INSERT INTO "times" VALUES ( 18054, 12550, '06:53:00', '06:53:00', 20 );
INSERT INTO "times" VALUES ( 18054, 12560, '06:52:00', '06:52:00', 20 );
INSERT INTO "times" VALUES ( 18054, 12570, '06:50:00', '06:50:00', 20 );
INSERT INTO "times" VALUES ( 18054, 12580, '06:49:00', '06:49:00', 20 );
INSERT INTO "times" VALUES ( 18054, 12590, '06:47:00', '06:47:00', 20 );
INSERT INTO "times" VALUES ( 18054, 12600, '06:46:00', '06:46:00', 20 );
INSERT INTO "times" VALUES ( 18054, 12610, '06:42:00', '06:45:00', 20 );
INSERT INTO "times" VALUES ( 18054, 12620, '06:40:00', '06:40:00', 20 );
INSERT INTO "times" VALUES ( 18054, 12630, '06:38:00', '06:38:00', 20 );
INSERT INTO "times" VALUES ( 18054, 12640, '06:37:00', '06:37:00', 20 );
INSERT INTO "times" VALUES ( 18054, 12650, '06:35:00', '06:35:00', 20 );
INSERT INTO "times" VALUES ( 18054, 12660, NULL, '06:33:00', 20 );

INSERT INTO "dias" VALUES ( 18055, 100, FALSE, TRUE, 'R0606N', 11510, 12660 );
INSERT INTO "dias_line_groups" VALUES ( 18055, 10 );
INSERT INTO "times" VALUES ( 18055, 11510, NULL, '06:49:00', 10 );
INSERT INTO "times" VALUES ( 18055, 11520, '06:51:00', '06:51:00', 10 );
INSERT INTO "times" VALUES ( 18055, 11530, '06:52:00', '06:52:00', 10 );
INSERT INTO "times" VALUES ( 18055, 11540, '06:54:00', '06:54:00', 10 );
INSERT INTO "times" VALUES ( 18055, 12530, '06:56:00', '06:57:00', 20 );
INSERT INTO "times" VALUES ( 18055, 12540, '07:00:00', '07:01:00', 20 );
INSERT INTO "times" VALUES ( 18055, 12550, '07:03:00', '07:03:00', 20 );
INSERT INTO "times" VALUES ( 18055, 12560, '07:05:00', '07:05:00', 20 );
INSERT INTO "times" VALUES ( 18055, 12570, '07:06:00', '07:06:00', 20 );
INSERT INTO "times" VALUES ( 18055, 12580, '07:07:00', '07:07:00', 20 );
INSERT INTO "times" VALUES ( 18055, 12590, '07:09:00', '07:09:00', 20 );
INSERT INTO "times" VALUES ( 18055, 12600, '07:10:00', '07:10:00', 20 );
INSERT INTO "times" VALUES ( 18055, 12610, '07:12:00', '07:16:00', 20 );
INSERT INTO "times" VALUES ( 18055, 12620, '07:18:00', '07:18:00', 20 );
INSERT INTO "times" VALUES ( 18055, 12630, '07:19:00', '07:19:00', 20 );
INSERT INTO "times" VALUES ( 18055, 12640, '07:20:00', '07:20:00', 20 );
INSERT INTO "times" VALUES ( 18055, 12650, '07:22:00', '07:22:00', 20 );
INSERT INTO "times" VALUES ( 18055, 12660, '07:24:00', NULL, NULL );

INSERT INTO "dias" VALUES ( 18056, 100, FALSE, TRUE, 'R0607B', 12660, 11510 );
INSERT INTO "dias_line_groups" VALUES ( 18056, 10 );
INSERT INTO "times" VALUES ( 18056, 11510, '07:28:00', NULL, NULL );
INSERT INTO "times" VALUES ( 18056, 11520, '07:26:00', '07:26:00', 10 );
INSERT INTO "times" VALUES ( 18056, 11530, '07:24:00', '07:24:00', 10 );
INSERT INTO "times" VALUES ( 18056, 11540, '07:23:00', '07:23:00', 10 );
INSERT INTO "times" VALUES ( 18056, 12530, '07:21:00', '07:21:00', 10 );
INSERT INTO "times" VALUES ( 18056, 12540, '07:13:00', '07:18:00', 20 );
INSERT INTO "times" VALUES ( 18056, 12550, '07:10:00', '07:10:00', 20 );
INSERT INTO "times" VALUES ( 18056, 12560, '07:09:00', '07:09:00', 20 );
INSERT INTO "times" VALUES ( 18056, 12570, '07:07:00', '07:07:00', 20 );
INSERT INTO "times" VALUES ( 18056, 12580, '07:06:00', '07:06:00', 20 );
INSERT INTO "times" VALUES ( 18056, 12590, '07:04:00', '07:04:00', 20 );
INSERT INTO "times" VALUES ( 18056, 12600, '07:03:00', '07:03:00', 20 );
INSERT INTO "times" VALUES ( 18056, 12610, '07:00:00', '07:02:00', 20 );
INSERT INTO "times" VALUES ( 18056, 12620, '06:58:00', '06:58:00', 20 );
INSERT INTO "times" VALUES ( 18056, 12630, '06:57:00', '06:57:00', 20 );
INSERT INTO "times" VALUES ( 18056, 12640, '06:55:00', '06:55:00', 20 );
INSERT INTO "times" VALUES ( 18056, 12650, '06:53:00', '06:53:00', 20 );
INSERT INTO "times" VALUES ( 18056, 12660, NULL, '06:52:00', 20 );

INSERT INTO "dias" VALUES ( 18057, 100, FALSE, TRUE, 'R0609B', 12660, 11510 );
INSERT INTO "dias_line_groups" VALUES ( 18057, 10 );
INSERT INTO "times" VALUES ( 18057, 11510, '07:36:00', NULL, NULL );
INSERT INTO "times" VALUES ( 18057, 11520, '07:34:00', '07:34:00', 10 );
INSERT INTO "times" VALUES ( 18057, 11530, '07:32:00', '07:32:00', 10 );
INSERT INTO "times" VALUES ( 18057, 11540, '07:30:00', '07:30:00', 10 );
INSERT INTO "times" VALUES ( 18057, 12530, '07:29:00', '07:29:00', 10 );
INSERT INTO "times" VALUES ( 18057, 12540, '07:22:00', '07:26:00', 20 );
INSERT INTO "times" VALUES ( 18057, 12550, '07:19:00', '07:19:00', 20 );
INSERT INTO "times" VALUES ( 18057, 12560, '07:18:00', '07:18:00', 20 );
INSERT INTO "times" VALUES ( 18057, 12570, '07:16:00', '07:16:00', 20 );
INSERT INTO "times" VALUES ( 18057, 12580, '07:14:00', '07:14:00', 20 );
INSERT INTO "times" VALUES ( 18057, 12590, '07:13:00', '07:13:00', 20 );
INSERT INTO "times" VALUES ( 18057, 12600, '07:12:00', '07:12:00', 20 );
INSERT INTO "times" VALUES ( 18057, 12610, '07:08:00', '07:11:00', 20 );
INSERT INTO "times" VALUES ( 18057, 12620, '07:05:00', '07:05:00', 20 );
INSERT INTO "times" VALUES ( 18057, 12630, '07:04:00', '07:04:00', 20 );
INSERT INTO "times" VALUES ( 18057, 12640, '07:02:00', '07:02:00', 20 );
INSERT INTO "times" VALUES ( 18057, 12650, '07:00:00', '07:00:00', 20 );
INSERT INTO "times" VALUES ( 18057, 12660, NULL, '06:59:00', 20 );

INSERT INTO "dias" VALUES ( 18058, 100, FALSE, TRUE, 'R0700N', 11510, 12660 );
INSERT INTO "dias_line_groups" VALUES ( 18058, 10 );
INSERT INTO "times" VALUES ( 18058, 11510, NULL, '07:11:00', 10 );
INSERT INTO "times" VALUES ( 18058, 11520, '07:12:00', '07:12:00', 10 );
INSERT INTO "times" VALUES ( 18058, 11530, '07:14:00', '07:14:00', 10 );
INSERT INTO "times" VALUES ( 18058, 11540, '07:16:00', '07:16:00', 10 );
INSERT INTO "times" VALUES ( 18058, 12530, '07:18:00', '07:18:00', 20 );
INSERT INTO "times" VALUES ( 18058, 12540, '07:21:00', '07:21:00', 20 );
INSERT INTO "times" VALUES ( 18058, 12550, '07:23:00', '07:23:00', 20 );
INSERT INTO "times" VALUES ( 18058, 12560, '07:25:00', '07:25:00', 20 );
INSERT INTO "times" VALUES ( 18058, 12570, '07:26:00', '07:26:00', 20 );
INSERT INTO "times" VALUES ( 18058, 12580, '07:27:00', '07:27:00', 20 );
INSERT INTO "times" VALUES ( 18058, 12590, '07:29:00', '07:29:00', 20 );
INSERT INTO "times" VALUES ( 18058, 12600, '07:30:00', '07:30:00', 20 );
INSERT INTO "times" VALUES ( 18058, 12610, '07:31:00', '07:36:00', 20 );
INSERT INTO "times" VALUES ( 18058, 12620, '07:38:00', '07:38:00', 20 );
INSERT INTO "times" VALUES ( 18058, 12630, '07:39:00', '07:39:00', 20 );
INSERT INTO "times" VALUES ( 18058, 12640, '07:40:00', '07:40:00', 20 );
INSERT INTO "times" VALUES ( 18058, 12650, '07:42:00', '07:42:00', 20 );
INSERT INTO "times" VALUES ( 18058, 12660, '07:44:00', NULL, NULL );

INSERT INTO "dias" VALUES ( 18059, 100, FALSE, TRUE, 'R0701B', 12660, 11510 );
INSERT INTO "dias_line_groups" VALUES ( 18059, 10 );
INSERT INTO "times" VALUES ( 18059, 11510, '07:56:00', NULL, NULL );
INSERT INTO "times" VALUES ( 18059, 11520, '07:54:00', '07:54:00', 10 );
INSERT INTO "times" VALUES ( 18059, 11530, '07:52:00', '07:52:00', 10 );
INSERT INTO "times" VALUES ( 18059, 11540, '07:50:00', '07:50:00', 10 );
INSERT INTO "times" VALUES ( 18059, 12530, '07:49:00', '07:49:00', 10 );
INSERT INTO "times" VALUES ( 18059, 12540, '07:42:00', '07:46:00', 20 );
INSERT INTO "times" VALUES ( 18059, 12550, '07:39:00', '07:39:00', 20 );
INSERT INTO "times" VALUES ( 18059, 12560, '07:38:00', '07:38:00', 20 );
INSERT INTO "times" VALUES ( 18059, 12570, '07:36:00', '07:36:00', 20 );
INSERT INTO "times" VALUES ( 18059, 12580, '07:35:00', '07:35:00', 20 );
INSERT INTO "times" VALUES ( 18059, 12590, '07:33:00', '07:33:00', 20 );
INSERT INTO "times" VALUES ( 18059, 12600, '07:32:00', '07:32:00', 20 );
INSERT INTO "times" VALUES ( 18059, 12610, '07:28:00', '07:31:00', 20 );
INSERT INTO "times" VALUES ( 18059, 12620, '07:26:00', '07:26:00', 20 );
INSERT INTO "times" VALUES ( 18059, 12630, '07:24:00', '07:24:00', 20 );
INSERT INTO "times" VALUES ( 18059, 12640, '07:23:00', '07:23:00', 20 );
INSERT INTO "times" VALUES ( 18059, 12650, '07:21:00', '07:21:00', 20 );
INSERT INTO "times" VALUES ( 18059, 12660, NULL, '07:19:00', 20 );

INSERT INTO "dias" VALUES ( 18060, 100, FALSE, TRUE, 'R0702N', 11510, 12660 );
INSERT INTO "dias_line_groups" VALUES ( 18060, 10 );
INSERT INTO "times" VALUES ( 18060, 11510, NULL, '07:21:00', 10 );
INSERT INTO "times" VALUES ( 18060, 11520, '07:22:00', '07:22:00', 10 );
INSERT INTO "times" VALUES ( 18060, 11530, '07:24:00', '07:24:00', 10 );
INSERT INTO "times" VALUES ( 18060, 11540, '07:26:00', '07:26:00', 10 );
INSERT INTO "times" VALUES ( 18060, 12530, '07:28:00', '07:29:00', 20 );
INSERT INTO "times" VALUES ( 18060, 12540, '07:31:00', '07:32:00', 20 );
INSERT INTO "times" VALUES ( 18060, 12550, '07:34:00', '07:34:00', 20 );
INSERT INTO "times" VALUES ( 18060, 12560, '07:36:00', '07:36:00', 20 );
INSERT INTO "times" VALUES ( 18060, 12570, '07:37:00', '07:37:00', 20 );
INSERT INTO "times" VALUES ( 18060, 12580, '07:39:00', '07:39:00', 20 );
INSERT INTO "times" VALUES ( 18060, 12590, '07:40:00', '07:40:00', 20 );
INSERT INTO "times" VALUES ( 18060, 12600, '07:41:00', '07:41:00', 20 );
INSERT INTO "times" VALUES ( 18060, 12610, '07:43:00', '07:46:00', 20 );
INSERT INTO "times" VALUES ( 18060, 12620, '07:47:00', '07:47:00', 20 );
INSERT INTO "times" VALUES ( 18060, 12630, '07:49:00', '07:49:00', 20 );
INSERT INTO "times" VALUES ( 18060, 12640, '07:50:00', '07:50:00', 20 );
INSERT INTO "times" VALUES ( 18060, 12650, '07:52:00', '07:52:00', 20 );
INSERT INTO "times" VALUES ( 18060, 12660, '07:54:00', NULL, NULL );

INSERT INTO "dias" VALUES ( 18061, 100, FALSE, TRUE, 'R0703B', 12660, 11510 );
INSERT INTO "dias_line_groups" VALUES ( 18061, 10 );
INSERT INTO "times" VALUES ( 18061, 11510, '08:16:00', NULL, NULL );
INSERT INTO "times" VALUES ( 18061, 11520, '08:14:00', '08:14:00', 10 );
INSERT INTO "times" VALUES ( 18061, 11530, '08:12:00', '08:12:00', 10 );
INSERT INTO "times" VALUES ( 18061, 11540, '08:11:00', '08:11:00', 10 );
INSERT INTO "times" VALUES ( 18061, 12530, '08:08:00', '08:09:00', 10 );
INSERT INTO "times" VALUES ( 18061, 12540, '08:02:00', '08:06:00', 20 );
INSERT INTO "times" VALUES ( 18061, 12550, '07:59:00', '07:59:00', 20 );
INSERT INTO "times" VALUES ( 18061, 12560, '07:58:00', '07:58:00', 20 );
INSERT INTO "times" VALUES ( 18061, 12570, '07:56:00', '07:56:00', 20 );
INSERT INTO "times" VALUES ( 18061, 12580, '07:55:00', '07:55:00', 20 );
INSERT INTO "times" VALUES ( 18061, 12590, '07:53:00', '07:53:00', 20 );
INSERT INTO "times" VALUES ( 18061, 12600, '07:52:00', '07:52:00', 20 );
INSERT INTO "times" VALUES ( 18061, 12610, '07:48:00', '07:51:00', 20 );
INSERT INTO "times" VALUES ( 18061, 12620, '07:46:00', '07:46:00', 20 );
INSERT INTO "times" VALUES ( 18061, 12630, '07:44:00', '07:44:00', 20 );
INSERT INTO "times" VALUES ( 18061, 12640, '07:42:00', '07:42:00', 20 );
INSERT INTO "times" VALUES ( 18061, 12650, '07:41:00', '07:41:00', 20 );
INSERT INTO "times" VALUES ( 18061, 12660, NULL, '07:39:00', 20 );

INSERT INTO "dias" VALUES ( 18062, 100, FALSE, TRUE, 'R0704N', 11510, 12660 );
INSERT INTO "dias_line_groups" VALUES ( 18062, 10 );
INSERT INTO "times" VALUES ( 18062, 11510, NULL, '07:41:00', 10 );
INSERT INTO "times" VALUES ( 18062, 11520, '07:42:00', '07:42:00', 10 );
INSERT INTO "times" VALUES ( 18062, 11530, '07:44:00', '07:44:00', 10 );
INSERT INTO "times" VALUES ( 18062, 11540, '07:46:00', '07:46:00', 10 );
INSERT INTO "times" VALUES ( 18062, 12530, '07:48:00', '07:48:00', 20 );
INSERT INTO "times" VALUES ( 18062, 12540, '07:51:00', '07:51:00', 20 );
INSERT INTO "times" VALUES ( 18062, 12550, '07:54:00', '07:54:00', 20 );
INSERT INTO "times" VALUES ( 18062, 12560, '07:55:00', '07:55:00', 20 );
INSERT INTO "times" VALUES ( 18062, 12570, '07:56:00', '07:56:00', 20 );
INSERT INTO "times" VALUES ( 18062, 12580, '07:58:00', '07:58:00', 20 );
INSERT INTO "times" VALUES ( 18062, 12590, '07:59:00', '07:59:00', 20 );
INSERT INTO "times" VALUES ( 18062, 12600, '08:00:00', '08:00:00', 20 );
INSERT INTO "times" VALUES ( 18062, 12610, '08:02:00', '08:05:00', 20 );
INSERT INTO "times" VALUES ( 18062, 12620, '08:06:00', '08:06:00', 20 );
INSERT INTO "times" VALUES ( 18062, 12630, '08:08:00', '08:08:00', 20 );
INSERT INTO "times" VALUES ( 18062, 12640, '08:09:00', '08:09:00', 20 );
INSERT INTO "times" VALUES ( 18062, 12650, '08:11:00', '08:11:00', 20 );
INSERT INTO "times" VALUES ( 18062, 12660, '08:13:00', NULL, NULL );

INSERT INTO "dias" VALUES ( 18063, 100, FALSE, TRUE, 'R0705B', 12660, 11510 );
INSERT INTO "dias_line_groups" VALUES ( 18063, 10 );
INSERT INTO "times" VALUES ( 18063, 11510, '08:37:00', NULL, NULL );
INSERT INTO "times" VALUES ( 18063, 11520, '08:34:00', '08:34:00', 10 );
INSERT INTO "times" VALUES ( 18063, 11530, '08:33:00', '08:33:00', 10 );
INSERT INTO "times" VALUES ( 18063, 11540, '08:31:00', '08:31:00', 10 );
INSERT INTO "times" VALUES ( 18063, 12530, '08:28:00', '08:30:00', 10 );
INSERT INTO "times" VALUES ( 18063, 12540, '08:22:00', '08:26:00', 20 );
INSERT INTO "times" VALUES ( 18063, 12550, '08:19:00', '08:19:00', 20 );
INSERT INTO "times" VALUES ( 18063, 12560, '08:18:00', '08:18:00', 20 );
INSERT INTO "times" VALUES ( 18063, 12570, '08:16:00', '08:16:00', 20 );
INSERT INTO "times" VALUES ( 18063, 12580, '08:15:00', '08:15:00', 20 );
INSERT INTO "times" VALUES ( 18063, 12590, '08:13:00', '08:13:00', 20 );
INSERT INTO "times" VALUES ( 18063, 12600, '08:12:00', '08:12:00', 20 );
INSERT INTO "times" VALUES ( 18063, 12610, '08:07:00', '08:11:00', 20 );
INSERT INTO "times" VALUES ( 18063, 12620, '08:05:00', '08:05:00', 20 );
INSERT INTO "times" VALUES ( 18063, 12630, '08:03:00', '08:03:00', 20 );
INSERT INTO "times" VALUES ( 18063, 12640, '08:02:00', '08:02:00', 20 );
INSERT INTO "times" VALUES ( 18063, 12650, '08:00:00', '08:00:00', 20 );
INSERT INTO "times" VALUES ( 18063, 12660, NULL, '07:58:00', 20 );

INSERT INTO "dias" VALUES ( 18064, 100, FALSE, TRUE, 'R0706N', 11510, 12660 );
INSERT INTO "dias_line_groups" VALUES ( 18064, 10 );
INSERT INTO "times" VALUES ( 18064, 11510, NULL, '07:51:00', 10 );
INSERT INTO "times" VALUES ( 18064, 11520, '07:52:00', '07:52:00', 10 );
INSERT INTO "times" VALUES ( 18064, 11530, '07:54:00', '07:54:00', 10 );
INSERT INTO "times" VALUES ( 18064, 11540, '07:56:00', '07:56:00', 10 );
INSERT INTO "times" VALUES ( 18064, 12530, '07:58:00', '07:58:00', 20 );
INSERT INTO "times" VALUES ( 18064, 12540, '08:01:00', '08:02:00', 20 );
INSERT INTO "times" VALUES ( 18064, 12550, '08:04:00', '08:04:00', 20 );
INSERT INTO "times" VALUES ( 18064, 12560, '08:05:00', '08:05:00', 20 );
INSERT INTO "times" VALUES ( 18064, 12570, '08:07:00', '08:07:00', 20 );
INSERT INTO "times" VALUES ( 18064, 12580, '08:09:00', '08:09:00', 20 );
INSERT INTO "times" VALUES ( 18064, 12590, '08:10:00', '08:10:00', 20 );
INSERT INTO "times" VALUES ( 18064, 12600, '08:11:00', '08:11:00', 20 );
INSERT INTO "times" VALUES ( 18064, 12610, '08:13:00', '08:15:00', 20 );
INSERT INTO "times" VALUES ( 18064, 12620, '08:17:00', '08:17:00', 20 );
INSERT INTO "times" VALUES ( 18064, 12630, '08:18:00', '08:18:00', 20 );
INSERT INTO "times" VALUES ( 18064, 12640, '08:20:00', '08:20:00', 20 );
INSERT INTO "times" VALUES ( 18064, 12650, '08:22:00', '08:22:00', 20 );
INSERT INTO "times" VALUES ( 18064, 12660, '08:24:00', NULL, NULL );

INSERT INTO "dias" VALUES ( 18065, 100, FALSE, TRUE, 'R0800N', 11510, 12660 );
INSERT INTO "dias_line_groups" VALUES ( 18065, 10 );
INSERT INTO "times" VALUES ( 18065, 11510, NULL, '08:34:00', 10 );
INSERT INTO "times" VALUES ( 18065, 11520, '08:35:00', '08:35:00', 10 );
INSERT INTO "times" VALUES ( 18065, 11530, '08:37:00', '08:37:00', 10 );
INSERT INTO "times" VALUES ( 18065, 11540, '08:39:00', '08:39:00', 10 );
INSERT INTO "times" VALUES ( 18065, 12530, '08:41:00', '08:42:00', 20 );
INSERT INTO "times" VALUES ( 18065, 12540, '08:44:00', '08:51:00', 20 );
INSERT INTO "times" VALUES ( 18065, 12550, '08:53:00', '08:53:00', 20 );
INSERT INTO "times" VALUES ( 18065, 12560, '08:55:00', '08:55:00', 20 );
INSERT INTO "times" VALUES ( 18065, 12570, '08:56:00', '08:56:00', 20 );
INSERT INTO "times" VALUES ( 18065, 12580, '08:58:00', '08:58:00', 20 );
INSERT INTO "times" VALUES ( 18065, 12590, '08:59:00', '08:59:00', 20 );
INSERT INTO "times" VALUES ( 18065, 12600, '09:00:00', '09:00:00', 20 );
INSERT INTO "times" VALUES ( 18065, 12610, '09:02:00', '09:06:00', 20 );
INSERT INTO "times" VALUES ( 18065, 12620, '09:07:00', '09:07:00', 20 );
INSERT INTO "times" VALUES ( 18065, 12630, '09:08:00', '09:08:00', 20 );
INSERT INTO "times" VALUES ( 18065, 12640, '09:10:00', '09:10:00', 20 );
INSERT INTO "times" VALUES ( 18065, 12650, '09:12:00', '09:12:00', 20 );
INSERT INTO "times" VALUES ( 18065, 12660, '09:14:00', NULL, NULL );

INSERT INTO "dias" VALUES ( 18066, 100, FALSE, TRUE, 'R0801B', 12660, 11510 );
INSERT INTO "dias_line_groups" VALUES ( 18066, 10 );
INSERT INTO "times" VALUES ( 18066, 11510, '08:57:00', NULL, NULL );
INSERT INTO "times" VALUES ( 18066, 11520, '08:54:00', '08:54:00', 10 );
INSERT INTO "times" VALUES ( 18066, 11530, '08:53:00', '08:53:00', 10 );
INSERT INTO "times" VALUES ( 18066, 11540, '08:51:00', '08:51:00', 10 );
INSERT INTO "times" VALUES ( 18066, 12530, '08:48:00', '08:50:00', 10 );
INSERT INTO "times" VALUES ( 18066, 12540, '08:42:00', '08:46:00', 20 );
INSERT INTO "times" VALUES ( 18066, 12550, '08:39:00', '08:39:00', 20 );
INSERT INTO "times" VALUES ( 18066, 12560, '08:38:00', '08:38:00', 20 );
INSERT INTO "times" VALUES ( 18066, 12570, '08:36:00', '08:36:00', 20 );
INSERT INTO "times" VALUES ( 18066, 12580, '08:34:00', '08:34:00', 20 );
INSERT INTO "times" VALUES ( 18066, 12590, '08:33:00', '08:33:00', 20 );
INSERT INTO "times" VALUES ( 18066, 12600, '08:32:00', '08:32:00', 20 );
INSERT INTO "times" VALUES ( 18066, 12610, '08:28:00', '08:31:00', 20 );
INSERT INTO "times" VALUES ( 18066, 12620, '08:26:00', '08:26:00', 20 );
INSERT INTO "times" VALUES ( 18066, 12630, '08:25:00', '08:25:00', 20 );
INSERT INTO "times" VALUES ( 18066, 12640, '08:23:00', '08:23:00', 20 );
INSERT INTO "times" VALUES ( 18066, 12650, '08:21:00', '08:21:00', 20 );
INSERT INTO "times" VALUES ( 18066, 12660, NULL, '08:20:00', 20 );

INSERT INTO "dias" VALUES ( 18067, 100, FALSE, TRUE, 'R0803B', 12660, 11510 );
INSERT INTO "dias_line_groups" VALUES ( 18067, 10 );
INSERT INTO "times" VALUES ( 18067, 11510, '09:17:00', NULL, NULL );
INSERT INTO "times" VALUES ( 18067, 11520, '09:14:00', '09:14:00', 10 );
INSERT INTO "times" VALUES ( 18067, 11530, '09:13:00', '09:13:00', 10 );
INSERT INTO "times" VALUES ( 18067, 11540, '09:11:00', '09:11:00', 10 );
INSERT INTO "times" VALUES ( 18067, 12530, '09:09:00', '09:10:00', 10 );
INSERT INTO "times" VALUES ( 18067, 12540, '09:04:00', '09:06:00', 20 );
INSERT INTO "times" VALUES ( 18067, 12550, '09:01:00', '09:01:00', 20 );
INSERT INTO "times" VALUES ( 18067, 12560, '09:00:00', '09:00:00', 20 );
INSERT INTO "times" VALUES ( 18067, 12570, '08:58:00', '08:58:00', 20 );
INSERT INTO "times" VALUES ( 18067, 12580, '08:57:00', '08:57:00', 20 );
INSERT INTO "times" VALUES ( 18067, 12590, '08:55:00', '08:55:00', 20 );
INSERT INTO "times" VALUES ( 18067, 12600, '08:54:00', '08:54:00', 20 );
INSERT INTO "times" VALUES ( 18067, 12610, '08:49:00', '08:53:00', 20 );
INSERT INTO "times" VALUES ( 18067, 12620, '08:46:00', '08:46:00', 20 );
INSERT INTO "times" VALUES ( 18067, 12630, '08:45:00', '08:45:00', 20 );
INSERT INTO "times" VALUES ( 18067, 12640, '08:43:00', '08:43:00', 20 );
INSERT INTO "times" VALUES ( 18067, 12650, '08:41:00', '08:41:00', 20 );
INSERT INTO "times" VALUES ( 18067, 12660, NULL, '08:40:00', 20 );

INSERT INTO "dias" VALUES ( 18068, 100, FALSE, TRUE, 'R0805B', 12660, 11510 );
INSERT INTO "dias_line_groups" VALUES ( 18068, 10 );
INSERT INTO "times" VALUES ( 18068, 11510, '09:37:00', NULL, NULL );
INSERT INTO "times" VALUES ( 18068, 11520, '09:34:00', '09:34:00', 10 );
INSERT INTO "times" VALUES ( 18068, 11530, '09:33:00', '09:33:00', 10 );
INSERT INTO "times" VALUES ( 18068, 11540, '09:31:00', '09:31:00', 10 );
INSERT INTO "times" VALUES ( 18068, 12530, '09:29:00', '09:30:00', 10 );
INSERT INTO "times" VALUES ( 18068, 12540, '09:20:00', '09:26:00', 20 );
INSERT INTO "times" VALUES ( 18068, 12550, '09:18:00', '09:18:00', 20 );
INSERT INTO "times" VALUES ( 18068, 12560, '09:16:00', '09:16:00', 20 );
INSERT INTO "times" VALUES ( 18068, 12570, '09:14:00', '09:14:00', 20 );
INSERT INTO "times" VALUES ( 18068, 12580, '09:13:00', '09:13:00', 20 );
INSERT INTO "times" VALUES ( 18068, 12590, '09:12:00', '09:12:00', 20 );
INSERT INTO "times" VALUES ( 18068, 12600, '09:10:00', '09:10:00', 20 );
INSERT INTO "times" VALUES ( 18068, 12610, '09:07:00', '09:09:00', 20 );
INSERT INTO "times" VALUES ( 18068, 12620, '09:05:00', '09:05:00', 20 );
INSERT INTO "times" VALUES ( 18068, 12630, '09:03:00', '09:03:00', 20 );
INSERT INTO "times" VALUES ( 18068, 12640, '09:01:00', '09:01:00', 20 );
INSERT INTO "times" VALUES ( 18068, 12650, '09:00:00', '09:00:00', 20 );
INSERT INTO "times" VALUES ( 18068, 12660, NULL, '08:58:00', 20 );

INSERT INTO "dias" VALUES ( 18069, 100, FALSE, TRUE, 'R0901B', 12740, 11510 );
INSERT INTO "dias_line_groups" VALUES ( 18069, 10 );
INSERT INTO "times" VALUES ( 18069, 11510, '10:07:00', NULL, NULL );
INSERT INTO "times" VALUES ( 18069, 11520, '10:04:00', '10:04:00', 10 );
INSERT INTO "times" VALUES ( 18069, 11530, '10:03:00', '10:03:00', 10 );
INSERT INTO "times" VALUES ( 18069, 11540, '10:01:00', '10:01:00', 10 );
INSERT INTO "times" VALUES ( 18069, 12530, '09:58:00', '10:00:00', 10 );
INSERT INTO "times" VALUES ( 18069, 12540, '09:50:00', '09:56:00', 20 );
INSERT INTO "times" VALUES ( 18069, 12550, '09:48:00', '09:48:00', 20 );
INSERT INTO "times" VALUES ( 18069, 12560, '09:46:00', '09:46:00', 20 );
INSERT INTO "times" VALUES ( 18069, 12570, '09:44:00', '09:44:00', 20 );
INSERT INTO "times" VALUES ( 18069, 12580, '09:43:00', '09:43:00', 20 );
INSERT INTO "times" VALUES ( 18069, 12590, '09:42:00', '09:42:00', 20 );
INSERT INTO "times" VALUES ( 18069, 12600, '09:40:00', '09:40:00', 20 );
INSERT INTO "times" VALUES ( 18069, 12610, '09:35:00', '09:39:00', 20 );
INSERT INTO "times" VALUES ( 18069, 12620, '09:33:00', '09:33:00', 20 );
INSERT INTO "times" VALUES ( 18069, 12630, '09:31:00', '09:31:00', 20 );
INSERT INTO "times" VALUES ( 18069, 12640, '09:30:00', '09:30:00', 20 );
INSERT INTO "times" VALUES ( 18069, 12650, '09:28:00', '09:28:00', 20 );
INSERT INTO "times" VALUES ( 18069, 12660, '09:25:00', '09:26:00', 20 );
INSERT INTO "times" VALUES ( 18069, 12670, '09:22:00', '09:22:00', 20 );
INSERT INTO "times" VALUES ( 18069, 12680, '09:19:00', '09:19:00', 20 );
INSERT INTO "times" VALUES ( 18069, 12690, '09:16:00', '09:16:00', 20 );
INSERT INTO "times" VALUES ( 18069, 12700, '09:14:00', '09:14:00', 20 );
INSERT INTO "times" VALUES ( 18069, 12710, '09:12:00', '09:12:00', 20 );
INSERT INTO "times" VALUES ( 18069, 12720, '09:09:00', '09:09:00', 20 );
INSERT INTO "times" VALUES ( 18069, 12730, '09:07:00', '09:07:00', 20 );
INSERT INTO "times" VALUES ( 18069, 12740, NULL, '09:05:00', 20 );

INSERT INTO "dias" VALUES ( 18070, 100, FALSE, TRUE, 'R0903B', 12660, 11510 );
INSERT INTO "dias_line_groups" VALUES ( 18070, 10 );
INSERT INTO "times" VALUES ( 18070, 11510, '10:37:00', NULL, NULL );
INSERT INTO "times" VALUES ( 18070, 11520, '10:34:00', '10:34:00', 10 );
INSERT INTO "times" VALUES ( 18070, 11530, '10:33:00', '10:33:00', 10 );
INSERT INTO "times" VALUES ( 18070, 11540, '10:31:00', '10:31:00', 10 );
INSERT INTO "times" VALUES ( 18070, 12530, '10:30:00', '10:30:00', 10 );
INSERT INTO "times" VALUES ( 18070, 12540, '10:20:00', '10:27:00', 20 );
INSERT INTO "times" VALUES ( 18070, 12550, '10:18:00', '10:18:00', 20 );
INSERT INTO "times" VALUES ( 18070, 12560, '10:16:00', '10:16:00', 20 );
INSERT INTO "times" VALUES ( 18070, 12570, '10:14:00', '10:14:00', 20 );
INSERT INTO "times" VALUES ( 18070, 12580, '10:13:00', '10:13:00', 20 );
INSERT INTO "times" VALUES ( 18070, 12590, '10:12:00', '10:12:00', 20 );
INSERT INTO "times" VALUES ( 18070, 12600, '10:10:00', '10:10:00', 20 );
INSERT INTO "times" VALUES ( 18070, 12610, '10:05:00', '10:09:00', 20 );
INSERT INTO "times" VALUES ( 18070, 12620, '10:03:00', '10:03:00', 20 );
INSERT INTO "times" VALUES ( 18070, 12630, '10:01:00', '10:01:00', 20 );
INSERT INTO "times" VALUES ( 18070, 12640, '10:00:00', '10:00:00', 20 );
INSERT INTO "times" VALUES ( 18070, 12650, '09:58:00', '09:58:00', 20 );
INSERT INTO "times" VALUES ( 18070, 12660, NULL, '09:56:00', 20 );

INSERT INTO "dias" VALUES ( 18071, 100, FALSE, TRUE, 'R1000N', 11510, 12660 );
INSERT INTO "dias_line_groups" VALUES ( 18071, 10 );
INSERT INTO "times" VALUES ( 18071, 11510, NULL, '10:34:00', 10 );
INSERT INTO "times" VALUES ( 18071, 11520, '10:35:00', '10:35:00', 10 );
INSERT INTO "times" VALUES ( 18071, 11530, '10:37:00', '10:37:00', 10 );
INSERT INTO "times" VALUES ( 18071, 11540, '10:39:00', '10:39:00', 10 );
INSERT INTO "times" VALUES ( 18071, 12530, '10:41:00', '10:42:00', 20 );
INSERT INTO "times" VALUES ( 18071, 12540, '10:44:00', '10:51:00', 20 );
INSERT INTO "times" VALUES ( 18071, 12550, '10:53:00', '10:53:00', 20 );
INSERT INTO "times" VALUES ( 18071, 12560, '10:55:00', '10:55:00', 20 );
INSERT INTO "times" VALUES ( 18071, 12570, '10:56:00', '10:56:00', 20 );
INSERT INTO "times" VALUES ( 18071, 12580, '10:58:00', '10:58:00', 20 );
INSERT INTO "times" VALUES ( 18071, 12590, '10:59:00', '10:59:00', 20 );
INSERT INTO "times" VALUES ( 18071, 12600, '11:00:00', '11:00:00', 20 );
INSERT INTO "times" VALUES ( 18071, 12610, '11:02:00', '11:06:00', 20 );
INSERT INTO "times" VALUES ( 18071, 12620, '11:07:00', '11:07:00', 20 );
INSERT INTO "times" VALUES ( 18071, 12630, '11:09:00', '11:09:00', 20 );
INSERT INTO "times" VALUES ( 18071, 12640, '11:10:00', '11:10:00', 20 );
INSERT INTO "times" VALUES ( 18071, 12650, '11:12:00', '11:12:00', 20 );
INSERT INTO "times" VALUES ( 18071, 12660, '11:14:00', NULL, NULL );

INSERT INTO "dias" VALUES ( 18072, 100, FALSE, TRUE, 'R1001B', 12660, 11510 );
INSERT INTO "dias_line_groups" VALUES ( 18072, 10 );
INSERT INTO "times" VALUES ( 18072, 11510, '11:07:00', NULL, NULL );
INSERT INTO "times" VALUES ( 18072, 11520, '11:04:00', '11:04:00', 10 );
INSERT INTO "times" VALUES ( 18072, 11530, '11:03:00', '11:03:00', 10 );
INSERT INTO "times" VALUES ( 18072, 11540, '11:01:00', '11:01:00', 10 );
INSERT INTO "times" VALUES ( 18072, 12530, '11:00:00', '11:00:00', 10 );
INSERT INTO "times" VALUES ( 18072, 12540, '10:50:00', '10:57:00', 20 );
INSERT INTO "times" VALUES ( 18072, 12550, '10:48:00', '10:48:00', 20 );
INSERT INTO "times" VALUES ( 18072, 12560, '10:46:00', '10:46:00', 20 );
INSERT INTO "times" VALUES ( 18072, 12570, '10:44:00', '10:44:00', 20 );
INSERT INTO "times" VALUES ( 18072, 12580, '10:43:00', '10:43:00', 20 );
INSERT INTO "times" VALUES ( 18072, 12590, '10:42:00', '10:42:00', 20 );
INSERT INTO "times" VALUES ( 18072, 12600, '10:40:00', '10:40:00', 20 );
INSERT INTO "times" VALUES ( 18072, 12610, '10:36:00', '10:39:00', 20 );
INSERT INTO "times" VALUES ( 18072, 12620, '10:34:00', '10:34:00', 20 );
INSERT INTO "times" VALUES ( 18072, 12630, '10:32:00', '10:32:00', 20 );
INSERT INTO "times" VALUES ( 18072, 12640, '10:31:00', '10:31:00', 20 );
INSERT INTO "times" VALUES ( 18072, 12650, '10:29:00', '10:29:00', 20 );
INSERT INTO "times" VALUES ( 18072, 12660, NULL, '10:27:00', 20 );

INSERT INTO "dias" VALUES ( 18073, 100, FALSE, TRUE, 'R1003B', 12710, 11510 );
INSERT INTO "dias_line_groups" VALUES ( 18073, 10 );
INSERT INTO "times" VALUES ( 18073, 11510, '11:27:00', NULL, NULL );
INSERT INTO "times" VALUES ( 18073, 11520, '11:24:00', '11:24:00', 10 );
INSERT INTO "times" VALUES ( 18073, 11530, '11:23:00', '11:23:00', 10 );
INSERT INTO "times" VALUES ( 18073, 11540, '11:21:00', '11:21:00', 10 );
INSERT INTO "times" VALUES ( 18073, 12530, '11:20:00', '11:20:00', 10 );
INSERT INTO "times" VALUES ( 18073, 12540, '11:10:00', '11:17:00', 20 );
INSERT INTO "times" VALUES ( 18073, 12550, '11:08:00', '11:08:00', 20 );
INSERT INTO "times" VALUES ( 18073, 12560, '11:06:00', '11:06:00', 20 );
INSERT INTO "times" VALUES ( 18073, 12570, '11:04:00', '11:04:00', 20 );
INSERT INTO "times" VALUES ( 18073, 12580, '11:03:00', '11:03:00', 20 );
INSERT INTO "times" VALUES ( 18073, 12590, '11:02:00', '11:02:00', 20 );
INSERT INTO "times" VALUES ( 18073, 12600, '11:00:00', '11:00:00', 20 );
INSERT INTO "times" VALUES ( 18073, 12610, '10:56:00', '10:59:00', 20 );
INSERT INTO "times" VALUES ( 18073, 12620, '10:54:00', '10:54:00', 20 );
INSERT INTO "times" VALUES ( 18073, 12630, '10:52:00', '10:52:00', 20 );
INSERT INTO "times" VALUES ( 18073, 12640, '10:51:00', '10:51:00', 20 );
INSERT INTO "times" VALUES ( 18073, 12650, '10:49:00', '10:49:00', 20 );
INSERT INTO "times" VALUES ( 18073, 12660, '10:45:00', '10:47:00', 20 );
INSERT INTO "times" VALUES ( 18073, 12670, '10:42:00', '10:42:00', 20 );
INSERT INTO "times" VALUES ( 18073, 12680, '10:40:00', '10:40:00', 20 );
INSERT INTO "times" VALUES ( 18073, 12690, '10:37:00', '10:37:00', 20 );
INSERT INTO "times" VALUES ( 18073, 12700, '10:35:00', '10:35:00', 20 );
INSERT INTO "times" VALUES ( 18073, 12710, NULL, '10:33:00', 20 );

INSERT INTO "dias" VALUES ( 18074, 100, FALSE, TRUE, 'R1005B', 12660, 11510 );
INSERT INTO "dias_line_groups" VALUES ( 18074, 10 );
INSERT INTO "times" VALUES ( 18074, 11510, '11:37:00', NULL, NULL );
INSERT INTO "times" VALUES ( 18074, 11520, '11:34:00', '11:34:00', 10 );
INSERT INTO "times" VALUES ( 18074, 11530, '11:33:00', '11:33:00', 10 );
INSERT INTO "times" VALUES ( 18074, 11540, '11:31:00', '11:31:00', 10 );
INSERT INTO "times" VALUES ( 18074, 12530, '11:30:00', '11:30:00', 10 );
INSERT INTO "times" VALUES ( 18074, 12540, '11:20:00', '11:27:00', 20 );
INSERT INTO "times" VALUES ( 18074, 12550, '11:18:00', '11:18:00', 20 );
INSERT INTO "times" VALUES ( 18074, 12560, '11:16:00', '11:16:00', 20 );
INSERT INTO "times" VALUES ( 18074, 12570, '11:14:00', '11:14:00', 20 );
INSERT INTO "times" VALUES ( 18074, 12580, '11:13:00', '11:13:00', 20 );
INSERT INTO "times" VALUES ( 18074, 12590, '11:12:00', '11:12:00', 20 );
INSERT INTO "times" VALUES ( 18074, 12600, '11:10:00', '11:10:00', 20 );
INSERT INTO "times" VALUES ( 18074, 12610, '11:06:00', '11:09:00', 20 );
INSERT INTO "times" VALUES ( 18074, 12620, '11:04:00', '11:04:00', 20 );
INSERT INTO "times" VALUES ( 18074, 12630, '11:02:00', '11:02:00', 20 );
INSERT INTO "times" VALUES ( 18074, 12640, '11:01:00', '11:01:00', 20 );
INSERT INTO "times" VALUES ( 18074, 12650, '10:59:00', '10:59:00', 20 );
INSERT INTO "times" VALUES ( 18074, 12660, NULL, '10:57:00', 20 );

INSERT INTO "dias" VALUES ( 18075, 100, FALSE, TRUE, 'R1100N', 11510, 12660 );
INSERT INTO "dias_line_groups" VALUES ( 18075, 10 );
INSERT INTO "times" VALUES ( 18075, 11510, NULL, '11:04:00', 10 );
INSERT INTO "times" VALUES ( 18075, 11520, '11:05:00', '11:05:00', 10 );
INSERT INTO "times" VALUES ( 18075, 11530, '11:07:00', '11:07:00', 10 );
INSERT INTO "times" VALUES ( 18075, 11540, '11:09:00', '11:09:00', 10 );
INSERT INTO "times" VALUES ( 18075, 12530, '11:11:00', '11:12:00', 20 );
INSERT INTO "times" VALUES ( 18075, 12540, '11:14:00', '11:21:00', 20 );
INSERT INTO "times" VALUES ( 18075, 12550, '11:23:00', '11:23:00', 20 );
INSERT INTO "times" VALUES ( 18075, 12560, '11:25:00', '11:25:00', 20 );
INSERT INTO "times" VALUES ( 18075, 12570, '11:26:00', '11:26:00', 20 );
INSERT INTO "times" VALUES ( 18075, 12580, '11:28:00', '11:28:00', 20 );
INSERT INTO "times" VALUES ( 18075, 12590, '11:29:00', '11:29:00', 20 );
INSERT INTO "times" VALUES ( 18075, 12600, '11:30:00', '11:30:00', 20 );
INSERT INTO "times" VALUES ( 18075, 12610, '11:32:00', '11:35:00', 20 );
INSERT INTO "times" VALUES ( 18075, 12620, '11:37:00', '11:37:00', 20 );
INSERT INTO "times" VALUES ( 18075, 12630, '11:38:00', '11:38:00', 20 );
INSERT INTO "times" VALUES ( 18075, 12640, '11:40:00', '11:40:00', 20 );
INSERT INTO "times" VALUES ( 18075, 12650, '11:42:00', '11:42:00', 20 );
INSERT INTO "times" VALUES ( 18075, 12660, '11:44:00', NULL, NULL );

INSERT INTO "dias" VALUES ( 18076, 100, FALSE, TRUE, 'R1101B', 12710, 11510 );
INSERT INTO "dias_line_groups" VALUES ( 18076, 10 );
INSERT INTO "times" VALUES ( 18076, 11510, '11:57:00', NULL, NULL );
INSERT INTO "times" VALUES ( 18076, 11520, '11:54:00', '11:54:00', 10 );
INSERT INTO "times" VALUES ( 18076, 11530, '11:53:00', '11:53:00', 10 );
INSERT INTO "times" VALUES ( 18076, 11540, '11:51:00', '11:51:00', 10 );
INSERT INTO "times" VALUES ( 18076, 12530, '11:50:00', '11:50:00', 10 );
INSERT INTO "times" VALUES ( 18076, 12540, '11:40:00', '11:47:00', 20 );
INSERT INTO "times" VALUES ( 18076, 12550, '11:38:00', '11:38:00', 20 );
INSERT INTO "times" VALUES ( 18076, 12560, '11:36:00', '11:36:00', 20 );
INSERT INTO "times" VALUES ( 18076, 12570, '11:34:00', '11:34:00', 20 );
INSERT INTO "times" VALUES ( 18076, 12580, '11:33:00', '11:33:00', 20 );
INSERT INTO "times" VALUES ( 18076, 12590, '11:32:00', '11:32:00', 20 );
INSERT INTO "times" VALUES ( 18076, 12600, '11:30:00', '11:30:00', 20 );
INSERT INTO "times" VALUES ( 18076, 12610, '11:26:00', '11:29:00', 20 );
INSERT INTO "times" VALUES ( 18076, 12620, '11:24:00', '11:24:00', 20 );
INSERT INTO "times" VALUES ( 18076, 12630, '11:22:00', '11:22:00', 20 );
INSERT INTO "times" VALUES ( 18076, 12640, '11:21:00', '11:21:00', 20 );
INSERT INTO "times" VALUES ( 18076, 12650, '11:19:00', '11:19:00', 20 );
INSERT INTO "times" VALUES ( 18076, 12660, '11:16:00', '11:17:00', 20 );
INSERT INTO "times" VALUES ( 18076, 12670, '11:13:00', '11:13:00', 20 );
INSERT INTO "times" VALUES ( 18076, 12680, '11:10:00', '11:10:00', 20 );
INSERT INTO "times" VALUES ( 18076, 12690, '11:08:00', '11:08:00', 20 );
INSERT INTO "times" VALUES ( 18076, 12700, '11:05:00', '11:05:00', 20 );
INSERT INTO "times" VALUES ( 18076, 12710, NULL, '11:04:00', 20 );

INSERT INTO "dias" VALUES ( 18077, 100, FALSE, TRUE, 'R1102N', 11510, 12660 );
INSERT INTO "dias_line_groups" VALUES ( 18077, 10 );
INSERT INTO "times" VALUES ( 18077, 11510, NULL, '11:34:00', 10 );
INSERT INTO "times" VALUES ( 18077, 11520, '11:35:00', '11:35:00', 10 );
INSERT INTO "times" VALUES ( 18077, 11530, '11:37:00', '11:37:00', 10 );
INSERT INTO "times" VALUES ( 18077, 11540, '11:39:00', '11:39:00', 10 );
INSERT INTO "times" VALUES ( 18077, 12530, '11:41:00', '11:42:00', 20 );
INSERT INTO "times" VALUES ( 18077, 12540, '11:44:00', '11:51:00', 20 );
INSERT INTO "times" VALUES ( 18077, 12550, '11:53:00', '11:53:00', 20 );
INSERT INTO "times" VALUES ( 18077, 12560, '11:55:00', '11:55:00', 20 );
INSERT INTO "times" VALUES ( 18077, 12570, '11:56:00', '11:56:00', 20 );
INSERT INTO "times" VALUES ( 18077, 12580, '11:58:00', '11:58:00', 20 );
INSERT INTO "times" VALUES ( 18077, 12590, '11:59:00', '11:59:00', 20 );
INSERT INTO "times" VALUES ( 18077, 12600, '12:00:00', '12:00:00', 20 );
INSERT INTO "times" VALUES ( 18077, 12610, '12:02:00', '12:05:00', 20 );
INSERT INTO "times" VALUES ( 18077, 12620, '12:07:00', '12:07:00', 20 );
INSERT INTO "times" VALUES ( 18077, 12630, '12:08:00', '12:08:00', 20 );
INSERT INTO "times" VALUES ( 18077, 12640, '12:10:00', '12:10:00', 20 );
INSERT INTO "times" VALUES ( 18077, 12650, '12:12:00', '12:12:00', 20 );
INSERT INTO "times" VALUES ( 18077, 12660, '12:14:00', NULL, NULL );

INSERT INTO "dias" VALUES ( 18078, 100, FALSE, TRUE, 'R1103B', 12660, 11510 );
INSERT INTO "dias_line_groups" VALUES ( 18078, 10 );
INSERT INTO "times" VALUES ( 18078, 11510, '12:07:00', NULL, NULL );
INSERT INTO "times" VALUES ( 18078, 11520, '12:04:00', '12:04:00', 10 );
INSERT INTO "times" VALUES ( 18078, 11530, '12:03:00', '12:03:00', 10 );
INSERT INTO "times" VALUES ( 18078, 11540, '12:01:00', '12:01:00', 10 );
INSERT INTO "times" VALUES ( 18078, 12530, '12:00:00', '12:00:00', 10 );
INSERT INTO "times" VALUES ( 18078, 12540, '11:50:00', '11:57:00', 20 );
INSERT INTO "times" VALUES ( 18078, 12550, '11:48:00', '11:48:00', 20 );
INSERT INTO "times" VALUES ( 18078, 12560, '11:46:00', '11:46:00', 20 );
INSERT INTO "times" VALUES ( 18078, 12570, '11:44:00', '11:44:00', 20 );
INSERT INTO "times" VALUES ( 18078, 12580, '11:43:00', '11:43:00', 20 );
INSERT INTO "times" VALUES ( 18078, 12590, '11:42:00', '11:42:00', 20 );
INSERT INTO "times" VALUES ( 18078, 12600, '11:40:00', '11:40:00', 20 );
INSERT INTO "times" VALUES ( 18078, 12610, '11:36:00', '11:39:00', 20 );
INSERT INTO "times" VALUES ( 18078, 12620, '11:34:00', '11:34:00', 20 );
INSERT INTO "times" VALUES ( 18078, 12630, '11:32:00', '11:32:00', 20 );
INSERT INTO "times" VALUES ( 18078, 12640, '11:31:00', '11:31:00', 20 );
INSERT INTO "times" VALUES ( 18078, 12650, '11:29:00', '11:29:00', 20 );
INSERT INTO "times" VALUES ( 18078, 12660, NULL, '11:27:00', 20 );

INSERT INTO "dias" VALUES ( 18079, 100, FALSE, TRUE, 'R1105B', 12710, 11510 );
INSERT INTO "dias_line_groups" VALUES ( 18079, 10 );
INSERT INTO "times" VALUES ( 18079, 11510, '12:27:00', NULL, NULL );
INSERT INTO "times" VALUES ( 18079, 11520, '12:24:00', '12:24:00', 10 );
INSERT INTO "times" VALUES ( 18079, 11530, '12:23:00', '12:23:00', 10 );
INSERT INTO "times" VALUES ( 18079, 11540, '12:21:00', '12:21:00', 10 );
INSERT INTO "times" VALUES ( 18079, 12530, '12:20:00', '12:20:00', 10 );
INSERT INTO "times" VALUES ( 18079, 12540, '12:10:00', '12:17:00', 20 );
INSERT INTO "times" VALUES ( 18079, 12550, '12:08:00', '12:08:00', 20 );
INSERT INTO "times" VALUES ( 18079, 12560, '12:06:00', '12:06:00', 20 );
INSERT INTO "times" VALUES ( 18079, 12570, '12:04:00', '12:04:00', 20 );
INSERT INTO "times" VALUES ( 18079, 12580, '12:03:00', '12:03:00', 20 );
INSERT INTO "times" VALUES ( 18079, 12590, '12:02:00', '12:02:00', 20 );
INSERT INTO "times" VALUES ( 18079, 12600, '12:00:00', '12:00:00', 20 );
INSERT INTO "times" VALUES ( 18079, 12610, '11:56:00', '11:59:00', 20 );
INSERT INTO "times" VALUES ( 18079, 12620, '11:54:00', '11:54:00', 20 );
INSERT INTO "times" VALUES ( 18079, 12630, '11:52:00', '11:52:00', 20 );
INSERT INTO "times" VALUES ( 18079, 12640, '11:51:00', '11:51:00', 20 );
INSERT INTO "times" VALUES ( 18079, 12650, '11:49:00', '11:49:00', 20 );
INSERT INTO "times" VALUES ( 18079, 12660, '11:46:00', '11:47:00', 20 );
INSERT INTO "times" VALUES ( 18079, 12670, '11:43:00', '11:43:00', 20 );
INSERT INTO "times" VALUES ( 18079, 12680, '11:40:00', '11:40:00', 20 );
INSERT INTO "times" VALUES ( 18079, 12690, '11:38:00', '11:38:00', 20 );
INSERT INTO "times" VALUES ( 18079, 12700, '11:35:00', '11:35:00', 20 );
INSERT INTO "times" VALUES ( 18079, 12710, NULL, '11:34:00', 20 );

INSERT INTO "dias" VALUES ( 18080, 100, FALSE, TRUE, 'R1107B', 12660, 11510 );
INSERT INTO "dias_line_groups" VALUES ( 18080, 10 );
INSERT INTO "times" VALUES ( 18080, 11510, '12:37:00', NULL, NULL );
INSERT INTO "times" VALUES ( 18080, 11520, '12:34:00', '12:34:00', 10 );
INSERT INTO "times" VALUES ( 18080, 11530, '12:33:00', '12:33:00', 10 );
INSERT INTO "times" VALUES ( 18080, 11540, '12:31:00', '12:31:00', 10 );
INSERT INTO "times" VALUES ( 18080, 12530, '12:30:00', '12:30:00', 10 );
INSERT INTO "times" VALUES ( 18080, 12540, '12:20:00', '12:27:00', 20 );
INSERT INTO "times" VALUES ( 18080, 12550, '12:18:00', '12:18:00', 20 );
INSERT INTO "times" VALUES ( 18080, 12560, '12:16:00', '12:16:00', 20 );
INSERT INTO "times" VALUES ( 18080, 12570, '12:14:00', '12:14:00', 20 );
INSERT INTO "times" VALUES ( 18080, 12580, '12:13:00', '12:13:00', 20 );
INSERT INTO "times" VALUES ( 18080, 12590, '12:12:00', '12:12:00', 20 );
INSERT INTO "times" VALUES ( 18080, 12600, '12:10:00', '12:10:00', 20 );
INSERT INTO "times" VALUES ( 18080, 12610, '12:06:00', '12:09:00', 20 );
INSERT INTO "times" VALUES ( 18080, 12620, '12:04:00', '12:04:00', 20 );
INSERT INTO "times" VALUES ( 18080, 12630, '12:02:00', '12:02:00', 20 );
INSERT INTO "times" VALUES ( 18080, 12640, '12:01:00', '12:01:00', 20 );
INSERT INTO "times" VALUES ( 18080, 12650, '11:59:00', '11:59:00', 20 );
INSERT INTO "times" VALUES ( 18080, 12660, NULL, '11:57:00', 20 );

INSERT INTO "dias" VALUES ( 18081, 100, FALSE, TRUE, 'R1200N', 11510, 12660 );
INSERT INTO "dias_line_groups" VALUES ( 18081, 10 );
INSERT INTO "times" VALUES ( 18081, 11510, NULL, '12:04:00', 10 );
INSERT INTO "times" VALUES ( 18081, 11520, '12:05:00', '12:05:00', 10 );
INSERT INTO "times" VALUES ( 18081, 11530, '12:07:00', '12:07:00', 10 );
INSERT INTO "times" VALUES ( 18081, 11540, '12:09:00', '12:09:00', 10 );
INSERT INTO "times" VALUES ( 18081, 12530, '12:11:00', '12:12:00', 20 );
INSERT INTO "times" VALUES ( 18081, 12540, '12:14:00', '12:21:00', 20 );
INSERT INTO "times" VALUES ( 18081, 12550, '12:23:00', '12:23:00', 20 );
INSERT INTO "times" VALUES ( 18081, 12560, '12:25:00', '12:25:00', 20 );
INSERT INTO "times" VALUES ( 18081, 12570, '12:26:00', '12:26:00', 20 );
INSERT INTO "times" VALUES ( 18081, 12580, '12:28:00', '12:28:00', 20 );
INSERT INTO "times" VALUES ( 18081, 12590, '12:29:00', '12:29:00', 20 );
INSERT INTO "times" VALUES ( 18081, 12600, '12:30:00', '12:30:00', 20 );
INSERT INTO "times" VALUES ( 18081, 12610, '12:32:00', '12:35:00', 20 );
INSERT INTO "times" VALUES ( 18081, 12620, '12:37:00', '12:37:00', 20 );
INSERT INTO "times" VALUES ( 18081, 12630, '12:38:00', '12:38:00', 20 );
INSERT INTO "times" VALUES ( 18081, 12640, '12:40:00', '12:40:00', 20 );
INSERT INTO "times" VALUES ( 18081, 12650, '12:42:00', '12:42:00', 20 );
INSERT INTO "times" VALUES ( 18081, 12660, '12:44:00', NULL, NULL );

INSERT INTO "dias" VALUES ( 18082, 100, FALSE, TRUE, 'R1201B', 12710, 11510 );
INSERT INTO "dias_line_groups" VALUES ( 18082, 10 );
INSERT INTO "times" VALUES ( 18082, 11510, '12:57:00', NULL, NULL );
INSERT INTO "times" VALUES ( 18082, 11520, '12:54:00', '12:54:00', 10 );
INSERT INTO "times" VALUES ( 18082, 11530, '12:53:00', '12:53:00', 10 );
INSERT INTO "times" VALUES ( 18082, 11540, '12:51:00', '12:51:00', 10 );
INSERT INTO "times" VALUES ( 18082, 12530, '12:50:00', '12:50:00', 10 );
INSERT INTO "times" VALUES ( 18082, 12540, '12:40:00', '12:47:00', 20 );
INSERT INTO "times" VALUES ( 18082, 12550, '12:38:00', '12:38:00', 20 );
INSERT INTO "times" VALUES ( 18082, 12560, '12:36:00', '12:36:00', 20 );
INSERT INTO "times" VALUES ( 18082, 12570, '12:34:00', '12:34:00', 20 );
INSERT INTO "times" VALUES ( 18082, 12580, '12:33:00', '12:33:00', 20 );
INSERT INTO "times" VALUES ( 18082, 12590, '12:32:00', '12:32:00', 20 );
INSERT INTO "times" VALUES ( 18082, 12600, '12:30:00', '12:30:00', 20 );
INSERT INTO "times" VALUES ( 18082, 12610, '12:26:00', '12:29:00', 20 );
INSERT INTO "times" VALUES ( 18082, 12620, '12:24:00', '12:24:00', 20 );
INSERT INTO "times" VALUES ( 18082, 12630, '12:22:00', '12:22:00', 20 );
INSERT INTO "times" VALUES ( 18082, 12640, '12:21:00', '12:21:00', 20 );
INSERT INTO "times" VALUES ( 18082, 12650, '12:19:00', '12:19:00', 20 );
INSERT INTO "times" VALUES ( 18082, 12660, '12:16:00', '12:17:00', 20 );
INSERT INTO "times" VALUES ( 18082, 12670, '12:13:00', '12:13:00', 20 );
INSERT INTO "times" VALUES ( 18082, 12680, '12:10:00', '12:10:00', 20 );
INSERT INTO "times" VALUES ( 18082, 12690, '12:08:00', '12:08:00', 20 );
INSERT INTO "times" VALUES ( 18082, 12700, '12:05:00', '12:05:00', 20 );
INSERT INTO "times" VALUES ( 18082, 12710, NULL, '12:04:00', 20 );

INSERT INTO "dias" VALUES ( 18083, 100, FALSE, TRUE, 'R1202N', 11510, 12660 );
INSERT INTO "dias_line_groups" VALUES ( 18083, 10 );
INSERT INTO "times" VALUES ( 18083, 11510, NULL, '12:34:00', 10 );
INSERT INTO "times" VALUES ( 18083, 11520, '12:35:00', '12:35:00', 10 );
INSERT INTO "times" VALUES ( 18083, 11530, '12:37:00', '12:37:00', 10 );
INSERT INTO "times" VALUES ( 18083, 11540, '12:39:00', '12:39:00', 10 );
INSERT INTO "times" VALUES ( 18083, 12530, '12:41:00', '12:42:00', 20 );
INSERT INTO "times" VALUES ( 18083, 12540, '12:44:00', '12:51:00', 20 );
INSERT INTO "times" VALUES ( 18083, 12550, '12:53:00', '12:53:00', 20 );
INSERT INTO "times" VALUES ( 18083, 12560, '12:55:00', '12:55:00', 20 );
INSERT INTO "times" VALUES ( 18083, 12570, '12:56:00', '12:56:00', 20 );
INSERT INTO "times" VALUES ( 18083, 12580, '12:58:00', '12:58:00', 20 );
INSERT INTO "times" VALUES ( 18083, 12590, '12:59:00', '12:59:00', 20 );
INSERT INTO "times" VALUES ( 18083, 12600, '13:00:00', '13:00:00', 20 );
INSERT INTO "times" VALUES ( 18083, 12610, '13:02:00', '13:05:00', 20 );
INSERT INTO "times" VALUES ( 18083, 12620, '13:07:00', '13:07:00', 20 );
INSERT INTO "times" VALUES ( 18083, 12630, '13:08:00', '13:08:00', 20 );
INSERT INTO "times" VALUES ( 18083, 12640, '13:10:00', '13:10:00', 20 );
INSERT INTO "times" VALUES ( 18083, 12650, '13:12:00', '13:12:00', 20 );
INSERT INTO "times" VALUES ( 18083, 12660, '13:14:00', NULL, NULL );

INSERT INTO "dias" VALUES ( 18084, 100, FALSE, TRUE, 'R1203B', 12660, 11510 );
INSERT INTO "dias_line_groups" VALUES ( 18084, 10 );
INSERT INTO "times" VALUES ( 18084, 11510, '13:07:00', NULL, NULL );
INSERT INTO "times" VALUES ( 18084, 11520, '13:04:00', '13:04:00', 10 );
INSERT INTO "times" VALUES ( 18084, 11530, '13:03:00', '13:03:00', 10 );
INSERT INTO "times" VALUES ( 18084, 11540, '13:01:00', '13:01:00', 10 );
INSERT INTO "times" VALUES ( 18084, 12530, '13:00:00', '13:00:00', 10 );
INSERT INTO "times" VALUES ( 18084, 12540, '12:50:00', '12:57:00', 20 );
INSERT INTO "times" VALUES ( 18084, 12550, '12:48:00', '12:48:00', 20 );
INSERT INTO "times" VALUES ( 18084, 12560, '12:46:00', '12:46:00', 20 );
INSERT INTO "times" VALUES ( 18084, 12570, '12:44:00', '12:44:00', 20 );
INSERT INTO "times" VALUES ( 18084, 12580, '12:43:00', '12:43:00', 20 );
INSERT INTO "times" VALUES ( 18084, 12590, '12:42:00', '12:42:00', 20 );
INSERT INTO "times" VALUES ( 18084, 12600, '12:40:00', '12:40:00', 20 );
INSERT INTO "times" VALUES ( 18084, 12610, '12:36:00', '12:39:00', 20 );
INSERT INTO "times" VALUES ( 18084, 12620, '12:34:00', '12:34:00', 20 );
INSERT INTO "times" VALUES ( 18084, 12630, '12:32:00', '12:32:00', 20 );
INSERT INTO "times" VALUES ( 18084, 12640, '12:31:00', '12:31:00', 20 );
INSERT INTO "times" VALUES ( 18084, 12650, '12:29:00', '12:29:00', 20 );
INSERT INTO "times" VALUES ( 18084, 12660, NULL, '12:27:00', 20 );

INSERT INTO "dias" VALUES ( 18085, 100, FALSE, TRUE, 'R1205B', 12660, 11510 );
INSERT INTO "dias_line_groups" VALUES ( 18085, 10 );
INSERT INTO "times" VALUES ( 18085, 11510, '13:37:00', NULL, NULL );
INSERT INTO "times" VALUES ( 18085, 11520, '13:34:00', '13:34:00', 10 );
INSERT INTO "times" VALUES ( 18085, 11530, '13:33:00', '13:33:00', 10 );
INSERT INTO "times" VALUES ( 18085, 11540, '13:31:00', '13:31:00', 10 );
INSERT INTO "times" VALUES ( 18085, 12530, '13:30:00', '13:30:00', 10 );
INSERT INTO "times" VALUES ( 18085, 12540, '13:20:00', '13:27:00', 20 );
INSERT INTO "times" VALUES ( 18085, 12550, '13:18:00', '13:18:00', 20 );
INSERT INTO "times" VALUES ( 18085, 12560, '13:16:00', '13:16:00', 20 );
INSERT INTO "times" VALUES ( 18085, 12570, '13:14:00', '13:14:00', 20 );
INSERT INTO "times" VALUES ( 18085, 12580, '13:13:00', '13:13:00', 20 );
INSERT INTO "times" VALUES ( 18085, 12590, '13:12:00', '13:12:00', 20 );
INSERT INTO "times" VALUES ( 18085, 12600, '13:10:00', '13:10:00', 20 );
INSERT INTO "times" VALUES ( 18085, 12610, '13:06:00', '13:09:00', 20 );
INSERT INTO "times" VALUES ( 18085, 12620, '13:04:00', '13:04:00', 20 );
INSERT INTO "times" VALUES ( 18085, 12630, '13:02:00', '13:02:00', 20 );
INSERT INTO "times" VALUES ( 18085, 12640, '13:01:00', '13:01:00', 20 );
INSERT INTO "times" VALUES ( 18085, 12650, '12:59:00', '12:59:00', 20 );
INSERT INTO "times" VALUES ( 18085, 12660, NULL, '12:57:00', 20 );

INSERT INTO "dias" VALUES ( 18086, 100, FALSE, TRUE, 'R1300N', 11510, 12660 );
INSERT INTO "dias_line_groups" VALUES ( 18086, 10 );
INSERT INTO "times" VALUES ( 18086, 11510, NULL, '13:04:00', 10 );
INSERT INTO "times" VALUES ( 18086, 11520, '13:05:00', '13:05:00', 10 );
INSERT INTO "times" VALUES ( 18086, 11530, '13:07:00', '13:07:00', 10 );
INSERT INTO "times" VALUES ( 18086, 11540, '13:09:00', '13:09:00', 10 );
INSERT INTO "times" VALUES ( 18086, 12530, '13:11:00', '13:12:00', 20 );
INSERT INTO "times" VALUES ( 18086, 12540, '13:14:00', '13:21:00', 20 );
INSERT INTO "times" VALUES ( 18086, 12550, '13:23:00', '13:23:00', 20 );
INSERT INTO "times" VALUES ( 18086, 12560, '13:25:00', '13:25:00', 20 );
INSERT INTO "times" VALUES ( 18086, 12570, '13:26:00', '13:26:00', 20 );
INSERT INTO "times" VALUES ( 18086, 12580, '13:28:00', '13:28:00', 20 );
INSERT INTO "times" VALUES ( 18086, 12590, '13:29:00', '13:29:00', 20 );
INSERT INTO "times" VALUES ( 18086, 12600, '13:30:00', '13:30:00', 20 );
INSERT INTO "times" VALUES ( 18086, 12610, '13:32:00', '13:35:00', 20 );
INSERT INTO "times" VALUES ( 18086, 12620, '13:37:00', '13:37:00', 20 );
INSERT INTO "times" VALUES ( 18086, 12630, '13:38:00', '13:38:00', 20 );
INSERT INTO "times" VALUES ( 18086, 12640, '13:40:00', '13:40:00', 20 );
INSERT INTO "times" VALUES ( 18086, 12650, '13:42:00', '13:42:00', 20 );
INSERT INTO "times" VALUES ( 18086, 12660, '13:44:00', NULL, NULL );

INSERT INTO "dias" VALUES ( 18087, 100, FALSE, TRUE, 'R1301B', 12660, 11510 );
INSERT INTO "dias_line_groups" VALUES ( 18087, 10 );
INSERT INTO "times" VALUES ( 18087, 11510, '14:07:00', NULL, NULL );
INSERT INTO "times" VALUES ( 18087, 11520, '14:04:00', '14:04:00', 10 );
INSERT INTO "times" VALUES ( 18087, 11530, '14:03:00', '14:03:00', 10 );
INSERT INTO "times" VALUES ( 18087, 11540, '14:01:00', '14:01:00', 10 );
INSERT INTO "times" VALUES ( 18087, 12530, '14:00:00', '14:00:00', 10 );
INSERT INTO "times" VALUES ( 18087, 12540, '13:50:00', '13:57:00', 20 );
INSERT INTO "times" VALUES ( 18087, 12550, '13:48:00', '13:48:00', 20 );
INSERT INTO "times" VALUES ( 18087, 12560, '13:46:00', '13:46:00', 20 );
INSERT INTO "times" VALUES ( 18087, 12570, '13:44:00', '13:44:00', 20 );
INSERT INTO "times" VALUES ( 18087, 12580, '13:43:00', '13:43:00', 20 );
INSERT INTO "times" VALUES ( 18087, 12590, '13:42:00', '13:42:00', 20 );
INSERT INTO "times" VALUES ( 18087, 12600, '13:40:00', '13:40:00', 20 );
INSERT INTO "times" VALUES ( 18087, 12610, '13:36:00', '13:39:00', 20 );
INSERT INTO "times" VALUES ( 18087, 12620, '13:34:00', '13:34:00', 20 );
INSERT INTO "times" VALUES ( 18087, 12630, '13:32:00', '13:32:00', 20 );
INSERT INTO "times" VALUES ( 18087, 12640, '13:31:00', '13:31:00', 20 );
INSERT INTO "times" VALUES ( 18087, 12650, '13:29:00', '13:29:00', 20 );
INSERT INTO "times" VALUES ( 18087, 12660, NULL, '13:27:00', 20 );

INSERT INTO "dias" VALUES ( 18088, 100, FALSE, TRUE, 'R1302N', 11510, 12660 );
INSERT INTO "dias_line_groups" VALUES ( 18088, 10 );
INSERT INTO "times" VALUES ( 18088, 11510, NULL, '13:34:00', 10 );
INSERT INTO "times" VALUES ( 18088, 11520, '13:35:00', '13:35:00', 10 );
INSERT INTO "times" VALUES ( 18088, 11530, '13:37:00', '13:37:00', 10 );
INSERT INTO "times" VALUES ( 18088, 11540, '13:39:00', '13:39:00', 10 );
INSERT INTO "times" VALUES ( 18088, 12530, '13:41:00', '13:42:00', 20 );
INSERT INTO "times" VALUES ( 18088, 12540, '13:44:00', '13:52:00', 20 );
INSERT INTO "times" VALUES ( 18088, 12550, '13:54:00', '13:54:00', 20 );
INSERT INTO "times" VALUES ( 18088, 12560, '13:56:00', '13:56:00', 20 );
INSERT INTO "times" VALUES ( 18088, 12570, '13:57:00', '13:57:00', 20 );
INSERT INTO "times" VALUES ( 18088, 12580, '13:59:00', '13:59:00', 20 );
INSERT INTO "times" VALUES ( 18088, 12590, '14:00:00', '14:00:00', 20 );
INSERT INTO "times" VALUES ( 18088, 12600, '14:01:00', '14:01:00', 20 );
INSERT INTO "times" VALUES ( 18088, 12610, '14:03:00', '14:05:00', 20 );
INSERT INTO "times" VALUES ( 18088, 12620, '14:07:00', '14:07:00', 20 );
INSERT INTO "times" VALUES ( 18088, 12630, '14:08:00', '14:08:00', 20 );
INSERT INTO "times" VALUES ( 18088, 12640, '14:10:00', '14:10:00', 20 );
INSERT INTO "times" VALUES ( 18088, 12650, '14:12:00', '14:12:00', 20 );
INSERT INTO "times" VALUES ( 18088, 12660, '14:14:00', NULL, NULL );

INSERT INTO "dias" VALUES ( 18089, 100, FALSE, TRUE, 'R1303B', 12660, 11510 );
INSERT INTO "dias_line_groups" VALUES ( 18089, 10 );
INSERT INTO "times" VALUES ( 18089, 11510, '14:37:00', NULL, NULL );
INSERT INTO "times" VALUES ( 18089, 11520, '14:34:00', '14:34:00', 10 );
INSERT INTO "times" VALUES ( 18089, 11530, '14:33:00', '14:33:00', 10 );
INSERT INTO "times" VALUES ( 18089, 11540, '14:31:00', '14:31:00', 10 );
INSERT INTO "times" VALUES ( 18089, 12530, '14:30:00', '14:30:00', 10 );
INSERT INTO "times" VALUES ( 18089, 12540, '14:20:00', '14:27:00', 20 );
INSERT INTO "times" VALUES ( 18089, 12550, '14:18:00', '14:18:00', 20 );
INSERT INTO "times" VALUES ( 18089, 12560, '14:16:00', '14:16:00', 20 );
INSERT INTO "times" VALUES ( 18089, 12570, '14:14:00', '14:14:00', 20 );
INSERT INTO "times" VALUES ( 18089, 12580, '14:13:00', '14:13:00', 20 );
INSERT INTO "times" VALUES ( 18089, 12590, '14:12:00', '14:12:00', 20 );
INSERT INTO "times" VALUES ( 18089, 12600, '14:10:00', '14:10:00', 20 );
INSERT INTO "times" VALUES ( 18089, 12610, '14:06:00', '14:09:00', 20 );
INSERT INTO "times" VALUES ( 18089, 12620, '14:04:00', '14:04:00', 20 );
INSERT INTO "times" VALUES ( 18089, 12630, '14:02:00', '14:02:00', 20 );
INSERT INTO "times" VALUES ( 18089, 12640, '14:01:00', '14:01:00', 20 );
INSERT INTO "times" VALUES ( 18089, 12650, '13:59:00', '13:59:00', 20 );
INSERT INTO "times" VALUES ( 18089, 12660, NULL, '13:57:00', 20 );

INSERT INTO "dias" VALUES ( 18090, 100, FALSE, TRUE, 'R1400N', 11510, 12660 );
INSERT INTO "dias_line_groups" VALUES ( 18090, 10 );
INSERT INTO "times" VALUES ( 18090, 11510, NULL, '14:04:00', 10 );
INSERT INTO "times" VALUES ( 18090, 11520, '14:05:00', '14:05:00', 10 );
INSERT INTO "times" VALUES ( 18090, 11530, '14:07:00', '14:07:00', 10 );
INSERT INTO "times" VALUES ( 18090, 11540, '14:09:00', '14:09:00', 10 );
INSERT INTO "times" VALUES ( 18090, 12530, '14:11:00', '14:12:00', 20 );
INSERT INTO "times" VALUES ( 18090, 12540, '14:14:00', '14:21:00', 20 );
INSERT INTO "times" VALUES ( 18090, 12550, '14:23:00', '14:23:00', 20 );
INSERT INTO "times" VALUES ( 18090, 12560, '14:25:00', '14:25:00', 20 );
INSERT INTO "times" VALUES ( 18090, 12570, '14:26:00', '14:26:00', 20 );
INSERT INTO "times" VALUES ( 18090, 12580, '14:28:00', '14:28:00', 20 );
INSERT INTO "times" VALUES ( 18090, 12590, '14:29:00', '14:29:00', 20 );
INSERT INTO "times" VALUES ( 18090, 12600, '14:30:00', '14:30:00', 20 );
INSERT INTO "times" VALUES ( 18090, 12610, '14:32:00', '14:35:00', 20 );
INSERT INTO "times" VALUES ( 18090, 12620, '14:37:00', '14:37:00', 20 );
INSERT INTO "times" VALUES ( 18090, 12630, '14:38:00', '14:38:00', 20 );
INSERT INTO "times" VALUES ( 18090, 12640, '14:40:00', '14:40:00', 20 );
INSERT INTO "times" VALUES ( 18090, 12650, '14:42:00', '14:42:00', 20 );
INSERT INTO "times" VALUES ( 18090, 12660, '14:44:00', NULL, NULL );

INSERT INTO "dias" VALUES ( 18091, 100, FALSE, TRUE, 'R1401B', 12660, 11510 );
INSERT INTO "dias_line_groups" VALUES ( 18091, 10 );
INSERT INTO "times" VALUES ( 18091, 11510, '15:07:00', NULL, NULL );
INSERT INTO "times" VALUES ( 18091, 11520, '15:04:00', '15:04:00', 10 );
INSERT INTO "times" VALUES ( 18091, 11530, '15:03:00', '15:03:00', 10 );
INSERT INTO "times" VALUES ( 18091, 11540, '15:01:00', '15:01:00', 10 );
INSERT INTO "times" VALUES ( 18091, 12530, '15:00:00', '15:00:00', 10 );
INSERT INTO "times" VALUES ( 18091, 12540, '14:50:00', '14:57:00', 20 );
INSERT INTO "times" VALUES ( 18091, 12550, '14:48:00', '14:48:00', 20 );
INSERT INTO "times" VALUES ( 18091, 12560, '14:46:00', '14:46:00', 20 );
INSERT INTO "times" VALUES ( 18091, 12570, '14:44:00', '14:44:00', 20 );
INSERT INTO "times" VALUES ( 18091, 12580, '14:43:00', '14:43:00', 20 );
INSERT INTO "times" VALUES ( 18091, 12590, '14:42:00', '14:42:00', 20 );
INSERT INTO "times" VALUES ( 18091, 12600, '14:40:00', '14:40:00', 20 );
INSERT INTO "times" VALUES ( 18091, 12610, '14:36:00', '14:39:00', 20 );
INSERT INTO "times" VALUES ( 18091, 12620, '14:34:00', '14:34:00', 20 );
INSERT INTO "times" VALUES ( 18091, 12630, '14:32:00', '14:32:00', 20 );
INSERT INTO "times" VALUES ( 18091, 12640, '14:31:00', '14:31:00', 20 );
INSERT INTO "times" VALUES ( 18091, 12650, '14:29:00', '14:29:00', 20 );
INSERT INTO "times" VALUES ( 18091, 12660, NULL, '14:27:00', 20 );

INSERT INTO "dias" VALUES ( 18092, 100, FALSE, TRUE, 'R1402N', 11510, 12660 );
INSERT INTO "dias_line_groups" VALUES ( 18092, 10 );
INSERT INTO "times" VALUES ( 18092, 11510, NULL, '14:34:00', 10 );
INSERT INTO "times" VALUES ( 18092, 11520, '14:35:00', '14:35:00', 10 );
INSERT INTO "times" VALUES ( 18092, 11530, '14:37:00', '14:37:00', 10 );
INSERT INTO "times" VALUES ( 18092, 11540, '14:39:00', '14:39:00', 10 );
INSERT INTO "times" VALUES ( 18092, 12530, '14:41:00', '14:42:00', 20 );
INSERT INTO "times" VALUES ( 18092, 12540, '14:44:00', '14:51:00', 20 );
INSERT INTO "times" VALUES ( 18092, 12550, '14:53:00', '14:53:00', 20 );
INSERT INTO "times" VALUES ( 18092, 12560, '14:55:00', '14:55:00', 20 );
INSERT INTO "times" VALUES ( 18092, 12570, '14:56:00', '14:56:00', 20 );
INSERT INTO "times" VALUES ( 18092, 12580, '14:58:00', '14:58:00', 20 );
INSERT INTO "times" VALUES ( 18092, 12590, '14:59:00', '14:59:00', 20 );
INSERT INTO "times" VALUES ( 18092, 12600, '15:00:00', '15:00:00', 20 );
INSERT INTO "times" VALUES ( 18092, 12610, '15:02:00', '15:05:00', 20 );
INSERT INTO "times" VALUES ( 18092, 12620, '15:07:00', '15:07:00', 20 );
INSERT INTO "times" VALUES ( 18092, 12630, '15:08:00', '15:08:00', 20 );
INSERT INTO "times" VALUES ( 18092, 12640, '15:10:00', '15:10:00', 20 );
INSERT INTO "times" VALUES ( 18092, 12650, '15:12:00', '15:12:00', 20 );
INSERT INTO "times" VALUES ( 18092, 12660, '15:14:00', NULL, NULL );

INSERT INTO "dias" VALUES ( 18093, 100, FALSE, TRUE, 'R1403B', 12660, 11510 );
INSERT INTO "dias_line_groups" VALUES ( 18093, 10 );
INSERT INTO "times" VALUES ( 18093, 11510, '15:37:00', NULL, NULL );
INSERT INTO "times" VALUES ( 18093, 11520, '15:34:00', '15:34:00', 10 );
INSERT INTO "times" VALUES ( 18093, 11530, '15:33:00', '15:33:00', 10 );
INSERT INTO "times" VALUES ( 18093, 11540, '15:31:00', '15:31:00', 10 );
INSERT INTO "times" VALUES ( 18093, 12530, '15:30:00', '15:30:00', 10 );
INSERT INTO "times" VALUES ( 18093, 12540, '15:20:00', '15:27:00', 20 );
INSERT INTO "times" VALUES ( 18093, 12550, '15:18:00', '15:18:00', 20 );
INSERT INTO "times" VALUES ( 18093, 12560, '15:16:00', '15:16:00', 20 );
INSERT INTO "times" VALUES ( 18093, 12570, '15:14:00', '15:14:00', 20 );
INSERT INTO "times" VALUES ( 18093, 12580, '15:13:00', '15:13:00', 20 );
INSERT INTO "times" VALUES ( 18093, 12590, '15:12:00', '15:12:00', 20 );
INSERT INTO "times" VALUES ( 18093, 12600, '15:10:00', '15:10:00', 20 );
INSERT INTO "times" VALUES ( 18093, 12610, '15:06:00', '15:09:00', 20 );
INSERT INTO "times" VALUES ( 18093, 12620, '15:04:00', '15:04:00', 20 );
INSERT INTO "times" VALUES ( 18093, 12630, '15:02:00', '15:02:00', 20 );
INSERT INTO "times" VALUES ( 18093, 12640, '15:01:00', '15:01:00', 20 );
INSERT INTO "times" VALUES ( 18093, 12650, '14:59:00', '14:59:00', 20 );
INSERT INTO "times" VALUES ( 18093, 12660, NULL, '14:57:00', 20 );

INSERT INTO "dias" VALUES ( 18094, 100, FALSE, TRUE, 'R1500N', 11510, 12660 );
INSERT INTO "dias_line_groups" VALUES ( 18094, 10 );
INSERT INTO "times" VALUES ( 18094, 11510, NULL, '15:04:00', 10 );
INSERT INTO "times" VALUES ( 18094, 11520, '15:05:00', '15:05:00', 10 );
INSERT INTO "times" VALUES ( 18094, 11530, '15:07:00', '15:07:00', 10 );
INSERT INTO "times" VALUES ( 18094, 11540, '15:09:00', '15:09:00', 10 );
INSERT INTO "times" VALUES ( 18094, 12530, '15:11:00', '15:12:00', 20 );
INSERT INTO "times" VALUES ( 18094, 12540, '15:14:00', '15:21:00', 20 );
INSERT INTO "times" VALUES ( 18094, 12550, '15:23:00', '15:23:00', 20 );
INSERT INTO "times" VALUES ( 18094, 12560, '15:25:00', '15:25:00', 20 );
INSERT INTO "times" VALUES ( 18094, 12570, '15:26:00', '15:26:00', 20 );
INSERT INTO "times" VALUES ( 18094, 12580, '15:28:00', '15:28:00', 20 );
INSERT INTO "times" VALUES ( 18094, 12590, '15:29:00', '15:29:00', 20 );
INSERT INTO "times" VALUES ( 18094, 12600, '15:30:00', '15:30:00', 20 );
INSERT INTO "times" VALUES ( 18094, 12610, '15:32:00', '15:35:00', 20 );
INSERT INTO "times" VALUES ( 18094, 12620, '15:37:00', '15:37:00', 20 );
INSERT INTO "times" VALUES ( 18094, 12630, '15:38:00', '15:38:00', 20 );
INSERT INTO "times" VALUES ( 18094, 12640, '15:40:00', '15:40:00', 20 );
INSERT INTO "times" VALUES ( 18094, 12650, '15:42:00', '15:42:00', 20 );
INSERT INTO "times" VALUES ( 18094, 12660, '15:44:00', NULL, NULL );

INSERT INTO "dias" VALUES ( 18095, 100, FALSE, TRUE, 'R1501B', 12660, 11510 );
INSERT INTO "dias_line_groups" VALUES ( 18095, 10 );
INSERT INTO "times" VALUES ( 18095, 11510, '16:07:00', NULL, NULL );
INSERT INTO "times" VALUES ( 18095, 11520, '16:04:00', '16:04:00', 10 );
INSERT INTO "times" VALUES ( 18095, 11530, '16:03:00', '16:03:00', 10 );
INSERT INTO "times" VALUES ( 18095, 11540, '16:01:00', '16:01:00', 10 );
INSERT INTO "times" VALUES ( 18095, 12530, '16:00:00', '16:00:00', 10 );
INSERT INTO "times" VALUES ( 18095, 12540, '15:50:00', '15:57:00', 20 );
INSERT INTO "times" VALUES ( 18095, 12550, '15:48:00', '15:48:00', 20 );
INSERT INTO "times" VALUES ( 18095, 12560, '15:46:00', '15:46:00', 20 );
INSERT INTO "times" VALUES ( 18095, 12570, '15:44:00', '15:44:00', 20 );
INSERT INTO "times" VALUES ( 18095, 12580, '15:43:00', '15:43:00', 20 );
INSERT INTO "times" VALUES ( 18095, 12590, '15:42:00', '15:42:00', 20 );
INSERT INTO "times" VALUES ( 18095, 12600, '15:40:00', '15:40:00', 20 );
INSERT INTO "times" VALUES ( 18095, 12610, '15:36:00', '15:39:00', 20 );
INSERT INTO "times" VALUES ( 18095, 12620, '15:34:00', '15:34:00', 20 );
INSERT INTO "times" VALUES ( 18095, 12630, '15:32:00', '15:32:00', 20 );
INSERT INTO "times" VALUES ( 18095, 12640, '15:31:00', '15:31:00', 20 );
INSERT INTO "times" VALUES ( 18095, 12650, '15:29:00', '15:29:00', 20 );
INSERT INTO "times" VALUES ( 18095, 12660, NULL, '15:27:00', 20 );

INSERT INTO "dias" VALUES ( 18096, 100, FALSE, TRUE, 'R1502H', 11510, 12710 );
INSERT INTO "dias_line_groups" VALUES ( 18096, 10 );
INSERT INTO "times" VALUES ( 18096, 11510, NULL, '15:14:00', 10 );
INSERT INTO "times" VALUES ( 18096, 11520, '15:15:00', '15:15:00', 10 );
INSERT INTO "times" VALUES ( 18096, 11530, '15:17:00', '15:17:00', 10 );
INSERT INTO "times" VALUES ( 18096, 11540, '15:19:00', '15:19:00', 10 );
INSERT INTO "times" VALUES ( 18096, 12530, '15:21:00', '15:22:00', 20 );
INSERT INTO "times" VALUES ( 18096, 12540, '15:24:00', '15:31:00', 20 );
INSERT INTO "times" VALUES ( 18096, 12550, '15:33:00', '15:33:00', 20 );
INSERT INTO "times" VALUES ( 18096, 12560, '15:35:00', '15:35:00', 20 );
INSERT INTO "times" VALUES ( 18096, 12570, '15:36:00', '15:36:00', 20 );
INSERT INTO "times" VALUES ( 18096, 12580, '15:38:00', '15:38:00', 20 );
INSERT INTO "times" VALUES ( 18096, 12590, '15:39:00', '15:39:00', 20 );
INSERT INTO "times" VALUES ( 18096, 12600, '15:40:00', '15:40:00', 20 );
INSERT INTO "times" VALUES ( 18096, 12610, '15:42:00', '15:45:00', 20 );
INSERT INTO "times" VALUES ( 18096, 12620, '15:47:00', '15:47:00', 20 );
INSERT INTO "times" VALUES ( 18096, 12630, '15:48:00', '15:48:00', 20 );
INSERT INTO "times" VALUES ( 18096, 12640, '15:50:00', '15:50:00', 20 );
INSERT INTO "times" VALUES ( 18096, 12650, '15:52:00', '15:52:00', 20 );
INSERT INTO "times" VALUES ( 18096, 12660, '15:54:00', '15:56:00', 20 );
INSERT INTO "times" VALUES ( 18096, 12670, '15:59:00', '15:59:00', 20 );
INSERT INTO "times" VALUES ( 18096, 12680, '16:02:00', '16:02:00', 20 );
INSERT INTO "times" VALUES ( 18096, 12690, '16:03:00', '16:03:00', 20 );
INSERT INTO "times" VALUES ( 18096, 12700, '16:06:00', '16:06:00', 20 );
INSERT INTO "times" VALUES ( 18096, 12710, '16:08:00', NULL, NULL );

INSERT INTO "dias" VALUES ( 18097, 100, FALSE, TRUE, 'R1503B', 12660, 11510 );
INSERT INTO "dias_line_groups" VALUES ( 18097, 10 );
INSERT INTO "times" VALUES ( 18097, 11510, '16:38:00', NULL, NULL );
INSERT INTO "times" VALUES ( 18097, 11520, '16:35:00', '16:35:00', 10 );
INSERT INTO "times" VALUES ( 18097, 11530, '16:34:00', '16:34:00', 10 );
INSERT INTO "times" VALUES ( 18097, 11540, '16:32:00', '16:32:00', 10 );
INSERT INTO "times" VALUES ( 18097, 12530, '16:31:00', '16:31:00', 10 );
INSERT INTO "times" VALUES ( 18097, 12540, '16:20:00', '16:28:00', 20 );
INSERT INTO "times" VALUES ( 18097, 12550, '16:18:00', '16:18:00', 20 );
INSERT INTO "times" VALUES ( 18097, 12560, '16:16:00', '16:16:00', 20 );
INSERT INTO "times" VALUES ( 18097, 12570, '16:14:00', '16:14:00', 20 );
INSERT INTO "times" VALUES ( 18097, 12580, '16:13:00', '16:13:00', 20 );
INSERT INTO "times" VALUES ( 18097, 12590, '16:12:00', '16:12:00', 20 );
INSERT INTO "times" VALUES ( 18097, 12600, '16:10:00', '16:10:00', 20 );
INSERT INTO "times" VALUES ( 18097, 12610, '16:06:00', '16:09:00', 20 );
INSERT INTO "times" VALUES ( 18097, 12620, '16:04:00', '16:04:00', 20 );
INSERT INTO "times" VALUES ( 18097, 12630, '16:02:00', '16:02:00', 20 );
INSERT INTO "times" VALUES ( 18097, 12640, '16:01:00', '16:01:00', 20 );
INSERT INTO "times" VALUES ( 18097, 12650, '15:59:00', '15:59:00', 20 );
INSERT INTO "times" VALUES ( 18097, 12660, NULL, '15:57:00', 20 );

INSERT INTO "dias" VALUES ( 18098, 100, FALSE, TRUE, 'R1504N', 11510, 12660 );
INSERT INTO "dias_line_groups" VALUES ( 18098, 10 );
INSERT INTO "times" VALUES ( 18098, 11510, NULL, '15:34:00', 10 );
INSERT INTO "times" VALUES ( 18098, 11520, '15:35:00', '15:35:00', 10 );
INSERT INTO "times" VALUES ( 18098, 11530, '15:37:00', '15:37:00', 10 );
INSERT INTO "times" VALUES ( 18098, 11540, '15:39:00', '15:39:00', 10 );
INSERT INTO "times" VALUES ( 18098, 12530, '15:41:00', '15:42:00', 20 );
INSERT INTO "times" VALUES ( 18098, 12540, '15:44:00', '15:51:00', 20 );
INSERT INTO "times" VALUES ( 18098, 12550, '15:53:00', '15:53:00', 20 );
INSERT INTO "times" VALUES ( 18098, 12560, '15:55:00', '15:55:00', 20 );
INSERT INTO "times" VALUES ( 18098, 12570, '15:56:00', '15:56:00', 20 );
INSERT INTO "times" VALUES ( 18098, 12580, '15:58:00', '15:58:00', 20 );
INSERT INTO "times" VALUES ( 18098, 12590, '15:59:00', '15:59:00', 20 );
INSERT INTO "times" VALUES ( 18098, 12600, '16:00:00', '16:00:00', 20 );
INSERT INTO "times" VALUES ( 18098, 12610, '16:02:00', '16:05:00', 20 );
INSERT INTO "times" VALUES ( 18098, 12620, '16:07:00', '16:07:00', 20 );
INSERT INTO "times" VALUES ( 18098, 12630, '16:08:00', '16:08:00', 20 );
INSERT INTO "times" VALUES ( 18098, 12640, '16:10:00', '16:10:00', 20 );
INSERT INTO "times" VALUES ( 18098, 12650, '16:12:00', '16:12:00', 20 );
INSERT INTO "times" VALUES ( 18098, 12660, '16:14:00', NULL, NULL );

INSERT INTO "dias" VALUES ( 18099, 100, FALSE, TRUE, 'R1506H', 11510, 12710 );
INSERT INTO "dias_line_groups" VALUES ( 18099, 10 );
INSERT INTO "times" VALUES ( 18099, 11510, NULL, '15:44:00', 10 );
INSERT INTO "times" VALUES ( 18099, 11520, '15:45:00', '15:45:00', 10 );
INSERT INTO "times" VALUES ( 18099, 11530, '15:47:00', '15:47:00', 10 );
INSERT INTO "times" VALUES ( 18099, 11540, '15:49:00', '15:49:00', 10 );
INSERT INTO "times" VALUES ( 18099, 12530, '15:51:00', '15:52:00', 20 );
INSERT INTO "times" VALUES ( 18099, 12540, '15:54:00', '16:01:00', 20 );
INSERT INTO "times" VALUES ( 18099, 12550, '16:03:00', '16:03:00', 20 );
INSERT INTO "times" VALUES ( 18099, 12560, '16:05:00', '16:05:00', 20 );
INSERT INTO "times" VALUES ( 18099, 12570, '16:06:00', '16:06:00', 20 );
INSERT INTO "times" VALUES ( 18099, 12580, '16:08:00', '16:08:00', 20 );
INSERT INTO "times" VALUES ( 18099, 12590, '16:09:00', '16:09:00', 20 );
INSERT INTO "times" VALUES ( 18099, 12600, '16:10:00', '16:10:00', 20 );
INSERT INTO "times" VALUES ( 18099, 12610, '16:12:00', '16:15:00', 20 );
INSERT INTO "times" VALUES ( 18099, 12620, '16:17:00', '16:17:00', 20 );
INSERT INTO "times" VALUES ( 18099, 12630, '16:18:00', '16:18:00', 20 );
INSERT INTO "times" VALUES ( 18099, 12640, '16:20:00', '16:20:00', 20 );
INSERT INTO "times" VALUES ( 18099, 12650, '16:22:00', '16:22:00', 20 );
INSERT INTO "times" VALUES ( 18099, 12660, '16:24:00', '16:26:00', 20 );
INSERT INTO "times" VALUES ( 18099, 12670, '16:29:00', '16:29:00', 20 );
INSERT INTO "times" VALUES ( 18099, 12680, '16:31:00', '16:32:00', 20 );
INSERT INTO "times" VALUES ( 18099, 12690, '16:34:00', '16:34:00', 20 );
INSERT INTO "times" VALUES ( 18099, 12700, '16:36:00', '16:36:00', 20 );
INSERT INTO "times" VALUES ( 18099, 12710, '16:38:00', NULL, NULL );

INSERT INTO "dias" VALUES ( 18100, 100, FALSE, TRUE, 'R1600N', 11510, 12660 );
INSERT INTO "dias_line_groups" VALUES ( 18100, 10 );
INSERT INTO "times" VALUES ( 18100, 11510, NULL, '16:04:00', 10 );
INSERT INTO "times" VALUES ( 18100, 11520, '16:05:00', '16:05:00', 10 );
INSERT INTO "times" VALUES ( 18100, 11530, '16:07:00', '16:07:00', 10 );
INSERT INTO "times" VALUES ( 18100, 11540, '16:09:00', '16:09:00', 10 );
INSERT INTO "times" VALUES ( 18100, 12530, '16:11:00', '16:12:00', 20 );
INSERT INTO "times" VALUES ( 18100, 12540, '16:14:00', '16:21:00', 20 );
INSERT INTO "times" VALUES ( 18100, 12550, '16:23:00', '16:23:00', 20 );
INSERT INTO "times" VALUES ( 18100, 12560, '16:25:00', '16:25:00', 20 );
INSERT INTO "times" VALUES ( 18100, 12570, '16:26:00', '16:26:00', 20 );
INSERT INTO "times" VALUES ( 18100, 12580, '16:28:00', '16:28:00', 20 );
INSERT INTO "times" VALUES ( 18100, 12590, '16:29:00', '16:29:00', 20 );
INSERT INTO "times" VALUES ( 18100, 12600, '16:30:00', '16:30:00', 20 );
INSERT INTO "times" VALUES ( 18100, 12610, '16:32:00', '16:35:00', 20 );
INSERT INTO "times" VALUES ( 18100, 12620, '16:37:00', '16:37:00', 20 );
INSERT INTO "times" VALUES ( 18100, 12630, '16:38:00', '16:38:00', 20 );
INSERT INTO "times" VALUES ( 18100, 12640, '16:40:00', '16:40:00', 20 );
INSERT INTO "times" VALUES ( 18100, 12650, '16:42:00', '16:42:00', 20 );
INSERT INTO "times" VALUES ( 18100, 12660, '16:44:00', NULL, NULL );

INSERT INTO "dias" VALUES ( 18101, 100, FALSE, TRUE, 'R1601B', 12710, 11510 );
INSERT INTO "dias_line_groups" VALUES ( 18101, 10 );
INSERT INTO "times" VALUES ( 18101, 11510, '17:17:00', NULL, NULL );
INSERT INTO "times" VALUES ( 18101, 11520, '17:15:00', '17:15:00', 10 );
INSERT INTO "times" VALUES ( 18101, 11530, '17:13:00', '17:13:00', 10 );
INSERT INTO "times" VALUES ( 18101, 11540, '17:12:00', '17:12:00', 10 );
INSERT INTO "times" VALUES ( 18101, 12530, '17:10:00', '17:10:00', 10 );
INSERT INTO "times" VALUES ( 18101, 12540, '17:00:00', '17:07:00', 20 );
INSERT INTO "times" VALUES ( 18101, 12550, '16:58:00', '16:58:00', 20 );
INSERT INTO "times" VALUES ( 18101, 12560, '16:56:00', '16:56:00', 20 );
INSERT INTO "times" VALUES ( 18101, 12570, '16:54:00', '16:54:00', 20 );
INSERT INTO "times" VALUES ( 18101, 12580, '16:53:00', '16:53:00', 20 );
INSERT INTO "times" VALUES ( 18101, 12590, '16:52:00', '16:52:00', 20 );
INSERT INTO "times" VALUES ( 18101, 12600, '16:50:00', '16:50:00', 20 );
INSERT INTO "times" VALUES ( 18101, 12610, '16:45:00', '16:49:00', 20 );
INSERT INTO "times" VALUES ( 18101, 12620, '16:43:00', '16:43:00', 20 );
INSERT INTO "times" VALUES ( 18101, 12630, '16:42:00', '16:42:00', 20 );
INSERT INTO "times" VALUES ( 18101, 12640, '16:40:00', '16:40:00', 20 );
INSERT INTO "times" VALUES ( 18101, 12650, '16:39:00', '16:39:00', 20 );
INSERT INTO "times" VALUES ( 18101, 12660, '16:37:00', '16:37:00', 20 );
INSERT INTO "times" VALUES ( 18101, 12670, '16:34:00', '16:34:00', 20 );
INSERT INTO "times" VALUES ( 18101, 12680, '16:23:00', '16:31:00', 20 );
INSERT INTO "times" VALUES ( 18101, 12690, '16:21:00', '16:21:00', 20 );
INSERT INTO "times" VALUES ( 18101, 12700, '16:18:00', '16:18:00', 20 );
INSERT INTO "times" VALUES ( 18101, 12710, NULL, '16:17:00', 20 );

INSERT INTO "dias" VALUES ( 18102, 100, FALSE, TRUE, 'R1602H', 11510, 12710 );
INSERT INTO "dias_line_groups" VALUES ( 18102, 10 );
INSERT INTO "times" VALUES ( 18102, 11510, NULL, '16:14:00', 10 );
INSERT INTO "times" VALUES ( 18102, 11520, '16:15:00', '16:15:00', 10 );
INSERT INTO "times" VALUES ( 18102, 11530, '16:17:00', '16:17:00', 10 );
INSERT INTO "times" VALUES ( 18102, 11540, '16:19:00', '16:19:00', 10 );
INSERT INTO "times" VALUES ( 18102, 12530, '16:21:00', '16:22:00', 20 );
INSERT INTO "times" VALUES ( 18102, 12540, '16:24:00', '16:31:00', 20 );
INSERT INTO "times" VALUES ( 18102, 12550, '16:33:00', '16:33:00', 20 );
INSERT INTO "times" VALUES ( 18102, 12560, '16:35:00', '16:35:00', 20 );
INSERT INTO "times" VALUES ( 18102, 12570, '16:36:00', '16:36:00', 20 );
INSERT INTO "times" VALUES ( 18102, 12580, '16:38:00', '16:38:00', 20 );
INSERT INTO "times" VALUES ( 18102, 12590, '16:39:00', '16:39:00', 20 );
INSERT INTO "times" VALUES ( 18102, 12600, '16:40:00', '16:40:00', 20 );
INSERT INTO "times" VALUES ( 18102, 12610, '16:42:00', '16:45:00', 20 );
INSERT INTO "times" VALUES ( 18102, 12620, '16:47:00', '16:47:00', 20 );
INSERT INTO "times" VALUES ( 18102, 12630, '16:48:00', '16:48:00', 20 );
INSERT INTO "times" VALUES ( 18102, 12640, '16:50:00', '16:50:00', 20 );
INSERT INTO "times" VALUES ( 18102, 12650, '16:52:00', '16:52:00', 20 );
INSERT INTO "times" VALUES ( 18102, 12660, '16:54:00', '16:55:00', 20 );
INSERT INTO "times" VALUES ( 18102, 12670, '16:59:00', '16:59:00', 20 );
INSERT INTO "times" VALUES ( 18102, 12680, '17:02:00', '17:02:00', 20 );
INSERT INTO "times" VALUES ( 18102, 12690, '17:03:00', '17:03:00', 20 );
INSERT INTO "times" VALUES ( 18102, 12700, '17:06:00', '17:06:00', 20 );
INSERT INTO "times" VALUES ( 18102, 12710, '17:08:00', NULL, NULL );

INSERT INTO "dias" VALUES ( 18103, 100, FALSE, TRUE, 'R1603B', 12660, 11510 );
INSERT INTO "dias_line_groups" VALUES ( 18103, 10 );
INSERT INTO "times" VALUES ( 18103, 11510, '17:08:00', NULL, NULL );
INSERT INTO "times" VALUES ( 18103, 11520, '17:05:00', '17:05:00', 10 );
INSERT INTO "times" VALUES ( 18103, 11530, '17:04:00', '17:04:00', 10 );
INSERT INTO "times" VALUES ( 18103, 11540, '17:02:00', '17:02:00', 10 );
INSERT INTO "times" VALUES ( 18103, 12530, '17:01:00', '17:01:00', 10 );
INSERT INTO "times" VALUES ( 18103, 12540, '16:50:00', '16:58:00', 20 );
INSERT INTO "times" VALUES ( 18103, 12550, '16:48:00', '16:48:00', 20 );
INSERT INTO "times" VALUES ( 18103, 12560, '16:46:00', '16:46:00', 20 );
INSERT INTO "times" VALUES ( 18103, 12570, '16:44:00', '16:44:00', 20 );
INSERT INTO "times" VALUES ( 18103, 12580, '16:43:00', '16:43:00', 20 );
INSERT INTO "times" VALUES ( 18103, 12590, '16:42:00', '16:42:00', 20 );
INSERT INTO "times" VALUES ( 18103, 12600, '16:40:00', '16:40:00', 20 );
INSERT INTO "times" VALUES ( 18103, 12610, '16:36:00', '16:39:00', 20 );
INSERT INTO "times" VALUES ( 18103, 12620, '16:34:00', '16:34:00', 20 );
INSERT INTO "times" VALUES ( 18103, 12630, '16:32:00', '16:32:00', 20 );
INSERT INTO "times" VALUES ( 18103, 12640, '16:31:00', '16:31:00', 20 );
INSERT INTO "times" VALUES ( 18103, 12650, '16:29:00', '16:29:00', 20 );
INSERT INTO "times" VALUES ( 18103, 12660, NULL, '16:27:00', 20 );

INSERT INTO "dias" VALUES ( 18104, 100, FALSE, TRUE, 'R1604N', 11510, 12660 );
INSERT INTO "dias_line_groups" VALUES ( 18104, 10 );
INSERT INTO "times" VALUES ( 18104, 11510, NULL, '16:35:00', 10 );
INSERT INTO "times" VALUES ( 18104, 11520, '16:36:00', '16:36:00', 10 );
INSERT INTO "times" VALUES ( 18104, 11530, '16:38:00', '16:38:00', 10 );
INSERT INTO "times" VALUES ( 18104, 11540, '16:40:00', '16:40:00', 10 );
INSERT INTO "times" VALUES ( 18104, 12530, '16:42:00', '16:42:00', 20 );
INSERT INTO "times" VALUES ( 18104, 12540, '16:45:00', '16:51:00', 20 );
INSERT INTO "times" VALUES ( 18104, 12550, '16:53:00', '16:53:00', 20 );
INSERT INTO "times" VALUES ( 18104, 12560, '16:55:00', '16:55:00', 20 );
INSERT INTO "times" VALUES ( 18104, 12570, '16:56:00', '16:56:00', 20 );
INSERT INTO "times" VALUES ( 18104, 12580, '16:58:00', '16:58:00', 20 );
INSERT INTO "times" VALUES ( 18104, 12590, '16:59:00', '16:59:00', 20 );
INSERT INTO "times" VALUES ( 18104, 12600, '17:00:00', '17:00:00', 20 );
INSERT INTO "times" VALUES ( 18104, 12610, '17:02:00', '17:05:00', 20 );
INSERT INTO "times" VALUES ( 18104, 12620, '17:07:00', '17:07:00', 20 );
INSERT INTO "times" VALUES ( 18104, 12630, '17:08:00', '17:08:00', 20 );
INSERT INTO "times" VALUES ( 18104, 12640, '17:10:00', '17:10:00', 20 );
INSERT INTO "times" VALUES ( 18104, 12650, '17:12:00', '17:12:00', 20 );
INSERT INTO "times" VALUES ( 18104, 12660, '17:14:00', NULL, NULL );

INSERT INTO "dias" VALUES ( 18105, 100, FALSE, TRUE, 'R1605B', 12660, 11510 );
INSERT INTO "dias_line_groups" VALUES ( 18105, 10 );
INSERT INTO "times" VALUES ( 18105, 11510, '17:38:00', NULL, NULL );
INSERT INTO "times" VALUES ( 18105, 11520, '17:35:00', '17:35:00', 10 );
INSERT INTO "times" VALUES ( 18105, 11530, '17:34:00', '17:34:00', 10 );
INSERT INTO "times" VALUES ( 18105, 11540, '17:32:00', '17:32:00', 10 );
INSERT INTO "times" VALUES ( 18105, 12530, '17:31:00', '17:31:00', 10 );
INSERT INTO "times" VALUES ( 18105, 12540, '17:20:00', '17:28:00', 20 );
INSERT INTO "times" VALUES ( 18105, 12550, '17:18:00', '17:18:00', 20 );
INSERT INTO "times" VALUES ( 18105, 12560, '17:16:00', '17:16:00', 20 );
INSERT INTO "times" VALUES ( 18105, 12570, '17:14:00', '17:14:00', 20 );
INSERT INTO "times" VALUES ( 18105, 12580, '17:13:00', '17:13:00', 20 );
INSERT INTO "times" VALUES ( 18105, 12590, '17:12:00', '17:12:00', 20 );
INSERT INTO "times" VALUES ( 18105, 12600, '17:10:00', '17:10:00', 20 );
INSERT INTO "times" VALUES ( 18105, 12610, '17:06:00', '17:09:00', 20 );
INSERT INTO "times" VALUES ( 18105, 12620, '17:04:00', '17:04:00', 20 );
INSERT INTO "times" VALUES ( 18105, 12630, '17:02:00', '17:02:00', 20 );
INSERT INTO "times" VALUES ( 18105, 12640, '17:01:00', '17:01:00', 20 );
INSERT INTO "times" VALUES ( 18105, 12650, '16:59:00', '16:59:00', 20 );
INSERT INTO "times" VALUES ( 18105, 12660, NULL, '16:57:00', 20 );

INSERT INTO "dias" VALUES ( 18106, 100, FALSE, TRUE, 'R1606H', 11510, 12710 );
INSERT INTO "dias_line_groups" VALUES ( 18106, 10 );
INSERT INTO "times" VALUES ( 18106, 11510, NULL, '16:44:00', 10 );
INSERT INTO "times" VALUES ( 18106, 11520, '16:45:00', '16:45:00', 10 );
INSERT INTO "times" VALUES ( 18106, 11530, '16:47:00', '16:47:00', 10 );
INSERT INTO "times" VALUES ( 18106, 11540, '16:49:00', '16:49:00', 10 );
INSERT INTO "times" VALUES ( 18106, 12530, '16:51:00', '16:52:00', 20 );
INSERT INTO "times" VALUES ( 18106, 12540, '16:54:00', '17:01:00', 20 );
INSERT INTO "times" VALUES ( 18106, 12550, '17:03:00', '17:03:00', 20 );
INSERT INTO "times" VALUES ( 18106, 12560, '17:05:00', '17:05:00', 20 );
INSERT INTO "times" VALUES ( 18106, 12570, '17:06:00', '17:06:00', 20 );
INSERT INTO "times" VALUES ( 18106, 12580, '17:08:00', '17:08:00', 20 );
INSERT INTO "times" VALUES ( 18106, 12590, '17:09:00', '17:09:00', 20 );
INSERT INTO "times" VALUES ( 18106, 12600, '17:10:00', '17:10:00', 20 );
INSERT INTO "times" VALUES ( 18106, 12610, '17:12:00', '17:15:00', 20 );
INSERT INTO "times" VALUES ( 18106, 12620, '17:17:00', '17:17:00', 20 );
INSERT INTO "times" VALUES ( 18106, 12630, '17:18:00', '17:18:00', 20 );
INSERT INTO "times" VALUES ( 18106, 12640, '17:20:00', '17:20:00', 20 );
INSERT INTO "times" VALUES ( 18106, 12650, '17:22:00', '17:22:00', 20 );
INSERT INTO "times" VALUES ( 18106, 12660, '17:24:00', '17:26:00', 20 );
INSERT INTO "times" VALUES ( 18106, 12670, '17:29:00', '17:29:00', 20 );
INSERT INTO "times" VALUES ( 18106, 12680, '17:31:00', '17:32:00', 20 );
INSERT INTO "times" VALUES ( 18106, 12690, '17:34:00', '17:34:00', 20 );
INSERT INTO "times" VALUES ( 18106, 12700, '17:36:00', '17:36:00', 20 );
INSERT INTO "times" VALUES ( 18106, 12710, '17:38:00', NULL, NULL );

INSERT INTO "dias" VALUES ( 18107, 100, FALSE, TRUE, 'R1607B', 12710, 11510 );
INSERT INTO "dias_line_groups" VALUES ( 18107, 10 );
INSERT INTO "times" VALUES ( 18107, 11510, '17:48:00', NULL, NULL );
INSERT INTO "times" VALUES ( 18107, 11520, '17:46:00', '17:46:00', 10 );
INSERT INTO "times" VALUES ( 18107, 11530, '17:44:00', '17:44:00', 10 );
INSERT INTO "times" VALUES ( 18107, 11540, '17:43:00', '17:43:00', 10 );
INSERT INTO "times" VALUES ( 18107, 12530, '17:41:00', '17:41:00', 10 );
INSERT INTO "times" VALUES ( 18107, 12540, '17:31:00', '17:38:00', 20 );
INSERT INTO "times" VALUES ( 18107, 12550, '17:28:00', '17:28:00', 20 );
INSERT INTO "times" VALUES ( 18107, 12560, '17:27:00', '17:27:00', 20 );
INSERT INTO "times" VALUES ( 18107, 12570, '17:25:00', '17:25:00', 20 );
INSERT INTO "times" VALUES ( 18107, 12580, '17:23:00', '17:23:00', 20 );
INSERT INTO "times" VALUES ( 18107, 12590, '17:22:00', '17:22:00', 20 );
INSERT INTO "times" VALUES ( 18107, 12600, '17:21:00', '17:21:00', 20 );
INSERT INTO "times" VALUES ( 18107, 12610, '17:15:00', '17:20:00', 20 );
INSERT INTO "times" VALUES ( 18107, 12620, '17:13:00', '17:13:00', 20 );
INSERT INTO "times" VALUES ( 18107, 12630, '17:12:00', '17:12:00', 20 );
INSERT INTO "times" VALUES ( 18107, 12640, '17:10:00', '17:10:00', 20 );
INSERT INTO "times" VALUES ( 18107, 12650, '17:09:00', '17:09:00', 20 );
INSERT INTO "times" VALUES ( 18107, 12660, '17:06:00', '17:07:00', 20 );
INSERT INTO "times" VALUES ( 18107, 12670, '17:03:00', '17:03:00', 20 );
INSERT INTO "times" VALUES ( 18107, 12680, '17:00:00', '17:00:00', 20 );
INSERT INTO "times" VALUES ( 18107, 12690, '16:58:00', '16:58:00', 20 );
INSERT INTO "times" VALUES ( 18107, 12700, '16:55:00', '16:55:00', 20 );
INSERT INTO "times" VALUES ( 18107, 12710, NULL, '16:54:00', 20 );

INSERT INTO "dias" VALUES ( 18108, 100, FALSE, TRUE, 'R1700N', 11510, 12660 );
INSERT INTO "dias_line_groups" VALUES ( 18108, 10 );
INSERT INTO "times" VALUES ( 18108, 11510, NULL, '17:04:00', 10 );
INSERT INTO "times" VALUES ( 18108, 11520, '17:05:00', '17:05:00', 10 );
INSERT INTO "times" VALUES ( 18108, 11530, '17:07:00', '17:07:00', 10 );
INSERT INTO "times" VALUES ( 18108, 11540, '17:09:00', '17:09:00', 10 );
INSERT INTO "times" VALUES ( 18108, 12530, '17:11:00', '17:12:00', 20 );
INSERT INTO "times" VALUES ( 18108, 12540, '17:15:00', '17:21:00', 20 );
INSERT INTO "times" VALUES ( 18108, 12550, '17:23:00', '17:23:00', 20 );
INSERT INTO "times" VALUES ( 18108, 12560, '17:25:00', '17:25:00', 20 );
INSERT INTO "times" VALUES ( 18108, 12570, '17:26:00', '17:26:00', 20 );
INSERT INTO "times" VALUES ( 18108, 12580, '17:28:00', '17:28:00', 20 );
INSERT INTO "times" VALUES ( 18108, 12590, '17:29:00', '17:29:00', 20 );
INSERT INTO "times" VALUES ( 18108, 12600, '17:30:00', '17:30:00', 20 );
INSERT INTO "times" VALUES ( 18108, 12610, '17:32:00', '17:35:00', 20 );
INSERT INTO "times" VALUES ( 18108, 12620, '17:37:00', '17:37:00', 20 );
INSERT INTO "times" VALUES ( 18108, 12630, '17:38:00', '17:38:00', 20 );
INSERT INTO "times" VALUES ( 18108, 12640, '17:40:00', '17:40:00', 20 );
INSERT INTO "times" VALUES ( 18108, 12650, '17:42:00', '17:42:00', 20 );
INSERT INTO "times" VALUES ( 18108, 12660, '17:44:00', NULL, NULL );

INSERT INTO "dias" VALUES ( 18109, 100, FALSE, TRUE, 'R1701B', 12710, 11510 );
INSERT INTO "dias_line_groups" VALUES ( 18109, 10 );
INSERT INTO "times" VALUES ( 18109, 11510, '18:17:00', NULL, NULL );
INSERT INTO "times" VALUES ( 18109, 11520, '18:15:00', '18:15:00', 10 );
INSERT INTO "times" VALUES ( 18109, 11530, '18:13:00', '18:13:00', 10 );
INSERT INTO "times" VALUES ( 18109, 11540, '18:12:00', '18:12:00', 10 );
INSERT INTO "times" VALUES ( 18109, 12530, '18:10:00', '18:10:00', 10 );
INSERT INTO "times" VALUES ( 18109, 12540, '18:00:00', '18:07:00', 20 );
INSERT INTO "times" VALUES ( 18109, 12550, '17:58:00', '17:58:00', 20 );
INSERT INTO "times" VALUES ( 18109, 12560, '17:56:00', '17:56:00', 20 );
INSERT INTO "times" VALUES ( 18109, 12570, '17:54:00', '17:54:00', 20 );
INSERT INTO "times" VALUES ( 18109, 12580, '17:53:00', '17:53:00', 20 );
INSERT INTO "times" VALUES ( 18109, 12590, '17:52:00', '17:52:00', 20 );
INSERT INTO "times" VALUES ( 18109, 12600, '17:50:00', '17:50:00', 20 );
INSERT INTO "times" VALUES ( 18109, 12610, '17:46:00', '17:49:00', 20 );
INSERT INTO "times" VALUES ( 18109, 12620, '17:44:00', '17:44:00', 20 );
INSERT INTO "times" VALUES ( 18109, 12630, '17:42:00', '17:42:00', 20 );
INSERT INTO "times" VALUES ( 18109, 12640, '17:40:00', '17:40:00', 20 );
INSERT INTO "times" VALUES ( 18109, 12650, '17:39:00', '17:39:00', 20 );
INSERT INTO "times" VALUES ( 18109, 12660, '17:37:00', '17:37:00', 20 );
INSERT INTO "times" VALUES ( 18109, 12670, '17:34:00', '17:34:00', 20 );
INSERT INTO "times" VALUES ( 18109, 12680, '17:24:00', '17:31:00', 20 );
INSERT INTO "times" VALUES ( 18109, 12690, '17:21:00', '17:21:00', 20 );
INSERT INTO "times" VALUES ( 18109, 12700, '17:19:00', '17:19:00', 20 );
INSERT INTO "times" VALUES ( 18109, 12710, NULL, '17:17:00', 20 );

INSERT INTO "dias" VALUES ( 18110, 100, FALSE, TRUE, 'R1702H', 11510, 12710 );
INSERT INTO "dias_line_groups" VALUES ( 18110, 10 );
INSERT INTO "times" VALUES ( 18110, 11510, NULL, '17:14:00', 10 );
INSERT INTO "times" VALUES ( 18110, 11520, '17:15:00', '17:15:00', 10 );
INSERT INTO "times" VALUES ( 18110, 11530, '17:17:00', '17:17:00', 10 );
INSERT INTO "times" VALUES ( 18110, 11540, '17:19:00', '17:19:00', 10 );
INSERT INTO "times" VALUES ( 18110, 12530, '17:21:00', '17:22:00', 20 );
INSERT INTO "times" VALUES ( 18110, 12540, '17:24:00', '17:31:00', 20 );
INSERT INTO "times" VALUES ( 18110, 12550, '17:33:00', '17:33:00', 20 );
INSERT INTO "times" VALUES ( 18110, 12560, '17:35:00', '17:35:00', 20 );
INSERT INTO "times" VALUES ( 18110, 12570, '17:36:00', '17:36:00', 20 );
INSERT INTO "times" VALUES ( 18110, 12580, '17:38:00', '17:38:00', 20 );
INSERT INTO "times" VALUES ( 18110, 12590, '17:39:00', '17:39:00', 20 );
INSERT INTO "times" VALUES ( 18110, 12600, '17:40:00', '17:40:00', 20 );
INSERT INTO "times" VALUES ( 18110, 12610, '17:42:00', '17:45:00', 20 );
INSERT INTO "times" VALUES ( 18110, 12620, '17:47:00', '17:47:00', 20 );
INSERT INTO "times" VALUES ( 18110, 12630, '17:48:00', '17:48:00', 20 );
INSERT INTO "times" VALUES ( 18110, 12640, '17:50:00', '17:50:00', 20 );
INSERT INTO "times" VALUES ( 18110, 12650, '17:52:00', '17:52:00', 20 );
INSERT INTO "times" VALUES ( 18110, 12660, '17:54:00', '17:56:00', 20 );
INSERT INTO "times" VALUES ( 18110, 12670, '17:59:00', '17:59:00', 20 );
INSERT INTO "times" VALUES ( 18110, 12680, '18:01:00', '18:02:00', 20 );
INSERT INTO "times" VALUES ( 18110, 12690, '18:04:00', '18:04:00', 20 );
INSERT INTO "times" VALUES ( 18110, 12700, '18:07:00', '18:07:00', 20 );
INSERT INTO "times" VALUES ( 18110, 12710, '18:09:00', NULL, NULL );

INSERT INTO "dias" VALUES ( 18111, 100, FALSE, TRUE, 'R1703B', 12660, 11510 );
INSERT INTO "dias_line_groups" VALUES ( 18111, 10 );
INSERT INTO "times" VALUES ( 18111, 11510, '18:08:00', NULL, NULL );
INSERT INTO "times" VALUES ( 18111, 11520, '18:05:00', '18:05:00', 10 );
INSERT INTO "times" VALUES ( 18111, 11530, '18:04:00', '18:04:00', 10 );
INSERT INTO "times" VALUES ( 18111, 11540, '18:02:00', '18:02:00', 10 );
INSERT INTO "times" VALUES ( 18111, 12530, '18:01:00', '18:01:00', 10 );
INSERT INTO "times" VALUES ( 18111, 12540, '17:50:00', '17:58:00', 20 );
INSERT INTO "times" VALUES ( 18111, 12550, '17:48:00', '17:48:00', 20 );
INSERT INTO "times" VALUES ( 18111, 12560, '17:46:00', '17:46:00', 20 );
INSERT INTO "times" VALUES ( 18111, 12570, '17:44:00', '17:44:00', 20 );
INSERT INTO "times" VALUES ( 18111, 12580, '17:43:00', '17:43:00', 20 );
INSERT INTO "times" VALUES ( 18111, 12590, '17:42:00', '17:42:00', 20 );
INSERT INTO "times" VALUES ( 18111, 12600, '17:40:00', '17:40:00', 20 );
INSERT INTO "times" VALUES ( 18111, 12610, '17:36:00', '17:39:00', 20 );
INSERT INTO "times" VALUES ( 18111, 12620, '17:34:00', '17:34:00', 20 );
INSERT INTO "times" VALUES ( 18111, 12630, '17:32:00', '17:32:00', 20 );
INSERT INTO "times" VALUES ( 18111, 12640, '17:31:00', '17:31:00', 20 );
INSERT INTO "times" VALUES ( 18111, 12650, '17:29:00', '17:29:00', 20 );
INSERT INTO "times" VALUES ( 18111, 12660, NULL, '17:27:00', 20 );

INSERT INTO "dias" VALUES ( 18112, 100, FALSE, TRUE, 'R1704N', 11510, 12660 );
INSERT INTO "dias_line_groups" VALUES ( 18112, 10 );
INSERT INTO "times" VALUES ( 18112, 11510, NULL, '17:34:00', 10 );
INSERT INTO "times" VALUES ( 18112, 11520, '17:35:00', '17:35:00', 10 );
INSERT INTO "times" VALUES ( 18112, 11530, '17:37:00', '17:37:00', 10 );
INSERT INTO "times" VALUES ( 18112, 11540, '17:39:00', '17:39:00', 10 );
INSERT INTO "times" VALUES ( 18112, 12530, '17:41:00', '17:41:00', 20 );
INSERT INTO "times" VALUES ( 18112, 12540, '17:44:00', '17:51:00', 20 );
INSERT INTO "times" VALUES ( 18112, 12550, '17:54:00', '17:54:00', 20 );
INSERT INTO "times" VALUES ( 18112, 12560, '17:55:00', '17:55:00', 20 );
INSERT INTO "times" VALUES ( 18112, 12570, '17:57:00', '17:57:00', 20 );
INSERT INTO "times" VALUES ( 18112, 12580, '17:58:00', '17:58:00', 20 );
INSERT INTO "times" VALUES ( 18112, 12590, '18:00:00', '18:00:00', 20 );
INSERT INTO "times" VALUES ( 18112, 12600, '18:01:00', '18:01:00', 20 );
INSERT INTO "times" VALUES ( 18112, 12610, '18:03:00', '18:05:00', 20 );
INSERT INTO "times" VALUES ( 18112, 12620, '18:07:00', '18:07:00', 20 );
INSERT INTO "times" VALUES ( 18112, 12630, '18:08:00', '18:08:00', 20 );
INSERT INTO "times" VALUES ( 18112, 12640, '18:10:00', '18:10:00', 20 );
INSERT INTO "times" VALUES ( 18112, 12650, '18:12:00', '18:12:00', 20 );
INSERT INTO "times" VALUES ( 18112, 12660, '18:14:00', NULL, NULL );

INSERT INTO "dias" VALUES ( 18113, 100, FALSE, TRUE, 'R1705B', 12660, 11510 );
INSERT INTO "dias_line_groups" VALUES ( 18113, 10 );
INSERT INTO "times" VALUES ( 18113, 11510, '18:38:00', NULL, NULL );
INSERT INTO "times" VALUES ( 18113, 11520, '18:35:00', '18:35:00', 10 );
INSERT INTO "times" VALUES ( 18113, 11530, '18:34:00', '18:34:00', 10 );
INSERT INTO "times" VALUES ( 18113, 11540, '18:32:00', '18:32:00', 10 );
INSERT INTO "times" VALUES ( 18113, 12530, '18:31:00', '18:31:00', 10 );
INSERT INTO "times" VALUES ( 18113, 12540, '18:20:00', '18:28:00', 20 );
INSERT INTO "times" VALUES ( 18113, 12550, '18:18:00', '18:18:00', 20 );
INSERT INTO "times" VALUES ( 18113, 12560, '18:16:00', '18:16:00', 20 );
INSERT INTO "times" VALUES ( 18113, 12570, '18:14:00', '18:14:00', 20 );
INSERT INTO "times" VALUES ( 18113, 12580, '18:13:00', '18:13:00', 20 );
INSERT INTO "times" VALUES ( 18113, 12590, '18:12:00', '18:12:00', 20 );
INSERT INTO "times" VALUES ( 18113, 12600, '18:10:00', '18:10:00', 20 );
INSERT INTO "times" VALUES ( 18113, 12610, '18:06:00', '18:09:00', 20 );
INSERT INTO "times" VALUES ( 18113, 12620, '18:04:00', '18:04:00', 20 );
INSERT INTO "times" VALUES ( 18113, 12630, '18:02:00', '18:02:00', 20 );
INSERT INTO "times" VALUES ( 18113, 12640, '18:01:00', '18:01:00', 20 );
INSERT INTO "times" VALUES ( 18113, 12650, '17:59:00', '17:59:00', 20 );
INSERT INTO "times" VALUES ( 18113, 12660, NULL, '17:57:00', 20 );

INSERT INTO "dias" VALUES ( 18114, 100, FALSE, TRUE, 'R1706H', 11510, 12710 );
INSERT INTO "dias_line_groups" VALUES ( 18114, 10 );
INSERT INTO "times" VALUES ( 18114, 11510, NULL, '17:44:00', 10 );
INSERT INTO "times" VALUES ( 18114, 11520, '17:45:00', '17:45:00', 10 );
INSERT INTO "times" VALUES ( 18114, 11530, '17:47:00', '17:47:00', 10 );
INSERT INTO "times" VALUES ( 18114, 11540, '17:49:00', '17:49:00', 10 );
INSERT INTO "times" VALUES ( 18114, 12530, '17:51:00', '17:52:00', 20 );
INSERT INTO "times" VALUES ( 18114, 12540, '17:54:00', '18:01:00', 20 );
INSERT INTO "times" VALUES ( 18114, 12550, '18:03:00', '18:03:00', 20 );
INSERT INTO "times" VALUES ( 18114, 12560, '18:05:00', '18:05:00', 20 );
INSERT INTO "times" VALUES ( 18114, 12570, '18:06:00', '18:06:00', 20 );
INSERT INTO "times" VALUES ( 18114, 12580, '18:08:00', '18:08:00', 20 );
INSERT INTO "times" VALUES ( 18114, 12590, '18:09:00', '18:09:00', 20 );
INSERT INTO "times" VALUES ( 18114, 12600, '18:10:00', '18:10:00', 20 );
INSERT INTO "times" VALUES ( 18114, 12610, '18:12:00', '18:15:00', 20 );
INSERT INTO "times" VALUES ( 18114, 12620, '18:17:00', '18:17:00', 20 );
INSERT INTO "times" VALUES ( 18114, 12630, '18:18:00', '18:18:00', 20 );
INSERT INTO "times" VALUES ( 18114, 12640, '18:20:00', '18:20:00', 20 );
INSERT INTO "times" VALUES ( 18114, 12650, '18:22:00', '18:22:00', 20 );
INSERT INTO "times" VALUES ( 18114, 12660, '18:24:00', '18:26:00', 20 );
INSERT INTO "times" VALUES ( 18114, 12670, '18:29:00', '18:29:00', 20 );
INSERT INTO "times" VALUES ( 18114, 12680, '18:31:00', '18:32:00', 20 );
INSERT INTO "times" VALUES ( 18114, 12690, '18:34:00', '18:34:00', 20 );
INSERT INTO "times" VALUES ( 18114, 12700, '18:36:00', '18:36:00', 20 );
INSERT INTO "times" VALUES ( 18114, 12710, '18:38:00', NULL, NULL );

INSERT INTO "dias" VALUES ( 18115, 100, FALSE, TRUE, 'R1800N', 11510, 12660 );
INSERT INTO "dias_line_groups" VALUES ( 18115, 10 );
INSERT INTO "times" VALUES ( 18115, 11510, NULL, '18:04:00', 10 );
INSERT INTO "times" VALUES ( 18115, 11520, '18:06:00', '18:06:00', 10 );
INSERT INTO "times" VALUES ( 18115, 11530, '18:07:00', '18:07:00', 10 );
INSERT INTO "times" VALUES ( 18115, 11540, '18:09:00', '18:09:00', 10 );
INSERT INTO "times" VALUES ( 18115, 12530, '18:11:00', '18:12:00', 20 );
INSERT INTO "times" VALUES ( 18115, 12540, '18:15:00', '18:21:00', 20 );
INSERT INTO "times" VALUES ( 18115, 12550, '18:23:00', '18:23:00', 20 );
INSERT INTO "times" VALUES ( 18115, 12560, '18:25:00', '18:25:00', 20 );
INSERT INTO "times" VALUES ( 18115, 12570, '18:26:00', '18:26:00', 20 );
INSERT INTO "times" VALUES ( 18115, 12580, '18:28:00', '18:28:00', 20 );
INSERT INTO "times" VALUES ( 18115, 12590, '18:29:00', '18:29:00', 20 );
INSERT INTO "times" VALUES ( 18115, 12600, '18:30:00', '18:30:00', 20 );
INSERT INTO "times" VALUES ( 18115, 12610, '18:32:00', '18:35:00', 20 );
INSERT INTO "times" VALUES ( 18115, 12620, '18:37:00', '18:37:00', 20 );
INSERT INTO "times" VALUES ( 18115, 12630, '18:38:00', '18:38:00', 20 );
INSERT INTO "times" VALUES ( 18115, 12640, '18:40:00', '18:40:00', 20 );
INSERT INTO "times" VALUES ( 18115, 12650, '18:42:00', '18:42:00', 20 );
INSERT INTO "times" VALUES ( 18115, 12660, '18:44:00', NULL, NULL );

INSERT INTO "dias" VALUES ( 18116, 100, FALSE, TRUE, 'R1801B', 12660, 11510 );
INSERT INTO "dias_line_groups" VALUES ( 18116, 10 );
INSERT INTO "times" VALUES ( 18116, 11510, '19:07:00', NULL, NULL );
INSERT INTO "times" VALUES ( 18116, 11520, '19:04:00', '19:04:00', 10 );
INSERT INTO "times" VALUES ( 18116, 11530, '19:03:00', '19:03:00', 10 );
INSERT INTO "times" VALUES ( 18116, 11540, '19:01:00', '19:01:00', 10 );
INSERT INTO "times" VALUES ( 18116, 12530, '19:00:00', '19:00:00', 10 );
INSERT INTO "times" VALUES ( 18116, 12540, '18:50:00', '18:57:00', 20 );
INSERT INTO "times" VALUES ( 18116, 12550, '18:48:00', '18:48:00', 20 );
INSERT INTO "times" VALUES ( 18116, 12560, '18:46:00', '18:46:00', 20 );
INSERT INTO "times" VALUES ( 18116, 12570, '18:44:00', '18:44:00', 20 );
INSERT INTO "times" VALUES ( 18116, 12580, '18:43:00', '18:43:00', 20 );
INSERT INTO "times" VALUES ( 18116, 12590, '18:42:00', '18:42:00', 20 );
INSERT INTO "times" VALUES ( 18116, 12600, '18:40:00', '18:40:00', 20 );
INSERT INTO "times" VALUES ( 18116, 12610, '18:36:00', '18:39:00', 20 );
INSERT INTO "times" VALUES ( 18116, 12620, '18:34:00', '18:34:00', 20 );
INSERT INTO "times" VALUES ( 18116, 12630, '18:32:00', '18:32:00', 20 );
INSERT INTO "times" VALUES ( 18116, 12640, '18:31:00', '18:31:00', 20 );
INSERT INTO "times" VALUES ( 18116, 12650, '18:29:00', '18:29:00', 20 );
INSERT INTO "times" VALUES ( 18116, 12660, NULL, '18:27:00', 20 );

INSERT INTO "dias" VALUES ( 18117, 100, FALSE, TRUE, 'R1802R', 11510, 12740 );
INSERT INTO "dias_line_groups" VALUES ( 18117, 10 );
INSERT INTO "times" VALUES ( 18117, 11510, NULL, '18:14:00', 10 );
INSERT INTO "times" VALUES ( 18117, 11520, '18:15:00', '18:15:00', 10 );
INSERT INTO "times" VALUES ( 18117, 11530, '18:17:00', '18:17:00', 10 );
INSERT INTO "times" VALUES ( 18117, 11540, '18:19:00', '18:19:00', 10 );
INSERT INTO "times" VALUES ( 18117, 12530, '18:21:00', '18:22:00', 20 );
INSERT INTO "times" VALUES ( 18117, 12540, '18:24:00', '18:31:00', 20 );
INSERT INTO "times" VALUES ( 18117, 12550, '18:33:00', '18:33:00', 20 );
INSERT INTO "times" VALUES ( 18117, 12560, '18:35:00', '18:35:00', 20 );
INSERT INTO "times" VALUES ( 18117, 12570, '18:36:00', '18:36:00', 20 );
INSERT INTO "times" VALUES ( 18117, 12580, '18:38:00', '18:38:00', 20 );
INSERT INTO "times" VALUES ( 18117, 12590, '18:39:00', '18:39:00', 20 );
INSERT INTO "times" VALUES ( 18117, 12600, '18:40:00', '18:40:00', 20 );
INSERT INTO "times" VALUES ( 18117, 12610, '18:42:00', '18:45:00', 20 );
INSERT INTO "times" VALUES ( 18117, 12620, '18:47:00', '18:47:00', 20 );
INSERT INTO "times" VALUES ( 18117, 12630, '18:48:00', '18:48:00', 20 );
INSERT INTO "times" VALUES ( 18117, 12640, '18:50:00', '18:50:00', 20 );
INSERT INTO "times" VALUES ( 18117, 12650, '18:52:00', '18:52:00', 20 );
INSERT INTO "times" VALUES ( 18117, 12660, '18:54:00', '18:56:00', 20 );
INSERT INTO "times" VALUES ( 18117, 12670, '18:59:00', '18:59:00', 20 );
INSERT INTO "times" VALUES ( 18117, 12680, '19:02:00', '19:02:00', 20 );
INSERT INTO "times" VALUES ( 18117, 12690, '19:03:00', '19:03:00', 20 );
INSERT INTO "times" VALUES ( 18117, 12700, '19:06:00', '19:06:00', 20 );
INSERT INTO "times" VALUES ( 18117, 12710, '19:08:00', '19:08:00', 20 );
INSERT INTO "times" VALUES ( 18117, 12720, '19:10:00', '19:10:00', 20 );
INSERT INTO "times" VALUES ( 18117, 12730, '19:12:00', '19:12:00', 20 );
INSERT INTO "times" VALUES ( 18117, 12740, '19:15:00', NULL, NULL );

INSERT INTO "dias" VALUES ( 18118, 100, FALSE, TRUE, 'R1803B', 12660, 11510 );
INSERT INTO "dias_line_groups" VALUES ( 18118, 10 );
INSERT INTO "times" VALUES ( 18118, 11510, '19:37:00', NULL, NULL );
INSERT INTO "times" VALUES ( 18118, 11520, '19:34:00', '19:34:00', 10 );
INSERT INTO "times" VALUES ( 18118, 11530, '19:33:00', '19:33:00', 10 );
INSERT INTO "times" VALUES ( 18118, 11540, '19:31:00', '19:31:00', 10 );
INSERT INTO "times" VALUES ( 18118, 12530, '19:30:00', '19:30:00', 10 );
INSERT INTO "times" VALUES ( 18118, 12540, '19:20:00', '19:27:00', 20 );
INSERT INTO "times" VALUES ( 18118, 12550, '19:18:00', '19:18:00', 20 );
INSERT INTO "times" VALUES ( 18118, 12560, '19:16:00', '19:16:00', 20 );
INSERT INTO "times" VALUES ( 18118, 12570, '19:14:00', '19:14:00', 20 );
INSERT INTO "times" VALUES ( 18118, 12580, '19:13:00', '19:13:00', 20 );
INSERT INTO "times" VALUES ( 18118, 12590, '19:12:00', '19:12:00', 20 );
INSERT INTO "times" VALUES ( 18118, 12600, '19:10:00', '19:10:00', 20 );
INSERT INTO "times" VALUES ( 18118, 12610, '19:06:00', '19:09:00', 20 );
INSERT INTO "times" VALUES ( 18118, 12620, '19:04:00', '19:04:00', 20 );
INSERT INTO "times" VALUES ( 18118, 12630, '19:02:00', '19:02:00', 20 );
INSERT INTO "times" VALUES ( 18118, 12640, '19:01:00', '19:01:00', 20 );
INSERT INTO "times" VALUES ( 18118, 12650, '18:59:00', '18:59:00', 20 );
INSERT INTO "times" VALUES ( 18118, 12660, NULL, '18:57:00', 20 );

INSERT INTO "dias" VALUES ( 18119, 100, FALSE, TRUE, 'R1804R', 11510, 12740 );
INSERT INTO "dias_line_groups" VALUES ( 18119, 10 );
INSERT INTO "times" VALUES ( 18119, 11510, NULL, '18:34:00', 10 );
INSERT INTO "times" VALUES ( 18119, 11520, '18:35:00', '18:35:00', 10 );
INSERT INTO "times" VALUES ( 18119, 11530, '18:37:00', '18:37:00', 10 );
INSERT INTO "times" VALUES ( 18119, 11540, '18:39:00', '18:39:00', 10 );
INSERT INTO "times" VALUES ( 18119, 12530, '18:41:00', '18:42:00', 20 );
INSERT INTO "times" VALUES ( 18119, 12540, '18:45:00', '18:51:00', 20 );
INSERT INTO "times" VALUES ( 18119, 12550, '18:53:00', '18:53:00', 20 );
INSERT INTO "times" VALUES ( 18119, 12560, '18:55:00', '18:55:00', 20 );
INSERT INTO "times" VALUES ( 18119, 12570, '18:56:00', '18:56:00', 20 );
INSERT INTO "times" VALUES ( 18119, 12580, '18:58:00', '18:58:00', 20 );
INSERT INTO "times" VALUES ( 18119, 12590, '18:59:00', '18:59:00', 20 );
INSERT INTO "times" VALUES ( 18119, 12600, '19:00:00', '19:00:00', 20 );
INSERT INTO "times" VALUES ( 18119, 12610, '19:02:00', '19:05:00', 20 );
INSERT INTO "times" VALUES ( 18119, 12620, '19:07:00', '19:07:00', 20 );
INSERT INTO "times" VALUES ( 18119, 12630, '19:08:00', '19:08:00', 20 );
INSERT INTO "times" VALUES ( 18119, 12640, '19:10:00', '19:10:00', 20 );
INSERT INTO "times" VALUES ( 18119, 12650, '19:12:00', '19:12:00', 20 );
INSERT INTO "times" VALUES ( 18119, 12660, '19:14:00', '19:15:00', 20 );
INSERT INTO "times" VALUES ( 18119, 12670, '19:18:00', '19:18:00', 20 );
INSERT INTO "times" VALUES ( 18119, 12680, '19:21:00', '19:21:00', 20 );
INSERT INTO "times" VALUES ( 18119, 12690, '19:23:00', '19:23:00', 20 );
INSERT INTO "times" VALUES ( 18119, 12700, '19:25:00', '19:25:00', 20 );
INSERT INTO "times" VALUES ( 18119, 12710, '19:28:00', '19:28:00', 20 );
INSERT INTO "times" VALUES ( 18119, 12720, '19:29:00', '19:29:00', 20 );
INSERT INTO "times" VALUES ( 18119, 12730, '19:32:00', '19:32:00', 20 );
INSERT INTO "times" VALUES ( 18119, 12740, '19:35:00', NULL, NULL );

INSERT INTO "dias" VALUES ( 18120, 100, FALSE, TRUE, 'R1806N', 11510, 12660 );
INSERT INTO "dias_line_groups" VALUES ( 18120, 10 );
INSERT INTO "times" VALUES ( 18120, 11510, NULL, '18:44:00', 10 );
INSERT INTO "times" VALUES ( 18120, 11520, '18:45:00', '18:45:00', 10 );
INSERT INTO "times" VALUES ( 18120, 11530, '18:47:00', '18:47:00', 10 );
INSERT INTO "times" VALUES ( 18120, 11540, '18:49:00', '18:49:00', 10 );
INSERT INTO "times" VALUES ( 18120, 12530, '18:51:00', '18:52:00', 20 );
INSERT INTO "times" VALUES ( 18120, 12540, '18:54:00', '19:01:00', 20 );
INSERT INTO "times" VALUES ( 18120, 12550, '19:03:00', '19:03:00', 20 );
INSERT INTO "times" VALUES ( 18120, 12560, '19:05:00', '19:05:00', 20 );
INSERT INTO "times" VALUES ( 18120, 12570, '19:06:00', '19:06:00', 20 );
INSERT INTO "times" VALUES ( 18120, 12580, '19:08:00', '19:08:00', 20 );
INSERT INTO "times" VALUES ( 18120, 12590, '19:09:00', '19:09:00', 20 );
INSERT INTO "times" VALUES ( 18120, 12600, '19:10:00', '19:10:00', 20 );
INSERT INTO "times" VALUES ( 18120, 12610, '19:12:00', '19:15:00', 20 );
INSERT INTO "times" VALUES ( 18120, 12620, '19:17:00', '19:17:00', 20 );
INSERT INTO "times" VALUES ( 18120, 12630, '19:18:00', '19:18:00', 20 );
INSERT INTO "times" VALUES ( 18120, 12640, '19:20:00', '19:20:00', 20 );
INSERT INTO "times" VALUES ( 18120, 12650, '19:22:00', '19:22:00', 20 );
INSERT INTO "times" VALUES ( 18120, 12660, '19:24:00', NULL, NULL );

INSERT INTO "dias" VALUES ( 18121, 100, FALSE, TRUE, 'R1900N', 11510, 12660 );
INSERT INTO "dias_line_groups" VALUES ( 18121, 10 );
INSERT INTO "times" VALUES ( 18121, 11510, NULL, '19:04:00', 10 );
INSERT INTO "times" VALUES ( 18121, 11520, '19:05:00', '19:05:00', 10 );
INSERT INTO "times" VALUES ( 18121, 11530, '19:07:00', '19:07:00', 10 );
INSERT INTO "times" VALUES ( 18121, 11540, '19:09:00', '19:09:00', 10 );
INSERT INTO "times" VALUES ( 18121, 12530, '19:11:00', '19:12:00', 20 );
INSERT INTO "times" VALUES ( 18121, 12540, '19:14:00', '19:21:00', 20 );
INSERT INTO "times" VALUES ( 18121, 12550, '19:23:00', '19:23:00', 20 );
INSERT INTO "times" VALUES ( 18121, 12560, '19:25:00', '19:25:00', 20 );
INSERT INTO "times" VALUES ( 18121, 12570, '19:26:00', '19:26:00', 20 );
INSERT INTO "times" VALUES ( 18121, 12580, '19:28:00', '19:28:00', 20 );
INSERT INTO "times" VALUES ( 18121, 12590, '19:29:00', '19:29:00', 20 );
INSERT INTO "times" VALUES ( 18121, 12600, '19:30:00', '19:30:00', 20 );
INSERT INTO "times" VALUES ( 18121, 12610, '19:32:00', '19:35:00', 20 );
INSERT INTO "times" VALUES ( 18121, 12620, '19:37:00', '19:37:00', 20 );
INSERT INTO "times" VALUES ( 18121, 12630, '19:38:00', '19:38:00', 20 );
INSERT INTO "times" VALUES ( 18121, 12640, '19:40:00', '19:40:00', 20 );
INSERT INTO "times" VALUES ( 18121, 12650, '19:42:00', '19:42:00', 20 );
INSERT INTO "times" VALUES ( 18121, 12660, '19:44:00', NULL, NULL );

INSERT INTO "dias" VALUES ( 18122, 100, FALSE, TRUE, 'R1901B', 12660, 11510 );
INSERT INTO "dias_line_groups" VALUES ( 18122, 10 );
INSERT INTO "times" VALUES ( 18122, 11510, '20:07:00', NULL, NULL );
INSERT INTO "times" VALUES ( 18122, 11520, '20:04:00', '20:04:00', 10 );
INSERT INTO "times" VALUES ( 18122, 11530, '20:03:00', '20:03:00', 10 );
INSERT INTO "times" VALUES ( 18122, 11540, '20:01:00', '20:01:00', 10 );
INSERT INTO "times" VALUES ( 18122, 12530, '20:00:00', '20:00:00', 10 );
INSERT INTO "times" VALUES ( 18122, 12540, '19:50:00', '19:57:00', 20 );
INSERT INTO "times" VALUES ( 18122, 12550, '19:48:00', '19:48:00', 20 );
INSERT INTO "times" VALUES ( 18122, 12560, '19:46:00', '19:46:00', 20 );
INSERT INTO "times" VALUES ( 18122, 12570, '19:44:00', '19:44:00', 20 );
INSERT INTO "times" VALUES ( 18122, 12580, '19:43:00', '19:43:00', 20 );
INSERT INTO "times" VALUES ( 18122, 12590, '19:42:00', '19:42:00', 20 );
INSERT INTO "times" VALUES ( 18122, 12600, '19:40:00', '19:40:00', 20 );
INSERT INTO "times" VALUES ( 18122, 12610, '19:36:00', '19:39:00', 20 );
INSERT INTO "times" VALUES ( 18122, 12620, '19:34:00', '19:34:00', 20 );
INSERT INTO "times" VALUES ( 18122, 12630, '19:32:00', '19:32:00', 20 );
INSERT INTO "times" VALUES ( 18122, 12640, '19:31:00', '19:31:00', 20 );
INSERT INTO "times" VALUES ( 18122, 12650, '19:29:00', '19:29:00', 20 );
INSERT INTO "times" VALUES ( 18122, 12660, NULL, '19:27:00', 20 );

INSERT INTO "dias" VALUES ( 18123, 100, FALSE, TRUE, 'R1902R', 11510, 12740 );
INSERT INTO "dias_line_groups" VALUES ( 18123, 10 );
INSERT INTO "times" VALUES ( 18123, 11510, NULL, '19:14:00', 10 );
INSERT INTO "times" VALUES ( 18123, 11520, '19:15:00', '19:15:00', 10 );
INSERT INTO "times" VALUES ( 18123, 11530, '19:17:00', '19:17:00', 10 );
INSERT INTO "times" VALUES ( 18123, 11540, '19:19:00', '19:19:00', 10 );
INSERT INTO "times" VALUES ( 18123, 12530, '19:21:00', '19:22:00', 20 );
INSERT INTO "times" VALUES ( 18123, 12540, '19:24:00', '19:31:00', 20 );
INSERT INTO "times" VALUES ( 18123, 12550, '19:33:00', '19:33:00', 20 );
INSERT INTO "times" VALUES ( 18123, 12560, '19:35:00', '19:35:00', 20 );
INSERT INTO "times" VALUES ( 18123, 12570, '19:36:00', '19:36:00', 20 );
INSERT INTO "times" VALUES ( 18123, 12580, '19:38:00', '19:38:00', 20 );
INSERT INTO "times" VALUES ( 18123, 12590, '19:39:00', '19:39:00', 20 );
INSERT INTO "times" VALUES ( 18123, 12600, '19:40:00', '19:40:00', 20 );
INSERT INTO "times" VALUES ( 18123, 12610, '19:42:00', '19:45:00', 20 );
INSERT INTO "times" VALUES ( 18123, 12620, '19:47:00', '19:47:00', 20 );
INSERT INTO "times" VALUES ( 18123, 12630, '19:48:00', '19:48:00', 20 );
INSERT INTO "times" VALUES ( 18123, 12640, '19:50:00', '19:50:00', 20 );
INSERT INTO "times" VALUES ( 18123, 12650, '19:52:00', '19:52:00', 20 );
INSERT INTO "times" VALUES ( 18123, 12660, '19:55:00', '19:55:00', 20 );
INSERT INTO "times" VALUES ( 18123, 12670, '19:58:00', '19:58:00', 20 );
INSERT INTO "times" VALUES ( 18123, 12680, '20:01:00', '20:01:00', 20 );
INSERT INTO "times" VALUES ( 18123, 12690, '20:02:00', '20:02:00', 20 );
INSERT INTO "times" VALUES ( 18123, 12700, '20:05:00', '20:05:00', 20 );
INSERT INTO "times" VALUES ( 18123, 12710, '20:07:00', '20:07:00', 20 );
INSERT INTO "times" VALUES ( 18123, 12720, '20:09:00', '20:09:00', 20 );
INSERT INTO "times" VALUES ( 18123, 12730, '20:11:00', '20:11:00', 20 );
INSERT INTO "times" VALUES ( 18123, 12740, '20:14:00', NULL, NULL );

INSERT INTO "dias" VALUES ( 18124, 100, FALSE, TRUE, 'R1903B', 12660, 11510 );
INSERT INTO "dias_line_groups" VALUES ( 18124, 10 );
INSERT INTO "times" VALUES ( 18124, 11510, '20:27:00', NULL, NULL );
INSERT INTO "times" VALUES ( 18124, 11520, '20:24:00', '20:24:00', 10 );
INSERT INTO "times" VALUES ( 18124, 11530, '20:23:00', '20:23:00', 10 );
INSERT INTO "times" VALUES ( 18124, 11540, '20:21:00', '20:21:00', 10 );
INSERT INTO "times" VALUES ( 18124, 12530, '20:20:00', '20:20:00', 10 );
INSERT INTO "times" VALUES ( 18124, 12540, '20:10:00', '20:17:00', 20 );
INSERT INTO "times" VALUES ( 18124, 12550, '20:08:00', '20:08:00', 20 );
INSERT INTO "times" VALUES ( 18124, 12560, '20:06:00', '20:06:00', 20 );
INSERT INTO "times" VALUES ( 18124, 12570, '20:04:00', '20:04:00', 20 );
INSERT INTO "times" VALUES ( 18124, 12580, '20:03:00', '20:03:00', 20 );
INSERT INTO "times" VALUES ( 18124, 12590, '20:02:00', '20:02:00', 20 );
INSERT INTO "times" VALUES ( 18124, 12600, '20:00:00', '20:00:00', 20 );
INSERT INTO "times" VALUES ( 18124, 12610, '19:56:00', '19:59:00', 20 );
INSERT INTO "times" VALUES ( 18124, 12620, '19:54:00', '19:54:00', 20 );
INSERT INTO "times" VALUES ( 18124, 12630, '19:52:00', '19:52:00', 20 );
INSERT INTO "times" VALUES ( 18124, 12640, '19:51:00', '19:51:00', 20 );
INSERT INTO "times" VALUES ( 18124, 12650, '19:49:00', '19:49:00', 20 );
INSERT INTO "times" VALUES ( 18124, 12660, NULL, '19:47:00', 20 );

INSERT INTO "dias" VALUES ( 18125, 100, FALSE, TRUE, 'R1904N', 11510, 12660 );
INSERT INTO "dias_line_groups" VALUES ( 18125, 10 );
INSERT INTO "times" VALUES ( 18125, 11510, NULL, '19:34:00', 10 );
INSERT INTO "times" VALUES ( 18125, 11520, '19:35:00', '19:35:00', 10 );
INSERT INTO "times" VALUES ( 18125, 11530, '19:37:00', '19:37:00', 10 );
INSERT INTO "times" VALUES ( 18125, 11540, '19:39:00', '19:39:00', 10 );
INSERT INTO "times" VALUES ( 18125, 12530, '19:41:00', '19:42:00', 20 );
INSERT INTO "times" VALUES ( 18125, 12540, '19:44:00', '19:51:00', 20 );
INSERT INTO "times" VALUES ( 18125, 12550, '19:53:00', '19:53:00', 20 );
INSERT INTO "times" VALUES ( 18125, 12560, '19:54:00', '19:54:00', 20 );
INSERT INTO "times" VALUES ( 18125, 12570, '19:56:00', '19:56:00', 20 );
INSERT INTO "times" VALUES ( 18125, 12580, '19:57:00', '19:57:00', 20 );
INSERT INTO "times" VALUES ( 18125, 12590, '19:59:00', '19:59:00', 20 );
INSERT INTO "times" VALUES ( 18125, 12600, '20:00:00', '20:00:00', 20 );
INSERT INTO "times" VALUES ( 18125, 12610, '20:02:00', '20:05:00', 20 );
INSERT INTO "times" VALUES ( 18125, 12620, '20:07:00', '20:07:00', 20 );
INSERT INTO "times" VALUES ( 18125, 12630, '20:08:00', '20:08:00', 20 );
INSERT INTO "times" VALUES ( 18125, 12640, '20:10:00', '20:10:00', 20 );
INSERT INTO "times" VALUES ( 18125, 12650, '20:12:00', '20:12:00', 20 );
INSERT INTO "times" VALUES ( 18125, 12660, '20:14:00', NULL, NULL );

INSERT INTO "dias" VALUES ( 18126, 100, FALSE, TRUE, 'R1906R', 11510, 12740 );
INSERT INTO "dias_line_groups" VALUES ( 18126, 10 );
INSERT INTO "times" VALUES ( 18126, 11510, NULL, '19:54:00', 10 );
INSERT INTO "times" VALUES ( 18126, 11520, '19:55:00', '19:55:00', 10 );
INSERT INTO "times" VALUES ( 18126, 11530, '19:57:00', '19:57:00', 10 );
INSERT INTO "times" VALUES ( 18126, 11540, '19:59:00', '19:59:00', 10 );
INSERT INTO "times" VALUES ( 18126, 12530, '20:01:00', '20:02:00', 20 );
INSERT INTO "times" VALUES ( 18126, 12540, '20:04:00', '20:10:00', 20 );
INSERT INTO "times" VALUES ( 18126, 12550, '20:13:00', '20:13:00', 20 );
INSERT INTO "times" VALUES ( 18126, 12560, '20:14:00', '20:14:00', 20 );
INSERT INTO "times" VALUES ( 18126, 12570, '20:16:00', '20:16:00', 20 );
INSERT INTO "times" VALUES ( 18126, 12580, '20:17:00', '20:17:00', 20 );
INSERT INTO "times" VALUES ( 18126, 12590, '20:19:00', '20:19:00', 20 );
INSERT INTO "times" VALUES ( 18126, 12600, '20:20:00', '20:20:00', 20 );
INSERT INTO "times" VALUES ( 18126, 12610, '20:22:00', '20:25:00', 20 );
INSERT INTO "times" VALUES ( 18126, 12620, '20:27:00', '20:27:00', 20 );
INSERT INTO "times" VALUES ( 18126, 12630, '20:28:00', '20:28:00', 20 );
INSERT INTO "times" VALUES ( 18126, 12640, '20:30:00', '20:30:00', 20 );
INSERT INTO "times" VALUES ( 18126, 12650, '20:32:00', '20:32:00', 20 );
INSERT INTO "times" VALUES ( 18126, 12660, '20:34:00', '20:35:00', 20 );
INSERT INTO "times" VALUES ( 18126, 12670, '20:38:00', '20:38:00', 20 );
INSERT INTO "times" VALUES ( 18126, 12680, '20:41:00', '20:41:00', 20 );
INSERT INTO "times" VALUES ( 18126, 12690, '20:43:00', '20:43:00', 20 );
INSERT INTO "times" VALUES ( 18126, 12700, '20:45:00', '20:45:00', 20 );
INSERT INTO "times" VALUES ( 18126, 12710, '20:48:00', '20:48:00', 20 );
INSERT INTO "times" VALUES ( 18126, 12720, '20:50:00', '20:50:00', 20 );
INSERT INTO "times" VALUES ( 18126, 12730, '20:52:00', '20:52:00', 20 );
INSERT INTO "times" VALUES ( 18126, 12740, '20:55:00', NULL, NULL );

INSERT INTO "dias" VALUES ( 18127, 100, FALSE, TRUE, 'R2000N', 11510, 12660 );
INSERT INTO "dias_line_groups" VALUES ( 18127, 10 );
INSERT INTO "times" VALUES ( 18127, 11510, NULL, '20:04:00', 10 );
INSERT INTO "times" VALUES ( 18127, 11520, '20:05:00', '20:05:00', 10 );
INSERT INTO "times" VALUES ( 18127, 11530, '20:07:00', '20:07:00', 10 );
INSERT INTO "times" VALUES ( 18127, 11540, '20:09:00', '20:09:00', 10 );
INSERT INTO "times" VALUES ( 18127, 12530, '20:11:00', '20:12:00', 20 );
INSERT INTO "times" VALUES ( 18127, 12540, '20:14:00', '20:20:00', 20 );
INSERT INTO "times" VALUES ( 18127, 12550, '20:23:00', '20:23:00', 20 );
INSERT INTO "times" VALUES ( 18127, 12560, '20:24:00', '20:24:00', 20 );
INSERT INTO "times" VALUES ( 18127, 12570, '20:26:00', '20:26:00', 20 );
INSERT INTO "times" VALUES ( 18127, 12580, '20:27:00', '20:27:00', 20 );
INSERT INTO "times" VALUES ( 18127, 12590, '20:29:00', '20:29:00', 20 );
INSERT INTO "times" VALUES ( 18127, 12600, '20:30:00', '20:30:00', 20 );
INSERT INTO "times" VALUES ( 18127, 12610, '20:32:00', '20:35:00', 20 );
INSERT INTO "times" VALUES ( 18127, 12620, '20:37:00', '20:37:00', 20 );
INSERT INTO "times" VALUES ( 18127, 12630, '20:38:00', '20:38:00', 20 );
INSERT INTO "times" VALUES ( 18127, 12640, '20:40:00', '20:40:00', 20 );
INSERT INTO "times" VALUES ( 18127, 12650, '20:42:00', '20:42:00', 20 );
INSERT INTO "times" VALUES ( 18127, 12660, '20:44:00', NULL, NULL );

INSERT INTO "dias" VALUES ( 18128, 100, FALSE, TRUE, 'R2001B', 12660, 11510 );
INSERT INTO "dias_line_groups" VALUES ( 18128, 10 );
INSERT INTO "times" VALUES ( 18128, 11510, '20:47:00', NULL, NULL );
INSERT INTO "times" VALUES ( 18128, 11520, '20:44:00', '20:44:00', 10 );
INSERT INTO "times" VALUES ( 18128, 11530, '20:43:00', '20:43:00', 10 );
INSERT INTO "times" VALUES ( 18128, 11540, '20:41:00', '20:41:00', 10 );
INSERT INTO "times" VALUES ( 18128, 12530, '20:40:00', '20:40:00', 10 );
INSERT INTO "times" VALUES ( 18128, 12540, '20:30:00', '20:37:00', 20 );
INSERT INTO "times" VALUES ( 18128, 12550, '20:28:00', '20:28:00', 20 );
INSERT INTO "times" VALUES ( 18128, 12560, '20:26:00', '20:26:00', 20 );
INSERT INTO "times" VALUES ( 18128, 12570, '20:24:00', '20:24:00', 20 );
INSERT INTO "times" VALUES ( 18128, 12580, '20:23:00', '20:23:00', 20 );
INSERT INTO "times" VALUES ( 18128, 12590, '20:22:00', '20:22:00', 20 );
INSERT INTO "times" VALUES ( 18128, 12600, '20:20:00', '20:20:00', 20 );
INSERT INTO "times" VALUES ( 18128, 12610, '20:16:00', '20:19:00', 20 );
INSERT INTO "times" VALUES ( 18128, 12620, '20:14:00', '20:14:00', 20 );
INSERT INTO "times" VALUES ( 18128, 12630, '20:12:00', '20:12:00', 20 );
INSERT INTO "times" VALUES ( 18128, 12640, '20:11:00', '20:11:00', 20 );
INSERT INTO "times" VALUES ( 18128, 12650, '20:09:00', '20:09:00', 20 );
INSERT INTO "times" VALUES ( 18128, 12660, NULL, '20:07:00', 20 );

INSERT INTO "dias" VALUES ( 18129, 100, FALSE, TRUE, 'R2002N', 11510, 12660 );
INSERT INTO "dias_line_groups" VALUES ( 18129, 10 );
INSERT INTO "times" VALUES ( 18129, 11510, NULL, '20:24:00', 10 );
INSERT INTO "times" VALUES ( 18129, 11520, '20:25:00', '20:25:00', 10 );
INSERT INTO "times" VALUES ( 18129, 11530, '20:27:00', '20:27:00', 10 );
INSERT INTO "times" VALUES ( 18129, 11540, '20:29:00', '20:29:00', 10 );
INSERT INTO "times" VALUES ( 18129, 12530, '20:31:00', '20:32:00', 20 );
INSERT INTO "times" VALUES ( 18129, 12540, '20:34:00', '20:40:00', 20 );
INSERT INTO "times" VALUES ( 18129, 12550, '20:43:00', '20:43:00', 20 );
INSERT INTO "times" VALUES ( 18129, 12560, '20:44:00', '20:44:00', 20 );
INSERT INTO "times" VALUES ( 18129, 12570, '20:46:00', '20:46:00', 20 );
INSERT INTO "times" VALUES ( 18129, 12580, '20:47:00', '20:47:00', 20 );
INSERT INTO "times" VALUES ( 18129, 12590, '20:49:00', '20:49:00', 20 );
INSERT INTO "times" VALUES ( 18129, 12600, '20:50:00', '20:50:00', 20 );
INSERT INTO "times" VALUES ( 18129, 12610, '20:52:00', '20:55:00', 20 );
INSERT INTO "times" VALUES ( 18129, 12620, '20:56:00', '20:56:00', 20 );
INSERT INTO "times" VALUES ( 18129, 12630, '20:58:00', '20:58:00', 20 );
INSERT INTO "times" VALUES ( 18129, 12640, '20:59:00', '20:59:00', 20 );
INSERT INTO "times" VALUES ( 18129, 12650, '21:01:00', '21:01:00', 20 );
INSERT INTO "times" VALUES ( 18129, 12660, '21:03:00', NULL, NULL );

INSERT INTO "dias" VALUES ( 18130, 100, FALSE, TRUE, 'R2003B', 12660, 11510 );
INSERT INTO "dias_line_groups" VALUES ( 18130, 10 );
INSERT INTO "times" VALUES ( 18130, 11510, '20:57:00', NULL, NULL );
INSERT INTO "times" VALUES ( 18130, 11520, '20:54:00', '20:54:00', 10 );
INSERT INTO "times" VALUES ( 18130, 11530, '20:53:00', '20:53:00', 10 );
INSERT INTO "times" VALUES ( 18130, 11540, '20:51:00', '20:51:00', 10 );
INSERT INTO "times" VALUES ( 18130, 12530, '20:50:00', '20:50:00', 10 );
INSERT INTO "times" VALUES ( 18130, 12540, '20:40:00', '20:47:00', 20 );
INSERT INTO "times" VALUES ( 18130, 12550, '20:37:00', '20:37:00', 20 );
INSERT INTO "times" VALUES ( 18130, 12560, '20:36:00', '20:36:00', 20 );
INSERT INTO "times" VALUES ( 18130, 12570, '20:34:00', '20:34:00', 20 );
INSERT INTO "times" VALUES ( 18130, 12580, '20:33:00', '20:33:00', 20 );
INSERT INTO "times" VALUES ( 18130, 12590, '20:31:00', '20:31:00', 20 );
INSERT INTO "times" VALUES ( 18130, 12600, '20:30:00', '20:30:00', 20 );
INSERT INTO "times" VALUES ( 18130, 12610, '20:26:00', '20:29:00', 20 );
INSERT INTO "times" VALUES ( 18130, 12620, '20:24:00', '20:24:00', 20 );
INSERT INTO "times" VALUES ( 18130, 12630, '20:22:00', '20:22:00', 20 );
INSERT INTO "times" VALUES ( 18130, 12640, '20:21:00', '20:21:00', 20 );
INSERT INTO "times" VALUES ( 18130, 12650, '20:19:00', '20:19:00', 20 );
INSERT INTO "times" VALUES ( 18130, 12660, NULL, '20:17:00', 20 );

INSERT INTO "dias" VALUES ( 18131, 100, FALSE, TRUE, 'R2004N', 11510, 12660 );
INSERT INTO "dias_line_groups" VALUES ( 18131, 10 );
INSERT INTO "times" VALUES ( 18131, 11510, NULL, '20:44:00', 10 );
INSERT INTO "times" VALUES ( 18131, 11520, '20:45:00', '20:45:00', 10 );
INSERT INTO "times" VALUES ( 18131, 11530, '20:47:00', '20:47:00', 10 );
INSERT INTO "times" VALUES ( 18131, 11540, '20:49:00', '20:49:00', 10 );
INSERT INTO "times" VALUES ( 18131, 12530, '20:51:00', '20:52:00', 20 );
INSERT INTO "times" VALUES ( 18131, 12540, '20:54:00', '21:01:00', 20 );
INSERT INTO "times" VALUES ( 18131, 12550, '21:03:00', '21:03:00', 20 );
INSERT INTO "times" VALUES ( 18131, 12560, '21:05:00', '21:05:00', 20 );
INSERT INTO "times" VALUES ( 18131, 12570, '21:07:00', '21:07:00', 20 );
INSERT INTO "times" VALUES ( 18131, 12580, '21:08:00', '21:08:00', 20 );
INSERT INTO "times" VALUES ( 18131, 12590, '21:10:00', '21:10:00', 20 );
INSERT INTO "times" VALUES ( 18131, 12600, '21:11:00', '21:11:00', 20 );
INSERT INTO "times" VALUES ( 18131, 12610, '21:13:00', '21:17:00', 20 );
INSERT INTO "times" VALUES ( 18131, 12620, '21:18:00', '21:18:00', 20 );
INSERT INTO "times" VALUES ( 18131, 12630, '21:20:00', '21:20:00', 20 );
INSERT INTO "times" VALUES ( 18131, 12640, '21:21:00', '21:21:00', 20 );
INSERT INTO "times" VALUES ( 18131, 12650, '21:23:00', '21:23:00', 20 );
INSERT INTO "times" VALUES ( 18131, 12660, '21:25:00', NULL, NULL );

INSERT INTO "dias" VALUES ( 18132, 100, FALSE, TRUE, 'R2005B', 12660, 11510 );
INSERT INTO "dias_line_groups" VALUES ( 18132, 10 );
INSERT INTO "times" VALUES ( 18132, 11510, '21:14:00', NULL, NULL );
INSERT INTO "times" VALUES ( 18132, 11520, '21:12:00', '21:12:00', 10 );
INSERT INTO "times" VALUES ( 18132, 11530, '21:10:00', '21:10:00', 10 );
INSERT INTO "times" VALUES ( 18132, 11540, '21:09:00', '21:09:00', 10 );
INSERT INTO "times" VALUES ( 18132, 12530, '21:07:00', '21:07:00', 10 );
INSERT INTO "times" VALUES ( 18132, 12540, '21:00:00', '21:04:00', 20 );
INSERT INTO "times" VALUES ( 18132, 12550, '20:57:00', '20:57:00', 20 );
INSERT INTO "times" VALUES ( 18132, 12560, '20:56:00', '20:56:00', 20 );
INSERT INTO "times" VALUES ( 18132, 12570, '20:54:00', '20:54:00', 20 );
INSERT INTO "times" VALUES ( 18132, 12580, '20:52:00', '20:52:00', 20 );
INSERT INTO "times" VALUES ( 18132, 12590, '20:51:00', '20:51:00', 20 );
INSERT INTO "times" VALUES ( 18132, 12600, '20:50:00', '20:50:00', 20 );
INSERT INTO "times" VALUES ( 18132, 12610, '20:46:00', '20:49:00', 20 );
INSERT INTO "times" VALUES ( 18132, 12620, '20:44:00', '20:44:00', 20 );
INSERT INTO "times" VALUES ( 18132, 12630, '20:42:00', '20:42:00', 20 );
INSERT INTO "times" VALUES ( 18132, 12640, '20:41:00', '20:41:00', 20 );
INSERT INTO "times" VALUES ( 18132, 12650, '20:39:00', '20:39:00', 20 );
INSERT INTO "times" VALUES ( 18132, 12660, NULL, '20:37:00', 20 );

INSERT INTO "dias" VALUES ( 18133, 100, FALSE, TRUE, 'R2007B', 12660, 11510 );
INSERT INTO "dias_line_groups" VALUES ( 18133, 10 );
INSERT INTO "times" VALUES ( 18133, 11510, '21:33:00', NULL, NULL );
INSERT INTO "times" VALUES ( 18133, 11520, '21:31:00', '21:31:00', 10 );
INSERT INTO "times" VALUES ( 18133, 11530, '21:29:00', '21:29:00', 10 );
INSERT INTO "times" VALUES ( 18133, 11540, '21:27:00', '21:27:00', 10 );
INSERT INTO "times" VALUES ( 18133, 12530, '21:26:00', '21:26:00', 10 );
INSERT INTO "times" VALUES ( 18133, 12540, '21:18:00', '21:23:00', 20 );
INSERT INTO "times" VALUES ( 18133, 12550, '21:15:00', '21:15:00', 20 );
INSERT INTO "times" VALUES ( 18133, 12560, '21:14:00', '21:14:00', 20 );
INSERT INTO "times" VALUES ( 18133, 12570, '21:12:00', '21:12:00', 20 );
INSERT INTO "times" VALUES ( 18133, 12580, '21:11:00', '21:11:00', 20 );
INSERT INTO "times" VALUES ( 18133, 12590, '21:09:00', '21:09:00', 20 );
INSERT INTO "times" VALUES ( 18133, 12600, '21:08:00', '21:08:00', 20 );
INSERT INTO "times" VALUES ( 18133, 12610, '21:03:00', '21:07:00', 20 );
INSERT INTO "times" VALUES ( 18133, 12620, '21:01:00', '21:01:00', 20 );
INSERT INTO "times" VALUES ( 18133, 12630, '20:59:00', '20:59:00', 20 );
INSERT INTO "times" VALUES ( 18133, 12640, '20:58:00', '20:58:00', 20 );
INSERT INTO "times" VALUES ( 18133, 12650, '20:56:00', '20:56:00', 20 );
INSERT INTO "times" VALUES ( 18133, 12660, NULL, '20:54:00', 20 );

INSERT INTO "dias" VALUES ( 18134, 100, FALSE, TRUE, 'R2100N', 11510, 12660 );
INSERT INTO "dias_line_groups" VALUES ( 18134, 10 );
INSERT INTO "times" VALUES ( 18134, 11510, NULL, '21:07:00', 10 );
INSERT INTO "times" VALUES ( 18134, 11520, '21:08:00', '21:08:00', 10 );
INSERT INTO "times" VALUES ( 18134, 11530, '21:10:00', '21:10:00', 10 );
INSERT INTO "times" VALUES ( 18134, 11540, '21:12:00', '21:12:00', 10 );
INSERT INTO "times" VALUES ( 18134, 12530, '21:14:00', '21:14:00', 20 );
INSERT INTO "times" VALUES ( 18134, 12540, '21:17:00', '21:21:00', 20 );
INSERT INTO "times" VALUES ( 18134, 12550, '21:23:00', '21:23:00', 20 );
INSERT INTO "times" VALUES ( 18134, 12560, '21:25:00', '21:25:00', 20 );
INSERT INTO "times" VALUES ( 18134, 12570, '21:26:00', '21:26:00', 20 );
INSERT INTO "times" VALUES ( 18134, 12580, '21:28:00', '21:28:00', 20 );
INSERT INTO "times" VALUES ( 18134, 12590, '21:30:00', '21:30:00', 20 );
INSERT INTO "times" VALUES ( 18134, 12600, '21:31:00', '21:31:00', 20 );
INSERT INTO "times" VALUES ( 18134, 12610, '21:33:00', '21:37:00', 20 );
INSERT INTO "times" VALUES ( 18134, 12620, '21:38:00', '21:38:00', 20 );
INSERT INTO "times" VALUES ( 18134, 12630, '21:40:00', '21:40:00', 20 );
INSERT INTO "times" VALUES ( 18134, 12640, '21:41:00', '21:41:00', 20 );
INSERT INTO "times" VALUES ( 18134, 12650, '21:43:00', '21:43:00', 20 );
INSERT INTO "times" VALUES ( 18134, 12660, '21:45:00', NULL, NULL );

INSERT INTO "dias" VALUES ( 18135, 100, FALSE, TRUE, 'R2101B', 12660, 11510 );
INSERT INTO "dias_line_groups" VALUES ( 18135, 10 );
INSERT INTO "times" VALUES ( 18135, 11510, '21:53:00', NULL, NULL );
INSERT INTO "times" VALUES ( 18135, 11520, '21:51:00', '21:51:00', 10 );
INSERT INTO "times" VALUES ( 18135, 11530, '21:49:00', '21:49:00', 10 );
INSERT INTO "times" VALUES ( 18135, 11540, '21:47:00', '21:47:00', 10 );
INSERT INTO "times" VALUES ( 18135, 12530, '21:46:00', '21:46:00', 10 );
INSERT INTO "times" VALUES ( 18135, 12540, '21:38:00', '21:43:00', 20 );
INSERT INTO "times" VALUES ( 18135, 12550, '21:35:00', '21:35:00', 20 );
INSERT INTO "times" VALUES ( 18135, 12560, '21:34:00', '21:34:00', 20 );
INSERT INTO "times" VALUES ( 18135, 12570, '21:32:00', '21:32:00', 20 );
INSERT INTO "times" VALUES ( 18135, 12580, '21:31:00', '21:31:00', 20 );
INSERT INTO "times" VALUES ( 18135, 12590, '21:29:00', '21:29:00', 20 );
INSERT INTO "times" VALUES ( 18135, 12600, '21:28:00', '21:28:00', 20 );
INSERT INTO "times" VALUES ( 18135, 12610, '21:23:00', '21:27:00', 20 );
INSERT INTO "times" VALUES ( 18135, 12620, '21:21:00', '21:21:00', 20 );
INSERT INTO "times" VALUES ( 18135, 12630, '21:19:00', '21:19:00', 20 );
INSERT INTO "times" VALUES ( 18135, 12640, '21:18:00', '21:18:00', 20 );
INSERT INTO "times" VALUES ( 18135, 12650, '21:16:00', '21:16:00', 20 );
INSERT INTO "times" VALUES ( 18135, 12660, NULL, '21:14:00', 20 );

INSERT INTO "dias" VALUES ( 18136, 100, FALSE, TRUE, 'R2102N', 11510, 12660 );
INSERT INTO "dias_line_groups" VALUES ( 18136, 10 );
INSERT INTO "times" VALUES ( 18136, 11510, NULL, '21:27:00', 10 );
INSERT INTO "times" VALUES ( 18136, 11520, '21:29:00', '21:29:00', 10 );
INSERT INTO "times" VALUES ( 18136, 11530, '21:30:00', '21:30:00', 10 );
INSERT INTO "times" VALUES ( 18136, 11540, '21:32:00', '21:32:00', 10 );
INSERT INTO "times" VALUES ( 18136, 12530, '21:34:00', '21:34:00', 20 );
INSERT INTO "times" VALUES ( 18136, 12540, '21:37:00', '21:41:00', 20 );
INSERT INTO "times" VALUES ( 18136, 12550, '21:43:00', '21:43:00', 20 );
INSERT INTO "times" VALUES ( 18136, 12560, '21:45:00', '21:45:00', 20 );
INSERT INTO "times" VALUES ( 18136, 12570, '21:46:00', '21:46:00', 20 );
INSERT INTO "times" VALUES ( 18136, 12580, '21:48:00', '21:48:00', 20 );
INSERT INTO "times" VALUES ( 18136, 12590, '21:50:00', '21:50:00', 20 );
INSERT INTO "times" VALUES ( 18136, 12600, '21:51:00', '21:51:00', 20 );
INSERT INTO "times" VALUES ( 18136, 12610, '21:53:00', '21:56:00', 20 );
INSERT INTO "times" VALUES ( 18136, 12620, '21:58:00', '21:58:00', 20 );
INSERT INTO "times" VALUES ( 18136, 12630, '21:59:00', '21:59:00', 20 );
INSERT INTO "times" VALUES ( 18136, 12640, '22:01:00', '22:01:00', 20 );
INSERT INTO "times" VALUES ( 18136, 12650, '22:03:00', '22:03:00', 20 );
INSERT INTO "times" VALUES ( 18136, 12660, '22:05:00', NULL, NULL );

INSERT INTO "dias" VALUES ( 18137, 100, FALSE, TRUE, 'R2103A', 12660, 12510 );
INSERT INTO "dias_line_groups" VALUES ( 18137, 10 );
INSERT INTO "times" VALUES ( 18137, 12510, '22:05:00', NULL, NULL );
INSERT INTO "times" VALUES ( 18137, 12520, '22:03:00', '22:03:00', 20 );
INSERT INTO "times" VALUES ( 18137, 12530, '22:01:00', '22:01:00', 20 );
INSERT INTO "times" VALUES ( 18137, 12540, '21:57:00', '21:58:00', 20 );
INSERT INTO "times" VALUES ( 18137, 12550, '21:54:00', '21:54:00', 20 );
INSERT INTO "times" VALUES ( 18137, 12560, '21:53:00', '21:53:00', 20 );
INSERT INTO "times" VALUES ( 18137, 12570, '21:51:00', '21:51:00', 20 );
INSERT INTO "times" VALUES ( 18137, 12580, '21:50:00', '21:50:00', 20 );
INSERT INTO "times" VALUES ( 18137, 12590, '21:48:00', '21:48:00', 20 );
INSERT INTO "times" VALUES ( 18137, 12600, '21:47:00', '21:47:00', 20 );
INSERT INTO "times" VALUES ( 18137, 12610, '21:42:00', '21:46:00', 20 );
INSERT INTO "times" VALUES ( 18137, 12620, '21:40:00', '21:40:00', 20 );
INSERT INTO "times" VALUES ( 18137, 12630, '21:38:00', '21:38:00', 20 );
INSERT INTO "times" VALUES ( 18137, 12640, '21:37:00', '21:37:00', 20 );
INSERT INTO "times" VALUES ( 18137, 12650, '21:35:00', '21:35:00', 20 );
INSERT INTO "times" VALUES ( 18137, 12660, NULL, '21:33:00', 20 );

INSERT INTO "dias" VALUES ( 18138, 100, FALSE, TRUE, 'R2104N', 11510, 12660 );
INSERT INTO "dias_line_groups" VALUES ( 18138, 10 );
INSERT INTO "times" VALUES ( 18138, 11510, NULL, '21:47:00', 10 );
INSERT INTO "times" VALUES ( 18138, 11520, '21:49:00', '21:49:00', 10 );
INSERT INTO "times" VALUES ( 18138, 11530, '21:50:00', '21:50:00', 10 );
INSERT INTO "times" VALUES ( 18138, 11540, '21:52:00', '21:52:00', 10 );
INSERT INTO "times" VALUES ( 18138, 12530, '21:54:00', '21:54:00', 20 );
INSERT INTO "times" VALUES ( 18138, 12540, '21:57:00', '22:01:00', 20 );
INSERT INTO "times" VALUES ( 18138, 12550, '22:03:00', '22:03:00', 20 );
INSERT INTO "times" VALUES ( 18138, 12560, '22:05:00', '22:05:00', 20 );
INSERT INTO "times" VALUES ( 18138, 12570, '22:06:00', '22:06:00', 20 );
INSERT INTO "times" VALUES ( 18138, 12580, '22:08:00', '22:08:00', 20 );
INSERT INTO "times" VALUES ( 18138, 12590, '22:10:00', '22:10:00', 20 );
INSERT INTO "times" VALUES ( 18138, 12600, '22:11:00', '22:11:00', 20 );
INSERT INTO "times" VALUES ( 18138, 12610, '22:13:00', '22:16:00', 20 );
INSERT INTO "times" VALUES ( 18138, 12620, '22:17:00', '22:17:00', 20 );
INSERT INTO "times" VALUES ( 18138, 12630, '22:19:00', '22:19:00', 20 );
INSERT INTO "times" VALUES ( 18138, 12640, '22:20:00', '22:20:00', 20 );
INSERT INTO "times" VALUES ( 18138, 12650, '22:22:00', '22:22:00', 20 );
INSERT INTO "times" VALUES ( 18138, 12660, '22:24:00', NULL, NULL );

INSERT INTO "dias" VALUES ( 18139, 100, FALSE, TRUE, 'R2105A', 12660, 12510 );
INSERT INTO "dias_line_groups" VALUES ( 18139, 10 );
INSERT INTO "times" VALUES ( 18139, 12510, '22:25:00', NULL, NULL );
INSERT INTO "times" VALUES ( 18139, 12520, '22:23:00', '22:23:00', 20 );
INSERT INTO "times" VALUES ( 18139, 12530, '22:21:00', '22:21:00', 20 );
INSERT INTO "times" VALUES ( 18139, 12540, '22:17:00', '22:18:00', 20 );
INSERT INTO "times" VALUES ( 18139, 12550, '22:14:00', '22:14:00', 20 );
INSERT INTO "times" VALUES ( 18139, 12560, '22:13:00', '22:13:00', 20 );
INSERT INTO "times" VALUES ( 18139, 12570, '22:11:00', '22:11:00', 20 );
INSERT INTO "times" VALUES ( 18139, 12580, '22:09:00', '22:09:00', 20 );
INSERT INTO "times" VALUES ( 18139, 12590, '22:08:00', '22:08:00', 20 );
INSERT INTO "times" VALUES ( 18139, 12600, '22:07:00', '22:07:00', 20 );
INSERT INTO "times" VALUES ( 18139, 12610, '22:02:00', '22:06:00', 20 );
INSERT INTO "times" VALUES ( 18139, 12620, '22:00:00', '22:00:00', 20 );
INSERT INTO "times" VALUES ( 18139, 12630, '21:58:00', '21:58:00', 20 );
INSERT INTO "times" VALUES ( 18139, 12640, '21:57:00', '21:57:00', 20 );
INSERT INTO "times" VALUES ( 18139, 12650, '21:55:00', '21:55:00', 20 );
INSERT INTO "times" VALUES ( 18139, 12660, NULL, '21:53:00', 20 );

INSERT INTO "dias" VALUES ( 18140, 100, FALSE, TRUE, 'R2200N', 11510, 12660 );
INSERT INTO "dias_line_groups" VALUES ( 18140, 10 );
INSERT INTO "times" VALUES ( 18140, 11510, NULL, '22:12:00', 10 );
INSERT INTO "times" VALUES ( 18140, 11520, '22:13:00', '22:13:00', 10 );
INSERT INTO "times" VALUES ( 18140, 11530, '22:15:00', '22:15:00', 10 );
INSERT INTO "times" VALUES ( 18140, 11540, '22:17:00', '22:17:00', 10 );
INSERT INTO "times" VALUES ( 18140, 12530, '22:19:00', '22:19:00', 20 );
INSERT INTO "times" VALUES ( 18140, 12540, '22:22:00', '22:22:00', 20 );
INSERT INTO "times" VALUES ( 18140, 12550, '22:24:00', '22:24:00', 20 );
INSERT INTO "times" VALUES ( 18140, 12560, '22:26:00', '22:26:00', 20 );
INSERT INTO "times" VALUES ( 18140, 12570, '22:27:00', '22:27:00', 20 );
INSERT INTO "times" VALUES ( 18140, 12580, '22:29:00', '22:29:00', 20 );
INSERT INTO "times" VALUES ( 18140, 12590, '22:30:00', '22:30:00', 20 );
INSERT INTO "times" VALUES ( 18140, 12600, '22:31:00', '22:31:00', 20 );
INSERT INTO "times" VALUES ( 18140, 12610, '22:33:00', '22:36:00', 20 );
INSERT INTO "times" VALUES ( 18140, 12620, '22:37:00', '22:37:00', 20 );
INSERT INTO "times" VALUES ( 18140, 12630, '22:39:00', '22:39:00', 20 );
INSERT INTO "times" VALUES ( 18140, 12640, '22:40:00', '22:40:00', 20 );
INSERT INTO "times" VALUES ( 18140, 12650, '22:42:00', '22:42:00', 20 );
INSERT INTO "times" VALUES ( 18140, 12660, '22:44:00', NULL, NULL );

INSERT INTO "dias" VALUES ( 18141, 100, FALSE, TRUE, 'R2201B', 12660, 11510 );
INSERT INTO "dias_line_groups" VALUES ( 18141, 10 );
INSERT INTO "times" VALUES ( 18141, 11510, '22:48:00', NULL, NULL );
INSERT INTO "times" VALUES ( 18141, 11520, '22:45:00', '22:45:00', 10 );
INSERT INTO "times" VALUES ( 18141, 11530, '22:44:00', '22:44:00', 10 );
INSERT INTO "times" VALUES ( 18141, 11540, '22:42:00', '22:42:00', 10 );
INSERT INTO "times" VALUES ( 18141, 12530, '22:40:00', '22:40:00', 10 );
INSERT INTO "times" VALUES ( 18141, 12540, '22:38:00', '22:38:00', 20 );
INSERT INTO "times" VALUES ( 18141, 12550, '22:34:00', '22:34:00', 20 );
INSERT INTO "times" VALUES ( 18141, 12560, '22:33:00', '22:33:00', 20 );
INSERT INTO "times" VALUES ( 18141, 12570, '22:31:00', '22:31:00', 20 );
INSERT INTO "times" VALUES ( 18141, 12580, '22:30:00', '22:30:00', 20 );
INSERT INTO "times" VALUES ( 18141, 12590, '22:28:00', '22:28:00', 20 );
INSERT INTO "times" VALUES ( 18141, 12600, '22:27:00', '22:27:00', 20 );
INSERT INTO "times" VALUES ( 18141, 12610, '22:23:00', '22:26:00', 20 );
INSERT INTO "times" VALUES ( 18141, 12620, '22:20:00', '22:20:00', 20 );
INSERT INTO "times" VALUES ( 18141, 12630, '22:19:00', '22:19:00', 20 );
INSERT INTO "times" VALUES ( 18141, 12640, '22:17:00', '22:17:00', 20 );
INSERT INTO "times" VALUES ( 18141, 12650, '22:15:00', '22:15:00', 20 );
INSERT INTO "times" VALUES ( 18141, 12660, NULL, '22:14:00', 20 );

INSERT INTO "dias" VALUES ( 18142, 100, FALSE, TRUE, 'R2202N', 12510, 12660 );
INSERT INTO "dias_line_groups" VALUES ( 18142, 10 );
INSERT INTO "times" VALUES ( 18142, 12510, NULL, '22:25:00', 20 );
INSERT INTO "times" VALUES ( 18142, 12520, '22:26:00', '22:26:00', 20 );
INSERT INTO "times" VALUES ( 18142, 12530, '22:28:00', '22:28:00', 20 );
INSERT INTO "times" VALUES ( 18142, 12540, '22:31:00', '22:31:00', 20 );
INSERT INTO "times" VALUES ( 18142, 12550, '22:34:00', '22:34:00', 20 );
INSERT INTO "times" VALUES ( 18142, 12560, '22:35:00', '22:35:00', 20 );
INSERT INTO "times" VALUES ( 18142, 12570, '22:37:00', '22:37:00', 20 );
INSERT INTO "times" VALUES ( 18142, 12580, '22:38:00', '22:38:00', 20 );
INSERT INTO "times" VALUES ( 18142, 12590, '22:40:00', '22:40:00', 20 );
INSERT INTO "times" VALUES ( 18142, 12600, '22:41:00', '22:41:00', 20 );
INSERT INTO "times" VALUES ( 18142, 12610, '22:43:00', '22:45:00', 20 );
INSERT INTO "times" VALUES ( 18142, 12620, '22:46:00', '22:46:00', 20 );
INSERT INTO "times" VALUES ( 18142, 12630, '22:48:00', '22:48:00', 20 );
INSERT INTO "times" VALUES ( 18142, 12640, '22:49:00', '22:49:00', 20 );
INSERT INTO "times" VALUES ( 18142, 12650, '22:51:00', '22:51:00', 20 );
INSERT INTO "times" VALUES ( 18142, 12660, '22:53:00', NULL, NULL );

INSERT INTO "dias" VALUES ( 18143, 100, FALSE, TRUE, 'R2203B', 12660, 11510 );
INSERT INTO "dias_line_groups" VALUES ( 18143, 10 );
INSERT INTO "times" VALUES ( 18143, 11510, '23:06:00', NULL, NULL );
INSERT INTO "times" VALUES ( 18143, 11520, '23:04:00', '23:04:00', 10 );
INSERT INTO "times" VALUES ( 18143, 11530, '23:02:00', '23:02:00', 10 );
INSERT INTO "times" VALUES ( 18143, 11540, '23:01:00', '23:01:00', 10 );
INSERT INTO "times" VALUES ( 18143, 12530, '22:59:00', '22:59:00', 10 );
INSERT INTO "times" VALUES ( 18143, 12540, '22:54:00', '22:56:00', 20 );
INSERT INTO "times" VALUES ( 18143, 12550, '22:51:00', '22:51:00', 20 );
INSERT INTO "times" VALUES ( 18143, 12560, '22:50:00', '22:50:00', 20 );
INSERT INTO "times" VALUES ( 18143, 12570, '22:48:00', '22:48:00', 20 );
INSERT INTO "times" VALUES ( 18143, 12580, '22:47:00', '22:47:00', 20 );
INSERT INTO "times" VALUES ( 18143, 12590, '22:46:00', '22:46:00', 20 );
INSERT INTO "times" VALUES ( 18143, 12600, '22:44:00', '22:44:00', 20 );
INSERT INTO "times" VALUES ( 18143, 12610, '22:42:00', '22:43:00', 20 );
INSERT INTO "times" VALUES ( 18143, 12620, '22:40:00', '22:40:00', 20 );
INSERT INTO "times" VALUES ( 18143, 12630, '22:38:00', '22:38:00', 20 );
INSERT INTO "times" VALUES ( 18143, 12640, '22:36:00', '22:36:00', 20 );
INSERT INTO "times" VALUES ( 18143, 12650, '22:35:00', '22:35:00', 20 );
INSERT INTO "times" VALUES ( 18143, 12660, NULL, '22:33:00', 20 );

INSERT INTO "dias" VALUES ( 18144, 100, FALSE, TRUE, 'R2204N', 11510, 12660 );
INSERT INTO "dias_line_groups" VALUES ( 18144, 10 );
INSERT INTO "times" VALUES ( 18144, 11510, NULL, '22:26:00', 10 );
INSERT INTO "times" VALUES ( 18144, 11520, '22:28:00', '22:28:00', 10 );
INSERT INTO "times" VALUES ( 18144, 11530, '22:29:00', '22:29:00', 10 );
INSERT INTO "times" VALUES ( 18144, 11540, '22:31:00', '22:31:00', 10 );
INSERT INTO "times" VALUES ( 18144, 12530, '22:33:00', '22:33:00', 20 );
INSERT INTO "times" VALUES ( 18144, 12540, '22:36:00', '22:41:00', 20 );
INSERT INTO "times" VALUES ( 18144, 12550, '22:43:00', '22:43:00', 20 );
INSERT INTO "times" VALUES ( 18144, 12560, '22:45:00', '22:45:00', 20 );
INSERT INTO "times" VALUES ( 18144, 12570, '22:46:00', '22:46:00', 20 );
INSERT INTO "times" VALUES ( 18144, 12580, '22:48:00', '22:48:00', 20 );
INSERT INTO "times" VALUES ( 18144, 12590, '22:49:00', '22:49:00', 20 );
INSERT INTO "times" VALUES ( 18144, 12600, '22:50:00', '22:50:00', 20 );
INSERT INTO "times" VALUES ( 18144, 12610, '22:52:00', '22:56:00', 20 );
INSERT INTO "times" VALUES ( 18144, 12620, '22:57:00', '22:57:00', 20 );
INSERT INTO "times" VALUES ( 18144, 12630, '22:58:00', '22:58:00', 20 );
INSERT INTO "times" VALUES ( 18144, 12640, '23:00:00', '23:00:00', 20 );
INSERT INTO "times" VALUES ( 18144, 12650, '23:02:00', '23:02:00', 20 );
INSERT INTO "times" VALUES ( 18144, 12660, '23:04:00', NULL, NULL );

INSERT INTO "dias" VALUES ( 18145, 100, FALSE, TRUE, 'R2205A', 12660, 12510 );
INSERT INTO "dias_line_groups" VALUES ( 18145, 10 );
INSERT INTO "times" VALUES ( 18145, 12510, '23:25:00', NULL, NULL );
INSERT INTO "times" VALUES ( 18145, 12520, '23:23:00', '23:23:00', 20 );
INSERT INTO "times" VALUES ( 18145, 12530, '23:21:00', '23:21:00', 20 );
INSERT INTO "times" VALUES ( 18145, 12540, '23:17:00', '23:18:00', 20 );
INSERT INTO "times" VALUES ( 18145, 12550, '23:14:00', '23:14:00', 20 );
INSERT INTO "times" VALUES ( 18145, 12560, '23:13:00', '23:13:00', 20 );
INSERT INTO "times" VALUES ( 18145, 12570, '23:11:00', '23:11:00', 20 );
INSERT INTO "times" VALUES ( 18145, 12580, '23:10:00', '23:10:00', 20 );
INSERT INTO "times" VALUES ( 18145, 12590, '23:08:00', '23:08:00', 20 );
INSERT INTO "times" VALUES ( 18145, 12600, '23:07:00', '23:07:00', 20 );
INSERT INTO "times" VALUES ( 18145, 12610, '23:03:00', '23:06:00', 20 );
INSERT INTO "times" VALUES ( 18145, 12620, '23:01:00', '23:01:00', 20 );
INSERT INTO "times" VALUES ( 18145, 12630, '22:59:00', '22:59:00', 20 );
INSERT INTO "times" VALUES ( 18145, 12640, '22:58:00', '22:58:00', 20 );
INSERT INTO "times" VALUES ( 18145, 12650, '22:56:00', '22:56:00', 20 );
INSERT INTO "times" VALUES ( 18145, 12660, NULL, '22:54:00', 20 );

INSERT INTO "dias" VALUES ( 18146, 100, FALSE, TRUE, 'R2206N', 11510, 12660 );
INSERT INTO "dias_line_groups" VALUES ( 18146, 10 );
INSERT INTO "times" VALUES ( 18146, 11510, NULL, '22:38:00', 10 );
INSERT INTO "times" VALUES ( 18146, 11520, '22:39:00', '22:39:00', 10 );
INSERT INTO "times" VALUES ( 18146, 11530, '22:41:00', '22:41:00', 10 );
INSERT INTO "times" VALUES ( 18146, 11540, '22:43:00', '22:43:00', 10 );
INSERT INTO "times" VALUES ( 18146, 12530, '22:45:00', '22:45:00', 20 );
INSERT INTO "times" VALUES ( 18146, 12540, '22:48:00', '22:52:00', 20 );
INSERT INTO "times" VALUES ( 18146, 12550, '22:54:00', '22:54:00', 20 );
INSERT INTO "times" VALUES ( 18146, 12560, '22:55:00', '22:55:00', 20 );
INSERT INTO "times" VALUES ( 18146, 12570, '22:57:00', '22:57:00', 20 );
INSERT INTO "times" VALUES ( 18146, 12580, '22:58:00', '22:58:00', 20 );
INSERT INTO "times" VALUES ( 18146, 12590, '23:00:00', '23:00:00', 20 );
INSERT INTO "times" VALUES ( 18146, 12600, '23:01:00', '23:01:00', 20 );
INSERT INTO "times" VALUES ( 18146, 12610, '23:03:00', '23:05:00', 20 );
INSERT INTO "times" VALUES ( 18146, 12620, '23:07:00', '23:07:00', 20 );
INSERT INTO "times" VALUES ( 18146, 12630, '23:08:00', '23:08:00', 20 );
INSERT INTO "times" VALUES ( 18146, 12640, '23:10:00', '23:10:00', 20 );
INSERT INTO "times" VALUES ( 18146, 12650, '23:12:00', '23:12:00', 20 );
INSERT INTO "times" VALUES ( 18146, 12660, '23:14:00', NULL, NULL );

INSERT INTO "dias" VALUES ( 18147, 100, FALSE, TRUE, 'R2208N', 12510, 12660 );
INSERT INTO "dias_line_groups" VALUES ( 18147, 10 );
INSERT INTO "times" VALUES ( 18147, 12510, NULL, '22:55:00', 20 );
INSERT INTO "times" VALUES ( 18147, 12520, '22:56:00', '22:56:00', 20 );
INSERT INTO "times" VALUES ( 18147, 12530, '22:59:00', '22:59:00', 20 );
INSERT INTO "times" VALUES ( 18147, 12540, '23:02:00', '23:02:00', 20 );
INSERT INTO "times" VALUES ( 18147, 12550, '23:04:00', '23:04:00', 20 );
INSERT INTO "times" VALUES ( 18147, 12560, '23:05:00', '23:05:00', 20 );
INSERT INTO "times" VALUES ( 18147, 12570, '23:07:00', '23:07:00', 20 );
INSERT INTO "times" VALUES ( 18147, 12580, '23:08:00', '23:08:00', 20 );
INSERT INTO "times" VALUES ( 18147, 12590, '23:10:00', '23:10:00', 20 );
INSERT INTO "times" VALUES ( 18147, 12600, '23:11:00', '23:11:00', 20 );
INSERT INTO "times" VALUES ( 18147, 12610, '23:13:00', '23:17:00', 20 );
INSERT INTO "times" VALUES ( 18147, 12620, '23:18:00', '23:18:00', 20 );
INSERT INTO "times" VALUES ( 18147, 12630, '23:19:00', '23:19:00', 20 );
INSERT INTO "times" VALUES ( 18147, 12640, '23:21:00', '23:21:00', 20 );
INSERT INTO "times" VALUES ( 18147, 12650, '23:22:00', '23:22:00', 20 );
INSERT INTO "times" VALUES ( 18147, 12660, '23:24:00', NULL, NULL );

INSERT INTO "dias" VALUES ( 18148, 100, FALSE, TRUE, 'R2210N', 11510, 12660 );
INSERT INTO "dias_line_groups" VALUES ( 18148, 10 );
INSERT INTO "times" VALUES ( 18148, 11510, NULL, '22:55:00', 10 );
INSERT INTO "times" VALUES ( 18148, 11520, '22:57:00', '22:57:00', 10 );
INSERT INTO "times" VALUES ( 18148, 11530, '22:58:00', '22:58:00', 10 );
INSERT INTO "times" VALUES ( 18148, 11540, '23:00:00', '23:00:00', 10 );
INSERT INTO "times" VALUES ( 18148, 12530, '23:02:00', '23:02:00', 20 );
INSERT INTO "times" VALUES ( 18148, 12540, '23:05:00', '23:12:00', 20 );
INSERT INTO "times" VALUES ( 18148, 12550, '23:14:00', '23:14:00', 20 );
INSERT INTO "times" VALUES ( 18148, 12560, '23:15:00', '23:15:00', 20 );
INSERT INTO "times" VALUES ( 18148, 12570, '23:17:00', '23:17:00', 20 );
INSERT INTO "times" VALUES ( 18148, 12580, '23:18:00', '23:18:00', 20 );
INSERT INTO "times" VALUES ( 18148, 12590, '23:20:00', '23:20:00', 20 );
INSERT INTO "times" VALUES ( 18148, 12600, '23:21:00', '23:21:00', 20 );
INSERT INTO "times" VALUES ( 18148, 12610, '23:23:00', '23:26:00', 20 );
INSERT INTO "times" VALUES ( 18148, 12620, '23:27:00', '23:27:00', 20 );
INSERT INTO "times" VALUES ( 18148, 12630, '23:29:00', '23:29:00', 20 );
INSERT INTO "times" VALUES ( 18148, 12640, '23:30:00', '23:30:00', 20 );
INSERT INTO "times" VALUES ( 18148, 12650, '23:32:00', '23:32:00', 20 );
INSERT INTO "times" VALUES ( 18148, 12660, '23:34:00', NULL, NULL );

INSERT INTO "dias" VALUES ( 18149, 100, FALSE, TRUE, 'R2300N', 12510, 12660 );
INSERT INTO "dias_line_groups" VALUES ( 18149, 10 );
INSERT INTO "times" VALUES ( 18149, 12510, NULL, '23:22:00', 20 );
INSERT INTO "times" VALUES ( 18149, 12520, '23:24:00', '23:24:00', 20 );
INSERT INTO "times" VALUES ( 18149, 12530, '23:26:00', '23:26:00', 20 );
INSERT INTO "times" VALUES ( 18149, 12540, '23:28:00', '23:29:00', 20 );
INSERT INTO "times" VALUES ( 18149, 12550, '23:31:00', '23:31:00', 20 );
INSERT INTO "times" VALUES ( 18149, 12560, '23:33:00', '23:33:00', 20 );
INSERT INTO "times" VALUES ( 18149, 12570, '23:34:00', '23:34:00', 20 );
INSERT INTO "times" VALUES ( 18149, 12580, '23:35:00', '23:35:00', 20 );
INSERT INTO "times" VALUES ( 18149, 12590, '23:37:00', '23:37:00', 20 );
INSERT INTO "times" VALUES ( 18149, 12600, '23:38:00', '23:38:00', 20 );
INSERT INTO "times" VALUES ( 18149, 12610, '23:40:00', '23:43:00', 20 );
INSERT INTO "times" VALUES ( 18149, 12620, '23:45:00', '23:45:00', 20 );
INSERT INTO "times" VALUES ( 18149, 12630, '23:46:00', '23:46:00', 20 );
INSERT INTO "times" VALUES ( 18149, 12640, '23:48:00', '23:48:00', 20 );
INSERT INTO "times" VALUES ( 18149, 12650, '23:50:00', '23:50:00', 20 );
INSERT INTO "times" VALUES ( 18149, 12660, '23:52:00', NULL, NULL );

INSERT INTO "dias" VALUES ( 18150, 100, FALSE, TRUE, 'R2301B', 12660, 11510 );
INSERT INTO "dias_line_groups" VALUES ( 18150, 10 );
INSERT INTO "times" VALUES ( 18150, 11510, '23:52:00', NULL, NULL );
INSERT INTO "times" VALUES ( 18150, 11520, '23:49:00', '23:49:00', 10 );
INSERT INTO "times" VALUES ( 18150, 11530, '23:48:00', '23:48:00', 10 );
INSERT INTO "times" VALUES ( 18150, 11540, '23:46:00', '23:46:00', 10 );
INSERT INTO "times" VALUES ( 18150, 12530, '23:45:00', '23:45:00', 10 );
INSERT INTO "times" VALUES ( 18150, 12540, '23:38:00', '23:42:00', 20 );
INSERT INTO "times" VALUES ( 18150, 12550, '23:35:00', '23:35:00', 20 );
INSERT INTO "times" VALUES ( 18150, 12560, '23:34:00', '23:34:00', 20 );
INSERT INTO "times" VALUES ( 18150, 12570, '23:32:00', '23:32:00', 20 );
INSERT INTO "times" VALUES ( 18150, 12580, '23:31:00', '23:31:00', 20 );
INSERT INTO "times" VALUES ( 18150, 12590, '23:30:00', '23:30:00', 20 );
INSERT INTO "times" VALUES ( 18150, 12600, '23:29:00', '23:29:00', 20 );
INSERT INTO "times" VALUES ( 18150, 12610, '23:24:00', '23:28:00', 20 );
INSERT INTO "times" VALUES ( 18150, 12620, '23:22:00', '23:22:00', 20 );
INSERT INTO "times" VALUES ( 18150, 12630, '23:20:00', '23:20:00', 20 );
INSERT INTO "times" VALUES ( 18150, 12640, '23:19:00', '23:19:00', 20 );
INSERT INTO "times" VALUES ( 18150, 12650, '23:17:00', '23:17:00', 20 );
INSERT INTO "times" VALUES ( 18150, 12660, NULL, '23:16:00', 20 );

INSERT INTO "dias" VALUES ( 18151, 100, FALSE, TRUE, 'R2302N', 11510, 12660 );
INSERT INTO "dias_line_groups" VALUES ( 18151, 10 );
INSERT INTO "times" VALUES ( 18151, 11510, NULL, '23:33:00', 10 );
INSERT INTO "times" VALUES ( 18151, 11520, '23:34:00', '23:34:00', 10 );
INSERT INTO "times" VALUES ( 18151, 11530, '23:36:00', '23:36:00', 10 );
INSERT INTO "times" VALUES ( 18151, 11540, '23:38:00', '23:38:00', 10 );
INSERT INTO "times" VALUES ( 18151, 12530, '23:40:00', '23:40:00', 20 );
INSERT INTO "times" VALUES ( 18151, 12540, '23:43:00', '23:43:00', 20 );
INSERT INTO "times" VALUES ( 18151, 12550, '23:45:00', '23:45:00', 20 );
INSERT INTO "times" VALUES ( 18151, 12560, '23:47:00', '23:47:00', 20 );
INSERT INTO "times" VALUES ( 18151, 12570, '23:48:00', '23:48:00', 20 );
INSERT INTO "times" VALUES ( 18151, 12580, '23:50:00', '23:50:00', 20 );
INSERT INTO "times" VALUES ( 18151, 12590, '23:51:00', '23:51:00', 20 );
INSERT INTO "times" VALUES ( 18151, 12600, '23:53:00', '23:53:00', 20 );
INSERT INTO "times" VALUES ( 18151, 12610, '23:54:00', '23:57:00', 20 );
INSERT INTO "times" VALUES ( 18151, 12620, '23:58:00', '23:58:00', 20 );
INSERT INTO "times" VALUES ( 18151, 12630, '00:00:00', '00:00:00', 20 );
INSERT INTO "times" VALUES ( 18151, 12640, '00:02:00', '00:02:00', 20 );
INSERT INTO "times" VALUES ( 18151, 12650, '00:03:00', '00:03:00', 20 );
INSERT INTO "times" VALUES ( 18151, 12660, '00:05:00', NULL, NULL );

INSERT INTO "dias" VALUES ( 18152, 100, FALSE, TRUE, 'R2303B', 12660, 11510 );
INSERT INTO "dias_line_groups" VALUES ( 18152, 10 );
INSERT INTO "times" VALUES ( 18152, 11510, '00:08:00', NULL, NULL );
INSERT INTO "times" VALUES ( 18152, 11520, '00:06:00', '00:06:00', 10 );
INSERT INTO "times" VALUES ( 18152, 11530, '00:04:00', '00:04:00', 10 );
INSERT INTO "times" VALUES ( 18152, 11540, '00:03:00', '00:03:00', 10 );
INSERT INTO "times" VALUES ( 18152, 12530, '00:01:00', '00:01:00', 10 );
INSERT INTO "times" VALUES ( 18152, 12540, '23:56:00', '23:58:00', 20 );
INSERT INTO "times" VALUES ( 18152, 12550, '23:54:00', '23:54:00', 20 );
INSERT INTO "times" VALUES ( 18152, 12560, '23:52:00', '23:52:00', 20 );
INSERT INTO "times" VALUES ( 18152, 12570, '23:51:00', '23:51:00', 20 );
INSERT INTO "times" VALUES ( 18152, 12580, '23:49:00', '23:49:00', 20 );
INSERT INTO "times" VALUES ( 18152, 12590, '23:48:00', '23:48:00', 20 );
INSERT INTO "times" VALUES ( 18152, 12600, '23:47:00', '23:47:00', 20 );
INSERT INTO "times" VALUES ( 18152, 12610, '23:44:00', '23:46:00', 20 );
INSERT INTO "times" VALUES ( 18152, 12620, '23:43:00', '23:43:00', 20 );
INSERT INTO "times" VALUES ( 18152, 12630, '23:41:00', '23:41:00', 20 );
INSERT INTO "times" VALUES ( 18152, 12640, '23:40:00', '23:40:00', 20 );
INSERT INTO "times" VALUES ( 18152, 12650, '23:38:00', '23:38:00', 20 );
INSERT INTO "times" VALUES ( 18152, 12660, NULL, '23:37:00', 20 );

INSERT INTO "dias" VALUES ( 18153, 100, FALSE, TRUE, 'R2304N', 11510, 12660 );
INSERT INTO "dias_line_groups" VALUES ( 18153, 10 );
INSERT INTO "times" VALUES ( 18153, 11510, NULL, '23:45:00', 10 );
INSERT INTO "times" VALUES ( 18153, 11520, '23:46:00', '23:46:00', 10 );
INSERT INTO "times" VALUES ( 18153, 11530, '23:48:00', '23:48:00', 10 );
INSERT INTO "times" VALUES ( 18153, 11540, '23:50:00', '23:50:00', 10 );
INSERT INTO "times" VALUES ( 18153, 12530, '23:52:00', '23:52:00', 20 );
INSERT INTO "times" VALUES ( 18153, 12540, '23:55:00', '23:55:00', 20 );
INSERT INTO "times" VALUES ( 18153, 12550, '23:57:00', '23:57:00', 20 );
INSERT INTO "times" VALUES ( 18153, 12560, '23:59:00', '23:59:00', 20 );
INSERT INTO "times" VALUES ( 18153, 12570, '00:00:00', '00:00:00', 20 );
INSERT INTO "times" VALUES ( 18153, 12580, '00:02:00', '00:02:00', 20 );
INSERT INTO "times" VALUES ( 18153, 12590, '00:03:00', '00:03:00', 20 );
INSERT INTO "times" VALUES ( 18153, 12600, '00:04:00', '00:04:00', 20 );
INSERT INTO "times" VALUES ( 18153, 12610, '00:06:00', '00:08:00', 20 );
INSERT INTO "times" VALUES ( 18153, 12620, '00:09:00', '00:09:00', 20 );
INSERT INTO "times" VALUES ( 18153, 12630, '00:10:00', '00:10:00', 20 );
INSERT INTO "times" VALUES ( 18153, 12640, '00:12:00', '00:12:00', 20 );
INSERT INTO "times" VALUES ( 18153, 12650, '00:14:00', '00:14:00', 20 );
INSERT INTO "times" VALUES ( 18153, 12660, '00:15:00', NULL, NULL );

INSERT INTO "dias" VALUES ( 18154, 100, FALSE, TRUE, 'R2306K', 11510, 12680 );
INSERT INTO "dias_line_groups" VALUES ( 18154, 10 );
INSERT INTO "times" VALUES ( 18154, 11510, NULL, '23:54:00', 10 );
INSERT INTO "times" VALUES ( 18154, 11520, '23:55:00', '23:55:00', 10 );
INSERT INTO "times" VALUES ( 18154, 11530, '23:57:00', '23:57:00', 10 );
INSERT INTO "times" VALUES ( 18154, 11540, '23:59:00', '23:59:00', 10 );
INSERT INTO "times" VALUES ( 18154, 12530, '00:01:00', '00:01:00', 20 );
INSERT INTO "times" VALUES ( 18154, 12540, '00:04:00', '00:04:00', 20 );
INSERT INTO "times" VALUES ( 18154, 12550, '00:06:00', '00:06:00', 20 );
INSERT INTO "times" VALUES ( 18154, 12560, '00:08:00', '00:08:00', 20 );
INSERT INTO "times" VALUES ( 18154, 12570, '00:09:00', '00:09:00', 20 );
INSERT INTO "times" VALUES ( 18154, 12580, '00:11:00', '00:11:00', 20 );
INSERT INTO "times" VALUES ( 18154, 12590, '00:12:00', '00:12:00', 20 );
INSERT INTO "times" VALUES ( 18154, 12600, '00:13:00', '00:13:00', 20 );
INSERT INTO "times" VALUES ( 18154, 12610, '00:15:00', '00:16:00', 20 );
INSERT INTO "times" VALUES ( 18154, 12620, '00:18:00', '00:18:00', 20 );
INSERT INTO "times" VALUES ( 18154, 12630, '00:19:00', '00:19:00', 20 );
INSERT INTO "times" VALUES ( 18154, 12640, '00:21:00', '00:21:00', 20 );
INSERT INTO "times" VALUES ( 18154, 12650, '00:22:00', '00:22:00', 20 );
INSERT INTO "times" VALUES ( 18154, 12660, '00:25:00', '00:25:00', 20 );
INSERT INTO "times" VALUES ( 18154, 12670, '00:28:00', '00:28:00', 20 );
INSERT INTO "times" VALUES ( 18154, 12680, '00:31:00', NULL, NULL );

INSERT INTO "dias" VALUES ( 18155, 100, FALSE, TRUE, 'R2400N', 12510, 12660 );
INSERT INTO "dias_line_groups" VALUES ( 18155, 10 );
INSERT INTO "times" VALUES ( 18155, 12510, NULL, '00:07:00', 20 );
INSERT INTO "times" VALUES ( 18155, 12520, '00:09:00', '00:09:00', 20 );
INSERT INTO "times" VALUES ( 18155, 12530, '00:11:00', '00:11:00', 20 );
INSERT INTO "times" VALUES ( 18155, 12540, '00:14:00', '00:14:00', 20 );
INSERT INTO "times" VALUES ( 18155, 12550, '00:16:00', '00:16:00', 20 );
INSERT INTO "times" VALUES ( 18155, 12560, '00:17:00', '00:17:00', 20 );
INSERT INTO "times" VALUES ( 18155, 12570, '00:19:00', '00:19:00', 20 );
INSERT INTO "times" VALUES ( 18155, 12580, '00:20:00', '00:20:00', 20 );
INSERT INTO "times" VALUES ( 18155, 12590, '00:21:00', '00:21:00', 20 );
INSERT INTO "times" VALUES ( 18155, 12600, '00:22:00', '00:22:00', 20 );
INSERT INTO "times" VALUES ( 18155, 12610, '00:25:00', '00:25:00', 20 );
INSERT INTO "times" VALUES ( 18155, 12620, '00:26:00', '00:26:00', 20 );
INSERT INTO "times" VALUES ( 18155, 12630, '00:28:00', '00:28:00', 20 );
INSERT INTO "times" VALUES ( 18155, 12640, '00:29:00', '00:29:00', 20 );
INSERT INTO "times" VALUES ( 18155, 12650, '00:31:00', '00:31:00', 20 );
INSERT INTO "times" VALUES ( 18155, 12660, '00:33:00', NULL, NULL );

INSERT INTO "dias" VALUES ( 18156, 100, FALSE, TRUE, 'R2402N', 11510, 12660 );
INSERT INTO "dias_line_groups" VALUES ( 18156, 10 );
INSERT INTO "times" VALUES ( 18156, 11510, NULL, '00:12:00', 10 );
INSERT INTO "times" VALUES ( 18156, 11520, '00:13:00', '00:13:00', 10 );
INSERT INTO "times" VALUES ( 18156, 11530, '00:15:00', '00:15:00', 10 );
INSERT INTO "times" VALUES ( 18156, 11540, '00:17:00', '00:17:00', 10 );
INSERT INTO "times" VALUES ( 18156, 12530, '00:19:00', '00:19:00', 20 );
INSERT INTO "times" VALUES ( 18156, 12540, '00:22:00', '00:22:00', 20 );
INSERT INTO "times" VALUES ( 18156, 12550, '00:24:00', '00:24:00', 20 );
INSERT INTO "times" VALUES ( 18156, 12560, '00:26:00', '00:26:00', 20 );
INSERT INTO "times" VALUES ( 18156, 12570, '00:27:00', '00:27:00', 20 );
INSERT INTO "times" VALUES ( 18156, 12580, '00:28:00', '00:28:00', 20 );
INSERT INTO "times" VALUES ( 18156, 12590, '00:30:00', '00:30:00', 20 );
INSERT INTO "times" VALUES ( 18156, 12600, '00:31:00', '00:31:00', 20 );
INSERT INTO "times" VALUES ( 18156, 12610, '00:33:00', '00:33:00', 20 );
INSERT INTO "times" VALUES ( 18156, 12620, '00:34:00', '00:34:00', 20 );
INSERT INTO "times" VALUES ( 18156, 12630, '00:36:00', '00:36:00', 20 );
INSERT INTO "times" VALUES ( 18156, 12640, '00:37:00', '00:37:00', 20 );
INSERT INTO "times" VALUES ( 18156, 12650, '00:39:00', '00:39:00', 20 );
INSERT INTO "times" VALUES ( 18156, 12660, '00:41:00', NULL, NULL );

INSERT INTO "dias" VALUES ( 18157, 100, FALSE, TRUE, 'R2404N', 12510, 12660 );
INSERT INTO "dias_line_groups" VALUES ( 18157, 10 );
INSERT INTO "times" VALUES ( 18157, 12510, NULL, '00:22:00', 20 );
INSERT INTO "times" VALUES ( 18157, 12520, '00:23:00', '00:23:00', 20 );
INSERT INTO "times" VALUES ( 18157, 12530, '00:25:00', '00:25:00', 20 );
INSERT INTO "times" VALUES ( 18157, 12540, '00:28:00', '00:28:00', 20 );
INSERT INTO "times" VALUES ( 18157, 12550, '00:30:00', '00:30:00', 20 );
INSERT INTO "times" VALUES ( 18157, 12560, '00:32:00', '00:32:00', 20 );
INSERT INTO "times" VALUES ( 18157, 12570, '00:33:00', '00:33:00', 20 );
INSERT INTO "times" VALUES ( 18157, 12580, '00:34:00', '00:34:00', 20 );
INSERT INTO "times" VALUES ( 18157, 12590, '00:36:00', '00:36:00', 20 );
INSERT INTO "times" VALUES ( 18157, 12600, '00:37:00', '00:37:00', 20 );
INSERT INTO "times" VALUES ( 18157, 12610, '00:39:00', '00:39:00', 20 );
INSERT INTO "times" VALUES ( 18157, 12620, '00:40:00', '00:40:00', 20 );
INSERT INTO "times" VALUES ( 18157, 12630, '00:41:00', '00:41:00', 20 );
INSERT INTO "times" VALUES ( 18157, 12640, '00:43:00', '00:43:00', 20 );
INSERT INTO "times" VALUES ( 18157, 12650, '00:45:00', '00:45:00', 20 );
INSERT INTO "times" VALUES ( 18157, 12660, '00:46:00', NULL, NULL );

INSERT INTO "dias" VALUES ( 18158, 100, FALSE, TRUE, 'S0500Z', 12770, 13520 );
INSERT INTO "dias_line_groups" VALUES ( 18158, 10 );
INSERT INTO "times" VALUES ( 18158, 12770, NULL, '05:00:00', 20 );
INSERT INTO "times" VALUES ( 18158, 12780, '05:05:00', '05:05:00', 20 );
INSERT INTO "times" VALUES ( 18158, 12790, '05:06:00', '05:06:00', 20 );
INSERT INTO "times" VALUES ( 18158, 12800, '05:08:00', '05:08:00', 20 );
INSERT INTO "times" VALUES ( 18158, 12810, '05:09:00', '05:09:00', 20 );
INSERT INTO "times" VALUES ( 18158, 12820, '05:11:00', '05:11:00', 20 );
INSERT INTO "times" VALUES ( 18158, 12830, '05:13:00', '05:13:00', 20 );
INSERT INTO "times" VALUES ( 18158, 12840, '05:14:00', '05:14:00', 20 );
INSERT INTO "times" VALUES ( 18158, 12850, '05:16:00', '05:16:00', 20 );
INSERT INTO "times" VALUES ( 18158, 12860, '05:17:00', '05:17:00', 20 );
INSERT INTO "times" VALUES ( 18158, 12870, '05:19:00', '05:19:00', 20 );
INSERT INTO "times" VALUES ( 18158, 12880, '05:21:00', '05:21:00', 20 );
INSERT INTO "times" VALUES ( 18158, 12890, '05:23:00', '05:23:00', 20 );
INSERT INTO "times" VALUES ( 18158, 12900, '05:25:00', '05:25:00', 20 );
INSERT INTO "times" VALUES ( 18158, 13510, '05:26:00', '05:26:00', 30 );
INSERT INTO "times" VALUES ( 18158, 13520, '05:29:00', NULL, NULL );

INSERT INTO "dias" VALUES ( 18159, 100, FALSE, TRUE, 'S0502Z', 12770, 13520 );
INSERT INTO "dias_line_groups" VALUES ( 18159, 10 );
INSERT INTO "times" VALUES ( 18159, 12770, NULL, '05:07:00', 20 );
INSERT INTO "times" VALUES ( 18159, 12780, '05:11:00', '05:12:00', 20 );
INSERT INTO "times" VALUES ( 18159, 12790, '05:13:00', '05:13:00', 20 );
INSERT INTO "times" VALUES ( 18159, 12800, '05:15:00', '05:15:00', 20 );
INSERT INTO "times" VALUES ( 18159, 12810, '05:17:00', '05:17:00', 20 );
INSERT INTO "times" VALUES ( 18159, 12820, '05:19:00', '05:19:00', 20 );
INSERT INTO "times" VALUES ( 18159, 12830, '05:21:00', '05:21:00', 20 );
INSERT INTO "times" VALUES ( 18159, 12840, '05:22:00', '05:22:00', 20 );
INSERT INTO "times" VALUES ( 18159, 12850, '05:23:00', '05:23:00', 20 );
INSERT INTO "times" VALUES ( 18159, 12860, '05:25:00', '05:25:00', 20 );
INSERT INTO "times" VALUES ( 18159, 12870, '05:27:00', '05:27:00', 20 );
INSERT INTO "times" VALUES ( 18159, 12880, '05:28:00', '05:28:00', 20 );
INSERT INTO "times" VALUES ( 18159, 12890, '05:30:00', '05:30:00', 20 );
INSERT INTO "times" VALUES ( 18159, 12900, '05:32:00', '05:32:00', 20 );
INSERT INTO "times" VALUES ( 18159, 13510, '05:34:00', '05:34:00', 30 );
INSERT INTO "times" VALUES ( 18159, 13520, '05:36:00', NULL, NULL );

INSERT INTO "dias" VALUES ( 18160, 100, FALSE, TRUE, 'S0504Z', 12900, 13520 );
INSERT INTO "dias_line_groups" VALUES ( 18160, 10 );
INSERT INTO "times" VALUES ( 18160, 12900, NULL, '05:07:00', 20 );
INSERT INTO "times" VALUES ( 18160, 13510, '05:09:00', '05:09:00', 30 );
INSERT INTO "times" VALUES ( 18160, 13520, '05:11:00', NULL, NULL );

INSERT INTO "dias" VALUES ( 18161, 100, FALSE, TRUE, 'S0506Z', 12770, 13520 );
INSERT INTO "dias_line_groups" VALUES ( 18161, 10 );
INSERT INTO "times" VALUES ( 18161, 12770, NULL, '05:19:00', 20 );
INSERT INTO "times" VALUES ( 18161, 12780, '05:23:00', '05:23:00', 20 );
INSERT INTO "times" VALUES ( 18161, 12790, '05:25:00', '05:25:00', 20 );
INSERT INTO "times" VALUES ( 18161, 12800, '05:27:00', '05:27:00', 20 );
INSERT INTO "times" VALUES ( 18161, 12810, '05:28:00', '05:28:00', 20 );
INSERT INTO "times" VALUES ( 18161, 12820, '05:30:00', '05:30:00', 20 );
INSERT INTO "times" VALUES ( 18161, 12830, '05:32:00', '05:32:00', 20 );
INSERT INTO "times" VALUES ( 18161, 12840, '05:33:00', '05:33:00', 20 );
INSERT INTO "times" VALUES ( 18161, 12850, '05:35:00', '05:35:00', 20 );
INSERT INTO "times" VALUES ( 18161, 12860, '05:36:00', '05:36:00', 20 );
INSERT INTO "times" VALUES ( 18161, 12870, '05:38:00', '05:38:00', 20 );
INSERT INTO "times" VALUES ( 18161, 12880, '05:40:00', '05:40:00', 20 );
INSERT INTO "times" VALUES ( 18161, 12890, '05:42:00', '05:42:00', 20 );
INSERT INTO "times" VALUES ( 18161, 12900, '05:44:00', '05:44:00', 20 );
INSERT INTO "times" VALUES ( 18161, 13510, '05:45:00', '05:45:00', 30 );
INSERT INTO "times" VALUES ( 18161, 13520, '05:48:00', NULL, NULL );

INSERT INTO "dias" VALUES ( 18162, 100, FALSE, TRUE, 'S0508Z', 12770, 13520 );
INSERT INTO "dias_line_groups" VALUES ( 18162, 10 );
INSERT INTO "times" VALUES ( 18162, 12770, NULL, '05:40:00', 20 );
INSERT INTO "times" VALUES ( 18162, 12780, '05:44:00', '05:44:00', 20 );
INSERT INTO "times" VALUES ( 18162, 12790, '05:46:00', '05:46:00', 20 );
INSERT INTO "times" VALUES ( 18162, 12800, '05:48:00', '05:48:00', 20 );
INSERT INTO "times" VALUES ( 18162, 12810, '05:49:00', '05:49:00', 20 );
INSERT INTO "times" VALUES ( 18162, 12820, '05:51:00', '05:51:00', 20 );
INSERT INTO "times" VALUES ( 18162, 12830, '05:53:00', '05:53:00', 20 );
INSERT INTO "times" VALUES ( 18162, 12840, '05:54:00', '05:54:00', 20 );
INSERT INTO "times" VALUES ( 18162, 12850, '05:56:00', '05:56:00', 20 );
INSERT INTO "times" VALUES ( 18162, 12860, '05:57:00', '05:57:00', 20 );
INSERT INTO "times" VALUES ( 18162, 12870, '05:59:00', '05:59:00', 20 );
INSERT INTO "times" VALUES ( 18162, 12880, '06:01:00', '06:01:00', 20 );
INSERT INTO "times" VALUES ( 18162, 12890, '06:03:00', '06:03:00', 20 );
INSERT INTO "times" VALUES ( 18162, 12900, '06:05:00', '06:05:00', 20 );
INSERT INTO "times" VALUES ( 18162, 13510, '06:06:00', '06:06:00', 30 );
INSERT INTO "times" VALUES ( 18162, 13520, '06:09:00', NULL, NULL );

INSERT INTO "dias" VALUES ( 18163, 100, FALSE, TRUE, 'S0600Z', 12770, 13520 );
INSERT INTO "dias_line_groups" VALUES ( 18163, 10 );
INSERT INTO "times" VALUES ( 18163, 12770, NULL, '06:19:00', 20 );
INSERT INTO "times" VALUES ( 18163, 12780, '06:24:00', '06:24:00', 20 );
INSERT INTO "times" VALUES ( 18163, 12790, '06:25:00', '06:25:00', 20 );
INSERT INTO "times" VALUES ( 18163, 12800, '06:27:00', '06:27:00', 20 );
INSERT INTO "times" VALUES ( 18163, 12810, '06:29:00', '06:29:00', 20 );
INSERT INTO "times" VALUES ( 18163, 12820, '06:30:00', '06:30:00', 20 );
INSERT INTO "times" VALUES ( 18163, 12830, '06:32:00', '06:32:00', 20 );
INSERT INTO "times" VALUES ( 18163, 12840, '06:33:00', '06:33:00', 20 );
INSERT INTO "times" VALUES ( 18163, 12850, '06:35:00', '06:35:00', 20 );
INSERT INTO "times" VALUES ( 18163, 12860, '06:36:00', '06:36:00', 20 );
INSERT INTO "times" VALUES ( 18163, 12870, '06:38:00', '06:38:00', 20 );
INSERT INTO "times" VALUES ( 18163, 12880, '06:40:00', '06:40:00', 20 );
INSERT INTO "times" VALUES ( 18163, 12890, '06:42:00', '06:42:00', 20 );
INSERT INTO "times" VALUES ( 18163, 12900, '06:44:00', '06:44:00', 20 );
INSERT INTO "times" VALUES ( 18163, 13510, '06:46:00', '06:46:00', 30 );
INSERT INTO "times" VALUES ( 18163, 13520, '06:48:00', NULL, NULL );

INSERT INTO "dias" VALUES ( 18164, 100, FALSE, TRUE, 'S0700Z', 12900, 13520 );
INSERT INTO "dias_line_groups" VALUES ( 18164, 10 );
INSERT INTO "times" VALUES ( 18164, 12900, NULL, '07:32:00', 20 );
INSERT INTO "times" VALUES ( 18164, 13510, '07:34:00', '07:34:00', 30 );
INSERT INTO "times" VALUES ( 18164, 13520, '07:37:00', NULL, NULL );

INSERT INTO "dias" VALUES ( 18165, 100, FALSE, TRUE, 'S0701Y', 13520, 12770 );
INSERT INTO "dias_line_groups" VALUES ( 18165, 10 );
INSERT INTO "times" VALUES ( 18165, 12770, '08:24:00', NULL, NULL );
INSERT INTO "times" VALUES ( 18165, 12780, '08:20:00', '08:20:00', 20 );
INSERT INTO "times" VALUES ( 18165, 12790, '08:18:00', '08:18:00', 20 );
INSERT INTO "times" VALUES ( 18165, 12800, '08:12:00', '08:16:00', 20 );
INSERT INTO "times" VALUES ( 18165, 12810, '08:10:00', '08:10:00', 20 );
INSERT INTO "times" VALUES ( 18165, 12820, '08:08:00', '08:08:00', 20 );
INSERT INTO "times" VALUES ( 18165, 12830, '08:07:00', '08:07:00', 20 );
INSERT INTO "times" VALUES ( 18165, 12840, '08:05:00', '08:05:00', 20 );
INSERT INTO "times" VALUES ( 18165, 12850, '08:03:00', '08:03:00', 20 );
INSERT INTO "times" VALUES ( 18165, 12860, '08:01:00', '08:01:00', 20 );
INSERT INTO "times" VALUES ( 18165, 12870, '08:00:00', '08:00:00', 20 );
INSERT INTO "times" VALUES ( 18165, 12880, '07:58:00', '07:58:00', 20 );
INSERT INTO "times" VALUES ( 18165, 12890, '07:56:00', '07:56:00', 20 );
INSERT INTO "times" VALUES ( 18165, 12900, '07:50:00', '07:55:00', 20 );
INSERT INTO "times" VALUES ( 18165, 13510, '07:48:00', '07:48:00', 30 );
INSERT INTO "times" VALUES ( 18165, 13520, NULL, '07:46:00', 30 );

INSERT INTO "dias" VALUES ( 18166, 100, FALSE, TRUE, 'S2201Y', 13520, 12770 );
INSERT INTO "dias_line_groups" VALUES ( 18166, 10 );
INSERT INTO "times" VALUES ( 18166, 12770, '22:38:00', NULL, NULL );
INSERT INTO "times" VALUES ( 18166, 12780, '22:33:00', '22:33:00', 20 );
INSERT INTO "times" VALUES ( 18166, 12790, '22:31:00', '22:31:00', 20 );
INSERT INTO "times" VALUES ( 18166, 12800, '22:26:00', '22:29:00', 20 );
INSERT INTO "times" VALUES ( 18166, 12810, '22:23:00', '22:23:00', 20 );
INSERT INTO "times" VALUES ( 18166, 12820, '22:22:00', '22:22:00', 20 );
INSERT INTO "times" VALUES ( 18166, 12830, '22:21:00', '22:21:00', 20 );
INSERT INTO "times" VALUES ( 18166, 12840, '22:19:00', '22:19:00', 20 );
INSERT INTO "times" VALUES ( 18166, 12850, '22:17:00', '22:17:00', 20 );
INSERT INTO "times" VALUES ( 18166, 12860, '22:15:00', '22:15:00', 20 );
INSERT INTO "times" VALUES ( 18166, 12870, '22:13:00', '22:13:00', 20 );
INSERT INTO "times" VALUES ( 18166, 12880, '22:12:00', '22:12:00', 20 );
INSERT INTO "times" VALUES ( 18166, 12890, '22:10:00', '22:10:00', 20 );
INSERT INTO "times" VALUES ( 18166, 12900, '22:05:00', '22:08:00', 20 );
INSERT INTO "times" VALUES ( 18166, 13510, '22:03:00', '22:03:00', 30 );
INSERT INTO "times" VALUES ( 18166, 13520, NULL, '22:01:00', 30 );

INSERT INTO "dias" VALUES ( 18167, 100, FALSE, TRUE, 'S2203Y', 13520, 12770 );
INSERT INTO "dias_line_groups" VALUES ( 18167, 10 );
INSERT INTO "times" VALUES ( 18167, 12770, '23:28:00', NULL, NULL );
INSERT INTO "times" VALUES ( 18167, 12780, '23:23:00', '23:23:00', 20 );
INSERT INTO "times" VALUES ( 18167, 12790, '23:21:00', '23:21:00', 20 );
INSERT INTO "times" VALUES ( 18167, 12800, '23:15:00', '23:19:00', 20 );
INSERT INTO "times" VALUES ( 18167, 12810, '23:13:00', '23:13:00', 20 );
INSERT INTO "times" VALUES ( 18167, 12820, '23:11:00', '23:11:00', 20 );
INSERT INTO "times" VALUES ( 18167, 12830, '23:10:00', '23:10:00', 20 );
INSERT INTO "times" VALUES ( 18167, 12840, '23:08:00', '23:08:00', 20 );
INSERT INTO "times" VALUES ( 18167, 12850, '23:06:00', '23:06:00', 20 );
INSERT INTO "times" VALUES ( 18167, 12860, '23:05:00', '23:05:00', 20 );
INSERT INTO "times" VALUES ( 18167, 12870, '23:03:00', '23:03:00', 20 );
INSERT INTO "times" VALUES ( 18167, 12880, '23:01:00', '23:01:00', 20 );
INSERT INTO "times" VALUES ( 18167, 12890, '22:59:00', '22:59:00', 20 );
INSERT INTO "times" VALUES ( 18167, 12900, '22:53:00', '22:58:00', 20 );
INSERT INTO "times" VALUES ( 18167, 13510, '22:51:00', '22:51:00', 30 );
INSERT INTO "times" VALUES ( 18167, 13520, NULL, '22:49:00', 30 );

INSERT INTO "dias" VALUES ( 18168, 100, FALSE, TRUE, 'S2400Z', 12900, 13520 );
INSERT INTO "dias_line_groups" VALUES ( 18168, 10 );
INSERT INTO "times" VALUES ( 18168, 12900, NULL, '00:31:00', 20 );
INSERT INTO "times" VALUES ( 18168, 13510, '00:33:00', '00:33:00', 30 );
INSERT INTO "times" VALUES ( 18168, 13520, '00:35:00', NULL, NULL );

INSERT INTO "dias" VALUES ( 18169, 100, FALSE, TRUE, 'S2401Y', 13520, 12770 );
INSERT INTO "dias_line_groups" VALUES ( 18169, 10 );
INSERT INTO "times" VALUES ( 18169, 12770, '00:48:00', NULL, NULL );
INSERT INTO "times" VALUES ( 18169, 12780, '00:44:00', '00:44:00', 20 );
INSERT INTO "times" VALUES ( 18169, 12790, '00:42:00', '00:42:00', 20 );
INSERT INTO "times" VALUES ( 18169, 12800, '00:40:00', '00:40:00', 20 );
INSERT INTO "times" VALUES ( 18169, 12810, '00:38:00', '00:38:00', 20 );
INSERT INTO "times" VALUES ( 18169, 12820, '00:36:00', '00:36:00', 20 );
INSERT INTO "times" VALUES ( 18169, 12830, '00:35:00', '00:35:00', 20 );
INSERT INTO "times" VALUES ( 18169, 12840, '00:33:00', '00:33:00', 20 );
INSERT INTO "times" VALUES ( 18169, 12850, '00:32:00', '00:32:00', 20 );
INSERT INTO "times" VALUES ( 18169, 12860, '00:30:00', '00:30:00', 20 );
INSERT INTO "times" VALUES ( 18169, 12870, '00:28:00', '00:28:00', 20 );
INSERT INTO "times" VALUES ( 18169, 12880, '00:26:00', '00:26:00', 20 );
INSERT INTO "times" VALUES ( 18169, 12890, '00:25:00', '00:25:00', 20 );
INSERT INTO "times" VALUES ( 18169, 12900, '00:23:00', '00:23:00', 20 );
INSERT INTO "times" VALUES ( 18169, 13510, '00:21:00', '00:21:00', 30 );
INSERT INTO "times" VALUES ( 18169, 13520, NULL, '00:19:00', 30 );

INSERT INTO "dias" VALUES ( 18170, 896, FALSE, TRUE, 'X0950U', 12510, 15510 );
INSERT INTO "dias_line_groups" VALUES ( 18170, 10 );
INSERT INTO "dias_line_groups" VALUES ( 18170, 30 );
INSERT INTO "times" VALUES ( 18170, 12510, NULL, '09:35:00', 20 );
INSERT INTO "times" VALUES ( 18170, 12520, '09:36:00', '09:36:00', 20 );
INSERT INTO "times" VALUES ( 18170, 12530, '09:39:00', '09:39:00', 20 );
INSERT INTO "times" VALUES ( 18170, 12540, '09:42:00', '09:42:00', 20 );
INSERT INTO "times" VALUES ( 18170, 12740, '10:06:00', '10:06:00', 20 );
INSERT INTO "times" VALUES ( 18170, 12780, '10:18:00', '10:19:00', 20 );
INSERT INTO "times" VALUES ( 18170, 15510, '10:34:00', NULL, NULL );
INSERT INTO "times" VALUES ( 18170, 15520, '10:32:00', '10:32:00', 50 );
INSERT INTO "times" VALUES ( 18170, 15530, '10:30:00', '10:30:00', 50 );
INSERT INTO "times" VALUES ( 18170, 15540, '10:27:00', '10:27:00', 50 );
INSERT INTO "times" VALUES ( 18170, 15550, '10:25:00', '10:25:00', 50 );
INSERT INTO "times" VALUES ( 18170, 15560, '10:24:00', '10:24:00', 50 );
INSERT INTO "times" VALUES ( 18170, 15570, '10:21:00', '10:21:00', 50 );

INSERT INTO "dias" VALUES ( 18171, 896, FALSE, TRUE, 'X1551A', 15510, 12510 );
INSERT INTO "dias_line_groups" VALUES ( 18171, 10 );
INSERT INTO "dias_line_groups" VALUES ( 18171, 30 );
INSERT INTO "times" VALUES ( 18171, 12510, '16:25:00', NULL, NULL );
INSERT INTO "times" VALUES ( 18171, 12520, '16:22:00', '16:22:00', 20 );
INSERT INTO "times" VALUES ( 18171, 12530, '16:21:00', '16:21:00', 20 );
INSERT INTO "times" VALUES ( 18171, 12540, '16:17:00', '16:17:00', 20 );
INSERT INTO "times" VALUES ( 18171, 12740, '15:56:00', '15:56:00', 20 );
INSERT INTO "times" VALUES ( 18171, 12780, '15:41:00', '15:43:00', 20 );
INSERT INTO "times" VALUES ( 18171, 15510, NULL, '15:26:00', 50 );
INSERT INTO "times" VALUES ( 18171, 15520, '15:27:00', '15:27:00', 50 );
INSERT INTO "times" VALUES ( 18171, 15530, '15:29:00', '15:29:00', 50 );
INSERT INTO "times" VALUES ( 18171, 15540, '15:32:00', '15:32:00', 50 );
INSERT INTO "times" VALUES ( 18171, 15550, '15:34:00', '15:34:00', 50 );
INSERT INTO "times" VALUES ( 18171, 15560, '15:36:00', '15:36:00', 50 );
INSERT INTO "times" VALUES ( 18171, 15570, '15:38:00', '15:38:00', 50 );

INSERT INTO "dias" VALUES ( 18172, 100, FALSE, TRUE, 'T0500H', 14510, 12710 );
INSERT INTO "dias_line_groups" VALUES ( 18172, 20 );
INSERT INTO "times" VALUES ( 18172, 12710, '05:27:00', NULL, NULL );
INSERT INTO "times" VALUES ( 18172, 14510, NULL, '05:15:00', 40 );
INSERT INTO "times" VALUES ( 18172, 14520, '05:16:00', '05:16:00', 40 );
INSERT INTO "times" VALUES ( 18172, 14530, '05:19:00', '05:19:00', 40 );
INSERT INTO "times" VALUES ( 18172, 14540, '05:20:00', '05:20:00', 40 );
INSERT INTO "times" VALUES ( 18172, 14550, '05:22:00', '05:22:00', 40 );
INSERT INTO "times" VALUES ( 18172, 14560, '05:24:00', '05:24:00', 40 );
INSERT INTO "times" VALUES ( 18172, 14570, '05:25:00', '05:25:00', 40 );

INSERT INTO "dias" VALUES ( 18173, 100, FALSE, TRUE, 'T0501W', 12710, 14510 );
INSERT INTO "dias_line_groups" VALUES ( 18173, 20 );
INSERT INTO "times" VALUES ( 18173, 12710, NULL, '05:00:00', 40 );
INSERT INTO "times" VALUES ( 18173, 14510, '05:12:00', NULL, NULL );
INSERT INTO "times" VALUES ( 18173, 14520, '05:10:00', '05:10:00', 40 );
INSERT INTO "times" VALUES ( 18173, 14530, '05:08:00', '05:08:00', 40 );
INSERT INTO "times" VALUES ( 18173, 14540, '05:06:00', '05:06:00', 40 );
INSERT INTO "times" VALUES ( 18173, 14550, '05:04:00', '05:04:00', 40 );
INSERT INTO "times" VALUES ( 18173, 14560, '05:03:00', '05:03:00', 40 );
INSERT INTO "times" VALUES ( 18173, 14570, '05:01:00', '05:01:00', 40 );

INSERT INTO "dias" VALUES ( 18174, 100, FALSE, TRUE, 'T0502H', 14510, 12710 );
INSERT INTO "dias_line_groups" VALUES ( 18174, 20 );
INSERT INTO "times" VALUES ( 18174, 12710, '05:43:00', NULL, NULL );
INSERT INTO "times" VALUES ( 18174, 14510, NULL, '05:29:00', 40 );
INSERT INTO "times" VALUES ( 18174, 14520, '05:31:00', '05:31:00', 40 );
INSERT INTO "times" VALUES ( 18174, 14530, '05:33:00', '05:33:00', 40 );
INSERT INTO "times" VALUES ( 18174, 14540, '05:35:00', '05:35:00', 40 );
INSERT INTO "times" VALUES ( 18174, 14550, '05:37:00', '05:37:00', 40 );
INSERT INTO "times" VALUES ( 18174, 14560, '05:39:00', '05:39:00', 40 );
INSERT INTO "times" VALUES ( 18174, 14570, '05:40:00', '05:40:00', 40 );

INSERT INTO "dias" VALUES ( 18175, 100, FALSE, TRUE, 'T0503W', 12710, 14510 );
INSERT INTO "dias_line_groups" VALUES ( 18175, 20 );
INSERT INTO "times" VALUES ( 18175, 12710, NULL, '05:14:00', 40 );
INSERT INTO "times" VALUES ( 18175, 14510, '05:27:00', NULL, NULL );
INSERT INTO "times" VALUES ( 18175, 14520, '05:25:00', '05:25:00', 40 );
INSERT INTO "times" VALUES ( 18175, 14530, '05:22:00', '05:22:00', 40 );
INSERT INTO "times" VALUES ( 18175, 14540, '05:20:00', '05:20:00', 40 );
INSERT INTO "times" VALUES ( 18175, 14550, '05:19:00', '05:19:00', 40 );
INSERT INTO "times" VALUES ( 18175, 14560, '05:17:00', '05:17:00', 40 );
INSERT INTO "times" VALUES ( 18175, 14570, '05:16:00', '05:16:00', 40 );

INSERT INTO "dias" VALUES ( 18176, 100, FALSE, TRUE, 'T0504H', 14510, 12710 );
INSERT INTO "dias_line_groups" VALUES ( 18176, 20 );
INSERT INTO "times" VALUES ( 18176, 12710, '05:57:00', NULL, NULL );
INSERT INTO "times" VALUES ( 18176, 14510, NULL, '05:43:00', 40 );
INSERT INTO "times" VALUES ( 18176, 14520, '05:45:00', '05:45:00', 40 );
INSERT INTO "times" VALUES ( 18176, 14530, '05:47:00', '05:47:00', 40 );
INSERT INTO "times" VALUES ( 18176, 14540, '05:49:00', '05:49:00', 40 );
INSERT INTO "times" VALUES ( 18176, 14550, '05:51:00', '05:51:00', 40 );
INSERT INTO "times" VALUES ( 18176, 14560, '05:53:00', '05:53:00', 40 );
INSERT INTO "times" VALUES ( 18176, 14570, '05:54:00', '05:54:00', 40 );

INSERT INTO "dias" VALUES ( 18177, 100, FALSE, TRUE, 'T0505W', 12710, 14510 );
INSERT INTO "dias_line_groups" VALUES ( 18177, 20 );
INSERT INTO "times" VALUES ( 18177, 12710, NULL, '05:23:00', 40 );
INSERT INTO "times" VALUES ( 18177, 14510, '05:36:00', NULL, NULL );
INSERT INTO "times" VALUES ( 18177, 14520, '05:34:00', '05:34:00', 40 );
INSERT INTO "times" VALUES ( 18177, 14530, '05:32:00', '05:32:00', 40 );
INSERT INTO "times" VALUES ( 18177, 14540, '05:30:00', '05:30:00', 40 );
INSERT INTO "times" VALUES ( 18177, 14550, '05:28:00', '05:28:00', 40 );
INSERT INTO "times" VALUES ( 18177, 14560, '05:26:00', '05:26:00', 40 );
INSERT INTO "times" VALUES ( 18177, 14570, '05:25:00', '05:25:00', 40 );

INSERT INTO "dias" VALUES ( 18178, 100, FALSE, TRUE, 'T0506H', 14510, 12710 );
INSERT INTO "dias_line_groups" VALUES ( 18178, 20 );
INSERT INTO "times" VALUES ( 18178, 12710, '06:08:00', NULL, NULL );
INSERT INTO "times" VALUES ( 18178, 14510, NULL, '05:55:00', 40 );
INSERT INTO "times" VALUES ( 18178, 14520, '05:56:00', '05:56:00', 40 );
INSERT INTO "times" VALUES ( 18178, 14530, '05:59:00', '05:59:00', 40 );
INSERT INTO "times" VALUES ( 18178, 14540, '06:01:00', '06:01:00', 40 );
INSERT INTO "times" VALUES ( 18178, 14550, '06:03:00', '06:03:00', 40 );
INSERT INTO "times" VALUES ( 18178, 14560, '06:04:00', '06:04:00', 40 );
INSERT INTO "times" VALUES ( 18178, 14570, '06:06:00', '06:06:00', 40 );

INSERT INTO "dias" VALUES ( 18179, 100, FALSE, TRUE, 'T0507W', 12710, 14510 );
INSERT INTO "dias_line_groups" VALUES ( 18179, 20 );
INSERT INTO "times" VALUES ( 18179, 12710, NULL, '05:35:00', 40 );
INSERT INTO "times" VALUES ( 18179, 14510, '05:48:00', NULL, NULL );
INSERT INTO "times" VALUES ( 18179, 14520, '05:47:00', '05:47:00', 40 );
INSERT INTO "times" VALUES ( 18179, 14530, '05:44:00', '05:44:00', 40 );
INSERT INTO "times" VALUES ( 18179, 14540, '05:42:00', '05:42:00', 40 );
INSERT INTO "times" VALUES ( 18179, 14550, '05:40:00', '05:40:00', 40 );
INSERT INTO "times" VALUES ( 18179, 14560, '05:39:00', '05:39:00', 40 );
INSERT INTO "times" VALUES ( 18179, 14570, '05:37:00', '05:37:00', 40 );

INSERT INTO "dias" VALUES ( 18180, 100, FALSE, TRUE, 'T0509W', 12710, 14510 );
INSERT INTO "dias_line_groups" VALUES ( 18180, 20 );
INSERT INTO "times" VALUES ( 18180, 12710, NULL, '05:49:00', 40 );
INSERT INTO "times" VALUES ( 18180, 14510, '06:02:00', NULL, NULL );
INSERT INTO "times" VALUES ( 18180, 14520, '06:00:00', '06:00:00', 40 );
INSERT INTO "times" VALUES ( 18180, 14530, '05:58:00', '05:58:00', 40 );
INSERT INTO "times" VALUES ( 18180, 14540, '05:56:00', '05:56:00', 40 );
INSERT INTO "times" VALUES ( 18180, 14550, '05:54:00', '05:54:00', 40 );
INSERT INTO "times" VALUES ( 18180, 14560, '05:52:00', '05:52:00', 40 );
INSERT INTO "times" VALUES ( 18180, 14570, '05:51:00', '05:51:00', 40 );

INSERT INTO "dias" VALUES ( 18181, 100, FALSE, TRUE, 'T0600H', 14510, 12710 );
INSERT INTO "dias_line_groups" VALUES ( 18181, 20 );
INSERT INTO "times" VALUES ( 18181, 12710, '06:23:00', NULL, NULL );
INSERT INTO "times" VALUES ( 18181, 14510, NULL, '06:10:00', 40 );
INSERT INTO "times" VALUES ( 18181, 14520, '06:11:00', '06:11:00', 40 );
INSERT INTO "times" VALUES ( 18181, 14530, '06:14:00', '06:14:00', 40 );
INSERT INTO "times" VALUES ( 18181, 14540, '06:16:00', '06:16:00', 40 );
INSERT INTO "times" VALUES ( 18181, 14550, '06:18:00', '06:18:00', 40 );
INSERT INTO "times" VALUES ( 18181, 14560, '06:19:00', '06:19:00', 40 );
INSERT INTO "times" VALUES ( 18181, 14570, '06:21:00', '06:21:00', 40 );

INSERT INTO "dias" VALUES ( 18182, 100, FALSE, TRUE, 'T0601W', 12710, 14510 );
INSERT INTO "dias_line_groups" VALUES ( 18182, 20 );
INSERT INTO "times" VALUES ( 18182, 12710, NULL, '06:02:00', 40 );
INSERT INTO "times" VALUES ( 18182, 14510, '06:15:00', NULL, NULL );
INSERT INTO "times" VALUES ( 18182, 14520, '06:13:00', '06:13:00', 40 );
INSERT INTO "times" VALUES ( 18182, 14530, '06:11:00', '06:11:00', 40 );
INSERT INTO "times" VALUES ( 18182, 14540, '06:09:00', '06:09:00', 40 );
INSERT INTO "times" VALUES ( 18182, 14550, '06:07:00', '06:07:00', 40 );
INSERT INTO "times" VALUES ( 18182, 14560, '06:05:00', '06:05:00', 40 );
INSERT INTO "times" VALUES ( 18182, 14570, '06:04:00', '06:04:00', 40 );

INSERT INTO "dias" VALUES ( 18183, 100, FALSE, TRUE, 'T0602H', 14510, 12710 );
INSERT INTO "dias_line_groups" VALUES ( 18183, 20 );
INSERT INTO "times" VALUES ( 18183, 12710, '06:32:00', NULL, NULL );
INSERT INTO "times" VALUES ( 18183, 14510, NULL, '06:18:00', 40 );
INSERT INTO "times" VALUES ( 18183, 14520, '06:20:00', '06:20:00', 40 );
INSERT INTO "times" VALUES ( 18183, 14530, '06:23:00', '06:23:00', 40 );
INSERT INTO "times" VALUES ( 18183, 14540, '06:24:00', '06:24:00', 40 );
INSERT INTO "times" VALUES ( 18183, 14550, '06:26:00', '06:26:00', 40 );
INSERT INTO "times" VALUES ( 18183, 14560, '06:28:00', '06:28:00', 40 );
INSERT INTO "times" VALUES ( 18183, 14570, '06:30:00', '06:30:00', 40 );

INSERT INTO "dias" VALUES ( 18184, 100, FALSE, TRUE, 'T0603W', 12710, 14510 );
INSERT INTO "dias_line_groups" VALUES ( 18184, 20 );
INSERT INTO "times" VALUES ( 18184, 12710, NULL, '06:16:00', 40 );
INSERT INTO "times" VALUES ( 18184, 14510, '06:29:00', NULL, NULL );
INSERT INTO "times" VALUES ( 18184, 14520, '06:27:00', '06:27:00', 40 );
INSERT INTO "times" VALUES ( 18184, 14530, '06:25:00', '06:25:00', 40 );
INSERT INTO "times" VALUES ( 18184, 14540, '06:23:00', '06:23:00', 40 );
INSERT INTO "times" VALUES ( 18184, 14550, '06:21:00', '06:21:00', 40 );
INSERT INTO "times" VALUES ( 18184, 14560, '06:20:00', '06:20:00', 40 );
INSERT INTO "times" VALUES ( 18184, 14570, '06:18:00', '06:18:00', 40 );

INSERT INTO "dias" VALUES ( 18185, 100, FALSE, TRUE, 'T0604H', 14510, 12710 );
INSERT INTO "dias_line_groups" VALUES ( 18185, 20 );
INSERT INTO "times" VALUES ( 18185, 12710, '06:46:00', NULL, NULL );
INSERT INTO "times" VALUES ( 18185, 14510, NULL, '06:32:00', 40 );
INSERT INTO "times" VALUES ( 18185, 14520, '06:34:00', '06:34:00', 40 );
INSERT INTO "times" VALUES ( 18185, 14530, '06:36:00', '06:36:00', 40 );
INSERT INTO "times" VALUES ( 18185, 14540, '06:38:00', '06:38:00', 40 );
INSERT INTO "times" VALUES ( 18185, 14550, '06:40:00', '06:40:00', 40 );
INSERT INTO "times" VALUES ( 18185, 14560, '06:42:00', '06:42:00', 40 );
INSERT INTO "times" VALUES ( 18185, 14570, '06:43:00', '06:43:00', 40 );

INSERT INTO "dias" VALUES ( 18186, 100, FALSE, TRUE, 'T0605W', 12710, 14510 );
INSERT INTO "dias_line_groups" VALUES ( 18186, 20 );
INSERT INTO "times" VALUES ( 18186, 12710, NULL, '06:26:00', 40 );
INSERT INTO "times" VALUES ( 18186, 14510, '06:40:00', NULL, NULL );
INSERT INTO "times" VALUES ( 18186, 14520, '06:38:00', '06:38:00', 40 );
INSERT INTO "times" VALUES ( 18186, 14530, '06:35:00', '06:35:00', 40 );
INSERT INTO "times" VALUES ( 18186, 14540, '06:33:00', '06:33:00', 40 );
INSERT INTO "times" VALUES ( 18186, 14550, '06:32:00', '06:32:00', 40 );
INSERT INTO "times" VALUES ( 18186, 14560, '06:30:00', '06:30:00', 40 );
INSERT INTO "times" VALUES ( 18186, 14570, '06:28:00', '06:28:00', 40 );

INSERT INTO "dias" VALUES ( 18187, 100, FALSE, TRUE, 'T0606H', 14510, 12710 );
INSERT INTO "dias_line_groups" VALUES ( 18187, 20 );
INSERT INTO "times" VALUES ( 18187, 12710, '06:56:00', NULL, NULL );
INSERT INTO "times" VALUES ( 18187, 14510, NULL, '06:43:00', 40 );
INSERT INTO "times" VALUES ( 18187, 14520, '06:44:00', '06:44:00', 40 );
INSERT INTO "times" VALUES ( 18187, 14530, '06:47:00', '06:47:00', 40 );
INSERT INTO "times" VALUES ( 18187, 14540, '06:49:00', '06:49:00', 40 );
INSERT INTO "times" VALUES ( 18187, 14550, '06:51:00', '06:51:00', 40 );
INSERT INTO "times" VALUES ( 18187, 14560, '06:52:00', '06:52:00', 40 );
INSERT INTO "times" VALUES ( 18187, 14570, '06:54:00', '06:54:00', 40 );

INSERT INTO "dias" VALUES ( 18188, 100, FALSE, TRUE, 'T0607W', 12710, 14510 );
INSERT INTO "dias_line_groups" VALUES ( 18188, 20 );
INSERT INTO "times" VALUES ( 18188, 12710, NULL, '06:36:00', 40 );
INSERT INTO "times" VALUES ( 18188, 14510, '06:50:00', NULL, NULL );
INSERT INTO "times" VALUES ( 18188, 14520, '06:48:00', '06:48:00', 40 );
INSERT INTO "times" VALUES ( 18188, 14530, '06:45:00', '06:45:00', 40 );
INSERT INTO "times" VALUES ( 18188, 14540, '06:43:00', '06:43:00', 40 );
INSERT INTO "times" VALUES ( 18188, 14550, '06:42:00', '06:42:00', 40 );
INSERT INTO "times" VALUES ( 18188, 14560, '06:40:00', '06:40:00', 40 );
INSERT INTO "times" VALUES ( 18188, 14570, '06:38:00', '06:38:00', 40 );

INSERT INTO "dias" VALUES ( 18189, 100, FALSE, TRUE, 'T0608H', 14510, 12710 );
INSERT INTO "dias_line_groups" VALUES ( 18189, 20 );
INSERT INTO "times" VALUES ( 18189, 12710, '07:07:00', NULL, NULL );
INSERT INTO "times" VALUES ( 18189, 14510, NULL, '06:53:00', 40 );
INSERT INTO "times" VALUES ( 18189, 14520, '06:55:00', '06:55:00', 40 );
INSERT INTO "times" VALUES ( 18189, 14530, '06:57:00', '06:57:00', 40 );
INSERT INTO "times" VALUES ( 18189, 14540, '06:59:00', '06:59:00', 40 );
INSERT INTO "times" VALUES ( 18189, 14550, '07:01:00', '07:01:00', 40 );
INSERT INTO "times" VALUES ( 18189, 14560, '07:03:00', '07:03:00', 40 );
INSERT INTO "times" VALUES ( 18189, 14570, '07:04:00', '07:04:00', 40 );

INSERT INTO "dias" VALUES ( 18190, 100, FALSE, TRUE, 'T0609W', 12710, 14510 );
INSERT INTO "dias_line_groups" VALUES ( 18190, 20 );
INSERT INTO "times" VALUES ( 18190, 12710, NULL, '06:46:00', 40 );
INSERT INTO "times" VALUES ( 18190, 14510, '06:59:00', NULL, NULL );
INSERT INTO "times" VALUES ( 18190, 14520, '06:57:00', '06:57:00', 40 );
INSERT INTO "times" VALUES ( 18190, 14530, '06:55:00', '06:55:00', 40 );
INSERT INTO "times" VALUES ( 18190, 14540, '06:53:00', '06:53:00', 40 );
INSERT INTO "times" VALUES ( 18190, 14550, '06:51:00', '06:51:00', 40 );
INSERT INTO "times" VALUES ( 18190, 14560, '06:50:00', '06:50:00', 40 );
INSERT INTO "times" VALUES ( 18190, 14570, '06:48:00', '06:48:00', 40 );

INSERT INTO "dias" VALUES ( 18191, 100, FALSE, TRUE, 'T0611W', 12710, 14510 );
INSERT INTO "dias_line_groups" VALUES ( 18191, 20 );
INSERT INTO "times" VALUES ( 18191, 12710, NULL, '06:56:00', 40 );
INSERT INTO "times" VALUES ( 18191, 14510, '07:10:00', NULL, NULL );
INSERT INTO "times" VALUES ( 18191, 14520, '07:08:00', '07:08:00', 40 );
INSERT INTO "times" VALUES ( 18191, 14530, '07:05:00', '07:05:00', 40 );
INSERT INTO "times" VALUES ( 18191, 14540, '07:03:00', '07:03:00', 40 );
INSERT INTO "times" VALUES ( 18191, 14550, '07:02:00', '07:02:00', 40 );
INSERT INTO "times" VALUES ( 18191, 14560, '07:00:00', '07:00:00', 40 );
INSERT INTO "times" VALUES ( 18191, 14570, '06:58:00', '06:58:00', 40 );

INSERT INTO "dias" VALUES ( 18192, 100, FALSE, TRUE, 'T0700H', 14510, 12710 );
INSERT INTO "dias_line_groups" VALUES ( 18192, 20 );
INSERT INTO "times" VALUES ( 18192, 12710, '07:16:00', NULL, NULL );
INSERT INTO "times" VALUES ( 18192, 14510, NULL, '07:02:00', 40 );
INSERT INTO "times" VALUES ( 18192, 14520, '07:04:00', '07:04:00', 40 );
INSERT INTO "times" VALUES ( 18192, 14530, '07:06:00', '07:06:00', 40 );
INSERT INTO "times" VALUES ( 18192, 14540, '07:08:00', '07:08:00', 40 );
INSERT INTO "times" VALUES ( 18192, 14550, '07:10:00', '07:10:00', 40 );
INSERT INTO "times" VALUES ( 18192, 14560, '07:12:00', '07:12:00', 40 );
INSERT INTO "times" VALUES ( 18192, 14570, '07:13:00', '07:13:00', 40 );

INSERT INTO "dias" VALUES ( 18193, 100, FALSE, TRUE, 'T0701W', 12710, 14510 );
INSERT INTO "dias_line_groups" VALUES ( 18193, 20 );
INSERT INTO "times" VALUES ( 18193, 12710, NULL, '07:05:00', 40 );
INSERT INTO "times" VALUES ( 18193, 14510, '07:18:00', NULL, NULL );
INSERT INTO "times" VALUES ( 18193, 14520, '07:17:00', '07:17:00', 40 );
INSERT INTO "times" VALUES ( 18193, 14530, '07:14:00', '07:14:00', 40 );
INSERT INTO "times" VALUES ( 18193, 14540, '07:12:00', '07:12:00', 40 );
INSERT INTO "times" VALUES ( 18193, 14550, '07:10:00', '07:10:00', 40 );
INSERT INTO "times" VALUES ( 18193, 14560, '07:09:00', '07:09:00', 40 );
INSERT INTO "times" VALUES ( 18193, 14570, '07:07:00', '07:07:00', 40 );

INSERT INTO "dias" VALUES ( 18194, 100, FALSE, TRUE, 'T0702H', 14510, 12710 );
INSERT INTO "dias_line_groups" VALUES ( 18194, 20 );
INSERT INTO "times" VALUES ( 18194, 12710, '07:26:00', NULL, NULL );
INSERT INTO "times" VALUES ( 18194, 14510, NULL, '07:13:00', 40 );
INSERT INTO "times" VALUES ( 18194, 14520, '07:14:00', '07:14:00', 40 );
INSERT INTO "times" VALUES ( 18194, 14530, '07:17:00', '07:17:00', 40 );
INSERT INTO "times" VALUES ( 18194, 14540, '07:19:00', '07:19:00', 40 );
INSERT INTO "times" VALUES ( 18194, 14550, '07:21:00', '07:21:00', 40 );
INSERT INTO "times" VALUES ( 18194, 14560, '07:22:00', '07:22:00', 40 );
INSERT INTO "times" VALUES ( 18194, 14570, '07:24:00', '07:24:00', 40 );

INSERT INTO "dias" VALUES ( 18195, 100, FALSE, TRUE, 'T0703W', 12710, 14510 );
INSERT INTO "dias_line_groups" VALUES ( 18195, 20 );
INSERT INTO "times" VALUES ( 18195, 12710, NULL, '07:16:00', 40 );
INSERT INTO "times" VALUES ( 18195, 14510, '07:29:00', NULL, NULL );
INSERT INTO "times" VALUES ( 18195, 14520, '07:28:00', '07:28:00', 40 );
INSERT INTO "times" VALUES ( 18195, 14530, '07:25:00', '07:25:00', 40 );
INSERT INTO "times" VALUES ( 18195, 14540, '07:23:00', '07:23:00', 40 );
INSERT INTO "times" VALUES ( 18195, 14550, '07:21:00', '07:21:00', 40 );
INSERT INTO "times" VALUES ( 18195, 14560, '07:20:00', '07:20:00', 40 );
INSERT INTO "times" VALUES ( 18195, 14570, '07:18:00', '07:18:00', 40 );

INSERT INTO "dias" VALUES ( 18196, 100, FALSE, TRUE, 'T0704H', 14510, 12710 );
INSERT INTO "dias_line_groups" VALUES ( 18196, 20 );
INSERT INTO "times" VALUES ( 18196, 12710, '07:38:00', NULL, NULL );
INSERT INTO "times" VALUES ( 18196, 14510, NULL, '07:25:00', 40 );
INSERT INTO "times" VALUES ( 18196, 14520, '07:26:00', '07:26:00', 40 );
INSERT INTO "times" VALUES ( 18196, 14530, '07:29:00', '07:29:00', 40 );
INSERT INTO "times" VALUES ( 18196, 14540, '07:31:00', '07:31:00', 40 );
INSERT INTO "times" VALUES ( 18196, 14550, '07:33:00', '07:33:00', 40 );
INSERT INTO "times" VALUES ( 18196, 14560, '07:34:00', '07:34:00', 40 );
INSERT INTO "times" VALUES ( 18196, 14570, '07:36:00', '07:36:00', 40 );

INSERT INTO "dias" VALUES ( 18197, 100, FALSE, TRUE, 'T0705W', 12710, 14510 );
INSERT INTO "dias_line_groups" VALUES ( 18197, 20 );
INSERT INTO "times" VALUES ( 18197, 12710, NULL, '07:26:00', 40 );
INSERT INTO "times" VALUES ( 18197, 14510, '07:40:00', NULL, NULL );
INSERT INTO "times" VALUES ( 18197, 14520, '07:38:00', '07:38:00', 40 );
INSERT INTO "times" VALUES ( 18197, 14530, '07:35:00', '07:35:00', 40 );
INSERT INTO "times" VALUES ( 18197, 14540, '07:33:00', '07:33:00', 40 );
INSERT INTO "times" VALUES ( 18197, 14550, '07:32:00', '07:32:00', 40 );
INSERT INTO "times" VALUES ( 18197, 14560, '07:30:00', '07:30:00', 40 );
INSERT INTO "times" VALUES ( 18197, 14570, '07:28:00', '07:28:00', 40 );

INSERT INTO "dias" VALUES ( 18198, 100, FALSE, TRUE, 'T0706H', 14510, 12710 );
INSERT INTO "dias_line_groups" VALUES ( 18198, 20 );
INSERT INTO "times" VALUES ( 18198, 12710, '07:48:00', NULL, NULL );
INSERT INTO "times" VALUES ( 18198, 14510, NULL, '07:35:00', 40 );
INSERT INTO "times" VALUES ( 18198, 14520, '07:36:00', '07:36:00', 40 );
INSERT INTO "times" VALUES ( 18198, 14530, '07:39:00', '07:39:00', 40 );
INSERT INTO "times" VALUES ( 18198, 14540, '07:41:00', '07:41:00', 40 );
INSERT INTO "times" VALUES ( 18198, 14550, '07:43:00', '07:43:00', 40 );
INSERT INTO "times" VALUES ( 18198, 14560, '07:44:00', '07:44:00', 40 );
INSERT INTO "times" VALUES ( 18198, 14570, '07:46:00', '07:46:00', 40 );

INSERT INTO "dias" VALUES ( 18199, 100, FALSE, TRUE, 'T0707W', 12710, 14510 );
INSERT INTO "dias_line_groups" VALUES ( 18199, 20 );
INSERT INTO "times" VALUES ( 18199, 12710, NULL, '07:35:00', 40 );
INSERT INTO "times" VALUES ( 18199, 14510, '07:49:00', NULL, NULL );
INSERT INTO "times" VALUES ( 18199, 14520, '07:47:00', '07:47:00', 40 );
INSERT INTO "times" VALUES ( 18199, 14530, '07:44:00', '07:44:00', 40 );
INSERT INTO "times" VALUES ( 18199, 14540, '07:42:00', '07:42:00', 40 );
INSERT INTO "times" VALUES ( 18199, 14550, '07:41:00', '07:41:00', 40 );
INSERT INTO "times" VALUES ( 18199, 14560, '07:39:00', '07:39:00', 40 );
INSERT INTO "times" VALUES ( 18199, 14570, '07:37:00', '07:37:00', 40 );

INSERT INTO "dias" VALUES ( 18200, 100, FALSE, TRUE, 'T0708H', 14510, 12710 );
INSERT INTO "dias_line_groups" VALUES ( 18200, 20 );
INSERT INTO "times" VALUES ( 18200, 12710, '07:58:00', NULL, NULL );
INSERT INTO "times" VALUES ( 18200, 14510, NULL, '07:45:00', 40 );
INSERT INTO "times" VALUES ( 18200, 14520, '07:46:00', '07:46:00', 40 );
INSERT INTO "times" VALUES ( 18200, 14530, '07:49:00', '07:49:00', 40 );
INSERT INTO "times" VALUES ( 18200, 14540, '07:51:00', '07:51:00', 40 );
INSERT INTO "times" VALUES ( 18200, 14550, '07:53:00', '07:53:00', 40 );
INSERT INTO "times" VALUES ( 18200, 14560, '07:54:00', '07:54:00', 40 );
INSERT INTO "times" VALUES ( 18200, 14570, '07:56:00', '07:56:00', 40 );

INSERT INTO "dias" VALUES ( 18201, 100, FALSE, TRUE, 'T0709W', 12710, 14510 );
INSERT INTO "dias_line_groups" VALUES ( 18201, 20 );
INSERT INTO "times" VALUES ( 18201, 12710, NULL, '07:45:00', 40 );
INSERT INTO "times" VALUES ( 18201, 14510, '07:58:00', NULL, NULL );
INSERT INTO "times" VALUES ( 18201, 14520, '07:57:00', '07:57:00', 40 );
INSERT INTO "times" VALUES ( 18201, 14530, '07:54:00', '07:54:00', 40 );
INSERT INTO "times" VALUES ( 18201, 14540, '07:52:00', '07:52:00', 40 );
INSERT INTO "times" VALUES ( 18201, 14550, '07:50:00', '07:50:00', 40 );
INSERT INTO "times" VALUES ( 18201, 14560, '07:49:00', '07:49:00', 40 );
INSERT INTO "times" VALUES ( 18201, 14570, '07:47:00', '07:47:00', 40 );

INSERT INTO "dias" VALUES ( 18202, 100, FALSE, TRUE, 'T0710H', 14510, 12710 );
INSERT INTO "dias_line_groups" VALUES ( 18202, 20 );
INSERT INTO "times" VALUES ( 18202, 12710, '08:08:00', NULL, NULL );
INSERT INTO "times" VALUES ( 18202, 14510, NULL, '07:54:00', 40 );
INSERT INTO "times" VALUES ( 18202, 14520, '07:56:00', '07:56:00', 40 );
INSERT INTO "times" VALUES ( 18202, 14530, '07:58:00', '07:58:00', 40 );
INSERT INTO "times" VALUES ( 18202, 14540, '08:00:00', '08:00:00', 40 );
INSERT INTO "times" VALUES ( 18202, 14550, '08:02:00', '08:02:00', 40 );
INSERT INTO "times" VALUES ( 18202, 14560, '08:04:00', '08:04:00', 40 );
INSERT INTO "times" VALUES ( 18202, 14570, '08:05:00', '08:05:00', 40 );

INSERT INTO "dias" VALUES ( 18203, 100, FALSE, TRUE, 'T0711W', 12710, 14510 );
INSERT INTO "dias_line_groups" VALUES ( 18203, 20 );
INSERT INTO "times" VALUES ( 18203, 12710, NULL, '07:55:00', 40 );
INSERT INTO "times" VALUES ( 18203, 14510, '08:09:00', NULL, NULL );
INSERT INTO "times" VALUES ( 18203, 14520, '08:07:00', '08:07:00', 40 );
INSERT INTO "times" VALUES ( 18203, 14530, '08:04:00', '08:04:00', 40 );
INSERT INTO "times" VALUES ( 18203, 14540, '08:02:00', '08:02:00', 40 );
INSERT INTO "times" VALUES ( 18203, 14550, '08:01:00', '08:01:00', 40 );
INSERT INTO "times" VALUES ( 18203, 14560, '07:59:00', '07:59:00', 40 );
INSERT INTO "times" VALUES ( 18203, 14570, '07:57:00', '07:57:00', 40 );

INSERT INTO "dias" VALUES ( 18204, 100, FALSE, TRUE, 'T0800H', 14510, 12710 );
INSERT INTO "dias_line_groups" VALUES ( 18204, 20 );
INSERT INTO "times" VALUES ( 18204, 12710, '08:19:00', NULL, NULL );
INSERT INTO "times" VALUES ( 18204, 14510, NULL, '08:05:00', 40 );
INSERT INTO "times" VALUES ( 18204, 14520, '08:07:00', '08:07:00', 40 );
INSERT INTO "times" VALUES ( 18204, 14530, '08:09:00', '08:09:00', 40 );
INSERT INTO "times" VALUES ( 18204, 14540, '08:11:00', '08:11:00', 40 );
INSERT INTO "times" VALUES ( 18204, 14550, '08:13:00', '08:13:00', 40 );
INSERT INTO "times" VALUES ( 18204, 14560, '08:15:00', '08:15:00', 40 );
INSERT INTO "times" VALUES ( 18204, 14570, '08:16:00', '08:16:00', 40 );

INSERT INTO "dias" VALUES ( 18205, 100, FALSE, TRUE, 'T0801W', 12710, 14510 );
INSERT INTO "dias_line_groups" VALUES ( 18205, 20 );
INSERT INTO "times" VALUES ( 18205, 12710, NULL, '08:05:00', 40 );
INSERT INTO "times" VALUES ( 18205, 14510, '08:18:00', NULL, NULL );
INSERT INTO "times" VALUES ( 18205, 14520, '08:16:00', '08:16:00', 40 );
INSERT INTO "times" VALUES ( 18205, 14530, '08:14:00', '08:14:00', 40 );
INSERT INTO "times" VALUES ( 18205, 14540, '08:12:00', '08:12:00', 40 );
INSERT INTO "times" VALUES ( 18205, 14550, '08:10:00', '08:10:00', 40 );
INSERT INTO "times" VALUES ( 18205, 14560, '08:08:00', '08:08:00', 40 );
INSERT INTO "times" VALUES ( 18205, 14570, '08:07:00', '08:07:00', 40 );

INSERT INTO "dias" VALUES ( 18206, 100, FALSE, TRUE, 'T0802H', 14510, 12710 );
INSERT INTO "dias_line_groups" VALUES ( 18206, 20 );
INSERT INTO "times" VALUES ( 18206, 12710, '08:29:00', NULL, NULL );
INSERT INTO "times" VALUES ( 18206, 14510, NULL, '08:15:00', 40 );
INSERT INTO "times" VALUES ( 18206, 14520, '08:17:00', '08:17:00', 40 );
INSERT INTO "times" VALUES ( 18206, 14530, '08:19:00', '08:19:00', 40 );
INSERT INTO "times" VALUES ( 18206, 14540, '08:21:00', '08:21:00', 40 );
INSERT INTO "times" VALUES ( 18206, 14550, '08:23:00', '08:23:00', 40 );
INSERT INTO "times" VALUES ( 18206, 14560, '08:25:00', '08:25:00', 40 );
INSERT INTO "times" VALUES ( 18206, 14570, '08:26:00', '08:26:00', 40 );

INSERT INTO "dias" VALUES ( 18207, 100, FALSE, TRUE, 'T0803W', 12710, 14510 );
INSERT INTO "dias_line_groups" VALUES ( 18207, 20 );
INSERT INTO "times" VALUES ( 18207, 12710, NULL, '08:15:00', 40 );
INSERT INTO "times" VALUES ( 18207, 14510, '08:28:00', NULL, NULL );
INSERT INTO "times" VALUES ( 18207, 14520, '08:26:00', '08:26:00', 40 );
INSERT INTO "times" VALUES ( 18207, 14530, '08:24:00', '08:24:00', 40 );
INSERT INTO "times" VALUES ( 18207, 14540, '08:22:00', '08:22:00', 40 );
INSERT INTO "times" VALUES ( 18207, 14550, '08:20:00', '08:20:00', 40 );
INSERT INTO "times" VALUES ( 18207, 14560, '08:18:00', '08:18:00', 40 );
INSERT INTO "times" VALUES ( 18207, 14570, '08:17:00', '08:17:00', 40 );

INSERT INTO "dias" VALUES ( 18208, 100, FALSE, TRUE, 'T0804H', 14510, 12710 );
INSERT INTO "dias_line_groups" VALUES ( 18208, 20 );
INSERT INTO "times" VALUES ( 18208, 12710, '08:34:00', NULL, NULL );
INSERT INTO "times" VALUES ( 18208, 14510, NULL, '08:21:00', 40 );
INSERT INTO "times" VALUES ( 18208, 14520, '08:23:00', '08:23:00', 40 );
INSERT INTO "times" VALUES ( 18208, 14530, '08:25:00', '08:25:00', 40 );
INSERT INTO "times" VALUES ( 18208, 14540, '08:27:00', '08:27:00', 40 );
INSERT INTO "times" VALUES ( 18208, 14550, '08:29:00', '08:29:00', 40 );
INSERT INTO "times" VALUES ( 18208, 14560, '08:31:00', '08:31:00', 40 );
INSERT INTO "times" VALUES ( 18208, 14570, '08:32:00', '08:32:00', 40 );

INSERT INTO "dias" VALUES ( 18209, 100, FALSE, TRUE, 'T0805W', 12710, 14510 );
INSERT INTO "dias_line_groups" VALUES ( 18209, 20 );
INSERT INTO "times" VALUES ( 18209, 12710, NULL, '08:25:00', 40 );
INSERT INTO "times" VALUES ( 18209, 14510, '08:39:00', NULL, NULL );
INSERT INTO "times" VALUES ( 18209, 14520, '08:37:00', '08:37:00', 40 );
INSERT INTO "times" VALUES ( 18209, 14530, '08:34:00', '08:34:00', 40 );
INSERT INTO "times" VALUES ( 18209, 14540, '08:32:00', '08:32:00', 40 );
INSERT INTO "times" VALUES ( 18209, 14550, '08:31:00', '08:31:00', 40 );
INSERT INTO "times" VALUES ( 18209, 14560, '08:29:00', '08:29:00', 40 );
INSERT INTO "times" VALUES ( 18209, 14570, '08:27:00', '08:27:00', 40 );

INSERT INTO "dias" VALUES ( 18210, 100, FALSE, TRUE, 'T0806H', 14510, 12710 );
INSERT INTO "dias_line_groups" VALUES ( 18210, 20 );
INSERT INTO "times" VALUES ( 18210, 12710, '08:44:00', NULL, NULL );
INSERT INTO "times" VALUES ( 18210, 14510, NULL, '08:31:00', 40 );
INSERT INTO "times" VALUES ( 18210, 14520, '08:33:00', '08:33:00', 40 );
INSERT INTO "times" VALUES ( 18210, 14530, '08:35:00', '08:35:00', 40 );
INSERT INTO "times" VALUES ( 18210, 14540, '08:37:00', '08:37:00', 40 );
INSERT INTO "times" VALUES ( 18210, 14550, '08:39:00', '08:39:00', 40 );
INSERT INTO "times" VALUES ( 18210, 14560, '08:41:00', '08:41:00', 40 );
INSERT INTO "times" VALUES ( 18210, 14570, '08:42:00', '08:42:00', 40 );

INSERT INTO "dias" VALUES ( 18211, 100, FALSE, TRUE, 'T0807W', 12710, 14510 );
INSERT INTO "dias_line_groups" VALUES ( 18211, 20 );
INSERT INTO "times" VALUES ( 18211, 12710, NULL, '08:35:00', 40 );
INSERT INTO "times" VALUES ( 18211, 14510, '08:49:00', NULL, NULL );
INSERT INTO "times" VALUES ( 18211, 14520, '08:47:00', '08:47:00', 40 );
INSERT INTO "times" VALUES ( 18211, 14530, '08:44:00', '08:44:00', 40 );
INSERT INTO "times" VALUES ( 18211, 14540, '08:42:00', '08:42:00', 40 );
INSERT INTO "times" VALUES ( 18211, 14550, '08:41:00', '08:41:00', 40 );
INSERT INTO "times" VALUES ( 18211, 14560, '08:39:00', '08:39:00', 40 );
INSERT INTO "times" VALUES ( 18211, 14570, '08:37:00', '08:37:00', 40 );

INSERT INTO "dias" VALUES ( 18212, 100, FALSE, TRUE, 'T0808H', 14510, 12710 );
INSERT INTO "dias_line_groups" VALUES ( 18212, 20 );
INSERT INTO "times" VALUES ( 18212, 12710, '08:55:00', NULL, NULL );
INSERT INTO "times" VALUES ( 18212, 14510, NULL, '08:42:00', 40 );
INSERT INTO "times" VALUES ( 18212, 14520, '08:43:00', '08:43:00', 40 );
INSERT INTO "times" VALUES ( 18212, 14530, '08:46:00', '08:46:00', 40 );
INSERT INTO "times" VALUES ( 18212, 14540, '08:48:00', '08:48:00', 40 );
INSERT INTO "times" VALUES ( 18212, 14550, '08:50:00', '08:50:00', 40 );
INSERT INTO "times" VALUES ( 18212, 14560, '08:51:00', '08:51:00', 40 );
INSERT INTO "times" VALUES ( 18212, 14570, '08:53:00', '08:53:00', 40 );

INSERT INTO "dias" VALUES ( 18213, 100, FALSE, TRUE, 'T0809W', 12710, 14510 );
INSERT INTO "dias_line_groups" VALUES ( 18213, 20 );
INSERT INTO "times" VALUES ( 18213, 12710, NULL, '08:45:00', 40 );
INSERT INTO "times" VALUES ( 18213, 14510, '08:59:00', NULL, NULL );
INSERT INTO "times" VALUES ( 18213, 14520, '08:57:00', '08:57:00', 40 );
INSERT INTO "times" VALUES ( 18213, 14530, '08:54:00', '08:54:00', 40 );
INSERT INTO "times" VALUES ( 18213, 14540, '08:52:00', '08:52:00', 40 );
INSERT INTO "times" VALUES ( 18213, 14550, '08:51:00', '08:51:00', 40 );
INSERT INTO "times" VALUES ( 18213, 14560, '08:49:00', '08:49:00', 40 );
INSERT INTO "times" VALUES ( 18213, 14570, '08:47:00', '08:47:00', 40 );

INSERT INTO "dias" VALUES ( 18214, 100, FALSE, TRUE, 'T0810H', 14510, 12710 );
INSERT INTO "dias_line_groups" VALUES ( 18214, 20 );
INSERT INTO "times" VALUES ( 18214, 12710, '09:05:00', NULL, NULL );
INSERT INTO "times" VALUES ( 18214, 14510, NULL, '08:52:00', 40 );
INSERT INTO "times" VALUES ( 18214, 14520, '08:53:00', '08:53:00', 40 );
INSERT INTO "times" VALUES ( 18214, 14530, '08:56:00', '08:56:00', 40 );
INSERT INTO "times" VALUES ( 18214, 14540, '08:58:00', '08:58:00', 40 );
INSERT INTO "times" VALUES ( 18214, 14550, '09:00:00', '09:00:00', 40 );
INSERT INTO "times" VALUES ( 18214, 14560, '09:01:00', '09:01:00', 40 );
INSERT INTO "times" VALUES ( 18214, 14570, '09:03:00', '09:03:00', 40 );

INSERT INTO "dias" VALUES ( 18215, 100, FALSE, TRUE, 'T0811W', 12710, 14510 );
INSERT INTO "dias_line_groups" VALUES ( 18215, 20 );
INSERT INTO "times" VALUES ( 18215, 12710, NULL, '08:55:00', 40 );
INSERT INTO "times" VALUES ( 18215, 14510, '09:09:00', NULL, NULL );
INSERT INTO "times" VALUES ( 18215, 14520, '09:07:00', '09:07:00', 40 );
INSERT INTO "times" VALUES ( 18215, 14530, '09:04:00', '09:04:00', 40 );
INSERT INTO "times" VALUES ( 18215, 14540, '09:02:00', '09:02:00', 40 );
INSERT INTO "times" VALUES ( 18215, 14550, '09:01:00', '09:01:00', 40 );
INSERT INTO "times" VALUES ( 18215, 14560, '08:59:00', '08:59:00', 40 );
INSERT INTO "times" VALUES ( 18215, 14570, '08:57:00', '08:57:00', 40 );

INSERT INTO "dias" VALUES ( 18216, 100, FALSE, TRUE, 'T0900H', 14510, 12710 );
INSERT INTO "dias_line_groups" VALUES ( 18216, 20 );
INSERT INTO "times" VALUES ( 18216, 12710, '09:15:00', NULL, NULL );
INSERT INTO "times" VALUES ( 18216, 14510, NULL, '09:02:00', 40 );
INSERT INTO "times" VALUES ( 18216, 14520, '09:03:00', '09:03:00', 40 );
INSERT INTO "times" VALUES ( 18216, 14530, '09:06:00', '09:06:00', 40 );
INSERT INTO "times" VALUES ( 18216, 14540, '09:08:00', '09:08:00', 40 );
INSERT INTO "times" VALUES ( 18216, 14550, '09:10:00', '09:10:00', 40 );
INSERT INTO "times" VALUES ( 18216, 14560, '09:11:00', '09:11:00', 40 );
INSERT INTO "times" VALUES ( 18216, 14570, '09:13:00', '09:13:00', 40 );

INSERT INTO "dias" VALUES ( 18217, 100, FALSE, TRUE, 'T0901W', 12710, 14510 );
INSERT INTO "dias_line_groups" VALUES ( 18217, 20 );
INSERT INTO "times" VALUES ( 18217, 12710, NULL, '09:05:00', 40 );
INSERT INTO "times" VALUES ( 18217, 14510, '09:19:00', NULL, NULL );
INSERT INTO "times" VALUES ( 18217, 14520, '09:17:00', '09:17:00', 40 );
INSERT INTO "times" VALUES ( 18217, 14530, '09:14:00', '09:14:00', 40 );
INSERT INTO "times" VALUES ( 18217, 14540, '09:12:00', '09:12:00', 40 );
INSERT INTO "times" VALUES ( 18217, 14550, '09:11:00', '09:11:00', 40 );
INSERT INTO "times" VALUES ( 18217, 14560, '09:09:00', '09:09:00', 40 );
INSERT INTO "times" VALUES ( 18217, 14570, '09:07:00', '09:07:00', 40 );

INSERT INTO "dias" VALUES ( 18218, 100, FALSE, TRUE, 'T0902H', 14510, 12710 );
INSERT INTO "dias_line_groups" VALUES ( 18218, 20 );
INSERT INTO "times" VALUES ( 18218, 12710, '09:25:00', NULL, NULL );
INSERT INTO "times" VALUES ( 18218, 14510, NULL, '09:12:00', 40 );
INSERT INTO "times" VALUES ( 18218, 14520, '09:13:00', '09:13:00', 40 );
INSERT INTO "times" VALUES ( 18218, 14530, '09:16:00', '09:16:00', 40 );
INSERT INTO "times" VALUES ( 18218, 14540, '09:18:00', '09:18:00', 40 );
INSERT INTO "times" VALUES ( 18218, 14550, '09:20:00', '09:20:00', 40 );
INSERT INTO "times" VALUES ( 18218, 14560, '09:21:00', '09:21:00', 40 );
INSERT INTO "times" VALUES ( 18218, 14570, '09:23:00', '09:23:00', 40 );

INSERT INTO "dias" VALUES ( 18219, 100, FALSE, TRUE, 'T0903W', 12710, 14510 );
INSERT INTO "dias_line_groups" VALUES ( 18219, 20 );
INSERT INTO "times" VALUES ( 18219, 12710, NULL, '09:15:00', 40 );
INSERT INTO "times" VALUES ( 18219, 14510, '09:29:00', NULL, NULL );
INSERT INTO "times" VALUES ( 18219, 14520, '09:27:00', '09:27:00', 40 );
INSERT INTO "times" VALUES ( 18219, 14530, '09:24:00', '09:24:00', 40 );
INSERT INTO "times" VALUES ( 18219, 14540, '09:22:00', '09:22:00', 40 );
INSERT INTO "times" VALUES ( 18219, 14550, '09:21:00', '09:21:00', 40 );
INSERT INTO "times" VALUES ( 18219, 14560, '09:19:00', '09:19:00', 40 );
INSERT INTO "times" VALUES ( 18219, 14570, '09:17:00', '09:17:00', 40 );

INSERT INTO "dias" VALUES ( 18220, 100, FALSE, TRUE, 'T0904H', 14510, 12710 );
INSERT INTO "dias_line_groups" VALUES ( 18220, 20 );
INSERT INTO "times" VALUES ( 18220, 12710, '09:35:00', NULL, NULL );
INSERT INTO "times" VALUES ( 18220, 14510, NULL, '09:22:00', 40 );
INSERT INTO "times" VALUES ( 18220, 14520, '09:23:00', '09:23:00', 40 );
INSERT INTO "times" VALUES ( 18220, 14530, '09:26:00', '09:26:00', 40 );
INSERT INTO "times" VALUES ( 18220, 14540, '09:28:00', '09:28:00', 40 );
INSERT INTO "times" VALUES ( 18220, 14550, '09:30:00', '09:30:00', 40 );
INSERT INTO "times" VALUES ( 18220, 14560, '09:31:00', '09:31:00', 40 );
INSERT INTO "times" VALUES ( 18220, 14570, '09:33:00', '09:33:00', 40 );

INSERT INTO "dias" VALUES ( 18221, 100, FALSE, TRUE, 'T0905W', 12710, 14510 );
INSERT INTO "dias_line_groups" VALUES ( 18221, 20 );
INSERT INTO "times" VALUES ( 18221, 12710, NULL, '09:25:00', 40 );
INSERT INTO "times" VALUES ( 18221, 14510, '09:39:00', NULL, NULL );
INSERT INTO "times" VALUES ( 18221, 14520, '09:37:00', '09:37:00', 40 );
INSERT INTO "times" VALUES ( 18221, 14530, '09:34:00', '09:34:00', 40 );
INSERT INTO "times" VALUES ( 18221, 14540, '09:32:00', '09:32:00', 40 );
INSERT INTO "times" VALUES ( 18221, 14550, '09:31:00', '09:31:00', 40 );
INSERT INTO "times" VALUES ( 18221, 14560, '09:29:00', '09:29:00', 40 );
INSERT INTO "times" VALUES ( 18221, 14570, '09:27:00', '09:27:00', 40 );

INSERT INTO "dias" VALUES ( 18222, 100, FALSE, TRUE, 'T0906H', 14510, 12710 );
INSERT INTO "dias_line_groups" VALUES ( 18222, 20 );
INSERT INTO "times" VALUES ( 18222, 12710, '09:45:00', NULL, NULL );
INSERT INTO "times" VALUES ( 18222, 14510, NULL, '09:32:00', 40 );
INSERT INTO "times" VALUES ( 18222, 14520, '09:33:00', '09:33:00', 40 );
INSERT INTO "times" VALUES ( 18222, 14530, '09:36:00', '09:36:00', 40 );
INSERT INTO "times" VALUES ( 18222, 14540, '09:38:00', '09:38:00', 40 );
INSERT INTO "times" VALUES ( 18222, 14550, '09:40:00', '09:40:00', 40 );
INSERT INTO "times" VALUES ( 18222, 14560, '09:41:00', '09:41:00', 40 );
INSERT INTO "times" VALUES ( 18222, 14570, '09:43:00', '09:43:00', 40 );

INSERT INTO "dias" VALUES ( 18223, 100, FALSE, TRUE, 'T0907W', 12710, 14510 );
INSERT INTO "dias_line_groups" VALUES ( 18223, 20 );
INSERT INTO "times" VALUES ( 18223, 12710, NULL, '09:35:00', 40 );
INSERT INTO "times" VALUES ( 18223, 14510, '09:49:00', NULL, NULL );
INSERT INTO "times" VALUES ( 18223, 14520, '09:47:00', '09:47:00', 40 );
INSERT INTO "times" VALUES ( 18223, 14530, '09:44:00', '09:44:00', 40 );
INSERT INTO "times" VALUES ( 18223, 14540, '09:42:00', '09:42:00', 40 );
INSERT INTO "times" VALUES ( 18223, 14550, '09:41:00', '09:41:00', 40 );
INSERT INTO "times" VALUES ( 18223, 14560, '09:39:00', '09:39:00', 40 );
INSERT INTO "times" VALUES ( 18223, 14570, '09:37:00', '09:37:00', 40 );

INSERT INTO "dias" VALUES ( 18224, 100, FALSE, TRUE, 'T0908H', 14510, 12710 );
INSERT INTO "dias_line_groups" VALUES ( 18224, 20 );
INSERT INTO "times" VALUES ( 18224, 12710, '09:55:00', NULL, NULL );
INSERT INTO "times" VALUES ( 18224, 14510, NULL, '09:42:00', 40 );
INSERT INTO "times" VALUES ( 18224, 14520, '09:43:00', '09:43:00', 40 );
INSERT INTO "times" VALUES ( 18224, 14530, '09:46:00', '09:46:00', 40 );
INSERT INTO "times" VALUES ( 18224, 14540, '09:48:00', '09:48:00', 40 );
INSERT INTO "times" VALUES ( 18224, 14550, '09:50:00', '09:50:00', 40 );
INSERT INTO "times" VALUES ( 18224, 14560, '09:51:00', '09:51:00', 40 );
INSERT INTO "times" VALUES ( 18224, 14570, '09:53:00', '09:53:00', 40 );

INSERT INTO "dias" VALUES ( 18225, 100, FALSE, TRUE, 'T0909W', 12710, 14510 );
INSERT INTO "dias_line_groups" VALUES ( 18225, 20 );
INSERT INTO "times" VALUES ( 18225, 12710, NULL, '09:45:00', 40 );
INSERT INTO "times" VALUES ( 18225, 14510, '09:59:00', NULL, NULL );
INSERT INTO "times" VALUES ( 18225, 14520, '09:57:00', '09:57:00', 40 );
INSERT INTO "times" VALUES ( 18225, 14530, '09:54:00', '09:54:00', 40 );
INSERT INTO "times" VALUES ( 18225, 14540, '09:52:00', '09:52:00', 40 );
INSERT INTO "times" VALUES ( 18225, 14550, '09:51:00', '09:51:00', 40 );
INSERT INTO "times" VALUES ( 18225, 14560, '09:49:00', '09:49:00', 40 );
INSERT INTO "times" VALUES ( 18225, 14570, '09:47:00', '09:47:00', 40 );

INSERT INTO "dias" VALUES ( 18226, 100, FALSE, TRUE, 'T0910H', 14510, 12710 );
INSERT INTO "dias_line_groups" VALUES ( 18226, 20 );
INSERT INTO "times" VALUES ( 18226, 12710, '10:05:00', NULL, NULL );
INSERT INTO "times" VALUES ( 18226, 14510, NULL, '09:52:00', 40 );
INSERT INTO "times" VALUES ( 18226, 14520, '09:53:00', '09:53:00', 40 );
INSERT INTO "times" VALUES ( 18226, 14530, '09:56:00', '09:56:00', 40 );
INSERT INTO "times" VALUES ( 18226, 14540, '09:58:00', '09:58:00', 40 );
INSERT INTO "times" VALUES ( 18226, 14550, '10:00:00', '10:00:00', 40 );
INSERT INTO "times" VALUES ( 18226, 14560, '10:01:00', '10:01:00', 40 );
INSERT INTO "times" VALUES ( 18226, 14570, '10:03:00', '10:03:00', 40 );

INSERT INTO "dias" VALUES ( 18227, 100, FALSE, TRUE, 'T0911W', 12710, 14510 );
INSERT INTO "dias_line_groups" VALUES ( 18227, 20 );
INSERT INTO "times" VALUES ( 18227, 12710, NULL, '09:55:00', 40 );
INSERT INTO "times" VALUES ( 18227, 14510, '10:09:00', NULL, NULL );
INSERT INTO "times" VALUES ( 18227, 14520, '10:07:00', '10:07:00', 40 );
INSERT INTO "times" VALUES ( 18227, 14530, '10:04:00', '10:04:00', 40 );
INSERT INTO "times" VALUES ( 18227, 14540, '10:02:00', '10:02:00', 40 );
INSERT INTO "times" VALUES ( 18227, 14550, '10:01:00', '10:01:00', 40 );
INSERT INTO "times" VALUES ( 18227, 14560, '09:59:00', '09:59:00', 40 );
INSERT INTO "times" VALUES ( 18227, 14570, '09:57:00', '09:57:00', 40 );

INSERT INTO "dias" VALUES ( 18228, 100, FALSE, TRUE, 'T1000H', 14510, 12710 );
INSERT INTO "dias_line_groups" VALUES ( 18228, 20 );
INSERT INTO "times" VALUES ( 18228, 12710, '10:15:00', NULL, NULL );
INSERT INTO "times" VALUES ( 18228, 14510, NULL, '10:02:00', 40 );
INSERT INTO "times" VALUES ( 18228, 14520, '10:03:00', '10:03:00', 40 );
INSERT INTO "times" VALUES ( 18228, 14530, '10:06:00', '10:06:00', 40 );
INSERT INTO "times" VALUES ( 18228, 14540, '10:08:00', '10:08:00', 40 );
INSERT INTO "times" VALUES ( 18228, 14550, '10:10:00', '10:10:00', 40 );
INSERT INTO "times" VALUES ( 18228, 14560, '10:11:00', '10:11:00', 40 );
INSERT INTO "times" VALUES ( 18228, 14570, '10:13:00', '10:13:00', 40 );

INSERT INTO "dias" VALUES ( 18229, 100, FALSE, TRUE, 'T1001W', 12710, 14510 );
INSERT INTO "dias_line_groups" VALUES ( 18229, 20 );
INSERT INTO "times" VALUES ( 18229, 12710, NULL, '10:05:00', 40 );
INSERT INTO "times" VALUES ( 18229, 14510, '10:19:00', NULL, NULL );
INSERT INTO "times" VALUES ( 18229, 14520, '10:17:00', '10:17:00', 40 );
INSERT INTO "times" VALUES ( 18229, 14530, '10:14:00', '10:14:00', 40 );
INSERT INTO "times" VALUES ( 18229, 14540, '10:12:00', '10:12:00', 40 );
INSERT INTO "times" VALUES ( 18229, 14550, '10:11:00', '10:11:00', 40 );
INSERT INTO "times" VALUES ( 18229, 14560, '10:09:00', '10:09:00', 40 );
INSERT INTO "times" VALUES ( 18229, 14570, '10:07:00', '10:07:00', 40 );

INSERT INTO "dias" VALUES ( 18230, 100, FALSE, TRUE, 'T1002H', 14510, 12710 );
INSERT INTO "dias_line_groups" VALUES ( 18230, 20 );
INSERT INTO "times" VALUES ( 18230, 12710, '10:25:00', NULL, NULL );
INSERT INTO "times" VALUES ( 18230, 14510, NULL, '10:12:00', 40 );
INSERT INTO "times" VALUES ( 18230, 14520, '10:13:00', '10:13:00', 40 );
INSERT INTO "times" VALUES ( 18230, 14530, '10:16:00', '10:16:00', 40 );
INSERT INTO "times" VALUES ( 18230, 14540, '10:18:00', '10:18:00', 40 );
INSERT INTO "times" VALUES ( 18230, 14550, '10:20:00', '10:20:00', 40 );
INSERT INTO "times" VALUES ( 18230, 14560, '10:21:00', '10:21:00', 40 );
INSERT INTO "times" VALUES ( 18230, 14570, '10:23:00', '10:23:00', 40 );

INSERT INTO "dias" VALUES ( 18231, 100, FALSE, TRUE, 'T1003W', 12710, 14510 );
INSERT INTO "dias_line_groups" VALUES ( 18231, 20 );
INSERT INTO "times" VALUES ( 18231, 12710, NULL, '10:15:00', 40 );
INSERT INTO "times" VALUES ( 18231, 14510, '10:29:00', NULL, NULL );
INSERT INTO "times" VALUES ( 18231, 14520, '10:27:00', '10:27:00', 40 );
INSERT INTO "times" VALUES ( 18231, 14530, '10:24:00', '10:24:00', 40 );
INSERT INTO "times" VALUES ( 18231, 14540, '10:22:00', '10:22:00', 40 );
INSERT INTO "times" VALUES ( 18231, 14550, '10:21:00', '10:21:00', 40 );
INSERT INTO "times" VALUES ( 18231, 14560, '10:19:00', '10:19:00', 40 );
INSERT INTO "times" VALUES ( 18231, 14570, '10:17:00', '10:17:00', 40 );

INSERT INTO "dias" VALUES ( 18232, 100, FALSE, TRUE, 'T1004H', 14510, 12710 );
INSERT INTO "dias_line_groups" VALUES ( 18232, 20 );
INSERT INTO "times" VALUES ( 18232, 12710, '10:35:00', NULL, NULL );
INSERT INTO "times" VALUES ( 18232, 14510, NULL, '10:22:00', 40 );
INSERT INTO "times" VALUES ( 18232, 14520, '10:23:00', '10:23:00', 40 );
INSERT INTO "times" VALUES ( 18232, 14530, '10:26:00', '10:26:00', 40 );
INSERT INTO "times" VALUES ( 18232, 14540, '10:28:00', '10:28:00', 40 );
INSERT INTO "times" VALUES ( 18232, 14550, '10:30:00', '10:30:00', 40 );
INSERT INTO "times" VALUES ( 18232, 14560, '10:31:00', '10:31:00', 40 );
INSERT INTO "times" VALUES ( 18232, 14570, '10:33:00', '10:33:00', 40 );

INSERT INTO "dias" VALUES ( 18233, 100, FALSE, TRUE, 'T1005W', 12710, 14510 );
INSERT INTO "dias_line_groups" VALUES ( 18233, 20 );
INSERT INTO "times" VALUES ( 18233, 12710, NULL, '10:25:00', 40 );
INSERT INTO "times" VALUES ( 18233, 14510, '10:39:00', NULL, NULL );
INSERT INTO "times" VALUES ( 18233, 14520, '10:37:00', '10:37:00', 40 );
INSERT INTO "times" VALUES ( 18233, 14530, '10:34:00', '10:34:00', 40 );
INSERT INTO "times" VALUES ( 18233, 14540, '10:32:00', '10:32:00', 40 );
INSERT INTO "times" VALUES ( 18233, 14550, '10:31:00', '10:31:00', 40 );
INSERT INTO "times" VALUES ( 18233, 14560, '10:29:00', '10:29:00', 40 );
INSERT INTO "times" VALUES ( 18233, 14570, '10:27:00', '10:27:00', 40 );

INSERT INTO "dias" VALUES ( 18234, 100, FALSE, TRUE, 'T1006H', 14510, 12710 );
INSERT INTO "dias_line_groups" VALUES ( 18234, 20 );
INSERT INTO "times" VALUES ( 18234, 12710, '10:45:00', NULL, NULL );
INSERT INTO "times" VALUES ( 18234, 14510, NULL, '10:32:00', 40 );
INSERT INTO "times" VALUES ( 18234, 14520, '10:33:00', '10:33:00', 40 );
INSERT INTO "times" VALUES ( 18234, 14530, '10:36:00', '10:36:00', 40 );
INSERT INTO "times" VALUES ( 18234, 14540, '10:38:00', '10:38:00', 40 );
INSERT INTO "times" VALUES ( 18234, 14550, '10:40:00', '10:40:00', 40 );
INSERT INTO "times" VALUES ( 18234, 14560, '10:41:00', '10:41:00', 40 );
INSERT INTO "times" VALUES ( 18234, 14570, '10:43:00', '10:43:00', 40 );

INSERT INTO "dias" VALUES ( 18235, 100, FALSE, TRUE, 'T1007W', 12710, 14510 );
INSERT INTO "dias_line_groups" VALUES ( 18235, 20 );
INSERT INTO "times" VALUES ( 18235, 12710, NULL, '10:35:00', 40 );
INSERT INTO "times" VALUES ( 18235, 14510, '10:49:00', NULL, NULL );
INSERT INTO "times" VALUES ( 18235, 14520, '10:47:00', '10:47:00', 40 );
INSERT INTO "times" VALUES ( 18235, 14530, '10:44:00', '10:44:00', 40 );
INSERT INTO "times" VALUES ( 18235, 14540, '10:42:00', '10:42:00', 40 );
INSERT INTO "times" VALUES ( 18235, 14550, '10:41:00', '10:41:00', 40 );
INSERT INTO "times" VALUES ( 18235, 14560, '10:39:00', '10:39:00', 40 );
INSERT INTO "times" VALUES ( 18235, 14570, '10:37:00', '10:37:00', 40 );

INSERT INTO "dias" VALUES ( 18236, 100, FALSE, TRUE, 'T1008H', 14510, 12710 );
INSERT INTO "dias_line_groups" VALUES ( 18236, 20 );
INSERT INTO "times" VALUES ( 18236, 12710, '10:55:00', NULL, NULL );
INSERT INTO "times" VALUES ( 18236, 14510, NULL, '10:42:00', 40 );
INSERT INTO "times" VALUES ( 18236, 14520, '10:43:00', '10:43:00', 40 );
INSERT INTO "times" VALUES ( 18236, 14530, '10:46:00', '10:46:00', 40 );
INSERT INTO "times" VALUES ( 18236, 14540, '10:48:00', '10:48:00', 40 );
INSERT INTO "times" VALUES ( 18236, 14550, '10:50:00', '10:50:00', 40 );
INSERT INTO "times" VALUES ( 18236, 14560, '10:51:00', '10:51:00', 40 );
INSERT INTO "times" VALUES ( 18236, 14570, '10:53:00', '10:53:00', 40 );

INSERT INTO "dias" VALUES ( 18237, 100, FALSE, TRUE, 'T1009W', 12710, 14510 );
INSERT INTO "dias_line_groups" VALUES ( 18237, 20 );
INSERT INTO "times" VALUES ( 18237, 12710, NULL, '10:45:00', 40 );
INSERT INTO "times" VALUES ( 18237, 14510, '10:59:00', NULL, NULL );
INSERT INTO "times" VALUES ( 18237, 14520, '10:57:00', '10:57:00', 40 );
INSERT INTO "times" VALUES ( 18237, 14530, '10:54:00', '10:54:00', 40 );
INSERT INTO "times" VALUES ( 18237, 14540, '10:52:00', '10:52:00', 40 );
INSERT INTO "times" VALUES ( 18237, 14550, '10:51:00', '10:51:00', 40 );
INSERT INTO "times" VALUES ( 18237, 14560, '10:49:00', '10:49:00', 40 );
INSERT INTO "times" VALUES ( 18237, 14570, '10:47:00', '10:47:00', 40 );

INSERT INTO "dias" VALUES ( 18238, 100, FALSE, TRUE, 'T1010H', 14510, 12710 );
INSERT INTO "dias_line_groups" VALUES ( 18238, 20 );
INSERT INTO "times" VALUES ( 18238, 12710, '11:05:00', NULL, NULL );
INSERT INTO "times" VALUES ( 18238, 14510, NULL, '10:52:00', 40 );
INSERT INTO "times" VALUES ( 18238, 14520, '10:53:00', '10:53:00', 40 );
INSERT INTO "times" VALUES ( 18238, 14530, '10:56:00', '10:56:00', 40 );
INSERT INTO "times" VALUES ( 18238, 14540, '10:58:00', '10:58:00', 40 );
INSERT INTO "times" VALUES ( 18238, 14550, '11:00:00', '11:00:00', 40 );
INSERT INTO "times" VALUES ( 18238, 14560, '11:01:00', '11:01:00', 40 );
INSERT INTO "times" VALUES ( 18238, 14570, '11:03:00', '11:03:00', 40 );

INSERT INTO "dias" VALUES ( 18239, 100, FALSE, TRUE, 'T1011W', 12710, 14510 );
INSERT INTO "dias_line_groups" VALUES ( 18239, 20 );
INSERT INTO "times" VALUES ( 18239, 12710, NULL, '10:55:00', 40 );
INSERT INTO "times" VALUES ( 18239, 14510, '11:09:00', NULL, NULL );
INSERT INTO "times" VALUES ( 18239, 14520, '11:07:00', '11:07:00', 40 );
INSERT INTO "times" VALUES ( 18239, 14530, '11:04:00', '11:04:00', 40 );
INSERT INTO "times" VALUES ( 18239, 14540, '11:02:00', '11:02:00', 40 );
INSERT INTO "times" VALUES ( 18239, 14550, '11:01:00', '11:01:00', 40 );
INSERT INTO "times" VALUES ( 18239, 14560, '10:59:00', '10:59:00', 40 );
INSERT INTO "times" VALUES ( 18239, 14570, '10:57:00', '10:57:00', 40 );

INSERT INTO "dias" VALUES ( 18240, 100, FALSE, TRUE, 'T1100H', 14510, 12710 );
INSERT INTO "dias_line_groups" VALUES ( 18240, 20 );
INSERT INTO "times" VALUES ( 18240, 12710, '11:15:00', NULL, NULL );
INSERT INTO "times" VALUES ( 18240, 14510, NULL, '11:02:00', 40 );
INSERT INTO "times" VALUES ( 18240, 14520, '11:03:00', '11:03:00', 40 );
INSERT INTO "times" VALUES ( 18240, 14530, '11:06:00', '11:06:00', 40 );
INSERT INTO "times" VALUES ( 18240, 14540, '11:08:00', '11:08:00', 40 );
INSERT INTO "times" VALUES ( 18240, 14550, '11:10:00', '11:10:00', 40 );
INSERT INTO "times" VALUES ( 18240, 14560, '11:11:00', '11:11:00', 40 );
INSERT INTO "times" VALUES ( 18240, 14570, '11:13:00', '11:13:00', 40 );

INSERT INTO "dias" VALUES ( 18241, 100, FALSE, TRUE, 'T1101W', 12710, 14510 );
INSERT INTO "dias_line_groups" VALUES ( 18241, 20 );
INSERT INTO "times" VALUES ( 18241, 12710, NULL, '11:05:00', 40 );
INSERT INTO "times" VALUES ( 18241, 14510, '11:19:00', NULL, NULL );
INSERT INTO "times" VALUES ( 18241, 14520, '11:17:00', '11:17:00', 40 );
INSERT INTO "times" VALUES ( 18241, 14530, '11:14:00', '11:14:00', 40 );
INSERT INTO "times" VALUES ( 18241, 14540, '11:12:00', '11:12:00', 40 );
INSERT INTO "times" VALUES ( 18241, 14550, '11:11:00', '11:11:00', 40 );
INSERT INTO "times" VALUES ( 18241, 14560, '11:09:00', '11:09:00', 40 );
INSERT INTO "times" VALUES ( 18241, 14570, '11:07:00', '11:07:00', 40 );

INSERT INTO "dias" VALUES ( 18242, 100, FALSE, TRUE, 'T1102H', 14510, 12710 );
INSERT INTO "dias_line_groups" VALUES ( 18242, 20 );
INSERT INTO "times" VALUES ( 18242, 12710, '11:25:00', NULL, NULL );
INSERT INTO "times" VALUES ( 18242, 14510, NULL, '11:12:00', 40 );
INSERT INTO "times" VALUES ( 18242, 14520, '11:13:00', '11:13:00', 40 );
INSERT INTO "times" VALUES ( 18242, 14530, '11:16:00', '11:16:00', 40 );
INSERT INTO "times" VALUES ( 18242, 14540, '11:18:00', '11:18:00', 40 );
INSERT INTO "times" VALUES ( 18242, 14550, '11:20:00', '11:20:00', 40 );
INSERT INTO "times" VALUES ( 18242, 14560, '11:21:00', '11:21:00', 40 );
INSERT INTO "times" VALUES ( 18242, 14570, '11:23:00', '11:23:00', 40 );

INSERT INTO "dias" VALUES ( 18243, 100, FALSE, TRUE, 'T1103W', 12710, 14510 );
INSERT INTO "dias_line_groups" VALUES ( 18243, 20 );
INSERT INTO "times" VALUES ( 18243, 12710, NULL, '11:15:00', 40 );
INSERT INTO "times" VALUES ( 18243, 14510, '11:29:00', NULL, NULL );
INSERT INTO "times" VALUES ( 18243, 14520, '11:27:00', '11:27:00', 40 );
INSERT INTO "times" VALUES ( 18243, 14530, '11:24:00', '11:24:00', 40 );
INSERT INTO "times" VALUES ( 18243, 14540, '11:22:00', '11:22:00', 40 );
INSERT INTO "times" VALUES ( 18243, 14550, '11:21:00', '11:21:00', 40 );
INSERT INTO "times" VALUES ( 18243, 14560, '11:19:00', '11:19:00', 40 );
INSERT INTO "times" VALUES ( 18243, 14570, '11:17:00', '11:17:00', 40 );

INSERT INTO "dias" VALUES ( 18244, 100, FALSE, TRUE, 'T1104H', 14510, 12710 );
INSERT INTO "dias_line_groups" VALUES ( 18244, 20 );
INSERT INTO "times" VALUES ( 18244, 12710, '11:35:00', NULL, NULL );
INSERT INTO "times" VALUES ( 18244, 14510, NULL, '11:22:00', 40 );
INSERT INTO "times" VALUES ( 18244, 14520, '11:23:00', '11:23:00', 40 );
INSERT INTO "times" VALUES ( 18244, 14530, '11:26:00', '11:26:00', 40 );
INSERT INTO "times" VALUES ( 18244, 14540, '11:28:00', '11:28:00', 40 );
INSERT INTO "times" VALUES ( 18244, 14550, '11:30:00', '11:30:00', 40 );
INSERT INTO "times" VALUES ( 18244, 14560, '11:31:00', '11:31:00', 40 );
INSERT INTO "times" VALUES ( 18244, 14570, '11:33:00', '11:33:00', 40 );

INSERT INTO "dias" VALUES ( 18245, 100, FALSE, TRUE, 'T1105W', 12710, 14510 );
INSERT INTO "dias_line_groups" VALUES ( 18245, 20 );
INSERT INTO "times" VALUES ( 18245, 12710, NULL, '11:25:00', 40 );
INSERT INTO "times" VALUES ( 18245, 14510, '11:39:00', NULL, NULL );
INSERT INTO "times" VALUES ( 18245, 14520, '11:37:00', '11:37:00', 40 );
INSERT INTO "times" VALUES ( 18245, 14530, '11:34:00', '11:34:00', 40 );
INSERT INTO "times" VALUES ( 18245, 14540, '11:32:00', '11:32:00', 40 );
INSERT INTO "times" VALUES ( 18245, 14550, '11:31:00', '11:31:00', 40 );
INSERT INTO "times" VALUES ( 18245, 14560, '11:29:00', '11:29:00', 40 );
INSERT INTO "times" VALUES ( 18245, 14570, '11:27:00', '11:27:00', 40 );

INSERT INTO "dias" VALUES ( 18246, 100, FALSE, TRUE, 'T1106H', 14510, 12710 );
INSERT INTO "dias_line_groups" VALUES ( 18246, 20 );
INSERT INTO "times" VALUES ( 18246, 12710, '11:45:00', NULL, NULL );
INSERT INTO "times" VALUES ( 18246, 14510, NULL, '11:32:00', 40 );
INSERT INTO "times" VALUES ( 18246, 14520, '11:33:00', '11:33:00', 40 );
INSERT INTO "times" VALUES ( 18246, 14530, '11:36:00', '11:36:00', 40 );
INSERT INTO "times" VALUES ( 18246, 14540, '11:38:00', '11:38:00', 40 );
INSERT INTO "times" VALUES ( 18246, 14550, '11:40:00', '11:40:00', 40 );
INSERT INTO "times" VALUES ( 18246, 14560, '11:41:00', '11:41:00', 40 );
INSERT INTO "times" VALUES ( 18246, 14570, '11:43:00', '11:43:00', 40 );

INSERT INTO "dias" VALUES ( 18247, 100, FALSE, TRUE, 'T1107W', 12710, 14510 );
INSERT INTO "dias_line_groups" VALUES ( 18247, 20 );
INSERT INTO "times" VALUES ( 18247, 12710, NULL, '11:35:00', 40 );
INSERT INTO "times" VALUES ( 18247, 14510, '11:49:00', NULL, NULL );
INSERT INTO "times" VALUES ( 18247, 14520, '11:47:00', '11:47:00', 40 );
INSERT INTO "times" VALUES ( 18247, 14530, '11:44:00', '11:44:00', 40 );
INSERT INTO "times" VALUES ( 18247, 14540, '11:42:00', '11:42:00', 40 );
INSERT INTO "times" VALUES ( 18247, 14550, '11:41:00', '11:41:00', 40 );
INSERT INTO "times" VALUES ( 18247, 14560, '11:39:00', '11:39:00', 40 );
INSERT INTO "times" VALUES ( 18247, 14570, '11:37:00', '11:37:00', 40 );

INSERT INTO "dias" VALUES ( 18248, 100, FALSE, TRUE, 'T1108H', 14510, 12710 );
INSERT INTO "dias_line_groups" VALUES ( 18248, 20 );
INSERT INTO "times" VALUES ( 18248, 12710, '11:55:00', NULL, NULL );
INSERT INTO "times" VALUES ( 18248, 14510, NULL, '11:42:00', 40 );
INSERT INTO "times" VALUES ( 18248, 14520, '11:43:00', '11:43:00', 40 );
INSERT INTO "times" VALUES ( 18248, 14530, '11:46:00', '11:46:00', 40 );
INSERT INTO "times" VALUES ( 18248, 14540, '11:48:00', '11:48:00', 40 );
INSERT INTO "times" VALUES ( 18248, 14550, '11:50:00', '11:50:00', 40 );
INSERT INTO "times" VALUES ( 18248, 14560, '11:51:00', '11:51:00', 40 );
INSERT INTO "times" VALUES ( 18248, 14570, '11:53:00', '11:53:00', 40 );

INSERT INTO "dias" VALUES ( 18249, 100, FALSE, TRUE, 'T1109W', 12710, 14510 );
INSERT INTO "dias_line_groups" VALUES ( 18249, 20 );
INSERT INTO "times" VALUES ( 18249, 12710, NULL, '11:45:00', 40 );
INSERT INTO "times" VALUES ( 18249, 14510, '11:59:00', NULL, NULL );
INSERT INTO "times" VALUES ( 18249, 14520, '11:57:00', '11:57:00', 40 );
INSERT INTO "times" VALUES ( 18249, 14530, '11:54:00', '11:54:00', 40 );
INSERT INTO "times" VALUES ( 18249, 14540, '11:52:00', '11:52:00', 40 );
INSERT INTO "times" VALUES ( 18249, 14550, '11:51:00', '11:51:00', 40 );
INSERT INTO "times" VALUES ( 18249, 14560, '11:49:00', '11:49:00', 40 );
INSERT INTO "times" VALUES ( 18249, 14570, '11:47:00', '11:47:00', 40 );

INSERT INTO "dias" VALUES ( 18250, 100, FALSE, TRUE, 'T1110H', 14510, 12710 );
INSERT INTO "dias_line_groups" VALUES ( 18250, 20 );
INSERT INTO "times" VALUES ( 18250, 12710, '12:05:00', NULL, NULL );
INSERT INTO "times" VALUES ( 18250, 14510, NULL, '11:52:00', 40 );
INSERT INTO "times" VALUES ( 18250, 14520, '11:53:00', '11:53:00', 40 );
INSERT INTO "times" VALUES ( 18250, 14530, '11:56:00', '11:56:00', 40 );
INSERT INTO "times" VALUES ( 18250, 14540, '11:58:00', '11:58:00', 40 );
INSERT INTO "times" VALUES ( 18250, 14550, '12:00:00', '12:00:00', 40 );
INSERT INTO "times" VALUES ( 18250, 14560, '12:01:00', '12:01:00', 40 );
INSERT INTO "times" VALUES ( 18250, 14570, '12:03:00', '12:03:00', 40 );

INSERT INTO "dias" VALUES ( 18251, 100, FALSE, TRUE, 'T1111W', 12710, 14510 );
INSERT INTO "dias_line_groups" VALUES ( 18251, 20 );
INSERT INTO "times" VALUES ( 18251, 12710, NULL, '11:55:00', 40 );
INSERT INTO "times" VALUES ( 18251, 14510, '12:09:00', NULL, NULL );
INSERT INTO "times" VALUES ( 18251, 14520, '12:07:00', '12:07:00', 40 );
INSERT INTO "times" VALUES ( 18251, 14530, '12:04:00', '12:04:00', 40 );
INSERT INTO "times" VALUES ( 18251, 14540, '12:02:00', '12:02:00', 40 );
INSERT INTO "times" VALUES ( 18251, 14550, '12:01:00', '12:01:00', 40 );
INSERT INTO "times" VALUES ( 18251, 14560, '11:59:00', '11:59:00', 40 );
INSERT INTO "times" VALUES ( 18251, 14570, '11:57:00', '11:57:00', 40 );

INSERT INTO "dias" VALUES ( 18252, 100, FALSE, TRUE, 'T1200H', 14510, 12710 );
INSERT INTO "dias_line_groups" VALUES ( 18252, 20 );
INSERT INTO "times" VALUES ( 18252, 12710, '12:15:00', NULL, NULL );
INSERT INTO "times" VALUES ( 18252, 14510, NULL, '12:02:00', 40 );
INSERT INTO "times" VALUES ( 18252, 14520, '12:03:00', '12:03:00', 40 );
INSERT INTO "times" VALUES ( 18252, 14530, '12:06:00', '12:06:00', 40 );
INSERT INTO "times" VALUES ( 18252, 14540, '12:08:00', '12:08:00', 40 );
INSERT INTO "times" VALUES ( 18252, 14550, '12:10:00', '12:10:00', 40 );
INSERT INTO "times" VALUES ( 18252, 14560, '12:11:00', '12:11:00', 40 );
INSERT INTO "times" VALUES ( 18252, 14570, '12:13:00', '12:13:00', 40 );

INSERT INTO "dias" VALUES ( 18253, 100, FALSE, TRUE, 'T1201W', 12710, 14510 );
INSERT INTO "dias_line_groups" VALUES ( 18253, 20 );
INSERT INTO "times" VALUES ( 18253, 12710, NULL, '12:05:00', 40 );
INSERT INTO "times" VALUES ( 18253, 14510, '12:19:00', NULL, NULL );
INSERT INTO "times" VALUES ( 18253, 14520, '12:17:00', '12:17:00', 40 );
INSERT INTO "times" VALUES ( 18253, 14530, '12:14:00', '12:14:00', 40 );
INSERT INTO "times" VALUES ( 18253, 14540, '12:12:00', '12:12:00', 40 );
INSERT INTO "times" VALUES ( 18253, 14550, '12:11:00', '12:11:00', 40 );
INSERT INTO "times" VALUES ( 18253, 14560, '12:09:00', '12:09:00', 40 );
INSERT INTO "times" VALUES ( 18253, 14570, '12:07:00', '12:07:00', 40 );

INSERT INTO "dias" VALUES ( 18254, 100, FALSE, TRUE, 'T1202H', 14510, 12710 );
INSERT INTO "dias_line_groups" VALUES ( 18254, 20 );
INSERT INTO "times" VALUES ( 18254, 12710, '12:25:00', NULL, NULL );
INSERT INTO "times" VALUES ( 18254, 14510, NULL, '12:12:00', 40 );
INSERT INTO "times" VALUES ( 18254, 14520, '12:13:00', '12:13:00', 40 );
INSERT INTO "times" VALUES ( 18254, 14530, '12:16:00', '12:16:00', 40 );
INSERT INTO "times" VALUES ( 18254, 14540, '12:18:00', '12:18:00', 40 );
INSERT INTO "times" VALUES ( 18254, 14550, '12:20:00', '12:20:00', 40 );
INSERT INTO "times" VALUES ( 18254, 14560, '12:21:00', '12:21:00', 40 );
INSERT INTO "times" VALUES ( 18254, 14570, '12:23:00', '12:23:00', 40 );

INSERT INTO "dias" VALUES ( 18255, 100, FALSE, TRUE, 'T1203W', 12710, 14510 );
INSERT INTO "dias_line_groups" VALUES ( 18255, 20 );
INSERT INTO "times" VALUES ( 18255, 12710, NULL, '12:15:00', 40 );
INSERT INTO "times" VALUES ( 18255, 14510, '12:29:00', NULL, NULL );
INSERT INTO "times" VALUES ( 18255, 14520, '12:27:00', '12:27:00', 40 );
INSERT INTO "times" VALUES ( 18255, 14530, '12:24:00', '12:24:00', 40 );
INSERT INTO "times" VALUES ( 18255, 14540, '12:22:00', '12:22:00', 40 );
INSERT INTO "times" VALUES ( 18255, 14550, '12:21:00', '12:21:00', 40 );
INSERT INTO "times" VALUES ( 18255, 14560, '12:19:00', '12:19:00', 40 );
INSERT INTO "times" VALUES ( 18255, 14570, '12:17:00', '12:17:00', 40 );

INSERT INTO "dias" VALUES ( 18256, 100, FALSE, TRUE, 'T1204H', 14510, 12710 );
INSERT INTO "dias_line_groups" VALUES ( 18256, 20 );
INSERT INTO "times" VALUES ( 18256, 12710, '12:35:00', NULL, NULL );
INSERT INTO "times" VALUES ( 18256, 14510, NULL, '12:22:00', 40 );
INSERT INTO "times" VALUES ( 18256, 14520, '12:23:00', '12:23:00', 40 );
INSERT INTO "times" VALUES ( 18256, 14530, '12:26:00', '12:26:00', 40 );
INSERT INTO "times" VALUES ( 18256, 14540, '12:28:00', '12:28:00', 40 );
INSERT INTO "times" VALUES ( 18256, 14550, '12:30:00', '12:30:00', 40 );
INSERT INTO "times" VALUES ( 18256, 14560, '12:31:00', '12:31:00', 40 );
INSERT INTO "times" VALUES ( 18256, 14570, '12:33:00', '12:33:00', 40 );

INSERT INTO "dias" VALUES ( 18257, 100, FALSE, TRUE, 'T1205W', 12710, 14510 );
INSERT INTO "dias_line_groups" VALUES ( 18257, 20 );
INSERT INTO "times" VALUES ( 18257, 12710, NULL, '12:25:00', 40 );
INSERT INTO "times" VALUES ( 18257, 14510, '12:39:00', NULL, NULL );
INSERT INTO "times" VALUES ( 18257, 14520, '12:37:00', '12:37:00', 40 );
INSERT INTO "times" VALUES ( 18257, 14530, '12:34:00', '12:34:00', 40 );
INSERT INTO "times" VALUES ( 18257, 14540, '12:32:00', '12:32:00', 40 );
INSERT INTO "times" VALUES ( 18257, 14550, '12:31:00', '12:31:00', 40 );
INSERT INTO "times" VALUES ( 18257, 14560, '12:29:00', '12:29:00', 40 );
INSERT INTO "times" VALUES ( 18257, 14570, '12:27:00', '12:27:00', 40 );

INSERT INTO "dias" VALUES ( 18258, 100, FALSE, TRUE, 'T1206H', 14510, 12710 );
INSERT INTO "dias_line_groups" VALUES ( 18258, 20 );
INSERT INTO "times" VALUES ( 18258, 12710, '12:45:00', NULL, NULL );
INSERT INTO "times" VALUES ( 18258, 14510, NULL, '12:32:00', 40 );
INSERT INTO "times" VALUES ( 18258, 14520, '12:33:00', '12:33:00', 40 );
INSERT INTO "times" VALUES ( 18258, 14530, '12:36:00', '12:36:00', 40 );
INSERT INTO "times" VALUES ( 18258, 14540, '12:38:00', '12:38:00', 40 );
INSERT INTO "times" VALUES ( 18258, 14550, '12:40:00', '12:40:00', 40 );
INSERT INTO "times" VALUES ( 18258, 14560, '12:41:00', '12:41:00', 40 );
INSERT INTO "times" VALUES ( 18258, 14570, '12:43:00', '12:43:00', 40 );

INSERT INTO "dias" VALUES ( 18259, 100, FALSE, TRUE, 'T1207W', 12710, 14510 );
INSERT INTO "dias_line_groups" VALUES ( 18259, 20 );
INSERT INTO "times" VALUES ( 18259, 12710, NULL, '12:35:00', 40 );
INSERT INTO "times" VALUES ( 18259, 14510, '12:49:00', NULL, NULL );
INSERT INTO "times" VALUES ( 18259, 14520, '12:47:00', '12:47:00', 40 );
INSERT INTO "times" VALUES ( 18259, 14530, '12:44:00', '12:44:00', 40 );
INSERT INTO "times" VALUES ( 18259, 14540, '12:42:00', '12:42:00', 40 );
INSERT INTO "times" VALUES ( 18259, 14550, '12:41:00', '12:41:00', 40 );
INSERT INTO "times" VALUES ( 18259, 14560, '12:39:00', '12:39:00', 40 );
INSERT INTO "times" VALUES ( 18259, 14570, '12:37:00', '12:37:00', 40 );

INSERT INTO "dias" VALUES ( 18260, 100, FALSE, TRUE, 'T1208H', 14510, 12710 );
INSERT INTO "dias_line_groups" VALUES ( 18260, 20 );
INSERT INTO "times" VALUES ( 18260, 12710, '12:55:00', NULL, NULL );
INSERT INTO "times" VALUES ( 18260, 14510, NULL, '12:42:00', 40 );
INSERT INTO "times" VALUES ( 18260, 14520, '12:43:00', '12:43:00', 40 );
INSERT INTO "times" VALUES ( 18260, 14530, '12:46:00', '12:46:00', 40 );
INSERT INTO "times" VALUES ( 18260, 14540, '12:48:00', '12:48:00', 40 );
INSERT INTO "times" VALUES ( 18260, 14550, '12:50:00', '12:50:00', 40 );
INSERT INTO "times" VALUES ( 18260, 14560, '12:51:00', '12:51:00', 40 );
INSERT INTO "times" VALUES ( 18260, 14570, '12:53:00', '12:53:00', 40 );

INSERT INTO "dias" VALUES ( 18261, 100, FALSE, TRUE, 'T1209W', 12710, 14510 );
INSERT INTO "dias_line_groups" VALUES ( 18261, 20 );
INSERT INTO "times" VALUES ( 18261, 12710, NULL, '12:45:00', 40 );
INSERT INTO "times" VALUES ( 18261, 14510, '12:59:00', NULL, NULL );
INSERT INTO "times" VALUES ( 18261, 14520, '12:57:00', '12:57:00', 40 );
INSERT INTO "times" VALUES ( 18261, 14530, '12:54:00', '12:54:00', 40 );
INSERT INTO "times" VALUES ( 18261, 14540, '12:52:00', '12:52:00', 40 );
INSERT INTO "times" VALUES ( 18261, 14550, '12:51:00', '12:51:00', 40 );
INSERT INTO "times" VALUES ( 18261, 14560, '12:49:00', '12:49:00', 40 );
INSERT INTO "times" VALUES ( 18261, 14570, '12:47:00', '12:47:00', 40 );

INSERT INTO "dias" VALUES ( 18262, 100, FALSE, TRUE, 'T1210H', 14510, 12710 );
INSERT INTO "dias_line_groups" VALUES ( 18262, 20 );
INSERT INTO "times" VALUES ( 18262, 12710, '13:05:00', NULL, NULL );
INSERT INTO "times" VALUES ( 18262, 14510, NULL, '12:52:00', 40 );
INSERT INTO "times" VALUES ( 18262, 14520, '12:53:00', '12:53:00', 40 );
INSERT INTO "times" VALUES ( 18262, 14530, '12:56:00', '12:56:00', 40 );
INSERT INTO "times" VALUES ( 18262, 14540, '12:58:00', '12:58:00', 40 );
INSERT INTO "times" VALUES ( 18262, 14550, '13:00:00', '13:00:00', 40 );
INSERT INTO "times" VALUES ( 18262, 14560, '13:01:00', '13:01:00', 40 );
INSERT INTO "times" VALUES ( 18262, 14570, '13:03:00', '13:03:00', 40 );

INSERT INTO "dias" VALUES ( 18263, 100, FALSE, TRUE, 'T1211W', 12710, 14510 );
INSERT INTO "dias_line_groups" VALUES ( 18263, 20 );
INSERT INTO "times" VALUES ( 18263, 12710, NULL, '12:55:00', 40 );
INSERT INTO "times" VALUES ( 18263, 14510, '13:09:00', NULL, NULL );
INSERT INTO "times" VALUES ( 18263, 14520, '13:07:00', '13:07:00', 40 );
INSERT INTO "times" VALUES ( 18263, 14530, '13:04:00', '13:04:00', 40 );
INSERT INTO "times" VALUES ( 18263, 14540, '13:02:00', '13:02:00', 40 );
INSERT INTO "times" VALUES ( 18263, 14550, '13:01:00', '13:01:00', 40 );
INSERT INTO "times" VALUES ( 18263, 14560, '12:59:00', '12:59:00', 40 );
INSERT INTO "times" VALUES ( 18263, 14570, '12:57:00', '12:57:00', 40 );

INSERT INTO "dias" VALUES ( 18264, 100, FALSE, TRUE, 'T1300H', 14510, 12710 );
INSERT INTO "dias_line_groups" VALUES ( 18264, 20 );
INSERT INTO "times" VALUES ( 18264, 12710, '13:15:00', NULL, NULL );
INSERT INTO "times" VALUES ( 18264, 14510, NULL, '13:02:00', 40 );
INSERT INTO "times" VALUES ( 18264, 14520, '13:03:00', '13:03:00', 40 );
INSERT INTO "times" VALUES ( 18264, 14530, '13:06:00', '13:06:00', 40 );
INSERT INTO "times" VALUES ( 18264, 14540, '13:08:00', '13:08:00', 40 );
INSERT INTO "times" VALUES ( 18264, 14550, '13:10:00', '13:10:00', 40 );
INSERT INTO "times" VALUES ( 18264, 14560, '13:11:00', '13:11:00', 40 );
INSERT INTO "times" VALUES ( 18264, 14570, '13:13:00', '13:13:00', 40 );

INSERT INTO "dias" VALUES ( 18265, 100, FALSE, TRUE, 'T1301W', 12710, 14510 );
INSERT INTO "dias_line_groups" VALUES ( 18265, 20 );
INSERT INTO "times" VALUES ( 18265, 12710, NULL, '13:05:00', 40 );
INSERT INTO "times" VALUES ( 18265, 14510, '13:19:00', NULL, NULL );
INSERT INTO "times" VALUES ( 18265, 14520, '13:17:00', '13:17:00', 40 );
INSERT INTO "times" VALUES ( 18265, 14530, '13:14:00', '13:14:00', 40 );
INSERT INTO "times" VALUES ( 18265, 14540, '13:12:00', '13:12:00', 40 );
INSERT INTO "times" VALUES ( 18265, 14550, '13:11:00', '13:11:00', 40 );
INSERT INTO "times" VALUES ( 18265, 14560, '13:09:00', '13:09:00', 40 );
INSERT INTO "times" VALUES ( 18265, 14570, '13:07:00', '13:07:00', 40 );

INSERT INTO "dias" VALUES ( 18266, 100, FALSE, TRUE, 'T1302H', 14510, 12710 );
INSERT INTO "dias_line_groups" VALUES ( 18266, 20 );
INSERT INTO "times" VALUES ( 18266, 12710, '13:25:00', NULL, NULL );
INSERT INTO "times" VALUES ( 18266, 14510, NULL, '13:12:00', 40 );
INSERT INTO "times" VALUES ( 18266, 14520, '13:13:00', '13:13:00', 40 );
INSERT INTO "times" VALUES ( 18266, 14530, '13:16:00', '13:16:00', 40 );
INSERT INTO "times" VALUES ( 18266, 14540, '13:18:00', '13:18:00', 40 );
INSERT INTO "times" VALUES ( 18266, 14550, '13:20:00', '13:20:00', 40 );
INSERT INTO "times" VALUES ( 18266, 14560, '13:21:00', '13:21:00', 40 );
INSERT INTO "times" VALUES ( 18266, 14570, '13:23:00', '13:23:00', 40 );

INSERT INTO "dias" VALUES ( 18267, 100, FALSE, TRUE, 'T1303W', 12710, 14510 );
INSERT INTO "dias_line_groups" VALUES ( 18267, 20 );
INSERT INTO "times" VALUES ( 18267, 12710, NULL, '13:15:00', 40 );
INSERT INTO "times" VALUES ( 18267, 14510, '13:29:00', NULL, NULL );
INSERT INTO "times" VALUES ( 18267, 14520, '13:27:00', '13:27:00', 40 );
INSERT INTO "times" VALUES ( 18267, 14530, '13:24:00', '13:24:00', 40 );
INSERT INTO "times" VALUES ( 18267, 14540, '13:22:00', '13:22:00', 40 );
INSERT INTO "times" VALUES ( 18267, 14550, '13:21:00', '13:21:00', 40 );
INSERT INTO "times" VALUES ( 18267, 14560, '13:19:00', '13:19:00', 40 );
INSERT INTO "times" VALUES ( 18267, 14570, '13:17:00', '13:17:00', 40 );

INSERT INTO "dias" VALUES ( 18268, 100, FALSE, TRUE, 'T1304H', 14510, 12710 );
INSERT INTO "dias_line_groups" VALUES ( 18268, 20 );
INSERT INTO "times" VALUES ( 18268, 12710, '13:35:00', NULL, NULL );
INSERT INTO "times" VALUES ( 18268, 14510, NULL, '13:22:00', 40 );
INSERT INTO "times" VALUES ( 18268, 14520, '13:23:00', '13:23:00', 40 );
INSERT INTO "times" VALUES ( 18268, 14530, '13:26:00', '13:26:00', 40 );
INSERT INTO "times" VALUES ( 18268, 14540, '13:28:00', '13:28:00', 40 );
INSERT INTO "times" VALUES ( 18268, 14550, '13:30:00', '13:30:00', 40 );
INSERT INTO "times" VALUES ( 18268, 14560, '13:31:00', '13:31:00', 40 );
INSERT INTO "times" VALUES ( 18268, 14570, '13:33:00', '13:33:00', 40 );

INSERT INTO "dias" VALUES ( 18269, 100, FALSE, TRUE, 'T1305W', 12710, 14510 );
INSERT INTO "dias_line_groups" VALUES ( 18269, 20 );
INSERT INTO "times" VALUES ( 18269, 12710, NULL, '13:25:00', 40 );
INSERT INTO "times" VALUES ( 18269, 14510, '13:39:00', NULL, NULL );
INSERT INTO "times" VALUES ( 18269, 14520, '13:37:00', '13:37:00', 40 );
INSERT INTO "times" VALUES ( 18269, 14530, '13:34:00', '13:34:00', 40 );
INSERT INTO "times" VALUES ( 18269, 14540, '13:32:00', '13:32:00', 40 );
INSERT INTO "times" VALUES ( 18269, 14550, '13:31:00', '13:31:00', 40 );
INSERT INTO "times" VALUES ( 18269, 14560, '13:29:00', '13:29:00', 40 );
INSERT INTO "times" VALUES ( 18269, 14570, '13:27:00', '13:27:00', 40 );

INSERT INTO "dias" VALUES ( 18270, 100, FALSE, TRUE, 'T1306H', 14510, 12710 );
INSERT INTO "dias_line_groups" VALUES ( 18270, 20 );
INSERT INTO "times" VALUES ( 18270, 12710, '13:45:00', NULL, NULL );
INSERT INTO "times" VALUES ( 18270, 14510, NULL, '13:32:00', 40 );
INSERT INTO "times" VALUES ( 18270, 14520, '13:33:00', '13:33:00', 40 );
INSERT INTO "times" VALUES ( 18270, 14530, '13:36:00', '13:36:00', 40 );
INSERT INTO "times" VALUES ( 18270, 14540, '13:38:00', '13:38:00', 40 );
INSERT INTO "times" VALUES ( 18270, 14550, '13:40:00', '13:40:00', 40 );
INSERT INTO "times" VALUES ( 18270, 14560, '13:41:00', '13:41:00', 40 );
INSERT INTO "times" VALUES ( 18270, 14570, '13:43:00', '13:43:00', 40 );

INSERT INTO "dias" VALUES ( 18271, 100, FALSE, TRUE, 'T1307W', 12710, 14510 );
INSERT INTO "dias_line_groups" VALUES ( 18271, 20 );
INSERT INTO "times" VALUES ( 18271, 12710, NULL, '13:35:00', 40 );
INSERT INTO "times" VALUES ( 18271, 14510, '13:49:00', NULL, NULL );
INSERT INTO "times" VALUES ( 18271, 14520, '13:47:00', '13:47:00', 40 );
INSERT INTO "times" VALUES ( 18271, 14530, '13:44:00', '13:44:00', 40 );
INSERT INTO "times" VALUES ( 18271, 14540, '13:42:00', '13:42:00', 40 );
INSERT INTO "times" VALUES ( 18271, 14550, '13:41:00', '13:41:00', 40 );
INSERT INTO "times" VALUES ( 18271, 14560, '13:39:00', '13:39:00', 40 );
INSERT INTO "times" VALUES ( 18271, 14570, '13:37:00', '13:37:00', 40 );

INSERT INTO "dias" VALUES ( 18272, 100, FALSE, TRUE, 'T1308H', 14510, 12710 );
INSERT INTO "dias_line_groups" VALUES ( 18272, 20 );
INSERT INTO "times" VALUES ( 18272, 12710, '13:55:00', NULL, NULL );
INSERT INTO "times" VALUES ( 18272, 14510, NULL, '13:42:00', 40 );
INSERT INTO "times" VALUES ( 18272, 14520, '13:43:00', '13:43:00', 40 );
INSERT INTO "times" VALUES ( 18272, 14530, '13:46:00', '13:46:00', 40 );
INSERT INTO "times" VALUES ( 18272, 14540, '13:48:00', '13:48:00', 40 );
INSERT INTO "times" VALUES ( 18272, 14550, '13:50:00', '13:50:00', 40 );
INSERT INTO "times" VALUES ( 18272, 14560, '13:51:00', '13:51:00', 40 );
INSERT INTO "times" VALUES ( 18272, 14570, '13:53:00', '13:53:00', 40 );

INSERT INTO "dias" VALUES ( 18273, 100, FALSE, TRUE, 'T1309W', 12710, 14510 );
INSERT INTO "dias_line_groups" VALUES ( 18273, 20 );
INSERT INTO "times" VALUES ( 18273, 12710, NULL, '13:45:00', 40 );
INSERT INTO "times" VALUES ( 18273, 14510, '13:59:00', NULL, NULL );
INSERT INTO "times" VALUES ( 18273, 14520, '13:57:00', '13:57:00', 40 );
INSERT INTO "times" VALUES ( 18273, 14530, '13:54:00', '13:54:00', 40 );
INSERT INTO "times" VALUES ( 18273, 14540, '13:52:00', '13:52:00', 40 );
INSERT INTO "times" VALUES ( 18273, 14550, '13:51:00', '13:51:00', 40 );
INSERT INTO "times" VALUES ( 18273, 14560, '13:49:00', '13:49:00', 40 );
INSERT INTO "times" VALUES ( 18273, 14570, '13:47:00', '13:47:00', 40 );

INSERT INTO "dias" VALUES ( 18274, 100, FALSE, TRUE, 'T1310H', 14510, 12710 );
INSERT INTO "dias_line_groups" VALUES ( 18274, 20 );
INSERT INTO "times" VALUES ( 18274, 12710, '14:05:00', NULL, NULL );
INSERT INTO "times" VALUES ( 18274, 14510, NULL, '13:52:00', 40 );
INSERT INTO "times" VALUES ( 18274, 14520, '13:53:00', '13:53:00', 40 );
INSERT INTO "times" VALUES ( 18274, 14530, '13:56:00', '13:56:00', 40 );
INSERT INTO "times" VALUES ( 18274, 14540, '13:58:00', '13:58:00', 40 );
INSERT INTO "times" VALUES ( 18274, 14550, '14:00:00', '14:00:00', 40 );
INSERT INTO "times" VALUES ( 18274, 14560, '14:01:00', '14:01:00', 40 );
INSERT INTO "times" VALUES ( 18274, 14570, '14:03:00', '14:03:00', 40 );

INSERT INTO "dias" VALUES ( 18275, 100, FALSE, TRUE, 'T1311W', 12710, 14510 );
INSERT INTO "dias_line_groups" VALUES ( 18275, 20 );
INSERT INTO "times" VALUES ( 18275, 12710, NULL, '13:55:00', 40 );
INSERT INTO "times" VALUES ( 18275, 14510, '14:09:00', NULL, NULL );
INSERT INTO "times" VALUES ( 18275, 14520, '14:07:00', '14:07:00', 40 );
INSERT INTO "times" VALUES ( 18275, 14530, '14:04:00', '14:04:00', 40 );
INSERT INTO "times" VALUES ( 18275, 14540, '14:02:00', '14:02:00', 40 );
INSERT INTO "times" VALUES ( 18275, 14550, '14:01:00', '14:01:00', 40 );
INSERT INTO "times" VALUES ( 18275, 14560, '13:59:00', '13:59:00', 40 );
INSERT INTO "times" VALUES ( 18275, 14570, '13:57:00', '13:57:00', 40 );

INSERT INTO "dias" VALUES ( 18276, 100, FALSE, TRUE, 'T1400H', 14510, 12710 );
INSERT INTO "dias_line_groups" VALUES ( 18276, 20 );
INSERT INTO "times" VALUES ( 18276, 12710, '14:15:00', NULL, NULL );
INSERT INTO "times" VALUES ( 18276, 14510, NULL, '14:02:00', 40 );
INSERT INTO "times" VALUES ( 18276, 14520, '14:03:00', '14:03:00', 40 );
INSERT INTO "times" VALUES ( 18276, 14530, '14:06:00', '14:06:00', 40 );
INSERT INTO "times" VALUES ( 18276, 14540, '14:08:00', '14:08:00', 40 );
INSERT INTO "times" VALUES ( 18276, 14550, '14:10:00', '14:10:00', 40 );
INSERT INTO "times" VALUES ( 18276, 14560, '14:11:00', '14:11:00', 40 );
INSERT INTO "times" VALUES ( 18276, 14570, '14:13:00', '14:13:00', 40 );

INSERT INTO "dias" VALUES ( 18277, 100, FALSE, TRUE, 'T1401W', 12710, 14510 );
INSERT INTO "dias_line_groups" VALUES ( 18277, 20 );
INSERT INTO "times" VALUES ( 18277, 12710, NULL, '14:05:00', 40 );
INSERT INTO "times" VALUES ( 18277, 14510, '14:19:00', NULL, NULL );
INSERT INTO "times" VALUES ( 18277, 14520, '14:17:00', '14:17:00', 40 );
INSERT INTO "times" VALUES ( 18277, 14530, '14:14:00', '14:14:00', 40 );
INSERT INTO "times" VALUES ( 18277, 14540, '14:12:00', '14:12:00', 40 );
INSERT INTO "times" VALUES ( 18277, 14550, '14:11:00', '14:11:00', 40 );
INSERT INTO "times" VALUES ( 18277, 14560, '14:09:00', '14:09:00', 40 );
INSERT INTO "times" VALUES ( 18277, 14570, '14:07:00', '14:07:00', 40 );

INSERT INTO "dias" VALUES ( 18278, 100, FALSE, TRUE, 'T1402H', 14510, 12710 );
INSERT INTO "dias_line_groups" VALUES ( 18278, 20 );
INSERT INTO "times" VALUES ( 18278, 12710, '14:25:00', NULL, NULL );
INSERT INTO "times" VALUES ( 18278, 14510, NULL, '14:12:00', 40 );
INSERT INTO "times" VALUES ( 18278, 14520, '14:13:00', '14:13:00', 40 );
INSERT INTO "times" VALUES ( 18278, 14530, '14:16:00', '14:16:00', 40 );
INSERT INTO "times" VALUES ( 18278, 14540, '14:18:00', '14:18:00', 40 );
INSERT INTO "times" VALUES ( 18278, 14550, '14:20:00', '14:20:00', 40 );
INSERT INTO "times" VALUES ( 18278, 14560, '14:21:00', '14:21:00', 40 );
INSERT INTO "times" VALUES ( 18278, 14570, '14:23:00', '14:23:00', 40 );

INSERT INTO "dias" VALUES ( 18279, 100, FALSE, TRUE, 'T1403W', 12710, 14510 );
INSERT INTO "dias_line_groups" VALUES ( 18279, 20 );
INSERT INTO "times" VALUES ( 18279, 12710, NULL, '14:15:00', 40 );
INSERT INTO "times" VALUES ( 18279, 14510, '14:29:00', NULL, NULL );
INSERT INTO "times" VALUES ( 18279, 14520, '14:27:00', '14:27:00', 40 );
INSERT INTO "times" VALUES ( 18279, 14530, '14:24:00', '14:24:00', 40 );
INSERT INTO "times" VALUES ( 18279, 14540, '14:22:00', '14:22:00', 40 );
INSERT INTO "times" VALUES ( 18279, 14550, '14:21:00', '14:21:00', 40 );
INSERT INTO "times" VALUES ( 18279, 14560, '14:19:00', '14:19:00', 40 );
INSERT INTO "times" VALUES ( 18279, 14570, '14:17:00', '14:17:00', 40 );

INSERT INTO "dias" VALUES ( 18280, 100, FALSE, TRUE, 'T1404H', 14510, 12710 );
INSERT INTO "dias_line_groups" VALUES ( 18280, 20 );
INSERT INTO "times" VALUES ( 18280, 12710, '14:35:00', NULL, NULL );
INSERT INTO "times" VALUES ( 18280, 14510, NULL, '14:22:00', 40 );
INSERT INTO "times" VALUES ( 18280, 14520, '14:23:00', '14:23:00', 40 );
INSERT INTO "times" VALUES ( 18280, 14530, '14:26:00', '14:26:00', 40 );
INSERT INTO "times" VALUES ( 18280, 14540, '14:28:00', '14:28:00', 40 );
INSERT INTO "times" VALUES ( 18280, 14550, '14:30:00', '14:30:00', 40 );
INSERT INTO "times" VALUES ( 18280, 14560, '14:31:00', '14:31:00', 40 );
INSERT INTO "times" VALUES ( 18280, 14570, '14:33:00', '14:33:00', 40 );

INSERT INTO "dias" VALUES ( 18281, 100, FALSE, TRUE, 'T1405W', 12710, 14510 );
INSERT INTO "dias_line_groups" VALUES ( 18281, 20 );
INSERT INTO "times" VALUES ( 18281, 12710, NULL, '14:25:00', 40 );
INSERT INTO "times" VALUES ( 18281, 14510, '14:39:00', NULL, NULL );
INSERT INTO "times" VALUES ( 18281, 14520, '14:37:00', '14:37:00', 40 );
INSERT INTO "times" VALUES ( 18281, 14530, '14:34:00', '14:34:00', 40 );
INSERT INTO "times" VALUES ( 18281, 14540, '14:32:00', '14:32:00', 40 );
INSERT INTO "times" VALUES ( 18281, 14550, '14:31:00', '14:31:00', 40 );
INSERT INTO "times" VALUES ( 18281, 14560, '14:29:00', '14:29:00', 40 );
INSERT INTO "times" VALUES ( 18281, 14570, '14:27:00', '14:27:00', 40 );

INSERT INTO "dias" VALUES ( 18282, 100, FALSE, TRUE, 'T1406H', 14510, 12710 );
INSERT INTO "dias_line_groups" VALUES ( 18282, 20 );
INSERT INTO "times" VALUES ( 18282, 12710, '14:45:00', NULL, NULL );
INSERT INTO "times" VALUES ( 18282, 14510, NULL, '14:32:00', 40 );
INSERT INTO "times" VALUES ( 18282, 14520, '14:33:00', '14:33:00', 40 );
INSERT INTO "times" VALUES ( 18282, 14530, '14:36:00', '14:36:00', 40 );
INSERT INTO "times" VALUES ( 18282, 14540, '14:38:00', '14:38:00', 40 );
INSERT INTO "times" VALUES ( 18282, 14550, '14:40:00', '14:40:00', 40 );
INSERT INTO "times" VALUES ( 18282, 14560, '14:41:00', '14:41:00', 40 );
INSERT INTO "times" VALUES ( 18282, 14570, '14:43:00', '14:43:00', 40 );

INSERT INTO "dias" VALUES ( 18283, 100, FALSE, TRUE, 'T1407W', 12710, 14510 );
INSERT INTO "dias_line_groups" VALUES ( 18283, 20 );
INSERT INTO "times" VALUES ( 18283, 12710, NULL, '14:35:00', 40 );
INSERT INTO "times" VALUES ( 18283, 14510, '14:49:00', NULL, NULL );
INSERT INTO "times" VALUES ( 18283, 14520, '14:47:00', '14:47:00', 40 );
INSERT INTO "times" VALUES ( 18283, 14530, '14:44:00', '14:44:00', 40 );
INSERT INTO "times" VALUES ( 18283, 14540, '14:42:00', '14:42:00', 40 );
INSERT INTO "times" VALUES ( 18283, 14550, '14:41:00', '14:41:00', 40 );
INSERT INTO "times" VALUES ( 18283, 14560, '14:39:00', '14:39:00', 40 );
INSERT INTO "times" VALUES ( 18283, 14570, '14:37:00', '14:37:00', 40 );

INSERT INTO "dias" VALUES ( 18284, 100, FALSE, TRUE, 'T1408H', 14510, 12710 );
INSERT INTO "dias_line_groups" VALUES ( 18284, 20 );
INSERT INTO "times" VALUES ( 18284, 12710, '14:55:00', NULL, NULL );
INSERT INTO "times" VALUES ( 18284, 14510, NULL, '14:42:00', 40 );
INSERT INTO "times" VALUES ( 18284, 14520, '14:43:00', '14:43:00', 40 );
INSERT INTO "times" VALUES ( 18284, 14530, '14:46:00', '14:46:00', 40 );
INSERT INTO "times" VALUES ( 18284, 14540, '14:48:00', '14:48:00', 40 );
INSERT INTO "times" VALUES ( 18284, 14550, '14:50:00', '14:50:00', 40 );
INSERT INTO "times" VALUES ( 18284, 14560, '14:51:00', '14:51:00', 40 );
INSERT INTO "times" VALUES ( 18284, 14570, '14:53:00', '14:53:00', 40 );

INSERT INTO "dias" VALUES ( 18285, 100, FALSE, TRUE, 'T1409W', 12710, 14510 );
INSERT INTO "dias_line_groups" VALUES ( 18285, 20 );
INSERT INTO "times" VALUES ( 18285, 12710, NULL, '14:45:00', 40 );
INSERT INTO "times" VALUES ( 18285, 14510, '14:59:00', NULL, NULL );
INSERT INTO "times" VALUES ( 18285, 14520, '14:57:00', '14:57:00', 40 );
INSERT INTO "times" VALUES ( 18285, 14530, '14:54:00', '14:54:00', 40 );
INSERT INTO "times" VALUES ( 18285, 14540, '14:52:00', '14:52:00', 40 );
INSERT INTO "times" VALUES ( 18285, 14550, '14:51:00', '14:51:00', 40 );
INSERT INTO "times" VALUES ( 18285, 14560, '14:49:00', '14:49:00', 40 );
INSERT INTO "times" VALUES ( 18285, 14570, '14:47:00', '14:47:00', 40 );

INSERT INTO "dias" VALUES ( 18286, 100, FALSE, TRUE, 'T1410H', 14510, 12710 );
INSERT INTO "dias_line_groups" VALUES ( 18286, 20 );
INSERT INTO "times" VALUES ( 18286, 12710, '15:05:00', NULL, NULL );
INSERT INTO "times" VALUES ( 18286, 14510, NULL, '14:52:00', 40 );
INSERT INTO "times" VALUES ( 18286, 14520, '14:53:00', '14:53:00', 40 );
INSERT INTO "times" VALUES ( 18286, 14530, '14:56:00', '14:56:00', 40 );
INSERT INTO "times" VALUES ( 18286, 14540, '14:58:00', '14:58:00', 40 );
INSERT INTO "times" VALUES ( 18286, 14550, '15:00:00', '15:00:00', 40 );
INSERT INTO "times" VALUES ( 18286, 14560, '15:01:00', '15:01:00', 40 );
INSERT INTO "times" VALUES ( 18286, 14570, '15:03:00', '15:03:00', 40 );

INSERT INTO "dias" VALUES ( 18287, 100, FALSE, TRUE, 'T1411W', 12710, 14510 );
INSERT INTO "dias_line_groups" VALUES ( 18287, 20 );
INSERT INTO "times" VALUES ( 18287, 12710, NULL, '14:55:00', 40 );
INSERT INTO "times" VALUES ( 18287, 14510, '15:09:00', NULL, NULL );
INSERT INTO "times" VALUES ( 18287, 14520, '15:07:00', '15:07:00', 40 );
INSERT INTO "times" VALUES ( 18287, 14530, '15:04:00', '15:04:00', 40 );
INSERT INTO "times" VALUES ( 18287, 14540, '15:02:00', '15:02:00', 40 );
INSERT INTO "times" VALUES ( 18287, 14550, '15:01:00', '15:01:00', 40 );
INSERT INTO "times" VALUES ( 18287, 14560, '14:59:00', '14:59:00', 40 );
INSERT INTO "times" VALUES ( 18287, 14570, '14:57:00', '14:57:00', 40 );

INSERT INTO "dias" VALUES ( 18288, 100, FALSE, TRUE, 'T1500H', 14510, 12710 );
INSERT INTO "dias_line_groups" VALUES ( 18288, 20 );
INSERT INTO "times" VALUES ( 18288, 12710, '15:15:00', NULL, NULL );
INSERT INTO "times" VALUES ( 18288, 14510, NULL, '15:02:00', 40 );
INSERT INTO "times" VALUES ( 18288, 14520, '15:03:00', '15:03:00', 40 );
INSERT INTO "times" VALUES ( 18288, 14530, '15:06:00', '15:06:00', 40 );
INSERT INTO "times" VALUES ( 18288, 14540, '15:08:00', '15:08:00', 40 );
INSERT INTO "times" VALUES ( 18288, 14550, '15:10:00', '15:10:00', 40 );
INSERT INTO "times" VALUES ( 18288, 14560, '15:11:00', '15:11:00', 40 );
INSERT INTO "times" VALUES ( 18288, 14570, '15:13:00', '15:13:00', 40 );

INSERT INTO "dias" VALUES ( 18289, 100, FALSE, TRUE, 'T1501W', 12710, 14510 );
INSERT INTO "dias_line_groups" VALUES ( 18289, 20 );
INSERT INTO "times" VALUES ( 18289, 12710, NULL, '15:05:00', 40 );
INSERT INTO "times" VALUES ( 18289, 14510, '15:19:00', NULL, NULL );
INSERT INTO "times" VALUES ( 18289, 14520, '15:17:00', '15:17:00', 40 );
INSERT INTO "times" VALUES ( 18289, 14530, '15:14:00', '15:14:00', 40 );
INSERT INTO "times" VALUES ( 18289, 14540, '15:12:00', '15:12:00', 40 );
INSERT INTO "times" VALUES ( 18289, 14550, '15:11:00', '15:11:00', 40 );
INSERT INTO "times" VALUES ( 18289, 14560, '15:09:00', '15:09:00', 40 );
INSERT INTO "times" VALUES ( 18289, 14570, '15:07:00', '15:07:00', 40 );

INSERT INTO "dias" VALUES ( 18290, 100, FALSE, TRUE, 'T1502H', 14510, 12710 );
INSERT INTO "dias_line_groups" VALUES ( 18290, 20 );
INSERT INTO "times" VALUES ( 18290, 12710, '15:25:00', NULL, NULL );
INSERT INTO "times" VALUES ( 18290, 14510, NULL, '15:12:00', 40 );
INSERT INTO "times" VALUES ( 18290, 14520, '15:13:00', '15:13:00', 40 );
INSERT INTO "times" VALUES ( 18290, 14530, '15:16:00', '15:16:00', 40 );
INSERT INTO "times" VALUES ( 18290, 14540, '15:18:00', '15:18:00', 40 );
INSERT INTO "times" VALUES ( 18290, 14550, '15:20:00', '15:20:00', 40 );
INSERT INTO "times" VALUES ( 18290, 14560, '15:21:00', '15:21:00', 40 );
INSERT INTO "times" VALUES ( 18290, 14570, '15:23:00', '15:23:00', 40 );

INSERT INTO "dias" VALUES ( 18291, 100, FALSE, TRUE, 'T1503W', 12710, 14510 );
INSERT INTO "dias_line_groups" VALUES ( 18291, 20 );
INSERT INTO "times" VALUES ( 18291, 12710, NULL, '15:15:00', 40 );
INSERT INTO "times" VALUES ( 18291, 14510, '15:29:00', NULL, NULL );
INSERT INTO "times" VALUES ( 18291, 14520, '15:27:00', '15:27:00', 40 );
INSERT INTO "times" VALUES ( 18291, 14530, '15:24:00', '15:24:00', 40 );
INSERT INTO "times" VALUES ( 18291, 14540, '15:22:00', '15:22:00', 40 );
INSERT INTO "times" VALUES ( 18291, 14550, '15:21:00', '15:21:00', 40 );
INSERT INTO "times" VALUES ( 18291, 14560, '15:19:00', '15:19:00', 40 );
INSERT INTO "times" VALUES ( 18291, 14570, '15:17:00', '15:17:00', 40 );

INSERT INTO "dias" VALUES ( 18292, 100, FALSE, TRUE, 'T1504H', 14510, 12710 );
INSERT INTO "dias_line_groups" VALUES ( 18292, 20 );
INSERT INTO "times" VALUES ( 18292, 12710, '15:35:00', NULL, NULL );
INSERT INTO "times" VALUES ( 18292, 14510, NULL, '15:22:00', 40 );
INSERT INTO "times" VALUES ( 18292, 14520, '15:23:00', '15:23:00', 40 );
INSERT INTO "times" VALUES ( 18292, 14530, '15:26:00', '15:26:00', 40 );
INSERT INTO "times" VALUES ( 18292, 14540, '15:28:00', '15:28:00', 40 );
INSERT INTO "times" VALUES ( 18292, 14550, '15:30:00', '15:30:00', 40 );
INSERT INTO "times" VALUES ( 18292, 14560, '15:31:00', '15:31:00', 40 );
INSERT INTO "times" VALUES ( 18292, 14570, '15:33:00', '15:33:00', 40 );

INSERT INTO "dias" VALUES ( 18293, 100, FALSE, TRUE, 'T1505W', 12710, 14510 );
INSERT INTO "dias_line_groups" VALUES ( 18293, 20 );
INSERT INTO "times" VALUES ( 18293, 12710, NULL, '15:25:00', 40 );
INSERT INTO "times" VALUES ( 18293, 14510, '15:39:00', NULL, NULL );
INSERT INTO "times" VALUES ( 18293, 14520, '15:37:00', '15:37:00', 40 );
INSERT INTO "times" VALUES ( 18293, 14530, '15:34:00', '15:34:00', 40 );
INSERT INTO "times" VALUES ( 18293, 14540, '15:32:00', '15:32:00', 40 );
INSERT INTO "times" VALUES ( 18293, 14550, '15:31:00', '15:31:00', 40 );
INSERT INTO "times" VALUES ( 18293, 14560, '15:29:00', '15:29:00', 40 );
INSERT INTO "times" VALUES ( 18293, 14570, '15:27:00', '15:27:00', 40 );

INSERT INTO "dias" VALUES ( 18294, 100, FALSE, TRUE, 'T1506H', 14510, 12710 );
INSERT INTO "dias_line_groups" VALUES ( 18294, 20 );
INSERT INTO "times" VALUES ( 18294, 12710, '15:45:00', NULL, NULL );
INSERT INTO "times" VALUES ( 18294, 14510, NULL, '15:32:00', 40 );
INSERT INTO "times" VALUES ( 18294, 14520, '15:33:00', '15:33:00', 40 );
INSERT INTO "times" VALUES ( 18294, 14530, '15:36:00', '15:36:00', 40 );
INSERT INTO "times" VALUES ( 18294, 14540, '15:38:00', '15:38:00', 40 );
INSERT INTO "times" VALUES ( 18294, 14550, '15:40:00', '15:40:00', 40 );
INSERT INTO "times" VALUES ( 18294, 14560, '15:41:00', '15:41:00', 40 );
INSERT INTO "times" VALUES ( 18294, 14570, '15:43:00', '15:43:00', 40 );

INSERT INTO "dias" VALUES ( 18295, 100, FALSE, TRUE, 'T1507W', 12710, 14510 );
INSERT INTO "dias_line_groups" VALUES ( 18295, 20 );
INSERT INTO "times" VALUES ( 18295, 12710, NULL, '15:35:00', 40 );
INSERT INTO "times" VALUES ( 18295, 14510, '15:49:00', NULL, NULL );
INSERT INTO "times" VALUES ( 18295, 14520, '15:47:00', '15:47:00', 40 );
INSERT INTO "times" VALUES ( 18295, 14530, '15:44:00', '15:44:00', 40 );
INSERT INTO "times" VALUES ( 18295, 14540, '15:42:00', '15:42:00', 40 );
INSERT INTO "times" VALUES ( 18295, 14550, '15:41:00', '15:41:00', 40 );
INSERT INTO "times" VALUES ( 18295, 14560, '15:39:00', '15:39:00', 40 );
INSERT INTO "times" VALUES ( 18295, 14570, '15:37:00', '15:37:00', 40 );

INSERT INTO "dias" VALUES ( 18296, 100, FALSE, TRUE, 'T1508H', 14510, 12710 );
INSERT INTO "dias_line_groups" VALUES ( 18296, 20 );
INSERT INTO "times" VALUES ( 18296, 12710, '15:55:00', NULL, NULL );
INSERT INTO "times" VALUES ( 18296, 14510, NULL, '15:42:00', 40 );
INSERT INTO "times" VALUES ( 18296, 14520, '15:43:00', '15:43:00', 40 );
INSERT INTO "times" VALUES ( 18296, 14530, '15:46:00', '15:46:00', 40 );
INSERT INTO "times" VALUES ( 18296, 14540, '15:48:00', '15:48:00', 40 );
INSERT INTO "times" VALUES ( 18296, 14550, '15:50:00', '15:50:00', 40 );
INSERT INTO "times" VALUES ( 18296, 14560, '15:51:00', '15:51:00', 40 );
INSERT INTO "times" VALUES ( 18296, 14570, '15:53:00', '15:53:00', 40 );

INSERT INTO "dias" VALUES ( 18297, 100, FALSE, TRUE, 'T1509W', 12710, 14510 );
INSERT INTO "dias_line_groups" VALUES ( 18297, 20 );
INSERT INTO "times" VALUES ( 18297, 12710, NULL, '15:45:00', 40 );
INSERT INTO "times" VALUES ( 18297, 14510, '15:59:00', NULL, NULL );
INSERT INTO "times" VALUES ( 18297, 14520, '15:57:00', '15:57:00', 40 );
INSERT INTO "times" VALUES ( 18297, 14530, '15:54:00', '15:54:00', 40 );
INSERT INTO "times" VALUES ( 18297, 14540, '15:52:00', '15:52:00', 40 );
INSERT INTO "times" VALUES ( 18297, 14550, '15:51:00', '15:51:00', 40 );
INSERT INTO "times" VALUES ( 18297, 14560, '15:49:00', '15:49:00', 40 );
INSERT INTO "times" VALUES ( 18297, 14570, '15:47:00', '15:47:00', 40 );

INSERT INTO "dias" VALUES ( 18298, 100, FALSE, TRUE, 'T1510H', 14510, 12710 );
INSERT INTO "dias_line_groups" VALUES ( 18298, 20 );
INSERT INTO "times" VALUES ( 18298, 12710, '16:05:00', NULL, NULL );
INSERT INTO "times" VALUES ( 18298, 14510, NULL, '15:52:00', 40 );
INSERT INTO "times" VALUES ( 18298, 14520, '15:53:00', '15:53:00', 40 );
INSERT INTO "times" VALUES ( 18298, 14530, '15:56:00', '15:56:00', 40 );
INSERT INTO "times" VALUES ( 18298, 14540, '15:58:00', '15:58:00', 40 );
INSERT INTO "times" VALUES ( 18298, 14550, '16:00:00', '16:00:00', 40 );
INSERT INTO "times" VALUES ( 18298, 14560, '16:01:00', '16:01:00', 40 );
INSERT INTO "times" VALUES ( 18298, 14570, '16:03:00', '16:03:00', 40 );

INSERT INTO "dias" VALUES ( 18299, 100, FALSE, TRUE, 'T1511W', 12710, 14510 );
INSERT INTO "dias_line_groups" VALUES ( 18299, 20 );
INSERT INTO "times" VALUES ( 18299, 12710, NULL, '15:55:00', 40 );
INSERT INTO "times" VALUES ( 18299, 14510, '16:09:00', NULL, NULL );
INSERT INTO "times" VALUES ( 18299, 14520, '16:07:00', '16:07:00', 40 );
INSERT INTO "times" VALUES ( 18299, 14530, '16:04:00', '16:04:00', 40 );
INSERT INTO "times" VALUES ( 18299, 14540, '16:02:00', '16:02:00', 40 );
INSERT INTO "times" VALUES ( 18299, 14550, '16:01:00', '16:01:00', 40 );
INSERT INTO "times" VALUES ( 18299, 14560, '15:59:00', '15:59:00', 40 );
INSERT INTO "times" VALUES ( 18299, 14570, '15:57:00', '15:57:00', 40 );

INSERT INTO "dias" VALUES ( 18300, 100, FALSE, TRUE, 'T1600H', 14510, 12710 );
INSERT INTO "dias_line_groups" VALUES ( 18300, 20 );
INSERT INTO "times" VALUES ( 18300, 12710, '16:15:00', NULL, NULL );
INSERT INTO "times" VALUES ( 18300, 14510, NULL, '16:02:00', 40 );
INSERT INTO "times" VALUES ( 18300, 14520, '16:03:00', '16:03:00', 40 );
INSERT INTO "times" VALUES ( 18300, 14530, '16:06:00', '16:06:00', 40 );
INSERT INTO "times" VALUES ( 18300, 14540, '16:08:00', '16:08:00', 40 );
INSERT INTO "times" VALUES ( 18300, 14550, '16:10:00', '16:10:00', 40 );
INSERT INTO "times" VALUES ( 18300, 14560, '16:11:00', '16:11:00', 40 );
INSERT INTO "times" VALUES ( 18300, 14570, '16:13:00', '16:13:00', 40 );

INSERT INTO "dias" VALUES ( 18301, 100, FALSE, TRUE, 'T1601W', 12710, 14510 );
INSERT INTO "dias_line_groups" VALUES ( 18301, 20 );
INSERT INTO "times" VALUES ( 18301, 12710, NULL, '16:05:00', 40 );
INSERT INTO "times" VALUES ( 18301, 14510, '16:19:00', NULL, NULL );
INSERT INTO "times" VALUES ( 18301, 14520, '16:17:00', '16:17:00', 40 );
INSERT INTO "times" VALUES ( 18301, 14530, '16:14:00', '16:14:00', 40 );
INSERT INTO "times" VALUES ( 18301, 14540, '16:12:00', '16:12:00', 40 );
INSERT INTO "times" VALUES ( 18301, 14550, '16:11:00', '16:11:00', 40 );
INSERT INTO "times" VALUES ( 18301, 14560, '16:09:00', '16:09:00', 40 );
INSERT INTO "times" VALUES ( 18301, 14570, '16:07:00', '16:07:00', 40 );

INSERT INTO "dias" VALUES ( 18302, 100, FALSE, TRUE, 'T1602H', 14510, 12710 );
INSERT INTO "dias_line_groups" VALUES ( 18302, 20 );
INSERT INTO "times" VALUES ( 18302, 12710, '16:25:00', NULL, NULL );
INSERT INTO "times" VALUES ( 18302, 14510, NULL, '16:12:00', 40 );
INSERT INTO "times" VALUES ( 18302, 14520, '16:13:00', '16:13:00', 40 );
INSERT INTO "times" VALUES ( 18302, 14530, '16:16:00', '16:16:00', 40 );
INSERT INTO "times" VALUES ( 18302, 14540, '16:18:00', '16:18:00', 40 );
INSERT INTO "times" VALUES ( 18302, 14550, '16:20:00', '16:20:00', 40 );
INSERT INTO "times" VALUES ( 18302, 14560, '16:21:00', '16:21:00', 40 );
INSERT INTO "times" VALUES ( 18302, 14570, '16:23:00', '16:23:00', 40 );

INSERT INTO "dias" VALUES ( 18303, 100, FALSE, TRUE, 'T1603W', 12710, 14510 );
INSERT INTO "dias_line_groups" VALUES ( 18303, 20 );
INSERT INTO "times" VALUES ( 18303, 12710, NULL, '16:15:00', 40 );
INSERT INTO "times" VALUES ( 18303, 14510, '16:29:00', NULL, NULL );
INSERT INTO "times" VALUES ( 18303, 14520, '16:27:00', '16:27:00', 40 );
INSERT INTO "times" VALUES ( 18303, 14530, '16:24:00', '16:24:00', 40 );
INSERT INTO "times" VALUES ( 18303, 14540, '16:22:00', '16:22:00', 40 );
INSERT INTO "times" VALUES ( 18303, 14550, '16:21:00', '16:21:00', 40 );
INSERT INTO "times" VALUES ( 18303, 14560, '16:19:00', '16:19:00', 40 );
INSERT INTO "times" VALUES ( 18303, 14570, '16:17:00', '16:17:00', 40 );

INSERT INTO "dias" VALUES ( 18304, 100, FALSE, TRUE, 'T1604H', 14510, 12710 );
INSERT INTO "dias_line_groups" VALUES ( 18304, 20 );
INSERT INTO "times" VALUES ( 18304, 12710, '16:35:00', NULL, NULL );
INSERT INTO "times" VALUES ( 18304, 14510, NULL, '16:22:00', 40 );
INSERT INTO "times" VALUES ( 18304, 14520, '16:23:00', '16:23:00', 40 );
INSERT INTO "times" VALUES ( 18304, 14530, '16:26:00', '16:26:00', 40 );
INSERT INTO "times" VALUES ( 18304, 14540, '16:28:00', '16:28:00', 40 );
INSERT INTO "times" VALUES ( 18304, 14550, '16:30:00', '16:30:00', 40 );
INSERT INTO "times" VALUES ( 18304, 14560, '16:31:00', '16:31:00', 40 );
INSERT INTO "times" VALUES ( 18304, 14570, '16:33:00', '16:33:00', 40 );

INSERT INTO "dias" VALUES ( 18305, 100, FALSE, TRUE, 'T1605W', 12710, 14510 );
INSERT INTO "dias_line_groups" VALUES ( 18305, 20 );
INSERT INTO "times" VALUES ( 18305, 12710, NULL, '16:25:00', 40 );
INSERT INTO "times" VALUES ( 18305, 14510, '16:39:00', NULL, NULL );
INSERT INTO "times" VALUES ( 18305, 14520, '16:37:00', '16:37:00', 40 );
INSERT INTO "times" VALUES ( 18305, 14530, '16:34:00', '16:34:00', 40 );
INSERT INTO "times" VALUES ( 18305, 14540, '16:32:00', '16:32:00', 40 );
INSERT INTO "times" VALUES ( 18305, 14550, '16:31:00', '16:31:00', 40 );
INSERT INTO "times" VALUES ( 18305, 14560, '16:29:00', '16:29:00', 40 );
INSERT INTO "times" VALUES ( 18305, 14570, '16:27:00', '16:27:00', 40 );

INSERT INTO "dias" VALUES ( 18306, 100, FALSE, TRUE, 'T1606H', 14510, 12710 );
INSERT INTO "dias_line_groups" VALUES ( 18306, 20 );
INSERT INTO "times" VALUES ( 18306, 12710, '16:45:00', NULL, NULL );
INSERT INTO "times" VALUES ( 18306, 14510, NULL, '16:32:00', 40 );
INSERT INTO "times" VALUES ( 18306, 14520, '16:33:00', '16:33:00', 40 );
INSERT INTO "times" VALUES ( 18306, 14530, '16:36:00', '16:36:00', 40 );
INSERT INTO "times" VALUES ( 18306, 14540, '16:38:00', '16:38:00', 40 );
INSERT INTO "times" VALUES ( 18306, 14550, '16:40:00', '16:40:00', 40 );
INSERT INTO "times" VALUES ( 18306, 14560, '16:41:00', '16:41:00', 40 );
INSERT INTO "times" VALUES ( 18306, 14570, '16:43:00', '16:43:00', 40 );

INSERT INTO "dias" VALUES ( 18307, 100, FALSE, TRUE, 'T1607W', 12710, 14510 );
INSERT INTO "dias_line_groups" VALUES ( 18307, 20 );
INSERT INTO "times" VALUES ( 18307, 12710, NULL, '16:35:00', 40 );
INSERT INTO "times" VALUES ( 18307, 14510, '16:49:00', NULL, NULL );
INSERT INTO "times" VALUES ( 18307, 14520, '16:47:00', '16:47:00', 40 );
INSERT INTO "times" VALUES ( 18307, 14530, '16:44:00', '16:44:00', 40 );
INSERT INTO "times" VALUES ( 18307, 14540, '16:42:00', '16:42:00', 40 );
INSERT INTO "times" VALUES ( 18307, 14550, '16:41:00', '16:41:00', 40 );
INSERT INTO "times" VALUES ( 18307, 14560, '16:39:00', '16:39:00', 40 );
INSERT INTO "times" VALUES ( 18307, 14570, '16:37:00', '16:37:00', 40 );

INSERT INTO "dias" VALUES ( 18308, 100, FALSE, TRUE, 'T1608H', 14510, 12710 );
INSERT INTO "dias_line_groups" VALUES ( 18308, 20 );
INSERT INTO "times" VALUES ( 18308, 12710, '16:55:00', NULL, NULL );
INSERT INTO "times" VALUES ( 18308, 14510, NULL, '16:42:00', 40 );
INSERT INTO "times" VALUES ( 18308, 14520, '16:43:00', '16:43:00', 40 );
INSERT INTO "times" VALUES ( 18308, 14530, '16:46:00', '16:46:00', 40 );
INSERT INTO "times" VALUES ( 18308, 14540, '16:48:00', '16:48:00', 40 );
INSERT INTO "times" VALUES ( 18308, 14550, '16:50:00', '16:50:00', 40 );
INSERT INTO "times" VALUES ( 18308, 14560, '16:51:00', '16:51:00', 40 );
INSERT INTO "times" VALUES ( 18308, 14570, '16:53:00', '16:53:00', 40 );

INSERT INTO "dias" VALUES ( 18309, 100, FALSE, TRUE, 'T1609W', 12710, 14510 );
INSERT INTO "dias_line_groups" VALUES ( 18309, 20 );
INSERT INTO "times" VALUES ( 18309, 12710, NULL, '16:45:00', 40 );
INSERT INTO "times" VALUES ( 18309, 14510, '16:59:00', NULL, NULL );
INSERT INTO "times" VALUES ( 18309, 14520, '16:57:00', '16:57:00', 40 );
INSERT INTO "times" VALUES ( 18309, 14530, '16:54:00', '16:54:00', 40 );
INSERT INTO "times" VALUES ( 18309, 14540, '16:52:00', '16:52:00', 40 );
INSERT INTO "times" VALUES ( 18309, 14550, '16:51:00', '16:51:00', 40 );
INSERT INTO "times" VALUES ( 18309, 14560, '16:49:00', '16:49:00', 40 );
INSERT INTO "times" VALUES ( 18309, 14570, '16:47:00', '16:47:00', 40 );

INSERT INTO "dias" VALUES ( 18310, 100, FALSE, TRUE, 'T1610H', 14510, 12710 );
INSERT INTO "dias_line_groups" VALUES ( 18310, 20 );
INSERT INTO "times" VALUES ( 18310, 12710, '17:05:00', NULL, NULL );
INSERT INTO "times" VALUES ( 18310, 14510, NULL, '16:52:00', 40 );
INSERT INTO "times" VALUES ( 18310, 14520, '16:53:00', '16:53:00', 40 );
INSERT INTO "times" VALUES ( 18310, 14530, '16:56:00', '16:56:00', 40 );
INSERT INTO "times" VALUES ( 18310, 14540, '16:58:00', '16:58:00', 40 );
INSERT INTO "times" VALUES ( 18310, 14550, '17:00:00', '17:00:00', 40 );
INSERT INTO "times" VALUES ( 18310, 14560, '17:01:00', '17:01:00', 40 );
INSERT INTO "times" VALUES ( 18310, 14570, '17:03:00', '17:03:00', 40 );

INSERT INTO "dias" VALUES ( 18311, 100, FALSE, TRUE, 'T1611W', 12710, 14510 );
INSERT INTO "dias_line_groups" VALUES ( 18311, 20 );
INSERT INTO "times" VALUES ( 18311, 12710, NULL, '16:55:00', 40 );
INSERT INTO "times" VALUES ( 18311, 14510, '17:09:00', NULL, NULL );
INSERT INTO "times" VALUES ( 18311, 14520, '17:07:00', '17:07:00', 40 );
INSERT INTO "times" VALUES ( 18311, 14530, '17:04:00', '17:04:00', 40 );
INSERT INTO "times" VALUES ( 18311, 14540, '17:02:00', '17:02:00', 40 );
INSERT INTO "times" VALUES ( 18311, 14550, '17:01:00', '17:01:00', 40 );
INSERT INTO "times" VALUES ( 18311, 14560, '16:59:00', '16:59:00', 40 );
INSERT INTO "times" VALUES ( 18311, 14570, '16:57:00', '16:57:00', 40 );

INSERT INTO "dias" VALUES ( 18312, 100, FALSE, TRUE, 'T1700H', 14510, 12710 );
INSERT INTO "dias_line_groups" VALUES ( 18312, 20 );
INSERT INTO "times" VALUES ( 18312, 12710, '17:15:00', NULL, NULL );
INSERT INTO "times" VALUES ( 18312, 14510, NULL, '17:02:00', 40 );
INSERT INTO "times" VALUES ( 18312, 14520, '17:03:00', '17:03:00', 40 );
INSERT INTO "times" VALUES ( 18312, 14530, '17:06:00', '17:06:00', 40 );
INSERT INTO "times" VALUES ( 18312, 14540, '17:08:00', '17:08:00', 40 );
INSERT INTO "times" VALUES ( 18312, 14550, '17:10:00', '17:10:00', 40 );
INSERT INTO "times" VALUES ( 18312, 14560, '17:11:00', '17:11:00', 40 );
INSERT INTO "times" VALUES ( 18312, 14570, '17:13:00', '17:13:00', 40 );

INSERT INTO "dias" VALUES ( 18313, 100, FALSE, TRUE, 'T1701W', 12710, 14510 );
INSERT INTO "dias_line_groups" VALUES ( 18313, 20 );
INSERT INTO "times" VALUES ( 18313, 12710, NULL, '17:05:00', 40 );
INSERT INTO "times" VALUES ( 18313, 14510, '17:19:00', NULL, NULL );
INSERT INTO "times" VALUES ( 18313, 14520, '17:17:00', '17:17:00', 40 );
INSERT INTO "times" VALUES ( 18313, 14530, '17:14:00', '17:14:00', 40 );
INSERT INTO "times" VALUES ( 18313, 14540, '17:12:00', '17:12:00', 40 );
INSERT INTO "times" VALUES ( 18313, 14550, '17:11:00', '17:11:00', 40 );
INSERT INTO "times" VALUES ( 18313, 14560, '17:09:00', '17:09:00', 40 );
INSERT INTO "times" VALUES ( 18313, 14570, '17:07:00', '17:07:00', 40 );

INSERT INTO "dias" VALUES ( 18314, 100, FALSE, TRUE, 'T1702H', 14510, 12710 );
INSERT INTO "dias_line_groups" VALUES ( 18314, 20 );
INSERT INTO "times" VALUES ( 18314, 12710, '17:25:00', NULL, NULL );
INSERT INTO "times" VALUES ( 18314, 14510, NULL, '17:12:00', 40 );
INSERT INTO "times" VALUES ( 18314, 14520, '17:13:00', '17:13:00', 40 );
INSERT INTO "times" VALUES ( 18314, 14530, '17:16:00', '17:16:00', 40 );
INSERT INTO "times" VALUES ( 18314, 14540, '17:18:00', '17:18:00', 40 );
INSERT INTO "times" VALUES ( 18314, 14550, '17:20:00', '17:20:00', 40 );
INSERT INTO "times" VALUES ( 18314, 14560, '17:21:00', '17:21:00', 40 );
INSERT INTO "times" VALUES ( 18314, 14570, '17:23:00', '17:23:00', 40 );

INSERT INTO "dias" VALUES ( 18315, 100, FALSE, TRUE, 'T1703W', 12710, 14510 );
INSERT INTO "dias_line_groups" VALUES ( 18315, 20 );
INSERT INTO "times" VALUES ( 18315, 12710, NULL, '17:15:00', 40 );
INSERT INTO "times" VALUES ( 18315, 14510, '17:29:00', NULL, NULL );
INSERT INTO "times" VALUES ( 18315, 14520, '17:27:00', '17:27:00', 40 );
INSERT INTO "times" VALUES ( 18315, 14530, '17:24:00', '17:24:00', 40 );
INSERT INTO "times" VALUES ( 18315, 14540, '17:22:00', '17:22:00', 40 );
INSERT INTO "times" VALUES ( 18315, 14550, '17:21:00', '17:21:00', 40 );
INSERT INTO "times" VALUES ( 18315, 14560, '17:19:00', '17:19:00', 40 );
INSERT INTO "times" VALUES ( 18315, 14570, '17:17:00', '17:17:00', 40 );

INSERT INTO "dias" VALUES ( 18316, 100, FALSE, TRUE, 'T1704H', 14510, 12710 );
INSERT INTO "dias_line_groups" VALUES ( 18316, 20 );
INSERT INTO "times" VALUES ( 18316, 12710, '17:35:00', NULL, NULL );
INSERT INTO "times" VALUES ( 18316, 14510, NULL, '17:22:00', 40 );
INSERT INTO "times" VALUES ( 18316, 14520, '17:23:00', '17:23:00', 40 );
INSERT INTO "times" VALUES ( 18316, 14530, '17:26:00', '17:26:00', 40 );
INSERT INTO "times" VALUES ( 18316, 14540, '17:28:00', '17:28:00', 40 );
INSERT INTO "times" VALUES ( 18316, 14550, '17:30:00', '17:30:00', 40 );
INSERT INTO "times" VALUES ( 18316, 14560, '17:31:00', '17:31:00', 40 );
INSERT INTO "times" VALUES ( 18316, 14570, '17:33:00', '17:33:00', 40 );

INSERT INTO "dias" VALUES ( 18317, 100, FALSE, TRUE, 'T1705W', 12710, 14510 );
INSERT INTO "dias_line_groups" VALUES ( 18317, 20 );
INSERT INTO "times" VALUES ( 18317, 12710, NULL, '17:25:00', 40 );
INSERT INTO "times" VALUES ( 18317, 14510, '17:39:00', NULL, NULL );
INSERT INTO "times" VALUES ( 18317, 14520, '17:37:00', '17:37:00', 40 );
INSERT INTO "times" VALUES ( 18317, 14530, '17:34:00', '17:34:00', 40 );
INSERT INTO "times" VALUES ( 18317, 14540, '17:32:00', '17:32:00', 40 );
INSERT INTO "times" VALUES ( 18317, 14550, '17:31:00', '17:31:00', 40 );
INSERT INTO "times" VALUES ( 18317, 14560, '17:29:00', '17:29:00', 40 );
INSERT INTO "times" VALUES ( 18317, 14570, '17:27:00', '17:27:00', 40 );

INSERT INTO "dias" VALUES ( 18318, 100, FALSE, TRUE, 'T1706H', 14510, 12710 );
INSERT INTO "dias_line_groups" VALUES ( 18318, 20 );
INSERT INTO "times" VALUES ( 18318, 12710, '17:45:00', NULL, NULL );
INSERT INTO "times" VALUES ( 18318, 14510, NULL, '17:32:00', 40 );
INSERT INTO "times" VALUES ( 18318, 14520, '17:33:00', '17:33:00', 40 );
INSERT INTO "times" VALUES ( 18318, 14530, '17:36:00', '17:36:00', 40 );
INSERT INTO "times" VALUES ( 18318, 14540, '17:38:00', '17:38:00', 40 );
INSERT INTO "times" VALUES ( 18318, 14550, '17:40:00', '17:40:00', 40 );
INSERT INTO "times" VALUES ( 18318, 14560, '17:41:00', '17:41:00', 40 );
INSERT INTO "times" VALUES ( 18318, 14570, '17:43:00', '17:43:00', 40 );

INSERT INTO "dias" VALUES ( 18319, 100, FALSE, TRUE, 'T1707W', 12710, 14510 );
INSERT INTO "dias_line_groups" VALUES ( 18319, 20 );
INSERT INTO "times" VALUES ( 18319, 12710, NULL, '17:35:00', 40 );
INSERT INTO "times" VALUES ( 18319, 14510, '17:49:00', NULL, NULL );
INSERT INTO "times" VALUES ( 18319, 14520, '17:47:00', '17:47:00', 40 );
INSERT INTO "times" VALUES ( 18319, 14530, '17:44:00', '17:44:00', 40 );
INSERT INTO "times" VALUES ( 18319, 14540, '17:42:00', '17:42:00', 40 );
INSERT INTO "times" VALUES ( 18319, 14550, '17:41:00', '17:41:00', 40 );
INSERT INTO "times" VALUES ( 18319, 14560, '17:39:00', '17:39:00', 40 );
INSERT INTO "times" VALUES ( 18319, 14570, '17:37:00', '17:37:00', 40 );

INSERT INTO "dias" VALUES ( 18320, 100, FALSE, TRUE, 'T1708H', 14510, 12710 );
INSERT INTO "dias_line_groups" VALUES ( 18320, 20 );
INSERT INTO "times" VALUES ( 18320, 12710, '17:55:00', NULL, NULL );
INSERT INTO "times" VALUES ( 18320, 14510, NULL, '17:42:00', 40 );
INSERT INTO "times" VALUES ( 18320, 14520, '17:43:00', '17:43:00', 40 );
INSERT INTO "times" VALUES ( 18320, 14530, '17:46:00', '17:46:00', 40 );
INSERT INTO "times" VALUES ( 18320, 14540, '17:48:00', '17:48:00', 40 );
INSERT INTO "times" VALUES ( 18320, 14550, '17:50:00', '17:50:00', 40 );
INSERT INTO "times" VALUES ( 18320, 14560, '17:51:00', '17:51:00', 40 );
INSERT INTO "times" VALUES ( 18320, 14570, '17:53:00', '17:53:00', 40 );

INSERT INTO "dias" VALUES ( 18321, 100, FALSE, TRUE, 'T1709W', 12710, 14510 );
INSERT INTO "dias_line_groups" VALUES ( 18321, 20 );
INSERT INTO "times" VALUES ( 18321, 12710, NULL, '17:45:00', 40 );
INSERT INTO "times" VALUES ( 18321, 14510, '17:59:00', NULL, NULL );
INSERT INTO "times" VALUES ( 18321, 14520, '17:57:00', '17:57:00', 40 );
INSERT INTO "times" VALUES ( 18321, 14530, '17:54:00', '17:54:00', 40 );
INSERT INTO "times" VALUES ( 18321, 14540, '17:52:00', '17:52:00', 40 );
INSERT INTO "times" VALUES ( 18321, 14550, '17:51:00', '17:51:00', 40 );
INSERT INTO "times" VALUES ( 18321, 14560, '17:49:00', '17:49:00', 40 );
INSERT INTO "times" VALUES ( 18321, 14570, '17:47:00', '17:47:00', 40 );

INSERT INTO "dias" VALUES ( 18322, 100, FALSE, TRUE, 'T1710H', 14510, 12710 );
INSERT INTO "dias_line_groups" VALUES ( 18322, 20 );
INSERT INTO "times" VALUES ( 18322, 12710, '18:05:00', NULL, NULL );
INSERT INTO "times" VALUES ( 18322, 14510, NULL, '17:52:00', 40 );
INSERT INTO "times" VALUES ( 18322, 14520, '17:53:00', '17:53:00', 40 );
INSERT INTO "times" VALUES ( 18322, 14530, '17:56:00', '17:56:00', 40 );
INSERT INTO "times" VALUES ( 18322, 14540, '17:58:00', '17:58:00', 40 );
INSERT INTO "times" VALUES ( 18322, 14550, '18:00:00', '18:00:00', 40 );
INSERT INTO "times" VALUES ( 18322, 14560, '18:01:00', '18:01:00', 40 );
INSERT INTO "times" VALUES ( 18322, 14570, '18:03:00', '18:03:00', 40 );

INSERT INTO "dias" VALUES ( 18323, 100, FALSE, TRUE, 'T1711W', 12710, 14510 );
INSERT INTO "dias_line_groups" VALUES ( 18323, 20 );
INSERT INTO "times" VALUES ( 18323, 12710, NULL, '17:55:00', 40 );
INSERT INTO "times" VALUES ( 18323, 14510, '18:09:00', NULL, NULL );
INSERT INTO "times" VALUES ( 18323, 14520, '18:07:00', '18:07:00', 40 );
INSERT INTO "times" VALUES ( 18323, 14530, '18:04:00', '18:04:00', 40 );
INSERT INTO "times" VALUES ( 18323, 14540, '18:02:00', '18:02:00', 40 );
INSERT INTO "times" VALUES ( 18323, 14550, '18:01:00', '18:01:00', 40 );
INSERT INTO "times" VALUES ( 18323, 14560, '17:59:00', '17:59:00', 40 );
INSERT INTO "times" VALUES ( 18323, 14570, '17:57:00', '17:57:00', 40 );

INSERT INTO "dias" VALUES ( 18324, 100, FALSE, TRUE, 'T1800H', 14510, 12710 );
INSERT INTO "dias_line_groups" VALUES ( 18324, 20 );
INSERT INTO "times" VALUES ( 18324, 12710, '18:15:00', NULL, NULL );
INSERT INTO "times" VALUES ( 18324, 14510, NULL, '18:02:00', 40 );
INSERT INTO "times" VALUES ( 18324, 14520, '18:03:00', '18:03:00', 40 );
INSERT INTO "times" VALUES ( 18324, 14530, '18:06:00', '18:06:00', 40 );
INSERT INTO "times" VALUES ( 18324, 14540, '18:08:00', '18:08:00', 40 );
INSERT INTO "times" VALUES ( 18324, 14550, '18:10:00', '18:10:00', 40 );
INSERT INTO "times" VALUES ( 18324, 14560, '18:11:00', '18:11:00', 40 );
INSERT INTO "times" VALUES ( 18324, 14570, '18:13:00', '18:13:00', 40 );

INSERT INTO "dias" VALUES ( 18325, 100, FALSE, TRUE, 'T1801W', 12710, 14510 );
INSERT INTO "dias_line_groups" VALUES ( 18325, 20 );
INSERT INTO "times" VALUES ( 18325, 12710, NULL, '18:05:00', 40 );
INSERT INTO "times" VALUES ( 18325, 14510, '18:19:00', NULL, NULL );
INSERT INTO "times" VALUES ( 18325, 14520, '18:17:00', '18:17:00', 40 );
INSERT INTO "times" VALUES ( 18325, 14530, '18:14:00', '18:14:00', 40 );
INSERT INTO "times" VALUES ( 18325, 14540, '18:12:00', '18:12:00', 40 );
INSERT INTO "times" VALUES ( 18325, 14550, '18:11:00', '18:11:00', 40 );
INSERT INTO "times" VALUES ( 18325, 14560, '18:09:00', '18:09:00', 40 );
INSERT INTO "times" VALUES ( 18325, 14570, '18:07:00', '18:07:00', 40 );

INSERT INTO "dias" VALUES ( 18326, 100, FALSE, TRUE, 'T1802H', 14510, 12710 );
INSERT INTO "dias_line_groups" VALUES ( 18326, 20 );
INSERT INTO "times" VALUES ( 18326, 12710, '18:25:00', NULL, NULL );
INSERT INTO "times" VALUES ( 18326, 14510, NULL, '18:12:00', 40 );
INSERT INTO "times" VALUES ( 18326, 14520, '18:13:00', '18:13:00', 40 );
INSERT INTO "times" VALUES ( 18326, 14530, '18:16:00', '18:16:00', 40 );
INSERT INTO "times" VALUES ( 18326, 14540, '18:18:00', '18:18:00', 40 );
INSERT INTO "times" VALUES ( 18326, 14550, '18:20:00', '18:20:00', 40 );
INSERT INTO "times" VALUES ( 18326, 14560, '18:21:00', '18:21:00', 40 );
INSERT INTO "times" VALUES ( 18326, 14570, '18:23:00', '18:23:00', 40 );

INSERT INTO "dias" VALUES ( 18327, 100, FALSE, TRUE, 'T1803W', 12710, 14510 );
INSERT INTO "dias_line_groups" VALUES ( 18327, 20 );
INSERT INTO "times" VALUES ( 18327, 12710, NULL, '18:15:00', 40 );
INSERT INTO "times" VALUES ( 18327, 14510, '18:29:00', NULL, NULL );
INSERT INTO "times" VALUES ( 18327, 14520, '18:27:00', '18:27:00', 40 );
INSERT INTO "times" VALUES ( 18327, 14530, '18:24:00', '18:24:00', 40 );
INSERT INTO "times" VALUES ( 18327, 14540, '18:22:00', '18:22:00', 40 );
INSERT INTO "times" VALUES ( 18327, 14550, '18:21:00', '18:21:00', 40 );
INSERT INTO "times" VALUES ( 18327, 14560, '18:19:00', '18:19:00', 40 );
INSERT INTO "times" VALUES ( 18327, 14570, '18:17:00', '18:17:00', 40 );

INSERT INTO "dias" VALUES ( 18328, 100, FALSE, TRUE, 'T1804H', 14510, 12710 );
INSERT INTO "dias_line_groups" VALUES ( 18328, 20 );
INSERT INTO "times" VALUES ( 18328, 12710, '18:35:00', NULL, NULL );
INSERT INTO "times" VALUES ( 18328, 14510, NULL, '18:22:00', 40 );
INSERT INTO "times" VALUES ( 18328, 14520, '18:23:00', '18:23:00', 40 );
INSERT INTO "times" VALUES ( 18328, 14530, '18:26:00', '18:26:00', 40 );
INSERT INTO "times" VALUES ( 18328, 14540, '18:28:00', '18:28:00', 40 );
INSERT INTO "times" VALUES ( 18328, 14550, '18:30:00', '18:30:00', 40 );
INSERT INTO "times" VALUES ( 18328, 14560, '18:31:00', '18:31:00', 40 );
INSERT INTO "times" VALUES ( 18328, 14570, '18:33:00', '18:33:00', 40 );

INSERT INTO "dias" VALUES ( 18329, 100, FALSE, TRUE, 'T1805W', 12710, 14510 );
INSERT INTO "dias_line_groups" VALUES ( 18329, 20 );
INSERT INTO "times" VALUES ( 18329, 12710, NULL, '18:25:00', 40 );
INSERT INTO "times" VALUES ( 18329, 14510, '18:39:00', NULL, NULL );
INSERT INTO "times" VALUES ( 18329, 14520, '18:37:00', '18:37:00', 40 );
INSERT INTO "times" VALUES ( 18329, 14530, '18:34:00', '18:34:00', 40 );
INSERT INTO "times" VALUES ( 18329, 14540, '18:32:00', '18:32:00', 40 );
INSERT INTO "times" VALUES ( 18329, 14550, '18:31:00', '18:31:00', 40 );
INSERT INTO "times" VALUES ( 18329, 14560, '18:29:00', '18:29:00', 40 );
INSERT INTO "times" VALUES ( 18329, 14570, '18:27:00', '18:27:00', 40 );

INSERT INTO "dias" VALUES ( 18330, 100, FALSE, TRUE, 'T1806H', 14510, 12710 );
INSERT INTO "dias_line_groups" VALUES ( 18330, 20 );
INSERT INTO "times" VALUES ( 18330, 12710, '18:45:00', NULL, NULL );
INSERT INTO "times" VALUES ( 18330, 14510, NULL, '18:32:00', 40 );
INSERT INTO "times" VALUES ( 18330, 14520, '18:33:00', '18:33:00', 40 );
INSERT INTO "times" VALUES ( 18330, 14530, '18:36:00', '18:36:00', 40 );
INSERT INTO "times" VALUES ( 18330, 14540, '18:38:00', '18:38:00', 40 );
INSERT INTO "times" VALUES ( 18330, 14550, '18:40:00', '18:40:00', 40 );
INSERT INTO "times" VALUES ( 18330, 14560, '18:41:00', '18:41:00', 40 );
INSERT INTO "times" VALUES ( 18330, 14570, '18:43:00', '18:43:00', 40 );

INSERT INTO "dias" VALUES ( 18331, 100, FALSE, TRUE, 'T1807W', 12710, 14510 );
INSERT INTO "dias_line_groups" VALUES ( 18331, 20 );
INSERT INTO "times" VALUES ( 18331, 12710, NULL, '18:35:00', 40 );
INSERT INTO "times" VALUES ( 18331, 14510, '18:49:00', NULL, NULL );
INSERT INTO "times" VALUES ( 18331, 14520, '18:47:00', '18:47:00', 40 );
INSERT INTO "times" VALUES ( 18331, 14530, '18:44:00', '18:44:00', 40 );
INSERT INTO "times" VALUES ( 18331, 14540, '18:42:00', '18:42:00', 40 );
INSERT INTO "times" VALUES ( 18331, 14550, '18:41:00', '18:41:00', 40 );
INSERT INTO "times" VALUES ( 18331, 14560, '18:39:00', '18:39:00', 40 );
INSERT INTO "times" VALUES ( 18331, 14570, '18:37:00', '18:37:00', 40 );

INSERT INTO "dias" VALUES ( 18332, 100, FALSE, TRUE, 'T1808H', 14510, 12710 );
INSERT INTO "dias_line_groups" VALUES ( 18332, 20 );
INSERT INTO "times" VALUES ( 18332, 12710, '18:55:00', NULL, NULL );
INSERT INTO "times" VALUES ( 18332, 14510, NULL, '18:42:00', 40 );
INSERT INTO "times" VALUES ( 18332, 14520, '18:43:00', '18:43:00', 40 );
INSERT INTO "times" VALUES ( 18332, 14530, '18:46:00', '18:46:00', 40 );
INSERT INTO "times" VALUES ( 18332, 14540, '18:48:00', '18:48:00', 40 );
INSERT INTO "times" VALUES ( 18332, 14550, '18:50:00', '18:50:00', 40 );
INSERT INTO "times" VALUES ( 18332, 14560, '18:51:00', '18:51:00', 40 );
INSERT INTO "times" VALUES ( 18332, 14570, '18:53:00', '18:53:00', 40 );

INSERT INTO "dias" VALUES ( 18333, 100, FALSE, TRUE, 'T1809W', 12710, 14510 );
INSERT INTO "dias_line_groups" VALUES ( 18333, 20 );
INSERT INTO "times" VALUES ( 18333, 12710, NULL, '18:45:00', 40 );
INSERT INTO "times" VALUES ( 18333, 14510, '18:59:00', NULL, NULL );
INSERT INTO "times" VALUES ( 18333, 14520, '18:57:00', '18:57:00', 40 );
INSERT INTO "times" VALUES ( 18333, 14530, '18:54:00', '18:54:00', 40 );
INSERT INTO "times" VALUES ( 18333, 14540, '18:52:00', '18:52:00', 40 );
INSERT INTO "times" VALUES ( 18333, 14550, '18:51:00', '18:51:00', 40 );
INSERT INTO "times" VALUES ( 18333, 14560, '18:49:00', '18:49:00', 40 );
INSERT INTO "times" VALUES ( 18333, 14570, '18:47:00', '18:47:00', 40 );

INSERT INTO "dias" VALUES ( 18334, 100, FALSE, TRUE, 'T1810H', 14510, 12710 );
INSERT INTO "dias_line_groups" VALUES ( 18334, 20 );
INSERT INTO "times" VALUES ( 18334, 12710, '19:05:00', NULL, NULL );
INSERT INTO "times" VALUES ( 18334, 14510, NULL, '18:52:00', 40 );
INSERT INTO "times" VALUES ( 18334, 14520, '18:53:00', '18:53:00', 40 );
INSERT INTO "times" VALUES ( 18334, 14530, '18:56:00', '18:56:00', 40 );
INSERT INTO "times" VALUES ( 18334, 14540, '18:58:00', '18:58:00', 40 );
INSERT INTO "times" VALUES ( 18334, 14550, '19:00:00', '19:00:00', 40 );
INSERT INTO "times" VALUES ( 18334, 14560, '19:01:00', '19:01:00', 40 );
INSERT INTO "times" VALUES ( 18334, 14570, '19:03:00', '19:03:00', 40 );

INSERT INTO "dias" VALUES ( 18335, 100, FALSE, TRUE, 'T1811W', 12710, 14510 );
INSERT INTO "dias_line_groups" VALUES ( 18335, 20 );
INSERT INTO "times" VALUES ( 18335, 12710, NULL, '18:55:00', 40 );
INSERT INTO "times" VALUES ( 18335, 14510, '19:09:00', NULL, NULL );
INSERT INTO "times" VALUES ( 18335, 14520, '19:07:00', '19:07:00', 40 );
INSERT INTO "times" VALUES ( 18335, 14530, '19:04:00', '19:04:00', 40 );
INSERT INTO "times" VALUES ( 18335, 14540, '19:02:00', '19:02:00', 40 );
INSERT INTO "times" VALUES ( 18335, 14550, '19:01:00', '19:01:00', 40 );
INSERT INTO "times" VALUES ( 18335, 14560, '18:59:00', '18:59:00', 40 );
INSERT INTO "times" VALUES ( 18335, 14570, '18:57:00', '18:57:00', 40 );

INSERT INTO "dias" VALUES ( 18336, 100, FALSE, TRUE, 'T1900H', 14510, 12710 );
INSERT INTO "dias_line_groups" VALUES ( 18336, 20 );
INSERT INTO "times" VALUES ( 18336, 12710, '19:15:00', NULL, NULL );
INSERT INTO "times" VALUES ( 18336, 14510, NULL, '19:02:00', 40 );
INSERT INTO "times" VALUES ( 18336, 14520, '19:03:00', '19:03:00', 40 );
INSERT INTO "times" VALUES ( 18336, 14530, '19:06:00', '19:06:00', 40 );
INSERT INTO "times" VALUES ( 18336, 14540, '19:08:00', '19:08:00', 40 );
INSERT INTO "times" VALUES ( 18336, 14550, '19:10:00', '19:10:00', 40 );
INSERT INTO "times" VALUES ( 18336, 14560, '19:11:00', '19:11:00', 40 );
INSERT INTO "times" VALUES ( 18336, 14570, '19:13:00', '19:13:00', 40 );

INSERT INTO "dias" VALUES ( 18337, 100, FALSE, TRUE, 'T1901W', 12710, 14510 );
INSERT INTO "dias_line_groups" VALUES ( 18337, 20 );
INSERT INTO "times" VALUES ( 18337, 12710, NULL, '19:05:00', 40 );
INSERT INTO "times" VALUES ( 18337, 14510, '19:19:00', NULL, NULL );
INSERT INTO "times" VALUES ( 18337, 14520, '19:17:00', '19:17:00', 40 );
INSERT INTO "times" VALUES ( 18337, 14530, '19:14:00', '19:14:00', 40 );
INSERT INTO "times" VALUES ( 18337, 14540, '19:12:00', '19:12:00', 40 );
INSERT INTO "times" VALUES ( 18337, 14550, '19:11:00', '19:11:00', 40 );
INSERT INTO "times" VALUES ( 18337, 14560, '19:09:00', '19:09:00', 40 );
INSERT INTO "times" VALUES ( 18337, 14570, '19:07:00', '19:07:00', 40 );

INSERT INTO "dias" VALUES ( 18338, 100, FALSE, TRUE, 'T1902H', 14510, 12710 );
INSERT INTO "dias_line_groups" VALUES ( 18338, 20 );
INSERT INTO "times" VALUES ( 18338, 12710, '19:25:00', NULL, NULL );
INSERT INTO "times" VALUES ( 18338, 14510, NULL, '19:12:00', 40 );
INSERT INTO "times" VALUES ( 18338, 14520, '19:13:00', '19:13:00', 40 );
INSERT INTO "times" VALUES ( 18338, 14530, '19:16:00', '19:16:00', 40 );
INSERT INTO "times" VALUES ( 18338, 14540, '19:18:00', '19:18:00', 40 );
INSERT INTO "times" VALUES ( 18338, 14550, '19:20:00', '19:20:00', 40 );
INSERT INTO "times" VALUES ( 18338, 14560, '19:21:00', '19:21:00', 40 );
INSERT INTO "times" VALUES ( 18338, 14570, '19:23:00', '19:23:00', 40 );

INSERT INTO "dias" VALUES ( 18339, 100, FALSE, TRUE, 'T1903W', 12710, 14510 );
INSERT INTO "dias_line_groups" VALUES ( 18339, 20 );
INSERT INTO "times" VALUES ( 18339, 12710, NULL, '19:15:00', 40 );
INSERT INTO "times" VALUES ( 18339, 14510, '19:29:00', NULL, NULL );
INSERT INTO "times" VALUES ( 18339, 14520, '19:27:00', '19:27:00', 40 );
INSERT INTO "times" VALUES ( 18339, 14530, '19:24:00', '19:24:00', 40 );
INSERT INTO "times" VALUES ( 18339, 14540, '19:22:00', '19:22:00', 40 );
INSERT INTO "times" VALUES ( 18339, 14550, '19:21:00', '19:21:00', 40 );
INSERT INTO "times" VALUES ( 18339, 14560, '19:19:00', '19:19:00', 40 );
INSERT INTO "times" VALUES ( 18339, 14570, '19:17:00', '19:17:00', 40 );

INSERT INTO "dias" VALUES ( 18340, 100, FALSE, TRUE, 'T1904H', 14510, 12710 );
INSERT INTO "dias_line_groups" VALUES ( 18340, 20 );
INSERT INTO "times" VALUES ( 18340, 12710, '19:35:00', NULL, NULL );
INSERT INTO "times" VALUES ( 18340, 14510, NULL, '19:22:00', 40 );
INSERT INTO "times" VALUES ( 18340, 14520, '19:23:00', '19:23:00', 40 );
INSERT INTO "times" VALUES ( 18340, 14530, '19:26:00', '19:26:00', 40 );
INSERT INTO "times" VALUES ( 18340, 14540, '19:28:00', '19:28:00', 40 );
INSERT INTO "times" VALUES ( 18340, 14550, '19:30:00', '19:30:00', 40 );
INSERT INTO "times" VALUES ( 18340, 14560, '19:31:00', '19:31:00', 40 );
INSERT INTO "times" VALUES ( 18340, 14570, '19:33:00', '19:33:00', 40 );

INSERT INTO "dias" VALUES ( 18341, 100, FALSE, TRUE, 'T1905W', 12710, 14510 );
INSERT INTO "dias_line_groups" VALUES ( 18341, 20 );
INSERT INTO "times" VALUES ( 18341, 12710, NULL, '19:25:00', 40 );
INSERT INTO "times" VALUES ( 18341, 14510, '19:39:00', NULL, NULL );
INSERT INTO "times" VALUES ( 18341, 14520, '19:37:00', '19:37:00', 40 );
INSERT INTO "times" VALUES ( 18341, 14530, '19:34:00', '19:34:00', 40 );
INSERT INTO "times" VALUES ( 18341, 14540, '19:32:00', '19:32:00', 40 );
INSERT INTO "times" VALUES ( 18341, 14550, '19:31:00', '19:31:00', 40 );
INSERT INTO "times" VALUES ( 18341, 14560, '19:29:00', '19:29:00', 40 );
INSERT INTO "times" VALUES ( 18341, 14570, '19:27:00', '19:27:00', 40 );

INSERT INTO "dias" VALUES ( 18342, 100, FALSE, TRUE, 'T1906H', 14510, 12710 );
INSERT INTO "dias_line_groups" VALUES ( 18342, 20 );
INSERT INTO "times" VALUES ( 18342, 12710, '19:45:00', NULL, NULL );
INSERT INTO "times" VALUES ( 18342, 14510, NULL, '19:32:00', 40 );
INSERT INTO "times" VALUES ( 18342, 14520, '19:33:00', '19:33:00', 40 );
INSERT INTO "times" VALUES ( 18342, 14530, '19:36:00', '19:36:00', 40 );
INSERT INTO "times" VALUES ( 18342, 14540, '19:38:00', '19:38:00', 40 );
INSERT INTO "times" VALUES ( 18342, 14550, '19:40:00', '19:40:00', 40 );
INSERT INTO "times" VALUES ( 18342, 14560, '19:41:00', '19:41:00', 40 );
INSERT INTO "times" VALUES ( 18342, 14570, '19:43:00', '19:43:00', 40 );

INSERT INTO "dias" VALUES ( 18343, 100, FALSE, TRUE, 'T1907W', 12710, 14510 );
INSERT INTO "dias_line_groups" VALUES ( 18343, 20 );
INSERT INTO "times" VALUES ( 18343, 12710, NULL, '19:35:00', 40 );
INSERT INTO "times" VALUES ( 18343, 14510, '19:49:00', NULL, NULL );
INSERT INTO "times" VALUES ( 18343, 14520, '19:47:00', '19:47:00', 40 );
INSERT INTO "times" VALUES ( 18343, 14530, '19:44:00', '19:44:00', 40 );
INSERT INTO "times" VALUES ( 18343, 14540, '19:42:00', '19:42:00', 40 );
INSERT INTO "times" VALUES ( 18343, 14550, '19:41:00', '19:41:00', 40 );
INSERT INTO "times" VALUES ( 18343, 14560, '19:39:00', '19:39:00', 40 );
INSERT INTO "times" VALUES ( 18343, 14570, '19:37:00', '19:37:00', 40 );

INSERT INTO "dias" VALUES ( 18344, 100, FALSE, TRUE, 'T1908H', 14510, 12710 );
INSERT INTO "dias_line_groups" VALUES ( 18344, 20 );
INSERT INTO "times" VALUES ( 18344, 12710, '19:55:00', NULL, NULL );
INSERT INTO "times" VALUES ( 18344, 14510, NULL, '19:42:00', 40 );
INSERT INTO "times" VALUES ( 18344, 14520, '19:43:00', '19:43:00', 40 );
INSERT INTO "times" VALUES ( 18344, 14530, '19:46:00', '19:46:00', 40 );
INSERT INTO "times" VALUES ( 18344, 14540, '19:48:00', '19:48:00', 40 );
INSERT INTO "times" VALUES ( 18344, 14550, '19:50:00', '19:50:00', 40 );
INSERT INTO "times" VALUES ( 18344, 14560, '19:51:00', '19:51:00', 40 );
INSERT INTO "times" VALUES ( 18344, 14570, '19:53:00', '19:53:00', 40 );

INSERT INTO "dias" VALUES ( 18345, 100, FALSE, TRUE, 'T1909W', 12710, 14510 );
INSERT INTO "dias_line_groups" VALUES ( 18345, 20 );
INSERT INTO "times" VALUES ( 18345, 12710, NULL, '19:45:00', 40 );
INSERT INTO "times" VALUES ( 18345, 14510, '19:59:00', NULL, NULL );
INSERT INTO "times" VALUES ( 18345, 14520, '19:57:00', '19:57:00', 40 );
INSERT INTO "times" VALUES ( 18345, 14530, '19:54:00', '19:54:00', 40 );
INSERT INTO "times" VALUES ( 18345, 14540, '19:52:00', '19:52:00', 40 );
INSERT INTO "times" VALUES ( 18345, 14550, '19:51:00', '19:51:00', 40 );
INSERT INTO "times" VALUES ( 18345, 14560, '19:49:00', '19:49:00', 40 );
INSERT INTO "times" VALUES ( 18345, 14570, '19:47:00', '19:47:00', 40 );

INSERT INTO "dias" VALUES ( 18346, 100, FALSE, TRUE, 'T1910H', 14510, 12710 );
INSERT INTO "dias_line_groups" VALUES ( 18346, 20 );
INSERT INTO "times" VALUES ( 18346, 12710, '20:05:00', NULL, NULL );
INSERT INTO "times" VALUES ( 18346, 14510, NULL, '19:52:00', 40 );
INSERT INTO "times" VALUES ( 18346, 14520, '19:53:00', '19:53:00', 40 );
INSERT INTO "times" VALUES ( 18346, 14530, '19:56:00', '19:56:00', 40 );
INSERT INTO "times" VALUES ( 18346, 14540, '19:58:00', '19:58:00', 40 );
INSERT INTO "times" VALUES ( 18346, 14550, '20:00:00', '20:00:00', 40 );
INSERT INTO "times" VALUES ( 18346, 14560, '20:01:00', '20:01:00', 40 );
INSERT INTO "times" VALUES ( 18346, 14570, '20:03:00', '20:03:00', 40 );

INSERT INTO "dias" VALUES ( 18347, 100, FALSE, TRUE, 'T1911W', 12710, 14510 );
INSERT INTO "dias_line_groups" VALUES ( 18347, 20 );
INSERT INTO "times" VALUES ( 18347, 12710, NULL, '19:55:00', 40 );
INSERT INTO "times" VALUES ( 18347, 14510, '20:09:00', NULL, NULL );
INSERT INTO "times" VALUES ( 18347, 14520, '20:07:00', '20:07:00', 40 );
INSERT INTO "times" VALUES ( 18347, 14530, '20:04:00', '20:04:00', 40 );
INSERT INTO "times" VALUES ( 18347, 14540, '20:02:00', '20:02:00', 40 );
INSERT INTO "times" VALUES ( 18347, 14550, '20:01:00', '20:01:00', 40 );
INSERT INTO "times" VALUES ( 18347, 14560, '19:59:00', '19:59:00', 40 );
INSERT INTO "times" VALUES ( 18347, 14570, '19:57:00', '19:57:00', 40 );

INSERT INTO "dias" VALUES ( 18348, 100, FALSE, TRUE, 'T2000H', 14510, 12710 );
INSERT INTO "dias_line_groups" VALUES ( 18348, 20 );
INSERT INTO "times" VALUES ( 18348, 12710, '20:15:00', NULL, NULL );
INSERT INTO "times" VALUES ( 18348, 14510, NULL, '20:02:00', 40 );
INSERT INTO "times" VALUES ( 18348, 14520, '20:03:00', '20:03:00', 40 );
INSERT INTO "times" VALUES ( 18348, 14530, '20:06:00', '20:06:00', 40 );
INSERT INTO "times" VALUES ( 18348, 14540, '20:08:00', '20:08:00', 40 );
INSERT INTO "times" VALUES ( 18348, 14550, '20:10:00', '20:10:00', 40 );
INSERT INTO "times" VALUES ( 18348, 14560, '20:11:00', '20:11:00', 40 );
INSERT INTO "times" VALUES ( 18348, 14570, '20:13:00', '20:13:00', 40 );

INSERT INTO "dias" VALUES ( 18349, 100, FALSE, TRUE, 'T2001W', 12710, 14510 );
INSERT INTO "dias_line_groups" VALUES ( 18349, 20 );
INSERT INTO "times" VALUES ( 18349, 12710, NULL, '20:05:00', 40 );
INSERT INTO "times" VALUES ( 18349, 14510, '20:19:00', NULL, NULL );
INSERT INTO "times" VALUES ( 18349, 14520, '20:17:00', '20:17:00', 40 );
INSERT INTO "times" VALUES ( 18349, 14530, '20:14:00', '20:14:00', 40 );
INSERT INTO "times" VALUES ( 18349, 14540, '20:12:00', '20:12:00', 40 );
INSERT INTO "times" VALUES ( 18349, 14550, '20:11:00', '20:11:00', 40 );
INSERT INTO "times" VALUES ( 18349, 14560, '20:09:00', '20:09:00', 40 );
INSERT INTO "times" VALUES ( 18349, 14570, '20:07:00', '20:07:00', 40 );

INSERT INTO "dias" VALUES ( 18350, 100, FALSE, TRUE, 'T2002H', 14510, 12710 );
INSERT INTO "dias_line_groups" VALUES ( 18350, 20 );
INSERT INTO "times" VALUES ( 18350, 12710, '20:25:00', NULL, NULL );
INSERT INTO "times" VALUES ( 18350, 14510, NULL, '20:12:00', 40 );
INSERT INTO "times" VALUES ( 18350, 14520, '20:13:00', '20:13:00', 40 );
INSERT INTO "times" VALUES ( 18350, 14530, '20:16:00', '20:16:00', 40 );
INSERT INTO "times" VALUES ( 18350, 14540, '20:18:00', '20:18:00', 40 );
INSERT INTO "times" VALUES ( 18350, 14550, '20:20:00', '20:20:00', 40 );
INSERT INTO "times" VALUES ( 18350, 14560, '20:21:00', '20:21:00', 40 );
INSERT INTO "times" VALUES ( 18350, 14570, '20:23:00', '20:23:00', 40 );

INSERT INTO "dias" VALUES ( 18351, 100, FALSE, TRUE, 'T2003W', 12710, 14510 );
INSERT INTO "dias_line_groups" VALUES ( 18351, 20 );
INSERT INTO "times" VALUES ( 18351, 12710, NULL, '20:15:00', 40 );
INSERT INTO "times" VALUES ( 18351, 14510, '20:29:00', NULL, NULL );
INSERT INTO "times" VALUES ( 18351, 14520, '20:27:00', '20:27:00', 40 );
INSERT INTO "times" VALUES ( 18351, 14530, '20:24:00', '20:24:00', 40 );
INSERT INTO "times" VALUES ( 18351, 14540, '20:22:00', '20:22:00', 40 );
INSERT INTO "times" VALUES ( 18351, 14550, '20:21:00', '20:21:00', 40 );
INSERT INTO "times" VALUES ( 18351, 14560, '20:19:00', '20:19:00', 40 );
INSERT INTO "times" VALUES ( 18351, 14570, '20:17:00', '20:17:00', 40 );

INSERT INTO "dias" VALUES ( 18352, 100, FALSE, TRUE, 'T2004H', 14510, 12710 );
INSERT INTO "dias_line_groups" VALUES ( 18352, 20 );
INSERT INTO "times" VALUES ( 18352, 12710, '20:35:00', NULL, NULL );
INSERT INTO "times" VALUES ( 18352, 14510, NULL, '20:22:00', 40 );
INSERT INTO "times" VALUES ( 18352, 14520, '20:23:00', '20:23:00', 40 );
INSERT INTO "times" VALUES ( 18352, 14530, '20:26:00', '20:26:00', 40 );
INSERT INTO "times" VALUES ( 18352, 14540, '20:28:00', '20:28:00', 40 );
INSERT INTO "times" VALUES ( 18352, 14550, '20:30:00', '20:30:00', 40 );
INSERT INTO "times" VALUES ( 18352, 14560, '20:31:00', '20:31:00', 40 );
INSERT INTO "times" VALUES ( 18352, 14570, '20:33:00', '20:33:00', 40 );

INSERT INTO "dias" VALUES ( 18353, 100, FALSE, TRUE, 'T2005W', 12710, 14510 );
INSERT INTO "dias_line_groups" VALUES ( 18353, 20 );
INSERT INTO "times" VALUES ( 18353, 12710, NULL, '20:25:00', 40 );
INSERT INTO "times" VALUES ( 18353, 14510, '20:39:00', NULL, NULL );
INSERT INTO "times" VALUES ( 18353, 14520, '20:37:00', '20:37:00', 40 );
INSERT INTO "times" VALUES ( 18353, 14530, '20:34:00', '20:34:00', 40 );
INSERT INTO "times" VALUES ( 18353, 14540, '20:32:00', '20:32:00', 40 );
INSERT INTO "times" VALUES ( 18353, 14550, '20:31:00', '20:31:00', 40 );
INSERT INTO "times" VALUES ( 18353, 14560, '20:29:00', '20:29:00', 40 );
INSERT INTO "times" VALUES ( 18353, 14570, '20:27:00', '20:27:00', 40 );

INSERT INTO "dias" VALUES ( 18354, 100, FALSE, TRUE, 'T2006H', 14510, 12710 );
INSERT INTO "dias_line_groups" VALUES ( 18354, 20 );
INSERT INTO "times" VALUES ( 18354, 12710, '20:45:00', NULL, NULL );
INSERT INTO "times" VALUES ( 18354, 14510, NULL, '20:32:00', 40 );
INSERT INTO "times" VALUES ( 18354, 14520, '20:33:00', '20:33:00', 40 );
INSERT INTO "times" VALUES ( 18354, 14530, '20:36:00', '20:36:00', 40 );
INSERT INTO "times" VALUES ( 18354, 14540, '20:38:00', '20:38:00', 40 );
INSERT INTO "times" VALUES ( 18354, 14550, '20:40:00', '20:40:00', 40 );
INSERT INTO "times" VALUES ( 18354, 14560, '20:41:00', '20:41:00', 40 );
INSERT INTO "times" VALUES ( 18354, 14570, '20:43:00', '20:43:00', 40 );

INSERT INTO "dias" VALUES ( 18355, 100, FALSE, TRUE, 'T2007W', 12710, 14510 );
INSERT INTO "dias_line_groups" VALUES ( 18355, 20 );
INSERT INTO "times" VALUES ( 18355, 12710, NULL, '20:35:00', 40 );
INSERT INTO "times" VALUES ( 18355, 14510, '20:49:00', NULL, NULL );
INSERT INTO "times" VALUES ( 18355, 14520, '20:47:00', '20:47:00', 40 );
INSERT INTO "times" VALUES ( 18355, 14530, '20:44:00', '20:44:00', 40 );
INSERT INTO "times" VALUES ( 18355, 14540, '20:42:00', '20:42:00', 40 );
INSERT INTO "times" VALUES ( 18355, 14550, '20:41:00', '20:41:00', 40 );
INSERT INTO "times" VALUES ( 18355, 14560, '20:39:00', '20:39:00', 40 );
INSERT INTO "times" VALUES ( 18355, 14570, '20:37:00', '20:37:00', 40 );

INSERT INTO "dias" VALUES ( 18356, 100, FALSE, TRUE, 'T2008H', 14510, 12710 );
INSERT INTO "dias_line_groups" VALUES ( 18356, 20 );
INSERT INTO "times" VALUES ( 18356, 12710, '20:55:00', NULL, NULL );
INSERT INTO "times" VALUES ( 18356, 14510, NULL, '20:42:00', 40 );
INSERT INTO "times" VALUES ( 18356, 14520, '20:43:00', '20:43:00', 40 );
INSERT INTO "times" VALUES ( 18356, 14530, '20:46:00', '20:46:00', 40 );
INSERT INTO "times" VALUES ( 18356, 14540, '20:48:00', '20:48:00', 40 );
INSERT INTO "times" VALUES ( 18356, 14550, '20:50:00', '20:50:00', 40 );
INSERT INTO "times" VALUES ( 18356, 14560, '20:51:00', '20:51:00', 40 );
INSERT INTO "times" VALUES ( 18356, 14570, '20:53:00', '20:53:00', 40 );

INSERT INTO "dias" VALUES ( 18357, 100, FALSE, TRUE, 'T2009W', 12710, 14510 );
INSERT INTO "dias_line_groups" VALUES ( 18357, 20 );
INSERT INTO "times" VALUES ( 18357, 12710, NULL, '20:45:00', 40 );
INSERT INTO "times" VALUES ( 18357, 14510, '20:59:00', NULL, NULL );
INSERT INTO "times" VALUES ( 18357, 14520, '20:57:00', '20:57:00', 40 );
INSERT INTO "times" VALUES ( 18357, 14530, '20:54:00', '20:54:00', 40 );
INSERT INTO "times" VALUES ( 18357, 14540, '20:52:00', '20:52:00', 40 );
INSERT INTO "times" VALUES ( 18357, 14550, '20:51:00', '20:51:00', 40 );
INSERT INTO "times" VALUES ( 18357, 14560, '20:49:00', '20:49:00', 40 );
INSERT INTO "times" VALUES ( 18357, 14570, '20:47:00', '20:47:00', 40 );

INSERT INTO "dias" VALUES ( 18358, 100, FALSE, TRUE, 'T2010H', 14510, 12710 );
INSERT INTO "dias_line_groups" VALUES ( 18358, 20 );
INSERT INTO "times" VALUES ( 18358, 12710, '21:05:00', NULL, NULL );
INSERT INTO "times" VALUES ( 18358, 14510, NULL, '20:52:00', 40 );
INSERT INTO "times" VALUES ( 18358, 14520, '20:53:00', '20:53:00', 40 );
INSERT INTO "times" VALUES ( 18358, 14530, '20:56:00', '20:56:00', 40 );
INSERT INTO "times" VALUES ( 18358, 14540, '20:58:00', '20:58:00', 40 );
INSERT INTO "times" VALUES ( 18358, 14550, '21:00:00', '21:00:00', 40 );
INSERT INTO "times" VALUES ( 18358, 14560, '21:01:00', '21:01:00', 40 );
INSERT INTO "times" VALUES ( 18358, 14570, '21:03:00', '21:03:00', 40 );

INSERT INTO "dias" VALUES ( 18359, 100, FALSE, TRUE, 'T2011W', 12710, 14510 );
INSERT INTO "dias_line_groups" VALUES ( 18359, 20 );
INSERT INTO "times" VALUES ( 18359, 12710, NULL, '20:55:00', 40 );
INSERT INTO "times" VALUES ( 18359, 14510, '21:09:00', NULL, NULL );
INSERT INTO "times" VALUES ( 18359, 14520, '21:07:00', '21:07:00', 40 );
INSERT INTO "times" VALUES ( 18359, 14530, '21:04:00', '21:04:00', 40 );
INSERT INTO "times" VALUES ( 18359, 14540, '21:02:00', '21:02:00', 40 );
INSERT INTO "times" VALUES ( 18359, 14550, '21:01:00', '21:01:00', 40 );
INSERT INTO "times" VALUES ( 18359, 14560, '20:59:00', '20:59:00', 40 );
INSERT INTO "times" VALUES ( 18359, 14570, '20:57:00', '20:57:00', 40 );

INSERT INTO "dias" VALUES ( 18360, 100, FALSE, TRUE, 'T2100H', 14510, 12710 );
INSERT INTO "dias_line_groups" VALUES ( 18360, 20 );
INSERT INTO "times" VALUES ( 18360, 12710, '21:15:00', NULL, NULL );
INSERT INTO "times" VALUES ( 18360, 14510, NULL, '21:02:00', 40 );
INSERT INTO "times" VALUES ( 18360, 14520, '21:03:00', '21:03:00', 40 );
INSERT INTO "times" VALUES ( 18360, 14530, '21:06:00', '21:06:00', 40 );
INSERT INTO "times" VALUES ( 18360, 14540, '21:08:00', '21:08:00', 40 );
INSERT INTO "times" VALUES ( 18360, 14550, '21:10:00', '21:10:00', 40 );
INSERT INTO "times" VALUES ( 18360, 14560, '21:11:00', '21:11:00', 40 );
INSERT INTO "times" VALUES ( 18360, 14570, '21:13:00', '21:13:00', 40 );

INSERT INTO "dias" VALUES ( 18361, 100, FALSE, TRUE, 'T2101W', 12710, 14510 );
INSERT INTO "dias_line_groups" VALUES ( 18361, 20 );
INSERT INTO "times" VALUES ( 18361, 12710, NULL, '21:05:00', 40 );
INSERT INTO "times" VALUES ( 18361, 14510, '21:19:00', NULL, NULL );
INSERT INTO "times" VALUES ( 18361, 14520, '21:17:00', '21:17:00', 40 );
INSERT INTO "times" VALUES ( 18361, 14530, '21:14:00', '21:14:00', 40 );
INSERT INTO "times" VALUES ( 18361, 14540, '21:12:00', '21:12:00', 40 );
INSERT INTO "times" VALUES ( 18361, 14550, '21:11:00', '21:11:00', 40 );
INSERT INTO "times" VALUES ( 18361, 14560, '21:09:00', '21:09:00', 40 );
INSERT INTO "times" VALUES ( 18361, 14570, '21:07:00', '21:07:00', 40 );

INSERT INTO "dias" VALUES ( 18362, 100, FALSE, TRUE, 'T2102H', 14510, 12710 );
INSERT INTO "dias_line_groups" VALUES ( 18362, 20 );
INSERT INTO "times" VALUES ( 18362, 12710, '21:25:00', NULL, NULL );
INSERT INTO "times" VALUES ( 18362, 14510, NULL, '21:12:00', 40 );
INSERT INTO "times" VALUES ( 18362, 14520, '21:13:00', '21:13:00', 40 );
INSERT INTO "times" VALUES ( 18362, 14530, '21:16:00', '21:16:00', 40 );
INSERT INTO "times" VALUES ( 18362, 14540, '21:18:00', '21:18:00', 40 );
INSERT INTO "times" VALUES ( 18362, 14550, '21:20:00', '21:20:00', 40 );
INSERT INTO "times" VALUES ( 18362, 14560, '21:21:00', '21:21:00', 40 );
INSERT INTO "times" VALUES ( 18362, 14570, '21:23:00', '21:23:00', 40 );

INSERT INTO "dias" VALUES ( 18363, 100, FALSE, TRUE, 'T2103W', 12710, 14510 );
INSERT INTO "dias_line_groups" VALUES ( 18363, 20 );
INSERT INTO "times" VALUES ( 18363, 12710, NULL, '21:15:00', 40 );
INSERT INTO "times" VALUES ( 18363, 14510, '21:29:00', NULL, NULL );
INSERT INTO "times" VALUES ( 18363, 14520, '21:27:00', '21:27:00', 40 );
INSERT INTO "times" VALUES ( 18363, 14530, '21:24:00', '21:24:00', 40 );
INSERT INTO "times" VALUES ( 18363, 14540, '21:22:00', '21:22:00', 40 );
INSERT INTO "times" VALUES ( 18363, 14550, '21:21:00', '21:21:00', 40 );
INSERT INTO "times" VALUES ( 18363, 14560, '21:19:00', '21:19:00', 40 );
INSERT INTO "times" VALUES ( 18363, 14570, '21:17:00', '21:17:00', 40 );

INSERT INTO "dias" VALUES ( 18364, 100, FALSE, TRUE, 'T2104H', 14510, 12710 );
INSERT INTO "dias_line_groups" VALUES ( 18364, 20 );
INSERT INTO "times" VALUES ( 18364, 12710, '21:35:00', NULL, NULL );
INSERT INTO "times" VALUES ( 18364, 14510, NULL, '21:22:00', 40 );
INSERT INTO "times" VALUES ( 18364, 14520, '21:23:00', '21:23:00', 40 );
INSERT INTO "times" VALUES ( 18364, 14530, '21:26:00', '21:26:00', 40 );
INSERT INTO "times" VALUES ( 18364, 14540, '21:28:00', '21:28:00', 40 );
INSERT INTO "times" VALUES ( 18364, 14550, '21:30:00', '21:30:00', 40 );
INSERT INTO "times" VALUES ( 18364, 14560, '21:31:00', '21:31:00', 40 );
INSERT INTO "times" VALUES ( 18364, 14570, '21:33:00', '21:33:00', 40 );

INSERT INTO "dias" VALUES ( 18365, 100, FALSE, TRUE, 'T2105W', 12710, 14510 );
INSERT INTO "dias_line_groups" VALUES ( 18365, 20 );
INSERT INTO "times" VALUES ( 18365, 12710, NULL, '21:25:00', 40 );
INSERT INTO "times" VALUES ( 18365, 14510, '21:39:00', NULL, NULL );
INSERT INTO "times" VALUES ( 18365, 14520, '21:37:00', '21:37:00', 40 );
INSERT INTO "times" VALUES ( 18365, 14530, '21:34:00', '21:34:00', 40 );
INSERT INTO "times" VALUES ( 18365, 14540, '21:32:00', '21:32:00', 40 );
INSERT INTO "times" VALUES ( 18365, 14550, '21:31:00', '21:31:00', 40 );
INSERT INTO "times" VALUES ( 18365, 14560, '21:29:00', '21:29:00', 40 );
INSERT INTO "times" VALUES ( 18365, 14570, '21:27:00', '21:27:00', 40 );

INSERT INTO "dias" VALUES ( 18366, 100, FALSE, TRUE, 'T2106H', 14510, 12710 );
INSERT INTO "dias_line_groups" VALUES ( 18366, 20 );
INSERT INTO "times" VALUES ( 18366, 12710, '21:45:00', NULL, NULL );
INSERT INTO "times" VALUES ( 18366, 14510, NULL, '21:32:00', 40 );
INSERT INTO "times" VALUES ( 18366, 14520, '21:33:00', '21:33:00', 40 );
INSERT INTO "times" VALUES ( 18366, 14530, '21:36:00', '21:36:00', 40 );
INSERT INTO "times" VALUES ( 18366, 14540, '21:38:00', '21:38:00', 40 );
INSERT INTO "times" VALUES ( 18366, 14550, '21:40:00', '21:40:00', 40 );
INSERT INTO "times" VALUES ( 18366, 14560, '21:41:00', '21:41:00', 40 );
INSERT INTO "times" VALUES ( 18366, 14570, '21:43:00', '21:43:00', 40 );

INSERT INTO "dias" VALUES ( 18367, 100, FALSE, TRUE, 'T2107W', 12710, 14510 );
INSERT INTO "dias_line_groups" VALUES ( 18367, 20 );
INSERT INTO "times" VALUES ( 18367, 12710, NULL, '21:35:00', 40 );
INSERT INTO "times" VALUES ( 18367, 14510, '21:49:00', NULL, NULL );
INSERT INTO "times" VALUES ( 18367, 14520, '21:47:00', '21:47:00', 40 );
INSERT INTO "times" VALUES ( 18367, 14530, '21:44:00', '21:44:00', 40 );
INSERT INTO "times" VALUES ( 18367, 14540, '21:42:00', '21:42:00', 40 );
INSERT INTO "times" VALUES ( 18367, 14550, '21:41:00', '21:41:00', 40 );
INSERT INTO "times" VALUES ( 18367, 14560, '21:39:00', '21:39:00', 40 );
INSERT INTO "times" VALUES ( 18367, 14570, '21:37:00', '21:37:00', 40 );

INSERT INTO "dias" VALUES ( 18368, 100, FALSE, TRUE, 'T2108H', 14510, 12710 );
INSERT INTO "dias_line_groups" VALUES ( 18368, 20 );
INSERT INTO "times" VALUES ( 18368, 12710, '21:55:00', NULL, NULL );
INSERT INTO "times" VALUES ( 18368, 14510, NULL, '21:42:00', 40 );
INSERT INTO "times" VALUES ( 18368, 14520, '21:43:00', '21:43:00', 40 );
INSERT INTO "times" VALUES ( 18368, 14530, '21:46:00', '21:46:00', 40 );
INSERT INTO "times" VALUES ( 18368, 14540, '21:48:00', '21:48:00', 40 );
INSERT INTO "times" VALUES ( 18368, 14550, '21:50:00', '21:50:00', 40 );
INSERT INTO "times" VALUES ( 18368, 14560, '21:51:00', '21:51:00', 40 );
INSERT INTO "times" VALUES ( 18368, 14570, '21:53:00', '21:53:00', 40 );

INSERT INTO "dias" VALUES ( 18369, 100, FALSE, TRUE, 'T2109W', 12710, 14510 );
INSERT INTO "dias_line_groups" VALUES ( 18369, 20 );
INSERT INTO "times" VALUES ( 18369, 12710, NULL, '21:45:00', 40 );
INSERT INTO "times" VALUES ( 18369, 14510, '21:59:00', NULL, NULL );
INSERT INTO "times" VALUES ( 18369, 14520, '21:57:00', '21:57:00', 40 );
INSERT INTO "times" VALUES ( 18369, 14530, '21:54:00', '21:54:00', 40 );
INSERT INTO "times" VALUES ( 18369, 14540, '21:52:00', '21:52:00', 40 );
INSERT INTO "times" VALUES ( 18369, 14550, '21:51:00', '21:51:00', 40 );
INSERT INTO "times" VALUES ( 18369, 14560, '21:49:00', '21:49:00', 40 );
INSERT INTO "times" VALUES ( 18369, 14570, '21:47:00', '21:47:00', 40 );

INSERT INTO "dias" VALUES ( 18370, 100, FALSE, TRUE, 'T2110H', 14510, 12710 );
INSERT INTO "dias_line_groups" VALUES ( 18370, 20 );
INSERT INTO "times" VALUES ( 18370, 12710, '22:05:00', NULL, NULL );
INSERT INTO "times" VALUES ( 18370, 14510, NULL, '21:52:00', 40 );
INSERT INTO "times" VALUES ( 18370, 14520, '21:53:00', '21:53:00', 40 );
INSERT INTO "times" VALUES ( 18370, 14530, '21:56:00', '21:56:00', 40 );
INSERT INTO "times" VALUES ( 18370, 14540, '21:58:00', '21:58:00', 40 );
INSERT INTO "times" VALUES ( 18370, 14550, '22:00:00', '22:00:00', 40 );
INSERT INTO "times" VALUES ( 18370, 14560, '22:01:00', '22:01:00', 40 );
INSERT INTO "times" VALUES ( 18370, 14570, '22:03:00', '22:03:00', 40 );

INSERT INTO "dias" VALUES ( 18371, 100, FALSE, TRUE, 'T2200H', 14510, 12710 );
INSERT INTO "dias_line_groups" VALUES ( 18371, 20 );
INSERT INTO "times" VALUES ( 18371, 12710, '22:20:00', NULL, NULL );
INSERT INTO "times" VALUES ( 18371, 14510, NULL, '22:06:00', 40 );
INSERT INTO "times" VALUES ( 18371, 14520, '22:08:00', '22:08:00', 40 );
INSERT INTO "times" VALUES ( 18371, 14530, '22:10:00', '22:10:00', 40 );
INSERT INTO "times" VALUES ( 18371, 14540, '22:12:00', '22:12:00', 40 );
INSERT INTO "times" VALUES ( 18371, 14550, '22:14:00', '22:14:00', 40 );
INSERT INTO "times" VALUES ( 18371, 14560, '22:16:00', '22:16:00', 40 );
INSERT INTO "times" VALUES ( 18371, 14570, '22:17:00', '22:17:00', 40 );

INSERT INTO "dias" VALUES ( 18372, 100, FALSE, TRUE, 'T2201W', 12710, 14510 );
INSERT INTO "dias_line_groups" VALUES ( 18372, 20 );
INSERT INTO "times" VALUES ( 18372, 12710, NULL, '22:00:00', 40 );
INSERT INTO "times" VALUES ( 18372, 14510, '22:13:00', NULL, NULL );
INSERT INTO "times" VALUES ( 18372, 14520, '22:11:00', '22:11:00', 40 );
INSERT INTO "times" VALUES ( 18372, 14530, '22:09:00', '22:09:00', 40 );
INSERT INTO "times" VALUES ( 18372, 14540, '22:07:00', '22:07:00', 40 );
INSERT INTO "times" VALUES ( 18372, 14550, '22:05:00', '22:05:00', 40 );
INSERT INTO "times" VALUES ( 18372, 14560, '22:03:00', '22:03:00', 40 );
INSERT INTO "times" VALUES ( 18372, 14570, '22:02:00', '22:02:00', 40 );

INSERT INTO "dias" VALUES ( 18373, 100, FALSE, TRUE, 'T2202H', 14510, 12710 );
INSERT INTO "dias_line_groups" VALUES ( 18373, 20 );
INSERT INTO "times" VALUES ( 18373, 12710, '22:35:00', NULL, NULL );
INSERT INTO "times" VALUES ( 18373, 14510, NULL, '22:22:00', 40 );
INSERT INTO "times" VALUES ( 18373, 14520, '22:23:00', '22:23:00', 40 );
INSERT INTO "times" VALUES ( 18373, 14530, '22:26:00', '22:26:00', 40 );
INSERT INTO "times" VALUES ( 18373, 14540, '22:28:00', '22:28:00', 40 );
INSERT INTO "times" VALUES ( 18373, 14550, '22:30:00', '22:30:00', 40 );
INSERT INTO "times" VALUES ( 18373, 14560, '22:31:00', '22:31:00', 40 );
INSERT INTO "times" VALUES ( 18373, 14570, '22:33:00', '22:33:00', 40 );

INSERT INTO "dias" VALUES ( 18374, 100, FALSE, TRUE, 'T2203W', 12710, 14510 );
INSERT INTO "dias_line_groups" VALUES ( 18374, 20 );
INSERT INTO "times" VALUES ( 18374, 12710, NULL, '22:15:00', 40 );
INSERT INTO "times" VALUES ( 18374, 14510, '22:28:00', NULL, NULL );
INSERT INTO "times" VALUES ( 18374, 14520, '22:26:00', '22:26:00', 40 );
INSERT INTO "times" VALUES ( 18374, 14530, '22:24:00', '22:24:00', 40 );
INSERT INTO "times" VALUES ( 18374, 14540, '22:22:00', '22:22:00', 40 );
INSERT INTO "times" VALUES ( 18374, 14550, '22:20:00', '22:20:00', 40 );
INSERT INTO "times" VALUES ( 18374, 14560, '22:18:00', '22:18:00', 40 );
INSERT INTO "times" VALUES ( 18374, 14570, '22:17:00', '22:17:00', 40 );

INSERT INTO "dias" VALUES ( 18375, 100, FALSE, TRUE, 'T2204H', 14510, 12710 );
INSERT INTO "dias_line_groups" VALUES ( 18375, 20 );
INSERT INTO "times" VALUES ( 18375, 12710, '22:53:00', NULL, NULL );
INSERT INTO "times" VALUES ( 18375, 14510, NULL, '22:39:00', 40 );
INSERT INTO "times" VALUES ( 18375, 14520, '22:41:00', '22:41:00', 40 );
INSERT INTO "times" VALUES ( 18375, 14530, '22:43:00', '22:43:00', 40 );
INSERT INTO "times" VALUES ( 18375, 14540, '22:45:00', '22:45:00', 40 );
INSERT INTO "times" VALUES ( 18375, 14550, '22:47:00', '22:47:00', 40 );
INSERT INTO "times" VALUES ( 18375, 14560, '22:49:00', '22:49:00', 40 );
INSERT INTO "times" VALUES ( 18375, 14570, '22:50:00', '22:50:00', 40 );

INSERT INTO "dias" VALUES ( 18376, 100, FALSE, TRUE, 'T2205W', 12710, 14510 );
INSERT INTO "dias_line_groups" VALUES ( 18376, 20 );
INSERT INTO "times" VALUES ( 18376, 12710, NULL, '22:32:00', 40 );
INSERT INTO "times" VALUES ( 18376, 14510, '22:46:00', NULL, NULL );
INSERT INTO "times" VALUES ( 18376, 14520, '22:44:00', '22:44:00', 40 );
INSERT INTO "times" VALUES ( 18376, 14530, '22:41:00', '22:41:00', 40 );
INSERT INTO "times" VALUES ( 18376, 14540, '22:39:00', '22:39:00', 40 );
INSERT INTO "times" VALUES ( 18376, 14550, '22:38:00', '22:38:00', 40 );
INSERT INTO "times" VALUES ( 18376, 14560, '22:36:00', '22:36:00', 40 );
INSERT INTO "times" VALUES ( 18376, 14570, '22:34:00', '22:34:00', 40 );

INSERT INTO "dias" VALUES ( 18377, 100, FALSE, TRUE, 'T2206H', 14510, 12710 );
INSERT INTO "dias_line_groups" VALUES ( 18377, 20 );
INSERT INTO "times" VALUES ( 18377, 12710, '23:08:00', NULL, NULL );
INSERT INTO "times" VALUES ( 18377, 14510, NULL, '22:54:00', 40 );
INSERT INTO "times" VALUES ( 18377, 14520, '22:56:00', '22:56:00', 40 );
INSERT INTO "times" VALUES ( 18377, 14530, '22:58:00', '22:58:00', 40 );
INSERT INTO "times" VALUES ( 18377, 14540, '23:00:00', '23:00:00', 40 );
INSERT INTO "times" VALUES ( 18377, 14550, '23:02:00', '23:02:00', 40 );
INSERT INTO "times" VALUES ( 18377, 14560, '23:04:00', '23:04:00', 40 );
INSERT INTO "times" VALUES ( 18377, 14570, '23:05:00', '23:05:00', 40 );

INSERT INTO "dias" VALUES ( 18378, 100, FALSE, TRUE, 'T2207W', 12710, 14510 );
INSERT INTO "dias_line_groups" VALUES ( 18378, 20 );
INSERT INTO "times" VALUES ( 18378, 12710, NULL, '22:45:00', 40 );
INSERT INTO "times" VALUES ( 18378, 14510, '22:58:00', NULL, NULL );
INSERT INTO "times" VALUES ( 18378, 14520, '22:57:00', '22:57:00', 40 );
INSERT INTO "times" VALUES ( 18378, 14530, '22:54:00', '22:54:00', 40 );
INSERT INTO "times" VALUES ( 18378, 14540, '22:52:00', '22:52:00', 40 );
INSERT INTO "times" VALUES ( 18378, 14550, '22:50:00', '22:50:00', 40 );
INSERT INTO "times" VALUES ( 18378, 14560, '22:49:00', '22:49:00', 40 );
INSERT INTO "times" VALUES ( 18378, 14570, '22:47:00', '22:47:00', 40 );

INSERT INTO "dias" VALUES ( 18379, 100, FALSE, TRUE, 'T2300H', 14510, 12710 );
INSERT INTO "dias_line_groups" VALUES ( 18379, 20 );
INSERT INTO "times" VALUES ( 18379, 12710, '23:19:00', NULL, NULL );
INSERT INTO "times" VALUES ( 18379, 14510, NULL, '23:06:00', 40 );
INSERT INTO "times" VALUES ( 18379, 14520, '23:07:00', '23:07:00', 40 );
INSERT INTO "times" VALUES ( 18379, 14530, '23:10:00', '23:10:00', 40 );
INSERT INTO "times" VALUES ( 18379, 14540, '23:12:00', '23:12:00', 40 );
INSERT INTO "times" VALUES ( 18379, 14550, '23:14:00', '23:14:00', 40 );
INSERT INTO "times" VALUES ( 18379, 14560, '23:15:00', '23:15:00', 40 );
INSERT INTO "times" VALUES ( 18379, 14570, '23:17:00', '23:17:00', 40 );

INSERT INTO "dias" VALUES ( 18380, 100, FALSE, TRUE, 'T2301W', 12710, 14510 );
INSERT INTO "dias_line_groups" VALUES ( 18380, 20 );
INSERT INTO "times" VALUES ( 18380, 12710, NULL, '23:04:00', 40 );
INSERT INTO "times" VALUES ( 18380, 14510, '23:17:00', NULL, NULL );
INSERT INTO "times" VALUES ( 18380, 14520, '23:16:00', '23:16:00', 40 );
INSERT INTO "times" VALUES ( 18380, 14530, '23:13:00', '23:13:00', 40 );
INSERT INTO "times" VALUES ( 18380, 14540, '23:11:00', '23:11:00', 40 );
INSERT INTO "times" VALUES ( 18380, 14550, '23:09:00', '23:09:00', 40 );
INSERT INTO "times" VALUES ( 18380, 14560, '23:08:00', '23:08:00', 40 );
INSERT INTO "times" VALUES ( 18380, 14570, '23:06:00', '23:06:00', 40 );

INSERT INTO "dias" VALUES ( 18381, 100, FALSE, TRUE, 'T2302H', 14510, 12710 );
INSERT INTO "dias_line_groups" VALUES ( 18381, 20 );
INSERT INTO "times" VALUES ( 18381, 12710, '23:35:00', NULL, NULL );
INSERT INTO "times" VALUES ( 18381, 14510, NULL, '23:21:00', 40 );
INSERT INTO "times" VALUES ( 18381, 14520, '23:23:00', '23:23:00', 40 );
INSERT INTO "times" VALUES ( 18381, 14530, '23:25:00', '23:25:00', 40 );
INSERT INTO "times" VALUES ( 18381, 14540, '23:27:00', '23:27:00', 40 );
INSERT INTO "times" VALUES ( 18381, 14550, '23:29:00', '23:29:00', 40 );
INSERT INTO "times" VALUES ( 18381, 14560, '23:31:00', '23:31:00', 40 );
INSERT INTO "times" VALUES ( 18381, 14570, '23:32:00', '23:32:00', 40 );

INSERT INTO "dias" VALUES ( 18382, 100, FALSE, TRUE, 'T2303W', 12710, 14510 );
INSERT INTO "dias_line_groups" VALUES ( 18382, 20 );
INSERT INTO "times" VALUES ( 18382, 12710, NULL, '23:15:00', 40 );
INSERT INTO "times" VALUES ( 18382, 14510, '23:28:00', NULL, NULL );
INSERT INTO "times" VALUES ( 18382, 14520, '23:27:00', '23:27:00', 40 );
INSERT INTO "times" VALUES ( 18382, 14530, '23:24:00', '23:24:00', 40 );
INSERT INTO "times" VALUES ( 18382, 14540, '23:22:00', '23:22:00', 40 );
INSERT INTO "times" VALUES ( 18382, 14550, '23:20:00', '23:20:00', 40 );
INSERT INTO "times" VALUES ( 18382, 14560, '23:19:00', '23:19:00', 40 );
INSERT INTO "times" VALUES ( 18382, 14570, '23:17:00', '23:17:00', 40 );

INSERT INTO "dias" VALUES ( 18383, 100, FALSE, TRUE, 'T2304H', 14510, 12710 );
INSERT INTO "dias_line_groups" VALUES ( 18383, 20 );
INSERT INTO "times" VALUES ( 18383, 12710, '23:48:00', NULL, NULL );
INSERT INTO "times" VALUES ( 18383, 14510, NULL, '23:34:00', 40 );
INSERT INTO "times" VALUES ( 18383, 14520, '23:36:00', '23:36:00', 40 );
INSERT INTO "times" VALUES ( 18383, 14530, '23:38:00', '23:38:00', 40 );
INSERT INTO "times" VALUES ( 18383, 14540, '23:40:00', '23:40:00', 40 );
INSERT INTO "times" VALUES ( 18383, 14550, '23:42:00', '23:42:00', 40 );
INSERT INTO "times" VALUES ( 18383, 14560, '23:44:00', '23:44:00', 40 );
INSERT INTO "times" VALUES ( 18383, 14570, '23:45:00', '23:45:00', 40 );

INSERT INTO "dias" VALUES ( 18384, 100, FALSE, TRUE, 'T2305W', 12710, 14510 );
INSERT INTO "dias_line_groups" VALUES ( 18384, 20 );
INSERT INTO "times" VALUES ( 18384, 12710, NULL, '23:29:00', 40 );
INSERT INTO "times" VALUES ( 18384, 14510, '23:42:00', NULL, NULL );
INSERT INTO "times" VALUES ( 18384, 14520, '23:40:00', '23:40:00', 40 );
INSERT INTO "times" VALUES ( 18384, 14530, '23:38:00', '23:38:00', 40 );
INSERT INTO "times" VALUES ( 18384, 14540, '23:36:00', '23:36:00', 40 );
INSERT INTO "times" VALUES ( 18384, 14550, '23:34:00', '23:34:00', 40 );
INSERT INTO "times" VALUES ( 18384, 14560, '23:32:00', '23:32:00', 40 );
INSERT INTO "times" VALUES ( 18384, 14570, '23:31:00', '23:31:00', 40 );

INSERT INTO "dias" VALUES ( 18385, 100, FALSE, TRUE, 'T2306H', 14510, 12710 );
INSERT INTO "dias_line_groups" VALUES ( 18385, 20 );
INSERT INTO "times" VALUES ( 18385, 12710, '23:58:00', NULL, NULL );
INSERT INTO "times" VALUES ( 18385, 14510, NULL, '23:45:00', 40 );
INSERT INTO "times" VALUES ( 18385, 14520, '23:46:00', '23:46:00', 40 );
INSERT INTO "times" VALUES ( 18385, 14530, '23:49:00', '23:49:00', 40 );
INSERT INTO "times" VALUES ( 18385, 14540, '23:51:00', '23:51:00', 40 );
INSERT INTO "times" VALUES ( 18385, 14550, '23:53:00', '23:53:00', 40 );
INSERT INTO "times" VALUES ( 18385, 14560, '23:54:00', '23:54:00', 40 );
INSERT INTO "times" VALUES ( 18385, 14570, '23:56:00', '23:56:00', 40 );

INSERT INTO "dias" VALUES ( 18386, 100, FALSE, TRUE, 'T2307W', 12710, 14510 );
INSERT INTO "dias_line_groups" VALUES ( 18386, 20 );
INSERT INTO "times" VALUES ( 18386, 12710, NULL, '23:44:00', 40 );
INSERT INTO "times" VALUES ( 18386, 14510, '23:57:00', NULL, NULL );
INSERT INTO "times" VALUES ( 18386, 14520, '23:56:00', '23:56:00', 40 );
INSERT INTO "times" VALUES ( 18386, 14530, '23:53:00', '23:53:00', 40 );
INSERT INTO "times" VALUES ( 18386, 14540, '23:51:00', '23:51:00', 40 );
INSERT INTO "times" VALUES ( 18386, 14550, '23:49:00', '23:49:00', 40 );
INSERT INTO "times" VALUES ( 18386, 14560, '23:48:00', '23:48:00', 40 );
INSERT INTO "times" VALUES ( 18386, 14570, '23:46:00', '23:46:00', 40 );

INSERT INTO "dias" VALUES ( 18387, 100, FALSE, TRUE, 'T2400H', 14510, 12710 );
INSERT INTO "dias_line_groups" VALUES ( 18387, 20 );
INSERT INTO "times" VALUES ( 18387, 12710, '00:14:00', NULL, NULL );
INSERT INTO "times" VALUES ( 18387, 14510, NULL, '00:01:00', 40 );
INSERT INTO "times" VALUES ( 18387, 14520, '00:02:00', '00:02:00', 40 );
INSERT INTO "times" VALUES ( 18387, 14530, '00:05:00', '00:05:00', 40 );
INSERT INTO "times" VALUES ( 18387, 14540, '00:07:00', '00:07:00', 40 );
INSERT INTO "times" VALUES ( 18387, 14550, '00:09:00', '00:09:00', 40 );
INSERT INTO "times" VALUES ( 18387, 14560, '00:10:00', '00:10:00', 40 );
INSERT INTO "times" VALUES ( 18387, 14570, '00:12:00', '00:12:00', 40 );

INSERT INTO "dias" VALUES ( 18388, 100, FALSE, TRUE, 'T2401W', 12710, 14510 );
INSERT INTO "dias_line_groups" VALUES ( 18388, 20 );
INSERT INTO "times" VALUES ( 18388, 12710, NULL, '00:05:00', 40 );
INSERT INTO "times" VALUES ( 18388, 14510, '00:18:00', NULL, NULL );
INSERT INTO "times" VALUES ( 18388, 14520, '00:16:00', '00:16:00', 40 );
INSERT INTO "times" VALUES ( 18388, 14530, '00:14:00', '00:14:00', 40 );
INSERT INTO "times" VALUES ( 18388, 14540, '00:12:00', '00:12:00', 40 );
INSERT INTO "times" VALUES ( 18388, 14550, '00:10:00', '00:10:00', 40 );
INSERT INTO "times" VALUES ( 18388, 14560, '00:09:00', '00:09:00', 40 );
INSERT INTO "times" VALUES ( 18388, 14570, '00:07:00', '00:07:00', 40 );

INSERT INTO "dias" VALUES ( 18389, 100, FALSE, TRUE, 'T2402H', 14510, 12710 );
INSERT INTO "dias_line_groups" VALUES ( 18389, 20 );
INSERT INTO "times" VALUES ( 18389, 12710, '00:34:00', NULL, NULL );
INSERT INTO "times" VALUES ( 18389, 14510, NULL, '00:21:00', 40 );
INSERT INTO "times" VALUES ( 18389, 14520, '00:22:00', '00:22:00', 40 );
INSERT INTO "times" VALUES ( 18389, 14530, '00:25:00', '00:25:00', 40 );
INSERT INTO "times" VALUES ( 18389, 14540, '00:27:00', '00:27:00', 40 );
INSERT INTO "times" VALUES ( 18389, 14550, '00:29:00', '00:29:00', 40 );
INSERT INTO "times" VALUES ( 18389, 14560, '00:30:00', '00:30:00', 40 );
INSERT INTO "times" VALUES ( 18389, 14570, '00:32:00', '00:32:00', 40 );

INSERT INTO "dias" VALUES ( 18390, 100, FALSE, TRUE, 'T2403W', 12710, 14510 );
INSERT INTO "dias_line_groups" VALUES ( 18390, 20 );
INSERT INTO "times" VALUES ( 18390, 12710, NULL, '00:20:00', 40 );
INSERT INTO "times" VALUES ( 18390, 14510, '00:33:00', NULL, NULL );
INSERT INTO "times" VALUES ( 18390, 14520, '00:31:00', '00:31:00', 40 );
INSERT INTO "times" VALUES ( 18390, 14530, '00:29:00', '00:29:00', 40 );
INSERT INTO "times" VALUES ( 18390, 14540, '00:27:00', '00:27:00', 40 );
INSERT INTO "times" VALUES ( 18390, 14550, '00:25:00', '00:25:00', 40 );
INSERT INTO "times" VALUES ( 18390, 14560, '00:23:00', '00:23:00', 40 );
INSERT INTO "times" VALUES ( 18390, 14570, '00:22:00', '00:22:00', 40 );

INSERT INTO "dias" VALUES ( 18391, 100, FALSE, TRUE, 'T2404H', 14510, 12710 );
INSERT INTO "dias_line_groups" VALUES ( 18391, 20 );
INSERT INTO "times" VALUES ( 18391, 12710, '00:49:00', NULL, NULL );
INSERT INTO "times" VALUES ( 18391, 14510, NULL, '00:36:00', 40 );
INSERT INTO "times" VALUES ( 18391, 14520, '00:37:00', '00:37:00', 40 );
INSERT INTO "times" VALUES ( 18391, 14530, '00:40:00', '00:40:00', 40 );
INSERT INTO "times" VALUES ( 18391, 14540, '00:42:00', '00:42:00', 40 );
INSERT INTO "times" VALUES ( 18391, 14550, '00:44:00', '00:44:00', 40 );
INSERT INTO "times" VALUES ( 18391, 14560, '00:45:00', '00:45:00', 40 );
INSERT INTO "times" VALUES ( 18391, 14570, '00:47:00', '00:47:00', 40 );

INSERT INTO "dias" VALUES ( 18392, 100, FALSE, TRUE, 'V0500C', 15510, 12780 );
INSERT INTO "dias_line_groups" VALUES ( 18392, 30 );
INSERT INTO "times" VALUES ( 18392, 12780, '05:31:00', NULL, NULL );
INSERT INTO "times" VALUES ( 18392, 15510, NULL, '05:17:00', 50 );
INSERT INTO "times" VALUES ( 18392, 15520, '05:18:00', '05:18:00', 50 );
INSERT INTO "times" VALUES ( 18392, 15530, '05:20:00', '05:20:00', 50 );
INSERT INTO "times" VALUES ( 18392, 15540, '05:22:00', '05:22:00', 50 );
INSERT INTO "times" VALUES ( 18392, 15550, '05:24:00', '05:24:00', 50 );
INSERT INTO "times" VALUES ( 18392, 15560, '05:26:00', '05:26:00', 50 );
INSERT INTO "times" VALUES ( 18392, 15570, '05:28:00', '05:28:00', 50 );

INSERT INTO "dias" VALUES ( 18393, 100, FALSE, TRUE, 'V0501U', 12780, 15510 );
INSERT INTO "dias_line_groups" VALUES ( 18393, 30 );
INSERT INTO "times" VALUES ( 18393, 12780, NULL, '05:00:00', 50 );
INSERT INTO "times" VALUES ( 18393, 15510, '05:14:00', NULL, NULL );
INSERT INTO "times" VALUES ( 18393, 15520, '05:12:00', '05:12:00', 50 );
INSERT INTO "times" VALUES ( 18393, 15530, '05:09:00', '05:09:00', 50 );
INSERT INTO "times" VALUES ( 18393, 15540, '05:07:00', '05:07:00', 50 );
INSERT INTO "times" VALUES ( 18393, 15550, '05:06:00', '05:06:00', 50 );
INSERT INTO "times" VALUES ( 18393, 15560, '05:04:00', '05:04:00', 50 );
INSERT INTO "times" VALUES ( 18393, 15570, '05:02:00', '05:02:00', 50 );

INSERT INTO "dias" VALUES ( 18394, 100, FALSE, TRUE, 'V0502C', 15510, 12780 );
INSERT INTO "dias_line_groups" VALUES ( 18394, 30 );
INSERT INTO "times" VALUES ( 18394, 12780, '05:45:00', NULL, NULL );
INSERT INTO "times" VALUES ( 18394, 15510, NULL, '05:31:00', 50 );
INSERT INTO "times" VALUES ( 18394, 15520, '05:32:00', '05:32:00', 50 );
INSERT INTO "times" VALUES ( 18394, 15530, '05:34:00', '05:34:00', 50 );
INSERT INTO "times" VALUES ( 18394, 15540, '05:37:00', '05:37:00', 50 );
INSERT INTO "times" VALUES ( 18394, 15550, '05:39:00', '05:39:00', 50 );
INSERT INTO "times" VALUES ( 18394, 15560, '05:40:00', '05:40:00', 50 );
INSERT INTO "times" VALUES ( 18394, 15570, '05:43:00', '05:43:00', 50 );

INSERT INTO "dias" VALUES ( 18395, 100, FALSE, TRUE, 'V0503U', 12780, 15510 );
INSERT INTO "dias_line_groups" VALUES ( 18395, 30 );
INSERT INTO "times" VALUES ( 18395, 12780, NULL, '05:13:00', 50 );
INSERT INTO "times" VALUES ( 18395, 15510, '05:28:00', NULL, NULL );
INSERT INTO "times" VALUES ( 18395, 15520, '05:26:00', '05:26:00', 50 );
INSERT INTO "times" VALUES ( 18395, 15530, '05:23:00', '05:23:00', 50 );
INSERT INTO "times" VALUES ( 18395, 15540, '05:21:00', '05:21:00', 50 );
INSERT INTO "times" VALUES ( 18395, 15550, '05:19:00', '05:19:00', 50 );
INSERT INTO "times" VALUES ( 18395, 15560, '05:17:00', '05:17:00', 50 );
INSERT INTO "times" VALUES ( 18395, 15570, '05:15:00', '05:15:00', 50 );

INSERT INTO "dias" VALUES ( 18396, 100, FALSE, TRUE, 'V0504C', 15510, 12780 );
INSERT INTO "dias_line_groups" VALUES ( 18396, 30 );
INSERT INTO "times" VALUES ( 18396, 12780, '06:00:00', NULL, NULL );
INSERT INTO "times" VALUES ( 18396, 15510, NULL, '05:45:00', 50 );
INSERT INTO "times" VALUES ( 18396, 15520, '05:46:00', '05:46:00', 50 );
INSERT INTO "times" VALUES ( 18396, 15530, '05:49:00', '05:49:00', 50 );
INSERT INTO "times" VALUES ( 18396, 15540, '05:52:00', '05:52:00', 50 );
INSERT INTO "times" VALUES ( 18396, 15550, '05:53:00', '05:53:00', 50 );
INSERT INTO "times" VALUES ( 18396, 15560, '05:55:00', '05:55:00', 50 );
INSERT INTO "times" VALUES ( 18396, 15570, '05:58:00', '05:58:00', 50 );

INSERT INTO "dias" VALUES ( 18397, 100, FALSE, TRUE, 'V0505U', 12780, 15510 );
INSERT INTO "dias_line_groups" VALUES ( 18397, 30 );
INSERT INTO "times" VALUES ( 18397, 12780, NULL, '05:26:00', 50 );
INSERT INTO "times" VALUES ( 18397, 15510, '05:41:00', NULL, NULL );
INSERT INTO "times" VALUES ( 18397, 15520, '05:39:00', '05:39:00', 50 );
INSERT INTO "times" VALUES ( 18397, 15530, '05:36:00', '05:36:00', 50 );
INSERT INTO "times" VALUES ( 18397, 15540, '05:34:00', '05:34:00', 50 );
INSERT INTO "times" VALUES ( 18397, 15550, '05:32:00', '05:32:00', 50 );
INSERT INTO "times" VALUES ( 18397, 15560, '05:30:00', '05:30:00', 50 );
INSERT INTO "times" VALUES ( 18397, 15570, '05:28:00', '05:28:00', 50 );

INSERT INTO "dias" VALUES ( 18398, 100, FALSE, TRUE, 'V0506C', 15510, 12780 );
INSERT INTO "dias_line_groups" VALUES ( 18398, 30 );
INSERT INTO "times" VALUES ( 18398, 12780, '06:11:00', NULL, NULL );
INSERT INTO "times" VALUES ( 18398, 15510, NULL, '05:56:00', 50 );
INSERT INTO "times" VALUES ( 18398, 15520, '05:57:00', '05:57:00', 50 );
INSERT INTO "times" VALUES ( 18398, 15530, '06:00:00', '06:00:00', 50 );
INSERT INTO "times" VALUES ( 18398, 15540, '06:02:00', '06:02:00', 50 );
INSERT INTO "times" VALUES ( 18398, 15550, '06:04:00', '06:04:00', 50 );
INSERT INTO "times" VALUES ( 18398, 15560, '06:06:00', '06:06:00', 50 );
INSERT INTO "times" VALUES ( 18398, 15570, '06:08:00', '06:08:00', 50 );

INSERT INTO "dias" VALUES ( 18399, 100, FALSE, TRUE, 'V0507U', 12780, 15510 );
INSERT INTO "dias_line_groups" VALUES ( 18399, 30 );
INSERT INTO "times" VALUES ( 18399, 12780, NULL, '05:38:00', 50 );
INSERT INTO "times" VALUES ( 18399, 15510, '05:53:00', NULL, NULL );
INSERT INTO "times" VALUES ( 18399, 15520, '05:51:00', '05:51:00', 50 );
INSERT INTO "times" VALUES ( 18399, 15530, '05:49:00', '05:49:00', 50 );
INSERT INTO "times" VALUES ( 18399, 15540, '05:46:00', '05:46:00', 50 );
INSERT INTO "times" VALUES ( 18399, 15550, '05:44:00', '05:44:00', 50 );
INSERT INTO "times" VALUES ( 18399, 15560, '05:43:00', '05:43:00', 50 );
INSERT INTO "times" VALUES ( 18399, 15570, '05:40:00', '05:40:00', 50 );

INSERT INTO "dias" VALUES ( 18400, 100, FALSE, TRUE, 'V0509U', 12780, 15510 );
INSERT INTO "dias_line_groups" VALUES ( 18400, 30 );
INSERT INTO "times" VALUES ( 18400, 12780, NULL, '05:49:00', 50 );
INSERT INTO "times" VALUES ( 18400, 15510, '06:04:00', NULL, NULL );
INSERT INTO "times" VALUES ( 18400, 15520, '06:02:00', '06:02:00', 50 );
INSERT INTO "times" VALUES ( 18400, 15530, '05:59:00', '05:59:00', 50 );
INSERT INTO "times" VALUES ( 18400, 15540, '05:57:00', '05:57:00', 50 );
INSERT INTO "times" VALUES ( 18400, 15550, '05:55:00', '05:55:00', 50 );
INSERT INTO "times" VALUES ( 18400, 15560, '05:53:00', '05:53:00', 50 );
INSERT INTO "times" VALUES ( 18400, 15570, '05:51:00', '05:51:00', 50 );

INSERT INTO "dias" VALUES ( 18401, 100, FALSE, TRUE, 'V0511U', 12780, 15510 );
INSERT INTO "dias_line_groups" VALUES ( 18401, 30 );
INSERT INTO "times" VALUES ( 18401, 12780, NULL, '05:57:00', 50 );
INSERT INTO "times" VALUES ( 18401, 15510, '06:12:00', NULL, NULL );
INSERT INTO "times" VALUES ( 18401, 15520, '06:10:00', '06:10:00', 50 );
INSERT INTO "times" VALUES ( 18401, 15530, '06:07:00', '06:07:00', 50 );
INSERT INTO "times" VALUES ( 18401, 15540, '06:05:00', '06:05:00', 50 );
INSERT INTO "times" VALUES ( 18401, 15550, '06:03:00', '06:03:00', 50 );
INSERT INTO "times" VALUES ( 18401, 15560, '06:01:00', '06:01:00', 50 );
INSERT INTO "times" VALUES ( 18401, 15570, '05:59:00', '05:59:00', 50 );

INSERT INTO "dias" VALUES ( 18402, 100, FALSE, TRUE, 'V0600C', 15510, 12780 );
INSERT INTO "dias_line_groups" VALUES ( 18402, 30 );
INSERT INTO "times" VALUES ( 18402, 12780, '06:22:00', NULL, NULL );
INSERT INTO "times" VALUES ( 18402, 15510, NULL, '06:07:00', 50 );
INSERT INTO "times" VALUES ( 18402, 15520, '06:08:00', '06:08:00', 50 );
INSERT INTO "times" VALUES ( 18402, 15530, '06:10:00', '06:10:00', 50 );
INSERT INTO "times" VALUES ( 18402, 15540, '06:13:00', '06:13:00', 50 );
INSERT INTO "times" VALUES ( 18402, 15550, '06:15:00', '06:15:00', 50 );
INSERT INTO "times" VALUES ( 18402, 15560, '06:16:00', '06:16:00', 50 );
INSERT INTO "times" VALUES ( 18402, 15570, '06:19:00', '06:19:00', 50 );

INSERT INTO "dias" VALUES ( 18403, 100, FALSE, TRUE, 'V0601U', 12780, 15510 );
INSERT INTO "dias_line_groups" VALUES ( 18403, 30 );
INSERT INTO "times" VALUES ( 18403, 12780, NULL, '06:08:00', 50 );
INSERT INTO "times" VALUES ( 18403, 15510, '06:23:00', NULL, NULL );
INSERT INTO "times" VALUES ( 18403, 15520, '06:21:00', '06:21:00', 50 );
INSERT INTO "times" VALUES ( 18403, 15530, '06:19:00', '06:19:00', 50 );
INSERT INTO "times" VALUES ( 18403, 15540, '06:16:00', '06:16:00', 50 );
INSERT INTO "times" VALUES ( 18403, 15550, '06:14:00', '06:14:00', 50 );
INSERT INTO "times" VALUES ( 18403, 15560, '06:13:00', '06:13:00', 50 );
INSERT INTO "times" VALUES ( 18403, 15570, '06:10:00', '06:10:00', 50 );

INSERT INTO "dias" VALUES ( 18404, 100, FALSE, TRUE, 'V0602C', 15510, 12780 );
INSERT INTO "dias_line_groups" VALUES ( 18404, 30 );
INSERT INTO "times" VALUES ( 18404, 12780, '06:30:00', NULL, NULL );
INSERT INTO "times" VALUES ( 18404, 15510, NULL, '06:15:00', 50 );
INSERT INTO "times" VALUES ( 18404, 15520, '06:16:00', '06:16:00', 50 );
INSERT INTO "times" VALUES ( 18404, 15530, '06:18:00', '06:18:00', 50 );
INSERT INTO "times" VALUES ( 18404, 15540, '06:21:00', '06:21:00', 50 );
INSERT INTO "times" VALUES ( 18404, 15550, '06:23:00', '06:23:00', 50 );
INSERT INTO "times" VALUES ( 18404, 15560, '06:24:00', '06:24:00', 50 );
INSERT INTO "times" VALUES ( 18404, 15570, '06:27:00', '06:27:00', 50 );

INSERT INTO "dias" VALUES ( 18405, 100, FALSE, TRUE, 'V0603U', 12780, 15510 );
INSERT INTO "dias_line_groups" VALUES ( 18405, 30 );
INSERT INTO "times" VALUES ( 18405, 12780, NULL, '06:15:00', 50 );
INSERT INTO "times" VALUES ( 18405, 15510, '06:30:00', NULL, NULL );
INSERT INTO "times" VALUES ( 18405, 15520, '06:28:00', '06:28:00', 50 );
INSERT INTO "times" VALUES ( 18405, 15530, '06:26:00', '06:26:00', 50 );
INSERT INTO "times" VALUES ( 18405, 15540, '06:23:00', '06:23:00', 50 );
INSERT INTO "times" VALUES ( 18405, 15550, '06:21:00', '06:21:00', 50 );
INSERT INTO "times" VALUES ( 18405, 15560, '06:20:00', '06:20:00', 50 );
INSERT INTO "times" VALUES ( 18405, 15570, '06:17:00', '06:17:00', 50 );

INSERT INTO "dias" VALUES ( 18406, 100, FALSE, TRUE, 'V0604C', 15510, 12780 );
INSERT INTO "dias_line_groups" VALUES ( 18406, 30 );
INSERT INTO "times" VALUES ( 18406, 12780, '06:41:00', NULL, NULL );
INSERT INTO "times" VALUES ( 18406, 15510, NULL, '06:26:00', 50 );
INSERT INTO "times" VALUES ( 18406, 15520, '06:27:00', '06:27:00', 50 );
INSERT INTO "times" VALUES ( 18406, 15530, '06:30:00', '06:30:00', 50 );
INSERT INTO "times" VALUES ( 18406, 15540, '06:33:00', '06:33:00', 50 );
INSERT INTO "times" VALUES ( 18406, 15550, '06:34:00', '06:34:00', 50 );
INSERT INTO "times" VALUES ( 18406, 15560, '06:36:00', '06:36:00', 50 );
INSERT INTO "times" VALUES ( 18406, 15570, '06:39:00', '06:39:00', 50 );

INSERT INTO "dias" VALUES ( 18407, 100, FALSE, TRUE, 'V0605U', 12780, 15510 );
INSERT INTO "dias_line_groups" VALUES ( 18407, 30 );
INSERT INTO "times" VALUES ( 18407, 12780, NULL, '06:27:00', 50 );
INSERT INTO "times" VALUES ( 18407, 15510, '06:41:00', NULL, NULL );
INSERT INTO "times" VALUES ( 18407, 15520, '06:40:00', '06:40:00', 50 );
INSERT INTO "times" VALUES ( 18407, 15530, '06:37:00', '06:37:00', 50 );
INSERT INTO "times" VALUES ( 18407, 15540, '06:35:00', '06:35:00', 50 );
INSERT INTO "times" VALUES ( 18407, 15550, '06:33:00', '06:33:00', 50 );
INSERT INTO "times" VALUES ( 18407, 15560, '06:31:00', '06:31:00', 50 );
INSERT INTO "times" VALUES ( 18407, 15570, '06:29:00', '06:29:00', 50 );

INSERT INTO "dias" VALUES ( 18408, 100, FALSE, TRUE, 'V0606C', 15510, 12780 );
INSERT INTO "dias_line_groups" VALUES ( 18408, 30 );
INSERT INTO "times" VALUES ( 18408, 12780, '06:50:00', NULL, NULL );
INSERT INTO "times" VALUES ( 18408, 15510, NULL, '06:35:00', 50 );
INSERT INTO "times" VALUES ( 18408, 15520, '06:36:00', '06:36:00', 50 );
INSERT INTO "times" VALUES ( 18408, 15530, '06:38:00', '06:38:00', 50 );
INSERT INTO "times" VALUES ( 18408, 15540, '06:41:00', '06:41:00', 50 );
INSERT INTO "times" VALUES ( 18408, 15550, '06:43:00', '06:43:00', 50 );
INSERT INTO "times" VALUES ( 18408, 15560, '06:44:00', '06:44:00', 50 );
INSERT INTO "times" VALUES ( 18408, 15570, '06:47:00', '06:47:00', 50 );

INSERT INTO "dias" VALUES ( 18409, 100, FALSE, TRUE, 'V0607U', 12780, 15510 );
INSERT INTO "dias_line_groups" VALUES ( 18409, 30 );
INSERT INTO "times" VALUES ( 18409, 12780, NULL, '06:37:00', 50 );
INSERT INTO "times" VALUES ( 18409, 15510, '06:52:00', NULL, NULL );
INSERT INTO "times" VALUES ( 18409, 15520, '06:50:00', '06:50:00', 50 );
INSERT INTO "times" VALUES ( 18409, 15530, '06:48:00', '06:48:00', 50 );
INSERT INTO "times" VALUES ( 18409, 15540, '06:45:00', '06:45:00', 50 );
INSERT INTO "times" VALUES ( 18409, 15550, '06:43:00', '06:43:00', 50 );
INSERT INTO "times" VALUES ( 18409, 15560, '06:42:00', '06:42:00', 50 );
INSERT INTO "times" VALUES ( 18409, 15570, '06:39:00', '06:39:00', 50 );

INSERT INTO "dias" VALUES ( 18410, 100, FALSE, TRUE, 'V0608C', 15510, 12780 );
INSERT INTO "dias_line_groups" VALUES ( 18410, 30 );
INSERT INTO "times" VALUES ( 18410, 12780, '07:03:00', NULL, NULL );
INSERT INTO "times" VALUES ( 18410, 15510, NULL, '06:48:00', 50 );
INSERT INTO "times" VALUES ( 18410, 15520, '06:49:00', '06:49:00', 50 );
INSERT INTO "times" VALUES ( 18410, 15530, '06:51:00', '06:51:00', 50 );
INSERT INTO "times" VALUES ( 18410, 15540, '06:54:00', '06:54:00', 50 );
INSERT INTO "times" VALUES ( 18410, 15550, '06:56:00', '06:56:00', 50 );
INSERT INTO "times" VALUES ( 18410, 15560, '06:57:00', '06:57:00', 50 );
INSERT INTO "times" VALUES ( 18410, 15570, '07:00:00', '07:00:00', 50 );

INSERT INTO "dias" VALUES ( 18411, 100, FALSE, TRUE, 'V0609U', 12780, 15510 );
INSERT INTO "dias_line_groups" VALUES ( 18411, 30 );
INSERT INTO "times" VALUES ( 18411, 12780, NULL, '06:47:00', 50 );
INSERT INTO "times" VALUES ( 18411, 15510, '07:01:00', NULL, NULL );
INSERT INTO "times" VALUES ( 18411, 15520, '07:00:00', '07:00:00', 50 );
INSERT INTO "times" VALUES ( 18411, 15530, '06:57:00', '06:57:00', 50 );
INSERT INTO "times" VALUES ( 18411, 15540, '06:55:00', '06:55:00', 50 );
INSERT INTO "times" VALUES ( 18411, 15550, '06:53:00', '06:53:00', 50 );
INSERT INTO "times" VALUES ( 18411, 15560, '06:51:00', '06:51:00', 50 );
INSERT INTO "times" VALUES ( 18411, 15570, '06:49:00', '06:49:00', 50 );

INSERT INTO "dias" VALUES ( 18412, 100, FALSE, TRUE, 'V0610C', 15510, 12780 );
INSERT INTO "dias_line_groups" VALUES ( 18412, 30 );
INSERT INTO "times" VALUES ( 18412, 12780, '07:14:00', NULL, NULL );
INSERT INTO "times" VALUES ( 18412, 15510, NULL, '06:59:00', 50 );
INSERT INTO "times" VALUES ( 18412, 15520, '07:00:00', '07:00:00', 50 );
INSERT INTO "times" VALUES ( 18412, 15530, '07:03:00', '07:03:00', 50 );
INSERT INTO "times" VALUES ( 18412, 15540, '07:06:00', '07:06:00', 50 );
INSERT INTO "times" VALUES ( 18412, 15550, '07:07:00', '07:07:00', 50 );
INSERT INTO "times" VALUES ( 18412, 15560, '07:09:00', '07:09:00', 50 );
INSERT INTO "times" VALUES ( 18412, 15570, '07:12:00', '07:12:00', 50 );

INSERT INTO "dias" VALUES ( 18413, 100, FALSE, TRUE, 'V0611U', 12780, 15510 );
INSERT INTO "dias_line_groups" VALUES ( 18413, 30 );
INSERT INTO "times" VALUES ( 18413, 12780, NULL, '06:59:00', 50 );
INSERT INTO "times" VALUES ( 18413, 15510, '07:14:00', NULL, NULL );
INSERT INTO "times" VALUES ( 18413, 15520, '07:12:00', '07:12:00', 50 );
INSERT INTO "times" VALUES ( 18413, 15530, '07:10:00', '07:10:00', 50 );
INSERT INTO "times" VALUES ( 18413, 15540, '07:07:00', '07:07:00', 50 );
INSERT INTO "times" VALUES ( 18413, 15550, '07:06:00', '07:06:00', 50 );
INSERT INTO "times" VALUES ( 18413, 15560, '07:04:00', '07:04:00', 50 );
INSERT INTO "times" VALUES ( 18413, 15570, '07:01:00', '07:01:00', 50 );

INSERT INTO "dias" VALUES ( 18414, 100, FALSE, TRUE, 'V0700C', 15510, 12780 );
INSERT INTO "dias_line_groups" VALUES ( 18414, 30 );
INSERT INTO "times" VALUES ( 18414, 12780, '07:24:00', NULL, NULL );
INSERT INTO "times" VALUES ( 18414, 15510, NULL, '07:09:00', 50 );
INSERT INTO "times" VALUES ( 18414, 15520, '07:10:00', '07:10:00', 50 );
INSERT INTO "times" VALUES ( 18414, 15530, '07:13:00', '07:13:00', 50 );
INSERT INTO "times" VALUES ( 18414, 15540, '07:16:00', '07:16:00', 50 );
INSERT INTO "times" VALUES ( 18414, 15550, '07:17:00', '07:17:00', 50 );
INSERT INTO "times" VALUES ( 18414, 15560, '07:19:00', '07:19:00', 50 );
INSERT INTO "times" VALUES ( 18414, 15570, '07:22:00', '07:22:00', 50 );

INSERT INTO "dias" VALUES ( 18415, 100, FALSE, TRUE, 'V0701U', 12780, 15510 );
INSERT INTO "dias_line_groups" VALUES ( 18415, 30 );
INSERT INTO "times" VALUES ( 18415, 12780, NULL, '07:10:00', 50 );
INSERT INTO "times" VALUES ( 18415, 15510, '07:24:00', NULL, NULL );
INSERT INTO "times" VALUES ( 18415, 15520, '07:23:00', '07:23:00', 50 );
INSERT INTO "times" VALUES ( 18415, 15530, '07:20:00', '07:20:00', 50 );
INSERT INTO "times" VALUES ( 18415, 15540, '07:18:00', '07:18:00', 50 );
INSERT INTO "times" VALUES ( 18415, 15550, '07:16:00', '07:16:00', 50 );
INSERT INTO "times" VALUES ( 18415, 15560, '07:14:00', '07:14:00', 50 );
INSERT INTO "times" VALUES ( 18415, 15570, '07:12:00', '07:12:00', 50 );

INSERT INTO "dias" VALUES ( 18416, 100, FALSE, TRUE, 'V0702C', 15510, 12780 );
INSERT INTO "dias_line_groups" VALUES ( 18416, 30 );
INSERT INTO "times" VALUES ( 18416, 12780, '07:35:00', NULL, NULL );
INSERT INTO "times" VALUES ( 18416, 15510, NULL, '07:20:00', 50 );
INSERT INTO "times" VALUES ( 18416, 15520, '07:21:00', '07:21:00', 50 );
INSERT INTO "times" VALUES ( 18416, 15530, '07:23:00', '07:23:00', 50 );
INSERT INTO "times" VALUES ( 18416, 15540, '07:26:00', '07:26:00', 50 );
INSERT INTO "times" VALUES ( 18416, 15550, '07:28:00', '07:28:00', 50 );
INSERT INTO "times" VALUES ( 18416, 15560, '07:29:00', '07:29:00', 50 );
INSERT INTO "times" VALUES ( 18416, 15570, '07:32:00', '07:32:00', 50 );

INSERT INTO "dias" VALUES ( 18417, 100, FALSE, TRUE, 'V0703U', 12780, 15510 );
INSERT INTO "dias_line_groups" VALUES ( 18417, 30 );
INSERT INTO "times" VALUES ( 18417, 12780, NULL, '07:20:00', 50 );
INSERT INTO "times" VALUES ( 18417, 15510, '07:34:00', NULL, NULL );
INSERT INTO "times" VALUES ( 18417, 15520, '07:33:00', '07:33:00', 50 );
INSERT INTO "times" VALUES ( 18417, 15530, '07:30:00', '07:30:00', 50 );
INSERT INTO "times" VALUES ( 18417, 15540, '07:28:00', '07:28:00', 50 );
INSERT INTO "times" VALUES ( 18417, 15550, '07:26:00', '07:26:00', 50 );
INSERT INTO "times" VALUES ( 18417, 15560, '07:24:00', '07:24:00', 50 );
INSERT INTO "times" VALUES ( 18417, 15570, '07:22:00', '07:22:00', 50 );

INSERT INTO "dias" VALUES ( 18418, 100, FALSE, TRUE, 'V0704C', 15510, 12780 );
INSERT INTO "dias_line_groups" VALUES ( 18418, 30 );
INSERT INTO "times" VALUES ( 18418, 12780, '07:45:00', NULL, NULL );
INSERT INTO "times" VALUES ( 18418, 15510, NULL, '07:30:00', 50 );
INSERT INTO "times" VALUES ( 18418, 15520, '07:31:00', '07:31:00', 50 );
INSERT INTO "times" VALUES ( 18418, 15530, '07:33:00', '07:33:00', 50 );
INSERT INTO "times" VALUES ( 18418, 15540, '07:36:00', '07:36:00', 50 );
INSERT INTO "times" VALUES ( 18418, 15550, '07:38:00', '07:38:00', 50 );
INSERT INTO "times" VALUES ( 18418, 15560, '07:39:00', '07:39:00', 50 );
INSERT INTO "times" VALUES ( 18418, 15570, '07:42:00', '07:42:00', 50 );

INSERT INTO "dias" VALUES ( 18419, 100, FALSE, TRUE, 'V0705U', 12780, 15510 );
INSERT INTO "dias_line_groups" VALUES ( 18419, 30 );
INSERT INTO "times" VALUES ( 18419, 12780, NULL, '07:30:00', 50 );
INSERT INTO "times" VALUES ( 18419, 15510, '07:44:00', NULL, NULL );
INSERT INTO "times" VALUES ( 18419, 15520, '07:43:00', '07:43:00', 50 );
INSERT INTO "times" VALUES ( 18419, 15530, '07:40:00', '07:40:00', 50 );
INSERT INTO "times" VALUES ( 18419, 15540, '07:38:00', '07:38:00', 50 );
INSERT INTO "times" VALUES ( 18419, 15550, '07:36:00', '07:36:00', 50 );
INSERT INTO "times" VALUES ( 18419, 15560, '07:34:00', '07:34:00', 50 );
INSERT INTO "times" VALUES ( 18419, 15570, '07:32:00', '07:32:00', 50 );

INSERT INTO "dias" VALUES ( 18420, 100, FALSE, TRUE, 'V0706C', 15510, 12780 );
INSERT INTO "dias_line_groups" VALUES ( 18420, 30 );
INSERT INTO "times" VALUES ( 18420, 12780, '07:55:00', NULL, NULL );
INSERT INTO "times" VALUES ( 18420, 15510, NULL, '07:40:00', 50 );
INSERT INTO "times" VALUES ( 18420, 15520, '07:41:00', '07:41:00', 50 );
INSERT INTO "times" VALUES ( 18420, 15530, '07:44:00', '07:44:00', 50 );
INSERT INTO "times" VALUES ( 18420, 15540, '07:46:00', '07:46:00', 50 );
INSERT INTO "times" VALUES ( 18420, 15550, '07:48:00', '07:48:00', 50 );
INSERT INTO "times" VALUES ( 18420, 15560, '07:50:00', '07:50:00', 50 );
INSERT INTO "times" VALUES ( 18420, 15570, '07:52:00', '07:52:00', 50 );

INSERT INTO "dias" VALUES ( 18421, 100, FALSE, TRUE, 'V0707U', 12780, 15510 );
INSERT INTO "dias_line_groups" VALUES ( 18421, 30 );
INSERT INTO "times" VALUES ( 18421, 12780, NULL, '07:41:00', 50 );
INSERT INTO "times" VALUES ( 18421, 15510, '07:55:00', NULL, NULL );
INSERT INTO "times" VALUES ( 18421, 15520, '07:54:00', '07:54:00', 50 );
INSERT INTO "times" VALUES ( 18421, 15530, '07:51:00', '07:51:00', 50 );
INSERT INTO "times" VALUES ( 18421, 15540, '07:49:00', '07:49:00', 50 );
INSERT INTO "times" VALUES ( 18421, 15550, '07:47:00', '07:47:00', 50 );
INSERT INTO "times" VALUES ( 18421, 15560, '07:45:00', '07:45:00', 50 );
INSERT INTO "times" VALUES ( 18421, 15570, '07:43:00', '07:43:00', 50 );

INSERT INTO "dias" VALUES ( 18422, 100, FALSE, TRUE, 'V0708C', 15510, 12780 );
INSERT INTO "dias_line_groups" VALUES ( 18422, 30 );
INSERT INTO "times" VALUES ( 18422, 12780, '08:05:00', NULL, NULL );
INSERT INTO "times" VALUES ( 18422, 15510, NULL, '07:50:00', 50 );
INSERT INTO "times" VALUES ( 18422, 15520, '07:51:00', '07:51:00', 50 );
INSERT INTO "times" VALUES ( 18422, 15530, '07:54:00', '07:54:00', 50 );
INSERT INTO "times" VALUES ( 18422, 15540, '07:57:00', '07:57:00', 50 );
INSERT INTO "times" VALUES ( 18422, 15550, '07:58:00', '07:58:00', 50 );
INSERT INTO "times" VALUES ( 18422, 15560, '08:00:00', '08:00:00', 50 );
INSERT INTO "times" VALUES ( 18422, 15570, '08:03:00', '08:03:00', 50 );

INSERT INTO "dias" VALUES ( 18423, 100, FALSE, TRUE, 'V0709U', 12780, 15510 );
INSERT INTO "dias_line_groups" VALUES ( 18423, 30 );
INSERT INTO "times" VALUES ( 18423, 12780, NULL, '07:52:00', 50 );
INSERT INTO "times" VALUES ( 18423, 15510, '08:06:00', NULL, NULL );
INSERT INTO "times" VALUES ( 18423, 15520, '08:05:00', '08:05:00', 50 );
INSERT INTO "times" VALUES ( 18423, 15530, '08:02:00', '08:02:00', 50 );
INSERT INTO "times" VALUES ( 18423, 15540, '08:00:00', '08:00:00', 50 );
INSERT INTO "times" VALUES ( 18423, 15550, '07:58:00', '07:58:00', 50 );
INSERT INTO "times" VALUES ( 18423, 15560, '07:56:00', '07:56:00', 50 );
INSERT INTO "times" VALUES ( 18423, 15570, '07:54:00', '07:54:00', 50 );

INSERT INTO "dias" VALUES ( 18424, 100, FALSE, TRUE, 'V0800C', 15510, 12780 );
INSERT INTO "dias_line_groups" VALUES ( 18424, 30 );
INSERT INTO "times" VALUES ( 18424, 12780, '08:16:00', NULL, NULL );
INSERT INTO "times" VALUES ( 18424, 15510, NULL, '08:01:00', 50 );
INSERT INTO "times" VALUES ( 18424, 15520, '08:02:00', '08:02:00', 50 );
INSERT INTO "times" VALUES ( 18424, 15530, '08:04:00', '08:04:00', 50 );
INSERT INTO "times" VALUES ( 18424, 15540, '08:07:00', '08:07:00', 50 );
INSERT INTO "times" VALUES ( 18424, 15550, '08:09:00', '08:09:00', 50 );
INSERT INTO "times" VALUES ( 18424, 15560, '08:10:00', '08:10:00', 50 );
INSERT INTO "times" VALUES ( 18424, 15570, '08:13:00', '08:13:00', 50 );

INSERT INTO "dias" VALUES ( 18425, 100, FALSE, TRUE, 'V0801U', 12780, 15510 );
INSERT INTO "dias_line_groups" VALUES ( 18425, 30 );
INSERT INTO "times" VALUES ( 18425, 12780, NULL, '08:02:00', 50 );
INSERT INTO "times" VALUES ( 18425, 15510, '08:16:00', NULL, NULL );
INSERT INTO "times" VALUES ( 18425, 15520, '08:15:00', '08:15:00', 50 );
INSERT INTO "times" VALUES ( 18425, 15530, '08:12:00', '08:12:00', 50 );
INSERT INTO "times" VALUES ( 18425, 15540, '08:10:00', '08:10:00', 50 );
INSERT INTO "times" VALUES ( 18425, 15550, '08:08:00', '08:08:00', 50 );
INSERT INTO "times" VALUES ( 18425, 15560, '08:06:00', '08:06:00', 50 );
INSERT INTO "times" VALUES ( 18425, 15570, '08:04:00', '08:04:00', 50 );

INSERT INTO "dias" VALUES ( 18426, 100, FALSE, TRUE, 'V0802C', 15510, 12780 );
INSERT INTO "dias_line_groups" VALUES ( 18426, 30 );
INSERT INTO "times" VALUES ( 18426, 12780, '08:26:00', NULL, NULL );
INSERT INTO "times" VALUES ( 18426, 15510, NULL, '08:11:00', 50 );
INSERT INTO "times" VALUES ( 18426, 15520, '08:12:00', '08:12:00', 50 );
INSERT INTO "times" VALUES ( 18426, 15530, '08:14:00', '08:14:00', 50 );
INSERT INTO "times" VALUES ( 18426, 15540, '08:17:00', '08:17:00', 50 );
INSERT INTO "times" VALUES ( 18426, 15550, '08:19:00', '08:19:00', 50 );
INSERT INTO "times" VALUES ( 18426, 15560, '08:20:00', '08:20:00', 50 );
INSERT INTO "times" VALUES ( 18426, 15570, '08:23:00', '08:23:00', 50 );

INSERT INTO "dias" VALUES ( 18427, 100, FALSE, TRUE, 'V0803U', 12780, 15510 );
INSERT INTO "dias_line_groups" VALUES ( 18427, 30 );
INSERT INTO "times" VALUES ( 18427, 12780, NULL, '08:12:00', 50 );
INSERT INTO "times" VALUES ( 18427, 15510, '08:26:00', NULL, NULL );
INSERT INTO "times" VALUES ( 18427, 15520, '08:25:00', '08:25:00', 50 );
INSERT INTO "times" VALUES ( 18427, 15530, '08:22:00', '08:22:00', 50 );
INSERT INTO "times" VALUES ( 18427, 15540, '08:20:00', '08:20:00', 50 );
INSERT INTO "times" VALUES ( 18427, 15550, '08:18:00', '08:18:00', 50 );
INSERT INTO "times" VALUES ( 18427, 15560, '08:16:00', '08:16:00', 50 );
INSERT INTO "times" VALUES ( 18427, 15570, '08:14:00', '08:14:00', 50 );

INSERT INTO "dias" VALUES ( 18428, 100, FALSE, TRUE, 'V0804C', 15510, 12780 );
INSERT INTO "dias_line_groups" VALUES ( 18428, 30 );
INSERT INTO "times" VALUES ( 18428, 12780, '08:36:00', NULL, NULL );
INSERT INTO "times" VALUES ( 18428, 15510, NULL, '08:21:00', 50 );
INSERT INTO "times" VALUES ( 18428, 15520, '08:22:00', '08:22:00', 50 );
INSERT INTO "times" VALUES ( 18428, 15530, '08:24:00', '08:24:00', 50 );
INSERT INTO "times" VALUES ( 18428, 15540, '08:27:00', '08:27:00', 50 );
INSERT INTO "times" VALUES ( 18428, 15550, '08:29:00', '08:29:00', 50 );
INSERT INTO "times" VALUES ( 18428, 15560, '08:30:00', '08:30:00', 50 );
INSERT INTO "times" VALUES ( 18428, 15570, '08:33:00', '08:33:00', 50 );

INSERT INTO "dias" VALUES ( 18429, 100, FALSE, TRUE, 'V0805U', 12780, 15510 );
INSERT INTO "dias_line_groups" VALUES ( 18429, 30 );
INSERT INTO "times" VALUES ( 18429, 12780, NULL, '08:23:00', 50 );
INSERT INTO "times" VALUES ( 18429, 15510, '08:37:00', NULL, NULL );
INSERT INTO "times" VALUES ( 18429, 15520, '08:36:00', '08:36:00', 50 );
INSERT INTO "times" VALUES ( 18429, 15530, '08:33:00', '08:33:00', 50 );
INSERT INTO "times" VALUES ( 18429, 15540, '08:31:00', '08:31:00', 50 );
INSERT INTO "times" VALUES ( 18429, 15550, '08:29:00', '08:29:00', 50 );
INSERT INTO "times" VALUES ( 18429, 15560, '08:27:00', '08:27:00', 50 );
INSERT INTO "times" VALUES ( 18429, 15570, '08:25:00', '08:25:00', 50 );

INSERT INTO "dias" VALUES ( 18430, 100, FALSE, TRUE, 'V0806C', 15510, 12780 );
INSERT INTO "dias_line_groups" VALUES ( 18430, 30 );
INSERT INTO "times" VALUES ( 18430, 12780, '08:46:00', NULL, NULL );
INSERT INTO "times" VALUES ( 18430, 15510, NULL, '08:31:00', 50 );
INSERT INTO "times" VALUES ( 18430, 15520, '08:32:00', '08:32:00', 50 );
INSERT INTO "times" VALUES ( 18430, 15530, '08:34:00', '08:34:00', 50 );
INSERT INTO "times" VALUES ( 18430, 15540, '08:37:00', '08:37:00', 50 );
INSERT INTO "times" VALUES ( 18430, 15550, '08:39:00', '08:39:00', 50 );
INSERT INTO "times" VALUES ( 18430, 15560, '08:40:00', '08:40:00', 50 );
INSERT INTO "times" VALUES ( 18430, 15570, '08:43:00', '08:43:00', 50 );

INSERT INTO "dias" VALUES ( 18431, 100, FALSE, TRUE, 'V0807U', 12780, 15510 );
INSERT INTO "dias_line_groups" VALUES ( 18431, 30 );
INSERT INTO "times" VALUES ( 18431, 12780, NULL, '08:32:00', 50 );
INSERT INTO "times" VALUES ( 18431, 15510, '08:46:00', NULL, NULL );
INSERT INTO "times" VALUES ( 18431, 15520, '08:45:00', '08:45:00', 50 );
INSERT INTO "times" VALUES ( 18431, 15530, '08:42:00', '08:42:00', 50 );
INSERT INTO "times" VALUES ( 18431, 15540, '08:40:00', '08:40:00', 50 );
INSERT INTO "times" VALUES ( 18431, 15550, '08:38:00', '08:38:00', 50 );
INSERT INTO "times" VALUES ( 18431, 15560, '08:36:00', '08:36:00', 50 );
INSERT INTO "times" VALUES ( 18431, 15570, '08:34:00', '08:34:00', 50 );

INSERT INTO "dias" VALUES ( 18432, 100, FALSE, TRUE, 'V0808C', 15510, 12780 );
INSERT INTO "dias_line_groups" VALUES ( 18432, 30 );
INSERT INTO "times" VALUES ( 18432, 12780, '08:56:00', NULL, NULL );
INSERT INTO "times" VALUES ( 18432, 15510, NULL, '08:41:00', 50 );
INSERT INTO "times" VALUES ( 18432, 15520, '08:42:00', '08:42:00', 50 );
INSERT INTO "times" VALUES ( 18432, 15530, '08:44:00', '08:44:00', 50 );
INSERT INTO "times" VALUES ( 18432, 15540, '08:47:00', '08:47:00', 50 );
INSERT INTO "times" VALUES ( 18432, 15550, '08:49:00', '08:49:00', 50 );
INSERT INTO "times" VALUES ( 18432, 15560, '08:50:00', '08:50:00', 50 );
INSERT INTO "times" VALUES ( 18432, 15570, '08:53:00', '08:53:00', 50 );

INSERT INTO "dias" VALUES ( 18433, 100, FALSE, TRUE, 'V0809U', 12780, 15510 );
INSERT INTO "dias_line_groups" VALUES ( 18433, 30 );
INSERT INTO "times" VALUES ( 18433, 12780, NULL, '08:42:00', 50 );
INSERT INTO "times" VALUES ( 18433, 15510, '08:56:00', NULL, NULL );
INSERT INTO "times" VALUES ( 18433, 15520, '08:55:00', '08:55:00', 50 );
INSERT INTO "times" VALUES ( 18433, 15530, '08:52:00', '08:52:00', 50 );
INSERT INTO "times" VALUES ( 18433, 15540, '08:50:00', '08:50:00', 50 );
INSERT INTO "times" VALUES ( 18433, 15550, '08:48:00', '08:48:00', 50 );
INSERT INTO "times" VALUES ( 18433, 15560, '08:46:00', '08:46:00', 50 );
INSERT INTO "times" VALUES ( 18433, 15570, '08:44:00', '08:44:00', 50 );

INSERT INTO "dias" VALUES ( 18434, 100, FALSE, TRUE, 'V0810C', 15510, 12780 );
INSERT INTO "dias_line_groups" VALUES ( 18434, 30 );
INSERT INTO "times" VALUES ( 18434, 12780, '09:06:00', NULL, NULL );
INSERT INTO "times" VALUES ( 18434, 15510, NULL, '08:51:00', 50 );
INSERT INTO "times" VALUES ( 18434, 15520, '08:52:00', '08:52:00', 50 );
INSERT INTO "times" VALUES ( 18434, 15530, '08:54:00', '08:54:00', 50 );
INSERT INTO "times" VALUES ( 18434, 15540, '08:57:00', '08:57:00', 50 );
INSERT INTO "times" VALUES ( 18434, 15550, '08:59:00', '08:59:00', 50 );
INSERT INTO "times" VALUES ( 18434, 15560, '09:00:00', '09:00:00', 50 );
INSERT INTO "times" VALUES ( 18434, 15570, '09:03:00', '09:03:00', 50 );

INSERT INTO "dias" VALUES ( 18435, 100, FALSE, TRUE, 'V0811U', 12780, 15510 );
INSERT INTO "dias_line_groups" VALUES ( 18435, 30 );
INSERT INTO "times" VALUES ( 18435, 12780, NULL, '08:52:00', 50 );
INSERT INTO "times" VALUES ( 18435, 15510, '09:06:00', NULL, NULL );
INSERT INTO "times" VALUES ( 18435, 15520, '09:05:00', '09:05:00', 50 );
INSERT INTO "times" VALUES ( 18435, 15530, '09:02:00', '09:02:00', 50 );
INSERT INTO "times" VALUES ( 18435, 15540, '09:00:00', '09:00:00', 50 );
INSERT INTO "times" VALUES ( 18435, 15550, '08:58:00', '08:58:00', 50 );
INSERT INTO "times" VALUES ( 18435, 15560, '08:56:00', '08:56:00', 50 );
INSERT INTO "times" VALUES ( 18435, 15570, '08:54:00', '08:54:00', 50 );

INSERT INTO "dias" VALUES ( 18436, 100, FALSE, TRUE, 'V0900C', 15510, 12780 );
INSERT INTO "dias_line_groups" VALUES ( 18436, 30 );
INSERT INTO "times" VALUES ( 18436, 12780, '09:16:00', NULL, NULL );
INSERT INTO "times" VALUES ( 18436, 15510, NULL, '09:01:00', 50 );
INSERT INTO "times" VALUES ( 18436, 15520, '09:02:00', '09:02:00', 50 );
INSERT INTO "times" VALUES ( 18436, 15530, '09:04:00', '09:04:00', 50 );
INSERT INTO "times" VALUES ( 18436, 15540, '09:07:00', '09:07:00', 50 );
INSERT INTO "times" VALUES ( 18436, 15550, '09:09:00', '09:09:00', 50 );
INSERT INTO "times" VALUES ( 18436, 15560, '09:10:00', '09:10:00', 50 );
INSERT INTO "times" VALUES ( 18436, 15570, '09:13:00', '09:13:00', 50 );

INSERT INTO "dias" VALUES ( 18437, 100, FALSE, TRUE, 'V0901U', 12780, 15510 );
INSERT INTO "dias_line_groups" VALUES ( 18437, 30 );
INSERT INTO "times" VALUES ( 18437, 12780, NULL, '09:02:00', 50 );
INSERT INTO "times" VALUES ( 18437, 15510, '09:16:00', NULL, NULL );
INSERT INTO "times" VALUES ( 18437, 15520, '09:15:00', '09:15:00', 50 );
INSERT INTO "times" VALUES ( 18437, 15530, '09:12:00', '09:12:00', 50 );
INSERT INTO "times" VALUES ( 18437, 15540, '09:10:00', '09:10:00', 50 );
INSERT INTO "times" VALUES ( 18437, 15550, '09:08:00', '09:08:00', 50 );
INSERT INTO "times" VALUES ( 18437, 15560, '09:06:00', '09:06:00', 50 );
INSERT INTO "times" VALUES ( 18437, 15570, '09:04:00', '09:04:00', 50 );

INSERT INTO "dias" VALUES ( 18438, 100, FALSE, TRUE, 'V0902C', 15510, 12780 );
INSERT INTO "dias_line_groups" VALUES ( 18438, 30 );
INSERT INTO "times" VALUES ( 18438, 12780, '09:25:00', NULL, NULL );
INSERT INTO "times" VALUES ( 18438, 15510, NULL, '09:11:00', 50 );
INSERT INTO "times" VALUES ( 18438, 15520, '09:12:00', '09:12:00', 50 );
INSERT INTO "times" VALUES ( 18438, 15530, '09:14:00', '09:14:00', 50 );
INSERT INTO "times" VALUES ( 18438, 15540, '09:17:00', '09:17:00', 50 );
INSERT INTO "times" VALUES ( 18438, 15550, '09:19:00', '09:19:00', 50 );
INSERT INTO "times" VALUES ( 18438, 15560, '09:20:00', '09:20:00', 50 );
INSERT INTO "times" VALUES ( 18438, 15570, '09:23:00', '09:23:00', 50 );

INSERT INTO "dias" VALUES ( 18439, 100, FALSE, TRUE, 'V0903U', 12780, 15510 );
INSERT INTO "dias_line_groups" VALUES ( 18439, 30 );
INSERT INTO "times" VALUES ( 18439, 12780, NULL, '09:12:00', 50 );
INSERT INTO "times" VALUES ( 18439, 15510, '09:26:00', NULL, NULL );
INSERT INTO "times" VALUES ( 18439, 15520, '09:25:00', '09:25:00', 50 );
INSERT INTO "times" VALUES ( 18439, 15530, '09:22:00', '09:22:00', 50 );
INSERT INTO "times" VALUES ( 18439, 15540, '09:20:00', '09:20:00', 50 );
INSERT INTO "times" VALUES ( 18439, 15550, '09:18:00', '09:18:00', 50 );
INSERT INTO "times" VALUES ( 18439, 15560, '09:16:00', '09:16:00', 50 );
INSERT INTO "times" VALUES ( 18439, 15570, '09:14:00', '09:14:00', 50 );

INSERT INTO "dias" VALUES ( 18440, 100, FALSE, TRUE, 'V0904C', 15510, 12780 );
INSERT INTO "dias_line_groups" VALUES ( 18440, 30 );
INSERT INTO "times" VALUES ( 18440, 12780, '09:36:00', NULL, NULL );
INSERT INTO "times" VALUES ( 18440, 15510, NULL, '09:21:00', 50 );
INSERT INTO "times" VALUES ( 18440, 15520, '09:22:00', '09:22:00', 50 );
INSERT INTO "times" VALUES ( 18440, 15530, '09:24:00', '09:24:00', 50 );
INSERT INTO "times" VALUES ( 18440, 15540, '09:27:00', '09:27:00', 50 );
INSERT INTO "times" VALUES ( 18440, 15550, '09:29:00', '09:29:00', 50 );
INSERT INTO "times" VALUES ( 18440, 15560, '09:30:00', '09:30:00', 50 );
INSERT INTO "times" VALUES ( 18440, 15570, '09:33:00', '09:33:00', 50 );

INSERT INTO "dias" VALUES ( 18441, 100, FALSE, TRUE, 'V0905U', 12780, 15510 );
INSERT INTO "dias_line_groups" VALUES ( 18441, 30 );
INSERT INTO "times" VALUES ( 18441, 12780, NULL, '09:22:00', 50 );
INSERT INTO "times" VALUES ( 18441, 15510, '09:36:00', NULL, NULL );
INSERT INTO "times" VALUES ( 18441, 15520, '09:35:00', '09:35:00', 50 );
INSERT INTO "times" VALUES ( 18441, 15530, '09:32:00', '09:32:00', 50 );
INSERT INTO "times" VALUES ( 18441, 15540, '09:30:00', '09:30:00', 50 );
INSERT INTO "times" VALUES ( 18441, 15550, '09:28:00', '09:28:00', 50 );
INSERT INTO "times" VALUES ( 18441, 15560, '09:26:00', '09:26:00', 50 );
INSERT INTO "times" VALUES ( 18441, 15570, '09:24:00', '09:24:00', 50 );

INSERT INTO "dias" VALUES ( 18442, 100, FALSE, TRUE, 'V0906C', 15510, 12780 );
INSERT INTO "dias_line_groups" VALUES ( 18442, 30 );
INSERT INTO "times" VALUES ( 18442, 12780, '09:46:00', NULL, NULL );
INSERT INTO "times" VALUES ( 18442, 15510, NULL, '09:31:00', 50 );
INSERT INTO "times" VALUES ( 18442, 15520, '09:32:00', '09:32:00', 50 );
INSERT INTO "times" VALUES ( 18442, 15530, '09:34:00', '09:34:00', 50 );
INSERT INTO "times" VALUES ( 18442, 15540, '09:37:00', '09:37:00', 50 );
INSERT INTO "times" VALUES ( 18442, 15550, '09:39:00', '09:39:00', 50 );
INSERT INTO "times" VALUES ( 18442, 15560, '09:40:00', '09:40:00', 50 );
INSERT INTO "times" VALUES ( 18442, 15570, '09:43:00', '09:43:00', 50 );

INSERT INTO "dias" VALUES ( 18443, 100, FALSE, TRUE, 'V0907U', 12780, 15510 );
INSERT INTO "dias_line_groups" VALUES ( 18443, 30 );
INSERT INTO "times" VALUES ( 18443, 12780, NULL, '09:32:00', 50 );
INSERT INTO "times" VALUES ( 18443, 15510, '09:46:00', NULL, NULL );
INSERT INTO "times" VALUES ( 18443, 15520, '09:45:00', '09:45:00', 50 );
INSERT INTO "times" VALUES ( 18443, 15530, '09:42:00', '09:42:00', 50 );
INSERT INTO "times" VALUES ( 18443, 15540, '09:40:00', '09:40:00', 50 );
INSERT INTO "times" VALUES ( 18443, 15550, '09:38:00', '09:38:00', 50 );
INSERT INTO "times" VALUES ( 18443, 15560, '09:36:00', '09:36:00', 50 );
INSERT INTO "times" VALUES ( 18443, 15570, '09:34:00', '09:34:00', 50 );

INSERT INTO "dias" VALUES ( 18444, 100, FALSE, TRUE, 'V0908C', 15510, 12780 );
INSERT INTO "dias_line_groups" VALUES ( 18444, 30 );
INSERT INTO "times" VALUES ( 18444, 12780, '09:55:00', NULL, NULL );
INSERT INTO "times" VALUES ( 18444, 15510, NULL, '09:41:00', 50 );
INSERT INTO "times" VALUES ( 18444, 15520, '09:42:00', '09:42:00', 50 );
INSERT INTO "times" VALUES ( 18444, 15530, '09:44:00', '09:44:00', 50 );
INSERT INTO "times" VALUES ( 18444, 15540, '09:47:00', '09:47:00', 50 );
INSERT INTO "times" VALUES ( 18444, 15550, '09:49:00', '09:49:00', 50 );
INSERT INTO "times" VALUES ( 18444, 15560, '09:50:00', '09:50:00', 50 );
INSERT INTO "times" VALUES ( 18444, 15570, '09:53:00', '09:53:00', 50 );

INSERT INTO "dias" VALUES ( 18445, 100, FALSE, TRUE, 'V0909U', 12780, 15510 );
INSERT INTO "dias_line_groups" VALUES ( 18445, 30 );
INSERT INTO "times" VALUES ( 18445, 12780, NULL, '09:42:00', 50 );
INSERT INTO "times" VALUES ( 18445, 15510, '09:56:00', NULL, NULL );
INSERT INTO "times" VALUES ( 18445, 15520, '09:55:00', '09:55:00', 50 );
INSERT INTO "times" VALUES ( 18445, 15530, '09:52:00', '09:52:00', 50 );
INSERT INTO "times" VALUES ( 18445, 15540, '09:50:00', '09:50:00', 50 );
INSERT INTO "times" VALUES ( 18445, 15550, '09:48:00', '09:48:00', 50 );
INSERT INTO "times" VALUES ( 18445, 15560, '09:46:00', '09:46:00', 50 );
INSERT INTO "times" VALUES ( 18445, 15570, '09:44:00', '09:44:00', 50 );

INSERT INTO "dias" VALUES ( 18446, 100, FALSE, TRUE, 'V0910C', 15510, 12780 );
INSERT INTO "dias_line_groups" VALUES ( 18446, 30 );
INSERT INTO "times" VALUES ( 18446, 12780, '10:06:00', NULL, NULL );
INSERT INTO "times" VALUES ( 18446, 15510, NULL, '09:51:00', 50 );
INSERT INTO "times" VALUES ( 18446, 15520, '09:52:00', '09:52:00', 50 );
INSERT INTO "times" VALUES ( 18446, 15530, '09:54:00', '09:54:00', 50 );
INSERT INTO "times" VALUES ( 18446, 15540, '09:57:00', '09:57:00', 50 );
INSERT INTO "times" VALUES ( 18446, 15550, '09:59:00', '09:59:00', 50 );
INSERT INTO "times" VALUES ( 18446, 15560, '10:00:00', '10:00:00', 50 );
INSERT INTO "times" VALUES ( 18446, 15570, '10:03:00', '10:03:00', 50 );

INSERT INTO "dias" VALUES ( 18447, 100, FALSE, TRUE, 'V0911U', 12780, 15510 );
INSERT INTO "dias_line_groups" VALUES ( 18447, 30 );
INSERT INTO "times" VALUES ( 18447, 12780, NULL, '09:52:00', 50 );
INSERT INTO "times" VALUES ( 18447, 15510, '10:07:00', NULL, NULL );
INSERT INTO "times" VALUES ( 18447, 15520, '10:05:00', '10:05:00', 50 );
INSERT INTO "times" VALUES ( 18447, 15530, '10:03:00', '10:03:00', 50 );
INSERT INTO "times" VALUES ( 18447, 15540, '10:00:00', '10:00:00', 50 );
INSERT INTO "times" VALUES ( 18447, 15550, '09:58:00', '09:58:00', 50 );
INSERT INTO "times" VALUES ( 18447, 15560, '09:57:00', '09:57:00', 50 );
INSERT INTO "times" VALUES ( 18447, 15570, '09:54:00', '09:54:00', 50 );

INSERT INTO "dias" VALUES ( 18448, 100, FALSE, TRUE, 'V1000C', 15510, 12780 );
INSERT INTO "dias_line_groups" VALUES ( 18448, 30 );
INSERT INTO "times" VALUES ( 18448, 12780, '10:16:00', NULL, NULL );
INSERT INTO "times" VALUES ( 18448, 15510, NULL, '10:01:00', 50 );
INSERT INTO "times" VALUES ( 18448, 15520, '10:02:00', '10:02:00', 50 );
INSERT INTO "times" VALUES ( 18448, 15530, '10:04:00', '10:04:00', 50 );
INSERT INTO "times" VALUES ( 18448, 15540, '10:07:00', '10:07:00', 50 );
INSERT INTO "times" VALUES ( 18448, 15550, '10:09:00', '10:09:00', 50 );
INSERT INTO "times" VALUES ( 18448, 15560, '10:10:00', '10:10:00', 50 );
INSERT INTO "times" VALUES ( 18448, 15570, '10:13:00', '10:13:00', 50 );

INSERT INTO "dias" VALUES ( 18449, 100, FALSE, TRUE, 'V1001U', 12780, 15510 );
INSERT INTO "dias_line_groups" VALUES ( 18449, 30 );
INSERT INTO "times" VALUES ( 18449, 12780, NULL, '10:02:00', 50 );
INSERT INTO "times" VALUES ( 18449, 15510, '10:17:00', NULL, NULL );
INSERT INTO "times" VALUES ( 18449, 15520, '10:15:00', '10:15:00', 50 );
INSERT INTO "times" VALUES ( 18449, 15530, '10:13:00', '10:13:00', 50 );
INSERT INTO "times" VALUES ( 18449, 15540, '10:10:00', '10:10:00', 50 );
INSERT INTO "times" VALUES ( 18449, 15550, '10:09:00', '10:09:00', 50 );
INSERT INTO "times" VALUES ( 18449, 15560, '10:07:00', '10:07:00', 50 );
INSERT INTO "times" VALUES ( 18449, 15570, '10:04:00', '10:04:00', 50 );

INSERT INTO "dias" VALUES ( 18450, 100, FALSE, TRUE, 'V1002C', 15510, 12780 );
INSERT INTO "dias_line_groups" VALUES ( 18450, 30 );
INSERT INTO "times" VALUES ( 18450, 12780, '10:25:00', NULL, NULL );
INSERT INTO "times" VALUES ( 18450, 15510, NULL, '10:11:00', 50 );
INSERT INTO "times" VALUES ( 18450, 15520, '10:12:00', '10:12:00', 50 );
INSERT INTO "times" VALUES ( 18450, 15530, '10:14:00', '10:14:00', 50 );
INSERT INTO "times" VALUES ( 18450, 15540, '10:17:00', '10:17:00', 50 );
INSERT INTO "times" VALUES ( 18450, 15550, '10:19:00', '10:19:00', 50 );
INSERT INTO "times" VALUES ( 18450, 15560, '10:20:00', '10:20:00', 50 );
INSERT INTO "times" VALUES ( 18450, 15570, '10:23:00', '10:23:00', 50 );

INSERT INTO "dias" VALUES ( 18451, 100, FALSE, TRUE, 'V1003U', 12780, 15510 );
INSERT INTO "dias_line_groups" VALUES ( 18451, 30 );
INSERT INTO "times" VALUES ( 18451, 12780, NULL, '10:12:00', 50 );
INSERT INTO "times" VALUES ( 18451, 15510, '10:27:00', NULL, NULL );
INSERT INTO "times" VALUES ( 18451, 15520, '10:25:00', '10:25:00', 50 );
INSERT INTO "times" VALUES ( 18451, 15530, '10:23:00', '10:23:00', 50 );
INSERT INTO "times" VALUES ( 18451, 15540, '10:20:00', '10:20:00', 50 );
INSERT INTO "times" VALUES ( 18451, 15550, '10:19:00', '10:19:00', 50 );
INSERT INTO "times" VALUES ( 18451, 15560, '10:17:00', '10:17:00', 50 );
INSERT INTO "times" VALUES ( 18451, 15570, '10:14:00', '10:14:00', 50 );

INSERT INTO "dias" VALUES ( 18452, 100, FALSE, TRUE, 'V1004C', 15510, 12780 );
INSERT INTO "dias_line_groups" VALUES ( 18452, 30 );
INSERT INTO "times" VALUES ( 18452, 12780, '10:36:00', NULL, NULL );
INSERT INTO "times" VALUES ( 18452, 15510, NULL, '10:21:00', 50 );
INSERT INTO "times" VALUES ( 18452, 15520, '10:22:00', '10:22:00', 50 );
INSERT INTO "times" VALUES ( 18452, 15530, '10:24:00', '10:24:00', 50 );
INSERT INTO "times" VALUES ( 18452, 15540, '10:27:00', '10:27:00', 50 );
INSERT INTO "times" VALUES ( 18452, 15550, '10:29:00', '10:29:00', 50 );
INSERT INTO "times" VALUES ( 18452, 15560, '10:30:00', '10:30:00', 50 );
INSERT INTO "times" VALUES ( 18452, 15570, '10:33:00', '10:33:00', 50 );

INSERT INTO "dias" VALUES ( 18453, 100, FALSE, TRUE, 'V1005U', 12780, 15510 );
INSERT INTO "dias_line_groups" VALUES ( 18453, 30 );
INSERT INTO "times" VALUES ( 18453, 12780, NULL, '10:22:00', 50 );
INSERT INTO "times" VALUES ( 18453, 15510, '10:37:00', NULL, NULL );
INSERT INTO "times" VALUES ( 18453, 15520, '10:35:00', '10:35:00', 50 );
INSERT INTO "times" VALUES ( 18453, 15530, '10:33:00', '10:33:00', 50 );
INSERT INTO "times" VALUES ( 18453, 15540, '10:30:00', '10:30:00', 50 );
INSERT INTO "times" VALUES ( 18453, 15550, '10:29:00', '10:29:00', 50 );
INSERT INTO "times" VALUES ( 18453, 15560, '10:27:00', '10:27:00', 50 );
INSERT INTO "times" VALUES ( 18453, 15570, '10:24:00', '10:24:00', 50 );

INSERT INTO "dias" VALUES ( 18454, 100, FALSE, TRUE, 'V1006C', 15510, 12780 );
INSERT INTO "dias_line_groups" VALUES ( 18454, 30 );
INSERT INTO "times" VALUES ( 18454, 12780, '10:46:00', NULL, NULL );
INSERT INTO "times" VALUES ( 18454, 15510, NULL, '10:31:00', 50 );
INSERT INTO "times" VALUES ( 18454, 15520, '10:32:00', '10:32:00', 50 );
INSERT INTO "times" VALUES ( 18454, 15530, '10:34:00', '10:34:00', 50 );
INSERT INTO "times" VALUES ( 18454, 15540, '10:37:00', '10:37:00', 50 );
INSERT INTO "times" VALUES ( 18454, 15550, '10:39:00', '10:39:00', 50 );
INSERT INTO "times" VALUES ( 18454, 15560, '10:40:00', '10:40:00', 50 );
INSERT INTO "times" VALUES ( 18454, 15570, '10:43:00', '10:43:00', 50 );

INSERT INTO "dias" VALUES ( 18455, 100, FALSE, TRUE, 'V1007U', 12780, 15510 );
INSERT INTO "dias_line_groups" VALUES ( 18455, 30 );
INSERT INTO "times" VALUES ( 18455, 12780, NULL, '10:32:00', 50 );
INSERT INTO "times" VALUES ( 18455, 15510, '10:47:00', NULL, NULL );
INSERT INTO "times" VALUES ( 18455, 15520, '10:45:00', '10:45:00', 50 );
INSERT INTO "times" VALUES ( 18455, 15530, '10:43:00', '10:43:00', 50 );
INSERT INTO "times" VALUES ( 18455, 15540, '10:40:00', '10:40:00', 50 );
INSERT INTO "times" VALUES ( 18455, 15550, '10:39:00', '10:39:00', 50 );
INSERT INTO "times" VALUES ( 18455, 15560, '10:37:00', '10:37:00', 50 );
INSERT INTO "times" VALUES ( 18455, 15570, '10:34:00', '10:34:00', 50 );

INSERT INTO "dias" VALUES ( 18456, 100, FALSE, TRUE, 'V1008C', 15510, 12780 );
INSERT INTO "dias_line_groups" VALUES ( 18456, 30 );
INSERT INTO "times" VALUES ( 18456, 12780, '10:55:00', NULL, NULL );
INSERT INTO "times" VALUES ( 18456, 15510, NULL, '10:41:00', 50 );
INSERT INTO "times" VALUES ( 18456, 15520, '10:42:00', '10:42:00', 50 );
INSERT INTO "times" VALUES ( 18456, 15530, '10:44:00', '10:44:00', 50 );
INSERT INTO "times" VALUES ( 18456, 15540, '10:47:00', '10:47:00', 50 );
INSERT INTO "times" VALUES ( 18456, 15550, '10:49:00', '10:49:00', 50 );
INSERT INTO "times" VALUES ( 18456, 15560, '10:50:00', '10:50:00', 50 );
INSERT INTO "times" VALUES ( 18456, 15570, '10:53:00', '10:53:00', 50 );

INSERT INTO "dias" VALUES ( 18457, 100, FALSE, TRUE, 'V1009U', 12780, 15510 );
INSERT INTO "dias_line_groups" VALUES ( 18457, 30 );
INSERT INTO "times" VALUES ( 18457, 12780, NULL, '10:42:00', 50 );
INSERT INTO "times" VALUES ( 18457, 15510, '10:57:00', NULL, NULL );
INSERT INTO "times" VALUES ( 18457, 15520, '10:55:00', '10:55:00', 50 );
INSERT INTO "times" VALUES ( 18457, 15530, '10:53:00', '10:53:00', 50 );
INSERT INTO "times" VALUES ( 18457, 15540, '10:50:00', '10:50:00', 50 );
INSERT INTO "times" VALUES ( 18457, 15550, '10:49:00', '10:49:00', 50 );
INSERT INTO "times" VALUES ( 18457, 15560, '10:47:00', '10:47:00', 50 );
INSERT INTO "times" VALUES ( 18457, 15570, '10:44:00', '10:44:00', 50 );

INSERT INTO "dias" VALUES ( 18458, 100, FALSE, TRUE, 'V1010C', 15510, 12780 );
INSERT INTO "dias_line_groups" VALUES ( 18458, 30 );
INSERT INTO "times" VALUES ( 18458, 12780, '11:06:00', NULL, NULL );
INSERT INTO "times" VALUES ( 18458, 15510, NULL, '10:51:00', 50 );
INSERT INTO "times" VALUES ( 18458, 15520, '10:52:00', '10:52:00', 50 );
INSERT INTO "times" VALUES ( 18458, 15530, '10:54:00', '10:54:00', 50 );
INSERT INTO "times" VALUES ( 18458, 15540, '10:57:00', '10:57:00', 50 );
INSERT INTO "times" VALUES ( 18458, 15550, '10:59:00', '10:59:00', 50 );
INSERT INTO "times" VALUES ( 18458, 15560, '11:00:00', '11:00:00', 50 );
INSERT INTO "times" VALUES ( 18458, 15570, '11:03:00', '11:03:00', 50 );

INSERT INTO "dias" VALUES ( 18459, 100, FALSE, TRUE, 'V1011U', 12780, 15510 );
INSERT INTO "dias_line_groups" VALUES ( 18459, 30 );
INSERT INTO "times" VALUES ( 18459, 12780, NULL, '10:52:00', 50 );
INSERT INTO "times" VALUES ( 18459, 15510, '11:07:00', NULL, NULL );
INSERT INTO "times" VALUES ( 18459, 15520, '11:05:00', '11:05:00', 50 );
INSERT INTO "times" VALUES ( 18459, 15530, '11:03:00', '11:03:00', 50 );
INSERT INTO "times" VALUES ( 18459, 15540, '11:00:00', '11:00:00', 50 );
INSERT INTO "times" VALUES ( 18459, 15550, '10:59:00', '10:59:00', 50 );
INSERT INTO "times" VALUES ( 18459, 15560, '10:57:00', '10:57:00', 50 );
INSERT INTO "times" VALUES ( 18459, 15570, '10:54:00', '10:54:00', 50 );

INSERT INTO "dias" VALUES ( 18460, 100, FALSE, TRUE, 'V1100C', 15510, 12780 );
INSERT INTO "dias_line_groups" VALUES ( 18460, 30 );
INSERT INTO "times" VALUES ( 18460, 12780, '11:16:00', NULL, NULL );
INSERT INTO "times" VALUES ( 18460, 15510, NULL, '11:01:00', 50 );
INSERT INTO "times" VALUES ( 18460, 15520, '11:02:00', '11:02:00', 50 );
INSERT INTO "times" VALUES ( 18460, 15530, '11:04:00', '11:04:00', 50 );
INSERT INTO "times" VALUES ( 18460, 15540, '11:07:00', '11:07:00', 50 );
INSERT INTO "times" VALUES ( 18460, 15550, '11:09:00', '11:09:00', 50 );
INSERT INTO "times" VALUES ( 18460, 15560, '11:10:00', '11:10:00', 50 );
INSERT INTO "times" VALUES ( 18460, 15570, '11:13:00', '11:13:00', 50 );

INSERT INTO "dias" VALUES ( 18461, 100, FALSE, TRUE, 'V1101U', 12780, 15510 );
INSERT INTO "dias_line_groups" VALUES ( 18461, 30 );
INSERT INTO "times" VALUES ( 18461, 12780, NULL, '11:02:00', 50 );
INSERT INTO "times" VALUES ( 18461, 15510, '11:17:00', NULL, NULL );
INSERT INTO "times" VALUES ( 18461, 15520, '11:15:00', '11:15:00', 50 );
INSERT INTO "times" VALUES ( 18461, 15530, '11:13:00', '11:13:00', 50 );
INSERT INTO "times" VALUES ( 18461, 15540, '11:10:00', '11:10:00', 50 );
INSERT INTO "times" VALUES ( 18461, 15550, '11:09:00', '11:09:00', 50 );
INSERT INTO "times" VALUES ( 18461, 15560, '11:07:00', '11:07:00', 50 );
INSERT INTO "times" VALUES ( 18461, 15570, '11:04:00', '11:04:00', 50 );

INSERT INTO "dias" VALUES ( 18462, 100, FALSE, TRUE, 'V1102C', 15510, 12780 );
INSERT INTO "dias_line_groups" VALUES ( 18462, 30 );
INSERT INTO "times" VALUES ( 18462, 12780, '11:25:00', NULL, NULL );
INSERT INTO "times" VALUES ( 18462, 15510, NULL, '11:11:00', 50 );
INSERT INTO "times" VALUES ( 18462, 15520, '11:12:00', '11:12:00', 50 );
INSERT INTO "times" VALUES ( 18462, 15530, '11:14:00', '11:14:00', 50 );
INSERT INTO "times" VALUES ( 18462, 15540, '11:17:00', '11:17:00', 50 );
INSERT INTO "times" VALUES ( 18462, 15550, '11:19:00', '11:19:00', 50 );
INSERT INTO "times" VALUES ( 18462, 15560, '11:20:00', '11:20:00', 50 );
INSERT INTO "times" VALUES ( 18462, 15570, '11:23:00', '11:23:00', 50 );

INSERT INTO "dias" VALUES ( 18463, 100, FALSE, TRUE, 'V1103U', 12780, 15510 );
INSERT INTO "dias_line_groups" VALUES ( 18463, 30 );
INSERT INTO "times" VALUES ( 18463, 12780, NULL, '11:12:00', 50 );
INSERT INTO "times" VALUES ( 18463, 15510, '11:27:00', NULL, NULL );
INSERT INTO "times" VALUES ( 18463, 15520, '11:25:00', '11:25:00', 50 );
INSERT INTO "times" VALUES ( 18463, 15530, '11:23:00', '11:23:00', 50 );
INSERT INTO "times" VALUES ( 18463, 15540, '11:20:00', '11:20:00', 50 );
INSERT INTO "times" VALUES ( 18463, 15550, '11:19:00', '11:19:00', 50 );
INSERT INTO "times" VALUES ( 18463, 15560, '11:17:00', '11:17:00', 50 );
INSERT INTO "times" VALUES ( 18463, 15570, '11:14:00', '11:14:00', 50 );

INSERT INTO "dias" VALUES ( 18464, 100, FALSE, TRUE, 'V1104C', 15510, 12780 );
INSERT INTO "dias_line_groups" VALUES ( 18464, 30 );
INSERT INTO "times" VALUES ( 18464, 12780, '11:36:00', NULL, NULL );
INSERT INTO "times" VALUES ( 18464, 15510, NULL, '11:21:00', 50 );
INSERT INTO "times" VALUES ( 18464, 15520, '11:22:00', '11:22:00', 50 );
INSERT INTO "times" VALUES ( 18464, 15530, '11:24:00', '11:24:00', 50 );
INSERT INTO "times" VALUES ( 18464, 15540, '11:27:00', '11:27:00', 50 );
INSERT INTO "times" VALUES ( 18464, 15550, '11:29:00', '11:29:00', 50 );
INSERT INTO "times" VALUES ( 18464, 15560, '11:30:00', '11:30:00', 50 );
INSERT INTO "times" VALUES ( 18464, 15570, '11:33:00', '11:33:00', 50 );

INSERT INTO "dias" VALUES ( 18465, 100, FALSE, TRUE, 'V1105U', 12780, 15510 );
INSERT INTO "dias_line_groups" VALUES ( 18465, 30 );
INSERT INTO "times" VALUES ( 18465, 12780, NULL, '11:22:00', 50 );
INSERT INTO "times" VALUES ( 18465, 15510, '11:37:00', NULL, NULL );
INSERT INTO "times" VALUES ( 18465, 15520, '11:35:00', '11:35:00', 50 );
INSERT INTO "times" VALUES ( 18465, 15530, '11:33:00', '11:33:00', 50 );
INSERT INTO "times" VALUES ( 18465, 15540, '11:30:00', '11:30:00', 50 );
INSERT INTO "times" VALUES ( 18465, 15550, '11:29:00', '11:29:00', 50 );
INSERT INTO "times" VALUES ( 18465, 15560, '11:27:00', '11:27:00', 50 );
INSERT INTO "times" VALUES ( 18465, 15570, '11:24:00', '11:24:00', 50 );

INSERT INTO "dias" VALUES ( 18466, 100, FALSE, TRUE, 'V1106C', 15510, 12780 );
INSERT INTO "dias_line_groups" VALUES ( 18466, 30 );
INSERT INTO "times" VALUES ( 18466, 12780, '11:46:00', NULL, NULL );
INSERT INTO "times" VALUES ( 18466, 15510, NULL, '11:31:00', 50 );
INSERT INTO "times" VALUES ( 18466, 15520, '11:32:00', '11:32:00', 50 );
INSERT INTO "times" VALUES ( 18466, 15530, '11:34:00', '11:34:00', 50 );
INSERT INTO "times" VALUES ( 18466, 15540, '11:37:00', '11:37:00', 50 );
INSERT INTO "times" VALUES ( 18466, 15550, '11:39:00', '11:39:00', 50 );
INSERT INTO "times" VALUES ( 18466, 15560, '11:40:00', '11:40:00', 50 );
INSERT INTO "times" VALUES ( 18466, 15570, '11:43:00', '11:43:00', 50 );

INSERT INTO "dias" VALUES ( 18467, 100, FALSE, TRUE, 'V1107U', 12780, 15510 );
INSERT INTO "dias_line_groups" VALUES ( 18467, 30 );
INSERT INTO "times" VALUES ( 18467, 12780, NULL, '11:32:00', 50 );
INSERT INTO "times" VALUES ( 18467, 15510, '11:47:00', NULL, NULL );
INSERT INTO "times" VALUES ( 18467, 15520, '11:45:00', '11:45:00', 50 );
INSERT INTO "times" VALUES ( 18467, 15530, '11:43:00', '11:43:00', 50 );
INSERT INTO "times" VALUES ( 18467, 15540, '11:40:00', '11:40:00', 50 );
INSERT INTO "times" VALUES ( 18467, 15550, '11:39:00', '11:39:00', 50 );
INSERT INTO "times" VALUES ( 18467, 15560, '11:37:00', '11:37:00', 50 );
INSERT INTO "times" VALUES ( 18467, 15570, '11:34:00', '11:34:00', 50 );

INSERT INTO "dias" VALUES ( 18468, 100, FALSE, TRUE, 'V1108C', 15510, 12780 );
INSERT INTO "dias_line_groups" VALUES ( 18468, 30 );
INSERT INTO "times" VALUES ( 18468, 12780, '11:56:00', NULL, NULL );
INSERT INTO "times" VALUES ( 18468, 15510, NULL, '11:41:00', 50 );
INSERT INTO "times" VALUES ( 18468, 15520, '11:42:00', '11:42:00', 50 );
INSERT INTO "times" VALUES ( 18468, 15530, '11:44:00', '11:44:00', 50 );
INSERT INTO "times" VALUES ( 18468, 15540, '11:47:00', '11:47:00', 50 );
INSERT INTO "times" VALUES ( 18468, 15550, '11:49:00', '11:49:00', 50 );
INSERT INTO "times" VALUES ( 18468, 15560, '11:50:00', '11:50:00', 50 );
INSERT INTO "times" VALUES ( 18468, 15570, '11:53:00', '11:53:00', 50 );

INSERT INTO "dias" VALUES ( 18469, 100, FALSE, TRUE, 'V1109U', 12780, 15510 );
INSERT INTO "dias_line_groups" VALUES ( 18469, 30 );
INSERT INTO "times" VALUES ( 18469, 12780, NULL, '11:42:00', 50 );
INSERT INTO "times" VALUES ( 18469, 15510, '11:57:00', NULL, NULL );
INSERT INTO "times" VALUES ( 18469, 15520, '11:55:00', '11:55:00', 50 );
INSERT INTO "times" VALUES ( 18469, 15530, '11:53:00', '11:53:00', 50 );
INSERT INTO "times" VALUES ( 18469, 15540, '11:50:00', '11:50:00', 50 );
INSERT INTO "times" VALUES ( 18469, 15550, '11:49:00', '11:49:00', 50 );
INSERT INTO "times" VALUES ( 18469, 15560, '11:47:00', '11:47:00', 50 );
INSERT INTO "times" VALUES ( 18469, 15570, '11:44:00', '11:44:00', 50 );

INSERT INTO "dias" VALUES ( 18470, 100, FALSE, TRUE, 'V1110C', 15510, 12780 );
INSERT INTO "dias_line_groups" VALUES ( 18470, 30 );
INSERT INTO "times" VALUES ( 18470, 12780, '12:06:00', NULL, NULL );
INSERT INTO "times" VALUES ( 18470, 15510, NULL, '11:51:00', 50 );
INSERT INTO "times" VALUES ( 18470, 15520, '11:52:00', '11:52:00', 50 );
INSERT INTO "times" VALUES ( 18470, 15530, '11:55:00', '11:55:00', 50 );
INSERT INTO "times" VALUES ( 18470, 15540, '11:58:00', '11:58:00', 50 );
INSERT INTO "times" VALUES ( 18470, 15550, '11:59:00', '11:59:00', 50 );
INSERT INTO "times" VALUES ( 18470, 15560, '12:01:00', '12:01:00', 50 );
INSERT INTO "times" VALUES ( 18470, 15570, '12:04:00', '12:04:00', 50 );

INSERT INTO "dias" VALUES ( 18471, 100, FALSE, TRUE, 'V1111U', 12780, 15510 );
INSERT INTO "dias_line_groups" VALUES ( 18471, 30 );
INSERT INTO "times" VALUES ( 18471, 12780, NULL, '11:52:00', 50 );
INSERT INTO "times" VALUES ( 18471, 15510, '12:07:00', NULL, NULL );
INSERT INTO "times" VALUES ( 18471, 15520, '12:05:00', '12:05:00', 50 );
INSERT INTO "times" VALUES ( 18471, 15530, '12:03:00', '12:03:00', 50 );
INSERT INTO "times" VALUES ( 18471, 15540, '12:00:00', '12:00:00', 50 );
INSERT INTO "times" VALUES ( 18471, 15550, '11:59:00', '11:59:00', 50 );
INSERT INTO "times" VALUES ( 18471, 15560, '11:57:00', '11:57:00', 50 );
INSERT INTO "times" VALUES ( 18471, 15570, '11:54:00', '11:54:00', 50 );

INSERT INTO "dias" VALUES ( 18472, 100, FALSE, TRUE, 'V1200C', 15510, 12780 );
INSERT INTO "dias_line_groups" VALUES ( 18472, 30 );
INSERT INTO "times" VALUES ( 18472, 12780, '12:16:00', NULL, NULL );
INSERT INTO "times" VALUES ( 18472, 15510, NULL, '12:02:00', 50 );
INSERT INTO "times" VALUES ( 18472, 15520, '12:03:00', '12:03:00', 50 );
INSERT INTO "times" VALUES ( 18472, 15530, '12:05:00', '12:05:00', 50 );
INSERT INTO "times" VALUES ( 18472, 15540, '12:08:00', '12:08:00', 50 );
INSERT INTO "times" VALUES ( 18472, 15550, '12:10:00', '12:10:00', 50 );
INSERT INTO "times" VALUES ( 18472, 15560, '12:11:00', '12:11:00', 50 );
INSERT INTO "times" VALUES ( 18472, 15570, '12:14:00', '12:14:00', 50 );

INSERT INTO "dias" VALUES ( 18473, 100, FALSE, TRUE, 'V1201U', 12780, 15510 );
INSERT INTO "dias_line_groups" VALUES ( 18473, 30 );
INSERT INTO "times" VALUES ( 18473, 12780, NULL, '12:03:00', 50 );
INSERT INTO "times" VALUES ( 18473, 15510, '12:17:00', NULL, NULL );
INSERT INTO "times" VALUES ( 18473, 15520, '12:16:00', '12:16:00', 50 );
INSERT INTO "times" VALUES ( 18473, 15530, '12:13:00', '12:13:00', 50 );
INSERT INTO "times" VALUES ( 18473, 15540, '12:11:00', '12:11:00', 50 );
INSERT INTO "times" VALUES ( 18473, 15550, '12:09:00', '12:09:00', 50 );
INSERT INTO "times" VALUES ( 18473, 15560, '12:07:00', '12:07:00', 50 );
INSERT INTO "times" VALUES ( 18473, 15570, '12:05:00', '12:05:00', 50 );

INSERT INTO "dias" VALUES ( 18474, 100, FALSE, TRUE, 'V1202C', 15510, 12780 );
INSERT INTO "dias_line_groups" VALUES ( 18474, 30 );
INSERT INTO "times" VALUES ( 18474, 12780, '12:26:00', NULL, NULL );
INSERT INTO "times" VALUES ( 18474, 15510, NULL, '12:12:00', 50 );
INSERT INTO "times" VALUES ( 18474, 15520, '12:13:00', '12:13:00', 50 );
INSERT INTO "times" VALUES ( 18474, 15530, '12:15:00', '12:15:00', 50 );
INSERT INTO "times" VALUES ( 18474, 15540, '12:18:00', '12:18:00', 50 );
INSERT INTO "times" VALUES ( 18474, 15550, '12:20:00', '12:20:00', 50 );
INSERT INTO "times" VALUES ( 18474, 15560, '12:21:00', '12:21:00', 50 );
INSERT INTO "times" VALUES ( 18474, 15570, '12:24:00', '12:24:00', 50 );

INSERT INTO "dias" VALUES ( 18475, 100, FALSE, TRUE, 'V1203U', 12780, 15510 );
INSERT INTO "dias_line_groups" VALUES ( 18475, 30 );
INSERT INTO "times" VALUES ( 18475, 12780, NULL, '12:13:00', 50 );
INSERT INTO "times" VALUES ( 18475, 15510, '12:28:00', NULL, NULL );
INSERT INTO "times" VALUES ( 18475, 15520, '12:26:00', '12:26:00', 50 );
INSERT INTO "times" VALUES ( 18475, 15530, '12:24:00', '12:24:00', 50 );
INSERT INTO "times" VALUES ( 18475, 15540, '12:21:00', '12:21:00', 50 );
INSERT INTO "times" VALUES ( 18475, 15550, '12:20:00', '12:20:00', 50 );
INSERT INTO "times" VALUES ( 18475, 15560, '12:18:00', '12:18:00', 50 );
INSERT INTO "times" VALUES ( 18475, 15570, '12:15:00', '12:15:00', 50 );

INSERT INTO "dias" VALUES ( 18476, 100, FALSE, TRUE, 'V1204C', 15510, 12780 );
INSERT INTO "dias_line_groups" VALUES ( 18476, 30 );
INSERT INTO "times" VALUES ( 18476, 12780, '12:36:00', NULL, NULL );
INSERT INTO "times" VALUES ( 18476, 15510, NULL, '12:22:00', 50 );
INSERT INTO "times" VALUES ( 18476, 15520, '12:23:00', '12:23:00', 50 );
INSERT INTO "times" VALUES ( 18476, 15530, '12:25:00', '12:25:00', 50 );
INSERT INTO "times" VALUES ( 18476, 15540, '12:28:00', '12:28:00', 50 );
INSERT INTO "times" VALUES ( 18476, 15550, '12:30:00', '12:30:00', 50 );
INSERT INTO "times" VALUES ( 18476, 15560, '12:31:00', '12:31:00', 50 );
INSERT INTO "times" VALUES ( 18476, 15570, '12:34:00', '12:34:00', 50 );

INSERT INTO "dias" VALUES ( 18477, 100, FALSE, TRUE, 'V1205U', 12780, 15510 );
INSERT INTO "dias_line_groups" VALUES ( 18477, 30 );
INSERT INTO "times" VALUES ( 18477, 12780, NULL, '12:23:00', 50 );
INSERT INTO "times" VALUES ( 18477, 15510, '12:38:00', NULL, NULL );
INSERT INTO "times" VALUES ( 18477, 15520, '12:36:00', '12:36:00', 50 );
INSERT INTO "times" VALUES ( 18477, 15530, '12:34:00', '12:34:00', 50 );
INSERT INTO "times" VALUES ( 18477, 15540, '12:31:00', '12:31:00', 50 );
INSERT INTO "times" VALUES ( 18477, 15550, '12:30:00', '12:30:00', 50 );
INSERT INTO "times" VALUES ( 18477, 15560, '12:28:00', '12:28:00', 50 );
INSERT INTO "times" VALUES ( 18477, 15570, '12:25:00', '12:25:00', 50 );

INSERT INTO "dias" VALUES ( 18478, 100, FALSE, TRUE, 'V1206C', 15510, 12780 );
INSERT INTO "dias_line_groups" VALUES ( 18478, 30 );
INSERT INTO "times" VALUES ( 18478, 12780, '12:46:00', NULL, NULL );
INSERT INTO "times" VALUES ( 18478, 15510, NULL, '12:32:00', 50 );
INSERT INTO "times" VALUES ( 18478, 15520, '12:33:00', '12:33:00', 50 );
INSERT INTO "times" VALUES ( 18478, 15530, '12:35:00', '12:35:00', 50 );
INSERT INTO "times" VALUES ( 18478, 15540, '12:38:00', '12:38:00', 50 );
INSERT INTO "times" VALUES ( 18478, 15550, '12:40:00', '12:40:00', 50 );
INSERT INTO "times" VALUES ( 18478, 15560, '12:41:00', '12:41:00', 50 );
INSERT INTO "times" VALUES ( 18478, 15570, '12:44:00', '12:44:00', 50 );

INSERT INTO "dias" VALUES ( 18479, 100, FALSE, TRUE, 'V1207U', 12780, 15510 );
INSERT INTO "dias_line_groups" VALUES ( 18479, 30 );
INSERT INTO "times" VALUES ( 18479, 12780, NULL, '12:33:00', 50 );
INSERT INTO "times" VALUES ( 18479, 15510, '12:48:00', NULL, NULL );
INSERT INTO "times" VALUES ( 18479, 15520, '12:46:00', '12:46:00', 50 );
INSERT INTO "times" VALUES ( 18479, 15530, '12:44:00', '12:44:00', 50 );
INSERT INTO "times" VALUES ( 18479, 15540, '12:41:00', '12:41:00', 50 );
INSERT INTO "times" VALUES ( 18479, 15550, '12:40:00', '12:40:00', 50 );
INSERT INTO "times" VALUES ( 18479, 15560, '12:38:00', '12:38:00', 50 );
INSERT INTO "times" VALUES ( 18479, 15570, '12:35:00', '12:35:00', 50 );

INSERT INTO "dias" VALUES ( 18480, 100, FALSE, TRUE, 'V1208C', 15510, 12780 );
INSERT INTO "dias_line_groups" VALUES ( 18480, 30 );
INSERT INTO "times" VALUES ( 18480, 12780, '12:56:00', NULL, NULL );
INSERT INTO "times" VALUES ( 18480, 15510, NULL, '12:42:00', 50 );
INSERT INTO "times" VALUES ( 18480, 15520, '12:43:00', '12:43:00', 50 );
INSERT INTO "times" VALUES ( 18480, 15530, '12:45:00', '12:45:00', 50 );
INSERT INTO "times" VALUES ( 18480, 15540, '12:48:00', '12:48:00', 50 );
INSERT INTO "times" VALUES ( 18480, 15550, '12:50:00', '12:50:00', 50 );
INSERT INTO "times" VALUES ( 18480, 15560, '12:51:00', '12:51:00', 50 );
INSERT INTO "times" VALUES ( 18480, 15570, '12:54:00', '12:54:00', 50 );

INSERT INTO "dias" VALUES ( 18481, 100, FALSE, TRUE, 'V1209U', 12780, 15510 );
INSERT INTO "dias_line_groups" VALUES ( 18481, 30 );
INSERT INTO "times" VALUES ( 18481, 12780, NULL, '12:43:00', 50 );
INSERT INTO "times" VALUES ( 18481, 15510, '12:58:00', NULL, NULL );
INSERT INTO "times" VALUES ( 18481, 15520, '12:56:00', '12:56:00', 50 );
INSERT INTO "times" VALUES ( 18481, 15530, '12:54:00', '12:54:00', 50 );
INSERT INTO "times" VALUES ( 18481, 15540, '12:51:00', '12:51:00', 50 );
INSERT INTO "times" VALUES ( 18481, 15550, '12:50:00', '12:50:00', 50 );
INSERT INTO "times" VALUES ( 18481, 15560, '12:48:00', '12:48:00', 50 );
INSERT INTO "times" VALUES ( 18481, 15570, '12:45:00', '12:45:00', 50 );

INSERT INTO "dias" VALUES ( 18482, 100, FALSE, TRUE, 'V1210C', 15510, 12780 );
INSERT INTO "dias_line_groups" VALUES ( 18482, 30 );
INSERT INTO "times" VALUES ( 18482, 12780, '13:06:00', NULL, NULL );
INSERT INTO "times" VALUES ( 18482, 15510, NULL, '12:52:00', 50 );
INSERT INTO "times" VALUES ( 18482, 15520, '12:53:00', '12:53:00', 50 );
INSERT INTO "times" VALUES ( 18482, 15530, '12:55:00', '12:55:00', 50 );
INSERT INTO "times" VALUES ( 18482, 15540, '12:58:00', '12:58:00', 50 );
INSERT INTO "times" VALUES ( 18482, 15550, '13:00:00', '13:00:00', 50 );
INSERT INTO "times" VALUES ( 18482, 15560, '13:01:00', '13:01:00', 50 );
INSERT INTO "times" VALUES ( 18482, 15570, '13:04:00', '13:04:00', 50 );

INSERT INTO "dias" VALUES ( 18483, 100, FALSE, TRUE, 'V1211U', 12780, 15510 );
INSERT INTO "dias_line_groups" VALUES ( 18483, 30 );
INSERT INTO "times" VALUES ( 18483, 12780, NULL, '12:53:00', 50 );
INSERT INTO "times" VALUES ( 18483, 15510, '13:08:00', NULL, NULL );
INSERT INTO "times" VALUES ( 18483, 15520, '13:06:00', '13:06:00', 50 );
INSERT INTO "times" VALUES ( 18483, 15530, '13:04:00', '13:04:00', 50 );
INSERT INTO "times" VALUES ( 18483, 15540, '13:01:00', '13:01:00', 50 );
INSERT INTO "times" VALUES ( 18483, 15550, '13:00:00', '13:00:00', 50 );
INSERT INTO "times" VALUES ( 18483, 15560, '12:58:00', '12:58:00', 50 );
INSERT INTO "times" VALUES ( 18483, 15570, '12:55:00', '12:55:00', 50 );

INSERT INTO "dias" VALUES ( 18484, 100, FALSE, TRUE, 'V1300C', 15510, 12780 );
INSERT INTO "dias_line_groups" VALUES ( 18484, 30 );
INSERT INTO "times" VALUES ( 18484, 12780, '13:16:00', NULL, NULL );
INSERT INTO "times" VALUES ( 18484, 15510, NULL, '13:02:00', 50 );
INSERT INTO "times" VALUES ( 18484, 15520, '13:03:00', '13:03:00', 50 );
INSERT INTO "times" VALUES ( 18484, 15530, '13:05:00', '13:05:00', 50 );
INSERT INTO "times" VALUES ( 18484, 15540, '13:08:00', '13:08:00', 50 );
INSERT INTO "times" VALUES ( 18484, 15550, '13:10:00', '13:10:00', 50 );
INSERT INTO "times" VALUES ( 18484, 15560, '13:11:00', '13:11:00', 50 );
INSERT INTO "times" VALUES ( 18484, 15570, '13:14:00', '13:14:00', 50 );

INSERT INTO "dias" VALUES ( 18485, 100, FALSE, TRUE, 'V1301U', 12780, 15510 );
INSERT INTO "dias_line_groups" VALUES ( 18485, 30 );
INSERT INTO "times" VALUES ( 18485, 12780, NULL, '13:03:00', 50 );
INSERT INTO "times" VALUES ( 18485, 15510, '13:18:00', NULL, NULL );
INSERT INTO "times" VALUES ( 18485, 15520, '13:16:00', '13:16:00', 50 );
INSERT INTO "times" VALUES ( 18485, 15530, '13:14:00', '13:14:00', 50 );
INSERT INTO "times" VALUES ( 18485, 15540, '13:11:00', '13:11:00', 50 );
INSERT INTO "times" VALUES ( 18485, 15550, '13:10:00', '13:10:00', 50 );
INSERT INTO "times" VALUES ( 18485, 15560, '13:08:00', '13:08:00', 50 );
INSERT INTO "times" VALUES ( 18485, 15570, '13:05:00', '13:05:00', 50 );

INSERT INTO "dias" VALUES ( 18486, 100, FALSE, TRUE, 'V1302C', 15510, 12780 );
INSERT INTO "dias_line_groups" VALUES ( 18486, 30 );
INSERT INTO "times" VALUES ( 18486, 12780, '13:26:00', NULL, NULL );
INSERT INTO "times" VALUES ( 18486, 15510, NULL, '13:12:00', 50 );
INSERT INTO "times" VALUES ( 18486, 15520, '13:13:00', '13:13:00', 50 );
INSERT INTO "times" VALUES ( 18486, 15530, '13:15:00', '13:15:00', 50 );
INSERT INTO "times" VALUES ( 18486, 15540, '13:18:00', '13:18:00', 50 );
INSERT INTO "times" VALUES ( 18486, 15550, '13:20:00', '13:20:00', 50 );
INSERT INTO "times" VALUES ( 18486, 15560, '13:21:00', '13:21:00', 50 );
INSERT INTO "times" VALUES ( 18486, 15570, '13:24:00', '13:24:00', 50 );

INSERT INTO "dias" VALUES ( 18487, 100, FALSE, TRUE, 'V1303U', 12780, 15510 );
INSERT INTO "dias_line_groups" VALUES ( 18487, 30 );
INSERT INTO "times" VALUES ( 18487, 12780, NULL, '13:13:00', 50 );
INSERT INTO "times" VALUES ( 18487, 15510, '13:28:00', NULL, NULL );
INSERT INTO "times" VALUES ( 18487, 15520, '13:26:00', '13:26:00', 50 );
INSERT INTO "times" VALUES ( 18487, 15530, '13:24:00', '13:24:00', 50 );
INSERT INTO "times" VALUES ( 18487, 15540, '13:21:00', '13:21:00', 50 );
INSERT INTO "times" VALUES ( 18487, 15550, '13:20:00', '13:20:00', 50 );
INSERT INTO "times" VALUES ( 18487, 15560, '13:18:00', '13:18:00', 50 );
INSERT INTO "times" VALUES ( 18487, 15570, '13:15:00', '13:15:00', 50 );

INSERT INTO "dias" VALUES ( 18488, 100, FALSE, TRUE, 'V1304C', 15510, 12780 );
INSERT INTO "dias_line_groups" VALUES ( 18488, 30 );
INSERT INTO "times" VALUES ( 18488, 12780, '13:36:00', NULL, NULL );
INSERT INTO "times" VALUES ( 18488, 15510, NULL, '13:22:00', 50 );
INSERT INTO "times" VALUES ( 18488, 15520, '13:23:00', '13:23:00', 50 );
INSERT INTO "times" VALUES ( 18488, 15530, '13:25:00', '13:25:00', 50 );
INSERT INTO "times" VALUES ( 18488, 15540, '13:28:00', '13:28:00', 50 );
INSERT INTO "times" VALUES ( 18488, 15550, '13:30:00', '13:30:00', 50 );
INSERT INTO "times" VALUES ( 18488, 15560, '13:31:00', '13:31:00', 50 );
INSERT INTO "times" VALUES ( 18488, 15570, '13:34:00', '13:34:00', 50 );

INSERT INTO "dias" VALUES ( 18489, 100, FALSE, TRUE, 'V1305U', 12780, 15510 );
INSERT INTO "dias_line_groups" VALUES ( 18489, 30 );
INSERT INTO "times" VALUES ( 18489, 12780, NULL, '13:23:00', 50 );
INSERT INTO "times" VALUES ( 18489, 15510, '13:38:00', NULL, NULL );
INSERT INTO "times" VALUES ( 18489, 15520, '13:36:00', '13:36:00', 50 );
INSERT INTO "times" VALUES ( 18489, 15530, '13:34:00', '13:34:00', 50 );
INSERT INTO "times" VALUES ( 18489, 15540, '13:31:00', '13:31:00', 50 );
INSERT INTO "times" VALUES ( 18489, 15550, '13:30:00', '13:30:00', 50 );
INSERT INTO "times" VALUES ( 18489, 15560, '13:28:00', '13:28:00', 50 );
INSERT INTO "times" VALUES ( 18489, 15570, '13:25:00', '13:25:00', 50 );

INSERT INTO "dias" VALUES ( 18490, 100, FALSE, TRUE, 'V1306C', 15510, 12780 );
INSERT INTO "dias_line_groups" VALUES ( 18490, 30 );
INSERT INTO "times" VALUES ( 18490, 12780, '13:46:00', NULL, NULL );
INSERT INTO "times" VALUES ( 18490, 15510, NULL, '13:32:00', 50 );
INSERT INTO "times" VALUES ( 18490, 15520, '13:33:00', '13:33:00', 50 );
INSERT INTO "times" VALUES ( 18490, 15530, '13:35:00', '13:35:00', 50 );
INSERT INTO "times" VALUES ( 18490, 15540, '13:38:00', '13:38:00', 50 );
INSERT INTO "times" VALUES ( 18490, 15550, '13:40:00', '13:40:00', 50 );
INSERT INTO "times" VALUES ( 18490, 15560, '13:41:00', '13:41:00', 50 );
INSERT INTO "times" VALUES ( 18490, 15570, '13:44:00', '13:44:00', 50 );

INSERT INTO "dias" VALUES ( 18491, 100, FALSE, TRUE, 'V1307U', 12780, 15510 );
INSERT INTO "dias_line_groups" VALUES ( 18491, 30 );
INSERT INTO "times" VALUES ( 18491, 12780, NULL, '13:33:00', 50 );
INSERT INTO "times" VALUES ( 18491, 15510, '13:48:00', NULL, NULL );
INSERT INTO "times" VALUES ( 18491, 15520, '13:46:00', '13:46:00', 50 );
INSERT INTO "times" VALUES ( 18491, 15530, '13:44:00', '13:44:00', 50 );
INSERT INTO "times" VALUES ( 18491, 15540, '13:41:00', '13:41:00', 50 );
INSERT INTO "times" VALUES ( 18491, 15550, '13:40:00', '13:40:00', 50 );
INSERT INTO "times" VALUES ( 18491, 15560, '13:38:00', '13:38:00', 50 );
INSERT INTO "times" VALUES ( 18491, 15570, '13:35:00', '13:35:00', 50 );

INSERT INTO "dias" VALUES ( 18492, 100, FALSE, TRUE, 'V1308C', 15510, 12780 );
INSERT INTO "dias_line_groups" VALUES ( 18492, 30 );
INSERT INTO "times" VALUES ( 18492, 12780, '13:56:00', NULL, NULL );
INSERT INTO "times" VALUES ( 18492, 15510, NULL, '13:42:00', 50 );
INSERT INTO "times" VALUES ( 18492, 15520, '13:43:00', '13:43:00', 50 );
INSERT INTO "times" VALUES ( 18492, 15530, '13:45:00', '13:45:00', 50 );
INSERT INTO "times" VALUES ( 18492, 15540, '13:48:00', '13:48:00', 50 );
INSERT INTO "times" VALUES ( 18492, 15550, '13:50:00', '13:50:00', 50 );
INSERT INTO "times" VALUES ( 18492, 15560, '13:51:00', '13:51:00', 50 );
INSERT INTO "times" VALUES ( 18492, 15570, '13:54:00', '13:54:00', 50 );

INSERT INTO "dias" VALUES ( 18493, 100, FALSE, TRUE, 'V1309U', 12780, 15510 );
INSERT INTO "dias_line_groups" VALUES ( 18493, 30 );
INSERT INTO "times" VALUES ( 18493, 12780, NULL, '13:43:00', 50 );
INSERT INTO "times" VALUES ( 18493, 15510, '13:58:00', NULL, NULL );
INSERT INTO "times" VALUES ( 18493, 15520, '13:56:00', '13:56:00', 50 );
INSERT INTO "times" VALUES ( 18493, 15530, '13:54:00', '13:54:00', 50 );
INSERT INTO "times" VALUES ( 18493, 15540, '13:51:00', '13:51:00', 50 );
INSERT INTO "times" VALUES ( 18493, 15550, '13:50:00', '13:50:00', 50 );
INSERT INTO "times" VALUES ( 18493, 15560, '13:48:00', '13:48:00', 50 );
INSERT INTO "times" VALUES ( 18493, 15570, '13:45:00', '13:45:00', 50 );

INSERT INTO "dias" VALUES ( 18494, 100, FALSE, TRUE, 'V1310C', 15510, 12780 );
INSERT INTO "dias_line_groups" VALUES ( 18494, 30 );
INSERT INTO "times" VALUES ( 18494, 12780, '14:06:00', NULL, NULL );
INSERT INTO "times" VALUES ( 18494, 15510, NULL, '13:52:00', 50 );
INSERT INTO "times" VALUES ( 18494, 15520, '13:53:00', '13:53:00', 50 );
INSERT INTO "times" VALUES ( 18494, 15530, '13:55:00', '13:55:00', 50 );
INSERT INTO "times" VALUES ( 18494, 15540, '13:58:00', '13:58:00', 50 );
INSERT INTO "times" VALUES ( 18494, 15550, '14:00:00', '14:00:00', 50 );
INSERT INTO "times" VALUES ( 18494, 15560, '14:01:00', '14:01:00', 50 );
INSERT INTO "times" VALUES ( 18494, 15570, '14:04:00', '14:04:00', 50 );

INSERT INTO "dias" VALUES ( 18495, 100, FALSE, TRUE, 'V1311U', 12780, 15510 );
INSERT INTO "dias_line_groups" VALUES ( 18495, 30 );
INSERT INTO "times" VALUES ( 18495, 12780, NULL, '13:53:00', 50 );
INSERT INTO "times" VALUES ( 18495, 15510, '14:08:00', NULL, NULL );
INSERT INTO "times" VALUES ( 18495, 15520, '14:06:00', '14:06:00', 50 );
INSERT INTO "times" VALUES ( 18495, 15530, '14:04:00', '14:04:00', 50 );
INSERT INTO "times" VALUES ( 18495, 15540, '14:01:00', '14:01:00', 50 );
INSERT INTO "times" VALUES ( 18495, 15550, '14:00:00', '14:00:00', 50 );
INSERT INTO "times" VALUES ( 18495, 15560, '13:58:00', '13:58:00', 50 );
INSERT INTO "times" VALUES ( 18495, 15570, '13:55:00', '13:55:00', 50 );

INSERT INTO "dias" VALUES ( 18496, 100, FALSE, TRUE, 'V1400C', 15510, 12780 );
INSERT INTO "dias_line_groups" VALUES ( 18496, 30 );
INSERT INTO "times" VALUES ( 18496, 12780, '14:16:00', NULL, NULL );
INSERT INTO "times" VALUES ( 18496, 15510, NULL, '14:02:00', 50 );
INSERT INTO "times" VALUES ( 18496, 15520, '14:03:00', '14:03:00', 50 );
INSERT INTO "times" VALUES ( 18496, 15530, '14:05:00', '14:05:00', 50 );
INSERT INTO "times" VALUES ( 18496, 15540, '14:08:00', '14:08:00', 50 );
INSERT INTO "times" VALUES ( 18496, 15550, '14:10:00', '14:10:00', 50 );
INSERT INTO "times" VALUES ( 18496, 15560, '14:11:00', '14:11:00', 50 );
INSERT INTO "times" VALUES ( 18496, 15570, '14:14:00', '14:14:00', 50 );

INSERT INTO "dias" VALUES ( 18497, 100, FALSE, TRUE, 'V1401U', 12780, 15510 );
INSERT INTO "dias_line_groups" VALUES ( 18497, 30 );
INSERT INTO "times" VALUES ( 18497, 12780, NULL, '14:03:00', 50 );
INSERT INTO "times" VALUES ( 18497, 15510, '14:18:00', NULL, NULL );
INSERT INTO "times" VALUES ( 18497, 15520, '14:16:00', '14:16:00', 50 );
INSERT INTO "times" VALUES ( 18497, 15530, '14:14:00', '14:14:00', 50 );
INSERT INTO "times" VALUES ( 18497, 15540, '14:11:00', '14:11:00', 50 );
INSERT INTO "times" VALUES ( 18497, 15550, '14:10:00', '14:10:00', 50 );
INSERT INTO "times" VALUES ( 18497, 15560, '14:08:00', '14:08:00', 50 );
INSERT INTO "times" VALUES ( 18497, 15570, '14:05:00', '14:05:00', 50 );

INSERT INTO "dias" VALUES ( 18498, 100, FALSE, TRUE, 'V1402C', 15510, 12780 );
INSERT INTO "dias_line_groups" VALUES ( 18498, 30 );
INSERT INTO "times" VALUES ( 18498, 12780, '14:26:00', NULL, NULL );
INSERT INTO "times" VALUES ( 18498, 15510, NULL, '14:12:00', 50 );
INSERT INTO "times" VALUES ( 18498, 15520, '14:13:00', '14:13:00', 50 );
INSERT INTO "times" VALUES ( 18498, 15530, '14:15:00', '14:15:00', 50 );
INSERT INTO "times" VALUES ( 18498, 15540, '14:18:00', '14:18:00', 50 );
INSERT INTO "times" VALUES ( 18498, 15550, '14:20:00', '14:20:00', 50 );
INSERT INTO "times" VALUES ( 18498, 15560, '14:21:00', '14:21:00', 50 );
INSERT INTO "times" VALUES ( 18498, 15570, '14:24:00', '14:24:00', 50 );

INSERT INTO "dias" VALUES ( 18499, 100, FALSE, TRUE, 'V1403U', 12780, 15510 );
INSERT INTO "dias_line_groups" VALUES ( 18499, 30 );
INSERT INTO "times" VALUES ( 18499, 12780, NULL, '14:13:00', 50 );
INSERT INTO "times" VALUES ( 18499, 15510, '14:28:00', NULL, NULL );
INSERT INTO "times" VALUES ( 18499, 15520, '14:26:00', '14:26:00', 50 );
INSERT INTO "times" VALUES ( 18499, 15530, '14:24:00', '14:24:00', 50 );
INSERT INTO "times" VALUES ( 18499, 15540, '14:21:00', '14:21:00', 50 );
INSERT INTO "times" VALUES ( 18499, 15550, '14:20:00', '14:20:00', 50 );
INSERT INTO "times" VALUES ( 18499, 15560, '14:18:00', '14:18:00', 50 );
INSERT INTO "times" VALUES ( 18499, 15570, '14:15:00', '14:15:00', 50 );

INSERT INTO "dias" VALUES ( 18500, 100, FALSE, TRUE, 'V1404C', 15510, 12780 );
INSERT INTO "dias_line_groups" VALUES ( 18500, 30 );
INSERT INTO "times" VALUES ( 18500, 12780, '14:36:00', NULL, NULL );
INSERT INTO "times" VALUES ( 18500, 15510, NULL, '14:22:00', 50 );
INSERT INTO "times" VALUES ( 18500, 15520, '14:23:00', '14:23:00', 50 );
INSERT INTO "times" VALUES ( 18500, 15530, '14:25:00', '14:25:00', 50 );
INSERT INTO "times" VALUES ( 18500, 15540, '14:28:00', '14:28:00', 50 );
INSERT INTO "times" VALUES ( 18500, 15550, '14:30:00', '14:30:00', 50 );
INSERT INTO "times" VALUES ( 18500, 15560, '14:31:00', '14:31:00', 50 );
INSERT INTO "times" VALUES ( 18500, 15570, '14:34:00', '14:34:00', 50 );

INSERT INTO "dias" VALUES ( 18501, 100, FALSE, TRUE, 'V1405U', 12780, 15510 );
INSERT INTO "dias_line_groups" VALUES ( 18501, 30 );
INSERT INTO "times" VALUES ( 18501, 12780, NULL, '14:23:00', 50 );
INSERT INTO "times" VALUES ( 18501, 15510, '14:38:00', NULL, NULL );
INSERT INTO "times" VALUES ( 18501, 15520, '14:36:00', '14:36:00', 50 );
INSERT INTO "times" VALUES ( 18501, 15530, '14:34:00', '14:34:00', 50 );
INSERT INTO "times" VALUES ( 18501, 15540, '14:31:00', '14:31:00', 50 );
INSERT INTO "times" VALUES ( 18501, 15550, '14:30:00', '14:30:00', 50 );
INSERT INTO "times" VALUES ( 18501, 15560, '14:28:00', '14:28:00', 50 );
INSERT INTO "times" VALUES ( 18501, 15570, '14:25:00', '14:25:00', 50 );

INSERT INTO "dias" VALUES ( 18502, 100, FALSE, TRUE, 'V1406C', 15510, 12780 );
INSERT INTO "dias_line_groups" VALUES ( 18502, 30 );
INSERT INTO "times" VALUES ( 18502, 12780, '14:46:00', NULL, NULL );
INSERT INTO "times" VALUES ( 18502, 15510, NULL, '14:32:00', 50 );
INSERT INTO "times" VALUES ( 18502, 15520, '14:33:00', '14:33:00', 50 );
INSERT INTO "times" VALUES ( 18502, 15530, '14:35:00', '14:35:00', 50 );
INSERT INTO "times" VALUES ( 18502, 15540, '14:38:00', '14:38:00', 50 );
INSERT INTO "times" VALUES ( 18502, 15550, '14:40:00', '14:40:00', 50 );
INSERT INTO "times" VALUES ( 18502, 15560, '14:41:00', '14:41:00', 50 );
INSERT INTO "times" VALUES ( 18502, 15570, '14:44:00', '14:44:00', 50 );

INSERT INTO "dias" VALUES ( 18503, 100, FALSE, TRUE, 'V1407U', 12780, 15510 );
INSERT INTO "dias_line_groups" VALUES ( 18503, 30 );
INSERT INTO "times" VALUES ( 18503, 12780, NULL, '14:33:00', 50 );
INSERT INTO "times" VALUES ( 18503, 15510, '14:48:00', NULL, NULL );
INSERT INTO "times" VALUES ( 18503, 15520, '14:46:00', '14:46:00', 50 );
INSERT INTO "times" VALUES ( 18503, 15530, '14:44:00', '14:44:00', 50 );
INSERT INTO "times" VALUES ( 18503, 15540, '14:41:00', '14:41:00', 50 );
INSERT INTO "times" VALUES ( 18503, 15550, '14:40:00', '14:40:00', 50 );
INSERT INTO "times" VALUES ( 18503, 15560, '14:38:00', '14:38:00', 50 );
INSERT INTO "times" VALUES ( 18503, 15570, '14:35:00', '14:35:00', 50 );

INSERT INTO "dias" VALUES ( 18504, 100, FALSE, TRUE, 'V1408C', 15510, 12780 );
INSERT INTO "dias_line_groups" VALUES ( 18504, 30 );
INSERT INTO "times" VALUES ( 18504, 12780, '14:56:00', NULL, NULL );
INSERT INTO "times" VALUES ( 18504, 15510, NULL, '14:42:00', 50 );
INSERT INTO "times" VALUES ( 18504, 15520, '14:43:00', '14:43:00', 50 );
INSERT INTO "times" VALUES ( 18504, 15530, '14:45:00', '14:45:00', 50 );
INSERT INTO "times" VALUES ( 18504, 15540, '14:48:00', '14:48:00', 50 );
INSERT INTO "times" VALUES ( 18504, 15550, '14:50:00', '14:50:00', 50 );
INSERT INTO "times" VALUES ( 18504, 15560, '14:51:00', '14:51:00', 50 );
INSERT INTO "times" VALUES ( 18504, 15570, '14:54:00', '14:54:00', 50 );

INSERT INTO "dias" VALUES ( 18505, 100, FALSE, TRUE, 'V1409U', 12780, 15510 );
INSERT INTO "dias_line_groups" VALUES ( 18505, 30 );
INSERT INTO "times" VALUES ( 18505, 12780, NULL, '14:43:00', 50 );
INSERT INTO "times" VALUES ( 18505, 15510, '14:58:00', NULL, NULL );
INSERT INTO "times" VALUES ( 18505, 15520, '14:56:00', '14:56:00', 50 );
INSERT INTO "times" VALUES ( 18505, 15530, '14:54:00', '14:54:00', 50 );
INSERT INTO "times" VALUES ( 18505, 15540, '14:51:00', '14:51:00', 50 );
INSERT INTO "times" VALUES ( 18505, 15550, '14:50:00', '14:50:00', 50 );
INSERT INTO "times" VALUES ( 18505, 15560, '14:48:00', '14:48:00', 50 );
INSERT INTO "times" VALUES ( 18505, 15570, '14:45:00', '14:45:00', 50 );

INSERT INTO "dias" VALUES ( 18506, 100, FALSE, TRUE, 'V1410C', 15510, 12780 );
INSERT INTO "dias_line_groups" VALUES ( 18506, 30 );
INSERT INTO "times" VALUES ( 18506, 12780, '15:06:00', NULL, NULL );
INSERT INTO "times" VALUES ( 18506, 15510, NULL, '14:52:00', 50 );
INSERT INTO "times" VALUES ( 18506, 15520, '14:53:00', '14:53:00', 50 );
INSERT INTO "times" VALUES ( 18506, 15530, '14:55:00', '14:55:00', 50 );
INSERT INTO "times" VALUES ( 18506, 15540, '14:58:00', '14:58:00', 50 );
INSERT INTO "times" VALUES ( 18506, 15550, '15:00:00', '15:00:00', 50 );
INSERT INTO "times" VALUES ( 18506, 15560, '15:01:00', '15:01:00', 50 );
INSERT INTO "times" VALUES ( 18506, 15570, '15:04:00', '15:04:00', 50 );

INSERT INTO "dias" VALUES ( 18507, 100, FALSE, TRUE, 'V1411U', 12780, 15510 );
INSERT INTO "dias_line_groups" VALUES ( 18507, 30 );
INSERT INTO "times" VALUES ( 18507, 12780, NULL, '14:53:00', 50 );
INSERT INTO "times" VALUES ( 18507, 15510, '15:08:00', NULL, NULL );
INSERT INTO "times" VALUES ( 18507, 15520, '15:06:00', '15:06:00', 50 );
INSERT INTO "times" VALUES ( 18507, 15530, '15:04:00', '15:04:00', 50 );
INSERT INTO "times" VALUES ( 18507, 15540, '15:01:00', '15:01:00', 50 );
INSERT INTO "times" VALUES ( 18507, 15550, '15:00:00', '15:00:00', 50 );
INSERT INTO "times" VALUES ( 18507, 15560, '14:58:00', '14:58:00', 50 );
INSERT INTO "times" VALUES ( 18507, 15570, '14:55:00', '14:55:00', 50 );

INSERT INTO "dias" VALUES ( 18508, 100, FALSE, TRUE, 'V1500C', 15510, 12780 );
INSERT INTO "dias_line_groups" VALUES ( 18508, 30 );
INSERT INTO "times" VALUES ( 18508, 12780, '15:16:00', NULL, NULL );
INSERT INTO "times" VALUES ( 18508, 15510, NULL, '15:02:00', 50 );
INSERT INTO "times" VALUES ( 18508, 15520, '15:03:00', '15:03:00', 50 );
INSERT INTO "times" VALUES ( 18508, 15530, '15:05:00', '15:05:00', 50 );
INSERT INTO "times" VALUES ( 18508, 15540, '15:08:00', '15:08:00', 50 );
INSERT INTO "times" VALUES ( 18508, 15550, '15:10:00', '15:10:00', 50 );
INSERT INTO "times" VALUES ( 18508, 15560, '15:11:00', '15:11:00', 50 );
INSERT INTO "times" VALUES ( 18508, 15570, '15:14:00', '15:14:00', 50 );

INSERT INTO "dias" VALUES ( 18509, 100, FALSE, TRUE, 'V1501U', 12780, 15510 );
INSERT INTO "dias_line_groups" VALUES ( 18509, 30 );
INSERT INTO "times" VALUES ( 18509, 12780, NULL, '15:03:00', 50 );
INSERT INTO "times" VALUES ( 18509, 15510, '15:18:00', NULL, NULL );
INSERT INTO "times" VALUES ( 18509, 15520, '15:16:00', '15:16:00', 50 );
INSERT INTO "times" VALUES ( 18509, 15530, '15:14:00', '15:14:00', 50 );
INSERT INTO "times" VALUES ( 18509, 15540, '15:11:00', '15:11:00', 50 );
INSERT INTO "times" VALUES ( 18509, 15550, '15:10:00', '15:10:00', 50 );
INSERT INTO "times" VALUES ( 18509, 15560, '15:08:00', '15:08:00', 50 );
INSERT INTO "times" VALUES ( 18509, 15570, '15:05:00', '15:05:00', 50 );

INSERT INTO "dias" VALUES ( 18510, 100, FALSE, TRUE, 'V1502C', 15510, 12780 );
INSERT INTO "dias_line_groups" VALUES ( 18510, 30 );
INSERT INTO "times" VALUES ( 18510, 12780, '15:26:00', NULL, NULL );
INSERT INTO "times" VALUES ( 18510, 15510, NULL, '15:12:00', 50 );
INSERT INTO "times" VALUES ( 18510, 15520, '15:13:00', '15:13:00', 50 );
INSERT INTO "times" VALUES ( 18510, 15530, '15:15:00', '15:15:00', 50 );
INSERT INTO "times" VALUES ( 18510, 15540, '15:18:00', '15:18:00', 50 );
INSERT INTO "times" VALUES ( 18510, 15550, '15:20:00', '15:20:00', 50 );
INSERT INTO "times" VALUES ( 18510, 15560, '15:21:00', '15:21:00', 50 );
INSERT INTO "times" VALUES ( 18510, 15570, '15:24:00', '15:24:00', 50 );

INSERT INTO "dias" VALUES ( 18511, 100, FALSE, TRUE, 'V1503U', 12780, 15510 );
INSERT INTO "dias_line_groups" VALUES ( 18511, 30 );
INSERT INTO "times" VALUES ( 18511, 12780, NULL, '15:13:00', 50 );
INSERT INTO "times" VALUES ( 18511, 15510, '15:28:00', NULL, NULL );
INSERT INTO "times" VALUES ( 18511, 15520, '15:26:00', '15:26:00', 50 );
INSERT INTO "times" VALUES ( 18511, 15530, '15:24:00', '15:24:00', 50 );
INSERT INTO "times" VALUES ( 18511, 15540, '15:21:00', '15:21:00', 50 );
INSERT INTO "times" VALUES ( 18511, 15550, '15:20:00', '15:20:00', 50 );
INSERT INTO "times" VALUES ( 18511, 15560, '15:18:00', '15:18:00', 50 );
INSERT INTO "times" VALUES ( 18511, 15570, '15:15:00', '15:15:00', 50 );

INSERT INTO "dias" VALUES ( 18512, 100, FALSE, TRUE, 'V1504C', 15510, 12780 );
INSERT INTO "dias_line_groups" VALUES ( 18512, 30 );
INSERT INTO "times" VALUES ( 18512, 12780, '15:36:00', NULL, NULL );
INSERT INTO "times" VALUES ( 18512, 15510, NULL, '15:22:00', 50 );
INSERT INTO "times" VALUES ( 18512, 15520, '15:23:00', '15:23:00', 50 );
INSERT INTO "times" VALUES ( 18512, 15530, '15:25:00', '15:25:00', 50 );
INSERT INTO "times" VALUES ( 18512, 15540, '15:28:00', '15:28:00', 50 );
INSERT INTO "times" VALUES ( 18512, 15550, '15:30:00', '15:30:00', 50 );
INSERT INTO "times" VALUES ( 18512, 15560, '15:31:00', '15:31:00', 50 );
INSERT INTO "times" VALUES ( 18512, 15570, '15:34:00', '15:34:00', 50 );

INSERT INTO "dias" VALUES ( 18513, 100, FALSE, TRUE, 'V1505U', 12780, 15510 );
INSERT INTO "dias_line_groups" VALUES ( 18513, 30 );
INSERT INTO "times" VALUES ( 18513, 12780, NULL, '15:23:00', 50 );
INSERT INTO "times" VALUES ( 18513, 15510, '15:38:00', NULL, NULL );
INSERT INTO "times" VALUES ( 18513, 15520, '15:36:00', '15:36:00', 50 );
INSERT INTO "times" VALUES ( 18513, 15530, '15:34:00', '15:34:00', 50 );
INSERT INTO "times" VALUES ( 18513, 15540, '15:31:00', '15:31:00', 50 );
INSERT INTO "times" VALUES ( 18513, 15550, '15:30:00', '15:30:00', 50 );
INSERT INTO "times" VALUES ( 18513, 15560, '15:28:00', '15:28:00', 50 );
INSERT INTO "times" VALUES ( 18513, 15570, '15:25:00', '15:25:00', 50 );

INSERT INTO "dias" VALUES ( 18514, 100, FALSE, TRUE, 'V1506C', 15510, 12780 );
INSERT INTO "dias_line_groups" VALUES ( 18514, 30 );
INSERT INTO "times" VALUES ( 18514, 12780, '15:46:00', NULL, NULL );
INSERT INTO "times" VALUES ( 18514, 15510, NULL, '15:32:00', 50 );
INSERT INTO "times" VALUES ( 18514, 15520, '15:33:00', '15:33:00', 50 );
INSERT INTO "times" VALUES ( 18514, 15530, '15:35:00', '15:35:00', 50 );
INSERT INTO "times" VALUES ( 18514, 15540, '15:38:00', '15:38:00', 50 );
INSERT INTO "times" VALUES ( 18514, 15550, '15:40:00', '15:40:00', 50 );
INSERT INTO "times" VALUES ( 18514, 15560, '15:41:00', '15:41:00', 50 );
INSERT INTO "times" VALUES ( 18514, 15570, '15:44:00', '15:44:00', 50 );

INSERT INTO "dias" VALUES ( 18515, 100, FALSE, TRUE, 'V1507U', 12780, 15510 );
INSERT INTO "dias_line_groups" VALUES ( 18515, 30 );
INSERT INTO "times" VALUES ( 18515, 12780, NULL, '15:33:00', 50 );
INSERT INTO "times" VALUES ( 18515, 15510, '15:48:00', NULL, NULL );
INSERT INTO "times" VALUES ( 18515, 15520, '15:46:00', '15:46:00', 50 );
INSERT INTO "times" VALUES ( 18515, 15530, '15:44:00', '15:44:00', 50 );
INSERT INTO "times" VALUES ( 18515, 15540, '15:41:00', '15:41:00', 50 );
INSERT INTO "times" VALUES ( 18515, 15550, '15:40:00', '15:40:00', 50 );
INSERT INTO "times" VALUES ( 18515, 15560, '15:38:00', '15:38:00', 50 );
INSERT INTO "times" VALUES ( 18515, 15570, '15:35:00', '15:35:00', 50 );

INSERT INTO "dias" VALUES ( 18516, 100, FALSE, TRUE, 'V1508C', 15510, 12780 );
INSERT INTO "dias_line_groups" VALUES ( 18516, 30 );
INSERT INTO "times" VALUES ( 18516, 12780, '15:56:00', NULL, NULL );
INSERT INTO "times" VALUES ( 18516, 15510, NULL, '15:42:00', 50 );
INSERT INTO "times" VALUES ( 18516, 15520, '15:43:00', '15:43:00', 50 );
INSERT INTO "times" VALUES ( 18516, 15530, '15:45:00', '15:45:00', 50 );
INSERT INTO "times" VALUES ( 18516, 15540, '15:48:00', '15:48:00', 50 );
INSERT INTO "times" VALUES ( 18516, 15550, '15:50:00', '15:50:00', 50 );
INSERT INTO "times" VALUES ( 18516, 15560, '15:51:00', '15:51:00', 50 );
INSERT INTO "times" VALUES ( 18516, 15570, '15:54:00', '15:54:00', 50 );

INSERT INTO "dias" VALUES ( 18517, 100, FALSE, TRUE, 'V1509U', 12780, 15510 );
INSERT INTO "dias_line_groups" VALUES ( 18517, 30 );
INSERT INTO "times" VALUES ( 18517, 12780, NULL, '15:43:00', 50 );
INSERT INTO "times" VALUES ( 18517, 15510, '15:57:00', NULL, NULL );
INSERT INTO "times" VALUES ( 18517, 15520, '15:56:00', '15:56:00', 50 );
INSERT INTO "times" VALUES ( 18517, 15530, '15:53:00', '15:53:00', 50 );
INSERT INTO "times" VALUES ( 18517, 15540, '15:51:00', '15:51:00', 50 );
INSERT INTO "times" VALUES ( 18517, 15550, '15:49:00', '15:49:00', 50 );
INSERT INTO "times" VALUES ( 18517, 15560, '15:47:00', '15:47:00', 50 );
INSERT INTO "times" VALUES ( 18517, 15570, '15:45:00', '15:45:00', 50 );

INSERT INTO "dias" VALUES ( 18518, 100, FALSE, TRUE, 'V1510C', 15510, 12780 );
INSERT INTO "dias_line_groups" VALUES ( 18518, 30 );
INSERT INTO "times" VALUES ( 18518, 12780, '16:06:00', NULL, NULL );
INSERT INTO "times" VALUES ( 18518, 15510, NULL, '15:52:00', 50 );
INSERT INTO "times" VALUES ( 18518, 15520, '15:53:00', '15:53:00', 50 );
INSERT INTO "times" VALUES ( 18518, 15530, '15:55:00', '15:55:00', 50 );
INSERT INTO "times" VALUES ( 18518, 15540, '15:58:00', '15:58:00', 50 );
INSERT INTO "times" VALUES ( 18518, 15550, '16:00:00', '16:00:00', 50 );
INSERT INTO "times" VALUES ( 18518, 15560, '16:01:00', '16:01:00', 50 );
INSERT INTO "times" VALUES ( 18518, 15570, '16:04:00', '16:04:00', 50 );

INSERT INTO "dias" VALUES ( 18519, 100, FALSE, TRUE, 'V1511U', 12780, 15510 );
INSERT INTO "dias_line_groups" VALUES ( 18519, 30 );
INSERT INTO "times" VALUES ( 18519, 12780, NULL, '15:53:00', 50 );
INSERT INTO "times" VALUES ( 18519, 15510, '16:07:00', NULL, NULL );
INSERT INTO "times" VALUES ( 18519, 15520, '16:06:00', '16:06:00', 50 );
INSERT INTO "times" VALUES ( 18519, 15530, '16:03:00', '16:03:00', 50 );
INSERT INTO "times" VALUES ( 18519, 15540, '16:01:00', '16:01:00', 50 );
INSERT INTO "times" VALUES ( 18519, 15550, '15:59:00', '15:59:00', 50 );
INSERT INTO "times" VALUES ( 18519, 15560, '15:57:00', '15:57:00', 50 );
INSERT INTO "times" VALUES ( 18519, 15570, '15:55:00', '15:55:00', 50 );

INSERT INTO "dias" VALUES ( 18520, 100, FALSE, TRUE, 'V1600C', 15510, 12780 );
INSERT INTO "dias_line_groups" VALUES ( 18520, 30 );
INSERT INTO "times" VALUES ( 18520, 12780, '16:16:00', NULL, NULL );
INSERT INTO "times" VALUES ( 18520, 15510, NULL, '16:02:00', 50 );
INSERT INTO "times" VALUES ( 18520, 15520, '16:03:00', '16:03:00', 50 );
INSERT INTO "times" VALUES ( 18520, 15530, '16:05:00', '16:05:00', 50 );
INSERT INTO "times" VALUES ( 18520, 15540, '16:08:00', '16:08:00', 50 );
INSERT INTO "times" VALUES ( 18520, 15550, '16:10:00', '16:10:00', 50 );
INSERT INTO "times" VALUES ( 18520, 15560, '16:11:00', '16:11:00', 50 );
INSERT INTO "times" VALUES ( 18520, 15570, '16:14:00', '16:14:00', 50 );

INSERT INTO "dias" VALUES ( 18521, 100, FALSE, TRUE, 'V1601U', 12780, 15510 );
INSERT INTO "dias_line_groups" VALUES ( 18521, 30 );
INSERT INTO "times" VALUES ( 18521, 12780, NULL, '16:04:00', 50 );
INSERT INTO "times" VALUES ( 18521, 15510, '16:19:00', NULL, NULL );
INSERT INTO "times" VALUES ( 18521, 15520, '16:17:00', '16:17:00', 50 );
INSERT INTO "times" VALUES ( 18521, 15530, '16:14:00', '16:14:00', 50 );
INSERT INTO "times" VALUES ( 18521, 15540, '16:12:00', '16:12:00', 50 );
INSERT INTO "times" VALUES ( 18521, 15550, '16:10:00', '16:10:00', 50 );
INSERT INTO "times" VALUES ( 18521, 15560, '16:08:00', '16:08:00', 50 );
INSERT INTO "times" VALUES ( 18521, 15570, '16:06:00', '16:06:00', 50 );

INSERT INTO "dias" VALUES ( 18522, 100, FALSE, TRUE, 'V1602C', 15510, 12780 );
INSERT INTO "dias_line_groups" VALUES ( 18522, 30 );
INSERT INTO "times" VALUES ( 18522, 12780, '16:26:00', NULL, NULL );
INSERT INTO "times" VALUES ( 18522, 15510, NULL, '16:12:00', 50 );
INSERT INTO "times" VALUES ( 18522, 15520, '16:13:00', '16:13:00', 50 );
INSERT INTO "times" VALUES ( 18522, 15530, '16:15:00', '16:15:00', 50 );
INSERT INTO "times" VALUES ( 18522, 15540, '16:18:00', '16:18:00', 50 );
INSERT INTO "times" VALUES ( 18522, 15550, '16:20:00', '16:20:00', 50 );
INSERT INTO "times" VALUES ( 18522, 15560, '16:21:00', '16:21:00', 50 );
INSERT INTO "times" VALUES ( 18522, 15570, '16:24:00', '16:24:00', 50 );

INSERT INTO "dias" VALUES ( 18523, 100, FALSE, TRUE, 'V1603U', 12780, 15510 );
INSERT INTO "dias_line_groups" VALUES ( 18523, 30 );
INSERT INTO "times" VALUES ( 18523, 12780, NULL, '16:13:00', 50 );
INSERT INTO "times" VALUES ( 18523, 15510, '16:27:00', NULL, NULL );
INSERT INTO "times" VALUES ( 18523, 15520, '16:26:00', '16:26:00', 50 );
INSERT INTO "times" VALUES ( 18523, 15530, '16:23:00', '16:23:00', 50 );
INSERT INTO "times" VALUES ( 18523, 15540, '16:21:00', '16:21:00', 50 );
INSERT INTO "times" VALUES ( 18523, 15550, '16:19:00', '16:19:00', 50 );
INSERT INTO "times" VALUES ( 18523, 15560, '16:17:00', '16:17:00', 50 );
INSERT INTO "times" VALUES ( 18523, 15570, '16:15:00', '16:15:00', 50 );

INSERT INTO "dias" VALUES ( 18524, 100, FALSE, TRUE, 'V1604C', 15510, 12780 );
INSERT INTO "dias_line_groups" VALUES ( 18524, 30 );
INSERT INTO "times" VALUES ( 18524, 12780, '16:36:00', NULL, NULL );
INSERT INTO "times" VALUES ( 18524, 15510, NULL, '16:22:00', 50 );
INSERT INTO "times" VALUES ( 18524, 15520, '16:23:00', '16:23:00', 50 );
INSERT INTO "times" VALUES ( 18524, 15530, '16:25:00', '16:25:00', 50 );
INSERT INTO "times" VALUES ( 18524, 15540, '16:28:00', '16:28:00', 50 );
INSERT INTO "times" VALUES ( 18524, 15550, '16:30:00', '16:30:00', 50 );
INSERT INTO "times" VALUES ( 18524, 15560, '16:31:00', '16:31:00', 50 );
INSERT INTO "times" VALUES ( 18524, 15570, '16:34:00', '16:34:00', 50 );

INSERT INTO "dias" VALUES ( 18525, 100, FALSE, TRUE, 'V1605U', 12780, 15510 );
INSERT INTO "dias_line_groups" VALUES ( 18525, 30 );
INSERT INTO "times" VALUES ( 18525, 12780, NULL, '16:23:00', 50 );
INSERT INTO "times" VALUES ( 18525, 15510, '16:37:00', NULL, NULL );
INSERT INTO "times" VALUES ( 18525, 15520, '16:36:00', '16:36:00', 50 );
INSERT INTO "times" VALUES ( 18525, 15530, '16:33:00', '16:33:00', 50 );
INSERT INTO "times" VALUES ( 18525, 15540, '16:31:00', '16:31:00', 50 );
INSERT INTO "times" VALUES ( 18525, 15550, '16:29:00', '16:29:00', 50 );
INSERT INTO "times" VALUES ( 18525, 15560, '16:27:00', '16:27:00', 50 );
INSERT INTO "times" VALUES ( 18525, 15570, '16:25:00', '16:25:00', 50 );

INSERT INTO "dias" VALUES ( 18526, 100, FALSE, TRUE, 'V1606C', 15510, 12780 );
INSERT INTO "dias_line_groups" VALUES ( 18526, 30 );
INSERT INTO "times" VALUES ( 18526, 12780, '16:46:00', NULL, NULL );
INSERT INTO "times" VALUES ( 18526, 15510, NULL, '16:32:00', 50 );
INSERT INTO "times" VALUES ( 18526, 15520, '16:33:00', '16:33:00', 50 );
INSERT INTO "times" VALUES ( 18526, 15530, '16:35:00', '16:35:00', 50 );
INSERT INTO "times" VALUES ( 18526, 15540, '16:38:00', '16:38:00', 50 );
INSERT INTO "times" VALUES ( 18526, 15550, '16:40:00', '16:40:00', 50 );
INSERT INTO "times" VALUES ( 18526, 15560, '16:41:00', '16:41:00', 50 );
INSERT INTO "times" VALUES ( 18526, 15570, '16:44:00', '16:44:00', 50 );

INSERT INTO "dias" VALUES ( 18527, 100, FALSE, TRUE, 'V1607U', 12780, 15510 );
INSERT INTO "dias_line_groups" VALUES ( 18527, 30 );
INSERT INTO "times" VALUES ( 18527, 12780, NULL, '16:34:00', 50 );
INSERT INTO "times" VALUES ( 18527, 15510, '16:49:00', NULL, NULL );
INSERT INTO "times" VALUES ( 18527, 15520, '16:47:00', '16:47:00', 50 );
INSERT INTO "times" VALUES ( 18527, 15530, '16:44:00', '16:44:00', 50 );
INSERT INTO "times" VALUES ( 18527, 15540, '16:42:00', '16:42:00', 50 );
INSERT INTO "times" VALUES ( 18527, 15550, '16:40:00', '16:40:00', 50 );
INSERT INTO "times" VALUES ( 18527, 15560, '16:38:00', '16:38:00', 50 );
INSERT INTO "times" VALUES ( 18527, 15570, '16:36:00', '16:36:00', 50 );

INSERT INTO "dias" VALUES ( 18528, 100, FALSE, TRUE, 'V1608C', 15510, 12780 );
INSERT INTO "dias_line_groups" VALUES ( 18528, 30 );
INSERT INTO "times" VALUES ( 18528, 12780, '16:56:00', NULL, NULL );
INSERT INTO "times" VALUES ( 18528, 15510, NULL, '16:42:00', 50 );
INSERT INTO "times" VALUES ( 18528, 15520, '16:43:00', '16:43:00', 50 );
INSERT INTO "times" VALUES ( 18528, 15530, '16:45:00', '16:45:00', 50 );
INSERT INTO "times" VALUES ( 18528, 15540, '16:48:00', '16:48:00', 50 );
INSERT INTO "times" VALUES ( 18528, 15550, '16:50:00', '16:50:00', 50 );
INSERT INTO "times" VALUES ( 18528, 15560, '16:51:00', '16:51:00', 50 );
INSERT INTO "times" VALUES ( 18528, 15570, '16:54:00', '16:54:00', 50 );

INSERT INTO "dias" VALUES ( 18529, 100, FALSE, TRUE, 'V1609U', 12780, 15510 );
INSERT INTO "dias_line_groups" VALUES ( 18529, 30 );
INSERT INTO "times" VALUES ( 18529, 12780, NULL, '16:43:00', 50 );
INSERT INTO "times" VALUES ( 18529, 15510, '16:57:00', NULL, NULL );
INSERT INTO "times" VALUES ( 18529, 15520, '16:56:00', '16:56:00', 50 );
INSERT INTO "times" VALUES ( 18529, 15530, '16:53:00', '16:53:00', 50 );
INSERT INTO "times" VALUES ( 18529, 15540, '16:51:00', '16:51:00', 50 );
INSERT INTO "times" VALUES ( 18529, 15550, '16:49:00', '16:49:00', 50 );
INSERT INTO "times" VALUES ( 18529, 15560, '16:47:00', '16:47:00', 50 );
INSERT INTO "times" VALUES ( 18529, 15570, '16:45:00', '16:45:00', 50 );

INSERT INTO "dias" VALUES ( 18530, 100, FALSE, TRUE, 'V1610C', 15510, 12780 );
INSERT INTO "dias_line_groups" VALUES ( 18530, 30 );
INSERT INTO "times" VALUES ( 18530, 12780, '17:06:00', NULL, NULL );
INSERT INTO "times" VALUES ( 18530, 15510, NULL, '16:52:00', 50 );
INSERT INTO "times" VALUES ( 18530, 15520, '16:53:00', '16:53:00', 50 );
INSERT INTO "times" VALUES ( 18530, 15530, '16:55:00', '16:55:00', 50 );
INSERT INTO "times" VALUES ( 18530, 15540, '16:58:00', '16:58:00', 50 );
INSERT INTO "times" VALUES ( 18530, 15550, '17:00:00', '17:00:00', 50 );
INSERT INTO "times" VALUES ( 18530, 15560, '17:01:00', '17:01:00', 50 );
INSERT INTO "times" VALUES ( 18530, 15570, '17:04:00', '17:04:00', 50 );

INSERT INTO "dias" VALUES ( 18531, 100, FALSE, TRUE, 'V1611U', 12780, 15510 );
INSERT INTO "dias_line_groups" VALUES ( 18531, 30 );
INSERT INTO "times" VALUES ( 18531, 12780, NULL, '16:53:00', 50 );
INSERT INTO "times" VALUES ( 18531, 15510, '17:07:00', NULL, NULL );
INSERT INTO "times" VALUES ( 18531, 15520, '17:06:00', '17:06:00', 50 );
INSERT INTO "times" VALUES ( 18531, 15530, '17:03:00', '17:03:00', 50 );
INSERT INTO "times" VALUES ( 18531, 15540, '17:01:00', '17:01:00', 50 );
INSERT INTO "times" VALUES ( 18531, 15550, '16:59:00', '16:59:00', 50 );
INSERT INTO "times" VALUES ( 18531, 15560, '16:57:00', '16:57:00', 50 );
INSERT INTO "times" VALUES ( 18531, 15570, '16:55:00', '16:55:00', 50 );

INSERT INTO "dias" VALUES ( 18532, 100, FALSE, TRUE, 'V1700C', 15510, 12780 );
INSERT INTO "dias_line_groups" VALUES ( 18532, 30 );
INSERT INTO "times" VALUES ( 18532, 12780, '17:16:00', NULL, NULL );
INSERT INTO "times" VALUES ( 18532, 15510, NULL, '17:02:00', 50 );
INSERT INTO "times" VALUES ( 18532, 15520, '17:03:00', '17:03:00', 50 );
INSERT INTO "times" VALUES ( 18532, 15530, '17:05:00', '17:05:00', 50 );
INSERT INTO "times" VALUES ( 18532, 15540, '17:08:00', '17:08:00', 50 );
INSERT INTO "times" VALUES ( 18532, 15550, '17:10:00', '17:10:00', 50 );
INSERT INTO "times" VALUES ( 18532, 15560, '17:11:00', '17:11:00', 50 );
INSERT INTO "times" VALUES ( 18532, 15570, '17:14:00', '17:14:00', 50 );

INSERT INTO "dias" VALUES ( 18533, 100, FALSE, TRUE, 'V1701U', 12780, 15510 );
INSERT INTO "dias_line_groups" VALUES ( 18533, 30 );
INSERT INTO "times" VALUES ( 18533, 12780, NULL, '17:04:00', 50 );
INSERT INTO "times" VALUES ( 18533, 15510, '17:19:00', NULL, NULL );
INSERT INTO "times" VALUES ( 18533, 15520, '17:17:00', '17:17:00', 50 );
INSERT INTO "times" VALUES ( 18533, 15530, '17:14:00', '17:14:00', 50 );
INSERT INTO "times" VALUES ( 18533, 15540, '17:12:00', '17:12:00', 50 );
INSERT INTO "times" VALUES ( 18533, 15550, '17:10:00', '17:10:00', 50 );
INSERT INTO "times" VALUES ( 18533, 15560, '17:08:00', '17:08:00', 50 );
INSERT INTO "times" VALUES ( 18533, 15570, '17:06:00', '17:06:00', 50 );

INSERT INTO "dias" VALUES ( 18534, 100, FALSE, TRUE, 'V1702C', 15510, 12780 );
INSERT INTO "dias_line_groups" VALUES ( 18534, 30 );
INSERT INTO "times" VALUES ( 18534, 12780, '17:26:00', NULL, NULL );
INSERT INTO "times" VALUES ( 18534, 15510, NULL, '17:12:00', 50 );
INSERT INTO "times" VALUES ( 18534, 15520, '17:13:00', '17:13:00', 50 );
INSERT INTO "times" VALUES ( 18534, 15530, '17:15:00', '17:15:00', 50 );
INSERT INTO "times" VALUES ( 18534, 15540, '17:18:00', '17:18:00', 50 );
INSERT INTO "times" VALUES ( 18534, 15550, '17:20:00', '17:20:00', 50 );
INSERT INTO "times" VALUES ( 18534, 15560, '17:21:00', '17:21:00', 50 );
INSERT INTO "times" VALUES ( 18534, 15570, '17:24:00', '17:24:00', 50 );

INSERT INTO "dias" VALUES ( 18535, 100, FALSE, TRUE, 'V1703U', 12780, 15510 );
INSERT INTO "dias_line_groups" VALUES ( 18535, 30 );
INSERT INTO "times" VALUES ( 18535, 12780, NULL, '17:13:00', 50 );
INSERT INTO "times" VALUES ( 18535, 15510, '17:27:00', NULL, NULL );
INSERT INTO "times" VALUES ( 18535, 15520, '17:26:00', '17:26:00', 50 );
INSERT INTO "times" VALUES ( 18535, 15530, '17:23:00', '17:23:00', 50 );
INSERT INTO "times" VALUES ( 18535, 15540, '17:21:00', '17:21:00', 50 );
INSERT INTO "times" VALUES ( 18535, 15550, '17:19:00', '17:19:00', 50 );
INSERT INTO "times" VALUES ( 18535, 15560, '17:17:00', '17:17:00', 50 );
INSERT INTO "times" VALUES ( 18535, 15570, '17:15:00', '17:15:00', 50 );

INSERT INTO "dias" VALUES ( 18536, 100, FALSE, TRUE, 'V1704C', 15510, 12780 );
INSERT INTO "dias_line_groups" VALUES ( 18536, 30 );
INSERT INTO "times" VALUES ( 18536, 12780, '17:36:00', NULL, NULL );
INSERT INTO "times" VALUES ( 18536, 15510, NULL, '17:22:00', 50 );
INSERT INTO "times" VALUES ( 18536, 15520, '17:23:00', '17:23:00', 50 );
INSERT INTO "times" VALUES ( 18536, 15530, '17:25:00', '17:25:00', 50 );
INSERT INTO "times" VALUES ( 18536, 15540, '17:28:00', '17:28:00', 50 );
INSERT INTO "times" VALUES ( 18536, 15550, '17:30:00', '17:30:00', 50 );
INSERT INTO "times" VALUES ( 18536, 15560, '17:31:00', '17:31:00', 50 );
INSERT INTO "times" VALUES ( 18536, 15570, '17:34:00', '17:34:00', 50 );

INSERT INTO "dias" VALUES ( 18537, 100, FALSE, TRUE, 'V1705U', 12780, 15510 );
INSERT INTO "dias_line_groups" VALUES ( 18537, 30 );
INSERT INTO "times" VALUES ( 18537, 12780, NULL, '17:23:00', 50 );
INSERT INTO "times" VALUES ( 18537, 15510, '17:37:00', NULL, NULL );
INSERT INTO "times" VALUES ( 18537, 15520, '17:36:00', '17:36:00', 50 );
INSERT INTO "times" VALUES ( 18537, 15530, '17:33:00', '17:33:00', 50 );
INSERT INTO "times" VALUES ( 18537, 15540, '17:31:00', '17:31:00', 50 );
INSERT INTO "times" VALUES ( 18537, 15550, '17:29:00', '17:29:00', 50 );
INSERT INTO "times" VALUES ( 18537, 15560, '17:27:00', '17:27:00', 50 );
INSERT INTO "times" VALUES ( 18537, 15570, '17:25:00', '17:25:00', 50 );

INSERT INTO "dias" VALUES ( 18538, 100, FALSE, TRUE, 'V1706C', 15510, 12780 );
INSERT INTO "dias_line_groups" VALUES ( 18538, 30 );
INSERT INTO "times" VALUES ( 18538, 12780, '17:46:00', NULL, NULL );
INSERT INTO "times" VALUES ( 18538, 15510, NULL, '17:32:00', 50 );
INSERT INTO "times" VALUES ( 18538, 15520, '17:33:00', '17:33:00', 50 );
INSERT INTO "times" VALUES ( 18538, 15530, '17:35:00', '17:35:00', 50 );
INSERT INTO "times" VALUES ( 18538, 15540, '17:38:00', '17:38:00', 50 );
INSERT INTO "times" VALUES ( 18538, 15550, '17:40:00', '17:40:00', 50 );
INSERT INTO "times" VALUES ( 18538, 15560, '17:41:00', '17:41:00', 50 );
INSERT INTO "times" VALUES ( 18538, 15570, '17:44:00', '17:44:00', 50 );

INSERT INTO "dias" VALUES ( 18539, 100, FALSE, TRUE, 'V1707U', 12780, 15510 );
INSERT INTO "dias_line_groups" VALUES ( 18539, 30 );
INSERT INTO "times" VALUES ( 18539, 12780, NULL, '17:34:00', 50 );
INSERT INTO "times" VALUES ( 18539, 15510, '17:49:00', NULL, NULL );
INSERT INTO "times" VALUES ( 18539, 15520, '17:47:00', '17:47:00', 50 );
INSERT INTO "times" VALUES ( 18539, 15530, '17:44:00', '17:44:00', 50 );
INSERT INTO "times" VALUES ( 18539, 15540, '17:42:00', '17:42:00', 50 );
INSERT INTO "times" VALUES ( 18539, 15550, '17:40:00', '17:40:00', 50 );
INSERT INTO "times" VALUES ( 18539, 15560, '17:38:00', '17:38:00', 50 );
INSERT INTO "times" VALUES ( 18539, 15570, '17:36:00', '17:36:00', 50 );

INSERT INTO "dias" VALUES ( 18540, 100, FALSE, TRUE, 'V1708C', 15510, 12780 );
INSERT INTO "dias_line_groups" VALUES ( 18540, 30 );
INSERT INTO "times" VALUES ( 18540, 12780, '17:56:00', NULL, NULL );
INSERT INTO "times" VALUES ( 18540, 15510, NULL, '17:42:00', 50 );
INSERT INTO "times" VALUES ( 18540, 15520, '17:43:00', '17:43:00', 50 );
INSERT INTO "times" VALUES ( 18540, 15530, '17:45:00', '17:45:00', 50 );
INSERT INTO "times" VALUES ( 18540, 15540, '17:48:00', '17:48:00', 50 );
INSERT INTO "times" VALUES ( 18540, 15550, '17:50:00', '17:50:00', 50 );
INSERT INTO "times" VALUES ( 18540, 15560, '17:51:00', '17:51:00', 50 );
INSERT INTO "times" VALUES ( 18540, 15570, '17:54:00', '17:54:00', 50 );

INSERT INTO "dias" VALUES ( 18541, 100, FALSE, TRUE, 'V1709U', 12780, 15510 );
INSERT INTO "dias_line_groups" VALUES ( 18541, 30 );
INSERT INTO "times" VALUES ( 18541, 12780, NULL, '17:43:00', 50 );
INSERT INTO "times" VALUES ( 18541, 15510, '17:57:00', NULL, NULL );
INSERT INTO "times" VALUES ( 18541, 15520, '17:56:00', '17:56:00', 50 );
INSERT INTO "times" VALUES ( 18541, 15530, '17:53:00', '17:53:00', 50 );
INSERT INTO "times" VALUES ( 18541, 15540, '17:51:00', '17:51:00', 50 );
INSERT INTO "times" VALUES ( 18541, 15550, '17:49:00', '17:49:00', 50 );
INSERT INTO "times" VALUES ( 18541, 15560, '17:47:00', '17:47:00', 50 );
INSERT INTO "times" VALUES ( 18541, 15570, '17:45:00', '17:45:00', 50 );

INSERT INTO "dias" VALUES ( 18542, 100, FALSE, TRUE, 'V1710C', 15510, 12780 );
INSERT INTO "dias_line_groups" VALUES ( 18542, 30 );
INSERT INTO "times" VALUES ( 18542, 12780, '18:06:00', NULL, NULL );
INSERT INTO "times" VALUES ( 18542, 15510, NULL, '17:52:00', 50 );
INSERT INTO "times" VALUES ( 18542, 15520, '17:53:00', '17:53:00', 50 );
INSERT INTO "times" VALUES ( 18542, 15530, '17:55:00', '17:55:00', 50 );
INSERT INTO "times" VALUES ( 18542, 15540, '17:58:00', '17:58:00', 50 );
INSERT INTO "times" VALUES ( 18542, 15550, '18:00:00', '18:00:00', 50 );
INSERT INTO "times" VALUES ( 18542, 15560, '18:01:00', '18:01:00', 50 );
INSERT INTO "times" VALUES ( 18542, 15570, '18:04:00', '18:04:00', 50 );

INSERT INTO "dias" VALUES ( 18543, 100, FALSE, TRUE, 'V1711U', 12780, 15510 );
INSERT INTO "dias_line_groups" VALUES ( 18543, 30 );
INSERT INTO "times" VALUES ( 18543, 12780, NULL, '17:53:00', 50 );
INSERT INTO "times" VALUES ( 18543, 15510, '18:07:00', NULL, NULL );
INSERT INTO "times" VALUES ( 18543, 15520, '18:06:00', '18:06:00', 50 );
INSERT INTO "times" VALUES ( 18543, 15530, '18:03:00', '18:03:00', 50 );
INSERT INTO "times" VALUES ( 18543, 15540, '18:01:00', '18:01:00', 50 );
INSERT INTO "times" VALUES ( 18543, 15550, '17:59:00', '17:59:00', 50 );
INSERT INTO "times" VALUES ( 18543, 15560, '17:57:00', '17:57:00', 50 );
INSERT INTO "times" VALUES ( 18543, 15570, '17:55:00', '17:55:00', 50 );

INSERT INTO "dias" VALUES ( 18544, 100, FALSE, TRUE, 'V1800C', 15510, 12780 );
INSERT INTO "dias_line_groups" VALUES ( 18544, 30 );
INSERT INTO "times" VALUES ( 18544, 12780, '18:16:00', NULL, NULL );
INSERT INTO "times" VALUES ( 18544, 15510, NULL, '18:02:00', 50 );
INSERT INTO "times" VALUES ( 18544, 15520, '18:03:00', '18:03:00', 50 );
INSERT INTO "times" VALUES ( 18544, 15530, '18:05:00', '18:05:00', 50 );
INSERT INTO "times" VALUES ( 18544, 15540, '18:08:00', '18:08:00', 50 );
INSERT INTO "times" VALUES ( 18544, 15550, '18:10:00', '18:10:00', 50 );
INSERT INTO "times" VALUES ( 18544, 15560, '18:11:00', '18:11:00', 50 );
INSERT INTO "times" VALUES ( 18544, 15570, '18:14:00', '18:14:00', 50 );

INSERT INTO "dias" VALUES ( 18545, 100, FALSE, TRUE, 'V1801U', 12780, 15510 );
INSERT INTO "dias_line_groups" VALUES ( 18545, 30 );
INSERT INTO "times" VALUES ( 18545, 12780, NULL, '18:04:00', 50 );
INSERT INTO "times" VALUES ( 18545, 15510, '18:19:00', NULL, NULL );
INSERT INTO "times" VALUES ( 18545, 15520, '18:17:00', '18:17:00', 50 );
INSERT INTO "times" VALUES ( 18545, 15530, '18:14:00', '18:14:00', 50 );
INSERT INTO "times" VALUES ( 18545, 15540, '18:12:00', '18:12:00', 50 );
INSERT INTO "times" VALUES ( 18545, 15550, '18:10:00', '18:10:00', 50 );
INSERT INTO "times" VALUES ( 18545, 15560, '18:08:00', '18:08:00', 50 );
INSERT INTO "times" VALUES ( 18545, 15570, '18:06:00', '18:06:00', 50 );

INSERT INTO "dias" VALUES ( 18546, 100, FALSE, TRUE, 'V1802C', 15510, 12780 );
INSERT INTO "dias_line_groups" VALUES ( 18546, 30 );
INSERT INTO "times" VALUES ( 18546, 12780, '18:26:00', NULL, NULL );
INSERT INTO "times" VALUES ( 18546, 15510, NULL, '18:12:00', 50 );
INSERT INTO "times" VALUES ( 18546, 15520, '18:13:00', '18:13:00', 50 );
INSERT INTO "times" VALUES ( 18546, 15530, '18:15:00', '18:15:00', 50 );
INSERT INTO "times" VALUES ( 18546, 15540, '18:18:00', '18:18:00', 50 );
INSERT INTO "times" VALUES ( 18546, 15550, '18:20:00', '18:20:00', 50 );
INSERT INTO "times" VALUES ( 18546, 15560, '18:21:00', '18:21:00', 50 );
INSERT INTO "times" VALUES ( 18546, 15570, '18:24:00', '18:24:00', 50 );

INSERT INTO "dias" VALUES ( 18547, 100, FALSE, TRUE, 'V1803U', 12780, 15510 );
INSERT INTO "dias_line_groups" VALUES ( 18547, 30 );
INSERT INTO "times" VALUES ( 18547, 12780, NULL, '18:13:00', 50 );
INSERT INTO "times" VALUES ( 18547, 15510, '18:28:00', NULL, NULL );
INSERT INTO "times" VALUES ( 18547, 15520, '18:26:00', '18:26:00', 50 );
INSERT INTO "times" VALUES ( 18547, 15530, '18:24:00', '18:24:00', 50 );
INSERT INTO "times" VALUES ( 18547, 15540, '18:21:00', '18:21:00', 50 );
INSERT INTO "times" VALUES ( 18547, 15550, '18:20:00', '18:20:00', 50 );
INSERT INTO "times" VALUES ( 18547, 15560, '18:18:00', '18:18:00', 50 );
INSERT INTO "times" VALUES ( 18547, 15570, '18:15:00', '18:15:00', 50 );

INSERT INTO "dias" VALUES ( 18548, 100, FALSE, TRUE, 'V1804C', 15510, 12780 );
INSERT INTO "dias_line_groups" VALUES ( 18548, 30 );
INSERT INTO "times" VALUES ( 18548, 12780, '18:36:00', NULL, NULL );
INSERT INTO "times" VALUES ( 18548, 15510, NULL, '18:22:00', 50 );
INSERT INTO "times" VALUES ( 18548, 15520, '18:23:00', '18:23:00', 50 );
INSERT INTO "times" VALUES ( 18548, 15530, '18:25:00', '18:25:00', 50 );
INSERT INTO "times" VALUES ( 18548, 15540, '18:28:00', '18:28:00', 50 );
INSERT INTO "times" VALUES ( 18548, 15550, '18:30:00', '18:30:00', 50 );
INSERT INTO "times" VALUES ( 18548, 15560, '18:31:00', '18:31:00', 50 );
INSERT INTO "times" VALUES ( 18548, 15570, '18:34:00', '18:34:00', 50 );

INSERT INTO "dias" VALUES ( 18549, 100, FALSE, TRUE, 'V1805U', 12780, 15510 );
INSERT INTO "dias_line_groups" VALUES ( 18549, 30 );
INSERT INTO "times" VALUES ( 18549, 12780, NULL, '18:23:00', 50 );
INSERT INTO "times" VALUES ( 18549, 15510, '18:38:00', NULL, NULL );
INSERT INTO "times" VALUES ( 18549, 15520, '18:36:00', '18:36:00', 50 );
INSERT INTO "times" VALUES ( 18549, 15530, '18:34:00', '18:34:00', 50 );
INSERT INTO "times" VALUES ( 18549, 15540, '18:31:00', '18:31:00', 50 );
INSERT INTO "times" VALUES ( 18549, 15550, '18:30:00', '18:30:00', 50 );
INSERT INTO "times" VALUES ( 18549, 15560, '18:28:00', '18:28:00', 50 );
INSERT INTO "times" VALUES ( 18549, 15570, '18:25:00', '18:25:00', 50 );

INSERT INTO "dias" VALUES ( 18550, 100, FALSE, TRUE, 'V1806C', 15510, 12780 );
INSERT INTO "dias_line_groups" VALUES ( 18550, 30 );
INSERT INTO "times" VALUES ( 18550, 12780, '18:46:00', NULL, NULL );
INSERT INTO "times" VALUES ( 18550, 15510, NULL, '18:32:00', 50 );
INSERT INTO "times" VALUES ( 18550, 15520, '18:33:00', '18:33:00', 50 );
INSERT INTO "times" VALUES ( 18550, 15530, '18:35:00', '18:35:00', 50 );
INSERT INTO "times" VALUES ( 18550, 15540, '18:38:00', '18:38:00', 50 );
INSERT INTO "times" VALUES ( 18550, 15550, '18:40:00', '18:40:00', 50 );
INSERT INTO "times" VALUES ( 18550, 15560, '18:41:00', '18:41:00', 50 );
INSERT INTO "times" VALUES ( 18550, 15570, '18:44:00', '18:44:00', 50 );

INSERT INTO "dias" VALUES ( 18551, 100, FALSE, TRUE, 'V1807U', 12780, 15510 );
INSERT INTO "dias_line_groups" VALUES ( 18551, 30 );
INSERT INTO "times" VALUES ( 18551, 12780, NULL, '18:33:00', 50 );
INSERT INTO "times" VALUES ( 18551, 15510, '18:48:00', NULL, NULL );
INSERT INTO "times" VALUES ( 18551, 15520, '18:46:00', '18:46:00', 50 );
INSERT INTO "times" VALUES ( 18551, 15530, '18:44:00', '18:44:00', 50 );
INSERT INTO "times" VALUES ( 18551, 15540, '18:41:00', '18:41:00', 50 );
INSERT INTO "times" VALUES ( 18551, 15550, '18:40:00', '18:40:00', 50 );
INSERT INTO "times" VALUES ( 18551, 15560, '18:38:00', '18:38:00', 50 );
INSERT INTO "times" VALUES ( 18551, 15570, '18:35:00', '18:35:00', 50 );

INSERT INTO "dias" VALUES ( 18552, 100, FALSE, TRUE, 'V1808C', 15510, 12780 );
INSERT INTO "dias_line_groups" VALUES ( 18552, 30 );
INSERT INTO "times" VALUES ( 18552, 12780, '18:56:00', NULL, NULL );
INSERT INTO "times" VALUES ( 18552, 15510, NULL, '18:42:00', 50 );
INSERT INTO "times" VALUES ( 18552, 15520, '18:43:00', '18:43:00', 50 );
INSERT INTO "times" VALUES ( 18552, 15530, '18:45:00', '18:45:00', 50 );
INSERT INTO "times" VALUES ( 18552, 15540, '18:48:00', '18:48:00', 50 );
INSERT INTO "times" VALUES ( 18552, 15550, '18:50:00', '18:50:00', 50 );
INSERT INTO "times" VALUES ( 18552, 15560, '18:51:00', '18:51:00', 50 );
INSERT INTO "times" VALUES ( 18552, 15570, '18:54:00', '18:54:00', 50 );

INSERT INTO "dias" VALUES ( 18553, 100, FALSE, TRUE, 'V1809U', 12780, 15510 );
INSERT INTO "dias_line_groups" VALUES ( 18553, 30 );
INSERT INTO "times" VALUES ( 18553, 12780, NULL, '18:43:00', 50 );
INSERT INTO "times" VALUES ( 18553, 15510, '18:58:00', NULL, NULL );
INSERT INTO "times" VALUES ( 18553, 15520, '18:56:00', '18:56:00', 50 );
INSERT INTO "times" VALUES ( 18553, 15530, '18:54:00', '18:54:00', 50 );
INSERT INTO "times" VALUES ( 18553, 15540, '18:51:00', '18:51:00', 50 );
INSERT INTO "times" VALUES ( 18553, 15550, '18:50:00', '18:50:00', 50 );
INSERT INTO "times" VALUES ( 18553, 15560, '18:48:00', '18:48:00', 50 );
INSERT INTO "times" VALUES ( 18553, 15570, '18:45:00', '18:45:00', 50 );

INSERT INTO "dias" VALUES ( 18554, 100, FALSE, TRUE, 'V1810C', 15510, 12780 );
INSERT INTO "dias_line_groups" VALUES ( 18554, 30 );
INSERT INTO "times" VALUES ( 18554, 12780, '19:06:00', NULL, NULL );
INSERT INTO "times" VALUES ( 18554, 15510, NULL, '18:52:00', 50 );
INSERT INTO "times" VALUES ( 18554, 15520, '18:53:00', '18:53:00', 50 );
INSERT INTO "times" VALUES ( 18554, 15530, '18:55:00', '18:55:00', 50 );
INSERT INTO "times" VALUES ( 18554, 15540, '18:58:00', '18:58:00', 50 );
INSERT INTO "times" VALUES ( 18554, 15550, '19:00:00', '19:00:00', 50 );
INSERT INTO "times" VALUES ( 18554, 15560, '19:01:00', '19:01:00', 50 );
INSERT INTO "times" VALUES ( 18554, 15570, '19:04:00', '19:04:00', 50 );

INSERT INTO "dias" VALUES ( 18555, 100, FALSE, TRUE, 'V1811U', 12780, 15510 );
INSERT INTO "dias_line_groups" VALUES ( 18555, 30 );
INSERT INTO "times" VALUES ( 18555, 12780, NULL, '18:53:00', 50 );
INSERT INTO "times" VALUES ( 18555, 15510, '19:08:00', NULL, NULL );
INSERT INTO "times" VALUES ( 18555, 15520, '19:06:00', '19:06:00', 50 );
INSERT INTO "times" VALUES ( 18555, 15530, '19:04:00', '19:04:00', 50 );
INSERT INTO "times" VALUES ( 18555, 15540, '19:01:00', '19:01:00', 50 );
INSERT INTO "times" VALUES ( 18555, 15550, '18:59:00', '18:59:00', 50 );
INSERT INTO "times" VALUES ( 18555, 15560, '18:58:00', '18:58:00', 50 );
INSERT INTO "times" VALUES ( 18555, 15570, '18:55:00', '18:55:00', 50 );

INSERT INTO "dias" VALUES ( 18556, 100, FALSE, TRUE, 'V1900C', 15510, 12780 );
INSERT INTO "dias_line_groups" VALUES ( 18556, 30 );
INSERT INTO "times" VALUES ( 18556, 12780, '19:16:00', NULL, NULL );
INSERT INTO "times" VALUES ( 18556, 15510, NULL, '19:02:00', 50 );
INSERT INTO "times" VALUES ( 18556, 15520, '19:03:00', '19:03:00', 50 );
INSERT INTO "times" VALUES ( 18556, 15530, '19:05:00', '19:05:00', 50 );
INSERT INTO "times" VALUES ( 18556, 15540, '19:08:00', '19:08:00', 50 );
INSERT INTO "times" VALUES ( 18556, 15550, '19:10:00', '19:10:00', 50 );
INSERT INTO "times" VALUES ( 18556, 15560, '19:11:00', '19:11:00', 50 );
INSERT INTO "times" VALUES ( 18556, 15570, '19:14:00', '19:14:00', 50 );

INSERT INTO "dias" VALUES ( 18557, 100, FALSE, TRUE, 'V1901U', 12780, 15510 );
INSERT INTO "dias_line_groups" VALUES ( 18557, 30 );
INSERT INTO "times" VALUES ( 18557, 12780, NULL, '19:03:00', 50 );
INSERT INTO "times" VALUES ( 18557, 15510, '19:18:00', NULL, NULL );
INSERT INTO "times" VALUES ( 18557, 15520, '19:16:00', '19:16:00', 50 );
INSERT INTO "times" VALUES ( 18557, 15530, '19:14:00', '19:14:00', 50 );
INSERT INTO "times" VALUES ( 18557, 15540, '19:11:00', '19:11:00', 50 );
INSERT INTO "times" VALUES ( 18557, 15550, '19:09:00', '19:09:00', 50 );
INSERT INTO "times" VALUES ( 18557, 15560, '19:08:00', '19:08:00', 50 );
INSERT INTO "times" VALUES ( 18557, 15570, '19:05:00', '19:05:00', 50 );

INSERT INTO "dias" VALUES ( 18558, 100, FALSE, TRUE, 'V1902C', 15510, 12780 );
INSERT INTO "dias_line_groups" VALUES ( 18558, 30 );
INSERT INTO "times" VALUES ( 18558, 12780, '19:26:00', NULL, NULL );
INSERT INTO "times" VALUES ( 18558, 15510, NULL, '19:12:00', 50 );
INSERT INTO "times" VALUES ( 18558, 15520, '19:13:00', '19:13:00', 50 );
INSERT INTO "times" VALUES ( 18558, 15530, '19:15:00', '19:15:00', 50 );
INSERT INTO "times" VALUES ( 18558, 15540, '19:18:00', '19:18:00', 50 );
INSERT INTO "times" VALUES ( 18558, 15550, '19:20:00', '19:20:00', 50 );
INSERT INTO "times" VALUES ( 18558, 15560, '19:21:00', '19:21:00', 50 );
INSERT INTO "times" VALUES ( 18558, 15570, '19:24:00', '19:24:00', 50 );

INSERT INTO "dias" VALUES ( 18559, 100, FALSE, TRUE, 'V1903U', 12780, 15510 );
INSERT INTO "dias_line_groups" VALUES ( 18559, 30 );
INSERT INTO "times" VALUES ( 18559, 12780, NULL, '19:13:00', 50 );
INSERT INTO "times" VALUES ( 18559, 15510, '19:28:00', NULL, NULL );
INSERT INTO "times" VALUES ( 18559, 15520, '19:26:00', '19:26:00', 50 );
INSERT INTO "times" VALUES ( 18559, 15530, '19:24:00', '19:24:00', 50 );
INSERT INTO "times" VALUES ( 18559, 15540, '19:21:00', '19:21:00', 50 );
INSERT INTO "times" VALUES ( 18559, 15550, '19:19:00', '19:19:00', 50 );
INSERT INTO "times" VALUES ( 18559, 15560, '19:18:00', '19:18:00', 50 );
INSERT INTO "times" VALUES ( 18559, 15570, '19:15:00', '19:15:00', 50 );

INSERT INTO "dias" VALUES ( 18560, 100, FALSE, TRUE, 'V1904C', 15510, 12780 );
INSERT INTO "dias_line_groups" VALUES ( 18560, 30 );
INSERT INTO "times" VALUES ( 18560, 12780, '19:36:00', NULL, NULL );
INSERT INTO "times" VALUES ( 18560, 15510, NULL, '19:22:00', 50 );
INSERT INTO "times" VALUES ( 18560, 15520, '19:23:00', '19:23:00', 50 );
INSERT INTO "times" VALUES ( 18560, 15530, '19:25:00', '19:25:00', 50 );
INSERT INTO "times" VALUES ( 18560, 15540, '19:28:00', '19:28:00', 50 );
INSERT INTO "times" VALUES ( 18560, 15550, '19:30:00', '19:30:00', 50 );
INSERT INTO "times" VALUES ( 18560, 15560, '19:31:00', '19:31:00', 50 );
INSERT INTO "times" VALUES ( 18560, 15570, '19:34:00', '19:34:00', 50 );

INSERT INTO "dias" VALUES ( 18561, 100, FALSE, TRUE, 'V1905U', 12780, 15510 );
INSERT INTO "dias_line_groups" VALUES ( 18561, 30 );
INSERT INTO "times" VALUES ( 18561, 12780, NULL, '19:23:00', 50 );
INSERT INTO "times" VALUES ( 18561, 15510, '19:38:00', NULL, NULL );
INSERT INTO "times" VALUES ( 18561, 15520, '19:36:00', '19:36:00', 50 );
INSERT INTO "times" VALUES ( 18561, 15530, '19:34:00', '19:34:00', 50 );
INSERT INTO "times" VALUES ( 18561, 15540, '19:31:00', '19:31:00', 50 );
INSERT INTO "times" VALUES ( 18561, 15550, '19:29:00', '19:29:00', 50 );
INSERT INTO "times" VALUES ( 18561, 15560, '19:28:00', '19:28:00', 50 );
INSERT INTO "times" VALUES ( 18561, 15570, '19:25:00', '19:25:00', 50 );

INSERT INTO "dias" VALUES ( 18562, 100, FALSE, TRUE, 'V1906C', 15510, 12780 );
INSERT INTO "dias_line_groups" VALUES ( 18562, 30 );
INSERT INTO "times" VALUES ( 18562, 12780, '19:46:00', NULL, NULL );
INSERT INTO "times" VALUES ( 18562, 15510, NULL, '19:32:00', 50 );
INSERT INTO "times" VALUES ( 18562, 15520, '19:33:00', '19:33:00', 50 );
INSERT INTO "times" VALUES ( 18562, 15530, '19:35:00', '19:35:00', 50 );
INSERT INTO "times" VALUES ( 18562, 15540, '19:38:00', '19:38:00', 50 );
INSERT INTO "times" VALUES ( 18562, 15550, '19:40:00', '19:40:00', 50 );
INSERT INTO "times" VALUES ( 18562, 15560, '19:41:00', '19:41:00', 50 );
INSERT INTO "times" VALUES ( 18562, 15570, '19:44:00', '19:44:00', 50 );

INSERT INTO "dias" VALUES ( 18563, 100, FALSE, TRUE, 'V1907U', 12780, 15510 );
INSERT INTO "dias_line_groups" VALUES ( 18563, 30 );
INSERT INTO "times" VALUES ( 18563, 12780, NULL, '19:33:00', 50 );
INSERT INTO "times" VALUES ( 18563, 15510, '19:48:00', NULL, NULL );
INSERT INTO "times" VALUES ( 18563, 15520, '19:46:00', '19:46:00', 50 );
INSERT INTO "times" VALUES ( 18563, 15530, '19:44:00', '19:44:00', 50 );
INSERT INTO "times" VALUES ( 18563, 15540, '19:41:00', '19:41:00', 50 );
INSERT INTO "times" VALUES ( 18563, 15550, '19:39:00', '19:39:00', 50 );
INSERT INTO "times" VALUES ( 18563, 15560, '19:38:00', '19:38:00', 50 );
INSERT INTO "times" VALUES ( 18563, 15570, '19:35:00', '19:35:00', 50 );

INSERT INTO "dias" VALUES ( 18564, 100, FALSE, TRUE, 'V1908C', 15510, 12780 );
INSERT INTO "dias_line_groups" VALUES ( 18564, 30 );
INSERT INTO "times" VALUES ( 18564, 12780, '19:56:00', NULL, NULL );
INSERT INTO "times" VALUES ( 18564, 15510, NULL, '19:42:00', 50 );
INSERT INTO "times" VALUES ( 18564, 15520, '19:43:00', '19:43:00', 50 );
INSERT INTO "times" VALUES ( 18564, 15530, '19:45:00', '19:45:00', 50 );
INSERT INTO "times" VALUES ( 18564, 15540, '19:48:00', '19:48:00', 50 );
INSERT INTO "times" VALUES ( 18564, 15550, '19:50:00', '19:50:00', 50 );
INSERT INTO "times" VALUES ( 18564, 15560, '19:51:00', '19:51:00', 50 );
INSERT INTO "times" VALUES ( 18564, 15570, '19:54:00', '19:54:00', 50 );

INSERT INTO "dias" VALUES ( 18565, 100, FALSE, TRUE, 'V1909U', 12780, 15510 );
INSERT INTO "dias_line_groups" VALUES ( 18565, 30 );
INSERT INTO "times" VALUES ( 18565, 12780, NULL, '19:43:00', 50 );
INSERT INTO "times" VALUES ( 18565, 15510, '19:58:00', NULL, NULL );
INSERT INTO "times" VALUES ( 18565, 15520, '19:56:00', '19:56:00', 50 );
INSERT INTO "times" VALUES ( 18565, 15530, '19:54:00', '19:54:00', 50 );
INSERT INTO "times" VALUES ( 18565, 15540, '19:51:00', '19:51:00', 50 );
INSERT INTO "times" VALUES ( 18565, 15550, '19:49:00', '19:49:00', 50 );
INSERT INTO "times" VALUES ( 18565, 15560, '19:48:00', '19:48:00', 50 );
INSERT INTO "times" VALUES ( 18565, 15570, '19:45:00', '19:45:00', 50 );

INSERT INTO "dias" VALUES ( 18566, 100, FALSE, TRUE, 'V1910C', 15510, 12780 );
INSERT INTO "dias_line_groups" VALUES ( 18566, 30 );
INSERT INTO "times" VALUES ( 18566, 12780, '20:06:00', NULL, NULL );
INSERT INTO "times" VALUES ( 18566, 15510, NULL, '19:52:00', 50 );
INSERT INTO "times" VALUES ( 18566, 15520, '19:53:00', '19:53:00', 50 );
INSERT INTO "times" VALUES ( 18566, 15530, '19:55:00', '19:55:00', 50 );
INSERT INTO "times" VALUES ( 18566, 15540, '19:58:00', '19:58:00', 50 );
INSERT INTO "times" VALUES ( 18566, 15550, '20:00:00', '20:00:00', 50 );
INSERT INTO "times" VALUES ( 18566, 15560, '20:01:00', '20:01:00', 50 );
INSERT INTO "times" VALUES ( 18566, 15570, '20:04:00', '20:04:00', 50 );

INSERT INTO "dias" VALUES ( 18567, 100, FALSE, TRUE, 'V1911U', 12780, 15510 );
INSERT INTO "dias_line_groups" VALUES ( 18567, 30 );
INSERT INTO "times" VALUES ( 18567, 12780, NULL, '19:53:00', 50 );
INSERT INTO "times" VALUES ( 18567, 15510, '20:07:00', NULL, NULL );
INSERT INTO "times" VALUES ( 18567, 15520, '20:06:00', '20:06:00', 50 );
INSERT INTO "times" VALUES ( 18567, 15530, '20:03:00', '20:03:00', 50 );
INSERT INTO "times" VALUES ( 18567, 15540, '20:01:00', '20:01:00', 50 );
INSERT INTO "times" VALUES ( 18567, 15550, '19:59:00', '19:59:00', 50 );
INSERT INTO "times" VALUES ( 18567, 15560, '19:57:00', '19:57:00', 50 );
INSERT INTO "times" VALUES ( 18567, 15570, '19:55:00', '19:55:00', 50 );

INSERT INTO "dias" VALUES ( 18568, 100, FALSE, TRUE, 'V2000C', 15510, 12780 );
INSERT INTO "dias_line_groups" VALUES ( 18568, 30 );
INSERT INTO "times" VALUES ( 18568, 12780, '20:16:00', NULL, NULL );
INSERT INTO "times" VALUES ( 18568, 15510, NULL, '20:02:00', 50 );
INSERT INTO "times" VALUES ( 18568, 15520, '20:03:00', '20:03:00', 50 );
INSERT INTO "times" VALUES ( 18568, 15530, '20:05:00', '20:05:00', 50 );
INSERT INTO "times" VALUES ( 18568, 15540, '20:08:00', '20:08:00', 50 );
INSERT INTO "times" VALUES ( 18568, 15550, '20:10:00', '20:10:00', 50 );
INSERT INTO "times" VALUES ( 18568, 15560, '20:11:00', '20:11:00', 50 );
INSERT INTO "times" VALUES ( 18568, 15570, '20:14:00', '20:14:00', 50 );

INSERT INTO "dias" VALUES ( 18569, 100, FALSE, TRUE, 'V2001U', 12780, 15510 );
INSERT INTO "dias_line_groups" VALUES ( 18569, 30 );
INSERT INTO "times" VALUES ( 18569, 12780, NULL, '20:03:00', 50 );
INSERT INTO "times" VALUES ( 18569, 15510, '20:17:00', NULL, NULL );
INSERT INTO "times" VALUES ( 18569, 15520, '20:16:00', '20:16:00', 50 );
INSERT INTO "times" VALUES ( 18569, 15530, '20:13:00', '20:13:00', 50 );
INSERT INTO "times" VALUES ( 18569, 15540, '20:11:00', '20:11:00', 50 );
INSERT INTO "times" VALUES ( 18569, 15550, '20:09:00', '20:09:00', 50 );
INSERT INTO "times" VALUES ( 18569, 15560, '20:07:00', '20:07:00', 50 );
INSERT INTO "times" VALUES ( 18569, 15570, '20:05:00', '20:05:00', 50 );

INSERT INTO "dias" VALUES ( 18570, 100, FALSE, TRUE, 'V2002C', 15510, 12780 );
INSERT INTO "dias_line_groups" VALUES ( 18570, 30 );
INSERT INTO "times" VALUES ( 18570, 12780, '20:26:00', NULL, NULL );
INSERT INTO "times" VALUES ( 18570, 15510, NULL, '20:12:00', 50 );
INSERT INTO "times" VALUES ( 18570, 15520, '20:13:00', '20:13:00', 50 );
INSERT INTO "times" VALUES ( 18570, 15530, '20:15:00', '20:15:00', 50 );
INSERT INTO "times" VALUES ( 18570, 15540, '20:18:00', '20:18:00', 50 );
INSERT INTO "times" VALUES ( 18570, 15550, '20:20:00', '20:20:00', 50 );
INSERT INTO "times" VALUES ( 18570, 15560, '20:21:00', '20:21:00', 50 );
INSERT INTO "times" VALUES ( 18570, 15570, '20:24:00', '20:24:00', 50 );

INSERT INTO "dias" VALUES ( 18571, 100, FALSE, TRUE, 'V2003U', 12780, 15510 );
INSERT INTO "dias_line_groups" VALUES ( 18571, 30 );
INSERT INTO "times" VALUES ( 18571, 12780, NULL, '20:13:00', 50 );
INSERT INTO "times" VALUES ( 18571, 15510, '20:27:00', NULL, NULL );
INSERT INTO "times" VALUES ( 18571, 15520, '20:26:00', '20:26:00', 50 );
INSERT INTO "times" VALUES ( 18571, 15530, '20:23:00', '20:23:00', 50 );
INSERT INTO "times" VALUES ( 18571, 15540, '20:21:00', '20:21:00', 50 );
INSERT INTO "times" VALUES ( 18571, 15550, '20:19:00', '20:19:00', 50 );
INSERT INTO "times" VALUES ( 18571, 15560, '20:17:00', '20:17:00', 50 );
INSERT INTO "times" VALUES ( 18571, 15570, '20:15:00', '20:15:00', 50 );

INSERT INTO "dias" VALUES ( 18572, 100, FALSE, TRUE, 'V2004C', 15510, 12780 );
INSERT INTO "dias_line_groups" VALUES ( 18572, 30 );
INSERT INTO "times" VALUES ( 18572, 12780, '20:36:00', NULL, NULL );
INSERT INTO "times" VALUES ( 18572, 15510, NULL, '20:22:00', 50 );
INSERT INTO "times" VALUES ( 18572, 15520, '20:23:00', '20:23:00', 50 );
INSERT INTO "times" VALUES ( 18572, 15530, '20:25:00', '20:25:00', 50 );
INSERT INTO "times" VALUES ( 18572, 15540, '20:28:00', '20:28:00', 50 );
INSERT INTO "times" VALUES ( 18572, 15550, '20:30:00', '20:30:00', 50 );
INSERT INTO "times" VALUES ( 18572, 15560, '20:31:00', '20:31:00', 50 );
INSERT INTO "times" VALUES ( 18572, 15570, '20:34:00', '20:34:00', 50 );

INSERT INTO "dias" VALUES ( 18573, 100, FALSE, TRUE, 'V2005U', 12780, 15510 );
INSERT INTO "dias_line_groups" VALUES ( 18573, 30 );
INSERT INTO "times" VALUES ( 18573, 12780, NULL, '20:24:00', 50 );
INSERT INTO "times" VALUES ( 18573, 15510, '20:38:00', NULL, NULL );
INSERT INTO "times" VALUES ( 18573, 15520, '20:37:00', '20:37:00', 50 );
INSERT INTO "times" VALUES ( 18573, 15530, '20:34:00', '20:34:00', 50 );
INSERT INTO "times" VALUES ( 18573, 15540, '20:32:00', '20:32:00', 50 );
INSERT INTO "times" VALUES ( 18573, 15550, '20:30:00', '20:30:00', 50 );
INSERT INTO "times" VALUES ( 18573, 15560, '20:28:00', '20:28:00', 50 );
INSERT INTO "times" VALUES ( 18573, 15570, '20:26:00', '20:26:00', 50 );

INSERT INTO "dias" VALUES ( 18574, 100, FALSE, TRUE, 'V2006C', 15510, 12780 );
INSERT INTO "dias_line_groups" VALUES ( 18574, 30 );
INSERT INTO "times" VALUES ( 18574, 12780, '20:46:00', NULL, NULL );
INSERT INTO "times" VALUES ( 18574, 15510, NULL, '20:32:00', 50 );
INSERT INTO "times" VALUES ( 18574, 15520, '20:33:00', '20:33:00', 50 );
INSERT INTO "times" VALUES ( 18574, 15530, '20:35:00', '20:35:00', 50 );
INSERT INTO "times" VALUES ( 18574, 15540, '20:38:00', '20:38:00', 50 );
INSERT INTO "times" VALUES ( 18574, 15550, '20:40:00', '20:40:00', 50 );
INSERT INTO "times" VALUES ( 18574, 15560, '20:41:00', '20:41:00', 50 );
INSERT INTO "times" VALUES ( 18574, 15570, '20:44:00', '20:44:00', 50 );

INSERT INTO "dias" VALUES ( 18575, 100, FALSE, TRUE, 'V2007U', 12780, 15510 );
INSERT INTO "dias_line_groups" VALUES ( 18575, 30 );
INSERT INTO "times" VALUES ( 18575, 12780, NULL, '20:34:00', 50 );
INSERT INTO "times" VALUES ( 18575, 15510, '20:48:00', NULL, NULL );
INSERT INTO "times" VALUES ( 18575, 15520, '20:47:00', '20:47:00', 50 );
INSERT INTO "times" VALUES ( 18575, 15530, '20:44:00', '20:44:00', 50 );
INSERT INTO "times" VALUES ( 18575, 15540, '20:42:00', '20:42:00', 50 );
INSERT INTO "times" VALUES ( 18575, 15550, '20:40:00', '20:40:00', 50 );
INSERT INTO "times" VALUES ( 18575, 15560, '20:38:00', '20:38:00', 50 );
INSERT INTO "times" VALUES ( 18575, 15570, '20:36:00', '20:36:00', 50 );

INSERT INTO "dias" VALUES ( 18576, 100, FALSE, TRUE, 'V2008C', 15510, 12780 );
INSERT INTO "dias_line_groups" VALUES ( 18576, 30 );
INSERT INTO "times" VALUES ( 18576, 12780, '20:56:00', NULL, NULL );
INSERT INTO "times" VALUES ( 18576, 15510, NULL, '20:42:00', 50 );
INSERT INTO "times" VALUES ( 18576, 15520, '20:43:00', '20:43:00', 50 );
INSERT INTO "times" VALUES ( 18576, 15530, '20:45:00', '20:45:00', 50 );
INSERT INTO "times" VALUES ( 18576, 15540, '20:48:00', '20:48:00', 50 );
INSERT INTO "times" VALUES ( 18576, 15550, '20:50:00', '20:50:00', 50 );
INSERT INTO "times" VALUES ( 18576, 15560, '20:51:00', '20:51:00', 50 );
INSERT INTO "times" VALUES ( 18576, 15570, '20:54:00', '20:54:00', 50 );

INSERT INTO "dias" VALUES ( 18577, 100, FALSE, TRUE, 'V2009U', 12780, 15510 );
INSERT INTO "dias_line_groups" VALUES ( 18577, 30 );
INSERT INTO "times" VALUES ( 18577, 12780, NULL, '20:44:00', 50 );
INSERT INTO "times" VALUES ( 18577, 15510, '20:58:00', NULL, NULL );
INSERT INTO "times" VALUES ( 18577, 15520, '20:57:00', '20:57:00', 50 );
INSERT INTO "times" VALUES ( 18577, 15530, '20:54:00', '20:54:00', 50 );
INSERT INTO "times" VALUES ( 18577, 15540, '20:52:00', '20:52:00', 50 );
INSERT INTO "times" VALUES ( 18577, 15550, '20:50:00', '20:50:00', 50 );
INSERT INTO "times" VALUES ( 18577, 15560, '20:48:00', '20:48:00', 50 );
INSERT INTO "times" VALUES ( 18577, 15570, '20:46:00', '20:46:00', 50 );

INSERT INTO "dias" VALUES ( 18578, 100, FALSE, TRUE, 'V2010C', 15510, 12780 );
INSERT INTO "dias_line_groups" VALUES ( 18578, 30 );
INSERT INTO "times" VALUES ( 18578, 12780, '21:06:00', NULL, NULL );
INSERT INTO "times" VALUES ( 18578, 15510, NULL, '20:52:00', 50 );
INSERT INTO "times" VALUES ( 18578, 15520, '20:53:00', '20:53:00', 50 );
INSERT INTO "times" VALUES ( 18578, 15530, '20:55:00', '20:55:00', 50 );
INSERT INTO "times" VALUES ( 18578, 15540, '20:58:00', '20:58:00', 50 );
INSERT INTO "times" VALUES ( 18578, 15550, '21:00:00', '21:00:00', 50 );
INSERT INTO "times" VALUES ( 18578, 15560, '21:01:00', '21:01:00', 50 );
INSERT INTO "times" VALUES ( 18578, 15570, '21:04:00', '21:04:00', 50 );

INSERT INTO "dias" VALUES ( 18579, 100, FALSE, TRUE, 'V2011U', 12780, 15510 );
INSERT INTO "dias_line_groups" VALUES ( 18579, 30 );
INSERT INTO "times" VALUES ( 18579, 12780, NULL, '20:54:00', 50 );
INSERT INTO "times" VALUES ( 18579, 15510, '21:08:00', NULL, NULL );
INSERT INTO "times" VALUES ( 18579, 15520, '21:07:00', '21:07:00', 50 );
INSERT INTO "times" VALUES ( 18579, 15530, '21:04:00', '21:04:00', 50 );
INSERT INTO "times" VALUES ( 18579, 15540, '21:02:00', '21:02:00', 50 );
INSERT INTO "times" VALUES ( 18579, 15550, '21:00:00', '21:00:00', 50 );
INSERT INTO "times" VALUES ( 18579, 15560, '20:58:00', '20:58:00', 50 );
INSERT INTO "times" VALUES ( 18579, 15570, '20:56:00', '20:56:00', 50 );

INSERT INTO "dias" VALUES ( 18580, 100, FALSE, TRUE, 'V2100C', 15510, 12780 );
INSERT INTO "dias_line_groups" VALUES ( 18580, 30 );
INSERT INTO "times" VALUES ( 18580, 12780, '21:16:00', NULL, NULL );
INSERT INTO "times" VALUES ( 18580, 15510, NULL, '21:02:00', 50 );
INSERT INTO "times" VALUES ( 18580, 15520, '21:03:00', '21:03:00', 50 );
INSERT INTO "times" VALUES ( 18580, 15530, '21:05:00', '21:05:00', 50 );
INSERT INTO "times" VALUES ( 18580, 15540, '21:08:00', '21:08:00', 50 );
INSERT INTO "times" VALUES ( 18580, 15550, '21:10:00', '21:10:00', 50 );
INSERT INTO "times" VALUES ( 18580, 15560, '21:11:00', '21:11:00', 50 );
INSERT INTO "times" VALUES ( 18580, 15570, '21:14:00', '21:14:00', 50 );

INSERT INTO "dias" VALUES ( 18581, 100, FALSE, TRUE, 'V2101U', 12780, 15510 );
INSERT INTO "dias_line_groups" VALUES ( 18581, 30 );
INSERT INTO "times" VALUES ( 18581, 12780, NULL, '21:04:00', 50 );
INSERT INTO "times" VALUES ( 18581, 15510, '21:18:00', NULL, NULL );
INSERT INTO "times" VALUES ( 18581, 15520, '21:17:00', '21:17:00', 50 );
INSERT INTO "times" VALUES ( 18581, 15530, '21:14:00', '21:14:00', 50 );
INSERT INTO "times" VALUES ( 18581, 15540, '21:12:00', '21:12:00', 50 );
INSERT INTO "times" VALUES ( 18581, 15550, '21:10:00', '21:10:00', 50 );
INSERT INTO "times" VALUES ( 18581, 15560, '21:08:00', '21:08:00', 50 );
INSERT INTO "times" VALUES ( 18581, 15570, '21:06:00', '21:06:00', 50 );

INSERT INTO "dias" VALUES ( 18582, 100, FALSE, TRUE, 'V2102C', 15510, 12780 );
INSERT INTO "dias_line_groups" VALUES ( 18582, 30 );
INSERT INTO "times" VALUES ( 18582, 12780, '21:26:00', NULL, NULL );
INSERT INTO "times" VALUES ( 18582, 15510, NULL, '21:12:00', 50 );
INSERT INTO "times" VALUES ( 18582, 15520, '21:13:00', '21:13:00', 50 );
INSERT INTO "times" VALUES ( 18582, 15530, '21:15:00', '21:15:00', 50 );
INSERT INTO "times" VALUES ( 18582, 15540, '21:18:00', '21:18:00', 50 );
INSERT INTO "times" VALUES ( 18582, 15550, '21:20:00', '21:20:00', 50 );
INSERT INTO "times" VALUES ( 18582, 15560, '21:21:00', '21:21:00', 50 );
INSERT INTO "times" VALUES ( 18582, 15570, '21:24:00', '21:24:00', 50 );

INSERT INTO "dias" VALUES ( 18583, 100, FALSE, TRUE, 'V2103U', 12780, 15510 );
INSERT INTO "dias_line_groups" VALUES ( 18583, 30 );
INSERT INTO "times" VALUES ( 18583, 12780, NULL, '21:14:00', 50 );
INSERT INTO "times" VALUES ( 18583, 15510, '21:28:00', NULL, NULL );
INSERT INTO "times" VALUES ( 18583, 15520, '21:27:00', '21:27:00', 50 );
INSERT INTO "times" VALUES ( 18583, 15530, '21:24:00', '21:24:00', 50 );
INSERT INTO "times" VALUES ( 18583, 15540, '21:22:00', '21:22:00', 50 );
INSERT INTO "times" VALUES ( 18583, 15550, '21:20:00', '21:20:00', 50 );
INSERT INTO "times" VALUES ( 18583, 15560, '21:18:00', '21:18:00', 50 );
INSERT INTO "times" VALUES ( 18583, 15570, '21:16:00', '21:16:00', 50 );

INSERT INTO "dias" VALUES ( 18584, 100, FALSE, TRUE, 'V2104C', 15510, 12780 );
INSERT INTO "dias_line_groups" VALUES ( 18584, 30 );
INSERT INTO "times" VALUES ( 18584, 12780, '21:36:00', NULL, NULL );
INSERT INTO "times" VALUES ( 18584, 15510, NULL, '21:22:00', 50 );
INSERT INTO "times" VALUES ( 18584, 15520, '21:23:00', '21:23:00', 50 );
INSERT INTO "times" VALUES ( 18584, 15530, '21:25:00', '21:25:00', 50 );
INSERT INTO "times" VALUES ( 18584, 15540, '21:28:00', '21:28:00', 50 );
INSERT INTO "times" VALUES ( 18584, 15550, '21:30:00', '21:30:00', 50 );
INSERT INTO "times" VALUES ( 18584, 15560, '21:31:00', '21:31:00', 50 );
INSERT INTO "times" VALUES ( 18584, 15570, '21:34:00', '21:34:00', 50 );

INSERT INTO "dias" VALUES ( 18585, 100, FALSE, TRUE, 'V2105U', 12780, 15510 );
INSERT INTO "dias_line_groups" VALUES ( 18585, 30 );
INSERT INTO "times" VALUES ( 18585, 12780, NULL, '21:24:00', 50 );
INSERT INTO "times" VALUES ( 18585, 15510, '21:38:00', NULL, NULL );
INSERT INTO "times" VALUES ( 18585, 15520, '21:37:00', '21:37:00', 50 );
INSERT INTO "times" VALUES ( 18585, 15530, '21:34:00', '21:34:00', 50 );
INSERT INTO "times" VALUES ( 18585, 15540, '21:32:00', '21:32:00', 50 );
INSERT INTO "times" VALUES ( 18585, 15550, '21:30:00', '21:30:00', 50 );
INSERT INTO "times" VALUES ( 18585, 15560, '21:28:00', '21:28:00', 50 );
INSERT INTO "times" VALUES ( 18585, 15570, '21:26:00', '21:26:00', 50 );

INSERT INTO "dias" VALUES ( 18586, 100, FALSE, TRUE, 'V2106C', 15510, 12780 );
INSERT INTO "dias_line_groups" VALUES ( 18586, 30 );
INSERT INTO "times" VALUES ( 18586, 12780, '21:46:00', NULL, NULL );
INSERT INTO "times" VALUES ( 18586, 15510, NULL, '21:32:00', 50 );
INSERT INTO "times" VALUES ( 18586, 15520, '21:33:00', '21:33:00', 50 );
INSERT INTO "times" VALUES ( 18586, 15530, '21:35:00', '21:35:00', 50 );
INSERT INTO "times" VALUES ( 18586, 15540, '21:38:00', '21:38:00', 50 );
INSERT INTO "times" VALUES ( 18586, 15550, '21:40:00', '21:40:00', 50 );
INSERT INTO "times" VALUES ( 18586, 15560, '21:41:00', '21:41:00', 50 );
INSERT INTO "times" VALUES ( 18586, 15570, '21:44:00', '21:44:00', 50 );

INSERT INTO "dias" VALUES ( 18587, 100, FALSE, TRUE, 'V2107U', 12780, 15510 );
INSERT INTO "dias_line_groups" VALUES ( 18587, 30 );
INSERT INTO "times" VALUES ( 18587, 12780, NULL, '21:34:00', 50 );
INSERT INTO "times" VALUES ( 18587, 15510, '21:48:00', NULL, NULL );
INSERT INTO "times" VALUES ( 18587, 15520, '21:47:00', '21:47:00', 50 );
INSERT INTO "times" VALUES ( 18587, 15530, '21:44:00', '21:44:00', 50 );
INSERT INTO "times" VALUES ( 18587, 15540, '21:42:00', '21:42:00', 50 );
INSERT INTO "times" VALUES ( 18587, 15550, '21:40:00', '21:40:00', 50 );
INSERT INTO "times" VALUES ( 18587, 15560, '21:38:00', '21:38:00', 50 );
INSERT INTO "times" VALUES ( 18587, 15570, '21:36:00', '21:36:00', 50 );

INSERT INTO "dias" VALUES ( 18588, 100, FALSE, TRUE, 'V2108C', 15510, 12780 );
INSERT INTO "dias_line_groups" VALUES ( 18588, 30 );
INSERT INTO "times" VALUES ( 18588, 12780, '21:56:00', NULL, NULL );
INSERT INTO "times" VALUES ( 18588, 15510, NULL, '21:42:00', 50 );
INSERT INTO "times" VALUES ( 18588, 15520, '21:43:00', '21:43:00', 50 );
INSERT INTO "times" VALUES ( 18588, 15530, '21:45:00', '21:45:00', 50 );
INSERT INTO "times" VALUES ( 18588, 15540, '21:48:00', '21:48:00', 50 );
INSERT INTO "times" VALUES ( 18588, 15550, '21:50:00', '21:50:00', 50 );
INSERT INTO "times" VALUES ( 18588, 15560, '21:51:00', '21:51:00', 50 );
INSERT INTO "times" VALUES ( 18588, 15570, '21:54:00', '21:54:00', 50 );

INSERT INTO "dias" VALUES ( 18589, 100, FALSE, TRUE, 'V2109U', 12780, 15510 );
INSERT INTO "dias_line_groups" VALUES ( 18589, 30 );
INSERT INTO "times" VALUES ( 18589, 12780, NULL, '21:44:00', 50 );
INSERT INTO "times" VALUES ( 18589, 15510, '21:58:00', NULL, NULL );
INSERT INTO "times" VALUES ( 18589, 15520, '21:57:00', '21:57:00', 50 );
INSERT INTO "times" VALUES ( 18589, 15530, '21:54:00', '21:54:00', 50 );
INSERT INTO "times" VALUES ( 18589, 15540, '21:52:00', '21:52:00', 50 );
INSERT INTO "times" VALUES ( 18589, 15550, '21:50:00', '21:50:00', 50 );
INSERT INTO "times" VALUES ( 18589, 15560, '21:48:00', '21:48:00', 50 );
INSERT INTO "times" VALUES ( 18589, 15570, '21:46:00', '21:46:00', 50 );

INSERT INTO "dias" VALUES ( 18590, 100, FALSE, TRUE, 'V2110C', 15510, 12780 );
INSERT INTO "dias_line_groups" VALUES ( 18590, 30 );
INSERT INTO "times" VALUES ( 18590, 12780, '22:06:00', NULL, NULL );
INSERT INTO "times" VALUES ( 18590, 15510, NULL, '21:52:00', 50 );
INSERT INTO "times" VALUES ( 18590, 15520, '21:53:00', '21:53:00', 50 );
INSERT INTO "times" VALUES ( 18590, 15530, '21:55:00', '21:55:00', 50 );
INSERT INTO "times" VALUES ( 18590, 15540, '21:58:00', '21:58:00', 50 );
INSERT INTO "times" VALUES ( 18590, 15550, '22:00:00', '22:00:00', 50 );
INSERT INTO "times" VALUES ( 18590, 15560, '22:01:00', '22:01:00', 50 );
INSERT INTO "times" VALUES ( 18590, 15570, '22:04:00', '22:04:00', 50 );

INSERT INTO "dias" VALUES ( 18591, 100, FALSE, TRUE, 'V2111U', 12780, 15510 );
INSERT INTO "dias_line_groups" VALUES ( 18591, 30 );
INSERT INTO "times" VALUES ( 18591, 12780, NULL, '21:54:00', 50 );
INSERT INTO "times" VALUES ( 18591, 15510, '22:08:00', NULL, NULL );
INSERT INTO "times" VALUES ( 18591, 15520, '22:07:00', '22:07:00', 50 );
INSERT INTO "times" VALUES ( 18591, 15530, '22:04:00', '22:04:00', 50 );
INSERT INTO "times" VALUES ( 18591, 15540, '22:02:00', '22:02:00', 50 );
INSERT INTO "times" VALUES ( 18591, 15550, '22:00:00', '22:00:00', 50 );
INSERT INTO "times" VALUES ( 18591, 15560, '21:58:00', '21:58:00', 50 );
INSERT INTO "times" VALUES ( 18591, 15570, '21:56:00', '21:56:00', 50 );

INSERT INTO "dias" VALUES ( 18592, 100, FALSE, TRUE, 'V2200C', 15510, 12780 );
INSERT INTO "dias_line_groups" VALUES ( 18592, 30 );
INSERT INTO "times" VALUES ( 18592, 12780, '22:16:00', NULL, NULL );
INSERT INTO "times" VALUES ( 18592, 15510, NULL, '22:02:00', 50 );
INSERT INTO "times" VALUES ( 18592, 15520, '22:03:00', '22:03:00', 50 );
INSERT INTO "times" VALUES ( 18592, 15530, '22:05:00', '22:05:00', 50 );
INSERT INTO "times" VALUES ( 18592, 15540, '22:08:00', '22:08:00', 50 );
INSERT INTO "times" VALUES ( 18592, 15550, '22:10:00', '22:10:00', 50 );
INSERT INTO "times" VALUES ( 18592, 15560, '22:11:00', '22:11:00', 50 );
INSERT INTO "times" VALUES ( 18592, 15570, '22:14:00', '22:14:00', 50 );

INSERT INTO "dias" VALUES ( 18593, 100, FALSE, TRUE, 'V2201U', 12780, 15510 );
INSERT INTO "dias_line_groups" VALUES ( 18593, 30 );
INSERT INTO "times" VALUES ( 18593, 12780, NULL, '22:04:00', 50 );
INSERT INTO "times" VALUES ( 18593, 15510, '22:18:00', NULL, NULL );
INSERT INTO "times" VALUES ( 18593, 15520, '22:17:00', '22:17:00', 50 );
INSERT INTO "times" VALUES ( 18593, 15530, '22:14:00', '22:14:00', 50 );
INSERT INTO "times" VALUES ( 18593, 15540, '22:12:00', '22:12:00', 50 );
INSERT INTO "times" VALUES ( 18593, 15550, '22:10:00', '22:10:00', 50 );
INSERT INTO "times" VALUES ( 18593, 15560, '22:08:00', '22:08:00', 50 );
INSERT INTO "times" VALUES ( 18593, 15570, '22:06:00', '22:06:00', 50 );

INSERT INTO "dias" VALUES ( 18594, 100, FALSE, TRUE, 'V2202C', 15510, 12780 );
INSERT INTO "dias_line_groups" VALUES ( 18594, 30 );
INSERT INTO "times" VALUES ( 18594, 12780, '22:26:00', NULL, NULL );
INSERT INTO "times" VALUES ( 18594, 15510, NULL, '22:12:00', 50 );
INSERT INTO "times" VALUES ( 18594, 15520, '22:13:00', '22:13:00', 50 );
INSERT INTO "times" VALUES ( 18594, 15530, '22:15:00', '22:15:00', 50 );
INSERT INTO "times" VALUES ( 18594, 15540, '22:18:00', '22:18:00', 50 );
INSERT INTO "times" VALUES ( 18594, 15550, '22:20:00', '22:20:00', 50 );
INSERT INTO "times" VALUES ( 18594, 15560, '22:21:00', '22:21:00', 50 );
INSERT INTO "times" VALUES ( 18594, 15570, '22:24:00', '22:24:00', 50 );

INSERT INTO "dias" VALUES ( 18595, 100, FALSE, TRUE, 'V2203U', 12780, 15510 );
INSERT INTO "dias_line_groups" VALUES ( 18595, 30 );
INSERT INTO "times" VALUES ( 18595, 12780, NULL, '22:14:00', 50 );
INSERT INTO "times" VALUES ( 18595, 15510, '22:28:00', NULL, NULL );
INSERT INTO "times" VALUES ( 18595, 15520, '22:27:00', '22:27:00', 50 );
INSERT INTO "times" VALUES ( 18595, 15530, '22:24:00', '22:24:00', 50 );
INSERT INTO "times" VALUES ( 18595, 15540, '22:22:00', '22:22:00', 50 );
INSERT INTO "times" VALUES ( 18595, 15550, '22:20:00', '22:20:00', 50 );
INSERT INTO "times" VALUES ( 18595, 15560, '22:18:00', '22:18:00', 50 );
INSERT INTO "times" VALUES ( 18595, 15570, '22:16:00', '22:16:00', 50 );

INSERT INTO "dias" VALUES ( 18596, 100, FALSE, TRUE, 'V2204C', 15510, 12780 );
INSERT INTO "dias_line_groups" VALUES ( 18596, 30 );
INSERT INTO "times" VALUES ( 18596, 12780, '22:36:00', NULL, NULL );
INSERT INTO "times" VALUES ( 18596, 15510, NULL, '22:22:00', 50 );
INSERT INTO "times" VALUES ( 18596, 15520, '22:23:00', '22:23:00', 50 );
INSERT INTO "times" VALUES ( 18596, 15530, '22:25:00', '22:25:00', 50 );
INSERT INTO "times" VALUES ( 18596, 15540, '22:28:00', '22:28:00', 50 );
INSERT INTO "times" VALUES ( 18596, 15550, '22:30:00', '22:30:00', 50 );
INSERT INTO "times" VALUES ( 18596, 15560, '22:31:00', '22:31:00', 50 );
INSERT INTO "times" VALUES ( 18596, 15570, '22:34:00', '22:34:00', 50 );

INSERT INTO "dias" VALUES ( 18597, 100, FALSE, TRUE, 'V2205U', 12780, 15510 );
INSERT INTO "dias_line_groups" VALUES ( 18597, 30 );
INSERT INTO "times" VALUES ( 18597, 12780, NULL, '22:24:00', 50 );
INSERT INTO "times" VALUES ( 18597, 15510, '22:38:00', NULL, NULL );
INSERT INTO "times" VALUES ( 18597, 15520, '22:37:00', '22:37:00', 50 );
INSERT INTO "times" VALUES ( 18597, 15530, '22:34:00', '22:34:00', 50 );
INSERT INTO "times" VALUES ( 18597, 15540, '22:32:00', '22:32:00', 50 );
INSERT INTO "times" VALUES ( 18597, 15550, '22:30:00', '22:30:00', 50 );
INSERT INTO "times" VALUES ( 18597, 15560, '22:28:00', '22:28:00', 50 );
INSERT INTO "times" VALUES ( 18597, 15570, '22:26:00', '22:26:00', 50 );

INSERT INTO "dias" VALUES ( 18598, 100, FALSE, TRUE, 'V2206C', 15510, 12780 );
INSERT INTO "dias_line_groups" VALUES ( 18598, 30 );
INSERT INTO "times" VALUES ( 18598, 12780, '22:47:00', NULL, NULL );
INSERT INTO "times" VALUES ( 18598, 15510, NULL, '22:32:00', 50 );
INSERT INTO "times" VALUES ( 18598, 15520, '22:33:00', '22:33:00', 50 );
INSERT INTO "times" VALUES ( 18598, 15530, '22:36:00', '22:36:00', 50 );
INSERT INTO "times" VALUES ( 18598, 15540, '22:39:00', '22:39:00', 50 );
INSERT INTO "times" VALUES ( 18598, 15550, '22:40:00', '22:40:00', 50 );
INSERT INTO "times" VALUES ( 18598, 15560, '22:42:00', '22:42:00', 50 );
INSERT INTO "times" VALUES ( 18598, 15570, '22:45:00', '22:45:00', 50 );

INSERT INTO "dias" VALUES ( 18599, 100, FALSE, TRUE, 'V2207U', 12780, 15510 );
INSERT INTO "dias_line_groups" VALUES ( 18599, 30 );
INSERT INTO "times" VALUES ( 18599, 12780, NULL, '22:34:00', 50 );
INSERT INTO "times" VALUES ( 18599, 15510, '22:48:00', NULL, NULL );
INSERT INTO "times" VALUES ( 18599, 15520, '22:47:00', '22:47:00', 50 );
INSERT INTO "times" VALUES ( 18599, 15530, '22:44:00', '22:44:00', 50 );
INSERT INTO "times" VALUES ( 18599, 15540, '22:42:00', '22:42:00', 50 );
INSERT INTO "times" VALUES ( 18599, 15550, '22:40:00', '22:40:00', 50 );
INSERT INTO "times" VALUES ( 18599, 15560, '22:38:00', '22:38:00', 50 );
INSERT INTO "times" VALUES ( 18599, 15570, '22:36:00', '22:36:00', 50 );

INSERT INTO "dias" VALUES ( 18600, 100, FALSE, TRUE, 'V2208C', 15510, 12780 );
INSERT INTO "dias_line_groups" VALUES ( 18600, 30 );
INSERT INTO "times" VALUES ( 18600, 12780, '22:56:00', NULL, NULL );
INSERT INTO "times" VALUES ( 18600, 15510, NULL, '22:42:00', 50 );
INSERT INTO "times" VALUES ( 18600, 15520, '22:43:00', '22:43:00', 50 );
INSERT INTO "times" VALUES ( 18600, 15530, '22:45:00', '22:45:00', 50 );
INSERT INTO "times" VALUES ( 18600, 15540, '22:48:00', '22:48:00', 50 );
INSERT INTO "times" VALUES ( 18600, 15550, '22:50:00', '22:50:00', 50 );
INSERT INTO "times" VALUES ( 18600, 15560, '22:51:00', '22:51:00', 50 );
INSERT INTO "times" VALUES ( 18600, 15570, '22:54:00', '22:54:00', 50 );

INSERT INTO "dias" VALUES ( 18601, 100, FALSE, TRUE, 'V2209U', 12780, 15510 );
INSERT INTO "dias_line_groups" VALUES ( 18601, 30 );
INSERT INTO "times" VALUES ( 18601, 12780, NULL, '22:45:00', 50 );
INSERT INTO "times" VALUES ( 18601, 15510, '22:59:00', NULL, NULL );
INSERT INTO "times" VALUES ( 18601, 15520, '22:58:00', '22:58:00', 50 );
INSERT INTO "times" VALUES ( 18601, 15530, '22:55:00', '22:55:00', 50 );
INSERT INTO "times" VALUES ( 18601, 15540, '22:53:00', '22:53:00', 50 );
INSERT INTO "times" VALUES ( 18601, 15550, '22:51:00', '22:51:00', 50 );
INSERT INTO "times" VALUES ( 18601, 15560, '22:49:00', '22:49:00', 50 );
INSERT INTO "times" VALUES ( 18601, 15570, '22:47:00', '22:47:00', 50 );

INSERT INTO "dias" VALUES ( 18602, 100, FALSE, TRUE, 'V2210C', 15510, 12780 );
INSERT INTO "dias_line_groups" VALUES ( 18602, 30 );
INSERT INTO "times" VALUES ( 18602, 12780, '23:06:00', NULL, NULL );
INSERT INTO "times" VALUES ( 18602, 15510, NULL, '22:52:00', 50 );
INSERT INTO "times" VALUES ( 18602, 15520, '22:53:00', '22:53:00', 50 );
INSERT INTO "times" VALUES ( 18602, 15530, '22:55:00', '22:55:00', 50 );
INSERT INTO "times" VALUES ( 18602, 15540, '22:58:00', '22:58:00', 50 );
INSERT INTO "times" VALUES ( 18602, 15550, '23:00:00', '23:00:00', 50 );
INSERT INTO "times" VALUES ( 18602, 15560, '23:01:00', '23:01:00', 50 );
INSERT INTO "times" VALUES ( 18602, 15570, '23:04:00', '23:04:00', 50 );

INSERT INTO "dias" VALUES ( 18603, 100, FALSE, TRUE, 'V2300C', 15510, 12780 );
INSERT INTO "dias_line_groups" VALUES ( 18603, 30 );
INSERT INTO "times" VALUES ( 18603, 12780, '23:16:00', NULL, NULL );
INSERT INTO "times" VALUES ( 18603, 15510, NULL, '23:02:00', 50 );
INSERT INTO "times" VALUES ( 18603, 15520, '23:03:00', '23:03:00', 50 );
INSERT INTO "times" VALUES ( 18603, 15530, '23:06:00', '23:06:00', 50 );
INSERT INTO "times" VALUES ( 18603, 15540, '23:08:00', '23:08:00', 50 );
INSERT INTO "times" VALUES ( 18603, 15550, '23:10:00', '23:10:00', 50 );
INSERT INTO "times" VALUES ( 18603, 15560, '23:12:00', '23:12:00', 50 );
INSERT INTO "times" VALUES ( 18603, 15570, '23:14:00', '23:14:00', 50 );

INSERT INTO "dias" VALUES ( 18604, 100, FALSE, TRUE, 'V2301U', 12780, 15510 );
INSERT INTO "dias_line_groups" VALUES ( 18604, 30 );
INSERT INTO "times" VALUES ( 18604, 12780, NULL, '23:02:00', 50 );
INSERT INTO "times" VALUES ( 18604, 15510, '23:16:00', NULL, NULL );
INSERT INTO "times" VALUES ( 18604, 15520, '23:15:00', '23:15:00', 50 );
INSERT INTO "times" VALUES ( 18604, 15530, '23:12:00', '23:12:00', 50 );
INSERT INTO "times" VALUES ( 18604, 15540, '23:10:00', '23:10:00', 50 );
INSERT INTO "times" VALUES ( 18604, 15550, '23:08:00', '23:08:00', 50 );
INSERT INTO "times" VALUES ( 18604, 15560, '23:06:00', '23:06:00', 50 );
INSERT INTO "times" VALUES ( 18604, 15570, '23:04:00', '23:04:00', 50 );

INSERT INTO "dias" VALUES ( 18605, 100, FALSE, TRUE, 'V2302C', 15510, 12780 );
INSERT INTO "dias_line_groups" VALUES ( 18605, 30 );
INSERT INTO "times" VALUES ( 18605, 12780, '23:35:00', NULL, NULL );
INSERT INTO "times" VALUES ( 18605, 15510, NULL, '23:20:00', 50 );
INSERT INTO "times" VALUES ( 18605, 15520, '23:21:00', '23:21:00', 50 );
INSERT INTO "times" VALUES ( 18605, 15530, '23:24:00', '23:24:00', 50 );
INSERT INTO "times" VALUES ( 18605, 15540, '23:26:00', '23:26:00', 50 );
INSERT INTO "times" VALUES ( 18605, 15550, '23:28:00', '23:28:00', 50 );
INSERT INTO "times" VALUES ( 18605, 15560, '23:30:00', '23:30:00', 50 );
INSERT INTO "times" VALUES ( 18605, 15570, '23:32:00', '23:32:00', 50 );

INSERT INTO "dias" VALUES ( 18606, 100, FALSE, TRUE, 'V2303U', 12780, 15510 );
INSERT INTO "dias_line_groups" VALUES ( 18606, 30 );
INSERT INTO "times" VALUES ( 18606, 12780, NULL, '23:13:00', 50 );
INSERT INTO "times" VALUES ( 18606, 15510, '23:28:00', NULL, NULL );
INSERT INTO "times" VALUES ( 18606, 15520, '23:26:00', '23:26:00', 50 );
INSERT INTO "times" VALUES ( 18606, 15530, '23:24:00', '23:24:00', 50 );
INSERT INTO "times" VALUES ( 18606, 15540, '23:21:00', '23:21:00', 50 );
INSERT INTO "times" VALUES ( 18606, 15550, '23:19:00', '23:19:00', 50 );
INSERT INTO "times" VALUES ( 18606, 15560, '23:18:00', '23:18:00', 50 );
INSERT INTO "times" VALUES ( 18606, 15570, '23:15:00', '23:15:00', 50 );

INSERT INTO "dias" VALUES ( 18607, 100, FALSE, TRUE, 'V2304C', 15510, 12780 );
INSERT INTO "dias_line_groups" VALUES ( 18607, 30 );
INSERT INTO "times" VALUES ( 18607, 12780, '23:54:00', NULL, NULL );
INSERT INTO "times" VALUES ( 18607, 15510, NULL, '23:39:00', 50 );
INSERT INTO "times" VALUES ( 18607, 15520, '23:40:00', '23:40:00', 50 );
INSERT INTO "times" VALUES ( 18607, 15530, '23:43:00', '23:43:00', 50 );
INSERT INTO "times" VALUES ( 18607, 15540, '23:45:00', '23:45:00', 50 );
INSERT INTO "times" VALUES ( 18607, 15550, '23:47:00', '23:47:00', 50 );
INSERT INTO "times" VALUES ( 18607, 15560, '23:49:00', '23:49:00', 50 );
INSERT INTO "times" VALUES ( 18607, 15570, '23:51:00', '23:51:00', 50 );

INSERT INTO "dias" VALUES ( 18608, 100, FALSE, TRUE, 'V2305U', 12780, 15510 );
INSERT INTO "dias_line_groups" VALUES ( 18608, 30 );
INSERT INTO "times" VALUES ( 18608, 12780, NULL, '23:28:00', 50 );
INSERT INTO "times" VALUES ( 18608, 15510, '23:43:00', NULL, NULL );
INSERT INTO "times" VALUES ( 18608, 15520, '23:41:00', '23:41:00', 50 );
INSERT INTO "times" VALUES ( 18608, 15530, '23:39:00', '23:39:00', 50 );
INSERT INTO "times" VALUES ( 18608, 15540, '23:36:00', '23:36:00', 50 );
INSERT INTO "times" VALUES ( 18608, 15550, '23:34:00', '23:34:00', 50 );
INSERT INTO "times" VALUES ( 18608, 15560, '23:33:00', '23:33:00', 50 );
INSERT INTO "times" VALUES ( 18608, 15570, '23:30:00', '23:30:00', 50 );

INSERT INTO "dias" VALUES ( 18609, 100, FALSE, TRUE, 'V2306C', 15510, 12780 );
INSERT INTO "dias_line_groups" VALUES ( 18609, 30 );
INSERT INTO "times" VALUES ( 18609, 12780, '00:04:00', NULL, NULL );
INSERT INTO "times" VALUES ( 18609, 15510, NULL, '23:50:00', 50 );
INSERT INTO "times" VALUES ( 18609, 15520, '23:51:00', '23:51:00', 50 );
INSERT INTO "times" VALUES ( 18609, 15530, '23:53:00', '23:53:00', 50 );
INSERT INTO "times" VALUES ( 18609, 15540, '23:56:00', '23:56:00', 50 );
INSERT INTO "times" VALUES ( 18609, 15550, '23:58:00', '23:58:00', 50 );
INSERT INTO "times" VALUES ( 18609, 15560, '23:59:00', '23:59:00', 50 );
INSERT INTO "times" VALUES ( 18609, 15570, '00:02:00', '00:02:00', 50 );

INSERT INTO "dias" VALUES ( 18610, 100, FALSE, TRUE, 'V2307U', 12780, 15510 );
INSERT INTO "dias_line_groups" VALUES ( 18610, 30 );
INSERT INTO "times" VALUES ( 18610, 12780, NULL, '23:45:00', 50 );
INSERT INTO "times" VALUES ( 18610, 15510, '00:00:00', NULL, NULL );
INSERT INTO "times" VALUES ( 18610, 15520, '23:58:00', '23:58:00', 50 );
INSERT INTO "times" VALUES ( 18610, 15530, '23:56:00', '23:56:00', 50 );
INSERT INTO "times" VALUES ( 18610, 15540, '23:53:00', '23:53:00', 50 );
INSERT INTO "times" VALUES ( 18610, 15550, '23:51:00', '23:51:00', 50 );
INSERT INTO "times" VALUES ( 18610, 15560, '23:50:00', '23:50:00', 50 );
INSERT INTO "times" VALUES ( 18610, 15570, '23:47:00', '23:47:00', 50 );

INSERT INTO "dias" VALUES ( 18611, 100, FALSE, TRUE, 'V2400C', 15510, 12780 );
INSERT INTO "dias_line_groups" VALUES ( 18611, 30 );
INSERT INTO "times" VALUES ( 18611, 12780, '00:22:00', NULL, NULL );
INSERT INTO "times" VALUES ( 18611, 15510, NULL, '00:07:00', 50 );
INSERT INTO "times" VALUES ( 18611, 15520, '00:08:00', '00:08:00', 50 );
INSERT INTO "times" VALUES ( 18611, 15530, '00:11:00', '00:11:00', 50 );
INSERT INTO "times" VALUES ( 18611, 15540, '00:13:00', '00:13:00', 50 );
INSERT INTO "times" VALUES ( 18611, 15550, '00:15:00', '00:15:00', 50 );
INSERT INTO "times" VALUES ( 18611, 15560, '00:17:00', '00:17:00', 50 );
INSERT INTO "times" VALUES ( 18611, 15570, '00:19:00', '00:19:00', 50 );

INSERT INTO "dias" VALUES ( 18612, 100, FALSE, TRUE, 'V2401U', 12780, 15510 );
INSERT INTO "dias_line_groups" VALUES ( 18612, 30 );
INSERT INTO "times" VALUES ( 18612, 12780, NULL, '00:01:00', 50 );
INSERT INTO "times" VALUES ( 18612, 15510, '00:16:00', NULL, NULL );
INSERT INTO "times" VALUES ( 18612, 15520, '00:15:00', '00:15:00', 50 );
INSERT INTO "times" VALUES ( 18612, 15530, '00:12:00', '00:12:00', 50 );
INSERT INTO "times" VALUES ( 18612, 15540, '00:09:00', '00:09:00', 50 );
INSERT INTO "times" VALUES ( 18612, 15550, '00:08:00', '00:08:00', 50 );
INSERT INTO "times" VALUES ( 18612, 15560, '00:06:00', '00:06:00', 50 );
INSERT INTO "times" VALUES ( 18612, 15570, '00:03:00', '00:03:00', 50 );

INSERT INTO "dias" VALUES ( 18613, 100, FALSE, TRUE, 'V2402C', 15510, 12780 );
INSERT INTO "dias_line_groups" VALUES ( 18613, 30 );
INSERT INTO "times" VALUES ( 18613, 12780, '00:34:00', NULL, NULL );
INSERT INTO "times" VALUES ( 18613, 15510, NULL, '00:20:00', 50 );
INSERT INTO "times" VALUES ( 18613, 15520, '00:21:00', '00:21:00', 50 );
INSERT INTO "times" VALUES ( 18613, 15530, '00:23:00', '00:23:00', 50 );
INSERT INTO "times" VALUES ( 18613, 15540, '00:26:00', '00:26:00', 50 );
INSERT INTO "times" VALUES ( 18613, 15550, '00:27:00', '00:27:00', 50 );
INSERT INTO "times" VALUES ( 18613, 15560, '00:29:00', '00:29:00', 50 );
INSERT INTO "times" VALUES ( 18613, 15570, '00:32:00', '00:32:00', 50 );

INSERT INTO "dias" VALUES ( 18614, 100, FALSE, TRUE, 'V2403U', 12780, 15510 );
INSERT INTO "dias_line_groups" VALUES ( 18614, 30 );
INSERT INTO "times" VALUES ( 18614, 12780, NULL, '00:19:00', 50 );
INSERT INTO "times" VALUES ( 18614, 15510, '00:33:00', NULL, NULL );
INSERT INTO "times" VALUES ( 18614, 15520, '00:31:00', '00:31:00', 50 );
INSERT INTO "times" VALUES ( 18614, 15530, '00:29:00', '00:29:00', 50 );
INSERT INTO "times" VALUES ( 18614, 15540, '00:26:00', '00:26:00', 50 );
INSERT INTO "times" VALUES ( 18614, 15550, '00:25:00', '00:25:00', 50 );
INSERT INTO "times" VALUES ( 18614, 15560, '00:23:00', '00:23:00', 50 );
INSERT INTO "times" VALUES ( 18614, 15570, '00:20:00', '00:20:00', 50 );

INSERT INTO "dias" VALUES ( 18615, 100, FALSE, TRUE, 'V2404C', 15510, 12780 );
INSERT INTO "dias_line_groups" VALUES ( 18615, 30 );
INSERT INTO "times" VALUES ( 18615, 12780, '00:49:00', NULL, NULL );
INSERT INTO "times" VALUES ( 18615, 15510, NULL, '00:36:00', 50 );
INSERT INTO "times" VALUES ( 18615, 15520, '00:37:00', '00:37:00', 50 );
INSERT INTO "times" VALUES ( 18615, 15530, '00:39:00', '00:39:00', 50 );
INSERT INTO "times" VALUES ( 18615, 15540, '00:42:00', '00:42:00', 50 );
INSERT INTO "times" VALUES ( 18615, 15550, '00:43:00', '00:43:00', 50 );
INSERT INTO "times" VALUES ( 18615, 15560, '00:45:00', '00:45:00', 50 );
INSERT INTO "times" VALUES ( 18615, 15570, '00:47:00', '00:47:00', 50 );

INSERT INTO "dias" VALUES ( 18616, 100, TRUE, TRUE, '700', 12760, 16510 );
INSERT INTO "dias_line_groups" VALUES ( 18616, 40 );
INSERT INTO "times" VALUES ( 18616, 12760, NULL, '07:40:00', 90 );
INSERT INTO "times" VALUES ( 18616, 16510, '07:42:00', NULL, NULL );

INSERT INTO "dias" VALUES ( 18617, 100, TRUE, TRUE, '701', 16510, 12760 );
INSERT INTO "dias_line_groups" VALUES ( 18617, 40 );
INSERT INTO "times" VALUES ( 18617, 12760, '07:42:00', NULL, NULL );
INSERT INTO "times" VALUES ( 18617, 16510, NULL, '07:40:00', 90 );

INSERT INTO "dias" VALUES ( 18618, 100, TRUE, TRUE, '800', 12760, 16510 );
INSERT INTO "dias_line_groups" VALUES ( 18618, 40 );
INSERT INTO "times" VALUES ( 18618, 12760, NULL, '08:00:00', 90 );
INSERT INTO "times" VALUES ( 18618, 16510, '08:02:00', NULL, NULL );

INSERT INTO "dias" VALUES ( 18619, 100, TRUE, TRUE, '801', 16510, 12760 );
INSERT INTO "dias_line_groups" VALUES ( 18619, 40 );
INSERT INTO "times" VALUES ( 18619, 12760, '08:02:00', NULL, NULL );
INSERT INTO "times" VALUES ( 18619, 16510, NULL, '08:00:00', 90 );

INSERT INTO "dias" VALUES ( 18620, 100, TRUE, TRUE, '802', 12760, 16510 );
INSERT INTO "dias_line_groups" VALUES ( 18620, 40 );
INSERT INTO "times" VALUES ( 18620, 12760, NULL, '08:20:00', 90 );
INSERT INTO "times" VALUES ( 18620, 16510, '08:22:00', NULL, NULL );

INSERT INTO "dias" VALUES ( 18621, 100, TRUE, TRUE, '803', 16510, 12760 );
INSERT INTO "dias_line_groups" VALUES ( 18621, 40 );
INSERT INTO "times" VALUES ( 18621, 12760, '08:22:00', NULL, NULL );
INSERT INTO "times" VALUES ( 18621, 16510, NULL, '08:20:00', 90 );

INSERT INTO "dias" VALUES ( 18622, 100, TRUE, TRUE, '804', 12760, 16510 );
INSERT INTO "dias_line_groups" VALUES ( 18622, 40 );
INSERT INTO "times" VALUES ( 18622, 12760, NULL, '08:40:00', 90 );
INSERT INTO "times" VALUES ( 18622, 16510, '08:42:00', NULL, NULL );

INSERT INTO "dias" VALUES ( 18623, 100, TRUE, TRUE, '805', 16510, 12760 );
INSERT INTO "dias_line_groups" VALUES ( 18623, 40 );
INSERT INTO "times" VALUES ( 18623, 12760, '08:42:00', NULL, NULL );
INSERT INTO "times" VALUES ( 18623, 16510, NULL, '08:40:00', 90 );

INSERT INTO "dias" VALUES ( 18624, 100, TRUE, TRUE, '900', 12760, 16510 );
INSERT INTO "dias_line_groups" VALUES ( 18624, 40 );
INSERT INTO "times" VALUES ( 18624, 12760, NULL, '09:00:00', 90 );
INSERT INTO "times" VALUES ( 18624, 16510, '09:02:00', NULL, NULL );

INSERT INTO "dias" VALUES ( 18625, 100, TRUE, TRUE, '901', 16510, 12760 );
INSERT INTO "dias_line_groups" VALUES ( 18625, 40 );
INSERT INTO "times" VALUES ( 18625, 12760, '09:02:00', NULL, NULL );
INSERT INTO "times" VALUES ( 18625, 16510, NULL, '09:00:00', 90 );

INSERT INTO "dias" VALUES ( 18626, 100, TRUE, TRUE, '902', 12760, 16510 );
INSERT INTO "dias_line_groups" VALUES ( 18626, 40 );
INSERT INTO "times" VALUES ( 18626, 12760, NULL, '09:15:00', 90 );
INSERT INTO "times" VALUES ( 18626, 16510, '09:17:00', NULL, NULL );

INSERT INTO "dias" VALUES ( 18627, 100, TRUE, TRUE, '903', 16510, 12760 );
INSERT INTO "dias_line_groups" VALUES ( 18627, 40 );
INSERT INTO "times" VALUES ( 18627, 12760, '09:17:00', NULL, NULL );
INSERT INTO "times" VALUES ( 18627, 16510, NULL, '09:15:00', 90 );

INSERT INTO "dias" VALUES ( 18628, 100, TRUE, TRUE, '904', 12760, 16510 );
INSERT INTO "dias_line_groups" VALUES ( 18628, 40 );
INSERT INTO "times" VALUES ( 18628, 12760, NULL, '09:30:00', 90 );
INSERT INTO "times" VALUES ( 18628, 16510, '09:32:00', NULL, NULL );

INSERT INTO "dias" VALUES ( 18629, 100, TRUE, TRUE, '905', 16510, 12760 );
INSERT INTO "dias_line_groups" VALUES ( 18629, 40 );
INSERT INTO "times" VALUES ( 18629, 12760, '09:32:00', NULL, NULL );
INSERT INTO "times" VALUES ( 18629, 16510, NULL, '09:30:00', 90 );

INSERT INTO "dias" VALUES ( 18630, 100, TRUE, TRUE, '906', 12760, 16510 );
INSERT INTO "dias_line_groups" VALUES ( 18630, 40 );
INSERT INTO "times" VALUES ( 18630, 12760, NULL, '09:45:00', 90 );
INSERT INTO "times" VALUES ( 18630, 16510, '09:47:00', NULL, NULL );

INSERT INTO "dias" VALUES ( 18631, 100, TRUE, TRUE, '907', 16510, 12760 );
INSERT INTO "dias_line_groups" VALUES ( 18631, 40 );
INSERT INTO "times" VALUES ( 18631, 12760, '09:47:00', NULL, NULL );
INSERT INTO "times" VALUES ( 18631, 16510, NULL, '09:45:00', 90 );

INSERT INTO "dias" VALUES ( 18632, 100, TRUE, TRUE, '1000', 12760, 16510 );
INSERT INTO "dias_line_groups" VALUES ( 18632, 40 );
INSERT INTO "times" VALUES ( 18632, 12760, NULL, '10:00:00', 90 );
INSERT INTO "times" VALUES ( 18632, 16510, '10:02:00', NULL, NULL );

INSERT INTO "dias" VALUES ( 18633, 100, TRUE, TRUE, '1001', 16510, 12760 );
INSERT INTO "dias_line_groups" VALUES ( 18633, 40 );
INSERT INTO "times" VALUES ( 18633, 12760, '10:02:00', NULL, NULL );
INSERT INTO "times" VALUES ( 18633, 16510, NULL, '10:00:00', 90 );

INSERT INTO "dias" VALUES ( 18634, 100, TRUE, TRUE, '1002', 12760, 16510 );
INSERT INTO "dias_line_groups" VALUES ( 18634, 40 );
INSERT INTO "times" VALUES ( 18634, 12760, NULL, '10:15:00', 90 );
INSERT INTO "times" VALUES ( 18634, 16510, '10:17:00', NULL, NULL );

INSERT INTO "dias" VALUES ( 18635, 100, TRUE, TRUE, '1003', 16510, 12760 );
INSERT INTO "dias_line_groups" VALUES ( 18635, 40 );
INSERT INTO "times" VALUES ( 18635, 12760, '10:17:00', NULL, NULL );
INSERT INTO "times" VALUES ( 18635, 16510, NULL, '10:15:00', 90 );

INSERT INTO "dias" VALUES ( 18636, 100, TRUE, TRUE, '1004', 12760, 16510 );
INSERT INTO "dias_line_groups" VALUES ( 18636, 40 );
INSERT INTO "times" VALUES ( 18636, 12760, NULL, '10:30:00', 90 );
INSERT INTO "times" VALUES ( 18636, 16510, '10:32:00', NULL, NULL );

INSERT INTO "dias" VALUES ( 18637, 100, TRUE, TRUE, '1005', 16510, 12760 );
INSERT INTO "dias_line_groups" VALUES ( 18637, 40 );
INSERT INTO "times" VALUES ( 18637, 12760, '10:32:00', NULL, NULL );
INSERT INTO "times" VALUES ( 18637, 16510, NULL, '10:30:00', 90 );

INSERT INTO "dias" VALUES ( 18638, 100, TRUE, TRUE, '1006', 12760, 16510 );
INSERT INTO "dias_line_groups" VALUES ( 18638, 40 );
INSERT INTO "times" VALUES ( 18638, 12760, NULL, '10:45:00', 90 );
INSERT INTO "times" VALUES ( 18638, 16510, '10:47:00', NULL, NULL );

INSERT INTO "dias" VALUES ( 18639, 100, TRUE, TRUE, '1007', 16510, 12760 );
INSERT INTO "dias_line_groups" VALUES ( 18639, 40 );
INSERT INTO "times" VALUES ( 18639, 12760, '10:47:00', NULL, NULL );
INSERT INTO "times" VALUES ( 18639, 16510, NULL, '10:45:00', 90 );

INSERT INTO "dias" VALUES ( 18640, 100, TRUE, TRUE, '1100', 12760, 16510 );
INSERT INTO "dias_line_groups" VALUES ( 18640, 40 );
INSERT INTO "times" VALUES ( 18640, 12760, NULL, '11:00:00', 90 );
INSERT INTO "times" VALUES ( 18640, 16510, '11:02:00', NULL, NULL );

INSERT INTO "dias" VALUES ( 18641, 100, TRUE, TRUE, '1101', 16510, 12760 );
INSERT INTO "dias_line_groups" VALUES ( 18641, 40 );
INSERT INTO "times" VALUES ( 18641, 12760, '11:02:00', NULL, NULL );
INSERT INTO "times" VALUES ( 18641, 16510, NULL, '11:00:00', 90 );

INSERT INTO "dias" VALUES ( 18642, 100, TRUE, TRUE, '1102', 12760, 16510 );
INSERT INTO "dias_line_groups" VALUES ( 18642, 40 );
INSERT INTO "times" VALUES ( 18642, 12760, NULL, '11:15:00', 90 );
INSERT INTO "times" VALUES ( 18642, 16510, '11:17:00', NULL, NULL );

INSERT INTO "dias" VALUES ( 18643, 100, TRUE, TRUE, '1103', 16510, 12760 );
INSERT INTO "dias_line_groups" VALUES ( 18643, 40 );
INSERT INTO "times" VALUES ( 18643, 12760, '11:17:00', NULL, NULL );
INSERT INTO "times" VALUES ( 18643, 16510, NULL, '11:15:00', 90 );

INSERT INTO "dias" VALUES ( 18644, 100, TRUE, TRUE, '1104', 12760, 16510 );
INSERT INTO "dias_line_groups" VALUES ( 18644, 40 );
INSERT INTO "times" VALUES ( 18644, 12760, NULL, '11:30:00', 90 );
INSERT INTO "times" VALUES ( 18644, 16510, '11:32:00', NULL, NULL );

INSERT INTO "dias" VALUES ( 18645, 100, TRUE, TRUE, '1105', 16510, 12760 );
INSERT INTO "dias_line_groups" VALUES ( 18645, 40 );
INSERT INTO "times" VALUES ( 18645, 12760, '11:32:00', NULL, NULL );
INSERT INTO "times" VALUES ( 18645, 16510, NULL, '11:30:00', 90 );

INSERT INTO "dias" VALUES ( 18646, 100, TRUE, TRUE, '1106', 12760, 16510 );
INSERT INTO "dias_line_groups" VALUES ( 18646, 40 );
INSERT INTO "times" VALUES ( 18646, 12760, NULL, '11:45:00', 90 );
INSERT INTO "times" VALUES ( 18646, 16510, '11:47:00', NULL, NULL );

INSERT INTO "dias" VALUES ( 18647, 100, TRUE, TRUE, '1107', 16510, 12760 );
INSERT INTO "dias_line_groups" VALUES ( 18647, 40 );
INSERT INTO "times" VALUES ( 18647, 12760, '11:47:00', NULL, NULL );
INSERT INTO "times" VALUES ( 18647, 16510, NULL, '11:45:00', 90 );

INSERT INTO "dias" VALUES ( 18648, 100, TRUE, TRUE, '1200', 12760, 16510 );
INSERT INTO "dias_line_groups" VALUES ( 18648, 40 );
INSERT INTO "times" VALUES ( 18648, 12760, NULL, '12:00:00', 90 );
INSERT INTO "times" VALUES ( 18648, 16510, '12:02:00', NULL, NULL );

INSERT INTO "dias" VALUES ( 18649, 100, TRUE, TRUE, '1201', 16510, 12760 );
INSERT INTO "dias_line_groups" VALUES ( 18649, 40 );
INSERT INTO "times" VALUES ( 18649, 12760, '12:02:00', NULL, NULL );
INSERT INTO "times" VALUES ( 18649, 16510, NULL, '12:00:00', 90 );

INSERT INTO "dias" VALUES ( 18650, 100, TRUE, TRUE, '1202', 12760, 16510 );
INSERT INTO "dias_line_groups" VALUES ( 18650, 40 );
INSERT INTO "times" VALUES ( 18650, 12760, NULL, '12:15:00', 90 );
INSERT INTO "times" VALUES ( 18650, 16510, '12:17:00', NULL, NULL );

INSERT INTO "dias" VALUES ( 18651, 100, TRUE, TRUE, '1203', 16510, 12760 );
INSERT INTO "dias_line_groups" VALUES ( 18651, 40 );
INSERT INTO "times" VALUES ( 18651, 12760, '12:17:00', NULL, NULL );
INSERT INTO "times" VALUES ( 18651, 16510, NULL, '12:15:00', 90 );

INSERT INTO "dias" VALUES ( 18652, 100, TRUE, TRUE, '1204', 12760, 16510 );
INSERT INTO "dias_line_groups" VALUES ( 18652, 40 );
INSERT INTO "times" VALUES ( 18652, 12760, NULL, '12:30:00', 90 );
INSERT INTO "times" VALUES ( 18652, 16510, '12:32:00', NULL, NULL );

INSERT INTO "dias" VALUES ( 18653, 100, TRUE, TRUE, '1205', 16510, 12760 );
INSERT INTO "dias_line_groups" VALUES ( 18653, 40 );
INSERT INTO "times" VALUES ( 18653, 12760, '12:32:00', NULL, NULL );
INSERT INTO "times" VALUES ( 18653, 16510, NULL, '12:30:00', 90 );

INSERT INTO "dias" VALUES ( 18654, 100, TRUE, TRUE, '1206', 12760, 16510 );
INSERT INTO "dias_line_groups" VALUES ( 18654, 40 );
INSERT INTO "times" VALUES ( 18654, 12760, NULL, '12:45:00', 90 );
INSERT INTO "times" VALUES ( 18654, 16510, '12:47:00', NULL, NULL );

INSERT INTO "dias" VALUES ( 18655, 100, TRUE, TRUE, '1207', 16510, 12760 );
INSERT INTO "dias_line_groups" VALUES ( 18655, 40 );
INSERT INTO "times" VALUES ( 18655, 12760, '12:47:00', NULL, NULL );
INSERT INTO "times" VALUES ( 18655, 16510, NULL, '12:45:00', 90 );

INSERT INTO "dias" VALUES ( 18656, 100, TRUE, TRUE, '1300', 12760, 16510 );
INSERT INTO "dias_line_groups" VALUES ( 18656, 40 );
INSERT INTO "times" VALUES ( 18656, 12760, NULL, '13:00:00', 90 );
INSERT INTO "times" VALUES ( 18656, 16510, '13:02:00', NULL, NULL );

INSERT INTO "dias" VALUES ( 18657, 100, TRUE, TRUE, '1301', 16510, 12760 );
INSERT INTO "dias_line_groups" VALUES ( 18657, 40 );
INSERT INTO "times" VALUES ( 18657, 12760, '13:02:00', NULL, NULL );
INSERT INTO "times" VALUES ( 18657, 16510, NULL, '13:00:00', 90 );

INSERT INTO "dias" VALUES ( 18658, 100, TRUE, TRUE, '1302', 12760, 16510 );
INSERT INTO "dias_line_groups" VALUES ( 18658, 40 );
INSERT INTO "times" VALUES ( 18658, 12760, NULL, '13:15:00', 90 );
INSERT INTO "times" VALUES ( 18658, 16510, '13:17:00', NULL, NULL );

INSERT INTO "dias" VALUES ( 18659, 100, TRUE, TRUE, '1303', 16510, 12760 );
INSERT INTO "dias_line_groups" VALUES ( 18659, 40 );
INSERT INTO "times" VALUES ( 18659, 12760, '13:17:00', NULL, NULL );
INSERT INTO "times" VALUES ( 18659, 16510, NULL, '13:15:00', 90 );

INSERT INTO "dias" VALUES ( 18660, 100, TRUE, TRUE, '1304', 12760, 16510 );
INSERT INTO "dias_line_groups" VALUES ( 18660, 40 );
INSERT INTO "times" VALUES ( 18660, 12760, NULL, '13:30:00', 90 );
INSERT INTO "times" VALUES ( 18660, 16510, '13:32:00', NULL, NULL );

INSERT INTO "dias" VALUES ( 18661, 100, TRUE, TRUE, '1305', 16510, 12760 );
INSERT INTO "dias_line_groups" VALUES ( 18661, 40 );
INSERT INTO "times" VALUES ( 18661, 12760, '13:32:00', NULL, NULL );
INSERT INTO "times" VALUES ( 18661, 16510, NULL, '13:30:00', 90 );

INSERT INTO "dias" VALUES ( 18662, 100, TRUE, TRUE, '1306', 12760, 16510 );
INSERT INTO "dias_line_groups" VALUES ( 18662, 40 );
INSERT INTO "times" VALUES ( 18662, 12760, NULL, '13:45:00', 90 );
INSERT INTO "times" VALUES ( 18662, 16510, '13:47:00', NULL, NULL );

INSERT INTO "dias" VALUES ( 18663, 100, TRUE, TRUE, '1307', 16510, 12760 );
INSERT INTO "dias_line_groups" VALUES ( 18663, 40 );
INSERT INTO "times" VALUES ( 18663, 12760, '13:47:00', NULL, NULL );
INSERT INTO "times" VALUES ( 18663, 16510, NULL, '13:45:00', 90 );

INSERT INTO "dias" VALUES ( 18664, 100, TRUE, TRUE, '1400', 12760, 16510 );
INSERT INTO "dias_line_groups" VALUES ( 18664, 40 );
INSERT INTO "times" VALUES ( 18664, 12760, NULL, '14:00:00', 90 );
INSERT INTO "times" VALUES ( 18664, 16510, '14:02:00', NULL, NULL );

INSERT INTO "dias" VALUES ( 18665, 100, TRUE, TRUE, '1401', 16510, 12760 );
INSERT INTO "dias_line_groups" VALUES ( 18665, 40 );
INSERT INTO "times" VALUES ( 18665, 12760, '14:02:00', NULL, NULL );
INSERT INTO "times" VALUES ( 18665, 16510, NULL, '14:00:00', 90 );

INSERT INTO "dias" VALUES ( 18666, 100, TRUE, TRUE, '1402', 12760, 16510 );
INSERT INTO "dias_line_groups" VALUES ( 18666, 40 );
INSERT INTO "times" VALUES ( 18666, 12760, NULL, '14:15:00', 90 );
INSERT INTO "times" VALUES ( 18666, 16510, '14:17:00', NULL, NULL );

INSERT INTO "dias" VALUES ( 18667, 100, TRUE, TRUE, '1403', 16510, 12760 );
INSERT INTO "dias_line_groups" VALUES ( 18667, 40 );
INSERT INTO "times" VALUES ( 18667, 12760, '14:17:00', NULL, NULL );
INSERT INTO "times" VALUES ( 18667, 16510, NULL, '14:15:00', 90 );

INSERT INTO "dias" VALUES ( 18668, 100, TRUE, TRUE, '1404', 12760, 16510 );
INSERT INTO "dias_line_groups" VALUES ( 18668, 40 );
INSERT INTO "times" VALUES ( 18668, 12760, NULL, '14:30:00', 90 );
INSERT INTO "times" VALUES ( 18668, 16510, '14:32:00', NULL, NULL );

INSERT INTO "dias" VALUES ( 18669, 100, TRUE, TRUE, '1405', 16510, 12760 );
INSERT INTO "dias_line_groups" VALUES ( 18669, 40 );
INSERT INTO "times" VALUES ( 18669, 12760, '14:32:00', NULL, NULL );
INSERT INTO "times" VALUES ( 18669, 16510, NULL, '14:30:00', 90 );

INSERT INTO "dias" VALUES ( 18670, 100, TRUE, TRUE, '1406', 12760, 16510 );
INSERT INTO "dias_line_groups" VALUES ( 18670, 40 );
INSERT INTO "times" VALUES ( 18670, 12760, NULL, '14:45:00', 90 );
INSERT INTO "times" VALUES ( 18670, 16510, '14:47:00', NULL, NULL );

INSERT INTO "dias" VALUES ( 18671, 100, TRUE, TRUE, '1407', 16510, 12760 );
INSERT INTO "dias_line_groups" VALUES ( 18671, 40 );
INSERT INTO "times" VALUES ( 18671, 12760, '14:47:00', NULL, NULL );
INSERT INTO "times" VALUES ( 18671, 16510, NULL, '14:45:00', 90 );

INSERT INTO "dias" VALUES ( 18672, 100, TRUE, TRUE, '1500', 12760, 16510 );
INSERT INTO "dias_line_groups" VALUES ( 18672, 40 );
INSERT INTO "times" VALUES ( 18672, 12760, NULL, '15:00:00', 90 );
INSERT INTO "times" VALUES ( 18672, 16510, '15:02:00', NULL, NULL );

INSERT INTO "dias" VALUES ( 18673, 100, TRUE, TRUE, '1501', 16510, 12760 );
INSERT INTO "dias_line_groups" VALUES ( 18673, 40 );
INSERT INTO "times" VALUES ( 18673, 12760, '15:02:00', NULL, NULL );
INSERT INTO "times" VALUES ( 18673, 16510, NULL, '15:00:00', 90 );

INSERT INTO "dias" VALUES ( 18674, 100, TRUE, TRUE, '1502', 12760, 16510 );
INSERT INTO "dias_line_groups" VALUES ( 18674, 40 );
INSERT INTO "times" VALUES ( 18674, 12760, NULL, '15:15:00', 90 );
INSERT INTO "times" VALUES ( 18674, 16510, '15:17:00', NULL, NULL );

INSERT INTO "dias" VALUES ( 18675, 100, TRUE, TRUE, '1503', 16510, 12760 );
INSERT INTO "dias_line_groups" VALUES ( 18675, 40 );
INSERT INTO "times" VALUES ( 18675, 12760, '15:17:00', NULL, NULL );
INSERT INTO "times" VALUES ( 18675, 16510, NULL, '15:15:00', 90 );

INSERT INTO "dias" VALUES ( 18676, 100, TRUE, TRUE, '1504', 12760, 16510 );
INSERT INTO "dias_line_groups" VALUES ( 18676, 40 );
INSERT INTO "times" VALUES ( 18676, 12760, NULL, '15:30:00', 90 );
INSERT INTO "times" VALUES ( 18676, 16510, '15:32:00', NULL, NULL );

INSERT INTO "dias" VALUES ( 18677, 100, TRUE, TRUE, '1505', 16510, 12760 );
INSERT INTO "dias_line_groups" VALUES ( 18677, 40 );
INSERT INTO "times" VALUES ( 18677, 12760, '15:32:00', NULL, NULL );
INSERT INTO "times" VALUES ( 18677, 16510, NULL, '15:30:00', 90 );

INSERT INTO "dias" VALUES ( 18678, 100, TRUE, TRUE, '1506', 12760, 16510 );
INSERT INTO "dias_line_groups" VALUES ( 18678, 40 );
INSERT INTO "times" VALUES ( 18678, 12760, NULL, '15:45:00', 90 );
INSERT INTO "times" VALUES ( 18678, 16510, '15:47:00', NULL, NULL );

INSERT INTO "dias" VALUES ( 18679, 100, TRUE, TRUE, '1507', 16510, 12760 );
INSERT INTO "dias_line_groups" VALUES ( 18679, 40 );
INSERT INTO "times" VALUES ( 18679, 12760, '15:47:00', NULL, NULL );
INSERT INTO "times" VALUES ( 18679, 16510, NULL, '15:45:00', 90 );

INSERT INTO "dias" VALUES ( 18680, 100, TRUE, TRUE, '1600', 12760, 16510 );
INSERT INTO "dias_line_groups" VALUES ( 18680, 40 );
INSERT INTO "times" VALUES ( 18680, 12760, NULL, '16:00:00', 90 );
INSERT INTO "times" VALUES ( 18680, 16510, '16:02:00', NULL, NULL );

INSERT INTO "dias" VALUES ( 18681, 100, TRUE, TRUE, '1601', 16510, 12760 );
INSERT INTO "dias_line_groups" VALUES ( 18681, 40 );
INSERT INTO "times" VALUES ( 18681, 12760, '16:02:00', NULL, NULL );
INSERT INTO "times" VALUES ( 18681, 16510, NULL, '16:00:00', 90 );

INSERT INTO "dias" VALUES ( 18682, 100, TRUE, TRUE, '1602', 12760, 16510 );
INSERT INTO "dias_line_groups" VALUES ( 18682, 40 );
INSERT INTO "times" VALUES ( 18682, 12760, NULL, '16:15:00', 90 );
INSERT INTO "times" VALUES ( 18682, 16510, '16:17:00', NULL, NULL );

INSERT INTO "dias" VALUES ( 18683, 100, TRUE, TRUE, '1603', 16510, 12760 );
INSERT INTO "dias_line_groups" VALUES ( 18683, 40 );
INSERT INTO "times" VALUES ( 18683, 12760, '16:17:00', NULL, NULL );
INSERT INTO "times" VALUES ( 18683, 16510, NULL, '16:15:00', 90 );

INSERT INTO "dias" VALUES ( 18684, 100, TRUE, TRUE, '1604', 12760, 16510 );
INSERT INTO "dias_line_groups" VALUES ( 18684, 40 );
INSERT INTO "times" VALUES ( 18684, 12760, NULL, '16:30:00', 90 );
INSERT INTO "times" VALUES ( 18684, 16510, '16:32:00', NULL, NULL );

INSERT INTO "dias" VALUES ( 18685, 100, TRUE, TRUE, '1605', 16510, 12760 );
INSERT INTO "dias_line_groups" VALUES ( 18685, 40 );
INSERT INTO "times" VALUES ( 18685, 12760, '16:32:00', NULL, NULL );
INSERT INTO "times" VALUES ( 18685, 16510, NULL, '16:30:00', 90 );

INSERT INTO "dias" VALUES ( 18686, 100, TRUE, TRUE, '1606', 12760, 16510 );
INSERT INTO "dias_line_groups" VALUES ( 18686, 40 );
INSERT INTO "times" VALUES ( 18686, 12760, NULL, '16:45:00', 90 );
INSERT INTO "times" VALUES ( 18686, 16510, '16:47:00', NULL, NULL );

INSERT INTO "dias" VALUES ( 18687, 100, TRUE, TRUE, '1607', 16510, 12760 );
INSERT INTO "dias_line_groups" VALUES ( 18687, 40 );
INSERT INTO "times" VALUES ( 18687, 12760, '16:47:00', NULL, NULL );
INSERT INTO "times" VALUES ( 18687, 16510, NULL, '16:45:00', 90 );

INSERT INTO "dias" VALUES ( 18688, 100, TRUE, TRUE, '1700', 12760, 16510 );
INSERT INTO "dias_line_groups" VALUES ( 18688, 40 );
INSERT INTO "times" VALUES ( 18688, 12760, NULL, '17:00:00', 90 );
INSERT INTO "times" VALUES ( 18688, 16510, '17:02:00', NULL, NULL );

INSERT INTO "dias" VALUES ( 18689, 100, TRUE, TRUE, '1701', 16510, 12760 );
INSERT INTO "dias_line_groups" VALUES ( 18689, 40 );
INSERT INTO "times" VALUES ( 18689, 12760, '17:02:00', NULL, NULL );
INSERT INTO "times" VALUES ( 18689, 16510, NULL, '17:00:00', 90 );

INSERT INTO "dias" VALUES ( 18690, 100, TRUE, TRUE, '1702', 12760, 16510 );
INSERT INTO "dias_line_groups" VALUES ( 18690, 40 );
INSERT INTO "times" VALUES ( 18690, 12760, NULL, '17:15:00', 90 );
INSERT INTO "times" VALUES ( 18690, 16510, '17:17:00', NULL, NULL );

INSERT INTO "dias" VALUES ( 18691, 100, TRUE, TRUE, '1703', 16510, 12760 );
INSERT INTO "dias_line_groups" VALUES ( 18691, 40 );
INSERT INTO "times" VALUES ( 18691, 12760, '17:17:00', NULL, NULL );
INSERT INTO "times" VALUES ( 18691, 16510, NULL, '17:15:00', 90 );

INSERT INTO "dias" VALUES ( 18692, 100, TRUE, TRUE, '1704', 12760, 16510 );
INSERT INTO "dias_line_groups" VALUES ( 18692, 40 );
INSERT INTO "times" VALUES ( 18692, 12760, NULL, '17:30:00', 90 );
INSERT INTO "times" VALUES ( 18692, 16510, '17:32:00', NULL, NULL );

INSERT INTO "dias" VALUES ( 18693, 100, TRUE, TRUE, '1705', 16510, 12760 );
INSERT INTO "dias_line_groups" VALUES ( 18693, 40 );
INSERT INTO "times" VALUES ( 18693, 12760, '17:32:00', NULL, NULL );
INSERT INTO "times" VALUES ( 18693, 16510, NULL, '17:30:00', 90 );

INSERT INTO "dias" VALUES ( 18694, 100, TRUE, TRUE, '1706', 12760, 16510 );
INSERT INTO "dias_line_groups" VALUES ( 18694, 40 );
INSERT INTO "times" VALUES ( 18694, 12760, NULL, '17:45:00', 90 );
INSERT INTO "times" VALUES ( 18694, 16510, '17:47:00', NULL, NULL );

INSERT INTO "dias" VALUES ( 18695, 100, TRUE, TRUE, '1707', 16510, 12760 );
INSERT INTO "dias_line_groups" VALUES ( 18695, 40 );
INSERT INTO "times" VALUES ( 18695, 12760, '17:47:00', NULL, NULL );
INSERT INTO "times" VALUES ( 18695, 16510, NULL, '17:45:00', 90 );

INSERT INTO "dias" VALUES ( 18696, 100, TRUE, TRUE, '1800', 12760, 16510 );
INSERT INTO "dias_line_groups" VALUES ( 18696, 40 );
INSERT INTO "times" VALUES ( 18696, 12760, NULL, '18:00:00', 90 );
INSERT INTO "times" VALUES ( 18696, 16510, '18:02:00', NULL, NULL );

INSERT INTO "dias" VALUES ( 18697, 100, TRUE, TRUE, '1801', 16510, 12760 );
INSERT INTO "dias_line_groups" VALUES ( 18697, 40 );
INSERT INTO "times" VALUES ( 18697, 12760, '18:02:00', NULL, NULL );
INSERT INTO "times" VALUES ( 18697, 16510, NULL, '18:00:00', 90 );

INSERT INTO "dias" VALUES ( 18698, 100, TRUE, TRUE, '1802', 12760, 16510 );
INSERT INTO "dias_line_groups" VALUES ( 18698, 40 );
INSERT INTO "times" VALUES ( 18698, 12760, NULL, '18:15:00', 90 );
INSERT INTO "times" VALUES ( 18698, 16510, '18:17:00', NULL, NULL );

INSERT INTO "dias" VALUES ( 18699, 100, TRUE, TRUE, '1803', 16510, 12760 );
INSERT INTO "dias_line_groups" VALUES ( 18699, 40 );
INSERT INTO "times" VALUES ( 18699, 12760, '18:17:00', NULL, NULL );
INSERT INTO "times" VALUES ( 18699, 16510, NULL, '18:15:00', 90 );

INSERT INTO "dias" VALUES ( 18700, 100, TRUE, TRUE, '1804', 12760, 16510 );
INSERT INTO "dias_line_groups" VALUES ( 18700, 40 );
INSERT INTO "times" VALUES ( 18700, 12760, NULL, '18:30:00', 90 );
INSERT INTO "times" VALUES ( 18700, 16510, '18:32:00', NULL, NULL );

INSERT INTO "dias" VALUES ( 18701, 100, TRUE, TRUE, '1805', 16510, 12760 );
INSERT INTO "dias_line_groups" VALUES ( 18701, 40 );
INSERT INTO "times" VALUES ( 18701, 12760, '18:32:00', NULL, NULL );
INSERT INTO "times" VALUES ( 18701, 16510, NULL, '18:30:00', 90 );

INSERT INTO "dias" VALUES ( 18702, 100, TRUE, TRUE, '1806', 12760, 16510 );
INSERT INTO "dias_line_groups" VALUES ( 18702, 40 );
INSERT INTO "times" VALUES ( 18702, 12760, NULL, '18:45:00', 90 );
INSERT INTO "times" VALUES ( 18702, 16510, '18:47:00', NULL, NULL );

INSERT INTO "dias" VALUES ( 18703, 100, TRUE, TRUE, '1807', 16510, 12760 );
INSERT INTO "dias_line_groups" VALUES ( 18703, 40 );
INSERT INTO "times" VALUES ( 18703, 12760, '18:47:00', NULL, NULL );
INSERT INTO "times" VALUES ( 18703, 16510, NULL, '18:45:00', 90 );

COMMIT;
